/**
 * generated by fontconvert.py
 * name: libron_14_italic
 * size: 14
 * mode: 2-bit  compressed: true
 * Command used: fontconvert.py libron_14_italic 14 ../builtinFonts/source/Libron/Libron-Italic.ttf --2bit --compress --pnum --zopfli
 */
#pragma once
#include "EpdFontData.h"

static const uint8_t libron_14_italicBitmaps[20335] = {
    0x9D, 0x99, 0x3F, 0xAC, 0xDD, 0xC8, 0x75, 0xC6, 0x7F, 0xE4, 0x2C, 0x34, 0x89, 0x19, 0x6B, 0x5C,
    0x18, 0x81, 0x6D, 0x59, 0xE2, 0x16, 0x5B, 0x18, 0xB1, 0x9E, 0x18, 0x04, 0x0B, 0x58, 0x01, 0xEE,
    0xBB, 0xA4, 0xBD, 0x85, 0xBB, 0xD8, 0x7D, 0x13, 0xF7, 0x09, 0xAC, 0x05, 0xB2, 0x85, 0x02, 0xBC,
    0xF7, 0x38, 0x6B, 0x17, 0x29, 0x5C, 0xF8, 0xF5, 0x29, 0xE2, 0x2E, 0x71, 0x93, 0xA8, 0x10, 0x62,
    0x21, 0x79, 0xEF, 0xDD, 0xD1, 0x6E, 0xB1, 0x85, 0x0B, 0x8F, 0x9D, 0xC2, 0x01, 0x12, 0x24, 0x8C,
    0x23, 0xC0, 0x8D, 0x81, 0x9D, 0x78, 0x09, 0x9B, 0x8A, 0x78, 0x39, 0xB9, 0xE7, 0x40, 0x21, 0xAC,
    0xFD, 0x17, 0x20, 0xEF, 0xCE, 0x7C, 0x47, 0x00, 0x67, 0xCE, 0x77, 0xCE, 0x37, 0x87, 0x87, 0x57,
    0xBC, 0x54, 0x11, 0x77, 0x18, 0x81, 0xDA, 0xD3, 0x74, 0xB4, 0xB0, 0x85, 0x13, 0xB8, 0x80, 0x11,
    0x92, 0x8C, 0x22, 0x52, 0x06, 0x8A, 0x0E, 0x00, 0xA8, 0x3B, 0x5A, 0x4F, 0xEF, 0xD9, 0x82, 0x7B,
    0x7B, 0x70, 0x7F, 0x11, 0xEB, 0x2A, 0xD4, 0xCE, 0x1F, 0x39, 0x36, 0xD7, 0xB9, 0x7B, 0x13, 0x30,
    0xFE, 0x01, 0x58, 0x06, 0x70, 0x65, 0x80, 0x9B, 0xC6, 0xC3, 0xC6, 0x02, 0x6F, 0x38, 0xE0, 0xC1,
    0x4D, 0xC8, 0x39, 0x8F, 0xC5, 0x01, 0x12, 0xBA, 0xB6, 0x62, 0x80, 0xEB, 0xB2, 0xF6, 0xB6, 0xE9,
    0x68, 0x73, 0x5E, 0x04, 0xF6, 0x90, 0x6E, 0x43, 0x11, 0xEF, 0x82, 0x09, 0xE2, 0xF2, 0x85, 0x65,
    0x80, 0xF9, 0x23, 0xC0, 0x7E, 0x1E, 0xA8, 0x16, 0x60, 0x97, 0x23, 0x76, 0xA8, 0x13, 0x35, 0x66,
    0x60, 0x0B, 0x9E, 0x63, 0x80, 0x33, 0x80, 0xB6, 0x13, 0x18, 0x81, 0x3A, 0x03, 0x26, 0x0F, 0xC0,
    0xBD, 0x11, 0x30, 0x33, 0xC0, 0x6F, 0xC2, 0x6F, 0xC1, 0x48, 0x4B, 0x99, 0x68, 0x63, 0x1D, 0xA8,
    0xF3, 0x02, 0xA5, 0x6E, 0x78, 0x10, 0x80, 0x9F, 0x09, 0x7C, 0xB9, 0x03, 0x80, 0xCA, 0xD3, 0x44,
    0x6E, 0x51, 0xE4, 0xC4, 0x09, 0x76, 0x98, 0x48, 0x38, 0xFF, 0xC8, 0x04, 0x6A, 0x1E, 0xB9, 0x8E,
    0x2D, 0xE3, 0x11, 0x1C, 0x17, 0xE9, 0x11, 0x6C, 0xCC, 0x7F, 0x0C, 0xB0, 0x75, 0xEF, 0x04, 0x68,
    0xB2, 0x2B, 0xF7, 0x54, 0xD3, 0xA6, 0xCE, 0x1D, 0xA4, 0xB3, 0xCA, 0x63, 0xE2, 0x64, 0x03, 0xD5,
    0x97, 0xD3, 0x01, 0xEF, 0x94, 0x43, 0xE5, 0xB9, 0x6F, 0xA2, 0xEB, 0x8A, 0x64, 0x62, 0x8B, 0x09,
    0x66, 0xB8, 0xC0, 0x51, 0xE4, 0x91, 0x0D, 0xF4, 0x1E, 0x8A, 0x5D, 0x04, 0xAA, 0x3C, 0x01, 0xB5,
    0xBF, 0x00, 0x1A, 0x4D, 0x78, 0xAB, 0xD8, 0x72, 0x02, 0x34, 0x85, 0xA6, 0xFC, 0x97, 0x11, 0x70,
    0x4B, 0x95, 0x03, 0x4D, 0xBA, 0xB6, 0xA7, 0x7C, 0x36, 0x4A, 0x9C, 0x8F, 0xE7, 0x72, 0xA0, 0x65,
    0x6F, 0x02, 0xA7, 0xF4, 0xB6, 0xE3, 0x82, 0xE6, 0xBB, 0x1C, 0xD0, 0xFD, 0x02, 0x2E, 0xA9, 0x46,
    0x38, 0xC3, 0x24, 0x68, 0x7D, 0x3D, 0x8B, 0x72, 0x73, 0x8E, 0x94, 0xF9, 0xBC, 0x1F, 0x70, 0xC1,
    0xF9, 0x9A, 0x9A, 0x23, 0x36, 0xDC, 0x05, 0x40, 0x4C, 0xC2, 0x04, 0x1C, 0x1C, 0xC3, 0x24, 0xFA,
    0xD9, 0x80, 0xF3, 0xD4, 0x1D, 0x0D, 0x6C, 0xE1, 0x14, 0x4E, 0x74, 0x5C, 0x28, 0xEA, 0x60, 0xA3,
    0xE3, 0x26, 0x38, 0xA8, 0xA0, 0x00, 0x00, 0xD3, 0x89, 0xAB, 0x32, 0x52, 0x0C, 0x90, 0x74, 0x8C,
    0x3A, 0x26, 0x45, 0x1D, 0x45, 0xC2, 0x1C, 0x46, 0xA4, 0x0A, 0x38, 0xE5, 0x38, 0x81, 0x11, 0x13,
    0x71, 0x1D, 0xC7, 0xF0, 0x10, 0x00, 0x80, 0x57, 0xE1, 0x75, 0x1E, 0x3E, 0xA0, 0x4D, 0xB8, 0x1C,
    0xED, 0xE2, 0xEB, 0xC4, 0xE6, 0x0D, 0x5E, 0xBE, 0x0B, 0x5F, 0x00, 0xC0, 0x76, 0x54, 0xE0, 0x34,
    0x8E, 0xDB, 0xEC, 0xF2, 0x22, 0xF5, 0xF7, 0x06, 0x3C, 0x50, 0x66, 0xBD, 0x05, 0x78, 0x54, 0xEE,
    0xCB, 0x99, 0x99, 0x47, 0x24, 0x1B, 0x6E, 0xF1, 0x0A, 0xD0, 0xE6, 0x76, 0xDF, 0xB0, 0xEB, 0x32,
    0xA7, 0x00, 0x0E, 0xE0, 0x0E, 0x68, 0x46, 0x30, 0x02, 0xE5, 0x00, 0x98, 0x00, 0x12, 0x13, 0xDC,
    0x5A, 0x2F, 0x4A, 0x70, 0x45, 0xD2, 0x8B, 0x5A, 0x46, 0x80, 0x03, 0x95, 0x0E, 0x1E, 0x01, 0xE8,
    0xC5, 0x08, 0xD8, 0xF5, 0xE2, 0x11, 0x00, 0xDC, 0x1B, 0xC0, 0xE4, 0x3D, 0xD4, 0xB1, 0x87, 0x5E,
    0x34, 0x9E, 0x71, 0xA1, 0x1C, 0x0F, 0x60, 0xD2, 0x01, 0x2A, 0x3D, 0xA0, 0x70, 0x80, 0x5A, 0xA0,
    0xF1, 0xD4, 0xBE, 0xE9, 0x68, 0xBA, 0x16, 0x5A, 0x5A, 0x38, 0x13, 0x98, 0x69, 0x29, 0x26, 0x5A,
    0x4C, 0xA2, 0xE9, 0x9C, 0xF4, 0x82, 0xBE, 0xC3, 0x8A, 0x63, 0xB4, 0xB6, 0x68, 0x28, 0x17, 0x9A,
    0x7D, 0x91, 0x67, 0x86, 0x89, 0x62, 0xC4, 0xA8, 0xE4, 0x76, 0xD0, 0xCE, 0xF1, 0xFC, 0x70, 0x69,
    0x41, 0x5D, 0x72, 0x09, 0x33, 0x4C, 0xDC, 0x58, 0xBA, 0x9C, 0x03, 0xC5, 0xEE, 0x9C, 0x2A, 0x8F,
    0xB4, 0x79, 0xE6, 0xB4, 0x58, 0x18, 0xD9, 0x15, 0x03, 0xBD, 0x09, 0x9C, 0x15, 0x52, 0x6B, 0x30,
    0x41, 0x99, 0xA0, 0x0A, 0xD0, 0x00, 0x17, 0xAA, 0x97, 0x78, 0x55, 0x19, 0x12, 0x2A, 0x4E, 0x9D,
    0x73, 0x6A, 0x73, 0x1E, 0x76, 0xE2, 0xB3, 0xCC, 0x1E, 0x97, 0x13, 0xC7, 0x66, 0x22, 0x31, 0x13,
    0x99, 0xF1, 0x4C, 0xA8, 0x96, 0x36, 0x6A, 0x18, 0x26, 0x77, 0x87, 0x19, 0xA1, 0x12, 0x0F, 0x2F,
    0xCC, 0x2F, 0x50, 0xC5, 0x33, 0xEA, 0xD0, 0xFB, 0x1D, 0x6D, 0x9E, 0xA8, 0xB2, 0x07, 0xD8, 0x01,
    0x65, 0x06, 0xEC, 0x02, 0xD4, 0x7B, 0xE0, 0x74, 0x86, 0x62, 0x9C, 0xC1, 0xFC, 0x78, 0x02, 0xF7,
    0xAD, 0x11, 0xB6, 0xE2, 0x63, 0x52, 0x09, 0xAC, 0x08, 0x5C, 0x45, 0xDA, 0x83, 0x91, 0x66, 0x95,
    0x7D, 0x7F, 0x00, 0xA0, 0x05, 0xD8, 0x82, 0x8A, 0x01, 0x33, 0x70, 0x23, 0x77, 0xD0, 0xE7, 0x01,
    0xB4, 0x45, 0x91, 0x35, 0x0D, 0x89, 0x51, 0x4F, 0xBE, 0x5B, 0x0F, 0x77, 0xED, 0x53, 0xFD, 0x04,
    0xDC, 0xCB, 0xFA, 0xCF, 0x08, 0x9A, 0x07, 0x46, 0xA0, 0x58, 0xA1, 0x4C, 0x7C, 0x06, 0x33, 0xD0,
    0x8A, 0x7A, 0x6D, 0xE8, 0xA1, 0xC9, 0x33, 0xD8, 0x7C, 0x0E, 0xC0, 0x67, 0xE1, 0xDA, 0x02, 0xFD,
    0x39, 0x66, 0x82, 0x3A, 0xA8, 0x30, 0xC5, 0x04, 0x46, 0xF5, 0x06, 0xF7, 0x78, 0xE9, 0xEA, 0x3F,
    0xCE, 0xB1, 0x79, 0xC3, 0xA5, 0xD6, 0x9B, 0xD4, 0x62, 0xC6, 0x2D, 0x65, 0xDA, 0x62, 0x74, 0xB6,
    0x54, 0xB1, 0xA1, 0x0E, 0x07, 0xAD, 0xA8, 0xF2, 0xAC, 0x87, 0x69, 0x25, 0xC7, 0x4A, 0xC0, 0xC9,
    0xFD, 0x51, 0x77, 0x9C, 0x70, 0x07, 0x46, 0x36, 0x94, 0x03, 0xAF, 0x62, 0xD7, 0x3A, 0x6F, 0x01,
    0x4E, 0x00, 0x26, 0x50, 0x4E, 0xAA, 0x08, 0x7A, 0xB4, 0xB4, 0xAC, 0xF2, 0xAC, 0x17, 0x07, 0xD0,
    0x28, 0x51, 0x01, 0xF4, 0x98, 0x9B, 0x3C, 0x72, 0x55, 0xCC, 0x8C, 0x9C, 0x96, 0x89, 0xED, 0x61,
    0x1E, 0x1F, 0xE6, 0x49, 0x39, 0x33, 0x92, 0xBF, 0x1A, 0xE9, 0xF7, 0xD0, 0xEC, 0x31, 0x3F, 0xC9,
    0x5D, 0x4D, 0x13, 0x8E, 0x71, 0xF1, 0x02, 0x3B, 0xCC, 0x98, 0xC3, 0xB4, 0xF1, 0x02, 0x17, 0xFA,
    0xAE, 0xEF, 0x9A, 0xBC, 0xA7, 0xCC, 0x11, 0x3D, 0xDB, 0x36, 0x47, 0xF6, 0x36, 0x99, 0xC4, 0x64,
    0x23, 0xB3, 0x0B, 0x5C, 0xBC, 0x30, 0x63, 0x39, 0x57, 0xE3, 0x27, 0x66, 0x93, 0xC7, 0x91, 0xDD,
    0xB7, 0x12, 0xA2, 0xB0, 0xCA, 0x55, 0x77, 0xAB, 0x82, 0x75, 0xA4, 0x58, 0x60, 0x37, 0xC0, 0xF7,
    0x01, 0x2E, 0x8A, 0xA5, 0xDC, 0x33, 0xF1, 0xC2, 0x5F, 0xC3, 0xA1, 0xC4, 0xBA, 0x2D, 0xD8, 0x88,
    0x1B, 0xA8, 0x07, 0x4D, 0xFD, 0x03, 0x7F, 0x5F, 0xC7, 0x8C, 0xD8, 0x49, 0xB0, 0x48, 0x22, 0xA2,
    0xF5, 0xA2, 0xE8, 0xDA, 0xB9, 0x3E, 0x0D, 0xC5, 0x08, 0xCD, 0x80, 0xDD, 0xC3, 0xEE, 0x9C, 0x1B,
    0x13, 0xB4, 0x1A, 0x0B, 0xE2, 0x57, 0x23, 0x91, 0x88, 0x28, 0x67, 0xE0, 0x36, 0x80, 0x1C, 0x4E,
    0x3C, 0xCC, 0xF0, 0x7E, 0xB2, 0x3E, 0x67, 0x69, 0x6D, 0xE0, 0x51, 0xAF, 0xEC, 0x3A, 0x50, 0xE5,
    0xD5, 0xC9, 0x00, 0x65, 0x52, 0x5B, 0x2E, 0x70, 0x2F, 0x52, 0x3D, 0x85, 0xDE, 0xB3, 0x46, 0x63,
    0x9F, 0x1F, 0x4A, 0xDB, 0x5D, 0xF2, 0x19, 0x1A, 0xF4, 0xAC, 0xD7, 0xD9, 0x40, 0x71, 0x45, 0x21,
    0xA5, 0x92, 0xCF, 0x29, 0x03, 0x18, 0x99, 0x2F, 0x64, 0xAD, 0x3A, 0xAA, 0xCF, 0xBE, 0x83, 0x2D,
    0x00, 0xD7, 0x76, 0x4F, 0x41, 0x83, 0x8B, 0x60, 0xF6, 0x58, 0x91, 0xD8, 0xC3, 0xA9, 0x0E, 0x6A,
    0x8A, 0x51, 0x99, 0x4C, 0x2C, 0xA6, 0x13, 0xEB, 0x2B, 0xEF, 0x96, 0x0B, 0x13, 0x1C, 0xED, 0x5B,
    0x93, 0x09, 0xB7, 0xE8, 0x8B, 0xD1, 0x84, 0x23, 0xE6, 0x32, 0x99, 0xB0, 0x29, 0x27, 0x93, 0x8C,
    0xDF, 0xC8, 0xFD, 0x69, 0xBB, 0xFB, 0x26, 0xB9, 0xE8, 0xB8, 0x6F, 0x87, 0x2F, 0x86, 0x5A, 0xCC,
    0x5F, 0x87, 0x63, 0x4E, 0xEC, 0xB3, 0x77, 0x1E, 0x4F, 0x6C, 0x4C, 0x7E, 0x2D, 0x0F, 0x1C, 0xB3,
    0x2F, 0x96, 0x8E, 0x06, 0x40, 0x59, 0x41, 0x15, 0xC1, 0x42, 0xB9, 0x74, 0xD7, 0x16, 0x34, 0xB0,
    0x41, 0xC2, 0xCC, 0x1A, 0x26, 0xB8, 0x04, 0xD0, 0x28, 0xB6, 0x8A, 0xFF, 0x28, 0x58, 0xBC, 0x27,
    0x68, 0x7E, 0x32, 0x02, 0xD5, 0x5B, 0x82, 0xEE, 0x2B, 0x82, 0x77, 0x4A, 0xC1, 0x93, 0x62, 0x02,
    0x46, 0xC1, 0x32, 0x09, 0x9A, 0x9C, 0x67, 0xA8, 0x14, 0x6B, 0x98, 0xE1, 0x58, 0xF1, 0x42, 0x71,
    0x14, 0x2C, 0x07, 0xD8, 0xD3, 0x4C, 0x07, 0x6A, 0xBF, 0xDB, 0xD3, 0xE4, 0x80, 0xD3, 0x58, 0xAC,
    0xEE, 0x62, 0xE6, 0x0A, 0xED, 0xDF, 0x50, 0x8E, 0x82, 0x26, 0xA1, 0x88, 0x94, 0xDD, 0xC0, 0x0C,
    0x2E, 0x96, 0x23, 0xB2, 0xCB, 0x43, 0xAD, 0xD8, 0x74, 0x55, 0x02, 0xB9, 0xD9, 0x05, 0xE5, 0xEA,
    0x99, 0xE2, 0x25, 0x46, 0x49, 0x4D, 0xA2, 0x98, 0x71, 0x03, 0xE5, 0x44, 0x1F, 0x64, 0x53, 0x56,
    0x09, 0x9E, 0x00, 0xFC, 0x49, 0x3E, 0x57, 0x72, 0xDA, 0x27, 0xC5, 0xCC, 0x02, 0x17, 0xB2, 0xE9,
    0x51, 0x15, 0xE1, 0x7E, 0x1D, 0xE0, 0xF5, 0x66, 0xBD, 0xF7, 0x7B, 0x80, 0x2B, 0x80, 0xCB, 0x15,
    0xAE, 0x56, 0xE8, 0xD7, 0x56, 0xD7, 0x04, 0x0A, 0xDC, 0xC4, 0x29, 0xA5, 0x66, 0xD5, 0xE4, 0x73,
    0x0D, 0xF8, 0x7B, 0x9A, 0xE6, 0x02, 0xCC, 0xC5, 0x2E, 0x48, 0x9A, 0x2E, 0x4A, 0xA0, 0x36, 0x61,
    0xD6, 0x31, 0x62, 0x07, 0x41, 0x17, 0x15, 0x83, 0x60, 0xED, 0xD1, 0xC7, 0x99, 0x60, 0x0B, 0xD5,
    0x20, 0xE8, 0x22, 0x67, 0x50, 0x07, 0x2E, 0x95, 0x76, 0x86, 0x45, 0xD2, 0xB4, 0x93, 0xA6, 0x39,
    0x68, 0x9A, 0x9D, 0xA4, 0x79, 0x8E, 0xB2, 0xE7, 0xC4, 0xB5, 0x03, 0x0E, 0xAA, 0x48, 0x14, 0x76,
    0x13, 0x54, 0x26, 0x30, 0x69, 0x45, 0x61, 0x47, 0x9D, 0x83, 0x1E, 0x8D, 0x8A, 0x1C, 0x40, 0x65,
    0xA0, 0x65, 0x45, 0xCE, 0x58, 0x55, 0x60, 0x06, 0x84, 0xBD, 0x4C, 0xC2, 0x5E, 0x45, 0x65, 0x0F,
    0xF4, 0x1A, 0x83, 0xB2, 0x47, 0x65, 0x0F, 0x30, 0x53, 0x69, 0xEE, 0x95, 0x17, 0xF6, 0xE2, 0x63,
    0xD8, 0x03, 0xAC, 0xEC, 0x8A, 0x1F, 0xCF, 0xAE, 0xA8, 0x09, 0x51, 0x2F, 0x00, 0xBD, 0x70, 0xB3,
    0x1E, 0xF1, 0x42, 0x1B, 0x8B, 0x3D, 0x7B, 0x38, 0x31, 0xE3, 0x01, 0xAA, 0x88, 0xEA, 0x07, 0xEB,
    0x11, 0xAB, 0xD7, 0xF5, 0x88, 0xF3, 0x70, 0x80, 0x5D, 0xB8, 0x02, 0xA7, 0xE0, 0x7B, 0xA8, 0xBB,
    0xB6, 0xA3, 0xA5, 0xD1, 0xC7, 0xE4, 0xD3, 0xE2, 0x4A, 0x8E, 0x78, 0xBF, 0x1E, 0x71, 0xB2, 0x79,
    0xA4, 0xCA, 0xE7, 0x36, 0x47, 0x98, 0xC5, 0x93, 0x86, 0x75, 0x89, 0xA8, 0xC2, 0xAC, 0x59, 0x32,
    0xA9, 0x29, 0x46, 0xCD, 0xB6, 0x4C, 0x88, 0x5C, 0x26, 0x09, 0x89, 0xA6, 0x2F, 0xCA, 0x45, 0xCD,
    0x58, 0x53, 0xEE, 0x70, 0x62, 0xD6, 0x6E, 0xDD, 0x80, 0x9E, 0x38, 0x30, 0xC3, 0xD9, 0xFB, 0x09,
    0x6E, 0x2C, 0xD8, 0xA5, 0x93, 0xD4, 0xDB, 0x1C, 0x34, 0x24, 0x89, 0x47, 0x2F, 0xE9, 0x8D, 0x3A,
    0x2A, 0xB9, 0x4E, 0x3B, 0x28, 0xB5, 0xFA, 0xAF, 0xBD, 0xAA, 0x40, 0x8B, 0x4E, 0xCE, 0x94, 0x05,
    0xDD, 0x36, 0xEB, 0x36, 0xF1, 0xAC, 0x8A, 0x8A, 0x53, 0xD9, 0x99, 0xBD, 0xBA, 0xD4, 0x8B, 0xEA,
    0x50, 0x41, 0xDD, 0xAA, 0x5F, 0x75, 0xAC, 0x9E, 0x57, 0x81, 0x57, 0x95, 0x5F, 0x78, 0x58, 0x8A,
    0x93, 0xD7, 0x65, 0xEB, 0x5C, 0x0D, 0x90, 0xF5, 0x8E, 0x9E, 0x40, 0x83, 0x77, 0xD9, 0x0B, 0x53,
    0xB5, 0x00, 0x33, 0x66, 0xD0, 0xD5, 0x75, 0xA7, 0xA4, 0xA7, 0xCA, 0x58, 0x26, 0x35, 0x55, 0x50,
    0xEA, 0x2D, 0x4A, 0xFE, 0x7C, 0xFB, 0x00, 0xA2, 0x67, 0x02, 0x68, 0x5E, 0x1B, 0x95, 0xBF, 0x98,
    0xD5, 0xB0, 0x68, 0x20, 0xF4, 0x1A, 0x0A, 0xAD, 0x57, 0x82, 0x3A, 0x80, 0xB6, 0x0A, 0x25, 0xB0,
    0xA3, 0x56, 0x92, 0x51, 0x3D, 0x3B, 0x9B, 0x3B, 0x71, 0x16, 0xA8, 0x97, 0xEE, 0x03, 0xFA, 0xBD,
    0x5F, 0xC3, 0x7E, 0xD5, 0xEF, 0x03, 0xD2, 0xDB, 0xC4, 0x71, 0x35, 0x30, 0xF7, 0x39, 0x4F, 0x7A,
    0x57, 0x9A, 0x1C, 0x20, 0x4F, 0xD8, 0x83, 0x2D, 0x24, 0xE6, 0x5D, 0xC0, 0x64, 0x20, 0x07, 0x2A,
    0xB1, 0xCF, 0x22, 0xEE, 0x0A, 0xCA, 0x7F, 0x89, 0x6C, 0x2F, 0xC1, 0xFC, 0x30, 0x72, 0x32, 0xAB,
    0x65, 0x9C, 0xA1, 0xFA, 0x6A, 0x2C, 0xD3, 0x04, 0xCE, 0x46, 0xF3, 0x78, 0x84, 0xEB, 0x36, 0x56,
    0xD2, 0xA6, 0x8F, 0xEC, 0x50, 0x0B, 0xE1, 0xC6, 0x0E, 0x1B, 0xB1, 0xF7, 0xED, 0xF0, 0x48, 0x62,
    0x7E, 0x68, 0x87, 0x24, 0x71, 0x27, 0xF3, 0xB3, 0xE8, 0x02, 0xC5, 0x60, 0x7E, 0xEE, 0x0F, 0xB6,
    0x8C, 0x26, 0x6B, 0xA7, 0x09, 0x66, 0x2F, 0xB6, 0x79, 0x62, 0xE6, 0x62, 0x37, 0x90, 0x27, 0xA3,
    0x65, 0x4D, 0x95, 0x3B, 0xA3, 0xE5, 0xE4, 0xCB, 0xEC, 0x35, 0xBA, 0x0D, 0x14, 0x07, 0x73, 0x1F,
    0xCA, 0x77, 0x23, 0x0F, 0x25, 0xA4, 0x81, 0x04, 0xE6, 0x9D, 0x24, 0xC6, 0x7E, 0x3B, 0x15, 0xA2,
    0xD1, 0x6B, 0x63, 0x19, 0xC0, 0x95, 0x93, 0x11, 0x95, 0x8A, 0xD9, 0x7A, 0x38, 0x62, 0xAE, 0x3A,
    0xD8, 0x70, 0xE9, 0x10, 0x73, 0x26, 0xE6, 0x3E, 0xED, 0x2D, 0xE0, 0x21, 0xED, 0x11, 0x90, 0x68,
    0x4E, 0xA0, 0x18, 0xA8, 0x45, 0xBD, 0x88, 0x93, 0x22, 0x9C, 0x70, 0x09, 0xFA, 0x3D, 0x55, 0x02,
    0xB8, 0xF7, 0x14, 0x2A, 0x29, 0x99, 0x36, 0xDE, 0x48, 0xEC, 0x39, 0x70, 0x8C, 0x5A, 0x48, 0x70,
    0xE9, 0x02, 0x9C, 0x35, 0xDD, 0x01, 0xB4, 0xA2, 0x7B, 0x81, 0x2B, 0xE0, 0xF2, 0x12, 0xD8, 0xEF,
    0x81, 0xF9, 0x00, 0xE5, 0x24, 0x92, 0xA6, 0x2B, 0xA8, 0x86, 0x16, 0xEA, 0xD0, 0x7A, 0x7A, 0xDC,
    0x60, 0x67, 0x8C, 0xB4, 0x3F, 0xA5, 0xC0, 0x69, 0x1B, 0xBD, 0xF6, 0xFC, 0x21, 0x55, 0x2C, 0xBF,
    0xF9, 0x90, 0xD2, 0x6A, 0x78, 0x8E, 0x60, 0xD7, 0xE6, 0x0C, 0x2E, 0x30, 0x8B, 0x4B, 0x3B, 0xEA,
    0xFD, 0x1C, 0xA1, 0xCD, 0x4F, 0xFF, 0xCF, 0x0E, 0x36, 0xBD, 0xD8, 0xC1, 0xFE, 0x1F, 0x69, 0x5E,
    0xAD, 0x69, 0x4A, 0x86, 0xC5, 0x9A, 0xA6, 0x95, 0x34, 0x5D, 0x6C, 0xA1, 0xF1, 0x4D, 0x60, 0xC1,
    0x3D, 0xBD, 0x37, 0x61, 0xC4, 0x31, 0xCB, 0xD7, 0x81, 0xBE, 0x03, 0xEA, 0x08, 0x54, 0x23, 0x50,
    0x6A, 0x10, 0x3B, 0xC1, 0x1B, 0x7B, 0x15, 0x61, 0x50, 0x11, 0x54, 0x3B, 0x76, 0xA8, 0x08, 0xDD,
    0x87, 0x8B, 0xD0, 0xAB, 0x08, 0x33, 0x38, 0x4D, 0xFF, 0xF9, 0x93, 0x3A, 0x2F, 0x40, 0xDB, 0xE9,
    0x6D, 0x42, 0x2D, 0x91, 0x23, 0xF1, 0x5F, 0x2A, 0xCE, 0xB2, 0xA3, 0xD0, 0xC7, 0x47, 0x79, 0xC0,
    0xC4, 0x8D, 0xDC, 0xD9, 0x59, 0x44, 0x28, 0x67, 0x28, 0xF2, 0x13, 0x55, 0xB1, 0xE3, 0x8A, 0xBE,
    0x2B, 0x46, 0x6A, 0xCA, 0x84, 0x13, 0xC6, 0x97, 0x04, 0xC0, 0xCC, 0xA0, 0x5F, 0xD4, 0x60, 0xB7,
    0x47, 0x38, 0x3D, 0xB0, 0x8B, 0x80, 0xD3, 0xEB, 0x89, 0xAF, 0x0B, 0x24, 0x81, 0x11, 0x33, 0x30,
    0x09, 0xEF, 0x85, 0xA4, 0xBD, 0xFB, 0x8D, 0x2E, 0x9E, 0xF3, 0x5C, 0x1F, 0x60, 0xBA, 0xC3, 0x25,
    0xE3, 0x86, 0x99, 0xF4, 0x0A, 0x33, 0xE7, 0x12, 0x1A, 0x98, 0xF1, 0x23, 0x1A, 0xDD, 0x07, 0xBA,
    0xDD, 0x0B, 0xDF, 0x18, 0xE6, 0x17, 0xFE, 0xE7, 0xA4, 0xBD, 0xB9, 0xCA, 0x23, 0x79, 0xB2, 0x39,
    0xB2, 0x1B, 0xB8, 0x84, 0xEB, 0x30, 0xC3, 0x91, 0xE2, 0x86, 0x72, 0x12, 0x14, 0xB6, 0xFB, 0x4A,
    0xF7, 0x50, 0xF9, 0x92, 0x12, 0x0E, 0x42, 0x56, 0x44, 0xC1, 0x32, 0xA0, 0xF7, 0xAC, 0x90, 0x5A,
    0x4F, 0x0B, 0x55, 0x27, 0xE8, 0x10, 0x3C, 0x82, 0xC6, 0x73, 0x02, 0xF5, 0x93, 0x6B, 0x09, 0xAC,
    0x1E, 0x02, 0xFD, 0x53, 0x10, 0x55, 0x5D, 0x0E, 0xFD, 0x42, 0xB5, 0x74, 0xD5, 0x40, 0x91, 0x38,
    0xA0, 0x89, 0xC2, 0x62, 0x83, 0xA0, 0xEB, 0xB0, 0x89, 0x3B, 0x9A, 0xEC, 0x46, 0xF1, 0xA1, 0x60,
    0x91, 0x04, 0x4D, 0x14, 0xB4, 0x5E, 0xD0, 0x01, 0xE5, 0x78, 0x47, 0x71, 0xA3, 0xF8, 0x10, 0x28,
    0xC6, 0x24, 0xF8, 0x2C, 0x08, 0x2A, 0x2D, 0x19, 0x80, 0x3D, 0x88, 0x00, 0xBE, 0x0E, 0x2E, 0xFB,
    0x76, 0xA1, 0x0D, 0xD5, 0x22, 0x4C, 0x7D, 0x28, 0x92, 0xF0, 0xE6, 0x60, 0x22, 0xD5, 0x50, 0x1E,
    0x6C, 0x38, 0x58, 0xF3, 0xEF, 0xA1, 0xEA, 0xA8, 0x62, 0xF5, 0xDD, 0xE0, 0xC0, 0x45, 0xE7, 0xC2,
    0x11, 0xB8, 0x70, 0xEC, 0xC2, 0x46, 0xEC, 0x89, 0x0B, 0x8F, 0xC4, 0x8E, 0x2E, 0x24, 0x70, 0x8F,
    0x93, 0x7B, 0x3C, 0x40, 0xFD, 0x76, 0x70, 0x6F, 0x07, 0xA8, 0xBF, 0xE3, 0xDD, 0x3B, 0x1E, 0xEA,
    0xEF, 0x52, 0xFF, 0x08, 0x68, 0xFE, 0x96, 0xFA, 0xDF, 0xC4, 0x5E, 0x50, 0xCF, 0x62, 0x47, 0xED,
    0x2E, 0xB4, 0x89, 0x7A, 0x14, 0x1B, 0xA9, 0x93, 0x58, 0x4F, 0x1D, 0x41, 0x24, 0x1B, 0x8D, 0x7E,
    0x73, 0x1A, 0xB4, 0xE9, 0xF5, 0xF0, 0x48, 0x2B, 0xB8, 0x1C, 0x80, 0x3A, 0x54, 0x1E, 0x09, 0xEA,
    0x0E, 0x40, 0x95, 0xE4, 0x12, 0xE6, 0x97, 0x03, 0x80, 0x2E, 0x87, 0x62, 0x61, 0x35, 0xE2, 0x0D,
    0x80, 0xBA, 0xED, 0x00, 0x4E, 0x1A, 0x15, 0x27, 0xB9, 0x08, 0xD8, 0x50, 0x25, 0xA0, 0xC6, 0x88,
    0x39, 0xC1, 0x4C, 0x72, 0x49, 0x7B, 0x42, 0xA3, 0xFF, 0xA7, 0xA7, 0xD7, 0xEF, 0xCB, 0xF4, 0xF9,
    0x60, 0xBA, 0x66, 0xA1, 0xDE, 0x8B, 0x6C, 0x26, 0xCA, 0x0E, 0xE7, 0x29, 0x47, 0xEE, 0x20, 0xEB,
    0x2F, 0xB4, 0x45, 0x25, 0xE0, 0xD2, 0x04, 0xA0, 0x77, 0x00, 0xED, 0x31, 0xA8, 0x2B, 0xA0, 0x1E,
    0x60, 0xFD, 0x7E, 0xE5, 0xE1, 0xE3, 0xBF, 0xDD, 0x29, 0x39, 0x34, 0x39, 0x82, 0xB6, 0xA1, 0x1C,
    0x70, 0x07, 0xF4, 0xB8, 0x8E, 0x0C, 0x0D, 0x46, 0x2B, 0x56, 0xE2, 0xBF, 0x8B, 0xE6, 0xC4, 0xAE,
    0x03, 0x8A, 0x3D, 0x80, 0x1D, 0x01, 0xDC, 0x80, 0xCA, 0x0A, 0xB0, 0x00, 0xBA, 0x07, 0xDD, 0x83,
    0xEC, 0xE9, 0x60, 0x47, 0x11, 0x65, 0x8F, 0x09, 0xB2, 0xC7, 0xE9, 0x09, 0xD4, 0xE8, 0xBB, 0x53,
    0xE8, 0xB5, 0xEB, 0x40, 0x4E, 0x94, 0x39, 0xA9, 0x48, 0x26, 0x8A, 0x6A, 0x50, 0x05, 0x64, 0xB5,
    0x44, 0x43, 0x0D, 0xB4, 0xC0, 0xB1, 0x6A, 0x88, 0x6A, 0x31, 0x01, 0xA3, 0x8A, 0x49, 0x39, 0x7C,
    0xF4, 0xB6, 0x66, 0x81, 0x76, 0x0F, 0x6F, 0x70, 0x9F, 0xBB, 0xDC, 0x65, 0x83, 0x7E, 0xB8, 0xCD,
    0x11, 0x37, 0x0F, 0x9F, 0x5B, 0x5C, 0xE7, 0x3A, 0x4E, 0x3F, 0x95, 0x7C, 0x3A, 0x0A, 0x8D, 0xE6,
    0x63, 0x7C, 0x6E, 0x3F, 0x3A, 0x14, 0xF3, 0x11, 0xDB, 0x1A, 0xDD, 0xA6, 0x91, 0xB4, 0x33, 0xC0,
    0x7D, 0x60, 0x56, 0xBD, 0xA8, 0xFE, 0x14, 0x6E, 0x7D, 0x1E, 0x36, 0x37, 0x21, 0x5D, 0xA7, 0x8C,
    0xD7, 0x31, 0x5E, 0xE3, 0xE1, 0x88, 0x4A, 0x94, 0x3A, 0xCC, 0x85, 0x99, 0x53, 0xEE, 0xE0, 0xB0,
    0x50, 0x2C, 0x55, 0x87, 0xCB, 0x3F, 0x82, 0xF6, 0xCD, 0x0C, 0x7B, 0xCE, 0x30, 0xA3, 0xBE, 0xD4,
    0x65, 0xC6, 0x05, 0x26, 0x6A, 0x2F, 0xED, 0x5B, 0xFB, 0x36, 0xD7, 0x07, 0xCE, 0xF8, 0xBD, 0xC8,
    0x29, 0x7F, 0x16, 0x38, 0x2D, 0xDE, 0x79, 0x1C, 0xFA, 0xEA, 0x6B, 0x7F, 0xD5, 0xB5, 0x7B, 0x37,
    0x53, 0x0D, 0x2E, 0x42, 0x01, 0xD7, 0x76, 0xE0, 0x16, 0x28, 0xE6, 0x0F, 0xD3, 0xF7, 0x9E, 0x37,
    0x3F, 0xC9, 0x83, 0xFD, 0xA1, 0x4D, 0xD5, 0xDF, 0x98, 0xE4, 0x1E, 0x94, 0xA3, 0x0B, 0x65, 0xAA,
    0xBD, 0x49, 0x0D, 0x26, 0xB5, 0xD8, 0xE1, 0x58, 0x6E, 0x5A, 0x7D, 0xB9, 0xDB, 0x72, 0xCA, 0x25,
    0xBD, 0x1D, 0xB5, 0xB6, 0xEC, 0x1E, 0xA8, 0x26, 0xD8, 0x65, 0xCC, 0xD8, 0xFB, 0x2A, 0xD4, 0x5D,
    0xDD, 0x7D, 0x82, 0x16, 0x38, 0x05, 0xB4, 0xAC, 0x5F, 0x98, 0x9F, 0x67, 0xE6, 0x55, 0xFA, 0x62,
    0x90, 0x76, 0x42, 0xB5, 0x07, 0x80, 0x4F, 0x01, 0x5F, 0x4C, 0x40, 0xBF, 0xF6, 0x67, 0x13, 0x00,
    0x2B, 0x50, 0x79, 0x54, 0xE6, 0x62, 0xA9, 0xC1, 0xE5, 0xBF, 0x13, 0x5D, 0x16, 0xD8, 0x73, 0xFA,
    0xB1, 0xBA, 0x24, 0xCE, 0xF8, 0xDC, 0x20, 0xBA, 0x88, 0x38, 0xEF, 0x04, 0x7A, 0xFB, 0xB5, 0xC0,
    0xFF, 0xEA, 0x32, 0xC3, 0x1A, 0x77, 0xD3, 0x55, 0xF2, 0x16, 0xB9, 0x73, 0xBE, 0xA5, 0xEE, 0xCE,
    0x8A, 0xCC, 0xD5, 0xEE, 0x09, 0xF9, 0xC9, 0x87, 0xC5, 0x9D, 0xF4, 0x39, 0xA0, 0x71, 0x43, 0xB1,
    0xD3, 0xD0, 0x72, 0x02, 0xB6, 0x46, 0x70, 0x12, 0x45, 0x65, 0x82, 0x51, 0x34, 0x83, 0x40, 0xCE,
    0x01, 0x45, 0xA0, 0x12, 0xC0, 0x29, 0x3A, 0xAF, 0xD8, 0x01, 0xD4, 0x8A, 0x0D, 0x2B, 0xB2, 0x5D,
    0x11, 0x8E, 0x15, 0x4F, 0x14, 0x2F, 0x56, 0x84, 0x49, 0x51, 0xA9, 0x0A, 0xC5, 0x72, 0x00, 0x3E,
    0xAD, 0xEA, 0x5D, 0x58, 0x0F, 0x5C, 0xD6, 0x00, 0xBB, 0x59, 0xFD, 0x46, 0x00, 0x49, 0x7B, 0xC4,
    0xE6, 0x9C, 0xA8, 0xDF, 0xFC, 0xEF, 0xC8, 0x96, 0x49, 0xDC, 0xCD, 0x30, 0x31, 0x09, 0x8C, 0x30,
    0x96, 0x09, 0x26, 0x89, 0x7E, 0xAE, 0x03, 0xF4, 0x19, 0xA8, 0x47, 0x40, 0xF3, 0x89, 0x02, 0x4F,
    0x81, 0x32, 0x0B, 0xEE, 0x72, 0xA4, 0xEA, 0xEE, 0x25, 0x36, 0x94, 0x23, 0x17, 0x30, 0x1D, 0xA0,
    0x18, 0xE9, 0xBB, 0x2A, 0xD1, 0x48, 0xD7, 0xB9, 0xA6, 0xEB, 0x3E, 0x17, 0xA1, 0x54, 0x11, 0x54,
    0x38, 0xCD, 0xB8, 0x59, 0x73, 0x3C, 0xD6, 0x0C, 0xED, 0x04, 0x8F, 0x9A, 0x3D, 0x8C, 0xE3, 0x19,
    0xFC, 0xD2, 0x6F, 0x29, 0x7E, 0xCE, 0x29, 0xE5, 0xBF, 0x32, 0x63, 0xFE, 0x99, 0x19, 0x7B, 0xA8,
    0x4F, 0xAA, 0x41, 0xDF, 0x2F, 0x3F, 0x7F, 0xFD, 0x49, 0xED, 0x9D, 0x3C, 0x4D, 0xEB, 0x6F, 0xFB,
    0x96, 0x66, 0xC7, 0x96, 0x76, 0xE2, 0x54, 0x3B, 0x57, 0x39, 0x61, 0x66, 0xEC, 0x2C, 0x81, 0xAD,
    0x7F, 0x4D, 0x57, 0x66, 0xEF, 0x72, 0x77, 0xDC, 0xF0, 0xA9, 0x2D, 0x9C, 0xA2, 0x31, 0x4B, 0xC4,
    0x65, 0xC2, 0x0C, 0xD8, 0x88, 0x7B, 0x2B, 0x1C, 0x16, 0xD4, 0x33, 0xF5, 0xF9, 0xDA, 0x6B, 0x35,
    0x68, 0x85, 0x2D, 0x1F, 0xF8, 0x13, 0xBD, 0x68, 0x46, 0x20, 0x27, 0x30, 0xFF, 0x29, 0x20, 0xF2,
    0x89, 0x33, 0x3D, 0x74, 0x70, 0x0A, 0x1F, 0x99, 0xF9, 0x7A, 0xA8, 0x13, 0xC0, 0xA8, 0x3E, 0xD7,
    0x57, 0xEF, 0x01, 0xBE, 0x50, 0x01, 0x67, 0x47, 0x40, 0x3F, 0x02, 0x8D, 0xE7, 0x45, 0x49, 0x05,
    0xEA, 0xD5, 0x7B, 0xBB, 0x7A, 0x3F, 0xA5, 0x87, 0x8B, 0x32, 0x7B, 0x66, 0x77, 0x80, 0xE9, 0xB8,
    0xEE, 0x8A, 0x51, 0x5A, 0xD1, 0x7B, 0x01, 0xCC, 0x33, 0xC0, 0x64, 0xA0, 0x7A, 0xD7, 0x83, 0xFB,
    0x51, 0x00, 0xF7, 0x9D, 0x08, 0xF5, 0x6B, 0x09, 0x9A, 0x72, 0xFC, 0x24, 0x2D, 0xF3, 0x7D, 0xB6,
    0xF4, 0x03, 0xA7, 0xAA, 0xC3, 0xEF, 0x0E, 0x45, 0x8E, 0xEC, 0xD6, 0x9F, 0x54, 0x94, 0xEB, 0x83,
    0x32, 0x3E, 0x57, 0x92, 0x6A, 0x5D, 0x68, 0xBB, 0xF6, 0x8A, 0x76, 0xA4, 0xF5, 0x14, 0xBB, 0x72,
    0xE2, 0x8A, 0x6A, 0x71, 0x7B, 0x9B, 0xFD, 0xCD, 0xE3, 0xBB, 0xC7, 0x37, 0x6B, 0xFF, 0xF2, 0xE6,
    0x7B, 0xC7, 0xBF, 0xEF, 0x3C, 0xF7, 0xC3, 0xC6, 0xD7, 0x1D, 0x3F, 0xE0, 0xD8, 0xB7, 0xF0, 0x2B,
    0xFE, 0x81, 0x16, 0x26, 0x9E, 0x72, 0x4A, 0x31, 0x23, 0x9F, 0x72, 0x2C, 0x26, 0x26, 0x4C, 0x2A,
    0xC7, 0x72, 0x3C, 0x18, 0xF9, 0x60, 0x07, 0x33, 0xD8, 0x61, 0xA8, 0xE2, 0xE1, 0xF3, 0x6E, 0x70,
    0xF2, 0x59, 0x70, 0x5E, 0x7F, 0x85, 0x28, 0x76, 0x85, 0xB0, 0x55, 0xC2, 0x75, 0xE4, 0xC2, 0xCB,
    0x9B, 0xD7, 0x5D, 0x38, 0xF0, 0x38, 0xCF, 0xDF, 0x77, 0x4D, 0xC7, 0xAF, 0x69, 0xE1, 0x29, 0x67,
    0xE2, 0xFF, 0x92, 0x72, 0x64, 0xC6, 0xA4, 0x42, 0x09, 0xD4, 0x6F, 0x7A, 0x50, 0x45, 0xFB, 0x2C,
    0x1E, 0x5C, 0x65, 0x9C, 0xAF, 0x9E, 0xC0, 0x0D, 0x6D, 0x1E, 0x9D, 0x99, 0xEA, 0x70, 0xB8, 0x14,
    0x6B, 0x6F, 0x87, 0x16, 0x33, 0x9C, 0x61, 0x87, 0x4B, 0x6C, 0x94, 0x86, 0xA4, 0x93, 0xDA, 0xCF,
    0xB4, 0x5C, 0x48, 0xD3, 0x34, 0x13, 0xDA, 0x34, 0x17, 0xC0, 0xCE, 0xD5, 0x40, 0x33, 0xF5, 0x33,
    0x6F, 0xFC, 0x57, 0xDC, 0xE3, 0x7F, 0x2D, 0xE4, 0xBF, 0x38, 0x40, 0x39, 0x1E, 0xC0, 0x24, 0x81,
    0xC8, 0x25, 0x36, 0x30, 0x53, 0x85, 0x62, 0xC6, 0x49, 0x73, 0x73, 0x9D, 0x4D, 0xCF, 0xAB, 0x3D,
    0xF6, 0x1D, 0x6D, 0x9E, 0x61, 0xDB, 0x47, 0x38, 0x5D, 0xAB, 0x67, 0x06, 0x98, 0x80, 0x42, 0x4B,
    0x48, 0xA0, 0xC9, 0x1D, 0xB4, 0x02, 0x94, 0xF9, 0x9C, 0x3A, 0x8F, 0xF4, 0x6F, 0xCE, 0xEC, 0x39,
    0x91, 0x06, 0x6A, 0x07, 0x26, 0x17, 0x18, 0x6B, 0x5F, 0xA4, 0xF6, 0x79, 0xC3, 0x3F, 0xC3, 0xC5,
    0x53, 0xBE, 0x14, 0x4E, 0xF9, 0x69, 0xE8, 0xED, 0x77, 0x7C, 0xBB, 0xB8, 0xAE, 0x7A, 0x52, 0x03,
    0xCD, 0x87, 0x3C, 0x22, 0x67, 0xA1, 0xF0, 0xD2, 0xD1, 0x0F, 0xE7, 0x3A, 0x56, 0x8B, 0x9B, 0x6E,
    0x1E, 0xFF, 0x61, 0x7A, 0x79, 0x73, 0xDE, 0xF1, 0xE7, 0x01, 0x7E, 0x00, 0xFC, 0xEA, 0xC5, 0x17,
    0x13, 0xEB, 0xFB, 0x8C, 0x08, 0xFA, 0x24, 0x95, 0xE9, 0x51, 0x5D, 0xC9, 0x99, 0x32, 0xB5, 0x9D,
    0x09, 0x0E, 0x13, 0x5E, 0x42, 0x9F, 0xBA, 0x7B, 0x20, 0x7B, 0xA8, 0x93, 0x3A, 0x80, 0x89, 0xDB,
    0x3C, 0xE2, 0x82, 0x91, 0xAB, 0x32, 0xD1, 0xE7, 0x40, 0xFD, 0x54, 0x43, 0xD2, 0x3E, 0x46, 0x9F,
    0x53, 0xCE, 0xE9, 0x7D, 0x45, 0xE8, 0x3A, 0xEA, 0xB5, 0x5A, 0xAF, 0x71, 0x71, 0x93, 0xAB, 0x91,
    0x5D, 0xD4, 0x7C, 0xFA, 0xCE, 0x05, 0x93, 0xBB, 0x83, 0xB6, 0x99, 0xA6, 0x3B, 0x6E, 0x69, 0xF9,
    0xD4, 0x29, 0x67, 0xE8, 0xD1, 0x69, 0xD1, 0x15, 0xA3, 0xBE, 0x2C, 0x93, 0x8E, 0x92, 0xCC, 0x43,
    0x6C, 0xFC, 0xED, 0x44, 0x15, 0x3E, 0x2B, 0x7D, 0xE8, 0x0F, 0x86, 0x6F, 0xB8, 0xC7, 0xFF, 0xF4,
    0xD3, 0x58, 0xE5, 0xD7, 0x32, 0xE5, 0x64, 0x9E, 0x50, 0x2E, 0x66, 0xA8, 0xF7, 0xD5, 0xD8, 0xCE,
    0xD5, 0xF4, 0x8D, 0xC9, 0x4C, 0x7E, 0xD4, 0x96, 0xFA, 0xD0, 0x24, 0x1E, 0x98, 0x81, 0x64, 0x03,
    0x83, 0x0B, 0x65, 0x70, 0xDE, 0xC8, 0x93, 0x87, 0x86, 0x63, 0x9A, 0x37, 0x47, 0x6A, 0x69, 0xA5,
    0x8B, 0xF6, 0x99, 0xD6, 0x0C, 0x36, 0x77, 0xDB, 0x2A, 0xB9, 0x1D, 0xA7, 0x6E, 0x7C, 0x65, 0xCB,
    0x85, 0x19, 0x0F, 0x31, 0xCD, 0x48, 0x8F, 0x9D, 0x18, 0x99, 0x8B, 0x91, 0xA4, 0x7E, 0x53, 0x29,
    0xB9, 0x0E, 0x26, 0x5D, 0x1B, 0xCA, 0x60, 0x86, 0x4F, 0x44, 0xE3, 0x6D, 0xBC, 0x15, 0x1C, 0x55,
    0xF8, 0x52, 0x38, 0xA2, 0xFA, 0xF1, 0x7B, 0x8F, 0x27, 0x6C, 0x7E, 0x2B, 0x0F, 0x94, 0xB9, 0xC8,
    0x1D, 0x54, 0xDE, 0xEA, 0xEF, 0xCA, 0x13, 0xBF, 0x1E, 0xFA, 0xB1, 0x7C, 0x3B, 0xA5, 0xC1, 0x7C,
    0xE5, 0xBD, 0x40, 0x51, 0x64, 0x80, 0x3D, 0xC0, 0xAC, 0x00, 0x94, 0x02, 0xF6, 0x12, 0xB8, 0xBE,
    0xC5, 0xDF, 0xDD, 0x34, 0xB6, 0xDB, 0xA5, 0xFA, 0x9B, 0xE4, 0xE8, 0x46, 0xB6, 0x54, 0x1E, 0x0E,
    0x24, 0x81, 0x7C, 0x80, 0x22, 0x8B, 0x92, 0xEF, 0x7A, 0x17, 0x0E, 0xCF, 0x5B, 0xE7, 0xAF, 0x57,
    0xC1, 0x75, 0xBF, 0x63, 0x63, 0xCD, 0x4B, 0x87, 0x88, 0xC0, 0x0C, 0x47, 0x60, 0xD2, 0x06, 0xCA,
    0x74, 0x57, 0xE0, 0x01, 0x14, 0xE3, 0x00, 0x3C, 0x0D, 0xC0, 0x33, 0x0F, 0x64, 0x80, 0xAB, 0xB5,
    0xA2, 0x1F, 0x00, 0x44, 0x78, 0xC5, 0x78, 0xB8, 0xBC, 0x05, 0xEC, 0xC6, 0xF5, 0x8B, 0x29, 0x40,
    0xDB, 0xBD, 0x5A, 0xE4, 0xA7, 0x0F, 0x4D, 0xCE, 0x43, 0xF5, 0x95, 0xEC, 0x3F, 0xC9, 0x1D, 0x5E,
    0xE2, 0x64, 0xFD, 0xE5, 0x0E, 0x07, 0x1C, 0x03, 0x0F, 0xB5, 0x76, 0xBE, 0x51, 0x2D, 0x45, 0xAC,
    0x73, 0xF6, 0x27, 0xED, 0xC2, 0xEB, 0x76, 0x02, 0x00, 0xBE, 0x89, 0xDD, 0xE3, 0x3C, 0xAD, 0xAE,
    0xD5, 0x66, 0xA6, 0x03, 0x26, 0xD0, 0x3A, 0xDA, 0x79, 0xB2, 0x08, 0x87, 0xF5, 0x82, 0x5A, 0x4D,
    0xDC, 0xD1, 0xE5, 0x27, 0xE8, 0x80, 0x26, 0x70, 0xCD, 0x03, 0x9F, 0x86, 0xBB, 0xAC, 0xBF, 0xDC,
    0x16, 0x03, 0x65, 0xC4, 0x04, 0x19, 0xB2, 0x19, 0x1C, 0x5C, 0x87, 0x23, 0xD8, 0xE8, 0xB8, 0xAF,
    0xC1, 0x25, 0x18, 0x28, 0x22, 0xE5, 0xBA, 0xB0, 0xC3, 0x21, 0xE3, 0x16, 0xDC, 0xD6, 0x85, 0x98,
    0x73, 0xCC, 0xA4, 0x54, 0x4A, 0xBB, 0xC6, 0x57, 0x24, 0x9E, 0x53, 0x44, 0x8A, 0x85, 0x52, 0x73,
    0xA9, 0x61, 0xAB, 0x43, 0x33, 0x5A, 0x97, 0x9B, 0xC4, 0x2E, 0xF0, 0x7D, 0x30, 0xA3, 0x09, 0x6E,
    0xA9, 0xFC, 0x91, 0xCB, 0xDC, 0x2D, 0x27, 0xFE, 0x07, 0xCD, 0xD9, 0x01, 0xA4, 0x25, 0x59, 0x9E,
    0xE7, 0xF1, 0x4F, 0x44, 0xF4, 0xBC, 0x98, 0xCA, 0xA8, 0xCA, 0x53, 0x18, 0x4C, 0x77, 0x56, 0x65,
    0x34, 0x1A, 0xD5, 0x2D, 0x33, 0xA3, 0xAD, 0x9A, 0x95, 0x78, 0xEF, 0x45, 0x54, 0x17, 0x06, 0xD0,
    0x0B, 0xC0, 0x62, 0x1B, 0x8D, 0x1D, 0xBB, 0x54, 0xB5, 0x4D, 0x24, 0xFB, 0xF2, 0xDD, 0xA8, 0x29,
    0x2C, 0xB0, 0xFB, 0x00, 0xC0, 0x6E, 0x59, 0x85, 0x01, 0x3B, 0x89, 0xB4, 0x92, 0x7D, 0x2F, 0xEF,
    0xA9, 0x6E, 0x34, 0x16, 0x13, 0x3D, 0x8D, 0x01, 0x4C, 0xD8, 0x4D, 0xC0, 0x50, 0xB1, 0xBB, 0xD7,
    0xF6, 0xAD, 0xAD, 0xB8, 0xEF, 0xEC, 0xBD, 0xB1, 0x54, 0x95, 0xD6, 0x2C, 0x23, 0xB3, 0x27, 0xAF,
    0x73, 0xBE, 0x37, 0x70, 0xFC, 0x7E, 0xBF, 0xF3, 0xBF, 0xC7, 0xDF, 0x71, 0x43, 0x35, 0xA8, 0x47,
    0xF5, 0x20, 0xF4, 0x80, 0x6F, 0x71, 0xCC, 0x7D, 0x9E, 0x30, 0xC9, 0x26, 0xF9, 0xA4, 0x18, 0x95,
    0x83, 0x2A, 0x0A, 0x51, 0xDD, 0x6B, 0x3A, 0x2D, 0xA7, 0xE0, 0x43, 0x8C, 0x64, 0xD1, 0x51, 0xEA,
    0x35, 0x29, 0xDA, 0xD5, 0x43, 0x3E, 0x35, 0xB1, 0x1C, 0xFE, 0xA4, 0x0B, 0xF1, 0xB1, 0xF0, 0x51,
    0x54, 0xBF, 0xDF, 0x6B, 0x2A, 0x9A, 0x37, 0x68, 0xEE, 0x94, 0x9A, 0x27, 0x6F, 0xA8, 0xA7, 0x33,
    0x21, 0x4D, 0x8A, 0xD4, 0xA9, 0xF0, 0x36, 0x8E, 0xC1, 0xEA, 0x39, 0x45, 0xDA, 0x11, 0x86, 0x9A,
    0xA6, 0xAB, 0x7A, 0xAD, 0x22, 0x3A, 0x5F, 0x20, 0x3F, 0x00, 0x2B, 0x68, 0x51, 0xA5, 0x14, 0x85,
    0x03, 0xD4, 0x1D, 0x6A, 0xB8, 0x07, 0xC7, 0x30, 0x21, 0x8F, 0x96, 0x75, 0x93, 0x36, 0xA5, 0xD1,
    0x2A, 0xA5, 0x41, 0x4E, 0xB5, 0xFE, 0xB7, 0x65, 0xBA, 0x2E, 0xFB, 0x6D, 0x70, 0xFF, 0x6D, 0xF7,
    0xDF, 0xF2, 0xEE, 0xDB, 0x1E, 0x37, 0x3F, 0x1A, 0xD7, 0x69, 0xF8, 0xD9, 0xF5, 0xC4, 0x45, 0x93,
    0x86, 0x36, 0x29, 0xAF, 0xBB, 0x5B, 0xCF, 0xD9, 0xA9, 0x3A, 0x56, 0x8E, 0xD1, 0x7C, 0x34, 0x21,
    0xFC, 0xB2, 0x47, 0xB1, 0xB3, 0x88, 0xCF, 0x84, 0x85, 0x8A, 0x09, 0xCA, 0x11, 0xAA, 0x81, 0x83,
    0xEB, 0xE4, 0x60, 0x3B, 0xA2, 0xEE, 0xA1, 0x01, 0x2D, 0x38, 0x07, 0x57, 0x70, 0x94, 0xBA, 0x65,
    0xFD, 0x08, 0xFE, 0x88, 0xFB, 0x3C, 0xE0, 0x31, 0x93, 0x6C, 0x94, 0x0F, 0x8A, 0x78, 0x18, 0x65,
    0xAF, 0x22, 0xF8, 0x1D, 0x9F, 0x7F, 0xB2, 0xAC, 0x1D, 0xE4, 0x5F, 0x2D, 0xEC, 0x04, 0x02, 0xB7,
    0xB9, 0xC3, 0x31, 0x7C, 0xB0, 0xA3, 0x48, 0xA9, 0x17, 0x86, 0x36, 0xAA, 0x55, 0xBD, 0x06, 0x5A,
    0x68, 0x06, 0x84, 0x6B, 0x54, 0x69, 0x94, 0x7D, 0xB1, 0x9E, 0x95, 0x31, 0xDF, 0x09, 0x9D, 0x2B,
    0x75, 0xE7, 0x91, 0xBA, 0x77, 0xA6, 0x1E, 0x6D, 0x84, 0xF4, 0x4F, 0xA3, 0x3C, 0x6D, 0xD1, 0xEC,
    0x90, 0x5D, 0x43, 0x0B, 0xA7, 0x3C, 0x74, 0x42, 0xCA, 0x66, 0xD6, 0x69, 0xA4, 0xBE, 0xEE, 0xB8,
    0x57, 0x0C, 0xAB, 0x6A, 0x3C, 0x29, 0xA3, 0x25, 0x85, 0x6A, 0x29, 0x4B, 0x7B, 0x71, 0x34, 0xB3,
    0xA5, 0x55, 0x0C, 0xB7, 0xBE, 0xFC, 0x71, 0x57, 0xBD, 0x97, 0x52, 0x11, 0x43, 0xB9, 0xA9, 0x8A,
    0x78, 0x37, 0xC4, 0x1B, 0x79, 0x3C, 0x6E, 0xFC, 0x41, 0x1E, 0xEF, 0x9F, 0x92, 0xC7, 0x07, 0xFF,
    0x8F, 0x27, 0x14, 0xF1, 0xC3, 0x53, 0xDF, 0x2A, 0xFA, 0x07, 0x8D, 0x77, 0x2A, 0x0F, 0xC3, 0xF0,
    0x61, 0x70, 0x9C, 0xA5, 0xE1, 0xD8, 0x3D, 0x3C, 0x15, 0xFA, 0xE5, 0xFC, 0x6E, 0x7D, 0xD0, 0x93,
    0xD2, 0x0E, 0xB7, 0xD2, 0x05, 0xAA, 0x5F, 0xF6, 0x56, 0x9F, 0x77, 0xE6, 0x46, 0x31, 0x35, 0xCA,
    0xE1, 0x54, 0x15, 0x1F, 0x09, 0xFD, 0xA5, 0xF0, 0xDE, 0x2C, 0xFC, 0xE8, 0x89, 0xF0, 0x77, 0x5F,
    0x76, 0xE5, 0xB8, 0x05, 0xD0, 0xA6, 0xCD, 0x7E, 0x4E, 0xE8, 0xFF, 0x50, 0x31, 0x9C, 0xA8, 0x3F,
    0xDA, 0x7A, 0x56, 0x8D, 0xF9, 0xB6, 0xE9, 0xC3, 0x78, 0xAD, 0xF9, 0xF3, 0xAD, 0xF6, 0xFD, 0x8D,
    0xFA, 0xA3, 0x59, 0x88, 0x97, 0x8A, 0xE1, 0x54, 0x36, 0xD5, 0x3C, 0xAE, 0xB0, 0x9C, 0x83, 0x6E,
    0x3F, 0x11, 0xF0, 0x06, 0xEE, 0xE0, 0x18, 0xF7, 0xF1, 0xA6, 0x36, 0xB5, 0x3B, 0x1F, 0x6C, 0xE5,
    0xC3, 0x2D, 0x95, 0x3C, 0xBE, 0xDE, 0x4E, 0xC3, 0x3B, 0x77, 0x1E, 0x0C, 0xEF, 0xDE, 0x7F, 0x3C,
    0xFE, 0xB0, 0x8D, 0xC3, 0x87, 0x3F, 0x1B, 0xE2, 0x0F, 0x1F, 0xFF, 0x2A, 0xFE, 0xC9, 0xF8, 0xDF,
    0xBB, 0x3B, 0x2A, 0xA1, 0x3B, 0x93, 0xA5, 0x0B, 0xEB, 0x24, 0x25, 0xF9, 0xCE, 0xCD, 0xB2, 0xBF,
    0x93, 0xC5, 0x77, 0xC5, 0x1F, 0xEE, 0xC7, 0xFE, 0xA1, 0xE8, 0xEE, 0x56, 0xCA, 0x0D, 0xFE, 0x68,
    0x31, 0xE1, 0x01, 0x1E, 0x63, 0xC2, 0xA8, 0x48, 0x69, 0x2A, 0x53, 0x1A, 0x15, 0x3D, 0x65, 0x47,
    0x85, 0x9B, 0xF8, 0xC3, 0xE5, 0xB8, 0x5A, 0xA7, 0x6B, 0xD6, 0x5D, 0x91, 0x62, 0x28, 0x87, 0xD7,
    0x8B, 0x41, 0x19, 0x05, 0xF6, 0xAE, 0xA3, 0xAA, 0xD3, 0xA6, 0x6E, 0x95, 0x58, 0x16, 0xDC, 0x28,
    0xE3, 0xB7, 0xCA, 0xCE, 0xDB, 0xAC, 0x09, 0xBD, 0xD0, 0x3F, 0x6E, 0xA4, 0x9D, 0x76, 0x64, 0x57,
    0x6C, 0xAA, 0x58, 0xBB, 0x4F, 0x31, 0xD9, 0xEE, 0x91, 0x6F, 0x94, 0x63, 0x31, 0xA9, 0x86, 0x3D,
    0x42, 0xAC, 0xC6, 0x3D, 0xC2, 0xA0, 0xEE, 0x42, 0xD4, 0x68, 0x7A, 0xAD, 0xB6, 0x73, 0xEA, 0x03,
    0xAE, 0xFC, 0x2D, 0x73, 0xF6, 0xEF, 0x99, 0x8B, 0x93, 0xD7, 0xB2, 0xF9, 0xED, 0xE3, 0x47, 0x79,
    0xDA, 0xAC, 0xC6, 0xE2, 0x2F, 0x87, 0xF3, 0xAE, 0xE8, 0x2D, 0xB9, 0xA9, 0x3A, 0x04, 0xA8, 0xA1,
    0xF9, 0xE6, 0x29, 0x24, 0x5B, 0xA7, 0x14, 0x43, 0x4A, 0x5F, 0x74, 0x4D, 0x9A, 0x1E, 0x5B, 0xA5,
    0x69, 0xB2, 0x4E, 0xE3, 0x20, 0xA5, 0x5F, 0xC5, 0x3D, 0x7E, 0x7E, 0xC0, 0xC7, 0xBD, 0x75, 0xFA,
    0xD3, 0xC3, 0xAE, 0x2A, 0xB2, 0x7F, 0x16, 0x70, 0xF3, 0x0D, 0xBC, 0xFD, 0x16, 0xEE, 0xDC, 0xC1,
    0xFD, 0xA5, 0x82, 0x4B, 0x09, 0x97, 0x1A, 0x4E, 0x18, 0x07, 0xB2, 0xBD, 0x88, 0xFC, 0x17, 0x91,
    0x62, 0x2F, 0xA2, 0xDC, 0x8B, 0xA8, 0x2A, 0xD4, 0x5D, 0x1B, 0x57, 0xFD, 0x29, 0x6F, 0x8A, 0x45,
    0x17, 0xC6, 0x6C, 0xF2, 0xF8, 0x93, 0x71, 0xD5, 0xB9, 0x97, 0xEF, 0xC2, 0xEC, 0xD2, 0xD6, 0x94,
    0x4D, 0xC5, 0x58, 0x0C, 0xE5, 0xB0, 0xDA, 0xAA, 0xB6, 0xAC, 0xAE, 0x99, 0x1B, 0xF9, 0x14, 0xBA,
    0x62, 0x08, 0x5D, 0x19, 0x83, 0x2A, 0x36, 0xFB, 0x79, 0xAA, 0x1C, 0x66, 0x45, 0x9A, 0x58, 0xF7,
    0x00, 0x87, 0xAD, 0x48, 0x69, 0xE4, 0xBB, 0x39, 0x4F, 0xAA, 0xDE, 0x71, 0x31, 0x68, 0x8B, 0x69,
    0x39, 0x9A, 0x21, 0xEE, 0x84, 0x61, 0xA7, 0xF9, 0xF9, 0x6C, 0x5D, 0x4D, 0x87, 0x63, 0x5A, 0x0D,
    0xCF, 0x34, 0xEF, 0x6D, 0xDC, 0xC9, 0x23, 0x80, 0xAA, 0xD3, 0x70, 0x57, 0x7E, 0xCD, 0x53, 0xE1,
    0x4A, 0x36, 0x72, 0xA6, 0x8C, 0x5C, 0x0A, 0xD8, 0x3A, 0xC6, 0x64, 0x43, 0x36, 0xE5, 0x03, 0xC5,
    0x58, 0xF5, 0x94, 0xE3, 0x6D, 0x5B, 0xED, 0x7C, 0x56, 0x6C, 0x30, 0xDD, 0x9C, 0x28, 0xE2, 0x3F,
    0x9E, 0x08, 0x7E, 0x3D, 0x72, 0x92, 0xBF, 0x3F, 0x1C, 0x32, 0xA5, 0x9D, 0x7C, 0x0C, 0x69, 0x56,
    0xF6, 0x42, 0xA7, 0xA6, 0xEE, 0x1C, 0xCB, 0xD2, 0x08, 0xC2, 0xDF, 0xDF, 0xBD, 0x3C, 0xB8, 0x3F,
    0x6C, 0xAE, 0x31, 0x3D, 0x68, 0x29, 0xE2, 0x70, 0x8F, 0xC0, 0xC9, 0x32, 0x9E, 0xF2, 0x44, 0x3E,
    0x1E, 0x46, 0xE8, 0x94, 0xBD, 0x87, 0xD4, 0xF2, 0x34, 0x3B, 0x56, 0xA4, 0x0D, 0xA8, 0x7A, 0xEB,
    0xCE, 0x6D, 0x45, 0x8A, 0x07, 0xD3, 0x32, 0x9A, 0x28, 0xFA, 0x22, 0xF2, 0xB6, 0xD0, 0xF1, 0x97,
    0xDD, 0xDD, 0x65, 0xD9, 0x53, 0x54, 0x1F, 0x8D, 0x3C, 0x68, 0xFE, 0xB4, 0x67, 0x7D, 0x1D, 0xCC,
    0xDA, 0xE7, 0xC7, 0xC5, 0x16, 0xD3, 0x8D, 0x0D, 0xC5, 0xF0, 0xFD, 0x89, 0xAA, 0xFB, 0x8F, 0x13,
    0xF7, 0xB2, 0x8F, 0x47, 0x1E, 0x96, 0xE9, 0x5A, 0x36, 0x1D, 0xF6, 0x5E, 0x44, 0x55, 0x14, 0x08,
    0xBD, 0x63, 0xD2, 0x84, 0x06, 0xAB, 0x8E, 0x75, 0xC7, 0x39, 0x00, 0xE0, 0x31, 0x26, 0xB2, 0x51,
    0xB6, 0x1E, 0x84, 0x34, 0x68, 0x2E, 0x38, 0xC5, 0xD9, 0x37, 0xE6, 0xA9, 0xD7, 0xD4, 0xFD, 0xCA,
    0xC1, 0xC7, 0x7A, 0x03, 0xDF, 0x07, 0x2D, 0x08, 0xA0, 0xEC, 0x21, 0x8F, 0x00, 0x84, 0x09, 0x9A,
    0x85, 0xED, 0xC2, 0xFF, 0x32, 0x21, 0xFB, 0x5F, 0x13, 0x8A, 0xBF, 0xDE, 0xA0, 0xFA, 0xF9, 0x81,
    0xE1, 0x47, 0x07, 0xDE, 0xCB, 0x0F, 0x3C, 0xCB, 0xB6, 0xD8, 0x1C, 0x98, 0x4F, 0x07, 0x16, 0x29,
    0xCD, 0x54, 0x0B, 0x6B, 0x66, 0x4E, 0x16, 0x5E, 0x2E, 0xDC, 0x30, 0xCB, 0x47, 0x76, 0x9A, 0xAD,
    0xA3, 0xD4, 0xAF, 0x77, 0x9A, 0x14, 0xE1, 0xE8, 0x02, 0xC2, 0x00, 0x2D, 0x78, 0x0A, 0xD9, 0xF0,
    0xCA, 0x24, 0xFC, 0x29, 0xE4, 0x33, 0x54, 0x3B, 0xB8, 0x17, 0xE0, 0x49, 0xD9, 0xBD, 0x22, 0x09,
    0x43, 0x3F, 0xA0, 0xFD, 0x6F, 0x11, 0x0F, 0x52, 0x87, 0xF1, 0x04, 0xF0, 0x8A, 0x24, 0x3C, 0x29,
    0x23, 0x9E, 0x85, 0x01, 0x67, 0x55, 0xFF, 0x4A, 0x65, 0x5B, 0x74, 0x1C, 0xBD, 0x01, 0xAF, 0xBD,
    0xB6, 0xF0, 0x2D, 0x28, 0xA6, 0x57, 0x25, 0x61, 0x9E, 0xF6, 0x9F, 0xC5, 0x6F, 0xBD, 0x7F, 0x18,
    0xA1, 0x9D, 0x15, 0x03, 0x5C, 0x2D, 0xDD, 0x84, 0xEC, 0x7F, 0x6C, 0x81, 0x72, 0x49, 0x83, 0xF0,
    0xF1, 0x04, 0xB4, 0xE5, 0x08, 0x5C, 0x56, 0x03, 0xC8, 0x37, 0x61, 0xD1, 0x53, 0x8E, 0xFB, 0x87,
    0x01, 0xA1, 0xAF, 0xFB, 0xAF, 0x2E, 0x25, 0x60, 0x6F, 0x04, 0xF2, 0x49, 0x0B, 0xCA, 0xC1, 0x39,
    0xA8, 0x3B, 0x33, 0x38, 0x5D, 0x02, 0x4F, 0x6C, 0x65, 0x5B, 0xE5, 0xE0, 0xD6, 0xCE, 0xAD, 0x94,
    0x52, 0xD4, 0x26, 0xAB, 0xB4, 0x28, 0xA1, 0xC2, 0xBF, 0x48, 0xFF, 0x89, 0x32, 0xA5, 0x1D, 0xED,
    0xF3, 0x6C, 0xE6, 0x9A, 0x4B, 0xC5, 0xE6, 0xC0, 0x6A, 0xE0, 0xA1, 0x3A, 0xF2, 0xA1, 0xA6, 0x83,
    0x16, 0xAC, 0xC0, 0x33, 0x70, 0xF5, 0x0D, 0x3E, 0xB3, 0x90, 0xAC, 0xB3, 0xA2, 0xEA, 0xB5, 0x9D,
    0x40, 0x13, 0xB5, 0x84, 0xAD, 0x2B, 0xF2, 0xA5, 0xC6, 0x9A, 0x74, 0x81, 0x02, 0xDC, 0x04, 0x6D,
    0x84, 0x72, 0x61, 0x1E, 0x91, 0x7D, 0xDC, 0x23, 0xDB, 0x01, 0xD9, 0x27, 0x0B, 0x37, 0xE0, 0x29,
    0x38, 0x06, 0x6F, 0x03, 0x08, 0xCB, 0x6F, 0x71, 0xB4, 0xE7, 0xC8, 0xF2, 0x2B, 0x64, 0x5B, 0x45,
    0x94, 0x6F, 0xA0, 0x98, 0xFC, 0xD6, 0x9D, 0x3F, 0x0C, 0x0B, 0x97, 0xE5, 0x75, 0x4A, 0xD1, 0x57,
    0x9B, 0xFC, 0x9D, 0x77, 0x7E, 0x33, 0x64, 0x4B, 0x61, 0xF3, 0xAD, 0x6A, 0x50, 0x2F, 0x25, 0xFD,
    0xBA, 0x9E, 0xDF, 0x01, 0xCF, 0xBE, 0x0E, 0x5A, 0x0C, 0x10, 0x5E, 0x99, 0x84, 0x47, 0x3D, 0xD4,
    0x23, 0x9C, 0x4F, 0xC8, 0xA6, 0x27, 0x28, 0xFB, 0xE3, 0x57, 0x24, 0x61, 0x3E, 0x9E, 0x2C, 0x06,
    0x2B, 0x14, 0xCB, 0x33, 0x5E, 0x8D, 0x6C, 0xF9, 0x05, 0xF9, 0x84, 0x0D, 0x1E, 0xE2, 0x0E, 0x16,
    0xFD, 0x49, 0x95, 0x2E, 0x98, 0x59, 0x1A, 0xCA, 0x86, 0x62, 0x5A, 0xE6, 0x92, 0xA3, 0x1A, 0x08,
    0x91, 0xBA, 0x5F, 0xFC, 0xB5, 0x96, 0xE9, 0x1C, 0x57, 0x98, 0x17, 0x4F, 0xF9, 0x86, 0x5B, 0xD7,
    0xAC, 0x52, 0x07, 0x3F, 0x80, 0x6B, 0x2C, 0x9B, 0x2B, 0x23, 0x6E, 0xF2, 0xB5, 0xE3, 0x62, 0xC9,
    0x6C, 0x31, 0x5D, 0x96, 0x2D, 0x96, 0x0B, 0x16, 0xE3, 0xC5, 0x79, 0xB1, 0x5E, 0xBC, 0x17, 0x73,
    0x5A, 0x0B, 0x70, 0x0E, 0x57, 0xB0, 0x88, 0xCC, 0x8B, 0x88, 0x25, 0xC4, 0x57, 0x29, 0x8E, 0x3A,
    0x9A, 0xC8, 0x7A, 0x94, 0x4F, 0x93, 0xAA, 0x7F, 0xF8, 0xD2, 0xB6, 0x5C, 0x0C, 0x8F, 0x94, 0xD3,
    0x4E, 0x39, 0x9C, 0xC1, 0x4B, 0xF3, 0x59, 0x8E, 0x83, 0x32, 0xA5, 0x6B, 0xCC, 0xD9, 0x3A, 0x1E,
    0x94, 0xC3, 0x28, 0xDF, 0x28, 0x27, 0xC5, 0x57, 0x63, 0xA3, 0x1C, 0x0F, 0xAC, 0x86, 0x03, 0x43,
    0xDC, 0x33, 0x4B, 0x69, 0x28, 0xA6, 0x3C, 0xA5, 0x58, 0x4C, 0x9A, 0x4E, 0x39, 0x6A, 0x09, 0x83,
    0x15, 0x75, 0x74, 0x45, 0xDB, 0x99, 0xB9, 0x66, 0x56, 0xCE, 0x07, 0xE1, 0xD5, 0xB8, 0xF4, 0xDD,
    0xCE, 0x2A, 0xA5, 0x0B, 0x50, 0xF5, 0x83, 0xAF, 0xAE, 0x04, 0xCB, 0x9D, 0x00, 0xE3, 0xA9, 0xDF,
    0xFE, 0x54, 0xA9, 0x2B, 0x96, 0xED, 0xF7, 0x79, 0xEA, 0x49, 0xD1, 0x31, 0x59, 0x8A, 0x1E, 0x92,
    0x7F, 0x3E, 0x78, 0x42, 0xF1, 0x5F, 0x47, 0x13, 0xC5, 0x2F, 0x27, 0x13, 0xE5, 0xC7, 0x53, 0x36,
    0x52, 0xBD, 0xBF, 0xC9, 0x23, 0x21, 0xDF, 0x16, 0x91, 0x3A, 0x9B, 0xCB, 0x9E, 0xBB, 0xE6, 0xAA,
    0xE3, 0xD8, 0x55, 0xC0, 0xB1, 0xF3, 0x80, 0x87, 0xDA, 0xDB, 0x78, 0xA2, 0xBD, 0x8B, 0x49, 0x73,
    0x46, 0x36, 0xAA, 0xB7, 0xE4, 0x83, 0x70, 0x28, 0xDA, 0x56, 0x98, 0x58, 0xED, 0x54, 0x13, 0xDC,
    0xE8, 0x10, 0x22, 0xCA, 0x68, 0x59, 0x85, 0x11, 0xE0, 0x83, 0x2F, 0xA8, 0x52, 0xEA, 0xB5, 0xC3,
    0xAD, 0xC9, 0xCE, 0x3E, 0xC1, 0x86, 0xB9, 0x1A, 0xB9, 0x0A, 0x91, 0xF3, 0xA6, 0xDB, 0xA3, 0xB5,
    0xC7, 0xEA, 0x80, 0x67, 0xB8, 0xBA, 0xC2, 0x6E, 0x87, 0x79, 0x47, 0xBE, 0xBD, 0xA2, 0x98, 0x9E,
    0x51, 0x8D, 0x2D, 0x75, 0x6C, 0x7B, 0x2B, 0x61, 0x2C, 0x67, 0x45, 0x4A, 0xE3, 0x62, 0x01, 0xD9,
    0xA7, 0x28, 0x36, 0x08, 0x11, 0xF7, 0xE0, 0xC1, 0xEF, 0x3F, 0xC6, 0xB7, 0x21, 0xA1, 0xF8, 0xBC,
    0x23, 0xFC, 0x9B, 0xC8, 0x49, 0x3E, 0xFC, 0xBE, 0x63, 0x14, 0xC3, 0xBB, 0x84, 0xCD, 0xC4, 0x9D,
    0x76, 0xE0, 0x7E, 0xE8, 0xC0, 0xEF, 0x3B, 0x46, 0x9D, 0x4F, 0xB4, 0xEF, 0x4F, 0x34, 0xF9, 0xF8,
    0x0F, 0x91, 0xA0, 0x23, 0x1B, 0x8A, 0x68, 0xAA, 0x3B, 0x4F, 0x2F, 0x69, 0x27, 0xEA, 0x9E, 0x55,
    0x27, 0xFF, 0x4D, 0x54, 0x7D, 0x36, 0x3A, 0x35, 0x79, 0xD7, 0x0F, 0x01, 0xD9, 0xFA, 0x79, 0x35,
    0x50, 0xA7, 0xF4, 0x41, 0xC7, 0xBA, 0x6B, 0x76, 0x14, 0x5B, 0xD5, 0x86, 0x6A, 0x5C, 0xBE, 0xEA,
    0xA8, 0xD9, 0xD2, 0x72, 0x35, 0x73, 0xAE, 0x18, 0x67, 0x76, 0x42, 0x3F, 0x33, 0x3B, 0xCD, 0x66,
    0xD9, 0xD6, 0x76, 0x3F, 0xF3, 0x6D, 0x39, 0xE4, 0x1B, 0xF9, 0xA6, 0xEE, 0x8A, 0x49, 0xBE, 0x39,
    0xB4, 0x32, 0xF9, 0x17, 0x1B, 0x61, 0x90, 0xA5, 0xB8, 0xE4, 0x48, 0xB4, 0xB8, 0xB6, 0xB4, 0xA4,
    0x74, 0x28, 0x86, 0xF0, 0x57, 0x29, 0xF5, 0xB4, 0xD9, 0x7A, 0x03, 0x6E, 0x74, 0x10, 0x22, 0x14,
    0x03, 0x64, 0x23, 0x78, 0x0C, 0x50, 0xA5, 0x8D, 0xB4, 0x2D, 0xD3, 0x60, 0x3D, 0xBA, 0xE2, 0x26,
    0x33, 0x77, 0x17, 0x1E, 0xCB, 0xB7, 0x07, 0x16, 0x1B, 0x1E, 0x2A, 0x26, 0x9E, 0x28, 0x47, 0x26,
    0xD5, 0xC0, 0x28, 0x44, 0xD9, 0x70, 0x60, 0xBE, 0x24, 0x2A, 0xE2, 0xD2, 0xC4, 0x7A, 0x2D, 0x55,
    0xA7, 0x25, 0xD0, 0x2E, 0x62, 0x4D, 0xEF, 0x8C, 0xFA, 0xF9, 0xD1, 0x44, 0xB9, 0x44, 0xB4, 0xFA,
    0x02, 0xF0, 0x29, 0x16, 0x0B, 0xAA, 0x08, 0xB7, 0xC1, 0xFD, 0x57, 0x26, 0xE1, 0xB7, 0xC1, 0x1A,
    0x96, 0xD6, 0xA9, 0xFA, 0x38, 0xE2, 0x6E, 0x36, 0xBC, 0x22, 0x09, 0xC3, 0x7B, 0x13, 0x9A, 0x8F,
    0x37, 0xA8, 0xF3, 0x11, 0xBC, 0x32, 0xD5, 0xFB, 0x4E, 0x07, 0xED, 0xC2, 0x19, 0x96, 0x80, 0xCA,
    0x0E, 0x60, 0x95, 0x34, 0xA9, 0x6B, 0xAE, 0xD5, 0x3B, 0xE5, 0xA4, 0x18, 0x14, 0x93, 0xD0, 0xCB,
    0x37, 0xEE, 0x91, 0xCD, 0x2E, 0x31, 0x67, 0x13, 0xAE, 0x8A, 0x88, 0x55, 0x80, 0xF6, 0x04, 0x9A,
    0x2D, 0xD4, 0x23, 0x84, 0x08, 0x75, 0xCF, 0xFF, 0xE7, 0x62, 0x56, 0xA5, 0x1E, 0x4D, 0x1A, 0x20,
    0xA4, 0xE9, 0x80, 0x01, 0x3B, 0x8B, 0x1F, 0xF9, 0x16, 0x45, 0xBA, 0xEE, 0xF6, 0x48, 0x93, 0x72,
    0x2A, 0xB7, 0xAA, 0xC1, 0x2C, 0x44, 0xB3, 0xFA, 0x80, 0xA6, 0x37, 0x6B, 0xBB, 0x6C, 0xAB, 0x55,
    0x4C, 0x56, 0xEA, 0xC1, 0x3A, 0xA5, 0x4E, 0x4A, 0xCF, 0xBF, 0x21, 0x72, 0x6B, 0xF7, 0xF5, 0xE5,
    0x47, 0xB6, 0xB8, 0xD4, 0x69, 0xC6, 0xAA, 0xDB, 0x61, 0x76, 0x4A, 0xBE, 0x71, 0x42, 0x31, 0x39,
    0xA3, 0x18, 0x6D, 0x14, 0x69, 0x2C, 0x86, 0x3D, 0x87, 0xDB, 0xA8, 0xE2, 0x31, 0x42, 0xDC, 0x2C,
    0xDC, 0x22, 0xF4, 0x3B, 0xD4, 0xDD, 0xBA, 0xA3, 0xD1, 0x0C, 0x34, 0xAA, 0x89, 0x56, 0xB6, 0xE5,
    0x94, 0xA7, 0x9C, 0xDC, 0x3C, 0xF0, 0x51, 0x73, 0xE0, 0x65, 0xFB, 0xE7, 0xD3, 0x9E, 0x75, 0x1A,
    0xD8, 0x96, 0xD7, 0xD8, 0x40, 0x36, 0x41, 0x3E, 0xE2, 0x7B, 0x45, 0xC4, 0x65, 0xD9, 0xE3, 0xAA,
    0x86, 0xD5, 0x8C, 0x45, 0x1B, 0xFE, 0x0C, 0xCE, 0xA1, 0x81, 0x00, 0x65, 0x87, 0xBC, 0x03, 0x64,
    0xD7, 0x55, 0x27, 0xA4, 0xBF, 0xA2, 0xFD, 0x28, 0xB1, 0x73, 0xAE, 0xD8, 0x38, 0x53, 0x8E, 0x96,
    0xAA, 0x6D, 0xD5, 0x7D, 0xBE, 0xB1, 0xD4, 0xAA, 0x75, 0x73, 0x74, 0xEE, 0x07, 0x83, 0x47, 0xFE,
    0x55, 0xF4, 0x28, 0xFB, 0xE5, 0x67, 0x71, 0x55, 0xFD, 0xF8, 0x3F, 0x74, 0xED, 0x2E, 0xCC, 0xAA,
    0x31, 0x0C, 0x70, 0xF4, 0x09, 0x96, 0xC7, 0x16, 0x2E, 0x91, 0x8D, 0xC8, 0xFB, 0x97, 0x66, 0xF9,
    0x29, 0x8A, 0x19, 0x61, 0xC6, 0xBD, 0x7B, 0x78, 0x1A, 0xC8, 0x2E, 0x8E, 0x5E, 0x96, 0xE5, 0x0D,
    0x3D, 0xCD, 0x8F, 0x22, 0xFF, 0xFA, 0x17, 0x3D, 0x8F, 0xBF, 0xC4, 0xF0, 0x8C, 0xAC, 0x7F, 0xE7,
    0x65, 0x59, 0x7E, 0x2F, 0xEF, 0x98, 0x43, 0x64, 0xC1, 0x4F, 0x8F, 0xC0, 0xCB, 0x72, 0xCB, 0x3E,
    0x41, 0xF9, 0x2F, 0xF1, 0xFA, 0xEB, 0x58, 0x70, 0xF3, 0x21, 0xF2, 0x8B, 0x97, 0x64, 0x99, 0x5D,
    0x87, 0x6A, 0x23, 0xA4, 0xBF, 0x5D, 0xED, 0x0E, 0x8A, 0xE3, 0xB9, 0x9D, 0x55, 0xD7, 0x16, 0x1B,
    0xE7, 0x4E, 0x17, 0xD1, 0xF3, 0x10, 0xCD, 0x47, 0xF3, 0x5E, 0xF6, 0xFF, 0xA4, 0x8B, 0x56, 0x91,
    0x2E, 0xB4, 0xDE, 0x98, 0x38, 0xF7, 0xFD, 0x89, 0x47, 0x7E, 0x36, 0x79, 0xF7, 0x51, 0xF6, 0xD9,
    0xC6, 0xB8, 0xAA, 0xBA, 0x5D, 0x19, 0xDB, 0x9D, 0x75, 0x52, 0x8D, 0xEA, 0x0D, 0xD5, 0x96, 0x75,
    0x52, 0x6C, 0x56, 0x7D, 0x15, 0xEB, 0xAE, 0xEE, 0x6E, 0x68, 0xF1, 0x08, 0x97, 0x98, 0x7D, 0x73,
    0xBE, 0x65, 0xF6, 0xAE, 0x55, 0x36, 0x6A, 0x53, 0xAF, 0xDA, 0x21, 0x52, 0x74, 0x84, 0x81, 0x72,
    0xC2, 0x44, 0x37, 0xF1, 0x65, 0xE4, 0xFB, 0xF0, 0x03, 0x34, 0x1D, 0xA1, 0xA7, 0x8C, 0xE4, 0x11,
    0x17, 0xF0, 0x0D, 0xEF, 0xA6, 0xAB, 0x62, 0xE8, 0xEB, 0x2E, 0xF4, 0xAD, 0xBA, 0x3B, 0xCF, 0x92,
    0x67, 0xEB, 0xE7, 0xD2, 0xF3, 0xDF, 0xE5, 0x3D, 0x69, 0x53, 0xB4, 0x78, 0xCB, 0x3F, 0x5D, 0x5C,
    0x17, 0xF1, 0x53, 0x3C, 0x7D, 0x81, 0xDA, 0xFF, 0x9C, 0xEC, 0x9A, 0x22, 0x11, 0xFE, 0x5D, 0xE7,
    0xA4, 0xEC, 0xFD, 0x34, 0xEF, 0x5F, 0x88, 0xF6, 0xB7, 0xB3, 0x5E, 0x5B, 0x4E, 0x56, 0xFB, 0xF9,
    0xCE, 0xA2, 0xE9, 0x85, 0xE8, 0xFE, 0x19, 0xE7, 0x34, 0x04, 0xCA, 0x4E, 0xDE, 0x41, 0xD3, 0xE5,
    0xA9, 0x0F, 0xA9, 0x3B, 0x69, 0xBC, 0x79, 0xCA, 0x23, 0x2E, 0xD9, 0xCA, 0x36, 0x5F, 0xBF, 0x12,
    0x0F, 0x3F, 0x8F, 0xFB, 0x05, 0xF5, 0xAC, 0xBE, 0x60, 0xE9, 0x54, 0x21, 0xD2, 0xE2, 0x92, 0x6C,
    0x64, 0xC9, 0xB8, 0x68, 0xD9, 0x8B, 0xD9, 0x2F, 0xB6, 0x97, 0x5B, 0xF4, 0xBE, 0x3A, 0x29, 0x5B,
    0x07, 0x4D, 0xF9, 0x44, 0x31, 0x52, 0x0E, 0x0E, 0xBA, 0xCB, 0xDA, 0x7A, 0x66, 0x91, 0xF6, 0x29,
    0xC5, 0x4C, 0x98, 0x2D, 0xFD, 0xE8, 0x69, 0x58, 0xBA, 0xD1, 0x8B, 0xD0, 0x5E, 0x1A, 0xC1, 0x1C,
    0xE2, 0x32, 0x97, 0x2E, 0xE0, 0xC5, 0xE8, 0xFE, 0xD4, 0x9B, 0xD6, 0x1F, 0x4D, 0xAA, 0x34, 0xB0,
    0x1C, 0x08, 0x9A, 0x1F, 0xF7, 0xFE, 0xB8, 0x8C, 0x14, 0x83, 0xE6, 0xD7, 0xA3, 0xF4, 0x9B, 0xB1,
    0xD8, 0xD6, 0x53, 0x18, 0xCA, 0xA9, 0xE9, 0xCB, 0xB1, 0x55, 0x8E, 0xE7, 0xFB, 0x79, 0xA5, 0x1C,
    0x66, 0x21, 0xEE, 0x67, 0x3F, 0xAB, 0xBB, 0x59, 0xEB, 0xD2, 0xA5, 0x55, 0xB9, 0xD1, 0xA4, 0x41,
    0x79, 0x0D, 0x47, 0x2E, 0x68, 0x3E, 0x8A, 0xB4, 0xBF, 0x88, 0x87, 0xA6, 0xD9, 0x31, 0xAE, 0xB0,
    0x34, 0x4D, 0x64, 0xEB, 0xEC, 0x99, 0xEA, 0xBA, 0x4A, 0xFD, 0xDB, 0x27, 0x77, 0x43, 0xFC, 0xEE,
    0xF1, 0x87, 0x21, 0x7A, 0x18, 0x43, 0xEF, 0x3F, 0x77, 0x4D, 0xE7, 0x37, 0x5A, 0xBE, 0x70, 0x2E,
    0x9B, 0x5D, 0xC9, 0x37, 0x66, 0xC5, 0x94, 0x6D, 0xF7, 0xC8, 0xA7, 0xE5, 0xF5, 0xE4, 0xE3, 0x6A,
    0x28, 0xBF, 0x1C, 0x42, 0xAC, 0x92, 0xD0, 0x57, 0xCF, 0xB9, 0xD1, 0x53, 0x0D, 0x14, 0x23, 0xD9,
    0x84, 0x09, 0xDF, 0x05, 0x6E, 0x2D, 0x67, 0xB0, 0xDB, 0x6F, 0x27, 0x56, 0x43, 0x39, 0xD4, 0xCB,
    0x76, 0x8A, 0xDF, 0xDA, 0xCE, 0x61, 0xD6, 0xFD, 0xB2, 0x1D, 0x57, 0x56, 0xC5, 0xF6, 0x1B, 0xDB,
    0xC9, 0xFF, 0x82, 0x72, 0x22, 0x44, 0xEE, 0xE1, 0x21, 0x2E, 0x5E, 0x90, 0xF6, 0x77, 0xB0, 0xEA,
    0x64, 0x29, 0x2A, 0x7E, 0x1D, 0x85, 0xF7, 0x06, 0xEF, 0xF8, 0xE4, 0xC5, 0x68, 0x5F, 0xFC, 0xB1,
    0x62, 0xBA, 0xAF, 0x7A, 0xFA, 0xA1, 0x37, 0xEE, 0x4D, 0xDE, 0x0A, 0x7B, 0xED, 0xA3, 0xEE, 0x85,
    0x68, 0x1F, 0xF9, 0x89, 0xFA, 0xB3, 0xED, 0xF2, 0x5E, 0xFD, 0x86, 0x0B, 0x78, 0x21, 0xBA, 0x55,
    0x2F, 0x44, 0x75, 0x14, 0x3A, 0x60, 0x9D, 0xAE, 0x53, 0xDA, 0x01, 0xF9, 0xA8, 0x98, 0x0E, 0x23,
    0x1F, 0xB0, 0xFE, 0xEB, 0xD1, 0x72, 0x93, 0x6D, 0x86, 0xC4, 0xB9, 0x67, 0xCC, 0x59, 0x92, 0x6F,
    0xCA, 0xB5, 0x62, 0xBA, 0xDD, 0xEE, 0xF1, 0xB0, 0x55, 0xFE, 0x6A, 0x6F, 0x5E, 0xFD, 0x4D, 0xBC,
    0x52, 0x7D, 0x6E, 0x56, 0xCD, 0xCB, 0xBF, 0x3E, 0xE5, 0xA8, 0xDA, 0x34, 0x51, 0x9D, 0xAE, 0x39,
    0x6B, 0x9E, 0xC3, 0x5F, 0xC0, 0x0C, 0x8F, 0xE0, 0x1E, 0x04, 0x38, 0x02, 0x58, 0x75, 0x21, 0x16,
    0xA9, 0xAB, 0xFB, 0x90, 0x34, 0xDD, 0x49, 0xAB, 0xF5, 0xE6, 0x23, 0xE7, 0x96, 0x6D, 0x98, 0xCD,
    0xB2, 0xCD, 0xF2, 0x67, 0x62, 0xBE, 0x55, 0x4C, 0xC5, 0x13, 0xE5, 0xF0, 0xDA, 0xA4, 0x8A, 0xDF,
    0x9E, 0x84, 0xF8, 0x8F, 0xC6, 0x9F, 0x84, 0xCF, 0x7E, 0xFD, 0x37, 0x43, 0x95, 0xDE, 0x4F, 0xF2,
    0x6D, 0xB1, 0x78, 0xDE, 0xE8, 0xD1, 0xF6, 0x58, 0x3C, 0x37, 0x28, 0x86, 0x97, 0x6A, 0x99, 0x7F,
    0x82, 0x6A, 0x83, 0x7A, 0x8B, 0xB3, 0x33, 0x4C, 0x77, 0xC9, 0xFB, 0xD7, 0x5E, 0x96, 0xE5, 0x4F,
    0x8E, 0x38, 0xBC, 0xE0, 0xDE, 0xA3, 0xED, 0xF8, 0x64, 0x31, 0xFA, 0x7D, 0xD4, 0xF4, 0xEA, 0xAB,
    0x9A, 0xC6, 0x6F, 0xD6, 0xF4, 0xAE, 0x2A, 0x4A, 0x7B, 0x64, 0xE9, 0x60, 0xFE, 0x79, 0x1F, 0x62,
    0xF9, 0xE3, 0x18, 0xFA, 0x9B, 0x55, 0x0C, 0xDD, 0xEB, 0xE5, 0x50, 0xFB, 0x56, 0x39, 0xDC, 0xA6,
    0x18, 0xEF, 0x52, 0x4C, 0xC7, 0xE4, 0xD3, 0xFD, 0x03, 0x1E, 0x93, 0x6D, 0x46, 0x7C, 0x11, 0xF1,
    0x65, 0x8F, 0x04, 0xCF, 0xE0, 0x12, 0x1E, 0xC3, 0xC0, 0xF7, 0x8A, 0x9E, 0xAB, 0xDB, 0x58, 0x6F,
    0xB0, 0xA4, 0xE1, 0x3B, 0x91, 0x3C, 0x45, 0xAC, 0x7B, 0xD4, 0xD0, 0xC0, 0x29, 0x1C, 0xC3, 0x59,
    0x3D, 0xF2, 0x74, 0xBD, 0xE5, 0x7F, 0x7E, 0x36, 0xF3, 0xBF, 0x5D, 0xC9, 0xFE, 0x6E, 0x8F, 0x7C,
    0xDC, 0xA3, 0x58, 0x10, 0xCD, 0xCA, 0x03, 0xAA, 0x3E, 0xDF, 0x0A, 0x5D, 0x31, 0x09, 0xAA, 0x51,
    0xDD, 0xD5, 0x51, 0x13, 0xD7, 0xB4, 0x69, 0xE6, 0x64, 0x75, 0xC1, 0x25, 0xCC, 0xB0, 0x45, 0xB6,
    0x41, 0x3E, 0xA1, 0x98, 0xBE, 0xFE, 0xDB, 0x17, 0xFC, 0xE4, 0x0F, 0x96, 0xDF, 0xA8, 0x93, 0x6F,
    0xDA, 0x8E, 0x8B, 0xD7, 0xE0, 0x1F, 0xB8, 0x60, 0xFF, 0x17, 0xCD, 0xDA, 0x8D, 0x8B, 0x25, 0xD7,
    0x99, 0xDF, 0xF1, 0x4F, 0x55, 0x49, 0x5D, 0xAB, 0xA9, 0x68, 0x8E, 0x80, 0xC5, 0xE8, 0xBD, 0x44,
    0x10, 0x20, 0x9C, 0x99, 0xB9, 0x4B, 0x10, 0x44, 0x81, 0xEE, 0xAE, 0x8A, 0x0C, 0x18, 0x58, 0x88,
    0xCC, 0xFB, 0x4B, 0x80, 0x08, 0x30, 0x60, 0x12, 0x40, 0x82, 0x08, 0x98, 0x90, 0x9E, 0xBE, 0xE5,
    0x15, 0x10, 0x60, 0x01, 0xCF, 0x3F, 0x10, 0x3C, 0x80, 0x01, 0x5B, 0x40, 0x32, 0xC0, 0x90, 0xCC,
    0x26, 0xDD, 0xD3, 0x25, 0x0B, 0x30, 0x10, 0xC0, 0x65, 0x1B, 0x48, 0x60, 0x43, 0x52, 0xD9, 0x15,
    0x04, 0xD8, 0x24, 0x2A, 0xD6, 0x95, 0xDD, 0xAB, 0xA8, 0xBA, 0x4F, 0x74, 0xAB, 0xE8, 0xB4, 0x3C,
    0x19, 0x67, 0xC1, 0x3B, 0x33, 0x9E, 0x46, 0xF5, 0x3B, 0x6A, 0xB8, 0x77, 0x6E, 0x7D, 0xBF, 0xE7,
    0xDC, 0xA7, 0x4E, 0x3F, 0x55, 0xA8, 0x62, 0x3B, 0x67, 0xE3, 0x41, 0x3F, 0x61, 0x80, 0xD5, 0x9C,
    0xD5, 0x9C, 0xFF, 0x6E, 0x40, 0xF2, 0xCB, 0x01, 0xD9, 0xCF, 0x47, 0x14, 0x3F, 0x1E, 0x11, 0xDE,
    0x1E, 0x71, 0x2D, 0x1D, 0x71, 0x90, 0x6C, 0x30, 0x6E, 0x33, 0x1D, 0xB6, 0x99, 0xC5, 0x38, 0x51,
    0xCC, 0x59, 0x32, 0xB1, 0x37, 0xE7, 0xD1, 0x9C, 0x23, 0x93, 0xB4, 0xE7, 0xD4, 0x6A, 0x63, 0x27,
    0x36, 0x27, 0xA7, 0x56, 0xB1, 0xE5, 0xEB, 0x1F, 0xD5, 0xAC, 0x63, 0xCD, 0x3F, 0xFA, 0xC8, 0xFD,
    0x3F, 0xC9, 0x59, 0x51, 0x0B, 0xF1, 0xA7, 0x54, 0xDF, 0x8D, 0x9C, 0x3A, 0x94, 0x8D, 0x0E, 0xE4,
    0xBD, 0x49, 0x68, 0x6D, 0x94, 0x4D, 0x3A, 0xAA, 0x64, 0x83, 0xCA, 0xE5, 0xDE, 0xA1, 0xAF, 0x77,
    0x6E, 0xF8, 0x27, 0xAD, 0x1B, 0xC9, 0x4F, 0x3E, 0x6E, 0xD7, 0xC5, 0x3B, 0xDF, 0xAF, 0xAB, 0xD3,
    0x30, 0x29, 0xFA, 0xD0, 0xC1, 0xEF, 0xAA, 0xF1, 0x46, 0xDA, 0xE2, 0x4A, 0x51, 0xA3, 0x3C, 0x83,
    0x62, 0x7C, 0x42, 0x7C, 0xBC, 0xA6, 0xE1, 0xCD, 0xB4, 0xE5, 0xCD, 0xBC, 0x66, 0xFF, 0x3D, 0xAC,
    0x26, 0xEC, 0xDC, 0x7C, 0x64, 0x52, 0x1E, 0x3F, 0xB0, 0x93, 0x2D, 0xB0, 0x93, 0x16, 0x3A, 0xC8,
    0x1A, 0x08, 0xE0, 0x15, 0xB0, 0xF7, 0xDC, 0xC5, 0xF9, 0x94, 0xCD, 0x43, 0xE6, 0x1E, 0xE1, 0x36,
    0xD2, 0x16, 0x01, 0xAE, 0xC0, 0x01, 0x1C, 0xDE, 0x46, 0xD5, 0xE1, 0x19, 0x90, 0xFC, 0x00, 0xD9,
    0x80, 0xD0, 0xE2, 0x1A, 0x7C, 0x00, 0xF0, 0x8F, 0xE3, 0x4D, 0xF9, 0x16, 0xBA, 0xFA, 0x34, 0x99,
    0x9C, 0x71, 0x94, 0x8D, 0xDC, 0x2D, 0x3A, 0xAE, 0x97, 0x2D, 0xEF, 0xAF, 0x6A, 0x54, 0xB0, 0x86,
    0x7B, 0x70, 0xEC, 0x3C, 0xEE, 0x39, 0x8F, 0x35, 0x54, 0x35, 0x56, 0xAD, 0x44, 0xD8, 0xB8, 0x21,
    0x9D, 0x6D, 0xAE, 0xE2, 0x4D, 0xEC, 0xDC, 0x22, 0x74, 0x54, 0x38, 0x22, 0xE9, 0x49, 0x1B, 0xA0,
    0xD8, 0x1A, 0x8D, 0xB2, 0x71, 0xDD, 0x14, 0x6D, 0x59, 0x97, 0xF5, 0x25, 0x15, 0x6E, 0xE0, 0x08,
    0x13, 0x2E, 0x8E, 0x97, 0x4D, 0xDE, 0xB4, 0x4E, 0xFA, 0xB9, 0x20, 0x14, 0xA7, 0xE0, 0x05, 0x88,
    0xC8, 0x3E, 0xAB, 0x09, 0xDF, 0x6C, 0xD8, 0x4B, 0xDB, 0xC7, 0x8D, 0xF8, 0x1D, 0x92, 0x33, 0xB2,
    0x48, 0x78, 0xA7, 0xB6, 0x97, 0x37, 0xBE, 0x9D, 0x36, 0x0F, 0x09, 0xF1, 0x08, 0x4E, 0x61, 0x02,
    0x1E, 0x37, 0xDD, 0xB7, 0x49, 0xA7, 0xE5, 0x70, 0x0B, 0x3C, 0x1C, 0xB2, 0xA7, 0xBD, 0x4B, 0xF1,
    0x76, 0x4F, 0xFE, 0xD3, 0x86, 0xEC, 0x0C, 0xC9, 0xE6, 0x71, 0xE3, 0x3D, 0xEF, 0x96, 0x90, 0x75,
    0xC2, 0x3B, 0x8D, 0xFC, 0x8C, 0x6C, 0x22, 0xBD, 0xF5, 0x90, 0x10, 0xFD, 0x6E, 0xD2, 0x60, 0xB7,
    0x68, 0x50, 0xEE, 0x43, 0xD8, 0x40, 0xDE, 0x03, 0x84, 0x18, 0x6F, 0xD9, 0x92, 0x9E, 0x61, 0x4A,
    0x4E, 0x5A, 0xC9, 0x46, 0xE8, 0xA4, 0xA3, 0x7C, 0x90, 0xFD, 0xDF, 0xFF, 0x46, 0x79, 0xBF, 0xCD,
    0xD0, 0xCD, 0xD9, 0x6E, 0xB3, 0x6C, 0x64, 0x83, 0x55, 0xBD, 0xCD, 0x8A, 0xA2, 0x57, 0x11, 0x3A,
    0x87, 0x94, 0xAD, 0xE3, 0x19, 0x7B, 0xE2, 0x4C, 0x32, 0xC9, 0x37, 0xD2, 0x8D, 0x75, 0xAF, 0x8C,
    0x31, 0xD6, 0xD6, 0x71, 0x0B, 0x0F, 0xCF, 0xAD, 0xE0, 0x6F, 0x0D, 0xFB, 0xB0, 0xEE, 0x8F, 0xA0,
    0xE8, 0x46, 0xC8, 0x3E, 0xEE, 0x21, 0xFF, 0x71, 0x0B, 0xC5, 0x1F, 0xD4, 0x10, 0x6A, 0x24, 0x67,
    0x25, 0x84, 0xF8, 0xAF, 0xD8, 0x16, 0xB6, 0x33, 0x38, 0x75, 0x83, 0xA5, 0xB8, 0x59, 0xCA, 0x9B,
    0xA5, 0xC0, 0x59, 0x4A, 0x9C, 0xA5, 0xC8, 0x51, 0xB9, 0x3C, 0xE0, 0xD0, 0x8B, 0x3D, 0xDB, 0x52,
    0xD7, 0xCD, 0xC3, 0x4F, 0x5A, 0xAC, 0xF3, 0x77, 0x5A, 0xCC, 0x05, 0x8F, 0xA2, 0x9F, 0x87, 0xAD,
    0xA5, 0x9E, 0xFB, 0x2D, 0xF5, 0xBF, 0xD6, 0x52, 0x71, 0x61, 0x29, 0x89, 0xB1, 0xCB, 0x86, 0x34,
    0xC6, 0x76, 0x71, 0x95, 0x9F, 0x5B, 0x5A, 0xDF, 0x6F, 0xC9, 0x24, 0x9F, 0x24, 0xB3, 0xA5, 0x97,
    0x7E, 0xD5, 0xD2, 0xD7, 0x46, 0xA8, 0x06, 0x0B, 0x19, 0x45, 0x8C, 0x08, 0x73, 0x0A, 0xED, 0x9C,
    0xCD, 0xEC, 0xA5, 0x5E, 0xB4, 0x2C, 0x56, 0x16, 0x29, 0x8B, 0x93, 0x45, 0xC9, 0x6C, 0x64, 0x16,
    0x32, 0x58, 0x7C, 0xCC, 0x55, 0x7F, 0xB6, 0xD1, 0x99, 0xEB, 0xFE, 0xEC, 0xE2, 0xE3, 0x76, 0xAB,
    0xE2, 0xFB, 0xF5, 0xD6, 0xC4, 0x29, 0xE7, 0xD7, 0xBC, 0x24, 0x4E, 0x48, 0xE7, 0x04, 0xE0, 0x62,
    0x2D, 0xC5, 0xC1, 0x4E, 0x9C, 0x65, 0x4D, 0xB2, 0x6E, 0x0B, 0x93, 0xB5, 0x66, 0xF7, 0x8B, 0x7A,
    0xD9, 0x05, 0x83, 0xD0, 0x5D, 0xB8, 0x2D, 0x63, 0x6C, 0x59, 0xD5, 0x50, 0xB9, 0xC8, 0x43, 0x70,
    0x0C, 0x26, 0x48, 0x26, 0xE9, 0x20, 0xDD, 0x28, 0xBA, 0x79, 0x2D, 0xB5, 0xD6, 0xB3, 0x2B, 0x2F,
    0x7E, 0xD4, 0x58, 0xC5, 0x76, 0x1E, 0x79, 0x40, 0xA1, 0x58, 0xD5, 0x45, 0x1B, 0x9A, 0xB2, 0x0E,
    0x4D, 0xA5, 0xAC, 0x0F, 0x93, 0xE8, 0xDE, 0xC9, 0xA7, 0xE2, 0xA7, 0x0F, 0xFA, 0x16, 0x0D, 0xAA,
    0xD8, 0x2A, 0x4E, 0x41, 0xF3, 0x34, 0xB4, 0xCF, 0x42, 0x7F, 0x00, 0x71, 0x80, 0x75, 0xF3, 0x64,
    0x90, 0xFF, 0x8E, 0x77, 0xBD, 0xAC, 0xF7, 0x72, 0xDA, 0x0A, 0xFF, 0xB0, 0x11, 0xCE, 0x48, 0x7F,
    0xF0, 0xB0, 0xE8, 0x43, 0x03, 0xAB, 0x16, 0xCA, 0xE6, 0xC9, 0x99, 0xF1, 0x07, 0x5D, 0x1A, 0x1E,
    0x02, 0xF3, 0x6F, 0x9F, 0x6A, 0x41, 0x49, 0x5B, 0x28, 0xC0, 0x65, 0x70, 0xED, 0x29, 0x58, 0x8D,
    0x10, 0xBA, 0xBF, 0x26, 0x67, 0xC4, 0x07, 0x24, 0x3D, 0x59, 0x43, 0x51, 0x13, 0xFE, 0x07, 0xC5,
    0x86, 0xE4, 0xA6, 0x8B, 0x55, 0x3F, 0xEC, 0xC1, 0x1F, 0x8D, 0x50, 0x75, 0x73, 0xD6, 0x4F, 0xC6,
    0xEC, 0xCF, 0x57, 0xCE, 0xF4, 0xFE, 0x2B, 0xE7, 0xC3, 0x5A, 0xF5, 0x2F, 0xC0, 0x09, 0xD2, 0x58,
    0x53, 0x7C, 0xD8, 0x72, 0x35, 0xE9, 0x7E, 0x75, 0x73, 0x70, 0xA6, 0xEA, 0x92, 0x53, 0xA7, 0x1C,
    0x64, 0x23, 0x07, 0x45, 0x87, 0xB2, 0xC5, 0xC5, 0xE6, 0xE0, 0x90, 0x8B, 0xCD, 0x41, 0xEC, 0x8F,
    0x39, 0x69, 0xEF, 0x11, 0xE6, 0x68, 0xD6, 0x94, 0x75, 0x55, 0xAB, 0xAC, 0x3A, 0x95, 0xF0, 0x79,
    0x72, 0x4F, 0x1A, 0xE3, 0xE9, 0xF9, 0xDE, 0x27, 0xDD, 0x46, 0x18, 0x50, 0x0D, 0xB8, 0x7B, 0x97,
    0xB4, 0xDF, 0x65, 0xA7, 0x7E, 0x1E, 0xD8, 0x62, 0x8E, 0xF2, 0x18, 0x07, 0xE5, 0x77, 0xFF, 0x77,
    0x67, 0xDF, 0x86, 0x23, 0x13, 0x1B, 0x1B, 0x36, 0x46, 0xC6, 0x74, 0x60, 0x93, 0xF5, 0x4C, 0x65,
    0xCB, 0x3A, 0xA2, 0x1C, 0xD1, 0x23, 0xEB, 0x90, 0x7D, 0x3E, 0x83, 0x6E, 0xF3, 0x24, 0x76, 0x8A,
    0xFA, 0xBD, 0xC1, 0xAE, 0x74, 0x74, 0xC4, 0xC6, 0x91, 0x64, 0xB4, 0xAE, 0x8B, 0xC1, 0x2A, 0xC6,
    0xC6, 0xCE, 0xFC, 0x3A, 0x4F, 0x7B, 0x8E, 0x4B, 0x6E, 0x53, 0xA4, 0x1D, 0x79, 0x6C, 0x48, 0x4F,
    0x3D, 0x6E, 0x43, 0x4D, 0x8A, 0xAE, 0x40, 0xF7, 0x0A, 0x3E, 0x3F, 0xC2, 0xC9, 0x80, 0x17, 0xEB,
    0xDF, 0xB6, 0x21, 0xC7, 0x70, 0x06, 0x47, 0xE0, 0xB1, 0xCB, 0xD9, 0xA9, 0x51, 0x76, 0x96, 0x58,
    0x7E, 0xE5, 0xB7, 0xEE, 0x05, 0x14, 0xF0, 0x01, 0x0C, 0x30, 0xC1, 0xDD, 0xC7, 0x6E, 0x08, 0xB8,
    0x8D, 0xBC, 0xC1, 0x65, 0x28, 0x67, 0x6B, 0x2D, 0x2E, 0x3D, 0x01, 0xAE, 0xBE, 0x0D, 0xD2, 0x09,
    0x14, 0x67, 0xE0, 0x5A, 0x00, 0x77, 0xF2, 0x1A, 0x40, 0x88, 0x43, 0x1E, 0x47, 0x45, 0xBC, 0x99,
    0xC7, 0x8E, 0x89, 0x7B, 0x24, 0x13, 0xC7, 0xA4, 0x1B, 0x26, 0xB2, 0x81, 0xCD, 0x3C, 0x24, 0x23,
    0x79, 0x2F, 0x1D, 0x28, 0x3A, 0xD9, 0x40, 0x68, 0xE5, 0x4B, 0x55, 0x8E, 0x1D, 0xAB, 0xB9, 0xCE,
    0xAA, 0x6A, 0x61, 0x3B, 0x2C, 0x4A, 0x0E, 0x59, 0xE1, 0x98, 0x0A, 0x13, 0x87, 0xF7, 0x7F, 0xC0,
    0x4B, 0x67, 0xF2, 0xB3, 0xDA, 0x3A, 0xD6, 0x55, 0x6C, 0xE1, 0x3B, 0x48, 0xCE, 0x90, 0x7F, 0x86,
    0x32, 0xD4, 0x1C, 0x64, 0x2D, 0xF0, 0x62, 0x47, 0x1A, 0x5B, 0x9C, 0x34, 0xE7, 0xD2, 0x57, 0xB0,
    0x0F, 0x7B, 0x70, 0x90, 0x6F, 0xB8, 0xBB, 0x3A, 0x65, 0x1C, 0x0F, 0xF9, 0xF3, 0x66, 0x5F, 0xF2,
    0xDF, 0xDC, 0x90, 0xFE, 0x27, 0x93, 0xEC, 0x3F, 0x9A, 0xE4, 0xB7, 0xD3, 0x51, 0xD1, 0x67, 0x83,
    0xD0, 0xE6, 0xBD, 0xD0, 0x16, 0x9D, 0xB2, 0x09, 0xAD, 0x55, 0x5D, 0x7E, 0xD8, 0x54, 0x56, 0x27,
    0xF6, 0x55, 0x1B, 0x37, 0x54, 0x8D, 0x73, 0x47, 0x21, 0x76, 0x79, 0xEC, 0xCF, 0x1D, 0x59, 0x10,
    0x92, 0x05, 0xA1, 0x8A, 0xB3, 0x81, 0xF5, 0x76, 0x68, 0x65, 0x83, 0x74, 0xA4, 0xE8, 0x2D, 0x8E,
    0x96, 0x61, 0x71, 0x54, 0x2E, 0x8E, 0x56, 0x17, 0x8E, 0x1A, 0xD6, 0xAC, 0xEA, 0xFB, 0x1C, 0x9D,
    0x7F, 0xC0, 0x03, 0x1D, 0xFD, 0x83, 0x8E, 0x24, 0xB6, 0x96, 0xB7, 0x67, 0x31, 0x36, 0xF2, 0x18,
    0x6B, 0xF6, 0x61, 0xF7, 0x57, 0x2D, 0x0C, 0xE7, 0x16, 0xD2, 0xAD, 0x85, 0xEC, 0x37, 0xB4, 0xE0,
    0xEE, 0x65, 0xE9, 0xD9, 0x15, 0xD9, 0x3B, 0x1B, 0x45, 0xDA, 0x03, 0x66, 0x3B, 0xDB, 0xE5, 0xC3,
    0x44, 0xB2, 0x31, 0x93, 0x67, 0xC3, 0x72, 0xE4, 0x3D, 0x45, 0x67, 0x46, 0x2D, 0x9B, 0x05, 0xB2,
    0x42, 0x85, 0x43, 0x1C, 0x5B, 0xDE, 0x36, 0x91, 0x8E, 0x33, 0xE4, 0x96, 0x90, 0x4B, 0x1A, 0xAB,
    0xB7, 0x5B, 0xFF, 0xEC, 0x93, 0xC6, 0xED, 0x2F, 0xE8, 0xEE, 0x49, 0x9A, 0x37, 0x80, 0x55, 0x2D,
    0x8D, 0x8D, 0x10, 0x6B, 0x7B, 0x2B, 0x9E, 0xDB, 0x77, 0xF1, 0xA7, 0xED, 0x86, 0x64, 0x24, 0x1D,
    0xC8, 0x7A, 0xF2, 0x8E, 0xF0, 0xE3, 0x76, 0x7E, 0x6D, 0x39, 0x51, 0xDE, 0x44, 0x1A, 0x27, 0x59,
    0xDC, 0xC0, 0x23, 0x64, 0x98, 0x5B, 0xAD, 0xF3, 0xFF, 0x5C, 0x34, 0x5A, 0x1F, 0xCE, 0xF9, 0xAB,
    0x9F, 0x96, 0xB4, 0x2F, 0x4B, 0xBA, 0xEB, 0xC4, 0x81, 0x75, 0xF3, 0xC8, 0x18, 0x5E, 0xD3, 0xF8,
    0xBD, 0xB4, 0x9D, 0x9B, 0xA3, 0xFB, 0xEF, 0xB1, 0x9A, 0xD8, 0xB9, 0xF9, 0x70, 0x38, 0x1E, 0xC1,
    0xF9, 0xA6, 0x35, 0x97, 0xF0, 0x32, 0xDE, 0xC2, 0x75, 0xAC, 0x5B, 0x56, 0xE0, 0x10, 0x91, 0x24,
    0xE2, 0x18, 0x00, 0x28, 0x3A, 0x4E, 0x7A, 0x59, 0xEC, 0x84, 0xDF, 0x6F, 0x3D, 0x35, 0x7F, 0x6E,
    0xCD, 0x0A, 0x0F, 0xE0, 0xCA, 0x86, 0xDB, 0xF3, 0x6B, 0xF3, 0x48, 0xBE, 0xC1, 0xB2, 0x1B, 0x76,
    0x19, 0xBB, 0xB8, 0x8B, 0xB3, 0x9E, 0x93, 0x96, 0x17, 0xB0, 0x40, 0x54, 0xCB, 0x3F, 0xFA, 0x28,
    0xD7, 0xDC, 0xAA, 0x4E, 0x63, 0x13, 0x62, 0xBD, 0xB7, 0x9A, 0xE7, 0xE3, 0x06, 0x47, 0x6C, 0x24,
    0xA3, 0x74, 0x90, 0xF5, 0xF2, 0x6E, 0x3B, 0x0F, 0x21, 0xD6, 0xE5, 0xB4, 0x4C, 0x82, 0x9D, 0x1A,
    0x55, 0x8B, 0x2F, 0x3A, 0xB2, 0xFF, 0x3A, 0x10, 0xEA, 0xDB, 0x80, 0x10, 0x7B, 0x8A, 0xD8, 0x90,
    0x6C, 0x90, 0x8E, 0xC8, 0x86, 0xF3, 0xC8, 0xFB, 0xC5, 0x1C, 0xE1, 0xBC, 0x10, 0x5D, 0x5C, 0x5F,
    0x97, 0x38, 0x84, 0x63, 0x98, 0x90, 0x6C, 0x78, 0x3F, 0x1B, 0x98, 0x8A, 0x9E, 0x18, 0xB7, 0x60,
    0x1B, 0xE0, 0xEB, 0x17, 0xDB, 0xE6, 0x86, 0xFC, 0x27, 0x2D, 0x65, 0xDA, 0xF1, 0x86, 0x9B, 0x80,
    0x74, 0xC0, 0x6A, 0x44, 0x1C, 0xC8, 0xFE, 0x74, 0x1B, 0x59, 0x8F, 0xBC, 0x43, 0xD1, 0x22, 0xCC,
    0xF1, 0x6B, 0xAF, 0x0A, 0x70, 0x04, 0x1B, 0x18, 0x91, 0xCE, 0x2C, 0x1D, 0xF2, 0x96, 0x37, 0x0A,
    0x1C, 0x5E, 0xC5, 0x7A, 0xC4, 0xAA, 0xB1, 0xCC, 0x52, 0x88, 0xCD, 0x56, 0x42, 0x71, 0x86, 0x49,
    0xD6, 0xCF, 0x20, 0x65, 0x3D, 0xFB, 0xB8, 0x81, 0x6C, 0x48, 0x17, 0x27, 0x45, 0x3B, 0x5B, 0xD9,
    0x37, 0x7B, 0xD9, 0x38, 0x37, 0x48, 0x19, 0x07, 0x58, 0x7D, 0x63, 0x84, 0x2A, 0x99, 0xA0, 0x72,
    0x06, 0x87, 0xD6, 0x70, 0xAC, 0x6A, 0x30, 0x29, 0x5B, 0x92, 0x49, 0xE8, 0x49, 0x47, 0xF9, 0x48,
    0x79, 0x26, 0x5B, 0x6A, 0x7F, 0x1E, 0x6B, 0x00, 0xAE, 0x01, 0x15, 0x10, 0x80, 0x67, 0x81, 0x3B,
    0x40, 0x7D, 0xFF, 0x25, 0xB3, 0x45, 0x79, 0x6E, 0x48, 0x05, 0xFB, 0x70, 0xC3, 0x9A, 0xA3, 0xAD,
    0xFC, 0x69, 0x8B, 0xBB, 0xD9, 0x2B, 0xEB, 0x64, 0x1C, 0x2E, 0x4B, 0x7F, 0xD9, 0x92, 0x7D, 0x81,
    0x2C, 0xA2, 0xF8, 0xAC, 0x21, 0xFC, 0xB4, 0x25, 0xFC, 0x61, 0x47, 0xF9, 0x8D, 0x81, 0x55, 0x3A,
    0x3E, 0xAB, 0x32, 0x5D, 0xB7, 0x6F, 0xDD, 0xBB, 0x61, 0x55, 0x03, 0x76, 0xE1, 0x1E, 0xEC, 0xC3,
    0x15, 0xF8, 0x00, 0xD9, 0x4D, 0x00, 0x27, 0x4D, 0xD1, 0xE5, 0xB1, 0xAE, 0x86, 0x10, 0x93, 0x38,
    0xBC, 0x5C, 0xE5, 0x9F, 0xF4, 0xAF, 0xED, 0x87, 0xB4, 0x75, 0xE3, 0x2D, 0x4C, 0x03, 0x62, 0x4B,
    0x12, 0x3B, 0xD2, 0xBF, 0x1C, 0xC8, 0xFE, 0x7C, 0x24, 0xEB, 0x27, 0xF2, 0xEE, 0x38, 0x6D, 0x8A,
    0xB6, 0xFA, 0x7D, 0xA1, 0x5D, 0x6D, 0x94, 0x4D, 0xD1, 0xC1, 0x77, 0x48, 0x37, 0x96, 0x92, 0x83,
    0x5D, 0xA0, 0x8C, 0xAD, 0xF2, 0xAC, 0x76, 0xFF, 0x97, 0xEB, 0xFE, 0x2F, 0xD8, 0xFA, 0xE2, 0xCB,
    0x75, 0xFF, 0xF7, 0x32, 0x1F, 0xEC, 0x15, 0xBD, 0x69, 0x1D, 0xE3, 0x26, 0xC6, 0x38, 0x90, 0xDE,
    0x22, 0x74, 0xCB, 0x9B, 0x0F, 0xD0, 0x03, 0x5F, 0xEB, 0xE7, 0xF3, 0x9D, 0x65, 0x87, 0xE6, 0xA2,
    0x90, 0x54, 0xF8, 0x75, 0x45, 0xF2, 0xA2, 0x50, 0x2A, 0xBE, 0xFA, 0xB6, 0xBC, 0x56, 0xDD, 0xA3,
    0x1A, 0xA9, 0x9A, 0x47, 0xC5, 0x81, 0x6B, 0xA8, 0x10, 0xF0, 0x2C, 0xEE, 0xA0, 0xC6, 0xD3, 0x77,
    0xAD, 0x47, 0xAB, 0xF3, 0xE2, 0x51, 0xB4, 0x42, 0x2B, 0x34, 0xCA, 0xDA, 0x8A, 0xF3, 0x12, 0x63,
    0xBA, 0xBF, 0xCA, 0x14, 0x1F, 0x77, 0xE1, 0xB3, 0x26, 0x9C, 0x0A, 0x3D, 0x04, 0x56, 0x8D, 0x50,
    0x2B, 0x78, 0x85, 0x1E, 0x0B, 0xCC, 0x46, 0x79, 0xF6, 0xF6, 0x20, 0x1B, 0xB2, 0x4E, 0xDE, 0xE7,
    0x8D, 0xA2, 0x0B, 0x84, 0xF6, 0xD9, 0x07, 0x17, 0x95, 0xF5, 0x45, 0x3D, 0x59, 0xE2, 0xBE, 0xCA,
    0xB4, 0xD0, 0xD9, 0xE2, 0xD9, 0xF2, 0x39, 0x07, 0x3C, 0xF2, 0xB5, 0x7E, 0x93, 0xC4, 0x9F, 0x0F,
    0x4E, 0x3E, 0xE9, 0x84, 0x7F, 0xDE, 0x28, 0x7F, 0x9F, 0xD5, 0x33, 0x0F, 0x6F, 0x56, 0xE6, 0x69,
    0x79, 0x60, 0x61, 0xFC, 0x2A, 0x48, 0x68, 0x54, 0x56, 0xAD, 0xB5, 0xB2, 0xFE, 0x0D, 0x40, 0xBE,
    0xD6, 0x27, 0xB1, 0x73, 0x72, 0x31, 0x05, 0x2A, 0xFE, 0xDF, 0x42, 0x3F, 0x7C, 0x3B, 0xFB, 0x93,
    0x29, 0xFF, 0xF9, 0x54, 0xB4, 0xB7, 0xC2, 0xF2, 0xC2, 0xBC, 0xAE, 0xEE, 0xA9, 0x46, 0x55, 0x43,
    0x11, 0x87, 0x6D, 0xDC, 0x74, 0xBF, 0xCA, 0x74, 0x83, 0x6C, 0x39, 0x83, 0xEB, 0xE4, 0x7F, 0x3A,
    0x5A, 0xAA, 0x7F, 0xD8, 0xE0, 0xA4, 0x25, 0x8B, 0x0D, 0xD9, 0xBA, 0x7E, 0x50, 0x7D, 0x0F, 0x8D,
    0xC9, 0xAA, 0xDE, 0x76, 0xA0, 0x55, 0x31, 0x9E, 0xB1, 0x73, 0xC7, 0xC9, 0x60, 0x35, 0xC8, 0x7B,
    0xF9, 0x57, 0x57, 0xCE, 0x53, 0xAA, 0x5D, 0xD5, 0x68, 0xDD, 0xA4, 0xA7, 0xC2, 0xC6, 0xFE, 0xE8,
    0x6F, 0x0E, 0xB2, 0x8B, 0xC5, 0xD3, 0x86, 0x65, 0xF1, 0x74, 0x20, 0xBD, 0x05, 0xE7, 0xBF, 0xAD,
    0x80, 0x03, 0xA0, 0x07, 0xA0, 0x88, 0x75, 0x36, 0x5F, 0x53, 0x9B, 0x34, 0x36, 0xC4, 0xD6, 0x2E,
    0x49, 0x6C, 0x5D, 0x27, 0xFD, 0xAC, 0x73, 0x87, 0xEC, 0xDF, 0xF7, 0x06, 0xB2, 0x9F, 0x0C, 0x06,
    0xF2, 0x0F, 0x87, 0xA4, 0xA7, 0xF8, 0xC6, 0x98, 0xB6, 0x84, 0x74, 0x93, 0xB5, 0x94, 0xC9, 0x94,
    0x37, 0x5C, 0x35, 0x15, 0x35, 0xBB, 0x8E, 0x03, 0x76, 0x1D, 0x06, 0x5C, 0x57, 0xBD, 0x8A, 0x3B,
    0xAA, 0xAB, 0x18, 0xAC, 0x0E, 0x48, 0x7A, 0xE5, 0x86, 0xB4, 0x13, 0x46, 0x5E, 0xDA, 0x08, 0x03,
    0xEB, 0x53, 0xC5, 0x00, 0x2E, 0x35, 0xCC, 0xD6, 0xDD, 0x80, 0x59, 0x6E, 0x87, 0x1D, 0x40, 0x72,
    0x92, 0xDC, 0x53, 0x9C, 0x15, 0xB1, 0x79, 0x65, 0xEF, 0x6A, 0x68, 0x5F, 0xDB, 0x7D, 0x3F, 0xB4,
    0xAE, 0xB7, 0xA1, 0xF1, 0xAF, 0xEB, 0x55, 0xED, 0x2F, 0x55, 0x7C, 0xEE, 0x50, 0x32, 0x39, 0x96,
    0x8E, 0x26, 0xD9, 0x90, 0x6C, 0x96, 0x6B, 0x4E, 0xDE, 0x67, 0xC3, 0xED, 0xA2, 0xCB, 0xBF, 0xE8,
    0x42, 0x5B, 0x44, 0xA1, 0x29, 0x3E, 0x7D, 0x42, 0x2D, 0x00, 0x7B, 0xC0, 0x21, 0xF0, 0x2A, 0x70,
    0x05, 0x24, 0xB7, 0x41, 0x52, 0x3F, 0x12, 0x27, 0xA0, 0xA8, 0xB1, 0x6A, 0x50, 0x34, 0xC8, 0x6B,
    0xBC, 0x0A, 0x77, 0x00, 0xF0, 0xBB, 0xBE, 0x05, 0xAF, 0xE6, 0x2D, 0x84, 0xF7, 0x40, 0x31, 0x81,
    0x6C, 0x78, 0xB2, 0xD7, 0xDA, 0xEB, 0xC9, 0x4D, 0xAE, 0xE4, 0x2D, 0x65, 0x89, 0x30, 0xA1, 0x18,
    0x2D, 0x3B, 0xF6, 0x47, 0xE2, 0x35, 0x44, 0x0F, 0xB0, 0xF0, 0xD9, 0x62, 0xE1, 0x8F, 0x17, 0x0B,
    0x0B, 0x7E, 0xF6, 0xC9, 0x62, 0xE1, 0x0F, 0xC6, 0xA4, 0xA3, 0x48, 0x66, 0xFC, 0x60, 0xDA, 0x0E,
    0xAF, 0x3A, 0x5E, 0x2C, 0x1C, 0x2E, 0x16, 0xAA, 0xC0, 0xF9, 0x70, 0x5D, 0xF9, 0x2F, 0x70, 0x47,
    0xF8, 0xEF, 0x18, 0x66, 0xA8, 0xA4, 0x57, 0x2C, 0x16, 0xB2, 0xC5, 0x42, 0xB6, 0x58, 0x48, 0x07,
    0x90, 0x74, 0x20, 0x6D, 0x41, 0xD6, 0xC2, 0x73, 0x79, 0x0D, 0x07, 0x25, 0x58, 0x4F, 0x60, 0xD5,
    0x2F, 0x4E, 0x4E, 0x15, 0x67, 0x21, 0xD6, 0xAF, 0xEC, 0x5D, 0x59, 0x35, 0xAF, 0xED, 0xBE, 0x5B,
    0x36, 0xAE, 0xB7, 0x65, 0xBD, 0x75, 0xC2, 0x5F, 0x2C, 0x4E, 0xF6, 0x25, 0x93, 0x1B, 0x4B, 0xCF,
    0x25, 0x1B, 0x66, 0x31, 0x36, 0xF2, 0x3E, 0x19, 0x14, 0x5D, 0x3A, 0x08, 0x6D, 0xD6, 0x0B, 0xCD,
    0xF9, 0x56, 0x92, 0xA2, 0x41, 0x80, 0x57, 0xF1, 0xDA, 0x2E, 0x8E, 0x3E, 0xC0, 0x49, 0x8F, 0xAA,
    0x86, 0xB0, 0xB4, 0xB3, 0x3B, 0xF7, 0xFF, 0xBC, 0xF7, 0x39, 0x45, 0x8C, 0x8D, 0xAA, 0x7B, 0x69,
    0x70, 0x2A, 0xDD, 0x64, 0xA3, 0x65, 0xCF, 0x7C, 0x1C, 0x5A, 0x0E, 0x57, 0x35, 0x87, 0x15, 0x0E,
    0xD7, 0xDB, 0xB8, 0x87, 0xE3, 0x63, 0x9C, 0x9E, 0x62, 0x3A, 0x25, 0xDD, 0x1C, 0x93, 0x0D, 0xF7,
    0x28, 0xFA, 0x8A, 0xB2, 0xAD, 0x1A, 0x6B, 0xA1, 0xCF, 0x27, 0x59, 0x8C, 0xFD, 0xF2, 0x11, 0x76,
    0x3E, 0xBA, 0x25, 0xC4, 0xC1, 0xA5, 0x8F, 0x6E, 0x02, 0x60, 0x36, 0xEA, 0x24, 0xD6, 0xD9, 0xA6,
    0x6C, 0x8B, 0x2E, 0xEF, 0xCA, 0x26, 0xEF, 0x2B, 0x59, 0x7F, 0x28, 0xEF, 0x8F, 0xE5, 0xDD, 0x24,
    0xB4, 0xCB, 0x51, 0x36, 0x93, 0xCA, 0x91, 0x63, 0xEB, 0x6C, 0x63, 0x15, 0x3B, 0xF9, 0x19, 0x3C,
    0xED, 0x35, 0x2E, 0xBB, 0x4D, 0x48, 0x3B, 0x8A, 0xA5, 0xC5, 0xFB, 0xD8, 0xF1, 0x3C, 0x2F, 0xF7,
    0xA6, 0xDC, 0x6D, 0xF9, 0x1F, 0x77, 0xB2, 0xD8, 0xF0, 0xA3, 0x87, 0x84, 0xE8, 0x78, 0xD5, 0x60,
    0x3C, 0x46, 0xFA, 0xB3, 0x1E, 0x79, 0x5E, 0xE3, 0x02, 0x71, 0x61, 0x5C, 0x20, 0x67, 0x4A, 0x33,
    0xA6, 0x99, 0xD3, 0x0C, 0x6A, 0x26, 0x35, 0xA3, 0x9A, 0x59, 0xCD, 0xB0, 0x66, 0x5A, 0x33, 0xAE,
    0x99, 0xD7, 0x0C, 0x6C, 0x26, 0x36, 0x23, 0x9B, 0x99, 0x17, 0x68, 0x0B, 0xF5, 0xF2, 0xB1, 0x7C,
    0xFD, 0xD2, 0x4D, 0x6E, 0xAC, 0x1A, 0x36, 0x87, 0x24, 0xFD, 0x48, 0xF6, 0xE3, 0x8E, 0x34, 0xE5,
    0x02, 0x7F, 0xCB, 0x6F, 0x2B, 0xC0, 0xD6, 0x80, 0xAD, 0x02, 0x5B, 0x07, 0xB6, 0x12, 0x6C, 0x2D,
    0xD8, 0x2A, 0x38, 0x8F, 0xB2, 0x31, 0xA9, 0xCC, 0x2A, 0x66, 0x17, 0xB3, 0x8C, 0x73, 0x1B, 0xEF,
    0xC5, 0x79, 0x7F, 0x92, 0x6F, 0x87, 0xD8, 0xAB, 0x3E, 0x35, 0xC9, 0x3A, 0x67, 0xCB, 0x8D, 0x9D,
    0x6C, 0x94, 0x8E, 0x9C, 0xF7, 0xC3, 0xCE, 0x1B, 0x62, 0x96, 0xBB, 0xDA, 0x54, 0x14, 0x1D, 0x33,
    0xCF, 0xF6, 0xED, 0xF7, 0x28, 0x63, 0xEC, 0x1C, 0x33, 0x5B, 0x3E, 0xA6, 0x82, 0x53, 0x2A, 0x38,
    0xBE, 0xE8, 0xDE, 0x1E, 0x43, 0xC5, 0x04, 0x55, 0x6B, 0x92, 0x0E, 0xC2, 0x98, 0x6C, 0x14, 0x9D,
    0x6C, 0x3E, 0x9D, 0xD6, 0x72, 0x7A, 0xF5, 0xCC, 0xBD, 0xEE, 0x9C, 0xC4, 0x3C, 0x0E, 0x5F, 0x92,
    0x7F, 0xFF, 0xBB, 0x9B, 0x2F, 0xD1, 0x4F, 0x4D, 0x5F, 0xB2, 0x6F, 0x6C, 0xAA, 0xB9, 0xDA, 0x1D,
    0xCA, 0x87, 0x97, 0x86, 0x63, 0xF9, 0x9F, 0x9D, 0xD5, 0x93, 0x70, 0x56, 0x2F, 0x02, 0x4C, 0xCA,
    0x39, 0xAB, 0x56, 0x77, 0xE4, 0xA4, 0xCB, 0x9A, 0x75, 0xF6, 0xC5, 0x58, 0x5A, 0xC5, 0x3F, 0x89,
    0xD3, 0x56, 0xC3, 0xBA, 0x5B, 0xE4, 0x83, 0x53, 0x48, 0x07, 0xC8, 0x5B, 0xB8, 0x0C, 0xB0, 0x10,
    0xDA, 0x89, 0x71, 0x99, 0xDE, 0x13, 0x92, 0x8D, 0xAA, 0x96, 0x8E, 0xDB, 0xCC, 0x86, 0xF3, 0x24,
    0xEF, 0x67, 0x23, 0x9D, 0x89, 0xD0, 0xE6, 0xE3, 0x6C, 0xA5, 0x61, 0x15, 0xCF, 0x50, 0xD5, 0xCB,
    0x5E, 0xBF, 0x6C, 0x39, 0x14, 0x5A, 0x8E, 0xE7, 0x9C, 0x84, 0xCE, 0xC2, 0x9F, 0x7E, 0x99, 0x83,
    0x97, 0x62, 0x9D, 0x4F, 0xD6, 0xB1, 0x4E, 0x27, 0xF8, 0x11, 0xC9, 0x44, 0x36, 0x50, 0x34, 0xBC,
    0x8A, 0xD7, 0x41, 0x72, 0x92, 0x8E, 0xC5, 0x59, 0xD8, 0xBC, 0xB2, 0xF7, 0x77, 0x87, 0xD7, 0x76,
    0x6F, 0xD6, 0xFE, 0x69, 0xCB, 0xBF, 0xC1, 0x5F, 0xB8, 0x68, 0x36, 0x5C, 0xF4, 0x28, 0x2E, 0x76,
    0xC5, 0xDB, 0xA3, 0x79, 0x02, 0xC8, 0xC0, 0x55, 0xB0, 0xC6, 0xC2, 0xC6, 0x2B, 0xE0, 0x0E, 0x24,
    0x35, 0xBC, 0xD7, 0x1E, 0x4B, 0xE3, 0x87, 0x67, 0xF2, 0x77, 0xFE, 0xFE, 0x81, 0xDF, 0x09, 0xAF,
    0x3F, 0xC7, 0xAB, 0xEF, 0xE3, 0x6A, 0x8B, 0xBD, 0xE6, 0xFF, 0xF7, 0xC7, 0xC6, 0x45, 0xD7, 0x60,
    0x8E, 0x1E, 0x38, 0xAF, 0xF7, 0x2D, 0xF2, 0x16, 0x59, 0x83, 0x02, 0xAE, 0x03, 0x20, 0xA9, 0x9F,
    0x46, 0xD2, 0x1F, 0xD8, 0x5A, 0x1D, 0xE0, 0xA4, 0x85, 0xEA, 0x09, 0x59, 0x1D, 0x69, 0xFD, 0x86,
    0xAC, 0xBD, 0x2B, 0xFD, 0x45, 0x2F, 0x89, 0x2D, 0x11, 0x3F, 0x7C, 0x38, 0xAB, 0x83, 0x17, 0x6B,
    0xAC, 0x61, 0x83, 0xAC, 0x43, 0x01, 0x90, 0xC4, 0x4F, 0x59, 0xC5, 0x58, 0xBB, 0x67, 0x5D, 0x27,
    0xA3, 0x52, 0x3A, 0x08, 0xB2, 0xC1, 0x53, 0x16, 0xD7, 0xB3, 0xFF, 0x78, 0x13, 0x27, 0xA7, 0x28,
    0x63, 0x83, 0x93, 0x0E, 0x61, 0x99, 0x10, 0xDF, 0xDA, 0xC6, 0xB0, 0x8D, 0x51, 0xD6, 0xDB, 0x08,
    0xAD, 0x23, 0xEB, 0xDA, 0xC9, 0xC5, 0x8D, 0x1B, 0xE9, 0x0F, 0xC8, 0x07, 0x42, 0xCB, 0x3E, 0xAE,
    0xE3, 0xE6, 0x45, 0x59, 0x8C, 0x51, 0x3A, 0x54, 0x75, 0xD6, 0x06, 0x59, 0xFB, 0x94, 0xAC, 0x27,
    0x3B, 0x45, 0x6C, 0x28, 0x87, 0x85, 0xD1, 0xC6, 0x15, 0x77, 0x1D, 0x19, 0xDD, 0x4B, 0x07, 0xEB,
    0xD8, 0x2A, 0x3F, 0x87, 0xB4, 0x41, 0xE8, 0xB1, 0x3F, 0x60, 0xBC, 0x4B, 0xD6, 0xEE, 0x3E, 0x5E,
    0xC4, 0xFB, 0x9E, 0xEB, 0xFB, 0xDE, 0xC5, 0x73, 0x7D, 0x0F, 0x05, 0x51, 0xDA, 0x4A, 0xE2, 0x9F,
    0x35, 0x5B, 0x92, 0xC6, 0x57, 0x49, 0x4A, 0xD9, 0xE0, 0xF2, 0x36, 0x9E, 0x39, 0x27, 0x69, 0x70,
    0xB2, 0xF9, 0xCD, 0x48, 0x3A, 0xBC, 0x01, 0xEF, 0xC3, 0x29, 0xAC, 0xE0, 0x32, 0x9E, 0x79, 0x19,
    0x45, 0xFF, 0xD7, 0x05, 0x3A, 0x45, 0x4F, 0xDA, 0x50, 0xF4, 0xEC, 0x8C, 0xF8, 0x80, 0xE7, 0x6E,
    0xF3, 0x6F, 0x3B, 0x5E, 0x00, 0x37, 0x9F, 0xC6, 0x70, 0x15, 0xD7, 0x47, 0x54, 0x1D, 0x56, 0xF5,
    0xE3, 0x9E, 0xD3, 0x17, 0xDC, 0x12, 0xD2, 0x5E, 0x71, 0xDF, 0x43, 0x0B, 0x0F, 0x61, 0x4E, 0x43,
    0x8C, 0x71, 0x2A, 0xBF, 0x8C, 0xCD, 0x35, 0xC7, 0xC6, 0x5D, 0x93, 0xE1, 0x75, 0x93, 0x9B, 0x92,
    0xA5, 0x1F, 0xE0, 0xAF, 0x6C, 0x6B, 0x3C, 0xE0, 0x91, 0xC6, 0xC9, 0x12, 0xDB, 0x02, 0x43, 0x15,
    0x5B, 0x74, 0x16, 0xD9, 0x8A, 0x01, 0xC9, 0x68, 0xF1, 0xED, 0xFD, 0x01, 0x55, 0x03, 0xC9, 0x45,
    0xDB, 0x25, 0x89, 0xB1, 0xCD, 0xBE, 0x3C, 0x84, 0xFB, 0xFA, 0x68, 0xFB, 0xD8, 0xC3, 0x01, 0x17,
    0x1D, 0x9B, 0xE7, 0xA5, 0xC3, 0x07, 0xD2, 0x2F, 0x7A, 0x69, 0xAC, 0x99, 0xF0, 0x3E, 0xBA, 0x05,
    0x20, 0x99, 0xB0, 0xCB, 0x73, 0x6F, 0xB1, 0x3F, 0x58, 0x4A, 0x91, 0x6F, 0xED, 0xE0, 0xCE, 0x35,
    0x1C, 0xDC, 0x45, 0xD5, 0x9F, 0x03, 0x79, 0x9C, 0x56, 0xE4, 0x9D, 0x85, 0xB1, 0xE6, 0x1A, 0x76,
    0x17, 0x2D, 0x07, 0xEF, 0x32, 0x61, 0xC3, 0x3A, 0x0E, 0x62, 0x1C, 0x1E, 0xD8, 0x90, 0x0A, 0x35,
    0x25, 0x17, 0x7D, 0xAC, 0x1D, 0x8E, 0x5E, 0xE1, 0xDE, 0xC8, 0x49, 0xC7, 0x3E, 0xD2, 0x96, 0x62,
    0xD9, 0x0E, 0xC9, 0xE7, 0x2C, 0xDA, 0x55, 0xBD, 0x2F, 0xD4, 0x95, 0x3D, 0xA5, 0x6D, 0x5E, 0x71,
    0xE8, 0x8A, 0xB7, 0x1C, 0xBB, 0x82, 0x09, 0x4B, 0x2E, 0xBC, 0x69, 0x8C, 0x23, 0x59, 0x8C, 0xC3,
    0x39, 0xB7, 0xA2, 0x77, 0xCE, 0xBB, 0xE4, 0x82, 0xBD, 0x70, 0xAB, 0x20, 0x8D, 0xE7, 0x37, 0x7A,
    0x70, 0xDE, 0xB2, 0x2A, 0xE3, 0xB4, 0x8A, 0x93, 0x03, 0x8E, 0xD8, 0x30, 0xAA, 0x62, 0xB7, 0x8E,
    0xED, 0x57, 0x3A, 0x8C, 0x4D, 0xF8, 0xB0, 0x2D, 0x3F, 0x53, 0x6E, 0x16, 0xB1, 0x59, 0xFF, 0x26,
    0xC2, 0xE6, 0x36, 0x5E, 0xA9, 0x3A, 0xBC, 0x15, 0x1A, 0x00, 0x50, 0xC4, 0x51, 0xDC, 0xE4, 0xB1,
    0x73, 0xD2, 0x3B, 0xE6, 0x32, 0x13, 0x57, 0xE7, 0xDC, 0x95, 0x6E, 0xB6, 0x99, 0x8D, 0x5C, 0x97,
    0x0D, 0xDC, 0x91, 0xF7, 0x0C, 0x8A, 0x8E, 0x5E, 0x68, 0x25, 0xDD, 0x36, 0xD3, 0x56, 0xD9, 0xC8,
    0xDA, 0x2D, 0x41, 0xDE, 0xA8, 0x28, 0x6A, 0x15, 0x81, 0x8A, 0xAB, 0xAC, 0x1A, 0x07, 0x94, 0x9F,
    0xEE, 0x0C, 0xB6, 0x1A, 0x1B, 0xAC, 0x3F, 0x07, 0xCF, 0xA7, 0x35, 0xEB, 0xAC, 0xE6, 0x8B, 0x6F,
    0x92, 0xFC, 0xE2, 0x7F, 0x92, 0xB6, 0x13, 0x69, 0xFD, 0x2E, 0x60, 0x5D, 0x87, 0x36, 0x8B, 0x75,
    0xD9, 0x84, 0x68, 0x55, 0xEF, 0x55, 0x2A, 0xCF, 0xDD, 0x70, 0xC8, 0x91, 0x63, 0x26, 0x93, 0x64,
    0x9C, 0x1F, 0x59, 0x4A, 0x37, 0xB2, 0x21, 0xBB, 0x23, 0xEF, 0x9E, 0x19, 0x14, 0xED, 0x0B, 0x83,
    0xD0, 0xFE, 0xED, 0xFE, 0xDD, 0xF0, 0xF1, 0x2F, 0xFE, 0x43, 0x57, 0xC4, 0x6F, 0x44, 0xE9, 0x26,
    0xFB, 0x74, 0xB1, 0x3A, 0x67, 0x0F, 0x3C, 0x49, 0x3A, 0x96, 0x5B, 0x9E, 0x31, 0xE2, 0xA3, 0x1F,
    0x01, 0xF0, 0xA8, 0x4C, 0x3C, 0xED, 0x39, 0x5C, 0xF2, 0x3E, 0x8A, 0xBF, 0xD7, 0x23, 0x8F, 0x0D,
    0xD2, 0xB3, 0x27, 0xC5, 0xC7, 0xB7, 0xD2, 0x9A, 0x5B, 0x59, 0xCD, 0xED, 0x80, 0x3F, 0x3A, 0x42,
    0x35, 0xE2, 0xC5, 0xE6, 0x51, 0x49, 0x71, 0x08, 0xC9, 0x27, 0x35, 0xD2, 0xB7, 0xE7, 0xFC, 0x10,
    0x9C, 0x3E, 0x29, 0x52, 0xD2, 0x9B, 0xB8, 0xFC, 0x01, 0x5E, 0x7F, 0x7E, 0x1B, 0xAF, 0xE3, 0x95,
    0xDB, 0xD8, 0x79, 0x84, 0x52, 0xCA, 0x16, 0x9B, 0x43, 0xA4, 0x3F, 0x1B, 0x90, 0x7D, 0xB3, 0x7E,
    0x52, 0x74, 0xDC, 0xFA, 0x21, 0xC5, 0xCF, 0x37, 0x84, 0x6F, 0x76, 0x5C, 0x0B, 0x35, 0x6F, 0xED,
    0xE2, 0xDD, 0x47, 0x53, 0x42, 0xFE, 0x0A, 0xE0, 0xE4, 0x11, 0x00, 0x17, 0x31, 0xB6, 0x38, 0x99,
    0x81, 0x2F, 0x81, 0x97, 0xC1, 0xEF, 0x81, 0x61, 0xC9, 0x1A, 0x62, 0x03, 0xC7, 0x0F, 0x9F, 0x7B,
    0x82, 0x0F, 0x90, 0x74, 0xB8, 0x68, 0x02, 0xEF, 0x41, 0x75, 0x07, 0xAB, 0x1E, 0x3B, 0x35, 0xB8,
    0x05, 0xE4, 0x1B, 0xA0, 0x3C, 0x02, 0x0E, 0xAE, 0x82, 0x64, 0x08, 0x00, 0xA8, 0x62, 0x53, 0xB6,
    0x21, 0x36, 0xD5, 0x99, 0xAA, 0x2D, 0xCE, 0xE4, 0x83, 0x75, 0x9B, 0x0C, 0xF2, 0x5E, 0x6C, 0xB3,
    0x4E, 0xD1, 0xA7, 0x5F, 0x8E, 0xAD, 0xA2, 0xCF, 0xFE, 0x4B, 0x5B, 0xD4, 0x8A, 0xAE, 0xF8, 0x5E,
    0x1B, 0x08, 0x5D, 0x08, 0xED, 0x55, 0x42, 0xBB, 0x17, 0xDA, 0xDD, 0xED, 0x78, 0x10, 0xDA, 0xBB,
    0xDB, 0x71, 0x0C, 0xED, 0x40, 0xF8, 0x78, 0x08, 0x1F, 0xF7, 0x94, 0x9F, 0xB4, 0xE1, 0x93, 0x96,
    0xF2, 0x0F, 0x9B, 0xF0, 0x93, 0x86, 0xF2, 0x7B, 0xCA, 0x9F, 0x62, 0xF5, 0x2F, 0x95, 0xFF, 0x19,
    0xAB, 0x23, 0xE5, 0x84, 0xD5, 0xA8, 0xDC, 0xA0, 0x1A, 0x94, 0xCB, 0x8E, 0x55, 0xB9, 0x6C, 0xB0,
    0x94, 0x9D, 0x8B, 0xAF, 0x9E, 0x30, 0x40, 0x35, 0xE7, 0xDD, 0xBB, 0x48, 0xFB, 0x5D, 0xBF, 0xFA,
    0x8C, 0x68, 0x53, 0x65, 0x7D, 0x1E, 0xEB, 0xFD, 0x62, 0x08, 0x27, 0x6E, 0x84, 0xF1, 0xF5, 0x7D,
    0x47, 0xD9, 0xF8, 0xA5, 0xFD, 0xC9, 0xE8, 0xC8, 0xC6, 0x68, 0x4A, 0x46, 0x83, 0x31, 0x1D, 0x0C,
    0xE9, 0x90, 0x0D, 0xFA, 0x6C, 0xD8, 0xE9, 0xD3, 0x36, 0xEB, 0x2F, 0x75, 0x59, 0x93, 0x77, 0xAF,
    0xB6, 0x41, 0xD1, 0xFE, 0x9D, 0xF6, 0xAA, 0xE2, 0x67, 0xBF, 0xFC, 0x78, 0x23, 0x8F, 0x3F, 0x8E,
    0xBD, 0x34, 0x26, 0xB1, 0x46, 0xF2, 0xD5, 0x13, 0x19, 0x61, 0xB3, 0x8B, 0xAC, 0xBB, 0x0A, 0xB0,
    0x8E, 0x56, 0xB1, 0x5E, 0x9D, 0x29, 0x4F, 0xE5, 0x83, 0xAC, 0x93, 0x0D, 0x42, 0x23, 0x1D, 0x5D,
    0x23, 0x99, 0x1C, 0x61, 0x4A, 0x06, 0x1C, 0x67, 0x2D, 0xD6, 0x01, 0xAA, 0x3D, 0x58, 0x6D, 0xA0,
    0xEC, 0x3D, 0x78, 0x8B, 0xF2, 0xE0, 0xC7, 0x87, 0x8B, 0xD8, 0x60, 0x15, 0x2F, 0xEE, 0x3D, 0x29,
    0x06, 0xAC, 0x36, 0x38, 0x38, 0x20, 0x19, 0xAE, 0x92, 0x36, 0xCF, 0x00, 0xAE, 0x2A, 0x5A, 0x51,
    0xD1, 0x26, 0x71, 0xBB, 0x50, 0x3F, 0x6B, 0x42, 0x9B, 0xBF, 0xD3, 0x86, 0xE6, 0x72, 0xD1, 0x86,
    0xFA, 0x6F, 0xE4, 0x5D, 0xE9, 0xA9, 0x2F, 0x35, 0x90, 0xF5, 0x57, 0xC9, 0x86, 0x5D, 0xD2, 0xE1,
    0xAD, 0x6D, 0xDC, 0x26, 0x19, 0x7B, 0x7C, 0xDE, 0xE2, 0x8B, 0x06, 0x11, 0xEE, 0xC1, 0x11, 0xDC,
    0x86, 0x8E, 0xD7, 0xB3, 0x86, 0xE3, 0x57, 0x71, 0x32, 0x5E, 0x6C, 0x95, 0xC7, 0x15, 0xB2, 0xB1,
    0x42, 0x32, 0x5C, 0x03, 0x9E, 0x14, 0x6D, 0x7C, 0x1D, 0x9C, 0x41, 0x3A, 0x3E, 0xA8, 0x11, 0x56,
    0xC4, 0x79, 0x73, 0xFF, 0x65, 0x36, 0x42, 0x2D, 0xB2, 0x92, 0x4D, 0xEC, 0x2A, 0x06, 0xDE, 0xB2,
    0x6A, 0xE1, 0xA4, 0x46, 0x72, 0x0A, 0xF9, 0x08, 0xA1, 0xE7, 0x5C, 0xC1, 0x19, 0x64, 0x13, 0x14,
    0x03, 0xAC, 0x5A, 0x35, 0x27, 0x92, 0x4E, 0x72, 0x2A, 0x6B, 0xE5, 0xA3, 0x30, 0xAF, 0xFB, 0x92,
    0xE5, 0xA6, 0xE4, 0x7A, 0xE9, 0xAD, 0x48, 0x7E, 0x48, 0x36, 0x2C, 0x80, 0x2B, 0x5C, 0xC7, 0x2D,
    0xA0, 0xAA, 0xDF, 0x4C, 0xE2, 0xE7, 0x77, 0xB6, 0x5D, 0xD5, 0xE2, 0xED, 0xD8, 0x3C, 0xEB, 0x9A,
    0xA7, 0x1C, 0x60, 0x20, 0x6B, 0x09, 0xD8, 0xC3, 0x9D, 0x19, 0xED, 0xDD, 0xE2, 0x2C, 0xE9, 0xB6,
    0xBD, 0x97, 0x83, 0xEA, 0xCC, 0xFB, 0xF9, 0x06, 0x2E, 0x9C, 0x55, 0x8B, 0xBF, 0x1A, 0x3C, 0x29,
    0xEC, 0x2F, 0xE0, 0xC4, 0x72, 0xBC, 0x01, 0x0F, 0x8B, 0xFB, 0xFE, 0x26, 0xD7, 0xFF, 0x1A, 0x60,
    0xDD, 0x42, 0xF5, 0x84, 0xD0, 0xEF, 0xD8, 0x36, 0xB9, 0x46, 0xD9, 0xDC, 0xE4, 0x6A, 0x88, 0xF8,
    0xE1, 0x43, 0x33, 0xF0, 0x7F, 0x00, 0xDD, 0xDA, 0x01, 0xA4, 0x2E, 0x69, 0x9E, 0xDF, 0xF1, 0x4F,
    0x55, 0xCD, 0xDC, 0xD2, 0x5D, 0xD3, 0x5D, 0x83, 0x16, 0xB3, 0xB7, 0xA7, 0xA7, 0x06, 0x8D, 0xD9,
    0xA4, 0xEF, 0x7D, 0x23, 0x1A, 0x13, 0xEE, 0x3D, 0x55, 0x33, 0x83, 0x45, 0xB0, 0x03, 0x00, 0xA4,
    0xB1, 0xC8, 0x26, 0xA1, 0x27, 0x32, 0xB8, 0xE1, 0x9E, 0xF3, 0xD6, 0x68, 0xC0, 0xC2, 0x01, 0x00,
    0x72, 0x31, 0x98, 0x74, 0xB0, 0x8D, 0x96, 0x34, 0x39, 0xE7, 0x9E, 0xEA, 0x0E, 0x06, 0x8B, 0xA9,
    0xDD, 0xC5, 0x04, 0x21, 0x45, 0x9A, 0x90, 0x60, 0x2A, 0xD9, 0x4A, 0x52, 0xBD, 0x5B, 0xE7, 0x3C,
    0xF1, 0xFE, 0xCD, 0x7B, 0xE4, 0xB0, 0x2D, 0x41, 0x77, 0x4F, 0xCF, 0x16, 0xE7, 0xFF, 0x3C, 0x97,
    0x5B, 0x6F, 0xFD, 0xBF, 0xFF, 0x3A, 0xFF, 0xE7, 0x79, 0x7E, 0xBF, 0xF7, 0x40, 0x3E, 0x42, 0x31,
    0x43, 0x1E, 0xB1, 0x9C, 0x78, 0x3B, 0xA5, 0x41, 0x95, 0xD2, 0x0D, 0xED, 0xF8, 0xEA, 0xCC, 0xB5,
    0x7C, 0x55, 0x2C, 0x6C, 0xAA, 0x89, 0x4B, 0xF5, 0xC0, 0x99, 0x5D, 0xC7, 0x99, 0x16, 0x67, 0xF6,
    0x11, 0x9F, 0xE3, 0xD2, 0x25, 0xAE, 0x5D, 0x63, 0x73, 0x4D, 0xBE, 0xBA, 0x8C, 0x87, 0x3C, 0xA7,
    0x9A, 0xB4, 0x34, 0x83, 0xB6, 0xB7, 0xA7, 0x9E, 0xCA, 0x8D, 0x22, 0xA5, 0x09, 0x6F, 0x7F, 0x02,
    0xD4, 0xD0, 0x74, 0xA8, 0x23, 0xF0, 0xEA, 0xF5, 0x63, 0xAE, 0xD2, 0xA4, 0x58, 0x9B, 0x41, 0x35,
    0x96, 0xA3, 0xA6, 0x2F, 0x27, 0xAD, 0x62, 0x72, 0xA6, 0x9C, 0x5C, 0x2A, 0x47, 0x9B, 0x7A, 0x38,
    0x86, 0xA6, 0xB7, 0x69, 0xB9, 0x70, 0xC9, 0xBE, 0x58, 0xD9, 0xA5, 0x91, 0xF2, 0x06, 0xA0, 0x18,
    0xC4, 0x30, 0x89, 0x61, 0x04, 0xD5, 0x50, 0xA5, 0x45, 0x4A, 0x5D, 0x99, 0x46, 0x69, 0xE5, 0x92,
    0x06, 0x1B, 0xAF, 0x89, 0xE1, 0x0D, 0xB2, 0x95, 0x47, 0xE4, 0x0B, 0x4F, 0x82, 0xCB, 0xFB, 0xA2,
    0x6E, 0x33, 0xD5, 0x18, 0x43, 0x3D, 0xC8, 0xC6, 0x18, 0xF2, 0x81, 0xA6, 0x8F, 0xA7, 0xED, 0x3A,
    0x65, 0x4F, 0x4B, 0xD5, 0xC5, 0x50, 0x8B, 0xE1, 0x01, 0x76, 0xBD, 0xA7, 0x68, 0x3E, 0xBE, 0x37,
    0xA3, 0x4C, 0x69, 0x80, 0xAB, 0x4F, 0x00, 0xF2, 0xE1, 0x36, 0xCB, 0x63, 0x1C, 0xEC, 0xBB, 0xFA,
    0x4F, 0xBA, 0x22, 0x75, 0xCD, 0x27, 0xEA, 0x64, 0xD7, 0x79, 0xDC, 0x6A, 0xF9, 0xFA, 0xA9, 0x33,
    0x04, 0xB9, 0xCD, 0x46, 0xB6, 0x64, 0x1B, 0xF9, 0x9C, 0xAF, 0x14, 0x73, 0x71, 0x48, 0x77, 0x7C,
    0x61, 0xA6, 0x1A, 0x7E, 0x27, 0x92, 0xFD, 0x7B, 0xD3, 0x5B, 0xEA, 0x0F, 0xFF, 0xFC, 0x97, 0xA3,
    0x2A, 0xFD, 0x20, 0x91, 0xAF, 0xC5, 0xC7, 0x00, 0x7C, 0x3B, 0xEB, 0x00, 0x1E, 0xD5, 0xB7, 0xD3,
    0x87, 0xA7, 0x00, 0xEA, 0xC5, 0xED, 0x74, 0x04, 0x00, 0x75, 0x4A, 0xCF, 0x64, 0x29, 0xA5, 0xF9,
    0xC0, 0x74, 0x23, 0x8F, 0xA9, 0x2D, 0xBB, 0x1A, 0x8A, 0xC9, 0x6E, 0x90, 0xAD, 0xEA, 0xB1, 0x1C,
    0x5C, 0x45, 0x3D, 0xCB, 0xB9, 0xEA, 0xF2, 0xEB, 0xA8, 0x69, 0x31, 0xD7, 0xCA, 0x45, 0x4C, 0x17,
    0x9A, 0x91, 0x72, 0x8A, 0x69, 0xDB, 0x53, 0x8F, 0x31, 0xBD, 0x41, 0x3D, 0x1C, 0xA6, 0xC5, 0x4A,
    0xD4, 0x79, 0x56, 0xCF, 0xA2, 0xD6, 0xC5, 0x6C, 0x37, 0x10, 0xF5, 0x9E, 0x5C, 0x21, 0x6A, 0x3E,
    0xE6, 0x1B, 0x9C, 0xD1, 0x0C, 0xE5, 0x02, 0x97, 0xB4, 0x5D, 0x33, 0xFA, 0x2E, 0x1B, 0x37, 0xDA,
    0xDE, 0x2C, 0xDB, 0x94, 0xAB, 0x1B, 0xF9, 0x24, 0x5F, 0xED, 0xA7, 0x62, 0x55, 0x8E, 0x9A, 0x94,
    0x52, 0x57, 0xA5, 0x94, 0x06, 0xFB, 0x94, 0xCE, 0xD5, 0x87, 0x7F, 0x0B, 0x4C, 0xBE, 0x5B, 0x0C,
    0x41, 0xC9, 0xA3, 0x86, 0x80, 0xF4, 0xF0, 0x29, 0xC1, 0x18, 0x69, 0x05, 0x62, 0xD4, 0x28, 0x08,
    0xF3, 0x35, 0x1B, 0x04, 0x60, 0x9D, 0x7E, 0x39, 0x08, 0xBE, 0x5D, 0x4A, 0x04, 0xDE, 0x93, 0x66,
    0x23, 0xE8, 0xA6, 0x6C, 0x26, 0xE0, 0xBA, 0x62, 0x38, 0xB2, 0xD5, 0xDD, 0x11, 0xED, 0xC1, 0x91,
    0xCC, 0x07, 0x47, 0xB0, 0x6C, 0x3A, 0x72, 0x95, 0x3D, 0x81, 0xA5, 0xE9, 0x0B, 0x41, 0xA5, 0x5D,
    0x5E, 0x16, 0x50, 0x52, 0xBA, 0x10, 0x4C, 0xC5, 0x47, 0x69, 0x0E, 0x24, 0x45, 0xB7, 0xEB, 0xDD,
    0xBD, 0xBE, 0x0E, 0xF8, 0x3B, 0xB3, 0x67, 0xF7, 0x3A, 0xEC, 0x27, 0xEF, 0x37, 0x50, 0x8D, 0x9E,
    0x3E, 0x85, 0x62, 0xD0, 0xCE, 0x50, 0x0E, 0x76, 0x23, 0x54, 0xBD, 0x17, 0x3B, 0xA8, 0x23, 0xCA,
    0x6E, 0x1A, 0xD5, 0xC7, 0x25, 0x75, 0xFA, 0x63, 0xBB, 0xF4, 0x0F, 0x69, 0x7F, 0x72, 0x63, 0x9F,
    0x36, 0xAE, 0x9D, 0x9A, 0xDE, 0x8E, 0x17, 0xFD, 0x34, 0x1F, 0x8A, 0x51, 0x39, 0xD9, 0x32, 0x55,
    0xA7, 0x1E, 0xAC, 0x3C, 0xA4, 0xE9, 0xA3, 0xDD, 0x68, 0x15, 0xB3, 0x6C, 0xA2, 0xF5, 0xF2, 0xAC,
    0x1C, 0x38, 0x73, 0x7F, 0x52, 0xE3, 0xD4, 0x3F, 0x1F, 0x9D, 0xF8, 0x9A, 0x53, 0x3F, 0x1F, 0xA4,
    0xF1, 0x91, 0x7D, 0xF9, 0xFB, 0x43, 0x91, 0x6E, 0x66, 0xED, 0x75, 0xBD, 0x55, 0xBF, 0x97, 0x06,
    0xD5, 0x54, 0x6F, 0x2F, 0xB9, 0x02, 0x80, 0x26, 0x0D, 0x94, 0x69, 0xD5, 0xDC, 0x74, 0x14, 0x69,
    0x52, 0xCC, 0x70, 0x26, 0x9A, 0x9A, 0xCB, 0xE0, 0x44, 0xBC, 0x0F, 0xDC, 0x4E, 0xB2, 0x95, 0xA6,
    0x47, 0xBE, 0xB0, 0xEB, 0x88, 0x5B, 0x5B, 0xC4, 0xAD, 0x7B, 0xC4, 0xAD, 0x97, 0x88, 0x3B, 0xB6,
    0x3B, 0x93, 0xA6, 0x8F, 0x4F, 0x88, 0x5B, 0xF3, 0x05, 0x5A, 0xFF, 0xD7, 0xC3, 0x67, 0x8F, 0xBF,
    0x61, 0xA3, 0x9A, 0x6C, 0x6D, 0xBE, 0xB2, 0x4F, 0x69, 0x6D, 0xD3, 0xC4, 0xA1, 0x8B, 0xAA, 0x1B,
    0x00, 0x67, 0x80, 0xD4, 0x09, 0x98, 0x44, 0xB0, 0xC4, 0xAA, 0x0B, 0x47, 0x92, 0x23, 0x88, 0xC8,
    0xA1, 0x9C, 0xC4, 0xD8, 0xCE, 0x22, 0x95, 0x34, 0x89, 0x35, 0xEA, 0xCF, 0x47, 0x5A, 0x5E, 0x2C,
    0x07, 0xF6, 0xA8, 0x06, 0x2E, 0x51, 0xF7, 0x6C, 0x68, 0x3A, 0x31, 0xEE, 0x88, 0xF4, 0xDB, 0xE0,
    0xE7, 0x84, 0x78, 0xDC, 0xA9, 0xC8, 0xDD, 0x85, 0x48, 0xDD, 0x26, 0x32, 0xB7, 0x8A, 0xC4, 0xB3,
    0x19, 0xC8, 0x63, 0xA4, 0x18, 0x81, 0x72, 0x00, 0xAA, 0x0E, 0xFC, 0xDD, 0x1A, 0xD8, 0x1E, 0x01,
    0x57, 0x33, 0x88, 0xF6, 0xE7, 0x6F, 0x4D, 0x2E, 0x65, 0x69, 0xCC, 0x12, 0x57, 0xC3, 0x21, 0xD6,
    0xBD, 0x4D, 0xE4, 0xC6, 0x0E, 0xB4, 0xE0, 0x24, 0x98, 0x4F, 0xED, 0x47, 0x2E, 0xF2, 0x34, 0xB2,
    0x56, 0x7F, 0x34, 0xC8, 0x96, 0x97, 0xEA, 0x41, 0x3E, 0xAB, 0x63, 0xD1, 0x68, 0x3A, 0xC5, 0x64,
    0x47, 0x39, 0x3A, 0x09, 0xE4, 0xC7, 0xD4, 0xB1, 0x28, 0x37, 0x9D, 0x0B, 0x76, 0x65, 0xB7, 0xD2,
    0x3E, 0xB7, 0xD0, 0x2E, 0xD9, 0x4C, 0xDB, 0x07, 0x81, 0x62, 0x74, 0x9B, 0x7D, 0xD5, 0x43, 0x0D,
    0x6F, 0x3D, 0x80, 0xF5, 0x09, 0xA4, 0x09, 0xF6, 0x1D, 0x54, 0xA9, 0x2B, 0xD2, 0x2C, 0x25, 0xAA,
    0xD4, 0xE7, 0xA9, 0x17, 0xAB, 0x7C, 0x1A, 0x3C, 0xA2, 0x1E, 0xC8, 0xD2, 0xE0, 0x89, 0x98, 0xE6,
    0xBF, 0x1A, 0xBD, 0xCF, 0xAE, 0xA3, 0xF8, 0x93, 0xC9, 0x4C, 0x8B, 0xE2, 0xE7, 0xF3, 0x71, 0x5A,
    0xBE, 0x33, 0x67, 0x13, 0x67, 0xA8, 0x7E, 0xB0, 0xE4, 0xC7, 0x17, 0x95, 0xAF, 0xC5, 0xC0, 0x86,
    0x26, 0xDB, 0xCA, 0x9E, 0x0D, 0x0F, 0x6C, 0x55, 0x27, 0x5B, 0xF1, 0xC8, 0x65, 0x4D, 0x31, 0xC7,
    0xF4, 0xEC, 0x38, 0x7D, 0xA2, 0xFD, 0x16, 0xE5, 0x84, 0xF7, 0xB5, 0x0F, 0x44, 0xE1, 0xCC, 0x76,
    0x4F, 0x89, 0xC4, 0x26, 0xCD, 0x5A, 0x74, 0x4D, 0x4F, 0x3E, 0xAA, 0x97, 0x6A, 0xDC, 0xE3, 0xD5,
    0x55, 0x3D, 0x97, 0x69, 0xC3, 0xFE, 0x5A, 0x35, 0x67, 0xE9, 0x1C, 0x40, 0xDC, 0x06, 0x76, 0xD3,
    0xAF, 0xC1, 0xDB, 0xE9, 0xD7, 0xD8, 0x4D, 0x7F, 0x84, 0xBE, 0x45, 0xBE, 0x05, 0x26, 0x70, 0xB3,
    0x0B, 0x02, 0xB6, 0xDA, 0x08, 0xD4, 0x76, 0x23, 0x40, 0xD7, 0x8D, 0xC0, 0x1C, 0x56, 0x02, 0x32,
    0x5B, 0x08, 0xC4, 0x7C, 0x26, 0x00, 0x8B, 0x89, 0xC0, 0x2B, 0x46, 0x02, 0xAE, 0x1C, 0x08, 0xB4,
    0x6A, 0x20, 0xC0, 0xEA, 0x5E, 0x60, 0xA9, 0x3B, 0x01, 0xA5, 0x21, 0x90, 0xEC, 0x08, 0x20, 0x27,
    0x00, 0x4F, 0x01, 0x2E, 0x00, 0x16, 0x40, 0x36, 0x03, 0x2F, 0x14, 0x03, 0xD0, 0xFC, 0x83, 0x8E,
    0x98, 0x5C, 0x03, 0xAA, 0xC9, 0xDD, 0xAA, 0x44, 0x51, 0x40, 0x1B, 0x63, 0x34, 0xE1, 0xA7, 0x5C,
    0xD9, 0x55, 0xF6, 0x5C, 0x76, 0xA1, 0xBA, 0xA9, 0x52, 0x5F, 0x6D, 0x5E, 0x7B, 0xFC, 0xA0, 0x1E,
    0xDA, 0xCD, 0xB7, 0x1F, 0xFD, 0xA8, 0x8E, 0x5A, 0x3C, 0x19, 0xEA, 0x7E, 0x58, 0xF9, 0x37, 0xDD,
    0xAE, 0xCB, 0x66, 0xFE, 0xB7, 0x56, 0x3E, 0xF3, 0x89, 0x33, 0xC5, 0x24, 0xDB, 0x5C, 0x2A, 0x46,
    0xF9, 0x62, 0x53, 0x0E, 0x8A, 0x39, 0x5B, 0x55, 0x87, 0x31, 0x3A, 0x40, 0x39, 0x15, 0xF3, 0x7B,
    0x75, 0xA7, 0x1A, 0xCB, 0xBF, 0x1A, 0x1B, 0xEA, 0xA1, 0x4A, 0x5A, 0xEA, 0xBE, 0xFA, 0xD8, 0xC9,
    0x2D, 0xFE, 0x5D, 0xFA, 0xE5, 0x0E, 0x7B, 0xA0, 0x1F, 0xC9, 0x03, 0xFC, 0x2E, 0xF7, 0x2B, 0xCE,
    0xF1, 0xA0, 0x1C, 0x50, 0xEF, 0xA0, 0xDA, 0xA0, 0x98, 0x01, 0xA8, 0x67, 0xD8, 0x45, 0x6C, 0x23,
    0xFE, 0xBB, 0x19, 0xD9, 0x5F, 0xCC, 0x28, 0xFE, 0x6C, 0x41, 0xF5, 0xD1, 0x82, 0xFA, 0xFB, 0x0B,
    0x1E, 0xE6, 0x0B, 0x9E, 0x66, 0x2B, 0x96, 0x43, 0xCC, 0x0F, 0x58, 0x8A, 0x94, 0x36, 0xAA, 0x88,
    0x0D, 0x1B, 0x8F, 0x23, 0x5E, 0x44, 0x5C, 0xD8, 0xE4, 0x13, 0xD7, 0x76, 0xAB, 0x7B, 0xA9, 0xBF,
    0xBA, 0xB6, 0x4B, 0x03, 0xAF, 0x67, 0xE7, 0x3C, 0xAA, 0x7A, 0x1E, 0xEE, 0x50, 0x6F, 0xC7, 0x84,
    0xEE, 0xF5, 0x80, 0xEC, 0xA6, 0xEA, 0xD4, 0xE9, 0x17, 0xB4, 0x3F, 0x49, 0x5C, 0x3B, 0x8B, 0x2D,
    0x2B, 0xB6, 0x2B, 0xB1, 0x55, 0xC5, 0x36, 0x15, 0x5B, 0x54, 0xEB, 0xE5, 0xC9, 0x99, 0xBF, 0x3D,
    0x1E, 0xB6, 0xA5, 0xC1, 0x69, 0xF6, 0xF3, 0x0F, 0x87, 0x7D, 0xF5, 0xFB, 0xFF, 0xB2, 0x3B, 0x6C,
    0x45, 0xAA, 0xA9, 0x1E, 0xC9, 0xBA, 0xAF, 0x92, 0x4D, 0x4F, 0xF1, 0x3F, 0x67, 0xEC, 0x07, 0xB4,
    0x00, 0x75, 0x9A, 0xA9, 0xA2, 0x9B, 0x36, 0x04, 0x65, 0x00, 0x17, 0xF3, 0x31, 0x44, 0xAF, 0x56,
    0x23, 0xEA, 0x01, 0x4D, 0x8F, 0x5D, 0x87, 0xD6, 0x31, 0x9C, 0xC1, 0xA5, 0xE3, 0x87, 0x6C, 0xC7,
    0x0F, 0x79, 0xF5, 0x06, 0xFB, 0xD4, 0x09, 0xF0, 0xE0, 0x3E, 0x60, 0xD7, 0x5B, 0x40, 0x07, 0xF3,
    0x71, 0x67, 0x4A, 0xBD, 0x3A, 0x75, 0x1E, 0xEF, 0xF8, 0xFA, 0x09, 0x4E, 0x71, 0x81, 0x95, 0x6C,
    0x21, 0x9F, 0x29, 0x26, 0xCA, 0x91, 0xFA, 0xA3, 0x21, 0xFE, 0x6F, 0xB3, 0xD1, 0x9C, 0xC3, 0x3D,
    0xAF, 0x50, 0xF4, 0x33, 0xC5, 0x2F, 0x63, 0x71, 0x83, 0x0D, 0xC4, 0x91, 0x3F, 0x5E, 0x54, 0x1F,
    0x3A, 0x23, 0x64, 0x46, 0xA8, 0x8C, 0x10, 0x19, 0xA1, 0x31, 0x42, 0x62, 0x84, 0xC2, 0x08, 0x81,
    0x11, 0xFA, 0x22, 0xE4, 0xC5, 0x35, 0xB6, 0x10, 0x17, 0xB1, 0xCB, 0x85, 0xB4, 0x08, 0x65, 0x11,
    0xC2, 0x22, 0x74, 0x45, 0xC8, 0x8A, 0x78, 0x84, 0x7B, 0xBE, 0xA3, 0xEC, 0x17, 0xC5, 0xBF, 0x1F,
    0x83, 0xC7, 0x0D, 0x7E, 0x06, 0xD1, 0xED, 0xAE, 0x52, 0x77, 0x90, 0x16, 0x07, 0x65, 0x71, 0x10,
    0x16, 0xAD, 0x62, 0x3A, 0xC8, 0x8A, 0x83, 0xAA, 0xD8, 0xD4, 0x43, 0xFC, 0x68, 0xFA, 0x4D, 0xEB,
    0xC2, 0x65, 0xE8, 0x89, 0x5D, 0x1A, 0x85, 0x9A, 0xF0, 0x55, 0xAF, 0xA3, 0xFC, 0xDE, 0x1C, 0xEB,
    0xD6, 0x80, 0x3C, 0xB9, 0x83, 0x19, 0xA2, 0x62, 0x2D, 0xD3, 0xE8, 0x6A, 0x72, 0xC9, 0xCB, 0x6C,
    0x3C, 0x88, 0xF8, 0x48, 0x1E, 0x7A, 0xA2, 0x58, 0x78, 0x22, 0xD4, 0x84, 0x10, 0x13, 0xAA, 0x91,
    0x49, 0x48, 0x09, 0xA1, 0x24, 0x84, 0x90, 0x10, 0x3A, 0x42, 0xC8, 0x08, 0x2D, 0xF5, 0x51, 0x44,
    0x84, 0x86, 0x08, 0x09, 0x11, 0x0A, 0xA2, 0xC7, 0xFE, 0x13, 0xF0, 0x2C, 0xEF, 0xF9, 0x71, 0x8D,
    0x47, 0xA7, 0x68, 0x17, 0x34, 0x23, 0x5E, 0xEC, 0x81, 0x83, 0x94, 0x18, 0x0E, 0x4A, 0xA2, 0x0F,
    0x21, 0x11, 0x3A, 0x22, 0x64, 0x44, 0xE0, 0xDA, 0x6C, 0x42, 0x43, 0x84, 0x84, 0x08, 0x05, 0x11,
    0x02, 0x22, 0xF4, 0x43, 0xC8, 0x87, 0x50, 0x0F, 0x21, 0x1E, 0x8E, 0xDA, 0x21, 0x5D, 0x23, 0x4B,
    0x9B, 0x4F, 0xBF, 0xEA, 0x28, 0xD9, 0xEE, 0x9D, 0x48, 0x27, 0x9F, 0xC0, 0x97, 0xA5, 0x64, 0x2F,
    0xBE, 0x7B, 0x4E, 0x93, 0x46, 0xEE, 0xBF, 0xDB, 0xE3, 0xEE, 0xF5, 0xD6, 0x3D, 0xF2, 0x75, 0xD7,
    0xCB, 0xD7, 0xB6, 0xE3, 0xD9, 0x0B, 0xE0, 0x73, 0xAB, 0xA5, 0xFB, 0x1D, 0xEC, 0xC1, 0x0A, 0xC5,
    0x08, 0xD5, 0x6F, 0x53, 0x45, 0x65, 0x3F, 0x23, 0x9E, 0xA0, 0x1E, 0xB0, 0x83, 0x27, 0xF0, 0xEC,
    0x37, 0x54, 0xD6, 0xF3, 0x7B, 0x30, 0x3F, 0x84, 0xA7, 0x2B, 0xB4, 0x13, 0xC1, 0xF0, 0xDB, 0x53,
    0xD6, 0x17, 0xFC, 0x01, 0x75, 0x3E, 0x71, 0x38, 0xD6, 0x2A, 0x12, 0x8A, 0x0D, 0xD9, 0x6F, 0xA8,
    0xAC, 0xF1, 0x5C, 0xD9, 0x0A, 0x2E, 0xC0, 0x23, 0xF0, 0x92, 0xDF, 0xA2, 0xB2, 0x46, 0xC7, 0x35,
    0x3D, 0xAA, 0x01, 0xC5, 0x80, 0x6C, 0x84, 0xF3, 0xDF, 0x4C, 0x59, 0x95, 0x69, 0x41, 0x95, 0x66,
    0x9F, 0x7E, 0x3D, 0x2E, 0x07, 0x3C, 0xAF, 0x47, 0x3C, 0xAD, 0x7A, 0xF0, 0x25, 0x39, 0x5E, 0xDD,
    0x7B, 0xF7, 0x19, 0x71, 0xA6, 0x89, 0xA5, 0xD5, 0xDD, 0xEB, 0xF5, 0xBC, 0x63, 0xAB, 0x07, 0x22,
    0xFC, 0xC1, 0x3D, 0xF0, 0x39, 0x9D, 0xBB, 0xFE, 0xFF, 0x6A, 0x19, 0xF4, 0x8A, 0x15, 0xF2, 0xD9,
    0x6F, 0x4F, 0x2D, 0xB3, 0x73, 0x94, 0x4B, 0x84, 0xF8, 0xE7, 0xE7, 0x5B, 0x4B, 0x59, 0xBA, 0x06,
    0xF2, 0xB4, 0xF9, 0x7F, 0x5C, 0x79, 0x0A, 0x07, 0x90, 0xEC, 0x2A, 0xA5, 0x34, 0x41, 0xBB, 0x29,
    0x46, 0xB8, 0xDC, 0x7E, 0xDD, 0x66, 0xFF, 0x7D, 0x05, 0xCA, 0x28, 0x23, 0xEA, 0x77, 0x66, 0xA0,
    0x2D, 0x27, 0xE0, 0xA2, 0x1A, 0x41, 0xBE, 0xD4, 0xF1, 0x79, 0xCA, 0xA9, 0x4E, 0x69, 0x44, 0x1D,
    0xCA, 0x12, 0x6D, 0x58, 0x73, 0x48, 0x29, 0x81, 0x7C, 0xD6, 0x82, 0x72, 0x74, 0x06, 0x9A, 0xCE,
    0x06, 0x4E, 0xA2, 0xD2, 0x33, 0xAB, 0x2C, 0x8C, 0xBE, 0x57, 0xAF, 0xBD, 0x1A, 0x36, 0x5F, 0x9B,
    0xEC, 0xC3, 0xE4, 0xC3, 0xBB, 0xEF, 0x42, 0xBA, 0x89, 0xF9, 0xBF, 0x02, 0xB8, 0x5B, 0xDD, 0xBA,
    0x5A, 0xD4, 0xE9, 0x3F, 0xED, 0xAF, 0x0F, 0xF5, 0x9D, 0xCE, 0x5C, 0xDB, 0x77, 0x6D, 0xB1, 0x38,
    0x73, 0x12, 0x25, 0x3E, 0xAB, 0x07, 0xDB, 0xBD, 0xAD, 0xE9, 0xF3, 0xBF, 0x4C, 0xE7, 0xAD, 0x22,
    0x9D, 0x6B, 0xBD, 0x34, 0x73, 0xE6, 0x77, 0x67, 0x4E, 0xFD, 0xB3, 0xD9, 0x9B, 0xA7, 0xD9, 0x87,
    0x8B, 0x69, 0x5F, 0x75, 0xD7, 0xE5, 0xD0, 0x5E, 0xBB, 0x4A, 0xAA, 0x49, 0xB3, 0x1C, 0xCF, 0x9A,
    0xD5, 0xF7, 0x66, 0xE2, 0xA4, 0x99, 0xDF, 0x3D, 0x4E, 0xFF, 0x93, 0x74, 0x2E, 0x1C, 0xC8, 0x76,
    0xCC, 0xC2, 0x80, 0x7F, 0x5A, 0x2C, 0x3C, 0x8D, 0x5A, 0x35, 0xC3, 0x1D, 0x71, 0x70, 0x06, 0xCF,
    0xE1, 0x92, 0x34, 0x5D, 0x72, 0x35, 0x3C, 0xA7, 0x8E, 0xD0, 0xEF, 0x69, 0xBA, 0xB6, 0xD3, 0xDA,
    0x8D, 0x5A, 0xF5, 0x27, 0xD9, 0x73, 0x79, 0x4A, 0xD7, 0xEC, 0xD2, 0x79, 0xEC, 0x9C, 0x1D, 0xF3,
    0x43, 0x7C, 0x70, 0x71, 0x6C, 0x80, 0x76, 0xC0, 0x7D, 0x00, 0x57, 0x69, 0x39, 0xE4, 0x32, 0x6B,
    0x7E, 0xF2, 0x97, 0xA3, 0x13, 0x2B, 0x17, 0x36, 0x56, 0x2B, 0xAB, 0x85, 0x25, 0x0A, 0x5E, 0x4C,
    0x6C, 0xCD, 0xC0, 0x3E, 0x21, 0x20, 0x27, 0x14, 0x23, 0x8A, 0x4F, 0x90, 0xA7, 0x43, 0xBC, 0x4A,
    0xA3, 0xAA, 0x7B, 0x7B, 0xF6, 0x48, 0xBE, 0xB8, 0x60, 0x75, 0x21, 0x5B, 0xEC, 0xBB, 0x6A, 0xB6,
    0x4B, 0xA9, 0x77, 0x2F, 0xFE, 0x1F, 0xAF, 0x64, 0xE7, 0x42, 0x69, 0xF6, 0x50, 0x3F, 0x04, 0xD5,
    0x7A, 0xC7, 0x06, 0x23, 0xFA, 0xA7, 0x4E, 0xBD, 0x83, 0xA0, 0xBE, 0xC1, 0xA6, 0x98, 0xC8, 0x56,
    0x4D, 0x17, 0xBD, 0x7F, 0x4A, 0xC8, 0xE3, 0x18, 0xAA, 0x21, 0x6E, 0x3E, 0x81, 0x6A, 0x5C, 0xC5,
    0xED, 0x13, 0x34, 0x69, 0x86, 0xDD, 0x0F, 0x16, 0x68, 0xB3, 0x2D, 0x06, 0x37, 0x70, 0x66, 0x0F,
    0x97, 0xDA, 0x1E, 0x9B, 0x66, 0x20, 0xDB, 0xD4, 0x93, 0x70, 0x82, 0x17, 0x9A, 0x1B, 0xC5, 0x4D,
    0x67, 0x9F, 0xBA, 0x32, 0x75, 0xC2, 0x42, 0xE6, 0x41, 0x83, 0xE6, 0xE2, 0x56, 0x7E, 0x76, 0x80,
    0xFB, 0x23, 0x79, 0x1A, 0x70, 0x75, 0xAB, 0xF6, 0x9A, 0xDB, 0x17, 0x7A, 0x42, 0xD8, 0x5C, 0xE1,
    0x72, 0xF5, 0xB6, 0x03, 0xDB, 0xFA, 0xB8, 0xE9, 0xB2, 0x65, 0x7E, 0x59, 0xFE, 0x17, 0x03, 0xC5,
    0x5F, 0xA1, 0x48, 0xA8, 0x7E, 0xD5, 0x53, 0xFF, 0x62, 0xA0, 0xFE, 0xA3, 0x91, 0xE6, 0x07, 0x33,
    0xBB, 0x7C, 0x79, 0x49, 0x6B, 0x7B, 0xE2, 0xC4, 0x7E, 0x72, 0x6A, 0xD7, 0x7D, 0x81, 0x02, 0xED,
    0x6B, 0xF0, 0x26, 0x3C, 0x43, 0x36, 0x20, 0xFF, 0x53, 0xE4, 0x09, 0xD6, 0xCF, 0x40, 0xA7, 0x65,
    0x23, 0x65, 0xC7, 0x6B, 0x78, 0x82, 0x05, 0x37, 0x23, 0x57, 0x3D, 0xBF, 0xC3, 0x71, 0x3B, 0xA8,
    0x0F, 0x01, 0xF0, 0x45, 0xAB, 0xD4, 0x0A, 0xDE, 0x80, 0xF7, 0x90, 0x8F, 0x28, 0x06, 0x94, 0xF1,
    0xE2, 0xAE, 0xE1, 0x9C, 0x58, 0xFE, 0x23, 0xCF, 0x3B, 0x8B, 0xFF, 0x17, 0x51, 0xA1, 0x17, 0x7D,
    0x87, 0xAA, 0x9B, 0x29, 0x7E, 0x1E, 0x67, 0xCD, 0x8E, 0xEC, 0x1A, 0x7E, 0x0A, 0x90, 0xCF, 0xD8,
    0x2D, 0x48, 0x33, 0xC5, 0x7F, 0x3E, 0x84, 0x62, 0x42, 0x39, 0xA2, 0x1A, 0x50, 0x47, 0xB8, 0xFD,
    0xED, 0xDD, 0xC1, 0x09, 0x3C, 0x86, 0xA7, 0x70, 0x01, 0x2B, 0x2C, 0xC7, 0xCF, 0x2C, 0x46, 0x94,
    0x03, 0xDF, 0xA9, 0x70, 0xF6, 0x00, 0xFB, 0x05, 0xBB, 0x1E, 0xC8, 0x7E, 0x7A, 0x47, 0x5D, 0x3C,
    0x84, 0x1F, 0x7F, 0xE1, 0x0B, 0xA3, 0xFB, 0x3D, 0xDA, 0x0E, 0xDB, 0x31, 0xF3, 0xB2, 0xC7, 0x8B,
    0xBF, 0xF9, 0x85, 0xF1, 0x77, 0x81, 0x16, 0xA8, 0x3B, 0x8E, 0xC9, 0x91, 0x0F, 0x80, 0x5B, 0x87,
    0x5A, 0xD8, 0xB4, 0xB7, 0x26, 0x6D, 0x58, 0xB4, 0xB7, 0x06, 0x6D, 0xD8, 0xB3, 0xB7, 0x4E, 0x74,
    0x58, 0xB3, 0xB7, 0x0E, 0x74, 0xD8, 0xB2, 0xB7, 0xCE, 0x73, 0x58, 0xB2, 0x47, 0xC7, 0x39, 0xEC,
    0xD8, 0x5B, 0xA7, 0x39, 0xAC, 0xD8, 0x5B, 0x87, 0x39, 0x6C, 0x58, 0xC2, 0x84, 0x3D, 0x5A, 0xB0,
    0xC2, 0x80, 0x85, 0x3F, 0x84, 0x16, 0x76, 0xB7, 0xC9, 0x47, 0xEA, 0x79, 0xEF, 0xD6, 0x21, 0x15,
    0xF6, 0x68, 0x78, 0xA3, 0x61, 0x8C, 0x86, 0x2B, 0x1A, 0x96, 0x68, 0xF8, 0xA1, 0x61, 0x86, 0x86,
    0x13, 0x1A, 0x36, 0x68, 0x78, 0xA0, 0xB1, 0xC2, 0x87, 0xFB, 0x19, 0xD6, 0x67, 0xF8, 0x9E, 0x61,
    0x7A, 0xBA, 0x7D, 0xAA, 0x5B, 0x9B, 0x92, 0xAA, 0x87, 0xD7, 0x80, 0x5B, 0x99, 0xE3, 0xDE, 0x4B,
    0xF0, 0xC2, 0x0B, 0x11, 0xBF, 0xF9, 0xA5, 0x72, 0x35, 0xF9, 0xC7, 0xB0, 0x1D, 0x73, 0xAA, 0x06,
    0x7C, 0x0B, 0xBE, 0x03, 0x8E, 0x82, 0xAD, 0xFC, 0xA7, 0xF8, 0xDA, 0xD7, 0x8E, 0xE1, 0xE5, 0x27,
    0xC8, 0xCF, 0x3F, 0xBF, 0x43, 0x23, 0xF7, 0x01, 0xAE, 0xEE, 0xD4, 0x12, 0xC5, 0x08, 0xA8, 0xFE,
    0x26, 0x9D, 0x1E, 0x63, 0x69, 0xA0, 0xED, 0xE0, 0x12, 0xB2, 0x19, 0x91, 0x35, 0xF7, 0xBE, 0xB8,
    0x33, 0x24, 0xF9, 0x33, 0x50, 0x8F, 0x60, 0xD7, 0x81, 0xA7, 0xC0, 0x04, 0x8E, 0x4D, 0xF5, 0x71,
    0x35, 0xD2, 0xA4, 0xF4, 0x76, 0xC7, 0x55, 0xB7, 0xBB, 0xA6, 0x58, 0x55, 0x0B, 0xD5, 0x14, 0x43,
    0x33, 0xD8, 0xAD, 0xB4, 0x51, 0xFF, 0xF8, 0xAE, 0x61, 0xE3, 0x5A, 0xDD, 0x6F, 0x6C, 0x4E, 0xB2,
    0x4D, 0xB6, 0x5A, 0xB3, 0x55, 0xBE, 0x96, 0x63, 0xBE, 0xC8, 0x97, 0xA6, 0x2B, 0x66, 0xF9, 0x72,
    0xAA, 0x9C, 0xE5, 0x9F, 0x2C, 0xEA, 0x51, 0x96, 0x42, 0xA7, 0x4B, 0xB4, 0xB8, 0x91, 0x6D, 0xE4,
    0xE9, 0xB0, 0xD9, 0xAA, 0x7F, 0x11, 0xB2, 0xBC, 0xCD, 0xAE, 0x16, 0xE0, 0xDE, 0x33, 0xF1, 0x58,
    0x5A, 0xB8, 0x40, 0x36, 0xDD, 0x2E, 0x04, 0x70, 0xF5, 0x67, 0x53, 0x88, 0x79, 0xBB, 0x31, 0x71,
    0xE6, 0x39, 0x5B, 0x96, 0xE4, 0x4B, 0x79, 0xA5, 0x98, 0xBF, 0xD5, 0x2A, 0xE6, 0x27, 0xAD, 0xF2,
    0x4F, 0xA7, 0x33, 0xD5, 0x2F, 0x87, 0x4B, 0xD5, 0xAF, 0x6C, 0xAA, 0x2D, 0xBE, 0x9C, 0x2F, 0x0F,
    0x58, 0xBB, 0x41, 0x93, 0x6E, 0x78, 0xBA, 0xFB, 0x18, 0x8A, 0x69, 0x45, 0x36, 0x7F, 0x00, 0xEF,
    0x3F, 0x82, 0x37, 0xDE, 0xF8, 0x72, 0xB4, 0xF7, 0xBD, 0xFE, 0xA7, 0x94, 0xD3, 0x4A, 0x1E, 0xE9,
    0xCD, 0x4F, 0xF0, 0xE3, 0xEF, 0xE2, 0xF5, 0xD7, 0x3F, 0xB7, 0xDE, 0xCD, 0xAF, 0xA1, 0x4E, 0xF0,
    0xB8, 0xEA, 0xF0, 0xA3, 0xA2, 0xC3, 0x0F, 0xB3, 0x2F, 0x47, 0x51, 0xE2, 0x28, 0xA0, 0xBE, 0xC1,
    0xC3, 0x3F, 0xC6, 0x8F, 0x4B, 0x4C, 0x05, 0xFA, 0xFC, 0xF3, 0x2A, 0x4A, 0x5B, 0x0E, 0xB1, 0xD2,
    0x0C, 0x28, 0x3E, 0x1A, 0x91, 0x8D, 0x23, 0x40, 0x1D, 0xAB, 0xD6, 0xBD, 0x58, 0xB2, 0xC4, 0x7A,
    0x95, 0xAD, 0x8A, 0x41, 0x40, 0x2B, 0xE6, 0xDB, 0xA8, 0x9C, 0x8E, 0x7D, 0x19, 0x77, 0x4D, 0xD1,
    0x7B, 0xC3, 0xB1, 0x45, 0x5B, 0xB7, 0xD1, 0x19, 0xB8, 0x04, 0x1B, 0x84, 0x99, 0x24, 0x5F, 0x55,
    0xA3, 0x26, 0x16, 0x9F, 0x58, 0x79, 0xE4, 0xCF, 0xFE, 0x51, 0xB4, 0x9B, 0xF5, 0x31, 0x4F, 0x1F,
    0xF0, 0xC6, 0x6B, 0xC7, 0xAD, 0x8A, 0x2A, 0x4E, 0x8C, 0x8A, 0x65, 0xD7, 0x55, 0x43, 0xDD, 0x37,
    0x5D, 0xDD, 0xB7, 0x9A, 0xEE, 0x2C, 0x4B, 0x9E, 0x5F, 0x7D, 0x2C, 0x7D, 0xCC, 0xE6, 0xF8, 0xF3,
    0x4D, 0x9B, 0x37, 0xED, 0xB3, 0x59, 0x9B, 0x06, 0xD5, 0x35, 0x68, 0x26, 0xB8, 0x8A, 0x0E, 0x99,
    0xBE, 0x8B, 0xA2, 0x7F, 0x03, 0x99, 0x57, 0xBE, 0x14, 0xF4, 0xFC, 0x61, 0x9C, 0x53, 0xD5, 0xFF,
    0xBA, 0xF7, 0x46, 0x3E, 0x78, 0x33, 0x1B, 0xBC, 0x95, 0xF5, 0x9F, 0x09, 0x7D, 0x5B, 0x0F, 0x9A,
    0xDF, 0x1B, 0x94, 0xEF, 0x0C, 0xF2, 0x0F, 0x07, 0x50, 0xC7, 0xC9, 0xE9, 0x9C, 0x8D, 0x6C, 0x15,
    0x94, 0xC5, 0x1C, 0x3F, 0xC1, 0x57, 0x8D, 0xD4, 0x03, 0x4D, 0x1F, 0x5C, 0x5A, 0x84, 0x72, 0xC0,
    0x25, 0xB6, 0x60, 0x89, 0xDB, 0x5E, 0xBD, 0x61, 0x9F, 0xBA, 0x43, 0x93, 0x97, 0xD3, 0x7A, 0x68,
    0xF0, 0xF9, 0xC9, 0xA1, 0xB9, 0xA3, 0xB5, 0xED, 0xBA, 0x3C, 0xF5, 0x75, 0xEA, 0x1E, 0xEF, 0xE2,
    0x5B, 0xB9, 0x53, 0x2E, 0x58, 0x65, 0x8B, 0x7C, 0x56, 0x4C, 0xCA, 0x51, 0xFD, 0xD1, 0x50, 0xA7,
    0xAE, 0xD9, 0x34, 0xE7, 0xD8, 0x8D, 0xA4, 0x45, 0x3E, 0xFE, 0x58, 0xD1, 0xBD, 0xE9, 0xAB, 0xBE,
    0xFE, 0x79, 0x25, 0x1C, 0x0D, 0x58, 0xDF, 0x44, 0xFB, 0x45, 0xF7, 0x4D, 0x05, 0x7D, 0xFE, 0xD9,
    0x7C, 0xA3, 0x98, 0xAD, 0x27, 0xB8, 0x78, 0x88, 0x07, 0x2F, 0xA3, 0xAA, 0xBE, 0x68, 0x99, 0xF6,
    0xB3, 0xFB, 0x5C, 0x34, 0x3C, 0xAE, 0xF9, 0x56, 0x4D, 0x5D, 0x92, 0xE7, 0x9F, 0x89, 0x04, 0xC3,
    0x55, 0x47, 0x91, 0x06, 0xEA, 0xEF, 0x0F, 0x7C, 0xD3, 0xC0, 0x2B, 0xBA, 0x2F, 0x18, 0xD1, 0x7D,
    0xB1, 0x2B, 0x17, 0xFF, 0x6D, 0x52, 0x99, 0xBC, 0xE6, 0x99, 0x6F, 0xF8, 0xE1, 0x67, 0x82, 0x18,
    0x6D, 0x43, 0x53, 0x0E, 0x44, 0xEB, 0xB8, 0x6D, 0x9E, 0xDB, 0xBE, 0xBF, 0x17, 0x92, 0xCA, 0xE6,
    0x8A, 0x6C, 0xD5, 0x76, 0xF2, 0xE5, 0x10, 0x8B, 0xF9, 0x18, 0x29, 0x27, 0x7B, 0xEA, 0xD1, 0x46,
    0x3D, 0x84, 0x9B, 0x72, 0xA8, 0x8C, 0x5D, 0xBA, 0x41, 0xDB, 0xC5, 0x2F, 0xAB, 0x66, 0xE0, 0x4C,
    0x3D, 0x70, 0x19, 0x71, 0x53, 0xC7, 0x02, 0x54, 0x8D, 0xB1, 0x5A, 0xCC, 0x5E, 0x4D, 0x5D, 0xB9,
    0xD9, 0xA7, 0x2E, 0xDF, 0xE2, 0xD5, 0x3A, 0xAD, 0x3B, 0x27, 0x75, 0xA7, 0xAE, 0x3A, 0x55, 0xD1,
    0xC9, 0xBF, 0xDF, 0x41, 0x76, 0x95, 0x2F, 0xD5, 0x4D, 0xBD, 0xBE, 0xF6, 0xF8, 0xEF, 0xCF, 0xDF,
    0x7E, 0x74, 0xDE, 0xF9, 0x17, 0x03, 0xFF, 0x16, 0xFF, 0xEB, 0xB6, 0x09, 0xEE, 0xF6, 0xCE, 0x48,
    0x35, 0x50, 0x0F, 0xD4, 0x3D, 0xD1, 0x81, 0x90, 0x66, 0xA2, 0x0B, 0x29, 0xBB, 0x37, 0x89, 0x4E,
    0xFC, 0x52, 0xD0, 0xBB, 0xDF, 0x91, 0x46, 0xC5, 0x7F, 0x9D, 0x55, 0xDD, 0x7B, 0x5E, 0xF2, 0x23,
    0xDF, 0xF0, 0xD6, 0x67, 0x43, 0xBF, 0x9D, 0xC0, 0xD3, 0x06, 0x1E, 0xD6, 0x50, 0x55, 0x5F, 0x92,
    0x2F, 0x7B, 0x5E, 0xFC, 0xFE, 0x33, 0xEA, 0x8F, 0x66, 0xCA, 0x0F, 0x67, 0xF2, 0x69, 0xC6, 0xFC,
    0x1E, 0xDE, 0xFA, 0xF6, 0xE7, 0xF5, 0x75, 0x4E, 0xF4, 0x79, 0x34, 0x3A, 0xD5, 0xF7, 0x46, 0x7C,
    0xD3, 0x28, 0x7A, 0xFD, 0xCB, 0x51, 0x94, 0x10, 0x09, 0x9A, 0x0D, 0x67, 0x97, 0x98, 0x5F, 0x26,
    0x1B, 0x5E, 0x26, 0xEF, 0x5E, 0xF8, 0x9C, 0x8A, 0x92, 0xA5, 0x8F, 0xD9, 0xA5, 0xD4, 0x79, 0x6E,
    0xDF, 0x65, 0x8B, 0x46, 0x3E, 0xAB, 0x15, 0xB3, 0xAF, 0x04, 0xA4, 0x62, 0x43, 0x96, 0xCE, 0x71,
    0x75, 0x8D, 0x26, 0x12, 0xBE, 0x1A, 0x51, 0xCF, 0x28, 0x66, 0x3F, 0x3C, 0x84, 0xF9, 0x10, 0x16,
    0xC5, 0x64, 0x55, 0x0F, 0x2E, 0xEC, 0x3B, 0x57, 0xB7, 0x2E, 0x0D, 0xF0, 0x14, 0x2E, 0xE1, 0x01,
    0x3C, 0x42, 0x36, 0x21, 0xBB, 0x5D, 0xE5, 0x52, 0x92, 0xCF, 0x6D, 0x57, 0x0C, 0xB5, 0x62, 0xF8,
    0x8A, 0x62, 0xA2, 0xB8, 0x46, 0xEA, 0x69, 0x66, 0xF2, 0x05, 0xAB, 0x37, 0x7C, 0xE0, 0xC2, 0xE2,
    0x79, 0x3E, 0xDB, 0xA7, 0x41, 0xF3, 0x09, 0x90, 0x4F, 0x91, 0x90, 0x6C, 0xC6, 0x61, 0x3E, 0xF0,
    0x1A, 0xB7, 0x87, 0xA2, 0xED, 0x70, 0x50, 0x59, 0x1F, 0xBA, 0xB4, 0x3C, 0xB2, 0x99, 0x5F, 0xB7,
    0x39, 0x97, 0xAD, 0x28, 0x96, 0x4F, 0xF9, 0x13, 0x9F, 0xBF, 0xEE, 0xEF, 0x7C, 0xF6, 0xF0, 0x1C,
    0xB6, 0x08, 0x1C, 0xDA, 0x5A, 0x9C, 0x53, 0x6E, 0x33, 0xA1, 0x98, 0x21, 0xC2, 0x88, 0xAA, 0xC3,
    0x57, 0x40, 0x43, 0xCB, 0x89, 0x26, 0x6D, 0x6D, 0xDA, 0x6C, 0x77, 0xCE, 0x11, 0xC5, 0xA8, 0x1A,
    0xD4, 0x83, 0xBA, 0xD7, 0x7C, 0xAF, 0xDF, 0x95, 0xDD, 0xEE, 0xD2, 0x6E, 0x51, 0xF7, 0x50, 0xB3,
    0xEB, 0xD5, 0x9D, 0x2A, 0xD8, 0x26, 0x80, 0x57, 0xFC, 0x10, 0xBE, 0x55, 0x0E, 0x50, 0xBF, 0x0D,
    0xAA, 0x0D, 0xEE, 0x7A, 0x23, 0x69, 0x2E, 0xD3, 0xA2, 0x4A, 0xE7, 0x65, 0x1A, 0xD9, 0x02, 0x24,
    0xDB, 0xB8, 0x24, 0x5F, 0xD9, 0x28, 0x66, 0xD6, 0x18, 0xB2, 0x25, 0xEA, 0x91, 0xCF, 0x51, 0x91,
    0x62, 0xA6, 0x1E, 0xA2, 0x40, 0x87, 0x42, 0x8E, 0xEC, 0xE2, 0xE0, 0xA7, 0xED, 0xD4, 0x87, 0x81,
    0xA6, 0xE3, 0x8C, 0x1D, 0x2E, 0x69, 0xB1, 0x71, 0x76, 0xF7, 0x01, 0x71, 0x6C, 0x29, 0xC3, 0x84,
    0xEF, 0xA2, 0x62, 0x1E, 0xDD, 0x9A, 0xF0, 0xF5, 0xAD, 0x09, 0x9F, 0xFF, 0x35, 0x26, 0xFC, 0xA7,
    0x3A, 0x98, 0xE5, 0xCA, 0x07, 0xBB, 0x6B, 0x96, 0xE5, 0x8C, 0xFF, 0xD1, 0x9F, 0xC8, 0xFE, 0x8B,
    0x53, 0xF9, 0x7F, 0xB4, 0x29, 0xFE, 0x83, 0x4D, 0xF9, 0x5E, 0xBE, 0xA8, 0xA6, 0x62, 0x56, 0x0F,
    0xE5, 0xA1, 0x5B, 0xAB, 0x51, 0xD3, 0xD7, 0x87, 0x2E, 0x6D, 0xDE, 0xE9, 0x5B, 0xBB, 0x2B, 0x27,
    0xDA, 0xD5, 0xA9, 0xB6, 0xF7, 0x7F, 0x00, 0x35, 0x8E, 0x01, 0x66, 0x3B, 0x41, 0x14, 0x87, 0x7F,
    0xD9, 0x87, 0xC1, 0xF0, 0x7F, 0xC1, 0x1F, 0x20, 0x3B, 0x3D, 0x40, 0xBB, 0x59, 0x04, 0x83, 0x64,
    0xE7, 0x51, 0x40, 0xA1, 0x47, 0xC8, 0x11, 0x16, 0x45, 0x90, 0x24, 0x73, 0x84, 0x1E, 0x25, 0x0A,
    0x8A, 0x6E, 0xF6, 0xD1, 0x0B, 0xCC, 0x0D, 0xBA, 0x47, 0x58, 0x04, 0xD0, 0x64, 0x1A, 0xA5, 0xBE,
    0x0F, 0x3E, 0xE0, 0xEB, 0xD0, 0x60, 0x0E, 0x06, 0x09, 0x2E, 0x74, 0xB6, 0xCA, 0xF0, 0x40, 0x87,
    0xE2, 0x0A, 0xFB, 0x05, 0x67, 0x65, 0x43, 0x6A, 0xE2, 0x91, 0x53, 0xBA, 0x7F, 0xD3, 0x45, 0x88,
    0x6D, 0x89, 0x43, 0x46, 0x9F, 0x51, 0x17, 0x5A, 0x93, 0xF8, 0x12, 0xE1, 0x1B, 0x6E, 0x40, 0x83,
    0x1E, 0x7B, 0x54, 0x94, 0x82, 0x1D, 0x56, 0x26, 0xED, 0x91, 0xD5, 0x28, 0x69, 0x85, 0x67, 0xB0,
    0x2E, 0xD6, 0x77, 0x75, 0xFD, 0x3A, 0x8F, 0x34, 0x5E, 0xCC, 0xE7, 0x99, 0x9F, 0x74, 0x56, 0xC2,
    0x7B, 0x78, 0xD2, 0xA5, 0x43, 0xB5, 0x05, 0x8F, 0x60, 0xC5, 0x87, 0x43, 0xC3, 0x70, 0x2C, 0x6C,
    0x84, 0x1E, 0x65, 0x72, 0x85, 0xC9, 0xF2, 0x8F, 0xA2, 0x2F, 0xB4, 0x2D, 0x22, 0x60, 0xC5, 0x63,
    0x83, 0x13, 0x96, 0xC0, 0x7F, 0x6C, 0x7F, 0x19, 0x43, 0xDC, 0xE5, 0x6E, 0x65, 0xF4, 0xC4, 0x69,
    0x67, 0xD5, 0x8A, 0x53, 0x13, 0x8D, 0x3C, 0x60, 0x8A, 0x9B, 0x89, 0x22, 0x0F, 0x93, 0x11, 0xC7,
    0xF5, 0x70, 0x10, 0xDC, 0xDA, 0xC8, 0x0C, 0x1E, 0xEF, 0xD3, 0x3E, 0x05, 0x69, 0x29, 0xB6, 0x06,
    0x2F, 0x7F, 0xFF, 0x21, 0x6B, 0xC8, 0xB1, 0xCF, 0x43, 0xCE, 0xE9, 0x07, 0xCD, 0xD9, 0x01, 0x84,
    0x25, 0x79, 0x7E, 0x07, 0xF0, 0x4F, 0x55, 0xED, 0x76, 0xB9, 0xAD, 0xDC, 0xFC, 0x27, 0x0C, 0x76,
    0x77, 0x76, 0xE7, 0x2D, 0x0E, 0x2B, 0xB6, 0xBB, 0x23, 0x06, 0x83, 0xE9, 0x7D, 0x95, 0xBB, 0xB0,
    0x08, 0x66, 0x49, 0x00, 0xC8, 0x8A, 0xC5, 0x1E, 0x98, 0x21, 0x87, 0x89, 0x4C, 0x77, 0x57, 0x6E,
    0x11, 0x1C, 0xAE, 0x01, 0x80, 0xDB, 0x30, 0xB8, 0x40, 0x0C, 0x06, 0x7B, 0x32, 0xBD, 0x5D, 0xBB,
    0x2B, 0x82, 0x20, 0x75, 0xB7, 0x08, 0x82, 0xAB, 0x30, 0x08, 0xB8, 0xAB, 0x93, 0x87, 0xB7, 0xB6,
    0xBA, 0x2B, 0x57, 0x7F, 0x7F, 0xB4, 0x91, 0x13, 0x62, 0xBA, 0xE7, 0xE1, 0x7D, 0x07, 0xA3, 0xAA,
    0xEB, 0xF7, 0xF1, 0xFD, 0xD7, 0xAF, 0xDB, 0x43, 0x18, 0x60, 0x37, 0xE6, 0x32, 0xE6, 0x3F, 0x0D,
    0xC8, 0xFE, 0x7B, 0x40, 0xF1, 0x8B, 0x15, 0xAA, 0x2F, 0x56, 0x08, 0xDF, 0x5D, 0x61, 0x27, 0x5F,
    0xE1, 0x41, 0xB6, 0xC6, 0x6A, 0xCE, 0x7C, 0x98, 0xB3, 0x98, 0xA6, 0x91, 0x2A, 0xE6, 0x82, 0x91,
    0xBD, 0x98, 0x4F, 0x62, 0xAE, 0x18, 0xE5, 0x3D, 0xA7, 0x76, 0xD7, 0xB6, 0xA6, 0xE6, 0xE4, 0xD4,
    0xEE, 0xD4, 0x02, 0x00, 0x23, 0x64, 0x31, 0xAD, 0x21, 0x3B, 0xAB, 0x6A, 0x61, 0xFA, 0x37, 0x96,
    0x7F, 0x3B, 0x71, 0xEA, 0x40, 0xB1, 0xF2, 0x40, 0xD9, 0x1B, 0x85, 0xD6, 0xDA, 0xA2, 0xC9, 0x57,
    0x96, 0x8A, 0xC1, 0xD2, 0x95, 0xDE, 0x81, 0x3F, 0xE8, 0xEC, 0xFB, 0xAB, 0xD6, 0x7E, 0xF6, 0x2F,
    0x9F, 0xB7, 0x87, 0xD5, 0x9D, 0x9F, 0xD4, 0xCB, 0xD3, 0x30, 0xAA, 0xFA, 0xD0, 0x01, 0xC0, 0xA7,
    0xC8, 0x4E, 0x91, 0x8D, 0xF0, 0x3E, 0x50, 0xAC, 0xA0, 0x3C, 0x05, 0x3B, 0xE0, 0x1D, 0x88, 0x13,
    0xCB, 0x00, 0x5E, 0xB4, 0x59, 0x7E, 0x84, 0x6A, 0xC4, 0xCB, 0xC7, 0xB0, 0x0D, 0x0F, 0x50, 0x74,
    0x00, 0x17, 0xA5, 0x97, 0x7D, 0x02, 0xAA, 0x1E, 0x3E, 0x0C, 0x35, 0xF2, 0x71, 0x0F, 0xAA, 0xD3,
    0xAB, 0xB0, 0xB3, 0x00, 0x8F, 0xAB, 0xFA, 0x59, 0xAD, 0xC8, 0x95, 0xBC, 0x12, 0x58, 0x12, 0x4B,
    0x64, 0xC9, 0x2C, 0xA1, 0x25, 0xB5, 0xC4, 0x96, 0xDC, 0x12, 0x5C, 0x92, 0x4B, 0x74, 0xC9, 0x2E,
    0xE1, 0x25, 0xBD, 0xC4, 0x97, 0xFC, 0x12, 0xA0, 0x24, 0x08, 0xC5, 0x00, 0xA1, 0xC3, 0xC3, 0x05,
    0x8A, 0xF1, 0x36, 0xC2, 0xF8, 0x3E, 0x76, 0x76, 0xE0, 0xD3, 0x80, 0xEC, 0x68, 0x8B, 0xF3, 0xA0,
    0x51, 0x34, 0x91, 0x46, 0x53, 0x11, 0x55, 0x54, 0x15, 0x59, 0x45, 0x57, 0x11, 0x56, 0x94, 0x15,
    0x69, 0x45, 0x5B, 0x11, 0x57, 0xD4, 0x15, 0x79, 0x25, 0x5F, 0xBB, 0x35, 0x84, 0x06, 0x8A, 0x76,
    0x8D, 0xEC, 0xCB, 0x11, 0xC2, 0x3F, 0x46, 0x88, 0x00, 0xEF, 0x67, 0x9B, 0x51, 0xC3, 0x25, 0xEC,
    0x42, 0xA8, 0x1F, 0x52, 0x7C, 0x3C, 0x92, 0xDD, 0x19, 0x23, 0x5F, 0xD4, 0x8B, 0x78, 0x17, 0xD8,
    0xC5, 0x03, 0x60, 0x6A, 0x40, 0xD9, 0xC2, 0x9F, 0x97, 0x0D, 0xF2, 0x71, 0xE7, 0x7C, 0x25, 0x03,
    0x78, 0x5C, 0xD6, 0x80, 0x0D, 0x6F, 0xE6, 0x67, 0xE7, 0xC6, 0xBA, 0xDE, 0x42, 0xD1, 0x90, 0xAD,
    0x2B, 0x94, 0xE3, 0x7D, 0x2C, 0xF6, 0x61, 0xEF, 0x06, 0x0C, 0x01, 0xB8, 0xBC, 0x96, 0x2A, 0xFB,
    0x1E, 0x61, 0x6A, 0xF1, 0x4E, 0xEC, 0xAC, 0xF7, 0xA1, 0x1C, 0x91, 0x1E, 0xEE, 0x71, 0xD8, 0x8C,
    0x96, 0x2A, 0x8F, 0x3A, 0x16, 0x53, 0xCB, 0xDE, 0x49, 0xCD, 0xD5, 0x97, 0x50, 0x0C, 0x08, 0x6B,
    0x3C, 0xB8, 0x8D, 0x4F, 0xBE, 0x75, 0x71, 0x2D, 0xFD, 0x10, 0xF2, 0x51, 0xAC, 0x63, 0x6A, 0xE3,
    0xF9, 0x32, 0x6E, 0xF4, 0xFE, 0xE5, 0x21, 0x8A, 0x11, 0xE1, 0x77, 0x1C, 0xEC, 0xCB, 0x5E, 0xD1,
    0xAA, 0x0E, 0x02, 0xB8, 0x0D, 0x57, 0xFF, 0xBE, 0xC6, 0xAD, 0xAA, 0xC6, 0xEE, 0x19, 0x84, 0xD5,
    0x8B, 0x67, 0xCD, 0x6A, 0x84, 0x16, 0x0B, 0xB8, 0x0D, 0x8F, 0x70, 0xEF, 0xE3, 0x9A, 0xBF, 0xBE,
    0x8B, 0xE5, 0x88, 0xEA, 0x93, 0x8B, 0x20, 0x0C, 0x0D, 0x94, 0x31, 0xF3, 0x36, 0x22, 0x7D, 0x0E,
    0xB7, 0xCA, 0x8D, 0x42, 0x5A, 0x40, 0xA8, 0xA5, 0x47, 0xCD, 0x5B, 0xBC, 0xF5, 0xC3, 0xF3, 0x3E,
    0xAE, 0x5F, 0x88, 0x8F, 0x4F, 0xC1, 0x04, 0x02, 0x78, 0x13, 0xDE, 0xFA, 0xCB, 0x3A, 0x56, 0x09,
    0x49, 0xA9, 0x7A, 0xF1, 0x4A, 0xFE, 0x0B, 0xCE, 0xE0, 0x2F, 0xE0, 0xDB, 0xB0, 0xC2, 0xBD, 0xF2,
    0x12, 0xAA, 0x74, 0xFE, 0x5D, 0xFF, 0xEA, 0xEB, 0x11, 0x29, 0xDF, 0x40, 0xA4, 0xB2, 0x39, 0x22,
    0xF4, 0x2D, 0xDB, 0x53, 0xCB, 0xCD, 0x65, 0xCD, 0xD5, 0x97, 0x71, 0xAF, 0xB8, 0x84, 0x3E, 0x5D,
    0x53, 0xE3, 0xED, 0x3C, 0x2E, 0xC4, 0xAA, 0xC6, 0x22, 0xC1, 0xD8, 0xFC, 0xB7, 0x3C, 0x6F, 0x69,
    0xB8, 0x99, 0xCF, 0x6E, 0x65, 0xCD, 0xBB, 0x77, 0xB1, 0x3B, 0x62, 0xEB, 0xE8, 0x85, 0xBC, 0xE5,
    0xC3, 0x34, 0x4D, 0x83, 0xAD, 0xDF, 0x66, 0xCF, 0xA8, 0xE8, 0x64, 0x6B, 0x45, 0x2B, 0x92, 0x28,
    0x86, 0x94, 0x28, 0x7B, 0x08, 0x5D, 0xBA, 0xAA, 0x67, 0x31, 0x4D, 0x2D, 0xBB, 0x35, 0x2C, 0xA5,
    0xC4, 0x01, 0x38, 0x3E, 0x2F, 0x20, 0x1F, 0xE4, 0x6B, 0x55, 0x37, 0x5F, 0x34, 0xB5, 0x0E, 0x7F,
    0x9B, 0x35, 0x00, 0xE7, 0xEE, 0x3F, 0x40, 0xD9, 0x41, 0xB5, 0xE6, 0x64, 0x52, 0xAC, 0x76, 0xEB,
    0xAA, 0x0D, 0xCD, 0xA2, 0x0E, 0xCD, 0xD2, 0xA2, 0x3E, 0xC8, 0x26, 0x9F, 0x9D, 0x3C, 0x35, 0x3D,
    0x65, 0x94, 0x3E, 0xDE, 0x30, 0xBA, 0xE9, 0x30, 0x1B, 0x2C, 0xA7, 0x56, 0x75, 0x0A, 0xA4, 0x9B,
    0x09, 0x3D, 0xA1, 0x23, 0x03, 0x76, 0x9B, 0x54, 0x0D, 0x64, 0x31, 0xF5, 0x50, 0x35, 0xF0, 0x12,
    0x78, 0xF1, 0x3A, 0xD9, 0x43, 0x8A, 0x89, 0xEC, 0x2E, 0x02, 0x6E, 0x90, 0xAD, 0x80, 0xE7, 0xE3,
    0xF3, 0xA4, 0x42, 0x36, 0xBD, 0x89, 0xE2, 0x47, 0x23, 0xCA, 0x7C, 0x00, 0x1B, 0x22, 0x90, 0xD7,
    0x1F, 0x08, 0x6D, 0x6F, 0x67, 0xE8, 0xDC, 0xFA, 0x9B, 0xD6, 0xBD, 0x65, 0xED, 0x83, 0x6F, 0x3D,
    0xAF, 0xE9, 0x79, 0xBD, 0x06, 0xCB, 0x1A, 0x5B, 0xCD, 0x13, 0x58, 0xFC, 0x67, 0x0F, 0x87, 0xBF,
    0xA9, 0xCD, 0xDA, 0x2B, 0x28, 0xDB, 0xDB, 0xCF, 0x8A, 0x24, 0x92, 0x64, 0x92, 0x50, 0x92, 0x4A,
    0x02, 0x49, 0xFF, 0x24, 0x98, 0x24, 0x93, 0x68, 0x92, 0x4D, 0xC2, 0xB1, 0x04, 0x96, 0xCE, 0xF9,
    0x24, 0x20, 0x23, 0x12, 0x91, 0x64, 0x94, 0x90, 0x92, 0x52, 0xFA, 0x6F, 0x8A, 0x81, 0x8F, 0xAA,
    0x56, 0x76, 0x76, 0x83, 0x62, 0xBA, 0x46, 0xF8, 0x71, 0xCD, 0x5E, 0xD9, 0xF0, 0x61, 0xDE, 0x90,
    0xDC, 0x44, 0xB8, 0x28, 0x67, 0xA6, 0x33, 0xDB, 0x99, 0xF1, 0xCC, 0x7A, 0x91, 0x2F, 0xFA, 0x19,
    0xA5, 0x88, 0x84, 0xD1, 0x30, 0x22, 0x46, 0xC5, 0xC4, 0x68, 0x04, 0x0F, 0xC0, 0x76, 0xD5, 0xE2,
    0xCA, 0x6E, 0x0F, 0xC7, 0x03, 0xF2, 0xFE, 0x3E, 0x5E, 0xAE, 0xAF, 0x6D, 0x44, 0xA3, 0x42, 0x43,
    0x68, 0x29, 0xDA, 0x8F, 0x64, 0xDD, 0x19, 0x7F, 0x36, 0x45, 0xA5, 0x88, 0x14, 0x8D, 0x9E, 0x4F,
    0xB3, 0x8A, 0xA7, 0x50, 0x8E, 0x60, 0x0F, 0x59, 0x7D, 0x1B, 0xE1, 0xE7, 0x03, 0x0E, 0x7E, 0x13,
    0xAB, 0xF5, 0x18, 0x65, 0x73, 0x7B, 0x93, 0xCE, 0x1B, 0xCB, 0x1A, 0xCB, 0x2E, 0xDD, 0x5F, 0xD6,
    0x73, 0x5C, 0xB6, 0xF2, 0xB3, 0x1D, 0xAA, 0x5F, 0x62, 0x51, 0xD5, 0xDC, 0x2F, 0x5A, 0x70, 0x51,
    0x95, 0xB2, 0xFB, 0x1E, 0x9C, 0x9C, 0xC2, 0xCF, 0xD7, 0x62, 0x83, 0x60, 0xD9, 0xC2, 0xD7, 0x03,
    0x8A, 0xF6, 0x07, 0x9B, 0x81, 0x96, 0xF7, 0x7F, 0xA8, 0x9A, 0x06, 0x57, 0x0E, 0x5B, 0x2F, 0x65,
    0x64, 0x23, 0xE5, 0x29, 0x37, 0x02, 0x1F, 0xE6, 0xF5, 0x73, 0xAA, 0xD4, 0x56, 0x03, 0x8B, 0x1E,
    0x0E, 0x06, 0x64, 0xC3, 0xF9, 0x02, 0x6D, 0xF8, 0x2A, 0xF7, 0x11, 0xD9, 0x19, 0xC5, 0xB3, 0xC7,
    0xED, 0x22, 0xD7, 0xFC, 0xB2, 0x61, 0xD9, 0x93, 0xF7, 0x64, 0x1D, 0x8B, 0x9A, 0xAB, 0x92, 0xD5,
    0xA0, 0x9A, 0x8E, 0x18, 0xCD, 0x4A, 0xD1, 0xA8, 0x18, 0xE2, 0x47, 0xD9, 0x53, 0x75, 0x84, 0x96,
    0x45, 0x13, 0x55, 0x2C, 0xB1, 0x4C, 0x1E, 0xC7, 0x18, 0xA3, 0x44, 0xBC, 0xEC, 0xFA, 0x19, 0x87,
    0xB1, 0x07, 0x47, 0xAA, 0xD1, 0xCB, 0xC7, 0x6C, 0xF3, 0x40, 0xD1, 0x01, 0x76, 0xEB, 0x7C, 0x6A,
    0xC2, 0x54, 0xEF, 0xED, 0xBA, 0xFA, 0x2E, 0xFB, 0x3C, 0x61, 0x2D, 0x5B, 0xCD, 0x92, 0x45, 0xAF,
    0xEC, 0x84, 0x2F, 0xDA, 0x30, 0xD5, 0x8B, 0xD1, 0xE2, 0xE8, 0x62, 0x9E, 0x0D, 0x50, 0xB5, 0x2C,
    0xD2, 0xE5, 0xF2, 0xB5, 0x72, 0x54, 0x8E, 0xA9, 0x20, 0xFF, 0xBF, 0x87, 0x05, 0x3B, 0x9C, 0x70,
    0xC2, 0x35, 0xB8, 0xFB, 0x35, 0xD5, 0x34, 0x35, 0x96, 0xDD, 0xF5, 0xC1, 0xA9, 0x7C, 0x5D, 0xAC,
    0x18, 0xAB, 0x9E, 0xE3, 0xD0, 0x72, 0xB0, 0x5B, 0x73, 0x10, 0x9F, 0xF8, 0x70, 0x8E, 0xCF, 0x70,
    0x7C, 0x8C, 0xD3, 0x53, 0x8C, 0xA7, 0xE4, 0xEB, 0x63, 0x8A, 0xE1, 0x33, 0xAA, 0x7E, 0xC9, 0xA2,
    0x5D, 0x36, 0x0E, 0x85, 0xBE, 0x1C, 0x15, 0xB1, 0xAE, 0xF3, 0x8F, 0x00, 0xC0, 0x01, 0x4C, 0xB0,
    0x0F, 0xD7, 0x63, 0xA1, 0xEA, 0x62, 0xBD, 0x68, 0xAB, 0xAE, 0xEC, 0x16, 0x4D, 0xD9, 0x2F, 0x15,
    0xFD, 0x81, 0xB2, 0x3F, 0x56, 0x76, 0xA3, 0xD0, 0xC6, 0x8F, 0x45, 0x33, 0x5A, 0x7A, 0xE2, 0xD8,
    0x61, 0xB1, 0xB6, 0x3B, 0x75, 0xCA, 0x33, 0x00, 0xCA, 0xE6, 0xD9, 0x42, 0x39, 0x45, 0x16, 0x3D,
    0x43, 0x8D, 0x4A, 0x22, 0x57, 0xC3, 0xA5, 0x0E, 0xFF, 0x7D, 0x4C, 0x0D, 0x77, 0xE3, 0x36, 0xA3,
    0xAA, 0xF9, 0x19, 0xF0, 0xBC, 0x0C, 0x3E, 0x12, 0x5B, 0x82, 0xD7, 0x8A, 0x0E, 0x27, 0xA1, 0xA6,
    0x98, 0xFE, 0x04, 0xE1, 0xEF, 0x5A, 0xEC, 0xE5, 0x9D, 0x73, 0x83, 0xA7, 0xC9, 0xE3, 0xE8, 0xE2,
    0xEC, 0xE2, 0xF0, 0xE2, 0xF4, 0xE2, 0xF8, 0xE2, 0xFC, 0x22, 0x80, 0x28, 0x20, 0x12, 0x88, 0x06,
    0x22, 0x82, 0xA8, 0x20, 0x32, 0x88, 0x0E, 0x22, 0x84, 0x28, 0x11, 0x29, 0x24, 0x8B, 0x84, 0x81,
    0x03, 0x30, 0xE2, 0xF5, 0xA2, 0xC7, 0xE1, 0x7B, 0x0D, 0xD9, 0xF4, 0xCF, 0x28, 0xBE, 0x6A, 0x11,
    0xBE, 0xDB, 0xE1, 0x6D, 0x9F, 0x9C, 0x37, 0x12, 0x95, 0x98, 0x9D, 0x98, 0xA5, 0x98, 0xAD, 0x98,
    0xB5, 0x98, 0xBD, 0x98, 0xC5, 0x98, 0xBD, 0x52, 0x9A, 0xDD, 0x98, 0xE5, 0x44, 0x3B, 0x51, 0x4F,
    0xF4, 0x93, 0x04, 0x55, 0x1D, 0x8A, 0x1E, 0x86, 0x77, 0x71, 0x6F, 0x42, 0xF9, 0x1F, 0x0D, 0x8B,
    0xA2, 0xE5, 0x9A, 0xFA, 0x72, 0x4B, 0x53, 0x76, 0x51, 0x94, 0xE1, 0x75, 0x1E, 0x1D, 0xD6, 0x7E,
    0x7F, 0x6A, 0x23, 0x4E, 0xF8, 0xE3, 0x2E, 0xC2, 0x3C, 0xA7, 0xE2, 0xA4, 0xBF, 0xAE, 0x7A, 0xC8,
    0x07, 0x5C, 0xCB, 0x62, 0x7D, 0xAA, 0x9A, 0x3C, 0xD6, 0xA7, 0x8A, 0xF5, 0xD9, 0x4E, 0xF5, 0xB1,
    0x29, 0x25, 0x0A, 0x47, 0x58, 0xAC, 0x90, 0xAD, 0xE1, 0x31, 0xCB, 0xAC, 0xE7, 0xE4, 0x47, 0xB5,
    0xFC, 0x9B, 0x96, 0xEA, 0xE3, 0x8E, 0x1D, 0x3D, 0x20, 0x81, 0x89, 0x62, 0x66, 0x32, 0xB3, 0x99,
    0x19, 0xCD, 0xAC, 0x66, 0x66, 0x33, 0xBB, 0x99, 0xD1, 0x52, 0x58, 0x34, 0x66, 0xBB, 0x88, 0x17,
    0xF5, 0x22, 0x5F, 0xF2, 0x93, 0xAD, 0x6F, 0x52, 0x4C, 0x03, 0x55, 0xD5, 0xE2, 0x1A, 0xB2, 0x33,
    0x94, 0xBF, 0xC4, 0x76, 0xD1, 0x5E, 0x6E, 0x6B, 0xF8, 0xF4, 0x0D, 0xF9, 0xB4, 0x56, 0xFC, 0x64,
    0x90, 0x65, 0x51, 0x5E, 0x3E, 0xD5, 0xAA, 0x8F, 0x5B, 0xAF, 0x65, 0xCD, 0x73, 0x6A, 0xCD, 0x6B,
    0x70, 0x82, 0x62, 0xAA, 0x09, 0x1F, 0xB7, 0xE9, 0xF5, 0x62, 0x23, 0x56, 0x8A, 0xD7, 0x71, 0x58,
    0xCB, 0x9E, 0x3D, 0x31, 0x17, 0xBA, 0x6E, 0xB2, 0x87, 0x50, 0xAC, 0x20, 0x7C, 0xD1, 0x61, 0xA7,
    0x18, 0xF0, 0x83, 0x7C, 0x80, 0xB2, 0xE7, 0xEE, 0x34, 0xB5, 0x33, 0xCD, 0xD9, 0x8B, 0x39, 0x31,
    0xFF, 0x20, 0x5E, 0x43, 0xD9, 0x23, 0xFC, 0x18, 0xDB, 0x8B, 0x9A, 0xEF, 0x84, 0x1A, 0x81, 0xEB,
    0xA7, 0x7B, 0xB3, 0x4E, 0xFF, 0xDC, 0x4E, 0xC7, 0x2B, 0x35, 0x84, 0x16, 0xCA, 0x36, 0xEF, 0xC8,
    0xBB, 0x88, 0xD2, 0x6F, 0x08, 0xCA, 0x2B, 0xCD, 0xF9, 0x57, 0xBF, 0x6C, 0x08, 0x18, 0x66, 0x94,
    0xB7, 0x2E, 0x0C, 0xC5, 0x29, 0x64, 0x53, 0x0D, 0x21, 0x66, 0x35, 0xD3, 0x38, 0x8E, 0x34, 0xF5,
    0x86, 0xD0, 0xF8, 0x3E, 0x4C, 0x0D, 0xEE, 0xB6, 0x28, 0x5A, 0x54, 0x77, 0xF0, 0xB3, 0xD9, 0xC7,
    0x85, 0xF9, 0x14, 0xDD, 0x4D, 0x84, 0xD5, 0x80, 0x37, 0x97, 0xBF, 0xE8, 0xB8, 0x15, 0xBE, 0x37,
    0xC0, 0xA6, 0xC8, 0x1C, 0xBD, 0x4A, 0x31, 0xDC, 0xA2, 0xFA, 0xF4, 0x1E, 0xDF, 0xDE, 0x99, 0x78,
    0x23, 0xFC, 0xBA, 0xF6, 0xF6, 0xD6, 0x9D, 0x8B, 0x42, 0x21, 0xEF, 0xA0, 0xD8, 0x28, 0x08, 0x00,
    0x1C, 0x80, 0x09, 0xEC, 0x03, 0x02, 0x5C, 0x6C, 0x59, 0x00, 0xCA, 0x06, 0xA1, 0x47, 0xE8, 0x90,
    0x41, 0x35, 0xAD, 0x4C, 0xEB, 0x72, 0xEA, 0x9C, 0xF4, 0x8E, 0xB9, 0xC2, 0xC8, 0x76, 0xCC, 0xDB,
    0xF2, 0x35, 0xB7, 0xA3, 0xD4, 0xFD, 0xA8, 0xFA, 0x38, 0x7A, 0x0E, 0xAA, 0x8E, 0x5E, 0x68, 0x65,
    0xDD, 0x9C, 0x79, 0x6B, 0xD1, 0x28, 0xDA, 0x59, 0xB0, 0x6C, 0x2C, 0xA9, 0x6A, 0x4B, 0x02, 0x4B,
    0xB6, 0xD9, 0x6D, 0x3C, 0x60, 0xF1, 0x74, 0x6B, 0xA0, 0x9C, 0xA6, 0x06, 0x87, 0xBF, 0x43, 0xE7,
    0xE4, 0x9C, 0xCE, 0x61, 0x1D, 0xDA, 0x62, 0xAA, 0x17, 0x4D, 0x98, 0xEC, 0xD6, 0x7B, 0x4B, 0x4B,
    0x57, 0xF7, 0x1D, 0xA4, 0x39, 0x47, 0xA3, 0x6C, 0x15, 0xFF, 0x7E, 0xCF, 0xD7, 0x8A, 0xA1, 0x78,
    0xAC, 0xEC, 0xBE, 0x35, 0xA8, 0xDA, 0xD7, 0x06, 0xA1, 0xFD, 0xA3, 0xFE, 0x83, 0xF0, 0xF9, 0x57,
    0xFF, 0xDE, 0x55, 0xD3, 0xF7, 0xA6, 0x79, 0xBF, 0x3E, 0x05, 0x80, 0x1D, 0xF1, 0xF6, 0x38, 0x84,
    0x6B, 0xC0, 0x29, 0x98, 0x6A, 0xA8, 0x9A, 0x98, 0x35, 0xEC, 0x83, 0x1A, 0x36, 0xC1, 0xEC, 0x95,
    0x23, 0x84, 0x15, 0xB6, 0x46, 0xB8, 0x0F, 0x8F, 0x50, 0x35, 0x80, 0x8B, 0xD2, 0x7B, 0x08, 0x71,
    0x36, 0x54, 0x6D, 0xD1, 0xE2, 0x86, 0xA2, 0xC7, 0x2D, 0x45, 0x07, 0xAA, 0x36, 0xFA, 0x4C, 0xF5,
    0x0C, 0x34, 0xAD, 0x39, 0x66, 0x81, 0x91, 0x37, 0x31, 0xF2, 0x0E, 0x59, 0x44, 0x92, 0x47, 0xA5,
    0xC4, 0x94, 0x9C, 0x22, 0xD4, 0x20, 0x49, 0x25, 0xAA, 0x64, 0x95, 0xB0, 0x92, 0x56, 0xE2, 0x4A,
    0x5E, 0x09, 0x2C, 0x8A, 0x89, 0x64, 0x2D, 0x9C, 0x44, 0xB3, 0xB4, 0xC6, 0x58, 0xC6, 0xDC, 0x07,
    0xAB, 0xBC, 0xA5, 0xE8, 0x8A, 0x8E, 0x2D, 0x73, 0x52, 0xB4, 0x33, 0xDB, 0xBF, 0xD6, 0xB3, 0xDB,
    0xD7, 0x22, 0x9C, 0x28, 0x97, 0xE8, 0xA2, 0x5D, 0xC4, 0x13, 0xF5, 0x44, 0x3E, 0xD1, 0x4F, 0x04,
    0x14, 0x05, 0x89, 0x84, 0xA2, 0xA1, 0x88, 0x98, 0x14, 0xD3, 0xC2, 0x27, 0xB4, 0xA0, 0xE8, 0x14,
    0x2D, 0x59, 0x1F, 0x19, 0x3D, 0xDA, 0x70, 0xC6, 0x9F, 0x82, 0x51, 0x52, 0xC4, 0x8E, 0xBC, 0x25,
    0xB8, 0x6C, 0x46, 0xA7, 0xC0, 0x54, 0x93, 0xBA, 0x8F, 0xAA, 0x2E, 0x5A, 0xEC, 0x47, 0x4D, 0xF5,
    0x86, 0x6B, 0xC6, 0x93, 0x2C, 0xAC, 0xA4, 0xB3, 0x8C, 0xFB, 0xE0, 0x51, 0xDE, 0x52, 0x35, 0x49,
    0xF3, 0xD2, 0x4C, 0x8B, 0xFE, 0x26, 0x84, 0xF5, 0x23, 0x78, 0x73, 0xD9, 0x15, 0x2D, 0xB7, 0x42,
    0x13, 0x31, 0x6D, 0x38, 0xE6, 0xAB, 0x79, 0x8D, 0xC3, 0xA2, 0xC6, 0x37, 0xEF, 0x21, 0xFB, 0xEA,
    0x57, 0xF9, 0x7C, 0xEF, 0xB1, 0xE8, 0xE4, 0xF5, 0x07, 0x97, 0xC7, 0x88, 0xA2, 0x05, 0x9B, 0x0F,
    0xF7, 0xBF, 0x6F, 0x61, 0x27, 0xC0, 0x3E, 0x80, 0xBC, 0x85, 0xCB, 0x2E, 0x24, 0x00, 0x76, 0xC0,
    0x61, 0x1D, 0x13, 0x5C, 0x03, 0x1E, 0xF2, 0xEC, 0x97, 0x76, 0xE0, 0x0A, 0x80, 0xC3, 0xC9, 0xEE,
    0x54, 0xEF, 0x9E, 0x59, 0x9C, 0x2A, 0x07, 0x45, 0xA7, 0x18, 0x84, 0x66, 0x36, 0xDE, 0x21, 0x1B,
    0x3D, 0xC1, 0x98, 0x0D, 0x38, 0x2E, 0x5A, 0x1C, 0x06, 0x58, 0xEE, 0xC1, 0xEE, 0x1A, 0x16, 0x3D,
    0x51, 0x5C, 0x04, 0xF7, 0x7F, 0x7C, 0xB7, 0x50, 0x4D, 0x8D, 0xF4, 0x4B, 0x18, 0x7E, 0x0A, 0x23,
    0xC9, 0x73, 0x07, 0x02, 0x6C, 0x01, 0x6C, 0xAB, 0x5A, 0x93, 0xAA, 0xCD, 0xA6, 0x79, 0x6B, 0xFF,
    0xBA, 0x09, 0x6D, 0x79, 0xA7, 0x0D, 0xCD, 0x95, 0xAA, 0x0D, 0xF5, 0xEF, 0x95, 0xDD, 0xC2, 0x4B,
    0x65, 0x77, 0x83, 0xA2, 0xDF, 0xA6, 0x18, 0x6E, 0xCF, 0x96, 0xB7, 0xE6, 0x78, 0x34, 0xDB, 0xF6,
    0xF8, 0xBA, 0xC5, 0x37, 0x0D, 0x26, 0xF8, 0x0C, 0x9E, 0xC0, 0x23, 0xE8, 0xF8, 0x4E, 0xD1, 0x70,
    0x7C, 0x03, 0x27, 0x2B, 0x2C, 0x9B, 0x0D, 0x80, 0x01, 0xA0, 0x18, 0xA0, 0x5C, 0x41, 0xD1, 0x5F,
    0x9E, 0xC9, 0x0F, 0x7B, 0xC7, 0x37, 0xAA, 0xC1, 0xC9, 0xAA, 0x1A, 0x2C, 0x9B, 0xAC, 0x46, 0xE8,
    0x60, 0xB1, 0x02, 0x31, 0x3D, 0x82, 0xAA, 0x83, 0x97, 0x36, 0xA6, 0x56, 0xAF, 0x34, 0x78, 0xF6,
    0xF7, 0xC0, 0x01, 0x55, 0x03, 0x2F, 0xB8, 0x5B, 0xEC, 0x15, 0x35, 0xA6, 0x3B, 0xC8, 0xBF, 0x3C,
    0x45, 0xD1, 0xAC, 0xC0, 0xC6, 0x08, 0xC6, 0x95, 0x11, 0x37, 0xC6, 0x37, 0x7F, 0x4A, 0xF6, 0xE5,
    0xAF, 0xC8, 0xDB, 0xD1, 0xBC, 0x2D, 0x5E, 0x2C, 0xDE, 0xFF, 0x00, 0x75, 0xD1, 0x01, 0x86, 0x1C,
    0x41, 0x14, 0xC6, 0xF1, 0xFF, 0x54, 0xA1, 0x12, 0x25, 0xEA, 0x02, 0xC9, 0x76, 0x0E, 0xB0, 0x33,
    0x0D, 0xB0, 0xE8, 0x99, 0xAE, 0x80, 0x05, 0x2C, 0x20, 0x00, 0x8B, 0x00, 0x88, 0x01, 0xAC, 0xE8,
    0x49, 0x17, 0x39, 0x48, 0xAE, 0x10, 0x04, 0x8B, 0xD8, 0x2D, 0x82, 0x20, 0x48, 0x41, 0x00, 0xA8,
    0xE4, 0x04, 0xB5, 0x0C, 0x3A, 0x32, 0x33, 0x95, 0x79, 0x64, 0x25, 0x44, 0xBA, 0x9F, 0x1F, 0xBE,
    0xE7, 0xF9, 0xE8, 0xEE, 0x6B, 0xBF, 0xEF, 0xEB, 0x61, 0xAC, 0x47, 0x6B, 0x65, 0xAC, 0xF5, 0x00,
    0x6B, 0x95, 0x1D, 0x73, 0x96, 0x8C, 0x7E, 0xF4, 0x2B, 0x74, 0x76, 0xC5, 0x16, 0x5D, 0x54, 0x32,
    0x61, 0xC3, 0x25, 0x2A, 0xDB, 0x62, 0x8A, 0x2A, 0x2A, 0x9B, 0xB0, 0xE0, 0x12, 0xD6, 0x0F, 0x55,
    0xDE, 0x38, 0x95, 0xE6, 0x26, 0x2C, 0x5D, 0x1C, 0x2F, 0xF2, 0x78, 0x51, 0x56, 0x26, 0xEA, 0xFC,
    0xC1, 0xDD, 0xED, 0xED, 0xDD, 0x5E, 0x97, 0x41, 0xA5, 0x2B, 0x13, 0xCA, 0xC6, 0x86, 0xCB, 0x07,
    0xA8, 0x3C, 0xD8, 0xBB, 0x83, 0x29, 0x07, 0x55, 0x36, 0x2A, 0x77, 0xC7, 0x7C, 0x71, 0xCC, 0x1F,
    0xC1, 0x0B, 0x28, 0x32, 0xAF, 0x7E, 0x72, 0x5B, 0x79, 0xFE, 0x15, 0x13, 0x70, 0xC7, 0xF1, 0x34,
    0xF0, 0x04, 0x1E, 0x03, 0x2D, 0x2C, 0xA1, 0xC3, 0xD5, 0xDC, 0xD4, 0x48, 0xA1, 0xAF, 0x7E, 0xAC,
    0xE8, 0x88, 0x89, 0xD8, 0xE3, 0xE4, 0x7E, 0x37, 0x1E, 0xE4, 0xED, 0x77, 0x36, 0xB7, 0xAA, 0x34,
    0xFE, 0xF6, 0x7C, 0xEA, 0x63, 0xB5, 0xDB, 0x31, 0x6C, 0x74, 0x5E, 0x01, 0x60, 0x03, 0xD0, 0x26,
    0x4E, 0x80, 0x59, 0x2D, 0x0C, 0x80, 0xC9, 0x13, 0x05, 0x70, 0xE1, 0x5A, 0x47, 0xA0, 0xE1, 0xDA,
    0x79, 0x60, 0xC5, 0x76, 0x0E, 0xB0, 0x9C, 0x95, 0x6B, 0x80, 0x4E, 0x7F, 0xCB, 0x48, 0xEE, 0x3E,
    0x45, 0x80, 0xB6, 0x3A, 0xB5, 0xA7, 0xCD, 0x76, 0xEA, 0x9A, 0xEA, 0xEB, 0x04, 0xE5, 0xB5, 0x7D,
    0x53, 0x06, 0x74, 0x9A, 0xCC, 0xE7, 0xD8, 0x61, 0x9F, 0x15, 0xF3, 0xC5, 0x77, 0x2C, 0x54, 0xB6,
    0x6F, 0x19, 0xB8, 0xD2, 0xC9, 0xBD, 0x64, 0x9A, 0x15, 0x9D, 0xFA, 0x85, 0x2A, 0x5A, 0x3E, 0x54,
    0x6B, 0x93, 0x63, 0x56, 0xB7, 0xAE, 0x86, 0x0E, 0xC6, 0x60, 0x7E, 0xA0, 0xB3, 0x8D, 0xCE, 0x37,
    0xCC, 0x39, 0x63, 0x8D, 0xFE, 0x5E, 0xEC, 0xC7, 0xEC, 0xCE, 0x63, 0xE3, 0xFC, 0xDC, 0x71, 0x76,
    0xCA, 0xFA, 0x0C, 0x08, 0xE8, 0x44, 0x13, 0xB8, 0x41, 0x4D, 0xB8, 0x4C, 0x1B, 0xE8, 0xBD, 0x04,
    0x2E, 0xCA, 0x66, 0x56, 0xE0, 0x1D, 0x00, 0x4F, 0xE1, 0x3D, 0x74, 0xD0, 0xF3, 0x7B, 0xED, 0x12,
    0x6D, 0xE4, 0x56, 0x0E, 0x6D, 0xA2, 0xF5, 0x9C, 0x72, 0xFF, 0x98, 0x20, 0x36, 0x02, 0x9D, 0x40,
    0x11, 0x74, 0x12, 0xAD, 0x17, 0x17, 0x02, 0x57, 0x82, 0x94, 0x80, 0x8E, 0xA2, 0xFB, 0xEB, 0x66,
    0x2B, 0xA8, 0x24, 0xDA, 0x20, 0x9E, 0x08, 0x0C, 0x02, 0xFF, 0xDC, 0x2C, 0xFF, 0xB4, 0xDF, 0xA7,
    0x37, 0xD0, 0xA1, 0xE5, 0x2F, 0x63, 0x6B, 0xD2, 0x49, 0xB4, 0x5E, 0x5C, 0x20, 0xB9, 0xB4, 0xDF,
    0xFC, 0xB7, 0xDD, 0x66, 0x69, 0xEF, 0x77, 0xD2, 0x3E, 0x1E, 0xA4, 0x5D, 0x1C, 0x44, 0x0A, 0xC7,
    0x5C, 0x47, 0x6C, 0xC6, 0x79, 0x80, 0xB9, 0xC0, 0x2F, 0x63, 0xD8, 0xEF, 0xC0, 0xFE, 0xFF, 0x02,
    0x7F, 0xD3, 0x07, 0x3B, 0xC6, 0x0F, 0x35, 0x8C, 0x1F, 0x76, 0x30, 0x3D, 0xF8, 0xC2, 0x7C, 0xE1,
    0x0B, 0xF7, 0x81, 0x1F, 0xFA, 0x0E, 0xF5, 0x7F, 0x19, 0xE4, 0x1F, 0x30, 0x30, 0x70, 0x1F, 0x60,
    0xD0, 0x3F, 0xC0, 0xB0, 0xBF, 0x81, 0xF1, 0xBC, 0x03, 0xBB, 0x3C, 0x83, 0x8C, 0x3E, 0x83, 0xFD,
    0xFF, 0x0F, 0xFB, 0xFF, 0x5F, 0x60, 0xA8, 0x61, 0x60, 0xF8, 0xC1, 0xC0, 0xFF, 0x9F, 0x01, 0x00,
    0x65, 0xD4, 0x01, 0x87, 0x25, 0xD9, 0x19, 0xC6, 0xF1, 0x5F, 0xDD, 0xC3, 0x5C, 0x52, 0x99, 0xAE,
    0x45, 0x80, 0xED, 0x71, 0x21, 0x08, 0x66, 0xA7, 0x36, 0x4C, 0x68, 0xF4, 0x74, 0xD5, 0x4E, 0x10,
    0x12, 0x21, 0xDF, 0x64, 0x1B, 0x8D, 0x60, 0xFA, 0xDE, 0xDA, 0x40, 0xB0, 0x30, 0x20, 0x00, 0x92,
    0x6F, 0xD0, 0xD8, 0x30, 0xE8, 0xCE, 0xAD, 0x35, 0x40, 0x12, 0x54, 0x36, 0x08, 0x02, 0x15, 0x19,
    0x12, 0x22, 0xE6, 0xB0, 0x95, 0xEC, 0xCD, 0xA6, 0xBA, 0x4F, 0x52, 0x07, 0xDA, 0x26, 0x17, 0x7F,
    0xB8, 0xEA, 0x3D, 0xCF, 0xFB, 0xAF, 0xE7, 0x14, 0x8E, 0x9F, 0xE2, 0x69, 0xC4, 0xBE, 0xA7, 0x4E,
    0x51, 0x91, 0x3E, 0x8E, 0xD6, 0xBF, 0xAF, 0xA2, 0xCD, 0xF7, 0x8F, 0x5B, 0x67, 0x5F, 0x3F, 0xE1,
    0xFA, 0x5B, 0xE7, 0x8A, 0xE9, 0xFD, 0xD1, 0x2A, 0xFE, 0xA2, 0x17, 0xC6, 0xD7, 0x9D, 0xF5, 0x67,
    0x3F, 0xA5, 0x7C, 0x7D, 0x44, 0xF5, 0xEB, 0x63, 0xAA, 0xDF, 0x9E, 0x50, 0xFD, 0xF5, 0x9C, 0x2A,
    0x8E, 0x54, 0x7F, 0xEA, 0x29, 0x3F, 0xEF, 0xDE, 0x11, 0xD2, 0xCF, 0x06, 0x21, 0xA5, 0xD6, 0xD1,
    0xEE, 0x0D, 0xC7, 0x27, 0x38, 0x39, 0xC7, 0x3B, 0x3F, 0x82, 0x75, 0x4A, 0xA9, 0x57, 0xFC, 0x97,
    0x1D, 0x8D, 0xB2, 0x65, 0xAB, 0xC4, 0x0D, 0x98, 0xC1, 0x01, 0x76, 0x29, 0x8D, 0xEC, 0x53, 0x1A,
    0x08, 0x11, 0xC2, 0x08, 0xE5, 0xC0, 0x72, 0x40, 0x6A, 0x33, 0xB1, 0xE9, 0xA0, 0x6E, 0xA1, 0x71,
    0xCF, 0x4B, 0x78, 0x90, 0x5E, 0xA2, 0x49, 0x11, 0x7C, 0x78, 0xC8, 0xCF, 0x52, 0x8D, 0x55, 0x67,
    0xD3, 0x85, 0x5E, 0x63, 0x35, 0x68, 0x14, 0xA3, 0x86, 0x97, 0x21, 0xA5, 0x28, 0x43, 0x1E, 0x98,
    0x67, 0x57, 0x1D, 0xD5, 0x92, 0x7B, 0x93, 0x63, 0x57, 0xF0, 0x1E, 0x5C, 0xA0, 0x18, 0xE4, 0xB5,
    0x0E, 0xCB, 0xBF, 0x51, 0x93, 0x63, 0x87, 0xD4, 0x36, 0xB3, 0x55, 0xEA, 0x36, 0x03, 0xFB, 0xAE,
    0x44, 0xEA, 0x2A, 0x8A, 0xB7, 0xFD, 0x11, 0xAB, 0x3F, 0xF6, 0x8F, 0x08, 0xBF, 0xE9, 0x1F, 0xE7,
    0x05, 0xD3, 0x90, 0xD9, 0x2B, 0xBF, 0x37, 0x5C, 0x50, 0x85, 0x31, 0x72, 0xB4, 0x70, 0x59, 0x30,
    0x65, 0xDE, 0x71, 0xBA, 0xFA, 0xBC, 0xE7, 0x24, 0xF3, 0xA2, 0xF8, 0x77, 0x4B, 0x2C, 0x12, 0xA2,
    0xC4, 0x83, 0x37, 0xEE, 0x68, 0x6E, 0xCD, 0xA8, 0x52, 0x07, 0x21, 0x8D, 0x10, 0x5E, 0x47, 0x28,
    0x3F, 0x8D, 0x50, 0x7D, 0x14, 0xA1, 0x7A, 0x3E, 0xFE, 0x1C, 0x9B, 0xB0, 0xBC, 0x38, 0x75, 0xF8,
    0xC3, 0x5C, 0x77, 0x9E, 0x95, 0x6F, 0xA7, 0xD4, 0x3A, 0xAD, 0xAB, 0xE7, 0x7F, 0x66, 0x77, 0x5B,
    0x85, 0x4F, 0xD9, 0xBF, 0x79, 0x12, 0x7A, 0x26, 0xCF, 0xC2, 0xA0, 0x88, 0x4E, 0x57, 0xD1, 0x6A,
    0xF4, 0xC2, 0x24, 0x0C, 0x5E, 0x79, 0x25, 0xF4, 0xA6, 0x77, 0x7E, 0x6C, 0xDD, 0x8B, 0xEF, 0xBF,
    0x52, 0x76, 0xC5, 0x97, 0xDF, 0x8E, 0x36, 0x63, 0x71, 0xD7, 0x8C, 0x52, 0x74, 0x68, 0x3A, 0xF6,
    0xF1, 0x72, 0x33, 0xDB, 0xBD, 0xBC, 0x2D, 0x47, 0x75, 0x31, 0xAF, 0x3B, 0x4D, 0x98, 0x4B, 0xCE,
    0xC2, 0x5C, 0xF1, 0xAC, 0xBC, 0x7E, 0xC4, 0xE5, 0xD1, 0xAB, 0x53, 0xE5, 0xB2, 0x72, 0x5B, 0x65,
    0x9A, 0x2F, 0xA6, 0x2B, 0x0E, 0x71, 0x1A, 0x99, 0xC6, 0x7F, 0x0C, 0x8B, 0xDD, 0x34, 0xCB, 0xB4,
    0xFA, 0xE2, 0xF9, 0x17, 0x4B, 0x07, 0x56, 0x89, 0x70, 0x1B, 0xEE, 0x08, 0x73, 0x98, 0x59, 0x4F,
    0xE1, 0x40, 0x19, 0x43, 0xA4, 0x1C, 0x16, 0xA2, 0xF8, 0x10, 0xD6, 0x09, 0xDC, 0xC0, 0x3E, 0x45,
    0xE4, 0xB7, 0xC5, 0x01, 0x4C, 0xD8, 0xFC, 0x2E, 0x22, 0xFD, 0x73, 0x64, 0x7D, 0xD8, 0x0C, 0x54,
    0xFD, 0xBA, 0xA7, 0x69, 0xCB, 0x9E, 0xAD, 0xAA, 0x63, 0xB6, 0xA1, 0x98, 0x34, 0xAC, 0xA2, 0x5F,
    0x11, 0x62, 0xF1, 0x77, 0xC2, 0x18, 0x4E, 0x17, 0x3E, 0x7C, 0xF1, 0x0D, 0x21, 0x5E, 0xFC, 0xF2,
    0x13, 0xAB, 0x34, 0xA6, 0x9E, 0x7D, 0xFB, 0x2F, 0xFF, 0xFF, 0xCB, 0x5B, 0xE4, 0x9A, 0xDF, 0x41,
    0xB1, 0xCF, 0xA7, 0xA7, 0x64, 0x79, 0x60, 0x4F, 0x98, 0xD4, 0xB9, 0xED, 0xB9, 0x85, 0xD0, 0x90,
    0x7B, 0x78, 0xC8, 0x9C, 0xBE, 0x72, 0x69, 0x32, 0xF3, 0xCC, 0x21, 0xCF, 0xEC, 0x31, 0xF3, 0x3F,
    0xBC, 0xC9, 0xF9, 0x9B, 0x6E, 0xD7, 0xE5, 0x11, 0xF9, 0xD8, 0x37, 0xD9, 0xCB, 0x21, 0xD7, 0xF5,
    0xE5, 0x66, 0xE0, 0x52, 0x85, 0xD9, 0x69, 0x66, 0xA4, 0x38, 0xAC, 0x7A, 0x56, 0x53, 0xD9, 0x12,
    0xE2, 0x7B, 0x08, 0xE3, 0x05, 0x52, 0xCA, 0x9F, 0x8F, 0xAC, 0xB0, 0xCA, 0x25, 0xAB, 0x7E, 0x32,
    0xA1, 0x6E, 0x0F, 0x68, 0xCC, 0x99, 0x37, 0xD8, 0xDA, 0xE2, 0x46, 0x83, 0x79, 0xE1, 0xBB, 0xA9,
    0xDD, 0x8C, 0x9A, 0xD4, 0x57, 0x13, 0x55, 0x36, 0xB0, 0xCE, 0xD1, 0xCD, 0xEB, 0x88, 0x43, 0x31,
    0xB1, 0xBB, 0xBF, 0x1A, 0x8B, 0xE2, 0xC9, 0xC2, 0xC8, 0x7A, 0x58, 0x2A, 0x78, 0x7F, 0x35, 0xA8,
    0xBA, 0xBA, 0xA3, 0xCE, 0x73, 0x9A, 0x34, 0xE2, 0x0C, 0x5C, 0x82, 0xEB, 0x7B, 0x03, 0xC5, 0x01,
    0xDE, 0xBD, 0x6B, 0x91, 0x25, 0x21, 0x74, 0x0B, 0xA0, 0x3C, 0x58, 0xE6, 0x52, 0xFF, 0x70, 0xD7,
    0xB9, 0x3E, 0xAE, 0xAC, 0xE2, 0x09, 0xEB, 0xE1, 0x29, 0x55, 0x7F, 0xCE, 0xA6, 0xBD, 0xA2, 0x31,
    0x72, 0xA6, 0xE7, 0x72, 0xD5, 0x73, 0x13, 0xF6, 0xB3, 0xEB, 0xF0, 0x83, 0xD1, 0xF5, 0xBA, 0xEC,
    0x5D, 0x97, 0x55, 0xE7, 0xFA, 0xE1, 0xA6, 0x75, 0x73, 0x5C, 0xD3, 0x3C, 0x6E, 0xA8, 0x5F, 0xED,
    0x5A, 0xD9, 0x77, 0x91, 0xC3, 0x5D, 0xC1, 0x00, 0x2D, 0x70, 0x8E, 0x91, 0xA2, 0xF7, 0x20, 0x75,
    0xEA, 0xD4, 0xBB, 0xDD, 0x0C, 0xAB, 0x58, 0xF7, 0xEB, 0xE1, 0x3B, 0x6D, 0xD5, 0x5F, 0xA9, 0x3E,
    0xEA, 0x6D, 0xBE, 0xDB, 0xA9, 0x4B, 0xEA, 0x87, 0xD4, 0x8F, 0xD7, 0xEA, 0x4F, 0x1E, 0xDA, 0xC4,
    0x17, 0xAA, 0xFC, 0xC5, 0x6A, 0x95, 0x78, 0x84, 0x53, 0xB2, 0x9D, 0x3E, 0x2C, 0x60, 0x0B, 0x55,
    0xBB, 0xA0, 0x5F, 0x52, 0xA4, 0x05, 0x77, 0xD8, 0xB4, 0x68, 0x50, 0xCC, 0xEC, 0xD2, 0x4B, 0xF6,
    0xA9, 0x43, 0xD9, 0x63, 0x3D, 0x20, 0x8C, 0x0B, 0xE2, 0x57, 0xB0, 0xCA, 0xB8, 0x83, 0x05, 0xEB,
    0xB4, 0x14, 0x67, 0x64, 0x8B, 0x4B, 0xCC, 0x2B, 0xE6, 0x27, 0x8A, 0x2F, 0x27, 0xAB, 0x25, 0xD5,
    0xC4, 0x2E, 0x7E, 0xD3, 0xDF, 0x3E, 0x8B, 0xCA, 0xB7, 0x9D, 0xEA, 0xC0, 0xAE, 0xCF, 0x81, 0xBF,
    0xD6, 0xA0, 0xC1, 0xD6, 0x13, 0xD7, 0x9E, 0x95, 0x29, 0xCD, 0x4D, 0xAE, 0xB7, 0x2B, 0x8C, 0x18,
    0xB2, 0x14, 0xF5, 0x40, 0x9A, 0x85, 0xBF, 0x5C, 0xAA, 0x3E, 0x7E, 0x62, 0x73, 0x54, 0x7B, 0xF6,
    0xB0, 0x76, 0x7D, 0x5C, 0x3B, 0x3C, 0x6E, 0x8A, 0xF8, 0xF4, 0x2C, 0xC4, 0xF3, 0xB3, 0xF5, 0x70,
    0x75, 0x59, 0xF6, 0xE3, 0x4D, 0xD5, 0x0D, 0xF3, 0xE6, 0x83, 0x7E, 0x6E, 0x56, 0xDD, 0xDC, 0x84,
    0x0F, 0x0E, 0xDB, 0xF5, 0x6A, 0x5A, 0xEA, 0xF5, 0x26, 0x7B, 0xB9, 0x45, 0x63, 0x87, 0xAD, 0x06,
    0x37, 0x6A, 0xCC, 0x9A, 0xCC, 0x2D, 0xC5, 0x54, 0xCC, 0x96, 0xDA, 0x4D, 0xB9, 0xE2, 0x1D, 0x21,
    0x42, 0x36, 0x22, 0xCB, 0xC9, 0x66, 0x33, 0x3B, 0xB2, 0x46, 0x8D, 0x7B, 0x6E, 0xE1, 0x41, 0xCA,
    0x7A, 0x53, 0xC4, 0x7F, 0x00, 0x65, 0xCE, 0x01, 0x66, 0xC4, 0x40, 0x18, 0x86, 0xE1, 0x77, 0x92,
    0x32, 0x08, 0xB6, 0x28, 0x0A, 0x76, 0x7B, 0x81, 0x36, 0x00, 0xC5, 0x56, 0xE6, 0x46, 0x05, 0x28,
    0xAA, 0x99, 0x23, 0xE4, 0x30, 0x05, 0x20, 0x73, 0x84, 0xF4, 0x06, 0x83, 0x1E, 0x20, 0x08, 0xB2,
    0xEC, 0xEC, 0xDF, 0x7E, 0x0D, 0x5A, 0xFA, 0xE3, 0x21, 0x89, 0xCF, 0x9B, 0xD1, 0x2E, 0x66, 0x05,
    0xC0, 0x47, 0x79, 0x10, 0x1C, 0x05, 0xB3, 0xA8, 0x27, 0xD9, 0x04, 0xF9, 0x20, 0x78, 0x11, 0x6E,
    0xFB, 0x98, 0xE4, 0xEE, 0xCF, 0x66, 0x11, 0xD5, 0xB6, 0x89, 0x72, 0x2F, 0x78, 0x15, 0xFC, 0xDB,
    0x3C, 0x09, 0x9A, 0xDC, 0x9D, 0xFB, 0x32, 0x96, 0xBE, 0x74, 0xE7, 0x26, 0xD3, 0x87, 0x47, 0x67,
    0xF9, 0xBD, 0xFE, 0xB0, 0xEC, 0x43, 0x1B, 0x61, 0xBB, 0x6A, 0xAD, 0xD2, 0xCE, 0x7C, 0xDA, 0x37,
    0xC6, 0xD1, 0x15, 0x80, 0xDB, 0xED, 0x6F, 0x5C, 0x06, 0x9F, 0x2A, 0xB3, 0xA5, 0x36, 0x9B, 0x95,
    0x51, 0x44, 0x89, 0x83, 0x59, 0x6A, 0xCD, 0xE2, 0xCF, 0x63, 0x80, 0x7B, 0xE0, 0x86, 0xED, 0x22,
    0xD0, 0x26, 0xF0, 0x97, 0x80, 0xB3, 0x01, 0x9E, 0x3F, 0xC1, 0x9D, 0x80, 0x7A, 0x05, 0xE8, 0x07,
    0xC0, 0xAB, 0x43, 0x9B, 0xD5, 0x9F, 0x01, 0xAE, 0x05, 0x74, 0x66, 0x93, 0x48, 0x70, 0x07, 0xBC,
    0x05, 0x38, 0x2C, 0xC0, 0x18, 0xC1, 0x9F, 0xF4, 0x06, 0xAA, 0x02, 0xE3, 0x44, 0xBB, 0x7E, 0x27,
    0x60, 0x37, 0xC0, 0x15, 0xBF, 0x6B, 0x8D, 0xBF, 0x00, 0x95, 0x93, 0x81, 0xA6, 0xDC, 0x40, 0x14,
    0x86, 0xCF, 0x66, 0x10, 0x04, 0x5B, 0x14, 0xA0, 0x5D, 0x28, 0x00, 0x79, 0x82, 0x3B, 0x49, 0xFB,
    0x44, 0x45, 0x51, 0x74, 0x35, 0xEE, 0x53, 0x15, 0xE9, 0xDD, 0xE9, 0x1B, 0xE4, 0x11, 0x06, 0xB4,
    0x00, 0x41, 0x30, 0x74, 0xEE, 0x9E, 0xE6, 0xFC, 0xE7, 0xAF, 0x14, 0x55, 0xBA, 0x98, 0xFF, 0x6C,
    0x30, 0x39, 0xDF, 0xF9, 0x4E, 0x44, 0xE4, 0x74, 0x7B, 0xD4, 0x65, 0xCF, 0xB3, 0xAA, 0x6E, 0x7B,
    0xC6, 0x46, 0xDF, 0x59, 0x16, 0xA9, 0x92, 0x45, 0x4E, 0xAB, 0xD8, 0x3F, 0x09, 0x6B, 0xB3, 0x22,
    0x73, 0xB0, 0x0C, 0xBA, 0xFF, 0x96, 0x23, 0xA5, 0x4B, 0x6D, 0x12, 0xBB, 0x26, 0x75, 0x9E, 0xD3,
    0xD9, 0x73, 0x3C, 0x4F, 0x96, 0x17, 0x66, 0xBF, 0x57, 0x4C, 0x0B, 0x19, 0xA4, 0x47, 0x46, 0x19,
    0x90, 0x0F, 0x12, 0x91, 0x9F, 0xE4, 0x01, 0x39, 0xEF, 0xD5, 0x9F, 0x59, 0x64, 0x46, 0x6E, 0x68,
    0xCB, 0xDA, 0x43, 0x5B, 0x4D, 0x3E, 0x21, 0x43, 0x0A, 0xD6, 0xCD, 0xC7, 0x76, 0x41, 0x3B, 0x5F,
    0x2F, 0x1B, 0x5E, 0x73, 0x7B, 0xD6, 0x67, 0xCB, 0x7E, 0xE9, 0xB3, 0x25, 0xB8, 0x33, 0xA8, 0x0B,
    0x98, 0x2B, 0xAE, 0x2E, 0xB8, 0xF0, 0x85, 0x48, 0x20, 0x2B, 0x49, 0x37, 0x9C, 0xAB, 0x51, 0x86,
    0x0C, 0xC6, 0x85, 0x84, 0xE0, 0x33, 0x3A, 0xA3, 0xEA, 0xC1, 0xD0, 0x4B, 0x04, 0xCF, 0x15, 0x67,
    0x05, 0x53, 0x31, 0xA2, 0xD3, 0xF6, 0x5E, 0x64, 0x6E, 0x7E, 0xE6, 0xFD, 0x0C, 0x3A, 0x8A, 0x94,
    0x60, 0xCF, 0x57, 0x72, 0x18, 0x85, 0xF5, 0xFE, 0x26, 0x24, 0xE3, 0xED, 0x46, 0xF4, 0x6F, 0x8F,
    0x3F, 0x57, 0xEF, 0xDD, 0x4E, 0x37, 0x36, 0xB9, 0xB0, 0x11, 0xAF, 0x50, 0x9F, 0x4B, 0xF4, 0x6B,
    0xAE, 0x90, 0x25, 0xB3, 0xF7, 0x5F, 0x01, 0x90, 0x0A, 0xE2, 0xDB, 0x06, 0x51, 0x10, 0x79, 0x36,
    0x12, 0x83, 0x68, 0x21, 0x7F, 0xEC, 0x92, 0x4B, 0x4A, 0x20, 0x80, 0x2B, 0xAA, 0x8A, 0x7B, 0x81,
    0x88, 0xEE, 0xE7, 0xEA, 0x7A, 0xE6, 0x57, 0xB0, 0x72, 0x2F, 0x08, 0x5D, 0xD0, 0xC3, 0x5D, 0x08,
    0x44, 0x22, 0x22, 0x91, 0x89, 0x50, 0xA4, 0x22, 0x16, 0xB9, 0x1C, 0x6C, 0xA4, 0x94, 0x1F, 0x5A,
    0x7D, 0x15, 0xDF, 0x56, 0xAE, 0xE2, 0x97, 0x7F, 0xAF, 0x22, 0x15, 0x51, 0x52, 0x9B, 0xC2, 0xEA,
    0xAB, 0xD8, 0x66, 0x17, 0xD5, 0x41, 0x95, 0x55, 0xBE, 0x8A, 0x97, 0xC9, 0xF9, 0x7A, 0x41, 0xCA,
    0x40, 0xD0, 0xC8, 0x55, 0x9C, 0xB9, 0x8A, 0x95, 0xAB, 0x58, 0x3E, 0x60, 0x05, 0x1B, 0x5D, 0x91,
    0x41, 0x27, 0xAC, 0x62, 0x03, 0x81, 0x7F, 0x5D, 0xC5, 0x97, 0xFF, 0xB3, 0x8A, 0x8F, 0xFA, 0x9D,
    0x4A, 0x29, 0xB5, 0xD1, 0xF1, 0x26, 0x44, 0x1F, 0x84, 0xEC, 0x91, 0xF0, 0x50, 0x00, 0xFA, 0x99,
    0xF8, 0xA9, 0xB2, 0xA0, 0xE2, 0xD6, 0x25, 0x1B, 0x77, 0x40, 0x31, 0xFD, 0xF6, 0x3D, 0xD2, 0xB8,
    0x0D, 0x01, 0xCE, 0x7B, 0x2B, 0x59, 0xC0, 0x3B, 0xE6, 0x40, 0xE5, 0x83, 0x0C, 0x90, 0x0E, 0xFB,
    0x1C, 0xC5, 0xF5, 0x35, 0x3F, 0xC7, 0xA7, 0xCA, 0x42, 0x33, 0x3F, 0xCC, 0x27, 0x39, 0xC6, 0xE1,
    0xF3, 0x38, 0x06, 0x72, 0x4C, 0x84, 0x23, 0x39, 0x66, 0x72, 0x0C, 0xE5, 0x98, 0xCA, 0x2F,
};

static const EpdGlyph libron_14_italicGlyphs[] = {
    { 0, 0, 113, 0, 0, 0, 0 }, // U+0020
    { 10, 21, 137, 0, 21, 53, 0 }, // !
    { 10, 7, 172, 3, 21, 18, 53 }, // "
    { 19, 21, 282, 0, 21, 100, 71 }, // #
    { 18, 26, 251, -1, 23, 117, 171 }, // $
    { 22, 21, 387, 2, 21, 116, 288 }, // %
    { 21, 21, 341, 1, 21, 111, 404 }, // &
    { 6, 7, 96, 3, 21, 11, 515 }, // '
    { 11, 26, 145, 1, 22, 72, 526 }, // (
    { 11, 26, 145, -2, 22, 72, 598 }, // )
    { 10, 12, 201, 4, 22, 30, 670 }, // *
    { 12, 12, 255, 2, 13, 36, 700 }, // +
    { 8, 10, 116, -3, 4, 20, 736 }, // ,
    { 8, 2, 170, 1, 8, 4, 756 }, // -
    { 5, 4, 113, 0, 4, 5, 760 }, // .
    { 17, 21, 189, -2, 21, 90, 765 }, // /
    { 18, 21, 296, 1, 21, 95, 855 }, // 0
    { 12, 21, 195, 0, 21, 63, 950 }, // 1
    { 16, 21, 273, 0, 21, 84, 1013 }, // 2
    { 15, 21, 255, 0, 21, 79, 1097 }, // 3
    { 17, 21, 282, 0, 21, 90, 1176 }, // 4
    { 18, 21, 240, -1, 21, 95, 1266 }, // 5
    { 16, 22, 265, 1, 22, 88, 1361 }, // 6
    { 17, 21, 247, 2, 21, 90, 1449 }, // 7
    { 16, 21, 268, 1, 21, 84, 1539 }, // 8
    { 16, 22, 262, 1, 21, 88, 1623 }, // 9
    { 8, 15, 129, 0, 15, 30, 1711 }, // :
    { 10, 20, 132, -2, 15, 50, 1741 }, // ;
    { 15, 14, 255, 1, 14, 53, 1791 }, // <
    { 14, 8, 255, 1, 11, 28, 1844 }, // =
    { 15, 14, 255, 0, 14, 53, 1872 }, // >
    { 13, 21, 243, 3, 21, 69, 1925 }, // ?
    { 25, 25, 419, 1, 21, 157, 1994 }, // @
    { 22, 21, 339, -2, 21, 116, 2151 }, // A
    { 21, 21, 312, -1, 21, 111, 2267 }, // B
    { 20, 21, 328, 2, 21, 105, 2378 }, // C
    { 23, 21, 353, -1, 21, 121, 2483 }, // D
    { 22, 21, 311, -1, 21, 116, 2604 }, // E
    { 22, 21, 288, -1, 21, 116, 2720 }, // F
    { 20, 21, 346, 2, 21, 105, 2836 }, // G
    { 27, 21, 374, -1, 21, 142, 2941 }, // H
    { 14, 21, 172, -1, 21, 74, 3083 }, // I
    { 18, 21, 225, -1, 21, 95, 3157 }, // J
    { 25, 21, 346, -1, 21, 132, 3252 }, // K
    { 16, 21, 281, 0, 21, 84, 3384 }, // L
    { 31, 21, 456, -1, 21, 163, 3468 }, // M
    { 26, 21, 359, -1, 21, 137, 3631 }, // N
    { 20, 21, 358, 2, 21, 105, 3768 }, // O
    { 21, 21, 293, -1, 21, 111, 3873 }, // P
    { 20, 27, 357, 2, 21, 135, 3984 }, // Q
    { 21, 21, 320, -1, 21, 111, 4119 }, // R
    { 17, 21, 272, 1, 21, 90, 4230 }, // S
    { 20, 21, 318, 3, 21, 105, 4320 }, // T
    { 23, 21, 354, 2, 21, 121, 4425 }, // U
    { 22, 21, 331, 3, 21, 116, 4546 }, // V
    { 29, 21, 456, 3, 21, 153, 4662 }, // W
    { 26, 21, 344, -2, 21, 137, 4815 }, // X
    { 21, 21, 323, 3, 21, 111, 4952 }, // Y
    { 21, 21, 292, -1, 21, 111, 5063 }, // Z
    { 15, 25, 161, -1, 22, 94, 5174 }, // [
    { 5, 21, 180, 4, 21, 27, 5268 }, // <backslash>
    { 15, 25, 161, -3, 22, 94, 5295 }, // ]
    { 13, 11, 255, 2, 20, 36, 5389 }, // ^
    { 13, 2, 174, -4, -3, 7, 5425 }, // _
    { 5, 5, 222, 6, 21, 7, 5432 }, // `
    { 18, 16, 283, 0, 16, 72, 5439 }, // a
    { 15, 24, 258, 1, 24, 90, 5511 }, // b
    { 13, 16, 220, 1, 16, 52, 5601 }, // c
    { 19, 24, 282, 0, 24, 114, 5653 }, // d
    { 13, 16, 227, 1, 16, 52, 5767 }, // e
    { 23, 31, 174, -5, 23, 179, 5819 }, // f
    { 19, 24, 234, -2, 16, 114, 5998 }, // g
    { 17, 23, 282, 0, 23, 98, 6112 }, // h
    { 12, 23, 162, 0, 23, 69, 6210 }, // i
    { 17, 31, 146, -6, 23, 132, 6279 }, // j
    { 17, 23, 266, 0, 23, 98, 6411 }, // k
    { 10, 23, 148, 0, 23, 58, 6509 }, // l
    { 26, 16, 428, 0, 16, 104, 6567 }, // m
    { 19, 16, 302, 0, 16, 76, 6671 }, // n
    { 14, 16, 253, 1, 16, 56, 6747 }, // o
    { 20, 24, 284, -3, 16, 120, 6803 }, // p
    { 16, 24, 264, 0, 16, 96, 6923 }, // q
    { 16, 16, 226, 0, 16, 64, 7019 }, // r
    { 13, 16, 205, 0, 16, 52, 7083 }, // s
    { 10, 19, 181, 2, 19, 48, 7135 }, // t
    { 18, 16, 294, 0, 16, 72, 7183 }, // u
    { 15, 16, 263, 1, 16, 60, 7255 }, // v
    { 23, 16, 376, 0, 16, 92, 7315 }, // w
    { 19, 16, 273, -1, 16, 76, 7407 }, // x
    { 18, 24, 266, -1, 16, 108, 7483 }, // y
    { 15, 18, 239, 0, 17, 68, 7591 }, // z
    { 12, 26, 158, 1, 22, 78, 7659 }, // {
    { 11, 30, 124, -2, 23, 83, 7737 }, // |
    { 12, 26, 158, -2, 22, 78, 7820 }, // }
    { 14, 4, 255, 1, 9, 14, 7898 }, // ~
    { 0, 0, 113, 0, 0, 0, 0 }, // U+00A0
    { 10, 21, 130, -2, 15, 53, 0 }, // U+00A1
    { 15, 21, 231, 1, 21, 79, 53 }, // U+00A2
    { 18, 21, 277, 0, 21, 95, 132 }, // U+00A3
    { 12, 12, 229, 1, 14, 36, 227 }, // U+00A4
    { 21, 21, 326, 3, 21, 111, 263 }, // U+00A5
    { 12, 30, 124, -2, 23, 90, 374 }, // U+00A6
    { 17, 25, 262, 0, 21, 107, 464 }, // U+00A7
    { 10, 3, 222, 5, 20, 8, 571 }, // U+00A8
    { 22, 21, 386, 2, 21, 116, 579 }, // U+00A9
    { 13, 15, 231, 2, 23, 49, 695 }, // U+00AA
    { 16, 14, 247, 0, 14, 56, 744 }, // U+00AB
    { 13, 8, 255, 2, 11, 26, 800 }, // U+00AC
    { 8, 2, 170, 1, 8, 4, 826 }, // U+00AD
    { 14, 13, 261, 3, 21, 46, 830 }, // U+00AE
    { 9, 2, 222, 6, 20, 5, 876 }, // U+00AF
    { 10, 9, 176, 3, 21, 23, 881 }, // U+00B0
    { 15, 15, 255, 0, 15, 57, 904 }, // U+00B1
    { 10, 11, 170, 2, 20, 28, 961 }, // U+00B2
    { 10, 11, 161, 2, 20, 28, 989 }, // U+00B3
    { 8, 5, 222, 8, 21, 10, 1017 }, // U+00B4
    { 20, 24, 306, -2, 16, 120, 1027 }, // U+00B5
    { 18, 24, 286, 3, 21, 108, 1147 }, // U+00B6
    { 5, 4, 121, 1, 9, 5, 1255 }, // U+00B7
    { 7, 8, 222, 0, 1, 14, 1260 }, // U+00B8
    { 8, 11, 140, 2, 20, 22, 1274 }, // U+00B9
    { 13, 15, 219, 2, 23, 49, 1296 }, // U+00BA
    { 16, 14, 254, -1, 14, 56, 1345 }, // U+00BB
    { 21, 21, 373, 2, 21, 111, 1401 }, // U+00BC
    { 21, 21, 382, 2, 21, 111, 1512 }, // U+00BD
    { 22, 21, 377, 2, 21, 116, 1623 }, // U+00BE
    { 13, 21, 240, -1, 15, 69, 1739 }, // U+00BF
    { 22, 27, 339, -2, 27, 149, 1808 }, // U+00C0
    { 22, 27, 339, -2, 27, 149, 1957 }, // U+00C1
    { 22, 27, 339, -2, 27, 149, 2106 }, // U+00C2
    { 22, 27, 339, -2, 27, 149, 2255 }, // U+00C3
    { 22, 26, 339, -2, 26, 143, 2404 }, // U+00C4
    { 22, 27, 339, -2, 27, 149, 2547 }, // U+00C5
    { 35, 21, 474, -3, 21, 184, 2696 }, // U+00C6
    { 21, 29, 328, 2, 22, 153, 2880 }, // U+00C7
    { 22, 27, 311, -1, 27, 149, 3033 }, // U+00C8
    { 22, 27, 311, -1, 27, 149, 3182 }, // U+00C9
    { 22, 27, 311, -1, 27, 149, 3331 }, // U+00CA
    { 22, 26, 311, -1, 26, 143, 3480 }, // U+00CB
    { 14, 27, 172, -1, 27, 95, 3623 }, // U+00CC
    { 17, 27, 172, -1, 27, 115, 3718 }, // U+00CD
    { 15, 27, 172, -1, 27, 102, 3833 }, // U+00CE
    { 16, 26, 172, -1, 26, 104, 3935 }, // U+00CF
    { 23, 21, 354, -1, 21, 121, 4039 }, // U+00D0
    { 26, 27, 359, -1, 27, 176, 4160 }, // U+00D1
    { 20, 27, 358, 2, 27, 135, 4336 }, // U+00D2
    { 20, 27, 358, 2, 27, 135, 4471 }, // U+00D3
    { 20, 27, 358, 2, 27, 135, 4606 }, // U+00D4
    { 20, 27, 358, 2, 27, 135, 4741 }, // U+00D5
    { 20, 26, 358, 2, 26, 130, 4876 }, // U+00D6
    { 14, 12, 255, 1, 13, 42, 5006 }, // U+00D7
    { 26, 21, 363, -1, 21, 137, 5048 }, // U+00D8
    { 23, 27, 354, 2, 27, 156, 5185 }, // U+00D9
    { 23, 27, 354, 2, 27, 156, 5341 }, // U+00DA
    { 23, 27, 354, 2, 27, 156, 5497 }, // U+00DB
    { 23, 26, 354, 2, 26, 150, 5653 }, // U+00DC
    { 21, 27, 323, 3, 27, 142, 5803 }, // U+00DD
    { 20, 21, 298, -1, 21, 105, 5945 }, // U+00DE
    { 24, 31, 320, -5, 23, 186, 6050 }, // U+00DF
    { 18, 23, 283, 0, 23, 104, 6236 }, // U+00E0
    { 18, 23, 283, 0, 23, 104, 6340 }, // U+00E1
    { 18, 23, 283, 0, 23, 104, 6444 }, // U+00E2
    { 18, 23, 283, 0, 23, 104, 6548 }, // U+00E3
    { 18, 22, 283, 0, 22, 99, 6652 }, // U+00E4
    { 18, 23, 283, 0, 23, 104, 6751 }, // U+00E5
    { 24, 16, 392, 0, 16, 96, 6855 }, // U+00E6
    { 13, 24, 220, 1, 16, 78, 6951 }, // U+00E7
    { 13, 23, 227, 1, 23, 75, 7029 }, // U+00E8
    { 15, 23, 227, 1, 23, 87, 7104 }, // U+00E9
    { 14, 23, 227, 1, 23, 81, 7191 }, // U+00EA
    { 14, 22, 227, 1, 22, 77, 7272 }, // U+00EB
    { 10, 23, 162, 0, 23, 58, 7349 }, // U+00EC
    { 14, 23, 162, 0, 23, 81, 7407 }, // U+00ED
    { 13, 23, 162, 0, 23, 75, 7488 }, // U+00EE
    { 14, 22, 162, 0, 22, 77, 7563 }, // U+00EF
    { 15, 24, 253, 1, 24, 90, 7640 }, // U+00F0
    { 19, 23, 302, 0, 23, 110, 7730 }, // U+00F1
    { 14, 23, 253, 1, 23, 81, 7840 }, // U+00F2
    { 15, 23, 253, 1, 23, 87, 7921 }, // U+00F3
    { 14, 23, 253, 1, 23, 81, 8008 }, // U+00F4
    { 15, 23, 253, 1, 23, 87, 8089 }, // U+00F5
    { 15, 22, 253, 1, 22, 83, 8176 }, // U+00F6
    { 12, 14, 255, 2, 14, 42, 8259 }, // U+00F7
    { 19, 16, 263, -1, 16, 76, 8301 }, // U+00F8
    { 18, 23, 294, 0, 23, 104, 8377 }, // U+00F9
    { 18, 23, 294, 0, 23, 104, 8481 }, // U+00FA
    { 18, 23, 294, 0, 23, 104, 8585 }, // U+00FB
    { 18, 22, 294, 0, 22, 99, 8689 }, // U+00FC
    { 18, 31, 266, -1, 23, 140, 8788 }, // U+00FD
    { 20, 31, 263, -4, 23, 155, 8928 }, // U+00FE
    { 18, 30, 266, -1, 22, 135, 9083 }, // U+00FF
    { 22, 26, 339, -2, 26, 143, 0 }, // U+0100
    { 18, 22, 283, 0, 22, 99, 143 }, // U+0101
    { 22, 27, 339, -2, 27, 149, 242 }, // U+0102
    { 18, 23, 283, 0, 23, 104, 391 }, // U+0103
    { 22, 28, 339, -2, 21, 154, 495 }, // U+0104
    { 18, 24, 284, 0, 16, 108, 649 }, // U+0105
    { 20, 27, 328, 2, 27, 135, 757 }, // U+0106
    { 14, 23, 220, 1, 23, 81, 892 }, // U+0107
    { 20, 27, 328, 2, 27, 135, 973 }, // U+0108
    { 14, 23, 220, 1, 23, 81, 1108 }, // U+0109
    { 20, 26, 328, 2, 26, 130, 1189 }, // U+010A
    { 13, 22, 220, 1, 22, 72, 1319 }, // U+010B
    { 20, 27, 328, 2, 27, 135, 1391 }, // U+010C
    { 15, 23, 220, 1, 23, 87, 1526 }, // U+010D
    { 23, 27, 353, -1, 27, 156, 1613 }, // U+010E
    { 25, 24, 295, 0, 24, 150, 1769 }, // U+010F
    { 23, 21, 354, -1, 21, 121, 1919 }, // U+0110
    { 21, 23, 283, 0, 23, 121, 2040 }, // U+0111
    { 22, 26, 311, -1, 26, 143, 2161 }, // U+0112
    { 14, 22, 227, 1, 22, 77, 2304 }, // U+0113
    { 22, 27, 311, -1, 27, 149, 2381 }, // U+0114
    { 15, 23, 227, 1, 23, 87, 2530 }, // U+0115
    { 22, 26, 311, -1, 26, 143, 2617 }, // U+0116
    { 13, 22, 227, 1, 22, 72, 2760 }, // U+0117
    { 22, 28, 311, -1, 21, 154, 2832 }, // U+0118
    { 13, 23, 227, 1, 16, 75, 2986 }, // U+0119
    { 22, 27, 311, -1, 27, 149, 3061 }, // U+011A
    { 15, 23, 227, 1, 23, 87, 3210 }, // U+011B
    { 20, 27, 346, 2, 27, 135, 3297 }, // U+011C
    { 19, 31, 234, -2, 23, 148, 3432 }, // U+011D
    { 20, 27, 346, 2, 27, 135, 3580 }, // U+011E
    { 19, 31, 234, -2, 23, 148, 3715 }, // U+011F
    { 20, 26, 346, 2, 26, 130, 3863 }, // U+0120
    { 19, 30, 234, -2, 22, 143, 3993 }, // U+0121
    { 20, 28, 346, 2, 28, 140, 4136 }, // U+0122
    { 19, 32, 234, -2, 24, 152, 4276 }, // U+0123
    { 27, 27, 374, -1, 27, 183, 4428 }, // U+0124
    { 18, 29, 282, 0, 29, 131, 4611 }, // U+0125
    { 27, 21, 376, -1, 21, 142, 4742 }, // U+0126
    { 17, 23, 282, 0, 23, 98, 4884 }, // U+0127
    { 16, 27, 172, -1, 27, 108, 4982 }, // U+0128
    { 14, 23, 162, 0, 23, 81, 5090 }, // U+0129
    { 16, 26, 172, -1, 26, 104, 5171 }, // U+012A
    { 13, 22, 162, 0, 22, 72, 5275 }, // U+012B
    { 16, 27, 172, -1, 27, 108, 5347 }, // U+012C
    { 14, 23, 162, 0, 23, 81, 5455 }, // U+012D
    { 14, 28, 172, -1, 21, 98, 5536 }, // U+012E
    { 13, 31, 163, -1, 23, 101, 5634 }, // U+012F
    { 14, 26, 172, -1, 26, 91, 5735 }, // U+0130
    { 10, 16, 162, 0, 16, 40, 5826 }, // U+0131
    { 19, 27, 225, -1, 27, 129, 5866 }, // U+0134
    { 18, 31, 146, -6, 23, 140, 5995 }, // U+0135
    { 25, 28, 346, -1, 21, 175, 6135 }, // U+0136
    { 17, 31, 266, 0, 23, 132, 6310 }, // U+0137
    { 18, 16, 285, 0, 16, 72, 6442 }, // U+0138
    { 16, 27, 281, 0, 27, 108, 6514 }, // U+0139
    { 15, 29, 148, 0, 29, 109, 6622 }, // U+013A
    { 16, 28, 281, 0, 21, 112, 6731 }, // U+013B
    { 11, 31, 148, -1, 23, 86, 6843 }, // U+013C
    { 19, 21, 283, 0, 21, 100, 6929 }, // U+013D
    { 16, 24, 158, 0, 24, 96, 7029 }, // U+013E
    { 18, 21, 282, 0, 21, 95, 7125 }, // U+013F
    { 12, 23, 161, 0, 23, 69, 7220 }, // U+0140
    { 17, 21, 287, -1, 21, 90, 7289 }, // U+0141
    { 12, 23, 181, 0, 23, 69, 7379 }, // U+0142
    { 26, 27, 359, -1, 27, 176, 7448 }, // U+0143
    { 19, 23, 302, 0, 23, 110, 7624 }, // U+0144
    { 26, 28, 359, -1, 21, 182, 7734 }, // U+0145
    { 19, 24, 302, 0, 16, 114, 7916 }, // U+0146
    { 26, 27, 359, -1, 27, 176, 8030 }, // U+0147
    { 19, 23, 302, 0, 23, 110, 8206 }, // U+0148
    { 26, 28, 359, -1, 21, 182, 8316 }, // U+014A
    { 17, 24, 286, 0, 16, 102, 8498 }, // U+014B
    { 20, 26, 358, 2, 26, 130, 8600 }, // U+014C
    { 15, 22, 253, 1, 22, 83, 8730 }, // U+014D
    { 20, 27, 358, 2, 27, 135, 8813 }, // U+014E
    { 15, 23, 253, 1, 23, 87, 8948 }, // U+014F
    { 22, 26, 358, 2, 26, 143, 9035 }, // U+0150
    { 18, 23, 253, 1, 23, 104, 9178 }, // U+0151
    { 30, 21, 489, 2, 21, 158, 9282 }, // U+0152
    { 23, 16, 392, 1, 16, 92, 9440 }, // U+0153
    { 21, 27, 320, -1, 27, 142, 9532 }, // U+0154
    { 16, 23, 226, 0, 23, 92, 9674 }, // U+0155
    { 21, 28, 320, -1, 21, 147, 9766 }, // U+0156
    { 17, 24, 226, -1, 16, 102, 9913 }, // U+0157
    { 21, 27, 320, -1, 27, 142, 10015 }, // U+0158
    { 16, 23, 226, 0, 23, 92, 10157 }, // U+0159
    { 17, 27, 272, 1, 27, 115, 10249 }, // U+015A
    { 15, 23, 205, 0, 23, 87, 10364 }, // U+015B
    { 17, 27, 272, 1, 27, 115, 10451 }, // U+015C
    { 14, 23, 205, 0, 23, 81, 10566 }, // U+015D
    { 18, 29, 272, 1, 22, 131, 10647 }, // U+015E
    { 13, 24, 205, 0, 16, 78, 10778 }, // U+015F
    { 17, 27, 272, 1, 27, 115, 10856 }, // U+0160
    { 15, 23, 205, 0, 23, 87, 10971 }, // U+0161
    { 20, 28, 318, 3, 21, 140, 11058 }, // U+0162
    { 13, 27, 182, -1, 19, 88, 11198 }, // U+0163
    { 20, 27, 318, 3, 27, 135, 11286 }, // U+0164
    { 14, 25, 181, 2, 25, 88, 11421 }, // U+0165
    { 21, 22, 319, 2, 22, 116, 11509 }, // U+0166
    { 12, 19, 189, 1, 19, 57, 11625 }, // U+0167
    { 23, 27, 354, 2, 27, 156, 11682 }, // U+0168
    { 18, 23, 294, 0, 23, 104, 11838 }, // U+0169
    { 23, 26, 354, 2, 26, 150, 11942 }, // U+016A
    { 18, 22, 294, 0, 22, 99, 12092 }, // U+016B
    { 23, 27, 354, 2, 27, 156, 12191 }, // U+016C
    { 18, 23, 294, 0, 23, 104, 12347 }, // U+016D
    { 23, 27, 354, 2, 27, 156, 12451 }, // U+016E
    { 18, 23, 294, 0, 23, 104, 12607 }, // U+016F
    { 23, 26, 354, 2, 26, 150, 12711 }, // U+0170
    { 20, 23, 294, 0, 23, 115, 12861 }, // U+0171
    { 23, 28, 354, 2, 21, 161, 12976 }, // U+0172
    { 18, 24, 295, 0, 16, 108, 13137 }, // U+0173
    { 29, 27, 456, 3, 27, 196, 13245 }, // U+0174
    { 23, 23, 376, 0, 23, 133, 13441 }, // U+0175
    { 21, 27, 323, 3, 27, 142, 13574 }, // U+0176
    { 18, 31, 266, -1, 23, 140, 13716 }, // U+0177
    { 21, 26, 323, 3, 26, 137, 13856 }, // U+0178
    { 21, 27, 292, -1, 27, 142, 13993 }, // U+0179
    { 15, 24, 239, 0, 23, 90, 14135 }, // U+017A
    { 21, 26, 292, -1, 26, 137, 14225 }, // U+017B
    { 15, 23, 239, 0, 22, 87, 14362 }, // U+017C
    { 21, 27, 292, -1, 27, 142, 14449 }, // U+017D
    { 16, 24, 239, 0, 23, 96, 14591 }, // U+017E
    { 22, 25, 359, 2, 25, 138, 0 }, // U+01A0
    { 17, 20, 260, 1, 20, 85, 138 }, // U+01A1
    { 26, 25, 359, 2, 25, 163, 223 }, // U+01AF
    { 22, 20, 311, 0, 20, 110, 386 }, // U+01B0
    { 43, 27, 633, -1, 27, 291, 496 }, // U+01C4
    { 38, 22, 576, -1, 21, 209, 787 }, // U+01C5
    { 33, 25, 522, 0, 24, 207, 996 }, // U+01C6
    { 35, 21, 514, 0, 21, 184, 1203 }, // U+01C7
    { 29, 31, 425, 0, 23, 225, 1387 }, // U+01C8
    { 21, 31, 294, 0, 23, 163, 1612 }, // U+01C9
    { 41, 21, 585, -1, 21, 216, 1775 }, // U+01CA
    { 34, 31, 495, -1, 23, 264, 1991 }, // U+01CB
    { 30, 31, 451, 0, 23, 233, 2255 }, // U+01CC
    { 22, 27, 339, -2, 27, 149, 2488 }, // U+01CD
    { 18, 23, 283, 0, 23, 104, 2637 }, // U+01CE
    { 17, 27, 172, -1, 27, 115, 2741 }, // U+01CF
    { 14, 23, 162, 0, 23, 81, 2856 }, // U+01D0
    { 20, 27, 358, 2, 27, 135, 2937 }, // U+01D1
    { 16, 23, 253, 1, 23, 92, 3072 }, // U+01D2
    { 23, 27, 354, 2, 27, 156, 3164 }, // U+01D3
    { 18, 23, 294, 0, 23, 104, 3320 }, // U+01D4
    { 23, 32, 354, 2, 32, 184, 3424 }, // U+01D5
    { 18, 28, 294, 0, 28, 126, 3608 }, // U+01D6
    { 23, 33, 354, 2, 33, 190, 3734 }, // U+01D7
    { 19, 29, 294, 0, 29, 138, 3924 }, // U+01D8
    { 23, 33, 354, 2, 33, 190, 4062 }, // U+01D9
    { 19, 29, 294, 0, 29, 138, 4252 }, // U+01DA
    { 23, 33, 354, 2, 33, 190, 4390 }, // U+01DB
    { 18, 29, 294, 0, 29, 131, 4580 }, // U+01DC
    { 23, 32, 339, -2, 32, 184, 4711 }, // U+01DE
    { 19, 28, 283, 0, 28, 133, 4895 }, // U+01DF
    { 23, 32, 339, -2, 32, 184, 5028 }, // U+01E0
    { 19, 28, 283, 0, 28, 133, 5212 }, // U+01E1
    { 35, 26, 474, -3, 26, 228, 5345 }, // U+01E2
    { 24, 22, 392, 0, 22, 132, 5573 }, // U+01E3
    { 20, 27, 346, 2, 27, 135, 5705 }, // U+01E6
    { 19, 31, 234, -2, 23, 148, 5840 }, // U+01E7
    { 25, 27, 346, -1, 27, 169, 5988 }, // U+01E8
    { 18, 29, 266, 0, 29, 131, 6157 }, // U+01E9
    { 20, 28, 358, 2, 21, 140, 6288 }, // U+01EA
    { 14, 24, 253, 1, 16, 84, 6428 }, // U+01EB
    { 20, 34, 358, 2, 26, 170, 6512 }, // U+01EC
    { 15, 30, 253, 1, 22, 113, 6682 }, // U+01ED
    { 20, 31, 146, -6, 23, 155, 6795 }, // U+01F0
    { 20, 27, 356, 2, 27, 135, 6950 }, // U+01F4
    { 19, 31, 234, -2, 23, 148, 7085 }, // U+01F5
    { 26, 27, 359, -1, 27, 176, 7233 }, // U+01F8
    { 19, 23, 302, 0, 23, 110, 7409 }, // U+01F9
    { 24, 33, 339, -2, 33, 198, 7519 }, // U+01FA
    { 20, 30, 283, 0, 30, 150, 7717 }, // U+01FB
    { 35, 27, 474, -3, 27, 237, 7867 }, // U+01FC
    { 24, 23, 392, 0, 23, 138, 8104 }, // U+01FD
    { 26, 27, 363, -1, 27, 176, 8242 }, // U+01FE
    { 19, 23, 263, -1, 23, 110, 8418 }, // U+01FF
    { 22, 26, 339, -2, 26, 143, 8528 }, // U+0200
    { 18, 23, 283, 0, 23, 104, 8671 }, // U+0201
    { 22, 27, 339, -2, 27, 149, 8775 }, // U+0202
    { 18, 23, 283, 0, 23, 104, 8924 }, // U+0203
    { 22, 26, 311, -1, 26, 143, 9028 }, // U+0204
    { 13, 23, 227, 1, 23, 75, 9171 }, // U+0205
    { 22, 27, 311, -1, 27, 149, 9246 }, // U+0206
    { 13, 23, 227, 1, 23, 75, 9395 }, // U+0207
    { 14, 26, 172, -1, 26, 91, 9470 }, // U+0208
    { 11, 23, 162, 0, 23, 64, 9561 }, // U+0209
    { 15, 27, 172, -1, 27, 102, 9625 }, // U+020A
    { 13, 23, 162, 0, 23, 75, 9727 }, // U+020B
    { 20, 26, 358, 2, 26, 130, 9802 }, // U+020C
    { 14, 23, 253, 1, 23, 81, 9932 }, // U+020D
    { 20, 27, 358, 2, 27, 135, 10013 }, // U+020E
    { 14, 23, 253, 1, 23, 81, 10148 }, // U+020F
    { 21, 26, 320, -1, 26, 137, 10229 }, // U+0210
    { 16, 23, 226, 0, 23, 92, 10366 }, // U+0211
    { 21, 27, 320, -1, 27, 142, 10458 }, // U+0212
    { 16, 23, 226, 0, 23, 92, 10600 }, // U+0213
    { 23, 26, 354, 2, 26, 150, 10692 }, // U+0214
    { 18, 23, 294, 0, 23, 104, 10842 }, // U+0215
    { 23, 27, 354, 2, 27, 156, 10946 }, // U+0216
    { 18, 23, 294, 0, 23, 104, 11102 }, // U+0217
    { 17, 28, 272, 1, 21, 119, 11206 }, // U+0218
    { 13, 24, 205, 0, 16, 78, 11325 }, // U+0219
    { 20, 28, 318, 3, 21, 140, 11403 }, // U+021A
    { 11, 27, 181, 1, 19, 75, 11543 }, // U+021B
    { 27, 27, 374, -1, 27, 183, 11618 }, // U+021E
    { 18, 29, 282, 0, 29, 131, 11801 }, // U+021F
    { 5, 5, 0, -1, 21, 7, 0 }, // U+0300
    { 8, 5, 0, 1, 21, 10, 7 }, // U+0301
    { 9, 5, 0, -2, 21, 12, 17 }, // U+0302
    { 11, 5, 0, -2, 21, 14, 29 }, // U+0303
    { 9, 2, 0, -1, 20, 5, 43 }, // U+0304
    { 10, 5, 0, -1, 21, 13, 48 }, // U+0306
    { 5, 3, 0, 1, 20, 4, 61 }, // U+0307
    { 10, 3, 0, -2, 20, 8, 65 }, // U+0308
    { 6, 6, 0, 1, 22, 9, 73 }, // U+0309
    { 6, 5, 0, 0, 21, 8, 82 }, // U+030A
    { 12, 5, 0, -1, 21, 15, 90 }, // U+030B
    { 10, 5, 0, -1, 21, 13, 105 }, // U+030C
    { 9, 5, 0, -3, 21, 12, 118 }, // U+030F
    { 9, 5, 0, -2, 21, 12, 130 }, // U+0311
    { 5, 6, 0, 1, 22, 8, 142 }, // U+0312
    { 8, 6, 0, 0, 19, 12, 150 }, // U+031B
    { 4, 3, 0, -5, -2, 3, 162 }, // U+0323
    { 10, 3, 0, -8, -2, 8, 165 }, // U+0324
    { 5, 6, 0, -6, -1, 8, 173 }, // U+0326
    { 7, 8, 0, -7, 1, 14, 181 }, // U+0327
    { 7, 8, 0, -9, 1, 14, 195 }, // U+0328
    { 9, 5, 0, -7, -1, 12, 209 }, // U+032E
    { 10, 2, 0, -8, -2, 5, 221 }, // U+0331
    { 10, 2, 0, -2, 18, 5, 226 }, // U+0335
    { 22, 26, 339, -2, 21, 143, 0 }, // U+1EA0
    { 18, 22, 283, 0, 16, 99, 143 }, // U+1EA1
    { 22, 28, 339, -2, 28, 154, 242 }, // U+1EA2
    { 18, 24, 283, 0, 24, 108, 396 }, // U+1EA3
    { 27, 29, 339, -2, 29, 196, 504 }, // U+1EA4
    { 23, 25, 283, 0, 25, 144, 700 }, // U+1EA5
    { 22, 29, 339, -2, 29, 160, 844 }, // U+1EA6
    { 18, 25, 283, 0, 25, 113, 1004 }, // U+1EA7
    { 25, 31, 339, -2, 31, 194, 1117 }, // U+1EA8
    { 21, 27, 283, 0, 27, 142, 1311 }, // U+1EA9
    { 22, 29, 339, -2, 29, 160, 1453 }, // U+1EAA
    { 18, 25, 283, 0, 25, 113, 1613 }, // U+1EAB
    { 22, 32, 339, -2, 27, 176, 1726 }, // U+1EAC
    { 18, 29, 283, 0, 23, 131, 1902 }, // U+1EAD
    { 22, 28, 339, -2, 28, 154, 2033 }, // U+1EAE
    { 18, 25, 283, 0, 25, 113, 2187 }, // U+1EAF
    { 22, 28, 339, -2, 28, 154, 2300 }, // U+1EB0
    { 18, 24, 283, 0, 24, 108, 2454 }, // U+1EB1
    { 22, 29, 339, -2, 29, 160, 2562 }, // U+1EB2
    { 18, 25, 283, 0, 25, 113, 2722 }, // U+1EB3
    { 22, 28, 339, -2, 28, 154, 2835 }, // U+1EB4
    { 18, 25, 283, 0, 25, 113, 2989 }, // U+1EB5
    { 22, 32, 339, -2, 27, 176, 3102 }, // U+1EB6
    { 18, 29, 283, 0, 23, 131, 3278 }, // U+1EB7
    { 22, 26, 311, -1, 21, 143, 3409 }, // U+1EB8
    { 13, 22, 227, 1, 16, 72, 3552 }, // U+1EB9
    { 22, 28, 311, -1, 28, 154, 3624 }, // U+1EBA
    { 13, 24, 227, 1, 24, 78, 3778 }, // U+1EBB
    { 22, 27, 311, -1, 27, 149, 3856 }, // U+1EBC
    { 15, 23, 227, 1, 23, 87, 4005 }, // U+1EBD
    { 25, 29, 311, -1, 29, 182, 4092 }, // U+1EBE
    { 20, 25, 227, 1, 25, 125, 4274 }, // U+1EBF
    { 22, 29, 311, -1, 29, 160, 4399 }, // U+1EC0
    { 14, 25, 227, 1, 25, 88, 4559 }, // U+1EC1
    { 24, 31, 311, -1, 31, 186, 4647 }, // U+1EC2
    { 18, 27, 227, 1, 27, 122, 4833 }, // U+1EC3
    { 22, 29, 311, -1, 29, 160, 4955 }, // U+1EC4
    { 15, 25, 227, 1, 25, 94, 5115 }, // U+1EC5
    { 22, 32, 311, -1, 27, 176, 5209 }, // U+1EC6
    { 14, 29, 227, 1, 23, 102, 5385 }, // U+1EC7
    { 14, 28, 172, -1, 28, 98, 5487 }, // U+1EC8
    { 12, 24, 162, 0, 24, 72, 5585 }, // U+1EC9
    { 14, 26, 172, -1, 21, 91, 5657 }, // U+1ECA
    { 12, 29, 162, 0, 23, 87, 5748 }, // U+1ECB
    { 20, 26, 358, 2, 21, 130, 5835 }, // U+1ECC
    { 14, 22, 253, 1, 16, 77, 5965 }, // U+1ECD
    { 20, 28, 358, 2, 28, 140, 6042 }, // U+1ECE
    { 14, 24, 253, 1, 24, 84, 6182 }, // U+1ECF
    { 24, 29, 358, 2, 29, 174, 6266 }, // U+1ED0
    { 21, 25, 253, 1, 25, 132, 6440 }, // U+1ED1
    { 20, 29, 358, 2, 29, 145, 6572 }, // U+1ED2
    { 14, 25, 253, 1, 25, 88, 6717 }, // U+1ED3
    { 22, 31, 358, 2, 31, 171, 6805 }, // U+1ED4
    { 19, 27, 253, 1, 27, 129, 6976 }, // U+1ED5
    { 20, 29, 358, 2, 29, 145, 7105 }, // U+1ED6
    { 16, 25, 253, 1, 25, 100, 7250 }, // U+1ED7
    { 20, 32, 358, 2, 27, 160, 7350 }, // U+1ED8
    { 14, 29, 253, 1, 23, 102, 7510 }, // U+1ED9
    { 22, 27, 359, 2, 27, 149, 7612 }, // U+1EDA
    { 17, 23, 260, 1, 23, 98, 7761 }, // U+1EDB
    { 22, 27, 359, 2, 27, 149, 7859 }, // U+1EDC
    { 17, 23, 260, 1, 23, 98, 8008 }, // U+1EDD
    { 22, 28, 359, 2, 28, 154, 8106 }, // U+1EDE
    { 17, 24, 260, 1, 24, 102, 8260 }, // U+1EDF
    { 22, 27, 359, 2, 27, 149, 8362 }, // U+1EE0
    { 17, 23, 260, 1, 23, 98, 8511 }, // U+1EE1
    { 22, 30, 359, 2, 25, 165, 8609 }, // U+1EE2
    { 17, 26, 260, 1, 20, 111, 8774 }, // U+1EE3
    { 23, 26, 354, 2, 21, 150, 8885 }, // U+1EE4
    { 18, 22, 294, 0, 16, 99, 9035 }, // U+1EE5
    { 23, 28, 354, 2, 28, 161, 9134 }, // U+1EE6
    { 18, 24, 294, 0, 24, 108, 9295 }, // U+1EE7
    { 26, 27, 359, 2, 27, 176, 9403 }, // U+1EE8
    { 22, 23, 311, 0, 23, 127, 9579 }, // U+1EE9
    { 26, 27, 359, 2, 27, 176, 9706 }, // U+1EEA
    { 22, 23, 311, 0, 23, 127, 9882 }, // U+1EEB
    { 26, 28, 359, 2, 28, 182, 10009 }, // U+1EEC
    { 22, 24, 311, 0, 24, 132, 10191 }, // U+1EED
    { 26, 27, 359, 2, 27, 176, 10323 }, // U+1EEE
    { 22, 23, 311, 0, 23, 127, 10499 }, // U+1EEF
    { 26, 30, 359, 2, 25, 195, 10626 }, // U+1EF0
    { 22, 26, 311, 0, 20, 143, 10821 }, // U+1EF1
    { 21, 27, 323, 3, 27, 142, 10964 }, // U+1EF2
    { 18, 31, 266, -1, 23, 140, 11106 }, // U+1EF3
    { 21, 26, 323, 3, 21, 137, 11246 }, // U+1EF4
    { 18, 24, 266, -1, 16, 108, 11383 }, // U+1EF5
    { 21, 28, 323, 3, 28, 147, 11491 }, // U+1EF6
    { 18, 32, 266, -1, 24, 144, 11638 }, // U+1EF7
    { 21, 27, 323, 3, 27, 142, 11782 }, // U+1EF8
    { 18, 31, 266, -1, 23, 140, 11924 }, // U+1EF9
    { 8, 2, 170, 1, 8, 4, 0 }, // U+2010
    { 12, 2, 228, 1, 8, 6, 4 }, // U+2013
    { 17, 2, 297, 1, 8, 9, 10 }, // U+2014
    { 7, 8, 117, 3, 21, 14, 19 }, // U+2018
    { 7, 8, 116, 3, 21, 14, 33 }, // U+2019
    { 7, 8, 115, -2, 4, 14, 47 }, // U+201A
    { 12, 8, 203, 3, 21, 24, 61 }, // U+201C
    { 12, 8, 203, 3, 21, 24, 85 }, // U+201D
    { 12, 8, 201, -2, 4, 24, 109 }, // U+201E
    { 9, 12, 174, 4, 22, 27, 133 }, // U+2020
    { 10, 11, 183, 3, 21, 28, 160 }, // U+2021
    { 8, 7, 196, 2, 11, 14, 188 }, // U+2022
    { 17, 4, 314, 0, 4, 17, 202 }, // U+2026
    { 32, 21, 554, 2, 21, 168, 219 }, // U+2030
    { 6, 7, 100, 3, 21, 11, 387 }, // U+2032
    { 11, 7, 173, 3, 21, 20, 398 }, // U+2033
    { 10, 14, 149, 0, 14, 35, 418 }, // U+2039
    { 10, 14, 156, -1, 14, 35, 453 }, // U+203A
    { 22, 21, 35, -9, 21, 116, 488 }, // U+2044
    { 22, 21, 358, 1, 21, 116, 604 }, // U+2052
    { 10, 11, 186, 3, 20, 28, 0 }, // U+2070
    { 11, 11, 175, 2, 20, 31, 28 }, // U+2074
    { 19, 26, 267, 0, 23, 124, 0 }, // U+20A1
    { 22, 21, 285, -1, 21, 116, 124 }, // U+20A3
    { 18, 21, 284, 0, 21, 95, 240 }, // U+20A4
    { 24, 21, 324, -1, 21, 126, 335 }, // U+20A6
    { 25, 21, 407, 0, 21, 132, 461 }, // U+20A7
    { 23, 21, 347, 1, 21, 121, 593 }, // U+20A9
    { 22, 27, 307, -2, 22, 149, 714 }, // U+20AB
    { 21, 21, 326, 1, 21, 111, 863 }, // U+20AC
    { 24, 21, 326, -1, 21, 126, 974 }, // U+20AD
    { 22, 21, 326, 0, 21, 116, 1100 }, // U+20B1
    { 17, 26, 290, 2, 23, 111, 1216 }, // U+20B2
    { 15, 21, 231, 1, 21, 79, 1327 }, // U+20B5
    { 18, 21, 277, 2, 21, 95, 1406 }, // U+20B9
    { 16, 21, 279, -1, 21, 84, 1501 }, // U+20BA
    { 16, 21, 269, -1, 21, 84, 1585 }, // U+20BC
    { 21, 21, 289, -1, 21, 111, 1669 }, // U+20BD
    { 12, 2, 255, 2, 8, 6, 0 }, // U+2212
    { 22, 21, 35, -9, 21, 116, 6 }, // U+2215
    { 8, 7, 255, 4, 11, 14, 122 }, // U+2219
    { 15, 10, 255, 0, 12, 38, 136 }, // U+2248
    { 16, 15, 255, 0, 15, 60, 174 }, // U+2260
    { 18, 15, 255, -1, 15, 68, 234 }, // U+2264
    { 16, 15, 255, -1, 15, 60, 302 }, // U+2265
    { 31, 31, 307, -5, 23, 241, 0 }, // U+FB00
    { 23, 31, 296, -5, 23, 179, 241 }, // U+FB01
    { 25, 31, 309, -5, 23, 194, 420 }, // U+FB02
    { 32, 31, 428, -5, 23, 248, 614 }, // U+FB03
    { 33, 31, 442, -5, 23, 256, 862 }, // U+FB04
};

static const EpdUnicodeInterval libron_14_italicIntervals[] = {
    { 0x20, 0x7E, 0x0 },
    { 0xA0, 0x131, 0x5F },
    { 0x134, 0x148, 0xF1 },
    { 0x14A, 0x17E, 0x106 },
    { 0x1A0, 0x1A1, 0x13B },
    { 0x1AF, 0x1B0, 0x13D },
    { 0x1C4, 0x1DC, 0x13F },
    { 0x1DE, 0x1E3, 0x158 },
    { 0x1E6, 0x1ED, 0x15E },
    { 0x1F0, 0x1F0, 0x166 },
    { 0x1F4, 0x1F5, 0x167 },
    { 0x1F8, 0x21B, 0x169 },
    { 0x21E, 0x21F, 0x18D },
    { 0x300, 0x304, 0x18F },
    { 0x306, 0x30C, 0x194 },
    { 0x30F, 0x30F, 0x19B },
    { 0x311, 0x312, 0x19C },
    { 0x31B, 0x31B, 0x19E },
    { 0x323, 0x324, 0x19F },
    { 0x326, 0x328, 0x1A1 },
    { 0x32E, 0x32E, 0x1A4 },
    { 0x331, 0x331, 0x1A5 },
    { 0x335, 0x335, 0x1A6 },
    { 0x1EA0, 0x1EF9, 0x1A7 },
    { 0x2010, 0x2010, 0x201 },
    { 0x2013, 0x2014, 0x202 },
    { 0x2018, 0x201A, 0x204 },
    { 0x201C, 0x201E, 0x207 },
    { 0x2020, 0x2022, 0x20A },
    { 0x2026, 0x2026, 0x20D },
    { 0x2030, 0x2030, 0x20E },
    { 0x2032, 0x2033, 0x20F },
    { 0x2039, 0x203A, 0x211 },
    { 0x2044, 0x2044, 0x213 },
    { 0x2052, 0x2052, 0x214 },
    { 0x2070, 0x2070, 0x215 },
    { 0x2074, 0x2074, 0x216 },
    { 0x20A1, 0x20A1, 0x217 },
    { 0x20A3, 0x20A4, 0x218 },
    { 0x20A6, 0x20A7, 0x21A },
    { 0x20A9, 0x20A9, 0x21C },
    { 0x20AB, 0x20AD, 0x21D },
    { 0x20B1, 0x20B2, 0x220 },
    { 0x20B5, 0x20B5, 0x222 },
    { 0x20B9, 0x20BA, 0x223 },
    { 0x20BC, 0x20BD, 0x225 },
    { 0x2212, 0x2212, 0x227 },
    { 0x2215, 0x2215, 0x228 },
    { 0x2219, 0x2219, 0x229 },
    { 0x2248, 0x2248, 0x22A },
    { 0x2260, 0x2260, 0x22B },
    { 0x2264, 0x2265, 0x22C },
    { 0xFB00, 0xFB04, 0x22E },
};

static const EpdFontGroup libron_14_italicGroups[] = {
    { 0, 4057, 8585, 95, 0 },
    { 4057, 3281, 9988, 96, 95 },
    { 7338, 4380, 15872, 124, 191 },
    { 11718, 3777, 12712, 84, 315 },
    { 15495, 229, 275, 24, 399 },
    { 15724, 2399, 13146, 90, 423 },
    { 18123, 462, 782, 20, 513 },
    { 18585, 71, 66, 2, 533 },
    { 18656, 1013, 1913, 16, 535 },
    { 19669, 212, 381, 7, 551 },
    { 19881, 454, 1178, 5, 558 },
};

static const uint16_t libron_14_italicKernLeftCodepoints[] = {
    0x0020, 0x0022, 0x0026, 0x0027, 0x0028, 0x0029, 0x002A, 0x002C, 0x002D, 0x002E, 0x002F, 0x0030,
    0x0031, 0x0032, 0x0033, 0x0034, 0x0035, 0x0036, 0x0037, 0x0038, 0x0039, 0x003A, 0x003B, 0x003F,
    0x0040, 0x0041, 0x0042, 0x0043, 0x0044, 0x0045, 0x0046, 0x0047, 0x0048, 0x0049, 0x004A, 0x004B,
    0x004C, 0x004D, 0x004E, 0x004F, 0x0050, 0x0051, 0x0052, 0x0053, 0x0054, 0x0055, 0x0056, 0x0057,
    0x0058, 0x0059, 0x005A, 0x005B, 0x005C, 0x005D, 0x005F, 0x0061, 0x0062, 0x0063, 0x0064, 0x0065,
    0x0066, 0x0067, 0x0068, 0x0069, 0x006A, 0x006B, 0x006C, 0x006D, 0x006E, 0x006F, 0x0070, 0x0071,
    0x0072, 0x0073, 0x0074, 0x0075, 0x0076, 0x0077, 0x0078, 0x0079, 0x007A, 0x007B, 0x007C, 0x007D,
    0x00A0, 0x00A1, 0x00A3, 0x00A4, 0x00A5, 0x00A6, 0x00A9, 0x00AA, 0x00AB, 0x00AD, 0x00AE, 0x00B0,
    0x00B2, 0x00B3, 0x00B7, 0x00B9, 0x00BA, 0x00BB, 0x00BF, 0x00C0, 0x00C1, 0x00C2, 0x00C3, 0x00C4,
    0x00C5, 0x00C6, 0x00C7, 0x00C8, 0x00C9, 0x00CA, 0x00CB, 0x00CC, 0x00CD, 0x00CE, 0x00CF, 0x00D0,
    0x00D1, 0x00D2, 0x00D3, 0x00D4, 0x00D5, 0x00D6, 0x00D8, 0x00D9, 0x00DA, 0x00DB, 0x00DC, 0x00DD,
    0x00DE, 0x00DF, 0x00E0, 0x00E1, 0x00E2, 0x00E3, 0x00E4, 0x00E5, 0x00E6, 0x00E7, 0x00E8, 0x00E9,
    0x00EA, 0x00EB, 0x00EC, 0x00ED, 0x00EE, 0x00EF, 0x00F0, 0x00F1, 0x00F2, 0x00F3, 0x00F4, 0x00F5,
    0x00F6, 0x00F8, 0x00F9, 0x00FA, 0x00FB, 0x00FC, 0x00FD, 0x00FE, 0x00FF, 0x0100, 0x0101, 0x0102,
    0x0103, 0x0104, 0x0105, 0x0106, 0x0107, 0x0108, 0x0109, 0x010A, 0x010B, 0x010C, 0x010D, 0x010E,
    0x010F, 0x0110, 0x0111, 0x0112, 0x0113, 0x0114, 0x0115, 0x0116, 0x0117, 0x0118, 0x0119, 0x011A,
    0x011B, 0x011C, 0x011D, 0x011E, 0x011F, 0x0120, 0x0121, 0x0122, 0x0123, 0x0124, 0x0125, 0x0126,
    0x0127, 0x0128, 0x0129, 0x012A, 0x012B, 0x012C, 0x012D, 0x012E, 0x012F, 0x0130, 0x0131, 0x0134,
    0x0135, 0x0136, 0x0137, 0x0138, 0x0139, 0x013A, 0x013B, 0x013C, 0x013D, 0x013E, 0x013F, 0x0141,
    0x0142, 0x0143, 0x0144, 0x0145, 0x0146, 0x0147, 0x0148, 0x014A, 0x014B, 0x014C, 0x014D, 0x014E,
    0x014F, 0x0150, 0x0151, 0x0152, 0x0153, 0x0154, 0x0155, 0x0156, 0x0157, 0x0158, 0x0159, 0x015A,
    0x015B, 0x015C, 0x015D, 0x015E, 0x015F, 0x0160, 0x0161, 0x0162, 0x0163, 0x0164, 0x0165, 0x0166,
    0x0167, 0x0168, 0x0169, 0x016A, 0x016B, 0x016C, 0x016D, 0x016E, 0x016F, 0x0170, 0x0171, 0x0172,
    0x0173, 0x0174, 0x0175, 0x0176, 0x0177, 0x0178, 0x0179, 0x017A, 0x017B, 0x017C, 0x017D, 0x017E,
    0x01A0, 0x01A1, 0x01AF, 0x01B0, 0x01C4, 0x01C5, 0x01C6, 0x01C7, 0x01C8, 0x01C9, 0x01CA, 0x01CB,
    0x01CC, 0x01E6, 0x01E7, 0x01EA, 0x01EB, 0x01FA, 0x01FB, 0x01FC, 0x01FD, 0x01FE, 0x01FF, 0x0200,
    0x0201, 0x0202, 0x0203, 0x0204, 0x0205, 0x0206, 0x0207, 0x0208, 0x0209, 0x020A, 0x020B, 0x020C,
    0x020D, 0x020E, 0x020F, 0x0210, 0x0211, 0x0212, 0x0213, 0x0214, 0x0215, 0x0216, 0x0217, 0x0218,
    0x0219, 0x021A, 0x021B, 0x1EA0, 0x1EA1, 0x1EA2, 0x1EA3, 0x1EA4, 0x1EA5, 0x1EA6, 0x1EA7, 0x1EA8,
    0x1EA9, 0x1EAA, 0x1EAB, 0x1EAC, 0x1EAD, 0x1EAE, 0x1EAF, 0x1EB0, 0x1EB1, 0x1EB2, 0x1EB3, 0x1EB4,
    0x1EB5, 0x1EB6, 0x1EB7, 0x1EB8, 0x1EB9, 0x1EBA, 0x1EBB, 0x1EBC, 0x1EBD, 0x1EBE, 0x1EBF, 0x1EC0,
    0x1EC1, 0x1EC2, 0x1EC3, 0x1EC4, 0x1EC5, 0x1EC6, 0x1EC7, 0x1EC8, 0x1EC9, 0x1ECA, 0x1ECB, 0x1ECC,
    0x1ECD, 0x1ECE, 0x1ECF, 0x1ED0, 0x1ED1, 0x1ED2, 0x1ED3, 0x1ED4, 0x1ED5, 0x1ED6, 0x1ED7, 0x1ED8,
    0x1ED9, 0x1EDA, 0x1EDB, 0x1EDC, 0x1EDD, 0x1EDE, 0x1EDF, 0x1EE0, 0x1EE1, 0x1EE2, 0x1EE3, 0x1EE4,
    0x1EE5, 0x1EE6, 0x1EE7, 0x1EE8, 0x1EE9, 0x1EEA, 0x1EEB, 0x1EEC, 0x1EED, 0x1EEE, 0x1EEF, 0x1EF0,
    0x1EF1, 0x1EF2, 0x1EF3, 0x1EF4, 0x1EF5, 0x1EF6, 0x1EF7, 0x1EF8, 0x1EF9, 0x2013, 0x2014, 0x2018,
    0x2019, 0x201A, 0x201C, 0x201D, 0x201E, 0x2020, 0x2021, 0x2022, 0x2026, 0x2032, 0x2033, 0x2039,
    0x203A, 0x2052, 0x2070, 0x2074, 0x20A1, 0x20A3, 0x20A7, 0x20AD, 0x20B9, 0x20BA, 0x20BC, 0xFB00,
    0xFB01, 0xFB02, 0xFB03, 0xFB04,
};

static const uint8_t libron_14_italicKernLeftClassIds[] = {
      1,   2,   3,   2,   4,   5,   6,   7,   8,   9,  10,  11,  12,  13,  14,  15,
     16,  17,  18,  19,  20,  21,  22,  23,  24,  25,  26,  27,  28,  29,  30,  31,
     32,  33,  34,  35,  36,  37,  38,  39,  40,  41,  42,  43,  44,  45,  46,  47,
     48,  49,  50,  51,  52,  53,  54,  55,  56,  57,  58,  59,  60,  61,  62,  63,
     64,  65,  66,  62,  62,  67,  68,  69,  70,  71,  72,  73,  74,  75,  76,  77,
     78,  79,  80,  81,   1,  82,  83,  84,  85,  80,  86,  87,  88,   8,  89,  90,
     91,  92,  93,  94,  95,  96,  97,  25,  25,  25,  25,  25,  25,  29,  27,  29,
     29,  29,  29,  32,  33,  32,  32,  28,  38,  39,  39,  39,  39,  39,  98,  45,
     45,  45,  45,  49,  99, 100,  55, 101, 102,  55, 103,  55,  59, 104,  59, 105,
    106, 107, 108, 109, 110, 111, 112,  62,  67, 113, 114, 115, 116, 117,  73,  73,
     73,  73,  77,  68,  77,  25,  55,  25,  55, 118, 119,  27, 120,  27, 121,  27,
     57,  27, 122,  28, 123,  28, 124,  29, 125,  29, 126,  29,  59, 127, 128,  29,
    129,  31,  61,  31,  61,  31,  61,  31,  61,  32,  62, 130,  62,  32, 131,  32,
    132,  32, 133, 134, 135,  32, 108,  34, 136,  35,  65,  65,  36,  66,  36, 137,
    138, 139,  36,  36, 140,  38, 141,  38,  62,  38,  62, 142, 143,  39, 144,  39,
    115,  39, 145,  29,  59,  42,  70,  42,  70,  42,  70,  43, 146,  43, 147,  43,
    148,  43, 149,  44, 150,  44, 151, 152,  72,  45,  73,  45,  73,  45,  73,  45,
     73,  45, 153,  45, 154,  47,  75,  49,  77,  49,  50, 155,  50,  78,  50,  78,
    156, 157, 158, 159,  50,  78,  78,  34,  64,  64,  34,  64,  64,  31,  61,  39,
    160,  25,  55,  29,  59,  98, 161,  25,  55,  25, 102,  29,  59,  29, 106,  32,
    162,  32, 163,  39,  67,  39, 164,  42,  70,  42,  70,  45,  73,  45,  73,  43,
    165,  44, 150,  25,  55,  25,  55,  25, 166,  25, 102,  25, 167,  25,  55,  25,
    102,  25,  55,  25,  55,  25,  55,  25,  55,  25,  55,  29,  59,  29,  59,  29,
    168,  29, 169,  29, 106,  29, 170,  29, 171,  29, 106,  32, 172, 173, 174,  39,
     67,  39,  67,  39, 175,  39, 114,  39, 176,  39,  67,  39, 114, 156, 157, 156,
    157, 156, 157, 156, 157, 156, 157,  45,  73,  45,  73, 158, 159, 158, 159, 158,
    159, 158, 159, 177, 159,  49,  77,  49, 178,  49,  77,  49,  77, 179, 180, 181,
    182, 183, 181, 182, 184, 185, 186, 187,   9, 188, 188,  88,  96, 189, 190, 191,
    192, 193, 194, 195, 195, 196, 197, 198, 199,  66, 199,  66,
};

static const uint16_t libron_14_italicKernRightCodepoints[] = {
    0x0020, 0x0021, 0x0022, 0x0025, 0x0026, 0x0027, 0x0028, 0x0029, 0x002A, 0x002C, 0x002D, 0x002E,
    0x002F, 0x0030, 0x0031, 0x0032, 0x0033, 0x0034, 0x0035, 0x0036, 0x0037, 0x0038, 0x0039, 0x003A,
    0x003B, 0x003F, 0x0040, 0x0041, 0x0042, 0x0043, 0x0044, 0x0045, 0x0046, 0x0047, 0x0048, 0x0049,
    0x004A, 0x004B, 0x004C, 0x004D, 0x004E, 0x004F, 0x0050, 0x0051, 0x0052, 0x0053, 0x0054, 0x0055,
    0x0056, 0x0057, 0x0058, 0x0059, 0x005A, 0x005B, 0x005C, 0x005D, 0x005F, 0x0061, 0x0062, 0x0063,
    0x0064, 0x0065, 0x0066, 0x0067, 0x0068, 0x0069, 0x006A, 0x006B, 0x006C, 0x006D, 0x006E, 0x006F,
    0x0070, 0x0071, 0x0072, 0x0073, 0x0074, 0x0075, 0x0076, 0x0077, 0x0078, 0x0079, 0x007A, 0x007B,
    0x007C, 0x007D, 0x00A0, 0x00A1, 0x00A2, 0x00A4, 0x00A5, 0x00A6, 0x00A9, 0x00AA, 0x00AB, 0x00AD,
    0x00AE, 0x00B0, 0x00B2, 0x00B3, 0x00B7, 0x00B9, 0x00BA, 0x00BB, 0x00BF, 0x00C0, 0x00C1, 0x00C2,
    0x00C3, 0x00C4, 0x00C5, 0x00C6, 0x00C7, 0x00C8, 0x00C9, 0x00CA, 0x00CB, 0x00CC, 0x00CD, 0x00CE,
    0x00CF, 0x00D0, 0x00D1, 0x00D2, 0x00D3, 0x00D4, 0x00D5, 0x00D6, 0x00D8, 0x00D9, 0x00DA, 0x00DB,
    0x00DC, 0x00DD, 0x00DE, 0x00DF, 0x00E0, 0x00E1, 0x00E2, 0x00E3, 0x00E4, 0x00E5, 0x00E6, 0x00E7,
    0x00E8, 0x00E9, 0x00EA, 0x00EB, 0x00EC, 0x00ED, 0x00EE, 0x00EF, 0x00F0, 0x00F1, 0x00F2, 0x00F3,
    0x00F4, 0x00F5, 0x00F6, 0x00F8, 0x00F9, 0x00FA, 0x00FB, 0x00FC, 0x00FD, 0x00FE, 0x00FF, 0x0100,
    0x0101, 0x0102, 0x0103, 0x0104, 0x0105, 0x0106, 0x0107, 0x0108, 0x0109, 0x010A, 0x010B, 0x010C,
    0x010D, 0x010E, 0x010F, 0x0110, 0x0111, 0x0112, 0x0113, 0x0114, 0x0115, 0x0116, 0x0117, 0x0118,
    0x0119, 0x011A, 0x011B, 0x011C, 0x011D, 0x011E, 0x011F, 0x0120, 0x0121, 0x0122, 0x0123, 0x0124,
    0x0125, 0x0126, 0x0127, 0x0128, 0x0129, 0x012A, 0x012B, 0x012C, 0x012D, 0x012E, 0x012F, 0x0130,
    0x0131, 0x0134, 0x0135, 0x0136, 0x0137, 0x0138, 0x0139, 0x013A, 0x013B, 0x013C, 0x013D, 0x013E,
    0x013F, 0x0140, 0x0141, 0x0142, 0x0143, 0x0144, 0x0145, 0x0146, 0x0147, 0x0148, 0x014A, 0x014B,
    0x014C, 0x014D, 0x014E, 0x014F, 0x0150, 0x0151, 0x0152, 0x0153, 0x0154, 0x0155, 0x0156, 0x0157,
    0x0158, 0x0159, 0x015A, 0x015B, 0x015C, 0x015D, 0x015E, 0x015F, 0x0160, 0x0161, 0x0162, 0x0163,
    0x0164, 0x0165, 0x0166, 0x0167, 0x0168, 0x0169, 0x016A, 0x016B, 0x016C, 0x016D, 0x016E, 0x016F,
    0x0170, 0x0171, 0x0172, 0x0173, 0x0174, 0x0175, 0x0176, 0x0177, 0x0178, 0x0179, 0x017A, 0x017B,
    0x017C, 0x017D, 0x017E, 0x01A0, 0x01A1, 0x01AF, 0x01B0, 0x01C4, 0x01C5, 0x01C6, 0x01C7, 0x01C8,
    0x01C9, 0x01CA, 0x01CB, 0x01CC, 0x01E6, 0x01E7, 0x01EA, 0x01EB, 0x01FA, 0x01FB, 0x01FC, 0x01FD,
    0x01FE, 0x01FF, 0x0200, 0x0201, 0x0202, 0x0203, 0x0204, 0x0205, 0x0206, 0x0207, 0x0208, 0x0209,
    0x020A, 0x020B, 0x020C, 0x020D, 0x020E, 0x020F, 0x0210, 0x0211, 0x0212, 0x0213, 0x0214, 0x0215,
    0x0216, 0x0217, 0x0218, 0x0219, 0x021A, 0x021B, 0x1EA0, 0x1EA1, 0x1EA2, 0x1EA3, 0x1EA4, 0x1EA5,
    0x1EA6, 0x1EA7, 0x1EA8, 0x1EA9, 0x1EAA, 0x1EAB, 0x1EAC, 0x1EAD, 0x1EAE, 0x1EAF, 0x1EB0, 0x1EB1,
    0x1EB2, 0x1EB3, 0x1EB4, 0x1EB5, 0x1EB6, 0x1EB7, 0x1EB8, 0x1EB9, 0x1EBA, 0x1EBB, 0x1EBC, 0x1EBD,
    0x1EBE, 0x1EBF, 0x1EC0, 0x1EC1, 0x1EC2, 0x1EC3, 0x1EC4, 0x1EC5, 0x1EC6, 0x1EC7, 0x1EC8, 0x1EC9,
    0x1ECA, 0x1ECB, 0x1ECC, 0x1ECD, 0x1ECE, 0x1ECF, 0x1ED0, 0x1ED1, 0x1ED2, 0x1ED3, 0x1ED4, 0x1ED5,
    0x1ED6, 0x1ED7, 0x1ED8, 0x1ED9, 0x1EDA, 0x1EDB, 0x1EDC, 0x1EDD, 0x1EDE, 0x1EDF, 0x1EE0, 0x1EE1,
    0x1EE2, 0x1EE3, 0x1EE4, 0x1EE5, 0x1EE6, 0x1EE7, 0x1EE8, 0x1EE9, 0x1EEA, 0x1EEB, 0x1EEC, 0x1EED,
    0x1EEE, 0x1EEF, 0x1EF0, 0x1EF1, 0x1EF2, 0x1EF3, 0x1EF4, 0x1EF5, 0x1EF6, 0x1EF7, 0x1EF8, 0x1EF9,
    0x2013, 0x2014, 0x2018, 0x2019, 0x201A, 0x201C, 0x201D, 0x201E, 0x2020, 0x2021, 0x2022, 0x2026,
    0x2030, 0x2032, 0x2033, 0x2039, 0x203A, 0x2052, 0x2070, 0x2074, 0x20A9, 0x20AB, 0x20AC, 0x20B2,
    0x20B5, 0x20B9, 0x20BC, 0xFB00, 0xFB01, 0xFB02, 0xFB03, 0xFB04,
};

static const uint8_t libron_14_italicKernRightClassIds[] = {
      1,   2,   3,   4,   5,   3,   6,   7,   8,   9,  10,  11,  12,  13,  14,  15,
     16,  17,  18,  19,  20,  21,  22,  23,  24,  25,  26,  27,  28,  29,  28,  28,
     28,  29,  28,  28,  30,  28,  28,  31,  32,  33,  28,  33,  28,  34,  35,  36,
     37,  38,  39,  40,  41,  42,  43,  44,  45,  46,  47,  48,  46,  48,  49,  50,
     51,  52,  53,  51,  54,  55,  55,  48,  56,  46,  57,  58,  59,  60,  61,  62,
     63,  64,  65,  66,  67,  68,   1,  69,  70,  71,  72,  67,  73,  74,  75,  10,
     76,  77,  78,  79,  80,  81,  82,  83,  84,  27,  27,  27,  27,  27,  27,  85,
     29,  28,  28,  28,  28,  28,  28,  28,  28,  86,  32,  33,  33,  33,  33,  33,
     87,  36,  36,  36,  36,  40,  28,  88,  89,  46,  90,  91,  92,  46,  46,  48,
     93,  48,  94,  95,  96,  97,  98,  99, 100,  55, 101,  48, 102, 103, 104, 105,
    106,  60, 107, 108,  64, 109, 110,  27, 111,  27, 112,  27,  46,  29,  48,  29,
    113,  29, 114,  29, 115,  28,  46,  28,  46,  28, 116,  28, 117,  28, 118,  28,
     48,  28, 119,  29, 120,  29, 121,  29, 122,  29, 122,  28,  51,  28, 123, 124,
    125,  28, 126,  28, 127,  28,  52,  28, 128,  30, 129,  28,  51,  55,  28,  54,
     28,  54,  28,  54,  28,  54, 130, 131,  32,  55,  32,  55,  32,  55,  32,  55,
     33, 132,  33, 133,  33,  48,  33,  48,  28,  55,  28,  55,  28, 134,  34,  58,
     34, 135,  34,  58,  34, 136,  35,  59,  35,  59, 137, 138,  36, 139,  36, 140,
     36, 141,  36,  60,  36,  60,  36,  60,  38,  62,  40, 142,  40,  41,  65,  41,
    143,  41, 144,  33,  48,  36,  60,  28,  28,  46,  28,  28,  54,  32,  32,  55,
     29, 145,  33,  48,  27,  46,  85,  46,  87, 146,  27, 147,  27,  90,  28, 148,
     28, 149,  28, 150,  28, 151,  33, 152,  33, 153,  28, 154,  28, 155,  36, 156,
     36, 157,  34,  58,  35,  59,  27,  46,  27,  46,  27,  90,  27, 158,  27,  90,
     27, 159,  27,  90,  27,  91,  27,  91,  27,  91,  27, 159,  27, 112,  28,  48,
     28, 160,  28, 161,  28,  94,  28, 162,  28,  94,  28, 163,  28,  94,  28, 164,
     28,  52,  33,  48,  33, 165,  33, 102,  33, 166,  33, 102,  33, 167,  33, 102,
     33,  48,  33, 101,  33, 165,  33, 103,  33,  48,  36,  60,  36,  60,  36,  60,
     36, 106,  36,  60,  36, 139,  36,  60,  40, 168,  40,  64,  40, 169,  40, 170,
    171, 171, 172, 173, 174, 172, 173, 175, 176, 177, 178,  11,   4, 179, 179,  75,
     83, 180, 181, 182,  70, 183, 184,  70,  70, 185,  71, 186, 187, 187, 186, 186,
};

static const uint16_t libron_14_italicKernRowOffsets[] = {
        0,    34,   140,   179,   299,   307,   397,   535,   620,   757,   844,   867,   903,   928,   965,   990,
     1009,  1033,  1055,  1073,  1101,  1128,  1156,  1163,  1206,  1348,  1423,  1447,  1488,  1543,  1673,  1703,
     1817,  1931,  2046,  2182,  2265,  2382,  2506,  2541,  2620,  2659,  2743,  2838,  2962,  3079,  3219,  3357,
     3496,  3636,  3737,  3841,  3898,  3900,  3915,  3963,  4000,  4031,  4075,  4120,  4255,  4359,  4406,  4447,
     4467,  4578,  4630,  4672,  4709,  4738,  4837,  4897,  4924,  4970,  5010,  5048,  5084,  5111,  5201,  5309,
     5311,  5321,  5339,  5340,  5342,  5346,  5382,  5385,  5469,  5518,  5521,  5550,  5578,  5649,  5680,  5683,
     5782,  5919,  5955,  6000,  6120,  6168,  6216,  6264,  6301,  6346,  6391,  6436,  6477,  6529,  6570,  6616,
     6658,  6700,  6742,  6784,  6826,  6868,  7010,  7059,  7091,  7122,  7153,  7204,  7255,  7300,  7345,  7400,
     7447,  7492,  7606,  7651,  7697,  7740,  7854,  7897,  7921,  7973,  8060,  8108,  8127,  8174,  8298,  8312,
     8354,  8397,  8457,  8517,  8579,  8639,  8668,  8714,  8838,  8884,  8932,  9022,  9041,  9044,  9165,  9181,
     9225,  9267,  9308,  9349,  9391,  9453,  9504,  9559,  9604,  9656,  9708,  9753,  9794,  9908,  9951,  9998,
    10045, 10166, 10200, 10285, 10370, 10483, 10611, 10748, 10885, 10892, 10900, 10930, 10953, 10955, 10976, 10984,
    10985, 10986, 10987, 10988, 10990, 10992, 11128, 11169,
};

static const uint8_t libron_14_italicKernSparseCols[] = {
      2,   7,   8,  10,  11,  24,  26,  29,  34,  36,  37,  38,  39,  42,  43,  44,
     48,  63,  75,  84,  87, 109, 136, 141, 167, 168, 169, 171, 172, 173, 174, 178,
    185, 186,   0,   4,   8,   9,  10,  16,  26,  29,  36,  37,  38,  39,  43,  45,
     46,  47,  49,  50,  53,  54,  55,  56,  57,  59,  60,  61,  62,  64,  65,  68,
     74,  82,  83,  84,  88,  89,  90,  91,  92,  93,  94,  95,  97,  98, 100, 101,
    102, 103, 104, 105, 106, 107, 108, 110, 111, 112, 113, 114, 115, 116, 117, 118,
    119, 120, 121, 122, 124, 125, 126, 128, 130, 131, 132, 133, 134, 135, 138, 139,
    140, 142, 143, 144, 145, 146, 147, 148, 149, 150, 151, 152, 153, 154, 155, 156,
    157, 158, 159, 160, 161, 162, 164, 165, 166, 170, 173, 174,   0,   2,   7,  26,
     29,  30,  34,  35,  36,  37,  38,  39,  51,  52,  59,  61,  84,  95,  96,  97,
     98, 105, 106, 107, 124, 125, 126, 127, 128, 136, 138, 139, 140, 149, 150, 155,
    156, 163, 171,   2,   4,   5,   8,   9,  10,  12,  16,  18,  22,  23,  28,  29,
     32,  36,  37,  39,  45,  46,  47,  48,  50,  51,  52,  53,  54,  55,  56,  57,
     58,  59,  60,  61,  62,  63,  64,  65,  72,  74,  82,  86,  87,  88,  89,  90,
     91,  92,  93,  94,  95,  96,  97,  98, 100, 101, 102, 103, 104, 105, 106, 107,
    108, 109, 110, 111, 112, 113, 114, 115, 116, 117, 118, 122, 124, 125, 126, 127,
    128, 131, 132, 133, 134, 135, 137, 138, 139, 140, 141, 142, 143, 145, 146, 147,
    148, 149, 150, 151, 152, 153, 154, 155, 156, 157, 158, 159, 160, 161, 162, 163,
    164, 165, 166, 167, 168, 169, 170, 173, 174, 185, 186,   2,   6,   7,  43,  67,
    171, 172, 178,   0,   4,   6,   8,   9,  10,  16,  17,  19,  22,  23,  24,  26,
     27,  29,  30,  31,  34,  36,  37,  38,  39,  43,  45,  47,  48,  58,  62,  67,
     68,  74,  82,  83,  84,  85,  87,  88,  89,  90,  91,  92,  94,  97,  98, 100,
    101, 102, 103, 104, 110, 111, 112, 113, 114, 115, 116, 117, 118, 122, 123, 124,
    125, 128, 129, 130, 131, 132, 134, 136, 137, 145, 146, 147, 148, 149, 150, 151,
    152, 157, 158, 159, 160, 164, 165, 166, 170, 173, 174, 185, 186,   0,   2,   4,
      5,   6,   7,   9,  12,  13,  14,  15,  16,  17,  18,  19,  20,  21,  24,  25,
     26,  28,  32,  33,  34,  35,  36,  37,  39,  42,  44,  45,  46,  47,  48,  49,
     51,  52,  54,  55,  56,  58,  59,  60,  61,  63,  64,  65,  66,  67,  72,  74,
     75,  79,  84,  86,  87,  88,  89,  90,  91,  92,  93,  94,  95,  96,  97,  98,
     99, 100, 101, 102, 103, 104, 105, 106, 107, 109, 110, 111, 112, 113, 114, 115,
    116, 117, 118, 119, 120, 121, 124, 125, 126, 127, 128, 130, 131, 132, 133, 136,
    137, 138, 139, 140, 141, 142, 143, 144, 145, 146, 147, 148, 149, 150, 151, 152,
    153, 154, 155, 156, 157, 158, 159, 160, 161, 162, 163, 164, 165, 166, 167, 168,
    169, 170, 171, 172, 178, 185, 186,   2,   6,   7,   8,  10,  13,  14,  15,  17,
     19,  21,  22,  23,  26,  27,  28,  29,  30,  31,  32,  34,  35,  36,  37,  38,
     39,  40,  41,  43,  48,  51,  52,  54,  55,  56,  57,  58,  59,  60,  61,  62,
     64,  67,  82,  84,  85,  86,  87,  95,  96,  97,  98, 105, 106, 107, 123, 124,
    125, 126, 127, 128, 133, 134, 135, 136, 137, 138, 139, 140, 142, 143, 149, 150,
    153, 154, 155, 156, 163, 171, 172, 173, 174, 178, 185, 186,   0,   2,   4,   5,
      6,   7,   9,  12,  13,  14,  15,  16,  17,  18,  19,  20,  21,  24,  25,  26,
     28,  32,  33,  34,  35,  36,  37,  39,  42,  45,  46,  47,  48,  49,  51,  52,
     54,  55,  56,  58,  59,  60,  61,  63,  64,  65,  66,  67,  72,  74,  75,  79,
     84,  86,  87,  88,  89,  90,  91,  92,  93,  94,  95,  96,  97,  98,  99, 100,
    101, 102, 103, 104, 105, 106, 107, 109, 110, 111, 112, 113, 114, 115, 116, 117,
    118, 119, 120, 121, 124, 125, 126, 127, 128, 130, 131, 132, 133, 136, 137, 138,
    139, 140, 141, 142, 143, 144, 145, 146, 147, 148, 149, 150, 151, 152, 153, 154,
    155, 156, 157, 158, 159, 160, 161, 162, 163, 164, 165, 166, 167, 168, 169, 170,
    171, 172, 178, 185, 186,   0,   8,  10,  11,  16,  22,  23,  26,  29,  36,  45,
     46,  47,  49,  50,  53,  54,  55,  56,  57,  59,  60,  61,  62,  64,  84,  88,
     89,  90,  91,  92,  93,  94, 100, 101, 102, 103, 104, 105, 106, 107, 108, 110,
    111, 112, 113, 114, 115, 116, 117, 118, 119, 120, 121, 122, 131, 132, 133, 134,
    135, 138, 139, 140, 142, 143, 144, 145, 146, 147, 148, 151, 152, 153, 154, 155,
    156, 157, 158, 159, 160, 161, 162, 164, 165, 166, 173, 174,   6,   7,  13,  19,
     26,  27,  29,  30,  31,  34,  35,  36,  37,  38,  39,  40,  43,  67,  71,  76,
     85, 123, 136,   2,   3,   7,   9,  12,  14,  16,  17,  18,  19,  20,  21,  26,
     28,  32,  33,  34,  35,  36,  37,  39,  42,  69,  71,  73,  76,  79,  81,  86,
    136, 170, 171, 172, 178, 183, 184,   2,   3,   7,  13,  18,  19,  21,  28,  32,
     34,  35,  36,  37,  39,  42,  71,  73,  76,  86, 136, 171, 172, 178, 179, 184,
      2,   6,   7,   8,  10,  13,  14,  19,  21,  22,  23,  26,  27,  28,  31,  32,
     34,  35,  36,  37,  38,  39,  40,  42,  43,  67,  71,  76,  85,  86, 123, 136,
    171, 172, 173, 174, 178,   2,   6,   7,  13,  14,  15,  16,  19,  21,  29,  31,
     34,  35,  36,  37,  39,  40,  42,  71,  76, 136, 171, 172, 178, 179,   7,   8,
     10,  13,  19,  21,  22,  23,  26,  28,  32,  34,  36,  37,  71,  86, 136, 173,
    174,   2,   7,   8,  10,  13,  14,  19,  21,  26,  34,  35,  36,  37,  38,  39,
     71,  76, 136, 171, 172, 173, 174, 178, 179,   7,   8,   9,  10,  11,  13,  16,
     17,  18,  19,  21,  26,  29,  36,  37,  39,  70,  79, 170, 173, 174, 182,   6,
      7,  19,  21,  26,  28,  31,  32,  34,  35,  36,  37,  38,  39,  43,  71,  86,
    136,   6,   7,   8,  10,  13,  14,  17,  19,  26,  27,  29,  30,  31,  34,  35,
     36,  37,  38,  39,  40,  43,  67,  71,  85, 123, 136, 173, 174,   2,   6,   7,
      9,  15,  21,  24,  34,  35,  36,  37,  39,  42,  48,  52,  74,  79,  87, 128,
    130, 136, 170, 171, 172, 178, 185, 186,   2,   6,   7,   9,  15,  21,  24,  34,
     35,  36,  37,  39,  42,  48,  52,  74,  75,  79,  87, 128, 130, 136, 170, 171,
    172, 178, 185, 186,   6,  24,  43,  67,  74, 173, 174,   0,   8,  10,  26,  27,
     29,  30,  31,  34,  35,  36,  37,  38,  39,  40,  51,  52,  60,  61,  63,  84,
     85,  95,  96,  97,  98, 109, 123, 124, 125, 126, 127, 128, 136, 141, 149, 150,
    163, 167, 168, 169, 173, 174,   0,   1,   2,   4,   7,   9,  12,  14,  15,  16,
     17,  18,  19,  20,  21,  24,  25,  26,  28,  29,  32,  33,  34,  35,  36,  37,
     39,  40,  42,  43,  45,  46,  47,  48,  49,  51,  52,  54,  55,  56,  57,  58,
     59,  60,  61,  63,  64,  72,  73,  74,  75,  79,  81,  86,  87,  88,  89,  90,
     91,  92,  93,  94,  95,  96,  97,  98,  99, 100, 101, 102, 103, 104, 105, 106,
    107, 109, 110, 111, 112, 113, 114, 115, 116, 117, 118, 119, 120, 121, 124, 125,
    126, 127, 128, 129, 130, 131, 132, 133, 134, 135, 136, 137, 138, 139, 140, 141,
    142, 143, 144, 145, 146, 147, 148, 149, 150, 151, 152, 153, 154, 155, 156, 157,
    158, 159, 160, 161, 162, 163, 164, 165, 166, 167, 168, 169, 170, 171, 172, 175,
    176, 177, 185, 186,   6,   7,  19,  21,  24,  26,  27,  29,  31,  34,  35,  36,
     37,  38,  39,  40,  42,  43,  47,  48,  49,  58,  63,  64,  67,  84,  85,  87,
     92,  93,  94, 100, 101, 102, 103, 104, 109, 112, 113, 114, 115, 116, 117, 118,
    119, 120, 121, 123, 130, 131, 132, 136, 137, 141, 142, 143, 144, 145, 147, 148,
    151, 152, 159, 160, 161, 162, 164, 165, 166, 167, 168, 169, 175, 185, 186,   7,
     24,  36,  37,  39,  48,  49,  63,  64,  87, 109, 119, 120, 121, 141, 142, 143,
    144, 167, 168, 169, 175, 185, 186,   2,   6,   7,   8,  10,  13,  14,  15,  19,
     21,  24,  26,  27,  29,  30,  31,  34,  35,  36,  37,  38,  39,  40,  42,  43,
     48,  58,  67,  82,  84,  85,  87, 123, 136, 137, 171, 173, 174, 175, 185, 186,
     36,  37,  38,  39,  48,  49,  51,  52,  54,  55,  56,  58,  59,  63,  64,  87,
     95,  96,  97,  98, 105, 106, 107, 109, 119, 120, 121, 124, 125, 126, 127, 128,
    133, 137, 138, 139, 140, 141, 142, 143, 144, 149, 150, 153, 154, 155, 156, 161,
    163, 165, 167, 168, 169, 185, 186,   0,   4,   7,   8,   9,  10,  11,  16,  22,
     23,  24,  26,  28,  29,  30,  32,  33,  34,  38,  45,  46,  47,  48,  49,  50,
     51,  52,  53,  54,  55,  56,  57,  58,  59,  60,  61,  62,  63,  64,  74,  79,
     82,  84,  86,  87,  88,  89,  90,  91,  92,  93,  94,  95,  96,  99, 100, 101,
    102, 103, 104, 105, 106, 107, 108, 109, 110, 111, 112, 113, 114, 115, 116, 117,
    118, 119, 120, 121, 122, 124, 125, 126, 127, 128, 129, 131, 132, 133, 134, 135,
    136, 137, 138, 139, 140, 141, 142, 143, 144, 145, 146, 147, 148, 149, 150, 151,
    152, 153, 154, 155, 156, 157, 158, 159, 160, 161, 162, 163, 164, 165, 166, 167,
    168, 169, 170, 171, 173, 174, 177, 185, 186,   0,   2,   7,  13,  19,  21,  24,
     26,  29,  34,  35,  36,  37,  38,  39,  40,  42,  48,  58,  75,  84,  87, 136,
    137, 171, 172, 175, 176, 185, 186,   4,   9,  12,  16,  18,  25,  28,  32,  45,
     46,  47,  48,  49,  50,  51,  52,  53,  54,  55,  56,  57,  58,  59,  60,  61,
     63,  64,  74,  79,  82,  86,  87,  88,  89,  90,  91,  92,  93,  94,  95,  96,
     97,  98,  99, 100, 101, 102, 103, 104, 105, 106, 107, 108, 109, 110, 111, 112,
    113, 114, 115, 116, 117, 118, 119, 120, 121, 122, 124, 125, 126, 127, 128, 130,
    131, 132, 133, 134, 135, 137, 138, 139, 140, 141, 142, 143, 144, 145, 146, 147,
    148, 149, 150, 151, 152, 153, 154, 155, 156, 157, 158, 159, 160, 161, 162, 163,
    164, 165, 166, 167, 168, 169, 170, 185, 186,   4,   9,  12,  16,  18,  25,  28,
     32,  45,  46,  47,  48,  49,  50,  51,  52,  53,  54,  55,  56,  57,  58,  59,
     60,  61,  63,  64,  74,  79,  82,  86,  87,  88,  89,  90,  91,  92,  93,  94,
     95,  96,  97,  98,  99, 100, 101, 102, 103, 104, 105, 106, 107, 108, 109, 110,
    111, 112, 113, 114, 115, 116, 117, 118, 119, 120, 121, 122, 124, 125, 126, 127,
    128, 130, 131, 132, 133, 134, 135, 137, 138, 139, 140, 141, 142, 143, 144, 145,
    146, 147, 148, 149, 150, 151, 152, 153, 154, 155, 156, 157, 158, 159, 160, 161,
    162, 163, 164, 165, 166, 167, 168, 169, 170, 185, 186,   4,   7,   8,   9,  10,
     11,  12,  16,  18,  22,  23,  25,  26,  28,  29,  32,  45,  46,  47,  48,  49,
     50,  53,  54,  55,  56,  57,  58,  59,  60,  61,  62,  63,  64,  74,  79,  82,
     84,  86,  87,  88,  89,  90,  91,  92,  93,  94,  95,  96,  99, 100, 101, 102,
    103, 104, 105, 106, 107, 108, 109, 110, 111, 112, 113, 114, 115, 116, 117, 118,
    119, 120, 121, 122, 127, 131, 132, 133, 134, 135, 137, 138, 139, 140, 141, 142,
    143, 144, 145, 146, 147, 148, 149, 151, 152, 153, 154, 155, 156, 157, 158, 159,
    160, 161, 162, 164, 165, 166, 167, 168, 169, 170, 173, 174, 185, 186,   0,   4,
      7,   9,  12,  15,  16,  17,  18,  20,  21,  25,  26,  28,  32,  33,  34,  35,
     36,  37,  39,  45,  46,  47,  48,  49,  50,  51,  52,  53,  54,  55,  56,  57,
     58,  59,  60,  61,  62,  63,  64,  72,  73,  74,  75,  79,  84,  86,  87,  88,
     89,  90,  91,  92,  93,  94,  95,  96,  97,  98,  99, 100, 101, 102, 103, 104,
    105, 106, 107, 108, 109, 110, 111, 112, 113, 114, 115, 116, 117, 118, 119, 120,
    121, 122, 124, 125, 126, 127, 128, 129, 130, 131, 132, 133, 134, 135, 136, 137,
    138, 139, 140, 141, 142, 143, 144, 145, 146, 147, 148, 149, 150, 151, 152, 153,
    154, 155, 156, 157, 158, 159, 160, 161, 162, 163, 164, 165, 166, 167, 168, 169,
    170, 171, 176, 177, 185, 186,   0,   2,   7,   8,  10,  12,  13,  14,  19,  21,
     22,  23,  24,  28,  29,  32,  33,  34,  35,  36,  37,  38,  39,  42,  48,  51,
     52,  54,  55,  56,  58,  59,  60,  61,  63,  64,  72,  73,  74,  75,  81,  86,
     87,  95,  96,  97,  98, 105, 106, 107, 109, 124, 125, 126, 127, 128, 133, 136,
    137, 138, 139, 140, 141, 142, 143, 149, 150, 153, 154, 155, 156, 163, 167, 168,
    169, 171, 172, 173, 174, 175, 176, 185, 186,   4,   7,   9,  12,  16,  18,  19,
     20,  21,  25,  28,  32,  35,  45,  46,  47,  48,  49,  51,  52,  54,  55,  56,
     57,  58,  59,  60,  61,  63,  64,  74,  79,  82,  86,  87,  88,  89,  90,  91,
     92,  93,  94,  95,  96,  97,  98,  99, 100, 101, 102, 103, 104, 105, 106, 107,
    109, 110, 111, 112, 113, 114, 115, 116, 117, 118, 119, 120, 121, 124, 125, 126,
    127, 128, 130, 131, 132, 133, 134, 135, 137, 138, 139, 140, 141, 142, 143, 144,
    145, 146, 147, 148, 150, 151, 152, 153, 154, 155, 156, 157, 158, 159, 160, 161,
    162, 163, 164, 165, 166, 167, 168, 169, 170, 171, 175, 176, 185, 186,   4,   7,
      8,   9,  10,  12,  16,  18,  22,  23,  25,  26,  28,  29,  32,  45,  46,  47,
     48,  49,  50,  51,  52,  53,  54,  55,  56,  57,  58,  59,  60,  61,  62,  63,
     64,  74,  79,  82,  84,  86,  87,  88,  89,  90,  91,  92,  93,  94,  95,  96,
     97,  98,  99, 100, 101, 102, 103, 104, 105, 106, 107, 108, 109, 110, 111, 112,
    113, 114, 115, 116, 117, 118, 119, 120, 121, 122, 124, 125, 126, 127, 128, 131,
    132, 133, 134, 135, 137, 138, 139, 140, 141, 142, 143, 144, 145, 146, 147, 148,
    149, 150, 151, 152, 153, 154, 155, 156, 157, 158, 159, 160, 161, 162, 163, 164,
    165, 166, 167, 168, 169, 170, 173, 174, 185, 186,   2,   6,   7,   8,  10,  13,
     14,  15,  19,  21,  24,  26,  27,  29,  30,  31,  34,  35,  36,  37,  38,  39,
     40,  42,  43,  67,  82,  84,  85, 123, 136, 171, 173, 174, 175,   0,   4,   6,
      8,   9,  10,  11,  16,  26,  27,  29,  30,  31,  36,  37,  38,  39,  43,  45,
     47,  49,  62,  67,  74,  79,  84,  85,  88,  89,  90,  91,  92,  93,  94,  99,
    100, 101, 102, 103, 104, 110, 111, 112, 113, 114, 115, 116, 117, 118, 119, 120,
    121, 123, 128, 129, 130, 131, 132, 144, 145, 146, 147, 148, 151, 152, 157, 158,
    159, 160, 161, 162, 164, 165, 166, 170, 171, 172, 173, 174,   2,   6,   7,   8,
     10,  13,  14,  15,  19,  21,  23,  24,  26,  27,  29,  30,  31,  34,  35,  36,
     37,  38,  39,  40,  42,  43,  44,  52,  67,  82,  84,  85, 123, 128, 136, 171,
    173, 174, 175,   0,   2,   4,   7,   9,  11,  12,  16,  18,  19,  20,  21,  24,
     25,  28,  29,  32,  34,  35,  36,  37,  39,  42,  47,  48,  49,  63,  72,  73,
     74,  75,  79,  81,  86,  87,  92,  93,  94,  99, 100, 101, 102, 103, 104, 109,
    112, 113, 114, 115, 116, 117, 118, 119, 120, 121, 130, 131, 132, 136, 141, 144,
    145, 147, 148, 151, 152, 159, 160, 161, 162, 164, 165, 166, 167, 168, 169, 170,
    171, 172, 175, 176, 177, 185, 186,   7,  19,  24,  26,  33,  34,  35,  36,  37,
     38,  39,  40,  47,  48,  49,  51,  52,  57,  58,  59,  63,  64,  84,  87,  92,
     93,  94,  95,  96,  97,  98,  99, 100, 101, 102, 103, 104, 105, 106, 107, 109,
    112, 113, 114, 115, 116, 117, 118, 119, 120, 121, 124, 125, 126, 127, 128, 131,
    132, 134, 135, 136, 137, 138, 139, 140, 141, 142, 143, 144, 145, 147, 148, 149,
    150, 151, 152, 155, 156, 159, 160, 161, 162, 163, 164, 165, 166, 167, 168, 169,
    171, 172, 175, 177, 185, 186,   0,   4,   7,   8,   9,  10,  11,  16,  18,  22,
     23,  26,  28,  29,  32,  38,  45,  46,  47,  48,  49,  51,  52,  54,  55,  56,
     57,  58,  59,  60,  61,  62,  63,  64,  74,  79,  82,  84,  86,  87,  88,  89,
     90,  91,  92,  93,  94,  95,  96,  97,  99, 100, 101, 102, 103, 104, 105, 106,
    107, 108, 109, 110, 111, 112, 113, 114, 115, 116, 117, 118, 119, 120, 121, 122,
    124, 125, 126, 127, 128, 131, 132, 133, 134, 135, 137, 138, 139, 140, 141, 142,
    143, 144, 145, 146, 147, 148, 149, 150, 151, 152, 153, 154, 155, 156, 157, 158,
    159, 160, 161, 162, 163, 164, 165, 166, 167, 168, 169, 170, 171, 173, 174, 177,
    185, 186,   4,   7,   8,   9,  10,  11,  12,  16,  17,  18,  22,  23,  25,  26,
     28,  29,  32,  45,  46,  47,  48,  49,  50,  53,  54,  55,  56,  57,  58,  59,
     60,  61,  62,  63,  64,  74,  79,  82,  84,  86,  87,  88,  89,  90,  91,  92,
     93,  94,  95,  96,  98,  99, 100, 101, 102, 103, 104, 105, 106, 107, 108, 109,
    110, 111, 112, 113, 114, 115, 116, 117, 118, 119, 120, 121, 122, 127, 131, 132,
    133, 134, 135, 137, 138, 139, 140, 141, 142, 143, 144, 145, 146, 147, 148, 149,
    151, 152, 153, 154, 155, 156, 157, 158, 159, 160, 161, 162, 164, 165, 166, 167,
    168, 169, 170, 173, 174, 185, 186,   0,   2,   4,   7,   8,   9,  10,  11,  12,
     14,  15,  16,  17,  18,  20,  22,  23,  24,  25,  26,  28,  29,  32,  33,  42,
     43,  45,  46,  47,  48,  49,  50,  51,  52,  53,  54,  55,  56,  57,  58,  59,
     60,  61,  62,  63,  64,  74,  79,  82,  84,  86,  87,  88,  89,  90,  91,  92,
     93,  94,  95,  96,  97,  98,  99, 100, 101, 102, 103, 104, 105, 106, 107, 108,
    109, 110, 111, 112, 113, 114, 115, 116, 117, 118, 119, 120, 121, 122, 124, 125,
    126, 127, 128, 129, 130, 131, 132, 133, 134, 135, 137, 138, 139, 140, 141, 142,
    143, 144, 145, 146, 148, 149, 150, 151, 152, 153, 154, 155, 156, 157, 158, 159,
    160, 161, 162, 163, 164, 165, 166, 167, 168, 169, 170, 172, 173, 174, 175, 176,
    177, 185, 186,   0,   2,   4,   7,   8,   9,  10,  11,  12,  16,  17,  18,  20,
     22,  23,  24,  25,  26,  28,  29,  32,  33,  43,  45,  46,  47,  48,  49,  50,
     51,  52,  53,  54,  55,  56,  57,  58,  59,  60,  61,  62,  63,  64,  74,  79,
     82,  84,  86,  87,  88,  89,  90,  91,  92,  93,  94,  95,  96,  97,  98,  99,
    100, 101, 102, 103, 104, 105, 106, 107, 108, 109, 110, 111, 112, 113, 114, 115,
    116, 117, 118, 119, 120, 121, 122, 124, 125, 126, 127, 128, 129, 130, 131, 132,
    133, 134, 135, 137, 138, 139, 140, 141, 142, 143, 144, 145, 146, 147, 148, 149,
    150, 151, 152, 153, 154, 155, 156, 157, 158, 159, 160, 161, 162, 163, 164, 165,
    166, 167, 168, 169, 170, 172, 173, 174, 175, 176, 177, 185, 186,   0,   2,   4,
      7,   9,  11,  12,  15,  16,  17,  18,  19,  20,  21,  25,  28,  32,  33,  34,
     36,  37,  43,  45,  46,  47,  48,  49,  50,  51,  52,  53,  54,  55,  56,  57,
     58,  59,  60,  61,  62,  63,  64,  72,  73,  74,  75,  79,  81,  86,  87,  88,
     89,  90,  91,  92,  93,  94,  95,  96,  97,  98,  99, 100, 101, 102, 103, 104,
    105, 106, 107, 108, 109, 110, 111, 112, 113, 114, 115, 116, 117, 118, 119, 120,
    121, 122, 124, 125, 126, 127, 128, 129, 130, 131, 132, 133, 134, 135, 136, 137,
    138, 139, 140, 141, 142, 143, 144, 145, 146, 147, 148, 149, 150, 151, 152, 153,
    154, 155, 156, 157, 158, 159, 160, 161, 162, 163, 164, 165, 166, 167, 168, 169,
    170, 171, 172, 175, 176, 177, 185, 186,   0,   2,   4,   7,   8,   9,  10,  11,
     12,  13,  15,  16,  17,  18,  20,  22,  23,  24,  25,  26,  28,  29,  32,  33,
     43,  45,  46,  47,  48,  49,  50,  51,  52,  53,  54,  55,  56,  57,  58,  59,
     60,  61,  62,  63,  64,  72,  74,  79,  82,  84,  86,  87,  88,  89,  90,  91,
     92,  93,  94,  95,  96,  97,  98,  99, 100, 101, 102, 103, 104, 105, 106, 107,
    108, 109, 110, 111, 112, 113, 114, 115, 116, 117, 118, 119, 120, 121, 122, 124,
    125, 126, 127, 128, 129, 130, 131, 132, 133, 134, 135, 137, 138, 139, 140, 141,
    142, 143, 144, 145, 146, 147, 148, 149, 150, 151, 152, 153, 154, 155, 156, 157,
    158, 159, 160, 161, 162, 163, 164, 165, 166, 167, 168, 169, 170, 173, 174, 175,
    176, 177, 185, 186,  19,  28,  32,  34,  35,  36,  37,  40,  46,  47,  48,  49,
     51,  52,  54,  55,  56,  57,  58,  59,  60,  61,  63,  64,  86,  87,  92,  93,
     94,  95,  96,  97,  98,  99, 100, 101, 102, 103, 104, 105, 106, 107, 109, 112,
    113, 114, 115, 116, 117, 118, 119, 120, 121, 124, 125, 126, 127, 128, 130, 131,
    132, 133, 134, 135, 136, 137, 138, 139, 140, 141, 142, 143, 144, 145, 147, 148,
    149, 150, 151, 152, 153, 154, 155, 156, 159, 160, 161, 162, 163, 164, 165, 166,
    167, 168, 169, 171, 175, 176, 177, 185, 186,   0,   2,   4,   5,   7,   9,  16,
     18,  28,  29,  32,  36,  37,  39,  45,  46,  47,  48,  50,  52,  53,  54,  55,
     56,  58,  59,  60,  61,  63,  64,  72,  74,  82,  86,  87,  88,  89,  90,  91,
     92,  93,  94,  95,  98,  99, 100, 101, 102, 103, 104, 105, 106, 107, 108, 109,
    110, 111, 112, 113, 114, 115, 116, 117, 118, 122, 126, 128, 130, 131, 132, 133,
    135, 137, 138, 139, 140, 141, 142, 143, 145, 146, 147, 148, 149, 151, 152, 153,
    154, 156, 157, 158, 159, 160, 161, 162, 164, 165, 166, 167, 168, 169, 170, 185,
    186,   0,  19,  26,  28,  32,  34,  35,  36,  37,  39,  42,  48,  51,  52,  54,
     55,  56,  58,  59,  60,  61,  63,  84,  86,  87,  95,  96,  97,  98, 105, 106,
    107, 109, 124, 125, 126, 127, 128, 133, 136, 137, 138, 139, 140, 141, 149, 150,
    153, 154, 155, 156, 163, 167, 168, 169, 185, 186,   9, 170,   0,   8,  23,  48,
     49,  52,  87, 108, 119, 120, 121, 128, 144, 185, 186,   2,   4,   6,   7,   8,
      9,  10,  22,  23,  24,  25,  28,  29,  32,  34,  35,  36,  37,  39,  42,  48,
     58,  62,  63,  72,  73,  74,  75,  79,  81,  86,  87, 109, 136, 137, 141, 167,
    168, 169, 170, 171, 172, 173, 174, 175, 176, 185, 186,   2,   6,   7,  24,  26,
     27,  28,  30,  31,  32,  33,  34,  35,  36,  37,  38,  39,  40,  42,  43,  48,
     58,  67,  75,  82,  85,  86,  87, 123, 136, 137, 171, 172, 175, 176, 185, 186,
      2,   6,   7,   9,  24,  27,  28,  31,  32,  34,  35,  36,  37,  38,  39,  40,
     42,  73,  74,  75,  79,  81,  85,  86, 123, 136, 170, 171, 172, 175, 176,   2,
      4,   6,   7,   8,   9,  10,  22,  23,  24,  25,  28,  29,  32,  34,  35,  36,
     37,  39,  42,  48,  63,  73,  74,  75,  79,  81,  86,  87, 109, 136, 141, 167,
    168, 169, 170, 171, 172, 173, 174, 175, 176, 185, 186,   2,   6,   7,  24,  26,
     27,  28,  30,  31,  32,  33,  34,  35,  36,  37,  38,  39,  40,  42,  48,  57,
     58,  64,  67,  73,  74,  75,  81,  82,  85,  86,  87, 123, 134, 135, 136, 137,
    142, 143, 171, 172, 175, 176, 185, 186,   0,   1,   2,   4,   6,   7,   8,   9,
     10,  24,  25,  26,  27,  28,  29,  30,  31,  32,  33,  34,  35,  36,  37,  38,
     39,  40,  42,  43,  45,  47,  51,  52,  54,  55,  56,  60,  61,  66,  67,  72,
     73,  74,  75,  77,  78,  79,  80,  81,  85,  86,  88,  89,  90,  91,  92,  93,
     94,  95,  96,  97,  98,  99, 100, 101, 102, 103, 104, 105, 107, 109, 110, 111,
    112, 113, 114, 115, 116, 117, 118, 119, 120, 121, 122, 123, 124, 125, 126, 127,
    128, 130, 132, 133, 134, 135, 136, 138, 139, 140, 142, 143, 144, 145, 147, 148,
    149, 150, 151, 152, 153, 154, 155, 156, 157, 158, 159, 160, 161, 162, 163, 164,
    165, 166, 167, 168, 169, 170, 171, 172, 173, 174, 175, 176, 177, 180, 181,   4,
      6,   8,   9,  10,  23,  24,  26,  27,  28,  29,  30,  31,  32,  33,  34,  35,
     36,  37,  38,  39,  40,  43,  44,  45,  47,  48,  49,  52,  58,  63,  67,  72,
     74,  79,  80,  85,  86,  87,  88,  89,  90,  91,  92,  93,  94,  99, 100, 101,
    102, 103, 104, 108, 109, 110, 111, 112, 113, 114, 115, 116, 117, 118, 119, 120,
    121, 123, 128, 130, 131, 132, 136, 137, 141, 144, 145, 146, 147, 148, 151, 152,
    157, 158, 159, 160, 161, 162, 164, 165, 166, 167, 168, 169, 170, 171, 172, 173,
    174, 175, 176, 180, 181, 185, 186,   2,   4,   6,   7,   8,   9,  10,  22,  23,
     24,  25,  28,  29,  32,  34,  35,  36,  37,  39,  42,  48,  58,  63,  72,  73,
     74,  75,  79,  81,  86,  87, 109, 136, 137, 141, 167, 168, 169, 170, 171, 172,
    173, 174, 175, 176, 185, 186,   2,   4,   7,   8,   9,  10,  24,  25,  28,  29,
     32,  34,  35,  36,  37,  39,  42,  48,  63,  73,  74,  75,  79,  81,  86,  87,
    109, 136, 141, 167, 168, 169, 170, 171, 172, 173, 174, 175, 176, 185, 186,  27,
     28,  30,  31,  32,  35,  46,  52,  63,  82,  85,  86, 109, 123, 128, 141, 149,
    167, 168, 169,   2,   4,   6,   7,   9,  24,  28,  32,  34,  35,  36,  37,  38,
     39,  42,  45,  47,  49,  51,  57,  59,  60,  61,  62,  63,  64,  73,  74,  75,
     79,  81,  86,  88,  89,  90,  91,  92,  93,  94,  95,  96,  97,  98,  99, 100,
    101, 102, 103, 104, 105, 106, 107, 109, 110, 111, 112, 113, 114, 115, 116, 117,
    118, 119, 120, 121, 124, 125, 126, 127, 130, 131, 132, 134, 135, 136, 138, 139,
    140, 141, 142, 143, 144, 145, 146, 147, 148, 149, 150, 151, 152, 155, 156, 157,
    158, 159, 160, 161, 162, 163, 164, 165, 166, 167, 168, 169, 170, 171, 172, 175,
    176, 177,   2,   4,   6,   7,   8,   9,  10,  22,  23,  24,  25,  28,  29,  32,
     34,  35,  36,  37,  39,  42,  48,  52,  58,  60,  61,  62,  63,  72,  73,  74,
     75,  79,  81,  86,  87, 109, 128, 136, 137, 141, 167, 168, 169, 170, 171, 172,
    173, 174, 175, 176, 185, 186,   2,   6,   7,  24,  26,  27,  28,  30,  31,  32,
     34,  35,  36,  37,  38,  39,  40,  42,  43,  48,  57,  58,  64,  67,  75,  82,
     85,  86,  87, 123, 134, 135, 136, 137, 142, 143, 171, 172, 175, 176, 185, 186,
      2,   6,   7,  24,  26,  27,  28,  30,  31,  32,  33,  34,  35,  36,  37,  38,
     39,  40,  42,  43,  48,  58,  67,  75,  82,  85,  86,  87, 123, 136, 137, 171,
    172, 175, 176, 185, 186,   2,   4,   7,  24,  27,  28,  30,  31,  32,  33,  34,
     35,  36,  37,  39,  40,  42,  44,  52,  82,  85,  86, 123, 128, 136, 171, 172,
    175, 176,   0,   6,   7,   8,   9,  10,  11,  24,  26,  27,  29,  30,  31,  33,
     34,  35,  36,  37,  38,  39,  40,  42,  43,  45,  47,  51,  52,  55,  59,  67,
     74,  79,  85,  88,  89,  90,  91,  92,  93,  94,  95,  96,  97,  98,  99, 100,
    101, 102, 103, 104, 105, 106, 107, 110, 111, 112, 113, 114, 115, 116, 117, 118,
    123, 124, 125, 126, 127, 128, 130, 131, 132, 136, 138, 139, 140, 145, 146, 147,
    148, 149, 150, 151, 152, 155, 156, 157, 158, 159, 160, 161, 162, 163, 164, 165,
    166, 170, 173, 174, 175,   2,   4,   6,   7,   9,  24,  27,  28,  30,  31,  32,
     33,  34,  35,  36,  37,  38,  39,  40,  42,  48,  54,  55,  56,  57,  58,  63,
     64,  73,  74,  75,  79,  81,  85,  86,  87, 109, 123, 130, 133, 134, 135, 136,
    137, 141, 142, 143, 153, 154, 167, 168, 169, 170, 171, 172, 175, 176, 177, 185,
    186,   2,   6,   7,   9,  24,  27,  31,  34,  35,  36,  37,  39,  40,  42,  74,
     75,  79,  81,  85, 123, 130, 136, 170, 171, 172, 175, 177,   1,   2,   4,   7,
      8,   9,  10,  22,  23,  24,  25,  28,  29,  32,  34,  35,  36,  37,  39,  42,
     48,  62,  63,  72,  73,  74,  75,  79,  81,  86,  87, 109, 136, 141, 167, 168,
    169, 170, 171, 172, 173, 174, 175, 176, 185, 186,   2,   4,   6,   7,  24,  26,
     27,  28,  29,  30,  31,  32,  33,  34,  35,  36,  37,  38,  39,  40,  42,  43,
     48,  58,  67,  75,  82,  85,  86,  87, 123, 136, 137, 171, 172, 175, 176, 177,
    185, 186,   2,   4,   6,   7,  24,  26,  27,  28,  30,  31,  32,  33,  34,  35,
     36,  37,  38,  39,  40,  42,  43,  48,  58,  67,  75,  82,  85,  86,  87, 123,
    136, 137, 171, 172, 175, 176, 185, 186,   2,   6,   7,   9,  24,  27,  28,  31,
     32,  34,  35,  36,  37,  38,  39,  40,  42,  63,  74,  79,  81,  85,  86, 109,
    123, 130, 136, 141, 167, 168, 169, 170, 171, 172, 175, 176,   2,   6,   7,  24,
     26,  27,  30,  31,  34,  35,  36,  37,  38,  39,  40,  42,  67,  75,  82,  85,
    123, 136, 171, 172, 175, 176, 177,   0,   2,   4,   6,   7,   9,  24,  25,  27,
     28,  30,  31,  32,  33,  34,  35,  36,  37,  38,  39,  40,  42,  47,  48,  49,
     58,  60,  61,  63,  64,  73,  74,  75,  79,  81,  85,  86,  87,  92,  93,  94,
    100, 101, 102, 103, 104, 109, 112, 113, 114, 115, 116, 117, 118, 119, 120, 121,
    123, 130, 131, 132, 136, 137, 141, 142, 143, 144, 145, 147, 148, 151, 152, 159,
    160, 161, 162, 164, 165, 166, 167, 168, 169, 170, 171, 172, 175, 176, 177, 185,
    186,   2,   4,   5,   8,   9,  10,  12,  16,  18,  22,  23,  28,  29,  32,  36,
     37,  39,  45,  46,  47,  48,  50,  52,  53,  54,  55,  56,  57,  58,  59,  60,
     61,  63,  64,  72,  74,  82,  86,  87,  88,  89,  90,  91,  92,  93,  94,  95,
    100, 101, 102, 103, 104, 105, 106, 107, 108, 109, 110, 111, 112, 113, 114, 115,
    116, 117, 118, 122, 126, 128, 131, 132, 133, 134, 135, 137, 138, 139, 140, 141,
    142, 143, 145, 146, 147, 148, 149, 151, 152, 153, 154, 155, 156, 157, 158, 159,
    160, 161, 162, 164, 166, 167, 168, 169, 170, 173, 174, 185, 186,  52, 128,   2,
      6,   7,   8,  10, 171, 172, 173, 174, 178,   2,   7,  34,  35,  36,  37,  39,
     48,  52,  82,  87, 128, 136, 171, 172, 178, 185, 186,  14,  19,  21,  12,  16,
     17,  18,   2,   6,   7,  34,  36,  37,  39,  43,  51,  52,  59,  67,  84,  95,
     96,  97,  98, 105, 106, 107, 124, 125, 126, 127, 128, 136, 138, 139, 140, 149,
    150, 155, 156, 163, 171, 178,   6,  43,  67,   2,   4,   6,   7,   9,  24,  27,
     28,  31,  32,  33,  34,  35,  36,  37,  39,  40,  45,  46,  47,  49,  50,  53,
     67,  74,  77,  78,  80,  85,  86,  88,  89,  90,  91,  92,  93,  94,  99, 100,
    101, 102, 103, 104, 108, 110, 111, 112, 113, 114, 115, 116, 117, 118, 119, 120,
    121, 122, 123, 129, 130, 131, 132, 136, 144, 145, 146, 147, 148, 151, 152, 157,
    158, 159, 160, 161, 162, 164, 165, 166, 170, 171, 172, 178, 180,   0,   6,   8,
     10,  26,  27,  29,  30,  31,  36,  37,  38,  39,  43,  48,  51,  52,  58,  59,
     67,  74,  84,  85,  87,  95,  96,  97,  98, 105, 106, 107, 123, 124, 125, 126,
    127, 128, 138, 139, 140, 149, 150, 155, 156, 163, 173, 174, 185, 186,  13,  16,
     21,  48,  51,  52,  58,  59,  87,  95,  96,  97,  98, 105, 106, 107, 124, 125,
    126, 127, 128, 137, 138, 139, 140, 149, 150, 155, 156, 163, 185, 186,  46,  48,
     51,  52,  59,  87,  95,  96,  97,  98, 105, 106, 107, 124, 125, 126, 127, 128,
    138, 139, 140, 149, 150, 155, 156, 163, 185, 186,  13,  14,  15,  19,  21,  22,
     23,  26,  27,  28,  29,  30,  31,  32,  34,  35,  36,  37,  38,  39,  40,  48,
     51,  52,  53,  54,  55,  56,  57,  58,  59,  60,  61,  62,  64,  84,  85,  86,
     87,  95,  96,  97,  98, 105, 106, 107, 123, 124, 125, 126, 127, 128, 133, 134,
    135, 136, 137, 138, 139, 140, 142, 143, 149, 150, 153, 154, 155, 156, 163, 185,
    186,  46,  51,  52,  54,  55,  56,  59,  61,  95,  96,  97,  98, 105, 106, 107,
    124, 125, 126, 127, 128, 133, 138, 139, 140, 149, 150, 153, 154, 155, 156, 163,
      6,  43,  67,   2,   6,   7,   8,  10,  22,  23,  24,  26,  27,  28,  29,  30,
     31,  32,  34,  35,  36,  37,  38,  39,  40,  43,  46,  48,  49,  50,  51,  52,
     53,  54,  55,  56,  57,  58,  59,  60,  61,  62,  63,  64,  67,  68,  72,  75,
     82,  83,  84,  85,  86,  87,  95,  96,  97,  98, 105, 106, 107, 108, 109, 119,
    120, 121, 122, 123, 124, 125, 126, 127, 128, 133, 134, 135, 136, 137, 138, 139,
    140, 141, 142, 143, 144, 149, 150, 153, 154, 155, 156, 163, 167, 168, 169, 171,
    172, 173, 174, 178, 185, 186,   0,   2,   7,   8,  10,  22,  23,  26,  27,  28,
     29,  30,  31,  32,  33,  34,  35,  36,  37,  38,  39,  40,  45,  46,  47,  48,
     49,  50,  51,  52,  53,  54,  55,  56,  57,  58,  59,  60,  61,  62,  63,  64,
     74,  82,  84,  85,  86,  87,  88,  89,  90,  91,  92,  93,  94,  95,  96,  97,
     98,  99, 100, 101, 102, 103, 104, 105, 106, 107, 108, 109, 110, 111, 112, 113,
    114, 115, 116, 117, 118, 119, 120, 121, 122, 123, 124, 125, 126, 127, 128, 129,
    130, 131, 132, 133, 134, 135, 136, 137, 138, 139, 140, 141, 142, 143, 144, 145,
    146, 147, 148, 149, 150, 151, 152, 153, 154, 155, 156, 157, 158, 159, 160, 161,
    162, 163, 164, 165, 166, 167, 168, 169, 171, 172, 173, 174, 178, 185, 186,   2,
      6,   7,   8,  10,  13,  14,  15,  19,  21,  24,  26,  27,  29,  30,  31,  34,
     35,  36,  37,  38,  39,  40,  42,  43,  46,  67,  82,  84,  85, 123, 136, 171,
    173, 174, 175,   2,   6,   7,   8,  10,  24,  26,  27,  29,  30,  31,  34,  35,
     36,  37,  38,  39,  40,  42,  43,  48,  50,  53,  57,  58,  67,  82,  84,  85,
     87, 108, 122, 123, 134, 135, 136, 137, 171, 172, 173, 174, 175, 176, 185, 186,
      2,   4,   7,   9,  24,  25,  27,  28,  30,  31,  32,  33,  34,  35,  36,  37,
     38,  39,  40,  42,  47,  48,  49,  51,  52,  54,  55,  56,  57,  58,  59,  60,
     61,  63,  64,  72,  73,  74,  75,  79,  81,  82,  85,  86,  87,  92,  93,  94,
     95,  96,  97,  98, 100, 101, 102, 103, 104, 105, 106, 107, 109, 112, 113, 114,
    115, 116, 117, 118, 119, 120, 121, 123, 124, 125, 126, 127, 128, 131, 132, 133,
    134, 135, 136, 137, 138, 139, 140, 141, 142, 143, 144, 145, 147, 148, 149, 150,
    151, 152, 153, 154, 155, 156, 159, 160, 161, 162, 163, 164, 165, 166, 167, 168,
    169, 170, 171, 172, 175, 176, 185, 186,   2,   4,   6,   7,   8,   9,  10,  22,
     23,  24,  25,  28,  29,  32,  34,  35,  36,  37,  39,  42,  48,  58,  62,  63,
     72,  73,  74,  75,  79,  81,  86,  87, 109, 136, 137, 141, 167, 168, 169, 170,
    171, 172, 173, 174, 175, 176, 185, 186,   2,   4,   6,   7,   8,   9,  10,  22,
     23,  24,  25,  28,  29,  32,  34,  35,  36,  37,  39,  42,  48,  58,  62,  63,
     72,  73,  74,  75,  79,  81,  86,  87, 109, 136, 137, 141, 167, 168, 169, 170,
    171, 172, 173, 174, 175, 176, 185, 186,   2,   4,   6,   7,   8,   9,  10,  22,
     23,  24,  25,  28,  29,  32,  34,  35,  36,  37,  39,  42,  48,  58,  62,  63,
     72,  73,  74,  75,  79,  81,  86,  87, 109, 136, 137, 141, 167, 168, 169, 170,
    171, 172, 173, 174, 175, 176, 185, 186,   2,   6,   7,   9,  24,  27,  28,  31,
     32,  34,  35,  36,  37,  38,  39,  40,  42,  48,  52,  73,  74,  75,  79,  81,
     85,  86,  87, 123, 128, 136, 170, 171, 172, 175, 176, 185, 186,   2,   6,   7,
     24,  26,  27,  28,  30,  31,  32,  33,  34,  35,  36,  37,  38,  39,  40,  42,
     48,  57,  58,  64,  67,  73,  74,  75,  81,  82,  85,  86,  87, 123, 134, 135,
    136, 137, 142, 143, 171, 172, 175, 176, 185, 186,   2,   6,   7,  24,  26,  27,
     28,  30,  31,  32,  33,  34,  35,  36,  37,  38,  39,  40,  42,  48,  57,  58,
     64,  67,  73,  74,  75,  81,  82,  85,  86,  87, 123, 134, 135, 136, 137, 142,
    143, 171, 172, 175, 176, 185, 186,   2,   6,   7,  24,  26,  27,  28,  30,  31,
     32,  33,  34,  35,  36,  37,  38,  39,  40,  42,  48,  57,  58,  64,  67,  73,
     74,  75,  81,  82,  85,  86,  87, 123, 134, 135, 136, 137, 142, 143, 171, 172,
    175, 176, 185, 186,   2,   4,   7,   8,   9,  10,  24,  25,  28,  29,  32,  34,
     35,  36,  37,  39,  42,  48,  63,  73,  74,  75,  79,  81,  86,  87, 109, 136,
    141, 167, 168, 169, 170, 171, 172, 173, 174, 175, 176, 185, 186,   1,   2,   4,
      6,   7,   8,   9,  10,  24,  25,  28,  29,  32,  34,  35,  36,  37,  39,  42,
     43,  46,  48,  50,  53,  63,  67,  73,  74,  75,  79,  81,  86,  87,  95,  98,
    108, 109, 122, 136, 141, 167, 168, 169, 170, 171, 172, 173, 174, 175, 176, 185,
    186,   2,   4,   7,   8,   9,  10,  24,  25,  28,  29,  32,  34,  35,  36,  37,
     39,  42,  48,  63,  73,  74,  75,  79,  81,  86,  87,  97, 109, 136, 141, 167,
    168, 169, 170, 172, 173, 174, 175, 176, 185, 186,   2,   4,   7,   8,   9,  10,
     24,  25,  28,  29,  32,  34,  35,  36,  37,  39,  42,  46,  48,  50,  53,  63,
     73,  74,  75,  79,  81,  86,  87, 108, 109, 122, 136, 141, 167, 168, 169, 170,
    171, 172, 173, 174, 175, 176, 185, 186,   2,   6,   7,  24,  26,  27,  28,  30,
     31,  32,  34,  35,  36,  37,  38,  39,  40,  42,  48,  57,  58,  62,  64,  67,
     75,  82,  85,  86,  87, 123, 134, 135, 136, 137, 142, 143, 171, 172, 175, 176,
    185, 186,   2,   6,   7,  24,  26,  27,  28,  30,  31,  32,  34,  35,  36,  37,
     38,  39,  40,  42,  43,  48,  57,  58,  64,  67,  75,  82,  85,  86,  87, 123,
    134, 135, 136, 137, 142, 143, 171, 172, 175, 176, 185, 186,   2,   6,   7,  24,
     26,  27,  28,  30,  31,  32,  34,  35,  36,  37,  38,  39,  40,  42,  43,  48,
     57,  58,  64,  67,  75,  82,  85,  86,  87, 123, 134, 135, 136, 137, 142, 143,
    171, 172, 175, 176, 185, 186,   2,   6,   7,  24,  26,  27,  28,  30,  31,  32,
     34,  35,  36,  37,  38,  39,  40,  42,  43,  48,  57,  58,  64,  67,  75,  82,
     85,  86,  87, 123, 134, 135, 136, 137, 142, 143, 171, 172, 175, 176, 185, 186,
      2,   6,   7,  24,  26,  27,  28,  30,  31,  32,  34,  35,  36,  37,  38,  39,
     40,  42,  43,  48,  57,  58,  64,  67,  75,  82,  85,  86,  87, 123, 134, 135,
    136, 137, 142, 143, 171, 172, 175, 176, 185, 186,   2,   6,   7,  24,  26,  27,
     28,  30,  31,  32,  34,  35,  36,  37,  38,  39,  40,  42,  43,  48,  57,  58,
     64,  67,  75,  82,  85,  86,  87, 123, 134, 135, 136, 137, 142, 143, 171, 172,
    175, 176, 185, 186,   0,   1,   2,   4,   7,   9,  12,  14,  15,  16,  17,  18,
     19,  20,  21,  24,  25,  26,  28,  29,  32,  33,  34,  35,  36,  37,  39,  40,
     42,  43,  45,  46,  47,  48,  49,  51,  52,  54,  55,  56,  57,  58,  59,  60,
     61,  63,  64,  72,  73,  74,  75,  79,  81,  86,  87,  88,  89,  90,  91,  92,
     93,  94,  95,  96,  97,  98,  99, 100, 101, 102, 103, 104, 105, 106, 107, 109,
    110, 111, 112, 113, 114, 115, 116, 117, 118, 119, 120, 121, 124, 125, 126, 127,
    128, 129, 130, 131, 132, 133, 134, 135, 136, 137, 138, 139, 140, 141, 142, 143,
    144, 145, 146, 147, 148, 149, 150, 151, 152, 153, 154, 155, 156, 157, 158, 159,
    160, 161, 162, 163, 164, 165, 166, 167, 168, 169, 170, 171, 172, 175, 176, 177,
    185, 186,   2,   4,   6,   7,   8,   9,  10,  22,  23,  24,  25,  28,  29,  32,
     34,  35,  36,  37,  39,  42,  48,  52,  58,  63,  72,  73,  74,  75,  79,  81,
     86,  87, 109, 128, 136, 137, 141, 167, 168, 169, 170, 171, 172, 173, 174, 175,
    176, 185, 186,   2,   6,   7,   9,  24,  27,  28,  31,  32,  34,  35,  36,  37,
     38,  39,  40,  42,  46,  73,  74,  75,  79,  81,  85,  86, 123, 136, 170, 171,
    172, 175, 176,   2,   6,   7,   9,  24,  27,  28,  31,  32,  34,  35,  36,  37,
     38,  39,  40,  42,  73,  74,  75,  79,  81,  85,  86, 123, 136, 170, 171, 172,
    175, 176,   2,   6,   7,   9,  24,  27,  28,  31,  32,  34,  35,  36,  37,  38,
     39,  40,  42,  73,  74,  75,  79,  81,  85,  86, 123, 136, 170, 171, 172, 175,
    176,   0,   1,   2,   6,   7,   9,  24,  43,  46,  50,  51,  52,  53,  54,  55,
     56,  58,  60,  61,  63,  67,  72,  74,  75,  95,  96,  97,  98, 108, 109, 122,
    124, 125, 126, 127, 128, 133, 137, 141, 143, 149, 150, 153, 154, 163, 167, 168,
    169, 170, 171, 172,   1,   2,   4,   6,   7,   8,   9,  10,  22,  23,  24,  25,
     28,  29,  32,  34,  35,  36,  37,  39,  42,  46,  48,  50,  53,  63,  72,  73,
     74,  75,  79,  81,  86,  87, 108, 109, 122, 136, 141, 167, 168, 169, 170, 171,
    172, 173, 174, 175, 176, 185, 186,   2,   6,   7,  24,  26,  27,  28,  30,  31,
     32,  33,  34,  35,  36,  37,  38,  39,  40,  42,  48,  57,  58,  64,  67,  73,
     74,  75,  81,  82,  85,  86,  87, 123, 134, 135, 136, 137, 142, 143, 171, 172,
    175, 176, 185, 186,   2,   6,   7,  24,  26,  27,  28,  30,  31,  32,  33,  34,
     35,  36,  37,  38,  39,  40,  42,  48,  57,  58,  64,  67,  73,  74,  75,  81,
     82,  85,  86,  87, 123, 134, 135, 136, 137, 142, 143, 171, 172, 175, 176, 185,
    186,  36,  37,  38,  39,  48,  49,  51,  52,  54,  55,  56,  58,  59,  63,  64,
     87,  95,  96,  97,  98, 105, 106, 107, 109, 119, 120, 121, 124, 125, 126, 127,
    128, 133, 137, 138, 139, 140, 141, 142, 143, 144, 149, 150, 153, 154, 155, 156,
    161, 163, 165, 167, 168, 169, 185, 186,   2,   6,   7,  24,  26,  27,  28,  30,
     31,  32,  33,  34,  35,  36,  37,  38,  39,  40,  42,  48,  52,  57,  58,  64,
     67,  73,  74,  75,  81,  82,  85,  86,  87, 123, 128, 134, 135, 136, 137, 142,
    143, 171, 172, 175, 176, 185, 186,   2,   6,   7,  24,  26,  27,  28,  30,  31,
     32,  33,  34,  35,  36,  37,  38,  39,  40,  42,  48,  57,  58,  64,  67,  73,
     74,  75,  81,  82,  85,  86,  87, 123, 134, 135, 136, 137, 142, 143, 171, 172,
    175, 176, 185, 186,   4,   9,  12,  16,  18,  25,  28,  32,  45,  46,  47,  48,
     49,  50,  51,  52,  53,  54,  55,  56,  57,  58,  59,  60,  61,  63,  64,  74,
     79,  82,  86,  87,  88,  89,  90,  91,  92,  93,  94,  95,  96,  97,  98,  99,
    100, 101, 102, 103, 104, 105, 106, 107, 108, 109, 110, 111, 112, 113, 114, 115,
    116, 117, 118, 119, 120, 121, 122, 124, 125, 126, 127, 128, 130, 131, 132, 133,
    134, 135, 137, 138, 139, 140, 141, 142, 143, 144, 145, 146, 147, 148, 149, 150,
    151, 152, 153, 154, 155, 156, 157, 158, 159, 160, 161, 162, 163, 164, 165, 166,
    167, 168, 169, 170, 185, 186,   2,   4,   7,   8,   9,  10,  24,  25,  28,  29,
     32,  34,  35,  36,  37,  39,  42,  46,  48,  50,  63,  73,  74,  75,  79,  81,
     86,  87, 108, 109, 122, 136, 141, 167, 168, 169, 170, 171, 172, 173, 174, 175,
    176, 185, 186,   2,   4,   7,   8,   9,  10,  24,  25,  28,  29,  32,  34,  35,
     36,  37,  39,  42,  46,  48,  50,  53,  63,  73,  74,  75,  79,  81,  86,  87,
    108, 109, 122, 136, 141, 167, 168, 169, 170, 171, 172, 173, 174, 175, 176, 185,
    186,   2,   4,   7,   8,   9,  10,  24,  25,  28,  29,  32,  34,  35,  36,  37,
     39,  42,  43,  46,  48,  63,  73,  74,  75,  79,  81,  86,  87, 109, 136, 141,
    167, 168, 169, 170, 171, 172, 173, 174, 175, 176, 185, 186,   4,   9,  12,  16,
     18,  25,  28,  32,  45,  46,  47,  48,  49,  50,  51,  52,  53,  54,  55,  56,
     57,  58,  59,  60,  61,  63,  64,  74,  79,  82,  86,  87,  88,  89,  90,  91,
     92,  93,  94,  95,  96,  97,  98,  99, 100, 101, 102, 103, 104, 105, 106, 107,
    108, 109, 110, 111, 112, 113, 114, 115, 116, 117, 118, 119, 120, 121, 122, 124,
    125, 126, 127, 128, 130, 131, 132, 133, 134, 135, 137, 138, 139, 140, 141, 142,
    143, 144, 145, 146, 147, 148, 149, 150, 151, 152, 153, 154, 155, 156, 157, 158,
    159, 160, 161, 162, 163, 164, 165, 166, 167, 168, 169, 170, 185, 186,   2,   4,
      7,   8,   9,  10,  24,  25,  28,  29,  32,  34,  35,  36,  37,  39,  42,  48,
     52,  63,  73,  74,  75,  79,  81,  86,  87, 109, 128, 136, 141, 167, 168, 169,
    170, 171, 172, 173, 174, 175, 176, 185, 186,   2,   7,  27,  28,  30,  31,  32,
     35,  52,  63,  75,  82,  85,  86, 109, 123, 128, 141, 149, 167, 168, 169, 171,
    172,   2,   4,   6,   7,   8,   9,  10,  22,  23,  24,  25,  28,  29,  32,  34,
     35,  36,  37,  39,  42,  48,  52,  58,  60,  61,  62,  63,  72,  73,  74,  75,
     79,  81,  86,  87, 109, 128, 136, 137, 141, 167, 168, 169, 170, 171, 172, 173,
    174, 175, 176, 185, 186,   0,   2,   7,   8,  10,  12,  13,  14,  19,  21,  22,
     23,  24,  28,  29,  32,  33,  34,  35,  36,  37,  39,  42,  46,  48,  50,  51,
     52,  53,  54,  55,  56,  58,  59,  60,  61,  63,  64,  72,  73,  74,  75,  81,
     86,  87,  95,  96,  97,  98, 105, 106, 107, 108, 109, 122, 124, 125, 126, 127,
    128, 133, 136, 137, 138, 139, 140, 141, 142, 143, 149, 150, 153, 154, 155, 156,
    163, 167, 168, 169, 171, 172, 173, 174, 175, 176, 185, 186,   1,   2,   6,   7,
      9,  24,  43,  46,  48,  50,  51,  52,  53,  58,  63,  67,  72,  74,  75,  87,
     95,  96,  97,  98, 108, 109, 114, 122, 124, 125, 126, 127, 128, 135, 137, 141,
    143, 149, 150, 163, 167, 168, 169, 170, 171, 172, 185, 186,   2,   4,   6,   7,
      9,  24,  63,  67,  74,  75, 109, 130, 141, 167, 168, 169, 170, 171, 172,   2,
      4,   6,   7,   8,   9,  10,  22,  23,  24,  25,  28,  29,  32,  34,  35,  36,
     37,  39,  42,  48,  58,  63,  72,  73,  74,  75,  79,  81,  86,  87, 109, 136,
    137, 141, 167, 168, 169, 170, 171, 172, 173, 174, 175, 176, 185, 186,   4,   7,
      8,   9,  10,  12,  16,  18,  22,  23,  25,  26,  28,  29,  32,  45,  46,  47,
     48,  49,  50,  51,  52,  53,  54,  55,  56,  57,  58,  59,  60,  61,  62,  63,
     64,  74,  79,  82,  84,  86,  87,  88,  89,  90,  91,  92,  93,  94,  95,  96,
     97,  98,  99, 100, 101, 102, 103, 104, 105, 106, 107, 108, 109, 110, 111, 112,
    113, 114, 115, 116, 117, 118, 119, 120, 121, 122, 124, 125, 126, 127, 128, 131,
    132, 133, 134, 135, 137, 138, 139, 140, 141, 142, 143, 144, 145, 146, 147, 148,
    149, 150, 151, 152, 153, 154, 155, 156, 157, 158, 159, 160, 161, 162, 163, 164,
    165, 166, 167, 168, 169, 170, 173, 174, 185, 186,   2,   4,   7,  24,  48,  52,
     75,  82,  87, 128, 171, 172, 185, 186,   2,   6,   7,  24,  26,  27,  28,  30,
     31,  32,  34,  35,  36,  37,  38,  39,  40,  42,  43,  48,  57,  58,  64,  67,
     75,  82,  85,  86,  87, 123, 134, 135, 136, 137, 142, 143, 171, 172, 175, 176,
    185, 186,   2,   6,   7,  24,  26,  27,  28,  30,  31,  32,  34,  35,  36,  37,
     38,  39,  40,  42,  43,  46,  48,  57,  58,  64,  67,  75,  82,  85,  86,  87,
    123, 134, 135, 136, 137, 142, 143, 171, 172, 175, 176, 185, 186,   2,   4,   6,
      7,   9,  24,  27,  28,  30,  31,  32,  33,  34,  35,  36,  37,  38,  39,  40,
     42,  48,  54,  55,  56,  57,  58,  63,  64,  73,  74,  75,  79,  81,  85,  86,
     87, 109, 123, 130, 133, 134, 135, 136, 137, 141, 142, 143, 153, 154, 167, 168,
    169, 170, 171, 172, 175, 176, 177, 185, 186,   2,   4,   6,   7,   9,  24,  27,
     28,  30,  31,  32,  33,  34,  35,  36,  37,  38,  39,  40,  42,  48,  54,  55,
     56,  57,  58,  63,  64,  73,  74,  75,  79,  81,  85,  86,  87, 109, 123, 130,
    133, 134, 135, 136, 137, 141, 142, 143, 153, 154, 167, 168, 169, 170, 171, 172,
    175, 176, 177, 185, 186,   2,   4,   6,   7,   9,  24,  27,  28,  30,  31,  32,
     33,  34,  35,  36,  37,  38,  39,  40,  42,  48,  52,  54,  55,  56,  57,  58,
     63,  64,  73,  74,  75,  79,  81,  85,  86,  87, 109, 123, 128, 130, 133, 134,
    135, 136, 137, 141, 142, 143, 153, 154, 167, 168, 169, 170, 171, 172, 175, 176,
    177, 185, 186,   2,   4,   6,   7,   9,  24,  27,  28,  30,  31,  32,  33,  34,
     35,  36,  37,  38,  39,  40,  42,  48,  54,  55,  56,  57,  58,  63,  64,  73,
     74,  75,  79,  81,  85,  86,  87, 109, 123, 130, 133, 134, 135, 136, 137, 141,
    142, 143, 153, 154, 167, 168, 169, 170, 171, 172, 175, 176, 177, 185, 186,   2,
      6,   7,   9,  24,  27,  31,  34,  35,  36,  37,  39,  40,  42,  52,  74,  75,
     79,  81,  85, 123, 128, 130, 136, 170, 171, 172, 175, 177,   1,   2,   6,   7,
      9,  24,  27,  31,  34,  35,  36,  37,  39,  40,  42,  43,  46,  48,  50,  52,
     53,  58,  61,  67,  74,  75,  79,  81,  85,  87, 108, 122, 123, 128, 130, 135,
    136, 137, 143, 170, 171, 172, 175, 177, 185, 186,   0,   4,   7,   8,   9,  10,
     11,  16,  18,  22,  23,  26,  28,  29,  32,  38,  45,  46,  47,  48,  49,  51,
     52,  54,  55,  56,  57,  58,  59,  60,  61,  62,  63,  64,  74,  79,  82,  84,
     86,  87,  88,  89,  90,  91,  92,  93,  94,  95,  96,  97,  99, 100, 101, 102,
    103, 104, 105, 106, 107, 108, 109, 110, 111, 112, 113, 114, 115, 116, 117, 118,
    119, 120, 121, 122, 124, 125, 126, 127, 128, 131, 132, 133, 134, 135, 137, 138,
    139, 140, 141, 142, 143, 144, 145, 146, 147, 148, 149, 150, 151, 152, 153, 154,
    155, 156, 157, 158, 159, 160, 161, 162, 163, 164, 165, 166, 167, 168, 169, 170,
    171, 173, 174, 177, 185, 186,   1,   2,   4,   7,   8,   9,  10,  22,  23,  24,
     25,  28,  29,  32,  34,  35,  36,  37,  39,  42,  48,  62,  63,  72,  73,  74,
     75,  79,  81,  86,  87, 109, 136, 141, 167, 168, 169, 170, 171, 172, 173, 174,
    175, 176, 185, 186,   2,   4,   6,   7,   8,   9,  10,  22,  23,  24,  25,  28,
     29,  32,  34,  35,  36,  37,  39,  42,  48,  52,  62,  63,  72,  73,  74,  75,
     79,  81,  86,  87, 109, 128, 136, 141, 167, 168, 169, 170, 171, 172, 173, 174,
    175, 176, 185, 186,   0,   2,   4,   6,   7,   9,  24,  25,  27,  28,  30,  31,
     32,  33,  34,  35,  36,  37,  38,  39,  40,  42,  47,  48,  49,  58,  60,  61,
     63,  64,  73,  74,  75,  79,  81,  85,  86,  87,  92,  93,  94, 100, 101, 102,
    103, 104, 109, 112, 113, 114, 115, 116, 117, 118, 119, 120, 121, 123, 130, 131,
    132, 136, 137, 141, 142, 143, 144, 145, 147, 148, 151, 152, 159, 160, 161, 162,
    164, 165, 166, 167, 168, 169, 170, 171, 172, 175, 176, 177, 185, 186,   7,   8,
     10,  24,  26,  29,  30,  31,  34,  35,  36,  37,  38,  39,  40,  82, 136, 173,
    174,   6,  24,  82,   0,   1,   2,   4,   6,   7,   8,   9,  10,  22,  23,  24,
     26,  27,  29,  31,  34,  35,  36,  37,  38,  39,  40,  43,  45,  46,  47,  48,
     49,  50,  53,  54,  55,  56,  57,  58,  59,  60,  61,  62,  63,  64,  67,  74,
     82,  85,  87,  88,  89,  90,  91,  92,  93,  94, 100, 101, 102, 103, 104, 105,
    106, 107, 108, 109, 110, 111, 112, 113, 114, 115, 116, 117, 118, 119, 120, 121,
    122, 123, 131, 132, 133, 134, 135, 136, 137, 138, 139, 140, 141, 142, 143, 144,
    145, 146, 147, 148, 151, 152, 153, 154, 155, 156, 157, 158, 159, 160, 161, 162,
    163, 164, 165, 166, 167, 168, 169, 170, 172, 173, 174, 185, 186,   7,   9,  46,
     50,  53,  63,  74, 108, 109, 122, 141, 167, 168, 169, 170, 171,   2,   6,   7,
     24,  26,  27,  28,  30,  31,  32,  34,  35,  36,  37,  38,  39,  40,  42,  43,
     48,  52,  57,  58,  64,  67,  75,  82,  85,  86,  87, 123, 128, 134, 135, 136,
    137, 142, 143, 171, 172, 175, 176, 185, 186,   2,   6,   7,  24,  26,  27,  28,
     30,  31,  32,  34,  35,  36,  37,  38,  39,  40,  42,  43,  48,  57,  58,  64,
     67,  75,  82,  85,  86,  87, 123, 134, 135, 136, 137, 142, 143, 171, 172, 175,
    176, 185, 186,   2,   4,   7,   8,   9,  10,  24,  25,  28,  29,  32,  34,  35,
     36,  37,  39,  42,  48,  63,  73,  74,  75,  79,  81,  86,  87, 109, 136, 141,
    167, 168, 169, 170, 171, 172, 173, 174, 175, 176, 185, 186,   2,   4,   7,   8,
      9,  10,  24,  25,  28,  29,  32,  34,  35,  36,  37,  39,  42,  48,  63,  73,
     74,  75,  79,  81,  86,  87, 109, 136, 141, 167, 168, 169, 170, 171, 172, 173,
    174, 175, 176, 185, 186,   2,   6,   7,  24,  26,  27,  28,  30,  31,  32,  34,
     35,  36,  37,  38,  39,  40,  42,  43,  48,  57,  58,  64,  67,  75,  82,  85,
     86,  87, 123, 134, 135, 136, 137, 142, 143, 171, 172, 175, 176, 185, 186,   2,
      4,   6,   7,   9,  24,  27,  28,  30,  31,  32,  33,  34,  35,  36,  37,  38,
     39,  40,  42,  48,  52,  54,  55,  56,  57,  58,  63,  64,  73,  74,  75,  79,
     81,  85,  86,  87, 109, 123, 128, 130, 133, 134, 135, 136, 137, 141, 142, 143,
    153, 154, 167, 168, 169, 170, 171, 172, 175, 176, 177, 185, 186,   2,   4,   6,
      7,   8,   9,  10,  22,  23,  24,  25,  28,  29,  32,  34,  35,  36,  37,  39,
     42,  43,  46,  48,  58,  62,  63,  67,  72,  73,  74,  75,  79,  81,  86,  87,
    109, 136, 137, 141, 167, 168, 169, 170, 171, 172, 173, 174, 175, 176, 185, 186,
      2,   4,   6,   7,   8,   9,  10,  22,  23,  24,  25,  28,  29,  32,  34,  35,
     36,  37,  39,  42,  43,  46,  48,  50,  53,  58,  62,  63,  67,  72,  73,  74,
     75,  79,  81,  86,  87, 108, 109, 122, 136, 137, 141, 167, 168, 169, 170, 171,
    172, 173, 174, 175, 176, 185, 186,   2,   6,   7,  24,  26,  27,  28,  30,  31,
     32,  33,  34,  35,  36,  37,  38,  39,  40,  42,  48,  57,  58,  64,  67,  73,
     74,  75,  81,  82,  85,  86,  87, 123, 134, 135, 136, 137, 142, 143, 171, 172,
    175, 176, 185, 186,   1,   2,   6,   7,  24,  26,  27,  28,  30,  31,  32,  33,
     34,  35,  36,  37,  38,  39,  40,  42,  43,  46,  48,  50,  53,  57,  58,  64,
     67,  73,  74,  75,  81,  82,  85,  86,  87, 108, 122, 123, 134, 135, 136, 137,
    142, 143, 171, 172, 175, 176, 185, 186,   1,   2,   6,   7,  24,  26,  27,  28,
     30,  31,  32,  33,  34,  35,  36,  37,  38,  39,  40,  42,  43,  46,  48,  50,
     53,  57,  58,  64,  67,  73,  74,  75,  81,  82,  85,  86,  87, 108, 122, 123,
    134, 135, 136, 137, 142, 143, 171, 172, 175, 176, 185, 186,   2,   6,   7,  24,
     26,  27,  28,  30,  31,  32,  33,  34,  35,  36,  37,  38,  39,  40,  42,  48,
     57,  58,  64,  67,  73,  74,  75,  81,  82,  85,  86,  87, 123, 134, 135, 136,
    137, 142, 143, 171, 172, 175, 176, 185, 186,   2,   4,   7,   8,   9,  10,  24,
     25,  28,  29,  32,  34,  35,  36,  37,  39,  42,  48,  63,  73,  74,  75,  79,
     81,  86,  87, 109, 136, 141, 167, 168, 169, 170, 171, 172, 173, 174, 175, 176,
    185, 186,   4,   9,  12,  16,  18,  25,  28,  32,  45,  46,  47,  48,  49,  50,
     51,  52,  53,  54,  55,  56,  57,  58,  59,  60,  61,  63,  64,  74,  79,  82,
     86,  87,  88,  89,  90,  91,  92,  93,  94,  95,  96,  97,  98,  99, 100, 101,
    102, 103, 104, 105, 106, 107, 108, 109, 110, 111, 112, 113, 114, 115, 116, 117,
    118, 119, 120, 121, 122, 124, 125, 126, 127, 128, 130, 131, 132, 133, 134, 135,
    137, 138, 139, 140, 141, 142, 143, 144, 145, 146, 147, 148, 149, 150, 151, 152,
    153, 154, 155, 156, 157, 158, 159, 160, 161, 162, 163, 164, 165, 166, 167, 168,
    169, 170, 185, 186,   2,   4,   7,   8,   9,  10,  24,  25,  28,  29,  32,  34,
     35,  36,  37,  39,  42,  48,  52,  63,  73,  74,  75,  79,  81,  86,  87, 109,
    128, 136, 141, 167, 168, 169, 170, 171, 172, 173, 174, 175, 176, 185, 186,   2,
      6,   7,  24,  26,  27,  28,  30,  31,  32,  34,  35,  36,  37,  38,  39,  40,
     42,  43,  46,  48,  50,  53,  57,  58,  64,  67,  75,  82,  85,  86,  87, 108,
    122, 123, 134, 135, 136, 137, 142, 143, 171, 172, 175, 176, 185, 186,   2,   6,
      7,  24,  26,  27,  28,  30,  31,  32,  34,  35,  36,  37,  38,  39,  40,  42,
     43,  46,  48,  50,  53,  57,  58,  64,  67,  75,  82,  85,  86,  87, 108, 122,
    123, 134, 135, 136, 137, 142, 143, 171, 172, 175, 176, 185, 186,   0,   1,   2,
      4,   6,   7,   8,   9,  10,  22,  23,  24,  26,  27,  29,  31,  34,  35,  36,
     37,  38,  39,  40,  43,  45,  46,  47,  48,  49,  50,  53,  54,  55,  56,  57,
     58,  59,  60,  61,  62,  63,  64,  67,  74,  82,  85,  87,  88,  89,  90,  91,
     92,  93,  94, 100, 101, 102, 103, 104, 105, 106, 107, 108, 109, 110, 111, 112,
    113, 114, 115, 116, 117, 118, 119, 120, 121, 122, 123, 131, 132, 133, 134, 135,
    136, 137, 138, 139, 140, 141, 142, 143, 144, 145, 146, 147, 148, 151, 152, 153,
    154, 155, 156, 157, 158, 159, 160, 161, 162, 163, 164, 165, 166, 167, 168, 169,
    170, 172, 173, 174, 185, 186,   2,   6,   7,   8,  23,  24,  26,  27,  30,  31,
     34,  35,  36,  37,  38,  39,  40,  42,  43,  52,  67,  75,  82,  85, 123, 128,
    136, 171, 172, 173, 174, 175, 176, 177,   2,   6,   7,   8,  10,  13,  14,  15,
     17,  19,  21,  22,  23,  26,  27,  28,  29,  30,  31,  32,  34,  35,  36,  37,
     38,  39,  40,  41,  43,  48,  51,  52,  54,  55,  56,  57,  58,  59,  60,  61,
     62,  64,  67,  82,  84,  85,  86,  87,  95,  96,  97,  98, 105, 106, 107, 123,
    124, 125, 126, 127, 128, 133, 134, 135, 136, 137, 138, 139, 140, 142, 143, 149,
    150, 153, 154, 155, 156, 163, 171, 172, 173, 174, 178, 185, 186,   2,   6,   7,
      8,  10,  13,  14,  15,  17,  19,  21,  22,  23,  26,  27,  28,  29,  30,  31,
     32,  34,  35,  36,  37,  38,  39,  40,  41,  43,  48,  51,  52,  54,  55,  56,
     57,  58,  59,  60,  61,  62,  64,  67,  82,  84,  85,  86,  87,  95,  96,  97,
     98, 105, 106, 107, 123, 124, 125, 126, 127, 128, 133, 134, 135, 136, 137, 138,
    139, 140, 142, 143, 149, 150, 153, 154, 155, 156, 163, 171, 172, 173, 174, 178,
    185, 186,   0,   4,   7,   8,   9,  10,  16,  19,  26,  29,  36,  37,  39,  43,
     45,  46,  47,  49,  50,  51,  52,  53,  54,  55,  56,  57,  59,  60,  61,  62,
     64,  65,  68,  74,  82,  83,  84,  88,  89,  90,  91,  92,  93,  94,  95,  96,
     97,  98, 100, 101, 102, 103, 104, 105, 106, 107, 108, 110, 111, 112, 113, 114,
    115, 116, 117, 118, 119, 120, 121, 122, 124, 125, 126, 127, 128, 130, 131, 132,
    133, 134, 135, 137, 138, 139, 140, 142, 143, 144, 145, 146, 147, 148, 149, 150,
    151, 152, 153, 154, 155, 156, 157, 158, 159, 160, 161, 162, 163, 164, 165, 166,
    170, 173, 174,   0,   4,   8,   9,  10,  13,  16,  21,  22,  23,  26,  29,  30,
     34,  36,  37,  39,  45,  46,  47,  48,  49,  50,  51,  52,  53,  54,  55,  56,
     57,  58,  59,  60,  61,  62,  63,  64,  65,  68,  74,  82,  83,  84,  87,  88,
     89,  90,  91,  92,  93,  94,  95,  96,  97,  98, 100, 101, 102, 103, 104, 105,
    106, 107, 108, 109, 110, 111, 112, 113, 114, 115, 116, 117, 118, 119, 120, 121,
    122, 124, 125, 126, 127, 128, 129, 130, 131, 132, 133, 134, 135, 136, 137, 138,
    139, 140, 141, 142, 143, 144, 145, 146, 147, 148, 149, 151, 152, 153, 154, 155,
    156, 157, 158, 159, 160, 161, 162, 163, 164, 165, 166, 167, 168, 169, 170, 173,
    174, 185, 186,   0,   2,   4,   5,   6,   7,   9,  12,  13,  14,  15,  16,  17,
     18,  19,  20,  21,  24,  25,  26,  28,  32,  33,  34,  35,  36,  37,  39,  42,
     45,  46,  47,  48,  49,  51,  52,  54,  55,  56,  58,  59,  60,  61,  63,  64,
     65,  66,  67,  72,  74,  75,  79,  84,  86,  87,  88,  89,  90,  91,  92,  93,
     94,  95,  96,  97,  98,  99, 100, 101, 102, 103, 104, 105, 106, 107, 109, 110,
    111, 112, 113, 114, 115, 116, 117, 118, 119, 120, 121, 124, 125, 126, 127, 128,
    130, 131, 132, 133, 136, 137, 138, 139, 140, 141, 142, 143, 144, 145, 146, 147,
    148, 149, 150, 151, 152, 153, 154, 155, 156, 157, 158, 159, 160, 161, 162, 163,
    164, 165, 166, 167, 168, 169, 170, 171, 172, 178, 185, 186,   0,   2,   4,   5,
      6,   7,   9,  12,  13,  14,  15,  16,  17,  18,  19,  20,  21,  24,  25,  26,
     28,  32,  33,  34,  35,  36,  37,  39,  42,  45,  46,  47,  48,  49,  51,  52,
     54,  55,  56,  58,  59,  60,  61,  63,  64,  65,  66,  67,  72,  74,  75,  79,
     84,  86,  87,  88,  89,  90,  91,  92,  93,  94,  95,  96,  97,  98,  99, 100,
    101, 102, 103, 104, 105, 106, 107, 109, 110, 111, 112, 113, 114, 115, 116, 117,
    118, 119, 120, 121, 124, 125, 126, 127, 128, 130, 131, 132, 133, 136, 137, 138,
    139, 140, 141, 142, 143, 144, 145, 146, 147, 148, 149, 150, 151, 152, 153, 154,
    155, 156, 157, 158, 159, 160, 161, 162, 163, 164, 165, 166, 167, 168, 169, 170,
    171, 172, 178, 185, 186,  48,  58,  67,  87, 137, 185, 186,   6,  48,  58,  67,
     87, 137, 185, 186,  26,  33,  34,  36,  37,  38,  39,  40,  48,  57,  58,  60,
     61,  62,  63,  64,  87, 109, 134, 135, 136, 137, 141, 142, 143, 167, 168, 169,
    185, 186,   0,   4,   5,   6,   7,   8,   9,  10,  16,  19,  22,  23,  24,  43,
     65,  67,  68,  74,  82,  83, 170, 173, 174,  19,  21,  46,  48,  51,  52,  58,
     87,  95,  96,  97,  98, 124, 125, 126, 127, 128, 137, 149, 150, 163, 185, 186,
     48,  52,  58,  87, 128, 137, 185, 186,  16,  16,  19,  16,  19,  21,  19,  21,
      0,   1,   2,   4,   6,   7,   8,   9,  10,  24,  25,  26,  27,  28,  29,  30,
     31,  32,  33,  34,  35,  36,  37,  38,  39,  40,  42,  43,  45,  47,  51,  52,
     54,  55,  56,  58,  60,  61,  66,  67,  72,  73,  74,  75,  77,  78,  79,  80,
     81,  85,  86,  88,  89,  90,  91,  92,  93,  94,  95,  96,  97,  98,  99, 100,
    101, 102, 103, 104, 105, 107, 109, 110, 111, 112, 113, 114, 115, 116, 117, 118,
    119, 120, 121, 122, 123, 124, 125, 126, 127, 128, 130, 132, 133, 134, 135, 136,
    138, 139, 140, 142, 143, 144, 145, 147, 148, 149, 150, 151, 152, 153, 154, 155,
    156, 157, 158, 159, 160, 161, 162, 163, 164, 165, 166, 167, 168, 169, 170, 171,
    172, 173, 174, 175, 176, 177, 180, 181,   2,   4,   7,   8,   9,  10,  24,  25,
     28,  29,  32,  34,  35,  36,  37,  39,  42,  48,  63,  73,  74,  75,  79,  81,
     86,  87, 109, 136, 141, 167, 168, 169, 170, 171, 172, 173, 174, 175, 176, 185,
    186,
};

static const int8_t libron_14_italicKernSparseValues[] = {
     -14,  -15,  -10,  -10,   -7,  -10,  -15,  -14,  -14,  -17,  -12,   -9,  -16,  -12,   -2,  -13,
     -10,   -8,   -7,  -15,  -10,   -8,  -29,   -8,   -8,   -8,   -8,  -14,  -14,  -21,  -21,  -14,
     -10,  -10,  -14,  -11,  -50,  -39,  -50,  -19,  -31,  -32,    9,    3,    1,    4,    2,  -19,
      13,  -14,   -8,    7,    2,   -2,   -2,   -2,   -2,   -3,   -2,   -2,  -11,   -7,   -9,   -2,
     -30,   -2,  -36,  -41,  -19,  -19,  -19,  -19,  -22,  -26,  -22,    6,    2,    9,  -26,  -14,
     -14,  -26,  -14,   -3,   -3,   -3,   15,  -19,  -19,  -24,  -14,  -23,  -26,  -25,  -14,  -25,
     -16,  -15,   -8,   14,    1,    3,    3,    9,    1,  -14,  -14,   -2,   -2,   -1,   -3,   -3,
      -3,   -7,  -13,  -15,  -14,  -32,   -4,  -26,   38,    2,  -19,  -14,    4,   -2,   -2,   -3,
     -32,  -19,  -14,  -27,   -3,  -24,  -14,  -17,  -14,  -39,  -50,  -50,  -18,  -10,   -7,    4,
       2,    1,  -14,  -10,  -24,  -14,    4,  -30,    6,    8,    7,    1,    6,    6,    6,    6,
       6,    7,    7,    7,    6,    6,    6,    6,    8,  -13,    7,    7,    7,    6,    6,    7,
       7,    6,   -2,    2,  -12,  -12,   -8,  -30,  -10,  -11,  -16,  -13,   -3,   -9,  -12,   -7,
     -12,    2,    1,    1,  -14,   12,  -15,   13,    7,   -7,   19,    3,  -13,  -13,  -13,  -10,
      -3,  -13,  -11,  -11,   -3,  -13,  -12,   -9,  -11,  -18,  -13,  -12,   13,  -14,  -14,  -14,
     -14,  -14,  -15,  -15,   -4,   -7,   -7,   -7,  -15,  -15,  -15,  -15,  -15,  -13,  -13,  -13,
       8,  -13,  -14,  -14,  -15,  -15,  -14,  -15,  -15,  -15,  -15,    6,   -7,   -7,   -6,   -7,
      19,  -15,  -15,  -13,  -10,   -9,   -3,  -13,  -13,  -13,  -13,  -12,  -12,  -15,  -13,   -2,
     -15,   27,   -7,  -11,  -15,   -1,  -13,  -11,  -13,   -9,  -14,  -15,  -15,    4,  -15,   -7,
     -15,   -6,  -15,  -13,  -13,  -13,  -30,  -10,  -10,   13,   13,  -12,  -12,  -13,   -9,   -7,
      -9,   -7,   -7,  -15,   -9,  -14,  -53,  -29,  -53,   -7,   -1,    1,   -1,   -1,   -1,  -26,
      -9,  -36,  -10,   -9,    1,   -9,   -5,  -17,  -11,  -13,  -10,   -2,    9,    7,   -3,  -14,
      -2,  -15,   -8,  -35,  -41,   -9,    9,  -10,  -10,  -10,  -10,   -2,   -2,    6,    2,   -2,
      -2,   -2,   -2,   -2,  -10,  -10,    1,   -2,   -2,   -2,   -2,   -2,   -2,    4,   -9,    3,
       1,   12,   -7,   -6,   -2,   -2,    3,    1,    1,   -2,  -10,   -2,   -1,    1,    5,   -2,
      -2,  -10,  -10,   -2,   -2,   -2,   -2,   -2,  -29,  -53,  -53,    9,    9,  -14,  -51,  -11,
     -15,   -3,  -60,  -52,  -18,   -1,   -1,   -1,   -5,    1,  -19,  -29,  -10,  -19,  -26,  -17,
       2,  -25,  -24,   -8,  -85,  -27,  -45,  -63,  -87,  -39,    1,   -4,   -9,  -11,   -3,   -8,
     -19,  -13,  -21,  -21,  -21,  -19,  -22,  -19,  -19,  -90,  -11,  -15,   -7,   -2,  -24,  -21,
     -58,  -19,    5,  -46,   -3,   -4,   -4,   -4,   -4,  -11,  -11,  -11,  -19,  -19,  -19,  -19,
     -11,  -11,  -11,  -11,  -11,  -22,  -22,  -22,  -22,  -90,   -4,   -4,  -11,  -11,  -11,  -11,
     -11,  -11,  -11,   -8,   -8,   -8,  -19,  -19,  -19,  -19,  -13,  -14,  -11,  -11,  -21,  -85,
     -19,  -22,  -22,  -22,  -90,  -11,  -11,   -8,  -22,   -4,  -11,  -11,  -19,  -19,  -11,  -11,
     -21,  -21,  -22,  -22,   -4,   -4,  -11,  -11,  -11,  -11,  -19,  -11,  -11,  -11,  -90,  -90,
     -90,  -52, -127, -125, -105,   -3,   -3,  -48,  -30,  -52,   -7,   -7,  -23,  -19,  -13,   -6,
     -21,  -20,  -23,  -23,  -16,  -16,   -6,  -18,  -14,  -16,   -2,  -42,  -13,  -34,  -23,  -26,
     -45,  -16,   -7,  -26,  -23,  -17,  -19,  -10,  -10,  -10,   -8,  -14,  -14,   -8,   -8,  -13,
     -12,  -23,  -20,  -21,  -16,   -2,  -23,  -17,  -17,  -17,  -17,  -14,  -14,  -14,  -16,  -17,
     -17,  -17,  -17,  -19,  -10,   -8,   -8,  -82,  -14,  -14,  -14,  -14,  -12,  -12,  -17,  -17,
     -10,  -10,  -14,  -14,  -17,  -54,  -51,   -7,   -7,  -49,  -23,  -23,  -14,  -51,  -11,  -15,
      -3,  -60,  -26,  -18,   -1,   -1,   -1,   -5,    1,  -19,  -29,  -10,  -19,  -26,  -17,    1,
     -25,  -24,   -8,  -43,  -27,  -45,  -32,  -43,  -39,   -4,   -9,  -11,  -18,   -8,  -19,  -22,
     -21,  -21,  -21,  -19,  -22,  -19,  -19,  -45,  -11,  -15,   -7,   -2,  -24,  -21,  -58,  -19,
       2,  -48,  -18,   -4,   -4,   -4,   -4,  -11,  -11,  -11,  -19,  -19,  -19,  -19,  -11,  -11,
     -11,  -11,  -11,  -11,  -22,  -22,  -22,  -45,   -4,   -4,  -11,  -11,  -11,  -11,  -11,  -11,
     -11,   -8,   -8,   -8,  -19,  -19,  -19,  -19,  -22,  -14,  -11,  -11,  -21,  -85,  -19,  -22,
     -22,  -22,  -45,  -11,  -11,   -8,  -11,   -4,  -11,  -11,  -19,  -19,  -11,  -11,  -21,  -21,
     -22,  -22,   -4,   -4,  -11,  -11,  -11,  -11,  -19,  -11,  -11,  -11,  -45,  -45,  -45,  -26,
     -64,  -62,  -53,  -18,  -18,   -7,  -34,  -34,  -60,   -8,   -3,   -3,  -22,  -19,    1,  -30,
       9,  -30,  -13,    5,    1,   -3,   -3,   -3,  -24,   -4,   -3,   -3,  -14,   -8,  -27,  -30,
     -30,  -30,  -30,  -30,  -30,  -30,  -30,  -30,  -30,  -30,  -30,   -4,   -4,   -4,    5,  -30,
     -30,  -30,  -30,  -30,  -30,  -30,  -30,  -30,  -13,  -13,  -13,    5,  -30,  -30,   -3,  -24,
     -24,   -4,   -4,   -4,   -8,   -8,  -13,  -30,  -30,  -30,  -30,  -30,  -30,   -3,   -3,   -4,
      -4,  -30,  -30,  -30,  -30,  -30,  -30,  -30,  -30,  -30,  -34,  -34,  -13,   -7,   -4,   -4,
      -7,   -7,   -2,   -6,   -7,   -2,   -8,  -21,  -15,   -7,  -23,   -1,  -10,   -9,  -16,   -1,
      -7,   -7,   -2,  -12,   -5,  -13,  -16,  -12,   -4,  -10,   -2,  -12,  -21,   -8,   -8,    1,
     -15,  -14,   -5,  -13,  -15,  -17,  -15,  -17,   -6,   -6,  -20,   -9,  -10,  -13,   -9,  -14,
     -13,  -16,  -10,  -12,  -12,   -5,   -7,  -15,   -1,  -16,   -1,   -3,  -13,   -8,   -6,   -5,
     -14,  -13,  -27,  -20,  -27,   -9,  -24,   -5,  -13,   -5,  -14,  -10,  -13,  -13,   -1,   -6,
     -13,  -12,  -14,   -4,   -4,   -4,   -4,  -12,   -8,   -3,   -3,   -1,   -4,   -5,   -4,   -4,
     -12,  -12,  -24,  -18,   -3,  -24,   -1,   -9,   -8,   -8,  -20,  -11,   -4,   -4,   -4,  -12,
     -10,  -12,   -4,   -4,  -11,  -18,   -2,  -17,   -6,   -6,   -4,    2,  -15,   -7,   -1,   -1,
     -18,   -8,  -24,  -16,  -24,   -2,   -7,  -16,  -18,  -18,  -17,  -15,  -17,   -2,   -1,   -5,
      -5,   -2,   -1,   -3,   -5,   -5,   -1,   -1,   -1,   -1,   -1,   -1,   -1,   -1,   -1,   -5,
      -5,   -9,  -13,    1,    1,   -1,   -6,  -11,  -11,   -1,  -14,   -6,  -12,   -9,   -3,  -11,
     -13,  -12,  -14,  -14,  -12,    1,    1,  -13,   -2,    5,  -31,  -23,  -31,  -16,    6,  -12,
      -3,   -4,    2,    2,  -26,  -24,    4,    3,    3,   -8,  -20,  -23,  -31,  -31,   -7,   -8,
      -7,   -5,   -1,   -1,   -1,   -1,   -1,   -5,  -10,  -19,  -14,   -3,  -19,   -2,  -17,   -1,
      -5,  -14,   -6,  -12,  -12,   -5,   -2,   -1,   -5,  -14,   -9,  -11,   -9,   -9,   -1,   -8,
     -20,  -14,  -13,  -23,   -4,  -11,  -10,  -15,   -9,   -9,   -1,  -12,  -12,   -3,   -3,   -9,
     -21,   -5,   -4,   -8,   -6,  -10,  -22,  -14,  -27,  -10,    2,    5,  -10,  -10,    2,    5,
      -7,  -11,  -21,   -3,   -2,   -2,    2,    2,   -3,   -3,   -9,  -21,   -5,   -4,   -8,   -6,
     -10,  -22,  -14,  -27,  -10,    6,   13,  -10,   -1,  -10,    6,   13,   -7,  -11,  -21,   -3,
      -2,   -2,    6,    6,  -14,  -10,  -12,  -12,   -1,  -26,  -26,  -13,   -3,   -3,   -6,   -7,
      -6,   -6,   -7,   -6,   -9,  -25,  -17,   -9,  -29,   -5,    1,    1,    1,    1,    1,  -10,
      -7,    1,    1,    1,    1,    1,   -7,    1,    1,    1,    1,    1,   -6,    1,    1,    1,
       1,    1,    1,    1,   -3,   -3,  -17,   -1,  -37,  -14,  -44,  -19,  -21,   -1,   -7,  -15,
      -4,  -20,  -28,  -12,  -13,  -27,  -16,   -6,  -24,    2,  -24,  -10,  -43,  -24,  -39,  -26,
     -46,   -1,  -34,    1,   -7,  -10,  -12,  -24,   -8,  -10,  -12,  -13,  -13,  -13,   -4,  -17,
     -13,  -18,  -17,  -29,   -4,  -20,  -28,  -21,  -32,  -18,  -25,  -42,  -24,   -7,   -7,   -7,
      -7,  -12,  -12,  -12,  -10,  -10,  -10,  -10,  -11,  -12,  -12,  -12,  -12,  -22,  -13,  -13,
     -13,  -29,   -7,   -7,  -12,  -12,  -12,  -12,  -12,  -12,  -12,   -8,   -8,   -8,  -10,  -10,
     -10,  -10,  -12,   -6,   -9,  -12,  -12,  -13,   -4,   -4,  -43,  -17,  -13,  -13,  -13,  -29,
      -4,   -4,   -8,  -22,   -7,  -12,  -12,  -10,  -10,  -12,  -12,  -13,  -13,  -13,  -13,   -7,
      -7,  -12,  -12,  -12,  -12,  -10,  -12,  -12,  -12,  -29,  -29,  -29,  -19,  -41,  -43,  -38,
     -35,  -15,  -24,  -24,  -10,   -7,   -7,   -4,  -13,   -7,   -1,   -1,   -1,   -5,   -5,  -17,
     -11,   -7,  -20,   -1,   -1,   -2,   -2,   -3,   -3,   -2,   -3,   -7,   -8,  -10,   -1,   -3,
      -2,   -2,   -2,   -2,   -2,   -2,   -2,   -2,   -3,   -2,   -2,   -2,   -2,   -2,   -2,   -2,
      -3,   -3,   -3,   -1,   -2,   -2,   -2,   -5,   -2,   -3,   -7,   -7,   -3,   -2,   -2,   -2,
      -2,   -2,   -2,   -2,   -2,   -2,   -2,   -2,   -2,   -3,   -3,   -3,   -7,   -3,   -3,   -1,
      -1,   -2,   -1,   -2,   -1,   -2,   -4,   -4,   -1,   -4,   -2,   -2,   -2,   -4,   -4,   -4,
      -2,   -4,   -4,   -4,   -1,   -1,   -1,   -8,  -15,  -11,   -6,   -6,   -9,   -1,   -1,   -8,
      -4,  -19,   -7,   -6,   -8,   -5,   -6,   -5,   -5,  -23,  -14,  -26,  -29,   -6,   -6,  -13,
      -2,   -1,  -11,   -4,  -13,   -6,   -2,   -6,   -5,   -1,   -6,   -6,   -6,  -10,   -2,   -2,
      -3,   -1,   -1,   -1,   -2,   -1,   -1,   -4,   -1,   -1,   -1,   -1,   -2,   -7,   -7,   -2,
      -1,   -1,   -1,   -1,   -2,   -2,   -2,   -7,   -1,   -1,   -1,   -1,   -1,   -1,   -1,   -4,
      -1,   -1,   -2,   -2,   -2,   -7,   -7,   -7,   -1,   -1,   -1,   -1,   -1,   -2,   -2,    1,
      -1,    1,   -7,   -7,   -7,   -2,   -2,  -13,  -11,    1,  -42,  -27,  -42,  -17,  -14,   -2,
      -2,   10,  -22,   -5,  -22,   -1,   -5,   -2,    1,   -1,  -18,    9,  -18,   -1,  -14,    5,
      -2,   -2,    1,   -6,   -6,   -5,  -14,   -1,   -4,   -3,   -3,  -13,   -5,  -13,  -15,  -23,
      -4,  -32,   -5,   -1,  -18,  -18,  -18,  -18,  -18,  -18,  -18,   -1,   -3,   -2,  -18,  -18,
     -18,  -18,  -18,   -4,   -4,   -4,    5,   -4,  -18,  -18,  -18,  -18,  -18,  -18,  -18,  -18,
     -18,  -12,  -14,  -14,    6,   -1,   -2,   -2,   -4,    2,   -3,  -18,  -18,   -6,   -5,   -6,
       1,   -2,   -4,   -4,   -4,   -5,  -13,  -13,  -14,  -18,  -18,  -11,  -18,   18,   -1,  -15,
     -18,   -4,   -6,   -4,   -4,  -17,  -18,  -18,  -18,    2,  -18,   -2,  -18,   -8,  -18,   -5,
      -5,   -5,  -27,    1,  -42,  -42,   -5,   -1,   -1,   -1,  -10,  -11,   -1,   -8,   -4,  -12,
      -1,   -1,   -7,   -3,  -12,   -7,   -4,  -11,   -1,   -1,   -8,   -6,   -1,   -2,   -8,   -7,
      -6,  -10,  -10,   -9,   -9,   -8,   -8,   -8,  -15,   -6,   -7,   -7,   -7,   -5,   -5,  -10,
       5,  -11,  -13,  -10,    1,   -5,   -5,    1,   -8,   -8,   -8,   -7,  -11,   -7,   -8,   -7,
     -16,   -9,  -17,  -14,   -8,   -5,  -13,  -10,  -10,  -10,  -10,  -11,  -11,  -11,   -9,  -10,
      -5,   -5,   -8,  -11,  -11,  -11,  -11,  -11,   -7,   -7,   -7,    2,  -16,  -10,  -10,  -11,
     -11,  -11,  -11,  -11,  -11,  -11,  -10,  -10,  -10,    1,   -5,   -5,   -5,  -10,   -5,   -1,
     -11,  -11,   -8,  -13,  -12,  -11,   -7,   -7,   -7,  -16,   -9,   -9,  -10,  -11,  -10,  -21,
     -11,    4,   -5,  -22,  -11,  -16,   -8,   -7,   -7,  -10,  -10,  -11,  -11,  -20,  -11,   -5,
     -11,  -22,  -11,  -16,  -16,  -16,  -15,  -13,  -13,   -8,  -15,   -6,   -7,   -7,   -7,   -5,
      -5,  -10,    5,  -11,  -13,  -10,    1,   -5,   -5,    1,   -8,   -8,   -8,   -7,  -11,   -7,
      -8,   -7,  -16,   -9,  -17,  -14,   -8,   -5,  -13,  -10,  -10,  -10,  -10,  -11,  -11,  -11,
      -9,  -10,   -5,   -5,   -8,  -11,  -11,  -11,  -11,  -11,   -7,   -7,   -7,    3,  -16,  -10,
     -10,  -11,  -11,  -11,  -11,  -11,  -11,  -11,  -10,  -10,  -10,    1,   -5,   -5,   -5,  -10,
      -5,   -1,  -11,  -11,   -8,  -13,  -12,  -11,   -7,   -7,   -7,  -16,   -9,   -9,  -10,  -11,
     -10,  -21,  -11,    4,   -5,  -22,  -11,  -16,   -8,   -7,   -7,  -10,  -10,  -11,  -11,  -20,
     -11,   -5,  -11,  -22,  -11,  -16,  -16,  -16,  -15,  -13,  -13,   -7,    3,  -13,  -13,  -13,
      -1,   -3,   -5,   -5,   -7,   -7,   -6,  -10,   -3,   -8,   -2,  -12,   11,  -12,   -8,  -11,
       7,    4,   -5,   -5,   -5,  -14,   -8,   -4,   -5,   -4,   -7,  -10,  -15,  -15,  -11,  -16,
     -14,   -2,   -8,  -12,  -12,  -12,  -12,  -12,  -12,  -12,    1,   -2,   -6,  -12,  -12,  -12,
     -12,  -12,   -4,   -4,   -4,   14,  -10,  -12,  -12,  -12,  -12,  -12,  -12,  -12,  -12,  -12,
     -11,  -11,  -11,   12,   -2,  -12,  -12,   -5,  -28,  -27,  -20,   -4,   -4,   -4,  -10,  -15,
     -15,  -11,  -12,  -24,  -21,  -12,   17,  -24,  -12,   -8,   -5,   -4,   -4,  -12,  -12,  -12,
     -12,  -19,  -12,  -12,  -22,  -12,  -10,  -10,  -10,  -13,  -13,  -13,   -8,   -8,  -10,   -7,
       1,  -30,   -9,   -4,  -15,   -4,  -12,   -4,   -3,  -10,   -9,  -29,  -28,   -4,   -6,   -1,
     -20,   -6,  -21,   -7,    6,  -18,  -28,  -12,    1,   -8,   -9,    1,  -14,  -14,  -14,   -3,
     -18,  -19,  -22,  -21,   -2,  -41,   -5,   -9,   -2,  -24,   -1,  -28,   -8,  -53,  -28,   -7,
      -7,   -7,   -7,  -18,  -18,  -18,  -16,  -16,   -8,   -8,  -13,  -18,  -18,  -18,  -18,  -36,
     -19,  -19,  -19,    3,  -41,   -7,   -7,  -18,  -18,  -18,  -18,  -18,  -18,  -18,  -12,  -12,
     -12,    2,   -8,   -8,   -8,  -16,   -9,   -3,   -4,  -18,  -18,  -14,   -3,   -3,   -6,  -41,
     -19,  -19,  -19,  -41,   -5,   -5,  -12,  -36,   -7,  -33,  -18,    3,   -8,  -36,  -18,  -24,
     -14,  -19,  -19,   -7,   -7,  -18,  -18,  -32,  -18,   -8,  -18,  -35,  -18,  -81,  -41,  -41,
     -30,   -1,   -2,  -25,  -28,  -28,  -14,  -46,  -48,    5,    5,   -1,   -1,   -5,  -28,  -16,
       5,    5,  -25,   -5,    2,   -5,   -1,  -42,  -10,  -39,  -26,   -1,  -47,  -20,  -24,   -9,
     -10,  -11,  -11,  -11,  -13,  -10,  -12,  -11,  -24,   -7,   -2,  -15,    3,  -38,  -11,   -5,
     -24,   -9,   -9,   -9,   -9,  -10,  -10,  -10,  -24,   -9,   -9,   -9,   -9,  -10,  -11,  -83,
     -13,  -10,  -10,  -10,  -24,   -7,   -7,   -9,   -9,  -11,  -11,  -10,  -10,   -9,  -24,  -24,
     -24,  -42,  -40,    5,    5,  -45,  -44,  -24,  -24,   -9,   -1,  -15,   -8,   -8,   -9,   -1,
      -1,   -2,   -9,   -8,   -7,   -1,   -9,    1,  -11,  -17,  -10,   -7,   -7,   -9,   -9,   -9,
      -5,  -14,   -8,   -9,   -9,  -18,   -8,  -16,  -14,   -7,   -7,  -17,   -9,   -9,   -9,   -9,
     -11,  -11,  -11,   -7,   -7,   -7,   -7,  -10,  -11,  -11,  -11,  -11,  -11,   -8,   -8,   -8,
     -18,   -9,   -9,  -11,  -11,  -11,  -11,  -11,  -11,  -11,  -10,  -10,  -10,   -7,   -7,   -7,
      -7,   -7,   -5,  -11,  -11,   -9,   -5,   -5,  -14,   -8,   -8,   -8,  -18,   -8,   -8,  -10,
     -11,   -9,  -11,  -11,   -7,  -11,  -11,   -9,   -9,   -8,   -8,   -9,   -9,  -11,  -11,  -11,
     -11,   -7,  -11,  -11,  -11,  -18,  -18,  -18,  -15,   -2,   -2,   -1,  -17,  -17,   -7,    2,
     -10,  -13,  -10,   -4,   -6,   -6,   -5,  -11,   -7,   -4,   -3,   -4,   -3,  -10,   10,  -11,
      -9,  -10,    6,   -3,   -2,    2,   -6,   -6,   -6,  -14,   -9,   -5,   -6,   -6,   -6,  -12,
     -15,  -15,  -11,  -15,   -4,   -3,   -9,  -10,  -10,  -10,  -10,  -11,  -11,  -11,   -4,   -7,
      -3,   -5,   -7,  -11,  -11,  -11,  -11,  -11,   -5,   -5,   -5,   12,  -12,  -10,  -10,  -11,
     -11,  -11,  -11,  -11,  -11,  -11,  -10,  -10,  -10,   10,   -3,   -3,   -3,   -7,   -2,  -11,
     -11,   -6,  -27,  -26,  -23,   -5,   -5,   -5,  -12,  -15,  -15,  -10,  -11,  -10,  -19,  -11,
      12,   -3,  -21,  -11,  -11,   -6,   -5,   -5,  -10,  -10,  -11,  -11,  -18,  -11,   -3,  -11,
     -21,  -11,  -12,  -12,  -12,  -13,  -10,  -10,   -9,   -9,   -8,  -15,  -12,   -6,   -6,   -9,
      -1,   -1,   -7,   -1,  -19,   -7,   -5,   -8,   -4,   -5,   -6,   -5,  -23,  -14,  -25,  -29,
      -6,   -1,  -12,  -11,   -4,  -11,   -5,   -5,   -6,   -6,   -6,   -6,  -10,  -12,  -10,  -12,
     -42,  -25,  -42,  -14,   -3,  -19,   -6,  -26,   -8,   -6,  -11,  -10,  -29,   -8,   -9,   -8,
      -2,   -1,   -1,   -7,  -15,  -19,  -32,   -6,   -8,   -8,   -8,   -8,   -2,   -2,   -2,   -1,
      -2,   -2,   -2,   -2,   -2,   -8,   -8,   -1,   -2,   -2,   -2,   -2,   -2,   -2,   -1,   -1,
      -1,   -6,    2,   -4,   -7,   -2,   -2,   -1,   -2,   -8,   -2,   -2,   -2,   -2,   -8,   -8,
      -2,   -2,   -2,   -2,   -2,   -2,   -2,  -25,    1,    1,  -42,  -42,   -8,  -10,  -12,   -5,
      -6,   -9,   -1,   -1,   -7,   -1,    5,  -19,   -7,   -5,   -8,   -4,   -5,   -6,   -5,  -23,
     -14,  -25,  -29,   -6,   -1,   -5,    5,    6,   -5,   -4,  -11,   -5,   -5,    6,   -6,   -6,
      -8,   -8,  -10,   -3,  -10,   -9,  -18,  -19,    2,   -7,   -9,   -8,  -11,   -5,   -4,  -17,
      -7,   -5,    2,   -5,   -8,  -10,  -21,  -13,  -20,  -10,   -6,   -3,   -2,  -13,   -2,   -7,
     -17,   -6,  -17,  -10,  -10,   -3,   -6,   -6,   -6,   -6,   -6,   -6,   -6,   -6,  -11,  -13,
      -6,   -6,   -6,   -6,   -6,   -6,   -6,   -2,   -2,   -2,   -6,   -6,   -6,   -8,  -13,   -2,
     -11,   -6,   -6,   -6,   -6,   -6,   -6,   -6,   -6,   -6,   -6,   -6,  -13,  -13,  -13,  -19,
     -10,  -12,  -18,  -13,   -7,   -3,   -3,   -5,   -1,   -2,   -4,   -2,   -1,   -1,   -7,   -2,
      -1,   -3,   -4,   -2,   -2,   -4,   -1,   -1,   -2,   -1,   -1,   -4,   -7,   -7,   -2,   -2,
      -2,   -2,   -1,   -1,   -1,   -1,   -2,   -2,   -2,   -2,   -2,   -2,   -1,   -1,   -1,   -4,
      -2,   -2,   -2,   -2,   -2,   -2,   -2,   -4,   -4,   -4,   -1,   -1,   -1,   -1,   -1,   -2,
      -2,   -2,   -2,   -1,   -1,   -1,   -1,   -1,   -4,   -7,   -7,   -4,   -2,   -2,   -2,   -1,
      -1,   -2,   -2,   -1,   -1,   -2,   -2,   -2,   -2,   -1,   -2,   -2,   -2,   -4,   -4,   -4,
      -2,   -4,   -1,   -5,   -2,   -2,  -14,  -11,    2,  -35,  -32,  -35,  -16,  -17,   -1,   -4,
      -4,  -36,   -1,  -35,   -1,   -3,  -26,    1,  -18,   -1,  -12,   -2,   -1,   -8,   -8,   -8,
     -10,   -2,   -9,   -9,   -9,   -9,   -9,  -11,  -30,  -30,   -7,  -54,   -1,   -1,  -26,  -26,
     -26,  -26,  -33,  -34,  -32,   -1,   -6,   -2,   -4,  -18,  -36,  -36,  -35,  -18,   -9,   -9,
      -9,    1,  -15,  -26,  -26,  -32,  -18,  -34,  -34,  -34,  -18,  -35,  -21,  -21,  -12,    4,
      -2,   -2,   -2,  -10,    1,  -18,  -18,  -16,  -15,  -16,   -5,   -9,   -9,   -9,  -17,  -11,
     -21,  -22,  -18,  -48,  -27,  -33,    7,   -2,  -30,  -36,   -8,  -14,  -13,   -9,  -44,  -26,
     -18,  -34,  -21,  -34,   -2,  -18,  -24,  -18,  -16,   -9,  -17,  -32,    1,  -35,  -35,  -18,
      -1,   -1,   -7,    3,  -16,  -13,  -16,   -6,   -3,   -5,   -3,   -5,   -7,   -7,   -6,  -16,
      -3,   -9,   -2,  -13,   11,  -14,   -8,  -12,    7,    4,   -5,   -5,   -5,  -15,   -8,   -4,
      -5,   -5,   -9,  -10,  -15,  -15,  -11,  -17,  -21,   -2,   -8,  -13,  -13,  -13,  -13,  -14,
     -14,  -14,    1,   -2,   -1,   -6,  -14,  -14,  -14,  -14,  -14,   -4,   -4,   -4,   14,  -10,
     -13,  -13,  -14,  -14,  -14,  -14,  -14,  -14,  -14,  -12,  -12,  -12,   12,   -2,  -14,  -14,
      -5,  -30,  -29,  -20,   -4,   -4,   -4,  -10,  -15,  -15,  -12,  -14,  -26,  -23,  -14,   17,
     -26,  -14,   -8,   -5,   -4,   -4,  -13,  -13,  -14,  -14,  -21,  -14,  -14,  -24,  -14,  -10,
     -10,  -10,  -13,  -16,  -16,   -8,   -8,  -15,    3,  -10,   13,  -35,  -30,  -35,  -22,   -6,
      -1,   -1,  -21,   -6,  -12,   -1,  -16,  -16,    6,  -12,  -36,   -6,  -31,   -6,   -2,    1,
       2,  -30,   23,  -30,  -10,  -28,   18,   -7,   -6,   14,  -21,  -21,  -21,  -28,  -13,  -21,
     -20,  -20,  -28,  -27,  -27,  -32,  -28,  -28,  -53,   -6,  -10,  -29,  -30,  -30,  -30,  -23,
     -30,  -28,   -2,  -18,   -7,   -7,   -3,  -27,  -30,  -30,  -30,  -30,  -19,  -21,  -21,   19,
     -26,  -30,  -30,  -30,  -30,  -24,  -30,  -25,  -30,  -26,  -28,  -23,  -28,   16,   -7,   -7,
      -4,  -21,   -6,   -1,    2,  -30,  -28,  -18,  -27,  -20,  -20,  -21,  -21,  -21,  -27,  -27,
     -22,  -24,  -30,  -23,  -30,   29,   -7,  -13,  -30,   -1,  -21,  -13,  -21,  -23,  -30,  -30,
     -30,   -1,  -26,   -8,  -30,  -15,  -29,  -23,  -27,  -27,  -30,    1,  -35,  -35,    2,    1,
     -26,  -10,  -10,   -9,    3,   -9,   15,  -26,  -22,  -26,  -14,   -5,  -14,   -4,   -8,   -1,
     -11,  -11,    5,   -9,  -26,   -5,  -23,   -5,   -3,    2,  -18,   23,  -18,   -6,  -18,   17,
      -4,   -3,   14,  -12,  -12,  -12,  -19,   -8,  -11,  -12,  -12,  -17,  -16,  -19,  -24,  -20,
     -23,  -40,   -5,   -6,  -18,  -18,  -18,  -18,  -33,  -18,  -35,   -1,  -15,   -8,   -4,   -4,
     -35,  -18,  -18,  -18,  -18,  -11,  -11,  -11,   36,  -30,  -18,  -18,  -18,  -18,  -34,  -18,
     -35,  -18,  -35,  -18,  -33,  -18,   32,   -5,   -6,   -3,  -16,   -7,   -1,    1,  -18,  -36,
     -24,  -33,  -30,  -21,  -11,  -11,  -11,  -16,  -19,  -37,  -34,  -36,  -32,  -18,  -18,   24,
      -6,  -29,  -18,  -13,  -25,  -19,  -11,  -32,  -18,  -18,  -18,  -20,  -35,   -8,  -18,  -28,
     -18,  -30,  -16,  -32,  -22,    1,  -26,  -26,    3,    1,  -10,   -6,   -6,  -10,   -1,   -7,
       2,  -28,    1,   -9,   -4,  -15,   -4,  -12,   -1,   -4,   -3,  -10,  -25,  -24,   -4,   -5,
      -1,   -1,    1,   -8,    8,  -18,  -26,  -12,    4,   -7,   -8,    1,  -14,  -14,  -14,   -4,
     -18,  -19,  -21,  -21,   -2,  -39,   -5,   -3,   -2,  -24,   -1,  -27,   -1,  -22,  -26,   -8,
      -8,   -8,   -8,  -18,  -18,  -18,   -6,   -8,   -7,   -7,  -12,  -18,  -18,  -18,  -18,  -17,
     -19,  -19,  -19,    4,  -39,   -8,   -8,  -18,  -18,  -18,  -18,  -18,  -18,  -18,  -12,  -12,
     -12,    3,   -7,   -7,   -7,   -8,   -8,   -3,   -3,  -18,  -18,  -14,   -4,   -4,   -5,  -23,
     -19,  -19,  -19,  -39,   -5,   -5,  -12,  -17,   -8,  -13,  -18,   13,   -7,  -16,  -18,  -10,
     -14,  -19,  -19,   -8,   -8,  -18,  -18,  -12,  -18,   -7,  -18,  -16,  -18,  -38,  -39,  -39,
     -28,   -1,   -1,   -1,   -1,  -17,  -26,  -26,  -14,    1,  -15,   11,  -36,  -42,  -36,  -22,
     -12,   -1,   -1,  -33,  -10,  -21,   -2,  -22,  -22,    4,  -21,  -45,  -13,  -32,  -12,   -4,
       1,  -47,   21,  -46,  -20,  -40,   16,  -14,  -11,   12,  -36,  -36,  -36,  -43,  -25,  -37,
     -37,  -37,  -41,  -44,  -45,   -4,  -47,  -40,  -37,  -60,  -12,  -20,  -92,  -47,  -47,  -47,
     -79,  -46,  -83,  -19,  -43,  -14,  -21,   -4,  -85,  -46,  -91,  -90,  -46,  -72,  -37,  -37,
      33,  -86,  -47,  -93,  -46,  -46,  -83,  -46,  -84,  -46,  -84,  -40,  -68,  -40,   30,  -28,
     -28,  -25,  -51,  -11,   -1,    1,  -46,  -87,  -67,  -85,  -70,  -57,  -37,  -37,  -74,  -44,
     -45,  -83,  -70,  -46,  -86,  -47,  -90,   13,  -28,  -61,  -46,  -38,  -36,  -65,  -37,  -84,
     -94,  -91,  -89,  -48,  -82,  -29,  -91,  -62,  -88,  -80,  -44,  -87,  -42,  -36,  -36,    2,
       1,  -38,  -39,  -20,   -1,   -6,   -6,   -3,   -1,   -7,   -4,   -1,    1,   -2,  -15,   -4,
      -8,   -6,  -10,  -10,  -10,   -3,  -11,   -9,   -9,   -8,  -12,  -11,   -6,  -15,   -2,   -2,
      -2,   -8,   -8,   -8,   -8,   -3,   -2,   -2,   -2,   -2,   -2,   -9,   -9,   -9,  -12,   -2,
      -2,   -2,   -2,   -2,   -2,   -2,   -4,   -4,   -4,   -8,   -8,   -8,   -8,   -6,   -1,   -2,
      -2,  -10,   -3,   -5,   -3,  -11,   -9,   -9,   -9,  -12,  -11,  -11,   -4,   -2,   -2,   -2,
      -6,   -8,   -2,   -2,  -18,  -10,   -9,   -9,   -2,   -2,   -2,   -2,   -8,   -2,   -2,   -2,
     -12,  -12,  -12,   -1,   -1,   -1,   -4,  -15,  -15,   -3,    7,   -8,   -9,   10,  -26,  -13,
     -10,   -9,  -10,   -9,    7,    3,    4,   -9,   17,  -11,   16,   11,   25,    8,   -9,   -9,
      -9,   -2,   -4,   -3,   -3,   -9,   -2,   -2,  -13,   -7,   -9,   16,   -9,   -9,   -9,   -9,
      -8,  -11,  -11,    6,    2,    2,  -11,  -11,  -11,  -11,  -11,   -4,   -9,   -4,   13,   -9,
      -9,   -9,  -11,  -11,   -9,  -11,  -10,  -11,  -10,   10,    3,   25,    1,  -11,  -11,   -9,
       1,   -2,   -4,   -4,   -4,   -9,   -2,   -2,  -11,   -7,    6,  -11,   35,   -4,  -11,    4,
      -9,   -4,   -3,   -9,  -11,  -11,   18,  -11,  -11,    4,  -11,   -7,   -9,   -9,  -26,   16,
      16,  -12,  -15,    1,   -7,   -6,  -17,  -12,  -28,  -17,  -26,  -61,   -9,   -8,   -7,   -8,
      -8,   -8,   -7,   -8,   -6,   -6,   -6,    2,   -6,   -9,   -8,   -8,   -8,   -8,   -8,   -8,
      -8,   -6,   -8,   -8,   -8,   -8,   -7,   -8,  -17,   -7,   -8,   -8,   -8,   -6,   -8,   -8,
      -8,   -8,   -8,   -8,   -8,   -6,   -6,   -6,   -9,   -9,   -7,   -7,  -13,   10,    4,   35,
       4,   45,   35,    1,    4,    4,    4,   45,    4,   35,   35,  -26,   -4,   -2,  -28,    4,
     -19,    4,    1,    1,  -22,   -6,   -6,    9,   -6,  -26,  -11,  -39,  -19,  -39,  -24,  -11,
      -4,    1,  -15,   -7,  -14,  -15,  -18,  -16,  -13,   -6,  -11,  -15,  -26,   -4,  -15,  -15,
     -15,  -15,  -19,  -25,  -24,    4,    4,  -31,  -22,  -11,  -11,  -20,  -14,  -23,  -21,   -8,
     -11,   -3,  -10,  -11,   -3,   -1,  -25,  -14,  -33,  -19,  -15,  -51,  -12,  -28,  -10,   -7,
      -4,  -11,  -12,  -10,  -11,   -3,   -7,  -11,  -25,   -4,  -18,  -15,  -20,  -12,   -7,   -7,
     -13,   -3,  -15,   -7,  -16,   -3,   -3,   -3,   -3,  -15,  -16,  -39,  -22,   -4,  -47,   -2,
     -21,   -2,   -4,   -2,   -1,   -3,   -3,   -3,   -3,  -15,   -7,  -12,   -9,  -18,   -8,  -16,
      -6,   -2,  -20,    4,  -20,    4,    1,    1,  -18,   -6,   -7,   10,   -6,  -13,  -11,  -15,
     -12,  -15,  -15,  -12,  -15,  -13,  -15,  -14,  -17,  -12,   -6,  -12,  -15,  -13,  -15,  -15,
     -15,  -15,  -20,  -16,  -16,    4,    4,  -18,  -16,  -12,  -12,  -16,   -9,  -17,  -18,   -3,
      -7,   -3,   -4,   -6,   -3,   -2,  -20,  -16,  -33,  -20,   -5,  -46,   -6,  -26,   -6,   -2,
      -2,   -4,   -1,   -1,   -1,   -7,   -2,   -1,   -7,   -3,   -6,   -7,   -2,   -2,  -20,   -2,
      -4,   -4,  -14,  -11,  -18,   -9,   -6,   -6,    5,   32,   63,    7,   43,   66,   -9,  -16,
      -9,   56,    7,   -6,   35,    3,   -3,   25,   33,    3,   22,   41,   45,   59,   55,   41,
      57,   31,   48,   56,   -6,   -3,   10,   15,    1,    1,    1,    1,    1,   22,   47,   21,
      35,  -15,   58,   46,   43,  -15,   54,   36,   35,    3,   -6,   -6,  -10,   -5,    6,   -2,
      20,   47,   11,   33,   62,   -4,    2,   -5,   -1,    6,   -3,    5,    6,   13,   -9,   -7,
      -1,   -2,    5,    9,    8,   -4,    4,    5,   22,    2,   58,   35,   52,   50,   48,   11,
      49,   -7,    1,   10,    8,   20,   41,    2,    3,    5,    2,   10,   17,   -3,   38,    1,
      79,   44,   25,   -3,   41,    7,   12,    1,    1,   -7,   -1,   10,   38,    4,   21,   -5,
      25,    1,    8,    1,    5,  -16,   62,   58,   -9,   -9,   64,   59,   -7,   35,    9,   -4,
      13,   18,   -9,   -3,   17,   -5,   -3,   -4,   -3,   -8,   -2,   -4,   -3,   -4,   -9,   -8,
     -19,  -10,   -4,  -33,   -5,   17,   43,   -4,   -4,   22,    5,   29,    2,    2,   10,    1,
      -7,   -6,   -3,   -4,   -3,   22,   -4,   -4,   -4,   -4,   -4,   -4,   -4,   -4,   -4,   -4,
      -4,   -4,   -4,    1,    2,   -4,   -4,   -4,   -4,   -4,   -4,   -4,   -4,   -4,    5,    5,
       5,   -4,   29,   -4,   -4,   -4,   -9,    3,    2,    5,   -4,   -4,   -4,   -4,   -4,   -4,
      -4,   -4,   -4,   -4,   -4,   -4,   -4,   -4,   -4,    2,    2,    2,   -9,    2,    1,   15,
      15,   -1,    1,    1,    3,   22,   22,  -31,   -5,   -2,  -32,    2,  -15,    1,    1,    1,
     -24,   -6,   -8,    7,   -7,  -34,  -13,  -44,  -21,  -41,  -31,  -12,   -3,  -15,   -9,  -16,
     -12,  -22,  -13,  -15,   -7,  -12,  -15,  -34,   -3,  -15,  -15,  -15,  -15,  -15,  -30,  -29,
       1,    1,  -33,  -26,  -12,  -12,  -11,   -4,  -15,    1,  -17,    1,  -15,   -5,   -7,    1,
      -7,   -8,   -7,   -6,   -5,   -6,  -12,   -9,  -12,   -9,  -14,  -10,  -14,   -7,   -7,   -9,
     -12,   -8,  -12,  -12,  -12,  -12,  -17,  -12,  -11,    1,    1,  -15,  -12,   -9,   -9,   -1,
      -3,   -2,   -1,   -3,   -2,    1,    1,   -3,   -7,   -1,   -3,   -3,   -1,    1,   -3,    2,
      -3,   -3,   -3,  -30,   -4,   -3,  -22,  -23,  -18,   -4,   -4,  -10,  -12,  -36,  -17,   -3,
     -43,  -17,   -3,   -4,   -3,   -2,   -3,   -3,   -3,   -3,   -3,   -5,   -2,  -10,  -10,  -13,
     -15,   -9,   -4,   -3,   -3,   -3,   -3,   -4,   -4,   -4,   -2,   -2,   -2,   -2,   -4,   -4,
      -4,   -4,   -4,   -4,   -3,   -3,   -3,   -5,   -3,   -3,   -4,   -4,   -4,   -4,   -4,   -4,
      -4,   -3,   -3,   -3,   -2,   -2,   -2,   -2,   -5,   -4,   -4,   -3,   -3,  -10,   -3,   -3,
      -3,   -5,   -2,   -2,   -3,   -4,   -3,   -4,   -4,   -2,   -2,   -4,   -4,   -3,   -3,   -3,
      -3,   -4,   -4,   -4,   -4,   -2,   -4,   -4,   -4,   -5,   -5,   -5,  -46,  -28,  -27,  -25,
     -19,  -14,  -18,   -6,   -2,  -21,    1,  -18,    1,    1,    1,  -18,   -6,  -10,    6,   -9,
     -19,  -14,  -23,  -19,  -22,  -16,  -16,   -4,   -4,   -2,   -2,    1,  -19,   -5,  -13,  -14,
     -15,  -30,  -13,   -9,  -16,  -19,   -4,  -19,   -4,  -19,  -19,  -19,  -19,  -18,  -17,  -18,
       1,    1,  -20,  -18,  -16,  -16,  -23,  -12,  -32,  -22,   -6,  -10,   -4,   -8,  -10,   -4,
     -35,  -14,  -37,  -19,  -10,  -54,  -10,  -34,   -2,  -14,   -2,   -8,   -2,  -10,  -14,   -9,
     -10,   -4,  -14,  -10,   -2,   -2,  -35,   -8,   -2,   -2,  -22,  -18,  -22,  -14,  -14,  -14,
     -19,  -13,  -22,  -21,   -7,  -10,   -4,   -8,  -10,   -3,   -1,  -27,  -14,  -34,  -18,  -12,
     -52,  -11,  -19,   -8,   -9,   -5,  -10,  -12,   -9,  -10,   -3,   -9,  -10,  -27,   -5,  -18,
     -14,  -19,  -12,   -9,   -9,   -6,   -4,  -10,  -14,   -9,   -4,   -5,   -8,   -4,   -4,  -17,
     -19,  -42,  -28,  -54,   -7,  -10,    2,   22,   -7,   -9,   -4,   -9,   22,  -17,   -2,   -2,
     -13,   -2,  -13,  -13,   -2,  -32,  -20,  -32,   -9,   -3,  -31,  -14,  -33,  -16,  -14,   -4,
     -10,   -8,  -24,  -13,  -39,  -47,   -7,   -3,   -9,   -6,   -3,    3,    5,    1,    4,   -9,
     -13,  -17,  -28,   -6,   -6,   -6,   -6,   -3,   -3,   -3,    3,    3,    3,    3,   -3,   -3,
      -3,   -3,   -3,   -3,    4,    4,    4,   -6,   -6,   -3,   -3,   -3,   -3,   -3,   -3,   -3,
     -14,    3,    3,    3,    3,    5,   -8,   -3,   -3,  -10,    4,    4,    4,   -3,   -6,   -3,
      -3,    3,    3,   -3,   -3,    4,    4,   -6,   -6,   -3,   -3,   -3,   -3,    3,   -3,   -3,
      -3,  -20,  -32,  -32,   -2,  -14,   -1,   -2,  -16,   -8,  -18,   -4,   -6,   -2,   -4,   -6,
      -3,  -18,  -17,  -35,  -23,   -3,  -44,   -4,  -29,   -5,   -2,   -2,   -2,   -4,   -2,   -3,
      -2,   -2,   -7,   -7,   -7,   -2,   -4,   -6,   -5,   -3,   -4,   -4,   -2,   -4,   -4,  -18,
      -2,   -3,   -2,   -2,   -2,   -2,   -3,   -3,   -3,   -8,  -18,  -14,  -19,   -9,   -8,   -5,
      -5,   -2,   -2,   -9,   -5,   -7,   -1,   -1,   -8,  -12,  -25,  -17,  -35,   -1,   -2,   -5,
      -1,   -5,   -1,   -1,   -1,   -2,   -8,   -5,   -2,   -1,   -9,  -10,    1,  -26,   -5,  -29,
       4,  -19,    4,    1,    1,  -23,   -6,   -7,   10,   -7,  -29,  -12,  -41,  -20,  -39,  -30,
     -12,    1,  -15,   -8,  -15,  -14,  -21,  -16,  -14,   -7,  -12,  -15,  -29,  -15,  -15,  -15,
     -15,  -38,  -27,  -27,    4,    4,  -32,  -25,  -12,  -12,  -15,   -1,  -15,  -17,  -20,   -8,
     -12,   -4,   -1,  -11,  -12,   -3,   -3,  -22,  -15,  -33,  -20,  -20,  -51,  -14,  -14,  -10,
      -6,   -3,  -12,  -10,  -11,  -12,   -3,   -6,  -12,  -22,   -3,  -13,  -11,  -17,   -9,   -3,
      -6,   -6,  -15,   -1,  -14,  -17,  -20,   -8,  -11,   -4,  -10,  -11,   -4,   -3,  -22,  -15,
     -34,  -20,  -16,  -51,  -13,  -15,  -10,   -6,   -4,  -11,   -9,  -10,  -11,   -4,   -6,  -11,
     -22,   -4,  -14,  -11,  -18,  -10,   -6,   -6,  -10,   -3,  -13,  -19,  -15,   -1,   -3,   -1,
      -3,  -10,  -11,  -35,  -17,   -3,  -42,   -1,  -12,   -2,   -8,  -10,   -2,   -1,   -3,   -2,
      -1,   -4,  -10,   -2,   -2,   -2,   -2,  -19,   -9,   -7,  -18,   -6,   -3,   -9,  -10,  -14,
      -4,  -10,   -8,  -10,  -12,  -13,  -34,  -22,   -8,  -48,   -8,  -10,   -1,   -3,   -7,  -10,
     -10,  -12,   -3,   -2,  -12,   -2,   -3,   -2,  -20,   -5,   -1,  -19,  -13,  -18,   -4,   -4,
     -10,   -3,   -4,   -9,   -2,  -20,  -18,  -40,  -26,   -3,  -45,   -3,  -21,   -1,   -5,   -2,
      -3,   -2,   -2,  -14,   -5,   -8,  -10,  -11,  -11,   -7,   -4,   -9,   -5,   -1,   -1,   -1,
      -1,   -1,   -1,   -1,   -1,  -14,   -1,   -1,   -1,   -1,   -1,   -1,   -1,   -2,   -2,   -2,
      -4,   -6,   -1,   -1,  -20,   -3,  -14,   -5,   -5,   -2,   -1,   -1,   -1,   -1,   -1,   -1,
      -1,   -1,   -1,   -1,   -1,   -1,  -14,  -14,  -14,  -26,  -19,  -17,  -22,  -15,  -10,   -5,
      -5,    2,  -10,   -7,   -6,  -24,   -7,   -6,  -10,  -10,   -2,   -1,  -10,   -8,  -10,    3,
       3,    3,  -10,    9,  -12,   13,    3,   22,    2,  -10,  -10,  -10,   -2,   -2,  -10,   -3,
      -2,   -9,   -9,   -8,  -13,  -10,  -10,   13,  -10,  -10,  -10,  -10,  -10,  -12,  -12,    4,
     -12,  -12,  -12,  -12,  -12,  -10,  -10,  -10,    4,   -9,  -10,  -10,  -12,  -12,  -10,  -12,
     -12,  -12,  -12,    2,    2,   22,  -12,  -12,  -10,   -2,   -1,   -2,  -10,  -10,  -10,   -9,
      -9,   -9,  -12,   -8,   -2,  -12,   27,   -7,  -12,   -3,  -10,   -7,  -10,   -6,  -10,  -12,
     -12,   15,  -12,  -12,  -12,   -8,   -9,   -9,  -24,   -7,   -7,   13,   13,    5,    5,  -14,
      -9,  -14,   -9,   -9,  -12,  -13,   -9,   -9,  -13,  -10,  -13,   -7,   -9,  -25,  -14,  -29,
      13,   22,   -1,   13,   22,   -6,   -4,   -3,   -3,   13,   13,   -3,   -9,   -2,   -7,  -13,
      -9,  -12,  -10,  -15,  -12,   -3,  -20,  -13,  -24,  -12,    1,    3,    1,  -11,   -3,    1,
       1,    1,    1,    1,    1,    1,    1,    1,    1,    1,    3,   -3,    1,    1,    1,    1,
       1,    1,    1,    1,   -8,   -7,  -11,   -3,   -7,  -13,  -10,  -10,  -14,  -19,  -16,   -5,
      -3,   -5,   -3,   -2,  -14,  -18,  -35,  -24,  -40,   -2,   -8,   -8,   -8,   -1,   -6,   -6,
      -8,  -18,   -4,   -3,   -4,   -5,   -3,   -8,   -8,   -8,   -8,   -8,   -8,   -8,   -9,   -8,
      -8,   -8,   -8,   -8,   -6,   -8,   -8,   -8,   -8,   -8,   -8,   -8,   -8,   -8,   -1,   -1,
      -1,   -6,   -5,   -4,  -14,   -8,   -8,  -28,   -1,   -8,   -8,   -8,   -8,   -8,   -8,   -8,
      -8,   -8,   -8,   -8,   -8,   -8,   -8,   -8,  -19,  -10,   -8,   -8,   -4,   -7,  -13,  -46,
     -46,  -20,   -4,  -32,   -7,   -5,   -7,   -1,  -12,   -8,  -10,    3,    7,    8,    1,    7,
     -10,   -2,  -33,   -4,    3,    7,    7,    8,    7,    7,    7,    7,   -4,    7,    7,    7,
       7,   13,    7,    7,    7,    7,    8,    7,    7,    7,  -46,  -46,    3,    3,    1,  -13,
       1,    2,    6,    8,    1,    6,    2,    6,    6,    6,    6,    6,    6,    6,    6,    6,
       6,    6,    8,    1,    6,    6,    6,    6,    6,    6,    6,    6,    2,    2,    1,    1,
       7,    8,    7,    1,    7,    7,    7,    7,    7,    7,    7,    7,    7,    7,    7,    8,
       7,    7,    7,    7,    7,    7,    7,    7,    1,    1,  -18,  -14,   -9,  -19,  -17,  -11,
     -11,  -14,  -14,   -2,  -15,  -13,  -14,   -2,  -41,  -12,  -33,  -22,  -23,  -43,  -13,  -22,
     -14,  -14,  -18,   -9,   -9,   -9,   -6,  -14,  -11,   -6,   -5,   -8,   -8,  -18,  -14,   -2,
     -22,  -14,  -14,  -14,  -14,  -11,  -11,  -11,  -14,  -14,  -14,  -14,  -14,  -14,   -9,   -6,
      -6,  -41,  -14,  -11,  -11,  -11,   -8,   -8,  -14,  -14,   -9,   -9,  -11,  -11,  -14,  -22,
     -22,    1,    1,    2,    1,    1,    1,    1,    1,    1,    1,    1,    1,    1,    1,    1,
       1,    1,    1,    1,    2,    1,    1,    1,    1,    1,    1,    1,    1,    1,    1,    1,
     -10,   -2,   -7,  -37,  -18,  -35,  -10,  -10,  -12,  -12,  -28,  -16,  -17,   -7,  -10,  -15,
     -17,   -6,  -37,  -18,  -42,  -28,  -21,  -53,  -14,  -12,   -4,  -24,   -1,   -6,  -14,  -14,
      -5,  -10,  -10,  -10,   -8,  -18,  -11,   -7,   -7,   -7,   -2,   -9,  -13,   -8,   -2,  -22,
     -21,  -18,  -18,  -17,   -6,  -24,  -14,  -14,  -14,  -14,  -11,  -11,  -11,   -6,   -2,   -1,
      -1,   -1,   -6,  -17,  -14,  -14,  -14,  -14,  -14,  -10,   -8,   -8,  -74,  -18,  -11,  -11,
     -11,   -2,   -9,   -9,   -1,  -14,  -14,  -10,  -10,  -11,  -11,  -14,   -2,   -2,   -2,  -35,
     -33,  -10,  -10,  -34,  -24,  -24,   -7,  -31,  -33,   -2,  -12,  -14,  -14,  -20,  -24,  -26,
     -21,  -22,  -24,  -26,  -21,  -41,  -36,  -51,  -41,  -21,  -56,  -10,  -25,  -25,  -26,   30,
      -1,  -19,  -23,   41,  -21,  -22,  -22,  -22,  -19,  -22,  -23,  -21,  -20,  -18,  -17,  -20,
     -33,  -27,  -19,  -24,  -26,   30,  -25,  -25,  -25,  -25,  -26,  -26,  -26,  -23,  -23,  -23,
     -23,  -26,  -26,  -26,  -26,  -26,  -26,  -23,  -23,  -23,  -19,  -17,  -25,  -25,  -26,  -26,
     -26,  -26,  -26,  -26,  -26,   -1,   -1,   -1,  -19,  -24,  -23,  -23,  -23,  -23,   41,  -16,
     -28,  -26,  -26,  -22,  -19,  -19,  -40,  -22,  -23,  -23,  -23,  -17,  -20,  -20,   -1,  -26,
     -25,  -26,  -26,  -23,  -23,  -26,  -26,  -22,  -22,  -23,  -23,  -25,  -25,  -26,  -26,  -26,
     -26,  -23,  -26,  -26,  -26,  -17,  -17,  -17,  -29,  -28,  -12,  -12,  -28,   30,   30,  -16,
     -14,  -10,   -6,   -6,   -9,   -1,   -1,   -7,   -1,  -18,   -7,   -5,   -8,   -4,   -5,   -6,
      -5,  -18,  -26,  -24,  -52,   -6,   -1,  -12,    2,  -11,   -4,  -11,   -5,   -5,   -6,   -6,
      -6,   -6,  -10,  -11,  -20,  -12,  -24,  -24,  -26,  -18,  -10,  -28,  -10,  -10,   -9,   -7,
     -28,  -17,  -42,  -50,  -13,   -8,  -18,   -3,   -2,   -2,   -2,   -2,  -14,   -9,  -31,  -10,
      -3,   -2,   -2,  -10,   -2,   -2,   -9,   -2,   -9,   -5,  -24,  -24,  -14,   -4,   -3,   -3,
     -20,   -7,  -23,   -9,  -21,  -12,   -5,  -18,   -2,   -4,  -18,   -4,  -34,  -21,  -32,  -26,
      -2,  -32,   -4,  -16,   -3,  -23,   -5,   -9,  -12,  -11,  -11,  -11,   -1,  -14,  -10,  -12,
     -12,  -24,  -11,  -11,  -14,  -10,  -17,   -8,  -12,   -4,   -5,  -18,  -23,   -3,   -3,   -3,
      -9,   -9,   -9,   -9,   -3,   -3,   -3,   -3,   -3,  -10,  -10,  -10,  -24,   -3,   -3,   -3,
      -3,   -3,   -3,   -3,   -5,   -5,   -5,   -5,   -9,   -9,   -9,   -9,  -12,   -3,   -3,  -11,
      -1,   -1,  -34,  -14,  -10,  -10,  -10,  -24,  -11,  -11,   -5,   -3,   -3,   -3,   -9,   -9,
      -3,   -3,  -11,  -11,  -10,  -10,   -3,   -3,   -3,   -3,   -9,   -3,   -3,   -3,  -24,  -24,
     -24,   -9,  -19,  -22,  -21,  -20,  -23,  -23,  -49,   -4,   -2,  -28,    4,  -19,    4,    1,
       1,  -22,   -6,   -6,    9,   -6,  -26,  -11,  -39,  -19,  -39,  -24,  -11,   -4,    1,  -15,
      -7,  -14,  -15,  -18,  -16,  -13,   -6,  -11,  -15,  -26,   -4,  -15,  -15,  -15,  -15,  -19,
     -25,  -24,    4,    4,  -31,  -22,  -11,  -11,  -26,   -4,   -2,  -28,    4,  -19,    4,    1,
       1,  -22,   -6,   -6,    9,   -6,  -26,  -11,  -39,  -19,  -39,  -24,  -11,   -4,    1,  -15,
      -7,  -14,  -15,  -18,  -16,  -13,   -6,  -11,  -15,  -26,   -4,  -15,  -15,  -15,  -15,  -19,
     -49,  -49,    4,    4,  -31,  -22,  -11,  -11,  -26,   -4,   -2,  -25,    4,  -19,    4,    1,
       1,  -22,   -6,   -6,    9,   -6,  -26,  -11,  -39,  -19,  -39,  -24,  -11,   -4,    1,  -15,
      -7,  -14,  -15,  -18,  -16,  -13,   -6,  -11,  -15,  -26,   -4,  -15,  -15,  -15,  -15,  -19,
     -47,  -24,    4,    4,  -31,  -22,  -11,  -11,  -13,   -3,  -15,   -7,  -16,   -3,   -3,   -3,
      -3,  -15,  -16,  -39,  -22,   -4,  -47,   -2,  -21,    4,    5,   -2,   -4,   -2,   -1,   -3,
      -3,   -3,    4,   -3,    5,  -15,   -7,  -12,   -9,  -18,   -8,    4,    4,  -28,   -9,  -17,
     -18,   -3,   -7,   -3,   -4,   -6,   -3,   -2,  -20,  -16,  -33,  -20,   -5,  -46,   -6,  -26,
      -6,   -2,   -2,   -4,   -1,   -1,   -1,   -7,   -2,   -1,   -7,   -3,   -6,   -7,   -2,   -2,
     -20,   -2,   -4,   -4,  -14,  -21,  -18,   -9,   -6,   -6,  -16,   -9,  -17,  -18,   -3,   -7,
      -3,   -4,   -6,   -3,   -2,  -20,  -16,  -33,  -20,   -5,  -46,   -6,  -26,   -6,   -2,   -2,
      -4,   -1,   -1,   -1,   -7,   -2,   -1,   -7,   -3,   -6,   -7,   -2,   -2,  -20,   -2,   -4,
      -4,  -27,  -22,  -18,   -9,   -6,   -6,  -30,   -9,  -13,  -18,   -3,   -7,   -3,   -4,   -6,
      -3,   -2,  -20,  -16,  -33,  -20,   -5,  -46,   -6,  -26,   -6,   -2,   -2,   -4,   -1,   -1,
      -1,   -7,   -2,   -1,   -7,   -3,   -6,   -7,   -2,   -2,  -20,   -2,   -4,   -4,  -25,  -22,
     -18,   -9,   -6,   -6,  -22,   -4,  -16,    1,  -17,    1,  -15,   -5,   -7,    1,   -7,   -8,
      -7,   -6,   -5,   -6,  -12,   -9,  -12,   -9,  -14,  -10,  -14,   -7,   -7,   -9,  -12,   -8,
     -12,  -12,  -12,  -12,  -17,  -24,  -11,    1,    1,  -15,  -12,   -9,   -9,    1,    2,   -4,
       1,   -4,    1,  -17,    1,    2,   -5,   -7,    1,   -7,   -8,   -7,   -6,   -5,   -6,  -12,
       5,   18,   -9,   12,    8,  -12,    3,   -9,  -14,   -8,  -14,   -7,   -7,   -9,    5,    1,
      13,  -12,   12,   -8,  -12,  -12,  -12,  -12,  -17,  -21,   -2,    1,    1,  -15,  -12,   -9,
      -9,   -9,   -4,    1,    1,  -17,    1,  -14,   -5,   -7,    1,   -7,   -8,   -7,   -6,   -5,
      -6,  -12,   -9,  -12,   -9,  -14,    9,  -14,   -7,   -7,   -9,    1,  -12,   -8,  -12,  -12,
     -12,  -12,  -17,  -19,    1,    1,  -15,  -12,   -9,   -9,   -2,   -4,   20,    1,  -17,    1,
       2,   -5,   -7,    1,   -7,   -8,   -7,   -6,   -5,   -6,  -12,    9,   -9,    5,    1,  -12,
      -9,  -14,    9,  -14,   -7,   -7,   -9,    5,  -12,    5,   -8,  -12,  -12,  -12,  -12,  -17,
       1,   -7,    1,    1,  -15,  -12,   -9,   -9,  -11,  -10,  -15,  -15,   -6,  -10,   -3,   -8,
     -10,   -2,  -13,  -13,  -20,  -16,  -11,  -23,   -8,   -8,   -5,   -4,   -3,   -1,   -1,   -7,
      -6,   -8,  -10,   -2,   -5,  -10,   -4,   -4,  -13,   -3,   -1,   -1,  -11,   -9,  -13,   -9,
      -5,   -5,  -43,  -12,  -32,  -22,   -6,  -10,   -4,   -8,  -10,   -4,  -35,  -14,  -37,  -19,
     -10,  -54,  -10,  -34,   -2,  -14,   -2,   -8,   -2,  -10,  -14,   -9,  -10,   -4,  -14,  -10,
      -2,   -2,  -35,   -8,   -2,   -2,  -22,  -36,  -22,  -14,  -14,  -14,  -23,  -12,  -32,  -22,
      -6,  -10,   -4,   -8,  -10,   -4,  -35,  -14,  -37,  -19,  -10,  -54,  -10,  -34,   -2,  -14,
      -2,   -8,   -2,  -10,  -14,   -9,  -10,   -4,  -14,  -10,   -2,   -2,  -35,   -8,   -2,   -2,
     -43,  -36,  -22,  -14,  -14,  -14,  -46,  -12,  -32,  -22,   -6,  -10,   -4,   -8,  -10,   -4,
     -35,  -14,  -37,  -19,  -10,  -54,  -10,  -34,   -2,  -14,   -2,   -8,   -2,  -10,  -14,   -9,
     -10,   -4,  -14,  -10,   -2,   -2,  -35,   -8,   -2,   -2,  -22,  -18,  -22,  -14,  -14,  -14,
     -46,  -12,  -27,  -22,   -6,  -10,   -4,   -8,  -10,   -4,  -35,  -14,  -37,  -19,  -10,  -54,
     -10,  -34,   -2,  -14,   -2,   -8,   -2,  -10,  -14,   -9,  -10,   -4,  -14,  -10,   -2,   -2,
     -35,   -8,   -2,   -2,  -40,  -36,  -22,  -14,  -14,  -14,  -46,  -12,  -32,  -22,   -6,  -10,
      -4,   -8,  -10,   -4,  -35,  -14,  -37,  -19,  -10,  -54,  -10,  -34,   -2,  -28,   -2,  -16,
      -2,  -10,  -14,   -9,  -10,   -4,  -28,  -10,   -2,   -2,  -35,  -16,   -2,   -2,  -42,  -36,
     -22,  -14,  -28,  -28,  -17,   -1,  -37,  -14,  -44,  -19,  -21,   -1,   -7,  -15,   -4,  -20,
     -28,  -12,  -13,  -27,  -16,   -6,  -24,    2,  -24,  -10,  -43,  -24,  -39,  -26,  -46,   -1,
     -34,    1,   -7,  -10,  -12,  -23,   -8,  -10,    1,  -13,  -13,  -13,   -4,  -17,  -13,  -18,
     -17,  -56,   -4,  -20,  -28,  -21,  -32,  -18,  -25,  -42,  -23,   -7,   -7,   -7,   -7,  -12,
     -12,  -12,  -10,  -10,  -10,  -10,  -11,  -12,  -12,  -12,  -12,  -22,  -13,  -13,  -13,  -56,
      -7,   -7,  -12,  -12,  -12,  -12,  -12,  -12,  -12,   -8,   -8,   -8,  -10,  -10,  -10,  -10,
       1,   -6,   -9,  -12,  -12,  -13,   -4,   -4,  -43,  -17,  -13,  -13,  -13,  -56,   -4,   -4,
      -8,  -22,   -7,  -12,  -12,  -10,  -10,  -12,  -12,  -13,  -13,  -13,  -13,   -7,   -7,  -12,
     -12,  -12,  -12,  -10,  -12,  -12,  -12,  -56,  -56,  -56,  -19,  -41,  -43,  -38,  -35,  -15,
     -23,  -22,  -26,   -5,   -2,  -28,    7,  -19,    7,    1,    1,  -22,   -6,   -6,    9,   -6,
     -26,  -11,  -39,  -19,  -39,  -24,    1,   23,   -4,  -29,   -8,  -14,  -15,  -18,  -16,  -13,
      -6,    1,  -29,   23,  -26,   -4,  -29,  -29,  -29,  -29,  -19,  -25,  -24,    7,    7,  -31,
     -22,    1,    1,  -22,   -3,  -14,   -7,  -15,   -3,   -3,   -3,   -3,  -15,  -16,  -39,  -22,
      -4,  -47,   -2,  -21,    1,   -2,   -4,   -2,   -1,   -3,   -3,   -3,   -3,  -15,   -7,  -23,
     -16,  -18,   -8,  -27,   -3,  -15,   -7,  -16,   -3,   -3,   -3,   -3,  -15,  -16,  -39,  -22,
      -4,  -47,   -2,  -21,   -2,   -4,   -2,   -1,   -3,   -3,   -3,   -3,  -15,   -7,  -21,  -18,
     -18,   -8,  -25,   -3,  -15,   -7,  -16,   -3,   -3,   -3,   -3,  -15,  -16,  -39,  -22,   -4,
     -47,   -2,  -21,   -2,   -4,   -2,   -1,   -3,   -3,   -3,   -3,  -15,   -7,  -12,  -18,  -18,
      -8,    1,   11,   29,   34,   33,  -20,   26,   36,   49,   44,    3,    5,   40,    1,    1,
       1,    3,    1,    1,  -13,   31,    2,  -15,    7,    3,    3,    3,    3,   44,  -13,   44,
       3,    3,    3,    3,    5,    1,    3,  -13,    6,    3,    3,    1,    1,    3,  -13,  -13,
     -13,  -20,   10,   20,    1,  -25,   -6,   -2,   -1,    4,  -20,    4,    1,    1,   -5,   -6,
      -7,   10,   -6,  -13,  -11,  -15,  -12,  -15,  -15,    2,  -12,    2,    1,  -15,   -5,  -13,
     -15,   -5,  -17,  -12,   -6,  -12,    2,  -15,    2,  -13,  -15,  -15,  -15,  -15,  -20,  -17,
     -30,    4,    4,  -18,  -16,  -12,  -12,  -16,   -9,  -14,  -18,   -3,   -7,   -3,   -4,   -6,
      -3,   -2,  -20,  -16,  -33,  -20,   -5,  -46,   -6,  -26,   -6,   -2,   -2,   -4,   -1,   -1,
      -1,   -7,   -2,   -1,   -7,   -3,   -6,   -7,   -2,   -2,  -20,   -2,   -4,   -4,  -28,  -11,
     -18,   -9,   -6,   -6,  -30,   -9,  -15,  -18,   -3,   -7,   -3,   -4,   -6,   -3,   -2,  -20,
     -16,  -33,  -20,   -5,  -46,   -6,  -26,   -6,   -2,   -2,   -4,   -1,   -1,   -1,   -7,   -2,
      -1,   -7,   -3,   -6,   -7,   -2,   -2,  -20,   -2,   -4,   -4,  -29,  -22,  -18,   -9,   -6,
      -6,   -3,   -1,   -1,   -1,    2,   -1,   -1,   -1,   -1,   -1,   -1,   -1,   -2,   -7,   -7,
       2,   -1,   -1,   -1,   -1,   -2,   -2,   -2,   -7,   -1,   -1,   -1,   -1,   -1,   -1,   -1,
      -1,   -1,   -1,   -2,   -2,   -2,   -7,   -7,   -7,   -1,   -1,   -1,   -1,   -1,   -2,   -2,
       1,   -1,    1,   -7,   -7,   -7,    2,    2,  -16,   -9,  -17,  -18,   -3,   -7,   -3,   -4,
      -6,   -3,   -2,  -20,  -16,  -33,  -20,   -5,  -46,   -6,  -26,    2,   16,   -2,   -2,   -4,
      -1,   -1,   -1,   -7,   -2,   -1,   -7,   -3,    2,   -7,   16,   -2,   -2,  -20,   -2,   -4,
      -4,  -14,  -11,  -18,   -9,    2,    2,  -30,   -9,  -17,  -18,   -3,   -7,   -3,   -4,   -6,
      -3,   -2,  -20,  -16,  -33,  -20,   -5,  -46,   -6,  -26,   -6,   -2,   -2,   -4,   -1,   -1,
      -1,   -7,   -2,   -1,   -7,   -3,   -6,   -7,   -2,   -2,  -20,   -2,   -4,   -4,  -14,  -22,
     -18,   -9,   -6,   -6,   -8,  -15,   -6,   -7,   -7,   -7,   -5,   -5,  -10,    5,  -11,  -13,
     -10,    1,   -5,   -5,    1,   -8,   -8,   -8,   -7,  -11,   -7,   -8,   -7,  -16,   -9,  -17,
     -14,   -8,   -5,  -13,  -10,  -10,  -10,  -10,  -11,  -11,  -11,   -9,  -10,   -5,   -5,   -8,
     -11,  -11,  -11,  -11,  -11,   -7,   -7,   -7,    2,  -16,  -10,  -10,  -11,  -11,  -11,  -11,
     -11,  -11,  -11,  -10,  -10,  -10,    3,   -5,   -5,   -5,  -10,   -5,   -1,  -11,  -11,   -8,
     -13,  -12,  -11,   -7,   -7,   -7,  -16,   -9,   -9,  -10,  -11,  -10,  -21,  -11,    4,   -5,
     -22,  -11,  -16,   -8,   -7,   -7,  -10,  -10,  -11,  -11,  -20,  -11,   -5,  -11,  -22,  -11,
     -16,  -16,  -16,  -15,  -13,  -13,   -7,   -4,    7,    1,  -17,    1,   -3,   -5,   -7,    1,
      -7,   -8,   -7,   -6,   -5,   -6,  -12,    9,   -9,    5,  -12,   -9,  -14,   -5,  -14,   -7,
      -7,   -9,    5,  -12,    5,   -8,  -12,  -12,  -12,  -12,  -17,  -13,  -11,    1,    1,  -15,
     -12,   -9,   -9,  -12,   -4,   10,    1,  -17,    1,   -7,   -5,   -7,    1,   -7,   -8,   -7,
      -6,   -5,   -6,  -12,    4,   -9,    1,    1,  -12,   -9,  -14,   -2,  -14,   -7,   -7,   -9,
       1,  -12,    1,   -8,  -12,  -12,  -12,  -12,  -17,  -10,  -15,    1,    1,  -15,  -12,   -9,
      -9,   -8,   -4,    2,    1,  -17,    1,   -7,   -5,   -7,    1,   -7,   -8,   -7,   -6,   -5,
      -6,  -12,    2,    7,   -9,  -12,   -9,  -14,   -8,  -14,   -7,   -7,   -9,  -12,   -8,  -12,
     -12,  -12,  -12,  -17,  -21,  -14,    1,    1,  -15,  -12,   -9,   -9,   -8,  -15,   -6,   -7,
      -7,   -7,   -5,   -5,  -10,    5,  -11,  -20,  -10,    1,   -5,   -4,    1,   -8,   -8,   -8,
      -7,  -11,   -7,   -8,   -7,  -16,   -9,  -17,  -14,   -8,   -5,  -20,  -10,  -10,  -10,  -10,
     -11,  -11,  -11,   -9,  -10,   -5,   -5,   -8,  -11,  -11,  -11,  -11,  -11,   -7,   -7,   -7,
       2,  -16,  -10,  -10,  -11,  -11,  -11,  -11,  -11,  -11,  -11,  -10,  -10,  -10,    1,   -5,
      -5,   -5,  -10,   -4,   -1,  -11,  -11,   -8,  -13,  -12,  -11,   -7,   -7,   -7,  -16,   -9,
      -9,  -10,  -11,  -10,  -21,  -11,    4,   -5,  -22,  -11,  -16,   -8,   -7,   -7,  -10,  -10,
     -11,  -11,  -20,  -11,   -5,  -11,  -22,  -11,  -16,  -16,  -16,  -15,  -20,  -20,  -11,   -4,
     -15,    1,  -17,    1,  -15,   -5,   -7,    1,   -7,   -8,   -7,   -6,   -5,   -6,  -12,  -13,
       5,  -12,   -9,  -14,  -10,  -14,   -7,   -7,  -13,  -12,    5,   -8,  -12,  -12,  -12,  -12,
     -17,  -12,  -11,    1,    1,  -15,  -12,  -13,  -13,    8,    8,   -1,   -3,   -2,   -1,   -3,
      -2,    1,   -3,   16,   -7,   -1,   -3,   -3,   -1,    1,   -3,    2,   -3,   -3,   -3,   18,
       1,  -18,   -6,   -2,  -21,    1,  -18,    1,    1,    1,  -18,   -6,  -10,    6,   -9,  -19,
     -14,  -23,  -19,  -22,  -16,  -16,   -3,   -4,   -2,   -2,    1,  -19,   -5,  -13,  -14,  -15,
     -30,  -13,   -9,  -16,  -19,   -3,  -19,   -4,  -19,  -19,  -19,  -19,  -18,  -17,  -18,    1,
       1,  -20,  -18,  -16,  -16,  -28,  -81,  -29,    5,    5,   -1,   -1,   -5,  -28,  -16,    5,
       5,  -23,   -5,    2,   -5,   -1,  -78,  -20,  -20,  -46,  -70,  -20,    2,  -24,    1,   -9,
     -21,    1,  -11,  -11,  -11,  -13,  -10,  -12,  -11,  -24,   -7,   -2,  -15,    3,  -38,  -11,
      -5,  -24,   -9,   -9,   -9,   -9,  -10,  -10,  -10,    1,  -24,    1,   -9,   -9,   -9,   -9,
     -21,  -11,  -78,  -13,  -10,  -10,  -10,  -24,   -7,   -7,   -9,   -9,  -11,  -11,  -10,  -10,
      -9,  -24,  -24,  -24,  -82,  -76,    5,    5,  -45,  -44,  -24,  -24,    7,   23,   27,   28,
     -18,   19,   29,   42,   -6,   37,    1,    3,   33,    2,  -14,   24,    1,  -14,    3,   -6,
       1,    1,    1,    1,   37,  -14,    4,   37,    1,    1,    1,    1,    3,    8,    2,  -14,
       5,    1,    1,    1,  -14,  -14,  -14,  -18,    5,   14,   -6,   -6,  -13,   -5,   -1,  -14,
     -17,  -14,   -2,   -1,  -13,   -6,   -2,   -3,   -2,   -2,   -2,   -2,  -17,  -12,  -11,  -60,
      -5,   -2,  -32,    2,  -15,    1,    1,    1,  -24,   -6,   -8,    7,   -7,  -34,  -13,  -44,
     -21,  -41,  -31,  -12,   -3,  -15,   -9,  -16,  -12,  -22,  -13,  -15,   -7,  -12,  -15,  -34,
      -3,  -15,  -15,  -15,  -15,  -15,  -30,  -29,    1,    1,  -33,  -26,  -12,  -12,   -7,    2,
     -10,  -13,  -10,   -4,   -6,   -6,   -5,  -11,   -7,   -4,   -3,   -4,   -3,  -10,   10,  -11,
      -9,  -10,    6,   -3,   -3,    2,   -6,   -6,   -6,  -14,   -9,   -5,   -6,   -6,   -6,  -12,
     -15,  -15,  -11,  -15,   -4,   -3,   -9,  -10,  -10,  -10,  -10,  -11,  -11,  -11,   -4,   -7,
      -3,   -5,   -7,  -11,  -11,  -11,  -11,  -11,   -5,   -5,   -5,   12,  -12,  -10,  -10,  -11,
     -11,  -11,  -11,  -11,  -11,  -11,  -10,  -10,  -10,   10,   -3,   -3,   -3,   -7,   -3,  -11,
     -11,   -6,  -27,  -26,  -23,   -5,   -5,   -5,  -12,  -15,  -15,  -10,  -11,  -10,  -19,  -11,
      12,   -3,  -21,  -11,  -11,   -6,   -5,   -5,  -10,  -10,  -11,  -11,  -18,  -11,   -3,  -11,
     -21,  -11,  -12,  -12,  -12,  -13,  -10,  -10,   -9,   -9,  -13,   -4,  -14,  -18,   -3,    4,
      -6,   -9,   -3,    4,  -12,   -9,   -3,   -3,  -23,  -12,  -29,  -22,   -6,  -10,   -4,   -8,
     -10,   -4,  -35,  -14,  -37,  -19,  -10,  -54,  -10,  -34,   -2,  -14,   -2,   -8,   -2,  -10,
     -14,   -9,  -10,   -4,  -14,  -10,   -2,   -2,  -35,   -8,   -2,   -2,  -22,  -18,  -22,  -14,
     -14,  -14,  -26,  -12,  -22,  -15,   -6,  -10,   -4,   -8,  -10,   -4,  -35,  -14,  -37,  -19,
     -10,  -54,  -10,  -34,    1,    2,  -14,   -2,   -8,   -2,   -8,  -14,   -9,  -10,   -4,  -14,
     -10,   -2,   -2,  -35,   -8,   -2,   -2,  -40,  -27,  -22,  -14,  -14,  -14,  -23,   -1,   -2,
     -13,   -8,  -15,   -4,   -6,   -2,   -4,   -6,   -3,  -18,  -17,  -35,  -23,   -3,  -44,   -4,
     -29,   -5,   -2,   -2,   -2,   -4,   -2,   -3,   -2,   -2,   -7,   -7,   -7,   -2,   -4,   -6,
      -5,   -3,   -4,   -4,   -2,   -4,   -4,  -18,   -2,   -3,   -2,   -2,   -2,   -2,   -3,   -3,
      -3,   -8,  -18,  -24,  -19,   -9,   -8,   -5,   -5,  -28,   -1,   -2,  -16,   -8,  -18,   -4,
      -6,   -2,   -4,   -6,   -3,  -18,  -17,  -35,  -23,   -3,  -44,   -4,  -29,   -5,   -2,   -2,
      -2,   -4,   -2,   -3,   -2,   -2,   -7,   -6,   -7,   -2,   -4,   -6,   -5,   -3,   -4,   -4,
      -2,   -4,   -4,  -18,   -2,   -3,   -2,   -2,   -2,   -2,   -3,   -3,   -3,   -8,  -30,  -28,
     -19,   -9,   -8,   -5,   -5,  -14,   -1,   -2,  -16,   -8,  -18,   -4,   -6,   -2,   -4,   -6,
      -3,  -18,  -17,  -35,  -23,   -3,  -44,   -4,  -29,   -5,    5,   -2,   -2,   -2,   -4,   -2,
      -3,   -2,   -2,   -7,   -7,   -7,   -2,   -4,   -6,   -5,   -3,   -4,    5,   -4,   -2,   -4,
      -4,  -18,   -2,   -3,   -2,   -2,   -2,   -2,   -3,   -3,   -3,   -8,  -18,  -14,  -19,   -9,
      -8,   -5,   -5,  -25,   -1,   -2,  -14,   -8,  -17,   -4,   -6,   -2,   -4,   -6,   -3,  -18,
     -17,  -35,  -23,   -3,  -44,   -4,  -29,   -5,   -2,   -2,   -2,   -4,   -2,   -3,   -2,   -2,
      -7,   -7,   -7,   -2,   -4,   -6,   -5,   -3,   -4,   -4,   -2,   -4,   -4,  -18,   -2,   -3,
      -2,   -2,   -2,   -2,   -3,   -3,   -3,   -8,  -18,  -27,  -19,   -9,   -8,   -5,   -5,   -2,
      -2,   -9,   -5,   -7,   -1,   -1,   -8,  -12,  -25,  -17,  -35,   -1,   -2,    5,   -5,   -1,
      -5,   -1,   -1,   -1,    5,   -2,   -8,   -5,   -2,   -1,   -9,  -10,    3,    8,    4,    3,
      -5,    1,   -1,   -1,   -8,  -12,  -25,  -17,  -35,   -1,   -2,    7,   14,    1,    8,    1,
       5,    1,    1,    4,   -5,    3,   -5,   -1,   -1,    1,    8,    8,   -1,    1,   -2,    2,
      -8,    1,    1,   -5,    3,    7,   -9,  -10,    1,    1,  -28,  -11,    2,  -71,  -64,  -71,
     -16,  -17,   -1,   -4,   -7,  -36,   -1,  -35,   -1,   -3,  -51,    1,  -36,   -1,  -24,   -2,
      -1,  -15,  -15,  -15,  -20,   -2,  -16,   -7,  -15,   -9,  -16,  -22,  -60,  -30,   -7,  -54,
      -1,   -1,  -51,  -51,  -51,  -51,  -33,  -34,  -32,   -1,   -6,   -2,   -4,  -36,  -36,  -36,
     -35,  -36,  -16,  -16,  -16,    1,  -15,  -51,  -51,  -32,  -36,  -34,  -34,  -34,  -36,  -35,
     -21,  -21,  -24,    4,   -2,   -2,   -2,  -10,    1,  -36,  -36,  -15,  -15,  -17,   -5,  -16,
     -16,  -16,  -16,  -22,  -21,  -23,  -36,  -48,  -27,  -33,    7,   -2,  -30,  -36,   -9,  -14,
     -13,  -16,  -44,  -51,  -36,  -34,  -21,  -34,   -2,  -36,  -24,  -36,  -15,  -16,  -16,  -64,
       1,  -71,  -71,  -18,   -1,   -1,    1,  -49,   -5,  -28,    4,  -19,    4,    1,    1,  -23,
      -6,   -7,   10,   -7,  -29,  -12,  -41,  -20,  -39,  -30,  -12,    1,  -15,   -8,  -15,  -14,
     -21,  -16,  -14,   -7,  -12,  -15,  -29,  -15,  -15,  -15,  -15,  -38,  -54,  -50,    4,    4,
     -32,  -25,  -12,  -12,  -26,   -5,   -2,  -29,    8,  -19,    4,    1,    1,  -23,   -6,   -7,
      10,   -7,  -29,  -12,  -41,  -20,  -39,  -30,   -1,   23,    1,  -28,   -8,  -15,  -14,  -21,
     -16,  -14,   -7,   -1,  -28,   23,  -29,  -28,  -28,  -28,  -28,  -38,  -27,  -27,    8,    8,
     -32,  -25,   -1,   -1,   -2,  -37,   -5,   -1,  -19,  -13,  -18,   -4,   -4,  -10,   -3,   -4,
      -9,   -2,  -20,  -18,  -40,  -26,   -3,  -45,   -3,  -21,   -1,   -5,   -2,   -3,   -2,   -2,
     -14,   -5,   -8,  -10,  -11,  -11,   -7,   -4,   -9,   -5,   -1,   -1,   -1,   -1,   -1,   -1,
      -1,   -1,  -14,   -1,   -1,   -1,   -1,   -1,   -1,   -1,   -2,   -2,   -2,   -4,   -6,   -1,
      -1,  -20,   -3,  -14,   -5,   -5,   -2,   -1,   -1,   -1,   -1,   -1,   -1,   -1,   -1,   -1,
      -1,   -1,   -1,  -14,  -14,  -14,  -26,  -19,  -17,  -22,  -15,  -10,   -5,   -5,   -6,   -6,
      -6,   -8,   -6,   -8,   -1,   -1,   -3,   -1,  -10,   -1,  -15,   -6,   -2,   -4,   -3,   -6,
      -6,   -2,   -1,   -7,  -13,    3,   18,   -6,   22,   26,  -20,  -17,  -20,  -11,  -11,   21,
     -18,    3,  -13,    1,   12,    2,   19,   14,    4,   16,    2,   20,  -10,   34,  -11,   -7,
     -10,   28,   25,   -9,   -9,   -9,  -15,  -10,   -7,  -10,  -10,  -11,  -13,  -16,   22,  -19,
     -21,    3,   -7,  -10,  -10,  -10,  -10,  -11,  -11,  -11,  -20,  -11,  -11,  -11,  -11,   -7,
      -7,   -7,   28,  -13,  -10,  -10,  -11,  -11,  -11,  -11,  -11,  -11,  -11,  -10,  -10,  -10,
      28,    3,  -11,  -11,   -9,  -15,  -15,   12,  -10,   -7,   -7,   -7,  -13,  -16,  -16,  -10,
     -11,  -10,  -11,  -11,  -11,  -11,   -9,   -9,   -7,   -7,  -10,  -10,  -11,  -11,  -11,  -11,
      -1,  -11,   32,  -11,  -13,  -13,  -13,  -17,   10,  -20,  -20,   -7,   -7,   -1,  -21,    1,
       1,    1,   -7,  -14,    1,   -7,    1,   -7,   -7,   -7,   -7,  -21,    1,  -23,  -12,  -32,
     -22,   -6,  -10,   -4,   -8,  -10,   -4,  -35,  -14,  -37,  -19,  -10,  -54,  -10,  -34,   -2,
     -14,    1,   -2,   -8,   -2,  -10,  -14,   -9,  -10,   -4,  -14,  -10,    1,   -2,   -2,  -35,
      -8,   -2,   -2,  -22,  -18,  -22,  -14,  -14,  -14,  -44,  -12,  -32,  -22,   -6,  -10,   -4,
      -8,  -10,   -4,  -35,  -14,  -37,  -19,  -10,  -54,  -10,  -34,   -2,  -28,   -2,  -16,   -2,
     -10,  -14,   -9,  -10,   -4,  -28,  -10,   -2,   -2,  -35,  -16,   -2,   -2,  -42,  -36,  -22,
     -14,  -28,  -28,  -22,   -4,  -15,    1,  -17,    1,  -15,   -5,   -7,    1,   -7,   -8,   -7,
      -6,   -5,   -6,  -12,   -9,  -12,   -9,  -14,  -10,  -14,   -7,   -7,   -9,  -12,   -8,  -12,
     -12,  -12,  -12,  -17,  -23,  -23,    1,    1,  -15,  -12,   -9,   -9,  -14,   -4,    4,    1,
     -17,    1,  -11,   -5,   -7,    1,   -7,   -8,   -7,   -6,   -5,   -6,  -12,   -9,  -12,   -9,
     -14,    4,  -14,   -7,   -7,   -9,  -12,   -8,  -12,  -12,  -12,  -12,  -17,   -6,  -20,    1,
       1,  -15,  -12,   -9,   -9,  -23,  -12,  -32,  -22,   -6,  -10,   -4,   -8,  -10,   -4,  -35,
     -14,  -37,  -19,  -10,  -54,  -10,  -34,   -2,  -14,   -2,   -8,   -2,  -10,  -14,   -9,  -10,
      -4,  -14,  -10,   -2,   -2,  -35,   -8,   -2,   -2,  -22,  -36,  -22,  -14,  -14,  -14,  -14,
      -1,   -2,  -16,   -8,  -18,   -4,   -6,   -2,   -4,   -6,   -3,  -18,  -17,  -35,  -23,   -3,
     -44,   -4,  -29,   -5,    3,   -2,   -2,   -2,   -4,   -2,   -3,   -2,   -2,   -7,   -7,   -7,
      -2,   -4,   -6,   -5,   -3,   -4,    3,   -4,   -2,   -4,   -4,  -18,   -2,   -3,   -2,   -2,
      -2,   -2,   -3,   -3,   -3,   -8,  -18,  -14,  -19,   -9,   -8,   -5,   -5,  -36,   -4,    4,
     -22,    4,  -19,    4,    1,    1,  -17,   -6,   -6,    9,   -6,  -26,  -11,  -39,  -19,  -39,
     -24,    5,    1,  -11,   -4,    1,  -15,    4,   -7,  -14,  -15,  -18,  -16,  -13,   -6,  -11,
     -15,  -26,   -4,  -15,  -15,  -15,  -15,  -19,  -49,  -40,    4,    4,  -31,  -22,  -11,  -11,
     -30,   -4,    2,  -19,    4,  -19,    4,    1,    1,  -16,   -6,   -6,    9,   -6,  -26,  -11,
     -39,  -19,  -39,  -24,    3,    5,  -11,    4,    3,   -4,    1,  -15,    2,   -7,  -14,  -15,
     -16,  -16,  -13,   -6,  -11,    4,  -15,    4,  -26,   -4,  -15,  -15,  -15,  -15,  -19,  -44,
     -37,    4,    4,  -31,  -22,  -11,  -11,  -32,   -9,  -15,  -18,   -3,   -7,   -3,   -4,   -6,
      -3,   -2,  -20,  -16,  -33,  -20,   -5,  -46,   -6,  -26,   -6,   -2,   -2,   -4,   -1,   -1,
      -1,   -7,   -2,   -1,   -7,   -3,   -6,   -7,   -2,   -2,  -20,   -2,   -4,   -4,  -29,  -22,
     -18,   -9,   -6,   -6,    1,   -7,    5,   -9,   -2,   -3,   -7,   -3,   -4,   -6,   -3,   -2,
     -20,  -16,  -33,  -20,   -5,  -46,   -6,  -26,   12,   13,   -6,    7,    6,   -2,   -2,   -4,
      12,   -1,   -1,   -7,   -2,   -1,   -7,   -3,   -6,    7,    7,   -7,   -2,   -2,  -20,   -2,
      -4,   -4,  -27,   -7,  -18,   -9,   -6,   -6,    1,   -1,    7,   -7,   -4,   -3,   -7,   -3,
      -4,   -6,   -3,   -2,  -20,  -16,  -33,  -20,   -5,  -46,   -6,  -26,    9,   20,   -6,   14,
       9,   -2,   -2,   -4,    8,   -1,   -1,   -2,   -2,   -1,   -7,   -3,   -6,   14,   14,   -7,
      -2,   -2,  -20,   -2,   -4,   -4,  -22,   -3,  -18,   -9,   -6,   -6,  -16,   -9,  -17,  -18,
      -3,   -7,   -3,   -4,   -6,   -3,   -2,  -20,  -16,  -33,  -20,   -5,  -46,   -6,  -26,   -6,
      -2,   -2,   -4,   -1,   -1,   -1,   -7,   -2,   -1,   -7,   -3,   -6,   -7,   -2,   -2,  -20,
      -2,   -4,   -4,  -28,  -22,  -18,   -9,   -6,   -6,  -22,   -4,  -13,    1,  -17,    1,  -15,
      -5,   -7,    1,   -7,   -8,   -7,   -6,   -5,   -6,  -12,   -9,  -12,   -9,  -14,  -10,  -14,
      -7,   -7,   -9,  -12,   -8,  -12,  -12,  -12,  -12,  -17,  -23,  -11,    1,    1,  -15,  -12,
      -9,   -9,   -8,  -15,   -6,   -7,   -7,   -7,   -5,   -5,  -10,    5,  -11,  -13,  -10,    1,
      -5,  -10,    1,   -8,   -8,   -8,   -7,  -11,   -7,   -8,   -7,  -16,   -9,  -17,  -14,   -8,
      -5,  -13,  -10,  -10,  -10,  -10,  -11,  -11,  -11,   -9,  -10,   -5,   -5,   -8,  -11,  -11,
     -11,  -11,  -11,   -7,   -7,   -7,    2,  -16,  -10,  -10,  -11,  -11,  -11,  -11,  -11,  -11,
     -11,  -10,  -10,  -10,    1,   -5,   -5,   -5,  -10,  -10,   -1,  -11,  -11,   -8,  -13,  -12,
     -11,   -7,   -7,   -7,  -16,   -9,   -9,  -10,  -11,  -10,  -21,  -11,    4,   -5,  -22,  -11,
     -16,   -8,   -7,   -7,  -10,  -10,  -11,  -11,  -20,  -11,   -5,  -11,  -22,  -11,  -16,  -16,
     -16,  -15,  -13,  -13,  -11,   -4,  -15,    1,  -17,    1,  -15,   -5,   -7,    1,   -7,   -8,
      -7,   -6,   -5,   -6,  -12,   -9,    3,  -12,   -9,  -14,  -10,  -14,   -7,   -7,   -9,  -12,
       3,   -8,  -12,  -12,  -12,  -12,  -17,  -12,  -11,    1,    1,  -15,  -12,   -9,   -9,  -26,
      -3,  -23,  -13,   -6,  -10,   -4,   -8,  -10,   -4,  -35,  -14,  -37,  -19,  -10,  -54,  -10,
     -34,    5,    4,  -14,    2,    1,   -2,   -8,   -2,   -2,  -14,   -9,  -10,   -4,  -14,    2,
       2,  -10,   -2,   -2,  -35,   -8,   -2,   -2,  -43,  -26,  -22,  -14,  -14,  -14,  -20,   -5,
     -22,  -10,   -6,  -10,   -4,   -8,  -10,   -4,  -35,  -14,  -37,  -19,  -10,  -54,  -10,  -34,
       4,    7,  -14,    5,    4,   -2,   -8,   -2,   -4,   -9,   -9,  -10,   -4,  -14,    5,    5,
     -10,   -2,   -2,  -35,   -8,   -2,   -2,  -37,  -22,  -22,  -14,  -14,  -14,  -13,    3,   18,
      -6,   22,   26,  -20,  -17,  -20,  -11,  -11,   21,  -18,    3,  -13,    1,   12,    2,   19,
      14,    4,   16,    2,   20,  -10,   34,  -11,   -7,  -10,   28,   25,   -9,   -9,   -9,  -15,
     -10,   -7,  -10,  -10,  -11,  -13,  -16,   22,  -19,  -21,    3,   -7,  -10,  -10,  -10,  -10,
     -11,  -11,  -11,  -20,  -11,  -11,  -11,  -11,   -7,   -7,   -7,   28,  -13,  -10,  -10,  -11,
     -11,  -11,  -11,  -11,  -11,  -11,  -10,  -10,  -10,   28,   16,  -11,  -11,   -9,  -15,  -15,
      12,  -10,   -7,   -7,   -7,  -13,  -16,  -16,  -10,  -11,  -10,  -11,  -11,  -11,  -11,   -9,
      -9,   -7,   -7,  -10,  -10,  -11,  -11,  -11,  -11,   -1,  -11,   32,  -11,  -24,  -13,  -13,
     -17,   10,  -20,  -20,   -7,   -7,   -3,   -8,  -10,    3,    3,  -14,   -4,  -10,   -8,  -10,
     -12,  -13,  -34,  -22,   -8,  -48,   -8,  -10,    2,   23,    2,   -3,   -7,  -10,  -10,   23,
     -12,   -3,   -2,    1,    1,  -12,   -2,   -3,  -48,  -30,  -52,   -7,   -7,  -23,  -19,  -13,
      -6,  -21,  -20,  -23,  -23,  -16,  -16,   -6,  -18,  -14,  -16,   -2,  -42,  -13,  -34,  -23,
     -26,  -45,  -16,   -7,  -26,  -23,  -17,  -19,  -10,  -10,  -10,   -8,  -14,  -14,   -8,   -8,
     -13,  -12,  -23,  -20,  -21,  -16,   -2,  -23,  -17,  -17,  -17,  -17,  -14,  -14,  -14,  -16,
     -17,  -17,  -17,  -17,  -19,  -10,   -8,   -8,  -82,  -29,  -14,  -14,  -14,  -12,  -12,  -17,
     -17,  -10,  -10,  -14,  -14,  -17,  -54,  -51,   -7,   -7,  -49,  -23,  -23,  -48,  -30,  -52,
      -7,   -7,  -23,  -19,  -13,   -6,  -21,  -20,  -23,  -23,  -16,  -16,   -6,  -18,  -14,  -16,
      -4,  -42,  -13,  -34,  -23,  -26,  -45,  -16,   -7,  -26,  -23,  -17,  -19,  -10,  -10,  -10,
      -8,  -14,  -14,   -8,   -8,  -13,  -12,  -23,  -20,  -21,  -16,   -4,  -23,  -17,  -17,  -17,
     -17,  -14,  -14,  -14,  -16,  -17,  -17,  -17,  -17,  -19,  -10,   -8,   -8,  -82,  -29,  -14,
     -14,  -14,  -12,  -12,  -17,  -17,  -10,  -10,  -14,  -14,  -17,  -54,  -51,   -7,   -7,  -49,
     -23,  -23,  -14,  -12,    1, -112,  -37,  -56,  -16,    1,  -29,  -32,   12,    4,    7,    1,
     -16,   14,  -11,   -3,    9,    1,    2,    5,   -1,   -1,   -1,   -2,   -1,   -1,   -1,  -10,
      -2,   -9,   -2,  -27,   -2,  -42,  -42,  -32,  -16,  -16,  -16,  -18,  -11,  -18,    8,    1,
       5,   15,  -21,  -11,  -11,  -21,  -11,   -1,   -1,   -1,   18,  -16,  -16,  -21,  -11,  -19,
     -21,  -20,  -11,  -21,   -6,   -3,   -3,   16,    4,    6,    7,    1,    8,    1,  -11,  -11,
      -2,   -3,   -1,    1,   -1,   -1,   -1,   -2,   -3,   -4,  -11,  -27,   -4,  -11,   37,    4,
     -15,  -11,    5,   -1,    2,   -1,  -26,  -16,  -11,  -11,   -1,  -19,    1,  -11,  -14,  -11,
     -37, -112,  -56,  -14,   -9, -116,  -44,  -58,    3,  -20,    1,   -3,   -3,  -31,  -32,   -1,
       2,    6,    2,    2,  -23,    8,  -18,    2,  -13,    4,   -6,   -5,    2,   -4,   -4,   -4,
     -10,    2,  -10,   -4,   -4,  -14,   -3,  -10,   -6,   -5,  -34,  -10,  -41,  -44,    2,  -46,
     -46,  -23,  -44,  -31,  -31,  -28,   -6,   -6,    3,    3,  -34,  -34,  -34,  -32,  -18,  -10,
     -10,  -18,    8,   -4,  -23,  -23,  -30,  -18,  -32,  -31,  -32,  -18,  -34,  -20,  -22,  -13,
      12,    3,   -7,   -8,   -6,   13,   -1,    1,  -34,  -35,   -4,  -15,  -17,    2,    3,  -10,
     -10,  -10,   -3,  -10,  -21,  -23,  -18,  -41,  -19,  -31,   21,  -29,  -33,   -1,   -5,  -15,
     -10,  -42,  -23,  -18,  -31,  -19,  -32,   -6,  -18,  -28,  -35,   -3,   -3,   -3,  -44, -116,
     -58,    2,    2,  -14,  -51,  -11,  -15,   -3,  -59,  -52,  -18,   -1,   -1,   -1,   -5,    1,
     -19,  -29,  -10,  -19,  -26,  -17,    2,  -25,  -24,   -8,  -85,  -27,  -45,  -63,  -87,  -39,
      -4,   -9,  -11,   -6,  -16,  -19,  -13,  -21,  -21,  -21,  -19,  -22,  -19,  -19,  -90,  -11,
     -15,   -7,   -2,  -24,  -21,  -58,  -19,    5,  -46,   -7,   -4,   -4,   -4,   -4,  -11,  -11,
     -11,  -19,  -19,  -19,  -19,  -11,  -11,  -11,  -11,  -11,  -22,  -22,  -22,  -22,  -90,   -4,
      -4,  -11,  -11,  -11,  -11,  -11,  -11,  -11,  -16,  -16,  -16,  -19,  -19,  -19,  -19,  -21,
     -14,  -11,  -11,  -21,  -85,  -19,  -22,  -22,  -22,  -90,  -11,  -11,  -16,  -22,   -4,  -11,
     -11,  -19,  -19,  -11,  -11,  -21,  -21,  -22,  -22,   -4,   -4,  -11,  -11,  -11,  -11,  -19,
     -11,  -11,  -11,  -90,  -90,  -90,  -52, -127, -125,  -53,   -6,   -6,  -14,  -51,  -11,  -15,
      -3,  -60,  -26,  -18,   -1,   -1,   -1,   -5,    1,  -19,  -29,  -10,  -19,  -26,  -17,    2,
     -25,  -24,   -8,  -43,  -27,  -45,  -32,  -43,  -39,   -4,   -9,  -11,   -7,  -16,  -19,  -13,
     -21,  -21,  -21,  -19,  -22,  -19,  -19,  -90,  -11,  -15,   -7,   -2,  -24,  -21,  -58,  -19,
       5,  -46,   -8,   -4,   -4,   -4,   -4,  -11,  -11,  -11,  -19,  -19,  -19,  -19,  -11,  -11,
     -11,  -11,  -11,  -22,  -22,  -22,  -22,  -90,   -4,   -4,  -11,  -11,  -11,  -11,  -11,  -11,
     -11,  -16,  -16,  -16,  -19,  -19,  -19,  -19,  -21,  -14,  -11,  -11,  -21,  -85,  -19,  -22,
     -22,  -22,  -90,  -11,  -11,  -16,  -22,   -4,  -11,  -11,  -19,  -19,  -11,  -11,  -21,  -21,
     -22,  -22,   -4,   -4,  -11,  -11,  -11,  -11,  -19,  -11,  -11,  -11,  -90,  -90,  -90,  -26,
     -64,  -62,  -53,   -7,   -7,    1,    1,   -2,    1,    1,    1,    1,   -8,    1,    1,   -2,
       1,    1,    1,    1,   -8,   -5,  -22,  -43,  -19,  -12,  -44,  -11,  -11,   -9,  -14,  -17,
     -15,   -1,  -14,  -17,  -11,  -14,   -9,   -9,  -22,  -14,  -14,  -17,  -17,  -14,  -14,  -14,
     -11,  -11,  -14,  -10,   -2,    3,    2, -104,  -43,  -52,  -22,    3,   -3,   -3,    1,    7,
      -8,    3,   -5,  -34,  -11,  -39,  -43,  -52,  -52,  -10,   -4,    1,    1,    1,    1,    1,
       1,    1,    1,    1,    1,    1,    1,    1,    1,    1,    1,    1,    1,    1,    1,    1,
       5,    1,    2,    5,    1,    2,    5,    5,   -5,   -8,   -2,   -2,  -15,   -6,  -14,   -6,
      10,   32,  125,    7,   43,   66,   -9,  -16,   -9,   56,    7,   -6,   35,    3,   -3,   25,
      33,    3,   22,   41,   45,   59,   55,   41,   57,   31,   48,   56,   -6,   -3,   19,   31,
       1,    1,    1,    1,    1,    1,   45,   47,   21,   35,  -15,   58,   46,   43,  -15,   54,
      36,   35,    3,   -6,   -6,  -10,   -5,    6,   -2,   20,   47,   11,   33,   62,   -4,    2,
      -5,   -1,    6,   -3,    5,    6,   13,   -9,   -7,   -1,   -2,    5,    9,    8,   -4,    4,
       5,   22,    2,   58,   35,   52,   50,   48,   11,   49,   -7,    1,   10,    8,   21,   41,
       2,    3,    5,    2,   10,   17,   -3,   38,    1,   79,   44,   25,   -3,   41,    7,   12,
       1,    1,   -7,   -1,   10,   38,    4,   21,   -5,   25,    1,    8,    1,    5,  -16,  125,
     117,   -9,   -9,   64,   59,   -7,   35,    9,  -22,   -4,  -16,    1,  -17,    1,  -15,   -5,
      -7,    1,   -7,   -8,   -7,   -6,   -5,   -6,  -12,   -9,  -12,   -9,  -14,  -10,  -14,   -7,
      -7,   -9,  -12,   -8,  -12,  -12,  -12,  -12,  -17,  -24,  -11,    1,    1,  -16,  -12,   -9,
      -9,
};

static const EpdLigaturePair libron_14_italicLigaturePairs[] = {
    { 0x00660066, 0xFB00 }, // f f -> U+FB00
    { 0x00660069, 0xFB01 }, // f i -> U+FB01
    { 0x0066006C, 0xFB02 }, // f l -> U+FB02
    { 0xFB000069, 0xFB03 }, // U+FB00 i -> U+FB03
    { 0xFB00006C, 0xFB04 }, // U+FB00 l -> U+FB04
};

static const EpdFontData libron_14_italic = {
    libron_14_italicBitmaps,
    libron_14_italicGlyphs,
    libron_14_italicIntervals,
    53,
    29,
    24,
    -6,
    true,
    libron_14_italicGroups,
    11,
    nullptr,
    nullptr,  // kernLeftClasses: built-in fonts use the split arrays below
    nullptr,  // kernRightClasses
    libron_14_italicKernLeftCodepoints,
    libron_14_italicKernLeftClassIds,
    libron_14_italicKernRightCodepoints,
    libron_14_italicKernRightClassIds,
    nullptr,  // kernMatrix: built-in fonts use the sparse form below
    libron_14_italicKernRowOffsets,
    libron_14_italicKernSparseCols,
    libron_14_italicKernSparseValues,
    460,
    464,
    199,
    187,
    libron_14_italicLigaturePairs,
    5,
};
