/**
 * generated by fontconvert.py
 * name: libron_12_regular
 * size: 12
 * mode: 2-bit  compressed: true
 * Command used: fontconvert.py libron_12_regular 12 ../builtinFonts/source/Libron/Libron-Regular.ttf --2bit --compress --pnum --zopfli
 */
#pragma once
#include "EpdFontData.h"

static const uint8_t libron_12_regularBitmaps[14063] = {
    0x95, 0x98, 0x3D, 0x6C, 0xE5, 0xC6, 0x76, 0xC7, 0x7F, 0x24, 0x5F, 0x96, 0x88, 0x19, 0x7B, 0x54,
    0xA4, 0x93, 0xBD, 0x93, 0xD2, 0x85, 0x57, 0x93, 0x00, 0x2E, 0x54, 0x5C, 0x69, 0xC6, 0x0E, 0x82,
    0x14, 0x29, 0x5C, 0xA5, 0x4E, 0x7A, 0x20, 0xD0, 0x16, 0x5B, 0x6C, 0x21, 0x89, 0xF3, 0x10, 0x20,
    0xAF, 0x48, 0xE1, 0xED, 0x1B, 0x6F, 0x91, 0x32, 0x80, 0xB7, 0x50, 0xB1, 0x01, 0xAE, 0xC4, 0xB1,
    0x1F, 0x90, 0x57, 0xBC, 0xC2, 0xD3, 0x37, 0xA6, 0x81, 0x9B, 0x94, 0xF1, 0xE4, 0x3D, 0x3E, 0x98,
    0x0A, 0x78, 0xEF, 0xC9, 0x90, 0xB8, 0xFB, 0x21, 0x3B, 0x6B, 0xC7, 0x3C, 0xE7, 0xF7, 0x1F, 0xCD,
    0x9C, 0x33, 0x1F, 0x9C, 0xCB, 0x8F, 0xE5, 0x1A, 0x2C, 0x66, 0x6F, 0x7A, 0xB1, 0xFB, 0xBC, 0x93,
    0xED, 0x6D, 0x20, 0xC7, 0xBC, 0xF5, 0x86, 0xF5, 0xC5, 0xFA, 0x3C, 0x1F, 0xAB, 0xF3, 0xD5, 0x71,
    0x36, 0xDE, 0xAA, 0x1C, 0x6F, 0x57, 0xF0, 0x27, 0x35, 0xBC, 0xFB, 0x16, 0xBC, 0xFF, 0x36, 0x5A,
    0x64, 0x98, 0xE1, 0xC3, 0x77, 0xE1, 0xCF, 0xDF, 0x87, 0x87, 0x1F, 0xC2, 0xD3, 0x0F, 0x69, 0x45,
    0xFA, 0x19, 0xC2, 0x43, 0x8A, 0xF0, 0x94, 0xD2, 0x47, 0x2A, 0x17, 0xA8, 0x8A, 0x00, 0x7F, 0xB1,
    0xA7, 0x1D, 0xA9, 0x44, 0x50, 0xD1, 0x3A, 0x4D, 0x83, 0x81, 0x05, 0xED, 0x41, 0xDD, 0x42, 0x29,
    0x3D, 0x1C, 0x6E, 0x81, 0x16, 0xD0, 0x0E, 0xD4, 0xC2, 0x07, 0x68, 0xAC, 0xBB, 0xC4, 0xC8, 0x48,
    0x23, 0xF1, 0xD5, 0x78, 0x07, 0x8E, 0x72, 0xA4, 0xF6, 0x4A, 0xA1, 0x78, 0x50, 0xFB, 0x07, 0xAC,
    0xAA, 0x70, 0x3C, 0x4B, 0xCA, 0xF2, 0x45, 0xCC, 0xF2, 0x6B, 0x9F, 0x03, 0xFF, 0x0C, 0x4A, 0xBD,
    0xA7, 0x63, 0x39, 0xAE, 0xAE, 0x9E, 0xC3, 0xB3, 0xB4, 0xA2, 0xF8, 0xA6, 0x7F, 0x40, 0xF5, 0x65,
    0x7C, 0x40, 0xF3, 0x71, 0x96, 0x77, 0x8A, 0x5C, 0x5D, 0x91, 0x03, 0x8F, 0xB8, 0x7A, 0x4C, 0x8F,
    0x8E, 0xB4, 0x3D, 0x94, 0x32, 0x41, 0xDD, 0x5F, 0x40, 0x13, 0x8E, 0x66, 0x39, 0x99, 0xAB, 0xE7,
    0x50, 0xFD, 0x21, 0x01, 0xF2, 0x91, 0xC4, 0x42, 0x68, 0x9D, 0xFA, 0xBB, 0xB0, 0xE2, 0xA8, 0xC9,
    0xFD, 0x57, 0xE5, 0xF4, 0x88, 0x73, 0x6E, 0x12, 0x6B, 0x6C, 0xE0, 0x12, 0x15, 0xB1, 0xFE, 0x6C,
    0x40, 0xCB, 0xAD, 0xF8, 0x7B, 0xE2, 0xBB, 0xB0, 0x9E, 0x37, 0xF9, 0xF8, 0x18, 0x78, 0x58, 0xF4,
    0x55, 0x50, 0x4E, 0x73, 0xC2, 0x39, 0xEB, 0x6C, 0x63, 0xB6, 0xE7, 0xCB, 0x5F, 0x2B, 0x4E, 0xD0,
    0x34, 0xAE, 0x0A, 0x24, 0x1E, 0x02, 0x7C, 0xC8, 0x03, 0x14, 0x75, 0xA8, 0x62, 0x91, 0x18, 0x96,
    0xD4, 0xF5, 0xCB, 0x4E, 0xA9, 0x48, 0x55, 0xAC, 0xBD, 0x62, 0x95, 0xF3, 0x80, 0x03, 0x78, 0xC8,
    0x87, 0x89, 0xD3, 0x9E, 0x46, 0x7C, 0xFD, 0x3F, 0xE8, 0xC4, 0xF1, 0x43, 0x96, 0x20, 0x3C, 0xBA,
    0xE3, 0xAD, 0x8C, 0xD9, 0x5F, 0x6F, 0x51, 0xCE, 0x04, 0x1D, 0xF2, 0x54, 0xBE, 0xE1, 0xBD, 0xA5,
    0x4F, 0x3B, 0xB6, 0xE3, 0x09, 0x5D, 0xB6, 0x13, 0x28, 0x7B, 0xAA, 0x40, 0xED, 0x69, 0x1C, 0x0A,
    0x8E, 0x60, 0x05, 0xE7, 0x70, 0x05, 0x89, 0x22, 0x07, 0xE3, 0x1C, 0x6F, 0x3C, 0x0A, 0xEE, 0xC3,
    0x83, 0x25, 0x4E, 0x9B, 0x03, 0x32, 0xA1, 0x62, 0x8B, 0x46, 0xF9, 0xD3, 0x65, 0x37, 0xEB, 0x78,
    0x41, 0xD5, 0x9F, 0x37, 0x55, 0xBF, 0x56, 0x7F, 0xD9, 0xAF, 0xE7, 0x32, 0xD7, 0xE7, 0xB6, 0xD3,
    0x1C, 0xB3, 0x34, 0xC1, 0x38, 0xE5, 0x73, 0x9F, 0xA5, 0x2F, 0x5D, 0x0F, 0x17, 0xD4, 0x5B, 0xEC,
    0x96, 0x93, 0x0B, 0x38, 0xF9, 0x69, 0x2F, 0x3A, 0xA7, 0x24, 0xBD, 0x98, 0xBD, 0xF1, 0x37, 0xDC,
    0xC7, 0xF2, 0x01, 0x86, 0xE3, 0x0C, 0xD8, 0x3D, 0xD7, 0x50, 0x8C, 0x50, 0xF5, 0xA0, 0x3C, 0x58,
    0xE0, 0x39, 0x94, 0x3D, 0xD4, 0x1E, 0xB4, 0x48, 0x30, 0x99, 0x42, 0x7C, 0x1E, 0xED, 0xA8, 0x1C,
    0x1F, 0x33, 0x3E, 0x63, 0x84, 0x44, 0x19, 0x39, 0x73, 0xC8, 0xC0, 0xDF, 0x4E, 0x70, 0x01, 0xA7,
    0x8B, 0x9F, 0x3C, 0x62, 0xBD, 0x2B, 0x87, 0x4E, 0xA2, 0xD9, 0x42, 0x39, 0x41, 0x9D, 0x51, 0x99,
    0x07, 0x99, 0xC7, 0x99, 0x34, 0x51, 0xC5, 0x89, 0xDA, 0x4F, 0x28, 0x26, 0x56, 0x99, 0x56, 0x24,
    0xCD, 0xC0, 0xC4, 0x1D, 0x1A, 0xF1, 0x18, 0x89, 0x88, 0xB8, 0x0C, 0x45, 0x84, 0x32, 0x40, 0xE5,
    0x33, 0x4F, 0xA0, 0x16, 0x47, 0x23, 0x09, 0x0E, 0x27, 0xE0, 0x06, 0x38, 0x05, 0xF4, 0x9E, 0x23,
    0x8E, 0x59, 0xD1, 0x7E, 0x34, 0x62, 0xA5, 0xE7, 0x70, 0x07, 0x70, 0x00, 0xE5, 0x08, 0xA6, 0x87,
    0xED, 0xAB, 0x93, 0x36, 0xFB, 0x9E, 0x17, 0xBA, 0x67, 0x2D, 0x13, 0x37, 0xBE, 0xE3, 0x1A, 0xC3,
    0x1A, 0xED, 0x32, 0x5C, 0x64, 0x6C, 0x36, 0xED, 0xAF, 0x69, 0x64, 0xA0, 0xE8, 0x3C, 0x56, 0x24,
    0xCC, 0xAC, 0xA8, 0x33, 0xCA, 0x1F, 0xA3, 0x39, 0xC0, 0x00, 0x27, 0xC0, 0x1A, 0x18, 0xA1, 0x48,
    0x50, 0x65, 0xEA, 0x08, 0x4D, 0xD8, 0x4F, 0xE6, 0xC0, 0x02, 0x17, 0xC0, 0x04, 0x45, 0xD7, 0xD3,
    0xC8, 0x84, 0xF6, 0x97, 0x9C, 0x62, 0x38, 0x41, 0x73, 0x9A, 0xB1, 0x6E, 0x85, 0xBE, 0x4D, 0xD4,
    0xD2, 0x53, 0x7E, 0x3E, 0xF1, 0x1E, 0x1D, 0xAB, 0x65, 0x3D, 0x6A, 0xCF, 0x9C, 0xD3, 0xA2, 0x65,
    0xA2, 0x94, 0x27, 0xD0, 0x45, 0x6A, 0x99, 0x50, 0xE1, 0x06, 0x93, 0xED, 0x14, 0xE5, 0x33, 0x61,
    0xC6, 0x66, 0x8C, 0x6F, 0x83, 0x92, 0xAF, 0x42, 0xB9, 0x53, 0x1E, 0xB4, 0x03, 0xB3, 0x5F, 0xC4,
    0x08, 0x75, 0x0F, 0xAD, 0xA3, 0x1A, 0xA0, 0x74, 0x70, 0x94, 0x2B, 0xAD, 0x3B, 0xE2, 0xD5, 0xB1,
    0x6F, 0xC9, 0xA5, 0x75, 0xF6, 0x4E, 0xC4, 0x2C, 0x2D, 0xCA, 0x29, 0xDE, 0xE1, 0x98, 0xA7, 0xEC,
    0x8F, 0xF7, 0x29, 0x47, 0x4C, 0x5F, 0x6E, 0x39, 0x8B, 0x6C, 0xE1, 0xC6, 0xA1, 0xE7, 0x8D, 0x73,
    0x34, 0x03, 0xAC, 0xE1, 0x17, 0xFB, 0xDB, 0x0F, 0x80, 0x97, 0x7F, 0x3F, 0x85, 0x1B, 0xD0, 0x3D,
    0xC5, 0x6E, 0xE9, 0xC0, 0x44, 0x39, 0xE5, 0x21, 0xEA, 0x2D, 0xED, 0x13, 0x9E, 0x83, 0x83, 0x46,
    0x9E, 0x60, 0x65, 0xC4, 0xBA, 0x1B, 0xFE, 0x14, 0xC3, 0xAB, 0xB3, 0xE9, 0xC0, 0x6E, 0x33, 0x1B,
    0x58, 0xB1, 0xC0, 0x07, 0xBC, 0x3A, 0x4E, 0x80, 0x6E, 0xCF, 0x09, 0x50, 0x74, 0xB7, 0xB0, 0x5C,
    0xE2, 0xD0, 0xB9, 0x7A, 0xA0, 0x5C, 0x96, 0x56, 0x07, 0x38, 0x42, 0x41, 0xE6, 0x01, 0xE6, 0x93,
    0x86, 0x15, 0xF2, 0x5F, 0xB5, 0x7B, 0x5C, 0x0D, 0x27, 0x95, 0xBB, 0x6A, 0xE2, 0x79, 0xE5, 0x9E,
    0x29, 0xFF, 0xBC, 0x76, 0xC9, 0x30, 0xD4, 0x24, 0x5B, 0x26, 0x45, 0x3A, 0x7D, 0x2B, 0xDD, 0xE7,
    0x99, 0xFD, 0xD7, 0xE1, 0x9C, 0x2B, 0x93, 0x64, 0xE0, 0xB1, 0x8A, 0xD6, 0xB3, 0xDA, 0xEF, 0x1F,
    0x80, 0xF2, 0xF0, 0x94, 0xEA, 0x96, 0xC3, 0x08, 0x9D, 0xEC, 0x80, 0x46, 0x7A, 0xA0, 0x98, 0x80,
    0x72, 0x0B, 0x54, 0x02, 0xD4, 0x2D, 0xA0, 0xB4, 0xCF, 0xA2, 0x02, 0xBC, 0xD7, 0x44, 0x58, 0xD5,
    0x7D, 0x96, 0x2A, 0xC1, 0x55, 0x39, 0x80, 0xC8, 0xB4, 0x08, 0x65, 0xE4, 0x92, 0x2A, 0x60, 0xA9,
    0x03, 0xC6, 0x35, 0x0E, 0xE5, 0xB5, 0xC7, 0xF4, 0x36, 0xD2, 0x0D, 0xF3, 0x24, 0x67, 0x22, 0xA1,
    0x09, 0x4D, 0x6A, 0x42, 0x95, 0x29, 0xF7, 0x65, 0x36, 0x11, 0x32, 0xBE, 0x09, 0x75, 0xAE, 0x17,
    0x63, 0x13, 0x98, 0x5E, 0x31, 0xD7, 0xEB, 0x94, 0xFB, 0xC6, 0x79, 0x8C, 0x65, 0xD3, 0x3B, 0xD9,
    0x56, 0x23, 0xD7, 0x2A, 0x70, 0x64, 0xE0, 0x8F, 0x97, 0x3B, 0x06, 0xB8, 0x06, 0xD6, 0xFB, 0x72,
    0xE6, 0x12, 0xB0, 0x33, 0x1E, 0x74, 0x84, 0x7A, 0xCB, 0x3F, 0x14, 0x22, 0x13, 0x87, 0xF2, 0x44,
    0x64, 0xE7, 0xC8, 0x83, 0x26, 0xF2, 0xE8, 0xDB, 0x2C, 0x74, 0xB3, 0x18, 0x97, 0x45, 0x85, 0x17,
    0xD2, 0xDC, 0x95, 0x57, 0x01, 0xED, 0xB3, 0x18, 0xB2, 0xDC, 0x64, 0xA9, 0x47, 0x8C, 0x48, 0x24,
    0x0F, 0x0A, 0xDD, 0xFE, 0x4D, 0xAC, 0x5D, 0x91, 0x61, 0x86, 0x3B, 0x88, 0xB0, 0xE0, 0xF8, 0x3E,
    0x4F, 0x33, 0xCB, 0xF3, 0x47, 0x72, 0xFF, 0x3C, 0x4E, 0x68, 0x33, 0xCA, 0x97, 0x99, 0x22, 0x03,
    0x77, 0x90, 0x5D, 0x66, 0xBB, 0xAF, 0xFF, 0x10, 0x13, 0x41, 0x06, 0x5E, 0xEC, 0xD8, 0xAE, 0xBA,
    0xE5, 0x72, 0xBF, 0x63, 0xBF, 0xF8, 0xE1, 0x8E, 0x35, 0x72, 0x4D, 0x2D, 0x97, 0x60, 0xED, 0x8C,
    0xC7, 0xEA, 0x88, 0xAD, 0x77, 0x7F, 0xD5, 0x16, 0x22, 0xC2, 0xA1, 0x6C, 0x64, 0x5B, 0xC8, 0x78,
    0x36, 0xD0, 0xF6, 0xF3, 0x26, 0xF8, 0x37, 0x8B, 0x88, 0xEC, 0xE5, 0x47, 0xF3, 0xF4, 0x86, 0xB3,
    0xB8, 0x0C, 0x2A, 0xDB, 0x76, 0x6C, 0xC2, 0x9B, 0xCD, 0xE4, 0xB9, 0xB1, 0x82, 0xD9, 0x52, 0xA5,
    0x9F, 0xF2, 0xFE, 0x60, 0x7E, 0x95, 0x85, 0x4E, 0x9C, 0x19, 0x91, 0x6D, 0x25, 0xE1, 0x6C, 0x2C,
    0xC4, 0x35, 0x81, 0x35, 0xF3, 0x45, 0xF7, 0xE2, 0xE7, 0xD4, 0x2E, 0xCB, 0x05, 0x59, 0xC6, 0x2C,
    0x92, 0x66, 0x19, 0xB2, 0x7C, 0x31, 0x65, 0x09, 0xDD, 0x2C, 0x26, 0x64, 0x51, 0x7D, 0x96, 0x6A,
    0xC8, 0xC2, 0x16, 0xBD, 0xA1, 0x75, 0xB2, 0xA5, 0x4D, 0x32, 0x42, 0xB7, 0x01, 0xED, 0x7E, 0x2E,
    0x45, 0x9E, 0xBA, 0x0A, 0xAD, 0xC8, 0x82, 0x99, 0xA0, 0x4B, 0x7A, 0x0B, 0xD2, 0x57, 0x3B, 0x10,
    0x5F, 0x7D, 0x4B, 0xF9, 0x6D, 0xA8, 0xBE, 0xA6, 0xFA, 0x2A, 0xD4, 0x5F, 0xF9, 0x59, 0x3F, 0x0D,
    0xCD, 0xA7, 0xA1, 0xFE, 0x55, 0x50, 0x2A, 0x34, 0xFF, 0x18, 0x55, 0x93, 0x35, 0x1D, 0x65, 0xFD,
    0x28, 0xAD, 0xB2, 0xBA, 0x61, 0xD5, 0x44, 0xE5, 0xC6, 0xAB, 0x3A, 0xEB, 0x3A, 0x65, 0xE5, 0x74,
    0x51, 0x1B, 0xEB, 0xFE, 0xEC, 0x89, 0x09, 0x87, 0x83, 0x24, 0x15, 0xDA, 0x5D, 0x9B, 0x90, 0x64,
    0x47, 0xBA, 0xBE, 0xD9, 0xA2, 0x68, 0xBA, 0x59, 0x3E, 0x77, 0x8A, 0x3C, 0x7A, 0x96, 0x5F, 0x45,
    0x45, 0x1E, 0x38, 0xCB, 0x2F, 0x87, 0x2C, 0x7E, 0x9A, 0xE5, 0x74, 0x16, 0x33, 0x8B, 0xFA, 0x34,
    0x4B, 0xF3, 0x75, 0x96, 0x4A, 0xB2, 0x14, 0x82, 0x89, 0x08, 0xDD, 0x48, 0x0B, 0x87, 0x3B, 0x07,
    0x22, 0x89, 0x7A, 0xB8, 0x37, 0xA1, 0x02, 0x2D, 0x06, 0x8C, 0x3B, 0x25, 0x57, 0x2E, 0x66, 0xB9,
    0x86, 0x26, 0xAE, 0xF7, 0x52, 0xC7, 0xA5, 0x7A, 0x99, 0x25, 0xD8, 0x39, 0x6A, 0x1C, 0xDA, 0xA9,
    0x80, 0xA5, 0x1E, 0xCB, 0x89, 0x62, 0x1E, 0x6A, 0x19, 0x54, 0xE4, 0x76, 0xFF, 0xDC, 0x38, 0xDC,
    0x3F, 0x2F, 0x8A, 0x21, 0x33, 0x2E, 0xE5, 0x52, 0x6F, 0x52, 0x33, 0xC7, 0x65, 0xB9, 0x89, 0x7F,
    0x80, 0xDE, 0x40, 0x0E, 0xBD, 0x5C, 0x61, 0xFF, 0xF3, 0x56, 0xB8, 0x5C, 0x20, 0x4B, 0x8A, 0xCD,
    0xE2, 0x74, 0xC0, 0xD2, 0xF4, 0x4C, 0x54, 0xF2, 0x79, 0x02, 0x99, 0x07, 0x35, 0x1E, 0x68, 0xD2,
    0x8B, 0x07, 0x27, 0x9D, 0x07, 0xCC, 0x0E, 0xB8, 0x27, 0xB4, 0xB2, 0x63, 0x79, 0x38, 0x30, 0xAF,
    0x34, 0x4B, 0x39, 0x64, 0x29, 0x5E, 0xC8, 0xFE, 0x82, 0xCC, 0x51, 0x11, 0xB7, 0x97, 0xA0, 0x43,
    0x96, 0xA6, 0xCF, 0x52, 0xA5, 0x97, 0x92, 0x93, 0x63, 0x39, 0xD2, 0x6D, 0x0B, 0x71, 0xB2, 0xA5,
    0xF3, 0x45, 0xB7, 0x41, 0x89, 0x60, 0x9C, 0xE1, 0x04, 0xC5, 0x05, 0x4D, 0x06, 0xAC, 0x03, 0x73,
    0x0B, 0xB5, 0x0C, 0x70, 0xB6, 0x83, 0xA2, 0x73, 0xA0, 0x3D, 0x28, 0xFF, 0x2C, 0x73, 0x8E, 0x76,
    0x27, 0xB4, 0x58, 0x59, 0x1E, 0x84, 0x88, 0xC8, 0x34, 0x93, 0x54, 0x58, 0xCD, 0xA0, 0x02, 0x3F,
    0x8B, 0xB3, 0x0D, 0xC8, 0x84, 0x15, 0xEC, 0x74, 0x78, 0xCB, 0xE1, 0xA6, 0xEA, 0xA9, 0xC2, 0xCF,
    0x93, 0x94, 0xA5, 0x4C, 0xD4, 0xBE, 0x18, 0x51, 0x8E, 0x9D, 0xBB, 0x04, 0x2B, 0x23, 0xDC, 0x5B,
    0xDE, 0xB1, 0xCE, 0xEC, 0xCC, 0x0E, 0xBD, 0xAD, 0x06, 0xAA, 0x98, 0x53, 0xAA, 0xC0, 0x44, 0x13,
    0xB8, 0x9E, 0x93, 0x4F, 0x51, 0x60, 0x39, 0x62, 0x39, 0xB1, 0xE5, 0x0C, 0x73, 0xEC, 0x39, 0xD4,
    0x71, 0x80, 0xEA, 0x9B, 0x04, 0xE5, 0xEF, 0x7A, 0xE0, 0xBB, 0x08, 0x48, 0x00, 0x5A, 0x0F, 0x58,
    0x87, 0x6C, 0x8B, 0x09, 0xE9, 0xDB, 0xB1, 0xDC, 0xD2, 0xC5, 0x26, 0x56, 0x3B, 0xDE, 0xA1, 0xEE,
    0x2B, 0xE1, 0x7E, 0x2E, 0x9A, 0x6F, 0xDD, 0x03, 0xAA, 0xA4, 0x3E, 0xF3, 0xAB, 0xB9, 0xF8, 0x24,
    0xAC, 0x28, 0x93, 0x6E, 0xC2, 0x63, 0x8A, 0xE1, 0xA8, 0x8E, 0x57, 0x30, 0x9E, 0x54, 0xFD, 0x00,
    0xE3, 0xAA, 0x4A, 0x09, 0xA6, 0x75, 0x39, 0x24, 0x58, 0x8F, 0xDC, 0xF6, 0x70, 0x91, 0xD8, 0x45,
    0xB0, 0x89, 0x2E, 0x80, 0xED, 0x69, 0xE7, 0x22, 0x62, 0x03, 0x98, 0x80, 0xF1, 0x58, 0xF1, 0x32,
    0x98, 0x9D, 0x6B, 0xFB, 0x6A, 0x42, 0xC1, 0x8E, 0x15, 0xB4, 0xEE, 0x0A, 0xCC, 0x97, 0x3D, 0xA8,
    0xEF, 0x02, 0x54, 0x02, 0x14, 0x5B, 0x00, 0x61, 0xAE, 0x06, 0x50, 0x9F, 0xF4, 0x70, 0x54, 0x0F,
    0x70, 0x5E, 0x4E, 0x90, 0x10, 0xAA, 0x88, 0xF5, 0x3A, 0xD2, 0x6E, 0xBA, 0xB1, 0x94, 0x49, 0x76,
    0x48, 0xEA, 0x6E, 0xE7, 0x73, 0xEA, 0xD1, 0x54, 0x03, 0x2B, 0x8A, 0x89, 0xE7, 0xD0, 0x91, 0xC0,
    0x7E, 0x1C, 0x41, 0xFD, 0xC6, 0x43, 0xB3, 0x0C, 0xBA, 0x05, 0x98, 0x00, 0xC6, 0x37, 0xC8, 0xBD,
    0x9D, 0x03, 0x25, 0xE1, 0xE5, 0x77, 0xE6, 0x63, 0x54, 0xB8, 0xC2, 0xBA, 0xBF, 0xE7, 0x06, 0x98,
    0xA0, 0x1A, 0xA0, 0xE9, 0x41, 0x05, 0xB0, 0xF0, 0xB2, 0x39, 0x2D, 0xCD, 0x7F, 0xA6, 0x03, 0xCF,
    0x2C, 0x45, 0xEA, 0x44, 0x66, 0xFA, 0x2E, 0x75, 0x69, 0xCD, 0x4F, 0xDB, 0x9C, 0xB7, 0x82, 0x13,
    0xB8, 0x0F, 0x0A, 0x1A, 0x47, 0x15, 0xA8, 0x22, 0x45, 0x0F, 0x09, 0xAE, 0xE0, 0x1C, 0x56, 0x70,
    0x04, 0x2A, 0xBB, 0xA3, 0xF6, 0x73, 0x46, 0x19, 0xDB, 0xA1, 0x1D, 0xF8, 0x7F, 0xD8, 0x92, 0xF7,
    0x1C, 0x26, 0x8A, 0x2D, 0xF3, 0x63, 0xF7, 0xB7, 0xAE, 0xF9, 0x6B, 0xAF, 0xAA, 0x70, 0xBF, 0xE8,
    0x57, 0xA4, 0xC7, 0x5C, 0x89, 0xA4, 0xEC, 0x2D, 0xDA, 0xD5, 0x81, 0xBE, 0x14, 0x87, 0x91, 0xC8,
    0x65, 0x9D, 0x98, 0xCA, 0xC4, 0x41, 0x86, 0x4C, 0xD1, 0x25, 0xF4, 0x7F, 0x26, 0x2E, 0x8B, 0xC4,
    0x3A, 0x33, 0xC7, 0xAE, 0x9B, 0x81, 0x76, 0x27, 0x5E, 0xF7, 0x97, 0x34, 0x0E, 0xBA, 0x8C, 0x05,
    0xF4, 0xEB, 0x1C, 0x8E, 0x68, 0x11, 0xB4, 0x37, 0x41, 0xA3, 0x32, 0x75, 0xAF, 0xA9, 0xBE, 0x47,
    0x1D, 0xB5, 0xCB, 0xB1, 0x68, 0xBD, 0x96, 0x1D, 0xF7, 0x64, 0x03, 0x5D, 0xDF, 0xC8, 0xA4, 0x3F,
    0x1A, 0x56, 0x1C, 0xAC, 0xE1, 0x39, 0x8C, 0x8B, 0x4F, 0xB0, 0x86, 0x4B, 0xB0, 0xFE, 0x7D, 0x25,
    0xA9, 0xD8, 0x39, 0xA8, 0x5F, 0xCC, 0xED, 0xEE, 0xCC, 0xDD, 0x7D, 0x4B, 0xBD, 0xCC, 0xDC, 0x61,
    0x31, 0x5C, 0xA0, 0x59, 0x67, 0xA6, 0xEF, 0x71, 0x93, 0xB1, 0xDE, 0x38, 0xB3, 0x3C, 0x67, 0x3F,
    0x1B, 0x38, 0x80, 0x42, 0x9C, 0x92, 0xDE, 0x7C, 0x3C, 0xAC, 0x18, 0xD7, 0xAC, 0x45, 0xA6, 0xEC,
    0xAF, 0xCF, 0x6E, 0xE2, 0xBB, 0x4A, 0x86, 0x9C, 0x46, 0xB3, 0x83, 0x56, 0x02, 0xA3, 0x0A, 0x65,
    0x2A, 0xA8, 0x7A, 0x16, 0xAC, 0x24, 0x8C, 0xF4, 0xFB, 0xFA, 0x4F, 0x73, 0x38, 0x82, 0x15, 0x28,
    0xBA, 0x79, 0x15, 0x12, 0xB4, 0xDF, 0x7A, 0xC3, 0x09, 0x2F, 0xD0, 0x7E, 0xA2, 0x91, 0x61, 0xF9,
    0x06, 0x51, 0x80, 0x9E, 0x71, 0xA0, 0xE4, 0x96, 0x6A, 0xCE, 0x77, 0x4D, 0x5C, 0x51, 0xC5, 0x75,
    0xA6, 0x75, 0x3A, 0x58, 0x91, 0x65, 0x1F, 0xCB, 0x00, 0x26, 0xA3, 0x33, 0xF5, 0xEB, 0xFC, 0xFB,
    0x8E, 0x3A, 0xF7, 0xAB, 0x07, 0x15, 0xEB, 0x50, 0xCD, 0xF4, 0x3F, 0x86, 0xDE, 0x1C, 0x8E, 0xED,
    0x64, 0x77, 0xDA, 0xD9, 0x60, 0xF3, 0x6C, 0x00, 0x9D, 0x3F, 0xF3, 0xEA, 0xFF, 0xB0, 0xB3, 0x28,
    0x03, 0x63, 0xB9, 0x2D, 0xB7, 0x8C, 0x00, 0xD5, 0x54, 0x4E, 0xAC, 0xDF, 0x60, 0x63, 0xCE, 0x4C,
    0x4D, 0xDF, 0xFA, 0xF7, 0xC1, 0x83, 0x09, 0x2C, 0x34, 0x99, 0xFA, 0x0E, 0x36, 0xD5, 0x41, 0xC7,
    0x5C, 0x52, 0x87, 0x89, 0xFA, 0xD7, 0x89, 0x5A, 0x42, 0x26, 0x97, 0x5F, 0x0E, 0x2C, 0x6D, 0x4B,
    0xCC, 0xF8, 0x3A, 0xA8, 0xA8, 0x37, 0x55, 0x5E, 0x6F, 0xB1, 0xC5, 0x99, 0xD0, 0x85, 0x26, 0xD4,
    0x3F, 0x6A, 0x7A, 0xD3, 0x4E, 0xF7, 0xBE, 0xD8, 0x95, 0x5B, 0xEC, 0xD7, 0xF2, 0xB9, 0x38, 0x23,
    0x9D, 0x48, 0x3E, 0x6B, 0x15, 0xD5, 0xB2, 0x37, 0xCD, 0xCF, 0xD0, 0xC3, 0xCD, 0xE1, 0x46, 0x6F,
    0xEC, 0x64, 0xA7, 0x76, 0x62, 0x7F, 0xDC, 0xFB, 0xE2, 0x66, 0x1E, 0x39, 0x68, 0xE9, 0xFA, 0xBC,
    0x9F, 0x7D, 0x15, 0xAB, 0xF4, 0x63, 0x1C, 0x0E, 0xF5, 0x60, 0x27, 0x23, 0x45, 0xF7, 0x84, 0x46,
    0x46, 0x8C, 0xBF, 0xE6, 0x14, 0xCB, 0x39, 0xCB, 0x97, 0xA9, 0x9F, 0xF6, 0xAC, 0x17, 0xB4, 0x3B,
    0xC5, 0x60, 0x5E, 0xFB, 0x6A, 0x3E, 0xFC, 0xA7, 0x2D, 0xF3, 0x19, 0x98, 0x5E, 0xF7, 0x77, 0xFF,
    0x5D, 0xC1, 0x9E, 0xB9, 0x9E, 0xF7, 0x3D, 0xE6, 0xD8, 0xA0, 0x43, 0xF3, 0xB5, 0xB8, 0xE6, 0x37,
    0x23, 0x39, 0x76, 0x07, 0xB3, 0x81, 0x6E, 0xCB, 0x6B, 0x5F, 0xBD, 0x2D, 0x16, 0xE3, 0x2E, 0xE6,
    0x75, 0xEC, 0x99, 0xF6, 0x5C, 0x67, 0x2E, 0x33, 0xF3, 0xBD, 0xA4, 0x45, 0x5C, 0x29, 0x9F, 0x39,
    0xD0, 0xDF, 0xA3, 0xEB, 0x29, 0x64, 0xA8, 0xC3, 0xD3, 0xF6, 0xB7, 0x93, 0x91, 0xB1, 0xFA, 0x8F,
    0x7F, 0xA9, 0x22, 0x8B, 0x53, 0xDF, 0xF5, 0xC3, 0x0D, 0x76, 0xCB, 0x3D, 0xF1, 0x46, 0xFA, 0x8B,
    0xB2, 0x5F, 0x17, 0xFD, 0x1A, 0xDA, 0x0D, 0x46, 0xFC, 0x3D, 0xE9, 0x69, 0x12, 0x65, 0x7A, 0x58,
    0xA4, 0xE7, 0x75, 0xDF, 0xE5, 0x9C, 0x5B, 0x0A, 0x4F, 0x19, 0xA8, 0x02, 0x75, 0xA0, 0x95, 0x90,
    0xBD, 0x0E, 0xBC, 0xD1, 0xFB, 0x83, 0x4A, 0x22, 0x37, 0x58, 0x6F, 0x83, 0xF1, 0xC6, 0xAB, 0x9F,
    0xB2, 0xA0, 0x7C, 0xF3, 0x87, 0xCE, 0x57, 0x22, 0x7D, 0x21, 0x7F, 0x33, 0xC8, 0xA8, 0xA6, 0xB6,
    0xAF, 0x87, 0xE5, 0xFA, 0x88, 0xF3, 0x8B, 0xBE, 0xF1, 0x65, 0x52, 0x14, 0x83, 0x82, 0xE9, 0x01,
    0x9C, 0xAF, 0xE0, 0xF4, 0x18, 0xCC, 0x15, 0xE8, 0x04, 0xAA, 0x87, 0x3A, 0xD2, 0x25, 0xFB, 0x4B,
    0xF1, 0x26, 0xDA, 0x70, 0x41, 0x13, 0xDA, 0xB0, 0xA2, 0x0E, 0x5D, 0x3C, 0xA6, 0x8A, 0xDF, 0xF5,
    0x8F, 0xB2, 0xFE, 0x2E, 0x3D, 0xA3, 0xFA, 0xE6, 0x9B, 0x94, 0x28, 0x7F, 0x1F, 0x87, 0x9E, 0xE2,
    0xF7, 0xE1, 0xDF, 0x22, 0x7C, 0x17, 0x2E, 0x03, 0x88, 0xB3, 0x59, 0x3B, 0x66, 0x6D, 0x31, 0x1E,
    0x4E, 0xD1, 0x8E, 0x76, 0xB2, 0xC9, 0x0C, 0x3A, 0xD6, 0x49, 0x51, 0x8E, 0x2B, 0xD8, 0x5E, 0x81,
    0xED, 0x41, 0x87, 0x4C, 0x04, 0x9B, 0xE0, 0xBF, 0x27, 0xCA, 0x78, 0x43, 0xED, 0xAC, 0x33, 0xCE,
    0xF4, 0x6D, 0xEC, 0x86, 0x6E, 0xD4, 0xE3, 0xD9, 0xD0, 0x0C, 0xCD, 0x72, 0x3D, 0xD6, 0xA1, 0x1C,
    0x1A, 0x5F, 0x8C, 0xCA, 0x31, 0x69, 0xB8, 0x38, 0x02, 0xBB, 0x02, 0x73, 0x0E, 0x6A, 0x84, 0x26,
    0x41, 0x9D, 0xA9, 0x22, 0xD4, 0xAF, 0xFE, 0x8F, 0xA5, 0xB8, 0x01, 0x3D, 0x81, 0x8A, 0xD0, 0xC9,
    0xD8, 0x49, 0xBA, 0xAA, 0xE3, 0x33, 0x15, 0x30, 0x70, 0x0A, 0x13, 0xC5, 0x40, 0xD5, 0xD3, 0x04,
    0xB4, 0x3B, 0xB6, 0x5C, 0x75, 0xCB, 0xDB, 0x86, 0x3F, 0x82, 0x8E, 0x72, 0xD8, 0xFF, 0xEC, 0xD5,
    0x0B, 0x2F, 0xFB, 0xD9, 0xAB, 0x40, 0xEB, 0x66, 0xAF, 0xC2, 0xBE, 0x65, 0x89, 0xBE, 0x4A, 0xCE,
    0x1D, 0xE9, 0xA0, 0xE0, 0xEA, 0x8D, 0xC7, 0x01, 0x58, 0x4F, 0x9D, 0x7B, 0x27, 0x8A, 0x94, 0x75,
    0xF1, 0x7E, 0xF1, 0x38, 0xB7, 0xD0, 0x65, 0x5F, 0x42, 0x91, 0xAA, 0x5F, 0xDA, 0xD3, 0xAB, 0xE4,
    0xA6, 0x9F, 0xBB, 0x1F, 0x80, 0x0A, 0x8F, 0xEC, 0x70, 0xB5, 0x6A, 0xD3, 0xA3, 0x26, 0xFE, 0x2F,
    0xBD, 0x98, 0x3F, 0x6C, 0x1D, 0x47, 0x7E, 0xC7, 0x3F, 0xB3, 0x63, 0x71, 0x71, 0x1E, 0x8B, 0xA3,
    0xE2, 0x54, 0x91, 0xD2, 0xBA, 0x54, 0x00, 0x8A, 0xEB, 0x00, 0x4A, 0xC2, 0xE2, 0x91, 0x3B, 0xD6,
    0x15, 0x46, 0xE0, 0x2B, 0x54, 0x1C, 0x52, 0xBB, 0x4C, 0x67, 0x15, 0x2C, 0x04, 0x1C, 0xC9, 0x9D,
    0xC0, 0x45, 0x8A, 0x14, 0xD6, 0xD5, 0x41, 0x10, 0x15, 0xE9, 0xC3, 0x00, 0x0C, 0x40, 0x04, 0x4F,
    0xDA, 0xD1, 0x5D, 0xE1, 0x32, 0x7B, 0x76, 0x71, 0xC5, 0x15, 0x5E, 0xDC, 0x39, 0xA9, 0x12, 0x78,
    0x13, 0x6C, 0x82, 0x15, 0x6E, 0xF7, 0xFD, 0x32, 0x83, 0x07, 0x29, 0x8C, 0x02, 0xFB, 0x2C, 0xF0,
    0x8E, 0xBB, 0xBF, 0xEF, 0x67, 0xFE, 0x61, 0xBE, 0xDF, 0x79, 0x58, 0xF0, 0x71, 0xF1, 0x76, 0xA9,
    0x5D, 0xED, 0x76, 0x81, 0xEB, 0xDC, 0x8A, 0xF7, 0x6D, 0x76, 0xD3, 0x4D, 0x75, 0xE1, 0x86, 0x96,
    0x2C, 0xD0, 0x84, 0x5C, 0x06, 0xFB, 0xC1, 0x78, 0xF0, 0xF6, 0xD9, 0xE2, 0x3A, 0x47, 0xEF, 0xB0,
    0xDC, 0x61, 0xB9, 0xC7, 0xD1, 0x3D, 0x8E, 0x1F, 0x52, 0x3D, 0xA1, 0xEC, 0xEE, 0x18, 0x19, 0xB4,
    0x38, 0xED, 0xC8, 0x81, 0xA6, 0x25, 0x97, 0x11, 0xDB, 0x9E, 0x50, 0x3A, 0x4B, 0x45, 0x1E, 0x95,
    0xC5, 0x3E, 0xD8, 0x00, 0x22, 0x1D, 0x49, 0x59, 0x0F, 0x2A, 0x8A, 0xD4, 0xB6, 0xA0, 0x03, 0x18,
    0xA0, 0x10, 0x71, 0x95, 0x08, 0x37, 0x70, 0xFB, 0x73, 0x5F, 0x4A, 0x6B, 0xF3, 0xB0, 0xAD, 0xC2,
    0x8E, 0x6A, 0x23, 0x63, 0x3F, 0xCE, 0xC4, 0xF9, 0xB8, 0x5A, 0x4B, 0x26, 0x61, 0xEB, 0x05, 0x27,
    0x4E, 0x4D, 0x1C, 0x42, 0x9D, 0x5C, 0x8A, 0xCF, 0x1C, 0xE8, 0x39, 0x4A, 0x64, 0x5C, 0x03, 0x35,
    0xB0, 0xC6, 0xEB, 0x73, 0xAF, 0x61, 0x63, 0x06, 0x2A, 0x09, 0x9C, 0xBD, 0xBA, 0x00, 0xB8, 0x38,
    0x6E, 0x06, 0x72, 0x99, 0xB1, 0xFE, 0x19, 0x05, 0xDB, 0x94, 0x40, 0xD1, 0x82, 0x95, 0xC7, 0xE8,
    0x38, 0x6F, 0xFE, 0x5A, 0x58, 0x50, 0xBA, 0x73, 0xAC, 0x1F, 0xB1, 0x6E, 0xA6, 0xA0, 0xFE, 0x97,
    0x25, 0xA5, 0x74, 0xA8, 0x26, 0xE5, 0x4E, 0xC0, 0x3E, 0xDB, 0x2C, 0xA8, 0x5C, 0x9A, 0x1F, 0x30,
    0xE2, 0xB9, 0x6B, 0x7C, 0x65, 0x43, 0x24, 0x5B, 0x2B, 0x07, 0x83, 0x1A, 0xC8, 0x3D, 0xB7, 0xD8,
    0x84, 0xCF, 0xD8, 0xC9, 0xE4, 0xA7, 0xE1, 0x5E, 0xA1, 0x9E, 0x87, 0x87, 0x0B, 0x42, 0xFB, 0xF0,
    0x11, 0x74, 0x0F, 0xCF, 0x5E, 0xE1, 0x3C, 0x21, 0x2D, 0xDC, 0x2B, 0xDF, 0x7F, 0x1E, 0x76, 0x36,
    0xE4, 0x7E, 0xD8, 0x84, 0x7C, 0x6D, 0x90, 0xAC, 0x48, 0xA6, 0xE4, 0x33, 0x3B, 0x05, 0xDF, 0xB7,
    0xA8, 0x86, 0xE2, 0x6F, 0x59, 0x58, 0x16, 0x05, 0xC5, 0x2F, 0x5A, 0x00, 0xA8, 0xA4, 0x8D, 0xC5,
    0x47, 0xD7, 0x54, 0xBF, 0x9B, 0x87, 0x65, 0x71, 0x7F, 0xA8, 0x4D, 0x37, 0xD9, 0x30, 0xDB, 0xB6,
    0xD2, 0xBD, 0x0D, 0xA3, 0x6E, 0xF7, 0xE9, 0x37, 0x81, 0x46, 0xC6, 0x58, 0xF0, 0xE8, 0x62, 0xD5,
    0x63, 0x3D, 0x66, 0xE2, 0x36, 0xD5, 0x93, 0x3F, 0x92, 0x3B, 0xEF, 0x7D, 0xF1, 0xC3, 0x8F, 0xBE,
    0x78, 0xE7, 0xC9, 0xEA, 0x9D, 0x8F, 0x7E, 0xF1, 0xCE, 0x1F, 0x7E, 0xF1, 0xC3, 0x7B, 0xDC, 0xD9,
    0x54, 0xA7, 0x71, 0xB5, 0x99, 0x9B, 0xB9, 0x68, 0xEF, 0xED, 0x3D, 0xD9, 0xEE, 0xB6, 0x9F, 0x6C,
    0xDF, 0xDB, 0x2B, 0x5A, 0x0E, 0xB9, 0x58, 0xB5, 0x8C, 0xB1, 0xFE, 0xFF, 0x4C, 0x3E, 0x72, 0x67,
    0x9F, 0xF7, 0x6E, 0xC3, 0x2E, 0x2C, 0x60, 0x20, 0x6B, 0x31, 0x50, 0x08, 0x95, 0x60, 0x86, 0x3B,
    0x8B, 0x77, 0x17, 0x1C, 0xEA, 0x49, 0xD5, 0x14, 0x14, 0x7B, 0x77, 0xCB, 0xCE, 0x86, 0xD2, 0x2D,
    0x38, 0xE5, 0x88, 0xE5, 0x77, 0xD6, 0x89, 0x9A, 0xA8, 0xA5, 0x79, 0xFC, 0xE3, 0xA1, 0xF4, 0x8F,
    0x80, 0xA4, 0xA3, 0x0B, 0x3A, 0x06, 0x32, 0x91, 0xA9, 0x10, 0xF9, 0xAA, 0x92, 0x9F, 0xF9, 0xA4,
    0x3A, 0xEA, 0x65, 0xBF, 0x8C, 0x32, 0x51, 0xFC, 0x59, 0x54, 0xF6, 0x06, 0x52, 0xEF, 0xBB, 0x5D,
    0x6A, 0x6A, 0x76, 0x51, 0x5C, 0xE7, 0x2E, 0xA5, 0xD7, 0xE1, 0xF3, 0xF0, 0x0C, 0xDD, 0x96, 0xED,
    0x9F, 0xB4, 0xFA, 0x7F, 0xEF, 0xAE, 0x98, 0xF2, 0x99, 0xDB, 0xC6, 0x2F, 0x74, 0x58, 0x64, 0x6D,
    0x2A, 0x1D, 0x76, 0x8D, 0x8F, 0x93, 0x17, 0x1F, 0xE3, 0xBB, 0x1B, 0xF0, 0xC8, 0x78, 0x76, 0x75,
    0x87, 0x0D, 0x23, 0x79, 0x1F, 0xBD, 0x86, 0x0A, 0xDD, 0x57, 0x98, 0x76, 0xA2, 0xB8, 0xDF, 0xB3,
    0x9F, 0x07, 0x0E, 0x0D, 0x00, 0x64, 0x1D, 0xB9, 0x2F, 0x3A, 0x2C, 0x7F, 0xDC, 0x71, 0x37, 0x0D,
    0xF7, 0x12, 0xFA, 0x08, 0xD5, 0x46, 0x68, 0x1F, 0x61, 0x89, 0xB8, 0x65, 0xBD, 0x9D, 0x16, 0xA5,
    0x87, 0xD3, 0x1F, 0x7B, 0x54, 0xF7, 0x4B, 0x8F, 0xFE, 0xE9, 0x5F, 0x79, 0x8C, 0x36, 0x9E, 0x4D,
    0x23, 0x13, 0x0B, 0x62, 0xEF, 0x30, 0xA1, 0xA3, 0xEE, 0x93, 0xB3, 0x7B, 0xE9, 0xBC, 0x93, 0x4C,
    0x1F, 0xBD, 0x74, 0xCE, 0x5E, 0x73, 0x2E, 0xDB, 0x62, 0xDA, 0x6B, 0x7B, 0xF8, 0x87, 0x70, 0x86,
    0x6A, 0x19, 0xD0, 0x41, 0xF5, 0x98, 0xD8, 0x70, 0x1B, 0x0B, 0x0B, 0x16, 0x70, 0x46, 0x33, 0xD1,
    0x21, 0x53, 0x91, 0x4E, 0xFA, 0x70, 0x60, 0x0F, 0x77, 0x46, 0x0F, 0xE9, 0xA4, 0x66, 0xD0, 0x9E,
    0x6B, 0x4B, 0x03, 0x2C, 0x6E, 0x25, 0x2C, 0xA0, 0x3B, 0x3B, 0xDD, 0xA7, 0xFE, 0x49, 0x37, 0x83,
    0x7E, 0x1E, 0x61, 0x7E, 0xB0, 0x0F, 0x9B, 0xD7, 0x23, 0x16, 0xDB, 0x11, 0x87, 0x95, 0x74, 0x74,
    0xEC, 0x93, 0x85, 0x88, 0xDC, 0x65, 0x92, 0x5A, 0x9A, 0x54, 0xA9, 0x03, 0xEC, 0xB0, 0x2E, 0x33,
    0x53, 0xCD, 0x34, 0x8E, 0x09, 0x46, 0x52, 0x2D, 0xD9, 0xA9, 0xDE, 0x5F, 0x15, 0x32, 0x2B, 0xE9,
    0x28, 0x3D, 0x60, 0x03, 0x90, 0xB5, 0x00, 0xA7, 0x5C, 0xBC, 0xD4, 0x04, 0x64, 0x33, 0xA0, 0x05,
    0xC8, 0x6B, 0xC0, 0x16, 0x3E, 0xC2, 0x06, 0xB8, 0x65, 0x5A, 0x58, 0xE4, 0x5D, 0x84, 0xEE, 0xE1,
    0x2C, 0x1B, 0x40, 0x64, 0x5A, 0x23, 0xDA, 0x9D, 0xA0, 0x03, 0x15, 0x79, 0xA0, 0x74, 0xC6, 0x61,
    0x7D, 0xE1, 0x29, 0xBB, 0xAA, 0xA5, 0x19, 0xC0, 0x74, 0x80, 0xF5, 0xC0, 0x2E, 0xC0, 0xDE, 0x55,
    0xE5, 0x4E, 0x80, 0x5E, 0x01, 0xE6, 0x53, 0x07, 0xB7, 0x75, 0xB8, 0x9A, 0xDC, 0xDC, 0x07, 0xB0,
    0xFF, 0x11, 0xB1, 0x5D, 0x27, 0x14, 0xEE, 0x6A, 0x72, 0x0B, 0x1D, 0xA0, 0xFC, 0xA0, 0x85, 0xE2,
    0xAA, 0x3E, 0x2A, 0x23, 0x90, 0xFD, 0x29, 0xA0, 0x37, 0x5E, 0xF6, 0x18, 0xAF, 0x20, 0x97, 0x4A,
    0xA4, 0x07, 0x24, 0x35, 0x28, 0x09, 0xF4, 0xA0, 0xFF, 0x39, 0x70, 0x9A, 0x9E, 0x76, 0x00, 0x28,
    0x6C, 0x00, 0xD8, 0x5F, 0x37, 0xE7, 0xEB, 0xA6, 0xB7, 0x22, 0x1E, 0xDD, 0xC6, 0xC6, 0x61, 0x44,
    0x02, 0x60, 0xD7, 0xCD, 0x01, 0x36, 0x00, 0x47, 0xEB, 0xA6, 0x4F, 0xCD, 0x47, 0x59, 0x97, 0x9A,
    0x61, 0x6B, 0xE0, 0xE3, 0x18, 0x54, 0x4D, 0xAC, 0xF3, 0xB8, 0x8E, 0x91, 0xA7, 0x34, 0x32, 0xEB,
    0x91, 0xA7, 0x36, 0x70, 0x50, 0xC2, 0xED, 0x03, 0xD8, 0x3C, 0x06, 0x9E, 0x02, 0x4B, 0xD6, 0x6D,
    0xD2, 0x09, 0x50, 0xC1, 0xF7, 0x2A, 0xCF, 0x66, 0xD1, 0xB2, 0x9B, 0xCF, 0x1C, 0x2B, 0x91, 0x99,
    0x2D, 0xF9, 0x0A, 0x5A, 0xC8, 0xBA, 0xA8, 0x09, 0x58, 0xC0, 0xF7, 0x76, 0xC0, 0x74, 0xE4, 0x3D,
    0xA8, 0x01, 0x38, 0x02, 0x6E, 0xF1, 0xEA, 0x6A, 0x44, 0xBA, 0x3A, 0xAA, 0x70, 0x2A, 0x8A, 0x24,
    0xFE, 0x8F, 0x44, 0xD6, 0x72, 0xBC, 0xAE, 0x27, 0x51, 0x7D, 0xDC, 0xDB, 0x4B, 0xDC, 0x8F, 0x9A,
    0x40, 0xF7, 0x90, 0x07, 0xB0, 0xBF, 0x07, 0xFF, 0xD2, 0x41, 0x1D, 0xE0, 0x3F, 0x7B, 0x74, 0x78,
    0xF4, 0x3B, 0xF7, 0xD7, 0xED, 0x39, 0x79, 0x37, 0xA1, 0xDB, 0xB3, 0xDF, 0xB9, 0x77, 0x4D, 0x9A,
    0xCA, 0x03, 0xAA, 0x05, 0x00, 0x2A, 0x71, 0xC5, 0x8A, 0xAC, 0xFF, 0xAE, 0x65, 0x5E, 0xA4, 0x2D,
    0xD4, 0x30, 0xA1, 0x7A, 0x74, 0x00, 0x00, 0x64, 0xA6, 0x1E, 0x31, 0xE1, 0xBB, 0x56, 0xF9, 0x15,
    0x32, 0x93, 0x0D, 0xE4, 0x13, 0xB6, 0x64, 0x91, 0xFB, 0xCB, 0x9C, 0x67, 0xDF, 0xF8, 0x13, 0x1B,
    0xF6, 0x8D, 0xBB, 0x8C, 0x89, 0xC8, 0xCA, 0x51, 0x8A, 0xC4, 0x71, 0xC8, 0xE7, 0x08, 0x9A, 0x84,
    0xD2, 0x47, 0xD8, 0xF0, 0x12, 0x26, 0x88, 0x04, 0xD3, 0x26, 0xAC, 0x87, 0xAF, 0x56, 0x7D, 0x44,
    0x49, 0xC4, 0xB3, 0x64, 0x30, 0x25, 0xAB, 0x8E, 0x68, 0x0A, 0xE4, 0xE1, 0x5B, 0xBE, 0x37, 0xEB,
    0x1E, 0xE9, 0xAB, 0x91, 0xA6, 0x33, 0x33, 0x16, 0xD3, 0x24, 0xFC, 0xBD, 0x8B, 0xF8, 0x34, 0x44,
    0xFC, 0x65, 0x1B, 0xF1, 0x49, 0x1F, 0xF1, 0x17, 0x43, 0x84, 0x9F, 0x12, 0x0E, 0x12, 0xCA, 0x04,
    0xFB, 0x69, 0x84, 0xF9, 0x32, 0x42, 0x4B, 0x84, 0x12, 0xCA, 0x16, 0xA1, 0x19, 0xA9, 0x49, 0x05,
    0x29, 0x8C, 0x3C, 0x00, 0xAA, 0xE5, 0xC2, 0xB5, 0x7E, 0xDD, 0x15, 0xE9, 0xC9, 0x87, 0x8D, 0x09,
    0x1B, 0xA8, 0x29, 0xA1, 0x74, 0x07, 0xC4, 0xC1, 0x71, 0xC2, 0x53, 0x30, 0xED, 0x92, 0x35, 0xF2,
    0x36, 0x0D, 0xDB, 0x93, 0x88, 0x50, 0xA5, 0xD5, 0xD2, 0x51, 0x38, 0x1B, 0xA8, 0xC8, 0xC7, 0x6C,
    0x42, 0x25, 0xAB, 0xB5, 0x29, 0x45, 0x00, 0x4A, 0x80, 0x05, 0xC0, 0xE9, 0x15, 0xE5, 0x66, 0x03,
    0x90, 0x4F, 0x80, 0x2D, 0x80, 0x45, 0xEE, 0xAF, 0x26, 0xD7, 0xDE, 0xF7, 0x50, 0xFE, 0x3A, 0x62,
    0x4F, 0x80, 0x7B, 0xBB, 0x5C, 0x4D, 0xEE, 0xBE, 0xF1, 0x70, 0x60, 0xC3, 0xBA, 0x77, 0x15, 0x91,
    0xEF, 0x66, 0x9C, 0x9B, 0x70, 0x50, 0x62, 0x27, 0x74, 0x1F, 0x57, 0x29, 0x8E, 0x39, 0xB6, 0xEE,
    0x4C, 0xFB, 0x75, 0xEE, 0x0F, 0x5A, 0x44, 0x7E, 0xE3, 0xF4, 0x98, 0xC9, 0x3A, 0xB7, 0x70, 0x88,
    0xAF, 0xD2, 0x7F, 0xB0, 0x03, 0xEC, 0x87, 0xED, 0x31, 0x77, 0xF3, 0xEE, 0x98, 0xF3, 0x08, 0xD5,
    0xE5, 0xDD, 0x89, 0x0E, 0x79, 0x57, 0x59, 0xF2, 0xB6, 0x5A, 0x60, 0x42, 0x31, 0x60, 0xBD, 0xED,
    0xA8, 0x30, 0xA3, 0x9A, 0x29, 0x52, 0xEE, 0x22, 0xE5, 0x62, 0x5B, 0x48, 0x89, 0xC0, 0x00, 0xB0,
    0xC3, 0x85, 0xAB, 0x12, 0xAA, 0x69, 0xEB, 0x05, 0x5B, 0x5F, 0xE9, 0x0E, 0x1D, 0xDE, 0x0C, 0x7D,
    0x44, 0xD6, 0x93, 0x7B, 0x35, 0x62, 0x1D, 0x2B, 0x77, 0x92, 0x0C, 0x47, 0xD8, 0x90, 0xC7, 0x40,
    0x36, 0x02, 0xBA, 0x03, 0x8C, 0x07, 0xAE, 0x5F, 0x55, 0x6E, 0x05, 0x20, 0x1E, 0xB2, 0x5F, 0xB7,
    0x90, 0xFB, 0xFE, 0x6A, 0x72, 0xF3, 0xD0, 0x83, 0xF9, 0x7C, 0x48, 0xBD, 0xAB, 0x89, 0xFC, 0xF6,
    0xB7, 0x68, 0x59, 0x21, 0x7D, 0xF3, 0x82, 0xA6, 0x35, 0x1D, 0x05, 0x7A, 0x60, 0x81, 0x9A, 0x38,
    0x87, 0x86, 0x1E, 0xAA, 0xFB, 0x2D, 0xD8, 0xCF, 0x3C, 0x18, 0x01, 0xF4, 0x0C, 0x30, 0x01, 0x8C,
    0xDF, 0x80, 0x8D, 0x95, 0x03, 0x2B, 0x01, 0x99, 0xA1, 0xE8, 0xC0, 0x84, 0x28, 0x79, 0x11, 0x25,
    0xC1, 0x84, 0xAD, 0xDE, 0x04, 0x1D, 0xA5, 0x86, 0xA8, 0x71, 0xDD, 0xA6, 0xB1, 0xE9, 0x4D, 0x5A,
    0x97, 0x19, 0x13, 0x20, 0xE9, 0xE3, 0x11, 0x92, 0xC7, 0xFA, 0x43, 0x54, 0x32, 0xC0, 0x9C, 0x4D,
    0xA8, 0x9E, 0x25, 0xBA, 0x5B, 0x63, 0x20, 0xEF, 0x74, 0x4B, 0xD5, 0x59, 0xC7, 0x56, 0xB7, 0x4B,
    0x9C, 0x3B, 0x48, 0xA8, 0x5C, 0x44, 0x31, 0x44, 0xE4, 0x12, 0x41, 0xED, 0x23, 0x6C, 0xD0, 0xDD,
    0xE3, 0x3C, 0xE2, 0x34, 0xE1, 0xAC, 0xF0, 0xE5, 0x5C, 0x0B, 0xD5, 0x5C, 0x8E, 0xDC, 0x04, 0x4A,
    0xBF, 0xCE, 0xCD, 0x3A, 0xE0, 0x14, 0x00, 0x32, 0x71, 0x94, 0xD2, 0x72, 0x92, 0xF7, 0x4C, 0x59,
    0xCF, 0x8D, 0x28, 0xA2, 0x54, 0xD3, 0x53, 0xFC, 0x6B, 0xCF, 0x49, 0x3A, 0x8D, 0x5A, 0xAF, 0x3D,
    0x35, 0x03, 0xF5, 0x4A, 0x7C, 0xD1, 0x9D, 0x80, 0x7A, 0x00, 0xB6, 0x85, 0xC2, 0xC1, 0x3E, 0x70,
    0x78, 0x49, 0xBF, 0x1F, 0x81, 0x9A, 0x40, 0x7F, 0x0D, 0xF6, 0x43, 0xCF, 0xAD, 0x2C, 0x5C, 0xCA,
    0x4F, 0xE1, 0xB0, 0x3F, 0x0F, 0xD8, 0xFF, 0x0E, 0x6C, 0x57, 0x9E, 0x6D, 0xCB, 0xA5, 0xFC, 0xDE,
    0x52, 0x8E, 0x32, 0x6F, 0xA9, 0x4C, 0xC7, 0xED, 0xCC, 0x03, 0x97, 0xF3, 0xE3, 0x01, 0xA8, 0x7F,
    0x03, 0xBD, 0xB1, 0x56, 0xF6, 0x37, 0xC0, 0xD9, 0xE5, 0x3C, 0x33, 0xB9, 0xBF, 0xA2, 0x94, 0xAF,
    0x25, 0x1C, 0xEB, 0x95, 0xEE, 0x97, 0x6A, 0xA2, 0x47, 0x0D, 0x0C, 0x94, 0x22, 0x63, 0x2E, 0x11,
    0xE5, 0x4F, 0x06, 0x38, 0x56, 0x23, 0xC4, 0xD5, 0x88, 0x6C, 0x86, 0x67, 0x79, 0xED, 0xFF, 0xBC,
    0x9A, 0x0A, 0xE9, 0x4D, 0x97, 0xAD, 0x1C, 0x4D, 0x67, 0x64, 0x2A, 0xDE, 0x1F, 0x16, 0xDC, 0x58,
    0xC2, 0x39, 0x8C, 0xA4, 0x9A, 0x60, 0x09, 0x27, 0x50, 0xF9, 0x3B, 0x56, 0x7A, 0xB5, 0x72, 0xBC,
    0x07, 0xA7, 0xA8, 0x19, 0x0A, 0x32, 0x8B, 0xFE, 0x77, 0xD4, 0x03, 0x6E, 0x3A, 0x8A, 0x80, 0xEE,
    0xA0, 0x87, 0x7B, 0x00, 0x4A, 0x9C, 0x95, 0xAE, 0xBC, 0x1F, 0x0D, 0xC7, 0x25, 0x4B, 0x91, 0x29,
    0xD6, 0x45, 0xC3, 0xB2, 0xDD, 0xB6, 0x32, 0x28, 0x71, 0x69, 0x7F, 0xDE, 0x63, 0x03, 0x05, 0xDC,
    0x79, 0xC3, 0xBD, 0xDF, 0x87, 0x15, 0x99, 0xB8, 0xFC, 0x67, 0x61, 0x93, 0xEE, 0x8D, 0xF6, 0x5E,
    0xC3, 0xD9, 0x4F, 0xFA, 0xE2, 0x93, 0xFE, 0x6D, 0xD5, 0xC2, 0x9B, 0xE5, 0xDE, 0x84, 0x0A, 0xAC,
    0x47, 0x07, 0xE8, 0x00, 0x78, 0x84, 0x1D, 0x31, 0x23, 0x7C, 0x73, 0x6D, 0xCC, 0x58, 0x71, 0xDC,
    0xE4, 0xD5, 0x8B, 0x70, 0xE6, 0x01, 0x54, 0x47, 0xD5, 0x51, 0x76, 0xE8, 0x6F, 0xAE, 0xAD, 0x81,
    0x6A, 0x86, 0x07, 0xE8, 0x11, 0x33, 0x53, 0x58, 0x16, 0xDA, 0xBF, 0x51, 0xEE, 0x5B, 0x8A, 0x03,
    0x1B, 0x6A, 0x1B, 0xFE, 0x20, 0x77, 0xC0, 0x1B, 0xED, 0x7D, 0x9B, 0x77, 0xB1, 0xC3, 0x00, 0x4D,
    0x80, 0xB2, 0x85, 0x7F, 0x1A, 0xC8, 0xDA, 0x25, 0x70, 0x80, 0x5A, 0x95, 0x18, 0xF9, 0x92, 0xD2,
    0x37, 0xEE, 0x80, 0xCA, 0x2F, 0x29, 0xA2, 0xAC, 0x9F, 0xD6, 0x4A, 0x7D, 0x17, 0xE7, 0x38, 0xA0,
    0xA4, 0xF4, 0x4F, 0x31, 0x32, 0xA0, 0x1A, 0x0F, 0xF1, 0x40, 0x54, 0x1F, 0x44, 0xFD, 0x12, 0x1E,
    0xAE, 0xA2, 0x16, 0x00, 0x6C, 0x3C, 0x7F, 0x46, 0xF5, 0xA5, 0x84, 0x42, 0x9A, 0x4E, 0x77, 0xE9,
    0x8B, 0x50, 0xF7, 0xDF, 0xA6, 0xAD, 0x21, 0x1F, 0xAA, 0xA9, 0x94, 0x6B, 0x0E, 0x4C, 0x07, 0x59,
    0x0F, 0x9C, 0x03, 0x3B, 0x00, 0xC4, 0xAC, 0xC7, 0x18, 0x19, 0x49, 0xD9, 0x07, 0x54, 0x1C, 0x51,
    0xB8, 0xD7, 0xCE, 0x17, 0x55, 0xB8, 0xD7, 0xCF, 0x87, 0x7A, 0x00, 0x79, 0x0F, 0x36, 0xC0, 0x6D,
    0x60, 0xEF, 0x92, 0x7E, 0x37, 0x81, 0xDA, 0xC1, 0x6F, 0x02, 0xFA, 0xF3, 0x8E, 0xDC, 0x9D, 0x5D,
    0xCE, 0xCF, 0xDD, 0x40, 0x0F, 0x0F, 0xD1, 0xF3, 0x29, 0xB9, 0xED, 0xC8, 0x75, 0xB8, 0x94, 0x9F,
    0xE2, 0x01, 0xE6, 0xF9, 0x80, 0xFD, 0xF9, 0x48, 0xE6, 0x9F, 0x00, 0x5C, 0xCA, 0x8F, 0x73, 0x98,
    0x48, 0x04, 0x78, 0xF9, 0x4B, 0x31, 0xC0, 0x85, 0xA5, 0xE6, 0x8B, 0x90, 0x8B, 0xB8, 0xC2, 0x37,
    0x54, 0xD4, 0xEC, 0x23, 0xFE, 0x28, 0xBE, 0xF3, 0x2D, 0xAD, 0x0D, 0xCB, 0xBB, 0x26, 0x1C, 0x1D,
    0xDA, 0x70, 0xD2, 0x59, 0x5F, 0xF9, 0x82, 0xC2, 0x9F, 0x50, 0xC9, 0xC8, 0x3F, 0xC6, 0xF3, 0xA4,
    0x47, 0xA3, 0x7B, 0x60, 0x04, 0x16, 0xC0, 0x26, 0x00, 0x54, 0xBE, 0x0A, 0xA5, 0x2F, 0xBD, 0xFD,
    0x6D, 0x77, 0xB0, 0xDE, 0xFC, 0x57, 0xE3, 0xB5, 0x48, 0xA7, 0xE4, 0xC3, 0x01, 0x7E, 0x04, 0x17,
    0x7F, 0x01, 0x30, 0x97, 0xF4, 0xBB, 0x06, 0x54, 0x01, 0x9A, 0x16, 0xD5, 0xF7, 0xE8, 0xB0, 0x77,
    0x39, 0xBF, 0xF4, 0xAC, 0xBB, 0x09, 0xDD, 0x4F, 0x64, 0xED, 0x21, 0xC0, 0xE5, 0xFC, 0xB8, 0x09,
    0xD4, 0xC0, 0x04, 0xAA, 0x87, 0xCC, 0x03, 0xD0, 0x8C, 0xC5, 0xF8, 0xF1, 0x60, 0x06, 0xD3, 0xA5,
    0xBF, 0xAC, 0x3C, 0x64, 0x83, 0xF1, 0x6A, 0xB4, 0x8E, 0xA9, 0x80, 0xE3, 0x5D, 0xA8, 0x16, 0x50,
    0x1E, 0x81, 0x1D, 0xC1, 0xF4, 0x90, 0x47, 0xE9, 0x16, 0xF2, 0x00, 0xD6, 0x43, 0xE9, 0x50, 0xCF,
    0xA0, 0x98, 0xC0, 0xB6, 0xB0, 0xD1, 0x43, 0xDD, 0x41, 0x11, 0xA5, 0x2F, 0xEA, 0x57, 0x2B, 0x97,
    0xCE, 0xA2, 0x87, 0x7C, 0xD0, 0x9D, 0x1A, 0xE3, 0xDC, 0x14, 0xB5, 0x7C, 0x4D, 0xA3, 0xEE, 0xD5,
    0xA0, 0xA7, 0xBC, 0xD7, 0x5F, 0x4B, 0xD0, 0xBF, 0x9A, 0xD1, 0xAF, 0xF9, 0x98, 0x01, 0x2A, 0x01,
    0x6E, 0xBC, 0x05, 0x63, 0x85, 0x9A, 0x2A, 0xF8, 0xBB, 0x5B, 0x00, 0xBF, 0x97, 0xCF, 0xF3, 0x3F,
    0xBD, 0x99, 0x01, 0x84, 0x25, 0xD7, 0x9E, 0xC6, 0x7F, 0x55, 0x27, 0x33, 0x65, 0x53, 0x2F, 0x53,
    0x83, 0x09, 0x6B, 0x3B, 0x99, 0x7A, 0x80, 0x60, 0xA6, 0xEB, 0x59, 0x59, 0xDA, 0xBA, 0xD3, 0x75,
    0x92, 0x67, 0x05, 0x41, 0x1A, 0x09, 0x58, 0xEC, 0x03, 0x2C, 0x6B, 0x75, 0x30, 0xE8, 0x65, 0xBA,
    0xEB, 0xBC, 0x0D, 0x1E, 0x16, 0x19, 0x0B, 0x0B, 0xC8, 0xE0, 0xB1, 0x36, 0xB0, 0x8D, 0xC1, 0x2C,
    0x77, 0xBA, 0xCE, 0x24, 0x6C, 0xB0, 0x48, 0xAD, 0xC7, 0x42, 0x90, 0x13, 0xDB, 0x59, 0xB0, 0xCC,
    0x79, 0xEF, 0xD5, 0x4A, 0x8D, 0x57, 0xF7, 0xFE, 0xF7, 0x9C, 0xE9, 0xDB, 0xAD, 0x7B, 0xE6, 0xA5,
    0x33, 0xF7, 0x75, 0xCF, 0xFC, 0xEB, 0x7C, 0xBF, 0x33, 0x73, 0x6F, 0x39, 0xF5, 0x7D, 0xA7, 0x6E,
    0x9D, 0xBA, 0xD5, 0x97, 0x42, 0x2C, 0x44, 0x3C, 0x59, 0xC9, 0x08, 0xA4, 0x33, 0x40, 0x09, 0x90,
    0x35, 0x40, 0x51, 0x9A, 0x80, 0xC2, 0xC2, 0xEB, 0x79, 0x07, 0x93, 0xCC, 0x05, 0x28, 0x0F, 0x77,
    0xD3, 0x1E, 0x44, 0xC6, 0x03, 0xA4, 0x1D, 0x3B, 0x28, 0x4B, 0x4D, 0x66, 0xA9, 0x74, 0xAE, 0x29,
    0x4C, 0x69, 0xA8, 0x5C, 0xDD, 0xD1, 0xF6, 0x17, 0x3E, 0xD0, 0x94, 0x62, 0x79, 0xF9, 0x53, 0xC3,
    0xF1, 0x4A, 0x45, 0x53, 0x49, 0xC7, 0x4E, 0xE6, 0x19, 0x53, 0xCF, 0xE5, 0x20, 0x82, 0x92, 0xD6,
    0x53, 0xFE, 0x8F, 0x67, 0x27, 0xF1, 0x4C, 0x83, 0xE2, 0x7B, 0xF7, 0xF3, 0x9E, 0x66, 0x2E, 0xA6,
    0x74, 0x3B, 0xF0, 0xA3, 0xC4, 0xC2, 0x25, 0x65, 0x21, 0x17, 0x1D, 0x3D, 0xBF, 0x98, 0x1C, 0xAF,
    0x61, 0x79, 0x25, 0xB5, 0x14, 0x7F, 0x69, 0xC8, 0x04, 0x92, 0x47, 0x67, 0xCC, 0x71, 0xFE, 0x4E,
    0x8B, 0xE8, 0x34, 0xEB, 0x81, 0x1C, 0xE0, 0x75, 0x80, 0xC9, 0x11, 0xEA, 0x0E, 0xA8, 0xF4, 0x1F,
    0xE6, 0xB7, 0x01, 0x5E, 0x03, 0xD6, 0x00, 0xBF, 0x90, 0x18, 0x10, 0xE0, 0x0A, 0x50, 0x58, 0xA8,
    0x80, 0x09, 0xB0, 0xCB, 0x51, 0xE5, 0x72, 0x9B, 0x56, 0x66, 0x6A, 0xE0, 0x7E, 0x61, 0x59, 0xAD,
    0xE0, 0x8F, 0xD6, 0x81, 0x6D, 0xE0, 0x3E, 0x30, 0x5D, 0xF4, 0x51, 0x3B, 0x40, 0x1D, 0x65, 0xA0,
    0xEC, 0x20, 0x9B, 0xF1, 0xB7, 0x49, 0x0C, 0xBB, 0x12, 0xC6, 0x48, 0x36, 0x28, 0x3A, 0x4A, 0xCD,
    0x0D, 0xB8, 0x09, 0x40, 0xEB, 0x72, 0x19, 0xCB, 0xB7, 0xFA, 0x09, 0x97, 0xA7, 0x70, 0x0F, 0x86,
    0xD8, 0x18, 0x61, 0x0A, 0x3B, 0x50, 0x9B, 0x37, 0x0A, 0xF1, 0xC9, 0x5C, 0x93, 0xF6, 0x90, 0x8D,
    0x50, 0xFC, 0x15, 0x4C, 0x32, 0x73, 0xEE, 0xDE, 0xAE, 0x80, 0x90, 0x8A, 0xC9, 0x3E, 0xB7, 0x05,
    0x6E, 0x39, 0x6F, 0x49, 0x0F, 0x6A, 0x20, 0xF6, 0xCF, 0xC3, 0xD7, 0x1E, 0xCC, 0xE1, 0x0D, 0x80,
    0xE5, 0x7C, 0xC5, 0x79, 0x8A, 0xF3, 0x95, 0x8D, 0x90, 0x9E, 0xBF, 0xB7, 0x0B, 0x6C, 0xE4, 0x7F,
    0xEF, 0xD4, 0x57, 0x16, 0x81, 0x6D, 0x96, 0xF7, 0x46, 0x34, 0x17, 0xDD, 0x9D, 0xB4, 0x07, 0x22,
    0x73, 0xCD, 0xA6, 0x88, 0x27, 0xB7, 0xD9, 0x2C, 0x80, 0x36, 0xA2, 0xD2, 0x01, 0x85, 0x3D, 0x44,
    0x7E, 0x12, 0xC5, 0x11, 0x4A, 0x13, 0x50, 0x11, 0xB0, 0x17, 0x90, 0x0D, 0x54, 0x22, 0x5D, 0x1C,
    0x14, 0x80, 0xD4, 0x40, 0xF6, 0x8E, 0x85, 0xF6, 0x5D, 0x03, 0xF5, 0xBB, 0x1A, 0xCA, 0x82, 0x80,
    0x57, 0x22, 0x80, 0xF6, 0x21, 0x64, 0x22, 0x50, 0x9A, 0x16, 0x6A, 0x2A, 0xD8, 0xA6, 0x84, 0x69,
    0xC4, 0xC8, 0xD3, 0xD8, 0x8B, 0xA8, 0x4D, 0xA5, 0xE3, 0x81, 0x2C, 0xB9, 0x7C, 0xD2, 0xC3, 0xE5,
    0xC3, 0x1C, 0xD5, 0xD3, 0x39, 0xCC, 0x13, 0x39, 0x44, 0x6C, 0xDE, 0x05, 0x3C, 0x19, 0xE6, 0x64,
    0x8E, 0x31, 0x0E, 0xE5, 0x0E, 0x73, 0xFC, 0x8D, 0x06, 0x09, 0x2A, 0x35, 0x85, 0x0C, 0x44, 0x51,
    0xEA, 0x60, 0x5E, 0x07, 0xEF, 0xBA, 0xB4, 0x8D, 0xAE, 0xA9, 0x74, 0x30, 0xAE, 0xA7, 0x41, 0xE3,
    0x31, 0xDD, 0x0F, 0xDA, 0x09, 0xAA, 0xCD, 0x66, 0x57, 0xCA, 0xD7, 0x7D, 0x3A, 0xCB, 0xB5, 0x92,
    0x9E, 0xA8, 0xE3, 0xD5, 0x8A, 0xB8, 0x26, 0xA8, 0xD4, 0x49, 0x10, 0x51, 0x9C, 0x90, 0xC8, 0x81,
    0x34, 0x4F, 0xEA, 0x4E, 0x90, 0x6F, 0x44, 0xBC, 0x88, 0xB8, 0x70, 0xEF, 0x28, 0xA4, 0x7B, 0xF9,
    0xD3, 0xDB, 0x1C, 0x56, 0x22, 0xE1, 0x15, 0x57, 0xBD, 0xDD, 0x4F, 0x18, 0xA6, 0x4C, 0x45, 0xC6,
    0xD0, 0x8E, 0x7F, 0x4E, 0xAA, 0xEE, 0xB5, 0x42, 0xFA, 0xB0, 0x9B, 0x32, 0x6F, 0x92, 0x76, 0xBB,
    0x20, 0x0E, 0x1A, 0x73, 0xEE, 0xDE, 0x5E, 0xE1, 0xCE, 0x25, 0xBA, 0xEC, 0x9F, 0xAC, 0x12, 0xC3,
    0xDE, 0x72, 0xDE, 0xA8, 0x80, 0xDA, 0x40, 0xC5, 0xB9, 0xFB, 0xE2, 0x0A, 0xCC, 0x60, 0x0E, 0x7F,
    0xBD, 0xF4, 0x9C, 0x9D, 0x9B, 0x07, 0x32, 0xE0, 0x12, 0x30, 0x59, 0xA8, 0xEE, 0xA0, 0x32, 0xCF,
    0xE6, 0x64, 0x48, 0xC4, 0x93, 0x5A, 0x32, 0x43, 0x1E, 0xDA, 0xFF, 0x92, 0x0D, 0xB0, 0xA1, 0xEC,
    0x16, 0xFC, 0xC6, 0x43, 0x63, 0xA1, 0xD2, 0xE7, 0xFF, 0x59, 0x63, 0x23, 0x7F, 0xBB, 0x53, 0x5F,
    0x05, 0x93, 0x70, 0x7F, 0xC9, 0xF3, 0x99, 0x0C, 0xA0, 0x66, 0x07, 0xCB, 0xD2, 0xF5, 0xA7, 0xEE,
    0x31, 0x73, 0xF5, 0x88, 0x9D, 0xC5, 0x7A, 0xF9, 0xD2, 0xD3, 0xEB, 0x65, 0x2E, 0xF7, 0xC9, 0x64,
    0x07, 0xEA, 0x3A, 0xCA, 0x50, 0x97, 0x1D, 0x75, 0x36, 0xFF, 0x8B, 0x26, 0x11, 0x11, 0x56, 0x64,
    0x9F, 0x57, 0x81, 0x46, 0xC3, 0xEF, 0x2C, 0xE9, 0x37, 0x9E, 0xCC, 0xDC, 0x04, 0x20, 0x69, 0xC5,
    0xE6, 0x22, 0xB6, 0x34, 0x33, 0x53, 0x71, 0x83, 0x43, 0x95, 0x66, 0x24, 0x97, 0x9E, 0x54, 0x6E,
    0x53, 0x00, 0x65, 0x94, 0x86, 0x42, 0x1E, 0xA1, 0xE2, 0xFE, 0x3A, 0xEF, 0x26, 0xA8, 0x6E, 0x1A,
    0xD4, 0xE8, 0xD2, 0xD6, 0x22, 0x5C, 0x94, 0x7D, 0xB8, 0x96, 0x1A, 0x5E, 0xCF, 0x34, 0x85, 0x80,
    0x1A, 0x39, 0xEF, 0x1C, 0x8A, 0x37, 0x51, 0xFA, 0x43, 0xD4, 0xB7, 0x9E, 0x44, 0x3A, 0xD8, 0xD4,
    0xCF, 0x27, 0x47, 0xD2, 0x43, 0x3A, 0xC6, 0xFE, 0xDC, 0x33, 0xF0, 0x12, 0x50, 0x47, 0x69, 0x58,
    0x05, 0xE0, 0xF9, 0x64, 0xE0, 0x0A, 0x70, 0x17, 0x92, 0x6E, 0x91, 0xC3, 0x9F, 0x7F, 0x16, 0x80,
    0x1C, 0xB8, 0x76, 0x78, 0x99, 0x02, 0x57, 0x9F, 0x57, 0x9E, 0x11, 0x50, 0x73, 0x20, 0xFF, 0x52,
    0xC3, 0xD5, 0xD4, 0xC2, 0x51, 0xC9, 0x2C, 0x91, 0x61, 0xB3, 0xA7, 0x71, 0x8B, 0xBB, 0xD7, 0xF7,
    0x41, 0x44, 0x16, 0x38, 0x75, 0xBF, 0x72, 0x9F, 0xCD, 0xEE, 0xF1, 0xA0, 0x28, 0x0F, 0xC5, 0x00,
    0xE5, 0x36, 0x4C, 0x0A, 0xD8, 0x48, 0x38, 0xAC, 0x68, 0xA1, 0x0A, 0x2A, 0x83, 0xB2, 0xE3, 0xFA,
    0xF7, 0x39, 0x99, 0x88, 0xCD, 0xFA, 0xA2, 0xCB, 0xAC, 0x8A, 0x72, 0xA7, 0xA9, 0xDC, 0x5F, 0x19,
    0x9A, 0xB1, 0x9E, 0xC7, 0x03, 0x8E, 0xA5, 0xA3, 0xEC, 0x1E, 0x9B, 0x90, 0x50, 0xE3, 0x63, 0x9C,
    0x35, 0xC5, 0xF8, 0x27, 0x1D, 0x34, 0x41, 0xB9, 0x85, 0x56, 0x6C, 0xD4, 0x81, 0xD3, 0x07, 0xC1,
    0xE9, 0xD7, 0xCB, 0x3B, 0x2D, 0x7E, 0x6A, 0xAA, 0x5F, 0xE9, 0x35, 0xE1, 0xCD, 0x55, 0x00, 0xA0,
    0x16, 0x5D, 0xCE, 0x49, 0xFD, 0xB3, 0xB6, 0xFC, 0x11, 0xB5, 0xE8, 0x24, 0xD1, 0xE5, 0xE7, 0xA6,
    0xFA, 0x4E, 0xAF, 0xB5, 0x87, 0x43, 0x6D, 0x51, 0x0C, 0xE4, 0x03, 0x7C, 0x7F, 0xBB, 0x38, 0xA3,
    0x10, 0x2D, 0x33, 0x99, 0x1D, 0x9E, 0xFD, 0x66, 0xC8, 0xED, 0xF7, 0x6F, 0xD5, 0xBE, 0xCC, 0x3E,
    0x78, 0x5F, 0xE6, 0x9F, 0xFE, 0x0B, 0x00, 0x24, 0xAE, 0x76, 0x95, 0x53, 0x4F, 0x6D, 0x2B, 0x7D,
    0x3D, 0x73, 0xAF, 0xDC, 0xBD, 0x56, 0x0F, 0xA5, 0x7B, 0xD6, 0x71, 0xBB, 0x97, 0x77, 0x5F, 0xF9,
    0xBB, 0x5B, 0xF5, 0x90, 0xBB, 0xD3, 0xC7, 0x7D, 0x96, 0xB1, 0x14, 0x2F, 0xF3, 0x1A, 0xD7, 0xA9,
    0x5C, 0x61, 0x4A, 0x5D, 0xDB, 0xDA, 0x96, 0x1A, 0xA0, 0x35, 0x9B, 0xA6, 0xF8, 0x3D, 0x5B, 0x38,
    0xB9, 0x7D, 0xC1, 0x75, 0x26, 0x6C, 0xD1, 0x76, 0xB5, 0xBD, 0x40, 0x6E, 0x0B, 0x97, 0xDB, 0x67,
    0xF5, 0x7E, 0x9A, 0xDF, 0xA3, 0xCF, 0xFD, 0xEA, 0x0D, 0xD8, 0x2A, 0x38, 0xAA, 0x5A, 0xA0, 0x9A,
    0x81, 0xF2, 0x4B, 0xC8, 0x71, 0x39, 0x68, 0x5A, 0x58, 0x5A, 0xD1, 0x54, 0x03, 0x24, 0x1B, 0x64,
    0x3D, 0xC5, 0x94, 0xEB, 0x57, 0xD9, 0xCA, 0x35, 0x90, 0xDC, 0xA5, 0xEC, 0xC9, 0x7B, 0x92, 0x1F,
    0x6C, 0x3E, 0x36, 0xE5, 0xC9, 0xEC, 0xE2, 0xA1, 0xEE, 0x32, 0xC8, 0x4C, 0x89, 0xDD, 0x1C, 0x12,
    0xD1, 0xB9, 0x65, 0x4A, 0x6E, 0x53, 0x7F, 0xF8, 0x1D, 0xBD, 0xD4, 0x01, 0xDB, 0x04, 0x0C, 0x01,
    0xE2, 0x23, 0xFA, 0x80, 0x07, 0x63, 0x80, 0x6D, 0x23, 0x2A, 0x4B, 0x9C, 0xBB, 0x00, 0xD5, 0x07,
    0x30, 0xA3, 0xDC, 0xA7, 0xD1, 0x32, 0xA3, 0xF1, 0x00, 0xC0, 0x3D, 0x80, 0x29, 0xC0, 0x35, 0x80,
    0x35, 0x80, 0x0E, 0x30, 0x50, 0xD9, 0x03, 0xE5, 0x41, 0xD9, 0x09, 0xD5, 0x3E, 0xB3, 0x65, 0x17,
    0x7A, 0x32, 0x3B, 0x92, 0x7D, 0xEE, 0xC9, 0xC4, 0x06, 0x85, 0xFE, 0xB3, 0x9E, 0xF8, 0xDA, 0xC1,
    0x7B, 0x95, 0xC9, 0x6C, 0xD1, 0x95, 0xFB, 0x6A, 0x68, 0xC6, 0x64, 0x06, 0x40, 0xEA, 0x40, 0x79,
    0x20, 0x6A, 0x17, 0x94, 0x85, 0x04, 0x2E, 0xBA, 0x7A, 0xAC, 0xDD, 0xCA, 0x7E, 0xE9, 0x72, 0xA3,
    0xDC, 0x55, 0x94, 0x9B, 0x04, 0x79, 0x94, 0xB8, 0xA0, 0x1E, 0xF5, 0xCD, 0x88, 0x72, 0x4D, 0x50,
    0x15, 0xDE, 0xCF, 0x5D, 0xDE, 0xAB, 0xA1, 0x9E, 0x29, 0x61, 0x06, 0x49, 0x0F, 0xAA, 0x83, 0x4C,
    0x73, 0x54, 0x32, 0x40, 0xBB, 0x0F, 0xA5, 0x5E, 0x56, 0x89, 0x2D, 0xB5, 0xB2, 0x8D, 0xC8, 0x63,
    0xD1, 0xC0, 0x8C, 0xA4, 0x27, 0xED, 0x48, 0x00, 0x40, 0x53, 0x59, 0x5A, 0x4B, 0x6E, 0xC9, 0x96,
    0x69, 0x71, 0xEA, 0xC7, 0xF3, 0x33, 0x06, 0xB0, 0x0A, 0x54, 0x40, 0x0E, 0x5C, 0x02, 0xDE, 0x04,
    0x74, 0x65, 0x5B, 0x9B, 0xDB, 0xEC, 0xD4, 0xAD, 0xDC, 0x0F, 0x56, 0x50, 0x36, 0x73, 0x89, 0xA3,
    0xCB, 0x0C, 0xC8, 0x50, 0xE8, 0x76, 0xBF, 0xA4, 0xD4, 0xAB, 0x41, 0xD7, 0x82, 0xD6, 0xFE, 0x30,
    0x5F, 0x6F, 0xDD, 0xA9, 0x3E, 0xF3, 0xED, 0x67, 0x2E, 0xFF, 0xDC, 0x66, 0xB1, 0xE9, 0x73, 0x9A,
    0x9E, 0x42, 0x97, 0x21, 0x5A, 0xEC, 0x9F, 0xC9, 0xC6, 0x0F, 0x9E, 0xA5, 0x07, 0x3A, 0xFB, 0xC2,
    0xC7, 0xF6, 0x59, 0xF7, 0xB4, 0x8D, 0x66, 0x0E, 0xD5, 0x23, 0xC8, 0xDC, 0x13, 0xFA, 0xA6, 0x23,
    0x7B, 0x68, 0xC9, 0x66, 0x50, 0x38, 0x68, 0x82, 0xFE, 0xF9, 0xE4, 0x3E, 0x37, 0x83, 0x7C, 0x29,
    0xE2, 0x9B, 0xA0, 0x64, 0x97, 0xDA, 0x53, 0x3E, 0x71, 0x9F, 0xF8, 0xB5, 0x4E, 0x7F, 0xA7, 0xD3,
    0x39, 0xAA, 0x27, 0xF7, 0xD4, 0x9E, 0x3F, 0x3D, 0xB9, 0x43, 0x36, 0x50, 0x09, 0x90, 0x3B, 0xA0,
    0x30, 0xC0, 0x2A, 0xC0, 0x1A, 0xC7, 0xAA, 0xF1, 0x88, 0xAF, 0x07, 0x5A, 0x97, 0xCF, 0x28, 0xC8,
    0xDB, 0x88, 0x7F, 0xD5, 0x01, 0x1F, 0xDB, 0x80, 0x5F, 0x74, 0x01, 0x1F, 0xF9, 0x80, 0x9F, 0xF7,
    0x01, 0x66, 0x8C, 0x58, 0x8F, 0xA8, 0x22, 0x8A, 0x8F, 0x03, 0xF2, 0xAF, 0x03, 0x94, 0x04, 0x24,
    0x42, 0xD5, 0x21, 0xB4, 0x03, 0x0D, 0xF0, 0x2A, 0xB0, 0x03, 0x0C, 0x90, 0x38, 0x50, 0x06, 0x80,
    0x8B, 0x0F, 0xF6, 0xA8, 0xBF, 0x16, 0x5B, 0x4A, 0xEB, 0x94, 0xCB, 0x9C, 0xEA, 0x94, 0x3F, 0x4D,
    0x2B, 0x7D, 0xD6, 0xD7, 0x63, 0x25, 0xCF, 0xD3, 0xE9, 0xA9, 0x4B, 0x18, 0x9C, 0xC9, 0x37, 0x00,
    0x69, 0x77, 0x6C, 0xB9, 0x72, 0xA0, 0x2C, 0x00, 0x5C, 0x55, 0x96, 0x10, 0x40, 0x83, 0x9A, 0x03,
    0x8C, 0x2F, 0xE8, 0xDC, 0x6C, 0x24, 0x30, 0x29, 0xA0, 0x9C, 0x40, 0x31, 0x80, 0x72, 0x67, 0xCA,
    0x28, 0x3D, 0xE2, 0x9B, 0x31, 0x3A, 0x9D, 0x1F, 0x39, 0xDD, 0xB4, 0x01, 0xEF, 0x45, 0x93, 0xEF,
    0x44, 0x93, 0x6F, 0x0F, 0x01, 0x7A, 0x16, 0xD1, 0x44, 0xD4, 0xEF, 0x05, 0x14, 0x5F, 0x06, 0xE4,
    0x0F, 0x03, 0x94, 0x04, 0x24, 0x11, 0xB4, 0xD1, 0x69, 0x1D, 0x9D, 0x96, 0x00, 0xC5, 0x09, 0x6C,
    0xAD, 0x02, 0xCD, 0x08, 0x54, 0x2E, 0xF8, 0x15, 0x5D, 0x7F, 0x25, 0xB6, 0xE8, 0xF3, 0xE0, 0x37,
    0x78, 0x72, 0xE9, 0x69, 0x0A, 0x7E, 0x53, 0x5F, 0xCF, 0x52, 0x0F, 0x51, 0x2A, 0xAA, 0x3B, 0xF9,
    0xF7, 0xD5, 0xCB, 0x50, 0x89, 0x5E, 0xE0, 0x89, 0x5A, 0x99, 0x6B, 0x10, 0xF1, 0x64, 0xFD, 0xC5,
    0x91, 0xC2, 0xD2, 0x50, 0x41, 0xA5, 0xD7, 0xA1, 0xB0, 0xDB, 0x11, 0xF7, 0x21, 0xEF, 0xA6, 0x0B,
    0x64, 0xDD, 0xE3, 0xFF, 0xEE, 0x04, 0xD8, 0x1A, 0x0A, 0x5B, 0x69, 0x4A, 0x5D, 0x58, 0x6A, 0xB2,
    0x21, 0x1D, 0x49, 0x44, 0xFC, 0xC1, 0xA0, 0xC9, 0x07, 0x1B, 0x64, 0xE2, 0x49, 0x3F, 0xBD, 0xC3,
    0xF1, 0x4A, 0xDA, 0xDB, 0xE4, 0x32, 0x50, 0x99, 0xFB, 0xAC, 0x53, 0x73, 0x8B, 0x52, 0x4F, 0x29,
    0xCC, 0xB8, 0xD0, 0x94, 0xA8, 0x32, 0x18, 0xA8, 0x88, 0xFB, 0xE4, 0xD2, 0x93, 0xB4, 0x06, 0xD6,
    0x94, 0x86, 0xEB, 0x39, 0x50, 0x08, 0x90, 0x0D, 0x2F, 0x26, 0x47, 0xC6, 0x4F, 0x50, 0x7A, 0x17,
    0xF5, 0x5F, 0x8E, 0x44, 0x2C, 0xEC, 0xE8, 0xB3, 0xE5, 0x50, 0xBF, 0x1E, 0x03, 0x7E, 0xE5, 0x21,
    0xFB, 0x85, 0x85, 0xFC, 0xD2, 0x8B, 0xC9, 0xC1, 0xAB, 0x17, 0x34, 0xDB, 0xB5, 0xE6, 0xDE, 0x36,
    0x78, 0x0F, 0x0F, 0xEC, 0xD9, 0x72, 0xAC, 0x48, 0x28, 0x4D, 0xA4, 0x68, 0xF5, 0x88, 0x29, 0x79,
    0x3C, 0xF0, 0x94, 0x4C, 0x57, 0x9A, 0x29, 0x50, 0x43, 0xEC, 0x76, 0x0E, 0xBA, 0xFB, 0x47, 0x5D,
    0x2B, 0x23, 0x53, 0x62, 0x77, 0xF8, 0xE2, 0xF6, 0x41, 0xD7, 0x1C, 0x74, 0xB5, 0x26, 0x76, 0x65,
    0xC7, 0x94, 0x54, 0xE7, 0x8F, 0x87, 0x36, 0xC9, 0xC1, 0x81, 0x16, 0x87, 0x0D, 0x0E, 0xCA, 0x3E,
    0x7A, 0x69, 0xE7, 0x54, 0x66, 0xAF, 0xAF, 0xA2, 0x77, 0x5B, 0x98, 0xE0, 0xDE, 0xE6, 0x36, 0x78,
    0x16, 0xB1, 0xE3, 0x21, 0x0D, 0x4C, 0x29, 0x6C, 0x64, 0x69, 0x21, 0x24, 0x71, 0x50, 0x99, 0x76,
    0x96, 0xD8, 0x90, 0xFC, 0x68, 0x34, 0x68, 0x00, 0x46, 0x20, 0xF1, 0x80, 0xB2, 0x1C, 0xAB, 0x46,
    0xE6, 0x50, 0x89, 0x74, 0xE4, 0x36, 0xF7, 0x01, 0x69, 0x1F, 0x90, 0x2C, 0x70, 0xF8, 0xE5, 0xB3,
    0x23, 0x17, 0xD1, 0x0B, 0xD8, 0xD2, 0x06, 0xE4, 0x2E, 0x40, 0xF9, 0x23, 0xF4, 0xE4, 0x5D, 0x3A,
    0x10, 0x8E, 0x2E, 0x5A, 0x66, 0xB4, 0x86, 0x64, 0x83, 0xDC, 0x45, 0x9B, 0xAB, 0xB0, 0x06, 0x90,
    0xD9, 0x3B, 0xCD, 0x7F, 0x8C, 0x95, 0x0C, 0xEA, 0xDB, 0x5F, 0xAA, 0x8E, 0x83, 0x96, 0x9D, 0x6C,
    0x2B, 0xFB, 0xD4, 0xB3, 0xE7, 0xE9, 0x0A, 0x80, 0xC4, 0x47, 0xF4, 0x00, 0x37, 0x01, 0x76, 0x81,
    0xD4, 0x2C, 0xE3, 0x10, 0x50, 0x96, 0xCC, 0x91, 0x38, 0xE8, 0xC8, 0x0C, 0x00, 0xFE, 0x2A, 0x30,
    0x99, 0x02, 0xA5, 0x07, 0xF2, 0xEE, 0xC5, 0x4C, 0xF5, 0x4B, 0x6C, 0x14, 0xCA, 0x66, 0x5F, 0xEA,
    0x74, 0x0E, 0x23, 0x2C, 0x15, 0x24, 0x5D, 0xDC, 0x53, 0x72, 0x03, 0x97, 0x8E, 0x2F, 0x68, 0xFB,
    0x14, 0x22, 0x54, 0xBA, 0xE2, 0x06, 0x05, 0xDB, 0xE4, 0x41, 0x50, 0xEB, 0xC5, 0xF7, 0x24, 0xE9,
    0x61, 0x73, 0x1E, 0x77, 0xD4, 0x50, 0x1A, 0x28, 0xCC, 0x6E, 0x50, 0xBC, 0xD0, 0x6E, 0xD0, 0x50,
    0x2F, 0x7E, 0x7E, 0xE1, 0x82, 0xA6, 0xB0, 0x54, 0x30, 0x81, 0x5D, 0x80, 0x8B, 0x62, 0x2A, 0x71,
    0xDB, 0xA9, 0x9B, 0x26, 0x6E, 0x0A, 0xCD, 0x3E, 0x95, 0x98, 0x8B, 0xE2, 0xC8, 0x3D, 0xA9, 0xFF,
    0x30, 0xF1, 0xF7, 0x32, 0xD7, 0x8A, 0x89, 0x07, 0xA9, 0x01, 0x31, 0xA4, 0xFF, 0x1D, 0x67, 0xD8,
    0x9F, 0xBF, 0xB7, 0x0D, 0xD4, 0x48, 0x36, 0xA7, 0x28, 0xF4, 0x35, 0x65, 0x97, 0xF3, 0x46, 0x4E,
    0xD2, 0x3E, 0x5C, 0xCA, 0x47, 0xF4, 0xB0, 0xB5, 0xF0, 0xB1, 0x7E, 0xDC, 0xC7, 0x8F, 0x80, 0x1B,
    0x40, 0xA3, 0x41, 0x19, 0xF8, 0x28, 0x68, 0xFE, 0xEC, 0x6E, 0x66, 0x70, 0x07, 0x1C, 0xE9, 0x08,
    0xD7, 0x79, 0xE9, 0x75, 0xF2, 0x7B, 0x24, 0x1B, 0x71, 0xCA, 0xE2, 0xD4, 0x81, 0x18, 0xA8, 0xCF,
    0xFF, 0xD4, 0x5E, 0x49, 0xF4, 0xD5, 0xCC, 0x14, 0x9F, 0xA0, 0x46, 0x92, 0x7E, 0xB9, 0x53, 0x2B,
    0x22, 0x63, 0x94, 0x2F, 0xEC, 0x24, 0x8A, 0xC2, 0xB2, 0x94, 0x36, 0xF7, 0x41, 0x46, 0xC8, 0x80,
    0x22, 0xDA, 0xEC, 0x00, 0x07, 0x1F, 0x76, 0x50, 0x6B, 0x12, 0x43, 0x6A, 0x51, 0x96, 0xCC, 0xD2,
    0x88, 0x0D, 0xED, 0xB4, 0x67, 0x11, 0x77, 0x59, 0x49, 0x47, 0x0B, 0xAF, 0xC1, 0x1A, 0xB4, 0x90,
    0xEB, 0xE4, 0xA7, 0x3A, 0x7D, 0x08, 0xEF, 0x83, 0xBB, 0x06, 0xB7, 0x7A, 0xA8, 0x1C, 0x14, 0x96,
    0x45, 0x9D, 0x5F, 0x84, 0xE4, 0x36, 0xCA, 0xA1, 0xBA, 0xE4, 0x23, 0x9B, 0x7E, 0xA1, 0xD5, 0x17,
    0xCB, 0x78, 0xDE, 0xE3, 0x1A, 0x28, 0x5D, 0x89, 0x88, 0xA9, 0x23, 0x6E, 0x24, 0x7D, 0x6E, 0x27,
    0x49, 0xAF, 0xEC, 0x5A, 0xC4, 0xCD, 0xA4, 0x4F, 0x2C, 0x49, 0x0F, 0x07, 0x10, 0x71, 0x0B, 0x24,
    0x3D, 0xA7, 0x20, 0x7B, 0x04, 0xD4, 0x62, 0x40, 0x93, 0x74, 0x64, 0x1D, 0xB5, 0xF8, 0x4A, 0xDC,
    0xD1, 0xEA, 0x51, 0x8B, 0x0D, 0xED, 0xF8, 0x7A, 0xA2, 0x7C, 0x70, 0xE4, 0xD9, 0xD3, 0xA4, 0xEE,
    0x27, 0xA0, 0xC6, 0x5D, 0xC8, 0x4A, 0x0F, 0x79, 0x66, 0x39, 0x2A, 0x6A, 0xA1, 0x1E, 0x57, 0x1E,
    0xB1, 0xB2, 0x1F, 0x43, 0xDB, 0xE5, 0xE0, 0x03, 0x52, 0x4F, 0x66, 0x92, 0x81, 0x42, 0x33, 0xD7,
    0x3B, 0x50, 0xCB, 0x00, 0x17, 0xE5, 0x36, 0x5C, 0xBE, 0x02, 0xE3, 0x1A, 0xA9, 0x6C, 0xA1, 0xFE,
    0xC1, 0xA3, 0xDE, 0x72, 0x00, 0xD4, 0xA6, 0xB6, 0x95, 0xA9, 0x4C, 0xF1, 0x43, 0x9B, 0x2D, 0x4C,
    0xFE, 0x7F, 0xAD, 0x51, 0x22, 0x2E, 0x91, 0x77, 0x7B, 0x62, 0x9C, 0x03, 0x00, 0x2F, 0x24, 0x42,
    0xF2, 0xC1, 0xFB, 0xA4, 0x32, 0x90, 0x7E, 0xFA, 0x4B, 0x16, 0x75, 0xB6, 0x08, 0x19, 0x1F, 0x82,
    0x32, 0x0E, 0x52, 0xE9, 0x80, 0x56, 0xBF, 0x90, 0x1C, 0xCA, 0xBC, 0x41, 0x6A, 0xD7, 0x48, 0xBE,
    0xF5, 0x20, 0x41, 0x95, 0x39, 0x5B, 0x0E, 0xD6, 0x01, 0xFE, 0x51, 0x03, 0x0F, 0xCC, 0xE1, 0xBF,
    0xD6, 0x9F, 0x7B, 0x0E, 0x2E, 0x00, 0x7F, 0x6E, 0xE0, 0xC7, 0x16, 0x7E, 0x66, 0xE0, 0xCF, 0x2C,
    0x94, 0x9C, 0x31, 0xCB, 0x76, 0xAD, 0x61, 0xBA, 0x0D, 0xF8, 0x1E, 0xF8, 0xCF, 0xEE, 0xC5, 0x5C,
    0x1E, 0xF1, 0xAB, 0x72, 0x5D, 0x5A, 0x26, 0xEB, 0x70, 0x73, 0x0B, 0xEE, 0x9C, 0xED, 0xF2, 0x38,
    0x3F, 0xA7, 0x1C, 0x3A, 0xED, 0xE1, 0xE2, 0x5C, 0x03, 0x7F, 0x0C, 0xF0, 0x26, 0xC0, 0x2E, 0x80,
    0x07, 0x10, 0x0D, 0xAC, 0x9F, 0x65, 0xDE, 0x0B, 0xE0, 0x1A, 0xB0, 0x06, 0xDC, 0x03, 0xF6, 0x3A,
    0x68, 0x0C, 0x5C, 0x00, 0x18, 0x01, 0x50, 0x73, 0x60, 0xF1, 0x9C, 0xBF, 0x78, 0xE6, 0x3F, 0x59,
    0x32, 0x4B, 0x46, 0xC4, 0x35, 0x43, 0x3A, 0xA3, 0xED, 0xF2, 0x4E, 0xCD, 0xB9, 0x44, 0xE6, 0x94,
    0x70, 0x35, 0x74, 0xF9, 0x43, 0x7D, 0x1D, 0xE5, 0x8B, 0x4F, 0xCC, 0x24, 0x76, 0xEF, 0xD9, 0x09,
    0xA9, 0x2F, 0x73, 0xBB, 0x45, 0xD2, 0xAF, 0x66, 0xDD, 0x5D, 0x18, 0x6E, 0x28, 0xD7, 0xC3, 0x30,
    0x51, 0xDE, 0xC3, 0x38, 0x4D, 0x7B, 0x0F, 0xD3, 0x81, 0x47, 0x0E, 0xB6, 0x3D, 0xF3, 0x0E, 0x6A,
    0x4F, 0x6B, 0xA1, 0x76, 0x34, 0xB1, 0xEB, 0xA8, 0x2D, 0x54, 0x96, 0xCA, 0xB0, 0xF0, 0x4A, 0x6D,
    0x01, 0x5A, 0x07, 0xE0, 0x3D, 0xC4, 0x8B, 0x8D, 0x45, 0xB5, 0xBE, 0xFE, 0xB9, 0x98, 0xAA, 0xAB,
    0xED, 0x36, 0xB9, 0x6D, 0x82, 0x85, 0xCC, 0xB6, 0xDD, 0x1A, 0xAA, 0xFB, 0xCE, 0xDD, 0x0C, 0xFC,
    0x8D, 0xDF, 0x45, 0x7D, 0xF3, 0x8D, 0xF7, 0xA4, 0xBF, 0xED, 0x7A, 0x47, 0xF2, 0x5B, 0xFB, 0x6F,
    0x1D, 0x7C, 0x67, 0x77, 0x2C, 0x88, 0xAE, 0x2D, 0xB4, 0x44, 0x36, 0x54, 0x06, 0xD6, 0x29, 0xF5,
    0x89, 0x5F, 0xAD, 0x3E, 0xD6, 0x4F, 0x4E, 0x8C, 0xCC, 0x11, 0xDF, 0x3E, 0x8A, 0xF3, 0xE1, 0x28,
    0x51, 0x3D, 0x13, 0x92, 0x91, 0x7B, 0xD0, 0xE2, 0xA1, 0x7E, 0xBB, 0x83, 0xE2, 0x0B, 0x03, 0xB9,
    0x00, 0x6A, 0x06, 0x30, 0x02, 0x0C, 0xDF, 0x83, 0xF8, 0x21, 0xA0, 0x10, 0x0B, 0x89, 0x86, 0xC2,
    0x41, 0xD5, 0xC3, 0xAD, 0x09, 0xF8, 0x4B, 0x00, 0xB4, 0x43, 0x39, 0x6C, 0xF6, 0x79, 0x9F, 0x3B,
    0xD5, 0x29, 0x9F, 0xD9, 0xB4, 0xCF, 0x4D, 0x32, 0x14, 0x9A, 0xB1, 0x84, 0xED, 0x55, 0xA8, 0x27,
    0x50, 0xDD, 0x82, 0x62, 0x80, 0xDC, 0x43, 0x16, 0xA4, 0x3A, 0xC8, 0x2C, 0x14, 0x06, 0x2A, 0x4D,
    0xB2, 0x07, 0xE5, 0x08, 0x45, 0x07, 0x94, 0xCA, 0x42, 0xF5, 0x4E, 0x07, 0xE5, 0x8B, 0x8A, 0xC6,
    0x1E, 0x30, 0x40, 0xEA, 0x40, 0x19, 0x0E, 0xAB, 0x11, 0x71, 0x51, 0x5B, 0x14, 0xF6, 0x2E, 0xB5,
    0xFE, 0x19, 0x7B, 0xC0, 0x08, 0xAA, 0x87, 0xDC, 0x41, 0x61, 0xA1, 0x86, 0xA3, 0x97, 0x3D, 0xE4,
    0x8E, 0x1F, 0x97, 0x96, 0xDD, 0x9A, 0xC4, 0xB7, 0x22, 0x51, 0x8E, 0x0B, 0x9A, 0xD2, 0x52, 0xC3,
    0x2D, 0xD8, 0x05, 0x68, 0x65, 0x68, 0xC5, 0xDF, 0xCD, 0xBA, 0xDD, 0xC2, 0x52, 0xC1, 0x3A, 0x8C,
    0x24, 0x3D, 0xCA, 0x91, 0x5B, 0x4A, 0xBD, 0x56, 0x73, 0x37, 0xEC, 0x20, 0xE2, 0x29, 0x0C, 0x94,
    0x16, 0x8A, 0xE7, 0xE0, 0xEB, 0x32, 0x8C, 0x30, 0x83, 0x2D, 0x60, 0x39, 0x5F, 0x89, 0x9B, 0xC0,
    0xBD, 0x1E, 0xEA, 0xC5, 0xF1, 0xCE, 0xD9, 0xDB, 0xC9, 0x07, 0xA9, 0xE5, 0xBC, 0xFD, 0x3F, 0xCD,
    0x99, 0x3F, 0x70, 0xDC, 0x46, 0x7B, 0xC6, 0x7F, 0xC0, 0x4A, 0xC4, 0xE4, 0xDB, 0x48, 0xCB, 0x42,
    0x4A, 0xC3, 0x2F, 0x42, 0xEB, 0xC2, 0x12, 0x1A, 0x17, 0x2E, 0xC8, 0xC3, 0x8E, 0x33, 0x99, 0x4C,
    0xC6, 0x45, 0x5C, 0xC8, 0x75, 0x52, 0x26, 0x15, 0x5D, 0xB8, 0x48, 0x21, 0xF2, 0xF6, 0x9B, 0xAF,
    0x70, 0x69, 0xA6, 0x9F, 0x4C, 0x54, 0x7C, 0x95, 0x9B, 0xA8, 0x60, 0x66, 0x5C, 0x1C, 0x89, 0x95,
    0x5C, 0xA4, 0x48, 0x61, 0x8C, 0xD3, 0x8F, 0x91, 0x09, 0x93, 0x2A, 0x33, 0x42, 0x1C, 0x24, 0x03,
    0x8E, 0x71, 0xF7, 0x06, 0xBB, 0x38, 0xFA, 0x86, 0xF2, 0xD0, 0xFF, 0x28, 0xD3, 0xDF, 0x72, 0x9F,
    0xE7, 0xD9, 0xD3, 0xE1, 0x6E, 0x9F, 0x77, 0x0F, 0xC0, 0xBE, 0x2F, 0x04, 0x64, 0x2E, 0x90, 0x07,
    0x54, 0x20, 0xED, 0xD8, 0x91, 0x15, 0x88, 0x74, 0x64, 0xDD, 0xD6, 0x12, 0xE3, 0x99, 0x53, 0x40,
    0xE1, 0x66, 0x60, 0xFC, 0x41, 0xA0, 0x13, 0xD0, 0xF5, 0x62, 0x4D, 0x59, 0x1D, 0x5F, 0x1E, 0x82,
    0xF6, 0x25, 0x18, 0x5F, 0x58, 0x72, 0x6B, 0x3C, 0x25, 0x59, 0x9F, 0x0E, 0x24, 0x22, 0x0D, 0xEC,
    0xAC, 0x2C, 0x90, 0x00, 0xDA, 0x4F, 0xF3, 0x29, 0x0F, 0xDA, 0x25, 0xD5, 0x0A, 0x2D, 0x3D, 0x85,
    0x3B, 0x61, 0x46, 0xC9, 0x13, 0x72, 0xBB, 0xC0, 0xB8, 0x61, 0x8D, 0x45, 0x44, 0x6E, 0x67, 0x14,
    0xF1, 0x18, 0x2D, 0x1D, 0x49, 0xE5, 0x00, 0x48, 0x3D, 0x80, 0x6A, 0xE2, 0x38, 0xB2, 0xF2, 0xA5,
    0x50, 0x8A, 0xDD, 0x39, 0x67, 0xE7, 0x2C, 0xBC, 0xA3, 0xFC, 0x4F, 0xE5, 0x36, 0x70, 0xDA, 0x92,
    0x39, 0x92, 0x1E, 0x63, 0x61, 0x65, 0x0F, 0x81, 0x52, 0x7A, 0x60, 0x4B, 0x8E, 0x00, 0xB8, 0x05,
    0x3C, 0x02, 0xF2, 0x35, 0x1E, 0x96, 0xAE, 0xEC, 0x0A, 0x57, 0x38, 0xF3, 0x7D, 0x7F, 0xDE, 0x38,
    0xFD, 0xBF, 0x95, 0x53, 0x22, 0x4D, 0x22, 0xEF, 0x76, 0x4C, 0xF6, 0x8F, 0x01, 0x20, 0xF9, 0xAA,
    0x61, 0x6A, 0x95, 0x9F, 0x94, 0x12, 0xBE, 0xDD, 0x44, 0x56, 0x76, 0x24, 0xF1, 0xFB, 0x22, 0x6D,
    0x1C, 0x68, 0x9F, 0x2D, 0x69, 0x29, 0xD1, 0x9E, 0x2A, 0x69, 0x38, 0x0D, 0x83, 0xC2, 0xBA, 0x64,
    0x08, 0x03, 0x13, 0x03, 0x9B, 0x06, 0xBA, 0x19, 0x07, 0xA1, 0xE7, 0x7E, 0x3D, 0x28, 0x59, 0x0F,
    0x4E, 0x98, 0x8E, 0x49, 0x86, 0xF5, 0x40, 0xB5, 0xC4, 0x23, 0x9D, 0xAE, 0xE3, 0xA0, 0x20, 0xF7,
    0x1C, 0x8D, 0x83, 0x53, 0x4A, 0x92, 0x7A, 0x9C, 0xB4, 0xE7, 0x04, 0xE5, 0x0B, 0x91, 0x3A, 0x09,
    0x36, 0x46, 0x63, 0x5C, 0x0C, 0x2C, 0xBB, 0x99, 0x8D, 0x06, 0xCD, 0x03, 0xA2, 0x3F, 0x1D, 0xCD,
    0x54, 0xA8, 0x6E, 0x72, 0x27, 0xD2, 0xC6, 0x69, 0x44, 0xEA, 0xA0, 0xCF, 0x1B, 0xE3, 0x83, 0x91,
    0xE7, 0x75, 0xB1, 0x36, 0x34, 0x5B, 0xEB, 0x3A, 0x88, 0xB4, 0x9B, 0x54, 0x35, 0x93, 0x2B, 0xE3,
    0xD7, 0xA6, 0x2C, 0x6B, 0x4F, 0xCF, 0xA2, 0xA5, 0x05, 0xED, 0xDA, 0x51, 0x13, 0x0C, 0xA5, 0xE3,
    0x18, 0x32, 0x7B, 0x0F, 0x0B, 0x95, 0x35, 0xCA, 0x43, 0x69, 0xB3, 0xCF, 0x81, 0x9C, 0x74, 0x15,
    0x85, 0x7E, 0x12, 0xA0, 0x7A, 0x49, 0x25, 0x7D, 0x26, 0x82, 0x48, 0x9B, 0xBB, 0x8A, 0x56, 0xD7,
    0x25, 0x05, 0x8D, 0x71, 0x07, 0xE4, 0x50, 0xB2, 0x08, 0x72, 0xC0, 0x10, 0x64, 0x88, 0x92, 0xB6,
    0x51, 0xB2, 0x26, 0x8A, 0x09, 0x66, 0x72, 0x0A, 0xFB, 0x56, 0xE9, 0x0A, 0x3B, 0x8B, 0x6E, 0x7C,
    0x08, 0x56, 0xFE, 0xA1, 0x1B, 0x85, 0x6D, 0x00, 0xA4, 0x0F, 0x34, 0x54, 0x67, 0x40, 0xD5, 0xE7,
    0x16, 0x30, 0xFE, 0x35, 0x4B, 0xE2, 0xAD, 0x71, 0xB9, 0x55, 0x2F, 0xBA, 0x92, 0xB9, 0xC8, 0x73,
    0x59, 0x06, 0xF1, 0x55, 0x03, 0xC0, 0x0C, 0x80, 0x0A, 0xE9, 0x03, 0x07, 0x23, 0x33, 0xE2, 0x47,
    0x37, 0x9C, 0x48, 0x60, 0xAA, 0xC8, 0x25, 0x1B, 0x9E, 0x7D, 0x2F, 0x27, 0x3E, 0xB0, 0x1A, 0x39,
    0x4C, 0x79, 0xC1, 0x00, 0x13, 0xEF, 0x01, 0xB0, 0x00, 0x50, 0x1D, 0x40, 0x51, 0x03, 0xFC, 0x0A,
    0xB0, 0x50, 0x8C, 0xEE, 0x2B, 0x5F, 0x7A, 0x3D, 0x22, 0x1B, 0xC7, 0x99, 0x87, 0x09, 0x95, 0xCB,
    0xFC, 0xFE, 0xF8, 0xDA, 0xFC, 0x20, 0xE4, 0x67, 0xC6, 0xCE, 0x07, 0x63, 0xC1, 0x00, 0xF9, 0x34,
    0x7B, 0x32, 0x80, 0x69, 0x61, 0xCB, 0x32, 0x6F, 0x91, 0xB1, 0x0F, 0x65, 0x4F, 0xD5, 0x50, 0x75,
    0x7A, 0x89, 0x01, 0xE3, 0x75, 0xB5, 0xD6, 0x7F, 0xB4, 0x93, 0x7E, 0xEC, 0x27, 0xFD, 0xA8, 0x9E,
    0xF4, 0xB7, 0xED, 0xA4, 0xBF, 0xE9, 0x26, 0x75, 0xC3, 0x5A, 0x67, 0x6B, 0x2D, 0xD6, 0x6A, 0x3E,
    0x9E, 0x54, 0x7F, 0x09, 0xC6, 0x69, 0xA7, 0x04, 0x1B, 0x34, 0x91, 0xB4, 0x2B, 0x43, 0xD0, 0x92,
    0xCA, 0x92, 0xAA, 0x67, 0x1E, 0x1C, 0xB0, 0x59, 0x1A, 0xAA, 0xC9, 0x5D, 0x45, 0x34, 0xB7, 0xC7,
    0xE4, 0x8D, 0xC9, 0x1A, 0xC1, 0x59, 0xB2, 0x22, 0x1A, 0x3B, 0x25, 0xFA, 0x9A, 0x11, 0x6D, 0xCD,
    0x08, 0xAE, 0x82, 0xB8, 0x61, 0x92, 0xD9, 0x24, 0x45, 0x90, 0xE0, 0x28, 0x48, 0x30, 0x14, 0x44,
    0x49, 0x94, 0x24, 0x48, 0x51, 0x13, 0x24, 0x9A, 0x99, 0x6D, 0xBC, 0x6C, 0x64, 0x60, 0xF3, 0x7B,
    0x85, 0xA3, 0x01, 0xFE, 0x00, 0x00, 0xB4, 0x07, 0x30, 0xCD, 0x86, 0xB5, 0x87, 0x4D, 0xDB, 0x7A,
    0x7E, 0x4A, 0xE9, 0xCB, 0x2F, 0xC5, 0xE7, 0x3E, 0x97, 0xAA, 0xC9, 0xBC, 0x6A, 0xB2, 0xC0, 0xB5,
    0x6A, 0x7F, 0x0C, 0xEF, 0x74, 0x59, 0x97, 0xF9, 0x72, 0x28, 0x24, 0xF3, 0x00, 0x7A, 0xC3, 0xE4,
    0x16, 0xA0, 0x02, 0x50, 0x03, 0x40, 0x72, 0x04, 0x0F, 0xE2, 0x96, 0xF3, 0xB1, 0x05, 0xB5, 0xDA,
    0xC4, 0x70, 0xD1, 0x92, 0x01, 0x48, 0x97, 0x80, 0x12, 0x20, 0x9B, 0x03, 0x26, 0x77, 0x60, 0x8C,
    0x87, 0x3F, 0xD6, 0x35, 0xEC, 0x66, 0xCD, 0x48, 0xAA, 0x85, 0xE3, 0xB4, 0x03, 0x91, 0x61, 0xA2,
    0xB4, 0xE6, 0x10, 0x15, 0x77, 0x3C, 0x4F, 0x61, 0xB5, 0xC5, 0xB8, 0xDC, 0x51, 0x34, 0x65, 0x4D,
    0xD5, 0xDD, 0xC3, 0x62, 0x94, 0x27, 0xFB, 0x7C, 0x3D, 0x71, 0x0F, 0x00, 0xA9, 0x58, 0x0A, 0xA9,
    0x39, 0xCC, 0x5A, 0x86, 0xB4, 0x65, 0x7B, 0x04, 0x23, 0x92, 0xAA, 0x25, 0xFF, 0xCF, 0x96, 0xC3,
    0xA4, 0x65, 0x91, 0x4C, 0xEF, 0x9D, 0xE8, 0x8E, 0xF9, 0x4A, 0x5C, 0xDE, 0x1C, 0x8E, 0x2E, 0x9C,
    0x29, 0xC8, 0x06, 0x82, 0x07, 0x00, 0x4A, 0xB1, 0xF9, 0x8A, 0xB4, 0xFD, 0xA1, 0x5D, 0x9F, 0x87,
    0x8F, 0xDC, 0x4B, 0xEC, 0x43, 0x6D, 0xCD, 0x3E, 0x6A, 0x20, 0xE9, 0x00, 0xF8, 0x5B, 0x4C, 0x4F,
    0xD6, 0xC3, 0xD5, 0x3D, 0xA4, 0x04, 0x62, 0x83, 0x09, 0x30, 0x39, 0x04, 0x23, 0x6C, 0xAC, 0x00,
    0xAC, 0x77, 0x7B, 0x91, 0x36, 0xA4, 0x10, 0xC3, 0x26, 0x85, 0xB0, 0x3F, 0x3D, 0x85, 0x68, 0xA7,
    0x2F, 0xBD, 0xCD, 0x36, 0xCA, 0xB7, 0x24, 0xFF, 0x53, 0x43, 0xE5, 0xA0, 0x04, 0x80, 0xA4, 0x3A,
    0xFA, 0x69, 0x69, 0x44, 0xE6, 0x5A, 0x48, 0xFF, 0xBD, 0x06, 0xC4, 0xBD, 0xBA, 0xCD, 0x96, 0x42,
    0x39, 0xC4, 0x5C, 0x22, 0x26, 0x05, 0x3F, 0x8E, 0xDA, 0x91, 0x62, 0xFE, 0x30, 0xA5, 0x0F, 0x31,
    0x7B, 0x28, 0xA5, 0x9F, 0x72, 0x87, 0xC4, 0xDE, 0x23, 0xAD, 0x8F, 0xE1, 0xFF, 0x5A, 0x28, 0xFD,
    0xC5, 0x09, 0x4B, 0xE9, 0x4A, 0xFF, 0x93, 0xD2, 0x07, 0x25, 0x2D, 0x91, 0x5E, 0x6D, 0x99, 0x6F,
    0x41, 0x7F, 0xD1, 0xC5, 0xD1, 0xCD, 0xC4, 0xF6, 0xFE, 0x63, 0x52, 0xE9, 0x49, 0x3F, 0xF9, 0x1D,
    0xDF, 0x34, 0xBB, 0x8D, 0x6A, 0x06, 0x54, 0x1B, 0xAE, 0x96, 0x0F, 0x01, 0xAE, 0x17, 0x2F, 0x69,
    0x7F, 0x91, 0xFB, 0x69, 0x07, 0xDC, 0xF9, 0x85, 0x83, 0x86, 0xC7, 0x90, 0x0C, 0xA0, 0x5A, 0xC8,
    0x3C, 0xE8, 0xD7, 0x1F, 0xF4, 0xD5, 0x27, 0xEB, 0xCD, 0x07, 0x7D, 0xF5, 0x59, 0xFC, 0xBA, 0x83,
    0x36, 0x35, 0xD3, 0xAA, 0x42, 0x07, 0xF0, 0xE6, 0x2F, 0x1D, 0xF4, 0x7B, 0x6B, 0x3B, 0x3D, 0xB0,
    0x0B, 0xDC, 0xE5, 0x67, 0x08, 0x5A, 0x3C, 0x91, 0x5E, 0x6D, 0xB9, 0xF2, 0x50, 0xFC, 0x59, 0x1D,
    0x47, 0x37, 0xB2, 0x7D, 0xDD, 0x7E, 0xDF, 0x92, 0x8B, 0xE7, 0x57, 0x9F, 0x38, 0x2E, 0xDA, 0xAD,
    0xC4, 0x52, 0x64, 0x35, 0xA5, 0x6E, 0x78, 0x90, 0x3A, 0xE0, 0x7A, 0x5B, 0xDA, 0xD5, 0xF1, 0xD2,
    0x4F, 0xB1, 0xC5, 0xD1, 0x2F, 0x16, 0x2F, 0xEF, 0xC5, 0x09, 0x23, 0x38, 0xE6, 0xFA, 0xF1, 0x82,
    0x0C, 0xAC, 0xE5, 0xCA, 0x56, 0x8A, 0xB4, 0x80, 0x44, 0x49, 0xC4, 0xD3, 0x82, 0xFA, 0xDC, 0xF3,
    0x8C, 0x90, 0xEC, 0x01, 0xE4, 0x26, 0xCA, 0xDE, 0x24, 0x9F, 0x4E, 0xD2, 0x1A, 0x11, 0x87, 0xAA,
    0x47, 0xB1, 0x68, 0x11, 0x0F, 0x98, 0x49, 0x66, 0x98, 0x20, 0x4F, 0x26, 0x69, 0x83, 0xFC, 0x55,
    0xDA, 0x04, 0xE9, 0x76, 0x3A, 0x42, 0x8D, 0x56, 0x0E, 0xD3, 0x7C, 0x61, 0x15, 0x30, 0xE2, 0xB9,
    0xBC, 0x0E, 0x17, 0x61, 0xBF, 0xB3, 0xA2, 0x90, 0x97, 0xE2, 0x0F, 0xD4, 0x4A, 0xB5, 0x8B, 0x64,
    0xA0, 0x25, 0xE9, 0xE8, 0x28, 0x24, 0x54, 0x4C, 0x23, 0x15, 0x7F, 0xD7, 0xC1, 0x41, 0xD2, 0x43,
    0x78, 0x97, 0x45, 0xBA, 0x84, 0xD3, 0x6C, 0xEE, 0xFE, 0xBA, 0x1C, 0x72, 0x69, 0x75, 0x93, 0xAE,
    0x2C, 0x0F, 0x33, 0x87, 0xF9, 0x4B, 0x50, 0x4B, 0x08, 0x47, 0x5E, 0x34, 0x2D, 0x47, 0x54, 0xB2,
    0x52, 0xE7, 0x1C, 0x1A, 0xCF, 0xA3, 0x02, 0x6E, 0xCD, 0x80, 0x03, 0xE0, 0x04, 0x58, 0x44, 0xD5,
    0x72, 0x42, 0x26, 0x87, 0x50, 0x96, 0x01, 0x8E, 0x32, 0xAF, 0x29, 0xB3, 0xD5, 0x9F, 0xCE, 0x13,
    0x11, 0x61, 0x47, 0xCE, 0x92, 0x2B, 0x73, 0x05, 0xF1, 0x61, 0x59, 0x72, 0xB7, 0x74, 0x05, 0x7B,
    0x5C, 0x20, 0x77, 0x43, 0xCC, 0x0B, 0x52, 0x39, 0xC2, 0x00, 0x79, 0x40, 0x5C, 0x85, 0x73, 0x54,
    0x38, 0xDE, 0xEA, 0x7A, 0x17, 0x55, 0x2F, 0x46, 0xCC, 0x6D, 0xEE, 0x4B, 0x11, 0xB6, 0xE4, 0x0C,
    0x76, 0xB5, 0x85, 0xFC, 0x11, 0xA0, 0x07, 0x40, 0xB5, 0xB0, 0x69, 0xB2, 0x54, 0xE2, 0xF7, 0xFB,
    0x44, 0xAC, 0xF6, 0x2C, 0xD0, 0x3E, 0x6D, 0x47, 0x8A, 0xE5, 0x6C, 0x2C, 0x57, 0x0F, 0x18, 0xA9,
    0x07, 0x2D, 0x6D, 0xA0, 0x0E, 0xF4, 0xF3, 0x58, 0x76, 0x57, 0x81, 0x0A, 0x3F, 0x92, 0x69, 0x46,
    0x9A, 0x6A, 0xE5, 0x25, 0xF9, 0x19, 0x73, 0x1B, 0xCA, 0xB7, 0x96, 0xF7, 0x6E, 0xC3, 0xA7, 0xBB,
    0x30, 0xEB, 0x21, 0x6F, 0x41, 0xD7, 0x00, 0xFC, 0x51, 0x0D, 0x32, 0x22, 0xF7, 0x90, 0x5D, 0xC2,
    0xBC, 0xCF, 0x7C, 0x5E, 0x8F, 0x18, 0xC7, 0x4F, 0x46, 0xB4, 0x64, 0xE2, 0x47, 0x8C, 0xFA, 0xA2,
    0x27, 0xF3, 0x43, 0x38, 0x66, 0x44, 0xE1, 0x32, 0x6F, 0xEA, 0xFC, 0x2C, 0xEB, 0xE7, 0x83, 0x5E,
    0xBE, 0xB6, 0x6C, 0x6E, 0x76, 0xE9, 0x81, 0xD0, 0x39, 0xC0, 0x11, 0x90, 0x78, 0x40, 0xB9, 0x40,
    0x71, 0x34, 0x00, 0x49, 0x77, 0x8D, 0x9C, 0xEE, 0x0E, 0xB0, 0x0B, 0x1C, 0x03, 0x1D, 0xB0, 0xF2,
    0x50, 0x59, 0xB8, 0x07, 0x14, 0x62, 0xD7, 0x04, 0x37, 0x93, 0xB2, 0x42, 0x0B, 0xA4, 0xDF, 0x04,
    0xA9, 0x23, 0x2D, 0x81, 0xAC, 0xBF, 0xB8, 0xB5, 0xBC, 0xFF, 0x5E, 0xFC, 0x15, 0xD2, 0x4F, 0x9E,
    0xB2, 0x69, 0x3F, 0xCF, 0x0A, 0x6C, 0x27, 0xEC, 0x1A, 0xF2, 0x3D, 0x74, 0xBF, 0x3E, 0x53, 0x93,
    0x63, 0xF2, 0x0E, 0xDD, 0x91, 0x7C, 0x6F, 0x6F, 0x43, 0x57, 0x2D, 0x99, 0x27, 0xB7, 0xEC, 0xC1,
    0x36, 0x80, 0xF1, 0x50, 0x58, 0xD8, 0x03, 0x9E, 0xBD, 0xF6, 0xCB, 0x18, 0x1E, 0x43, 0xDA, 0x83,
    0x6A, 0x40, 0x87, 0xE0, 0x7E, 0xA6, 0xCB, 0xB8, 0x70, 0xEB, 0x58, 0x48, 0x6B, 0x2E, 0x87, 0xC2,
    0x54, 0x80, 0xC7, 0xF2, 0x3B, 0x16, 0xDF, 0xBA, 0xC2, 0xC4, 0xC2, 0x7B, 0x2A, 0xBB, 0x63, 0xD1,
    0x1D, 0x4B, 0xEE, 0x58, 0x70, 0x6B, 0x37, 0x04, 0x9A, 0x05, 0x2A, 0x02, 0x99, 0x8F, 0xA7, 0x32,
    0x3B, 0x16, 0xD9, 0xB1, 0xC4, 0x2E, 0x6A, 0x24, 0x96, 0xD7, 0x31, 0x3C, 0x4E, 0x81, 0x82, 0x29,
    0xBE, 0xD4, 0x6F, 0xCA, 0xE4, 0x2F, 0x25, 0x96, 0xC8, 0xA1, 0x40, 0x0E, 0x45, 0xEF, 0x77, 0x21,
    0x94, 0xC3, 0xA1, 0x18, 0x06, 0xDD, 0x00, 0xC6, 0x01, 0x8F, 0x00, 0xDE, 0xBE, 0xB4, 0x97, 0xA6,
    0x7F, 0x0E, 0xA8, 0xAD, 0x8B, 0x11, 0xFD, 0xCF, 0xBE, 0xA1, 0xC6, 0x8C, 0xC9, 0xD4, 0x90, 0xAF,
    0xCF, 0x91, 0x0F, 0xD7, 0x67, 0xFD, 0x7F, 0x45, 0x23, 0x11, 0xE9, 0xDF, 0x03, 0xC7, 0xD7, 0xDE,
    0x54, 0x39, 0x85, 0x4D, 0x50, 0x69, 0x03, 0x80, 0x72, 0xBF, 0x67, 0x7B, 0x6B, 0x5C, 0x10, 0x4C,
    0xCD, 0xB4, 0x24, 0xEC, 0x01, 0xBC, 0xF5, 0x7A, 0xF7, 0xD6, 0xC9, 0x45, 0xF1, 0xCD, 0xD7, 0x7F,
    0xF0, 0xCA, 0xCD, 0xEE, 0x4F, 0x6A, 0x44, 0xBE, 0xB6, 0xAA, 0x4F, 0x65, 0xBA, 0xD9, 0xE5, 0x16,
    0x71, 0x65, 0x58, 0x83, 0x19, 0xE6, 0xDD, 0xFA, 0x80, 0x87, 0x59, 0x73, 0xC0, 0xA7, 0x23, 0x25,
    0x4D, 0xD6, 0x1C, 0x2A, 0x9F, 0x35, 0xA5, 0x21, 0xAB, 0xCB, 0x5D, 0xB4, 0xCF, 0x3B, 0x8C, 0x33,
    0x0D, 0x25, 0xBA, 0x4F, 0x96, 0xE4, 0x21, 0xAA, 0xDD, 0x78, 0xB3, 0x7B, 0xF5, 0x62, 0xBD, 0xCB,
    0xD4, 0xAA, 0x7F, 0xF5, 0x99, 0x88, 0xCD, 0x5D, 0x45, 0xC9, 0x9C, 0x3D, 0xC4, 0x3D, 0x19, 0xE7,
    0x5A, 0x18, 0xE3, 0x17, 0x0F, 0xB5, 0x7F, 0xF2, 0xA1, 0xF1, 0x87, 0x8D, 0x71, 0xA5, 0xCB, 0xC9,
    0xDD, 0x61, 0xCC, 0xB6, 0xFF, 0xA9, 0x3A, 0x22, 0xED, 0x17, 0xC0, 0x62, 0x0F, 0x78, 0xF4, 0x00,
    0xC8, 0xF4, 0xCD, 0x24, 0x81, 0x8F, 0xEF, 0xC3, 0x61, 0x61, 0xC9, 0x8D, 0x23, 0xFB, 0xAD, 0x27,
    0x79, 0xEE, 0xD7, 0x71, 0xD4, 0x68, 0xE9, 0xC8, 0x7F, 0x33, 0x50, 0xB2, 0xE0, 0xD6, 0x08, 0x02,
    0xF6, 0x07, 0xB2, 0xF3, 0x05, 0xB9, 0x7B, 0x42, 0xC1, 0x93, 0xF8, 0x5E, 0xF1, 0xCE, 0x92, 0xF8,
    0x7C, 0xAB, 0xCF, 0xDD, 0x64, 0x52, 0x8B, 0x85, 0xBB, 0xCA, 0xC3, 0x1F, 0x26, 0x37, 0x93, 0xBC,
    0xF3, 0x18, 0x94, 0x80, 0x79, 0xE9, 0xE2, 0xC4, 0xBF, 0x4E, 0x3C, 0xB7, 0xB0, 0xD7, 0xBA, 0xCE,
    0xE6, 0xB9, 0x25, 0x7F, 0xD7, 0x91, 0x7D, 0xE6, 0xE1, 0xDF, 0x36, 0x71, 0x54, 0x22, 0xCD, 0x7C,
    0x44, 0x6E, 0x93, 0x11, 0x04, 0x70, 0x09, 0x22, 0x13, 0x2C, 0xAF, 0xE2, 0xE9, 0x88, 0x76, 0x2E,
    0xD2, 0x8A, 0x48, 0x73, 0xFF, 0x36, 0x94, 0xC6, 0x61, 0x3E, 0xF2, 0xA8, 0x17, 0x1E, 0x9A, 0x1A,
    0x00, 0xE6, 0x35, 0x4A, 0x7A, 0x74, 0x7D, 0x82, 0x21, 0xEE, 0x79, 0x94, 0x22, 0x11, 0x33, 0xA0,
    0x04, 0x0A, 0x20, 0x77, 0xA0, 0xBB, 0x0C, 0x25, 0xCB, 0xF8, 0x19, 0xE6, 0x0E, 0xA4, 0x21, 0xAD,
    0x9F, 0xA1, 0xEC, 0x5B, 0xAF, 0xDD, 0x2F, 0x8F, 0xC3, 0x52, 0x66, 0x2F, 0xBD, 0x4E, 0xEA, 0x3B,
    0x34, 0xB7, 0x00, 0x48, 0xC4, 0x1A, 0x69, 0x8A, 0x77, 0xBA, 0x5D, 0xFA, 0x05, 0x0B, 0x91, 0x61,
    0xEC, 0x3D, 0x0C, 0xB0, 0x80, 0x43, 0x28, 0xEA, 0x5F, 0x1B, 0xE9, 0x12, 0xB1, 0xE3, 0x72, 0x8E,
    0xAB, 0x19, 0x16, 0xF3, 0x62, 0x2D, 0x55, 0xF8, 0xF7, 0x86, 0x82, 0x1F, 0xDA, 0xAB, 0xA3, 0xF1,
    0x23, 0xF7, 0x6F, 0xDB, 0xD2, 0xF8, 0x71, 0xD1, 0xD4, 0x8B, 0x9A, 0xA7, 0x35, 0x40, 0xE6, 0x10,
    0x47, 0xE5, 0x30, 0x57, 0xF7, 0xFD, 0x1A, 0xE9, 0xF2, 0xA6, 0xEC, 0x8F, 0xDF, 0x1C, 0xDD, 0x03,
    0xB2, 0x9C, 0xF7, 0xDA, 0x5F, 0xFD, 0x57, 0x9C, 0xC9, 0xF2, 0xB6, 0x2D, 0xBA, 0xC3, 0xE1, 0xD9,
    0x9D, 0xE6, 0xAE, 0x05, 0x92, 0xA6, 0x6C, 0x8A, 0x46, 0x7D, 0xEB, 0x6F, 0xA7, 0x2B, 0x97, 0xEA,
    0xBF, 0x7B, 0x48, 0xFA, 0x05, 0xB0, 0x1B, 0x8B, 0xE5, 0x3B, 0x37, 0x93, 0x75, 0xC5, 0x0B, 0x38,
    0xBF, 0x74, 0x01, 0x5F, 0xF3, 0x41, 0x61, 0x0F, 0x18, 0x01, 0x1E, 0x6A, 0xE0, 0x6D, 0x65, 0x6F,
    0x24, 0x0E, 0xEE, 0x03, 0xE2, 0x51, 0x5F, 0x37, 0x28, 0xF7, 0x8C, 0x8C, 0x0F, 0x48, 0xD8, 0xBE,
    0x56, 0x2C, 0xF9, 0x3F, 0xD7, 0x90, 0x7D, 0xD1, 0x40, 0xD2, 0xB6, 0x21, 0x96, 0x4B, 0x9B, 0xC3,
    0x5C, 0x56, 0x50, 0x88, 0xD4, 0x68, 0xAF, 0xDB, 0x91, 0xD2, 0x6E, 0xA4, 0x64, 0x4D, 0x17, 0xF5,
    0x4B, 0x8D, 0x16, 0xB1, 0x6B, 0xF2, 0xB9, 0x1F, 0x49, 0xC7, 0x32, 0xA5, 0xFD, 0x86, 0x3A, 0x74,
    0x9D, 0xF6, 0x54, 0xCB, 0x44, 0xAC, 0x2C, 0xA9, 0xDC, 0xF8, 0x9B, 0x4C, 0x27, 0xBB, 0xFA, 0xCC,
    0x53, 0x7B, 0x20, 0x69, 0xDF, 0xC8, 0xBF, 0x12, 0x2D, 0x2B, 0xCE, 0xFF, 0x86, 0x8E, 0xA9, 0x27,
    0x97, 0xFB, 0xD6, 0x39, 0x46, 0x2C, 0x79, 0x03, 0x94, 0x3D, 0x70, 0xFC, 0x26, 0x50, 0xDF, 0xB9,
    0x19, 0xCF, 0x3C, 0x46, 0x09, 0xFA, 0xA5, 0xBB, 0x9B, 0xFA, 0x3B, 0xD4, 0xD3, 0xBD, 0x33, 0xF3,
    0x4F, 0xE7, 0xFF, 0x32, 0x14, 0xD2, 0xAB, 0xFF, 0xF8, 0x9D, 0xAA, 0x99, 0x7A, 0x76, 0xB9, 0xEF,
    0x9C, 0x51, 0x2E, 0xE1, 0xA4, 0x04, 0x0A, 0x63, 0x41, 0x7F, 0xE4, 0x20, 0x7D, 0xE1, 0x6F, 0xE4,
    0x21, 0xD5, 0x78, 0x33, 0xA0, 0xFC, 0x0B, 0x8F, 0xF9, 0xCC, 0xA3, 0xBE, 0xA8, 0xE1, 0x69, 0x73,
    0xCD, 0xE7, 0xAD, 0x95, 0x85, 0x54, 0x6A, 0x50, 0xAE, 0x21, 0x9C, 0x86, 0x37, 0x12, 0x07, 0xF7,
    0x81, 0xAA, 0x86, 0xAF, 0x5B, 0x52, 0xFF, 0x16, 0xCA, 0xBD, 0x41, 0xC2, 0xAD, 0x6B, 0xC5, 0x92,
    0x54, 0x67, 0x18, 0x11, 0x0A, 0x5B, 0xB0, 0x87, 0xE1, 0x00, 0x3D, 0x02, 0x4A, 0x0B, 0xC5, 0x39,
    0x64, 0xD2, 0xC1, 0xFE, 0x0A, 0x92, 0x10, 0x73, 0xDC, 0x85, 0xDD, 0xB3, 0x11, 0xE1, 0xF2, 0xDA,
    0x63, 0x4E, 0x29, 0x03, 0x3B, 0xC1, 0x1B, 0x40, 0x0E, 0x14, 0x40, 0x06, 0x68, 0xE0, 0x8D, 0xE0,
    0xDB, 0x15, 0xD2, 0x1C, 0xA4, 0xCD, 0x22, 0x69, 0x16, 0x30, 0x3F, 0xA3, 0x10, 0xB7, 0x25, 0x0D,
    0xBA, 0x25, 0x6D, 0x3F, 0x48, 0xDA, 0x31, 0xA9, 0xAA, 0xC4, 0x85, 0xA9, 0x80, 0x63, 0x18, 0x60,
    0x17, 0xDE, 0x86, 0x16, 0x40, 0x44, 0x86, 0x80, 0xD6, 0xF8, 0xDD, 0x00, 0x8C, 0xE7, 0x47, 0x61,
    0xFF, 0x6C, 0xF3, 0x58, 0x29, 0x73, 0xA0, 0x3D, 0xA4, 0x1E, 0xD4, 0x94, 0x8E, 0x25, 0x2E, 0xBC,
    0x52, 0x9E, 0xCC, 0x33, 0x17, 0x3F, 0xF6, 0x71, 0x70, 0x65, 0x6F, 0xB6, 0x95, 0xD4, 0x9C, 0x02,
    0xF0, 0x10, 0x4A, 0x30, 0x70, 0x37, 0x1A, 0xDE, 0x86, 0x07, 0xE9, 0x77, 0xFC, 0x8F, 0x9A, 0x2C,
    0x13, 0xE9, 0xF7, 0x3B, 0xE6, 0x8D, 0xF6, 0x18, 0x77, 0x35, 0x89, 0xC8, 0x44, 0xDF, 0x7D, 0x5C,
    0x7E, 0xC6, 0x7E, 0x1D, 0xBF, 0x74, 0x7A, 0xF2, 0xB1, 0xF7, 0xAD, 0x27, 0x1F, 0x5B, 0x35, 0xC8,
    0x88, 0xE2, 0xD5, 0x27, 0x1F, 0xCF, 0x57, 0x64, 0x5F, 0x8A, 0xCF, 0x3A, 0x53, 0x67, 0x5E, 0x05,
    0x34, 0xDF, 0x85, 0xFC, 0x6C, 0xA7, 0x9F, 0x0F, 0xE5, 0xEA, 0xFF, 0x01, 0x4D, 0x4E, 0x25, 0x78,
    0xC4, 0x30, 0x14, 0xFE, 0xCB, 0xDC, 0xF8, 0x6F, 0xE8, 0x8B, 0x6E, 0xBC, 0xC4, 0xAB, 0x7A, 0xB3,
    0x79, 0x3B, 0xE6, 0xB8, 0xA9, 0xA1, 0xF7, 0x76, 0xA0, 0xAA, 0xDA, 0xE7, 0xCD, 0xC0, 0x8B, 0x78,
    0x55, 0x37, 0x86, 0x8B, 0xBA, 0x7B, 0xCC, 0xEF, 0xE7, 0x98, 0x93, 0x16, 0x41, 0x31, 0xAA, 0xC4,
    0x2A, 0xEE, 0x61, 0xBE, 0xC3, 0xFB, 0x01, 0xDB, 0x40, 0xE1, 0xC9, 0x32, 0x3C, 0xBB, 0x7C, 0xFC,
    0x51, 0x6D, 0xFF, 0xDB, 0xFF, 0x36, 0xCE, 0x7D, 0xBA, 0x3D, 0xC3, 0xBF, 0x23, 0x75, 0xD2, 0x9D,
    0x94, 0x91, 0xE4, 0x8C, 0xB4, 0x15, 0xFC, 0xD9, 0x7C, 0x36, 0x29, 0x05, 0x30, 0x27, 0x6A, 0x9A,
    0x97, 0x35, 0xCD, 0x89, 0x51, 0x6F, 0xAD, 0xC2, 0xFE, 0x31, 0xEE, 0x07, 0x7D, 0x86, 0x31, 0x78,
    0x3F, 0xFA, 0xF0, 0xA8, 0xCE, 0xCE, 0xC9, 0x7A, 0x7D, 0xC6, 0xA0, 0x22, 0xC5, 0xBF, 0xB7, 0x67,
    0xEE, 0xD3, 0xC6, 0x71, 0x16, 0xB7, 0x4F, 0x56, 0x2D, 0xD2, 0xEC, 0xC9, 0x5F, 0x4C, 0x9E, 0x5F,
    0x5D, 0x4F, 0xA7, 0x37, 0x0D, 0x04, 0x98, 0x41, 0x45, 0x26, 0xDD, 0x52, 0x07, 0x4B, 0xA4, 0xC8,
    0xB1, 0x8F, 0x56, 0xF4, 0xC4, 0x31, 0x46, 0xA5, 0x31, 0xF2, 0x3F, 0xFA, 0x07, 0xC5, 0xDA, 0x01,
    0xA4, 0x25, 0x59, 0x7E, 0xC7, 0xF1, 0x4F, 0x55, 0xBD, 0xE9, 0xDA, 0x74, 0x6D, 0xBF, 0xEA, 0x44,
    0x0F, 0xEC, 0xEB, 0xEE, 0x0A, 0x60, 0x7A, 0x77, 0xFA, 0xDD, 0xC5, 0xA2, 0xF1, 0x76, 0xEE, 0xC9,
    0x40, 0x63, 0x90, 0x96, 0x34, 0x10, 0x80, 0x20, 0x41, 0x4C, 0xC2, 0x60, 0x30, 0xF3, 0x6E, 0xC5,
    0x92, 0x20, 0xD8, 0x06, 0x20, 0x30, 0x68, 0x04, 0x98, 0x41, 0x63, 0xD8, 0xD7, 0xB9, 0x27, 0x99,
    0xC4, 0x22, 0x50, 0x16, 0x60, 0x45, 0xAE, 0x64, 0x24, 0x40, 0xBA, 0x12, 0x37, 0x72, 0x5B, 0xDF,
    0x7B, 0x4F, 0x6A, 0xDE, 0x7D, 0x5A, 0x9E, 0xCD, 0x98, 0x4C, 0xDF, 0xFB, 0x5E, 0x3B, 0xEF, 0xF7,
    0x57, 0x57, 0xD5, 0xBF, 0xFC, 0xBE, 0xFE, 0xC7, 0xAF, 0x38, 0x9E, 0x6C, 0x89, 0x7C, 0x85, 0x22,
    0xA1, 0x9C, 0xA0, 0x6E, 0x5A, 0xEA, 0x3A, 0x72, 0xAB, 0xEA, 0x38, 0x2A, 0x67, 0x1C, 0x15, 0x3D,
    0x4F, 0xF2, 0x39, 0x29, 0x2D, 0x37, 0x25, 0xEF, 0x1C, 0x2B, 0xA2, 0xB1, 0x32, 0x1A, 0x85, 0x2A,
    0xA8, 0xDB, 0xA6, 0x35, 0x9A, 0x8D, 0x3B, 0xD3, 0x39, 0x60, 0x8E, 0x7C, 0x09, 0x73, 0xF2, 0x14,
    0x8C, 0xD2, 0xD0, 0x56, 0xF6, 0x96, 0x79, 0xEF, 0xFA, 0x20, 0x83, 0xB2, 0x69, 0xAF, 0xF9, 0xD7,
    0xDE, 0x71, 0xD6, 0x3B, 0xC9, 0x36, 0xF7, 0x9E, 0x56, 0x73, 0x93, 0x75, 0x6A, 0x9B, 0xD9, 0x31,
    0x70, 0x82, 0xD5, 0x99, 0xAE, 0x23, 0x5F, 0x9C, 0x99, 0xA6, 0x86, 0xDB, 0xF0, 0x04, 0x00, 0x2E,
    0x0E, 0x2E, 0x7B, 0x40, 0xB1, 0x22, 0x9F, 0xA2, 0xC6, 0x2D, 0x3C, 0x86, 0xAD, 0x20, 0xAF, 0xB4,
    0xA8, 0x03, 0xCB, 0xBB, 0x14, 0xEB, 0xEB, 0x54, 0x3F, 0x0D, 0xDC, 0x2E, 0xE2, 0xA5, 0x50, 0x6D,
    0x0C, 0xD4, 0xD1, 0xC3, 0x46, 0xB6, 0x3C, 0x52, 0x3C, 0xBB, 0xAE, 0x7E, 0xAF, 0x75, 0x2B, 0x8F,
    0x5B, 0x91, 0x5D, 0x0D, 0xA8, 0x22, 0xB2, 0xD9, 0x12, 0xBF, 0xBB, 0x76, 0xC9, 0x64, 0x7F, 0x88,
    0x31, 0xEA, 0xEC, 0x81, 0xE2, 0xCF, 0x7B, 0xEA, 0x13, 0x7E, 0x7C, 0xC8, 0x07, 0x15, 0x50, 0xAD,
    0x98, 0xA6, 0x90, 0x2D, 0x9A, 0x58, 0xF4, 0x55, 0x14, 0x06, 0x19, 0x74, 0x25, 0x45, 0x93, 0xBF,
    0x8C, 0xD9, 0xA2, 0x8C, 0x79, 0x5F, 0x9E, 0xDE, 0xCB, 0xE7, 0xA3, 0x2E, 0x4B, 0x2F, 0xD6, 0x26,
    0x7F, 0xBA, 0x20, 0x1B, 0x24, 0x4B, 0x50, 0xE3, 0x71, 0x6D, 0x00, 0xB8, 0x47, 0xF9, 0x0C, 0x75,
    0x19, 0xD9, 0xCB, 0xC2, 0x45, 0xE3, 0xF1, 0xF8, 0xCC, 0xC4, 0xA7, 0x3C, 0xAC, 0x64, 0xCB, 0xBB,
    0x3B, 0x1B, 0x9E, 0xF2, 0x17, 0x91, 0x3A, 0xB5, 0x5C, 0xBB, 0x0D, 0x7F, 0x85, 0xE2, 0xDF, 0x51,
    0x17, 0xED, 0x45, 0x83, 0xE5, 0xA1, 0x55, 0xBF, 0x88, 0xEA, 0x69, 0xEB, 0x3B, 0x57, 0xF1, 0x98,
    0x7C, 0x45, 0xF9, 0x4F, 0xEC, 0x17, 0xF1, 0xD5, 0xA1, 0x2C, 0x51, 0xEC, 0x6E, 0x1F, 0x6E, 0x11,
    0x8A, 0x1E, 0x92, 0x2D, 0x29, 0x9E, 0x39, 0x3F, 0xB0, 0x5D, 0x86, 0xA5, 0xBA, 0x45, 0x0D, 0x6F,
    0x63, 0xFF, 0x37, 0x22, 0x55, 0x0A, 0xE4, 0xEB, 0x8B, 0xE4, 0xDD, 0x04, 0x4A, 0xE0, 0x36, 0xEE,
    0xF1, 0xDD, 0x5F, 0x8F, 0xEA, 0xFB, 0xAD, 0x2A, 0x05, 0xF9, 0x6A, 0x0B, 0xC6, 0xBA, 0x45, 0x11,
    0xA1, 0xC3, 0xFE, 0xEF, 0x5C, 0x0E, 0xCF, 0xD5, 0x40, 0xD5, 0x52, 0x44, 0xCC, 0x76, 0xC8, 0xE3,
    0x73, 0x58, 0xC3, 0x55, 0x78, 0x0B, 0xFB, 0xF9, 0xE5, 0x40, 0x79, 0x84, 0x15, 0x3E, 0x45, 0x85,
    0xBB, 0x06, 0xB0, 0xD6, 0x7E, 0xB9, 0x01, 0x2B, 0xB7, 0x4C, 0x0E, 0xEC, 0x09, 0xEC, 0x17, 0xAD,
    0x33, 0x9E, 0xD5, 0x65, 0x84, 0xC6, 0x7E, 0xDA, 0x84, 0xC6, 0x77, 0xB2, 0x81, 0x65, 0x17, 0x43,
    0xFA, 0x6E, 0x16, 0x37, 0xB1, 0xF3, 0x92, 0xE2, 0xB5, 0x85, 0xC6, 0x4D, 0xD1, 0xB5, 0x3C, 0xAA,
    0x7F, 0xAF, 0x55, 0x26, 0xB2, 0xE7, 0x76, 0x1E, 0x1A, 0xD3, 0x94, 0x66, 0x93, 0x41, 0x4D, 0xC8,
    0x06, 0x19, 0xC4, 0x39, 0xA5, 0xB4, 0x51, 0xE0, 0xBC, 0x7C, 0x32, 0xA8, 0x1F, 0x7A, 0xFB, 0x34,
    0xF4, 0x83, 0x11, 0xC6, 0x81, 0x11, 0x59, 0x0A, 0x75, 0x9A, 0x8D, 0xDE, 0x9D, 0x1F, 0x59, 0x9C,
    0x38, 0x49, 0x69, 0x39, 0xFC, 0x2D, 0x58, 0x72, 0xC2, 0x31, 0xA3, 0xEE, 0x66, 0x9D, 0xE6, 0x59,
    0x0A, 0xF0, 0x63, 0xA6, 0x1C, 0xB3, 0xC7, 0x71, 0x60, 0x12, 0xC9, 0x3B, 0x8A, 0xC8, 0x3E, 0xC0,
    0x0E, 0xCD, 0x3E, 0x90, 0x25, 0xD9, 0x34, 0xA8, 0x82, 0x9A, 0x0F, 0xF8, 0x56, 0x8E, 0xE7, 0xF7,
    0xE4, 0xAB, 0x1F, 0x29, 0x7E, 0xDA, 0x2B, 0xDE, 0x9D, 0xED, 0xDC, 0x5E, 0x16, 0x1E, 0x94, 0xFD,
    0xAC, 0x5E, 0x75, 0xFB, 0xA3, 0x78, 0xAD, 0x0A, 0xDF, 0xCE, 0x1B, 0x8F, 0x29, 0x7A, 0xA3, 0xFB,
    0xAD, 0xC9, 0xDF, 0xF3, 0x9F, 0xBD, 0x22, 0x7E, 0xB8, 0x73, 0x8F, 0xE4, 0x8F, 0xA8, 0x3A, 0x37,
    0xEA, 0x60, 0x7D, 0x4B, 0xFE, 0x2C, 0x28, 0x7F, 0x12, 0xED, 0x9B, 0xB1, 0x71, 0x6C, 0xB0, 0x6C,
    0xF0, 0x6C, 0x30, 0x6D, 0x70, 0x6D, 0xF0, 0x7C, 0xAA, 0x05, 0x96, 0x38, 0xC1, 0xB1, 0x53, 0xF3,
    0x06, 0xF7, 0xA7, 0x3D, 0xBF, 0x8F, 0x8F, 0x51, 0x57, 0x9D, 0xAC, 0xE9, 0x39, 0x3A, 0xA1, 0xBF,
    0x0D, 0x60, 0x94, 0xD2, 0xA2, 0x19, 0x54, 0x76, 0x3E, 0x1C, 0x74, 0x6F, 0x90, 0x73, 0x4A, 0x29,
    0x9E, 0xAA, 0xE3, 0xBC, 0xBC, 0x35, 0xE8, 0x68, 0xE8, 0x5D, 0x8E, 0x87, 0xFE, 0xEF, 0x63, 0x14,
    0xA8, 0xDA, 0x07, 0xF2, 0x2F, 0x16, 0xBC, 0xF7, 0x94, 0xDB, 0x35, 0xF7, 0x8A, 0x16, 0x94, 0x2B,
    0xC6, 0xA9, 0xF5, 0xB4, 0xEA, 0xF4, 0xC5, 0x2C, 0xEF, 0x87, 0x35, 0xB0, 0x17, 0x5F, 0x69, 0x46,
    0xD1, 0x93, 0xF7, 0x58, 0x60, 0x1A, 0xFE, 0xD8, 0x38, 0x75, 0xA7, 0x3D, 0xC6, 0x61, 0x50, 0x47,
    0xDE, 0xF9, 0x5E, 0x1E, 0x8D, 0xFF, 0x22, 0x78, 0xD1, 0xC9, 0x67, 0xBD, 0x2C, 0xDC, 0xD8, 0xF1,
    0x0C, 0x1E, 0x23, 0x05, 0xDE, 0x6F, 0xDD, 0x28, 0x5A, 0xEB, 0xDB, 0x3B, 0x9B, 0x83, 0xC5, 0x0F,
    0x65, 0xA9, 0x97, 0xFF, 0x59, 0xC7, 0xF7, 0xF1, 0xB3, 0x28, 0xEF, 0x3E, 0xDB, 0xED, 0x3E, 0x6F,
    0x1F, 0x95, 0xEB, 0xAE, 0x9A, 0xC6, 0x5F, 0xBB, 0x12, 0xFC, 0x81, 0x2C, 0x29, 0x7E, 0xD9, 0x56,
    0x59, 0xF7, 0x2D, 0x76, 0xFB, 0x68, 0x13, 0x16, 0xE7, 0x77, 0xF9, 0xC5, 0xA5, 0x9A, 0x1B, 0xAC,
    0xE5, 0x29, 0x94, 0x5F, 0xC4, 0x7D, 0x33, 0x5B, 0xE4, 0x5C, 0xF3, 0xA8, 0xE9, 0x3D, 0xD1, 0x17,
    0x2D, 0xA4, 0xD5, 0x64, 0x51, 0xC5, 0xAF, 0x5F, 0xA3, 0x2F, 0xD3, 0xEA, 0x8D, 0xD0, 0xF4, 0x07,
    0x73, 0x1F, 0x6C, 0x7A, 0xB2, 0xD9, 0x78, 0x36, 0x9A, 0x15, 0xBF, 0xB2, 0x0E, 0xE6, 0xE3, 0xD5,
    0xFF, 0xE7, 0x6D, 0x54, 0xB1, 0x9E, 0x55, 0xB1, 0x09, 0xE3, 0x38, 0x1E, 0x2A, 0x4C, 0xDB, 0xF7,
    0xDB, 0xFA, 0xFF, 0x58, 0xEF, 0x77, 0x69, 0x4E, 0xDD, 0x36, 0xB1, 0x89, 0x19, 0x07, 0xEB, 0x40,
    0x4A, 0xBD, 0x72, 0x7E, 0x65, 0xA9, 0x8E, 0x26, 0x46, 0x8C, 0xC2, 0x3B, 0xD4, 0xF1, 0x63, 0xEA,
    0xF8, 0x94, 0xAA, 0x3B, 0x39, 0x2B, 0x65, 0x77, 0xFA, 0xF3, 0x98, 0x2A, 0x8E, 0xA9, 0xE3, 0x28,
    0x68, 0x42, 0x1D, 0x8D, 0x95, 0x8B, 0x7C, 0x29, 0x4B, 0xA9, 0x3F, 0x7B, 0x29, 0xC8, 0x7A, 0x14,
    0x8B, 0xB3, 0xAB, 0x6C, 0xFA, 0x48, 0x95, 0x16, 0x46, 0xED, 0x53, 0xEF, 0x18, 0xFB, 0x48, 0x13,
    0x4E, 0xD4, 0xED, 0xF2, 0x4C, 0x27, 0xA7, 0x6A, 0xC2, 0x3B, 0x46, 0xA7, 0xCF, 0x54, 0x69, 0x2E,
    0x9B, 0xB6, 0xC0, 0x21, 0x26, 0x18, 0x63, 0x0F, 0xE5, 0x97, 0x28, 0x97, 0x70, 0x17, 0xDE, 0x86,
    0x19, 0x00, 0x2E, 0x12, 0xEE, 0x21, 0x52, 0xE0, 0xD3, 0x48, 0x11, 0x29, 0x03, 0x77, 0x60, 0x2B,
    0xC8, 0xAB, 0x01, 0x63, 0xF2, 0xF9, 0x87, 0x94, 0xCB, 0x07, 0xD4, 0x0D, 0x8E, 0xCA, 0xF6, 0x72,
    0xA8, 0x64, 0x9F, 0x50, 0xF4, 0xDE, 0x2C, 0xA3, 0xC9, 0x6F, 0xF3, 0xE2, 0xEF, 0x14, 0xBF, 0x98,
    0x29, 0xC3, 0x93, 0xAD, 0xC8, 0xBE, 0x07, 0x4D, 0x40, 0xF1, 0xB7, 0x73, 0xDC, 0x5F, 0xBA, 0x64,
    0xB2, 0x97, 0xC7, 0x09, 0xBF, 0xF5, 0xD5, 0x71, 0xC2, 0xFC, 0x7F, 0x1F, 0x27, 0x04, 0x70, 0xF0,
    0x9C, 0x69, 0x6A, 0xF3, 0x45, 0xD5, 0x15, 0xB3, 0xA2, 0x2F, 0x63, 0x36, 0xAF, 0xA2, 0x45, 0x7D,
    0xA6, 0xEA, 0x54, 0xD9, 0xFC, 0xF4, 0xDB, 0x31, 0x3C, 0x63, 0x9A, 0x82, 0x83, 0x05, 0x8A, 0x39,
    0x8A, 0x15, 0xDC, 0x25, 0xFB, 0xE4, 0x26, 0xC5, 0xF2, 0x09, 0xF5, 0x53, 0x1C, 0xD6, 0xB8, 0x91,
    0x85, 0x8B, 0xC6, 0xE3, 0x0E, 0x26, 0x91, 0x1F, 0x74, 0xDE, 0xCC, 0xA3, 0xC9, 0x7B, 0x61, 0x57,
    0xC3, 0x53, 0xFD, 0x24, 0xD0, 0x24, 0xBC, 0xF5, 0x47, 0xC8, 0x1E, 0xA3, 0x3A, 0xC1, 0xAD, 0xCA,
    0x85, 0x83, 0x3D, 0xFA, 0x4D, 0xC5, 0xBA, 0x57, 0x3C, 0x9B, 0xC9, 0xF3, 0x76, 0xC3, 0x39, 0x0D,
    0xB2, 0xFF, 0x8E, 0x8A, 0xB6, 0x7F, 0x75, 0xA8, 0x7C, 0x8E, 0x72, 0x8B, 0x7D, 0xB8, 0xBB, 0x50,
    0xF4, 0x26, 0x26, 0x81, 0x17, 0xF1, 0xDC, 0xC0, 0x76, 0x1A, 0x96, 0x9A, 0x88, 0x11, 0x67, 0xAC,
    0x9F, 0x95, 0x11, 0x45, 0x44, 0xD5, 0x3A, 0x48, 0x6B, 0x52, 0x9A, 0x1B, 0x78, 0x57, 0x5E, 0xF2,
    0xB6, 0xAF, 0xCE, 0x3B, 0x73, 0xC6, 0xFB, 0x90, 0xE2, 0x39, 0xE5, 0x2F, 0xA3, 0xFA, 0x7E, 0x74,
    0xAD, 0x88, 0x54, 0x6D, 0x36, 0x5D, 0xBF, 0x1A, 0xDB, 0x04, 0x9A, 0x80, 0x32, 0x96, 0xAD, 0xAC,
    0xBB, 0x1C, 0x8E, 0x37, 0x02, 0xD5, 0x2C, 0x93, 0xF7, 0x55, 0xF4, 0x79, 0x19, 0xBD, 0xBD, 0x25,
    0xC7, 0xAF, 0x7C, 0xBC, 0xCA, 0x96, 0xD9, 0xC5, 0xC3, 0x9C, 0xFF, 0x78, 0xFD, 0x0D, 0xC5, 0x3F,
    0x44, 0xE5, 0xFD, 0xE8, 0xCE, 0x96, 0x40, 0xF5, 0xBB, 0x2D, 0xA3, 0x7F, 0x69, 0xB9, 0x97, 0xCA,
    0xD6, 0x8F, 0x0E, 0x2F, 0x89, 0x25, 0x5C, 0x57, 0xCC, 0xFF, 0x44, 0xB1, 0xFA, 0x59, 0x2C, 0xEB,
    0x7F, 0x8B, 0x65, 0xF1, 0xC5, 0x76, 0x1C, 0x94, 0x2D, 0x2E, 0xDE, 0xFD, 0xD7, 0xC6, 0x81, 0x0C,
    0x55, 0xA4, 0x8C, 0xBC, 0x9C, 0xCA, 0xCE, 0xA2, 0x60, 0x9C, 0x8C, 0x97, 0x07, 0xCF, 0x1D, 0x7C,
    0x59, 0xCC, 0x14, 0xF1, 0xDB, 0x95, 0x5E, 0x11, 0xF3, 0x5E, 0xD9, 0x66, 0x0B, 0x75, 0xB0, 0x0E,
    0xC7, 0x8C, 0xD3, 0x82, 0x2B, 0xE9, 0x11, 0xC0, 0xC7, 0x30, 0x3D, 0xBB, 0x1A, 0xB7, 0xE3, 0x38,
    0x6A, 0x47, 0x6D, 0xFD, 0x4D, 0x2B, 0xD6, 0x6D, 0xF5, 0x5F, 0xD3, 0xB6, 0x48, 0x69, 0x96, 0xA5,
    0xF7, 0xE6, 0xA0, 0x6A, 0x69, 0x22, 0x75, 0x24, 0x83, 0x35, 0xA4, 0x97, 0xF3, 0x29, 0x03, 0xEE,
    0x00, 0x70, 0x91, 0x70, 0x9B, 0x94, 0x8E, 0x8C, 0x3A, 0xB2, 0x73, 0xC7, 0x19, 0x5B, 0x40, 0xE6,
    0x0B, 0x28, 0x66, 0x1B, 0xDA, 0x3C, 0x72, 0xED, 0xEC, 0x57, 0x3E, 0x83, 0x22, 0x7E, 0x45, 0x94,
    0xC2, 0x29, 0x92, 0x53, 0x9B, 0xAF, 0x58, 0x4F, 0xE9, 0x9C, 0xE2, 0xD9, 0xF0, 0x6D, 0x00, 0x37,
    0x84, 0x1B, 0xC4, 0x0D, 0xE4, 0x6A, 0x4F, 0x36, 0x3F, 0x54, 0x74, 0x8D, 0x32, 0x34, 0xB8, 0x3B,
    0xF0, 0xCD, 0x5F, 0x89, 0xAF, 0xEE, 0xA0, 0xE8, 0xC1, 0x5C, 0x1E, 0x79, 0xFB, 0x35, 0xF2, 0x65,
    0x0F, 0xC8, 0x17, 0xF6, 0x9C, 0x38, 0x74, 0xA8, 0x51, 0xD9, 0x8E, 0xCF, 0x1A, 0xA4, 0x16, 0xCA,
    0x08, 0x65, 0xC8, 0x23, 0x77, 0x5E, 0x23, 0xA5, 0x37, 0x31, 0xEE, 0xF8, 0x41, 0xBF, 0x47, 0x7F,
    0x28, 0xEF, 0x1A, 0x57, 0xB7, 0x24, 0xCD, 0x67, 0x3F, 0x44, 0xB1, 0xFC, 0x0C, 0x65, 0xD3, 0xE7,
    0x51, 0x55, 0xC6, 0xD7, 0xC8, 0x78, 0x7D, 0x8F, 0xD5, 0xCD, 0xBD, 0x2C, 0x7D, 0x74, 0x98, 0xFD,
    0x7C, 0xD1, 0xE4, 0xED, 0x6C, 0x3B, 0x3E, 0xE4, 0x11, 0x5E, 0x1F, 0xD3, 0xB9, 0xFC, 0x34, 0xE5,
    0xE5, 0xB5, 0x3D, 0x1C, 0xA2, 0xC1, 0xD6, 0x9C, 0xAA, 0x48, 0xDD, 0x6D, 0x94, 0x61, 0xD4, 0xA2,
    0x8E, 0xC8, 0x3B, 0xF8, 0x0C, 0x00, 0xD2, 0x5A, 0xEA, 0xA7, 0xCF, 0x4D, 0xBB, 0x6A, 0xA6, 0x51,
    0xCC, 0x1D, 0xC9, 0x96, 0x3E, 0x67, 0xAA, 0x67, 0xFC, 0x6E, 0x47, 0xFD, 0xF3, 0x96, 0x2A, 0xA1,
    0x58, 0xC1, 0x12, 0x16, 0x5F, 0x53, 0xAE, 0xAC, 0x03, 0x75, 0x8A, 0x3C, 0xC4, 0x12, 0xEF, 0xA0,
    0x46, 0xD1, 0x82, 0xE9, 0xA2, 0x59, 0xBC, 0x3F, 0xAF, 0xE6, 0xD5, 0xAC, 0xE8, 0x8A, 0xBE, 0x8C,
    0xF9, 0xBC, 0x6A, 0xB3, 0x45, 0x1D, 0x2C, 0x1B, 0x3E, 0x3E, 0x64, 0x7C, 0xC4, 0xE8, 0x23, 0xEA,
    0x05, 0x55, 0x4F, 0xD9, 0x53, 0x74, 0x94, 0x91, 0xBA, 0x65, 0x14, 0x64, 0x7F, 0x4D, 0xB3, 0xA4,
    0xEE, 0x2E, 0x94, 0x00, 0x58, 0x20, 0xDB, 0x74, 0xEC, 0xCA, 0xFD, 0xA1, 0x66, 0x39, 0x0E, 0x75,
    0x37, 0xC6, 0xDE, 0x37, 0xFF, 0xE7, 0xC4, 0x85, 0x42, 0xBE, 0x11, 0x68, 0x7A, 0x0E, 0xE6, 0xF8,
    0x00, 0xFD, 0x85, 0x8D, 0x4A, 0x19, 0x23, 0xF5, 0x7F, 0x44, 0x6E, 0x4E, 0xBE, 0x2A, 0x4D, 0xB8,
    0x1C, 0xC6, 0xBD, 0x37, 0x98, 0xEC, 0x33, 0xFD, 0x47, 0xFE, 0x79, 0x49, 0xF7, 0xF9, 0x85, 0xF0,
    0xFD, 0x0F, 0x2C, 0x8C, 0x21, 0x90, 0xD3, 0x40, 0x14, 0x86, 0xBF, 0x64, 0xC5, 0x8A, 0x0C, 0xF7,
    0xBC, 0x68, 0x83, 0x44, 0x5C, 0x1B, 0x73, 0xA2, 0x62, 0x73, 0xD9, 0x01, 0x81, 0x44, 0x22, 0xC1,
    0x21, 0xCE, 0x56, 0x54, 0xDC, 0x4C, 0x76, 0xB0, 0x58, 0xFC, 0x9C, 0x57, 0x11, 0x15, 0x75, 0x59,
    0x0E, 0x81, 0x24, 0x83, 0x42, 0x06, 0x79, 0x6E, 0x45, 0x44, 0x45, 0x73, 0xA1, 0x7B, 0xE9, 0xEC,
    0xFE, 0xF3, 0xBD, 0xF9, 0xE7, 0x7D, 0xAF, 0x3E, 0x9E, 0xDF, 0x34, 0xBC, 0xFC, 0x29, 0xC4, 0x80,
    0x66, 0xC9, 0x8E, 0x03, 0x23, 0x2D, 0x25, 0x6B, 0x6A, 0x5B, 0x58, 0xB1, 0x82, 0xE1, 0x01, 0x10,
    0x5B, 0x78, 0xF1, 0xDA, 0x6B, 0xB7, 0xE4, 0x06, 0x00, 0x74, 0xE2, 0x97, 0x99, 0xDD, 0x2D, 0x38,
    0x94, 0x8C, 0x95, 0x6D, 0x2B, 0x57, 0xE6, 0xAC, 0xC5, 0xD5, 0x9F, 0x7C, 0xF1, 0xC1, 0xCB, 0x3B,
    0x2F, 0xCA, 0x99, 0x9C, 0x87, 0x37, 0x00, 0xF2, 0xDE, 0x17, 0xBF, 0x83, 0xFC, 0x0A, 0xFA, 0xB1,
    0xD7, 0x5F, 0xBB, 0xA5, 0x76, 0x37, 0xAF, 0x00, 0xB4, 0x57, 0xFE, 0xCB, 0xDF, 0xF6, 0xF4, 0xF1,
    0xBB, 0xF2, 0x71, 0x56, 0x4E, 0x59, 0x75, 0xE6, 0xDD, 0x53, 0x3D, 0x46, 0xD6, 0xE3, 0xDD, 0x53,
    0x64, 0xEE, 0xEA, 0x30, 0x85, 0x69, 0x98, 0x42, 0x1D, 0x72, 0x57, 0x6A, 0x3F, 0xB4, 0xF2, 0xE7,
    0x14, 0x13, 0xE7, 0xF4, 0x88, 0x76, 0x80, 0x08, 0x02, 0xB0, 0xD2, 0x6E, 0x05, 0x60, 0x94, 0xDF,
    0x5C, 0x18, 0x66, 0xFE, 0xE8, 0x66, 0xFE, 0x74, 0xF3, 0xDE, 0x37, 0x20, 0x7A, 0x8B, 0xBC, 0x4B,
    0x8F, 0xA4, 0x47, 0xB3, 0x3F, 0x88, 0x00, 0x4D, 0x30, 0xD7, 0xDA, 0x91, 0xFC, 0xEB, 0x57, 0x67,
    0x19, 0xF5, 0xD8, 0x45, 0x92, 0xBD, 0x9D, 0x79, 0x95, 0xCC, 0xBD, 0x21, 0x98, 0x95, 0x76, 0x6C,
    0xD9, 0xEF, 0xA2, 0xD7, 0x13, 0xEF, 0x50, 0xDD, 0x96, 0xE6, 0x7E, 0xDB, 0x54, 0x85, 0xBD, 0x2D,
    0x28, 0x2B, 0x4C, 0xC9, 0xBD, 0x61, 0x6B, 0x68, 0x36, 0xF0, 0x39, 0x09, 0xDA, 0xE7, 0xB6, 0xE6,
    0xC4, 0x48, 0x85, 0x78, 0xD5, 0x11, 0xE0, 0x35, 0x3B, 0xD6, 0x88, 0xD7, 0x41, 0x0D, 0x2A, 0x64,
    0x5D, 0x6E, 0x4B, 0xB6, 0x00, 0xA4, 0x1D, 0x28, 0x07, 0x02, 0x2C, 0x80, 0x0D, 0xD0, 0x40, 0x12,
    0x6B, 0x0F, 0x19, 0xB0, 0x04, 0x0C, 0xB0, 0x07, 0xFA, 0xB9, 0xD6, 0x16, 0xAE, 0x80, 0x6B, 0xB8,
    0xDC, 0x21, 0x14, 0x2E, 0xE9, 0xDA, 0x5E, 0xF9, 0x29, 0x64, 0x4C, 0x61, 0x71, 0x8E, 0xA1, 0xED,
    0x1B, 0x0A, 0x77, 0x91, 0xB2, 0x28, 0xA5, 0x03, 0x46, 0x46, 0xB6, 0xF2, 0x4C, 0x9F, 0x4F, 0xA9,
    0x97, 0x67, 0x6D, 0x65, 0x14, 0xD2, 0xE1, 0xFF, 0x40, 0x66, 0x01, 0x00, 0xE3, 0x7E, 0xC0, 0x60,
    0x63, 0xC3, 0xB0, 0x45, 0x8E, 0xE1, 0x03, 0x3F, 0x1C, 0x01, 0xB9, 0x20, 0x41, 0xA0, 0x14, 0xC3,
    0x1E, 0x06, 0xC6, 0x3F, 0x0C, 0xCC, 0x7B, 0x18, 0xB8, 0x6A, 0x18, 0x64, 0x6A, 0x18, 0x4C, 0x6A,
    0x18, 0xEA, 0xFF, 0x1F, 0x60, 0xA8, 0x61, 0x00, 0x22, 0xE6, 0xFF, 0x0E, 0x00, 0x6D, 0xD2, 0x31,
    0x6C, 0x1C, 0x45, 0x14, 0xC6, 0xF1, 0xFF, 0xDE, 0x00, 0x2B, 0xDD, 0xC4, 0x0C, 0x45, 0xA8, 0x72,
    0x61, 0x5B, 0x17, 0x49, 0x96, 0xC2, 0x05, 0x85, 0xED, 0x1D, 0xB8, 0x02, 0x09, 0xD3, 0xA5, 0x45,
    0xA2, 0xA7, 0xC9, 0x95, 0x14, 0x77, 0xD9, 0x29, 0x90, 0x22, 0x01, 0x05, 0x7D, 0x95, 0xBE, 0xC1,
    0x45, 0xCA, 0x43, 0xBB, 0xE0, 0x8E, 0x86, 0x15, 0x35, 0x28, 0x6B, 0x41, 0x15, 0x45, 0x68, 0x20,
    0x27, 0xB1, 0x16, 0x77, 0x7E, 0xBC, 0xB1, 0x1D, 0x9F, 0x04, 0x39, 0xE9, 0xF7, 0x69, 0xBE, 0xD9,
    0xD9, 0xD1, 0xED, 0xEE, 0x90, 0xEF, 0xC0, 0xF8, 0x06, 0x14, 0x6B, 0x32, 0x11, 0xF2, 0xE7, 0x15,
    0xEE, 0x93, 0x8A, 0x72, 0x77, 0xC6, 0xC1, 0xDE, 0x31, 0xFB, 0xEF, 0x3E, 0x66, 0x3E, 0xEB, 0x58,
    0x1E, 0xB7, 0x2C, 0x4F, 0xD5, 0xCF, 0x2D, 0x8B, 0x93, 0x40, 0x7D, 0xE2, 0xA9, 0x1E, 0x41, 0xA9,
    0xDC, 0x1F, 0x6F, 0x60, 0x65, 0x83, 0x6D, 0x7A, 0xC6, 0x13, 0xD8, 0xD9, 0x85, 0xD7, 0x6E, 0x42,
    0x25, 0xD2, 0x16, 0xCA, 0xC4, 0x4C, 0x11, 0x14, 0x49, 0x2D, 0xE7, 0x09, 0xAF, 0xEE, 0x5B, 0xF9,
    0x0A, 0x2A, 0xF1, 0x50, 0xF7, 0x98, 0xB4, 0x7F, 0x5F, 0xE0, 0xDA, 0x3C, 0xB8, 0x60, 0x5A, 0x17,
    0x32, 0x2F, 0x12, 0x49, 0xF2, 0x1E, 0xB2, 0x15, 0xBC, 0xEC, 0x3C, 0x01, 0x22, 0x64, 0x1D, 0x98,
    0x00, 0xEE, 0xF2, 0x7F, 0x84, 0x2A, 0xBA, 0xB5, 0x1D, 0xB2, 0xCE, 0xAC, 0xD5, 0x43, 0xF5, 0x20,
    0xEB, 0x1A, 0x91, 0xF3, 0xC4, 0x1C, 0x7D, 0xDF, 0x99, 0xE9, 0xE9, 0xB6, 0xFB, 0xB3, 0xCE, 0xF8,
    0x85, 0xAA, 0x54, 0xA9, 0x5C, 0x67, 0x83, 0xEB, 0xAA, 0x98, 0x77, 0xD5, 0x06, 0x28, 0x04, 0xB0,
    0x47, 0x41, 0x63, 0xDA, 0xA6, 0xF8, 0xC1, 0x6B, 0x9C, 0xF8, 0xC1, 0x4E, 0x7F, 0xFA, 0x6B, 0x6D,
    0xA7, 0x4F, 0x5F, 0x7C, 0x6D, 0x8F, 0xBE, 0x9A, 0x7E, 0x6C, 0xC5, 0x4E, 0xBF, 0xB0, 0x1B, 0x3B,
    0xED, 0xAD, 0xB7, 0xEF, 0x0F, 0x1A, 0x7E, 0x99, 0xE2, 0x6E, 0xAA, 0xB7, 0x35, 0xA6, 0x3B, 0x45,
    0x6B, 0xFF, 0xBE, 0x53, 0x45, 0xF3, 0x62, 0xD5, 0x74, 0xB1, 0xF6, 0x85, 0x5F, 0xDD, 0xC6, 0x65,
    0xC3, 0x04, 0xF7, 0xC1, 0x5A, 0x63, 0xBA, 0x9C, 0xD0, 0x88, 0x48, 0xB8, 0x08, 0xFB, 0xE8, 0x70,
    0x97, 0xFC, 0xC7, 0x72, 0x8F, 0xED, 0x9C, 0xF9, 0xC5, 0xCD, 0x30, 0xCF, 0xDD, 0x31, 0x66, 0xB0,
    0x51, 0x23, 0x8F, 0x8C, 0x56, 0x29, 0xA2, 0xE9, 0x2F, 0x03, 0x1E, 0x40, 0x26, 0x40, 0x09, 0x85,
    0xC4, 0x24, 0x8D, 0x69, 0xBE, 0x25, 0x17, 0xA1, 0x08, 0x0D, 0x87, 0x54, 0x2C, 0x28, 0x59, 0xFE,
    0xC7, 0x43, 0x55, 0x85, 0x3A, 0x14, 0xF2, 0x34, 0x8E, 0x36, 0x6F, 0x7A, 0xB6, 0x3F, 0x1A, 0x91,
    0x98, 0x90, 0x49, 0x4F, 0x21, 0x6B, 0x6A, 0xBF, 0x64, 0xCD, 0xCD, 0x2C, 0xC2, 0x48, 0x35, 0xB2,
    0x49, 0x30, 0x3D, 0xC9, 0xB6, 0x5F, 0x5D, 0x4F, 0x6B, 0x69, 0xF4, 0x9E, 0x52, 0x06, 0x46, 0xF2,
    0x4D, 0x2D, 0xC5, 0xBA, 0x18, 0xF2, 0xDF, 0x4D, 0x6F, 0x82, 0xE9, 0x2D, 0xA6, 0xDF, 0x51, 0xFB,
    0x6A, 0xA6, 0x7A, 0x1A, 0x91, 0x36, 0x31, 0xBF, 0x45, 0xCC, 0xE9, 0xA0, 0x73, 0xDF, 0xA9, 0x4A,
    0x15, 0xBA, 0xDE, 0xB5, 0x76, 0x95, 0xAF, 0x6A, 0x19, 0x49, 0x25, 0x2B, 0x6E, 0x89, 0x60, 0x62,
    0x11, 0x6A, 0x91, 0x4D, 0x62, 0x62, 0xDE, 0x26, 0xDB, 0xAE, 0xF7, 0xA4, 0x35, 0x32, 0xFC, 0xEF,
    0xEC, 0xDD, 0x3A, 0xBB, 0x3A, 0x7B, 0x63, 0x2E, 0x95, 0x67, 0x8C, 0x44, 0xBC, 0x7D, 0x56, 0x86,
    0xE2, 0xA3, 0x9C, 0x52, 0xE7, 0x0E, 0xD5, 0x42, 0xCD, 0xD5, 0xF2, 0xC2, 0x67, 0x61, 0x3E, 0x6E,
    0xDA, 0xC5, 0xB8, 0xE4, 0x50, 0x55, 0xAA, 0xFC, 0xB2, 0xC4, 0x3D, 0x2B, 0xBD, 0x11, 0x09, 0xD4,
    0xC3, 0x76, 0xBF, 0xD7, 0x15, 0x1D, 0xA3, 0x96, 0xA6, 0xCD, 0x65, 0xE5, 0x3E, 0x1C, 0x0E, 0xC7,
    0x4F, 0xF6, 0x77, 0x98, 0xDF, 0x60, 0x79, 0x87, 0xE5, 0x7B, 0xCC, 0xF7, 0x58, 0xCC, 0xA8, 0x1E,
    0x53, 0xF6, 0xBB, 0x56, 0x56, 0x46, 0xBC, 0xF1, 0xE4, 0xD0, 0x88, 0xF8, 0xE4, 0xED, 0x4F, 0x03,
    0x98, 0xFE, 0xBA, 0xA7, 0x31, 0xB6, 0xA5, 0x39, 0x4F, 0x6B, 0x00, 0xD7, 0x82, 0x55, 0x79, 0x47,
    0xBA, 0x76, 0xFD, 0xCA, 0xB3, 0x0D, 0xD0, 0xA4, 0xA7, 0x4B, 0x4F, 0x99, 0xA6, 0xD5, 0x5B, 0x98,
    0x3F, 0x23, 0xE6, 0x9F, 0x80, 0x59, 0x83, 0xD5, 0x5E, 0x6B, 0xBF, 0x7F, 0xDD, 0xA1, 0x52, 0xF7,
    0x95, 0x89, 0x99, 0x37, 0xD1, 0xB4, 0xFA, 0x76, 0x43, 0xA5, 0x98, 0xC0, 0xB5, 0xBB, 0x90, 0x49,
    0x47, 0xFE, 0x6B, 0xC4, 0x4D, 0x3E, 0x57, 0xFB, 0xDC, 0x9B, 0x1C, 0x70, 0x30, 0xB9, 0xC7, 0xFE,
    0xE4, 0x1D, 0x55, 0x30, 0xBF, 0xE0, 0x48, 0x96, 0x13, 0xE7, 0x5F, 0xAA, 0x65, 0x43, 0x91, 0x0E,
    0x73, 0x74, 0x9D, 0xEE, 0xDF, 0x6F, 0xB9, 0xF4, 0xC5, 0x42, 0x7D, 0x75, 0x6A, 0x74, 0xDC, 0x26,
    0xAF, 0xFA, 0x62, 0xB5, 0xC0, 0xBF, 0x54, 0xCD, 0x01, 0x66, 0x33, 0x41, 0x00, 0x40, 0xE1, 0x6F,
    0x13, 0xFE, 0x20, 0xFC, 0x0B, 0x50, 0xAA, 0xE9, 0x05, 0x7A, 0x80, 0x62, 0xD9, 0x1C, 0xA5, 0x37,
    0x58, 0x58, 0x14, 0x98, 0x1C, 0xA1, 0x47, 0x29, 0x02, 0x40, 0xF6, 0x08, 0x73, 0x84, 0x22, 0x07,
    0x18, 0x04, 0x53, 0x26, 0x99, 0xA6, 0x06, 0x94, 0x07, 0xEF, 0xC1, 0x0B, 0x35, 0xDF, 0x61, 0x15,
    0x59, 0x1F, 0xE8, 0xF1, 0x84, 0x57, 0x7C, 0xD2, 0xFD, 0xE6, 0x85, 0x2D, 0x76, 0x18, 0x70, 0xC4,
    0x57, 0xCB, 0x9B, 0x3D, 0xFF, 0xF1, 0x82, 0x19, 0x7D, 0x1C, 0x53, 0xC8, 0xA7, 0x1C, 0xF2, 0x98,
    0xFA, 0xD8, 0x2F, 0xF3, 0x78, 0x39, 0x0E, 0x21, 0xCD, 0xDB, 0x88, 0xBF, 0xFA, 0x46, 0xB2, 0x5E,
    0xDA, 0xDF, 0xC0, 0x3B, 0x49, 0xD3, 0x9E, 0x5D, 0x7B, 0x79, 0xB0, 0x2A, 0xC2, 0xF9, 0xF9, 0xDB,
    0x6D, 0xEF, 0xCA, 0x74, 0xD1, 0xD5, 0x68, 0x53, 0xDA, 0xB4, 0xD6, 0x72, 0xE7, 0x83, 0x1B, 0x53,
    0xD6, 0x9D, 0xA2, 0x7F, 0x45, 0x57, 0x4C, 0xE7, 0xC7, 0xAB, 0x7A, 0xF8, 0x19, 0xC8, 0xA1, 0x70,
    0x65, 0x00, 0xAD, 0x50, 0xD5, 0x01, 0xC2, 0x30, 0x10, 0x3D, 0x9A, 0xCF, 0x6C, 0x80, 0x8E, 0x92,
    0x6E, 0x06, 0xA3, 0xB0, 0x09, 0x36, 0x42, 0x17, 0xB8, 0x11, 0x70, 0x87, 0xE3, 0xF5, 0x05, 0x77,
    0x8B, 0xEB, 0x33, 0xF1, 0x5B, 0xBF, 0x15, 0xA9, 0x9B, 0x59, 0x5B, 0xE6, 0x7E, 0x5E, 0x6B, 0x24,
    0xFD, 0xA4, 0x2F, 0xE2, 0xD4, 0xE9, 0x61, 0x0C, 0xB8, 0xEC, 0xC7, 0x31, 0x9E, 0x7C, 0x39, 0x96,
    0xE6, 0xA5, 0x39, 0xD0, 0xB6, 0xC1, 0x44, 0xC0, 0x9B, 0x82, 0x15, 0x9C, 0xB5, 0x36, 0x18, 0xD3,
    0xF8, 0x8A, 0x5C, 0x9A, 0x77, 0xF7, 0x66, 0x05, 0xE6, 0x18, 0x88, 0x1B, 0xE0, 0x35, 0x81, 0xA7,
    0xF0, 0xA0, 0x49, 0xFF, 0x74, 0x1F, 0x2C, 0x63, 0xFF, 0x02, 0x8F, 0x0A, 0x0F, 0xB9, 0x50, 0x65,
    0xBF, 0x70, 0x93, 0x0B, 0xD5, 0xDE, 0xD7, 0xFB, 0x11, 0x27, 0x59, 0xC9, 0xBB, 0xF1, 0xA6, 0xE4,
    0xCD, 0xBD, 0xD0, 0xCD, 0xB9, 0x1F, 0x54, 0x32, 0x66, 0x1C, 0x7B, 0x7F, 0xE3, 0xDD, 0x01,
};

static const EpdGlyph libron_12_regularGlyphs[] = {
    { 0, 0, 96, 0, 0, 0, 0 }, // U+0020
    { 5, 18, 119, 1, 18, 23, 0 }, // !
    { 8, 7, 155, 1, 18, 14, 23 }, // "
    { 15, 18, 242, 0, 18, 68, 37 }, // #
    { 13, 23, 219, 0, 20, 75, 105 }, // $
    { 20, 18, 327, 0, 18, 90, 180 }, // %
    { 18, 18, 304, 1, 18, 81, 270 }, // &
    { 4, 7, 89, 1, 18, 7, 351 }, // '
    { 7, 23, 128, 1, 19, 41, 358 }, // (
    { 7, 23, 128, 0, 19, 41, 399 }, // )
    { 9, 10, 173, 1, 19, 23, 440 }, // *
    { 11, 11, 210, 1, 12, 31, 463 }, // +
    { 6, 9, 103, 0, 4, 14, 494 }, // ,
    { 7, 2, 151, 1, 7, 4, 508 }, // -
    { 5, 4, 102, 1, 4, 5, 512 }, // .
    { 10, 18, 166, 0, 18, 45, 517 }, // /
    { 14, 18, 258, 1, 18, 63, 562 }, // 0
    { 11, 18, 173, 0, 18, 50, 625 }, // 1
    { 14, 18, 234, 0, 18, 63, 675 }, // 2
    { 12, 18, 223, 1, 18, 54, 738 }, // 3
    { 15, 18, 246, 0, 18, 68, 792 }, // 4
    { 13, 18, 216, 0, 18, 59, 860 }, // 5
    { 13, 19, 229, 1, 19, 62, 919 }, // 6
    { 14, 18, 213, 0, 18, 63, 981 }, // 7
    { 13, 18, 238, 1, 18, 59, 1044 }, // 8
    { 13, 19, 228, 0, 18, 62, 1103 }, // 9
    { 5, 13, 112, 1, 13, 17, 1165 }, // :
    { 5, 18, 115, 1, 13, 23, 1182 }, // ;
    { 11, 13, 210, 1, 13, 36, 1205 }, // <
    { 11, 6, 210, 1, 9, 17, 1241 }, // =
    { 11, 13, 210, 1, 13, 36, 1258 }, // >
    { 13, 18, 214, 0, 18, 59, 1294 }, // ?
    { 21, 23, 356, 1, 18, 121, 1353 }, // @
    { 19, 18, 306, 0, 18, 86, 1474 }, // A
    { 15, 18, 274, 1, 18, 68, 1560 }, // B
    { 16, 18, 288, 1, 18, 72, 1628 }, // C
    { 18, 18, 313, 1, 18, 81, 1700 }, // D
    { 15, 18, 259, 1, 18, 68, 1781 }, // E
    { 14, 18, 239, 1, 18, 63, 1849 }, // F
    { 16, 18, 296, 1, 18, 72, 1912 }, // G
    { 19, 18, 335, 1, 18, 86, 1984 }, // H
    { 8, 18, 153, 1, 18, 36, 2070 }, // I
    { 12, 18, 205, 0, 18, 54, 2106 }, // J
    { 19, 18, 311, 1, 18, 86, 2160 }, // K
    { 14, 18, 243, 1, 18, 63, 2246 }, // L
    { 24, 18, 410, 1, 18, 108, 2309 }, // M
    { 19, 18, 324, 1, 18, 86, 2417 }, // N
    { 18, 18, 315, 1, 18, 81, 2503 }, // O
    { 15, 18, 262, 1, 18, 68, 2584 }, // P
    { 18, 24, 315, 1, 18, 108, 2652 }, // Q
    { 17, 18, 284, 1, 18, 77, 2760 }, // R
    { 13, 18, 242, 1, 18, 59, 2837 }, // S
    { 16, 18, 272, 1, 18, 72, 2896 }, // T
    { 20, 18, 318, 0, 18, 90, 2968 }, // U
    { 20, 18, 300, -1, 18, 90, 3058 }, // V
    { 26, 18, 415, 0, 18, 117, 3148 }, // W
    { 20, 18, 311, 0, 18, 90, 3265 }, // X
    { 18, 18, 291, 0, 18, 81, 3355 }, // Y
    { 15, 18, 261, 1, 18, 68, 3436 }, // Z
    { 7, 22, 142, 2, 19, 39, 3504 }, // [
    { 10, 18, 166, 0, 18, 45, 3543 }, // <backslash>
    { 7, 22, 142, 0, 19, 39, 3588 }, // ]
    { 11, 10, 210, 1, 18, 28, 3627 }, // ^
    { 10, 2, 156, 0, -1, 5, 3655 }, // _
    { 6, 4, 190, 1, 18, 6, 3660 }, // `
    { 13, 14, 223, 1, 14, 46, 3666 }, // a
    { 14, 20, 238, 0, 20, 70, 3712 }, // b
    { 12, 14, 201, 1, 14, 42, 3782 }, // c
    { 15, 21, 254, 1, 20, 79, 3824 }, // d
    { 12, 14, 212, 1, 14, 42, 3903 }, // e
    { 13, 20, 167, 0, 20, 65, 3945 }, // f
    { 14, 20, 225, 0, 14, 70, 4010 }, // g
    { 16, 20, 256, 0, 20, 80, 4080 }, // h
    { 7, 20, 130, 1, 20, 35, 4160 }, // i
    { 8, 26, 109, -2, 20, 52, 4195 }, // j
    { 16, 21, 256, 0, 21, 84, 4247 }, // k
    { 8, 21, 125, 0, 21, 42, 4331 }, // l
    { 24, 14, 377, 0, 14, 84, 4373 }, // m
    { 16, 16, 260, 0, 16, 64, 4457 }, // n
    { 13, 14, 235, 1, 14, 46, 4521 }, // o
    { 15, 20, 252, 0, 14, 75, 4567 }, // p
    { 15, 20, 247, 1, 14, 75, 4642 }, // q
    { 11, 14, 184, 0, 14, 39, 4717 }, // r
    { 11, 14, 195, 1, 14, 39, 4756 }, // s
    { 10, 18, 163, 0, 18, 45, 4795 }, // t
    { 15, 14, 244, 0, 14, 53, 4840 }, // u
    { 15, 14, 249, 0, 14, 53, 4893 }, // v
    { 21, 14, 335, 0, 14, 74, 4946 }, // w
    { 15, 14, 236, 0, 14, 53, 5020 }, // x
    { 15, 20, 242, 0, 14, 75, 5073 }, // y
    { 12, 14, 203, 1, 14, 42, 5148 }, // z
    { 9, 24, 141, 0, 20, 54, 5190 }, // {
    { 3, 26, 110, 2, 20, 20, 5244 }, // |
    { 9, 24, 141, 0, 20, 54, 5264 }, // }
    { 11, 4, 210, 1, 8, 11, 5318 }, // ~
    { 0, 0, 96, 0, 0, 0, 0 }, // U+00A0
    { 5, 18, 113, 1, 12, 23, 0 }, // U+00A1
    { 11, 18, 209, 1, 18, 50, 23 }, // U+00A2
    { 13, 18, 242, 1, 18, 59, 73 }, // U+00A3
    { 11, 11, 204, 1, 12, 31, 132 }, // U+00A4
    { 18, 18, 284, 0, 18, 81, 163 }, // U+00A5
    { 3, 26, 110, 2, 20, 20, 244 }, // U+00A6
    { 13, 22, 236, 1, 18, 72, 264 }, // U+00A7
    { 10, 3, 190, 1, 18, 8, 336 }, // U+00A8
    { 18, 18, 323, 1, 18, 81, 344 }, // U+00A9
    { 10, 12, 192, 1, 19, 30, 425 }, // U+00AA
    { 12, 12, 226, 1, 12, 36, 455 }, // U+00AB
    { 11, 7, 210, 1, 10, 20, 491 }, // U+00AC
    { 7, 2, 151, 1, 7, 4, 511 }, // U+00AD
    { 12, 11, 219, 1, 18, 33, 515 }, // U+00AE
    { 8, 2, 190, 2, 18, 4, 548 }, // U+00AF
    { 8, 7, 149, 1, 18, 14, 552 }, // U+00B0
    { 11, 13, 210, 1, 13, 36, 566 }, // U+00B1
    { 9, 10, 150, 0, 18, 23, 602 }, // U+00B2
    { 8, 10, 142, 0, 18, 20, 625 }, // U+00B3
    { 6, 4, 190, 5, 18, 6, 645 }, // U+00B4
    { 14, 20, 257, 2, 14, 70, 651 }, // U+00B5
    { 15, 22, 254, 0, 18, 83, 721 }, // U+00B6
    { 5, 4, 108, 1, 9, 5, 804 }, // U+00B7
    { 6, 7, 190, 3, 1, 11, 809 }, // U+00B8
    { 7, 10, 123, 0, 18, 18, 820 }, // U+00B9
    { 10, 12, 195, 1, 19, 30, 838 }, // U+00BA
    { 13, 12, 231, 1, 12, 39, 868 }, // U+00BB
    { 20, 18, 317, 0, 18, 90, 907 }, // U+00BC
    { 20, 18, 321, 0, 18, 90, 997 }, // U+00BD
    { 18, 18, 313, 1, 18, 81, 1087 }, // U+00BE
    { 12, 18, 211, 1, 12, 54, 1168 }, // U+00BF
    { 19, 24, 306, 0, 24, 114, 1222 }, // U+00C0
    { 19, 24, 306, 0, 24, 114, 1336 }, // U+00C1
    { 19, 24, 306, 0, 24, 114, 1450 }, // U+00C2
    { 19, 24, 306, 0, 24, 114, 1564 }, // U+00C3
    { 19, 23, 306, 0, 23, 110, 1678 }, // U+00C4
    { 19, 24, 306, 0, 24, 114, 1788 }, // U+00C5
    { 27, 18, 429, -1, 18, 122, 1902 }, // U+00C6
    { 16, 25, 288, 1, 19, 100, 2024 }, // U+00C7
    { 15, 24, 259, 1, 24, 90, 2124 }, // U+00C8
    { 15, 24, 259, 1, 24, 90, 2214 }, // U+00C9
    { 15, 24, 259, 1, 24, 90, 2304 }, // U+00CA
    { 15, 23, 259, 1, 23, 87, 2394 }, // U+00CB
    { 9, 24, 153, 0, 24, 54, 2481 }, // U+00CC
    { 9, 24, 153, 1, 24, 54, 2535 }, // U+00CD
    { 9, 24, 153, 0, 24, 54, 2589 }, // U+00CE
    { 9, 23, 153, 0, 23, 52, 2643 }, // U+00CF
    { 18, 18, 314, 1, 18, 81, 2695 }, // U+00D0
    { 19, 24, 324, 1, 24, 114, 2776 }, // U+00D1
    { 18, 24, 315, 1, 24, 108, 2890 }, // U+00D2
    { 18, 24, 315, 1, 24, 108, 2998 }, // U+00D3
    { 18, 24, 315, 1, 24, 108, 3106 }, // U+00D4
    { 18, 24, 315, 1, 24, 108, 3214 }, // U+00D5
    { 18, 23, 315, 1, 23, 104, 3322 }, // U+00D6
    { 10, 10, 210, 2, 11, 25, 3426 }, // U+00D7
    { 18, 18, 322, 1, 18, 81, 3451 }, // U+00D8
    { 20, 24, 318, 0, 24, 120, 3532 }, // U+00D9
    { 20, 24, 318, 0, 24, 120, 3652 }, // U+00DA
    { 20, 24, 318, 0, 24, 120, 3772 }, // U+00DB
    { 20, 23, 318, 0, 23, 115, 3892 }, // U+00DC
    { 18, 24, 291, 0, 24, 108, 4007 }, // U+00DD
    { 15, 18, 266, 1, 18, 68, 4115 }, // U+00DE
    { 17, 20, 286, 0, 20, 85, 4183 }, // U+00DF
    { 13, 20, 223, 1, 20, 65, 4268 }, // U+00E0
    { 13, 20, 223, 1, 20, 65, 4333 }, // U+00E1
    { 13, 20, 223, 1, 20, 65, 4398 }, // U+00E2
    { 13, 20, 223, 1, 20, 65, 4463 }, // U+00E3
    { 13, 20, 223, 1, 20, 65, 4528 }, // U+00E4
    { 13, 21, 223, 1, 21, 69, 4593 }, // U+00E5
    { 19, 14, 334, 1, 14, 67, 4662 }, // U+00E6
    { 12, 21, 204, 1, 14, 63, 4729 }, // U+00E7
    { 12, 20, 212, 1, 20, 60, 4792 }, // U+00E8
    { 12, 20, 212, 1, 20, 60, 4852 }, // U+00E9
    { 12, 20, 212, 1, 20, 60, 4912 }, // U+00EA
    { 12, 20, 212, 1, 20, 60, 4972 }, // U+00EB
    { 9, 20, 131, -1, 20, 45, 5032 }, // U+00EC
    { 9, 20, 131, 0, 20, 45, 5077 }, // U+00ED
    { 10, 20, 131, -1, 20, 50, 5122 }, // U+00EE
    { 10, 20, 131, -1, 20, 50, 5172 }, // U+00EF
    { 13, 21, 241, 1, 21, 69, 5222 }, // U+00F0
    { 16, 20, 260, 0, 20, 80, 5291 }, // U+00F1
    { 13, 20, 235, 1, 20, 65, 5371 }, // U+00F2
    { 13, 20, 235, 1, 20, 65, 5436 }, // U+00F3
    { 13, 20, 235, 1, 20, 65, 5501 }, // U+00F4
    { 13, 20, 235, 1, 20, 65, 5566 }, // U+00F5
    { 13, 20, 235, 1, 20, 65, 5631 }, // U+00F6
    { 11, 12, 210, 1, 12, 33, 5696 }, // U+00F7
    { 14, 14, 245, 1, 14, 49, 5729 }, // U+00F8
    { 15, 20, 244, 0, 20, 75, 5778 }, // U+00F9
    { 15, 20, 244, 0, 20, 75, 5853 }, // U+00FA
    { 15, 20, 244, 0, 20, 75, 5928 }, // U+00FB
    { 15, 20, 244, 0, 20, 75, 6003 }, // U+00FC
    { 15, 26, 242, 0, 20, 98, 6078 }, // U+00FD
    { 16, 26, 246, -1, 20, 104, 6176 }, // U+00FE
    { 15, 26, 242, 0, 20, 98, 6280 }, // U+00FF
    { 19, 23, 306, 0, 23, 110, 0 }, // U+0100
    { 13, 20, 223, 1, 20, 65, 110 }, // U+0101
    { 19, 24, 306, 0, 24, 114, 175 }, // U+0102
    { 13, 20, 223, 1, 20, 65, 289 }, // U+0103
    { 19, 24, 306, 0, 18, 114, 354 }, // U+0104
    { 13, 21, 221, 1, 14, 69, 468 }, // U+0105
    { 16, 24, 288, 1, 24, 96, 537 }, // U+0106
    { 12, 20, 201, 1, 20, 60, 633 }, // U+0107
    { 16, 24, 288, 1, 24, 96, 693 }, // U+0108
    { 12, 20, 201, 1, 20, 60, 789 }, // U+0109
    { 16, 23, 288, 1, 23, 92, 849 }, // U+010A
    { 12, 20, 201, 1, 20, 60, 941 }, // U+010B
    { 16, 24, 288, 1, 24, 96, 1001 }, // U+010C
    { 12, 20, 201, 1, 20, 60, 1097 }, // U+010D
    { 18, 24, 313, 1, 24, 108, 1157 }, // U+010E
    { 18, 22, 256, 1, 21, 99, 1265 }, // U+010F
    { 18, 18, 314, 1, 18, 81, 1364 }, // U+0110
    { 15, 20, 254, 1, 20, 75, 1445 }, // U+0111
    { 15, 23, 259, 1, 23, 87, 1520 }, // U+0112
    { 12, 20, 212, 1, 20, 60, 1607 }, // U+0113
    { 15, 24, 259, 1, 24, 90, 1667 }, // U+0114
    { 12, 20, 212, 1, 20, 60, 1757 }, // U+0115
    { 15, 23, 259, 1, 23, 87, 1817 }, // U+0116
    { 12, 20, 212, 1, 20, 60, 1904 }, // U+0117
    { 15, 24, 259, 1, 18, 90, 1964 }, // U+0118
    { 12, 20, 213, 1, 14, 60, 2054 }, // U+0119
    { 15, 24, 259, 1, 24, 90, 2114 }, // U+011A
    { 12, 20, 212, 1, 20, 60, 2204 }, // U+011B
    { 16, 24, 296, 1, 24, 96, 2264 }, // U+011C
    { 14, 26, 225, 0, 20, 91, 2360 }, // U+011D
    { 16, 24, 296, 1, 24, 96, 2451 }, // U+011E
    { 14, 26, 225, 0, 20, 91, 2547 }, // U+011F
    { 16, 23, 296, 1, 23, 92, 2638 }, // U+0120
    { 14, 26, 225, 0, 20, 91, 2730 }, // U+0121
    { 16, 25, 296, 1, 25, 100, 2821 }, // U+0122
    { 14, 27, 225, 0, 21, 95, 2921 }, // U+0123
    { 19, 24, 335, 1, 24, 114, 3016 }, // U+0124
    { 16, 27, 256, 0, 27, 108, 3130 }, // U+0125
    { 19, 18, 336, 1, 18, 86, 3238 }, // U+0126
    { 16, 20, 256, 0, 20, 80, 3324 }, // U+0127
    { 9, 24, 153, 0, 24, 54, 3404 }, // U+0128
    { 9, 20, 131, -1, 20, 45, 3458 }, // U+0129
    { 8, 23, 153, 1, 23, 46, 3503 }, // U+012A
    { 8, 20, 131, 0, 20, 40, 3549 }, // U+012B
    { 8, 24, 153, 1, 24, 48, 3589 }, // U+012C
    { 8, 20, 131, 0, 20, 40, 3637 }, // U+012D
    { 8, 24, 153, 1, 18, 48, 3677 }, // U+012E
    { 7, 27, 131, 1, 20, 48, 3725 }, // U+012F
    { 8, 23, 153, 1, 23, 46, 3773 }, // U+0130
    { 8, 14, 131, 0, 14, 28, 3819 }, // U+0131
    { 13, 24, 205, 0, 24, 78, 3847 }, // U+0134
    { 9, 27, 117, -1, 20, 61, 3925 }, // U+0135
    { 19, 24, 311, 1, 18, 114, 3986 }, // U+0136
    { 16, 28, 256, 0, 21, 112, 4100 }, // U+0137
    { 16, 14, 256, 0, 14, 56, 4212 }, // U+0138
    { 14, 24, 243, 1, 24, 84, 4268 }, // U+0139
    { 9, 27, 125, 0, 27, 61, 4352 }, // U+013A
    { 14, 24, 243, 1, 18, 84, 4413 }, // U+013B
    { 8, 28, 125, 0, 21, 56, 4497 }, // U+013C
    { 14, 18, 243, 1, 18, 63, 4553 }, // U+013D
    { 11, 21, 125, 0, 21, 58, 4616 }, // U+013E
    { 14, 18, 243, 1, 18, 63, 4674 }, // U+013F
    { 11, 21, 139, 0, 21, 58, 4737 }, // U+0140
    { 15, 18, 263, 1, 18, 68, 4795 }, // U+0141
    { 9, 20, 146, 0, 20, 45, 4863 }, // U+0142
    { 19, 24, 324, 1, 24, 114, 4908 }, // U+0143
    { 16, 20, 260, 0, 20, 80, 5022 }, // U+0144
    { 19, 24, 324, 1, 18, 114, 5102 }, // U+0145
    { 16, 23, 260, 0, 16, 92, 5216 }, // U+0146
    { 19, 24, 324, 1, 24, 114, 5308 }, // U+0147
    { 16, 20, 260, 0, 20, 80, 5422 }, // U+0148
    { 19, 24, 323, 1, 18, 114, 5502 }, // U+014A
    { 14, 21, 252, 0, 14, 74, 5616 }, // U+014B
    { 18, 23, 315, 1, 23, 104, 5690 }, // U+014C
    { 13, 20, 235, 1, 20, 65, 5794 }, // U+014D
    { 18, 24, 315, 1, 24, 108, 5859 }, // U+014E
    { 13, 20, 235, 1, 20, 65, 5967 }, // U+014F
    { 18, 24, 315, 1, 24, 108, 6032 }, // U+0150
    { 13, 20, 235, 1, 20, 65, 6140 }, // U+0151
    { 25, 18, 435, 1, 18, 113, 6205 }, // U+0152
    { 22, 14, 373, 1, 14, 77, 6318 }, // U+0153
    { 17, 24, 284, 1, 24, 102, 6395 }, // U+0154
    { 11, 20, 184, 0, 20, 55, 6497 }, // U+0155
    { 17, 24, 284, 1, 18, 102, 6552 }, // U+0156
    { 11, 21, 184, 0, 14, 58, 6654 }, // U+0157
    { 17, 24, 284, 1, 24, 102, 6712 }, // U+0158
    { 11, 20, 184, 0, 20, 55, 6814 }, // U+0159
    { 13, 24, 242, 1, 24, 78, 6869 }, // U+015A
    { 11, 20, 195, 1, 20, 55, 6947 }, // U+015B
    { 13, 24, 242, 1, 24, 78, 7002 }, // U+015C
    { 11, 20, 195, 1, 20, 55, 7080 }, // U+015D
    { 13, 25, 242, 1, 19, 82, 7135 }, // U+015E
    { 11, 21, 195, 1, 14, 58, 7217 }, // U+015F
    { 13, 24, 242, 1, 24, 78, 7275 }, // U+0160
    { 11, 20, 195, 1, 20, 55, 7353 }, // U+0161
    { 16, 24, 272, 1, 18, 96, 7408 }, // U+0162
    { 10, 25, 166, 0, 18, 63, 7504 }, // U+0163
    { 16, 24, 272, 1, 24, 96, 7567 }, // U+0164
    { 10, 21, 163, 0, 21, 53, 7663 }, // U+0165
    { 18, 19, 286, 0, 19, 86, 7716 }, // U+0166
    { 11, 17, 168, 0, 17, 47, 7802 }, // U+0167
    { 20, 24, 318, 0, 24, 120, 7849 }, // U+0168
    { 15, 20, 244, 0, 20, 75, 7969 }, // U+0169
    { 20, 23, 318, 0, 23, 115, 8044 }, // U+016A
    { 15, 20, 244, 0, 20, 75, 8159 }, // U+016B
    { 20, 24, 318, 0, 24, 120, 8234 }, // U+016C
    { 15, 20, 244, 0, 20, 75, 8354 }, // U+016D
    { 20, 24, 318, 0, 24, 120, 8429 }, // U+016E
    { 15, 21, 244, 0, 21, 79, 8549 }, // U+016F
    { 20, 24, 318, 0, 24, 120, 8628 }, // U+0170
    { 15, 20, 244, 0, 20, 75, 8748 }, // U+0171
    { 20, 24, 318, 0, 18, 120, 8823 }, // U+0172
    { 15, 21, 248, 0, 14, 79, 8943 }, // U+0173
    { 26, 24, 415, 0, 24, 156, 9022 }, // U+0174
    { 21, 20, 335, 0, 20, 105, 9178 }, // U+0175
    { 18, 24, 291, 0, 24, 108, 9283 }, // U+0176
    { 15, 26, 242, 0, 20, 98, 9391 }, // U+0177
    { 18, 23, 291, 0, 23, 104, 9489 }, // U+0178
    { 15, 24, 261, 1, 24, 90, 9593 }, // U+0179
    { 12, 20, 203, 1, 20, 60, 9683 }, // U+017A
    { 15, 23, 261, 1, 23, 87, 9743 }, // U+017B
    { 12, 20, 203, 1, 20, 60, 9830 }, // U+017C
    { 15, 24, 261, 1, 24, 90, 9890 }, // U+017D
    { 12, 20, 203, 1, 20, 60, 9980 }, // U+017E
    { 18, 22, 317, 1, 22, 99, 0 }, // U+01A0
    { 14, 19, 242, 1, 19, 67, 99 }, // U+01A1
    { 22, 22, 324, 0, 22, 121, 166 }, // U+01AF
    { 16, 19, 253, 0, 19, 76, 287 }, // U+01B0
    { 34, 24, 569, 1, 24, 204, 363 }, // U+01C4
    { 31, 18, 506, 1, 18, 140, 567 }, // U+01C5
    { 27, 21, 455, 1, 20, 142, 707 }, // U+01C6
    { 28, 18, 462, 1, 18, 126, 849 }, // U+01C7
    { 21, 26, 367, 1, 20, 137, 975 }, // U+01C8
    { 13, 27, 238, 0, 21, 88, 1112 }, // U+01C9
    { 31, 18, 525, 1, 18, 140, 1200 }, // U+01CA
    { 25, 26, 430, 1, 20, 163, 1340 }, // U+01CB
    { 22, 26, 378, 0, 20, 143, 1503 }, // U+01CC
    { 19, 24, 306, 0, 24, 114, 1646 }, // U+01CD
    { 13, 20, 220, 1, 20, 65, 1760 }, // U+01CE
    { 9, 24, 153, 0, 24, 54, 1825 }, // U+01CF
    { 10, 20, 131, -1, 20, 50, 1879 }, // U+01D0
    { 18, 24, 315, 1, 24, 108, 1929 }, // U+01D1
    { 13, 20, 237, 1, 20, 65, 2037 }, // U+01D2
    { 20, 24, 318, 0, 24, 120, 2102 }, // U+01D3
    { 15, 20, 248, 0, 20, 75, 2222 }, // U+01D4
    { 20, 28, 318, 0, 28, 140, 2297 }, // U+01D5
    { 15, 25, 248, 0, 25, 94, 2437 }, // U+01D6
    { 20, 29, 318, 0, 29, 145, 2531 }, // U+01D7
    { 15, 25, 248, 0, 25, 94, 2676 }, // U+01D8
    { 20, 29, 318, 0, 29, 145, 2770 }, // U+01D9
    { 15, 25, 248, 0, 25, 94, 2915 }, // U+01DA
    { 20, 29, 318, 0, 29, 145, 3009 }, // U+01DB
    { 15, 25, 248, 0, 25, 94, 3154 }, // U+01DC
    { 19, 28, 306, 0, 28, 133, 3248 }, // U+01DE
    { 13, 25, 220, 1, 25, 82, 3381 }, // U+01DF
    { 19, 28, 306, 0, 28, 133, 3463 }, // U+01E0
    { 13, 25, 220, 1, 25, 82, 3596 }, // U+01E1
    { 27, 23, 429, -1, 23, 156, 3678 }, // U+01E2
    { 19, 20, 334, 1, 20, 95, 3834 }, // U+01E3
    { 16, 24, 296, 1, 24, 96, 3929 }, // U+01E6
    { 14, 26, 225, 0, 20, 91, 4025 }, // U+01E7
    { 19, 24, 311, 1, 24, 114, 4116 }, // U+01E8
    { 16, 26, 250, 0, 26, 104, 4230 }, // U+01E9
    { 18, 24, 315, 1, 18, 108, 4334 }, // U+01EA
    { 13, 21, 237, 1, 14, 69, 4442 }, // U+01EB
    { 18, 30, 315, 1, 23, 135, 4511 }, // U+01EC
    { 13, 27, 237, 1, 20, 88, 4646 }, // U+01ED
    { 9, 27, 117, -1, 20, 61, 4734 }, // U+01F0
    { 16, 24, 312, 1, 24, 96, 4795 }, // U+01F4
    { 14, 26, 225, 0, 20, 91, 4891 }, // U+01F5
    { 19, 24, 323, 1, 24, 114, 4982 }, // U+01F8
    { 16, 20, 262, 0, 20, 80, 5096 }, // U+01F9
    { 19, 29, 306, 0, 29, 138, 5176 }, // U+01FA
    { 13, 26, 223, 1, 26, 85, 5314 }, // U+01FB
    { 27, 24, 429, -1, 24, 162, 5399 }, // U+01FC
    { 19, 20, 334, 1, 20, 95, 5561 }, // U+01FD
    { 18, 24, 322, 1, 24, 108, 5656 }, // U+01FE
    { 14, 20, 245, 1, 20, 70, 5764 }, // U+01FF
    { 19, 24, 306, 0, 24, 114, 5834 }, // U+0200
    { 14, 20, 223, 0, 20, 70, 5948 }, // U+0201
    { 19, 24, 306, 0, 24, 114, 6018 }, // U+0202
    { 13, 21, 223, 1, 21, 69, 6132 }, // U+0203
    { 15, 24, 259, 1, 24, 90, 6201 }, // U+0204
    { 13, 20, 212, 0, 20, 65, 6291 }, // U+0205
    { 15, 24, 259, 1, 24, 90, 6356 }, // U+0206
    { 12, 21, 212, 1, 21, 63, 6446 }, // U+0207
    { 11, 24, 153, -2, 24, 66, 6509 }, // U+0208
    { 11, 20, 131, -3, 20, 55, 6575 }, // U+0209
    { 8, 24, 153, 1, 24, 48, 6630 }, // U+020A
    { 8, 21, 131, 0, 21, 42, 6678 }, // U+020B
    { 18, 24, 315, 1, 24, 108, 6720 }, // U+020C
    { 13, 20, 235, 1, 20, 65, 6828 }, // U+020D
    { 18, 24, 315, 1, 24, 108, 6893 }, // U+020E
    { 13, 21, 235, 1, 21, 69, 7001 }, // U+020F
    { 17, 24, 284, 1, 24, 102, 7070 }, // U+0210
    { 12, 20, 184, -1, 20, 60, 7172 }, // U+0211
    { 17, 24, 284, 1, 24, 102, 7232 }, // U+0212
    { 11, 21, 184, 0, 21, 58, 7334 }, // U+0213
    { 20, 24, 318, 0, 24, 120, 7392 }, // U+0214
    { 15, 20, 244, 0, 20, 75, 7512 }, // U+0215
    { 20, 24, 318, 0, 24, 120, 7587 }, // U+0216
    { 15, 21, 244, 0, 21, 79, 7707 }, // U+0217
    { 13, 24, 242, 1, 18, 78, 7786 }, // U+0218
    { 11, 21, 195, 1, 14, 58, 7864 }, // U+0219
    { 16, 24, 272, 1, 18, 96, 7922 }, // U+021A
    { 10, 25, 163, 0, 18, 63, 8018 }, // U+021B
    { 19, 24, 335, 1, 24, 114, 8081 }, // U+021E
    { 16, 26, 256, 0, 26, 104, 8195 }, // U+021F
    { 6, 4, 0, -5, 18, 6, 0 }, // U+0300
    { 6, 4, 0, -1, 18, 6, 6 }, // U+0301
    { 10, 4, 0, -5, 18, 10, 12 }, // U+0302
    { 8, 4, 0, -4, 18, 8, 22 }, // U+0303
    { 8, 2, 0, -4, 18, 4, 30 }, // U+0304
    { 8, 5, 0, -4, 19, 10, 34 }, // U+0306
    { 4, 3, 0, -2, 18, 3, 44 }, // U+0307
    { 10, 3, 0, -5, 18, 8, 47 }, // U+0308
    { 6, 6, 0, -3, 19, 9, 55 }, // U+0309
    { 6, 5, 0, -3, 19, 8, 64 }, // U+030A
    { 10, 4, 0, -3, 18, 10, 72 }, // U+030B
    { 10, 4, 0, -5, 18, 10, 82 }, // U+030C
    { 10, 4, 0, -7, 18, 10, 92 }, // U+030F
    { 8, 5, 0, -4, 19, 10, 102 }, // U+0311
    { 4, 5, 0, -2, 19, 5, 112 }, // U+0312
    { 6, 5, 0, -1, 17, 8, 117 }, // U+031B
    { 4, 3, 0, -2, -1, 3, 125 }, // U+0323
    { 10, 3, 0, -5, -1, 8, 128 }, // U+0324
    { 4, 5, 0, -2, -1, 5, 136 }, // U+0326
    { 6, 7, 0, -3, 1, 11, 141 }, // U+0327
    { 6, 7, 0, -5, 1, 11, 152 }, // U+0328
    { 8, 5, 0, -4, 0, 10, 163 }, // U+032E
    { 8, 2, 0, -4, -2, 4, 173 }, // U+0331
    { 10, 1, 0, -5, 16, 3, 177 }, // U+0335
    { 19, 22, 306, 0, 18, 105, 0 }, // U+1EA0
    { 13, 19, 223, 1, 14, 62, 105 }, // U+1EA1
    { 19, 25, 306, 0, 25, 119, 167 }, // U+1EA2
    { 13, 21, 223, 1, 21, 69, 286 }, // U+1EA3
    { 19, 26, 306, 0, 26, 124, 355 }, // U+1EA4
    { 14, 22, 223, 1, 22, 77, 479 }, // U+1EA5
    { 19, 26, 306, 0, 26, 124, 556 }, // U+1EA6
    { 16, 22, 223, -2, 22, 88, 680 }, // U+1EA7
    { 19, 27, 306, 0, 27, 129, 768 }, // U+1EA8
    { 13, 23, 223, 1, 23, 75, 897 }, // U+1EA9
    { 19, 25, 306, 0, 25, 119, 972 }, // U+1EAA
    { 13, 22, 223, 1, 22, 72, 1091 }, // U+1EAB
    { 19, 28, 306, 0, 24, 133, 1163 }, // U+1EAC
    { 13, 25, 223, 1, 20, 82, 1296 }, // U+1EAD
    { 19, 24, 306, 0, 24, 114, 1378 }, // U+1EAE
    { 13, 22, 223, 1, 22, 72, 1492 }, // U+1EAF
    { 19, 24, 306, 0, 24, 114, 1564 }, // U+1EB0
    { 13, 22, 223, 1, 22, 72, 1678 }, // U+1EB1
    { 19, 25, 306, 0, 25, 119, 1750 }, // U+1EB2
    { 13, 22, 223, 1, 22, 72, 1869 }, // U+1EB3
    { 19, 24, 306, 0, 24, 114, 1941 }, // U+1EB4
    { 13, 22, 223, 1, 22, 72, 2055 }, // U+1EB5
    { 19, 28, 306, 0, 24, 133, 2127 }, // U+1EB6
    { 13, 25, 223, 1, 20, 82, 2260 }, // U+1EB7
    { 15, 22, 259, 1, 18, 83, 2342 }, // U+1EB8
    { 12, 19, 212, 1, 14, 57, 2425 }, // U+1EB9
    { 15, 25, 259, 1, 25, 94, 2482 }, // U+1EBA
    { 12, 21, 212, 1, 21, 63, 2576 }, // U+1EBB
    { 15, 24, 259, 1, 24, 90, 2639 }, // U+1EBC
    { 12, 20, 212, 1, 20, 60, 2729 }, // U+1EBD
    { 15, 26, 259, 1, 26, 98, 2789 }, // U+1EBE
    { 14, 22, 212, 1, 22, 77, 2887 }, // U+1EBF
    { 16, 26, 259, 0, 26, 104, 2964 }, // U+1EC0
    { 15, 22, 212, -2, 22, 83, 3068 }, // U+1EC1
    { 15, 27, 259, 1, 27, 102, 3151 }, // U+1EC2
    { 13, 23, 212, 1, 23, 75, 3253 }, // U+1EC3
    { 15, 25, 259, 1, 25, 94, 3328 }, // U+1EC4
    { 12, 22, 212, 1, 22, 66, 3422 }, // U+1EC5
    { 15, 28, 259, 1, 24, 105, 3488 }, // U+1EC6
    { 12, 25, 212, 1, 20, 75, 3593 }, // U+1EC7
    { 8, 25, 153, 1, 25, 50, 3668 }, // U+1EC8
    { 8, 21, 131, 0, 21, 42, 3718 }, // U+1EC9
    { 8, 22, 153, 1, 18, 44, 3760 }, // U+1ECA
    { 7, 25, 130, 1, 20, 44, 3804 }, // U+1ECB
    { 18, 22, 315, 1, 18, 99, 3848 }, // U+1ECC
    { 13, 19, 235, 1, 14, 62, 3947 }, // U+1ECD
    { 18, 25, 315, 1, 25, 113, 4009 }, // U+1ECE
    { 13, 21, 235, 1, 21, 69, 4122 }, // U+1ECF
    { 18, 26, 315, 1, 26, 117, 4191 }, // U+1ED0
    { 15, 22, 235, 1, 22, 83, 4308 }, // U+1ED1
    { 18, 26, 315, 1, 26, 117, 4391 }, // U+1ED2
    { 15, 22, 235, -1, 22, 83, 4508 }, // U+1ED3
    { 18, 27, 315, 1, 27, 122, 4591 }, // U+1ED4
    { 14, 23, 235, 1, 23, 81, 4713 }, // U+1ED5
    { 18, 25, 315, 1, 25, 113, 4794 }, // U+1ED6
    { 13, 22, 235, 1, 22, 72, 4907 }, // U+1ED7
    { 18, 28, 315, 1, 24, 126, 4979 }, // U+1ED8
    { 13, 25, 235, 1, 20, 82, 5105 }, // U+1ED9
    { 18, 24, 317, 1, 24, 108, 5187 }, // U+1EDA
    { 14, 20, 242, 1, 20, 70, 5295 }, // U+1EDB
    { 18, 24, 317, 1, 24, 108, 5365 }, // U+1EDC
    { 14, 20, 242, 1, 20, 70, 5473 }, // U+1EDD
    { 18, 25, 317, 1, 25, 113, 5543 }, // U+1EDE
    { 14, 21, 242, 1, 21, 74, 5656 }, // U+1EDF
    { 18, 24, 317, 1, 24, 108, 5730 }, // U+1EE0
    { 14, 20, 242, 1, 20, 70, 5838 }, // U+1EE1
    { 18, 26, 317, 1, 22, 117, 5908 }, // U+1EE2
    { 14, 24, 242, 1, 19, 84, 6025 }, // U+1EE3
    { 20, 22, 318, 0, 18, 110, 6109 }, // U+1EE4
    { 15, 19, 244, 0, 14, 72, 6219 }, // U+1EE5
    { 20, 25, 318, 0, 25, 125, 6291 }, // U+1EE6
    { 15, 21, 244, 0, 21, 79, 6416 }, // U+1EE7
    { 22, 24, 324, 0, 24, 132, 6495 }, // U+1EE8
    { 16, 20, 253, 0, 20, 80, 6627 }, // U+1EE9
    { 22, 24, 324, 0, 24, 132, 6707 }, // U+1EEA
    { 16, 20, 253, 0, 20, 80, 6839 }, // U+1EEB
    { 22, 25, 324, 0, 25, 138, 6919 }, // U+1EEC
    { 16, 21, 253, 0, 21, 84, 7057 }, // U+1EED
    { 22, 24, 324, 0, 24, 132, 7141 }, // U+1EEE
    { 16, 20, 253, 0, 20, 80, 7273 }, // U+1EEF
    { 22, 26, 324, 0, 22, 143, 7353 }, // U+1EF0
    { 16, 24, 253, 0, 19, 96, 7496 }, // U+1EF1
    { 18, 24, 291, 0, 24, 108, 7592 }, // U+1EF2
    { 15, 26, 242, 0, 20, 98, 7700 }, // U+1EF3
    { 18, 22, 291, 0, 18, 99, 7798 }, // U+1EF4
    { 15, 21, 242, 0, 14, 79, 7897 }, // U+1EF5
    { 18, 25, 291, 0, 25, 113, 7976 }, // U+1EF6
    { 15, 27, 242, 0, 21, 102, 8089 }, // U+1EF7
    { 18, 24, 291, 0, 24, 108, 8191 }, // U+1EF8
    { 15, 26, 242, 0, 20, 98, 8299 }, // U+1EF9
    { 7, 2, 151, 1, 7, 4, 0 }, // U+2010
    { 11, 2, 206, 1, 8, 6, 4 }, // U+2013
    { 15, 2, 268, 1, 8, 8, 10 }, // U+2014
    { 5, 8, 104, 1, 19, 10, 18 }, // U+2018
    { 5, 8, 104, 1, 18, 10, 28 }, // U+2019
    { 6, 8, 103, 0, 4, 12, 38 }, // U+201A
    { 10, 8, 180, 1, 19, 20, 50 }, // U+201C
    { 10, 8, 180, 1, 18, 20, 70 }, // U+201D
    { 10, 8, 180, 0, 4, 20, 90 }, // U+201E
    { 8, 10, 153, 1, 19, 20, 110 }, // U+2020
    { 8, 10, 160, 1, 19, 20, 130 }, // U+2021
    { 7, 7, 166, 2, 10, 13, 150 }, // U+2022
    { 16, 4, 278, 1, 4, 16, 163 }, // U+2026
    { 29, 18, 477, 0, 18, 131, 179 }, // U+2030
    { 4, 7, 93, 1, 18, 7, 310 }, // U+2032
    { 9, 7, 163, 1, 18, 16, 317 }, // U+2033
    { 7, 12, 133, 1, 12, 21, 333 }, // U+2039
    { 7, 12, 138, 1, 12, 21, 354 }, // U+203A
    { 14, 18, 30, -6, 18, 63, 375 }, // U+2044
    { 16, 18, 285, 1, 18, 72, 438 }, // U+2052
    { 9, 10, 162, 1, 18, 23, 0 }, // U+2070
    { 10, 10, 159, 0, 18, 25, 23 }, // U+2074
    { 13, 23, 228, 1, 20, 75, 0 }, // U+20A1
    { 13, 18, 248, 1, 18, 59, 75 }, // U+20A3
    { 14, 18, 251, 1, 18, 63, 134 }, // U+20A4
    { 16, 18, 285, 1, 18, 72, 197 }, // U+20A6
    { 20, 18, 350, 1, 18, 90, 269 }, // U+20A7
    { 17, 18, 303, 1, 18, 77, 359 }, // U+20A9
    { 15, 24, 264, 1, 19, 90, 436 }, // U+20AB
    { 16, 18, 279, 1, 18, 72, 526 }, // U+20AC
    { 16, 18, 282, 1, 18, 72, 598 }, // U+20AD
    { 16, 18, 282, 1, 18, 72, 670 }, // U+20B1
    { 14, 23, 250, 1, 20, 81, 742 }, // U+20B2
    { 11, 18, 209, 1, 18, 50, 823 }, // U+20B5
    { 13, 18, 235, 1, 18, 59, 873 }, // U+20B9
    { 13, 18, 245, 1, 18, 59, 932 }, // U+20BA
    { 13, 18, 236, 1, 18, 59, 991 }, // U+20BC
    { 14, 18, 251, 1, 18, 63, 1050 }, // U+20BD
    { 11, 2, 210, 1, 7, 6, 0 }, // U+2212
    { 14, 18, 30, -6, 18, 63, 6 }, // U+2215
    { 7, 7, 210, 3, 10, 13, 69 }, // U+2219
    { 11, 9, 210, 1, 11, 25, 82 }, // U+2248
    { 11, 13, 210, 1, 13, 36, 107 }, // U+2260
    { 11, 13, 210, 1, 13, 36, 143 }, // U+2264
    { 12, 13, 210, 1, 13, 39, 179 }, // U+2265
    { 21, 20, 295, 0, 20, 105, 0 }, // U+FB00
    { 16, 20, 255, 0, 20, 80, 105 }, // U+FB01
    { 16, 20, 258, 0, 20, 80, 185 }, // U+FB02
    { 24, 20, 386, 0, 20, 120, 265 }, // U+FB03
    { 24, 20, 386, 0, 20, 120, 385 }, // U+FB04
};

static const EpdUnicodeInterval libron_12_regularIntervals[] = {
    { 0x20, 0x7E, 0x0 },
    { 0xA0, 0x131, 0x5F },
    { 0x134, 0x148, 0xF1 },
    { 0x14A, 0x17E, 0x106 },
    { 0x1A0, 0x1A1, 0x13B },
    { 0x1AF, 0x1B0, 0x13D },
    { 0x1C4, 0x1DC, 0x13F },
    { 0x1DE, 0x1E3, 0x158 },
    { 0x1E6, 0x1ED, 0x15E },
    { 0x1F0, 0x1F0, 0x166 },
    { 0x1F4, 0x1F5, 0x167 },
    { 0x1F8, 0x21B, 0x169 },
    { 0x21E, 0x21F, 0x18D },
    { 0x300, 0x304, 0x18F },
    { 0x306, 0x30C, 0x194 },
    { 0x30F, 0x30F, 0x19B },
    { 0x311, 0x312, 0x19C },
    { 0x31B, 0x31B, 0x19E },
    { 0x323, 0x324, 0x19F },
    { 0x326, 0x328, 0x1A1 },
    { 0x32E, 0x32E, 0x1A4 },
    { 0x331, 0x331, 0x1A5 },
    { 0x335, 0x335, 0x1A6 },
    { 0x1EA0, 0x1EF9, 0x1A7 },
    { 0x2010, 0x2010, 0x201 },
    { 0x2013, 0x2014, 0x202 },
    { 0x2018, 0x201A, 0x204 },
    { 0x201C, 0x201E, 0x207 },
    { 0x2020, 0x2022, 0x20A },
    { 0x2026, 0x2026, 0x20D },
    { 0x2030, 0x2030, 0x20E },
    { 0x2032, 0x2033, 0x20F },
    { 0x2039, 0x203A, 0x211 },
    { 0x2044, 0x2044, 0x213 },
    { 0x2052, 0x2052, 0x214 },
    { 0x2070, 0x2070, 0x215 },
    { 0x2074, 0x2074, 0x216 },
    { 0x20A1, 0x20A1, 0x217 },
    { 0x20A3, 0x20A4, 0x218 },
    { 0x20A6, 0x20A7, 0x21A },
    { 0x20A9, 0x20A9, 0x21C },
    { 0x20AB, 0x20AD, 0x21D },
    { 0x20B1, 0x20B2, 0x220 },
    { 0x20B5, 0x20B5, 0x222 },
    { 0x20B9, 0x20BA, 0x223 },
    { 0x20BC, 0x20BD, 0x225 },
    { 0x2212, 0x2212, 0x227 },
    { 0x2215, 0x2215, 0x228 },
    { 0x2219, 0x2219, 0x229 },
    { 0x2248, 0x2248, 0x22A },
    { 0x2260, 0x2260, 0x22B },
    { 0x2264, 0x2265, 0x22C },
    { 0xFB00, 0xFB04, 0x22E },
};

static const EpdFontGroup libron_12_regularGroups[] = {
    { 0, 2752, 5860, 95, 0 },
    { 2752, 2304, 7044, 96, 95 },
    { 5056, 2991, 10836, 124, 191 },
    { 8047, 2605, 8991, 84, 315 },
    { 10652, 177, 207, 24, 399 },
    { 10829, 1813, 9149, 90, 423 },
    { 12642, 378, 572, 20, 513 },
    { 13020, 49, 60, 2, 533 },
    { 13069, 697, 1234, 16, 535 },
    { 13766, 156, 236, 7, 551 },
    { 13922, 141, 520, 5, 558 },
};

static const uint16_t libron_12_regularKernLeftCodepoints[] = {
    0x0020, 0x0022, 0x0026, 0x0027, 0x0028, 0x0029, 0x002A, 0x002C, 0x002D, 0x002E, 0x002F, 0x0030,
    0x0031, 0x0032, 0x0033, 0x0034, 0x0035, 0x0036, 0x0037, 0x0038, 0x0039, 0x003A, 0x003B, 0x003F,
    0x0040, 0x0041, 0x0042, 0x0043, 0x0044, 0x0045, 0x0046, 0x0047, 0x0048, 0x0049, 0x004A, 0x004B,
    0x004C, 0x004D, 0x004E, 0x004F, 0x0050, 0x0051, 0x0052, 0x0053, 0x0054, 0x0055, 0x0056, 0x0057,
    0x0058, 0x0059, 0x005A, 0x005B, 0x005C, 0x005D, 0x005F, 0x0061, 0x0062, 0x0063, 0x0064, 0x0065,
    0x0066, 0x0067, 0x0068, 0x0069, 0x006A, 0x006B, 0x006C, 0x006D, 0x006E, 0x006F, 0x0070, 0x0071,
    0x0072, 0x0073, 0x0074, 0x0075, 0x0076, 0x0077, 0x0078, 0x0079, 0x007A, 0x007B, 0x007D, 0x00A0,
    0x00A1, 0x00A4, 0x00A5, 0x00A9, 0x00AA, 0x00AB, 0x00AD, 0x00AE, 0x00B0, 0x00B2, 0x00B7, 0x00BA,
    0x00BB, 0x00BF, 0x00C0, 0x00C1, 0x00C2, 0x00C3, 0x00C4, 0x00C5, 0x00C6, 0x00C7, 0x00C8, 0x00C9,
    0x00CA, 0x00CB, 0x00CC, 0x00CD, 0x00CE, 0x00CF, 0x00D0, 0x00D1, 0x00D2, 0x00D3, 0x00D4, 0x00D5,
    0x00D6, 0x00D8, 0x00D9, 0x00DA, 0x00DB, 0x00DC, 0x00DD, 0x00DE, 0x00DF, 0x00E0, 0x00E1, 0x00E2,
    0x00E3, 0x00E4, 0x00E5, 0x00E6, 0x00E7, 0x00E8, 0x00E9, 0x00EA, 0x00EB, 0x00EC, 0x00ED, 0x00EE,
    0x00EF, 0x00F0, 0x00F1, 0x00F2, 0x00F3, 0x00F4, 0x00F5, 0x00F6, 0x00F8, 0x00F9, 0x00FA, 0x00FB,
    0x00FC, 0x00FD, 0x00FE, 0x00FF, 0x0100, 0x0101, 0x0102, 0x0103, 0x0104, 0x0105, 0x0106, 0x0107,
    0x0108, 0x0109, 0x010A, 0x010B, 0x010C, 0x010D, 0x010E, 0x010F, 0x0110, 0x0111, 0x0112, 0x0113,
    0x0114, 0x0115, 0x0116, 0x0117, 0x0118, 0x0119, 0x011A, 0x011B, 0x011C, 0x011D, 0x011E, 0x011F,
    0x0120, 0x0121, 0x0122, 0x0123, 0x0124, 0x0125, 0x0126, 0x0127, 0x0128, 0x0129, 0x012A, 0x012B,
    0x012C, 0x012D, 0x012E, 0x012F, 0x0130, 0x0131, 0x0134, 0x0135, 0x0136, 0x0137, 0x0138, 0x0139,
    0x013A, 0x013B, 0x013C, 0x013D, 0x013E, 0x013F, 0x0141, 0x0142, 0x0143, 0x0144, 0x0145, 0x0146,
    0x0147, 0x0148, 0x014A, 0x014B, 0x014C, 0x014D, 0x014E, 0x014F, 0x0150, 0x0151, 0x0152, 0x0153,
    0x0154, 0x0155, 0x0156, 0x0157, 0x0158, 0x0159, 0x015A, 0x015B, 0x015C, 0x015D, 0x015E, 0x015F,
    0x0160, 0x0161, 0x0162, 0x0163, 0x0164, 0x0165, 0x0166, 0x0167, 0x0168, 0x0169, 0x016A, 0x016B,
    0x016C, 0x016D, 0x016E, 0x016F, 0x0170, 0x0171, 0x0172, 0x0173, 0x0174, 0x0175, 0x0176, 0x0177,
    0x0178, 0x0179, 0x017A, 0x017B, 0x017C, 0x017D, 0x017E, 0x01A0, 0x01A1, 0x01AF, 0x01B0, 0x01C4,
    0x01C5, 0x01C6, 0x01C7, 0x01C8, 0x01C9, 0x01CA, 0x01CB, 0x01CC, 0x01E6, 0x01E7, 0x01EA, 0x01EB,
    0x01FA, 0x01FB, 0x01FC, 0x01FD, 0x01FE, 0x01FF, 0x0200, 0x0201, 0x0202, 0x0203, 0x0204, 0x0205,
    0x0206, 0x0207, 0x0208, 0x0209, 0x020A, 0x020B, 0x020C, 0x020D, 0x020E, 0x020F, 0x0210, 0x0211,
    0x0212, 0x0213, 0x0214, 0x0215, 0x0216, 0x0217, 0x0218, 0x0219, 0x021A, 0x021B, 0x1EA0, 0x1EA1,
    0x1EA2, 0x1EA3, 0x1EA4, 0x1EA5, 0x1EA6, 0x1EA7, 0x1EA8, 0x1EA9, 0x1EAA, 0x1EAB, 0x1EAC, 0x1EAD,
    0x1EAE, 0x1EAF, 0x1EB0, 0x1EB1, 0x1EB2, 0x1EB3, 0x1EB4, 0x1EB5, 0x1EB6, 0x1EB7, 0x1EB8, 0x1EB9,
    0x1EBA, 0x1EBB, 0x1EBC, 0x1EBD, 0x1EBE, 0x1EBF, 0x1EC0, 0x1EC1, 0x1EC2, 0x1EC3, 0x1EC4, 0x1EC5,
    0x1EC6, 0x1EC7, 0x1EC8, 0x1EC9, 0x1ECA, 0x1ECB, 0x1ECC, 0x1ECD, 0x1ECE, 0x1ECF, 0x1ED0, 0x1ED1,
    0x1ED2, 0x1ED3, 0x1ED4, 0x1ED5, 0x1ED6, 0x1ED7, 0x1ED8, 0x1ED9, 0x1EDA, 0x1EDB, 0x1EDC, 0x1EDD,
    0x1EDE, 0x1EDF, 0x1EE0, 0x1EE1, 0x1EE2, 0x1EE3, 0x1EE4, 0x1EE5, 0x1EE6, 0x1EE7, 0x1EE8, 0x1EE9,
    0x1EEA, 0x1EEB, 0x1EEC, 0x1EED, 0x1EEE, 0x1EEF, 0x1EF0, 0x1EF1, 0x1EF2, 0x1EF3, 0x1EF4, 0x1EF5,
    0x1EF6, 0x1EF7, 0x1EF8, 0x1EF9, 0x2013, 0x2014, 0x2018, 0x2019, 0x201A, 0x201C, 0x201D, 0x201E,
    0x2022, 0x2026, 0x2032, 0x2033, 0x2039, 0x203A, 0x2074, 0x20A3, 0x20AD, 0x20B1, 0x20B9, 0x20BA,
    0x20BC, 0xFB00, 0xFB01, 0xFB02, 0xFB03, 0xFB04,
};

static const uint8_t libron_12_regularKernLeftClassIds[] = {
      1,   2,   3,   2,   4,   5,   6,   7,   8,   9,  10,  11,  12,  13,  14,  15,
     16,  17,  18,  19,  20,  21,  21,  22,  23,  24,  25,  26,  27,  28,  29,  30,
     31,  31,  32,  33,  34,  35,  36,  37,  38,  39,  40,  41,  42,  43,  44,  45,
     46,  47,  48,  49,  50,  51,  52,  53,  54,  55,  56,  57,  58,  59,  60,  61,
     62,  63,  64,  60,  60,  65,  54,  66,  67,  68,  69,  70,  71,  72,  73,  74,
     75,  76,  77,   1,  78,  79,  80,  81,  82,  83,   8,  84,  85,  86,  87,  88,
     89,  90,  24,  24,  24,  24,  24,  24,  28,  26,  28,  28,  28,  28,  31,  31,
     31,  31,  27,  36,  37,  37,  37,  37,  37,  91,  43,  43,  43,  43,  47,  92,
     93,  53,  94,  53,  53,  95,  53,  57,  55,  57,  96,  97,  98,  61,  99, 100,
    101, 102,  60,  65, 103,  65,  65,  65, 104,  70,  70,  70,  70,  74,  54,  74,
     24,  53,  24,  53, 105, 106,  26, 107,  26,  55,  26,  55,  26, 108,  27, 109,
     27, 110,  28,  57,  28,  57,  28,  57,  28,  57,  28, 111,  30, 112,  30, 112,
     30, 112,  30, 112,  31,  60,  31,  60,  31, 113,  31, 114,  31, 115,  31,  61,
     31,  61,  32, 116, 117,  63, 118,  34,  64,  34,  64, 119, 120,  34,  34, 121,
     36,  60,  36,  60,  36,  60,  36,  60,  37,  65,  37,  65,  37, 122,  28,  57,
     40, 123,  40,  67,  40, 124,  41, 125,  41,  68,  41,  68,  41, 126,  42,  69,
     42, 127, 128, 129,  43,  70,  43,  70,  43,  70,  43,  70,  43, 130,  43,  70,
     45,  72,  47,  74,  47,  48,  75,  48,  75,  48,  75, 131, 132, 133, 134,  48,
     75,  75,  32,  62,  62,  32,  62,  62,  30, 112,  37,  65,  24,  53,  28,  57,
     91, 104,  24,  53,  24,  53,  28,  57,  28,  97,  31, 135,  31, 136,  37,  65,
     37,  65,  40,  67,  40, 137,  43,  70,  43,  70,  41,  68,  42,  69,  24,  53,
     24,  53,  24, 138,  24,  53,  24, 139,  24,  53,  24,  53,  24,  53,  24,  53,
     24,  53,  24,  53,  24,  53,  28,  57,  28,  57,  28,  57,  28, 140,  28,  97,
     28, 141,  28,  97,  28,  97,  31, 142,  31,  61,  37,  65,  37,  65,  37, 143,
     37,  65,  37, 144,  37,  65,  37,  65, 131, 132, 131, 132, 131, 132, 131, 132,
    131, 132,  43,  70,  43,  70, 133, 134, 133, 134, 133, 134, 133, 134, 145, 146,
     47,  74,  47, 147,  47,  74,  47,  74, 148, 148, 149, 150,   7, 149, 150, 151,
    152,   9, 153, 153,  83,  89, 154, 155, 156, 156, 156, 157, 158, 159, 160,  64,
    160,  64,
};

static const uint16_t libron_12_regularKernRightCodepoints[] = {
    0x0020, 0x0021, 0x0022, 0x0026, 0x0027, 0x0028, 0x0029, 0x002A, 0x002C, 0x002D, 0x002E, 0x002F,
    0x0030, 0x0031, 0x0032, 0x0033, 0x0034, 0x0035, 0x0036, 0x0037, 0x0038, 0x0039, 0x003A, 0x003B,
    0x003F, 0x0040, 0x0041, 0x0042, 0x0043, 0x0044, 0x0045, 0x0046, 0x0047, 0x0048, 0x0049, 0x004A,
    0x004B, 0x004C, 0x004D, 0x004E, 0x004F, 0x0050, 0x0051, 0x0052, 0x0053, 0x0054, 0x0055, 0x0056,
    0x0057, 0x0058, 0x0059, 0x005A, 0x005C, 0x005D, 0x005F, 0x0061, 0x0062, 0x0063, 0x0064, 0x0065,
    0x0066, 0x0067, 0x0068, 0x0069, 0x006A, 0x006B, 0x006C, 0x006D, 0x006E, 0x006F, 0x0070, 0x0071,
    0x0072, 0x0073, 0x0074, 0x0075, 0x0076, 0x0077, 0x0078, 0x0079, 0x007A, 0x007B, 0x007C, 0x007D,
    0x00A0, 0x00A1, 0x00A4, 0x00A5, 0x00A6, 0x00A9, 0x00AA, 0x00AB, 0x00AD, 0x00AE, 0x00B0, 0x00B2,
    0x00B3, 0x00B7, 0x00B9, 0x00BA, 0x00BB, 0x00BF, 0x00C0, 0x00C1, 0x00C2, 0x00C3, 0x00C4, 0x00C5,
    0x00C6, 0x00C7, 0x00C8, 0x00C9, 0x00CA, 0x00CB, 0x00CC, 0x00CD, 0x00CE, 0x00CF, 0x00D0, 0x00D1,
    0x00D2, 0x00D3, 0x00D4, 0x00D5, 0x00D6, 0x00D8, 0x00D9, 0x00DA, 0x00DB, 0x00DC, 0x00DD, 0x00DE,
    0x00DF, 0x00E0, 0x00E1, 0x00E2, 0x00E3, 0x00E4, 0x00E5, 0x00E6, 0x00E7, 0x00E8, 0x00E9, 0x00EA,
    0x00EB, 0x00EC, 0x00ED, 0x00EE, 0x00EF, 0x00F0, 0x00F1, 0x00F2, 0x00F3, 0x00F4, 0x00F5, 0x00F6,
    0x00F8, 0x00F9, 0x00FA, 0x00FB, 0x00FC, 0x00FD, 0x00FE, 0x00FF, 0x0100, 0x0101, 0x0102, 0x0103,
    0x0104, 0x0105, 0x0106, 0x0107, 0x0108, 0x0109, 0x010A, 0x010B, 0x010C, 0x010D, 0x010E, 0x010F,
    0x0110, 0x0111, 0x0112, 0x0113, 0x0114, 0x0115, 0x0116, 0x0117, 0x0118, 0x0119, 0x011A, 0x011B,
    0x011C, 0x011D, 0x011E, 0x011F, 0x0120, 0x0121, 0x0122, 0x0123, 0x0124, 0x0125, 0x0126, 0x0127,
    0x0128, 0x0129, 0x012A, 0x012B, 0x012C, 0x012D, 0x012E, 0x012F, 0x0130, 0x0131, 0x0134, 0x0135,
    0x0136, 0x0137, 0x0138, 0x0139, 0x013A, 0x013B, 0x013C, 0x013D, 0x013E, 0x013F, 0x0140, 0x0141,
    0x0142, 0x0143, 0x0144, 0x0145, 0x0146, 0x0147, 0x0148, 0x014A, 0x014B, 0x014C, 0x014D, 0x014E,
    0x014F, 0x0150, 0x0151, 0x0152, 0x0153, 0x0154, 0x0155, 0x0156, 0x0157, 0x0158, 0x0159, 0x015A,
    0x015B, 0x015C, 0x015D, 0x015E, 0x015F, 0x0160, 0x0161, 0x0162, 0x0163, 0x0164, 0x0165, 0x0166,
    0x0167, 0x0168, 0x0169, 0x016A, 0x016B, 0x016C, 0x016D, 0x016E, 0x016F, 0x0170, 0x0171, 0x0172,
    0x0173, 0x0174, 0x0175, 0x0176, 0x0177, 0x0178, 0x0179, 0x017A, 0x017B, 0x017C, 0x017D, 0x017E,
    0x01A0, 0x01A1, 0x01AF, 0x01B0, 0x01C4, 0x01C5, 0x01C6, 0x01C7, 0x01C8, 0x01C9, 0x01CA, 0x01CB,
    0x01CC, 0x01E6, 0x01E7, 0x01EA, 0x01EB, 0x01FA, 0x01FB, 0x01FC, 0x01FD, 0x01FE, 0x01FF, 0x0200,
    0x0201, 0x0202, 0x0203, 0x0204, 0x0205, 0x0206, 0x0207, 0x0208, 0x0209, 0x020A, 0x020B, 0x020C,
    0x020D, 0x020E, 0x020F, 0x0210, 0x0211, 0x0212, 0x0213, 0x0214, 0x0215, 0x0216, 0x0217, 0x0218,
    0x0219, 0x021A, 0x021B, 0x1EA0, 0x1EA1, 0x1EA2, 0x1EA3, 0x1EA4, 0x1EA5, 0x1EA6, 0x1EA7, 0x1EA8,
    0x1EA9, 0x1EAA, 0x1EAB, 0x1EAC, 0x1EAD, 0x1EAE, 0x1EAF, 0x1EB0, 0x1EB1, 0x1EB2, 0x1EB3, 0x1EB4,
    0x1EB5, 0x1EB6, 0x1EB7, 0x1EB8, 0x1EB9, 0x1EBA, 0x1EBB, 0x1EBC, 0x1EBD, 0x1EBE, 0x1EBF, 0x1EC0,
    0x1EC1, 0x1EC2, 0x1EC3, 0x1EC4, 0x1EC5, 0x1EC6, 0x1EC7, 0x1EC8, 0x1EC9, 0x1ECA, 0x1ECB, 0x1ECC,
    0x1ECD, 0x1ECE, 0x1ECF, 0x1ED0, 0x1ED1, 0x1ED2, 0x1ED3, 0x1ED4, 0x1ED5, 0x1ED6, 0x1ED7, 0x1ED8,
    0x1ED9, 0x1EDA, 0x1EDB, 0x1EDC, 0x1EDD, 0x1EDE, 0x1EDF, 0x1EE0, 0x1EE1, 0x1EE2, 0x1EE3, 0x1EE4,
    0x1EE5, 0x1EE6, 0x1EE7, 0x1EE8, 0x1EE9, 0x1EEA, 0x1EEB, 0x1EEC, 0x1EED, 0x1EEE, 0x1EEF, 0x1EF0,
    0x1EF1, 0x1EF2, 0x1EF3, 0x1EF4, 0x1EF5, 0x1EF6, 0x1EF7, 0x1EF8, 0x1EF9, 0x2013, 0x2014, 0x2018,
    0x2019, 0x201A, 0x201C, 0x201D, 0x201E, 0x2020, 0x2021, 0x2022, 0x2026, 0x2032, 0x2033, 0x2039,
    0x203A, 0x2070, 0x2074, 0x20AB, 0x20B9, 0x20BC, 0xFB00, 0xFB01, 0xFB02, 0xFB03, 0xFB04,
};

static const uint8_t libron_12_regularKernRightClassIds[] = {
      1,   2,   3,   4,   3,   5,   6,   7,   8,   9,  10,  11,  12,  13,  14,  15,
     16,  17,  18,  19,  20,  21,  22,  23,  24,  25,  26,  27,  28,  27,  27,  27,
     28,  27,  27,  29,  27,  27,  30,  31,  28,  27,  28,  27,  32,  33,  34,  35,
     36,  37,  38,  39,  40,  41,  42,  43,  44,  45,  46,  45,  47,  48,  49,  50,
     51,  52,  53,  54,  54,  45,  55,  46,  54,  56,  57,  58,  59,  60,  61,  62,
     63,  64,  65,  66,   1,  67,  68,  69,  65,  70,  71,  72,   9,  73,  74,  75,
     76,  77,  78,  79,  80,  81,  26,  26,  26,  26,  26,  26,  82,  28,  27,  27,
     27,  27,  27,  27,  27,  27,  27,  31,  28,  28,  28,  28,  28,  83,  34,  34,
     34,  34,  38,  27,  84,  85,  43,  86,  87,  88,  89,  43,  45,  90,  45,  91,
     92,  93,  94,  95,  96,  97,  54,  98,  45,  99, 100, 101, 102, 103,  58,  58,
    104,  62, 105,  62,  26, 106,  26, 107,  26,  43,  28,  45,  28, 108,  28,  45,
     28, 109,  27,  46,  27,  46,  27, 110,  27, 111,  27,  45,  27,  45,  27, 112,
     28, 113,  28, 114,  28,  48,  28,  48,  27,  49,  27, 115, 116, 117,  27, 118,
     27, 119,  27, 120,  27, 121,  29, 122,  27, 123,  54,  27,  53,  27,  53,  27,
     53,  27,  53, 124, 125,  31,  54,  31,  54,  31,  54,  31,  54,  28, 126,  28,
    127,  28,  45,  28,  45,  27,  54,  27,  54,  27, 128,  32,  56,  32, 129,  32,
     56,  32, 130,  33,  57,  33, 131, 132, 133,  34,  58,  34,  58,  34, 134,  34,
     58,  34,  58,  34,  58,  36,  60,  38,  62,  38,  39, 135,  39,  63,  39, 136,
     28,  45,  34,  58,  27,  27,  46,  27,  27,  53,  31,  31,  54,  28, 137,  28,
     45,  26,  89,  82,  43,  83, 102,  26, 138,  26, 139,  27, 140,  27, 141,  27,
    142,  27, 143,  28, 144,  28,  45,  27, 145,  27, 146,  34, 147,  34,  58,  32,
     56,  33,  57,  26,  43,  26, 148,  26,  86,  26, 149,  26,  86,  26, 150,  26,
     86,  26, 151,  26, 152,  26, 151,  26, 153,  26, 107,  27,  45,  27, 154,  27,
    155,  27,  91,  27, 156,  27,  91,  27, 157,  27,  91,  27, 158,  27, 120,  28,
     45,  28,  45,  28,  99,  28, 159,  28,  99,  28, 160,  28,  99,  28,  45,  28,
     98,  28,  45,  28, 100,  28,  45,  34,  58,  34,  58,  34,  58,  34, 103,  34,
     58,  34,  58,  34,  58,  38, 161,  38,  62,  38,  62,  38,  62, 162, 162, 163,
    164, 165, 163, 164, 166, 167, 168, 169,  10, 170, 170,  72,  80, 171, 172, 173,
    174, 175,  84,  47,  47,  84,  84,
};

static const uint16_t libron_12_regularKernRowOffsets[] = {
        0,    31,   136,   176,   272,   279,   405,   453,   545,   593,   681,   701,   729,   742,   768,   797,
      808,   832,   858,   869,   893,   909,   912,   929,  1033,  1084,  1091,  1171,  1200,  1319,  1363,  1443,
     1561,  1661,  1710,  1798,  1915,  1969,  2055,  2110,  2193,  2236,  2357,  2477,  2611,  2743,  2844,  2974,
     3029,  3109,  3127,  3129,  3140,  3171,  3212,  3266,  3322,  3350,  3479,  3560,  3588,  3613,  3616,  3704,
     3733,  3765,  3787,  3895,  3946,  4021,  4050,  4147,  4239,  4310,  4407,  4433,  4516,  4526,  4539,  4540,
     4547,  4561,  4564,  4653,  4700,  4704,  4706,  4792,  4793,  4893,  5020,  5074,  5134,  5183,  5214,  5245,
     5273,  5301,  5329,  5368,  5395,  5429,  5463,  5495,  5527,  5631,  5669,  5723,  5777,  5858,  5914,  5942,
     6024,  6058,  6083,  6118,  6127,  6228,  6317,  6366,  6429,  6434,  6466,  6575,  6683,  6734,  6785,  6871,
     6992,  7067,  7096,  7130,  7137,  7253,  7274,  7299,  7324,  7432,  7466,  7506,  7544,  7582,  7607,  7640,
     7673,  7790,  7812,  7909,  8001,  8106,  8224,  8272,  8289,  8311,  8319,  8321,  8322,  8323,  8324,  8453,
     8477,
};

static const uint8_t libron_12_regularKernSparseCols[] = {
      2,   6,   7,   9,  10,  23,  25,  28,  32,  34,  35,  36,  37,  39,  40,  41,
     56,  58,  59,  61,  72,  81, 130, 131, 132, 160, 162, 163, 164, 165, 169,   0,
      3,   7,   8,   9,  15,  16,  17,  21,  22,  25,  28,  34,  35,  37,  40,  42,
     43,  44,  45,  46,  47,  48,  51,  52,  53,  54,  55,  56,  62,  63,  65,  66,
     71,  79,  80,  81,  83,  84,  85,  86,  87,  88,  89,  90,  91,  92,  94,  95,
     96,  97,  98,  99, 100, 101, 104, 105, 106, 107, 108, 109, 110, 111, 112, 113,
    114, 116, 117, 118, 121, 122, 125, 126, 127, 128, 129, 130, 132, 134, 135, 136,
    137, 138, 139, 140, 141, 142, 143, 144, 145, 147, 148, 149, 150, 151, 152, 153,
    154, 155, 156, 158, 159, 161, 164, 165,   0,   6,  25,  32,  33,  34,  35,  36,
     37,  44,  45,  71,  81,  89,  90,  91,  96,  97,  98,  99, 100, 101, 107, 108,
    109, 110, 111, 123, 125, 126, 131, 139, 140, 143, 153, 154, 155, 156, 158, 159,
      3,   4,   6,   7,   8,   9,  11,  15,  17,  19,  21,  22,  27,  28,  34,  37,
     42,  43,  44,  45,  53,  54,  55,  56,  57,  58,  59,  61,  62,  63,  69,  71,
     72,  79,  82,  84,  85,  86,  87,  88,  89,  90,  91,  92,  95,  96,  97,  98,
     99, 100, 101, 102, 103, 104, 105, 106, 107, 108, 109, 110, 111, 125, 126, 127,
    128, 129, 130, 132, 133, 134, 135, 137, 138, 139, 140, 141, 143, 144, 145, 146,
    147, 149, 150, 151, 152, 153, 154, 155, 156, 158, 159, 160, 161, 162, 164, 165,
      5,   7,   9,  40,  65, 164, 165,   0,   3,   5,   7,   8,   9,  12,  15,  16,
     17,  21,  22,  25,  26,  28,  29,  30,  36,  37,  40,  42,  44,  45,  46,  47,
     48,  49,  50,  51,  52,  53,  54,  55,  56,  57,  58,  59,  60,  61,  62,  63,
     65,  66,  71,  79,  80,  81,  83,  84,  85,  86,  87,  88,  89,  90,  91,  92,
     93,  94,  95,  96,  97,  98,  99, 100, 101, 102, 103, 104, 105, 106, 107, 108,
    109, 110, 111, 112, 113, 114, 115, 116, 117, 119, 120, 121, 122, 123, 124, 125,
    126, 127, 128, 129, 130, 132, 133, 134, 135, 136, 137, 138, 139, 140, 141, 142,
    143, 144, 145, 146, 147, 148, 149, 150, 151, 152, 153, 154, 155, 156, 157, 158,
    159, 160, 161, 164, 165,   0,   2,   4,   5,   6,   8,  11,  12,  14,  16,  17,
     18,  20,  23,  27,  32,  33,  34,  35,  37,  39,  50,  54,  56,  57,  58,  59,
     61,  63,  65,  69,  71,  72,  76,  82, 102, 103, 121, 130, 131, 132, 133, 146,
    160, 161, 162, 163, 169,   2,   5,   6,  12,  13,  14,  16,  18,  20,  21,  22,
     25,  26,  28,  29,  30,  32,  33,  34,  35,  36,  37,  38,  40,  42,  46,  48,
     49,  50,  51,  52,  53,  54,  56,  57,  58,  59,  60,  61,  62,  65,  79,  81,
     83,  84,  85,  86,  87,  88,  92,  93,  94,  95, 102, 103, 104, 105, 106, 114,
    115, 116, 117, 118, 119, 120, 121, 122, 127, 130, 131, 132, 133, 134, 135, 137,
    138, 141, 142, 144, 145, 146, 147, 148, 149, 150, 151, 152, 157, 160, 162, 163,
    169,   0,   2,   4,   5,   6,   8,  11,  12,  14,  16,  17,  18,  20,  23,  27,
     32,  33,  34,  35,  37,  39,  50,  54,  56,  57,  58,  59,  61,  63,  65,  69,
     71,  72,  76,  82, 102, 103, 121, 130, 131, 132, 133, 146, 160, 161, 162, 163,
    169,   0,   7,   9,  10,  15,  16,  17,  21,  22,  25,  28,  34,  35,  37,  42,
     43,  44,  45,  46,  47,  53,  54,  55,  56,  57,  60,  62,  81,  83,  84,  85,
     86,  87,  88,  89,  90,  91,  96,  97,  98,  99, 100, 101, 102, 103, 104, 105,
    106, 107, 108, 109, 110, 111, 112, 113, 125, 126, 127, 128, 129, 130, 132, 133,
    134, 135, 136, 137, 138, 139, 140, 143, 144, 145, 146, 147, 148, 149, 150, 151,
    152, 153, 154, 155, 156, 158, 159, 164, 165,   5,   7,   9,  16,  25,  26,  28,
     29,  30,  33,  34,  35,  36,  37,  40,  65,  68, 115, 164, 165,   2,   6,   8,
     11,  15,  17,  18,  20,  25,  27,  32,  33,  34,  35,  37,  39,  68,  70,  73,
     76,  78,  82, 131, 161, 162, 163, 169, 173,   2,   6,  18,  32,  33,  34,  35,
     36,  37,  68, 131, 163, 169,   5,   6,   7,   9,  18,  21,  22,  25,  26,  28,
     29,  30,  32,  33,  34,  35,  36,  37,  38,  40,  68, 115, 131, 163, 164, 165,
      2,   5,   6,  12,  13,  14,  15,  18,  25,  26,  28,  29,  30,  32,  33,  34,
     35,  36,  37,  38,  39,  40,  68,  73, 115, 131, 162, 163, 169,   2,   7,   9,
     16,  19,  21,  22,  25,  28, 164, 165,   2,   6,   7,   9,  12,  13,  18,  20,
     25,  32,  33,  34,  35,  36,  37,  38,  68,  73, 131, 162, 163, 164, 165, 169,
      2,   7,   8,   9,  10,  12,  15,  16,  17,  18,  25,  27,  28,  34,  35,  36,
     37,  40,  67,  76,  82, 161, 164, 165, 172, 174,   5,   6,  25,  29,  30,  33,
     34,  35,  36,  37,  68,   5,   7,   8,   9,  10,  16,  25,  26,  28,  29,  30,
     33,  34,  35,  36,  37,  40,  65,  68,  76, 115, 161, 164, 165,   2,   5,   8,
     14,  16,  32,  33,  34,  35,  37,  39,  71,  76, 131, 161, 162,  71, 164, 165,
      0,   7,   9,  25,  26,  28,  29,  30,  33,  34,  35,  36,  37,  81, 115, 164,
    165,   0,   2,   3,   6,   8,  10,  11,  15,  17,  18,  19,  20,  23,  24,  27,
     28,  31,  32,  33,  34,  35,  37,  39,  42,  44,  45,  47,  50,  54,  55,  56,
     57,  58,  59,  61,  69,  70,  71,  72,  76,  78,  82,  84,  85,  86,  87,  88,
     89,  90,  91,  96,  97,  98,  99, 100, 101, 102, 103, 105, 106, 107, 108, 109,
    110, 111, 112, 113, 121, 123, 124, 125, 126, 128, 129, 130, 131, 132, 133, 136,
    137, 138, 139, 140, 143, 146, 147, 148, 149, 150, 151, 152, 153, 154, 155, 156,
    158, 159, 160, 161, 162, 163, 166, 167, 168,   5,  23,  25,  26,  28,  29,  30,
     32,  33,  34,  35,  36,  37,  38,  40,  42,  47,  53,  58,  59,  60,  61,  62,
     79,  81,  84,  85,  86,  87,  88, 105, 106, 112, 113, 115, 127, 131, 134, 135,
    136, 137, 138, 144, 145, 147, 148, 149, 150, 151, 152, 160,  25,  61, 141, 148,
    155, 158, 160,   3,   5,   7,   9,  12,  23,  25,  26,  28,  29,  30,  32,  33,
     34,  35,  36,  37,  38,  40,  42,  44,  45,  48,  51,  52,  58,  60,  61,  65,
     79,  81,  84,  85,  86,  87,  88,  89,  90,  91,  96,  97,  98,  99, 100, 101,
    104, 105, 106, 107, 108, 109, 110, 111, 114, 115, 122, 124, 125, 126, 131, 137,
    138, 139, 140, 143, 147, 148, 149, 150, 151, 152, 153, 154, 155, 156, 158, 159,
    160, 164, 165,  34,  37,  42,  54,  58,  59,  61,  62,  84,  85,  86,  87,  88,
    105, 106, 134, 135, 137, 138, 141, 147, 148, 149, 150, 151, 152, 155, 158, 160,
      0,   3,   7,   8,   9,  10,  15,  16,  17,  21,  22,  23,  24,  25,  27,  28,
     29,  31,  42,  43,  44,  45,  46,  47,  49,  50,  53,  54,  55,  56,  57,  58,
     59,  60,  61,  62,  71,  76,  79,  81,  82,  83,  84,  85,  86,  87,  88,  89,
     90,  91,  92,  93,  94,  95,  96,  97,  98,  99, 100, 101, 102, 103, 104, 105,
    106, 107, 108, 109, 110, 111, 112, 113, 114, 116, 117, 118, 119, 120, 121, 124,
    125, 126, 127, 128, 129, 130, 132, 133, 134, 135, 136, 137, 138, 139, 140, 141,
    142, 143, 145, 146, 147, 148, 149, 150, 151, 152, 153, 154, 155, 156, 157, 158,
    159, 160, 161, 162, 164, 165, 168,   2,   6,   7,   9,  18,  23,  25,  28,  32,
     34,  35,  36,  37,  38,  42,  58,  59,  60,  61,  79,  81,  84,  85,  86,  87,
     88, 105, 106, 131, 137, 138, 147, 148, 149, 150, 151, 152, 160, 162, 163, 164,
    165, 166, 167,   3,   8,  11,  15,  17,  24,  27,  42,  44,  45,  47,  54,  55,
     56,  57,  58,  59,  61,  62,  71,  76,  79,  82,  84,  85,  86,  87,  88,  89,
     90,  91,  96,  97,  98,  99, 100, 101, 102, 103, 105, 106, 107, 108, 109, 110,
    111, 112, 113, 124, 125, 126, 128, 129, 130, 132, 133, 134, 135, 136, 137, 138,
    139, 140, 141, 143, 146, 147, 148, 149, 150, 151, 152, 153, 154, 155, 156, 158,
    159, 160, 161,   3,   7,   8,   9,  10,  11,  13,  14,  15,  16,  17,  19,  21,
     22,  24,  25,  27,  28,  42,  43,  44,  45,  46,  47,  48,  49,  51,  52,  53,
     54,  55,  56,  57,  58,  59,  60,  61,  62,  71,  76,  79,  81,  82,  83,  84,
     85,  86,  87,  88,  89,  90,  91,  93,  94,  95,  96,  97,  98,  99, 100, 101,
    102, 103, 104, 105, 106, 107, 108, 109, 110, 111, 112, 113, 114, 116, 117, 118,
    119, 120, 122, 125, 126, 127, 128, 129, 130, 132, 133, 134, 135, 136, 137, 138,
    139, 140, 141, 142, 143, 144, 145, 146, 147, 148, 149, 150, 151, 152, 153, 154,
    155, 156, 157, 158, 159, 160, 161, 164, 165,   0,   3,   6,   8,  10,  11,  14,
     15,  16,  17,  19,  20,  24,  27,  28,  31,  32,  33,  34,  35,  37,  42,  44,
     45,  47,  54,  55,  56,  57,  58,  59,  61,  69,  70,  71,  72,  76,  78,  82,
     84,  85,  86,  87,  88,  89,  90,  91,  96,  97,  98,  99, 100, 101, 102, 103,
    105, 106, 107, 108, 109, 110, 111, 112, 113, 123, 124, 125, 126, 128, 129, 130,
    131, 132, 133, 136, 137, 138, 139, 140, 141, 143, 146, 147, 148, 149, 150, 151,
    152, 153, 154, 155, 156, 158, 159, 160, 161, 162, 166, 167, 168,   0,   2,   6,
      7,   9,  12,  18,  20,  21,  22,  23,  27,  32,  33,  34,  35,  36,  37,  38,
     39,  50,  54,  56,  57,  58,  59,  61,  62,  70,  72,  78,  82, 102, 103, 121,
    130, 131, 132, 133, 134, 135, 146, 160, 162, 163, 164, 165, 166, 167,   3,   6,
      8,  11,  15,  17,  24,  27,  32,  33,  42,  44,  45,  47,  50,  54,  55,  56,
     57,  58,  59,  61,  71,  72,  76,  78,  79,  82,  84,  85,  86,  87,  88,  89,
     90,  91,  96,  97,  98,  99, 100, 101, 102, 103, 105, 106, 107, 108, 109, 110,
    111, 112, 113, 121, 124, 125, 126, 128, 129, 130, 131, 132, 133, 136, 137, 138,
    139, 140, 141, 143, 146, 147, 148, 149, 150, 151, 152, 153, 154, 155, 156, 158,
    159, 160, 161, 162, 166, 167,   3,   7,   8,   9,  10,  11,  13,  14,  15,  16,
     17,  19,  21,  22,  24,  25,  27,  28,  42,  43,  44,  45,  46,  47,  49,  50,
     53,  54,  55,  56,  57,  58,  59,  60,  61,  62,  71,  76,  79,  81,  82,  83,
     84,  85,  86,  87,  88,  89,  90,  91,  92,  93,  94,  95,  96,  97,  98,  99,
    100, 101, 102, 103, 104, 105, 106, 107, 108, 109, 110, 111, 112, 113, 116, 117,
    118, 119, 120, 121, 124, 125, 126, 127, 128, 129, 130, 132, 133, 134, 135, 136,
    137, 138, 139, 140, 141, 142, 143, 144, 145, 146, 147, 148, 149, 150, 151, 152,
    153, 154, 155, 156, 157, 158, 159, 160, 161, 164, 165,   3,   5,   7,   9,  12,
     23,  25,  26,  28,  29,  30,  32,  33,  34,  35,  36,  37,  38,  40,  42,  48,
     51,  52,  58,  60,  61,  65,  79,  81,  84,  85,  86,  87,  88, 104, 105, 106,
    114, 115, 122, 124, 131, 137, 138, 147, 148, 149, 150, 151, 152, 160, 164, 165,
    166,   0,   3,   7,   8,   9,  10,  15,  16,  23,  24,  25,  26,  28,  29,  30,
     32,  34,  35,  36,  37,  42,  44,  45,  47,  55,  62,  71,  76,  79,  81,  84,
     85,  86,  87,  88,  89,  90,  91,  96,  97,  98,  99, 100, 101, 105, 106, 107,
    108, 109, 110, 111, 112, 113, 114, 115, 123, 124, 125, 126, 128, 129, 131, 134,
    135, 136, 137, 138, 139, 140, 143, 147, 148, 149, 150, 151, 152, 153, 154, 155,
    156, 158, 159, 161, 164, 165, 168,   3,   5,   7,   9,  12,  23,  25,  26,  28,
     29,  30,  32,  33,  34,  35,  36,  37,  38,  40,  41,  42,  48,  51,  52,  58,
     60,  61,  65,  79,  81,  84,  85,  86,  87,  88, 104, 105, 106, 114, 115, 122,
    124, 131, 137, 138, 147, 148, 149, 150, 151, 152, 160, 164, 165, 166,   2,   3,
      6,   8,  10,  11,  15,  17,  18,  20,  23,  24,  27,  28,  32,  33,  34,  35,
     37,  39,  40,  42,  44,  45,  58,  59,  61,  65,  70,  71,  72,  76,  78,  79,
     82,  84,  85,  86,  87,  88,  89,  90,  91,  96,  97,  98,  99, 100, 101, 105,
    106, 107, 108, 109, 110, 111, 125, 126, 131, 137, 138, 139, 140, 143, 147, 148,
    149, 150, 151, 152, 153, 154, 155, 156, 158, 159, 160, 161, 162, 163, 166, 167,
    168,  23,  25,  28,  34,  35,  36,  37,  42,  47,  54,  55,  58,  59,  61,  62,
     79,  81,  84,  85,  86,  87,  88, 105, 106, 112, 113, 128, 129, 134, 135, 136,
    137, 138, 141, 147, 148, 149, 150, 151, 152, 155, 160, 163,   0,   3,   7,   8,
      9,  10,  15,  16,  17,  21,  22,  23,  24,  25,  27,  28,  31,  36,  42,  44,
     45,  46,  47,  48,  49,  50,  51,  53,  54,  55,  56,  57,  58,  59,  60,  61,
     62,  71,  76,  79,  81,  82,  83,  84,  85,  86,  87,  88,  89,  90,  91,  92,
     93,  94,  95,  96,  97,  98,  99, 100, 101, 102, 103, 104, 105, 106, 107, 108,
    109, 110, 111, 112, 113, 114, 116, 117, 118, 119, 120, 121, 122, 125, 126, 127,
    128, 129, 130, 132, 133, 134, 135, 136, 137, 138, 139, 140, 141, 142, 143, 144,
    145, 146, 147, 148, 149, 150, 151, 152, 153, 154, 155, 156, 157, 158, 159, 160,
    161, 162, 164, 165, 168,   3,   7,   8,   9,  10,  11,  13,  14,  15,  16,  17,
     19,  21,  22,  24,  25,  27,  28,  29,  42,  43,  44,  45,  46,  47,  48,  49,
     51,  52,  53,  54,  55,  56,  57,  58,  59,  60,  61,  62,  71,  76,  79,  81,
     82,  83,  84,  85,  86,  87,  88,  89,  90,  91,  92,  93,  94,  95,  96,  97,
     98,  99, 100, 101, 102, 103, 104, 105, 106, 107, 108, 109, 110, 111, 112, 113,
    114, 116, 117, 118, 119, 120, 122, 125, 126, 127, 128, 129, 130, 132, 133, 134,
    135, 136, 137, 138, 139, 140, 141, 142, 143, 144, 145, 146, 147, 148, 149, 150,
    151, 152, 153, 154, 155, 156, 157, 158, 159, 160, 161, 164, 165,   0,   1,   2,
      3,   6,   7,   8,   9,  10,  11,  13,  14,  15,  16,  17,  19,  20,  21,  22,
     23,  24,  25,  27,  28,  31,  38,  39,  40,  42,  43,  44,  45,  46,  47,  48,
     49,  51,  52,  53,  54,  55,  56,  57,  58,  59,  60,  61,  62,  65,  69,  71,
     76,  79,  81,  82,  83,  84,  85,  86,  87,  88,  89,  90,  91,  92,  93,  94,
     95,  96,  97,  98,  99, 100, 101, 102, 103, 104, 105, 106, 107, 108, 109, 110,
    111, 112, 113, 114, 117, 118, 119, 120, 122, 123, 124, 125, 126, 127, 128, 129,
    130, 132, 133, 134, 135, 136, 137, 138, 139, 140, 141, 142, 143, 144, 145, 146,
    147, 148, 149, 150, 151, 152, 153, 154, 155, 156, 157, 158, 159, 160, 161, 164,
    165, 167, 168,   0,   1,   2,   3,   7,   8,   9,  10,  11,  13,  14,  15,  16,
     17,  19,  21,  22,  23,  24,  25,  27,  28,  31,  38,  39,  40,  42,  43,  44,
     45,  46,  47,  48,  49,  51,  52,  53,  54,  55,  56,  57,  58,  59,  60,  61,
     62,  65,  69,  71,  76,  79,  81,  82,  83,  84,  85,  86,  87,  88,  89,  90,
     91,  92,  93,  94,  95,  96,  97,  98,  99, 100, 101, 102, 103, 104, 105, 106,
    107, 108, 109, 110, 111, 112, 113, 114, 116, 117, 118, 119, 120, 122, 124, 125,
    126, 127, 128, 129, 130, 132, 133, 134, 135, 136, 137, 138, 139, 140, 141, 142,
    143, 144, 145, 146, 147, 148, 149, 150, 151, 152, 153, 154, 155, 156, 157, 158,
    159, 160, 161, 164, 165, 167, 168,   0,   3,   6,   8,  10,  11,  14,  15,  16,
     17,  18,  19,  20,  24,  27,  31,  32,  34,  42,  44,  45,  47,  54,  55,  56,
     57,  58,  59,  61,  69,  70,  71,  72,  76,  78,  81,  82,  84,  85,  86,  87,
     88,  89,  90,  91,  92,  96,  97,  98,  99, 100, 101, 102, 103, 105, 106, 107,
    108, 109, 110, 111, 112, 113, 123, 124, 125, 126, 128, 129, 130, 131, 132, 133,
    136, 137, 138, 139, 140, 141, 143, 144, 146, 147, 148, 149, 150, 151, 152, 153,
    154, 155, 156, 158, 159, 160, 161, 162, 163, 166, 167, 168,   0,   2,   3,   7,
      8,   9,  10,  11,  12,  13,  14,  15,  16,  17,  19,  20,  21,  22,  23,  24,
     25,  27,  28,  31,  40,  42,  43,  44,  45,  46,  47,  48,  49,  50,  51,  52,
     53,  54,  55,  56,  57,  58,  59,  60,  61,  62,  65,  69,  71,  76,  79,  81,
     82,  83,  84,  85,  86,  87,  88,  89,  90,  91,  92,  93,  94,  96,  97,  98,
     99, 100, 101, 102, 103, 104, 105, 106, 107, 108, 109, 110, 111, 112, 113, 114,
    116, 117, 118, 119, 120, 121, 122, 125, 126, 127, 128, 129, 130, 132, 133, 134,
    135, 136, 137, 138, 139, 140, 141, 142, 143, 144, 145, 146, 147, 148, 149, 150,
    151, 152, 153, 154, 155, 156, 157, 158, 159, 160, 161, 164, 165, 168,   6,  25,
     27,  32,  34,  35,  37,  38,  42,  46,  47,  50,  54,  56,  57,  58,  59,  61,
     62,  72,  82,  83,  84,  85,  86,  87,  88, 102, 103, 105, 106, 112, 113, 121,
    130, 131, 132, 133, 134, 135, 136, 137, 138, 141, 146, 147, 148, 149, 150, 151,
    152, 160, 162, 166, 167,   0,   2,   3,   4,   6,   8,  11,  15,  17,  27,  28,
     34,  35,  37,  42,  43,  44,  45,  56,  57,  58,  59,  61,  69,  71,  79,  82,
     84,  85,  86,  87,  88,  89,  90,  91,  92,  95,  97,  98,  99, 100, 101, 102,
    103, 104, 105, 106, 107, 108, 109, 110, 111, 118, 125, 126, 130, 132, 133, 137,
    138, 139, 140, 141, 143, 144, 146, 147, 148, 149, 150, 151, 152, 153, 154, 155,
    156, 158, 159, 160, 161,   0,  18,  25,  32,  33,  34,  35,  37,  39,  56,  58,
     59,  61,  81, 130, 131, 132, 160,   8, 161,   0,   7,  22,  47,  50,  54, 104,
    112, 113, 121, 136,   2,   6,   8,  23,  27,  28,  32,  33,  34,  35,  36,  37,
     39,  52,  58,  59,  60,  61,  70,  71,  72,  76,  78,  82, 131, 160, 161, 162,
    163, 166, 167,   2,   3,   5,   6,   7,   9,  23,  25,  26,  28,  29,  30,  31,
     32,  33,  34,  35,  36,  37,  38,  39,  40,  58,  59,  60,  61,  62,  65,  72,
     79, 115, 131, 134, 135, 160, 162, 163, 164, 165, 166, 167,   2,   5,   6,   8,
     23,  26,  30,  32,  33,  34,  35,  36,  37,  38,  39,  44,  45,  60,  61,  71,
     76,  78,  89,  90,  91,  96,  97,  98,  99, 100, 101, 107, 108, 109, 110, 111,
    115, 125, 126, 131, 139, 140, 143, 153, 154, 155, 156, 158, 159, 160, 161, 162,
    163, 166,   2,   3,   6,   8,  23,  27,  32,  33,  34,  35,  37,  39,  44,  50,
     58,  59,  61,  71,  72,  76,  78,  79,  82,  89,  90,  91,  97,  98,  99, 100,
    101, 107, 108, 109, 110, 111, 121, 125, 126, 131, 139, 140, 141, 143, 153, 154,
    155, 156, 158, 159, 160, 161, 162, 163, 166, 167,   2,   5,   6,  23,  25,  26,
     29,  30,  32,  33,  34,  35,  36,  37,  38,  39,  58,  59,  60,  61,  79, 115,
    131, 160, 162, 163, 166, 167,   0,   1,   2,   5,   6,   7,   8,   9,  23,  25,
     26,  27,  28,  29,  30,  31,  32,  33,  34,  35,  36,  37,  38,  39,  40,  42,
     44,  45,  47,  48,  49,  50,  51,  52,  55,  56,  64,  65,  69,  70,  71,  72,
     74,  75,  76,  77,  78,  82,  84,  85,  86,  87,  88,  89,  90,  91,  92,  94,
     95,  96,  97,  98,  99, 100, 101, 102, 103, 104, 105, 107, 108, 109, 110, 111,
    112, 113, 114, 115, 116, 117, 118, 121, 122, 124, 125, 126, 127, 128, 129, 130,
    131, 132, 133, 135, 136, 137, 138, 139, 140, 141, 142, 143, 144, 145, 146, 147,
    148, 149, 150, 151, 152, 153, 154, 155, 156, 157, 158, 159, 160, 161, 162, 163,
    164, 165, 166, 167, 168, 170, 171,   3,   7,   8,   9,  23,  25,  26,  27,  28,
     29,  30,  31,  32,  33,  34,  35,  37,  38,  39,  41,  42,  44,  45,  55,  58,
     59,  71,  76,  82,  84,  85,  86,  87,  88,  89,  90,  91,  96,  97,  98,  99,
    100, 101, 105, 106, 107, 108, 109, 110, 111, 115, 124, 125, 126, 128, 129, 131,
    137, 138, 139, 140, 143, 147, 148, 149, 150, 151, 152, 153, 154, 155, 156, 158,
    159, 161, 162, 164, 165, 166, 168, 171,   2,   3,   6,   8,  23,  27,  32,  33,
     34,  35,  37,  39,  58,  59,  61,  70,  71,  72,  76,  78,  82, 131, 160, 161,
    162, 163, 166, 167,   3,   6,   8,  23,  27,  32,  33,  34,  37,  39,  58,  59,
     61,  71,  76,  79,  82, 131, 141, 160, 161, 162, 163, 166, 167,   3,  79, 141,
      2,   6,   8,  10,  23,  27,  32,  33,  34,  35,  37,  39,  42,  44,  45,  47,
     55,  56,  57,  58,  59,  61,  70,  71,  72,  76,  78,  82,  84,  85,  86,  87,
     88,  89,  90,  91,  96,  97,  98,  99, 100, 101, 102, 103, 105, 106, 107, 108,
    109, 110, 111, 112, 113, 124, 125, 126, 128, 129, 130, 131, 132, 133, 136, 137,
    138, 139, 140, 143, 146, 147, 148, 149, 150, 151, 152, 153, 154, 155, 156, 158,
    159, 160, 161, 162, 163, 166, 167, 168,   2,   3,   6,   8,  23,  27,  32,  33,
     34,  35,  37,  39,  58,  59,  61,  70,  71,  76,  79,  82, 131, 141, 155, 160,
    161, 162, 163, 166, 167,   2,   5,   6,  23,  25,  26,  28,  29,  30,  32,  33,
     34,  35,  36,  37,  38,  39,  40,  58,  59,  60,  61,  65,  72,  79, 115, 131,
    160, 162, 163, 166, 167,   2,   3,  23,  26,  29,  30,  32,  33,  34,  35,  36,
     37,  38,  39,  41,  50,  71,  79, 115, 121, 131, 166,   0,   3,   5,   7,   8,
      9,  10,  23,  25,  26,  28,  29,  30,  31,  32,  33,  34,  35,  36,  37,  38,
     40,  42,  44,  45,  47,  48,  49,  51,  52,  53,  55,  65,  71,  76,  84,  85,
     86,  87,  88,  89,  90,  91,  92,  93,  94,  95,  96,  97,  98,  99, 100, 101,
    104, 105, 106, 107, 108, 109, 110, 111, 112, 113, 114, 115, 116, 117, 118, 119,
    120, 122, 124, 125, 126, 127, 128, 129, 131, 136, 137, 138, 139, 140, 141, 142,
    143, 144, 145, 147, 148, 149, 150, 151, 152, 153, 154, 155, 156, 157, 158, 159,
    161, 162, 163, 164, 165, 166, 171,   2,   5,   6,   7,   9,  23,  25,  26,  27,
     29,  30,  32,  33,  34,  35,  36,  37,  38,  39,  40,  48,  51,  55,  57,  58,
     59,  60,  61,  62,  79,  82, 102, 103, 104, 114, 115, 122, 128, 129, 131, 133,
    134, 135, 146, 160, 162, 163, 164, 165, 166, 167,   7,   8,   9,  23,  26,  27,
     29,  30,  31,  32,  33,  34,  35,  37,  38,  42,  44,  45,  48,  51,  60,  71,
     76,  82,  84,  85,  86,  87,  88,  89,  90,  91,  96,  97,  98,  99, 100, 101,
    104, 105, 106, 107, 108, 109, 110, 111, 114, 115, 122, 124, 125, 126, 131, 137,
    138, 139, 140, 143, 147, 148, 149, 150, 151, 152, 153, 154, 155, 156, 158, 159,
    161, 164, 165, 166, 168,   2,   3,   5,   6,   8,  23,  27,  32,  33,  34,  35,
     37,  39,  58,  59,  61,  71,  72,  76,  78,  79,  82, 131, 160, 161, 162, 163,
    166, 167,   0,   3,   5,   7,   8,   9,  10,  23,  24,  25,  26,  27,  28,  29,
     30,  31,  32,  33,  34,  35,  36,  37,  38,  40,  42,  43,  44,  45,  47,  48,
     51,  52,  55,  62,  65,  71,  76,  79,  82,  84,  85,  86,  87,  88,  89,  90,
     91,  96,  97,  98,  99, 100, 101, 104, 105, 106, 107, 108, 109, 110, 111, 112,
    113, 114, 115, 122, 124, 125, 126, 128, 129, 131, 134, 135, 136, 137, 138, 139,
    140, 143, 147, 148, 149, 150, 151, 152, 153, 154, 155, 156, 158, 159, 161, 164,
    165, 166, 168,   0,   3,   5,   7,   8,   9,  23,  25,  26,  28,  29,  30,  32,
     33,  34,  35,  36,  37,  38,  40,  42,  43,  44,  45,  47,  48,  51,  52,  55,
     62,  65,  71,  76,  84,  85,  86,  87,  88,  89,  90,  91,  96,  97,  98,  99,
    100, 101, 104, 105, 106, 107, 108, 109, 110, 111, 112, 113, 114, 115, 122, 124,
    125, 126, 128, 129, 131, 134, 135, 136, 137, 138, 139, 140, 143, 147, 148, 149,
    150, 151, 152, 153, 154, 155, 156, 158, 159, 161, 164, 165, 166, 168, 171,   8,
     23,  27,  32,  33,  34,  35,  37,  39,  42,  44,  45,  47,  54,  55,  56,  71,
     76,  82,  84,  85,  86,  87,  88,  89,  90,  91,  96,  97,  98,  99, 100, 101,
    105, 106, 107, 108, 109, 110, 111, 112, 113, 124, 125, 126, 128, 129, 130, 131,
    132, 136, 137, 138, 139, 140, 143, 147, 148, 149, 150, 151, 152, 153, 154, 155,
    156, 158, 159, 161, 166, 168,   0,   3,   5,   7,   8,   9,  10,  23,  25,  26,
     27,  28,  29,  30,  31,  32,  33,  34,  35,  36,  37,  38,  40,  42,  43,  44,
     45,  47,  48,  51,  52,  55,  62,  65,  71,  76,  79,  82,  84,  85,  86,  87,
     88,  89,  90,  91,  96,  97,  98,  99, 100, 101, 104, 105, 106, 107, 108, 109,
    110, 111, 112, 113, 114, 115, 122, 124, 125, 126, 128, 129, 131, 134, 135, 136,
    137, 138, 139, 140, 143, 147, 148, 149, 150, 151, 152, 153, 154, 155, 156, 158,
    159, 161, 164, 165, 166, 168, 171,   5,   8,  23,  26,  27,  29,  30,  32,  33,
     34,  35,  36,  37,  38,  39,  60,  61,  71,  76,  82, 115, 131, 160, 161, 166,
    168,   2,   3,   4,   6,   8,   9,  11,  15,  17,  27,  28,  34,  35,  37,  42,
     43,  44,  45,  56,  57,  58,  59,  61,  69,  71,  79,  82,  84,  85,  86,  87,
     88,  89,  90,  91,  92,  95,  96,  97,  98,  99, 100, 101, 102, 103, 104, 105,
    106, 107, 108, 109, 110, 111, 118, 125, 126, 130, 132, 133, 137, 138, 139, 140,
    141, 143, 144, 146, 147, 148, 149, 150, 151, 152, 153, 154, 155, 156, 158, 159,
    160, 161, 164, 165,   2,   5,   6,   7,   9, 162, 163, 164, 165, 169,   2,   6,
     32,  33,  34,  35,  37,  50, 121, 131, 162, 163, 169,  18,  11,  13,  14,  15,
     16,  17,  19,   5,   7,   9,  25,  28,  34,  35,  36,  37,  40,  65,  81, 164,
    165,   5,  40,  65,   2,   3,   5,   6,   8,  23,  26,  27,  29,  30,  32,  33,
     34,  35,  37,  40,  42,  43,  44,  45,  47,  48,  50,  51,  52,  54,  56,  65,
     71,  74,  77,  82,  84,  85,  86,  87,  88,  89,  90,  91,  96,  97,  98,  99,
    100, 101, 104, 105, 106, 107, 108, 109, 110, 111, 112, 113, 114, 115, 121, 122,
    123, 124, 125, 126, 130, 131, 132, 136, 137, 138, 139, 140, 143, 147, 148, 149,
    150, 151, 152, 153, 154, 155, 156, 158, 159, 161, 162, 163, 170,   0,   5,   7,
      9,  25,  28,  29,  36,  37,  40,  44,  45,  71,  81,  89,  90,  91,  94,  95,
     96,  97,  98,  99, 100, 101, 107, 108, 109, 110, 111, 116, 121, 125, 126, 139,
    140, 141, 142, 143, 153, 154, 155, 156, 158, 159, 164, 165,  12,  15,  16,  17,
     61, 160,   7,   9,  12,  13,  14,  18,  20,  21,  22,  25,  26,  28,  29,  30,
     32,  33,  34,  35,  36,  37,  38,  42,  46,  48,  49,  50,  51,  52,  53,  54,
     56,  57,  58,  59,  60,  61,  62,  81,  83,  84,  85,  86,  87,  88,  92,  93,
     94,  95, 102, 103, 104, 105, 106, 114, 115, 116, 117, 118, 119, 120, 121, 122,
    127, 130, 131, 132, 133, 134, 135, 137, 138, 141, 142, 144, 145, 146, 147, 148,
    149, 150, 151, 152, 157, 160, 164, 165,   5,   1,   2,   3,   5,   6,   7,   9,
     21,  22,  23,  25,  26,  28,  29,  30,  32,  33,  34,  35,  36,  37,  38,  40,
     42,  43,  46,  48,  49,  50,  51,  52,  53,  54,  55,  56,  57,  58,  59,  60,
     61,  62,  65,  66,  72,  79,  80,  81,  83,  84,  85,  86,  87,  88,  92,  93,
     94,  95, 102, 103, 104, 105, 106, 114, 115, 116, 117, 118, 119, 120, 121, 122,
    127, 128, 129, 130, 131, 132, 133, 134, 135, 137, 138, 141, 142, 144, 145, 146,
    147, 148, 149, 150, 151, 152, 157, 160, 162, 163, 164, 165, 169,   0,   2,   6,
      9,  21,  22,  25,  26,  27,  28,  29,  30,  31,  32,  33,  34,  35,  36,  37,
     38,  42,  43,  44,  45,  46,  47,  48,  49,  50,  51,  52,  53,  55,  56,  57,
     58,  59,  60,  61,  62,  71,  79,  81,  82,  83,  84,  85,  86,  87,  88,  89,
     90,  91,  92,  93,  94,  95,  96,  97,  98,  99, 100, 101, 102, 103, 104, 105,
    106, 107, 108, 109, 110, 111, 112, 113, 114, 115, 116, 117, 118, 119, 120, 121,
    122, 123, 124, 125, 126, 127, 128, 129, 130, 131, 132, 133, 134, 135, 136, 137,
    138, 139, 140, 141, 142, 143, 144, 145, 146, 147, 148, 149, 150, 151, 152, 153,
    154, 155, 156, 157, 158, 159, 160, 162, 163, 164, 165, 169,   3,   5,   7,   9,
     12,  23,  25,  26,  28,  29,  30,  32,  33,  34,  35,  36,  37,  38,  40,  42,
     48,  51,  52,  58,  60,  61,  65,  79,  81,  84,  85,  86,  87,  88, 104, 105,
    106, 114, 115, 122, 124, 131, 137, 138, 147, 148, 149, 150, 151, 152, 160, 164,
    165, 166,   3,   5,   7,   8,   9,  10,  23,  25,  26,  28,  29,  30,  32,  33,
     34,  35,  36,  37,  38,  40,  42,  43,  45,  48,  51,  52,  58,  59,  60,  61,
     65,  71,  76,  79,  81,  84,  85,  86,  87,  88, 104, 105, 106, 114, 115, 122,
    131, 137, 138, 147, 148, 149, 150, 151, 152, 160, 161, 164, 165, 166,   2,   3,
      5,   6,  23,  25,  26,  27,  29,  30,  32,  33,  34,  35,  36,  37,  38,  39,
     46,  50,  54,  56,  57,  58,  59,  60,  61,  62,  70,  72,  79,  82,  83, 102,
    103, 115, 121, 130, 131, 132, 133, 134, 135, 146, 160, 162, 163, 166, 167,   2,
      6,   8,  23,  27,  28,  32,  33,  34,  35,  36,  37,  39,  52,  58,  59,  60,
     61,  70,  71,  72,  76,  78,  82, 131, 160, 161, 162, 163, 166, 167,   2,   6,
      8,  23,  27,  28,  32,  33,  34,  35,  36,  37,  39,  52,  58,  59,  60,  61,
     70,  71,  72,  76,  78,  82, 131, 160, 161, 162, 163, 166, 167,   2,   5,   6,
     23,  25,  26,  29,  30,  32,  33,  34,  35,  36,  37,  38,  39,  58,  59,  60,
     61,  79, 115, 131, 160, 162, 163, 166, 167,   2,   5,   6,  23,  25,  26,  29,
     30,  32,  33,  34,  35,  36,  37,  38,  39,  58,  59,  60,  61,  79, 115, 131,
    160, 162, 163, 166, 167,   2,   5,   6,  23,  25,  26,  29,  30,  32,  33,  34,
     35,  36,  37,  38,  39,  58,  59,  60,  61,  79, 115, 131, 160, 162, 163, 166,
    167,   1,   2,   3,   5,   6,   8,  23,  27,  32,  33,  34,  37,  39,  40,  43,
     48,  51,  52,  58,  59,  61,  65,  71,  76,  79,  82,  92,  95, 104, 114, 122,
    131, 141, 160, 161, 162, 163, 166, 167,   2,   3,   6,   8,  23,  27,  32,  33,
     34,  37,  39,  58,  59,  61,  71,  72,  76,  79,  82,  94, 131, 141, 160, 161,
    162, 166, 167,   2,   3,   6,   8,  23,  27,  32,  33,  34,  37,  39,  43,  48,
     51,  52,  58,  59,  61,  71,  72,  76,  79,  82,  92, 104, 114, 122, 131, 141,
    160, 161, 163, 166, 167,   2,   3,   5,   6,   7,   9,  23,  25,  26,  28,  29,
     30,  32,  33,  34,  35,  36,  37,  38,  39,  40,  58,  59,  60,  61,  65,  79,
    115, 131, 160, 162, 164, 165, 166,   2,   5,   6,  23,  25,  26,  28,  29,  30,
     32,  33,  34,  35,  36,  37,  38,  39,  40,  58,  59,  60,  61,  65,  72,  79,
    115, 131, 160, 162, 163, 166, 167,   2,   5,   6,  23,  25,  26,  28,  29,  30,
     32,  33,  34,  35,  36,  37,  38,  39,  40,  58,  59,  60,  61,  65,  72,  79,
    115, 131, 160, 162, 163, 166, 167,   0,   2,   3,   6,   8,  10,  11,  15,  17,
     18,  19,  20,  23,  24,  27,  28,  31,  32,  33,  34,  35,  37,  39,  42,  44,
     45,  47,  50,  54,  55,  56,  57,  58,  59,  61,  69,  70,  71,  72,  76,  78,
     82,  84,  85,  86,  87,  88,  89,  90,  91,  96,  97,  98,  99, 100, 101, 102,
    103, 105, 106, 107, 108, 109, 110, 111, 112, 113, 121, 123, 124, 125, 126, 128,
    129, 130, 131, 132, 133, 136, 137, 138, 139, 140, 143, 146, 147, 148, 149, 150,
    151, 152, 153, 154, 155, 156, 158, 159, 160, 161, 162, 163, 166, 167, 168,   2,
      6,   7,   8,  23,  27,  28,  32,  33,  34,  35,  36,  37,  39,  47,  50,  52,
     58,  59,  60,  61,  70,  71,  72,  76,  78,  82, 112, 113, 121, 131, 136, 160,
    161, 162, 163, 166, 167,   2,   5,   6,   8,  23,  26,  30,  32,  33,  34,  35,
     36,  37,  38,  39,  44,  45,  60,  61,  71,  76,  78,  89,  90,  91,  96,  97,
     98,  99, 100, 101, 107, 108, 109, 110, 111, 115, 125, 126, 131, 139, 140, 143,
    153, 154, 155, 156, 158, 159, 160, 161, 162, 163, 166,   2,   5,   6,   8,  23,
     26,  30,  32,  33,  34,  35,  36,  37,  38,  39,  44,  45,  60,  61,  71,  76,
     78,  89,  90,  91,  96,  97,  98,  99, 100, 101, 107, 108, 109, 110, 111, 115,
    125, 126, 131, 139, 140, 143, 153, 154, 155, 156, 158, 159, 160, 161, 162, 163,
    166,   0,   1,   2,   5,   6,   7,   8,   9,  23,  40,  43,  44,  45,  48,  49,
     50,  51,  52,  56,  57,  58,  59,  60,  61,  65,  71,  72,  79,  89,  90,  91,
     92,  93,  94,  95,  97,  98,  99, 100, 101, 102, 103, 104, 107, 108, 109, 110,
    111, 114, 116, 117, 118, 119, 120, 121, 122, 125, 126, 130, 132, 133, 135, 139,
    140, 141, 142, 143, 146, 153, 154, 155, 156, 157, 158, 159, 160, 161, 162, 163,
    164, 165,   2,   3,   6,   8,  27,  32,  33,  34,  35,  37,  39,  44,  50,  58,
     59,  61,  71,  72,  76,  78,  79,  82,  89,  90,  91,  97,  98,  99, 100, 101,
    107, 108, 109, 110, 111, 116, 121, 125, 126, 131, 139, 140, 141, 143, 153, 154,
    155, 156, 158, 159, 160, 161, 162, 163, 166, 167,   2,   5,   6,  23,  25,  26,
     29,  30,  32,  33,  34,  35,  36,  37,  38,  39,  58,  59,  60,  61,  79, 115,
    131, 160, 162, 163, 166, 167,   3,   7,   8,   9,  23,  25,  26,  27,  28,  29,
     30,  31,  32,  33,  34,  35,  36,  37,  38,  39,  41,  42,  44,  45,  55,  58,
     59,  71,  76,  82,  84,  85,  86,  87,  88,  89,  90,  91,  96,  97,  98,  99,
    100, 101, 105, 106, 107, 108, 109, 110, 111, 115, 124, 125, 126, 128, 129, 131,
    137, 138, 139, 140, 143, 147, 148, 149, 150, 151, 152, 153, 154, 155, 156, 158,
    159, 161, 162, 164, 165, 166, 168, 171,   2,   3,   6,   8,  23,  27,  32,  33,
     34,  37,  39,  40,  43,  48,  51,  58,  59,  61,  65,  71,  76,  79,  82, 104,
    114, 122, 131, 141, 160, 161, 162, 163, 166, 167,   2,   3,   8,  27,  32,  33,
     34,  37,  39,  43,  58,  59,  61,  71,  72,  76,  79,  82, 131, 141, 160, 161,
    162, 166, 167,   2,   3,   5,   6,   8,  23,  27,  32,  33,  34,  37,  39,  40,
     43,  48,  51,  52,  58,  59,  61,  65,  71,  76,  79,  82, 104, 114, 122, 131,
    141, 160, 161, 162, 166, 167,   2,   3,   6,  23,  72,  79, 141, 162, 163,   0,
      3,   6,   8,  10,  11,  14,  15,  16,  17,  19,  20,  24,  27,  28,  31,  32,
     33,  34,  35,  37,  42,  44,  45,  47,  54,  55,  56,  57,  58,  59,  60,  61,
     69,  70,  71,  72,  76,  78,  82,  84,  85,  86,  87,  88,  89,  90,  91,  96,
     97,  98,  99, 100, 101, 102, 103, 105, 106, 107, 108, 109, 110, 111, 112, 113,
    123, 124, 125, 126, 128, 129, 130, 131, 132, 133, 136, 137, 138, 139, 140, 141,
    143, 146, 147, 148, 149, 150, 151, 152, 153, 154, 155, 156, 158, 159, 160, 161,
    162, 166, 167, 168,   0,   2,   6,   8,  10,  23,  27,  32,  33,  34,  35,  37,
     39,  42,  44,  45,  47,  55,  56,  57,  58,  59,  61,  70,  71,  72,  76,  78,
     82,  84,  85,  86,  87,  88,  89,  90,  91,  96,  97,  98,  99, 100, 101, 102,
    103, 105, 106, 107, 108, 109, 110, 111, 112, 113, 124, 125, 126, 128, 129, 130,
    131, 132, 133, 136, 137, 138, 139, 140, 143, 146, 147, 148, 149, 150, 151, 152,
    153, 154, 155, 156, 158, 159, 160, 161, 162, 163, 166, 167, 168,   0,   2,   6,
      7,   9,  12,  18,  20,  21,  22,  23,  27,  32,  33,  34,  35,  36,  37,  38,
     39,  50,  54,  56,  57,  58,  59,  61,  62,  70,  72,  78,  82, 102, 103, 121,
    130, 131, 132, 133, 134, 135, 146, 160, 162, 163, 164, 165, 166, 167,   0,   1,
      2,   5,   6,   8,  23,  40,  43,  46,  48,  49,  50,  51,  52,  53,  54,  56,
     57,  58,  59,  60,  61,  62,  65,  69,  71,  72,  79,  83,  92,  93,  94,  95,
    102, 103, 104, 108, 114, 116, 117, 118, 119, 120, 121, 122, 127, 129, 130, 132,
    133, 134, 135, 141, 142, 144, 145, 146, 157, 160, 161, 162, 163,   3,   8,  23,
     71, 161,   2,   5,   6,  23,  25,  26,  28,  29,  30,  32,  33,  34,  35,  36,
     37,  38,  39,  40,  58,  59,  60,  61,  65,  72,  79, 115, 131, 160, 162, 163,
    166, 167,   0,   2,   3,   5,   7,   8,   9,  10,  23,  25,  26,  28,  29,  30,
     31,  32,  33,  34,  35,  36,  37,  38,  40,  42,  44,  45,  47,  48,  49,  51,
     52,  53,  55,  65,  71,  76,  84,  85,  86,  87,  88,  89,  90,  91,  92,  93,
     94,  95,  96,  97,  98,  99, 100, 101, 104, 105, 106, 107, 108, 109, 110, 111,
    112, 113, 114, 115, 116, 117, 118, 119, 120, 122, 124, 125, 126, 127, 128, 129,
    131, 136, 137, 138, 139, 140, 141, 142, 143, 144, 145, 147, 148, 149, 150, 151,
    152, 153, 154, 155, 156, 157, 158, 159, 161, 162, 163, 164, 165, 166, 171,   0,
      3,   5,   7,   8,   9,  10,  23,  25,  26,  28,  29,  30,  31,  32,  33,  34,
     35,  36,  37,  38,  40,  42,  44,  45,  47,  48,  49,  51,  52,  53,  55,  65,
     71,  76,  84,  85,  86,  87,  88,  89,  90,  91,  92,  93,  94,  95,  96,  97,
     98,  99, 100, 101, 104, 105, 106, 107, 108, 109, 110, 111, 112, 113, 114, 115,
    116, 117, 118, 119, 120, 122, 124, 125, 126, 127, 128, 129, 131, 136, 137, 138,
    139, 140, 141, 142, 143, 144, 145, 147, 148, 149, 150, 151, 152, 153, 154, 155,
    156, 157, 158, 159, 161, 162, 163, 164, 165, 166, 171,   2,   5,   6,   7,   9,
     23,  25,  26,  27,  29,  30,  32,  33,  34,  35,  36,  37,  38,  39,  40,  48,
     51,  55,  57,  58,  59,  60,  61,  62,  79,  82, 102, 103, 104, 114, 115, 122,
    128, 129, 131, 133, 134, 135, 146, 160, 162, 163, 164, 165, 166, 167,   2,   5,
      6,   7,   9,  23,  25,  26,  27,  29,  30,  32,  33,  34,  35,  36,  37,  38,
     39,  40,  48,  51,  55,  57,  58,  59,  60,  61,  62,  79,  82, 102, 103, 104,
    114, 115, 122, 128, 129, 131, 133, 134, 135, 146, 160, 162, 163, 164, 165, 166,
    167,   2,   5,   7,   8,   9,  23,  26,  27,  29,  30,  31,  32,  33,  34,  35,
     37,  38,  40,  42,  43,  44,  45,  48,  51,  52,  58,  60,  61,  65,  71,  76,
     82,  84,  85,  86,  87,  88,  89,  90,  91,  96,  97,  98,  99, 100, 101, 104,
    105, 106, 107, 108, 109, 110, 111, 114, 115, 122, 124, 125, 126, 131, 137, 138,
    139, 140, 143, 147, 148, 149, 150, 151, 152, 153, 154, 155, 156, 158, 159, 160,
    161, 162, 163, 164, 165, 166, 168,   0,   3,   7,   8,   9,  10,  15,  16,  17,
     21,  22,  23,  24,  25,  27,  28,  31,  36,  42,  44,  45,  46,  47,  48,  49,
     50,  51,  53,  54,  55,  56,  57,  58,  59,  60,  61,  62,  71,  76,  79,  81,
     82,  83,  84,  85,  86,  87,  88,  89,  90,  91,  92,  93,  94,  95,  96,  97,
     98,  99, 100, 101, 102, 103, 104, 105, 106, 107, 108, 109, 110, 111, 112, 113,
    114, 116, 117, 118, 119, 120, 121, 122, 125, 126, 127, 128, 129, 130, 132, 133,
    134, 135, 136, 137, 138, 139, 140, 141, 142, 143, 144, 145, 146, 147, 148, 149,
    150, 151, 152, 153, 154, 155, 156, 157, 158, 159, 160, 161, 162, 164, 165, 168,
      7,   8,   9,  23,  26,  27,  29,  30,  31,  32,  33,  34,  35,  37,  38,  42,
     44,  45,  48,  51,  60,  71,  76,  82,  84,  85,  86,  87,  88,  89,  90,  91,
     96,  97,  98,  99, 100, 101, 104, 105, 106, 107, 108, 109, 110, 111, 114, 115,
    122, 124, 125, 126, 131, 137, 138, 139, 140, 143, 147, 148, 149, 150, 151, 152,
    153, 154, 155, 156, 158, 159, 161, 164, 165, 166, 168,   2,   3,   5,   6,   8,
     23,  27,  32,  33,  34,  35,  37,  39,  58,  59,  61,  71,  72,  76,  78,  79,
     82, 131, 160, 161, 162, 163, 166, 167,   3,   7,   9,  23,  25,  26,  28,  29,
     30,  34,  36,  37,  42,  60,  71,  79,  84,  85,  86,  87,  88, 105, 106, 115,
    137, 138, 147, 148, 149, 150, 151, 152, 164, 165,   5,   7,   9,  60,  79, 164,
    165,   0,   1,   2,   3,   5,   6,   7,   8,   9,  21,  22,  23,  25,  26,  27,
     28,  30,  32,  33,  34,  35,  36,  37,  38,  40,  42,  43,  44,  45,  46,  47,
     48,  51,  52,  53,  54,  55,  56,  57,  58,  59,  60,  61,  62,  65,  69,  71,
     79,  82,  83,  84,  85,  86,  87,  88,  89,  90,  91,  97,  98,  99, 100, 101,
    102, 103, 104, 105, 106, 107, 108, 109, 110, 111, 112, 113, 114, 115, 122, 125,
    126, 127, 128, 129, 130, 131, 132, 133, 134, 135, 136, 137, 138, 139, 140, 143,
    144, 145, 146, 147, 148, 149, 150, 151, 152, 153, 154, 155, 156, 157, 158, 159,
    160, 161, 163, 164, 165,   1,   2,   5,   6,   8,  23,  40,  56,  58,  59,  60,
     61,  65,  71,  72, 130, 132, 160, 161, 162, 163,   3,   6,   8,  23,  27,  32,
     33,  34,  37,  39,  58,  59,  61,  71,  76,  79,  82, 131, 141, 160, 161, 162,
    163, 166, 167,   2,   3,   6,   8,  23,  27,  32,  33,  34,  37,  39,  58,  59,
     61,  71,  72,  76,  79,  82, 131, 141, 160, 161, 166, 167,   0,   3,   5,   7,
      8,   9,  10,  23,  25,  26,  28,  29,  30,  31,  32,  33,  34,  35,  36,  37,
     38,  40,  42,  44,  45,  47,  48,  49,  51,  52,  53,  55,  65,  71,  76,  84,
     85,  86,  87,  88,  89,  90,  91,  92,  93,  94,  95,  96,  97,  98,  99, 100,
    101, 104, 105, 106, 107, 108, 109, 110, 111, 112, 113, 114, 115, 116, 117, 118,
    119, 120, 122, 124, 125, 126, 127, 128, 129, 131, 136, 137, 138, 139, 140, 141,
    142, 143, 144, 145, 147, 148, 149, 150, 151, 152, 153, 154, 155, 156, 157, 158,
    159, 161, 162, 163, 164, 165, 166, 171,   2,   5,   6,   8,  23,  27,  28,  32,
     33,  34,  35,  36,  37,  39,  40,  52,  58,  59,  60,  61,  65,  70,  71,  72,
     76,  78,  82, 131, 160, 161, 162, 163, 166, 167,   2,   5,   6,   8,  23,  27,
     28,  32,  33,  34,  35,  36,  37,  39,  40,  43,  48,  51,  52,  58,  59,  60,
     61,  65,  70,  71,  72,  76,  78,  82, 104, 114, 122, 131, 160, 161, 162, 163,
    166, 167,   1,   2,   5,   6,  23,  25,  26,  29,  30,  32,  33,  34,  35,  36,
     37,  38,  39,  40,  43,  48,  51,  52,  58,  59,  60,  61,  65,  79, 104, 114,
    115, 122, 131, 160, 162, 163, 166, 167,   1,   2,   5,   6,  23,  25,  26,  29,
     30,  32,  33,  34,  35,  36,  37,  38,  39,  40,  43,  48,  51,  52,  58,  59,
     60,  61,  65,  79, 104, 114, 115, 122, 131, 160, 162, 163, 166, 167,   3,   6,
      8,  23,  27,  32,  33,  34,  37,  39,  58,  59,  61,  71,  76,  79,  82, 131,
    141, 160, 161, 162, 163, 166, 167,   2,   5,   6,  23,  25,  26,  28,  29,  30,
     32,  33,  34,  35,  36,  37,  38,  39,  40,  43,  58,  59,  60,  61,  65,  72,
     79, 115, 131, 160, 162, 163, 166, 167,   2,   5,   6,  23,  25,  26,  28,  29,
     30,  32,  33,  34,  35,  36,  37,  38,  39,  40,  43,  58,  59,  60,  61,  65,
     72,  79, 115, 131, 160, 162, 163, 166, 167,   0,   1,   2,   3,   5,   6,   7,
      8,   9,  21,  22,  23,  25,  26,  27,  28,  30,  32,  33,  34,  35,  36,  37,
     38,  40,  42,  43,  44,  45,  46,  47,  48,  51,  52,  53,  54,  55,  56,  57,
     58,  59,  60,  61,  62,  65,  69,  71,  79,  82,  83,  84,  85,  86,  87,  88,
     89,  90,  91,  97,  98,  99, 100, 101, 102, 103, 104, 105, 106, 107, 108, 109,
    110, 111, 112, 113, 114, 115, 116, 122, 125, 126, 127, 128, 129, 130, 131, 132,
    133, 134, 135, 136, 137, 138, 139, 140, 143, 144, 145, 146, 147, 148, 149, 150,
    151, 152, 153, 154, 155, 156, 157, 158, 159, 160, 161, 163, 164, 165,   1,   2,
      5,   6,   8,  23,  40,  56,  58,  59,  60,  61,  65,  71,  72, 116, 130, 132,
    160, 161, 162, 163,   0,   3,   5,   7,   8,   9,  10,  23,  25,  26,  27,  28,
     29,  30,  31,  32,  33,  34,  35,  36,  37,  38,  40,  42,  43,  44,  45,  47,
     48,  51,  52,  55,  62,  65,  71,  76,  79,  82,  84,  85,  86,  87,  88,  89,
     90,  91,  96,  97,  98,  99, 100, 101, 104, 105, 106, 107, 108, 109, 110, 111,
    112, 113, 114, 115, 122, 124, 125, 126, 128, 129, 131, 134, 135, 136, 137, 138,
    139, 140, 143, 147, 148, 149, 150, 151, 152, 153, 154, 155, 156, 158, 159, 161,
    164, 165, 166, 168, 171,   2,   5,   6,  12,  13,  14,  16,  18,  20,  21,  22,
     25,  26,  28,  29,  30,  32,  33,  34,  35,  36,  37,  38,  40,  42,  46,  48,
     49,  50,  51,  52,  53,  54,  56,  57,  58,  59,  60,  61,  62,  65,  79,  81,
     83,  84,  85,  86,  87,  88,  92,  93,  94,  95, 102, 103, 104, 105, 106, 114,
    115, 116, 117, 118, 119, 120, 121, 122, 127, 130, 131, 132, 133, 134, 135, 137,
    138, 141, 142, 144, 145, 146, 147, 148, 149, 150, 151, 152, 157, 160, 162, 163,
    169,   0,   3,   7,   8,   9,  15,  16,  17,  21,  22,  25,  28,  34,  35,  36,
     37,  40,  42,  43,  44,  45,  46,  47,  48,  51,  52,  53,  54,  55,  56,  62,
     63,  66,  71,  79,  80,  81,  83,  84,  85,  86,  87,  88,  89,  90,  91,  92,
     94,  95,  96,  97,  98,  99, 100, 101, 104, 105, 106, 107, 108, 109, 110, 111,
    112, 113, 114, 116, 117, 118, 121, 122, 125, 126, 127, 128, 129, 130, 132, 134,
    135, 136, 137, 138, 139, 140, 141, 142, 143, 144, 145, 147, 148, 149, 150, 151,
    152, 153, 154, 155, 156, 158, 159, 161, 164, 165,   0,   3,   4,   7,   8,   9,
     12,  15,  16,  17,  21,  22,  25,  27,  28,  34,  35,  36,  37,  42,  43,  44,
     45,  46,  47,  48,  51,  52,  53,  54,  55,  56,  57,  58,  59,  60,  61,  62,
     63,  66,  71,  79,  80,  81,  82,  83,  84,  85,  86,  87,  88,  89,  90,  91,
     92,  94,  95,  96,  97,  98,  99, 100, 101, 102, 103, 104, 105, 106, 107, 108,
    109, 110, 111, 112, 113, 114, 116, 117, 118, 121, 122, 124, 125, 126, 127, 128,
    129, 130, 132, 133, 134, 135, 136, 137, 138, 139, 140, 141, 142, 143, 145, 146,
    147, 148, 149, 150, 151, 152, 153, 154, 155, 156, 158, 159, 160, 161, 164, 165,
      0,   2,   4,   5,   6,   8,  11,  12,  14,  16,  17,  18,  20,  23,  27,  32,
     33,  34,  35,  37,  39,  50,  54,  56,  57,  58,  59,  61,  63,  65,  69,  71,
     72,  76,  82, 102, 103, 121, 130, 131, 132, 133, 146, 160, 161, 162, 163, 169,
     25,  31,  32,  34,  35,  36,  37,  38,  58,  59,  60,  61,  62, 131, 134, 135,
    160,   0,   3,   4,   5,   7,   8,   9,  15,  16,  17,  21,  22,  40,  63,  65,
     66,  71,  79,  80, 161, 164, 165,  56,  58,  59,  60,  61, 130, 132, 160,  15,
     16,  15,  18,  18,   0,   1,   2,   5,   6,   7,   8,   9,  23,  25,  26,  27,
     28,  29,  30,  31,  32,  33,  34,  35,  36,  37,  38,  39,  40,  42,  44,  45,
     47,  48,  49,  50,  51,  52,  55,  56,  64,  65,  69,  70,  71,  72,  74,  75,
     76,  77,  78,  82,  84,  85,  86,  87,  88,  89,  90,  91,  92,  94,  95,  96,
     97,  98,  99, 100, 101, 102, 103, 104, 105, 107, 108, 109, 110, 111, 112, 113,
    114, 115, 116, 117, 118, 119, 121, 122, 124, 125, 126, 127, 128, 129, 130, 131,
    132, 133, 135, 137, 138, 139, 140, 141, 142, 143, 144, 145, 146, 147, 148, 149,
    150, 151, 152, 153, 154, 155, 156, 157, 158, 159, 160, 161, 162, 163, 164, 165,
    166, 167, 168, 170, 171,   3,   6,   8,  23,  27,  32,  33,  34,  37,  39,  58,
     59,  61,  71,  76,  79,  82, 131, 160, 161, 162, 163, 166, 167,
};

static const int8_t libron_12_regularKernSparseValues[] = {
     -12,  -13,  -21,  -10,  -10,   -6,  -15,   -9,  -12,  -14,  -12,   -8,  -13,  -10,   -2,  -11,
      -1,   -9,   -9,   -8,   -6,  -14,   -1,  -12,   -1,   -8,  -12,  -12,  -21,  -21,  -12,  -12,
     -13,  -47,  -37,  -47,  -16,  -10,   -6,   -2,   -2,  -29,  -30,    3,    2,    3,    2,  -11,
       2,  -15,  -19,   -2,  -10,    1,    1,    1,   -3,   -2,   -9,   -1,   -2,   -8,    1,   -3,
     -27,   -3,  -34,  -38,   -2,  -19,  -11,  -11,  -21,  -11,  -29,  -15,  -29,   18,    9,   13,
     -11,  -29,  -15,  -15,  -15,  -15,    5,  -11,  -21,  -15,  -30,  -15,  -29,  -29,  -10,  -21,
       1,    6,    5,    7,   16,    1,  -15,  -15,   -5,  -17,  -15,   -1,   -1,   -2,   -2,  -21,
      -6,  -11,  -16,  -15,   47,    4,  -24,   14,   -3,  -11,   -6,  -11,  -11,  -11,  -11,  -15,
     -15,  -15,  -15,  -23,  -15,  -37,  -47,  -47,  -14,   -1,    2,  -10,   -8,  -18,  -11,    1,
     -24,   -1,   -1,   -1,    3,   -1,   -1,   -1,   -1,   -1,   -1,   -1,   -1,   -1,   -1,   -1,
      -1,   -1,   -1,   -1,   -1,   -1,  -10,   -1,   -1,   -1,   -1,   -1,   -1,   -1,   -1,   -1,
     -11,  -10,   -7,   -2,  -24,   -3,  -10,  -13,  -12,   -6,   -2,   -2,  -12,   -5,    1,    1,
      -8,    3,  -12,  -11,   -2,   -2,   -2,   -9,  -11,   -8,   -8,   -3,   -2,   -7,  -11,  -15,
      -2,  -10,  -12,   -8,   -8,   -8,   -8,   -8,  -12,  -12,  -12,    9,    4,   -8,  -12,  -12,
     -12,  -12,  -12,  -11,  -11,    5,   -8,   -8,  -12,  -12,  -12,  -12,  -12,  -12,  -12,   -2,
      -2,   -2,   -9,   -9,  -11,   -2,   -2,   -5,   -8,  -10,  -12,   38,  -11,    7,   -2,  -11,
      -8,   -8,   -8,   -8,   -8,  -12,  -12,   -5,  -12,   -8,  -12,   -3,  -24,   -2,   -3,   -3,
     -10,   -7,   -7,   -9,   -6,   -7,   -7,  -13,  -12,   -9,  -53,  -29,  -53,    1,  -13,   -9,
      -6,   -3,   -3,  -29,   -6,  -33,   -8,   -6,   -9,   -5,   -7,  -12,  -14,  -17,   -2,  -10,
      -1,   -2,   -2,   -1,   -1,   -7,   -3,  -10,   -2,   -2,   -1,   -1,   -3,   -1,   -3,   -7,
      -9,   -4,  -23,  -11,  -35,  -40,   -2,  -12,  -11,  -11,  -11,  -12,  -14,  -13,  -13,   -2,
      -2,   18,   10,  -13,  -14,  -14,  -14,  -14,  -14,   -2,   -2,   -1,  -12,  -12,  -13,  -14,
     -13,  -14,  -14,  -10,  -10,    2,   -6,   15,    2,   -2,   -2,   24,   -1,   -7,   -6,  -14,
     -14,   -7,   -7,  -10,   -2,   -2,   -2,   -3,   -3,  -10,  -12,  -11,  -14,  -13,   13,   12,
     -14,   -7,   -7,   -2,  -12,  -11,  -11,  -12,  -12,  -12,  -14,  -13,  -13,  -14,   -2,  -14,
     -14,   -1,  -29,  -53,  -53,  -21,  -47,   -7,   -3,  -53,  -10,   -9,   -1,    3,    6,   -2,
     -22,  -11,  -20,  -12,  -68,  -18,  -36,  -52,  -72,  -32,   -8,   -8,   -9,   -9,  -27,  -20,
     -29,   -9,   -2,  -10,  -11,  -51,   -6,  -12,   -9,   -9,   -8,   -9,  -68,   -9,   -9,   -9,
     -29,  -10, -106, -105,  -49,  -37,  -24,  -31,  -20,  -12,   -9,   -2,  -15,  -10,   -9,   -9,
     -15,  -13,  -22,  -12,  -13,  -34,  -11,  -28,  -20,  -24,  -39,  -13,  -22,   -5,  -11,   -8,
     -10,   -8,   -8,   -8,  -10,   -8,   -8,   -8,  -16,  -13,  -21,  -17,   -5,  -19,  -16,  -21,
     -11,   -5,   -5,   -5,   -5,   -5,  -10,  -10,  -10,  -10,   -8,   -8,   -8,   -5,   -5,   -8,
     -13,  -10,  -10,  -10,  -10,  -10,   -8,   -8,  -10,   -8,  -67,   -8,   -8,   -5,   -5,   -5,
      -5,  -10,  -10,  -10,  -10,   -8,   -5,   -5,   -5,   -5,   -5,   -5,  -10,  -17,  -38,  -35,
     -35,  -10,  -47,   -7,   -3,  -53,  -10,   -9,   -1,    3,    6,   -2,  -22,  -11,  -20,  -12,
     -34,  -18,  -36,  -26,  -36,  -32,   -8,   -8,   -9,   -9,  -27,  -20,  -29,   -9,   -2,  -10,
     -11,  -51,   -6,  -12,   -9,   -9,   -8,   -9,  -68,   -9,   -9,   -9,  -29,  -10,  -53,  -53,
     -49,  -10,  -32,  -32,  -56,  -10,   -6,   -7,   -8,   -8,  -23,  -20,    2,    1,    2,  -20,
       4,  -28,  -26,   -2,  -18,  -10,   -8,  -21,   -2,   -2,   -2,   -2,  -27,   -2,  -20,  -20,
     -20,  -20,  -20,  -28,  -28,  -28,   -7,  -28,  -28,  -28,  -28,  -28,   -2,   -2,    7,  -20,
     -20,  -28,  -28,  -28,  -28,  -28,  -18,  -18,  -28,  -28,  -10,  -21,  -21,   -2,   -2,   -2,
      -2,   -2,  -18,  -20,  -20,  -28,  -28,  -28,  -10,  -10,   -2,  -20,  -20,  -20,  -20,  -20,
     -20,  -28,  -28,  -28,  -28,  -28,  -28,  -32,  -32,  -10,   -9,   -9,   -2,  -13,   -6,  -10,
      -7,   -6,   -5,  -11,   -9,   -8,  -14,   -8,   -5,  -10,   -6,   -9,   -9,  -10,  -12,  -11,
      -6,   -6,   -5,   -9,   -3,    1,  -10,  -12,  -12,  -12,  -12,  -12,   -4,  -15,   -7,  -10,
      -9,   -7,  -10,  -12,  -11,  -10,  -10,  -10,   -5,   -5,   -7,   -3,   -5,   -7,  -12,  -10,
      -3,  -13,  -11,   -5,   -5,   -4,   -7,   -5,   -6,   -6,   -1,   -1,   -1,   -7,   -3,   -2,
      -4,   -4,   -4,   -4,   -7,   -6,   -4,   -9,   -1,   -2,   -7,   -3,   -4,   -2,   -6,   -6,
     -14,   -2,  -11,   -7,   -2,   -1,    1,  -10,   -1,   -1,   -2,   -1,   -1,  -17,   -6,  -18,
     -14,   -1,  -21,   -4,   -6,   -2,  -12,  -14,   -1,  -17,  -13,  -12,  -13,    2,  -12,  -12,
      -1,   -2,   -4,   -4,  -11,   -7,  -12,  -12,   -5,   -8,   -1,   -1,   -5,   -1,   -4,   -1,
      -2,  -11,   -4,   -6,   -4,   -3,   -7,   -1,   -6,   -9,  -11,  -10,   -7,   -1,   -1,   -8,
       2,  -29,  -20,  -29,  -16,    2,  -13,  -10,   -9,    2,  -25,   -5,  -24,    9,    6,    1,
       8,    1,   -9,  -18,   -5,  -20,  -29,  -29,  -10,  -11,   -2,   -1,   -5,   -1,   -1,   -3,
      -6,   -5,   -3,   -7,   -5,   -9,  -23,   -2,  -23,   -7,   -4,  -21,   -7,  -22,  -10,   -8,
      -4,   -7,   -6,  -10,   -9,   -7,   -5,   -7,   -2,   -7,   -2,  -23,  -23,   -2,   -2,   -9,
       1,    5,   -5,   -8,  -18,  -12,  -23,   -8,   -8,   -7,  -10,   -9,   -1,   -8,  -27,  -27,
      -5,  -13,  -13,  -12,   -5,  -16,   -6,   -5,   -4,   -9,   -7,   -7,  -12,  -13,   -5,  -13,
     -13,  -14,  -31,   -4,  -31,  -16,    2,  -10,   -9,   -6,  -18,   -4,   -6,  -19,   -4,  -12,
       4,   -4,  -40,  -17,  -36,  -23,  -42,  -26,   -2,   -8,   -6,   -1,   -3,   -3,   -1,   -7,
      -7,  -23,  -16,  -26,   -9,  -20,  -16,  -24,  -15,  -20,  -24,   -2,   -2,   -2,   -2,   -2,
      -8,   -8,   -8,   -7,   -8,   -8,   -8,   -8,  -15,   -7,   -7,   -2,   -2,   -8,   -8,   -8,
      -8,   -8,   -1,   -1,   -3,   -1,   -1,   -8,   -8,   -1,   -1,   -7,  -40,   -7,   -7,   -1,
      -2,   -2,   -8,   -8,   -8,   -7,   -2,   -2,   -2,   -2,   -2,   -2,   -8,   -8,   -8,   -8,
      -8,   -8,  -26,  -16,  -30,  -31,  -32,  -28,   -6,   -7,   -1,   -7,   -1,   -5,   -1,   -1,
      -4,   -2,   -9,   -5,   -8,   -9,   -1,   -2,   -2,   -1,   -1,   -4,   -2,   -4,   -4,   -3,
      -5,   -8,   -2,   -2,   -2,   -2,   -2,   -2,   -2,   -1,   -1,   -1,   -1,   -4,   -3,   -3,
      -1,   -2,   -2,   -1,   -1,   -2,   -2,   -2,   -2,   -2,   -2,   -4,   -1,   -1,   20,    1,
       1,    1,   -1,   -4,  -12,  -13,  -13,   -2,   -6,  -14,   -5,  -13,   -6,   -5,   -3,   -4,
     -11,   -7,  -22,  -16,   -3,  -10,   -2,   -1,   -1,   -4,   -4,   -4,   -2,   -3,   -2,   -9,
      -2,  -19,   -2,   -2,   -2,   -2,   -2,   -1,   -1,   -1,   -1,   -1,   -1,   -1,   -1,   -1,
      -4,   -2,   -2,   -1,   -1,   -1,   -1,   -1,   -4,   -5,   -4,   -2,   -1,   -1,   -3,   -2,
      -2,   -1,   -1,   -1,   -2,   -2,   -2,   -2,   -2,   -2,   -1,   -1,   -1,   -1,   -1,   -1,
      -2,  -13,  -13,   -1,   -1,   -6,   -1,   -4,   -2,   -4,   -1,   -6,   -6,   -6,   -6,   -6,
      -6,   -6,   -1,   -1,   -6,   -6,   18,   -6,   -5,   -6,   -6,   -6,   -6,    1,    1,   -4,
     -13,  -13,  -39,  -23,  -39,  -16,  -14,   -9,   -7,   -3,   -3,    5,   -9,  -25,   -5,  -32,
      -1,   -3,  -18,    2,  -18,  -20,   -2,  -17,   -6,   -2,   -9,   -8,  -16,   -2,   -4,   -2,
      -2,   -3,   -2,   -7,  -17,  -20,  -10,  -38,   -5,   -2,  -18,  -18,  -18,  -18,  -18,  -18,
     -18,  -18,   -3,   -5,   -4,    4,  -17,  -18,  -18,  -18,  -18,  -18,   -4,   -4,    4,  -18,
     -18,  -18,  -18,  -18,  -18,  -18,  -17,  -17,    1,   -4,   -4,   -4,   -6,   -6,    5,   -1,
     -18,  -18,   -9,  -16,  -16,   -2,   -2,   -4,   -7,   -7,  -17,  -12,  -18,  -17,  -18,   31,
      -4,  -17,   -9,   -4,  -18,    1,  -18,  -18,  -18,  -18,  -18,  -18,   -4,  -18,   -6,  -14,
     -18,   -2,  -23,    2,  -39,  -39,   -4,   -7,   -7,   -1,   -1,   -3,   -6,   -2,   -1,   -6,
      -7,   -4,   -3,   -6,   -1,   -2,   -7,   -6,   -1,   -8,   -1,   -1,   -2,   -2,   -2,   -2,
      -2,   -2,   -2,   -6,   -2,   -2,   -2,   -2,   -2,   -2,   -2,   -2,   -8,   -5,   -7,   -1,
      -1,   -5,   -4,   -5,  -13,   -5,   -7,   -6,   -4,   -5,   -6,  -10,  -10,   -5,   -8,   -4,
      -8,   -7,  -13,  -12,  -14,   -2,  -14,  -13,   -6,   -5,   -6,   -6,   -6,   -6,   -6,  -10,
     -10,  -10,  -10,  -10,  -10,  -10,  -10,  -10,   -7,   -7,   -6,   -6,  -10,  -10,  -10,  -10,
     -10,   -5,   -5,   -1,  -10,  -10,   -4,   -4,   -8,   -8,   -7,   -2,   -2,   -5,  -11,   -6,
     -21,  -10,   26,  -10,   -7,   -6,  -12,   -6,   -6,   -6,   -6,  -10,  -10,  -20,  -10,  -10,
     -10,  -14,  -13,  -12,  -16,  -11,  -16,   -9,   -5,   -4,   -4,   -7,   -8,   -9,   -5,   -8,
      -8,  -10,  -17,   -5,  -13,  -10,    3,  -13,  -13,   -9,  -12,    1,   -3,    1,    1,  -10,
     -10,  -13,   -9,   -8,  -10,  -10,  -10,  -11,  -14,  -15,  -11,  -17,  -20,   -5,   -9,  -10,
     -10,  -10,  -10,  -10,  -13,  -13,  -13,  -13,   -4,   -3,  -13,  -13,  -13,  -13,  -13,  -13,
      -8,   -8,    6,  -10,  -10,  -13,  -13,  -13,  -13,  -13,  -12,  -12,    1,   -3,   -3,   -3,
      -3,  -13,    1,  -13,  -13,  -10,  -13,  -13,   -9,   -9,   -8,  -14,  -14,  -12,  -21,  -10,
     -25,  -13,   29,   -3,  -13,   -9,  -10,   -8,  -10,  -21,  -10,  -10,  -10,  -10,  -13,  -13,
     -24,  -13,   -6,  -25,  -13,  -11,  -11,  -16,  -16,   -8,   -3,   -8,  -23,    1,   -7,   -3,
     -10,   -2,   -6,   -3,   -3,   -3,  -25,    3,   -3,   -6,   -1,   -6,   -6,   -7,   -3,  -12,
      -8,   -3,   -4,   -2,   -8,   -8,  -33,  -24,  -35,   -2,   -2,  -19,   -8,  -22,   -2,  -49,
      -3,   -3,   -3,   -3,   -3,  -12,  -12,  -12,  -11,  -12,  -12,  -12,  -12,  -24,   -8,   -8,
      -3,   -3,  -12,  -12,  -12,  -12,  -12,   -3,   -3,   -2,   -2,  -12,  -12,   -2,   -2,   -8,
     -12,  -16,   -8,   -3,   -6,   -3,  -12,  -12,   24,  -12,   -8,   -3,   -5,   -3,   -3,   -3,
      -3,  -12,  -12,  -24,  -12,  -12,  -12,  -35,  -23,   -7,   -2,   -2,  -10,  -11,  -40,  -40,
       4,    4,   -7,  -22,  -11,    1,    1,  -22,   -1,  -38,   -7,  -35,  -16,   -3,  -42,   -1,
     -18,   -4,   -4,   -4,   -3,  -23,  -11,  -24,   -1,   -2,  -26,   -2,   -1,   -3,   -3,   -4,
      -4,  -75,   -4,   -3,   -1,   -1,   -3,  -24,  -38,  -36,    4,    4,  -39,  -37,   -5,   -6,
     -12,   -6,   -6,   -6,   -3,   -6,   -1,   -1,   -4,  -10,   -8,   -3,   -4,   -7,   -2,   -8,
      -7,  -15,  -14,  -16,  -14,   -5,  -12,   -1,   -3,   -6,   -4,   -4,   -4,   -4,   -4,  -10,
     -10,  -10,  -10,  -10,  -10,  -10,  -10,  -10,   -7,   -7,   -4,   -4,  -10,  -10,  -10,  -10,
     -10,   -3,   -3,   -4,   -1,  -10,  -10,   -2,   -2,   -8,   -1,   -8,   -7,   -3,   -4,   -4,
     -10,  -10,   17,  -10,   -7,   -4,   -4,   -4,   -4,   -4,   -4,  -10,  -10,  -10,  -10,  -10,
     -10,  -16,  -12,   -6,   -2,   -1,  -11,  -11,  -11,  -11,   -5,   -6,   -2,   -2,   -6,   -5,
      -8,   -4,   -6,   -6,   -9,   -6,   -5,   -7,  -14,    1,  -11,  -11,   -8,   -9,   -2,   -1,
      -9,   -9,  -12,   -8,   -7,  -10,  -11,   -6,  -11,  -13,  -14,  -11,  -15,   -5,   -5,   -8,
     -14,  -14,  -14,  -14,  -14,  -11,  -11,  -11,   -2,  -11,   -2,   -4,  -11,  -11,  -11,  -11,
     -11,  -11,   -7,   -7,    4,  -14,  -14,  -11,  -11,  -11,  -11,  -11,   -9,   -9,   -2,   -2,
      -4,   -2,  -11,   -1,   -1,  -11,  -11,   -9,  -12,  -12,   -8,   -8,   -7,  -13,  -13,   -9,
     -25,  -14,  -21,  -11,   27,   -2,  -11,  -10,   -9,   -7,  -14,  -25,  -14,  -14,  -14,  -14,
     -11,  -11,  -20,  -11,   -5,  -21,  -11,  -11,  -11,  -11,  -11,   -1,  -12,  -12,  -12,   -4,
      -7,  -12,   -5,  -11,   -6,   -5,   -3,   -4,  -12,   -7,  -21,  -17,   -3,  -10,   -2,   -4,
      -4,   -4,   -3,   -4,   -2,   -9,   -3,  -16,   -2,   -2,   -2,   -2,   -2,   -4,   -2,   -2,
      -4,   -5,   -4,   -2,   -3,   -2,   -2,   -2,   -2,   -2,   -2,   -2,   -2,   -2,  -12,  -12,
      -1,  -11,  -13,  -42,  -25,  -42,  -15,   -7,   -6,    1,   -2,  -24,   -3,  -33,   -5,   -3,
       1,   -5,   -1,  -12,   -1,   -6,   -9,  -11,   -5,   -4,   -1,  -18,  -20,   -1,  -37,   -6,
      -6,   -6,   -6,   -6,   -9,   -9,   -9,  -10,   -9,   -9,   -9,   -9,   -9,   -6,   -6,   -9,
      -9,   -9,   -9,   -9,   -5,   -5,    1,   -3,   -3,   -6,   -9,   -9,   -4,   -4,    1,   -1,
      -1,   -5,   -6,   -6,   -9,   -9,   -9,   -6,   -6,   -6,   -6,   -6,   -6,   -9,   -9,   -9,
      -9,   -9,   -9,  -25,  -42,  -42,   -2,   -1,  -12,  -20,  -12,   -4,   -7,  -12,   -5,  -11,
      -6,   -5,   -3,   -4,  -12,   -7,  -21,  -17,   -3,  -10,    1,   -2,   -4,   -4,   -4,   -3,
      -4,   -2,   -8,   -3,  -16,   -2,   -2,   -2,   -2,   -2,   -4,   -2,   -2,   -4,   -5,   -4,
      -2,   -3,   -2,   -2,   -2,   -2,   -2,   -2,   -2,   -2,   -2,  -22,  -22,   -1,   -5,   -4,
      -9,  -13,    1,   -5,   -7,   -5,   -4,   -3,   -7,   -2,   -4,    3,   -4,   -6,  -10,   -7,
     -10,   -5,   -6,   -1,   -6,   -4,   -5,   -3,   -5,   -5,   -7,  -14,   -4,  -13,   -5,   -3,
      -8,   -1,   -1,   -1,   -1,   -1,   -6,   -6,   -6,   -6,   -6,   -6,   -6,   -6,  -12,   -1,
      -1,   -6,   -6,   -6,   -6,   -6,   -6,   -6,   -4,   -1,   -1,   -6,   -6,   -6,   -1,   -1,
      -1,   -1,   -1,   -1,   -6,   -6,   -6,   -6,   -6,   -6,   -5,  -13,   -4,   -7,  -10,   -6,
      -4,   -1,   -6,   -5,   -1,   -1,   -1,   -1,   -3,   -2,   -1,   -1,   -3,   -2,   -4,   -3,
      -2,   -5,   -3,   -3,   -3,   -3,   -3,   -3,   -3,   -2,   -2,   -1,   -1,   -3,   -3,   -2,
      -3,   -3,   10,   -3,   -5,   -3,   -3,   -3,   -3,    1,   -4,   -2,  -12,  -15,  -68,  -34,
     -34,  -15,  -18,   -8,   -6,   -5,   -5,    2,   -8,  -38,   -3,  -36,   -2,   -2,  -19,  -28,
     -33,   -6,  -17,  -12,   -4,   -1,  -12,  -16,  -11,  -17,   -7,   -8,   -9,   -9,   -8,   -9,
      -8,  -31,  -33,  -10,  -52,   -3,   -6,  -34,  -34,  -34,  -33,  -19,  -54,  -55,  -54,   -7,
     -12,   -7,   -7,  -19,  -56,  -28,  -28,  -56,  -28,   -8,   -8,  -12,  -35,  -34,  -55,  -28,
     -55,  -55,  -56,  -32,  -32,  -10,   -7,   -8,   -7,   -4,  -15,    3,  -12,  -28,  -28,  -26,
     -29,  -31,  -15,  -15,   -8,  -16,   -8,  -17,  -28,  -34,  -49,  -55,   19,   -7,  -51,  -19,
     -25,  -13,  -19,  -23,  -34,  -35,  -35,  -35,  -28,  -55,  -37,  -55,   -4,  -45,  -28,   -9,
     -34,    1,  -68,  -34,  -11,  -12,  -18,  -11,  -18,  -10,   -5,   -3,   -4,   -7,   -9,   -8,
      -4,   -8,   -8,   -9,  -17,   -4,  -15,   -1,  -15,    5,  -13,  -13,   -9,  -12,    1,   -1,
       2,    1,  -10,   -9,  -14,   -8,   -7,   -8,   -9,  -10,   -9,  -14,  -14,  -11,  -17,  -23,
      -4,   -9,  -15,  -15,  -15,  -15,  -15,  -13,  -13,  -13,    4,  -11,   -1,   -1,  -13,  -13,
     -13,  -13,  -13,  -13,   -7,   -7,    8,  -15,  -15,  -13,  -13,  -13,  -13,  -13,  -12,  -12,
       1,   -1,   -1,   -1,   -1,  -11,    2,  -13,  -13,  -10,  -14,  -14,   -8,   -8,   -7,  -14,
     -14,  -12,  -26,  -15,  -26,  -13,   33,   -1,  -26,   -8,  -10,   -7,  -15,  -26,  -15,  -15,
     -15,  -15,  -13,  -13,  -24,  -13,   -2,  -25,  -13,   -9,  -11,  -18,  -18,  -15,    1,    2,
     -19,    1,  -34,  -27,  -34,  -23,  -12,   -5,   -6,  -23,  -16,  -20,   -9,   -1,  -17,  -17,
       4,  -21,  -31,  -12,  -31,   -4,   -1,    1,    2,  -32,   14,  -29,  -31,  -16,  -26,    7,
      -2,    7,    7,  -26,  -23,  -30,  -18,  -17,  -15,  -17,  -17,  -17,  -25,    2,  -10,  -31,
     -26,  -27,  -50,  -12,  -16,  -25,  -32,  -32,  -32,  -32,  -25,  -29,  -29,   14,  -17,   -2,
      10,  -17,  -27,  -29,  -29,  -29,  -29,  -16,  -17,   17,  -32,  -28,  -29,  -29,  -29,  -28,
     -29,  -26,  -24,    2,    5,    5,   -2,  -25,    7,   -1,    1,  -29,  -29,  -23,  -30,  -25,
     -18,  -19,  -17,  -25,  -24,  -25,    1,  -32,   -5,  -29,   44,   -2,  -14,   13,  -26,  -12,
     -32,   -1,  -30,  -32,  -32,  -30,  -29,  -29,   -6,  -29,   -2,  -16,  -29,  -17,  -27,  -34,
     -34,    1,  -14,  -12,    1,    2,  -17,  -52,  -20,  -26,  -14,   -9,   -4,   -5,  -17,  -14,
     -16,   -7,  -12,  -12,    3,  -17,  -21,   -7,  -18,   -2,   -1,    1,    2,  -22,   14,  -17,
     -17,  -11,  -16,    6,   -4,   13,    6,  -14,  -13,  -19,  -11,   -9,   -9,   -9,  -10,  -10,
     -16,    2,   -8,  -23,  -20,  -22,  -39,   -7,  -11,  -40,  -22,  -22,  -22,  -22,  -34,  -17,
     -17,   10,  -16,   -4,    5,  -14,  -35,  -17,  -17,  -17,  -17,   -9,   -9,   22,  -22,  -42,
     -17,  -17,  -17,  -35,  -35,  -16,  -16,    8,   -4,    1,    1,   -4,  -18,   13,    1,  -17,
     -17,  -27,  -19,  -35,  -11,  -25,   -9,  -16,  -16,  -16,  -22,  -22,  -23,  -17,   39,   -4,
     -30,   -3,  -28,  -12,  -22,  -23,  -44,  -22,  -22,  -44,  -17,  -17,  -25,  -17,   -5,  -30,
     -17,  -10,  -20,  -52,  -26,    1,   -2,   -8,   -3,   -7,  -22,    1,   -6,   -2,  -10,   -2,
      -6,   -1,   -3,   -3,   -3,  -21,   -3,   -5,   -1,   -3,  -12,   -8,   -3,   -4,   -2,   -8,
      -8,  -32,  -23,  -34,   -2,   -2,  -19,   -7,  -21,   -2,   -6,  -21,   -3,   -3,   -3,   -3,
      -3,  -12,  -12,  -12,    1,  -12,  -12,  -12,  -12,  -12,  -12,   -8,   -8,   -3,   -3,  -12,
     -12,  -12,  -12,  -12,   -3,   -3,   -2,   -2,  -12,  -12,   -2,   -2,   -8,   -5,   -9,   -8,
      -3,   -2,   -3,  -12,  -12,   27,  -12,    1,   -8,   -3,   -3,   -3,   -3,   -3,   -3,  -12,
     -12,  -12,  -12,  -12,  -12,  -34,  -22,   -6,   -1,   -2,   -2,   -5,  -15,    1,  -20,  -66,
     -36,  -33,  -21,  -16,   -1,   -6,   -7,  -30,  -17,  -25,  -11,   -2,  -21,  -21,    1,  -25,
     -37,  -18,  -33,   -4,    1,  -41,   12,  -46,  -46,  -24,  -38,    5,   -6,   -3,    9,    4,
     -33,  -34,  -36,  -26,  -27,  -29,  -27,  -27,  -30,  -34,    1,  -13,  -42,  -35,  -33,  -53,
     -18,  -49,  -73,  -41,  -80,  -80,  -41,  -82,  -46,  -90,    6,  -29,   -7,  -21,  -86,  -46,
     -46,  -90,  -46,  -54,  -27,   19,  -41,  -75,  -46,  -88,  -91,  -87,  -88,  -38,  -71,    5,
      -7,   -4,   -3,   -6,  -39,   -6,    9,  -46,  -89,  -64,  -36,  -66,  -26,  -56,  -27,  -34,
     -66,  -72,  -42,  -41,  -53,  -91,   35,   -7,  -62,  -23,  -66,  -41,  -81,  -44,  -78,  -41,
     -81,  -78,  -46,  -91,  -55,  -89,  -13,  -64,  -91,  -30,  -36,  -66,  -33,  -20,   -6,   -1,
      -3,   -5,   -4,   -2,   -1,   -1,   -2,   -1,   -1,   -2,   -5,   -4,   -3,  -16,  -13,  -17,
      -3,   -1,   -3,   -1,   -2,   -2,   -2,   -2,   -2,   -3,   -3,   -2,   -2,   -1,   -1,   -2,
      -4,   -5,   -4,   -3,   -3,   -3,   -1,   -2,   -2,   17,   -3,   -2,   -2,   -2,   -2,   -2,
      -2,  -17,   -5,   -1,   -2,   -2,    2,   -9,   -9,   -2,  -22,   -8,  -11,  -11,  -10,   -3,
       3,    2,    2,   -2,    4,   -9,   -8,   -2,   -8,   -2,   -2,   -3,  -10,  -11,   -6,  -10,
      -2,   -2,   -2,   -2,   -2,   -9,   -9,   -9,   14,    7,   -9,   -9,   -9,   -9,   -9,   -8,
      -8,    6,   -2,   -2,   -9,   -9,   -9,   -9,   -9,    5,   -9,   -9,   -2,   -2,   -8,    3,
      -2,   -5,   -9,   43,   -8,   12,   -7,   -2,   12,   -2,   -2,   -2,   -2,   -9,   -9,    6,
      -9,   -3,   -9,   -3,  -22,  -10,  -10,    1,  -15,  -10,  -23,  -14,  -22,  -54,   -4,  -11,
      -4,  -12,    2,   -4,  -15,   -4,  -12,   -1,   -1,  -11,   12,    4,   14,    7,    1,    1,
      14,   14,    7,   14,  -19,  -17,   -9,  -15,   -5,    1,  -25,  -14,  -38,  -19,   -1,  -38,
     -24,    3,  -11,   -9,   -2,  -13,   -8,   -9,  -11,   -8,   -9,   -5,  -25,  -13,   -9,  -18,
     -17,  -24,  -15,  -14,   -1,  -12,  -10,   -1,   -1,  -14,   -7,  -10,   -2,   -9,  -10,   -1,
     -23,  -13,  -30,  -18,  -14,  -47,  -11,  -20,   -9,   -7,   -6,  -10,   -9,   -1,  -10,   -2,
      -9,  -10,  -23,   -1,   -1,   -9,  -12,  -11,   -1,   -1,  -17,   -9,   -2,   -2,   -1,  -10,
      -5,   -2,   -3,  -10,  -12,  -27,  -19,   -3,  -40,   -1,   -4,   -1,   -1,   -4,   -2,  -10,
      -8,   -1,   -1,   -1,   -1,   -2,   -1,   -1,   -1,   -1,   -1,   -1,   -1,   -1,   -1,   -1,
      -2,   -1,   -1,  -10,   -1,   -1,   -1,   -1,   -1,   -1,   -1,   -1,   -1,   -2,  -10,   -2,
      -1,  -12,   -6,   -1,   -8,   -8,   -5,   -4,   -6,   -7,   -5,   -4,   -6,   -6,   -3,   -1,
      -4,   -5,   -7,  -10,   -4,   -8,   -4,   -1,   -4,   -3,   -3,   -3,   -3,   -3,   -3,   -3,
      -3,   -3,   -3,   -3,   -3,   -3,   -1,   -3,   -3,   -6,   -3,   -3,   10,   -3,   -3,   -3,
      -3,   -3,   -3,   -3,   -7,   -8,   -5,   -5,   -8,   -5,  -12,   -3,   -9,  -12,   -1,   -5,
      -3,   -5,  -20,  -13,  -30,  -18,   -4,  -43,   -5,  -16,   -7,   -5,   -6,  -10,   -2,   -5,
     -20,  -10,  -10,   -8,  -16,   -7,    6,   25,   50,   41,   41,  -15,  -23,  -15,   46,   -7,
      32,    1,   -5,   25,   31,    5,   32,   40,   53,   50,   39,   52,   27,   43,   46,   -5,
      -7,   -8,   -4,   -2,  -16,   21,   -2,   -2,   -3,    2,   15,   42,    2,   26,  -18,   36,
      30,   30,  -22,   40,   24,    1,    2,   -8,   -4,    5,   -8,   -3,  -12,   -2,   50,   30,
      53,   -8,   -5,  -13,  -11,   -9,   -7,    5,    2,   -2,   -3,  -12,   -6,   -8,   -5,   -6,
      -6,    1,   37,   32,   45,   45,   46,   58,   -2,  -10,  -11,   -8,   11,   -1,    6,    2,
      32,    3,    4,    6,    1,   31,   -5,   24,  -11,   79,   39,   15,   48,    8,   23,   -7,
      32,   -1,   -9,   -5,   -1,  -12,   -9,   24,   -7,   21,   15,   -9,    4,  -23,   41,   45,
     -15,  -15,   50,   47,   -7,   24,    4,   -6,    1,  -12,   -2,   -1,   -2,   -3,   -3,   -3,
      -2,   -3,   -3,   -9,   -9,  -17,  -10,  -30,   -2,   -1,   11,   -4,   -2,   -6,   -1,    1,
       1,  -12,  -11,   -3,   -4,   -4,   -4,   -4,   -4,   -2,   -2,   -2,   -6,   -2,   -2,   -2,
      -2,   -2,   -4,   -4,   -2,   -2,   -2,   -2,   -2,   -3,   -5,   -2,   -2,   -1,   -1,   -9,
      -4,   -4,   -2,   -2,   -2,   -4,   -4,   -4,   -4,   -4,   -4,   -2,   -2,   -2,   -2,   -2,
      -2,  -12,    1,    1,    1,   -2,   -4,    2,  -16,   -1,  -14,   -7,  -16,   -4,  -23,  -12,
     -38,  -21,  -40,  -22,  -10,   -9,  -11,   -7,   -9,   -9,   -7,   -8,   -4,  -23,  -11,   -7,
     -15,  -15,  -22,  -13,   -1,   -7,   -7,   -5,   -4,   -5,   -4,   -2,   -2,   -6,   -3,   -3,
      -4,  -10,   -7,   -5,   -4,   -5,    7,   -4,   -7,   -5,   -1,   -9,   -1,   -1,   -5,   16,
      -5,   -4,  -23,    1,   -5,   -6,   -8,  -11,  -24,  -13,  -33,   -4,   -5,   -8,  -11,   -9,
      -8,   -5,   -4,   -5,   -4,   -6,   -3,  -17,   -2,  -21,   -3,   -6,   -5,   -5,   -5,   -5,
      -5,   -8,   -8,   -8,  -13,   -8,   -8,   -8,   -8,  -20,   -4,   -4,   -5,   -5,   -8,   -8,
      -8,   -8,   -8,   -9,   -9,   -8,   -8,   -8,   -8,   -8,   -5,   -8,   -5,   -4,   -9,   -5,
      -5,   -8,   -8,   -8,   -4,   -5,   -5,   -5,   -5,   -5,   -5,   -8,   -8,   -8,   -8,   -8,
      -8,   -6,  -23,   -5,   -4,  -13,   -3,   -6,   -6,   -4,   -8,   -7,   -5,   -4,   -5,   -7,
      -4,   -3,   -5,   -5,   -4,   -4,   -6,   -1,  -10,  -21,   -6,   -4,   -5,   10,    1,   -6,
      -7,   -5,   -6,   -7,   -5,  -14,  -12,  -10,  -14,   -7,  -10,   -2,  -10,  -11,  -27,  -13,
     -31,  -18,  -14,  -49,  -11,  -24,   -9,   -9,   -7,  -10,  -10,   -9,   -2,   -9,  -10,  -27,
     -10,  -12,  -11,  -16,   -8,   -1,   -4,   -6,   -5,   -4,   -5,   -8,   -8,  -27,  -14,   -1,
     -35,   -2,   -8,    1,    4,   -2,   -5,   -5,    4,   -8,   -9,  -10,   -8,  -11,  -22,  -23,
     -22,   -8,   -2,  -18,  -13,  -23,  -15,  -13,   -1,  -10,  -11,  -23,  -14,  -23,  -37,   -2,
      -8,   -6,   -8,   -7,   -5,   -4,   -2,   -4,   -4,   -2,   -5,   -8,  -17,  -22,   -6,   -6,
      -6,   -6,   -6,   -8,   -8,   -8,   -2,   -2,   -2,   -2,   -6,   -8,   -8,   -8,   -8,   -8,
      -4,   -6,   -6,   -8,   -8,   -8,   -8,   -8,   -5,   -5,   -4,  -13,   -2,   -2,   -2,   -2,
      -2,   -4,  -13,   -8,   -8,   -2,   -5,   -5,  -10,   -5,   -6,   -6,   -8,   -8,   -2,   -2,
      -8,   -2,   -2,   -6,   -6,   -6,   -6,   -6,   -6,   -8,   -8,   -8,   -8,   -2,   -8,   -8,
     -23,    3,    3,  -22,  -22,   -2,    1,   -7,   -8,   -6,   -1,   -1,  -10,   -3,   -6,   -2,
      -5,   -7,  -13,  -13,  -30,  -18,   -4,  -37,   -4,  -18,   -2,   -4,   -4,   -2,   -1,   -6,
      -5,   -4,   -7,   -1,   -1,   -2,   -1,   -1,   -4,   -4,   -6,   -4,   -2,   -2,  -13,   -1,
      -1,   -1,   -1,   -7,   -3,   -4,   -1,   -1,  -13,   -1,    1,   -8,    1,   -1,   -2,   -3,
      -1,   -2,   -2,  -11,  -10,  -23,  -14,  -32,   -2,   -1,   -3,   -2,   -2,   -2,   -1,   -9,
      -8,   -3,   -1,   -1,   -1,   -1,   -1,   -3,   -3,   -3,   -3,   -3,   -3,   -3,   -3,   -3,
      -2,   -1,   -1,   -3,   -3,   -3,   -3,   -3,   -2,   -2,   -2,   -2,   -3,   -3,  -11,   -1,
      -1,   -3,   -3,   -3,   -1,   -1,   -1,   -1,   -1,   -1,   -3,   -3,   -3,   -3,   -3,   -3,
      -8,    1,    1,   -6,   -5,  -11,   -1,   -2,  -10,   -8,  -14,   -3,  -14,  -11,  -30,  -18,
     -36,  -16,   -3,   -2,   -5,  -10,   -5,   -8,   -6,   -2,   -3,  -14,   -5,   -8,  -10,  -10,
     -18,   -9,   -9,  -13,  -11,  -26,  -16,  -26,  -11,   -2,   -3,  -23,  -17,   -3,  -25,  -18,
     -17,   -2,   -9,  -13,  -21,  -14,  -32,  -32,   -3,   -9,   -8,   -1,  -12,  -14,   -7,   -9,
      -9,   -9,   -7,   -4,  -10,  -18,  -16,   -3,   -3,   -8,   -8,   -8,   -8,   -8,  -12,  -12,
     -12,  -14,  -12,  -12,  -12,  -12,  -12,   -9,   -8,   -8,  -12,  -12,  -12,  -12,  -12,   -7,
      -7,   -9,  -17,   -9,  -14,  -12,  -12,   -7,   -7,   -9,   -4,   -4,   -7,   -8,   -8,  -12,
     -12,  -12,   -8,   -8,   -8,   -8,   -8,   -8,  -12,  -12,  -12,  -12,  -12,  -12,  -16,  -26,
     -26,   -5,   -5,   -8,  -10,  -10,  -20,  -12,  -20,   -2,  -15,  -14,  -18,  -15,  -15,   -9,
     -11,  -20,  -13,  -23,  -31,   -2,   -8,   -6,   -1,   -8,  -10,   -5,   -7,   -7,   -7,   -5,
      -3,   -9,  -14,  -12,   -6,   -6,   -6,   -6,   -6,   -8,   -8,   -8,   -9,   -8,   -8,   -8,
      -8,   -8,   -7,   -6,   -6,   -8,   -8,   -8,   -8,   -8,   -5,   -5,   -7,  -14,   -7,  -10,
      -8,   -8,   -5,   -5,   -9,   -3,   -3,   -5,   -6,   -6,   -8,   -8,   -8,   -6,   -6,   -6,
      -6,   -6,   -6,   -8,   -8,   -8,   -8,   -8,   -8,  -12,  -20,  -20,   -2,   -3,    1,  -21,
      -1,   -5,   -8,  -11,  -22,  -13,  -33,   -2,   -5,  -10,  -11,   -4,   -1,   -4,   -1,  -16,
     -20,   -5,   -5,   -5,   -5,   -5,   -5,  -10,  -10,  -10,  -11,  -10,  -10,  -10,  -10,  -10,
      -5,   -5,  -10,  -10,  -10,  -10,  -10,   -4,   -4,   -4,  -10,  -10,   -4,   -4,   -1,   -8,
      -1,   -4,   -5,   -5,  -10,  -10,  -10,   -5,   -5,   -5,   -5,   -5,   -5,  -10,  -10,  -10,
     -10,  -10,  -10,  -21,   -9,   -1,  -10,  -11,  -10,  -26,  -15,  -26,  -11,   -2,  -22,  -15,
      -2,  -24,  -16,  -16,   -2,   -9,  -11,  -19,  -12,  -30,  -31,   -2,   -3,   -6,   -1,  -10,
     -13,   -6,   -8,   -8,   -8,   -6,   -3,   -8,  -17,  -15,   -2,   -2,   -6,   -6,   -6,   -6,
      -6,  -10,  -10,  -10,  -12,  -10,  -10,  -10,  -10,  -10,   -8,   -6,   -6,  -10,  -10,  -10,
     -10,  -10,   -6,   -6,   -8,  -15,   -8,  -13,  -10,  -10,   -6,   -6,   -9,   -3,   -3,   -6,
      -6,   -6,  -10,  -10,  -10,   -6,   -6,   -6,   -6,   -6,   -6,  -10,  -10,  -10,  -10,  -10,
     -10,  -15,  -26,  -26,   -2,   -5,    1,   -2,   -1,   -5,   -4,   -2,   -3,   -4,   -9,  -13,
     -28,  -16,   -1,  -37,   -1,   -3,   -3,   -1,   -1,   -1,   -2,   -4,   -9,   -1,   -1,  -10,
      -3,    1,   -9,   -6,   -2,  -19,   -2,   -6,   -9,   -9,   -9,   -7,    3,    2,    2,   -7,
       1,   -9,   -9,   -6,   -7,   -6,   -6,   -2,   -8,  -11,   -8,   -9,   -7,   -7,   -7,   -7,
      -7,   -9,   -9,   -9,   11,    4,   -5,   -9,   -9,   -9,   -9,   -9,   -7,   -7,    4,   -7,
      -7,   -9,   -9,   -9,   -9,   -9,    2,   -9,   -9,   -6,   -6,   -7,   -2,   -7,   -7,   -9,
      40,   -9,    9,   -6,   -7,   12,   -7,   -7,   -7,   -7,   -9,   -9,    6,   -9,   -3,   -9,
      -2,  -19,   -2,   -2,   -8,   -7,   -9,   -9,   -9,   -8,   -9,   -9,   -9,   -9,   -3,   -2,
      -5,   -8,  -20,  -13,  -24,    1,    1,   -5,   -2,   -2,   -2,   -2,   -9,   -6,   -7,  -12,
     -15,  -13,   -8,  -11,  -10,  -10,  -10,   -8,  -10,   -8,   -7,  -12,  -10,   -8,  -12,  -10,
     -10,   -9,   -2,   -6,   -2,   -7,   -9,   -6,  -15,  -10,   -5,   -2,   -3,   -6,  -10,  -16,
     -28,  -21,  -35,   -2,   -1,   -4,   -8,   -8,   -1,   -5,   -1,   -5,   -5,   -1,   -2,   -7,
     -16,   -4,   -4,   -2,   -1,   -1,   -1,   -1,   -1,   -8,   -8,   -8,   -8,   -8,   -8,   -8,
      -8,   -8,   -5,   -1,   -1,   -8,   -8,   -8,   -8,   -8,   -1,   -1,   -5,   -5,   -1,   -5,
      -5,   -7,   -8,   -8,   -2,  -19,   -2,   -1,   -1,   -1,   -8,   -8,   -8,   -1,   -1,   -1,
      -1,   -1,   -1,   -8,   -8,   -8,   -8,   -8,   -8,  -15,   -2,   -1,   -2,   -6,   -2,  -51,
     -51,  -23,  -29,   -5,   -2,   -1,   -1,   -2,   -7,  -11,  -34,   -2,   -2,   -2,   12,    7,
      -2,   -2,   -2,   -2,   -2,   -2,   -2,   -2,   -2,   -2,   -2,    9,   19,   -2,   -2,   -2,
      -2,   14,    8,   -2,   -2,   -2,   -2,   -2,   -2,   -2,  -51,  -51,    1,  -15,   -8,   -1,
       1,    1,   -6,   -6,  -18,   -9,   -7,  -13,   -8,   -7,   -7,  -15,  -13,  -19,  -12,  -12,
     -33,  -11,  -28,  -20,  -23,  -38,  -12,   -5,  -10,   -7,  -10,   -8,   -7,  -21,  -10,   -8,
      -8,   -7,  -15,  -12,  -20,  -17,   -4,  -20,  -10,   -5,   -5,   -5,   -5,   -5,  -10,  -10,
     -10,  -10,   -7,   -7,   -7,   -5,   -5,   -7,  -13,  -10,  -10,  -10,  -10,  -10,   -8,   -7,
     -10,   -8,  -33,   -8,   -7,   -4,   -4,   -5,   -5,  -10,  -10,  -10,  -10,   -7,   -5,   -5,
      -5,   -5,   -5,   -5,  -10,  -17,   -6,   -6,   -2,   -2,  -28,   -1,  -15,  -22,  -13,  -13,
      -9,   -9,  -18,  -16,  -15,  -15,  -15,  -15,  -32,  -15,  -34,  -25,  -22,  -46,   -9,  -12,
      -7,   -6,  -13,  -12,  -13,  -12,  -12,  -12,  -13,  -12,   -3,  -12,  -11,  -19,  -16,  -17,
     -20,   -7,  -12,   -7,  -11,  -19,  -22,  -19,  -13,   -7,   -7,   -7,   -7,   -7,  -13,  -13,
     -13,  -13,  -11,  -11,  -12,   -7,   -7,  -12,  -15,  -13,  -13,  -13,  -13,  -13,  -12,  -12,
     -13,   -3,   -3,  -12,  -64,  -12,  -11,   -7,   -7,   -7,   -7,  -13,  -13,  -13,  -13,  -11,
      -7,   -7,   -7,   -7,   -7,   -7,  -13,  -20,  -27,  -24,  -13,  -13,  -25,   -6,  -23,  -23,
      -7,   -7,   -7,  -11,  -15,  -20,  -17,  -13,  -15,   -6,  -31,  -29,  -40,  -32,  -12,  -44,
      -2,  -16,  -10,  -20,  -19,   -8,    1,   -8,   -7,    1,   -8,   -8,   -7,  -11,  -19,  -18,
     -19,  -19,   -5,   -3,   -9,  -26,  -19,   -9,  -20,   -8,  -16,  -16,  -16,  -16,  -16,  -20,
     -20,  -20,   -7,   -7,   -7,   -7,  -20,  -20,  -20,  -20,  -20,  -20,  -18,  -18,   -7,  -16,
     -16,  -20,  -20,  -20,  -20,  -20,    1,    1,   -8,  -15,   -7,   -7,   -7,   -7,   -7,    1,
      -8,   -7,  -12,  -20,  -20,   -7,  -11,  -11,  -19,  -30,  -19,  -18,   -9,   -9,    1,  -16,
     -16,  -20,  -20,   -7,   -7,  -20,   -7,   -7,  -18,  -16,  -16,  -16,  -16,  -16,  -16,  -20,
     -20,  -20,  -20,   -7,  -20,  -20,   -3,  -21,  -20,   -7,   -7,  -19,   -1,  -12,  -12,  -12,
      -4,   -7,  -12,   -5,  -11,   -6,   -5,   -3,   -4,  -11,  -14,  -21,  -32,   -3,  -10,   -2,
      -4,   -4,   -4,   -3,   -4,   -2,   -9,   -3,  -16,   -2,   -2,   -2,   -2,   -2,   -4,   -2,
      -2,   -4,   -5,   -4,   -2,   -3,   -2,   -2,   -2,   -2,   -2,   -2,   -2,   -2,   -2,  -12,
     -12,   -1,   -6,  -16,  -25,   -1,  -25,   -2,  -15,  -19,  -10,  -29,  -10,  -10,   -4,   -6,
     -19,  -12,  -38,  -37,   -7,  -15,   -3,   -2,   -1,   -7,   -7,   -7,   -4,   -2,   -6,   -4,
     -12,   -1,   -1,   -5,  -41,   -3,   -3,   -3,   -3,   -3,   -7,   -3,   -3,   -7,  -10,   -7,
      -4,   -3,   -3,   -3,   -3,   -3,   -3,   -3,   -3,   -4,   -1,  -25,  -25,   -9,  -11,   -1,
      -2,  -14,   -9,   -1,   -6,   -4,   -5,   -6,  -17,  -13,  -11,  -11,   -4,  -12,   -5,   -8,
      -1,   -4,   -4,   -3,   -2,  -19,  -14,   -9,  -20,   -3,   -1,   -9,   -7,   -4,   -1,   -2,
      -2,   -6,   -4,   -3,  -17,   -3,   -2,   -3,   -3,   -2,  -20,  -11,  -12,  -11,  -11,  -36,
     -17,   -9,  -15,   -5,    1,  -25,  -14,  -38,  -19,   -1,  -38,  -24,    3,  -11,   -9,   -2,
     -13,   -8,   -9,  -11,   -8,   -9,   -5,  -25,  -13,   -9,  -18,  -17,  -24,  -15,  -19,  -17,
      -9,  -15,   -5,    1,  -25,  -14,  -38,  -19,   -1,  -38,  -24,    3,  -11,   -9,   -2,  -13,
      -8,   -9,  -11,   -8,   -9,   -5,  -25,  -13,   -9,  -34,  -17,  -24,  -15,  -21,   -3,   -9,
     -12,   -1,   -5,   -3,   -5,  -20,  -13,  -30,  -18,   -4,  -43,   -5,  -16,   -7,   -5,   -6,
     -10,   -2,   -5,  -20,  -10,  -10,   -8,  -16,   -7,  -12,   -3,   -9,  -12,   -1,   -5,   -3,
      -5,  -20,  -13,  -30,  -18,   -4,  -43,   -5,  -16,   -7,   -5,   -6,  -10,   -2,   -5,  -20,
     -10,  -19,   -8,  -16,   -7,  -23,   -3,   -9,  -12,   -1,   -5,   -3,   -5,  -20,  -13,  -30,
     -18,   -4,  -43,   -5,  -16,   -7,   -5,   -6,  -10,   -2,   -5,  -20,  -10,  -19,   -8,  -16,
      -7,    1,   12,   -1,    3,   -5,   -7,   -1,   -4,   -5,   -4,   -2,   -2,   -6,    8,   13,
       6,    6,    6,   -3,   -3,   -4,    5,  -10,   -7,   -5,   -4,   21,    1,   15,    6,    6,
      -5,    7,   -4,   -7,   -9,    4,   -9,   -1,    3,   -1,   -2,   -7,   -4,   -4,   -5,   -4,
      -2,   -2,   -6,   -3,   -3,   -4,  -10,    7,   -7,   -5,   -4,    9,   -5,    7,   -4,   -7,
       5,   -9,   -1,    8,   -1,    7,   -7,    4,   -4,   -5,   -4,   -2,   -2,   -6,    7,    1,
       1,    1,   -3,   -3,   -4,  -10,    3,   -7,   -5,   -4,    1,    1,    1,    1,   -5,    7,
      -4,   -7,    3,   -9,   -1,   -5,   -1,   -7,   -5,   -5,   -5,   -8,   -8,   -8,   -3,   -8,
      -8,   -6,  -11,  -15,  -11,  -12,  -18,   -7,   -5,   -5,   -6,   -2,   -7,   -7,   -6,   -8,
      -8,   -6,   -7,   -3,   -5,   -5,   -9,  -28,  -12,  -10,  -14,   -7,  -10,   -2,  -10,  -11,
     -27,  -13,  -31,  -18,  -14,  -49,  -11,  -24,   -9,   -9,   -7,  -10,  -10,   -9,   -2,   -9,
     -10,  -27,  -10,  -12,  -11,  -16,   -8,  -28,  -12,  -10,  -14,   -7,  -10,   -2,  -10,  -11,
     -27,  -13,  -31,  -18,  -14,  -49,  -11,  -24,   -9,   -8,  -14,  -10,  -20,   -9,   -2,   -9,
     -10,  -27,  -20,  -25,  -21,  -16,   -8,  -14,  -31,   -4,  -31,  -16,    2,  -10,   -9,   -6,
     -18,   -4,   -6,  -19,   -4,  -12,    4,   -4,  -40,  -17,  -36,  -23,  -42,  -26,   -2,   -8,
      -6,   -1,   -3,   -3,   -1,   -7,   -7,  -23,  -16,  -51,   -9,  -20,  -16,  -24,  -15,  -20,
     -24,   -2,   -2,   -2,   -2,   -2,   -8,   -8,   -8,   -7,   -8,   -8,   -8,   -8,  -15,   -7,
      -7,   -2,   -2,   -8,   -8,   -8,   -8,   -8,   -1,   -1,   -3,   -1,   -1,   -8,   -8,   -1,
      -1,   -7,  -40,   -7,   -7,   -1,   -2,   -2,   -8,   -8,   -8,   -7,   -2,   -2,   -2,   -2,
      -2,   -2,   -8,   -8,   -8,   -8,   -8,   -8,  -51,  -16,  -30,  -31,  -32,  -28,   -6,  -19,
     -17,    7,   -9,  -15,   -5,    1,  -25,  -14,  -38,  -19,   -1,  -38,  -24,    1,    4,    3,
     -11,   -9,   -2,  -25,   -8,   -9,  -11,   -8,   -9,   -5,    1,    1,    4,  -25,    1,  -25,
      -9,  -18,  -17,  -24,  -15,   -1,   -2,   -1,  -10,   -4,   -2,   -3,  -10,  -12,  -27,  -19,
      -3,  -40,   -1,   -4,   -1,   -1,   -4,   -2,  -10,   -8,   -1,   -1,   -1,   -1,   -2,   -1,
      -1,   -1,   -1,   -1,   -1,   -1,   -1,   -1,   -1,   -2,   -1,   -1,  -10,   -1,   -1,   -1,
      -1,   -1,   -1,   -1,   -1,   -1,   -2,  -10,   -2,   -1,  -12,   -3,   -2,   -1,  -10,   -5,
      -2,   -3,  -10,  -12,  -27,  -19,   -3,  -40,   -1,   -4,   -1,   -1,   -4,   -2,  -10,   -8,
      -1,   -1,   -1,   -1,   -2,   -1,   -1,   -1,   -1,   -1,   -1,   -1,   -1,   -1,   -1,   -2,
      -1,   -1,  -10,   -1,   -1,   -1,   -1,   -1,   -1,   -1,   -1,   -1,   -2,  -10,   -2,   -1,
     -12,    1,   23,   36,   42,   27,   -1,   -9,   -1,   34,   44,   50,   -1,   -1,   42,   11,
      16,   42,   42,    1,    4,    6,    5,    3,    5,   41,  -10,   12,   -1,   -1,   -1,   -1,
      11,   11,   11,   11,   -1,   -1,   -1,   -1,   -1,    4,    4,   42,   -1,   -1,   -1,   -1,
      -1,   42,   11,   11,   11,   11,   11,   16,   42,   -1,   -1,    1,    1,    4,    6,   -1,
      -1,   11,   11,   -1,    4,   -1,   -1,   -1,   -1,   11,   -1,   -1,    5,   -9,   17,   26,
      -1,   -1,  -10,   -1,   -7,   -8,   -4,   -6,   -7,   -5,   -4,   -6,   -6,   -3,   -1,   -6,
      -5,   -7,  -10,   -3,   -8,   -4,   -1,   -4,   -3,   -3,   -3,   -3,   -3,   -3,   -3,   -3,
      -3,   -3,   -3,   -3,   -3,    8,   -1,   -3,   -3,   -6,   -3,   -3,   10,   -3,   -3,   -3,
      -3,   -3,   -3,   -3,   -7,   -8,   -8,  -11,   -8,   -5,  -23,   -3,   -9,  -12,   -1,   -5,
      -3,   -5,  -20,  -13,  -30,  -18,   -4,  -43,   -5,  -16,   -7,   -5,   -6,  -10,   -2,   -5,
     -20,  -10,  -10,   -8,  -16,   -7,   -6,    1,  -12,   -2,   -1,   -2,   -3,   -3,   -3,   -2,
      -3,   -3,   -9,   -9,  -17,  -10,   -4,  -30,   -2,   -1,   11,   -4,   -2,   -6,   -1,    1,
       1,  -12,  -11,   -3,   -4,   -4,   -4,   -4,   -4,   -2,   -2,   -2,   -6,   -2,   -2,   -2,
      -2,   -2,   -4,   -4,   -2,   -2,   -2,   -2,   -2,   -3,   -5,   -2,   -2,   -1,   -1,   -9,
      -4,   -4,   -2,   -2,   -2,   -4,   -4,   -4,   -4,   -4,   -4,   -2,   -2,   -2,   -2,   -2,
      -2,  -12,    1,    1,    1,   -2,   -4,    2,    4,   -1,   -4,   -7,   -2,   -4,   -5,   -4,
      -2,   -2,   -6,    3,    5,    1,    1,   -3,   -3,   -4,    2,  -10,   -7,   -5,   -4,    1,
       1,    1,   -5,    7,   -4,   -7,   -7,    1,   -9,   -1,    2,   -1,   -7,   -4,   -5,   -4,
      -2,   -2,   -6,    2,   -3,   -3,   -4,  -10,    1,   -7,   -5,   -4,   -5,    7,   -4,   -7,
      -6,   -9,   -1,    4,   -1,    1,   -4,   -7,   -3,   -4,   -5,   -4,   -2,   -2,   -6,    3,
       3,    1,    1,    1,   -3,   -3,   -4,    2,  -10,   -7,   -5,   -4,    1,    1,    1,   -5,
       7,   -4,   -7,   -8,   -9,   -1,   11,   -1,    5,    3,   14,   -5,   16,   18,    4,   -8,
      -3,   -8,  -23,    1,   -7,   -3,  -10,   -2,   -6,   -3,   -3,   -3,  -25,    3,   -3,   -6,
      -1,   -6,   -6,   -7,   -3,  -12,   -8,   -3,   -4,   -2,   -8,   -8,  -33,  -24,   -6,  -35,
      -2,   -2,  -19,   -8,  -22,   -2,  -49,   -3,   -3,   -3,   -3,   -3,  -12,  -12,  -12,  -11,
     -12,  -12,  -12,  -12,  -24,   -8,   -8,   -3,   -3,  -12,  -12,  -12,  -12,  -12,   -3,   -3,
      -2,   -2,  -12,  -12,   -2,   -2,   -8,  -12,  -16,   -8,   -3,   -6,   -3,  -12,  -12,   24,
     -12,   -8,   -3,   -5,   -3,   -3,   -3,   -3,  -12,  -12,  -24,  -12,  -12,  -12,  -35,  -23,
      -7,   -2,   -2,  -10,   -1,   -5,   -4,  -23,    1,   -5,   -6,   -8,  -11,  -24,  -13,  -33,
      -4,   -5,   -8,  -11,   -9,   -8,   -5,   -4,   -5,   -4,   -6,   -3,  -17,   -2,  -21,   -3,
      -6,   -5,   -5,   -5,   -5,   -5,   -8,   -8,   -8,  -13,   -8,   -8,   -8,   -8,  -20,   -4,
      -4,   -5,   -5,   -8,   -8,   -8,   -8,   -8,   -9,   -9,   -8,   -8,   -8,   -8,   -8,   -5,
      -8,   -5,   -4,   -9,   -5,   -5,   -8,   -8,   -8,   -4,   -5,   -5,   -5,   -5,   -5,   -5,
      -8,   -8,   -8,   -8,   -8,   -8,   -6,  -23,   -5,   -4,  -13,   -3,   -6,  -11,  -72,  -36,
       4,    4,   -7,  -22,  -11,    1,    1,  -21,   -1,  -74,   -7,  -17,  -31,   -3,  -60,   -1,
     -18,   -4,   -4,   -4,   -3,  -23,  -11,  -24,   -1,   -2,  -26,   -2,   -1,   -3,   -3,   -4,
      -4,  -73,   -4,   -3,   -1,   -1,   -3,  -24,  -38,  -71,    4,    4,  -39,  -37,    3,   24,
      38,   43,   28,   -7,   35,   46,   51,    2,   44,   13,   18,   44,   43,    1,    1,    3,
       6,    9,    7,    6,    7,    1,   43,    2,   -9,   13,   -6,    2,   13,   13,   13,   13,
       6,    6,   44,    3,   44,   13,   13,   13,   13,   13,   18,   44,    1,   16,    3,    3,
       6,    1,    8,   13,   13,    1,    1,    6,   13,    7,   -7,   18,   27,   -5,  -11,   -1,
     -12,  -11,  -23,  -11,  -10,  -14,   -7,  -10,   -2,  -10,  -11,  -27,  -13,  -31,  -18,  -14,
     -49,  -11,  -24,   -8,   -9,   -7,  -10,  -10,   -9,   -2,   -9,  -10,  -27,  -10,  -25,  -19,
     -16,   -8,  -10,    1,   -8,  -10,  -22,  -23,  -22,   -8,   -2,  -18,  -13,  -23,  -15,  -13,
      -1,  -10,  -11,  -23,  -14,  -23,  -37,   -2,   -6,   -6,   -8,   -7,   -5,   -4,   -2,   -4,
      -4,   -2,   -5,   -6,  -17,  -22,   -6,   -6,   -6,   -6,   -6,   -8,   -8,   -8,   -2,   -2,
      -2,   -2,   -6,   -8,   -8,   -8,   -8,   -8,   -4,   -6,   -6,   -8,   -8,   -8,   -8,   -8,
      -5,   -5,   -4,  -13,   -2,   -2,   -2,   -2,   -2,   -4,  -13,   -8,   -8,   -2,   -5,   -5,
     -10,   -5,   -6,   -6,   -8,   -8,   -2,   -2,   -8,   -2,   -2,   -6,   -6,   -6,   -6,   -6,
      -6,   -8,   -8,   -8,   -8,   -2,   -8,   -8,  -23,    3,    3,  -22,  -22,   -2,    1,  -10,
      -8,  -11,  -22,  -23,  -22,   -8,   -2,  -18,  -13,  -23,  -15,  -13,   -1,  -10,  -11,  -23,
     -14,  -23,  -37,   -2,   -7,   -6,   -8,   -7,   -5,   -9,   -2,   -9,   -9,   -2,   -5,   -8,
     -17,  -22,   -6,   -6,   -6,   -6,   -6,   -8,   -8,   -8,   -2,   -2,   -2,   -2,   -6,   -8,
      -8,   -8,   -8,   -8,   -9,   -6,   -6,   -8,   -8,   -8,   -8,   -8,   -5,   -5,   -9,  -13,
      -2,   -2,   -2,   -2,   -2,   -9,  -13,   -8,   -8,   -2,   -5,   -5,  -10,   -5,   -6,   -6,
      -8,   -8,   -2,   -2,   -8,   -2,   -2,   -6,   -6,   -6,   -6,   -6,   -6,   -8,   -8,   -8,
      -8,   -2,   -8,   -8,  -23,    3,    3,  -22,  -22,   -2,    1,  -10,   -7,   -6,   -1,   -1,
      -9,   -3,   -6,   -2,   -5,   -7,  -13,  -13,  -30,  -18,   -4,  -37,   -4,  -18,    1,   -4,
      -4,   -2,   -1,   -6,   -5,   -4,   -7,   -1,   -1,   -2,   -1,   -1,   -4,   -4,   -6,   -4,
      -2,   -2,  -13,   -1,   -1,   -1,   -1,   -7,   -3,   -6,   -1,   -1,  -13,   -1,  -12,   -8,
      -6,   -1,   -1,  -10,   -3,   -6,   -2,   -5,   -7,  -13,  -13,  -30,  -18,   -4,  -37,   -4,
     -18,   -2,   -4,   -4,   -2,   -1,   -6,   -5,   -4,   -7,   -1,   -1,   -2,   -1,   -1,   -4,
      -4,   -6,   -4,   -2,   -2,  -13,   -1,   -1,   -1,   -1,   -7,   -3,   -4,   -1,   -1,  -13,
      -1,    4,    1,    1,   -8,    1,    1,   -2,   -3,   -1,   -2,   -2,  -11,  -10,  -23,  -14,
     -32,   -2,    3,   -1,    3,   -3,   -2,   -1,   -1,    1,    1,   -1,    1,    1,   -9,   -8,
      -3,   -1,   -1,   -1,   -1,   -1,   -3,   -3,   -3,   -3,   -3,   -3,   -3,   -3,   -3,   -1,
      -1,   -1,   -3,   -3,   -3,   -3,   -3,   -1,   -2,   -1,   -2,   -3,   -3,  -11,   -1,   -1,
      -3,   -3,   -3,   -1,   -1,   -1,   -1,   -1,   -1,   -3,   -3,   -3,   -3,   -3,   -3,    1,
      -8,    1,    2,    1,    1,   -6,   -5,  -12,  -15,  -68,  -67,  -68,  -15,  -18,   -8,   -6,
     -10,  -10,    2,   -8,  -38,   -3,  -36,   -2,   -2,  -37,  -55,  -63,   -6,  -33,  -12,   -4,
      -1,  -12,  -26,  -11,  -33,  -14,  -16,   -8,  -17,   -8,  -18,  -16,  -62,  -33,  -20,  -52,
      -3,   -6,  -34,  -34,  -35,  -33,  -37,  -54,  -54,  -54,   -7,  -12,   -7,   -7,  -19,  -55,
     -55,  -55,  -54,  -55,  -16,  -16,  -12,  -35,  -34,  -55,  -55,  -54,  -54,  -54,  -32,  -32,
     -10,   -7,   -8,   -7,   -4,  -15,    3,  -12,  -55,  -55,  -26,  -29,  -31,  -14,  -14,  -16,
     -16,  -16,  -33,  -28,  -34,  -49,  -54,   19,   -7,  -51,  -19,  -25,  -13,  -37,  -23,  -35,
     -35,  -35,  -35,  -55,  -54,  -37,  -55,   -4,  -45,  -55,  -18,  -67,    1,  -68,  -68,  -11,
       1,   -8,    1,   -1,   -2,   -3,   -1,   -2,   -2,  -11,  -10,  -23,  -14,  -32,   -2,   -1,
      -3,   -2,   -2,   -2,   -1,   -9,   -8,   -3,   -1,   -1,   -1,   -1,   -1,   -3,   -3,   -3,
      -3,   -3,   -3,   -3,   -3,   -3,   -2,   -1,   -1,   -3,   -3,   -3,   -3,   -3,   -2,   -2,
      -2,   -2,   -3,   -3,  -11,   -1,   -1,   -3,   -3,   -3,   -1,   -1,   -1,   -1,   -1,   -1,
      -3,   -3,   -3,   -3,   -3,   -3,  -16,    1,    1,   -6,   -5,  -20,   -1,   -2,  -10,   -8,
     -14,   -3,  -14,  -11,  -30,  -18,  -36,  -16,   -3,   -2,   -5,  -10,   -5,   -8,   -6,   -2,
      -3,  -14,   -5,   -8,  -10,  -20,  -18,   -9,   -4,  -13,  -13,   -4,  -12,   -2,  -10,   -3,
      -2,   -5,  -16,   -3,   -2,   -3,   -1,   -4,   -2,   -2,   -2,   -2,   -2,   -2,   -2,   -2,
      -2,   -2,   -2,   -2,   -2,   -2,   -2,   -2,  -13,  -13,   -1,   -5,   -5,   -4,   -9,   -5,
      -5,  -16,    3,   15,  -15,   19,    3,  -24,  -17,  -24,  -14,  -14,   11,  -16,    1,   -3,
     -15,    1,    8,    5,   18,   15,    4,   17,    2,   22,  -16,   25,  -12,  -12,   -7,  -10,
      18,   36,   17,  -11,  -11,  -13,  -10,   -9,  -11,  -10,  -12,  -12,  -14,   24,   -7,  -21,
     -24,   -3,   -7,  -25,  -16,  -16,  -16,  -16,  -12,  -12,  -12,  -23,  -12,  -12,  -12,  -12,
      -9,   -9,   18,  -16,  -16,  -12,  -12,  -12,  -12,  -12,  -10,  -10,   18,    1,   18,  -12,
     -12,  -11,  -13,  -13,  -10,    8,  -10,   -9,  -14,  -14,  -10,  -16,  -16,  -12,  -12,  -12,
     -11,  -11,   -9,  -16,  -16,  -16,  -16,  -16,  -16,  -12,  -12,  -12,  -12,    5,   31,  -12,
     -12,  -17,    3,  -24,  -24,    2,    2,    1,    1,  -11,   10,    1,    1,    2,    1,    1,
       1,    1,  -12,    3,    1,    1,    1,  -11,    7,    4,   -1,   -7,   -7,   -5,   -4,   -5,
      -4,   -2,   -2,   -6,   -3,   -3,   -4,  -10,   -7,   -5,   -4,   -5,    7,   -4,   -7,  -10,
      -1,   -9,   -1,    2,   -1,   -2,   -7,   -5,   -4,   -5,   -4,   -2,   -2,   -6,   -3,   -3,
      -4,  -10,    3,   -7,   -5,   -4,   -5,    7,   -4,   -7,   -9,   -1,  -10,   -8,  -11,  -22,
     -23,  -22,   -8,   -2,  -18,  -13,  -23,  -15,  -13,   -1,  -10,  -11,  -23,  -14,  -23,  -37,
      -2,   -8,   -6,   -8,   -7,   -5,   -4,   -2,   -4,   -4,   -2,   -5,   -8,  -17,  -22,   -6,
      -6,   -6,   -6,   -6,   -8,   -8,   -8,   -2,   -2,   -2,   -2,   -6,   -8,   -8,   -8,   -8,
      -8,   -4,   -6,   -6,   -8,   -8,   -8,   -8,   -8,   -5,   -5,   -4,  -13,   -2,   -2,   -2,
      -2,   -2,   -4,  -13,   -8,   -8,   -2,   -5,   -5,  -10,   -5,   -6,   -6,   -8,   -8,   -2,
      -2,   -8,   -2,   -2,   -6,   -6,   -6,   -6,   -6,   -6,   -8,   -8,   -8,   -8,   -2,   -8,
      -8,  -23,    6,    3,  -22,  -22,   -2,    1,  -26,    2,  -17,   -9,  -14,   -5,    1,  -25,
     -14,  -38,  -19,   -1,  -38,  -24,    5,    3,  -11,   -9,   -2,  -13,    5,   -8,   -9,  -11,
      -8,   -9,   -5,  -25,  -13,   -9,  -18,  -29,  -24,  -15,  -23,    3,  -17,   -9,  -12,   -5,
       1,  -25,  -14,  -38,  -19,   -1,  -38,  -24,    4,    3,    1,    1,    3,  -11,   -9,   -2,
     -13,    3,   -8,   -9,  -11,   -8,   -9,   -5,    1,    1,    1,  -25,  -13,   -9,  -32,  -27,
     -24,  -15,    1,   -6,    5,   -8,   -7,   -1,   -5,   -3,   -5,  -20,  -13,  -30,  -18,   -4,
     -43,   -5,  -16,   13,    4,    1,    1,    1,   -7,   -5,   -6,  -10,   13,   -2,    1,    1,
      -5,    1,  -20,  -10,  -19,  -11,  -16,   -7,    1,   -2,    5,   -8,   -7,   -1,   -5,   -3,
      -5,  -20,  -13,  -30,  -18,   -4,  -43,   -5,  -16,   10,   10,    4,    4,    4,   -7,   -5,
      -6,  -10,    7,   -2,    4,    4,   -5,    4,  -20,  -10,  -16,  -10,  -16,   -7,   -1,   -7,
      -7,   -5,   -4,   -5,   -4,   -2,   -2,   -6,   -3,   -3,   -4,  -10,   -7,   -5,   -4,   -5,
       7,   -4,   -7,  -10,   -2,   -9,   -1,  -22,   -8,  -10,  -14,   -7,  -10,   -2,  -10,  -11,
     -27,  -13,  -31,  -18,  -14,  -49,  -11,  -24,   -3,    1,   -9,   -7,  -10,  -10,   -3,   -2,
      -9,  -10,  -27,  -10,  -12,  -20,  -16,   -8,  -20,   -7,  -10,  -12,   -7,  -10,   -2,  -10,
     -11,  -27,  -13,  -31,  -18,  -14,  -49,  -11,  -24,   -3,    1,   -9,   -7,  -10,  -10,   -5,
      -2,   -9,  -10,  -27,  -10,  -12,  -17,  -16,   -8,  -16,    3,   15,  -15,   19,    3,  -24,
     -17,  -24,  -14,  -14,   11,  -16,    1,   -3,  -15,    1,    8,    5,   18,   15,    4,   17,
       2,   22,  -16,   25,  -12,  -12,   -7,  -10,   18,   36,   17,  -11,  -11,  -13,  -10,   -9,
     -11,  -10,  -12,  -12,  -14,   24,   -7,  -21,  -24,   -3,   -7,  -25,  -16,  -16,  -16,  -16,
     -12,  -12,  -12,  -23,  -12,  -12,  -12,  -12,   -9,   -9,   18,  -16,  -16,  -12,  -12,  -12,
     -12,  -12,  -10,  -10,   18,   21,    6,   18,  -12,  -12,  -11,  -13,  -13,  -10,    8,  -10,
      -9,  -14,  -14,  -10,  -16,  -16,  -12,  -12,  -12,  -11,  -11,   -9,  -16,  -16,  -16,  -16,
     -16,  -16,  -12,  -12,  -12,  -12,    5,   31,  -12,  -12,  -17,    3,  -24,  -24,    2,    2,
       1,    1,  -11,   10,    1,    1,    2,    1,    1,    1,    1,  -12,    3,   19,    1,    1,
       1,  -11,    7,    4,  -10,  -11,  -10,  -50,  -15,  -26,  -11,   -2,  -22,  -15,   -2,  -24,
     -16,  -16,   -2,   -9,  -11,  -19,  -12,  -30,  -31,   -2,   -3,   -6,   -1,  -10,  -13,   -6,
      -8,   -8,   -8,   -6,   -3,   -8,  -17,  -15,   -2,   -2,   -6,   -6,   -6,   -6,   -6,  -10,
     -10,  -10,  -12,  -10,  -10,  -10,  -10,  -10,   -8,   -6,   -6,  -10,  -10,  -10,  -10,  -10,
      -6,   -6,   -8,  -15,   -8,  -13,  -10,  -10,   -6,   -6,   -9,   -3,   -3,   -6,   -6,   -6,
     -10,  -10,  -10,   -6,   -6,   -6,   -6,   -6,   -6,  -10,  -10,  -10,  -10,  -10,  -10,  -15,
     -51,  -51,   -2,   -5,    1,  -37,  -24,  -31,  -20,  -12,   -9,   -2,  -15,  -10,   -9,   -9,
     -15,  -13,  -22,  -12,  -13,  -34,  -11,  -28,  -20,  -24,  -39,  -13,  -22,   -5,  -11,   -8,
     -10,   -8,   -8,   -8,  -10,   -8,   -8,   -8,  -16,  -13,  -21,  -17,   -5,  -19,  -16,  -21,
     -11,   -5,   -5,   -5,   -5,   -5,  -10,  -10,  -10,  -10,   -8,   -8,   -8,   -5,   -5,   -8,
     -13,  -10,  -10,  -10,  -10,  -10,   -8,   -8,  -10,   -8,  -67,  -16,   -8,   -5,   -5,   -5,
      -5,  -10,  -10,  -10,  -10,   -8,   -5,   -5,   -5,   -5,   -5,   -5,  -10,  -17,  -38,  -35,
     -35,  -12,  -14, -106,  -39,  -53,  -16,  -10,   -7,   -2,   -2,  -29,  -30,    8,    4,    1,
       7,    1,  -12,    8,  -15,  -19,   -2,  -11,    1,    1,    1,   -3,   -2,   -9,   -1,   -2,
      -9,   -3,  -28,   -7,  -40,  -40,   -2,  -19,  -22,  -23,  -22,  -12,  -28,  -31,  -31,   20,
       3,   18,  -10,  -31,  -15,  -15,  -15,  -15,   11,  -12,  -21,  -15,  -15,  -15,  -15,  -31,
     -22,  -21,    1,   11,   10,   10,   10,    1,  -15,  -15,   -5,  -16,  -15,   -1,   -3,   -2,
      -2,  -21,   -5,  -22,  -14,  -15,   47,    7,  -23,   14,   -3,  -12,   -3,  -22,  -12,  -12,
     -22,  -15,  -15,  -13,  -15,  -22,  -15,  -39, -106,  -53,  -12,  -12,   -7, -110,  -45,  -55,
       1,  -21,  -11,  -10,   -7,   -7,  -31,   -1,  -30,    7,    3,    1,    6,  -18,    8,  -22,
     -25,   -2,  -17,    1,    1,    1,  -10,   -9,  -16,   -2,   -2,   -1,   -1,   -3,   -1,   -3,
      -8,  -11,  -33,  -14,  -42,  -41,   -1,   -2,  -32,  -34,  -34,  -31,  -18,  -41,  -43,  -41,
      17,   16,   21,  -13,  -43,  -44,  -22,  -43,  -22,   -2,   -2,   11,  -34,  -34,  -43,  -44,
     -43,  -43,  -43,  -33,  -33,    3,   15,   12,    8,   23,    1,   -1,  -22,  -22,  -20,  -28,
     -28,   -2,   -2,   -2,   -3,   -3,  -33,  -15,  -34,  -24,  -43,   41,   12,  -33,  -20,   -2,
     -18,  -16,  -34,  -34,  -34,  -34,  -22,  -43,  -25,  -43,  -34,  -22,   -1,  -45, -110,  -55,
     -21,  -47,   -7,   -3,  -53,  -10,   -9,   -1,    3,    6,   -2,  -22,  -11,  -20,  -12,  -34,
     -18,  -36,  -26,  -36,  -32,   -8,   -8,   -9,   -9,  -27,  -20,  -29,   -9,   -2,  -10,  -11,
     -51,   -6,  -12,   -9,   -9,   -8,   -9,  -68,   -9,   -9,   -9,  -29,  -10,  -53,  -53,  -49,
      -6,   -2,  -11,  -14,   -2,   -6,  -19,   -3,   -5,   -3,   -1,   -5,   -3,  -11,   -3,   -3,
      -5,  -12,  -14,   -9,    3,  -49,  -41,  -49,  -20,  -12,  -11,   -7,   -7,    7,   -9,    4,
     -10,  -31,  -13,  -37,  -41,  -49,  -49,    1,    1,    1,    1,    1,    1,    1,    1,   -9,
      -1,   -2,  -11,   -8,   12,   25,   99,   41,   41,  -15,  -23,  -15,   45,   -7,   32,    1,
      -5,   25,   31,    5,   32,   40,   53,   50,   39,   52,   27,   42,   45,   -5,   -7,   -8,
      -4,   -2,   15,   41,   -2,   -2,   -3,    2,   30,   42,    1,   25,  -18,   36,   29,   29,
     -22,   39,   24,    1,    2,   -8,   -4,    4,   -8,   -3,  -13,   -3,   49,   30,   52,   -8,
      -6,  -13,  -12,   -9,   -7,    5,    2,   -2,   -4,  -13,   -7,   -9,   -6,   -6,   -7,    1,
      36,   32,   44,   45,   46,   15,   57,   -2,  -10,  -11,   -8,   11,   -1,    6,    2,   32,
       2,    4,    6,   31,   -6,   23,  -11,   78,   39,   14,   47,    7,   23,   -7,   31,   -1,
      -9,   -6,   -1,  -12,  -10,   24,   -7,   20,   15,   -9,    4,  -23,   82,   89,  -15,  -15,
      50,   46,   -7,   23,    3,   -1,   -7,   -7,   -5,   -4,   -5,   -4,   -2,   -2,   -6,   -3,
      -3,   -4,  -10,   -7,   -5,   -4,   -5,   -4,   -7,   -5,   -1,   -9,   -1,
};

static const EpdLigaturePair libron_12_regularLigaturePairs[] = {
    { 0x00660066, 0xFB00 }, // f f -> U+FB00
    { 0x00660069, 0xFB01 }, // f i -> U+FB01
    { 0x0066006C, 0xFB02 }, // f l -> U+FB02
    { 0xFB000069, 0xFB03 }, // U+FB00 i -> U+FB03
    { 0xFB00006C, 0xFB04 }, // U+FB00 l -> U+FB04
};

static const EpdFontData libron_12_regular = {
    libron_12_regularBitmaps,
    libron_12_regularGlyphs,
    libron_12_regularIntervals,
    53,
    25,
    20,
    -5,
    true,
    libron_12_regularGroups,
    11,
    nullptr,
    nullptr,  // kernLeftClasses: built-in fonts use the split arrays below
    nullptr,  // kernRightClasses
    libron_12_regularKernLeftCodepoints,
    libron_12_regularKernLeftClassIds,
    libron_12_regularKernRightCodepoints,
    libron_12_regularKernRightClassIds,
    nullptr,  // kernMatrix: built-in fonts use the sparse form below
    libron_12_regularKernRowOffsets,
    libron_12_regularKernSparseCols,
    libron_12_regularKernSparseValues,
    450,
    455,
    160,
    175,
    libron_12_regularLigaturePairs,
    5,
};
