/**
 * generated by fontconvert.py
 * name: libron_12_bolditalic
 * size: 12
 * mode: 2-bit  compressed: true
 * Command used: fontconvert.py libron_12_bolditalic 12 ../builtinFonts/source/Libron/Libron-BoldItalic.ttf --2bit --compress --pnum --zopfli
 */
#pragma once
#include "EpdFontData.h"

static const uint8_t libron_12_bolditalicBitmaps[17745] = {
    0x8D, 0x58, 0x01, 0xA4, 0x26, 0x59, 0x76, 0xFE, 0xAA, 0xEE, 0xCC, 0xD4, 0x52, 0xC9, 0xDC, 0xC1,
    0x86, 0x95, 0xDE, 0xED, 0x3B, 0x58, 0x82, 0xDD, 0xEE, 0x1B, 0x2C, 0xE9, 0xF0, 0xDE, 0xBB, 0xB5,
    0x19, 0xD1, 0x08, 0x99, 0xC1, 0x02, 0x60, 0x01, 0x01, 0x7A, 0xC3, 0x90, 0x09, 0xAF, 0xBB, 0x6A,
    0x27, 0xCC, 0x20, 0x98, 0x15, 0x08, 0x60, 0x07, 0x01, 0x81, 0x69, 0xD1, 0xE1, 0x85, 0xD7, 0x5D,
    0x77, 0xB6, 0xB1, 0x18, 0xCC, 0x9D, 0xDD, 0x00, 0x59, 0xD9, 0x9B, 0x99, 0x46, 0xC8, 0xC4, 0xDC,
    0xDD, 0xA9, 0x9D, 0xAE, 0xB7, 0x5D, 0x7F, 0x9D, 0x9C, 0x4F, 0xFD, 0x7F, 0xF7, 0x4C, 0x66, 0x86,
    0xAD, 0xBF, 0xEA, 0xAB, 0xDF, 0xFF, 0xDF, 0xFB, 0x9D, 0x73, 0xBE, 0x73, 0xCE, 0xA9, 0xF7, 0x3F,
    0xF8, 0x88, 0x3E, 0x62, 0x1C, 0x20, 0x1D, 0x04, 0xD8, 0xA1, 0x5A, 0x50, 0xCD, 0xA8, 0x0B, 0x4F,
    0x93, 0x60, 0x22, 0xB6, 0xC3, 0x77, 0xFB, 0x85, 0xB7, 0x80, 0xF0, 0x46, 0x0E, 0x36, 0xEA, 0x79,
    0xD3, 0x75, 0xA7, 0x1E, 0x67, 0x57, 0x51, 0x8E, 0x00, 0x5C, 0x6E, 0x3A, 0xE0, 0xC8, 0x02, 0xB8,
    0x76, 0x59, 0xE1, 0xF6, 0xB7, 0x15, 0xCA, 0x35, 0xA0, 0x4E, 0x77, 0x50, 0x89, 0xC8, 0x50, 0x2B,
    0x74, 0xB0, 0xE4, 0xFC, 0x46, 0xBB, 0x5F, 0xEB, 0x45, 0x26, 0x04, 0x91, 0x82, 0x2A, 0xBD, 0x0C,
    0xB5, 0x57, 0x80, 0xE6, 0xCF, 0x12, 0xB6, 0x65, 0x57, 0xB8, 0x0C, 0xF8, 0xEB, 0x04, 0xFC, 0x4B,
    0x54, 0x92, 0x0C, 0x27, 0x0B, 0xEE, 0x55, 0x3B, 0x75, 0xF3, 0xB4, 0x9E, 0x01, 0xB3, 0xE8, 0xA5,
    0xA4, 0x86, 0x04, 0xB2, 0x02, 0xBD, 0x74, 0x68, 0x24, 0x02, 0xA3, 0x5E, 0x21, 0x3E, 0x07, 0x3F,
    0x9C, 0x21, 0x74, 0x6B, 0xB5, 0x62, 0x94, 0x19, 0x4E, 0x7E, 0x04, 0xF3, 0xF7, 0x80, 0xF9, 0x4B,
    0xA0, 0x7A, 0x0A, 0xC0, 0xD8, 0x61, 0xD2, 0xF5, 0x75, 0x76, 0xF7, 0x53, 0x3B, 0x04, 0x93, 0x3D,
    0x4E, 0x4C, 0x3A, 0xC5, 0x69, 0xF3, 0x5E, 0xC1, 0xA9, 0xBD, 0x1F, 0x71, 0xD3, 0xBF, 0xD8, 0x21,
    0xEC, 0x8E, 0x5D, 0xB6, 0x0F, 0xE6, 0x71, 0x41, 0xFD, 0xFE, 0x74, 0x8E, 0xF6, 0xEF, 0xF2, 0x29,
    0x5C, 0x1B, 0xCF, 0x75, 0x4D, 0x5C, 0x50, 0xEC, 0x0F, 0x67, 0x93, 0xEC, 0xFD, 0x62, 0x3B, 0x25,
    0x3B, 0x86, 0x5A, 0x43, 0x35, 0x66, 0xA0, 0x95, 0x05, 0x70, 0x69, 0x05, 0x7C, 0xBC, 0x47, 0x87,
    0x76, 0x80, 0xFF, 0xD9, 0x0C, 0xB8, 0x47, 0x8C, 0x71, 0x76, 0x2B, 0xFC, 0xD2, 0x4C, 0xF5, 0xC3,
    0x9D, 0x89, 0xF6, 0x3D, 0x69, 0x06, 0x1F, 0xE5, 0x0D, 0x5D, 0xD6, 0xFF, 0x42, 0xC1, 0x4F, 0x0A,
    0xB6, 0x20, 0x4C, 0x76, 0x86, 0x15, 0x59, 0xBB, 0x5A, 0xFE, 0x41, 0x62, 0x18, 0x02, 0x02, 0x6E,
    0xE2, 0x14, 0x67, 0x28, 0xE0, 0x51, 0x25, 0xB4, 0x11, 0x1E, 0x38, 0x47, 0x3D, 0xA1, 0xC9, 0xB0,
    0x91, 0x09, 0x0B, 0x60, 0xB6, 0xEE, 0xF2, 0xC4, 0xC2, 0x53, 0xBF, 0xE7, 0x79, 0x0A, 0x1C, 0x03,
    0x57, 0x01, 0x0B, 0xB4, 0x38, 0x1C, 0x56, 0x4F, 0xD5, 0x2E, 0xF2, 0x64, 0xE6, 0x33, 0x4C, 0xD9,
    0x4E, 0x32, 0xEA, 0xD9, 0x26, 0x90, 0x77, 0x40, 0x20, 0x63, 0x35, 0x83, 0x86, 0x06, 0x75, 0x04,
    0x7F, 0x0C, 0x1E, 0x78, 0x4E, 0x93, 0x8E, 0x6F, 0x16, 0xF4, 0x05, 0x4E, 0x86, 0x46, 0x06, 0x57,
    0x70, 0x7C, 0x07, 0xCF, 0x5D, 0xE3, 0x57, 0x78, 0x86, 0x26, 0x78, 0x5E, 0xA6, 0xF9, 0x20, 0x4B,
    0x2F, 0x33, 0xEE, 0x00, 0x85, 0x67, 0x9D, 0x51, 0x75, 0xA8, 0x4B, 0x3B, 0xB5, 0xB3, 0x99, 0xEA,
    0xA2, 0x62, 0x76, 0x37, 0xF1, 0x7D, 0x40, 0x95, 0xEF, 0x97, 0x71, 0xF1, 0x5D, 0x3F, 0xC8, 0x20,
    0xFA, 0x19, 0x58, 0x99, 0xF4, 0x91, 0xB6, 0x19, 0x33, 0xF8, 0xD9, 0xBC, 0x7D, 0x6C, 0xD2, 0xF6,
    0xB1, 0x03, 0x6D, 0x30, 0x64, 0x54, 0xFC, 0x98, 0x99, 0x88, 0x80, 0xEB, 0x80, 0x13, 0x50, 0x03,
    0xD2, 0xC8, 0x00, 0x27, 0x13, 0xC6, 0x57, 0x97, 0x7A, 0x87, 0x9D, 0x99, 0xB1, 0xDA, 0x02, 0xB1,
    0x19, 0xE2, 0x13, 0xD6, 0x10, 0x2B, 0xBD, 0xEA, 0x5D, 0x3F, 0x98, 0xA5, 0xEF, 0x9A, 0xB9, 0xEF,
    0xDA, 0xD2, 0x77, 0x2E, 0xAB, 0xFA, 0xD1, 0xBF, 0x27, 0xB0, 0xB2, 0xA0, 0xD2, 0x6A, 0x62, 0xAE,
    0xDD, 0xAE, 0x92, 0xC5, 0xE8, 0x79, 0x7D, 0x46, 0x3B, 0x41, 0x69, 0x5C, 0x86, 0x92, 0x84, 0xC8,
    0xB3, 0x1F, 0x58, 0x65, 0xC2, 0x85, 0x6A, 0xE8, 0x92, 0x74, 0x22, 0x09, 0xCF, 0xAC, 0x1D, 0x82,
    0xDE, 0x45, 0x4A, 0x3D, 0xB9, 0xC9, 0x44, 0x8D, 0xBC, 0x6B, 0xA7, 0x0A, 0x6D, 0x01, 0x6C, 0x02,
    0xC2, 0xC0, 0x76, 0x84, 0x99, 0x18, 0xD1, 0x16, 0x0D, 0xE3, 0xD6, 0xBD, 0x4E, 0x24, 0xF6, 0x22,
    0xC3, 0x28, 0xD2, 0x29, 0x0F, 0x7B, 0x28, 0x62, 0x94, 0x5C, 0x4D, 0xAE, 0xD4, 0xD1, 0xE6, 0xAA,
    0x6B, 0x37, 0x19, 0xAA, 0x7F, 0xD3, 0xDB, 0xAA, 0x97, 0x0C, 0x60, 0xF7, 0x22, 0x44, 0x5E, 0xDF,
    0xD4, 0xEB, 0x5C, 0x5D, 0x92, 0x7A, 0x05, 0x73, 0x70, 0x69, 0x1D, 0x00, 0xB4, 0x8B, 0x82, 0x27,
    0x8C, 0x13, 0xC5, 0x29, 0x40, 0xFB, 0xAE, 0x82, 0x77, 0x19, 0x38, 0xF7, 0x09, 0x55, 0x09, 0xAC,
    0x0D, 0xE5, 0x71, 0x18, 0xE9, 0xBC, 0x08, 0xD4, 0x8D, 0x1D, 0xD4, 0x0F, 0x76, 0xE1, 0x0E, 0x0A,
    0xDC, 0xDF, 0x10, 0x6E, 0xB0, 0x03, 0x44, 0x22, 0xDB, 0x73, 0x45, 0xA3, 0xCB, 0x28, 0x18, 0xF5,
    0x66, 0x24, 0x47, 0x00, 0x8B, 0x12, 0x32, 0x6D, 0x5D, 0x7B, 0x83, 0x1E, 0x8E, 0xCC, 0x10, 0xF3,
    0x1A, 0xBF, 0xA2, 0x57, 0x80, 0xEF, 0x42, 0x1C, 0xE1, 0x65, 0x46, 0xC3, 0xAF, 0x51, 0xBD, 0x09,
    0x96, 0x56, 0x4B, 0xE5, 0x32, 0x20, 0x9B, 0x39, 0xEA, 0xE5, 0xF2, 0xF7, 0xE0, 0xDF, 0x11, 0x84,
    0xB7, 0x54, 0x99, 0xDC, 0xC7, 0xBE, 0x0B, 0x49, 0x77, 0xC6, 0x91, 0x9D, 0x84, 0x30, 0xF4, 0x9D,
    0xBE, 0x7B, 0x9B, 0x2E, 0x4C, 0x60, 0xDA, 0x8D, 0xC8, 0xAA, 0xD7, 0xD2, 0x8A, 0x4C, 0x56, 0xA4,
    0xD8, 0xA1, 0x8E, 0x1E, 0xCD, 0x70, 0x04, 0xCB, 0xC2, 0xD9, 0x2A, 0xA4, 0x9A, 0x58, 0x38, 0x74,
    0x07, 0x6C, 0x26, 0xF4, 0xD8, 0x12, 0x32, 0x1F, 0x6C, 0x02, 0x78, 0x46, 0x0B, 0x80, 0x0E, 0xDE,
    0xAB, 0x16, 0x2C, 0xB8, 0x5B, 0xCD, 0x7A, 0xE9, 0xBB, 0x4A, 0x5E, 0x28, 0x10, 0x35, 0xD4, 0xAF,
    0xC0, 0x28, 0x43, 0xFB, 0xB6, 0x66, 0xAD, 0xF3, 0x39, 0xC0, 0x1E, 0xAE, 0xA4, 0x5E, 0x45, 0x2B,
    0x2B, 0x6A, 0x79, 0x00, 0xB8, 0x0B, 0x8A, 0x35, 0x98, 0xD9, 0x25, 0x5B, 0x6C, 0x76, 0xA9, 0x2D,
    0x9E, 0x57, 0xE4, 0xDD, 0x15, 0x7F, 0x31, 0x66, 0x2B, 0x3F, 0x4E, 0xF5, 0xCE, 0xC7, 0xAD, 0x32,
    0x64, 0x13, 0xDC, 0x4E, 0xA0, 0x6C, 0x37, 0x76, 0x00, 0x4B, 0xB1, 0x03, 0x80, 0xD9, 0x2C, 0x8D,
    0xBE, 0xEA, 0x72, 0x18, 0xDC, 0x7D, 0x1C, 0xE3, 0xD8, 0xDD, 0x02, 0x4B, 0x82, 0xE5, 0xC8, 0x13,
    0x1E, 0x9F, 0x3E, 0x74, 0x71, 0x3B, 0xF3, 0x34, 0xD3, 0x7E, 0xF0, 0xDB, 0x8E, 0x7D, 0xF5, 0x03,
    0x3C, 0x39, 0x38, 0xDD, 0x47, 0x68, 0xB5, 0xA0, 0x92, 0x04, 0x3F, 0x03, 0x3D, 0x3F, 0xA1, 0x89,
    0x0C, 0xD4, 0x2B, 0x80, 0x3E, 0x81, 0x43, 0x01, 0xD0, 0x21, 0x2B, 0x1A, 0x36, 0x0B, 0x74, 0x7F,
    0x78, 0x59, 0x10, 0xF4, 0x02, 0x0F, 0xBA, 0xC6, 0xF5, 0x4C, 0x63, 0xB3, 0x03, 0xE8, 0x10, 0x8B,
    0x9E, 0xB1, 0xB8, 0x1D, 0x6A, 0x8D, 0xC5, 0xCD, 0x9B, 0xEA, 0xCF, 0x03, 0x6C, 0x19, 0xF4, 0xEC,
    0xD4, 0x6A, 0x87, 0x6B, 0xB4, 0xC8, 0x5C, 0xF0, 0x5E, 0x53, 0xBE, 0x45, 0x6D, 0x65, 0x30, 0x53,
    0x26, 0xE2, 0x33, 0x87, 0x1F, 0xC8, 0x4C, 0x56, 0xB6, 0x3D, 0x8F, 0x6F, 0x29, 0x13, 0x7B, 0x88,
    0xE4, 0xA9, 0xBA, 0x07, 0x50, 0xC3, 0x61, 0xDB, 0xDB, 0x0E, 0x40, 0x9D, 0x2C, 0xFC, 0x8B, 0x31,
    0x5F, 0x81, 0x7C, 0x34, 0xE4, 0x23, 0xB3, 0x84, 0x2E, 0xBF, 0xD2, 0x96, 0x80, 0xFC, 0xB2, 0x4D,
    0x23, 0xD2, 0x6D, 0x1F, 0x77, 0x55, 0xBA, 0x1D, 0x5E, 0x5D, 0x4C, 0xBC, 0x1D, 0x5E, 0x3B, 0x6F,
    0xBA, 0xDB, 0x61, 0x59, 0x1C, 0xEE, 0xF8, 0x69, 0x5C, 0x70, 0xDA, 0x26, 0x9F, 0x71, 0x0C, 0x1E,
    0x6E, 0x00, 0x3A, 0x2A, 0x7A, 0x29, 0x31, 0xB5, 0x2B, 0xC3, 0x60, 0x8A, 0xB0, 0xB9, 0x83, 0x4A,
    0x88, 0x86, 0x88, 0xF6, 0x2D, 0xA2, 0xF5, 0x89, 0xC5, 0x47, 0xC4, 0xA9, 0x23, 0x4E, 0x8E, 0xC2,
    0x66, 0xA2, 0xE1, 0x73, 0x00, 0xAC, 0x55, 0xC0, 0x11, 0x71, 0x04, 0x7E, 0x72, 0x46, 0xAC, 0x0A,
    0xD1, 0x64, 0x96, 0x83, 0x9B, 0x58, 0x0D, 0xFD, 0x02, 0x11, 0x20, 0xB0, 0x06, 0x5B, 0x2E, 0x6F,
    0x66, 0xE6, 0x77, 0x32, 0x8B, 0xAE, 0x24, 0x94, 0x66, 0x86, 0xCF, 0xED, 0x84, 0x90, 0x94, 0x3E,
    0xC8, 0x4A, 0x85, 0xA5, 0xC3, 0x38, 0x84, 0x08, 0xE9, 0x7C, 0x82, 0xE8, 0xF7, 0xD5, 0x0A, 0x9F,
    0xCC, 0x0E, 0x21, 0x9A, 0xA5, 0x92, 0x41, 0x0D, 0xAF, 0x5C, 0x96, 0xC1, 0xFE, 0xEE, 0xC8, 0x9C,
    0xD1, 0xA7, 0x36, 0x69, 0x1E, 0x4C, 0x52, 0x46, 0x7A, 0xA9, 0x40, 0x87, 0xC1, 0x38, 0x10, 0xE2,
    0x97, 0x01, 0xBF, 0x75, 0x85, 0xC1, 0xEF, 0xF0, 0x57, 0xA8, 0x45, 0x26, 0xC0, 0x53, 0x20, 0xFA,
    0x82, 0xCD, 0x69, 0x7A, 0xCD, 0x0E, 0x9F, 0x94, 0x9F, 0x11, 0xCA, 0x01, 0x7D, 0x26, 0x2A, 0x07,
    0x31, 0x12, 0xFB, 0xA1, 0x52, 0x1C, 0x3B, 0xAE, 0x14, 0x98, 0x1D, 0x51, 0xF7, 0x56, 0x2B, 0x77,
    0x30, 0x82, 0x04, 0xB3, 0xD4, 0xD2, 0x51, 0x3C, 0x56, 0x2E, 0x8D, 0xD0, 0x96, 0x08, 0x4D, 0xAD,
    0x6A, 0x09, 0xC7, 0x6A, 0x68, 0x53, 0x75, 0xF3, 0x8C, 0x56, 0x68, 0x64, 0x5B, 0x47, 0x7D, 0x68,
    0x61, 0x00, 0x20, 0x1D, 0x01, 0x20, 0x3D, 0xC8, 0xDE, 0xAA, 0x3E, 0xF0, 0x9D, 0x7B, 0x3C, 0x12,
    0x11, 0x88, 0x2D, 0x41, 0x99, 0x4F, 0xC9, 0x7C, 0xFA, 0xC5, 0xCC, 0x11, 0xA0, 0x37, 0xC0, 0x28,
    0xBB, 0xCF, 0x33, 0x13, 0x16, 0x80, 0x4D, 0xC1, 0x65, 0x03, 0x9E, 0x28, 0x5F, 0x54, 0xF9, 0xA6,
    0xE8, 0x3A, 0x93, 0xD5, 0x44, 0x9D, 0x95, 0xBD, 0x4E, 0x9F, 0x53, 0xFE, 0x99, 0x7F, 0xEE, 0x42,
    0x6C, 0x64, 0xCB, 0x2A, 0x61, 0x53, 0xCD, 0x95, 0x7A, 0x55, 0xE5, 0x0D, 0x7B, 0x4D, 0x16, 0x96,
    0xD4, 0x9B, 0xF4, 0x39, 0x32, 0x44, 0xB7, 0x76, 0xFD, 0x05, 0xE8, 0x37, 0xD9, 0xDA, 0x89, 0x7C,
    0xF4, 0x3D, 0x44, 0xDE, 0xD8, 0x50, 0xFC, 0x82, 0x42, 0x90, 0xEA, 0xA0, 0x22, 0xDD, 0x63, 0x18,
    0xCC, 0x01, 0x9D, 0x15, 0x3A, 0xCE, 0x5B, 0xB3, 0x30, 0x1A, 0xB4, 0x33, 0xE3, 0x21, 0x01, 0xBF,
    0xE0, 0xCD, 0xAD, 0xE8, 0x27, 0x6E, 0x7B, 0x95, 0x91, 0xD3, 0x3A, 0xFC, 0xDA, 0xD1, 0x2E, 0x8D,
    0x72, 0x09, 0x2F, 0xDA, 0xA2, 0x07, 0x6A, 0x9E, 0x59, 0x26, 0x3F, 0x59, 0x79, 0x91, 0x16, 0x34,
    0x46, 0x4B, 0x97, 0xD6, 0x83, 0x40, 0x44, 0x78, 0x52, 0xDA, 0x09, 0x1B, 0x07, 0xBE, 0xA8, 0x22,
    0x49, 0x06, 0xC1, 0xA7, 0x05, 0xAF, 0x0F, 0x82, 0x7F, 0x9F, 0x5E, 0x2C, 0xCC, 0xD5, 0x28, 0x64,
    0x9B, 0xB1, 0x79, 0x38, 0x2E, 0x94, 0xE7, 0x46, 0x66, 0x54, 0x81, 0x7E, 0x62, 0xA1, 0x05, 0x53,
    0x88, 0x76, 0xA0, 0xA1, 0x13, 0x50, 0x98, 0x99, 0x28, 0x05, 0x74, 0x87, 0xEF, 0xC7, 0xD7, 0x17,
    0x1A, 0x32, 0x2B, 0xB1, 0xDA, 0x7C, 0x97, 0x81, 0x8A, 0x8C, 0x91, 0x16, 0x43, 0xA2, 0x1E, 0x7E,
    0xA2, 0xF7, 0x61, 0xF9, 0x1D, 0xD5, 0x88, 0xAC, 0xC7, 0xFF, 0xAF, 0xC6, 0x89, 0xB2, 0x2D, 0xAC,
    0xF2, 0x9E, 0x3D, 0xE5, 0x24, 0x2A, 0x25, 0x78, 0x87, 0x5C, 0x80, 0x03, 0xA7, 0x92, 0x02, 0xDE,
    0x8D, 0x30, 0xBD, 0x63, 0x6C, 0x3F, 0x62, 0x7E, 0x43, 0xB4, 0xCA, 0xC7, 0xBB, 0x27, 0xF7, 0xD5,
    0x10, 0x8F, 0x28, 0xD0, 0x51, 0x88, 0x67, 0xB4, 0x71, 0x1A, 0x62, 0x61, 0x71, 0xDE, 0x09, 0xF7,
    0x13, 0xED, 0x95, 0xF0, 0xD3, 0x48, 0x9B, 0x25, 0xBC, 0xFB, 0x5D, 0xDA, 0x4D, 0xE1, 0x3F, 0x29,
    0x9E, 0x89, 0x61, 0xA1, 0x7E, 0x4D, 0x0C, 0x33, 0xEF, 0x2E, 0x85, 0xC2, 0xCC, 0x48, 0x09, 0xA9,
    0xE7, 0xFE, 0x20, 0x08, 0xAA, 0xA1, 0xC0, 0x3D, 0x40, 0x23, 0x5D, 0xCB, 0xF1, 0x34, 0xD8, 0x0E,
    0x6A, 0xDC, 0x82, 0xD6, 0x1D, 0x70, 0xD9, 0xA7, 0x2B, 0xC0, 0xB1, 0x4B, 0x47, 0x6A, 0xDF, 0x66,
    0xC5, 0x53, 0x5B, 0xCE, 0x80, 0xB3, 0xB6, 0x4C, 0xC0, 0xD4, 0x4E, 0x05, 0x28, 0xCD, 0x45, 0x41,
    0x95, 0xCD, 0x6F, 0x93, 0xDA, 0xD6, 0x60, 0xD4, 0x72, 0xAD, 0x78, 0x29, 0x57, 0x7C, 0xEA, 0xCE,
    0xA0, 0xAD, 0x6A, 0x9C, 0x18, 0x38, 0xA7, 0x5A, 0x0A, 0xB1, 0xE6, 0x28, 0xD0, 0xB4, 0xB5, 0xC5,
    0x16, 0x34, 0x1C, 0xAD, 0xCD, 0xEC, 0x13, 0xDA, 0x39, 0x44, 0xB4, 0x93, 0x82, 0x2D, 0x1B, 0x0C,
    0x70, 0x39, 0x44, 0x84, 0xA8, 0x30, 0x0E, 0x3E, 0x55, 0x02, 0x3B, 0xB5, 0x7C, 0xCA, 0x50, 0xB0,
    0x1B, 0x17, 0x87, 0x79, 0xF0, 0x45, 0x73, 0xD5, 0x11, 0x3C, 0x1B, 0x32, 0x24, 0xB6, 0x4C, 0xF4,
    0x99, 0x7D, 0x31, 0x60, 0x64, 0x15, 0x08, 0xBE, 0xA4, 0xBB, 0xD7, 0x7D, 0xD9, 0xD2, 0xE7, 0x07,
    0x7B, 0x9F, 0x7B, 0xF5, 0x59, 0xD7, 0x91, 0x76, 0xF3, 0xB9, 0x9D, 0x1C, 0x1D, 0xA7, 0xCF, 0xD3,
    0xE7, 0x7D, 0xF6, 0x8F, 0x7D, 0x96, 0xC1, 0x67, 0xA3, 0x1B, 0x2F, 0x6E, 0xCC, 0x68, 0x44, 0x12,
    0x6A, 0xF9, 0x27, 0x00, 0xA4, 0x47, 0xC8, 0x0A, 0x96, 0x36, 0x1B, 0x7E, 0x58, 0xD1, 0x2B, 0xFC,
    0xC1, 0x4B, 0x60, 0x44, 0x89, 0x11, 0x2D, 0x1A, 0x11, 0x07, 0xDA, 0x54, 0xB3, 0x57, 0x15, 0xF6,
    0x11, 0x29, 0x84, 0xE4, 0xCA, 0x61, 0x12, 0xEE, 0xD8, 0x87, 0x02, 0x88, 0xDE, 0x20, 0x9C, 0xBE,
    0xAB, 0x02, 0x17, 0x45, 0x42, 0xD4, 0x27, 0x76, 0x98, 0x34, 0xE1, 0xBA, 0x83, 0x7F, 0xDF, 0x78,
    0xE1, 0xC2, 0x5B, 0x58, 0x70, 0x52, 0x2F, 0xB8, 0xA2, 0xB4, 0x5F, 0xE3, 0x33, 0xBE, 0x22, 0x8F,
    0xB0, 0xD2, 0x25, 0x83, 0x65, 0xA9, 0xD6, 0xAE, 0xA9, 0xD9, 0x23, 0xD8, 0x7C, 0x0C, 0x1B, 0x4F,
    0x94, 0x33, 0xE8, 0x1A, 0x3E, 0x38, 0xAD, 0x88, 0xCC, 0x84, 0xE2, 0xAB, 0xB5, 0x2A, 0xC7, 0x66,
    0x57, 0xE7, 0xAF, 0x9A, 0xA5, 0xEA, 0xD8, 0x8A, 0xE0, 0x78, 0x61, 0x83, 0x7C, 0x49, 0xBF, 0xF7,
    0x84, 0xCF, 0x8E, 0xEE, 0x86, 0x7A, 0x78, 0x49, 0x54, 0x3B, 0x3B, 0x69, 0xA5, 0x63, 0x16, 0x51,
    0x27, 0x05, 0x13, 0x1B, 0x95, 0x2E, 0xDA, 0x09, 0xED, 0xA0, 0x74, 0x96, 0x74, 0x96, 0x74, 0x97,
    0x49, 0x77, 0x4C, 0x38, 0xE2, 0xF8, 0x38, 0x25, 0xE7, 0x84, 0x31, 0x56, 0x05, 0x7D, 0x6E, 0x13,
    0xD5, 0x89, 0xCA, 0xB7, 0x52, 0xD9, 0x07, 0x60, 0x13, 0xFB, 0x55, 0xBB, 0xD8, 0x4D, 0xCD, 0x4C,
    0xD2, 0x05, 0x96, 0x1A, 0x39, 0x28, 0x1C, 0x13, 0x4E, 0x09, 0x45, 0xA1, 0xCE, 0x0A, 0x26, 0x2A,
    0xD8, 0x0E, 0xF5, 0xE2, 0xD8, 0xC9, 0xC7, 0x84, 0x57, 0x80, 0x6A, 0x57, 0xC8, 0x97, 0x09, 0x91,
    0xD0, 0x81, 0xCC, 0x21, 0x87, 0x45, 0xB9, 0xC7, 0xE4, 0x1F, 0x28, 0xB1, 0xA4, 0x76, 0x68, 0xE6,
    0x5A, 0x92, 0x65, 0x02, 0x25, 0x5D, 0x66, 0x65, 0x4A, 0x3A, 0x56, 0x61, 0x6C, 0x48, 0x7C, 0x00,
    0x69, 0x47, 0x4F, 0x7A, 0x3B, 0x0A, 0x6F, 0x17, 0xD8, 0xE9, 0x4C, 0xFB, 0x18, 0xB6, 0xB0, 0x8D,
    0x61, 0x7F, 0x9D, 0xC3, 0x3B, 0x1D, 0xEC, 0xC7, 0x31, 0xBC, 0x0B, 0xD8, 0x47, 0x43, 0xF8, 0x5F,
    0xBD, 0xB1, 0x51, 0xF5, 0xB6, 0x0D, 0x69, 0xBB, 0xA0, 0x67, 0x7A, 0x26, 0x8D, 0x13, 0x94, 0xAC,
    0x84, 0x1D, 0x94, 0xDF, 0x4F, 0xA8, 0x05, 0x76, 0xA0, 0xB0, 0x57, 0xA9, 0x71, 0x3C, 0xA3, 0xE6,
    0x3F, 0xCB, 0xC4, 0x47, 0xC3, 0xA1, 0xB6, 0xB9, 0xFF, 0xF0, 0x14, 0x43, 0x2F, 0x0A, 0xD5, 0x6F,
    0x88, 0x4D, 0x62, 0x16, 0x5C, 0x37, 0x46, 0xE0, 0x26, 0x8B, 0xB3, 0x9A, 0xE0, 0x0B, 0x2E, 0xA9,
    0x19, 0xFE, 0x0D, 0x53, 0x8B, 0x80, 0x91, 0x2E, 0x4E, 0x3A, 0xFF, 0xC0, 0x50, 0xBE, 0x7A, 0xC1,
    0x55, 0xB6, 0xCF, 0x29, 0x20, 0x15, 0xC7, 0xB3, 0xE1, 0x20, 0x7C, 0x83, 0x92, 0x90, 0xDC, 0xCF,
    0x4F, 0x1E, 0xB1, 0x9F, 0x1F, 0xF6, 0x63, 0xB7, 0xFD, 0xC5, 0x0E, 0x2B, 0x05, 0x8C, 0x42, 0x16,
    0xA6, 0x6C, 0x66, 0x4A, 0x8B, 0x52, 0x4A, 0x44, 0xA9, 0xA5, 0xC3, 0x4B, 0x2D, 0xB9, 0x1C, 0xB9,
    0x18, 0x2E, 0x3F, 0x87, 0x91, 0x43, 0x18, 0x7E, 0x22, 0x55, 0x32, 0x5D, 0x25, 0x83, 0xAA, 0xBD,
    0xAA, 0x43, 0x96, 0xA9, 0x0C, 0x7B, 0xBA, 0x89, 0xC5, 0x15, 0x39, 0xD7, 0x60, 0x0F, 0xBF, 0x52,
    0xE9, 0x1F, 0x78, 0x31, 0x4E, 0xE0, 0x7C, 0xFF, 0xD3, 0x74, 0x06, 0xEA, 0x09, 0x30, 0x45, 0xAF,
    0x4C, 0x39, 0x80, 0x96, 0x5B, 0xF4, 0x72, 0x87, 0x6D, 0x3B, 0x80, 0x89, 0x38, 0xD2, 0xD7, 0xB1,
    0xBE, 0xAE, 0x82, 0x2F, 0x07, 0xBE, 0x2C, 0x5F, 0x1D, 0x5F, 0xED, 0xA0, 0xE9, 0x1F, 0x38, 0xD5,
    0x69, 0x7B, 0xBF, 0x7B, 0x6F, 0xF0, 0x64, 0x6F, 0x74, 0xF9, 0x94, 0xD1, 0xB2, 0x19, 0x6D, 0x32,
    0xD0, 0x26, 0xC0, 0x1E, 0x8C, 0x76, 0x8F, 0xB7, 0xF9, 0x75, 0xB3, 0x0D, 0x13, 0x61, 0x13, 0x7C,
    0xA2, 0x14, 0x17, 0xB9, 0x2E, 0xA5, 0x89, 0xC5, 0x76, 0xC5, 0x63, 0x3A, 0xC5, 0x9D, 0x5E, 0x8A,
    0x48, 0x0E, 0xF0, 0xEA, 0x81, 0xE1, 0x4C, 0xBA, 0x45, 0x6F, 0x77, 0xA8, 0xE4, 0xFA, 0xC2, 0x8A,
    0x9E, 0xD1, 0x96, 0x66, 0x82, 0xCB, 0xB6, 0xC0, 0x47, 0x97, 0x11, 0x86, 0xA0, 0x4C, 0xDD, 0x8D,
    0x88, 0x11, 0xBF, 0x54, 0x78, 0xE1, 0xC6, 0x5F, 0x60, 0x5C, 0xD5, 0x50, 0x98, 0x7B, 0xAE, 0x0B,
    0x1D, 0xAA, 0x1B, 0x9B, 0x75, 0xB7, 0x7F, 0xB2, 0x2B, 0x09, 0x0C, 0x45, 0x2D, 0xF7, 0xD0, 0x7E,
    0xA0, 0x9A, 0xFF, 0x52, 0xA2, 0xFB, 0x30, 0x24, 0x7F, 0xDB, 0xA7, 0x10, 0x7D, 0x54, 0x4A, 0xFE,
    0xE0, 0x1B, 0x46, 0xF4, 0x58, 0xF9, 0xAA, 0x17, 0x8C, 0x6D, 0x41, 0x60, 0x12, 0x38, 0xAD, 0x99,
    0xCD, 0x51, 0xBA, 0x7A, 0x0E, 0x43, 0x5B, 0xEC, 0x60, 0xD3, 0xD3, 0xD8, 0x7E, 0x46, 0x1D, 0xAE,
    0xA7, 0x11, 0xE2, 0xEF, 0x23, 0x24, 0xE6, 0x70, 0x82, 0xE5, 0xC8, 0x5C, 0xC1, 0xE3, 0x0F, 0x33,
    0x36, 0x3D, 0x6B, 0xD9, 0x8A, 0x88, 0xB0, 0x9F, 0x20, 0xED, 0x44, 0x85, 0xD6, 0xCF, 0xC4, 0x3A,
    0x31, 0xD6, 0x4C, 0xDB, 0xD1, 0x12, 0xA8, 0x9A, 0x7A, 0x87, 0xB1, 0x1B, 0x15, 0x2A, 0x3E, 0x07,
    0xAE, 0x8F, 0x7F, 0x8E, 0xC0, 0x80, 0x35, 0xD6, 0xF9, 0x89, 0x6F, 0x0B, 0x7F, 0xEA, 0xB9, 0x68,
    0x93, 0x8F, 0xFE, 0x6D, 0xE9, 0x82, 0x3C, 0x40, 0xF8, 0xF7, 0x83, 0x7F, 0x5F, 0xE8, 0x1B, 0xFF,
    0x81, 0xC0, 0x66, 0x8A, 0x9C, 0x10, 0x36, 0x52, 0xA3, 0x66, 0x00, 0xD4, 0x38, 0x00, 0x9B, 0x41,
    0xCF, 0x25, 0x1E, 0x90, 0x11, 0x3F, 0xC6, 0x40, 0x24, 0x37, 0xB1, 0x23, 0xF6, 0x04, 0x8C, 0x9F,
    0xC2, 0xCD, 0xC8, 0x8E, 0x80, 0x85, 0x50, 0x6D, 0x38, 0x13, 0x6B, 0x1A, 0xF9, 0x8A, 0xA1, 0x91,
    0x63, 0x13, 0xC9, 0x62, 0x3B, 0x22, 0x37, 0xF1, 0xC9, 0xCE, 0xA3, 0x16, 0xC9, 0x6C, 0x31, 0x95,
    0xE0, 0xFA, 0x27, 0x11, 0xAB, 0x29, 0x4A, 0x61, 0x26, 0x85, 0x86, 0xEF, 0x6C, 0x56, 0xF0, 0x11,
    0x8C, 0x1E, 0xA0, 0x14, 0x35, 0x89, 0x9A, 0xCD, 0xF1, 0x07, 0x04, 0x19, 0x50, 0x71, 0xBF, 0x7B,
    0x7A, 0x64, 0x77, 0xB6, 0x05, 0x0B, 0xDA, 0xAC, 0x62, 0xBA, 0x88, 0x7E, 0x7B, 0x02, 0xD3, 0xD4,
    0xA5, 0xB4, 0x4F, 0x92, 0x91, 0xAD, 0xC9, 0x09, 0x8F, 0x43, 0xD8, 0xB5, 0x34, 0xD4, 0xCF, 0xA8,
    0x67, 0x59, 0x60, 0x3E, 0x7E, 0x5D, 0xE1, 0xA1, 0x99, 0xD1, 0x7C, 0xA8, 0xB9, 0xB2, 0xFF, 0xCD,
    0xF1, 0x5E, 0xAC, 0x3A, 0x9A, 0x7D, 0x02, 0xEB, 0x09, 0x5A, 0x4C, 0xAF, 0x41, 0xAB, 0xE9, 0xAE,
    0x66, 0x5A, 0x0A, 0x46, 0xDC, 0xEB, 0x00, 0xAE, 0x5D, 0x60, 0x67, 0xDA, 0xE7, 0xC1, 0x32, 0x30,
    0x12, 0x9D, 0x0C, 0xAF, 0x8C, 0x78, 0x6E, 0xFB, 0xD7, 0x0E, 0x8B, 0x80, 0x0B, 0x49, 0xF9, 0x5F,
    0x91, 0x23, 0x4B, 0x93, 0x9C, 0x00, 0xB5, 0x0C, 0x34, 0xBB, 0x2D, 0xD7, 0x6A, 0xF9, 0xF1, 0xE1,
    0x22, 0x20, 0x09, 0xF4, 0xFD, 0xB2, 0x1A, 0x7E, 0x2A, 0x0C, 0x4F, 0x7E, 0x52, 0x0B, 0xFD, 0x67,
    0x66, 0x41, 0xE2, 0x43, 0x1F, 0x90, 0x9E, 0x3A, 0x30, 0xBF, 0x6C, 0xD8, 0x97, 0x7D, 0x87, 0xDD,
    0x2D, 0x60, 0x9C, 0x81, 0xF0, 0xA3, 0xCF, 0x68, 0x41, 0xC0, 0xF8, 0x58, 0x10, 0xD9, 0x04, 0xB9,
    0xAB, 0x8C, 0x8D, 0xF0, 0x09, 0x23, 0xCA, 0x79, 0x33, 0xC0, 0x5C, 0xE4, 0xAF, 0xA3, 0x79, 0x14,
    0x81, 0x56, 0xC8, 0x29, 0x9C, 0xF2, 0xFF, 0x33, 0x01, 0xFE, 0xE7, 0xE4, 0xBC, 0xBF, 0x7C, 0x1D,
    0xE1, 0x87, 0x72, 0x87, 0x5A, 0x24, 0x8C, 0x38, 0x01, 0x9B, 0x42, 0xC9, 0xF5, 0x54, 0x76, 0xBA,
    0x3B, 0x82, 0xE4, 0xBB, 0x7D, 0xFC, 0x54, 0x76, 0x42, 0x4B, 0x55, 0x19, 0xBC, 0x8F, 0xCA, 0xD1,
    0x05, 0x81, 0x26, 0x20, 0x30, 0x9D, 0x4D, 0xE6, 0x77, 0xAB, 0x9B, 0xC2, 0x02, 0xB7, 0xEB, 0xE7,
    0x71, 0xC1, 0xB5, 0xF3, 0xF7, 0x7F, 0xF3, 0xF3, 0x05, 0xCF, 0xEF, 0x7E, 0xF2, 0xF0, 0x85, 0x05,
    0x78, 0x64, 0x3E, 0x51, 0x86, 0xFA, 0x13, 0xF3, 0x61, 0x5B, 0xD4, 0xBD, 0x86, 0x29, 0x32, 0x4B,
    0x5B, 0x94, 0xAD, 0x99, 0x6D, 0x09, 0x9C, 0x32, 0xDA, 0x3B, 0xAF, 0xA9, 0x05, 0x9F, 0xC6, 0x15,
    0x36, 0x87, 0x28, 0x93, 0x1A, 0xD3, 0x9C, 0x75, 0x6A, 0xA1, 0x5E, 0x94, 0xDF, 0x8A, 0xB2, 0x07,
    0xC1, 0x9F, 0x9E, 0xFF, 0xAB, 0xE0, 0xF9, 0x25, 0x0A, 0xF0, 0xDB, 0x6E, 0x45, 0xF5, 0x90, 0x5E,
    0x5E, 0x18, 0xBA, 0xDA, 0x4C, 0x7C, 0x44, 0x16, 0x65, 0xB3, 0xBF, 0x1A, 0x6C, 0xD1, 0x54, 0xDA,
    0xCC, 0x8C, 0x25, 0xE6, 0xEC, 0xD2, 0x05, 0x58, 0x98, 0x66, 0xC7, 0xB6, 0xB4, 0xC9, 0x66, 0xFD,
    0x2E, 0xD2, 0x92, 0x5E, 0x03, 0x4D, 0x71, 0xEC, 0xF0, 0x35, 0xC2, 0xFF, 0xE4, 0xC9, 0xFF, 0x95,
    0xE0, 0x8B, 0xFA, 0x20, 0x1F, 0x48, 0xAC, 0xE5, 0x1D, 0xC9, 0xA6, 0xFD, 0x85, 0xCB, 0x95, 0xBD,
    0xED, 0x0A, 0x69, 0x33, 0x27, 0x60, 0x02, 0xF7, 0x22, 0x74, 0x21, 0xA2, 0xDF, 0xE4, 0x13, 0x40,
    0x18, 0xB8, 0x48, 0x41, 0xB5, 0xAE, 0x1D, 0x95, 0x64, 0xC6, 0x09, 0x33, 0xB6, 0x9C, 0x6F, 0x6D,
    0x1D, 0xE4, 0xF0, 0xF8, 0x04, 0xBE, 0x07, 0x38, 0xD1, 0xED, 0x1F, 0xA5, 0x7A, 0x67, 0x4A, 0x33,
    0x9B, 0x62, 0x4B, 0xAB, 0x45, 0x6C, 0x53, 0x50, 0x2B, 0x9C, 0x3A, 0x63, 0xF7, 0x56, 0x1C, 0xAB,
    0x1F, 0x0F, 0xE3, 0x75, 0xB5, 0xB6, 0x04, 0xB8, 0xDC, 0x03, 0x18, 0x3F, 0x5F, 0x58, 0x5E, 0x1E,
    0xB3, 0x32, 0x41, 0x9A, 0x9D, 0x45, 0xC5, 0x2B, 0xDF, 0x39, 0xFF, 0x24, 0x3D, 0xB7, 0x8B, 0x5D,
    0xF5, 0x48, 0x5D, 0x7A, 0x04, 0x98, 0x6D, 0x1E, 0x7F, 0xF6, 0x27, 0x49, 0xC6, 0x56, 0xE3, 0x7E,
    0xAE, 0x65, 0x6D, 0x72, 0xDF, 0xA6, 0x2B, 0x36, 0xB3, 0xD2, 0x0D, 0x0B, 0x84, 0xEA, 0x7E, 0xB5,
    0x9E, 0xCE, 0xEB, 0x69, 0xD7, 0x94, 0x51, 0xA2, 0xBF, 0x00, 0xFC, 0x80, 0xB0, 0xAF, 0x9A, 0x20,
    0xB3, 0x9E, 0xFB, 0xC2, 0x39, 0x54, 0x8D, 0xCD, 0x5B, 0xE1, 0x74, 0xE1, 0xA7, 0x43, 0x58, 0x39,
    0x19, 0x1C, 0x0B, 0x07, 0x82, 0x56, 0x34, 0x85, 0x5E, 0xD4, 0xF5, 0x97, 0x45, 0x77, 0x54, 0x3B,
    0x85, 0x7A, 0x69, 0x66, 0xDD, 0x6E, 0x27, 0x95, 0xC9, 0x16, 0xA5, 0xF8, 0xA3, 0xAC, 0x24, 0x7F,
    0x93, 0x60, 0x7F, 0xF5, 0x1F, 0xF7, 0x07, 0x2B, 0x6F, 0x08, 0xAB, 0x6D, 0x66, 0xE9, 0xF0, 0xEF,
    0xCD, 0x57, 0x73, 0x2B, 0xD7, 0x27, 0x27, 0xED, 0x7C, 0x4D, 0xEA, 0xF9, 0xF9, 0x15, 0xB3, 0xB2,
    0xDD, 0x51, 0x0F, 0x8A, 0x4A, 0x5D, 0x9A, 0xA9, 0x4A, 0x6D, 0x31, 0x9A, 0xF2, 0x56, 0x1D, 0xBF,
    0x82, 0x66, 0x9F, 0xD6, 0x4A, 0x86, 0xD5, 0x76, 0x56, 0xBE, 0xBB, 0x53, 0x6D, 0xB5, 0xC0, 0x42,
    0xFC, 0x8E, 0xA8, 0xCD, 0xF8, 0xD2, 0x6A, 0x66, 0x13, 0x2B, 0x2D, 0x25, 0x13, 0x59, 0xA2, 0x8A,
    0x5A, 0xA1, 0xCD, 0xD0, 0x4C, 0xCF, 0x66, 0x65, 0x28, 0xDF, 0x4A, 0xCF, 0xC2, 0x96, 0x3F, 0x49,
    0x47, 0xFA, 0xFE, 0x83, 0x3C, 0xA1, 0x95, 0xFB, 0x9C, 0xDF, 0x52, 0x0B, 0xA0, 0x51, 0x69, 0x5C,
    0x63, 0x1A, 0x63, 0xF5, 0xD1, 0xFB, 0x12, 0xCD, 0x8B, 0x0F, 0x5F, 0xEF, 0x9E, 0x69, 0x85, 0xF9,
    0xDE, 0x32, 0x4F, 0x58, 0x9E, 0xFC, 0x5F, 0xF6, 0x29, 0x5C, 0xFB, 0xDB, 0xDD, 0x37, 0x30, 0x16,
    0xB9, 0x83, 0x31, 0x2A, 0xCD, 0x09, 0x6E, 0x81, 0x0F, 0xF6, 0x93, 0x4A, 0xD0, 0x1B, 0xC1, 0xAD,
    0x46, 0x86, 0xBB, 0xCF, 0x86, 0x78, 0xFE, 0x7B, 0x3E, 0x2E, 0x5F, 0x73, 0x69, 0x86, 0x4D, 0x9C,
    0x44, 0x05, 0xED, 0xAF, 0x13, 0x9A, 0x8F, 0x23, 0x1A, 0x4D, 0xA4, 0x2E, 0x84, 0xD9, 0xE7, 0x9E,
    0x53, 0xBC, 0x4A, 0xB8, 0xD6, 0xA8, 0x1F, 0x1C, 0x22, 0x13, 0x98, 0x9C, 0xED, 0xB8, 0x87, 0x68,
    0xE4, 0x61, 0x6A, 0x45, 0x06, 0x37, 0xAE, 0xF8, 0x76, 0xCD, 0x01, 0x9D, 0x81, 0x76, 0x00, 0xAE,
    0x02, 0x38, 0x03, 0x29, 0x86, 0x56, 0xFE, 0x71, 0xF0, 0x22, 0x38, 0x1B, 0x17, 0xFC, 0xA0, 0xCD,
    0x38, 0x1C, 0xD5, 0x39, 0xE7, 0x25, 0x53, 0x0D, 0xBA, 0xA9, 0xE7, 0x5D, 0xE0, 0x1C, 0x58, 0x50,
    0x4F, 0x08, 0x09, 0x41, 0xBD, 0x49, 0x3C, 0xDB, 0x08, 0x1B, 0x99, 0x61, 0x0F, 0x04, 0xF0, 0x74,
    0x99, 0x9F, 0x83, 0xC7, 0x9B, 0xA8, 0x0A, 0xAD, 0x9A, 0x04, 0xA3, 0x1B, 0x22, 0xAD, 0xDB, 0x0E,
    0x0E, 0x5C, 0x7D, 0x02, 0xF0, 0x97, 0x21, 0xE8, 0xCA, 0x04, 0x14, 0x86, 0x63, 0xB8, 0xF6, 0xC9,
    0x42, 0x0B, 0x38, 0xD0, 0xDD, 0x63, 0x80, 0x07, 0x3F, 0x2D, 0xF4, 0xA0, 0x9A, 0xC0, 0xD5, 0xDC,
    0x00, 0xAE, 0xE6, 0x49, 0xC9, 0xDB, 0x09, 0xBE, 0x23, 0xF3, 0xDE, 0x5B, 0x9E, 0xD5, 0xCC, 0xDA,
    0xEC, 0x13, 0xEE, 0x6D, 0x1C, 0xE9, 0xC8, 0xCF, 0xA7, 0x47, 0x61, 0x3A, 0x6B, 0xD3, 0xFF, 0x01,
    0xC5, 0x97, 0x01, 0xC4, 0x5E, 0x59, 0x7A, 0xC7, 0x7F, 0xF7, 0x9E, 0xC9, 0xDE, 0xB5, 0xA7, 0xF3,
    0x9D, 0x60, 0x97, 0xA9, 0x4C, 0x72, 0x07, 0xA5, 0x2D, 0x99, 0xDC, 0xA5, 0x83, 0x94, 0x7C, 0xDF,
    0x39, 0x3B, 0x8B, 0x60, 0x4A, 0x8B, 0x29, 0x80, 0x29, 0x00, 0x54, 0x82, 0xD0, 0x94, 0x2F, 0xDF,
    0x3D, 0xB3, 0x83, 0x41, 0xD9, 0xA4, 0x00, 0x28, 0x03, 0x40, 0x5B, 0x93, 0xD6, 0x54, 0x83, 0x64,
    0xEE, 0xC9, 0x04, 0x8B, 0x41, 0xEF, 0x6E, 0x5B, 0x83, 0xC5, 0x9E, 0xEE, 0x84, 0x2A, 0x65, 0x4F,
    0x3A, 0xB7, 0x7A, 0x67, 0xE6, 0xBE, 0xF7, 0xE9, 0x7D, 0x66, 0xBE, 0xCF, 0xEC, 0xB0, 0xD4, 0x4A,
    0xD2, 0xBC, 0xC9, 0xF9, 0xBD, 0xDE, 0xE4, 0xBC, 0xFF, 0xFF, 0xF3, 0x7F, 0xEE, 0x73, 0xEE, 0xF7,
    0x5D, 0xDA, 0x88, 0x4F, 0xF4, 0x09, 0x1F, 0x00, 0x80, 0xEB, 0x30, 0xC3, 0x44, 0x5D, 0x30, 0x85,
    0xA6, 0xE0, 0x32, 0x6D, 0xA6, 0x1B, 0xF1, 0xA3, 0x6E, 0xEC, 0x03, 0x60, 0x12, 0x58, 0xB0, 0x2B,
    0x0C, 0x82, 0x99, 0xFB, 0x68, 0xCB, 0x10, 0xDC, 0x8F, 0xFF, 0x95, 0xEE, 0x41, 0xC2, 0xBF, 0x0D,
    0xFE, 0x87, 0xE0, 0xFF, 0xE6, 0x39, 0xFC, 0xFC, 0x22, 0x5D, 0xB9, 0x46, 0x2B, 0x99, 0x66, 0x0D,
    0x58, 0xE0, 0x79, 0xE0, 0x3C, 0x40, 0x25, 0xB7, 0x70, 0x32, 0xE1, 0x65, 0x61, 0x18, 0x8F, 0x90,
    0xD0, 0x22, 0x38, 0x04, 0x74, 0x39, 0x11, 0x5A, 0x11, 0xF0, 0xC0, 0x81, 0xD6, 0x06, 0x64, 0x30,
    0x22, 0xD9, 0x89, 0x24, 0xBF, 0xAD, 0x41, 0x24, 0x54, 0x91, 0xE6, 0x17, 0x7F, 0x65, 0x64, 0x35,
    0xE3, 0x62, 0xC3, 0x75, 0xC7, 0xF6, 0xF7, 0x3D, 0xF7, 0x66, 0xF1, 0x92, 0x5F, 0x96, 0x02, 0xB7,
    0xBC, 0x24, 0x29, 0xDD, 0x4A, 0x1F, 0xCD, 0x8E, 0x3B, 0x54, 0x52, 0x67, 0x18, 0x6E, 0x06, 0xF0,
    0x0B, 0x6A, 0x51, 0xE8, 0x36, 0x4D, 0x34, 0x25, 0xF8, 0x04, 0x9B, 0x6C, 0x44, 0x14, 0x08, 0x28,
    0xA0, 0x5A, 0x81, 0x7A, 0x07, 0x9C, 0x59, 0x03, 0x88, 0x8C, 0x00, 0xEF, 0x50, 0x15, 0x36, 0x3D,
    0x33, 0x62, 0x12, 0x4D, 0xC2, 0x46, 0x5C, 0xA0, 0x85, 0x0E, 0x7E, 0x93, 0xAF, 0xBF, 0xBE, 0xDA,
    0xAB, 0x1B, 0x93, 0x6E, 0x74, 0xD0, 0xC2, 0x05, 0xD8, 0x07, 0xAA, 0x61, 0xC6, 0xC9, 0x8A, 0x8F,
    0x03, 0x3D, 0x2F, 0x32, 0x00, 0xC3, 0x43, 0xE8, 0x65, 0xC4, 0xCB, 0x54, 0x7F, 0x26, 0xB3, 0x4B,
    0x76, 0xE9, 0x92, 0x99, 0xFD, 0x68, 0xB6, 0x48, 0x6F, 0xC4, 0x56, 0x16, 0x1A, 0xD9, 0x69, 0x51,
    0xC0, 0xCA, 0x2B, 0xEC, 0x58, 0xEB, 0x85, 0x41, 0x43, 0xAD, 0x81, 0x03, 0x1B, 0x87, 0x36, 0xDD,
    0x70, 0x81, 0x6F, 0xC8, 0x2D, 0xB8, 0xC1, 0x9F, 0x52, 0x6D, 0xF6, 0xB1, 0xF9, 0xDE, 0xF0, 0x77,
    0xE9, 0x79, 0x2B, 0x25, 0x9F, 0xEF, 0x62, 0xBE, 0xFD, 0xCA, 0x11, 0xE3, 0xD5, 0xAB, 0x77, 0xE1,
    0xEA, 0xED, 0x05, 0x6E, 0xE7, 0x2F, 0x51, 0xC5, 0x9C, 0xD7, 0x26, 0x8C, 0xB7, 0x7B, 0xA9, 0xD3,
    0x55, 0xBB, 0x6B, 0xC2, 0x45, 0xD8, 0xE3, 0x1C, 0x5C, 0xA7, 0x19, 0xBF, 0x31, 0xC2, 0x95, 0x4F,
    0xD9, 0x44, 0xF7, 0x6B, 0xB9, 0xDB, 0x94, 0xC5, 0xDD, 0x9F, 0xDB, 0xB7, 0xA6, 0xEE, 0x72, 0xF1,
    0x36, 0xFB, 0x7F, 0xFC, 0x8F, 0xEE, 0xA3, 0xE9, 0x54, 0x15, 0x40, 0xCB, 0x17, 0x49, 0x00, 0x34,
    0x5C, 0xA3, 0x7B, 0x75, 0x66, 0x75, 0xB9, 0x99, 0xFB, 0xD4, 0x3E, 0x12, 0xFC, 0x83, 0x85, 0xFE,
    0xAD, 0x19, 0x7D, 0x77, 0x69, 0x47, 0x93, 0x8F, 0xA8, 0x4B, 0x07, 0xF1, 0x9B, 0xF4, 0x32, 0x8B,
    0x4C, 0x50, 0xA8, 0x32, 0xF5, 0x71, 0x8B, 0xFD, 0xAE, 0x5F, 0x86, 0xA5, 0x1A, 0x46, 0x1B, 0x0E,
    0xCF, 0xCB, 0x0F, 0xBF, 0xFB, 0xF7, 0x1F, 0xBE, 0xF3, 0xC9, 0x8F, 0x7E, 0x2C, 0xF6, 0x27, 0x3F,
    0xDD, 0xFB, 0xF8, 0xC3, 0x3F, 0xB8, 0x5D, 0x5D, 0xDC, 0xAF, 0x72, 0xB3, 0x86, 0x4E, 0x82, 0x17,
    0x6C, 0xBE, 0x78, 0xFE, 0xF6, 0xF3, 0xF9, 0xF9, 0xFC, 0xE2, 0xB5, 0xEB, 0xED, 0x08, 0xB7, 0x50,
    0x1D, 0x15, 0x42, 0x57, 0x13, 0xB1, 0x22, 0x38, 0x11, 0x34, 0x16, 0x2F, 0x03, 0x97, 0x74, 0x69,
    0xD5, 0x13, 0xDA, 0x45, 0x86, 0x60, 0x24, 0x59, 0x37, 0x7E, 0x53, 0xAF, 0x58, 0xC4, 0x53, 0xCD,
    0x34, 0x89, 0x4E, 0xA2, 0x97, 0xE3, 0xFF, 0x6D, 0x5C, 0x62, 0x0F, 0xDE, 0x87, 0x37, 0x02, 0x2E,
    0xBE, 0xD2, 0x05, 0xBF, 0xD2, 0x3D, 0xA4, 0x99, 0xDD, 0xD8, 0x71, 0x1D, 0x6C, 0x71, 0x19, 0x57,
    0xBA, 0x11, 0x97, 0x7D, 0xA2, 0x4D, 0x1B, 0xBA, 0xD4, 0x07, 0x7C, 0x14, 0xE8, 0x83, 0x0A, 0xD5,
    0x2B, 0x88, 0xB9, 0x07, 0xEB, 0xB7, 0x16, 0xAA, 0xF5, 0xFC, 0x72, 0xAD, 0x96, 0xFF, 0x96, 0x6C,
    0xE4, 0xE7, 0x12, 0xCC, 0xBB, 0x6F, 0xCE, 0x5A, 0x2C, 0x58, 0x85, 0x0B, 0x27, 0x68, 0x15, 0x1E,
    0xE0, 0x40, 0x51, 0x0D, 0x22, 0x9A, 0x68, 0xA2, 0x95, 0x47, 0x3A, 0x34, 0x3F, 0x4F, 0xF4, 0xF2,
    0xCF, 0x8A, 0x07, 0x61, 0xC3, 0x5F, 0xB0, 0xE1, 0x0F, 0xC1, 0xCB, 0x1E, 0x58, 0x39, 0x0B, 0xEC,
    0x9D, 0x07, 0xCE, 0x7E, 0x11, 0xFA, 0x22, 0x70, 0xF1, 0x2A, 0x70, 0xAD, 0xA0, 0x03, 0x00, 0x6C,
    0x22, 0xB0, 0x89, 0x50, 0x6D, 0x22, 0x98, 0x07, 0x71, 0xC3, 0xDB, 0x41, 0x7D, 0xFB, 0x34, 0xA4,
    0x21, 0x1C, 0xC1, 0x69, 0x46, 0x33, 0x36, 0x13, 0xEF, 0xBD, 0x52, 0x7C, 0xE4, 0xEE, 0x99, 0xD9,
    0x17, 0x53, 0x4C, 0x6E, 0x46, 0x9B, 0x5C, 0x6A, 0xA3, 0x64, 0xCE, 0xCC, 0x30, 0xAC, 0x54, 0x8B,
    0xC7, 0x94, 0x6D, 0x65, 0xAF, 0x57, 0x19, 0x93, 0x17, 0x8C, 0x4C, 0x30, 0x44, 0x4E, 0x5E, 0x5E,
    0x0A, 0xBD, 0x64, 0x00, 0x28, 0x0E, 0x66, 0x97, 0xD8, 0xD9, 0x4C, 0xBF, 0x39, 0xE8, 0x88, 0xF8,
    0xB7, 0x16, 0x86, 0xD7, 0xE6, 0x7A, 0xED, 0xB2, 0x9D, 0xFA, 0xD0, 0xDE, 0x5F, 0x38, 0x30, 0x99,
    0x6F, 0x13, 0xE1, 0x2E, 0x55, 0xB1, 0x0B, 0x4D, 0x3A, 0x37, 0xE3, 0xA8, 0x26, 0xF6, 0xA9, 0x0B,
    0x13, 0xA6, 0xD4, 0x99, 0xAD, 0x9E, 0x88, 0x4D, 0x1D, 0xB8, 0x74, 0x68, 0xC7, 0xFE, 0x51, 0xE9,
    0x12, 0x26, 0xBD, 0x9B, 0x70, 0xAF, 0xDE, 0x8C, 0xEC, 0x7F, 0xAB, 0x0B, 0xCC, 0xAD, 0x6C, 0x5B,
    0x3B, 0xC9, 0x36, 0x72, 0x44, 0x0B, 0xF7, 0x38, 0xC4, 0x48, 0xF8, 0x35, 0x94, 0x3B, 0x55, 0x96,
    0x82, 0xF9, 0xE0, 0x41, 0xD9, 0x94, 0xEB, 0xC2, 0x3E, 0x26, 0x33, 0xE3, 0x52, 0x9D, 0x39, 0xC2,
    0xC6, 0xBA, 0xD0, 0x62, 0x25, 0x1F, 0xE2, 0x24, 0xD1, 0x07, 0xF6, 0x6B, 0x49, 0x4C, 0xE6, 0x35,
    0xDD, 0x60, 0x83, 0x8D, 0x0C, 0xB4, 0xF0, 0x46, 0x3C, 0x04, 0x77, 0xBF, 0x70, 0xB1, 0x7B, 0x2B,
    0xE1, 0xC5, 0x7D, 0x6F, 0x69, 0xA7, 0xFD, 0x66, 0x86, 0x3B, 0xE7, 0x26, 0xEA, 0xFC, 0x7B, 0x05,
    0x9B, 0x1E, 0x64, 0x5A, 0x23, 0x3B, 0x0E, 0x1B, 0x59, 0x28, 0xB8, 0x64, 0x46, 0xDA, 0xE4, 0x02,
    0x92, 0xE1, 0x08, 0x10, 0xA8, 0x04, 0x58, 0xBE, 0x76, 0x13, 0xA2, 0xC9, 0x34, 0x32, 0xD2, 0x4A,
    0xC2, 0x8F, 0x68, 0x11, 0xF4, 0xE8, 0x02, 0x1F, 0x5A, 0xDA, 0xB1, 0xC7, 0x8A, 0xC0, 0x30, 0x03,
    0xF5, 0x02, 0x80, 0x12, 0xF6, 0x15, 0xEC, 0xF1, 0xD5, 0x6B, 0x48, 0xA8, 0x89, 0xD2, 0x28, 0xB1,
    0xEF, 0x2A, 0x5D, 0x37, 0xEA, 0x76, 0x25, 0x87, 0xAD, 0x72, 0x6A, 0x33, 0xD4, 0x59, 0x69, 0x92,
    0x2B, 0xE0, 0x44, 0x36, 0xB6, 0x4A, 0x2E, 0xE1, 0x36, 0xDE, 0x51, 0x56, 0x45, 0x69, 0x32, 0x6E,
    0xA2, 0x9D, 0xB8, 0xB2, 0xA3, 0x5F, 0x10, 0x01, 0x60, 0x08, 0x40, 0xB5, 0x03, 0x74, 0x03, 0x60,
    0xC3, 0xB3, 0xA9, 0xC4, 0x65, 0x65, 0x57, 0x94, 0xF7, 0x26, 0x54, 0xEE, 0xF0, 0xD9, 0x54, 0xB2,
    0xBF, 0xA7, 0x94, 0xB3, 0xE8, 0x21, 0x5D, 0x80, 0xFA, 0x7E, 0x79, 0x26, 0x95, 0x54, 0xD3, 0x01,
    0x60, 0xE6, 0x1E, 0xA8, 0xCA, 0x0D, 0x00, 0x9E, 0xD1, 0x9C, 0xD8, 0xA4, 0x7C, 0xE1, 0x4F, 0x94,
    0x2F, 0xBD, 0xA4, 0xFC, 0x9D, 0x5B, 0x4A, 0x17, 0x9F, 0x4D, 0x3D, 0x83, 0xE8, 0x66, 0x68, 0x8F,
    0xDF, 0xDD, 0xA0, 0x87, 0x1D, 0x0E, 0xFA, 0x58, 0x8F, 0xC0, 0x32, 0x04, 0x80, 0xBA, 0x08, 0x00,
    0xF6, 0xBE, 0x00, 0xD0, 0xBE, 0xBA, 0x82, 0x6E, 0x33, 0x22, 0x33, 0x30, 0x6F, 0xEF, 0x13, 0x6C,
    0x5C, 0x00, 0xAC, 0xFE, 0x2B, 0xD0, 0xA9, 0x2F, 0x70, 0x83, 0xB6, 0xF0, 0x6D, 0xAA, 0x99, 0x2E,
    0x73, 0x57, 0x2B, 0xF1, 0xE3, 0x17, 0x1F, 0xAA, 0x41, 0x6D, 0x45, 0xBF, 0x2E, 0x19, 0xB8, 0xB2,
    0x16, 0xFD, 0x72, 0xA1, 0x1F, 0x6D, 0xAE, 0x57, 0xCC, 0xD8, 0xCC, 0x1B, 0xB4, 0xFA, 0xD4, 0xE6,
    0x0D, 0x27, 0xBF, 0x09, 0xFD, 0x2A, 0x9C, 0xC2, 0x8F, 0x5C, 0x50, 0xAB, 0x43, 0xEC, 0x6E, 0xD3,
    0xAF, 0xB5, 0x28, 0x3A, 0xB9, 0x05, 0x06, 0xC0, 0x29, 0xBA, 0x04, 0x9C, 0x19, 0x81, 0x3A, 0x01,
    0x6F, 0x29, 0x56, 0x00, 0xDA, 0x04, 0xD8, 0xF1, 0xE4, 0x04, 0x53, 0x14, 0x80, 0x17, 0x11, 0xAD,
    0x6A, 0xA5, 0x99, 0xD9, 0xC7, 0x4E, 0xC7, 0xBD, 0x55, 0x27, 0x34, 0x11, 0x6A, 0x8C, 0xEE, 0x0B,
    0xF4, 0x22, 0x30, 0x44, 0x40, 0xC2, 0x2F, 0xFF, 0x82, 0x66, 0x76, 0xD8, 0x64, 0x16, 0xBA, 0xA0,
    0xAD, 0xD6, 0x6D, 0x3B, 0x40, 0x15, 0xC1, 0x8D, 0x40, 0x07, 0x70, 0xFD, 0xE9, 0x5B, 0x32, 0x00,
    0xB5, 0xEE, 0xB4, 0x3F, 0x8B, 0xD0, 0x99, 0xF4, 0xD4, 0x2D, 0xDD, 0xAB, 0x19, 0xBA, 0xB7, 0x0B,
    0xB4, 0x66, 0x04, 0x78, 0xEA, 0x29, 0x5D, 0x06, 0x53, 0xA0, 0x2A, 0xC0, 0xB5, 0x13, 0xB7, 0x44,
    0xB7, 0x06, 0xF5, 0x52, 0x2B, 0x75, 0xD2, 0x45, 0xAB, 0xC5, 0x8D, 0xE0, 0x13, 0xF4, 0x11, 0x86,
    0x00, 0x82, 0x2E, 0x35, 0xA0, 0xDE, 0xC1, 0x26, 0xCF, 0x99, 0x15, 0x7A, 0x89, 0xE8, 0x27, 0xB0,
    0x05, 0x5C, 0x84, 0xFD, 0x27, 0xAC, 0xED, 0x75, 0x43, 0xC2, 0xFC, 0x7B, 0xC2, 0xFD, 0x20, 0x3F,
    0x51, 0xED, 0x26, 0x4D, 0xB8, 0x9F, 0xCC, 0xD8, 0x37, 0x0B, 0xC0, 0x13, 0xD5, 0xF6, 0xB2, 0x89,
    0xA0, 0x27, 0x97, 0x4D, 0xCB, 0x2E, 0xAA, 0x56, 0xAF, 0xAA, 0x85, 0x1C, 0x53, 0x35, 0x45, 0x55,
    0x11, 0x8C, 0x48, 0x10, 0x65, 0x25, 0x30, 0x44, 0xDD, 0x29, 0x98, 0x9D, 0xB2, 0x59, 0xD4, 0xC1,
    0x4D, 0xEA, 0xE1, 0x47, 0xCC, 0xA2, 0xA3, 0xDA, 0x8A, 0xCC, 0xD0, 0xAB, 0x09, 0xC0, 0xE1, 0x59,
    0xE5, 0x7A, 0x09, 0xA8, 0x3F, 0x9C, 0x00, 0xA3, 0xAD, 0x3A, 0x49, 0x84, 0x5F, 0x68, 0x85, 0xF6,
    0x21, 0x8D, 0x04, 0x1B, 0xB1, 0x12, 0x5D, 0xC0, 0xF5, 0xC9, 0x81, 0xF3, 0xA9, 0x85, 0x73, 0xDD,
    0xF8, 0x32, 0xEC, 0xB7, 0xE3, 0xA6, 0x70, 0xC9, 0xE5, 0x8D, 0x87, 0xAE, 0xDC, 0x81, 0x3B, 0xB6,
    0x4C, 0x30, 0xD9, 0xA9, 0x40, 0x69, 0x3E, 0x2D, 0x54, 0xD9, 0x7C, 0x36, 0x52, 0x8F, 0x46, 0x12,
    0x26, 0xD5, 0x1B, 0xCF, 0xE4, 0x4A, 0x22, 0xFD, 0x8C, 0x04, 0xA0, 0x07, 0xE8, 0x02, 0x60, 0x23,
    0x70, 0x72, 0x94, 0xA8, 0x86, 0x09, 0x2D, 0x3A, 0x30, 0x8C, 0x3E, 0xD5, 0x2B, 0xAE, 0x34, 0x0B,
    0xB6, 0xB8, 0x42, 0x33, 0xB5, 0x99, 0x66, 0xEE, 0x46, 0xEC, 0xEC, 0x13, 0x76, 0xDA, 0xE0, 0xCA,
    0x97, 0x88, 0xB4, 0xD9, 0x27, 0x7C, 0xDA, 0x30, 0xC4, 0x6E, 0xAC, 0x04, 0x37, 0xD9, 0x45, 0x1B,
    0x95, 0x8F, 0x1F, 0x69, 0xA0, 0xCD, 0x80, 0x0F, 0xC0, 0x5D, 0xA0, 0xCA, 0x4F, 0xDF, 0xB2, 0x5E,
    0x00, 0xBB, 0x03, 0xDA, 0x23, 0xB4, 0x57, 0x4F, 0xDF, 0xD2, 0x7E, 0x3F, 0x41, 0xF7, 0x51, 0x84,
    0x8B, 0x02, 0x5C, 0xDD, 0x7F, 0xFA, 0x96, 0x07, 0x36, 0xC1, 0xE0, 0x36, 0xE8, 0x43, 0x29, 0xF0,
    0xF4, 0x2D, 0xA9, 0xE3, 0x0B, 0x4D, 0xBA, 0x6B, 0x3E, 0x9E, 0x90, 0xC4, 0x8A, 0x8A, 0xFF, 0x82,
    0xDE, 0xC5, 0xEB, 0x26, 0x9D, 0xAE, 0x80, 0x33, 0xF2, 0x97, 0x33, 0x88, 0x7E, 0xA5, 0xD9, 0x19,
    0x09, 0xC7, 0x67, 0x68, 0x2B, 0x43, 0xCB, 0x09, 0x4E, 0x22, 0x82, 0xEF, 0xF5, 0x00, 0xCD, 0x7D,
    0x34, 0x3B, 0x93, 0x37, 0x2E, 0x2E, 0x0E, 0xC1, 0x2C, 0x07, 0xE8, 0x91, 0x9A, 0xAB, 0x15, 0x23,
    0xA3, 0xD9, 0x6D, 0x0C, 0xCD, 0xAC, 0x16, 0x6D, 0xA1, 0x96, 0x30, 0x24, 0x9C, 0xC8, 0x0A, 0x5E,
    0x9F, 0xBF, 0x81, 0x55, 0xE1, 0x15, 0xAD, 0xA2, 0x09, 0x4A, 0x4D, 0x9E, 0x5B, 0xB1, 0x12, 0xEC,
    0x64, 0x16, 0xEA, 0x71, 0x83, 0x49, 0x9B, 0x4E, 0x93, 0xDC, 0x84, 0x8D, 0xAE, 0xE0, 0xB4, 0x28,
    0x47, 0x37, 0x72, 0x0E, 0x9F, 0xD8, 0x57, 0x5C, 0xA2, 0x8F, 0x1C, 0x32, 0x44, 0x26, 0x86, 0x54,
    0x15, 0xFA, 0x6C, 0x47, 0xBC, 0x48, 0xA2, 0x55, 0xCF, 0x4A, 0x1E, 0x02, 0xE8, 0x56, 0x18, 0x00,
    0x66, 0xC0, 0x8C, 0x4F, 0xDF, 0xD2, 0x4C, 0x80, 0x5B, 0x80, 0x83, 0x43, 0x60, 0xBE, 0xF0, 0xF4,
    0x2D, 0x0F, 0x5D, 0x80, 0x5D, 0x17, 0xE1, 0x4E, 0x0B, 0xC0, 0xD3, 0xB7, 0x64, 0x00, 0xAA, 0x05,
    0x30, 0x19, 0x38, 0x99, 0x67, 0x2F, 0xC9, 0x2F, 0xAD, 0x84, 0xEE, 0xA1, 0x59, 0x70, 0xB1, 0x5E,
    0xB8, 0x40, 0xB5, 0x72, 0x08, 0xB2, 0x49, 0x31, 0x98, 0x04, 0xFD, 0xCD, 0x00, 0x7E, 0x07, 0x74,
    0xF3, 0xD7, 0x7F, 0x12, 0xA7, 0x13, 0xF4, 0x11, 0x18, 0x02, 0xE8, 0xE4, 0xE0, 0xA4, 0x80, 0x4A,
    0x43, 0x27, 0x11, 0x9A, 0x05, 0xB0, 0x33, 0xE0, 0x64, 0x55, 0x68, 0x6D, 0xB9, 0x2B, 0x74, 0xA3,
    0x2B, 0xF8, 0xB4, 0xA1, 0x57, 0x0C, 0xA1, 0x1B, 0x11, 0x86, 0x84, 0x8E, 0x61, 0x25, 0xF2, 0x90,
    0x7A, 0x01, 0x8C, 0xE2, 0xCC, 0x1A, 0xA0, 0x57, 0x39, 0xD4, 0x26, 0x02, 0xBD, 0xFA, 0x54, 0xBB,
    0x66, 0x02, 0x33, 0xD7, 0x33, 0xD8, 0x62, 0x26, 0xF4, 0x34, 0x66, 0x1A, 0xC9, 0x6D, 0xDC, 0x38,
    0x1E, 0x02, 0xDD, 0x38, 0x29, 0x3F, 0x50, 0xFA, 0x07, 0x8B, 0xF2, 0x07, 0xA2, 0xA1, 0x82, 0x8C,
    0xD0, 0x87, 0x4E, 0xA3, 0x62, 0x95, 0xCF, 0x99, 0x8D, 0xEB, 0xBE, 0x72, 0xE7, 0x37, 0x1D, 0x16,
    0xCD, 0x51, 0x2D, 0x76, 0x07, 0xD5, 0x0C, 0x50, 0x17, 0xE0, 0xAC, 0x51, 0xEE, 0x9B, 0x04, 0x78,
    0x17, 0x95, 0x2B, 0x80, 0x7B, 0xA8, 0x84, 0xD7, 0x4F, 0xBA, 0xCD, 0x3D, 0xC5, 0x85, 0xAF, 0x3D,
    0x88, 0xDA, 0xE9, 0x08, 0xFC, 0xB2, 0xA3, 0x92, 0xCB, 0x0B, 0x66, 0x31, 0x33, 0xB6, 0x34, 0x13,
    0x6D, 0x76, 0x85, 0x2E, 0xB5, 0x19, 0x1F, 0xFD, 0x48, 0x1F, 0xAE, 0x24, 0x06, 0x7E, 0xB6, 0xE1,
    0xFB, 0x57, 0x5E, 0x63, 0x58, 0xFD, 0x0E, 0x3F, 0xF7, 0xBA, 0xCF, 0x07, 0x80, 0xEF, 0x28, 0x87,
    0xF0, 0xCB, 0xD7, 0xD5, 0x86, 0x27, 0xEB, 0x51, 0xFD, 0x11, 0xE0, 0x0A, 0xE0, 0x27, 0x60, 0xBE,
    0x03, 0x75, 0xBE, 0xF4, 0x64, 0x3D, 0x9E, 0x3B, 0x05, 0x1C, 0xED, 0x01, 0xF2, 0xB7, 0xC7, 0xCF,
    0x85, 0x75, 0xCA, 0x4F, 0xD6, 0xE3, 0xF4, 0x73, 0x50, 0xCD, 0xFE, 0xF8, 0x91, 0xAF, 0xCA, 0xFB,
    0x4F, 0xB8, 0x4D, 0x8A, 0xBD, 0x11, 0xF8, 0xAD, 0xEF, 0x02, 0x2F, 0x29, 0x7E, 0xF7, 0x16, 0x60,
    0xE3, 0x13, 0x35, 0xB2, 0xD3, 0xDD, 0x3E, 0xE2, 0x77, 0x9F, 0x4B, 0xA9, 0xA4, 0x91, 0xCB, 0x65,
    0x13, 0x5A, 0x4C, 0x51, 0x25, 0x5B, 0x36, 0xA9, 0x47, 0xC3, 0xB8, 0x69, 0xC9, 0xA7, 0x2A, 0x36,
    0xB1, 0xA9, 0xFD, 0x75, 0x21, 0x0C, 0xD5, 0x87, 0xA5, 0x8E, 0xC3, 0xE5, 0xD7, 0xE6, 0x76, 0x13,
    0x6C, 0x44, 0x15, 0x8D, 0xCC, 0xB4, 0x23, 0xC3, 0x2D, 0xB0, 0x3B, 0x18, 0x24, 0xD4, 0xB3, 0x8F,
    0xB6, 0xB8, 0xE8, 0xC6, 0x53, 0x74, 0x09, 0x7C, 0x3C, 0x59, 0xA7, 0xF0, 0xE9, 0x79, 0xFC, 0x78,
    0x88, 0x97, 0x09, 0x27, 0x23, 0xF5, 0x0A, 0xBC, 0x03, 0x75, 0x86, 0x66, 0x06, 0xEE, 0xC0, 0x4B,
    0xD7, 0xE1, 0x20, 0xC3, 0xA9, 0x93, 0xC9, 0x54, 0x11, 0x9B, 0xC0, 0x8C, 0x40, 0x06, 0xF8, 0xCA,
    0x6B, 0xE9, 0xD2, 0x56, 0x6F, 0x72, 0x5B, 0xB5, 0xDD, 0x7D, 0x09, 0x5E, 0x1E, 0xE2, 0xFF, 0xE5,
    0xC4, 0xEF, 0x57, 0x78, 0x51, 0xBD, 0x0E, 0xAE, 0x40, 0x1B, 0x61, 0x1F, 0xB8, 0xFD, 0x98, 0x7A,
    0xDF, 0x86, 0x4A, 0xC0, 0x08, 0xB8, 0x9B, 0x51, 0x0F, 0xF2, 0x63, 0xE9, 0x9D, 0x22, 0xD0, 0x5D,
    0x2E, 0xF8, 0xD7, 0x0A, 0x17, 0x1E, 0x53, 0xEB, 0x75, 0x58, 0xC1, 0x43, 0x0B, 0x4D, 0x00, 0xE8,
    0x83, 0x91, 0xD4, 0x4A, 0xBC, 0x3E, 0x70, 0x5A, 0xA8, 0x56, 0x6A, 0x9D, 0x20, 0x9A, 0x09, 0x57,
    0x70, 0xFF, 0x96, 0xF4, 0xFE, 0xBD, 0xA3, 0x1D, 0x8F, 0x1B, 0xAF, 0xCA, 0x3B, 0xA8, 0x0B, 0x98,
    0x08, 0xA0, 0x0A, 0x6C, 0x12, 0x6C, 0x1A, 0x6C, 0x22, 0xAA, 0xA2, 0x32, 0xAA, 0xA3, 0x42, 0xAA,
    0xA4, 0x52, 0xAA, 0xC5, 0x26, 0xC6, 0xA6, 0x86, 0xCA, 0xE9, 0xF1, 0xB7, 0x13, 0xDD, 0xC2, 0xBD,
    0xC3, 0xAA, 0xBC, 0xFC, 0xEB, 0xD5, 0x72, 0xFA, 0x14, 0x2C, 0x5D, 0xA8, 0x16, 0x1F, 0x98, 0x2E,
    0x3C, 0x5E, 0x1D, 0x7F, 0x4E, 0x64, 0xF8, 0x68, 0xE4, 0x8C, 0x40, 0x2D, 0xE0, 0x86, 0xC8, 0x59,
    0x97, 0xC0, 0x8D, 0x74, 0x1F, 0xE6, 0x4A, 0x3E, 0x2F, 0x66, 0xD7, 0x15, 0xB7, 0xFD, 0xD1, 0x03,
    0xD5, 0x25, 0x97, 0x7D, 0x6A, 0x47, 0x1F, 0xDB, 0xE4, 0xA3, 0xD7, 0x15, 0x7C, 0x1C, 0xE8, 0x3E,
    0x58, 0x70, 0x52, 0xA8, 0xE5, 0xFF, 0xBA, 0xEF, 0x54, 0x52, 0x2F, 0xB8, 0xD5, 0x09, 0xED, 0xCE,
    0x0B, 0xBF, 0x7F, 0xF7, 0x1F, 0x84, 0x97, 0x96, 0x24, 0xF0, 0x59, 0x58, 0xA9, 0xFE, 0x47, 0x53,
    0x7F, 0x6A, 0x34, 0x7A, 0x33, 0xD1, 0xCC, 0xB6, 0x60, 0x27, 0xF7, 0x28, 0x6E, 0xF6, 0x12, 0x5D,
    0xFE, 0xA2, 0x03, 0x5A, 0xF8, 0xA9, 0x80, 0x96, 0x48, 0x93, 0xA1, 0x2A, 0x5F, 0xCD, 0xED, 0x99,
    0x4F, 0xD1, 0xD9, 0x30, 0x3B, 0x9D, 0x0D, 0x37, 0xBA, 0xEC, 0xB2, 0xD6, 0xEC, 0x75, 0x45, 0xAD,
    0xBB, 0xD3, 0x9A, 0xE3, 0x97, 0x35, 0xEF, 0x70, 0x32, 0x51, 0x4B, 0x04, 0xBD, 0x20, 0xB8, 0x02,
    0x3E, 0xC2, 0x0D, 0x20, 0x3F, 0xA6, 0xDE, 0x77, 0x80, 0x21, 0xA0, 0x1F, 0xEC, 0x8F, 0x12, 0xE7,
    0xEA, 0xF1, 0xF1, 0xF4, 0xC2, 0x69, 0x4C, 0xB9, 0x8D, 0xDD, 0x65, 0xF6, 0xBA, 0xC4, 0x59, 0x1B,
    0x1E, 0x4B, 0xAF, 0x22, 0xE0, 0x1E, 0x14, 0xDA, 0x6D, 0xB9, 0x57, 0xF3, 0x63, 0x69, 0xD9, 0x40,
    0x9B, 0xE8, 0x22, 0x0E, 0x00, 0xF0, 0xB2, 0xF4, 0x32, 0x03, 0x55, 0xC1, 0x4C, 0x98, 0x82, 0xA6,
    0xAF, 0xE5, 0x66, 0xA0, 0x95, 0x1D, 0x0C, 0x97, 0x67, 0xAA, 0x9D, 0xD1, 0x8B, 0xEC, 0x16, 0x9A,
    0xD9, 0x2F, 0xD8, 0xF2, 0xC9, 0x82, 0xFB, 0xE4, 0xC1, 0x8C, 0x13, 0x1D, 0xF9, 0x45, 0x87, 0x7E,
    0x6A, 0x47, 0xEC, 0xD4, 0x47, 0x5A, 0x59, 0xE1, 0x70, 0xC8, 0xC7, 0xD7, 0x49, 0x45, 0xA1, 0x9A,
    0x01, 0x0E, 0x15, 0xE7, 0x39, 0x19, 0x2E, 0x04, 0x2B, 0x61, 0xA5, 0x93, 0x6A, 0xC7, 0x35, 0x31,
    0x0B, 0x6A, 0x44, 0xBD, 0x34, 0xB3, 0xBA, 0x4D, 0x34, 0x93, 0x2B, 0xD8, 0xF2, 0xDB, 0x19, 0x57,
    0xFE, 0x6C, 0xC4, 0x3D, 0xFA, 0xE9, 0x83, 0xE8, 0xE4, 0xA6, 0xE0, 0xD6, 0x76, 0xA6, 0x99, 0xDD,
    0x2D, 0x80, 0x3F, 0x06, 0xAA, 0xF5, 0xC4, 0xC9, 0x26, 0xE0, 0xDC, 0x13, 0xF6, 0xD0, 0x09, 0xA6,
    0x1B, 0x01, 0xCD, 0x55, 0x3F, 0x2A, 0xD0, 0xC4, 0xF7, 0x9E, 0xA8, 0x87, 0x0E, 0x0D, 0xA6, 0x2C,
    0xD0, 0x28, 0x4C, 0xBA, 0xF3, 0xFF, 0xD7, 0x26, 0x6E, 0x70, 0xA0, 0x46, 0x3D, 0x46, 0x38, 0xA2,
    0x91, 0x78, 0x8F, 0x3D, 0x9F, 0xEE, 0xF2, 0x1B, 0x5D, 0x5A, 0x78, 0xA1, 0x1D, 0x67, 0x70, 0x63,
    0xD1, 0x5B, 0xD2, 0x06, 0xFB, 0x5F, 0x23, 0x34, 0x9F, 0xA4, 0x0D, 0x9F, 0x07, 0x30, 0xC2, 0x86,
    0x1D, 0x50, 0x2F, 0x8A, 0x02, 0x54, 0x23, 0x5C, 0x6C, 0x22, 0x0C, 0x47, 0x6C, 0x98, 0x80, 0x2E,
    0x02, 0x54, 0x57, 0x80, 0x76, 0x05, 0xDC, 0xC2, 0xC9, 0x37, 0x66, 0x34, 0x39, 0x8A, 0xF7, 0xA1,
    0xF9, 0x58, 0x12, 0xF6, 0x9F, 0x36, 0xB8, 0xFF, 0xF4, 0x23, 0xEE, 0x76, 0x37, 0xD2, 0x8E, 0x1B,
    0xBA, 0xD8, 0x25, 0x7C, 0xF0, 0x1B, 0xF0, 0x91, 0x9E, 0x01, 0xDE, 0xD7, 0x44, 0xD2, 0xCC, 0x20,
    0x92, 0xA9, 0xD6, 0xF5, 0x58, 0xD3, 0xCC, 0x27, 0x41, 0x9B, 0x02, 0x58, 0x45, 0xB7, 0x03, 0x86,
    0x15, 0x4E, 0x4E, 0xE8, 0x82, 0xB6, 0xDA, 0xA4, 0xF7, 0x4E, 0x7A, 0xA0, 0x2D, 0xD0, 0x0E, 0x68,
    0x03, 0x34, 0xBF, 0xC6, 0xD7, 0xF4, 0x68, 0x78, 0xCD, 0xAE, 0xD1, 0x35, 0xB9, 0x06, 0x37, 0x82,
    0xC6, 0x56, 0x3F, 0x0D, 0xAD, 0x99, 0x35, 0xB2, 0x26, 0xD6, 0xC0, 0x9A, 0xF7, 0x7F, 0x01, 0xC5,
    0x9A, 0x01, 0xA4, 0x25, 0x59, 0x7E, 0xFF, 0x3F, 0x55, 0x67, 0x7A, 0xCA, 0xDF, 0xD9, 0xE9, 0xD3,
    0xE8, 0x66, 0x6D, 0xCF, 0xFF, 0xD5, 0x22, 0x64, 0xC9, 0x74, 0x57, 0x30, 0x91, 0x49, 0xBC, 0xF7,
    0x4E, 0xCD, 0xAE, 0x18, 0x04, 0xD3, 0xE8, 0x06, 0x81, 0x45, 0x10, 0x96, 0xF4, 0x60, 0xD9, 0x11,
    0xAF, 0xBB, 0x6A, 0xB3, 0x64, 0xB0, 0x98, 0x01, 0x09, 0xC0, 0x02, 0x08, 0x64, 0x42, 0x2F, 0x0F,
    0xDD, 0x5D, 0xB5, 0xD3, 0x58, 0x2C, 0x72, 0x62, 0x43, 0xB0, 0x98, 0xDA, 0x6C, 0x87, 0x90, 0x24,
    0x7B, 0x7A, 0xA7, 0xB2, 0x53, 0x3D, 0x5D, 0x55, 0xBF, 0xD4, 0x6F, 0xFA, 0xD6, 0x7D, 0xD3, 0x33,
    0x3D, 0x4C, 0xF6, 0xBD, 0xD7, 0xB9, 0xFD, 0xEE, 0xB7, 0x3C, 0xB7, 0xEA, 0xD6, 0xE7, 0xF3, 0x3B,
    0xF5, 0x7E, 0x5D, 0xE7, 0xDC, 0x0B, 0xC8, 0xC8, 0x9A, 0x4F, 0x3C, 0x9A, 0x16, 0x48, 0x44, 0xD3,
    0x68, 0x62, 0xFF, 0x4E, 0xD3, 0x15, 0x01, 0xD8, 0xD3, 0xE4, 0x20, 0xD7, 0xEC, 0xF3, 0x0E, 0xD2,
    0x4E, 0xD3, 0xB4, 0x2E, 0x82, 0x13, 0x89, 0x90, 0x6B, 0xB2, 0x8B, 0x8B, 0x70, 0xA8, 0x99, 0x44,
    0x4D, 0xD3, 0xE1, 0x7A, 0xF2, 0x9E, 0xEB, 0x13, 0xD5, 0x88, 0x08, 0x70, 0xED, 0x2A, 0x20, 0xD3,
    0x67, 0x30, 0x6C, 0x7F, 0x13, 0xFC, 0x38, 0x91, 0xC8, 0x6B, 0x23, 0x66, 0x34, 0x03, 0x36, 0x66,
    0x3D, 0x79, 0xE7, 0x22, 0x45, 0x9B, 0x77, 0xF8, 0xDA, 0x07, 0xAA, 0xF2, 0x7A, 0x4B, 0xC3, 0xFB,
    0x4B, 0x7C, 0xE3, 0xFA, 0x1F, 0xD3, 0xCC, 0x7E, 0xC2, 0x0F, 0x95, 0xEE, 0xE7, 0x4B, 0x80, 0x1F,
    0x9C, 0x05, 0x78, 0x77, 0x17, 0xD5, 0xEA, 0x01, 0x14, 0xFF, 0xD9, 0x8B, 0x72, 0xE5, 0x0C, 0x10,
    0x95, 0xE6, 0x87, 0x07, 0xC0, 0x82, 0x08, 0x45, 0x7D, 0xA2, 0xB6, 0xA7, 0xEF, 0x63, 0xD5, 0x07,
    0x2B, 0x00, 0xAA, 0xA2, 0xFB, 0x02, 0xF4, 0x80, 0xEE, 0xAB, 0x29, 0x25, 0xC0, 0x74, 0x32, 0x56,
    0x11, 0xC8, 0x6A, 0x20, 0x47, 0xD9, 0x01, 0x06, 0x80, 0xB9, 0x55, 0xDB, 0x1A, 0x38, 0x0F, 0x40,
    0xD1, 0x02, 0xD5, 0xFA, 0xB2, 0xD9, 0x0E, 0xF1, 0xF5, 0xB9, 0xC4, 0x8A, 0x74, 0x54, 0xC1, 0x86,
    0x74, 0xC6, 0x84, 0x6C, 0x40, 0x8D, 0x97, 0x50, 0x79, 0xB4, 0x26, 0xF8, 0xF6, 0xF3, 0x22, 0x00,
    0x79, 0x04, 0x35, 0xFF, 0x33, 0x52, 0x91, 0x1E, 0x0A, 0x79, 0x07, 0x38, 0x73, 0x05, 0xB4, 0x94,
    0x1E, 0x18, 0x20, 0x09, 0x00, 0xE8, 0x7E, 0x34, 0x52, 0xA6, 0x83, 0xAF, 0x6D, 0x74, 0xB5, 0x0B,
    0x67, 0x50, 0x36, 0x5F, 0xAF, 0xCF, 0x33, 0xF8, 0xF6, 0x05, 0x7C, 0x38, 0xC0, 0x4B, 0x8F, 0x93,
    0xC0, 0x82, 0x05, 0x98, 0x1E, 0x70, 0x23, 0xE0, 0x6F, 0x00, 0xC3, 0xCE, 0xE9, 0x2B, 0x5C, 0x00,
    0x04, 0x8C, 0x94, 0xB8, 0xB7, 0x6B, 0xF6, 0x4C, 0x7B, 0x4C, 0x85, 0x08, 0xD8, 0x1E, 0xC8, 0x3A,
    0x00, 0x4E, 0x5F, 0xE1, 0x1C, 0x30, 0x41, 0x32, 0x01, 0x87, 0x1C, 0x0F, 0x7F, 0xD7, 0xD5, 0x50,
    0xDC, 0x04, 0xDC, 0xA0, 0xD1, 0x9D, 0x3A, 0xFE, 0x19, 0xAE, 0xE0, 0xBE, 0x17, 0xC8, 0x7E, 0x59,
    0x63, 0x66, 0x48, 0x87, 0x63, 0x2A, 0x98, 0xF6, 0x10, 0x48, 0x3F, 0xEC, 0x00, 0xA4, 0x06, 0xB8,
    0xCB, 0xFA, 0xF0, 0xB2, 0x78, 0xA8, 0x48, 0x84, 0x6C, 0xB0, 0x23, 0xD8, 0x5E, 0x0F, 0x73, 0x11,
    0x59, 0xB3, 0xE8, 0x10, 0x25, 0x46, 0xB3, 0xD5, 0xAC, 0xEA, 0x44, 0xA0, 0x29, 0x75, 0x4F, 0xC1,
    0x4C, 0x9A, 0x76, 0x24, 0x99, 0x51, 0xFF, 0x49, 0xF7, 0x35, 0x63, 0x2A, 0x25, 0xB9, 0xC8, 0x00,
    0x95, 0x9E, 0x04, 0xE0, 0x2B, 0xDD, 0x55, 0xC8, 0xE4, 0xBD, 0x1E, 0x52, 0xB9, 0xD7, 0x01, 0xD5,
    0x5B, 0xAD, 0xE6, 0xEB, 0x00, 0xF2, 0x82, 0x9E, 0x7D, 0x06, 0xFC, 0x3C, 0x81, 0x36, 0x08, 0xD0,
    0x0E, 0x01, 0xB6, 0xCF, 0x7A, 0xC8, 0x3B, 0x1B, 0x15, 0xC1, 0x45, 0xCD, 0x22, 0x28, 0x88, 0x6F,
    0x15, 0xA4, 0xD1, 0x4C, 0x54, 0xAE, 0x79, 0xAD, 0xF9, 0x23, 0xF0, 0xDA, 0x2F, 0xB4, 0x57, 0x0C,
    0x5F, 0xD0, 0x31, 0xEF, 0x50, 0xD3, 0xA0, 0x3A, 0x22, 0xA5, 0xA6, 0x7C, 0xEC, 0x58, 0x7F, 0xD2,
    0x31, 0x7B, 0xEC, 0xD8, 0x93, 0x7E, 0xBE, 0xE3, 0xB7, 0x3A, 0x45, 0x5F, 0x07, 0xBA, 0x90, 0x51,
    0x01, 0x06, 0xA0, 0x41, 0xED, 0x94, 0xED, 0xE9, 0xCD, 0x4F, 0xBD, 0x9E, 0xD2, 0xFC, 0xDE, 0xFA,
    0x6C, 0x4B, 0xB7, 0x12, 0xC0, 0x49, 0x0B, 0x1C, 0x8D, 0xA3, 0x88, 0x2A, 0xCE, 0x8B, 0x21, 0x7B,
    0xD8, 0x7E, 0xD3, 0xB0, 0xC9, 0x35, 0x8A, 0x0E, 0x14, 0x18, 0xDD, 0xAF, 0xA4, 0x12, 0x51, 0x33,
    0x40, 0x4A, 0x0D, 0x50, 0x2D, 0x54, 0xD2, 0xB6, 0x66, 0xA4, 0x28, 0x17, 0x27, 0xD1, 0xDD, 0x26,
    0x38, 0x73, 0xAD, 0x44, 0xCF, 0x95, 0x4B, 0x0D, 0x3C, 0x79, 0x2D, 0x8E, 0x45, 0x6B, 0x63, 0xDE,
    0xBA, 0x50, 0xB4, 0xC5, 0x8F, 0xA4, 0xF4, 0x72, 0x1F, 0xFF, 0x4F, 0xEB, 0xF5, 0xF8, 0xB4, 0x6B,
    0x31, 0x23, 0x2E, 0xF1, 0xF5, 0xB0, 0x84, 0xD4, 0x68, 0x19, 0x4F, 0x1D, 0x9F, 0x2B, 0x9C, 0x4D,
    0x02, 0xEE, 0x4F, 0x5A, 0xAC, 0x40, 0x3A, 0x1C, 0x53, 0x81, 0x3B, 0x00, 0x33, 0xC0, 0xC8, 0x33,
    0x19, 0x01, 0xCE, 0x41, 0x32, 0x6D, 0xAA, 0x75, 0x3C, 0xFC, 0xA7, 0x53, 0xF6, 0x9C, 0xDF, 0x50,
    0x6A, 0xF8, 0x2D, 0x6A, 0xA5, 0xA8, 0x8D, 0xA2, 0x4A, 0xBD, 0x52, 0x0A, 0x28, 0xE5, 0xF3, 0xB5,
    0x19, 0xC9, 0x9F, 0xA0, 0x34, 0x35, 0xE0, 0x00, 0x76, 0x59, 0x3B, 0xEF, 0xC3, 0x1A, 0x90, 0x16,
    0xB8, 0xF9, 0x9B, 0x40, 0x77, 0xA4, 0x52, 0xC2, 0x01, 0x10, 0x21, 0x8D, 0x60, 0x1E, 0x95, 0xA8,
    0x08, 0x57, 0x00, 0xEC, 0xD7, 0x23, 0x98, 0x9F, 0xB5, 0x60, 0x04, 0x48, 0xC6, 0x67, 0x72, 0x39,
    0xB9, 0xD7, 0xB4, 0x3B, 0x97, 0x98, 0xF9, 0x04, 0x2E, 0x27, 0x33, 0x00, 0x76, 0x04, 0x8A, 0x1B,
    0xC0, 0x61, 0xFE, 0xA9, 0xFF, 0x60, 0x22, 0x55, 0xC8, 0xE2, 0x02, 0x64, 0xBA, 0xC5, 0x25, 0xD5,
    0x46, 0x91, 0x86, 0xCF, 0xFC, 0x07, 0xF3, 0xFC, 0xDF, 0x96, 0xBE, 0xCD, 0x44, 0xBB, 0xA1, 0x94,
    0x1A, 0xEA, 0x27, 0xE4, 0x31, 0x9D, 0x17, 0xB4, 0xC5, 0x24, 0x15, 0x19, 0x21, 0x97, 0x1F, 0x00,
    0x67, 0xCA, 0xF5, 0xE8, 0xA6, 0x83, 0xF4, 0x41, 0x84, 0xAC, 0xBE, 0x05, 0x00, 0xBA, 0x63, 0xC7,
    0x22, 0x1C, 0xA8, 0x5E, 0xFB, 0x75, 0xCB, 0x6C, 0x22, 0xC9, 0x68, 0xFA, 0x25, 0xB2, 0xB8, 0x84,
    0xEB, 0x96, 0x28, 0x5A, 0x54, 0x16, 0xFC, 0x00, 0x69, 0x0B, 0x64, 0x9D, 0x86, 0xDC, 0xD7, 0x90,
    0x9A, 0x44, 0x8F, 0xCF, 0xCF, 0x34, 0x91, 0x03, 0x6C, 0x64, 0xC4, 0x76, 0x34, 0x65, 0xDE, 0x6A,
    0x11, 0xD5, 0xEA, 0x3E, 0xC0, 0xD7, 0x4C, 0x0D, 0x2F, 0x39, 0xA0, 0x98, 0x00, 0xDB, 0x9F, 0xBE,
    0x79, 0xF9, 0x1C, 0x24, 0xED, 0xEE, 0x12, 0xFF, 0xDA, 0x03, 0xD2, 0x01, 0x37, 0xCB, 0x67, 0x6E,
    0x9E, 0x46, 0x20, 0xEB, 0x01, 0xD3, 0x01, 0xF0, 0x0C, 0xC6, 0x9C, 0xA3, 0x03, 0x81, 0xCB, 0x3C,
    0x73, 0x69, 0xCE, 0x03, 0xC9, 0x7D, 0xC0, 0xB4, 0x1A, 0x51, 0x23, 0x9C, 0xBE, 0x39, 0x00, 0x59,
    0x0B, 0xEC, 0x00, 0xEC, 0x03, 0xF8, 0x12, 0xFD, 0xF5, 0xD9, 0xD7, 0xC0, 0x75, 0xB0, 0xF6, 0x59,
    0xB8, 0xD3, 0x03, 0x8B, 0xE5, 0x01, 0xDB, 0x87, 0x97, 0x56, 0x04, 0xF2, 0xB9, 0xAC, 0x1E, 0x42,
    0x36, 0xA0, 0xF2, 0xB6, 0x47, 0xF5, 0x5D, 0xD4, 0x02, 0xE8, 0xA6, 0x6A, 0xD1, 0x17, 0x9A, 0x1A,
    0xD4, 0x7C, 0xED, 0x78, 0xE8, 0xC9, 0x66, 0xD0, 0x3B, 0xB3, 0x09, 0x10, 0xCC, 0xC8, 0xE6, 0xBE,
    0x85, 0x64, 0xC6, 0x0E, 0x60, 0x26, 0x5C, 0x44, 0x5F, 0xD0, 0x4D, 0x3E, 0x53, 0xF5, 0x7A, 0xD8,
    0x5F, 0xCA, 0xC4, 0x3A, 0x2A, 0x6E, 0x00, 0xFC, 0x08, 0x0C, 0x7B, 0x90, 0xE8, 0x24, 0xF5, 0x62,
    0x50, 0xCD, 0x16, 0x8C, 0xD4, 0xE8, 0xFB, 0x6B, 0x00, 0xCC, 0x00, 0x93, 0xD5, 0x12, 0x55, 0x03,
    0xE9, 0x20, 0x23, 0xE6, 0x83, 0xB7, 0x96, 0xF8, 0xD0, 0x0C, 0x64, 0xFF, 0x91, 0xF5, 0xB8, 0x7F,
    0x73, 0x11, 0x17, 0x5D, 0x47, 0xDE, 0x2D, 0x16, 0x45, 0xF0, 0x2D, 0xBE, 0xAD, 0xFE, 0x0A, 0x5F,
    0x37, 0x77, 0xA8, 0x4A, 0x89, 0x34, 0xDC, 0x2D, 0xB7, 0xEA, 0x85, 0xD4, 0xCD, 0x8C, 0x22, 0xE7,
    0x51, 0x2B, 0x40, 0xD1, 0x41, 0x23, 0x3A, 0xA2, 0x88, 0x6E, 0xD0, 0x17, 0xAA, 0x1A, 0xAD, 0x89,
    0x94, 0xAB, 0xFA, 0xBA, 0x69, 0xEA, 0x27, 0xD5, 0xCD, 0x91, 0x7A, 0x3A, 0xE1, 0xFA, 0xAD, 0xFA,
    0xC5, 0x45, 0x7D, 0x38, 0x52, 0xFF, 0x56, 0x80, 0x54, 0x0D, 0xF5, 0xAD, 0xB1, 0x22, 0xE0, 0x64,
    0xFE, 0x1C, 0xC3, 0x0F, 0xFF, 0xF9, 0x93, 0x86, 0xF6, 0xC8, 0x30, 0x3E, 0x69, 0xD8, 0x3E, 0x36,
    0xEC, 0x37, 0x86, 0x49, 0xFC, 0x36, 0x66, 0x7C, 0x17, 0x9B, 0x77, 0x9C, 0xB5, 0xF5, 0x3A, 0xE0,
    0x14, 0x73, 0xA9, 0xA2, 0xD8, 0x1E, 0x45, 0xD3, 0x27, 0x79, 0xA7, 0x82, 0xE0, 0x5B, 0x25, 0xD2,
    0x92, 0x83, 0x00, 0xA2, 0x3A, 0xEA, 0xA2, 0x22, 0x6A, 0xA1, 0x0A, 0x35, 0x3C, 0x97, 0x80, 0xB7,
    0xD0, 0xBC, 0x0F, 0x0F, 0x46, 0x92, 0x70, 0x0B, 0x50, 0x9B, 0x12, 0xB3, 0xB9, 0x7B, 0x7B, 0xB3,
    0x81, 0x73, 0xEB, 0xF1, 0xA3, 0x1E, 0x0F, 0xD9, 0x7A, 0xCA, 0x9F, 0xEB, 0x3E, 0x25, 0xC5, 0x04,
    0x79, 0x00, 0x8C, 0x44, 0x32, 0xE9, 0x00, 0x4E, 0x94, 0xF3, 0xC2, 0x35, 0x9A, 0x99, 0x66, 0x62,
    0xC5, 0x5B, 0xE8, 0x16, 0xB8, 0x85, 0x6D, 0x41, 0x4B, 0x66, 0x05, 0x33, 0xA3, 0x62, 0xB9, 0xA8,
    0x50, 0x0B, 0xD3, 0x82, 0xA4, 0x44, 0xA6, 0x5C, 0x8A, 0xF7, 0xA3, 0xA8, 0x36, 0x30, 0x9F, 0x2C,
    0xD4, 0xB9, 0x04, 0xDE, 0xB0, 0x70, 0xE3, 0xCF, 0xC1, 0x0F, 0x7A, 0xB9, 0x1F, 0xAF, 0x78, 0xBF,
    0x21, 0x97, 0xD9, 0x70, 0xE5, 0x1B, 0xAE, 0xB4, 0x86, 0x0C, 0x78, 0x01, 0x78, 0x09, 0xD8, 0x05,
    0x7C, 0x80, 0xBC, 0x04, 0x92, 0x09, 0x23, 0x98, 0x79, 0x7B, 0x0B, 0xA2, 0xA7, 0x96, 0x98, 0x49,
    0xB7, 0x53, 0xB4, 0xCF, 0xF9, 0x56, 0x4F, 0xD0, 0x80, 0xA0, 0x3B, 0x8E, 0x98, 0xE1, 0x8D, 0xE5,
    0x25, 0x2B, 0xA5, 0xF6, 0xD5, 0x80, 0x2B, 0xD9, 0x87, 0x03, 0xA8, 0x3A, 0x7C, 0xE0, 0x0C, 0x80,
    0x07, 0x1A, 0xE0, 0x26, 0x27, 0x3E, 0xEA, 0x5F, 0x7C, 0x98, 0xA1, 0x01, 0x52, 0x29, 0xC1, 0xBE,
    0x5F, 0x43, 0x6E, 0x5A, 0x00, 0x36, 0x6F, 0xA4, 0x25, 0xC6, 0xF5, 0x1A, 0x11, 0x78, 0xDA, 0x4C,
    0x5B, 0x79, 0x10, 0x36, 0xA1, 0x38, 0xCA, 0xA3, 0x40, 0xF0, 0x4D, 0x15, 0x19, 0xF3, 0x08, 0x8D,
    0xE8, 0xBB, 0x0D, 0x80, 0xB6, 0x38, 0x50, 0x45, 0xC8, 0x47, 0x60, 0x7F, 0x0F, 0xE8, 0x77, 0x58,
    0xCB, 0xDA, 0x02, 0xB2, 0x36, 0xC0, 0x1D, 0x3D, 0xC7, 0x73, 0xBE, 0x46, 0xA5, 0x36, 0xB4, 0x08,
    0xC0, 0x0C, 0x5A, 0x6B, 0xD4, 0x4D, 0xCF, 0xA6, 0x31, 0x80, 0x4A, 0x82, 0x8D, 0x80, 0xEB, 0x34,
    0x5A, 0xF8, 0x76, 0x51, 0xC2, 0xA4, 0x75, 0x6E, 0x06, 0xC0, 0xBF, 0xB3, 0xA9, 0x75, 0x33, 0x6A,
    0xE7, 0xBF, 0xDE, 0x91, 0x8D, 0x78, 0xAD, 0x38, 0xA3, 0x8A, 0x9A, 0xA8, 0xE9, 0x6A, 0xF5, 0xDD,
    0x07, 0x7C, 0x18, 0x34, 0x25, 0xA2, 0x55, 0x19, 0x80, 0xE6, 0xAD, 0x11, 0x10, 0x33, 0x6B, 0x26,
    0xA2, 0xDA, 0x48, 0x8D, 0x99, 0x68, 0x5A, 0x45, 0xF1, 0x81, 0x7C, 0xA6, 0xE8, 0xB5, 0x88, 0x7E,
    0x64, 0x7D, 0x1C, 0x1C, 0x4D, 0x68, 0xD8, 0x05, 0xE0, 0x4D, 0xD4, 0x42, 0x79, 0x38, 0xEA, 0xF9,
    0x1A, 0x34, 0x6B, 0xE3, 0x5F, 0x6D, 0xEF, 0x2C, 0xB6, 0x99, 0x2C, 0xB6, 0xB9, 0x76, 0xD9, 0x1B,
    0x1E, 0xF3, 0xB0, 0x7B, 0x91, 0xEC, 0x51, 0x0B, 0x56, 0x3A, 0x70, 0xCA, 0x97, 0xFF, 0x7B, 0x0F,
    0xC5, 0x4F, 0x07, 0xF0, 0xF7, 0xC6, 0x17, 0xF1, 0xDF, 0x95, 0x5B, 0xDA, 0x11, 0x03, 0x0D, 0x6A,
    0x72, 0x74, 0xE6, 0xBB, 0x00, 0x7B, 0xEB, 0xAF, 0x49, 0x04, 0x00, 0x48, 0xA4, 0xCE, 0x4B, 0x2B,
    0xB5, 0x5E, 0x3E, 0xDF, 0x90, 0xF6, 0x95, 0xC6, 0xBD, 0xDE, 0x7E, 0x55, 0x2E, 0x65, 0x65, 0x32,
    0xDF, 0x82, 0x54, 0x7A, 0xE5, 0x1B, 0xC1, 0xCC, 0x4B, 0x64, 0xFF, 0x3D, 0x6B, 0xA9, 0xE5, 0x1B,
    0xB8, 0x58, 0xFD, 0x17, 0x4E, 0xE7, 0xFF, 0x79, 0x70, 0x01, 0x48, 0xF5, 0xE5, 0x08, 0x5A, 0xC5,
    0x3D, 0xBE, 0xF8, 0xC5, 0xDD, 0xAA, 0xF9, 0xA7, 0x2F, 0xEE, 0x7D, 0x33, 0xB2, 0x68, 0xCB, 0x50,
    0x89, 0xF4, 0x9B, 0x9D, 0x75, 0x44, 0x21, 0x8D, 0x90, 0x94, 0xBA, 0xD2, 0xA1, 0x65, 0xD3, 0xA7,
    0x1E, 0xCF, 0xE2, 0x0C, 0x0D, 0x20, 0xC0, 0x74, 0xD4, 0x41, 0xCC, 0x00, 0x59, 0x0F, 0x76, 0x3D,
    0x75, 0x80, 0xA2, 0xD5, 0x62, 0x95, 0x78, 0x81, 0x4A, 0x0B, 0x57, 0x9F, 0x24, 0x2B, 0x90, 0x03,
    0x45, 0x09, 0x0E, 0xD8, 0x01, 0xFE, 0x14, 0x78, 0xFE, 0x10, 0x89, 0xFA, 0x93, 0x77, 0xE4, 0x41,
    0x19, 0xFC, 0xF2, 0xB3, 0xE9, 0x20, 0xCC, 0x24, 0xD3, 0xF6, 0x4F, 0x56, 0x61, 0x5D, 0x0C, 0x4E,
    0xDA, 0x7C, 0xC6, 0x75, 0x00, 0x0E, 0x8A, 0x1A, 0x57, 0xE2, 0xE0, 0xE0, 0xA8, 0xB8, 0x0B, 0xF1,
    0xAB, 0x23, 0xD9, 0x60, 0x22, 0xB6, 0x37, 0x01, 0x17, 0x6D, 0xB9, 0xC4, 0xD9, 0xCF, 0xFC, 0xDD,
    0x2A, 0x39, 0xCD, 0x53, 0xFF, 0x6E, 0xF7, 0x51, 0x7E, 0x54, 0x00, 0x35, 0x40, 0x17, 0x91, 0x8C,
    0xBC, 0x37, 0x18, 0x5D, 0x40, 0x6A, 0xDE, 0x6A, 0xA9, 0x5E, 0x2F, 0x69, 0x5E, 0x38, 0x5E, 0x69,
    0xB5, 0xB6, 0x68, 0x71, 0xC1, 0xAE, 0xCD, 0x45, 0x43, 0x49, 0x5D, 0x4B, 0x11, 0x8A, 0x80, 0x6F,
    0xF3, 0xFA, 0x7F, 0x4B, 0x6A, 0xA4, 0x5D, 0x7E, 0xF4, 0x80, 0xAA, 0xDC, 0xD4, 0x72, 0x53, 0x48,
    0xE5, 0xCB, 0xFA, 0x73, 0x36, 0x4E, 0xEE, 0x57, 0x53, 0x1E, 0x86, 0xA2, 0x55, 0x32, 0x2F, 0xCA,
    0xA5, 0x58, 0x85, 0x04, 0xC8, 0xA5, 0x54, 0x19, 0x20, 0xD3, 0xB0, 0x03, 0x4A, 0x75, 0x0E, 0xDC,
    0x83, 0x4E, 0x5F, 0x0D, 0x0A, 0x0E, 0x34, 0x1D, 0xE8, 0x79, 0xB0, 0xA2, 0xB7, 0x02, 0x9F, 0x9C,
    0xC7, 0x16, 0x8A, 0x76, 0x87, 0x8B, 0x22, 0x23, 0x5E, 0xD1, 0x78, 0x3E, 0xA6, 0x12, 0x13, 0xD1,
    0xBE, 0x8F, 0x9E, 0xF5, 0x31, 0xDB, 0x79, 0xE4, 0x5D, 0xA4, 0x4B, 0x05, 0x3B, 0xE2, 0x07, 0xBE,
    0xA3, 0xE3, 0xBC, 0xED, 0xCE, 0xF5, 0xB6, 0x3B, 0x23, 0xB0, 0x4E, 0x7B, 0xB3, 0x00, 0xE0, 0x80,
    0x75, 0xCC, 0xF1, 0x5A, 0x00, 0xF2, 0xFB, 0x64, 0x52, 0xDA, 0x5A, 0x79, 0xF4, 0xAA, 0xA8, 0x5A,
    0x07, 0x6E, 0x29, 0x20, 0xEC, 0x14, 0xE1, 0x12, 0xEC, 0xE5, 0x61, 0x17, 0x76, 0x5D, 0xB7, 0xE4,
    0x81, 0x8B, 0x87, 0x70, 0x68, 0x63, 0x0F, 0xBD, 0xED, 0x23, 0xC4, 0xEC, 0x61, 0x24, 0xE9, 0xCC,
    0x47, 0x81, 0x34, 0xA8, 0x97, 0x69, 0xD3, 0x25, 0x2F, 0x76, 0x89, 0xD4, 0x5A, 0x1F, 0xF5, 0x83,
    0x6B, 0x2A, 0x38, 0x6D, 0x57, 0xC9, 0x6B, 0x60, 0x67, 0xDB, 0x34, 0xD2, 0x11, 0x37, 0x3B, 0x21,
    0x9F, 0xBC, 0xF0, 0x07, 0xB7, 0x7F, 0x28, 0x7C, 0x75, 0x6C, 0x05, 0x3E, 0x2A, 0x67, 0x92, 0x0F,
    0x75, 0x04, 0x1E, 0x9A, 0x25, 0xC6, 0xAC, 0x27, 0x1B, 0xAC, 0x5E, 0x9F, 0xEE, 0x41, 0xED, 0xE2,
    0x62, 0xEA, 0x3A, 0x75, 0x0D, 0x79, 0x78, 0xD6, 0x3E, 0x00, 0x44, 0x80, 0x64, 0x00, 0xE0, 0x16,
    0xDB, 0x4E, 0xF8, 0x7C, 0x79, 0x72, 0x56, 0x00, 0x38, 0x36, 0x4D, 0x00, 0xA7, 0xE1, 0x00, 0x0E,
    0xE0, 0x88, 0x63, 0x0F, 0xE0, 0x61, 0x0F, 0x50, 0x05, 0x00, 0x5F, 0xFE, 0x9F, 0x0C, 0xB3, 0xCE,
    0x3E, 0x38, 0xDC, 0x07, 0x6E, 0x0E, 0x80, 0xEF, 0x80, 0xA2, 0x3E, 0xE9, 0x61, 0xAE, 0x46, 0x0A,
    0x29, 0x8B, 0x8E, 0x4C, 0x6A, 0x5B, 0x62, 0x1B, 0x35, 0x71, 0x55, 0xD0, 0xCC, 0xBB, 0x1D, 0xD8,
    0x71, 0x5A, 0x91, 0x4B, 0xB6, 0x57, 0x9F, 0x6C, 0x38, 0x80, 0x03, 0x33, 0xAA, 0x4F, 0x3A, 0xA9,
    0x4F, 0x22, 0xEA, 0x83, 0xA8, 0x0F, 0x8D, 0xFA, 0x50, 0xA9, 0x0F, 0x5E, 0x7D, 0x28, 0xD4, 0x87,
    0xBC, 0xDC, 0x56, 0x9E, 0x1C, 0xD6, 0x69, 0x78, 0xBD, 0x0B, 0xA4, 0xF1, 0x50, 0x53, 0x22, 0x40,
    0x53, 0xA3, 0x6E, 0xC3, 0xA2, 0x36, 0xAB, 0x99, 0x8A, 0x2D, 0x5E, 0x33, 0x1F, 0xBD, 0x3A, 0xA9,
    0x95, 0x4A, 0xE9, 0xE2, 0x71, 0x36, 0x64, 0x4B, 0x25, 0x6D, 0xD4, 0xB9, 0xC7, 0xF2, 0x2F, 0x2C,
    0x3A, 0xED, 0xA6, 0xC9, 0x95, 0xE0, 0xE1, 0x9B, 0x77, 0x60, 0x18, 0x40, 0x3A, 0xA8, 0x4A, 0x50,
    0x49, 0xD4, 0x97, 0xA3, 0x47, 0xD2, 0xF4, 0x90, 0x8B, 0x94, 0x34, 0xC1, 0xB7, 0xE9, 0x8C, 0x8B,
    0xD9, 0x88, 0xBE, 0x29, 0x59, 0x9F, 0x77, 0x64, 0x43, 0x11, 0xB0, 0x83, 0x6F, 0xB1, 0xFD, 0x12,
    0x2E, 0x3E, 0x8E, 0x9A, 0xBC, 0xF3, 0xEA, 0xB7, 0x44, 0x53, 0x17, 0x21, 0x11, 0x5C, 0x6F, 0x47,
    0x8C, 0x48, 0x07, 0xD7, 0x1F, 0x02, 0xC9, 0xB5, 0x2B, 0x58, 0xE9, 0xB0, 0x12, 0x58, 0x1F, 0x17,
    0x1F, 0x42, 0x23, 0xA5, 0x99, 0x74, 0x9D, 0xCC, 0x05, 0xE5, 0x2E, 0x5A, 0xD7, 0x79, 0x7D, 0xD6,
    0x79, 0xF0, 0x75, 0xD1, 0xFA, 0x5A, 0xFF, 0x35, 0x14, 0xEF, 0x4D, 0x38, 0xE9, 0x49, 0xA5, 0x06,
    0x5E, 0x34, 0x2D, 0xFC, 0x7F, 0x5B, 0x42, 0x3E, 0x03, 0xB6, 0x3F, 0x7D, 0x7C, 0xCE, 0x91, 0x11,
    0xC9, 0xFE, 0x3A, 0x60, 0xA4, 0x26, 0x99, 0x8E, 0xA9, 0x60, 0x1E, 0x4C, 0x60, 0x7F, 0x1A, 0xC1,
    0xBD, 0x5E, 0x2F, 0x32, 0x97, 0x4E, 0x5D, 0x81, 0xAB, 0x17, 0x4A, 0x18, 0xAB, 0x92, 0x34, 0x8E,
    0x60, 0xEE, 0x75, 0x90, 0xBD, 0x56, 0x72, 0x24, 0xA2, 0x26, 0xA8, 0x0A, 0xEA, 0x82, 0xCA, 0xA0,
    0x36, 0x78, 0x0D, 0xF5, 0x41, 0x85, 0x50, 0x1F, 0x54, 0x09, 0x75, 0x42, 0xA5, 0x36, 0x56, 0x54,
    0x3A, 0x29, 0xC7, 0x8A, 0x6E, 0xA8, 0x3A, 0x17, 0xB9, 0x9D, 0x08, 0x79, 0xE4, 0x50, 0x17, 0x4F,
    0x3B, 0x70, 0x3D, 0x3E, 0x40, 0x1E, 0xF1, 0x2D, 0x14, 0xFA, 0xA7, 0x01, 0x0A, 0x2D, 0xA2, 0x1B,
    0x91, 0x19, 0xDD, 0x00, 0x95, 0xDA, 0xEB, 0x6B, 0x66, 0x02, 0xDD, 0x8C, 0xE8, 0x01, 0xD9, 0x48,
    0x5E, 0xBA, 0xC1, 0x0E, 0xEC, 0x93, 0x3D, 0x3E, 0x0F, 0xD7, 0x97, 0x8D, 0xCE, 0xD4, 0x86, 0x74,
    0x2E, 0x69, 0xE4, 0xBA, 0x84, 0xC5, 0x62, 0xB6, 0xDD, 0xA2, 0x31, 0x64, 0x8B, 0x85, 0x5B, 0x74,
    0x16, 0x91, 0x9F, 0x37, 0xED, 0x62, 0x22, 0xF7, 0x55, 0xA5, 0x03, 0xAF, 0x75, 0x52, 0x99, 0xCE,
    0xA8, 0x4D, 0xBF, 0xB3, 0xE8, 0xE8, 0xDB, 0x39, 0x79, 0x24, 0x51, 0x85, 0x9A, 0x7A, 0xBB, 0x28,
    0xEB, 0xBA, 0xB5, 0x45, 0xBE, 0x79, 0xB4, 0xAC, 0x1C, 0x54, 0xF4, 0xE3, 0x7B, 0x9A, 0x09, 0xDB,
    0xEB, 0x8A, 0x42, 0x5C, 0x22, 0x8F, 0x1F, 0xAB, 0x2E, 0xE1, 0x43, 0x1E, 0xD7, 0x65, 0xE5, 0x09,
    0x9A, 0x52, 0x40, 0x96, 0x0D, 0x42, 0x55, 0x27, 0xF3, 0x12, 0x66, 0x54, 0x31, 0x8D, 0x8B, 0x52,
    0xFA, 0xBE, 0x92, 0x32, 0x8F, 0x90, 0x5C, 0x05, 0xDB, 0x43, 0xDE, 0xC2, 0xFE, 0xDA, 0xFB, 0x49,
    0x64, 0x51, 0x99, 0xF3, 0x31, 0x9F, 0x7C, 0x7C, 0xF9, 0xF6, 0xAF, 0xC3, 0xB9, 0xA9, 0x2D, 0x13,
    0x5D, 0x01, 0x7F, 0xB4, 0x9D, 0x2C, 0x3E, 0x79, 0x47, 0xD8, 0x41, 0x1E, 0x4E, 0x97, 0x14, 0x80,
    0x43, 0x80, 0x11, 0x60, 0x97, 0x0D, 0x6D, 0x5A, 0x73, 0x3C, 0x66, 0x60, 0x07, 0xF0, 0x25, 0x38,
    0xC0, 0xAD, 0xA7, 0x01, 0xC0, 0x7E, 0x77, 0x5D, 0xE9, 0x4F, 0x05, 0x60, 0x3C, 0xF5, 0x21, 0xD1,
    0x95, 0x7E, 0xFB, 0xBD, 0x8E, 0xA3, 0xCF, 0x61, 0x8F, 0xAB, 0x27, 0xA0, 0x6F, 0x92, 0x05, 0x70,
    0x00, 0xEA, 0x72, 0x9F, 0x42, 0x14, 0xE6, 0x26, 0x23, 0xFB, 0xE9, 0xC8, 0xA5, 0x05, 0xFD, 0xCB,
    0xA9, 0xBC, 0x43, 0xA2, 0xAC, 0x22, 0x2D, 0x85, 0x74, 0x24, 0x12, 0x21, 0x8F, 0xAF, 0xE0, 0xE2,
    0x2E, 0xAE, 0xDB, 0xC3, 0xB5, 0xFB, 0x0B, 0xB7, 0x97, 0x89, 0x8B, 0xDB, 0x2F, 0x1E, 0x14, 0x01,
    0x2A, 0x60, 0x80, 0x34, 0x00, 0x40, 0x31, 0x90, 0xCA, 0x4C, 0xD6, 0x55, 0xD8, 0x70, 0x09, 0x65,
    0xB1, 0x13, 0x9B, 0x59, 0x49, 0x44, 0x21, 0xCF, 0xA7, 0x3D, 0xB7, 0x97, 0xE7, 0x94, 0x45, 0x1A,
    0x3D, 0xDD, 0xC3, 0x75, 0xCE, 0x5B, 0x75, 0x24, 0x1F, 0x45, 0xB2, 0xD0, 0x9F, 0x2C, 0xEB, 0x55,
    0xD0, 0x22, 0xB9, 0x09, 0xF6, 0xF7, 0xE1, 0x96, 0x3B, 0x1E, 0x6B, 0x2A, 0xBF, 0x44, 0xC1, 0x74,
    0x64, 0x2B, 0x14, 0x8D, 0xF4, 0xE3, 0x98, 0xB8, 0x44, 0x2A, 0xF5, 0x25, 0x14, 0x4F, 0xF9, 0xD6,
    0xBB, 0x6A, 0x25, 0x54, 0x44, 0xCE, 0xE3, 0x22, 0x0A, 0xC9, 0x42, 0x19, 0x50, 0x4C, 0xBC, 0xCC,
    0x2C, 0xA0, 0xF7, 0x81, 0x17, 0xB6, 0xD7, 0x77, 0x03, 0x70, 0x1D, 0xC0, 0x01, 0xE9, 0xD9, 0x4D,
    0x8B, 0x50, 0xE8, 0x85, 0x79, 0x41, 0x5E, 0x88, 0x5D, 0xA7, 0xBC, 0x8A, 0xDB, 0x44, 0x6C, 0xBF,
    0xB0, 0x2E, 0xA8, 0x0B, 0xE9, 0x02, 0x5A, 0x4C, 0x10, 0x30, 0x41, 0x4F, 0x47, 0xCF, 0x57, 0x23,
    0x7F, 0x11, 0xB8, 0x00, 0x24, 0xF1, 0x06, 0x7C, 0xD4, 0x43, 0x13, 0xC0, 0x97, 0x27, 0x5A, 0xE7,
    0xF3, 0x49, 0xC9, 0x65, 0x57, 0x93, 0xDF, 0x05, 0x37, 0x80, 0xED, 0x8E, 0x55, 0x67, 0xA7, 0xFD,
    0x56, 0x23, 0x16, 0xC9, 0x9C, 0xC4, 0x3D, 0x33, 0xA5, 0xDD, 0x79, 0x33, 0x26, 0xE5, 0x13, 0x53,
    0x93, 0x35, 0x3E, 0x7F, 0x7E, 0x57, 0x6A, 0x00, 0xD9, 0x76, 0x38, 0xF8, 0x81, 0x5A, 0x77, 0xDB,
    0x9A, 0xBE, 0x09, 0x7C, 0xED, 0xD6, 0x7A, 0x3C, 0xF6, 0x68, 0x42, 0xEA, 0x64, 0x5E, 0x7E, 0x68,
    0x60, 0xFE, 0xD4, 0x3C, 0x0A, 0x1B, 0xCF, 0x2D, 0x73, 0x22, 0x27, 0xB5, 0x5B, 0xD4, 0x22, 0x49,
    0x4B, 0x56, 0x2B, 0x45, 0x1A, 0x79, 0xB5, 0xE3, 0x51, 0x8B, 0x96, 0x9B, 0xB8, 0x0F, 0xDC, 0x19,
    0x94, 0xA8, 0x03, 0x7C, 0x0D, 0x70, 0xAA, 0x6E, 0x24, 0x57, 0xC0, 0x44, 0xC8, 0x16, 0x87, 0xB7,
    0x6B, 0xFC, 0xEB, 0xD0, 0xBC, 0x04, 0x02, 0x5E, 0x06, 0x7D, 0x1E, 0x4D, 0x58, 0xB7, 0x93, 0xD5,
    0xA3, 0xAE, 0x51, 0xB4, 0x25, 0xFE, 0xC7, 0x35, 0x7E, 0x06, 0x3F, 0x40, 0x5E, 0x43, 0x56, 0xC2,
    0xBB, 0x4E, 0x69, 0x1F, 0x23, 0xBF, 0x3A, 0x9B, 0x6E, 0x5F, 0x91, 0x0F, 0xCC, 0x98, 0x86, 0x77,
    0xB3, 0x31, 0x69, 0x8F, 0x90, 0xAD, 0x48, 0x50, 0xBF, 0xF6, 0x8B, 0x23, 0x7F, 0xA5, 0x5C, 0xE7,
    0x84, 0x78, 0x19, 0x97, 0x9F, 0xED, 0xDC, 0xBF, 0x92, 0xD0, 0x48, 0x6B, 0x23, 0x4E, 0xC7, 0xA4,
    0xCC, 0xDF, 0x6B, 0x0B, 0xA1, 0x18, 0x71, 0x01, 0xC8, 0x95, 0xCB, 0xFF, 0x04, 0xF8, 0xFB, 0x19,
    0xE8, 0x0E, 0x01, 0x20, 0x97, 0x2E, 0x17, 0x2B, 0xA5, 0xED, 0xCD, 0x48, 0x1A, 0x96, 0x30, 0x6D,
    0x36, 0x90, 0xB5, 0xAE, 0xC7, 0xD6, 0x2E, 0xE2, 0xB4, 0xA0, 0x4E, 0xE9, 0x76, 0x94, 0x6E, 0x4F,
    0x63, 0x97, 0xAA, 0xE6, 0x40, 0x11, 0x7B, 0x9A, 0x36, 0x89, 0x54, 0x9D, 0x0D, 0x78, 0xD5, 0xC8,
    0x65, 0x86, 0x44, 0xEE, 0x03, 0x9C, 0x7B, 0x0E, 0x18, 0x5F, 0x82, 0x54, 0xDE, 0x04, 0xF3, 0xFD,
    0xF5, 0xBB, 0x05, 0xA0, 0xBB, 0x20, 0x58, 0x29, 0x67, 0x0A, 0x59, 0x04, 0xBE, 0x2D, 0x66, 0x24,
    0x99, 0x94, 0x61, 0xCC, 0x06, 0xCC, 0xE8, 0x7A, 0xB2, 0xDE, 0x45, 0x6C, 0xFC, 0xED, 0x0E, 0x17,
    0xBF, 0x13, 0x70, 0x0F, 0x7E, 0x76, 0xAF, 0x76, 0xF2, 0xB6, 0xE0, 0xE6, 0x7C, 0x20, 0x1B, 0xDC,
    0x3B, 0x80, 0x17, 0xA0, 0x52, 0x23, 0x38, 0x7D, 0xA3, 0x6B, 0x57, 0x55, 0x66, 0xD0, 0xE8, 0x01,
    0x38, 0x59, 0x99, 0x97, 0xB3, 0x12, 0x76, 0x73, 0xC0, 0x8F, 0x80, 0xEB, 0x4E, 0xDF, 0xE8, 0xE9,
    0x1F, 0xB9, 0x9E, 0xAC, 0x96, 0xE9, 0x80, 0xFF, 0xF7, 0x5B, 0xC0, 0x97, 0xCE, 0x03, 0x2F, 0xFC,
    0x2E, 0x60, 0xC2, 0xE9, 0xBB, 0x9D, 0x01, 0xF8, 0xC3, 0x16, 0x78, 0x43, 0xE3, 0x9B, 0x1A, 0xBF,
    0xA7, 0xB1, 0xC3, 0xC9, 0x0A, 0xDA, 0x5F, 0x8C, 0xE0, 0xBE, 0xDF, 0xC1, 0x4E, 0xAE, 0x23, 0xF8,
    0xCA, 0xE9, 0xBB, 0x5D, 0xD0, 0x5B, 0x0A, 0x9F, 0x07, 0xB8, 0xED, 0x81, 0x38, 0x40, 0xF2, 0x8F,
    0xE1, 0x24, 0xB5, 0xB6, 0xF4, 0xC3, 0xA7, 0xE8, 0xED, 0x4A, 0x5F, 0x7E, 0x31, 0xFA, 0x6E, 0xA5,
    0x17, 0x48, 0x95, 0x9E, 0x17, 0x01, 0x5E, 0x06, 0x88, 0x40, 0x12, 0x80, 0xF4, 0xE7, 0x1A, 0x02,
    0x30, 0x9C, 0x90, 0x42, 0x04, 0x4C, 0x0B, 0xB8, 0x12, 0xD8, 0x03, 0x38, 0x00, 0x68, 0xC2, 0xDA,
    0x63, 0x2F, 0x00, 0x90, 0x45, 0x00, 0xF2, 0x01, 0x80, 0xFD, 0xDB, 0x00, 0xF4, 0x97, 0x3E, 0xF9,
    0x21, 0x8B, 0xEF, 0xFC, 0x58, 0xCC, 0x65, 0x13, 0x8A, 0xFB, 0xD9, 0x88, 0x04, 0x5B, 0x67, 0x43,
    0x2A, 0xC1, 0xE9, 0x5D, 0xAD, 0x84, 0x9D, 0x65, 0x63, 0x25, 0xEC, 0x61, 0x07, 0xE7, 0xC3, 0x01,
    0xB6, 0xBF, 0xEC, 0xDB, 0x7E, 0xD9, 0xEC, 0xFA, 0x1F, 0x45, 0x5C, 0x7F, 0xE8, 0xEF, 0x05, 0x5C,
    0x8C, 0xFE, 0xC7, 0x2D, 0xEE, 0x57, 0x9D, 0xFF, 0x49, 0x89, 0xFB, 0xA0, 0xF5, 0xFF, 0x00, 0xEE,
    0x51, 0xED, 0xFF, 0x13, 0x9C, 0xE0, 0x47, 0x70, 0x33, 0x55, 0x0F, 0x6E, 0xA4, 0x8A, 0x90, 0xF7,
    0x54, 0x1D, 0xAC, 0x5F, 0x08, 0xD1, 0xEA, 0x02, 0x12, 0x00, 0xF3, 0x2F, 0x1D, 0x60, 0xEB, 0x78,
    0xB4, 0x08, 0x3F, 0xBB, 0xD2, 0xC9, 0xAB, 0x93, 0x6F, 0x73, 0x49, 0x47, 0xDF, 0xBE, 0x2C, 0x4B,
    0x8D, 0xDA, 0x2B, 0xB3, 0x19, 0x4C, 0x9B, 0x8C, 0x59, 0x6F, 0x5A, 0x33, 0xDA, 0xB8, 0xE4, 0x52,
    0x96, 0xAC, 0xCE, 0xFA, 0xB3, 0x9D, 0xC5, 0xC6, 0xDF, 0x09, 0x67, 0x71, 0xF1, 0xF7, 0xC3, 0x2E,
    0x36, 0xFE, 0xA2, 0xEB, 0xB1, 0x72, 0x4F, 0x02, 0xA9, 0xA4, 0xC2, 0xDA, 0x7E, 0x7C, 0x04, 0xA6,
    0x1E, 0x4C, 0x77, 0x70, 0x54, 0x8E, 0x51, 0x3F, 0x10, 0xBA, 0x6F, 0x46, 0x5C, 0x9D, 0x8E, 0x5C,
    0x26, 0x99, 0x39, 0x00, 0x49, 0x22, 0x34, 0x5A, 0xF2, 0xEA, 0xED, 0x12, 0xFC, 0x04, 0x14, 0xC3,
    0xD1, 0xD7, 0x7A, 0x3E, 0xFB, 0x31, 0x50, 0x53, 0xC2, 0xF3, 0xF2, 0x0E, 0x38, 0x89, 0xAB, 0x69,
    0x11, 0xA0, 0xE9, 0xF4, 0x7B, 0x2F, 0xDB, 0xAF, 0xBD, 0xDC, 0x60, 0x3F, 0x11, 0x2A, 0x23, 0xDC,
    0xCC, 0xA4, 0xBE, 0x73, 0xD6, 0xB7, 0xB7, 0xBF, 0x54, 0xB4, 0xE3, 0x97, 0xF3, 0x30, 0xE0, 0x82,
    0xAE, 0x81, 0x46, 0xEC, 0xAF, 0x02, 0xD9, 0x07, 0x2D, 0xD9, 0xA3, 0x12, 0x23, 0x60, 0x36, 0x6B,
    0xCD, 0x69, 0x84, 0x24, 0xF0, 0x4A, 0x56, 0xD3, 0xDC, 0x84, 0xA6, 0x87, 0xA2, 0x06, 0x92, 0xB8,
    0x07, 0xA6, 0xBF, 0x0B, 0xE9, 0x6A, 0x76, 0xEA, 0x7A, 0x64, 0x3D, 0xE0, 0x02, 0xE0, 0xE1, 0x68,
    0xE2, 0x9A, 0x6F, 0x57, 0x7F, 0xF7, 0xB4, 0xE0, 0x07, 0x48, 0x4B, 0x4C, 0xA5, 0xE4, 0x8A, 0x9D,
    0x80, 0x7C, 0x7B, 0x47, 0x24, 0x2D, 0xA8, 0x1C, 0x6E, 0x04, 0x8A, 0x1E, 0x68, 0x82, 0x29, 0x13,
    0xA9, 0x1D, 0xD9, 0xCC, 0x65, 0xDC, 0xC8, 0x01, 0x7E, 0xF3, 0x76, 0xFD, 0xA6, 0xA2, 0x0A, 0x74,
    0x17, 0xE8, 0x21, 0x6D, 0x01, 0xF4, 0xD7, 0xD6, 0xC8, 0x87, 0xC1, 0x8A, 0xD4, 0x79, 0x33, 0xF3,
    0x52, 0x3A, 0x68, 0x1D, 0xC0, 0xD6, 0x70, 0x19, 0x38, 0x44, 0x8B, 0x57, 0x5B, 0xF9, 0x9B, 0xBA,
    0x10, 0xE1, 0xB0, 0x19, 0x79, 0xC3, 0x76, 0x00, 0x00, 0x77, 0x40, 0x6B, 0x02, 0x8C, 0x00, 0x9C,
    0xBE, 0xC6, 0x39, 0xB6, 0xF7, 0x61, 0x49, 0x7F, 0x02, 0x0A, 0xFA, 0xCD, 0x34, 0xB2, 0xF7, 0x57,
    0x8E, 0x64, 0x3C, 0x75, 0x05, 0x9D, 0xAF, 0xBA, 0xAC, 0xC5, 0xFE, 0x12, 0xB2, 0x09, 0xCC, 0xF1,
    0x35, 0xFE, 0x07, 0xCD, 0x99, 0x01, 0xC4, 0x27, 0xD7, 0x7A, 0xFF, 0x3F, 0x33, 0x67, 0xDF, 0x0C,
    0xFF, 0x91, 0x9C, 0xC5, 0x2E, 0xF1, 0xDF, 0x64, 0x27, 0x28, 0x4D, 0x49, 0x32, 0x17, 0x41, 0xCA,
    0xBE, 0xEF, 0x39, 0x4D, 0xD5, 0x22, 0xB0, 0x48, 0x00, 0x08, 0x00, 0xB0, 0x45, 0x68, 0xF0, 0xEE,
    0xCE, 0xDC, 0x5E, 0x7A, 0x01, 0xD9, 0x82, 0x02, 0x5A, 0x00, 0x2D, 0x12, 0xA4, 0x2C, 0x36, 0x99,
    0x73, 0x6F, 0x50, 0x14, 0xA6, 0x6D, 0x29, 0x8A, 0x3B, 0x21, 0x28, 0x2D, 0xF7, 0x44, 0xC6, 0xCD,
    0x6C, 0x76, 0x66, 0x9E, 0xEE, 0x39, 0x8F, 0x9F, 0xF7, 0xED, 0xB6, 0x75, 0xDB, 0x66, 0xDF, 0xEC,
    0x7D, 0xF6, 0x7D, 0xBF, 0xE7, 0xF7, 0xAE, 0xF9, 0x99, 0xEF, 0xF3, 0xCC, 0x79, 0x9E, 0xF3, 0xFD,
    0x7D, 0x7F, 0x00, 0x16, 0x80, 0xC6, 0x9F, 0x61, 0x0B, 0xC5, 0x20, 0x3B, 0x34, 0x22, 0x0B, 0x0C,
    0xA3, 0x0B, 0x94, 0x3B, 0x76, 0xA2, 0x5A, 0xA9, 0x23, 0x36, 0x52, 0xCD, 0x34, 0x13, 0xD5, 0x42,
    0x3B, 0x52, 0x2F, 0xB8, 0x40, 0x3D, 0x27, 0xB4, 0x8A, 0x11, 0xD7, 0xD3, 0x4C, 0xE9, 0xB5, 0xFE,
    0x0C, 0x3D, 0xED, 0x58, 0x08, 0xD8, 0xB9, 0x5E, 0xC1, 0x88, 0x4C, 0xC0, 0xED, 0x87, 0xE4, 0xB8,
    0x04, 0x9C, 0x00, 0x0E, 0x5D, 0x4F, 0xB9, 0x26, 0x13, 0x83, 0x78, 0xB3, 0xB5, 0xA1, 0x8E, 0x76,
    0xB4, 0x93, 0x9D, 0xDA, 0x60, 0x27, 0x97, 0x7E, 0xFB, 0x66, 0x74, 0x7D, 0x1B, 0x5C, 0x9F, 0xFE,
    0x0D, 0xB4, 0x3F, 0xDF, 0xB0, 0x32, 0x53, 0x4A, 0x4F, 0x8E, 0x98, 0x71, 0x39, 0xC3, 0x22, 0x36,
    0x32, 0xE5, 0x1F, 0x6F, 0x77, 0x6F, 0x56, 0xCA, 0x91, 0xC7, 0x68, 0x42, 0x4A, 0xC0, 0x64, 0xEA,
    0x75, 0x9F, 0x48, 0x5B, 0x9F, 0x48, 0x5B, 0x52, 0x56, 0xD7, 0x49, 0xBC, 0x5F, 0xCF, 0x78, 0x03,
    0xBA, 0x9E, 0x53, 0x52, 0x1A, 0x33, 0x0C, 0xA1, 0x88, 0x30, 0x4C, 0xF5, 0x04, 0x4E, 0x24, 0x40,
    0x23, 0x3B, 0x50, 0xC8, 0x57, 0x9C, 0x25, 0x04, 0x2D, 0x4F, 0xE2, 0x31, 0x85, 0x20, 0x13, 0xB5,
    0x78, 0x81, 0x56, 0x8A, 0x0D, 0x3E, 0x10, 0xB3, 0x42, 0xB1, 0x25, 0x2C, 0xD7, 0x6A, 0x01, 0xB3,
    0xDA, 0x19, 0xAA, 0xD9, 0x46, 0xA8, 0xE3, 0x6F, 0x4F, 0x60, 0xE3, 0x1F, 0x8D, 0x60, 0xBF, 0xFE,
    0xE7, 0x2F, 0x7A, 0xAC, 0x7C, 0x24, 0x60, 0xF7, 0x66, 0x81, 0x6A, 0xB1, 0xF7, 0x38, 0xC4, 0x0D,
    0xDB, 0xA3, 0xD1, 0xDE, 0x05, 0x8D, 0x74, 0x91, 0x86, 0x9D, 0x38, 0x17, 0x4E, 0x76, 0x8F, 0x48,
    0xA6, 0x22, 0x31, 0xBD, 0x1A, 0xA9, 0x96, 0x7A, 0x2D, 0x62, 0x21, 0x3D, 0xF5, 0x5C, 0xEE, 0x66,
    0x34, 0x02, 0x36, 0x22, 0x26, 0xD8, 0x55, 0x5F, 0x95, 0xB8, 0x08, 0xED, 0x84, 0xC0, 0x30, 0x82,
    0x1B, 0x11, 0x4A, 0xF1, 0xB9, 0x48, 0x42, 0xB5, 0x93, 0x0A, 0x55, 0x88, 0xDE, 0x76, 0xF0, 0xE5,
    0x9E, 0xDF, 0x80, 0x60, 0x36, 0x24, 0x00, 0x42, 0xBD, 0x1A, 0xE1, 0x25, 0x8A, 0x1D, 0x1B, 0xED,
    0xCA, 0x87, 0x98, 0x0D, 0x37, 0xB6, 0x33, 0x33, 0x66, 0x2D, 0xC5, 0x0F, 0xA3, 0x89, 0x79, 0xE3,
    0x29, 0xA9, 0x4E, 0x76, 0x5F, 0x48, 0x2A, 0xB2, 0x72, 0xBE, 0x5E, 0x05, 0xA5, 0x6C, 0x6F, 0x93,
    0x19, 0x53, 0xAF, 0x64, 0xC2, 0x98, 0xA8, 0x2C, 0xF9, 0x9C, 0x51, 0x89, 0xCB, 0xB7, 0x53, 0x66,
    0x5B, 0x8B, 0xF4, 0x99, 0xAC, 0xFD, 0x78, 0x57, 0xAE, 0xAF, 0x95, 0x0B, 0x4A, 0xB5, 0x9C, 0x50,
    0xA6, 0x75, 0x8F, 0x12, 0x7D, 0x03, 0xE5, 0xC9, 0x7D, 0x94, 0x66, 0xB9, 0x11, 0x32, 0xCB, 0x5A,
    0xFE, 0xAC, 0xCF, 0x24, 0x5B, 0x11, 0xE5, 0x78, 0x3A, 0xAC, 0x99, 0x22, 0x7F, 0x58, 0x47, 0xCE,
    0xC7, 0xFF, 0x9F, 0x8E, 0xB8, 0x05, 0x95, 0x84, 0xFA, 0x27, 0x13, 0x94, 0x12, 0xAA, 0x5F, 0xF6,
    0xB9, 0x3C, 0x66, 0x27, 0xAD, 0xBE, 0x58, 0x00, 0x04, 0x48, 0xFC, 0x77, 0xEE, 0xFA, 0xF7, 0x71,
    0xFB, 0x56, 0xC8, 0x77, 0xB1, 0x90, 0x9B, 0xAB, 0x11, 0x09, 0x66, 0x35, 0x8B, 0xFD, 0x58, 0xA8,
    0xE7, 0x6A, 0x7E, 0xBE, 0x58, 0x69, 0xA6, 0x3A, 0x52, 0x44, 0x5C, 0x48, 0x2D, 0x98, 0x1A, 0xAB,
    0x1D, 0x69, 0xA0, 0xEB, 0x5D, 0xC8, 0xDB, 0xD3, 0x0F, 0x81, 0x9D, 0x7B, 0x43, 0x21, 0xBD, 0x91,
    0x7F, 0x0A, 0xC3, 0xCD, 0xE1, 0x0F, 0xAC, 0x88, 0x77, 0xBB, 0xDB, 0x8E, 0xBB, 0x8D, 0x66, 0x72,
    0xCB, 0x9B, 0xD5, 0x7C, 0x7E, 0x1B, 0x04, 0x85, 0x76, 0xF7, 0xD0, 0x3C, 0x86, 0x6A, 0x01, 0xAA,
    0x5C, 0x52, 0x14, 0x6C, 0x24, 0xC3, 0xD9, 0x8B, 0x66, 0x42, 0xA1, 0x1D, 0x51, 0x70, 0x01, 0x85,
    0x2E, 0x90, 0xE8, 0xE4, 0x4E, 0x49, 0x7C, 0x40, 0x40, 0x41, 0x50, 0x28, 0x76, 0x14, 0xCA, 0x8D,
    0x93, 0x57, 0xCD, 0x0A, 0x66, 0x65, 0xBD, 0x5B, 0xCF, 0x3A, 0x6F, 0x9C, 0x8C, 0xD0, 0x89, 0xCC,
    0xCD, 0x43, 0x34, 0x28, 0x56, 0x00, 0xCC, 0x9E, 0xA9, 0x56, 0x7B, 0x66, 0x5B, 0x2E, 0xCA, 0x55,
    0x49, 0x1E, 0x98, 0x8D, 0x79, 0x91, 0x29, 0xD1, 0x33, 0x32, 0x26, 0x72, 0xF6, 0x76, 0x2A, 0x14,
    0x97, 0x5C, 0xC8, 0xEC, 0x5C, 0x9F, 0xB9, 0x75, 0x1E, 0x01, 0x06, 0x94, 0x9B, 0xB2, 0xDA, 0x33,
    0xA7, 0x62, 0xCB, 0x8C, 0xCA, 0x35, 0xF3, 0x31, 0x6B, 0x66, 0x63, 0xF4, 0x5E, 0x55, 0xD4, 0x5B,
    0xEA, 0x62, 0x47, 0x80, 0xB7, 0x9A, 0x1E, 0xE0, 0x73, 0x07, 0x40, 0xB7, 0x82, 0x56, 0x25, 0x6D,
    0x82, 0x72, 0x31, 0x12, 0xAA, 0xED, 0x31, 0xD4, 0x1B, 0x43, 0x6F, 0x16, 0x3A, 0xAF, 0xB7, 0x05,
    0xA1, 0x09, 0x6C, 0xC8, 0x58, 0xAE, 0x55, 0x7A, 0xD6, 0xD7, 0xDB, 0x60, 0x96, 0x4B, 0xAE, 0xAF,
    0x66, 0x3A, 0x5F, 0x47, 0x06, 0xDD, 0xCD, 0xCD, 0xC8, 0x4E, 0x1B, 0x8A, 0x0D, 0xF7, 0xC5, 0xDB,
    0x2B, 0x4E, 0x12, 0xA3, 0xC5, 0x2C, 0xA4, 0x2B, 0x0F, 0x5C, 0xEC, 0x94, 0x20, 0xC0, 0x07, 0xAD,
    0x87, 0xED, 0x2E, 0x30, 0x2C, 0x40, 0x7B, 0x0F, 0x70, 0x82, 0x5B, 0xD3, 0x38, 0xA5, 0x11, 0x9A,
    0xAF, 0xF2, 0xD8, 0xAD, 0xC4, 0xEB, 0xCC, 0xA3, 0x96, 0x5E, 0xE7, 0x1E, 0xB6, 0x0B, 0x56, 0x99,
    0x5B, 0x17, 0x1A, 0x7D, 0xA0, 0xD7, 0xDB, 0x51, 0x67, 0x20, 0xC7, 0xCD, 0xA8, 0x73, 0x90, 0x1B,
    0x76, 0xBA, 0x01, 0xE2, 0xE1, 0xD4, 0xC6, 0xFB, 0x20, 0xC0, 0xFD, 0x3A, 0xCE, 0x5A, 0xC4, 0xB9,
    0x9E, 0x63, 0xAA, 0x23, 0xC4, 0xEA, 0x61, 0x24, 0x0F, 0xB7, 0xC9, 0x7C, 0x37, 0x62, 0x16, 0x28,
    0x47, 0x23, 0xE1, 0xFD, 0x7A, 0x06, 0x13, 0x4A, 0x09, 0x4B, 0x33, 0xC1, 0xB5, 0xA9, 0x90, 0x5E,
    0xC4, 0x43, 0xB7, 0x20, 0xBE, 0x5D, 0x38, 0xC4, 0x61, 0xAB, 0xDA, 0x55, 0x73, 0xB0, 0xAB, 0x66,
    0x50, 0x47, 0xE5, 0xCF, 0x81, 0xBD, 0x72, 0xE7, 0xB6, 0xCF, 0xCC, 0x4B, 0x09, 0x99, 0xB7, 0x95,
    0x3E, 0xB3, 0x3E, 0xEE, 0x7C, 0xE6, 0x7C, 0x79, 0x50, 0xC6, 0x88, 0xF2, 0x65, 0x57, 0xB6, 0xC5,
    0xA6, 0x5C, 0xCB, 0x55, 0x99, 0x9A, 0x55, 0x79, 0x9A, 0x45, 0x59, 0x56, 0xB3, 0x72, 0xAC, 0xA3,
    0x32, 0xB4, 0x13, 0xE7, 0x1E, 0x3F, 0x34, 0x41, 0xD7, 0xD6, 0x03, 0x10, 0x1D, 0x00, 0xC5, 0xF2,
    0x40, 0x57, 0x89, 0x80, 0x76, 0x83, 0x06, 0x9F, 0xEB, 0x52, 0x8A, 0xAE, 0x46, 0x57, 0x12, 0x8F,
    0x27, 0xA2, 0x90, 0x52, 0x8F, 0xDC, 0xDD, 0x0A, 0x5D, 0xA4, 0xD9, 0x9C, 0x94, 0x12, 0xF9, 0xDD,
    0x07, 0x7F, 0x2D, 0xF5, 0x47, 0x13, 0xAF, 0xAC, 0x41, 0x2E, 0x35, 0x23, 0x7C, 0xE7, 0xD3, 0x26,
    0xA1, 0xF8, 0xB6, 0x5C, 0x71, 0x01, 0xF3, 0xD0, 0xAC, 0xB8, 0x1E, 0xB3, 0xE6, 0xDD, 0x44, 0xB5,
    0xE4, 0x0D, 0x45, 0x3D, 0xDB, 0xAF, 0xFB, 0x3C, 0xD7, 0x1B, 0xE9, 0x77, 0xB0, 0x53, 0xBB, 0xA5,
    0xDB, 0x36, 0x63, 0x33, 0x96, 0x2B, 0x4A, 0x67, 0x41, 0xD7, 0x99, 0xF3, 0x7B, 0xFE, 0x75, 0xAB,
    0x69, 0xBA, 0xC6, 0xEB, 0xAA, 0x6C, 0x75, 0x1A, 0x00, 0xF3, 0x1B, 0x00, 0x77, 0x16, 0x00, 0x37,
    0x01, 0x89, 0xCF, 0x21, 0x18, 0x42, 0xCE, 0x26, 0xA1, 0xC9, 0x58, 0x7F, 0x9C, 0xD0, 0xB6, 0x23,
    0x70, 0x9C, 0xF1, 0xB4, 0x49, 0x38, 0x37, 0x13, 0x94, 0x53, 0x42, 0x13, 0xF2, 0xD8, 0x11, 0x89,
    0xD0, 0x64, 0xBC, 0x81, 0x8D, 0x70, 0x3F, 0x61, 0x11, 0x13, 0x9A, 0x09, 0x3B, 0xD3, 0xCC, 0xDC,
    0xDE, 0xE8, 0x56, 0x44, 0x80, 0x5B, 0x47, 0xC0, 0xFD, 0x13, 0xE0, 0xEE, 0x72, 0xE0, 0xD2, 0xF6,
    0x68, 0xD4, 0xF3, 0x5D, 0x70, 0xEB, 0x46, 0x9A, 0xB1, 0xA4, 0x01, 0x4B, 0x1D, 0xB3, 0x9A, 0xB1,
    0x91, 0x36, 0x24, 0xCD, 0xD2, 0xBB, 0x91, 0xCE, 0xDF, 0x0E, 0x0C, 0xFC, 0xE2, 0x31, 0xFC, 0xFE,
    0xED, 0x77, 0x18, 0x76, 0xB7, 0xE1, 0x96, 0x2E, 0x5D, 0xE7, 0x7C, 0x62, 0x36, 0x53, 0x7E, 0x3B,
    0x51, 0x48, 0x0F, 0x3B, 0xC0, 0xD9, 0x18, 0xAD, 0x96, 0xB3, 0xB9, 0xA9, 0xD3, 0xF2, 0x6C, 0x46,
    0x76, 0xFD, 0xD9, 0x50, 0x14, 0x0E, 0x53, 0x10, 0xB3, 0xC2, 0xB5, 0x1D, 0x3A, 0xE9, 0xE1, 0xF2,
    0x91, 0xE7, 0xB4, 0x85, 0x93, 0x15, 0x9A, 0x08, 0x5A, 0x76, 0xE8, 0x7C, 0xAE, 0x5C, 0x23, 0x3D,
    0x1F, 0x0E, 0x70, 0xF9, 0xF0, 0x7E, 0x1D, 0xA0, 0x54, 0x87, 0x5B, 0x7E, 0x99, 0xAE, 0xF1, 0xB4,
    0xF9, 0xA9, 0x02, 0x58, 0x33, 0x82, 0xFD, 0x73, 0x0F, 0xD5, 0x76, 0xEE, 0xF1, 0x52, 0x0C, 0x3A,
    0x72, 0x7D, 0x56, 0x78, 0x49, 0xE0, 0xC5, 0xAC, 0xEF, 0xB2, 0xBC, 0xCB, 0xEA, 0x2E, 0x8B, 0xBB,
    0xAC, 0xED, 0xB2, 0xA8, 0x53, 0x48, 0xC2, 0x2E, 0x8B, 0xBA, 0x2C, 0xEB, 0x92, 0xAA, 0x53, 0x51,
    0xA7, 0x9A, 0x2E, 0x4B, 0xBA, 0x23, 0xDE, 0xA5, 0xFA, 0x79, 0xC4, 0xFC, 0x32, 0xE8, 0x26, 0x5F,
    0xC9, 0x71, 0xED, 0x21, 0xFF, 0x37, 0x55, 0x77, 0xC3, 0x7A, 0x54, 0xD5, 0x34, 0xCB, 0x39, 0x2D,
    0x93, 0x35, 0x5D, 0x2D, 0xBE, 0x9E, 0xB5, 0x65, 0x93, 0xA6, 0xAB, 0x16, 0xAA, 0x60, 0x93, 0xA2,
    0x4B, 0x82, 0x4E, 0xF5, 0x5C, 0x96, 0x73, 0x2E, 0x70, 0x9C, 0xE0, 0x86, 0x6A, 0xB9, 0x24, 0xE5,
    0x54, 0xC9, 0x75, 0x53, 0x3D, 0xAA, 0x8E, 0xCB, 0x32, 0x4E, 0x55, 0x5C, 0xE1, 0xAF, 0x42, 0x11,
    0x1F, 0x00, 0x8F, 0xE2, 0x61, 0xFF, 0x3A, 0x34, 0x0A, 0x41, 0x92, 0x86, 0xDB, 0x55, 0xC2, 0x25,
    0x05, 0xA7, 0x02, 0x2E, 0xE9, 0x37, 0x95, 0x6F, 0x49, 0xBD, 0xA9, 0x78, 0x4B, 0xDA, 0x4D, 0xA5,
    0x5B, 0x52, 0x6E, 0x2A, 0xDC, 0x54, 0xB7, 0x61, 0x65, 0x4C, 0x10, 0x38, 0x17, 0xA7, 0xD6, 0xC3,
    0xD6, 0xF6, 0x70, 0xBF, 0x01, 0xE0, 0xC2, 0x53, 0xE5, 0xEA, 0x7B, 0x40, 0x27, 0x09, 0x76, 0xCE,
    0x87, 0xBF, 0x0C, 0x26, 0xAE, 0x50, 0x25, 0x30, 0xE1, 0xFE, 0xD3, 0x4D, 0x5F, 0xE7, 0xBB, 0x1D,
    0x0F, 0x95, 0xBD, 0xFF, 0x0C, 0x6B, 0xC0, 0x91, 0x57, 0x09, 0xA3, 0xD3, 0xB9, 0x98, 0x01, 0x13,
    0x7E, 0xA0, 0x42, 0xD4, 0x6F, 0x47, 0xA8, 0x7E, 0x11, 0xC0, 0x88, 0xEA, 0x9D, 0x67, 0x57, 0x88,
    0x2B, 0x85, 0x87, 0xE3, 0xC6, 0x43, 0xFB, 0x19, 0xD0, 0xE8, 0x23, 0xFA, 0x81, 0x0A, 0xD1, 0x04,
    0xA0, 0x1E, 0x01, 0x33, 0x01, 0xC4, 0x67, 0x58, 0x88, 0xF7, 0x38, 0x08, 0x35, 0x07, 0x90, 0x08,
    0x50, 0xF9, 0x1F, 0xAA, 0x35, 0x5A, 0xE9, 0x01, 0x27, 0xFE, 0x09, 0x3D, 0x30, 0x9F, 0x00, 0x66,
    0xE9, 0x80, 0x22, 0xDE, 0x41, 0xE3, 0x59, 0x9C, 0xB2, 0x47, 0xEF, 0xF9, 0xCC, 0x32, 0xC1, 0x79,
    0x92, 0x5C, 0xBE, 0x04, 0xC5, 0xE2, 0x50, 0x96, 0xC5, 0x74, 0xFC, 0x54, 0x4F, 0xDE, 0xFF, 0xB6,
    0x32, 0xD4, 0x01, 0x38, 0x1C, 0x79, 0xFD, 0x6F, 0x62, 0x65, 0x0A, 0x8F, 0xF6, 0x92, 0x6A, 0xA6,
    0xFA, 0xE9, 0x6A, 0x12, 0xB4, 0x28, 0xBA, 0xF2, 0x5F, 0xC5, 0x20, 0x39, 0x09, 0x1A, 0x5D, 0xB1,
    0x43, 0x28, 0x27, 0xE0, 0xA4, 0xEB, 0xCB, 0x11, 0x58, 0x55, 0xA1, 0x96, 0x51, 0x94, 0xD6, 0xCF,
    0x74, 0x6D, 0xDE, 0xDE, 0x01, 0x38, 0x31, 0x22, 0x0B, 0xB0, 0x18, 0x91, 0x19, 0x1E, 0xE3, 0x0A,
    0x50, 0xEB, 0xFF, 0xD2, 0xE6, 0xDA, 0xC0, 0x1D, 0x9A, 0xC8, 0x15, 0x8A, 0x85, 0x76, 0xE2, 0x01,
    0x66, 0xC2, 0x8D, 0xF9, 0x8F, 0x62, 0xC8, 0x56, 0x43, 0x7A, 0xBB, 0x4C, 0x40, 0xF1, 0xDE, 0x2D,
    0xC0, 0x64, 0x2A, 0x95, 0x4C, 0x4F, 0x3C, 0xCD, 0xF9, 0x41, 0xD7, 0xE3, 0xB6, 0x47, 0x12, 0x0B,
    0xA9, 0xE4, 0x66, 0x34, 0xAB, 0x59, 0x4D, 0x4C, 0x75, 0xA9, 0x63, 0x33, 0xD9, 0xAF, 0x87, 0xB1,
    0x0D, 0x8D, 0x3C, 0x4C, 0xA5, 0x99, 0xA1, 0xF3, 0x7F, 0x15, 0xF1, 0x43, 0xF1, 0xB7, 0xB1, 0xEC,
    0x87, 0x9B, 0xEF, 0x2C, 0x0D, 0xC3, 0x5E, 0x49, 0xAA, 0x8F, 0x91, 0x85, 0x66, 0x64, 0xB8, 0x07,
    0x1C, 0xD7, 0x3D, 0x34, 0x77, 0x01, 0xBB, 0x00, 0x75, 0x04, 0x8D, 0xDB, 0xBB, 0x57, 0x57, 0xA1,
    0x1B, 0xAB, 0x58, 0xEC, 0x98, 0xA9, 0x5A, 0x28, 0x53, 0xF9, 0xCB, 0xB1, 0x99, 0x50, 0x01, 0x87,
    0x0B, 0x19, 0x9E, 0xFB, 0x4B, 0xEF, 0x42, 0x25, 0xBD, 0x0B, 0x88, 0x4F, 0xA0, 0x3E, 0x48, 0x13,
    0x93, 0x89, 0xB0, 0x99, 0x8D, 0x32, 0x57, 0xA6, 0x91, 0xBF, 0xF8, 0x35, 0x32, 0x22, 0x5D, 0x38,
    0xD1, 0x64, 0x9B, 0xE3, 0xE6, 0xAF, 0x02, 0xBB, 0x89, 0x14, 0xAB, 0x99, 0x1F, 0x43, 0x95, 0x5E,
    0xD9, 0xE9, 0x31, 0xB4, 0x21, 0x6B, 0x26, 0x70, 0x0B, 0x94, 0x01, 0xA8, 0xA6, 0x04, 0xF2, 0x55,
    0x02, 0xE9, 0x29, 0xD2, 0xFB, 0x9B, 0xA3, 0x21, 0x72, 0x9A, 0x32, 0x5A, 0xA9, 0x27, 0x06, 0xDF,
    0x04, 0x3A, 0x11, 0x4F, 0xAD, 0xC3, 0x8C, 0x78, 0x0C, 0xF0, 0x70, 0x06, 0xE8, 0x46, 0x00, 0xD7,
    0x9F, 0x73, 0x01, 0x86, 0x95, 0x66, 0xF7, 0xB7, 0xB3, 0xC3, 0xE7, 0x52, 0xF5, 0xC9, 0x96, 0x8F,
    0x5A, 0x2A, 0xB6, 0x87, 0x66, 0xCA, 0x06, 0xDD, 0xB8, 0x24, 0x94, 0x08, 0x74, 0xB2, 0x00, 0xC3,
    0x4F, 0x57, 0x40, 0xCC, 0x9E, 0xB0, 0x50, 0x4D, 0x2A, 0x3D, 0x66, 0x4B, 0xA9, 0x9A, 0x15, 0x37,
    0xD2, 0xEC, 0xB4, 0x73, 0xD2, 0xB6, 0x6E, 0x05, 0xE2, 0x1B, 0xC0, 0x83, 0xFF, 0x2C, 0xCC, 0xAF,
    0x8D, 0xD9, 0x2D, 0x01, 0x93, 0xE0, 0xCC, 0x3F, 0x40, 0x00, 0x76, 0x3E, 0xA3, 0xD8, 0x2A, 0xA1,
    0x5C, 0x1B, 0xC1, 0xAC, 0x77, 0x1C, 0xE6, 0xE1, 0xF4, 0x12, 0xD5, 0xA3, 0x00, 0xB5, 0x4C, 0x60,
    0x73, 0x97, 0xFE, 0xEB, 0x0C, 0xED, 0x3F, 0x2C, 0xE0, 0xBE, 0x58, 0x5F, 0xC2, 0xFD, 0x58, 0x3E,
    0xA5, 0xF3, 0x32, 0x32, 0x70, 0x72, 0xA1, 0x8A, 0xF7, 0xFF, 0x01, 0xBC, 0x04, 0xF0, 0x26, 0xC0,
    0x27, 0x00, 0x33, 0x80, 0xF4, 0xC0, 0x9D, 0xEF, 0x23, 0x7E, 0x23, 0x54, 0x01, 0x2C, 0xD0, 0x02,
    0xEE, 0x53, 0x68, 0x27, 0x38, 0x02, 0xA0, 0x91, 0x70, 0x98, 0x88, 0x5C, 0xB8, 0xAC, 0xB7, 0x00,
    0xA7, 0x00, 0x11, 0x28, 0x13, 0x98, 0x47, 0x1E, 0xCA, 0x1D, 0xE0, 0x16, 0x68, 0x4F, 0xD7, 0xD9,
    0x55, 0x1C, 0x01, 0xB8, 0xB0, 0xC4, 0x9F, 0x90, 0x29, 0x76, 0x3E, 0x08, 0x07, 0x38, 0xE8, 0x08,
    0x39, 0xEC, 0xA8, 0xEB, 0x2E, 0xC0, 0x25, 0xD7, 0x03, 0xE7, 0xDD, 0x17, 0x60, 0x3F, 0x7C, 0xEA,
    0x2E, 0x57, 0xC0, 0x64, 0x58, 0x80, 0x5F, 0x6F, 0xAC, 0xB8, 0x7B, 0x9C, 0xF9, 0x3C, 0x9D, 0x07,
    0x16, 0xA0, 0x1C, 0x2F, 0x7C, 0xA2, 0xA8, 0x30, 0x29, 0x76, 0xC0, 0x64, 0x96, 0x01, 0xB8, 0xFE,
    0xC3, 0x4F, 0x14, 0xB3, 0x70, 0x26, 0x55, 0x4F, 0x33, 0xBE, 0x8C, 0xC6, 0xC1, 0x71, 0x52, 0xB7,
    0x49, 0x9D, 0x1A, 0xF5, 0x69, 0xD4, 0x61, 0x52, 0x77, 0x49, 0x9D, 0x25, 0x75, 0x95, 0xD4, 0x51,
    0x52, 0x37, 0x29, 0x39, 0x33, 0xEA, 0xCB, 0xA8, 0x2B, 0xA3, 0x9E, 0x8C, 0x3A, 0x32, 0xEA, 0xC7,
    0xA8, 0x1B, 0xA3, 0x5E, 0x0C, 0xF0, 0xEE, 0x81, 0x07, 0x9F, 0x01, 0xBC, 0x01, 0xF0, 0xC2, 0x39,
    0xFF, 0x44, 0xCD, 0x93, 0xE4, 0x9C, 0x64, 0xDB, 0x24, 0x7B, 0x26, 0x6A, 0x98, 0x24, 0xB7, 0x44,
    0xAD, 0x92, 0xE4, 0x93, 0x64, 0x93, 0x44, 0x1D, 0x92, 0x6C, 0x8F, 0x24, 0x6F, 0x24, 0x1B, 0x23,
    0x07, 0x7B, 0x51, 0xC7, 0xD5, 0xA1, 0x9F, 0x89, 0x67, 0xAA, 0xE3, 0xC5, 0xF7, 0x01, 0x5E, 0x79,
    0x05, 0xE0, 0xD5, 0x7B, 0xAA, 0x40, 0x9E, 0x89, 0xF6, 0xA0, 0xB8, 0xA5, 0x5C, 0x95, 0xAA, 0x32,
    0x9D, 0x0E, 0xDA, 0xE3, 0x85, 0x11, 0xF8, 0xAD, 0x1F, 0x25, 0xAA, 0x09, 0x7E, 0xE7, 0xDE, 0x85,
    0xA8, 0x10, 0xB4, 0x62, 0x70, 0xF8, 0x7B, 0xD5, 0xA5, 0x9C, 0x7E, 0x93, 0xD5, 0x88, 0xEE, 0x23,
    0x9D, 0x01, 0xD4, 0xD3, 0xD9, 0xB7, 0x61, 0x37, 0x2E, 0x56, 0x93, 0xC0, 0x7E, 0xD6, 0x4E, 0xF5,
    0xC8, 0xF9, 0x6E, 0x86, 0x6B, 0xF2, 0xA7, 0x0B, 0x64, 0x8A, 0xC9, 0x45, 0xCE, 0x3E, 0xAD, 0x80,
    0x0B, 0x65, 0x9A, 0xEF, 0xDE, 0x4A, 0x8F, 0xE0, 0xBA, 0xBE, 0xDC, 0x59, 0xBA, 0xDE, 0x6C, 0x66,
    0x7A, 0x8C, 0xAB, 0xED, 0x07, 0x6F, 0xD6, 0x13, 0x04, 0xB3, 0x2D, 0x69, 0xF8, 0xC8, 0x68, 0x36,
    0x8C, 0xF8, 0x34, 0x83, 0x76, 0x9A, 0x48, 0x29, 0x7E, 0x08, 0x58, 0x91, 0x1D, 0xDC, 0x73, 0xA2,
    0x44, 0xAE, 0x02, 0xC8, 0x81, 0x4C, 0x35, 0x9E, 0xEB, 0x23, 0x4A, 0xF9, 0xC8, 0xD3, 0xC8, 0x06,
    0xC3, 0xCD, 0x85, 0x62, 0xCB, 0x3D, 0x63, 0x57, 0xAA, 0xC5, 0xA5, 0xC3, 0xE5, 0x9B, 0x15, 0xFB,
    0xCD, 0x17, 0x0B, 0x56, 0xAA, 0x19, 0xBB, 0xDA, 0x88, 0x9D, 0x9B, 0x91, 0x7A, 0xEE, 0x7A, 0xFD,
    0x50, 0x75, 0x3A, 0x4C, 0x00, 0xF6, 0x8B, 0x08, 0xD4, 0x7F, 0x9F, 0xB0, 0xFC, 0x32, 0x21, 0x31,
    0x3E, 0x8B, 0x4E, 0x39, 0xFA, 0xBD, 0x5B, 0xCA, 0x86, 0x2A, 0x91, 0x29, 0xA7, 0x08, 0x7C, 0xF2,
    0xC9, 0x53, 0xEE, 0x85, 0xC4, 0x4F, 0x0F, 0x0C, 0x98, 0xDE, 0x02, 0x0A, 0x7F, 0xE5, 0x59, 0x64,
    0xAB, 0xED, 0xDF, 0xCE, 0xC0, 0xB0, 0x02, 0x69, 0xDA, 0x96, 0xE1, 0xC5, 0xA7, 0x9B, 0xED, 0xEA,
    0x80, 0xBB, 0x2D, 0xD0, 0x5A, 0xA0, 0xAE, 0xD1, 0x70, 0x22, 0x42, 0x2D, 0xB2, 0x53, 0x2D, 0x1C,
    0x53, 0xCF, 0x4A, 0x19, 0x9A, 0x04, 0xED, 0x04, 0xB8, 0x51, 0xAF, 0xF3, 0x74, 0x22, 0x2A, 0xFE,
    0x10, 0x9F, 0x80, 0xC3, 0x59, 0xB7, 0x51, 0x07, 0xB3, 0xD2, 0xFA, 0x34, 0x2F, 0xD2, 0x65, 0x1B,
    0xBC, 0x7B, 0x55, 0xEF, 0x7A, 0xA7, 0x85, 0x37, 0x2C, 0x58, 0xDD, 0xAE, 0xD4, 0x5B, 0x3E, 0xE1,
    0xCA, 0x35, 0x29, 0x8E, 0x26, 0xD8, 0xB1, 0x0D, 0xED, 0xCF, 0xC4, 0x3B, 0xF9, 0x0A, 0xF7, 0x8F,
    0xE0, 0xFA, 0xF4, 0xFB, 0x3C, 0x6E, 0x3C, 0xC5, 0xC9, 0x8C, 0x95, 0x51, 0x35, 0x0C, 0x0C, 0xA8,
    0x66, 0xC0, 0x9A, 0xA4, 0x19, 0x0A, 0x7F, 0xD1, 0x29, 0x70, 0x05, 0xCA, 0x7C, 0xAA, 0xF6, 0x5C,
    0x37, 0x81, 0x57, 0xCB, 0xFE, 0x7B, 0xA5, 0x70, 0xB7, 0xE9, 0x71, 0xB6, 0xC7, 0xBE, 0xD3, 0x63,
    0x7E, 0xD2, 0x3F, 0x4D, 0x67, 0xFA, 0xC8, 0xDF, 0xAA, 0xBF, 0x9C, 0x4D, 0x9C, 0x89, 0x9F, 0xF2,
    0xC1, 0x07, 0xEA, 0x49, 0x1B, 0x09, 0x8D, 0xF4, 0x1F, 0x0E, 0x5C, 0x96, 0xF4, 0xA6, 0x32, 0xED,
    0x1F, 0xD2, 0x0C, 0x88, 0xC9, 0x89, 0x6E, 0xC4, 0xE7, 0x33, 0x54, 0x05, 0x7D, 0x29, 0x23, 0xD5,
    0x8F, 0x47, 0x8E, 0xF0, 0x4F, 0x93, 0x17, 0xC5, 0x2D, 0x9A, 0x15, 0xB7, 0x11, 0x5F, 0x66, 0x7C,
    0xFE, 0x7F, 0xC5, 0x4B, 0x3D, 0x9C, 0x62, 0x39, 0x05, 0x4E, 0x6F, 0x00, 0xAF, 0xBD, 0x76, 0xE1,
    0x32, 0xFA, 0xDD, 0x23, 0xF8, 0xAC, 0xF5, 0xB8, 0x24, 0x88, 0xAC, 0xA7, 0xBA, 0xE9, 0xBF, 0x8F,
    0x4E, 0xD6, 0x82, 0xD0, 0x08, 0x70, 0x5C, 0x03, 0x97, 0x8B, 0x0B, 0x4F, 0x81, 0xAB, 0x50, 0x48,
    0x9F, 0x5B, 0xC5, 0x16, 0x23, 0x2F, 0x13, 0xBE, 0x5F, 0x0A, 0x5B, 0x0B, 0x9C, 0x34, 0x40, 0x63,
    0x81, 0xFA, 0x9D, 0xB3, 0xD9, 0x31, 0x52, 0x8B, 0xA4, 0x83, 0x26, 0xF5, 0xCF, 0x5C, 0x6E, 0xFA,
    0x85, 0x7C, 0x13, 0x53, 0x27, 0x4D, 0xF9, 0x13, 0x66, 0x13, 0x0F, 0x8D, 0xB7, 0xC1, 0xE0, 0x05,
    0x84, 0xC1, 0x23, 0x74, 0x7D, 0xB1, 0x3F, 0x86, 0x74, 0x51, 0xC8, 0x70, 0x4D, 0xBC, 0x9B, 0x3B,
    0xF1, 0x4D, 0x7C, 0x72, 0x76, 0x1C, 0xC6, 0x55, 0x21, 0xD5, 0x64, 0xF7, 0x66, 0x6D, 0x36, 0x17,
    0xDF, 0x7C, 0xF0, 0xAB, 0xF1, 0xF2, 0x16, 0x7C, 0xF1, 0xC8, 0x53, 0x3E, 0x02, 0xA3, 0x1B, 0xEF,
    0x3F, 0xEE, 0xD7, 0xE9, 0xA0, 0x77, 0x18, 0xBC, 0xCE, 0x71, 0xEC, 0xDB, 0x69, 0x76, 0xE0, 0x2F,
    0x3A, 0x85, 0xB3, 0xD9, 0x11, 0x78, 0xC1, 0x04, 0x5E, 0x2B, 0xFA, 0xEF, 0x95, 0x42, 0xF5, 0xE5,
    0x02, 0x26, 0x2E, 0xC0, 0x7C, 0x1F, 0x78, 0xEB, 0xAD, 0x0B, 0x77, 0x59, 0xAF, 0x1E, 0x79, 0x68,
    0xDF, 0x19, 0xD3, 0x59, 0x3C, 0x82, 0x49, 0x50, 0xFC, 0xDD, 0xF8, 0x94, 0xED, 0xF5, 0x05, 0x68,
    0x37, 0xE0, 0xC3, 0x97, 0x81, 0x5B, 0x97, 0x2E, 0x3C, 0x2D, 0x52, 0x5A, 0x74, 0x13, 0x14, 0x12,
    0xC1, 0x84, 0x0F, 0xA0, 0xF2, 0x3F, 0x7A, 0xAA, 0x69, 0x95, 0xF2, 0x15, 0xAD, 0xA4, 0x6D, 0x72,
    0x97, 0x95, 0x93, 0x72, 0xE5, 0xF5, 0x72, 0xE3, 0xC5, 0x52, 0xEE, 0x51, 0xC8, 0x06, 0x89, 0x52,
    0x2B, 0x93, 0x32, 0x68, 0xE2, 0x5B, 0xD8, 0x78, 0x03, 0x3B, 0x1D, 0x63, 0xC3, 0x09, 0x5D, 0xEF,
    0x64, 0xE3, 0x9A, 0x0A, 0x3F, 0x78, 0x1D, 0x70, 0xAA, 0x3C, 0xB9, 0x01, 0x4C, 0x40, 0xBB, 0x94,
    0xB2, 0x57, 0x53, 0x57, 0x8F, 0xAF, 0xDB, 0x89, 0x7A, 0xCB, 0x7B, 0x7B, 0x88, 0xD4, 0xF3, 0x95,
    0x72, 0x7E, 0x50, 0xCE, 0x5B, 0x15, 0x07, 0x09, 0xED, 0x43, 0x80, 0x72, 0xA4, 0xCA, 0xF2, 0xA3,
    0x18, 0xB1, 0x1E, 0xC0, 0x8A, 0xC8, 0x92, 0x20, 0xB6, 0xC5, 0x5E, 0xC4, 0x63, 0xB3, 0x95, 0xD3,
    0x15, 0xB3, 0x16, 0x9E, 0x6A, 0x3D, 0x3C, 0x12, 0x1B, 0x0F, 0xF0, 0xC4, 0x27, 0xE2, 0x2E, 0xF0,
    0xE4, 0x09, 0x5A, 0xA9, 0x9F, 0x3A, 0xA2, 0x51, 0x44, 0xA0, 0x9C, 0x01, 0x22, 0x50, 0x4C, 0xC0,
    0x73, 0x6A, 0x0F, 0xF7, 0x38, 0xCF, 0x00, 0x82, 0x93, 0xC5, 0xC9, 0xA2, 0xA3, 0xDF, 0xCC, 0xD4,
    0x31, 0x4F, 0xFF, 0x89, 0x66, 0xA4, 0x0D, 0xDE, 0xFD, 0x4D, 0xEF, 0x76, 0xDC, 0x42, 0xD3, 0x03,
    0x58, 0x68, 0x7D, 0x22, 0x6F, 0xE1, 0x14, 0xCE, 0x7F, 0xA7, 0xAD, 0x5F, 0x6A, 0x83, 0x9B, 0x78,
    0xF2, 0x6B, 0x6D, 0x27, 0x41, 0x84, 0xE4, 0x9D, 0x75, 0x0F, 0xA1, 0x5A, 0x72, 0x26, 0xF5, 0x9C,
    0x73, 0xB1, 0x11, 0x17, 0xD2, 0x92, 0xF3, 0x69, 0xA6, 0x9C, 0x91, 0x1B, 0x91, 0x83, 0xA0, 0x80,
    0x2E, 0x0B, 0x70, 0x06, 0x5F, 0x6E, 0x80, 0x24, 0xA2, 0x20, 0xB9, 0x44, 0xC5, 0x9E, 0x8B, 0x64,
    0xD2, 0xB0, 0x00, 0xB3, 0xE6, 0xA5, 0xD9, 0xE9, 0x66, 0xE8, 0xE4, 0x8F, 0x65, 0xE3, 0x7F, 0x66,
    0xA6, 0xA9, 0x8F, 0x96, 0x00, 0x60, 0x07, 0xD8, 0xEA, 0x64, 0x03, 0x74, 0x0B, 0xE5, 0x22, 0x2B,
    0xE6, 0x9B, 0x9F, 0x3E, 0x86, 0x6F, 0xCD, 0x42, 0xF5, 0x6F, 0xE9, 0x80, 0xFC, 0x17, 0x9B, 0xEA,
    0x94, 0xCA, 0x34, 0xB5, 0x23, 0xED, 0x98, 0x8F, 0x82, 0xEE, 0x4F, 0x70, 0xFD, 0xF0, 0x19, 0x9D,
    0x97, 0xC8, 0xC0, 0xE7, 0x9E, 0x7F, 0x07, 0x15, 0xCE, 0x81, 0x66, 0xC3, 0x40, 0x1C, 0x80, 0xF1,
    0xAF, 0x0D, 0x0B, 0x8E, 0x5D, 0xDF, 0xE0, 0x00, 0x0C, 0xED, 0x7F, 0x18, 0xA0, 0x97, 0x3B, 0x00,
    0x86, 0xBD, 0xC2, 0xF6, 0x02, 0x33, 0x04, 0xC5, 0x2C, 0x67, 0x4F, 0xD2, 0x47, 0x28, 0x8A, 0x60,
    0xF4, 0x0F, 0x0C, 0x20, 0xEC, 0x05, 0xF2, 0x08, 0x41, 0x10, 0x24, 0x6E, 0x2D, 0xE0, 0x83, 0xCF,
    0x2F, 0x44, 0x49, 0x46, 0x0B, 0x2D, 0x26, 0xDB, 0x09, 0x07, 0x56, 0x33, 0xE5, 0x82, 0x7B, 0xE7,
    0xD3, 0x62, 0xBE, 0xD5, 0xFD, 0xA5, 0x7D, 0xA6, 0xF6, 0x48, 0x8E, 0x21, 0xF3, 0x61, 0xA8, 0xB7,
    0x34, 0x13, 0xD2, 0x21, 0x31, 0xA4, 0x40, 0x65, 0xB4, 0xB1, 0xEA, 0xED, 0x2D, 0xBA, 0xA2, 0x2B,
    0xF5, 0x01, 0x17, 0x1F, 0xF5, 0x55, 0xDF, 0x54, 0xB0, 0xBF, 0xA3, 0x7B, 0x51, 0x5F, 0x51, 0x9F,
    0x69, 0x1D, 0xFE, 0x07, 0x19, 0x70, 0xCA, 0x22, 0x54, 0x0E, 0x67, 0x31, 0xCF, 0xAC, 0x67, 0x6C,
    0xC6, 0x5F, 0xC7, 0x25, 0x77, 0x78, 0x46, 0x66, 0x5A, 0x38, 0x33, 0x31, 0xAD, 0x86, 0x26, 0x05,
    0x2E, 0xF1, 0xEB, 0xAA, 0x89, 0x8B, 0xA4, 0xD6, 0xB1, 0x23, 0x60, 0xD9, 0x72, 0x84, 0x0D, 0x7D,
    0xD1, 0x97, 0x23, 0xED, 0xD3, 0x49, 0x12, 0x87, 0x75, 0x6F, 0xD2, 0x0E, 0xBF, 0x09, 0x83, 0x4B,
    0xC7, 0xFB, 0xD3, 0xFE, 0x32, 0x4A, 0x17, 0x32, 0x4D, 0x46, 0xF2, 0x10, 0x72, 0xFF, 0x0F, 0xCD,
    0xD8, 0x01, 0xA4, 0x25, 0x59, 0x7E, 0x3F, 0xF0, 0x4F, 0x55, 0xF5, 0x74, 0x99, 0xA9, 0xFF, 0xBF,
    0x6B, 0xF0, 0x9A, 0xCC, 0x76, 0xD2, 0x15, 0x84, 0x58, 0xDB, 0x99, 0x02, 0x18, 0xCC, 0x7B, 0x55,
    0x32, 0x08, 0x06, 0xFB, 0x30, 0x61, 0x23, 0x04, 0x31, 0x80, 0x30, 0x83, 0x90, 0x21, 0xAF, 0xFB,
    0x5D, 0xB2, 0x40, 0x30, 0x0D, 0x04, 0x20, 0x64, 0xC2, 0x02, 0x3B, 0x1B, 0x13, 0x9A, 0xCC, 0xF6,
    0xAD, 0xDD, 0x84, 0x60, 0xA1, 0x48, 0x08, 0x82, 0xA9, 0x8E, 0x09, 0x08, 0xA6, 0x26, 0xA9, 0x44,
    0xAD, 0xDC, 0x7B, 0x4F, 0x54, 0x1D, 0x78, 0x46, 0x10, 0xF3, 0xDE, 0x9D, 0xB7, 0xBA, 0xEF, 0x0F,
    0x5C, 0xEE, 0xF9, 0x7C, 0xBF, 0xBF, 0x3E, 0x87, 0xC6, 0xB6, 0x43, 0x12, 0x3A, 0x64, 0xEB, 0x2C,
    0x7E, 0xD8, 0xA1, 0xAC, 0x7B, 0x9C, 0xAE, 0xF3, 0xA2, 0xEA, 0x31, 0x55, 0x03, 0xE9, 0xB0, 0xCC,
    0xAC, 0x2B, 0x47, 0xCA, 0x10, 0x46, 0xAA, 0x75, 0xBE, 0xA9, 0x1C, 0x79, 0xB6, 0xCC, 0x64, 0x5C,
    0x66, 0x36, 0x28, 0x27, 0xD5, 0xE4, 0xBD, 0xBD, 0xCB, 0x9D, 0x10, 0x00, 0x80, 0x74, 0x82, 0x7C,
    0x86, 0x6C, 0x84, 0x62, 0x7A, 0x42, 0xB3, 0xDB, 0x4B, 0xC2, 0x6F, 0xED, 0x64, 0xBB, 0x6C, 0x56,
    0x8C, 0xF9, 0xA4, 0x1A, 0xCA, 0x51, 0xDD, 0x55, 0x83, 0x66, 0xD3, 0xF4, 0x2E, 0xDB, 0xF7, 0x3A,
    0x5B, 0x9F, 0x75, 0xB6, 0x6F, 0xBD, 0xF7, 0xB6, 0xED, 0xA1, 0xD9, 0x6B, 0xE6, 0xCB, 0xE5, 0x7B,
    0x4D, 0x0B, 0x00, 0xCF, 0x90, 0xEE, 0x91, 0xEE, 0xE0, 0x1C, 0x28, 0x7B, 0xA8, 0x46, 0x30, 0xC2,
    0xDD, 0x01, 0x5E, 0x01, 0xF8, 0x66, 0x13, 0x79, 0xA9, 0x25, 0x9E, 0xE6, 0xC1, 0x04, 0x23, 0xF2,
    0x01, 0x2F, 0xC3, 0xCD, 0xC6, 0xF2, 0xAD, 0x16, 0x3C, 0x87, 0x72, 0x98, 0xA0, 0xFE, 0x72, 0x03,
    0x3F, 0x9E, 0x58, 0x20, 0x17, 0xBE, 0x9A, 0x82, 0x18, 0x83, 0x98, 0x83, 0x18, 0x84, 0x98, 0x84,
    0x18, 0x85, 0x98, 0x45, 0x0C, 0x43, 0x4C, 0x43, 0x8C, 0x43, 0xCC, 0x43, 0x0C, 0x44, 0x4C, 0x24,
    0x46, 0x22, 0x66, 0x22, 0x86, 0x22, 0xA6, 0x22, 0xC6, 0x12, 0x4F, 0xBB, 0x81, 0xA6, 0x25, 0x39,
    0xDF, 0xA1, 0xFC, 0x72, 0x44, 0x33, 0xB5, 0x98, 0x67, 0xA4, 0xFD, 0x9B, 0xAE, 0x86, 0x14, 0x53,
    0x8A, 0x31, 0xC5, 0x9C, 0x62, 0x50, 0x31, 0xA9, 0x18, 0x55, 0xCC, 0x2A, 0x86, 0x15, 0xD3, 0x8A,
    0x71, 0xC5, 0xBC, 0x62, 0x60, 0x62, 0x62, 0xEC, 0xC1, 0x59, 0x39, 0xAC, 0xE2, 0x11, 0x9E, 0x4F,
    0x48, 0xC7, 0x8B, 0xDB, 0xD8, 0x95, 0x1F, 0xC0, 0x01, 0xCE, 0x92, 0x73, 0xAA, 0x72, 0xE4, 0x95,
    0x66, 0xC2, 0x7E, 0x26, 0x1D, 0xDE, 0xBC, 0xE9, 0x85, 0xC9, 0x26, 0xC8, 0x77, 0xE0, 0x4D, 0x94,
    0xC3, 0xB3, 0xB8, 0x33, 0x71, 0x65, 0x48, 0x87, 0x5B, 0x49, 0x82, 0xF4, 0x29, 0xB2, 0x3D, 0xD2,
    0xE7, 0x24, 0xE7, 0xA7, 0x94, 0x5F, 0x4E, 0x71, 0x3D, 0xCC, 0x33, 0x69, 0x7F, 0xD3, 0x71, 0x54,
    0x6F, 0x43, 0xB3, 0x87, 0x1F, 0xCD, 0xB0, 0x62, 0x5C, 0x8E, 0x48, 0x86, 0x4F, 0x6E, 0xE7, 0xFA,
    0x48, 0xD1, 0x7C, 0x81, 0x3F, 0xDE, 0xE3, 0x2F, 0x3F, 0x41, 0x3D, 0xE0, 0xF9, 0x48, 0x3A, 0x7C,
    0x70, 0x73, 0xFC, 0x72, 0x80, 0x7A, 0x74, 0xFC, 0xEE, 0xAF, 0xF1, 0x86, 0x48, 0xCE, 0x51, 0xC6,
    0x9B, 0x02, 0xF3, 0xB3, 0xF8, 0x2F, 0x83, 0x6F, 0xEE, 0x85, 0xF1, 0x18, 0x4C, 0x90, 0x76, 0xF0,
    0x2F, 0x7F, 0x00, 0x61, 0x82, 0xCB, 0xFE, 0x56, 0xF2, 0x7A, 0x02, 0x33, 0x92, 0x01, 0x6F, 0x7D,
    0x1F, 0xFF, 0x7A, 0x11, 0x0F, 0x45, 0xD3, 0xDF, 0x5C, 0x36, 0x67, 0xE0, 0x21, 0xC8, 0xEF, 0x40,
    0x8C, 0x3F, 0xEA, 0x9B, 0x6F, 0x5A, 0xFF, 0x6D, 0x38, 0x83, 0x0A, 0x4A, 0xF8, 0xB3, 0xEF, 0x21,
    0xCC, 0xB8, 0xBC, 0x41, 0x78, 0xD6, 0x43, 0x3E, 0x82, 0x8F, 0x21, 0x1D, 0xE0, 0xC5, 0xC5, 0x2D,
    0xF2, 0xD3, 0x16, 0xD9, 0x88, 0x74, 0x82, 0xF7, 0xF1, 0xD6, 0xE7, 0x47, 0x2B, 0xBF, 0x7E, 0x1B,
    0x2E, 0x77, 0xD0, 0xDE, 0x76, 0xF9, 0x57, 0x6F, 0xC7, 0xBF, 0xD9, 0xE3, 0xFC, 0x04, 0x43, 0x84,
    0xDF, 0x70, 0xF9, 0x7F, 0x7E, 0x0F, 0x3E, 0x5E, 0xB1, 0xDB, 0x09, 0xEA, 0xFE, 0x17, 0xF0, 0x76,
    0x3C, 0x7F, 0x09, 0xE3, 0x3D, 0xFC, 0xF5, 0x05, 0x2E, 0x27, 0xD4, 0x9B, 0x6F, 0xF0, 0x76, 0x6C,
    0x42, 0x08, 0x8A, 0x10, 0x0E, 0xF2, 0xD9, 0xA9, 0x62, 0x8A, 0x2A, 0xAA, 0x11, 0xF5, 0x80, 0xA6,
    0x8F, 0xDF, 0x6B, 0x5D, 0x86, 0xC0, 0x76, 0x83, 0xD0, 0x22, 0x20, 0x39, 0x20, 0xDB, 0x2B, 0xBA,
    0x6C, 0xA7, 0x6E, 0xAB, 0x10, 0xC2, 0xF2, 0xB5, 0x3D, 0x20, 0x3A, 0x3A, 0xAC, 0x71, 0x96, 0x1B,
    0x14, 0x7B, 0xB6, 0xA1, 0x4D, 0x77, 0x75, 0x57, 0x8C, 0x55, 0x57, 0xF6, 0x75, 0x57, 0xFF, 0x24,
    0xB4, 0x4D, 0xF8, 0x5C, 0xF3, 0x8F, 0x34, 0x9B, 0xE5, 0xF3, 0xFF, 0x35, 0xFD, 0x85, 0x26, 0x4C,
    0xCA, 0xD0, 0x4B, 0x0F, 0x00, 0xA4, 0x03, 0xC5, 0x44, 0x31, 0x92, 0xB4, 0xE0, 0x00, 0xA1, 0x45,
    0xD9, 0xA2, 0x86, 0x8F, 0x70, 0x64, 0xE0, 0x3B, 0x24, 0x81, 0x64, 0xDB, 0x52, 0xE2, 0x31, 0x9E,
    0xE2, 0x3A, 0xC6, 0xB4, 0x1F, 0x29, 0xFE, 0xB3, 0xE7, 0x5E, 0xD3, 0xF1, 0xA8, 0x6C, 0x8F, 0xCD,
    0x48, 0xDA, 0x73, 0xF9, 0x30, 0x28, 0xFF, 0xAB, 0xF3, 0xA8, 0xD9, 0x78, 0xE3, 0xE1, 0x35, 0x09,
    0x24, 0x1F, 0x41, 0x3E, 0x62, 0x5B, 0x6E, 0x48, 0xC3, 0xF7, 0x50, 0x7C, 0xB6, 0x41, 0x9D, 0x75,
    0x5C, 0x31, 0x45, 0x54, 0x54, 0x45, 0x56, 0x74, 0x45, 0x58, 0x94, 0x45, 0x5A, 0xB4, 0x45, 0x5C,
    0xD4, 0x45, 0x9E, 0x80, 0x08, 0x8C, 0x42, 0x2B, 0xD1, 0x6A, 0x14, 0x91, 0x48, 0x3F, 0x42, 0x3E,
    0x71, 0x52, 0x76, 0x92, 0xF0, 0x90, 0x2C, 0xA0, 0xFC, 0x70, 0xC3, 0x69, 0x3C, 0x54, 0x54, 0xAF,
    0x6C, 0x8B, 0xDB, 0x02, 0xB7, 0xC8, 0x2D, 0x74, 0x8B, 0x7D, 0xC5, 0x2F, 0xFA, 0xC8, 0x5F, 0xFD,
    0x6B, 0x00, 0x6B, 0x02, 0x62, 0x04, 0xC5, 0x80, 0x74, 0xDC, 0xE2, 0xAF, 0x42, 0x4B, 0xF1, 0xC5,
    0x86, 0xFA, 0xAD, 0xEE, 0xC8, 0x5D, 0xBE, 0xB2, 0xA1, 0xEC, 0xC9, 0x86, 0x13, 0xC9, 0x8B, 0xC0,
    0x5F, 0x04, 0xCA, 0xCF, 0x36, 0x4E, 0xF3, 0xEE, 0xBA, 0x9D, 0x36, 0x2D, 0xC4, 0x22, 0xB2, 0x1E,
    0xDB, 0xA2, 0x23, 0x0D, 0xBF, 0x73, 0xFB, 0xCD, 0x7E, 0x1B, 0x9A, 0x0E, 0xDF, 0xE9, 0x39, 0xC9,
    0x96, 0x7A, 0xAB, 0x56, 0x16, 0x4E, 0x8E, 0x54, 0xAF, 0x64, 0x7E, 0x9F, 0x2C, 0x0C, 0xE4, 0x45,
    0x87, 0x03, 0xF2, 0x80, 0x2A, 0xDF, 0x1C, 0xB9, 0x63, 0xCE, 0x7F, 0x55, 0x76, 0x18, 0x15, 0xDB,
    0xDE, 0xCB, 0xBF, 0xD7, 0x4A, 0xF7, 0xCB, 0x7E, 0xF1, 0x7A, 0xD1, 0x5E, 0xA3, 0xDF, 0x2D, 0xD2,
    0xD0, 0xC6, 0x2E, 0x63, 0x95, 0xB7, 0xF4, 0x3C, 0x38, 0x21, 0x09, 0x64, 0x21, 0xB6, 0x17, 0xCB,
    0x3B, 0xC2, 0xB3, 0xF1, 0x04, 0xDB, 0x8E, 0xBC, 0xA3, 0x6A, 0xF9, 0x35, 0x22, 0xB9, 0x53, 0x1F,
    0xDA, 0x05, 0xAC, 0x98, 0x28, 0xC7, 0xF8, 0xA9, 0x06, 0xEA, 0x9E, 0xA6, 0xE3, 0x72, 0xC3, 0xB6,
    0x25, 0x20, 0x44, 0x65, 0xBA, 0x27, 0xDB, 0xF1, 0xE0, 0xC0, 0x65, 0xD8, 0xF0, 0x52, 0xAB, 0x9C,
    0xBC, 0xB2, 0xE3, 0x99, 0x74, 0x74, 0xB7, 0x85, 0xCB, 0x36, 0x0B, 0x5D, 0x15, 0x36, 0x1F, 0x6C,
    0xBD, 0x1A, 0x24, 0x07, 0xE9, 0xF2, 0xB0, 0xCB, 0x27, 0xE5, 0xA8, 0x7C, 0xD1, 0x55, 0xA1, 0xAD,
    0xF7, 0xAA, 0xFE, 0xE6, 0x8E, 0x01, 0x28, 0x7A, 0xAA, 0x81, 0xB2, 0x63, 0xFD, 0xB9, 0x9D, 0x72,
    0x56, 0x0C, 0xF8, 0x5F, 0xCE, 0xB5, 0xFF, 0xEA, 0xB9, 0xEA, 0xF5, 0x5C, 0x75, 0x0F, 0x78, 0x9D,
    0x40, 0xE0, 0x04, 0xC9, 0x76, 0xA2, 0x0A, 0xA1, 0xB5, 0xED, 0x9B, 0x2E, 0x3D, 0x28, 0xC7, 0x7C,
    0xA7, 0x18, 0xCB, 0x51, 0x3E, 0x55, 0x83, 0x7C, 0xAE, 0x7B, 0xC5, 0xDC, 0x74, 0x8A, 0xA9, 0xE9,
    0x94, 0x63, 0x1C, 0x1B, 0xD5, 0xD0, 0x74, 0x9A, 0xAE, 0xE9, 0x6C, 0x37, 0x75, 0x9F, 0x04, 0xE5,
    0x54, 0xEC, 0x64, 0x21, 0x0C, 0xBC, 0xF7, 0x73, 0x00, 0x50, 0xC7, 0x43, 0xE2, 0x0C, 0x1E, 0xFC,
    0x7C, 0xDD, 0x85, 0x6C, 0xBF, 0xEC, 0x42, 0xD9, 0x97, 0x43, 0x39, 0xD4, 0x5D, 0x39, 0x34, 0xCB,
    0x67, 0x53, 0xF5, 0xCD, 0xA6, 0xEE, 0x9A, 0xCD, 0xF2, 0x67, 0xAB, 0xFE, 0xE9, 0x5E, 0x19, 0x26,
    0xE9, 0x95, 0x30, 0xD2, 0x81, 0x7C, 0xB6, 0xF0, 0x24, 0x2D, 0x64, 0x73, 0xDC, 0x53, 0x9C, 0xC2,
    0xA7, 0x48, 0x9F, 0xC2, 0x71, 0x81, 0xEF, 0x20, 0xB4, 0xFC, 0xB0, 0xA3, 0xD8, 0x50, 0xE3, 0x5D,
    0xAE, 0x69, 0xBC, 0xFB, 0x14, 0xAA, 0x9E, 0x74, 0x77, 0x86, 0x62, 0xFF, 0x2E, 0xAA, 0x4B, 0xB8,
    0x28, 0xB9, 0xEA, 0x8A, 0xB0, 0x55, 0x66, 0xA5, 0x59, 0x6D, 0x56, 0x9C, 0x55, 0x67, 0xE5, 0x59,
    0x7D, 0x56, 0x9B, 0x38, 0x57, 0xA2, 0xD5, 0x68, 0x45, 0x5A, 0x95, 0x91, 0x29, 0x3A, 0x45, 0x28,
    0x7E, 0x20, 0xE6, 0x7C, 0x3F, 0xEF, 0xD9, 0x7E, 0xB7, 0x95, 0x86, 0xEF, 0x53, 0xFC, 0x7D, 0xC7,
    0xC3, 0xB4, 0x87, 0xA8, 0x5E, 0xD9, 0x16, 0xB7, 0x05, 0x6E, 0x91, 0x5B, 0xE8, 0x16, 0xBB, 0x05,
    0x6F, 0xD1, 0x5B, 0xF0, 0x16, 0xFF, 0x1A, 0xC0, 0x9A, 0x80, 0x18, 0x41, 0xB5, 0x41, 0xF1, 0xD3,
    0x1D, 0xE9, 0xCF, 0xF6, 0xA8, 0xB6, 0x78, 0x5C, 0x1E, 0xB7, 0xCF, 0x98, 0x7B, 0x3E, 0x92, 0x8E,
    0xF7, 0x19, 0xB7, 0xAD, 0xDF, 0x0F, 0x1B, 0xC5, 0xBF, 0x75, 0xAA, 0xB4, 0xBF, 0x6E, 0xA7, 0xCF,
    0x41, 0x68, 0xA1, 0x6C, 0x49, 0x77, 0xF5, 0x2F, 0x4A, 0xB3, 0xDF, 0x6A, 0x51, 0x0F, 0x78, 0x30,
    0x72, 0x3F, 0x1D, 0x96, 0x7A, 0x37, 0x47, 0xAC, 0x57, 0xFE, 0xA2, 0xA3, 0x0C, 0x1B, 0x7E, 0xB9,
    0x16, 0xB7, 0x4A, 0xB9, 0xC3, 0xE3, 0x87, 0xC7, 0xEE, 0x98, 0xF3, 0x13, 0xE9, 0xE1, 0x13, 0x59,
    0x18, 0xDD, 0xFD, 0xDD, 0x8D, 0x24, 0x90, 0x7F, 0xD1, 0xAA, 0xB2, 0xEE, 0xEB, 0xF7, 0x9B, 0xEE,
    0x50, 0xEC, 0x89, 0x5D, 0xC6, 0x2A, 0x6F, 0xE7, 0x6E, 0x75, 0x1F, 0xDB, 0x76, 0x39, 0xD8, 0xD2,
    0x5E, 0x2C, 0xEF, 0x18, 0x77, 0xAE, 0x6A, 0x80, 0xE6, 0xBB, 0xF0, 0x69, 0xD5, 0x92, 0x0C, 0xCB,
    0xA4, 0x5E, 0xE0, 0xE1, 0xB0, 0xCA, 0xE7, 0x2B, 0x1B, 0x3C, 0xFC, 0x1F, 0x36, 0x78, 0xFA, 0x1A,
    0x1B, 0x9C, 0xBC, 0x43, 0xBE, 0xA3, 0x3C, 0x50, 0x37, 0x7C, 0x70, 0x86, 0x0B, 0x0F, 0xC2, 0xF0,
    0xF5, 0xC4, 0x97, 0xA0, 0x6E, 0x4B, 0x14, 0x9B, 0xC5, 0x94, 0x75, 0xB7, 0x22, 0x7B, 0xA9, 0xA5,
    0xEC, 0xEF, 0xC8, 0x87, 0x33, 0xC9, 0xD8, 0xF0, 0xF1, 0x35, 0x65, 0xD9, 0x0C, 0xD9, 0x1E, 0x9C,
    0x96, 0x88, 0xCD, 0xA5, 0x4F, 0x6F, 0xC3, 0x77, 0xE5, 0xFD, 0xFC, 0x3B, 0x8A, 0xE7, 0xB1, 0xBD,
    0x77, 0xAF, 0x69, 0x2C, 0xFE, 0xA4, 0x43, 0xFD, 0x0F, 0x1F, 0xE2, 0x8D, 0xB0, 0xB8, 0xDE, 0x3F,
    0xBD, 0x1D, 0x5D, 0xFB, 0xAA, 0x6C, 0xFC, 0x44, 0xB1, 0x3F, 0xB8, 0x57, 0x07, 0xBF, 0x52, 0x3C,
    0xB9, 0x9E, 0x8C, 0x12, 0x44, 0xCD, 0xED, 0x98, 0x00, 0x50, 0x83, 0xCB, 0x16, 0xCE, 0x00, 0x77,
    0x70, 0x86, 0x06, 0x57, 0x7A, 0xBC, 0xB9, 0x7B, 0xA7, 0x0A, 0x43, 0x15, 0x8A, 0xD0, 0x16, 0x53,
    0xB6, 0x93, 0xF6, 0xD9, 0x4E, 0xD6, 0xE5, 0xB3, 0xBC, 0x2B, 0x27, 0xC5, 0xA6, 0x1C, 0x95, 0x8B,
    0xA5, 0x5C, 0xAC, 0x0F, 0x17, 0xCC, 0xE9, 0x32, 0xDE, 0x74, 0xB9, 0x71, 0xB1, 0xC0, 0x26, 0xDB,
    0x2E, 0x19, 0x5D, 0x0E, 0x45, 0xAF, 0x09, 0xA1, 0x53, 0x85, 0x03, 0x49, 0xF8, 0x1C, 0x00, 0x7C,
    0x8A, 0x64, 0x0F, 0x33, 0x92, 0x20, 0x28, 0x42, 0x7B, 0x50, 0x87, 0x64, 0xEF, 0x0F, 0x43, 0xB6,
    0x93, 0xEC, 0x97, 0x9F, 0xDF, 0xE5, 0xB3, 0x6C, 0x57, 0x4E, 0xF2, 0xA9, 0x1C, 0x15, 0xE3, 0xAF,
    0x0F, 0xCA, 0xF1, 0x8F, 0x7A, 0xE5, 0x97, 0xFF, 0xFC, 0xB7, 0x9B, 0x32, 0x7C, 0x18, 0x94, 0x87,
    0x6A, 0x96, 0xCF, 0xE5, 0x53, 0x00, 0x78, 0x1D, 0xB6, 0x88, 0xE3, 0x04, 0xE4, 0x03, 0x8A, 0x1D,
    0x5C, 0x20, 0x99, 0x90, 0xB6, 0x70, 0x5C, 0xF4, 0x7D, 0x68, 0x7A, 0x7C, 0x67, 0x10, 0xF3, 0xF6,
    0xA0, 0xC3, 0x6B, 0x70, 0x93, 0xFC, 0xA6, 0x8B, 0xE4, 0x11, 0xB3, 0x99, 0xAC, 0x37, 0x43, 0x32,
    0x2E, 0xC0, 0xE5, 0x6F, 0x5B, 0x1E, 0xDA, 0x95, 0x68, 0x35, 0xCA, 0xE7, 0x65, 0x16, 0x8B, 0xD2,
    0xC2, 0x6C, 0xA3, 0x33, 0x42, 0x35, 0x9D, 0xDF, 0x10, 0xA9, 0xD1, 0x1A, 0xB1, 0x51, 0x6B, 0x3B,
    0x14, 0x83, 0xE8, 0x8D, 0x60, 0x51, 0x8C, 0xDF, 0x86, 0xE4, 0x70, 0x07, 0xD9, 0x54, 0xA3, 0xE8,
    0x6A, 0x3C, 0x54, 0x83, 0xD3, 0xD5, 0x3C, 0x2C, 0xE8, 0x20, 0xAA, 0x23, 0x3B, 0xBA, 0x23, 0x3C,
    0xCA, 0x23, 0x3D, 0xDA, 0x23, 0x3E, 0xEA, 0xAD, 0xFC, 0xE8, 0x17, 0x03, 0xE0, 0x00, 0x1A, 0x46,
    0x2A, 0x66, 0xF2, 0xF6, 0x56, 0x12, 0x48, 0xCE, 0xAD, 0x74, 0x77, 0x48, 0x66, 0x35, 0x2E, 0xD4,
    0x78, 0x74, 0xE4, 0x04, 0xF2, 0x01, 0xE2, 0x96, 0xBB, 0x30, 0x92, 0x4C, 0x66, 0xD2, 0xDB, 0xC9,
    0xC1, 0x7D, 0xD0, 0xF4, 0xD6, 0xF5, 0xBF, 0x83, 0x74, 0xA8, 0xF1, 0xA0, 0xAB, 0xF1, 0xDA, 0x91,
    0xD3, 0xA8, 0xF2, 0x16, 0xCD, 0xCF, 0x8C, 0xFC, 0xE8, 0x60, 0x66, 0x78, 0x76, 0x3B, 0x39, 0xBC,
    0x7A, 0x07, 0x76, 0x8F, 0xEE, 0x90, 0x86, 0x0F, 0x6A, 0xB2, 0x3F, 0x1D, 0x6B, 0xF2, 0xDF, 0xEC,
    0x8F, 0x9B, 0x00, 0x46, 0x88, 0xEA, 0xDB, 0xB1, 0x7F, 0xE5, 0xDE, 0xB7, 0xD8, 0x30, 0x03, 0xDC,
    0x01, 0xF5, 0xD5, 0x79, 0xEC, 0x4C, 0x00, 0x5E, 0x07, 0xDB, 0x2B, 0xF3, 0x04, 0xA4, 0x3B, 0xD8,
    0xC1, 0x29, 0x3C, 0x04, 0x0B, 0xAF, 0x6B, 0x76, 0x55, 0x68, 0xEB, 0xCF, 0xB3, 0x9D, 0x72, 0x93,
    0xEE, 0xBC, 0x2E, 0x39, 0xB8, 0x20, 0xAC, 0x19, 0x64, 0x1D, 0x97, 0x1F, 0xB6, 0x34, 0x7B, 0xD4,
    0x33, 0x57, 0xFF, 0x23, 0xB0, 0x8B, 0x63, 0x4D, 0x8F, 0x6D, 0xCB, 0xDD, 0xF0, 0x94, 0x32, 0x8C,
    0xE2, 0x95, 0x91, 0x4D, 0x24, 0x33, 0x2E, 0xF0, 0x08, 0x78, 0xEC, 0x2C, 0x09, 0x2E, 0xB3, 0xE0,
    0x49, 0x1E, 0x36, 0x3F, 0xBE, 0xD7, 0x74, 0x9F, 0xFE, 0xBF, 0xBA, 0xDB, 0xFD, 0x52, 0xD5, 0xCF,
    0xCA, 0x7E, 0x54, 0xBE, 0x18, 0x15, 0xFF, 0xDE, 0xCB, 0xFF, 0xA3, 0x93, 0xFF, 0x77, 0x2B, 0x0B,
    0x64, 0xFB, 0x48, 0x48, 0x47, 0x92, 0xDE, 0x1B, 0xF9, 0xC6, 0xF6, 0x09, 0xDB, 0x89, 0x7A, 0x73,
    0x54, 0x05, 0x40, 0x64, 0x64, 0x3B, 0xA4, 0xD3, 0x8D, 0x32, 0x8A, 0xCD, 0x76, 0xAA, 0x86, 0x7A,
    0x53, 0xF5, 0xBC, 0x84, 0xEA, 0x29, 0xEA, 0x11, 0xC9, 0x88, 0xBB, 0x3D, 0x5E, 0x3E, 0x7E, 0x5D,
    0xEE, 0xA3, 0xE9, 0xE3, 0xA3, 0x9E, 0x0E, 0xF1, 0x49, 0x7F, 0xED, 0x68, 0x95, 0x71, 0x71, 0x0F,
    0xE1, 0x11, 0xC9, 0x3F, 0xCD, 0x64, 0x3F, 0x19, 0x8E, 0x4D, 0x8C, 0x97, 0xD6, 0xEE, 0xD1, 0x72,
    0x61, 0x2D, 0xD7, 0x95, 0x3C, 0xED, 0x8F, 0xC5, 0xFB, 0x1F, 0x35, 0x8D, 0x81, 0xA6, 0x1C, 0x31,
    0x18, 0x46, 0xCF, 0x26, 0xDA, 0x20, 0x08, 0x14, 0xA0, 0xCD, 0x3E, 0x41, 0xE7, 0x01, 0xBA, 0x33,
    0x49, 0x15, 0x50, 0xF4, 0x41, 0xFA, 0x0A, 0xBB, 0x9D, 0xA9, 0xE2, 0xA2, 0x2F, 0x74, 0xB1, 0x3A,
    0x61, 0x01, 0x85, 0xDC, 0x37, 0x88, 0xAB, 0x50, 0x20, 0x25, 0x98, 0xEA, 0xCC, 0xA6, 0xB1, 0x2C,
    0xF9, 0x4F, 0x7C, 0x5F, 0x8E, 0xFC, 0x6E, 0x1B, 0xD7, 0x79, 0x1D, 0x6B, 0xAE, 0x35, 0x8D, 0x6D,
    0x6A, 0xAD, 0x91, 0xBD, 0x28, 0x7A, 0xEA, 0x70, 0xB8, 0xE0, 0x42, 0x87, 0x4C, 0xA6, 0x98, 0x22,
    0xB3, 0x4C, 0x3A, 0x0C, 0xEC, 0x11, 0x49, 0x17, 0xDD, 0xB2, 0xC8, 0xEA, 0x96, 0xD9, 0xBF, 0x44,
    0x14, 0x87, 0x9E, 0x0A, 0x9D, 0x8C, 0x38, 0x95, 0x70, 0x3F, 0x0B, 0x6D, 0x5A, 0x4E, 0xC8, 0x74,
    0x32, 0xA5, 0xB6, 0x23, 0xF3, 0x17, 0x99, 0x0E, 0x3A, 0x94, 0x41, 0xC7, 0xFD, 0x0B, 0x44, 0x3A,
    0xA1, 0x4B, 0xBD, 0x8D, 0xCC, 0x23, 0x22, 0xF7, 0xA8, 0xB0, 0x30, 0xA8, 0x48, 0x7B, 0x86, 0xC2,
    0x2E, 0xF3, 0xEE, 0x1F, 0x63, 0xE5, 0xF3, 0x6F, 0x74, 0xC0, 0x4C, 0x18, 0x8F, 0x81, 0xD7, 0xC0,
    0x00, 0x3D, 0xA6, 0x46, 0x53, 0xC3, 0xCD, 0xC4, 0x55, 0xEF, 0x2A, 0x32, 0x36, 0x13, 0x9B, 0xDC,
    0x32, 0xAF, 0x75, 0xAB, 0xDB, 0xBC, 0xBA, 0xC5, 0xA6, 0xEE, 0x7D, 0xB1, 0x7E, 0x7C, 0x58, 0x5D,
    0xA8, 0xDF, 0xD7, 0x39, 0xD4, 0x8F, 0x65, 0x9E, 0x4E, 0x2A, 0x0D, 0x30, 0x7B, 0x0A, 0xA0, 0x6A,
    0x10, 0x09, 0xB0, 0x97, 0xA8, 0x27, 0xC0, 0xC9, 0xD4, 0x01, 0x0C, 0x32, 0x1E, 0x01, 0x8E, 0xEA,
    0x29, 0xDF, 0x6E, 0x73, 0x09, 0x00, 0xA7, 0xEE, 0x93, 0x07, 0x70, 0x5B, 0x6F, 0x93, 0xD8, 0x30,
    0xBF, 0xDA, 0x3E, 0x5B, 0x3D, 0xE2, 0xB9, 0x9C, 0x9D, 0x99, 0xD0, 0xDF, 0xD2, 0xF1, 0x6C, 0x02,
    0x56, 0x87, 0xF3, 0xD2, 0xF2, 0xD1, 0x84, 0xB5, 0x18, 0x4F, 0x36, 0x5F, 0xFF, 0x96, 0x0E, 0x19,
    0xCD, 0x25, 0x2F, 0x3F, 0x30, 0xBE, 0x6D, 0xAE, 0x0B, 0x3D, 0xBB, 0x2B, 0x5D, 0x44, 0x66, 0x95,
    0x4C, 0x30, 0x53, 0x47, 0xCF, 0x01, 0xF9, 0x67, 0x55, 0xCF, 0xA5, 0x99, 0xE6, 0x21, 0x76, 0x7A,
    0xEA, 0x0D, 0x87, 0x37, 0x00, 0x28, 0xE8, 0x3C, 0x57, 0xD4, 0x82, 0xCD, 0xB8, 0xC0, 0x38, 0xD1,
    0x68, 0x02, 0x2A, 0x21, 0x32, 0x4C, 0x00, 0x64, 0x58, 0x60, 0x83, 0x11, 0x5C, 0xC0, 0x4D, 0xCC,
    0x5E, 0x5C, 0xD1, 0x05, 0x1B, 0x18, 0xE0, 0x15, 0x00, 0x14, 0x40, 0x46, 0x40, 0x4F, 0xC0, 0x5B,
    0x80, 0x33, 0xB0, 0xCB, 0x80, 0x0A, 0x80, 0x01, 0xE8, 0xB9, 0xAB, 0xE9, 0xAE, 0x76, 0x00, 0xC7,
    0xBB, 0x2A, 0x6F, 0xAA, 0xBF, 0xAB, 0xAA, 0xB4, 0xDA, 0x6E, 0xAD, 0x76, 0xB5, 0xD5, 0x0D, 0x3D,
    0x0D, 0x8F, 0x0D, 0x22, 0x61, 0x37, 0x1D, 0x9A, 0x62, 0xEF, 0x3F, 0x90, 0x47, 0x8F, 0x7C, 0xAA,
    0x11, 0xF3, 0xA1, 0x66, 0x06, 0xD9, 0xF0, 0xD8, 0x20, 0x52, 0x83, 0x0A, 0xBB, 0x1A, 0x2D, 0x8C,
    0xFE, 0x00, 0xF0, 0x1F, 0x63, 0xD8, 0xEF, 0xC0, 0xFE, 0xFF, 0x00, 0xFF, 0xE1, 0x07, 0xF6, 0xCC,
    0x0F, 0xEC, 0x98, 0x1F, 0xD4, 0xB2, 0x5F, 0xA8, 0xE1, 0x3F, 0x50, 0xAB, 0xEF, 0x60, 0xFF, 0x8F,
    0x81, 0xFF, 0x09, 0x03, 0x03, 0xFF, 0x01, 0x06, 0xFB, 0x03, 0x0C, 0xEF, 0x1B, 0x98, 0xE3, 0x1D,
    0x78, 0xED, 0x19, 0xF4, 0xFF, 0x7F, 0xB0, 0xFF, 0x7F, 0x81, 0x61, 0x2F, 0x03, 0xC3, 0x1F, 0x06,
    0xF6, 0xFF, 0x0C, 0x00, 0x6C, 0x94, 0x01, 0xA4, 0x1D, 0x47, 0x14, 0x86, 0xBF, 0xDD, 0xAD, 0x0E,
    0x56, 0x32, 0xA1, 0x05, 0x12, 0x5D, 0x00, 0x2A, 0xB5, 0x10, 0x5C, 0x9A, 0x64, 0x96, 0xA0, 0x28,
    0x5A, 0x0A, 0x00, 0x05, 0x40, 0x69, 0x10, 0x40, 0x6A, 0xB7, 0xE0, 0x02, 0x11, 0x40, 0x01, 0x50,
    0x0A, 0xA1, 0x2F, 0x04, 0x90, 0xBE, 0x9D, 0xF6, 0x22, 0x08, 0xB5, 0x0D, 0x05, 0x45, 0x57, 0x5B,
    0x4A, 0x2B, 0xED, 0xBC, 0x66, 0xC5, 0x54, 0xE6, 0xEE, 0xE9, 0x9C, 0xDB, 0x2B, 0xD0, 0x3E, 0x7C,
    0xEC, 0xBC, 0x33, 0xE7, 0x9F, 0xFF, 0xFC, 0xC7, 0x05, 0xFE, 0xF2, 0x50, 0xEC, 0x3A, 0xF8, 0x58,
    0xC0, 0x88, 0x74, 0x34, 0x6B, 0x3F, 0xD0, 0xDF, 0xEB, 0x41, 0x36, 0x33, 0x65, 0xBA, 0xEF, 0xA9,
    0xE2, 0xCF, 0x03, 0xE6, 0xF9, 0x23, 0xB0, 0xCF, 0xEE, 0x64, 0xBC, 0xB8, 0x94, 0xB1, 0xDF, 0x64,
    0xA4, 0x9B, 0xD0, 0x2C, 0x33, 0xD8, 0x33, 0x9F, 0x21, 0x9F, 0x0E, 0xD4, 0xDA, 0xC4, 0xC8, 0x1E,
    0xEA, 0x71, 0x82, 0x73, 0x1B, 0xE0, 0xF2, 0x09, 0xF0, 0xFA, 0xFB, 0xA0, 0x35, 0x92, 0x28, 0x45,
    0x22, 0xE5, 0x9E, 0x07, 0x54, 0x89, 0x13, 0x05, 0x98, 0x08, 0x88, 0x08, 0x85, 0x02, 0x1B, 0x80,
    0x76, 0x02, 0xA3, 0x17, 0x6A, 0xBD, 0x40, 0x3F, 0x00, 0x63, 0x07, 0x08, 0x47, 0x18, 0xE9, 0xC0,
    0xC9, 0x04, 0x14, 0x2A, 0x67, 0x25, 0xE9, 0xF7, 0x0A, 0xFD, 0xD4, 0xC2, 0x38, 0x58, 0xBD, 0x51,
    0x6B, 0x17, 0xAF, 0x5D, 0x06, 0xE8, 0x3B, 0xC0, 0x65, 0x34, 0xAA, 0xD3, 0x6A, 0x2D, 0xD7, 0x00,
    0x22, 0x50, 0xCE, 0xA0, 0x6F, 0x9C, 0x71, 0x7A, 0x23, 0x63, 0x00, 0x97, 0x6A, 0x81, 0x66, 0x5F,
    0x2E, 0xEA, 0xBB, 0x50, 0xBB, 0x6B, 0x39, 0xC1, 0x1B, 0x6B, 0xE5, 0xE1, 0x2D, 0xC9, 0xAC, 0x44,
    0x5F, 0x68, 0x94, 0x70, 0x6B, 0xB4, 0xC0, 0x49, 0x7F, 0x5E, 0x35, 0xB4, 0x57, 0x9B, 0x39, 0x51,
    0x4E, 0xEE, 0x21, 0x54, 0xDE, 0xC5, 0xCC, 0xC1, 0x2D, 0x60, 0x3A, 0x17, 0xA0, 0xE9, 0xDA, 0x19,
    0x64, 0x56, 0xB7, 0x58, 0x35, 0x84, 0x11, 0xAF, 0x7C, 0x74, 0x38, 0xD9, 0x1D, 0xB8, 0xF5, 0x1E,
    0x9A, 0x77, 0x77, 0x03, 0xB4, 0xF6, 0xC7, 0xB3, 0x84, 0xB3, 0xE3, 0xAF, 0x89, 0xEB, 0xAE, 0xB5,
    0x9F, 0xD1, 0xA7, 0x6B, 0x6A, 0x74, 0xBE, 0x6A, 0x3B, 0x22, 0x0F, 0xAD, 0x2F, 0x16, 0xA2, 0x99,
    0xCA, 0xC0, 0x52, 0xCD, 0xD5, 0x5C, 0x84, 0x0F, 0xA6, 0x6A, 0x2A, 0xFF, 0xFE, 0xC2, 0xD7, 0xA1,
    0x4C, 0xE2, 0xDD, 0x52, 0xC4, 0x95, 0x42, 0x9E, 0x2C, 0x32, 0x20, 0x37, 0x96, 0x4F, 0xE0, 0xD4,
    0x84, 0x0D, 0xEC, 0x6D, 0x78, 0x90, 0xD9, 0x84, 0x00, 0xC9, 0x85, 0x59, 0x47, 0x21, 0x89, 0x46,
    0x49, 0x19, 0x7F, 0xCF, 0x7B, 0x50, 0x3D, 0x7F, 0xFC, 0x03, 0xF4, 0xF9, 0x24, 0x30, 0xAA, 0x3B,
    0xCC, 0x6A, 0x13, 0xD4, 0xC9, 0x46, 0xB0, 0xA9, 0x09, 0x99, 0xCB, 0x81, 0x41, 0x1D, 0x35, 0x53,
    0xEB, 0x01, 0x78, 0xF5, 0x2B, 0x65, 0x93, 0x38, 0x86, 0x4D, 0xA9, 0xC3, 0xD5, 0xC9, 0x75, 0x1C,
    0xF3, 0x1E, 0xDF, 0x9B, 0xF4, 0xE0, 0x4F, 0xAF, 0xDF, 0x7D, 0xA6, 0xF3, 0x1A, 0xD4, 0x48, 0x0F,
    0xAC, 0x08, 0x94, 0xA9, 0x58, 0xA1, 0x8A, 0x55, 0xCA, 0x5C, 0xCE, 0x65, 0x9A, 0xE5, 0xCD, 0xF8,
    0x21, 0x66, 0x7D, 0xF6, 0x62, 0xA2, 0x92, 0x9D, 0x36, 0x3B, 0xAD, 0x16, 0xFE, 0xE7, 0xCF, 0xA9,
    0x89, 0x23, 0xE1, 0xA2, 0x56, 0xAA, 0x09, 0x13, 0xEB, 0x40, 0x33, 0x97, 0x33, 0xCE, 0x03, 0x63,
    0x87, 0xFA, 0x9D, 0x34, 0x34, 0x4F, 0xB1, 0x47, 0x45, 0x41, 0x1D, 0xC3, 0xA8, 0x50, 0x6D, 0x4A,
    0x45, 0x91, 0xB8, 0x0D, 0x52, 0x1E, 0xDA, 0x46, 0x30, 0x72, 0x57, 0x2F, 0xCF, 0x87, 0x5D, 0xEB,
    0x4E, 0xB5, 0x94, 0x07, 0xCA, 0x72, 0x42, 0x75, 0x06, 0xA8, 0x97, 0x06, 0x75, 0x77, 0x5B, 0x39,
    0x07, 0x28, 0x45, 0xC5, 0xAA, 0x4C, 0xF5, 0xFB, 0x38, 0x00, 0xFD, 0x76, 0x01, 0xC6, 0x1B, 0x11,
    0x90, 0x2A, 0x71, 0x94, 0x28, 0x56, 0x7D, 0x8D, 0x59, 0x91, 0x0E, 0x27, 0x5E, 0xEB, 0x55, 0x55,
    0x5F, 0xAB, 0x63, 0xE8, 0x3B, 0xEA, 0xC5, 0x0D, 0x68, 0x56, 0x85, 0x82, 0x66, 0x6E, 0x07, 0xDA,
    0x3C, 0x42, 0xA3, 0x69, 0xD5, 0xC7, 0xC8, 0x12, 0x88, 0xBE, 0x73, 0x05, 0xB5, 0x77, 0xF4, 0xA3,
    0xE0, 0xA2, 0x9E, 0x69, 0x1E, 0x40, 0x95, 0x69, 0xA0, 0x90, 0x48, 0x23, 0x2B, 0xFD, 0x53, 0x29,
    0xD6, 0xCB, 0xD7, 0xAA, 0xB4, 0xC9, 0x2A, 0x57, 0xB0, 0xE1, 0x84, 0x66, 0x0E, 0xB8, 0x69, 0xC2,
    0x7D, 0xFD, 0xDB, 0xE7, 0xEE, 0x1B, 0x09, 0x6E, 0xF7, 0xA5, 0x77, 0xDB, 0x7E, 0x70, 0x8F, 0xFB,
    0xCE, 0x7D, 0x3B, 0xD2, 0x3C, 0x95, 0x2E, 0x8B, 0x76, 0x85, 0xFC, 0x02, 0x1B, 0xE0, 0x16, 0x70,
    0x01, 0xA0, 0xF2, 0x50, 0x43, 0xBD, 0xC2, 0x28, 0x54, 0xB1, 0x1F, 0xEA, 0x30, 0x76, 0xF6, 0xBB,
    0xEF, 0x69, 0x77, 0x1E, 0xB7, 0x05, 0x77, 0x07, 0xDC, 0xBD, 0x57, 0x70, 0xF1, 0x12, 0x6D, 0xB8,
    0x45, 0x73, 0xD8, 0xB3, 0xEC, 0x10, 0x38, 0x07, 0x5C, 0x06, 0xD4, 0x24, 0xA5, 0x02, 0x4E, 0x01,
    0x5C, 0x47, 0xAD, 0xBE, 0xAD, 0x02, 0xE4, 0x18, 0x93, 0x93, 0xBB, 0x0A, 0x0F, 0x34, 0x33, 0x60,
    0x0F, 0x08, 0xFF, 0x45, 0xFD, 0x72, 0x1A, 0x5A, 0xDD, 0xAC, 0x9A, 0x96, 0xFE, 0xEB, 0x02, 0xF6,
    0x6C, 0xA6, 0x91, 0x81, 0x36, 0xC2, 0xE8, 0x31, 0xB2, 0x1D, 0xCE, 0x8F, 0x23, 0xC8, 0x42, 0x21,
    0x1D, 0x5A, 0xFA, 0xF6, 0x1E, 0x5E, 0x4B, 0xC5, 0x5C, 0xA5, 0x6A, 0x6A, 0x44, 0xBC, 0xFC, 0xBB,
    0xDD, 0xC3, 0xCB, 0x49, 0x32, 0x0E, 0x54, 0x12, 0xB0, 0x7F, 0x2C, 0xB4, 0x1F, 0x45, 0xAE, 0x5F,
    0x4D, 0xA4, 0x2B, 0xA9, 0x48, 0x37, 0x53, 0xB9, 0xDC, 0x4F, 0x55, 0xF8, 0x29, 0xD6, 0xF3, 0x93,
    0x68, 0x9F, 0xEC, 0x96, 0x66, 0xB7, 0x5B, 0xDA, 0xDD, 0x36, 0xB8, 0x77, 0xEA, 0xD0, 0xD7, 0x36,
    0x60, 0xB5, 0x99, 0xD1, 0xFC, 0xCA, 0xBD, 0x89, 0x64, 0x8D, 0x23, 0x4C, 0x34, 0x8B, 0xEE, 0x54,
    0xD0, 0x61, 0xF8, 0x8C, 0xF5, 0x68, 0xF2, 0xF8, 0xD3, 0xB9, 0xEA, 0x44, 0xF6, 0xFF, 0x0C, 0xBD,
    0xD4, 0x64, 0x83, 0x97, 0x9A, 0x00, 0x34, 0xCA, 0xB1, 0x4D, 0xC3, 0x50, 0x14, 0x86, 0xD1, 0x63,
    0x8C, 0x70, 0xF1, 0x0A, 0x0F, 0x90, 0x22, 0x13, 0x40, 0x16, 0x20, 0xD8, 0x3D, 0x2D, 0x7B, 0xB0,
    0x40, 0xA4, 0x78, 0x04, 0x06, 0x0A, 0x4A, 0x3A, 0x5A, 0x8F, 0xE0, 0x11, 0x52, 0xA4, 0x70, 0xA4,
    0x47, 0x2E, 0x4F, 0x41, 0xBE, 0x57, 0x5F, 0xF3, 0xEB, 0x74, 0x91, 0xF7, 0x31, 0xC3, 0x05, 0xF5,
    0x88, 0x34, 0xE0, 0x05, 0x0E, 0xA8, 0xCE, 0x68, 0x4E, 0x68, 0x61, 0x6B, 0xA1, 0xD3, 0x42, 0x37,
    0xB0, 0x5B, 0x68, 0x7D, 0xA7, 0xFD, 0x42, 0xD3, 0xD4, 0xE5, 0x63, 0x3E, 0xFE, 0x96, 0xCF, 0x5D,
    0x4E, 0x93, 0x43, 0x7D, 0xAA, 0xE3, 0x7D, 0x68, 0x7E, 0x42, 0xEA, 0xBF, 0x2D, 0xD7, 0x4C, 0xCF,
    0xD6, 0xF3, 0xAB, 0xED, 0x66, 0xB6, 0x6B, 0x26, 0x54, 0x03, 0x6D, 0xE9, 0x4D, 0x1D, 0x31, 0xA4,
    0x88, 0x5E, 0x3A, 0xB1, 0xC6, 0x96, 0x4D, 0x64, 0x5D, 0xE9, 0x5F, 0xF0, 0x01, 0x3C, 0x52, 0x1D,
    0xF8, 0x9C, 0xAD, 0xE2, 0xEB, 0x21, 0x46, 0xF5, 0x85, 0xE6, 0xD6, 0xB3, 0x9F, 0x79, 0x8A, 0x81,
    0x75, 0x89, 0x2E, 0xA2, 0x74, 0xA3, 0xC7, 0x15, 0xC5, 0x5A, 0xDD, 0xE1, 0x99, 0x34, 0x15, 0x3B,
    0x56, 0xC7, 0xAB, 0xB6, 0x4C, 0xED, 0xC0, 0xDF, 0x90, 0xF5, 0x00, 0x00, 0x75, 0x92, 0x01, 0x86,
    0x24, 0x41, 0x14, 0x44, 0x7F, 0x67, 0xB2, 0xB5, 0x0C, 0xEA, 0x02, 0x4B, 0x5F, 0x60, 0x57, 0x9F,
    0x60, 0x74, 0x01, 0x83, 0xC1, 0x1E, 0x65, 0xF7, 0x06, 0x5D, 0x27, 0xEB, 0xAE, 0x23, 0xD4, 0x11,
    0x0A, 0x7B, 0x80, 0x44, 0xA1, 0x87, 0xCC, 0xCA, 0x8D, 0xF8, 0x19, 0x2B, 0x2D, 0xE6, 0x7F, 0x32,
    0x66, 0x8C, 0x32, 0x2F, 0x7E, 0x84, 0x71, 0xBE, 0x1C, 0x13, 0xDE, 0x97, 0xE3, 0x57, 0x5D, 0xA0,
    0x8F, 0x5A, 0xC6, 0xD5, 0x2C, 0xE4, 0x97, 0x7D, 0xC0, 0xEF, 0x43, 0x1A, 0x92, 0x61, 0xC6, 0x6D,
    0xA4, 0x0E, 0x15, 0xB3, 0x74, 0xB5, 0xCB, 0x72, 0xA6, 0x40, 0x2F, 0xAE, 0xD7, 0xE5, 0x3A, 0xBB,
    0xCE, 0xD2, 0xE9, 0x3A, 0x51, 0x6F, 0x58, 0xCE, 0x03, 0xDB, 0xF4, 0xEE, 0x7A, 0x60, 0x39, 0x05,
    0xCB, 0xC9, 0x58, 0xCC, 0x29, 0x9F, 0x9A, 0x3E, 0xC3, 0x4E, 0x0D, 0x7B, 0x48, 0xD4, 0x98, 0xE2,
    0x06, 0xF9, 0x11, 0x13, 0xE1, 0xEC, 0x3A, 0x3E, 0xCF, 0x13, 0xF5, 0x78, 0xF8, 0xE7, 0xE7, 0x3F,
    0x97, 0x8D, 0x4A, 0x57, 0x75, 0xE6, 0x1F, 0x2A, 0x3F, 0x2B, 0xF4, 0x10, 0xF7, 0xB0, 0xC1, 0xA6,
    0xDC, 0xC8, 0x4B, 0xD2, 0x4B, 0x1F, 0x9B, 0x5C, 0x90, 0xDD, 0xDF, 0xDB, 0x4C, 0xFE, 0x87, 0xD3,
    0x57, 0x32, 0x9F, 0xC8, 0x7A, 0x0F, 0x24, 0x2B, 0x31, 0xFF, 0x06, 0x6D, 0xAC, 0x1B, 0x58, 0x87,
    0x3A, 0x81, 0x74, 0xD8, 0xC9, 0xD9, 0x28, 0xF1, 0x7C, 0x8B, 0x2B, 0xDE, 0x57, 0xE7, 0xBC, 0x8D,
    0x4E, 0xD9, 0x18, 0x3B, 0xE1, 0xBB, 0x39, 0xE2, 0x41, 0xA3, 0x65, 0x28, 0x46, 0xC8, 0x98, 0x8D,
    0x94, 0x14, 0x60, 0xC6, 0xA7, 0x73, 0xBE, 0x25, 0x97, 0x9F, 0x10, 0x30, 0x92, 0x9E, 0xC0, 0xAB,
    0xDF, 0x99, 0xC4, 0x42, 0xE6, 0xB5, 0x67, 0xC7, 0x25, 0x34, 0x9E, 0x4A, 0xB9, 0xB7, 0x13, 0x97,
    0x53, 0xF9, 0x0E, 0xC9, 0xA1, 0xEE, 0xBC, 0x6F, 0xAC, 0x8B, 0x9F, 0xF7, 0xC3, 0x44, 0x2D, 0x6C,
    0x71, 0x0B, 0x5C, 0xE4, 0x42, 0x17, 0x7B, 0x9B, 0x50, 0x67, 0xD5, 0x26, 0xB5, 0xDA, 0x0C, 0xA9,
    0xD5, 0x26, 0x24, 0xD5, 0x66, 0xFA, 0xBF, 0x36, 0x75, 0x97, 0xB6, 0x73, 0xEB, 0xE0, 0xD8, 0xD5,
    0x6B, 0xA3, 0xA3, 0xFF, 0x3B, 0x3B, 0x0E, 0x3F, 0xD1, 0x89, 0x4E, 0x8F, 0x3D, 0x5C, 0xEF, 0xA1,
    0xB4, 0xDA, 0x30, 0x00, 0xD6, 0x86, 0x11, 0xB0, 0x36, 0x0C, 0x81, 0xB5, 0xC1, 0xC9, 0x7A, 0x6D,
    0x12, 0x61, 0xEC, 0xAB, 0x6A, 0xF3, 0xFA, 0x49, 0x6D, 0x46, 0xD5, 0x46, 0xBE, 0xDE, 0x4C, 0xC6,
    0xAA, 0xC9, 0x59, 0x81, 0x86, 0x02, 0x6B, 0xD9, 0x9A, 0x37, 0xC5, 0x33, 0x26, 0x05, 0x84, 0x88,
    0x76, 0xFD, 0xF0, 0x9E, 0xAC, 0xF9, 0x53, 0x4C, 0x0A, 0x8A, 0x0E, 0x15, 0x55, 0x0F, 0x4B, 0x71,
    0x71, 0x27, 0xB9, 0x6C, 0xFF, 0x53, 0xA1, 0xD1, 0x27, 0x63, 0x73, 0xA3, 0x0C, 0x8E, 0x4E, 0x15,
    0x5D, 0xC6, 0x7E, 0x58, 0xF7, 0x2A, 0xB3, 0xDD, 0xAD, 0xEC, 0x76, 0xBF, 0xDD, 0x70, 0x77, 0xFC,
    0x17,
};

static const EpdGlyph libron_12_bolditalicGlyphs[] = {
    { 0, 0, 93, 0, 0, 0, 0 }, // U+0020
    { 10, 18, 125, 0, 18, 45, 0 }, // !
    { 10, 7, 171, 3, 18, 18, 45 }, // "
    { 17, 18, 262, 0, 18, 77, 63 }, // #
    { 16, 23, 230, 0, 20, 92, 140 }, // $
    { 20, 18, 356, 2, 18, 90, 232 }, // %
    { 20, 18, 305, 0, 18, 90, 322 }, // &
    { 5, 7, 91, 3, 18, 9, 412 }, // '
    { 10, 23, 132, 1, 19, 58, 421 }, // (
    { 10, 23, 132, -2, 19, 58, 479 }, // )
    { 9, 10, 178, 3, 19, 23, 537 }, // *
    { 12, 12, 218, 1, 12, 36, 560 }, // +
    { 7, 10, 109, -2, 4, 18, 596 }, // ,
    { 8, 3, 153, 1, 8, 6, 614 }, // -
    { 5, 5, 109, 0, 5, 7, 620 }, // .
    { 15, 18, 172, -1, 18, 68, 627 }, // /
    { 16, 18, 272, 1, 18, 72, 695 }, // 0
    { 12, 18, 187, 0, 18, 54, 767 }, // 1
    { 15, 18, 249, 0, 18, 68, 821 }, // 2
    { 14, 18, 232, 0, 18, 63, 889 }, // 3
    { 17, 18, 256, 0, 18, 77, 952 }, // 4
    { 16, 18, 216, -1, 18, 72, 1029 }, // 5
    { 15, 19, 241, 1, 19, 72, 1101 }, // 6
    { 16, 18, 224, 1, 18, 72, 1173 }, // 7
    { 16, 18, 244, 0, 18, 72, 1245 }, // 8
    { 15, 19, 240, 1, 18, 72, 1317 }, // 9
    { 8, 13, 120, 0, 13, 26, 1389 }, // :
    { 10, 19, 120, -2, 13, 48, 1415 }, // ;
    { 13, 13, 218, 1, 13, 43, 1463 }, // <
    { 13, 6, 218, 0, 9, 20, 1506 }, // =
    { 14, 13, 218, -1, 13, 46, 1526 }, // >
    { 13, 18, 234, 3, 18, 59, 1572 }, // ?
    { 22, 22, 363, 1, 18, 121, 1631 }, // @
    { 21, 18, 312, -2, 18, 95, 1752 }, // A
    { 19, 18, 289, -1, 18, 86, 1847 }, // B
    { 18, 18, 288, 1, 18, 81, 1933 }, // C
    { 21, 18, 312, -1, 18, 95, 2014 }, // D
    { 20, 18, 282, -1, 18, 90, 2109 }, // E
    { 20, 18, 261, -1, 18, 90, 2199 }, // F
    { 19, 18, 299, 1, 18, 86, 2289 }, // G
    { 25, 18, 338, -1, 18, 113, 2375 }, // H
    { 14, 18, 163, -1, 18, 63, 2488 }, // I
    { 17, 18, 213, -1, 18, 77, 2551 }, // J
    { 23, 18, 317, -1, 18, 104, 2628 }, // K
    { 16, 18, 258, -1, 18, 72, 2732 }, // L
    { 29, 18, 413, -1, 18, 131, 2804 }, // M
    { 24, 18, 317, -1, 18, 108, 2935 }, // N
    { 19, 18, 318, 1, 18, 86, 3043 }, // O
    { 19, 18, 271, -1, 18, 86, 3129 }, // P
    { 19, 24, 317, 1, 18, 114, 3215 }, // Q
    { 20, 18, 300, -1, 18, 90, 3329 }, // R
    { 16, 18, 247, 0, 18, 72, 3419 }, // S
    { 19, 18, 290, 2, 18, 86, 3491 }, // T
    { 20, 18, 312, 2, 18, 90, 3577 }, // U
    { 20, 18, 301, 2, 18, 90, 3667 }, // V
    { 28, 18, 420, 2, 18, 126, 3757 }, // W
    { 24, 18, 312, -2, 18, 108, 3883 }, // X
    { 20, 18, 296, 2, 18, 90, 3991 }, // Y
    { 20, 18, 265, -1, 18, 90, 4081 }, // Z
    { 13, 21, 146, -1, 18, 69, 4171 }, // [
    { 5, 18, 163, 3, 18, 23, 4240 }, // <backslash>
    { 14, 21, 146, -3, 18, 74, 4263 }, // ]
    { 11, 10, 218, 2, 18, 28, 4337 }, // ^
    { 11, 2, 150, -3, -2, 6, 4365 }, // _
    { 6, 4, 190, 4, 18, 6, 4371 }, // `
    { 17, 14, 262, 0, 14, 60, 4377 }, // a
    { 14, 20, 236, 1, 20, 70, 4437 }, // b
    { 13, 14, 204, 0, 14, 46, 4507 }, // c
    { 18, 20, 263, 0, 20, 90, 4553 }, // d
    { 13, 14, 212, 0, 14, 46, 4643 }, // e
    { 22, 27, 169, -5, 20, 149, 4689 }, // f
    { 18, 21, 223, -2, 14, 95, 4838 }, // g
    { 17, 20, 262, 0, 20, 85, 4933 }, // h
    { 11, 20, 156, 0, 20, 55, 5018 }, // i
    { 16, 27, 143, -5, 20, 108, 5073 }, // j
    { 17, 20, 255, 0, 20, 85, 5181 }, // k
    { 10, 20, 144, 0, 20, 50, 5266 }, // l
    { 25, 14, 393, 0, 14, 88, 5316 }, // m
    { 18, 14, 281, 0, 14, 63, 5404 }, // n
    { 14, 14, 232, 0, 14, 49, 5467 }, // o
    { 18, 21, 262, -2, 14, 95, 5516 }, // p
    { 14, 21, 245, 0, 14, 74, 5611 }, // q
    { 16, 15, 218, 0, 15, 60, 5685 }, // r
    { 12, 14, 192, 0, 14, 42, 5745 }, // s
    { 11, 18, 175, 1, 18, 50, 5787 }, // t
    { 17, 14, 272, 0, 14, 60, 5837 }, // u
    { 15, 14, 247, 0, 14, 53, 5897 }, // v
    { 22, 14, 352, 0, 14, 77, 5950 }, // w
    { 18, 14, 247, -1, 14, 63, 6027 }, // x
    { 16, 21, 238, -1, 14, 84, 6090 }, // y
    { 14, 16, 218, 0, 15, 56, 6174 }, // z
    { 12, 24, 141, 0, 20, 72, 6230 }, // {
    { 11, 26, 112, -2, 19, 72, 6302 }, // |
    { 11, 24, 141, -2, 20, 66, 6374 }, // }
    { 12, 4, 218, 1, 8, 12, 6440 }, // ~
    { 0, 0, 93, 0, 0, 0, 0 }, // U+00A0
    { 10, 18, 120, -2, 12, 45, 0 }, // U+00A1
    { 14, 18, 215, 1, 18, 63, 45 }, // U+00A2
    { 16, 18, 254, 0, 18, 72, 108 }, // U+00A3
    { 12, 11, 205, 0, 12, 33, 180 }, // U+00A4
    { 18, 18, 296, 3, 18, 81, 213 }, // U+00A5
    { 11, 26, 112, -2, 19, 72, 294 }, // U+00A6
    { 16, 21, 246, 0, 18, 84, 366 }, // U+00A7
    { 10, 3, 190, 4, 17, 8, 450 }, // U+00A8
    { 19, 18, 332, 2, 18, 86, 458 }, // U+00A9
    { 12, 13, 208, 2, 19, 39, 544 }, // U+00AA
    { 15, 13, 233, 0, 13, 49, 583 }, // U+00AB
    { 11, 7, 218, 2, 10, 20, 632 }, // U+00AC
    { 8, 3, 153, 1, 8, 6, 652 }, // U+00AD
    { 12, 11, 234, 3, 18, 33, 658 }, // U+00AE
    { 9, 2, 190, 4, 17, 5, 691 }, // U+00AF
    { 8, 7, 148, 3, 18, 14, 696 }, // U+00B0
    { 13, 13, 218, 0, 13, 43, 710 }, // U+00B1
    { 10, 10, 151, 1, 18, 25, 753 }, // U+00B2
    { 9, 10, 143, 1, 18, 23, 778 }, // U+00B3
    { 7, 4, 190, 7, 18, 7, 801 }, // U+00B4
    { 19, 21, 281, -2, 14, 100, 808 }, // U+00B5
    { 17, 21, 254, 2, 18, 90, 908 }, // U+00B6
    { 5, 5, 114, 1, 9, 7, 998 }, // U+00B7
    { 7, 7, 190, -1, 1, 13, 1005 }, // U+00B8
    { 7, 10, 123, 2, 18, 18, 1018 }, // U+00B9
    { 13, 13, 197, 1, 19, 43, 1036 }, // U+00BA
    { 16, 13, 239, -1, 13, 52, 1079 }, // U+00BB
    { 19, 18, 345, 2, 18, 86, 1131 }, // U+00BC
    { 19, 18, 349, 2, 18, 86, 1217 }, // U+00BD
    { 20, 18, 351, 1, 18, 90, 1303 }, // U+00BE
    { 13, 18, 232, -1, 13, 59, 1393 }, // U+00BF
    { 21, 23, 312, -2, 23, 121, 1452 }, // U+00C0
    { 21, 23, 312, -2, 23, 121, 1573 }, // U+00C1
    { 21, 23, 312, -2, 23, 121, 1694 }, // U+00C2
    { 21, 23, 312, -2, 23, 121, 1815 }, // U+00C3
    { 21, 23, 312, -2, 23, 121, 1936 }, // U+00C4
    { 21, 24, 312, -2, 24, 126, 2057 }, // U+00C5
    { 31, 18, 430, -2, 18, 140, 2183 }, // U+00C6
    { 18, 25, 287, 1, 18, 113, 2323 }, // U+00C7
    { 20, 23, 282, -1, 23, 115, 2436 }, // U+00C8
    { 20, 23, 282, -1, 23, 115, 2551 }, // U+00C9
    { 20, 23, 282, -1, 23, 115, 2666 }, // U+00CA
    { 20, 23, 282, -1, 23, 115, 2781 }, // U+00CB
    { 14, 23, 163, -1, 23, 81, 2896 }, // U+00CC
    { 16, 23, 163, -1, 23, 92, 2977 }, // U+00CD
    { 14, 23, 163, -1, 23, 81, 3069 }, // U+00CE
    { 15, 23, 163, -1, 23, 87, 3150 }, // U+00CF
    { 21, 18, 312, -1, 18, 95, 3237 }, // U+00D0
    { 24, 23, 317, -1, 23, 138, 3332 }, // U+00D1
    { 19, 23, 318, 1, 23, 110, 3470 }, // U+00D2
    { 19, 23, 318, 1, 23, 110, 3580 }, // U+00D3
    { 19, 23, 318, 1, 23, 110, 3690 }, // U+00D4
    { 19, 23, 318, 1, 23, 110, 3800 }, // U+00D5
    { 19, 23, 318, 1, 23, 110, 3910 }, // U+00D6
    { 12, 11, 218, 1, 12, 33, 4020 }, // U+00D7
    { 24, 18, 322, -1, 18, 108, 4053 }, // U+00D8
    { 20, 23, 312, 2, 23, 115, 4161 }, // U+00D9
    { 20, 23, 312, 2, 23, 115, 4276 }, // U+00DA
    { 20, 23, 312, 2, 23, 115, 4391 }, // U+00DB
    { 20, 23, 312, 2, 23, 115, 4506 }, // U+00DC
    { 20, 23, 296, 2, 23, 115, 4621 }, // U+00DD
    { 19, 18, 275, -1, 18, 86, 4736 }, // U+00DE
    { 23, 27, 301, -5, 20, 156, 4822 }, // U+00DF
    { 17, 20, 262, 0, 20, 85, 4978 }, // U+00E0
    { 17, 20, 262, 0, 20, 85, 5063 }, // U+00E1
    { 17, 20, 262, 0, 20, 85, 5148 }, // U+00E2
    { 17, 20, 262, 0, 20, 85, 5233 }, // U+00E3
    { 17, 19, 262, 0, 19, 81, 5318 }, // U+00E4
    { 17, 21, 262, 0, 21, 90, 5399 }, // U+00E5
    { 23, 14, 359, 0, 14, 81, 5489 }, // U+00E6
    { 13, 21, 204, 0, 14, 69, 5570 }, // U+00E7
    { 13, 20, 212, 0, 20, 65, 5639 }, // U+00E8
    { 15, 20, 212, 0, 20, 75, 5704 }, // U+00E9
    { 14, 20, 212, 0, 20, 70, 5779 }, // U+00EA
    { 14, 19, 212, 0, 19, 67, 5849 }, // U+00EB
    { 10, 20, 156, 0, 20, 50, 5916 }, // U+00EC
    { 14, 20, 156, 0, 20, 70, 5966 }, // U+00ED
    { 12, 20, 156, 0, 20, 60, 6036 }, // U+00EE
    { 13, 19, 156, 0, 19, 62, 6096 }, // U+00EF
    { 14, 21, 233, 0, 21, 74, 6158 }, // U+00F0
    { 18, 20, 281, 0, 20, 90, 6232 }, // U+00F1
    { 14, 20, 232, 0, 20, 70, 6322 }, // U+00F2
    { 15, 20, 232, 0, 20, 75, 6392 }, // U+00F3
    { 14, 20, 232, 0, 20, 70, 6467 }, // U+00F4
    { 15, 20, 232, 0, 20, 75, 6537 }, // U+00F5
    { 15, 19, 232, 0, 19, 72, 6612 }, // U+00F6
    { 12, 13, 218, 1, 13, 39, 6684 }, // U+00F7
    { 17, 14, 240, -1, 14, 60, 6723 }, // U+00F8
    { 17, 20, 272, 0, 20, 85, 6783 }, // U+00F9
    { 17, 20, 272, 0, 20, 85, 6868 }, // U+00FA
    { 17, 20, 272, 0, 20, 85, 6953 }, // U+00FB
    { 17, 19, 272, 0, 19, 81, 7038 }, // U+00FC
    { 17, 27, 238, -1, 20, 115, 7119 }, // U+00FD
    { 18, 27, 242, -3, 20, 122, 7234 }, // U+00FE
    { 16, 26, 238, -1, 19, 104, 7356 }, // U+00FF
    { 21, 22, 312, -2, 22, 116, 0 }, // U+0100
    { 17, 19, 262, 0, 19, 81, 116 }, // U+0101
    { 21, 23, 312, -2, 23, 121, 197 }, // U+0102
    { 17, 20, 262, 0, 20, 85, 318 }, // U+0103
    { 21, 24, 312, -2, 18, 126, 403 }, // U+0104
    { 17, 21, 264, 0, 14, 90, 529 }, // U+0105
    { 18, 23, 288, 1, 23, 104, 619 }, // U+0106
    { 14, 20, 204, 0, 20, 70, 723 }, // U+0107
    { 18, 23, 288, 1, 23, 104, 793 }, // U+0108
    { 14, 20, 204, 0, 20, 70, 897 }, // U+0109
    { 18, 23, 288, 1, 23, 104, 967 }, // U+010A
    { 13, 19, 204, 0, 19, 62, 1071 }, // U+010B
    { 18, 23, 288, 1, 23, 104, 1133 }, // U+010C
    { 15, 20, 204, 0, 20, 75, 1237 }, // U+010D
    { 21, 23, 312, -1, 23, 121, 1312 }, // U+010E
    { 23, 20, 274, 0, 20, 115, 1433 }, // U+010F
    { 21, 18, 312, -1, 18, 95, 1548 }, // U+0110
    { 19, 20, 263, 0, 20, 95, 1643 }, // U+0111
    { 20, 22, 282, -1, 22, 110, 1738 }, // U+0112
    { 14, 19, 212, 0, 19, 67, 1848 }, // U+0113
    { 20, 23, 282, -1, 23, 115, 1915 }, // U+0114
    { 14, 20, 212, 0, 20, 70, 2030 }, // U+0115
    { 20, 23, 282, -1, 23, 115, 2100 }, // U+0116
    { 13, 19, 212, 0, 19, 62, 2215 }, // U+0117
    { 20, 25, 282, -1, 18, 125, 2277 }, // U+0118
    { 13, 20, 212, 0, 14, 65, 2402 }, // U+0119
    { 20, 23, 282, -1, 23, 115, 2467 }, // U+011A
    { 15, 20, 212, 0, 20, 75, 2582 }, // U+011B
    { 19, 23, 299, 1, 23, 110, 2657 }, // U+011C
    { 18, 27, 223, -2, 20, 122, 2767 }, // U+011D
    { 19, 23, 299, 1, 23, 110, 2889 }, // U+011E
    { 18, 27, 223, -2, 20, 122, 2999 }, // U+011F
    { 19, 23, 299, 1, 23, 110, 3121 }, // U+0120
    { 18, 26, 223, -2, 19, 117, 3231 }, // U+0121
    { 19, 24, 299, 1, 24, 114, 3348 }, // U+0122
    { 18, 28, 223, -2, 21, 126, 3462 }, // U+0123
    { 25, 23, 338, -1, 23, 144, 3588 }, // U+0124
    { 17, 25, 262, 0, 25, 107, 3732 }, // U+0125
    { 25, 18, 339, -1, 18, 113, 3839 }, // U+0126
    { 17, 20, 262, 0, 20, 85, 3952 }, // U+0127
    { 15, 23, 163, -1, 23, 87, 4037 }, // U+0128
    { 13, 20, 156, 0, 20, 65, 4124 }, // U+0129
    { 15, 22, 163, -1, 22, 83, 4189 }, // U+012A
    { 12, 19, 156, 0, 19, 57, 4272 }, // U+012B
    { 15, 23, 163, -1, 23, 87, 4329 }, // U+012C
    { 13, 20, 156, 0, 20, 65, 4416 }, // U+012D
    { 14, 25, 163, -1, 18, 88, 4481 }, // U+012E
    { 12, 27, 157, -1, 20, 81, 4569 }, // U+012F
    { 14, 23, 163, -1, 23, 81, 4650 }, // U+0130
    { 10, 14, 156, 0, 14, 35, 4731 }, // U+0131
    { 18, 23, 213, -1, 23, 104, 4766 }, // U+0134
    { 17, 27, 143, -5, 20, 115, 4870 }, // U+0135
    { 23, 24, 317, -1, 18, 138, 4985 }, // U+0136
    { 17, 27, 255, 0, 20, 115, 5123 }, // U+0137
    { 18, 14, 274, 0, 14, 63, 5238 }, // U+0138
    { 16, 23, 258, -1, 23, 92, 5301 }, // U+0139
    { 14, 25, 144, 0, 25, 88, 5393 }, // U+013A
    { 16, 24, 258, -1, 18, 96, 5481 }, // U+013B
    { 11, 27, 144, -1, 20, 75, 5577 }, // U+013C
    { 20, 18, 260, -1, 18, 90, 5652 }, // U+013D
    { 15, 20, 152, 0, 20, 75, 5742 }, // U+013E
    { 18, 18, 260, -1, 18, 81, 5817 }, // U+013F
    { 12, 20, 168, 0, 20, 60, 5898 }, // U+0140
    { 17, 18, 263, -1, 18, 77, 5958 }, // U+0141
    { 11, 20, 171, 0, 20, 55, 6035 }, // U+0142
    { 24, 23, 317, -1, 23, 138, 6090 }, // U+0143
    { 18, 20, 281, 0, 20, 90, 6228 }, // U+0144
    { 24, 24, 317, -1, 18, 144, 6318 }, // U+0145
    { 18, 21, 281, 0, 14, 95, 6462 }, // U+0146
    { 24, 23, 317, -1, 23, 138, 6557 }, // U+0147
    { 18, 20, 281, 0, 20, 90, 6695 }, // U+0148
    { 24, 25, 315, -1, 18, 150, 6785 }, // U+014A
    { 16, 21, 268, 0, 14, 84, 6935 }, // U+014B
    { 19, 22, 318, 1, 22, 105, 7019 }, // U+014C
    { 14, 19, 232, 0, 19, 67, 7124 }, // U+014D
    { 19, 23, 318, 1, 23, 110, 7191 }, // U+014E
    { 15, 20, 232, 0, 20, 75, 7301 }, // U+014F
    { 20, 23, 318, 1, 23, 115, 7376 }, // U+0150
    { 17, 20, 232, 0, 20, 85, 7491 }, // U+0151
    { 28, 18, 432, 1, 18, 126, 7576 }, // U+0152
    { 22, 14, 352, 0, 14, 77, 7702 }, // U+0153
    { 20, 23, 300, -1, 23, 115, 7779 }, // U+0154
    { 16, 20, 218, 0, 20, 80, 7894 }, // U+0155
    { 20, 24, 300, -1, 18, 120, 7974 }, // U+0156
    { 16, 22, 218, 0, 15, 88, 8094 }, // U+0157
    { 20, 23, 300, -1, 23, 115, 8182 }, // U+0158
    { 16, 20, 218, 0, 20, 80, 8297 }, // U+0159
    { 16, 23, 247, 0, 23, 92, 8377 }, // U+015A
    { 14, 20, 192, 0, 20, 70, 8469 }, // U+015B
    { 16, 23, 247, 0, 23, 92, 8539 }, // U+015C
    { 13, 20, 192, 0, 20, 65, 8631 }, // U+015D
    { 17, 25, 247, 0, 18, 107, 8696 }, // U+015E
    { 12, 21, 192, 0, 14, 63, 8803 }, // U+015F
    { 16, 23, 247, 0, 23, 92, 8866 }, // U+0160
    { 14, 20, 192, 0, 20, 70, 8958 }, // U+0161
    { 19, 24, 290, 2, 18, 114, 9028 }, // U+0162
    { 12, 25, 175, 0, 18, 75, 9142 }, // U+0163
    { 19, 23, 290, 2, 23, 110, 9217 }, // U+0164
    { 15, 21, 175, 1, 21, 79, 9327 }, // U+0165
    { 19, 19, 291, 2, 19, 91, 9406 }, // U+0166
    { 12, 18, 181, 1, 18, 54, 9497 }, // U+0167
    { 20, 23, 312, 2, 23, 115, 9551 }, // U+0168
    { 17, 20, 272, 0, 20, 85, 9666 }, // U+0169
    { 20, 22, 312, 2, 22, 110, 9751 }, // U+016A
    { 17, 19, 272, 0, 19, 81, 9861 }, // U+016B
    { 20, 23, 312, 2, 23, 115, 9942 }, // U+016C
    { 17, 20, 272, 0, 20, 85, 10057 }, // U+016D
    { 20, 24, 312, 2, 24, 120, 10142 }, // U+016E
    { 17, 21, 272, 0, 21, 90, 10262 }, // U+016F
    { 20, 23, 312, 2, 23, 115, 10352 }, // U+0170
    { 18, 20, 272, 0, 20, 90, 10467 }, // U+0171
    { 20, 25, 312, 2, 18, 125, 10557 }, // U+0172
    { 17, 21, 274, 0, 14, 90, 10682 }, // U+0173
    { 28, 23, 420, 2, 23, 161, 10772 }, // U+0174
    { 22, 20, 352, 0, 20, 110, 10933 }, // U+0175
    { 20, 23, 296, 2, 23, 115, 11043 }, // U+0176
    { 16, 27, 238, -1, 20, 108, 11158 }, // U+0177
    { 20, 23, 296, 2, 23, 115, 11266 }, // U+0178
    { 20, 23, 265, -1, 23, 115, 11381 }, // U+0179
    { 14, 21, 218, 0, 20, 74, 11496 }, // U+017A
    { 20, 23, 265, -1, 23, 115, 11570 }, // U+017B
    { 14, 20, 218, 0, 19, 70, 11685 }, // U+017C
    { 20, 23, 265, -1, 23, 115, 11755 }, // U+017D
    { 15, 21, 218, 0, 20, 79, 11870 }, // U+017E
    { 21, 22, 318, 1, 22, 116, 0 }, // U+01A0
    { 16, 19, 238, 0, 19, 76, 116 }, // U+01A1
    { 23, 22, 319, 2, 22, 127, 192 }, // U+01AF
    { 21, 19, 288, 0, 19, 100, 319 }, // U+01B0
    { 38, 23, 563, -1, 23, 219, 419 }, // U+01C4
    { 34, 19, 517, -1, 18, 162, 638 }, // U+01C5
    { 31, 21, 482, 0, 20, 163, 800 }, // U+01C6
    { 34, 18, 477, -1, 18, 153, 963 }, // U+01C7
    { 28, 27, 398, -1, 20, 189, 1116 }, // U+01C8
    { 20, 27, 287, 0, 20, 135, 1305 }, // U+01C9
    { 37, 18, 529, -1, 18, 167, 1440 }, // U+01CA
    { 31, 27, 450, -1, 20, 210, 1607 }, // U+01CB
    { 29, 27, 427, 0, 20, 196, 1817 }, // U+01CC
    { 21, 23, 312, -2, 23, 121, 2013 }, // U+01CD
    { 17, 20, 262, 0, 20, 85, 2134 }, // U+01CE
    { 15, 23, 163, -1, 23, 87, 2219 }, // U+01CF
    { 13, 20, 156, 0, 20, 65, 2306 }, // U+01D0
    { 19, 23, 318, 1, 23, 110, 2371 }, // U+01D1
    { 15, 20, 232, 0, 20, 75, 2481 }, // U+01D2
    { 20, 23, 312, 2, 23, 115, 2556 }, // U+01D3
    { 17, 20, 272, 0, 20, 85, 2671 }, // U+01D4
    { 20, 27, 312, 2, 27, 135, 2756 }, // U+01D5
    { 17, 24, 272, 0, 24, 102, 2891 }, // U+01D6
    { 20, 28, 312, 2, 28, 140, 2993 }, // U+01D7
    { 18, 25, 272, 0, 25, 113, 3133 }, // U+01D8
    { 20, 28, 312, 2, 28, 140, 3246 }, // U+01D9
    { 18, 25, 272, 0, 25, 113, 3386 }, // U+01DA
    { 20, 28, 312, 2, 28, 140, 3499 }, // U+01DB
    { 17, 25, 272, 0, 25, 107, 3639 }, // U+01DC
    { 21, 27, 312, -2, 27, 142, 3746 }, // U+01DE
    { 17, 24, 262, 0, 24, 102, 3888 }, // U+01DF
    { 21, 27, 312, -2, 27, 142, 3990 }, // U+01E0
    { 17, 24, 262, 0, 24, 102, 4132 }, // U+01E1
    { 31, 22, 430, -2, 22, 171, 4234 }, // U+01E2
    { 23, 19, 359, 0, 19, 110, 4405 }, // U+01E3
    { 19, 23, 299, 1, 23, 110, 4515 }, // U+01E6
    { 18, 27, 223, -2, 20, 122, 4625 }, // U+01E7
    { 23, 23, 317, -1, 23, 133, 4747 }, // U+01E8
    { 17, 25, 255, 0, 25, 107, 4880 }, // U+01E9
    { 19, 25, 318, 1, 18, 119, 4987 }, // U+01EA
    { 14, 21, 232, 0, 14, 74, 5106 }, // U+01EB
    { 19, 29, 318, 1, 22, 138, 5180 }, // U+01EC
    { 14, 26, 232, 0, 19, 91, 5318 }, // U+01ED
    { 18, 27, 143, -5, 20, 122, 5409 }, // U+01F0
    { 19, 23, 316, 1, 23, 110, 5531 }, // U+01F4
    { 18, 27, 223, -2, 20, 122, 5641 }, // U+01F5
    { 24, 23, 317, -1, 23, 138, 5763 }, // U+01F8
    { 18, 20, 281, 0, 20, 90, 5901 }, // U+01F9
    { 23, 28, 312, -2, 28, 161, 5991 }, // U+01FA
    { 19, 26, 262, 0, 26, 124, 6152 }, // U+01FB
    { 31, 23, 430, -2, 23, 179, 6276 }, // U+01FC
    { 23, 20, 359, 0, 20, 115, 6455 }, // U+01FD
    { 24, 23, 322, -1, 23, 138, 6570 }, // U+01FE
    { 17, 20, 240, -1, 20, 85, 6708 }, // U+01FF
    { 21, 23, 312, -2, 23, 121, 6793 }, // U+0200
    { 17, 20, 262, 0, 20, 85, 6914 }, // U+0201
    { 21, 23, 312, -2, 23, 121, 6999 }, // U+0202
    { 17, 20, 262, 0, 20, 85, 7120 }, // U+0203
    { 20, 23, 282, -1, 23, 115, 7205 }, // U+0204
    { 13, 20, 212, 0, 20, 65, 7320 }, // U+0205
    { 20, 23, 282, -1, 23, 115, 7385 }, // U+0206
    { 13, 20, 212, 0, 20, 65, 7500 }, // U+0207
    { 14, 23, 163, -1, 23, 81, 7565 }, // U+0208
    { 11, 20, 156, 0, 20, 55, 7646 }, // U+0209
    { 14, 23, 163, -1, 23, 81, 7701 }, // U+020A
    { 12, 20, 156, 0, 20, 60, 7782 }, // U+020B
    { 19, 23, 318, 1, 23, 110, 7842 }, // U+020C
    { 14, 20, 232, 0, 20, 70, 7952 }, // U+020D
    { 19, 23, 318, 1, 23, 110, 8022 }, // U+020E
    { 14, 20, 232, 0, 20, 70, 8132 }, // U+020F
    { 20, 23, 300, -1, 23, 115, 8202 }, // U+0210
    { 16, 20, 218, 0, 20, 80, 8317 }, // U+0211
    { 20, 23, 300, -1, 23, 115, 8397 }, // U+0212
    { 16, 20, 218, 0, 20, 80, 8512 }, // U+0213
    { 20, 23, 312, 2, 23, 115, 8592 }, // U+0214
    { 17, 20, 272, 0, 20, 85, 8707 }, // U+0215
    { 20, 23, 312, 2, 23, 115, 8792 }, // U+0216
    { 17, 20, 272, 0, 20, 85, 8907 }, // U+0217
    { 16, 24, 247, 0, 18, 96, 8992 }, // U+0218
    { 12, 21, 192, 0, 14, 63, 9088 }, // U+0219
    { 19, 24, 290, 2, 18, 114, 9151 }, // U+021A
    { 11, 25, 175, 1, 18, 69, 9265 }, // U+021B
    { 25, 23, 338, -1, 23, 144, 9334 }, // U+021E
    { 17, 25, 262, 0, 25, 107, 9478 }, // U+021F
    { 6, 4, 0, -2, 18, 6, 0 }, // U+0300
    { 7, 4, 0, 1, 18, 7, 6 }, // U+0301
    { 9, 4, 0, -2, 18, 9, 13 }, // U+0302
    { 10, 4, 0, -2, 18, 10, 22 }, // U+0303
    { 9, 2, 0, -2, 17, 5, 32 }, // U+0304
    { 9, 4, 0, -1, 18, 9, 37 }, // U+0306
    { 5, 3, 0, 0, 17, 4, 46 }, // U+0307
    { 10, 3, 0, -2, 17, 8, 50 }, // U+0308
    { 6, 5, 0, 0, 19, 8, 58 }, // U+0309
    { 6, 5, 0, 0, 19, 8, 66 }, // U+030A
    { 11, 4, 0, -1, 18, 11, 74 }, // U+030B
    { 9, 4, 0, -1, 18, 9, 85 }, // U+030C
    { 9, 4, 0, -3, 18, 9, 94 }, // U+030F
    { 9, 4, 0, -2, 18, 9, 103 }, // U+0311
    { 5, 5, 0, 1, 19, 7, 112 }, // U+0312
    { 7, 5, 0, 0, 17, 9, 119 }, // U+031B
    { 5, 3, 0, -5, -2, 4, 128 }, // U+0323
    { 9, 3, 0, -7, -1, 7, 132 }, // U+0324
    { 5, 5, 0, -5, -1, 7, 139 }, // U+0326
    { 7, 7, 0, -7, 1, 13, 146 }, // U+0327
    { 8, 7, 0, -9, 1, 14, 159 }, // U+0328
    { 8, 4, 0, -6, -1, 8, 173 }, // U+032E
    { 9, 2, 0, -7, -2, 5, 181 }, // U+0331
    { 10, 2, 0, -3, 16, 5, 186 }, // U+0335
    { 21, 23, 312, -2, 18, 121, 0 }, // U+1EA0
    { 17, 20, 262, 0, 14, 85, 121 }, // U+1EA1
    { 21, 24, 312, -2, 24, 126, 206 }, // U+1EA2
    { 17, 21, 262, 0, 21, 90, 332 }, // U+1EA3
    { 25, 25, 312, -2, 25, 157, 422 }, // U+1EA4
    { 22, 22, 262, 0, 22, 121, 579 }, // U+1EA5
    { 21, 24, 312, -2, 24, 126, 700 }, // U+1EA6
    { 17, 22, 262, 0, 22, 94, 826 }, // U+1EA7
    { 24, 26, 312, -2, 26, 156, 920 }, // U+1EA8
    { 20, 23, 262, 0, 23, 115, 1076 }, // U+1EA9
    { 21, 25, 312, -2, 25, 132, 1191 }, // U+1EAA
    { 17, 21, 262, 0, 21, 90, 1323 }, // U+1EAB
    { 21, 28, 312, -2, 23, 147, 1413 }, // U+1EAC
    { 17, 26, 262, 0, 20, 111, 1560 }, // U+1EAD
    { 21, 24, 312, -2, 24, 126, 1671 }, // U+1EAE
    { 17, 22, 262, 0, 22, 94, 1797 }, // U+1EAF
    { 21, 24, 312, -2, 24, 126, 1891 }, // U+1EB0
    { 17, 21, 262, 0, 21, 90, 2017 }, // U+1EB1
    { 21, 25, 312, -2, 25, 132, 2107 }, // U+1EB2
    { 17, 22, 262, 0, 22, 94, 2239 }, // U+1EB3
    { 21, 24, 312, -2, 24, 126, 2333 }, // U+1EB4
    { 17, 21, 262, 0, 21, 90, 2459 }, // U+1EB5
    { 21, 28, 312, -2, 23, 147, 2549 }, // U+1EB6
    { 17, 26, 262, 0, 20, 111, 2696 }, // U+1EB7
    { 20, 23, 282, -1, 18, 115, 2807 }, // U+1EB8
    { 13, 20, 212, 0, 14, 65, 2922 }, // U+1EB9
    { 20, 24, 282, -1, 24, 120, 2987 }, // U+1EBA
    { 13, 21, 212, 0, 21, 69, 3107 }, // U+1EBB
    { 20, 23, 282, -1, 23, 115, 3176 }, // U+1EBC
    { 14, 20, 212, 0, 20, 70, 3291 }, // U+1EBD
    { 23, 25, 282, -1, 25, 144, 3361 }, // U+1EBE
    { 19, 22, 212, 0, 22, 105, 3505 }, // U+1EBF
    { 20, 24, 282, -1, 24, 120, 3610 }, // U+1EC0
    { 14, 22, 212, 0, 22, 77, 3730 }, // U+1EC1
    { 22, 26, 282, -1, 26, 143, 3807 }, // U+1EC2
    { 18, 23, 212, 0, 23, 104, 3950 }, // U+1EC3
    { 20, 25, 282, -1, 25, 125, 4054 }, // U+1EC4
    { 15, 21, 212, 0, 21, 79, 4179 }, // U+1EC5
    { 20, 28, 282, -1, 23, 140, 4258 }, // U+1EC6
    { 14, 26, 212, 0, 20, 91, 4398 }, // U+1EC7
    { 14, 24, 163, -1, 24, 84, 4489 }, // U+1EC8
    { 11, 21, 156, 0, 21, 58, 4573 }, // U+1EC9
    { 14, 23, 163, -1, 18, 81, 4631 }, // U+1ECA
    { 11, 26, 156, 0, 20, 72, 4712 }, // U+1ECB
    { 19, 23, 318, 1, 18, 110, 4784 }, // U+1ECC
    { 14, 20, 232, 0, 14, 70, 4894 }, // U+1ECD
    { 19, 24, 318, 1, 24, 114, 4964 }, // U+1ECE
    { 14, 21, 232, 0, 21, 74, 5078 }, // U+1ECF
    { 22, 25, 318, 1, 25, 138, 5152 }, // U+1ED0
    { 20, 22, 232, 0, 22, 110, 5290 }, // U+1ED1
    { 19, 24, 318, 1, 24, 114, 5400 }, // U+1ED2
    { 14, 22, 232, 0, 22, 77, 5514 }, // U+1ED3
    { 21, 26, 318, 1, 26, 137, 5591 }, // U+1ED4
    { 18, 23, 232, 0, 23, 104, 5728 }, // U+1ED5
    { 19, 25, 318, 1, 25, 119, 5832 }, // U+1ED6
    { 15, 21, 232, 0, 21, 79, 5951 }, // U+1ED7
    { 19, 28, 318, 1, 23, 133, 6030 }, // U+1ED8
    { 14, 26, 232, 0, 20, 91, 6163 }, // U+1ED9
    { 21, 23, 318, 1, 23, 121, 6254 }, // U+1EDA
    { 16, 20, 238, 0, 20, 80, 6375 }, // U+1EDB
    { 21, 23, 318, 1, 23, 121, 6455 }, // U+1EDC
    { 16, 20, 238, 0, 20, 80, 6576 }, // U+1EDD
    { 21, 24, 318, 1, 24, 126, 6656 }, // U+1EDE
    { 16, 21, 238, 0, 21, 84, 6782 }, // U+1EDF
    { 21, 23, 318, 1, 23, 121, 6866 }, // U+1EE0
    { 16, 20, 238, 0, 20, 80, 6987 }, // U+1EE1
    { 21, 27, 318, 1, 22, 142, 7067 }, // U+1EE2
    { 16, 25, 238, 0, 19, 100, 7209 }, // U+1EE3
    { 20, 23, 312, 2, 18, 115, 7309 }, // U+1EE4
    { 17, 20, 272, 0, 14, 85, 7424 }, // U+1EE5
    { 20, 24, 312, 2, 24, 120, 7509 }, // U+1EE6
    { 17, 21, 272, 0, 21, 90, 7629 }, // U+1EE7
    { 23, 23, 319, 2, 23, 133, 7719 }, // U+1EE8
    { 21, 20, 288, 0, 20, 105, 7852 }, // U+1EE9
    { 23, 23, 319, 2, 23, 133, 7957 }, // U+1EEA
    { 21, 20, 288, 0, 20, 105, 8090 }, // U+1EEB
    { 23, 24, 319, 2, 24, 138, 8195 }, // U+1EEC
    { 21, 21, 288, 0, 21, 111, 8333 }, // U+1EED
    { 23, 23, 319, 2, 23, 133, 8444 }, // U+1EEE
    { 21, 20, 288, 0, 20, 105, 8577 }, // U+1EEF
    { 23, 27, 319, 2, 22, 156, 8682 }, // U+1EF0
    { 21, 25, 288, 0, 19, 132, 8838 }, // U+1EF1
    { 20, 23, 296, 2, 23, 115, 8970 }, // U+1EF2
    { 16, 27, 238, -1, 20, 108, 9085 }, // U+1EF3
    { 20, 23, 296, 2, 18, 115, 9193 }, // U+1EF4
    { 16, 22, 238, -1, 14, 88, 9308 }, // U+1EF5
    { 20, 24, 296, 2, 24, 120, 9396 }, // U+1EF6
    { 16, 28, 238, -1, 21, 112, 9516 }, // U+1EF7
    { 20, 23, 296, 2, 23, 115, 9628 }, // U+1EF8
    { 16, 27, 238, -1, 20, 108, 9743 }, // U+1EF9
    { 8, 3, 153, 1, 8, 6, 0 }, // U+2010
    { 11, 2, 194, 1, 7, 6, 6 }, // U+2013
    { 14, 2, 254, 1, 7, 7, 12 }, // U+2014
    { 7, 8, 108, 2, 18, 14, 19 }, // U+2018
    { 7, 8, 107, 2, 18, 14, 33 }, // U+2019
    { 7, 8, 107, -2, 4, 14, 47 }, // U+201A
    { 13, 8, 197, 2, 18, 26, 61 }, // U+201C
    { 12, 8, 196, 2, 18, 24, 87 }, // U+201D
    { 13, 8, 196, -2, 4, 26, 111 }, // U+201E
    { 9, 10, 155, 3, 18, 23, 137 }, // U+2020
    { 10, 10, 163, 2, 18, 25, 160 }, // U+2021
    { 8, 8, 182, 2, 11, 16, 185 }, // U+2022
    { 18, 5, 306, 0, 5, 23, 201 }, // U+2026
    { 29, 18, 510, 2, 18, 131, 224 }, // U+2030
    { 7, 7, 96, 2, 18, 13, 355 }, // U+2032
    { 12, 7, 172, 2, 18, 21, 368 }, // U+2033
    { 9, 13, 135, 0, 13, 30, 389 }, // U+2039
    { 9, 13, 141, -1, 13, 30, 419 }, // U+203A
    { 19, 18, 30, -8, 18, 86, 449 }, // U+2044
    { 19, 18, 343, 2, 18, 86, 535 }, // U+2052
    { 10, 10, 167, 2, 18, 25, 0 }, // U+2070
    { 11, 10, 156, 1, 18, 28, 25 }, // U+2074
    { 18, 23, 242, 0, 20, 104, 0 }, // U+20A1
    { 19, 18, 261, -1, 18, 86, 104 }, // U+20A3
    { 17, 18, 258, 0, 18, 77, 190 }, // U+20A4
    { 21, 18, 296, 0, 18, 95, 267 }, // U+20A6
    { 24, 18, 363, -1, 18, 108, 362 }, // U+20A7
    { 21, 18, 318, 1, 18, 95, 470 }, // U+20A9
    { 21, 24, 285, -2, 19, 126, 565 }, // U+20AB
    { 19, 18, 292, 1, 18, 86, 691 }, // U+20AC
    { 22, 18, 296, -1, 18, 99, 777 }, // U+20AD
    { 20, 18, 294, 0, 18, 90, 876 }, // U+20B1
    { 16, 23, 260, 1, 20, 92, 966 }, // U+20B2
    { 14, 18, 215, 1, 18, 63, 1058 }, // U+20B5
    { 17, 18, 247, 1, 18, 77, 1121 }, // U+20B9
    { 14, 18, 257, 0, 18, 63, 1198 }, // U+20BA
    { 15, 18, 250, -1, 18, 68, 1261 }, // U+20BC
    { 19, 18, 265, -1, 18, 86, 1329 }, // U+20BD
    { 12, 2, 218, 1, 7, 6, 0 }, // U+2212
    { 19, 18, 30, -8, 18, 86, 6 }, // U+2215
    { 8, 8, 218, 3, 11, 16, 92 }, // U+2219
    { 14, 10, 218, 0, 11, 35, 108 }, // U+2248
    { 14, 13, 218, 0, 13, 46, 143 }, // U+2260
    { 16, 13, 218, -1, 13, 52, 189 }, // U+2264
    { 15, 13, 218, -1, 13, 49, 241 }, // U+2265
    { 30, 27, 298, -5, 20, 203, 0 }, // U+FB00
    { 23, 27, 287, -5, 20, 156, 203 }, // U+FB01
    { 25, 27, 295, -5, 20, 169, 359 }, // U+FB02
    { 31, 27, 416, -5, 20, 210, 528 }, // U+FB03
    { 33, 27, 424, -5, 20, 223, 738 }, // U+FB04
};

static const EpdUnicodeInterval libron_12_bolditalicIntervals[] = {
    { 0x20, 0x7E, 0x0 },
    { 0xA0, 0x131, 0x5F },
    { 0x134, 0x148, 0xF1 },
    { 0x14A, 0x17E, 0x106 },
    { 0x1A0, 0x1A1, 0x13B },
    { 0x1AF, 0x1B0, 0x13D },
    { 0x1C4, 0x1DC, 0x13F },
    { 0x1DE, 0x1E3, 0x158 },
    { 0x1E6, 0x1ED, 0x15E },
    { 0x1F0, 0x1F0, 0x166 },
    { 0x1F4, 0x1F5, 0x167 },
    { 0x1F8, 0x21B, 0x169 },
    { 0x21E, 0x21F, 0x18D },
    { 0x300, 0x304, 0x18F },
    { 0x306, 0x30C, 0x194 },
    { 0x30F, 0x30F, 0x19B },
    { 0x311, 0x312, 0x19C },
    { 0x31B, 0x31B, 0x19E },
    { 0x323, 0x324, 0x19F },
    { 0x326, 0x328, 0x1A1 },
    { 0x32E, 0x32E, 0x1A4 },
    { 0x331, 0x331, 0x1A5 },
    { 0x335, 0x335, 0x1A6 },
    { 0x1EA0, 0x1EF9, 0x1A7 },
    { 0x2010, 0x2010, 0x201 },
    { 0x2013, 0x2014, 0x202 },
    { 0x2018, 0x201A, 0x204 },
    { 0x201C, 0x201E, 0x207 },
    { 0x2020, 0x2022, 0x20A },
    { 0x2026, 0x2026, 0x20D },
    { 0x2030, 0x2030, 0x20E },
    { 0x2032, 0x2033, 0x20F },
    { 0x2039, 0x203A, 0x211 },
    { 0x2044, 0x2044, 0x213 },
    { 0x2052, 0x2052, 0x214 },
    { 0x2070, 0x2070, 0x215 },
    { 0x2074, 0x2074, 0x216 },
    { 0x20A1, 0x20A1, 0x217 },
    { 0x20A3, 0x20A4, 0x218 },
    { 0x20A6, 0x20A7, 0x21A },
    { 0x20A9, 0x20A9, 0x21C },
    { 0x20AB, 0x20AD, 0x21D },
    { 0x20B1, 0x20B2, 0x220 },
    { 0x20B5, 0x20B5, 0x222 },
    { 0x20B9, 0x20BA, 0x223 },
    { 0x20BC, 0x20BD, 0x225 },
    { 0x2212, 0x2212, 0x227 },
    { 0x2215, 0x2215, 0x228 },
    { 0x2219, 0x2219, 0x229 },
    { 0x2248, 0x2248, 0x22A },
    { 0x2260, 0x2260, 0x22B },
    { 0x2264, 0x2265, 0x22C },
    { 0xFB00, 0xFB04, 0x22E },
};

static const EpdFontGroup libron_12_bolditalicGroups[] = {
    { 0, 3616, 6974, 95, 0 },
    { 3616, 2847, 8111, 96, 95 },
    { 6463, 3828, 12814, 124, 191 },
    { 10291, 3204, 10299, 84, 315 },
    { 13495, 200, 234, 24, 399 },
    { 13695, 2091, 10709, 90, 423 },
    { 15786, 426, 694, 20, 513 },
    { 16212, 64, 60, 2, 533 },
    { 16276, 866, 1539, 16, 535 },
    { 17142, 182, 308, 7, 551 },
    { 17324, 421, 1026, 5, 558 },
};

static const uint16_t libron_12_bolditalicKernLeftCodepoints[] = {
    0x0020, 0x0022, 0x0026, 0x0027, 0x0028, 0x0029, 0x002A, 0x002C, 0x002D, 0x002E, 0x002F, 0x0030,
    0x0031, 0x0032, 0x0033, 0x0034, 0x0035, 0x0036, 0x0037, 0x0038, 0x0039, 0x003A, 0x003B, 0x003F,
    0x0040, 0x0041, 0x0042, 0x0043, 0x0044, 0x0045, 0x0046, 0x0047, 0x0048, 0x0049, 0x004A, 0x004B,
    0x004C, 0x004D, 0x004E, 0x004F, 0x0050, 0x0051, 0x0052, 0x0053, 0x0054, 0x0055, 0x0056, 0x0057,
    0x0058, 0x0059, 0x005A, 0x005B, 0x005C, 0x005D, 0x005F, 0x0061, 0x0062, 0x0063, 0x0064, 0x0065,
    0x0066, 0x0067, 0x0068, 0x0069, 0x006A, 0x006B, 0x006C, 0x006D, 0x006E, 0x006F, 0x0070, 0x0071,
    0x0072, 0x0073, 0x0074, 0x0075, 0x0076, 0x0077, 0x0078, 0x0079, 0x007A, 0x007B, 0x007C, 0x007D,
    0x00A0, 0x00A1, 0x00A3, 0x00A4, 0x00A5, 0x00A6, 0x00A9, 0x00AA, 0x00AB, 0x00AD, 0x00AE, 0x00B0,
    0x00B2, 0x00B3, 0x00B7, 0x00B9, 0x00BA, 0x00BB, 0x00BF, 0x00C0, 0x00C1, 0x00C2, 0x00C3, 0x00C4,
    0x00C5, 0x00C6, 0x00C7, 0x00C8, 0x00C9, 0x00CA, 0x00CB, 0x00CC, 0x00CD, 0x00CE, 0x00CF, 0x00D0,
    0x00D1, 0x00D2, 0x00D3, 0x00D4, 0x00D5, 0x00D6, 0x00D8, 0x00D9, 0x00DA, 0x00DB, 0x00DC, 0x00DD,
    0x00DE, 0x00DF, 0x00E0, 0x00E1, 0x00E2, 0x00E3, 0x00E4, 0x00E5, 0x00E6, 0x00E7, 0x00E8, 0x00E9,
    0x00EA, 0x00EB, 0x00EC, 0x00ED, 0x00EE, 0x00EF, 0x00F0, 0x00F1, 0x00F2, 0x00F3, 0x00F4, 0x00F5,
    0x00F6, 0x00F8, 0x00F9, 0x00FA, 0x00FB, 0x00FC, 0x00FD, 0x00FE, 0x00FF, 0x0100, 0x0101, 0x0102,
    0x0103, 0x0104, 0x0105, 0x0106, 0x0107, 0x0108, 0x0109, 0x010A, 0x010B, 0x010C, 0x010D, 0x010E,
    0x010F, 0x0110, 0x0111, 0x0112, 0x0113, 0x0114, 0x0115, 0x0116, 0x0117, 0x0118, 0x0119, 0x011A,
    0x011B, 0x011C, 0x011D, 0x011E, 0x011F, 0x0120, 0x0121, 0x0122, 0x0123, 0x0124, 0x0125, 0x0126,
    0x0127, 0x0128, 0x0129, 0x012A, 0x012B, 0x012C, 0x012D, 0x012E, 0x012F, 0x0130, 0x0131, 0x0134,
    0x0135, 0x0136, 0x0137, 0x0138, 0x0139, 0x013A, 0x013B, 0x013C, 0x013D, 0x013E, 0x013F, 0x0141,
    0x0142, 0x0143, 0x0144, 0x0145, 0x0146, 0x0147, 0x0148, 0x014A, 0x014B, 0x014C, 0x014D, 0x014E,
    0x014F, 0x0150, 0x0151, 0x0152, 0x0153, 0x0154, 0x0155, 0x0156, 0x0157, 0x0158, 0x0159, 0x015A,
    0x015B, 0x015C, 0x015D, 0x015E, 0x015F, 0x0160, 0x0161, 0x0162, 0x0163, 0x0164, 0x0165, 0x0166,
    0x0167, 0x0168, 0x0169, 0x016A, 0x016B, 0x016C, 0x016D, 0x016E, 0x016F, 0x0170, 0x0171, 0x0172,
    0x0173, 0x0174, 0x0175, 0x0176, 0x0177, 0x0178, 0x0179, 0x017A, 0x017B, 0x017C, 0x017D, 0x017E,
    0x01A0, 0x01A1, 0x01AF, 0x01B0, 0x01C4, 0x01C5, 0x01C6, 0x01C7, 0x01C8, 0x01C9, 0x01CA, 0x01CB,
    0x01CC, 0x01E6, 0x01E7, 0x01EA, 0x01EB, 0x01FA, 0x01FB, 0x01FC, 0x01FD, 0x01FE, 0x01FF, 0x0200,
    0x0201, 0x0202, 0x0203, 0x0204, 0x0205, 0x0206, 0x0207, 0x0208, 0x0209, 0x020A, 0x020B, 0x020C,
    0x020D, 0x020E, 0x020F, 0x0210, 0x0211, 0x0212, 0x0213, 0x0214, 0x0215, 0x0216, 0x0217, 0x0218,
    0x0219, 0x021A, 0x021B, 0x1EA0, 0x1EA1, 0x1EA2, 0x1EA3, 0x1EA4, 0x1EA5, 0x1EA6, 0x1EA7, 0x1EA8,
    0x1EA9, 0x1EAA, 0x1EAB, 0x1EAC, 0x1EAD, 0x1EAE, 0x1EAF, 0x1EB0, 0x1EB1, 0x1EB2, 0x1EB3, 0x1EB4,
    0x1EB5, 0x1EB6, 0x1EB7, 0x1EB8, 0x1EB9, 0x1EBA, 0x1EBB, 0x1EBC, 0x1EBD, 0x1EBE, 0x1EBF, 0x1EC0,
    0x1EC1, 0x1EC2, 0x1EC3, 0x1EC4, 0x1EC5, 0x1EC6, 0x1EC7, 0x1EC8, 0x1EC9, 0x1ECA, 0x1ECB, 0x1ECC,
    0x1ECD, 0x1ECE, 0x1ECF, 0x1ED0, 0x1ED1, 0x1ED2, 0x1ED3, 0x1ED4, 0x1ED5, 0x1ED6, 0x1ED7, 0x1ED8,
    0x1ED9, 0x1EDA, 0x1EDB, 0x1EDC, 0x1EDD, 0x1EDE, 0x1EDF, 0x1EE0, 0x1EE1, 0x1EE2, 0x1EE3, 0x1EE4,
    0x1EE5, 0x1EE6, 0x1EE7, 0x1EE8, 0x1EE9, 0x1EEA, 0x1EEB, 0x1EEC, 0x1EED, 0x1EEE, 0x1EEF, 0x1EF0,
    0x1EF1, 0x1EF2, 0x1EF3, 0x1EF4, 0x1EF5, 0x1EF6, 0x1EF7, 0x1EF8, 0x1EF9, 0x2013, 0x2014, 0x2018,
    0x2019, 0x201A, 0x201C, 0x201D, 0x201E, 0x2020, 0x2021, 0x2022, 0x2026, 0x2032, 0x2033, 0x2039,
    0x203A, 0x2052, 0x2070, 0x2074, 0x20A1, 0x20A3, 0x20A7, 0x20AD, 0x20B9, 0x20BA, 0x20BC, 0xFB00,
    0xFB01, 0xFB02, 0xFB03, 0xFB04,
};

static const uint8_t libron_12_bolditalicKernLeftClassIds[] = {
      1,   2,   3,   2,   4,   5,   6,   7,   8,   9,  10,  11,  12,  13,  14,  15,
     16,  17,  18,  19,  20,  21,  22,  23,  24,  25,  26,  27,  28,  29,  30,  31,
     32,  33,  34,  35,  36,  37,  38,  39,  40,  41,  42,  43,  44,  45,  46,  47,
     48,  49,  50,  51,  52,  53,  54,  55,  56,  57,  58,  59,  60,  61,  62,  63,
     64,  65,  66,  62,  62,  67,  68,  69,  70,  71,  72,  73,  74,  75,  76,  77,
     78,  79,  80,  81,   1,  82,  83,  84,  85,  80,  86,  87,  88,   8,  89,  90,
     91,  92,  93,  94,  95,  96,  97,  25,  25,  25,  25,  25,  25,  29,  27,  29,
     29,  29,  29,  32,  98,  32,  32,  28,  38,  39,  39,  39,  39,  39,  99,  45,
     45,  45,  45,  49, 100, 101,  55, 102, 103,  55, 104,  55,  59, 105,  59, 106,
    107, 108, 109, 110, 111, 112, 113,  62,  67, 114, 115, 116, 117, 118,  73,  73,
     73,  73,  77,  68,  77,  25,  55,  25,  55, 119, 120,  27, 121,  27, 122,  27,
     57,  27, 123,  28, 124,  28, 125,  29, 126,  29, 127,  29,  59, 128, 129,  29,
    130,  31,  61,  31,  61,  31,  61,  31,  61,  32,  62, 131,  62,  32, 132,  32,
    133,  32, 134, 135, 136,  32, 109,  34, 137,  35,  65,  65,  36,  66,  36,  66,
    138, 139,  36,  36, 140,  38, 141,  38,  62,  38,  62,  38, 142,  39, 143,  39,
    144,  39, 145,  29,  59,  42,  70,  42,  70,  42,  70,  43, 146,  43, 147,  43,
    148,  43, 149,  44, 150,  44, 151, 152,  72,  45,  73,  45,  73,  45,  73,  45,
     73,  45, 153,  45, 154,  47,  75,  49,  77,  49,  50, 155,  50,  78,  50,  78,
    156, 157, 158, 159,  50,  78,  78,  34,  64,  64,  34,  64,  64,  31,  61,  39,
     67,  25,  55,  29,  59,  99, 160,  25,  55,  25, 103,  29,  59,  29, 161,  32,
    162,  32, 163,  39,  67,  39, 164,  42,  70,  42,  70,  45,  73,  45,  73,  43,
    165,  44, 150,  25,  55,  25,  55,  25, 166,  25, 103,  25, 167,  25,  55,  25,
    103,  25,  55,  25,  55,  25,  55,  25,  55,  25,  55,  29, 168,  29,  59,  29,
    169,  29, 170,  29, 107,  29, 171,  29, 161,  29, 172,  32, 173, 174, 175,  39,
     67,  39,  67,  39, 176,  39, 115,  39, 177,  39,  67,  39, 115, 156, 157, 156,
    157, 156, 157, 156, 157, 156, 157,  45,  73,  45,  73, 158, 159, 158, 159, 158,
    159, 158, 159, 178, 159,  49,  77,  49, 179,  49,  77,  49,  77, 180, 181, 182,
    183, 184, 182, 183, 185, 186, 187, 188,   9, 189, 189,  88,  96, 190, 191, 192,
    193, 194, 195, 196, 193, 197, 190, 198, 199,  66, 199,  66,
};

static const uint16_t libron_12_bolditalicKernRightCodepoints[] = {
    0x0020, 0x0021, 0x0022, 0x0025, 0x0026, 0x0027, 0x0028, 0x0029, 0x002A, 0x002C, 0x002D, 0x002E,
    0x002F, 0x0030, 0x0031, 0x0032, 0x0033, 0x0034, 0x0035, 0x0036, 0x0037, 0x0038, 0x0039, 0x003A,
    0x003B, 0x003F, 0x0040, 0x0041, 0x0042, 0x0043, 0x0044, 0x0045, 0x0046, 0x0047, 0x0048, 0x0049,
    0x004A, 0x004B, 0x004C, 0x004D, 0x004E, 0x004F, 0x0050, 0x0051, 0x0052, 0x0053, 0x0054, 0x0055,
    0x0056, 0x0057, 0x0058, 0x0059, 0x005A, 0x005B, 0x005C, 0x005D, 0x005F, 0x0061, 0x0062, 0x0063,
    0x0064, 0x0065, 0x0066, 0x0067, 0x0068, 0x0069, 0x006A, 0x006B, 0x006C, 0x006D, 0x006E, 0x006F,
    0x0070, 0x0071, 0x0072, 0x0073, 0x0074, 0x0075, 0x0076, 0x0077, 0x0078, 0x0079, 0x007A, 0x007B,
    0x007C, 0x007D, 0x00A0, 0x00A1, 0x00A2, 0x00A4, 0x00A5, 0x00A6, 0x00A9, 0x00AA, 0x00AB, 0x00AD,
    0x00AE, 0x00B0, 0x00B2, 0x00B3, 0x00B7, 0x00B9, 0x00BA, 0x00BB, 0x00BF, 0x00C0, 0x00C1, 0x00C2,
    0x00C3, 0x00C4, 0x00C5, 0x00C6, 0x00C7, 0x00C8, 0x00C9, 0x00CA, 0x00CB, 0x00CC, 0x00CD, 0x00CE,
    0x00CF, 0x00D0, 0x00D1, 0x00D2, 0x00D3, 0x00D4, 0x00D5, 0x00D6, 0x00D8, 0x00D9, 0x00DA, 0x00DB,
    0x00DC, 0x00DD, 0x00DE, 0x00DF, 0x00E0, 0x00E1, 0x00E2, 0x00E3, 0x00E4, 0x00E5, 0x00E6, 0x00E7,
    0x00E8, 0x00E9, 0x00EA, 0x00EB, 0x00EC, 0x00ED, 0x00EE, 0x00EF, 0x00F0, 0x00F1, 0x00F2, 0x00F3,
    0x00F4, 0x00F5, 0x00F6, 0x00F8, 0x00F9, 0x00FA, 0x00FB, 0x00FC, 0x00FD, 0x00FE, 0x00FF, 0x0100,
    0x0101, 0x0102, 0x0103, 0x0104, 0x0105, 0x0106, 0x0107, 0x0108, 0x0109, 0x010A, 0x010B, 0x010C,
    0x010D, 0x010E, 0x010F, 0x0110, 0x0111, 0x0112, 0x0113, 0x0114, 0x0115, 0x0116, 0x0117, 0x0118,
    0x0119, 0x011A, 0x011B, 0x011C, 0x011D, 0x011E, 0x011F, 0x0120, 0x0121, 0x0122, 0x0123, 0x0124,
    0x0125, 0x0126, 0x0127, 0x0128, 0x0129, 0x012A, 0x012B, 0x012C, 0x012D, 0x012E, 0x012F, 0x0130,
    0x0131, 0x0134, 0x0135, 0x0136, 0x0137, 0x0138, 0x0139, 0x013A, 0x013B, 0x013C, 0x013D, 0x013E,
    0x013F, 0x0140, 0x0141, 0x0142, 0x0143, 0x0144, 0x0145, 0x0146, 0x0147, 0x0148, 0x014A, 0x014B,
    0x014C, 0x014D, 0x014E, 0x014F, 0x0150, 0x0151, 0x0152, 0x0153, 0x0154, 0x0155, 0x0156, 0x0157,
    0x0158, 0x0159, 0x015A, 0x015B, 0x015C, 0x015D, 0x015E, 0x015F, 0x0160, 0x0161, 0x0162, 0x0163,
    0x0164, 0x0165, 0x0166, 0x0167, 0x0168, 0x0169, 0x016A, 0x016B, 0x016C, 0x016D, 0x016E, 0x016F,
    0x0170, 0x0171, 0x0172, 0x0173, 0x0174, 0x0175, 0x0176, 0x0177, 0x0178, 0x0179, 0x017A, 0x017B,
    0x017C, 0x017D, 0x017E, 0x01A0, 0x01A1, 0x01AF, 0x01B0, 0x01C4, 0x01C5, 0x01C6, 0x01C7, 0x01C8,
    0x01C9, 0x01CA, 0x01CB, 0x01CC, 0x01E6, 0x01E7, 0x01EA, 0x01EB, 0x01FA, 0x01FB, 0x01FC, 0x01FD,
    0x01FE, 0x01FF, 0x0200, 0x0201, 0x0202, 0x0203, 0x0204, 0x0205, 0x0206, 0x0207, 0x0208, 0x0209,
    0x020A, 0x020B, 0x020C, 0x020D, 0x020E, 0x020F, 0x0210, 0x0211, 0x0212, 0x0213, 0x0214, 0x0215,
    0x0216, 0x0217, 0x0218, 0x0219, 0x021A, 0x021B, 0x1EA0, 0x1EA1, 0x1EA2, 0x1EA3, 0x1EA4, 0x1EA5,
    0x1EA6, 0x1EA7, 0x1EA8, 0x1EA9, 0x1EAA, 0x1EAB, 0x1EAC, 0x1EAD, 0x1EAE, 0x1EAF, 0x1EB0, 0x1EB1,
    0x1EB2, 0x1EB3, 0x1EB4, 0x1EB5, 0x1EB6, 0x1EB7, 0x1EB8, 0x1EB9, 0x1EBA, 0x1EBB, 0x1EBC, 0x1EBD,
    0x1EBE, 0x1EBF, 0x1EC0, 0x1EC1, 0x1EC2, 0x1EC3, 0x1EC4, 0x1EC5, 0x1EC6, 0x1EC7, 0x1EC8, 0x1EC9,
    0x1ECA, 0x1ECB, 0x1ECC, 0x1ECD, 0x1ECE, 0x1ECF, 0x1ED0, 0x1ED1, 0x1ED2, 0x1ED3, 0x1ED4, 0x1ED5,
    0x1ED6, 0x1ED7, 0x1ED8, 0x1ED9, 0x1EDA, 0x1EDB, 0x1EDC, 0x1EDD, 0x1EDE, 0x1EDF, 0x1EE0, 0x1EE1,
    0x1EE2, 0x1EE3, 0x1EE4, 0x1EE5, 0x1EE6, 0x1EE7, 0x1EE8, 0x1EE9, 0x1EEA, 0x1EEB, 0x1EEC, 0x1EED,
    0x1EEE, 0x1EEF, 0x1EF0, 0x1EF1, 0x1EF2, 0x1EF3, 0x1EF4, 0x1EF5, 0x1EF6, 0x1EF7, 0x1EF8, 0x1EF9,
    0x2013, 0x2014, 0x2018, 0x2019, 0x201A, 0x201C, 0x201D, 0x201E, 0x2020, 0x2021, 0x2022, 0x2026,
    0x2030, 0x2032, 0x2033, 0x2039, 0x203A, 0x2052, 0x2070, 0x2074, 0x20A9, 0x20AB, 0x20AC, 0x20B2,
    0x20B5, 0x20B9, 0x20BC, 0xFB00, 0xFB01, 0xFB02, 0xFB03, 0xFB04,
};

static const uint8_t libron_12_bolditalicKernRightClassIds[] = {
      1,   2,   3,   4,   5,   3,   6,   7,   8,   9,  10,  11,  12,  13,  14,  15,
     16,  17,  18,  19,  20,  21,  22,  23,  24,  25,  26,  27,  28,  29,  28,  28,
     28,  29,  28,  28,  30,  28,  28,  31,  32,  33,  28,  33,  28,  34,  35,  36,
     37,  38,  39,  40,  41,  42,  43,  44,  45,  46,  47,  48,  46,  48,  49,  50,
     51,  52,  53,  51,  54,  55,  55,  48,  56,  46,  57,  58,  59,  60,  61,  62,
     63,  64,  65,  66,  67,  68,   1,  69,  70,  71,  72,  67,  73,  74,  75,  10,
     76,  77,  78,  79,  80,  81,  82,  83,  84,  27,  27,  27,  27,  27,  27,  85,
     29,  28,  28,  28,  28,  86,  28,  28,  28,  87,  32,  33,  33,  33,  33,  33,
     88,  36,  36,  36,  36,  40,  28,  89,  90,  46,  91,  92,  93,  46,  46,  48,
     94,  48,  95,  96,  97,  98,  99, 100, 101,  55, 102,  48, 103, 104, 105, 106,
    107,  60, 108, 109,  64, 110, 111,  27, 112,  27, 113,  27,  46,  29,  48,  29,
    114,  29,  48,  29, 115,  28,  46,  28,  46,  28, 116,  28, 117,  28,  48,  28,
     48,  28, 118,  29, 119,  29, 120,  29, 121,  29, 121,  28,  51, 122, 123, 124,
    125,  28, 126,  28, 127,  28,  52,  28, 128,  30, 129,  28,  51,  55,  28,  54,
     28,  54,  28,  54,  28,  54, 130, 131,  32,  55,  32,  55,  32,  55,  32,  55,
     33, 132,  33, 133,  33,  48,  33,  48,  28,  55,  28,  55,  28, 134,  34,  58,
     34, 135,  34,  58,  34, 136,  35,  59,  35,  59, 137, 138,  36, 139,  36, 140,
     36, 141,  36,  60,  36,  60,  36,  60,  38,  62,  40, 142,  40,  41,  65,  41,
    143,  41, 144,  33,  48,  36,  60,  28,  28,  46,  28,  28,  54,  32,  32,  55,
     29, 145,  33,  48,  27,  46,  85,  46,  88, 146,  27, 147,  27,  91,  28, 148,
     28, 149,  28, 150,  28, 151,  33, 152,  33, 153,  28, 154,  28, 155,  36, 156,
     36, 139,  34,  58,  35,  59,  27,  46,  27,  46,  27,  91,  27, 157,  27,  91,
     27, 158,  27,  91,  27,  92,  27,  92,  27,  92,  27, 158,  27, 113,  28,  48,
     28, 159,  28, 160,  28,  95,  28, 161,  28,  95,  28, 162,  28,  95,  28, 163,
     28,  52,  33,  48,  33, 164,  33, 103,  33, 165,  33, 103,  33, 166,  33, 103,
     33,  48,  33, 102,  33, 164,  33, 104,  33,  48,  36,  60,  36,  60,  36,  60,
     36, 107,  36,  60,  36, 139,  36,  60,  40, 167,  40,  64,  40, 168,  40, 169,
    170, 170, 171, 172, 173, 171, 172, 174, 175, 176, 177,  11,   4, 178, 178,  75,
     83, 179, 180, 181, 182, 183, 184, 182,  70, 185, 186, 187, 188, 188, 187, 187,
};

static const uint16_t libron_12_bolditalicKernRowOffsets[] = {
        0,    36,   153,   203,   322,   330,   455,   592,   678,   814,   906,   931,   969,   997,  1036,  1060,
     1082,  1102,  1129,  1143,  1173,  1215,  1257,  1265,  1331,  1473,  1583,  1610,  1663,  1724,  1864,  1917,
     2031,  2145,  2271,  2410,  2491,  2608,  2731,  2782,  2878,  2934,  3049,  3144,  3270,  3398,  3540,  3681,
     3820,  3964,  4078,  4195,  4253,  4255,  4270,  4328,  4368,  4437,  4493,  4539,  4679,  4798,  4852,  4904,
     4932,  5063,  5131,  5177,  5217,  5249,  5361,  5425,  5460,  5514,  5567,  5609,  5705,  5735,  5845,  5964,
     5970,  5980,  6017,  6018,  6020,  6026,  6071,  6074,  6177,  6232,  6237,  6267,  6304,  6376,  6417,  6420,
     6520,  6656,  6771,  6822,  6871,  6994,  7052,  7110,  7168,  7239,  7285,  7331,  7377,  7429,  7491,  7543,
     7599,  7641,  7687,  7733,  7779,  7825,  7871,  8013,  8071,  8144,  8213,  8282,  8343,  8405,  8451,  8497,
     8558,  8606,  8652,  8766,  8822,  8878,  8934,  9048,  9102,  9133,  9220,  9275,  9298,  9352,  9366,  9412,
     9458,  9507,  9575,  9639,  9705,  9769,  9804,  9870,  9996, 10050, 10110, 10220, 10240, 10243, 10376, 10402,
    10448, 10494, 10546, 10598, 10644, 10710, 10773, 10836, 10884, 10930, 10982, 11034, 11082, 11134, 11248, 11302,
    11353, 11405, 11538, 11576, 11662, 11748, 11857, 11988, 12125, 12261, 12268, 12276, 12306, 12334, 12336, 12368,
    12392, 12393, 12394, 12395, 12396, 12398, 12538, 12590,
};

static const uint8_t libron_12_bolditalicKernSparseCols[] = {
      2,   7,   8,  10,  11,  24,  26,  29,  34,  36,  37,  38,  39,  42,  43,  44,
     48,  63,  75,  84,  88, 110, 136, 141, 160, 164, 166, 167, 168, 170, 171, 172,
    173, 177, 186, 187,   0,   4,   6,   7,   8,   9,  10,  13,  16,  26,  29,  34,
     35,  36,  37,  38,  39,  43,  45,  46,  47,  48,  49,  50,  51,  53,  54,  55,
     56,  57,  58,  59,  60,  61,  62,  64,  65,  67,  68,  74,  82,  83,  84,  88,
     89,  90,  91,  92,  93,  94,  95,  96,  97,  98,  99, 101, 102, 103, 104, 105,
    106, 107, 108, 109, 111, 112, 113, 114, 115, 116, 117, 118, 119, 120, 122, 125,
    126, 127, 128, 130, 131, 132, 133, 134, 136, 137, 138, 139, 140, 142, 143, 144,
    145, 146, 147, 148, 149, 151, 152, 153, 154, 155, 156, 157, 158, 159, 160, 161,
    162, 163, 164, 165, 169, 172, 173, 186, 187,   0,   2,   7,  26,  29,  30,  34,
     35,  36,  37,  38,  39,  51,  52,  54,  55,  56,  59,  60,  61,  74,  84,  96,
     97,  98,  99, 105, 106, 107, 108, 124, 125, 126, 127, 128, 133, 136, 138, 139,
    140, 145, 149, 150, 153, 154, 155, 162, 170, 171, 177,   2,   4,   5,   8,   9,
     10,  12,  16,  18,  22,  23,  28,  29,  32,  36,  37,  38,  39,  45,  46,  47,
     48,  50,  51,  52,  53,  54,  55,  56,  57,  58,  59,  60,  61,  62,  63,  64,
     65,  72,  74,  82,  87,  88,  89,  90,  91,  92,  93,  94,  95,  96,  97,  98,
     99, 101, 102, 103, 104, 105, 106, 107, 108, 109, 110, 111, 112, 113, 114, 115,
    116, 117, 122, 124, 125, 126, 127, 128, 130, 131, 132, 133, 134, 135, 137, 138,
    139, 140, 141, 142, 143, 145, 146, 147, 148, 149, 150, 151, 152, 153, 154, 155,
    156, 157, 158, 159, 160, 161, 162, 163, 164, 165, 166, 167, 168, 169, 172, 173,
    186, 187,   2,   6,   7,  43,  67, 170, 171, 177,   0,   4,   6,   8,   9,  10,
     13,  16,  17,  19,  21,  22,  23,  24,  26,  27,  29,  30,  31,  34,  35,  36,
     37,  38,  39,  43,  45,  47,  48,  49,  51,  52,  54,  55,  56,  57,  58,  59,
     62,  64,  67,  68,  74,  82,  83,  84,  85,  86,  88,  89,  90,  91,  92,  93,
     94,  95,  96,  97,  98,  99, 100, 101, 102, 103, 104, 105, 106, 107, 108, 111,
    112, 114, 115, 116, 117, 118, 119, 120, 121, 122, 123, 124, 126, 127, 128, 129,
    130, 131, 132, 133, 134, 135, 136, 137, 138, 139, 140, 142, 143, 144, 145, 146,
    147, 148, 150, 151, 152, 153, 154, 155, 156, 157, 158, 159, 160, 161, 162, 163,
    164, 165, 169, 172, 173, 186, 187,   0,   2,   4,   5,   6,   7,   9,  12,  13,
     14,  15,  16,  18,  19,  20,  21,  24,  25,  26,  28,  29,  32,  33,  34,  35,
     36,  37,  38,  39,  40,  42,  44,  45,  46,  47,  48,  49,  51,  52,  54,  55,
     56,  58,  59,  60,  61,  63,  64,  65,  66,  67,  72,  74,  75,  79,  84,  87,
     88,  89,  90,  91,  92,  93,  94,  95,  96,  97,  98,  99, 100, 101, 102, 103,
    104, 105, 106, 107, 108, 110, 111, 112, 113, 114, 115, 116, 117, 118, 119, 120,
    124, 125, 126, 127, 128, 130, 131, 132, 133, 136, 137, 138, 139, 140, 141, 142,
    143, 144, 145, 146, 147, 148, 149, 150, 151, 152, 153, 154, 155, 156, 157, 158,
    159, 160, 161, 162, 163, 164, 165, 166, 167, 168, 169, 170, 171, 177, 186, 187,
      2,   6,   7,   8,  10,  13,  14,  15,  17,  19,  21,  22,  23,  26,  27,  28,
     29,  30,  31,  32,  34,  35,  36,  37,  38,  39,  40,  41,  43,  48,  51,  52,
     54,  55,  56,  57,  58,  59,  60,  61,  62,  64,  67,  82,  84,  85,  86,  87,
     88,  96,  97,  98,  99, 106, 107, 108, 121, 123, 124, 125, 126, 127, 128, 133,
    134, 135, 136, 137, 138, 139, 140, 142, 143, 149, 150, 153, 154, 155, 162, 170,
    171, 172, 173, 177, 186, 187,   0,   2,   4,   5,   6,   7,   9,  12,  13,  14,
     15,  16,  18,  19,  20,  21,  24,  25,  26,  28,  29,  32,  33,  34,  35,  36,
     37,  38,  39,  40,  42,  45,  46,  47,  48,  49,  51,  52,  54,  55,  56,  58,
     59,  60,  61,  63,  64,  65,  66,  67,  72,  74,  75,  79,  84,  87,  88,  89,
     90,  91,  92,  93,  94,  95,  96,  97,  98,  99, 100, 101, 102, 103, 104, 105,
    106, 107, 108, 110, 111, 112, 113, 114, 115, 116, 117, 118, 119, 120, 124, 125,
    126, 127, 128, 130, 131, 132, 133, 136, 137, 138, 139, 140, 141, 142, 143, 144,
    145, 146, 147, 148, 149, 150, 151, 152, 153, 154, 155, 156, 157, 158, 159, 160,
    161, 162, 163, 164, 165, 166, 167, 168, 169, 170, 171, 177, 186, 187,   0,   8,
     10,  11,  16,  22,  23,  26,  29,  36,  37,  39,  45,  46,  47,  49,  50,  53,
     54,  55,  56,  57,  59,  60,  61,  62,  63,  64,  84,  89,  90,  91,  92,  93,
     94,  95, 101, 102, 103, 104, 105, 106, 107, 108, 109, 110, 111, 112, 113, 114,
    115, 116, 117, 118, 119, 120, 122, 131, 132, 133, 134, 135, 138, 139, 140, 141,
    142, 143, 144, 145, 146, 147, 148, 151, 152, 153, 154, 155, 156, 157, 158, 159,
    160, 161, 163, 164, 165, 166, 167, 168, 172, 173,   6,   7,  13,  19,  26,  27,
     29,  30,  31,  34,  35,  36,  37,  38,  39,  40,  43,  67,  71,  76,  85,  86,
    121, 123, 136,   2,   3,   7,   9,  12,  14,  16,  17,  18,  19,  20,  21,  26,
     28,  32,  33,  34,  35,  36,  37,  38,  39,  42,  69,  71,  73,  76,  79,  81,
     87, 136, 169, 170, 171, 177, 181, 183, 184,   2,   3,   6,   7,  13,  14,  18,
     19,  21,  28,  32,  34,  35,  36,  37,  39,  40,  42,  71,  73,  76,  87, 136,
    170, 171, 177, 178, 184,   2,   6,   7,   8,  10,  13,  14,  19,  21,  22,  23,
     26,  27,  28,  31,  32,  34,  35,  36,  37,  38,  39,  40,  42,  43,  67,  71,
     76,  85,  86,  87, 121, 123, 136, 170, 171, 172, 173, 177,   2,   6,   7,  13,
     14,  15,  16,  19,  21,  29,  34,  35,  36,  37,  39,  40,  42,  71,  76, 136,
    170, 171, 177, 178,   7,   8,  10,  12,  13,  19,  21,  22,  23,  26,  28,  32,
     34,  35,  36,  37,  39,  71,  87, 136, 172, 173,   2,   7,  13,  14,  19,  21,
     26,  34,  35,  36,  37,  38,  39,  71,  76, 136, 170, 171, 177, 178,   2,   7,
      8,   9,  10,  11,  13,  16,  17,  18,  19,  21,  26,  29,  36,  37,  38,  39,
     70,  76,  79, 169, 171, 172, 173, 182, 185,   6,   7,  18,  19,  26,  34,  35,
     36,  37,  38,  39,  43,  71, 136,   6,   7,   8,  10,  13,  14,  17,  19,  26,
     27,  29,  30,  31,  34,  35,  36,  37,  38,  39,  40,  43,  67,  71,  85,  86,
    121, 123, 136, 172, 173,   2,   6,   7,   9,  15,  17,  20,  21,  24,  34,  35,
     36,  37,  39,  42,  48,  51,  52,  74,  75,  79,  88,  96,  97,  98,  99, 124,
    125, 126, 127, 128, 130, 136, 149, 150, 162, 169, 170, 171, 177, 186, 187,   2,
      6,   7,   9,  15,  17,  20,  21,  24,  34,  35,  36,  37,  39,  42,  48,  51,
     52,  74,  75,  79,  88,  96,  97,  98,  99, 124, 125, 126, 127, 128, 130, 136,
    149, 150, 162, 169, 170, 171, 177, 186, 187,   6,   7,  24,  43,  67,  74, 172,
    173,   0,   8,  10,  26,  27,  29,  30,  31,  34,  35,  36,  37,  38,  39,  40,
     48,  51,  52,  54,  55,  56,  59,  60,  61,  63,  64,  84,  85,  86,  88,  96,
     97,  98,  99, 106, 107, 108, 110, 121, 123, 124, 125, 126, 127, 128, 133, 136,
    138, 139, 140, 141, 142, 143, 149, 150, 153, 154, 155, 162, 166, 167, 168, 172,
    173, 186, 187,   0,   1,   2,   4,   7,   9,  11,  12,  14,  15,  16,  17,  18,
     19,  20,  21,  24,  25,  26,  28,  29,  32,  33,  34,  35,  36,  37,  39,  40,
     42,  43,  45,  46,  47,  48,  49,  51,  52,  54,  55,  56,  57,  58,  59,  60,
     61,  63,  64,  67,  72,  73,  74,  75,  79,  81,  82,  87,  88,  89,  90,  91,
     92,  93,  94,  95,  96,  97,  98,  99, 100, 101, 102, 103, 104, 105, 106, 107,
    108, 110, 111, 112, 113, 114, 115, 116, 117, 118, 119, 120, 124, 125, 126, 127,
    128, 129, 130, 131, 132, 133, 134, 135, 136, 137, 138, 139, 140, 141, 142, 143,
    144, 145, 146, 147, 148, 149, 150, 151, 152, 153, 154, 155, 156, 157, 158, 159,
    160, 161, 162, 163, 164, 165, 166, 167, 168, 169, 170, 171, 174, 175, 176, 186,
    187,   6,   7,  19,  21,  24,  26,  27,  31,  34,  35,  36,  37,  38,  39,  40,
     42,  43,  47,  48,  49,  51,  52,  54,  55,  56,  57,  58,  59,  60,  61,  63,
     64,  67,  84,  85,  86,  88,  93,  94,  95,  96,  97,  98,  99, 100, 101, 102,
    103, 104, 105, 106, 107, 108, 110, 113, 114, 115, 116, 117, 118, 119, 120, 121,
    123, 124, 125, 126, 127, 128, 130, 131, 132, 133, 134, 135, 136, 137, 138, 139,
    140, 141, 142, 143, 144, 145, 147, 148, 149, 150, 151, 152, 153, 154, 155, 158,
    159, 160, 161, 162, 163, 164, 165, 166, 167, 168, 171, 174, 175, 186, 187,   7,
     24,  29,  36,  37,  38,  39,  40,  48,  49,  63,  64,  88, 110, 118, 119, 120,
    141, 142, 143, 144, 166, 167, 168, 174, 186, 187,   2,   6,   7,   8,  10,  13,
     14,  19,  21,  24,  26,  27,  29,  30,  31,  34,  35,  36,  37,  38,  39,  40,
     42,  43,  46,  48,  50,  53,  57,  58,  64,  67,  82,  84,  85,  86,  88, 109,
    121, 122, 123, 134, 135, 136, 137, 142, 143, 170, 172, 173, 174, 186, 187,   7,
     26,  36,  37,  38,  39,  46,  48,  49,  51,  52,  54,  55,  56,  58,  59,  60,
     61,  63,  64,  88,  96,  97,  98,  99, 106, 107, 108, 110, 118, 119, 120, 122,
    124, 125, 126, 127, 128, 133, 137, 138, 139, 140, 141, 142, 143, 144, 149, 150,
    153, 154, 155, 160, 162, 164, 166, 167, 168, 174, 186, 187,   0,   1,   2,   4,
      7,   8,   9,  10,  11,  13,  16,  21,  22,  23,  24,  26,  28,  29,  30,  32,
     33,  34,  38,  45,  46,  47,  48,  49,  50,  51,  52,  53,  54,  55,  56,  57,
     58,  59,  60,  61,  62,  63,  64,  72,  73,  74,  75,  79,  82,  84,  87,  88,
     89,  90,  91,  92,  93,  94,  95,  96,  97,  99, 100, 101, 102, 103, 104, 105,
    106, 107, 108, 109, 110, 111, 112, 113, 114, 115, 116, 117, 118, 119, 120, 122,
    124, 125, 126, 127, 128, 129, 130, 131, 132, 133, 134, 135, 136, 137, 138, 139,
    140, 141, 142, 143, 144, 145, 146, 147, 148, 149, 150, 151, 152, 153, 154, 155,
    156, 157, 158, 159, 160, 161, 162, 163, 164, 165, 166, 167, 168, 169, 170, 171,
    172, 173, 175, 176, 179, 180, 186, 187,   0,   2,   7,  13,  19,  21,  24,  26,
     34,  35,  36,  37,  38,  39,  40,  42,  48,  52,  54,  55,  56,  58,  59,  60,
     61,  63,  75,  84,  88, 106, 107, 108, 110, 128, 133, 136, 137, 138, 139, 140,
    141, 153, 154, 155, 166, 167, 168, 170, 171, 174, 175, 186, 187,   2,   4,   7,
      9,  12,  16,  18,  25,  28,  32,  45,  46,  47,  48,  49,  50,  51,  52,  53,
     54,  55,  56,  57,  58,  59,  60,  61,  62,  63,  64,  74,  79,  82,  87,  88,
     89,  90,  91,  92,  93,  94,  95,  96,  97,  98,  99, 100, 101, 102, 103, 104,
    105, 106, 107, 108, 109, 110, 111, 112, 113, 114, 115, 116, 117, 118, 119, 120,
    122, 124, 125, 126, 127, 128, 130, 131, 132, 133, 134, 135, 137, 138, 139, 140,
    141, 142, 143, 144, 145, 146, 147, 148, 149, 150, 151, 152, 153, 154, 155, 156,
    157, 158, 159, 160, 161, 162, 163, 164, 165, 166, 167, 168, 169, 186, 187,   2,
      4,   7,   9,  12,  16,  18,  25,  28,  32,  45,  46,  47,  48,  49,  50,  51,
     52,  53,  54,  55,  56,  57,  58,  59,  60,  61,  62,  63,  64,  74,  79,  82,
     87,  88,  89,  90,  91,  92,  93,  94,  95,  96,  97,  98,  99, 100, 101, 102,
    103, 104, 105, 106, 107, 108, 109, 110, 111, 112, 113, 114, 115, 116, 117, 118,
    119, 120, 122, 124, 125, 126, 127, 128, 130, 131, 132, 133, 134, 135, 137, 138,
    139, 140, 141, 142, 143, 144, 145, 146, 147, 148, 149, 150, 151, 152, 153, 154,
    155, 156, 157, 158, 159, 160, 161, 162, 163, 164, 165, 166, 167, 168, 169, 186,
    187,   1,   2,   4,   7,   8,   9,  10,  11,  12,  16,  18,  22,  23,  25,  26,
     28,  29,  32,  45,  46,  47,  48,  49,  50,  51,  52,  53,  54,  55,  56,  57,
     58,  59,  60,  61,  62,  63,  64,  74,  79,  82,  84,  87,  88,  89,  90,  91,
     92,  93,  94,  95,  97,  98,  99, 100, 101, 102, 103, 104, 105, 106, 107, 108,
    109, 110, 111, 112, 113, 114, 115, 116, 117, 118, 119, 120, 122, 124, 125, 126,
    127, 128, 130, 131, 132, 133, 134, 135, 137, 138, 139, 140, 141, 142, 143, 144,
    145, 146, 147, 148, 149, 150, 151, 152, 153, 154, 155, 156, 157, 158, 159, 160,
    161, 162, 163, 164, 165, 166, 167, 168, 169, 171, 172, 173, 175, 186, 187,   0,
      2,   4,   7,   9,  11,  12,  15,  16,  17,  18,  19,  20,  21,  24,  25,  26,
     28,  32,  33,  34,  35,  36,  37,  39,  43,  45,  46,  47,  48,  49,  50,  51,
     52,  53,  54,  55,  56,  57,  58,  59,  60,  61,  62,  63,  64,  72,  73,  74,
     75,  79,  81,  84,  87,  88,  89,  90,  91,  92,  93,  94,  95,  96,  97,  98,
     99, 100, 101, 102, 103, 104, 105, 106, 107, 108, 109, 110, 111, 112, 113, 114,
    115, 116, 117, 118, 119, 120, 122, 124, 125, 126, 127, 128, 129, 130, 131, 132,
    133, 134, 135, 136, 137, 138, 139, 140, 141, 142, 143, 144, 145, 146, 147, 148,
    149, 150, 151, 152, 153, 154, 155, 156, 157, 158, 159, 160, 161, 162, 163, 164,
    165, 166, 167, 168, 169, 170, 175, 176, 186, 187,   0,   2,   7,   8,  10,  13,
     14,  16,  19,  21,  22,  23,  24,  28,  29,  32,  33,  34,  35,  36,  37,  38,
     39,  40,  42,  48,  51,  54,  55,  56,  58,  59,  60,  61,  63,  64,  72,  73,
     74,  75,  81,  87,  88,  96,  97,  98,  99, 106, 107, 108, 110, 124, 125, 126,
    127, 133, 136, 137, 138, 139, 140, 141, 142, 143, 149, 150, 153, 154, 155, 162,
    166, 167, 168, 170, 171, 172, 173, 174, 175, 186, 187,   4,   7,   9,  12,  16,
     18,  19,  20,  21,  24,  25,  28,  32,  35,  45,  46,  47,  48,  49,  51,  52,
     54,  55,  56,  57,  58,  59,  60,  61,  63,  64,  74,  79,  82,  87,  88,  89,
     90,  91,  92,  93,  94,  95,  96,  97,  98,  99, 100, 101, 102, 103, 104, 105,
    106, 107, 108, 109, 110, 111, 112, 113, 114, 115, 116, 117, 118, 119, 120, 124,
    125, 126, 127, 128, 130, 131, 132, 133, 134, 135, 137, 138, 139, 140, 141, 142,
    143, 144, 145, 146, 147, 148, 149, 150, 151, 152, 153, 154, 155, 156, 157, 158,
    159, 160, 161, 162, 163, 164, 165, 166, 167, 168, 169, 170, 174, 175, 186, 187,
      2,   4,   7,   8,   9,  10,  12,  16,  18,  22,  23,  25,  26,  28,  29,  32,
     45,  46,  47,  48,  49,  50,  51,  52,  53,  54,  55,  56,  57,  58,  59,  60,
     61,  62,  63,  64,  74,  79,  82,  84,  87,  88,  89,  90,  91,  92,  93,  94,
     95,  96,  97,  98,  99, 100, 101, 102, 103, 104, 105, 106, 107, 108, 109, 110,
    111, 112, 113, 114, 115, 116, 117, 118, 119, 120, 122, 124, 125, 126, 127, 128,
    130, 131, 132, 133, 134, 135, 137, 138, 139, 140, 141, 142, 143, 144, 145, 146,
    147, 148, 149, 150, 151, 152, 153, 154, 155, 156, 157, 158, 159, 160, 161, 162,
    163, 164, 165, 166, 167, 168, 169, 172, 173, 186, 187,   2,   6,   7,   8,  10,
     13,  19,  21,  24,  26,  27,  29,  30,  31,  34,  35,  36,  37,  38,  39,  40,
     42,  43,  46,  48,  50,  53,  57,  64,  67,  82,  84,  85,  86,  88, 109, 121,
    122, 123, 134, 135, 136, 142, 143, 170, 171, 172, 173, 174, 186, 187,   0,   4,
      6,   8,   9,  10,  11,  16,  26,  27,  29,  30,  31,  34,  36,  37,  38,  39,
     43,  45,  47,  48,  51,  52,  62,  67,  72,  74,  79,  84,  85,  86,  88,  89,
     90,  91,  92,  93,  94,  95,  96,  97,  98,  99, 100, 101, 102, 103, 104, 105,
    111, 112, 113, 114, 115, 116, 117, 121, 122, 123, 124, 125, 126, 127, 128, 129,
    130, 131, 132, 136, 145, 146, 147, 148, 149, 150, 151, 152, 156, 157, 158, 159,
    160, 161, 162, 163, 164, 165, 169, 170, 171, 172, 173, 180, 186, 187,   2,   6,
      7,   8,  10,  13,  19,  21,  23,  24,  26,  27,  29,  30,  31,  34,  35,  36,
     37,  38,  39,  40,  42,  43,  44,  46,  48,  50,  52,  53,  57,  64,  66,  67,
     82,  84,  85,  86,  88, 109, 121, 122, 123, 128, 134, 135, 136, 142, 143, 170,
    171, 172, 173, 174, 186, 187,   0,   2,   4,   7,   9,  11,  12,  16,  18,  19,
     20,  21,  24,  25,  28,  29,  32,  34,  35,  36,  37,  38,  39,  42,  45,  47,
     48,  49,  52,  54,  55,  56,  59,  60,  61,  63,  64,  72,  73,  74,  75,  79,
     81,  82,  87,  88,  89,  90,  91,  92,  93,  94,  95, 100, 101, 102, 103, 104,
    105, 106, 107, 108, 110, 111, 112, 113, 114, 115, 116, 117, 118, 119, 120, 128,
    130, 131, 132, 133, 136, 138, 139, 140, 141, 142, 143, 144, 145, 146, 147, 148,
    151, 152, 153, 154, 155, 156, 157, 158, 159, 160, 161, 163, 164, 165, 166, 167,
    168, 169, 170, 171, 174, 175, 176, 186, 187,   6,   7,  19,  24,  26,  33,  34,
     35,  36,  37,  38,  39,  40,  47,  48,  49,  51,  52,  57,  58,  59,  60,  63,
     64,  82,  84,  88,  93,  94,  95,  96,  97,  98,  99, 100, 101, 102, 103, 104,
    105, 106, 107, 108, 110, 113, 114, 115, 116, 117, 118, 119, 120, 124, 125, 126,
    127, 128, 131, 132, 134, 135, 136, 137, 138, 139, 140, 141, 142, 143, 144, 145,
    147, 148, 149, 150, 151, 152, 155, 158, 159, 160, 161, 162, 163, 164, 165, 166,
    167, 168, 170, 171, 174, 176, 186, 187,   0,   1,   2,   4,   7,   8,   9,  10,
     11,  16,  22,  23,  24,  26,  28,  29,  32,  38,  45,  46,  47,  48,  49,  50,
     51,  52,  54,  55,  56,  57,  59,  60,  61,  62,  63,  64,  74,  79,  82,  84,
     87,  88,  89,  90,  91,  92,  93,  94,  95,  96,  97,  98,  99, 100, 101, 102,
    103, 104, 105, 106, 107, 108, 109, 110, 111, 112, 113, 114, 115, 116, 117, 118,
    119, 120, 122, 124, 125, 126, 127, 128, 131, 132, 133, 134, 135, 137, 138, 139,
    140, 141, 142, 143, 144, 145, 146, 147, 148, 149, 150, 151, 152, 153, 154, 155,
    156, 157, 158, 159, 160, 161, 162, 163, 164, 165, 166, 167, 168, 169, 170, 171,
    172, 173, 176, 180, 186, 187,   1,   2,   4,   7,   8,   9,  10,  11,  12,  16,
     17,  18,  22,  23,  25,  26,  28,  29,  32,  36,  45,  46,  47,  48,  49,  50,
     51,  52,  53,  54,  55,  56,  57,  58,  59,  60,  61,  62,  63,  64,  74,  79,
     82,  84,  87,  88,  89,  90,  91,  92,  93,  94,  95,  96,  97,  98,  99, 100,
    101, 102, 103, 104, 105, 106, 107, 108, 109, 110, 111, 112, 113, 114, 115, 116,
    117, 118, 119, 120, 122, 124, 125, 126, 127, 128, 130, 131, 132, 133, 134, 135,
    137, 138, 139, 140, 141, 142, 143, 144, 145, 146, 147, 148, 149, 150, 151, 152,
    153, 154, 155, 156, 157, 158, 159, 160, 161, 162, 163, 164, 165, 166, 167, 168,
    169, 171, 172, 173, 186, 187,   0,   1,   2,   4,   7,   8,   9,  10,  11,  12,
     13,  14,  15,  16,  17,  18,  20,  21,  22,  23,  24,  25,  26,  28,  29,  32,
     33,  42,  43,  45,  46,  47,  48,  49,  50,  51,  52,  53,  54,  55,  56,  57,
     58,  59,  60,  61,  62,  63,  64,  67,  72,  74,  79,  82,  84,  87,  88,  89,
     90,  91,  92,  93,  94,  95,  96,  97,  98,  99, 100, 101, 102, 103, 104, 105,
    106, 107, 108, 109, 110, 111, 112, 113, 114, 115, 116, 117, 118, 119, 120, 122,
    124, 125, 126, 127, 128, 129, 130, 131, 132, 133, 134, 135, 137, 138, 139, 140,
    141, 142, 143, 144, 145, 146, 148, 149, 150, 151, 152, 153, 154, 155, 156, 157,
    158, 159, 160, 161, 162, 163, 164, 165, 166, 167, 168, 169, 171, 172, 173, 174,
    175, 176, 186, 187,   0,   1,   2,   4,   7,   8,   9,  10,  11,  12,  13,  14,
     15,  16,  17,  18,  20,  21,  22,  23,  24,  25,  26,  28,  29,  32,  33,  42,
     43,  45,  46,  47,  48,  49,  50,  51,  52,  53,  54,  55,  56,  57,  58,  59,
     60,  61,  62,  63,  64,  67,  74,  79,  82,  84,  87,  88,  89,  90,  91,  92,
     93,  94,  95,  96,  97,  98,  99, 100, 101, 102, 103, 104, 105, 106, 107, 108,
    109, 110, 111, 112, 113, 114, 115, 116, 117, 118, 119, 120, 122, 124, 125, 126,
    127, 128, 130, 131, 132, 133, 134, 135, 137, 138, 139, 140, 141, 142, 143, 144,
    145, 146, 147, 148, 149, 150, 151, 152, 153, 154, 155, 156, 157, 158, 159, 160,
    161, 162, 163, 164, 165, 166, 167, 168, 169, 171, 172, 173, 174, 175, 176, 186,
    187,   0,   2,   4,   7,   9,  11,  12,  15,  16,  17,  18,  19,  20,  21,  24,
     25,  28,  32,  33,  34,  35,  36,  37,  39,  43,  45,  46,  47,  48,  49,  50,
     51,  52,  53,  54,  55,  56,  57,  58,  59,  60,  61,  62,  63,  64,  72,  73,
     74,  75,  79,  81,  87,  88,  89,  90,  91,  92,  93,  94,  95,  96,  97,  98,
     99, 100, 101, 102, 103, 104, 105, 106, 107, 108, 109, 110, 111, 112, 113, 114,
    115, 116, 117, 118, 119, 120, 122, 124, 125, 126, 127, 128, 129, 130, 131, 132,
    133, 134, 135, 136, 137, 138, 139, 140, 141, 142, 143, 144, 145, 146, 147, 148,
    149, 150, 151, 152, 153, 154, 155, 156, 157, 158, 159, 160, 161, 162, 163, 164,
    165, 166, 167, 168, 169, 170, 171, 174, 175, 176, 186, 187,   0,   1,   2,   4,
      7,   8,   9,  10,  11,  12,  13,  14,  15,  16,  17,  18,  20,  21,  22,  23,
     24,  25,  26,  28,  29,  32,  33,  38,  40,  43,  45,  46,  47,  48,  49,  50,
     51,  52,  53,  54,  55,  56,  57,  58,  59,  60,  61,  62,  63,  64,  72,  73,
     74,  79,  81,  82,  84,  87,  88,  89,  90,  91,  92,  93,  94,  95,  96,  97,
     98,  99, 100, 101, 102, 103, 104, 105, 106, 107, 108, 109, 110, 111, 112, 113,
    114, 115, 116, 117, 118, 119, 120, 122, 124, 125, 126, 127, 128, 130, 131, 132,
    133, 134, 135, 137, 138, 139, 140, 141, 142, 143, 144, 145, 146, 147, 148, 149,
    150, 151, 152, 153, 154, 155, 156, 157, 158, 159, 160, 161, 162, 163, 164, 165,
    166, 167, 168, 169, 171, 172, 173, 174, 175, 176, 186, 187,   2,   7,  19,  21,
     24,  26,  27,  28,  29,  30,  31,  32,  33,  34,  35,  36,  37,  39,  40,  46,
     47,  48,  49,  51,  52,  54,  55,  56,  57,  58,  59,  60,  61,  63,  64,  85,
     86,  87,  88,  93,  94,  95,  96,  97,  98,  99, 100, 101, 102, 103, 104, 105,
    106, 107, 108, 110, 113, 114, 115, 116, 117, 118, 119, 120, 121, 123, 124, 125,
    126, 127, 128, 130, 131, 132, 133, 134, 135, 136, 137, 138, 139, 140, 141, 142,
    143, 144, 145, 147, 148, 149, 150, 151, 152, 153, 154, 155, 158, 159, 160, 161,
    162, 163, 164, 165, 166, 167, 168, 170, 171, 174, 175, 176, 186, 187,   0,   2,
      4,   5,   7,   8,   9,  10,  16,  18,  28,  29,  32,  36,  37,  38,  39,  45,
     46,  47,  48,  50,  51,  52,  53,  54,  55,  56,  58,  59,  60,  61,  63,  64,
     72,  74,  82,  84,  87,  88,  89,  90,  91,  92,  93,  94,  95,  96,  97,  98,
     99, 100, 101, 102, 103, 104, 105, 106, 107, 108, 109, 110, 111, 112, 113, 114,
    115, 116, 117, 122, 124, 125, 126, 127, 128, 130, 131, 132, 133, 135, 137, 138,
    139, 140, 141, 142, 143, 145, 146, 147, 148, 149, 150, 151, 152, 153, 154, 155,
    156, 157, 158, 159, 160, 161, 162, 163, 164, 165, 166, 167, 168, 169, 172, 173,
    177, 186, 187,   0,  19,  21,  26,  28,  32,  34,  35,  36,  37,  38,  39,  42,
     48,  51,  52,  54,  55,  56,  58,  59,  60,  61,  63,  84,  87,  88,  96,  97,
     98,  99, 106, 107, 108, 110, 124, 125, 126, 127, 128, 133, 136, 137, 138, 139,
    140, 141, 149, 150, 153, 154, 155, 162, 166, 167, 168, 186, 187,   9, 169,   0,
      8,  23,  48,  49,  52,  88, 109, 118, 119, 120, 128, 144, 186, 187,   1,   2,
      4,   6,   7,   8,   9,  10,  22,  23,  24,  25,  28,  29,  32,  34,  35,  36,
     37,  39,  40,  42,  43,  48,  57,  58,  60,  61,  62,  63,  67,  72,  73,  74,
     75,  79,  81,  82,  87,  88, 110, 134, 135, 136, 137, 141, 166, 167, 168, 169,
    170, 171, 172, 173, 174, 175, 186, 187,   2,   6,   7,  24,  26,  27,  28,  30,
     31,  32,  33,  34,  35,  36,  37,  38,  39,  40,  42,  43,  48,  58,  67,  73,
     75,  82,  85,  86,  87,  88, 121, 123, 136, 137, 170, 171, 174, 175, 186, 187,
      2,   6,   7,   9,  24,  26,  27,  28,  30,  31,  32,  33,  34,  35,  36,  37,
     38,  39,  40,  42,  47,  48,  67,  73,  74,  75,  79,  81,  85,  86,  87,  88,
     93,  94,  95, 101, 102, 103, 104, 105, 113, 114, 115, 116, 117, 121, 123, 131,
    132, 136, 145, 147, 148, 151, 152, 158, 159, 160, 161, 163, 164, 165, 169, 170,
    171, 174, 175, 186, 187,   1,   2,   4,   6,   7,   8,   9,  10,  22,  23,  24,
     25,  28,  29,  32,  34,  35,  36,  37,  39,  42,  48,  57,  58,  60,  61,  62,
     63,  72,  73,  74,  75,  79,  81,  82,  87,  88, 110, 134, 135, 136, 137, 141,
    160, 166, 167, 168, 169, 170, 171, 172, 173, 174, 175, 186, 187,   2,   6,   7,
     24,  26,  27,  28,  30,  31,  32,  33,  34,  35,  36,  37,  38,  39,  40,  42,
     48,  57,  58,  64,  67,  73,  75,  81,  82,  85,  86,  87,  88, 121, 123, 134,
    135, 136, 137, 142, 143, 170, 171, 174, 175, 186, 187,   0,   1,   2,   4,   6,
      7,   8,   9,  10,  24,  25,  26,  27,  28,  29,  30,  31,  32,  33,  34,  35,
     36,  37,  38,  39,  40,  42,  43,  45,  47,  48,  51,  52,  54,  55,  56,  58,
     60,  61,  66,  67,  72,  73,  74,  75,  77,  78,  79,  80,  81,  85,  86,  87,
     88,  89,  90,  91,  92,  93,  94,  95,  96,  97,  98,  99, 100, 101, 103, 104,
    105, 106, 108, 110, 111, 112, 113, 114, 115, 116, 117, 118, 119, 120, 121, 122,
    123, 124, 125, 126, 127, 128, 130, 131, 132, 133, 134, 135, 136, 137, 138, 139,
    140, 141, 142, 143, 144, 145, 147, 148, 149, 150, 151, 152, 153, 154, 155, 156,
    157, 159, 160, 161, 162, 163, 164, 165, 166, 167, 168, 169, 170, 171, 172, 173,
    174, 175, 176, 179, 180, 186, 187,   2,   4,   6,   7,   8,   9,  10,  23,  24,
     25,  26,  27,  28,  29,  30,  31,  32,  33,  34,  35,  36,  37,  38,  39,  40,
     42,  43,  44,  45,  47,  48,  49,  52,  54,  55,  56,  58,  61,  63,  67,  72,
     73,  74,  75,  78,  79,  80,  85,  86,  87,  88,  89,  90,  91,  92,  93,  94,
     95, 100, 101, 102, 103, 104, 105, 109, 110, 111, 112, 113, 114, 115, 116, 117,
    118, 119, 120, 121, 123, 128, 130, 131, 132, 133, 136, 137, 141, 144, 145, 146,
    147, 148, 151, 152, 153, 154, 156, 157, 158, 159, 160, 161, 163, 164, 165, 166,
    167, 168, 169, 170, 171, 172, 173, 174, 175, 176, 179, 180, 186, 187,   1,   2,
      4,   6,   7,   8,   9,  10,  22,  23,  24,  25,  28,  29,  32,  34,  35,  36,
     37,  38,  39,  40,  42,  43,  48,  58,  60,  62,  63,  67,  72,  73,  74,  75,
     79,  81,  87,  88, 110, 136, 137, 141, 166, 167, 168, 169, 170, 171, 172, 173,
    174, 175, 186, 187,   2,   4,   6,   7,   8,   9,  10,  22,  23,  24,  25,  28,
     29,  32,  34,  35,  36,  37,  38,  39,  42,  46,  48,  58,  60,  62,  63,  72,
     73,  74,  75,  79,  81,  82,  87,  88, 110, 136, 137, 141, 166, 167, 168, 169,
    170, 171, 172, 173, 174, 175, 186, 187,  27,  28,  30,  31,  32,  33,  35,  40,
     46,  50,  52,  53,  63,  82,  85,  86,  87, 109, 110, 121, 122, 123, 128, 141,
    149, 166, 167, 168,   2,   4,   6,   7,   9,  24,  25,  27,  28,  29,  31,  32,
     33,  34,  35,  36,  37,  38,  39,  40,  42,  45,  47,  48,  49,  51,  52,  54,
     55,  56,  57,  59,  60,  61,  62,  63,  64,  67,  73,  74,  75,  79,  81,  85,
     86,  87,  88,  89,  90,  91,  92,  93,  94,  95,  96,  97,  98,  99, 100, 101,
    102, 103, 104, 105, 106, 107, 108, 110, 111, 112, 113, 114, 115, 116, 117, 118,
    119, 120, 121, 123, 124, 125, 126, 127, 128, 130, 131, 132, 133, 134, 135, 136,
    138, 139, 140, 141, 142, 143, 144, 145, 146, 147, 148, 149, 150, 151, 152, 153,
    154, 155, 156, 157, 158, 159, 160, 161, 162, 163, 164, 165, 166, 167, 168, 169,
    170, 171, 174, 175, 176, 186, 187,   1,   2,   4,   6,   7,   8,   9,  10,  22,
     23,  24,  25,  28,  29,  32,  34,  35,  36,  37,  39,  42,  48,  52,  54,  55,
     56,  58,  59,  60,  61,  62,  63,  72,  73,  74,  75,  79,  81,  87,  88, 106,
    107, 108, 110, 128, 133, 136, 137, 138, 139, 140, 141, 153, 154, 155, 160, 166,
    167, 168, 169, 170, 171, 172, 173, 174, 175, 186, 187,   2,   6,   7,  24,  26,
     27,  28,  30,  31,  32,  33,  34,  35,  36,  37,  38,  39,  40,  42,  43,  48,
     57,  58,  64,  67,  73,  75,  82,  85,  86,  87,  88, 121, 123, 134, 135, 136,
    137, 142, 143, 170, 171, 174, 175, 186, 187,   2,   6,   7,  24,  26,  27,  28,
     30,  31,  32,  33,  34,  35,  36,  37,  38,  39,  40,  42,  43,  48,  58,  62,
     67,  75,  82,  85,  86,  87,  88, 121, 123, 136, 137, 170, 171, 174, 175, 186,
    187,   2,   4,   7,  24,  27,  28,  30,  31,  32,  33,  34,  35,  36,  37,  38,
     39,  40,  42,  44,  52,  82,  85,  86,  87, 121, 123, 128, 136, 170, 171, 174,
    175,   0,   4,   6,   7,   8,   9,  10,  11,  24,  26,  27,  29,  30,  31,  33,
     34,  35,  36,  37,  38,  39,  40,  42,  43,  45,  47,  48,  51,  52,  54,  55,
     56,  59,  60,  61,  67,  74,  78,  79,  85,  86,  88,  89,  90,  91,  92,  93,
     94,  95,  96,  97,  98,  99, 100, 101, 102, 103, 104, 105, 106, 107, 108, 111,
    112, 113, 114, 115, 116, 117, 121, 123, 124, 125, 126, 127, 128, 130, 131, 132,
    133, 136, 138, 139, 140, 145, 146, 147, 148, 149, 150, 151, 152, 153, 154, 155,
    156, 157, 158, 159, 160, 161, 162, 163, 164, 165, 169, 172, 173, 174, 180, 186,
    187,   2,   4,   6,   7,   9,  24,  26,  27,  28,  30,  31,  32,  33,  34,  35,
     36,  37,  38,  39,  40,  42,  48,  54,  55,  56,  57,  58,  63,  64,  67,  73,
     74,  75,  79,  81,  85,  86,  87,  88, 110, 121, 123, 130, 133, 134, 135, 136,
    137, 141, 142, 143, 153, 154, 166, 167, 168, 169, 170, 171, 174, 175, 176, 186,
    187,   2,   6,   7,   9,  24,  26,  27,  31,  34,  35,  36,  37,  38,  39,  40,
     42,  52,  60,  61,  74,  79,  81,  85,  86, 121, 123, 128, 130, 136, 169, 170,
    171, 174, 176, 180,   1,   2,   4,   6,   7,   8,   9,  10,  22,  23,  24,  25,
     28,  29,  32,  34,  35,  36,  37,  39,  42,  43,  48,  57,  60,  62,  63,  67,
     72,  73,  74,  75,  79,  81,  82,  87,  88, 110, 134, 135, 136, 141, 166, 167,
    168, 169, 170, 171, 172, 173, 174, 175, 186, 187,   2,   6,   7,  24,  26,  27,
     28,  29,  30,  31,  32,  33,  34,  35,  36,  37,  38,  39,  40,  42,  43,  48,
     49,  57,  58,  62,  64,  67,  75,  82,  85,  86,  87,  88, 118, 119, 120, 121,
    123, 134, 135, 136, 137, 142, 143, 144, 170, 171, 174, 175, 176, 186, 187,   2,
      6,   7,  24,  26,  27,  28,  30,  31,  32,  33,  34,  35,  36,  37,  38,  39,
     40,  42,  43,  48,  58,  64,  67,  75,  82,  85,  86,  87,  88, 121, 123, 136,
    137, 142, 143, 170, 171, 174, 175, 186, 187,   2,   6,   7,   9,  24,  26,  27,
     28,  30,  31,  32,  33,  34,  35,  36,  37,  38,  39,  40,  42,  47,  51,  52,
     54,  55,  56,  59,  60,  67,  74,  78,  79,  81,  85,  86,  87,  93,  94,  95,
     96,  97,  98,  99, 101, 102, 103, 104, 105, 106, 107, 108, 113, 114, 115, 116,
    117, 121, 123, 124, 125, 126, 127, 128, 130, 131, 132, 133, 136, 138, 139, 140,
    145, 147, 148, 149, 150, 151, 152, 153, 154, 155, 158, 159, 160, 161, 162, 163,
    164, 165, 169, 170, 171, 174, 175, 176, 180,   2,   6,   7,  24,  26,  27,  30,
     31,  33,  34,  35,  36,  37,  38,  39,  40,  42,  67,  75,  82,  85,  86, 121,
    123, 136, 170, 171, 174, 175, 176,   0,   2,   4,   6,   7,   9,  24,  25,  26,
     27,  28,  29,  30,  31,  32,  33,  34,  35,  36,  37,  38,  39,  40,  42,  47,
     48,  49,  54,  55,  56,  58,  59,  60,  61,  63,  64,  67,  73,  74,  75,  79,
     81,  82,  85,  86,  87,  88,  93,  94,  95, 101, 102, 103, 104, 105, 106, 107,
    108, 110, 113, 114, 115, 116, 117, 118, 119, 120, 121, 123, 130, 131, 132, 133,
    136, 137, 138, 139, 140, 141, 142, 143, 144, 145, 147, 148, 151, 152, 153, 154,
    155, 158, 159, 160, 161, 163, 164, 165, 166, 167, 168, 169, 170, 171, 172, 173,
    174, 175, 176, 186, 187,   2,   4,   5,   8,   9,  10,  12,  16,  18,  22,  23,
     26,  28,  29,  32,  36,  37,  38,  39,  45,  46,  47,  48,  50,  51,  52,  53,
     54,  55,  56,  57,  58,  59,  60,  61,  62,  63,  64,  72,  74,  82,  84,  87,
     88,  89,  90,  91,  92,  93,  94,  95,  96,  97,  98,  99, 101, 102, 103, 104,
    105, 106, 107, 108, 109, 110, 111, 112, 113, 114, 115, 116, 117, 122, 124, 125,
    126, 127, 128, 130, 131, 132, 133, 134, 137, 138, 139, 140, 141, 142, 143, 145,
    146, 147, 148, 149, 150, 151, 152, 153, 154, 155, 156, 157, 158, 159, 160, 161,
    162, 163, 164, 165, 166, 167, 168, 169, 172, 173, 186, 187,  48,  52,  88, 128,
    186, 187,   2,   6,   7,   8,  10, 170, 171, 172, 173, 177,   2,   7,   8,  10,
     34,  35,  36,  37,  39,  40,  48,  51,  52,  74,  82,  88,  96,  97,  98,  99,
    124, 125, 126, 127, 128, 130, 136, 149, 150, 162, 170, 171, 172, 173, 177, 186,
    187,  14,  19,  21,  12,  13,  15,  16,  17,  18,   2,   6,   7,  26,  34,  36,
     37,  38,  39,  43,  51,  52,  54,  55,  56,  59,  60,  61,  67,  84,  96,  97,
     98,  99, 106, 107, 108, 124, 125, 126, 127, 128, 133, 136, 138, 139, 140, 149,
    150, 153, 154, 155, 162, 170, 177,   6,  43,  67,   2,   4,   6,   7,   9,  24,
     27,  28,  31,  32,  33,  34,  35,  36,  37,  39,  40,  45,  46,  47,  49,  50,
     51,  53,  63,  67,  74,  77,  78,  80,  82,  85,  86,  87,  89,  90,  91,  92,
     93,  94,  95,  96,  97,  98,  99, 100, 101, 102, 103, 104, 105, 109, 110, 111,
    112, 113, 114, 115, 116, 117, 118, 119, 120, 121, 122, 123, 124, 125, 126, 127,
    129, 130, 131, 132, 136, 141, 144, 145, 146, 147, 148, 149, 150, 151, 152, 156,
    157, 158, 159, 160, 161, 162, 163, 164, 165, 166, 167, 168, 169, 170, 171, 177,
    179,   0,   6,   8,  10,  26,  27,  29,  30,  31,  36,  37,  38,  39,  43,  48,
     51,  52,  55,  58,  59,  60,  61,  67,  74,  84,  85,  86,  88,  96,  97,  98,
     99, 106, 107, 108, 121, 122, 123, 124, 125, 126, 127, 128, 137, 138, 139, 140,
    149, 150, 155, 162, 172, 173, 186, 187,  13,  14,  16,  19,  21,  46,  48,  51,
     52,  58,  59,  61,  88,  96,  97,  98,  99, 106, 107, 108, 124, 125, 126, 127,
    128, 137, 138, 139, 140, 149, 150, 155, 162, 186, 187,  46,  48,  51,  52,  54,
     55,  56,  58,  59,  60,  61,  88,  96,  97,  98,  99, 106, 107, 108, 124, 125,
    126, 127, 128, 133, 137, 138, 139, 140, 149, 150, 153, 154, 155, 162, 186, 187,
     13,  14,  15,  19,  21,  22,  23,  26,  27,  28,  29,  30,  31,  32,  34,  35,
     36,  37,  38,  39,  40,  48,  51,  52,  53,  54,  55,  56,  57,  58,  59,  60,
     61,  62,  64,  84,  85,  86,  87,  88,  96,  97,  98,  99, 106, 107, 108, 121,
    123, 124, 125, 126, 127, 128, 133, 134, 135, 136, 137, 138, 139, 140, 142, 143,
    149, 150, 153, 154, 155, 162, 186, 187,  46,  50,  51,  52,  54,  55,  56,  59,
     60,  61,  63,  82,  96,  97,  98,  99, 106, 107, 108, 109, 110, 122, 124, 125,
    126, 127, 128, 133, 138, 139, 140, 141, 149, 150, 153, 154, 155, 162, 166, 167,
    168,   6,  43,  67,   2,   6,   7,   8,  10,  22,  23,  24,  26,  27,  28,  29,
     30,  31,  32,  34,  35,  36,  37,  38,  39,  40,  43,  46,  48,  49,  50,  51,
     52,  53,  54,  55,  56,  57,  58,  59,  60,  61,  62,  63,  64,  67,  68,  72,
     75,  82,  83,  84,  85,  86,  87,  88,  96,  97,  98,  99, 106, 107, 108, 109,
    110, 118, 119, 120, 121, 122, 123, 124, 125, 126, 127, 128, 133, 134, 135, 136,
    137, 138, 139, 140, 141, 142, 143, 144, 149, 150, 153, 154, 155, 162, 166, 167,
    168, 170, 171, 172, 173, 177, 186, 187,   0,   2,   7,   8,  10,  22,  23,  26,
     27,  28,  29,  30,  31,  32,  33,  34,  35,  36,  37,  38,  39,  40,  45,  46,
     47,  48,  49,  50,  51,  52,  53,  54,  55,  56,  57,  58,  59,  60,  61,  62,
     63,  64,  74,  82,  84,  85,  86,  87,  88,  89,  90,  91,  92,  93,  94,  95,
     96,  97,  98,  99, 100, 101, 102, 103, 104, 105, 106, 107, 108, 109, 110, 111,
    112, 113, 114, 115, 116, 117, 118, 119, 120, 121, 122, 123, 124, 125, 126, 127,
    128, 129, 130, 131, 132, 133, 134, 135, 136, 137, 138, 139, 140, 141, 142, 143,
    144, 145, 146, 147, 148, 149, 150, 151, 152, 153, 154, 155, 156, 157, 158, 159,
    160, 161, 162, 163, 164, 165, 166, 167, 168, 170, 171, 172, 173, 177, 186, 187,
      2,   4,   7,   9,  12,  16,  18,  25,  28,  32,  45,  46,  47,  48,  49,  50,
     51,  52,  53,  54,  55,  56,  57,  58,  59,  60,  61,  62,  63,  64,  74,  79,
     82,  85,  87,  88,  89,  90,  91,  92,  93,  94,  95,  96,  97,  98,  99, 100,
    101, 102, 103, 104, 105, 106, 107, 108, 109, 110, 111, 112, 113, 114, 115, 116,
    117, 118, 119, 120, 122, 124, 125, 126, 127, 128, 130, 131, 132, 133, 134, 135,
    137, 138, 139, 140, 141, 142, 143, 144, 145, 146, 147, 148, 149, 150, 151, 152,
    153, 154, 155, 156, 157, 158, 159, 160, 161, 162, 163, 164, 165, 166, 167, 168,
    169, 186, 187,   2,   6,   7,   8,  10,  13,  19,  21,  24,  26,  27,  29,  30,
     31,  34,  35,  36,  37,  38,  39,  40,  42,  43,  46,  48,  50,  53,  57,  64,
     67,  82,  84,  85,  86,  88, 109, 121, 122, 123, 134, 135, 136, 142, 143, 170,
    171, 172, 173, 174, 186, 187,   2,   6,   7,   8,  10,  24,  26,  27,  29,  30,
     31,  34,  35,  36,  37,  38,  39,  40,  42,  43,  46,  48,  50,  53,  57,  58,
     62,  67,  82,  84,  85,  86,  88, 109, 121, 122, 123, 134, 135, 136, 137, 170,
    171, 172, 173, 174, 175, 186, 187,   2,   4,   6,   7,   9,  24,  25,  26,  27,
     28,  30,  31,  32,  33,  34,  35,  36,  37,  38,  39,  40,  42,  46,  47,  48,
     49,  51,  52,  54,  55,  56,  57,  58,  59,  60,  61,  63,  64,  67,  72,  73,
     74,  75,  79,  81,  82,  85,  86,  87,  88,  93,  94,  95,  96,  97,  98,  99,
    101, 102, 103, 104, 105, 106, 107, 108, 110, 113, 114, 115, 116, 117, 118, 119,
    120, 121, 123, 124, 125, 126, 127, 128, 131, 132, 133, 134, 135, 136, 137, 138,
    139, 140, 141, 142, 143, 144, 145, 147, 148, 149, 150, 151, 152, 153, 154, 155,
    158, 159, 160, 161, 162, 163, 164, 165, 166, 167, 168, 169, 170, 171, 174, 175,
    186, 187,   1,   2,   4,   6,   7,   8,   9,  10,  22,  23,  24,  25,  28,  29,
     32,  34,  35,  36,  37,  39,  40,  42,  43,  48,  57,  58,  60,  61,  62,  63,
     67,  72,  73,  74,  75,  79,  81,  82,  87,  88, 110, 134, 135, 136, 137, 141,
    166, 167, 168, 169, 170, 171, 172, 173, 174, 175, 186, 187,   1,   2,   4,   6,
      7,   8,   9,  10,  22,  23,  24,  25,  28,  29,  32,  34,  35,  36,  37,  39,
     40,  42,  43,  48,  57,  58,  60,  61,  62,  63,  67,  72,  73,  74,  75,  79,
     81,  82,  87,  88, 110, 134, 135, 136, 137, 141, 166, 167, 168, 169, 170, 171,
    172, 173, 174, 175, 186, 187,   1,   2,   4,   6,   7,   8,   9,  10,  22,  23,
     24,  25,  28,  29,  32,  34,  35,  36,  37,  39,  40,  42,  43,  48,  57,  58,
     60,  61,  62,  63,  67,  72,  73,  74,  75,  79,  81,  82,  87,  88, 110, 134,
    135, 136, 137, 141, 166, 167, 168, 169, 170, 171, 172, 173, 174, 175, 186, 187,
      2,   6,   7,   9,  24,  26,  27,  28,  30,  31,  32,  33,  34,  35,  36,  37,
     38,  39,  40,  42,  47,  48,  52,  67,  73,  74,  75,  79,  81,  85,  86,  87,
     88,  93,  94,  95, 101, 102, 103, 104, 105, 113, 114, 115, 116, 117, 121, 123,
    128, 131, 132, 136, 145, 147, 148, 151, 152, 158, 159, 160, 161, 163, 164, 165,
    169, 170, 171, 174, 175, 186, 187,   2,   6,   7,  24,  26,  27,  28,  30,  31,
     32,  33,  34,  35,  36,  37,  38,  39,  40,  42,  48,  57,  58,  64,  67,  73,
     75,  81,  82,  85,  86,  87,  88, 121, 123, 134, 135, 136, 137, 142, 143, 170,
    171, 174, 175, 186, 187,   2,   6,   7,  24,  26,  27,  28,  30,  31,  32,  33,
     34,  35,  36,  37,  38,  39,  40,  42,  48,  57,  58,  64,  67,  73,  75,  81,
     82,  85,  86,  87,  88, 121, 123, 134, 135, 136, 137, 142, 143, 170, 171, 174,
    175, 186, 187,   2,   6,   7,  24,  26,  27,  28,  30,  31,  32,  33,  34,  35,
     36,  37,  38,  39,  40,  42,  48,  57,  58,  64,  67,  73,  75,  81,  82,  85,
     86,  87,  88, 121, 123, 134, 135, 136, 137, 142, 143, 170, 171, 174, 175, 186,
    187,   2,   4,   6,   7,   8,   9,  10,  22,  23,  24,  25,  28,  29,  32,  34,
     35,  36,  37,  38,  39,  42,  46,  48,  58,  60,  62,  63,  72,  73,  74,  75,
     79,  81,  82,  87,  88, 110, 136, 137, 141, 166, 167, 168, 169, 170, 171, 172,
    173, 174, 175, 186, 187,   1,   2,   4,   6,   7,   8,   9,  10,  22,  23,  24,
     25,  28,  29,  32,  34,  35,  36,  37,  38,  39,  42,  43,  46,  48,  50,  53,
     58,  60,  62,  63,  67,  72,  73,  74,  75,  79,  81,  82,  87,  88,  96,  99,
    100, 109, 110, 122, 136, 137, 141, 166, 167, 168, 169, 170, 171, 172, 173, 174,
    175, 186, 187,   2,   4,   6,   7,   8,   9,  10,  22,  23,  24,  25,  28,  29,
     32,  34,  35,  36,  37,  38,  39,  42,  46,  48,  58,  60,  62,  63,  72,  73,
     74,  75,  79,  81,  82,  87,  88, 110, 136, 137, 141, 166, 167, 168, 169, 170,
    171, 172, 173, 174, 175, 186, 187,   1,   4,   6,   7,   8,   9,  10,  22,  23,
     24,  25,  28,  29,  32,  34,  35,  36,  37,  38,  39,  42,  46,  48,  50,  53,
     58,  60,  62,  63,  72,  73,  74,  75,  79,  81,  82,  87,  88, 109, 110, 122,
    136, 137, 141, 166, 167, 168, 169, 170, 171, 172, 173, 174, 175, 186, 187,   2,
      6,   7,  24,  26,  27,  28,  30,  31,  32,  33,  34,  35,  36,  37,  38,  39,
     40,  42,  43,  48,  57,  58,  67,  75,  82,  85,  86,  87,  88, 121, 123, 134,
    135, 136, 137, 170, 171, 174, 175, 186, 187,   2,   6,   7,  24,  26,  27,  28,
     30,  31,  32,  33,  34,  35,  36,  37,  38,  39,  40,  42,  43,  48,  57,  58,
     64,  67,  73,  75,  82,  85,  86,  87,  88, 121, 123, 134, 135, 136, 137, 142,
    143, 170, 171, 174, 175, 186, 187,   2,   6,   7,  24,  26,  27,  28,  30,  31,
     32,  33,  34,  35,  36,  37,  38,  39,  40,  42,  43,  48,  57,  58,  64,  67,
     73,  75,  82,  85,  86,  87,  88, 121, 123, 134, 135, 136, 137, 142, 143, 170,
    171, 174, 175, 186, 187,   2,   6,   7,  24,  26,  27,  28,  30,  31,  32,  33,
     34,  35,  36,  37,  38,  39,  40,  42,  43,  48,  57,  58,  64,  67,  73,  75,
     82,  85,  86,  87,  88, 121, 123, 134, 135, 136, 137, 142, 143, 170, 171, 174,
    175, 186, 187,   2,   6,   7,  24,  26,  27,  28,  30,  31,  32,  33,  34,  35,
     36,  37,  38,  39,  40,  42,  43,  48,  57,  58,  64,  67,  73,  75,  82,  85,
     86,  87,  88, 121, 123, 134, 135, 136, 137, 142, 143, 170, 171, 174, 175, 186,
    187,   2,   6,   7,  24,  26,  27,  28,  30,  31,  32,  33,  34,  35,  36,  37,
     38,  39,  40,  42,  43,  48,  57,  58,  64,  67,  73,  75,  82,  85,  86,  87,
     88, 121, 123, 134, 135, 136, 137, 142, 143, 170, 171, 174, 175, 186, 187,   0,
      1,   2,   4,   7,   9,  11,  12,  14,  15,  16,  17,  18,  19,  20,  21,  24,
     25,  26,  28,  29,  32,  33,  34,  35,  36,  37,  39,  40,  42,  43,  45,  46,
     47,  48,  49,  51,  52,  54,  55,  56,  57,  58,  59,  60,  61,  63,  64,  67,
     72,  73,  74,  75,  79,  81,  82,  87,  88,  89,  90,  91,  92,  93,  94,  95,
     96,  97,  98,  99, 100, 101, 102, 103, 104, 105, 106, 107, 108, 110, 111, 112,
    113, 114, 115, 116, 117, 118, 119, 120, 124, 125, 126, 127, 128, 129, 130, 131,
    132, 133, 134, 135, 136, 137, 138, 139, 140, 141, 142, 143, 144, 145, 146, 147,
    148, 149, 150, 151, 152, 153, 154, 155, 156, 157, 158, 159, 160, 161, 162, 163,
    164, 165, 166, 167, 168, 169, 170, 171, 174, 175, 176, 186, 187,   1,   2,   4,
      6,   7,   8,   9,  10,  22,  23,  24,  25,  28,  29,  32,  34,  35,  36,  37,
     39,  40,  42,  43,  48,  52,  57,  58,  60,  61,  63,  67,  72,  73,  74,  75,
     79,  81,  87,  88, 110, 128, 134, 135, 136, 137, 141, 166, 167, 168, 169, 170,
    171, 172, 173, 174, 175, 186, 187,   2,   6,   7,   9,  24,  26,  27,  28,  30,
     31,  32,  33,  34,  35,  36,  37,  38,  39,  40,  42,  46,  47,  48,  50,  67,
     73,  74,  75,  79,  81,  85,  86,  87,  88,  93,  94,  95, 101, 102, 103, 104,
    105, 109, 113, 114, 115, 116, 117, 121, 122, 123, 131, 132, 136, 145, 147, 148,
    151, 152, 158, 159, 160, 161, 163, 164, 165, 169, 170, 171, 174, 175, 186, 187,
      2,   6,   7,   9,  24,  26,  27,  28,  30,  31,  32,  33,  34,  35,  36,  37,
     38,  39,  40,  42,  47,  48,  67,  73,  74,  75,  79,  81,  85,  86,  87,  88,
     93,  94,  95, 101, 102, 103, 104, 105, 113, 114, 115, 116, 117, 121, 123, 131,
    132, 136, 145, 147, 148, 151, 152, 158, 159, 160, 161, 163, 164, 165, 169, 170,
    171, 174, 175, 186, 187,   2,   6,   7,   9,  24,  26,  27,  28,  30,  31,  32,
     33,  34,  35,  36,  37,  38,  39,  40,  42,  47,  48,  67,  73,  74,  75,  79,
     81,  85,  86,  87,  88,  93,  94,  95, 101, 102, 103, 104, 105, 113, 114, 115,
    116, 117, 121, 123, 131, 132, 136, 145, 147, 148, 151, 152, 158, 159, 160, 161,
    163, 164, 165, 169, 170, 171, 174, 175, 186, 187,   0,   1,   2,   4,   6,   7,
      8,   9,  10,  24,  43,  46,  48,  50,  51,  52,  53,  54,  55,  56,  58,  60,
     61,  63,  67,  72,  74,  75,  82,  88,  96,  97,  98,  99, 109, 110, 122, 124,
    125, 126, 127, 128, 133, 137, 141, 143, 149, 150, 153, 154, 162, 166, 167, 168,
    169, 170, 171, 172, 173, 186, 187,   1,   2,   4,   6,   7,   8,   9,  10,  22,
     23,  24,  25,  28,  29,  32,  34,  35,  36,  37,  39,  42,  46,  48,  50,  53,
     57,  58,  60,  61,  62,  63,  72,  73,  74,  75,  79,  81,  82,  87,  88, 109,
    110, 122, 124, 134, 135, 136, 137, 141, 160, 166, 167, 168, 169, 170, 171, 172,
    173, 174, 175, 186, 187,   2,   6,   7,  24,  26,  27,  28,  30,  31,  32,  33,
     34,  35,  36,  37,  38,  39,  40,  42,  48,  57,  58,  64,  67,  73,  75,  81,
     82,  85,  86,  87,  88, 121, 123, 134, 135, 136, 137, 142, 143, 170, 171, 174,
    175, 186, 187,   2,   6,   7,  24,  26,  27,  28,  30,  31,  32,  33,  34,  35,
     36,  37,  38,  39,  40,  42,  48,  57,  58,  64,  67,  73,  75,  81,  82,  85,
     86,  87,  88, 121, 123, 134, 135, 136, 137, 142, 143, 170, 171, 174, 175, 186,
    187,   7,  26,  36,  37,  38,  39,  46,  48,  49,  51,  52,  54,  55,  56,  58,
     59,  60,  61,  63,  64,  88,  96,  97,  98,  99, 106, 107, 108, 110, 118, 119,
    120, 122, 124, 125, 126, 127, 128, 133, 137, 138, 139, 140, 141, 142, 143, 144,
    149, 150, 153, 154, 155, 160, 162, 164, 166, 167, 168, 174, 186, 187,   2,   6,
      7,  24,  26,  27,  28,  30,  31,  32,  33,  34,  35,  36,  37,  38,  39,  40,
     42,  48,  52,  57,  58,  64,  67,  73,  75,  81,  82,  85,  86,  87,  88, 121,
    123, 128, 134, 135, 136, 137, 142, 143, 170, 171, 174, 175, 186, 187,   2,   6,
      7,  24,  26,  27,  28,  30,  31,  32,  33,  34,  35,  36,  37,  38,  39,  40,
     42,  48,  57,  58,  64,  67,  73,  75,  81,  82,  85,  86,  87,  88, 121, 123,
    134, 135, 136, 137, 142, 143, 170, 171, 174, 175, 186, 187,   2,   4,   7,   9,
     12,  16,  18,  25,  28,  32,  45,  46,  47,  48,  49,  50,  51,  52,  53,  54,
     55,  56,  57,  58,  59,  60,  61,  62,  63,  64,  74,  79,  82,  87,  88,  89,
     90,  91,  92,  93,  94,  95,  96,  97,  98,  99, 100, 101, 102, 103, 104, 105,
    106, 107, 108, 109, 110, 111, 112, 113, 114, 115, 116, 117, 118, 119, 120, 122,
    124, 125, 126, 127, 128, 130, 131, 132, 133, 134, 135, 137, 138, 139, 140, 141,
    142, 143, 144, 145, 146, 147, 148, 149, 150, 151, 152, 153, 154, 155, 156, 157,
    158, 159, 160, 161, 162, 163, 164, 165, 166, 167, 168, 169, 186, 187,   2,   4,
      6,   7,   8,   9,  10,  22,  23,  24,  25,  28,  29,  32,  34,  35,  36,  37,
     38,  39,  42,  46,  48,  50,  53,  58,  60,  62,  63,  72,  73,  74,  75,  79,
     81,  82,  87,  88, 109, 110, 122, 136, 137, 141, 166, 167, 168, 169, 170, 171,
    172, 173, 174, 175, 186, 187,   2,   4,   6,   7,   8,   9,  10,  22,  23,  24,
     25,  28,  29,  32,  34,  35,  36,  37,  38,  39,  42,  46,  48,  50,  53,  58,
     60,  62,  63,  72,  73,  74,  75,  79,  81,  82,  87,  88, 109, 110, 122, 136,
    137, 141, 166, 167, 168, 169, 170, 171, 172, 173, 174, 175, 186, 187,   2,   4,
      6,   7,   8,   9,  10,  22,  23,  24,  25,  28,  29,  32,  34,  35,  36,  37,
     38,  39,  42,  43,  46,  48,  50,  58,  60,  62,  63,  72,  73,  74,  75,  79,
     81,  82,  87,  88, 109, 110, 122, 136, 137, 141, 166, 167, 168, 169, 170, 171,
    172, 173, 174, 175, 186, 187,   2,   4,   7,   9,  12,  16,  18,  25,  28,  32,
     45,  46,  47,  48,  49,  50,  51,  52,  53,  54,  55,  56,  57,  58,  59,  60,
     61,  62,  63,  64,  74,  79,  82,  87,  88,  89,  90,  91,  92,  93,  94,  95,
     96,  97,  98,  99, 100, 101, 102, 103, 104, 105, 106, 107, 108, 109, 110, 111,
    112, 113, 114, 115, 116, 117, 118, 119, 120, 122, 124, 125, 126, 127, 128, 130,
    131, 132, 133, 134, 135, 137, 138, 139, 140, 141, 142, 143, 144, 145, 146, 147,
    148, 149, 150, 151, 152, 153, 154, 155, 156, 157, 158, 159, 160, 161, 162, 163,
    164, 165, 166, 167, 168, 169, 186, 187,   2,   4,   6,   7,   8,   9,  10,  22,
     23,  24,  25,  28,  29,  32,  34,  35,  36,  37,  38,  39,  42,  46,  48,  52,
     58,  60,  62,  63,  72,  73,  74,  75,  79,  81,  82,  87,  88, 110, 128, 136,
    137, 141, 166, 167, 168, 169, 170, 171, 172, 173, 174, 175, 186, 187,   2,   7,
     27,  28,  30,  31,  32,  33,  35,  40,  50,  52,  53,  63,  75,  82,  85,  86,
     87, 109, 110, 121, 122, 123, 128, 141, 149, 166, 167, 168, 170,   0,   2,   7,
      8,  10,  13,  14,  16,  19,  21,  22,  23,  24,  28,  29,  32,  33,  34,  35,
     36,  37,  39,  40,  42,  46,  48,  50,  51,  52,  53,  54,  55,  56,  58,  59,
     60,  61,  63,  64,  72,  73,  74,  75,  81,  87,  88,  96,  97,  98,  99, 106,
    107, 108, 109, 110, 122, 124, 125, 126, 127, 128, 133, 136, 137, 138, 139, 140,
    141, 142, 143, 149, 150, 153, 154, 155, 162, 166, 167, 168, 170, 171, 172, 173,
    174, 175, 186, 187,   0,   1,   2,   4,   6,   7,   8,   9,  10,  24,  43,  46,
     48,  50,  51,  52,  53,  58,  62,  63,  67,  72,  74,  75,  88,  96,  97,  98,
     99, 109, 110, 114, 122, 124, 125, 126, 127, 128, 135, 137, 141, 143, 149, 150,
    162, 166, 167, 168, 169, 170, 171, 172, 173, 186, 187,   2,   4,   6,   7,   9,
     24,  48,  63,  67,  74,  75,  88, 110, 130, 141, 166, 167, 168, 169, 170, 171,
    186, 187,   1,   2,   4,   6,   7,   8,   9,  10,  22,  23,  24,  25,  28,  29,
     32,  34,  35,  36,  37,  38,  39,  40,  42,  43,  48,  58,  60,  62,  63,  67,
     72,  73,  74,  75,  79,  81,  87,  88, 110, 136, 137, 141, 166, 167, 168, 169,
    170, 171, 172, 173, 174, 175, 186, 187,   2,   4,   7,  24,  48,  52,  75,  82,
     88, 128, 170, 171, 186, 187,   2,   6,   7,  24,  26,  27,  28,  30,  31,  32,
     33,  34,  35,  36,  37,  38,  39,  40,  42,  43,  48,  57,  58,  64,  67,  73,
     75,  82,  85,  86,  87,  88, 121, 123, 134, 135, 136, 137, 142, 143, 170, 171,
    174, 175, 186, 187,   2,   6,   7,  24,  26,  27,  28,  30,  31,  32,  33,  34,
     35,  36,  37,  38,  39,  40,  42,  43,  48,  57,  58,  64,  67,  73,  75,  82,
     85,  86,  87,  88, 121, 123, 134, 135, 136, 137, 142, 143, 170, 171, 174, 175,
    186, 187,   2,   6,   7,  24,  26,  27,  28,  30,  31,  32,  33,  34,  35,  36,
     37,  38,  39,  40,  42,  46,  48,  50,  57,  58,  64,  67,  73,  75,  82,  85,
     86,  87,  88, 109, 121, 122, 123, 134, 135, 136, 137, 142, 143, 170, 171, 174,
    175, 186, 187,   2,   4,   6,   7,   9,  24,  26,  27,  28,  30,  31,  32,  33,
     34,  35,  36,  37,  38,  39,  40,  42,  46,  48,  50,  54,  55,  56,  57,  58,
     63,  64,  67,  73,  74,  75,  79,  81,  85,  86,  87,  88, 109, 110, 121, 122,
    123, 130, 133, 134, 135, 136, 137, 141, 142, 143, 153, 154, 166, 167, 168, 169,
    170, 171, 174, 175, 176, 186, 187,   2,   4,   6,   7,   9,  24,  26,  27,  28,
     30,  31,  32,  33,  34,  35,  36,  37,  38,  39,  40,  42,  48,  54,  55,  56,
     57,  58,  63,  64,  67,  73,  74,  75,  79,  81,  85,  86,  87,  88, 110, 121,
    123, 130, 133, 134, 135, 136, 137, 141, 142, 143, 153, 154, 166, 167, 168, 169,
    170, 171, 174, 175, 176, 186, 187,   2,   4,   6,   7,   9,  24,  26,  27,  28,
     30,  31,  32,  33,  34,  35,  36,  37,  38,  39,  40,  42,  48,  52,  54,  55,
     56,  57,  58,  63,  64,  67,  73,  74,  75,  79,  81,  85,  86,  87,  88, 110,
    121, 123, 128, 130, 133, 134, 135, 136, 137, 141, 142, 143, 153, 154, 166, 167,
    168, 169, 170, 171, 174, 175, 176, 186, 187,   2,   4,   6,   7,   9,  24,  26,
     27,  28,  30,  31,  32,  33,  34,  35,  36,  37,  38,  39,  40,  42,  48,  54,
     55,  56,  57,  58,  63,  64,  67,  73,  74,  75,  79,  81,  85,  86,  87,  88,
    110, 121, 123, 130, 133, 134, 135, 136, 137, 141, 142, 143, 153, 154, 166, 167,
    168, 169, 170, 171, 174, 175, 176, 186, 187,   2,   6,   7,   9,  24,  26,  27,
     31,  34,  35,  36,  37,  38,  39,  40,  42,  52,  60,  61,  74,  79,  81,  85,
     86, 121, 123, 128, 130, 136, 169, 170, 171, 174, 176, 180,   1,   2,   6,   7,
      9,  24,  26,  27,  31,  34,  35,  36,  37,  38,  39,  40,  42,  43,  46,  48,
     50,  51,  52,  53,  58,  60,  61,  67,  74,  75,  79,  81,  85,  86,  88,  96,
     97,  98,  99, 109, 114, 117, 121, 122, 123, 124, 125, 126, 127, 128, 130, 135,
    136, 137, 143, 149, 150, 162, 169, 170, 171, 174, 176, 180, 186, 187,   0,   1,
      2,   4,   7,   8,   9,  10,  11,  16,  22,  23,  24,  26,  28,  29,  32,  38,
     45,  46,  47,  48,  49,  50,  51,  52,  54,  55,  56,  57,  59,  60,  61,  62,
     63,  64,  74,  79,  82,  84,  87,  88,  89,  90,  91,  92,  93,  94,  95,  96,
     97,  98,  99, 100, 101, 102, 103, 104, 105, 106, 107, 108, 109, 110, 111, 112,
    113, 114, 115, 116, 117, 118, 119, 120, 122, 124, 125, 126, 127, 128, 131, 132,
    133, 134, 135, 137, 138, 139, 140, 141, 142, 143, 144, 145, 146, 147, 148, 149,
    150, 151, 152, 153, 154, 155, 156, 157, 158, 159, 160, 161, 162, 163, 164, 165,
    166, 167, 168, 169, 170, 171, 172, 173, 176, 180, 186, 187,   1,   2,   4,   6,
      7,   8,   9,  10,  22,  23,  24,  25,  28,  29,  32,  34,  35,  36,  37,  39,
     42,  43,  48,  57,  60,  62,  63,  67,  72,  73,  74,  75,  79,  81,  82,  87,
     88, 110, 134, 135, 136, 141, 166, 167, 168, 169, 170, 171, 172, 173, 174, 175,
    186, 187,   1,   2,   4,   6,   7,   8,   9,  10,  22,  23,  24,  25,  28,  29,
     32,  34,  35,  36,  37,  39,  42,  43,  48,  49,  52,  57,  60,  62,  63,  72,
     73,  74,  75,  79,  81,  82,  87,  88, 110, 118, 119, 120, 128, 134, 135, 136,
    141, 144, 166, 167, 168, 169, 170, 171, 172, 173, 174, 175, 186, 187,   0,   2,
      4,   6,   7,   9,  24,  25,  26,  27,  28,  29,  30,  31,  32,  33,  34,  35,
     36,  37,  38,  39,  40,  42,  47,  48,  49,  54,  55,  56,  58,  59,  60,  61,
     63,  64,  67,  73,  74,  75,  79,  81,  82,  85,  86,  87,  88,  93,  94,  95,
    101, 102, 103, 104, 105, 106, 107, 108, 110, 113, 114, 115, 116, 117, 118, 119,
    120, 121, 123, 130, 131, 132, 133, 136, 137, 138, 139, 140, 141, 142, 143, 144,
    145, 147, 148, 151, 152, 153, 154, 155, 158, 159, 160, 161, 163, 164, 165, 166,
    167, 168, 169, 170, 171, 172, 173, 174, 175, 176, 186, 187,   7,   8,  10,  24,
     26,  29,  34,  36,  37,  38,  39,  40,  48,  82,  88, 136, 172, 173, 186, 187,
      6,  82, 170,   0,   1,   2,   4,   6,   7,   8,   9,  10,  22,  23,  24,  26,
     27,  29,  31,  34,  35,  36,  37,  38,  39,  40,  43,  45,  46,  47,  48,  49,
     50,  51,  52,  53,  54,  55,  56,  57,  58,  59,  60,  61,  62,  63,  64,  67,
     74,  82,  85,  86,  88,  89,  90,  91,  92,  93,  94,  95,  96,  97,  98,  99,
    101, 102, 103, 104, 105, 106, 107, 108, 109, 110, 111, 112, 113, 114, 115, 116,
    117, 118, 119, 120, 121, 122, 123, 124, 125, 126, 127, 128, 131, 132, 133, 134,
    135, 136, 137, 138, 139, 140, 141, 142, 143, 144, 145, 146, 147, 148, 149, 150,
    151, 152, 153, 154, 155, 156, 157, 158, 159, 160, 161, 162, 163, 164, 165, 166,
    167, 168, 169, 171, 172, 173, 186, 187,   2,   9,  24,  46,  48,  50,  53,  58,
     63,  72,  74,  75,  88, 109, 110, 122, 137, 141, 166, 167, 168, 169, 170, 171,
    186, 187,   2,   6,   7,  24,  26,  27,  28,  30,  31,  32,  33,  34,  35,  36,
     37,  38,  39,  40,  42,  43,  48,  57,  58,  64,  67,  73,  75,  82,  85,  86,
     87,  88, 121, 123, 134, 135, 136, 137, 142, 143, 170, 171, 174, 175, 186, 187,
      2,   6,   7,  24,  26,  27,  28,  30,  31,  32,  33,  34,  35,  36,  37,  38,
     39,  40,  42,  48,  57,  58,  64,  67,  73,  75,  81,  82,  85,  86,  87,  88,
    121, 123, 134, 135, 136, 137, 142, 143, 170, 171, 174, 175, 186, 187,   2,   4,
      6,   7,   8,   9,  10,  22,  23,  24,  25,  28,  29,  32,  34,  35,  36,  37,
     38,  39,  42,  46,  48,  58,  60,  62,  63,  72,  73,  74,  75,  79,  81,  82,
     87,  88, 110, 136, 137, 141, 166, 167, 168, 169, 170, 171, 172, 173, 174, 175,
    186, 187,   2,   4,   6,   7,   8,   9,  10,  22,  23,  24,  25,  28,  29,  32,
     34,  35,  36,  37,  38,  39,  42,  46,  48,  58,  60,  62,  63,  72,  73,  74,
     75,  79,  81,  82,  87,  88, 110, 136, 137, 141, 166, 167, 168, 169, 170, 171,
    172, 173, 174, 175, 186, 187,   2,   6,   7,  24,  26,  27,  28,  30,  31,  32,
     33,  34,  35,  36,  37,  38,  39,  40,  42,  43,  48,  57,  58,  64,  67,  73,
     75,  82,  85,  86,  87,  88, 121, 123, 134, 135, 136, 137, 142, 143, 170, 171,
    174, 175, 186, 187,   2,   4,   6,   7,   9,  24,  26,  27,  28,  30,  31,  32,
     33,  34,  35,  36,  37,  38,  39,  40,  42,  48,  52,  54,  55,  56,  57,  58,
     63,  64,  67,  73,  74,  75,  79,  81,  85,  86,  87,  88, 110, 121, 123, 128,
    130, 133, 134, 135, 136, 137, 141, 142, 143, 153, 154, 166, 167, 168, 169, 170,
    171, 174, 175, 176, 186, 187,   1,   2,   4,   6,   7,   8,   9,  10,  22,  23,
     24,  25,  28,  29,  32,  34,  35,  36,  37,  39,  40,  42,  43,  46,  48,  50,
     53,  57,  58,  60,  61,  62,  63,  67,  72,  73,  74,  75,  79,  81,  82,  87,
     88, 109, 110, 122, 134, 135, 136, 137, 141, 166, 167, 168, 169, 170, 171, 172,
    173, 174, 175, 186, 187,   1,   2,   4,   6,   7,   8,   9,  10,  22,  23,  24,
     25,  28,  29,  32,  34,  35,  36,  37,  39,  40,  42,  43,  46,  48,  50,  53,
     57,  58,  60,  61,  62,  63,  67,  72,  73,  74,  75,  79,  81,  82,  87,  88,
    109, 110, 122, 134, 135, 136, 137, 141, 166, 167, 168, 169, 170, 171, 172, 173,
    174, 175, 186, 187,   2,   6,   7,  24,  26,  27,  28,  30,  31,  32,  33,  34,
     35,  36,  37,  38,  39,  40,  42,  48,  52,  57,  58,  64,  67,  73,  75,  81,
     82,  85,  86,  87,  88, 121, 123, 128, 134, 135, 136, 137, 142, 143, 170, 171,
    174, 175, 186, 187,   2,   6,   7,  24,  26,  27,  28,  30,  31,  32,  33,  34,
     35,  36,  37,  38,  39,  40,  42,  48,  57,  58,  64,  67,  73,  75,  81,  82,
     85,  86,  87,  88, 121, 123, 134, 135, 136, 137, 142, 143, 170, 171, 174, 175,
    186, 187,   1,   2,   6,   7,  26,  27,  28,  30,  31,  32,  33,  34,  35,  36,
     37,  38,  39,  40,  42,  43,  46,  48,  50,  53,  57,  58,  64,  67,  73,  75,
     81,  82,  85,  86,  87,  88, 109, 121, 122, 123, 134, 135, 136, 137, 142, 143,
    170, 171, 174, 175, 186, 187,   1,   2,   6,   7,  24,  26,  27,  28,  30,  31,
     32,  33,  34,  35,  36,  37,  38,  39,  40,  42,  43,  46,  48,  50,  53,  57,
     58,  64,  67,  73,  81,  82,  85,  86,  87,  88, 109, 121, 122, 123, 134, 135,
    136, 137, 142, 143, 170, 171, 174, 175, 186, 187,   2,   6,   7,  24,  26,  27,
     28,  30,  31,  32,  33,  34,  35,  36,  37,  38,  39,  40,  42,  48,  52,  57,
     58,  64,  67,  73,  75,  81,  82,  85,  86,  87,  88, 121, 123, 128, 134, 135,
    136, 137, 142, 143, 170, 171, 174, 175, 186, 187,   2,   4,   6,   7,   8,   9,
     10,  22,  23,  24,  25,  28,  29,  32,  34,  35,  36,  37,  38,  39,  42,  46,
     48,  58,  60,  62,  63,  72,  73,  74,  75,  79,  81,  82,  87,  88, 110, 136,
    137, 141, 166, 167, 168, 169, 170, 171, 172, 173, 174, 175, 186, 187,   2,   4,
      7,   9,  12,  16,  18,  25,  28,  32,  45,  46,  47,  48,  49,  50,  51,  52,
     53,  54,  55,  56,  57,  58,  59,  60,  61,  62,  63,  64,  74,  79,  82,  87,
     88,  89,  90,  91,  92,  93,  94,  95,  96,  97,  98,  99, 100, 101, 102, 103,
    104, 105, 106, 107, 108, 109, 110, 111, 112, 113, 114, 115, 116, 117, 118, 119,
    120, 122, 124, 125, 126, 127, 128, 130, 131, 132, 133, 134, 135, 137, 138, 139,
    140, 141, 142, 143, 144, 145, 146, 147, 148, 149, 150, 151, 152, 153, 154, 155,
    156, 157, 158, 159, 160, 161, 162, 163, 164, 165, 166, 167, 168, 169, 186, 187,
      2,   4,   6,   7,   8,   9,  10,  22,  23,  24,  25,  28,  29,  32,  34,  35,
     36,  37,  38,  39,  42,  46,  48,  52,  58,  60,  62,  63,  72,  73,  74,  75,
     79,  81,  82,  87,  88, 110, 128, 136, 137, 141, 166, 167, 168, 169, 170, 171,
    172, 173, 174, 175, 186, 187,   2,   6,   7,  24,  26,  27,  28,  30,  31,  32,
     33,  34,  35,  36,  37,  38,  39,  40,  42,  43,  46,  48,  50,  53,  57,  58,
     64,  67,  73,  75,  82,  85,  86,  87,  88, 109, 121, 122, 123, 134, 135, 136,
    137, 142, 143, 170, 171, 174, 175, 186, 187,   1,   2,   6,   7,  24,  26,  27,
     28,  30,  31,  32,  33,  34,  35,  36,  37,  38,  39,  40,  42,  43,  46,  48,
     50,  53,  57,  58,  64,  67,  73,  75,  82,  85,  86,  87,  88, 109, 121, 122,
    123, 134, 135, 136, 137, 142, 143, 170, 171, 174, 175, 186, 187,   0,   1,   2,
      4,   6,   7,   8,   9,  10,  22,  23,  24,  26,  27,  29,  31,  34,  35,  36,
     37,  38,  39,  40,  43,  45,  46,  47,  48,  49,  50,  51,  52,  53,  54,  55,
     56,  57,  58,  59,  60,  61,  62,  63,  64,  67,  74,  82,  85,  86,  88,  89,
     90,  91,  92,  93,  94,  95,  96,  97,  98,  99, 101, 102, 103, 104, 105, 106,
    107, 108, 109, 110, 111, 112, 113, 114, 115, 116, 117, 118, 119, 120, 121, 122,
    123, 124, 125, 126, 127, 128, 131, 132, 133, 134, 135, 136, 137, 138, 139, 140,
    141, 142, 143, 144, 145, 146, 147, 148, 149, 150, 151, 152, 153, 154, 155, 156,
    157, 158, 159, 160, 161, 162, 163, 164, 165, 166, 167, 168, 169, 171, 172, 173,
    186, 187,   0,   2,   6,   7,   8,  23,  24,  26,  27,  30,  31,  33,  34,  35,
     36,  37,  38,  39,  40,  42,  43,  52,  67,  75,  82,  85,  86, 121, 123, 128,
    136, 170, 171, 172, 173, 174, 175, 176,   2,   6,   7,   8,  10,  13,  14,  15,
     17,  19,  21,  22,  23,  26,  27,  28,  29,  30,  31,  32,  34,  35,  36,  37,
     38,  39,  40,  41,  43,  48,  51,  52,  54,  55,  56,  57,  58,  59,  60,  61,
     62,  64,  67,  82,  84,  85,  86,  87,  88,  96,  97,  98,  99, 106, 107, 108,
    121, 123, 124, 125, 126, 127, 128, 133, 134, 135, 136, 137, 138, 139, 140, 142,
    143, 149, 150, 153, 154, 155, 162, 170, 171, 172, 173, 177, 186, 187,   2,   6,
      7,   8,  10,  13,  14,  15,  17,  19,  21,  22,  23,  26,  27,  28,  29,  30,
     31,  32,  34,  35,  36,  37,  38,  39,  40,  41,  43,  48,  51,  52,  54,  55,
     56,  57,  58,  59,  60,  61,  62,  64,  67,  82,  84,  85,  86,  87,  88,  96,
     97,  98,  99, 106, 107, 108, 121, 123, 124, 125, 126, 127, 128, 133, 134, 135,
    136, 137, 138, 139, 140, 142, 143, 149, 150, 153, 154, 155, 162, 170, 171, 172,
    173, 177, 186, 187,   0,   4,   7,   8,   9,  10,  16,  19,  26,  29,  36,  37,
     38,  39,  45,  46,  47,  48,  49,  50,  51,  52,  53,  57,  58,  59,  60,  61,
     62,  64,  65,  68,  74,  82,  83,  84,  88,  89,  90,  91,  92,  93,  94,  95,
     96,  97,  98,  99, 101, 102, 103, 104, 105, 106, 107, 108, 109, 111, 112, 113,
    114, 115, 116, 117, 118, 119, 120, 122, 124, 125, 126, 127, 128, 130, 131, 132,
    133, 134, 137, 138, 139, 140, 142, 143, 144, 145, 146, 147, 148, 149, 150, 151,
    152, 153, 155, 156, 157, 158, 159, 160, 161, 162, 163, 165, 169, 172, 173, 186,
    187,   0,   4,   8,   9,  10,  13,  14,  16,  19,  21,  22,  23,  26,  29,  30,
     34,  36,  37,  38,  39,  40,  45,  46,  47,  48,  49,  50,  51,  52,  53,  54,
     55,  56,  57,  58,  59,  60,  61,  62,  63,  64,  65,  68,  74,  80,  82,  83,
     84,  88,  89,  90,  91,  92,  93,  94,  95,  96,  97,  98,  99, 100, 101, 102,
    103, 104, 105, 106, 107, 108, 109, 110, 111, 112, 113, 114, 115, 116, 117, 118,
    119, 120, 122, 124, 125, 126, 127, 128, 129, 130, 131, 132, 133, 134, 135, 136,
    137, 138, 139, 140, 141, 142, 143, 144, 145, 146, 147, 148, 149, 151, 152, 153,
    154, 155, 156, 157, 158, 159, 160, 161, 162, 163, 164, 165, 166, 167, 168, 169,
    172, 173, 186, 187,   0,   2,   4,   5,   6,   7,   9,  12,  13,  14,  15,  16,
     18,  19,  20,  21,  24,  25,  26,  28,  29,  32,  33,  34,  35,  36,  37,  38,
     39,  40,  42,  45,  46,  47,  48,  49,  51,  52,  54,  55,  56,  58,  59,  60,
     61,  63,  64,  65,  66,  67,  68,  72,  74,  75,  79,  84,  87,  88,  89,  90,
     91,  92,  93,  94,  95,  96,  97,  98,  99, 100, 101, 102, 103, 104, 105, 106,
    107, 108, 110, 111, 112, 113, 114, 115, 116, 117, 118, 119, 120, 124, 125, 126,
    127, 128, 130, 131, 132, 133, 136, 137, 138, 139, 140, 141, 142, 143, 144, 145,
    146, 147, 148, 149, 150, 151, 152, 153, 154, 155, 156, 157, 158, 159, 160, 161,
    162, 163, 164, 165, 166, 167, 168, 169, 170, 171, 177, 186, 187,   0,   2,   4,
      5,   6,   7,   9,  12,  13,  14,  15,  16,  18,  19,  20,  21,  24,  25,  26,
     28,  29,  32,  33,  34,  35,  36,  37,  38,  39,  40,  42,  45,  46,  47,  48,
     49,  51,  52,  54,  55,  56,  58,  59,  60,  61,  63,  64,  65,  66,  67,  68,
     72,  74,  75,  79,  84,  87,  89,  90,  91,  92,  93,  94,  95,  96,  97,  98,
     99, 100, 101, 102, 103, 104, 105, 106, 107, 108, 110, 111, 112, 113, 114, 115,
    116, 117, 118, 119, 120, 124, 125, 126, 127, 128, 130, 131, 132, 133, 136, 137,
    138, 139, 140, 141, 142, 143, 144, 145, 146, 147, 148, 149, 150, 151, 152, 153,
    154, 155, 156, 157, 158, 159, 160, 161, 162, 163, 164, 165, 166, 167, 168, 169,
    170, 171, 177, 186, 187,  48,  58,  67,  88, 137, 186, 187,   6,  48,  58,  67,
     88, 137, 186, 187,  26,  33,  34,  36,  37,  38,  39,  40,  48,  57,  58,  60,
     61,  62,  63,  64,  88, 110, 134, 135, 136, 137, 141, 142, 143, 166, 167, 168,
    186, 187,   0,   1,   2,   4,   5,   6,   7,   8,   9,  10,  13,  16,  18,  19,
     22,  23,  24,  43,  65,  67,  68,  74,  82,  83, 169, 171, 172, 173,  19,  21,
     46,  48,  50,  51,  52,  58,  59,  88,  96,  97,  98,  99, 106, 107, 108, 109,
    122, 124, 125, 126, 127, 128, 137, 138, 139, 140, 149, 150, 155, 162, 186, 187,
     34,  40,  48,  51,  52,  58,  61,  88,  96,  97,  98,  99, 124, 125, 126, 127,
    128, 136, 137, 149, 150, 162, 186, 187,  16,  16,  19,  16,  19,  21,   0,   1,
      2,   4,   6,   7,   8,   9,  10,  24,  25,  26,  27,  28,  29,  30,  31,  32,
     33,  34,  35,  36,  37,  38,  39,  40,  42,  43,  45,  47,  48,  51,  52,  54,
     55,  56,  58,  60,  61,  66,  67,  72,  73,  74,  75,  77,  78,  79,  80,  81,
     85,  86,  87,  88,  89,  90,  91,  92,  93,  94,  95,  96,  97,  98,  99, 100,
    101, 103, 104, 105, 106, 108, 110, 111, 112, 113, 114, 115, 116, 117, 118, 119,
    120, 121, 122, 123, 124, 125, 126, 127, 128, 130, 131, 132, 133, 134, 135, 136,
    137, 138, 139, 140, 141, 142, 143, 144, 145, 147, 148, 149, 150, 151, 152, 153,
    154, 155, 156, 157, 159, 160, 161, 162, 163, 164, 165, 166, 167, 168, 169, 170,
    171, 172, 173, 174, 175, 176, 179, 180, 186, 187,   2,   4,   6,   7,   8,   9,
     10,  22,  23,  24,  25,  28,  29,  32,  34,  35,  36,  37,  38,  39,  42,  46,
     48,  58,  60,  62,  63,  72,  73,  74,  75,  79,  81,  82,  87,  88, 110, 136,
    137, 141, 166, 167, 168, 169, 170, 171, 172, 173, 174, 175, 186, 187,
};

static const int8_t libron_12_bolditalicKernSparseValues[] = {
     -12,  -12,   -5,   -5,   -6,   -9,  -12,  -12,  -13,  -13,  -11,   -8,  -12,  -11,   -3,  -11,
     -10,   -6,   -3,  -11,  -10,   -6,  -25,   -6,    2,    1,   -6,   -6,   -6,  -12,  -12,   -9,
      -9,  -12,  -10,  -10,  -12,   -9,    1,    1,  -43,  -26,  -43,    2,  -10,  -28,  -31,    1,
       2,   11,    7,    3,    7,    2,  -14,   19,   -8,    2,   -5,   13,   -1,   10,   -2,   -2,
      -2,   -2,    2,   -2,   -1,   -1,  -10,   -4,   -4,    1,   -2,  -22,   -2,  -34,  -36,    2,
     -14,  -14,  -14,  -14,  -11,  -15,  -11,    5,   -1,    1,    6,  -15,   -8,   -8,  -14,   -8,
      -2,   -2,   -2,   27,  -14,  -14,  -14,  -13,  -15,  -14,  -14,  -10,   -9,   -5,   21,    1,
       2,   -1,    6,    5,   -8,   -8,   -2,   -1,    1,    3,   -2,   -2,   -2,   -4,   -7,   -9,
      -8,  -25,    1,  -15,   31,   -7,   -8,    4,   -2,   -2,  -23,  -14,   -8,  -15,   10,  -14,
      -1,   -8,    2,   -8,  -26,  -43,  -43,    2,    2,  -14,   -5,   -7,    4,    3,    2,   -9,
      -8,  -21,  -15,    4,  -27,    9,   11,    2,    2,    2,    8,    2,    3,   -1,    8,    9,
       9,    9,    9,    1,    8,    8,    8,    9,    9,    9,    9,   11,    2,   -9,    8,    8,
       8,    1,    9,    9,    2,    2,    8,    9,   -2,   -1,   -1,    3,   -9,  -11,   -7,  -24,
      -8,   -9,  -13,  -11,   -3,   -5,  -10,   -6,  -10,    5,    3,    1,    3,  -12,   16,  -14,
      20,   11,   -8,   28,    7,  -12,  -12,  -12,   -8,   -3,  -12,  -10,  -10,   -5,  -10,  -10,
      -7,  -10,  -15,  -10,  -10,   20,  -12,  -12,  -12,  -12,  -12,  -14,  -14,   -4,   -8,   -8,
      -6,  -14,  -14,  -14,  -14,  -14,  -12,  -12,  -12,   11,  -10,  -12,  -12,  -14,  -13,  -14,
     -14,  -14,    4,   -8,   -8,   -6,   -8,   28,    2,  -14,  -14,  -12,   -8,   -7,   -3,  -12,
     -12,  -12,  -10,  -10,  -10,  -14,  -11,   -3,  -14,   20,   -8,   -9,  -14,   -4,  -12,  -12,
      -8,  -12,  -14,  -14,    8,  -14,   -8,  -14,    2,  -14,  -10,  -10,  -10,  -24,   -8,   -8,
      20,   20,  -10,  -11,  -13,   -7,   -7,   -7,   -5,   -6,  -11,   -8,  -12,  -44,  -18,  -44,
       1,   -5,   -1,    1,    1,   -1,   -1,   -1,  -25,   -8,  -35,  -10,   -8,    1,   -1,  -10,
      -8,  -15,  -13,  -11,   -8,   -2,    9,   -2,   -1,   -1,   -1,   -1,   -1,   -1,    8,   -1,
      -5,   -1,  -12,   -2,  -12,   -5,  -34,  -37,   -8,   -8,    9,   -8,   -8,   -8,   -8,   -2,
      -1,   -2,   -1,   -1,    4,    2,   -1,   -2,   -2,   -2,   -2,   -2,   -1,   -1,   -1,   -8,
      -8,   -2,   -2,   -2,   -2,   -2,   -2,   -2,   -7,    4,   -8,    2,   -1,   -1,    7,   -7,
      -4,   -2,   -2,   -1,    3,   -1,    1,    3,   -1,   -1,   -1,   -1,   -1,   -2,   -2,   -8,
      -2,   -1,    3,   -2,   -2,   -1,   -1,   -1,   -8,   -8,   -2,   -2,   -1,   -1,   -1,   -2,
      -2,   -2,  -18,  -44,  -44,    9,    9,   -9,  -48,   -5,  -12,   -2,  -57,  -34,  -14,   -3,
      -3,   -1,   -2,  -14,  -23,   -5,  -16,  -26,  -12,    3,  -20,    2,  -19,   -6,  -76,  -21,
     -40,  -60,    1,  -80,   -2,  -33,    3,   -2,   -8,   -9,    8,   -4,  -17,    8,  -20,  -20,
     -20,  -18,  -19,  -19,  -18,  -75,  -10,  -11,   -3,   -2,  -18,  -11,  -48,  -12,   11,  -33,
       8,   -2,   -2,   -2,   -2,   -9,   -9,   -9,  -17,  -17,  -17,  -17,   -8,   -9,   -9,   -9,
      -9,  -16,  -19,  -19,  -19,  -75,   -2,   -2,   -9,   -9,   -9,   -9,   -9,   -4,   -4,   -4,
     -17,  -17,  -17,  -17,    8,   -9,   -9,   -9,  -20,  -75,  -18,  -19,  -19,  -19,  -75,  -10,
     -10,   -4,  -16,   -2,   -9,   -9,  -17,  -17,   -9,   -9,  -20,  -20,  -19,   -2,   -2,   -9,
      -9,   -9,   -9,  -17,   -9,   -9,   -9,  -75,  -75,  -75,  -34, -120, -112, -101,    8,    8,
     -34,  -24,  -38,   -6,   -6,  -19,  -14,   -6,   -3,  -11,  -15,  -10,  -10,  -14,  -13,   -3,
     -10,  -12,  -13,   -1,  -37,  -10,  -31,  -23,  -22,  -41,  -14,   -3,  -20,  -21,  -10,  -11,
      -5,   -5,   -5,   -3,  -13,   -8,   -4,   -4,   -6,   -5,  -18,  -15,  -18,  -13,  -13,   -1,
     -21,  -10,  -10,  -10,  -10,   -8,   -8,   -8,  -13,  -13,  -10,  -10,  -10,  -10,  -11,   -5,
      -3,   -3,  -70,  -13,   -8,   -8,   -8,   -5,   -5,  -10,  -10,   -5,   -5,   -8,  -10,  -36,
     -32,   -6,   -6,  -33,  -21,  -21,   -9,  -48,   -5,  -12,   -2,  -57,  -17,  -14,   -3,   -3,
      -1,   -2,  -14,  -23,   -5,  -16,  -26,  -12,    1,  -20,    1,  -19,   -6,  -38,  -21,  -40,
     -30,    1,  -40,   -2,  -33,   -2,   -8,   -9,  -14,   -4,  -17,  -14,  -20,  -20,  -20,  -18,
     -19,  -19,  -18,  -38,  -10,  -11,   -3,   -2,  -18,  -11,  -48,  -12,    5,  -38,  -14,   -2,
      -2,   -2,   -2,   -9,   -9,   -9,  -17,  -17,  -17,  -17,   -8,   -9,   -9,   -9,   -9,   -9,
     -19,  -19,  -19,  -38,   -2,   -2,   -9,   -9,   -9,   -9,   -9,   -4,   -4,   -4,  -17,  -17,
     -17,  -17,  -14,   -9,   -9,   -9,  -20,  -75,  -18,  -19,  -19,  -19,  -38,  -10,  -10,   -4,
      -9,   -2,   -9,   -9,  -17,  -17,   -9,   -9,  -20,  -20,  -19,   -2,   -2,   -9,   -9,   -9,
      -9,  -17,   -9,   -9,   -9,  -38,  -38,  -38,  -17,  -60,  -56,  -50,  -14,  -14,   -6,  -28,
     -28,  -58,   -5,   -2,   -2,  -20,  -18,    3,    2,    2,  -26,   13,  -24,  -12,    8,    5,
      -3,   -3,   -3,  -23,   -5,   -2,   -2,  -12,   -1,   -7,  -24,  -26,  -26,  -26,  -26,  -24,
     -24,  -24,  -24,  -24,  -24,  -24,  -24,   -5,   -5,   -5,    8,   -1,  -26,  -26,  -24,  -24,
     -24,  -24,  -24,  -12,  -12,  -12,    8,  -24,  -24,   -3,  -23,  -23,   -5,   -5,   -5,   -1,
      -7,   -7,  -12,  -24,  -26,  -24,  -24,  -24,  -24,   -3,   -3,   -5,  -26,  -26,  -24,  -24,
     -24,  -24,  -24,  -24,  -24,   -1,   -1,   -1,  -28,  -28,  -11,   -7,   -4,   -2,   -7,   -6,
      -1,   -5,   -6,   -1,   -6,  -20,  -15,   -8,  -22,   -2,   -9,   -8,  -15,   -3,   -6,   -6,
      -6,   -6,   -1,   -9,   -2,  -11,  -12,   -9,   -2,   -7,   -1,   -9,  -14,   -5,   -7,    3,
     -12,  -12,   -3,  -10,  -11,  -15,  -13,    1,  -14,   -3,   -5,  -17,   -7,   -8,   -9,   -6,
     -12,  -10,  -12,   -8,   -8,   -9,   -3,   -2,   -3,  -14,   -3,   -1,  -15,   -3,   -2,   -1,
     -10,   -7,   -4,   -3,  -13,  -10,  -25,  -20,  -26,   -2,  -10,  -21,   -2,  -13,   -3,  -13,
     -10,  -12,  -12,   -4,   -2,  -11,  -10,  -12,   -2,   -2,   -4,   -3,   -9,   -7,   -1,   -1,
      -1,   -4,   -4,   -4,   -4,  -11,   -9,  -22,  -18,   -3,  -22,   -2,   -8,   -4,   -5,  -19,
     -10,   -4,   -4,   -4,   -4,   -4,  -11,   -9,  -11,   -2,   -2,  -10,  -13,   -2,  -14,   -5,
      -3,   -2,    2,   -8,   -4,   -1,  -14,   -5,  -21,  -16,  -21,   -3,   -5,  -15,  -15,  -14,
     -12,   -8,  -11,   -4,   -3,   -4,   -4,   -2,   -1,   -3,   -4,   -2,   -2,   -1,   -2,   -2,
      -3,   -1,   -3,   -3,   -1,   -3,   -2,   -3,   -4,   -4,   -8,  -11,   -3,   -4,   -7,   -7,
      -1,  -12,   -3,  -13,  -10,   -3,  -13,  -12,  -11,  -12,  -12,   -9,  -10,   -3,    2,    7,
     -24,  -18,  -24,  -14,    6,   -8,   -1,   -2,    1,    1,  -22,  -21,    7,    6,    2,    6,
      -5,    1,  -15,  -18,    1,  -24,  -24,   -4,   -8,   -5,   -6,   -2,   -4,   -1,   -4,   -7,
     -17,  -13,   -3,  -17,   -1,  -15,   -4,  -12,   -5,   -6,   -6,   -2,   -1,   -1,   -2,  -13,
      -7,   -7,   -7,   -7,   -1,   -5,  -19,  -14,  -12,  -21,   -2,   -9,   -9,  -15,   -7,   -7,
      -7,   -7,   -1,   -6,   -6,   -3,   -2,   -9,   -9,   -4,   -2,   -1,   -2,   -8,   -4,   -7,
     -22,  -15,  -27,   -9,    1,    2,    6,   -5,   -1,   -4,    1,    2,    2,    2,    2,    2,
       2,    2,    2,    6,   -3,   -8,    2,    2,    2,   -9,   -3,   -2,   -2,    1,    1,   -3,
      -2,   -9,   -9,   -4,   -2,   -1,   -2,   -8,   -4,   -7,  -22,  -15,  -27,   -9,   10,    2,
      25,   -5,   -1,   -4,   10,    2,    2,    2,    2,    2,    2,    2,    2,   25,   -3,   -8,
       2,    2,    2,   -9,   -3,   -2,   -2,   10,   10,  -12,   -1,   -6,  -10,  -10,   -1,  -19,
     -19,  -12,   -1,   -1,   -5,   -5,   -3,   -4,   -5,   -3,   -6,  -23,  -17,   -8,  -27,   -4,
       2,    3,    4,    1,    1,    1,    2,    3,    5,    4,    1,   -7,   -5,   -5,    2,    3,
       3,    3,    3,    2,    2,    2,    4,   -5,   -5,    3,    3,    3,    3,    4,    1,   -3,
       2,    2,    2,    4,    1,    1,    3,    3,    1,    1,    2,    3,    4,    4,    4,   -1,
      -1,    2,    2,  -14,   -4,  -34,  -12,  -40,  -17,    2,  -21,   -3,   -8,  -14,   -7,  -19,
     -25,  -12,  -14,  -28,  -15,   -2,  -24,    2,  -23,  -10,  -37,  -23,  -37,  -27,  -42,   -4,
     -29,    3,   -7,  -12,  -13,  -22,   -6,  -10,  -12,  -13,  -13,  -13,   -4,  -17,  -15,  -18,
     -17,  -25,   -4,   -1,  -19,  -26,  -18,  -31,  -17,  -23,   -3,  -33,  -22,   -7,   -7,   -7,
      -7,  -13,  -13,  -13,  -10,  -10,  -10,  -10,  -12,  -13,  -13,  -13,  -13,  -19,  -15,  -15,
     -15,  -25,   -7,   -7,  -13,  -13,  -13,  -13,  -13,   -6,   -6,   -6,  -10,  -10,  -10,  -10,
     -12,   -5,   -9,  -13,  -13,  -13,   -4,   -4,  -37,  -17,  -15,  -15,  -15,  -25,   -4,   -4,
      -6,  -19,   -7,  -13,  -13,  -10,  -10,  -13,  -13,  -13,  -13,  -15,   -7,   -7,  -13,  -13,
     -13,  -13,  -10,  -13,  -13,  -13,  -25,  -25,  -25,  -17,  -36,  -39,  -37,  -33,  -11,  -22,
     -22,   -8,   -6,   -5,   -2,  -10,   -6,   -1,   -2,   -4,   -4,  -16,  -12,   -7,  -18,   -2,
      -4,   -1,   -2,   -3,   -2,   -1,   -1,   -1,   -1,   -1,   -1,   -1,   -2,   -1,   -1,   -3,
      -6,   -4,   -6,   -1,   -1,   -3,   -2,   -2,   -2,   -1,   -1,   -1,   -1,   -1,   -2,   -2,
      -2,   -2,   -2,   -2,   -2,   -2,   -3,   -2,   -2,   -2,   -2,   -2,   -2,   -2,   -2,   -1,
      -1,   -1,   -1,   -1,   -1,   -1,   -1,   -2,   -2,   -1,   -1,   -1,   -4,   -1,   -2,   -2,
      -2,   -3,   -6,   -6,   -2,   -2,   -2,   -2,   -1,   -1,   -2,   -2,   -1,   -1,   -2,   -2,
      -2,   -2,   -2,   -1,   -2,   -2,   -2,   -3,   -3,   -3,   -1,   -6,   -1,   -3,   -3,   -3,
      -4,    1,   -7,   -5,   -1,   -5,   -1,   -1,   -2,   -2,   -3,   -1,   -2,   -2,   -2,   -2,
      -2,   -3,   -3,   -2,   -2,   -2,   -2,   -3,   -1,   -1,   -4,  -13,  -10,   -3,   -3,   -7,
      -1,   -3,   -2,  -16,   -7,   -5,   -7,   -4,   -5,   -3,   -4,  -21,  -14,  -23,  -27,   -5,
      -5,  -11,   -1,   -2,   -2,   -1,   -1,   -1,   -1,  -10,   -4,  -10,   -5,   -5,   -2,   -2,
      -5,   -2,   -5,   -1,   -1,   -3,   -1,   -1,   -1,   -2,   -3,   -3,   -8,   -2,   -2,   -1,
      -1,   -6,   -4,   -1,   -1,    1,   -1,   -1,   -3,   -2,   -3,   -3,   -3,   -1,   -4,   -2,
      -2,   -5,   -6,   -1,   -3,   -3,   -3,   -3,   -4,   -4,   -4,   -5,   -1,   -1,   -1,    1,
      -3,   -3,   -3,   -3,   -2,   -3,   -1,   -4,   -4,   -4,   -5,   -6,   -6,   -1,   -6,   -3,
      -3,   -3,   -4,    4,   -3,    3,   -5,   -5,   -5,   -1,   -1,   -1,  -11,    1,    2,  -10,
       1,  -35,  -25,  -35,  -16,    1,  -11,    1,   -2,   -2,    8,  -24,   -3,  -23,   -1,   -3,
      -1,    1,   -2,  -18,   14,  -16,   -1,  -12,    9,   -3,   -2,    7,   -4,   -4,   -3,  -12,
      -1,   -4,   -3,   -3,  -14,   -5,  -10,    1,    1,  -16,    1,  -22,   -3,  -34,   -3,   -1,
     -18,  -18,  -18,  -18,  -16,  -16,  -16,   -1,   -3,    1,   -2,  -16,  -16,  -16,  -16,  -16,
      -4,   -4,   -4,    9,   -5,  -18,  -18,  -16,  -16,  -16,  -16,  -16,  -11,  -12,  -12,    8,
      -1,   -2,   -2,   -3,    1,   -1,    3,  -16,  -16,   -4,   -6,   -7,    1,   -2,   -4,   -4,
      -4,   -5,  -10,  -10,  -12,  -16,  -18,  -10,  -16,   13,   -1,  -13,  -16,   -4,   -4,   -4,
     -13,  -18,  -16,  -16,   13,  -16,   -3,  -16,    7,  -16,   -5,   -5,   -5,  -25,    3,    1,
     -35,  -35,    1,   -7,    1,    1,   -1,   -1,   -4,  -11,  -13,   -3,   -7,   -4,  -14,   -1,
     -10,   -3,  -14,   -9,   -3,  -16,   -2,   -7,   -9,    1,    1,    1,    1,   -6,    1,    1,
       1,    1,   -4,   -1,   -9,    1,    1,    1,    1,    1,    1,  -10,   -6,    1,    1,    1,
       1,    1,    1,    1,    1,    1,    1,  -10,  -10,  -11,   -9,   -9,   -9,    1,   -6,    1,
     -13,   -5,   -5,   -6,   -6,   -4,   -4,   -9,   10,  -10,  -10,   -8,    6,   -5,   -6,    4,
      -8,   -8,   -8,   -6,   -9,   -8,   -7,   -7,   -1,  -14,   -8,  -13,  -11,   -7,   -4,  -10,
      -9,   -9,   -9,   -9,  -10,  -10,  -10,   -9,  -10,   -5,   -5,   -6,  -10,  -10,  -10,  -10,
     -10,   -8,   -8,   -8,   11,  -14,   -9,   -9,  -10,  -10,  -10,  -10,  -10,   -8,   -8,   -8,
       7,   -5,   -5,   -5,  -10,   -6,   -1,  -10,  -10,   -8,  -12,  -11,   -9,   -8,   -8,   -8,
     -14,   -8,   -8,   -8,  -10,   -9,  -18,  -10,    2,   -5,  -20,  -10,  -16,   -8,   -8,   -9,
      -9,  -10,  -10,  -15,  -10,   -5,  -10,  -18,  -10,  -14,  -14,  -14,  -13,  -10,  -10,    1,
      -6,    1,  -13,   -5,   -5,   -6,   -6,   -4,   -4,   -9,   10,  -10,  -10,   -8,    6,   -5,
      -6,    4,   -8,   -8,   -8,   -6,   -9,   -8,   -7,   -7,   -1,  -14,   -8,  -13,  -11,   -7,
      -4,  -10,   -9,   -9,   -9,   -9,  -10,  -10,  -10,   -9,  -10,   -5,   -5,   -6,  -10,  -10,
     -10,  -10,  -10,   -8,   -8,   -8,   12,  -14,   -9,   -9,  -10,  -10,  -10,  -10,  -10,   -8,
      -8,   -8,    7,   -5,   -5,   -5,  -10,   -6,   -1,  -10,  -10,   -8,  -12,  -11,   -9,   -8,
      -8,   -8,  -14,   -8,   -8,   -8,  -10,   -9,  -18,  -10,    2,   -5,  -20,  -10,  -16,   -8,
      -8,   -9,   -9,  -10,  -10,  -15,  -10,   -5,  -10,  -18,  -10,  -14,  -14,  -14,  -13,  -10,
     -10,    1,    1,   -5,    5,  -10,  -10,  -10,   -3,   -1,   -2,   -2,   -3,   -3,   -3,  -11,
      -1,   -8,   -1,  -10,   17,  -10,   -6,  -10,   12,   -1,   -1,    9,   -5,   -5,   -5,  -12,
      -5,   -4,   -4,   -4,   -8,   -8,  -12,  -11,   -8,  -12,  -13,   -1,   -6,  -10,  -10,  -10,
     -10,  -10,  -10,  -10,   -3,   -1,   -2,   -3,  -10,  -10,  -10,  -10,  -10,   -4,   -4,   -4,
      24,   -8,  -10,  -10,  -10,  -10,  -10,  -10,  -10,  -10,  -10,  -10,   16,   -1,   -1,   -1,
      -3,   -1,    4,  -10,  -10,   -5,  -24,  -24,  -12,   -4,   -4,   -4,   -8,  -12,  -12,  -10,
     -10,  -21,  -18,  -10,   13,   -1,  -20,  -10,   -8,   -5,   -4,  -10,  -10,  -10,  -10,  -11,
     -10,   -1,  -10,  -14,  -10,   -8,   -8,   -8,  -10,    1,  -10,  -10,    2,   -6,   -6,   -9,
       1,   -5,    2,  -23,    2,  -10,   -3,  -12,   -3,  -11,   -2,   -3,   -3,   -2,   -9,   -4,
     -25,  -23,   -4,   -4,   -1,  -10,   -3,  -10,    2,   -7,   11,  -16,  -26,   -7,    6,  -10,
     -12,    5,  -15,  -15,  -15,   -3,  -16,  -18,  -22,  -21,   -2,  -35,   -5,   -9,   -2,  -18,
      -4,  -21,   -1,   -3,  -38,  -26,   -7,   -7,   -7,   -7,  -16,  -16,  -16,  -18,  -20,  -10,
     -10,  -10,  -16,  -16,  -16,  -16,  -27,  -18,  -18,  -18,   12,  -35,   -7,   -7,  -16,  -16,
     -16,  -16,  -16,   -7,   -7,   -7,    8,  -10,  -10,  -10,  -20,  -12,   -2,   -3,  -16,  -16,
     -15,   -3,   -3,   -4,  -38,  -18,  -18,  -18,  -35,   -5,   -5,   -7,  -27,   -7,  -29,  -16,
      -3,  -10,  -32,  -16,  -29,  -15,  -18,   -7,   -7,  -16,  -16,  -25,  -16,  -10,  -16,  -28,
     -16,  -69,  -35,  -35,  -23,   -4,   -3,  -19,  -26,  -26,  -12,  -41,  -44,    4,    4,   -4,
      -6,    1,  -21,  -13,    5,    5,  -25,   -3,    2,   -3,   -1,  -39,   -7,  -34,  -24,   -1,
     -43,   -3,  -17,  -12,   -8,   -9,   -9,   -9,  -12,   -9,  -10,   -9,  -12,   -6,   -1,   -7,
       8,  -27,   -5,   -3,  -12,   -8,   -8,   -8,   -8,   -9,   -9,   -9,  -12,   -8,   -8,   -8,
      -8,   -9,  -76,  -12,   -9,   -9,   -9,  -12,   -6,   -6,   -8,   -8,   -9,   -9,   -9,   -8,
     -12,  -12,  -12,  -37,  -34,    4,    4,  -36,  -35,  -12,  -12,   -6,   -1,  -12,   -7,   -6,
      -7,   -3,   -1,   -3,   -1,   -7,   -6,   -6,   -1,   -8,    3,  -10,  -15,   -7,   -7,   -8,
      -9,   -9,   -9,   -4,  -12,   -9,   -9,   -8,  -15,   -7,  -13,  -11,   -5,   -6,  -15,   -8,
      -8,   -8,   -8,  -10,  -10,  -10,   -7,   -7,   -7,   -7,   -8,  -10,  -10,  -10,  -10,  -10,
      -9,   -9,   -9,    1,  -15,   -8,   -8,  -10,  -10,  -10,  -10,  -10,   -7,   -7,   -7,   -7,
      -7,   -7,   -7,   -8,   -3,  -10,  -10,   -9,   -4,   -4,  -12,   -9,   -9,   -9,  -15,   -7,
      -7,   -7,  -10,   -8,  -10,  -10,   -2,   -7,  -10,  -10,   -9,   -9,   -9,   -8,   -8,  -10,
     -10,   -9,  -10,   -7,  -10,  -10,  -10,  -15,  -15,  -15,  -12,   -4,   -3,   -1,  -15,  -15,
       1,   -6,    2,   -8,  -10,   -8,   -3,   -4,   -5,   -2,   -5,   -5,   -3,   -3,   -3,   -2,
      -9,   16,   -9,   -8,   -9,   11,   -3,   -3,    8,   -6,   -6,   -6,  -11,   -7,   -5,   -5,
      -5,   -6,  -10,  -12,  -11,   -9,  -11,   -3,   -2,   -8,   -9,   -9,   -9,   -9,   -9,   -9,
      -9,   -5,   -7,   -3,   -6,   -4,   -9,   -9,   -9,   -9,   -9,   -5,   -5,   -5,   22,  -10,
      -9,   -9,   -9,   -9,   -9,   -9,   -9,   -9,   -9,   -9,   15,   -3,   -3,   -3,   -7,   -3,
       2,   -9,   -9,   -6,  -22,  -21,  -15,   -5,   -5,   -5,  -10,  -12,  -12,   -9,   -9,   -9,
     -17,   -9,    9,   -3,  -19,   -9,  -12,   -6,   -5,   -9,   -9,   -9,   -9,  -11,   -9,   -3,
      -9,  -14,   -9,  -10,  -10,  -10,  -10,   -8,   -8,   -8,   -8,   -6,  -12,  -11,   -3,   -3,
      -7,   -3,   -1,  -16,   -6,   -4,   -5,   -4,   -4,   -4,   -4,  -22,  -14,  -21,  -28,   -5,
      -5,  -10,   -1,   -1,   -2,   -1,   -1,   -1,   -9,   -4,   -8,   -4,   -4,   -1,   -2,   -4,
      -2,   -4,   -1,   -1,   -4,   -1,   -1,   -4,   -1,   -3,   -3,   -9,   -1,   -1,  -11,   -7,
      -9,  -36,  -18,  -36,  -12,   -2,  -20,   -5,  -28,   -6,   -5,    1,  -11,  -10,  -24,   -9,
      -6,   -6,   -1,    1,    2,    2,   -2,   -6,    1,  -11,  -11,  -33,   -5,   -5,    1,   -6,
      -6,   -6,   -6,   -1,   -1,   -1,    2,    2,    2,    2,   -1,   -1,   -1,   -1,   -1,   -1,
      -6,   -6,   -1,   -1,   -1,   -1,   -1,   -5,    2,   -5,    2,    2,    2,    2,    3,   -3,
      -5,   -1,   -1,    1,   -1,   -6,   -1,   -1,    2,    2,   -1,   -1,   -6,   -6,   -1,   -1,
      -1,   -1,    2,   -1,   -1,   -1,  -18,    2,    1,  -36,  -36,    1,    1,    1,   -6,   -7,
     -11,    1,   -3,   -7,   -3,   -1,    6,  -16,   -6,   -4,   -5,   -4,   -4,   -4,   -4,  -22,
     -14,  -21,  -28,   -5,   -5,   -3,    8,   -1,   -1,   -2,    5,   -1,   -1,   -1,    1,   -2,
      -4,   -8,   -4,   -4,   -1,   -2,   -4,   -2,   -4,    5,   -1,   -1,   -4,   -1,   -1,   -4,
      -1,   -2,   -2,   -9,   -1,   -1,   -2,   -9,   -7,  -14,  -16,    2,   -6,   -7,   -7,   -8,
      -4,   -3,  -15,   -6,   -5,    2,   -4,   -7,   -8,  -19,  -13,   -1,  -19,   -8,   -2,   -6,
      -2,   -1,   -1,   -2,   -2,   -2,   -3,   -3,   -2,  -12,   -1,   -1,   -4,  -14,   -5,  -14,
      -8,    1,   -8,   -2,   -2,   -2,   -2,   -2,   -6,   -6,   -6,   -7,   -6,   -6,   -6,   -6,
     -11,   -3,   -3,   -3,  -12,   -2,   -2,   -6,   -6,   -6,   -6,   -6,   -1,   -1,   -1,   -1,
      -5,   -6,   -6,   -2,   -7,   -3,   -3,   -3,  -12,   -1,   -1,   -1,  -11,   -2,   -6,   -6,
      -6,   -6,   -2,   -2,   -3,   -2,   -2,   -6,   -6,   -6,   -6,   -6,   -6,   -6,  -12,  -12,
     -12,  -16,   -7,  -10,  -14,   -9,   -7,   -2,   -2,   -1,   -4,   -1,   -3,   -4,   -2,   -1,
      -1,   -9,   -6,   -2,   -4,   -3,   -2,   -2,   -3,   -1,   -2,   -2,   -1,   -2,   -1,   -2,
      -5,   -1,   -4,   -2,   -2,   -2,   -2,   -1,   -1,   -1,   -1,   -1,   -2,   -2,   -2,   -2,
      -2,   -2,   -2,   -2,   -2,   -2,   -2,   -2,   -2,   -2,   -3,   -3,   -3,   -1,   -1,   -1,
      -1,   -2,   -2,   -2,   -2,   -2,   -1,   -1,   -2,   -2,   -2,   -2,   -5,   -5,   -3,   -2,
      -2,   -2,   -1,   -1,   -2,   -2,   -2,   -2,   -2,   -2,   -2,   -1,   -2,   -2,   -2,   -2,
      -2,   -2,   -2,   -5,   -1,   -2,   -2,   -2,  -12,    1,    1,  -11,    2,  -33,  -27,  -33,
     -14,  -10,   -2,   -2,    1,  -31,   -1,  -32,   -1,   -3,  -19,    5,  -13,   -1,   -9,    2,
      -3,   -1,   -7,   -7,   -7,   -9,   -7,   -7,   -7,  -10,   -7,   -8,  -23,  -25,   -4,  -45,
      -1,   -1,  -19,  -19,  -19,  -19,  -24,  -25,  -23,   -2,   -8,   -3,   -1,   -3,  -13,  -26,
     -26,  -26,  -13,   -7,   -7,   -7,    4,  -12,  -19,  -19,  -24,  -25,  -25,  -25,  -26,  -17,
     -17,   -9,    6,   -3,   -4,   -4,  -10,    1,  -13,  -13,  -13,  -12,  -14,   -2,   -7,   -7,
      -7,  -13,   -8,  -16,  -18,  -13,  -36,  -19,  -25,    3,   -3,  -22,  -26,   -9,  -12,  -12,
     -31,  -19,  -13,  -25,   -6,  -25,   -3,  -13,  -10,  -13,  -13,   -7,  -13,  -27,    2,    1,
     -33,  -33,  -13,    1,   -1,   -1,    1,    1,   -5,    3,  -11,  -10,  -11,   -5,   -1,   -2,
      -1,   -4,   -3,   -3,   -4,  -13,   -1,   -8,   -1,    1,  -11,   17,  -11,   -6,  -10,   13,
      -2,   -2,   10,   -5,   -5,   -5,  -12,   -5,   -4,   -5,   -4,   -8,   -9,  -12,  -11,   -8,
     -13,  -16,   -1,   -6,  -11,  -11,  -11,  -11,  -11,  -11,  -11,   -1,   -4,   -2,   -3,   -3,
     -11,  -11,  -11,  -11,  -11,   -4,   -4,   -4,   25,   -9,  -11,  -11,  -11,  -11,  -11,  -11,
     -11,  -10,  -10,  -10,   17,   -2,   -2,   -2,   -4,   -2,    4,  -11,  -11,   -5,  -24,  -24,
     -13,   -4,   -4,   -4,   -9,  -12,  -12,  -10,  -11,  -22,  -19,  -11,   13,   -2,  -22,  -11,
      -9,   -5,   -4,  -11,  -11,  -11,  -11,  -12,  -11,   -2,  -11,  -15,  -11,   -9,   -9,   -9,
     -10,    1,  -11,  -11,   -6,   -6,  -11,    2,    4,  -11,   12,  -30,  -26,  -30,  -19,   -6,
      -1,   -1,   -3,  -17,   -5,  -11,   -1,   -1,  -14,  -14,    5,  -11,  -32,   -6,  -27,   -6,
      -3,    1,    2,  -26,   25,  -26,  -10,  -24,   20,   -9,   -7,   17,  -19,  -19,  -19,  -25,
     -10,  -20,  -17,  -16,  -26,  -24,  -24,    1,   -1,  -26,  -24,  -23,  -46,   -6,  -10,  -26,
     -26,  -26,  -26,  -20,  -26,  -23,   -3,  -17,   -9,   -6,   -2,  -23,  -26,  -26,  -26,  -26,
     -19,  -20,  -20,   21,  -23,  -26,  -26,  -26,  -22,  -26,  -23,  -23,  -24,  -21,  -24,   10,
      -9,   -9,   -6,  -19,   -7,   -2,    7,  -26,  -25,  -18,  -24,  -17,  -16,  -20,  -20,  -19,
     -24,  -24,  -19,  -21,  -26,  -22,  -26,   23,   -9,   -8,  -26,   -3,  -19,  -14,  -20,  -26,
     -26,  -26,    5,  -24,  -11,  -26,   -3,  -26,  -20,  -24,  -24,  -26,    4,  -30,  -30,    3,
       4,  -19,  -10,  -10,   -8,    2,    4,   -9,   13,  -22,  -19,  -22,  -13,   -5,   -1,   -1,
      -1,  -11,   -3,   -7,   -1,   -1,   -9,   -9,    5,   -8,  -24,   -5,  -21,   -4,   -3,    1,
       2,  -16,   25,  -17,   -6,  -16,   20,   -5,   -4,   17,  -11,  -11,  -11,  -17,   -6,  -11,
     -10,  -10,  -16,  -16,  -17,    1,  -20,  -17,  -18,  -33,   -4,   -6,  -16,  -16,  -16,  -16,
     -31,  -17,  -32,   -4,  -14,  -10,   -6,   -2,  -34,  -17,  -17,  -17,  -17,  -11,  -11,  -11,
      40,  -31,  -16,  -16,  -17,  -33,  -17,  -33,  -33,  -16,  -31,  -16,   30,   -8,   -9,   -6,
     -15,   -8,    7,  -17,  -34,  -22,  -32,  -28,  -14,  -11,  -11,  -11,  -16,  -17,  -33,  -31,
     -34,  -31,  -18,  -17,   17,   -9,  -24,  -17,  -14,  -22,  -19,  -30,  -16,  -17,  -17,  -12,
     -33,  -10,  -17,  -18,  -17,  -29,  -16,  -32,  -19,    3,  -22,  -22,    3,    4,   -7,   -6,
      -6,  -10,   -3,   -5,   -1,  -23,    3,  -10,   -3,  -12,   -3,  -12,   -3,   -3,   -4,   -1,
     -10,  -23,  -21,   -4,   -3,   -1,   -4,   -3,   -1,    3,   -8,   10,  -16,  -26,   -7,    6,
      -9,  -11,    3,  -15,  -15,  -15,   -3,  -16,  -19,  -22,  -21,   -2,  -34,   -4,   -7,   -5,
     -18,   -5,  -22,   -4,  -13,  -26,   -8,   -8,   -8,   -8,  -16,  -16,  -16,   -7,   -9,   -9,
      -9,  -10,  -16,  -16,  -16,  -16,  -10,  -19,  -19,  -19,    6,  -34,   -8,   -8,  -16,  -16,
     -16,  -16,  -16,   -7,   -7,   -7,    3,   -9,   -9,   -9,   -9,  -11,   -2,   -3,  -16,  -16,
     -15,   -3,   -3,   -3,  -22,  -19,  -19,  -19,  -34,   -4,   -4,   -7,  -10,   -8,  -13,  -16,
       6,   -9,  -15,  -16,  -13,  -15,  -19,   -8,   -8,  -16,  -16,  -10,  -16,   -9,  -16,  -13,
     -16,  -34,  -34,  -34,  -23,   -6,   -4,   -5,   -5,  -13,  -26,  -26,  -12,    1,    2,  -16,
      11,  -32,  -37,  -32,  -20,  -12,   -2,   -3,   -4,  -28,   -9,  -19,   -4,   -2,  -21,  -21,
       3,  -19,  -39,  -12,  -31,  -11,   -5,   -1,   -1,    1,  -42,   24,  -40,  -20,  -35,   19,
     -16,  -15,   16,  -33,  -33,  -33,  -37,  -21,  -35,  -33,  -33,  -36,  -39,  -40,   -6,   -1,
     -39,  -36,   -1,  -31,  -52,  -11,  -20,  -82,  -42,  -42,  -42,  -68,  -40,  -73,  -22,  -45,
     -16,  -25,   -2,  -73,  -40,  -79,  -77,  -40,  -67,  -35,  -35,   38,  -75,  -42,  -82,  -40,
     -73,  -40,  -74,  -74,  -35,  -62,  -35,   27,  -32,  -32,  -29,  -50,  -15,    6,  -40,  -77,
     -64,  -74,  -62,  -48,  -35,  -35,  -69,  -39,  -40,  -73,  -63,  -40,  -77,  -42,  -79,    5,
     -32,  -50,  -40,  -37,  -33,  -61,  -72,  -83,  -79,  -78,  -36,  -74,  -36,  -79,  -44,  -78,
     -72,  -39,  -78,  -37,    3,  -32,  -32,    2,    3,  -31,  -40,  -20,   -2,   -2,   -3,   -3,
      -2,   -2,   -1,   -6,   -3,   -1,   -1,   -6,   -1,   -5,   -2,   -8,   -5,   -2,   -4,    3,
      -2,   -8,   -3,   -8,   -1,  -10,  -10,  -10,   -2,   -9,  -10,   -9,   -9,  -10,  -10,   -1,
      -1,   -6,   -8,   -2,   -2,   -2,   -8,   -8,   -8,   -8,   -2,   -2,   -2,   -2,   -2,   -2,
     -10,  -10,  -10,  -10,   -2,   -2,   -2,   -2,   -2,   -3,   -3,   -3,   -1,   -1,   -8,   -8,
      -8,   -8,   -1,   -1,   -2,   -2,  -10,   -2,   -4,   -5,   -9,  -10,  -10,  -10,  -10,  -10,
     -10,   -3,   -2,   -2,   -2,  -11,   -8,   -2,   -2,  -20,  -10,  -10,   -2,   -2,   -2,   -2,
      -8,   -2,   -2,   -2,  -10,  -10,  -10,   -3,   -2,   -3,   -3,   -2,   -8,   -8,   -3,    7,
      -7,   -7,    7,   -1,  -21,   -1,  -10,   -8,   -8,   -7,   -5,    8,    5,    1,    5,   -8,
      19,   -9,   20,   13,   -1,   29,   10,   -8,   -8,   -8,   -1,   -6,   -2,   -2,   -5,   -2,
      -1,  -10,   -4,    1,   -5,   20,   -8,   -8,   -8,   -8,   -8,   -9,   -9,    4,   -1,   -1,
       3,    1,   -9,   -9,   -9,   -9,   -9,   -6,   -8,   -6,   14,   -5,   -8,   -8,   -9,   -8,
      -9,   -9,   -9,    8,   -1,   -1,    2,   -1,   29,    3,   -9,   -9,   -8,    1,   -1,   -6,
      -6,   -6,   -5,   -2,   -2,   -9,   -7,    4,   -9,   26,   -1,   -3,   -9,    2,   -8,   -4,
      -3,   -8,   -9,   -9,   23,   -9,   -1,   -9,   15,   -9,   -4,   -5,   -5,  -21,   -1,   -1,
       1,   20,   20,  -11,  -12,   -3,    1,   -7,   -6,  -14,  -10,  -25,  -17,    1,  -23,  -55,
      -5,   -6,    2,   -6,   -6,   -6,   -7,   -7,   -3,   -3,   -5,    6,   -6,   -5,   -6,   -6,
      -6,   -6,   -7,   -7,   -7,   -5,   -6,   -6,   -6,   -6,    2,   -6,  -14,   -7,   -7,   -7,
      -7,   -5,   -6,   -6,   -6,   -6,   -7,   -6,   -5,   -5,   -5,   -5,   -5,   -3,   -3,  -11,
       7,    4,   38,    8,   49,   38,    3,    8,    8,    8,   49,    8,   38,   38,    2,  -21,
      -2,   -2,  -25,    7,  -12,    7,    3,    3,  -20,   -5,   -7,   11,   -6,  -22,  -10,  -34,
     -19,  -37,   -1,  -20,   -1,   -9,    1,   -3,   -2,   -1,    4,  -12,   -1,   -4,  -11,  -10,
     -16,  -10,  -10,    1,   -6,   -9,  -12,    1,    1,  -22,   -3,  -12,  -12,  -12,  -12,  -12,
     -20,  -21,    7,    7,  -27,  -19,   -9,   -9,  -15,  -13,  -21,  -18,   -7,   -9,   -2,   -9,
      -9,   -2,   -1,  -17,  -11,  -29,  -19,  -15,  -46,  -11,  -23,   -8,   -5,   -2,  -10,   -1,
     -10,   -9,   -9,   -9,   -2,   -5,   -9,   -9,  -17,   -2,  -13,  -11,  -18,   -9,   -5,   -5,
     -10,   -6,  -14,   -3,  -14,   -2,   -4,   -2,   -2,   -4,   -2,   -1,  -12,  -12,  -32,  -20,
      -5,  -41,   -4,  -20,   -1,   -1,   -1,   -2,   -2,   -2,   -1,   -2,   -4,   -4,   -2,   -1,
      -1,   -1,   -1,   -1,   -1,   -1,   -1,   -1,   -1,   -1,   -1,   -1,   -1,   -4,   -4,   -1,
      -1,  -12,   -1,   -1,   -1,   -1,   -1,   -1,   -1,   -1,   -1,   -1,   -1,   -1,   -3,   -7,
      -5,  -16,   -4,   -1,   -1,    2,  -14,   -3,   -2,  -17,    8,  -13,    8,    3,    3,  -15,
      -5,   -7,   11,   -6,  -10,   -9,  -12,  -10,  -11,  -12,   -9,    1,   -1,   -2,   -1,    2,
     -12,   -1,  -10,  -10,  -12,  -11,   -9,    1,   -6,   -9,  -12,    1,    1,  -10,   -1,  -12,
       1,  -12,  -12,  -12,  -13,  -13,  -13,    8,    8,  -15,  -14,   -9,   -9,  -12,   -9,  -16,
     -15,   -4,   -7,   -3,   -5,   -7,   -2,   -2,  -15,  -12,  -29,  -19,   -8,  -42,   -7,  -23,
      -4,   -2,   -1,   -2,   -4,   -1,   -4,   -1,   -3,   -7,   -7,   -2,   -4,   -7,   -7,   -2,
      -2,  -15,   -1,   -2,   -2,  -10,   -6,  -16,   -5,   -4,   -4,    9,   40,   59,   10,   41,
      61,   -9,  -15,   -9,   53,   15,   -6,   34,   12,   -5,   28,   34,   13,   27,   41,   43,
      55,   52,   43,   53,   34,   44,   51,   -4,   -1,    1,    9,   15,    4,    7,    4,    2,
       3,    4,   26,   45,   28,   39,  -13,   49,   47,   44,  -13,   53,   38,   34,   34,   13,
       1,   -5,   -4,   -8,   -4,    8,    3,   19,   42,   12,   34,   53,   -2,    5,    2,   11,
      -1,    4,    5,   13,   -7,   -6,    1,    5,    8,    6,    5,   10,   13,    1,   34,   57,
      34,   43,   42,   36,   12,   51,   -5,    2,    2,   12,   15,   14,   41,    2,    1,    2,
       3,    1,    2,    8,   11,   -1,   35,    3,   68,   37,   27,   -1,   38,   10,   11,    3,
      -7,    8,   40,    4,   20,   -2,   32,    1,    7,    1,    4,  -15,   59,   58,   -9,   -9,
      60,   56,   -4,   39,   21,    1,    1,    1,   -3,    7,    1,    8,   -9,   -3,    9,   -3,
       1,   -4,   -5,   -3,   -9,   -3,   -5,   -3,   -4,   -4,   -6,  -16,  -10,   -4,  -26,   -4,
      -2,    9,   30,   -4,   -4,   19,    4,   22,    1,    1,    1,    8,    1,    2,    5,    4,
       1,   -6,    3,    2,   -5,   -2,   -5,   -5,   -3,   19,   -4,   -4,   -4,   -4,   -4,   -4,
      -4,   -4,   -4,   -4,   -4,   -4,   -4,    1,    2,   -4,   -4,   -4,   -4,   -4,   -4,   -4,
       4,    4,    4,   -5,   -5,   22,   -3,   -4,   -4,    1,   -4,   14,    2,    4,   -4,   -4,
      -4,   -4,   -4,   -4,    1,    1,   -4,   -4,   -4,   -4,   -4,   -4,   -4,   -4,   -4,    2,
       2,    2,   -9,    7,    4,    7,    7,    2,    4,   -2,    3,    8,   19,   19,    2,  -26,
      -4,   -2,  -29,   12,  -10,    6,    3,    3,  -23,   -6,   -8,    9,   -7,  -29,  -11,  -39,
     -21,   -1,  -40,   -1,  -28,   -1,  -10,   -4,   -2,    2,  -12,   -1,   -8,  -14,   -8,  -20,
      -8,  -12,   -7,  -10,  -12,  -29,   -4,  -12,  -12,  -12,  -12,  -10,  -25,  -26,    6,    6,
     -30,  -22,  -10,  -10,  -10,   -3,   -1,  -10,    4,  -11,    4,    1,    1,  -14,   -5,   -8,
       6,   -7,   -8,   -6,   -7,   -5,   -1,   -6,  -10,    1,   -8,   -1,   -1,    2,  -10,   -1,
      -7,   -9,  -10,  -10,   -4,   -1,   -7,   -8,  -10,   -8,   -1,  -10,  -10,  -10,  -10,  -11,
     -11,  -10,    4,    4,  -12,  -11,   -8,   -8,   -2,   -4,   -2,   -2,   -4,   -2,   -2,   -1,
       4,    2,    4,    1,   -1,   -7,   -2,   -2,   -4,    2,   -1,   -2,    2,   -2,    4,   -1,
       1,   -1,   -1,   -1,  -20,   -2,   -6,  -19,  -12,  -17,   -2,   -2,   -5,    1,   -2,   -5,
      -2,  -11,  -11,  -33,  -21,   -3,  -39,   -2,  -18,   -3,   -3,   -1,   -3,   -3,   -1,   -2,
      -2,   -2,   -3,   -3,   -3,   -3,   -2,   -4,   -3,   -1,   -9,   -6,  -11,   -7,   -5,   -2,
      -2,   -5,   -1,   -3,   -3,   -3,   -3,   -3,   -3,   -3,   -3,   -3,   -3,   -3,   -3,   -3,
      -3,   -3,   -3,   -3,   -3,   -3,   -3,   -4,   -3,   -3,   -3,   -3,   -3,   -3,   -3,   -3,
      -3,   -3,   -2,   -2,   -3,   -3,   -3,   -3,   -1,   -4,   -3,   -3,   -2,   -3,   -3,  -11,
      -3,   -3,   -3,   -4,   -3,   -3,   -3,   -3,   -3,   -3,   -3,   -3,   -3,   -3,   -3,   -2,
      -2,   -3,   -3,   -3,   -3,   -3,   -3,   -3,   -3,   -3,   -3,   -3,   -4,   -4,   -4,  -25,
     -18,  -17,  -21,  -13,  -10,   -1,   -1,    2,  -16,   -4,   -1,  -19,    6,  -12,    6,    3,
       3,  -16,   -5,  -10,   10,   -9,  -17,  -13,  -19,  -17,  -19,  -13,  -13,   -4,   -2,   -2,
      -2,   -5,   -2,   -4,   -3,    3,  -15,   -2,  -11,   -9,  -14,  -24,  -10,   -9,  -13,   -2,
      -2,   -2,  -15,   -4,   -2,  -17,   -5,   -2,   -2,   -2,  -15,   -2,   -2,   -2,    1,  -15,
     -15,  -15,  -12,  -15,  -15,    6,    6,  -17,  -16,  -13,  -13,  -19,  -11,  -30,  -20,   -5,
      -9,   -4,   -7,   -9,   -4,   -1,  -27,  -13,  -35,  -20,  -10,  -50,  -10,  -31,   -2,  -13,
      -3,   -7,   -2,   -8,   -1,  -14,   -8,   -9,   -9,   -4,  -13,   -9,   -9,   -3,   -3,  -27,
      -7,   -2,   -2,  -17,  -15,  -21,  -12,  -13,  -13,  -15,  -12,  -19,  -18,   -6,   -9,   -3,
      -8,   -9,   -3,   -1,  -20,  -12,  -31,  -19,  -14,  -47,  -11,  -17,   -7,   -7,   -4,   -2,
      -9,  -11,   -8,   -9,   -9,   -3,   -7,   -9,   -9,  -20,   -4,  -13,  -11,  -18,   -9,   -7,
      -7,   -3,   -3,   -9,  -12,   -9,   -6,   -5,   -9,   -5,   -5,  -15,  -17,  -38,  -28,   -2,
     -49,   -9,   -8,    9,   19,   -7,   -9,   -9,   -5,   -9,   -9,   19,  -15,   -2,   -1,  -10,
      -1,  -11,   -2,  -12,   -2,  -29,   -9,  -29,   -7,   -3,  -27,  -11,  -29,  -13,  -12,   -3,
      -8,   -6,  -24,  -15,  -35,  -44,   -6,   -1,   -8,   -3,   -1,    1,    6,    7,    1,    2,
       1,    5,    1,    2,   -9,   -6,    1,   -8,  -11,  -23,    1,   -3,   -3,   -3,   -3,   -1,
      -1,   -1,    6,    6,    6,    6,   -1,   -1,   -1,   -1,   -1,   -1,    5,    5,    5,   -3,
      -3,   -1,   -1,   -1,   -1,   -1,  -11,  -11,    6,    6,    6,    6,    7,   -5,   -1,   -1,
       1,   -8,    5,    5,    5,   -1,   -3,   -1,   -1,    6,    6,   -1,   -1,    1,    1,    5,
      -3,   -3,   -1,   -1,   -1,   -1,    6,   -1,   -1,   -1,   -9,  -29,  -29,   -2,    1,    1,
       1,  -11,   -2,   -2,  -16,   -3,  -15,   -2,   -5,   -5,   -2,   -5,   -5,   -3,  -14,  -14,
     -30,  -21,   -3,  -40,   -5,  -25,   -3,   -1,   -1,   -1,   -3,   -1,   -2,   -3,   -1,   -2,
      -3,   -5,   -3,   -2,   -5,   -5,   -5,   -3,   -2,   -5,   -5,   -2,   -1,   -3,   -3,  -14,
      -1,   -2,   -3,   -3,   -1,   -1,   -2,   -2,   -2,   -3,  -12,   -9,  -16,   -5,   -4,   -3,
      -3,   -2,   -2,   -6,   -2,   -4,   -1,   -2,   -2,   -5,   -8,  -22,  -16,   -1,  -29,   -1,
      -3,    1,    2,    2,   -2,   -2,   -1,   -2,   -2,   -2,   -2,    1,   -1,   -5,   -2,   -1,
      -1,   -6,   -5,    1,    3,  -22,   -2,   -1,  -27,    8,  -11,    8,    4,    4,  -21,   -6,
      -7,   12,   -6,  -24,  -10,  -36,  -19,  -37,  -24,   -1,   -9,    1,   -1,    3,  -12,   -1,
      -5,  -12,   -9,  -18,   -9,  -11,    1,   -6,   -9,  -12,    1,    1,  -24,  -12,  -12,  -12,
     -12,  -22,  -22,  -22,    8,    8,  -28,  -21,   -9,   -9,  -13,  -14,  -23,  -19,   -8,  -10,
      -4,   -1,  -10,  -11,   -4,   -4,  -19,  -14,  -32,  -21,  -19,  -48,  -14,  -15,   -9,   -6,
      -1,   -1,   -3,   -1,   -1,  -11,   -9,  -10,  -10,  -10,   -4,   -6,   -1,   -1,   -1,  -10,
     -10,   -1,   -1,  -19,   -3,   -1,   -1,   -1,  -11,  -10,  -17,   -9,   -1,   -6,   -6,  -13,
     -12,  -21,  -18,   -7,  -10,   -4,   -9,  -10,   -4,   -3,  -18,  -13,  -32,  -20,  -15,  -47,
     -12,  -14,   -8,   -6,   -3,   -1,   -9,   -9,   -9,  -10,  -10,   -4,   -6,  -10,  -10,  -18,
      -3,   -1,   -1,  -11,   -9,  -16,   -8,   -6,   -6,   -6,   -6,  -11,   -8,  -13,   -1,   -3,
      -2,   -2,   -3,   -2,   -1,   -8,   -9,  -32,  -19,   -6,  -38,   -2,  -10,   -1,    2,    3,
       2,    2,    2,    1,    1,   -1,   -3,    1,   -4,   -1,   -3,   -3,   -2,   -1,   -1,   -1,
       2,    2,    2,    2,   -1,   -1,   -1,   -1,   -1,    1,    1,    1,   -1,   -1,   -1,   -1,
      -1,   -3,   -3,    2,    2,    2,    2,    3,   -2,   -1,   -1,    2,   -8,    1,    1,    1,
      -1,   -1,   -1,    2,    2,   -1,   -1,    2,    2,    1,   -1,   -1,   -1,   -1,    2,   -1,
      -1,   -1,   -8,   -5,   -3,  -13,   -3,   -2,    1,   -2,   -8,  -10,  -11,   -5,   -9,   -8,
      -9,   -1,   -8,  -11,  -31,  -21,  -11,  -42,   -7,   -6,   -3,   -1,   -6,   -9,   -9,   -9,
      -9,   -8,   -2,   -1,   -9,   -1,   -1,   -1,  -16,   -3,   -5,  -18,   -6,  -18,   -3,   -1,
      -5,   -8,    2,   -3,   -5,   -8,   -1,  -16,  -15,  -36,  -26,   -5,  -41,   -4,  -17,   -1,
      -4,   -1,   -1,   -1,   -1,   -1,   -1,   -3,   -2,  -12,   -4,   -1,   -7,   -4,  -11,   -5,
      -4,   -1,   -5,   -5,   -8,   -4,   -1,   -1,   -1,   -1,   -1,   -1,   -1,   -1,   -1,   -1,
      -1,  -12,   -1,   -1,   -1,   -1,   -1,   -1,   -1,   -1,   -5,   -5,   -3,   -1,   -1,   -1,
     -16,   -1,   -1,   -1,   -1,  -12,   -4,   -4,   -1,   -1,   -1,   -1,   -1,   -1,   -1,   -1,
      -1,   -1,   -1,   -1,   -1,   -1,   -1,   -1,  -12,  -12,  -12,  -11,  -14,  -14,    1,    1,
     -19,  -12,   -7,   -4,   -4,    2,   -8,   -7,   -3,  -20,   -4,   -3,   -9,   -8,   -2,   -1,
      -1,   -8,   -7,   -8,    4,    3,    1,    2,   -9,   13,  -10,   17,    8,   -1,   26,    6,
      -9,   -9,   -9,   -2,   -1,   -9,   -2,   -2,   -1,   -5,   -8,   -4,  -11,   -6,   -1,   -8,
      17,   -9,   -9,   -9,   -9,  -10,  -10,  -10,    3,   -1,   -1,    1,  -10,  -10,  -10,  -10,
     -10,   -9,   -9,   -9,    8,   -5,   -9,   -9,  -10,   -9,  -10,  -10,  -10,    3,   -1,   -1,
       1,   -1,   26,    1,  -10,  -10,   -9,   -2,   -1,   -9,   -9,   -9,   -5,   -8,   -8,  -10,
      -8,   -2,  -10,   21,   -1,   -6,  -10,   -5,   -9,   -8,   -5,   -9,  -10,  -10,   22,  -10,
      -1,  -10,   14,  -10,   -4,   -5,   -5,  -20,   -4,   -4,   17,   17,    2,    9,    2,    9,
       2,    2,  -10,   -7,  -11,   -4,   -4,   -8,   -7,   -4,   -4,   -9,   -9,  -12,   -1,   -1,
      -5,   -8,  -24,  -16,  -28,   -1,   21,    1,   31,   -1,   -4,   21,    1,    1,    1,    1,
       1,    1,    1,    1,   31,   -1,   -5,    1,    1,    1,   -3,   -3,   -1,   -1,   -3,   21,
      21,   -1,   -4,   -1,   -7,   -1,   -1,  -11,   -6,  -11,   -6,  -12,  -11,   -1,   -2,  -19,
     -13,   -1,  -22,  -10,    5,    6,    1,    1,    1,    3,    1,    2,   -9,   -2,    5,    5,
       5,    5,    3,    3,    3,    5,    5,    5,    5,    6,    1,   -2,    3,    3,    3,    5,
       5,    1,    1,    3,    5,   -3,   -3,   -9,   -4,   -4,   -9,   -8,   -6,  -12,  -14,  -14,
      -4,   -3,   -4,   -3,   -3,  -10,  -15,  -31,  -23,  -36,   -4,   -7,   -7,   -7,   -1,   -5,
      -1,   -6,   -2,   -5,  -13,   -4,   -2,   -2,   -1,   -4,   -4,   -3,   -7,   -7,   -7,   -7,
      -7,   -7,   -7,   -1,   -1,   -1,   -1,   -8,   -7,   -7,   -7,   -7,   -7,   -5,   -2,   -7,
      -7,   -7,   -7,   -7,   -7,   -7,   -1,   -1,   -1,   -4,   -5,   -4,   -1,   -1,   -1,   -1,
      -3,  -11,   -7,   -7,  -19,   -2,   -1,   -7,   -7,   -7,   -7,   -1,   -1,   -7,   -7,   -7,
      -7,   -7,   -7,   -7,   -7,   -1,   -7,   -7,   -7,   -2,   -2,   -2,  -14,   -5,   -3,   -4,
      -4,   -3,  -11,  -33,  -33,  -18,   -2,  -28,   -7,   -2,   -8,   -5,  -10,   -9,   -8,    6,
       8,   10,    1,    4,    7,    1,    2,   -9,   -2,  -30,   -2,   -2,    6,    8,    8,   10,
       8,    7,    7,    7,   -2,    1,   -2,    8,    8,    8,    8,   12,    1,    7,    7,    7,
       8,    9,    7,    8,  -33,  -33,    6,    6,    5,    1,   -7,    1,    4,    2,    5,    7,
       9,    5,    6,    1,    5,    7,    7,    7,    7,    6,    6,    6,    7,    7,    7,    7,
       9,    5,    6,    6,    6,    7,    7,    6,    7,    5,    5,    3,    2,    9,   10,    1,
       1,    1,    2,    7,    2,    3,    2,    9,    9,    9,    9,    7,    7,    7,    9,    9,
       9,    9,   10,    1,    2,    7,    7,    7,    9,    9,    1,    1,    7,    9,    2,    2,
     -15,  -10,   -4,  -10,  -12,   -5,   -5,  -11,  -11,   -1,   -7,  -10,  -11,   -1,  -34,   -9,
     -31,  -22,  -19,  -40,  -11,  -19,   -8,   -9,  -16,   -4,   -4,   -4,   -3,  -12,   -7,   -3,
      -2,   -4,   -4,  -15,  -11,  -11,   -1,  -19,   -8,   -8,   -8,   -8,   -7,   -7,   -7,  -11,
     -11,   -8,   -8,   -8,   -8,   -9,   -4,   -3,   -3,  -34,  -12,   -7,   -7,   -7,   -4,   -4,
      -8,   -8,   -4,   -4,   -7,   -8,  -19,  -19,    4,    1,    5,    5,    2,    2,    2,    4,
       2,    3,    1,   -1,    5,    5,    5,    5,    4,    4,    4,    1,    1,    1,    5,    5,
       5,    5,    5,    2,    4,    4,    4,    1,    5,    5,    2,    2,    4,    5,    1,    1,
       1,   -8,   -2,   -4,  -28,  -16,  -30,   -4,   -4,   -5,   -5,  -23,  -12,  -13,   -5,   -5,
     -12,  -14,   -5,  -29,  -13,  -36,  -26,  -18,  -46,  -12,   -9,   -2,  -20,   -1,   -4,   -9,
     -10,   -4,   -5,   -5,   -5,   -4,  -15,   -8,   -4,   -3,   -4,   -2,   -6,  -10,   -8,   -2,
     -17,  -16,  -15,  -14,  -13,  -13,   -5,  -20,   -9,   -9,   -9,   -9,   -8,   -8,   -8,   -4,
      -2,   -1,   -1,   -1,  -13,   -4,  -13,   -9,   -9,   -9,   -9,  -10,   -5,   -4,   -4,  -58,
     -15,   -8,   -8,   -8,   -2,   -6,   -6,   -1,   -9,   -9,   -5,   -5,   -8,   -9,   -2,   -2,
      -2,  -26,  -23,   -4,   -4,  -25,  -20,  -20,   -6,  -30,  -33,   -2,  -12,  -12,  -12,   -9,
     -15,  -24,  -17,  -13,  -15,  -24,  -19,  -34,  -32,  -47,  -38,  -11,  -49,  -12,  -22,  -24,
     -23,   32,    2,  -16,  -21,   42,  -18,  -21,  -21,  -21,  -16,  -22,  -22,  -20,  -20,  -15,
     -16,  -18,  -30,  -24,   -8,  -15,  -15,  -23,   32,  -22,  -22,  -22,  -22,  -23,  -23,  -23,
     -21,  -21,  -21,  -21,  -23,  -23,  -23,  -23,  -23,  -23,  -22,  -22,  -22,  -14,  -16,  -22,
     -22,  -23,  -23,  -23,  -23,  -23,    2,    2,    2,  -15,  -16,  -15,  -21,  -21,  -21,  -21,
      42,  -12,  -25,  -23,  -23,  -21,  -16,  -16,  -34,  -22,  -22,  -22,  -22,  -16,  -18,  -18,
       2,  -23,  -22,  -23,  -23,  -21,  -21,  -23,  -23,  -21,  -21,  -22,  -22,  -22,  -23,  -23,
     -23,  -23,  -21,  -23,  -23,  -23,  -16,  -16,  -16,  -28,  -27,  -12,  -12,  -27,   32,   32,
       1,   -6,    1,  -13,   -5,   -5,   -6,   -6,   -4,   -4,   -9,   10,  -10,  -10,   -8,    6,
      -5,   -6,    4,   -8,   -8,   -8,   -6,   -9,   -8,   -7,   -7,   -1,  -14,   -8,  -13,  -11,
      -7,    1,   -4,  -10,   -9,   -9,   -9,   -9,  -10,  -10,  -10,   -9,  -10,   -5,   -5,   -6,
     -10,  -10,  -10,  -10,  -10,   -8,   -8,   -8,   12,  -14,   -9,   -9,  -10,  -10,  -10,  -10,
     -10,   -8,   -8,   -8,    7,   -5,   -5,   -5,  -10,   -6,   -1,  -10,  -10,   -8,  -12,  -11,
      -9,   -8,   -8,   -8,  -14,   -8,   -8,   -8,  -10,   -9,  -18,  -10,    2,   -5,  -20,  -10,
     -16,   -8,   -8,   -9,   -9,  -10,  -10,  -15,  -10,   -5,  -10,  -18,  -10,  -14,  -14,  -14,
     -13,  -10,  -10,  -11,  -10,   -4,   -3,   -3,   -7,   -3,   -1,  -13,   -6,   -4,   -5,   -4,
      -4,   -4,   -4,  -10,  -22,  -18,  -41,   -5,   -5,  -10,    7,   -1,    2,    2,   -1,   -1,
      -9,   -4,   -8,   -4,   -4,   -1,    2,   -4,    2,   -4,   -1,   -1,   -4,   -1,   -1,   -4,
      -1,   -3,   -3,   -9,   -1,   -1,   -7,  -17,  -11,  -12,  -12,  -22,  -15,   -8,  -19,   -8,
      -8,   -5,   -5,  -27,  -18,  -37,  -45,  -10,   -7,  -16,   -1,   -2,   -3,   -2,   -2,   -1,
      -1,  -12,   -7,  -26,   -8,   -8,   -2,   -3,   -8,   -3,   -8,   -2,   -2,   -5,   -1,   -4,
      -2,  -12,  -12,  -12,   -2,   -2,   -2,  -20,   -5,   -1,  -23,   -4,  -20,  -10,   -1,   -5,
     -16,   -2,   -5,  -16,   -4,  -33,  -17,  -32,  -26,   -3,  -32,   -6,  -15,   -1,   -3,  -19,
      -3,   -7,  -10,   -9,   -9,   -9,   -2,  -12,   -9,  -11,  -10,  -18,   -8,   -1,   -9,  -12,
      -6,  -17,   -3,  -10,   -4,   -5,   -5,  -16,  -19,   -3,   -3,   -3,   -7,   -7,   -7,   -7,
      -3,   -3,   -3,   -3,   -3,   -9,   -9,   -9,  -18,   -3,   -3,   -3,   -3,   -3,   -3,   -3,
      -3,   -5,   -5,   -7,   -7,   -7,   -7,  -10,   -3,   -3,   -9,   -2,   -2,  -33,  -12,   -9,
      -9,   -9,  -18,   -8,   -8,   -3,   -3,   -3,   -3,   -7,   -7,   -3,   -3,   -9,   -9,   -9,
      -3,   -3,   -3,   -3,   -7,   -3,   -3,   -3,  -18,  -18,  -18,   -4,  -19,  -21,  -20,  -19,
     -19,  -19,    2,  -42,   -2,   -2,  -25,    7,  -12,    7,    3,    3,  -20,   -5,   -7,   11,
      -6,  -22,  -10,  -34,  -19,  -37,   -1,  -20,   -1,   -9,    1,   -3,   -2,   -1,    4,  -12,
      -1,   -4,  -11,  -10,  -16,  -10,  -10,    1,   -6,   -9,  -12,    1,    1,  -22,   -3,  -12,
     -12,  -12,  -12,  -12,  -20,  -21,    7,    7,  -27,  -19,   -9,   -9,    2,  -21,   -2,   -2,
     -25,    7,  -12,    7,    3,    3,  -20,   -5,   -7,   11,   -6,  -22,  -10,  -34,  -19,  -37,
      -1,  -20,   -1,   -9,    1,   -3,   -2,   -1,    4,  -12,   -1,   -4,  -11,  -10,  -16,  -10,
     -10,    1,   -6,   -9,  -12,    1,    1,  -22,   -3,  -12,  -12,  -12,  -12,  -12,  -40,  -42,
       7,    7,  -27,  -19,   -9,   -9,    2,  -21,   -2,   -2,  -24,    7,  -12,    7,    3,    3,
     -20,   -5,   -7,   11,   -6,  -22,  -10,  -34,  -19,  -37,   -1,  -20,   -1,   -9,    1,   -3,
      -2,   -1,    4,  -12,   -1,   -4,  -11,  -10,  -16,  -10,  -10,    1,   -6,   -9,  -12,    1,
       1,  -22,   -3,  -12,  -12,  -12,  -12,  -12,  -39,  -21,    7,    7,  -27,  -19,   -9,   -9,
     -10,   -6,  -14,   -3,  -14,   -2,   -4,   -2,   -2,   -4,   -2,   -1,  -12,  -12,  -32,  -20,
      -5,  -41,   -4,  -20,   -1,    1,    4,   -1,   -2,   -2,   -2,   -1,   -2,   -4,   -4,   -2,
       1,   -1,   -1,   -1,   -1,   -1,   -1,   -1,   -1,   -1,   -1,   -1,   -1,   -1,   -4,   -4,
       4,   -1,   -1,  -12,   -1,   -1,   -1,   -1,   -1,   -1,   -1,   -1,   -1,   -1,   -1,   -1,
      -3,   -7,   -5,  -16,   -4,    1,    1,  -19,   -9,  -15,  -15,   -4,   -7,   -3,   -5,   -7,
      -2,   -2,  -15,  -12,  -29,  -19,   -8,  -42,   -7,  -23,   -4,   -2,   -1,   -2,   -4,   -1,
      -4,   -1,   -3,   -7,   -7,   -2,   -4,   -7,   -7,   -2,   -2,  -15,   -1,   -2,   -2,  -10,
     -11,  -16,   -5,   -4,   -4,  -12,   -9,  -16,  -15,   -4,   -7,   -3,   -5,   -7,   -2,   -2,
     -15,  -12,  -29,  -19,   -8,  -42,   -7,  -23,   -4,   -2,   -1,   -2,   -4,   -1,   -4,   -1,
      -3,   -7,   -7,   -2,   -4,   -7,   -7,   -2,   -2,  -15,   -1,   -2,   -2,  -18,  -12,  -16,
      -5,   -4,   -4,  -21,   -9,  -12,  -15,   -4,   -7,   -3,   -5,   -7,   -2,   -2,  -15,  -12,
     -29,  -19,   -8,  -42,   -7,  -23,   -4,   -2,   -1,   -2,   -4,   -1,   -4,   -1,   -3,   -7,
      -7,   -2,   -4,   -7,   -7,   -2,   -2,  -15,   -1,   -2,   -2,  -16,  -12,  -16,   -5,   -4,
      -4,  -20,   -3,   -1,  -15,    4,  -11,    4,    1,    1,  -14,   -5,   -8,    6,   -7,   -8,
      -6,   -7,   -5,   -1,   -6,  -10,    1,   -8,   -1,   -1,    2,  -10,   -1,   -7,   -9,  -10,
     -10,   -4,   -1,   -7,   -8,  -10,   -8,   -1,  -10,  -10,  -10,  -10,  -11,  -22,  -10,    4,
       4,  -12,  -11,   -8,   -8,    3,    7,   -3,    6,    3,    4,  -11,    4,    1,    1,    2,
      -5,   -8,    6,   -7,   -8,   -6,   -7,   -5,   -1,   -6,  -10,    6,   22,   -8,   17,   14,
      -1,   -1,    2,  -10,    4,   -1,   -7,   -9,   -7,  -10,   -4,   -1,   -7,   -8,    4,    1,
       1,   17,  -10,   17,   -8,   -1,  -10,  -10,  -10,  -10,  -11,  -16,    3,    4,    4,  -12,
     -11,   -8,   -8,   -7,   -3,   -1,    5,    4,  -11,    4,    1,    1,   -9,   -5,   -8,    6,
      -7,   -8,   -6,   -7,   -5,   -1,   -6,  -10,    1,   -8,   -1,   -1,    2,  -10,   -1,   -7,
      -9,    3,  -10,   -4,   -1,   -7,   -8,  -10,   -8,   -1,  -10,  -10,  -10,  -10,  -11,    2,
     -15,    4,    4,  -12,  -11,   -8,   -8,    1,   -3,   -1,   17,    4,  -11,    4,    1,    1,
       2,   -5,   -8,    6,   -7,   -8,   -6,   -7,   -5,   -1,   -6,  -10,   13,   -8,    9,    7,
      -1,   -1,    2,  -10,   -1,   -7,   -9,    2,  -10,   -4,   -1,   -7,   -8,    9,  -10,    9,
      -8,   -1,  -10,  -10,  -10,  -10,  -11,    2,   -2,    4,    4,  -12,  -11,   -8,   -8,  -10,
     -10,  -14,  -15,   -5,   -8,   -2,   -7,   -8,   -2,   -1,  -11,  -11,  -22,  -17,  -13,  -27,
      -9,   -9,   -1,   -4,   -2,   -2,   -7,   -6,   -7,   -8,   -8,   -2,   -4,   -8,   -8,   -2,
      -2,  -11,   -2,   -9,   -8,  -13,   -7,   -4,   -4,  -34,  -11,  -28,  -20,   -5,   -9,   -4,
      -7,   -9,   -4,   -1,  -27,  -13,  -35,  -20,  -10,  -50,  -10,  -31,   -2,  -13,   -3,   -7,
      -2,   -8,   -1,  -14,   -8,   -9,   -9,   -4,  -13,   -9,   -9,   -3,   -3,  -27,   -7,   -2,
      -2,  -17,  -28,  -21,  -12,  -13,  -13,  -19,  -11,  -30,  -20,   -5,   -9,   -4,   -7,   -9,
      -4,   -1,  -27,  -13,  -35,  -20,  -10,  -50,  -10,  -31,   -2,  -13,   -3,   -7,   -2,   -8,
      -1,  -14,   -8,   -9,   -9,   -4,  -13,   -9,   -9,   -3,   -3,  -27,   -7,   -2,   -2,  -34,
     -29,  -21,  -12,  -13,  -13,  -37,  -11,  -29,  -20,   -5,   -9,   -4,   -7,   -9,   -4,   -1,
     -27,  -13,  -35,  -20,  -10,  -50,  -10,  -31,   -2,  -13,   -3,   -7,   -2,   -8,   -1,  -14,
      -8,   -9,   -9,   -4,  -13,   -9,   -9,   -3,   -3,  -27,   -7,   -2,   -2,  -17,  -15,  -21,
     -12,  -13,  -13,  -37,  -11,  -25,  -20,   -5,   -9,   -4,   -7,   -9,   -4,   -1,  -27,  -13,
     -35,  -20,  -10,  -50,  -10,  -31,   -2,  -13,   -3,   -7,   -2,   -8,   -1,  -14,   -8,   -9,
      -9,   -4,  -13,   -9,   -9,   -3,   -3,  -27,   -7,   -2,   -2,  -32,  -29,  -21,  -12,  -13,
     -13,  -36,  -11,  -28,  -19,   -5,   -9,   -4,   -7,   -9,   -4,   -1,  -27,  -13,  -35,  -20,
     -10,  -50,  -10,  -31,   -2,  -19,   -3,  -11,   -2,   -8,   -1,  -11,   -8,   -9,   -9,   -4,
     -19,   -9,   -9,   -3,   -3,  -27,  -11,   -2,   -2,  -28,  -27,  -21,  -12,  -19,  -19,  -14,
      -4,  -34,  -12,  -40,  -17,    2,  -21,   -3,   -8,  -14,   -7,  -19,  -25,  -12,  -14,  -28,
     -15,   -2,  -24,    2,  -23,  -10,  -37,  -23,  -37,  -27,  -42,   -4,  -29,    3,   -7,  -12,
     -13,  -24,   -6,  -10,   -4,  -13,  -13,  -13,   -4,  -17,  -15,  -18,  -17,  -50,   -4,   -1,
     -19,  -26,  -18,  -31,  -17,  -23,   -3,  -33,  -24,   -7,   -7,   -7,   -7,  -13,  -13,  -13,
     -10,  -10,  -10,  -10,  -12,  -13,  -13,  -13,  -13,  -19,  -15,  -15,  -15,  -50,   -7,   -7,
     -13,  -13,  -13,  -13,  -13,   -6,   -6,   -6,  -10,  -10,  -10,  -10,   -4,   -5,   -9,  -13,
     -13,  -13,   -4,   -4,  -37,  -17,  -15,  -15,  -15,  -50,   -4,   -4,   -6,  -19,   -7,  -13,
     -13,  -10,  -10,  -13,  -13,  -13,  -13,  -15,   -7,   -7,  -13,  -13,  -13,  -13,  -10,  -13,
     -13,  -13,  -50,  -50,  -50,  -17,  -36,  -39,  -37,  -33,  -11,  -24,  -22,    1,  -21,   -3,
      -2,  -25,   13,  -12,   13,    5,    5,  -20,   -5,   -7,   11,   -6,  -22,  -10,  -34,  -19,
     -37,   -1,  -20,   -1,    1,   20,    1,   -3,   -2,   -1,  -24,   -1,   -7,  -11,  -10,  -16,
     -10,  -10,   -6,    1,  -24,   20,    1,    1,  -22,   -3,  -24,  -24,  -24,  -24,  -12,  -20,
     -21,   13,   13,  -27,  -19,    1,    1,  -15,   -6,  -12,   -3,  -13,   -2,   -4,   -2,   -2,
      -4,   -2,   -1,  -12,  -12,  -32,  -20,   -5,  -41,   -4,  -20,    3,   -1,   -1,    1,   -1,
      -2,   -2,   -2,   -1,   -2,   -4,   -4,   -2,   -1,   -1,   -1,   -1,   -1,   -1,   -1,   -1,
      -1,    1,   -1,   -1,   -1,   -1,   -1,   -4,    1,   -4,   -1,   -1,  -12,   -1,   -1,   -1,
      -1,   -1,   -1,   -1,   -1,   -1,   -1,   -1,   -1,   -3,  -13,   -8,  -16,   -4,   -1,   -1,
     -20,   -6,  -14,   -3,  -14,   -2,   -4,   -2,   -2,   -4,   -2,   -1,  -12,  -12,  -32,  -20,
      -5,  -41,   -4,  -20,   -1,   -1,   -1,   -2,   -2,   -2,   -1,   -2,   -4,   -4,   -2,   -1,
      -1,   -1,   -1,   -1,   -1,   -1,   -1,   -1,   -1,   -1,   -1,   -1,   -1,   -4,   -4,   -1,
      -1,  -12,   -1,   -1,   -1,   -1,   -1,   -1,   -1,   -1,   -1,   -1,   -1,   -1,   -3,  -11,
     -10,  -16,   -4,   -1,   -1,  -18,   -6,  -14,   -3,  -14,   -2,   -4,   -2,   -2,   -4,   -2,
      -1,  -12,  -12,  -32,  -20,   -5,  -41,   -4,  -20,   -1,   -1,   -1,   -2,   -2,   -2,   -1,
      -2,   -4,   -4,   -2,   -1,   -1,   -1,   -1,   -1,   -1,   -1,   -1,   -1,   -1,   -1,   -1,
      -1,   -1,   -4,   -4,   -1,   -1,  -12,   -1,   -1,   -1,   -1,   -1,   -1,   -1,   -1,   -1,
      -1,   -1,   -1,   -3,   -7,  -10,  -16,   -4,   -1,   -1,    6,   29,   41,    1,   45,   40,
       1,  -13,    1,   34,   44,   60,   12,   55,    6,   11,   52,    3,    3,    3,   14,    3,
       4,   -7,   40,    8,   -9,   17,   -1,   12,    6,    6,    6,    6,   55,   -7,   55,    6,
       6,    6,    6,   11,    3,   14,   -7,   15,    6,    6,    3,    3,    6,   -7,   -7,   -7,
     -13,   22,   33,    1,    1,   12,   12,    4,  -17,   -3,   -2,    3,    8,  -13,    8,    3,
       3,    2,   -5,   -7,   11,   -6,  -10,   -9,  -12,  -10,  -11,  -12,    9,   -9,    7,    6,
       1,   -1,   -2,   -1,    2,  -12,   -1,  -10,  -10,   -2,  -11,   -9,    1,   -6,   -9,    7,
     -12,    7,    1,    1,    1,  -10,   -1,  -12,    1,  -12,  -12,  -12,  -13,   -9,  -18,    8,
       8,  -15,  -14,   -9,   -9,  -12,   -9,  -15,  -15,   -4,   -7,   -3,   -5,   -7,   -2,   -2,
     -15,  -12,  -29,  -19,   -8,  -42,   -7,  -23,   -4,   -2,   -1,   -2,   -4,   -1,   -4,   -1,
      -3,   -7,   -7,   -2,   -4,   -7,   -7,   -2,   -2,  -15,   -1,   -2,   -2,  -19,   -6,  -16,
      -5,   -4,   -4,  -22,   -9,  -15,  -15,   -4,   -7,   -3,   -5,   -7,   -2,   -2,  -15,  -12,
     -29,  -19,   -8,  -42,   -7,  -23,   -4,   -2,   -1,   -2,   -4,   -1,   -4,   -1,   -3,   -7,
      -7,   -2,   -4,   -7,   -7,   -2,   -2,  -15,   -1,   -2,   -2,  -20,  -12,  -16,   -5,   -4,
      -4,   -1,   -1,   -6,   -4,   -1,   -1,    1,    2,   -1,   -3,    1,   -3,   -3,   -3,   -1,
      -4,   -2,   -2,   -5,   -6,    2,   -3,   -3,   -3,   -3,   -4,   -4,   -4,   -5,   -1,   -1,
      -1,    1,   -3,   -3,   -3,   -3,    1,   -3,   -1,   -4,   -4,   -4,   -5,   -6,   -6,   -1,
      -6,   -3,   -3,   -3,   -4,    4,   -3,    3,   -5,   -5,   -5,   -1,    2,    2,  -12,   -9,
     -16,  -15,   -4,   -7,   -3,   -5,   -7,   -2,   -2,  -15,  -12,  -29,  -19,   -8,  -42,   -7,
     -23,    6,   17,   -2,   -1,   -2,   -4,   -1,   -4,   -1,   -3,   -7,   -7,   -2,    6,   -7,
      -7,   17,   -2,   -2,  -15,   -1,   -2,   -2,  -10,   -6,  -16,   -5,    6,    8,  -21,   -9,
     -16,  -15,   -4,   -7,   -3,   -5,   -7,   -2,   -2,  -15,  -12,  -29,  -19,   -8,  -42,   -7,
     -23,   -4,   -2,   -1,   -2,   -4,   -1,   -4,   -1,   -3,   -7,   -7,   -2,   -4,   -7,   -7,
      -2,   -2,  -15,   -1,   -2,   -2,  -10,  -12,  -16,   -5,   -4,   -4,    1,   -6,    1,  -13,
      -5,   -5,   -6,   -6,   -4,   -4,   -9,   10,  -10,  -10,   -8,    6,   -5,   -6,    4,   -8,
      -8,   -8,   -6,   -9,   -8,   -7,   -7,   -1,  -14,   -8,  -13,  -11,   -7,   -4,  -10,   -9,
      -9,   -9,   -9,  -10,  -10,  -10,   -9,  -10,   -5,   -5,   -6,  -10,  -10,  -10,  -10,  -10,
      -8,   -8,   -8,   11,  -14,   -9,   -9,  -10,  -10,  -10,  -10,  -10,   -8,   -8,   -8,    8,
      -5,   -5,   -5,  -10,   -6,   -1,  -10,  -10,   -8,  -12,  -11,   -9,   -8,   -8,   -8,  -14,
      -8,   -8,   -8,  -10,   -9,  -18,  -10,    2,   -5,  -20,  -10,  -16,   -8,   -8,   -9,   -9,
     -10,  -10,  -15,  -10,   -5,  -10,  -18,  -10,  -14,  -14,  -14,  -13,  -10,  -10,   -6,   -3,
      -1,    4,    4,  -11,    4,    1,    1,   -5,   -5,   -8,    6,   -7,   -8,   -6,   -7,   -5,
      -1,   -6,  -10,   10,   -8,    5,    2,   -1,   -1,    2,  -10,   -1,   -7,   -9,   -7,  -10,
      -4,   -1,   -7,   -8,    5,  -10,    5,   -8,   -1,  -10,  -10,  -10,  -10,  -11,  -13,   -9,
       4,    4,  -12,  -11,   -8,   -8,  -11,   -3,   -1,    6,    4,  -11,    4,    1,    1,   -7,
      -5,   -8,    6,   -7,   -8,   -6,   -7,   -5,   -1,   -6,  -10,    7,   -8,    4,    3,   -1,
      -1,    2,  -10,   -1,   -7,   -9,   -5,  -10,   -4,   -1,   -7,   -8,    4,  -10,    4,   -8,
      -1,  -10,  -10,  -10,  -10,  -11,   -9,  -11,    4,    4,  -12,  -11,   -8,   -8,   -8,   -3,
      -1,   -1,    4,  -11,    4,    1,    1,  -10,   -5,   -8,    6,   -7,   -8,   -6,   -7,   -5,
      -1,   -6,  -10,    1,    8,   -8,    3,   -1,   -1,    2,  -10,   -1,   -7,   -9,   -8,  -10,
      -4,   -1,   -7,   -8,    3,  -10,    3,   -8,   -1,  -10,  -10,  -10,  -10,  -11,  -19,  -11,
       4,    4,  -12,  -11,   -8,   -8,    1,   -6,    1,  -13,   -5,   -5,   -6,   -6,   -4,   -4,
      -9,   10,  -10,  -17,   -8,    6,   -5,   -6,    4,   -8,   -8,   -8,   -6,   -9,   -8,   -7,
      -7,   -1,  -14,   -8,  -13,  -11,   -7,   -4,  -17,   -9,   -9,   -9,   -9,  -10,  -10,  -10,
      -9,  -10,   -5,   -5,   -6,  -10,  -10,  -10,  -10,  -10,   -8,   -8,   -8,   11,  -14,   -9,
      -9,  -10,  -10,  -10,  -10,  -10,   -8,   -8,   -8,    7,   -5,   -5,   -5,  -10,   -6,   -1,
     -10,  -10,   -8,  -12,  -11,   -9,   -8,   -8,   -8,  -14,   -8,   -8,   -8,  -10,   -9,  -18,
     -10,    2,   -5,  -20,  -10,  -16,   -8,   -8,   -9,   -9,  -10,  -10,  -15,  -10,   -5,  -10,
     -18,  -10,  -14,  -14,  -14,  -13,  -17,  -17,  -10,   -3,   -1,  -11,    4,  -11,    4,    1,
       1,  -14,   -5,   -8,    6,   -7,   -8,   -6,   -7,   -5,   -1,   -6,  -10,    1,  -11,    4,
      -1,   -1,    2,  -10,   -1,   -7,   -9,  -10,  -10,   -4,   -1,   -7,  -11,  -10,    4,   -8,
      -1,  -10,  -10,  -10,  -10,  -11,  -11,  -10,    4,    4,  -12,  -11,  -11,  -11,    6,    8,
      -2,   -4,   -2,   -2,   -4,   -2,   -2,   -1,    2,    4,    1,   -1,    9,   -7,   -2,   -2,
      -4,    2,   -1,   -2,    2,   -2,    4,   -1,    1,   -1,   -1,   -1,   16,  -23,  -58,  -14,
       4,    4,   -4,   -6,    1,  -21,  -13,    5,    5,  -14,   -3,    2,   -3,   -1,  -64,  -12,
      -5,  -29,  -50,   -3,  -17,    8,  -12,    5,   -8,   -2,    4,   -9,   -9,   -9,  -12,   -9,
     -10,   -9,  -12,   -6,   -1,   -7,    8,  -26,   -5,   -3,  -12,   -8,   -8,   -8,   -8,   -9,
      -9,   -9,    5,  -12,    5,   -8,   -8,   -8,   -8,   -2,   -9,  -64,  -12,   -9,   -9,   -9,
     -12,   -6,   -6,   -8,   -8,   -9,   -9,   -9,   -8,  -12,  -12,  -12,  -67,  -54,    4,    4,
     -36,  -35,  -12,  -12,    3,   25,   34,    1,   39,   35,    2,  -12,    2,   28,   38,   54,
       6,   48,    2,    7,   45,   10,    1,   -8,   34,    5,   -8,   12,    6,    2,    2,    2,
       2,   48,   -8,    5,   48,    2,    2,    2,    2,    7,   16,   10,   -8,   11,    2,    2,
       2,   -8,   -8,   -8,  -12,   16,   27,    2,    2,    6,    6,  -11,   -3,   -5,  -13,  -12,
     -14,   -1,   -4,   -3,   -9,   -7,   -1,   -4,   -2,   -4,   -4,   -4,   -4,  -12,  -10,  -10,
      -1,   -1,    2,  -52,   -4,   -2,  -29,   12,  -10,    6,    3,    3,  -23,   -6,   -8,    9,
      -7,  -29,  -11,  -39,  -21,   -1,  -40,   -1,  -28,   -1,  -10,   -4,   -2,    2,  -12,   -1,
      -8,  -14,   -8,  -20,   -8,  -12,   -7,  -10,  -12,  -29,   -4,  -12,  -12,  -12,  -12,  -10,
     -25,  -26,    6,    6,  -30,  -22,  -10,  -10,  -10,   -2,  -14,  -16,   -3,    6,   -4,   -8,
      -3,    6,   -9,   -7,   -3,   -3,  -19,  -11,  -29,  -20,   -5,   -9,   -4,   -7,   -9,   -4,
      -1,  -27,  -13,  -35,  -20,  -10,  -50,  -10,  -31,   -2,  -13,   -3,   -7,   -2,   -8,   -1,
     -14,   -8,   -9,   -9,   -4,  -13,   -9,   -9,   -3,   -3,  -27,   -7,   -2,   -2,  -17,  -15,
     -21,  -12,  -13,  -13,  -37,  -11,  -30,  -20,   -5,   -9,   -4,   -7,   -9,   -4,   -1,  -27,
     -13,  -35,  -20,  -10,  -50,  -10,  -31,   -2,  -13,   -3,   -7,   -2,   -8,   -1,  -14,   -8,
      -9,   -9,   -4,  -13,   -9,   -9,   -3,   -3,  -27,   -7,   -2,   -2,  -17,  -15,  -21,  -12,
     -13,  -13,  -21,  -11,  -16,  -15,   -5,   -9,   -4,   -7,   -9,   -4,   -1,  -27,  -13,  -35,
     -20,  -10,  -50,  -10,  -31,    4,  -13,    1,   -3,   -7,   -2,   -7,   -1,  -12,   -8,   -9,
      -9,   -4,  -13,    1,   -9,    1,   -9,   -3,   -3,  -27,   -7,   -2,   -2,  -32,  -20,  -21,
     -12,  -13,  -13,  -17,   -2,   -2,  -13,   -3,  -13,   -2,   -5,   -5,   -2,   -5,   -5,   -3,
     -14,  -14,  -30,  -21,   -3,  -40,   -5,  -25,    1,   -3,    1,   -1,   -1,   -1,   -3,   -1,
      -2,   -3,   -1,   -2,   -3,   -5,   -3,   -2,   -5,   -5,   -5,   -3,    1,   -2,   -5,    1,
      -5,   -2,   -1,   -3,   -3,  -14,   -1,   -2,   -3,   -3,   -1,   -1,   -2,   -2,   -2,   -3,
     -12,  -14,  -16,   -5,   -4,   -3,   -3,  -22,   -2,   -2,  -16,   -3,  -15,   -2,   -5,   -5,
      -2,   -5,   -5,   -3,  -14,  -14,  -30,  -21,   -3,  -40,   -5,  -25,   -3,   -1,   -1,   -1,
      -3,   -1,   -2,   -3,   -1,   -2,   -3,   -4,   -3,   -2,   -5,   -5,   -5,   -3,   -2,   -5,
      -5,   -2,   -1,   -3,   -3,  -14,   -1,   -2,   -3,   -3,   -1,   -1,   -2,   -2,   -2,   -3,
     -20,  -18,  -16,   -5,   -4,   -3,   -3,  -11,   -2,   -2,  -16,   -3,  -15,   -2,   -5,   -5,
      -2,   -5,   -5,   -3,  -14,  -14,  -30,  -21,   -3,  -40,   -5,  -25,   -3,    4,   -1,   -1,
      -1,   -3,   -1,   -2,   -3,   -1,   -2,   -3,   -5,   -3,   -2,   -5,   -5,   -5,   -3,   -2,
      -5,   -5,    4,   -2,   -1,   -3,   -3,  -14,   -1,   -2,   -3,   -3,   -1,   -1,   -2,   -2,
      -2,   -3,  -12,   -9,  -16,   -5,   -4,   -3,   -3,  -19,   -2,   -2,  -14,   -3,  -15,   -2,
      -5,   -5,   -2,   -5,   -5,   -3,  -14,  -14,  -30,  -21,   -3,  -40,   -5,  -25,   -3,   -1,
      -1,   -1,   -3,   -1,   -2,   -3,   -1,   -2,   -3,   -5,   -3,   -2,   -5,   -5,   -5,   -3,
      -2,   -5,   -5,   -2,   -1,   -3,   -3,  -14,   -1,   -2,   -3,   -3,   -1,   -1,   -2,   -2,
      -2,   -3,  -12,  -17,  -16,   -5,   -4,   -3,   -3,   -2,   -2,   -6,   -2,   -4,   -1,   -2,
      -2,   -5,   -8,  -22,  -16,   -1,  -29,   -1,   -3,    6,    2,    2,   -2,   -2,   -1,   -2,
      -2,   -2,   -2,    6,   -1,   -5,   -2,   -1,   -1,   -6,   -5,    1,   13,   23,   18,   16,
      -2,    9,   -1,   -2,   -2,   -5,   -8,  -22,  -16,   -1,  -29,   -1,   -3,   20,   30,    4,
      25,    2,    5,   22,    4,    2,    3,   17,   -2,    5,   -2,   -1,   -2,   -2,    4,    2,
       2,    2,    2,   25,    2,    2,   -2,   25,   -2,    2,    2,    2,    2,    5,   -1,    5,
      -5,    4,    3,    2,    2,    2,   -2,   11,   20,   -6,   -5,    1,    4,    4,  -24,    1,
       1,  -11,    2,  -64,  -55,  -64,  -14,  -10,   -2,   -3,    1,  -31,   -1,  -32,   -1,   -3,
     -37,    5,  -26,   -1,  -18,    2,   -3,   -1,  -12,  -12,  -12,  -17,  -13,   -5,  -12,   -9,
     -12,  -15,  -46,  -25,   -4,  -45,   -1,   -1,  -37,  -37,  -37,  -37,  -24,  -25,  -23,   -2,
      -8,   -3,   -1,   -3,  -26,  -26,  -26,  -26,  -26,  -13,  -13,  -13,    4,  -11,  -37,  -37,
     -24,  -25,  -25,  -25,  -26,  -17,  -17,  -18,    6,   -3,   -4,   -4,  -10,    1,  -26,  -26,
     -12,  -13,  -14,   -3,  -13,  -13,  -13,  -12,  -15,  -15,  -18,  -26,  -36,  -19,  -25,    3,
      -3,  -22,  -26,   -9,  -12,  -12,  -32,  -37,  -26,  -25,   -6,  -25,   -3,  -26,  -10,  -26,
     -12,  -12,  -12,  -55,    2,    1,  -65,  -65,  -13,    1,   -1,   -1,    3,  -41,   -2,   -1,
     -25,    8,  -11,    8,    4,    4,  -21,   -6,   -7,   12,   -6,  -24,  -10,  -36,  -19,  -37,
     -24,   -1,   -9,    1,   -1,    3,  -12,   -1,   -5,  -12,   -9,  -18,   -9,  -11,    1,   -6,
      -9,  -12,    1,    1,  -24,  -12,  -12,  -12,  -12,  -22,  -43,  -42,    8,    8,  -28,  -21,
      -9,   -9,    2,  -22,   -3,   -2,  -27,   16,  -11,    8,    4,    7,  -21,   -6,   -7,   12,
      -6,  -24,  -10,  -36,  -19,  -37,  -24,   -1,    1,    1,   20,    1,   -1,    2,  -22,   -7,
     -12,   -9,  -18,   -9,  -11,    1,   -6,    1,  -22,    1,    1,    1,   20,    1,    1,  -24,
     -22,    1,  -22,  -22,  -22,  -22,  -22,  -22,   16,   16,  -28,  -21,    1,    1,   -1,  -30,
      -3,   -5,  -18,   -6,  -18,   -3,   -1,   -5,   -8,    2,   -3,   -5,   -8,   -1,  -16,  -15,
     -36,  -26,   -5,  -41,   -4,  -17,   -1,   -4,   -1,   -1,   -1,   -1,   -1,   -1,   -3,   -2,
     -12,   -4,   -1,   -7,   -4,  -11,   -5,   -4,   -1,   -5,   -5,   -8,   -4,   -1,   -1,   -1,
      -1,   -1,   -1,   -1,   -1,   -1,   -1,   -1,  -12,   -1,   -1,   -1,   -1,   -1,   -1,   -1,
      -1,   -5,   -5,   -3,   -1,   -1,   -1,  -16,   -1,   -1,   -1,   -1,  -12,   -4,   -4,   -1,
      -1,   -1,   -1,   -1,   -1,   -1,   -1,   -1,   -1,   -1,   -1,   -1,   -1,   -1,   -1,  -12,
     -12,  -12,  -11,  -14,  -14,    1,    1,  -19,  -12,   -7,   -4,   -4,   -6,   -3,   -3,   -8,
      -5,   -4,   -1,   -8,   -3,  -11,   -5,   -1,   -1,   -3,   -1,   -1,   -3,   -3,   -1,   -1,
      -2,   -6,    1,  -12,   12,   20,   -6,   22,   27,  -17,  -16,  -17,  -11,  -11,   17,  -17,
       5,  -11,    3,   14,    8,   20,   18,   10,   18,    8,   20,  -10,   35,  -11,   -8,  -10,
      31,   -3,   -1,   27,  -10,  -10,  -10,  -13,   -9,   -9,  -11,  -10,  -11,  -13,  -15,   22,
     -17,  -19,    5,    5,   -8,  -10,  -10,  -10,  -10,  -11,  -11,  -11,   -3,   -3,   -3,   -3,
     -19,  -11,  -11,  -11,  -11,   -9,   -9,   -9,   31,  -13,  -10,  -10,  -11,  -11,  -11,  -11,
     -11,  -10,  -10,  -10,    5,   31,    5,   -3,   -3,   -3,   -3,   -1,  -11,  -11,  -10,  -13,
     -13,   14,   -9,   -9,   -9,   -9,  -13,  -15,  -15,  -10,  -11,  -10,  -11,  -11,   -3,   -3,
     -11,  -11,  -10,  -10,   -9,  -10,  -10,  -11,  -11,  -11,  -11,   -7,  -11,   38,  -11,  -13,
     -13,  -13,  -16,   15,  -17,  -17,   -8,   -8,    1,  -15,    1,    6,    2,    4,    3,    2,
      -4,    1,  -10,    1,    2,    4,   -4,    4,    2,   -4,   -4,   -4,   -4,  -15,    5,    1,
       2,    2,  -35,  -11,  -28,  -19,   -5,   -9,   -4,   -7,   -9,   -4,   -1,  -27,  -13,  -35,
     -20,  -10,  -50,  -10,  -31,   -2,  -19,   -3,  -11,   -2,   -8,   -1,  -11,   -8,   -9,   -9,
      -4,  -19,   -9,   -9,   -3,   -3,  -27,  -11,   -2,   -2,  -28,  -27,  -21,  -12,  -19,  -19,
     -12,   -9,  -16,  -15,   -4,   -7,   -3,   -5,   -7,   -2,   -2,  -15,  -12,  -29,  -19,   -8,
     -42,   -7,  -23,   -4,   -2,   -1,   -2,   -4,   -1,   -4,   -1,   -3,   -7,   -7,   -2,   -4,
      -7,   -7,   -2,   -2,  -15,   -1,   -2,   -2,  -19,  -12,  -16,   -5,   -4,   -4,  -20,   -3,
      -1,  -10,    4,  -11,    4,    1,    1,  -14,   -5,   -8,    6,   -7,   -8,   -6,   -7,   -5,
      -1,   -6,  -10,    1,   -8,   -1,   -1,    2,  -10,   -1,   -7,   -9,  -10,  -10,   -4,   -1,
      -7,   -8,  -10,   -8,   -1,  -10,  -10,  -10,  -10,  -11,  -17,  -20,    4,    4,  -12,  -11,
      -8,   -8,  -13,   -3,   -1,    3,    4,  -11,    4,    1,    1,   -9,   -5,   -8,    6,   -7,
      -8,   -6,   -7,   -5,   -1,   -6,  -10,    1,   -8,   -1,   -1,    2,  -10,   -1,   -7,   -9,
      -2,  -10,   -4,   -1,   -7,   -8,  -10,   -8,   -1,  -10,  -10,  -10,  -10,  -11,   -4,  -16,
       4,    4,  -12,  -11,   -8,   -8,  -19,  -11,  -30,  -20,   -5,   -9,   -4,   -7,   -9,   -4,
      -1,  -27,  -13,  -35,  -20,  -10,  -50,  -10,  -31,   -2,  -13,   -3,   -7,   -2,   -8,   -1,
     -14,   -8,   -9,   -9,   -4,  -13,   -9,   -9,   -3,   -3,  -27,   -7,   -2,   -2,  -17,  -29,
     -21,  -12,  -13,  -13,  -11,   -2,   -2,  -16,   -3,  -15,   -2,   -5,   -5,   -2,   -5,   -5,
      -3,  -14,  -14,  -30,  -21,   -3,  -40,   -5,  -25,   -3,    3,   -1,   -1,   -1,   -3,   -1,
      -2,   -3,   -1,   -2,   -3,   -5,   -3,   -2,   -5,   -5,   -5,   -3,   -2,   -5,   -5,    3,
      -2,   -1,   -3,   -3,  -14,   -1,   -2,   -3,   -3,   -1,   -1,   -2,   -2,   -2,   -3,  -12,
      -9,  -16,   -5,   -4,   -3,   -3,    2,  -22,   -2,    7,  -13,    7,  -12,    7,    3,    3,
     -12,   -5,   -7,   11,   -6,  -22,  -10,  -34,  -19,  -37,   -1,  -20,    9,    5,   -9,    2,
       1,    1,   -3,   -2,   -1,    4,  -12,    8,   -4,  -11,  -10,  -16,  -10,  -10,    1,   -6,
      -9,    2,  -12,    2,    1,    1,  -22,   -3,  -12,  -12,  -12,  -12,  -12,  -40,  -24,    7,
       7,  -27,  -19,   -9,   -9,    2,  -18,   -2,    3,  -11,    7,  -12,    7,    3,    3,  -13,
      -5,   -7,   11,   -6,  -22,  -10,  -34,  -19,  -37,   -1,  -20,    3,   11,   -9,    7,    5,
       1,   -3,   -2,   -1,    4,  -12,    1,   -4,  -11,  -10,  -15,  -10,  -10,    1,   -6,   -9,
       7,  -12,    7,    1,    1,  -22,   -3,  -12,  -12,  -12,  -12,  -12,  -37,  -23,    7,    7,
     -27,  -19,   -9,   -9,  -12,   -9,  -16,  -15,   -4,   -7,   -3,   -5,   -7,   -2,   -2,  -15,
     -12,  -29,  -19,   -8,  -42,   -7,  -23,   -4,    1,   -2,   -1,   -2,   -4,   -1,   -4,   -1,
      -3,   -7,   -7,   -2,   -4,   -7,   -7,    1,   -2,   -2,  -15,   -1,   -2,   -2,  -10,   -6,
     -16,   -5,   -4,   -4,  -23,   -9,  -15,  -15,   -4,   -7,   -3,   -5,   -7,   -2,   -2,  -15,
     -12,  -29,  -19,   -8,  -42,   -7,  -23,   -4,   -2,   -1,   -2,   -4,   -1,   -4,   -1,   -3,
      -7,   -7,   -2,   -4,   -7,   -7,   -2,   -2,  -15,   -1,   -2,   -2,  -20,  -12,  -16,   -5,
      -4,   -4,    7,    5,   13,    1,   -4,   -7,   -3,   -5,   -7,   -2,   -2,  -15,  -12,  -29,
     -19,   -8,  -42,   -7,  -23,   19,   20,   -4,   14,   13,   -2,   -1,   -2,   19,   -1,   -2,
      -1,   -3,   -7,   -7,   -2,   -4,   14,   -7,   14,   -7,   -2,   -2,  -15,   -1,   -2,   -2,
     -17,    8,  -16,   -5,   -4,   -4,    6,    8,   12,    2,   -2,   -4,   -7,   -3,   -5,   -7,
      -2,   -2,  -15,  -12,  -29,  -19,   -8,  -42,   -7,  -23,   13,   25,   -4,   20,   16,   -2,
      -1,   -2,   11,   -1,   -1,   -3,   -7,   -7,   -2,   -4,   20,   -7,   20,   -7,   -2,   -2,
     -15,   -1,   -2,   -2,  -14,    9,  -16,   -5,   -4,   -4,  -12,   -9,  -16,  -15,   -4,   -7,
      -3,   -5,   -7,   -2,   -2,  -15,  -12,  -29,  -19,   -8,  -42,   -7,  -23,   -4,    1,   -2,
      -1,   -2,   -4,   -1,   -4,   -1,   -3,   -7,   -7,   -2,   -4,   -7,   -7,    1,   -2,   -2,
     -15,   -1,   -2,   -2,  -18,  -12,  -16,   -5,   -4,   -4,  -20,   -3,   -1,  -12,    4,  -11,
       4,    1,    1,  -14,   -5,   -8,    6,   -7,   -8,   -6,   -7,   -5,   -1,   -6,  -10,    1,
      -8,   -1,   -1,    2,  -10,   -1,   -7,   -9,  -10,  -10,   -4,   -1,   -7,   -8,  -10,   -8,
      -1,  -10,  -10,  -10,  -10,  -11,  -21,  -10,    4,    4,  -12,  -11,   -8,   -8,    1,   -6,
       1,  -13,   -5,   -5,   -6,   -6,   -4,   -4,   -9,   10,  -10,  -10,   -8,    6,   -5,  -10,
       4,   -8,   -8,   -8,   -6,   -9,   -8,   -7,   -7,   -1,  -14,   -8,  -13,  -11,   -7,   -4,
     -10,   -9,   -9,   -9,   -9,  -10,  -10,  -10,   -9,  -10,   -5,   -5,   -6,  -10,  -10,  -10,
     -10,  -10,   -8,   -8,   -8,   11,  -14,   -9,   -9,  -10,  -10,  -10,  -10,  -10,   -8,   -8,
      -8,    7,   -5,   -5,   -5,  -10,  -10,   -1,  -10,  -10,   -8,  -12,  -11,   -9,   -8,   -8,
      -8,  -14,   -8,   -8,   -8,  -10,   -9,  -18,  -10,    2,   -5,  -20,  -10,  -16,   -8,   -8,
      -9,   -9,  -10,  -10,  -15,  -10,   -5,  -10,  -18,  -10,  -14,  -14,  -14,  -13,  -10,  -10,
     -10,   -3,   -1,  -10,    4,  -11,    4,    1,    1,  -14,   -5,   -8,    6,   -7,   -8,   -6,
      -7,   -5,   -1,   -6,  -10,    1,   -8,    3,   -1,   -1,    2,  -10,   -1,   -7,   -9,  -10,
     -10,   -4,   -1,   -7,   -8,  -10,    3,   -8,   -1,  -10,  -10,  -10,  -10,  -11,  -11,  -10,
       4,    4,  -12,  -11,   -8,   -8,  -15,    2,  -13,  -10,   -5,   -9,   -4,   -7,   -9,   -4,
      -1,  -27,  -13,  -35,  -20,  -10,  -50,  -10,  -31,    8,    8,  -13,    5,    3,   -3,   -7,
      -2,    5,   -1,  -11,   -8,   -9,   -9,   -4,  -13,    5,   -9,    5,   -9,   -3,   -3,  -27,
      -7,   -2,   -2,  -34,  -13,  -21,  -12,  -13,  -13,    1,  -12,   -1,  -12,  -10,   -5,   -9,
      -4,   -7,   -9,   -4,   -1,  -27,  -13,  -35,  -20,  -10,  -50,  -10,  -31,    3,   12,  -13,
       9,    7,   -3,   -7,   -2,   -2,   -1,   -8,   -8,   -9,   -9,   -4,  -13,    9,   -9,    9,
      -9,   -3,   -3,  -27,   -7,   -2,   -2,  -30,  -13,  -21,  -12,  -13,  -13,  -12,   12,   20,
      -6,   22,   27,  -17,  -16,  -17,  -11,  -11,   17,  -17,    5,  -11,    3,   14,    8,   20,
      18,   10,   18,    8,   20,  -10,   35,  -11,   -8,  -10,   31,   -3,   -1,   27,  -10,  -10,
     -10,  -13,   -9,   -9,  -11,  -10,  -11,  -13,  -15,   22,  -17,  -19,    5,    5,   -8,  -10,
     -10,  -10,  -10,  -11,  -11,  -11,   -3,   -3,   -3,   -3,  -19,  -11,  -11,  -11,  -11,   -9,
      -9,   -9,   31,  -13,  -10,  -10,  -11,  -11,  -11,  -11,  -11,  -10,  -10,  -10,    5,   31,
      14,   -3,   -3,   -3,   -3,   -1,  -11,  -11,  -10,  -13,  -13,   14,   -9,   -9,   -9,   -9,
     -13,  -15,  -15,  -10,  -11,  -10,  -11,  -11,   -3,   -3,  -11,  -11,  -10,  -10,   -9,  -10,
     -10,  -11,  -11,  -11,  -11,   -7,  -11,   38,  -11,  -23,  -13,  -13,  -16,   15,  -17,  -17,
      -8,   -8,    1,   -2,   -4,  -10,   14,   13,  -11,   -5,   -9,   -8,   -9,   -1,   -8,  -11,
     -31,  -21,  -11,  -42,   -7,   -6,    9,   20,    8,   -1,   -6,   -9,   -9,   -9,   -9,   20,
      -8,   -2,   -1,    5,    5,   -9,   -1,   -1,  -34,  -24,  -38,   -6,   -6,  -19,  -14,   -6,
      -3,  -11,  -15,  -10,  -10,  -14,  -13,   -3,  -10,  -12,  -13,   -1,  -37,  -10,  -31,  -23,
     -22,  -41,  -14,   -3,  -20,  -21,  -10,  -11,   -5,   -5,   -5,   -3,  -13,   -8,   -4,   -4,
      -6,   -5,  -18,  -15,  -18,  -13,  -13,   -1,  -21,  -10,  -10,  -10,  -10,   -8,   -8,   -8,
     -13,  -13,  -10,  -10,  -10,  -10,  -11,   -5,   -3,   -3,  -71,  -27,   -8,   -8,   -8,   -5,
      -5,  -10,  -10,   -5,   -5,   -8,  -10,  -36,  -32,   -6,   -6,  -33,  -21,  -21,  -34,  -24,
     -38,   -6,   -6,  -19,  -14,   -6,   -3,  -11,  -15,  -10,  -10,  -14,  -13,   -3,  -10,  -12,
     -13,   -2,  -37,  -10,  -31,  -23,  -22,  -41,  -14,   -3,  -20,  -21,  -10,  -11,   -5,   -5,
      -5,   -3,  -13,   -8,   -4,   -4,   -6,   -5,  -18,  -15,  -18,  -13,  -13,   -2,  -21,  -10,
     -10,  -10,  -10,   -8,   -8,   -8,  -13,  -13,  -10,  -10,  -10,  -10,  -11,   -5,   -3,   -3,
     -71,  -27,   -8,   -8,   -8,   -5,   -5,  -10,  -10,   -5,   -5,   -8,  -10,  -36,  -32,   -6,
      -6,  -33,  -21,  -21,  -12,   -9,    1,  -90,  -20,  -45,   -9,    1,  -25,  -31,   11,    7,
       3,    9,   -9,   18,   -6,    2,   -1,   13,    6,    7,   10,   -1,    2,    3,    1,    2,
      -7,   -1,   -4,   -1,  -15,   -1,  -38,  -37,    2,  -17,   -9,   -9,   -9,   -9,   -6,   -9,
      17,    6,   13,   21,  -11,   -6,   -6,  -12,   -6,    3,    3,    3,   27,   -9,   -9,  -11,
     -11,  -12,  -11,  -11,   -2,   -1,   -1,   22,   13,   15,   15,    6,   17,    4,   -6,   -6,
       1,   -2,    4,    3,    3,    3,   -1,   -2,   -2,   -6,  -15,   -1,   -6,   33,   13,   -8,
      -6,    4,    8,  -14,   -9,   -6,   -6,    8,  -11,    6,   -6,   -6,  -20,  -90,  -45,    2,
       2,  -12,   -8, -100,  -32,  -50,    7,    1,  -11,    1,    4,   -2,   -2,  -28,  -32,   -1,
       3,    7,    4,    1,    4,    1,  -17,   14,  -12,    7,   -7,    9,   -4,   -3,    7,   -3,
      -3,   -3,   -6,    7,   -6,   -3,   -3,  -12,   -2,   -6,   -2,   -4,  -25,    1,   -6,  -36,
     -39,    7,  -34,  -34,  -17,  -33,  -21,  -21,  -19,   -2,   -4,    2,    3,   -1,  -24,  -24,
     -24,  -22,  -12,   -6,   -6,  -12,   19,   -4,  -17,  -17,  -20,  -23,  -22,  -23,  -24,  -11,
     -13,   -7,   20,    2,   -3,   -4,   -4,   11,   -1,    3,  -24,  -24,   -3,   -7,   -9,    3,
      13,   -6,   -6,   -6,   -2,   -6,  -12,  -14,  -12,  -32,  -14,  -21,   18,  -20,  -24,   -2,
      -5,  -10,  -31,  -17,  -12,  -21,   -7,  -23,   -4,  -12,  -13,  -24,   -2,   -2,   -2,  -32,
    -100,  -50,    7,    7,   -9,  -48,   -5,  -12,   -2,  -56,  -34,  -14,   -3,   -3,   -1,   -2,
     -14,  -23,   -5,  -16,  -26,  -12,    3,  -20,    2,  -19,   -6,  -76,  -21,  -40,  -60,    1,
     -80,   -2,  -33,   -2,   -8,   -9,    3,   -7,  -17,    7,  -20,  -20,  -20,  -18,  -19,  -19,
     -18,  -75,  -10,  -11,   -3,   -2,   -1,  -18,  -11,  -48,  -12,   11,  -33,    1,   -2,   -2,
      -2,   -2,   -9,   -9,   -9,  -17,  -17,  -17,  -17,   -8,   -9,   -9,   -9,   -9,  -17,  -19,
     -19,  -19,  -75,   -2,   -2,   -9,   -9,   -9,   -9,   -9,   -7,   -7,   -7,  -17,  -17,  -17,
     -17,    3,   -9,   -9,   -9,  -20,  -76,  -18,  -19,  -19,  -19,  -75,  -10,  -10,   -7,  -17,
      -2,   -9,   -9,  -17,  -17,   -9,   -9,  -20,  -20,  -19,   -2,   -2,   -9,   -9,   -9,   -9,
     -17,   -9,   -9,   -9,  -75,  -75,  -75,  -34, -120, -112,  -50,    3,    3,   -9,  -48,   -5,
     -12,   -2,  -57,  -17,  -14,   -3,   -3,   -1,   -2,  -14,  -23,   -5,  -16,  -26,  -12,    3,
     -20,    2,  -19,   -6,  -38,  -21,  -40,  -30,    1,  -40,   -2,  -33,   -2,   -8,   -9,    2,
      -7,  -17,    6,  -20,  -20,  -20,  -18,  -19,  -19,  -18,  -75,  -10,  -11,   -3,   -2,   -1,
     -18,  -11,  -48,  -12,   11,  -33,   -2,   -2,   -2,   -2,   -9,   -9,   -9,  -17,  -17,  -17,
     -17,   -8,   -9,   -9,   -9,   -9,  -17,  -19,  -19,  -19,  -75,   -2,   -2,   -9,   -9,   -9,
      -9,   -9,   -7,   -7,   -7,  -17,  -17,  -17,  -17,    3,   -9,   -9,   -9,  -20,  -76,  -18,
     -19,  -19,  -19,  -75,  -10,  -10,   -7,  -17,   -2,   -9,   -9,  -17,  -17,   -9,   -9,  -20,
     -20,  -19,   -2,   -2,   -9,   -9,   -9,   -9,  -17,   -9,   -9,   -9,  -75,  -75,  -75,  -17,
     -60,  -56,  -50,    2,    2,    6,    4,   -2,    6,    4,    6,    6,   -4,    5,    3,   -2,
       5,    3,    5,    5,   -6,   -3,  -22,  -36,  -17,   -9,  -36,   -6,  -10,   -4,   -8,  -12,
     -12,   -4,  -12,  -13,  -10,  -12,   -4,   -4,  -22,   -8,  -12,  -13,  -13,  -12,  -12,  -12,
     -10,  -10,  -12,    1,    1,   -9,   -2,    5,    3,  -94,  -30,  -47,    2,  -15,   -1,    2,
      -3,   -3,    2,    8,   -4,    4,   -7,  -26,  -10,  -37,  -30,    1,  -47,  -47,  -11,   -6,
       3,    5,    1,    3,    4,    5,    1,    5,    3,    3,    3,    3,    1,    1,    1,    1,
       1,    3,    3,    3,    3,    4,    5,    1,    1,    1,    3,    3,    1,    3,    5,    5,
       1,    1,    9,    2,    3,    8,    2,    9,    2,    2,    2,    2,    2,    2,    2,    2,
       3,    1,    8,    2,    2,    2,    9,    9,   -2,   -4,   -1,   -1,   -8,   -3,   19,   40,
     119,   10,   41,   61,   -9,  -15,   -9,   53,   15,   -6,   34,   12,   -5,   28,   34,   13,
      27,   41,   43,   55,   52,   43,   53,   34,   44,   51,   -4,   -1,    1,   18,   30,    4,
       7,    4,    4,    3,    4,   52,   45,   26,   39,  -13,   49,   47,   44,  -13,   53,   38,
      34,   34,   13,    1,   -5,   -4,   -8,   -4,    8,    3,   19,   42,   12,   34,   53,   -2,
       5,    2,   11,   -1,    4,    5,   13,   -7,   -6,    3,    5,    8,    6,    5,   10,   13,
       1,   34,   57,   34,   43,   42,   36,   12,   51,   -5,    2,    2,   12,   15,   16,   41,
       2,    1,    2,    3,    1,    2,    8,   11,   -1,   35,    3,   68,   37,   27,   -1,   38,
      10,   11,    3,   -7,    8,   40,    4,   20,   -2,   32,    1,    7,    1,    4,  -15,  118,
     116,   -9,   -9,   60,   56,   -4,   39,   20,    1,    1,  -20,   -3,   -1,  -15,    4,  -11,
       4,    1,    1,  -14,   -5,   -8,    6,   -7,   -8,   -6,   -7,   -5,   -1,   -6,  -10,    1,
      -8,   -1,   -1,    2,  -10,   -1,   -7,   -9,  -10,  -10,   -4,   -1,   -7,   -8,  -10,   -8,
      -1,  -10,  -10,  -10,  -10,  -11,  -22,  -10,    4,    4,  -14,  -11,   -8,   -8,
};

static const EpdLigaturePair libron_12_bolditalicLigaturePairs[] = {
    { 0x00660066, 0xFB00 }, // f f -> U+FB00
    { 0x00660069, 0xFB01 }, // f i -> U+FB01
    { 0x0066006C, 0xFB02 }, // f l -> U+FB02
    { 0xFB000069, 0xFB03 }, // U+FB00 i -> U+FB03
    { 0xFB00006C, 0xFB04 }, // U+FB00 l -> U+FB04
};

static const EpdFontData libron_12_bolditalic = {
    libron_12_bolditalicBitmaps,
    libron_12_bolditalicGlyphs,
    libron_12_bolditalicIntervals,
    53,
    25,
    20,
    -5,
    true,
    libron_12_bolditalicGroups,
    11,
    nullptr,
    nullptr,  // kernLeftClasses: built-in fonts use the split arrays below
    nullptr,  // kernRightClasses
    libron_12_bolditalicKernLeftCodepoints,
    libron_12_bolditalicKernLeftClassIds,
    libron_12_bolditalicKernRightCodepoints,
    libron_12_bolditalicKernRightClassIds,
    nullptr,  // kernMatrix: built-in fonts use the sparse form below
    libron_12_bolditalicKernRowOffsets,
    libron_12_bolditalicKernSparseCols,
    libron_12_bolditalicKernSparseValues,
    460,
    464,
    199,
    188,
    libron_12_bolditalicLigaturePairs,
    5,
};
