/**
 * generated by fontconvert.py
 * name: libron_18_bold
 * size: 18
 * mode: 2-bit  compressed: true
 * Command used: fontconvert.py libron_18_bold 18 ../builtinFonts/source/Libron/Libron-Bold.ttf --2bit --compress --pnum --zopfli
 */
#pragma once
#include "EpdFontData.h"

static const uint8_t libron_18_boldBitmaps[23627] = {
    0xBD, 0x7A, 0x31, 0xB0, 0xED, 0xC8, 0x51, 0x76, 0x4B, 0xFA, 0xF7, 0xEA, 0x2F, 0x2B, 0x98, 0xC4,
    0x10, 0xF8, 0x52, 0x25, 0x07, 0x0E, 0xC0, 0x50, 0x9E, 0xBC, 0xC0, 0x3B, 0x32, 0x04, 0x1B, 0x38,
    0x60, 0x13, 0x62, 0xE7, 0x10, 0xDC, 0xBC, 0xF0, 0x22, 0x61, 0x87, 0x04, 0xBE, 0x90, 0x07, 0x0E,
    0x36, 0xA0, 0x48, 0xEC, 0x80, 0x70, 0xD9, 0x11, 0x6C, 0xE0, 0x10, 0xB9, 0x08, 0x1C, 0xAE, 0xA0,
    0x1E, 0x05, 0xE0, 0xE0, 0xA9, 0x40, 0x55, 0xD6, 0xB5, 0x47, 0xFA, 0xD0, 0xD7, 0x2D, 0xDD, 0x73,
    0xDE, 0x7D, 0xFB, 0xFC, 0xBC, 0xDE, 0x67, 0x9F, 0xAB, 0xF3, 0x7D, 0x53, 0x52, 0xAB, 0x35, 0xD3,
    0xDD, 0x3D, 0x3D, 0x67, 0x74, 0xFD, 0xD2, 0x6E, 0xFA, 0xB7, 0x86, 0x35, 0x24, 0xFE, 0xF9, 0xE4,
    0x97, 0x7A, 0xAE, 0x67, 0x37, 0xF1, 0xAF, 0x9A, 0xAA, 0x51, 0x44, 0xA4, 0x1A, 0x43, 0x6A, 0x57,
    0x95, 0x4B, 0x7B, 0x7B, 0x6E, 0x27, 0xFD, 0x4E, 0xFC, 0x86, 0x91, 0x5F, 0x3F, 0x85, 0xC1, 0x8F,
    0x61, 0xA8, 0xC7, 0xD0, 0xD7, 0x83, 0xEF, 0x1D, 0xBF, 0x7D, 0xDD, 0x8B, 0x04, 0xF9, 0xA6, 0x88,
    0xBC, 0x2D, 0x1F, 0xEC, 0xF8, 0x55, 0x49, 0x3B, 0x7E, 0x53, 0x96, 0x1D, 0x3F, 0xC8, 0xE6, 0x1D,
    0x97, 0x6C, 0xDA, 0x71, 0xCE, 0x77, 0xCC, 0xE6, 0x62, 0x14, 0x07, 0x00, 0xD3, 0x35, 0x4A, 0x31,
    0x56, 0xBD, 0x48, 0x39, 0xB8, 0x4E, 0xA4, 0xEA, 0x5D, 0x43, 0xAC, 0x77, 0x74, 0x9D, 0x17, 0x69,
    0x29, 0xD3, 0x5F, 0xA3, 0x78, 0x79, 0xEF, 0xF2, 0x40, 0xE2, 0xF9, 0x40, 0xE1, 0x03, 0x93, 0x3E,
    0x70, 0xC9, 0x89, 0x73, 0x41, 0x2C, 0x7F, 0x38, 0xBF, 0x0C, 0xD8, 0x1A, 0xEA, 0x9E, 0x73, 0x00,
    0xA9, 0x42, 0xD3, 0xAE, 0x2E, 0x49, 0x95, 0xFC, 0x2C, 0xD9, 0x12, 0xA8, 0x27, 0x2C, 0x84, 0x44,
    0xC0, 0xBD, 0x88, 0xE7, 0x0D, 0x35, 0xB0, 0xE9, 0x08, 0xFA, 0x42, 0x7B, 0x1E, 0x81, 0x24, 0x37,
    0x04, 0x29, 0xB1, 0x8A, 0x48, 0xBB, 0xED, 0xE0, 0x2E, 0xB0, 0xFA, 0x46, 0x5C, 0x0A, 0x83, 0xF8,
    0xA5, 0x5D, 0x32, 0x4C, 0x01, 0xC0, 0xA0, 0x5A, 0x72, 0xE0, 0xE5, 0x5E, 0x65, 0xCD, 0xBB, 0x22,
    0x71, 0xA4, 0x3F, 0x4C, 0x61, 0xDD, 0xF3, 0x99, 0x8D, 0x84, 0xFD, 0x18, 0x63, 0x2F, 0x51, 0xA4,
    0xED, 0xC3, 0x90, 0x25, 0x91, 0xD8, 0xF9, 0xB1, 0x58, 0x76, 0x6E, 0xEA, 0xB1, 0x9A, 0x94, 0x27,
    0xD7, 0x2B, 0x8F, 0xA1, 0xB3, 0xEB, 0x51, 0x4C, 0x7E, 0x15, 0xE1, 0xFD, 0x1F, 0x2D, 0x22, 0xD4,
    0xF7, 0xCE, 0x54, 0x3F, 0x50, 0xBF, 0xFB, 0x21, 0xD0, 0x49, 0x1C, 0xFD, 0xB7, 0x81, 0x91, 0xA2,
    0xD5, 0x52, 0xD3, 0x60, 0xAB, 0x9B, 0xAA, 0x45, 0x24, 0x4F, 0xF5, 0x54, 0x72, 0x68, 0x53, 0x3D,
    0x16, 0x3B, 0xBB, 0xC1, 0x2B, 0xFB, 0xBE, 0x56, 0x6E, 0xC5, 0xAE, 0x6F, 0xA2, 0xF2, 0x39, 0xED,
    0x57, 0x4F, 0x52, 0xCC, 0x52, 0x50, 0x9F, 0x1B, 0x25, 0xA3, 0x7E, 0xDF, 0x8B, 0xEC, 0xCF, 0x13,
    0xF9, 0xDE, 0xD6, 0x68, 0xAC, 0x01, 0x33, 0x39, 0x00, 0x2B, 0xB9, 0x5D, 0x1C, 0xC8, 0x98, 0x4A,
    0xE3, 0xB1, 0x30, 0x9E, 0x4E, 0x2E, 0x57, 0xE5, 0xE4, 0x16, 0x95, 0xDF, 0xFC, 0x60, 0xF7, 0x3F,
    0x90, 0xC4, 0xF1, 0x46, 0xD0, 0x03, 0x0B, 0x99, 0x9E, 0x92, 0x76, 0x94, 0x6C, 0x8B, 0xE8, 0x42,
    0x4F, 0x9F, 0x62, 0x08, 0x8D, 0xD4, 0x4B, 0x85, 0xB9, 0xA5, 0x5F, 0x73, 0xAC, 0x1F, 0x90, 0x25,
    0x62, 0xE1, 0xE3, 0xC5, 0x63, 0xDA, 0x39, 0x49, 0xA5, 0xBC, 0x49, 0x81, 0x44, 0xF5, 0xC3, 0x8D,
    0xA9, 0xE3, 0xA7, 0x53, 0xB7, 0x3F, 0x07, 0x2F, 0x62, 0xAB, 0x78, 0xE1, 0x0E, 0xF7, 0xC5, 0xCE,
    0x61, 0xDE, 0xFF, 0x26, 0xFE, 0xF9, 0xC9, 0x8F, 0xF5, 0x58, 0x0F, 0x6E, 0xA0, 0x1F, 0xDE, 0x95,
    0x6C, 0x96, 0x72, 0x96, 0x7A, 0x94, 0xD0, 0x0B, 0x24, 0xDF, 0xA4, 0x48, 0xE2, 0xF6, 0x63, 0x16,
    0x3F, 0x49, 0xD0, 0xA3, 0x1D, 0x9F, 0x1E, 0x61, 0x3C, 0x2E, 0xF9, 0x89, 0x92, 0x55, 0x92, 0x62,
    0x95, 0x1C, 0x22, 0x68, 0xA8, 0xC7, 0x8D, 0xD4, 0xC9, 0xCC, 0x7A, 0xF7, 0xFF, 0x8B, 0x78, 0x3A,
    0x43, 0xDC, 0x44, 0xCD, 0xF9, 0xA6, 0x32, 0x6D, 0x2F, 0x61, 0xE0, 0xCD, 0xF5, 0x2C, 0x6E, 0xE1,
    0xF3, 0x5E, 0x75, 0xD4, 0x8B, 0xD4, 0xD6, 0x8F, 0x41, 0xE2, 0xD1, 0xC3, 0x32, 0x51, 0x5B, 0xE8,
    0xA9, 0x79, 0xD7, 0xAF, 0x9F, 0xB2, 0x67, 0x42, 0xCA, 0x97, 0x5C, 0x2F, 0xED, 0x37, 0x3A, 0x69,
    0xD1, 0xD0, 0x16, 0x7D, 0x6E, 0xDF, 0xAE, 0x62, 0x46, 0x3E, 0xEF, 0x25, 0x7C, 0x7D, 0x90, 0xDF,
    0x2A, 0x47, 0x11, 0xCD, 0x39, 0xA6, 0xEF, 0xF8, 0x89, 0x5F, 0x00, 0xDB, 0xF5, 0xF7, 0x55, 0x72,
    0xD5, 0xE4, 0x53, 0xD8, 0xDA, 0xCD, 0x6F, 0xE5, 0x96, 0xAF, 0x79, 0x2A, 0x96, 0x72, 0x72, 0x7D,
    0x68, 0x3E, 0x90, 0x2F, 0xD2, 0x71, 0x8F, 0x87, 0xC9, 0xF1, 0xCF, 0xA7, 0x6A, 0x16, 0xC9, 0x57,
    0xA1, 0x39, 0x84, 0x11, 0xEC, 0x66, 0xE1, 0x18, 0xC5, 0x0F, 0xC2, 0x41, 0x49, 0xDB, 0xA9, 0x8D,
    0x04, 0xC2, 0xC1, 0xAA, 0x58, 0x99, 0x4C, 0xCC, 0x51, 0x6C, 0x3C, 0xC4, 0xFA, 0x4F, 0x14, 0xAB,
    0x0E, 0xB1, 0x9A, 0x62, 0x1A, 0x82, 0x77, 0x5B, 0x73, 0xC6, 0x73, 0xE0, 0x50, 0x44, 0x43, 0xA5,
    0xC0, 0x5C, 0x63, 0x28, 0x39, 0x49, 0x4C, 0x0E, 0x8D, 0x60, 0x66, 0x80, 0x63, 0xA9, 0x37, 0x91,
    0x98, 0xFC, 0x8E, 0x6D, 0x0A, 0xAB, 0x48, 0x58, 0x5F, 0x83, 0xDB, 0x8E, 0x29, 0xA8, 0xBC, 0x07,
    0xB1, 0xDE, 0x31, 0x2E, 0x0E, 0x9D, 0x60, 0xAA, 0x68, 0xFE, 0xB1, 0xC0, 0xBC, 0x37, 0x32, 0x00,
    0xD0, 0xF9, 0x6C, 0xD5, 0xFE, 0xD0, 0x03, 0x71, 0x13, 0xE2, 0xC8, 0x13, 0x3B, 0xB4, 0x3B, 0x94,
    0xD8, 0x21, 0x5C, 0xE0, 0x6F, 0x76, 0xF8, 0x7C, 0xCE, 0xAB, 0x6F, 0x1A, 0x6E, 0xF1, 0xC0, 0x44,
    0xC1, 0xA8, 0x20, 0x79, 0x7C, 0x26, 0x9A, 0x49, 0x8D, 0xB0, 0xAB, 0x83, 0x5E, 0x9B, 0x34, 0xA5,
    0x16, 0xA9, 0xE7, 0x12, 0x49, 0x42, 0x9F, 0xED, 0xD8, 0x8A, 0xEC, 0xF8, 0x21, 0xED, 0x24, 0xFF,
    0xA0, 0x39, 0x29, 0x1C, 0x31, 0x11, 0x93, 0x22, 0xED, 0x5E, 0xA0, 0xDB, 0xB1, 0xD2, 0x01, 0xD6,
    0x33, 0x31, 0xF4, 0xC4, 0x8D, 0x50, 0xCC, 0x44, 0xD7, 0x13, 0xDF, 0x26, 0x9C, 0x4E, 0x21, 0x3A,
    0x62, 0xE3, 0x89, 0x12, 0xAE, 0x50, 0x6E, 0xF0, 0x4C, 0xD8, 0x6E, 0xB4, 0x7F, 0xA5, 0x56, 0xA7,
    0x25, 0xC7, 0x54, 0x0F, 0x12, 0xE7, 0xD0, 0x49, 0x98, 0xBD, 0x30, 0x57, 0x76, 0x18, 0xD9, 0xA5,
    0xCE, 0x02, 0x4D, 0xEE, 0x1E, 0xD8, 0x1D, 0x1B, 0xD1, 0x2C, 0x39, 0xC0, 0x1E, 0xB7, 0xBC, 0x52,
    0x6B, 0x01, 0x80, 0xC2, 0xA5, 0x1E, 0x04, 0x11, 0x9F, 0xDA, 0x41, 0xDA, 0x39, 0x2E, 0x37, 0x18,
    0xDB, 0xA3, 0x3B, 0x8B, 0xDC, 0x40, 0x67, 0xC7, 0x42, 0x87, 0x59, 0x29, 0x3A, 0xC5, 0xA0, 0x18,
    0x89, 0xD9, 0x46, 0x2C, 0x12, 0xD1, 0x4D, 0xC4, 0x7A, 0x20, 0x86, 0x8E, 0x08, 0xD9, 0x31, 0x4F,
    0xC4, 0x72, 0x26, 0xBA, 0x91, 0xE8, 0x7B, 0xA2, 0x0E, 0x33, 0xBD, 0x8C, 0x66, 0xD8, 0x57, 0xE3,
    0x2D, 0x36, 0xF3, 0xD9, 0x74, 0x60, 0x05, 0xD8, 0x04, 0x00, 0x21, 0x6E, 0x5A, 0x50, 0x56, 0x75,
    0x6E, 0x62, 0x4F, 0xD4, 0x1B, 0x0D, 0xB1, 0x25, 0xC8, 0x87, 0x8A, 0x78, 0x50, 0x04, 0x6B, 0x9C,
    0x2A, 0xC8, 0x35, 0x2E, 0x0A, 0xE8, 0xA9, 0xDF, 0xB4, 0x8E, 0xDC, 0x28, 0x4A, 0x58, 0x89, 0x4E,
    0xB1, 0x32, 0x4C, 0x07, 0xB2, 0x9A, 0x2E, 0xE7, 0x14, 0xB9, 0x66, 0x18, 0x74, 0x5C, 0x5A, 0x97,
    0x59, 0xAF, 0xCC, 0x84, 0x22, 0xD9, 0xF7, 0x89, 0x77, 0x0C, 0x9B, 0xD2, 0x1C, 0xC2, 0x80, 0x29,
    0xB4, 0xEC, 0xD4, 0x6C, 0x9A, 0x87, 0x32, 0x1D, 0x61, 0x81, 0x41, 0x2D, 0xDE, 0x99, 0xA7, 0x54,
    0x24, 0xC7, 0xBD, 0xF8, 0xAD, 0xC6, 0x22, 0x61, 0x6D, 0xB1, 0x49, 0xD8, 0xF8, 0x98, 0x80, 0xC1,
    0xA3, 0x0B, 0x90, 0x0A, 0x7D, 0x58, 0xA5, 0x78, 0x82, 0x1B, 0xD1, 0x83, 0x58, 0xA3, 0xD9, 0x15,
    0x3A, 0xCA, 0xEB, 0x18, 0x57, 0x1D, 0xB5, 0xCD, 0x12, 0x3D, 0x3B, 0xBA, 0x58, 0x54, 0x6E, 0xAF,
    0x06, 0xC6, 0xF7, 0x2A, 0xE2, 0x12, 0x0B, 0xEE, 0xC2, 0x5B, 0xA7, 0xEF, 0x6A, 0x3A, 0x5B, 0x0E,
    0xE4, 0xD4, 0x53, 0x40, 0xA7, 0x1F, 0x76, 0x59, 0x2B, 0xBC, 0x0E, 0x75, 0x39, 0x5C, 0x97, 0x81,
    0x73, 0x31, 0xC5, 0x4A, 0x82, 0xA3, 0x6C, 0x8D, 0xD3, 0xBE, 0x9A, 0x59, 0xA0, 0x6C, 0x16, 0x69,
    0x35, 0xAF, 0xDD, 0xD3, 0xAE, 0x6A, 0xA6, 0xD0, 0x20, 0xB7, 0x68, 0xDC, 0x2A, 0xF9, 0x8E, 0x49,
    0xB2, 0x13, 0xF5, 0x8C, 0x38, 0x74, 0xC5, 0xBA, 0xE3, 0x76, 0x37, 0x49, 0x79, 0x3A, 0x94, 0x4F,
    0x8D, 0x16, 0x0C, 0x91, 0x99, 0x94, 0xB2, 0x88, 0xBE, 0x9A, 0x69, 0xAE, 0x9A, 0xE1, 0x33, 0x30,
    0x7F, 0x9E, 0xE0, 0xC2, 0x91, 0x04, 0x34, 0xB7, 0xE8, 0xEA, 0xE3, 0xB9, 0x00, 0x1F, 0x84, 0x73,
    0x1A, 0x39, 0x72, 0x53, 0xA8, 0x52, 0x6C, 0x3A, 0x71, 0x6A, 0x4C, 0x8F, 0xAF, 0x21, 0x71, 0xD0,
    0x61, 0xB3, 0x22, 0x2E, 0x71, 0xA6, 0x07, 0x41, 0x6C, 0x14, 0xBB, 0xB8, 0x28, 0x26, 0x62, 0xBB,
    0x89, 0xBA, 0xEF, 0xBF, 0x81, 0xCE, 0x03, 0x1F, 0xD3, 0x47, 0xF8, 0x63, 0x34, 0x39, 0x74, 0x5E,
    0xFD, 0x8D, 0xA6, 0xDE, 0x2E, 0xE1, 0xA7, 0xF6, 0xB1, 0x14, 0xC8, 0xAF, 0x02, 0xA4, 0x5D, 0xB5,
    0x3F, 0x13, 0x9B, 0x34, 0x68, 0xA6, 0x26, 0x14, 0x8B, 0xBB, 0x77, 0x09, 0xF5, 0x18, 0x96, 0x98,
    0x90, 0x62, 0x0A, 0x0B, 0x0B, 0x85, 0x7D, 0x5E, 0xBE, 0x52, 0x2E, 0xE2, 0xD8, 0x21, 0x09, 0xD8,
    0x91, 0xED, 0x72, 0x91, 0x27, 0x9F, 0xEC, 0x5D, 0x26, 0x40, 0x4D, 0x01, 0x62, 0x09, 0xC9, 0xA0,
    0x55, 0x69, 0x95, 0x2C, 0xB1, 0xCE, 0xBA, 0x81, 0xB9, 0xF6, 0x7B, 0x72, 0x7E, 0xD8, 0xC5, 0xBA,
    0x67, 0xB7, 0x76, 0xA8, 0x77, 0xC8, 0x98, 0xA0, 0x9E, 0x33, 0xB0, 0x35, 0x86, 0x63, 0x08, 0xED,
    0x28, 0xD6, 0xD2, 0x73, 0x7A, 0x55, 0xE5, 0xCE, 0x66, 0x0D, 0xD3, 0xC2, 0x26, 0x21, 0x23, 0xC8,
    0xCB, 0xB5, 0xFB, 0xC9, 0xE7, 0xE9, 0xF5, 0x2F, 0xEA, 0x24, 0x4C, 0xE3, 0x84, 0x99, 0x60, 0xF1,
    0xCA, 0x66, 0xB4, 0xE6, 0x72, 0x26, 0x67, 0xA9, 0x46, 0x8E, 0x83, 0xB6, 0xF4, 0x9C, 0x5D, 0x8D,
    0xDA, 0x98, 0xF5, 0xDE, 0x53, 0x0B, 0xF5, 0x7D, 0xE9, 0x62, 0xA4, 0x88, 0xEF, 0x8A, 0xD4, 0x67,
    0x01, 0xC4, 0x28, 0xD0, 0xB2, 0x82, 0x87, 0x2C, 0xAE, 0xD4, 0xE8, 0x37, 0xF9, 0x8A, 0xA5, 0xF6,
    0x8B, 0xE8, 0x89, 0x6A, 0xA0, 0x02, 0x58, 0x15, 0x17, 0x45, 0x35, 0xC8, 0x7F, 0xF1, 0xE2, 0x26,
    0x8F, 0x28, 0xEB, 0x4B, 0xDE, 0x59, 0x89, 0xE5, 0x31, 0x71, 0xF4, 0x4F, 0xD0, 0xCE, 0x9B, 0x0C,
    0x03, 0x99, 0xFA, 0x34, 0xB8, 0xB5, 0x7C, 0x3C, 0x93, 0x5B, 0x3E, 0x51, 0x5D, 0xD1, 0x48, 0xCD,
    0xB1, 0x9B, 0x2F, 0x85, 0x6E, 0x4D, 0xAA, 0x7E, 0xC9, 0x67, 0xA9, 0xE6, 0x2F, 0xDC, 0xA7, 0x72,
    0x94, 0x76, 0x0D, 0xC3, 0x7B, 0x8E, 0xEB, 0xAD, 0xD8, 0xBF, 0xED, 0xBA, 0x12, 0xDF, 0x42, 0x17,
    0xBC, 0xB8, 0x2D, 0x47, 0xE3, 0x83, 0x84, 0x54, 0x40, 0xFC, 0xDB, 0xD2, 0xCE, 0xC6, 0x71, 0xAA,
    0x36, 0xF1, 0xEF, 0x09, 0x06, 0xB7, 0xCA, 0x57, 0xDE, 0xCB, 0xD0, 0xD7, 0x49, 0xDE, 0x7E, 0x2F,
    0x47, 0xFF, 0xFB, 0x49, 0xBE, 0x4A, 0xFE, 0xF3, 0x45, 0x3E, 0xD8, 0xF9, 0x1F, 0x3F, 0x5E, 0x64,
    0x7E, 0x3B, 0xC7, 0x8F, 0xBF, 0xB3, 0x14, 0x53, 0xC8, 0x80, 0x2A, 0xB9, 0x3E, 0x48, 0x4C, 0x05,
    0x36, 0xF1, 0x8D, 0x1F, 0xA5, 0x7D, 0xA6, 0xB5, 0x54, 0x7B, 0x3F, 0x18, 0x17, 0xF3, 0xB5, 0x01,
    0x3E, 0x27, 0xD2, 0x0E, 0x74, 0x03, 0x6B, 0x5C, 0xA3, 0xB3, 0x6E, 0xA6, 0xB5, 0x56, 0x33, 0x05,
    0xF7, 0x2A, 0x89, 0x44, 0x3A, 0x82, 0x4B, 0x8D, 0xAC, 0x5C, 0x02, 0x0D, 0xD9, 0x51, 0x9C, 0xFC,
    0x63, 0xF4, 0xE4, 0xFA, 0x07, 0x18, 0xC8, 0xE1, 0x23, 0x4C, 0xCA, 0x7F, 0x68, 0x1C, 0x05, 0x0B,
    0x19, 0x82, 0x64, 0x1D, 0xD0, 0x18, 0xCE, 0x39, 0x07, 0x50, 0xED, 0xCE, 0x10, 0xD1, 0x55, 0xB7,
    0xC5, 0x17, 0x60, 0x73, 0x9F, 0x71, 0x0D, 0xB3, 0x7F, 0x20, 0x4F, 0xBA, 0x6A, 0xC8, 0x19, 0x5B,
    0xB1, 0xB1, 0x44, 0x86, 0x08, 0x15, 0x67, 0xE4, 0xB8, 0x6A, 0x81, 0xA7, 0xC2, 0x5B, 0x96, 0xC0,
    0x88, 0x21, 0x60, 0x60, 0x8F, 0xA7, 0x93, 0x5B, 0x80, 0x15, 0x87, 0x84, 0x49, 0x95, 0xEB, 0xCD,
    0x96, 0x18, 0x98, 0x25, 0x42, 0xC9, 0x1B, 0xD5, 0x9F, 0x44, 0xFE, 0x90, 0x4C, 0x22, 0xDA, 0x37,
    0xA3, 0xC6, 0x68, 0x36, 0x32, 0x91, 0x16, 0x0D, 0xC9, 0xA1, 0x27, 0x31, 0x49, 0xAE, 0x69, 0x34,
    0x1A, 0x54, 0xC4, 0xA8, 0x3D, 0x96, 0x85, 0x68, 0x6A, 0xD3, 0xD2, 0x9A, 0x4E, 0xEB, 0xB5, 0x3A,
    0xE7, 0xA7, 0x0D, 0xFD, 0xA6, 0x4F, 0xA8, 0xCC, 0x65, 0xC1, 0x08, 0x68, 0x6E, 0x74, 0x1D, 0xCB,
    0x8A, 0xAE, 0xE5, 0xC3, 0xF7, 0x8E, 0x2E, 0x72, 0x5D, 0x6D, 0x9E, 0xF3, 0x46, 0x61, 0x7B, 0x81,
    0xD6, 0x0B, 0xBD, 0x74, 0x0D, 0xD7, 0xE4, 0xA9, 0xCC, 0xA6, 0x99, 0x73, 0xA1, 0x73, 0xFC, 0x84,
    0xCE, 0x9A, 0x1C, 0x18, 0xB2, 0xB6, 0x93, 0x68, 0x7D, 0xA9, 0x49, 0xB6, 0x06, 0xD9, 0xB4, 0xD7,
    0xDB, 0xBD, 0x8E, 0xE1, 0x41, 0x44, 0xD9, 0xEA, 0xC4, 0x71, 0x95, 0x4C, 0x9D, 0x3A, 0xCE, 0x51,
    0xB9, 0xC4, 0xAC, 0xAC, 0x31, 0xA8, 0xED, 0xD5, 0xB8, 0xDD, 0x8C, 0x03, 0x5E, 0x64, 0xFF, 0x1A,
    0x0E, 0x4F, 0x79, 0x33, 0x6E, 0x4F, 0xFD, 0xC6, 0x19, 0xDB, 0xFA, 0xFC, 0x49, 0xB9, 0xD5, 0x7E,
    0xF1, 0x63, 0xFD, 0xA5, 0x58, 0x4B, 0x1E, 0x8C, 0x9F, 0x89, 0x31, 0xB6, 0x93, 0xBC, 0x51, 0x71,
    0xD2, 0x28, 0x99, 0x91, 0x1C, 0xF4, 0x79, 0x23, 0x79, 0x15, 0xA9, 0x2D, 0xAE, 0xA9, 0xBB, 0x10,
    0x45, 0x5E, 0x4F, 0xA1, 0x51, 0x8A, 0xF6, 0x74, 0xD8, 0xED, 0x38, 0x7B, 0xD6, 0x5E, 0xD1, 0x6A,
    0x34, 0x1B, 0x7A, 0x45, 0x95, 0x5E, 0x78, 0x6B, 0xA1, 0x98, 0x2B, 0x66, 0x33, 0x51, 0xE4, 0xD5,
    0x08, 0x40, 0x71, 0xBB, 0xC2, 0xD5, 0xAE, 0x7E, 0x0A, 0xBC, 0x3D, 0x43, 0xA4, 0x3B, 0x51, 0xE4,
    0x26, 0x6A, 0xE8, 0x33, 0xE6, 0x9B, 0x73, 0x7A, 0x08, 0x46, 0x40, 0xF3, 0x16, 0x7A, 0x8B, 0xF9,
    0x9E, 0xA9, 0x74, 0xC6, 0xFC, 0x5B, 0xCD, 0x2F, 0x18, 0xF3, 0x7F, 0xFA, 0x77, 0x1D, 0x29, 0xA2,
    0xE7, 0x35, 0xEC, 0xA4, 0xAE, 0x56, 0xCA, 0xD0, 0x7B, 0x34, 0xA4, 0x1A, 0x3D, 0xC9, 0x61, 0x24,
    0x95, 0x58, 0x48, 0xB9, 0x66, 0x5C, 0x2F, 0xD1, 0xFA, 0x52, 0x1B, 0x65, 0xA4, 0xE6, 0x12, 0xF3,
    0x83, 0x03, 0xD2, 0xC9, 0xDC, 0xC1, 0xCA, 0x22, 0xEE, 0xCF, 0x58, 0xFC, 0xE5, 0x59, 0x3F, 0xAF,
    0x66, 0x95, 0xFB, 0xEC, 0x5C, 0x1D, 0xFD, 0x7D, 0x3A, 0x0E, 0x32, 0xBF, 0x1E, 0xE8, 0x34, 0x67,
    0xDE, 0xF0, 0xB7, 0xC4, 0x26, 0xE7, 0x33, 0x24, 0x57, 0x83, 0x1A, 0xCA, 0x1D, 0xEC, 0x17, 0x42,
    0xFF, 0x2B, 0xC7, 0xFF, 0xA7, 0x18, 0x84, 0xF1, 0x14, 0x07, 0x8F, 0x73, 0x9D, 0xDC, 0x82, 0x5D,
    0xF0, 0xEC, 0x99, 0xDC, 0xB0, 0x79, 0x7A, 0xB9, 0x39, 0xF9, 0x56, 0xAD, 0xF6, 0x60, 0xA3, 0x89,
    0xBD, 0x72, 0x0E, 0x51, 0xAE, 0x92, 0x71, 0x3D, 0x19, 0xB7, 0xBD, 0x72, 0x06, 0x51, 0x2E, 0x93,
    0x71, 0x3D, 0x2B, 0xEB, 0xA3, 0x94, 0xD7, 0x83, 0x71, 0x72, 0xA7, 0x72, 0x01, 0x83, 0xB2, 0xC3,
    0xA4, 0x5C, 0x22, 0x29, 0xE7, 0xD8, 0x94, 0x05, 0x30, 0x6E, 0xD1, 0x2B, 0x7B, 0x8C, 0xCA, 0x0E,
    0xB3, 0x72, 0x81, 0xA4, 0xD6, 0xCE, 0x81, 0x8E, 0xFD, 0xDF, 0x79, 0x22, 0x17, 0xCA, 0x97, 0x34,
    0xF4, 0x58, 0x2D, 0x49, 0x7F, 0x5D, 0xF8, 0xB7, 0xC4, 0x22, 0x11, 0xAB, 0xC5, 0x26, 0x25, 0x7F,
    0x99, 0xAC, 0x26, 0x43, 0x07, 0x8A, 0xD6, 0x66, 0xF7, 0x89, 0xBD, 0x3C, 0x5B, 0x01, 0x9A, 0x99,
    0x33, 0x5B, 0x9C, 0xB4, 0x09, 0xF1, 0x11, 0xA0, 0xAD, 0xB8, 0x8A, 0x6C, 0x91, 0xAD, 0xB0, 0x49,
    0xB6, 0x5A, 0x0B, 0x92, 0x27, 0xB6, 0xE0, 0xD1, 0x14, 0xD6, 0x72, 0xE8, 0xCA, 0x99, 0x95, 0x62,
    0x73, 0xE8, 0xAB, 0xA9, 0xE5, 0x6D, 0x15, 0x7A, 0x67, 0xAD, 0x12, 0x83, 0x1B, 0xB5, 0x55, 0x60,
    0xF2, 0x3D, 0x67, 0x93, 0x35, 0xC7, 0x14, 0x74, 0x42, 0x59, 0x33, 0xCC, 0xA1, 0x53, 0xF5, 0x82,
    0xA5, 0x6D, 0xAC, 0x15, 0x53, 0x14, 0x6B, 0xB5, 0xEB, 0x26, 0x01, 0x92, 0xA5, 0x1D, 0x57, 0xD1,
    0x87, 0x6B, 0x87, 0xAD, 0x55, 0x63, 0x11, 0xAF, 0x2D, 0x47, 0xD7, 0xE9, 0xAA, 0x86, 0x9E, 0x8E,
    0x18, 0x22, 0xC6, 0x52, 0xF7, 0x50, 0x53, 0xC4, 0x54, 0x60, 0x60, 0xCB, 0x03, 0x92, 0x1F, 0x59,
    0x49, 0xAE, 0xD5, 0x06, 0xCC, 0x50, 0xDB, 0x5E, 0x10, 0x60, 0x3E, 0x38, 0x29, 0x6F, 0x58, 0x8D,
    0x5B, 0x18, 0x07, 0x74, 0xCA, 0x35, 0x7A, 0x65, 0x87, 0x91, 0xCC, 0x91, 0x29, 0xE7, 0x58, 0x94,
    0x05, 0xAB, 0x71, 0x84, 0x71, 0xC0, 0x3B, 0xCA, 0x35, 0x7E, 0xA0, 0xEC, 0xF0, 0x23, 0xE5, 0x12,
    0x3F, 0x51, 0x2E, 0x00, 0x65, 0x39, 0x39, 0x1E, 0x1C, 0x0E, 0xF6, 0x9A, 0xF5, 0xF7, 0x3A, 0xD0,
    0x80, 0x45, 0xCA, 0x83, 0x8B, 0x9D, 0x99, 0x67, 0xFF, 0x29, 0x72, 0x6C, 0x43, 0x89, 0xBB, 0xAA,
    0xC3, 0x22, 0x3A, 0x53, 0xF4, 0x85, 0xEE, 0x72, 0x4C, 0x15, 0x74, 0x75, 0xE8, 0x74, 0x35, 0x96,
    0x6A, 0x88, 0x6E, 0xDE, 0x91, 0xDA, 0x35, 0x6C, 0x5A, 0x00, 0x8C, 0x10, 0xD6, 0x17, 0x68, 0x7B,
    0x81, 0x60, 0x92, 0x4A, 0x6B, 0x4D, 0x65, 0x6D, 0xD2, 0xB2, 0x12, 0x97, 0x0A, 0x83, 0x64, 0xB4,
    0xB8, 0xAE, 0xE0, 0x32, 0x6C, 0xCD, 0xDD, 0x59, 0x02, 0x34, 0x10, 0x6D, 0x4F, 0xC3, 0xD2, 0xF3,
    0x16, 0xCF, 0xC4, 0x96, 0x3D, 0x46, 0x18, 0xE4, 0x16, 0x26, 0xF2, 0xD2, 0x82, 0xB3, 0x3E, 0x97,
    0x8A, 0x1D, 0x89, 0xE3, 0x78, 0x4A, 0x7A, 0xED, 0x22, 0x19, 0x71, 0xD1, 0x72, 0xD1, 0x39, 0x90,
    0xF8, 0x3C, 0x8A, 0xC8, 0xA7, 0xA1, 0x92, 0x9A, 0x6C, 0x2E, 0xBB, 0x90, 0xFD, 0x8E, 0x7F, 0x6A,
    0xF9, 0xF0, 0xB2, 0xE5, 0xC7, 0xF2, 0xCD, 0x58, 0x5E, 0xE9, 0xB4, 0xBC, 0xDD, 0x9E, 0x6A, 0xB5,
    0x7C, 0x72, 0xE8, 0xED, 0x7D, 0xC3, 0xC4, 0x09, 0x22, 0xC7, 0xAA, 0x2B, 0x51, 0xE0, 0x67, 0x80,
    0x75, 0x69, 0xD1, 0x0E, 0xDA, 0xAE, 0xD1, 0x4F, 0xDF, 0xD7, 0x91, 0x25, 0xA2, 0x04, 0x34, 0x24,
    0x77, 0xAE, 0x91, 0x56, 0x92, 0x00, 0xF7, 0x76, 0xD1, 0xF6, 0xED, 0x8C, 0x32, 0x23, 0x79, 0xEB,
    0x4F, 0xCC, 0x63, 0x9D, 0x18, 0x2F, 0x62, 0xAE, 0x63, 0x8F, 0x94, 0x1B, 0xB5, 0x1B, 0x7D, 0x4F,
    0xAE, 0x0E, 0x2E, 0x0F, 0x2E, 0x9E, 0x70, 0xF9, 0x28, 0xD7, 0x28, 0xB7, 0x9B, 0x9C, 0x6E, 0x33,
    0xEE, 0x0E, 0xBE, 0xBF, 0x3E, 0x3F, 0x67, 0x48, 0xCA, 0x12, 0xB6, 0x83, 0x61, 0xEC, 0x95, 0x35,
    0x16, 0x94, 0xDD, 0x23, 0x77, 0xC6, 0xBA, 0x10, 0x59, 0x84, 0xD1, 0xCA, 0xD9, 0x80, 0x63, 0x56,
    0x97, 0x46, 0xD0, 0xA5, 0x0F, 0xE6, 0xD1, 0x67, 0x52, 0x69, 0x65, 0xF1, 0x44, 0x3E, 0xA3, 0x5A,
    0x25, 0xCE, 0x3A, 0x41, 0x4D, 0x9A, 0xE4, 0x3B, 0xFE, 0x85, 0x86, 0xC7, 0xEF, 0x48, 0xB4, 0xE8,
    0xD0, 0xD0, 0x0A, 0x20, 0xD5, 0x80, 0x6D, 0x4F, 0xB3, 0x93, 0x77, 0x1A, 0x88, 0x24, 0x13, 0x6B,
    0x44, 0xD8, 0x99, 0xF7, 0xF5, 0x37, 0xF5, 0xAA, 0x18, 0x89, 0x4D, 0xEC, 0xC4, 0x41, 0xDA, 0x21,
    0x8B, 0x3B, 0xF2, 0x5E, 0x75, 0xDD, 0xA4, 0xD8, 0xC9, 0x0D, 0xF0, 0xBE, 0xEA, 0xA7, 0xEE, 0x4F,
    0x26, 0xAE, 0xEF, 0xDC, 0x13, 0xFA, 0x72, 0xB3, 0xD3, 0xE7, 0xEE, 0xC5, 0xC6, 0xFF, 0x6B, 0xA4,
    0x56, 0xB3, 0xA3, 0x04, 0x36, 0x23, 0x8B, 0xC4, 0x51, 0x80, 0xE9, 0x64, 0xEE, 0x11, 0x73, 0xDE,
    0x16, 0x9D, 0x19, 0x92, 0xFC, 0xFA, 0x38, 0x89, 0x14, 0x57, 0xCC, 0x6A, 0x57, 0x2D, 0xE6, 0x9C,
    0x5A, 0xEB, 0xE2, 0xB3, 0x8C, 0x7E, 0xF6, 0x6A, 0xD7, 0xCB, 0x0F, 0xEE, 0x82, 0x6C, 0x83, 0xC3,
    0x72, 0x59, 0x7F, 0x6B, 0x9E, 0x78, 0xAC, 0x27, 0xD7, 0x0C, 0xD6, 0x0A, 0x8B, 0x68, 0x3A, 0xC5,
    0xE6, 0x88, 0x69, 0x0A, 0xDA, 0xF6, 0x8B, 0x47, 0xA3, 0xFD, 0x60, 0xFA, 0xF2, 0xF9, 0x8C, 0xC9,
    0x72, 0x11, 0x8D, 0xC9, 0x6A, 0xB2, 0x5D, 0x73, 0x77, 0xF2, 0x20, 0x1A, 0xAF, 0xBE, 0xB7, 0xAC,
    0x0D, 0xE4, 0xB8, 0x73, 0x23, 0x42, 0xC5, 0xD1, 0x32, 0x95, 0xEA, 0x55, 0xF1, 0x4A, 0x76, 0xF8,
    0xCB, 0x64, 0xFC, 0xD1, 0x42, 0x2E, 0xF1, 0x2F, 0x33, 0xB9, 0xC0, 0x4F, 0x26, 0x72, 0x0E, 0x8C,
    0x64, 0x01, 0x86, 0x83, 0x7B, 0xE5, 0x16, 0xDD, 0x65, 0x5E, 0xE0, 0xA0, 0x33, 0xAD, 0xA9, 0x13,
    0x9B, 0x39, 0x66, 0x36, 0xEF, 0x80, 0xA6, 0x60, 0x87, 0x70, 0x9F, 0x6B, 0xFE, 0x26, 0x8E, 0xC1,
    0x52, 0x2A, 0x9D, 0x66, 0x75, 0xD8, 0xA4, 0x58, 0x8E, 0xA6, 0x56, 0x50, 0x36, 0x6B, 0x80, 0xE3,
    0xA3, 0xBD, 0xFD, 0x73, 0x34, 0x6E, 0xD2, 0x11, 0x84, 0x7F, 0x66, 0xA0, 0x0A, 0xB3, 0x2C, 0x7C,
    0x07, 0xBD, 0x36, 0x21, 0xF1, 0x1D, 0x0C, 0xF5, 0xC0, 0x21, 0x09, 0x0A, 0x8C, 0x75, 0x2F, 0x4C,
    0x69, 0xE8, 0x42, 0x42, 0x07, 0xA8, 0x2B, 0x89, 0x8E, 0xCD, 0x6F, 0xA5, 0x0C, 0x4B, 0x68, 0x74,
    0xB8, 0x49, 0x90, 0xD8, 0xAC, 0x38, 0xF2, 0x98, 0x5A, 0x0E, 0x9E, 0x05, 0xB7, 0x5D, 0xA3, 0x8E,
    0xFF, 0xE3, 0x49, 0xC2, 0xF6, 0xA1, 0x36, 0x9F, 0x8F, 0xBA, 0xB2, 0x50, 0x6B, 0x0C, 0x52, 0x23,
    0x59, 0xB3, 0x17, 0xA7, 0x4D, 0x7D, 0xD9, 0x6B, 0x4D, 0x01, 0x1A, 0x75, 0xA8, 0x36, 0xA9, 0x51,
    0xAD, 0x19, 0x61, 0x2E, 0xB2, 0x57, 0xBF, 0xC0, 0x74, 0xB2, 0xEE, 0xDF, 0xB7, 0xB8, 0x57, 0xB3,
    0x56, 0xF6, 0xF2, 0x55, 0x97, 0xB5, 0x35, 0xF4, 0xF5, 0xA4, 0x5A, 0x2A, 0xEA, 0x6C, 0xBC, 0x65,
    0x30, 0xAD, 0xDF, 0x4E, 0xE4, 0x16, 0x1F, 0xCF, 0xE4, 0xFA, 0x70, 0x50, 0xA5, 0x8E, 0xA1, 0x20,
    0x1A, 0x72, 0x7E, 0x70, 0xC1, 0xF3, 0x97, 0xB9, 0x99, 0xE6, 0x5C, 0xC8, 0xED, 0x47, 0x58, 0xB5,
    0xEF, 0x5F, 0x03, 0x28, 0xB6, 0x49, 0xA4, 0xA0, 0x4B, 0x12, 0xA8, 0x90, 0x2F, 0x61, 0x29, 0xD8,
    0x0E, 0xB6, 0x3B, 0x81, 0x8E, 0x1A, 0xA5, 0xC2, 0xBD, 0xBE, 0x4C, 0x6B, 0x91, 0x74, 0x2C, 0x27,
    0x33, 0xFA, 0x69, 0x91, 0x93, 0x75, 0xBD, 0x1B, 0xE9, 0xFE, 0x24, 0x1A, 0xA0, 0x60, 0x30, 0x8F,
    0xC2, 0x73, 0x1A, 0x98, 0x01, 0xBD, 0x40, 0x1D, 0x31, 0x66, 0x96, 0xF7, 0x73, 0x61, 0x66, 0x4D,
    0xD5, 0x6C, 0xE3, 0xA4, 0x7B, 0x29, 0xD8, 0xF6, 0xC7, 0x38, 0x1B, 0x1B, 0xE7, 0x46, 0x12, 0xD5,
    0x2C, 0x1A, 0xF1, 0xCA, 0x82, 0xF9, 0x33, 0xB1, 0x95, 0xEE, 0x4B, 0xD1, 0x36, 0x8E, 0x9A, 0xD7,
    0x86, 0xB8, 0x46, 0x86, 0x5B, 0xBF, 0x51, 0x4C, 0x92, 0x8E, 0xEE, 0xBB, 0xEC, 0xBA, 0xEA, 0xB1,
    0x4A, 0x38, 0x3C, 0x6E, 0xF6, 0xB4, 0xE6, 0x37, 0x5B, 0xFA, 0x2F, 0x3A, 0x84, 0x8B, 0x48, 0x50,
    0x91, 0x88, 0x73, 0xAF, 0xF0, 0xB7, 0x75, 0xAD, 0x96, 0x28, 0x92, 0x27, 0xD6, 0xE6, 0x62, 0x61,
    0x86, 0xB9, 0x45, 0xFB, 0x30, 0x13, 0x30, 0x5D, 0x63, 0xC4, 0x7C, 0x1C, 0xBD, 0xBC, 0xC9, 0xE3,
    0x54, 0x1B, 0x06, 0x75, 0x9C, 0x3A, 0x91, 0x9E, 0x29, 0x8F, 0x99, 0x30, 0x3F, 0x66, 0x2A, 0xF5,
    0x22, 0x5D, 0x14, 0xFA, 0x8B, 0xA0, 0xA3, 0xE0, 0x72, 0x11, 0xCC, 0x1E, 0x05, 0xBB, 0x43, 0x70,
    0x10, 0x0D, 0x73, 0xD5, 0x7A, 0x08, 0x16, 0x6B, 0x40, 0xB2, 0x43, 0xDC, 0x9B, 0x3C, 0x2E, 0x6A,
    0xB3, 0xF7, 0xC5, 0x9E, 0x65, 0xEF, 0x50, 0x1D, 0x6C, 0x26, 0xB4, 0x70, 0x94, 0xF6, 0x1B, 0x83,
    0x08, 0xDC, 0x24, 0xD9, 0x5A, 0xD1, 0xFC, 0xC5, 0x22, 0xC5, 0x92, 0x27, 0x4E, 0x44, 0xFA, 0xB2,
    0x1E, 0x52, 0x0F, 0xD2, 0x36, 0xA1, 0x97, 0xC0, 0x40, 0x4F, 0xE7, 0xF7, 0xCB, 0xEF, 0x4B, 0x48,
    0xE2, 0xB8, 0x40, 0xD7, 0x44, 0xF1, 0xBD, 0x54, 0xC3, 0xE5, 0xE5, 0x8D, 0x15, 0xB5, 0x5E, 0x7C,
    0x2A, 0xC1, 0x17, 0x78, 0x19, 0x53, 0x7B, 0x94, 0x1D, 0x3F, 0xD7, 0x10, 0x45, 0x14, 0xB3, 0x3B,
    0xE2, 0x1D, 0x74, 0x69, 0xF6, 0xEF, 0x3B, 0xD6, 0x9B, 0x50, 0x72, 0x21, 0xB6, 0xD7, 0xB8, 0x96,
    0x47, 0xAD, 0x5F, 0xBB, 0x80, 0x0D, 0xE8, 0x1D, 0x96, 0xC0, 0x09, 0x78, 0xA8, 0x1E, 0x44, 0x6E,
    0x66, 0x5B, 0x72, 0x2A, 0xB5, 0x27, 0x4D, 0x57, 0x54, 0x19, 0x65, 0x46, 0xF2, 0xF3, 0xA9, 0x7E,
    0x20, 0xFD, 0x8F, 0xAE, 0xAE, 0x34, 0xE0, 0x8C, 0x96, 0x73, 0x69, 0xA5, 0x7D, 0x5C, 0x95, 0x3C,
    0x94, 0xDC, 0xEB, 0xA9, 0x36, 0xF2, 0x9B, 0x56, 0xDA, 0xA0, 0x19, 0xC4, 0x44, 0xBE, 0x7E, 0xC2,
    0x60, 0x24, 0x22, 0x5F, 0x80, 0x9A, 0x52, 0x77, 0x03, 0x3C, 0x2F, 0xD8, 0x16, 0x5B, 0x13, 0x17,
    0x97, 0xA4, 0x9E, 0xEB, 0x45, 0xCA, 0xC1, 0x5E, 0x90, 0xB0, 0xD3, 0xED, 0x05, 0x66, 0xC2, 0x42,
    0x48, 0xBC, 0xBA, 0x11, 0x30, 0x64, 0xDF, 0xAF, 0xF9, 0x14, 0x77, 0xBE, 0xA5, 0x6F, 0x24, 0x62,
    0xA1, 0xC5, 0xAC, 0xA0, 0xDD, 0xF6, 0x42, 0x37, 0x68, 0x11, 0xBF, 0xA0, 0x44, 0xBD, 0xEC, 0x14,
    0xCB, 0x4F, 0xC4, 0x2C, 0xDA, 0xAE, 0x2D, 0x11, 0xC4, 0x42, 0xB1, 0xD2, 0x97, 0xA7, 0x0E, 0xBC,
    0xD7, 0xAF, 0x52, 0xA1, 0x0B, 0x89, 0xF2, 0xED, 0xF2, 0x0A, 0x4C, 0xC4, 0x60, 0xB8, 0x11, 0x3D,
    0x86, 0x8A, 0x1A, 0xA8, 0xAD, 0x24, 0x3E, 0x64, 0xE7, 0x3E, 0xE9, 0x5F, 0xEF, 0x78, 0x83, 0x91,
    0xAE, 0xDD, 0x24, 0x3F, 0x05, 0x06, 0xB7, 0x65, 0x98, 0xFC, 0x22, 0xED, 0x14, 0x26, 0x09, 0xB3,
    0x2E, 0xEC, 0xDB, 0x13, 0x92, 0xD9, 0x45, 0xE1, 0xEA, 0x5F, 0xBD, 0x74, 0x8E, 0x1D, 0xB3, 0xBF,
    0xAF, 0xCC, 0xBA, 0xB6, 0xD0, 0xDD, 0x68, 0x97, 0x7B, 0x21, 0x3E, 0xEE, 0x29, 0xE6, 0x7A, 0xAD,
    0x3C, 0x5E, 0x48, 0x7E, 0x6D, 0x47, 0x9F, 0x24, 0x0C, 0x8C, 0x54, 0xD7, 0x11, 0x29, 0xF8, 0x14,
    0x75, 0x69, 0xAA, 0xD8, 0x1C, 0x78, 0xB3, 0xA3, 0x5D, 0xFD, 0xA5, 0x31, 0x3E, 0xC5, 0x0C, 0xAB,
    0x95, 0xBA, 0xE1, 0x44, 0x7D, 0x4C, 0x2F, 0x91, 0xC8, 0x41, 0xA9, 0x29, 0xF1, 0xB3, 0xC1, 0x6D,
    0x12, 0x66, 0x71, 0xAB, 0xF8, 0x45, 0xEA, 0x1D, 0x13, 0xDB, 0xC4, 0x8D, 0x23, 0xA0, 0x0C, 0xD3,
    0xF0, 0xAC, 0x01, 0x8D, 0x88, 0x67, 0x0C, 0xE6, 0xB3, 0xE6, 0xCF, 0x44, 0x74, 0x6B, 0x43, 0x04,
    0x83, 0x93, 0x08, 0xA9, 0x88, 0x7D, 0x4E, 0x1C, 0x74, 0x90, 0x63, 0xB9, 0x30, 0xCB, 0xEA, 0x89,
    0xA1, 0x19, 0x88, 0x23, 0xB1, 0xED, 0xC3, 0xCA, 0x70, 0xF3, 0xEA, 0x44, 0xB5, 0x37, 0x23, 0x4E,
    0xDF, 0xF8, 0xAA, 0xEA, 0x5B, 0x28, 0xE1, 0xA4, 0x91, 0xD4, 0x1A, 0x55, 0x46, 0xB9, 0x51, 0xF6,
    0x0A, 0xF2, 0x0F, 0xA4, 0x7F, 0x05, 0xC3, 0x12, 0x3F, 0x66, 0x7F, 0x34, 0x64, 0xA6, 0x0B, 0xCD,
    0x39, 0x66, 0xBD, 0xE1, 0xA0, 0xF8, 0x99, 0x89, 0x5D, 0x62, 0x36, 0x63, 0xE3, 0x5A, 0xE4, 0x20,
    0xDD, 0xB6, 0xE8, 0x4B, 0x1E, 0xC3, 0x8E, 0x7B, 0x5B, 0x3E, 0x94, 0xEB, 0x0F, 0xD0, 0xDB, 0x71,
    0xCB, 0xAB, 0xBF, 0xD0, 0x51, 0x72, 0xFD, 0xB1, 0xB5, 0xD0, 0x49, 0x39, 0x24, 0x66, 0x77, 0x5C,
    0x89, 0x7B, 0xBB, 0x1A, 0xAF, 0x95, 0x17, 0xD8, 0xEC, 0xE0, 0xEA, 0xB1, 0x7E, 0xF1, 0x70, 0x2F,
    0x1F, 0xEB, 0xE5, 0xA8, 0xF7, 0x23, 0x69, 0x60, 0x2F, 0xD2, 0xCE, 0x19, 0xA7, 0x8B, 0x21, 0xA2,
    0x09, 0xAB, 0xD4, 0xC3, 0xF9, 0xC6, 0x3B, 0xFB, 0xDE, 0x44, 0x8A, 0x2F, 0xB8, 0x29, 0x1A, 0xD5,
    0xAF, 0x77, 0xD3, 0x85, 0x4A, 0xA0, 0x31, 0xD2, 0x93, 0xED, 0xA8, 0x84, 0x86, 0x54, 0x24, 0x21,
    0xB9, 0x49, 0x29, 0xF4, 0x24, 0xE0, 0xA0, 0xD1, 0x68, 0x36, 0x32, 0xC9, 0x76, 0x53, 0x0A, 0x76,
    0xBB, 0x43, 0x6F, 0x4F, 0x18, 0x49, 0x8F, 0x3E, 0x4F, 0x92, 0x6B, 0x0D, 0xD9, 0x0F, 0xB0, 0xAF,
    0x24, 0x96, 0x85, 0x2F, 0x4C, 0x1A, 0x7C, 0xD0, 0xEF, 0xA8, 0x1B, 0x9D, 0x85, 0xDE, 0xFA, 0xE6,
    0xBF, 0xAC, 0x50, 0x01, 0xD0, 0xAF, 0x78, 0xF1, 0x33, 0x8F, 0x12, 0x19, 0x78, 0x48, 0xC4, 0xD7,
    0x81, 0xBF, 0x02, 0x3A, 0xF0, 0xF3, 0x5C, 0x03, 0xCA, 0x3E, 0x7D, 0x85, 0x67, 0x7A, 0x0C, 0x47,
    0x40, 0x9C, 0x8D, 0xFC, 0x57, 0xD0, 0x28, 0xD9, 0xDE, 0x0F, 0x2E, 0x78, 0x3D, 0x52, 0x0D, 0xB0,
    0xC1, 0x03, 0x72, 0xC7, 0xB9, 0x43, 0x6A, 0x76, 0xB7, 0x11, 0xE0, 0x1D, 0x7A, 0x45, 0xBB, 0x3A,
    0x68, 0x11, 0x50, 0xD3, 0x3D, 0xB3, 0x9D, 0x96, 0x3E, 0x33, 0x92, 0xCF, 0x4E, 0x25, 0x86, 0x4C,
    0xB7, 0xA2, 0x93, 0x03, 0x1A, 0xA3, 0xEE, 0x58, 0x6C, 0x04, 0xCB, 0x77, 0xA8, 0x18, 0xF0, 0xF8,
    0xCF, 0x1F, 0x9B, 0xD4, 0xD0, 0x25, 0x0A, 0x1A, 0x9D, 0xDC, 0xAE, 0xEB, 0x4D, 0x6F, 0xF8, 0xA4,
    0xF6, 0x54, 0x68, 0xFC, 0x26, 0x0E, 0xAA, 0x61, 0xD5, 0x39, 0x6A, 0x91, 0xDC, 0x22, 0xAE, 0xE5,
    0x78, 0x8F, 0x27, 0xDE, 0x76, 0x7E, 0xD9, 0x9B, 0xFF, 0x04, 0x74, 0x81, 0x43, 0xB7, 0x1D, 0x86,
    0xD9, 0x71, 0x7A, 0x49, 0x0C, 0xB1, 0x36, 0xE9, 0x72, 0x67, 0x25, 0xFA, 0x8D, 0x58, 0xBF, 0x02,
    0xBD, 0xCA, 0x84, 0xA4, 0xA3, 0xDB, 0x71, 0xCD, 0x31, 0x67, 0x6A, 0x47, 0x22, 0x4D, 0xF8, 0xBF,
    0xD8, 0x38, 0x9D, 0xC6, 0x91, 0x28, 0xF2, 0x1A, 0xE4, 0x0B, 0x04, 0x33, 0xC9, 0x89, 0xAF, 0xFE,
    0x8F, 0x9F, 0xC1, 0xA3, 0xA9, 0xAD, 0x42, 0xA7, 0x9F, 0x5B, 0xA1, 0xD3, 0x05, 0xC3, 0xA6, 0x88,
    0xFB, 0xCA, 0x66, 0xF2, 0xAB, 0x0A, 0xFD, 0x23, 0xDD, 0x2E, 0xE6, 0x9A, 0xC0, 0x2F, 0x44, 0x91,
    0x5F, 0x04, 0xE3, 0x91, 0xC7, 0xE9, 0xC0, 0x3B, 0xB9, 0xEB, 0x3C, 0x72, 0x4C, 0x4C, 0x84, 0xE9,
    0xCF, 0xF0, 0x1C, 0x53, 0x01, 0x10, 0x66, 0x79, 0x97, 0xD1, 0x20, 0x9F, 0x1E, 0xCA, 0xC3, 0x81,
    0x06, 0xB6, 0xBB, 0x9A, 0x83, 0x33, 0x29, 0x81, 0xC3, 0xE0, 0x84, 0x17, 0x85, 0xCB, 0x06, 0x16,
    0xC8, 0xB7, 0x24, 0x98, 0xC9, 0xEC, 0xAD, 0x61, 0xD2, 0x45, 0x8E, 0x10, 0x3B, 0x2A, 0xEB, 0xFF,
    0x40, 0x32, 0xF4, 0x41, 0xA1, 0x2B, 0x2D, 0x47, 0x3B, 0x82, 0x5C, 0xFD, 0x6B, 0x5F, 0x49, 0x6F,
    0xB8, 0x47, 0xA8, 0x09, 0x9E, 0x10, 0x4E, 0xF8, 0x5D, 0xDE, 0xD6, 0x9E, 0xD0, 0xDC, 0x02, 0xB6,
    0x3E, 0xFC, 0xB4, 0x30, 0x13, 0xD6, 0xB7, 0xF4, 0x0D, 0x7A, 0x6F, 0x23, 0xF4, 0xB6, 0x97, 0xDC,
    0x71, 0xED, 0xEB, 0x18, 0x8F, 0x9C, 0x12, 0x47, 0x56, 0x51, 0x7D, 0x2F, 0xCB, 0xE0, 0x7A, 0x33,
    0x34, 0xB0, 0xA6, 0xDE, 0x28, 0x5D, 0x16, 0xAF, 0xCF, 0xE8, 0xD5, 0x15, 0xD0, 0x75, 0xA7, 0xEE,
    0x1D, 0x6D, 0xD2, 0xDE, 0x8B, 0xFD, 0xF8, 0x37, 0xE4, 0xBA, 0x82, 0x51, 0x32, 0x88, 0xD3, 0x2E,
    0xD5, 0xBD, 0xA6, 0x41, 0xCF, 0xD1, 0x84, 0x46, 0x62, 0x92, 0x56, 0x97, 0x68, 0x9B, 0x2E, 0x60,
    0x57, 0x9D, 0x70, 0x74, 0x23, 0xE8, 0x8F, 0x16, 0xDD, 0xBB, 0xD0, 0xCD, 0x9F, 0x1F, 0xEC, 0x98,
    0xE3, 0xB9, 0x6E, 0x00, 0xD1, 0xCD, 0x62, 0xF1, 0xDE, 0xA2, 0x39, 0x97, 0x76, 0xB6, 0xD6, 0x46,
    0xB2, 0xF7, 0xB0, 0x11, 0xA9, 0xC0, 0xB0, 0x37, 0x2A, 0xF4, 0xDC, 0x07, 0x5E, 0xAD, 0x48, 0x4F,
    0x79, 0x62, 0xA3, 0xD2, 0xDF, 0xE2, 0x39, 0x06, 0x87, 0xA5, 0x58, 0x38, 0x59, 0xD7, 0xBB, 0xFC,
    0x4C, 0x2B, 0xFB, 0xEF, 0xAD, 0xE5, 0xC4, 0x46, 0xF8, 0xC6, 0xA6, 0xFB, 0x33, 0x73, 0xEB, 0xE0,
    0x18, 0x53, 0xCB, 0x87, 0x15, 0xDC, 0xC0, 0xAE, 0xAE, 0x25, 0xBE, 0xD3, 0xB3, 0x91, 0x0A, 0x7C,
    0xDC, 0xF3, 0xC9, 0x29, 0xD7, 0xFE, 0xD4, 0x9A, 0xD0, 0x8D, 0x08, 0x1D, 0x01, 0x88, 0x35, 0x22,
    0xC4, 0xF6, 0xB3, 0x58, 0xB8, 0xEC, 0x75, 0xE1, 0x2A, 0x16, 0xAE, 0x3E, 0xB1, 0xF7, 0x5B, 0x81,
    0x14, 0xB0, 0xEE, 0x58, 0x61, 0xE6, 0xAE, 0x27, 0x92, 0x44, 0x91, 0xB8, 0x65, 0x2B, 0x2F, 0xD3,
    0x0E, 0x8E, 0xBB, 0x35, 0x52, 0x72, 0xEC, 0xE7, 0xC6, 0x07, 0x36, 0x21, 0xB2, 0x9D, 0xC3, 0x42,
    0x9F, 0x41, 0xE2, 0xFE, 0x8D, 0x01, 0x11, 0x7A, 0xAC, 0xC2, 0x30, 0x87, 0xE4, 0xBA, 0x05, 0x5E,
    0x72, 0x72, 0x1C, 0x5B, 0x06, 0xEF, 0xD6, 0xEA, 0xE2, 0xE5, 0xDA, 0x47, 0x35, 0xFD, 0x32, 0x17,
    0xC4, 0x81, 0x93, 0x9A, 0x37, 0xEF, 0x74, 0x82, 0x24, 0x6D, 0x23, 0xED, 0xCA, 0xFE, 0x04, 0x5C,
    0x7B, 0xE7, 0xDB, 0xE6, 0x9D, 0x99, 0x03, 0xF9, 0x8F, 0xE9, 0x71, 0x1F, 0x0D, 0xE8, 0x0D, 0x9F,
    0x78, 0xA7, 0xDE, 0x88, 0x2E, 0x69, 0x5B, 0xD1, 0xCF, 0xC4, 0x70, 0xF9, 0xDF, 0xDF, 0xDB, 0x73,
    0x70, 0x44, 0x1B, 0xDC, 0x42, 0x6C, 0x3B, 0xD5, 0x02, 0x4C, 0x2F, 0xC2, 0x10, 0x38, 0x93, 0xBD,
    0x67, 0xAA, 0x03, 0x75, 0x42, 0xFB, 0x31, 0x1C, 0xF3, 0x8D, 0xC3, 0x79, 0x3E, 0xCE, 0xB6, 0x18,
    0x79, 0x9F, 0x65, 0x6F, 0x76, 0x90, 0x6A, 0xF2, 0xA7, 0x96, 0xB1, 0xA5, 0x2A, 0x02, 0xBB, 0x2C,
    0x37, 0xBA, 0x92, 0xC2, 0x96, 0xA3, 0x2B, 0x20, 0xD7, 0x47, 0x0E, 0xC9, 0x78, 0x34, 0xA2, 0x8D,
    0x62, 0x63, 0xF7, 0x30, 0x12, 0x8B, 0x8D, 0x67, 0x44, 0xAF, 0x66, 0x2A, 0x59, 0x3C, 0x3D, 0x3A,
    0x01, 0x35, 0x53, 0xBF, 0x48, 0x7C, 0x83, 0x7F, 0x54, 0x77, 0x2F, 0x8C, 0x98, 0xE3, 0x31, 0xFD,
    0x8B, 0x47, 0xC7, 0x3E, 0xF1, 0xD0, 0xFD, 0x89, 0xD8, 0xDB, 0x0B, 0x7B, 0xF1, 0x60, 0x5B, 0xCF,
    0x9B, 0x80, 0xBC, 0x74, 0xEF, 0xAE, 0x2D, 0x42, 0x35, 0xDF, 0x8B, 0xE8, 0x76, 0xC7, 0x56, 0x43,
    0xB6, 0x80, 0x1F, 0x6E, 0x2D, 0xB0, 0xC6, 0x77, 0x90, 0xA2, 0x60, 0xFE, 0x50, 0xFC, 0xF0, 0x7F,
    0xB4, 0x94, 0x3F, 0xCC, 0xDC, 0x34, 0x18, 0xC6, 0x9F, 0x24, 0xF0, 0x05, 0x29, 0x2A, 0x9E, 0x98,
    0x00, 0x99, 0x81, 0xB9, 0x59, 0x19, 0x7A, 0x38, 0xED, 0xC2, 0x2E, 0xB1, 0x8B, 0x99, 0xE5, 0x96,
    0x0E, 0x1D, 0xAE, 0x24, 0x65, 0x65, 0xB9, 0x81, 0x5D, 0xCC, 0x2C, 0x65, 0xE8, 0xD0, 0xA1, 0x92,
    0x2D, 0xD8, 0x25, 0x4B, 0xEC, 0x92, 0x87, 0x6F, 0x60, 0xC3, 0x42, 0x16, 0x18, 0xC9, 0xC9, 0x83,
    0x6D, 0xE5, 0xAB, 0x4E, 0x1F, 0xA5, 0x74, 0x69, 0xEC, 0xF7, 0xF7, 0xC6, 0xBE, 0xE7, 0xFD, 0x73,
    0xB2, 0x15, 0xE1, 0x54, 0xD2, 0x49, 0xAF, 0x3A, 0xA9, 0x24, 0x1C, 0xEA, 0x23, 0xAC, 0x70, 0x79,
    0x78, 0x99, 0xC7, 0x18, 0x54, 0x50, 0x31, 0x8F, 0x34, 0xE7, 0x51, 0x94, 0x65, 0xA8, 0x08, 0xA0,
    0x18, 0x02, 0x80, 0xC6, 0x67, 0xB4, 0x19, 0x57, 0xDC, 0x80, 0x99, 0x5C, 0x3A, 0x92, 0x46, 0xAC,
    0x82, 0x66, 0x0C, 0x19, 0xCA, 0x8F, 0x23, 0x66, 0xF7, 0x39, 0xA0, 0xDD, 0x01, 0xA0, 0x7D, 0x91,
    0xE1, 0x62, 0x41, 0xC8, 0xF8, 0xC3, 0x03, 0xFA, 0xAF, 0x8C, 0x99, 0x16, 0x50, 0xB4, 0x57, 0x46,
    0x96, 0x04, 0x43, 0xC6, 0xD4, 0x90, 0x01, 0x50, 0xDB, 0x04, 0x1C, 0x00, 0xE0, 0x54, 0x90, 0xE3,
    0xF7, 0xFA, 0x38, 0x6E, 0x19, 0x59, 0xE9, 0x4A, 0x24, 0x13, 0x40, 0x92, 0x68, 0x0B, 0xA7, 0x8E,
    0x6B, 0x43, 0xD3, 0xD3, 0x63, 0xCC, 0xB4, 0x10, 0xB6, 0x70, 0xB0, 0x5D, 0x66, 0x83, 0xAE, 0xC4,
    0xA0, 0xA1, 0xCF, 0xD4, 0xA5, 0xDE, 0x25, 0x01, 0x99, 0x00, 0x40, 0x54, 0x0E, 0xB1, 0xD2, 0x57,
    0xDA, 0x42, 0x31, 0x15, 0x2A, 0x96, 0xC2, 0xBA, 0xB0, 0x56, 0xB4, 0x43, 0xA1, 0x11, 0x17, 0x04,
    0x80, 0x3B, 0xC0, 0x4F, 0xEA, 0xF8, 0x67, 0x9A, 0xC9, 0x24, 0xC9, 0x20, 0x82, 0x74, 0xC2, 0x74,
    0x5E, 0x2E, 0x6D, 0x90, 0x53, 0xB6, 0xEC, 0xCB, 0xBA, 0xEC, 0x4B, 0xD2, 0x17, 0x5D, 0xD1, 0x97,
    0xB8, 0xBD, 0x8C, 0xEF, 0xC8, 0xDD, 0x5D, 0x91, 0x13, 0xE6, 0x80, 0x99, 0x80, 0x5A, 0x20, 0x69,
    0xB0, 0x01, 0x3D, 0x43, 0x17, 0x00, 0x70, 0x15, 0xB6, 0x86, 0xCC, 0x13, 0x00, 0xC1, 0x75, 0x6F,
    0x93, 0xD3, 0x2D, 0xB7, 0xFF, 0xF3, 0x4B, 0xF7, 0x86, 0xCA, 0xD7, 0xB8, 0x0F, 0xF9, 0x77, 0x5D,
    0x90, 0xFE, 0xC6, 0xE9, 0xD7, 0x8E, 0xDB, 0xCF, 0xFF, 0xA8, 0x1B, 0xCD, 0x33, 0x30, 0x92, 0xEB,
    0xCB, 0x83, 0xB6, 0x03, 0xD1, 0x11, 0x0D, 0xD1, 0x13, 0xF8, 0x2C, 0x73, 0x02, 0x32, 0x43, 0x65,
    0xE9, 0xA7, 0x23, 0x19, 0x77, 0x3D, 0xD4, 0xCB, 0x33, 0x76, 0xFD, 0xFA, 0xAE, 0xA6, 0x93, 0x01,
    0x2D, 0xBD, 0xF2, 0x00, 0x5D, 0xA1, 0xB6, 0x73, 0x02, 0x68, 0x66, 0x7E, 0xDF, 0xB2, 0xC8, 0x7F,
    0x8F, 0xA5, 0x20, 0x2D, 0x44, 0x66, 0x40, 0x93, 0x99, 0x80, 0x2B, 0x72, 0x43, 0x6D, 0x28, 0x13,
    0x82, 0x68, 0x2C, 0x7A, 0xA2, 0x8F, 0x18, 0x36, 0x0C, 0x9C, 0x64, 0x42, 0x5F, 0xF5, 0x6D, 0x8D,
    0xC5, 0xB1, 0x74, 0x32, 0x2E, 0xE3, 0x92, 0xF3, 0x3B, 0xED, 0x66, 0x5F, 0x7C, 0x59, 0x03, 0x23,
    0xCF, 0xB5, 0xD7, 0x9A, 0x50, 0x5D, 0xE3, 0xE8, 0x80, 0x15, 0x68, 0x23, 0x3A, 0x0F, 0xE0, 0x1B,
    0x0C, 0x06, 0x80, 0x9C, 0xC4, 0x04, 0xDC, 0x19, 0xCC, 0x98, 0x6B, 0xAF, 0x9D, 0x3D, 0x40, 0x71,
    0x6D, 0xDD, 0xA9, 0xE1, 0xF4, 0xB8, 0xF1, 0xCF, 0xBB, 0x84, 0xBB, 0xF0, 0xCF, 0x87, 0x88, 0xF7,
    0x11, 0x82, 0x08, 0xC0, 0x7F, 0xB8, 0xE7, 0x22, 0x56, 0x37, 0xA4, 0xAC, 0xF4, 0xA7, 0x7E, 0xC3,
    0xC7, 0x8D, 0x3F, 0xB4, 0x5C, 0x0E, 0xAD, 0xBB, 0x0B, 0xCD, 0xD4, 0x59, 0x31, 0x5D, 0xF1, 0x7A,
    0x30, 0x7B, 0xD9, 0xBD, 0x89, 0xBD, 0xA5, 0x9B, 0x06, 0xF7, 0x76, 0x71, 0xE4, 0xB9, 0x30, 0x96,
    0x0D, 0x8C, 0xE4, 0xA2, 0x9E, 0xD0, 0x28, 0x68, 0x83, 0x62, 0x47, 0x9A, 0x81, 0x79, 0x6D, 0xB5,
    0x99, 0x4D, 0x36, 0x4B, 0x33, 0x53, 0xFF, 0xA6, 0xA8, 0xD2, 0x10, 0x85, 0xC3, 0xC5, 0x53, 0x2E,
    0xFD, 0x8D, 0x01, 0x0B, 0xDE, 0x03, 0x5A, 0x8F, 0x11, 0x10, 0x11, 0x5C, 0xA0, 0x7C, 0x47, 0x80,
    0x56, 0xAC, 0xE8, 0x68, 0x54, 0x82, 0x20, 0xE8, 0xA1, 0xB6, 0x8E, 0x0E, 0x3A, 0x0D, 0xE5, 0x50,
    0xC3, 0xC0, 0x69, 0x7F, 0xAF, 0xFB, 0xBB, 0xA6, 0xEA, 0xF7, 0xD8, 0x9A, 0x67, 0xCF, 0xB9, 0xE7,
    0xAF, 0xB5, 0x14, 0xC9, 0xE5, 0x16, 0x00, 0xA8, 0xD7, 0x22, 0x1F, 0x26, 0xE3, 0xCB, 0x89, 0x71,
    0x9B, 0xD0, 0x92, 0x01, 0xC3, 0x75, 0xB3, 0x42, 0x22, 0xCF, 0x7B, 0x8A, 0xBD, 0x79, 0x24, 0x87,
    0x5F, 0xCC, 0x33, 0x39, 0xFC, 0x6C, 0xBD, 0x14, 0x4F, 0x9C, 0x97, 0x5B, 0x93, 0x21, 0xEE, 0xBB,
    0x67, 0x52, 0x7C, 0x6B, 0x1F, 0x8D, 0xDF, 0xFD, 0x6A, 0xEE, 0x7D, 0x70, 0xFF, 0x0B, 0x53, 0x23,
    0x6A, 0x6C, 0xCD, 0x52, 0xF3, 0x69, 0xB2, 0x4E, 0x36, 0x9C, 0x04, 0xDD, 0xF8, 0x20, 0x1E, 0xF0,
    0xE2, 0x84, 0xD3, 0x09, 0x87, 0xCC, 0xFC, 0x9E, 0x77, 0xF2, 0x7E, 0xFE, 0x15, 0xC2, 0xE1, 0x55,
    0x46, 0x72, 0xBB, 0xB4, 0x37, 0xD2, 0xCC, 0xD7, 0xE8, 0xB8, 0x42, 0x90, 0x90, 0x0F, 0x38, 0x1D,
    0xC0, 0xE9, 0xA3, 0x6C, 0x00, 0x81, 0x6E, 0x05, 0x86, 0x08, 0x8C, 0x16, 0xD0, 0xF5, 0x4E, 0xA0,
    0x9C, 0xB1, 0xAC, 0xC6, 0xA5, 0xE1, 0x59, 0x30, 0x28, 0xC6, 0xC7, 0x22, 0x3E, 0xEC, 0x03, 0x06,
    0x87, 0xF1, 0xDC, 0x32, 0x35, 0x4F, 0x37, 0xB4, 0x44, 0xB3, 0x7D, 0xD2, 0x6E, 0x6B, 0x9F, 0x34,
    0x7D, 0xFE, 0x7F, 0xCD, 0x8F, 0x4B, 0x57, 0xAE, 0xC8, 0x24, 0x12, 0xA4, 0x87, 0x32, 0xE5, 0xA2,
    0xCD, 0xF1, 0x2D, 0xCC, 0x15, 0x3A, 0x93, 0x64, 0xAA, 0xDC, 0xBE, 0xCA, 0x54, 0xF4, 0x33, 0xA3,
    0xA0, 0x9D, 0x8F, 0xB6, 0xDD, 0x30, 0x2F, 0x00, 0x6E, 0x68, 0x2E, 0x68, 0x2F, 0xE8, 0x2A, 0x7D,
    0xE5, 0x0F, 0x85, 0x35, 0x5D, 0xE8, 0x59, 0x28, 0x0B, 0xCF, 0x8A, 0xB4, 0x2F, 0x30, 0x57, 0xEA,
    0x4A, 0xFE, 0x8B, 0xFA, 0x42, 0xA3, 0x2A, 0x65, 0x65, 0x5F, 0x89, 0xAF, 0x9F, 0x16, 0xA2, 0x7F,
    0xCB, 0x6C, 0xA6, 0x2F, 0xD1, 0x07, 0xB9, 0x2A, 0x96, 0x21, 0xD7, 0x3E, 0xE0, 0x04, 0x78, 0x74,
    0x16, 0x43, 0x82, 0x24, 0x1A, 0xBD, 0x60, 0x5C, 0x1E, 0x8E, 0x93, 0xDE, 0xA0, 0xAE, 0x01, 0x65,
    0xDA, 0x72, 0xCA, 0x46, 0xD1, 0x7C, 0x3A, 0x1B, 0xBC, 0x72, 0x6A, 0xD3, 0x33, 0x0A, 0xA6, 0xFD,
    0xA3, 0xB0, 0x08, 0xD2, 0xA9, 0x30, 0x7A, 0x65, 0x45, 0x9C, 0xCD, 0x90, 0xF4, 0x6E, 0x73, 0xB1,
    0xBC, 0x57, 0x7E, 0x93, 0xA4, 0x2B, 0x5A, 0xE8, 0x88, 0x5B, 0x1F, 0x85, 0x78, 0x63, 0xEF, 0x00,
    0x13, 0x20, 0xA7, 0x26, 0x00, 0xCA, 0x76, 0x2B, 0x30, 0x86, 0x7A, 0xEF, 0x57, 0xD0, 0xA2, 0xE7,
    0x32, 0x47, 0xB4, 0x74, 0xE3, 0x06, 0x94, 0xFA, 0x0B, 0xE6, 0xD4, 0xD3, 0x40, 0xA5, 0x8E, 0x66,
    0x7F, 0xAF, 0xFB, 0x55, 0xB3, 0xEB, 0x4B, 0xAC, 0xDB, 0xF3, 0xD4, 0x9C, 0x7B, 0xFE, 0x5A, 0x0B,
    0x98, 0x33, 0xA4, 0x41, 0xCF, 0xEC, 0xD5, 0x84, 0xB1, 0x78, 0x9D, 0x67, 0xF6, 0x4D, 0x02, 0xFE,
    0x29, 0xDF, 0x0C, 0x20, 0x6E, 0x39, 0xAE, 0x38, 0x7E, 0x76, 0xB7, 0xF9, 0x96, 0x6C, 0x75, 0x82,
    0x04, 0xF2, 0xB0, 0x00, 0x15, 0xD2, 0x01, 0x08, 0xB4, 0xB3, 0x5E, 0x10, 0x04, 0x82, 0x07, 0x80,
    0x02, 0x00, 0x5F, 0x50, 0x40, 0xDB, 0xDD, 0x0A, 0x0A, 0xF0, 0x00, 0x00, 0x45, 0xD0, 0xA6, 0x10,
    0x14, 0x45, 0x9B, 0xDD, 0x08, 0x82, 0xC2, 0x16, 0x14, 0x85, 0x15, 0xAF, 0x5A, 0x8A, 0x8C, 0x64,
    0x35, 0x1B, 0xD9, 0xDD, 0x7F, 0xEF, 0xF9, 0x9F, 0xBD, 0xDF, 0xDE, 0xDB, 0xEB, 0x89, 0x48, 0xF2,
    0xFA, 0xE5, 0x7D, 0xC3, 0x3D, 0xBF, 0xB9, 0xBB, 0xBB, 0x33, 0xE7, 0x9C, 0xF9, 0xEE, 0x9C, 0xB3,
    0x33, 0xFB, 0xFD, 0xF4, 0xC0, 0x4C, 0x15, 0x3E, 0xB0, 0x88, 0x46, 0xD7, 0x19, 0x43, 0x63, 0x6C,
    0xC5, 0xB8, 0x18, 0xB3, 0xC9, 0x98, 0x47, 0xA3, 0xEB, 0x43, 0x94, 0x02, 0xA3, 0x6F, 0x10, 0xA5,
    0xC4, 0x54, 0xA7, 0xE0, 0x99, 0x25, 0xFF, 0x58, 0x99, 0xCE, 0xCE, 0x2B, 0xF3, 0xF8, 0x32, 0xE9,
    0xFA, 0x3F, 0x92, 0xFE, 0xFD, 0x48, 0xD6, 0x99, 0xE5, 0x18, 0xAB, 0x31, 0x9D, 0x8D, 0x9A, 0x09,
    0xE8, 0x79, 0x37, 0x90, 0x6A, 0x43, 0xDA, 0x7E, 0x4E, 0x1B, 0x32, 0x40, 0xA4, 0x3D, 0xB7, 0x2B,
    0x6C, 0x76, 0xE1, 0xD4, 0xAE, 0xF1, 0xDC, 0xAE, 0xF2, 0xAB, 0xDA, 0x55, 0x3F, 0x52, 0xBB, 0xC2,
    0x5B, 0x58, 0xA4, 0xC4, 0x58, 0x3B, 0x80, 0x76, 0xE9, 0x74, 0xA2, 0x93, 0xC6, 0xCB, 0x82, 0x46,
    0xED, 0xB2, 0x69, 0x45, 0x73, 0x16, 0xA8, 0x5D, 0x9D, 0x64, 0xAB, 0xDA, 0xB5, 0xE5, 0x5C, 0xAB,
    0x4D, 0x33, 0xE9, 0x6C, 0x3A, 0x67, 0x51, 0xA7, 0x1B, 0xDA, 0xA5, 0x53, 0x8E, 0x5E, 0x5E, 0x2A,
    0x43, 0x45, 0x26, 0xED, 0x40, 0xBB, 0x0A, 0x4C, 0x62, 0xC7, 0x66, 0x91, 0xF7, 0x44, 0x7E, 0x92,
    0xCF, 0xB4, 0xEB, 0x95, 0x6C, 0x36, 0xBB, 0xB2, 0x68, 0x76, 0x95, 0xFD, 0x66, 0xD7, 0x62, 0x76,
    0xFD, 0x1E, 0x66, 0x57, 0x02, 0x99, 0x95, 0x02, 0xDA, 0xF5, 0xBC, 0xA0, 0x60, 0x10, 0xCC, 0x16,
    0xD7, 0x87, 0x41, 0x6A, 0x4C, 0xA1, 0xC1, 0x20, 0x25, 0x9A, 0x3A, 0xC5, 0x60, 0xE3, 0x45, 0xA6,
    0x93, 0x0B, 0xCA, 0x3C, 0xFE, 0x58, 0xA9, 0xE3, 0x45, 0xFA, 0xF7, 0x07, 0xF2, 0x38, 0x5E, 0xCB,
    0xE9, 0x78, 0x35, 0xA2, 0x5E, 0x0B, 0x9C, 0x8A, 0x49, 0xB5, 0x2B, 0xC5, 0x71, 0xBC, 0x56, 0xFA,
    0x85, 0xDA, 0x44, 0xCA, 0x89, 0x1A, 0x4E, 0x56, 0xDF, 0x8F, 0xDB, 0x35, 0x97, 0xC5, 0x8E, 0x87,
    0x5D, 0xBE, 0x08, 0x75, 0x29, 0x54, 0x3A, 0x40, 0xBB, 0x03, 0x54, 0x01, 0x46, 0xF2, 0xC0, 0x01,
    0xAD, 0x67, 0xCA, 0xE9, 0x58, 0xFF, 0x85, 0x1E, 0x4F, 0x51, 0x79, 0x34, 0x25, 0x7F, 0xD1, 0x5B,
    0x92, 0x0F, 0xA6, 0xCE, 0x8B, 0xA6, 0x43, 0xBC, 0x9B, 0x59, 0x17, 0xEF, 0x31, 0xBA, 0x85, 0xE0,
    0xA0, 0xB2, 0xB4, 0x1B, 0xCB, 0x46, 0x2E, 0x0A, 0xCD, 0x9A, 0xC9, 0x14, 0x2B, 0x99, 0x01, 0x64,
    0xCE, 0x3C, 0x94, 0xFA, 0x36, 0xE4, 0xBF, 0xD1, 0x29, 0xCB, 0x0F, 0xD1, 0x2B, 0xC3, 0x07, 0x88,
    0xE4, 0x7D, 0x63, 0x7B, 0xF4, 0x8C, 0xB0, 0xC1, 0x64, 0xD1, 0x00, 0xC0, 0xBF, 0xA3, 0xB0, 0x6A,
    0xB3, 0x07, 0x42, 0x9B, 0x1D, 0xA5, 0xD4, 0x86, 0x2D, 0x6D, 0x67, 0xF3, 0x64, 0xA9, 0xD4, 0xB1,
    0x50, 0x46, 0xBA, 0x2D, 0x55, 0xD3, 0xDA, 0xCA, 0x1C, 0x0F, 0x11, 0x6D, 0x38, 0x51, 0xB6, 0x8B,
    0xA4, 0x96, 0x64, 0xCB, 0xBD, 0xB5, 0xD2, 0x84, 0xB0, 0x0F, 0x9C, 0x8F, 0x10, 0x8F, 0xA4, 0x46,
    0x93, 0xB0, 0x20, 0x12, 0x29, 0xBA, 0xDD, 0x31, 0xD4, 0xC4, 0xE8, 0xFA, 0xBB, 0xE5, 0x97, 0x3A,
    0x0A, 0x0B, 0x26, 0x22, 0xC5, 0x42, 0xE6, 0x2B, 0x48, 0x17, 0x2D, 0x04, 0x87, 0xC6, 0x0D, 0x77,
    0xC9, 0x2F, 0xE9, 0x94, 0x0D, 0xA6, 0xFF, 0xEB, 0xBD, 0xB2, 0x84, 0xE9, 0xEF, 0x37, 0x86, 0xD7,
    0x51, 0x91, 0x3A, 0xBD, 0xDD, 0x21, 0xBF, 0xF8, 0xA6, 0xDC, 0xD2, 0xB0, 0x10, 0xC9, 0x68, 0xB4,
    0xEF, 0x7A, 0x7E, 0xFF, 0x01, 0xDD, 0x21, 0xBF, 0x30, 0xEA, 0xB1, 0xFC, 0xEC, 0x5D, 0xE3, 0xF0,
    0x8A, 0xB1, 0xFF, 0xE1, 0xC6, 0xED, 0xFB, 0x9B, 0x6F, 0x1A, 0xCB, 0xEE, 0x8E, 0xF9, 0x07, 0x2C,
    0xFD, 0x79, 0x35, 0x07, 0xCB, 0x40, 0xD5, 0xF7, 0x6A, 0xAB, 0xD6, 0x97, 0xAC, 0x42, 0xF5, 0x75,
    0x5A, 0xCD, 0x16, 0xAD, 0x26, 0x5C, 0x5C, 0x98, 0xB5, 0xCA, 0xE2, 0xE2, 0x4D, 0xD5, 0x0F, 0x37,
    0xD5, 0xBA, 0xBB, 0xA9, 0xA2, 0x0A, 0x00, 0x9D, 0x90, 0xAE, 0xC2, 0x2A, 0x1B, 0x60, 0x95, 0xA9,
    0xCC, 0x78, 0x53, 0xF5, 0x00, 0xD6, 0xAD, 0x81, 0xBD, 0x8A, 0x9B, 0x6A, 0xBA, 0x57, 0x35, 0x53,
    0x0D, 0x56, 0x75, 0x93, 0x55, 0xB3, 0x51, 0x7C, 0xB4, 0x6A, 0xC1, 0x27, 0x29, 0x56, 0xCB, 0x28,
    0x68, 0x8E, 0x8E, 0xBC, 0x87, 0x47, 0x72, 0x65, 0x66, 0x06, 0xCC, 0xE2, 0xFE, 0xB7, 0xDA, 0x5B,
    0x83, 0x0D, 0x51, 0x36, 0x5C, 0xD0, 0xAB, 0x1B, 0x75, 0xA9, 0x0E, 0x7B, 0x01, 0x22, 0x18, 0x80,
    0xEA, 0x0A, 0x4D, 0xA6, 0xA3, 0x52, 0x37, 0x39, 0xB4, 0xBB, 0xCE, 0x69, 0x57, 0x65, 0x57, 0x42,
    0x5B, 0xE9, 0xBC, 0x82, 0x5A, 0x9C, 0x62, 0xD9, 0x71, 0x71, 0x0E, 0x3B, 0xD2, 0xC6, 0x6B, 0x63,
    0x85, 0x3E, 0x6C, 0x68, 0x63, 0x0E, 0x51, 0xB8, 0x8A, 0xB7, 0xD8, 0x43, 0x08, 0x7A, 0x7D, 0x34,
    0x69, 0x4D, 0x17, 0xAF, 0xA8, 0xCC, 0x3F, 0x5C, 0x84, 0x5A, 0x35, 0x17, 0x91, 0x1F, 0x09, 0xCB,
    0xCF, 0x0D, 0xE8, 0x54, 0x32, 0xBD, 0xD6, 0x6B, 0x46, 0x22, 0x25, 0x8A, 0x57, 0xA3, 0xC2, 0xA1,
    0xB7, 0xD8, 0x63, 0x19, 0xCC, 0xA9, 0xA2, 0x05, 0x88, 0x84, 0x50, 0x8B, 0x09, 0x77, 0xF9, 0x23,
    0xAA, 0x39, 0x46, 0x47, 0x78, 0x43, 0x76, 0xC4, 0x20, 0x89, 0x41, 0x36, 0x3C, 0x6F, 0x90, 0xC7,
    0x01, 0x40, 0x77, 0x86, 0x66, 0x07, 0x2F, 0xF9, 0x52, 0x84, 0x8A, 0x68, 0xAD, 0x77, 0xD8, 0xED,
    0x38, 0x6A, 0x56, 0x9F, 0x80, 0x96, 0x86, 0x59, 0x4E, 0xB2, 0x15, 0x73, 0x48, 0x6A, 0x56, 0x67,
    0x33, 0x91, 0x0F, 0x4F, 0x9B, 0xD1, 0x61, 0x34, 0x9B, 0x67, 0x1B, 0x62, 0x28, 0xB2, 0x95, 0x13,
    0x5D, 0x31, 0x7A, 0x4E, 0x19, 0x7D, 0x11, 0x9F, 0x2E, 0xA3, 0x5D, 0x5F, 0xE8, 0x9D, 0x21, 0x96,
    0x93, 0x62, 0xF4, 0x44, 0x2C, 0x47, 0x39, 0x9E, 0x63, 0x79, 0x9A, 0x8C, 0xE6, 0xDF, 0xB6, 0xE7,
    0x52, 0xB9, 0x0E, 0x73, 0xC5, 0xB0, 0x62, 0xCB, 0xF9, 0x56, 0x4A, 0x60, 0xD4, 0x4F, 0x01, 0x0C,
    0x8C, 0x57, 0xE1, 0x9B, 0xFD, 0x24, 0x40, 0x73, 0xEC, 0x43, 0x84, 0x4B, 0xC9, 0x83, 0x64, 0x68,
    0x24, 0xD7, 0x01, 0x89, 0x67, 0xF3, 0x49, 0x0D, 0xF4, 0xFA, 0xF1, 0x40, 0x93, 0xF0, 0xF2, 0x6F,
    0xF6, 0x93, 0x63, 0xBD, 0xE9, 0x43, 0xDA, 0x41, 0xB4, 0x8F, 0x4C, 0x03, 0xC1, 0x0A, 0xF1, 0x43,
    0xDD, 0x04, 0x26, 0x5A, 0x4F, 0x5E, 0x17, 0xDF, 0x94, 0x5D, 0xDB, 0x87, 0x68, 0x2B, 0xE4, 0x61,
    0xD0, 0xEF, 0xC2, 0xF2, 0xE4, 0x75, 0x09, 0x00, 0xB7, 0x33, 0x94, 0x7A, 0xFA, 0xDE, 0x31, 0xFE,
    0x2A, 0xD1, 0xF1, 0xFA, 0x1A, 0x91, 0xCC, 0x6F, 0x86, 0x74, 0x26, 0xA5, 0x5D, 0x8C, 0xF5, 0x6A,
    0x0C, 0x38, 0xA7, 0x87, 0xB6, 0xBB, 0x5C, 0x72, 0x3F, 0x7F, 0x7E, 0xDF, 0x6A, 0xAC, 0x17, 0x63,
    0x3B, 0x93, 0xC9, 0x8D, 0xDE, 0x91, 0xBC, 0xA6, 0x5E, 0x5A, 0xB6, 0xAC, 0x6A, 0xDE, 0xF4, 0xEF,
    0x8D, 0xFF, 0x12, 0x2D, 0x67, 0x8F, 0x17, 0x24, 0xCE, 0x1F, 0x33, 0x5E, 0x43, 0xF3, 0xF8, 0xC7,
    0x0B, 0x0F, 0x48, 0xBA, 0x8D, 0x81, 0x92, 0x77, 0xB5, 0x3A, 0x1E, 0x88, 0x7C, 0x90, 0x05, 0xC6,
    0x8D, 0x33, 0xB9, 0x62, 0x31, 0xD6, 0x30, 0x06, 0x34, 0x64, 0x89, 0x8E, 0x74, 0x18, 0xC8, 0x0C,
    0x91, 0x4C, 0x31, 0x91, 0x82, 0xC5, 0xD8, 0xC2, 0x18, 0xF0, 0x1A, 0x59, 0xE2, 0x43, 0xD2, 0xE1,
    0x6F, 0x64, 0x8E, 0xCF, 0xC8, 0x0C, 0x20, 0xE5, 0xC8, 0x76, 0x63, 0xD8, 0xE8, 0xE9, 0xAB, 0x87,
    0xE2, 0x0E, 0x0C, 0x98, 0x24, 0xDF, 0xC8, 0x44, 0x26, 0x43, 0x7F, 0xB3, 0x97, 0xB5, 0xC7, 0x05,
    0x37, 0x11, 0xE9, 0x4C, 0xE8, 0x02, 0xF5, 0x45, 0xB9, 0xA2, 0x5F, 0x13, 0x73, 0xB3, 0x33, 0xAF,
    0xD7, 0x36, 0x08, 0xFC, 0x7B, 0xEA, 0x32, 0x44, 0x29, 0x10, 0x0B, 0x30, 0x91, 0x75, 0x5C, 0x49,
    0x9F, 0x4B, 0x30, 0xEA, 0x78, 0x45, 0xCD, 0xEC, 0x52, 0xC2, 0x6A, 0x40, 0x58, 0xCE, 0xB0, 0x9E,
    0x01, 0x8A, 0xD5, 0xB0, 0x30, 0x81, 0xAE, 0x67, 0xE6, 0x5E, 0xED, 0x54, 0xA0, 0x57, 0xFD, 0x33,
    0x9A, 0x39, 0x24, 0x58, 0xAB, 0x6B, 0x0E, 0x0E, 0x75, 0x29, 0x2D, 0xD1, 0x4C, 0x01, 0x0E, 0xAF,
    0xA6, 0x83, 0xB4, 0xEC, 0x38, 0x9F, 0x76, 0x8A, 0x02, 0xA7, 0x56, 0x97, 0x3D, 0x11, 0xAA, 0xA7,
    0xCC, 0xE8, 0x04, 0xDD, 0x49, 0x28, 0x29, 0x30, 0x2A, 0xCA, 0x2F, 0x66, 0x45, 0x78, 0x1F, 0x8A,
    0x55, 0x42, 0xF3, 0x74, 0x19, 0x5D, 0x0C, 0xAE, 0x61, 0x4B, 0xBE, 0x12, 0xAA, 0xCD, 0xB4, 0xC7,
    0xB0, 0xF8, 0x45, 0x31, 0xA7, 0xD3, 0x53, 0x36, 0xD2, 0xEF, 0x71, 0x15, 0x3F, 0x41, 0x83, 0x4E,
    0xD1, 0x29, 0xF8, 0x8D, 0xE7, 0xF6, 0x3F, 0xEC, 0xA7, 0xC8, 0x68, 0xAA, 0x2F, 0xF2, 0xB0, 0x6C,
    0xD2, 0x18, 0x86, 0x62, 0x2E, 0x27, 0x3F, 0xE6, 0x6B, 0xDB, 0x27, 0x40, 0xC5, 0x00, 0xE2, 0x27,
    0x51, 0xEA, 0x77, 0x3D, 0x7E, 0x38, 0x6F, 0xD7, 0x35, 0xD9, 0x98, 0x8B, 0xF4, 0x47, 0x07, 0x7C,
    0x2E, 0xB4, 0x06, 0xF8, 0x68, 0x61, 0x34, 0x61, 0x4F, 0x41, 0x39, 0x88, 0x50, 0x8D, 0x5E, 0x52,
    0x0B, 0x3E, 0x9C, 0x3B, 0x33, 0x4C, 0xA2, 0x3A, 0x3B, 0xCC, 0xA2, 0xFE, 0x08, 0x5C, 0xFB, 0xB7,
    0x87, 0x68, 0x0F, 0x49, 0x97, 0x00, 0x09, 0xD0, 0xA4, 0x9A, 0x2C, 0x7B, 0x63, 0xDD, 0x94, 0xE4,
    0x2A, 0x64, 0x36, 0xEB, 0xC5, 0x1E, 0x2E, 0x2A, 0x4B, 0x5C, 0x77, 0x1A, 0xFC, 0x1C, 0xA0, 0x9E,
    0x39, 0x70, 0x51, 0xD7, 0x58, 0xC0, 0xD5, 0x89, 0x9B, 0x9F, 0xC8, 0xCD, 0x0B, 0x8F, 0x8E, 0x03,
    0xA6, 0x66, 0x66, 0xB0, 0x21, 0x73, 0xFF, 0xD9, 0x82, 0x5F, 0x7F, 0x74, 0x4D, 0xB9, 0x12, 0xE2,
    0x60, 0x4C, 0xD1, 0x90, 0xD2, 0x76, 0xC6, 0x72, 0x30, 0x66, 0x51, 0x2E, 0x4B, 0x50, 0xE3, 0x81,
    0x78, 0xE4, 0x15, 0xD6, 0x8A, 0x0B, 0x0F, 0x1C, 0x85, 0x59, 0x9E, 0x18, 0xD5, 0xB8, 0xEC, 0x84,
    0xED, 0xB6, 0x2D, 0x5B, 0xA3, 0x92, 0x92, 0x89, 0xC3, 0xA3, 0xA4, 0x8D, 0x62, 0xA9, 0xF0, 0xB0,
    0xAF, 0xAD, 0x64, 0xCA, 0xE3, 0xDE, 0x9A, 0xF2, 0xAA, 0x5D, 0xAB, 0xCD, 0x70, 0x18, 0xC3, 0xB2,
    0x71, 0x3C, 0x77, 0xCC, 0x6A, 0x48, 0xA7, 0xBB, 0xE5, 0x17, 0xB7, 0x10, 0xE2, 0x61, 0xAC, 0xD1,
    0x91, 0x68, 0x2D, 0x6E, 0x2E, 0x6E, 0x54, 0x16, 0x31, 0x9D, 0xEF, 0x92, 0x5F, 0xF2, 0x31, 0xE5,
    0x77, 0x37, 0x17, 0xCB, 0xC6, 0xF5, 0xF4, 0xBB, 0x9D, 0x67, 0xB9, 0x63, 0xBF, 0xA3, 0x30, 0x1B,
    0xEB, 0xC9, 0x88, 0x9E, 0x48, 0xC0, 0xF3, 0xEC, 0x65, 0x5B, 0x49, 0xB9, 0x2C, 0xDB, 0xBB, 0x64,
    0xDD, 0x91, 0x35, 0x77, 0xC5, 0x51, 0x65, 0x9C, 0xCC, 0x22, 0x83, 0x8F, 0xF8, 0x41, 0xF4, 0x98,
    0xAD, 0xF2, 0xA1, 0xB3, 0x2D, 0x54, 0x0C, 0xC9, 0x6A, 0x6F, 0x3E, 0xB1, 0x83, 0x14, 0x73, 0x31,
    0x5A, 0x8B, 0x6E, 0x50, 0x06, 0xD4, 0x9D, 0xB2, 0x84, 0xE9, 0x51, 0xDC, 0xAC, 0xF1, 0xCE, 0x64,
    0x82, 0xA3, 0xBA, 0xE3, 0xD7, 0x62, 0x8E, 0x95, 0xAC, 0x81, 0x7E, 0xA7, 0xC9, 0x23, 0xEE, 0xE9,
    0x68, 0xDB, 0x2D, 0xA7, 0x00, 0x3E, 0x37, 0xA0, 0x37, 0x4C, 0x86, 0x95, 0x97, 0xB4, 0x20, 0x4A,
    0x54, 0x0A, 0x87, 0x46, 0x51, 0xA0, 0xBB, 0x00, 0xCF, 0xED, 0x57, 0xB6, 0xD8, 0x5B, 0xD9, 0xDB,
    0xEC, 0xF7, 0xFE, 0x4E, 0x95, 0xB8, 0xC2, 0xA2, 0x38, 0x57, 0xD7, 0x5E, 0x3C, 0x53, 0x7A, 0xF0,
    0x7C, 0x02, 0xD0, 0x8B, 0xF9, 0xCD, 0xC2, 0x75, 0x73, 0x4F, 0xAF, 0xF4, 0x8B, 0xA4, 0xCA, 0x30,
    0x4B, 0x42, 0x4E, 0x96, 0x69, 0xF2, 0xD5, 0x84, 0x86, 0xCC, 0x56, 0x73, 0xB5, 0x4E, 0x1A, 0xE5,
    0x81, 0x41, 0x4F, 0x1F, 0x08, 0xB6, 0x3E, 0xA5, 0xB0, 0xA1, 0xC8, 0x94, 0xD2, 0x1E, 0xD8, 0x6F,
    0x5C, 0x36, 0xA2, 0x57, 0xA6, 0xC0, 0xA8, 0x14, 0x60, 0x26, 0x3D, 0x56, 0x32, 0x05, 0x48, 0x29,
    0x37, 0x16, 0xA4, 0xAB, 0x32, 0x63, 0xB7, 0xB1, 0xCF, 0x57, 0x65, 0x31, 0x94, 0xB3, 0x0E, 0x59,
    0x01, 0xD5, 0x09, 0xF8, 0x35, 0xD0, 0x2B, 0x7F, 0xA5, 0xEF, 0x0B, 0x5C, 0xBD, 0x53, 0x89, 0xD0,
    0xA9, 0x42, 0xBB, 0x54, 0x83, 0xA8, 0xB2, 0xA4, 0xCC, 0x27, 0xBA, 0x66, 0x16, 0x2D, 0xCF, 0x5F,
    0x26, 0x50, 0x8F, 0x8E, 0xE9, 0x65, 0x4E, 0x2F, 0xF9, 0x39, 0xC7, 0x20, 0x21, 0x26, 0x88, 0x12,
    0x06, 0x39, 0xC8, 0x67, 0x2B, 0x95, 0x22, 0x94, 0xC9, 0xB5, 0xCA, 0x6B, 0x30, 0x99, 0xF8, 0x07,
    0xA2, 0x06, 0x6A, 0xBD, 0x72, 0x52, 0x59, 0x9F, 0xCA, 0x25, 0xD7, 0xE3, 0x00, 0x96, 0x26, 0x60,
    0x05, 0x3A, 0x87, 0x29, 0xA0, 0x4B, 0xD0, 0x17, 0x3A, 0x9E, 0xE9, 0x3B, 0x8D, 0x2A, 0x47, 0xAD,
    0x1D, 0xA8, 0x2E, 0x55, 0xF4, 0x71, 0xDF, 0x08, 0xB7, 0xE7, 0xDA, 0x07, 0xB7, 0x43, 0x67, 0x55,
    0x59, 0x76, 0x95, 0xE9, 0x68, 0xCF, 0x4E, 0xEA, 0xBF, 0xAB, 0xE6, 0xB8, 0xBF, 0x88, 0xA4, 0x0B,
    0x5F, 0x80, 0x7C, 0x43, 0x5E, 0xB8, 0x25, 0x3A, 0x5B, 0xF1, 0x7D, 0xE0, 0xDF, 0x65, 0xAD, 0xAD,
    0x63, 0xA5, 0x5C, 0x44, 0x92, 0x49, 0x17, 0x28, 0xD2, 0xC8, 0xD0, 0xF8, 0x86, 0x54, 0xB7, 0x49,
    0xE7, 0x64, 0x11, 0x88, 0x64, 0x48, 0xD1, 0x9C, 0x49, 0x3B, 0xBE, 0x97, 0x5B, 0xE5, 0xE7, 0x64,
    0x55, 0x99, 0xBF, 0xCA, 0x55, 0xE9, 0xA4, 0x13, 0x91, 0x1F, 0x50, 0x5A, 0xDD, 0x8E, 0xA7, 0xA6,
    0xFE, 0x73, 0xB7, 0x43, 0x73, 0xF6, 0x7B, 0x85, 0x87, 0xDC, 0x3F, 0xAA, 0xB1, 0x48, 0x01, 0x96,
    0xCA, 0x8F, 0x36, 0x6D, 0x86, 0x28, 0x58, 0x12, 0xF4, 0xA1, 0xE7, 0x2C, 0x1D, 0xAD, 0xF7, 0x3A,
    0x6E, 0x2B, 0x6D, 0xA3, 0x42, 0x99, 0xC0, 0x58, 0xA0, 0xA7, 0x8E, 0x7E, 0x11, 0x52, 0xF5, 0x19,
    0x2D, 0xCC, 0x62, 0x26, 0x13, 0xAC, 0x22, 0xD4, 0x0A, 0x7D, 0xF2, 0x6E, 0x00, 0xAE, 0x01, 0x44,
    0xCF, 0xD9, 0x0D, 0x8D, 0xC3, 0x9C, 0x00, 0x8B, 0x24, 0x78, 0x28, 0xF7, 0x74, 0x3A, 0x4F, 0x74,
    0x8E, 0xF3, 0x40, 0x2F, 0xDA, 0x7C, 0x86, 0xAA, 0x9D, 0xDC, 0x2C, 0xE5, 0x58, 0x4E, 0x92, 0xF7,
    0x4C, 0x7E, 0x03, 0x7F, 0x84, 0xBB, 0xB0, 0xEE, 0x54, 0xCC, 0x7A, 0x76, 0x55, 0xA1, 0x5D, 0x95,
    0xDA, 0x8F, 0x03, 0x30, 0x64, 0x0C, 0x0C, 0x2D, 0x26, 0x35, 0xBF, 0x39, 0x6E, 0x3F, 0xE9, 0x7D,
    0xA9, 0x45, 0xE7, 0x4E, 0x4F, 0x0C, 0x62, 0xBB, 0x8A, 0xDF, 0x2B, 0x0E, 0x22, 0x5C, 0x33, 0x8C,
    0x57, 0x22, 0xCF, 0xBE, 0xAD, 0x73, 0x6E, 0xB3, 0x5D, 0x96, 0x60, 0x38, 0x76, 0x5C, 0x8E, 0x37,
    0x79, 0xC3, 0x7C, 0x39, 0xD9, 0xB2, 0xBD, 0x1A, 0xAB, 0x3D, 0x05, 0xAA, 0x73, 0x7B, 0xB7, 0x26,
    0x88, 0x7E, 0xB2, 0x0D, 0xF2, 0x30, 0x72, 0x8B, 0xB1, 0x3E, 0x8A, 0x99, 0x76, 0xEC, 0xC6, 0x04,
    0x1A, 0x03, 0xED, 0x07, 0x43, 0xF2, 0x87, 0xC2, 0xBC, 0x01, 0xF4, 0xB6, 0x13, 0xAA, 0x63, 0xA8,
    0x53, 0xD4, 0x41, 0x52, 0xAF, 0x82, 0xE9, 0xC6, 0x72, 0x9C, 0x51, 0x39, 0xA1, 0xD6, 0xFF, 0x1F,
    0xAD, 0x12, 0x0D, 0x50, 0x99, 0x45, 0xE0, 0x41, 0x2F, 0xD4, 0x84, 0x4D, 0xE7, 0x4C, 0xDC, 0x5F,
    0xF5, 0xF7, 0xDC, 0x56, 0xC9, 0x03, 0x79, 0xE1, 0x49, 0x6B, 0x65, 0xBF, 0x57, 0x6E, 0x4A, 0x24,
    0x68, 0x32, 0xDC, 0x47, 0xC7, 0x1A, 0x8F, 0xED, 0xE5, 0xC9, 0x6A, 0xF5, 0xCE, 0xDB, 0xB6, 0x68,
    0xEC, 0x35, 0xBF, 0x5D, 0xB7, 0xC9, 0xA2, 0xE6, 0x86, 0x2D, 0xB7, 0xB5, 0x59, 0x92, 0x3F, 0x8B,
    0x5C, 0xEB, 0x2F, 0xD5, 0x1E, 0xB4, 0x53, 0xCC, 0x76, 0x53, 0xF8, 0x8A, 0x9F, 0x7A, 0x95, 0x1C,
    0x18, 0xF4, 0xC3, 0x70, 0xAC, 0x29, 0x84, 0x83, 0x05, 0xE2, 0x10, 0xED, 0xF5, 0xE9, 0xF7, 0x4E,
    0x02, 0xF0, 0xBD, 0x5E, 0xAE, 0xA8, 0x6C, 0x2F, 0xAA, 0xB4, 0x47, 0xC7, 0x5B, 0xB2, 0xAF, 0xF8,
    0xC9, 0x31, 0xA8, 0x17, 0xF9, 0x91, 0x97, 0x7E, 0x63, 0xCE, 0xA1, 0x1D, 0x90, 0x7C, 0x41, 0xE3,
    0x62, 0xE8, 0x7D, 0xE7, 0xE2, 0x0B, 0x1A, 0x47, 0xBF, 0x2D, 0x7B, 0xB9, 0x6A, 0xEA, 0x86, 0x10,
    0xFD, 0x58, 0xC7, 0x30, 0x29, 0x7D, 0xEF, 0xA2, 0x58, 0xF9, 0xF6, 0xFC, 0x6C, 0x43, 0xB8, 0x4A,
    0xDE, 0x48, 0x82, 0x31, 0x70, 0x29, 0x64, 0x55, 0xDF, 0x5A, 0x5E, 0xCF, 0xFC, 0x31, 0xE5, 0x2A,
    0x91, 0xFB, 0x84, 0xB9, 0x69, 0xA3, 0x53, 0xEE, 0xF7, 0xD9, 0x8E, 0x8D, 0x4C, 0xB1, 0x3A, 0x2E,
    0x99, 0xFF, 0x05, 0x7A, 0xE1, 0x17, 0xB0, 0x19, 0xBB, 0x72, 0x68, 0x6A, 0x34, 0x7E, 0x95, 0x12,
    0x4D, 0x98, 0xC5, 0x51, 0x16, 0xE8, 0xEA, 0x49, 0xF2, 0x33, 0xD9, 0xEC, 0x92, 0xD7, 0xE4, 0xA8,
    0x78, 0xA5, 0xF8, 0x55, 0xDC, 0x2A, 0xDA, 0x8E, 0x1E, 0x04, 0xF7, 0x2D, 0x60, 0x7F, 0xF2, 0xA8,
    0x2C, 0x3E, 0xED, 0x05, 0x9C, 0xE2, 0x32, 0xFC, 0x75, 0x22, 0x38, 0xC5, 0x6F, 0x6F, 0x71, 0x14,
    0x1F, 0x11, 0xAE, 0xE3, 0x93, 0xCC, 0x33, 0xD5, 0x33, 0x72, 0x51, 0xAE, 0xC5, 0x33, 0xF7, 0xE5,
    0x5A, 0x17, 0xF0, 0x1A, 0xD0, 0x09, 0xF0, 0x31, 0xD0, 0x1F, 0xDF, 0x2A, 0xC9, 0xF0, 0xC8, 0x16,
    0xAC, 0xBA, 0xC4, 0x20, 0x5F, 0x1F, 0x39, 0xFA, 0x84, 0xBB, 0x41, 0xB3, 0x03, 0x2A, 0x43, 0xC3,
    0x19, 0xF3, 0xF8, 0xC6, 0x41, 0xAB, 0x66, 0xA8, 0x6E, 0x6A, 0xC6, 0xBC, 0x47, 0x74, 0xA9, 0x29,
    0x2F, 0x2C, 0x31, 0x9F, 0x04, 0x40, 0x47, 0x13, 0xEC, 0x02, 0x98, 0xE9, 0xC3, 0x55, 0x38, 0x16,
    0xC2, 0xB1, 0xA8, 0xC2, 0x24, 0xC5, 0xEE, 0xF9, 0x8B, 0x11, 0x99, 0x55, 0x72, 0x14, 0x2A, 0x1D,
    0x05, 0xB0, 0x05, 0x8B, 0xC5, 0x93, 0xA4, 0x97, 0xA3, 0xB0, 0x65, 0xCF, 0xC5, 0x45, 0xF6, 0x1C,
    0x86, 0xFD, 0xCD, 0x07, 0xD3, 0xFC, 0xC1, 0xAD, 0xD1, 0x99, 0x2A, 0x5B, 0xB8, 0xCC, 0x30, 0x52,
    0x7D, 0xD5, 0xB9, 0xFC, 0x6C, 0x65, 0x7C, 0xD2, 0x2B, 0xDB, 0x03, 0x55, 0xE5, 0x67, 0xAA, 0x5B,
    0xA2, 0x33, 0x4B, 0x11, 0x5D, 0x27, 0xE2, 0xD7, 0xB2, 0x33, 0x1D, 0x8E, 0xD7, 0xFC, 0x92, 0x6B,
    0x4D, 0x7F, 0xCA, 0x16, 0x46, 0xD5, 0xE7, 0xE4, 0x36, 0xE9, 0x5C, 0x57, 0x3A, 0x7B, 0xA3, 0x6B,
    0x7B, 0x2E, 0xA7, 0x0F, 0x5B, 0x5D, 0xDA, 0x4A, 0x3D, 0xBC, 0x97, 0xDB, 0xA1, 0x73, 0x31, 0x58,
    0xF6, 0xE4, 0x27, 0xFD, 0xB0, 0xCE, 0x63, 0x22, 0x97, 0xFF, 0xF5, 0xC2, 0xF2, 0xD8, 0x7B, 0x98,
    0x2F, 0xBA, 0x4E, 0x3C, 0x6C, 0x6A, 0x01, 0x24, 0xDB, 0x6C, 0xE8, 0x6B, 0x1A, 0x50, 0x42, 0xA3,
    0x6B, 0xA0, 0x7E, 0x40, 0x17, 0xE6, 0xEC, 0x53, 0x95, 0xEE, 0x03, 0x95, 0x21, 0x53, 0x39, 0xAB,
    0x44, 0x3C, 0x48, 0x8F, 0x2E, 0x47, 0x53, 0xEA, 0xF4, 0x5A, 0x15, 0xE8, 0xEB, 0xBD, 0x35, 0x20,
    0xB2, 0x93, 0x46, 0x6A, 0xB3, 0xE1, 0xA5, 0xDF, 0x9E, 0x2E, 0xCB, 0x96, 0x2B, 0x91, 0x81, 0x10,
    0x34, 0x44, 0xE8, 0x08, 0xD7, 0x13, 0x8C, 0xE7, 0xE7, 0xA5, 0x46, 0x74, 0x88, 0x07, 0x0C, 0x9A,
    0x2A, 0x15, 0x18, 0xB2, 0x03, 0x52, 0x0C, 0xC9, 0x37, 0x84, 0x5E, 0xA3, 0xCE, 0x95, 0x62, 0x5F,
    0x5D, 0x51, 0xED, 0x5B, 0x2C, 0x00, 0xD3, 0xE4, 0xD6, 0x32, 0x8F, 0x9A, 0x19, 0xD2, 0x8B, 0xBF,
    0x3B, 0xB5, 0xA9, 0x1E, 0x09, 0xF4, 0x27, 0xEB, 0x64, 0xA9, 0x9D, 0xCA, 0xE2, 0x77, 0xC3, 0xA2,
    0x17, 0xDF, 0x3E, 0x5D, 0xFB, 0x6B, 0x61, 0x96, 0x70, 0x74, 0xB2, 0x95, 0xF1, 0xAA, 0x98, 0x4A,
    0x46, 0x2F, 0xEE, 0x75, 0xEB, 0x44, 0xF4, 0xE0, 0x76, 0x5B, 0x64, 0xC5, 0x0D, 0x5C, 0x46, 0xF4,
    0xA3, 0x63, 0x8E, 0x39, 0x95, 0xF3, 0xFE, 0xCD, 0x45, 0x9E, 0x3B, 0x2D, 0xB7, 0xDB, 0xA2, 0x67,
    0xB9, 0xA0, 0xE5, 0xA0, 0xD2, 0x2F, 0xFB, 0x1E, 0x07, 0xC7, 0x47, 0x70, 0xB2, 0x9C, 0xF5, 0x86,
    0x9C, 0x15, 0x60, 0x11, 0xC0, 0x64, 0x89, 0x41, 0xCA, 0x31, 0x53, 0xD9, 0x6B, 0x74, 0xF7, 0x5C,
    0x73, 0x0C, 0x8D, 0x60, 0x96, 0x9A, 0x1B, 0x6C, 0x2D, 0x93, 0xF1, 0x85, 0x79, 0xC8, 0xAC, 0xFD,
    0xBD, 0xC5, 0x75, 0xB8, 0x0F, 0xF8, 0x8E, 0xC1, 0x3F, 0x23, 0xF3, 0xB0, 0x81, 0xAD, 0x76, 0x37,
    0xB2, 0xA6, 0x52, 0x01, 0xFB, 0x4F, 0xDC, 0xCD, 0x27, 0x6B, 0x57, 0x54, 0x33, 0x44, 0x95, 0xDB,
    0x0A, 0x6A, 0xC7, 0x66, 0x2A, 0x95, 0xBC, 0x1C, 0xD3, 0x1E, 0xA0, 0xAF, 0xA2, 0x0A, 0xA8, 0x6C,
    0x4F, 0x64, 0x4D, 0xE9, 0x28, 0x53, 0x4A, 0x79, 0xBC, 0xD4, 0x99, 0x0F, 0x9F, 0x00, 0x0D, 0x0D,
    0x8F, 0x94, 0xA3, 0x60, 0x4C, 0x31, 0xDB, 0xB3, 0xBF, 0xCA, 0xB0, 0xAA, 0x2C, 0xB1, 0x4B, 0x77,
    0x22, 0x4B, 0x9E, 0xF5, 0x94, 0x61, 0x51, 0x2F, 0xD5, 0xB3, 0x60, 0x49, 0x31, 0x9E, 0xB4, 0xD9,
    0x09, 0x3E, 0x55, 0x0B, 0x10, 0xEB, 0xC1, 0x7A, 0xFF, 0x12, 0x79, 0x45, 0x4B, 0x03, 0xDD, 0x46,
    0x79, 0x2C, 0xF9, 0x94, 0xAA, 0xB7, 0x97, 0x1C, 0xE7, 0x92, 0xC7, 0xF7, 0xF2, 0x5D, 0x1E, 0xD9,
    0xFF, 0x02, 0xE5, 0x9C, 0x3F, 0xAC, 0xDD, 0xC8, 0x75, 0xC6, 0x3F, 0x92, 0xD6, 0x63, 0x20, 0xC2,
    0xA6, 0x0B, 0x19, 0x01, 0xFC, 0x60, 0x30, 0x45, 0x0A, 0x67, 0xE3, 0x84, 0x6D, 0x0A, 0x5B, 0x43,
    0x38, 0x85, 0xDB, 0x2D, 0x94, 0x26, 0x4D, 0x5A, 0x63, 0x03, 0xE4, 0xA5, 0x4C, 0x61, 0x9B, 0xDC,
    0xDD, 0xD2, 0x85, 0x95, 0xBE, 0xD9, 0x62, 0x0B, 0x79, 0x1B, 0xA7, 0x70, 0xE1, 0x62, 0xAD, 0xA1,
    0xB3, 0x85, 0x8B, 0x14, 0x66, 0xE7, 0x22, 0x45, 0xE8, 0x44, 0x81, 0x0D, 0xB8, 0x10, 0x81, 0x10,
    0x30, 0xE5, 0x25, 0xF9, 0xE5, 0x9E, 0x73, 0x86, 0xEF, 0xDE, 0x77, 0xF5, 0x64, 0xED, 0xAE, 0xAC,
    0x27, 0xE9, 0x69, 0xA0, 0xFB, 0xFD, 0x46, 0xBC, 0x97, 0xC3, 0x99, 0xF3, 0xCD, 0x90, 0xC3, 0x7F,
    0x0F, 0x28, 0xC8, 0x16, 0x38, 0xE6, 0xD3, 0x53, 0xC4, 0x59, 0x19, 0x73, 0x55, 0x26, 0xA4, 0x32,
    0x25, 0x2B, 0x61, 0x4E, 0x36, 0xCA, 0xDF, 0x86, 0x72, 0x7F, 0xCE, 0x4E, 0xE8, 0x3E, 0xE2, 0xA0,
    0xFC, 0xA6, 0xD1, 0x83, 0x93, 0x90, 0xD0, 0x02, 0xA3, 0x05, 0xF5, 0x22, 0xC5, 0xCE, 0x70, 0xAB,
    0x14, 0xBB, 0x23, 0xA5, 0xD8, 0x11, 0x85, 0x14, 0x9C, 0x91, 0x5A, 0xC1, 0x3C, 0xB0, 0x10, 0xF6,
    0x80, 0x13, 0x0E, 0x3B, 0xB6, 0x88, 0x39, 0x02, 0xBE, 0x42, 0x24, 0x05, 0x13, 0x90, 0x82, 0x23,
    0xA1, 0x5F, 0x10, 0x4B, 0xD9, 0x8E, 0x38, 0x5D, 0x2B, 0x44, 0x9E, 0x9D, 0x63, 0x27, 0x35, 0x1E,
    0x36, 0xC2, 0x12, 0xB9, 0x5E, 0xD0, 0xA7, 0xA5, 0x13, 0x3E, 0x90, 0xF2, 0x49, 0x6D, 0x3F, 0x5B,
    0x94, 0x73, 0xCA, 0x1E, 0x6E, 0x88, 0x38, 0xC0, 0xF5, 0xD8, 0xE9, 0xCD, 0x4A, 0x14, 0x50, 0x8D,
    0xCE, 0x44, 0xCF, 0xB8, 0xD3, 0x84, 0xFF, 0xBB, 0xD3, 0x62, 0x95, 0xE5, 0x6E, 0x12, 0xAD, 0x0F,
    0x75, 0x49, 0x65, 0x39, 0xC9, 0xA5, 0x71, 0x5C, 0xC9, 0x36, 0xE7, 0xE4, 0xD8, 0x46, 0xEC, 0xB2,
    0x47, 0x00, 0x4A, 0xA4, 0x9D, 0x46, 0xB7, 0x2B, 0xDA, 0x10, 0x75, 0x65, 0x16, 0x5C, 0x48, 0xB6,
    0xCA, 0xFB, 0x07, 0xAF, 0x91, 0x8B, 0xD1, 0x7B, 0xF8, 0x32, 0x10, 0x8D, 0xB8, 0x0D, 0x60, 0xC2,
    0xF7, 0x00, 0xAC, 0x91, 0xAC, 0x53, 0x73, 0xD6, 0x35, 0x47, 0x0D, 0x91, 0xB6, 0xE4, 0xD6, 0x4B,
    0xE2, 0xE5, 0x35, 0xF0, 0x42, 0xA8, 0x5E, 0xA0, 0xE0, 0xA0, 0xCC, 0xC3, 0x88, 0x2A, 0x1A, 0x05,
    0x6A, 0x03, 0x16, 0x43, 0x32, 0x07, 0x4E, 0xC6, 0x74, 0xFE, 0x73, 0x23, 0x47, 0x65, 0x62, 0xAB,
    0xEB, 0xB6, 0x5F, 0x8C, 0x2F, 0xE6, 0xC0, 0x7D, 0x58, 0xFC, 0x34, 0x6A, 0xA2, 0x79, 0x2F, 0x5A,
    0x76, 0x07, 0xFA, 0x7B, 0x41, 0x49, 0xD1, 0x5C, 0x7D, 0x8A, 0xEF, 0x59, 0x13, 0x3A, 0x41, 0x1A,
    0x86, 0xA5, 0x39, 0x9B, 0x8F, 0xD8, 0xAF, 0x09, 0x77, 0xE9, 0x0E, 0xE5, 0xF7, 0x15, 0xA4, 0x6F,
    0x73, 0x0D, 0x0E, 0x35, 0x70, 0x06, 0xB2, 0x3A, 0x61, 0x93, 0x48, 0x88, 0x5C, 0xA3, 0xE5, 0x96,
    0xAD, 0x6E, 0x31, 0x6F, 0x0A, 0x5A, 0xB9, 0x06, 0xB7, 0x5E, 0xC0, 0x12, 0x70, 0xD9, 0x77, 0x3C,
    0x44, 0xC9, 0x46, 0x50, 0x58, 0x95, 0x83, 0x85, 0x29, 0x17, 0x20, 0xAA, 0x62, 0xB2, 0x8B, 0xEA,
    0x06, 0xDE, 0xEA, 0x52, 0x08, 0xA4, 0x5F, 0x90, 0xAB, 0xD6, 0x7A, 0xBD, 0xBB, 0xC3, 0xCD, 0x0F,
    0x74, 0x75, 0x29, 0x4A, 0x3B, 0x87, 0x14, 0xE0, 0x5B, 0x58, 0xD7, 0x89, 0x34, 0x8C, 0x6F, 0xE2,
    0x30, 0x45, 0xFE, 0x91, 0x6C, 0x96, 0x1D, 0x48, 0x8E, 0x09, 0x2B, 0x3F, 0xE5, 0x33, 0x8A, 0xB1,
    0x98, 0x90, 0x76, 0x6E, 0xDC, 0xCA, 0xA8, 0xF7, 0x32, 0x8A, 0x4C, 0x22, 0xF3, 0xD6, 0x0C, 0xC7,
    0x2E, 0xFA, 0x37, 0xA9, 0xD0, 0x90, 0x93, 0xEC, 0x13, 0xAD, 0x99, 0xE7, 0x24, 0xD5, 0x6A, 0x74,
    0x78, 0xB5, 0x66, 0x48, 0x6F, 0xCD, 0x1A, 0x05, 0xE5, 0xC7, 0xB3, 0xA0, 0x7E, 0x9B, 0x82, 0x15,
    0x75, 0x73, 0xAD, 0xAC, 0x88, 0x3E, 0xA8, 0x80, 0x44, 0xD6, 0xCE, 0xA4, 0xD9, 0x85, 0xD6, 0xF4,
    0xD7, 0x33, 0xE0, 0xDF, 0x5E, 0x11, 0xAD, 0xA8, 0xAB, 0xE8, 0x0E, 0xBE, 0x54, 0x5D, 0xB5, 0x15,
    0xF0, 0x95, 0x68, 0xBC, 0x39, 0xD2, 0xED, 0xFF, 0xA7, 0xDF, 0x5D, 0x2B, 0x0F, 0x34, 0x45, 0x34,
    0x23, 0xF6, 0x62, 0xCB, 0xF6, 0xE9, 0xAA, 0x3D, 0xB0, 0xBE, 0xAE, 0x3D, 0x7F, 0x3F, 0x0E, 0x72,
    0x8E, 0x07, 0x63, 0x24, 0x62, 0x7B, 0xAD, 0xAC, 0x88, 0xEE, 0xE1, 0x8D, 0x0A, 0x04, 0x81, 0xFA,
    0xA3, 0x45, 0x4A, 0x9D, 0x43, 0x29, 0x29, 0xBB, 0x60, 0x0A, 0xFE, 0xEE, 0x45, 0x58, 0xE1, 0x04,
    0x70, 0x2D, 0x05, 0x28, 0x7E, 0xB7, 0x28, 0x33, 0x4E, 0x87, 0x87, 0xC1, 0xCB, 0xFD, 0x40, 0x4D,
    0xF2, 0x51, 0xA0, 0xF8, 0x76, 0xCA, 0xD0, 0x66, 0xA1, 0xAC, 0xC1, 0x11, 0x35, 0x7B, 0x65, 0xCA,
    0x51, 0x19, 0x71, 0x56, 0x82, 0x8B, 0xB1, 0x5E, 0x8D, 0x8E, 0x17, 0x59, 0x3E, 0x85, 0xEE, 0x98,
    0xAB, 0xB1, 0x9E, 0x8D, 0x34, 0x46, 0x1C, 0x95, 0x29, 0x07, 0x65, 0xAD, 0xF5, 0x92, 0x14, 0xEA,
    0x3B, 0x87, 0xFA, 0x77, 0xC6, 0xE3, 0xC9, 0xEA, 0x69, 0xAB, 0x4D, 0x3F, 0xE3, 0xCF, 0xD8, 0x48,
    0x3C, 0x76, 0x84, 0xF2, 0xDF, 0xB5, 0x9B, 0x78, 0xBE, 0xB3, 0x08, 0x73, 0xBE, 0x3B, 0x0B, 0x53,
    0xBE, 0x3B, 0x06, 0x0E, 0xC6, 0xB7, 0xDF, 0x34, 0x36, 0xEA, 0x29, 0x95, 0x05, 0x8D, 0x34, 0x26,
    0x81, 0x19, 0xBB, 0x52, 0x98, 0x13, 0xB9, 0xB0, 0x5C, 0x90, 0x09, 0xDD, 0x6C, 0xEB, 0xD7, 0xD3,
    0x53, 0x38, 0x1B, 0xDD, 0xC6, 0xD5, 0x58, 0xB2, 0xCB, 0xAC, 0x5C, 0x52, 0x98, 0xD2, 0x8C, 0x8B,
    0x36, 0xBF, 0x4A, 0xFE, 0xAB, 0xD0, 0xD9, 0x62, 0x25, 0xC7, 0x27, 0xF9, 0x39, 0x5C, 0xEE, 0xA7,
    0x7F, 0xBA, 0x9F, 0x8E, 0x5C, 0x2E, 0xA3, 0x7D, 0xFF, 0x24, 0x3F, 0x17, 0xA3, 0xBF, 0xDC, 0xCF,
    0xB3, 0x03, 0x3F, 0xB3, 0xE0, 0xA7, 0x13, 0x76, 0xC6, 0xDF, 0x40, 0x53, 0x74, 0xD6, 0x02, 0x66,
    0x3E, 0xBC, 0xAA, 0x46, 0xDA, 0xE2, 0x53, 0x90, 0xEB, 0x45, 0xD5, 0xE5, 0x87, 0x6A, 0xCE, 0x99,
    0x6F, 0x14, 0x4D, 0x54, 0xCD, 0x31, 0xF3, 0xCB, 0xDC, 0xB2, 0xD8, 0xD7, 0xA6, 0xD3, 0xB1, 0xDA,
    0x72, 0x67, 0xBA, 0x8A, 0x96, 0x5A, 0x88, 0x3A, 0x33, 0xA7, 0xE4, 0xEF, 0xB8, 0x46, 0xE4, 0x3B,
    0x7C, 0x80, 0x72, 0xC2, 0xA8, 0x96, 0xF5, 0x38, 0xC6, 0x1F, 0x48, 0xB5, 0x59, 0x16, 0x50, 0x1A,
    0x92, 0x0D, 0x3D, 0x22, 0x03, 0x02, 0x6E, 0x19, 0xF0, 0x24, 0xA8, 0xED, 0x87, 0x68, 0x36, 0xD8,
    0x4F, 0x9E, 0x0E, 0x57, 0x29, 0xBC, 0x6D, 0x9D, 0xB6, 0x3A, 0xB7, 0x9A, 0xD5, 0x07, 0x58, 0x60,
    0x89, 0xE4, 0xA1, 0x3C, 0x31, 0x9D, 0x48, 0xB9, 0x35, 0x57, 0xC4, 0x52, 0xA1, 0x54, 0x2C, 0xCF,
    0xD7, 0x88, 0x43, 0x39, 0xA1, 0x1E, 0xDC, 0x00, 0x37, 0x8A, 0xFF, 0x53, 0xBD, 0xC9, 0x5C, 0x8F,
    0x17, 0xF6, 0x92, 0x6E, 0x16, 0xA1, 0x0E, 0xC7, 0x3E, 0xFA, 0x71, 0x66, 0xBB, 0x59, 0xB2, 0x83,
    0xE7, 0x2A, 0xC5, 0xDF, 0x05, 0xF2, 0x26, 0xD1, 0xB8, 0x77, 0x99, 0x20, 0x23, 0x3B, 0x0B, 0x4B,
    0xBB, 0x43, 0x14, 0x6A, 0x77, 0x36, 0x5D, 0x33, 0x17, 0xF4, 0x14, 0x76, 0x42, 0x09, 0xCC, 0xB8,
    0x0D, 0xDC, 0xC7, 0x76, 0xC0, 0x2A, 0x39, 0x86, 0x03, 0x16, 0x6E, 0x5D, 0xB9, 0x15, 0x28, 0x7A,
    0x40, 0x7F, 0xAB, 0xA8, 0x0D, 0xCE, 0x50, 0xF4, 0xD7, 0xCC, 0x83, 0xA3, 0xA9, 0x5B, 0x7A, 0xE9,
    0xD4, 0xED, 0xAA, 0x3D, 0x78, 0xE5, 0x43, 0x5A, 0x34, 0x0A, 0x77, 0x78, 0x29, 0x20, 0x9E, 0x0F,
    0x2F, 0x04, 0xA4, 0xF3, 0x2D, 0x2B, 0x7D, 0x32, 0x8C, 0x02, 0xF8, 0xE6, 0xF9, 0xC5, 0x77, 0x80,
    0x97, 0x20, 0x9F, 0xD0, 0xB7, 0xDB, 0x65, 0x8A, 0x75, 0xBB, 0x40, 0x91, 0x4E, 0xE7, 0xB2, 0xFE,
    0x64, 0x27, 0x52, 0xAB, 0x58, 0xDB, 0xFF, 0x16, 0x50, 0x74, 0xD9, 0x00, 0x20, 0x1B, 0x4B, 0xDD,
    0x29, 0xAD, 0x6C, 0x0E, 0x76, 0x4A, 0x7E, 0x56, 0xB8, 0xF1, 0x7A, 0x8D, 0x8B, 0x78, 0x3F, 0x8F,
    0xF6, 0x36, 0x8F, 0x9E, 0xC2, 0x3C, 0x3A, 0xB3, 0x79, 0x74, 0xA3, 0xF3, 0xE8, 0x2B, 0xDF, 0x37,
    0x81, 0xED, 0xC1, 0x74, 0x39, 0xE3, 0xB4, 0x4D, 0xA6, 0xF7, 0x73, 0x6B, 0xEE, 0x32, 0x8F, 0x0F,
    0x5A, 0xBF, 0x56, 0xE2, 0x16, 0xB9, 0x63, 0x66, 0x51, 0x74, 0x06, 0xB2, 0xBA, 0xC1, 0xD6, 0x4E,
    0x69, 0xDA, 0x94, 0xDD, 0xF9, 0x29, 0xCD, 0x8D, 0xEA, 0x13, 0x9E, 0xD2, 0xBC, 0xF5, 0x41, 0x23,
    0xF0, 0x6C, 0xE5, 0x3B, 0xEE, 0xA0, 0x73, 0x5E, 0x45, 0xC4, 0xB6, 0x64, 0x25, 0x28, 0xD8, 0x0A,
    0x72, 0xF6, 0x82, 0x94, 0x93, 0x20, 0xD6, 0x13, 0xAA, 0x16, 0xDE, 0xEA, 0x52, 0x18, 0x22, 0x41,
    0x75, 0x7E, 0x76, 0xF9, 0x41, 0x83, 0xAD, 0x3B, 0xA6, 0xDA, 0xF0, 0x9C, 0x12, 0xAB, 0xF2, 0xFF,
    0xD6, 0xAD, 0xD5, 0xA1, 0xD1, 0x77, 0x76, 0x75, 0xC6, 0x91, 0x29, 0x0C, 0xA5, 0xB7, 0x6A, 0xB7,
    0xCC, 0x4F, 0xF9, 0x71, 0x97, 0xAF, 0xD2, 0x63, 0xF3, 0x05, 0xE5, 0x84, 0x62, 0xA7, 0x33, 0x72,
    0x55, 0x59, 0x3E, 0x41, 0x7E, 0x33, 0xC0, 0x62, 0x0F, 0xAF, 0x35, 0x29, 0x65, 0xBE, 0x1E, 0x8F,
    0x1A, 0xF4, 0x41, 0x34, 0x5F, 0x2A, 0x51, 0x9D, 0xC8, 0x8B, 0x32, 0x44, 0x35, 0x16, 0xED, 0x34,
    0xB6, 0x7D, 0x2A, 0x4D, 0x1C, 0x8A, 0x01, 0x70, 0x83, 0x13, 0xED, 0x45, 0xEB, 0xD6, 0x2D, 0x72,
    0x56, 0x54, 0x6A, 0x7F, 0x53, 0x9B, 0x81, 0x33, 0x9D, 0x0F, 0xE3, 0x3B, 0x28, 0xA4, 0x58, 0x57,
    0xD5, 0x10, 0x90, 0x16, 0xFE, 0x05, 0xD6, 0x68, 0x41, 0xC4, 0x0E, 0xD7, 0xCA, 0xDE, 0x6F, 0xCB,
    0x35, 0x4D, 0x7C, 0x88, 0x7C, 0xA7, 0xDF, 0x45, 0x59, 0x6D, 0xCD, 0x2F, 0xB9, 0x5A, 0xAB, 0xF7,
    0xC3, 0xF8, 0x73, 0xC0, 0x2B, 0x6D, 0x2F, 0x7C, 0xB3, 0xB7, 0xD0, 0x7A, 0xB4, 0xFD, 0xCF, 0xBE,
    0xBB, 0x5E, 0xBE, 0x86, 0xE4, 0xF7, 0x83, 0x37, 0x51, 0xB5, 0x3C, 0x78, 0xD8, 0xDC, 0x57, 0xDD,
    0xD7, 0x93, 0x56, 0xE1, 0x1A, 0xC5, 0x87, 0xAA, 0x58, 0x0C, 0x6C, 0x0F, 0xE1, 0xAA, 0xEB, 0xE6,
    0x72, 0x25, 0x52, 0xB4, 0xA2, 0xB5, 0xE6, 0xE7, 0x83, 0xD6, 0xB3, 0xDD, 0x6B, 0xDD, 0x5C, 0x8B,
    0x31, 0xEC, 0x46, 0x1C, 0xCE, 0x7C, 0x22, 0x52, 0x19, 0xE6, 0x45, 0xC8, 0xC7, 0xED, 0x9E, 0x49,
    0x36, 0x5C, 0x7A, 0xDA, 0xDC, 0xE5, 0xE4, 0xBC, 0x31, 0xE5, 0x5A, 0x45, 0x9E, 0x77, 0xB7, 0x2B,
    0x12, 0x9F, 0x9D, 0x9A, 0x9E, 0xC8, 0x67, 0x2F, 0xDF, 0x98, 0x85, 0xFA, 0x1E, 0xB7, 0x43, 0xDA,
    0x0F, 0x49, 0xB9, 0x45, 0xA1, 0x64, 0x67, 0xCD, 0x1D, 0x04, 0xFC, 0xBE, 0xC4, 0x2A, 0x5E, 0xE2,
    0x45, 0xF0, 0x3E, 0xDE, 0x7A, 0x7C, 0x08, 0x0C, 0xA2, 0xA7, 0x54, 0x70, 0x43, 0x2F, 0xA8, 0x0D,
    0x99, 0x21, 0x36, 0x44, 0x4F, 0x40, 0xF9, 0x48, 0xF0, 0x2B, 0xB2, 0xD9, 0xE1, 0xB7, 0x64, 0x67,
    0xDD, 0x75, 0xD8, 0x63, 0x8C, 0x39, 0xEA, 0x0A, 0x01, 0xFE, 0x59, 0xA1, 0x55, 0xE2, 0x04, 0xC7,
    0x35, 0x23, 0xDB, 0x80, 0x9A, 0xEC, 0x2D, 0x40, 0xC6, 0x2D, 0x70, 0xC7, 0x97, 0x18, 0x6B, 0x6A,
    0x9A, 0x8F, 0x79, 0xFC, 0x3B, 0xE3, 0x27, 0x34, 0xBA, 0x7C, 0x76, 0x6E, 0xF5, 0x75, 0x47, 0xED,
    0x40, 0xA4, 0x97, 0x19, 0x6F, 0xF8, 0xC1, 0x6C, 0x56, 0x14, 0x17, 0x2C, 0x4A, 0x0C, 0x9E, 0x9C,
    0x8E, 0x70, 0x89, 0x61, 0xC5, 0x23, 0x85, 0x57, 0xC3, 0xFE, 0xE7, 0x05, 0x1A, 0x96, 0x8E, 0x69,
    0x97, 0x33, 0x6F, 0x4B, 0x5D, 0xC4, 0xC6, 0x65, 0xC4, 0xED, 0x68, 0xB9, 0x30, 0x72, 0xE5, 0x53,
    0x92, 0x4D, 0x24, 0x41, 0xFA, 0x23, 0x7F, 0x52, 0xAE, 0xE7, 0xDB, 0xB0, 0x7D, 0x58, 0xDE, 0x96,
    0x6B, 0xA1, 0x75, 0xA9, 0xC9, 0xEA, 0x7E, 0x49, 0x7C, 0x98, 0x2E, 0xB8, 0x85, 0x2F, 0x86, 0x21,
    0x33, 0x22, 0xF2, 0xA3, 0x5E, 0x2B, 0x71, 0x1C, 0x91, 0x71, 0x40, 0x2C, 0x76, 0x7C, 0xCA, 0x4F,
    0xC4, 0x09, 0x05, 0xD9, 0xC8, 0x47, 0xDA, 0xBE, 0x7D, 0x60, 0xE9, 0x85, 0xB5, 0x5F, 0x3D, 0x08,
    0x1F, 0xEC, 0xD3, 0x73, 0x6B, 0xBB, 0x43, 0xD6, 0x96, 0x4D, 0xD9, 0x4A, 0x3E, 0x27, 0x91, 0x70,
    0x01, 0x7C, 0xFF, 0x42, 0xDA, 0xBF, 0x9B, 0x12, 0x37, 0xDF, 0x41, 0xDE, 0xDC, 0x46, 0x51, 0xB9,
    0xA6, 0x96, 0x3A, 0x22, 0xE7, 0x6C, 0x6D, 0xBC, 0xF1, 0xFC, 0x62, 0x70, 0xA5, 0x1E, 0xE7, 0x00,
    0xBE, 0x11, 0x66, 0x4B, 0x93, 0x1D, 0xB9, 0x63, 0xE1, 0xFA, 0x63, 0x44, 0x1C, 0x6C, 0xBA, 0xB0,
    0x22, 0x61, 0x9B, 0xCA, 0xBF, 0x6E, 0xA7, 0xBB, 0x3C, 0xEE, 0xE3, 0x30, 0x91, 0xAD, 0xFD, 0x3B,
    0xD5, 0x6F, 0x3F, 0xC9, 0xBF, 0x94, 0x7D, 0xCD, 0xB5, 0xE6, 0x8A, 0xFB, 0x88, 0x67, 0xA4, 0x23,
    0xF2, 0x01, 0x45, 0x87, 0xB2, 0x93, 0x07, 0x1C, 0x0A, 0x76, 0x39, 0x9B, 0xE8, 0x1E, 0xE4, 0xFF,
    0x17, 0x42, 0x55, 0x76, 0x2F, 0x66, 0x28, 0x9C, 0x76, 0x27, 0xEC, 0x3C, 0x3B, 0xDD, 0x5E, 0x9B,
    0x7D, 0xDA, 0x46, 0x22, 0x0E, 0xB7, 0x16, 0xBA, 0xF3, 0xDB, 0x89, 0xEE, 0xB7, 0x33, 0x00, 0xFF,
    0xCE, 0x0A, 0x44, 0xCB, 0xF1, 0xBD, 0xE8, 0x98, 0x64, 0x15, 0x14, 0x67, 0x9C, 0x74, 0xDD, 0xF6,
    0xB9, 0xEB, 0xE7, 0x54, 0x9D, 0x4E, 0x1F, 0x7C, 0x57, 0x12, 0xF0, 0xE4, 0xA2, 0xA1, 0x9E, 0xC2,
    0xDD, 0x49, 0x9C, 0x48, 0x16, 0x78, 0xEB, 0xAE, 0x1A, 0x12, 0x73, 0xD6, 0x47, 0xBF, 0xF2, 0x47,
    0x44, 0xD9, 0xD7, 0xAD, 0x6B, 0x8A, 0xEE, 0x4B, 0xE1, 0xE8, 0x84, 0xE8, 0x43, 0x44, 0x7E, 0x46,
    0x4E, 0xFB, 0xA4, 0x9C, 0x01, 0xF9, 0xB8, 0x67, 0xF9, 0x4C, 0x76, 0xA1, 0xC6, 0x8F, 0x61, 0xFB,
    0x1D, 0x32, 0x56, 0x32, 0x37, 0x85, 0xEB, 0xA1, 0x27, 0xAE, 0x7F, 0xB2, 0x9F, 0xE1, 0x55, 0x1B,
    0x4F, 0xF5, 0x40, 0xFA, 0xC8, 0xCC, 0xF5, 0xAD, 0x32, 0x26, 0x94, 0xD9, 0x6C, 0x2C, 0x06, 0x63,
    0xDD, 0x2A, 0x23, 0x42, 0x99, 0xCE, 0xC6, 0x62, 0x54, 0x92, 0x53, 0xE0, 0x12, 0xC8, 0x8D, 0x8D,
    0x70, 0x74, 0xEC, 0x94, 0x62, 0xB3, 0x30, 0xE5, 0xAC, 0x8C, 0xB9, 0x2A, 0x41, 0x1A, 0x6B, 0xB6,
    0xCA, 0x92, 0xBD, 0x32, 0xE7, 0xA8, 0x4C, 0x34, 0x56, 0x2B, 0xE2, 0xB0, 0x2F, 0xD8, 0x71, 0x10,
    0x26, 0x3B, 0xE2, 0xF1, 0x94, 0x75, 0xC6, 0x62, 0x08, 0x1C, 0x8D, 0x49, 0x60, 0x3C, 0x18, 0xB3,
    0x5E, 0xA1, 0x21, 0x3A, 0x48, 0x6A, 0x55, 0xF4, 0xA3, 0x41, 0xE0, 0x2F, 0x4C, 0xF9, 0xBC, 0xA1,
    0x78, 0xFA, 0x94, 0x6F, 0x8F, 0x94, 0xAC, 0x0C, 0xBA, 0xB0, 0xEE, 0x15, 0xAC, 0x04, 0xC9, 0x0C,
    0x41, 0x3E, 0x28, 0x5C, 0x2B, 0x20, 0x03, 0x7A, 0xC3, 0x68, 0xB0, 0x5F, 0xD6, 0xAB, 0xC2, 0xD9,
    0xEA, 0x39, 0x5B, 0xDB, 0x42, 0x2F, 0xD8, 0xA6, 0x23, 0x61, 0x7F, 0xEC, 0x08, 0x47, 0x4A, 0x5D,
    0x05, 0xD9, 0x25, 0x81, 0xFA, 0xEE, 0xFE, 0x1A, 0xBB, 0x0D, 0x47, 0x49, 0xB5, 0xA1, 0xA8, 0x14,
    0xA5, 0x6A, 0xB4, 0x18, 0xFA, 0xC7, 0x62, 0x1C, 0x6B, 0x5F, 0x42, 0xCD, 0x2E, 0xE3, 0x0A, 0x3D,
    0x5F, 0x6A, 0x50, 0xB2, 0x8D, 0x56, 0x1D, 0x3E, 0xE9, 0xA8, 0x17, 0xED, 0x8B, 0x4E, 0x51, 0x57,
    0x02, 0xB2, 0x31, 0xB4, 0x86, 0xC1, 0x30, 0x09, 0x5A, 0x2E, 0x8A, 0x9A, 0x8A, 0x92, 0x8D, 0x20,
    0x67, 0x27, 0x48, 0x38, 0x08, 0x22, 0x4E, 0x90, 0x16, 0xFB, 0x15, 0xB5, 0x6D, 0xD3, 0xD0, 0x21,
    0xD3, 0x26, 0xE4, 0xD4, 0x8A, 0xCF, 0xA2, 0xAE, 0xDF, 0x9F, 0xFD, 0x2D, 0x97, 0x4C, 0x1C, 0x9A,
    0x4D, 0x4B, 0x2E, 0x36, 0x41, 0xBC, 0x2A, 0xBD, 0x27, 0x9A, 0xCC, 0xA2, 0xD9, 0x94, 0x50, 0x02,
    0x50, 0x8A, 0x8E, 0xB5, 0xE8, 0x60, 0x2A, 0x76, 0xEA, 0xCF, 0x53, 0x56, 0xC8, 0x17, 0xEB, 0xD0,
    0x65, 0x0B, 0xBC, 0x81, 0x7D, 0xFA, 0xF2, 0xA0, 0xA7, 0x27, 0xD4, 0x4F, 0x8F, 0x32, 0xAC, 0x12,
    0x3D, 0x87, 0xCF, 0x89, 0x1E, 0xD2, 0xA9, 0x9F, 0x57, 0x20, 0x7A, 0x17, 0x92, 0x3B, 0x38, 0xED,
    0xF7, 0xAA, 0x85, 0x6A, 0xAE, 0x7A, 0x56, 0x89, 0xCE, 0x2F, 0x3C, 0xAA, 0xE7, 0xE9, 0xAF, 0x43,
    0x35, 0xD9, 0xD9, 0x11, 0x3E, 0xEB, 0xAC, 0xAA, 0x1E, 0xC0, 0x4F, 0xF6, 0xFD, 0xB7, 0xEE, 0x45,
    0x7D, 0x27, 0x0E, 0xF8, 0x56, 0x6A, 0xC8, 0x4A, 0x15, 0xA2, 0x8B, 0xEA, 0x2C, 0x1A, 0x8D, 0x2F,
    0xC6, 0x01, 0x0D, 0x65, 0x3D, 0x9C, 0x72, 0xA8, 0x7B, 0x72, 0xF0, 0x2D, 0xD9, 0xFB, 0xA6, 0xDC,
    0x89, 0xD4, 0x93, 0x12, 0x80, 0x45, 0x64, 0x16, 0x79, 0x53, 0x04, 0xCF, 0x45, 0x34, 0xCA, 0x1A,
    0x62, 0x95, 0x67, 0xEE, 0xBE, 0x65, 0x27, 0xEA, 0x47, 0x51, 0xAA, 0xFA, 0xC1, 0x96, 0xFF, 0xB1,
    0x82, 0x27, 0x5D, 0x50, 0xFB, 0x20, 0x68, 0xD2, 0x03, 0xA5, 0x48, 0xF2, 0x99, 0xA3, 0xE0, 0x9B,
    0x88, 0xFF, 0xCD, 0xFE, 0x50, 0x7A, 0xB6, 0x9F, 0x2A, 0x6E, 0x24, 0xDB, 0x4D, 0x4B, 0xAE, 0x15,
    0x6C, 0x6E, 0xFF, 0x87, 0xF4, 0x2B, 0xAA, 0x3F, 0x15, 0xFD, 0x78, 0x11, 0xE5, 0xA8, 0xDA, 0x88,
    0x4E, 0x40, 0x38, 0x36, 0x79, 0x55, 0xAA, 0x7E, 0xAC, 0xFA, 0xCE, 0x71, 0x69, 0xDF, 0x16, 0x8D,
    0x67, 0xD1, 0x74, 0xA7, 0x24, 0xE7, 0x53, 0xD1, 0x89, 0x7B, 0x1D, 0x71, 0x32, 0xEB, 0x8C, 0xCC,
    0x85, 0x4F, 0xB6, 0x4D, 0x60, 0xFD, 0xA5, 0x9F, 0xF7, 0xE0, 0x3F, 0xEE, 0xE1, 0x29, 0x9F, 0x0A,
    0x7E, 0xD1, 0xE5, 0x71, 0x98, 0x7B, 0x94, 0x1C, 0xF1, 0x57, 0x7E, 0xC4, 0xAD, 0xCB, 0xD7, 0x45,
    0xC4, 0x05, 0x39, 0xD9, 0xCA, 0x07, 0xD2, 0x86, 0x09, 0x9A, 0x8E, 0x1E, 0x1A, 0x4B, 0x56, 0x05,
    0xD2, 0xD1, 0x98, 0x77, 0x78, 0x3C, 0x95, 0x24, 0xE2, 0x30, 0x79, 0x17, 0x16, 0x76, 0xF5, 0xB1,
    0x89, 0xC8, 0x41, 0xD7, 0x24, 0xC7, 0xC0, 0x59, 0xB9, 0x72, 0x31, 0xD6, 0x34, 0x3A, 0x36, 0xCA,
    0x82, 0xAD, 0x32, 0x67, 0xAF, 0x4C, 0x38, 0x28, 0x63, 0x4E, 0x4A, 0x70, 0x31, 0x7A, 0x1A, 0x1D,
    0xBF, 0xA5, 0x2C, 0xF8, 0x73, 0x65, 0xCE, 0x5F, 0x2A, 0x53, 0xFE, 0x4E, 0x99, 0x90, 0x4A, 0x6C,
    0xF4, 0x81, 0xCE, 0xA8, 0x71, 0x4A, 0x79, 0x57, 0x63, 0x26, 0x31, 0x4F, 0x8D, 0xDB, 0xED, 0xE3,
    0xB7, 0xEE, 0x89, 0x82, 0x93, 0xA1, 0xDF, 0xE6, 0x1B, 0xFB, 0xD0, 0xA4, 0xD3, 0x61, 0x60, 0x6E,
    0xE0, 0xF1, 0x74, 0x86, 0x72, 0x02, 0x0A, 0x46, 0x64, 0x05, 0xF2, 0x5B, 0x12, 0x1D, 0xF2, 0x21,
    0xD9, 0x6D, 0x4F, 0xCD, 0x27, 0x7C, 0x90, 0x86, 0x29, 0x82, 0x01, 0xCF, 0x8E, 0x94, 0x5D, 0xA4,
    0xF3, 0xD2, 0x39, 0x27, 0x2B, 0x43, 0x73, 0x6D, 0x9D, 0x7A, 0xF2, 0x4C, 0xBA, 0x7C, 0xDA, 0x4C,
    0x7A, 0xFB, 0x5D, 0xF5, 0x92, 0x7A, 0x86, 0xA3, 0x14, 0xF7, 0x8A, 0x7C, 0x32, 0xCC, 0x8A, 0xC4,
    0x80, 0x80, 0x49, 0x35, 0x1B, 0x14, 0xF9, 0x85, 0x96, 0xB9, 0x36, 0x1F, 0x84, 0xF9, 0xE0, 0x5A,
    0x61, 0xBA, 0x6C, 0xB3, 0xE8, 0x15, 0x9A, 0x38, 0x1B, 0xDD, 0xF0, 0x3A, 0x0D, 0xF5, 0x9B, 0x77,
    0x23, 0x19, 0xEA, 0xD9, 0xA8, 0xE3, 0x39, 0x59, 0xF4, 0x04, 0x2C, 0xA2, 0xEF, 0x76, 0x90, 0x06,
    0x1E, 0x3C, 0x4F, 0x5C, 0x2C, 0x8A, 0x1B, 0x77, 0x5E, 0xEA, 0xA1, 0x5E, 0x07, 0xA7, 0x76, 0x6C,
    0x83, 0x63, 0xFD, 0x91, 0x53, 0x9B, 0x43, 0xAB, 0xD1, 0xD3, 0xE8, 0x8E, 0x9C, 0xC9, 0x38, 0x04,
    0x87, 0x66, 0x25, 0xB8, 0x1E, 0x39, 0x73, 0xE4, 0x48, 0xF6, 0x24, 0x47, 0xEA, 0x23, 0x47, 0xF2,
    0xC0, 0x34, 0x30, 0x09, 0x44, 0x70, 0x0A, 0xB5, 0x39, 0x04, 0x17, 0x98, 0x8F, 0xD0, 0x94, 0x1E,
    0x73, 0x50, 0xAD, 0x72, 0x65, 0xD1, 0x97, 0x46, 0xB2, 0x0B, 0x6C, 0x85, 0x79, 0xE8, 0xE2, 0xB1,
    0x3E, 0x29, 0x5C, 0x8A, 0x57, 0xA9, 0x5A, 0xE5, 0xD5, 0x29, 0x33, 0xCA, 0xA9, 0x4F, 0x99, 0xDA,
    0x24, 0x2E, 0xA9, 0xE2, 0xB3, 0x6A, 0xCA, 0x6E, 0xA7, 0x35, 0xE7, 0x73, 0x05, 0x70, 0xA8, 0x3A,
    0x53, 0x51, 0x23, 0xB7, 0x47, 0x56, 0x0B, 0xAD, 0x64, 0x3D, 0xEE, 0x27, 0xFD, 0xF7, 0x45, 0xF0,
    0x67, 0xBA, 0x98, 0x3C, 0xC2, 0x53, 0xD2, 0x09, 0x7F, 0xA3, 0x5B, 0xD1, 0x50, 0xE4, 0x07, 0xCF,
    0x4C, 0x03, 0x5C, 0x51, 0xDB, 0xB9, 0x69, 0xC6, 0x21, 0xA3, 0xBE, 0xB0, 0x95, 0xB3, 0x02, 0x38,
    0x17, 0xD4, 0xBB, 0x71, 0xA5, 0xA0, 0x5E, 0xEC, 0x71, 0xF4, 0xD5, 0x40, 0xB7, 0x5C, 0xC0, 0x7A,
    0x01, 0x14, 0xAC, 0x86, 0xA5, 0x90, 0xC2, 0xEA, 0x39, 0x97, 0x66, 0xF9, 0x29, 0x63, 0x07, 0x8D,
    0xA6, 0x78, 0xDB, 0x47, 0x5C, 0xAB, 0xB3, 0xED, 0x46, 0xA8, 0x5A, 0x64, 0x0F, 0x48, 0x51, 0x63,
    0x70, 0xAA, 0x0E, 0x59, 0x72, 0xBA, 0xE8, 0x50, 0x9F, 0xFA, 0x56, 0xE5, 0xB6, 0x56, 0x44, 0xED,
    0xEC, 0xDA, 0xEA, 0x9C, 0x4D, 0xBD, 0xA2, 0x5C, 0x51, 0x10, 0x4E, 0xFE, 0x5B, 0xE9, 0x3D, 0xCF,
    0xC3, 0x47, 0x7C, 0x5B, 0xD3, 0xA3, 0xC7, 0x7D, 0x33, 0x56, 0xA5, 0xF4, 0x6D, 0x2D, 0x61, 0x41,
    0xA6, 0x35, 0x95, 0x8A, 0xF6, 0x1A, 0xC9, 0x6A, 0xDB, 0x22, 0x3E, 0xB4, 0x4B, 0x0F, 0xF5, 0xE5,
    0x4F, 0x9A, 0x4C, 0x82, 0x98, 0x77, 0xAF, 0x97, 0x45, 0xDF, 0xC6, 0x49, 0x23, 0x97, 0x63, 0xF2,
    0x9D, 0xDE, 0xD6, 0xF6, 0xBB, 0xA6, 0xB6, 0x21, 0xA7, 0xAD, 0x9E, 0xCF, 0xA7, 0xC1, 0xB8, 0xF1,
    0xD2, 0x18, 0x95, 0x32, 0x63, 0xB5, 0xC3, 0x9A, 0x4B, 0x48, 0xB2, 0xB9, 0x9C, 0xEC, 0x78, 0xD8,
    0x09, 0x3A, 0x0F, 0x41, 0x33, 0x5F, 0xC7, 0xB1, 0x94, 0x30, 0x65, 0x8B, 0x74, 0x95, 0xF6, 0x67,
    0x73, 0x3E, 0xEB, 0x23, 0x88, 0x03, 0x90, 0xF7, 0xAE, 0xD9, 0x69, 0x7B, 0x5F, 0x7D, 0xBA, 0xF3,
    0x72, 0x18, 0x25, 0xD0, 0xB4, 0x58, 0xD0, 0x43, 0x36, 0xDF, 0x67, 0xEB, 0x7D, 0x96, 0xAC, 0x12,
    0x76, 0x88, 0x17, 0x48, 0x50, 0x24, 0x8B, 0x05, 0x29, 0x3B, 0xCB, 0xDE, 0x92, 0x4D, 0x59, 0x56,
    0xE2, 0x53, 0x6D, 0xD9, 0x92, 0xD8, 0xB2, 0xEE, 0x20, 0xBB, 0x6E, 0x4F, 0x47, 0xEE, 0xB3, 0xCD,
    0xA5, 0xD9, 0xCA, 0xB2, 0xDB, 0x6A, 0x47, 0x85, 0x1D, 0x6F, 0xA2, 0xD8, 0xD7, 0x21, 0xDF, 0x6A,
    0x56, 0x23, 0xDD, 0xEA, 0xCB, 0x1D, 0xAC, 0x15, 0x11, 0x01, 0x86, 0xB4, 0x02, 0xE5, 0x3E, 0x9B,
    0x6E, 0x2D, 0x56, 0x63, 0x35, 0xCD, 0x12, 0xA7, 0x7E, 0x7B, 0x93, 0x76, 0xC5, 0x76, 0xA7, 0xF7,
    0x5D, 0x52, 0x02, 0xAE, 0x47, 0xB5, 0x55, 0x43, 0xCD, 0x31, 0xA3, 0xF9, 0xD5, 0x26, 0x62, 0x84,
    0x2C, 0x8C, 0xD9, 0xAA, 0x6B, 0xA4, 0xD9, 0x74, 0x49, 0xA6, 0x01, 0x60, 0x3E, 0x4A, 0x66, 0x0E,
    0x19, 0xF5, 0xB1, 0x07, 0xA0, 0x56, 0x8E, 0x80, 0x6D, 0x62, 0xAD, 0xFE, 0xB4, 0xCD, 0x68, 0xA9,
    0x12, 0x4F, 0xFF, 0x23, 0x0C, 0x93, 0x35, 0x22, 0xFB, 0x50, 0xD5, 0x05, 0x92, 0xB4, 0x1C, 0x5D,
    0xAF, 0x52, 0x16, 0xF3, 0xC5, 0x19, 0xBB, 0x6B, 0x8C, 0x3F, 0x7D, 0xE2, 0xCB, 0x12, 0x4D, 0xE0,
    0xB4, 0x05, 0x03, 0x80, 0xB2, 0xDA, 0xDE, 0x2F, 0x51, 0x66, 0x81, 0x69, 0x60, 0x72, 0xC4, 0x34,
    0x30, 0x0B, 0xEB, 0xD5, 0x6B, 0x28, 0x67, 0x0A, 0x6C, 0x02, 0xEF, 0x1E, 0x2E, 0x1F, 0x23, 0xCE,
    0x4A, 0x35, 0x5E, 0x49, 0x63, 0x19, 0x58, 0x84, 0xF2, 0xF2, 0x73, 0x36, 0x81, 0x2D, 0x22, 0x4A,
    0xD4, 0x3B, 0xF1, 0xB6, 0x49, 0xB8, 0xA0, 0xB6, 0xA7, 0x52, 0x3F, 0xCB, 0x7B, 0xB0, 0x67, 0x38,
    0x6B, 0x4A, 0xC6, 0x1C, 0xC8, 0xEF, 0x73, 0xF8, 0x47, 0x3E, 0xE4, 0x90, 0x90, 0x22, 0x23, 0xDE,
    0xD4, 0x36, 0x7E, 0x7A, 0x49, 0xC3, 0x58, 0x54, 0xB9, 0xBE, 0xD1, 0xBE, 0x24, 0x15, 0x8D, 0xD1,
    0x75, 0x81, 0xBD, 0x31, 0x0B, 0x4C, 0x3B, 0x63, 0xD1, 0x1A, 0xBF, 0x67, 0xC0, 0x17, 0xAF, 0xCA,
    0x8B, 0x83, 0xF4, 0x4F, 0x22, 0x6C, 0xB6, 0xCB, 0x35, 0xB5, 0x48, 0x2E, 0xA2, 0x13, 0x11, 0x89,
    0x13, 0x46, 0x6C, 0x29, 0x9E, 0xE1, 0x85, 0xE0, 0xDF, 0x2E, 0x4A, 0xF7, 0x70, 0x52, 0x16, 0x1C,
    0x04, 0x62, 0x9C, 0x32, 0x61, 0xF5, 0x1A, 0x0D, 0xB8, 0x9B, 0xEF, 0xE1, 0x87, 0x48, 0xA7, 0x64,
    0x46, 0xBC, 0xE6, 0x23, 0x40, 0x8B, 0x76, 0x0B, 0x94, 0x52, 0x8A, 0x4E, 0x11, 0xA2, 0x3B, 0x57,
    0x3D, 0xE0, 0xC2, 0xD2, 0xED, 0xC6, 0xD0, 0xB2, 0xDF, 0x2F, 0xBA, 0xD6, 0x7A, 0xDD, 0x51, 0x3A,
    0xD9, 0x5E, 0x0A, 0x7C, 0xA0, 0x3B, 0xF3, 0x05, 0xA5, 0xAA, 0x5B, 0x91, 0x2D, 0x7A, 0xBD, 0x6F,
    0xA7, 0x03, 0xB0, 0x82, 0x83, 0xAC, 0xCD, 0x11, 0xF8, 0x0B, 0xF8, 0xD5, 0x9C, 0xB5, 0x17, 0x07,
    0x05, 0x05, 0xC9, 0x3E, 0x1C, 0xDF, 0x71, 0x46, 0xAE, 0x50, 0xD8, 0xCF, 0x2A, 0xDB, 0xC9, 0xBF,
    0xAF, 0x67, 0x2A, 0x8B, 0xAA, 0x17, 0xAD, 0x7C, 0x83, 0x9C, 0xA8, 0xBB, 0xC8, 0xEF, 0x54, 0xD7,
    0x75, 0x12, 0x0F, 0xD5, 0x06, 0x27, 0xE4, 0xFB, 0xB8, 0xB0, 0x63, 0x73, 0xF3, 0xF6, 0xE2, 0x2B,
    0xDB, 0xD0, 0x51, 0x63, 0xB1, 0x38, 0x3A, 0xDC, 0xB1, 0xD9, 0xCC, 0x25, 0xD6, 0x83, 0x97, 0x88,
    0x34, 0x08, 0x6E, 0x82, 0x87, 0x1B, 0xE0, 0xE0, 0x46, 0xDC, 0x80, 0x5B, 0xAB, 0x70, 0x31, 0x37,
    0x93, 0xAD, 0x46, 0x9E, 0x84, 0x68, 0xA3, 0x47, 0x97, 0xAF, 0xCB, 0xB8, 0x70, 0x2A, 0x4D, 0xCA,
    0x56, 0x6B, 0x23, 0x22, 0x45, 0x4D, 0x38, 0x91, 0xD5, 0xAC, 0xB3, 0x87, 0xAE, 0x6F, 0x03, 0xC1,
    0x86, 0x85, 0xFF, 0xE6, 0x02, 0x0D, 0xDA, 0x2B, 0x17, 0xE7, 0x9B, 0xF7, 0xCE, 0xC3, 0x2C, 0x25,
    0x79, 0xED, 0xFB, 0xB5, 0x5C, 0xB5, 0xCF, 0x47, 0x64, 0x43, 0x32, 0xCB, 0x13, 0xFD, 0x77, 0xAE,
    0x38, 0xCE, 0x92, 0xBE, 0xA1, 0xD1, 0x5B, 0x34, 0x7A, 0xCB, 0x71, 0xF4, 0xD2, 0x55, 0xA3, 0xB7,
    0x3E, 0x16, 0x3D, 0x3C, 0x21, 0x7A, 0x9D, 0x46, 0x6F, 0x7A, 0x62, 0xF4, 0xE6, 0x4F, 0x18, 0xBD,
    0x71, 0x1F, 0x3D, 0x9D, 0x73, 0x7E, 0x5D, 0x04, 0xD3, 0xFE, 0x42, 0x6F, 0xC2, 0x7E, 0x7F, 0x47,
    0x3E, 0x11, 0xFD, 0x42, 0x2A, 0x4B, 0x0A, 0x1B, 0xA0, 0xCB, 0x55, 0x45, 0x30, 0x1A, 0x64, 0xFB,
    0x9D, 0x6C, 0x73, 0xDA, 0x1C, 0x3E, 0x65, 0x13, 0x26, 0x4A, 0x5F, 0x2C, 0x77, 0xB2, 0x78, 0x00,
    0x94, 0x1A, 0xBD, 0x71, 0xD7, 0x7A, 0xAF, 0xF5, 0x64, 0xEB, 0xD5, 0xD6, 0xC3, 0x43, 0x6F, 0xD7,
    0x9E, 0xFF, 0x8A, 0xF5, 0x6D, 0xD9, 0x57, 0xDF, 0x43, 0x3A, 0xA5, 0x33, 0x92, 0x55, 0xFC, 0xA0,
    0xEF, 0xC2, 0xBE, 0xDA, 0x11, 0xFB, 0x7D, 0xF5, 0x15, 0xF7, 0x6D, 0x47, 0x49, 0xFD, 0xE5, 0x68,
    0x73, 0x36, 0xF9, 0x11, 0xDE, 0xA8, 0x76, 0xB8, 0x79, 0x57, 0x03, 0x01, 0x5C, 0x21, 0x6A, 0xED,
    0xE2, 0x29, 0xB9, 0x1A, 0x08, 0x49, 0xE3, 0xE1, 0x65, 0xE5, 0x74, 0x39, 0x9C, 0x93, 0x47, 0xBE,
    0x3D, 0x98, 0xEC, 0xFC, 0x4B, 0x19, 0x4A, 0x11, 0x45, 0x39, 0x9E, 0x5F, 0x79, 0xCB, 0xCF, 0xA5,
    0x10, 0x29, 0x45, 0xDC, 0x26, 0x7F, 0x29, 0x21, 0xAB, 0x37, 0xA9, 0x4E, 0x75, 0xB3, 0x1C, 0xF0,
    0x69, 0x65, 0x14, 0x59, 0x6E, 0x34, 0xF0, 0x64, 0x6B, 0x47, 0xC9, 0x52, 0xCF, 0x73, 0x6D, 0xDF,
    0x7D, 0x3E, 0x76, 0xED, 0xEE, 0xDC, 0x20, 0x95, 0x1F, 0xC3, 0xCB, 0x81, 0x37, 0xE2, 0x11, 0xC8,
    0xFF, 0x73, 0xB0, 0xF3, 0x2E, 0xC4, 0x3F, 0xB4, 0xE5, 0xDA, 0x5D, 0x68, 0x8F, 0x04, 0xF9, 0x87,
    0x83, 0xC0, 0xB1, 0x3B, 0x88, 0x57, 0x4A, 0x1C, 0xA5, 0x57, 0xDE, 0x6C, 0xE0, 0xD0, 0x1B, 0xD4,
    0x9D, 0x48, 0x8B, 0x74, 0xF0, 0x15, 0xF2, 0xC1, 0x8B, 0x8D, 0xAB, 0xD8, 0x38, 0x8B, 0x8D, 0x77,
    0xAE, 0xD4, 0xC6, 0x06, 0x79, 0x23, 0x8E, 0x4C, 0x39, 0x25, 0x05, 0xCC, 0xC5, 0x05, 0x94, 0x7D,
    0xC2, 0x3E, 0x99, 0xCB, 0x76, 0x87, 0x78, 0x76, 0x82, 0x68, 0xB1, 0xD7, 0x10, 0x17, 0x07, 0xC1,
    0xFD, 0xDB, 0x8A, 0xDB, 0x50, 0xE0, 0x08, 0xB9, 0x94, 0x7C, 0x0C, 0xFD, 0xEE, 0xB3, 0xE0, 0x94,
    0xA3, 0x40, 0xA2, 0x72, 0xFE, 0x00, 0x14, 0x74, 0x3F, 0x6D, 0x23, 0x22, 0x4C, 0x73, 0x22, 0xEE,
    0x24, 0x13, 0x71, 0x7A, 0x56, 0x2D, 0x52, 0xCA, 0x4A, 0xA9, 0xC8, 0x51, 0x88, 0x1C, 0xB9, 0x1E,
    0xC8, 0xE5, 0x51, 0x9C, 0x44, 0xD6, 0xBF, 0xEF, 0x24, 0x8A, 0x9D, 0x5D, 0x9A, 0x29, 0x42, 0x14,
    0xED, 0x8A, 0xF1, 0x2C, 0x88, 0xF9, 0xAB, 0xC9, 0x6A, 0xCB, 0x8D, 0x36, 0x68, 0x7F, 0xA5, 0xA5,
    0xE8, 0xE3, 0xB9, 0xB8, 0xAC, 0x8B, 0xF7, 0x20, 0x87, 0x8D, 0xBA, 0x93, 0x93, 0xCB, 0x0B, 0xBA,
    0x81, 0x19, 0x57, 0xC7, 0x19, 0x48, 0x0E, 0xE8, 0x17, 0x3B, 0xF6, 0xD5, 0xAC, 0xF4, 0x76, 0x9E,
    0xE3, 0x83, 0xC8, 0x0F, 0xE1, 0xFA, 0x48, 0x6F, 0x6E, 0xEA, 0x84, 0x5A, 0x68, 0x43, 0x80, 0xD3,
    0xFE, 0x6D, 0xA0, 0x2D, 0x45, 0x6B, 0x34, 0x6A, 0x30, 0x3E, 0xB2, 0x83, 0x21, 0x05, 0x79, 0xC0,
    0x2F, 0xD9, 0x09, 0x1A, 0xDF, 0xE8, 0xA5, 0xB0, 0xCF, 0xE1, 0x38, 0xD5, 0x1C, 0x72, 0x0E, 0x3B,
    0xF4, 0x39, 0x7B, 0x64, 0x94, 0xFE, 0x88, 0x98, 0x7D, 0xF4, 0x47, 0x42, 0x87, 0x88, 0xE3, 0x89,
    0x82, 0xDC, 0x01, 0x82, 0x07, 0x80, 0xE7, 0x42, 0xEA, 0x0E, 0x4A, 0xC3, 0xB0, 0xA2, 0xBE, 0xBB,
    0x39, 0x7B, 0xCC, 0xA3, 0xF4, 0xDA, 0x39, 0xAC, 0x66, 0x1E, 0xE1, 0x92, 0xF4, 0xB2, 0x5B, 0xDB,
    0xC1, 0x2C, 0x1D, 0x93, 0x51, 0x18, 0x87, 0x66, 0x44, 0x1A, 0x09, 0xE8, 0xCC, 0x5E, 0x79, 0xBA,
    0xBE, 0x4E, 0x16, 0xDF, 0xAC, 0xF0, 0x9E, 0x8E, 0xD0, 0x48, 0x47, 0x6F, 0x9B, 0x08, 0xD2, 0x21,
    0xEB, 0xA1, 0xEB, 0x74, 0x16, 0x21, 0x3B, 0x02, 0x5A, 0x60, 0xA2, 0xEA, 0xE5, 0x76, 0x7A, 0xFF,
    0x4C, 0xC2, 0xE7, 0xBF, 0x62, 0xFC, 0x5A, 0x66, 0xFC, 0x6A, 0x7A, 0xF8, 0xFF, 0xFD, 0xF7, 0xC9,
    0xF8, 0x1A, 0x0E, 0x6A, 0xE4, 0xA3, 0xE2, 0x6F, 0xBE, 0xA6, 0xF8, 0xE7, 0xCF, 0x1B, 0xBE, 0x70,
    0xF8, 0xBF, 0xF0, 0x5D, 0x3E, 0xBE, 0x22, 0xC6, 0xBB, 0xD1, 0x4D, 0xCA, 0xC1, 0x0F, 0xC2, 0xBA,
    0x65, 0x2B, 0xF4, 0xDF, 0x5C, 0x05, 0xB8, 0x9F, 0x4C, 0xCA, 0x39, 0xEB, 0x5E, 0x43, 0xC3, 0x7D,
    0x6F, 0xB3, 0xC5, 0x9F, 0xB1, 0x17, 0xBC, 0xC3, 0x46, 0x90, 0x2C, 0x62, 0xED, 0x9C, 0xC9, 0x57,
    0xF1, 0x98, 0x6B, 0xBC, 0xDE, 0xBC, 0xF1, 0x32, 0x3B, 0x7D, 0x2D, 0x9D, 0x62, 0x23, 0x44, 0x34,
    0x28, 0x90, 0xB4, 0xC6, 0xBC, 0x31, 0x16, 0x95, 0xD1, 0x21, 0xB0, 0x0A, 0x7C, 0x68, 0x2C, 0x57,
    0x63, 0x36, 0xBE, 0x7C, 0xA3, 0x12, 0x8B, 0x6A, 0x72, 0xE1, 0x29, 0xAA, 0xA2, 0x57, 0x94, 0xAD,
    0xC2, 0x05, 0x7C, 0xAC, 0x74, 0x54, 0xE4, 0xAC, 0x60, 0x6F, 0xE3, 0x5A, 0xB2, 0xA5, 0x5A, 0xD4,
    0x7E, 0x06, 0x92, 0x59, 0x00, 0x0F, 0xFF, 0x62, 0x9F, 0x96, 0xC7, 0x2D, 0xEB, 0xAD, 0xF0, 0xCB,
    0x13, 0x69, 0x0F, 0x0E, 0x79, 0x0E, 0x92, 0x8D, 0x39, 0x4A, 0xF6, 0x4C, 0xEF, 0x1B, 0x4E, 0x28,
    0x79, 0x57, 0x96, 0xA4, 0x9C, 0xC5, 0x5D, 0xBB, 0xE2, 0x3D, 0x6F, 0x86, 0xE7, 0x5C, 0xB5, 0x49,
    0x9A, 0x25, 0xD2, 0x51, 0xB3, 0x05, 0xA9, 0x2D, 0xF4, 0x0B, 0xCA, 0x87, 0xD4, 0x07, 0x68, 0xEA,
    0x15, 0xEE, 0x17, 0x72, 0xEA, 0xAA, 0xB7, 0x34, 0xDD, 0x0F, 0xD8, 0x6A, 0x96, 0xF0, 0xDF, 0x62,
    0x57, 0x74, 0x40, 0x49, 0x30, 0x61, 0x5F, 0xB4, 0x7A, 0x2F, 0x95, 0x09, 0x07, 0x89, 0x4A, 0xCE,
    0xB7, 0x97, 0x98, 0x83, 0x6B, 0x24, 0xFB, 0xCE, 0x1C, 0x71, 0x72, 0x95, 0x64, 0x3F, 0x9A, 0xC1,
    0x59, 0xB2, 0x19, 0x3F, 0x9A, 0xE0, 0xE7, 0x1A, 0x40, 0x2A, 0x4F, 0x0A, 0xD5, 0x8B, 0xD7, 0xD0,
    0xFC, 0xD7, 0x00, 0xB7, 0xDE, 0xD7, 0xEC, 0xC3, 0x1E, 0x8E, 0x8B, 0xC4, 0xD0, 0x1E, 0x99, 0x9A,
    0x2D, 0xDB, 0x22, 0xE7, 0xBC, 0x1D, 0xD8, 0x2D, 0x0B, 0xB2, 0xDA, 0x62, 0x49, 0x4A, 0x89, 0xA3,
    0x06, 0x8F, 0xFB, 0x60, 0xC7, 0x1F, 0x28, 0xC2, 0x73, 0x35, 0x66, 0x50, 0xA7, 0x84, 0xDB, 0xFC,
    0xA8, 0x7F, 0x31, 0x29, 0xC3, 0x6E, 0x45, 0x47, 0x09, 0x85, 0x72, 0x2D, 0xFA, 0x4B, 0x17, 0x23,
    0x3F, 0xDB, 0x4B, 0xFD, 0x9E, 0x73, 0xC2, 0xAE, 0x08, 0x2F, 0x8E, 0xF5, 0xF1, 0x62, 0x2F, 0xD4,
    0x0D, 0xF1, 0x2C, 0x99, 0x8C, 0x63, 0x32, 0xDB, 0xCB, 0x25, 0x53, 0x32, 0xE9, 0xEB, 0xB8, 0x9C,
    0x13, 0x89, 0xF5, 0x50, 0xFE, 0x68, 0x49, 0x07, 0xC9, 0xB8, 0x7F, 0x58, 0x35, 0xE4, 0x63, 0x9D,
    0x53, 0x42, 0x5B, 0x4F, 0xF7, 0x33, 0xE6, 0x1D, 0xE0, 0xE6, 0x25, 0xE5, 0x0F, 0x5A, 0xC9, 0xCC,
    0xBB, 0xB8, 0xB4, 0x32, 0x4C, 0x66, 0x7B, 0xDE, 0xB8, 0xE0, 0x18, 0x91, 0x1A, 0xD0, 0x01, 0x24,
    0x2C, 0xE3, 0xA9, 0x3D, 0xAA, 0x13, 0xCF, 0x60, 0xEF, 0x7B, 0x2D, 0xE1, 0xDE, 0x41, 0x39, 0x5B,
    0x7F, 0x9D, 0x14, 0xA8, 0x17, 0x23, 0xA9, 0x48, 0x56, 0xDF, 0x0A, 0xB3, 0xA9, 0xEC, 0x85, 0x45,
    0x97, 0x8E, 0x97, 0xF6, 0xB6, 0x5E, 0xC2, 0xBF, 0xB1, 0x96, 0xAA, 0x78, 0xE9, 0x6B, 0xB3, 0x9D,
    0xDD, 0xEA, 0xDD, 0xE9, 0x1E, 0xB2, 0x0C, 0xAE, 0xB5, 0x81, 0x60, 0x95, 0xEC, 0x23, 0xAB, 0xD1,
    0x98, 0x98, 0x87, 0xB6, 0xBF, 0x06, 0xA5, 0xC1, 0x6A, 0x40, 0xDD, 0x0A, 0x0B, 0xB2, 0x12, 0x66,
    0x5C, 0x05, 0xD0, 0x92, 0xD5, 0xE9, 0xCD, 0x97, 0xF1, 0x99, 0x98, 0x86, 0x72, 0x6B, 0xB2, 0x3B,
    0xE4, 0xC9, 0x0F, 0x45, 0x73, 0x8A, 0x3A, 0xBB, 0xC3, 0xAD, 0x5F, 0xF0, 0x6C, 0x00, 0xE2, 0x45,
    0xF6, 0x89, 0xE9, 0x18, 0x2F, 0xC0, 0x8D, 0x37, 0x71, 0xE7, 0x28, 0x26, 0x0B, 0x48, 0xD3, 0x82,
    0x3D, 0x8A, 0x31, 0x11, 0xED, 0x62, 0x0E, 0x28, 0x5B, 0xD9, 0xAE, 0x6B, 0xC0, 0x19, 0x75, 0x25,
    0x31, 0xF7, 0x3A, 0x70, 0x16, 0x69, 0x68, 0x24, 0x31, 0xE3, 0xBB, 0x93, 0x0E, 0x84, 0x51, 0x9A,
    0xFA, 0x6B, 0xD9, 0x96, 0xCD, 0xE6, 0xC9, 0x36, 0xA8, 0xED, 0x8C, 0x75, 0xB5, 0xF3, 0x87, 0xC1,
    0xF2, 0x59, 0xF3, 0xAA, 0xE5, 0xB8, 0x7F, 0x38, 0x53, 0xAB, 0x7C, 0xCA, 0x56, 0x8B, 0xA9, 0x44,
    0xF5, 0xE7, 0x9C, 0x0E, 0x5E, 0x87, 0xCA, 0xFA, 0xAC, 0xB7, 0xF5, 0x0A, 0x5D, 0xEC, 0xC6, 0x62,
    0x3E, 0xFC, 0x7F, 0xD6, 0xA7, 0x3D, 0x42, 0x7A, 0x9D, 0x7A, 0x00, 0xDC, 0xBC, 0x7F, 0xEE, 0x5D,
    0x17, 0xC5, 0xDC, 0x3F, 0x49, 0x7B, 0x1C, 0x13, 0x4F, 0x89, 0x80, 0x29, 0x0F, 0x15, 0x28, 0xD9,
    0xAE, 0x52, 0x2C, 0x66, 0x8D, 0xC6, 0x7B, 0xD2, 0xD4, 0xFD, 0x9F, 0x55, 0xD2, 0x92, 0xCB, 0xD0,
    0xC3, 0x74, 0x53, 0x36, 0x40, 0x27, 0x6D, 0xF2, 0xFE, 0x27, 0xD6, 0x09, 0x3D, 0xB7, 0xBF, 0xE8,
    0xFE, 0xD5, 0x44, 0xEA, 0x3F, 0xCB, 0x4F, 0xE2, 0xB9, 0x60, 0x8B, 0x64, 0x72, 0xAC, 0x90, 0x4F,
    0x5A, 0x87, 0x51, 0x84, 0xC3, 0xA1, 0x86, 0xFB, 0x6B, 0xE5, 0xD1, 0xFD, 0xB5, 0x06, 0x88, 0x9E,
    0x70, 0x7F, 0xCD, 0xC9, 0x6A, 0x17, 0xA5, 0x73, 0xC8, 0xD8, 0x7C, 0xD7, 0xBA, 0x9D, 0x96, 0x42,
    0xED, 0xA3, 0x5D, 0xD8, 0x89, 0xE6, 0xDC, 0x96, 0xFB, 0xD1, 0x9E, 0x5D, 0x7C, 0x3F, 0x61, 0x9B,
    0x8C, 0x39, 0x91, 0x0D, 0xE5, 0x56, 0x4A, 0x5F, 0x4B, 0x51, 0x22, 0xED, 0x76, 0xDC, 0xB4, 0x60,
    0xD7, 0xAA, 0x96, 0x2F, 0x5E, 0xBD, 0x08, 0x6B, 0x8A, 0xB9, 0x3D, 0xBA, 0x92, 0x89, 0x68, 0x4E,
    0x97, 0x85, 0x74, 0xE5, 0x11, 0xB6, 0xBF, 0x25, 0x67, 0x7F, 0x4A, 0x2E, 0x59, 0xD5, 0x70, 0x52,
    0x23, 0x6A, 0xD1, 0x1E, 0x5F, 0xB5, 0x38, 0xEB, 0x1F, 0x8A, 0x8B, 0x56, 0x10, 0xF0, 0xEF, 0xCE,
    0x76, 0xEB, 0xCA, 0xEE, 0x5C, 0xE5, 0x6C, 0xF7, 0x7F, 0x28, 0xEE, 0x8A, 0xE3, 0xFC, 0xFF, 0xED,
    0x9B, 0x3D, 0xB0, 0xE5, 0xD8, 0x51, 0xC7, 0x5B, 0x12, 0xF3, 0x44, 0xAD, 0xAA, 0x38, 0x0E, 0xBC,
    0xC9, 0x4E, 0xA0, 0x14, 0x2F, 0x81, 0x52, 0x02, 0xEC, 0xA3, 0xB5, 0x03, 0xA7, 0x13, 0xD8, 0x11,
    0x09, 0x21, 0x65, 0x8A, 0x7A, 0x0E, 0x08, 0x08, 0x60, 0x25, 0xCA, 0x21, 0xC9, 0x23, 0x4F, 0x1C,
    0x4C, 0x30, 0x9E, 0xC4, 0x0E, 0x08, 0x08, 0x6C, 0x4B, 0xB6, 0x03, 0xA7, 0x22, 0x22, 0x15, 0x60,
    0xAA, 0xA8, 0x22, 0xF0, 0xA9, 0x42, 0x85, 0xF5, 0x6A, 0x25, 0xFD, 0xB9, 0xFD, 0x6F, 0x7D, 0xDC,
    0xBB, 0x77, 0xC6, 0xBB, 0xEB, 0x19, 0xEF, 0xCE, 0xCE, 0xEC, 0xA9, 0xBA, 0xFD, 0xEB, 0xBE, 0x57,
    0x4F, 0x23, 0x75, 0xF7, 0xF9, 0x50, 0xEB, 0x8C, 0x68, 0x8B, 0x46, 0x22, 0x99, 0x89, 0x78, 0x21,
    0xA2, 0x0B, 0xA4, 0x93, 0xC8, 0x0D, 0x80, 0x51, 0x22, 0x00, 0xE8, 0xC5, 0x01, 0x58, 0x44, 0x2A,
    0xB5, 0x4A, 0xC1, 0x22, 0x15, 0xDA, 0x04, 0x41, 0x32, 0x84, 0x0C, 0xAD, 0xC4, 0x18, 0x1C, 0x4A,
    0x11, 0x4C, 0x39, 0x44, 0xA4, 0x99, 0x0A, 0x45, 0x35, 0x7B, 0x3D, 0x9D, 0x5F, 0x0C, 0xF0, 0xF3,
    0x05, 0x96, 0x0D, 0x3C, 0x04, 0x67, 0x98, 0x73, 0x3D, 0x59, 0x35, 0x39, 0xD4, 0x22, 0xCD, 0x98,
    0xA1, 0x93, 0x08, 0x21, 0xC1, 0x20, 0x29, 0xFA, 0x08, 0x4B, 0x79, 0x8B, 0x56, 0x1A, 0x00, 0x10,
    0xC9, 0x79, 0x99, 0x12, 0x03, 0x7A, 0xB0, 0x3C, 0xC4, 0xAF, 0x84, 0x2D, 0x57, 0x4B, 0x7C, 0x47,
    0xD9, 0xAB, 0x2C, 0x28, 0x73, 0xD3, 0xF5, 0xFB, 0x77, 0x51, 0xCB, 0x0D, 0xEF, 0xCB, 0x03, 0x3D,
    0x6F, 0x35, 0x48, 0x0A, 0x60, 0x12, 0x87, 0xBA, 0x5A, 0xA4, 0x58, 0x24, 0x87, 0x78, 0x35, 0x4B,
    0x3F, 0x4A, 0x86, 0xBA, 0x1A, 0x25, 0x5D, 0x65, 0xBB, 0x49, 0x7E, 0x33, 0xA9, 0xF4, 0x93, 0x64,
    0x28, 0x8B, 0x45, 0x1C, 0x78, 0x86, 0x59, 0x32, 0x5E, 0x5D, 0xAC, 0x3E, 0xA4, 0xF7, 0x4A, 0xF5,
    0x2B, 0xAF, 0x90, 0xCD, 0xD5, 0x04, 0xAF, 0xCD, 0x5A, 0x1E, 0xB6, 0x9F, 0x76, 0x65, 0xFB, 0xA9,
    0xE8, 0x78, 0x99, 0x00, 0xEA, 0x55, 0x99, 0xE5, 0x06, 0x4B, 0x29, 0x0F, 0x97, 0x3B, 0x11, 0x3A,
    0x61, 0x92, 0xCF, 0x4A, 0x39, 0x89, 0xE4, 0x42, 0x69, 0x66, 0x91, 0x6C, 0x14, 0xBD, 0xEB, 0x52,
    0xF2, 0x81, 0xB1, 0xFE, 0x55, 0xD4, 0x04, 0xBD, 0x11, 0x98, 0x3F, 0x98, 0x55, 0x68, 0x35, 0x17,
    0x2D, 0x96, 0x3C, 0x1A, 0x23, 0x95, 0x9B, 0x66, 0x29, 0x65, 0x6D, 0x71, 0xD8, 0xB3, 0xF2, 0x40,
    0xF2, 0x0C, 0xDC, 0xFC, 0x70, 0xA8, 0x10, 0x1C, 0xD0, 0x55, 0xE8, 0x1D, 0xEE, 0x25, 0x43, 0x9F,
    0xA0, 0x97, 0x18, 0x7D, 0xF4, 0x72, 0xC0, 0x54, 0x1C, 0x6E, 0x08, 0xE0, 0x04, 0x01, 0xA0, 0x11,
    0x6D, 0x30, 0x03, 0x7A, 0x93, 0x1D, 0xEF, 0x7C, 0x91, 0xEA, 0x4E, 0xF6, 0xE6, 0x6B, 0x46, 0x71,
    0x8F, 0x71, 0xD5, 0x1E, 0x56, 0xB6, 0x40, 0x8E, 0x96, 0x60, 0x3E, 0x0C, 0x73, 0xF0, 0xD1, 0xAA,
    0x20, 0xBF, 0xB5, 0x55, 0x00, 0xEE, 0x4F, 0x04, 0xFD, 0xAA, 0x16, 0xD3, 0x9A, 0xD6, 0x43, 0x95,
    0xCB, 0x66, 0x89, 0x61, 0xB7, 0x06, 0xA9, 0xD0, 0x47, 0xEC, 0x09, 0xA5, 0x5A, 0x29, 0x86, 0x68,
    0x12, 0xC1, 0x22, 0x6A, 0x45, 0x98, 0xE2, 0x41, 0x62, 0x4C, 0xB4, 0x04, 0x73, 0x74, 0xA7, 0x47,
    0x98, 0x55, 0x2D, 0x8C, 0x64, 0x6F, 0x96, 0x07, 0x03, 0xDC, 0x9E, 0x59, 0x15, 0xC4, 0xAC, 0x82,
    0xCA, 0x7C, 0x58, 0x3C, 0xE5, 0x61, 0xA5, 0x08, 0x67, 0x96, 0x43, 0x27, 0xC7, 0x59, 0x3C, 0xEA,
    0xC3, 0xB2, 0x53, 0x9A, 0xB5, 0xD8, 0x29, 0xCD, 0xAA, 0x26, 0x49, 0xD4, 0x65, 0x8F, 0x69, 0x41,
    0xBB, 0x63, 0x90, 0x68, 0xB0, 0x7B, 0x18, 0xC4, 0xA1, 0x95, 0x24, 0xD8, 0xFD, 0x05, 0x9E, 0x32,
    0xA3, 0x55, 0x71, 0x38, 0x61, 0xE7, 0x83, 0x36, 0x89, 0x88, 0x40, 0x9F, 0x4D, 0xAB, 0xD5, 0xD3,
    0x9F, 0x8C, 0xBB, 0xB2, 0x62, 0xD8, 0x37, 0x4B, 0xD6, 0xF6, 0x4E, 0x19, 0x3D, 0xDE, 0xC3, 0xE0,
    0x82, 0x0B, 0x34, 0xD0, 0x6B, 0xD6, 0xFA, 0x4E, 0x2C, 0x08, 0x1C, 0xAD, 0xEA, 0x2D, 0x4C, 0x4A,
    0x91, 0x35, 0x04, 0x3A, 0x68, 0x9A, 0x41, 0xFF, 0x16, 0xA3, 0x6C, 0x01, 0x10, 0x6B, 0xE6, 0x7F,
    0xFE, 0x69, 0xB9, 0xBA, 0x3F, 0x3A, 0x0C, 0x8F, 0x0B, 0x23, 0x56, 0x63, 0xF3, 0x68, 0x3C, 0x88,
    0x9F, 0x76, 0x23, 0x50, 0x39, 0xE2, 0xD0, 0x1F, 0x46, 0x7A, 0x1E, 0x3D, 0x87, 0xF3, 0x20, 0xCC,
    0x67, 0x5E, 0x6F, 0xC6, 0xC3, 0xE9, 0xD1, 0x1E, 0x39, 0x68, 0x04, 0x5A, 0x91, 0xC3, 0xE5, 0xE5,
    0x4D, 0xBD, 0x79, 0x5C, 0x47, 0xC6, 0x76, 0x73, 0x78, 0x35, 0x89, 0xAF, 0x57, 0x7F, 0x13, 0xE5,
    0xEA, 0xEE, 0x98, 0x86, 0x79, 0xDB, 0x0C, 0x59, 0x9D, 0x6D, 0x86, 0xB6, 0x87, 0xAD, 0x3C, 0x95,
    0xB7, 0xB4, 0x87, 0xDD, 0xEA, 0xA9, 0x6A, 0xDF, 0x72, 0x10, 0x69, 0xA5, 0xE8, 0x21, 0xAB, 0xEA,
    0x3E, 0xE0, 0x64, 0xD6, 0xA0, 0x96, 0xD4, 0xFC, 0xA7, 0xF3, 0x49, 0xCC, 0x4B, 0x95, 0x94, 0x01,
    0xE8, 0x77, 0xF5, 0xED, 0x72, 0x57, 0xD9, 0x0E, 0x35, 0x6A, 0x80, 0xDA, 0xF1, 0xCA, 0x72, 0xEC,
    0x2A, 0x76, 0x35, 0xD9, 0xD5, 0x21, 0x43, 0x57, 0x9C, 0xD4, 0x36, 0x46, 0x6F, 0x33, 0x40, 0x5E,
    0xA6, 0xA8, 0x0B, 0x9D, 0x06, 0x6A, 0xBA, 0xD2, 0x4F, 0x3C, 0xAF, 0xB2, 0x1A, 0x4D, 0x6D, 0x86,
    0x4D, 0x8D, 0xD0, 0xAF, 0x2A, 0x5D, 0xB8, 0xAA, 0x0E, 0xF4, 0xB0, 0xAA, 0xC5, 0x2C, 0xEB, 0x19,
    0xF4, 0xC7, 0xAF, 0xF8, 0x85, 0x2A, 0x82, 0xCC, 0x05, 0xBA, 0x0C, 0x75, 0x82, 0x36, 0x9E, 0x1C,
    0x2F, 0x27, 0x03, 0x30, 0xA5, 0xAA, 0xDE, 0xEB, 0x17, 0x63, 0xC4, 0xC4, 0xCB, 0x01, 0x0C, 0x52,
    0xE0, 0x9F, 0x4C, 0x0D, 0x15, 0xD3, 0x90, 0x6E, 0x2D, 0xCF, 0xF5, 0x02, 0xB3, 0x08, 0x7D, 0x3B,
    0x4A, 0x42, 0x27, 0x31, 0x2B, 0x5E, 0x0F, 0xFD, 0xC9, 0x1F, 0xEC, 0x7A, 0x32, 0x79, 0x8D, 0x12,
    0xF5, 0x6C, 0x6C, 0xBA, 0x02, 0xEB, 0x54, 0x34, 0x36, 0xC0, 0xBC, 0x4E, 0x54, 0x83, 0x4D, 0x49,
    0xCC, 0xC7, 0x50, 0x00, 0xDD, 0xA6, 0xDF, 0x9C, 0x0D, 0xCE, 0xD1, 0xBC, 0xA7, 0x4D, 0x49, 0x72,
    0xAC, 0xD9, 0x14, 0xFA, 0xF6, 0x50, 0xD2, 0xCD, 0xC3, 0xD1, 0xBC, 0x5F, 0xDE, 0x47, 0x2B, 0x0D,
    0xBA, 0xE7, 0x29, 0xD9, 0xA6, 0xC4, 0x68, 0x5F, 0xAA, 0xF2, 0x64, 0x55, 0x92, 0x69, 0x55, 0xB2,
    0x91, 0x0A, 0x00, 0x55, 0xCC, 0x3F, 0x27, 0xC5, 0x1C, 0x72, 0xAE, 0x08, 0xDB, 0xAE, 0x24, 0xA8,
    0xAF, 0xFC, 0x63, 0x94, 0x62, 0x21, 0x8E, 0x31, 0xCE, 0x21, 0x90, 0xEC, 0x35, 0x6C, 0xF1, 0xBD,
    0xB1, 0x2A, 0xE5, 0x9D, 0x10, 0xA3, 0x7B, 0x88, 0x90, 0x20, 0x60, 0x95, 0xFD, 0x49, 0x16, 0xE8,
    0x23, 0x73, 0x42, 0x55, 0x46, 0xBC, 0x85, 0x67, 0xCA, 0x02, 0xE1, 0x43, 0x32, 0xA6, 0x94, 0xE6,
    0xA5, 0xC9, 0x1B, 0x0C, 0x27, 0xE9, 0x81, 0x4D, 0xF2, 0x66, 0x60, 0xD2, 0x2E, 0xA3, 0xA3, 0x43,
    0x5A, 0xDE, 0x6A, 0xB9, 0x4D, 0x90, 0x09, 0x6F, 0x3F, 0xB6, 0x98, 0xFF, 0xB4, 0x94, 0x02, 0x90,
    0x18, 0xE8, 0xC4, 0x01, 0x53, 0x01, 0xD4, 0xBB, 0x91, 0x83, 0xD3, 0x55, 0xAD, 0x23, 0xD3, 0x5D,
    0xC4, 0x35, 0xAB, 0x2D, 0xAF, 0x44, 0x80, 0xE1, 0xDC, 0x98, 0x0E, 0x63, 0xC1, 0x7C, 0x66, 0x54,
    0x38, 0x33, 0x3C, 0xEA, 0xC3, 0xC8, 0xD1, 0x1E, 0x86, 0x43, 0x7F, 0x18, 0x09, 0xC2, 0x61, 0xC4,
    0x18, 0x0F, 0x43, 0x30, 0x9F, 0x19, 0x0D, 0xCE, 0x0C, 0x8F, 0x6F, 0x1E, 0x46, 0x8E, 0x5F, 0x1E,
    0x86, 0xC3, 0xBF, 0x1D, 0x46, 0x8A, 0xDF, 0xD0, 0x58, 0xD4, 0x48, 0x80, 0xC3, 0x10, 0x35, 0x1E,
    0x89, 0x9F, 0x69, 0x34, 0x18, 0xE2, 0x51, 0xAA, 0x89, 0x86, 0xC7, 0x90, 0xE0, 0x3D, 0x8C, 0x34,
    0x0A, 0x35, 0xE8, 0x0B, 0xDC, 0x89, 0x33, 0xA3, 0x15, 0x8F, 0x91, 0x13, 0x29, 0xB0, 0x08, 0x8D,
    0x04, 0x83, 0x3C, 0xC4, 0xD9, 0xCA, 0x2C, 0xEB, 0x37, 0xCD, 0x4F, 0x9B, 0x56, 0xCD, 0x87, 0xB6,
    0x85, 0x81, 0x1A, 0x63, 0xE0, 0xF7, 0x00, 0x64, 0xFD, 0xE1, 0xFD, 0xC3, 0xF5, 0x87, 0xDF, 0x0F,
    0xA7, 0xAF, 0x1E, 0x4F, 0x00, 0xBA, 0x9B, 0x1A, 0x7D, 0x4D, 0x6D, 0x73, 0xF4, 0x2D, 0x36, 0x2F,
    0x3B, 0xD0, 0xC5, 0xD4, 0xE8, 0xDF, 0x4D, 0x6B, 0xB0, 0x69, 0xF4, 0x2C, 0x35, 0xBA, 0xD5, 0x2D,
    0x9B, 0x4F, 0xA9, 0xD1, 0xA1, 0xD4, 0xE8, 0x4D, 0x6A, 0x72, 0x68, 0xCD, 0xAE, 0xF9, 0x5D, 0x2B,
    0xA8, 0xD1, 0x7D, 0xD4, 0xE8, 0xBB, 0x5D, 0x4B, 0x54, 0xDB, 0xFD, 0x72, 0x68, 0xF9, 0xEE, 0xB5,
    0xE2, 0xF0, 0xDF, 0x68, 0x94, 0x08, 0x81, 0xE4, 0x08, 0xB5, 0xFD, 0x88, 0x7A, 0x73, 0xF8, 0x71,
    0xBA, 0x7E, 0xD3, 0x8A, 0xED, 0x47, 0x04, 0x63, 0x84, 0xE1, 0x79, 0x0A, 0x8F, 0x39, 0xFE, 0xEA,
    0xA3, 0xDB, 0xAD, 0xAE, 0xA7, 0x1C, 0xC6, 0x1C, 0x11, 0x50, 0x9E, 0x14, 0xE0, 0x9B, 0x40, 0x4B,
    0xE5, 0xD7, 0x40, 0x17, 0xE9, 0x4F, 0x5C, 0xAD, 0xF9, 0x31, 0xC1, 0xAF, 0x52, 0x04, 0x2A, 0x6D,
    0xB4, 0x29, 0xF2, 0xFB, 0x51, 0x52, 0x74, 0x7A, 0x53, 0x7E, 0xAC, 0x30, 0x39, 0xA0, 0xF4, 0x83,
    0x29, 0xB5, 0x1F, 0x36, 0xA7, 0xED, 0x4A, 0xB8, 0xF2, 0x4F, 0x47, 0x72, 0x4E, 0x63, 0x2B, 0x50,
    0x92, 0x31, 0x96, 0x63, 0xCD, 0xB8, 0x8F, 0x9F, 0xC7, 0xB3, 0x88, 0x5B, 0x9F, 0x42, 0xD2, 0x19,
    0xEB, 0xF1, 0x33, 0x29, 0x18, 0x7F, 0xEB, 0xD3, 0x46, 0x84, 0xE9, 0xE2, 0xFC, 0x09, 0x40, 0xA6,
    0x40, 0xA9, 0xD4, 0x0B, 0x27, 0xFF, 0xC7, 0xAE, 0x28, 0xFF, 0xA5, 0x5D, 0xA2, 0xFF, 0x05, 0x02,
    0xF9, 0x75, 0x63, 0xB3, 0xFE, 0x43, 0x10, 0x9E, 0x30, 0x9A, 0xAD, 0xDF, 0xC5, 0x13, 0x7B, 0xBE,
    0x24, 0x27, 0x42, 0x4F, 0x3B, 0x08, 0xAB, 0x01, 0xD9, 0xBA, 0x58, 0x76, 0x2B, 0xD7, 0x48, 0x89,
    0x57, 0x86, 0x13, 0x59, 0x85, 0x10, 0x69, 0x4A, 0x89, 0xF4, 0xC4, 0xB0, 0x87, 0xD1, 0x08, 0xF6,
    0x2C, 0x1A, 0x5B, 0xD1, 0x41, 0x1E, 0x2E, 0xA5, 0x8E, 0x9B, 0x9D, 0x47, 0xA7, 0x57, 0x1C, 0x36,
    0xC6, 0x4F, 0xE4, 0xDD, 0x52, 0xA2, 0x45, 0x78, 0xFC, 0xF7, 0x26, 0x3D, 0xFA, 0xD7, 0x7A, 0x7D,
    0x39, 0xAF, 0x36, 0x43, 0x7B, 0xCC, 0x62, 0xDF, 0x96, 0x8B, 0xB6, 0x3D, 0xD2, 0x37, 0x00, 0xBD,
    0x80, 0x56, 0x8A, 0x29, 0xD5, 0x2C, 0x0A, 0xCC, 0x9C, 0x5E, 0x83, 0xF5, 0x56, 0x69, 0x21, 0xA3,
    0x8C, 0x6E, 0x55, 0xDE, 0xE2, 0x24, 0x13, 0xFC, 0xD7, 0x49, 0xE6, 0x8B, 0x65, 0x82, 0xCA, 0xEA,
    0x5C, 0xCE, 0x4C, 0x42, 0x00, 0x73, 0xED, 0xB1, 0x58, 0xB2, 0x7A, 0xCD, 0xC8, 0x2E, 0xBB, 0x97,
    0xAA, 0xCE, 0xBB, 0xA2, 0xAF, 0x6A, 0xB7, 0x80, 0xD3, 0x47, 0xC4, 0xFB, 0xEF, 0xCF, 0x1F, 0x07,
    0x3B, 0xFD, 0x14, 0x40, 0xCD, 0xDF, 0x5E, 0xF2, 0x27, 0xC5, 0xB2, 0xFF, 0x1B, 0xEF, 0xD6, 0x37,
    0xDF, 0xCF, 0xFB, 0x3C, 0xB8, 0xB1, 0x6A, 0x93, 0x05, 0x65, 0x04, 0xD0, 0xFF, 0xA2, 0x39, 0xFC,
    0xE0, 0x91, 0xB0, 0x45, 0x3F, 0x11, 0xB9, 0xD5, 0xD5, 0xF0, 0x2C, 0x0E, 0xB3, 0x3D, 0xFD, 0x35,
    0x7A, 0xCC, 0x27, 0xFC, 0x54, 0x8B, 0xFA, 0xB9, 0xD7, 0x0F, 0x27, 0x19, 0x8D, 0x8A, 0xFF, 0x19,
    0x98, 0x6D, 0xBF, 0x99, 0x14, 0x19, 0x86, 0xB3, 0x25, 0x54, 0xC4, 0xE8, 0x5D, 0x05, 0xED, 0xBF,
    0xF9, 0x13, 0xD0, 0x59, 0x56, 0x4D, 0xF4, 0x18, 0x20, 0xBF, 0x87, 0xFA, 0x16, 0x5E, 0x6E, 0x7D,
    0xEB, 0xA9, 0xBC, 0x53, 0x8B, 0x54, 0xB5, 0xF6, 0x60, 0xFF, 0xEF, 0x10, 0x11, 0xF7, 0xC1, 0x2C,
    0xB2, 0x3E, 0xE7, 0x24, 0x6B, 0xA6, 0x75, 0x2A, 0xDF, 0x2E, 0x9F, 0x99, 0xAC, 0x1E, 0xA8, 0x3F,
    0xE5, 0x8A, 0x57, 0x16, 0xE2, 0xC9, 0x0A, 0x8F, 0x6E, 0x50, 0x0A, 0x2C, 0x57, 0xD5, 0xD7, 0x64,
    0x81, 0x63, 0x76, 0xB9, 0x6A, 0x6B, 0xC9, 0x2B, 0x6C, 0x5C, 0x2B, 0x5F, 0xE5, 0x56, 0x83, 0xFA,
    0xF4, 0xC8, 0x0A, 0xD7, 0x41, 0x2B, 0x74, 0x1D, 0x75, 0x2E, 0x2B, 0x73, 0x6D, 0x55, 0xAE, 0x63,
    0xC0, 0x4A, 0x94, 0x7B, 0x89, 0xEB, 0xA8, 0x70, 0xBD, 0x53, 0xC7, 0x4F, 0x38, 0x1C, 0x67, 0x41,
    0x58, 0x26, 0xB0, 0x05, 0xB8, 0xF9, 0x84, 0xFE, 0x63, 0xC2, 0x1F, 0x53, 0xAC, 0x75, 0xA7, 0xCB,
    0xC6, 0xAA, 0x57, 0x10, 0x56, 0xBD, 0xFA, 0xCF, 0xBC, 0xEA, 0x95, 0xF0, 0x0E, 0xAF, 0xF9, 0xBC,
    0x96, 0x0E, 0x31, 0x7F, 0x77, 0x53, 0x36, 0xAF, 0x5C, 0x0E, 0xFB, 0xF8, 0x9D, 0xED, 0xCD, 0xC9,
    0x0C, 0x36, 0x1E, 0x16, 0xAE, 0xF0, 0xCC, 0xE6, 0xFA, 0x6C, 0x38, 0xA1, 0x18, 0x1C, 0xE7, 0xAF,
    0x31, 0x9F, 0x0E, 0xCB, 0x05, 0xFE, 0x76, 0xB4, 0x57, 0x3C, 0x87, 0x44, 0x72, 0x1C, 0xEB, 0x44,
    0x72, 0x30, 0x36, 0xAD, 0x71, 0x31, 0xC4, 0xE3, 0xC7, 0xC9, 0xA5, 0x2F, 0x72, 0xE9, 0x9D, 0x1F,
    0x9C, 0x7B, 0xB3, 0x1A, 0xE4, 0x98, 0x23, 0x22, 0xF0, 0x90, 0xD8, 0x7E, 0x4A, 0x02, 0x11, 0x95,
    0xAF, 0x55, 0x4A, 0xBD, 0xC0, 0x04, 0xF4, 0xD2, 0x52, 0xEA, 0x8B, 0x89, 0xEB, 0x75, 0x4B, 0xA9,
    0x7C, 0xB9, 0xAC, 0x66, 0xC5, 0xA8, 0x2F, 0x07, 0xA9, 0xBC, 0x37, 0x26, 0xE1, 0x8B, 0x94, 0xFA,
    0xE8, 0x94, 0x7A, 0xF7, 0xC9, 0x31, 0x46, 0xED, 0xCE, 0x4D, 0x40, 0x08, 0x6A, 0xC2, 0xB7, 0x84,
    0xEB, 0x5E, 0xD3, 0x51, 0x8A, 0xD5, 0xA5, 0x6B, 0x3E, 0xB7, 0x15, 0x75, 0xDE, 0x29, 0xAB, 0xDE,
    0x07, 0x32, 0x90, 0xB4, 0xED, 0x77, 0xBA, 0x8A, 0xED, 0xCD, 0x79, 0x9E, 0x17, 0x6B, 0xC0, 0x72,
    0x21, 0xAF, 0x1A, 0x2F, 0x94, 0x65, 0xFF, 0x18, 0xF5, 0x85, 0xE4, 0xF7, 0x47, 0x7B, 0x45, 0x9E,
    0xF9, 0x3F, 0x71, 0x7E, 0x1C, 0xAD, 0xE8, 0x8C, 0xCD, 0x60, 0x04, 0x79, 0xD8, 0xFC, 0xFD, 0x8B,
    0xFC, 0xB8, 0x6A, 0x31, 0x8E, 0xFA, 0xDA, 0x21, 0xF9, 0xFD, 0x2B, 0x98, 0x1F, 0x16, 0x99, 0x81,
    0xCA, 0xB5, 0xFA, 0x89, 0x5B, 0x0E, 0xB6, 0xEE, 0x52, 0x4D, 0x4D, 0xED, 0x19, 0xDF, 0x43, 0x6D,
    0xB0, 0x6C, 0x33, 0x1E, 0xEB, 0x1E, 0x4E, 0xD5, 0x64, 0x56, 0x35, 0x2A, 0x6D, 0x8D, 0xB0, 0xB9,
    0xD8, 0x85, 0x5D, 0x2D, 0xFA, 0x5D, 0xAD, 0xDA, 0x5D, 0x45, 0xE9, 0x01, 0x4C, 0xB6, 0x43, 0x89,
    0x2A, 0x4F, 0x40, 0x75, 0xD4, 0x13, 0x0C, 0xBB, 0x5A, 0x60, 0x0F, 0x5D, 0x75, 0xA8, 0xD8, 0xD5,
    0xF8, 0x50, 0x93, 0x59, 0xC4, 0x9B, 0xEA, 0x46, 0x53, 0x93, 0x41, 0x8A, 0x60, 0x6A, 0x16, 0xC4,
    0xB7, 0xA6, 0xE6, 0x41, 0x50, 0x6F, 0xD9, 0xA6, 0x45, 0x97, 0x1B, 0xBB, 0x4D, 0x8F, 0x49, 0xDC,
    0x87, 0xD5, 0xEE, 0xC2, 0x5F, 0xDD, 0x35, 0x3F, 0x66, 0x63, 0xD6, 0xDC, 0xE0, 0x4E, 0x33, 0x16,
    0x15, 0x66, 0xC9, 0xC0, 0x56, 0x16, 0x43, 0xAA, 0x6C, 0x7D, 0x10, 0xCC, 0x11, 0x3A, 0xDF, 0x09,
    0x5F, 0x33, 0x59, 0xEE, 0x54, 0x41, 0x6C, 0x67, 0xC1, 0xA0, 0x50, 0x46, 0x30, 0x66, 0xE8, 0x98,
    0x61, 0xC5, 0x2C, 0xA4, 0x1F, 0xD9, 0xEB, 0x99, 0x49, 0x13, 0x19, 0xA9, 0x63, 0x98, 0x53, 0xE8,
    0xA2, 0x1F, 0x79, 0xE0, 0xD6, 0x5E, 0x73, 0x2E, 0x99, 0xBD, 0xD5, 0x9E, 0x22, 0x60, 0x96, 0x08,
    0x77, 0xEB, 0x6B, 0x13, 0xD0, 0x43, 0x27, 0xB1, 0x56, 0xDB, 0x66, 0x45, 0x86, 0x51, 0x8E, 0xBA,
    0x93, 0x5C, 0x8D, 0x47, 0xC7, 0x04, 0xDF, 0x00, 0x27, 0xAE, 0x7D, 0xDB, 0x1B, 0x80, 0xF2, 0x01,
    0xDA, 0x04, 0x83, 0x9E, 0x36, 0x55, 0x77, 0x15, 0x2D, 0x2B, 0x63, 0x0F, 0xCA, 0x1C, 0xE7, 0xEB,
    0x72, 0xBF, 0x5C, 0x60, 0xDE, 0xF1, 0x9D, 0xA7, 0xB5, 0xA2, 0x01, 0xD3, 0x07, 0x27, 0x40, 0x3D,
    0x42, 0x44, 0x68, 0x0B, 0x94, 0x8A, 0x1C, 0xAD, 0xC2, 0xA1, 0x57, 0xA4, 0x18, 0x15, 0x31, 0x50,
    0xDE, 0x6C, 0xD5, 0xB6, 0x56, 0x72, 0x43, 0xA4, 0x60, 0xE5, 0x4A, 0xB7, 0x56, 0xFD, 0x80, 0xD5,
    0xB6, 0xA6, 0xAC, 0x34, 0x21, 0xFE, 0x15, 0x7A, 0xDF, 0x1F, 0xCC, 0x76, 0xDB, 0x76, 0xD7, 0x47,
    0x1D, 0xFE, 0xDB, 0xD7, 0xD5, 0x36, 0xD8, 0xD9, 0xED, 0xB5, 0x29, 0xDF, 0xD3, 0xE3, 0x83, 0xCE,
    0x2D, 0xE2, 0xF9, 0x42, 0xA5, 0x18, 0x25, 0x3F, 0xC9, 0x49, 0x9C, 0xC9, 0x45, 0xAC, 0xEC, 0xC6,
    0x61, 0x80, 0xB9, 0xD3, 0xF0, 0x4A, 0x0A, 0xEE, 0x7F, 0x18, 0xE8, 0x6D, 0x7A, 0xD9, 0xCD, 0xA5,
    0x4A, 0xAE, 0x24, 0x54, 0x62, 0xF5, 0x6A, 0xAC, 0xB2, 0xA3, 0x6F, 0xFB, 0x54, 0x6F, 0x31, 0xE4,
    0x9A, 0xDD, 0xC1, 0xAB, 0xEC, 0x55, 0x56, 0xAD, 0x9F, 0xE5, 0x06, 0xB5, 0x75, 0x9B, 0x8C, 0x79,
    0x23, 0xB7, 0xB8, 0xB7, 0x41, 0xBA, 0x68, 0x95, 0xBE, 0x43, 0xA9, 0x5C, 0xF7, 0x50, 0x48, 0xBA,
    0x4F, 0x02, 0x81, 0x94, 0xAB, 0xAC, 0xDE, 0x0A, 0xCE, 0x0E, 0x28, 0x37, 0x3E, 0xC4, 0x52, 0x46,
    0xCD, 0xBD, 0x4D, 0x35, 0x4D, 0x4B, 0xC6, 0x10, 0x32, 0x9B, 0x8C, 0x79, 0x30, 0x56, 0x2D, 0x19,
    0x41, 0xC8, 0x74, 0x32, 0xE6, 0x03, 0x09, 0x8C, 0x2B, 0xE7, 0x95, 0xD8, 0x58, 0xF3, 0x38, 0x8F,
    0x8E, 0x74, 0x08, 0x64, 0x8A, 0x89, 0x8C, 0xB1, 0x90, 0x67, 0x9B, 0x6C, 0x5A, 0xB2, 0x40, 0x4F,
    0x3A, 0x0C, 0x64, 0x82, 0x89, 0x05, 0xED, 0x18, 0xA8, 0xF5, 0xFA, 0x4F, 0x0C, 0xCA, 0xE4, 0x44,
    0xB9, 0xB9, 0x93, 0xBF, 0xD4, 0x50, 0x8F, 0x09, 0xA7, 0x2E, 0x38, 0x9B, 0xD1, 0xD6, 0x89, 0x6E,
    0x9D, 0xFF, 0x60, 0x01, 0x7F, 0x42, 0x3C, 0x52, 0x11, 0xFD, 0x70, 0x3D, 0x8E, 0xD8, 0x07, 0x49,
    0x22, 0x37, 0xC4, 0x86, 0xE8, 0xB7, 0x43, 0xE7, 0x5A, 0x03, 0xBF, 0xAC, 0x7A, 0x02, 0xA5, 0x22,
    0x99, 0x44, 0xE1, 0x02, 0xE1, 0x5B, 0x05, 0xB0, 0xA2, 0x37, 0x0C, 0x06, 0x3B, 0xB2, 0x59, 0x08,
    0x6F, 0x7F, 0xEE, 0xD0, 0x2A, 0x52, 0xF4, 0x8A, 0x18, 0x83, 0x42, 0x30, 0x31, 0xD4, 0x15, 0xC4,
    0x03, 0x27, 0xF4, 0x86, 0xF0, 0x0A, 0x95, 0xCD, 0x27, 0x2B, 0x9B, 0x0F, 0x56, 0x36, 0x0F, 0xCF,
    0x28, 0x9B, 0x4F, 0x36, 0xF4, 0x77, 0x2C, 0x9B, 0xDB, 0xD4, 0x98, 0x0B, 0xDB, 0x57, 0x0D, 0x13,
    0x65, 0x34, 0x10, 0x49, 0x30, 0xAC, 0xD6, 0x12, 0xCE, 0xF3, 0xBD, 0x29, 0x3F, 0xA3, 0xCA, 0xF9,
    0xC0, 0xAB, 0x6E, 0x55, 0x56, 0xE5, 0x5E, 0xF5, 0x5A, 0xEB, 0x18, 0xA3, 0xCA, 0xD4, 0xE4, 0xF2,
    0x2F, 0x1C, 0x8B, 0xC6, 0xE3, 0xA2, 0xBF, 0x53, 0xAE, 0x7D, 0xF2, 0x1A, 0x47, 0x7B, 0xBD, 0xDE,
    0x8B, 0x88, 0xF8, 0x92, 0x58, 0x64, 0x75, 0xD3, 0xE1, 0x21, 0x71, 0x61, 0xC5, 0x97, 0x88, 0x25,
    0x10, 0x20, 0x38, 0xED, 0x88, 0x0E, 0xF5, 0x5B, 0x63, 0x9C, 0x2F, 0xE4, 0x47, 0xB4, 0xCF, 0x61,
    0x76, 0x7C, 0x47, 0xDE, 0xFA, 0xBE, 0x6F, 0x8B, 0x2E, 0x0F, 0x4D, 0x9D, 0x01, 0x92, 0x60, 0xB6,
    0xC5, 0x74, 0x13, 0x8E, 0x17, 0x47, 0xD1, 0x8F, 0x25, 0x6A, 0xF4, 0xC2, 0xF9, 0xB1, 0x99, 0x40,
    0x3F, 0xFE, 0x45, 0x3E, 0x23, 0xD7, 0x20, 0x7C, 0xF4, 0x40, 0x90, 0x18, 0x9D, 0xDE, 0xAE, 0xCE,
    0x84, 0xA2, 0x33, 0x54, 0x51, 0x8A, 0xFC, 0xA1, 0xC8, 0xD9, 0xF8, 0x98, 0xA0, 0xB5, 0x30, 0xED,
    0x4B, 0xB7, 0xA3, 0xB6, 0xE2, 0xCB, 0xD7, 0x6B, 0xB9, 0x21, 0xF2, 0xF4, 0xFB, 0x7B, 0x9C, 0xEC,
    0xC6, 0xD7, 0xE2, 0xD0, 0x78, 0xDC, 0xB5, 0xAF, 0x55, 0xBE, 0x2D, 0x9F, 0xF3, 0xE5, 0xC6, 0x20,
    0x6C, 0xD5, 0x74, 0x59, 0x78, 0x8D, 0x61, 0xB4, 0x71, 0xD7, 0x72, 0xFC, 0xBA, 0x6D, 0x7B, 0x73,
    0xB6, 0x9D, 0x39, 0xDB, 0xBE, 0x9C, 0x7D, 0x57, 0x0E, 0x30, 0xAC, 0x9C, 0xC8, 0x05, 0xB3, 0xB1,
    0x82, 0xD1, 0xA3, 0x26, 0x73, 0xB4, 0xA4, 0x43, 0x4F, 0x26, 0x08, 0x64, 0x8C, 0x91, 0x14, 0xCC,
    0xC6, 0x06, 0x24, 0x77, 0xDF, 0x1C, 0x5B, 0x9A, 0xB6, 0xDD, 0x4C, 0xDC, 0x77, 0x43, 0x26, 0x00,
    0x29, 0x1B, 0x9B, 0x95, 0x7E, 0x65, 0x81, 0x61, 0xDB, 0xAA, 0xB4, 0xED, 0x52, 0x22, 0x13, 0x0C,
    0x47, 0x19, 0x6C, 0x21, 0x1C, 0x2E, 0x4A, 0x8B, 0x4D, 0x7B, 0xFE, 0xB4, 0x9E, 0x05, 0x22, 0x7A,
    0xF4, 0x9C, 0xED, 0x2E, 0x62, 0x9B, 0x5D, 0xC4, 0xB6, 0xBA, 0x88, 0x6D, 0x74, 0xD9, 0x1E, 0xA6,
    0xD7, 0x4D, 0x2E, 0xDC, 0xE2, 0x42, 0xC8, 0x8B, 0x63, 0xDD, 0xCC, 0xB2, 0x6E, 0x65, 0x31, 0xD4,
    0xBC, 0xEE, 0x51, 0xD8, 0x10, 0x2E, 0xB6, 0x06, 0x26, 0xCB, 0x56, 0x11, 0x35, 0x1E, 0xC5, 0xAA,
    0xCB, 0xC8, 0xFF, 0xCD, 0x8F, 0x8C, 0xFD, 0x9F, 0x1A, 0xBB, 0x3F, 0x5E, 0xB9, 0xDA, 0xDF, 0xFD,
    0xEE, 0x71, 0xFC, 0x1B, 0x54, 0xC5, 0x88, 0x9F, 0xD6, 0x7B, 0x41, 0xC2, 0xE1, 0xD8, 0x91, 0x55,
    0x84, 0xA3, 0x56, 0xFA, 0x53, 0xD1, 0xF6, 0xAD, 0x33, 0x67, 0x2C, 0xBC, 0xF5, 0x6F, 0xE8, 0x9F,
    0x66, 0x91, 0x1E, 0xF3, 0x47, 0x94, 0xD4, 0xF9, 0xFD, 0xDE, 0x05, 0xBF, 0xF4, 0x0A, 0xD5, 0x35,
    0xB8, 0x57, 0xF4, 0x7A, 0xBB, 0xDE, 0xF9, 0x46, 0x25, 0xD4, 0x97, 0xF7, 0x78, 0x2C, 0xE9, 0xBE,
    0x28, 0x71, 0xBC, 0x78, 0x89, 0x83, 0xE3, 0x12, 0xD7, 0x79, 0x1F, 0xEA, 0xCA, 0xF5, 0x65, 0x57,
    0x1E, 0x2F, 0xB7, 0xF5, 0x3D, 0x28, 0x3F, 0x8F, 0xA5, 0x8E, 0x63, 0xFB, 0x62, 0x82, 0x8E, 0x4C,
    0x41, 0x48, 0x36, 0x5D, 0xDE, 0x5F, 0x51, 0x3E, 0x67, 0x41, 0x78, 0x2F, 0xB0, 0xBE, 0xF2, 0x1F,
    0xB3, 0xD8, 0x0D, 0x6A, 0x40, 0xD6, 0x5C, 0xE2, 0x72, 0xB6, 0x63, 0xF7, 0xB7, 0x41, 0xB8, 0xE3,
    0x02, 0xCD, 0xA1, 0x5E, 0xD7, 0x5A, 0xA5, 0x78, 0xCC, 0x92, 0xC3, 0x32, 0xAD, 0x80, 0xC4, 0xB3,
    0x87, 0x78, 0x48, 0x36, 0x14, 0x64, 0xDE, 0x19, 0xAB, 0x3A, 0x27, 0x17, 0x21, 0x93, 0x49, 0x0F,
    0x2E, 0xE0, 0x82, 0x32, 0xC7, 0x6D, 0xAB, 0xE1, 0x76, 0x80, 0x88, 0xB7, 0x8D, 0x57, 0xC2, 0x45,
    0xE6, 0x20, 0xC2, 0x09, 0x47, 0x3F, 0x41, 0x44, 0x7D, 0xBF, 0xAD, 0x45, 0x50, 0x4A, 0x02, 0x4B,
    0x48, 0xF7, 0x7F, 0x16, 0x7D, 0xDF, 0x6D, 0x4B, 0x6C, 0x79, 0xFA, 0x78, 0x2F, 0x1F, 0xC7, 0xEB,
    0x66, 0x66, 0x4B, 0x7D, 0xCB, 0xFA, 0x63, 0x14, 0x7E, 0x70, 0x35, 0x0A, 0x37, 0xF7, 0xAE, 0x95,
    0x02, 0x36, 0x23, 0x71, 0xC5, 0x09, 0xDE, 0x6B, 0x57, 0xF1, 0xE2, 0x73, 0x68, 0xFC, 0x3C, 0xD7,
    0xBF, 0x9A, 0x03, 0x53, 0xF2, 0xBF, 0x2A, 0xDD, 0x2F, 0x54, 0xFA, 0x44, 0xE5, 0xA4, 0x12, 0xE1,
    0x24, 0x0B, 0xB4, 0x29, 0xEA, 0x1C, 0xA5, 0x43, 0x99, 0xA1, 0xAB, 0x8E, 0xB3, 0x01, 0x7A, 0xEB,
    0x40, 0x2D, 0x95, 0x0D, 0x57, 0xC5, 0xEC, 0xEC, 0xE2, 0x60, 0x4C, 0xF0, 0x8D, 0xD9, 0x32, 0xF9,
    0x67, 0x0B, 0x99, 0x77, 0x3F, 0x25, 0xD3, 0xE0, 0xDF, 0xB8, 0x22, 0x78, 0x35, 0xFA, 0x51, 0xA4,
    0x98, 0xF2, 0x93, 0xCC, 0x96, 0x8C, 0x4F, 0xCD, 0x09, 0xBB, 0xCC, 0x3F, 0xCC, 0x0C, 0xE5, 0x4F,
    0xF8, 0x9E, 0xED, 0xCB, 0xD7, 0xB1, 0xE4, 0xC0, 0x64, 0x39, 0xC3, 0x67, 0x42, 0xBD, 0x06, 0x37,
    0x69, 0x76, 0xB9, 0x51, 0x07, 0xE8, 0xF8, 0x4E, 0xA5, 0x88, 0xC9, 0x3F, 0xC7, 0xA4, 0x9D, 0x57,
    0x25, 0xEE, 0xF7, 0xC7, 0x1C, 0xB7, 0xE8, 0xAF, 0xF9, 0xB9, 0xC4, 0x7B, 0xDB, 0xB0, 0xF3, 0x17,
    0x0E, 0x68, 0x34, 0xD8, 0x0B, 0x5F, 0xD0, 0x0D, 0x31, 0x57, 0xF5, 0x95, 0xE5, 0x61, 0x82, 0x85,
    0xCC, 0xCE, 0x63, 0xC0, 0x58, 0xE6, 0x2D, 0x59, 0x66, 0xE4, 0xDB, 0x12, 0x95, 0x6F, 0x5A, 0x4C,
    0x25, 0xE5, 0xB5, 0x17, 0xB4, 0x2B, 0x5E, 0xD7, 0x12, 0xE9, 0x5F, 0x8E, 0xF2, 0x3E, 0x2B, 0x1E,
    0x9E, 0x35, 0xAA, 0x07, 0xAF, 0xC6, 0xE4, 0xEE, 0xE0, 0x16, 0x06, 0xF2, 0x9B, 0x8A, 0x08, 0x3F,
    0x07, 0xF3, 0xB2, 0x23, 0x9C, 0x75, 0xC9, 0x78, 0xC8, 0xAF, 0xA2, 0x58, 0x71, 0xD6, 0xDB, 0x50,
    0x18, 0x92, 0x0D, 0xBD, 0x44, 0x06, 0x59, 0xF1, 0x65, 0x83, 0x3C, 0x0F, 0xBC, 0xE3, 0x73, 0xD4,
    0x07, 0x78, 0xC8, 0x47, 0xC2, 0x97, 0x44, 0x43, 0x2B, 0x82, 0xFD, 0x39, 0xB6, 0x2B, 0xAB, 0xCE,
    0x30, 0x6F, 0xAB, 0x98, 0x62, 0xB2, 0xD1, 0x29, 0x45, 0xAA, 0x41, 0xD6, 0xD9, 0xBB, 0xAA, 0x4F,
    0xC2, 0xB5, 0xEF, 0x5F, 0xF5, 0xBA, 0xA8, 0xE1, 0x82, 0x1E, 0xB5, 0x86, 0xA8, 0x67, 0x61, 0x2F,
    0xD1, 0x8A, 0x41, 0xB6, 0x48, 0x3E, 0x39, 0x7D, 0xA8, 0x73, 0x00, 0x96, 0x7C, 0x13, 0xC8, 0xD9,
    0x81, 0x29, 0x16, 0x66, 0x34, 0x45, 0xAB, 0xD1, 0x1D, 0xE5, 0xAF, 0x63, 0x5E, 0x07, 0x27, 0xD3,
    0x82, 0x65, 0x8B, 0x86, 0x63, 0xE5, 0x68, 0x9D, 0x03, 0xAB, 0x53, 0x6C, 0x7D, 0x69, 0x0B, 0xCC,
    0x3E, 0xEF, 0x14, 0x75, 0xD2, 0x73, 0x74, 0x8F, 0x1E, 0xBD, 0x7E, 0x11, 0x11, 0x2B, 0x09, 0xB0,
    0x3C, 0xC0, 0xFD, 0xC9, 0xEF, 0xCD, 0x22, 0x93, 0x78, 0x91, 0x41, 0x8A, 0xAB, 0x3E, 0x73, 0x63,
    0xD5, 0x98, 0xC5, 0xEA, 0x50, 0x29, 0x80, 0xCE, 0x2D, 0x11, 0x42, 0x31, 0xDA, 0x7B, 0x78, 0x3F,
    0x70, 0x05, 0x57, 0x6D, 0x62, 0xE2, 0xBE, 0x2B, 0x13, 0x23, 0xE3, 0xAF, 0x02, 0x56, 0x0F, 0x8E,
    0xFE, 0x39, 0xB3, 0x90, 0x02, 0x9D, 0x2D, 0x34, 0x75, 0x81, 0x84, 0xD0, 0x68, 0x2F, 0xF2, 0x41,
    0xDC, 0x94, 0x07, 0x49, 0x96, 0x4C, 0x07, 0x87, 0xE4, 0x24, 0xF2, 0x7A, 0xBC, 0x18, 0xCE, 0x80,
    0x92, 0xC2, 0xFE, 0x96, 0xF7, 0x91, 0x7C, 0x0A, 0x22, 0xC7, 0x78, 0xF6, 0x8F, 0x6F, 0x53, 0xCA,
    0x20, 0x5E, 0x67, 0x14, 0x4E, 0x28, 0x36, 0x9F, 0x54, 0xEF, 0x4D, 0x9C, 0x4D, 0x2E, 0xD2, 0xFA,
    0x66, 0xD0, 0xB4, 0x1E, 0x36, 0x8F, 0xAB, 0xC8, 0x10, 0xB6, 0xEA, 0xC7, 0x0B, 0x88, 0x08, 0x5B,
    0x5F, 0xA1, 0x68, 0x7A, 0x56, 0xB7, 0x1C, 0xA0, 0x9F, 0xB2, 0x68, 0x8B, 0xBA, 0x10, 0xD7, 0x72,
    0x6E, 0xF8, 0x0C, 0xB6, 0xCB, 0x6F, 0xA5, 0x2D, 0x07, 0x9D, 0xEF, 0x20, 0xBE, 0xAE, 0xE4, 0x6B,
    0x92, 0xD7, 0x7F, 0x27, 0xAE, 0xFE, 0xB2, 0x44, 0x9B, 0x6F, 0xE8, 0x1A, 0xF5, 0x8C, 0xC7, 0x40,
    0xBF, 0xD0, 0x2D, 0x9F, 0xF0, 0x13, 0x61, 0xA4, 0x0F, 0xCC, 0x0F, 0x83, 0x0F, 0xCC, 0x3B, 0xC2,
    0xD9, 0x4E, 0xB8, 0x18, 0xB6, 0x64, 0xAF, 0xBE, 0x4E, 0xE4, 0xED, 0xF4, 0x9A, 0x95, 0x85, 0x8F,
    0x65, 0x8E, 0xBF, 0x5E, 0xE6, 0x30, 0x2F, 0x8F, 0x65, 0xCE, 0xAB, 0xB2, 0x5D, 0x3E, 0xC2, 0x9D,
    0xC2, 0x61, 0x54, 0x14, 0x98, 0x15, 0x1E, 0x8B, 0xA2, 0x2A, 0x2B, 0xC5, 0xDF, 0x4B, 0x61, 0x4F,
    0xF6, 0x0F, 0x5E, 0xC3, 0x78, 0x59, 0xE9, 0x97, 0x3D, 0x84, 0x87, 0x89, 0xB0, 0x97, 0x08, 0xFB,
    0x89, 0x88, 0xF6, 0x14, 0x9D, 0x40, 0xA2, 0x57, 0x23, 0x5E, 0x11, 0x7A, 0xEB, 0xD5, 0x4D, 0x68,
    0x7A, 0x65, 0x31, 0x7A, 0x32, 0x9D, 0x5C, 0x50, 0xCA, 0x92, 0x1A, 0x7D, 0x4C, 0x3E, 0x6B, 0xE2,
    0xAC, 0x57, 0x8E, 0xEA, 0x08, 0xF3, 0x8F, 0x90, 0x25, 0x07, 0x10, 0x75, 0x9B, 0x32, 0x5B, 0x99,
    0xAE, 0x4C, 0x2E, 0x78, 0x7C, 0x9F, 0xA1, 0x24, 0xB9, 0x09, 0xD3, 0xCE, 0x6B, 0xAC, 0x57, 0xDE,
    0x9D, 0x7F, 0x3F, 0x44, 0x98, 0x48, 0xF1, 0xCB, 0x4A, 0x18, 0x8B, 0x95, 0x39, 0x4A, 0xD2, 0xED,
    0xAC, 0x57, 0xB6, 0x1C, 0x64, 0x34, 0xD0, 0x05, 0x50, 0xEB, 0x40, 0x5B, 0xD9, 0x1C, 0xB6, 0xDD,
    0xDD, 0x54, 0x8C, 0xF6, 0x14, 0xB6, 0xF5, 0xBD, 0x88, 0x7D, 0x8F, 0x4B, 0x1D, 0xAE, 0x75, 0x9E,
    0xDD, 0xF7, 0xC2, 0x8D, 0xFA, 0x3A, 0x14, 0xD0, 0x6E, 0xD0, 0x40, 0xCB, 0xFA, 0x00, 0xA3, 0x4B,
    0x59, 0x3E, 0xB0, 0x19, 0xF4, 0xC5, 0x24, 0xDD, 0xC3, 0xA5, 0x33, 0xA5, 0x25, 0x51, 0xA9, 0x90,
    0xC2, 0x4C, 0xF1, 0x18, 0xC9, 0x06, 0x13, 0x39, 0x47, 0x33, 0x39, 0xCA, 0x57, 0xC9, 0x47, 0xF2,
    0xF6, 0x1B, 0x17, 0x53, 0xAE, 0x28, 0x1B, 0xF6, 0x6D, 0x9D, 0x98, 0xEE, 0xD3, 0x41, 0x92, 0x20,
    0xA3, 0x24, 0x9D, 0xFC, 0x58, 0x67, 0xD5, 0x8B, 0x60, 0xDE, 0xCA, 0x6D, 0x5D, 0x20, 0x46, 0x00,
    0xFE, 0x11, 0xE1, 0xAF, 0xF0, 0x6B, 0x84, 0x04, 0xB0, 0x41, 0xE1, 0x11, 0xEF, 0xF1, 0x93, 0x8B,
    0x74, 0xED, 0x82, 0xAB, 0x90, 0x04, 0xDF, 0x63, 0xD8, 0x62, 0xFC, 0x7C, 0xAD, 0x38, 0xF7, 0x0D,
    0x99, 0x07, 0xDF, 0x2A, 0x93, 0x31, 0x27, 0x65, 0xCA, 0xBA, 0x37, 0xEE, 0xBF, 0x91, 0x38, 0xA4,
    0x60, 0x9E, 0x7F, 0x4F, 0x11, 0xE1, 0x67, 0xF4, 0x95, 0xEF, 0x1A, 0x85, 0x0B, 0xBE, 0x66, 0xA1,
    0xD4, 0xB5, 0x4C, 0xE7, 0xA8, 0x7C, 0xB5, 0xF7, 0xC8, 0xCA, 0xC3, 0x59, 0x2E, 0x76, 0xEE, 0x63,
    0xDB, 0x4D, 0x81, 0x60, 0x91, 0x4E, 0x07, 0xB2, 0x97, 0x51, 0x19, 0x95, 0xF2, 0xAD, 0x37, 0x2E,
    0xE2, 0x22, 0xB7, 0xF4, 0x52, 0x04, 0x30, 0xB8, 0x6B, 0x5D, 0x7B, 0x78, 0xA8, 0xAE, 0xCA, 0xDA,
    0x84, 0x0B, 0xC0, 0x3A, 0x52, 0x3C, 0x10, 0x79, 0xF4, 0x2A, 0x47, 0x9C, 0xB5, 0x54, 0x89, 0x78,
    0x40, 0x06, 0x60, 0x96, 0x82, 0xD2, 0x2F, 0x92, 0xCD, 0xD2, 0x0C, 0x12, 0xCD, 0x2C, 0x11, 0xB3,
    0xFA, 0x20, 0xEF, 0x73, 0xC5, 0xFD, 0x15, 0x69, 0x16, 0xBB, 0x8F, 0x7B, 0xC6, 0x5A, 0x91, 0xD3,
    0x7F, 0x5C, 0x11, 0xB0, 0x6C, 0xB1, 0x08, 0x61, 0x87, 0xB1, 0x23, 0xA0, 0x7E, 0xCC, 0xE2, 0xC9,
    0x4C, 0xD9, 0xA8, 0x2C, 0x9B, 0x5A, 0x1C, 0xA4, 0xEA, 0xA2, 0x06, 0x1C, 0xCB, 0xAD, 0x42, 0x1F,
    0x28, 0x6B, 0xB9, 0x01, 0x1E, 0x5F, 0x65, 0x16, 0xA5, 0xE5, 0x66, 0x43, 0x99, 0x53, 0x3A, 0xCA,
    0xDB, 0xF2, 0xD8, 0x7C, 0xA2, 0x2A, 0x57, 0x3D, 0xB1, 0x5E, 0x8D, 0xDB, 0x9E, 0x9A, 0xC5, 0x8F,
    0xD2, 0x88, 0x0F, 0xE2, 0xC5, 0x0F, 0xF2, 0x40, 0xBC, 0xC6, 0xB5, 0x58, 0x5F, 0x66, 0x4F, 0x2C,
    0x9A, 0x8B, 0xCA, 0x9A, 0xEF, 0x7E, 0xFE, 0x4C, 0x22, 0xB4, 0x9E, 0xA2, 0x3E, 0x99, 0xBC, 0x2E,
    0x15, 0x7A, 0xAA, 0x51, 0x98, 0xD6, 0x67, 0x2D, 0x1A, 0xD6, 0xB7, 0x04, 0x92, 0x2E, 0x6A, 0xF2,
    0xF6, 0xDF, 0x57, 0xF1, 0x93, 0xAD, 0x78, 0x9F, 0xB2, 0x93, 0x1D, 0x6F, 0x3E, 0x9E, 0x8D, 0xD6,
    0xA1, 0x76, 0x1F, 0xC2, 0xBB, 0xE5, 0x09, 0x6F, 0xDD, 0xD1, 0x93, 0x22, 0x9F, 0x22, 0x2A, 0xAE,
    0xFB, 0x52, 0x60, 0x31, 0x40, 0xAE, 0x5A, 0x34, 0x11, 0xC9, 0x62, 0x00, 0x21, 0x95, 0xE1, 0x6B,
    0x17, 0x87, 0xF4, 0x66, 0x51, 0xA6, 0xEC, 0x28, 0xBB, 0xC8, 0x55, 0x14, 0x2A, 0xFC, 0x26, 0xFE,
    0x44, 0x1D, 0x5E, 0x6D, 0xA2, 0xD4, 0x79, 0xFE, 0x77, 0x7A, 0x6C, 0x1D, 0x54, 0xCC, 0x0F, 0x58,
    0xDE, 0x69, 0x6D, 0x56, 0x2B, 0x6C, 0x75, 0x5C, 0xCB, 0x79, 0xCB, 0x4B, 0x96, 0xC7, 0x38, 0xC5,
    0xA9, 0xA9, 0x22, 0xB5, 0x5E, 0xBD, 0xED, 0x04, 0xF9, 0xDB, 0xB3, 0x6D, 0xDF, 0xEB, 0x1B, 0xFC,
    0xA1, 0xE8, 0xEC, 0xF6, 0xED, 0x6C, 0x11, 0x70, 0xF9, 0x36, 0xC7, 0x0F, 0xCF, 0xDF, 0xD2, 0x37,
    0x6D, 0x4C, 0xB9, 0xA5, 0x0F, 0x77, 0xBC, 0x58, 0x0F, 0xF9, 0xDD, 0xC9, 0xF6, 0x7C, 0xF2, 0xB8,
    0x17, 0x67, 0xB6, 0x5E, 0xEF, 0x87, 0xEF, 0x43, 0x6E, 0xEE, 0xA2, 0xC7, 0x1C, 0x0E, 0x39, 0x53,
    0xC4, 0x33, 0x9D, 0x28, 0xB0, 0xDE, 0xEA, 0x61, 0x7E, 0x9E, 0x89, 0x9B, 0xC7, 0x17, 0x6B, 0x52,
    0xEB, 0xB1, 0x04, 0x36, 0xF4, 0x8A, 0xCA, 0x90, 0x7D, 0xAC, 0x9D, 0x7D, 0xF9, 0x3D, 0xD1, 0xF0,
    0x39, 0xE5, 0x3F, 0xB1, 0x8D, 0x83, 0xE1, 0xC0, 0xB0, 0x6F, 0xC6, 0x33, 0x34, 0x2F, 0x0A, 0x5E,
    0x12, 0x46, 0xF1, 0x7C, 0xE5, 0xD5, 0xAE, 0xF8, 0x7F, 0xD2, 0x5A, 0x02, 0xE8, 0x83, 0x0E, 0x30,
    0xE7, 0x88, 0xA1, 0x38, 0x8E, 0x7F, 0xE7, 0x3F, 0xFC, 0x47, 0x65, 0x2B, 0x05, 0x28, 0x08, 0x00,
    0x85, 0x00, 0x2C, 0x6A, 0x93, 0xF6, 0x24, 0x05, 0x28, 0xB0, 0x28, 0xA0, 0x36, 0xE9, 0x0D, 0x7A,
    0x8E, 0x9E, 0x61, 0x49, 0x8E, 0x90, 0x23, 0x04, 0x7B, 0x80, 0x60, 0xCA, 0x60, 0x66, 0x5E, 0x33,
    0x6A, 0x41, 0xA9, 0xFC, 0x5E, 0x88, 0xC8, 0xF3, 0x79, 0xC1, 0xAD, 0x98, 0x9D, 0x51, 0x40, 0x3C,
    0x36, 0xA3, 0xCA, 0xF0, 0x2B, 0x8E, 0x92, 0x95, 0x78, 0xDD, 0xAF, 0x1A, 0x2E, 0x72, 0x03, 0x3E,
    0x44, 0x90, 0xC6, 0x8B, 0x2C, 0x4C, 0xB2, 0xA1, 0x7F, 0x0B, 0xB6, 0x84, 0x18, 0xBC, 0x29, 0xD3,
    0xAC, 0xB2, 0xDE, 0x75, 0xB6, 0x22, 0xD1, 0x89, 0x78, 0xA7, 0x85, 0xCB, 0xB0, 0x91, 0x64, 0xFF,
    0x9B, 0x2F, 0xBC, 0x59, 0xB0, 0x77, 0x2E, 0xE1, 0xD3, 0xE6, 0x64, 0xD5, 0x32, 0xBF, 0x48, 0xD4,
    0xCD, 0xAD, 0xC7, 0xD2, 0xCD, 0x46, 0x1B, 0x53, 0x09, 0xF5, 0x59, 0xC7, 0x39, 0x3C, 0x48, 0x3B,
    0x49, 0x20, 0x79, 0x1C, 0xAF, 0x1B, 0xAA, 0x02, 0x7D, 0x3F, 0x7F, 0xBC, 0x9E, 0xAE, 0x6F, 0xAF,
    0xA7, 0xF3, 0x59, 0x55, 0xBB, 0xF4, 0x0E, 0x2D, 0xCC, 0xAE, 0x48, 0x76, 0x3F, 0x84, 0x30, 0x2E,
    0xDC, 0xA7, 0xCA, 0x57, 0x5E, 0x7F, 0xBA, 0xEC, 0xB2, 0x69, 0xE2, 0x95, 0x1C, 0xE3, 0xAD, 0x0C,
    0x32, 0x43, 0xAA, 0x48, 0x4B, 0xB5, 0xBF, 0x68, 0x7A, 0x35, 0x6D, 0xDC, 0x54, 0x23, 0x8D, 0x33,
    0xD6, 0x2F, 0x9D, 0x64, 0x64, 0xEE, 0xBC, 0xC0, 0xD6, 0xA9, 0x0B, 0x16, 0xA6, 0x6E, 0xB9, 0x10,
    0xE8, 0xAA, 0x62, 0x23, 0x16, 0x52, 0x26, 0x64, 0xDC, 0x11, 0x92, 0x3F, 0x88, 0x0F, 0xFE, 0x3F,
    0x89, 0x89, 0xAE, 0xB8, 0xAA, 0xEA, 0x54, 0x4C, 0xBE, 0xF1, 0x0E, 0xBE, 0x43, 0x63, 0x2C, 0xA8,
    0x15, 0x23, 0x0C, 0x29, 0x62, 0xE3, 0x37, 0x7B, 0xF4, 0x72, 0x0F, 0x78, 0x0F, 0x2B, 0x5D, 0xA4,
    0x2A, 0x36, 0xE3, 0x3C, 0x09, 0xE4, 0x33, 0x49, 0x08, 0x3B, 0x66, 0xE6, 0x9F, 0xBF, 0x6C, 0x1D,
    0x9E, 0x64, 0x7F, 0x46, 0xEA, 0x51, 0x7F, 0x00, 0xED, 0x9A, 0x3F, 0x8C, 0xE5, 0x56, 0x15, 0xC6,
    0xBF, 0x6B, 0x33, 0x63, 0x11, 0x17, 0xA6, 0xC8, 0x14, 0xD9, 0x29, 0xDC, 0x6C, 0x15, 0x09, 0xB9,
    0x97, 0x20, 0xB6, 0x92, 0x92, 0x66, 0x8A, 0xDD, 0x82, 0x5E, 0x34, 0x14, 0x6C, 0x2F, 0x91, 0xB5,
    0xA3, 0x14, 0x69, 0xA7, 0xA0, 0x27, 0x25, 0x4C, 0x43, 0x43, 0x19, 0x62, 0xC3, 0x16, 0x29, 0x68,
    0x4C, 0x9A, 0x14, 0x14, 0x71, 0xA4, 0x45, 0x44, 0x4A, 0x63, 0x90, 0x25, 0x1C, 0x61, 0xFB, 0xC0,
    0xF9, 0xCE, 0x9D, 0x67, 0x3F, 0xCD, 0x86, 0x11, 0x22, 0xEC, 0xBC, 0x9D, 0x99, 0xAB, 0x99, 0xF3,
    0x7B, 0x7F, 0xFC, 0xEC, 0x7B, 0xEE, 0xF7, 0x1D, 0xDF, 0xEB, 0xF7, 0x0C, 0x38, 0x99, 0xA0, 0x2D,
    0x90, 0x85, 0x0C, 0x45, 0xC8, 0x48, 0xA4, 0x50, 0x26, 0x22, 0x15, 0xF9, 0x95, 0x34, 0xCA, 0xF4,
    0x13, 0x69, 0x95, 0xF9, 0x33, 0xE9, 0xC9, 0xB7, 0x8D, 0x35, 0x64, 0x54, 0x0A, 0xB8, 0x43, 0x37,
    0xA3, 0x9C, 0x75, 0xB7, 0x13, 0xF2, 0x45, 0x77, 0xFB, 0x6F, 0x8A, 0xEE, 0x76, 0x40, 0xAA, 0x3B,
    0x8E, 0x45, 0x44, 0x77, 0x98, 0x78, 0xA6, 0xCA, 0x0E, 0xC8, 0x95, 0x3D, 0x90, 0x37, 0x08, 0x64,
    0x00, 0xEA, 0x02, 0x4E, 0x77, 0x2C, 0x80, 0xEE, 0xD8, 0x29, 0xEB, 0x19, 0xC1, 0x0C, 0xDD, 0x16,
    0xA7, 0x4B, 0x01, 0x57, 0x4B, 0x9B, 0x4B, 0xAB, 0x3D, 0xEE, 0x2F, 0x89, 0xAB, 0xAD, 0xAE, 0x08,
    0x27, 0xAD, 0xCF, 0xB7, 0x5B, 0x9F, 0xAF, 0xEF, 0x1F, 0xCB, 0x73, 0x7D, 0x2C, 0x02, 0x44, 0xEC,
    0x59, 0x36, 0x45, 0xD2, 0x21, 0xEF, 0x9D, 0xF4, 0xC8, 0x3B, 0x48, 0x8F, 0xD7, 0x0A, 0x8D, 0x00,
    0xA3, 0x7B, 0xA2, 0xF1, 0x89, 0x1E, 0x32, 0x94, 0xBF, 0x48, 0x8F, 0x74, 0x81, 0x6E, 0x39, 0x6A,
    0x2C, 0xB7, 0x71, 0x8E, 0xA4, 0x67, 0x7A, 0x73, 0x95, 0xCB, 0x22, 0xD2, 0x24, 0x32, 0xE6, 0xD2,
    0x38, 0x69, 0xE3, 0xAF, 0xB1, 0xDF, 0x3E, 0xB6, 0x0E, 0x36, 0x94, 0xA3, 0xDD, 0x45, 0x67, 0x0A,
    0xBC, 0x01, 0x36, 0x39, 0xF7, 0x9C, 0x3C, 0x17, 0xA3, 0xF3, 0xC4, 0x6C, 0x88, 0x47, 0x63, 0x5A,
    0xE1, 0x6A, 0xBB, 0xE5, 0xFA, 0x27, 0x52, 0x30, 0x76, 0x8C, 0x7C, 0x35, 0x66, 0x8C, 0x18, 0x53,
    0x66, 0x62, 0xF9, 0x9E, 0x63, 0xD3, 0x6E, 0xDA, 0x09, 0x91, 0x14, 0x64, 0x4C, 0x4D, 0x4E, 0x8A,
    0x64, 0x54, 0xD6, 0x43, 0xDA, 0x9A, 0x62, 0x79, 0xB1, 0x51, 0x2A, 0x19, 0xCC, 0xBA, 0x59, 0x9B,
    0xB5, 0xDC, 0x1C, 0x47, 0x67, 0x77, 0x4B, 0xE9, 0xA3, 0x47, 0xEC, 0xDF, 0xC4, 0xD8, 0xC3, 0x5D,
    0xA0, 0x6E, 0x10, 0x49, 0x23, 0x7A, 0xD4, 0x3F, 0x8D, 0x40, 0xC6, 0xED, 0xCA, 0xCF, 0x75, 0x0B,
    0x79, 0x67, 0x86, 0xEE, 0xB5, 0x06, 0xDC, 0x19, 0x4E, 0x0E, 0x43, 0xF5, 0x58, 0xE0, 0x35, 0x29,
    0x48, 0x48, 0x73, 0xC2, 0x47, 0x59, 0x53, 0x0F, 0xCA, 0xF8, 0x0B, 0x53, 0xEF, 0x5E, 0x75, 0xF2,
    0xB1, 0xE5, 0x5A, 0x0F, 0x44, 0x36, 0x12, 0xF1, 0xE4, 0x2E, 0xD8, 0xB5, 0x88, 0xA9, 0x94, 0x89,
    0x65, 0x62, 0xE2, 0x7B, 0xF5, 0x4D, 0x7E, 0xD3, 0x7F, 0x6B, 0x80, 0xAB, 0x1E, 0x30, 0x13, 0x78,
    0x17, 0x78, 0x1B, 0x78, 0x1F, 0x78, 0x23, 0xAC, 0x4E, 0x30, 0x98, 0x17, 0xCC, 0x0C, 0xDE, 0x0D,
    0xDE, 0x0E, 0xDE, 0x0F, 0x28, 0xF7, 0x41, 0x4B, 0x78, 0x4F, 0xC0, 0x4C, 0x01, 0x73, 0x05, 0xD6,
    0x93, 0x41, 0xB8, 0x14, 0x46, 0xE9, 0x3D, 0x07, 0x12, 0x11, 0x79, 0x52, 0x84, 0x64, 0xDD, 0x9F,
    0x76, 0xDB, 0x93, 0x83, 0xC9, 0x7D, 0x7F, 0x72, 0x78, 0xC0, 0x74, 0xB3, 0x85, 0x91, 0x7D, 0x3F,
    0x65, 0x44, 0xD6, 0x00, 0x8F, 0x91, 0x36, 0x08, 0xA5, 0x2A, 0x0B, 0x3D, 0x51, 0xCC, 0xF4, 0xCA,
    0x39, 0x90, 0x7F, 0x3E, 0x1E, 0xEA, 0x89, 0x02, 0x08, 0xC6, 0xA8, 0x31, 0x45, 0x7E, 0xE4, 0x69,
    0xCA, 0xA4, 0xC1, 0x82, 0xB5, 0xAD, 0xC5, 0x11, 0xC8, 0xEC, 0xED, 0x52, 0x93, 0x69, 0x93, 0x36,
    0x77, 0xC8, 0x01, 0x47, 0x54, 0x2E, 0x6F, 0xDF, 0xE2, 0xF6, 0xEF, 0x02, 0x10, 0xF6, 0x6B, 0xCC,
    0x35, 0x0E, 0xB6, 0x10, 0xF0, 0x89, 0x56, 0xBB, 0xC5, 0x42, 0xFE, 0xC7, 0x01, 0xC0, 0xE2, 0x74,
    0xEF, 0x8F, 0x70, 0x72, 0xF3, 0xAA, 0xA3, 0xF4, 0x1D, 0x95, 0x71, 0x5F, 0xD5, 0x45, 0xC8, 0xA4,
    0x2F, 0xA9, 0x4A, 0x5E, 0x25, 0xDD, 0xB5, 0xEA, 0xDE, 0x2F, 0xF3, 0x83, 0x0B, 0x4B, 0xBE, 0x61,
    0xEA, 0x2D, 0x76, 0x4B, 0x84, 0x3F, 0x73, 0x89, 0xF0, 0xF6, 0x35, 0x95, 0xFF, 0x8A, 0x5C, 0x22,
    0x40, 0x1A, 0x4F, 0x43, 0x30, 0x19, 0xC3, 0x9E, 0xF8, 0x6E, 0xF4, 0x07, 0xD3, 0xBC, 0x4A, 0x37,
    0x67, 0x92, 0xD5, 0x1B, 0xA8, 0x87, 0x3B, 0xE1, 0xA1, 0x68, 0xB6, 0xD5, 0x83, 0xD5, 0x91, 0x46,
    0x1B, 0x8F, 0x4C, 0xC3, 0xD9, 0x0F, 0x55, 0xFF, 0x09, 0xEF, 0x52, 0xF3, 0x89, 0xFB, 0x1A, 0x75,
    0x13, 0x33, 0xD6, 0xE3, 0x03, 0xF0, 0x45, 0xE2, 0x65, 0x8A, 0x26, 0xA3, 0x9B, 0x8D, 0x78, 0x0A,
    0xD3, 0x39, 0x0D, 0x2A, 0xDC, 0xEB, 0x6C, 0x9D, 0x2E, 0x4D, 0xDA, 0x76, 0xBD, 0x16, 0x0C, 0x18,
    0xCF, 0xC6, 0x83, 0xD7, 0x19, 0xD9, 0x39, 0x40, 0x8E, 0x9E, 0x93, 0x11, 0x1F, 0x19, 0xDC, 0x48,
    0x1C, 0x45, 0xEF, 0x15, 0xB8, 0xD7, 0x1B, 0x67, 0x96, 0x5C, 0xC1, 0xD8, 0x32, 0x52, 0xCB, 0x90,
    0x31, 0xB2, 0x1C, 0x34, 0xB3, 0xE1, 0xE1, 0xF7, 0xA9, 0xFD, 0xEF, 0xB0, 0xAF, 0x7D, 0x72, 0x38,
    0xDA, 0x07, 0x73, 0x7C, 0xA9, 0xE5, 0x0B, 0x57, 0x7D, 0x47, 0x70, 0xD7, 0x68, 0x3E, 0xDE, 0xA1,
    0xD5, 0x5E, 0x77, 0xFD, 0x6A, 0x6F, 0x3C, 0xE4, 0x4A, 0xCF, 0xBC, 0x3B, 0xD3, 0x76, 0xA7, 0x26,
    0x19, 0x53, 0x9D, 0xF5, 0xEA, 0x0E, 0xF5, 0xF3, 0x6B, 0xBF, 0xD4, 0xBB, 0x5F, 0xED, 0xB9, 0x0F,
    0xF1, 0x00, 0x70, 0x03, 0xDE, 0xA2, 0xEE, 0x4F, 0x77, 0x2B, 0xFB, 0xD2, 0xAB, 0x3F, 0x70, 0x68,
    0xF9, 0x91, 0xD7, 0xF1, 0x6A, 0xAE, 0xF6, 0x4A, 0x11, 0x91, 0xE5, 0x12, 0x99, 0x21, 0xBC, 0x44,
    0x07, 0x67, 0x80, 0xC7, 0xEB, 0x06, 0x7C, 0x03, 0x4C, 0xBF, 0x2D, 0xAA, 0x15, 0xDC, 0xE4, 0x5A,
    0xE4, 0x05, 0x51, 0xDB, 0xD1, 0xC5, 0x3E, 0x2E, 0xC8, 0xB6, 0xFD, 0x34, 0xCC, 0x57, 0x54, 0x4D,
    0x3B, 0x22, 0x9F, 0x88, 0xD2, 0x90, 0x1B, 0xD2, 0xCE, 0x54, 0xE9, 0x34, 0xE7, 0x05, 0x81, 0x76,
    0x4A, 0x85, 0x69, 0x93, 0xC5, 0x49, 0x9F, 0x8D, 0x28, 0xFB, 0xBC, 0x47, 0x3E, 0xE8, 0xC0, 0x8E,
    0xE5, 0x65, 0x98, 0x4A, 0xD5, 0xD8, 0xC2, 0xC8, 0x9D, 0x51, 0x78, 0xAB, 0x7A, 0xF7, 0x5B, 0x35,
    0xEE, 0x10, 0xEA, 0x5E, 0x50, 0xCB, 0xA2, 0xBB, 0x3F, 0xBF, 0x32, 0xFE, 0x1C, 0x7E, 0x8E, 0x3B,
    0x83, 0x8D, 0x3D, 0x17, 0xDA, 0x75, 0x07, 0x62, 0x31, 0x08, 0x8C, 0x86, 0x72, 0xBB, 0x34, 0x4B,
    0x5A, 0xEC, 0xB5, 0xDB, 0x21, 0x5C, 0x6C, 0xB5, 0xDF, 0x03, 0x89, 0x95, 0x92, 0x86, 0xB0, 0xBF,
    0x14, 0x4B, 0x0A, 0xD8, 0x5C, 0x6C, 0xED, 0x65, 0xC9, 0xE7, 0x46, 0x2E, 0xEC, 0x22, 0x79, 0x5F,
    0x91, 0x88, 0x74, 0x06, 0x95, 0x20, 0xFD, 0x40, 0x1A, 0x45, 0x51, 0xDE, 0x46, 0x3D, 0xB2, 0x36,
    0xD3, 0x71, 0xCA, 0x01, 0x11, 0xD1, 0xB0, 0x00, 0x53, 0x39, 0xC1, 0x0D, 0xF1, 0xA8, 0x4A, 0x14,
    0x2F, 0x5B, 0x0A, 0xA6, 0xD2, 0x18, 0x0A, 0xE0, 0xE8, 0x2C, 0xE6, 0x87, 0x46, 0x5E, 0x6C, 0xC9,
    0x92, 0x56, 0xD0, 0xA3, 0x17, 0xAC, 0x13, 0xAE, 0xCF, 0x93, 0x9E, 0x6F, 0x9D, 0x14, 0xEE, 0xEC,
    0xD6, 0xE9, 0x73, 0xF4, 0x68, 0x5D, 0xBA, 0xE7, 0x03, 0xDC, 0x05, 0x4A, 0x3D, 0xB4, 0xFD, 0x58,
    0xD1, 0x4D, 0x40, 0xCA, 0x22, 0xCA, 0xFD, 0x37, 0x11, 0x0B, 0xA7, 0xDD, 0xBA, 0x78, 0xF1, 0x37,
    0x11, 0x1D, 0x4C, 0x3C, 0x53, 0x0F, 0x94, 0x0F, 0xD4, 0x0F, 0x14, 0x10, 0x54, 0x10, 0x94, 0x10,
    0xE5, 0x2E, 0x4E, 0x26, 0xA0, 0x45, 0xD3, 0xD1, 0x84, 0x34, 0x25, 0x4D, 0x4A, 0x50, 0x4B, 0x98,
    0x98, 0xA6, 0xA6, 0xC9, 0x69, 0x9F, 0x62, 0x0A, 0x94, 0x8C, 0x4B, 0x26, 0xB7, 0x84, 0x5C, 0x53,
    0xE4, 0x7E, 0xD1, 0x9C, 0x89, 0xED, 0xFB, 0x13, 0x6E, 0x25, 0x10, 0xDD, 0xE6, 0xD1, 0x95, 0x14,
    0xD8, 0x65, 0x91, 0xCE, 0x23, 0x30, 0x20, 0xF7, 0x58, 0x80, 0xD4, 0x90, 0x18, 0x5C, 0x41, 0x00,
    0xDF, 0x00, 0x26, 0xB7, 0xC5, 0xB8, 0x82, 0x9B, 0x5C, 0x8B, 0x70, 0x20, 0xE2, 0x9E, 0x48, 0x7B,
    0xBF, 0x7A, 0x09, 0xF6, 0xFA, 0x69, 0x68, 0x4F, 0xCE, 0xD6, 0xF1, 0x4B, 0x27, 0xA6, 0x33, 0xBB,
    0x8B, 0x82, 0x83, 0xD1, 0x00, 0x79, 0x2C, 0x1D, 0x76, 0x82, 0x7E, 0xA5, 0x1B, 0xD4, 0x37, 0x2F,
    0x68, 0x70, 0x45, 0x50, 0xC0, 0x49, 0x45, 0x98, 0x68, 0x81, 0xEC, 0xA4, 0xD5, 0x6A, 0x75, 0x56,
    0xAD, 0x31, 0xAB, 0x75, 0xBE, 0x53, 0xD5, 0xFA, 0x1A, 0x33, 0x4A, 0xA5, 0x60, 0xB4, 0x5F, 0x0F,
    0xFC, 0xCA, 0x1C, 0x78, 0x8C, 0x84, 0x95, 0x5B, 0x56, 0xBA, 0x7A, 0x54, 0xB3, 0xD8, 0xAF, 0x07,
    0xAC, 0xDC, 0xFA, 0x10, 0x2B, 0x17, 0x6E, 0x0A, 0x3B, 0x9B, 0x14, 0x5B, 0xBB, 0x9C, 0xA0, 0x7E,
    0xEF, 0xD5, 0xC5, 0x56, 0xB3, 0x89, 0x10, 0x01, 0x97, 0xF8, 0x65, 0xC5, 0x85, 0x4B, 0xDC, 0xDD,
    0x2E, 0x6D, 0x8F, 0x70, 0x04, 0xE4, 0x5D, 0x06, 0x94, 0xF3, 0x53, 0xA0, 0xD6, 0xD7, 0xA6, 0x6C,
    0x02, 0x86, 0x68, 0x00, 0xD6, 0x39, 0x2B, 0xE1, 0x85, 0xCB, 0x67, 0xA3, 0xEE, 0x77, 0xE1, 0x8F,
    0x01, 0x2F, 0x73, 0xE2, 0xCC, 0xAD, 0x2F, 0x35, 0x25, 0x71, 0x5E, 0x92, 0x45, 0x2A, 0xAE, 0xB2,
    0xB2, 0x96, 0x46, 0x64, 0x5D, 0xAE, 0xED, 0xEE, 0x5D, 0x0C, 0xB8, 0x8B, 0x62, 0x27, 0x56, 0xC7,
    0xD3, 0xAD, 0x15, 0x21, 0x67, 0x4F, 0x96, 0xE0, 0x76, 0xE2, 0x39, 0xB0, 0xCB, 0x07, 0x27, 0xE7,
    0x70, 0xBC, 0x08, 0x9E, 0xFD, 0x37, 0xB7, 0x13, 0x70, 0x3A, 0x00, 0x59, 0xB5, 0xD5, 0xB3, 0xD5,
    0xFF, 0x4C, 0xA4, 0xE2, 0x29, 0xFA, 0x5B, 0xFE, 0x8F, 0x64, 0xD9, 0x1D, 0x03, 0x40, 0xB2, 0x14,
    0x89, 0x74, 0x6A, 0xFC, 0xA4, 0x47, 0xD4, 0x23, 0x6B, 0x21, 0x80, 0xA5, 0x74, 0xDA, 0x1E, 0x4B,
    0x5B, 0x4B, 0xCB, 0xDE, 0x34, 0xB1, 0x34, 0xA1, 0x5C, 0xFF, 0x17, 0x49, 0x57, 0xCA, 0xC2, 0xBF,
    0x97, 0x9A, 0x88, 0x35, 0x2D, 0x13, 0xE9, 0xD7, 0x7F, 0x7D, 0xBE, 0x40, 0xBB, 0xA5, 0x7F, 0x6D,
    0xC4, 0x2E, 0x52, 0xA3, 0xB5, 0x89, 0x34, 0xF6, 0x77, 0xCA, 0x77, 0xFF, 0xAB, 0x24, 0x77, 0xA2,
    0xF3, 0xF5, 0x36, 0x94, 0x56, 0xB5, 0xFF, 0x31, 0x6D, 0xF7, 0x25, 0xCB, 0x98, 0xBD, 0x4B, 0x6C,
    0x8D, 0x42, 0xD7, 0x03, 0xDA, 0x71, 0xDD, 0xBC, 0x47, 0x2C, 0x7D, 0x2C, 0xFC, 0xA2, 0x84, 0x77,
    0x2F, 0xC9, 0x94, 0x0A, 0xCF, 0x00, 0x99, 0xA2, 0x9C, 0xF3, 0x85, 0xEB, 0x14, 0x83, 0xE4, 0xF3,
    0x1E, 0x96, 0x3D, 0x88, 0x6D, 0x49, 0xCC, 0x9C, 0xC3, 0xCA, 0x29, 0x91, 0x0A, 0xA8, 0xC7, 0x58,
    0x5A, 0x38, 0xE9, 0x43, 0x8E, 0x59, 0xE7, 0x64, 0x29, 0x9E, 0x48, 0x83, 0xDA, 0xFA, 0x92, 0x72,
    0xB6, 0xB1, 0xDA, 0xE0, 0x8C, 0xF7, 0x1C, 0x57, 0x9B, 0x4D, 0x19, 0x81, 0x8D, 0x73, 0x68, 0x08,
    0x0C, 0xF6, 0x9E, 0x7D, 0x71, 0x92, 0x8B, 0x54, 0xCC, 0xB8, 0x47, 0xC4, 0x84, 0x13, 0xA9, 0xCA,
    0x05, 0xD9, 0x82, 0x54, 0x90, 0xEB, 0xD3, 0x22, 0x1F, 0x11, 0x4B, 0x55, 0x8E, 0x88, 0x7C, 0x6C,
    0x36, 0xB1, 0x2A, 0x27, 0x8D, 0xF9, 0x84, 0x58, 0x8A, 0x6C, 0x41, 0x22, 0xDC, 0xC3, 0xCC, 0x29,
    0x6E, 0x64, 0x1F, 0x59, 0xCA, 0x52, 0xF8, 0x23, 0xEE, 0xB7, 0x9F, 0xB1, 0x97, 0xD2, 0xB1, 0x73,
    0x3D, 0x00, 0xC7, 0x08, 0xEB, 0xE8, 0x1B, 0xDB, 0x1B, 0x2C, 0x42, 0xE9, 0x0D, 0xA3, 0x02, 0x91,
    0x21, 0x1C, 0x88, 0xAC, 0x23, 0x9E, 0xE2, 0x4A, 0xBB, 0x05, 0xA2, 0x86, 0x72, 0x6E, 0x89, 0x33,
    0x4E, 0x50, 0x30, 0x3A, 0xC6, 0x78, 0xD0, 0x98, 0x37, 0x1A, 0x1F, 0x62, 0xDB, 0x6E, 0x58, 0xE5,
    0x74, 0x5E, 0x7F, 0x0D, 0x79, 0x8C, 0xBC, 0xA3, 0x01, 0xCB, 0x02, 0x88, 0xA4, 0xD7, 0xB7, 0x12,
    0xCB, 0x25, 0xFF, 0x74, 0x31, 0x53, 0xD6, 0x05, 0x38, 0x81, 0x17, 0xB7, 0x4D, 0xC3, 0xA3, 0xC7,
    0x44, 0x22, 0x04, 0x2F, 0x44, 0x7E, 0x5A, 0x65, 0xBD, 0x66, 0xD4, 0xE5, 0x9C, 0x76, 0x06, 0x75,
    0x6E, 0x6C, 0xE3, 0x91, 0xFE, 0x63, 0x51, 0xE4, 0x2D, 0x57, 0xB5, 0xB5, 0x29, 0xFB, 0x08, 0x47,
    0x05, 0x5E, 0x2C, 0xAE, 0xA9, 0xEB, 0xE5, 0xF5, 0xFA, 0x7A, 0x81, 0xBD, 0xC2, 0x5E, 0x62, 0x98,
    0xC6, 0x30, 0x49, 0x0D, 0xCD, 0x0A, 0x7B, 0x71, 0x22, 0x4C, 0x69, 0x98, 0xD4, 0x5E, 0x6B, 0x2F,
    0xB6, 0x57, 0xDB, 0xE4, 0xB6, 0x4E, 0xAC, 0x17, 0x9B, 0xC9, 0xEC, 0x1D, 0x0B, 0xA6, 0x5C, 0xDB,
    0x19, 0x27, 0xFB, 0x40, 0x7A, 0xDC, 0x15, 0xC1, 0xED, 0xD6, 0xB7, 0x7A, 0x30, 0xEB, 0xAF, 0xF7,
    0xBD, 0xB9, 0x59, 0x07, 0x16, 0xE5, 0xDE, 0xED, 0x0C, 0x9B, 0x1B, 0x99, 0x26, 0xC8, 0x0B, 0x6F,
    0x67, 0x38, 0x65, 0xF5, 0x8B, 0x2C, 0xA6, 0x6D, 0x83, 0x94, 0x42, 0xE7, 0x8B, 0x93, 0x11, 0xF5,
    0xA8, 0x8A, 0xE9, 0xD3, 0x19, 0xD2, 0x21, 0x5B, 0x9C, 0x74, 0x48, 0x2D, 0xCA, 0x26, 0x2E, 0x6E,
    0xF7, 0x4D, 0x77, 0x36, 0xEB, 0xA7, 0xF2, 0x89, 0x7B, 0x18, 0x90, 0x51, 0xCD, 0x58, 0xFC, 0x19,
    0x62, 0xB6, 0x23, 0x9A, 0x98, 0x5F, 0x1B, 0xA4, 0x31, 0xB4, 0x66, 0x5F, 0xC5, 0x63, 0x24, 0x2D,
    0xD7, 0x4C, 0x4F, 0xAA, 0x4D, 0x39, 0x8F, 0x77, 0xA2, 0x9C, 0x8F, 0x7F, 0x41, 0x51, 0xA5, 0x62,
    0xEC, 0xF5, 0x95, 0xF5, 0xD6, 0xE5, 0x93, 0x22, 0xEA, 0x01, 0xE9, 0xD2, 0x56, 0x27, 0xAC, 0xB2,
    0xD0, 0xA2, 0x7E, 0x68, 0x35, 0x6D, 0x25, 0x6D, 0x15, 0x6D, 0x05, 0x7D, 0x20, 0xA7, 0xEA, 0xB8,
    0x4B, 0xC1, 0xB1, 0xC9, 0x08, 0xA1, 0x7E, 0x3F, 0x8F, 0x47, 0x58, 0xDB, 0xAC, 0x1C, 0x62, 0x19,
    0x14, 0xE9, 0xA7, 0x93, 0xA2, 0x44, 0x89, 0x5B, 0xA5, 0xAD, 0x2B, 0x8E, 0x78, 0xBB, 0x46, 0x52,
    0x01, 0x99, 0x3C, 0x29, 0xA8, 0x06, 0x80, 0xB7, 0x12, 0x8D, 0x3F, 0x70, 0xEB, 0x88, 0x38, 0xE9,
    0x76, 0x53, 0x72, 0xF2, 0x77, 0xF6, 0xAC, 0x2A, 0x0B, 0xDE, 0xBE, 0x59, 0xDC, 0xB8, 0x9E, 0x4E,
    0x1A, 0x7F, 0x65, 0xB7, 0xD5, 0xEC, 0x9F, 0xD4, 0x2C, 0xFF, 0xBD, 0x28, 0x16, 0xE4, 0x15, 0xF6,
    0xDB, 0x1D, 0x5B, 0xFE, 0xE2, 0xA2, 0xDA, 0xE8, 0x38, 0xEC, 0xA6, 0x5F, 0x5F, 0xA9, 0xCD, 0xF5,
    0x95, 0x7A, 0xF0, 0x4B, 0x67, 0xBE, 0xD3, 0x6D, 0xBE, 0xDD, 0x8F, 0xC5, 0xD1, 0xB0, 0x63, 0x38,
    0xF3, 0x44, 0x1E, 0x30, 0xD5, 0xC2, 0x29, 0x00, 0x8F, 0x68, 0xD2, 0xC3, 0x89, 0x8C, 0xCC, 0x4D,
    0x3A, 0x3A, 0x61, 0xF1, 0x4E, 0x28, 0xFE, 0x0F, 0x4E, 0x58, 0xBE, 0x6D, 0x27, 0x5C, 0x7C, 0x68,
    0x63, 0xB2, 0x4B, 0x3C, 0x92, 0xB4, 0x02, 0x92, 0x29, 0x57, 0x5F, 0x77, 0x79, 0x07, 0x64, 0x55,
    0xD6, 0x69, 0xB5, 0xA6, 0xDD, 0xEE, 0x6E, 0xA3, 0x37, 0xA5, 0xD2, 0xBC, 0x17, 0x0A, 0xDB, 0xBD,
    0x54, 0x61, 0x69, 0xD0, 0x55, 0x41, 0xFE, 0xEC, 0x30, 0xAA, 0x4E, 0x08, 0x6D, 0x65, 0x40, 0xA1,
    0x9E, 0xE2, 0x56, 0x09, 0x15, 0x5C, 0x9C, 0x9B, 0x4C, 0x7B, 0xCB, 0xA5, 0xB4, 0x42, 0x3C, 0x21,
    0x6F, 0x35, 0x49, 0x15, 0xAA, 0x84, 0x0A, 0x75, 0x74, 0x28, 0x42, 0x7D, 0xE3, 0xC5, 0x28, 0x0B,
    0x2B, 0x1C, 0x58, 0x58, 0x59, 0x77, 0xEB, 0xF4, 0xBA, 0xE6, 0x62, 0x54, 0xCB, 0xCB, 0xB1, 0xBC,
    0xE2, 0x41, 0x55, 0xCB, 0x1B, 0x55, 0xED, 0xE1, 0xC1, 0xA8, 0x16, 0x77, 0x49, 0x65, 0x2B, 0x9C,
    0x02, 0x7C, 0x4B, 0xE5, 0xAA, 0x45, 0x54, 0xAE, 0x39, 0x9B, 0x55, 0xAE, 0x29, 0x18, 0x6F, 0xA3,
    0x5C, 0x71, 0x9F, 0x34, 0x40, 0xB6, 0xA4, 0x0D, 0x07, 0xFE, 0x97, 0x95, 0xF6, 0xBF, 0x6C, 0xF1,
    0x34, 0x93, 0xBC, 0xC3, 0x47, 0xE1, 0x9C, 0x75, 0x78, 0x1D, 0xDF, 0x3B, 0x14, 0xA1, 0xD6, 0x9B,
    0x24, 0xC3, 0x99, 0x08, 0x16, 0xE2, 0xA0, 0xA4, 0xB9, 0x81, 0xC5, 0x0A, 0x90, 0x56, 0x1A, 0xF3,
    0x96, 0xD1, 0xD4, 0x62, 0xBC, 0x5E, 0xB9, 0x43, 0x5C, 0x9A, 0xB0, 0x83, 0x22, 0xFD, 0x25, 0x8F,
    0x65, 0x29, 0x78, 0x5F, 0x19, 0x07, 0x6B, 0xC2, 0xCB, 0xE3, 0x04, 0x84, 0x1B, 0xD6, 0x33, 0x10,
    0x8F, 0x9A, 0x5B, 0x81, 0x74, 0xD0, 0x8E, 0x3E, 0x77, 0x75, 0x0F, 0x64, 0x34, 0xDA, 0x7A, 0xEB,
    0x5C, 0x68, 0xF2, 0x72, 0x10, 0x46, 0xE5, 0x71, 0xBD, 0x14, 0x78, 0x51, 0x8B, 0x07, 0x63, 0x36,
    0x19, 0xF3, 0x79, 0xFF, 0x39, 0xDF, 0x2F, 0xA5, 0x4F, 0xA4, 0x47, 0x29, 0x5D, 0xC2, 0xAB, 0xF1,
    0x2E, 0x94, 0x4E, 0x17, 0x6F, 0xEE, 0xDB, 0x01, 0x1D, 0x3A, 0x1C, 0x13, 0xB6, 0xBC, 0x57, 0x3C,
    0xE7, 0xCF, 0x6A, 0x22, 0x9A, 0x65, 0xCB, 0xC4, 0x17, 0x94, 0xE7, 0x57, 0x2F, 0x0B, 0x9E, 0xEF,
    0x7D, 0x9B, 0x27, 0x86, 0x65, 0xFB, 0x7D, 0x8F, 0xF3, 0x9F, 0xCA, 0xBE, 0x34, 0xE6, 0x52, 0x78,
    0x36, 0xFE, 0x05, 0xCF, 0xAC, 0x22, 0x02, 0x21, 0x10, 0x5E, 0xB1, 0xCE, 0x5D, 0xF0, 0x46, 0x39,
    0x12, 0xB5, 0x78, 0x14, 0x64, 0x59, 0x11, 0x39, 0x9F, 0xB9, 0x65, 0xEB, 0x9D, 0xE3, 0x2B, 0xCE,
    0x3A, 0x38, 0xC3, 0xA4, 0x82, 0xAD, 0xBD, 0x6D, 0x11, 0x9B, 0x54, 0x4C, 0xB0, 0xF1, 0xA7, 0x2A,
    0xBB, 0x5D, 0x03, 0x08, 0x46, 0x20, 0xE9, 0x61, 0x2D, 0xE9, 0x8C, 0xC8, 0x5A, 0x2F, 0xB8, 0x54,
    0xFE, 0xC1, 0x0C, 0x2F, 0xFD, 0xF9, 0xAA, 0xC9, 0x0D, 0x3D, 0xA0, 0x03, 0xB6, 0x0F, 0xBC, 0x17,
    0x56, 0x33, 0x5C, 0xBA, 0x61, 0x67, 0x87, 0xD5, 0x0F, 0xAB, 0x21, 0xCC, 0x11, 0xFB, 0x96, 0x78,
    0xF0, 0xEB, 0xED, 0xB8, 0x95, 0x03, 0x21, 0x6D, 0xC0, 0xAF, 0x87, 0x0B, 0x9D, 0xEA, 0x82, 0x19,
    0x8A, 0xB0, 0xE7, 0xA1, 0x5D, 0x41, 0x00, 0x1E, 0xC7, 0xBF, 0x19, 0x68, 0x06, 0x69, 0x69, 0x86,
    0xAF, 0x6F, 0xDC, 0x0C, 0xE9, 0x72, 0x29, 0xAD, 0x18, 0x11, 0x48, 0x05, 0x24, 0x95, 0x79, 0xC1,
    0xCC, 0x90, 0x76, 0x34, 0x03, 0xB3, 0xBA, 0x37, 0x83, 0x37, 0xC3, 0x9B, 0xBF, 0xDA, 0x5A, 0xC1,
    0x8F, 0x63, 0x28, 0x80, 0x9A, 0x41, 0x2A, 0xBA, 0x20, 0x6F, 0x88, 0xA4, 0x7D, 0x35, 0xCC, 0xC0,
    0x29, 0x61, 0x3B, 0x27, 0xAC, 0x93, 0x02, 0x73, 0xA1, 0x2B, 0x90, 0x55, 0xE6, 0x8A, 0x40, 0x2E,
    0x5D, 0xF1, 0xFC, 0xDE, 0x15, 0xE6, 0x8A, 0xEB, 0xA7, 0x0D, 0x35, 0x07, 0x72, 0x9E, 0x29, 0xDC,
    0x02, 0x45, 0x3C, 0xB0, 0x07, 0xC7, 0x07, 0x6F, 0x8E, 0x8F, 0x61, 0xFD, 0x0B, 0xE4, 0x0B, 0xBF,
    0xEA, 0xD7, 0xE4, 0x93, 0x8A, 0x0F, 0x06, 0x7A, 0x22, 0xFA, 0x42, 0x7A, 0x7A, 0x22, 0x6E, 0xB2,
    0xEA, 0xDE, 0x13, 0xFB, 0x9E, 0x70, 0x8B, 0x1B, 0xB8, 0xE1, 0xB3, 0xDE, 0x6E, 0x17, 0xEB, 0x83,
    0x5E, 0x3F, 0xDF, 0x47, 0x13, 0x92, 0xCF, 0xA4, 0x55, 0x54, 0x75, 0x15, 0x4E, 0x38, 0xC2, 0x77,
    0x0E, 0xDD, 0x0C, 0x94, 0xB5, 0x32, 0x52, 0x7A, 0xB6, 0xB4, 0x37, 0xDE, 0x4B, 0x6F, 0xD2, 0xFF,
    0xC7, 0x6B, 0x0C, 0x64, 0xD3, 0xBA, 0x0C, 0xDB, 0xBE, 0xB2, 0xDD, 0x86, 0xD3, 0x89, 0x5D, 0x46,
    0x6F, 0x11, 0x12, 0xD7, 0x9B, 0xE4, 0x95, 0xBC, 0x32, 0xC9, 0x27, 0x02, 0xD9, 0x6C, 0x8C, 0xC4,
    0xE8, 0xA4, 0xD8, 0xBF, 0x40, 0x89, 0x5B, 0x5C, 0x6D, 0xFE, 0xCE, 0xE7, 0xE6, 0x92, 0xA5, 0x48,
    0x85, 0x5A, 0x8A, 0x50, 0x26, 0xF3, 0xA5, 0x2C, 0x74, 0xAC, 0xBE, 0xA6, 0x7B, 0xE2, 0x14, 0x27,
    0x85, 0xEA, 0xD9, 0xB9, 0x85, 0x87, 0x1B, 0x38, 0xA0, 0x81, 0x4C, 0x26, 0x83, 0x88, 0xB9, 0x38,
    0x97, 0xB2, 0x51, 0xA6, 0x62, 0x1D, 0x89, 0xE5, 0x72, 0xD2, 0x9F, 0x48, 0xE7, 0xC5, 0x87, 0x0C,
    0xFF, 0x13, 0x23, 0xEE, 0x97, 0x6E, 0x6A, 0x37, 0x7C, 0x70, 0x61, 0x07, 0xB7, 0x4D, 0xAA, 0xF5,
    0xB7, 0xA3, 0xB2, 0x5D, 0x4B, 0x2E, 0x64, 0xC4, 0x19, 0xB6, 0x8D, 0xC5, 0x26, 0x62, 0x31, 0x95,
    0x0E, 0xE9, 0x10, 0x6A, 0x6C, 0x03, 0xE9, 0x91, 0x35, 0x7A, 0xDC, 0xBC, 0x52, 0xF3, 0x97, 0x05,
    0xCA, 0x19, 0xB5, 0xA6, 0x8A, 0x59, 0x8F, 0xE5, 0x74, 0xCC, 0xE4, 0xFD, 0x51, 0x93, 0x7D, 0x36,
    0x68, 0xAA, 0x7F, 0xED, 0x81, 0xC0, 0x0A, 0x40, 0xA4, 0xB1, 0x68, 0x75, 0xC2, 0x11, 0x5A, 0xD7,
    0x42, 0xC9, 0xC4, 0xC7, 0x8C, 0x19, 0x13, 0xCB, 0xD7, 0xEF, 0x15, 0x4E, 0xA5, 0xE1, 0x6E, 0x0A,
    0x8D, 0xDC, 0xDC, 0xC6, 0xAE, 0xAC, 0x6E, 0xB3, 0x82, 0x57, 0x5B, 0xD6, 0x1A, 0xA5, 0xBF, 0x4A,
    0x7B, 0xFF, 0x40, 0xD5, 0xFB, 0x58, 0x77, 0xF3, 0x8E, 0x34, 0x81, 0x2C, 0x91, 0x8E, 0xFE, 0xA8,
    0xB1, 0xAC, 0x42, 0xFA, 0x12, 0x3F, 0x61, 0xD2, 0x56, 0xF0, 0xA8, 0x17, 0x4F, 0x31, 0xA2, 0x2E,
    0x8C, 0xA5, 0xE1, 0x78, 0x36, 0xC6, 0xDD, 0x5D, 0xAA, 0x66, 0xDF, 0xB2, 0x99, 0x91, 0x2A, 0xE4,
    0xD2, 0xAE, 0x9E, 0x48, 0x9A, 0x5D, 0x3D, 0x84, 0xDC, 0xC6, 0x15, 0xAF, 0x72, 0x4D, 0x03, 0x6E,
    0xB6, 0x99, 0x2C, 0x94, 0xF7, 0xC9, 0x58, 0x84, 0x4C, 0x44, 0x3A, 0xF2, 0x99, 0x98, 0x1E, 0x55,
    0x59, 0xDC, 0x3D, 0x1F, 0xD4, 0xC5, 0x47, 0x7A, 0xA8, 0x6E, 0xE2, 0x72, 0xC2, 0xE2, 0x08, 0x84,
    0x7F, 0xE3, 0x6D, 0x62, 0xAD, 0x66, 0xE6, 0x0A, 0xF7, 0x2A, 0x3B, 0xE0, 0x5F, 0x75, 0x52, 0x31,
    0x8E, 0xED, 0x36, 0x0C, 0x1C, 0x3F, 0x07, 0x31, 0x02, 0x17, 0x6A, 0x7F, 0xA7, 0xDC, 0x40, 0x7D,
    0x1A, 0xB9, 0xCB, 0x71, 0x72, 0x04, 0x09, 0xC8, 0x6D, 0x72, 0x88, 0x95, 0x82, 0x5C, 0xC0, 0xB9,
    0x81, 0x8A, 0x1C, 0x40, 0x85, 0x0B, 0x07, 0x90, 0xC4, 0x0C, 0x9D, 0xF5, 0x7A, 0x81, 0xC5, 0xE7,
    0x93, 0x28, 0x9A, 0x1C, 0x0E, 0x87, 0xC0, 0x4B, 0x72, 0x7E, 0x1C, 0x11, 0x69, 0xCF, 0xA5, 0xE5,
    0xCF, 0x1E, 0x3F, 0x01, 0x09, 0x73, 0x87, 0xA9, 0x70, 0x19, 0x3E, 0x23, 0xEC, 0x08, 0x27, 0x42,
    0x87, 0xE7, 0x69, 0x58, 0x0B, 0x96, 0x03, 0x66, 0xC0, 0x89, 0x9E, 0x55, 0xF0, 0x12, 0x60, 0x60,
    0xEA, 0x98, 0x4F, 0xB8, 0x02, 0xBF, 0xE1, 0x1B, 0x08, 0x73, 0xCD, 0x77, 0x3F, 0xEC, 0x58, 0xFA,
    0xDC, 0xE6, 0xB6, 0xD6, 0x90, 0xDF, 0xF0, 0x33, 0xC8, 0xFF, 0x23, 0x90, 0x88, 0x9A, 0xFB, 0x24,
    0x9C, 0x42, 0x32, 0x97, 0x0D, 0xDB, 0xB2, 0x2D, 0x9C, 0xE5, 0x2A, 0xA7, 0xF9, 0xC6, 0x79, 0x5E,
    0x38, 0xD1, 0xD1, 0x35, 0x33, 0x48, 0x47, 0xDC, 0x72, 0xBC, 0x4E, 0x4E, 0x5E, 0x75, 0xB0, 0x91,
    0x78, 0xB9, 0x55, 0x16, 0x89, 0x54, 0x20, 0x11, 0x03, 0x69, 0xA3, 0x0A, 0xA1, 0x8E, 0x57, 0xA3,
    0x12, 0x7B, 0x70, 0x8A, 0x8D, 0xF8, 0xC6, 0x99, 0x4A, 0x40, 0x75, 0xA4, 0x7A, 0x27, 0x1D, 0x74,
    0x56, 0xA9, 0x96, 0xCE, 0xEE, 0xB9, 0x41, 0x1D, 0xBB, 0xD7, 0xCA, 0x2D, 0x42, 0xE6, 0x1E, 0x6F,
    0xEC, 0xA6, 0x60, 0xEE, 0x82, 0x94, 0x81, 0x10, 0xA1, 0x89, 0x5F, 0xC2, 0x1F, 0xF0, 0x22, 0xDB,
    0x7D, 0x35, 0x77, 0xD5, 0x52, 0xFC, 0x8C, 0xE3, 0x05, 0xE0, 0x00, 0xEE, 0x88, 0xEB, 0x24, 0x19,
    0xFF, 0x1F, 0x7C, 0x27, 0xA3, 0xC8, 0x14, 0x17, 0x39, 0x8C, 0x34, 0x27, 0x83, 0xE4, 0x1F, 0x87,
    0x9F, 0x4C, 0xB2, 0x44, 0xC0, 0x5A, 0x31, 0xE0, 0xA2, 0x6B, 0xB3, 0xC4, 0x54, 0x3D, 0x57, 0xC8,
    0x72, 0xEA, 0xF3, 0xE7, 0xF5, 0xE8, 0xD7, 0x7B, 0x6D, 0x3D, 0x26, 0x45, 0x22, 0x15, 0x5D, 0x1F,
    0x6A, 0x8B, 0x74, 0xC0, 0x66, 0xA8, 0xD9, 0x5B, 0x3D, 0xCD, 0x17, 0x4A, 0x4F, 0xB8, 0x2C, 0x64,
    0xBF, 0x4F, 0x0D, 0x6A, 0x1C, 0xE7, 0xCA, 0x7C, 0xBE, 0xC7, 0x9B, 0x2D, 0x1C, 0x7E, 0xC7, 0xD5,
    0xE4, 0x27, 0xEF, 0xE3, 0x83, 0x4F, 0x78, 0x78, 0x3A, 0x70, 0xF3, 0xFF, 0x45, 0x9A, 0x7B, 0xEE,
    0xAF, 0xD5, 0xF2, 0xEB, 0xB7, 0x7F, 0x54, 0x8F, 0xF9, 0x5B, 0x24, 0xCE, 0x22, 0xA0, 0x4E, 0xF7,
    0xBB, 0x48, 0x31, 0x22, 0x59, 0xDB, 0xCD, 0x69, 0xAB, 0xAD, 0x61, 0x07, 0xD0, 0x4D, 0x5D, 0x4F,
    0xBF, 0xDB, 0x0A, 0xBC, 0x9A, 0xAD, 0x4B, 0xF3, 0xD9, 0x30, 0x5E, 0xAA, 0x2D, 0x77, 0x6C, 0x76,
    0x2A, 0xD5, 0xF8, 0x00, 0x5C, 0xB6, 0x57, 0xAC, 0xF9, 0x80, 0x07, 0x3F, 0x70, 0xF3, 0x90, 0x06,
    0xA6, 0x91, 0xFF, 0xF0, 0x3B, 0xE6, 0x03, 0xF3, 0x3D, 0xD7, 0x14, 0x4C, 0xB7, 0x1E, 0x97, 0x01,
    0xFB, 0xEF, 0xA5, 0xD3, 0x1F, 0xFC, 0xD5, 0x50, 0xC2, 0x1E, 0x72, 0x8A, 0x69, 0x4B, 0x18, 0xE8,
    0xCC, 0x86, 0x7A, 0xDD, 0x9A, 0x4A, 0x28, 0x69, 0x0F, 0x7B, 0xCA, 0x21, 0x4B, 0x4C, 0x51, 0xB6,
    0xB4, 0x09, 0x14, 0xA5, 0xB8, 0x8E, 0x06, 0x20, 0xE2, 0x55, 0x61, 0x4E, 0xF8, 0x0A, 0xD9, 0x67,
    0xC9, 0x46, 0xE0, 0x07, 0x52, 0x43, 0x3A, 0xD4, 0x33, 0x66, 0x86, 0x79, 0x56, 0xE1, 0x15, 0xA9,
    0x78, 0xC4, 0x1F, 0x00, 0xBB, 0x81, 0x32, 0xDD, 0x01, 0xD3, 0x71, 0xFD, 0xDB, 0x0B, 0xE4, 0x44,
    0x60, 0x4F, 0xA3, 0x67, 0xCC, 0x0C, 0xF3, 0xAC, 0x12, 0x43, 0x24, 0xF1, 0xEC, 0x52, 0xF3, 0x51,
    0x7D, 0x82, 0x5A, 0x57, 0x37, 0x9F, 0xEA, 0x97, 0xAA, 0xDE, 0xEC, 0xEA, 0xDD, 0x05, 0x09, 0x0F,
    0xE4, 0xD5, 0xBE, 0x40, 0xF2, 0x03, 0x19, 0x0F, 0x64, 0x3E, 0x2E, 0x48, 0x01, 0xEE, 0xFF, 0x94,
    0xDF, 0x3E, 0x20, 0xD3, 0x27, 0xC8, 0xFA, 0x05, 0x92, 0x70, 0x1B, 0xC3, 0x69, 0x6C, 0x0A, 0x37,
    0x52, 0x54, 0x9E, 0x97, 0x03, 0x6B, 0x45, 0x90, 0xA6, 0xD3, 0x13, 0x1F, 0x1F, 0xF9, 0x74, 0x04,
    0x5C, 0x4F, 0x87, 0x26, 0x09, 0x54, 0x08, 0x55, 0x6A, 0x03, 0x81, 0xDA, 0xAE, 0xAB, 0x4C, 0xB2,
    0x11, 0xA8, 0xD6, 0x19, 0xAA, 0x54, 0x16, 0x74, 0x1D, 0x27, 0xA7, 0x8A, 0xF5, 0xD2, 0x74, 0xA1,
    0x40, 0x26, 0xF8, 0x8B, 0x10, 0x43, 0x1F, 0x02, 0xC1, 0xA4, 0x2A, 0x26, 0x84, 0x40, 0x68, 0x83,
    0xCD, 0xCA, 0xAB, 0xA2, 0x95, 0xEC, 0x0D, 0xCF, 0x66, 0xF8, 0x0F, 0x1D, 0xCB, 0x81, 0x05, 0x43,
    0x41, 0x0C, 0xC6, 0xF1, 0xAF, 0x1E, 0x8A, 0xA2, 0x23, 0x64, 0x82, 0x7A, 0x23, 0xE4, 0x6D, 0x76,
    0xB7, 0x57, 0x91, 0xA3, 0x0B, 0xDC, 0x08, 0xA1, 0x0B, 0x14, 0x45, 0xD1, 0xF8, 0x5E, 0x72, 0xF8,
    0x85, 0xC4, 0x3F, 0x30, 0xC7, 0x95, 0x01, 0x21, 0x0F, 0x75, 0x1B, 0x3A, 0x74, 0x5A, 0xDF, 0xDD,
    0x0E, 0xF9, 0x2C, 0x5D, 0xBC, 0xB4, 0xBC, 0x6B, 0xCE, 0xEA, 0xAA, 0xAF, 0x3F, 0xDC, 0x02, 0x90,
    0xA4, 0xE9, 0x19, 0xB8, 0xBC, 0x03, 0xDB, 0x2B, 0x70, 0xDF, 0x02, 0x8F, 0xA4, 0xE4, 0xBF, 0x91,
    0xBF, 0xF4, 0x45, 0xEE, 0xCB, 0xCE, 0x8E, 0xC6, 0x79, 0x02, 0x8D, 0xD6, 0x21, 0x8C, 0xDD, 0x46,
    0x1E, 0xC7, 0xF1, 0x9F, 0x6D, 0xDD, 0x1A, 0x18, 0x0C, 0x39, 0x16, 0x30, 0xE4, 0xE0, 0x49, 0xA6,
    0x47, 0x36, 0x63, 0xDD, 0x81, 0x83, 0xC7, 0x39, 0x3C, 0x10, 0x72, 0x70, 0x95, 0x71, 0x12, 0x70,
    0x20, 0xE0, 0xC2, 0x51, 0xF0, 0x91, 0x72, 0x69, 0x53, 0x4F, 0x4A, 0x4B, 0x9C, 0x72, 0x29, 0x4E,
    0x5B, 0xD4, 0x82, 0x8C, 0x36, 0x53, 0x65, 0xAA, 0x8C, 0xFD, 0xEB, 0xFC, 0xC7, 0x7E, 0xEA, 0xDB,
    0x34, 0x9B, 0xD6, 0x7A, 0xF9, 0x7C, 0xA5, 0xCC, 0xDF, 0xB6, 0xA5, 0xB7, 0xF3, 0x64, 0xA0, 0x99,
    0x23, 0xD0, 0xBA, 0x00, 0x74, 0x8F, 0x3D, 0xA0, 0xE8, 0x51, 0x91, 0x01, 0x9A, 0x5C, 0x31, 0x91,
    0x5B, 0xCD, 0x4D, 0xB3, 0xE5, 0xA5, 0x5A, 0xD5, 0x7A, 0xA5, 0x62, 0x9F, 0xAE, 0xD4, 0x60, 0xE2,
    0xB5, 0x86, 0x09, 0xB1, 0x87, 0x0D, 0xE1, 0x3E, 0xA6, 0x9F, 0xFC, 0x25, 0x78, 0xE3, 0xAF, 0xC0,
    0x77, 0xCB, 0x35, 0xF8, 0x7E, 0x8E, 0xE0, 0x07, 0x17, 0x40, 0xBE, 0xF4, 0x99, 0x7C, 0xE1, 0x89,
    0x7F, 0x17, 0xFE, 0xB1, 0xC0, 0xB2, 0x99, 0x61, 0xF8, 0x4F, 0x87, 0x9E, 0x3F, 0xBA, 0xBF, 0x2A,
    0xF2, 0x6D, 0xEA, 0x48, 0xA6, 0x3A, 0x23, 0xD3, 0x1C, 0x32, 0x01, 0x95, 0xBF, 0x0F, 0xD4, 0xFE,
    0x52, 0xB8, 0x02, 0x9A, 0x7C, 0x61, 0x58, 0x92, 0x9C, 0x77, 0xFB, 0x22, 0x0E, 0x03, 0xBA, 0x62,
    0x5B, 0xAC, 0x9F, 0x89, 0xC0, 0xEE, 0x44, 0x32, 0xDD, 0xF2, 0x58, 0xFD, 0xE3, 0x33, 0x77, 0x78,
    0xC1, 0x6D, 0x00, 0x2C, 0xB9, 0x9C, 0x04, 0x1E, 0xC8, 0x7F, 0xB5, 0x64, 0x04, 0x7A, 0x92, 0x65,
    0x81, 0x23, 0xB8, 0xC1, 0xBA, 0x8A, 0x01, 0x6A, 0xA9, 0xE9, 0xD1, 0x79, 0xB1, 0x29, 0xD6, 0x83,
    0x21, 0xE9, 0x70, 0x2E, 0x6C, 0x02, 0x00, 0xB3, 0x8A, 0x6A, 0xCB, 0x7C, 0x62, 0xA6, 0x29, 0x33,
    0x6D, 0x10, 0xBB, 0x45, 0xD4, 0x23, 0x8E, 0x51, 0x0F, 0x8A, 0xCD, 0xAF, 0x2E, 0xC5, 0x59, 0x91,
    0x30, 0x74, 0x39, 0x43, 0x4E, 0x45, 0xBA, 0x7A, 0x05, 0x2C, 0x5D, 0x15, 0x25, 0xCB, 0x1E, 0x2F,
    0x79, 0x38, 0xC5, 0x12, 0x9B, 0x72, 0x0C, 0xE5, 0x08, 0xB7, 0x83, 0x87, 0x1D, 0x1F, 0xC9, 0x48,
    0xCB, 0x97, 0x92, 0x86, 0xAF, 0x24, 0x35, 0xDF, 0xDC, 0x79, 0x02, 0xCC, 0x26, 0x23, 0xE8, 0x59,
    0xA2, 0xF6, 0x74, 0x7B, 0x9A, 0x3D, 0xB5, 0x64, 0x42, 0x95, 0xD3, 0xD1, 0x23, 0x47, 0x31, 0xC0,
    0x46, 0x58, 0x59, 0x00, 0x72, 0x59, 0xDA, 0x93, 0x4E, 0xDA, 0x92, 0x73, 0x69, 0x34, 0xCB, 0x5E,
    0xED, 0xF7, 0x2A, 0xAF, 0x8E, 0xEA, 0xA3, 0xE6, 0xE8, 0xE4, 0x75, 0xC8, 0x7D, 0x47, 0x6F, 0x73,
    0x75, 0x6E, 0xFA, 0x8F, 0x9C, 0xCF, 0x2A, 0xFE, 0x4D, 0xAE, 0xC7, 0x2A, 0xFD, 0x25, 0xD7, 0xB1,
    0x5A, 0x91, 0x0B, 0x56, 0x1C, 0x5A, 0x46, 0x10, 0x9C, 0xDB, 0x08, 0xA9, 0xDF, 0x6B, 0xE2, 0x5E,
    0x9D, 0xF6, 0x36, 0x47, 0xAB, 0xBD, 0x95, 0x3B, 0xBA, 0xA4, 0x2E, 0xE5, 0xC6, 0x9B, 0x64, 0x39,
    0xC2, 0x46, 0x7A, 0x4B, 0x87, 0x7E, 0x99, 0x46, 0xC3, 0xA0, 0x42, 0x4F, 0xE4, 0xEA, 0xA8, 0x89,
    0x96, 0xA3, 0x8E, 0x8D, 0x47, 0xC3, 0xB1, 0x4F, 0xB9, 0x35, 0x47, 0xB3, 0xD7, 0x99, 0xB5, 0x59,
    0x50, 0xD1, 0xD9, 0xA3, 0xD3, 0x56, 0xF6, 0x53, 0x39, 0x7E, 0x53, 0xF0, 0xD5, 0x3B, 0xD9, 0x6A,
    0xE0, 0x37, 0x37, 0x7C, 0x9A, 0x3B, 0x7D, 0x7B, 0xF4, 0xBB, 0x37, 0xFC, 0xDA, 0xDD, 0x7D, 0x9E,
    0xF9, 0xE0, 0xA6, 0xB7, 0x43, 0x2E, 0x47, 0xCB, 0x53, 0x21, 0x1D, 0x8C, 0xB4, 0x27, 0x4E, 0xED,
    0x4B, 0x37, 0xF9, 0x00, 0x7A, 0x85, 0x2E, 0x4D, 0x50, 0x52, 0x00, 0x7F, 0x1A, 0x32, 0xFF, 0xA6,
    0xC8, 0xE2, 0x54, 0x54, 0xFB, 0xE9, 0x4C, 0x27, 0xD1, 0x11, 0x87, 0xD5, 0xC4, 0xAC, 0xA6, 0x38,
    0x89, 0x35, 0xC5, 0x96, 0xB3, 0x21, 0x54, 0xF9, 0xE8, 0x55, 0x34, 0x49, 0xE6, 0x0F, 0xE3, 0x99,
    0xE9, 0x63, 0xFB, 0x4D, 0xD4, 0x1C, 0x3B, 0x3A, 0x45, 0x92, 0xB1, 0x21, 0xDF, 0x33, 0x81, 0x7C,
    0xC2, 0x19, 0x3A, 0x56, 0xDF, 0xE3, 0xAE, 0xA3, 0x27, 0xC9, 0xF5, 0x5C, 0x00, 0xF7, 0x28, 0x27,
    0xB4, 0x24, 0x8F, 0x09, 0x07, 0x30, 0xD4, 0x39, 0xF2, 0xCF, 0x3A, 0xB4, 0x1C, 0xA0, 0x07, 0x28,
    0x62, 0xDF, 0xC3, 0x25, 0xFD, 0x2A, 0x1A, 0x92, 0xE9, 0xA3, 0xE4, 0x0A, 0xE7, 0xB9, 0x7B, 0x72,
    0xDD, 0x2F, 0xB6, 0x95, 0x28, 0x1E, 0x19, 0xA0, 0x06, 0xB4, 0xFB, 0xDD, 0x6B, 0x46, 0x79, 0x0E,
    0x58, 0x52, 0xA2, 0xC8, 0x32, 0xFC, 0x80, 0xCF, 0xD1, 0x93, 0xDE, 0x70, 0x3E, 0x72, 0x41, 0x0E,
    0x17, 0xDB, 0x00, 0x9B, 0xD0, 0x04, 0x48, 0x3A, 0x5F, 0xA2, 0x5C, 0x89, 0x19, 0x4B, 0x2C, 0x4A,
    0xD6, 0x92, 0x3A, 0x96, 0xB4, 0xBE, 0x44, 0xCD, 0xFB, 0x93, 0x71, 0xBB, 0x1D, 0x59, 0x9B, 0x12,
    0x24, 0x66, 0x2D, 0xE9, 0x59, 0xA2, 0x38, 0x4A, 0x5A, 0x3A, 0x49, 0xC3, 0x45, 0x52, 0xD1, 0x4B,
    0xC0, 0x54, 0x62, 0x57, 0x54, 0x5C, 0x61, 0x38, 0xC8, 0x73, 0x6A, 0x46, 0x49, 0xC7, 0x68, 0x79,
    0xFA, 0xCD, 0x65, 0x04, 0xEE, 0xED, 0xF7, 0x41, 0x0E, 0x87, 0x9C, 0xD0, 0xD1, 0x61, 0xA2, 0x1C,
    0xE3, 0xED, 0x80, 0x01, 0x5C, 0x70, 0x9E, 0xF9, 0xCE, 0x49, 0x9D, 0x05, 0x49, 0xA2, 0x64, 0xDD,
    0x13, 0xF6, 0x8C, 0x92, 0x00, 0x7C, 0x3E, 0x15, 0x7F, 0x96, 0x18, 0x72, 0xC9, 0xB1, 0x7B, 0x80,
    0xCE, 0x7D, 0xDA, 0x07, 0x7C, 0x06, 0x74, 0xE4, 0x5A, 0x66, 0x89, 0x8A, 0x7C, 0xCB, 0xA1, 0xE1,
    0xD3, 0xAF, 0x38, 0x28, 0x76, 0xEE, 0x4B, 0xE8, 0xB5, 0x73, 0x7F, 0x86, 0x49, 0x32, 0x6F, 0xA2,
    0x68, 0x8B, 0x53, 0x10, 0xF9, 0x29, 0xC9, 0xF9, 0x30, 0x76, 0xF9, 0x6A, 0x53, 0xEC, 0x5E, 0x6F,
    0x98, 0x92, 0x68, 0x8B, 0x66, 0x13, 0x7B, 0x8A, 0x8A, 0x4F, 0xB3, 0x2D, 0xF9, 0x9A, 0xAE, 0x22,
    0x49, 0x87, 0x9E, 0x5C, 0xCB, 0x66, 0x7C, 0xF6, 0x99, 0x27, 0x47, 0x14, 0x02, 0x80, 0xCA, 0x67,
    0xEA, 0xCC, 0x45, 0xF9, 0xEE, 0xC9, 0xB1, 0x21, 0xE9, 0xD4, 0xAA, 0xE8, 0xFA, 0x90, 0x31, 0xBE,
    0xEF, 0x61, 0x97, 0xFB, 0xC0, 0xB4, 0x5C, 0x02, 0x9C, 0xAF, 0x33, 0x4B, 0x14, 0x42, 0xE6, 0xC6,
    0x03, 0xD3, 0xFB, 0x8C, 0xE5, 0x0C, 0xC8, 0x9F, 0xA6, 0xD3, 0x24, 0x5D, 0x97, 0x19, 0x2A, 0x32,
    0x00, 0x46, 0xBE, 0xFB, 0x4B, 0x00, 0xB8, 0x12, 0xAE, 0x4F, 0xF7, 0xE7, 0xF9, 0xF1, 0xC3, 0xFF,
    0x81, 0x29, 0x00, 0xE8, 0x53, 0xD9, 0x78, 0x02, 0xC1, 0xDB, 0xC7, 0xB1, 0x60, 0x13, 0x48, 0xCE,
    0x99, 0x0D, 0x19, 0x2E, 0x40, 0xC5, 0x58, 0x16, 0xCA, 0x3E, 0x13, 0x64, 0xAE, 0xE7, 0x09, 0x2D,
    0x28, 0x0E, 0x82, 0x03, 0x3A, 0x26, 0xA0, 0x11, 0x30, 0x25, 0x4B, 0x7A, 0xC0, 0x88, 0xC7, 0xBB,
    0x01, 0x18, 0x50, 0xAC, 0x8A, 0x5D, 0x71, 0x12, 0xB9, 0x16, 0x17, 0x71, 0xC3, 0xE9, 0xB6, 0xAA,
    0xCC, 0xD8, 0x32, 0xF3, 0x82, 0xB2, 0xF0, 0xFC, 0x98, 0x21, 0x4E, 0x33, 0x5D, 0xB9, 0xA6, 0x2D,
    0xBE, 0x28, 0x3E, 0xCF, 0x56, 0x40, 0x56, 0x8D, 0xA2, 0x19, 0x40, 0x92, 0x83, 0x16, 0x61, 0xCF,
    0x84, 0x4C, 0x7C, 0xC6, 0xE9, 0xF8, 0x51, 0xCB, 0x6A, 0xD2, 0x01, 0xE6, 0xF5, 0x17, 0x0B, 0xC0,
    0x7F, 0xFD, 0x2F, 0xA0, 0xA2, 0xFA, 0x6F, 0x42, 0xBD, 0xA9, 0x27, 0x09, 0xCD, 0xAA, 0x9E, 0x6C,
    0x68, 0x57, 0xF5, 0x98, 0xE8, 0x92, 0xA8, 0x92, 0x7A, 0xC4, 0xE1, 0xCC, 0x51, 0x8B, 0x4E, 0x47,
    0x35, 0xD2, 0xF5, 0x67, 0x1A, 0x71, 0x3E, 0x0C, 0xD9, 0xE5, 0xDC, 0x7D, 0x67, 0x8B, 0x1C, 0xCE,
    0xDE, 0xF1, 0x3C, 0x18, 0xEA, 0xE2, 0xF1, 0x99, 0xCE, 0x3C, 0x56, 0x97, 0x89, 0x24, 0x5D, 0x71,
    0x10, 0xC3, 0x1D, 0x6F, 0x7A, 0x1C, 0xCF, 0xFD, 0xDD, 0x77, 0x3C, 0xDC, 0x7E, 0xC7, 0xFB, 0x05,
    0x75, 0x90, 0x01, 0x66, 0xC5, 0x40, 0x14, 0x45, 0xEF, 0xFC, 0xD0, 0x20, 0xC8, 0x02, 0x8A, 0x2C,
    0x21, 0x4B, 0x48, 0x80, 0x02, 0x74, 0x27, 0x5D, 0x41, 0x4D, 0x96, 0xD0, 0x15, 0x75, 0xFE, 0x12,
    0xD2, 0x1D, 0x04, 0x5D, 0xC0, 0x47, 0x90, 0x92, 0xCC, 0xED, 0xBD, 0xAA, 0xCD, 0x97, 0xE8, 0x93,
    0x39, 0x26, 0xEF, 0x9E, 0xF7, 0x44, 0x48, 0xE6, 0xFB, 0x03, 0x55, 0x37, 0x98, 0xC9, 0xC0, 0x66,
    0x14, 0x8B, 0x59, 0xDE, 0xCC, 0x7A, 0x34, 0xDB, 0xC1, 0x8C, 0xBB, 0x72, 0x59, 0x4F, 0xCA, 0x75,
    0x57, 0xF2, 0xAE, 0x14, 0x33, 0xAC, 0x4C, 0x66, 0x63, 0x05, 0x5D, 0xFF, 0xA7, 0x84, 0x3B, 0xA5,
    0x3A, 0x29, 0xC9, 0x40, 0x60, 0x5F, 0x73, 0x6A, 0xB9, 0x74, 0x5C, 0x23, 0xB7, 0x44, 0x3F, 0xBA,
    0xE8, 0x55, 0x4D, 0x45, 0x12, 0xCA, 0x05, 0xB9, 0x21, 0x72, 0xC7, 0x8F, 0x1C, 0x29, 0xE3, 0x89,
    0x6B, 0x02, 0xE7, 0x77, 0xB4, 0x23, 0x54, 0xFF, 0xE5, 0xD9, 0x39, 0x2E, 0x1B, 0x50, 0xAC, 0x40,
    0x35, 0x03, 0xCD, 0x74, 0xFA, 0x43, 0x8E, 0xEA, 0x1B, 0xAC, 0x1E, 0xB3, 0x9F, 0x09, 0xA0, 0xBB,
    0x02, 0x71, 0x80, 0x0B, 0xCF, 0x50, 0x4F, 0x5B, 0x4B, 0x8E, 0x08, 0x14, 0x12, 0x73, 0xDF, 0x92,
    0x6F, 0x48, 0x3A, 0x48, 0x9F, 0x10, 0xBE, 0x0C, 0x6A, 0xBA, 0x22, 0xD5, 0x50, 0x3C, 0xB8, 0xE1,
    0x8F, 0x31, 0x50, 0x1A, 0xEE, 0x68, 0xC1, 0x01, 0xDE, 0x8F, 0xD8, 0x1B, 0x9B, 0xE1, 0x2D, 0x8F,
    0xE4, 0x04, 0xBC, 0x78, 0x0B, 0xA2, 0xAF, 0x21, 0x09, 0x0F, 0xBA, 0x05, 0x25, 0x21, 0x31, 0xA3,
    0x75, 0xE8, 0x0C, 0x51, 0x03, 0x78, 0xC5, 0x6F, 0x45, 0x4A, 0x39, 0xE0, 0x1B, 0xBD, 0x94, 0x01,
    0x86, 0xC3, 0x40, 0x18, 0x85, 0x5F, 0x5B, 0x52, 0x04, 0x3D, 0x42, 0x8F, 0x90, 0x23, 0x64, 0xC0,
    0x02, 0xD8, 0x9B, 0xEC, 0x11, 0xB2, 0xEC, 0xC1, 0xA6, 0xF4, 0x02, 0x39, 0x42, 0xB1, 0x07, 0x08,
    0x82, 0x29, 0xC9, 0xBC, 0xCD, 0x3F, 0xF3, 0x34, 0xC6, 0x16, 0xAC, 0x74, 0x7F, 0x78, 0x1F, 0xA6,
    0xFC, 0xDF, 0xEB, 0x2F, 0x48, 0xF3, 0x11, 0x1D, 0x50, 0x71, 0xAC, 0xC9, 0x01, 0xE8, 0x48, 0x4F,
    0x06, 0xEC, 0x99, 0x66, 0x42, 0x6D, 0xD1, 0x77, 0x13, 0x4E, 0x74, 0x9E, 0xEE, 0x14, 0xD0, 0x18,
    0xE3, 0x30, 0xA0, 0x0D, 0x06, 0x70, 0xE8, 0x16, 0x88, 0x00, 0x0A, 0x38, 0x1B, 0xB4, 0x4C, 0x33,
    0xFE, 0x82, 0x01, 0x15, 0x05, 0xF0, 0x7A, 0xFC, 0x9F, 0xB0, 0xE3, 0x8C, 0x86, 0x0E, 0x38, 0x91,
    0x57, 0x13, 0x5E, 0xC1, 0xDA, 0xC8, 0x12, 0x64, 0x0F, 0xEC, 0xF3, 0x92, 0xC7, 0xB4, 0x7D, 0x6A,
    0x21, 0xC0, 0x3A, 0x68, 0x46, 0x58, 0x03, 0xF5, 0x2D, 0xC5, 0xCE, 0x25, 0x69, 0xA0, 0x0C, 0xE9,
    0x96, 0x21, 0xF5, 0xBC, 0x8C, 0x22, 0x6E, 0x1B, 0x3B, 0xDE, 0x4D, 0x2F, 0x3B, 0x0D, 0x0A, 0x13,
    0xBB, 0x9F, 0xB3, 0x18, 0xB3, 0x18, 0xB3, 0x18, 0xB3, 0x18, 0x93, 0x98, 0xAD, 0xA4, 0xBF, 0x56,
    0xD1, 0x15, 0xE1, 0x53, 0x74, 0x64, 0x5C, 0xC2, 0x93, 0x73, 0x8E, 0x69, 0x89, 0xCA, 0x42, 0x4F,
    0x5E, 0x13, 0xCF, 0xC4, 0x46, 0x1D, 0x32, 0x3F, 0x61, 0x8A, 0xDF, 0x35, 0x19, 0xA0, 0x53, 0xE6,
    0x2C, 0x51, 0x32, 0x42, 0xC7, 0xDC, 0x48, 0x97, 0xEE, 0x18, 0xA1, 0x73, 0xDE, 0x4F, 0x0F, 0xDB,
    0xF7, 0xF5, 0x8E, 0x4B, 0xD2, 0x09, 0xB5, 0xD4, 0x5C, 0x9E, 0x51, 0xF5, 0x20, 0xFD, 0xE2, 0xF0,
    0x27, 0xF2, 0x5B, 0x90, 0x8E, 0xFC, 0xC8, 0x5E, 0x45, 0x79, 0xCE, 0x2B, 0xA9, 0xB5, 0xF8, 0xD6,
    0x5B, 0x6B, 0xC1, 0xBA, 0xE9, 0xD5, 0x1A, 0x79, 0x51, 0x6B, 0x46, 0xB5, 0xC5, 0xED, 0xBC, 0x90,
    0x5A, 0x5B, 0x48, 0x1F, 0x81, 0x85, 0xDA, 0x20, 0x52, 0x57, 0x05, 0xAD, 0x46, 0x6A, 0xE8, 0xFA,
    0x9C, 0xD4, 0xDA, 0xD7, 0x56, 0xE6, 0x2F, 0x6B, 0x2D, 0xFE, 0x00,
};

static const EpdGlyph libron_18_boldGlyphs[] = {
    { 0, 0, 137, 0, 0, 0, 0 }, // U+0020
    { 8, 27, 191, 2, 27, 54, 0 }, // !
    { 14, 11, 265, 1, 27, 39, 54 }, // "
    { 23, 27, 392, 1, 27, 156, 93 }, // #
    { 20, 35, 355, 1, 31, 175, 249 }, // $
    { 31, 27, 525, 1, 27, 210, 424 }, // %
    { 29, 27, 473, 1, 27, 196, 634 }, // &
    { 7, 11, 144, 1, 27, 20, 830 }, // '
    { 11, 33, 201, 1, 28, 91, 850 }, // (
    { 12, 33, 201, 0, 28, 99, 941 }, // )
    { 13, 15, 265, 2, 28, 49, 1040 }, // *
    { 16, 16, 315, 2, 17, 64, 1089 }, // +
    { 8, 14, 167, 1, 7, 28, 1153 }, // ,
    { 11, 4, 237, 2, 11, 11, 1181 }, // -
    { 8, 7, 166, 1, 7, 14, 1192 }, // .
    { 16, 27, 261, 0, 27, 108, 1206 }, // /
    { 24, 27, 416, 1, 27, 162, 1314 }, // 0
    { 18, 27, 291, 0, 27, 122, 1476 }, // 1
    { 21, 27, 373, 1, 27, 142, 1598 }, // 2
    { 20, 27, 356, 1, 27, 135, 1740 }, // 3
    { 23, 27, 391, 0, 27, 156, 1875 }, // 4
    { 21, 27, 344, 0, 27, 142, 2031 }, // 5
    { 22, 28, 371, 1, 28, 154, 2173 }, // 6
    { 20, 27, 342, 2, 27, 135, 2327 }, // 7
    { 22, 27, 384, 1, 27, 149, 2462 }, // 8
    { 21, 29, 370, 1, 27, 153, 2611 }, // 9
    { 8, 20, 179, 2, 20, 40, 2764 }, // :
    { 9, 27, 182, 1, 19, 61, 2804 }, // ;
    { 18, 20, 315, 1, 19, 90, 2865 }, // <
    { 16, 12, 315, 2, 16, 48, 2955 }, // =
    { 18, 20, 315, 1, 19, 90, 3003 }, // >
    { 21, 27, 358, 1, 27, 142, 3093 }, // ?
    { 32, 32, 537, 1, 27, 256, 3235 }, // @
    { 31, 27, 493, 0, 27, 210, 3491 }, // A
    { 26, 27, 445, 1, 27, 176, 3701 }, // B
    { 25, 27, 442, 1, 27, 169, 3877 }, // C
    { 29, 27, 488, 1, 27, 196, 4046 }, // D
    { 25, 27, 427, 1, 27, 169, 4242 }, // E
    { 23, 27, 395, 1, 27, 156, 4411 }, // F
    { 25, 27, 456, 1, 27, 169, 4567 }, // G
    { 31, 27, 530, 1, 27, 210, 4736 }, // H
    { 14, 27, 255, 1, 27, 95, 4946 }, // I
    { 21, 27, 337, 0, 27, 142, 5041 }, // J
    { 31, 27, 495, 1, 27, 210, 5183 }, // K
    { 23, 27, 398, 1, 27, 156, 5393 }, // L
    { 40, 27, 653, 1, 27, 270, 5549 }, // M
    { 30, 27, 502, 1, 27, 203, 5819 }, // N
    { 28, 27, 484, 1, 27, 189, 6022 }, // O
    { 25, 27, 425, 1, 27, 169, 6211 }, // P
    { 28, 36, 484, 1, 27, 252, 6380 }, // Q
    { 29, 27, 463, 1, 27, 196, 6632 }, // R
    { 21, 27, 388, 2, 27, 142, 6828 }, // S
    { 26, 27, 450, 1, 27, 176, 6970 }, // T
    { 31, 27, 490, 0, 27, 210, 7146 }, // U
    { 32, 27, 482, -1, 27, 216, 7356 }, // V
    { 43, 27, 667, 0, 27, 291, 7572 }, // W
    { 32, 27, 498, 0, 27, 216, 7863 }, // X
    { 29, 27, 464, 0, 27, 196, 8079 }, // Y
    { 24, 27, 416, 2, 27, 162, 8275 }, // Z
    { 11, 32, 226, 3, 28, 88, 8437 }, // [
    { 16, 27, 261, 0, 27, 108, 8525 }, // <backslash>
    { 11, 32, 226, 0, 28, 88, 8633 }, // ]
    { 18, 15, 315, 1, 27, 68, 8721 }, // ^
    { 15, 3, 236, 0, -3, 12, 8789 }, // _
    { 10, 7, 285, 1, 28, 18, 8801 }, // `
    { 22, 20, 353, 1, 20, 110, 8819 }, // a
    { 25, 31, 389, -1, 31, 194, 8929 }, // b
    { 20, 20, 323, 1, 20, 100, 9123 }, // c
    { 24, 30, 398, 1, 30, 180, 9223 }, // d
    { 19, 20, 336, 1, 20, 95, 9403 }, // e
    { 22, 31, 274, 0, 31, 171, 9498 }, // f
    { 22, 29, 354, 0, 20, 160, 9669 }, // g
    { 25, 30, 406, 0, 30, 188, 9829 }, // h
    { 12, 31, 216, 1, 31, 93, 10017 }, // i
    { 12, 40, 199, -2, 31, 120, 10110 }, // j
    { 26, 31, 407, 0, 31, 202, 10230 }, // k
    { 13, 30, 207, 0, 30, 98, 10432 }, // l
    { 36, 20, 596, 1, 20, 180, 10530 }, // m
    { 25, 20, 415, 1, 20, 125, 10710 }, // n
    { 21, 20, 368, 1, 20, 105, 10835 }, // o
    { 24, 29, 400, 0, 20, 174, 10940 }, // p
    { 24, 29, 389, 1, 20, 174, 11114 }, // q
    { 19, 20, 316, 1, 20, 95, 11288 }, // r
    { 18, 20, 310, 1, 20, 90, 11383 }, // s
    { 18, 27, 282, 0, 27, 122, 11473 }, // t
    { 25, 20, 399, 0, 20, 125, 11595 }, // u
    { 24, 20, 388, 0, 20, 120, 11720 }, // v
    { 34, 20, 533, 0, 20, 170, 11840 }, // w
    { 24, 20, 378, 0, 20, 120, 12010 }, // x
    { 24, 29, 383, 0, 20, 174, 12130 }, // y
    { 19, 20, 327, 1, 20, 95, 12304 }, // z
    { 12, 35, 220, 1, 29, 105, 12399 }, // {
    { 5, 38, 169, 3, 29, 48, 12504 }, // |
    { 12, 35, 220, 1, 29, 105, 12552 }, // }
    { 16, 7, 315, 2, 13, 28, 12657 }, // ~
    { 0, 0, 137, 0, 0, 0, 0 }, // U+00A0
    { 8, 28, 184, 2, 20, 56, 0 }, // U+00A1
    { 18, 27, 334, 2, 27, 122, 56 }, // U+00A2
    { 22, 27, 395, 1, 27, 149, 178 }, // U+00A3
    { 16, 17, 314, 2, 18, 68, 327 }, // U+00A4
    { 28, 27, 458, 0, 27, 189, 395 }, // U+00A5
    { 5, 38, 169, 3, 29, 48, 584 }, // U+00A6
    { 22, 32, 386, 1, 27, 176, 632 }, // U+00A7
    { 14, 5, 285, 2, 27, 18, 808 }, // U+00A8
    { 27, 28, 484, 2, 28, 189, 826 }, // U+00A9
    { 15, 20, 300, 2, 29, 75, 1015 }, // U+00AA
    { 21, 19, 368, 1, 19, 100, 1090 }, // U+00AB
    { 17, 11, 315, 1, 15, 47, 1190 }, // U+00AC
    { 11, 4, 237, 2, 11, 11, 1237 }, // U+00AD
    { 18, 17, 343, 2, 27, 77, 1248 }, // U+00AE
    { 12, 3, 285, 3, 26, 9, 1325 }, // U+00AF
    { 12, 11, 218, 1, 27, 33, 1334 }, // U+00B0
    { 16, 19, 315, 2, 19, 76, 1367 }, // U+00B1
    { 14, 15, 232, 0, 27, 53, 1443 }, // U+00B2
    { 12, 15, 221, 1, 27, 45, 1496 }, // U+00B3
    { 10, 7, 285, 7, 28, 18, 1541 }, // U+00B4
    { 22, 29, 408, 3, 20, 160, 1559 }, // U+00B5
    { 23, 32, 393, 1, 27, 184, 1719 }, // U+00B6
    { 8, 7, 173, 1, 13, 14, 1903 }, // U+00B7
    { 9, 10, 285, 4, 1, 23, 1917 }, // U+00B8
    { 12, 15, 190, 0, 27, 45, 1940 }, // U+00B9
    { 15, 20, 305, 2, 29, 75, 1985 }, // U+00BA
    { 22, 19, 376, 1, 19, 105, 2060 }, // U+00BB
    { 30, 27, 496, 1, 27, 203, 2165 }, // U+00BC
    { 30, 27, 503, 1, 27, 203, 2368 }, // U+00BD
    { 30, 27, 496, 1, 27, 203, 2571 }, // U+00BE
    { 21, 28, 356, 1, 20, 147, 2774 }, // U+00BF
    { 31, 35, 493, 0, 35, 272, 2921 }, // U+00C0
    { 31, 35, 493, 0, 35, 272, 3193 }, // U+00C1
    { 31, 35, 493, 0, 35, 272, 3465 }, // U+00C2
    { 31, 35, 493, 0, 35, 272, 3737 }, // U+00C3
    { 31, 35, 493, 0, 35, 272, 4009 }, // U+00C4
    { 31, 36, 493, 0, 36, 279, 4281 }, // U+00C5
    { 43, 27, 679, -1, 27, 291, 4560 }, // U+00C6
    { 26, 38, 442, 1, 29, 247, 4851 }, // U+00C7
    { 25, 35, 427, 1, 35, 219, 5098 }, // U+00C8
    { 25, 35, 427, 1, 35, 219, 5317 }, // U+00C9
    { 25, 35, 427, 1, 35, 219, 5536 }, // U+00CA
    { 25, 35, 427, 1, 35, 219, 5755 }, // U+00CB
    { 15, 35, 255, 0, 35, 132, 5974 }, // U+00CC
    { 15, 35, 255, 1, 35, 132, 6106 }, // U+00CD
    { 14, 35, 255, 1, 35, 123, 6238 }, // U+00CE
    { 14, 35, 255, 1, 35, 123, 6361 }, // U+00CF
    { 29, 27, 489, 1, 27, 196, 6484 }, // U+00D0
    { 30, 35, 502, 1, 35, 263, 6680 }, // U+00D1
    { 28, 35, 484, 1, 35, 245, 6943 }, // U+00D2
    { 28, 35, 484, 1, 35, 245, 7188 }, // U+00D3
    { 28, 35, 484, 1, 35, 245, 7433 }, // U+00D4
    { 28, 35, 484, 1, 35, 245, 7678 }, // U+00D5
    { 28, 35, 484, 1, 35, 245, 7923 }, // U+00D6
    { 16, 17, 315, 2, 18, 68, 8168 }, // U+00D7
    { 29, 27, 494, 1, 27, 196, 8236 }, // U+00D8
    { 31, 35, 490, 0, 35, 272, 8432 }, // U+00D9
    { 31, 35, 490, 0, 35, 272, 8704 }, // U+00DA
    { 31, 35, 490, 0, 35, 272, 8976 }, // U+00DB
    { 31, 35, 490, 0, 35, 272, 9248 }, // U+00DC
    { 29, 35, 464, 0, 35, 254, 9520 }, // U+00DD
    { 25, 27, 432, 1, 27, 169, 9774 }, // U+00DE
    { 29, 31, 465, 0, 31, 225, 9943 }, // U+00DF
    { 22, 30, 353, 1, 30, 165, 10168 }, // U+00E0
    { 22, 30, 353, 1, 30, 165, 10333 }, // U+00E1
    { 22, 30, 353, 1, 30, 165, 10498 }, // U+00E2
    { 22, 30, 353, 1, 30, 165, 10663 }, // U+00E3
    { 22, 30, 353, 1, 30, 165, 10828 }, // U+00E4
    { 22, 31, 353, 1, 31, 171, 10993 }, // U+00E5
    { 31, 20, 520, 1, 20, 155, 11164 }, // U+00E6
    { 20, 30, 323, 1, 20, 150, 11319 }, // U+00E7
    { 19, 30, 336, 1, 30, 143, 11469 }, // U+00E8
    { 19, 30, 336, 1, 30, 143, 11612 }, // U+00E9
    { 19, 30, 336, 1, 30, 143, 11755 }, // U+00EA
    { 19, 30, 336, 1, 30, 143, 11898 }, // U+00EB
    { 14, 30, 216, -1, 30, 105, 12041 }, // U+00EC
    { 14, 30, 216, 1, 30, 105, 12146 }, // U+00ED
    { 15, 30, 216, -1, 30, 113, 12251 }, // U+00EE
    { 15, 30, 216, -1, 30, 113, 12364 }, // U+00EF
    { 21, 32, 374, 1, 32, 168, 12477 }, // U+00F0
    { 25, 30, 415, 1, 30, 188, 12645 }, // U+00F1
    { 21, 30, 368, 1, 30, 158, 12833 }, // U+00F2
    { 21, 30, 368, 1, 30, 158, 12991 }, // U+00F3
    { 21, 30, 368, 1, 30, 158, 13149 }, // U+00F4
    { 21, 30, 368, 1, 30, 158, 13307 }, // U+00F5
    { 21, 30, 368, 1, 30, 158, 13465 }, // U+00F6
    { 16, 19, 315, 2, 19, 76, 13623 }, // U+00F7
    { 22, 20, 378, 1, 20, 110, 13699 }, // U+00F8
    { 25, 30, 399, 0, 30, 188, 13809 }, // U+00F9
    { 25, 30, 399, 0, 30, 188, 13997 }, // U+00FA
    { 25, 30, 399, 0, 30, 188, 14185 }, // U+00FB
    { 25, 30, 399, 0, 30, 188, 14373 }, // U+00FC
    { 24, 39, 383, 0, 30, 234, 14561 }, // U+00FD
    { 24, 40, 386, -1, 31, 240, 14795 }, // U+00FE
    { 24, 39, 383, 0, 30, 234, 15035 }, // U+00FF
    { 31, 34, 493, 0, 34, 264, 0 }, // U+0100
    { 22, 29, 353, 1, 29, 160, 264 }, // U+0101
    { 31, 35, 493, 0, 35, 272, 424 }, // U+0102
    { 22, 30, 353, 1, 30, 165, 696 }, // U+0103
    { 31, 36, 493, 0, 27, 279, 861 }, // U+0104
    { 22, 30, 354, 1, 20, 165, 1140 }, // U+0105
    { 25, 35, 442, 1, 35, 219, 1305 }, // U+0106
    { 20, 30, 323, 1, 30, 150, 1524 }, // U+0107
    { 25, 35, 442, 1, 35, 219, 1674 }, // U+0108
    { 20, 30, 323, 1, 30, 150, 1893 }, // U+0109
    { 25, 34, 442, 1, 34, 213, 2043 }, // U+010A
    { 20, 30, 323, 1, 30, 150, 2256 }, // U+010B
    { 25, 35, 442, 1, 35, 219, 2406 }, // U+010C
    { 20, 30, 323, 1, 30, 150, 2625 }, // U+010D
    { 29, 35, 488, 1, 35, 254, 2775 }, // U+010E
    { 29, 31, 413, 1, 31, 225, 3029 }, // U+010F
    { 29, 27, 489, 1, 27, 196, 3254 }, // U+0110
    { 24, 31, 398, 1, 31, 186, 3450 }, // U+0111
    { 25, 34, 427, 1, 34, 213, 3636 }, // U+0112
    { 19, 29, 336, 1, 29, 138, 3849 }, // U+0113
    { 25, 35, 427, 1, 35, 219, 3987 }, // U+0114
    { 19, 30, 336, 1, 30, 143, 4206 }, // U+0115
    { 25, 34, 427, 1, 34, 213, 4349 }, // U+0116
    { 19, 30, 336, 1, 30, 143, 4562 }, // U+0117
    { 25, 36, 427, 1, 27, 225, 4705 }, // U+0118
    { 19, 29, 336, 1, 20, 138, 4930 }, // U+0119
    { 25, 35, 427, 1, 35, 219, 5068 }, // U+011A
    { 19, 30, 336, 1, 30, 143, 5287 }, // U+011B
    { 25, 35, 456, 1, 35, 219, 5430 }, // U+011C
    { 22, 39, 354, 0, 30, 215, 5649 }, // U+011D
    { 25, 35, 456, 1, 35, 219, 5864 }, // U+011E
    { 22, 39, 354, 0, 30, 215, 6083 }, // U+011F
    { 25, 34, 456, 1, 34, 213, 6298 }, // U+0120
    { 22, 39, 354, 0, 30, 215, 6511 }, // U+0121
    { 25, 36, 456, 1, 36, 225, 6726 }, // U+0122
    { 22, 40, 354, 0, 31, 220, 6951 }, // U+0123
    { 31, 35, 530, 1, 35, 272, 7171 }, // U+0124
    { 25, 39, 406, 0, 39, 244, 7443 }, // U+0125
    { 31, 27, 532, 1, 27, 210, 7687 }, // U+0126
    { 25, 31, 406, 0, 31, 194, 7897 }, // U+0127
    { 14, 35, 255, 1, 35, 123, 8091 }, // U+0128
    { 13, 30, 216, 0, 30, 98, 8214 }, // U+0129
    { 14, 34, 255, 1, 34, 119, 8312 }, // U+012A
    { 13, 29, 216, 0, 29, 95, 8431 }, // U+012B
    { 14, 35, 255, 1, 35, 123, 8526 }, // U+012C
    { 13, 30, 216, 0, 30, 98, 8649 }, // U+012D
    { 14, 36, 255, 1, 27, 126, 8747 }, // U+012E
    { 12, 41, 216, 1, 31, 123, 8873 }, // U+012F
    { 14, 34, 255, 1, 34, 119, 8996 }, // U+0130
    { 12, 21, 216, 1, 21, 63, 9115 }, // U+0131
    { 21, 35, 337, 0, 35, 184, 9178 }, // U+0134
    { 15, 40, 200, -1, 30, 150, 9362 }, // U+0135
    { 31, 37, 495, 1, 27, 287, 9512 }, // U+0136
    { 26, 42, 407, 0, 31, 273, 9799 }, // U+0137
    { 26, 21, 416, 1, 21, 137, 10072 }, // U+0138
    { 23, 35, 398, 1, 35, 202, 10209 }, // U+0139
    { 14, 39, 207, 0, 39, 137, 10411 }, // U+013A
    { 23, 37, 398, 1, 27, 213, 10548 }, // U+013B
    { 13, 41, 207, 0, 30, 134, 10761 }, // U+013C
    { 23, 27, 399, 1, 27, 156, 10895 }, // U+013D
    { 18, 31, 207, 0, 31, 140, 11051 }, // U+013E
    { 23, 27, 400, 1, 27, 156, 11191 }, // U+013F
    { 18, 30, 249, 0, 30, 135, 11347 }, // U+0140
    { 24, 27, 419, 2, 27, 162, 11482 }, // U+0141
    { 14, 30, 234, 0, 30, 105, 11644 }, // U+0142
    { 30, 35, 502, 1, 35, 263, 11749 }, // U+0143
    { 25, 30, 415, 1, 30, 188, 12012 }, // U+0144
    { 30, 37, 502, 1, 27, 278, 12200 }, // U+0145
    { 25, 31, 415, 1, 20, 194, 12478 }, // U+0146
    { 30, 35, 502, 1, 35, 263, 12672 }, // U+0147
    { 25, 30, 415, 1, 30, 188, 12935 }, // U+0148
    { 30, 36, 502, 1, 27, 270, 13123 }, // U+014A
    { 22, 30, 402, 1, 20, 165, 13393 }, // U+014B
    { 28, 34, 484, 1, 34, 238, 13558 }, // U+014C
    { 21, 29, 368, 1, 29, 153, 13796 }, // U+014D
    { 28, 35, 484, 1, 35, 245, 13949 }, // U+014E
    { 21, 30, 368, 1, 30, 158, 14194 }, // U+014F
    { 28, 35, 484, 1, 35, 245, 14352 }, // U+0150
    { 21, 30, 368, 1, 30, 158, 14597 }, // U+0151
    { 41, 27, 676, 1, 27, 277, 14755 }, // U+0152
    { 34, 20, 564, 1, 20, 170, 15032 }, // U+0153
    { 29, 35, 463, 1, 35, 254, 15202 }, // U+0154
    { 19, 30, 316, 1, 30, 143, 15456 }, // U+0155
    { 29, 37, 463, 1, 27, 269, 15599 }, // U+0156
    { 19, 31, 316, 1, 20, 148, 15868 }, // U+0157
    { 29, 35, 463, 1, 35, 254, 16016 }, // U+0158
    { 19, 30, 316, 1, 30, 143, 16270 }, // U+0159
    { 21, 35, 388, 2, 35, 184, 16413 }, // U+015A
    { 18, 30, 310, 1, 30, 135, 16597 }, // U+015B
    { 21, 35, 388, 2, 35, 184, 16732 }, // U+015C
    { 18, 30, 310, 1, 30, 135, 16916 }, // U+015D
    { 21, 37, 388, 2, 28, 195, 17051 }, // U+015E
    { 18, 30, 310, 1, 20, 135, 17246 }, // U+015F
    { 21, 35, 388, 2, 35, 184, 17381 }, // U+0160
    { 18, 30, 310, 1, 30, 135, 17565 }, // U+0161
    { 26, 36, 450, 1, 27, 234, 17700 }, // U+0162
    { 18, 37, 279, 0, 27, 167, 17934 }, // U+0163
    { 26, 35, 450, 1, 35, 228, 18101 }, // U+0164
    { 19, 32, 282, 0, 32, 152, 18329 }, // U+0165
    { 28, 28, 451, 0, 28, 196, 18481 }, // U+0166
    { 18, 26, 283, 0, 26, 117, 18677 }, // U+0167
    { 31, 35, 490, 0, 35, 272, 18794 }, // U+0168
    { 25, 30, 399, 0, 30, 188, 19066 }, // U+0169
    { 31, 34, 490, 0, 34, 264, 19254 }, // U+016A
    { 25, 29, 399, 0, 29, 182, 19518 }, // U+016B
    { 31, 35, 490, 0, 35, 272, 19700 }, // U+016C
    { 25, 30, 399, 0, 30, 188, 19972 }, // U+016D
    { 31, 36, 490, 0, 36, 279, 20160 }, // U+016E
    { 25, 31, 399, 0, 31, 194, 20439 }, // U+016F
    { 31, 35, 490, 0, 35, 272, 20633 }, // U+0170
    { 25, 30, 399, 0, 30, 188, 20905 }, // U+0171
    { 31, 36, 490, 0, 27, 279, 21093 }, // U+0172
    { 25, 30, 399, 0, 20, 188, 21372 }, // U+0173
    { 43, 35, 667, 0, 35, 377, 21560 }, // U+0174
    { 34, 29, 533, 0, 29, 247, 21937 }, // U+0175
    { 29, 35, 464, 0, 35, 254, 22184 }, // U+0176
    { 24, 39, 383, 0, 30, 234, 22438 }, // U+0177
    { 29, 35, 464, 0, 35, 254, 22672 }, // U+0178
    { 24, 35, 416, 2, 35, 210, 22926 }, // U+0179
    { 19, 30, 327, 1, 30, 143, 23136 }, // U+017A
    { 24, 34, 416, 2, 34, 204, 23279 }, // U+017B
    { 19, 30, 327, 1, 30, 143, 23483 }, // U+017C
    { 24, 35, 416, 2, 35, 210, 23626 }, // U+017D
    { 19, 30, 327, 1, 30, 143, 23836 }, // U+017E
    { 28, 33, 488, 1, 33, 231, 0 }, // U+01A0
    { 22, 27, 375, 1, 27, 149, 231 }, // U+01A1
    { 34, 33, 502, 0, 33, 281, 380 }, // U+01AF
    { 28, 27, 412, 0, 27, 189, 661 }, // U+01B0
    { 55, 35, 896, 1, 35, 482, 850 }, // U+01C4
    { 50, 28, 800, 1, 28, 350, 1332 }, // U+01C5
    { 44, 30, 721, 1, 30, 330, 1682 }, // U+01C6
    { 45, 27, 732, 1, 27, 304, 2012 }, // U+01C7
    { 34, 40, 582, 1, 31, 340, 2316 }, // U+01C8
    { 23, 40, 398, 0, 31, 230, 2656 }, // U+01C9
    { 51, 27, 836, 1, 27, 345, 2886 }, // U+01CA
    { 40, 40, 686, 1, 31, 400, 3231 }, // U+01CB
    { 35, 40, 611, 1, 31, 350, 3631 }, // U+01CC
    { 31, 35, 493, 0, 35, 272, 3981 }, // U+01CD
    { 22, 30, 353, 1, 30, 165, 4253 }, // U+01CE
    { 14, 35, 255, 1, 35, 123, 4418 }, // U+01CF
    { 15, 30, 216, -1, 30, 113, 4541 }, // U+01D0
    { 28, 35, 484, 1, 35, 245, 4654 }, // U+01D1
    { 21, 30, 368, 1, 30, 158, 4899 }, // U+01D2
    { 31, 35, 490, 0, 35, 272, 5057 }, // U+01D3
    { 25, 30, 399, 0, 30, 188, 5329 }, // U+01D4
    { 31, 41, 490, 0, 41, 318, 5517 }, // U+01D5
    { 25, 36, 399, 0, 36, 225, 5835 }, // U+01D6
    { 31, 42, 490, 0, 42, 326, 6060 }, // U+01D7
    { 25, 37, 399, 0, 37, 232, 6386 }, // U+01D8
    { 31, 42, 490, 0, 42, 326, 6618 }, // U+01D9
    { 25, 37, 399, 0, 37, 232, 6944 }, // U+01DA
    { 31, 42, 490, 0, 42, 326, 7176 }, // U+01DB
    { 25, 37, 399, 0, 37, 232, 7502 }, // U+01DC
    { 31, 41, 493, 0, 41, 318, 7734 }, // U+01DE
    { 22, 36, 353, 1, 36, 198, 8052 }, // U+01DF
    { 31, 41, 493, 0, 41, 318, 8250 }, // U+01E0
    { 22, 36, 353, 1, 36, 198, 8568 }, // U+01E1
    { 43, 34, 679, -1, 34, 366, 8766 }, // U+01E2
    { 31, 29, 520, 1, 29, 225, 9132 }, // U+01E3
    { 25, 35, 456, 1, 35, 219, 9357 }, // U+01E6
    { 22, 39, 354, 0, 30, 215, 9576 }, // U+01E7
    { 31, 35, 495, 1, 35, 272, 9791 }, // U+01E8
    { 26, 38, 407, 0, 38, 247, 10063 }, // U+01E9
    { 28, 36, 484, 1, 27, 252, 10310 }, // U+01EA
    { 21, 30, 368, 1, 20, 158, 10562 }, // U+01EB
    { 28, 44, 484, 1, 34, 308, 10720 }, // U+01EC
    { 21, 39, 368, 1, 29, 205, 11028 }, // U+01ED
    { 15, 40, 200, -1, 30, 150, 11233 }, // U+01F0
    { 25, 35, 479, 1, 35, 219, 11383 }, // U+01F4
    { 22, 39, 354, 0, 30, 215, 11602 }, // U+01F5
    { 30, 35, 502, 1, 35, 263, 11817 }, // U+01F8
    { 25, 30, 415, 1, 30, 188, 12080 }, // U+01F9
    { 31, 43, 493, 0, 43, 334, 12268 }, // U+01FA
    { 22, 39, 353, 1, 39, 215, 12602 }, // U+01FB
    { 43, 35, 679, -1, 35, 377, 12817 }, // U+01FC
    { 31, 30, 520, 1, 30, 233, 13194 }, // U+01FD
    { 29, 35, 494, 1, 35, 254, 13427 }, // U+01FE
    { 22, 30, 378, 1, 30, 165, 13681 }, // U+01FF
    { 31, 35, 493, 0, 35, 272, 13846 }, // U+0200
    { 23, 30, 353, 0, 30, 173, 14118 }, // U+0201
    { 31, 36, 493, 0, 36, 279, 14291 }, // U+0202
    { 22, 30, 353, 1, 30, 165, 14570 }, // U+0203
    { 25, 35, 427, 1, 35, 219, 14735 }, // U+0204
    { 20, 30, 336, 0, 30, 150, 14954 }, // U+0205
    { 25, 36, 427, 1, 36, 225, 15104 }, // U+0206
    { 19, 30, 336, 1, 30, 143, 15329 }, // U+0207
    { 17, 35, 255, -2, 35, 149, 15472 }, // U+0208
    { 17, 30, 216, -4, 30, 128, 15621 }, // U+0209
    { 14, 36, 255, 1, 36, 126, 15749 }, // U+020A
    { 13, 30, 216, 0, 30, 98, 15875 }, // U+020B
    { 28, 35, 484, 1, 35, 245, 15973 }, // U+020C
    { 21, 30, 368, 1, 30, 158, 16218 }, // U+020D
    { 28, 36, 484, 1, 36, 252, 16376 }, // U+020E
    { 21, 30, 368, 1, 30, 158, 16628 }, // U+020F
    { 29, 35, 463, 1, 35, 254, 16786 }, // U+0210
    { 21, 30, 316, -1, 30, 158, 17040 }, // U+0211
    { 29, 36, 463, 1, 36, 261, 17198 }, // U+0212
    { 19, 30, 316, 1, 30, 143, 17459 }, // U+0213
    { 31, 35, 490, 0, 35, 272, 17602 }, // U+0214
    { 25, 30, 399, 0, 30, 188, 17874 }, // U+0215
    { 31, 36, 490, 0, 36, 279, 18062 }, // U+0216
    { 25, 30, 399, 0, 30, 188, 18341 }, // U+0217
    { 21, 37, 388, 2, 27, 195, 18529 }, // U+0218
    { 18, 31, 310, 1, 20, 140, 18724 }, // U+0219
    { 26, 37, 450, 1, 27, 241, 18864 }, // U+021A
    { 18, 38, 282, 0, 27, 171, 19105 }, // U+021B
    { 31, 35, 530, 1, 35, 272, 19276 }, // U+021E
    { 25, 38, 406, 0, 38, 238, 19548 }, // U+021F
    { 10, 7, 0, -8, 28, 18, 0 }, // U+0300
    { 10, 7, 0, -2, 28, 18, 18 }, // U+0301
    { 14, 7, 0, -7, 28, 25, 36 }, // U+0302
    { 14, 6, 0, -7, 27, 21, 61 }, // U+0303
    { 12, 3, 0, -6, 26, 9, 82 }, // U+0304
    { 12, 7, 0, -6, 28, 21, 91 }, // U+0306
    { 8, 5, 0, -4, 27, 10, 112 }, // U+0307
    { 14, 5, 0, -7, 27, 18, 122 }, // U+0308
    { 9, 8, 0, -4, 28, 18, 140 }, // U+0309
    { 8, 7, 0, -4, 28, 14, 158 }, // U+030A
    { 15, 6, 0, -5, 27, 23, 172 }, // U+030B
    { 14, 7, 0, -7, 28, 25, 195 }, // U+030C
    { 15, 6, 0, -10, 27, 23, 220 }, // U+030F
    { 12, 6, 0, -6, 27, 18, 243 }, // U+0311
    { 6, 8, 0, -3, 29, 12, 261 }, // U+0312
    { 10, 8, 0, -2, 25, 20, 273 }, // U+031B
    { 8, 5, 0, -4, -2, 10, 293 }, // U+0323
    { 14, 5, 0, -7, -2, 18, 303 }, // U+0324
    { 6, 8, 0, -3, -2, 12, 321 }, // U+0326
    { 9, 10, 0, -5, 1, 23, 333 }, // U+0327
    { 9, 11, 0, -8, 2, 25, 356 }, // U+0328
    { 12, 7, 0, -6, 0, 21, 381 }, // U+032E
    { 12, 3, 0, -6, -3, 9, 402 }, // U+0331
    { 14, 2, 0, -7, 23, 7, 411 }, // U+0335
    { 31, 34, 493, 0, 27, 264, 0 }, // U+1EA0
    { 22, 28, 353, 1, 20, 154, 264 }, // U+1EA1
    { 31, 36, 493, 0, 36, 279, 418 }, // U+1EA2
    { 22, 31, 353, 1, 31, 171, 697 }, // U+1EA3
    { 31, 38, 493, 0, 38, 295, 868 }, // U+1EA4
    { 24, 33, 353, 1, 33, 198, 1163 }, // U+1EA5
    { 31, 38, 493, 0, 38, 295, 1361 }, // U+1EA6
    { 26, 33, 353, -3, 33, 215, 1656 }, // U+1EA7
    { 31, 40, 493, 0, 40, 310, 1871 }, // U+1EA8
    { 22, 35, 353, 1, 35, 193, 2181 }, // U+1EA9
    { 31, 38, 493, 0, 38, 295, 2374 }, // U+1EAA
    { 22, 33, 353, 1, 33, 182, 2669 }, // U+1EAB
    { 31, 42, 493, 0, 35, 326, 2851 }, // U+1EAC
    { 22, 38, 353, 1, 30, 209, 3177 }, // U+1EAD
    { 31, 37, 493, 0, 37, 287, 3386 }, // U+1EAE
    { 22, 32, 353, 1, 32, 176, 3673 }, // U+1EAF
    { 31, 37, 493, 0, 37, 287, 3849 }, // U+1EB0
    { 22, 32, 353, 1, 32, 176, 4136 }, // U+1EB1
    { 31, 38, 493, 0, 38, 295, 4312 }, // U+1EB2
    { 22, 34, 353, 1, 34, 187, 4607 }, // U+1EB3
    { 31, 37, 493, 0, 37, 287, 4794 }, // U+1EB4
    { 22, 33, 353, 1, 33, 182, 5081 }, // U+1EB5
    { 31, 42, 493, 0, 35, 326, 5263 }, // U+1EB6
    { 22, 38, 353, 1, 30, 209, 5589 }, // U+1EB7
    { 25, 34, 427, 1, 27, 213, 5798 }, // U+1EB8
    { 19, 28, 336, 1, 20, 133, 6011 }, // U+1EB9
    { 25, 36, 427, 1, 36, 225, 6144 }, // U+1EBA
    { 19, 31, 336, 1, 31, 148, 6369 }, // U+1EBB
    { 25, 35, 427, 1, 35, 219, 6517 }, // U+1EBC
    { 19, 30, 336, 1, 30, 143, 6736 }, // U+1EBD
    { 25, 38, 427, 1, 38, 238, 6879 }, // U+1EBE
    { 24, 33, 336, 1, 33, 198, 7117 }, // U+1EBF
    { 27, 38, 427, -1, 38, 257, 7315 }, // U+1EC0
    { 23, 33, 336, -3, 33, 190, 7572 }, // U+1EC1
    { 25, 40, 427, 1, 40, 250, 7762 }, // U+1EC2
    { 22, 35, 336, 1, 35, 193, 8012 }, // U+1EC3
    { 25, 38, 427, 1, 38, 238, 8205 }, // U+1EC4
    { 19, 33, 336, 1, 33, 157, 8443 }, // U+1EC5
    { 25, 42, 427, 1, 35, 263, 8600 }, // U+1EC6
    { 19, 38, 336, 1, 30, 181, 8863 }, // U+1EC7
    { 14, 36, 255, 1, 36, 126, 9044 }, // U+1EC8
    { 12, 31, 216, 1, 31, 93, 9170 }, // U+1EC9
    { 14, 34, 255, 1, 27, 119, 9263 }, // U+1ECA
    { 12, 39, 216, 1, 31, 117, 9382 }, // U+1ECB
    { 28, 34, 484, 1, 27, 238, 9499 }, // U+1ECC
    { 21, 28, 368, 1, 20, 147, 9737 }, // U+1ECD
    { 28, 36, 484, 1, 36, 252, 9884 }, // U+1ECE
    { 21, 31, 368, 1, 31, 163, 10136 }, // U+1ECF
    { 28, 38, 484, 1, 38, 266, 10299 }, // U+1ED0
    { 25, 33, 368, 1, 33, 207, 10565 }, // U+1ED1
    { 28, 38, 484, 1, 38, 266, 10772 }, // U+1ED2
    { 24, 33, 368, -2, 33, 198, 11038 }, // U+1ED3
    { 28, 40, 484, 1, 40, 280, 11236 }, // U+1ED4
    { 23, 35, 368, 1, 35, 202, 11516 }, // U+1ED5
    { 28, 38, 484, 1, 38, 266, 11718 }, // U+1ED6
    { 21, 33, 368, 1, 33, 174, 11984 }, // U+1ED7
    { 28, 42, 484, 1, 35, 294, 12158 }, // U+1ED8
    { 21, 38, 368, 1, 30, 200, 12452 }, // U+1ED9
    { 28, 35, 488, 1, 35, 245, 12652 }, // U+1EDA
    { 22, 30, 375, 1, 30, 165, 12897 }, // U+1EDB
    { 28, 35, 488, 1, 35, 245, 13062 }, // U+1EDC
    { 22, 30, 375, 1, 30, 165, 13307 }, // U+1EDD
    { 28, 36, 488, 1, 36, 252, 13472 }, // U+1EDE
    { 22, 31, 375, 1, 31, 171, 13724 }, // U+1EDF
    { 28, 35, 488, 1, 35, 245, 13895 }, // U+1EE0
    { 22, 30, 375, 1, 30, 165, 14140 }, // U+1EE1
    { 28, 40, 488, 1, 33, 280, 14305 }, // U+1EE2
    { 22, 35, 375, 1, 27, 193, 14585 }, // U+1EE3
    { 31, 34, 490, 0, 27, 264, 14778 }, // U+1EE4
    { 25, 28, 399, 0, 20, 175, 15042 }, // U+1EE5
    { 31, 36, 490, 0, 36, 279, 15217 }, // U+1EE6
    { 25, 31, 399, 0, 31, 194, 15496 }, // U+1EE7
    { 34, 35, 502, 0, 35, 298, 15690 }, // U+1EE8
    { 28, 30, 412, 0, 30, 210, 15988 }, // U+1EE9
    { 34, 35, 502, 0, 35, 298, 16198 }, // U+1EEA
    { 28, 30, 412, 0, 30, 210, 16496 }, // U+1EEB
    { 34, 36, 502, 0, 36, 306, 16706 }, // U+1EEC
    { 28, 31, 412, 0, 31, 217, 17012 }, // U+1EED
    { 34, 35, 502, 0, 35, 298, 17229 }, // U+1EEE
    { 28, 30, 412, 0, 30, 210, 17527 }, // U+1EEF
    { 34, 40, 502, 0, 33, 340, 17737 }, // U+1EF0
    { 28, 35, 412, 0, 27, 245, 18077 }, // U+1EF1
    { 29, 35, 464, 0, 35, 254, 18322 }, // U+1EF2
    { 24, 39, 383, 0, 30, 234, 18576 }, // U+1EF3
    { 29, 34, 464, 0, 27, 247, 18810 }, // U+1EF4
    { 24, 30, 383, 0, 20, 180, 19057 }, // U+1EF5
    { 29, 36, 464, 0, 36, 261, 19237 }, // U+1EF6
    { 24, 40, 383, 0, 31, 240, 19498 }, // U+1EF7
    { 29, 35, 464, 0, 35, 254, 19738 }, // U+1EF8
    { 24, 39, 383, 0, 30, 234, 19992 }, // U+1EF9
    { 11, 4, 237, 2, 11, 11, 0 }, // U+2010
    { 16, 3, 304, 2, 11, 12, 11 }, // U+2013
    { 22, 3, 398, 2, 11, 17, 23 }, // U+2014
    { 9, 12, 166, 1, 27, 27, 40 }, // U+2018
    { 9, 12, 166, 1, 27, 27, 67 }, // U+2019
    { 8, 12, 166, 1, 7, 24, 94 }, // U+201A
    { 17, 12, 302, 1, 27, 51, 118 }, // U+201C
    { 17, 12, 301, 1, 27, 51, 169 }, // U+201D
    { 17, 12, 301, 1, 7, 51, 220 }, // U+201E
    { 13, 15, 240, 1, 28, 49, 271 }, // U+2020
    { 12, 15, 251, 2, 28, 45, 320 }, // U+2021
    { 12, 12, 268, 2, 16, 36, 365 }, // U+2022
    { 27, 7, 465, 1, 7, 48, 401 }, // U+2026
    { 47, 27, 766, 1, 27, 318, 449 }, // U+2030
    { 7, 11, 150, 2, 27, 20, 767 }, // U+2032
    { 15, 11, 271, 2, 27, 42, 787 }, // U+2033
    { 11, 19, 210, 1, 19, 53, 829 }, // U+2039
    { 12, 19, 218, 1, 19, 57, 882 }, // U+203A
    { 21, 27, 46, -9, 27, 142, 939 }, // U+2044
    { 28, 27, 469, 1, 27, 189, 1081 }, // U+2052
    { 14, 15, 255, 1, 27, 53, 0 }, // U+2070
    { 15, 15, 246, 0, 27, 57, 53 }, // U+2074
    { 20, 35, 367, 2, 30, 175, 0 }, // U+20A1
    { 22, 27, 403, 2, 27, 149, 175 }, // U+20A3
    { 23, 27, 404, 1, 27, 156, 324 }, // U+20A4
    { 27, 27, 459, 1, 27, 183, 480 }, // U+20A6
    { 32, 27, 556, 2, 27, 216, 663 }, // U+20A7
    { 29, 27, 492, 1, 27, 196, 879 }, // U+20A9
    { 24, 36, 415, 1, 29, 216, 1075 }, // U+20AB
    { 26, 27, 444, 1, 27, 176, 1291 }, // U+20AC
    { 27, 27, 454, 1, 27, 183, 1467 }, // U+20AD
    { 25, 27, 452, 2, 27, 169, 1650 }, // U+20B1
    { 22, 35, 399, 2, 31, 193, 1819 }, // U+20B2
    { 18, 27, 334, 2, 27, 122, 2012 }, // U+20B5
    { 20, 27, 374, 2, 27, 135, 2134 }, // U+20B9
    { 21, 27, 397, 2, 27, 142, 2269 }, // U+20BA
    { 22, 27, 387, 1, 27, 149, 2411 }, // U+20BC
    { 23, 27, 407, 2, 27, 156, 2560 }, // U+20BD
    { 16, 4, 315, 2, 12, 16, 0 }, // U+2212
    { 21, 27, 46, -9, 27, 142, 16 }, // U+2215
    { 12, 12, 315, 4, 16, 36, 158 }, // U+2219
    { 16, 15, 315, 2, 17, 60, 194 }, // U+2248
    { 16, 19, 315, 2, 19, 76, 254 }, // U+2260
    { 18, 20, 315, 1, 20, 90, 330 }, // U+2264
    { 18, 20, 315, 1, 20, 90, 420 }, // U+2265
    { 35, 31, 487, 0, 31, 272, 0 }, // U+FB00
    { 27, 31, 431, 0, 31, 210, 272 }, // U+FB01
    { 27, 31, 431, 0, 31, 210, 482 }, // U+FB02
    { 40, 31, 639, 0, 31, 310, 692 }, // U+FB03
    { 40, 31, 640, 0, 31, 310, 1002 }, // U+FB04
};

static const EpdUnicodeInterval libron_18_boldIntervals[] = {
    { 0x20, 0x7E, 0x0 },
    { 0xA0, 0x131, 0x5F },
    { 0x134, 0x148, 0xF1 },
    { 0x14A, 0x17E, 0x106 },
    { 0x1A0, 0x1A1, 0x13B },
    { 0x1AF, 0x1B0, 0x13D },
    { 0x1C4, 0x1DC, 0x13F },
    { 0x1DE, 0x1E3, 0x158 },
    { 0x1E6, 0x1ED, 0x15E },
    { 0x1F0, 0x1F0, 0x166 },
    { 0x1F4, 0x1F5, 0x167 },
    { 0x1F8, 0x21B, 0x169 },
    { 0x21E, 0x21F, 0x18D },
    { 0x300, 0x304, 0x18F },
    { 0x306, 0x30C, 0x194 },
    { 0x30F, 0x30F, 0x19B },
    { 0x311, 0x312, 0x19C },
    { 0x31B, 0x31B, 0x19E },
    { 0x323, 0x324, 0x19F },
    { 0x326, 0x328, 0x1A1 },
    { 0x32E, 0x32E, 0x1A4 },
    { 0x331, 0x331, 0x1A5 },
    { 0x335, 0x335, 0x1A6 },
    { 0x1EA0, 0x1EF9, 0x1A7 },
    { 0x2010, 0x2010, 0x201 },
    { 0x2013, 0x2014, 0x202 },
    { 0x2018, 0x201A, 0x204 },
    { 0x201C, 0x201E, 0x207 },
    { 0x2020, 0x2022, 0x20A },
    { 0x2026, 0x2026, 0x20D },
    { 0x2030, 0x2030, 0x20E },
    { 0x2032, 0x2033, 0x20F },
    { 0x2039, 0x203A, 0x211 },
    { 0x2044, 0x2044, 0x213 },
    { 0x2052, 0x2052, 0x214 },
    { 0x2070, 0x2070, 0x215 },
    { 0x2074, 0x2074, 0x216 },
    { 0x20A1, 0x20A1, 0x217 },
    { 0x20A3, 0x20A4, 0x218 },
    { 0x20A6, 0x20A7, 0x21A },
    { 0x20A9, 0x20A9, 0x21C },
    { 0x20AB, 0x20AD, 0x21D },
    { 0x20B1, 0x20B2, 0x220 },
    { 0x20B5, 0x20B5, 0x222 },
    { 0x20B9, 0x20BA, 0x223 },
    { 0x20BC, 0x20BD, 0x225 },
    { 0x2212, 0x2212, 0x227 },
    { 0x2215, 0x2215, 0x228 },
    { 0x2219, 0x2219, 0x229 },
    { 0x2248, 0x2248, 0x22A },
    { 0x2260, 0x2260, 0x22B },
    { 0x2264, 0x2265, 0x22C },
    { 0xFB00, 0xFB04, 0x22E },
};

static const EpdFontGroup libron_18_boldGroups[] = {
    { 0, 4704, 13453, 95, 0 },
    { 4704, 3970, 16304, 96, 95 },
    { 8674, 4941, 25844, 124, 191 },
    { 13615, 4362, 21012, 84, 315 },
    { 17977, 303, 473, 24, 399 },
    { 18280, 2981, 21278, 90, 423 },
    { 21261, 638, 1363, 20, 513 },
    { 21899, 95, 120, 2, 533 },
    { 21994, 1094, 2869, 16, 535 },
    { 23088, 237, 550, 7, 551 },
    { 23325, 302, 1333, 5, 558 },
};

static const uint16_t libron_18_boldKernLeftCodepoints[] = {
    0x0020, 0x0022, 0x0026, 0x0027, 0x0028, 0x0029, 0x002A, 0x002C, 0x002D, 0x002E, 0x002F, 0x0030,
    0x0031, 0x0032, 0x0033, 0x0034, 0x0035, 0x0036, 0x0037, 0x0038, 0x0039, 0x003A, 0x003B, 0x003F,
    0x0040, 0x0041, 0x0042, 0x0043, 0x0044, 0x0045, 0x0046, 0x0047, 0x0048, 0x0049, 0x004A, 0x004B,
    0x004C, 0x004D, 0x004E, 0x004F, 0x0050, 0x0051, 0x0052, 0x0053, 0x0054, 0x0055, 0x0056, 0x0057,
    0x0058, 0x0059, 0x005A, 0x005B, 0x005C, 0x005D, 0x005F, 0x0061, 0x0062, 0x0063, 0x0064, 0x0065,
    0x0066, 0x0067, 0x0068, 0x0069, 0x006A, 0x006B, 0x006C, 0x006D, 0x006E, 0x006F, 0x0070, 0x0071,
    0x0072, 0x0073, 0x0074, 0x0075, 0x0076, 0x0077, 0x0078, 0x0079, 0x007A, 0x007B, 0x007D, 0x00A0,
    0x00A1, 0x00A3, 0x00A4, 0x00A5, 0x00A9, 0x00AA, 0x00AB, 0x00AD, 0x00AE, 0x00B0, 0x00B2, 0x00B3,
    0x00B7, 0x00BA, 0x00BB, 0x00BF, 0x00C0, 0x00C1, 0x00C2, 0x00C3, 0x00C4, 0x00C5, 0x00C6, 0x00C7,
    0x00C8, 0x00C9, 0x00CA, 0x00CB, 0x00CC, 0x00CD, 0x00CE, 0x00CF, 0x00D0, 0x00D1, 0x00D2, 0x00D3,
    0x00D4, 0x00D5, 0x00D6, 0x00D8, 0x00D9, 0x00DA, 0x00DB, 0x00DC, 0x00DD, 0x00DE, 0x00DF, 0x00E0,
    0x00E1, 0x00E2, 0x00E3, 0x00E4, 0x00E5, 0x00E6, 0x00E7, 0x00E8, 0x00E9, 0x00EA, 0x00EB, 0x00EC,
    0x00ED, 0x00EE, 0x00EF, 0x00F0, 0x00F1, 0x00F2, 0x00F3, 0x00F4, 0x00F5, 0x00F6, 0x00F8, 0x00F9,
    0x00FA, 0x00FB, 0x00FC, 0x00FD, 0x00FE, 0x00FF, 0x0100, 0x0101, 0x0102, 0x0103, 0x0104, 0x0105,
    0x0106, 0x0107, 0x0108, 0x0109, 0x010A, 0x010B, 0x010C, 0x010D, 0x010E, 0x010F, 0x0110, 0x0111,
    0x0112, 0x0113, 0x0114, 0x0115, 0x0116, 0x0117, 0x0118, 0x0119, 0x011A, 0x011B, 0x011C, 0x011D,
    0x011E, 0x011F, 0x0120, 0x0121, 0x0122, 0x0123, 0x0124, 0x0125, 0x0126, 0x0127, 0x0128, 0x0129,
    0x012A, 0x012B, 0x012C, 0x012D, 0x012E, 0x012F, 0x0130, 0x0131, 0x0134, 0x0135, 0x0136, 0x0137,
    0x0138, 0x0139, 0x013A, 0x013B, 0x013C, 0x013D, 0x013E, 0x013F, 0x0141, 0x0142, 0x0143, 0x0144,
    0x0145, 0x0146, 0x0147, 0x0148, 0x014A, 0x014B, 0x014C, 0x014D, 0x014E, 0x014F, 0x0150, 0x0151,
    0x0152, 0x0153, 0x0154, 0x0155, 0x0156, 0x0157, 0x0158, 0x0159, 0x015A, 0x015B, 0x015C, 0x015D,
    0x015E, 0x015F, 0x0160, 0x0161, 0x0162, 0x0163, 0x0164, 0x0165, 0x0166, 0x0167, 0x0168, 0x0169,
    0x016A, 0x016B, 0x016C, 0x016D, 0x016E, 0x016F, 0x0170, 0x0171, 0x0172, 0x0173, 0x0174, 0x0175,
    0x0176, 0x0177, 0x0178, 0x0179, 0x017A, 0x017B, 0x017C, 0x017D, 0x017E, 0x01A0, 0x01A1, 0x01AF,
    0x01B0, 0x01C4, 0x01C5, 0x01C6, 0x01C7, 0x01C8, 0x01C9, 0x01CA, 0x01CB, 0x01CC, 0x01E6, 0x01E7,
    0x01EA, 0x01EB, 0x01FA, 0x01FB, 0x01FC, 0x01FD, 0x01FE, 0x01FF, 0x0200, 0x0201, 0x0202, 0x0203,
    0x0204, 0x0205, 0x0206, 0x0207, 0x0208, 0x0209, 0x020A, 0x020B, 0x020C, 0x020D, 0x020E, 0x020F,
    0x0210, 0x0211, 0x0212, 0x0213, 0x0214, 0x0215, 0x0216, 0x0217, 0x0218, 0x0219, 0x021A, 0x021B,
    0x1EA0, 0x1EA1, 0x1EA2, 0x1EA3, 0x1EA4, 0x1EA5, 0x1EA6, 0x1EA7, 0x1EA8, 0x1EA9, 0x1EAA, 0x1EAB,
    0x1EAC, 0x1EAD, 0x1EAE, 0x1EAF, 0x1EB0, 0x1EB1, 0x1EB2, 0x1EB3, 0x1EB4, 0x1EB5, 0x1EB6, 0x1EB7,
    0x1EB8, 0x1EB9, 0x1EBA, 0x1EBB, 0x1EBC, 0x1EBD, 0x1EBE, 0x1EBF, 0x1EC0, 0x1EC1, 0x1EC2, 0x1EC3,
    0x1EC4, 0x1EC5, 0x1EC6, 0x1EC7, 0x1EC8, 0x1EC9, 0x1ECA, 0x1ECB, 0x1ECC, 0x1ECD, 0x1ECE, 0x1ECF,
    0x1ED0, 0x1ED1, 0x1ED2, 0x1ED3, 0x1ED4, 0x1ED5, 0x1ED6, 0x1ED7, 0x1ED8, 0x1ED9, 0x1EDA, 0x1EDB,
    0x1EDC, 0x1EDD, 0x1EDE, 0x1EDF, 0x1EE0, 0x1EE1, 0x1EE2, 0x1EE3, 0x1EE4, 0x1EE5, 0x1EE6, 0x1EE7,
    0x1EE8, 0x1EE9, 0x1EEA, 0x1EEB, 0x1EEC, 0x1EED, 0x1EEE, 0x1EEF, 0x1EF0, 0x1EF1, 0x1EF2, 0x1EF3,
    0x1EF4, 0x1EF5, 0x1EF6, 0x1EF7, 0x1EF8, 0x1EF9, 0x2013, 0x2014, 0x2018, 0x2019, 0x201A, 0x201C,
    0x201D, 0x201E, 0x2022, 0x2026, 0x2032, 0x2033, 0x2039, 0x203A, 0x2052, 0x2070, 0x2074, 0x20A3,
    0x20AD, 0x20B1, 0x20B9, 0x20BA, 0x20BC, 0xFB00, 0xFB01, 0xFB02, 0xFB03, 0xFB04,
};

static const uint8_t libron_18_boldKernLeftClassIds[] = {
      1,   2,   3,   2,   4,   5,   6,   7,   8,   9,  10,  11,  12,  13,  14,  15,
     16,  17,  18,  19,  20,  21,  21,  22,  23,  24,  25,  26,  27,  28,  29,  30,
     31,  31,  32,  33,  34,  35,  36,  37,  38,  39,  40,  41,  42,  43,  44,  45,
     46,  47,  48,  49,  50,  51,  52,  53,  54,  55,  56,  57,  58,  59,  60,  61,
     62,  63,  64,  60,  60,  65,  54,  66,  67,  68,  69,  70,  71,  72,  73,  74,
     75,  76,  77,   1,  78,  79,  80,  81,  82,  83,  84,   8,  85,  86,  87,  88,
     89,  90,  91,  92,  24,  24,  24,  24,  24,  24,  28,  26,  28,  28,  28,  28,
     31,  93,  31,  31,  27,  36,  37,  37,  37,  37,  37,  94,  43,  43,  43,  43,
     47,  95,  96,  53,  97,  53,  53,  98,  53,  57,  55,  57,  99, 100, 101,  61,
    102, 103, 104, 105,  60,  65, 106,  65,  65,  65, 107,  70,  70,  70,  70,  74,
     54,  74,  24,  53,  24,  53, 108, 109,  26, 110,  26,  55,  26,  55,  26, 111,
     27, 112,  27, 113,  28,  57,  28,  57,  28,  57,  28,  57,  28, 114,  30,  59,
     30,  59,  30,  59,  30,  59,  31,  60, 115,  60,  31, 116,  31, 117,  31, 118,
     31,  61,  31,  61,  32, 119,  33,  63, 120,  34,  64,  34,  64, 121, 122,  34,
     34, 123,  36,  60,  36,  60,  36,  60,  36,  60,  37,  65,  37,  65,  37, 124,
     28,  57,  40, 125,  40,  67,  40, 126,  41, 127,  41, 128,  41,  68, 129, 130,
     42,  69,  42, 131, 132, 133,  43,  70,  43,  70,  43,  70,  43,  70,  43, 134,
     43,  70,  45,  72,  47,  74,  47,  48, 135,  48,  75,  48,  75, 136, 137, 138,
    139,  48,  75,  75,  32,  62,  62,  32,  62,  62,  30,  59,  37,  65,  24,  53,
     28,  57,  94, 140,  24,  53,  24,  53,  28,  57,  28, 100,  31, 141,  31, 142,
     37,  65,  37,  65,  40,  67,  40, 143,  43,  70,  43,  70,  41,  68,  42,  69,
     24,  53,  24,  53,  24, 144,  24,  53,  24, 145,  24,  53,  24,  53,  24,  53,
     24,  53,  24,  53,  24,  53,  24,  53,  28,  57,  28,  57,  28,  57,  28, 146,
     28, 100,  28, 147,  28, 100,  28, 100,  31, 148,  31,  61,  37,  65,  37,  65,
     37, 149,  37,  65,  37, 150,  37,  65,  37,  65, 136, 137, 136, 137, 136, 137,
    136, 137, 136, 137,  43,  70,  43,  70, 138, 139, 138, 139, 138, 139, 138, 139,
    151, 152,  47,  74,  47, 153,  47,  74,  47,  74, 154, 154, 155, 156, 157, 155,
    156, 158, 159,   9, 160, 160,  84,  91, 161, 162, 163, 164, 165, 166, 167, 168,
    169, 170, 171,  64, 171,  64,
};

static const uint16_t libron_18_boldKernRightCodepoints[] = {
    0x0020, 0x0021, 0x0022, 0x0026, 0x0027, 0x0028, 0x0029, 0x002A, 0x002C, 0x002D, 0x002E, 0x002F,
    0x0030, 0x0031, 0x0032, 0x0033, 0x0034, 0x0035, 0x0036, 0x0037, 0x0038, 0x0039, 0x003A, 0x003B,
    0x003F, 0x0040, 0x0041, 0x0042, 0x0043, 0x0044, 0x0045, 0x0046, 0x0047, 0x0048, 0x0049, 0x004A,
    0x004B, 0x004C, 0x004D, 0x004E, 0x004F, 0x0050, 0x0051, 0x0052, 0x0053, 0x0054, 0x0055, 0x0056,
    0x0057, 0x0058, 0x0059, 0x005A, 0x005C, 0x005D, 0x005F, 0x0061, 0x0062, 0x0063, 0x0064, 0x0065,
    0x0066, 0x0067, 0x0068, 0x0069, 0x006A, 0x006B, 0x006C, 0x006D, 0x006E, 0x006F, 0x0070, 0x0071,
    0x0072, 0x0073, 0x0074, 0x0075, 0x0076, 0x0077, 0x0078, 0x0079, 0x007A, 0x007B, 0x007C, 0x007D,
    0x00A0, 0x00A1, 0x00A4, 0x00A5, 0x00A6, 0x00A9, 0x00AA, 0x00AB, 0x00AD, 0x00AE, 0x00B0, 0x00B2,
    0x00B3, 0x00B7, 0x00B9, 0x00BA, 0x00BB, 0x00BF, 0x00C0, 0x00C1, 0x00C2, 0x00C3, 0x00C4, 0x00C5,
    0x00C6, 0x00C7, 0x00C8, 0x00C9, 0x00CA, 0x00CB, 0x00CC, 0x00CD, 0x00CE, 0x00CF, 0x00D0, 0x00D1,
    0x00D2, 0x00D3, 0x00D4, 0x00D5, 0x00D6, 0x00D8, 0x00D9, 0x00DA, 0x00DB, 0x00DC, 0x00DD, 0x00DE,
    0x00DF, 0x00E0, 0x00E1, 0x00E2, 0x00E3, 0x00E4, 0x00E5, 0x00E6, 0x00E7, 0x00E8, 0x00E9, 0x00EA,
    0x00EB, 0x00EC, 0x00ED, 0x00EE, 0x00EF, 0x00F0, 0x00F1, 0x00F2, 0x00F3, 0x00F4, 0x00F5, 0x00F6,
    0x00F8, 0x00F9, 0x00FA, 0x00FB, 0x00FC, 0x00FD, 0x00FE, 0x00FF, 0x0100, 0x0101, 0x0102, 0x0103,
    0x0104, 0x0105, 0x0106, 0x0107, 0x0108, 0x0109, 0x010A, 0x010B, 0x010C, 0x010D, 0x010E, 0x010F,
    0x0110, 0x0111, 0x0112, 0x0113, 0x0114, 0x0115, 0x0116, 0x0117, 0x0118, 0x0119, 0x011A, 0x011B,
    0x011C, 0x011D, 0x011E, 0x011F, 0x0120, 0x0121, 0x0122, 0x0123, 0x0124, 0x0125, 0x0126, 0x0127,
    0x0128, 0x0129, 0x012A, 0x012B, 0x012C, 0x012D, 0x012E, 0x012F, 0x0130, 0x0131, 0x0134, 0x0135,
    0x0136, 0x0137, 0x0138, 0x0139, 0x013A, 0x013B, 0x013C, 0x013D, 0x013E, 0x013F, 0x0140, 0x0141,
    0x0142, 0x0143, 0x0144, 0x0145, 0x0146, 0x0147, 0x0148, 0x014A, 0x014B, 0x014C, 0x014D, 0x014E,
    0x014F, 0x0150, 0x0151, 0x0152, 0x0153, 0x0154, 0x0155, 0x0156, 0x0157, 0x0158, 0x0159, 0x015A,
    0x015B, 0x015C, 0x015D, 0x015E, 0x015F, 0x0160, 0x0161, 0x0162, 0x0163, 0x0164, 0x0165, 0x0166,
    0x0167, 0x0168, 0x0169, 0x016A, 0x016B, 0x016C, 0x016D, 0x016E, 0x016F, 0x0170, 0x0171, 0x0172,
    0x0173, 0x0174, 0x0175, 0x0176, 0x0177, 0x0178, 0x0179, 0x017A, 0x017B, 0x017C, 0x017D, 0x017E,
    0x01A0, 0x01A1, 0x01AF, 0x01B0, 0x01C4, 0x01C5, 0x01C6, 0x01C7, 0x01C8, 0x01C9, 0x01CA, 0x01CB,
    0x01CC, 0x01E6, 0x01E7, 0x01EA, 0x01EB, 0x01FA, 0x01FB, 0x01FC, 0x01FD, 0x01FE, 0x01FF, 0x0200,
    0x0201, 0x0202, 0x0203, 0x0204, 0x0205, 0x0206, 0x0207, 0x0208, 0x0209, 0x020A, 0x020B, 0x020C,
    0x020D, 0x020E, 0x020F, 0x0210, 0x0211, 0x0212, 0x0213, 0x0214, 0x0215, 0x0216, 0x0217, 0x0218,
    0x0219, 0x021A, 0x021B, 0x1EA0, 0x1EA1, 0x1EA2, 0x1EA3, 0x1EA4, 0x1EA5, 0x1EA6, 0x1EA7, 0x1EA8,
    0x1EA9, 0x1EAA, 0x1EAB, 0x1EAC, 0x1EAD, 0x1EAE, 0x1EAF, 0x1EB0, 0x1EB1, 0x1EB2, 0x1EB3, 0x1EB4,
    0x1EB5, 0x1EB6, 0x1EB7, 0x1EB8, 0x1EB9, 0x1EBA, 0x1EBB, 0x1EBC, 0x1EBD, 0x1EBE, 0x1EBF, 0x1EC0,
    0x1EC1, 0x1EC2, 0x1EC3, 0x1EC4, 0x1EC5, 0x1EC6, 0x1EC7, 0x1EC8, 0x1EC9, 0x1ECA, 0x1ECB, 0x1ECC,
    0x1ECD, 0x1ECE, 0x1ECF, 0x1ED0, 0x1ED1, 0x1ED2, 0x1ED3, 0x1ED4, 0x1ED5, 0x1ED6, 0x1ED7, 0x1ED8,
    0x1ED9, 0x1EDA, 0x1EDB, 0x1EDC, 0x1EDD, 0x1EDE, 0x1EDF, 0x1EE0, 0x1EE1, 0x1EE2, 0x1EE3, 0x1EE4,
    0x1EE5, 0x1EE6, 0x1EE7, 0x1EE8, 0x1EE9, 0x1EEA, 0x1EEB, 0x1EEC, 0x1EED, 0x1EEE, 0x1EEF, 0x1EF0,
    0x1EF1, 0x1EF2, 0x1EF3, 0x1EF4, 0x1EF5, 0x1EF6, 0x1EF7, 0x1EF8, 0x1EF9, 0x2013, 0x2014, 0x2018,
    0x2019, 0x201A, 0x201C, 0x201D, 0x201E, 0x2020, 0x2021, 0x2022, 0x2026, 0x2032, 0x2033, 0x2039,
    0x203A, 0x2070, 0x2074, 0x20AB, 0x20B9, 0x20BC, 0xFB00, 0xFB01, 0xFB02, 0xFB03, 0xFB04,
};

static const uint8_t libron_18_boldKernRightClassIds[] = {
      1,   2,   3,   4,   3,   5,   6,   7,   8,   9,  10,  11,  12,  13,  14,  15,
     16,  17,  18,  19,  20,  21,  22,  23,  24,  25,  26,  27,  28,  27,  27,  27,
     28,  27,  27,  29,  27,  27,  30,  31,  28,  27,  28,  27,  32,  33,  34,  35,
     36,  37,  38,  39,  40,  41,  42,  43,  44,  45,  46,  45,  47,  48,  49,  50,
     51,  52,  53,  54,  54,  45,  55,  46,  54,  56,  57,  58,  59,  60,  61,  62,
     63,  64,  65,  66,   1,  67,  68,  69,  65,  70,  71,  72,   9,  73,  74,  75,
     76,  77,  78,  79,  80,  81,  26,  26,  26,  26,  26,  26,  82,  28,  27,  27,
     27,  27,  83,  27,  27,  27,  27,  31,  28,  28,  28,  28,  28,  84,  34,  34,
     34,  34,  38,  27,  85,  86,  43,  87,  88,  89,  90,  43,  45,  91,  45,  92,
     93,  94,  95,  96,  97,  98,  54,  99,  45, 100, 101, 102, 103, 104,  58,  58,
    105,  62, 106,  62,  26, 107,  26, 108,  26,  43,  28,  45,  28, 109,  28,  45,
     28, 110,  27,  46,  27,  46,  27, 111,  27, 112,  27,  45,  27,  45,  27, 113,
     28, 114,  28, 115,  28,  48,  28,  48,  27,  49, 116, 117, 118, 119,  27, 120,
     27, 121,  27, 122,  27, 123,  29, 124,  27, 125,  54,  27,  53,  27,  53,  27,
     53,  27,  53, 126, 127,  31,  54,  31,  54,  31, 128,  31,  54,  28, 129,  28,
    130,  28,  45,  28,  45,  27,  54,  27,  54,  27, 131,  32,  56,  32, 132,  32,
     56,  32, 133,  33,  57,  33, 134, 135, 136,  34,  58,  34,  58,  34, 137,  34,
     58,  34,  58,  34,  58,  36,  60,  38,  62,  38,  39, 138,  39,  63,  39, 139,
     28,  45,  34,  58,  27,  27,  46,  27,  27,  53,  31,  31,  54,  28, 140,  28,
     45,  26,  90,  82,  43,  84, 103,  26, 141,  26, 142,  27, 143,  27, 144,  27,
    145,  27, 146,  28, 147,  28,  45,  27, 148,  27, 149,  34, 150,  34,  58,  32,
     56,  33,  57,  26,  43,  26, 151,  26,  87,  26, 152,  26,  87,  26, 153,  26,
     87,  26, 154,  26, 155,  26, 154,  26, 156,  26, 108,  27,  45,  27, 157,  27,
    158,  27,  92,  27, 159,  27,  92,  27, 160,  27,  92,  27, 161,  27, 122,  28,
     45,  28,  45,  28, 100,  28, 162,  28, 100,  28, 163,  28, 100,  28,  45,  28,
     99,  28,  45,  28, 101,  28,  45,  34,  58,  34,  58,  34,  58,  34, 104,  34,
     58,  34,  58,  34,  58,  38, 164,  38,  62,  38,  62,  38,  62, 165, 165, 166,
    167, 168, 166, 167, 169, 170, 171, 172,  10, 173, 173,  72,  80, 174, 175,  68,
    176, 177,  85,  47,  47,  85,  85,
};

static const uint16_t libron_18_boldKernRowOffsets[] = {
        0,    32,   147,   197,   305,   312,   447,   501,   600,   654,   749,   771,   802,   816,   851,   882,
      898,   922,   954,   972,   998,  1018,  1026,  1052,  1167,  1247,  1306,  1397,  1468,  1603,  1661,  1762,
     1887,  2001,  2057,  2153,  2277,  2343,  2449,  2517,  2604,  2708,  2833,  2960,  3105,  3248,  3358,  3503,
     3596,  3686,  3706,  3708,  3719,  3757,  3803,  3866,  3900,  3937,  4078,  4193,  4228,  4254,  4266,  4360,
     4391,  4432,  4458,  4562,  4612,  4699,  4729,  4831,  4927,  5005,  5114,  5151,  5242,  5252,  5275,  5276,
     5277,  5286,  5304,  5307,  5405,  5459,  5464,  5472,  5487,  5576,  5577,  5681,  5812,  5914,  5980,  6049,
     6119,  6157,  6195,  6232,  6269,  6306,  6349,  6379,  6419,  6456,  6497,  6538,  6653,  6698,  6760,  6823,
     6930,  6966,  7003,  7105,  7143,  7171,  7208,  7226,  7320,  7376,  7443,  7453,  7494,  7599,  7703,  7752,
     7802,  7906,  7956,  8053,  8178,  8265,  8295,  8332,  8376,  8390,  8510,  8568,  8609,  8635,  8663,  8767,
     8808,  8856,  8901,  8946,  8972,  9021,  9069,  9190,  9249,  9358,  9457,  9576,  9701,  9756,  9811,  9828,
     9855,  9856,  9862,  9879,  9881,  9882,  9883,  9884,  9885,  9886, 10028, 10054,
};

static const uint8_t libron_18_boldKernSparseCols[] = {
      2,   6,   7,   9,  10,  23,  25,  28,  32,  34,  35,  36,  37,  39,  40,  41,
     56,  58,  59,  61,  72,  81, 133, 134, 135, 144, 163, 165, 166, 167, 168, 172,
      0,   3,   5,   7,   8,   9,  15,  16,  17,  21,  22,  25,  28,  30,  32,  33,
     34,  35,  36,  37,  40,  42,  43,  44,  45,  46,  47,  48,  51,  52,  53,  54,
     55,  56,  60,  62,  63,  65,  66,  71,  79,  80,  81,  84,  85,  86,  87,  88,
     89,  90,  91,  92,  93,  95,  96,  97,  98,  99, 100, 101, 102, 105, 106, 107,
    108, 109, 110, 111, 112, 113, 114, 116, 118, 119, 120, 123, 124, 126, 127, 128,
    129, 130, 131, 132, 133, 134, 135, 137, 138, 139, 140, 141, 142, 143, 144, 145,
    146, 147, 148, 149, 150, 151, 152, 153, 154, 155, 156, 157, 158, 159, 161, 162,
    164, 167, 168,   0,   2,   6,  25,  28,  29,  32,  33,  34,  35,  36,  37,  44,
     45,  48,  51,  52,  60,  65,  71,  81,  90,  91,  92,  97,  98,  99, 100, 101,
    102, 108, 109, 110, 111, 112, 116, 124, 125, 128, 129, 134, 142, 143, 146, 156,
    157, 158, 159, 161, 162,   2,   3,   4,   6,   7,   8,   9,  11,  15,  17,  19,
     21,  22,  27,  28,  34,  35,  36,  37,  42,  43,  44,  45,  46,  48,  51,  52,
     53,  54,  55,  56,  57,  58,  59,  61,  62,  63,  69,  71,  72,  79,  83,  84,
     85,  86,  87,  88,  89,  90,  91,  92,  93,  96,  97,  98,  99, 100, 101, 102,
    103, 104, 105, 106, 107, 108, 109, 110, 111, 112, 120, 124, 127, 128, 129, 130,
    131, 132, 133, 135, 136, 137, 138, 140, 141, 142, 143, 144, 146, 147, 148, 149,
    150, 151, 152, 153, 154, 155, 156, 157, 158, 159, 161, 162, 163, 164, 165, 167,
    168,   5,   7,   9,  40,  65, 167, 168,   0,   3,   4,   5,   7,   8,   9,  11,
     12,  15,  16,  17,  21,  22,  25,  26,  27,  28,  29,  30,  32,  34,  36,  37,
     40,  42,  44,  45,  46,  47,  48,  49,  50,  51,  52,  53,  54,  55,  56,  57,
     58,  59,  60,  62,  63,  65,  66,  71,  79,  80,  81,  82,  83,  84,  85,  86,
     87,  88,  89,  90,  91,  92,  93,  94,  95,  96,  97,  98,  99, 100, 101, 102,
    103, 104, 105, 106, 107, 108, 109, 110, 111, 112, 113, 114, 115, 116, 117, 118,
    119, 120, 121, 122, 123, 124, 125, 126, 127, 128, 129, 130, 131, 132, 133, 134,
    135, 136, 137, 138, 139, 140, 141, 142, 143, 144, 145, 146, 147, 148, 149, 150,
    151, 152, 153, 154, 155, 156, 157, 158, 159, 160, 161, 162, 164, 167, 168,   0,
      2,   4,   5,   6,   8,  11,  12,  14,  16,  17,  18,  20,  23,  25,  27,  28,
     32,  33,  34,  35,  37,  39,  40,  46,  50,  54,  56,  57,  58,  59,  61,  63,
     65,  69,  71,  72,  76,  81,  83,  84, 103, 104, 123, 133, 134, 135, 136, 149,
    163, 164, 165, 166, 172,   2,   5,   6,   7,   9,  12,  13,  14,  16,  18,  20,
     21,  22,  25,  26,  28,  29,  30,  32,  33,  34,  35,  36,  37,  38,  40,  42,
     46,  48,  49,  50,  51,  52,  53,  54,  56,  57,  58,  59,  60,  61,  62,  65,
     79,  81,  82,  84,  85,  86,  87,  88,  89,  93,  94,  95,  96, 103, 104, 105,
    106, 107, 115, 116, 117, 118, 119, 120, 121, 122, 123, 124, 127, 130, 133, 134,
    135, 136, 137, 138, 140, 141, 144, 145, 147, 148, 149, 150, 151, 152, 153, 154,
    155, 160, 163, 165, 166, 167, 168, 172,   0,   2,   4,   5,   6,   8,  11,  12,
     14,  16,  17,  18,  20,  23,  25,  27,  28,  32,  33,  34,  35,  37,  39,  40,
     46,  50,  54,  56,  57,  58,  59,  61,  63,  65,  69,  71,  72,  76,  81,  83,
     84, 103, 104, 123, 133, 134, 135, 136, 149, 163, 164, 165, 166, 172,   0,   7,
      9,  10,  15,  16,  17,  21,  22,  25,  28,  34,  35,  36,  37,  42,  43,  44,
     45,  46,  47,  48,  51,  52,  53,  54,  55,  56,  57,  60,  62,  81,  84,  85,
     86,  87,  88,  89,  90,  91,  92,  97,  98,  99, 100, 101, 102, 103, 104, 105,
    106, 107, 108, 109, 110, 111, 112, 113, 114, 116, 124, 127, 128, 129, 130, 131,
    132, 133, 135, 136, 137, 138, 139, 140, 141, 142, 143, 146, 147, 148, 149, 150,
    151, 152, 153, 154, 155, 156, 157, 158, 159, 161, 162, 167, 168,   5,   7,   9,
     16,  25,  26,  28,  29,  30,  33,  34,  35,  36,  37,  40,  65,  68,  82, 115,
    117, 167, 168,   2,   6,   8,  11,  15,  17,  18,  20,  25,  27,  28,  29,  32,
     33,  34,  35,  36,  37,  39,  68,  70,  73,  76,  78,  83, 134, 164, 165, 166,
    172, 175,   2,   6,  18,  25,  32,  33,  34,  35,  36,  37,  68, 134, 166, 172,
      2,   5,   6,   7,   9,  12,  13,  18,  21,  22,  25,  26,  28,  29,  30,  32,
     33,  34,  35,  36,  37,  38,  40,  65,  68,  73,  82, 115, 117, 134, 165, 166,
    167, 168, 172,   2,   5,   6,  12,  13,  14,  15,  18,  25,  26,  28,  29,  30,
     32,  33,  34,  35,  36,  37,  38,  39,  40,  68,  73,  82, 115, 117, 134, 165,
    166, 172,   2,   7,   9,  14,  16,  19,  20,  21,  22,  25,  28,  34,  35,  37,
    167, 168,   2,   6,   7,   9,  12,  13,  18,  20,  25,  32,  33,  34,  35,  36,
     37,  38,  68,  73, 134, 165, 166, 167, 168, 172,   2,   5,   6,   7,   8,   9,
     10,  12,  15,  16,  17,  18,  25,  27,  28,  30,  33,  34,  35,  36,  37,  40,
     65,  67,  73,  76,  83, 164, 166, 167, 168, 176,   5,   6,  14,  25,  26,  29,
     30,  32,  33,  34,  35,  36,  37,  68,  82, 115, 117, 134,   5,   7,   8,   9,
     10,  16,  25,  26,  28,  29,  30,  33,  34,  35,  36,  37,  40,  65,  68,  76,
     82, 115, 117, 164, 167, 168,   2,   5,   6,   8,  14,  16,  23,  28,  32,  33,
     34,  35,  37,  39,  65,  71,  76, 134, 164, 165,   5,  40,  65,  71,  79, 165,
    167, 168,   0,   7,   9,  25,  26,  28,  29,  30,  33,  34,  35,  36,  37,  56,
     58,  59,  61,  81,  82, 115, 117, 133, 135, 163, 167, 168,   0,   2,   3,   6,
      7,   8,   9,  10,  11,  12,  13,  14,  15,  16,  17,  18,  19,  20,  23,  24,
     27,  28,  31,  32,  33,  34,  35,  36,  37,  38,  39,  42,  44,  45,  47,  50,
     54,  55,  56,  57,  58,  59,  60,  61,  69,  70,  71,  72,  76,  78,  83,  85,
     86,  87,  88,  89,  90,  91,  92,  97,  98,  99, 100, 101, 102, 103, 104, 106,
    107, 108, 109, 110, 111, 112, 113, 114, 123, 125, 126, 128, 129, 131, 132, 133,
    134, 135, 136, 139, 140, 141, 142, 143, 146, 149, 150, 151, 152, 153, 154, 155,
    156, 157, 158, 159, 161, 162, 163, 164, 165, 166, 167, 168, 169, 170, 171,   5,
      6,  23,  25,  26,  28,  29,  30,  32,  33,  34,  35,  36,  37,  38,  40,  42,
     46,  47,  49,  50,  53,  54,  55,  56,  58,  59,  60,  61,  62,  79,  81,  82,
     84,  85,  86,  87,  88,  89,  93,  94,  95,  96, 106, 107, 113, 114, 115, 117,
    118, 119, 120, 121, 122, 123, 127, 130, 131, 132, 133, 134, 135, 137, 138, 139,
    140, 141, 144, 145, 147, 148, 150, 151, 152, 153, 154, 155, 160, 163, 169,  25,
     28,  34,  35,  42,  44,  45,  47,  55,  62,  81,  85,  86,  87,  88,  89,  90,
     91,  92,  97,  98,  99, 100, 101, 102, 106, 107, 108, 109, 110, 111, 112, 113,
    114, 128, 129, 131, 132, 137, 138, 139, 140, 141, 142, 143, 144, 146, 150, 151,
    152, 153, 154, 155, 156, 157, 158, 159, 161, 162,   3,   5,   7,   9,  12,  23,
     25,  26,  28,  29,  30,  32,  33,  34,  35,  36,  37,  38,  40,  42,  44,  45,
     47,  48,  51,  52,  55,  58,  59,  60,  61,  65,  79,  81,  82,  85,  86,  87,
     88,  89,  90,  91,  92,  97,  98,  99, 100, 101, 102, 105, 106, 107, 108, 109,
    110, 111, 112, 113, 114, 115, 116, 117, 124, 126, 128, 129, 131, 132, 134, 139,
    140, 141, 142, 143, 146, 150, 151, 152, 153, 154, 155, 156, 157, 158, 159, 161,
    162, 163, 167, 168, 169,   6,  25,  28,  34,  35,  37,  42,  44,  45,  46,  47,
     50,  54,  55,  58,  59,  61,  62,  79,  81,  84,  85,  86,  87,  88,  89,  90,
     91,  92,  97,  98,  99, 100, 101, 102, 106, 107, 108, 109, 110, 111, 112, 113,
    114, 123, 128, 129, 131, 132, 137, 138, 139, 140, 141, 142, 143, 144, 146, 150,
    151, 152, 153, 154, 155, 156, 157, 158, 159, 161, 162, 163,   0,   2,   3,   7,
      8,   9,  10,  12,  15,  16,  17,  21,  22,  23,  24,  25,  27,  28,  29,  31,
     32,  42,  43,  44,  45,  46,  47,  48,  49,  50,  51,  52,  53,  54,  55,  56,
     57,  58,  59,  60,  61,  62,  70,  71,  72,  76,  78,  79,  81,  83,  84,  85,
     86,  87,  88,  89,  90,  91,  92,  93,  94,  95,  96,  97,  98,  99, 100, 101,
    102, 103, 104, 105, 106, 107, 108, 109, 110, 111, 112, 113, 114, 116, 118, 119,
    120, 121, 122, 123, 124, 126, 127, 128, 129, 130, 131, 132, 133, 134, 135, 136,
    137, 138, 139, 140, 141, 142, 143, 144, 145, 146, 148, 149, 150, 151, 152, 153,
    154, 155, 156, 157, 158, 159, 160, 161, 162, 163, 164, 165, 167, 168, 169, 170,
    171, 173, 174,   2,   6,   7,   9,  15,  18,  23,  25,  28,  32,  34,  35,  36,
     37,  38,  42,  46,  50,  54,  56,  57,  58,  59,  61,  79,  81,  84,  85,  86,
     87,  88,  89, 103, 104, 106, 107, 123, 133, 134, 135, 136, 140, 141, 144, 149,
    150, 151, 152, 153, 154, 155, 163, 165, 166, 167, 168, 169, 170,   3,   8,  11,
     15,  17,  24,  27,  42,  43,  44,  45,  46,  47,  49,  50,  53,  54,  55,  56,
     57,  58,  59,  61,  62,  71,  76,  79,  83,  84,  85,  86,  87,  88,  89,  90,
     91,  92,  94,  95,  96,  97,  98,  99, 100, 101, 102, 103, 104, 105, 106, 107,
    108, 109, 110, 111, 112, 113, 114, 118, 119, 120, 121, 122, 123, 127, 128, 129,
    130, 131, 132, 133, 135, 136, 137, 138, 139, 140, 141, 142, 143, 144, 145, 146,
    147, 148, 149, 150, 151, 152, 153, 154, 155, 156, 157, 158, 159, 160, 161, 162,
    163, 164,   1,   2,   3,   7,   8,   9,  10,  11,  13,  14,  15,  16,  17,  19,
     21,  22,  24,  25,  27,  28,  42,  43,  44,  45,  46,  47,  48,  49,  50,  51,
     52,  53,  54,  55,  56,  57,  58,  59,  60,  61,  62,  71,  76,  79,  81,  83,
     84,  85,  86,  87,  88,  89,  90,  91,  92,  93,  94,  95,  96,  97,  98,  99,
    100, 101, 102, 103, 104, 105, 106, 107, 108, 109, 110, 111, 112, 113, 114, 116,
    118, 119, 120, 121, 122, 123, 124, 126, 127, 128, 129, 130, 131, 132, 133, 135,
    136, 137, 138, 139, 140, 141, 142, 143, 144, 145, 146, 147, 148, 149, 150, 151,
    152, 153, 154, 155, 156, 157, 158, 159, 160, 161, 162, 163, 164, 167, 168,   0,
      3,   6,   7,   8,   9,  10,  11,  13,  14,  15,  16,  17,  18,  19,  20,  24,
     25,  27,  28,  31,  32,  33,  34,  35,  37,  42,  44,  45,  47,  50,  54,  55,
     56,  57,  58,  59,  60,  61,  69,  70,  71,  72,  76,  78,  83,  85,  86,  87,
     88,  89,  90,  91,  92,  93,  97,  98,  99, 100, 101, 102, 103, 104, 105, 106,
    107, 108, 109, 110, 111, 112, 113, 114, 123, 125, 126, 128, 129, 131, 132, 133,
    134, 135, 136, 139, 140, 141, 142, 143, 144, 146, 147, 149, 150, 151, 152, 153,
    154, 155, 156, 157, 158, 159, 161, 162, 163, 164, 165, 166, 167, 168, 169, 170,
    171,   0,   2,   5,   6,   7,   9,  12,  13,  15,  18,  20,  21,  22,  23,  27,
     31,  32,  33,  34,  35,  36,  37,  38,  39,  46,  50,  54,  56,  57,  58,  59,
     61,  62,  70,  71,  72,  78,  83,  84, 103, 104, 123, 133, 134, 135, 136, 137,
    138, 149, 163, 165, 166, 167, 168, 169, 170,   3,   6,   8,  10,  11,  15,  17,
     20,  24,  27,  32,  33,  42,  44,  45,  46,  47,  50,  54,  55,  56,  57,  58,
     59,  61,  62,  71,  72,  76,  78,  79,  83,  84,  85,  86,  87,  88,  89,  90,
     91,  92,  93,  97,  98,  99, 100, 101, 102, 103, 104, 106, 107, 108, 109, 110,
    111, 112, 113, 114, 123, 126, 128, 129, 131, 132, 133, 134, 135, 136, 137, 138,
    139, 140, 141, 142, 143, 144, 146, 149, 150, 151, 152, 153, 154, 155, 156, 157,
    158, 159, 161, 162, 163, 164, 165, 169, 170,   2,   3,   7,   8,   9,  10,  11,
     13,  14,  15,  16,  17,  19,  21,  22,  24,  25,  27,  28,  42,  43,  44,  45,
     46,  47,  48,  49,  50,  51,  52,  53,  54,  55,  56,  57,  58,  59,  60,  61,
     62,  71,  76,  79,  81,  83,  84,  85,  86,  87,  88,  89,  90,  91,  92,  93,
     94,  95,  96,  97,  98,  99, 100, 101, 102, 103, 104, 105, 106, 107, 108, 109,
    110, 111, 112, 113, 114, 116, 118, 119, 120, 121, 122, 123, 124, 126, 127, 128,
    129, 130, 131, 132, 133, 135, 136, 137, 138, 139, 140, 141, 142, 143, 144, 145,
    146, 147, 148, 149, 150, 151, 152, 153, 154, 155, 156, 157, 158, 159, 160, 161,
    162, 163, 164, 167, 168,   3,   5,   7,   9,  12,  23,  25,  26,  28,  29,  30,
     32,  33,  34,  35,  36,  37,  38,  40,  42,  45,  47,  48,  51,  52,  55,  58,
     59,  60,  61,  65,  79,  81,  82,  85,  86,  87,  88,  89,  97, 105, 106, 107,
    113, 114, 115, 116, 117, 124, 126, 131, 132, 134, 139, 140, 141, 150, 151, 152,
    153, 154, 155, 163, 167, 168, 169,   0,   3,   7,   8,   9,  10,  12,  15,  16,
     20,  23,  24,  25,  26,  27,  28,  29,  30,  31,  32,  34,  35,  36,  37,  38,
     42,  44,  45,  47,  55,  58,  59,  60,  61,  71,  72,  76,  78,  79,  81,  82,
     83,  85,  86,  87,  88,  89,  90,  91,  92,  95,  96,  97,  98,  99, 100, 101,
    102, 106, 107, 108, 109, 110, 111, 112, 113, 114, 115, 116, 117, 118, 123, 125,
    126, 128, 129, 131, 132, 134, 139, 140, 141, 142, 143, 144, 145, 146, 150, 151,
    152, 153, 154, 155, 156, 157, 158, 159, 161, 162, 163, 164, 165, 167, 168, 171,
    174,   3,   5,   7,   9,  12,  22,  23,  25,  26,  28,  29,  30,  32,  33,  34,
     35,  36,  37,  38,  40,  41,  42,  45,  47,  48,  51,  52,  55,  58,  59,  60,
     61,  65,  79,  81,  82,  85,  86,  87,  88,  89,  97, 105, 106, 107, 113, 114,
    115, 116, 117, 124, 126, 131, 132, 134, 139, 140, 141, 150, 151, 152, 153, 154,
    155, 163, 167, 168, 169,   2,   3,   6,   8,  10,  11,  15,  16,  17,  18,  20,
     23,  24,  27,  28,  32,  33,  34,  35,  37,  39,  40,  42,  44,  45,  56,  58,
     59,  61,  65,  70,  71,  72,  76,  78,  79,  83,  85,  86,  87,  88,  89,  90,
     91,  92,  97,  98,  99, 100, 101, 102, 106, 107, 108, 109, 110, 111, 112, 128,
    129, 133, 134, 135, 140, 141, 142, 143, 146, 150, 151, 152, 153, 154, 155, 156,
    157, 158, 159, 161, 162, 163, 164, 165, 166, 169, 170, 171,   6,  23,  25,  28,
     32,  34,  35,  36,  37,  38,  39,  42,  44,  45,  46,  47,  49,  50,  53,  54,
     55,  56,  57,  58,  59,  60,  61,  62,  79,  81,  84,  85,  86,  87,  88,  89,
     90,  91,  92,  93,  94,  95,  96,  97,  98,  99, 100, 101, 102, 103, 104, 106,
    107, 108, 109, 110, 111, 112, 113, 114, 118, 119, 120, 121, 122, 123, 127, 128,
    129, 130, 131, 132, 133, 134, 135, 136, 137, 138, 139, 140, 141, 142, 143, 144,
    145, 146, 147, 148, 149, 150, 151, 152, 153, 154, 155, 156, 157, 158, 159, 160,
    161, 162, 163, 166,   0,   2,   3,   7,   8,   9,  10,  15,  16,  17,  21,  22,
     23,  24,  25,  27,  28,  31,  36,  38,  42,  43,  44,  45,  46,  47,  48,  49,
     50,  51,  53,  54,  55,  56,  57,  58,  59,  60,  61,  62,  71,  76,  79,  81,
     83,  84,  85,  86,  87,  88,  89,  90,  91,  92,  93,  94,  95,  96,  97,  98,
     99, 100, 101, 102, 103, 104, 105, 106, 107, 108, 109, 110, 111, 112, 113, 114,
    116, 118, 119, 120, 121, 122, 123, 124, 127, 128, 129, 130, 131, 132, 133, 135,
    136, 137, 138, 139, 140, 141, 142, 143, 144, 145, 146, 147, 148, 149, 150, 151,
    152, 153, 154, 155, 156, 157, 158, 159, 160, 161, 162, 163, 164, 165, 167, 168,
    171,   1,   2,   3,   7,   8,   9,  10,  11,  13,  14,  15,  16,  17,  19,  21,
     22,  24,  25,  27,  28,  34,  35,  37,  42,  43,  44,  45,  46,  47,  48,  49,
     50,  51,  52,  53,  54,  55,  56,  57,  58,  59,  60,  61,  62,  71,  76,  79,
     81,  83,  84,  85,  86,  87,  88,  89,  90,  91,  92,  93,  94,  95,  97,  98,
     99, 100, 101, 102, 103, 104, 105, 106, 107, 108, 109, 110, 111, 112, 113, 114,
    116, 118, 119, 120, 121, 122, 123, 124, 126, 127, 128, 129, 130, 131, 132, 133,
    135, 136, 137, 138, 139, 140, 141, 142, 143, 144, 145, 146, 147, 148, 149, 150,
    151, 152, 153, 154, 155, 156, 157, 158, 159, 160, 161, 162, 163, 164, 167, 168,
      0,   1,   2,   3,   5,   6,   7,   8,   9,  10,  11,  12,  13,  14,  15,  16,
     17,  19,  20,  21,  22,  23,  24,  25,  27,  28,  31,  33,  38,  39,  40,  42,
     43,  44,  45,  46,  47,  48,  49,  50,  51,  52,  53,  54,  55,  56,  57,  58,
     59,  60,  61,  62,  65,  69,  71,  76,  77,  78,  79,  81,  83,  84,  85,  86,
     87,  88,  89,  90,  91,  92,  93,  94,  95,  96,  97,  98,  99, 100, 101, 102,
    103, 104, 105, 106, 107, 108, 109, 110, 111, 112, 113, 114, 116, 118, 119, 120,
    121, 122, 123, 124, 125, 126, 127, 128, 129, 130, 131, 132, 133, 135, 136, 137,
    138, 139, 140, 141, 142, 143, 144, 145, 146, 147, 148, 149, 150, 151, 152, 153,
    154, 155, 156, 157, 158, 159, 160, 161, 162, 163, 164, 166, 167, 168, 169, 170,
    171,   0,   1,   2,   3,   5,   6,   7,   8,   9,  10,  11,  12,  13,  14,  15,
     16,  17,  19,  20,  21,  22,  23,  24,  25,  27,  28,  31,  38,  39,  40,  42,
     43,  44,  45,  46,  47,  48,  49,  50,  51,  52,  53,  54,  55,  56,  57,  58,
     59,  60,  61,  62,  65,  69,  71,  76,  77,  79,  81,  83,  84,  85,  86,  87,
     88,  89,  90,  91,  92,  93,  94,  95,  96,  97,  98,  99, 100, 101, 102, 103,
    104, 105, 106, 107, 108, 109, 110, 111, 112, 113, 114, 116, 118, 119, 120, 121,
    122, 123, 124, 125, 126, 127, 128, 129, 130, 131, 132, 133, 135, 136, 137, 138,
    139, 140, 141, 142, 143, 144, 145, 146, 147, 148, 149, 150, 151, 152, 153, 154,
    155, 156, 157, 158, 159, 160, 161, 162, 163, 164, 166, 167, 168, 169, 170, 171,
      0,   3,   6,   8,   9,  10,  11,  13,  14,  15,  16,  17,  18,  19,  20,  23,
     24,  27,  28,  31,  32,  33,  34,  35,  37,  42,  44,  45,  47,  50,  54,  55,
     56,  57,  58,  59,  61,  69,  70,  71,  72,  76,  78,  81,  83,  85,  86,  87,
     88,  89,  90,  91,  92,  93,  97,  98,  99, 100, 101, 102, 103, 104, 106, 107,
    108, 109, 110, 111, 112, 113, 114, 123, 125, 126, 128, 129, 131, 132, 133, 134,
    135, 136, 139, 140, 141, 142, 143, 144, 146, 147, 149, 150, 151, 152, 153, 154,
    155, 156, 157, 158, 159, 161, 162, 163, 164, 165, 166, 169, 170, 171,   0,   1,
      2,   3,   5,   6,   7,   8,   9,  10,  11,  12,  13,  14,  15,  16,  17,  19,
     20,  21,  22,  23,  24,  25,  27,  28,  31,  38,  39,  40,  42,  43,  44,  45,
     46,  47,  48,  49,  50,  51,  52,  53,  54,  55,  56,  57,  58,  59,  60,  61,
     62,  65,  69,  70,  71,  72,  76,  77,  78,  79,  81,  83,  84,  85,  86,  87,
     88,  89,  90,  91,  92,  93,  94,  95,  97,  98,  99, 100, 101, 102, 103, 104,
    105, 106, 107, 108, 109, 110, 111, 112, 113, 114, 116, 118, 119, 120, 121, 122,
    123, 124, 126, 127, 128, 129, 130, 131, 132, 133, 135, 136, 137, 138, 139, 140,
    141, 142, 143, 144, 145, 146, 147, 148, 149, 150, 151, 152, 153, 154, 155, 156,
    157, 158, 159, 160, 161, 162, 163, 164, 165, 166, 167, 168, 169, 170, 171,   2,
      6,  15,  18,  20,  23,  25,  26,  27,  28,  29,  30,  31,  32,  33,  34,  35,
     36,  37,  38,  42,  46,  47,  49,  50,  53,  54,  55,  56,  57,  58,  59,  61,
     62,  72,  79,  81,  82,  83,  84,  85,  86,  87,  88,  89,  93,  94,  95,  96,
    103, 104, 106, 107, 113, 114, 115, 117, 118, 119, 120, 121, 122, 123, 127, 130,
    131, 132, 133, 134, 135, 136, 137, 138, 139, 140, 141, 144, 145, 147, 148, 149,
    150, 151, 152, 153, 154, 155, 160, 163, 165, 166, 169, 170,   0,   2,   3,   4,
      6,   7,   8,   9,  11,  15,  17,  27,  28,  34,  35,  36,  37,  42,  43,  44,
     45,  48,  51,  52,  56,  57,  58,  59,  61,  69,  71,  79,  83,  85,  86,  87,
     88,  89,  90,  91,  92,  93,  96,  98,  99, 100, 101, 102, 103, 104, 105, 106,
    107, 108, 109, 110, 111, 112, 116, 120, 124, 128, 129, 133, 135, 136, 140, 141,
    142, 143, 144, 146, 147, 149, 150, 151, 152, 153, 154, 155, 156, 157, 158, 159,
    161, 162, 163, 164, 167, 168,   0,  18,  25,  32,  33,  34,  35,  36,  37,  39,
     56,  58,  59,  60,  61,  81, 133, 134, 135, 163,   8, 164,   0,   7,  22,  47,
     50,  54, 105, 113, 114, 123, 139,   2,   5,   6,   7,   8,   9,  23,  27,  28,
     32,  33,  34,  35,  36,  37,  39,  56,  58,  59,  60,  61,  70,  71,  72,  76,
     78,  83, 133, 134, 135, 163, 164, 165, 166, 167, 168, 169, 170,   2,   3,   5,
      6,   7,   9,  23,  25,  26,  28,  29,  30,  31,  32,  33,  34,  35,  36,  37,
     38,  39,  40,  56,  58,  59,  60,  61,  62,  65,  72,  79,  82, 115, 117, 133,
    134, 135, 137, 138, 163, 165, 166, 167, 168, 169, 170,   2,   5,   6,   8,  23,
     25,  26,  29,  30,  32,  33,  34,  35,  36,  37,  38,  39,  40,  44,  45,  58,
     59,  60,  61,  65,  71,  76,  78,  82,  90,  91,  92,  97,  98,  99, 100, 101,
    102, 108, 109, 110, 111, 112, 115, 117, 128, 129, 134, 142, 143, 146, 156, 157,
    158, 159, 161, 162, 163, 164, 165, 166, 169, 174,   2,   3,   6,   8,  23,  27,
     28,  32,  33,  34,  35,  37,  39,  50,  58,  59,  61,  71,  72,  76,  78,  79,
     83, 123, 134, 144, 151, 158, 163, 164, 165, 166, 169, 170,   2,   5,   6,  23,
     25,  26,  29,  30,  31,  32,  33,  34,  35,  36,  37,  38,  39,  40,  56,  58,
     59,  60,  61,  65,  72,  79,  82, 115, 117, 133, 134, 135, 163, 165, 166, 169,
    170,   0,   1,   2,   3,   5,   6,   7,   8,   9,  23,  25,  26,  27,  28,  29,
     30,  31,  32,  33,  34,  35,  36,  37,  38,  39,  40,  42,  44,  45,  46,  47,
     48,  49,  50,  51,  52,  55,  56,  58,  59,  60,  61,  64,  65,  69,  70,  71,
     72,  74,  75,  76,  77,  78,  82,  83,  84,  85,  86,  87,  88,  89,  90,  91,
     92,  93,  94,  95,  96,  97,  98,  99, 100, 101, 102, 103, 104, 105, 106, 107,
    108, 109, 110, 111, 112, 113, 114, 115, 116, 117, 118, 119, 120, 121, 122, 123,
    124, 126, 128, 129, 130, 131, 132, 133, 134, 135, 136, 138, 139, 140, 141, 142,
    143, 144, 145, 146, 147, 148, 149, 150, 151, 152, 153, 154, 156, 157, 158, 159,
    160, 161, 162, 163, 164, 165, 166, 167, 168, 169, 170, 171, 173, 174,   3,   6,
      7,   8,   9,  21,  22,  23,  25,  26,  27,  28,  29,  30,  31,  32,  33,  34,
     35,  36,  37,  38,  39,  41,  42,  44,  45,  46,  47,  50,  54,  55,  56,  57,
     58,  59,  61,  69,  70,  71,  72,  75,  76,  77,  78,  82,  83,  84,  85,  86,
     87,  88,  89,  90,  91,  92,  97,  98,  99, 100, 101, 102, 103, 104, 106, 107,
    108, 109, 110, 111, 112, 113, 114, 115, 117, 123, 126, 128, 129, 131, 132, 133,
    134, 135, 136, 139, 140, 141, 142, 143, 146, 149, 150, 151, 152, 153, 154, 155,
    156, 157, 158, 159, 161, 162, 163, 164, 165, 166, 167, 168, 169, 170, 171, 173,
    174,   2,   3,   5,   6,   8,  23,  27,  31,  32,  33,  34,  35,  37,  38,  39,
     56,  58,  59,  61,  70,  71,  72,  76,  78,  79,  83, 133, 134, 135, 163, 164,
    165, 166, 169, 170,   3,   6,   8,  23,  27,  31,  32,  33,  34,  37,  39,  58,
     59,  61,  71,  76,  79,  83, 134, 144, 163, 164, 165, 166, 169, 170,   3,  26,
     27,  29,  30,  31,  79,  82,  83, 115, 117, 144,   0,   2,   6,   8,  10,  23,
     27,  28,  32,  33,  34,  35,  37,  39,  42,  44,  45,  47,  55,  56,  57,  58,
     59,  61,  62,  70,  71,  72,  76,  78,  79,  83,  85,  86,  87,  88,  89,  90,
     91,  92,  97,  98,  99, 100, 101, 102, 103, 104, 106, 107, 108, 109, 110, 111,
    112, 113, 114, 126, 128, 129, 131, 132, 133, 134, 135, 136, 137, 138, 139, 140,
    141, 142, 143, 146, 149, 150, 151, 152, 153, 154, 155, 156, 157, 158, 159, 161,
    162, 163, 164, 165, 166, 169, 170, 171,   2,   3,   6,   8,  23,  27,  31,  32,
     33,  34,  35,  37,  39,  58,  59,  61,  70,  71,  76,  79,  83, 134, 144, 151,
    158, 163, 164, 165, 166, 169, 170,   2,   5,   6,  23,  25,  26,  28,  29,  30,
     31,  32,  33,  34,  35,  36,  37,  38,  39,  40,  56,  58,  59,  60,  61,  62,
     65,  72,  79,  82, 115, 117, 133, 134, 135, 137, 138, 163, 165, 166, 169, 170,
      2,   3,  23,  26,  27,  29,  30,  32,  33,  34,  35,  36,  37,  38,  39,  41,
     50,  71,  79,  82,  83, 115, 117, 123, 134, 169,   0,   3,   5,   7,   8,   9,
     10,  23,  25,  26,  28,  29,  30,  31,  32,  33,  34,  35,  36,  37,  38,  39,
     40,  42,  44,  45,  46,  47,  48,  51,  52,  55,  56,  58,  59,  61,  65,  71,
     75,  76,  82,  84,  85,  86,  87,  88,  89,  90,  91,  92,  97,  98,  99, 100,
    101, 102, 105, 106, 107, 108, 109, 110, 111, 112, 113, 114, 115, 116, 117, 124,
    126, 128, 129, 131, 132, 133, 134, 135, 139, 140, 141, 142, 143, 146, 150, 151,
    152, 153, 154, 155, 156, 157, 158, 159, 161, 162, 163, 164, 165, 166, 167, 168,
    169, 174,   2,   5,   6,   7,   9,  23,  25,  26,  27,  29,  30,  31,  32,  33,
     34,  35,  36,  37,  38,  39,  40,  55,  57,  58,  59,  60,  61,  62,  65,  79,
     82,  83, 103, 104, 115, 117, 131, 132, 134, 136, 137, 138, 149, 163, 165, 166,
    167, 168, 169, 170,   2,   5,   6,   7,   8,   9,  23,  25,  26,  27,  28,  29,
     30,  31,  32,  33,  34,  35,  36,  37,  38,  39,  42,  44,  45,  51,  58,  59,
     60,  61,  71,  76,  82,  83,  85,  86,  87,  88,  89,  90,  91,  92,  97,  98,
     99, 100, 101, 102, 106, 107, 108, 109, 110, 111, 112, 115, 117, 124, 126, 128,
    129, 134, 140, 141, 142, 143, 146, 150, 151, 152, 153, 154, 155, 156, 157, 158,
    159, 161, 162, 163, 164, 165, 167, 168, 169, 171, 174,   2,   3,   5,   6,   8,
     23,  27,  32,  33,  34,  35,  37,  39,  58,  59,  61,  70,  71,  72,  76,  78,
     79,  83, 134, 163, 164, 165, 166, 169, 170,   0,   3,   5,   7,   8,   9,  10,
     23,  24,  25,  26,  27,  28,  29,  30,  31,  32,  33,  34,  35,  36,  37,  38,
     40,  42,  43,  44,  45,  47,  48,  51,  52,  55,  62,  65,  71,  76,  79,  82,
     83,  85,  86,  87,  88,  89,  90,  91,  92,  97,  98,  99, 100, 101, 102, 105,
    106, 107, 108, 109, 110, 111, 112, 113, 114, 115, 116, 117, 124, 126, 128, 129,
    131, 132, 134, 137, 138, 139, 140, 141, 142, 143, 146, 150, 151, 152, 153, 154,
    155, 156, 157, 158, 159, 161, 162, 164, 165, 166, 167, 168, 169, 171, 174,   0,
      3,   5,   7,   8,   9,  23,  25,  26,  28,  29,  30,  32,  33,  34,  35,  36,
     37,  38,  40,  42,  43,  44,  45,  47,  48,  51,  52,  55,  62,  65,  71,  76,
     82,  85,  86,  87,  88,  89,  90,  91,  92,  97,  98,  99, 100, 101, 102, 105,
    106, 107, 108, 109, 110, 111, 112, 113, 114, 115, 116, 117, 124, 126, 128, 129,
    131, 132, 134, 137, 138, 139, 140, 141, 142, 143, 146, 150, 151, 152, 153, 154,
    155, 156, 157, 158, 159, 161, 162, 164, 165, 166, 167, 168, 169, 171, 174,   2,
      8,  10,  23,  27,  28,  32,  33,  34,  35,  37,  39,  42,  44,  45,  47,  54,
     55,  56,  62,  71,  76,  83,  85,  86,  87,  88,  89,  90,  91,  92,  97,  98,
     99, 100, 101, 102, 106, 107, 108, 109, 110, 111, 112, 113, 114, 126, 128, 129,
    131, 132, 133, 134, 135, 137, 138, 139, 140, 141, 142, 143, 146, 150, 151, 152,
    153, 154, 155, 156, 157, 158, 159, 161, 162, 164, 169, 171, 174,   0,   3,   5,
      7,   8,   9,  10,  23,  24,  25,  26,  27,  28,  29,  30,  31,  32,  33,  34,
     35,  36,  37,  38,  40,  42,  43,  44,  45,  47,  48,  51,  52,  55,  56,  62,
     65,  70,  71,  72,  76,  78,  79,  82,  83,  85,  86,  87,  88,  89,  90,  91,
     92,  97,  98,  99, 100, 101, 102, 105, 106, 107, 108, 109, 110, 111, 112, 113,
    114, 115, 116, 117, 124, 126, 128, 129, 131, 132, 133, 134, 135, 137, 138, 139,
    140, 141, 142, 143, 146, 150, 151, 152, 153, 154, 155, 156, 157, 158, 159, 161,
    162, 164, 165, 166, 167, 168, 169, 171, 173, 174,   2,   5,   6,   8,  23,  25,
     26,  27,  29,  30,  31,  32,  33,  34,  35,  36,  37,  38,  39,  58,  59,  60,
     61,  62,  71,  76,  82,  83, 115, 117, 134, 137, 138, 163, 164, 169, 171,   2,
      3,   4,   6,   8,   9,  11,  15,  17,  21,  22,  25,  27,  28,  34,  35,  36,
     37,  42,  43,  44,  45,  55,  56,  57,  58,  59,  61,  69,  71,  79,  81,  83,
     85,  86,  87,  88,  89,  90,  91,  92,  93,  96,  97,  98,  99, 100, 101, 102,
    103, 104, 105, 106, 107, 108, 109, 110, 111, 112, 120, 128, 129, 131, 132, 133,
    135, 136, 141, 142, 143, 144, 146, 147, 149, 150, 151, 152, 153, 154, 155, 156,
    157, 158, 159, 161, 162, 163, 164, 165, 167, 168,   2,   5,   6,   7,   9, 165,
    166, 167, 168, 172,   2,   6,   7,   9,  32,  33,  34,  35,  37,  47,  50,  71,
     79, 113, 114, 123, 134, 139, 165, 166, 167, 168, 172,  20,  18,  11,  12,  13,
     14,  15,  16,  17,  19,  20,   5,   7,   9,  25,  28,  34,  35,  36,  37,  40,
     58,  59,  61,  65,  81, 163, 167, 168,   5,  40,  65,   2,   3,   5,   6,   8,
     23,  26,  27,  29,  30,  32,  33,  34,  35,  36,  37,  40,  42,  43,  44,  45,
     47,  48,  50,  51,  52,  54,  56,  58,  61,  65,  71,  74,  75,  77,  80,  81,
     82,  83,  85,  86,  87,  88,  89,  90,  91,  92,  97,  98,  99, 100, 101, 102,
    105, 106, 107, 108, 109, 110, 111, 112, 113, 114, 115, 116, 117, 123, 124, 125,
    126, 128, 129, 133, 134, 135, 139, 140, 141, 142, 143, 146, 150, 151, 152, 153,
    154, 155, 156, 157, 158, 159, 161, 162, 163, 164, 165, 166, 173,   0,   5,   7,
      9,  25,  28,  29,  36,  37,  40,  44,  45,  58,  59,  60,  61,  71,  81,  90,
     91,  92,  95,  96,  97,  98,  99, 100, 101, 102, 108, 109, 110, 111, 112, 116,
    118, 119, 123, 128, 129, 142, 143, 144, 145, 146, 156, 157, 158, 159, 161, 162,
    163, 167, 168,  12,  15,  16,  17,  20,  56,  58,  59,  60,  61, 133, 135, 163,
     46,  56,  57,  58,  59,  60,  61,  84, 103, 104, 133, 135, 136, 149, 163,   7,
      9,  12,  13,  14,  18,  20,  21,  22,  25,  26,  28,  29,  30,  32,  33,  34,
     35,  36,  37,  38,  42,  46,  48,  49,  50,  51,  52,  53,  54,  56,  57,  58,
     59,  60,  61,  62,  81,  82,  84,  85,  86,  87,  88,  89,  93,  94,  95,  96,
    103, 104, 105, 106, 107, 115, 116, 117, 118, 119, 120, 121, 122, 123, 124, 127,
    130, 133, 134, 135, 136, 137, 138, 140, 141, 144, 145, 147, 148, 149, 150, 151,
    152, 153, 154, 155, 160, 163, 167, 168,   5,   1,   2,   3,   5,   6,   7,   9,
     21,  22,  23,  25,  26,  28,  29,  30,  31,  32,  33,  34,  35,  36,  37,  38,
     40,  42,  43,  46,  48,  49,  50,  51,  52,  53,  54,  55,  56,  57,  58,  59,
     60,  61,  62,  65,  66,  72,  79,  80,  81,  82,  84,  85,  86,  87,  88,  89,
     93,  94,  95,  96, 103, 104, 105, 106, 107, 115, 116, 117, 118, 119, 120, 121,
    122, 123, 124, 127, 130, 131, 132, 133, 134, 135, 136, 137, 138, 140, 141, 144,
    145, 147, 148, 149, 150, 151, 152, 153, 154, 155, 160, 163, 165, 166, 167, 168,
    172,   0,   2,   6,   9,  21,  22,  25,  26,  27,  28,  29,  30,  31,  32,  33,
     34,  35,  36,  37,  38,  42,  43,  44,  45,  46,  47,  48,  49,  50,  51,  52,
     53,  54,  55,  56,  57,  58,  59,  60,  61,  62,  71,  79,  81,  82,  83,  84,
     85,  86,  87,  88,  89,  90,  91,  92,  93,  94,  95,  96,  97,  98,  99, 100,
    101, 102, 103, 104, 105, 106, 107, 108, 109, 110, 111, 112, 113, 114, 115, 116,
    117, 118, 119, 120, 121, 122, 123, 124, 125, 126, 127, 128, 129, 130, 131, 132,
    133, 134, 135, 136, 137, 138, 139, 140, 141, 142, 143, 144, 145, 146, 147, 148,
    149, 150, 151, 152, 153, 154, 155, 156, 157, 158, 159, 160, 161, 162, 163, 165,
    166, 167, 168, 172,   3,   8,  11,  15,  17,  24,  27,  42,  43,  44,  45,  46,
     47,  49,  50,  53,  54,  55,  56,  57,  58,  59,  61,  62,  71,  76,  79,  82,
     83,  84,  85,  86,  87,  88,  89,  90,  91,  92,  94,  95,  96,  97,  98,  99,
    100, 101, 102, 103, 104, 105, 106, 107, 108, 109, 110, 111, 112, 113, 114, 118,
    119, 120, 121, 122, 123, 127, 128, 129, 130, 131, 132, 133, 135, 136, 137, 138,
    139, 140, 141, 142, 143, 144, 145, 146, 147, 148, 149, 150, 151, 152, 153, 154,
    155, 156, 157, 158, 159, 160, 161, 162, 163, 164,   3,   5,   7,   9,  12,  23,
     25,  26,  28,  29,  30,  32,  33,  34,  35,  36,  37,  38,  40,  42,  45,  47,
     48,  51,  52,  55,  58,  59,  60,  61,  65,  79,  81,  82,  85,  86,  87,  88,
     89,  97, 105, 106, 107, 113, 114, 115, 116, 117, 124, 126, 131, 132, 134, 139,
    140, 141, 150, 151, 152, 153, 154, 155, 163, 167, 168, 169,   3,   5,   7,   8,
      9,  10,  23,  25,  26,  28,  29,  30,  32,  33,  34,  35,  36,  37,  38,  40,
     42,  43,  45,  47,  48,  51,  52,  55,  58,  59,  60,  61,  65,  71,  76,  79,
     81,  82,  85,  86,  87,  88,  89, 105, 106, 107, 113, 114, 115, 116, 117, 124,
    131, 132, 134, 139, 140, 141, 150, 151, 152, 153, 154, 155, 163, 164, 167, 168,
    169,   2,   3,   5,   6,  23,  25,  26,  27,  29,  30,  31,  32,  33,  34,  35,
     36,  37,  38,  39,  46,  49,  50,  53,  54,  56,  57,  58,  59,  60,  61,  62,
     70,  72,  79,  82,  83,  84,  93,  94,  95,  96, 103, 104, 115, 117, 118, 119,
    120, 121, 122, 123, 127, 130, 133, 134, 135, 136, 137, 138, 144, 145, 147, 148,
    149, 160, 163, 165, 166, 169, 170,   2,   5,   6,   7,   8,   9,  23,  27,  28,
     32,  33,  34,  35,  36,  37,  39,  56,  58,  59,  60,  61,  70,  71,  72,  76,
     78,  83, 133, 134, 135, 163, 164, 165, 166, 167, 168, 169, 170,   2,   5,   6,
      7,   8,   9,  23,  27,  28,  32,  33,  34,  35,  36,  37,  39,  56,  58,  59,
     60,  61,  70,  71,  72,  76,  78,  83, 133, 134, 135, 163, 164, 165, 166, 167,
    168, 169, 170,   2,   5,   6,  23,  25,  26,  29,  30,  31,  32,  33,  34,  35,
     36,  37,  38,  39,  40,  56,  58,  59,  60,  61,  65,  72,  79,  82, 115, 117,
    133, 134, 135, 163, 165, 166, 169, 170,   2,   5,   6,  23,  25,  26,  29,  30,
     31,  32,  33,  34,  35,  36,  37,  38,  39,  40,  56,  58,  59,  60,  61,  65,
     72,  79,  82, 115, 117, 133, 134, 135, 163, 165, 166, 169, 170,   2,   5,   6,
     23,  25,  26,  29,  30,  31,  32,  33,  34,  35,  36,  37,  38,  39,  40,  56,
     58,  59,  60,  61,  65,  72,  79,  82, 115, 117, 133, 134, 135, 163, 165, 166,
    169, 170,   1,   2,   3,   5,   6,   8,  23,  27,  31,  32,  33,  34,  37,  39,
     40,  43,  48,  51,  52,  58,  59,  61,  65,  71,  76,  79,  83,  85,  90,  93,
     96, 105, 116, 124, 132, 134, 144, 163, 164, 165, 166, 169, 170,   2,   3,   6,
      8,  23,  27,  31,  32,  33,  34,  37,  39,  58,  59,  61,  71,  72,  76,  79,
     83,  95,  96, 134, 144, 163, 164, 165, 166, 169, 170,   1,   2,   3,   5,   6,
      8,  23,  27,  31,  32,  33,  34,  37,  39,  40,  43,  48,  51,  52,  58,  59,
     61,  71,  72,  76,  79,  83,  93,  95, 105, 116, 124, 134, 144, 163, 164, 165,
    166, 169, 170,   2,   3,   5,   6,   7,   9,  23,  25,  26,  28,  29,  30,  31,
     32,  33,  34,  35,  36,  37,  38,  39,  40,  58,  59,  60,  61,  65,  79,  82,
    115, 117, 134, 163, 165, 167, 168, 169,   2,   5,   6,  23,  25,  26,  28,  29,
     30,  31,  32,  33,  34,  35,  36,  37,  38,  39,  40,  56,  58,  59,  60,  61,
     62,  65,  72,  79,  82, 115, 117, 133, 134, 135, 137, 138, 163, 165, 166, 169,
    170,   2,   5,   6,  23,  25,  26,  28,  29,  30,  31,  32,  33,  34,  35,  36,
     37,  38,  39,  40,  56,  58,  59,  60,  61,  62,  65,  72,  79,  82, 115, 117,
    133, 134, 135, 137, 138, 163, 165, 166, 169, 170,   0,   2,   3,   6,   7,   8,
      9,  10,  11,  12,  13,  14,  15,  16,  17,  18,  19,  20,  23,  24,  27,  28,
     31,  32,  33,  34,  35,  36,  37,  38,  39,  42,  44,  45,  47,  50,  54,  55,
     56,  57,  58,  59,  60,  61,  69,  70,  71,  72,  76,  78,  83,  85,  86,  87,
     88,  89,  90,  91,  92,  97,  98,  99, 100, 101, 102, 103, 104, 106, 107, 108,
    109, 110, 111, 112, 113, 114, 123, 125, 126, 128, 129, 131, 132, 133, 134, 135,
    136, 139, 140, 141, 142, 143, 146, 149, 150, 151, 152, 153, 154, 155, 156, 157,
    158, 159, 161, 162, 163, 164, 165, 166, 167, 168, 169, 170, 171,   2,   5,   6,
      7,   8,   9,  22,  23,  27,  28,  32,  33,  34,  35,  36,  37,  39,  47,  50,
     56,  58,  59,  60,  61,  70,  71,  72,  76,  78,  83, 113, 114, 123, 133, 134,
    135, 139, 163, 164, 165, 166, 167, 168, 169, 170,   2,   5,   6,   8,  23,  25,
     26,  29,  30,  32,  33,  34,  35,  36,  37,  38,  39,  43,  44,  45,  58,  59,
     60,  61,  71,  76,  78,  82,  90,  91,  92,  97,  98,  99, 100, 101, 102, 108,
    109, 110, 111, 112, 115, 117, 128, 129, 134, 142, 143, 146, 156, 157, 158, 159,
    161, 162, 163, 164, 165, 166, 169, 174,   2,   5,   6,   8,  23,  25,  26,  29,
     30,  32,  33,  34,  35,  36,  37,  38,  39,  40,  44,  45,  58,  59,  60,  61,
     65,  71,  76,  78,  82,  90,  91,  92,  97,  98,  99, 100, 101, 102, 108, 109,
    110, 111, 112, 115, 117, 128, 129, 134, 142, 143, 146, 156, 157, 158, 159, 161,
    162, 163, 164, 165, 166, 169, 174,   0,   1,   2,   5,   6,   7,   8,   9,  23,
     40,  42,  43,  44,  45,  46,  47,  48,  49,  50,  51,  52,  55,  56,  57,  58,
     59,  60,  61,  65,  69,  71,  72,  79,  84,  85,  86,  87,  88,  89,  90,  91,
     92,  93,  94,  95,  96,  98,  99, 100, 101, 102, 103, 104, 105, 106, 107, 108,
    109, 110, 111, 112, 113, 114, 116, 118, 119, 120, 121, 122, 123, 124, 128, 129,
    131, 132, 133, 135, 136, 138, 139, 140, 141, 142, 143, 144, 145, 146, 149, 150,
    151, 152, 153, 154, 155, 156, 157, 158, 159, 160, 161, 162, 163, 164, 165, 166,
    167, 168,   1,   2,   3,   6,   8,  23,  27,  28,  32,  33,  34,  35,  37,  39,
     50,  58,  59,  61,  71,  72,  76,  78,  79,  83, 118, 123, 134, 144, 151, 158,
    163, 164, 165, 166, 169, 170,   2,   5,   6,  23,  25,  26,  29,  30,  31,  32,
     33,  34,  35,  36,  37,  38,  39,  40,  56,  58,  59,  60,  61,  65,  72,  79,
     82, 115, 117, 133, 134, 135, 163, 165, 166, 169, 170,   3,   8,  11,  15,  17,
     24,  27,  42,  43,  44,  45,  46,  47,  49,  50,  53,  54,  55,  56,  57,  58,
     59,  61,  62,  71,  76,  79,  83,  84,  85,  86,  87,  88,  89,  90,  91,  92,
     94,  95,  96,  97,  98,  99, 100, 101, 102, 103, 104, 105, 106, 107, 108, 109,
    110, 111, 112, 113, 114, 116, 118, 119, 120, 121, 122, 123, 127, 128, 129, 130,
    131, 132, 133, 135, 136, 137, 138, 139, 140, 141, 142, 143, 144, 145, 146, 147,
    148, 149, 150, 151, 152, 153, 154, 155, 156, 157, 158, 159, 160, 161, 162, 163,
    164,   1,   2,   3,   5,   6,   8,  23,  27,  31,  32,  33,  34,  37,  39,  40,
     43,  48,  51,  52,  58,  59,  61,  65,  71,  76,  79,  83, 105, 116, 124, 134,
    144, 163, 164, 165, 166, 169, 170,   2,   3,   6,   8,  27,  31,  32,  33,  34,
     37,  39,  43,  58,  59,  61,  71,  72,  76,  79,  83, 134, 144, 163, 164, 165,
    166, 169, 170,   2,   3,   5,   6,   8,  23,  27,  31,  32,  33,  34,  37,  39,
     40,  43,  48,  51,  52,  58,  59,  61,  65,  71,  76,  79,  83, 105, 116, 124,
    134, 144, 163, 164, 165, 166, 169, 170,   2,   3,   6,  23,  26,  27,  29,  30,
     31,  72,  79,  82,  83, 115, 117, 144, 165, 166,   0,   2,   6,   8,  10,  23,
     27,  28,  32,  33,  34,  35,  37,  39,  42,  44,  45,  47,  55,  56,  57,  58,
     59,  61,  62,  70,  71,  72,  76,  78,  79,  83,  85,  86,  87,  88,  89,  90,
     91,  92,  97,  98,  99, 100, 101, 102, 103, 104, 106, 107, 108, 109, 110, 111,
    112, 113, 114, 126, 128, 129, 131, 132, 133, 134, 135, 136, 137, 138, 139, 140,
    141, 142, 143, 146, 149, 150, 151, 152, 153, 154, 155, 156, 157, 158, 159, 161,
    162, 163, 164, 165, 166, 169, 170, 171,   0,   2,   5,   6,   7,   9,  12,  13,
     15,  18,  20,  21,  22,  23,  27,  31,  32,  33,  34,  35,  36,  37,  38,  39,
     46,  50,  54,  56,  57,  58,  59,  61,  62,  70,  71,  72,  78,  83,  84, 103,
    104, 123, 133, 134, 135, 136, 137, 138, 149, 163, 165, 166, 167, 168, 169, 170,
      0,   1,   2,   3,   5,   6,   8,  21,  22,  23,  40,  43,  46,  48,  49,  50,
     51,  52,  53,  54,  56,  57,  58,  59,  60,  61,  62,  65,  69,  71,  72,  79,
     84,  93,  94,  95,  96, 103, 104, 105, 109, 116, 118, 119, 120, 121, 122, 123,
    124, 127, 130, 132, 133, 135, 136, 137, 138, 144, 145, 147, 148, 149, 160, 163,
    164, 165, 166,   3,   8,  23,  58,  59,  61,  71, 163, 164, 165,   2,   5,   6,
     23,  25,  26,  28,  29,  30,  31,  32,  33,  34,  35,  36,  37,  38,  39,  40,
     56,  58,  59,  60,  61,  62,  65,  72,  79,  82, 115, 117, 133, 134, 135, 137,
    138, 163, 165, 166, 169, 170,   0,   2,   3,   5,   7,   8,   9,  10,  23,  25,
     26,  28,  29,  30,  31,  32,  33,  34,  35,  36,  37,  38,  39,  40,  42,  44,
     45,  46,  47,  48,  51,  52,  55,  56,  58,  59,  61,  65,  71,  75,  76,  82,
     84,  85,  86,  87,  88,  89,  90,  91,  92,  97,  98,  99, 100, 101, 102, 105,
    106, 107, 108, 109, 110, 111, 112, 113, 114, 115, 116, 117, 124, 126, 128, 129,
    131, 132, 133, 134, 135, 139, 140, 141, 142, 143, 146, 150, 151, 152, 153, 154,
    155, 156, 157, 158, 159, 161, 162, 163, 164, 165, 166, 167, 168, 169, 174,   0,
      3,   5,   7,   8,   9,  10,  23,  25,  26,  28,  29,  30,  31,  32,  33,  34,
     35,  36,  37,  38,  39,  40,  42,  44,  45,  46,  47,  48,  51,  52,  55,  56,
     58,  59,  61,  65,  71,  75,  76,  82,  84,  85,  86,  87,  88,  89,  90,  91,
     92,  97,  98,  99, 100, 101, 102, 105, 106, 107, 108, 109, 110, 111, 112, 113,
    114, 115, 116, 117, 124, 126, 128, 129, 131, 132, 133, 134, 135, 139, 140, 141,
    142, 143, 146, 150, 151, 152, 153, 154, 155, 156, 157, 158, 159, 161, 162, 163,
    164, 165, 166, 167, 168, 169, 174,   2,   5,   6,   7,   9,  23,  25,  26,  27,
     29,  30,  31,  32,  33,  34,  35,  36,  37,  38,  39,  55,  57,  58,  59,  60,
     61,  62,  65,  79,  82,  83, 103, 104, 115, 117, 131, 132, 134, 136, 137, 138,
    149, 163, 165, 166, 167, 168, 169, 170,   2,   5,   6,   7,   9,  23,  25,  26,
     27,  29,  30,  31,  32,  33,  34,  35,  36,  37,  38,  39,  40,  55,  57,  58,
     59,  60,  61,  62,  65,  79,  82,  83, 103, 104, 115, 117, 131, 132, 134, 136,
    137, 138, 149, 163, 165, 166, 167, 168, 169, 170,   6,  23,  25,  28,  32,  34,
     35,  36,  37,  38,  39,  42,  44,  45,  46,  47,  49,  50,  53,  54,  55,  56,
     57,  58,  59,  60,  61,  62,  79,  81,  84,  85,  86,  87,  88,  89,  90,  91,
     92,  93,  94,  95,  96,  97,  98,  99, 100, 101, 102, 103, 104, 106, 107, 108,
    109, 110, 111, 112, 113, 114, 118, 119, 120, 121, 122, 123, 127, 128, 129, 130,
    131, 132, 133, 134, 135, 136, 137, 138, 139, 140, 141, 142, 143, 144, 145, 146,
    147, 148, 149, 150, 151, 152, 153, 154, 155, 156, 157, 158, 159, 160, 161, 162,
    163, 166,   2,   5,   6,   7,   9,  23,  25,  26,  27,  29,  30,  31,  32,  33,
     34,  35,  36,  37,  38,  39,  40,  55,  57,  58,  59,  60,  61,  62,  65,  79,
     82,  83, 103, 104, 115, 117, 131, 132, 134, 136, 137, 138, 149, 163, 165, 166,
    167, 168, 169, 170,   1,   2,   5,   6,   7,   8,   9,  23,  25,  26,  27,  28,
     29,  30,  31,  32,  33,  34,  35,  36,  37,  38,  39,  40,  42,  43,  44,  45,
     48,  51,  52,  58,  59,  61,  65,  71,  72,  76,  82,  83,  85,  86,  87,  88,
     89,  90,  91,  92,  97,  98,  99, 100, 101, 102, 105, 106, 107, 108, 109, 110,
    111, 112, 115, 116, 117, 124, 126, 128, 129, 132, 134, 140, 141, 142, 143, 146,
    150, 151, 152, 153, 154, 155, 156, 157, 158, 159, 161, 162, 163, 164, 165, 166,
    167, 168, 169, 171, 174,   0,   2,   3,   7,   8,   9,  10,  15,  16,  17,  21,
     22,  23,  24,  25,  27,  28,  31,  36,  38,  42,  43,  44,  45,  46,  47,  48,
     49,  50,  51,  53,  54,  55,  56,  57,  58,  59,  60,  61,  62,  71,  76,  79,
     81,  83,  84,  85,  86,  87,  88,  89,  90,  91,  92,  93,  94,  95,  96,  97,
     98,  99, 100, 101, 102, 103, 104, 105, 106, 107, 108, 109, 110, 111, 112, 113,
    114, 116, 118, 119, 120, 121, 122, 123, 124, 127, 128, 129, 130, 131, 132, 133,
    135, 136, 137, 138, 139, 140, 141, 142, 143, 144, 145, 146, 147, 148, 149, 150,
    151, 152, 153, 154, 155, 156, 157, 158, 159, 160, 161, 162, 163, 164, 165, 167,
    168, 171,   2,   5,   6,   7,   8,   9,  23,  25,  26,  27,  28,  29,  30,  31,
     32,  33,  34,  35,  36,  37,  38,  39,  42,  44,  45,  51,  58,  59,  60,  61,
     71,  76,  82,  83,  85,  86,  87,  88,  89,  90,  91,  92,  97,  98,  99, 100,
    101, 102, 106, 107, 108, 109, 110, 111, 112, 115, 117, 124, 126, 128, 129, 134,
    140, 141, 142, 143, 146, 150, 151, 152, 153, 154, 155, 156, 157, 158, 159, 161,
    162, 163, 164, 165, 167, 168, 169, 171, 174,   2,   3,   5,   6,   8,  23,  27,
     32,  33,  34,  35,  37,  39,  58,  59,  61,  70,  71,  72,  76,  78,  79,  83,
    134, 163, 164, 165, 166, 169, 170,   2,   5,   6,   8,  23,  25,  26,  27,  29,
     30,  31,  32,  33,  34,  35,  36,  37,  38,  39,  58,  59,  60,  61,  62,  71,
     76,  82,  83, 115, 117, 134, 137, 138, 163, 164, 169, 171,   3,   7,   9,  23,
     25,  26,  28,  29,  30,  34,  36,  37,  42,  45,  47,  55,  60,  71,  79,  82,
     85,  86,  87,  88,  89, 106, 107, 113, 114, 115, 117, 131, 132, 139, 140, 141,
    150, 151, 152, 153, 154, 155, 167, 168,   1,   2,   5,   7,   9,  23,  58,  60,
     72,  79, 118, 165, 167, 168,   0,   1,   2,   3,   5,   6,   7,   8,   9,  21,
     22,  23,  25,  26,  27,  28,  29,  30,  32,  33,  34,  35,  36,  37,  38,  40,
     42,  43,  44,  45,  46,  47,  48,  51,  52,  53,  54,  55,  56,  57,  58,  59,
     60,  61,  62,  65,  69,  71,  79,  82,  83,  84,  85,  86,  87,  88,  89,  90,
     91,  92,  98,  99, 100, 101, 102, 103, 104, 105, 106, 107, 108, 109, 110, 111,
    112, 113, 114, 115, 116, 117, 124, 127, 128, 129, 130, 131, 132, 133, 134, 135,
    136, 137, 138, 139, 140, 141, 142, 143, 146, 147, 148, 149, 150, 151, 152, 153,
    154, 155, 156, 157, 158, 159, 160, 161, 162, 163, 164, 166, 167, 168,   0,   1,
      2,   5,   6,   7,   8,   9,  23,  40,  44,  45,  56,  57,  58,  59,  60,  61,
     65,  69,  71,  72,  90,  91,  92,  98,  99, 100, 101, 102, 103, 104, 108, 109,
    110, 111, 112, 128, 129, 133, 135, 136, 142, 143, 146, 149, 156, 157, 158, 159,
    161, 162, 163, 164, 165, 166, 167, 168,   2,   5,   6,  23,  25,  26,  28,  29,
     30,  31,  32,  33,  34,  35,  36,  37,  38,  39,  40,  56,  58,  59,  60,  61,
     62,  65,  72,  79,  82, 115, 117, 133, 134, 135, 137, 138, 163, 165, 166, 169,
    170,   3,   6,   8,  23,  27,  31,  32,  33,  34,  37,  39,  58,  59,  61,  71,
     76,  79,  83, 134, 144, 163, 164, 165, 166, 169, 170,   2,   3,   6,   8,  23,
     27,  31,  32,  33,  34,  37,  39,  58,  59,  61,  71,  72,  76,  79,  83, 134,
    144, 163, 164, 165, 166, 169, 170,   0,   3,   5,   7,   8,   9,  10,  23,  25,
     26,  28,  29,  30,  31,  32,  33,  34,  35,  36,  37,  38,  39,  40,  42,  44,
     45,  46,  47,  48,  51,  52,  55,  56,  58,  59,  61,  65,  71,  75,  76,  82,
     84,  85,  86,  87,  88,  89,  90,  91,  92,  97,  98,  99, 100, 101, 102, 105,
    106, 107, 108, 109, 110, 111, 112, 113, 114, 115, 116, 117, 124, 126, 128, 129,
    131, 132, 133, 134, 135, 139, 140, 141, 142, 143, 146, 150, 151, 152, 153, 154,
    155, 156, 157, 158, 159, 161, 162, 163, 164, 165, 166, 167, 168, 169, 174,   2,
      5,   6,   7,   8,   9,  23,  27,  28,  32,  33,  34,  35,  36,  37,  39,  40,
     43,  56,  58,  59,  60,  61,  65,  70,  71,  72,  76,  78,  83, 133, 134, 135,
    163, 164, 165, 166, 167, 168, 169, 170,   1,   2,   5,   6,   7,   8,   9,  23,
     27,  28,  32,  33,  34,  35,  36,  37,  39,  40,  43,  48,  51,  52,  56,  58,
     59,  60,  61,  65,  70,  71,  72,  76,  78,  83, 105, 116, 124, 133, 134, 135,
    163, 164, 165, 166, 167, 168, 169, 170,   1,   2,   5,   6,  23,  25,  26,  29,
     30,  31,  32,  33,  34,  35,  36,  37,  38,  39,  40,  43,  48,  51,  52,  56,
     58,  59,  60,  61,  65,  72,  79,  82, 105, 115, 116, 117, 124, 133, 134, 135,
    163, 165, 166, 169, 170,   1,   2,   5,   6,  23,  25,  26,  29,  30,  31,  32,
     33,  34,  35,  36,  37,  38,  39,  40,  43,  48,  51,  52,  56,  58,  59,  60,
     61,  65,  72,  79,  82, 105, 115, 116, 117, 124, 133, 134, 135, 163, 165, 166,
    169, 170,   3,   6,   8,  23,  27,  31,  32,  33,  34,  37,  39,  58,  59,  61,
     71,  76,  79,  83, 134, 144, 163, 164, 165, 166, 169, 170,   1,   2,   5,   6,
     23,  25,  26,  28,  29,  30,  31,  32,  33,  34,  35,  36,  37,  38,  39,  40,
     43,  48,  51,  52,  56,  58,  59,  60,  61,  62,  65,  72,  79,  82, 105, 115,
    116, 117, 124, 133, 134, 135, 137, 138, 163, 165, 166, 169, 170,   2,   5,   6,
     23,  25,  26,  28,  29,  30,  31,  32,  33,  34,  35,  36,  37,  38,  39,  40,
     43,  48,  51,  52,  56,  58,  59,  60,  61,  62,  65,  72,  79,  82, 105, 115,
    116, 117, 124, 133, 134, 135, 137, 138, 163, 165, 166, 169, 170,   0,   1,   2,
      3,   5,   6,   7,   8,   9,  21,  22,  23,  25,  26,  27,  28,  29,  30,  32,
     33,  34,  35,  36,  37,  38,  40,  42,  43,  44,  45,  46,  47,  48,  51,  52,
     53,  54,  55,  56,  57,  58,  59,  60,  61,  62,  65,  69,  71,  79,  82,  83,
     84,  85,  86,  87,  88,  89,  90,  91,  92,  98,  99, 100, 101, 102, 103, 104,
    105, 106, 107, 108, 109, 110, 111, 112, 113, 114, 115, 116, 117, 118, 124, 127,
    128, 129, 130, 131, 132, 133, 134, 135, 136, 137, 138, 139, 140, 141, 142, 143,
    146, 147, 148, 149, 150, 151, 152, 153, 154, 155, 156, 157, 158, 159, 160, 161,
    162, 163, 164, 166, 167, 168,   0,   1,   2,   5,   6,   7,   8,   9,  23,  40,
     44,  45,  56,  57,  58,  59,  60,  61,  65,  69,  71,  72,  90,  91,  92,  98,
     99, 100, 101, 102, 103, 104, 108, 109, 110, 111, 112, 118, 128, 129, 133, 135,
    136, 142, 143, 146, 149, 156, 157, 158, 159, 161, 162, 163, 164, 165, 166, 167,
    168,   0,   3,   5,   7,   8,   9,  10,  23,  24,  25,  26,  27,  28,  29,  30,
     31,  32,  33,  34,  35,  36,  37,  38,  40,  42,  43,  44,  45,  47,  48,  51,
     52,  55,  56,  62,  65,  70,  71,  72,  76,  78,  79,  82,  83,  85,  86,  87,
     88,  89,  90,  91,  92,  97,  98,  99, 100, 101, 102, 105, 106, 107, 108, 109,
    110, 111, 112, 113, 114, 115, 116, 117, 124, 126, 128, 129, 131, 132, 133, 134,
    135, 137, 138, 139, 140, 141, 142, 143, 146, 150, 151, 152, 153, 154, 155, 156,
    157, 158, 159, 161, 162, 164, 165, 166, 167, 168, 169, 171, 173, 174,   2,   5,
      6,   7,   9,  12,  13,  14,  16,  18,  20,  21,  22,  25,  26,  28,  29,  30,
     32,  33,  34,  35,  36,  37,  38,  40,  42,  46,  48,  49,  50,  51,  52,  53,
     54,  56,  57,  58,  59,  60,  61,  62,  65,  79,  81,  82,  84,  85,  86,  87,
     88,  89,  93,  94,  95,  96, 103, 104, 105, 106, 107, 115, 116, 117, 118, 119,
    120, 121, 122, 123, 124, 127, 130, 133, 134, 135, 136, 137, 138, 140, 141, 144,
    145, 147, 148, 149, 150, 151, 152, 153, 154, 155, 160, 163, 165, 166, 167, 168,
    172,   0,   3,   7,   8,   9,  12,  15,  16,  17,  18,  20,  21,  22,  25,  28,
     32,  33,  34,  35,  36,  37,  40,  42,  43,  44,  45,  46,  47,  48,  51,  52,
     53,  54,  55,  56,  58,  59,  60,  61,  62,  63,  66,  71,  79,  80,  81,  84,
     85,  86,  87,  88,  89,  90,  91,  92,  93,  95,  96,  97,  98,  99, 100, 101,
    102, 105, 106, 107, 108, 109, 110, 111, 112, 113, 114, 116, 118, 119, 120, 123,
    124, 126, 127, 128, 129, 130, 131, 132, 133, 134, 135, 137, 138, 139, 140, 141,
    142, 143, 144, 145, 146, 147, 148, 149, 150, 151, 152, 153, 154, 155, 156, 157,
    158, 159, 161, 162, 163, 164, 167, 168,   0,   3,   4,   7,   8,   9,  12,  15,
     16,  17,  21,  22,  23,  25,  27,  28,  32,  33,  34,  35,  36,  37,  40,  42,
     43,  44,  45,  46,  47,  48,  51,  52,  53,  54,  55,  56,  57,  58,  60,  61,
     62,  63,  66,  71,  77,  79,  80,  81,  83,  84,  85,  86,  87,  88,  89,  90,
     91,  92,  93,  95,  96,  97,  98,  99, 100, 101, 102, 103, 104, 105, 106, 107,
    108, 109, 110, 111, 112, 113, 114, 116, 118, 119, 120, 123, 124, 126, 127, 128,
    129, 130, 131, 132, 133, 134, 135, 136, 137, 138, 139, 140, 141, 142, 143, 144,
    145, 146, 147, 148, 149, 150, 151, 152, 153, 154, 155, 156, 157, 158, 159, 161,
    162, 163, 164, 167, 168,   0,   2,   4,   5,   6,   8,  11,  12,  14,  16,  17,
     18,  20,  23,  25,  27,  28,  32,  33,  34,  35,  37,  39,  40,  46,  50,  54,
     56,  57,  58,  59,  61,  63,  65,  66,  69,  71,  72,  76,  81,  83,  84, 103,
    104, 123, 133, 134, 135, 136, 149, 163, 164, 165, 166, 172,   0,   2,   4,   5,
      6,   8,  11,  12,  14,  16,  17,  18,  20,  23,  25,  27,  28,  32,  33,  34,
     35,  37,  39,  40,  46,  50,  54,  56,  57,  58,  59,  61,  63,  65,  66,  69,
     71,  72,  76,  81,  83,  84, 103, 104, 123, 133, 134, 135, 136, 149, 163, 164,
    165, 166, 172,  25,  31,  32,  34,  35,  36,  37,  38,  58,  59,  60,  61,  62,
    134, 137, 138, 163,   0,   1,   2,   3,   4,   5,   7,   8,   9,  15,  16,  17,
     18,  21,  22,  23,  40,  63,  65,  66,  69,  71,  79,  80, 164, 167, 168,  12,
     58,  59,  60,  61,  79, 163,  32,  46,  56,  57,  58,  59,  60,  61,  84, 103,
    104, 133, 134, 135, 136, 149, 163,  15,  16,  15,  15,  15,  18,  18,   0,   1,
      2,   3,   5,   6,   7,   8,   9,  23,  25,  26,  27,  28,  29,  30,  31,  32,
     33,  34,  35,  36,  37,  38,  39,  40,  42,  44,  45,  46,  47,  48,  49,  50,
     51,  52,  55,  56,  58,  59,  60,  61,  64,  65,  69,  70,  71,  72,  74,  75,
     76,  77,  78,  82,  83,  84,  85,  86,  87,  88,  89,  90,  91,  92,  93,  94,
     95,  96,  97,  98,  99, 100, 101, 102, 103, 104, 105, 106, 107, 108, 109, 110,
    111, 112, 113, 114, 115, 116, 117, 118, 119, 120, 121, 122, 123, 124, 126, 128,
    129, 130, 131, 132, 133, 134, 135, 136, 138, 139, 140, 141, 142, 143, 144, 145,
    146, 147, 148, 149, 150, 151, 152, 153, 154, 155, 156, 157, 158, 159, 160, 161,
    162, 163, 164, 165, 166, 167, 168, 169, 170, 171, 173, 174,   3,   6,   8,  23,
     27,  31,  32,  33,  34,  37,  39,  58,  59,  61,  71,  76,  79,  83, 134, 144,
    163, 164, 165, 166, 169, 170,
};

static const int8_t libron_18_boldKernSparseValues[] = {
     -18,  -18,  -22,   -9,  -16,   -8,  -21,  -17,  -18,  -20,  -18,  -11,  -18,  -16,   -5,  -17,
      -4,  -13,  -12,  -13,   -5,  -19,   -4,  -18,   -4,    2,  -13,  -18,  -18,  -22,  -22,  -18,
     -18,  -21,    3,  -75,  -44,  -75,  -20,  -16,   -6,   -3,   -3,  -47,  -51,    1,    2,    2,
       9,    8,    4,    9,    4,  -16,    9,  -21,  -27,   -1,  -14,    5,    5,    5,   -4,   -3,
     -12,   -1,   -2,   -2,   -7,    3,   -4,  -36,   -8,  -56,  -60,   -1,  -27,  -16,  -16,  -30,
     -16,  -37,  -21,  -39,   32,   14,   23,  -13,  -40,  -21,  -21,  -21,  -21,   18,  -16,  -31,
     -21,  -40,  -21,  -40,  -39,  -14,  -28,    8,    7,    6,    9,   23,    5,    1,   -4,  -21,
     -21,   -6,  -23,  -19,   -1,    2,   -1,   -2,   -2,  -27,   -7,  -16,  -14,  -21,   76,    5,
     -26,   20,   -4,    1,  -16,    5,  -16,  -16,  -16,  -16,  -21,  -21,   -3,  -21,  -14,  -21,
     -44,  -75,  -75,  -21,   -2,   -2,    5,    1,    2,  -12,  -11,  -28,  -17,    3,  -37,   -2,
      -2,    1,    1,    1,    2,   -2,   -4,    6,   -2,   -2,   -2,   -2,   -2,   -2,   -2,   -2,
      -1,   -2,   -2,   -2,   -2,   -2,    1,    1,   -1,   -2,   -2,  -12,   -2,   -2,   -2,   -2,
      -2,   -2,   -2,   -2,   -2,    3,  -16,  -15,   -7,   -4,  -35,   -4,  -15,  -19,  -19,   -6,
      -4,   -4,  -17,   -9,    4,    2,    1,    4,   -8,    8,  -18,  -17,   -2,    2,    2,    2,
      -3,   -3,   -4,   -9,  -16,  -13,  -13,   -4,   -3,   -5,  -16,  -22,   -7,  -14,  -17,   -2,
      -8,   -8,   -8,   -8,   -8,  -18,  -18,  -18,   17,    8,  -11,  -18,  -18,  -18,  -18,  -18,
     -16,  -16,   11,   -8,   -8,  -18,  -18,  -18,  -18,  -18,    2,    2,   -3,  -18,  -18,   -3,
      -4,   -3,   -9,   -9,  -16,   -3,   -3,   -3,   -8,   -9,  -18,   59,  -15,    8,   -3,  -15,
      -8,    8,   -8,   -8,   -8,   -8,  -18,  -18,    6,  -18,   -1,  -18,   -4,  -35,   -7,   -4,
      -4,  -16,   -5,   -5,  -13,  -11,   -5,   -5,  -17,  -20,   -2,  -13,  -83,  -38,  -83,   -1,
       2,  -18,  -16,  -10,   -4,   -4,  -50,  -10,   -1,  -57,  -12,   -9,    1,   -1,  -13,   -6,
      -7,  -19,  -21,  -26,   -3,  -15,   -1,   -3,   -3,   -1,   -1,   -8,   -4,  -15,   -3,   -4,
      -2,   -2,   -4,   -4,   -9,  -13,   -6,  -32,  -15,  -58,  -66,  -10,   -1,   -3,  -19,  -16,
     -17,  -16,  -19,  -21,  -19,  -18,   -3,   -3,   25,   17,  -19,  -21,  -21,  -21,  -21,  -21,
      -4,   -4,   -1,  -19,  -19,  -20,  -21,  -20,  -21,  -21,  -14,  -15,   -8,    4,  -10,   17,
       4,    1,   -3,   -3,   33,   -1,  -10,   -6,   -8,  -21,  -21,   -8,   -9,  -15,   -3,    1,
      -3,   -4,   -4,   -4,  -15,  -19,  -17,  -21,  -20,   19,   13,  -21,   -8,   -7,   -4,  -19,
     -16,  -18,  -19,  -19,  -19,  -21,  -20,  -19,  -21,   -3,  -21,  -21,  -38,  -83,  -83,  -22,
     -75,   -5,   -4,  -82,  -12,   -8,   -5,    5,   11,   -2,  -28,  -20,  -34,    1,  -14,    2,
    -107,  -24,  -57,  -82, -115,  -47,   -1,   -3,   -9,  -11,  -14,  -12,  -38,  -27,  -44,   -7,
      -3,  -10,   -9,  -67,   -4,    2,  -14,   -3,  -12,  -12,   -9,  -14, -106,  -14,  -12,  -12,
     -44,  -12, -128, -128,  -75,  -44,  -35,  -36,   -2,   -2,  -28,  -11,   -7,   -1,  -14,  -10,
      -7,   -7,  -24,  -19,  -21,  -18,  -20,  -51,  -15,  -45,  -33,  -36,  -63,  -20,  -31,   -4,
     -16,   -9,  -13,  -10,   -9,   -9,  -13,  -10,  -12,  -10,  -22,  -17,  -30,  -26,   -4,  -28,
     -22,  -32,  -19,  -16,   -4,   -4,   -4,   -4,   -4,  -13,  -13,  -13,  -13,  -10,  -10,   -9,
      -4,   -4,  -19,   -9,  -19,  -13,  -13,  -13,  -13,  -13,  -10,   -9,  -13,  -13,  -12, -100,
     -12,  -10,   -4,   -4,   -4,   -4,  -13,  -13,  -13,  -13,  -10,   -4,   -4,   -4,   -4,   -4,
      -4,  -13,  -26,  -41,  -36,   -2,   -2,  -39,   -9,  -75,   -5,   -4,  -82,  -12,   -8,   -5,
       5,   11,   -2,  -28,  -20,  -34,    1,  -14,    2,  -53,  -24,  -57,  -41,  -58,  -47,   -1,
      -3,   -9,  -11,  -14,  -12,  -38,  -27,  -44,   -7,   -3,  -10,   -9,  -67,   -4,    1,  -14,
      -3,  -12,  -12,   -9,  -14, -106,  -14,  -12,  -12,  -44,  -12,  -80,  -78,  -75,  -16,  -47,
     -47,  -90,  -14,  -11,  -11,  -13,  -13,  -36,  -32,    6,    4,    1,    5,  -33,   10,  -42,
     -42,   -4,  -29,    3,    3,    3,  -14,   -8,  -29,   -2,   -3,   -4,   -4,  -42,   -4,  -33,
     -33,  -33,  -33,  -33,  -42,  -42,  -42,   -5,  -42,  -42,  -42,  -42,  -42,   -3,   -3,   12,
     -33,  -33,  -42,  -42,  -42,  -42,  -42,  -29,  -29,    3,    3,  -14,  -42,  -42,  -14,  -29,
     -29,   -2,   -2,   -3,   -4,   -4,  -29,  -33,  -33,  -42,  -42,  -42,  -14,  -14,   -3,  -33,
     -33,  -33,  -33,  -33,  -33,  -42,  -42,  -42,  -42,  -42,  -42,  -47,  -47,  -15,   -9,   -9,
      -3,  -21,   -9,  -14,  -10,   -9,   -5,  -18,  -14,  -12,  -23,  -11,   -5,  -17,   -9,   -9,
      -9,   -9,   -9,  -14,  -17,  -14,   -8,   -7,   -7,  -13,   -5,    6,  -13,    1,    1,  -16,
     -15,  -18,  -17,    2,  -19,   -3,  -23,  -10,  -13,   -8,  -10,  -13,  -16,  -14,  -13,  -13,
     -14,   -4,   -4,  -10,   -2,   -1,   -9,   -8,  -19,  -16,   -4,  -22,  -19,   -9,   -4,   -3,
      -2,   -7,   -8,   -7,   -7,   -1,   -1,   -2,   -1,   -1,  -13,   -4,   -2,   -4,   -4,   -8,
      -4,  -12,  -10,   -6,  -14,   -2,   -3,   -2,  -12,   -2,   -4,   -4,   -4,   -8,   -2,   -3,
      -7,   -7,   -2,  -17,   -3,  -13,   -9,   -1,   -1,    1,   -8,   -2,   -1,   -2,   -1,   -1,
     -22,   -7,  -28,  -22,   -2,  -32,   -4,   -9,   -1,  -20,  -20,   -1,   -1,   -1,  -22,  -12,
      -9,  -11,    8,  -16,  -16,   -2,   -1,   -4,   -1,   -4,   -4,  -19,   -9,    2,    2,    2,
     -16,  -16,   -4,  -11,   -1,   -1,   -7,   -2,   -3,   -2,   -6,  -14,   -3,  -10,   -8,   -4,
     -12,   -1,  -11,  -12,  -14,   -9,   -6,   -1,   -1,   -6,    8,    1,    1,  -42,  -28,  -42,
     -23,    8,  -17,  -16,  -13,    2,  -38,   -7,  -36,    1,    4,   17,   13,    8,   16,    2,
       1,  -13,    1,  -25,   -7,  -28,    1,  -42,  -42,  -18,   -3,   -4,   -1,   -9,   -1,   -1,
      -1,   -3,   -3,  -10,   -8,   -4,  -12,  -10,   -1,   -1,   -1,   -3,  -14,  -28,   -2,  -28,
     -11,   -7,  -33,  -10,  -30,  -13,  -10,   -4,  -12,  -10,  -14,  -16,   -6,   -5,  -13,   -1,
     -10,  -10,  -10,   -2,  -28,  -28,   -3,   -4,   -1,   -7,    1,    6,   -2,    1,   -6,  -10,
     -29,  -21,  -38,  -13,   -2,   -6,   -6,  -12,   -7,   -1,   -2,   -1,   -2,  -12,   -1,    2,
     -39,  -39,   -8,  -12,  -12,  -20,   -6,  -19,   -8,   -7,   -3,  -16,  -12,  -11,  -21,    1,
       1,    1,    1,  -21,   -6,   -6,   -6,    1,    1,    1,  -12,  -12,  -20,  -49,   -6,  -50,
       1,  -24,    1,    5,  -17,   -4,    1,    1,  -14,    2,  -11,  -29,   -7,  -16,  -35,   -6,
     -19,    7,   -8,  -58,  -27,  -56,  -38,   -2,  -63,   -4,  -38,   -4,  -12,   -9,   -1,   -5,
      -5,   -1,  -14,  -10,  -34,  -23,   -2,  -40,  -15,  -31,  -22,  -40,  -22,  -31,  -34,   -4,
      -4,   -4,   -4,   -4,  -12,  -12,  -12,  -11,  -12,  -12,  -12,  -12,  -22,  -10,  -10,   -4,
      -4,  -12,  -12,  -12,  -12,  -12,   -1,   -1,   -5,   -3,   -1,  -12,  -12,   -1,   -1,  -14,
     -58,  -14,  -10,   -1,   -4,   -4,  -12,  -12,  -12,  -10,   -4,   -4,   -4,   -4,   -4,   -4,
     -12,  -12,  -12,  -12,  -12,  -12,  -40,  -24,  -46,  -47,    1,    1,  -52,  -45,   -8,   -7,
      -1,   -4,  -13,   -1,   -5,   -1,   -1,   -6,   -2,  -14,   -9,  -12,  -14,   -2,   -2,   -3,
      -3,   -3,   -2,   -2,   -3,   -2,   -1,   -1,   -7,   -4,   -7,   -8,   -5,   -7,  -12,   -1,
      -3,   -3,   -3,   -3,   -3,   -3,   -2,   -2,   -2,   -2,   -3,   -3,   -3,   -3,   -1,   -1,
      -2,   -2,   -2,   -2,   -2,   -2,   -3,   -3,   -1,   -1,   -1,   -6,   -1,   -5,   -5,   -3,
      -3,   -3,   -2,   -2,   -3,   -3,   -3,   -3,   -3,   -3,   -3,   -3,   -2,   -8,   -1,   -4,
      -2,   -1,   -1,   -2,   -2,   -2,   -2,   -1,   -1,   -1,   -2,   -2,   -2,   -2,   -2,   -2,
      -2,   -2,   -2,   -2,   -2,   -2,   -2,   -2,   -2,   -2,   -2,   -2,   -2,   -2,   -2,   -2,
      -2,   -2,   -2,   -1,   -1,   -1,   -1,   -2,   -2,   -2,   -2,   -2,   33,   -2,   -2,    9,
      -2,   -2,   -2,   -2,   -2,   -2,   10,   -2,    6,   -2,   -5,  -17,  -17,  -17,   -2,   -8,
     -23,   -7,  -19,   -8,   -7,   -3,   -4,  -17,  -12,  -33,  -24,   -4,  -15,   -4,   -2,   -2,
      -1,   -5,   -5,   -5,   -1,   -3,   -1,   -5,   -3,  -13,   -4,  -28,   -7,   -4,   -4,   -4,
      -4,   -4,   -2,   -2,   -2,   -2,   -2,   -2,   -2,   -2,   -2,   -5,   -4,   -4,   -2,   -2,
      -2,   -2,   -2,   -1,   -1,   -7,   -5,   -7,   -5,   -4,   -2,   -2,   -1,   -1,   -3,   -1,
      -4,   -4,   -2,   -2,   -2,   -4,   -4,   -4,   -4,   -4,   -4,   -2,   -2,   -2,   -2,   -2,
      -2,   -3,  -17,  -17,   -1,   -1,   -4,   -3,   -2,   -1,   -1,   -2,   -1,   -1,   -1,   -2,
      -2,   -2,   -2,   -6,   -2,   -7,   -2,   -3,   -1,   -1,   -2,   -2,   -2,   -2,   -2,   -1,
      -1,   -1,   -1,   -1,   -1,   -1,   -1,   -1,   -2,   -2,   -1,   -1,   -1,   -1,   -1,   -2,
      -2,   -2,   -1,   -1,   -2,   -2,   -2,   -2,   -2,   -2,   -2,   -1,   -1,   30,   -1,   -2,
       7,   -2,   -2,   -2,   -2,   -1,   -1,    9,   -1,    5,   -1,   -7,  -20,    3,  -21,  -56,
     -39,  -56,  -26,    1,  -20,  -15,  -10,   -7,   -7,    7,  -13,  -43,   -6,  -53,   -1,   -2,
       1,  -28,    8,  -31,  -35,   -2,  -24,    3,   -5,   -2,    3,    3,  -10,  -10,  -24,   -2,
      -6,   -3,   -3,   -4,   -3,  -10,    1,  -29,    1,  -34,    1,  -15,  -61,   -6,   -2,  -28,
     -27,  -28,  -27,  -28,  -31,  -31,  -30,    4,   -7,   -1,    7,  -25,  -31,  -31,  -31,  -31,
     -31,   -6,   -6,   10,  -28,  -28,  -31,  -31,  -31,  -31,  -31,  -24,  -24,    4,   -2,   -4,
      -3,   -5,   -8,    7,    3,   -1,  -10,  -31,  -31,  -10,  -21,  -23,   -2,    1,   -3,   -6,
     -10,  -10,  -24,  -15,  -28,  -17,  -31,   51,   -2,  -23,  -10,   -6,  -28,   20,  -28,  -28,
     -28,  -28,  -31,  -31,   17,  -31,   -5,    4,  -31,   -3,  -39,    4,  -56,  -56,    1,    1,
      -9,    1,    1,  -10,  -11,   -1,   -1,    1,   -2,  -10,   -5,   -1,   -9,  -11,   -7,   -4,
     -11,   -2,   -1,   -2,   -2,   -2,   -3,   -2,  -11,   -8,  -13,   -1,   -2,   -2,   -1,   -1,
      -1,   -1,   -1,   -2,   -2,   -1,   -1,   -2,   -3,   -9,   -3,   -2,   -1,   -1,    4,   -2,
      -1,   -1,   -1,   -1,   -1,   -1,  -13,   -5,   -7,   -1,   -1,   -9,   -4,   -7,  -19,   -8,
      -9,   -9,   -6,   -7,   -8,    2,  -16,  -14,   -4,   -6,   -2,   -4,   -2,  -12,   -6,  -13,
     -11,  -19,  -17,  -20,   -5,  -20,  -18,   -8,   -7,   -4,   -8,   -8,   -8,   -8,   -8,  -16,
     -16,  -16,   -2,   -2,   -2,  -16,  -16,  -16,  -16,  -16,  -16,  -11,  -11,    4,   -8,   -8,
     -16,  -16,  -16,  -16,  -16,   -6,   -6,   -2,   -2,   -3,   -2,   -2,   -4,   -2,  -16,  -16,
      -2,   -6,   -6,  -13,  -13,  -11,   -5,   -5,   -6,  -15,   -8,  -30,  -16,   40,   -2,  -16,
      -2,   -2,  -11,   -8,  -14,   -8,   -8,   -8,   -8,  -16,  -16,  -25,  -16,   -2,  -16,  -16,
     -20,  -19,    1,    2,  -15,  -23,  -15,  -23,  -13,   -4,   -3,   -4,   -8,  -11,  -11,   -4,
     -10,  -10,  -12,  -28,   -5,  -18,  -22,   11,  -19,  -20,  -13,  -18,    6,   -5,   -2,    6,
       6,  -16,  -15,  -20,  -12,  -12,  -13,  -13,  -11,  -13,  -19,  -19,  -14,  -23,  -31,   -5,
     -13,  -22,  -22,  -22,  -22,  -22,  -19,  -19,  -19,    4,  -22,   -9,   -2,  -17,  -19,  -19,
     -19,  -19,  -19,  -12,  -12,   20,  -22,  -22,  -19,  -19,  -19,  -19,  -19,  -18,  -18,    8,
      -9,   -9,   -7,   -5,  -22,   -2,    6,    1,  -16,  -19,  -19,  -16,  -20,  -20,  -12,  -12,
     -12,  -19,  -19,  -18,  -35,  -22,  -32,  -19,   47,   -9,  -19,  -15,  -16,  -12,  -22,  -27,
     -22,  -22,  -22,  -22,  -19,  -19,  -22,  -19,  -13,  -28,  -19,  -13,  -15,  -23,  -23,  -13,
      -3,  -12,    1,  -30,    1,    4,  -10,    2,   -2,  -13,   -1,   -9,   -3,   -3,   -6,   -3,
      -4,  -33,    3,   -5,   -4,   -2,   -7,   -6,   -8,   -4,  -17,  -10,   -4,   -2,   -6,   -3,
     -15,  -12,  -47,  -34,   -7,  -52,   -4,   -4,  -24,  -14,  -27,   -4,  -61,   -4,   -4,   -4,
      -4,   -4,  -17,  -17,  -17,    2,  -16,  -17,  -17,  -17,  -17,  -32,  -12,  -12,    2,   -4,
      -4,  -17,  -17,  -17,  -17,  -17,   -4,   -4,   -2,   -2,   -3,  -17,  -17,   -3,   -3,  -15,
     -12,  -31,  -12,   -4,   -8,   -4,  -17,  -17,   39,  -17,    1,  -12,   -4,   -7,   -4,   -4,
      -4,   -4,  -17,  -17,  -32,  -17,  -17,  -17,  -52,  -30,  -14,   -1,    1,    1,   -3,   -3,
     -15,  -17,  -58,   -2,  -57,    4,    4,  -14,   -4,    1,  -26,  -14,    2,    2,  -38,   -1,
      -1,  -61,   -8,  -53,  -27,   -4,  -64,   -4,  -26,   -4,   -5,   -5,   -8,   -4,  -28,  -15,
     -31,   -1,   -2,    3,  -29,   -2,   -1,   -4,   -4,   -4,   -5,   -8, -118,   -8,   -4,   -1,
      -1,   -4,  -31,  -51,  -47,    4,    4,  -50,  -47,   -5,   -9,  -18,    1,   -8,   -8,   -8,
      -3,   -2,   -8,   -1,   -1,   -5,  -14,  -11,   -3,   -4,   -7,  -11,   -3,  -14,  -12,  -22,
     -20,  -23,   -2,  -19,   -4,  -17,   -2,   -2,   -8,   -3,   -5,   -5,   -5,   -5,   -5,  -14,
     -14,  -14,    1,  -14,  -14,  -14,  -14,  -14,  -14,  -12,  -12,   -5,   -5,  -14,  -14,  -14,
     -14,  -14,   -4,   -4,   -7,   -1,  -14,  -14,   -3,   -3,  -14,   -1,  -14,  -12,   -2,   -2,
      -4,   -5,   -5,  -14,  -14,   30,  -14,  -12,   -5,   -5,   -5,   -5,   -5,   -5,  -14,  -14,
     -14,  -14,  -14,  -14,  -23,  -18,   -9,   -2,   -2,    1,  -14,  -16,  -16,  -16,   -4,   -8,
      -2,   -2,   -8,   -6,  -11,   -5,   -8,   -8,  -12,   -9,   -6,  -10,  -21,    5,  -17,  -16,
     -14,  -15,    2,   -6,   -4,    2,    2,  -14,  -14,  -17,  -13,  -13,  -16,  -15,   -9,  -16,
     -18,  -20,  -15,  -20,   -7,   -6,  -14,  -21,  -21,  -21,  -21,  -21,  -17,  -17,  -17,   -3,
     -20,   -6,   -8,  -17,  -17,  -17,  -17,  -17,  -17,  -13,  -13,   11,  -21,  -21,  -17,  -17,
     -17,  -17,  -17,  -15,  -15,    3,   -6,   -6,  -11,   -6,  -20,   -4,    2,   -1,  -14,  -17,
     -17,  -14,  -17,  -17,  -13,  -13,  -13,  -18,  -18,  -15,  -37,  -21,  -32,  -17,   41,   -6,
     -17,  -18,  -14,  -13,  -21,  -30,  -21,  -21,  -21,  -21,  -17,  -17,  -23,  -17,  -14,  -29,
     -17,  -16,  -16,  -16,  -16,   -3,  -17,  -15,  -15,   -3,   -9,  -20,   -7,  -17,   -8,   -7,
      -3,   -4,  -18,  -13,  -31,  -24,   -4,  -15,   -3,   -1,   -1,   -5,   -5,   -5,   -1,   -4,
      -1,   -5,   -3,  -13,   -4,  -24,   -7,   -3,   -3,   -3,   -3,   -3,   -1,   -5,   -3,   -3,
      -1,   -1,   -7,   -5,   -7,   -5,   -3,   -1,   -1,   -3,   -1,   -3,   -3,   -3,   -3,   -3,
      -3,   -3,   -3,   -3,  -15,  -15,   -2,  -17,  -18,  -64,  -31,  -64,  -22,    1,   -7,  -10,
       1,    1,   -2,  -40,   -4,    1,  -53,   -7,   -4,    1,    2,  -10,   -6,  -18,   -2,    1,
      -8,  -12,  -15,   -6,   -6,    3,    3,    2,    3,  -23,    1,  -23,    1,   -4,  -58,   -4,
       1,   -8,   -8,   -8,   -8,   -8,  -12,  -12,  -12,    2,    1,  -14,  -12,  -12,  -12,  -12,
     -12,   -8,   -8,  -12,  -12,  -12,  -12,  -12,   -6,   -6,   -4,    3,   -4,    1,    3,   -4,
      -6,  -12,  -12,   -6,   -6,    2,   -6,   -8,   -8,  -12,  -12,    1,    1,  -12,   -8,   -8,
      -8,   -8,   -8,   -8,  -12,  -12,  -12,  -12,  -12,  -12,    3,  -31,    2,  -64,  -64,   -2,
       2,   -3,  -14,  -23,  -15,   -3,    1,   -9,  -20,   -7,  -17,   -8,   -7,   -3,   -4,  -18,
     -13,  -31,  -24,   -4,  -12,    4,   -3,   -1,   -1,   -5,   -5,   -5,   -1,   -4,   -1,   -5,
      -3,  -10,   -4,  -24,   -7,   -3,   -3,   -3,   -3,   -3,   -1,   -5,   -3,   -3,   -1,   -1,
      -7,   -5,   -7,   -5,   -3,   -1,   -1,   -3,   -1,   -3,   -3,   -3,   -3,   -3,   -3,   -3,
      -3,   -3,  -26,  -26,   -2,   -5,   -3,  -11,  -19,    2,   -7,   -9,    1,   -8,   -4,   -2,
      -9,   -2,   -4,    3,   -5,   -6,  -14,  -10,  -14,   -4,   -5,   -1,   -9,   -6,   -1,   -6,
      -3,   -7,   -4,   -6,  -19,   -3,  -18,   -4,   -2,   -8,   -1,   -1,   -1,   -1,   -1,   -9,
      -9,   -9,   -9,   -9,   -9,   -9,   -9,  -17,   -1,   -1,   -9,   -9,   -9,   -9,   -9,   -9,
      -9,   -1,   -5,   -3,   -1,   -1,   -9,   -9,   -9,   -1,   -1,   -1,   -1,   -1,   -1,   -9,
      -9,   -9,   -9,   -9,   -9,   -7,  -19,   -3,   -6,  -12,   -6,   -4,   -1,   -2,  -10,   -8,
      -1,   -2,   -2,   -4,   -2,   -1,   -1,   -4,   -1,   -1,   -4,   -3,   -4,   -3,   -4,   -4,
      -2,   -2,   -1,   -6,   -4,   -1,   -7,   -4,   -7,   -9,   -4,   -4,   -4,   -4,   -4,   -4,
      -1,   -1,   -1,   -4,   -4,   -4,   -4,   -1,   -1,   -1,   -1,   -1,   -1,   -1,   -1,   -4,
      -4,   -1,   -1,   -1,   -1,   -1,   -3,   -3,   -4,   -4,   -4,   -4,   -4,   -3,   -4,   -1,
      -1,   -4,   -2,   -2,   -2,   -1,   -2,   -1,   -4,   -4,   -3,   -4,   -4,   -1,   -1,   16,
      -4,   -1,   -4,   -4,   -1,   -4,   -2,   -4,   -4,   -4,   -4,   -1,   -1,    5,   -1,   -4,
       2,   -1,   -7,   -2,  -18,    2,  -24, -107,  -51,  -54,  -23,  -22,  -14,   -9,   -6,   -6,
       3,  -12,  -57,   -4,  -53,   -2,   -2,   -1,  -26,    1,  -36,  -42,   -7,  -22,  -18,   -4,
      -2,  -18,  -14,  -14,  -22,   -7,  -12,  -14,  -14,  -12,  -14,   -9,  -43,  -48,  -11,  -77,
      -4,   -7,  -46,  -47,  -47,  -45,  -26,  -68,  -69,  -67,   -5,  -16,   -6,   -4,  -25,  -72,
     -36,  -36,  -71,  -36,  -12,  -12,  -17,  -49,  -48,  -70,  -36,  -70,  -70,  -71,  -43,  -44,
     -14,   -6,   -7,   -7,   -4,  -19,    4,  -18,  -14,  -36,  -36,  -27,  -38,  -40,  -13,  -14,
     -12,  -24,   -9,  -22,  -38,  -47,  -60,  -70,   33,   -6,  -64,  -16,  -26,  -20,  -26,  -16,
     -48,  -49,  -49,  -49,  -36,  -70,  -28,  -71,   -4,  -40,  -36,  -14,  -51,    2, -107,  -54,
     -14,    1,    2,  -15,  -24,  -15,  -24,  -14,   -4,   -3,   -4,   -8,  -11,  -10,   -4,  -10,
     -10,  -12,  -29,   -4,  -20,    1,    1,    1,  -22,   12,  -20,  -20,  -13,  -18,    6,   -4,
      -2,   13,    6,  -16,  -15,  -20,  -11,  -11,  -12,  -12,  -12,  -12,  -19,  -19,  -14,  -23,
     -34,   -4,  -13,  -22,  -22,  -22,  -22,  -22,  -20,  -20,  -20,    7,  -20,   -4,  -18,  -20,
     -20,  -20,  -20,  -20,  -11,  -11,   21,  -22,  -22,  -20,  -20,  -20,  -20,  -20,  -18,  -18,
       8,   -4,   -4,   -6,   -4,  -20,   -2,   13,    1,  -16,  -20,  -20,  -16,  -20,  -20,  -11,
     -11,  -11,  -19,  -19,  -18,  -36,  -22,  -32,  -20,   51,   -4,  -38,  -14,  -16,  -11,  -22,
     -27,  -22,  -22,  -22,  -22,  -20,  -20,  -23,  -20,  -10,  -29,  -20,  -12,  -15,  -24,  -24,
     -21,    5,    7,  -30,    2,    2,  -53,  -42,  -53,  -34,  -20,   -4,   -9,  -12,  -34,  -27,
     -32,  -14,   -5,  -28,  -28,    5,  -33,  -51,  -20,  -49,   -9,    1,   -2,    2,    4,  -49,
      24,  -47,  -49,  -27,  -42,   16,   -5,   -3,   16,   16,  -42,  -38,  -45,  -27,  -28,  -25,
     -26,  -28,  -25,  -41,    3,  -16,  -46,  -41,    4,   -1,  -41,  -76,  -20,  -27,  -38,  -49,
     -49,  -47,  -49,  -38,  -47,  -44,   23,  -31,   -5,   15,  -25,  -42,  -47,  -47,  -47,  -47,
     -26,  -28,   27,  -49,  -43,  -47,  -45,  -47,  -43,  -44,  -42,  -38,    4,   -3,    2,    4,
      -5,  -41,   -3,   16,   -3,    6,  -42,  -47,  -46,  -36,  -45,  -36,  -27,  -31,  -28,  -41,
     -38,  -39,    1,  -49,   -2,  -47,   67,   -5,  -14,   15,  -42,  -19,  -49,    8,  -46,  -49,
     -49,  -46,  -47,  -47,    4,  -46,   -9,   -8,  -47,  -25,  -42,    2,  -53,  -53,    4,    5,
     -20,  -17,    4,    6,  -27,    2,    2,  -79,  -32,  -40,  -21,  -15,   -3,   -6,  -10,  -26,
     -23,  -26,  -12,   -4,  -20,  -20,    4,  -27,  -35,  -13,  -30,   -6,   -2,    2,    3,  -35,
      23,  -30,  -29,  -19,  -27,   14,   -3,   -1,   29,   14,  -25,  -23,  -30,  -17,  -19,  -16,
     -16,  -17,  -16,  -26,    3,  -12,  -34,  -31,    3,  -33,  -61,  -13,  -19,  -63,  -35,  -35,
     -35,  -35,  -56,  -30,  -30,   19,  -25,   -4,   12,  -22,  -58,  -30,  -30,  -30,  -30,  -19,
     -19,   40,  -35,  -67,  -30,  -30,  -30,  -59,  -59,  -27,  -27,   18,   -3,    1,    4,   -3,
     -28,   -1,   29,   -2,    5,  -25,  -30,  -30,  -47,  -30,  -54,  -17,  -39,  -19,  -26,  -26,
     -27,  -36,  -35,  -33,  -30,   62,   -3,  -44,  -11,  -50,  -29,  -35,  -29,  -70,  -35,  -35,
     -70,  -30,  -30,  -26,  -30,  -10,  -36,  -30,  -16,  -32,    2,  -79,  -40,    2,    4,   -5,
     -13,   -4,  -12,  -32,    1,    5,  -10,    2,   -3,  -14,   -1,   -9,   -4,   -4,   -7,   -2,
      -4,  -32,    2,   -5,   -6,   -1,   -5,   -3,   -4,   -4,  -17,  -11,   -4,   -2,   -6,   -3,
     -14,  -11,  -48,  -32,  -52,   -4,   -3,  -25,  -14,  -29,   -4,   -5,  -25,   -4,   -4,   -4,
      -4,   -4,  -17,  -17,  -17,    3,  -16,  -17,  -17,  -17,  -17,  -16,  -11,  -11,   -4,   -4,
     -17,  -17,  -17,  -17,  -17,   -4,   -4,   -2,   -1,   -3,  -17,  -17,   -3,   -3,  -14,   -8,
     -17,  -11,   -4,   -4,   -4,  -17,  -17,   39,  -17,    1,  -11,   -4,   -4,   -4,   -4,   -4,
      -4,  -17,  -17,  -16,  -17,  -17,  -17,  -52,  -32,  -13,   -4,   -6,   -7,   -9,  -21,    2,
       3,  -32,    1,    1, -104,  -58,  -52,  -32,  -26,   -4,  -12,  -14,  -45,  -28,  -40,  -18,
      -6,  -34,  -34,    2,  -39,  -58,  -28,  -52,   -9,   -1,    1,    2,  -63,   20,  -71,  -72,
     -38,  -59,   11,  -10,   -7,   23,   11,  -53,  -53,  -58,  -40,  -44,  -44,  -41,  -43,  -44,
     -53,    2,  -21,   -1,  -62,   -1,  -56,    2,   -2,  -48,  -80,  -28,  -75, -112,  -63, -124,
    -121,  -63, -122,  -71, -128,    8,  -52,  -17,  -31, -128,  -71,  -71, -128,  -71,  -85,  -44,
      34,  -63, -117,  -71, -128, -128, -128, -128,  -59, -111,   14,  -16,  -13,  -10,  -10,  -63,
     -14,   23,    3,  -53,  -71, -128, -100,  -58, -105,  -40,  -82,  -44,  -53, -104, -111,  -66,
     -63,  -78, -128,   52,  -17,  -90,  -42, -106,  -70, -125,  -59, -121,  -63, -125, -121,  -71,
    -128,  -71, -128,  -26,  -83, -128,  -44,  -58,   -1,    1, -104,  -52,    1,    3,  -31,   -3,
     -10,    1,   -1,   -1,   -3,   -5,   -2,   -4,   -2,   -2,   -2,   -2,  -10,   -3,   -9,   -6,
      -2,   -4,   -5,   -3,   -4,   -2,   -2,   -5,   -2,   -8,   -1,   -7,   -4,  -22,  -17,  -23,
      -4,   -2,   -3,   -2,   -2,   -4,   -4,   -3,   -3,   -3,   -3,   -3,   -3,   -2,   -2,   -2,
      -4,   -4,   -3,   -3,   -2,   -2,   -2,   -2,   -2,   -2,   -2,   -2,   -2,   -5,   -2,   -2,
      -1,   -1,   -7,  -10,   -7,   -4,   -4,   -4,   -2,   -3,   -3,   23,   -2,   -5,   -2,   -4,
      -3,   -3,   -3,   -3,   -3,   -3,   -2,  -23,   -9,   -3,   -5,   -5,   -5,    4,  -11,  -13,
      -2,   -1,  -31,   -1,  -12,  -17,  -16,  -15,   -3,    4,    4,    1,    4,   -1,    8,  -13,
     -12,    2,    2,    2,   -3,   -8,   -3,   -3,   -4,  -14,  -15,   -6,  -15,   -1,   -1,   -1,
      -1,   -1,  -13,  -13,  -13,   22,   11,  -13,  -13,  -13,  -13,  -13,   -8,   -8,   11,   -1,
      -1,  -13,  -13,  -13,  -13,  -13,    2,    6,    2,  -13,  -13,   -3,   -3,   -8,    4,   -1,
      -4,  -13,   65,  -11,   14,   -6,   -1,   28,   -1,   -1,   -1,   -1,  -13,  -13,   25,  -13,
      13,  -13,   -4,  -31,   -1,   -1,  -16,  -14,    4,  -23,  -13,  -35,  -22,    1,  -34,  -85,
      -3,  -16,   -3,    1,  -18,    7,   -3,  -23,   -3,  -18,   -1,   -1,  -17,   17,    8,   19,
      21,    4,   10,   19,   19,   21,   19,  -26,   -1,  -24,    1,  -10,    1,  -23,   -7,    2,
     -34,  -21,  -58,  -33,   -2,  -61,  -32,   -1,  -15,  -11,   -3,  -18,   -7,  -10,  -14,   -7,
      -8,   -7,   -1,  -34,   -1,  -18,  -10,  -21,  -22,    1,    1,  -34,  -20,  -19,   -1,  -18,
     -14,   -1,   -1,  -20,  -12,  -14,   -2,  -14,  -15,   -3,  -29,  -19,  -46,  -29,  -23,  -71,
     -14,  -27,  -14,   -1,  -10,   -8,  -13,  -13,   -2,  -14,   -2,  -12,  -14,  -14,  -14,   -1,
     -29,   -1,   -2,   -2,  -13,  -12,  -10,   -1,   -1,  -25,   -9,   -3,   -4,   -2,   -9,   -6,
      -2,   -5,   -2,   -5,  -14,  -16,  -44,  -29,   -8,  -62,   -1,  -13,   -2,   -1,   -1,   -1,
      -1,   -5,   -4,   -2,   -8,   -6,   -1,   -5,   -1,   -1,   -1,   -1,   -1,   -1,   -1,   -1,
      -1,   -1,   -1,   -1,   -1,   -1,   -5,   -5,   -1,   -1,  -14,   -1,   -1,   -1,   -1,   -1,
      -1,   -1,   -1,   -1,   -4,   -9,   -2,   -1,  -16,    1,   -8,   -1,  -13,  -12,   -8,   -6,
       1,   -9,  -11,   -7,   -6,   -8,   -4,   -1,   -8,   -5,  -10,  -13,   -3,  -11,   -3,   -2,
      -6,   -1,   -9,   21,    3,    3,  -10,  -12,   -8,   -8,  -11,   -8,  -17,   -9,  -13,  -19,
      -5,   -9,   -7,  -10,   -2,  -27,  -19,  -47,  -31,  -12,  -69,   -8,  -31,   -2,   -1,  -10,
      -8,  -10,  -14,   -2,   -1,   -5,   -9,   -9,   -9,   -1,  -27,   -1,  -14,  -10,   -9,  -24,
      -8,   18,   61,   88,    3,   75,   75,  -24,  -33,  -24,   79,  -12,   59,    6,   -9,   51,
      59,   23,   61,   71,   88,   85,   73,   87,   51,   74,   79,   -8,   -9,  -10,    3,   -5,
      -2,    5,   41,   -2,   -2,   -4,   13,    2,    2,    2,    2,   36,   74,   17,   53,  -23,
      59,   59,   58,  -26,   74,   50,   59,    6,    3,   11,  -10,   -3,   14,  -13,    8,  -11,
       9,  119,   35,   93,  122,  -10,    1,  -15,  -13,   -1,   -9,    8,    4,   -2,   -2,   -1,
     -10,   -6,   -5,   -4,   -8,   -1,    7,   59,   72,   59,  106,  107,  107,   35,   35,  107,
      -2,  -11,  -12,  -11,   16,   10,   16,   13,   61,   25,    5,    9,    6,   54,   -7,   50,
     -10,  127,   99,   38,   76,   13,   40,  -12,   61,   -4,   -8,   -5,  -16,   -6,   57,   -9,
      68,   45,  -13,    7,  -33,   72,   81,  -24,  -24,   88,   82,   -7,   51,   24,   -6,    1,
       2,  -16,   -2,    2,    2,   -2,   -2,   -5,   -4,   -4,   -3,   -5,   -4,  -10,  -13,  -28,
     -19,   -3,  -48,   -4,   -4,   21,   -5,   -7,   -7,    2,   -1,    2,    1,   -1,    2,    1,
       2,    2,    2,    1,    2,  -14,    2,    2,  -14,   -1,    1,   -5,   -4,    2,   -5,   -5,
      -5,   -5,   -5,   -7,   -7,   -7,   -7,   -7,   -7,   -7,   -7,   -7,    1,    1,   -5,   -5,
      -7,   -7,   -7,   -7,   -7,   -1,   -1,   -5,   -5,    2,   -5,   -7,   -7,   -1,   -1,    2,
     -10,    4,    1,   -1,   -5,   -5,   -7,   -7,   -7,    1,   -5,   -5,   -5,   -5,   -5,   -5,
      -7,   -7,   -7,   -7,   -7,   -7,    2,  -16,    5,    2,    5,    5,   -2,    2,   -3,    2,
       5,  -22,   -3,   -2,  -20,   -8,  -24,   -7,   -1,  -31,  -19,  -58,  -35,  -64,   -1,  -32,
      -1,  -13,  -10,  -14,   -7,  -11,  -12,   -5,   -7,   -3,   -7,   -1,  -31,   -1,  -14,   -8,
     -18,  -19,  -31,  -17,   -1,  -10,  -10,   -4,   -5,   -1,   -6,   -6,   -2,   -2,   -5,   -3,
      -2,   -4,  -12,   -8,   -4,   -5,   -6,   16,   -4,  -10,   -4,   -1,   -8,   -1,   -2,   -2,
      -2,   -2,   -2,   -1,   -7,   -2,   -2,   -2,   -2,   26,   -4,   -5,   -8,  -30,    4,   -6,
     -11,    1,  -12,  -18,  -42,  -26,  -55,   -5,   -7,  -17,  -15,  -10,  -10,   -4,   -5,   -6,
      -3,   -9,   -2,   -2,  -22,   -2,  -28,   -2,   -3,  -11,   -7,   -7,   -7,   -7,   -7,  -17,
     -17,  -17,  -18,  -17,  -17,  -17,  -17,  -32,   -5,   -5,   -7,   -7,  -17,  -17,  -17,  -17,
     -17,  -10,  -10,  -10,  -17,  -17,  -10,  -10,   -4,  -12,   -4,   -5,   -2,   -2,  -10,   -7,
      -7,  -17,  -17,  -17,   -5,   -7,   -7,   -7,   -7,   -7,   -7,  -17,  -17,  -17,  -17,  -17,
     -17,   -9,  -30,   -4,   -6,  -13,   -2,   -9,   -4,   -5,  -10,   -9,   -6,   -6,   -1,   -6,
      -9,   -5,   -4,   -6,   -4,   -4,   -3,   -5,   -1,  -12,  -31,   -8,   -6,   -6,   22,    3,
       4,   -5,   -9,   -4,   -4,   -5,   -4,  -20,  -18,  -15,  -21,  -12,  -16,   -1,  -16,  -16,
      -2,  -34,  -19,  -48,  -31,  -24,  -76,  -15,  -39,  -13,   -2,  -12,   -9,  -14,  -15,   -1,
     -14,   -2,  -14,  -16,  -16,  -16,   -2,  -34,   -2,   -1,   -1,  -15,  -12,  -10,  -25,   -9,
      -1,   -5,   -7,   -8,   -2,   -8,   -9,   -9,  -13,  -41,  -25,   -5,  -53,   -3,  -10,   10,
       6,   -2,   -7,   -8,   -2,   -8,   -8,    6,   -9,   -9,  -14,  -12,  -16,  -40,  -24,  -40,
     -14,   -3,  -35,  -21,  -41,  -24,  -22,   -1,  -15,  -15,  -37,  -24,  -45,  -60,   -4,   -4,
     -11,   -9,  -11,  -10,    1,   -7,   -4,   -4,   -4,   -7,    1,    1,    1,    1,  -12,  -19,
       1,  -22,  -21,    1,   -9,   -9,   -9,   -9,   -9,  -11,  -11,  -11,   -9,  -11,  -11,  -11,
     -11,  -11,   -4,   -9,   -9,  -11,  -11,  -11,  -11,  -11,   -7,   -7,  -21,   -4,  -21,   -4,
     -15,  -11,  -11,   -7,   -7,    1,  -15,    1,   -7,   -9,   -9,  -11,  -11,  -11,   -9,   -9,
      -9,   -9,   -9,   -9,  -11,  -11,  -11,  -11,  -11,  -11,    1,  -24,    4,    3,  -40,  -40,
      -3,    2,  -12,  -12,  -10,   -1,   -1,  -15,   -6,  -10,   -3,   -8,  -11,   -2,  -21,  -20,
     -46,  -30,   -9,  -58,   -6,  -26,   -2,   -4,   -1,   -9,   -7,   -5,  -10,   -1,   -2,   -4,
     -10,   -3,   -1,   -1,  -10,  -10,   -4,   -4,  -21,   -1,   -1,   -1,   -1,  -10,   -5,   -8,
      -1,   -1,  -18,   -4,   -1,   -1,   -1,    4,   -7,    4,   -2,   -1,   -4,   -5,    1,   -2,
      -4,   -2,  -15,  -14,  -37,  -25,   -2,  -52,   -3,   -2,   -1,   -4,   -3,   -3,    1,    1,
      -1,    1,  -10,   -6,   -4,   -5,   -1,   -1,   -1,   -1,   -1,   -4,   -4,   -4,   -4,   -4,
      -4,   -4,   -4,   -4,   -1,   -1,   -4,   -4,   -4,   -4,   -4,   -4,   -4,   -3,   -2,   -4,
      -4,  -15,   -1,   -1,   -4,   -4,   -4,   -1,   -1,   -1,   -1,   -1,   -1,   -4,   -4,   -4,
      -4,   -4,   -4,    1,   -7,    2,    4,    4,   -7,   -5,    1,  -16,   -1,   -3,  -16,  -11,
     -22,   -5,  -23,  -18,  -47,  -30,  -57,  -24,   -5,   -3,   -7,   -1,  -13,   -9,  -10,   -5,
      -1,   -5,  -23,   -7,  -11,  -12,  -15,  -26,  -14,  -13,  -19,  -17,  -38,  -23,  -38,  -16,
      -4,   -4,  -34,  -25,   -4,  -38,  -27,  -26,   -3,  -14,  -17,  -33,  -23,  -47,  -50,   -6,
      -9,  -12,   -2,  -16,  -19,  -10,  -10,  -10,  -10,  -10,   -7,  -14,  -25,  -22,   -4,  -25,
      -4,  -12,  -12,  -12,  -12,  -12,  -16,  -16,  -16,  -19,  -16,  -16,  -16,  -16,  -16,  -10,
     -12,  -12,  -16,  -16,  -16,  -16,  -16,  -10,  -10,  -25,  -10,  -25,  -10,  -17,  -16,  -16,
     -10,  -10,  -14,   -7,   -7,  -10,  -12,  -12,  -16,  -16,  -16,  -12,  -12,  -12,  -12,  -12,
     -12,  -16,  -16,  -16,  -16,  -16,  -16,  -23,    1,    1,  -38,  -38,   -5,   -7,    2,   -8,
     -14,  -17,  -26,  -16,  -26,   -3,  -21,  -20,  -23,  -21,  -20,  -14,  -15,  -32,  -22,  -34,
     -47,   -4,  -13,   -8,   -2,  -10,  -12,   -6,   -6,   -6,   -6,   -6,   -3,  -14,  -18,  -15,
     -20,   -8,   -8,   -8,   -8,   -8,  -10,  -10,  -10,  -11,  -10,  -10,  -10,  -10,  -10,   -6,
      -8,   -8,  -10,  -10,  -10,  -10,  -10,   -6,   -6,  -20,   -6,  -20,   -6,  -10,  -10,  -10,
      -6,   -6,  -14,   -3,   -3,   -6,   -8,   -8,  -10,  -10,  -10,   -8,   -8,   -8,   -8,   -8,
      -8,  -10,  -10,  -10,  -10,  -10,  -10,  -16,    1,    1,  -26,  -26,   -3,   -3,    2,   -1,
     -31,    2,   -3,  -10,    1,  -12,  -18,  -39,  -25,  -54,   -3,   -8,  -15,  -15,   -5,   -1,
      -5,   -1,   -1,  -22,  -28,  -10,   -8,   -8,   -8,   -8,   -8,  -15,  -15,  -15,  -16,  -15,
     -15,  -15,  -15,  -13,   -8,   -8,  -15,  -15,  -15,  -15,  -15,   -5,   -5,   -5,  -15,  -15,
      -5,   -5,   -1,  -12,   -1,   -1,   -1,   -5,   -8,   -8,  -15,  -15,  -15,   -8,   -8,   -8,
      -8,   -8,   -8,  -15,  -15,  -15,  -15,  -15,  -15,  -31,  -10,   -5,    1,  -14,  -17,  -16,
     -39,  -22,  -39,  -16,   -3,   -2,  -35,  -22,   -3,  -38,  -25,  -24,   -3,  -14,  -15,  -30,
     -21,  -46,  -48,   -4,   -4,  -10,   -2,  -14,  -18,   -8,   -8,   -8,   -8,   -8,    1,   -5,
     -12,    1,  -24,    1,  -21,    1,   -2,  -22,   -3,  -10,  -10,  -10,  -10,  -10,  -14,  -14,
     -14,  -17,  -14,  -14,  -14,  -14,  -14,   -8,  -10,  -10,  -14,  -14,  -14,  -14,  -14,   -8,
      -8,  -22,   -8,  -22,   -8,  -15,  -14,  -14,   -8,   -8,    1,  -14,    1,   -5,   -5,   -8,
     -10,  -10,  -14,  -14,  -14,  -10,  -10,  -10,  -10,  -10,  -10,  -14,  -14,  -14,  -14,  -14,
     -14,  -22,    4,    1,  -39,  -39,   -3,   -7,    1,    3,   -2,   -3,   -1,   -1,   -8,   -2,
      -8,   -2,   -5,   -8,   -1,  -16,  -19,  -46,  -30,   -5,  -58,   -3,   -8,   -3,   -3,   -4,
      -4,   -1,   -1,   -1,   -8,   -2,   -8,   -8,  -16,   -1,   -1,   -4,   -1,  -10,   -2,    3,
     -12,  -11,   -3,  -28,   -3,   -9,  -13,  -14,   -2,   -2,   -2,  -13,  -11,    4,    4,    1,
       4,   -7,    4,  -14,  -14,   -2,   -6,  -11,   -6,   -6,   -1,  -12,  -16,   -8,   -1,  -13,
      -7,   -7,   -7,   -7,   -7,  -14,  -14,  -14,   17,    5,   -4,  -14,  -14,  -14,  -14,  -14,
     -11,  -11,    7,   -7,   -7,  -14,  -14,  -14,  -14,  -14,    3,  -14,  -14,   -2,   -2,   -6,
      -6,  -11,   -7,   -7,  -14,   61,  -13,    9,  -10,   -7,   29,   -7,   -7,   -7,   -7,  -14,
     -14,   27,  -14,   14,  -14,   -1,  -28,   -2,   -3,   -3,   -7,   -5,   -8,   -7,   -7,   -6,
      -7,   -7,   -7,   -7,   -4,   -4,   -1,   -2,   -7,  -13,  -33,  -24,  -40,    1,    8,   -2,
      -2,    1,    1,    8,   -7,    1,   -3,   -3,   -2,   -2,   -2,   -1,   -1,  -15,   -3,  -10,
     -14,  -19,  -23,  -21,  -14,   -1,  -16,  -10,  -10,  -16,   -8,  -15,  -13,   -7,  -20,  -14,
       1,    1,    1,  -12,  -18,    1,  -10,  -10,  -13,   -6,   -6,   -3,  -10,  -13,   -9,  -20,
     -14,   -7,   -4,   -4,   -8,  -11,  -22,  -42,  -33,   -2,  -52,   -3,   -1,   -5,  -12,  -12,
      -2,   -5,   -3,   -5,   -5,   -4,   -1,   -2,   -3,   -7,  -21,   -4,   -2,   -6,   -1,    1,
      -7,   -4,   -1,   -1,   -1,   -1,   -1,  -12,  -12,  -12,  -13,  -12,  -12,  -12,  -12,  -12,
      -5,   -1,   -1,  -12,  -12,  -12,  -12,  -12,   -2,   -2,   -7,   -5,   -7,   -3,   -5,   -7,
      -9,  -12,  -12,   -1,  -21,   -1,   -2,   -1,   -1,  -12,  -12,  -12,   -1,   -1,   -1,   -1,
      -1,   -1,  -12,  -12,  -12,  -12,  -12,  -12,   -3,  -20,   -2,   -1,   -4,   -5,   -7,  -67,
     -67,  -39,  -46,   -5,   -2,   -2,   -1,   -3,   -7,    2,    1,    1,    1,  -11,  -54,   -3,
      -3,   -3,   13,    9,   -2,   -3,   -3,   -3,   -3,   -3,   -3,   -3,   -3,   -3,   -3,    2,
      10,    1,   19,   -3,   -3,   -3,   -3,   16,    8,   -3,   -3,   -3,   -3,   -3,   -3,   -3,
       1,  -67,  -67,    6,  -22,  -15,   -5,    1,    1,    2,    2,    1,    4,    1,    1,    4,
       1,    1,    1,    2,    2,    2,    4,    1,    1,    1,    1,    1,    1,    1,    4,   -4,
      -4,  -23,   -9,   -6,  -11,   -7,   -6,   -6,  -22,  -18,  -17,  -17,  -18,  -48,  -14,  -44,
     -32,  -33,  -61,  -16,   -4,  -15,   -6,  -13,  -10,   -6,  -31,  -13,  -10,  -11,   -9,  -21,
     -16,  -27,  -24,   -3,  -30,  -18,  -15,   -4,   -4,   -4,   -4,   -4,  -13,  -13,  -13,  -13,
      -9,   -9,   -6,   -4,   -4,  -18,   -6,  -18,  -13,  -13,  -13,  -13,  -13,  -10,   -6,  -13,
     -13,  -11,  -48,  -11,   -9,   -3,   -3,   -4,   -4,  -13,  -13,  -13,  -13,   -9,   -4,   -4,
      -4,   -4,   -4,   -4,  -13,  -24,   -4,   -4,   -3,   -3,  -37,   -1,  -24,  -31,  -11,  -11,
      -7,   -7,  -26,  -24,  -22,  -14,  -21,  -22,   -2,  -44,  -20,  -51,  -38,  -32,  -69,  -15,
     -16,   -7,   -8,  -18,  -15,  -17,  -15,  -15,  -15,  -17,  -15,   -2,  -16,  -14,  -26,  -20,
     -25,  -29,   -6,  -17,  -11,  -11,  -26,  -34,  -27,  -22,  -18,   -7,   -7,   -7,   -7,   -7,
     -17,  -17,  -17,  -17,  -14,  -14,  -15,   -7,   -7,  -22,  -15,  -22,  -17,  -17,  -17,  -17,
     -17,  -15,  -15,  -17,  -17,   -2,   -2,  -16,  -88,  -16,  -14,   -6,   -6,   -7,   -7,  -17,
     -17,  -17,  -17,  -14,   -7,   -7,   -7,   -7,   -7,   -7,  -17,  -29,  -32,  -29,  -11,  -11,
     -32,   -8,  -40,  -40,   -8,  -10,  -10,   -9,  -14,  -32,  -17,  -12,  -14,  -11,  -46,  -44,
     -64,  -52,  -12,  -68,   -7,  -20,  -12,  -31,  -28,  -11,    2,   -9,   -8,    3,   -9,   -9,
      -8,   -3,  -12,  -28,  -26,  -34,  -29,   -4,   -7,  -11,  -41,  -25,   -7,  -14,  -29,  -11,
     -20,  -20,  -20,  -20,  -20,  -31,  -31,  -31,   -8,   -8,   -8,   -8,  -31,  -31,  -31,  -31,
     -31,  -31,  -26,  -26,   -7,  -20,  -20,  -31,  -31,  -31,  -31,  -31,    2,    2,  -14,   -9,
     -14,   -8,   -8,   -8,   -8,   -8,    3,   -9,   -9,  -13,   -8,  -31,  -31,   -8,  -12,  -12,
     -28,  -46,  -28,  -26,  -11,  -11,    2,  -20,  -20,  -31,  -31,   -8,   -8,  -31,   -8,   -8,
     -26,  -20,  -20,  -20,  -20,  -20,  -20,  -31,  -31,  -31,  -31,   -8,  -31,  -31,   -7,  -36,
     -36,   -7,   -7,  -34,   -7,  -19,   -8,   -9,   -9,   -6,   -7,   -8,    2,  -16,  -14,   -4,
      -6,   -2,   -4,   -2,  -12,   -6,  -13,  -11,  -19,  -17,  -20,   -5,  -20,  -18,   -8,    1,
      -7,   -4,   -8,   -8,   -8,   -8,   -8,  -16,  -16,  -16,   -2,   -2,   -2,  -16,  -16,  -16,
     -16,  -16,  -16,  -11,  -11,    4,   -8,   -8,  -16,  -16,  -16,  -16,  -16,   -6,   -6,   -2,
      -2,   -3,   -2,   -2,   -4,   -2,  -16,  -16,   -2,   -6,   -6,  -13,  -13,  -11,   -5,   -5,
      -6,  -15,   -8,  -30,  -16,   40,   -2,  -16,   -2,   -2,  -11,   -8,  -14,   -8,   -8,   -8,
      -8,  -16,  -16,  -25,  -16,   -2,  -16,  -16,  -20,  -19,   -3,  -16,  -15,  -15,   -3,   -8,
     -20,   -7,  -17,   -8,   -7,   -3,   -4,  -15,  -23,  -28,  -44,   -4,  -14,   -3,   -1,   -1,
      -5,   -5,   -5,   -1,   -4,   -1,   -5,   -3,  -12,   -4,  -24,   -7,   -3,   -3,   -3,   -3,
      -3,   -1,   -5,   -3,   -3,   -1,   -1,   -7,   -5,   -7,   -5,   -3,   -1,   -1,   -3,   -1,
      -3,   -3,   -3,   -3,   -3,   -3,   -3,   -3,   -3,  -15,  -15,   -2,   -7,  -24,  -30,   -1,
     -30,   -3,  -20,  -32,  -13,  -35,  -14,  -14,   -4,   -8,  -31,  -20,  -57,  -53,   -9,  -23,
      -4,   -4,   -2,   -1,  -10,  -10,  -10,   -1,   -5,   -4,   -8,   -6,  -18,   -1,   -1,   -8,
     -62,  -13,   -4,   -4,   -4,   -4,   -4,  -10,   -4,   -4,   -1,   -1,  -13,  -10,  -13,  -10,
      -1,   -1,   -4,   -1,   -4,   -4,   -4,   -4,   -4,   -4,   -4,   -4,   -6,   -1,  -30,  -30,
     -12,  -16,   -1,   -3,  -20,  -14,   -4,  -10,   -5,   -8,  -11,   -2,  -27,  -17,  -18,  -17,
      -9,  -20,   -9,  -12,   -4,   -2,   -5,   -2,   -5,   -6,   -3,  -25,  -17,  -16,  -28,   -2,
      -1,  -12,  -12,  -10,   -5,   -4,   -2,   -2,   -2,   -2,   -3,   -3,  -10,  -10,   -2,   -2,
      -2,   -2,   -2,   -5,   -2,   -2,   -6,  -27,   -6,   -3,   -2,   -2,   -2,   -2,   -2,   -2,
      -3,   -2,  -28,  -16,  -17,  -16,  -15,  -48,   -1,  -24,    1,  -10,    1,  -23,   -7,    2,
     -34,  -21,  -58,  -33,   -2,  -61,  -32,   -1,  -15,  -11,   -3,  -18,   -7,  -10,  -14,   -7,
      -8,   -7,   -1,  -34,   -1,  -18,  -10,  -21,  -22,    1,    1,  -34,  -20,  -26,   -1,  -24,
       1,  -10,    1,  -23,   -7,    2,  -34,  -21,  -58,  -33,   -2,  -61,  -32,   -1,  -15,  -11,
      -3,  -18,   -7,  -10,  -14,   -7,   -8,   -7,   -1,  -34,   -1,  -18,  -10,  -42,  -22,    1,
       1,  -34,  -20,  -29,   -9,  -13,  -19,   -5,   -9,   -7,  -10,   -2,  -27,  -19,  -47,  -31,
     -12,  -69,   -8,  -31,   -2,   -1,  -10,   -8,  -10,  -14,   -2,   -1,   -5,   -9,   -9,   -9,
      -1,  -27,   -1,  -14,  -10,   -9,  -24,   -8,  -17,   -9,  -13,  -19,   -5,   -9,   -7,  -10,
      -2,  -27,  -19,  -47,  -31,  -12,  -69,   -8,  -31,   -2,   -1,  -10,   -8,  -10,  -14,   -2,
      -1,   -5,   -9,   -9,   -9,   -1,  -27,   -1,  -14,  -19,   -9,  -24,   -8,  -32,   -9,  -13,
     -19,   -5,   -9,   -7,  -10,   -2,  -27,  -19,  -47,  -31,  -12,  -69,   -8,  -31,   -2,   -1,
     -10,   -8,  -10,  -14,   -2,   -1,   -5,   -9,   -9,   -9,   -1,  -27,   -1,  -14,  -19,   -9,
     -24,   -8,    7,   25,   -1,   10,   -6,  -10,    2,   -5,   -1,   -6,   -6,   -2,   -2,   -5,
      15,   23,   14,   14,   14,   -3,   -2,   -4,   10,  -12,   -8,   -4,   -5,    1,    1,   35,
       7,   26,   14,   14,    1,   -6,   16,   -4,  -10,   -7,   12,   -8,   -1,    7,   -1,    4,
     -10,   -3,   -5,   -1,   -6,   -6,   -2,   -2,   -5,   -3,   -2,   -4,  -12,    8,   -8,   -4,
      -5,    9,    1,   -6,   16,   -4,  -10,   14,    2,   -8,   -1,    3,   16,   -1,    3,   12,
     -10,    5,   -5,   -1,   -6,   -6,   -2,   -2,   -5,    2,   16,    9,    9,    9,   -3,   -2,
      -4,  -12,    5,   -8,   -4,   -5,    7,    1,    9,    9,    9,   -6,   16,   -4,  -10,    4,
      11,   -8,   -1,   -8,   -3,  -14,   -5,   -4,   -4,  -11,  -13,  -12,   -2,  -12,  -13,   -2,
      -8,  -18,  -30,  -23,  -23,  -36,  -10,   -8,   -9,   -6,   -2,   -8,   -8,  -10,  -11,  -12,
     -12,  -12,   -8,   -8,   -3,   -4,   -4,  -13,  -38,  -18,  -15,  -21,  -12,  -16,   -1,  -16,
     -16,   -2,  -34,  -19,  -48,  -31,  -24,  -76,  -15,  -39,  -13,   -2,  -12,   -9,  -14,  -15,
      -1,  -14,   -2,  -14,  -16,  -16,  -16,   -2,  -34,   -2,   -1,   -1,  -15,  -12,  -10,  -25,
      -9,  -39,  -18,  -15,  -21,  -12,  -16,   -1,  -16,  -16,   -2,  -34,  -19,  -48,  -31,  -24,
     -76,  -15,  -39,  -13,   -2,  -10,  -18,  -14,  -27,   -1,  -14,   -2,  -14,  -16,  -16,  -16,
      -2,  -34,   -2,   -1,   -1,  -27,  -22,  -20,  -25,   -9,  -20,  -49,   -6,  -50,    1,  -24,
       1,    5,  -17,   -4,    1,    1,  -14,    2,  -11,  -29,   -7,  -16,  -35,   -6,  -19,    7,
      -8,  -58,  -27,  -56,  -38,   -2,  -63,   -4,  -38,   -4,  -12,   -9,   -1,   -5,   -5,   -1,
     -14,  -10,  -34,  -23,   -2,  -81,  -15,  -31,  -22,  -40,  -22,  -31,  -34,   -4,   -4,   -4,
      -4,   -4,  -12,  -12,  -12,  -11,  -12,  -12,  -12,  -12,  -22,  -10,  -10,   -4,   -4,  -12,
     -12,  -12,  -12,  -12,   -1,   -1,   -5,   -3,   -1,  -12,  -12,   -1,   -1,  -14,  -58,  -14,
     -10,   -1,   -4,   -4,  -12,  -12,  -12,  -10,   -4,   -4,   -4,   -4,   -4,   -4,  -12,  -12,
     -12,  -12,  -12,  -12,  -81,  -24,  -46,  -47,    1,    1,  -52,  -45,   -8,  -26,   -1,  -24,
      12,  -10,    1,    2,  -23,   -7,    2,  -34,  -21,  -58,  -33,   -2,  -61,  -32,    2,    9,
      -1,  -15,  -11,   -3,  -34,   -7,  -10,  -14,   -7,   -8,   -7,    2,    2,    9,   -1,  -34,
      -1,    2,  -34,  -10,  -21,  -22,    1,    1,  -34,  -20,   -1,   -2,   -2,   -9,   -4,   -2,
      -5,   -2,   -5,  -14,  -16,  -44,  -29,   -8,  -62,   -1,  -13,    1,   -1,   -1,   -1,   -1,
      -5,   -4,   -8,   -6,   -1,   -5,   -1,   -1,   -1,   -1,   -1,   -1,   -1,   -1,   -1,   -1,
      -1,   -1,   -1,   -1,   -5,   -5,   -1,   -1,  -14,   -1,   -1,   -1,   -1,   -1,   -1,   -1,
      -1,   -1,   -4,   -9,   -2,   -1,  -16,    1,   -4,   -4,   -2,   -9,   -6,   -2,   -5,   -2,
      -5,  -14,  -16,  -44,  -29,   -8,  -62,   -1,  -13,   -2,   -1,   -1,   -1,   -1,   -5,   -4,
      -2,   -8,   -6,   -1,   -5,   -1,   -1,   -1,   -1,   -1,   -1,   -1,   -1,   -1,   -1,   -1,
      -1,   -1,   -1,   -5,   -5,   -1,   -1,  -14,   -1,   -1,   -1,   -1,   -1,   -1,   -1,   -1,
      -1,   -4,   -9,   -2,   -1,  -16,    1,    5,   50,   62,   69,   44,   -4,  -18,   -4,   55,
      70,   -2,   81,   -5,   -5,    4,   -2,   72,   22,   28,   72,   71,   -2,    7,    6,   13,
      11,    9,   13,   66,    2,  -18,   22,   -1,    4,   -2,   -2,   -2,   -2,   -2,   -5,   -5,
      -5,   22,   22,   22,   22,   -5,   -5,   -5,   -5,   -5,    6,    6,   72,   -2,   -2,   -5,
      -5,   -5,   -5,   -5,   -2,   -2,   72,   22,   22,   22,   22,   22,   28,   72,   -5,   -5,
      -2,   -2,    7,    7,    6,   10,   -2,   -2,   -2,   -5,   -5,   22,   22,   -5,    6,   -2,
      -2,   -2,   -2,   -2,   -2,   -5,   -5,   -5,   -5,   22,   -5,   -5,   13,  -18,   30,   48,
      -4,   -4,    2,  -14,   -1,   -9,  -12,    3,   -6,    1,   -9,  -11,   -7,   -6,   -8,   -4,
      -1,   -8,   -5,  -10,  -13,   -1,  -11,   -3,   -2,   -6,    9,   -1,   -9,   21,    3,    3,
     -10,  -12,  -10,  -13,  -11,   -8,  -33,   -9,  -13,  -19,   -5,   -9,   -7,  -10,   -2,  -27,
     -19,  -47,  -31,  -12,  -69,   -8,  -31,   -2,   -1,  -10,   -8,  -10,  -14,   -2,   -1,   -5,
      -9,   -9,   -9,   -1,  -27,   -1,  -14,  -10,   -9,  -24,   -8,   -7,  -19,   -8,   -9,   -9,
      -6,   -7,   -8,    2,  -16,  -14,   -4,   -6,   -2,   -4,   -2,  -12,   -6,  -13,  -11,  -19,
     -17,  -20,   -5,  -20,  -18,   -8,   -7,   -4,   -8,   -8,   -8,   -8,   -8,  -16,  -16,  -16,
      -2,   -2,   -2,  -16,  -16,  -16,  -16,  -16,  -16,  -11,  -11,    4,   -8,   -8,  -16,  -16,
     -16,  -16,  -16,   -6,   -6,    2,   -2,   -2,   -3,   -2,   -2,   -4,   -2,  -16,  -16,   -2,
      -6,   -6,  -13,  -13,  -11,   -5,   -5,   -6,  -15,   -8,  -30,  -16,   40,   -2,  -16,   -2,
      -2,  -11,   -8,  -14,   -8,   -8,   -8,   -8,  -16,  -16,  -25,  -16,   -2,  -16,  -16,  -20,
     -19,    1,    6,   -1,    1,   -5,  -10,   -1,   -5,   -1,   -6,   -6,   -2,   -2,   -5,    4,
       6,    2,    2,    2,   -3,   -2,   -4,    3,  -12,   -8,   -4,   -5,    2,    2,    2,   -6,
      16,   -4,  -10,   -5,    2,   -8,   -1,    4,   -1,   -2,  -10,   -5,   -1,   -6,   -6,   -2,
      -2,   -5,    3,   -3,   -2,   -4,  -12,    2,   -8,   -4,   -5,   -6,   16,   -4,  -10,   -3,
       2,   -8,   -1,    6,   -1,    2,   -5,  -10,   -2,   -5,   -1,   -6,   -6,   -2,   -2,   -5,
       4,    4,    2,    2,    2,   -3,   -2,   -4,    3,  -12,   -8,   -4,   -5,    2,    2,    2,
      -6,   16,   -4,  -10,   -6,    2,   -8,   -1,   16,   -2,   13,    6,   -2,   -2,   -2,   -2,
      -1,   13,   -7,   -2,   -2,   -2,   -2,   26,   27,    8,   -8,   -5,   -8,  -30,    4,   -6,
     -11,    1,  -12,  -18,  -42,  -26,  -55,   -5,   -7,  -17,  -15,  -10,  -10,   -4,   -5,   -6,
      -3,   -9,   -2,   -2,  -22,   -2,  -28,   -2,   -3,  -11,   -7,   -7,   -7,   -7,   -7,  -17,
     -17,  -17,  -18,  -17,  -17,  -17,  -17,  -32,   -5,   -5,   -7,   -7,  -17,  -17,  -17,  -17,
     -17,  -10,  -10,  -10,  -17,  -17,  -10,  -10,   -4,  -12,   -4,   -5,   -2,   -2,  -10,   -7,
      -7,  -17,  -17,  -17,   -5,   -7,   -7,   -7,   -7,   -7,   -7,  -17,  -17,  -17,  -17,  -17,
     -17,   -9,  -30,   -4,   -6,  -13,   -2,   -9,  -17,  -96,   -2,  -49,    4,    4,  -14,   -4,
       1,  -26,  -14,    2,    2,  -34,   -1,   -1, -112,   -8,  -19,  -46,   -4,  -84,   -4,  -26,
      -4,   -5,   -5,   -8,   -4,  -28,  -15,  -31,   -1,   -2,    3,  -29,   -2,   -1,   -4,   -4,
      -4,   -5,   -8, -105,   -8,   -4,   -1,   -1,   -4,  -31,  -51,  -94,    4,    4,  -50,  -47,
      23,   64,   79,    1,   83,   60,   -9,    4,    4,   67,   87,   94,   12,   86,   37,   43,
      86,   85,    8,    9,   21,   23,   31,   29,   28,   31,    9,   82,   14,   -8,   36,   -6,
      12,   37,   37,   37,   37,   23,   23,   86,   22,   86,   37,   37,   37,   37,   37,   43,
      86,   10,    8,   42,   21,   21,   23,    9,   26,   37,   37,    8,    8,   23,   37,   31,
      -9,   44,   60,   -7,  -14,   -1,    1,    1,    1,  -14,    1,  -14,    1,  -24,  -15,  -15,
     -19,  -12,  -16,   -1,  -16,  -16,   -2,  -34,  -19,  -48,  -31,  -24,  -76,  -15,  -39,  -11,
      -2,  -12,   -9,  -14,  -15,   -1,  -13,   -2,  -14,  -16,  -16,  -16,   -2,  -34,   -2,   -1,
      -1,  -15,  -24,  -17,  -25,   -9,  -14,    2,  -12,  -15,  -40,  -24,  -40,  -14,   -3,  -35,
     -21,  -41,  -24,  -22,   -1,  -15,  -15,  -37,  -24,  -45,  -60,   -4,   -4,   -9,   -9,  -11,
     -10,    1,   -7,   -4,   -4,   -4,   -7,    1,    1,    1,    1,  -11,  -19,    1,  -22,  -21,
       1,   -9,   -9,   -9,   -9,   -9,  -11,  -11,  -11,   -9,  -11,  -11,  -11,  -11,  -11,   -4,
      -9,   -9,  -11,  -11,  -11,  -11,  -11,   -7,   -7,  -21,   -4,  -21,   -4,  -15,  -11,  -11,
      -7,   -7,    1,  -15,    1,   -7,   -9,   -9,  -11,  -11,  -11,   -9,   -9,   -9,   -9,   -9,
      -9,  -11,  -11,  -11,  -11,  -11,  -11,    1,  -24,    4,    3,  -40,  -40,   -3,    2,  -14,
     -12,  -16,  -40,  -24,  -40,  -14,   -3,  -35,  -21,  -41,  -24,  -22,   -1,  -15,  -15,  -37,
     -24,  -45,  -60,   -4,   -4,  -11,   -9,  -11,  -10,    1,   -7,   -9,   -9,   -9,   -7,    1,
       1,    1,    1,  -12,  -19,    1,  -22,  -21,    1,   -9,   -9,   -9,   -9,   -9,  -11,  -11,
     -11,   -9,  -11,  -11,  -11,  -11,  -11,   -9,   -9,   -9,  -11,  -11,  -11,  -11,  -11,   -7,
      -7,  -21,   -9,  -21,   -9,  -15,  -11,  -11,   -7,   -7,    1,  -15,    1,   -7,   -9,   -9,
     -11,  -11,  -11,   -9,   -9,   -9,   -9,   -9,   -9,  -11,  -11,  -11,  -11,  -11,  -11,    1,
     -24,    4,    3,  -40,  -40,   -3,    2,  -17,  -10,  -10,   -1,   -1,  -13,   -6,  -10,   -3,
      -8,  -11,   -2,  -21,  -20,  -46,  -30,   -9,  -58,   -6,  -26,   -4,   -1,   -9,   -7,   -5,
     -10,   -1,   -1,   -4,  -10,   -3,   -1,   -1,  -10,  -10,   -4,   -4,  -21,   -1,   -1,   -1,
      -1,  -10,   -5,  -12,   -1,   -1,  -18,   -4,  -12,  -12,  -10,   -1,   -1,  -15,   -6,  -10,
      -3,   -8,  -11,   -2,  -21,  -20,  -46,  -30,   -9,  -58,   -6,  -26,   -2,   -4,   -1,   -9,
      -7,   -5,  -10,   -1,   -2,   -4,  -10,   -3,   -1,   -1,  -10,  -10,   -4,   -4,  -21,   -1,
      -1,   -1,   -1,  -10,   -9,   -8,   -1,   -1,  -18,   -4,   -1,   -2,  -10,   -8,   -1,   -2,
      -2,   -4,   -2,   -1,   -1,   -4,   -1,   -1,   -4,   -3,   -4,   -3,   -4,   -4,   -2,   -2,
      -1,   -6,   -4,   -1,   -7,   -4,   -7,   -9,   -4,   -4,   -4,   -4,   -4,   -4,   -1,   -1,
      -1,   -4,   -4,   -4,   -4,   -1,   -1,   -1,   -1,   -1,   -1,   -1,   -1,   -4,   -4,   -1,
      -1,   -1,   -1,   -1,   -3,   -3,   -4,   -4,   -4,   -4,   -4,   -3,   -4,   -1,   -1,   -4,
      -2,   -2,   -2,   -1,   -4,   -1,   -4,   -4,   -3,   -4,   -4,   -1,   -1,   16,   -4,   -1,
      -4,   -4,   -1,   -4,   -2,   -4,   -4,   -4,   -4,   -1,   -1,    5,   -1,   -4,    2,   -1,
      -7,   -2,  -21,  -12,  -10,   -1,   -1,  -15,   -6,  -10,   -3,   -8,  -11,   -2,  -21,  -20,
     -46,  -30,   -9,  -58,   -6,  -26,   -2,   -4,   -1,   -9,   -7,   -5,  -10,   -1,   -2,   -4,
     -10,   -3,   -1,   -1,  -10,  -10,   -4,   -4,  -21,   -1,   -1,   -1,   -1,  -10,   -5,   -8,
      -1,   -1,  -18,   -4,    3,   17,    8,    3,    4,   -7,    4,    4,   -1,   -4,   -5,    1,
      -2,   -4,   -2,  -15,  -14,  -37,  -25,   -2,  -52,   -3,   -2,   15,   -1,   14,   -4,   -3,
       9,    2,    9,    3,    3,    5,   10,  -10,    1,   -6,   -4,   -5,   -1,   -1,   -1,   -1,
      -1,   -4,   -4,   -4,   -4,   -4,   -4,   -4,   -4,   -4,    9,   -1,   -1,   -4,   -4,   -4,
      -4,   -4,   -4,    9,   -4,    2,   -2,   -4,   -4,    2,  -15,   -1,   -1,   -4,   -4,   -4,
      -1,   -1,   -1,   -1,   -1,   -1,   -4,   -4,   -4,   -4,   -4,   -4,    5,   -7,    7,    7,
       4,    4,   -7,   -5,    1,  -18,    2,  -24, -106, -100, -106,  -23,  -22,  -14,   -9,  -12,
     -12,    3,  -12,  -57,   -4,  -53,   -2,   -2,   -1,  -50,    1,  -70,  -82,   -7,  -44,  -18,
      -4,   -2,  -18,  -28,  -14,  -44,  -13,  -24,  -12,  -25,  -11,  -26,  -19,  -84,  -48,  -22,
     -77,   -4,   -7,  -46,  -47,  -47,  -45,  -50,  -68,  -69,  -67,   -5,  -16,   -6,   -4,  -25,
     -70,  -70,  -70,  -70,  -70,  -24,  -24,  -17,  -49,  -48,  -70,  -70,  -70,  -70,  -70,  -43,
     -44,  -14,   -6,   -7,   -7,   -4,  -19,    4,  -18,  -28,  -70,  -70,  -27,  -38,  -40,  -13,
     -14,  -24,  -24,  -19,  -44,  -38,  -48,  -61,  -70,   33,   -6,  -64,  -16,  -26,  -20,  -50,
     -16,  -49,  -49,  -49,  -49,  -70,  -69,  -29,  -70,   -4,  -40,  -70,  -26, -101,    2, -107,
    -107,  -14,   -1,   -1,   -1,    4,   -7,    4,   -2,   -1,   -4,   -5,    1,   -2,   -4,   -2,
     -15,  -14,  -37,  -25,   -2,  -52,   -3,   -2,   -1,   -4,   -3,   -3,    1,    1,   -1,    1,
     -10,   -6,   -4,   -5,   -1,   -1,   -1,   -1,   -1,   -4,   -4,   -4,   -4,   -4,   -4,   -4,
      -4,   -4,   -1,   -1,   -4,   -4,   -4,   -4,   -4,   -4,   -4,   -3,   -2,   -4,   -4,  -15,
      -1,   -1,   -4,   -4,   -4,   -1,   -1,   -1,   -1,   -1,   -1,   -4,   -4,   -4,   -4,   -4,
      -4,    1,  -14,    2,    4,    4,   -7,   -5,    1,  -32,   -1,   -3,  -16,  -11,  -22,   -5,
     -23,  -18,  -47,  -30,  -57,  -24,   -5,   -3,   -7,   -1,  -13,   -9,  -10,   -5,   -1,   -5,
     -23,   -7,  -11,  -12,  -29,  -26,  -14,   -1,   -3,   -1,   -1,   -8,   -2,   -8,   -2,   -5,
      -8,   -1,  -16,  -19,  -46,  -30,   -5,  -58,   -3,   -8,   -3,   -3,   -4,   -4,   -1,   -1,
      -1,   -8,   -2,   -8,   -8,  -16,   -1,   -1,   -4,   -1,  -10,   -2,   -6,  -17,  -17,   -6,
     -20,   -2,  -12,   -2,   -2,   -4,  -18,   -2,   -3,   -1,   -1,   -1,   -3,   -2,   -8,   -2,
      -3,   -3,   -3,   -3,   -3,   -3,   -3,   -1,   -1,   -2,   -2,   -1,   -1,   -1,   -3,   -3,
      -3,   -3,   -3,   -3,   -3,   -3,  -17,  -17,    1,    1,   -1,   -4,   -4,    4,    1,   -5,
       1,  -13,    3,    2,   -4,   -4,  -23,   19,   31,  -22,   29,   11,  -36,  -27,  -36,  -22,
     -22,   17,  -26,    4,   -3,  -24,    3,    7,   19,   14,   31,   28,   17,   30,    9,   36,
     -24,   40,  -20,  -19,  -12,  -16,   31,   62,   31,  -17,  -16,  -20,  -15,  -15,  -17,  -16,
     -20,  -19,  -21,   39,   -9,  -31,  -35,    4,   -3,  -12,  -37,  -24,  -24,  -24,  -24,  -20,
     -20,  -20,  -38,  -20,  -20,  -20,  -20,  -15,  -15,   31,  -24,  -24,  -20,  -20,  -20,  -20,
     -20,  -16,  -16,    4,   31,    4,   31,  -17,  -20,  -20,  -17,  -20,  -20,  -15,   19,  -15,
     -15,  -21,  -21,  -16,  -24,  -24,  -20,  -20,  -20,  -17,  -17,  -15,  -24,  -24,  -24,  -24,
     -24,  -24,  -20,  -20,  -20,  -20,    4,   62,  -20,  -19,  -27,   12,  -36,  -36,   -2,   14,
      13,    5,   11,   -1,  -19,   -1,   24,    8,   -1,   -1,    7,    3,   10,    8,    6,   10,
       7,    2,  -19,   11,   -1,   -1,   -1,   -1,   -1,   -1,   -1,   -1,    3,    3,   -1,   -1,
      -1,   -1,   -1,   -1,   -1,    7,    7,    3,   -1,   -1,   -1,    3,   -1,   -1,   -1,   -1,
      -1,   -1,   10,  -19,   19,   14,   -1,   -1,  -38,  -18,  -15,  -21,  -12,  -16,   -1,  -16,
     -16,   -2,  -34,  -19,  -48,  -31,  -24,  -76,  -15,  -39,  -13,   -2,  -10,  -18,  -14,  -27,
      -1,  -14,   -2,  -14,  -16,  -16,  -16,   -2,  -34,   -2,   -1,   -1,  -27,  -22,  -20,  -25,
      -9,   -1,  -10,  -10,   -4,   -5,   -1,   -6,   -6,   -2,   -2,   -5,   -3,   -2,   -4,  -12,
      -8,   -4,   -5,   -6,   16,   -4,  -10,   -8,   -1,   -8,   -1,    3,   -1,   -4,  -10,   -4,
      -5,   -1,   -6,   -6,   -2,   -2,   -5,   -3,   -2,   -4,  -12,    4,   -8,   -4,   -5,   -6,
      16,   -4,  -10,    3,    2,   -8,   -1,  -14,  -12,  -16,  -40,  -24,  -40,  -14,   -3,  -35,
     -21,  -41,  -24,  -22,   -1,  -15,  -15,  -37,  -24,  -45,  -60,   -4,   -4,  -11,   -9,  -11,
     -10,    1,   -7,   -4,   -4,   -4,   -7,    1,    1,    1,    1,  -12,  -19,    1,  -22,  -21,
       1,   -9,   -9,   -9,   -9,   -9,  -11,  -11,  -11,   -9,  -11,  -11,  -11,  -11,  -11,   -4,
      -9,   -9,  -11,  -11,  -11,  -11,  -11,   -7,   -7,  -21,   -4,  -21,   -4,  -15,  -11,  -11,
      -7,   -7,    1,  -15,    1,   -7,   -9,   -9,  -11,  -11,  -11,   -9,   -9,   -9,   -9,   -9,
      -9,  -11,  -11,  -11,  -11,  -11,  -11,    1,  -24,    9,    3,  -40,  -40,   -3,    2,  -20,
       7,  -23,    1,  -10,    1,  -19,   -7,    2,  -34,  -21,  -58,  -33,   -2,  -61,  -32,   19,
       1,   -1,  -15,  -11,   -3,  -18,   19,   -7,  -10,  -14,   -7,   -8,   -7,   -1,  -34,   -1,
     -18,  -10,  -21,  -30,    1,    1,  -34,  -20,    1,  -19,    4,  -22,    1,  -10,    1,  -18,
      -7,    2,  -34,  -21,  -58,  -33,   -2,  -61,  -32,   10,    4,    2,    2,    2,   -1,  -15,
     -11,   -3,  -18,    5,   -7,  -10,  -14,   -7,   -8,   -7,    2,    2,    2,   -1,  -34,   -1,
     -18,  -10,  -40,  -30,    1,    1,  -34,  -20,   11,   10,   18,   -9,   -4,   -5,   -9,   -7,
     -10,   -2,  -27,  -19,  -47,  -31,  -12,  -69,   -8,  -31,   34,   16,   12,   12,   12,   -1,
     -10,   -8,  -10,  -14,   35,   -1,   -5,   -9,   12,   -9,   12,   -9,   12,   -1,  -27,   -1,
     -14,  -19,    1,  -24,   -8,    8,   10,   12,  -10,   -8,   -5,   -9,   -7,  -10,   -2,  -27,
     -19,  -47,  -31,  -12,  -69,   -8,  -31,   24,   22,   15,   15,   15,   -1,  -10,   -8,  -10,
     -14,   20,   -1,   -5,   -9,   15,   -9,   15,   -9,   15,   -1,  -27,   -1,  -14,  -16,    1,
     -24,   -8,   -1,  -10,  -10,   -4,   -5,   -1,   -6,   -6,   -2,   -2,   -5,   -3,   -2,   -4,
     -12,   -8,   -4,   -5,   -6,   16,   -4,  -10,   -8,   -2,   -8,   -1,    2,  -12,   -1,  -15,
     -17,  -12,  -16,   -1,  -16,  -16,   -2,  -34,  -19,  -48,  -31,  -24,  -76,  -15,  -39,   13,
       4,    2,    2,    2,   -2,  -12,   -9,  -14,  -15,   -1,   14,   -2,  -14,  -16,    2,  -16,
       2,  -16,    2,   -2,  -34,   -2,   -1,   -1,  -15,  -12,  -15,  -25,   -9,  -13,   -5,  -14,
     -17,  -12,  -16,   -1,  -16,  -16,   -2,  -34,  -19,  -48,  -31,  -24,  -76,  -15,  -39,    5,
       6,    3,    3,    3,   -2,  -12,   -9,  -14,  -15,   -1,    2,   -2,  -14,  -16,    3,  -16,
       3,  -16,    3,   -2,  -34,   -2,   -1,   -1,  -15,  -12,  -14,  -25,   -9,  -23,   19,   31,
     -22,   29,   11,  -36,  -27,  -36,  -22,  -22,   17,  -26,    4,   -3,  -24,    3,    7,   19,
      14,   31,   28,   17,   30,    9,   36,  -24,   40,  -20,  -19,  -12,  -16,   31,   62,   31,
     -17,  -16,  -20,  -15,  -15,  -17,  -16,  -20,  -19,  -21,   39,   -9,  -31,  -35,    4,   -3,
     -12,  -37,  -24,  -24,  -24,  -24,  -20,  -20,  -20,  -38,  -20,  -20,  -20,  -20,  -15,  -15,
      31,  -24,  -24,  -20,  -20,  -20,  -20,  -20,  -16,  -16,    4,   31,   28,    8,   31,  -17,
     -20,  -20,  -17,  -20,  -20,  -15,   19,  -15,  -15,  -21,  -21,  -16,  -24,  -24,  -20,  -20,
     -20,  -17,  -17,  -15,  -24,  -24,  -24,  -24,  -24,  -24,  -20,  -20,  -20,  -20,    4,   62,
     -20,  -19,  -27,   12,  -36,  -36,   -2,   14,   13,    5,   11,   -1,  -19,   -1,   24,    8,
      -1,   -1,    7,    3,   10,    8,    6,   10,    7,    2,  -19,   11,   -1,   -1,   -1,   -1,
      -1,   -1,   -1,   -1,    3,    3,   -1,   -1,   -1,   -1,   -1,   29,   -1,   -1,    7,    7,
       3,   -1,   -1,   -1,    3,   -1,   -1,   -1,   -1,   -1,   -1,   10,  -19,   19,   14,   -1,
      -1,  -14,  -17,  -16,  -66,  -22,  -39,  -16,   -3,   -2,  -35,  -22,   -3,  -38,  -25,  -24,
      -3,  -14,  -15,  -30,  -21,  -46,  -48,   -4,   -4,  -10,   -2,  -14,  -18,   -8,   -8,   -8,
      -8,   -8,    1,   -5,  -12,    1,  -24,    1,  -21,    1,   -2,  -22,   -3,  -10,  -10,  -10,
     -10,  -10,  -14,  -14,  -14,  -17,  -14,  -14,  -14,  -14,  -14,   -8,  -10,  -10,  -14,  -14,
     -14,  -14,  -14,   -8,   -8,  -22,   -8,  -22,   -8,  -15,  -14,  -14,   -8,   -8,    1,  -14,
       1,   -5,   -5,   -8,  -10,  -10,  -14,  -14,  -14,  -10,  -10,  -10,  -10,  -10,  -10,  -14,
     -14,  -14,  -14,  -14,  -14,  -22,    4,    1,  -70,  -70,   -3,   -7,    1,    3,  -44,  -35,
     -36,   -2,   -2,  -28,  -11,   -7,   -1,  -14,  -10,   -7,   -7,  -24,  -19,  -21,  -18,  -20,
     -51,  -15,  -45,  -33,  -36,  -63,  -20,  -31,   -4,  -16,   -9,  -13,  -10,   -9,   -9,  -13,
     -10,  -12,  -10,  -22,  -17,  -30,  -26,   -4,  -28,  -22,  -32,  -19,  -16,   -4,   -4,   -4,
      -4,   -4,  -13,  -13,  -13,  -13,  -10,  -10,   -9,   -4,   -4,  -19,   -9,  -19,  -13,  -13,
     -13,  -13,  -13,  -10,   -9,  -13,  -13,  -12, -100,  -23,  -10,   -4,   -4,   -4,   -4,  -13,
     -13,  -13,  -13,  -10,   -4,   -4,   -4,   -4,   -4,   -4,  -13,  -26,  -41,  -36,   -2,   -2,
     -39,  -18,  -21, -128,  -44,  -81,    1,  -15,  -15,   -5,    1,    1,   -1,   -1,  -47,  -51,
       1,    2,   16,   11,    7,   14,    1,  -14,   16,  -20,  -25,   -2,  -11,    8,    8,    8,
      -2,   -2,   -9,   -1,    2,    2,    2,    4,   -1,   -7,   -4,  -34,   -6,  -63,  -62,   -2,
     -23,  -28,  -29,  -27,  -14,  -34,  -38,  -38,   33,    6,   29,  -13,  -38,  -20,  -20,  -20,
     -20,   26,  -14,  -27,  -20,  -20,  -20,  -20,  -38,  -22,  -21,   10,   14,   12,   12,   14,
       8,    2,   -2,  -20,  -20,   -4,  -14,  -14,   -1,    1,   -2,   -1,   -1,  -21,   -4,  -28,
     -13,  -20,   72,    8,  -24,   21,   -2,    1,  -14,    8,  -28,  -14,  -14,  -28,  -20,  -20,
      -2,  -20,  -12,  -20,    4,  -44, -128,  -81,  -18,  -19,   -7, -128,  -60,  -89,    7,  -27,
     -17,  -14,   -8,   -8,    2,  -50,   -1,  -51,    1,    3,   15,   10,    6,   14,    1,  -25,
      17,  -30,  -36,   -3,  -23,    9,    9,    9,  -11,   -9,  -22,   -2,   -3,    1,   -4,    2,
      -4,   -6,  -16,  -46,    1,  -18,  -66,  -65,   -1,   -3,  -43,  -46,  -46,  -43,  -25,  -54,
     -57,  -54,   31,   27,   33,  -17,  -58,  -60,  -30,  -58,  -30,   -3,   -3,   29,  -47,  -47,
     -59,  -60,  -59,  -59,  -59,  -43,  -45,   16,   21,   16,   10,   36,    9,    3,  -11,  -30,
     -30,  -21,  -36,  -37,   -2,    1,   -2,   -3,   -4,   -4,  -45,  -18,  -47,  -26,  -58,   66,
      17,  -37,    7,  -20,   -2,  -25,  -11,  -47,  -47,  -47,  -47,  -30,  -58,  -19,  -59,  -32,
     -30,    2,  -60, -128,  -89,  -22,  -75,   -5,   -4,  -82,  -12,   -8,   -5,    5,   11,   -2,
     -28,  -20,  -34,    1,  -14,    2, -107,  -24,  -57,  -82, -115,  -47,   -1,   -3,   -9,  -11,
     -14,  -12,  -38,  -27,  -44,   -7,   -3,   -2,  -10,   -9,  -67,   -4,    2,  -14,   -3,  -12,
     -12,   -9,  -14, -106,  -14,  -12,  -12,  -44,  -12, -128, -128,  -75,  -22,  -75,   -5,   -4,
     -82,  -12,   -8,   -5,    5,   11,   -2,  -28,  -20,  -34,    1,  -14,    2,  -53,  -24,  -57,
     -41,  -58,  -47,   -1,   -3,   -9,  -11,  -14,  -12,  -38,  -27,  -44,   -7,   -3,   -2,  -10,
      -9,  -67,   -4,    2,  -14,   -3,  -12,  -12,   -9,  -14, -106,  -14,  -12,  -12,  -44,  -12,
     -80,  -78,  -75,   -8,   -2,  -14,  -20,   -5,  -12,  -31,   -2,   -7,   -3,   -5,   -7,   -3,
     -14,   -3,   -3,   -7,  -18,    1,    2,  -22,  -13,    9,  -79,  -52,  -79,  -27,  -19,  -16,
       1,  -12,  -12,    2,   14,  -10,    9,  -18,   -2,  -44,  -19,  -61,  -52,  -79,  -79,   -1,
       2,    1,    1,    2,   -2,    2,    1,    1,    5,    2,    6,    6,    4,    8,    1,    2,
       2,    5,    1,    5,    2,    2,    8,   -8,   -4,   -1,   -2,   -3,  -10,   -7,   31,   56,
     127,    1,   70,   70,  -24,  -33,  -24,   73,  -12,   59,    6,   -9,   51,   59,   23,   61,
      71,   88,   85,   73,   87,   51,   69,   74,   -8,   -9,  -10,    3,   -5,   -2,   65,   77,
      -2,   -2,   -4,   16,    2,    2,    2,    2,   68,   70,   12,   48,  -23,   54,   54,   54,
     -26,   69,   45,   59,    6,    3,    6,  -14,   -8,    9,  -13,    3,  -16,    4,  115,   35,
      88,  118,  -10,   -4,  -19,  -16,   -5,   -9,    8,    4,   -2,   -7,   -2,  -16,   -9,  -10,
      -7,   -8,   -7,    2,   59,   68,   59,  102,  102,  103,   65,   35,  102,   -2,  -11,  -15,
     -11,   14,    5,   11,   16,   61,   16,    5,    9,    1,   50,  -10,   45,  -14,  127,   95,
      33,   72,    8,   35,  -12,   57,   -4,  -12,   -9,   -4,  -16,  -10,   52,   -9,   63,   40,
     -13,    7,  -33,  127,  127,  -24,  -24,   83,   78,   -7,   46,   18,   -1,  -10,  -10,   -4,
      -5,   -1,   -6,   -6,   -2,   -2,   -5,   -3,   -2,   -4,  -12,   -8,   -4,   -5,   -6,    1,
      -4,  -10,   -4,   -1,   -8,   -1,
};

static const EpdLigaturePair libron_18_boldLigaturePairs[] = {
    { 0x00660066, 0xFB00 }, // f f -> U+FB00
    { 0x00660069, 0xFB01 }, // f i -> U+FB01
    { 0x0066006C, 0xFB02 }, // f l -> U+FB02
    { 0xFB000069, 0xFB03 }, // U+FB00 i -> U+FB03
    { 0xFB00006C, 0xFB04 }, // U+FB00 l -> U+FB04
};

static const EpdFontData libron_18_bold = {
    libron_18_boldBitmaps,
    libron_18_boldGlyphs,
    libron_18_boldIntervals,
    53,
    38,
    30,
    -8,
    true,
    libron_18_boldGroups,
    11,
    nullptr,
    nullptr,  // kernLeftClasses: built-in fonts use the split arrays below
    nullptr,  // kernRightClasses
    libron_18_boldKernLeftCodepoints,
    libron_18_boldKernLeftClassIds,
    libron_18_boldKernRightCodepoints,
    libron_18_boldKernRightClassIds,
    nullptr,  // kernMatrix: built-in fonts use the sparse form below
    libron_18_boldKernRowOffsets,
    libron_18_boldKernSparseCols,
    libron_18_boldKernSparseValues,
    454,
    455,
    171,
    177,
    libron_18_boldLigaturePairs,
    5,
};
