/**
 * generated by fontconvert.py
 * name: libron_16_regular
 * size: 16
 * mode: 2-bit  compressed: true
 * Command used: fontconvert.py libron_16_regular 16 ../builtinFonts/source/Libron/Libron-Regular.ttf ../builtinFonts/source/NotoSans/NotoSans-Regular.ttf --2bit --compress --pnum --zopfli
 */
#pragma once
#include "EpdFontData.h"

static const uint8_t libron_16_regularBitmaps[34628] = {
    0xB5, 0x99, 0x01, 0xC4, 0x2F, 0xCB, 0x75, 0xC0, 0x7F, 0xBB, 0x9B, 0xDC, 0xD5, 0xAE, 0x66, 0x2E,
    0xA2, 0xDA, 0xDE, 0xD4, 0x16, 0x0F, 0xA1, 0xE9, 0x1B, 0x08, 0x8A, 0xEF, 0xDE, 0x99, 0x34, 0x34,
    0x08, 0x02, 0x02, 0x82, 0x16, 0x05, 0x55, 0xBE, 0xA0, 0x25, 0xF8, 0xDE, 0xDD, 0xD5, 0xA2, 0x28,
    0x72, 0x01, 0x28, 0x5A, 0x80, 0x2A, 0x12, 0x3C, 0x5C, 0x7C, 0xF7, 0xED, 0x44, 0x50, 0x80, 0x6D,
    0x53, 0x02, 0x78, 0x8B, 0x1B, 0x25, 0x45, 0x26, 0xB2, 0xE9, 0xDB, 0x2F, 0xD9, 0xDD, 0xD3, 0x3D,
    0xC7, 0xFF, 0xFF, 0xDD, 0xFB, 0xF5, 0xBE, 0xE7, 0xDD, 0x9B, 0xBC, 0xEE, 0x7F, 0xE6, 0x77, 0xE6,
    0x3F, 0x3B, 0x73, 0xCE, 0x9C, 0xB3, 0x33, 0xB3, 0xFF, 0xDD, 0x7F, 0xE8, 0x43, 0x3A, 0x7D, 0xFA,
    0xD0, 0xFB, 0xDE, 0x47, 0x1F, 0xDB, 0xD8, 0xD2, 0xE2, 0xEC, 0x03, 0xE0, 0x63, 0x97, 0x86, 0xB1,
    0x4B, 0x3E, 0x86, 0xAF, 0x66, 0x4D, 0x5F, 0xC9, 0xA1, 0x9E, 0x8E, 0xE4, 0xAB, 0x23, 0x8D, 0x47,
    0x6A, 0xAB, 0x11, 0xBE, 0x59, 0x47, 0xF8, 0x6E, 0x03, 0x4C, 0x4E, 0xF1, 0x19, 0x28, 0xC6, 0xDF,
    0x87, 0x32, 0x7D, 0x0E, 0xAA, 0xF4, 0x05, 0x9C, 0x88, 0xAC, 0x06, 0xEA, 0xF8, 0xD7, 0xD0, 0xF0,
    0x4D, 0x70, 0x7C, 0x17, 0x3E, 0xC3, 0x04, 0xBF, 0x75, 0x20, 0x88, 0x48, 0x36, 0x70, 0x51, 0x26,
    0xF8, 0xE3, 0xAA, 0x87, 0x2F, 0x56, 0xF1, 0x65, 0xED, 0xF9, 0xAC, 0x9D, 0x2F, 0x5C, 0xBC, 0xC8,
    0x41, 0x9E, 0x94, 0x22, 0x4B, 0xF3, 0xBC, 0xDE, 0xDA, 0x9E, 0x35, 0xC0, 0x5B, 0x01, 0xB0, 0xDC,
    0x43, 0x98, 0xA0, 0x95, 0x27, 0xD4, 0xB2, 0x53, 0x88, 0x4C, 0xDC, 0x93, 0x19, 0xDA, 0x15, 0xCA,
    0x0D, 0xD0, 0xFC, 0x4C, 0xF3, 0xE7, 0x61, 0x7D, 0x8F, 0x72, 0x19, 0xC6, 0x56, 0xC7, 0xD1, 0x37,
    0xB2, 0xDE, 0xB1, 0x53, 0xEE, 0x50, 0x27, 0x5A, 0x19, 0x71, 0x91, 0xF0, 0xE5, 0xCC, 0x23, 0x78,
    0xA7, 0x98, 0xB9, 0x82, 0x6B, 0x16, 0x66, 0x58, 0x59, 0xAB, 0xC9, 0x44, 0x9D, 0xAC, 0xD2, 0x45,
    0x6B, 0xF2, 0x36, 0x68, 0x87, 0x2B, 0xD0, 0xEE, 0x33, 0x50, 0xEE, 0xE5, 0xE4, 0x27, 0xA0, 0xFE,
    0x9E, 0x6C, 0x80, 0xFB, 0x72, 0xEE, 0x80, 0xB7, 0x9B, 0xD4, 0x46, 0xB8, 0x72, 0xC9, 0xF5, 0x30,
    0x9B, 0x28, 0x27, 0x13, 0x75, 0x32, 0xE1, 0xA2, 0x35, 0x79, 0x9B, 0x4A, 0x3B, 0x5C, 0x51, 0x68,
    0xF7, 0x19, 0x54, 0xD9, 0x3D, 0xE9, 0x81, 0xA0, 0xEE, 0xB1, 0x17, 0x2B, 0x1C, 0xF9, 0x99, 0xF1,
    0xF1, 0x6D, 0x79, 0x63, 0x05, 0xA4, 0x9C, 0x81, 0xEE, 0xFD, 0x04, 0xF8, 0xAD, 0x90, 0x55, 0xE3,
    0x31, 0x2C, 0x88, 0xE0, 0xFA, 0x7A, 0x92, 0xBE, 0xC5, 0xA5, 0x30, 0x3D, 0xC2, 0x47, 0xB7, 0x5C,
    0x10, 0x62, 0xB5, 0x3F, 0x3D, 0x88, 0x64, 0x0D, 0x69, 0x98, 0x08, 0x89, 0x76, 0xC6, 0x2F, 0xC5,
    0xB0, 0xE1, 0x44, 0x6E, 0xE4, 0x49, 0x2D, 0x32, 0x0E, 0x2B, 0x97, 0x1B, 0x61, 0x0D, 0xD1, 0x3E,
    0x04, 0xBC, 0x7D, 0x5A, 0x00, 0x6A, 0x68, 0xA3, 0x06, 0x6D, 0xA5, 0xCC, 0xD4, 0x13, 0x2E, 0xD1,
    0x26, 0x7C, 0x24, 0x1C, 0x09, 0xBA, 0x57, 0x52, 0x40, 0x4F, 0xF9, 0x1E, 0x97, 0x34, 0x55, 0x93,
    0x76, 0x64, 0x45, 0x95, 0xB8, 0x48, 0x85, 0x1D, 0x7C, 0x01, 0x3C, 0xB8, 0xFE, 0xA5, 0x06, 0xCF,
    0xB0, 0xCE, 0x68, 0xE7, 0x36, 0x9D, 0x92, 0x69, 0x39, 0x7F, 0xED, 0xF1, 0x67, 0xAB, 0xCF, 0xCE,
    0x43, 0x1A, 0x55, 0xC9, 0x23, 0xF8, 0x1D, 0xEC, 0xF8, 0x94, 0xAA, 0xBE, 0x7F, 0xC1, 0xD3, 0x0B,
    0xC2, 0x42, 0x23, 0x4B, 0x25, 0x4B, 0xB3, 0xE2, 0xAF, 0xB8, 0xFA, 0x23, 0xEE, 0x7F, 0x06, 0x7E,
    0x03, 0x3C, 0x1F, 0x9A, 0x45, 0x24, 0x9D, 0xF3, 0x87, 0x9D, 0xAF, 0x27, 0x37, 0xBB, 0xA5, 0x5E,
    0xCA, 0xB9, 0xC8, 0xC5, 0x54, 0x25, 0x17, 0x1F, 0x72, 0x1F, 0x91, 0x53, 0x6A, 0xFB, 0x30, 0x86,
    0x29, 0x8C, 0x6D, 0x6F, 0x7E, 0x59, 0xAF, 0x00, 0xBC, 0x03, 0x5C, 0x03, 0x0B, 0xE6, 0x68, 0x95,
    0xD1, 0x41, 0xD3, 0xA4, 0x37, 0x6A, 0xD6, 0x46, 0x6B, 0x76, 0x9A, 0x30, 0x9D, 0x2C, 0x14, 0x22,
    0x3B, 0xD5, 0x56, 0x48, 0xDF, 0x64, 0x42, 0x72, 0x23, 0xED, 0xA4, 0x01, 0xCB, 0x3E, 0xD1, 0xE4,
    0xD0, 0x53, 0xCF, 0x27, 0x5C, 0x55, 0x07, 0x36, 0x85, 0x95, 0x30, 0xD4, 0x39, 0x68, 0x3B, 0xAF,
    0x3D, 0xDC, 0x84, 0x1B, 0xDD, 0x4C, 0x48, 0xD5, 0x5E, 0x48, 0x34, 0xCD, 0x66, 0x83, 0x5A, 0xFA,
    0x03, 0x19, 0xBA, 0x4C, 0x2D, 0x99, 0xA0, 0xF9, 0x1F, 0x33, 0x9F, 0x6D, 0x32, 0xFC, 0xAA, 0xD9,
    0x65, 0x4A, 0x91, 0x5E, 0x67, 0x1F, 0x0F, 0x36, 0xD4, 0x93, 0x44, 0x2D, 0x92, 0x71, 0x63, 0xBB,
    0xE0, 0xA9, 0x57, 0x1E, 0x52, 0xAD, 0x5C, 0x51, 0xAE, 0xBC, 0xAB, 0x80, 0xCA, 0x30, 0x83, 0xA9,
    0xA0, 0x1D, 0x81, 0x10, 0x81, 0x0D, 0x28, 0xAD, 0x5E, 0xAB, 0xBC, 0x56, 0x3D, 0x3B, 0x57, 0xD5,
    0x09, 0x68, 0x45, 0x24, 0x86, 0x03, 0x18, 0xD4, 0xA4, 0x5A, 0x54, 0x83, 0x87, 0xBD, 0xD9, 0x53,
    0xCD, 0x0F, 0x8F, 0x7C, 0x61, 0x31, 0xD7, 0xAC, 0x31, 0x7F, 0x7C, 0x88, 0x3D, 0xE2, 0x24, 0xF3,
    0xE9, 0x6F, 0xAC, 0xB6, 0x08, 0x61, 0x07, 0xDE, 0x3B, 0xE5, 0xED, 0xB3, 0xB0, 0x3E, 0xA6, 0x9A,
    0x87, 0xD1, 0x4F, 0x41, 0x24, 0x36, 0xF2, 0x1C, 0x70, 0x33, 0x10, 0x14, 0x9D, 0x42, 0x0E, 0x54,
    0x3F, 0x3B, 0xD0, 0x7C, 0xFF, 0x40, 0xFB, 0xE5, 0x03, 0x8F, 0xD4, 0x89, 0xEB, 0x03, 0x45, 0x3E,
    0x50, 0x8D, 0x07, 0x5C, 0x7F, 0x40, 0xC7, 0x61, 0x23, 0x5C, 0x5E, 0x00, 0xAD, 0x7B, 0x05, 0xF5,
    0x6C, 0x31, 0x1B, 0xA9, 0x44, 0xB2, 0xBA, 0x17, 0xF1, 0x22, 0x10, 0x14, 0x17, 0x00, 0xDF, 0x52,
    0xBC, 0xAB, 0xC8, 0x40, 0x61, 0xBB, 0x97, 0x3C, 0x47, 0x3B, 0xF4, 0x8A, 0x0C, 0xC5, 0xB0, 0x02,
    0xF5, 0xC6, 0xC9, 0x2F, 0x73, 0x8A, 0xC7, 0xB7, 0xB8, 0xD6, 0x15, 0xB5, 0x12, 0x62, 0x39, 0x13,
    0xA6, 0x76, 0xC4, 0xB4, 0xD7, 0x32, 0x01, 0xF0, 0xE7, 0x40, 0x33, 0x03, 0xC3, 0x81, 0x7A, 0x07,
    0xFC, 0x08, 0x08, 0x50, 0x9A, 0xDE, 0x0C, 0xB8, 0x09, 0x68, 0x13, 0xE0, 0xD3, 0xF0, 0x84, 0xF0,
    0x0F, 0xB2, 0x10, 0x2E, 0x65, 0x23, 0x3C, 0x2D, 0x85, 0x30, 0x32, 0xC4, 0x4E, 0x37, 0x92, 0x70,
    0xA0, 0x0F, 0x56, 0xEA, 0x0F, 0xF8, 0x44, 0xA0, 0x9D, 0x18, 0x68, 0x96, 0x7A, 0xA3, 0xB2, 0x38,
    0xA8, 0xBB, 0x3C, 0xD8, 0xB5, 0x20, 0x12, 0x5F, 0x60, 0x83, 0xC0, 0xAA, 0x63, 0x5E, 0x60, 0x23,
    0x53, 0xAC, 0xDC, 0x3F, 0x85, 0x29, 0x03, 0xCD, 0x04, 0x38, 0x1B, 0x83, 0x22, 0x44, 0x60, 0x38,
    0xFB, 0x5C, 0x9C, 0x27, 0x96, 0x85, 0x14, 0x77, 0x1E, 0xF4, 0xA9, 0x6D, 0x0F, 0x0C, 0x11, 0x78,
    0x20, 0x3D, 0x88, 0xCC, 0x3A, 0x96, 0x8D, 0x66, 0x29, 0x77, 0xDC, 0x48, 0xA7, 0xBE, 0x85, 0x17,
    0xD0, 0xAE, 0xCF, 0x68, 0xB6, 0xC2, 0xDA, 0xF5, 0xA7, 0x31, 0xFF, 0xCD, 0xB0, 0x52, 0xA7, 0x5A,
    0x68, 0x23, 0x43, 0x0C, 0xA8, 0xAB, 0x6A, 0xA0, 0x3B, 0xD0, 0x07, 0xF3, 0x3C, 0xA9, 0xAA, 0xB9,
    0xDC, 0xA8, 0xD5, 0x06, 0x97, 0x7B, 0x04, 0x7F, 0x03, 0xA5, 0x48, 0xC2, 0x89, 0x64, 0xFC, 0xD4,
    0x2E, 0x84, 0xBE, 0x5A, 0xE9, 0x28, 0x36, 0xDE, 0x83, 0x5D, 0x31, 0x60, 0x18, 0x14, 0x5D, 0x2C,
    0x84, 0x30, 0x3D, 0x18, 0xF0, 0xB2, 0x0D, 0x34, 0x32, 0xBF, 0x47, 0x31, 0xF4, 0x3B, 0xC0, 0x0A,
    0xA7, 0x45, 0x34, 0xDF, 0x7A, 0xD8, 0x9F, 0x62, 0xD0, 0x2C, 0xC0, 0x90, 0x4E, 0x53, 0xA1, 0x7A,
    0xC2, 0xE9, 0xF0, 0x0C, 0x49, 0xD2, 0x90, 0x3C, 0xD8, 0xF1, 0x6A, 0x7D, 0x33, 0xFA, 0xAC, 0x9F,
    0x66, 0xE4, 0xA5, 0xA3, 0x88, 0xEE, 0xA8, 0x6B, 0x73, 0x9D, 0xCB, 0x5C, 0x9E, 0x76, 0xC9, 0x2F,
    0x62, 0xC7, 0x5B, 0x50, 0x2E, 0xE0, 0x67, 0x4A, 0xE9, 0xB9, 0x5C, 0xA8, 0x25, 0x12, 0x66, 0x2C,
    0xC8, 0xDD, 0x08, 0xAD, 0x6D, 0x06, 0x5A, 0xD8, 0xB5, 0x30, 0x9D, 0x46, 0xF7, 0x14, 0xB8, 0xBB,
    0x3B, 0xDF, 0x1E, 0x77, 0xEB, 0xFF, 0x00, 0x78, 0x04, 0xA6, 0x53, 0x75, 0xD3, 0x9D, 0x0B, 0x97,
    0x33, 0x16, 0x81, 0x66, 0x85, 0x61, 0x52, 0xFD, 0x6A, 0x47, 0xED, 0x85, 0x11, 0x1E, 0x02, 0xF7,
    0x81, 0x62, 0xB8, 0x81, 0x56, 0xC4, 0x26, 0xFB, 0x42, 0x98, 0xEA, 0x0D, 0x1F, 0x11, 0x80, 0x4E,
    0x11, 0x6E, 0x4B, 0x02, 0x36, 0xEF, 0x1B, 0x59, 0x15, 0x13, 0xD4, 0x3F, 0x3A, 0x6F, 0x38, 0xD5,
    0x09, 0x2F, 0x1F, 0xF5, 0x74, 0xDE, 0x1C, 0x5A, 0x85, 0x95, 0x6C, 0x6E, 0x52, 0x0E, 0x7B, 0x04,
    0x3A, 0x11, 0x5B, 0x4A, 0xF1, 0xDE, 0x8E, 0xED, 0x6E, 0x3E, 0xF1, 0xD8, 0x3A, 0x16, 0x33, 0xE8,
    0x66, 0x61, 0xAD, 0x97, 0x26, 0xD1, 0xFD, 0xE9, 0x93, 0x2B, 0x17, 0x2B, 0x79, 0x3F, 0x5D, 0xB4,
    0xB8, 0x39, 0xA4, 0x8B, 0x47, 0xF8, 0xE4, 0xFB, 0x87, 0x0F, 0xE9, 0x62, 0xE0, 0xE1, 0x05, 0x3B,
    0x1D, 0x17, 0x57, 0xC5, 0xCA, 0x7E, 0x88, 0x72, 0x65, 0x3B, 0x44, 0xB5, 0x54, 0x2B, 0x4F, 0xAF,
    0xAA, 0xF9, 0x37, 0x57, 0xF2, 0xF1, 0xED, 0x73, 0x6B, 0x39, 0x5D, 0x54, 0x32, 0x6F, 0x2E, 0x3D,
    0x2C, 0x64, 0xEC, 0x04, 0x4F, 0x17, 0xDB, 0x99, 0x36, 0xC2, 0x79, 0xD1, 0x9C, 0x56, 0xD1, 0x69,
    0xFF, 0xF3, 0xD0, 0x3D, 0xE7, 0x81, 0x79, 0xAC, 0x51, 0x82, 0x4B, 0xDB, 0xF4, 0x08, 0x93, 0x31,
    0x2B, 0x87, 0x59, 0xF9, 0xCB, 0x05, 0x28, 0x7E, 0x66, 0x33, 0xEF, 0xA7, 0x36, 0xB3, 0x46, 0xB1,
    0xF8, 0x0C, 0x40, 0x93, 0xBA, 0x1E, 0x5C, 0x0C, 0x09, 0x5A, 0xFC, 0x08, 0x01, 0x97, 0xE1, 0xA1,
    0x71, 0x38, 0x2D, 0x78, 0x59, 0x29, 0x0E, 0x6E, 0x94, 0x99, 0x62, 0xA7, 0xCA, 0x20, 0xD4, 0x23,
    0x0C, 0x7D, 0x93, 0x20, 0x24, 0xBB, 0x7D, 0x8E, 0xDD, 0x44, 0x31, 0x2C, 0x92, 0x29, 0x65, 0xEB,
    0x44, 0x76, 0x0E, 0xC8, 0x58, 0x1F, 0xC8, 0xE5, 0x4A, 0xBB, 0x1C, 0xA8, 0xD6, 0x5B, 0x2C, 0x8A,
    0x59, 0x4F, 0xE4, 0x52, 0x44, 0xFA, 0x03, 0x7B, 0x2C, 0x4F, 0x8D, 0x1B, 0x6D, 0x52, 0x6E, 0x07,
    0x90, 0x57, 0x51, 0xEC, 0xD6, 0x44, 0x35, 0x2F, 0x6A, 0x63, 0x52, 0x6B, 0x16, 0x83, 0x27, 0x58,
    0x40, 0xA2, 0x99, 0xEE, 0x75, 0x66, 0x0D, 0x7D, 0xB5, 0x81, 0x4B, 0x6E, 0x56, 0x6F, 0xDB, 0x89,
    0xF3, 0xA6, 0x42, 0x30, 0x86, 0xFE, 0x23, 0x98, 0x5E, 0xE2, 0xA8, 0x6C, 0xB3, 0xD2, 0x2D, 0xCA,
    0x5A, 0x38, 0xED, 0xE4, 0x97, 0x3D, 0x83, 0xDA, 0xA2, 0xB9, 0x1D, 0x83, 0x1A, 0xFF, 0x05, 0x4A,
    0x99, 0xA9, 0x45, 0xEB, 0xCB, 0x55, 0xB7, 0xAE, 0x83, 0x0C, 0xA3, 0xD2, 0x67, 0xA5, 0x9B, 0x95,
    0xF5, 0xA2, 0xD4, 0xA0, 0xDC, 0x65, 0xF9, 0x4A, 0x8D, 0xC5, 0x8C, 0x7A, 0x56, 0xBA, 0xAC, 0xF4,
    0x93, 0x72, 0x48, 0xA6, 0xDF, 0x6C, 0xAD, 0x58, 0x44, 0x94, 0x37, 0x10, 0x74, 0x0C, 0x86, 0x56,
    0x51, 0x67, 0x0A, 0x05, 0x06, 0x3E, 0x14, 0x1A, 0xBE, 0x5B, 0x58, 0xDD, 0x47, 0xE2, 0xA9, 0x62,
    0x69, 0xCF, 0x97, 0x61, 0x56, 0x98, 0xB5, 0xD1, 0xD0, 0x2A, 0xAA, 0x99, 0x72, 0x3A, 0x83, 0xA8,
    0xE0, 0xFF, 0x42, 0x64, 0x57, 0x6C, 0x06, 0xAB, 0xFB, 0x18, 0xD4, 0x8A, 0x60, 0xFB, 0x8A, 0xF4,
    0xBC, 0x74, 0xE5, 0xF7, 0x68, 0xEE, 0xA7, 0x42, 0xFE, 0x93, 0x21, 0x9D, 0xAF, 0xBC, 0xF2, 0x35,
    0xAF, 0xBC, 0x93, 0xF1, 0xC4, 0x04, 0x9D, 0xB1, 0x1D, 0xDB, 0x49, 0xE9, 0x66, 0x65, 0xBD, 0x1D,
    0x4C, 0xA5, 0x3C, 0x51, 0x5D, 0x83, 0xFC, 0x44, 0x92, 0xDA, 0x3D, 0x68, 0x2B, 0xB0, 0x93, 0x5C,
    0x88, 0xA4, 0x4E, 0x26, 0x74, 0x4A, 0x6F, 0xD0, 0xCC, 0xD8, 0x45, 0xCB, 0x6F, 0x22, 0xE4, 0x38,
    0x5E, 0x11, 0x7A, 0xEE, 0x4D, 0x45, 0x93, 0xF1, 0x32, 0x31, 0x48, 0x7F, 0x3B, 0xB2, 0x7C, 0xA4,
    0x72, 0xD3, 0xB3, 0x6F, 0x9C, 0x36, 0x55, 0x76, 0x74, 0x57, 0x8F, 0xA9, 0x65, 0x83, 0x90, 0x7E,
    0x9D, 0xFC, 0x79, 0x42, 0xDF, 0x7D, 0x49, 0xE8, 0x64, 0x27, 0xC8, 0x42, 0x23, 0xBD, 0x46, 0xB0,
    0xB6, 0x49, 0x3C, 0x55, 0xB2, 0xA8, 0x49, 0x42, 0x6F, 0xAE, 0xEC, 0xA8, 0x28, 0x17, 0x13, 0x4D,
    0x36, 0xE1, 0x93, 0x89, 0x81, 0xD3, 0x6A, 0x51, 0xD1, 0xCC, 0x2A, 0x44, 0xC6, 0x3B, 0xC2, 0x2A,
    0x57, 0xB7, 0x9A, 0xA8, 0xC4, 0x04, 0x92, 0x4C, 0x84, 0xC9, 0x84, 0x5B, 0x4C, 0xD4, 0x9B, 0x89,
    0x42, 0xA2, 0x0A, 0xBA, 0x64, 0x11, 0x0C, 0xBF, 0x40, 0x1D, 0x0F, 0x12, 0x3B, 0x49, 0xA7, 0x69,
    0x67, 0x96, 0xEA, 0xFC, 0x49, 0xA2, 0xCC, 0x07, 0xEA, 0x49, 0x57, 0xCE, 0xF4, 0x62, 0x21, 0x39,
    0x19, 0xC1, 0xC9, 0x74, 0x24, 0x68, 0x65, 0x2A, 0x24, 0x83, 0x97, 0x88, 0xBA, 0x15, 0x76, 0x90,
    0x05, 0x1E, 0x1F, 0xF2, 0x66, 0x85, 0x6B, 0x81, 0x65, 0x83, 0x55, 0xE5, 0x4E, 0x31, 0x0F, 0xB0,
    0x74, 0x94, 0x79, 0x38, 0xCA, 0x21, 0x56, 0x26, 0x43, 0x5F, 0x8F, 0x2A, 0xDB, 0xD4, 0xA4, 0x8E,
    0x72, 0x76, 0xA3, 0xEB, 0xB5, 0x8D, 0x9B, 0xDA, 0xD8, 0x45, 0x1D, 0x85, 0x47, 0x65, 0x35, 0x3F,
    0x42, 0xFB, 0x54, 0xCB, 0x3B, 0x84, 0xBE, 0xCA, 0xC5, 0xBA, 0x9A, 0x64, 0x5B, 0x30, 0x39, 0x64,
    0x4C, 0x76, 0x87, 0x4C, 0xDD, 0x4E, 0x18, 0x6B, 0xB9, 0x19, 0x04, 0x9F, 0x1A, 0xD9, 0x6D, 0x88,
    0x12, 0xBD, 0x24, 0x6C, 0xC2, 0x4C, 0x34, 0x13, 0xA5, 0xD8, 0xB3, 0x62, 0xF9, 0xC1, 0x62, 0xE2,
    0x7F, 0x56, 0x13, 0xB3, 0x60, 0xA2, 0x8B, 0x26, 0x42, 0x32, 0xD1, 0x8E, 0x26, 0x9A, 0x6C, 0xA2,
    0x5A, 0x4C, 0x94, 0xAB, 0x09, 0x76, 0x13, 0x74, 0x26, 0x08, 0x7F, 0x6F, 0xA2, 0xFD, 0xA1, 0x89,
    0xE6, 0x97, 0x26, 0x2A, 0x31, 0x51, 0x9A, 0x80, 0x43, 0x78, 0x9D, 0x62, 0x23, 0x9D, 0x24, 0xC2,
    0x08, 0x74, 0x3B, 0xB6, 0x71, 0x4C, 0xD0, 0x89, 0x6C, 0x14, 0xFA, 0x2C, 0x1E, 0xAB, 0x0D, 0xBA,
    0xD1, 0x65, 0x68, 0x73, 0xAB, 0xB1, 0x9F, 0x7D, 0x82, 0x7A, 0x09, 0x07, 0xAB, 0x35, 0xF4, 0x50,
    0x9E, 0xD8, 0x29, 0xB7, 0x73, 0x8D, 0xD1, 0xDA, 0xF8, 0xF1, 0xE0, 0xD2, 0x66, 0xA8, 0x67, 0xDB,
    0x80, 0x72, 0xBD, 0x41, 0x18, 0x0B, 0x19, 0xEF, 0x49, 0x34, 0x5B, 0x67, 0xBB, 0x0C, 0x3B, 0xB6,
    0x5D, 0x2B, 0x24, 0xBD, 0x7A, 0xBF, 0x2C, 0xB6, 0x57, 0xA1, 0x27, 0xB4, 0x89, 0x36, 0x56, 0xA4,
    0x03, 0x37, 0x36, 0x61, 0x3F, 0x06, 0xDE, 0x5C, 0x95, 0x0C, 0x70, 0x79, 0x73, 0xEB, 0x7C, 0xB8,
    0xEB, 0xFC, 0x90, 0x9A, 0x19, 0xFC, 0xE4, 0x26, 0x1D, 0xFA, 0x5D, 0xE7, 0x5F, 0x27, 0x04, 0x4A,
    0x9F, 0x2C, 0x04, 0x93, 0x85, 0x20, 0x83, 0x9B, 0xAA, 0x15, 0x7C, 0x2A, 0x05, 0x86, 0xC8, 0xF0,
    0xA3, 0x6F, 0x6C, 0xE0, 0xCD, 0x7A, 0xB3, 0xFF, 0x0B, 0xA0, 0x27, 0x80, 0x61, 0x54, 0xFA, 0x97,
    0xEE, 0xB3, 0x85, 0x58, 0x55, 0x27, 0xFF, 0x6C, 0xE3, 0xCD, 0x00, 0x5F, 0x8F, 0x5E, 0x64, 0x87,
    0x83, 0x32, 0x52, 0x1F, 0x9C, 0xD1, 0x90, 0xAC, 0xCA, 0xCA, 0x58, 0x6C, 0x2F, 0xF1, 0xA5, 0xFA,
    0x36, 0x63, 0x21, 0x53, 0xEE, 0x9C, 0xCB, 0x2B, 0x7E, 0x52, 0xBA, 0xAC, 0x6C, 0x66, 0x65, 0xBD,
    0x9C, 0x7B, 0x9D, 0x59, 0x6E, 0x9A, 0x0A, 0xB1, 0x10, 0x4A, 0x56, 0x76, 0xB3, 0xDE, 0xDB, 0x4D,
    0x99, 0x06, 0x53, 0x70, 0x73, 0x31, 0xE0, 0x13, 0x21, 0xFA, 0x9E, 0x56, 0x71, 0x4F, 0xBF, 0x42,
    0x3B, 0xA1, 0xBE, 0x46, 0xB5, 0xA9, 0xF4, 0xB2, 0x00, 0x97, 0xBB, 0xB9, 0x18, 0x81, 0x60, 0xAD,
    0xD2, 0x5B, 0x8A, 0x47, 0xE0, 0x53, 0xD0, 0x3A, 0x9F, 0xEE, 0x89, 0x79, 0x4B, 0xAB, 0x5E, 0xDE,
    0xD3, 0xBE, 0x83, 0x1C, 0xC7, 0x1D, 0x5E, 0x33, 0xE0, 0x4F, 0xFC, 0x8B, 0x83, 0xBF, 0x07, 0x07,
    0xF9, 0xFF, 0xE1, 0x03, 0x1B, 0xB9, 0x97, 0x15, 0x34, 0xFC, 0x36, 0x88, 0xF1, 0xC8, 0x1A, 0x31,
    0xEA, 0x91, 0x6A, 0x81, 0xEA, 0x93, 0x17, 0xA6, 0x7A, 0x85, 0x3A, 0x51, 0xDA, 0xBD, 0x9D, 0x42,
    0xC0, 0xF7, 0x20, 0xCF, 0xB5, 0x44, 0x10, 0x59, 0xB1, 0x39, 0x9D, 0x01, 0xBE, 0xB3, 0x47, 0xAD,
    0x5B, 0xF0, 0xBA, 0x9D, 0xCE, 0xB4, 0x32, 0x6A, 0xB3, 0x62, 0x03, 0x15, 0x0B, 0x74, 0x91, 0x2A,
    0x43, 0x48, 0x26, 0x7C, 0xA2, 0x19, 0xA1, 0x9D, 0x54, 0x35, 0x2E, 0xD3, 0x26, 0xEC, 0x1E, 0x1A,
    0x51, 0xF3, 0x01, 0x5B, 0x44, 0x8F, 0x31, 0x15, 0xCF, 0x00, 0x76, 0x56, 0x15, 0x83, 0xEA, 0x82,
    0xF0, 0x27, 0xB3, 0x89, 0xBF, 0x33, 0xEB, 0xED, 0xBF, 0x4D, 0x2A, 0xDC, 0xFB, 0x09, 0x1B, 0x93,
    0x89, 0x4A, 0x7A, 0x4C, 0x28, 0x29, 0x54, 0x88, 0x4C, 0xA5, 0xE0, 0x24, 0x0F, 0x7A, 0xD3, 0xD3,
    0x09, 0x6E, 0x0F, 0xDB, 0x91, 0xC7, 0xEA, 0x6C, 0x2D, 0x89, 0x2B, 0x75, 0xD7, 0x49, 0xE2, 0x5A,
    0x0D, 0xBB, 0xF7, 0x47, 0x56, 0xD8, 0x69, 0xBF, 0x3D, 0xB1, 0x80, 0xE0, 0xBF, 0x96, 0x99, 0x41,
    0x08, 0xF5, 0x5C, 0x64, 0x18, 0xE8, 0xAA, 0xA5, 0xCC, 0xEA, 0xDE, 0x7B, 0x95, 0xBD, 0x55, 0x0D,
    0xFD, 0x5A, 0x9E, 0x0B, 0x6C, 0xF5, 0x08, 0xFE, 0x7B, 0x0B, 0x7B, 0x93, 0xC0, 0x7F, 0x7F, 0x66,
    0x50, 0x7F, 0xDB, 0x1F, 0x64, 0xBA, 0xAF, 0xF5, 0xE0, 0x7E, 0x38, 0x11, 0xBE, 0x1D, 0xC1, 0xFD,
    0xF7, 0x88, 0x7F, 0xFF, 0x34, 0xF8, 0x56, 0xC0, 0x46, 0xE3, 0xE4, 0xE4, 0x47, 0xB3, 0x5B, 0x01,
    0xEA, 0xED, 0x54, 0xA8, 0x56, 0x08, 0xB2, 0x21, 0x62, 0x62, 0x10, 0x4A, 0x49, 0x34, 0x93, 0xAD,
    0x6A, 0xD7, 0x43, 0xC8, 0x04, 0xC0, 0xAD, 0x5C, 0x03, 0xF5, 0x5E, 0xCE, 0x16, 0x85, 0xAF, 0x4C,
    0x00, 0xC3, 0xFB, 0xBD, 0x8A, 0x20, 0x80, 0xB5, 0xC1, 0xDA, 0x98, 0x70, 0x12, 0xED, 0xDC, 0x90,
    0x54, 0x5C, 0x87, 0x0C, 0x14, 0xB3, 0x5B, 0x80, 0x7A, 0x32, 0xFB, 0xAE, 0x2F, 0xB5, 0x4D, 0x00,
    0x49, 0xB0, 0x9A, 0x2D, 0x55, 0xDF, 0xEA, 0xE5, 0x8F, 0xA5, 0x48, 0xDF, 0x49, 0xAA, 0x44, 0x46,
    0x91, 0x5C, 0xC8, 0x6E, 0xDC, 0xD4, 0x05, 0x37, 0x96, 0xA2, 0xDD, 0x91, 0x9E, 0x00, 0x61, 0xE4,
    0x1D, 0xF0, 0x99, 0x05, 0x9C, 0x45, 0xB1, 0xB2, 0x80, 0x15, 0xA2, 0x0E, 0x30, 0xFC, 0x04, 0x20,
    0x6C, 0x4A, 0x33, 0x4F, 0x93, 0x5F, 0x9B, 0xB3, 0x72, 0x90, 0x5E, 0xB5, 0x49, 0x7A, 0xF1, 0xF3,
    0xDC, 0x90, 0x03, 0xF8, 0xF1, 0x21, 0x74, 0xFD, 0x05, 0x08, 0x6A, 0xF8, 0xFC, 0x5E, 0xA0, 0xCD,
    0xE7, 0xED, 0x61, 0x88, 0x50, 0x58, 0xE0, 0x57, 0x6C, 0x8E, 0x6A, 0x27, 0xB4, 0x13, 0x20, 0xF0,
    0x29, 0xAD, 0xBF, 0x50, 0x4B, 0xD7, 0xED, 0x44, 0xB1, 0xAA, 0xE6, 0xE5, 0x85, 0xA1, 0x41, 0x06,
    0x79, 0xC6, 0x9B, 0x7D, 0xB4, 0x4F, 0x00, 0x3C, 0x16, 0x26, 0x9A, 0x64, 0x2B, 0xD1, 0x96, 0x8C,
    0xC6, 0x87, 0x05, 0xB8, 0x06, 0x8D, 0x1B, 0x1F, 0xDB, 0x70, 0x7D, 0xA5, 0x61, 0x90, 0x78, 0x24,
    0xFC, 0x27, 0x93, 0x4E, 0xDA, 0x7E, 0x17, 0x08, 0x11, 0x8B, 0x8B, 0x24, 0x8A, 0x0F, 0x26, 0xCA,
    0x9F, 0x66, 0xAA, 0x71, 0xA6, 0x49, 0xD7, 0xB8, 0xFE, 0x21, 0x2D, 0x9E, 0x47, 0x07, 0xAF, 0x70,
    0xFD, 0x4A, 0x7D, 0xFB, 0xF6, 0xE2, 0x2F, 0x19, 0x7A, 0x9F, 0xEA, 0xA9, 0xC8, 0x7C, 0x8B, 0xCB,
    0x05, 0x2A, 0x91, 0x48, 0x6B, 0x57, 0x6C, 0x0C, 0x23, 0x5D, 0x74, 0x13, 0x81, 0x03, 0x60, 0xB8,
    0x3C, 0xE0, 0x65, 0xA2, 0x92, 0x7F, 0x9A, 0x68, 0x27, 0x3D, 0xAB, 0x4D, 0x3A, 0x14, 0x56, 0x4A,
    0x5D, 0x26, 0xA8, 0x6E, 0x2F, 0x3F, 0x94, 0xFE, 0xDE, 0x5E, 0x6C, 0x14, 0x13, 0x10, 0x14, 0x9D,
    0xA2, 0x1D, 0x01, 0xF7, 0xA1, 0xE8, 0xA6, 0x63, 0x25, 0xCA, 0x86, 0x13, 0x91, 0xE8, 0xE6, 0x42,
    0x92, 0x1B, 0x09, 0xE3, 0x01, 0x97, 0xCF, 0x68, 0x5E, 0xC1, 0xA4, 0x27, 0x6C, 0x38, 0xF6, 0x56,
    0x5A, 0xDF, 0x4F, 0xAB, 0x02, 0x1A, 0x7B, 0x9E, 0xFF, 0x8E, 0xD8, 0x13, 0x53, 0xCF, 0x20, 0x73,
    0x25, 0xB2, 0xB8, 0xB9, 0xCE, 0x6D, 0xE2, 0x49, 0x00, 0x34, 0x77, 0xA7, 0x3C, 0x9C, 0xCB, 0x11,
    0x42, 0x0F, 0x61, 0x84, 0xF6, 0xA6, 0x78, 0xB7, 0xB1, 0xF5, 0x23, 0xFD, 0xF9, 0x46, 0xDD, 0x03,
    0x72, 0xA0, 0x54, 0x58, 0x6B, 0xC2, 0x2B, 0x68, 0xF6, 0xCE, 0x6E, 0x5D, 0xB1, 0x92, 0x03, 0xCD,
    0x4D, 0x29, 0xB1, 0x9D, 0x18, 0x62, 0x48, 0xA7, 0x97, 0x8F, 0xB1, 0xE3, 0xC0, 0x70, 0x17, 0x5D,
    0x54, 0xF4, 0xDA, 0x64, 0x3C, 0xE0, 0x6F, 0x8A, 0xC1, 0x3C, 0x19, 0x2B, 0x91, 0x9F, 0xAC, 0x5C,
    0x3E, 0x3F, 0xED, 0x14, 0x3A, 0x14, 0x5D, 0xE6, 0xCD, 0x7C, 0xF8, 0x9C, 0xEA, 0xEC, 0x63, 0x35,
    0x07, 0xCA, 0xA5, 0xA3, 0x5C, 0x3B, 0x11, 0xCB, 0x77, 0xDC, 0x49, 0xE0, 0x27, 0x70, 0x37, 0x5C,
    0xD5, 0x22, 0x8B, 0x2D, 0x49, 0x7F, 0x03, 0x5C, 0x6E, 0x50, 0x8B, 0xF4, 0xA7, 0x6B, 0xDE, 0x87,
    0xC4, 0x40, 0x13, 0xD9, 0x80, 0x17, 0xF0, 0x76, 0x52, 0xF1, 0x40, 0xA1, 0x75, 0xBF, 0x32, 0x76,
    0xA0, 0x15, 0x9B, 0x46, 0x33, 0x98, 0xDD, 0x42, 0x5D, 0xAC, 0x97, 0xE6, 0x17, 0xA3, 0x9B, 0xCA,
    0x05, 0x97, 0x8A, 0x95, 0x36, 0x71, 0x82, 0x7D, 0xB5, 0x13, 0x47, 0x93, 0x8C, 0xBD, 0x85, 0xA6,
    0xDB, 0xA0, 0x4A, 0x80, 0x33, 0x4C, 0x0A, 0x91, 0xE7, 0xEA, 0x8B, 0x58, 0xE0, 0x53, 0xFD, 0x73,
    0xFC, 0xE4, 0x23, 0xCD, 0xD4, 0x41, 0xAD, 0x68, 0xC6, 0x2E, 0xDA, 0xFF, 0x55, 0xC5, 0x10, 0x9D,
    0x4D, 0x8D, 0x61, 0xEF, 0xE1, 0xAF, 0x00, 0x9A, 0x55, 0xD9, 0x1A, 0x6B, 0x63, 0xF9, 0x91, 0x7C,
    0xB0, 0x1D, 0xDC, 0x34, 0x68, 0xA5, 0x0E, 0xFC, 0x60, 0xBC, 0xF3, 0x83, 0xEA, 0xD7, 0xA3, 0x97,
    0x7E, 0xD0, 0x75, 0x9D, 0x44, 0xFA, 0x3A, 0xE3, 0x16, 0xDC, 0xAA, 0xE9, 0x28, 0xDF, 0x1E, 0xDD,
    0xAC, 0xA9, 0x9E, 0xA9, 0x5E, 0x2F, 0x75, 0x12, 0x07, 0x49, 0xB8, 0x44, 0xC8, 0x58, 0xD2, 0xF2,
    0xED, 0x21, 0x13, 0xC3, 0x84, 0xB3, 0xE4, 0xC6, 0xD7, 0x4E, 0xA6, 0xD0, 0x27, 0xBA, 0x58, 0xEE,
    0xF8, 0x05, 0x3F, 0xF2, 0x69, 0x4E, 0xFF, 0x8A, 0xDD, 0x5B, 0x95, 0xDE, 0xD8, 0x18, 0xCB, 0x8F,
    0xA3, 0x2C, 0x07, 0x0B, 0x23, 0xA1, 0x57, 0x0A, 0x07, 0xAB, 0x55, 0xE9, 0xB2, 0x32, 0xA4, 0x83,
    0x22, 0x18, 0x7B, 0xE3, 0xA8, 0xF5, 0x6D, 0x56, 0x36, 0xAB, 0xB2, 0xDC, 0x95, 0x48, 0x54, 0x86,
    0xA4, 0x6C, 0x67, 0x8D, 0x6A, 0x2D, 0x04, 0x19, 0x4B, 0x89, 0x7C, 0x4A, 0x87, 0xD7, 0x59, 0xAA,
    0x57, 0xCA, 0x5F, 0x3D, 0xA9, 0xDA, 0x20, 0x23, 0xEF, 0x36, 0x1B, 0xDD, 0x88, 0x5F, 0x06, 0xF9,
    0xAA, 0x2C, 0x04, 0xD1, 0x63, 0xA3, 0x96, 0x1F, 0xCB, 0xFE, 0xAF, 0x3B, 0xC5, 0x86, 0x9F, 0x38,
    0xE4, 0xAA, 0x71, 0x1B, 0x3E, 0x71, 0xA9, 0x53, 0x66, 0x6B, 0x64, 0x0A, 0xF2, 0xEF, 0x22, 0x4E,
    0x66, 0x5E, 0x3A, 0x8A, 0x77, 0xEF, 0xDD, 0x60, 0x23, 0xB3, 0x15, 0x6C, 0xFF, 0x6B, 0xFF, 0x78,
    0xC8, 0xB0, 0xE3, 0x0E, 0xAE, 0xD4, 0xC6, 0xEA, 0xCD, 0x59, 0x1C, 0xB4, 0x1F, 0x9A, 0x9D, 0x4E,
    0xD7, 0x49, 0x0D, 0x3C, 0xD8, 0x23, 0xA8, 0x8D, 0x4A, 0x64, 0xC5, 0x2D, 0xF5, 0x8E, 0x4F, 0x0C,
    0x84, 0xFE, 0xF4, 0x6F, 0x4B, 0xEA, 0xC0, 0xBF, 0x82, 0x78, 0xC0, 0x9A, 0xF8, 0x91, 0x41, 0xBB,
    0x69, 0xE8, 0x64, 0xA1, 0x50, 0x55, 0xD8, 0x8B, 0xF9, 0xFC, 0x60, 0xA1, 0xFB, 0xB9, 0x48, 0xDF,
    0xA9, 0x0F, 0xED, 0x1E, 0xBB, 0x5C, 0x2D, 0x34, 0xCB, 0x81, 0x6A, 0x3D, 0x50, 0x2A, 0x8A, 0xED,
    0x2E, 0x4E, 0x27, 0x56, 0xAA, 0xA5, 0xDA, 0x68, 0x72, 0x75, 0x74, 0x9F, 0xAA, 0x5F, 0x8A, 0xA4,
    0x6A, 0x91, 0xFD, 0xA8, 0xF5, 0xCF, 0x0F, 0xC0, 0x87, 0xA2, 0xDE, 0x80, 0x4E, 0x46, 0xC5, 0xED,
    0xD3, 0x4C, 0x27, 0xF3, 0xE9, 0xF1, 0x67, 0x2B, 0x04, 0xBB, 0xE7, 0x79, 0xDB, 0x36, 0xFB, 0x03,
    0x5D, 0x54, 0x70, 0x8B, 0x78, 0x46, 0x48, 0x8A, 0xF1, 0x40, 0x7B, 0xDE, 0xD1, 0xFB, 0x4A, 0xC1,
    0xE5, 0x4D, 0xE8, 0x81, 0x8F, 0x44, 0x97, 0x4E, 0xAF, 0xFB, 0x9D, 0xAC, 0xC7, 0x95, 0x7C, 0x12,
    0x66, 0x9F, 0xC3, 0x8D, 0xE4, 0xDF, 0x16, 0xC9, 0xC5, 0xFE, 0xF5, 0xEF, 0x16, 0x2B, 0xBC, 0x6E,
    0xF6, 0x32, 0x12, 0x24, 0xC3, 0x70, 0xA3, 0xE1, 0x4D, 0xED, 0x91, 0x8F, 0x11, 0xA5, 0x40, 0x73,
    0x64, 0x08, 0x49, 0x63, 0x1D, 0x69, 0x64, 0x3B, 0xBD, 0xF6, 0x19, 0x12, 0xB8, 0xF1, 0x2D, 0x9A,
    0xE9, 0x82, 0x66, 0x7C, 0xA4, 0x57, 0x49, 0x74, 0xC2, 0x6F, 0xDC, 0x93, 0x11, 0xAE, 0x80, 0x15,
    0x38, 0xE9, 0xFF, 0x43, 0x11, 0x3A, 0x11, 0x93, 0xE5, 0xCA, 0xEB, 0xE7, 0x9D, 0x68, 0xF7, 0x57,
    0xD9, 0xA1, 0x9D, 0x90, 0x54, 0x0B, 0x83, 0xA2, 0x4D, 0xEC, 0xB8, 0x37, 0xC2, 0xA8, 0x98, 0x14,
    0xCB, 0xBD, 0xD3, 0x43, 0x6A, 0x25, 0x62, 0x1B, 0x5C, 0xC8, 0x36, 0xF8, 0x41, 0x7A, 0xBF, 0x37,
    0x0B, 0x55, 0xAE, 0x56, 0xEA, 0x51, 0x37, 0xDD, 0xC4, 0x86, 0xEB, 0x11, 0xDA, 0x48, 0x87, 0xD7,
    0xD8, 0xDB, 0x33, 0xE9, 0x95, 0xBA, 0xBF, 0x1E, 0x98, 0x66, 0xA8, 0x7F, 0x9A, 0xA1, 0xFA, 0x60,
    0x82, 0x52, 0x46, 0x40, 0x12, 0x30, 0xD8, 0x45, 0x82, 0x41, 0x90, 0xBE, 0x5B, 0xFD, 0x86, 0x24,
    0xBF, 0x54, 0x73, 0x21, 0xA9, 0x4E, 0xD5, 0x72, 0xB4, 0x6C, 0x52, 0xB9, 0x54, 0x32, 0xB9, 0xBE,
    0x58, 0xEB, 0xFF, 0xCA, 0x2E, 0xB2, 0x36, 0x3F, 0xC8, 0x2D, 0x6C, 0xEE, 0xFB, 0xB3, 0x87, 0x67,
    0xEE, 0x6F, 0xD7, 0xB7, 0xE1, 0x71, 0xFB, 0xA5, 0xF5, 0x21, 0x04, 0xCF, 0x76, 0x01, 0x21, 0xF0,
    0xDE, 0x15, 0xF8, 0x77, 0xE8, 0x9E, 0x42, 0xBB, 0x12, 0x66, 0x70, 0x2B, 0x3E, 0x83, 0x9B, 0x69,
    0x33, 0x34, 0x59, 0xDD, 0xA4, 0x3E, 0xC4, 0x48, 0x90, 0x24, 0x73, 0x90, 0x7E, 0xC8, 0xF5, 0x46,
    0x1B, 0x0B, 0xE1, 0x91, 0x0E, 0x6D, 0x81, 0xF0, 0x1F, 0xDA, 0xE5, 0x83, 0x04, 0xB5, 0x44, 0x28,
    0x6F, 0x1F, 0xC0, 0x6B, 0x49, 0xE0, 0xFE, 0x2C, 0xC3, 0xA3, 0x66, 0x81, 0xEB, 0x6A, 0xA3, 0xC8,
    0x08, 0xF5, 0x48, 0x97, 0xC2, 0x52, 0xCA, 0xD2, 0xAD, 0x95, 0xAC, 0x83, 0xA4, 0x6E, 0x3B, 0x10,
    0xB6, 0x5A, 0x77, 0x8A, 0x72, 0xA3, 0x99, 0x10, 0x5C, 0x42, 0xE2, 0x81, 0xAE, 0xF7, 0xBA, 0xA8,
    0x03, 0xB4, 0xE3, 0x23, 0x70, 0xF9, 0x19, 0x34, 0xF3, 0x0A, 0xD5, 0xCD, 0xA2, 0xD6, 0x32, 0x20,
    0xD3, 0xF9, 0x4D, 0x47, 0x48, 0x8A, 0xFE, 0xCE, 0x7F, 0x5A, 0x1B, 0x36, 0x09, 0xB4, 0x1B, 0x7C,
    0x7A, 0x98, 0xA0, 0x91, 0xFE, 0xB4, 0x02, 0x83, 0xC8, 0x72, 0xE4, 0x7C, 0xE4, 0xA4, 0x2F, 0xE5,
    0xAE, 0xE8, 0x78, 0x8B, 0xD5, 0xCE, 0xAA, 0xE7, 0xEA, 0xBA, 0xE9, 0x1B, 0x80, 0xCD, 0xAA, 0xEF,
    0x37, 0x99, 0xD9, 0x8D, 0x65, 0xD6, 0x7E, 0x9D, 0xC8, 0x34, 0x1C, 0x19, 0xEE, 0xAB, 0xFA, 0xEE,
    0xB9, 0x6D, 0xC1, 0xA7, 0x84, 0x25, 0x36, 0x78, 0x66, 0xE9, 0x9A, 0x62, 0x21, 0x4C, 0x9A, 0x0A,
    0x0D, 0xC8, 0xB9, 0x7E, 0x3B, 0xB5, 0x7C, 0xD1, 0x71, 0x87, 0xF0, 0xDC, 0xC6, 0xCB, 0xF5, 0xC7,
    0x1D, 0x80, 0xAE, 0xF2, 0x8C, 0xED, 0x44, 0x2F, 0x94, 0x94, 0x0B, 0xE5, 0x6C, 0x29, 0x2B, 0x59,
    0x39, 0xD9, 0x5E, 0x6F, 0x2B, 0x2D, 0x2D, 0x2F, 0x75, 0xD1, 0x6D, 0x4C, 0x55, 0x49, 0x0F, 0xE0,
    0xA6, 0x2A, 0x85, 0xBD, 0x49, 0xCF, 0xBC, 0xA4, 0xA5, 0x96, 0xB8, 0x14, 0x1B, 0xFF, 0x0B, 0xD5,
    0x9A, 0x01, 0xC4, 0x27, 0xDB, 0x79, 0xFF, 0x3F, 0x67, 0xE6, 0xBF, 0xEF, 0x91, 0xCC, 0xBF, 0x39,
    0x41, 0xAE, 0x96, 0x7B, 0xBB, 0x13, 0x04, 0x6D, 0xBA, 0xBB, 0x13, 0x2C, 0x16, 0xBB, 0xEF, 0x39,
    0xC9, 0x02, 0x8A, 0xDC, 0x56, 0x03, 0xD0, 0x04, 0x05, 0x60, 0x83, 0x60, 0xCB, 0xEE, 0x3B, 0x27,
    0x85, 0x20, 0xC8, 0xAB, 0x00, 0x90, 0xA0, 0x54, 0x51, 0xF7, 0x62, 0xCB, 0xE2, 0x7D, 0x77, 0x4E,
    0x1A, 0x40, 0xD1, 0x69, 0x21, 0x80, 0x9C, 0xD4, 0x82, 0x16, 0x7B, 0x22, 0x23, 0x99, 0x37, 0x77,
    0x66, 0x9E, 0xCE, 0x39, 0xDE, 0x1F, 0x7B, 0x77, 0x73, 0xA5, 0x37, 0x76, 0x93, 0xBD, 0xF3, 0x3B,
    0xE7, 0xF3, 0x7D, 0xE6, 0xCC, 0x73, 0x9E, 0xE7, 0x3B, 0x63, 0xEE, 0x9D, 0x7B, 0x79, 0x3B, 0x86,
    0x20, 0x61, 0x08, 0x9D, 0x03, 0x80, 0xAB, 0x5C, 0xA5, 0xA5, 0x2B, 0x3F, 0x9B, 0x7F, 0xCE, 0x96,
    0x5F, 0xEF, 0xF3, 0xCF, 0x3A, 0xA8, 0x3D, 0x34, 0x0E, 0x0C, 0x34, 0xE2, 0x18, 0x24, 0xD5, 0x93,
    0x9D, 0x9A, 0x60, 0x27, 0xE3, 0xFF, 0x25, 0x76, 0x2E, 0x61, 0x89, 0x58, 0x35, 0x62, 0xEB, 0x80,
    0xBD, 0xEB, 0xB1, 0xDF, 0x71, 0xD8, 0x7F, 0x83, 0xF6, 0x19, 0x98, 0x8D, 0x6F, 0x69, 0x91, 0xA4,
    0x44, 0x3C, 0xFD, 0x0C, 0xEF, 0x03, 0x09, 0x54, 0xA4, 0xD4, 0x23, 0x17, 0xA4, 0x16, 0x59, 0x68,
    0x56, 0xF5, 0x04, 0x93, 0xE8, 0x30, 0x11, 0xE3, 0x76, 0x34, 0x7E, 0x87, 0xA2, 0x49, 0x40, 0x3D,
    0x93, 0x73, 0x25, 0x14, 0x40, 0x0F, 0x60, 0x33, 0xBA, 0x03, 0x38, 0xCE, 0x78, 0x90, 0x31, 0x01,
    0x55, 0x04, 0xB4, 0x88, 0x04, 0xB3, 0xC3, 0xB7, 0x3B, 0x1C, 0xC0, 0x17, 0xF8, 0x34, 0x0F, 0x87,
    0xF7, 0x9C, 0x95, 0x0D, 0xE3, 0x17, 0x5A, 0xEE, 0x70, 0x9D, 0x1B, 0x3B, 0xAF, 0x16, 0xCD, 0xE7,
    0x79, 0x3D, 0x5F, 0xCF, 0x79, 0x39, 0x1F, 0xC0, 0xCA, 0x52, 0xCB, 0xDC, 0xC9, 0xA4, 0x64, 0x42,
    0x3C, 0x37, 0xC0, 0x8E, 0x3C, 0x06, 0x33, 0xE5, 0x56, 0xF5, 0xDA, 0x78, 0x40, 0xFE, 0x1A, 0xC0,
    0xCE, 0x80, 0x88, 0xAC, 0x07, 0x62, 0x22, 0x1F, 0xE6, 0xCB, 0x57, 0x3F, 0x9A, 0x09, 0xA8, 0x44,
    0x3C, 0xD4, 0x22, 0x81, 0xB3, 0xE7, 0x0F, 0x00, 0x78, 0x61, 0xED, 0x6D, 0x89, 0x90, 0x4B, 0xD7,
    0x73, 0xBD, 0xA1, 0x23, 0x4F, 0x68, 0x46, 0x3E, 0x57, 0xEA, 0xD1, 0xCC, 0x80, 0x96, 0xA7, 0xA5,
    0xE6, 0x08, 0xBD, 0xAC, 0x54, 0x17, 0x83, 0xD0, 0x7A, 0x25, 0xDE, 0x82, 0x0D, 0x27, 0xD0, 0x86,
    0x7E, 0x87, 0xDF, 0xD1, 0x39, 0x1B, 0x39, 0xC1, 0xCA, 0x3F, 0x4E, 0x34, 0xB9, 0x3F, 0x83, 0x24,
    0x50, 0x43, 0xA9, 0xB3, 0x00, 0x2C, 0x54, 0x19, 0x26, 0x64, 0x4C, 0x7A, 0xC2, 0xE4, 0xCA, 0x6A,
    0xD8, 0xE0, 0x98, 0xB9, 0xFF, 0xCA, 0xB2, 0x8F, 0x3D, 0x80, 0x7B, 0x9B, 0x23, 0x17, 0x99, 0xC0,
    0x9E, 0xAA, 0x0D, 0xE6, 0xDC, 0xA9, 0x8E, 0x50, 0xC7, 0xC6, 0x37, 0xDB, 0x98, 0x0C, 0x83, 0x8C,
    0xF7, 0xAF, 0x56, 0x6B, 0x35, 0xDE, 0xBE, 0x5E, 0x47, 0xC6, 0xEB, 0xB7, 0x9B, 0xC0, 0xE9, 0xD5,
    0xDB, 0x26, 0x40, 0x21, 0x9F, 0x39, 0xB0, 0xAC, 0x34, 0x23, 0xEF, 0x5E, 0xBD, 0xAE, 0xD3, 0x9E,
    0x79, 0xB5, 0x5E, 0xD5, 0x78, 0xDB, 0x20, 0x12, 0xEE, 0x37, 0xFE, 0xED, 0xCD, 0xA5, 0x52, 0x39,
    0xAA, 0x99, 0xEC, 0xAD, 0x2F, 0x1D, 0x4B, 0xF7, 0xE2, 0x04, 0x25, 0xCE, 0xC8, 0x78, 0xAC, 0xD3,
    0x83, 0x3A, 0x7D, 0xB6, 0x4A, 0xDC, 0x4B, 0x5A, 0x52, 0xF7, 0xF7, 0xE9, 0x61, 0x95, 0x1E, 0xD6,
    0xE9, 0xA4, 0x49, 0x76, 0x15, 0x13, 0xCF, 0x01, 0x60, 0x90, 0x6D, 0x1F, 0x28, 0xFE, 0x1F, 0xB4,
    0xB4, 0xD0, 0x73, 0x8E, 0x5A, 0xAA, 0x05, 0x3D, 0x35, 0x89, 0x36, 0x75, 0x23, 0x7D, 0x18, 0x02,
    0x83, 0x13, 0x18, 0xBC, 0x38, 0xEC, 0x68, 0x03, 0x26, 0x99, 0x44, 0xB5, 0xD4, 0x13, 0x9C, 0xB3,
    0x40, 0x87, 0x85, 0x86, 0xCF, 0x00, 0x80, 0x15, 0x49, 0x87, 0x09, 0x7C, 0xD4, 0x7C, 0x57, 0x84,
    0x32, 0xE0, 0xDE, 0x05, 0xD5, 0xA8, 0x7D, 0x03, 0xF1, 0x1D, 0x3B, 0xDF, 0xBC, 0x76, 0xFD, 0xFA,
    0xB5, 0x5B, 0xD7, 0xAF, 0xBD, 0x73, 0xB3, 0x9B, 0xDE, 0xB9, 0x79, 0xFD, 0xF6, 0x3B, 0xB7, 0xF6,
    0x79, 0xED, 0xC6, 0x8D, 0x6B, 0xEF, 0xBC, 0x75, 0xE5, 0x66, 0xCE, 0xC9, 0xB9, 0x79, 0x8F, 0x48,
    0xDC, 0x47, 0xB5, 0xD2, 0x8A, 0x3F, 0xD6, 0xE3, 0x7D, 0x15, 0xBF, 0x45, 0xDA, 0xC7, 0x1E, 0xEC,
    0xA7, 0xFB, 0x62, 0xB5, 0x42, 0xC7, 0x4B, 0x53, 0x44, 0xC2, 0x61, 0xFE, 0xA6, 0xEB, 0x7A, 0xA5,
    0x13, 0x7F, 0xBF, 0x0D, 0xEF, 0x37, 0xC1, 0x99, 0x80, 0xF1, 0x1C, 0xC3, 0x4C, 0x3D, 0x62, 0x1C,
    0x56, 0x52, 0x2F, 0xB1, 0xE4, 0xB8, 0xFB, 0x9D, 0xFF, 0x86, 0x71, 0x5C, 0xA7, 0x16, 0xA7, 0xBE,
    0x1E, 0xD0, 0xE3, 0x3E, 0x1E, 0xB5, 0x61, 0x10, 0xD7, 0xCD, 0xA8, 0x7F, 0xAA, 0xD7, 0x66, 0x32,
    0xA1, 0xE3, 0x36, 0x03, 0x3A, 0xBD, 0x02, 0xF8, 0x76, 0x87, 0x7C, 0xB0, 0xF9, 0x41, 0xFE, 0x53,
    0xC6, 0xF3, 0x8D, 0x27, 0x9C, 0x01, 0x05, 0x9C, 0x1F, 0xC0, 0x93, 0x8C, 0xA1, 0xE0, 0x70, 0x0A,
    0x83, 0xC8, 0xA6, 0x45, 0xE4, 0xA2, 0x15, 0xD1, 0xBE, 0xCB, 0xB0, 0xBF, 0x06, 0x5D, 0x86, 0xC9,
    0xA8, 0x32, 0x78, 0xEB, 0xDE, 0x0E, 0xCC, 0xAB, 0x82, 0x45, 0xBC, 0x04, 0xD9, 0x95, 0xCF, 0x13,
    0xAB, 0xA0, 0xA7, 0x66, 0xE5, 0xE4, 0xB3, 0x37, 0x6E, 0xDF, 0xEE, 0x22, 0x67, 0xE8, 0x05, 0xBB,
    0xF0, 0x85, 0x33, 0x78, 0x69, 0xA8, 0xCD, 0x19, 0x09, 0x95, 0xF8, 0x56, 0x26, 0xFB, 0xE5, 0xE5,
    0x21, 0x27, 0x67, 0xD8, 0x32, 0x8E, 0xF7, 0x78, 0x5F, 0xD9, 0xD7, 0xF7, 0xAB, 0x1C, 0x8E, 0x5E,
    0xB6, 0x7D, 0x7C, 0x8E, 0xCF, 0xC2, 0x1D, 0x1E, 0x40, 0xE7, 0x2C, 0x98, 0xB1, 0x0D, 0xE5, 0x4D,
    0xA7, 0x5A, 0xEB, 0x05, 0xE4, 0xCB, 0x02, 0xBD, 0x1F, 0x5C, 0x79, 0xD5, 0x95, 0x54, 0x1B, 0xF5,
    0xA2, 0x67, 0x9A, 0x64, 0x22, 0x6D, 0xE8, 0x3C, 0x96, 0x13, 0xB8, 0xC6, 0x2D, 0x00, 0x40, 0x4D,
    0xA0, 0x03, 0xED, 0x04, 0xC6, 0x31, 0x4C, 0x70, 0x0C, 0x7F, 0x31, 0x91, 0x3B, 0xE4, 0x6B, 0x53,
    0x91, 0x3A, 0x16, 0xD1, 0xA1, 0x88, 0x71, 0x45, 0x8E, 0xC9, 0x92, 0x13, 0x39, 0xBA, 0x60, 0x02,
    0x3A, 0xF9, 0xBB, 0xD8, 0x06, 0x72, 0xC5, 0x3E, 0x8B, 0x71, 0x3F, 0xC9, 0x72, 0xA3, 0xFE, 0x5E,
    0x96, 0x07, 0x9F, 0x31, 0x59, 0xA6, 0x6B, 0x59, 0xAA, 0xD8, 0x8B, 0x94, 0x44, 0xD9, 0x4A, 0xEB,
    0xBC, 0x78, 0x83, 0x2C, 0xB9, 0xE2, 0xBD, 0xA7, 0x30, 0xA1, 0x64, 0x29, 0x26, 0x9A, 0x4B, 0x83,
    0x1C, 0x0C, 0xFE, 0xE5, 0x04, 0x67, 0x50, 0x4D, 0x90, 0x8A, 0xD4, 0xB1, 0x48, 0x13, 0x8A, 0x18,
    0x8A, 0x1C, 0x17, 0x29, 0x06, 0x75, 0x31, 0x88, 0x95, 0xBB, 0xF1, 0x5E, 0x04, 0xF4, 0x0F, 0x65,
    0x01, 0xCC, 0xDD, 0x6F, 0xAF, 0xC0, 0x71, 0xC3, 0x79, 0x36, 0xA8, 0x8A, 0x4C, 0xB0, 0x64, 0x83,
    0xD4, 0x29, 0x1B, 0x2C, 0x45, 0x8D, 0xCB, 0xE6, 0xF2, 0x7C, 0x94, 0x13, 0xA9, 0x44, 0x60, 0xA2,
    0x16, 0xE1, 0x28, 0xFB, 0xF7, 0xAD, 0x78, 0x5A, 0x6E, 0xB5, 0x81, 0x3B, 0x7C, 0xDE, 0x78, 0x66,
    0xB8, 0x8A, 0x4A, 0x54, 0xE2, 0xEA, 0x11, 0xF5, 0xF5, 0xD1, 0x78, 0xA8, 0x63, 0x4B, 0xE6, 0x1D,
    0xB8, 0x6F, 0xC6, 0xC7, 0xD0, 0xCB, 0xB7, 0x13, 0x74, 0x17, 0xF5, 0xD8, 0x79, 0x68, 0xFC, 0xB0,
    0xB3, 0x55, 0x3F, 0xD9, 0x79, 0x47, 0x7F, 0x7D, 0xE7, 0xE3, 0x3F, 0x68, 0x3D, 0x2A, 0xDD, 0xDA,
    0x59, 0x8F, 0x83, 0x6C, 0x39, 0x45, 0x56, 0x5A, 0x68, 0x3D, 0x77, 0x0A, 0x73, 0x95, 0x58, 0x1A,
    0xCD, 0xC5, 0x70, 0xB3, 0x80, 0x59, 0x8A, 0x96, 0xF3, 0xE7, 0x0F, 0x15, 0xCB, 0xA4, 0x4A, 0xF0,
    0x87, 0x09, 0x2D, 0x89, 0x56, 0x12, 0xF6, 0x29, 0xF4, 0x0E, 0x06, 0x0E, 0xB3, 0x9C, 0x9F, 0xD9,
    0xA8, 0x37, 0x23, 0xB2, 0x56, 0x22, 0x0B, 0x9D, 0x9C, 0x62, 0x12, 0x80, 0x9E, 0x33, 0x59, 0x0A,
    0x8F, 0x0B, 0x0D, 0x2F, 0x1E, 0x36, 0x16, 0xA6, 0xCC, 0x61, 0xCA, 0xFC, 0x60, 0x06, 0xD4, 0xCF,
    0x17, 0xA0, 0xFA, 0xD9, 0x0A, 0xD4, 0xA3, 0x00, 0x3A, 0x0C, 0x40, 0x13, 0x7A, 0x0F, 0xC6, 0xD9,
    0x00, 0x2D, 0xDD, 0x08, 0xB6, 0x74, 0xBB, 0x53, 0x38, 0x88, 0xCC, 0x20, 0xD9, 0x86, 0xDA, 0xB9,
    0x52, 0x25, 0xD4, 0x46, 0x9D, 0x40, 0xD0, 0x23, 0x0C, 0xBE, 0x09, 0x60, 0x83, 0xF1, 0xD0, 0x8D,
    0x7D, 0x44, 0x0D, 0xB3, 0x24, 0x2A, 0x59, 0x81, 0x3E, 0x00, 0x48, 0x86, 0x5A, 0xE0, 0xF0, 0x58,
    0xB4, 0x7F, 0x73, 0x3D, 0xB7, 0x23, 0x40, 0x9F, 0x32, 0xD7, 0xA5, 0x58, 0x3E, 0x2E, 0x1D, 0x8D,
    0x7B, 0x53, 0x3D, 0xAB, 0x59, 0x3B, 0xA8, 0xE5, 0xAB, 0x3B, 0xB5, 0x08, 0xD0, 0x7C, 0x37, 0xD3,
    0xB0, 0xF0, 0xA6, 0x7A, 0xD6, 0x63, 0xE7, 0xC0, 0x24, 0x1B, 0x0E, 0x2C, 0x2B, 0x00, 0x6F, 0xF0,
    0xBB, 0x11, 0x00, 0x6E, 0x7E, 0x33, 0xF3, 0x1B, 0x5F, 0x3A, 0xF0, 0xB0, 0xD2, 0x86, 0x37, 0xD7,
    0x39, 0xF4, 0x22, 0x92, 0x00, 0xE4, 0x32, 0xA8, 0x0E, 0x81, 0xCE, 0x49, 0x09, 0x30, 0xFF, 0x9E,
    0x50, 0x09, 0xE8, 0xBE, 0x9A, 0x09, 0x9C, 0x98, 0xCB, 0x60, 0xB9, 0x0C, 0xAA, 0xE9, 0x32, 0xA8,
    0xE3, 0x65, 0x60, 0x82, 0x11, 0x11, 0xA0, 0xE3, 0x32, 0xB0, 0x97, 0x8D, 0x38, 0x74, 0xAC, 0x0E,
    0x41, 0x9D, 0x28, 0xBB, 0x30, 0xE1, 0x32, 0xE8, 0xDC, 0x65, 0x70, 0x4C, 0x09, 0x26, 0x96, 0x12,
    0x54, 0xD3, 0xD1, 0x0A, 0x5D, 0xDE, 0x68, 0x25, 0x54, 0xF2, 0xA1, 0x00, 0xA0, 0xF6, 0x70, 0x4F,
    0xBE, 0xEF, 0x69, 0x44, 0xC4, 0xD3, 0x67, 0x2A, 0x19, 0xD5, 0xE0, 0xEB, 0x15, 0xDA, 0x60, 0xA6,
    0xDC, 0xA5, 0x8D, 0xD0, 0x84, 0x2E, 0x80, 0x0E, 0x76, 0x27, 0x58, 0xFF, 0x11, 0x0C, 0xCF, 0x71,
    0x04, 0xE5, 0xDA, 0x04, 0x75, 0x30, 0x73, 0xAE, 0xA0, 0x25, 0x57, 0xAB, 0xE4, 0x29, 0xF7, 0x3C,
    0x43, 0xEE, 0x55, 0xFA, 0xBA, 0xEC, 0xE1, 0x1F, 0x2E, 0xDD, 0x40, 0x93, 0x81, 0x89, 0x99, 0xED,
    0xF3, 0xFF, 0xA6, 0x7E, 0x90, 0xF1, 0xFE, 0xA3, 0xCC, 0xFE, 0x14, 0x94, 0x94, 0xC8, 0x1F, 0xDE,
    0x99, 0x3A, 0x02, 0x24, 0x9E, 0x3B, 0xAC, 0x88, 0x4C, 0x05, 0x6D, 0x86, 0x4E, 0xA8, 0x0C, 0x0A,
    0xF8, 0xB5, 0xC8, 0x7E, 0x0E, 0x90, 0xB2, 0xF6, 0x91, 0x78, 0x9C, 0x31, 0xE7, 0xCA, 0x73, 0x9F,
    0xCB, 0x17, 0x80, 0x5E, 0x00, 0x93, 0x80, 0x2E, 0x00, 0xC7, 0x00, 0x8F, 0x7F, 0xDF, 0xAE, 0xAA,
    0xA5, 0x94, 0x01, 0x4C, 0xFE, 0x38, 0x5B, 0x1D, 0xE1, 0x4C, 0x4D, 0xBF, 0x67, 0x57, 0x0F, 0xAB,
    0x04, 0x52, 0xCF, 0x97, 0x28, 0xA7, 0xC0, 0xEF, 0xD7, 0x55, 0x1F, 0x68, 0x23, 0xE5, 0x0A, 0xDC,
    0x06, 0x00, 0x5A, 0x59, 0xF6, 0xC1, 0xE0, 0x18, 0xF8, 0xF8, 0xC3, 0x35, 0x32, 0xE7, 0xED, 0x7A,
    0xC1, 0x24, 0xDA, 0xC0, 0xF1, 0xE1, 0x95, 0x80, 0x5E, 0xD2, 0x3E, 0xAA, 0x95, 0x6A, 0xF9, 0xF8,
    0x63, 0xA5, 0x93, 0xD8, 0x4B, 0x62, 0x40, 0x49, 0xA8, 0x7F, 0x19, 0xCD, 0x0F, 0xE7, 0x8E, 0x87,
    0xAF, 0xD0, 0x73, 0xEB, 0xCE, 0x6C, 0xD8, 0xF6, 0xB1, 0x07, 0xC0, 0x2B, 0xAC, 0xDC, 0x8B, 0xFC,
    0xCA, 0x51, 0x1E, 0x39, 0x7A, 0xE7, 0x86, 0x5A, 0x78, 0x5B, 0xC2, 0x4E, 0x86, 0x98, 0xD9, 0xA6,
    0x4C, 0x33, 0x65, 0xEA, 0x25, 0xB3, 0xBE, 0x64, 0x2F, 0x42, 0x75, 0xC9, 0xBC, 0x52, 0x48, 0xFD,
    0x1C, 0xF5, 0x94, 0x69, 0x52, 0x66, 0x1B, 0x33, 0x87, 0x50, 0xEA, 0x97, 0x5E, 0x4B, 0xE9, 0x1B,
    0x33, 0x2F, 0x00, 0xAC, 0x4B, 0x00, 0xC3, 0x4F, 0x23, 0x80, 0xC8, 0x08, 0xA8, 0x9F, 0x49, 0xC8,
    0xF2, 0xF2, 0x07, 0x95, 0x4E, 0x1C, 0x22, 0xAE, 0x93, 0x80, 0xE4, 0x82, 0x91, 0x26, 0x52, 0x49,
    0x42, 0x8F, 0x54, 0xBF, 0x9C, 0x8B, 0xFC, 0x62, 0x29, 0x32, 0x09, 0x45, 0x7A, 0x57, 0xC4, 0x86,
    0x22, 0xED, 0x58, 0xA4, 0x49, 0x45, 0xEA, 0xB9, 0x48, 0xB5, 0x14, 0x61, 0x2B, 0x42, 0x5F, 0x04,
    0xFB, 0x9D, 0x22, 0xED, 0x8F, 0x8B, 0x34, 0x1F, 0x14, 0xA9, 0xA5, 0x48, 0x55, 0x04, 0x76, 0xE9,
    0xC4, 0xD3, 0x8F, 0xF4, 0x12, 0xB0, 0x23, 0x34, 0x0B, 0x40, 0xB5, 0x66, 0x32, 0x14, 0xB6, 0x2E,
    0x53, 0x07, 0x5E, 0x38, 0xFA, 0x0D, 0x68, 0x44, 0x22, 0xF4, 0x22, 0x2B, 0x4A, 0x4E, 0xB5, 0xB8,
    0x7A, 0x85, 0x7E, 0x34, 0x09, 0xDA, 0xD4, 0x8E, 0x60, 0xA6, 0x2E, 0x80, 0x9E, 0xED, 0xCE, 0x7A,
    0xB1, 0x1E, 0xAA, 0x4B, 0xF6, 0x99, 0xEB, 0x61, 0xA5, 0xB0, 0xE4, 0x74, 0xE3, 0xCE, 0xB9, 0x4D,
    0xA0, 0xA7, 0xF2, 0x1D, 0x49, 0x7A, 0x05, 0x3B, 0x2A, 0x19, 0x8F, 0xC4, 0x95, 0x5E, 0x87, 0xBE,
    0x0C, 0xDB, 0x73, 0x5F, 0xFA, 0x5C, 0x10, 0xCA, 0x8A, 0x9A, 0x32, 0xEB, 0xF1, 0x8D, 0xF5, 0x7C,
    0xF8, 0x00, 0xCF, 0x99, 0x27, 0xE7, 0x99, 0x73, 0x07, 0xD4, 0xB1, 0x09, 0x6F, 0xAC, 0xE7, 0xF3,
    0x3A, 0x80, 0x92, 0x1F, 0xED, 0xAC, 0x45, 0xFC, 0xCE, 0x1F, 0x89, 0xDB, 0xE9, 0x4F, 0x78, 0x53,
    0x3D, 0x57, 0xC9, 0xF8, 0xDC, 0xA2, 0x1B, 0x29, 0x3C, 0xAC, 0x00, 0x6F, 0xAC, 0x67, 0xE0, 0x8F,
    0x31, 0x58, 0x67, 0x9D, 0x09, 0x2B, 0xF5, 0xCF, 0x67, 0x54, 0x71, 0xE5, 0x61, 0x08, 0x54, 0x92,
    0x68, 0x7E, 0xBA, 0xD0, 0x85, 0x1E, 0x4B, 0xE7, 0xFE, 0x3F, 0x9F, 0x02, 0x00, 0x35, 0xCC, 0xD5,
    0x44, 0x27, 0xF2, 0xA3, 0x88, 0x88, 0x48, 0xA8, 0xC5, 0xBD, 0x2D, 0xE4, 0x9E, 0x42, 0x37, 0xA2,
    0x24, 0xD8, 0x80, 0x96, 0xB1, 0x77, 0xB4, 0xDF, 0x4B, 0x03, 0x9C, 0x34, 0x49, 0x60, 0xD6, 0x93,
    0x50, 0xC7, 0x4C, 0xE3, 0xEB, 0x59, 0xB0, 0x64, 0x2E, 0xE8, 0x69, 0xB8, 0x9B, 0x76, 0xF6, 0xDF,
    0x0D, 0x98, 0x64, 0x9F, 0x81, 0x89, 0xED, 0x02, 0x36, 0x34, 0x33, 0x0C, 0x5E, 0x8B, 0x6B, 0x04,
    0x23, 0x22, 0x33, 0xB6, 0x15, 0x19, 0x39, 0x53, 0xC3, 0x05, 0x50, 0xAF, 0x00, 0x20, 0x85, 0x58,
    0x97, 0x49, 0x13, 0x32, 0xA9, 0x46, 0x5E, 0x3C, 0xF2, 0x56, 0x11, 0x86, 0x5D, 0x06, 0x41, 0xCF,
    0xA0, 0x47, 0xEA, 0x19, 0xEA, 0xD7, 0x20, 0xB9, 0xF4, 0x02, 0x3A, 0x50, 0xAD, 0x60, 0x02, 0x4A,
    0xA0, 0xF3, 0x20, 0x4F, 0x73, 0x84, 0x15, 0x59, 0x80, 0x46, 0x24, 0x01, 0xBC, 0xB7, 0x39, 0x00,
    0x4C, 0xCA, 0xA4, 0x1B, 0x9F, 0xBF, 0xA5, 0xB3, 0x42, 0xD2, 0x27, 0xF1, 0x8E, 0xF2, 0x4E, 0xC0,
    0xAC, 0x99, 0xD8, 0x3E, 0x93, 0x73, 0x13, 0x00, 0x35, 0xD5, 0xF1, 0x13, 0x78, 0x47, 0xB3, 0x1E,
    0x81, 0x6A, 0x31, 0xE9, 0x20, 0x87, 0x45, 0x80, 0x4F, 0xE4, 0x5B, 0xD7, 0xA6, 0x4C, 0x1B, 0x32,
    0xFB, 0x0C, 0x96, 0x0C, 0x15, 0x5F, 0xBC, 0x95, 0xA4, 0x64, 0x2B, 0x5C, 0x9B, 0x0D, 0xCC, 0x58,
    0xC9, 0x4E, 0x8F, 0x78, 0x2C, 0xD8, 0x91, 0x87, 0xD0, 0x25, 0x66, 0x30, 0x73, 0x95, 0xA0, 0x5E,
    0xF5, 0x08, 0x4A, 0x8C, 0x07, 0x86, 0x67, 0x00, 0x76, 0x85, 0x7C, 0x39, 0xB3, 0x49, 0xFF, 0x67,
    0x4E, 0x99, 0x83, 0x78, 0x50, 0x22, 0x81, 0x5E, 0x12, 0x74, 0x72, 0x0A, 0xD5, 0xC2, 0x01, 0x22,
    0x17, 0x19, 0x12, 0x32, 0x52, 0xB5, 0xD0, 0xCE, 0x3B, 0xEA, 0x65, 0x87, 0x5A, 0x5F, 0x46, 0xBD,
    0x94, 0x94, 0x92, 0x7C, 0xD8, 0x76, 0xF1, 0x7C, 0xBD, 0x15, 0xE8, 0x25, 0x66, 0x24, 0x80, 0x3F,
    0x13, 0x5F, 0xBA, 0xCC, 0x60, 0x44, 0x56, 0xE8, 0xA2, 0x16, 0xB0, 0x0E, 0x81, 0x27, 0x30, 0xC0,
    0x06, 0xE7, 0xB0, 0xC2, 0x9C, 0x59, 0x47, 0xF4, 0x8A, 0x71, 0xD8, 0x95, 0x3B, 0xD0, 0xAC, 0x9C,
    0x01, 0x2B, 0x4B, 0xA1, 0xB8, 0xC2, 0x29, 0xB3, 0x97, 0xCC, 0x56, 0xC2, 0xCE, 0x4A, 0xD2, 0x4E,
    0xDA, 0xC2, 0x7A, 0x62, 0xAD, 0x5C, 0x66, 0x1D, 0xAA, 0xB4, 0x73, 0xAC, 0x13, 0x5B, 0x9D, 0xCC,
    0xD8, 0xCA, 0x7F, 0x89, 0xF8, 0x4E, 0xD2, 0x30, 0x73, 0xE5, 0x5D, 0xCA, 0x06, 0xD0, 0x33, 0xA0,
    0x16, 0x80, 0x93, 0x8C, 0x36, 0xE3, 0x88, 0xC3, 0x71, 0x6F, 0x86, 0x5A, 0xC4, 0xD1, 0x8A, 0x04,
    0xEC, 0x68, 0x47, 0x7A, 0x67, 0x22, 0x96, 0x1D, 0x50, 0x70, 0x6F, 0x47, 0x27, 0x91, 0x5A, 0xBE,
    0x1F, 0x69, 0x63, 0xBE, 0x9A, 0x53, 0x7A, 0x32, 0x4A, 0x14, 0xFA, 0x84, 0x15, 0x91, 0xD0, 0xC9,
    0x8F, 0xC5, 0x1F, 0x6D, 0x6A, 0x05, 0xDE, 0x72, 0x40, 0x1F, 0x00, 0x39, 0x58, 0xA8, 0x8B, 0xA3,
    0xF0, 0x3B, 0x72, 0x70, 0xC5, 0x01, 0x5D, 0x04, 0xFA, 0x04, 0x6C, 0x0B, 0x54, 0xD3, 0x09, 0xE8,
    0xB1, 0x85, 0x4F, 0xBB, 0x23, 0xF7, 0xDA, 0x1D, 0x3C, 0xD2, 0x8E, 0x5A, 0x1A, 0x87, 0x96, 0x67,
    0xD0, 0xFC, 0x44, 0x76, 0xDC, 0x5D, 0xE1, 0x88, 0xBF, 0xE1, 0x75, 0x37, 0xD7, 0xFE, 0x2A, 0x98,
    0x64, 0xC3, 0x25, 0xA2, 0xF5, 0x28, 0x77, 0x05, 0x80, 0xD7, 0xDE, 0x9C, 0xD6, 0x03, 0x37, 0xDF,
    0x07, 0x7E, 0x70, 0xF3, 0x80, 0x6F, 0x7E, 0x09, 0x38, 0x8E, 0xC0, 0x91, 0x7B, 0xFD, 0x0E, 0xBA,
    0x59, 0x0D, 0xA7, 0xB9, 0xF6, 0x9F, 0xCB, 0x9C, 0xAB, 0x3F, 0x93, 0x15, 0xBB, 0x27, 0x7C, 0x59,
    0xB0, 0xDE, 0x2C, 0x58, 0xF7, 0x45, 0x9A, 0x89, 0xCE, 0x83, 0x4E, 0x74, 0x01, 0x35, 0xE4, 0x0A,
    0xF4, 0x92, 0x45, 0xAF, 0x3A, 0x01, 0xED, 0x58, 0xC4, 0x7A, 0x3D, 0x65, 0x71, 0xCD, 0x02, 0xF4,
    0xDE, 0x6C, 0xE0, 0xEC, 0xF8, 0xB7, 0x32, 0xEA, 0x60, 0x25, 0x0D, 0x22, 0xAE, 0x95, 0xB1, 0x95,
    0x85, 0x6A, 0xA3, 0x92, 0x53, 0x68, 0xC4, 0x33, 0xC8, 0x54, 0x8B, 0xCC, 0x66, 0xD2, 0xA9, 0x0D,
    0x9C, 0x5A, 0x20, 0xCF, 0xFE, 0x72, 0x0E, 0x87, 0xD8, 0xE5, 0x06, 0x60, 0x47, 0x68, 0x2F, 0xD4,
    0xA3, 0xE6, 0xF0, 0x87, 0x02, 0xDD, 0x0C, 0x75, 0x80, 0x06, 0x68, 0x73, 0x42, 0x82, 0x6A, 0x06,
    0x1E, 0xC3, 0xF8, 0x08, 0x7E, 0x15, 0xE1, 0x8B, 0xAE, 0xFC, 0xB3, 0x9E, 0x7D, 0x55, 0x2B, 0xF0,
    0x04, 0xE8, 0x80, 0xC6, 0x43, 0xE5, 0x01, 0xC8, 0x75, 0x2A, 0x11, 0xDF, 0x4C, 0x6D, 0x34, 0x41,
    0xA7, 0xCE, 0xD5, 0x93, 0xA5, 0x9A, 0x7B, 0xCA, 0xFF, 0x92, 0x96, 0xF9, 0x21, 0x2F, 0x01, 0xBA,
    0x08, 0xE6, 0x82, 0x07, 0x5A, 0x64, 0x56, 0x22, 0x81, 0xEE, 0x02, 0x4A, 0xA7, 0x2E, 0x96, 0x8C,
    0xD2, 0x68, 0x86, 0x2A, 0xBE, 0xFA, 0x3E, 0xB9, 0x8D, 0x49, 0x60, 0x17, 0x38, 0x39, 0x87, 0xC5,
    0x52, 0x27, 0x13, 0x2A, 0x5F, 0xF9, 0x57, 0xD9, 0xA7, 0x8A, 0x8D, 0xD7, 0x53, 0x3B, 0x36, 0x73,
    0x17, 0xEB, 0xC9, 0x8C, 0x38, 0x05, 0xC0, 0xAB, 0xEC, 0xF1, 0x35, 0x18, 0xF6, 0x60, 0xA4, 0x49,
    0x54, 0x13, 0x9C, 0xC1, 0x1F, 0x01, 0xD0, 0x78, 0x25, 0xCE, 0x88, 0xAB, 0xC4, 0xE5, 0x02, 0xF6,
    0x37, 0x0C, 0x2D, 0x53, 0x23, 0x4B, 0x7E, 0x32, 0x5D, 0xCA, 0xCD, 0x06, 0x58, 0x50, 0x09, 0xE5,
    0x01, 0x78, 0x4C, 0x3B, 0x21, 0x13, 0xDD, 0x84, 0x9E, 0xA8, 0x7F, 0xD3, 0xE8, 0xC5, 0x0D, 0x12,
    0x78, 0x0B, 0xB2, 0x81, 0xA0, 0x3F, 0x88, 0xE6, 0x5F, 0xA7, 0x8E, 0xB3, 0x3F, 0xE1, 0x4F, 0x7F,
    0x6B, 0x6F, 0x57, 0x79, 0x6C, 0xFD, 0xD6, 0x7F, 0x7B, 0xB3, 0x6E, 0xBD, 0xC2, 0xE7, 0x80, 0xDF,
    0xBA, 0x94, 0xF2, 0x7C, 0x9E, 0x7A, 0xCD, 0xB7, 0x37, 0xFC, 0xCF, 0x08, 0x8D, 0x00, 0x95, 0x78,
    0x68, 0x9E, 0x45, 0xB0, 0x7A, 0x82, 0x5B, 0xD5, 0x02, 0xB0, 0x41, 0x37, 0xF5, 0x28, 0xD9, 0xF2,
    0x66, 0x19, 0xBC, 0x99, 0xB5, 0x84, 0x2E, 0x30, 0x04, 0xEB, 0xB1, 0x21, 0x57, 0x0D, 0x3D, 0x74,
    0x07, 0xD0, 0x96, 0x28, 0x5F, 0xE8, 0x7C, 0x4E, 0x71, 0xDD, 0xC8, 0x80, 0x99, 0x8F, 0x56, 0xB4,
    0xC8, 0x8C, 0x12, 0x89, 0xD0, 0x6E, 0x80, 0x7A, 0xDA, 0x00, 0x7A, 0x33, 0x40, 0x23, 0x02, 0x98,
    0xF7, 0xB6, 0x4C, 0xBD, 0x00, 0x9F, 0xE2, 0x1B, 0x00, 0x00, 0xEA, 0xD1, 0xD1, 0x05, 0x74, 0xF3,
    0x20, 0x01, 0x2B, 0xB9, 0xC0, 0x91, 0xFC, 0xF7, 0x90, 0x60, 0xC3, 0xEC, 0x5C, 0xD0, 0x85, 0xF5,
    0xC7, 0xA7, 0xDA, 0x39, 0xD1, 0xCA, 0xD8, 0x8B, 0xB3, 0x12, 0x07, 0x09, 0xEA, 0xAF, 0x80, 0x7A,
    0x03, 0x90, 0x0C, 0xEB, 0x00, 0x13, 0x80, 0x7A, 0x04, 0x38, 0xCD, 0x00, 0x78, 0x7B, 0x73, 0x90,
    0xBD, 0xD4, 0x22, 0x0B, 0x66, 0xD6, 0x1B, 0xF9, 0xB9, 0x60, 0xFD, 0x3E, 0x5E, 0x7E, 0x2E, 0x07,
    0xB8, 0x1D, 0x25, 0xE5, 0xF2, 0xB9, 0xE8, 0x97, 0x9F, 0x4B, 0x7E, 0x0D, 0xC1, 0x46, 0xA0, 0xF7,
    0x40, 0x59, 0x9B, 0x81, 0x2A, 0x66, 0xF8, 0xD7, 0xEF, 0x40, 0x65, 0x03, 0x7A, 0x01, 0xCC, 0x06,
    0x74, 0x83, 0x83, 0x13, 0x13, 0x60, 0xAE, 0x23, 0xEA, 0x07, 0xFC, 0xE0, 0xB5, 0x3B, 0xB8, 0x41,
    0x84, 0xE1, 0x3F, 0x76, 0x94, 0xB5, 0x5F, 0xC8, 0x88, 0x8A, 0x43, 0x80, 0xD3, 0x4F, 0xF1, 0xDA,
    0x9B, 0x3F, 0xAA, 0x46, 0xAA, 0xA5, 0x49, 0x54, 0x6B, 0x33, 0xA1, 0x16, 0x9D, 0xE0, 0x5D, 0xE5,
    0x00, 0x5E, 0x7F, 0xF3, 0x0E, 0xE8, 0x7D, 0x99, 0x25, 0x06, 0xE0, 0x85, 0x3F, 0x90, 0x79, 0xEE,
    0x78, 0x29, 0xBF, 0xD9, 0xEE, 0x46, 0x06, 0xF9, 0x20, 0xD4, 0x22, 0xE2, 0x9A, 0x8B, 0x4A, 0x68,
    0x23, 0x42, 0xB7, 0x2F, 0x78, 0xEB, 0xCD, 0x7B, 0xC1, 0xBA, 0xAE, 0xDD, 0x71, 0x66, 0x46, 0xFB,
    0x95, 0xB4, 0xE3, 0x3B, 0x61, 0xC7, 0xF7, 0x69, 0x43, 0xBB, 0xD0, 0x05, 0x93, 0xE8, 0x7D, 0x33,
    0x57, 0x82, 0x11, 0x59, 0xE8, 0x06, 0x49, 0x3C, 0xCC, 0xB7, 0x5B, 0xDE, 0xCA, 0xE6, 0xF0, 0x1F,
    0xEA, 0x30, 0x64, 0x74, 0x0E, 0x68, 0x02, 0xA0, 0xFC, 0xC1, 0x69, 0xD0, 0xC2, 0x90, 0xD1, 0x06,
    0x36, 0xCC, 0xC7, 0xC2, 0x98, 0x11, 0x33, 0xE6, 0xA3, 0x8D, 0x46, 0x44, 0xA8, 0x77, 0x44, 0x86,
    0x68, 0x13, 0x14, 0x0F, 0x5D, 0x02, 0x6C, 0x38, 0x58, 0x58, 0x00, 0x95, 0x7E, 0x47, 0x0E, 0x54,
    0x36, 0x60, 0x26, 0xA0, 0x5B, 0x80, 0xFE, 0x09, 0xB0, 0x74, 0x8E, 0x2A, 0x35, 0x81, 0xCA, 0x57,
    0xA7, 0xAF, 0xDB, 0x81, 0x8A, 0x8D, 0xA7, 0x9E, 0x4D, 0x44, 0xCF, 0x6D, 0xA4, 0x7C, 0x58, 0x0F,
    0x2F, 0xE7, 0xEB, 0xBF, 0x7D, 0xF8, 0x1A, 0xA0, 0x04, 0xA8, 0x57, 0x40, 0x4F, 0x80, 0x19, 0x33,
    0xE0, 0xF0, 0xED, 0x85, 0x41, 0x42, 0xBF, 0xEE, 0xB0, 0xAB, 0x5E, 0xD0, 0xA9, 0x5A, 0x69, 0x22,
    0x92, 0x3B, 0x88, 0xDB, 0xD1, 0xFB, 0xCE, 0x61, 0x83, 0x85, 0x76, 0x3C, 0x06, 0x93, 0xCE, 0xA1,
    0x99, 0x16, 0xA8, 0x2F, 0x66, 0xA8, 0xB6, 0x04, 0x48, 0x04, 0x86, 0x11, 0xB0, 0x21, 0xC3, 0x67,
    0x00, 0xF4, 0x19, 0x2B, 0x50, 0x2D, 0xE4, 0x6D, 0x70, 0x65, 0x88, 0xD0, 0x88, 0x87, 0x7A, 0x06,
    0xD4, 0x3F, 0x03, 0xFD, 0x9A, 0xB1, 0x00, 0x3A, 0x43, 0xFD, 0x5A, 0x34, 0x2B, 0x6A, 0x15, 0x09,
    0x4A, 0x44, 0x92, 0xDA, 0x5C, 0x37, 0xAB, 0x05, 0xBD, 0xEC, 0xA8, 0xD6, 0x1D, 0x6C, 0x07, 0x20,
    0x1F, 0x3A, 0x55, 0xAB, 0x5A, 0xA9, 0x16, 0x25, 0xE8, 0x59, 0xC9, 0xD8, 0xA5, 0x5C, 0x65, 0x54,
    0xCB, 0x20, 0x4E, 0x2D, 0xED, 0x54, 0xCA, 0x7F, 0x34, 0x3A, 0x89, 0x60, 0x25, 0x01, 0x2D, 0xF7,
    0xC1, 0x06, 0x39, 0xC0, 0x6F, 0x70, 0xF8, 0xB8, 0xBF, 0x01, 0x4F, 0xF2, 0x7F, 0x01, 0xD5, 0x9B,
    0x31, 0x90, 0xDE, 0xC6, 0x79, 0xF7, 0x7F, 0x00, 0xC4, 0xC3, 0x67, 0xC1, 0x9F, 0xD7, 0x45, 0xE4,
    0x51, 0xCC, 0x38, 0x70, 0xC1, 0xC9, 0x68, 0x26, 0x96, 0xD0, 0xB8, 0x48, 0x71, 0xE4, 0xAE, 0xA3,
    0x22, 0xA5, 0x55, 0x58, 0x6E, 0xD2, 0xA4, 0x70, 0xE1, 0xCC, 0x64, 0x86, 0x2E, 0x52, 0xA4, 0x20,
    0x09, 0xD8, 0x2E, 0x52, 0x9A, 0x45, 0xFA, 0xB8, 0x70, 0x99, 0x8C, 0x34, 0x19, 0x16, 0x2C, 0x48,
    0x62, 0x65, 0xF7, 0x33, 0xC8, 0x38, 0x33, 0x2E, 0x85, 0x24, 0x9C, 0xC9, 0x4C, 0x5C, 0x68, 0x13,
    0x23, 0x11, 0x48, 0x01, 0x78, 0x82, 0x67, 0xF1, 0xBE, 0xBC, 0xE3, 0x9D, 0x68, 0x89, 0xD6, 0xDD,
    0xF0, 0xB4, 0xC6, 0xFE, 0xFE, 0x8B, 0xC5, 0xBE, 0xB7, 0xCF, 0xF3, 0xDF, 0xB5, 0x00, 0xBC, 0xBC,
    0x23, 0x17, 0x81, 0x8D, 0xCF, 0x2E, 0xB6, 0x8F, 0x0C, 0xCA, 0x76, 0x50, 0x7E, 0x34, 0x02, 0xC9,
    0x6F, 0x26, 0x20, 0xFD, 0xAF, 0x19, 0xC8, 0x3A, 0x01, 0x72, 0xDF, 0x02, 0x85, 0xAF, 0x1B, 0x30,
    0xCE, 0x7A, 0x28, 0xA9, 0x3A, 0xB0, 0x98, 0x00, 0x57, 0x23, 0x5B, 0x91, 0x11, 0x44, 0x64, 0x22,
    0x59, 0x39, 0x93, 0x06, 0x92, 0x85, 0x2C, 0x80, 0x90, 0x77, 0xD0, 0x36, 0x85, 0x07, 0xEB, 0x4D,
    0x03, 0x55, 0x57, 0xF7, 0x24, 0xED, 0x28, 0x81, 0x54, 0xE6, 0x18, 0x66, 0x44, 0xF2, 0xF6, 0xDB,
    0x9C, 0x2A, 0xD7, 0x47, 0xC8, 0x44, 0x1C, 0xA5, 0x88, 0xC7, 0x76, 0xB6, 0xA3, 0x76, 0xA6, 0xC7,
    0xB2, 0x82, 0x0D, 0xD7, 0x57, 0x54, 0xD2, 0x93, 0xC9, 0xDF, 0xF7, 0x94, 0xBD, 0x5E, 0xD5, 0x21,
    0x35, 0x8A, 0xD8, 0xF2, 0x75, 0xC0, 0x8A, 0x88, 0xAF, 0xE4, 0x57, 0xD2, 0x1C, 0x2C, 0xC9, 0x0C,
    0xB9, 0x2B, 0x62, 0x8E, 0xA5, 0x52, 0x16, 0x20, 0x91, 0x09, 0xA0, 0xEA, 0x2F, 0xAA, 0x57, 0x09,
    0x09, 0x14, 0xE4, 0x8E, 0xBC, 0x31, 0x90, 0xF9, 0x12, 0xD2, 0xC7, 0x33, 0xD0, 0x8E, 0xC0, 0x57,
    0xDC, 0x79, 0xBB, 0xF6, 0xE2, 0xBD, 0xC0, 0xA8, 0x17, 0x14, 0x33, 0x80, 0x51, 0xF0, 0x46, 0xE4,
    0x8D, 0xC8, 0x29, 0x72, 0xDC, 0xDA, 0x5F, 0x57, 0x4A, 0x50, 0xDA, 0xE6, 0xBC, 0x3C, 0x11, 0x80,
    0xD7, 0x15, 0xF7, 0x80, 0x64, 0x80, 0x18, 0x3E, 0x79, 0xFF, 0x04, 0x8F, 0x3D, 0x64, 0xE2, 0x80,
    0xEF, 0x1F, 0xED, 0x2F, 0xDB, 0x28, 0x1F, 0x1C, 0xC5, 0x9B, 0x76, 0xA7, 0xF6, 0xBE, 0xDC, 0x86,
    0x42, 0x34, 0xE6, 0x7A, 0x65, 0x93, 0x48, 0x47, 0xDB, 0x64, 0x33, 0x18, 0x6F, 0x06, 0xF5, 0xB6,
    0xEC, 0x01, 0x2A, 0xAF, 0xB4, 0x1B, 0x9B, 0x67, 0xD0, 0x1F, 0x63, 0xA7, 0x2C, 0x03, 0xA8, 0x9D,
    0xCA, 0x5C, 0x94, 0xA9, 0x3C, 0xE4, 0x7A, 0x43, 0xAB, 0x73, 0xE9, 0xBC, 0xCB, 0x3E, 0x06, 0x5E,
    0x71, 0x50, 0x7B, 0x10, 0x48, 0xA6, 0x2D, 0xC1, 0xDC, 0xC3, 0x01, 0x5B, 0x29, 0x44, 0x3F, 0x35,
    0x64, 0x22, 0xA3, 0x19, 0xF2, 0x50, 0x7A, 0x6E, 0x5B, 0x40, 0x6B, 0xBD, 0xAB, 0xED, 0xBE, 0xED,
    0x62, 0x44, 0x31, 0x86, 0xF2, 0x51, 0x72, 0xA7, 0x10, 0x09, 0x89, 0xCE, 0x57, 0x8D, 0x80, 0x09,
    0xC0, 0xD6, 0xE4, 0x56, 0xF4, 0x66, 0xAC, 0x1C, 0x64, 0x7D, 0xEE, 0x2F, 0xAA, 0x37, 0xC9, 0x5B,
    0xA0, 0x13, 0x56, 0x13, 0xD4, 0x0F, 0x60, 0xAA, 0x5C, 0x1A, 0x0A, 0x9F, 0x36, 0xE9, 0xED, 0xB3,
    0xF5, 0xA6, 0xE8, 0x41, 0xA7, 0x3A, 0xE2, 0xD6, 0x03, 0x5C, 0x54, 0x6F, 0x0E, 0xFA, 0x18, 0x6A,
    0x1C, 0x6C, 0x02, 0x24, 0x0E, 0x38, 0xE3, 0x3D, 0x13, 0xF7, 0x46, 0xDC, 0x27, 0xFB, 0x3D, 0x13,
    0xBB, 0x75, 0xC2, 0x8B, 0xEA, 0x4B, 0xE2, 0x92, 0xB8, 0x47, 0x98, 0x4A, 0x47, 0x5D, 0x43, 0x35,
    0x6D, 0x3E, 0x1D, 0xFC, 0xF4, 0x3C, 0xBD, 0xB9, 0xFF, 0x6C, 0x6F, 0x6A, 0x91, 0xC7, 0x91, 0x32,
    0x90, 0xAF, 0x5C, 0x48, 0x27, 0x2E, 0x4B, 0xB3, 0x92, 0xB6, 0x53, 0x56, 0x41, 0x69, 0x06, 0x65,
    0x3E, 0x2A, 0xB3, 0xE9, 0x24, 0xD3, 0xE9, 0x54, 0xFF, 0xA8, 0xCC, 0x07, 0xA5, 0x09, 0xCA, 0xAA,
    0x57, 0xB6, 0x3E, 0xFE, 0xFC, 0x38, 0xD7, 0x14, 0xE7, 0xED, 0x95, 0x8F, 0x00, 0x20, 0x99, 0x81,
    0xFC, 0x47, 0x13, 0x20, 0x3F, 0x1A, 0x21, 0x95, 0x1F, 0x07, 0xA0, 0x7E, 0x53, 0x69, 0xDF, 0xEC,
    0x22, 0xBD, 0xF2, 0x4F, 0x9D, 0x72, 0x45, 0xB1, 0xD4, 0x0E, 0x75, 0xDA, 0x91, 0x89, 0xB2, 0x78,
    0x94, 0xAE, 0x2C, 0x7B, 0x5A, 0x87, 0xF5, 0x3A, 0x66, 0x3B, 0x6A, 0x94, 0xED, 0x29, 0xD6, 0x2E,
    0xB2, 0x51, 0xDA, 0x4E, 0x59, 0x3D, 0x4A, 0xDA, 0x06, 0x23, 0x22, 0x1D, 0x99, 0xC8, 0x07, 0x13,
    0x5C, 0x7F, 0x68, 0xA6, 0x63, 0x8E, 0xB9, 0xA7, 0x1C, 0x4B, 0x34, 0x23, 0xBF, 0x92, 0xB6, 0x57,
    0x96, 0x41, 0x69, 0x06, 0x65, 0x3E, 0x29, 0xB3, 0x1D, 0x6B, 0x11, 0xD2, 0x8D, 0xB1, 0x67, 0x63,
    0x76, 0x8C, 0xF9, 0xA0, 0x34, 0x41, 0x59, 0xF6, 0xCA, 0xD6, 0x27, 0xCF, 0x76, 0xEC, 0xCF, 0x3D,
    0xE4, 0xD2, 0x80, 0x46, 0x0C, 0x76, 0x85, 0x46, 0x14, 0x11, 0x4F, 0x23, 0xF2, 0xA5, 0x8E, 0x9B,
    0xB1, 0x49, 0x65, 0x45, 0x31, 0x27, 0xD2, 0x98, 0x9E, 0xBA, 0xA9, 0x3C, 0xB6, 0xB1, 0xCD, 0x8A,
    0xDA, 0x29, 0x78, 0x02, 0xB7, 0x87, 0xF5, 0x8A, 0x6E, 0x45, 0xB9, 0xBA, 0xD2, 0x1B, 0x91, 0x77,
    0xA6, 0x4C, 0x66, 0x33, 0x70, 0xBD, 0xFF, 0x92, 0xDA, 0x10, 0x88, 0xF8, 0xB8, 0x62, 0xD5, 0xA3,
    0x88, 0x52, 0x91, 0x07, 0x12, 0x05, 0x11, 0x7C, 0x2C, 0x74, 0x05, 0x9F, 0x20, 0xF6, 0x3D, 0x13,
    0x77, 0x15, 0xA3, 0xFE, 0xE4, 0x31, 0x2E, 0x46, 0x44, 0x2A, 0xD2, 0x64, 0x22, 0x7E, 0x7D, 0xA2,
    0x74, 0x1C, 0x2F, 0xD5, 0x88, 0x5E, 0x2B, 0x86, 0xB2, 0x37, 0x3E, 0x0F, 0x95, 0xCB, 0x06, 0x4B,
    0x3A, 0xD6, 0xDB, 0x72, 0xC4, 0xFA, 0xD4, 0xFF, 0xB1, 0x3C, 0x54, 0x3D, 0x98, 0x47, 0xDC, 0xC8,
    0x45, 0xC6, 0x44, 0xC4, 0x53, 0x3D, 0x82, 0x3B, 0xBC, 0x0B, 0x37, 0xD3, 0x00, 0x56, 0x7A, 0x28,
    0xC5, 0x43, 0xBE, 0xBC, 0xE0, 0xAC, 0x13, 0x87, 0xCB, 0x7C, 0xE6, 0x53, 0x9F, 0x35, 0x49, 0x5F,
    0x38, 0x96, 0x16, 0xEA, 0x19, 0x0E, 0x6E, 0x9F, 0x6D, 0xF6, 0xC9, 0x08, 0x64, 0xCB, 0x06, 0x3D,
    0xBD, 0x08, 0x6B, 0x4E, 0xDE, 0x81, 0x09, 0x50, 0x0E, 0x9B, 0x26, 0xEE, 0xAC, 0xD7, 0xFD, 0x85,
    0xA4, 0x05, 0x79, 0x03, 0x94, 0x00, 0x57, 0x15, 0xF7, 0x14, 0xA3, 0x62, 0xFE, 0x01, 0x20, 0x01,
    0xB0, 0xCD, 0x19, 0xA4, 0x18, 0xA8, 0x3E, 0xEA, 0x21, 0xF7, 0x60, 0x74, 0x04, 0x70, 0x0D, 0xB8,
    0x05, 0xD4, 0xFF, 0x00, 0x76, 0x84, 0x83, 0x86, 0xBB, 0xC9, 0x00, 0x36, 0xEF, 0xC1, 0xBC, 0xDF,
    0x40, 0x2E, 0x40, 0x3A, 0xBD, 0xF0, 0xAD, 0x9F, 0xB8, 0xAC, 0x2F, 0x7C, 0x32, 0x56, 0x8E, 0x07,
    0x0F, 0xC0, 0x4E, 0x50, 0x0E, 0x67, 0xBF, 0xF5, 0x29, 0x02, 0x40, 0x39, 0x29, 0xED, 0x03, 0xE5,
    0x54, 0x6E, 0x4F, 0xA8, 0xDD, 0x33, 0x9E, 0x36, 0x96, 0xED, 0x36, 0xE1, 0x13, 0xF9, 0x17, 0x5A,
    0x7F, 0xF4, 0xB4, 0x61, 0x3E, 0xED, 0xD3, 0x86, 0x91, 0x6E, 0x47, 0x0F, 0x75, 0x64, 0xD9, 0x95,
    0xBD, 0xD2, 0x0C, 0xCA, 0x7C, 0x5E, 0xE9, 0x53, 0xB9, 0x4D, 0xE5, 0x69, 0xE5, 0x03, 0xF1, 0x14,
    0x3A, 0xA3, 0xC6, 0xF0, 0x70, 0x7B, 0x42, 0xA5, 0x98, 0x00, 0x33, 0x03, 0xB6, 0x05, 0xEE, 0x1B,
    0x0F, 0x63, 0xDE, 0x91, 0xDC, 0x4E, 0x7E, 0xCA, 0x56, 0xCA, 0x18, 0xA4, 0x48, 0x97, 0x8F, 0xC5,
    0xE3, 0xCE, 0xF4, 0xE9, 0x88, 0xF1, 0xC9, 0x44, 0xE9, 0xD9, 0xB0, 0x9D, 0xC6, 0x0B, 0xEB, 0x90,
    0x40, 0x22, 0xD2, 0x41, 0x3D, 0x43, 0xE6, 0x01, 0x13, 0xD1, 0x2B, 0x44, 0x1E, 0x6E, 0x8B, 0x4A,
    0x2B, 0xE2, 0xF3, 0xFF, 0xA1, 0xEA, 0x2B, 0x47, 0xD1, 0xD7, 0x90, 0x2B, 0x8A, 0xAE, 0x76, 0x18,
    0x6F, 0xFB, 0xA4, 0x75, 0x26, 0xBE, 0xFD, 0xB5, 0x4B, 0x03, 0xA9, 0xCF, 0x3C, 0x24, 0x43, 0xB1,
    0x12, 0xFD, 0x34, 0xD4, 0x02, 0x50, 0x8E, 0x5C, 0x54, 0x77, 0x1D, 0x8E, 0xA4, 0xA3, 0x87, 0x90,
    0x76, 0x30, 0x68, 0x06, 0xF5, 0x3B, 0x0D, 0x54, 0x02, 0x24, 0x7F, 0xC7, 0x85, 0x71, 0x97, 0xFC,
    0xD4, 0x1B, 0xC4, 0xD6, 0x03, 0x17, 0xD6, 0xDD, 0xB4, 0x07, 0x8A, 0x69, 0x8F, 0x7C, 0x64, 0xB7,
    0x9F, 0xE1, 0x02, 0x19, 0xCB, 0x5F, 0xC0, 0x2E, 0x56, 0xF2, 0x06, 0x74, 0x64, 0x64, 0x50, 0x66,
    0xFD, 0x85, 0xB5, 0x77, 0x2B, 0xDF, 0x00, 0x92, 0x81, 0x9D, 0x1F, 0x79, 0xB7, 0x37, 0x3A, 0x1B,
    0x00, 0x6E, 0x5F, 0x20, 0xA3, 0xB3, 0x11, 0x00, 0xB3, 0x28, 0xA9, 0x5A, 0x07, 0x70, 0xB3, 0xF0,
    0x00, 0x43, 0x1A, 0x38, 0x51, 0xEA, 0xF8, 0x2E, 0xE4, 0x6B, 0xE9, 0x11, 0x69, 0xD2, 0x19, 0x8A,
    0x81, 0xF8, 0x46, 0x12, 0x9E, 0x47, 0x64, 0x2D, 0xA7, 0x44, 0xAF, 0x3D, 0xAF, 0x14, 0x81, 0x4A,
    0x7A, 0x5A, 0x69, 0x76, 0x91, 0xC1, 0x2B, 0xEE, 0xE8, 0x0D, 0x52, 0x02, 0x90, 0x3E, 0x9A, 0x50,
    0x17, 0x6E, 0x01, 0xA6, 0x29, 0x1D, 0x4F, 0x95, 0xBF, 0x52, 0x14, 0x93, 0xB2, 0x8C, 0xCC, 0x23,
    0xD3, 0x67, 0xF2, 0xF2, 0xBC, 0x72, 0x16, 0x69, 0x62, 0xE0, 0xDD, 0x4A, 0x57, 0xF5, 0x7A, 0xD5,
    0x04, 0x65, 0xF1, 0xD9, 0x58, 0x49, 0xD3, 0x8A, 0xB3, 0xE2, 0xE5, 0x49, 0x4A, 0x56, 0x02, 0xAB,
    0xEC, 0xCC, 0x4E, 0x62, 0xF2, 0x7B, 0xA9, 0x45, 0x8B, 0xDF, 0xC9, 0xAE, 0xF3, 0x84, 0xE8, 0xA5,
    0x53, 0xA2, 0xD7, 0x9E, 0x47, 0x52, 0x95, 0xE1, 0x84, 0xD9, 0xC9, 0x3D, 0x00, 0x3B, 0x29, 0x2F,
    0x1F, 0x99, 0xA4, 0x51, 0x6D, 0x3C, 0x65, 0x5E, 0x31, 0x2B, 0x6B, 0x35, 0x6F, 0x39, 0x5F, 0xF3,
    0xCA, 0xE6, 0x8E, 0x1D, 0x42, 0x2B, 0xE1, 0x4E, 0xDB, 0x87, 0xD2, 0x3F, 0xD9, 0xBE, 0xEB, 0x91,
    0xCE, 0xA4, 0xD3, 0xF3, 0x1F, 0xB3, 0x66, 0x5F, 0x4B, 0xC8, 0xBB, 0x6F, 0x98, 0xF1, 0xB0, 0x92,
    0xE9, 0x5A, 0x3B, 0x1E, 0x9A, 0x70, 0x25, 0x69, 0x00, 0x8A, 0x26, 0x11, 0x67, 0xC4, 0xA5, 0xB2,
    0xBD, 0xFA, 0x7E, 0xC2, 0x91, 0xCB, 0x50, 0xC8, 0xB4, 0xC5, 0x03, 0x00, 0x67, 0x18, 0x61, 0x1B,
    0x8F, 0xB7, 0xDF, 0x7E, 0x8B, 0x27, 0xE5, 0x0D, 0xF2, 0x19, 0x3B, 0x53, 0xCC, 0x24, 0x33, 0x7C,
    0xD2, 0x51, 0x4A, 0x57, 0xAD, 0xD6, 0xF1, 0xEE, 0xCD, 0x34, 0x58, 0xE9, 0x4B, 0xF1, 0xF9, 0x72,
    0x96, 0x11, 0xBE, 0xC5, 0x97, 0xDF, 0xE5, 0xDD, 0x3B, 0x84, 0xC3, 0xB4, 0xB7, 0xEF, 0x78, 0x23,
    0x2E, 0xF9, 0xD9, 0xEF, 0x1E, 0xE7, 0x99, 0x84, 0xC4, 0xBB, 0x24, 0x1D, 0x99, 0xA7, 0x68, 0x30,
    0x0E, 0xF3, 0x1E, 0xC5, 0x42, 0x3A, 0x92, 0x07, 0xCC, 0x88, 0x99, 0xF4, 0xC8, 0xC3, 0xB1, 0x95,
    0x1A, 0xF4, 0xC8, 0x07, 0xB2, 0x4F, 0x77, 0xD4, 0xE2, 0x5A, 0xF1, 0x49, 0xD0, 0x29, 0x4C, 0x43,
    0x05, 0x76, 0x3B, 0xFE, 0x91, 0x6A, 0xD4, 0xC7, 0xEA, 0x64, 0x22, 0x5B, 0xF4, 0x48, 0xC6, 0x33,
    0xDE, 0x0F, 0xDC, 0xA5, 0x1C, 0x90, 0x81, 0x6A, 0x20, 0xFF, 0xD4, 0xA1, 0xB6, 0xD2, 0x54, 0xAA,
    0x95, 0xCB, 0x1F, 0x51, 0xB9, 0x2C, 0x9C, 0x1B, 0x06, 0xB6, 0x89, 0x36, 0x00, 0x11, 0x16, 0xA0,
    0x06, 0xBE, 0xBB, 0x40, 0x22, 0x93, 0xA2, 0x07, 0x7E, 0x0F, 0x5E, 0xE5, 0x12, 0x35, 0x95, 0xAB,
    0xB1, 0xCD, 0x35, 0x4A, 0xC7, 0xB1, 0xA2, 0xE7, 0x96, 0xEA, 0x33, 0x57, 0x4E, 0x55, 0x0B, 0x7F,
    0x24, 0x60, 0x27, 0xB0, 0x3D, 0x2B, 0x3C, 0xD0, 0xF6, 0x90, 0x3C, 0x1E, 0x21, 0xEB, 0xEF, 0xC7,
    0xFB, 0x0B, 0xC7, 0x4A, 0x21, 0x02, 0xB9, 0xCC, 0x71, 0xF0, 0x59, 0xE2, 0x35, 0x6C, 0x43, 0xFD,
    0x2D, 0x81, 0x5A, 0x16, 0xB0, 0x32, 0x42, 0x21, 0x0D, 0xF0, 0x1D, 0x52, 0x21, 0x13, 0x67, 0x3E,
    0xF0, 0xD5, 0x9B, 0xE1, 0x5A, 0x32, 0x7C, 0x8F, 0xEF, 0x03, 0x94, 0xE4, 0x82, 0xD1, 0x4B, 0xD0,
    0x42, 0xFD, 0xA9, 0x8F, 0x16, 0x16, 0x98, 0xC8, 0x46, 0x8A, 0x9E, 0xAA, 0xE1, 0x75, 0x78, 0x29,
    0x6E, 0xCC, 0x5C, 0xA6, 0x55, 0xFA, 0x4C, 0x46, 0xD2, 0x19, 0x8D, 0x28, 0x9D, 0x60, 0x41, 0x25,
    0x1D, 0xA3, 0x14, 0x21, 0x4A, 0xE5, 0xA3, 0xB4, 0xA8, 0xA4, 0x53, 0x94, 0x62, 0x50, 0x11, 0xE9,
    0x9E, 0x92, 0xD8, 0x39, 0x99, 0x29, 0x4A, 0x26, 0x51, 0x10, 0x1F, 0xC5, 0xF6, 0x51, 0xCC, 0x18,
    0x25, 0x9F, 0xA3, 0x24, 0xE2, 0x54, 0xA8, 0x3D, 0x95, 0xF4, 0xD8, 0xC7, 0x1A, 0x19, 0x56, 0x1C,
    0xFB, 0x92, 0x0C, 0x4A, 0xB2, 0x69, 0x3B, 0xDB, 0x84, 0xC3, 0x48, 0xEE, 0x44, 0x66, 0x1D, 0x47,
    0xE5, 0x55, 0xC5, 0xC1, 0xA4, 0xAC, 0x22, 0x8B, 0xC8, 0xF4, 0x93, 0x28, 0xE3, 0xCA, 0x24, 0x72,
    0xE7, 0x85, 0xC4, 0x24, 0x26, 0xA5, 0x09, 0x4A, 0xEB, 0x63, 0x92, 0x44, 0x36, 0x91, 0x9D, 0xF6,
    0x97, 0x41, 0x59, 0x4C, 0xCA, 0x74, 0x51, 0xB2, 0xA5, 0x65, 0xBD, 0xB2, 0x1C, 0xA8, 0xA4, 0xC9,
    0x05, 0x2B, 0x5D, 0x7A, 0x94, 0x99, 0x71, 0x47, 0x8F, 0xB4, 0x65, 0xA7, 0xCC, 0x36, 0x6E, 0x3D,
    0x4E, 0xF9, 0x1A, 0x90, 0xDC, 0xCD, 0x64, 0x6A, 0x87, 0x54, 0x86, 0x76, 0xC0, 0x62, 0x06, 0x26,
    0xB2, 0x21, 0x0D, 0x2B, 0x0A, 0xBF, 0xA2, 0x74, 0x64, 0x32, 0xB3, 0x42, 0x22, 0xB4, 0xCF, 0xF6,
    0x2B, 0xCC, 0xB0, 0x22, 0x9F, 0x57, 0x24, 0xB2, 0x82, 0xD6, 0xAF, 0xA8, 0xFA, 0x5A, 0x5C, 0xB5,
    0xB4, 0xE2, 0x2B, 0x41, 0xD3, 0xA2, 0xEA, 0x00, 0x0B, 0x30, 0x01, 0x49, 0x38, 0xF1, 0xC4, 0xE8,
    0x15, 0x0D, 0xC4, 0x05, 0xCF, 0xC3, 0x59, 0x22, 0x0D, 0x2B, 0xF2, 0xBE, 0x14, 0x91, 0xDE, 0xAE,
    0xE8, 0x22, 0xB8, 0xF4, 0x1D, 0x4D, 0xB2, 0xEA, 0xB0, 0x8E, 0x9B, 0x10, 0x00, 0x78, 0x49, 0xD7,
    0xB4, 0x8E, 0x47, 0x3E, 0x91, 0x7E, 0x86, 0xA3, 0x92, 0xC6, 0x4A, 0xF7, 0x22, 0x12, 0x3B, 0xDA,
    0xCF, 0xDB, 0x6E, 0x8E, 0x38, 0x54, 0xDC, 0xD9, 0xAF, 0xFE, 0xB9, 0xE4, 0x0A, 0x70, 0x97, 0x74,
    0xBB, 0x27, 0x5F, 0x85, 0x43, 0x0D, 0x22, 0x6D, 0x00, 0xAC, 0xAF, 0xC5, 0x5B, 0x57, 0x4B, 0x63,
    0xD5, 0x88, 0x6B, 0x1A, 0xFD, 0x8D, 0x27, 0xB8, 0x73, 0x4E, 0x46, 0xBC, 0x64, 0xFA, 0x83, 0xC9,
    0x74, 0xF5, 0x54, 0xFA, 0xB5, 0xBA, 0x7C, 0xAA, 0x48, 0xA7, 0x37, 0xD6, 0x7A, 0x75, 0xAD, 0xAF,
    0xAD, 0x95, 0xCF, 0x5A, 0x35, 0x73, 0x34, 0xF5, 0xE7, 0x58, 0xE7, 0xAA, 0x59, 0x61, 0xBB, 0x88,
    0x78, 0xFA, 0x3B, 0xA7, 0x87, 0x2E, 0x20, 0xF5, 0xAE, 0xE6, 0xCF, 0x15, 0x7A, 0xE9, 0xD2, 0xA9,
    0xF6, 0x6B, 0xED, 0xD2, 0xC9, 0xAE, 0x7A, 0xE9, 0xB7, 0xA6, 0x67, 0x65, 0x60, 0x43, 0x22, 0x00,
    0xCB, 0xC7, 0x21, 0x69, 0x56, 0x94, 0x1E, 0x44, 0x1C, 0x6C, 0x83, 0x1D, 0x94, 0x0B, 0x60, 0x15,
    0xDF, 0x54, 0x70, 0x1A, 0x37, 0x14, 0x53, 0x2A, 0x22, 0x93, 0xDD, 0x63, 0x4C, 0xEE, 0xD1, 0x4E,
    0x7A, 0x14, 0x1F, 0xB3, 0xE3, 0xBE, 0x9E, 0x4E, 0x21, 0x95, 0xF5, 0x68, 0xD2, 0x59, 0x07, 0x54,
    0x71, 0xE4, 0x3F, 0xFD, 0xD6, 0xBD, 0x69, 0x06, 0x00, 0xAA, 0x4E, 0x89, 0x75, 0x4A, 0xEE, 0x47,
    0x12, 0x38, 0x59, 0x2A, 0x71, 0x9A, 0x47, 0x25, 0x1E, 0x11, 0x72, 0xE9, 0x29, 0x7A, 0x52, 0x09,
    0xE4, 0x1D, 0xE9, 0x87, 0x63, 0x94, 0xFF, 0x9D, 0xA2, 0x0C, 0xB2, 0x49, 0xED, 0xA2, 0x58, 0x1F,
    0xA5, 0xEC, 0xA2, 0x14, 0x21, 0x4A, 0x36, 0x46, 0x49, 0xA7, 0x28, 0x2C, 0x9B, 0xD4, 0x9B, 0xD8,
    0xBF, 0x8D, 0x52, 0xFE, 0x2A, 0x4A, 0xF1, 0x51, 0x94, 0x4C, 0xA2, 0xA4, 0x9B, 0x20, 0x9D, 0x66,
    0x42, 0xBD, 0x6D, 0x35, 0xDB, 0x01, 0xBC, 0xAD, 0x48, 0xE5, 0xE8, 0xBE, 0x95, 0x07, 0xA5, 0xF1,
    0xCA, 0xF2, 0xE8, 0x36, 0x05, 0x40, 0x72, 0xE7, 0xE0, 0x11, 0x54, 0x63, 0x2B, 0x1E, 0x35, 0xB8,
    0xE7, 0x40, 0xFE, 0xB3, 0x0D, 0xB0, 0x60, 0x56, 0x4E, 0xE4, 0x91, 0xD9, 0xF3, 0x33, 0x59, 0x39,
    0x50, 0x4A, 0x57, 0x8B, 0xB3, 0xD2, 0xB7, 0xE2, 0x2F, 0xBC, 0x79, 0xBF, 0xF3, 0x6D, 0x1F, 0x5E,
    0x88, 0xA1, 0x00, 0x47, 0xB7, 0x6B, 0xEB, 0x95, 0x55, 0x64, 0xBE, 0xB1, 0x51, 0x56, 0x0A, 0xBE,
    0xB9, 0xE5, 0x95, 0x06, 0x80, 0x9B, 0x66, 0x1B, 0x5B, 0x2B, 0x31, 0xB3, 0x92, 0x6C, 0xFC, 0x1C,
    0x6E, 0xF7, 0x4B, 0x5C, 0x02, 0x4C, 0x53, 0xB1, 0x7B, 0x8A, 0x26, 0x7D, 0x3C, 0x02, 0x48, 0x00,
    0xE2, 0x10, 0xF8, 0xAA, 0x7B, 0x11, 0xAB, 0x53, 0x6E, 0x1E, 0x6F, 0xDC, 0x56, 0x88, 0x23, 0xDE,
    0x8C, 0xBC, 0xF7, 0x46, 0x2E, 0x1D, 0x77, 0xAD, 0x95, 0x91, 0xB7, 0xEC, 0xFC, 0xDD, 0x19, 0x6C,
    0x4F, 0xBB, 0xD2, 0x63, 0x57, 0x36, 0x91, 0x8E, 0x6A, 0x25, 0x9F, 0x91, 0xB5, 0x34, 0x88, 0xB8,
    0x7A, 0xBF, 0x98, 0x81, 0x5C, 0x17, 0x73, 0x20, 0xD3, 0xC5, 0x9C, 0xA2, 0xFC, 0xB7, 0x44, 0x09,
    0xE2, 0xA2, 0xD4, 0x3E, 0x4A, 0xD5, 0x47, 0x31, 0x43, 0x94, 0x7C, 0x8A, 0x92, 0x2E, 0x51, 0x90,
    0x37, 0xA3, 0xD4, 0xBF, 0x88, 0x62, 0xFF, 0x3D, 0x8A, 0xF9, 0x4D, 0x94, 0x5C, 0xA2, 0x64, 0x9B,
    0xB0, 0x93, 0x76, 0x13, 0xBB, 0x2D, 0x66, 0xB9, 0x2D, 0x66, 0xD1, 0x01, 0x90, 0x7D, 0x9C, 0xE4,
    0x51, 0x86, 0x68, 0x68, 0x22, 0xD2, 0x00, 0x88, 0x28, 0xA9, 0x1F, 0x42, 0xD2, 0x5F, 0x1E, 0xB9,
    0x1E, 0x44, 0x68, 0x3F, 0x14, 0x69, 0xCA, 0xC5, 0xD5, 0x3E, 0x1F, 0x28, 0xBB, 0x6C, 0xC0, 0x3C,
    0x3F, 0x74, 0x05, 0x4D, 0xD7, 0x4A, 0x63, 0x3A, 0x60, 0x83, 0x07, 0x4A, 0x85, 0x6D, 0x80, 0x16,
    0x48, 0x26, 0x88, 0xAB, 0x4F, 0x1E, 0xC3, 0x3A, 0x7A, 0x2E, 0x57, 0x3E, 0xBB, 0xD4, 0x0B, 0x50,
    0x88, 0xF4, 0x50, 0x8B, 0xCC, 0x24, 0x72, 0x3B, 0x17, 0x97, 0xCD, 0x50, 0x77, 0x26, 0x40, 0x19,
    0xCA, 0x0E, 0xCC, 0x50, 0x79, 0xC8, 0x47, 0xBB, 0x32, 0x9B, 0x74, 0xD2, 0x74, 0xC7, 0x5A, 0x39,
    0x1F, 0xEF, 0xD9, 0xC6, 0x54, 0xDD, 0xCA, 0xB1, 0x0C, 0x90, 0x0F, 0x66, 0x00, 0x13, 0xF2, 0x59,
    0x3D, 0x4E, 0xA4, 0x3B, 0x10, 0x17, 0xE7, 0xDA, 0xCF, 0x4B, 0xBB, 0x00, 0x22, 0x9D, 0xA2, 0x87,
    0x93, 0xFF, 0x2E, 0x0F, 0x70, 0x79, 0x71, 0xDB, 0xD5, 0x4C, 0x64, 0xC2, 0x8C, 0xF9, 0x42, 0xE5,
    0x69, 0xE3, 0x8E, 0x6C, 0xAC, 0xC3, 0xFA, 0x1A, 0xAA, 0x53, 0x70, 0x2B, 0xE2, 0x90, 0xAA, 0xA3,
    0xD5, 0x8F, 0xCD, 0xE4, 0x22, 0x23, 0x49, 0x9C, 0xA8, 0x5C, 0x80, 0xCC, 0x67, 0x1E, 0xD2, 0xBE,
    0x68, 0x00, 0x11, 0xF6, 0xF1, 0x50, 0x0E, 0x17, 0xD6, 0x2B, 0xC7, 0x5B, 0xD0, 0xD3, 0x43, 0x48,
    0x3A, 0xB8, 0xAB, 0x19, 0xD8, 0x77, 0x56, 0x94, 0xDB, 0x3F, 0x2B, 0x9D, 0xBF, 0x6B, 0x98, 0x5E,
    0x80, 0xF2, 0xE7, 0x33, 0x60, 0xF3, 0x00, 0x5C, 0x35, 0x1E, 0xF8, 0x9B, 0x3F, 0xBC, 0xB0, 0xAE,
    0xE5, 0x83, 0xF5, 0x98, 0x20, 0xFA, 0x85, 0xD8, 0x04, 0xE5, 0x9B, 0x01, 0xDE, 0xC8, 0x3D, 0xBC,
    0x7A, 0x70, 0xFE, 0x86, 0x71, 0x5D, 0xB4, 0x38, 0x8A, 0xA8, 0xD2, 0x50, 0xEF, 0x1A, 0x89, 0x3C,
    0xA4, 0x76, 0x98, 0x26, 0x5A, 0xA2, 0x8D, 0x62, 0xD0, 0x46, 0x34, 0x79, 0xD7, 0xA8, 0xFC, 0xAE,
    0x61, 0x9F, 0x34, 0x9A, 0xE3, 0x0D, 0x91, 0x71, 0xDF, 0x18, 0x4E, 0x34, 0xB6, 0x4F, 0x9D, 0x6C,
    0x54, 0xFD, 0x7E, 0x8A, 0xFD, 0x5C, 0xC5, 0x12, 0x1B, 0xB9, 0xCF, 0x76, 0xF1, 0x78, 0x64, 0x1F,
    0x6A, 0xB9, 0x6F, 0x24, 0xED, 0x96, 0xC5, 0x6A, 0x14, 0x07, 0x9B, 0x57, 0x5D, 0xB5, 0xD9, 0x35,
    0xB4, 0x32, 0x46, 0xC7, 0xE6, 0x6C, 0x8A, 0xA6, 0x05, 0x96, 0xE8, 0x9B, 0x5A, 0x12, 0xAD, 0xA3,
    0x46, 0xED, 0x12, 0x91, 0xE3, 0x5A, 0x7A, 0x88, 0xE7, 0xAA, 0xD6, 0xC5, 0xC8, 0xE2, 0xE7, 0x02,
    0xA0, 0x7E, 0x8E, 0x80, 0x19, 0x0F, 0x44, 0xDC, 0xE5, 0xE8, 0xAA, 0xC8, 0x42, 0x12, 0x5F, 0x2F,
    0x06, 0x28, 0x77, 0x71, 0x80, 0x28, 0xD2, 0x59, 0x99, 0x05, 0x65, 0xE1, 0x95, 0xE6, 0xD4, 0x23,
    0x84, 0x2C, 0x91, 0xD2, 0x91, 0xAF, 0x1C, 0x48, 0x27, 0xCA, 0x49, 0x99, 0x45, 0x26, 0xF3, 0x31,
    0x1E, 0xEB, 0x2F, 0x03, 0xA9, 0x88, 0x78, 0xE5, 0xC2, 0xBE, 0x3D, 0xF1, 0xD4, 0x77, 0xFE, 0x83,
    0x32, 0x1F, 0xB7, 0x4F, 0x1D, 0x31, 0x9D, 0xF5, 0x48, 0x84, 0x5A, 0x02, 0x12, 0x94, 0xF5, 0xF0,
    0x09, 0xBF, 0x38, 0xAB, 0xCF, 0x06, 0xB7, 0xED, 0x50, 0x05, 0xFB, 0x48, 0xC2, 0x57, 0x44, 0x42,
    0xB2, 0xBC, 0xFD, 0xAE, 0x0E, 0xFB, 0xB4, 0xB5, 0x8A, 0x6F, 0x44, 0xE1, 0x42, 0x65, 0xCC, 0xB1,
    0xFB, 0xA7, 0x09, 0x47, 0x6B, 0x45, 0x64, 0xBA, 0xF5, 0x3B, 0x38, 0x5B, 0x07, 0x00, 0xB8, 0x8B,
    0xA6, 0x08, 0x5A, 0xAF, 0x02, 0x87, 0x90, 0x0C, 0x90, 0x36, 0x40, 0xC9, 0x35, 0xA0, 0xF0, 0x13,
    0x90, 0x7D, 0x18, 0x00, 0xA4, 0x53, 0xD6, 0xEE, 0xA2, 0xEE, 0x9E, 0x4B, 0x5C, 0x72, 0x85, 0x2F,
    0x5D, 0x16, 0x6E, 0xC1, 0x3C, 0x41, 0x3B, 0x80, 0xED, 0xE1, 0xE5, 0xE6, 0x8C, 0xBD, 0x33, 0xC3,
    0x93, 0xEF, 0xC5, 0x1C, 0x70, 0xFF, 0xF4, 0x9B, 0xE8, 0x65, 0x69, 0xB6, 0xBC, 0x0A, 0x11, 0xC1,
    0x0C, 0x49, 0x4B, 0xE5, 0xB1, 0xAE, 0x6A, 0x28, 0x15, 0x07, 0x7A, 0x0A, 0x65, 0x0F, 0x14, 0x8B,
    0x83, 0x54, 0x94, 0x95, 0x8C, 0xC0, 0xF5, 0x05, 0x48, 0xC4, 0x01, 0x36, 0x8E, 0xF2, 0x57, 0x14,
    0xD7, 0xA0, 0xF2, 0x56, 0xFB, 0x2A, 0x7F, 0x20, 0x2E, 0x1A, 0x5F, 0xAA, 0xE1, 0x07, 0xF1, 0xB3,
    0xBC, 0xB2, 0x42, 0x1A, 0x50, 0x33, 0x47, 0xC8, 0x7A, 0x28, 0x1A, 0x78, 0x99, 0xAD, 0xB4, 0x8F,
    0xC8, 0x45, 0x7C, 0xB9, 0x56, 0xDB, 0x94, 0xDE, 0x52, 0xAC, 0x75, 0x9B, 0xA1, 0x5C, 0x1C, 0x85,
    0xCC, 0x50, 0x4B, 0x03, 0xAD, 0x07, 0xD3, 0x5D, 0xA1, 0xE8, 0x0F, 0x29, 0xBA, 0x6B, 0x3A, 0xA9,
    0x48, 0x63, 0x65, 0xE6, 0x40, 0xE2, 0x0D, 0x66, 0xFF, 0x42, 0x52, 0xB5, 0xBB, 0x17, 0x95, 0x64,
    0x48, 0xFB, 0x17, 0x9C, 0xBD, 0x26, 0xAF, 0xC3, 0x25, 0x90, 0x3C, 0x1E, 0xC8, 0xC2, 0x84, 0xF1,
    0x96, 0x97, 0x79, 0xF9, 0x6C, 0xB3, 0x07, 0xA3, 0xF9, 0xBD, 0x13, 0xF7, 0xEB, 0xB3, 0xF2, 0x33,
    0xEE, 0x19, 0xF9, 0x0D, 0x27, 0xF3, 0x7B, 0x4D, 0x53, 0xBB, 0xAA, 0xB0, 0x31, 0x3F, 0xB7, 0xCF,
    0xAF, 0x14, 0x11, 0x56, 0x8C, 0x1C, 0x88, 0xDC, 0x06, 0x02, 0x90, 0x7A, 0x76, 0xFE, 0x17, 0x0B,
    0x80, 0x55, 0x94, 0xC0, 0x37, 0x5E, 0x07, 0xCA, 0x87, 0x67, 0x98, 0x67, 0x01, 0x7C, 0x0D, 0xB0,
    0x0E, 0xDA, 0x1E, 0xF2, 0x00, 0x04, 0x52, 0xBF, 0xD6, 0x0F, 0x3D, 0xFC, 0x25, 0xDB, 0xAA, 0xC7,
    0xF5, 0xA7, 0xAA, 0x01, 0x33, 0x6F, 0xD1, 0xBD, 0xD8, 0x9D, 0xA0, 0xAF, 0x9B, 0xA6, 0xA9, 0xC8,
    0xFB, 0xFB, 0xDB, 0x8B, 0xA6, 0x04, 0xA8, 0x3B, 0x7D, 0xC5, 0x3C, 0xD3, 0x9D, 0x10, 0x6F, 0xFB,
    0x4F, 0xF1, 0x1E, 0x2D, 0xD5, 0x8E, 0xDF, 0x5B, 0xF9, 0x55, 0x58, 0xC9, 0xF9, 0xF0, 0x72, 0x74,
    0xA8, 0x92, 0x09, 0x5D, 0x7E, 0x05, 0x7F, 0x1D, 0xB9, 0x28, 0x12, 0x69, 0x9E, 0xDC, 0xEF, 0x93,
    0x4C, 0x59, 0xFC, 0x99, 0x03, 0xB2, 0x19, 0xE0, 0x06, 0x30, 0x6D, 0x35, 0x99, 0xE0, 0x8F, 0x45,
    0xA8, 0x45, 0x54, 0x9F, 0xEF, 0x6B, 0xD4, 0x05, 0x17, 0xDF, 0xF5, 0x64, 0x81, 0x32, 0x40, 0xD2,
    0x41, 0xD6, 0xA8, 0x69, 0x50, 0x8E, 0xDB, 0x0F, 0xE7, 0x10, 0x7E, 0xB0, 0xD6, 0xFB, 0xC3, 0xB6,
    0x02, 0xD7, 0xE2, 0xEC, 0xE6, 0xBD, 0x01, 0xC8, 0x3F, 0xEA, 0x63, 0xAC, 0xFE, 0x28, 0xB7, 0xA3,
    0x72, 0x91, 0xFC, 0xAD, 0xFC, 0x56, 0xED, 0xB1, 0x5F, 0xF3, 0xBC, 0x0A, 0x37, 0x0E, 0x61, 0xBA,
    0x72, 0xC6, 0x3E, 0xF6, 0x7C, 0x09, 0xA0, 0x37, 0x0E, 0xD2, 0x50, 0x6A, 0xE6, 0x3B, 0x56, 0x1B,
    0x9D, 0xE9, 0xB3, 0xC1, 0x62, 0xFA, 0x64, 0xB8, 0xB6, 0x92, 0xF1, 0x50, 0x79, 0x17, 0x25, 0x4F,
    0xB1, 0x12, 0x09, 0x1B, 0xB7, 0x9E, 0xE7, 0x62, 0x19, 0x80, 0x54, 0xC4, 0x41, 0xA6, 0xC1, 0xF1,
    0xFF, 0xB6, 0xC5, 0xE4, 0xDE, 0xFE, 0x1B, 0x66, 0xF1, 0x76, 0xAD, 0xC5, 0x5A, 0x4F, 0xDE, 0x29,
    0xAD, 0x48, 0xAC, 0x27, 0xFB, 0x93, 0x19, 0x12, 0x71, 0x0E, 0x91, 0x8E, 0x5A, 0x1C, 0xE5, 0x10,
    0xDD, 0xEC, 0x01, 0xE4, 0xDF, 0x36, 0x91, 0x0E, 0x48, 0xFE, 0x55, 0x3C, 0x90, 0x76, 0x95, 0xE3,
    0x44, 0xD1, 0x01, 0x71, 0x4F, 0x74, 0x6B, 0x25, 0x1F, 0x21, 0xEF, 0xC8, 0x46, 0xC8, 0xCE, 0x41,
    0xF2, 0x55, 0x26, 0xC8, 0x3D, 0xE9, 0x0C, 0xC6, 0x93, 0x08, 0x54, 0x0D, 0xC8, 0x43, 0x6D, 0x69,
    0x96, 0x13, 0x50, 0x6C, 0x1E, 0xF3, 0xCE, 0xE2, 0x80, 0x9B, 0xA9, 0x07, 0xF9, 0xB1, 0x57, 0xFB,
    0x3C, 0xD9, 0xAF, 0xA5, 0x21, 0xF3, 0x02, 0xA9, 0x7B, 0x95, 0xAD, 0x88, 0xCF, 0x85, 0x56, 0x51,
    0x7A, 0x16, 0xCC, 0x73, 0xA1, 0x53, 0xF4, 0x8A, 0xF1, 0x60, 0xF7, 0x1F, 0xD6, 0x6C, 0x45, 0x4F,
    0xDB, 0xDB, 0xB0, 0x37, 0x30, 0xCA, 0xA9, 0xF2, 0xB9, 0xF2, 0x31, 0xBA, 0x17, 0x71, 0xEA, 0xEF,
    0x12, 0xCE, 0xD9, 0xC2, 0x3E, 0xE9, 0x00, 0xC6, 0x3C, 0x4A, 0x2B, 0x1E, 0xC0, 0x8A, 0x03, 0x28,
    0xE6, 0xCF, 0x9F, 0x93, 0x89, 0xC3, 0x91, 0xFA, 0xD4, 0x93, 0x76, 0x99, 0x87, 0x50, 0x34, 0xB0,
    0xB4, 0x80, 0x9D, 0x81, 0x83, 0xDB, 0xE7, 0xEF, 0x29, 0xD9, 0x00, 0xC0, 0xFF, 0xFF, 0x03, 0x25,
    0x5F, 0xFC, 0xC2, 0x71, 0x89, 0x9D, 0x3A, 0xE4, 0xF3, 0x67, 0x2D, 0x79, 0x0F, 0x7C, 0xED, 0x4F,
    0x80, 0x2B, 0x5F, 0x04, 0xBE, 0xA9, 0x78, 0x4D, 0xF3, 0xF9, 0xD2, 0x1D, 0xA2, 0xF3, 0xE7, 0x6F,
    0x6D, 0x11, 0x6A, 0x0F, 0x98, 0x5E, 0x50, 0xF9, 0xF9, 0x08, 0x50, 0x66, 0x3D, 0xC0, 0xEB, 0xC6,
    0x7D, 0xFE, 0x3C, 0x35, 0x7D, 0xEB, 0x28, 0xDF, 0x5B, 0xA0, 0x7A, 0x73, 0x84, 0x6B, 0x79, 0x07,
    0x87, 0x9A, 0xC8, 0x95, 0x2F, 0x9C, 0xBB, 0x9D, 0x17, 0xCD, 0x9D, 0x79, 0x73, 0x67, 0x00, 0xA8,
    0xA5, 0x01, 0xA0, 0x8F, 0xCC, 0xBC, 0x92, 0x7C, 0xEB, 0x33, 0x6E, 0x13, 0x36, 0xF9, 0xE1, 0x26,
    0xB3, 0x92, 0x7C, 0x38, 0xE7, 0x1D, 0xC8, 0x0D, 0x80, 0xA3, 0xBF, 0xE5, 0xEE, 0x88, 0xD9, 0xEC,
    0xF1, 0xEB, 0x06, 0x72, 0x01, 0x92, 0x9F, 0xA1, 0x5C, 0x94, 0x40, 0x26, 0x2E, 0x2A, 0xE6, 0x7D,
    0x0F, 0xA0, 0xEB, 0x1D, 0xA2, 0x72, 0x83, 0xF1, 0x19, 0x77, 0xAD, 0x3E, 0x15, 0x8C, 0x84, 0x56,
    0xFA, 0x4C, 0x28, 0x24, 0xE4, 0x73, 0xFC, 0x39, 0xB7, 0xD4, 0xC9, 0x5C, 0x3C, 0x37, 0xD4, 0x4B,
    0x23, 0x9E, 0x7B, 0x24, 0x6B, 0xE3, 0xFD, 0x8E, 0x09, 0x16, 0xCA, 0x9F, 0xF4, 0x8C, 0x20, 0x54,
    0xDF, 0x0E, 0x0C, 0x20, 0xD8, 0x7C, 0x48, 0x02, 0xB4, 0xD4, 0xD9, 0x98, 0x06, 0xA8, 0xDD, 0x83,
    0x6C, 0xCA, 0x7A, 0xB0, 0xCD, 0x94, 0xEE, 0x1B, 0xCC, 0x9A, 0x4C, 0xF5, 0xDE, 0xC8, 0x52, 0x78,
    0xA8, 0x7E, 0x31, 0xD0, 0x6A, 0x52, 0xE5, 0x2F, 0x03, 0xF5, 0xB7, 0x1B, 0x30, 0xBF, 0xEA, 0xB1,
    0x3F, 0x71, 0x9A, 0x65, 0x47, 0xF5, 0x3E, 0x50, 0x88, 0xA7, 0x14, 0x88, 0xD1, 0x18, 0x89, 0x79,
    0x36, 0x14, 0x4B, 0x6C, 0x40, 0x3E, 0x6F, 0x0D, 0x8D, 0x17, 0xE0, 0x95, 0x48, 0xDA, 0x46, 0x99,
    0x48, 0x07, 0x90, 0x7D, 0x14, 0x00, 0x8A, 0x7F, 0x1E, 0x01, 0x4A, 0x77, 0x13, 0xE0, 0xF7, 0xD7,
    0xFF, 0xED, 0x4B, 0x2B, 0x48, 0x53, 0x4F, 0xD5, 0x8C, 0xF8, 0x6A, 0xCC, 0x86, 0x44, 0x7C, 0xEE,
    0xD7, 0x34, 0xA4, 0x2B, 0x7C, 0x3A, 0x66, 0xD2, 0x9B, 0x26, 0x99, 0xF2, 0xFF, 0x08, 0xC6, 0x31,
    0x15, 0xBF, 0x0C, 0x25, 0xCC, 0xE6, 0x17, 0x43, 0x05, 0xF7, 0xCD, 0x8F, 0xA6, 0x37, 0xE0, 0x56,
    0xF9, 0xAD, 0xE9, 0x2A, 0xD8, 0x8A, 0xF9, 0x10, 0xAC, 0xE5, 0xC1, 0x0D, 0xA8, 0x6E, 0x52, 0xDF,
    0x85, 0x72, 0xC2, 0x0E, 0x60, 0x26, 0xAA, 0x00, 0x66, 0xA0, 0x0C, 0x50, 0x04, 0x4C, 0x0F, 0xF9,
    0x2A, 0xDD, 0x7E, 0x47, 0xE9, 0x48, 0xC0, 0xD6, 0xCA, 0xC9, 0x34, 0x90, 0x86, 0xAC, 0x3B, 0xB1,
    0x5C, 0x21, 0x91, 0x25, 0x72, 0x56, 0x07, 0x4C, 0x97, 0xCA, 0xCA, 0x06, 0x69, 0xB0, 0x60, 0x3B,
    0x6E, 0xA2, 0xD3, 0x8C, 0x60, 0xE2, 0x22, 0x64, 0xD1, 0xEF, 0x44, 0x4C, 0x03, 0xB4, 0x1F, 0x00,
    0xD8, 0x19, 0xF4, 0xB2, 0xB2, 0x08, 0x9F, 0x9A, 0xC3, 0xE6, 0x53, 0x03, 0x89, 0x88, 0xDF, 0x1B,
    0xDD, 0xC6, 0xF3, 0x2E, 0x5A, 0x1C, 0x0D, 0xDE, 0xEC, 0x3D, 0x32, 0xB7, 0x15, 0x5F, 0xCF, 0x2B,
    0xEC, 0x9C, 0x4F, 0xE4, 0x21, 0x9D, 0x29, 0x7A, 0x04, 0xE3, 0x11, 0xB7, 0xA2, 0x6E, 0x2A, 0x87,
    0xF5, 0x16, 0xCA, 0xEE, 0x1A, 0x98, 0x70, 0x5F, 0xA7, 0x9A, 0x20, 0x7B, 0x34, 0x42, 0xBA, 0x04,
    0x40, 0x7A, 0xA0, 0xED, 0x00, 0xEB, 0x15, 0x8D, 0x02, 0xA0, 0x56, 0xCC, 0x40, 0x3A, 0xED, 0x22,
    0xBC, 0xD4, 0xF6, 0x50, 0x48, 0xB3, 0x7F, 0x71, 0x4E, 0x86, 0x42, 0x63, 0x9B, 0x4C, 0xD8, 0x73,
    0xEB, 0x01, 0xB8, 0xB0, 0xC6, 0xA6, 0x0B, 0x5B, 0xFC, 0x6A, 0x15, 0xC4, 0x19, 0x5E, 0xFF, 0xF8,
    0xBF, 0x70, 0x53, 0x04, 0x0B, 0x55, 0x77, 0x15, 0xEA, 0xE6, 0x10, 0x04, 0x8D, 0x0D, 0x28, 0x46,
    0xA0, 0x0C, 0x7B, 0xD7, 0x5A, 0x07, 0xC9, 0x82, 0xDA, 0x00, 0xC7, 0x7E, 0x13, 0xAD, 0x6E, 0x00,
    0x81, 0x97, 0xB4, 0xFF, 0x50, 0x83, 0xB9, 0x57, 0xF6, 0x24, 0xDB, 0xEF, 0x9E, 0x1C, 0x4D, 0xF4,
    0xE4, 0xEB, 0xB0, 0x64, 0xD9, 0x62, 0xCB, 0xFB, 0x2D, 0xB2, 0xDD, 0x1D, 0xC4, 0x6E, 0xA3, 0xC3,
    0x5A, 0xFD, 0x4D, 0x6C, 0x73, 0x83, 0x9A, 0x2B, 0x4C, 0xBB, 0xB1, 0x41, 0x0D, 0xDD, 0x56, 0xAE,
    0x05, 0xE6, 0xD8, 0xFD, 0xE5, 0x22, 0x30, 0xAC, 0x3E, 0xEB, 0x67, 0x42, 0x2D, 0xD2, 0xB7, 0x6B,
    0x85, 0x5B, 0x00, 0xE2, 0xF6, 0x88, 0xA7, 0xBC, 0xE8, 0xEC, 0x8B, 0x06, 0xAA, 0xB0, 0xD5, 0xB2,
    0x87, 0xC4, 0x01, 0x67, 0x9C, 0x79, 0x7C, 0x95, 0x37, 0x3F, 0x1C, 0x20, 0xFF, 0x75, 0x0F, 0xA9,
    0x78, 0x40, 0x5E, 0x70, 0xE6, 0x97, 0x5C, 0xE2, 0xF2, 0xCE, 0x34, 0xE9, 0x60, 0x61, 0x9E, 0xA1,
    0x1E, 0x37, 0x17, 0x5E, 0x6E, 0xCE, 0x36, 0xFB, 0x57, 0x5C, 0x26, 0xC1, 0x48, 0x5F, 0x79, 0x2C,
    0x9F, 0xF5, 0xF8, 0x3F, 0xE5, 0x9B, 0x01, 0xA4, 0x27, 0xD9, 0x95, 0xFF, 0x3F, 0x55, 0x35, 0xFD,
    0xCA, 0x7F, 0x8A, 0x7F, 0xFD, 0x91, 0xFC, 0xFD, 0xF3, 0x6F, 0xA6, 0x20, 0x88, 0xEC, 0x26, 0xB5,
    0x08, 0x16, 0x99, 0x77, 0x2B, 0xDB, 0x80, 0xC5, 0x36, 0xD2, 0xBB, 0x18, 0x6C, 0xB0, 0x60, 0xED,
    0xEA, 0x60, 0x91, 0x65, 0xBA, 0xAB, 0x64, 0x11, 0x2C, 0xF6, 0xC1, 0x00, 0x48, 0x23, 0x88, 0xCE,
    0x92, 0x41, 0x30, 0xE8, 0x74, 0xDD, 0x6C, 0x00, 0x90, 0xB2, 0x96, 0x00, 0x52, 0xE8, 0x58, 0xD9,
    0xC5, 0xD4, 0xDA, 0x9A, 0x4D, 0xBD, 0x99, 0xAA, 0x3A, 0xFB, 0xCE, 0x71, 0xFC, 0xDE, 0xEF, 0x6D,
    0x4F, 0x9B, 0xEE, 0x64, 0x7A, 0xF3, 0x26, 0x7B, 0xFC, 0xEA, 0x7B, 0xBE, 0x7D, 0xAB, 0xAA, 0xEA,
    0x9E, 0x73, 0xDF, 0xBD, 0xF7, 0x9C, 0x7B, 0xAB, 0x51, 0x99, 0x15, 0x92, 0xD5, 0xB8, 0x21, 0x8B,
    0x42, 0x3A, 0x41, 0x2B, 0xD2, 0x51, 0x88, 0xAC, 0x46, 0xA5, 0x49, 0xE4, 0x2C, 0x97, 0x98, 0x6D,
    0xD0, 0x8E, 0xE5, 0x04, 0xD5, 0x54, 0x0D, 0x50, 0x2E, 0x75, 0x84, 0x7C, 0x0D, 0x11, 0xB2, 0x35,
    0x74, 0x90, 0xAE, 0x86, 0x5B, 0x6B, 0x78, 0x54, 0xE2, 0xD7, 0xD4, 0x03, 0x64, 0x4B, 0x35, 0x41,
    0x3E, 0x95, 0x33, 0x94, 0x63, 0xBE, 0x41, 0x88, 0x89, 0x0C, 0x27, 0xD2, 0xE8, 0xBB, 0x36, 0x28,
    0x44, 0x46, 0xA0, 0xDF, 0x50, 0x49, 0x1B, 0xA0, 0x1C, 0x80, 0x42, 0x4B, 0x73, 0x63, 0x91, 0x9B,
    0xF2, 0xED, 0x0E, 0x91, 0x85, 0x4C, 0x6B, 0x59, 0x2E, 0xF9, 0x4E, 0x1D, 0xE9, 0x09, 0x1D, 0xA1,
    0x0B, 0x0D, 0x21, 0xB6, 0x50, 0x3F, 0x05, 0xCD, 0x05, 0xD8, 0x25, 0xF5, 0x40, 0xAF, 0xB7, 0x6D,
    0xE4, 0xFA, 0x94, 0xC4, 0xDE, 0x59, 0xED, 0xB8, 0xBC, 0x69, 0xC8, 0x66, 0xC8, 0x7D, 0x43, 0xEE,
    0x19, 0xB2, 0x8A, 0x0C, 0x88, 0x4C, 0xBD, 0x0C, 0xF4, 0xD2, 0xE4, 0x8B, 0xD5, 0x2A, 0x5B, 0x20,
    0x7B, 0x09, 0x4A, 0x1F, 0xBD, 0x42, 0x1E, 0x49, 0x37, 0x28, 0x23, 0x89, 0x40, 0xDD, 0x81, 0x3C,
    0x51, 0x46, 0x50, 0xFB, 0xCD, 0x69, 0x13, 0xC0, 0xF7, 0xF7, 0x06, 0x93, 0xCF, 0x19, 0xB6, 0x86,
    0xE1, 0x08, 0x4F, 0x91, 0x98, 0xCB, 0x4A, 0x7F, 0x81, 0x67, 0x54, 0x91, 0x1D, 0xCA, 0x5F, 0x0D,
    0x07, 0xC3, 0xD1, 0x70, 0x39, 0xD9, 0xAD, 0x12, 0x02, 0x99, 0x98, 0x33, 0xFB, 0x31, 0x4C, 0xB8,
    0xE4, 0xB1, 0xEC, 0x70, 0x49, 0xA7, 0x53, 0x0E, 0xB2, 0xAD, 0x97, 0xDC, 0x2E, 0x77, 0xA9, 0x06,
    0x9E, 0x29, 0xAD, 0xC8, 0xFB, 0x90, 0x8B, 0xC8, 0xAE, 0x5C, 0x66, 0x0A, 0xE3, 0x56, 0xE2, 0x3C,
    0x5D, 0xB9, 0x29, 0x5D, 0xA1, 0xBE, 0x53, 0x4E, 0x3F, 0x14, 0x91, 0x72, 0x32, 0x5E, 0x4F, 0x45,
    0x43, 0x3D, 0x18, 0x2F, 0x67, 0xA0, 0xED, 0x8C, 0xE7, 0x0B, 0x20, 0x18, 0xCF, 0xFC, 0x70, 0x4E,
    0x31, 0x5F, 0xF2, 0x6A, 0x34, 0x6E, 0x47, 0x88, 0x97, 0xE5, 0x7D, 0x73, 0xE0, 0xC9, 0x8E, 0xF3,
    0xC5, 0x4E, 0x19, 0xCF, 0x67, 0xAD, 0x81, 0x71, 0x25, 0xF5, 0x40, 0x62, 0xBC, 0x1E, 0xB5, 0x06,
    0x45, 0x67, 0xF5, 0x8C, 0x08, 0x94, 0x8D, 0xD5, 0xDF, 0x6E, 0x0D, 0x66, 0xD7, 0x6A, 0x76, 0x89,
    0xD9, 0x3B, 0x5E, 0xF2, 0x73, 0xDC, 0x5E, 0x97, 0x33, 0xCE, 0xDC, 0x3D, 0x3C, 0xCA, 0x46, 0xF7,
    0x0E, 0xA1, 0x8C, 0xEE, 0x1C, 0x2A, 0x69, 0xDC, 0x37, 0x14, 0x3B, 0xEE, 0x9A, 0x83, 0xA5, 0xF5,
    0xA4, 0x97, 0xB9, 0x63, 0x0A, 0x91, 0xCD, 0xFD, 0x72, 0x41, 0x57, 0x37, 0xAD, 0x88, 0xD9, 0xE4,
    0xB4, 0xEC, 0xCA, 0xC1, 0xE9, 0xAB, 0xD4, 0xF1, 0xE0, 0x93, 0xF6, 0xD2, 0x25, 0x1B, 0x4E, 0x4D,
    0xB9, 0x43, 0xF2, 0xE9, 0xD2, 0x1F, 0xC3, 0xA5, 0x3B, 0x22, 0x07, 0x6F, 0x70, 0x03, 0x77, 0xC6,
    0x46, 0x85, 0xD5, 0x57, 0xF1, 0x14, 0x73, 0x85, 0xE2, 0xE6, 0x9E, 0x28, 0x9D, 0x9E, 0xA3, 0x74,
    0x05, 0xC8, 0xBB, 0xA4, 0xE1, 0x36, 0x20, 0x5D, 0x32, 0x67, 0xFA, 0x02, 0xE9, 0x78, 0x54, 0x46,
    0xA0, 0x6D, 0x08, 0x2D, 0x40, 0x68, 0xA8, 0x36, 0x27, 0xC5, 0xEA, 0x24, 0x7D, 0xE0, 0x44, 0xA5,
    0xD8, 0xDB, 0xC6, 0x1E, 0xDE, 0x8B, 0x28, 0x59, 0x32, 0xB9, 0x20, 0x95, 0xC8, 0x54, 0x9C, 0xA7,
    0x17, 0x84, 0x72, 0xA8, 0x46, 0xFA, 0x0B, 0x52, 0xC7, 0x10, 0x09, 0xCD, 0x67, 0x68, 0x2F, 0x50,
    0x7F, 0x6C, 0xB4, 0x10, 0xCC, 0xD1, 0xBD, 0x91, 0x7C, 0x72, 0x52, 0x0E, 0x4E, 0xEA, 0x48, 0x6B,
    0x17, 0xB7, 0xD0, 0x76, 0x4A, 0x36, 0x5E, 0x09, 0x03, 0x41, 0x5B, 0xFE, 0xCB, 0xF5, 0x79, 0xD2,
    0x77, 0xF9, 0xC4, 0x5A, 0x8A, 0xC8, 0xA0, 0x86, 0x65, 0x22, 0xEF, 0xAE, 0xB5, 0xC8, 0xC2, 0xDD,
    0x27, 0xA5, 0x92, 0xF9, 0xA8, 0x3B, 0x44, 0xAC, 0x3B, 0xB4, 0xD2, 0x19, 0xD9, 0x0B, 0x3B, 0x49,
    0x3D, 0xE4, 0x13, 0x46, 0xE2, 0x6F, 0x9C, 0xA4, 0xD3, 0xEF, 0x12, 0x94, 0xE4, 0x63, 0xF8, 0x8A,
    0xF9, 0x51, 0xC6, 0x56, 0x76, 0x82, 0x1A, 0x18, 0x64, 0xC1, 0x48, 0x21, 0x1D, 0x26, 0xF9, 0x68,
    0xAA, 0x5C, 0x30, 0xB5, 0x9A, 0x8D, 0xE5, 0x62, 0x16, 0xE6, 0x93, 0xD9, 0xA7, 0xE4, 0x29, 0x15,
    0xE6, 0x63, 0x95, 0x7D, 0x7C, 0x2A, 0x9D, 0x4C, 0xE5, 0x63, 0x36, 0x5B, 0xDD, 0xB3, 0xC9, 0x2A,
    0x7C, 0x50, 0xA8, 0xB8, 0xF2, 0x0A, 0x15, 0xD3, 0xF1, 0x48, 0xD6, 0x77, 0x56, 0xB6, 0x2B, 0xE2,
    0x06, 0x24, 0xC0, 0x2B, 0xC0, 0xC9, 0x4A, 0x4B, 0xBB, 0x22, 0xD1, 0x20, 0x57, 0x48, 0xB5, 0xEC,
    0x02, 0xB8, 0x02, 0x99, 0x74, 0x0E, 0x84, 0xE6, 0xD7, 0x86, 0x5A, 0xBA, 0xD0, 0x04, 0x19, 0x42,
    0x03, 0x04, 0x70, 0xE8, 0x81, 0x64, 0x03, 0x8A, 0x05, 0xE8, 0x47, 0x85, 0x06, 0xF8, 0x3F, 0x50,
    0x4B, 0x83, 0xD8, 0x11, 0x6B, 0x89, 0x88, 0x40, 0x2F, 0x5D, 0x2E, 0x23, 0xC5, 0x68, 0x1D, 0x3A,
    0x95, 0x89, 0x7C, 0xC0, 0xE8, 0x2F, 0x97, 0x03, 0xFD, 0x8F, 0xF5, 0x40, 0x67, 0xB9, 0xA4, 0x6D,
    0x73, 0xA0, 0x21, 0x1E, 0x68, 0x35, 0x1C, 0x68, 0x31, 0x1D, 0x68, 0xB6, 0x1C, 0x68, 0xBA, 0x1E,
    0x28, 0xFB, 0x25, 0x6D, 0x2F, 0x69, 0xF8, 0xD6, 0x81, 0x56, 0x3F, 0x3D, 0xD0, 0xE2, 0x03, 0xA5,
    0x93, 0xD2, 0x4C, 0x86, 0xBC, 0x29, 0x8D, 0xA6, 0x32, 0x94, 0x63, 0x3D, 0x2A, 0xC5, 0x3A, 0x5B,
    0xA4, 0x96, 0x8E, 0x76, 0x28, 0x44, 0xB0, 0xDE, 0x15, 0x86, 0x44, 0x9E, 0x80, 0xCB, 0xEA, 0x3A,
    0x93, 0x03, 0x71, 0xBF, 0xDC, 0x12, 0xDC, 0x2B, 0x1B, 0xEE, 0x13, 0x0E, 0x1E, 0x39, 0xF8, 0xC3,
    0xBD, 0x51, 0xEE, 0xEE, 0x8B, 0x62, 0xC7, 0x3D, 0xA1, 0x24, 0x44, 0x27, 0xD5, 0xE0, 0xA4, 0x98,
    0x9C, 0x64, 0x8B, 0x93, 0x74, 0x75, 0xC2, 0xEE, 0x84, 0xD6, 0x88, 0x5B, 0xBE, 0xBB, 0xDD, 0x46,
    0xCC, 0xEA, 0xCD, 0x6D, 0xC6, 0x48, 0xEA, 0x04, 0x8C, 0x98, 0xB5, 0x4A, 0xCC, 0x56, 0x25, 0x2E,
    0x07, 0xB2, 0xBA, 0x4E, 0x0E, 0xB6, 0x2F, 0x4E, 0xEA, 0x09, 0x93, 0x54, 0xA2, 0x93, 0xC3, 0x4D,
    0xB7, 0x71, 0x79, 0xEC, 0x37, 0x4B, 0xE3, 0x97, 0x76, 0x87, 0x7F, 0xFB, 0xF9, 0x67, 0x49, 0xF2,
    0x83, 0x93, 0x73, 0x72, 0xA1, 0x5E, 0x7A, 0x0D, 0x5A, 0x08, 0x36, 0xE6, 0xF7, 0x9C, 0xC8, 0xBF,
    0xF4, 0x13, 0x2D, 0xEC, 0x94, 0xA6, 0x57, 0x72, 0xD7, 0xD9, 0xC7, 0xA1, 0x93, 0x0B, 0x3D, 0xD3,
    0x52, 0xC9, 0xD0, 0x4A, 0xD3, 0x12, 0x64, 0xEC, 0x25, 0xB6, 0x57, 0xED, 0x39, 0x68, 0xB7, 0x38,
    0x73, 0xE7, 0x54, 0xB3, 0x9B, 0x37, 0x60, 0xB2, 0x1B, 0x5A, 0xF7, 0xA1, 0x88, 0x65, 0x03, 0xD9,
    0x74, 0x7A, 0x19, 0xFB, 0xB4, 0xD3, 0x87, 0xC7, 0x3B, 0x61, 0x34, 0xB4, 0xB3, 0xFD, 0xAC, 0xF8,
    0xC1, 0x02, 0x24, 0xFF, 0x6E, 0x23, 0xC1, 0xBF, 0x6D, 0x40, 0x36, 0x88, 0xC5, 0x56, 0xBD, 0x3D,
    0xB9, 0xED, 0xA0, 0x6C, 0x42, 0x84, 0x8A, 0x7A, 0x80, 0xA0, 0xBE, 0xE1, 0x75, 0xC3, 0x5E, 0x64,
    0x01, 0x9B, 0x3C, 0x13, 0xB1, 0x79, 0x7D, 0x22, 0xD9, 0xD5, 0x58, 0xAC, 0x3B, 0xD2, 0x77, 0x45,
    0x84, 0x60, 0x61, 0x5A, 0x3D, 0xB4, 0x23, 0x49, 0xBF, 0xC8, 0x44, 0x2A, 0xDB, 0x0D, 0x92, 0x86,
    0x22, 0x56, 0x0D, 0xD9, 0x74, 0xDF, 0x6B, 0xAD, 0x15, 0xF2, 0x1A, 0xBE, 0xDA, 0xE1, 0x72, 0x77,
    0xB1, 0xD0, 0xAF, 0xA1, 0x12, 0xFB, 0x3B, 0x0A, 0x03, 0x6D, 0x53, 0x8E, 0x04, 0x2E, 0x00, 0x0C,
    0xEE, 0x8E, 0x50, 0xCB, 0x48, 0x26, 0xDF, 0x1E, 0xA9, 0x46, 0x3D, 0xAB, 0x97, 0xB4, 0x28, 0x18,
    0x8B, 0xED, 0x44, 0x10, 0x1B, 0x5F, 0x7E, 0x2A, 0xDD, 0xC9, 0x9E, 0x6C, 0xD4, 0xDC, 0x2B, 0x7F,
    0xB4, 0x64, 0xBF, 0x1C, 0x13, 0x89, 0xF4, 0xB8, 0x97, 0x65, 0xBD, 0xF8, 0xD1, 0x37, 0xF4, 0xBC,
    0xF8, 0xAF, 0x29, 0x64, 0xA9, 0x64, 0xFD, 0x14, 0x9F, 0xAA, 0x79, 0x54, 0xFE, 0x68, 0xCE, 0x7F,
    0x39, 0xA5, 0x12, 0x91, 0x86, 0x3F, 0x47, 0xA5, 0xE8, 0x12, 0x69, 0x4A, 0x69, 0x52, 0x69, 0x6C,
    0x9E, 0xFE, 0x88, 0x5F, 0x2E, 0x73, 0x21, 0x2B, 0xD9, 0xA8, 0x4E, 0x64, 0xA9, 0x01, 0xEE, 0xFF,
    0x50, 0xB1, 0x5E, 0x00, 0x6B, 0x82, 0xAB, 0xD2, 0xEE, 0xE0, 0x89, 0x8E, 0x25, 0x3D, 0x96, 0x60,
    0x35, 0x96, 0x60, 0x0D, 0x47, 0x09, 0xD6, 0x6C, 0x09, 0xD6, 0xF2, 0x54, 0x82, 0xB5, 0x3E, 0x47,
    0x82, 0x35, 0x5B, 0x82, 0x35, 0x59, 0x82, 0x35, 0x7C, 0x68, 0x82, 0xB5, 0x5B, 0x2F, 0xBD, 0x0D,
    0x73, 0x36, 0xC2, 0xBD, 0x32, 0x42, 0x68, 0x1B, 0x28, 0xF5, 0x44, 0xBE, 0x02, 0xE9, 0x77, 0x70,
    0xB9, 0xB9, 0x37, 0x20, 0x32, 0x7E, 0xFC, 0xF9, 0x56, 0x32, 0xE9, 0xDB, 0xE1, 0x87, 0x65, 0x04,
    0x3C, 0x40, 0xA3, 0xDC, 0x8E, 0x07, 0x9A, 0x63, 0x11, 0xCB, 0xBE, 0xB0, 0xEC, 0x4B, 0xB8, 0x86,
    0xD9, 0x57, 0xD2, 0x24, 0xDA, 0x59, 0x8A, 0x08, 0x6B, 0xD5, 0x40, 0xDB, 0x02, 0x61, 0xC5, 0xB3,
    0x8D, 0x93, 0x07, 0x60, 0x62, 0x43, 0x5A, 0xAF, 0x60, 0x59, 0x58, 0xF9, 0x42, 0x30, 0x28, 0x8C,
    0x0A, 0xCB, 0x89, 0x25, 0x3D, 0xE2, 0x79, 0x97, 0xA5, 0x5D, 0xE6, 0x24, 0x5C, 0x3D, 0x43, 0x6C,
    0x3E, 0x25, 0x5D, 0xCB, 0x09, 0x57, 0x5E, 0x68, 0xF2, 0xC9, 0x73, 0x7B, 0x2A, 0x12, 0x31, 0x48,
    0xEE, 0xDC, 0x69, 0xE0, 0xAA, 0x24, 0x63, 0xD1, 0x91, 0x2D, 0xE5, 0x48, 0xBE, 0x54, 0x23, 0xD9,
    0x5C, 0x0E, 0x70, 0x3B, 0xF1, 0xEB, 0x5E, 0x7A, 0x7B, 0x50, 0x4E, 0x1E, 0x93, 0x73, 0x94, 0x64,
    0x3C, 0x32, 0x64, 0xFA, 0x6D, 0x6E, 0x16, 0xB8, 0x71, 0x1B, 0x0F, 0x14, 0x42, 0xF4, 0xF0, 0x92,
    0xD5, 0x3A, 0xBE, 0x42, 0x77, 0x2D, 0x1A, 0xE8, 0xA3, 0x07, 0xA1, 0x97, 0xDF, 0x40, 0xD7, 0x77,
    0xB8, 0xBA, 0x06, 0x0D, 0x94, 0x6D, 0x98, 0x08, 0x1C, 0x67, 0xE9, 0xD1, 0x54, 0x3A, 0xFC, 0x36,
    0x37, 0x90, 0xF5, 0x9F, 0x62, 0x3D, 0x04, 0xD7, 0xBD, 0x42, 0xDD, 0x98, 0xF9, 0xD7, 0xA7, 0x07,
    0x01, 0x27, 0x72, 0x4E, 0xAD, 0xA1, 0xDB, 0x5B, 0x77, 0x27, 0xEF, 0x35, 0xAB, 0xC7, 0xC9, 0x2D,
    0x10, 0x3E, 0xFF, 0xF0, 0x61, 0xDF, 0x8A, 0x88, 0x1E, 0x01, 0x4E, 0x03, 0xDC, 0x0F, 0x0D, 0x6B,
    0x15, 0xD3, 0xA5, 0x9C, 0x6F, 0x4E, 0x99, 0x48, 0xB4, 0xA8, 0x44, 0xEB, 0x9C, 0x8B, 0xE0, 0xF8,
    0x21, 0x92, 0x0F, 0xEA, 0x80, 0x72, 0x0A, 0xD1, 0xD1, 0x4B, 0x80, 0xEB, 0x1A, 0x48, 0x9B, 0x29,
    0x0A, 0x3A, 0x3F, 0x3D, 0x6D, 0x50, 0xF7, 0x1A, 0x66, 0x89, 0xC3, 0x18, 0x3A, 0x92, 0xE6, 0x06,
    0x26, 0x2F, 0x3B, 0xC2, 0xFE, 0x08, 0x67, 0x53, 0x45, 0x77, 0xA4, 0xA1, 0x97, 0x7C, 0x82, 0x9D,
    0x4D, 0xD1, 0x59, 0x5D, 0x1D, 0xEC, 0xC5, 0xDC, 0x68, 0xFE, 0x9B, 0x9C, 0xED, 0xA1, 0xCA, 0x81,
    0x3C, 0xB7, 0xB4, 0xE2, 0xC3, 0x82, 0x38, 0x49, 0x9D, 0x90, 0xAB, 0xD5, 0x4A, 0xCA, 0x9F, 0x4C,
    0x24, 0x4A, 0xEA, 0x3F, 0x52, 0x04, 0xEE, 0x97, 0x4E, 0x56, 0x27, 0xE9, 0xEC, 0x24, 0x1B, 0x9D,
    0x94, 0xB1, 0x14, 0x11, 0xA0, 0xC6, 0x49, 0xF0, 0x17, 0x21, 0x4E, 0x52, 0x27, 0xEA, 0xFC, 0xD2,
    0x48, 0x19, 0x9D, 0xD4, 0x8D, 0x93, 0x53, 0x8C, 0xCC, 0xAC, 0x46, 0xD2, 0xF9, 0x64, 0x83, 0x5A,
    0x6F, 0x0C, 0x12, 0x53, 0x39, 0x26, 0xC7, 0x11, 0xEA, 0x08, 0xA0, 0x11, 0xDB, 0x33, 0xA4, 0x5E,
    0x92, 0xFE, 0x8C, 0x4C, 0xE4, 0x0F, 0x65, 0xA1, 0x12, 0x79, 0x57, 0x36, 0x42, 0xAC, 0xE5, 0x2B,
    0x42, 0xE8, 0xCA, 0x95, 0xD0, 0x7C, 0x9E, 0x62, 0xA6, 0xB6, 0xA5, 0x41, 0xEA, 0x48, 0xD2, 0xAB,
    0xC3, 0x69, 0x45, 0x55, 0xBE, 0xE5, 0x93, 0xE5, 0xD7, 0xA6, 0x42, 0x97, 0xCF, 0xAA, 0x1A, 0x1B,
    0x4E, 0xDB, 0xAE, 0xDC, 0xA1, 0x09, 0xC3, 0x5F, 0xCB, 0x90, 0xC7, 0x20, 0x53, 0x6F, 0x4B, 0xBC,
    0x43, 0x25, 0x2B, 0xE9, 0x4E, 0x2A, 0x67, 0xB8, 0x24, 0xBD, 0xF2, 0xCA, 0xB2, 0x27, 0x79, 0xFF,
    0x7B, 0x2B, 0xD9, 0x0E, 0x9F, 0xA5, 0x98, 0x8E, 0x7A, 0x47, 0xA3, 0xD8, 0x1E, 0xAD, 0x0C, 0x6C,
    0x47, 0xB8, 0x92, 0xC8, 0x6E, 0x28, 0x8E, 0x5A, 0x1E, 0x78, 0x6C, 0xD8, 0xC2, 0xC3, 0xFE, 0x41,
    0x00, 0x75, 0x51, 0xE4, 0xA1, 0x3C, 0x28, 0x47, 0x08, 0x14, 0x8B, 0x62, 0x2A, 0x3F, 0xFF, 0x63,
    0x81, 0x56, 0xFC, 0x6F, 0xFA, 0x89, 0xC7, 0x54, 0x98, 0xB4, 0x5B, 0xD1, 0xA5, 0x22, 0x3F, 0xE9,
    0xF2, 0xF3, 0x37, 0xA4, 0x2B, 0x07, 0xFA, 0xAE, 0x8E, 0x58, 0x4E, 0x56, 0x77, 0x01, 0xAA, 0x03,
    0x94, 0x0E, 0x87, 0xB2, 0xBA, 0xA3, 0xEE, 0xCA, 0x48, 0xDB, 0x15, 0x73, 0x2A, 0x5D, 0x26, 0xF2,
    0xB3, 0x8E, 0x76, 0x2F, 0x3B, 0x92, 0xDB, 0x17, 0x00, 0x0A, 0x22, 0xB3, 0xC2, 0x02, 0x77, 0xDA,
    0xB3, 0x1B, 0xD0, 0x52, 0xFE, 0xE2, 0x8D, 0x8D, 0x42, 0xCB, 0x93, 0x7E, 0x6F, 0x20, 0x1B, 0xF3,
    0x01, 0x0F, 0x1E, 0x08, 0xF7, 0xCD, 0x25, 0x2B, 0xE0, 0xEE, 0x39, 0x96, 0xBB, 0xEA, 0xC6, 0x42,
    0x64, 0x6F, 0xCC, 0x9C, 0x98, 0xC8, 0x3F, 0xD1, 0xC7, 0xCC, 0xA6, 0xC2, 0x72, 0x56, 0xAC, 0x46,
    0x80, 0x3A, 0x2A, 0x86, 0x68, 0xD8, 0x7D, 0x08, 0x96, 0x32, 0x38, 0x46, 0x68, 0x0D, 0xAB, 0xA1,
    0x1A, 0x15, 0xCB, 0x59, 0x31, 0xDF, 0xA0, 0x8A, 0xDA, 0x84, 0x9A, 0xA6, 0xCA, 0xBB, 0x12, 0x6D,
    0xC6, 0x8A, 0x5A, 0x87, 0x27, 0x24, 0x9A, 0xF6, 0x26, 0x96, 0xF6, 0x5A, 0xC4, 0x67, 0xF1, 0x5E,
    0xB5, 0x1F, 0xE6, 0xD9, 0x07, 0xB8, 0x54, 0x56, 0x49, 0x91, 0x21, 0x5F, 0x8A, 0xF7, 0x87, 0x72,
    0x4C, 0x17, 0xCA, 0x98, 0xAC, 0x54, 0x11, 0x07, 0xFB, 0xA7, 0x9D, 0xB8, 0xB8, 0x64, 0x22, 0x11,
    0x19, 0xB4, 0x51, 0x20, 0x8B, 0x40, 0x69, 0x30, 0x2A, 0x68, 0xC3, 0xE5, 0x22, 0xD2, 0xD0, 0x8B,
    0xC4, 0xFC, 0x3D, 0xEA, 0xB1, 0x6E, 0x28, 0xC6, 0x16, 0x72, 0x85, 0x62, 0x68, 0x1B, 0xCA, 0x18,
    0xC6, 0xA4, 0x6F, 0x4A, 0x91, 0x55, 0xBD, 0xDB, 0x41, 0x36, 0x14, 0x11, 0x48, 0xE6, 0x80, 0xCA,
    0xE3, 0xCD, 0x54, 0x98, 0xC1, 0x9F, 0xFC, 0xD4, 0x20, 0x31, 0xE5, 0xB2, 0xD2, 0xCA, 0x98, 0xC9,
    0x62, 0x11, 0x43, 0xB0, 0xED, 0x2D, 0x76, 0x54, 0xA5, 0x8B, 0xA9, 0x62, 0x32, 0x55, 0x47, 0x53,
    0x3D, 0xAA, 0xD2, 0xD5, 0x54, 0x31, 0xAB, 0x32, 0x33, 0x8E, 0x94, 0x15, 0xAE, 0xE5, 0x6A, 0x2A,
    0x13, 0x53, 0x48, 0x34, 0x15, 0x46, 0x53, 0xE5, 0x62, 0x2A, 0xDF, 0x4C, 0x25, 0xD2, 0xA8, 0xA2,
    0x8D, 0x36, 0x44, 0x86, 0xF7, 0xB5, 0x66, 0x04, 0x69, 0xF8, 0x0C, 0x9F, 0x01, 0xAA, 0xE6, 0x11,
    0x50, 0xFC, 0xE3, 0x0C, 0x64, 0x1F, 0x98, 0x1D, 0x12, 0x3D, 0xBC, 0x71, 0x49, 0xF4, 0x0A, 0xFA,
    0x55, 0xB1, 0x35, 0xCC, 0x0D, 0xD3, 0x67, 0x62, 0x22, 0x9B, 0xE1, 0xAA, 0x25, 0x55, 0x54, 0x0C,
    0x28, 0xAE, 0x8A, 0xD9, 0xA4, 0x58, 0x46, 0x33, 0x08, 0xC3, 0xCE, 0x70, 0xD0, 0xF2, 0xCA, 0xCE,
    0x16, 0xAB, 0x62, 0xBA, 0x2B, 0x22, 0x9D, 0x62, 0x18, 0x14, 0xAB, 0x89, 0x5A, 0x74, 0xC0, 0x08,
    0x32, 0x94, 0xD2, 0x58, 0x1B, 0x3F, 0x6B, 0x09, 0x27, 0xBE, 0xB4, 0x25, 0x9C, 0x4E, 0xDF, 0xB5,
    0x43, 0x69, 0x3D, 0x92, 0x5E, 0xBA, 0x43, 0xF8, 0x9B, 0x29, 0xA5, 0x54, 0xA0, 0x32, 0xAC, 0x31,
    0x7C, 0xE5, 0xA8, 0x47, 0x8E, 0x2F, 0x75, 0x29, 0x87, 0x77, 0xF0, 0xB4, 0x2E, 0x1B, 0x0E, 0x7F,
    0xFC, 0x1D, 0x50, 0x29, 0x94, 0xFF, 0xAA, 0xB0, 0x03, 0xC9, 0x03, 0xF7, 0xBE, 0xE3, 0xA5, 0x5C,
    0xDB, 0x75, 0x32, 0x52, 0xA5, 0xE4, 0x11, 0xDC, 0x26, 0x77, 0xEF, 0xA9, 0xE1, 0x7D, 0xC3, 0xF0,
    0xF7, 0x97, 0x6B, 0x7E, 0x27, 0x9D, 0xE7, 0x16, 0xE6, 0xEA, 0xA7, 0x27, 0xB8, 0x6B, 0xD3, 0x10,
    0x69, 0x93, 0x9C, 0x69, 0xFE, 0x37, 0xC0, 0x5A, 0x37, 0x10, 0x36, 0xA0, 0x5A, 0x2E, 0x77, 0xE1,
    0x5C, 0x82, 0xC8, 0x7E, 0x04, 0x1E, 0xE0, 0x97, 0x23, 0x3E, 0x2C, 0x5F, 0x16, 0x0D, 0xF8, 0x74,
    0x28, 0x67, 0x0A, 0xD2, 0x29, 0xD8, 0x03, 0x3D, 0x7F, 0xC1, 0xCF, 0xD7, 0xDD, 0x15, 0x08, 0x34,
    0x20, 0xEC, 0xCD, 0xCD, 0x15, 0x0B, 0x12, 0x6A, 0x51, 0x0F, 0x7D, 0xBA, 0x81, 0x93, 0x26, 0xE9,
    0xF2, 0xB1, 0x8C, 0xC9, 0x12, 0xA0, 0xB5, 0xAD, 0x6A, 0x28, 0x86, 0xE3, 0xCA, 0xCD, 0x41, 0x64,
    0xF9, 0xFC, 0xC3, 0xEF, 0xCD, 0x76, 0xC2, 0x9E, 0x78, 0x1F, 0x92, 0xC5, 0xC2, 0x02, 0x73, 0x41,
    0x00, 0xA4, 0x01, 0xD9, 0xE1, 0xFB, 0x12, 0xC1, 0xBA, 0xBC, 0xA7, 0x29, 0xFC, 0xD0, 0x8F, 0x7B,
    0xAE, 0x57, 0x3D, 0x77, 0x9B, 0x62, 0xEA, 0xDF, 0xEA, 0x87, 0x5E, 0x84, 0x42, 0x9E, 0xF0, 0x55,
    0x3E, 0x75, 0x8F, 0xA5, 0xBE, 0x35, 0x95, 0x3F, 0x8B, 0xB9, 0x74, 0xA9, 0xC0, 0x77, 0xB1, 0xB6,
    0x24, 0x17, 0x4A, 0x21, 0x13, 0x33, 0xB0, 0x7D, 0xEE, 0x5F, 0x6F, 0xE1, 0xC2, 0xA6, 0xAE, 0x2B,
    0x46, 0xAD, 0xF5, 0x17, 0xE0, 0x15, 0xE8, 0xE5, 0x17, 0xD8, 0x74, 0x31, 0x8B, 0xC8, 0x78, 0x60,
    0x1B, 0xC6, 0x56, 0x52, 0x69, 0xAC, 0x3F, 0xAF, 0x1E, 0xBD, 0x56, 0x71, 0xF5, 0x09, 0x37, 0x34,
    0x2B, 0x64, 0xB3, 0x39, 0xDA, 0x6C, 0x80, 0x64, 0x55, 0x96, 0x58, 0xB9, 0x32, 0xEC, 0x5A, 0x9C,
    0x55, 0xD1, 0xD8, 0x66, 0x8D, 0xE2, 0xAC, 0xC7, 0xCF, 0x26, 0xAB, 0x33, 0xBD, 0xD5, 0x9F, 0x52,
    0x4C, 0xEE, 0x1D, 0xBD, 0x15, 0x7B, 0xAA, 0xDE, 0xEA, 0x71, 0x5F, 0x8F, 0xB1, 0x3A, 0x26, 0xFE,
    0x04, 0x69, 0xAC, 0x36, 0xFB, 0xC3, 0x7E, 0xA3, 0x78, 0xFF, 0xE1, 0xC3, 0xEF, 0x1E, 0xBE, 0x61,
    0x58, 0x6D, 0xE3, 0xDE, 0x98, 0xD9, 0xAB, 0x62, 0x27, 0x9D, 0x6C, 0x46, 0xDC, 0x58, 0x70, 0x5B,
    0xC1, 0x4D, 0xF5, 0x77, 0xA7, 0x22, 0x9B, 0x55, 0x27, 0x33, 0x42, 0xB2, 0x5E, 0xC4, 0xFC, 0x4A,
    0xB0, 0x52, 0x27, 0xF9, 0xE4, 0xA6, 0x95, 0xD1, 0x49, 0xDD, 0xF9, 0xA9, 0x16, 0x27, 0xEE, 0x26,
    0xF7, 0x92, 0x4E, 0xE9, 0xA3, 0x9B, 0x57, 0x46, 0xB7, 0x2E, 0x34, 0x98, 0x71, 0x3C, 0x76, 0xDB,
    0x92, 0xD5, 0x4D, 0xCB, 0xDE, 0xBB, 0xF3, 0x55, 0xF1, 0xB6, 0xDA, 0xCD, 0x30, 0x25, 0xC0, 0x0D,
    0x5C, 0xAA, 0xEE, 0xD7, 0x20, 0xF5, 0x56, 0x76, 0xB5, 0xC8, 0xA8, 0xB1, 0x9E, 0x91, 0xFC, 0xFC,
    0x4F, 0xA4, 0xFB, 0xF4, 0x9D, 0x3F, 0x1D, 0xCA, 0x91, 0xBE, 0x83, 0x2A, 0x56, 0xD1, 0x7A, 0x62,
    0xC0, 0x62, 0x3F, 0xD8, 0x08, 0x76, 0x7B, 0xB2, 0x38, 0xC9, 0x26, 0x27, 0xE5, 0xA0, 0xA4, 0xD4,
    0xF8, 0xCF, 0x4B, 0x5A, 0x9C, 0xAC, 0x60, 0xB7, 0xA7, 0x33, 0x76, 0xB6, 0xCB, 0x47, 0xB0, 0xB0,
    0xB2, 0x8C, 0x50, 0x2C, 0x27, 0xD2, 0x85, 0xB7, 0xEE, 0x34, 0x56, 0x8D, 0x20, 0x32, 0x59, 0xC0,
    0x68, 0x24, 0x69, 0xE0, 0xCA, 0xB6, 0x60, 0x88, 0x97, 0xC1, 0xF0, 0xE2, 0x63, 0xE8, 0x35, 0x0D,
    0x08, 0x3D, 0xA2, 0xD6, 0x4B, 0xA9, 0x0F, 0xE3, 0x97, 0x6D, 0xE1, 0xCC, 0x0A, 0x67, 0xD7, 0x26,
    0x20, 0x7C, 0x04, 0x35, 0x58, 0x33, 0x3D, 0x8F, 0x2A, 0xE2, 0x6A, 0x6A, 0xB8, 0xAA, 0xE4, 0x62,
    0x29, 0x46, 0x95, 0x88, 0xB8, 0xF2, 0x73, 0x2F, 0xA0, 0xAC, 0x23, 0xD5, 0x5D, 0xA5, 0xAA, 0xFC,
    0x79, 0xDF, 0xAD, 0xD6, 0x92, 0xD6, 0x85, 0x64, 0x81, 0xA3, 0xBF, 0xFC, 0x77, 0x72, 0x19, 0x58,
    0x83, 0x2C, 0xAC, 0xFB, 0x1B, 0x3B, 0xA2, 0xD9, 0xB1, 0x74, 0xD4, 0x9D, 0xA8, 0x43, 0x76, 0x85,
    0xED, 0x2A, 0xAC, 0x0E, 0x95, 0x3E, 0xB5, 0x6E, 0xEC, 0x7D, 0x2B, 0x3C, 0xC6, 0x46, 0x24, 0xEF,
    0xA1, 0xD5, 0xC8, 0x4A, 0xDB, 0x61, 0xE1, 0xDA, 0x5A, 0xCF, 0xB0, 0x4B, 0x07, 0xB2, 0x01, 0x32,
    0x00, 0x4A, 0x58, 0x3F, 0x1A, 0xC8, 0x76, 0x4C, 0xC4, 0x90, 0xBA, 0xBB, 0xB2, 0xBA, 0x38, 0x72,
    0x55, 0x0E, 0xDF, 0x41, 0xD8, 0x6E, 0xBF, 0xF8, 0x5E, 0xBF, 0xEF, 0xF4, 0xFB, 0x3E, 0xBF, 0xEF,
    0xF2, 0xFB, 0x1E, 0xBF, 0xEF, 0xF0, 0xFB, 0xFE, 0xBE, 0xEF, 0xEE, 0xFB, 0xDE, 0xBE, 0xEF, 0xEC,
    0xFB, 0xBE, 0xBE, 0xEF, 0xEA, 0xFB, 0x9E, 0xBE, 0xEF, 0xE8, 0xFB, 0x7E, 0xBE, 0xEF, 0xE6, 0xAB,
    0xCA, 0xC4, 0x54, 0x6A, 0xCA, 0xAC, 0xF5, 0x5D, 0x7C, 0xDF, 0xC3, 0xB7, 0x49, 0x13, 0xEF, 0x87,
    0xC5, 0xAC, 0x98, 0x2E, 0x47, 0x7B, 0x0E, 0x5F, 0x34, 0x7C, 0xF5, 0xEA, 0x4E, 0x3B, 0xB6, 0xCF,
    0xEE, 0xBB, 0xEC, 0xB6, 0xC7, 0xEE, 0x3B, 0xEC, 0xAC, 0xE4, 0x86, 0xD9, 0x8B, 0xA3, 0x0D, 0xA7,
    0xBE, 0x93, 0x6E, 0xFB, 0xE8, 0x11, 0x68, 0x15, 0x10, 0x40, 0xCF, 0x83, 0x5D, 0x0E, 0x79, 0xF7,
    0x5F, 0xD7, 0x9C, 0xBE, 0xF4, 0x75, 0xC5, 0xAF, 0xFD, 0x9E, 0xA3, 0x95, 0xF8, 0xD9, 0x6B, 0xBA,
    0xF2, 0xE4, 0xAE, 0x37, 0x0B, 0xC5, 0xED, 0xD3, 0x1B, 0x3D, 0x76, 0x3C, 0xE1, 0xCA, 0x6C, 0xF0,
    0xA5, 0xB7, 0x81, 0x07, 0x5F, 0xC2, 0xE1, 0xEB, 0x6A, 0xE2, 0xE9, 0xA8, 0xD7, 0x35, 0x2F, 0x7D,
    0x21, 0xCA, 0xA4, 0x1E, 0x71, 0xFF, 0x75, 0x4E, 0x1E, 0xE3, 0xB2, 0xB8, 0x4E, 0x87, 0xFF, 0x11,
    0x2B, 0x52, 0x3E, 0x05, 0xF8, 0x24, 0x00, 0xD5, 0x78, 0xEC, 0x97, 0xFB, 0x57, 0x7C, 0x72, 0x76,
    0x8D, 0xD6, 0xA7, 0x9E, 0xEE, 0x4B, 0xA3, 0x2F, 0x71, 0x5E, 0x95, 0xA4, 0x5F, 0xD2, 0x59, 0xAD,
    0xFF, 0xF1, 0x88, 0xBD, 0x3A, 0x93, 0xE6, 0xA6, 0x98, 0xB5, 0x42, 0x3D, 0x90, 0x48, 0x0C, 0x91,
    0x5C, 0x74, 0xD6, 0xA9, 0xFE, 0x6E, 0xEA, 0xE1, 0x7E, 0x31, 0x09, 0x2C, 0xF9, 0x2C, 0x64, 0xA3,
    0x62, 0xD9, 0x65, 0x8B, 0x10, 0x50, 0x5C, 0xC9, 0xE7, 0xFE, 0xD6, 0x74, 0x81, 0xED, 0xDF, 0xDA,
    0xA2, 0xF5, 0xBB, 0x50, 0x8E, 0xD5, 0x0A, 0x21, 0x16, 0x0B, 0xF4, 0x5D, 0x2E, 0x4D, 0x21, 0xD6,
    0x7E, 0x0B, 0xA1, 0x12, 0x19, 0x78, 0x94, 0xF4, 0xE7, 0x56, 0x95, 0xAF, 0x02, 0x66, 0x62, 0x39,
    0xE1, 0x93, 0x7B, 0x38, 0x0C, 0x4E, 0x0F, 0x70, 0x29, 0xF6, 0x5B, 0x23, 0xBD, 0x7C, 0x10, 0xED,
    0xDB, 0x4B, 0xFD, 0xEE, 0x92, 0x6A, 0x44, 0xA8, 0x63, 0x26, 0x5D, 0xE8, 0xCA, 0xEF, 0xC7, 0xD0,
    0xD4, 0xD5, 0x05, 0x3C, 0x2A, 0x87, 0xF0, 0x07, 0xD3, 0x05, 0x7C, 0x2B, 0x5E, 0xC0, 0xB7, 0x35,
    0x14, 0x5A, 0xA9, 0x63, 0x39, 0xD1, 0x76, 0xC5, 0x92, 0x5A, 0x25, 0x56, 0xEA, 0x5E, 0x26, 0xEE,
    0x69, 0xD2, 0x95, 0xEE, 0xD6, 0x6B, 0x7A, 0xF3, 0x79, 0xFD, 0x4D, 0xC5, 0x7C, 0x98, 0x2D, 0x65,
    0xFA, 0xFD, 0xEB, 0x3A, 0xAE, 0xF4, 0xB7, 0x16, 0x08, 0xFF, 0xB0, 0x42, 0x39, 0xAC, 0x90, 0x4D,
    0xAF, 0x03, 0xCB, 0x6B, 0xC0, 0xE7, 0x5E, 0xBD, 0x4C, 0x28, 0x3D, 0xE7, 0xCC, 0x45, 0x26, 0x4A,
    0xCD, 0x6C, 0xAB, 0x21, 0xD3, 0x08, 0xE5, 0x02, 0xC0, 0xE0, 0xE6, 0x02, 0x85, 0xD5, 0xE2, 0x9F,
    0x35, 0x42, 0xD1, 0xB3, 0x7A, 0x49, 0x15, 0x15, 0x8C, 0x4D, 0xD5, 0x6A, 0xAD, 0x36, 0x15, 0xF2,
    0x9E, 0x8C, 0x49, 0xDF, 0xB5, 0x0D, 0x3E, 0x4E, 0x88, 0x19, 0x2D, 0xBB, 0x19, 0x5D, 0xDB, 0x88,
    0x5D, 0x00, 0x09, 0xC9, 0x75, 0x75, 0x1B, 0xF5, 0x03, 0xAF, 0x77, 0xF6, 0xDE, 0x7D, 0xC8, 0x62,
    0x09, 0x79, 0x53, 0x34, 0x9C, 0x90, 0xBE, 0xF4, 0x11, 0x36, 0x0C, 0x3B, 0x94, 0x53, 0x0F, 0xE9,
    0x12, 0x80, 0x47, 0x65, 0x03, 0xAF, 0x1D, 0xCF, 0x72, 0x76, 0xC7, 0x6C, 0x50, 0x29, 0xE4, 0x13,
    0x89, 0x02, 0x06, 0x7C, 0x28, 0x88, 0x48, 0x73, 0x00, 0x2B, 0x7B, 0x26, 0xBC, 0xA3, 0xB0, 0xE8,
    0x93, 0x97, 0x56, 0x1F, 0x6F, 0x10, 0x7E, 0xB4, 0x41, 0x35, 0xEE, 0x7A, 0x49, 0x0B, 0xC9, 0x52,
    0x03, 0x6F, 0x6A, 0xD5, 0xFE, 0x57, 0xDA, 0x1C, 0xBA, 0x1E, 0xD0, 0xCB, 0x48, 0xBA, 0xE5, 0x0B,
    0xD9, 0xA4, 0x59, 0xDF, 0xC0, 0x46, 0xA9, 0x89, 0x4F, 0x15, 0xE9, 0xD1, 0x87, 0x62, 0x60, 0xDD,
    0xB7, 0x32, 0x18, 0xF0, 0x2E, 0x5D, 0x2C, 0x16, 0x55, 0x35, 0x15, 0x89, 0x25, 0x41, 0xAD, 0x4C,
    0xFA, 0xD0, 0x06, 0x4E, 0x76, 0xA0, 0x92, 0x08, 0x41, 0x06, 0x78, 0x3D, 0x9D, 0xE0, 0xAF, 0x98,
    0xEC, 0x4B, 0xA4, 0xDF, 0xAC, 0x5F, 0xB8, 0xF9, 0x04, 0xFA, 0x1D, 0xCE, 0xEF, 0x92, 0x0E, 0x79,
    0x97, 0xC5, 0x2C, 0xA6, 0x4D, 0xD2, 0xF9, 0x28, 0x6F, 0x4B, 0x55, 0xC5, 0x5C, 0x8D, 0x65, 0xCC,
    0xA7, 0xBA, 0xC9, 0xE6, 0x40, 0xBA, 0xB4, 0xA4, 0x6B, 0x2B, 0x62, 0x47, 0x0F, 0xB4, 0x7A, 0x34,
    0x10, 0x22, 0xD6, 0x65, 0xCA, 0x73, 0xDE, 0xCC, 0x45, 0x96, 0x44, 0x24, 0x52, 0x9F, 0x23, 0xB7,
    0x16, 0xED, 0xC4, 0x96, 0xB8, 0xA7, 0xDA, 0x85, 0xBF, 0xF1, 0x1A, 0xB8, 0xE8, 0x35, 0x7A, 0x58,
    0xBC, 0x56, 0x4C, 0x1F, 0xC3, 0x31, 0x43, 0x2F, 0x9D, 0x3E, 0x53, 0xDB, 0x5C, 0x9B, 0x3C, 0x9F,
    0x03, 0xAC, 0x15, 0xBC, 0x5E, 0x74, 0x97, 0xCD, 0xFD, 0x45, 0xB0, 0xE5, 0xAF, 0x0D, 0x8A, 0x0D,
    0x2C, 0x36, 0x78, 0x81, 0xA3, 0xB2, 0xF0, 0x73, 0x3A, 0xD9, 0xB5, 0x5D, 0x83, 0x0C, 0x17, 0x6D,
    0x7A, 0xD1, 0xA2, 0xDE, 0x9E, 0xD6, 0xF6, 0x17, 0xBF, 0x74, 0x23, 0x5D, 0x5F, 0xFC, 0xB7, 0x69,
    0xAF, 0xD3, 0xDB, 0xCF, 0xA9, 0xA4, 0x3B, 0x7D, 0x63, 0xF8, 0x06, 0xD3, 0xDB, 0xBC, 0x7D, 0x9B,
    0xAF, 0x59, 0xC5, 0xB5, 0xDE, 0x61, 0xA3, 0xD8, 0xAC, 0xD2, 0x1F, 0xF1, 0xD3, 0x8A, 0xD6, 0x32,
    0x21, 0xEA, 0x1C, 0xDA, 0xBF, 0x99, 0xF1, 0xC1, 0x94, 0x6C, 0x7A, 0x13, 0xE0, 0x07, 0x5F, 0xB8,
    0xAE, 0xEB, 0x8F, 0xED, 0x37, 0x6D, 0xF1, 0x43, 0x0B, 0xA7, 0xC7, 0x68, 0x1E, 0x61, 0x7D, 0x16,
    0xF8, 0x7F, 0x27, 0xBC, 0xFC, 0xE5, 0xC4, 0x6A, 0xC6, 0x2B, 0x02, 0x22, 0xA0, 0x19, 0x4C, 0x03,
    0x69, 0xCC, 0x3A, 0xFF, 0x80, 0xE4, 0x7A, 0xBA, 0x8D, 0x93, 0x05, 0x08, 0xD2, 0xC0, 0xFD, 0x37,
    0x22, 0x4C, 0xE9, 0x00, 0x23, 0x23, 0x9C, 0x71, 0xF6, 0x92, 0xDD, 0xE6, 0x86, 0xA5, 0x9B, 0x0D,
    0x8D, 0x6D, 0x31, 0x00, 0xD5, 0xAD, 0x11, 0xC8, 0xE2, 0xC4, 0x15, 0xA9, 0x45, 0x76, 0x45, 0x9F,
    0xBA, 0x65, 0xB6, 0x0D, 0x87, 0x55, 0x31, 0x33, 0x4C, 0xB6, 0x23, 0x3C, 0x2A, 0xAF, 0x26, 0x8B,
    0x83, 0xA3, 0xE2, 0x0E, 0xCE, 0x57, 0xEA, 0x51, 0xB1, 0x9C, 0x14, 0x8B, 0x59, 0x31, 0x5F, 0xFC,
    0xAE, 0x03, 0xA6, 0x9B, 0xFE, 0x12, 0xB1, 0xB1, 0x59, 0x26, 0xC5, 0x76, 0xEE, 0x7D, 0x7C, 0xD2,
    0x6E, 0x61, 0x21, 0xC6, 0xF2, 0xDA, 0x65, 0x80, 0xF1, 0x97, 0xC9, 0x77, 0xCA, 0xAD, 0x58, 0xCB,
    0xBD, 0x5D, 0x6F, 0xF4, 0xB2, 0xD2, 0xBE, 0xF5, 0x17, 0xB4, 0xF0, 0xBC, 0x47, 0x21, 0x33, 0xA5,
    0xAC, 0x40, 0xDF, 0x01, 0x99, 0x4C, 0x78, 0x28, 0x42, 0xD9, 0xBD, 0x09, 0xFC, 0x6F, 0xB4, 0xFF,
    0xBD, 0xC2, 0x2B, 0xD7, 0xD5, 0x3B, 0xD4, 0x67, 0x20, 0xAB, 0x85, 0x12, 0x59, 0x2C, 0x35, 0x90,
    0xB0, 0x38, 0xC2, 0x33, 0xE8, 0xB3, 0x30, 0xD7, 0x53, 0x38, 0x97, 0xE9, 0xFF, 0x8A, 0x4C, 0xC9,
    0x7E, 0xE7, 0xED, 0x64, 0x85, 0xE7, 0x3D, 0x6A, 0x19, 0x08, 0x32, 0x41, 0xFB, 0xE3, 0xD5, 0xAC,
    0x1E, 0x4C, 0xE5, 0xD3, 0x3D, 0x54, 0x96, 0x2F, 0x9A, 0xFA, 0x72, 0xF9, 0xC9, 0xFB, 0x7E, 0xE9,
    0x28, 0xDE, 0xB0, 0x61, 0x6B, 0xAD, 0xB0, 0xF9, 0xE7, 0x28, 0xDE, 0x08, 0x53, 0x22, 0xB1, 0x56,
    0xC8, 0x27, 0x42, 0x97, 0xBD, 0x10, 0xCC, 0x0A, 0x8B, 0xC2, 0x9E, 0xF4, 0x9D, 0xB5, 0x32, 0x96,
    0x74, 0xD4, 0x4B, 0xB9, 0x7A, 0x28, 0xE2, 0x83, 0x00, 0xB4, 0x12, 0xCD, 0x9D, 0xB9, 0xA9, 0x29,
    0x19, 0xC0, 0x42, 0x8F, 0x4F, 0x9C, 0x57, 0x29, 0x9E, 0xE0, 0x03, 0xED, 0xF9, 0xDD, 0x86, 0x64,
    0xCC, 0x22, 0x69, 0x4C, 0xA3, 0x0E, 0xC7, 0xDD, 0x4B, 0xFF, 0xDA, 0xEB, 0xA6, 0x74, 0xA4, 0x22,
    0x7E, 0xA2, 0x9C, 0x93, 0x9E, 0x3A, 0x12, 0x9A, 0xBA, 0xA3, 0x52, 0x38, 0xF1, 0xA8, 0x70, 0xC4,
    0xC3, 0xBE, 0x54, 0x14, 0x6B, 0x59, 0x80, 0xBB, 0xFB, 0xE1, 0xBF, 0x7F, 0x04, 0xBB, 0x2A, 0x7E,
    0x56, 0xE1, 0x14, 0x1D, 0x52, 0xB5, 0xAC, 0x8E, 0x27, 0xD2, 0x58, 0xB7, 0xAF, 0x44, 0x66, 0x4E,
    0xF4, 0x5E, 0x97, 0xE5, 0xB0, 0xDB, 0xFB, 0xC8, 0xFA, 0x83, 0xC2, 0x37, 0xF0, 0xA4, 0xD7, 0xA4,
    0x3F, 0x27, 0x17, 0x89, 0x1A, 0xCB, 0x87, 0xAE, 0x8A, 0x81, 0x22, 0x06, 0x7F, 0x53, 0xB5, 0x37,
    0x14, 0xB2, 0x41, 0x2B, 0x1D, 0xF4, 0x11, 0xCA, 0xE1, 0xB3, 0x14, 0xE3, 0x97, 0x29, 0x86, 0x53,
    0x7D, 0xB9, 0x48, 0x17, 0x64, 0xE3, 0x44, 0x06, 0x4C, 0x0A, 0xCB, 0x27, 0xB0, 0xC0, 0x36, 0xD3,
    0x43, 0x1F, 0xD2, 0xC0, 0xE7, 0xA0, 0x17, 0x11, 0xB9, 0x82, 0x8F, 0xE8, 0xA9, 0x1D, 0xFF, 0x8C,
    0x9E, 0xFF, 0x0F, 0xF4, 0xF0, 0x72, 0xF0, 0xA6, 0x79, 0xB2, 0x96, 0x95, 0x83, 0x9C, 0x1A, 0xF6,
    0x8D, 0x62, 0x6D, 0x78, 0xBC, 0x19, 0xFC, 0x0E, 0x07, 0x79, 0x13, 0x58, 0x01, 0x1F, 0x79, 0x7E,
    0x47, 0x84, 0x56, 0xC4, 0x74, 0xBA, 0xF2, 0xFC, 0xC7, 0x4E, 0x93, 0x88, 0x74, 0xC8, 0xEE, 0x2D,
    0xED, 0x8B, 0xA5, 0xF9, 0x0C, 0xD9, 0xE2, 0xEF, 0x9C, 0x20, 0x1F, 0x2F, 0xD7, 0xBD, 0xEC, 0x93,
    0x91, 0xCA, 0xF6, 0x0D, 0x7E, 0xFE, 0xC6, 0xCA, 0xEB, 0xB0, 0x1D, 0x16, 0x9D, 0x5A, 0x07, 0xFF,
    0xE7, 0x0A, 0xD6, 0xF1, 0xE8, 0x47, 0xB8, 0x2B, 0x3E, 0x4B, 0x73, 0x6E, 0x65, 0x6C, 0x87, 0x8B,
    0x83, 0x41, 0x73, 0x00, 0x3F, 0xE1, 0x3B, 0x92, 0xAB, 0x87, 0x2F, 0xF6, 0x94, 0x4A, 0x1A, 0x72,
    0x59, 0xA0, 0x97, 0x06, 0x2B, 0xE1, 0x3B, 0xB8, 0x14, 0x32, 0x9B, 0x1B, 0x4E, 0x1B, 0x4B, 0x45,
    0xED, 0x8F, 0x03, 0x8A, 0xC1, 0x38, 0x55, 0x54, 0xD7, 0x5A, 0xA0, 0x69, 0xAB, 0x2F, 0x7D, 0x93,
    0x9C, 0x69, 0x59, 0xA1, 0xF6, 0x4E, 0x90, 0xF9, 0xE1, 0xBB, 0x25, 0xD4, 0x11, 0xC4, 0xAE, 0x3F,
    0x91, 0x09, 0x91, 0x06, 0x19, 0xE1, 0x09, 0x2A, 0x73, 0x3A, 0x01, 0xDC, 0x2B, 0x22, 0x40, 0x6D,
    0x2D, 0x46, 0xB9, 0x3F, 0xEB, 0x3F, 0x3C, 0xB4, 0x32, 0x69, 0x08, 0xDF, 0xCA, 0x88, 0x48, 0x97,
    0x6E, 0xF8, 0xA4, 0x45, 0x3E, 0xBD, 0x88, 0x12, 0x11, 0xB9, 0xAA, 0xFC, 0xDC, 0x8B, 0xAA, 0x62,
    0xB2, 0x4C, 0xB8, 0x97, 0xCE, 0x6B, 0xF6, 0x2B, 0x7D, 0xD1, 0xE1, 0x58, 0x18, 0xA6, 0xCF, 0xC4,
    0x62, 0x53, 0xD4, 0xFE, 0x9A, 0xEE, 0x22, 0x03, 0xA9, 0x34, 0x57, 0xA6, 0xEF, 0x5F, 0x0F, 0x6B,
    0xE9, 0x7A, 0x69, 0x82, 0x44, 0x91, 0xEE, 0x3F, 0x01, 0x9D, 0x94, 0x01, 0x84, 0x24, 0xD9, 0x19,
    0xC7, 0x7F, 0x55, 0xB5, 0xBD, 0xB5, 0x33, 0x2F, 0x33, 0x6F, 0x48, 0xAF, 0x5C, 0x72, 0xBB, 0x53,
    0x8B, 0xC5, 0x3A, 0xB3, 0xF3, 0x06, 0x2D, 0x1A, 0xDD, 0x5D, 0x6F, 0x03, 0x80, 0x28, 0x6E, 0x07,
    0x40, 0x42, 0x96, 0x93, 0x0D, 0xAE, 0xB1, 0x68, 0xCC, 0x4C, 0xBF, 0x24, 0x00, 0xC4, 0x22, 0x02,
    0x81, 0xC6, 0xE1, 0xAE, 0x0F, 0x33, 0x89, 0xC1, 0x62, 0x76, 0xFA, 0xC5, 0x26, 0x08, 0x50, 0x08,
    0x07, 0x50, 0x40, 0xE4, 0x82, 0xAD, 0x50, 0x47, 0x6D, 0x52, 0x3D, 0x2F, 0x55, 0x53, 0xD3, 0x7B,
    0x77, 0xE6, 0xE2, 0xC8, 0xFF, 0xFF, 0x7D, 0xF5, 0xDE, 0xAB, 0xFA, 0x7F, 0xCF, 0xF7, 0xEA, 0xFB,
    0xAA, 0x9E, 0xEA, 0xA9, 0x8D, 0xD2, 0x30, 0xF7, 0x0A, 0x0E, 0xBC, 0x4F, 0x82, 0x65, 0x58, 0xC8,
    0x34, 0xD2, 0x43, 0xF8, 0x39, 0x38, 0x02, 0x67, 0xC5, 0x67, 0x59, 0xF4, 0xA8, 0x18, 0x72, 0x20,
    0xD2, 0x41, 0x54, 0x4E, 0x94, 0x2B, 0x07, 0x71, 0x3E, 0x10, 0xE9, 0xC2, 0x65, 0xB5, 0x01, 0x38,
    0xE7, 0xF2, 0xC6, 0xF7, 0xF7, 0xF7, 0x93, 0x84, 0xE4, 0x84, 0xEC, 0xD4, 0xCB, 0x86, 0xA1, 0x55,
    0xCE, 0x84, 0x4B, 0x94, 0x89, 0x6D, 0x6C, 0x95, 0x51, 0x94, 0xD3, 0x5F, 0x2D, 0x6B, 0xAB, 0x27,
    0xCE, 0xB8, 0xDC, 0x2F, 0xC8, 0xC3, 0x6C, 0x1B, 0x50, 0x66, 0x96, 0xA5, 0xE3, 0x74, 0x3C, 0xCB,
    0x94, 0x89, 0x52, 0xA7, 0x5E, 0x55, 0x71, 0x98, 0x0F, 0xA5, 0x99, 0x6C, 0x73, 0x9F, 0x77, 0x6A,
    0xB9, 0x7C, 0x95, 0x87, 0x2E, 0xF5, 0x9D, 0xC1, 0xD1, 0x3D, 0x6C, 0x40, 0xD2, 0x29, 0xD5, 0x8A,
    0xE0, 0xC2, 0x22, 0x7E, 0x55, 0xCA, 0xB4, 0xF2, 0xF3, 0x03, 0x4E, 0x1F, 0x02, 0x1C, 0xC2, 0x79,
    0x63, 0xF7, 0x1F, 0xBC, 0x33, 0x60, 0xA0, 0xE6, 0xA5, 0x74, 0x99, 0x77, 0xAE, 0x9B, 0x84, 0x9C,
    0x39, 0x0C, 0xED, 0x29, 0x59, 0x4E, 0x0E, 0xBE, 0x95, 0x7A, 0x48, 0xAC, 0x63, 0x1B, 0x69, 0x99,
    0x4A, 0x1B, 0xD9, 0xC8, 0x28, 0x62, 0x86, 0x1C, 0xD0, 0xE5, 0x88, 0x29, 0x31, 0x4A, 0x47, 0x46,
    0x5A, 0x61, 0x03, 0xEB, 0x69, 0x91, 0x36, 0xAA, 0x5A, 0xA3, 0x63, 0x46, 0x0C, 0xE8, 0xF2, 0x1E,
    0xB1, 0x91, 0x69, 0x90, 0x53, 0xB2, 0xC3, 0xC7, 0x7E, 0x15, 0xE6, 0xD2, 0x2A, 0xFA, 0x80, 0x97,
    0x7B, 0xB9, 0xAB, 0xD9, 0x8C, 0x24, 0x50, 0xD4, 0x6C, 0xD6, 0xCD, 0x98, 0x70, 0x7B, 0x5F, 0x2F,
    0x9C, 0x7D, 0xFA, 0xA9, 0x25, 0xF8, 0xBA, 0xF9, 0x86, 0x03, 0x96, 0x1C, 0x71, 0x48, 0x15, 0xA7,
    0x9D, 0x78, 0x72, 0x72, 0x32, 0x51, 0x1D, 0x4F, 0x07, 0xB6, 0xE1, 0xE2, 0x62, 0xBA, 0xBC, 0xFD,
    0x78, 0x71, 0xF1, 0x8B, 0x7F, 0xB4, 0x6B, 0x68, 0xAE, 0x1F, 0xBE, 0x59, 0x5C, 0x7C, 0xEF, 0x6F,
    0x81, 0xF5, 0x0D, 0xB8, 0x1A, 0x5E, 0xE2, 0xE7, 0x2B, 0x06, 0xF9, 0x71, 0xE6, 0xEC, 0xB9, 0x7E,
    0x4C, 0xF9, 0x96, 0x15, 0x8B, 0xD9, 0x34, 0x7F, 0x37, 0xFB, 0xA6, 0xEA, 0x40, 0x54, 0x8C, 0x0E,
    0x4F, 0xB7, 0x4F, 0x36, 0x27, 0xBB, 0x71, 0x25, 0xB2, 0x48, 0xAB, 0xCB, 0xC3, 0x87, 0x66, 0x04,
    0x60, 0x7C, 0x1B, 0x22, 0x53, 0x55, 0x50, 0x31, 0xC9, 0x4F, 0xA7, 0x86, 0x13, 0x3F, 0x0B, 0xAD,
    0xD4, 0x8A, 0x11, 0xF1, 0xAD, 0xB8, 0x92, 0xD9, 0x55, 0x91, 0xEA, 0x86, 0x70, 0xCE, 0xFD, 0x7B,
    0x7E, 0x5C, 0x10, 0xB5, 0x96, 0xD0, 0x99, 0x48, 0x2F, 0x1D, 0xC8, 0xC0, 0x2A, 0xE7, 0x4C, 0x98,
    0xBD, 0xE4, 0x09, 0xDF, 0x1F, 0x71, 0x76, 0x59, 0x62, 0xEB, 0x39, 0xCD, 0xF9, 0x97, 0xAD, 0x27,
    0x3F, 0xCB, 0x95, 0x57, 0x4E, 0x78, 0x78, 0xBD, 0xAB, 0x78, 0x8A, 0x70, 0x59, 0xF4, 0xCF, 0x72,
    0xC8, 0xA0, 0xCF, 0x8E, 0x97, 0x78, 0x46, 0x2C, 0x9B, 0x4D, 0x5F, 0x9B, 0x81, 0x70, 0xF4, 0x79,
    0x41, 0xDB, 0xA0, 0x53, 0xE7, 0x96, 0x8D, 0x03, 0x7C, 0xB5, 0x59, 0xB9, 0xC2, 0x7C, 0x3E, 0x9F,
    0xAD, 0x9A, 0xD7, 0xD3, 0x3E, 0xAA, 0x10, 0x4C, 0xDD, 0x31, 0xA7, 0xAA, 0x62, 0xE6, 0xCF, 0xEA,
    0xF9, 0xB2, 0xB6, 0xF9, 0x25, 0xDC, 0x25, 0xDA, 0x39, 0x80, 0x6F, 0x89, 0x32, 0x16, 0x46, 0x54,
    0x4C, 0x53, 0x8E, 0xE0, 0x1E, 0x80, 0xA7, 0x21, 0x48, 0x41, 0x58, 0x90, 0x06, 0x22, 0x60, 0x04,
    0x0C, 0x81, 0x33, 0xA0, 0x04, 0x2F, 0x87, 0x20, 0xBF, 0x2E, 0x53, 0xD7, 0x65, 0xFE, 0x95, 0x2C,
    0xBC, 0x92, 0x49, 0xDD, 0xCA, 0x46, 0xC0, 0x01, 0x90, 0x54, 0xBB, 0x52, 0xEE, 0x56, 0x49, 0x42,
    0xE7, 0xED, 0x5B, 0xBE, 0x98, 0x2F, 0x9C, 0x73, 0xF5, 0x89, 0x00, 0xA6, 0xCE, 0xA5, 0x47, 0xF3,
    0x4F, 0xD3, 0x09, 0xFE, 0x5B, 0x6F, 0xEE, 0xBD, 0x37, 0x9F, 0x1B, 0xF1, 0xC5, 0x05, 0x6A, 0xF1,
    0xDA, 0x34, 0xF5, 0x78, 0x26, 0xBC, 0xB4, 0xDB, 0x1D, 0x1E, 0xA8, 0xA2, 0xAE, 0x78, 0x31, 0x3C,
    0xEB, 0xDE, 0xBF, 0x69, 0x95, 0x1D, 0x32, 0x44, 0x21, 0x4D, 0x68, 0x85, 0x8D, 0x75, 0xFF, 0x5B,
    0x5F, 0xE1, 0xFF, 0xFA, 0x18, 0xBE, 0xA9, 0x40, 0x53, 0xA6, 0x36, 0xAC, 0x29, 0xF5, 0x1A, 0xC8,
    0x94, 0x1B, 0x91, 0x25, 0x56, 0x3F, 0xD1, 0x71, 0x1C, 0x99, 0xDD, 0xA1, 0x84, 0x3E, 0x74, 0x19,
    0xD6, 0x1C, 0x11, 0x67, 0x32, 0xBD, 0xBD, 0xBF, 0xFF, 0xB8, 0x29, 0xE5, 0xD1, 0x7C, 0xFE, 0xF2,
    0x00, 0x86, 0x2B, 0xEF, 0x42, 0xF7, 0xDB, 0xF2, 0xFA, 0xFA, 0xFF, 0x22, 0xAE, 0xE2, 0x8A, 0xC1,
    0x15, 0x3D, 0x8D, 0xF7, 0xFE, 0x9F, 0x8C, 0x70, 0xBF, 0x6E, 0xB3, 0x53, 0x8E, 0xFE, 0xC1, 0xC7,
    0xB0, 0x47, 0x8B, 0x75, 0x20, 0x32, 0xB5, 0x6B, 0xE8, 0x40, 0x58, 0x06, 0x36, 0x72, 0xBF, 0x37,
    0xC3, 0xC8, 0xE9, 0x81, 0xBF, 0x84, 0x0E, 0xED, 0x33, 0x65, 0x1A, 0x2D, 0x37, 0xCD, 0x9A, 0x2A,
    0x1F, 0x8E, 0x16, 0xD5, 0x33, 0x51, 0x00, 0x32, 0xDB, 0x8E, 0x2F, 0x0E, 0x27, 0xD3, 0x6A, 0x7C,
    0x33, 0x03, 0xC2, 0x47, 0xA9, 0x72, 0x65, 0xDD, 0x51, 0xF2, 0x51, 0xEE, 0x3F, 0x32, 0x00, 0xF8,
    0x46, 0x64, 0xAA, 0xDE, 0xB5, 0xE5, 0xC2, 0xD6, 0xF3, 0x0B, 0x97, 0xAA, 0x32, 0x6C, 0x8F, 0x22,
    0x57, 0xD7, 0xF7, 0xFF, 0x82, 0x4C, 0xF8, 0xE3, 0x6F, 0xE8, 0xB0, 0x09, 0x27, 0xB0, 0x06, 0x3F,
    0x85, 0x7B, 0xCD, 0x24, 0x19, 0xC3, 0x66, 0xE7, 0x4A, 0xF9, 0x1C, 0x02, 0x99, 0xA7, 0x10, 0x5E,
    0xC5, 0xCE, 0x9A, 0xA7, 0xEB, 0x8C, 0x61, 0x63, 0x15, 0xD5, 0xEE, 0xC0, 0x1F, 0x7E, 0x0C, 0x39,
    0x3F, 0xFB, 0x2B, 0x57, 0xCA, 0xF6, 0xEA, 0x9A, 0x1C, 0x5C, 0x9B, 0x03, 0x14, 0x4C, 0xEB, 0x0C,
    0x45, 0x36, 0x35, 0x05, 0x00, 0x11, 0x23, 0x9E, 0x71, 0xCA, 0x84, 0x18, 0x81, 0xEF, 0x8C, 0x74,
    0xB9, 0xFA, 0x5D, 0x39, 0x60, 0xD0, 0x1D, 0x74, 0x39, 0xA7, 0xB1, 0x07, 0xDC, 0xBA, 0x37, 0xAA,
    0x64, 0x21, 0xF3, 0xB8, 0xBC, 0xDB, 0x07, 0x92, 0xB0, 0x8E, 0xAF, 0x58, 0x68, 0x91, 0x31, 0xD3,
    0xBC, 0x21, 0x4E, 0xC3, 0x2C, 0xCA, 0xCE, 0x99, 0x71, 0x0F, 0x18, 0xD5, 0x8C, 0xB2, 0x05, 0x7E,
    0xE1, 0x10, 0x5F, 0xFC, 0xDD, 0xC4, 0x3F, 0x7A, 0x65, 0x7B, 0xC1, 0x2F, 0x53, 0x78, 0xC1, 0x11,
    0x12, 0x81, 0xE4, 0x90, 0x27, 0x74, 0x8F, 0x16, 0x87, 0xF8, 0xE6, 0xBB, 0x7F, 0x8E, 0xAB, 0xE9,
    0x52, 0x64, 0xBB, 0x2F, 0x6E, 0x35, 0xD1, 0x34, 0x8D, 0x1C, 0x2F, 0x5E, 0xDB, 0x89, 0xF4, 0xED,
    0x33, 0xE9, 0xA5, 0xCD, 0xD8, 0xAC, 0x45, 0x7E, 0x01, 0x6C, 0x72, 0xA7, 0x2D, 0x79, 0x9F, 0x31,
    0x3C, 0x01, 0xF0, 0x9E, 0x0F, 0x01, 0x42, 0xAB, 0x0C, 0xA0, 0xB4, 0x78, 0x03, 0x37, 0x97, 0x78,
    0xCE, 0x1D, 0xBB, 0x02, 0xDE, 0x75, 0xEE, 0x42, 0x03, 0x3F, 0x98, 0xEB, 0xFF, 0x23, 0xE0, 0xCB,
    0x9F, 0x05, 0x70, 0x6D, 0xC9, 0xBE, 0x06, 0x12, 0xE1, 0xDC, 0x73, 0xBC, 0x2C, 0xFE, 0x8F, 0x73,
    0x9F, 0x1F, 0xDB, 0x09, 0xDE, 0xC2, 0x39, 0x3D, 0x03, 0xEF, 0xE9, 0x47, 0xAC, 0x70, 0xD3, 0xB9,
    0x37, 0xED, 0x27, 0xEC, 0x52, 0x02, 0xF7, 0x5B, 0xEF, 0xC3, 0x0A, 0x99, 0x01, 0x0B, 0x62, 0x00,
    0x69, 0xCF, 0x00, 0x82, 0x8C, 0xAF, 0xE0, 0x46, 0x3B, 0x08, 0x1D, 0xBB, 0x06, 0x59, 0x3B, 0xE4,
    0xED, 0x4D, 0x03, 0xC0, 0x1A, 0x57, 0x10, 0xC5, 0x8D, 0x3B, 0x6C, 0x88, 0x65, 0x7F, 0x63, 0x6F,
    0x63, 0xF8, 0xB2, 0xA3, 0xC3, 0xE2, 0xCE, 0xDD, 0xDE, 0x7A, 0xEC, 0x7A, 0x3C, 0x40, 0x7E, 0xE2,
    0x3D, 0xDE, 0x1A, 0x33, 0x6E, 0xB1, 0x25, 0x0A, 0x76, 0xEE, 0xB2, 0x27, 0x18, 0x87, 0x8D, 0xF5,
    0xD6, 0xD9, 0x3E, 0xC3, 0x4B, 0xD8, 0x5B, 0x5F, 0xB1, 0xB7, 0xB9, 0x7B, 0xDE, 0xD1, 0x22, 0x1F,
    0xD4, 0x51, 0x0D, 0x7B, 0x6C, 0x7F, 0x54, 0x0B, 0xD6, 0x1B, 0x8A, 0xCF, 0xFB, 0xDB, 0xE3, 0xCD,
    0xF1, 0xFA, 0xF8, 0x52, 0xE5, 0xE9, 0x3D, 0x7A, 0x35, 0x7F, 0x58, 0x0E, 0x36, 0x7B, 0x62, 0xC5,
    0x2D, 0xEF, 0x83, 0x7F, 0x2D, 0x99, 0xEC, 0x0A, 0xC6, 0x77, 0x82, 0x6B, 0xBE, 0x75, 0xC3, 0xE3,
    0x03, 0xFB, 0x92, 0x93, 0xB7, 0xDC, 0x02, 0x36, 0x50, 0xD9, 0x06, 0x2B, 0x8A, 0xE7, 0x5E, 0xB2,
    0x17, 0xD2, 0xAB, 0x0B, 0xFE, 0x1D, 0x36, 0x76, 0x58, 0xEF, 0x11, 0x8C, 0x09, 0x52, 0xD0, 0xDC,
    0x5F, 0x6B, 0xEE, 0x84, 0x63, 0xFC, 0x94, 0x20, 0x63, 0xB3, 0xCF, 0xCE, 0x06, 0x5B, 0x1E, 0xFF,
    0x05, 0xCC, 0x9A, 0x3F, 0x8C, 0xE4, 0xC8, 0x75, 0xFF, 0xBF, 0x24, 0x71, 0x4B, 0x40, 0x0C, 0xF8,
    0x0B, 0x4E, 0x3F, 0xC8, 0x77, 0x01, 0x63, 0x1B, 0xB0, 0x19, 0x1B, 0xF0, 0x76, 0xD1, 0x70, 0x0E,
    0xAD, 0x01, 0xB5, 0x0E, 0xD0, 0x06, 0xEB, 0xD0, 0x3A, 0x05, 0x93, 0x3A, 0xD0, 0x34, 0x69, 0x1B,
    0x70, 0xE2, 0x64, 0x03, 0x2D, 0x04, 0x58, 0x81, 0x15, 0x48, 0xC6, 0xB9, 0x37, 0x98, 0xC4, 0x89,
    0x81, 0xE9, 0x26, 0x65, 0x87, 0x0E, 0x44, 0xC0, 0x72, 0xA4, 0xC0, 0x94, 0x71, 0x0B, 0xDB, 0x9B,
    0x1C, 0x65, 0x53, 0x10, 0xE7, 0xAE, 0xC8, 0xF2, 0xFB, 0xBE, 0x62, 0x4F, 0x6F, 0xDF, 0xEC, 0xBF,
    0xDB, 0xDB, 0xD5, 0x5D, 0x6D, 0xD7, 0xE7, 0xDB, 0x4D, 0x56, 0xBD, 0x22, 0x6B, 0xAB, 0x1E, 0x5F,
    0xD5, 0x30, 0xFC, 0x11, 0x10, 0x5A, 0x00, 0x7B, 0xC9, 0x79, 0x01, 0x24, 0x8D, 0x1C, 0x68, 0x71,
    0x48, 0xB5, 0x73, 0xAD, 0x73, 0xAE, 0x73, 0xA2, 0x2C, 0xF6, 0xAC, 0xEC, 0xB6, 0xDB, 0x4A, 0xCA,
    0x34, 0xCC, 0xFC, 0xFD, 0xBC, 0x3C, 0x6F, 0xB7, 0xF7, 0x69, 0x93, 0x39, 0xA8, 0xDE, 0x46, 0xD4,
    0x9F, 0x4B, 0xDE, 0x23, 0xEA, 0xCE, 0xC1, 0xF4, 0x9B, 0x6A, 0xBB, 0x66, 0x05, 0x90, 0xAD, 0xB2,
    0x01, 0x52, 0xC9, 0x2F, 0xE4, 0x4F, 0xD6, 0x85, 0xD0, 0xB9, 0x51, 0xE9, 0x84, 0xBF, 0x42, 0xDD,
    0xF0, 0x6C, 0xDA, 0x91, 0x71, 0x4F, 0x46, 0xCF, 0x60, 0xAC, 0x4C, 0x5B, 0xE1, 0xBA, 0x64, 0x2D,
    0xB1, 0x40, 0x8E, 0x90, 0xF4, 0xD5, 0x42, 0xF0, 0x6D, 0x20, 0xB0, 0x40, 0x34, 0x00, 0x49, 0x0B,
    0x64, 0x72, 0xEC, 0x77, 0x4F, 0x7A, 0xA5, 0x39, 0xB9, 0xDB, 0xD7, 0x9C, 0x7D, 0xBA, 0xE5, 0xE6,
    0x02, 0xC6, 0xB9, 0x3E, 0x70, 0x8F, 0x2F, 0xDA, 0x78, 0x42, 0x50, 0xA5, 0x3D, 0x87, 0x48, 0x23,
    0x30, 0x85, 0xA0, 0x64, 0xB1, 0x3D, 0x31, 0xC1, 0x77, 0xEC, 0x8F, 0xE0, 0x9C, 0xB3, 0x1E, 0x3C,
    0x46, 0x2C, 0x45, 0x6A, 0xC2, 0x28, 0x68, 0x20, 0xEB, 0x04, 0xC9, 0x28, 0x88, 0xDC, 0x83, 0xBB,
    0xDA, 0xFB, 0x2D, 0x12, 0xE7, 0x2A, 0xE0, 0xAD, 0x02, 0x9A, 0xCE, 0xDC, 0xFD, 0x48, 0x0C, 0xA5,
    0xF3, 0xC3, 0x31, 0x6B, 0xF0, 0x36, 0x9B, 0x34, 0x58, 0x72, 0xE1, 0xAF, 0x23, 0x1D, 0x80, 0x98,
    0x75, 0xDC, 0x15, 0x90, 0xF1, 0x4B, 0xDD, 0xCB, 0x11, 0xCB, 0x96, 0x97, 0x86, 0x37, 0x4B, 0xDE,
    0xFD, 0x3F, 0x04, 0xB6, 0x7C, 0x70, 0x6F, 0x28, 0xA5, 0xA5, 0xCC, 0xCD, 0xDA, 0xD3, 0x97, 0xF6,
    0xE9, 0x09, 0xC0, 0xEF, 0x65, 0x30, 0x79, 0x21, 0x9F, 0xDF, 0xFA, 0x0A, 0x7C, 0x0A, 0x7B, 0x44,
    0xAF, 0xE3, 0xC3, 0x09, 0x96, 0xBE, 0xBE, 0x4F, 0x5E, 0xAD, 0x6B, 0xD4, 0x33, 0xEA, 0x01, 0x6F,
    0x41, 0xC7, 0xE3, 0x2C, 0x82, 0xEC, 0xD3, 0x5A, 0x60, 0xF3, 0x3C, 0xCD, 0x0F, 0x8A, 0x6B, 0x2D,
    0xB7, 0x77, 0xBC, 0x3A, 0x57, 0xC0, 0xA8, 0xF6, 0xD4, 0x0D, 0xDE, 0xB5, 0x5E, 0x31, 0x2D, 0xBA,
    0x5F, 0xB4, 0xC4, 0x4A, 0xD5, 0x5C, 0xEB, 0xF9, 0x72, 0xFC, 0x72, 0x29, 0x6F, 0xA9, 0x91, 0x7D,
    0x38, 0xD2, 0x7E, 0x3D, 0xB8, 0x5E, 0x94, 0x63, 0xB9, 0xA5, 0x5E, 0xE1, 0x6D, 0xF8, 0x74, 0xE9,
    0xFD, 0x10, 0x8B, 0xA7, 0x9F, 0x47, 0x27, 0xD1, 0x56, 0xD4, 0x69, 0xBA, 0xBF, 0xA8, 0xC5, 0xBC,
    0x5E, 0xDF, 0x7B, 0xF4, 0x2D, 0xB7, 0x94, 0x33, 0x8D, 0xD7, 0x74, 0xD1, 0xA4, 0x5D, 0xB4, 0x3B,
    0xFD, 0x9D, 0x2E, 0x9A, 0x2D, 0xE5, 0xCA, 0x8A, 0xFA, 0xF8, 0xA1, 0xB7, 0x43, 0x7F, 0x40, 0xE5,
    0xC4, 0xF9, 0xBC, 0x9E, 0xC5, 0x2A, 0x5D, 0x41, 0xCF, 0x52, 0x36, 0xBE, 0xED, 0x13, 0xCF, 0xF2,
    0x59, 0x89, 0x77, 0x74, 0xCA, 0x12, 0x93, 0xE4, 0x70, 0x10, 0x44, 0xAD, 0x20, 0x29, 0xF0, 0x44,
    0xBA, 0xE4, 0x48, 0xB0, 0x52, 0x10, 0x82, 0x49, 0x10, 0x8E, 0x82, 0xB8, 0x17, 0xA4, 0x8D, 0x20,
    0xAF, 0x04, 0x25, 0x04, 0x56, 0x40, 0x07, 0xE5, 0x5C, 0x4F, 0xB4, 0x44, 0xCF, 0x63, 0xA3, 0x00,
    0x13, 0x51, 0x13, 0x86, 0x35, 0x32, 0xD6, 0x4D, 0x68, 0x25, 0xA2, 0xBD, 0x40, 0xAB, 0xD7, 0x84,
    0xA9, 0x04, 0x72, 0xFA, 0x9D, 0x8A, 0xB7, 0xDF, 0x09, 0x68, 0x14, 0xB0, 0xC4, 0x8A, 0x48, 0x4F,
    0xAF, 0x4F, 0x2A, 0xD3, 0x35, 0x12, 0x09, 0x91, 0x11, 0x86, 0xD8, 0x09, 0x82, 0x51, 0x10, 0xF5,
    0x82, 0xA4, 0x15, 0xA4, 0x95, 0xC0, 0x40, 0x70, 0x4E, 0x58, 0x41, 0xD4, 0x0B, 0xE2, 0x4E, 0x90,
    0x36, 0x82, 0x1C, 0x82, 0x0D, 0x61, 0x05, 0xF3, 0x20, 0x70, 0x1D, 0xD1, 0x10, 0x05, 0xF1, 0x84,
    0x5B, 0xCC, 0x0A, 0x23, 0x4C, 0x9B, 0x8D, 0x30, 0x76, 0x3C, 0x1A, 0xB0, 0xF4, 0x31, 0x1D, 0x1E,
    0xA3, 0xDE, 0x53, 0xE5, 0x15, 0x7F, 0xA7, 0x34, 0x85, 0xA4, 0x63, 0x5F, 0xAA, 0x0B, 0xE0, 0x97,
    0x98, 0x8D, 0xE8, 0xD8, 0xDC, 0xF3, 0xF6, 0x59, 0x98, 0x4E, 0xAD, 0xF2, 0xF6, 0x77, 0x42, 0x1D,
    0x7C, 0x88, 0x7E, 0x39, 0x0A, 0xC3, 0x4F, 0x7A, 0x21, 0x7C, 0x5B, 0x75, 0x4B, 0x9A, 0x46, 0x59,
    0x90, 0x35, 0x11, 0x4C, 0x2C, 0x78, 0x31, 0xEA, 0xA5, 0x75, 0x4A, 0x3D, 0x79, 0x87, 0xB8, 0xA4,
    0xFF, 0x62, 0xBF, 0xBD, 0x69, 0xC8, 0x53, 0xE0, 0x61, 0xEF, 0x24, 0x79, 0x20, 0x18, 0x81, 0xA7,
    0xC2, 0x5F, 0x97, 0x81, 0xB2, 0x22, 0xEB, 0x86, 0x74, 0x2D, 0x4B, 0xFC, 0x5A, 0x47, 0xC2, 0xFF,
    0xF4, 0xE4, 0x2F, 0x06, 0x21, 0xA7, 0xE0, 0xA1, 0x67, 0xB2, 0x6A, 0x23, 0xCC, 0x59, 0x79, 0xE9,
    0xB7, 0x9D, 0xEF, 0x64, 0x32, 0xE0, 0x83, 0x1D, 0xA1, 0x36, 0x1E, 0x7D, 0xBC, 0x7D, 0x38, 0xB0,
    0xAB, 0x83, 0x71, 0x29, 0x90, 0x09, 0xF7, 0x5A, 0xC5, 0xF8, 0xEA, 0xC5, 0x46, 0x0D, 0x7A, 0xE3,
    0xB5, 0x73, 0x83, 0x5B, 0xF2, 0x33, 0xE3, 0x87, 0x75, 0x01, 0x27, 0x53, 0x9C, 0xCD, 0x4C, 0xB8,
    0x37, 0x4E, 0x08, 0xED, 0x24, 0x87, 0x25, 0x6F, 0x24, 0x97, 0xCC, 0x3B, 0x69, 0x44, 0xF2, 0xB4,
    0x43, 0x6C, 0xF7, 0xDB, 0xBA, 0x17, 0xBB, 0x62, 0x7B, 0x44, 0xED, 0xFE, 0x1B, 0x60, 0x45, 0xC2,
    0x72, 0x76, 0xCD, 0xC7, 0x89, 0x70, 0x8A, 0xBD, 0x9F, 0x26, 0x6E, 0x5B, 0x6B, 0xE1, 0x82, 0x18,
    0x78, 0x4C, 0x6B, 0x98, 0x42, 0x90, 0xFB, 0xA9, 0x73, 0x40, 0x4E, 0x18, 0x1E, 0x73, 0x98, 0xB7,
    0x17, 0x93, 0xAF, 0xC1, 0x4B, 0x7D, 0xF3, 0x11, 0x43, 0x2C, 0x96, 0x2B, 0x65, 0x83, 0xC4, 0xB3,
    0x41, 0xFA, 0x4C, 0x3E, 0xFB, 0x53, 0x1D, 0x99, 0x15, 0x64, 0xAE, 0x34, 0x38, 0x72, 0xA7, 0xB4,
    0x64, 0x34, 0x92, 0xDF, 0xF9, 0x78, 0xBB, 0xBD, 0x78, 0x5C, 0x3B, 0x26, 0xCF, 0x4B, 0x1D, 0x54,
    0xCF, 0xE2, 0xDB, 0xE4, 0x5B, 0x6F, 0x3A, 0xB6, 0x34, 0xF0, 0x77, 0x90, 0x55, 0x90, 0x4F, 0x5E,
    0xA5, 0x2D, 0xB5, 0x44, 0xD4, 0x53, 0xE9, 0xA9, 0x44, 0xC3, 0x11, 0x98, 0x44, 0xE3, 0x1E, 0x30,
    0xA2, 0x69, 0x03, 0x61, 0x56, 0xD1, 0x71, 0xA4, 0x6D, 0x56, 0x95, 0xE0, 0x9C, 0xF2, 0xC3, 0x93,
    0x03, 0x5B, 0x27, 0x8E, 0x68, 0x2F, 0x12, 0x2E, 0xBF, 0x79, 0x7E, 0xC2, 0xB1, 0x7C, 0x2E, 0x4D,
    0x9A, 0xEA, 0x68, 0x6F, 0x16, 0x4D, 0x7A, 0x04, 0x56, 0x34, 0x1A, 0x11, 0x0D, 0xA2, 0xEA, 0x8F,
    0xA8, 0x35, 0xB2, 0x86, 0x6A, 0x0A, 0x53, 0x50, 0xB3, 0xA6, 0x06, 0x55, 0xCE, 0x32, 0x25, 0x0C,
    0x1E, 0x4A, 0x0E, 0x58, 0xF3, 0x63, 0xF1, 0x2C, 0x12, 0xA9, 0xDB, 0xD3, 0xB0, 0x6E, 0x77, 0xF8,
    0x19, 0xF0, 0x44, 0x2C, 0xCD, 0x6C, 0x5D, 0x83, 0xD0, 0x4D, 0x10, 0x78, 0x2F, 0xA4, 0x35, 0x66,
    0xC2, 0x28, 0x8A, 0x03, 0xF4, 0x67, 0x89, 0x82, 0x63, 0x7A, 0xBF, 0x3E, 0xB3, 0xA8, 0x59, 0xE3,
    0x8C, 0x03, 0x16, 0x5F, 0xFD, 0xA2, 0x7D, 0x3D, 0x8D, 0x00, 0x86, 0xCF, 0xC9, 0xDC, 0xF5, 0x3E,
    0xCC, 0xFC, 0xE2, 0x1F, 0x43, 0x5F, 0xD8, 0xE3, 0xD9, 0x2F, 0x73, 0xB2, 0x27, 0x59, 0xC0, 0x3C,
    0x8D, 0xB9, 0x27, 0x4E, 0xF9, 0xA2, 0xCF, 0xEA, 0x09, 0x9E, 0x2B, 0x2F, 0x95, 0x96, 0x7C, 0x38,
    0x92, 0xAE, 0x57, 0xB6, 0xA4, 0x0F, 0x13, 0xEB, 0x4A, 0x67, 0x45, 0x03, 0x44, 0x3A, 0xD6, 0x62,
    0xBD, 0xC5, 0xC4, 0xB1, 0xFB, 0xD2, 0xDA, 0x4A, 0xAD, 0xCC, 0x58, 0x5A, 0x30, 0x56, 0x6C, 0xDE,
    0x36, 0x96, 0x66, 0x0D, 0xFB, 0x7A, 0x34, 0x36, 0xAB, 0x82, 0xC1, 0x48, 0xE7, 0x87, 0xBD, 0xB1,
    0x49, 0x1B, 0x75, 0xC6, 0x46, 0x5D, 0xD2, 0x08, 0xFB, 0x54, 0x18, 0x0C, 0x59, 0x61, 0x2C, 0xA4,
    0xAC, 0xF0, 0x72, 0x45, 0x6E, 0xCE, 0x49, 0xFF, 0xC9, 0x47, 0x32, 0xED, 0x8F, 0x8C, 0x5B, 0x75,
    0x2F, 0xC1, 0x60, 0x05, 0xE3, 0xCB, 0xC2, 0xC9, 0xD3, 0x72, 0x74, 0x92, 0x3C, 0x78, 0xEC, 0x15,
    0x00, 0x9F, 0x62, 0xC7, 0x6F, 0x25, 0x3D, 0x71, 0xE8, 0x7E, 0x5C, 0xF7, 0x88, 0x47, 0xC4, 0x3E,
    0xC6, 0x98, 0x35, 0x14, 0x29, 0xFD, 0x23, 0x4F, 0xBD, 0x44, 0xD6, 0xEC, 0x85, 0x69, 0x33, 0x29,
    0x2D, 0xD9, 0xDE, 0xE4, 0x44, 0x2E, 0x25, 0x7D, 0x2D, 0x23, 0xCC, 0xBD, 0x7F, 0x59, 0x2C, 0x27,
    0x03, 0xBD, 0x42, 0xE8, 0x1E, 0x9C, 0xF5, 0x7E, 0x6D, 0x0A, 0x24, 0x5C, 0x8F, 0xF9, 0x49, 0x5C,
    0xFB, 0x50, 0xE0, 0x00, 0xCE, 0x99, 0xDF, 0x08, 0x6A, 0xA7, 0x8B, 0xD1, 0xCA, 0x37, 0x9A, 0x8C,
    0x16, 0xA1, 0xE5, 0x9C, 0x91, 0xBC, 0x63, 0x5E, 0xBE, 0x5B, 0x7F, 0x3C, 0xE3, 0xD5, 0xB5, 0x5C,
    0x2A, 0xB9, 0xED, 0xFD, 0xCF, 0xB0, 0x48, 0x0E, 0x3F, 0xEB, 0x22, 0x59, 0x61, 0x8F, 0xF8, 0x1C,
    0x8B, 0x64, 0xED, 0xD9, 0x23, 0xD4, 0xD8, 0x9B, 0xC7, 0x97, 0x34, 0xC0, 0x3D, 0xA6, 0xA8, 0xBF,
    0x29, 0xB7, 0xDC, 0x61, 0x6A, 0xE8, 0xDC, 0xF8, 0xFE, 0xAF, 0xEA, 0x1E, 0xC9, 0x10, 0xF5, 0x31,
    0x5D, 0x9F, 0x14, 0xE1, 0xF4, 0x10, 0xE1, 0xFC, 0x10, 0x31, 0x5E, 0xF2, 0xA2, 0x3C, 0x11, 0xF3,
    0x84, 0x98, 0x43, 0x85, 0xAC, 0x65, 0xF5, 0x83, 0x31, 0x6F, 0xFA, 0xD0, 0x90, 0x36, 0xFB, 0xAC,
    0x4B, 0x42, 0xC0, 0xCB, 0x36, 0xA2, 0x43, 0xC6, 0x05, 0x5A, 0xDA, 0x22, 0xA1, 0x2D, 0xC6, 0x04,
    0x3C, 0x3C, 0x61, 0x07, 0x94, 0x01, 0xE3, 0xBA, 0xBF, 0xEC, 0x81, 0xF4, 0x5F, 0x5A, 0xDE, 0x6F,
    0xC3, 0x21, 0x77, 0x78, 0x9E, 0xEA, 0xB7, 0xC8, 0x55, 0xCB, 0xD9, 0x8C, 0xE5, 0x8C, 0xD4, 0x96,
    0x9A, 0x13, 0xBD, 0x82, 0xBF, 0xEE, 0x2A, 0xE1, 0x96, 0x94, 0x2E, 0x1D, 0x4D, 0x81, 0x68, 0xD8,
    0xF3, 0xD1, 0xA5, 0xCB, 0x01, 0x70, 0xA2, 0x7C, 0x11, 0xE4, 0x1A, 0xE1, 0xE3, 0xCA, 0x31, 0xB5,
    0x9E, 0x90, 0x94, 0x3C, 0x97, 0x41, 0x71, 0x2E, 0x5F, 0x39, 0x6E, 0xD2, 0x17, 0x60, 0x73, 0x0D,
    0xA3, 0xE0, 0x72, 0x3D, 0x9B, 0x1F, 0xBA, 0xC6, 0x87, 0xA7, 0xF5, 0xFC, 0xF5, 0x06, 0x3C, 0xF1,
    0xB2, 0xB8, 0xD4, 0xE7, 0x52, 0xEE, 0x77, 0x2E, 0x60, 0x8A, 0x2F, 0xAB, 0xCA, 0xB3, 0x44, 0x3E,
    0x75, 0xE1, 0x7C, 0xBA, 0xD6, 0x4B, 0xF8, 0x4D, 0x18, 0x7A, 0xBD, 0x2F, 0xB3, 0xCE, 0x7A, 0xFD,
    0xEE, 0x03, 0xE7, 0x93, 0x3D, 0x28, 0x7C, 0x7A, 0x59, 0xBD, 0x53, 0x6B, 0xA4, 0x56, 0xBB, 0xE6,
    0x9A, 0x48, 0x5F, 0x86, 0x8F, 0xBF, 0x47, 0x32, 0x90, 0x20, 0x2D, 0x8F, 0xDF, 0x72, 0x24, 0x4C,
    0x45, 0x66, 0x2F, 0xD8, 0x86, 0x23, 0x6B, 0xDA, 0xB9, 0x98, 0xD4, 0xC2, 0x40, 0xCE, 0x05, 0x2E,
    0xB1, 0xAC, 0xBD, 0x11, 0x7D, 0x06, 0xCE, 0xDB, 0x3B, 0x42, 0x3E, 0x91, 0x48, 0x27, 0xAE, 0x61,
    0x42, 0x36, 0xF0, 0x6C, 0x68, 0x49, 0x78, 0xEE, 0x6E, 0x70, 0x22, 0x03, 0x4B, 0xC6, 0x23, 0xED,
    0xD4, 0xBD, 0x5A, 0xA8, 0xC8, 0x0F, 0xC5, 0x1A, 0xAF, 0x67, 0xF7, 0x82, 0xBC, 0x97, 0xD6, 0x6B,
    0xB9, 0x78, 0x46, 0xE4, 0x3B, 0x69, 0x77, 0x27, 0xAD, 0xFA, 0x05, 0x2D, 0x76, 0x92, 0xF7, 0x5E,
    0xF9, 0x3B, 0x90, 0xE3, 0xF1, 0xB8, 0x2C, 0x72, 0xAB, 0x5A, 0x5A, 0xD0, 0x74, 0xEB, 0xB8, 0x70,
    0x78, 0x74, 0x61, 0xF1, 0xF6, 0xE2, 0xB6, 0xCA, 0x4A, 0x90, 0xB5, 0xEA, 0xFC, 0x05, 0x71, 0x2F,
    0x88, 0x06, 0x0F, 0x86, 0x42, 0x5C, 0xE3, 0x78, 0xE8, 0x1E, 0xD5, 0x01, 0x51, 0xAF, 0x38, 0x54,
    0x4B, 0x1B, 0x81, 0xD1, 0xE0, 0x0F, 0x1B, 0x2E, 0x1C, 0xB4, 0xA1, 0xDC, 0x2F, 0x1C, 0x8A, 0x93,
    0x28, 0xFD, 0x5D, 0x5E, 0x90, 0x05, 0x97, 0xC1, 0xD4, 0xD8, 0xFD, 0x8D, 0x6B, 0xA0, 0x31, 0x5B,
    0xD6, 0xFB, 0xE8, 0x57, 0x23, 0xDE, 0x12, 0x3E, 0xE8, 0xE5, 0xBD, 0x4F, 0xE0, 0x37, 0x8D, 0xB1,
    0x03, 0xAA, 0x11, 0x1D, 0x55, 0xDD, 0xC3, 0x45, 0x9D, 0x6A, 0x71, 0x50, 0x1B, 0x8E, 0x27, 0xE5,
    0x96, 0x7A, 0x47, 0x3B, 0x98, 0x44, 0xE7, 0x63, 0x3B, 0xD7, 0xED, 0x66, 0x1D, 0xD2, 0x5E, 0x34,
    0x9E, 0xD7, 0x75, 0x23, 0xCA, 0x5B, 0x87, 0x28, 0x72, 0x0E, 0x1F, 0xA6, 0xB7, 0x89, 0x5B, 0x1C,
    0xC7, 0x0C, 0xAD, 0x22, 0x27, 0x48, 0x07, 0x2E, 0x2B, 0x1B, 0x41, 0x5E, 0x11, 0xC5, 0x35, 0xAA,
    0xC3, 0x89, 0xB4, 0x17, 0x44, 0xF3, 0xFA, 0x5E, 0x03, 0xD6, 0x40, 0x46, 0xA4, 0x8F, 0xE4, 0x67,
    0xDE, 0xE8, 0x42, 0x5A, 0x30, 0x0B, 0x02, 0xCB, 0x72, 0xB4, 0x97, 0x74, 0x87, 0xBA, 0x86, 0xA6,
    0xF6, 0x87, 0x69, 0x11, 0xB8, 0x99, 0x83, 0xB9, 0x4D, 0x1E, 0xDD, 0xEB, 0x01, 0xDE, 0xA8, 0xDE,
    0xA4, 0xD5, 0xFC, 0x4E, 0x6D, 0x43, 0xDD, 0xA2, 0x5F, 0x5B, 0xAE, 0x23, 0xB8, 0xF0, 0xD8, 0x20,
    0x90, 0x1C, 0xCA, 0xF7, 0x58, 0x8E, 0xE5, 0x36, 0x73, 0xF6, 0x32, 0x76, 0xDD, 0x77, 0x97, 0x90,
    0xFD, 0x5B, 0x92, 0x6B, 0x5D, 0x43, 0x08, 0xEA, 0x8F, 0xEF, 0x20, 0x98, 0xAF, 0xFF, 0x6B, 0xD5,
    0xDD, 0xEA, 0x00, 0xC1, 0x1A, 0xC8, 0x33, 0x0E, 0x9E, 0xDA, 0x59, 0x98, 0x21, 0x70, 0x30, 0x0D,
    0xD7, 0xA8, 0x95, 0x8F, 0x40, 0xD3, 0x23, 0x5A, 0xC5, 0xF1, 0x58, 0x5E, 0x48, 0x91, 0x94, 0x85,
    0x93, 0x8E, 0x4F, 0xC0, 0xE9, 0xD6, 0x04, 0xE8, 0x64, 0xCC, 0x5D, 0xE5, 0x83, 0x05, 0xE3, 0xAE,
    0x24, 0xBB, 0xD6, 0x6C, 0x2F, 0x7A, 0x83, 0x68, 0x34, 0x08, 0x96, 0x1C, 0x0D, 0x72, 0xAC, 0x35,
    0x6E, 0xE6, 0xF9, 0xCE, 0x20, 0x96, 0x63, 0xB0, 0x92, 0x27, 0xAF, 0x81, 0x35, 0xEB, 0xB3, 0x91,
    0xE7, 0x96, 0x32, 0xFC, 0x6C, 0xB7, 0x06, 0x78, 0xF9, 0x0F, 0xAB, 0x35, 0x1E, 0xD2, 0x58, 0x83,
    0x15, 0x92, 0x27, 0x71, 0xFB, 0x1A, 0xE7, 0xC4, 0x77, 0x89, 0x4B, 0xC2, 0x12, 0xA3, 0x20, 0x1C,
    0x04, 0x51, 0x2F, 0xB8, 0xF7, 0x48, 0x36, 0xB1, 0x6B, 0x27, 0x49, 0x71, 0x49, 0xE3, 0x9F, 0xC2,
    0x9F, 0x0A, 0x7E, 0x07, 0x4C, 0xF9, 0xCC, 0xD1, 0xD5, 0xC6, 0x57, 0xEF, 0x0E, 0x69, 0x1B, 0xD8,
    0xBC, 0xD2, 0x9B, 0xDA, 0x48, 0x2E, 0x4B, 0x71, 0xBB, 0x0C, 0x59, 0x44, 0xB7, 0x1B, 0xD6, 0x5A,
    0xB2, 0xEE, 0x42, 0x70, 0x5D, 0x35, 0x05, 0x97, 0x52, 0xD7, 0x22, 0xE7, 0x6C, 0xFA, 0x06, 0x0C,
    0x42, 0x46, 0x42, 0x19, 0x43, 0xA0, 0x8D, 0x0F, 0x5B, 0xB8, 0xDA, 0x8D, 0x7A, 0xB9, 0xB4, 0x40,
    0x7C, 0x4E, 0xDC, 0xA9, 0x33, 0xE2, 0x00, 0x32, 0x51, 0xCF, 0xB0, 0x2F, 0xFB, 0xFE, 0xAF, 0x18,
    0x36, 0x26, 0x34, 0xA2, 0xCE, 0x71, 0x82, 0x06, 0x36, 0xA5, 0x48, 0x19, 0xF5, 0x6C, 0xC8, 0x6A,
    0x0C, 0x14, 0x8E, 0xB4, 0x83, 0x98, 0xC6, 0x46, 0xA4, 0xBC, 0xCF, 0xE9, 0x10, 0x6B, 0x2D, 0xF1,
    0x0C, 0xC0, 0x69, 0x3D, 0x70, 0xD2, 0x63, 0xF5, 0xC7, 0x75, 0x05, 0x0D, 0x2F, 0x53, 0x9F, 0xE5,
    0x7C, 0xB8, 0x9D, 0x11, 0xCB, 0xF9, 0xC8, 0xCD, 0x4B, 0x24, 0xCE, 0x08, 0x22, 0xEE, 0x7C, 0x4E,
    0xDB, 0x2B, 0x94, 0x0D, 0x9F, 0x8B, 0x25, 0x67, 0xEF, 0x5A, 0x1F, 0xEE, 0xF3, 0x0A, 0xA1, 0x5B,
    0x21, 0x92, 0x9C, 0x48, 0xCE, 0xCA, 0x15, 0x8C, 0x59, 0xE1, 0xBB, 0x92, 0x47, 0xB3, 0x0A, 0x7B,
    0xB3, 0x8A, 0x5B, 0xB3, 0x92, 0x11, 0xB6, 0xCA, 0x0A, 0xB3, 0x92, 0x93, 0xAB, 0x4B, 0x29, 0x30,
    0x4A, 0xEE, 0x25, 0xB7, 0x92, 0x1B, 0x98, 0xE0, 0x87, 0xE1, 0xFD, 0xB0, 0x8F, 0x5B, 0x4C, 0x59,
    0x83, 0xD2, 0x01, 0x5F, 0x59, 0x7C, 0x21, 0x5E, 0x5F, 0x1B, 0x2B, 0x3F, 0x4C, 0x7B, 0x83, 0xA4,
    0xE5, 0xFE, 0x8E, 0x01, 0xFF, 0x4D, 0xD2, 0xB8, 0x14, 0x7C, 0x4F, 0x0A, 0x3A, 0x29, 0xC8, 0x79,
    0x13, 0x0D, 0x72, 0xCC, 0xC2, 0x60, 0xCF, 0x12, 0x85, 0xD1, 0x79, 0x93, 0x74, 0x3A, 0xC4, 0x11,
    0xA8, 0xC7, 0xAC, 0x3C, 0x36, 0xDB, 0x8B, 0x0A, 0x97, 0x48, 0x6F, 0xC0, 0x9E, 0x62, 0xBC, 0xC6,
    0x20, 0x08, 0x88, 0xA8, 0x17, 0xFC, 0x80, 0x70, 0x2D, 0x51, 0x08, 0x70, 0x08, 0xDD, 0xCB, 0xCA,
    0xB4, 0x40, 0xDD, 0x98, 0x1E, 0x70, 0x64, 0xE8, 0x9A, 0xD5, 0x88, 0xE8, 0xA3, 0x46, 0x6E, 0x2C,
    0xFE, 0xF7, 0x66, 0x75, 0x8E, 0xF4, 0xA7, 0xCD, 0xCA, 0x20, 0xFB, 0x7A, 0x23, 0xB7, 0x9C, 0xA7,
    0xCD, 0x2A, 0xAD, 0x56, 0xC2, 0xA4, 0xB9, 0x14, 0x46, 0xDD, 0x48, 0xFE, 0x72, 0x10, 0x06, 0xBF,
    0xEE, 0x85, 0x70, 0x2D, 0x59, 0x37, 0xA4, 0xA9, 0xC8, 0x1C, 0x24, 0x36, 0xE6, 0x59, 0x79, 0xBD,
    0xDE, 0x1B, 0xE7, 0x66, 0x66, 0xFE, 0x7E, 0x5E, 0x86, 0xA6, 0xDC, 0x15, 0x9C, 0x26, 0x3D, 0xE2,
    0xAB, 0xF7, 0x74, 0xF5, 0x52, 0x73, 0xC4, 0xB1, 0x03, 0xB5, 0xB7, 0xB9, 0x0C, 0x3E, 0x8D, 0x31,
    0x4B, 0xC2, 0x2C, 0xC8, 0x1A, 0x2D, 0xCC, 0x6A, 0x62, 0x40, 0x3C, 0x4F, 0xF0, 0x69, 0xCF, 0xE3,
    0x26, 0xCD, 0xDB, 0x2D, 0x27, 0xDF, 0xEE, 0x55, 0x33, 0x98, 0x6E, 0x27, 0x62, 0xF6, 0x76, 0xE9,
    0x7A, 0x98, 0xAB, 0xBB, 0x16, 0xA6, 0xC5, 0x0C, 0x53, 0xF9, 0x45, 0xBE, 0x5E, 0x70, 0xEE, 0xAF,
    0xFA, 0x26, 0x78, 0x82, 0x45, 0xB4, 0x70, 0xC3, 0x6A, 0x63, 0x6C, 0xB1, 0xAA, 0xC5, 0xD4, 0x2A,
    0x13, 0xA3, 0x46, 0xAF, 0x15, 0x78, 0x11, 0x96, 0x1E, 0xBB, 0xCF, 0x0E, 0x8B, 0xA7, 0x6F, 0xB6,
    0xF4, 0x15, 0x79, 0x73, 0xF4, 0x1F, 0x9B, 0xD3, 0x7C, 0xEA, 0x57, 0x5A, 0x20, 0xB9, 0x92, 0x39,
    0xE3, 0xF7, 0xFC, 0xE4, 0xD7, 0x1D, 0x8E, 0x47, 0x5B, 0x4B, 0x7E, 0xFF, 0xE2, 0xF1, 0x07, 0xF4,
    0x76, 0xAF, 0x9A, 0x77, 0xBC, 0xCF, 0xCD, 0xE1, 0x3E, 0x45, 0xB0, 0xA1, 0x8F, 0x98, 0xFC, 0x1E,
    0x59, 0xDC, 0x05, 0x23, 0xD4, 0xCB, 0x84, 0x83, 0x00, 0x23, 0xDD, 0x83, 0xA5, 0xEF, 0x38, 0xCF,
    0x2A, 0xC0, 0xE8, 0x32, 0x55, 0x57, 0xA9, 0x7B, 0xC2, 0x0A, 0x62, 0x22, 0xBA, 0x8E, 0x44, 0xE2,
    0xEB, 0x20, 0x24, 0x23, 0x4A, 0xA9, 0xF0, 0x1D, 0xFA, 0x9A, 0xDA, 0xF2, 0x57, 0x0B, 0xA6, 0xB7,
    0x94, 0x69, 0xF5, 0x62, 0xAA, 0x8D, 0x44, 0x83, 0x97, 0xDA, 0xA9, 0xDF, 0xBA, 0xF7, 0xF3, 0x09,
    0xC9, 0x90, 0x56, 0x75, 0x91, 0x35, 0x69, 0x95, 0x37, 0x32, 0xA2, 0x2A, 0x3E, 0xE3, 0x52, 0x59,
    0xCB, 0x95, 0xC2, 0xB8, 0xDF, 0x08, 0xA3, 0x85, 0xA5, 0xD2, 0xF0, 0x78, 0xE7, 0x4B, 0xE6, 0x52,
    0x4B, 0x6A, 0x76, 0x69, 0x55, 0x56, 0xD1, 0x94, 0xFE, 0xD5, 0x0C, 0xF8, 0x90, 0x2A, 0xE3, 0x9F,
    0x40, 0x81, 0xB3, 0x9F, 0xBD, 0xEC, 0xB5, 0x91, 0x86, 0x1F, 0xED, 0xBE, 0xA4, 0x0B, 0x97, 0x9E,
    0x0B, 0xAC, 0x2E, 0xEC, 0x73, 0x9E, 0xAE, 0x0F, 0xBD, 0x94, 0x8C, 0x07, 0x64, 0x93, 0xC0, 0x94,
    0x02, 0xFA, 0xC2, 0x70, 0x4C, 0x3A, 0x56, 0x1B, 0xC0, 0x07, 0x0F, 0xA4, 0xD2, 0x1E, 0x25, 0x07,
    0xE0, 0x8A, 0x2B, 0x13, 0x8E, 0xE7, 0xD7, 0x80, 0xF5, 0x7A, 0xBE, 0x63, 0xB8, 0x0F, 0xA2, 0x00,
    0x10, 0x3E, 0x05, 0xC1, 0x0F, 0x2D, 0x30, 0x4A, 0xB6, 0xCF, 0xCA, 0x35, 0x9F, 0xF1, 0x8F, 0x2F,
    0x6C, 0xE6, 0x9C, 0x0D, 0xEA, 0x0F, 0x9F, 0xB9, 0x03, 0xB4, 0x42, 0x30, 0xA8, 0x0B, 0x08, 0xDF,
    0xB0, 0x94, 0xEB, 0xF7, 0xAE, 0x24, 0x8C, 0x2B, 0x1D, 0xD3, 0x41, 0x56, 0x7A, 0xAE, 0x32, 0xBE,
    0xC8, 0x9B, 0x14, 0xB6, 0x7E, 0xF6, 0x33, 0xE3, 0x98, 0xE6, 0x45, 0xA0, 0x69, 0xF5, 0x1C, 0xF9,
    0xED, 0xD2, 0x71, 0x34, 0x13, 0xEF, 0xD7, 0x02, 0xE4, 0x9F, 0xC2, 0x83, 0x42, 0xE0, 0x5C, 0x41,
    0x30, 0x94, 0x78, 0x77, 0x14, 0x04, 0x56, 0x00, 0xC5, 0x74, 0xF8, 0x16, 0x0A, 0x1E, 0x9C, 0x0D,
    0x2C, 0xD7, 0x0A, 0x26, 0x6D, 0x21, 0x2B, 0xCC, 0xF3, 0xB9, 0x2E, 0x48, 0x37, 0x2B, 0x5D, 0x2B,
    0x44, 0xD6, 0x93, 0xD1, 0x40, 0x86, 0x23, 0x19, 0x28, 0xC3, 0x81, 0x8C, 0x7B, 0xD6, 0xAA, 0x3B,
    0x2D, 0x5F, 0x91, 0xA3, 0xD4, 0x65, 0x5B, 0xE6, 0x69, 0x79, 0x0D, 0xD0, 0x3A, 0x6D, 0xD3, 0x32,
    0xED, 0x1E, 0x83, 0xC8, 0xD0, 0x3F, 0xA1, 0xD7, 0x17, 0x1D, 0x6D, 0x31, 0xD8, 0xF4, 0x6E, 0xB2,
    0x05, 0x23, 0x8E, 0xDF, 0xFF, 0xA6, 0x5B, 0x16, 0x2F, 0xE9, 0x75, 0x64, 0xF2, 0xD6, 0xFA, 0x6E,
    0x9F, 0x3A, 0xA7, 0x99, 0x2E, 0x86, 0xC7, 0x78, 0x8E, 0x65, 0x58, 0xF6, 0xC7, 0xB7, 0x1C, 0x18,
    0x08, 0x97, 0x74, 0x93, 0xDF, 0x38, 0xC6, 0x14, 0x81, 0xD8, 0x33, 0x90, 0x5A, 0x42, 0xF3, 0x6F,
    0x65, 0x63, 0xB0, 0xD7, 0x67, 0xBC, 0x65, 0xFB, 0xC1, 0xC8, 0xAB, 0xE1, 0xF2, 0xC9, 0x9A, 0xF7,
    0x94, 0xAE, 0x3F, 0x32, 0x1A, 0xC8, 0x90, 0x5C, 0x4A, 0xB2, 0xD6, 0x40, 0x0B, 0x71, 0x2F, 0xD6,
    0xDA, 0xB3, 0x46, 0x2D, 0xB3, 0x87, 0xDC, 0x78, 0x70, 0x68, 0x67, 0x6E, 0x8A, 0x9D, 0x9B, 0xD2,
    0x8F, 0xB7, 0x53, 0xDE, 0x9C, 0x3E, 0x92, 0xF2, 0x0A, 0xBB, 0xF4, 0x6A, 0xBD, 0xE3, 0x79, 0xD4,
    0x92, 0x4B, 0xDD, 0x86, 0xDA, 0x85, 0x23, 0x76, 0x71, 0x2F, 0xE7, 0x58, 0x5E, 0xCA, 0x94, 0x9C,
    0xAD, 0xDF, 0xD6, 0x65, 0x93, 0xBF, 0x3D, 0xDE, 0x6A, 0x40, 0xD7, 0xFA, 0x67, 0x60, 0x7A, 0xDD,
    0xB1, 0xAA, 0x26, 0x9B, 0x34, 0xEA, 0xE1, 0xA9, 0xC0, 0x1B, 0x69, 0x27, 0xB8, 0x73, 0xB2, 0x4E,
    0x95, 0xBF, 0x49, 0xAA, 0xD3, 0x55, 0x9F, 0x7E, 0x3C, 0x41, 0xFC, 0xFF, 0x3B, 0xB2, 0xE7, 0xE9,
    0x26, 0x44, 0x9F, 0x70, 0x51, 0xEE, 0x8A, 0xBC, 0x89, 0xB8, 0x79, 0x1A, 0x79, 0xD7, 0xFA, 0xEA,
    0x00, 0x9E, 0x0A, 0xAE, 0x98, 0xDF, 0xA9, 0x9B, 0xE5, 0xFD, 0xA8, 0x94, 0xA3, 0xF1, 0x03, 0x84,
    0x76, 0x79, 0x93, 0x24, 0x07, 0xFE, 0x00, 0x9A, 0x5E, 0x75, 0x39, 0xB3, 0x0C, 0xEE, 0x93, 0x18,
    0xA0, 0x3A, 0xF6, 0x57, 0xB9, 0x5E, 0xEB, 0x0B, 0x44, 0xCC, 0x2F, 0x13, 0x03, 0x30, 0x85, 0x6E,
    0x42, 0xC6, 0xB9, 0xF3, 0xE0, 0x0C, 0x3B, 0xBF, 0x8E, 0xC7, 0x7E, 0x99, 0x35, 0xD9, 0x15, 0x10,
    0xB3, 0xE8, 0xD9, 0xC4, 0x82, 0x87, 0x17, 0xC1, 0x24, 0x27, 0xAA, 0xFF, 0x88, 0xB2, 0x62, 0x97,
    0xEB, 0x02, 0x7A, 0x0D, 0x7C, 0x8D, 0x0B, 0x87, 0x83, 0x5F, 0x12, 0x35, 0x2F, 0xFC, 0xF7, 0xB5,
    0xAF, 0xAD, 0x56, 0xC6, 0xDC, 0xBE, 0x0D, 0x4D, 0x51, 0xF7, 0xE2, 0x7F, 0xD2, 0x08, 0x4A, 0x7E,
    0x0E, 0xED, 0x1C, 0x7C, 0xA1, 0xF9, 0x1C, 0x9F, 0x15, 0xEF, 0xF9, 0xEF, 0x2C, 0xDC, 0x88, 0xBA,
    0x85, 0xF6, 0x21, 0xAE, 0x65, 0xB3, 0xAD, 0x29, 0x97, 0xC8, 0x9F, 0x2A, 0x74, 0xAF, 0xD6, 0x3B,
    0x58, 0x95, 0x8E, 0x42, 0x27, 0xEB, 0xDD, 0x2C, 0x85, 0x67, 0x06, 0x95, 0xC0, 0x4B, 0xD4, 0x8B,
    0x84, 0xE3, 0x0F, 0x7A, 0x3A, 0xDC, 0xDE, 0xB5, 0xEA, 0x72, 0xD5, 0x43, 0x5F, 0x3D, 0x71, 0x47,
    0xE7, 0x22, 0x9C, 0xEE, 0x2F, 0x29, 0x4E, 0xD2, 0x87, 0x5E, 0x5C, 0x21, 0x43, 0x6B, 0xDE, 0xD6,
    0xAD, 0x9E, 0x4B, 0x7A, 0x95, 0xE8, 0x69, 0xA2, 0xE7, 0xF6, 0x6B, 0x2D, 0x59, 0xB3, 0x1E, 0x65,
    0x78, 0xCA, 0x0C, 0x2B, 0xA0, 0xFB, 0xEC, 0x35, 0x71, 0x73, 0x86, 0xCD, 0xC7, 0x19, 0xD6, 0xBE,
    0xAE, 0x19, 0xF6, 0x4E, 0xE5, 0x1D, 0xD7, 0xE4, 0x7D, 0x56, 0xD4, 0x9E, 0xBC, 0x3F, 0xF5, 0xDA,
    0x56, 0x67, 0x7F, 0x0F, 0xA0, 0x5C, 0x42, 0xC3, 0xB8, 0x5D, 0x82, 0x97, 0x7F, 0x80, 0x4F, 0xAF,
    0x77, 0xC5, 0x0A, 0x0C, 0x51, 0xE7, 0xE3, 0x34, 0x18, 0x8E, 0xAD, 0x5B, 0xFF, 0x85, 0x63, 0xFA,
    0xE2, 0x43, 0x69, 0x1D, 0x74, 0xAF, 0xBC, 0x56, 0x5A, 0xAF, 0x75, 0xBD, 0xC5, 0xCC, 0xA6, 0x4E,
    0xB2, 0xDC, 0xBB, 0xAE, 0x85, 0xE4, 0x07, 0xB5, 0x42, 0xDC, 0x2F, 0xCA, 0xDF, 0x99, 0x6A, 0xC1,
    0xCB, 0x4A, 0x3A, 0x39, 0x98, 0x8A, 0xB6, 0xD9, 0x41, 0x97, 0xD7, 0xF1, 0xE4, 0x47, 0xD6, 0x51,
    0x5B, 0x98, 0x5E, 0x34, 0xE9, 0xA8, 0xFA, 0x3A, 0x47, 0xCD, 0x59, 0xC5, 0xDD, 0x8B, 0x11, 0x0C,
    0x32, 0x82, 0xD1, 0x8A, 0x06, 0x36, 0xEC, 0x27, 0x6C, 0x00, 0xCB, 0xE0, 0x9D, 0x9B, 0xA8, 0x71,
    0x6B, 0x60, 0x81, 0x32, 0x69, 0xF2, 0x3F, 0x1C, 0x01, 0x23, 0xB6, 0xFE, 0xA9, 0x07, 0xB2, 0xBF,
    0x2D, 0x92, 0x7F, 0x15, 0x4D, 0x3F, 0x42, 0xFC, 0x09, 0x63, 0x84, 0x19, 0x91, 0xFE, 0x9D, 0x9B,
    0x4B, 0xCA, 0x02, 0x1C, 0x23, 0xA8, 0x71, 0x9D, 0xCE, 0xD9, 0x99, 0x71, 0xBB, 0xA1, 0x24, 0x2D,
    0xA3, 0x43, 0x11, 0xA3, 0xD2, 0x18, 0xFF, 0xF2, 0x53, 0xEE, 0x25, 0xE3, 0xBC, 0xCF, 0xAA, 0xB4,
    0xD2, 0x60, 0x2B, 0x6D, 0xC4, 0x20, 0x47, 0xAB, 0xD8, 0x5F, 0xC9, 0xFD, 0xA6, 0x4E, 0x67, 0x61,
    0x76, 0xAF, 0xB0, 0x08, 0x86, 0x3C, 0xFD, 0xC9, 0x08, 0xD8, 0xDB, 0xC9, 0x3F, 0xF7, 0xC0, 0xEE,
    0x32, 0xFA, 0xCF, 0x0E, 0x30, 0x43, 0xC8, 0xEB, 0xC8, 0x7A, 0xB8, 0x42, 0x1D, 0xF8, 0x5E, 0x23,
    0x2E, 0x01, 0xF2, 0x23, 0xD7, 0xE5, 0x83, 0x6F, 0xE8, 0xDC, 0xB5, 0x07, 0xB2, 0x5F, 0xC9, 0xE2,
    0x06, 0x1F, 0x73, 0xB0, 0xAB, 0x8F, 0x22, 0x2D, 0x8F, 0x87, 0x8E, 0x84, 0x29, 0xC8, 0xBC, 0x22,
    0xB3, 0x23, 0xE5, 0xC8, 0xF1, 0x2C, 0x4B, 0xF2, 0x5D, 0x27, 0xD6, 0x1D, 0xC8, 0xB9, 0x58, 0x9E,
    0xFA, 0xF6, 0x04, 0xF4, 0x11, 0x1E, 0xEF, 0xCF, 0xDB, 0x42, 0x8F, 0xDD, 0xC0, 0xBC, 0x95, 0x8A,
    0xDC, 0x6B, 0x27, 0x06, 0x70, 0xA7, 0x5D, 0x80, 0x89, 0xD8, 0x1D, 0x10, 0x58, 0x4C, 0xEB, 0x7B,
    0xE3, 0xE1, 0x2D, 0xAE, 0xF9, 0xC9, 0x37, 0x42, 0x6A, 0x57, 0x58, 0x5D, 0x64, 0x8D, 0x22, 0xF5,
    0xC7, 0x17, 0xBD, 0xBE, 0xE0, 0x85, 0x3F, 0xE1, 0x4E, 0xBC, 0x36, 0x92, 0x76, 0x2A, 0x59, 0xA3,
    0x92, 0x57, 0x2A, 0xA6, 0xF0, 0x22, 0x84, 0xE3, 0x9F, 0x40, 0x3E, 0x80, 0x63, 0xB2, 0x07, 0xB1,
    0x28, 0xE1, 0x8B, 0x9C, 0x8A, 0xAF, 0x97, 0x37, 0x2A, 0x69, 0xAB, 0x92, 0x0C, 0x2A, 0xD1, 0xA4,
    0x02, 0xF7, 0xE8, 0x9B, 0xBD, 0x55, 0x3F, 0x4C, 0xB9, 0xC5, 0x7B, 0x63, 0x28, 0x77, 0xE7, 0xE8,
    0x48, 0xCE, 0x1C, 0x97, 0x11, 0x1A, 0xC8, 0x26, 0x57, 0x77, 0x1B, 0x5D, 0xE9, 0xA9, 0x53, 0x52,
    0x82, 0xDC, 0x90, 0xEB, 0x79, 0xBD, 0xF6, 0x8E, 0xFC, 0xC0, 0xC5, 0xD1, 0xEF, 0x95, 0x25, 0x8E,
    0xE5, 0xF3, 0x86, 0x4C, 0xAF, 0x6E, 0x89, 0xCD, 0x48, 0x2D, 0xA3, 0x64, 0xEC, 0x41, 0x0F, 0xBE,
    0x4C, 0x76, 0xE4, 0x2D, 0x69, 0x7A, 0xB2, 0x54, 0x5A, 0xFF, 0x66, 0xA0, 0x15, 0x86, 0x03, 0x4D,
    0xD3, 0x8F, 0x32, 0x0A, 0xCE, 0x0B, 0x56, 0xA2, 0x3F, 0xC9, 0x1E, 0x5F, 0xD0, 0x34, 0x7B, 0x9E,
    0xE4, 0xA8, 0x4C, 0xFF, 0x62, 0xA0, 0xC7, 0xF9, 0x73, 0x2B, 0x55, 0xD3, 0x8A, 0x81, 0x6F, 0x5A,
    0x6D, 0x10, 0x0B, 0x39, 0xAC, 0xD3, 0x8A, 0x63, 0x9C, 0x8B, 0xE1, 0xBC, 0x3A, 0x2C, 0xA1, 0xE3,
    0xCE, 0x2F, 0x9B, 0x27, 0x61, 0x38, 0x22, 0x98, 0xD8, 0x94, 0x13, 0xC4, 0x1F, 0x15, 0x40, 0xF2,
    0x53, 0xC6, 0x25, 0x7F, 0xDD, 0x00, 0x79, 0xC4, 0x56, 0xE8, 0xA4, 0x36, 0x0C, 0x93, 0x9D, 0x93,
    0x26, 0xE8, 0x46, 0xC2, 0xC1, 0x72, 0x9E, 0x59, 0xDA, 0xB7, 0x7C, 0xC3, 0xCA, 0xF2, 0xE2, 0x2C,
    0xE7, 0x9B, 0xCC, 0x6A, 0x01, 0xAF, 0xDE, 0x06, 0xE3, 0xA5, 0xF7, 0x70, 0x16, 0x88, 0x47, 0x95,
    0xD4, 0xAA, 0x64, 0x93, 0x4A, 0x6E, 0x28, 0x74, 0x91, 0x14, 0xBA, 0x4B, 0x9E, 0x56, 0xAF, 0x1A,
    0x70, 0xBD, 0x6C, 0xBD, 0x4B, 0x75, 0xF2, 0x97, 0xD2, 0x87, 0xC3, 0x8D, 0x01, 0x21, 0x7F, 0xEB,
    0xDD, 0x8B, 0x98, 0x3F, 0x62, 0x83, 0xBA, 0x83, 0x5A, 0x58, 0x6E, 0xB9, 0x66, 0x8D, 0xF5, 0x1B,
    0xA9, 0x96, 0x1B, 0xA9, 0x49, 0x27, 0xDF, 0xF9, 0xCF, 0xFA, 0xFD, 0x54, 0x9B, 0xB6, 0x51, 0x1F,
    0x58, 0xEB, 0xB7, 0x55, 0x6D, 0x5E, 0x89, 0xD4, 0x2B, 0xF5, 0xBA, 0x42, 0xD7, 0x08, 0x83, 0x4F,
    0xC8, 0xE8, 0x7F, 0x3B, 0xF2, 0x3F, 0x7A, 0x61, 0xF2, 0x93, 0x51, 0xC8, 0xBE, 0x35, 0xEB, 0xB3,
    0x07, 0xBB, 0x93, 0x31, 0xB0, 0x82, 0x5D, 0x65, 0xD5, 0x0A, 0x23, 0xF7, 0xED, 0xC2, 0x41, 0x9E,
    0x39, 0xAB, 0xA8, 0xE7, 0x27, 0x6E, 0xF9, 0x53, 0x0E, 0x62, 0x94, 0x02, 0x2C, 0x66, 0xA4, 0xF0,
    0x26, 0x66, 0xAD, 0xEE, 0x49, 0x86, 0xA3, 0x7A, 0xFE, 0x1D, 0xFC, 0x8E, 0xC0, 0xF2, 0x5A, 0xDF,
    0xC0, 0xBE, 0xE3, 0xB3, 0x44, 0x63, 0x72, 0x60, 0xBF, 0x11, 0x04, 0xF5, 0x5C, 0xF8, 0xD9, 0xC5,
    0xE9, 0xFC, 0xC9, 0x0C, 0x4C, 0xF4, 0xD0, 0xE1, 0x18, 0x77, 0x59, 0xC3, 0x4D, 0xE7, 0xB4, 0x8D,
    0x85, 0x71, 0x27, 0xEE, 0xAC, 0xE3, 0xEE, 0xB3, 0x70, 0xC8, 0x84, 0xE1, 0x98, 0x57, 0x7C, 0xD3,
    0xCA, 0x14, 0x4A, 0x08, 0x77, 0x1B, 0x72, 0x93, 0x68, 0x77, 0x7A, 0xFA, 0x77, 0x45, 0x39, 0x85,
    0xDA, 0xE5, 0x49, 0xE7, 0x9F, 0x7C, 0x88, 0x7F, 0xE1, 0x5F, 0x50, 0x18, 0x84, 0x46, 0xC3, 0x2F,
    0x57, 0xD7, 0x2D, 0xA2, 0x21, 0xA7, 0xD3, 0xED, 0xF2, 0x60, 0xE4, 0x20, 0x85, 0x55, 0x27, 0xBB,
    0x43, 0x56, 0xE4, 0x58, 0xD1, 0x80, 0xE4, 0x95, 0x30, 0x2B, 0x76, 0x42, 0xFE, 0x19, 0xB9, 0x76,
    0x1C, 0x3F, 0xF6, 0x86, 0x9A, 0x02, 0xE1, 0xA8, 0xF5, 0x19, 0xAC, 0x73, 0x0C, 0xB3, 0x4B, 0xD4,
    0xD5, 0xF8, 0x41, 0xB2, 0x27, 0xF4, 0x4D, 0x80, 0x41, 0x35, 0xFD, 0x79, 0xAB, 0xEF, 0x25, 0x5E,
    0xB8, 0x9F, 0x89, 0x6A, 0x2A, 0x16, 0x6D, 0x39, 0x38, 0x5A, 0xAE, 0xB8, 0x68, 0x77, 0x17, 0xD0,
    0x6E, 0xA9, 0x8E, 0xCB, 0x0A, 0x77, 0xD7, 0xDF, 0x36, 0x8B, 0x72, 0xBC, 0x8E, 0xA2, 0x32, 0x7E,
    0xA2, 0x5E, 0x34, 0xAB, 0xBC, 0xCA, 0xB0, 0x8E, 0x3B, 0xAF, 0x69, 0x2B, 0xCA, 0xFF, 0x50, 0xDA,
    0xC7, 0x41, 0xF8, 0xE7, 0xDA, 0x49, 0x44, 0x9F, 0x32, 0x2B, 0x3E, 0xFB, 0x5A, 0x11, 0x6E, 0xE5,
    0x6B, 0x18, 0xB4, 0xA1, 0xCB, 0x58, 0xD7, 0x56, 0x44, 0x2F, 0x8B, 0xF2, 0xD1, 0x47, 0x2C, 0xB9,
    0x4B, 0x1A, 0x2B, 0x62, 0x93, 0x66, 0x23, 0xC6, 0x06, 0x3E, 0xA0, 0x64, 0xC4, 0x24, 0x4D, 0x5E,
    0xAC, 0xE2, 0x2E, 0x69, 0xB8, 0x0D, 0xDC, 0x78, 0xA9, 0x92, 0x26, 0xEE, 0x56, 0x79, 0xC1, 0xBF,
    0x76, 0x04, 0x05, 0x24, 0xA8, 0xEB, 0x74, 0x2A, 0x65, 0x1F, 0x02, 0xA5, 0xBE, 0xB6, 0x3B, 0x2E,
    0xA3, 0x22, 0xA3, 0x33, 0x28, 0x1F, 0xDD, 0xB5, 0xB8, 0x7D, 0x7C, 0xD5, 0xF0, 0x06, 0x78, 0x42,
    0x0C, 0x84, 0x5B, 0xFE, 0xEF, 0xB9, 0xE9, 0xF0, 0xD6, 0x18, 0x12, 0x7B, 0x7C, 0xF7, 0xA6, 0xA0,
    0xD9, 0xEA, 0x80, 0x9C, 0xD0, 0x63, 0x0E, 0x08, 0xEE, 0x4E, 0xF4, 0xA0, 0x03, 0x8C, 0xBE, 0x52,
    0xFB, 0xBD, 0x93, 0xB7, 0x79, 0xE6, 0x42, 0x9C, 0x2A, 0xD7, 0x8B, 0xC8, 0x08, 0xAC, 0xD7, 0x77,
    0x71, 0x9D, 0xE4, 0x3E, 0xFA, 0xB0, 0xCF, 0x7B, 0x4C, 0x7B, 0x3E, 0x41, 0xC5, 0xCA, 0xC4, 0x62,
    0x4D, 0xFA, 0xBD, 0xB3, 0xCE, 0x7B, 0x89, 0xD0, 0x67, 0x0E, 0xCA, 0xF7, 0xEB, 0x0A, 0xF5, 0xC4,
    0x21, 0x5E, 0x49, 0xCD, 0xFE, 0xE4, 0xEF, 0x6D, 0x1C, 0x27, 0xB8, 0xD7, 0xD3, 0x8F, 0xE7, 0x6E,
    0x46, 0x29, 0xD7, 0x70, 0x09, 0x9F, 0x65, 0x9D, 0x7A, 0x3F, 0x77, 0x6E, 0x3C, 0xBC, 0x73, 0x62,
    0x91, 0xD3, 0x41, 0xC1, 0x7C, 0x06, 0xA6, 0x9E, 0xCD, 0xA4, 0xDC, 0x2B, 0x8D, 0x90, 0xEF, 0x7B,
    0xD1, 0xC5, 0xA7, 0x83, 0x09, 0x67, 0xC4, 0x6E, 0x99, 0x82, 0x7C, 0x98, 0xDC, 0xAA, 0x3F, 0xF4,
    0xFD, 0xFB, 0x62, 0x7E, 0x55, 0x69, 0x5E, 0x92, 0xE7, 0x50, 0x8F, 0x21, 0x34, 0x4F, 0x30, 0x2F,
    0xC8, 0xCC, 0xB3, 0x3A, 0x32, 0xBD, 0x41, 0x7A, 0x1D, 0x96, 0x5F, 0x56, 0x75, 0xA2, 0x25, 0xA3,
    0xEC, 0x60, 0x42, 0x72, 0x65, 0xEE, 0x8D, 0x08, 0xFF, 0xAF, 0xBD, 0xAB, 0x87, 0xB1, 0xDC, 0xBA,
    0xCE, 0x87, 0xE4, 0xEE, 0xD2, 0xF2, 0x43, 0xCC, 0x2D, 0x64, 0x07, 0xD0, 0x22, 0x7A, 0x69, 0x02,
    0x38, 0x72, 0xB4, 0xAF, 0x8D, 0x01, 0xCD, 0xBB, 0x5C, 0x17, 0x71, 0x99, 0x29, 0x76, 0x56, 0x48,
    0x54, 0x48, 0x85, 0x1B, 0xE7, 0x47, 0xD3, 0xA4, 0x10, 0x02, 0xCD, 0x90, 0x4E, 0x0A, 0x97, 0xD9,
    0x22, 0x09, 0xD2, 0x79, 0x8B, 0x4D, 0x20, 0x8D, 0x8A, 0x4D, 0xE1, 0x42, 0x01, 0x66, 0xE6, 0xD1,
    0x56, 0xE1, 0x22, 0x45, 0x08, 0x04, 0x8B, 0x14, 0x29, 0x42, 0x44, 0x12, 0x8C, 0x38, 0x85, 0x98,
    0x88, 0x82, 0x38, 0x6B, 0x92, 0x37, 0xF7, 0xFB, 0x0E, 0x1F, 0x87, 0x3B, 0xCF, 0xF3, 0x27, 0xCD,
    0xAE, 0xC6, 0x46, 0x2E, 0xDE, 0xFD, 0x0E, 0xE7, 0xF1, 0x92, 0xBC, 0xF7, 0x0C, 0x79, 0xEF, 0xE1,
    0xF9, 0x7B, 0x96, 0xFD, 0xDF, 0xD4, 0x15, 0x3C, 0x39, 0x57, 0xDF, 0x86, 0x08, 0xA9, 0x03, 0x1C,
    0x8A, 0xF3, 0xF8, 0xF6, 0xC3, 0x45, 0xCD, 0x9B, 0xAB, 0xE5, 0x22, 0xBF, 0xC0, 0x22, 0x38, 0x38,
    0x3B, 0x25, 0xC0, 0x9C, 0x06, 0xB0, 0xA2, 0xA5, 0xD9, 0xDB, 0x2D, 0xA6, 0x4E, 0xE7, 0x63, 0x51,
    0x7A, 0xD4, 0xEF, 0x15, 0xB5, 0xA5, 0x1E, 0xA5, 0x67, 0x30, 0x29, 0xCE, 0x06, 0xC3, 0x79, 0x02,
    0x0D, 0xAB, 0xD7, 0xD1, 0xDF, 0x4E, 0xFF, 0x0B, 0x05, 0xB5, 0xC7, 0x83, 0xCE, 0x99, 0x85, 0x16,
    0x07, 0x2A, 0x93, 0xDB, 0x3B, 0xEC, 0x51, 0xA2, 0x4E, 0xC8, 0xB3, 0x78, 0xB0, 0x56, 0xB8, 0x00,
    0x98, 0x1C, 0xCF, 0x26, 0x61, 0x64, 0x45, 0x65, 0x93, 0xA5, 0xC7, 0x72, 0x22, 0xC1, 0x81, 0xBF,
    0x62, 0xC6, 0xC0, 0xFD, 0x36, 0x65, 0x2F, 0x13, 0xAE, 0xD1, 0xF6, 0x35, 0x13, 0xAB, 0x7F, 0xB1,
    0xD0, 0x96, 0xAC, 0x62, 0xA8, 0x84, 0x05, 0x3E, 0xFC, 0x13, 0xE8, 0x57, 0x68, 0x40, 0xB9, 0x73,
    0x29, 0xC5, 0xEC, 0xF7, 0x66, 0x81, 0x3D, 0x62, 0x83, 0xD3, 0x7E, 0xAF, 0x76, 0x18, 0xFD, 0xB8,
    0x02, 0x42, 0x02, 0x96, 0xF0, 0x7D, 0x86, 0x02, 0x7C, 0x9A, 0x3B, 0xA4, 0xEC, 0x29, 0x1E, 0x51,
    0xEC, 0xE0, 0x19, 0x36, 0x44, 0x0C, 0xA1, 0x4F, 0x33, 0x74, 0xC9, 0xAC, 0x1B, 0x38, 0x5E, 0x70,
    0x55, 0x8D, 0x32, 0x0F, 0xE2, 0xB0, 0x5F, 0x0A, 0x96, 0x05, 0xA1, 0x79, 0x12, 0xF3, 0x0E, 0x97,
    0x5B, 0x40, 0x2A, 0xB2, 0xC5, 0x88, 0x00, 0xEA, 0x25, 0xA8, 0x60, 0xDC, 0x1B, 0xEB, 0xB4, 0xFD,
    0x7B, 0xB0, 0xA0, 0x62, 0x15, 0x91, 0xFE, 0x18, 0x31, 0x41, 0x81, 0x16, 0x71, 0x85, 0x1D, 0xD9,
    0xEF, 0xCA, 0xA8, 0x5C, 0x3E, 0xF6, 0x3C, 0x77, 0xEB, 0x9E, 0xC8, 0xF4, 0x47, 0x0D, 0x84, 0xA9,
    0x3D, 0xD7, 0x8A, 0x9D, 0x7A, 0x17, 0xC3, 0xFE, 0x1D, 0x1F, 0x4D, 0x9F, 0x38, 0x07, 0xC7, 0x65,
    0xD2, 0x7B, 0x88, 0xA8, 0x62, 0x8C, 0x25, 0xB0, 0xFF, 0xA0, 0x5D, 0x86, 0xF4, 0x4A, 0xF7, 0x49,
    0xFA, 0x88, 0x04, 0xF5, 0x10, 0x1B, 0xD2, 0x0C, 0x8F, 0x5E, 0x1B, 0xA5, 0xEE, 0xD2, 0x34, 0x1B,
    0x93, 0x73, 0x94, 0x3E, 0xC9, 0xC9, 0x16, 0x5B, 0x64, 0x65, 0x83, 0x2D, 0xBF, 0x5A, 0x6E, 0xDD,
    0x72, 0x9C, 0x8F, 0xB9, 0xE5, 0x90, 0x6C, 0xE4, 0x64, 0x32, 0x17, 0x1E, 0x41, 0xF6, 0x92, 0xC1,
    0x58, 0x03, 0xC9, 0x70, 0x18, 0x54, 0xEA, 0xFE, 0x1F, 0x80, 0xB7, 0x31, 0xC3, 0x7F, 0x48, 0xF8,
    0xAF, 0x5C, 0x96, 0xA1, 0x44, 0x78, 0x3F, 0x97, 0xA8, 0xC2, 0xDC, 0xEC, 0x3B, 0x69, 0x29, 0xE8,
    0x36, 0xA0, 0x9F, 0xD1, 0x07, 0x0E, 0x4C, 0x47, 0x9D, 0xDA, 0x0A, 0x27, 0x1A, 0x1C, 0x38, 0xB6,
    0x01, 0x2C, 0xCD, 0xEA, 0x96, 0x5F, 0x91, 0xA8, 0x3F, 0x8C, 0x96, 0x67, 0x36, 0x73, 0xD1, 0x12,
    0xD9, 0x78, 0xB9, 0x55, 0x03, 0xC7, 0x8F, 0x38, 0xED, 0xEC, 0x78, 0x36, 0x29, 0x68, 0x06, 0xED,
    0xCB, 0xAD, 0x5F, 0x8B, 0x5F, 0xE3, 0x71, 0xA7, 0x18, 0x31, 0x85, 0x5B, 0x12, 0x5E, 0xE8, 0xF8,
    0x4C, 0xC3, 0x52, 0xAF, 0x8F, 0xFE, 0xD2, 0x75, 0x02, 0x26, 0x7C, 0x83, 0xBB, 0x02, 0x4F, 0x3D,
    0x37, 0xB0, 0x1A, 0x73, 0x17, 0xA4, 0x64, 0x36, 0x86, 0xBF, 0x10, 0x0F, 0xF7, 0xAB, 0x46, 0x78,
    0x42, 0x39, 0xA8, 0x74, 0x46, 0x91, 0xFD, 0x52, 0x02, 0x58, 0x39, 0x25, 0x29, 0xFA, 0x29, 0xC2,
    0xE4, 0xEC, 0x58, 0xFF, 0x36, 0xBF, 0xAE, 0xEB, 0xA8, 0x16, 0x23, 0x47, 0x37, 0xF6, 0x7A, 0xEA,
    0x35, 0x4A, 0xFD, 0x57, 0xCB, 0xE5, 0x0D, 0x91, 0xF7, 0x1B, 0x1D, 0xC9, 0xB5, 0x14, 0x38, 0x2D,
    0x97, 0x0E, 0xB7, 0xFA, 0xB2, 0xE7, 0x51, 0x7C, 0x0A, 0xDA, 0x28, 0x5F, 0xC4, 0x51, 0x89, 0x4B,
    0xD2, 0xD6, 0x0F, 0x2F, 0x47, 0x09, 0xAA, 0x84, 0x8F, 0xEC, 0x3E, 0x4F, 0xAF, 0xCB, 0x34, 0xB1,
    0x6D, 0x56, 0x50, 0xF7, 0xEE, 0x13, 0xF5, 0x28, 0x3D, 0x83, 0x9E, 0x2D, 0x2A, 0x70, 0x33, 0x86,
    0xCD, 0x24, 0x5F, 0xA4, 0x9E, 0xA5, 0xD8, 0x99, 0x70, 0xA8, 0xD7, 0x54, 0x13, 0x37, 0x2B, 0x0F,
    0x7D, 0x14, 0xBF, 0x0E, 0xB0, 0x74, 0x4F, 0xC0, 0x1A, 0x00, 0x0D, 0x54, 0x67, 0x17, 0xD9, 0xA4,
    0xF8, 0x6E, 0x54, 0x4C, 0x33, 0xFE, 0x1F, 0xA8, 0x21, 0x12, 0x69, 0x8E, 0x05, 0x36, 0x41, 0xE3,
    0x6A, 0x52, 0x3C, 0x3B, 0x29, 0x83, 0xD6, 0x26, 0xF4, 0xE1, 0x59, 0xDE, 0x53, 0x56, 0x18, 0x1F,
    0x3C, 0xF2, 0x7B, 0x9D, 0x70, 0x5A, 0xC6, 0xFE, 0x8E, 0x1B, 0x37, 0xBD, 0x85, 0xF6, 0xE6, 0xF9,
    0xAB, 0xBA, 0xC3, 0x28, 0x91, 0xA8, 0xA7, 0x61, 0xAC, 0xF4, 0xA6, 0x68, 0xF9, 0x8E, 0x8C, 0xCB,
    0xB4, 0xD3, 0x33, 0x5A, 0x9B, 0x19, 0x2C, 0x20, 0xDD, 0x2B, 0xD9, 0xCD, 0x57, 0x74, 0x55, 0xBB,
    0xA2, 0xE1, 0x22, 0xEA, 0x01, 0x1E, 0xCB, 0xB0, 0xB6, 0x61, 0xFC, 0xFB, 0xA4, 0x61, 0xB1, 0x47,
    0x1A, 0x94, 0xCD, 0xE9, 0x74, 0x9A, 0x3A, 0xDA, 0xF6, 0x74, 0xAF, 0xA7, 0xDB, 0xA0, 0x83, 0x0A,
    0x26, 0xCA, 0x97, 0x61, 0x29, 0x7D, 0x98, 0x4A, 0x1A, 0x55, 0x30, 0x59, 0x5B, 0x09, 0xEC, 0x1D,
    0x7B, 0xF0, 0x0A, 0x7D, 0x7B, 0x1E, 0xF5, 0xAB, 0x53, 0xBE, 0x49, 0x4E, 0xDC, 0xEE, 0x39, 0xE3,
    0xC5, 0xBD, 0x8E, 0x1F, 0xC8, 0xE0, 0x52, 0x4C, 0x7B, 0xEA, 0x33, 0x7C, 0xEF, 0x8D, 0xE7, 0x04,
    0x85, 0xFB, 0x86, 0xC7, 0xF3, 0x37, 0x94, 0xBC, 0x4B, 0xF4, 0xEE, 0xCA, 0x4A, 0x49, 0x5A, 0x7C,
    0x3C, 0x88, 0x5E, 0x36, 0x0D, 0x0F, 0xFE, 0x44, 0xBE, 0xB9, 0x99, 0x47, 0x39, 0x1F, 0x5C, 0xF2,
    0xC5, 0xAF, 0x66, 0x31, 0xEF, 0x38, 0x23, 0x28, 0xAB, 0x64, 0x7B, 0x85, 0x50, 0xA3, 0xE6, 0x35,
    0xD3, 0xCC, 0x91, 0x00, 0x8F, 0xAE, 0x75, 0x27, 0x0B, 0xDB, 0xD0, 0x16, 0x9B, 0xD0, 0xA9, 0xFF,
    0x9B, 0xFA, 0x69, 0xC4, 0x8B, 0x96, 0xAF, 0xCF, 0x8C, 0x8D, 0xFE, 0xEA, 0xC6, 0x06, 0x06, 0xC8,
    0x57, 0x60, 0xD0, 0x17, 0x27, 0xDF, 0x2B, 0x40, 0xBF, 0x14, 0x48, 0x26, 0x2B, 0xE5, 0x57, 0x45,
    0xC7, 0x25, 0xD7, 0x76, 0x76, 0xDE, 0x56, 0x1F, 0x22, 0xBE, 0xB2, 0xA7, 0xE5, 0x4B, 0xE0, 0xB8,
    0xAC, 0xF7, 0x21, 0xC3, 0x97, 0x46, 0x1B, 0xC6, 0xE2, 0x61, 0x9E, 0xE2, 0x34, 0x65, 0x9D, 0x1E,
    0x08, 0xF3, 0xD8, 0x5D, 0xAE, 0x6C, 0xD3, 0x33, 0x06, 0x06, 0x1C, 0x89, 0x9E, 0x4F, 0x8E, 0x09,
    0x0C, 0x80, 0xE0, 0xF9, 0x1D, 0x4C, 0x35, 0x6E, 0x7B, 0x02, 0x90, 0x6B, 0x00, 0xEF, 0x74, 0xC0,
    0x59, 0xA8, 0xC1, 0x72, 0x9D, 0xBB, 0x53, 0x44, 0x85, 0x76, 0x4D, 0x03, 0x23, 0x8F, 0xA9, 0xF1,
    0xA1, 0xD5, 0x26, 0x6C, 0xAF, 0xC5, 0x1E, 0xED, 0xB7, 0xAE, 0xCA, 0xA6, 0xAB, 0xD3, 0x13, 0x2A,
    0xEC, 0x23, 0x54, 0x36, 0x5D, 0x81, 0x8C, 0x31, 0x95, 0x5A, 0x64, 0xF6, 0x9F, 0xE5, 0x72, 0x9E,
    0x4F, 0x00, 0xD3, 0x1A, 0x2D, 0xE0, 0xCC, 0xB5, 0x3B, 0xCD, 0x9F, 0x95, 0xDA, 0x4B, 0xCD, 0xB7,
    0x4A, 0xD7, 0xEC, 0xA7, 0x79, 0x2F, 0xD6, 0x68, 0x33, 0x03, 0xE6, 0xEC, 0xA2, 0x59, 0x15, 0x61,
    0xB6, 0xF0, 0x54, 0x3F, 0x2E, 0x7E, 0x3A, 0x92, 0x30, 0xE2, 0xAB, 0x1B, 0x9B, 0x29, 0x6C, 0xAF,
    0xB0, 0x3D, 0xA9, 0x19, 0xE7, 0x36, 0xE6, 0x07, 0xF9, 0x06, 0x6C, 0x4A, 0x1F, 0x84, 0xD9, 0x6F,
    0xB9, 0xF6, 0x37, 0x25, 0x91, 0x2D, 0x79, 0x49, 0xA6, 0xE2, 0xC7, 0x37, 0xE1, 0xB3, 0x13, 0x4F,
    0xE4, 0x45, 0x79, 0x0D, 0x0F, 0x19, 0xD7, 0x5C, 0xBC, 0xE4, 0xAD, 0xB9, 0x2B, 0x7F, 0x9D, 0xAB,
    0xCF, 0xB8, 0xE0, 0xEA, 0x2C, 0xBE, 0x3E, 0x7E, 0xBC, 0x19, 0xDF, 0x58, 0x6E, 0x71, 0x11, 0x18,
    0x97, 0xAB, 0x31, 0x70, 0x03, 0x23, 0xA8, 0x1C, 0xF0, 0x16, 0x7F, 0xB4, 0x8B, 0x7E, 0xFE, 0x77,
    0x21, 0x5E, 0xF6, 0x15, 0x11, 0xF9, 0x8A, 0xFC, 0xA3, 0x48, 0x7C, 0x45, 0xC0, 0xA0, 0xEB, 0x72,
    0xFE, 0x72, 0xA3, 0x22, 0xF1, 0x3A, 0x31, 0x6D, 0xBF, 0x24, 0x64, 0x3F, 0x9C, 0x72, 0x2B, 0xBA,
    0x55, 0xE4, 0x21, 0xB7, 0x7E, 0x0D, 0x17, 0xF9, 0x1C, 0xC5, 0x70, 0xF9, 0xE5, 0xCA, 0xD0, 0xF4,
    0x11, 0x18, 0x5E, 0xFE, 0x3C, 0x2E, 0x21, 0xA5, 0x78, 0xE9, 0x33, 0x90, 0x5A, 0xE4, 0x37, 0x8F,
    0x1C, 0xF4, 0x7A, 0x3C, 0x3C, 0x0F, 0x03, 0xAF, 0x1E, 0xBE, 0xBB, 0xDC, 0x8A, 0x5F, 0x92, 0x95,
    0xC2, 0x59, 0x5B, 0x77, 0x0F, 0x93, 0x59, 0x98, 0x02, 0xC7, 0x4B, 0x98, 0xDE, 0x57, 0x7C, 0xFE,
    0x65, 0x26, 0x2C, 0x93, 0x54, 0x4C, 0xDF, 0x3C, 0x93, 0xDF, 0x76, 0x4C, 0xC1, 0x54, 0x52, 0xF2,
    0xD2, 0xA9, 0x03, 0x4A, 0xCC, 0xC3, 0xF3, 0xA5, 0xE1, 0x8D, 0x6F, 0xF0, 0x04, 0x28, 0xE8, 0xF7,
    0x79, 0xCA, 0x9F, 0xC7, 0x24, 0x93, 0xBB, 0x92, 0xF4, 0x1C, 0xEF, 0xF0, 0x41, 0x81, 0x71, 0xF2,
    0x75, 0x61, 0x79, 0x2E, 0x97, 0xCF, 0x5A, 0x52, 0x00, 0x1E, 0x9B, 0x80, 0xE7, 0x58, 0x0C, 0xF6,
    0x92, 0x4E, 0xFA, 0xC1, 0xCC, 0x0A, 0xDC, 0x99, 0x8D, 0x3E, 0x58, 0x51, 0x26, 0x6B, 0x03, 0x87,
    0x9E, 0x1F, 0x38, 0xF4, 0x25, 0x50, 0xE5, 0xD0, 0x78, 0xC9, 0x47, 0x39, 0x64, 0xFD, 0xB3, 0x4A,
    0x2A, 0x36, 0x53, 0xB9, 0xB7, 0x15, 0xBE, 0xBD, 0xD8, 0x46, 0x67, 0x09, 0x6D, 0x35, 0x7E, 0xBD,
    0xA1, 0x4E, 0x3C, 0x20, 0x86, 0xC4, 0x88, 0x68, 0xF6, 0x80, 0xC9, 0x16, 0xB0, 0x01, 0x06, 0x35,
    0x30, 0x2C, 0x81, 0x51, 0x06, 0x34, 0x29, 0x30, 0x11, 0x60, 0x03, 0x0C, 0x6A, 0x60, 0x58, 0x02,
    0xA3, 0x0C, 0x68, 0x52, 0x60, 0x22, 0xC0, 0x06, 0x68, 0x6B, 0x62, 0x49, 0x84, 0x6B, 0xE1, 0x7D,
    0x9B, 0x3A, 0xAC, 0xEC, 0xA0, 0x3C, 0x0E, 0x88, 0x61, 0x0E, 0x9C, 0x8C, 0x9C, 0xFA, 0x67, 0x29,
    0xD0, 0xC4, 0xAA, 0x7F, 0xF0, 0x62, 0x44, 0xB0, 0x16, 0xB2, 0xAB, 0xA1, 0x28, 0x5E, 0x0B, 0xBF,
    0x88, 0x05, 0xC6, 0xF7, 0xE5, 0x47, 0x32, 0x2A, 0x54, 0x89, 0x3A, 0xB0, 0xE9, 0x5C, 0x7C, 0x40,
    0xF0, 0x91, 0x83, 0xE8, 0x5F, 0x1C, 0x4C, 0x7F, 0xDF, 0x81, 0x89, 0x1C, 0xEC, 0x3A, 0xF0, 0x2A,
    0x07, 0x41, 0xE9, 0x60, 0x92, 0x39, 0x98, 0xA6, 0x0E, 0x8C, 0x38, 0xD8, 0x03, 0xD4, 0x0E, 0xB0,
    0x64, 0x3E, 0x34, 0xB9, 0xE3, 0x8F, 0xC9, 0xFA, 0xFB, 0x6F, 0x17, 0x50, 0x2F, 0xFF, 0x8D, 0xFE,
    0xA1, 0xDD, 0x12, 0x7C, 0x1E, 0x7F, 0x01, 0xC0, 0x3C, 0x34, 0x02, 0x7C, 0xB7, 0x0A, 0xDD, 0xCE,
    0x5D, 0xE8, 0xB2, 0x3A, 0x80, 0xCD, 0x60, 0xC8, 0xA5, 0xBD, 0xB2, 0x62, 0x20, 0x16, 0xBD, 0xB5,
    0x14, 0xF4, 0x4F, 0xDD, 0x11, 0x95, 0x4E, 0xE1, 0x69, 0x73, 0x1C, 0x11, 0x3B, 0xF8, 0xE0, 0xA8,
    0x79, 0x95, 0xF0, 0xF2, 0x27, 0x34, 0xE3, 0xD4, 0x04, 0x7E, 0x77, 0x26, 0x70, 0x67, 0x5E, 0x7F,
    0xBC, 0x43, 0xD3, 0x62, 0xC5, 0x9E, 0x0A, 0x83, 0xEC, 0x27, 0x1B, 0x8B, 0xEC, 0xB0, 0x07, 0x47,
    0x42, 0xF6, 0x9A, 0x46, 0x63, 0x6C, 0xF7, 0x5D, 0xDD, 0xD6, 0x1A, 0xEF, 0x37, 0x41, 0xDE, 0x36,
    0xC1, 0xFF, 0xBA, 0xEF, 0x6D, 0xD5, 0x47, 0x5A, 0xC7, 0x76, 0xE7, 0x07, 0x59, 0xE3, 0xD8, 0xE7,
    0xDA, 0x9F, 0x18, 0xC9, 0x7D, 0x92, 0xD7, 0xA4, 0x39, 0x9B, 0xD7, 0xE4, 0xD7, 0xE1, 0x35, 0xB9,
    0xE5, 0x1A, 0x67, 0x33, 0x78, 0x4D, 0x46, 0x83, 0xD7, 0xA4, 0x03, 0x23, 0xEB, 0x8D, 0x03, 0x59,
    0x03, 0x5C, 0x3F, 0xC9, 0x6B, 0xD2, 0xBF, 0x07, 0x46, 0x8D, 0xEB, 0x42, 0xF5, 0x40, 0xAC, 0x4F,
    0x2C, 0xA5, 0x8F, 0x19, 0x7F, 0x7A, 0x6F, 0x8F, 0x8D, 0x8D, 0x73, 0x39, 0x25, 0xF8, 0x0C, 0x24,
    0x71, 0x90, 0x11, 0xCE, 0x72, 0x2F, 0x54, 0x8F, 0xB9, 0xBC, 0x7F, 0xE3, 0xD1, 0x4E, 0xCA, 0x1D,
    0xE7, 0x04, 0x6B, 0x0B, 0x57, 0x71, 0xCF, 0xDE, 0xC5, 0x73, 0x72, 0xB4, 0x2E, 0x6C, 0xCB, 0x1A,
    0x96, 0xF8, 0xFB, 0xF8, 0x0A, 0x3E, 0x8B, 0x1D, 0xE0, 0xAC, 0x51, 0x8F, 0xD6, 0x1E, 0x2C, 0x2D,
    0x83, 0x3B, 0xB4, 0x0C, 0xEA, 0xA4, 0x67, 0x47, 0x11, 0xD2, 0x0E, 0x22, 0x42, 0xEE, 0x60, 0x32,
    0x06, 0x7C, 0x27, 0x4B, 0xC8, 0x1E, 0x0B, 0x0E, 0xB5, 0x22, 0x50, 0x5A, 0x0B, 0xFA, 0xA2, 0x0A,
    0x5F, 0x4F, 0xBD, 0x84, 0xB5, 0xEE, 0xEC, 0x1C, 0xE3, 0x7A, 0x56, 0xEB, 0xFE, 0x5B, 0x0B, 0xBC,
    0xCB, 0x17, 0xEA, 0x72, 0xE0, 0x8F, 0x5C, 0xD0, 0xBC, 0x06, 0x95, 0x92, 0x1E, 0xAB, 0x5F, 0x29,
    0x1F, 0x27, 0x85, 0xF7, 0xE1, 0x22, 0xA3, 0xE0, 0xB6, 0xA8, 0x97, 0x6F, 0x3E, 0x73, 0xA0, 0xAA,
    0xED, 0x61, 0xA1, 0x74, 0x34, 0xA8, 0xF0, 0x99, 0xB3, 0xCB, 0x8D, 0xA3, 0x8C, 0x1D, 0x76, 0x94,
    0xD9, 0x05, 0x60, 0xCD, 0xE1, 0x70, 0xE6, 0x7D, 0xE0, 0xCE, 0x1C, 0xCD, 0xE0, 0x12, 0xA9, 0x93,
    0x6D, 0x32, 0x4F, 0x7A, 0xFD, 0x44, 0x43, 0x6A, 0xF6, 0x5B, 0xD2, 0xFD, 0xB9, 0x01, 0xF1, 0x9B,
    0x39, 0x65, 0xE0, 0xB0, 0x9C, 0x4F, 0xCA, 0xFE, 0x3C, 0x1A, 0x45, 0xA3, 0x0A, 0x99, 0x7D, 0xBD,
    0x8E, 0xC7, 0xEB, 0x22, 0x68, 0xD1, 0x51, 0xC4, 0xA6, 0xD0, 0xBA, 0xF0, 0xE8, 0xAE, 0x41, 0x3F,
    0xC5, 0x16, 0x0B, 0x9D, 0xA5, 0x0B, 0x61, 0x09, 0xCF, 0x49, 0x3D, 0xB8, 0x02, 0x62, 0xA4, 0xD0,
    0x6F, 0x70, 0x81, 0xA2, 0x7B, 0xAA, 0x57, 0xAB, 0xD5, 0x69, 0x9F, 0x66, 0x0C, 0x58, 0xD7, 0xB6,
    0xD1, 0xC3, 0xF7, 0xFE, 0x87, 0x3E, 0x0B, 0x1F, 0x7F, 0xAC, 0xD2, 0x84, 0xCD, 0x68, 0x0E, 0xFA,
    0x79, 0x41, 0xED, 0xDB, 0xC7, 0x60, 0xC2, 0xF4, 0x3D, 0x3E, 0xB5, 0x46, 0x4D, 0x96, 0x0D, 0x35,
    0x2F, 0x98, 0x65, 0x5D, 0xEF, 0x61, 0x72, 0xF3, 0x0F, 0xD6, 0xD5, 0xD6, 0x56, 0x2E, 0xC4, 0x11,
    0xD3, 0xC7, 0x81, 0x9E, 0x91, 0xA0, 0x7C, 0xB1, 0xC9, 0x18, 0x6E, 0x70, 0xC4, 0xE4, 0x5D, 0x35,
    0xBC, 0x20, 0xD7, 0x4B, 0xC1, 0x73, 0x56, 0xF4, 0xAA, 0xE7, 0x0B, 0x0D, 0xCC, 0x20, 0xE7, 0x63,
    0x0A, 0x73, 0x12, 0xE4, 0x5A, 0x61, 0xFD, 0xB5, 0x31, 0x65, 0x91, 0xDD, 0x3E, 0xFD, 0x49, 0x42,
    0x3B, 0xD9, 0x90, 0x03, 0x21, 0xA7, 0xD9, 0xCB, 0x41, 0xB7, 0x4C, 0x75, 0x10, 0x15, 0x0E, 0x70,
    0xAD, 0x66, 0x21, 0xBD, 0xE8, 0xDA, 0xB5, 0x54, 0xF5, 0xC4, 0x0E, 0xA6, 0xD8, 0x31, 0x29, 0x1D,
    0xF8, 0x8D, 0x03, 0xB1, 0x43, 0x4A, 0x84, 0xA8, 0x18, 0xB2, 0x21, 0x74, 0x6F, 0xE1, 0x42, 0x4C,
    0xF2, 0x70, 0x86, 0xB9, 0x62, 0x1D, 0x56, 0x30, 0x1A, 0x53, 0x68, 0x39, 0x51, 0x0B, 0xB9, 0xF1,
    0x6A, 0x07, 0x61, 0xC9, 0xB7, 0x5F, 0x07, 0x7C, 0x94, 0x1B, 0xC0, 0x3E, 0xC0, 0xA4, 0xD8, 0x91,
    0x3B, 0x08, 0x2A, 0x07, 0xD2, 0x02, 0x12, 0xC0, 0xF4, 0xA1, 0x83, 0x89, 0x75, 0xA0, 0x01, 0x74,
    0xB3, 0x13, 0xE1, 0x18, 0xBE, 0xBC, 0x18, 0xE5, 0x0E, 0x4C, 0xEC, 0xA0, 0x03, 0x37, 0x6A, 0x00,
    0xF8, 0x62, 0x06, 0xBE, 0x30, 0x40, 0xAD, 0x1B, 0xF8, 0xC2, 0x1D, 0xB3, 0x12, 0x00, 0xBE, 0xBC,
    0x68, 0x01, 0xE0, 0xCB, 0x95, 0x11, 0x5F, 0x38, 0x07, 0x26, 0x31, 0xA7, 0x3F, 0x0C, 0xDA, 0x3C,
    0x13, 0xE5, 0x66, 0x3A, 0x4B, 0xCD, 0x74, 0x5F, 0xCC, 0xB4, 0x76, 0xB5, 0x74, 0x35, 0xE3, 0x68,
    0x8D, 0x75, 0x75, 0xA1, 0x43, 0x35, 0xD3, 0xDC, 0xD5, 0xCA, 0xD5, 0xD6, 0xD5, 0xC4, 0xD5, 0x69,
    0x66, 0x9E, 0x99, 0x60, 0x0E, 0x6B, 0xFC, 0x52, 0x1D, 0xC1, 0xD0, 0x79, 0x8A, 0x2A, 0xB2, 0xB0,
    0xF9, 0xA4, 0x00, 0x4E, 0x33, 0xE7, 0x1A, 0x94, 0x1A, 0x3E, 0x15, 0xFB, 0x40, 0xAF, 0x01, 0xEA,
    0x02, 0x1A, 0xE5, 0x5C, 0x24, 0x32, 0x62, 0x3C, 0x6C, 0x53, 0x7D, 0x87, 0x67, 0x1B, 0xE8, 0xF7,
    0xD1, 0xC7, 0xC4, 0x84, 0x38, 0xCB, 0x80, 0x51, 0x01, 0x0C, 0x4B, 0xA0, 0xDF, 0x00, 0xA5, 0x23,
    0x26, 0x47, 0xA5, 0xA2, 0x5F, 0xFF, 0x64, 0x83, 0x8B, 0x08, 0xE0, 0xA8, 0x34, 0x66, 0x00, 0xAD,
    0x03, 0x3A, 0xC9, 0xD3, 0xE5, 0x9D, 0x1A, 0x2D, 0x5E, 0xA9, 0x71, 0x80, 0xF9, 0x43, 0x35, 0x1C,
    0x3F, 0x2F, 0xF0, 0x27, 0x25, 0xAA, 0x16, 0x60, 0x62, 0x0E, 0xC1, 0x01, 0x3B, 0xA1, 0x63, 0x5F,
    0x68, 0x07, 0x17, 0x16, 0x27, 0xB1, 0x0E, 0xA3, 0x1C, 0xDB, 0x86, 0xF9, 0x64, 0x3A, 0x61, 0xA4,
    0x38, 0x70, 0x52, 0x02, 0x67, 0x19, 0x30, 0xA1, 0x8D, 0xA0, 0x01, 0x7E, 0xBF, 0x02, 0xFE, 0x55,
    0x0E, 0xB4, 0x29, 0x70, 0x91, 0xF1, 0x9B, 0x12, 0xF8, 0x97, 0x35, 0x30, 0xED, 0x88, 0x49, 0x0C,
    0x9C, 0xE6, 0xC0, 0xB0, 0x04, 0xFA, 0x0D, 0x50, 0x16, 0xC4, 0x59, 0x06, 0x8C, 0x0A, 0x60, 0x50,
    0x27, 0x16, 0xAA, 0x2A, 0x87, 0xAE, 0x97, 0x2F, 0x3C, 0xC8, 0xD0, 0x1E, 0xE6, 0x5A, 0xA0, 0x11,
    0x60, 0x0B, 0x7C, 0xAF, 0x02, 0xFE, 0x73, 0x0E, 0xFC, 0x28, 0x25, 0x66, 0xC0, 0x9F, 0x94, 0xC0,
    0x1F, 0x37, 0xC0, 0x6C, 0x9F, 0x38, 0x4B, 0x81, 0x51, 0x0E, 0x0C, 0x2A, 0xA0, 0xB4, 0x44, 0x23,
    0x4C, 0xA8, 0x41, 0xBB, 0xE7, 0xF9, 0x11, 0xA9, 0x35, 0x1C, 0xBA, 0xA2, 0xF8, 0xD9, 0xCE, 0xD3,
    0xA5, 0x40, 0x9B, 0x2B, 0x72, 0x16, 0x3E, 0x03, 0x7A, 0xF1, 0xBC, 0xF7, 0x46, 0x9F, 0x9D, 0x00,
    0x1B, 0x1B, 0x9B, 0x31, 0x8C, 0x6F, 0x84, 0x93, 0x1B, 0xFF, 0x35, 0xA0, 0x21, 0x9C, 0x3E, 0x03,
    0x91, 0x6D, 0xB6, 0x63, 0x97, 0xAD, 0xE2, 0x53, 0x65, 0xDB, 0x0A, 0x82, 0x19, 0x96, 0x8A, 0x47,
    0xC5, 0x9D, 0x7B, 0xC0, 0x58, 0x56, 0x91, 0x3C, 0x11, 0xF2, 0x43, 0x91, 0xDF, 0x9F, 0x07, 0xFB,
    0x64, 0x7B, 0xEC, 0x7B, 0x3E, 0xA2, 0x90, 0xC5, 0x3E, 0x2F, 0x45, 0x7F, 0x94, 0xD6, 0xA4, 0x8F,
    0x1E, 0xD8, 0x7E, 0x7F, 0x92, 0x29, 0x8D, 0x0A, 0xA5, 0x61, 0xA9, 0x34, 0xA8, 0x94, 0xFA, 0xB5,
    0x52, 0xAF, 0x51, 0x2A, 0xC7, 0x50, 0xAF, 0x39, 0x62, 0x12, 0xA9, 0x95, 0x06, 0x95, 0x52, 0x8A,
    0x4C, 0x83, 0xFB, 0xD4, 0xF3, 0x77, 0x6C, 0xDA, 0x6B, 0xFE, 0x45, 0xE9, 0x07, 0xC3, 0x2B, 0x3D,
    0x5D, 0x1E, 0x07, 0x82, 0x80, 0xB3, 0x33, 0xB8, 0xEC, 0xDE, 0x06, 0xE1, 0x1B, 0x31, 0x49, 0x03,
    0xB2, 0xFF, 0x7B, 0x56, 0x9B, 0x98, 0x94, 0x24, 0xCA, 0x48, 0x26, 0x39, 0x49, 0x58, 0x8C, 0xC9,
    0xE0, 0xC7, 0x3B, 0x96, 0xB6, 0x94, 0x70, 0x94, 0xC3, 0x7B, 0xB9, 0xCA, 0xC0, 0xFE, 0x87, 0x36,
    0xEE, 0xDD, 0xBD, 0x51, 0x16, 0xDA, 0x70, 0x2C, 0xF0, 0x94, 0xC2, 0xEE, 0xD0, 0x46, 0x78, 0x57,
    0x55, 0x9E, 0xB4, 0x0D, 0x7A, 0x31, 0x43, 0xDD, 0x6A, 0xAE, 0x8B, 0x56, 0x12, 0xCC, 0x4B, 0x29,
    0x82, 0x1F, 0xA2, 0xAC, 0xA5, 0x2F, 0x4A, 0xE3, 0x30, 0x2C, 0x60, 0xB1, 0x0A, 0x4B, 0x87, 0x69,
    0xD0, 0x63, 0xCB, 0x6F, 0xF6, 0xB8, 0x77, 0x9B, 0x2D, 0x0D, 0x8F, 0x32, 0x69, 0x58, 0xC2, 0xC0,
    0x1E, 0xD4, 0x30, 0xB0, 0x7B, 0x5D, 0x0B, 0x03, 0x7B, 0xEF, 0xE6, 0x70, 0x70, 0x9B, 0x2E, 0x42,
    0x35, 0x54, 0x08, 0x8B, 0x7A, 0xAC, 0xA4, 0x9A, 0xB5, 0x78, 0xD2, 0xA0, 0x04, 0x71, 0x6D, 0xB0,
    0xE2, 0x73, 0xEE, 0xB4, 0xF1, 0x2C, 0x9E, 0xC2, 0xA4, 0x6E, 0xBE, 0x5F, 0x1A, 0x49, 0x20, 0x98,
    0xEF, 0x79, 0xB5, 0x03, 0x01, 0x60, 0x6B, 0xDB, 0xAB, 0x66, 0xB1, 0xC1, 0xFA, 0x60, 0xBE, 0x5D,
    0x46, 0xF9, 0xF4, 0x3F, 0xB2, 0xE0, 0x20, 0xB2, 0xD0, 0xA8, 0xDA, 0xBF, 0xEB, 0xBD, 0x20, 0xD7,
    0x27, 0xCD, 0x28, 0xC5, 0xCC, 0x6C, 0x99, 0x62, 0x26, 0x18, 0xA7, 0x98, 0xF9, 0xEC, 0x9A, 0xE4,
    0x78, 0x45, 0x93, 0x8C, 0xF1, 0xBE, 0xA2, 0x41, 0xE6, 0x7D, 0x8A, 0x99, 0xAD, 0x18, 0xFB, 0x07,
    0xAD, 0x5B, 0xC8, 0xF9, 0x1B, 0xF0, 0x40, 0x23, 0xEF, 0x45, 0x06, 0x65, 0xE5, 0x94, 0x31, 0x80,
    0x45, 0xD0, 0xFD, 0x61, 0x7E, 0x56, 0x4D, 0x32, 0xDA, 0x68, 0x1C, 0xC5, 0xD5, 0x02, 0xC7, 0x32,
    0x40, 0x26, 0x28, 0x7A, 0x11, 0xF3, 0x4D, 0x57, 0xD7, 0xB4, 0x7E, 0xB9, 0xD1, 0x3C, 0xAF, 0xDE,
    0x6A, 0xC6, 0x1B, 0x08, 0x55, 0x4F, 0x08, 0xBA, 0xBB, 0x0E, 0x6C, 0xD1, 0x83, 0x84, 0x27, 0x82,
    0x17, 0x33, 0x74, 0x11, 0xF5, 0x05, 0x86, 0x2E, 0xE6, 0x72, 0xBE, 0xFA, 0xA1, 0xAB, 0x96, 0xF5,
    0x78, 0xA6, 0xF1, 0x29, 0xF5, 0xEA, 0x44, 0xE5, 0x05, 0xDE, 0xB4, 0x6A, 0x8D, 0xE1, 0xAB, 0x05,
    0xC2, 0x8E, 0xD0, 0xA0, 0xA1, 0xBF, 0x58, 0x50, 0xA9, 0xB4, 0xA9, 0xEB, 0x7F, 0x84, 0x05, 0x38,
    0xB4, 0xD4, 0x14, 0x0D, 0x73, 0xCB, 0x39, 0x60, 0x77, 0xD5, 0x07, 0x7C, 0xE9, 0x17, 0x40, 0x77,
    0x39, 0xBF, 0x5A, 0xFA, 0x80, 0x33, 0xD3, 0xE2, 0xE0, 0x03, 0xBE, 0xE7, 0x1A, 0xC9, 0x7C, 0x86,
    0xFE, 0xAF, 0xBA, 0x04, 0x9C, 0xE3, 0xFD, 0xFF, 0x42, 0x47, 0xEE, 0x6D, 0xB4, 0xB7, 0xA9, 0x96,
    0x22, 0xE0, 0xCF, 0x8D, 0x0B, 0x18, 0x79, 0x79, 0xCE, 0x91, 0xE3, 0x11, 0xAB, 0x08, 0xA7, 0x8C,
    0x9C, 0x09, 0x82, 0x96, 0x62, 0x6A, 0x8E, 0x8F, 0xE6, 0x0F, 0xF4, 0x97, 0x8A, 0x5A, 0x9C, 0x3A,
    0xE1, 0x3D, 0xCB, 0x3C, 0x41, 0x9A, 0x0A, 0x48, 0x42, 0x7D, 0x49, 0xB5, 0x83, 0x91, 0x53, 0xB7,
    0x35, 0x5B, 0x90, 0xD3, 0x64, 0x72, 0xA6, 0x42, 0x7B, 0x26, 0x0C, 0x02, 0x83, 0x55, 0x5B, 0xD0,
    0x4B, 0xC5, 0x29, 0xD7, 0xB2, 0x8C, 0x86, 0xC1, 0x47, 0xB1, 0xE1, 0x71, 0xC8, 0x1B, 0xD4, 0x2F,
    0x37, 0x67, 0xC0, 0xAB, 0x60, 0x16, 0x4C, 0x6A, 0x0C, 0x28, 0x63, 0xA2, 0x3A, 0x86, 0x9C, 0x41,
    0xF1, 0x9E, 0xF0, 0x75, 0x90, 0x61, 0xA3, 0xE8, 0x5A, 0x30, 0x84, 0x05, 0xF0, 0x4F, 0x03, 0x6B,
    0xD2, 0x3E, 0x9A, 0x34, 0x10, 0x86, 0x2B, 0xD7, 0x3F, 0x77, 0x50, 0xB7, 0x8E, 0xA0, 0x7A, 0xFC,
    0xFB, 0x67, 0xA7, 0xDF, 0x32, 0x9A, 0x75, 0xAC, 0x88, 0xB2, 0xC7, 0x09, 0x77, 0x7E, 0x81, 0x84,
    0x69, 0x2A, 0x25, 0xB0, 0x28, 0x4B, 0xC2, 0x62, 0xCE, 0x4C, 0xAE, 0xC2, 0xF7, 0x20, 0x4A, 0x89,
    0x99, 0x9B, 0x6B, 0xEE, 0x6B, 0xB6, 0xCC, 0x8B, 0xC1, 0x87, 0x2E, 0xD2, 0x93, 0x89, 0xFE, 0xBA,
    0x1E, 0x51, 0xB6, 0x4F, 0x47, 0x92, 0xA0, 0xFC, 0x8C, 0x98, 0x10, 0x8D, 0x62, 0xEE, 0x2D, 0x4A,
    0x5E, 0xBC, 0x04, 0x83, 0x7E, 0x5A, 0x8A, 0xFC, 0xD1, 0xDB, 0xFA, 0x2F, 0x3D, 0x05, 0x1F, 0xA5,
    0x40, 0x9B, 0x0D, 0x28, 0xD1, 0x19, 0xF0, 0xAA, 0x66, 0x46, 0xDA, 0x3B, 0x11, 0xB6, 0x01, 0x09,
    0x3C, 0xF9, 0xCD, 0xC3, 0x4D, 0xB0, 0xA6, 0xDB, 0x16, 0xDF, 0x16, 0x1C, 0xFA, 0x11, 0x48, 0xD6,
    0x01, 0xE5, 0x12, 0xFC, 0x13, 0xA1, 0x67, 0xDB, 0x69, 0xF0, 0x1A, 0xA0, 0xEA, 0x21, 0x01, 0x18,
    0x42, 0x5E, 0x6D, 0x96, 0xE4, 0x94, 0x63, 0xD4, 0xA7, 0xA5, 0x3C, 0x77, 0x00, 0x4E, 0x54, 0xAB,
    0x20, 0xAF, 0x01, 0x64, 0x0C, 0x5B, 0xC8, 0xDE, 0x73, 0xB4, 0x86, 0x29, 0xEB, 0x96, 0xAB, 0x49,
    0xF8, 0x17, 0xAD, 0xF9, 0xF7, 0x8F, 0xDA, 0xA9, 0xED, 0xF6, 0x7C, 0x24, 0x00, 0x9A, 0xA4, 0x7B,
    0x12, 0x2E, 0x6B, 0x3C, 0x24, 0x0A, 0xDA, 0x3D, 0xF3, 0x1A, 0xF2, 0x07, 0xB1, 0xB4, 0x9B, 0xBD,
    0x03, 0x7B, 0x6C, 0xA1, 0xE8, 0xE9, 0x96, 0xAA, 0xD2, 0xC2, 0x41, 0x78, 0x3E, 0x80, 0x27, 0xA9,
    0x39, 0xA9, 0x4E, 0x6C, 0x3A, 0x4F, 0x6C, 0x65, 0x5C, 0x0E, 0x07, 0x93, 0x4B, 0x6B, 0x52, 0xC6,
    0x74, 0x9A, 0xF3, 0xD6, 0x71, 0xCA, 0xFD, 0x54, 0xB3, 0xDC, 0x52, 0xE1, 0xF5, 0xE8, 0x9D, 0x56,
    0xED, 0xC0, 0x0B, 0x0D, 0x05, 0x9B, 0x21, 0xC6, 0x1D, 0xE3, 0xE9, 0x95, 0xAC, 0x37, 0x43, 0x6A,
    0x1D, 0xE6, 0x93, 0x9C, 0x24, 0xCA, 0x40, 0xCC, 0x0F, 0x1E, 0x6E, 0x6C, 0xBC, 0x5C, 0x4D, 0x2D,
    0x4A, 0x15, 0x2A, 0x91, 0xE9, 0x58, 0x2A, 0x56, 0x09, 0x12, 0x67, 0x18, 0x7B, 0x83, 0x05, 0x35,
    0x89, 0xD7, 0x1E, 0x9A, 0x9F, 0x21, 0x5B, 0x1D, 0x6C, 0x40, 0x1D, 0xA6, 0xC9, 0x76, 0xA9, 0x8E,
    0x60, 0xA3, 0xDB, 0x32, 0x94, 0x29, 0x85, 0x6B, 0x0D, 0x29, 0x6E, 0x5F, 0x26, 0xAB, 0xA5, 0x93,
    0x35, 0xA6, 0xFF, 0x59, 0x9B, 0xA6, 0x40, 0xCE, 0xD1, 0x66, 0xF1, 0xB3, 0x9D, 0x45, 0xCC, 0x7E,
    0xC5, 0xDE, 0xC2, 0x85, 0xBB, 0xC6, 0x62, 0x46, 0x01, 0x3A, 0xAE, 0xE5, 0xD0, 0xC1, 0x89, 0x3E,
    0x6C, 0xDD, 0xAD, 0xD7, 0x79, 0xE6, 0x8E, 0x57, 0xA9, 0x7B, 0xFB, 0xF6, 0x51, 0x6E, 0x4D, 0x06,
    0x6E, 0x75, 0x03, 0xB7, 0x3C, 0xE5, 0x56, 0x70, 0xC8, 0xAD, 0xB0, 0xB8, 0x39, 0x51, 0x6E, 0x45,
    0x4F, 0x93, 0x5B, 0x07, 0x6C, 0x5B, 0x9D, 0x59, 0x03, 0xBB, 0x7E, 0x94, 0xAF, 0x8B, 0xA7, 0xC2,
    0xD7, 0xFE, 0x3D, 0xB0, 0x3E, 0x11, 0x95, 0xE3, 0x0B, 0x9B, 0x85, 0x07, 0x9F, 0xF5, 0x57, 0x09,
    0xA0, 0x66, 0xCB, 0xDC, 0x47, 0x86, 0x12, 0xA5, 0x33, 0xA5, 0xB9, 0x21, 0xA5, 0xC3, 0x3C, 0x8A,
    0xAD, 0x64, 0xB5, 0xFC, 0xD2, 0x27, 0x3B, 0xD6, 0x50, 0xC8, 0x3E, 0x18, 0xB2, 0x0F, 0x87, 0xEC,
    0x03, 0x22, 0x8F, 0x86, 0x44, 0xA2, 0x7C, 0xC1, 0x29, 0x90, 0x96, 0x5A, 0xDE, 0xC5, 0x58, 0xCB,
    0x8B, 0xC1, 0xF5, 0xDA, 0xEF, 0x16, 0xE7, 0xAA, 0x06, 0xED, 0x37, 0x4E, 0xBD, 0x4F, 0x05, 0xEF,
    0xFD, 0xC3, 0x00, 0x37, 0xB4, 0x0A, 0x2D, 0x55, 0xB8, 0x87, 0x76, 0xAB, 0xC3, 0x04, 0xAA, 0x95,
    0x03, 0x7F, 0x0C, 0xC7, 0xA4, 0x62, 0xCB, 0x05, 0x27, 0x90, 0x6F, 0xBE, 0x6C, 0xC1, 0xAE, 0x06,
    0x90, 0xAB, 0xC3, 0x0D, 0x1C, 0xAF, 0xE6, 0x70, 0xC0, 0x82, 0xCD, 0x08, 0x76, 0x1D, 0x37, 0x9A,
    0xB9, 0xE3, 0xCB, 0xDC, 0x71, 0x7C, 0xBE, 0x8D, 0x86, 0x15, 0xE3, 0x69, 0xCC, 0xDF, 0x2F, 0x0A,
    0xD7, 0xAE, 0x9A, 0xC3, 0x36, 0x24, 0x82, 0xBA, 0xE7, 0xEA, 0x96, 0xAB, 0xDB, 0xA8, 0xE2, 0xB6,
    0xFB, 0x15, 0xA7, 0x19, 0x7E, 0x17, 0xE5, 0x9F, 0x36, 0x0B, 0xDC, 0xB2, 0x7C, 0x03, 0x47, 0xF1,
    0xA9, 0x2C, 0x0A, 0xC6, 0x58, 0xC8, 0x6C, 0x89, 0x61, 0x7E, 0x88, 0x93, 0x0C, 0x18, 0xAD, 0xE2,
    0x38, 0xC2, 0x50, 0x3F, 0x2B, 0xCA, 0xA5, 0x6D, 0xE2, 0x1E, 0xB1, 0x39, 0xC4, 0x6F, 0x57, 0x0E,
    0xFF, 0xCB, 0x96, 0x0E, 0x5B, 0x9B, 0x39, 0x6C, 0x9E, 0x1D, 0x9E, 0x4E, 0xAF, 0x02, 0xFA, 0x83,
    0xAC, 0x42, 0xBE, 0x0D, 0x93, 0xD7, 0x55, 0xC6, 0xAE, 0xF4, 0x30, 0xDB, 0x59, 0x38, 0x90, 0x59,
    0x0F, 0x66, 0x80, 0x39, 0x60, 0x1B, 0xB0, 0x05, 0xD8, 0x05, 0x34, 0x4B, 0xF0, 0xD4, 0x09, 0xCF,
    0x41, 0x54, 0x38, 0x45, 0x21, 0x78, 0xD2, 0x58, 0x71, 0x30, 0x74, 0xA1, 0x42, 0x37, 0xC6, 0x6E,
    0x06, 0x83, 0x4E, 0x66, 0x99, 0xB0, 0xD8, 0x3F, 0x33, 0x50, 0x3D, 0x68, 0x5D, 0x21, 0x9C, 0xFD,
    0xD8, 0x13, 0xEE, 0xA3, 0x10, 0x40, 0x76, 0x98, 0x8C, 0xE9, 0x31, 0xF4, 0x3E, 0x9A, 0xD9, 0x42,
    0xEF, 0xA3, 0xB3, 0xA9, 0x52, 0x93, 0xB3, 0xAA, 0x52, 0x47, 0x20, 0x63, 0x50, 0x03, 0x58, 0xAF,
    0x2C, 0xF9, 0x0A, 0xAC, 0xB2, 0xD1, 0x38, 0xEF, 0xF7, 0x65, 0xD0, 0x45, 0xDF, 0x1D, 0xE9, 0xA2,
    0xC7, 0xB2, 0xEC, 0x28, 0xB4, 0xD6, 0x8C, 0xC4, 0xF2, 0x96, 0x78, 0x5B, 0x9E, 0xA0, 0x2E, 0xFA,
    0xF4, 0x5B, 0x8C, 0x52, 0xEC, 0xB9, 0x20, 0x01, 0x18, 0x00, 0x5F, 0x07, 0x54, 0xC6, 0xE5, 0xCB,
    0x40, 0xFF, 0x2E, 0x70, 0x2C, 0xFC, 0x31, 0x60, 0x31, 0xC0, 0xAE, 0x9C, 0x04, 0xCF, 0x52, 0xF6,
    0xDF, 0x3B, 0xA6, 0x6E, 0xBB, 0x0A, 0x99, 0x1F, 0x22, 0x3F, 0x24, 0xFE, 0x5E, 0xE0, 0x1F, 0xD5,
    0xAB, 0xFB, 0x7C, 0x61, 0xD5, 0x9A, 0xFD, 0xC2, 0x3A, 0xA4, 0x28, 0x17, 0x35, 0x4C, 0x89, 0x26,
    0x29, 0x17, 0xCD, 0x52, 0x2E, 0x9A, 0xA6, 0x5C, 0x34, 0x4F, 0xB9, 0x68, 0xA2, 0x72, 0xD1, 0x4C,
    0xE5, 0xA2, 0xA9, 0xCA, 0x45, 0x73, 0x95, 0x8B, 0x26, 0x2B, 0x17, 0xCD, 0x56, 0x2E, 0x4C, 0x57,
    0xEE, 0x48, 0x50, 0x84, 0x19, 0x48, 0x19, 0x81, 0x78, 0x55, 0x14, 0x3B, 0x82, 0x43, 0x40, 0x76,
    0xE7, 0x24, 0xDB, 0x5B, 0x24, 0xA6, 0x21, 0x99, 0xD5, 0x20, 0xCC, 0x58, 0xFE, 0x96, 0x92, 0x46,
    0x33, 0x97, 0xD7, 0xC2, 0x52, 0x11, 0x75, 0xB2, 0x1A, 0x69, 0x71, 0x47, 0xC2, 0xD6, 0x34, 0x23,
    0xB9, 0x4A, 0xED, 0xA1, 0x85, 0xFB, 0x8C, 0xE7, 0xB0, 0x90, 0xC0, 0x61, 0x09, 0x9C, 0x57, 0xCE,
    0xD4, 0x23, 0x6B, 0xEE, 0xEC, 0x0F, 0x64, 0xED, 0x4D, 0x99, 0x6E, 0xCA, 0x9A, 0xEB, 0xC9, 0x4C,
    0xD6, 0xF4, 0x13, 0xC5, 0xBB, 0xC0, 0xAC, 0x76, 0x18, 0xFE, 0xA8, 0x74, 0x18, 0xBC, 0x0F, 0xF4,
    0x3F, 0xCD, 0x1D, 0x7A, 0x36, 0x73, 0x28, 0x36, 0x9D, 0xDD, 0x5E, 0x93, 0x44, 0x66, 0xCD, 0x9A,
    0x18, 0x74, 0x1A, 0x65, 0x65, 0x1E, 0x0D, 0x8A, 0x43, 0xB5, 0x72, 0x94, 0x3D, 0x11, 0x39, 0x68,
    0xA6, 0xE9, 0x86, 0x52, 0x66, 0xAB, 0xFE, 0xC5, 0x3F, 0xF7, 0x72, 0xD9, 0x7E, 0xC2, 0x04, 0x82,
    0x8C, 0x57, 0x05, 0xCC, 0x42, 0x48, 0xF9, 0x65, 0x2C, 0xBC, 0x24, 0x36, 0x0E, 0xA1, 0xA7, 0xFD,
    0xF0, 0x46, 0xE5, 0xA9, 0x6D, 0xA1, 0x19, 0xEA, 0xB5, 0x77, 0x34, 0x97, 0xE7, 0xA3, 0x71, 0x2E,
    0x4F, 0x54, 0xCF, 0x6D, 0x07, 0x7D, 0x2E, 0xCF, 0xF6, 0x4D, 0xE6, 0xF2, 0xC4, 0x0B, 0x98, 0x27,
    0xD7, 0x35, 0x3D, 0x32, 0x91, 0xCA, 0xAD, 0xC1, 0x0B, 0xF6, 0x52, 0x73, 0x48, 0xAE, 0x7B, 0x22,
    0x35, 0x72, 0x9F, 0xBA, 0xED, 0x6A, 0x82, 0x5E, 0x3D, 0x19, 0x0E, 0xA9, 0x1A, 0x2A, 0xA6, 0x30,
    0x4B, 0x1A, 0x28, 0xE5, 0x6B, 0xAC, 0x3E, 0x53, 0x4A, 0xA7, 0x99, 0xD2, 0x59, 0xAC, 0xD4, 0x88,
    0xD2, 0x3D, 0xA5, 0x0E, 0x49, 0xFD, 0x0A, 0x41, 0xB7, 0xBC, 0xFD, 0xAD, 0xED, 0xC0, 0x2D, 0xA5,
    0x54, 0x46, 0x6A, 0x12, 0x05, 0x52, 0x43, 0xCA, 0x90, 0x50, 0x52, 0x07, 0xA0, 0x5E, 0x0D, 0xCA,
    0xC3, 0x49, 0x43, 0x52, 0x3E, 0xD9, 0x3C, 0x2F, 0xB8, 0xC6, 0xC9, 0x3F, 0x56, 0x2A, 0x5A, 0xBC,
    0x45, 0x2B, 0x8B, 0x0A, 0x02, 0xEB, 0x4F, 0x6C, 0x27, 0x93, 0x0F, 0x5E, 0xFD, 0x28, 0x4F, 0x52,
    0x4F, 0x02, 0x4B, 0x66, 0xFB, 0x9A, 0x57, 0x43, 0x2D, 0xD6, 0x3D, 0xF9, 0xDA, 0x3B, 0xDD, 0xCE,
    0x3B, 0xA5, 0x6F, 0x51, 0xCA, 0xE8, 0xD1, 0x1D, 0x77, 0xF2, 0x7B, 0x26, 0xA5, 0x8E, 0x32, 0x41,
    0x13, 0x4C, 0x9F, 0xBE, 0x92, 0xA0, 0xE3, 0x97, 0x13, 0x5C, 0xCD, 0xA4, 0xC9, 0xAB, 0x1F, 0x7C,
    0x2D, 0x9F, 0x32, 0xC7, 0x54, 0xEE, 0xB8, 0x48, 0x3F, 0xA5, 0xAF, 0x2E, 0x3D, 0xA8, 0xE9, 0xAE,
    0x0F, 0x73, 0x0D, 0xDF, 0x44, 0x16, 0xD5, 0x53, 0xFB, 0x91, 0x40, 0xB9, 0x07, 0x7F, 0xBD, 0x3A,
    0x80, 0x44, 0x7F, 0x98, 0x25, 0xE5, 0x48, 0x30, 0x56, 0x47, 0xA6, 0x15, 0x12, 0x1C, 0xDC, 0xA8,
    0xD5, 0x0D, 0x65, 0x9A, 0xF2, 0x1E, 0xE4, 0x2D, 0x08, 0x70, 0xA9, 0xB9, 0x69, 0xD2, 0xC4, 0x96,
    0xFA, 0x75, 0xF5, 0x10, 0x2F, 0xA7, 0xD5, 0x88, 0xCB, 0x66, 0x7B, 0xEB, 0x4F, 0x35, 0xD1, 0x40,
    0x9F, 0x03, 0xF8, 0xF6, 0x68, 0xA0, 0x95, 0xBE, 0xC2, 0xA6, 0x32, 0xE9, 0xFE, 0x76, 0x51, 0xCA,
    0x35, 0xEA, 0x4D, 0x51, 0x3A, 0x62, 0x42, 0x9C, 0xA5, 0xC0, 0xE9, 0x58, 0x40, 0xE8, 0x4D, 0xD3,
    0x86, 0x21, 0xF7, 0x8A, 0xE8, 0xC5, 0x83, 0xC2, 0xE8, 0xF7, 0x31, 0xDA, 0x1C, 0xE6, 0x59, 0x98,
    0xF1, 0x55, 0x8A, 0x19, 0x74, 0xC5, 0x32, 0xE2, 0x0D, 0xB9, 0x0F, 0x90, 0x86, 0x8D, 0xD1, 0xAE,
    0xE8, 0x44, 0x4B, 0x8F, 0xDA, 0x51, 0x20, 0xEC, 0xCC, 0x71, 0x15, 0x89, 0x83, 0x04, 0xED, 0x95,
    0x89, 0xFB, 0x7D, 0x97, 0xCC, 0x0B, 0x6E, 0xEC, 0x88, 0x8D, 0x46, 0x45, 0x66, 0x23, 0xE6, 0xD8,
    0x8A, 0xE1, 0x7D, 0xE3, 0xD7, 0x51, 0x75, 0xA3, 0x0C, 0x34, 0x2F, 0x3B, 0x0C, 0x29, 0x47, 0xE7,
    0x95, 0x76, 0x75, 0x5E, 0xB9, 0xEC, 0xFC, 0xF0, 0x04, 0x6E, 0xC1, 0x3E, 0x82, 0xB8, 0xCA, 0x28,
    0x16, 0x96, 0x8B, 0xE7, 0x13, 0xCA, 0x15, 0x00, 0x42, 0xF3, 0x45, 0xC7, 0xB3, 0x4D, 0x1A, 0x64,
    0x6B, 0xD2, 0x97, 0x5F, 0xC5, 0x37, 0x75, 0x4E, 0xDF, 0x9A, 0xD3, 0x4D, 0x49, 0xAE, 0x71, 0x5D,
    0x99, 0xB0, 0x5C, 0xB2, 0x37, 0x75, 0x86, 0x75, 0xB8, 0x63, 0x00, 0x06, 0x4E, 0x74, 0xEA, 0x9C,
    0x7F, 0x19, 0xDC, 0xFA, 0x86, 0x55, 0x7C, 0x92, 0x6D, 0x71, 0xCD, 0x0D, 0xD3, 0x71, 0x3C, 0xC6,
    0xC5, 0x26, 0x59, 0x46, 0x06, 0xDE, 0x11, 0xF4, 0x77, 0x7F, 0x54, 0x2C, 0xE5, 0x82, 0xC3, 0xAF,
    0xF2, 0xC1, 0x39, 0xF6, 0x2E, 0xC0, 0xA6, 0x80, 0x9A, 0x33, 0xE3, 0x38, 0x4D, 0x03, 0x9F, 0xEB,
    0x31, 0x18, 0xC1, 0x14, 0x2C, 0x5D, 0x7C, 0xA3, 0xE1, 0xAD, 0x38, 0xE4, 0x83, 0xE7, 0xC5, 0x2B,
    0x57, 0xEB, 0x17, 0x20, 0x28, 0xA0, 0xA3, 0x3C, 0x62, 0x5B, 0x97, 0xC4, 0xB0, 0xD4, 0x31, 0x99,
    0x3E, 0x66, 0x1A, 0xBD, 0x7B, 0xD0, 0x47, 0x75, 0x1D, 0x4A, 0x00, 0x7B, 0xA8, 0x63, 0x4D, 0x04,
    0xF6, 0xAD, 0xCB, 0xA4, 0x5C, 0xFC, 0xCD, 0x22, 0x77, 0x3C, 0xD5, 0xB8, 0xE6, 0x17, 0x76, 0xEE,
    0xE3, 0x5F, 0x59, 0x03, 0xAA, 0x4B, 0xF0, 0x73, 0x51, 0x9E, 0x5B, 0xF2, 0x7C, 0xCB, 0xE4, 0x7C,
    0xD9, 0x45, 0x27, 0x0F, 0x93, 0x2B, 0x02, 0xD6, 0xFA, 0x65, 0xEF, 0xB5, 0x78, 0xD3, 0x2B, 0x04,
    0xE5, 0x12, 0x0C, 0xFB, 0x04, 0x09, 0xEF, 0xE2, 0x86, 0xEF, 0x71, 0xFA, 0x0D, 0xF3, 0x35, 0x9D,
    0x7A, 0x57, 0x26, 0xDE, 0x33, 0xE5, 0x89, 0x48, 0x4E, 0xC9, 0x13, 0x01, 0x74, 0x0C, 0x1A, 0x61,
    0x0B, 0xBC, 0x98, 0x3C, 0x11, 0xB1, 0xC8, 0x16, 0xA4, 0x9A, 0xFD, 0xD0, 0xC1, 0x4B, 0x1A, 0x68,
    0x74, 0x34, 0xC4, 0x9C, 0x71, 0xDD, 0xD0, 0x73, 0x2F, 0xB3, 0x48, 0x64, 0x8F, 0x67, 0x91, 0xE8,
    0x2F, 0x3D, 0x21, 0xAC, 0x64, 0x91, 0x40, 0x63, 0x1E, 0x16, 0xAC, 0x24, 0xC3, 0xFE, 0xFF, 0x2C,
    0x1A, 0xA7, 0xDF, 0x41, 0x97, 0x9D, 0x47, 0xC3, 0x1D, 0xB4, 0xB7, 0x7A, 0x07, 0x3D, 0x0D, 0x0E,
    0x9E, 0xB8, 0xB8, 0x5E, 0x8A, 0xDF, 0x21, 0xB9, 0x2E, 0xD3, 0xB8, 0x96, 0x99, 0xF3, 0xC8, 0x8D,
    0x64, 0x58, 0x10, 0x2E, 0x3E, 0x1F, 0xF0, 0x73, 0x3B, 0x6F, 0xF1, 0x94, 0x2D, 0x0D, 0x47, 0xCD,
    0x2F, 0xC3, 0x0F, 0xD2, 0x62, 0x69, 0x62, 0xF2, 0x5D, 0xC2, 0x65, 0xCA, 0x38, 0x39, 0xBC, 0x82,
    0xA4, 0x0D, 0x1B, 0x01, 0xA3, 0x78, 0x19, 0xB4, 0x7A, 0xF9, 0x59, 0xDB, 0x4B, 0xC8, 0x35, 0xBB,
    0x02, 0xF8, 0x61, 0x1F, 0x3F, 0x7B, 0xA9, 0x98, 0x8C, 0xB4, 0x34, 0xF7, 0x85, 0x41, 0x36, 0x0E,
    0xB7, 0x27, 0x39, 0xBB, 0x9C, 0x42, 0xC5, 0x37, 0x1F, 0x22, 0xAA, 0x2F, 0x3F, 0xAB, 0x3D, 0xE4,
    0x06, 0x0A, 0xCB, 0xA4, 0x57, 0xE6, 0x4C, 0xBF, 0x55, 0x89, 0xAC, 0x61, 0x22, 0xFC, 0xB3, 0x49,
    0x7C, 0x0A, 0xBF, 0x91, 0x11, 0xFB, 0x54, 0x7E, 0x47, 0xE7, 0xE0, 0x37, 0x79, 0x88, 0xA3, 0xD8,
    0xFD, 0x3B, 0x03, 0xBF, 0x75, 0x60, 0xD7, 0x01, 0xBB, 0xA1, 0xDB, 0x6E, 0x31, 0x79, 0xBD, 0x11,
    0xAC, 0xBC, 0x30, 0x7D, 0x51, 0x3F, 0xB0, 0x86, 0x69, 0x3C, 0x58, 0x46, 0xB1, 0xE5, 0x37, 0x65,
    0x5C, 0x2E, 0x2A, 0x5F, 0x3F, 0x56, 0xAF, 0x8B, 0x0E, 0xB0, 0xB4, 0xF7, 0x5C, 0x2D, 0xB5, 0x06,
    0xC7, 0x54, 0x61, 0x3C, 0x5F, 0x87, 0xCF, 0xCE, 0xDB, 0x67, 0x0A, 0xB2, 0x5C, 0x17, 0x53, 0xE1,
    0xE3, 0xAF, 0x7C, 0xB4, 0xA8, 0xCC, 0x30, 0xE7, 0x9D, 0x6C, 0x28, 0x33, 0xBC, 0x28, 0xAB, 0xE5,
    0xD2, 0xFD, 0xEA, 0xD8, 0x11, 0xBD, 0x0E, 0x9F, 0xC4, 0xF4, 0x4D, 0x59, 0x2D, 0x4F, 0x35, 0xC3,
    0xFF, 0xD3, 0x8B, 0x67, 0xED, 0x52, 0x7A, 0xA6, 0x29, 0xAC, 0x3E, 0x04, 0xDC, 0x1B, 0x03, 0x30,
    0xA9, 0xDC, 0xFF, 0xBC, 0x21, 0xAF, 0x9F, 0xF0, 0x74, 0xAC, 0x32, 0x1D, 0xD5, 0x59, 0xEF, 0x68,
    0xDC, 0x22, 0xFD, 0xF1, 0x53, 0xF4, 0x2E, 0x6D, 0x8F, 0xF5, 0x2E, 0x15, 0xC3, 0xAE, 0xD2, 0xBB,
    0x54, 0xFD, 0x62, 0x56, 0x70, 0x06, 0x40, 0xB7, 0xB5, 0xE3, 0xE8, 0xFA, 0x05, 0x7B, 0x97, 0xB6,
    0xF1, 0x89, 0xDE, 0xA5, 0xC5, 0xD2, 0x62, 0xC1, 0x71, 0x7F, 0x97, 0x81, 0xD0, 0x15, 0xB9, 0x46,
    0xA6, 0xAD, 0xFE, 0x6A, 0x67, 0x7D, 0xF4, 0x57, 0x3B, 0x23, 0x3C, 0x4C, 0x80, 0xE2, 0xCB, 0xEF,
    0xD8, 0x9F, 0xDD, 0x05, 0xA7, 0xC8, 0xA8, 0xF1, 0xAF, 0x76, 0xB6, 0x8F, 0xFF, 0x6A, 0x27, 0x58,
    0x04, 0x0E, 0x95, 0x46, 0x96, 0xBF, 0xDA, 0x79, 0x86, 0x41, 0x5F, 0x7D, 0xB5, 0xDB, 0xE0, 0xD5,
    0x00, 0xDD, 0x78, 0xD0, 0xDB, 0x2B, 0x83, 0x16, 0x0C, 0x5A, 0x30, 0xE8, 0xF4, 0xFF, 0x00, 0xD5,
    0xDA, 0x31, 0xAC, 0xDD, 0xD6, 0x7D, 0x3F, 0xF0, 0x0F, 0xC9, 0xBF, 0x44, 0xFC, 0x75, 0x81, 0xB2,
    0x43, 0x12, 0x24, 0x0E, 0x1A, 0x2E, 0x19, 0x8C, 0x00, 0x36, 0x77, 0xA0, 0x16, 0xD9, 0x1A, 0xE8,
    0x5A, 0x0D, 0xDD, 0xBA, 0xA4, 0xFB, 0xE0, 0xA5, 0x83, 0x0B, 0x48, 0x22, 0x13, 0xA0, 0x9D, 0x5F,
    0xF7, 0x21, 0x1E, 0xBA, 0x74, 0x6A, 0x07, 0x0F, 0x1E, 0x24, 0x5D, 0x1A, 0x19, 0xBB, 0xD0, 0x5D,
    0x3A, 0x9A, 0x35, 0xB4, 0x75, 0x28, 0x83, 0xB2, 0x0D, 0x9D, 0x90, 0xF7, 0x54, 0x3C, 0xF0, 0xD3,
    0x13, 0x2C, 0x05, 0x72, 0x0A, 0x4B, 0xEF, 0xEA, 0x80, 0xFA, 0x5E, 0x3E, 0x8A, 0xBC, 0xEF, 0x9C,
    0xCF, 0x3D, 0x3A, 0xE7, 0x07, 0xE8, 0x52, 0x8F, 0x50, 0x4F, 0x70, 0x9C, 0xE1, 0xB7, 0x0B, 0x92,
    0xFF, 0x5A, 0x91, 0xFE, 0x6A, 0x43, 0x36, 0x04, 0xE4, 0xFD, 0x11, 0x87, 0xBE, 0xED, 0x28, 0x9A,
    0xBA, 0xA7, 0x54, 0x0D, 0xD4, 0x8A, 0x89, 0xF7, 0x62, 0x1E, 0x43, 0x58, 0x08, 0x21, 0xAC, 0x92,
    0x27, 0xB9, 0x49, 0x27, 0xC9, 0x49, 0x36, 0x11, 0xE4, 0x03, 0xC7, 0xEE, 0xD0, 0x53, 0xF7, 0x45,
    0x47, 0x35, 0xB4, 0xA3, 0xE4, 0xB8, 0x84, 0x49, 0x1A, 0x36, 0x9E, 0x6D, 0x65, 0x07, 0xF5, 0x70,
    0x95, 0xF1, 0xCA, 0x07, 0x0B, 0x59, 0x08, 0x8D, 0x32, 0x84, 0x5E, 0x3D, 0xD4, 0x83, 0xB6, 0x29,
    0x46, 0xB5, 0x27, 0x41, 0x8C, 0x0F, 0x46, 0xAA, 0x30, 0xCA, 0xC2, 0x2F, 0x46, 0xE5, 0xB8, 0xFF,
    0xED, 0x7E, 0x4B, 0x6B, 0x8F, 0x78, 0xD6, 0xB7, 0x93, 0x3A, 0x84, 0xD0, 0x57, 0xE1, 0xDF, 0x42,
    0x77, 0xF3, 0x94, 0x6C, 0x5C, 0xB5, 0xC3, 0x80, 0x72, 0xBA, 0x8C, 0x62, 0x8F, 0xA4, 0x81, 0xB6,
    0x8B, 0x39, 0xC3, 0x71, 0x81, 0x24, 0xA6, 0x8F, 0x21, 0x1F, 0xE1, 0x96, 0xAF, 0xB5, 0xF3, 0x01,
    0xBE, 0xDF, 0x5D, 0xF6, 0xE0, 0x7B, 0x2B, 0x3C, 0x40, 0x32, 0xA3, 0x18, 0xF0, 0xFF, 0x80, 0x57,
    0x8D, 0x7C, 0xEB, 0x02, 0x71, 0x58, 0xD4, 0x0D, 0xE5, 0x70, 0x0F, 0xED, 0x34, 0x61, 0x5B, 0x91,
    0x4D, 0xB7, 0xA3, 0x42, 0xD1, 0x9C, 0xAB, 0x23, 0xA0, 0x9C, 0x50, 0xF5, 0xDE, 0xEA, 0x6A, 0xEA,
    0xE9, 0x01, 0xC7, 0xF9, 0xA7, 0x92, 0x65, 0x25, 0x1B, 0x6B, 0x8A, 0xAE, 0xE8, 0xF0, 0xEA, 0x59,
    0xDF, 0xEA, 0xAE, 0x48, 0xF3, 0x09, 0x92, 0xB9, 0x1C, 0xF0, 0x61, 0x3B, 0x79, 0xC3, 0x58, 0xEB,
    0xDE, 0xA5, 0x85, 0x6C, 0x8A, 0x23, 0x9B, 0xEB, 0x09, 0x3F, 0x8E, 0x7D, 0x8B, 0xBA, 0x91, 0xF7,
    0x39, 0xDF, 0x4B, 0xE2, 0x68, 0x2C, 0x22, 0x8B, 0xCA, 0xA2, 0x9C, 0x4B, 0xE7, 0x98, 0x51, 0x3A,
    0x52, 0x8B, 0xD6, 0x22, 0xB6, 0xA8, 0x4D, 0x2B, 0x66, 0x3C, 0x8F, 0xE0, 0xA2, 0xB8, 0x48, 0x2E,
    0x9A, 0xE3, 0xF0, 0x38, 0x66, 0x00, 0x15, 0x28, 0x50, 0x0D, 0xF7, 0xD1, 0x4E, 0x8F, 0xDF, 0x20,
    0xF9, 0x04, 0x0E, 0xDB, 0x1E, 0x21, 0x46, 0x83, 0xB2, 0x43, 0xD1, 0x28, 0x87, 0x92, 0x7A, 0x5A,
    0x08, 0x4B, 0x23, 0x59, 0xB6, 0xD7, 0x3D, 0xBF, 0xD9, 0x0A, 0x64, 0xE1, 0xB4, 0xE7, 0xCF, 0xD7,
    0xAF, 0x0B, 0x7E, 0x35, 0x33, 0x1E, 0x44, 0xAF, 0xD2, 0xD9, 0x2A, 0x23, 0x39, 0x1D, 0x22, 0x12,
    0xF9, 0xDF, 0x6D, 0x00, 0xD5, 0x80, 0xF6, 0x72, 0x01, 0xCC, 0xC6, 0xDB, 0xDC, 0x6C, 0x6E, 0xBD,
    0x06, 0xD6, 0x72, 0x80, 0x57, 0xB0, 0x48, 0x5C, 0x6F, 0x91, 0x70, 0xA3, 0x41, 0x35, 0x5E, 0x0E,
    0xED, 0xB4, 0x92, 0xCE, 0xF7, 0xC9, 0x87, 0x92, 0x5B, 0xCD, 0xCD, 0x06, 0xAE, 0xBD, 0x98, 0xD0,
    0x82, 0x15, 0x92, 0x09, 0xB2, 0x7E, 0x8F, 0x9F, 0x1D, 0x22, 0xE6, 0xBB, 0x48, 0xC2, 0x2A, 0xF6,
    0xE1, 0x6C, 0x3F, 0x88, 0x16, 0x56, 0x24, 0x33, 0xD2, 0x81, 0x34, 0xFD, 0x33, 0xB2, 0xBE, 0x20,
    0xFD, 0xCD, 0x23, 0x84, 0x15, 0x6F, 0xDD, 0xF1, 0xCA, 0xCD, 0xB3, 0x19, 0x2C, 0xE0, 0x2E, 0xF8,
    0x11, 0x64, 0x7F, 0xFB, 0xE6, 0x80, 0xC6, 0x31, 0x24, 0x0B, 0xDC, 0x85, 0x77, 0x91, 0xDE, 0xBC,
    0x79, 0x3D, 0xA0, 0x8A, 0x0B, 0x7B, 0xCE, 0xE0, 0x13, 0xF0, 0xD7, 0x90, 0x8D, 0x2F, 0x9E, 0xA7,
    0xED, 0xB9, 0xB2, 0x2A, 0x87, 0x3D, 0xE6, 0xA7, 0xE3, 0xF8, 0x90, 0xF8, 0x74, 0xFA, 0xA7, 0x2F,
    0x9C, 0xAC, 0xD7, 0xB7, 0xA3, 0x65, 0xDD, 0x99, 0x4F, 0xD6, 0x97, 0xEC, 0x65, 0x79, 0x93, 0x5F,
    0x0F, 0x68, 0xDE, 0x44, 0xB8, 0xA1, 0x14, 0x59, 0xAF, 0xF8, 0xAA, 0xD1, 0x1B, 0xBC, 0x97, 0x25,
    0x12, 0x0E, 0xF2, 0x46, 0xDE, 0x15, 0xBB, 0x6C, 0xB9, 0xCB, 0x6E, 0x38, 0x2E, 0xF8, 0x5E, 0xE3,
    0xFA, 0xF7, 0xB2, 0xF8, 0xC4, 0x1C, 0xA3, 0xDC, 0x23, 0x9F, 0x24, 0x7B, 0x88, 0xE1, 0x85, 0x11,
    0x42, 0x68, 0x9E, 0x46, 0xBC, 0xF6, 0x3B, 0xE3, 0x93, 0x3D, 0x96, 0xFD, 0x9D, 0x97, 0x76, 0x7F,
    0xFB, 0x18, 0xAE, 0x5A, 0xB2, 0x20, 0xDB, 0x2E, 0x23, 0xFE, 0x58, 0x2D, 0xD2, 0x10, 0xBA, 0xC3,
    0x5C, 0x8E, 0x45, 0x9F, 0x4F, 0x55, 0x93, 0xCD, 0xB5, 0x74, 0x69, 0xA5, 0x6B, 0x1B, 0x42, 0xFC,
    0x73, 0x44, 0x8B, 0xB6, 0xA1, 0xEE, 0xA9, 0x46, 0x8A, 0x2F, 0xDD, 0xCD, 0x43, 0x58, 0x92, 0x58,
    0xEC, 0x7F, 0x09, 0x40, 0x3A, 0x52, 0x2C, 0x14, 0x2B, 0x87, 0x85, 0xE4, 0x8E, 0xF8, 0xEA, 0x10,
    0x62, 0x74, 0xAE, 0xCA, 0x65, 0xEE, 0xC1, 0x08, 0xC0, 0xF5, 0x08, 0xD5, 0x17, 0xD4, 0x2B, 0xDF,
    0x7D, 0x88, 0xF7, 0xF0, 0x80, 0x7C, 0x24, 0x81, 0x6F, 0xD1, 0xA8, 0xEC, 0x3E, 0xA6, 0x9E, 0x27,
    0x8E, 0x61, 0xE2, 0xE3, 0xE3, 0xC8, 0x54, 0x76, 0xD7, 0x3C, 0xFA, 0xBF, 0x49, 0xFB, 0x24, 0xBC,
    0xDF, 0xA7, 0x21, 0xF4, 0xD9, 0x7F, 0x84, 0x26, 0xFB, 0x34, 0x48, 0x9B, 0xEF, 0x7F, 0xBB, 0x23,
    0xC7, 0x3F, 0x3E, 0x9D, 0x7B, 0x93, 0x74, 0x3D, 0xF4, 0xF2, 0x50, 0x50, 0x7C, 0xDE, 0x51, 0xEF,
    0xD8, 0x0F, 0x92, 0xF9, 0x9A, 0x21, 0x00, 0x87, 0x19, 0xC5, 0xE8, 0xD6, 0x47, 0x55, 0xA7, 0x9C,
    0x6F, 0x53, 0xAF, 0x3F, 0x66, 0x6B, 0x49, 0xE6, 0xB2, 0x91, 0x0D, 0x79, 0x0F, 0x3C, 0x35, 0x8A,
    0x48, 0x76, 0x25, 0x3B, 0x93, 0xDD, 0xC9, 0x0E, 0x65, 0x97, 0xB2, 0x33, 0x89, 0x71, 0x84, 0x36,
    0x46, 0x43, 0xF4, 0x8A, 0x60, 0x51, 0xCC, 0x4E, 0x26, 0x9A, 0x45, 0xB4, 0x5D, 0xCC, 0xB1, 0x41,
    0xD5, 0xE1, 0xD0, 0x1F, 0x49, 0xFE, 0x3D, 0xF4, 0x64, 0xBF, 0xDE, 0x91, 0x3F, 0x5D, 0xA8, 0xDC,
    0x73, 0xD5, 0x8A, 0x7D, 0x5D, 0x8D, 0x91, 0xEF, 0x91, 0xAC, 0xDC, 0xDB, 0xE3, 0xBD, 0x3D, 0xBC,
    0x30, 0x42, 0x08, 0xC3, 0xD3, 0xE8, 0xE3, 0xB5, 0xDF, 0x15, 0xEF, 0xEE, 0x71, 0x7B, 0x7F, 0xE7,
    0xD3, 0x4E, 0xB7, 0xC5, 0x00, 0x6D, 0x87, 0xAA, 0xC7, 0x61, 0xFC, 0x49, 0x27, 0x99, 0xDA, 0x81,
    0x9F, 0x86, 0x89, 0xF4, 0xBF, 0x57, 0xF2, 0xE1, 0x3E, 0x45, 0x53, 0x7A, 0xB6, 0x1D, 0x47, 0xF2,
    0x70, 0xA2, 0x1C, 0xDA, 0x4E, 0xAD, 0xEC, 0x3D, 0x54, 0x0C, 0x56, 0x87, 0x31, 0x59, 0xE5, 0xD3,
    0xDE, 0xA1, 0xAF, 0xE2, 0xAA, 0x1B, 0x1B, 0x04, 0x38, 0x76, 0xA8, 0xE7, 0xE4, 0x9F, 0x95, 0x21,
    0x8C, 0xBB, 0x1D, 0x8E, 0x8F, 0xE1, 0xD4, 0x20, 0x8C, 0x48, 0x27, 0x24, 0x93, 0x74, 0xCB, 0x07,
    0x79, 0xF8, 0x83, 0x46, 0xF9, 0x79, 0x4F, 0x9C, 0x70, 0x9F, 0x5C, 0xFF, 0x84, 0x4B, 0x1A, 0x64,
    0xA7, 0x3D, 0x42, 0x4F, 0x0C, 0xC5, 0x1E, 0x79, 0xAF, 0x98, 0x8A, 0x4E, 0xB5, 0xDC, 0xA7, 0x5E,
    0xFF, 0x90, 0xAD, 0x25, 0x9D, 0xCB, 0xEE, 0xF5, 0xCD, 0x3F, 0xE5, 0x30, 0x51, 0x87, 0x91, 0x0F,
    0x3F, 0xE8, 0x00, 0xD9, 0x86, 0x43, 0x68, 0xA8, 0xFE, 0xBC, 0xE7, 0x6E, 0x3A, 0x5D, 0x37, 0x22,
    0x8E, 0xEF, 0x77, 0x49, 0x08, 0x4D, 0xFA, 0x59, 0x00, 0x8A, 0x69, 0x47, 0xE3, 0xD1, 0xA3, 0xF8,
    0x4F, 0x36, 0xED, 0xD2, 0xEE, 0x5B, 0x5D, 0xCE, 0xD2, 0x15, 0x79, 0x70, 0x3E, 0xEB, 0xD7, 0xCB,
    0x37, 0xFA, 0x1B, 0x77, 0xAE, 0x5C, 0xEE, 0x3F, 0x64, 0xAD, 0x65, 0x53, 0xD1, 0x47, 0x1B, 0xAF,
    0xA5, 0x10, 0xD8, 0x5F, 0x0E, 0x21, 0xD6, 0x00, 0x65, 0xA7, 0x68, 0xDC, 0x63, 0x04, 0xB4, 0x61,
    0x7A, 0x72, 0xA4, 0x9B, 0x74, 0xFD, 0xFD, 0x8F, 0x4D, 0x15, 0xC6, 0x36, 0x4C, 0xD5, 0x85, 0x7A,
    0x75, 0xE3, 0x11, 0xB7, 0xB9, 0x6B, 0x47, 0x07, 0x3E, 0x51, 0xCE, 0xC2, 0xAC, 0x9A, 0xE5, 0xB3,
    0xEC, 0x65, 0x47, 0x1B, 0x9A, 0x63, 0xE8, 0xBF, 0x95, 0x2E, 0x01, 0xC9, 0x22, 0x3B, 0xED, 0x47,
    0xB2, 0xC8, 0xA7, 0x9D, 0xA5, 0x58, 0xF7, 0x23, 0x9F, 0x00, 0x68, 0x67, 0xED, 0x55, 0xF7, 0xBE,
    0x69, 0x27, 0x9F, 0x5A, 0x1F, 0xD6, 0xFD, 0xC8, 0x97, 0xDD, 0x99, 0xF6, 0x84, 0x43, 0x08, 0x23,
    0x6D, 0x08, 0x9B, 0x24, 0x5C, 0xE4, 0xA1, 0xC9, 0x36, 0xDA, 0xA1, 0x98, 0x28, 0xA7, 0x72, 0xA0,
    0x98, 0xAB, 0x9E, 0x7C, 0xA9, 0x7B, 0xB2, 0xB5, 0xEE, 0x48, 0xBF, 0xCA, 0x76, 0xCF, 0xED, 0xD9,
    0x2B, 0x75, 0xBC, 0xA7, 0x1A, 0xC8, 0x96, 0x72, 0x22, 0x9F, 0x8B, 0x99, 0x62, 0xCA, 0x37, 0xEA,
    0x21, 0x09, 0xC3, 0xCD, 0xD0, 0xC4, 0xDF, 0x75, 0xF9, 0x7B, 0x1D, 0x4F, 0xBE, 0xD6, 0x0E, 0x23,
    0x14, 0xD3, 0x55, 0xC6, 0x2B, 0x3F, 0x3C, 0x35, 0x84, 0x58, 0x6D, 0x87, 0x55, 0xB1, 0xE4, 0x27,
    0x55, 0xEF, 0xA8, 0xEE, 0xD4, 0x5D, 0xDD, 0xA8, 0xFB, 0x96, 0xEA, 0xB9, 0x68, 0x9E, 0x44, 0xBC,
    0xA5, 0x1A, 0x1C, 0xF7, 0xC7, 0xB6, 0xA7, 0x0B, 0xD8, 0x48, 0x79, 0xF2, 0x6C, 0x4B, 0x1F, 0x23,
    0x5F, 0x71, 0x58, 0x2F, 0xCF, 0xDC, 0x81, 0xFA, 0x22, 0xE6, 0x7A, 0x95, 0xEE, 0x81, 0x3F, 0x86,
    0x74, 0x86, 0x9B, 0x8D, 0x67, 0xDB, 0x39, 0x01, 0x17, 0x8F, 0xF7, 0x38, 0xE1, 0x46, 0x0B, 0x25,
    0x54, 0x48, 0x17, 0x24, 0x0D, 0x78, 0xD5, 0xC8, 0x37, 0x3F, 0xBA, 0xFA, 0x48, 0xCB, 0x7E, 0x3F,
    0xAB, 0x51, 0x2D, 0x1F, 0x8A, 0x6B, 0x0D, 0x96, 0x0A, 0xD9, 0x78, 0xE8, 0xCF, 0xD5, 0xF1, 0xD9,
    0xED, 0x2D, 0x9F, 0xA5, 0xFF, 0x50, 0x0C, 0x0E, 0x6B, 0xD1, 0x28, 0xC3, 0x0F, 0xA8, 0xCB, 0x8E,
    0x07, 0x87, 0x41, 0x32, 0xA5, 0x13, 0xBC, 0x72, 0xD6, 0x5B, 0x17, 0x57, 0xA4, 0xD9, 0x0C, 0xD6,
    0xF8, 0xD3, 0x3B, 0xD5, 0xE2, 0xCD, 0x62, 0x3D, 0x3E, 0x2D, 0x35, 0x0E, 0xC3, 0x4F, 0x1A, 0xE9,
    0x78, 0xEC, 0xF9, 0xAB, 0x30, 0x91, 0xFD, 0x6A, 0xE1, 0xD0, 0x3F, 0xA4, 0x54, 0xB9, 0x6A, 0x92,
    0xE3, 0x63, 0x8A, 0x70, 0xA2, 0x0E, 0xA1, 0x17, 0xBA, 0x76, 0x4C, 0x57, 0x87, 0x29, 0x5B, 0x64,
    0x4B, 0x36, 0xCB, 0xD6, 0x7C, 0x92, 0x3E, 0x17, 0xF3, 0x93, 0x88, 0xB7, 0xA4, 0x9B, 0xC3, 0xB4,
    0x3F, 0x36, 0xEC, 0x7D, 0xEA, 0x94, 0xE1, 0x44, 0x12, 0x46, 0xC8, 0xBE, 0x8C, 0x19, 0x1A, 0x28,
    0x3B, 0x38, 0x74, 0x14, 0x53, 0x89, 0x7A, 0xF9, 0x50, 0xAC, 0x1B, 0x48, 0x96, 0xAA, 0x39, 0x77,
    0xDC, 0x06, 0x42, 0x13, 0xC7, 0xB6, 0xC7, 0xD3, 0x2A, 0x21, 0x1D, 0x77, 0xA8, 0xC1, 0x61, 0xAB,
    0x1A, 0x65, 0xF8, 0xCE, 0x75, 0x4C, 0x61, 0x1E, 0xBD, 0xDF, 0x21, 0x84, 0x86, 0xF4, 0xB3, 0x47,
    0xC0, 0xD5, 0xB4, 0xAE, 0x57, 0xD8, 0x5A, 0xA4, 0xE3, 0xA1, 0x3B, 0x5F, 0x65, 0xD4, 0x7F, 0x3F,
    0x72, 0x0C, 0x03, 0xD3, 0xB1, 0x03, 0x64, 0x0B, 0x8A, 0x13, 0xEA, 0xB6, 0xD9, 0x6D, 0x7B, 0x3E,
    0x4A, 0x2E, 0x5E, 0x3D, 0x6B, 0xE4, 0xF3, 0x0A, 0xD6, 0x81, 0xEB, 0xAD, 0x03, 0x92, 0x3B, 0xC8,
    0xD7, 0x4B, 0xD4, 0xEA, 0xD8, 0x70, 0xBF, 0xE8, 0x59, 0xB2, 0x51, 0xF2, 0x91, 0x8F, 0xE0, 0xDA,
    0xEB, 0x05, 0xF5, 0x08, 0xBB, 0x0C, 0x27, 0x33, 0xC9, 0x9C, 0xAC, 0x64, 0x83, 0x15, 0x2C, 0x90,
    0x4E, 0x51, 0xBC, 0xDB, 0x11, 0xD6, 0x78, 0x1A, 0x9A, 0x88, 0xDF, 0x47, 0xFC, 0xF1, 0x19, 0xFC,
    0x25, 0xE2, 0xAF, 0xCF, 0xE1, 0x6F, 0xDF, 0x00, 0x7F, 0x8A, 0xF8, 0x63, 0xC4, 0xEF, 0x5F, 0x88,
    0xBF, 0xB9, 0x94, 0x2D, 0x66, 0x94, 0x23, 0xEA, 0x9F, 0x47, 0xD9, 0x81, 0x65, 0x87, 0xBF, 0xC8,
    0x07, 0x1C, 0x7A, 0x3F, 0x0C, 0xBF, 0xE8, 0xEC, 0x24, 0xDF, 0x3A, 0x6C, 0x44, 0x94, 0x6E, 0xE0,
    0xC8, 0x4C, 0xD9, 0xEC, 0x6A, 0x79, 0x7F, 0xAE, 0x6A, 0xC9, 0x5F, 0x20, 0x3B, 0x41, 0x80, 0xBA,
    0x4B, 0x1B, 0x45, 0x5F, 0x0C, 0xB2, 0xE1, 0x75, 0xA8, 0xBD, 0xA4, 0x36, 0x9D, 0x49, 0xE3, 0xBC,
    0xBB, 0xD9, 0x9C, 0xA9, 0xE0, 0x65, 0x6D, 0x1A, 0xAE, 0x6A, 0xD3, 0xB4, 0xA1, 0x2A, 0x06, 0xE9,
    0x3E, 0xEF, 0x92, 0xE6, 0x35, 0x08, 0x3E, 0xCC, 0x7A, 0x92, 0xF0, 0xCB, 0x9E, 0x2C, 0x84, 0x6E,
    0x96, 0xFD, 0x32, 0xFC, 0xC9, 0x2A, 0xEB, 0xEE, 0x9F, 0xAD, 0xDA, 0xBB, 0x46, 0x8E, 0x9F, 0x8D,
    0x84, 0xF0, 0x45, 0xE3, 0x7F, 0xC2, 0xE7, 0x43, 0x32, 0xB6, 0xFF, 0x32, 0xBA, 0xF8, 0xFF, 0xAF,
    0x01, 0x0C, 0x33, 0x24, 0x2B, 0x9C, 0x2D, 0xD2, 0x37, 0xD9, 0x4F, 0x48, 0x1B, 0x14, 0xC3, 0xE5,
    0x85, 0xE7, 0xF8, 0xAE, 0x61, 0x03, 0x09, 0x61, 0x10, 0x42, 0x2C, 0x25, 0x8E, 0x41, 0xBE, 0xC4,
    0x5E, 0x65, 0x0B, 0xD9, 0x2B, 0x78, 0xD9, 0xDF, 0x3A, 0x2E, 0xB2, 0xD2, 0x8D, 0xA2, 0x97, 0x04,
    0xAA, 0x8E, 0xF0, 0x38, 0x09, 0xA8, 0x43, 0x58, 0x45, 0xD8, 0x09, 0xFE, 0xE9, 0xD4, 0x78, 0xAE,
    0xE5, 0x13, 0x28, 0x96, 0x67, 0x5F, 0xE2, 0xC5, 0xD0, 0xE7, 0xC1, 0x71, 0x8F, 0xB2, 0x77, 0x52,
    0xFC, 0x5E, 0x31, 0xEC, 0x31, 0xEE, 0xB1, 0xDC, 0x3C, 0xED, 0x3D, 0x08, 0xB2, 0xB0, 0x43, 0x1E,
    0xC7, 0x7A, 0x7A, 0xB9, 0xE3, 0xE5, 0xEA, 0x42, 0x71, 0x02, 0x65, 0x00, 0x2A, 0xE0, 0x47, 0x20,
    0x79, 0x00, 0xD2, 0x0B, 0x5F, 0x6F, 0xE7, 0xFF, 0x31, 0x54, 0x17, 0xA8, 0x57, 0xDC, 0x78, 0x04,
    0xB7, 0xE1, 0xEE, 0xA5, 0x7D, 0x02, 0x5E, 0xF5, 0x87, 0x50, 0xEC, 0x41, 0x35, 0x80, 0xBA, 0x71,
    0x17, 0x0F, 0xD8, 0x30, 0x71, 0x1F, 0xB8, 0x07, 0xAC, 0xD1, 0x34, 0x4C, 0xD1, 0x34, 0x34, 0xE7,
    0x68, 0xEA, 0xC6, 0x1D, 0x28, 0xE6, 0x67, 0xBF, 0x58, 0xFB, 0x36, 0x1E, 0x6A, 0x31, 0xAB, 0x71,
    0x11, 0x93, 0xDB, 0xD1, 0x76, 0x8D, 0xB8, 0x17, 0x51, 0x97, 0xE2, 0xFF, 0x96, 0x43, 0xCC, 0x71,
    0xCF, 0x28, 0x1D, 0xA9, 0x89, 0xD6, 0x22, 0x36, 0xD9, 0x06, 0x04, 0x97, 0xD8, 0xEE, 0x72, 0xE8,
    0xD9, 0x48, 0x87, 0x37, 0x4F, 0x3B, 0x16, 0x50, 0x97, 0xC3, 0x0A, 0x97, 0x83, 0x7A, 0x3B, 0x3E,
    0xDE, 0x92, 0x0D, 0xD7, 0xA8, 0xFD, 0xF2, 0xD5, 0xE3, 0x2E, 0xC9, 0x03, 0xD1, 0xFE, 0xE2, 0x8D,
    0xB3, 0xBF, 0x1C, 0x5E, 0x79, 0xF2, 0xB4, 0xF8, 0x52, 0x7A, 0x3B, 0x3A, 0xB7, 0xA4, 0x8B, 0x9A,
    0xA4, 0xB9, 0x26, 0xFB, 0xDB, 0x46, 0x08, 0x5F, 0x8C, 0xB0, 0x63, 0xDE, 0x8D, 0xFF, 0xB1, 0x69,
    0x93, 0x0E, 0x55, 0xF3, 0xE6, 0x69, 0xC7, 0x92, 0xCD, 0xF1, 0xD3, 0x3D, 0xC3, 0x6F, 0x87, 0xB7,
    0x25, 0xBF, 0x0E, 0x7D, 0x2B, 0x19, 0x8F, 0x5D, 0x2D, 0xE9, 0x7E, 0x70, 0x4D, 0xCE, 0x70, 0x17,
    0xD8, 0xC0, 0x2B, 0x93, 0xBD, 0xFE, 0x62, 0x04, 0xDE, 0x06, 0x2D, 0xA8, 0xE1, 0x1A, 0xDD, 0x01,
    0xC9, 0x27, 0x90, 0x6D, 0x31, 0x4F, 0x57, 0xE7, 0xEE, 0x20, 0x7A, 0x90, 0x9C, 0x40, 0x0D, 0x8A,
    0x0E, 0xB2, 0xFE, 0xEB, 0xE5, 0xCA, 0x94, 0x84, 0x53, 0xCC, 0xED, 0x10, 0xFB, 0x91, 0x86, 0x78,
    0x6F, 0xE8, 0xD4, 0xD4, 0x83, 0x7B, 0x54, 0x93, 0x85, 0x62, 0x49, 0xE3, 0x6E, 0x92, 0x0F, 0x24,
    0xA1, 0xE8, 0x70, 0xFC, 0x4F, 0xA8, 0xB7, 0x2B, 0xB3, 0xC3, 0xF4, 0x8D, 0x73, 0x86, 0x63, 0xE8,
    0x48, 0x42, 0xE8, 0xF9, 0x6E, 0x83, 0xB6, 0x47, 0x39, 0x5E, 0xE2, 0x5F, 0x7D, 0x0F, 0xD3, 0x0F,
    0x20, 0x3E, 0xD1, 0xB7, 0xDB, 0x93, 0xA8, 0xB7, 0x7C, 0x95, 0x4F, 0xE9, 0xE6, 0x30, 0x0A, 0x3B,
    0x63, 0x68, 0x9E, 0x44, 0xDB, 0x55, 0x8D, 0xBA, 0xAF, 0x29, 0x87, 0xDB, 0x14, 0xD3, 0x43, 0x0E,
    0xF3, 0x4A, 0xF6, 0xE5, 0x42, 0x7A, 0x9A, 0x10, 0x46, 0x1C, 0x07, 0xD4, 0xFD, 0x1E, 0xDD, 0x1E,
    0xD0, 0xC2, 0x86, 0x74, 0x8D, 0x3D, 0xE4, 0xC6, 0x71, 0xE4, 0x10, 0x3A, 0xB2, 0xE5, 0xBC, 0xB8,
    0x5E, 0x30, 0x7D, 0x8B, 0xE5, 0x2A, 0xF3, 0xE9, 0x1A, 0xA8, 0xEE, 0x39, 0x84, 0x9F, 0x05, 0xD9,
    0x92, 0x84, 0x06, 0x01, 0xBE, 0x83, 0x72, 0xB4, 0xE7, 0x16, 0xF3, 0x04, 0xEE, 0x83, 0x77, 0x20,
    0x59, 0x20, 0xED, 0xCE, 0x76, 0x66, 0x26, 0xBF, 0x41, 0x1A, 0x06, 0xFC, 0xE5, 0x84, 0x74, 0x8F,
    0x2C, 0xA2, 0x34, 0xF8, 0xCE, 0x39, 0xCC, 0x4C, 0xEE, 0x27, 0x03, 0xC2, 0xBF, 0x0E, 0x97, 0xDD,
    0x4E, 0xBF, 0x88, 0xD9, 0xD7, 0x67, 0x0B, 0x9B, 0x8E, 0x7F, 0x44, 0xB1, 0xBE, 0x43, 0x19, 0x1E,
    0x50, 0xB5, 0x2B, 0xEF, 0x14, 0x33, 0xDF, 0x4F, 0x2E, 0xCE, 0xC0, 0xF4, 0x7F, 0x01, 0xB5, 0x98,
    0x3F, 0x8C, 0x1C, 0xC7, 0x95, 0xC6, 0x7F, 0xDD, 0xB5, 0x64, 0x9F, 0xD4, 0x77, 0x2A, 0x06, 0xBB,
    0x07, 0x88, 0x80, 0xD8, 0x09, 0x83, 0x3B, 0x1E, 0x39, 0x9D, 0x5C, 0xC0, 0x60, 0x76, 0xAA, 0x24,
    0x06, 0x97, 0x6E, 0x70, 0x0B, 0x06, 0x04, 0xEE, 0x1C, 0x1A, 0x4E, 0xEC, 0x40, 0x81, 0x82, 0xD9,
    0xE9, 0x32, 0x15, 0x38, 0x5D, 0x40, 0x90, 0x13, 0x27, 0x9B, 0x08, 0xB0, 0xE8, 0x40, 0x1B, 0x10,
    0x30, 0x0D, 0xEF, 0xAA, 0x8B, 0x24, 0xE0, 0xB8, 0x21, 0xC1, 0x4E, 0x9C, 0xB4, 0x25, 0x2B, 0x71,
    0x54, 0x12, 0x1A, 0xF0, 0x40, 0xE8, 0x9D, 0x72, 0x15, 0x7B, 0x66, 0xB1, 0x83, 0x95, 0xB4, 0xA4,
    0x68, 0xBD, 0x7A, 0xEF, 0xAB, 0xF7, 0xEA, 0xBD, 0xEF, 0x75, 0x6D, 0xF5, 0xCE, 0xBF, 0xC6, 0x82,
    0x83, 0x31, 0xB5, 0xE7, 0x70, 0xCC, 0xC1, 0x21, 0x07, 0x96, 0x03, 0xBE, 0xBF, 0xEE, 0x00, 0x16,
    0x61, 0x90, 0xA0, 0xBC, 0x79, 0x4D, 0x18, 0x71, 0xDF, 0xF0, 0xC4, 0x90, 0xBE, 0x84, 0x26, 0xDA,
    0x7B, 0x06, 0x05, 0x6A, 0xAF, 0x83, 0xEE, 0xEE, 0xC2, 0x10, 0x79, 0x6F, 0x9E, 0xC1, 0xD6, 0x6E,
    0x58, 0x0B, 0x8E, 0x5D, 0x9A, 0x77, 0xCF, 0x00, 0x4E, 0x0B, 0xA3, 0xF4, 0xAB, 0x79, 0x77, 0x90,
    0xFF, 0xBD, 0xC2, 0xCE, 0xA3, 0xC4, 0xFD, 0xD0, 0xCA, 0x20, 0x2A, 0x5C, 0x38, 0x1A, 0x4B, 0xB9,
    0xF1, 0xE0, 0xC1, 0xAF, 0x63, 0xBC, 0x15, 0x36, 0x02, 0x1C, 0x66, 0x6D, 0xC1, 0x24, 0x8C, 0xCA,
    0x54, 0x8D, 0x6A, 0x0A, 0x93, 0xDB, 0xD2, 0x95, 0x2E, 0x77, 0xC2, 0x89, 0x36, 0xB3, 0x25, 0xB7,
    0x81, 0xC2, 0xA8, 0x46, 0xB5, 0x45, 0x9B, 0x85, 0x15, 0x69, 0x66, 0x1C, 0x02, 0x33, 0x2A, 0x14,
    0xA5, 0x2E, 0x8C, 0xB4, 0xB9, 0x15, 0x4D, 0xA2, 0x81, 0xD8, 0x8F, 0xAC, 0x55, 0x14, 0xCC, 0x99,
    0xA4, 0x8E, 0x89, 0x70, 0x54, 0xEF, 0xCE, 0xA9, 0x3E, 0xF5, 0xA8, 0x4F, 0x17, 0x14, 0xA6, 0x27,
    0xB7, 0xC7, 0x94, 0x5F, 0xFA, 0x68, 0x3A, 0x77, 0x95, 0x16, 0xAE, 0xD4, 0xA2, 0x2D, 0xC9, 0xEC,
    0x36, 0x65, 0xDA, 0x71, 0x3B, 0x35, 0x00, 0xA1, 0x76, 0x4E, 0xE4, 0xA8, 0xCF, 0x3D, 0x45, 0xEB,
    0x89, 0x7D, 0x63, 0x8D, 0x34, 0x47, 0xCC, 0x44, 0xCB, 0xA1, 0xD0, 0x00, 0xCC, 0x32, 0x57, 0x09,
    0xA7, 0x44, 0x57, 0xBE, 0xD5, 0x05, 0x8E, 0x34, 0x7D, 0x6E, 0xA7, 0xC2, 0x6E, 0x27, 0x7A, 0x93,
    0x1E, 0xE6, 0x51, 0x27, 0x0B, 0xA7, 0xBC, 0xBB, 0xF1, 0xF5, 0xC1, 0x10, 0x9E, 0xAE, 0xF3, 0x10,
    0x7E, 0x86, 0x70, 0xA4, 0x51, 0xF1, 0xDE, 0x06, 0x4D, 0x5B, 0x82, 0x2E, 0xFD, 0xB8, 0x1E, 0x0B,
    0xB2, 0x39, 0x85, 0x47, 0x79, 0xA3, 0xBC, 0x5D, 0xA9, 0x29, 0x7C, 0x5C, 0x07, 0x0E, 0xE0, 0x18,
    0xEA, 0x86, 0xBA, 0x27, 0xFE, 0xB7, 0x9C, 0x50, 0xB7, 0x7C, 0x0C, 0x87, 0x0C, 0x32, 0xA1, 0xD6,
    0xB5, 0xAE, 0xD8, 0x04, 0x40, 0x21, 0x4D, 0xAD, 0xCB, 0xA6, 0x36, 0x65, 0x53, 0x51, 0xD8, 0x0D,
    0x2E, 0xC5, 0x33, 0xE6, 0x18, 0xD5, 0xD4, 0x8F, 0x3D, 0xAA, 0xF5, 0x4F, 0xFC, 0xE0, 0x2F, 0xD7,
    0x41, 0xC5, 0x0E, 0xA6, 0x62, 0x03, 0x20, 0xBE, 0x76, 0xE0, 0xE0, 0xA5, 0x75, 0x07, 0x00, 0xE5,
    0x0D, 0xC2, 0x90, 0xBE, 0xB4, 0x26, 0xDA, 0xAF, 0x49, 0x6A, 0x9E, 0x6F, 0x44, 0xDE, 0x17, 0xBB,
    0x0D, 0x71, 0xB4, 0xBC, 0x18, 0x6F, 0xF7, 0x1E, 0x19, 0x71, 0xE4, 0x2F, 0xC2, 0x4B, 0x17, 0x90,
    0x59, 0x80, 0xC2, 0x37, 0x48, 0x0D, 0xA0, 0xEE, 0x38, 0x26, 0x00, 0xEC, 0x25, 0x1D, 0x53, 0x00,
    0x8E, 0x98, 0xD3, 0x01, 0xD0, 0xD3, 0x8B, 0x76, 0xE5, 0x45, 0xEA, 0x90, 0x8D, 0xD4, 0x81, 0x31,
    0x82, 0x65, 0x97, 0x29, 0x2C, 0x3B, 0x0F, 0x54, 0xD2, 0x45, 0xDA, 0x96, 0x2D, 0x45, 0x0C, 0xB3,
    0xC7, 0xFE, 0x04, 0xBF, 0x00, 0xE4, 0x1D, 0x57, 0xA5, 0x5D, 0xA9, 0x61, 0x94, 0xDB, 0xE2, 0x4E,
    0x2B, 0x2D, 0x4C, 0xA5, 0x95, 0xBF, 0x68, 0x72, 0x0B, 0xDD, 0x33, 0x2F, 0xB3, 0xA4, 0xED, 0xCA,
    0xCB, 0xEC, 0x2A, 0x2B, 0xF5, 0x8A, 0x31, 0x42, 0x84, 0x2E, 0xF3, 0x52, 0x33, 0x25, 0x59, 0x76,
    0xEE, 0x60, 0xB8, 0xDA, 0x9A, 0xA4, 0x0B, 0xC8, 0x0D, 0x83, 0x48, 0x6F, 0x29, 0x58, 0x4A, 0xF9,
    0x3F, 0x2D, 0x13, 0x96, 0x12, 0x5F, 0xB5, 0x53, 0x96, 0xB2, 0x47, 0xC7, 0x9C, 0xA5, 0x4C, 0x99,
    0xA7, 0xEE, 0x4C, 0x20, 0x9A, 0x33, 0x41, 0x6E, 0xCF, 0x04, 0x52, 0x73, 0x1A, 0x74, 0x93, 0x64,
    0x9F, 0xCB, 0x51, 0xD9, 0x4E, 0xBA, 0x69, 0xB9, 0x40, 0x9D, 0x50, 0xF5, 0xA8, 0xD4, 0xCD, 0xAB,
    0x5A, 0xD7, 0x35, 0x8B, 0x05, 0xC5, 0xAF, 0xFE, 0xE2, 0x7A, 0x69, 0xE7, 0xC5, 0xFD, 0xAE, 0x24,
    0xF7, 0x4F, 0xDB, 0x2E, 0x7B, 0xEC, 0xF2, 0xA7, 0x4E, 0x9A, 0xE4, 0x77, 0xF9, 0x63, 0x27, 0x3E,
    0x71, 0xD9, 0xD3, 0x56, 0x1A, 0x90, 0x6F, 0x3A, 0xF1, 0x79, 0x08, 0xE2, 0x21, 0x50, 0x26, 0x21,
    0x68, 0xB3, 0x4F, 0x63, 0xC0, 0xF6, 0xD9, 0xA0, 0x0F, 0xC1, 0x67, 0xCB, 0xB2, 0xC4, 0x25, 0x5D,
    0x68, 0x90, 0xC7, 0x06, 0x88, 0x96, 0x79, 0x68, 0x2D, 0x9F, 0x38, 0xA9, 0xC9, 0x2C, 0x47, 0xF1,
    0xA2, 0x6F, 0x76, 0x25, 0x84, 0xA4, 0xF2, 0xBA, 0xF2, 0xF8, 0x05, 0xC4, 0xF8, 0x84, 0xA2, 0xA7,
    0x9C, 0x03, 0x80, 0x26, 0x89, 0x4A, 0xD1, 0x16, 0x4D, 0x61, 0x4B, 0x53, 0x6A, 0x85, 0x62, 0x9B,
    0x31, 0xC5, 0x67, 0x27, 0xC5, 0x27, 0x7D, 0xF1, 0xA4, 0x2F, 0xDF, 0xED, 0xCA, 0x3B, 0x4E, 0x89,
    0xA0, 0xED, 0xB6, 0x68, 0xC6, 0x99, 0x65, 0x2F, 0xB7, 0x47, 0xF4, 0xF2, 0xE7, 0xE1, 0xDC, 0x4A,
    0xE1, 0xC2, 0x72, 0xD6, 0x84, 0x15, 0x69, 0xA4, 0x76, 0x05, 0xA3, 0xB4, 0x0D, 0x7C, 0x61, 0xA7,
    0xBC, 0x9D, 0xEB, 0x43, 0xF6, 0x50, 0x14, 0x5A, 0x5A, 0xD1, 0xA4, 0x8E, 0x8E, 0x29, 0x37, 0xF7,
    0xE2, 0x96, 0x72, 0x4B, 0xB8, 0xD1, 0xC8, 0xC7, 0x0E, 0xD1, 0x3C, 0x22, 0x75, 0x63, 0xE8, 0x46,
    0x30, 0x95, 0x70, 0x33, 0x33, 0x7B, 0xF2, 0xBE, 0x8B, 0x45, 0xF3, 0x58, 0x75, 0x14, 0xCB, 0x26,
    0xB1, 0xAE, 0x88, 0x85, 0xB9, 0x09, 0x95, 0xC2, 0x86, 0xD2, 0xA4, 0x8D, 0xB5, 0x87, 0xBC, 0x02,
    0x94, 0x80, 0xD2, 0xF0, 0x5B, 0x0B, 0x5F, 0x35, 0xA4, 0x8D, 0x43, 0xD8, 0x87, 0xE4, 0x7A, 0x8C,
    0xE4, 0x56, 0x18, 0x92, 0x71, 0x88, 0x48, 0xA0, 0x80, 0x8A, 0xA4, 0x27, 0xEB, 0x28, 0x1C, 0x95,
    0xA5, 0xD6, 0xD4, 0x06, 0xD5, 0x20, 0x1D, 0x69, 0x0F, 0xC7, 0x50, 0x42, 0x0E, 0xB0, 0x09, 0xDB,
    0x50, 0x6A, 0x64, 0x13, 0xEB, 0xD3, 0x13, 0xF0, 0x9A, 0xCA, 0x04, 0x42, 0xE2, 0x11, 0x3D, 0xB9,
    0xA3, 0xB0, 0x28, 0xB8, 0xC9, 0x19, 0xD9, 0x20, 0xED, 0x48, 0x28, 0x11, 0x73, 0xA4, 0x2E, 0x6C,
    0x98, 0x14, 0x99, 0x4B, 0x5A, 0xFA, 0x78, 0x65, 0x84, 0x83, 0x0A, 0xA4, 0x65, 0xC9, 0x0E, 0x49,
    0x7A, 0x08, 0xC9, 0x98, 0x82, 0x2A, 0xA6, 0x5E, 0xA7, 0xF0, 0xBC, 0xAA, 0x03, 0xB3, 0x0F, 0x65,
    0x95, 0x16, 0x71, 0x52, 0x48, 0x4F, 0xCC, 0xAA, 0xC0, 0x04, 0xFA, 0xC0, 0x8C, 0x0D, 0x63, 0xDB,
    0xB8, 0x3E, 0x03, 0x14, 0x14, 0x06, 0x7A, 0xC8, 0xDA, 0x90, 0x62, 0x27, 0x99, 0x87, 0x94, 0xE8,
    0x98, 0x0D, 0x5B, 0x2A, 0xF4, 0xBF, 0x10, 0xA2, 0xCB, 0x00, 0x3B, 0x80, 0x62, 0x86, 0xA2, 0x5E,
    0x5A, 0x35, 0xC4, 0x6B, 0x36, 0x41, 0xB1, 0x4D, 0xB4, 0x49, 0xB0, 0xD1, 0xA9, 0x8D, 0x89, 0x76,
    0x2B, 0xD8, 0x46, 0x18, 0x2B, 0x89, 0x9C, 0x5A, 0x7B, 0x6A, 0xE3, 0xA9, 0xA8, 0x43, 0x66, 0x13,
    0x80, 0xCB, 0xBE, 0x43, 0x79, 0xCF, 0xA4, 0x2F, 0x2D, 0x47, 0x59, 0xC3, 0x91, 0x68, 0x83, 0xB9,
    0xE5, 0xDC, 0x32, 0xCD, 0x2D, 0xD3, 0xC2, 0x30, 0xFD, 0x18, 0x66, 0x73, 0xA8, 0x9A, 0x60, 0x1A,
    0x26, 0xC0, 0xF6, 0x60, 0x6B, 0xF2, 0x1F, 0x40, 0x0D, 0x78, 0x60, 0x06, 0x6C, 0x12, 0xBF, 0x08,
    0x3C, 0xD8, 0x57, 0xDE, 0x7B, 0x17, 0xBD, 0x83, 0xEB, 0xC0, 0xBF, 0x8E, 0x81, 0x9B, 0x12, 0x78,
    0xF8, 0xEC, 0x8D, 0x27, 0x99, 0x53, 0x18, 0x94, 0x3F, 0x89, 0x3B, 0xDA, 0x07, 0x76, 0x81, 0xC2,
    0x77, 0x50, 0xBF, 0x5F, 0x23, 0x5A, 0x32, 0x9B, 0x6B, 0x70, 0x6F, 0x00, 0xB7, 0x23, 0xF7, 0x8D,
    0x2B, 0xC0, 0x06, 0x5C, 0x82, 0x11, 0x8C, 0xE1, 0x1D, 0xE8, 0x48, 0x1C, 0x69, 0x83, 0xB0, 0xE4,
    0x06, 0x09, 0xD7, 0x62, 0x86, 0x29, 0x9C, 0x80, 0x27, 0xFD, 0xB3, 0x16, 0x4F, 0x6D, 0x7E, 0xDF,
    0xCA, 0xA4, 0xBD, 0x86, 0xDB, 0xE6, 0x9D, 0x69, 0x4C, 0xC3, 0x16, 0x2B, 0x51, 0xE7, 0x3D, 0xCA,
    0x73, 0x5E, 0xA2, 0x47, 0xFC, 0x08, 0x00, 0xB1, 0xF8, 0xBF, 0xC2, 0x0D, 0x9E, 0xF7, 0xBE, 0x1B,
    0xB2, 0x3F, 0xF1, 0x7F, 0xDB, 0x67, 0x90, 0xDA, 0xAE, 0x28, 0x7F, 0x6F, 0x19, 0x44, 0x7C, 0x35,
    0x94, 0x81, 0x6C, 0xFA, 0x55, 0x63, 0x5B, 0x33, 0x48, 0x61, 0x26, 0x43, 0xFD, 0x4E, 0xC2, 0x15,
    0x76, 0x80, 0xCC, 0x01, 0x69, 0x07, 0x88, 0x76, 0xCD, 0x4B, 0x1C, 0x20, 0x9A, 0xA5, 0x77, 0x5D,
    0x34, 0x97, 0xD8, 0x4C, 0x5C, 0x8A, 0x7A, 0xEF, 0x4F, 0x9E, 0xF2, 0xAF, 0x5F, 0xD6, 0xBA, 0xF2,
    0x3E, 0x78, 0x01, 0xCC, 0xD5, 0x7A, 0xF1, 0x01, 0xFF, 0xFE, 0x91, 0xFF, 0x50, 0x23, 0x3B, 0x20,
    0xEB, 0x81, 0xF2, 0x08, 0x90, 0x35, 0xB0, 0xA7, 0x62, 0x58, 0x18, 0xE8, 0x4B, 0x03, 0x33, 0xD9,
    0x20, 0xE6, 0x01, 0xE2, 0x7F, 0x32, 0xA9, 0xCB, 0xA3, 0x27, 0x5A, 0xB8, 0x92, 0x00, 0x9B, 0x11,
    0xD6, 0xBF, 0xA9, 0xA6, 0x2D, 0x90, 0x59, 0x40, 0x6A, 0x60, 0x04, 0x30, 0x05, 0xE8, 0x20, 0xF0,
    0xD7, 0x92, 0xE5, 0xF9, 0xA4, 0x58, 0x4F, 0x8E, 0x01, 0xE6, 0xEB, 0x49, 0xB3, 0x96, 0xAC, 0x7C,
    0xE5, 0x67, 0x1F, 0xEE, 0x71, 0x7E, 0xCC, 0x76, 0x63, 0x2E, 0x7A, 0xE7, 0x47, 0xCC, 0x6C, 0xED,
    0x2A, 0xAF, 0x83, 0xDE, 0xA8, 0x35, 0xE5, 0x77, 0xE9, 0x56, 0xA5, 0x87, 0x4A, 0xCA, 0x0B, 0x74,
    0x28, 0xDB, 0xDA, 0x05, 0x4E, 0x5F, 0x51, 0x3F, 0xF5, 0xF1, 0xF0, 0x33, 0xEF, 0x9D, 0xFA, 0xA0,
    0x7E, 0xF7, 0xEB, 0x7B, 0xFD, 0x75, 0xE4, 0x13, 0xCD, 0x09, 0x64, 0x0D, 0xCC, 0x86, 0x3B, 0x38,
    0x81, 0x6C, 0x98, 0xF2, 0x06, 0x8E, 0x41, 0x5A, 0xE8, 0x41, 0x69, 0x44, 0x47, 0x72, 0x02, 0x45,
    0x7C, 0x87, 0x83, 0x4A, 0xC7, 0x54, 0x64, 0x2B, 0x10, 0x0E, 0xB6, 0x87, 0x1B, 0x3F, 0x85, 0xCC,
    0x9E, 0x4E, 0x9B, 0x90, 0x68, 0xD6, 0x85, 0xBD, 0xE1, 0x8A, 0x1E, 0xA4, 0x3B, 0x9D, 0x16, 0x20,
    0xDB, 0x75, 0x42, 0xDC, 0xF4, 0x8C, 0xB0, 0x67, 0x6A, 0xC2, 0x96, 0x4D, 0x4D, 0xD8, 0xB1, 0xAD,
    0x88, 0xF4, 0x19, 0x20, 0xDA, 0x88, 0x59, 0x44, 0xF2, 0xB8, 0x12, 0xB2, 0x13, 0x40, 0xE9, 0x6D,
    0xE2, 0x56, 0x03, 0x66, 0x5D, 0x44, 0x69, 0x23, 0x2A, 0x22, 0x06, 0x1D, 0xC3, 0xF4, 0x0C, 0x6E,
    0xC2, 0xC6, 0xB9, 0x0D, 0xCE, 0xC0, 0x9F, 0xD1, 0x05, 0xD4, 0xB1, 0x32, 0x2A, 0x80, 0x0A, 0xA7,
    0x69, 0x94, 0x88, 0x67, 0x29, 0x16, 0xF7, 0x7A, 0x95, 0x68, 0x4E, 0x14, 0xA0, 0xD6, 0x61, 0x16,
    0xA1, 0x57, 0x20, 0xE6, 0x0A, 0x64, 0x3B, 0x01, 0x65, 0x46, 0x70, 0xC2, 0x88, 0xB4, 0x0B, 0x20,
    0xDA, 0x08, 0x0D, 0xB7, 0x22, 0x6C, 0xAC, 0x9F, 0x95, 0x22, 0x6B, 0xA9, 0xB5, 0x74, 0xD4, 0x26,
    0x40, 0x45, 0xEE, 0x86, 0x92, 0xDA, 0x7B, 0x8F, 0x8F, 0x10, 0x7E, 0x4E, 0x55, 0x00, 0x47, 0x40,
    0x32, 0x07, 0x84, 0x63, 0xB8, 0x73, 0x48, 0x0B, 0x94, 0x00, 0x33, 0x80, 0x7E, 0xF5, 0x32, 0xCD,
    0xDC, 0x2A, 0x59, 0x18, 0x40, 0x01, 0x1C, 0x03, 0x49, 0x0F, 0xC4, 0x1F, 0x45, 0xB1, 0x73, 0xC3,
    0xD7, 0xB5, 0x9F, 0xE3, 0x4A, 0x7F, 0x12, 0xC1, 0x73, 0x0A, 0x3A, 0x82, 0xF9, 0x06, 0xD0, 0x6B,
    0x75, 0x91, 0x36, 0x34, 0x68, 0x70, 0xB7, 0xE0, 0xA5, 0x60, 0x90, 0xFF, 0xF2, 0xBE, 0x49, 0x7D,
    0x80, 0xDC, 0xFB, 0xBB, 0x4D, 0xE1, 0x7D, 0xDA, 0x94, 0x11, 0xD4, 0x85, 0x30, 0xD4, 0xC9, 0x00,
    0x91, 0xFB, 0x9B, 0xA1, 0x0B, 0x57, 0x87, 0xF7, 0xFF, 0x7D, 0x02, 0xF4, 0x6C, 0xFF, 0xBF, 0xF7,
    0x8C, 0x43, 0xDA, 0x44, 0xB0, 0xA7, 0xD0, 0x9C, 0x42, 0x7B, 0x26, 0x5C, 0x2B, 0x31, 0x93, 0x8F,
    0xBC, 0x27, 0x76, 0x89, 0x1F, 0x2A, 0x06, 0x12, 0x0D, 0x59, 0x3B, 0x98, 0x68, 0xA2, 0x71, 0x5D,
    0xD8, 0x4B, 0xD5, 0x7B, 0x7F, 0x58, 0xC4, 0x5B, 0x17, 0xDF, 0xF7, 0x90, 0x1D, 0xA8, 0x23, 0x38,
    0x56, 0x24, 0x7D, 0x69, 0x44, 0x27, 0x9B, 0xD4, 0xE5, 0x96, 0x2B, 0x09, 0x1B, 0x28, 0x5D, 0x99,
    0xCA, 0x28, 0xBE, 0x49, 0x54, 0xC8, 0x96, 0x46, 0x5A, 0x69, 0xB3, 0xF8, 0x65, 0xA9, 0x65, 0xE7,
    0xF9, 0x3F, 0x97, 0x7E, 0x78, 0xB9, 0xF8, 0x63, 0xF4, 0xA5, 0x8F, 0x07, 0xF8, 0xA7, 0xF4, 0x98,
    0x92, 0x77, 0xD0, 0x51, 0x2E, 0x10, 0x2D, 0x95, 0x27, 0xB3, 0xD4, 0x5E, 0x4B, 0x1D, 0x71, 0x44,
    0xC4, 0x29, 0x71, 0xBD, 0x23, 0xD4, 0xA4, 0x2D, 0xA1, 0x3E, 0x94, 0x00, 0x52, 0x03, 0x8C, 0x86,
    0x2E, 0xE9, 0x09, 0xD0, 0x49, 0xAF, 0x49, 0xDB, 0xC2, 0x5B, 0x32, 0xAB, 0x02, 0x4A, 0xAD, 0x7C,
    0xC3, 0x88, 0xE8, 0x4F, 0x89, 0xEB, 0x1D, 0xA1, 0x26, 0x75, 0x84, 0xFA, 0xB3, 0x5D, 0xD8, 0xDA,
    0x01, 0x12, 0xD2, 0xF8, 0x9F, 0x48, 0x66, 0xA4, 0xF7, 0xDE, 0x84, 0x5C, 0xA9, 0x2F, 0x7B, 0xFF,
    0xFE, 0xC7, 0x8C, 0x21, 0x38, 0x73, 0xFE, 0x9B, 0xE8, 0x18, 0x60, 0x13, 0xC8, 0x7D, 0x07, 0xF5,
    0x2F, 0x6B, 0xD2, 0x96, 0x3C, 0xDE, 0xEC, 0xC4, 0x5D, 0x03, 0xDE, 0x19, 0x03, 0xB7, 0x96, 0x37,
    0xFB, 0x6D, 0x80, 0x47, 0x90, 0x98, 0x47, 0xFF, 0x86, 0x68, 0x1F, 0x29, 0x98, 0x3F, 0xEA, 0x61,
    0xF2, 0x7B, 0x07, 0xD2, 0x5B, 0xB6, 0xEE, 0xF9, 0xF7, 0x77, 0x86, 0x6F, 0x40, 0x1F, 0xF9, 0x07,
    0x07, 0x71, 0x0D, 0x54, 0xCC, 0xF6, 0xA1, 0x4E, 0xB8, 0xC0, 0x48, 0xED, 0xA3, 0xD7, 0x86, 0x2E,
    0x11, 0xCE, 0x8A, 0x70, 0x90, 0x75, 0x20, 0x82, 0x25, 0xFB, 0x7C, 0x8B, 0x5C, 0x03, 0x94, 0x59,
    0x1A, 0xDF, 0x29, 0x3B, 0xB1, 0xD7, 0x5A, 0xCF, 0xBD, 0xDC, 0xCE, 0x0B, 0x4D, 0x5F, 0xBC, 0xE5,
    0x14, 0xA9, 0x53, 0xA2, 0x39, 0x42, 0xB4, 0xD3, 0xB0, 0x4A, 0x30, 0x99, 0xBA, 0xF8, 0x73, 0x68,
    0x24, 0x1A, 0x82, 0x8D, 0x73, 0xC3, 0x38, 0x33, 0x0F, 0x25, 0xBC, 0x9D, 0xD3, 0xBE, 0xB1, 0xBE,
    0x53, 0x88, 0x8D, 0xCF, 0x4C, 0xB1, 0xFD, 0x8B, 0xC8, 0xB5, 0x01, 0x94, 0x06, 0x94, 0x51, 0x66,
    0x98, 0x80, 0xB8, 0xF4, 0x22, 0xA2, 0xCF, 0x6F, 0x29, 0x46, 0xEB, 0x5B, 0x5A, 0x76, 0x2D, 0x97,
    0x17, 0xB2, 0xCB, 0xCB, 0x5E, 0x05, 0x78, 0x95, 0x0B, 0xE5, 0xA2, 0xBF, 0x3D, 0x6D, 0x79, 0x11,
    0xB9, 0x34, 0xC0, 0xB0, 0x09, 0xAD, 0x0C, 0x50, 0x99, 0x65, 0xF4, 0x0A, 0x40, 0x04, 0x45, 0x3C,
    0x96, 0x92, 0x8B, 0xE4, 0x2A, 0xB1, 0x85, 0xD2, 0x1B, 0xC0, 0x11, 0xC0, 0xE2, 0x14, 0x8E, 0xB9,
    0x40, 0x22, 0xE7, 0x8A, 0xD2, 0x24, 0x73, 0x65, 0x10, 0x7D, 0xF0, 0xD2, 0xFE, 0x1A, 0xF0, 0x90,
    0x0B, 0xE4, 0xC7, 0xEB, 0x17, 0x3A, 0x21, 0x36, 0x02, 0x48, 0x76, 0x00, 0x10, 0xED, 0x99, 0x69,
    0x5F, 0xB4, 0xA9, 0x46, 0xCC, 0x45, 0x2B, 0x9B, 0x61, 0x6A, 0x11, 0x5D, 0x8C, 0x60, 0x47, 0xB4,
    0x89, 0x5E, 0x27, 0xAC, 0x4F, 0xD4, 0x3E, 0x8A, 0x5E, 0x4E, 0xBB, 0xBB, 0x77, 0xBF, 0xD8, 0xDD,
    0xFD, 0x16, 0x82, 0x0E, 0xCD, 0x18, 0x5A, 0x5B, 0xE2, 0x85, 0x8A, 0x66, 0x98, 0x2C, 0x49, 0x2B,
    0xDA, 0xDC, 0x9C, 0xE3, 0xA5, 0xFB, 0xB0, 0x7A, 0x14, 0xA6, 0x15, 0xA7, 0xC2, 0xEB, 0x54, 0xF1,
    0xE1, 0x98, 0x1E, 0xB1, 0x94, 0xF5, 0x07, 0x66, 0x2B, 0x46, 0xF4, 0x83, 0x55, 0xD4, 0x66, 0xC5,
    0xBF, 0xB1, 0x64, 0xFE, 0xE7, 0x3A, 0x07, 0xEF, 0xEF, 0xFE, 0x31, 0x35, 0x71, 0x08, 0xFB, 0x82,
    0x0F, 0xB2, 0xEE, 0x35, 0x59, 0x1C, 0x6D, 0xFE, 0x22, 0xBC, 0x7A, 0xA1, 0xFA, 0x72, 0x2E, 0x5D,
    0xDE, 0x0A, 0x9B, 0x9A, 0xE7, 0xE7, 0x41, 0xA2, 0x85, 0xCD, 0x1A, 0xE9, 0x8A, 0x4E, 0xF5, 0xF5,
    0xE2, 0xF9, 0x99, 0xA9, 0xC9, 0xDB, 0x9B, 0xB7, 0x0F, 0x5F, 0x1B, 0x8F, 0xA5, 0x13, 0xF6, 0xF9,
    0x79, 0xDE, 0xDC, 0x35, 0xDF, 0xE7, 0x64, 0xFE, 0x01, 0xED, 0x93, 0x01, 0x84, 0x24, 0x57, 0x10,
    0x86, 0xBF, 0xD7, 0x9D, 0xBD, 0x8E, 0x34, 0x7A, 0xB1, 0x07, 0x11, 0xE9, 0x43, 0x00, 0xCC, 0x00,
    0x74, 0xEE, 0x5E, 0x6F, 0xF7, 0x39, 0x00, 0x58, 0x6C, 0x00, 0x80, 0x03, 0x0B, 0x01, 0x18, 0xF4,
    0xDE, 0x34, 0x01, 0x80, 0x05, 0x60, 0x21, 0x08, 0xEE, 0x76, 0xB1, 0xB0, 0x64, 0x30, 0x32, 0x8F,
    0x00, 0x82, 0x3C, 0x00, 0x82, 0x34, 0x39, 0xE0, 0xB0, 0x0F, 0x8D, 0xB6, 0x66, 0xAE, 0x52, 0xDB,
    0x3B, 0xB7, 0x32, 0x8E, 0x08, 0x10, 0xB8, 0xAE, 0xAF, 0x4A, 0x55, 0xF5, 0xFF, 0xA8, 0xAE, 0x79,
    0x13, 0xBD, 0xAF, 0x33, 0xF1, 0xD5, 0x8B, 0x70, 0xCA, 0xB0, 0x64, 0xBD, 0x64, 0x39, 0xB2, 0xD6,
    0x52, 0x9B, 0xFA, 0x4A, 0x05, 0xD8, 0x82, 0xFD, 0xE2, 0xE1, 0x39, 0x20, 0x77, 0x50, 0xA9, 0xDF,
    0x38, 0xE2, 0xDF, 0x1D, 0x69, 0xE6, 0xF8, 0x4A, 0xBD, 0x12, 0x19, 0x1D, 0xCD, 0x47, 0xFF, 0xFE,
    0x2D, 0xC8, 0x1A, 0xD0, 0xB6, 0x7B, 0x75, 0xD1, 0xCE, 0xE0, 0x9E, 0xD5, 0xC0, 0x4A, 0xEA, 0xFD,
    0x5C, 0xCF, 0x77, 0x44, 0x9D, 0xC6, 0x3A, 0xF1, 0xB7, 0x57, 0x4E, 0xDE, 0xB3, 0x77, 0x04, 0x7B,
    0x35, 0x12, 0x92, 0xDB, 0x1F, 0xB3, 0x96, 0x09, 0x94, 0x60, 0x57, 0xED, 0x5C, 0xC2, 0x9C, 0xA1,
    0xA1, 0xB1, 0x58, 0x4B, 0x33, 0x65, 0xC8, 0xDE, 0x85, 0x58, 0x3C, 0x07, 0x00, 0x95, 0xAC, 0x2B,
    0x19, 0xA0, 0xC7, 0x04, 0x62, 0x4F, 0xE2, 0xD0, 0xC3, 0x39, 0x1C, 0x82, 0x85, 0x05, 0xF4, 0x44,
    0xE3, 0x1B, 0x80, 0x03, 0x12, 0x71, 0xD9, 0x79, 0x98, 0xD2, 0x4F, 0xE8, 0xA7, 0x26, 0x64, 0xEF,
    0x7C, 0x2C, 0x75, 0x7A, 0xE3, 0xA7, 0x51, 0x5F, 0xB2, 0xB0, 0x34, 0x25, 0xC3, 0xF4, 0x3C, 0xA4,
    0xE2, 0x38, 0x46, 0x49, 0xA5, 0x9D, 0x9E, 0x77, 0x25, 0x7D, 0xC3, 0xA2, 0xA1, 0x69, 0x58, 0x1E,
    0x9A, 0x75, 0x2E, 0xCB, 0x64, 0x33, 0x83, 0x05, 0x04, 0xE2, 0xEE, 0x8B, 0x2B, 0x97, 0xDD, 0xCF,
    0x5F, 0x43, 0xB7, 0xE5, 0xF2, 0xB6, 0x15, 0x71, 0xE6, 0x43, 0xC9, 0x19, 0x17, 0x17, 0x77, 0x1D,
    0xE0, 0xE4, 0x43, 0x02, 0xAC, 0xC4, 0x8D, 0x79, 0xD2, 0x66, 0x4C, 0xB0, 0x34, 0x5C, 0xD3, 0x13,
    0x46, 0xEB, 0x35, 0x9F, 0x61, 0x29, 0xC9, 0x49, 0xEB, 0xA8, 0x05, 0xCB, 0x84, 0x8C, 0xB4, 0x8D,
    0x9D, 0x9A, 0x8F, 0xB6, 0x76, 0x57, 0xE9, 0xF9, 0x3A, 0xA7, 0xE4, 0x25, 0xFB, 0x8F, 0x79, 0x2A,
    0x5D, 0xF5, 0xBC, 0xB7, 0xCC, 0x2C, 0x85, 0x52, 0xEC, 0x72, 0x80, 0x1A, 0x89, 0xB4, 0xD9, 0x4D,
    0xA7, 0x2B, 0x38, 0x64, 0x28, 0x59, 0x36, 0x34, 0x0F, 0x68, 0xA9, 0xCD, 0xA9, 0xE9, 0x55, 0x10,
    0x4B, 0xAB, 0x62, 0x30, 0xEB, 0x74, 0x3D, 0x5F, 0x36, 0xCD, 0x7E, 0xC3, 0xC7, 0xB6, 0x5D, 0x54,
    0x75, 0xD9, 0x7D, 0x6E, 0x02, 0x04, 0x34, 0x46, 0x81, 0xC4, 0x91, 0xD7, 0x9C, 0x62, 0x7A, 0x12,
    0xAF, 0x29, 0x95, 0x04, 0x85, 0x51, 0x9F, 0x8B, 0xAB, 0xCE, 0xC3, 0xC1, 0x83, 0x3E, 0xF5, 0x89,
    0xD4, 0xD1, 0x55, 0xA7, 0x6A, 0x18, 0x14, 0x4D, 0x5E, 0x5D, 0x86, 0xB9, 0xB4, 0xE6, 0x18, 0x40,
    0x05, 0xE4, 0x9E, 0xCA, 0xF3, 0xB3, 0x37, 0x7F, 0xF9, 0xF8, 0x57, 0x9F, 0xBD, 0xF0, 0x5F, 0xC7,
    0xDE, 0xC6, 0x7E, 0x25, 0x1B, 0x85, 0xD8, 0x6F, 0xE1, 0xFF, 0xB8, 0x78, 0x9F, 0x2E, 0xDE, 0xA3,
    0x37, 0x4C, 0xA5, 0xFD, 0x2C, 0x76, 0x44, 0x5E, 0xC9, 0xC5, 0x9F, 0x46, 0x3E, 0x28, 0xB1, 0x1F,
    0x72, 0x5F, 0x0D, 0x5E, 0x97, 0x6C, 0xDE, 0x90, 0x49, 0x5B, 0x46, 0x7E, 0x46, 0xB8, 0x26, 0x88,
    0x84, 0x1E, 0xAE, 0xA1, 0x81, 0x69, 0x7D, 0x94, 0x8A, 0xE7, 0xBB, 0x7B, 0x8D, 0x2B, 0x4D, 0x98,
    0x31, 0xBB, 0xC6, 0x86, 0x11, 0x1D, 0x48, 0x27, 0x9C, 0x44, 0x41, 0xF7, 0xC2, 0x31, 0xDF, 0xF0,
    0x72, 0x42, 0xD0, 0x1B, 0x10, 0xFF, 0xD6, 0x1A, 0x81, 0x25, 0x6C, 0x88, 0xFE, 0x24, 0xFD, 0xC1,
    0xE5, 0xA6, 0xB3, 0x2C, 0x80, 0x2F, 0x7F, 0x62, 0x2E, 0x35, 0x89, 0xC3, 0x74, 0x10, 0x4E, 0x2E,
    0x82, 0x48, 0x08, 0x84, 0x6B, 0xD3, 0x95, 0x89, 0x2E, 0x0E, 0x8E, 0x28, 0xF8, 0x07, 0x27, 0xF5,
    0x33, 0x09, 0x87, 0x6C, 0xFF, 0x38, 0xC5, 0x47, 0xC0, 0xAE, 0x9E, 0xB3, 0x22, 0x71, 0x45, 0x4E,
    0xD1, 0xF0, 0x6D, 0xA0, 0xEA, 0x38, 0x5C, 0x60, 0x4B, 0x8A, 0x8C, 0xBB, 0x7E, 0x14, 0x80, 0x62,
    0xF7, 0xE1, 0xC9, 0x89, 0x7E, 0xDD, 0x33, 0xF9, 0x43, 0x5A, 0xFD, 0x35, 0x63, 0x6F, 0xE9, 0x8D,
    0x86, 0x60, 0xBA, 0xE2, 0x5F, 0x03, 0x00, 0x4F, 0xFE, 0xC3, 0x7C, 0xA3, 0xA6, 0x1B, 0x35, 0x8D,
    0xC5, 0x16, 0x58, 0x3B, 0x52, 0x32, 0xAB, 0x9E, 0x87, 0xA7, 0xE2, 0x8B, 0xC7, 0x3B, 0xDF, 0xF0,
    0xE8, 0x35, 0x73, 0x21, 0x80, 0x72, 0x0A, 0xF9, 0x5B, 0xCC, 0x2F, 0x90, 0xD5, 0x24, 0xF5, 0x59,
    0x8E, 0x6C, 0xD8, 0xD3, 0x94, 0x94, 0xFC, 0xF5, 0x6A, 0x9D, 0xB1, 0x63, 0x6D, 0xB2, 0xE1, 0xF8,
    0x6F, 0xAD, 0xD7, 0x01, 0xA4, 0x26, 0xD7, 0xF9, 0xC7, 0xF1, 0xEF, 0xCC, 0xFC, 0x37, 0x23, 0xFF,
    0x21, 0x53, 0x58, 0xA5, 0x6B, 0x77, 0x8A, 0x42, 0x35, 0x76, 0x14, 0x25, 0xB8, 0xFB, 0x9E, 0xD3,
    0x2E, 0x82, 0xD2, 0x2C, 0xB2, 0x0B, 0x21, 0x20, 0xA0, 0x2D, 0x17, 0x56, 0x5B, 0xEC, 0xBD, 0x33,
    0x6D, 0x50, 0x14, 0x2E, 0x54, 0x41, 0x09, 0x14, 0x6E, 0x42, 0x82, 0x2D, 0xB0, 0x77, 0xE7, 0x6C,
    0x02, 0x08, 0x4C, 0x45, 0x15, 0x45, 0x4E, 0x92, 0x44, 0x34, 0xC1, 0x9E, 0x24, 0x13, 0x9D, 0xDB,
    0xCC, 0x3B, 0x4F, 0xCF, 0x63, 0xDE, 0x7D, 0x5F, 0x37, 0x37, 0xAA, 0xDA, 0x9E, 0x35, 0x9F, 0xDF,
    0xCE, 0xFB, 0xCC, 0xCC, 0x9C, 0xF7, 0xCC, 0x79, 0x67, 0xEE, 0x80, 0xB6, 0xEE, 0x14, 0x72, 0x99,
    0xA1, 0xF4, 0x4F, 0x82, 0xB1, 0x44, 0x00, 0x0E, 0x94, 0x7B, 0xCA, 0xC4, 0xF1, 0xB1, 0x9D, 0x10,
    0x71, 0x13, 0xF3, 0x71, 0x7B, 0xC2, 0x04, 0x87, 0x8A, 0x51, 0x6A, 0x17, 0x29, 0x65, 0x3E, 0xB6,
    0xA9, 0x88, 0x58, 0x2E, 0xAC, 0x6F, 0x82, 0x16, 0xBE, 0x1A, 0x11, 0xB7, 0x61, 0xEF, 0x32, 0xF0,
    0xD4, 0x93, 0x91, 0xDB, 0x7B, 0x90, 0x8A, 0x1E, 0x4B, 0x04, 0xD6, 0x9F, 0x88, 0x4D, 0x3F, 0xF1,
    0x62, 0xF3, 0x77, 0xFB, 0x99, 0xF2, 0x75, 0xE7, 0xA9, 0xDE, 0x78, 0xD0, 0x53, 0xBF, 0xF8, 0x2B,
    0x87, 0x79, 0xFA, 0x7A, 0xE4, 0x87, 0x59, 0x8B, 0x79, 0x26, 0xB7, 0x98, 0x1F, 0x15, 0x60, 0x9E,
    0x2F, 0x23, 0xBF, 0x57, 0x5E, 0x79, 0x22, 0x32, 0x5D, 0x86, 0x7A, 0x8C, 0x07, 0xAE, 0x86, 0x3D,
    0x28, 0xC7, 0xA7, 0x20, 0x9F, 0xEF, 0x5E, 0x22, 0x15, 0x99, 0x49, 0x44, 0x06, 0x92, 0x8F, 0xC5,
    0x92, 0x3A, 0x0F, 0xD9, 0x83, 0x3E, 0x12, 0x0F, 0xBC, 0x69, 0x8F, 0xC9, 0x29, 0xDA, 0x8D, 0x16,
    0xF9, 0x73, 0x67, 0xB3, 0x35, 0x09, 0x79, 0x00, 0xCA, 0x3E, 0x52, 0xB9, 0x48, 0xBD, 0x19, 0x21,
    0xE5, 0x85, 0xAB, 0xD6, 0x70, 0x2A, 0x11, 0xF9, 0x42, 0xB1, 0x18, 0xD6, 0x44, 0xB6, 0x83, 0x63,
    0x23, 0x55, 0x1B, 0x29, 0x5D, 0xA4, 0x08, 0x91, 0x6C, 0x8C, 0x24, 0x32, 0x3D, 0x07, 0x8D, 0x08,
    0x14, 0x32, 0x03, 0x17, 0xA1, 0xD3, 0xF1, 0x53, 0xEC, 0x25, 0x25, 0x99, 0xC8, 0xB7, 0xC0, 0x8E,
    0x58, 0x9C, 0x94, 0x91, 0x7F, 0xB7, 0xB0, 0x23, 0x55, 0xF6, 0xC5, 0xEB, 0xD9, 0x02, 0xFA, 0x7D,
    0x8F, 0xC0, 0xC8, 0x88, 0xEE, 0x47, 0x2A, 0xB6, 0xB1, 0xD9, 0x44, 0xE9, 0xF2, 0x81, 0x5C, 0xC9,
    0xFA, 0x48, 0x62, 0x1B, 0x91, 0x1E, 0x05, 0x66, 0x80, 0x4E, 0x31, 0x2D, 0xEC, 0x0A, 0x94, 0x2D,
    0x11, 0x1B, 0xA9, 0x00, 0xF6, 0x94, 0x01, 0x48, 0x25, 0x96, 0x73, 0xA5, 0x88, 0x38, 0x76, 0xED,
    0xDA, 0x12, 0x77, 0x96, 0x18, 0x14, 0x92, 0x00, 0x7B, 0x85, 0x5C, 0x97, 0x99, 0x6B, 0x8D, 0x7C,
    0x28, 0xE2, 0xCC, 0xE9, 0x73, 0xF2, 0xC1, 0xBE, 0x37, 0x2E, 0x15, 0x9B, 0x05, 0xD3, 0x22, 0xA4,
    0x83, 0x81, 0xF5, 0x12, 0x13, 0xC9, 0x2E, 0xD2, 0x25, 0xB2, 0x25, 0xF2, 0x25, 0xCA, 0x25, 0xAA,
    0x25, 0xAE, 0x2D, 0x71, 0x67, 0x89, 0x51, 0xC3, 0x24, 0x41, 0xC3, 0xA4, 0x5E, 0x83, 0xCC, 0xA1,
    0xAD, 0x68, 0x55, 0x4A, 0x05, 0xBE, 0xA1, 0x50, 0x89, 0xAD, 0x85, 0x42, 0xDC, 0xA5, 0x19, 0xA4,
    0x27, 0x44, 0xBD, 0xFA, 0xF7, 0xA0, 0x7E, 0x36, 0xAA, 0x9F, 0x4E, 0x51, 0x23, 0xB1, 0xB9, 0x45,
    0x42, 0x63, 0x03, 0xC4, 0xBE, 0xAB, 0x95, 0xFB, 0x72, 0x35, 0x1B, 0xF4, 0xF3, 0x74, 0x52, 0x99,
    0x55, 0x44, 0xA5, 0x51, 0x31, 0x2A, 0x55, 0xA0, 0x98, 0x29, 0x83, 0xF6, 0xA1, 0x08, 0x74, 0xD2,
    0x02, 0x31, 0x82, 0x46, 0x25, 0xA3, 0x46, 0xF1, 0x60, 0x42, 0xC3, 0xDD, 0x5B, 0xE2, 0xE0, 0x89,
    0x33, 0x71, 0x95, 0x26, 0xC6, 0x9D, 0x2E, 0xFE, 0xC0, 0xE2, 0x26, 0xF2, 0xD9, 0x7B, 0xB6, 0x78,
    0x30, 0xAE, 0xB2, 0x37, 0x6C, 0x21, 0x61, 0x95, 0x3D, 0x88, 0xD1, 0xAE, 0x32, 0x4F, 0xE1, 0x58,
    0xA5, 0x23, 0x1A, 0xCC, 0x4B, 0x34, 0x56, 0x83, 0xAA, 0xD5, 0x20, 0x77, 0x1A, 0x69, 0xE6, 0x34,
    0xB2, 0xEB, 0x1A, 0x26, 0xFB, 0x8D, 0xEB, 0x26, 0xEA, 0xCF, 0xC4, 0xC6, 0x28, 0xDF, 0x5D, 0x63,
    0x66, 0x0B, 0xCB, 0xDC, 0xD2, 0x78, 0x75, 0x8E, 0xEA, 0x91, 0x96, 0xA8, 0xB5, 0xA8, 0x07, 0xD4,
    0xA0, 0x74, 0xCD, 0x5A, 0xE3, 0x81, 0x88, 0x7E, 0xF8, 0xE2, 0xF8, 0xBC, 0x6E, 0xF2, 0xB4, 0xD7,
    0x9A, 0xC9, 0xFB, 0x18, 0xB7, 0xE6, 0xDC, 0xA3, 0x07, 0xCB, 0x46, 0x8D, 0x3E, 0x15, 0xCB, 0x2A,
    0x0F, 0x74, 0x9E, 0x55, 0x16, 0xA8, 0x26, 0x56, 0xC9, 0x48, 0xA2, 0xBB, 0x4F, 0x60, 0x62, 0xDC,
    0x87, 0xDA, 0xC6, 0xDD, 0xA1, 0x8A, 0x51, 0x5B, 0x74, 0xAD, 0x7A, 0xD3, 0x36, 0x7A, 0xA2, 0xBF,
    0x8A, 0x9E, 0x2F, 0xFF, 0x50, 0x06, 0xB4, 0x5D, 0x04, 0x33, 0x67, 0xC1, 0x84, 0xFA, 0x34, 0x0B,
    0xB5, 0xCF, 0x43, 0xFC, 0x67, 0xB3, 0x50, 0x0C, 0x45, 0xB4, 0x1C, 0x0B, 0x1E, 0x79, 0x65, 0x2A,
    0x97, 0x6B, 0x17, 0x16, 0xD3, 0x71, 0xEF, 0xE4, 0x09, 0x92, 0xF1, 0xA9, 0x43, 0xF5, 0xB6, 0xB9,
    0x7C, 0xA6, 0xCA, 0x14, 0xEA, 0x9F, 0xC2, 0xDA, 0x57, 0xAF, 0xC0, 0xFD, 0xBE, 0x9C, 0xA0, 0x73,
    0x1B, 0x47, 0x68, 0xDA, 0x42, 0xB5, 0xF9, 0x00, 0xC6, 0x66, 0x2A, 0x59, 0xC0, 0xC8, 0xDF, 0x48,
    0xBD, 0x11, 0x71, 0xB1, 0x47, 0xC7, 0xAF, 0x86, 0x2C, 0xAC, 0x48, 0x47, 0x95, 0x49, 0xE5, 0x20,
    0x9A, 0x1E, 0xAD, 0xA2, 0x99, 0xFF, 0xEF, 0x25, 0xF3, 0x6A, 0xDE, 0xAB, 0x95, 0x5B, 0x65, 0x1F,
    0xDC, 0xEC, 0xEC, 0x2A, 0x13, 0x59, 0xA3, 0x7A, 0x80, 0x04, 0xBD, 0x53, 0x58, 0x28, 0x95, 0x54,
    0x00, 0x0C, 0x20, 0x32, 0x6D, 0xD0, 0xD5, 0x42, 0x3A, 0xE8, 0x44, 0xC8, 0x4E, 0x53, 0xA1, 0xF0,
    0x74, 0x54, 0x8E, 0x86, 0xBA, 0xC5, 0x60, 0xAC, 0x02, 0x86, 0x06, 0xC5, 0x6E, 0x3F, 0x73, 0x4A,
    0x1F, 0xA9, 0xC6, 0xA4, 0xEB, 0x4B, 0x91, 0x6E, 0xCC, 0x64, 0x5D, 0x7B, 0xF6, 0xFB, 0x2B, 0x7C,
    0x55, 0xD3, 0xC1, 0x9D, 0x8C, 0xA2, 0xBD, 0x7A, 0x1F, 0x68, 0x64, 0x86, 0x74, 0x9D, 0x88, 0xA5,
    0x08, 0xD4, 0x50, 0x3A, 0x2E, 0xA0, 0x27, 0x06, 0x8C, 0x55, 0x1B, 0x14, 0xDD, 0x67, 0x23, 0x02,
    0x3B, 0xCF, 0x55, 0x3B, 0xB4, 0x35, 0x56, 0x35, 0xAD, 0x5A, 0xEB, 0x31, 0x29, 0xF5, 0xF8, 0x64,
    0xF1, 0x5C, 0x80, 0x0E, 0x12, 0x5C, 0x12, 0xAF, 0x33, 0xD3, 0xE8, 0xBD, 0x61, 0xA8, 0x67, 0x98,
    0x49, 0x7B, 0x35, 0x77, 0x6A, 0x89, 0x7A, 0x15, 0xF5, 0x0E, 0x6A, 0x50, 0x53, 0xAF, 0x66, 0x6E,
    0xF9, 0x3E, 0x61, 0x23, 0x73, 0xD5, 0x13, 0x2D, 0x83, 0x9A, 0x8D, 0x6A, 0xBA, 0x56, 0x11, 0xD4,
    0xC6, 0xAA, 0xC6, 0xA9, 0x95, 0x57, 0x8B, 0x81, 0x4A, 0xDE, 0xCF, 0xA4, 0x35, 0x32, 0xA6, 0xD2,
    0x37, 0x22, 0x32, 0xEC, 0x38, 0xFF, 0x14, 0xBE, 0xA2, 0x74, 0x11, 0x19, 0x15, 0x07, 0xE9, 0x0C,
    0x54, 0x5A, 0xED, 0x62, 0x35, 0x1B, 0x27, 0x21, 0xE9, 0x65, 0x38, 0x5F, 0xDD, 0x3E, 0xBD, 0xFA,
    0x08, 0x9C, 0x65, 0xFB, 0x04, 0x7D, 0xF4, 0xC3, 0x97, 0xA0, 0x59, 0xFF, 0x61, 0x7F, 0xAD, 0xF9,
    0x7F, 0xD0, 0x69, 0x81, 0x0B, 0x3A, 0x92, 0x5A, 0xB0, 0x85, 0xD7, 0xD4, 0x49, 0xBF, 0xC9, 0x41,
    0x73, 0x45, 0xAA, 0xC9, 0x01, 0xC9, 0xA8, 0x79, 0xB2, 0xC9, 0x69, 0x9B, 0x4B, 0x7D, 0x24, 0x1B,
    0x52, 0x69, 0xF5, 0x86, 0x1D, 0x2A, 0x09, 0x69, 0x20, 0xF7, 0xE6, 0x77, 0x63, 0x16, 0x28, 0xFB,
    0x13, 0xA6, 0x98, 0xB5, 0x9B, 0x98, 0x72, 0x4F, 0xF3, 0xFD, 0x91, 0xA9, 0xE8, 0x93, 0x39, 0x1D,
    0x62, 0xBA, 0x2A, 0x6E, 0x93, 0x8E, 0xE5, 0x47, 0xD2, 0x67, 0x63, 0x11, 0x4A, 0x99, 0xC9, 0x44,
    0xFA, 0x4A, 0x8E, 0xC8, 0x1F, 0xCE, 0x68, 0x2B, 0xDC, 0x0D, 0x0D, 0x4A, 0xC7, 0xD9, 0x6C, 0x97,
    0xAC, 0xEC, 0x92, 0xF5, 0x12, 0x98, 0x4D, 0xAE, 0xD8, 0xB6, 0x62, 0x1D, 0x31, 0x12, 0xB9, 0x5F,
    0x39, 0x98, 0xCA, 0xC8, 0x58, 0x3C, 0x62, 0x52, 0xF4, 0x33, 0xEE, 0xE9, 0x31, 0x0F, 0x2A, 0xDD,
    0xB9, 0x8E, 0x98, 0x6B, 0x8F, 0x06, 0xBB, 0x1C, 0x22, 0x45, 0x80, 0xAF, 0xE9, 0x30, 0xBD, 0x56,
    0x06, 0x18, 0xEA, 0x91, 0x74, 0x3A, 0x98, 0xC8, 0xE6, 0xE9, 0x84, 0xE2, 0xED, 0xB0, 0xA2, 0x7C,
    0xC6, 0x1B, 0x4C, 0xE6, 0x2A, 0x7B, 0x90, 0x5A, 0x3D, 0xD4, 0xD2, 0xD7, 0xE2, 0x2C, 0x65, 0xE4,
    0xF1, 0xFD, 0x16, 0x2A, 0xD1, 0xB5, 0x91, 0x4E, 0xA4, 0x55, 0x46, 0x0A, 0x91, 0x99, 0x64, 0x4A,
    0x04, 0x89, 0x6D, 0x16, 0x25, 0x99, 0xA8, 0xDD, 0x96, 0xF6, 0x4C, 0xA1, 0x23, 0x99, 0xD2, 0x99,
    0x44, 0x64, 0x52, 0x06, 0xA5, 0x25, 0x16, 0xF8, 0x4A, 0xBE, 0x23, 0x47, 0xD0, 0xC9, 0x00, 0x70,
    0xFB, 0x0C, 0xA9, 0x8C, 0x50, 0x8B, 0x58, 0xE6, 0xBB, 0x8D, 0xCB, 0xC6, 0xDB, 0xA5, 0xCB, 0xC3,
    0xED, 0x84, 0xB2, 0x8F, 0xD5, 0xCA, 0x45, 0xEA, 0x36, 0x62, 0x14, 0x63, 0xBF, 0xC4, 0xCF, 0x25,
    0x98, 0xF6, 0x67, 0xE2, 0x63, 0xB5, 0xC1, 0xB8, 0x48, 0xAD, 0x54, 0x7D, 0xA4, 0x0C, 0x91, 0x7C,
    0x8C, 0xA4, 0x12, 0x8F, 0x4C, 0x23, 0xD2, 0xEA, 0x7D, 0xE2, 0x5C, 0x0F, 0x38, 0x54, 0x10, 0x25,
    0x11, 0x1B, 0x4D, 0xC5, 0x45, 0xB3, 0x2F, 0xD4, 0xFC, 0x43, 0x1F, 0x2D, 0xDE, 0x08, 0xD1, 0xF2,
    0xF5, 0x21, 0x5A, 0xFD, 0x72, 0x84, 0x4E, 0x62, 0xDB, 0xC8, 0x7D, 0x1A, 0x60, 0xC2, 0x80, 0x8E,
    0x94, 0x3D, 0x53, 0xCD, 0x03, 0x85, 0xA7, 0xE8, 0xD1, 0x19, 0xE9, 0xC8, 0x06, 0xAA, 0x96, 0x74,
    0xC4, 0xD8, 0xCD, 0x2E, 0xAC, 0x39, 0xD4, 0x5E, 0xC4, 0xDC, 0x4D, 0xA1, 0x7D, 0x39, 0x22, 0x13,
    0xD1, 0x6B, 0xFC, 0xB2, 0x90, 0x5A, 0x1A, 0xCB, 0xE6, 0x4E, 0x56, 0x6D, 0xA9, 0xAD, 0x9E, 0x22,
    0x28, 0x01, 0xF6, 0x47, 0xFD, 0xD5, 0xB5, 0xD0, 0x8C, 0x70, 0x4B, 0x7E, 0x7B, 0xF3, 0x86, 0x16,
    0x42, 0xF3, 0xD1, 0xF1, 0xF1, 0x4B, 0xBB, 0x7D, 0x16, 0x5C, 0xA4, 0xF4, 0x24, 0x36, 0x9F, 0x6F,
    0xBE, 0xDA, 0xA6, 0xA2, 0x63, 0xB3, 0x2F, 0xA7, 0xC0, 0xB3, 0x00, 0x59, 0x0B, 0x85, 0x85, 0x32,
    0x86, 0xE8, 0xD7, 0x09, 0xD9, 0x60, 0x86, 0xC2, 0x99, 0xA1, 0x6C, 0xFF, 0xE8, 0x6B, 0x1B, 0x30,
    0x78, 0x4C, 0xD2, 0xEB, 0x9C, 0xC3, 0x5C, 0x6F, 0x31, 0xBF, 0xB6, 0x98, 0x37, 0xA1, 0x7A, 0x08,
    0xE5, 0xCC, 0xED, 0x5C, 0x24, 0xE8, 0x94, 0x40, 0x3B, 0xF3, 0x1A, 0x10, 0x20, 0xF1, 0xE8, 0xFF,
    0x83, 0xAE, 0x28, 0x49, 0x20, 0xD1, 0xDF, 0x6B, 0x21, 0x22, 0x53, 0xA3, 0x7C, 0xFD, 0xF4, 0x27,
    0x9F, 0x3F, 0x9B, 0x85, 0x2C, 0xF0, 0x9F, 0x90, 0x0E, 0x91, 0x64, 0x7D, 0x21, 0xAE, 0xC8, 0x1C,
    0x31, 0x33, 0x90, 0x58, 0x36, 0x2D, 0xE9, 0x66, 0x8B, 0x9E, 0x2C, 0x80, 0x89, 0x7F, 0x49, 0x42,
    0x03, 0x16, 0xD6, 0x68, 0x9B, 0xCE, 0xD9, 0x29, 0x98, 0x5E, 0xAD, 0xD6, 0x6A, 0x2E, 0x5E, 0xA3,
    0x99, 0xD9, 0x4E, 0x12, 0xEA, 0xA0, 0x66, 0xC3, 0xFF, 0xA7, 0x2F, 0x7D, 0x3B, 0x19, 0xCD, 0xDB,
    0x6B, 0x71, 0xE3, 0x77, 0x07, 0x73, 0xDD, 0x8D, 0xDF, 0x0B, 0x57, 0xD2, 0x3F, 0x0D, 0x57, 0xFD,
    0xE5, 0xF4, 0xAD, 0x50, 0x0C, 0x97, 0xD3, 0x87, 0x7D, 0x2A, 0xF2, 0xB2, 0x58, 0x3E, 0x16, 0x19,
    0xC0, 0x5F, 0xB9, 0xD5, 0x43, 0xAC, 0x46, 0x8F, 0x1E, 0x4F, 0x5A, 0x74, 0x04, 0xFC, 0x0E, 0xB6,
    0xED, 0xC7, 0xC7, 0xC7, 0xC7, 0x47, 0xBB, 0x02, 0xC9, 0x08, 0xFF, 0x43, 0x8C, 0x5E, 0x7D, 0xA3,
    0x5C, 0xBC, 0x35, 0x03, 0xD4, 0x9B, 0xFB, 0xC7, 0xAE, 0x80, 0xAE, 0x42, 0xA5, 0x18, 0x1B, 0x59,
    0xC7, 0x14, 0xAF, 0x8C, 0xBB, 0xE7, 0xA6, 0x16, 0x4C, 0x1B, 0xA9, 0xB7, 0x1B, 0x97, 0xBD, 0xE2,
    0x37, 0xB7, 0x30, 0x72, 0x89, 0xA4, 0xA2, 0x13, 0x6A, 0xF3, 0xFA, 0x91, 0x4E, 0x40, 0xB2, 0x90,
    0xDA, 0x48, 0x15, 0x59, 0xAF, 0x21, 0x91, 0x7E, 0xFB, 0xCC, 0x49, 0x2C, 0xF7, 0xB5, 0xF0, 0xCE,
    0x52, 0xF0, 0x5F, 0x7E, 0x18, 0xF1, 0x8E, 0x92, 0x6C, 0x28, 0x6C, 0xA4, 0x44, 0x5F, 0x9E, 0xE8,
    0xB6, 0x6C, 0x5A, 0x3E, 0xAA, 0xD4, 0xA2, 0xB2, 0x57, 0xB6, 0x1A, 0xBF, 0xC8, 0x9D, 0xC6, 0xBD,
    0xAC, 0xD7, 0x38, 0x58, 0xC2, 0x7C, 0xFC, 0x8F, 0xF8, 0xBE, 0x4B, 0x29, 0xCB, 0x9B, 0x54, 0xA7,
    0x09, 0x5A, 0xAB, 0x5A, 0x34, 0x72, 0xA7, 0xA1, 0x4B, 0xD6, 0xBF, 0xF4, 0xAD, 0x34, 0xC6, 0x5B,
    0xC3, 0x89, 0xC6, 0x43, 0x91, 0xEB, 0xB1, 0x36, 0xD7, 0x7F, 0x79, 0x18, 0x63, 0x2C, 0x90, 0xCD,
    0xD7, 0x87, 0x7A, 0x50, 0xB9, 0x33, 0xA9, 0x7C, 0xF3, 0x50, 0x85, 0xFA, 0x83, 0x5B, 0x16, 0x28,
    0x44, 0x34, 0x92, 0x4E, 0x23, 0xA6, 0x8A, 0x3F, 0xCF, 0x63, 0x43, 0xC4, 0xE8, 0x46, 0xB3, 0xF4,
    0x24, 0xC3, 0x7B, 0x81, 0xCC, 0xBF, 0x33, 0x90, 0xF7, 0x7E, 0xA2, 0x70, 0xFE, 0x1E, 0xA5, 0xF3,
    0x07, 0x94, 0xAD, 0xD7, 0xBF, 0xAC, 0xBD, 0xA1, 0xB6, 0x8F, 0x30, 0x11, 0x6B, 0xF0, 0xF5, 0x8E,
    0xD6, 0x28, 0xCD, 0x23, 0x5C, 0x27, 0xF2, 0x3E, 0x11, 0x41, 0x47, 0xB0, 0x4D, 0x26, 0x9A, 0xED,
    0x43, 0xA0, 0xEC, 0x23, 0xD5, 0x76, 0xB5, 0x69, 0x45, 0x64, 0x46, 0x74, 0x8F, 0xF3, 0xEF, 0xA0,
    0x82, 0xF2, 0xAF, 0x5E, 0x3F, 0x8F, 0x58, 0x66, 0x02, 0xC9, 0xD1, 0x0B, 0xD1, 0xD4, 0xDF, 0x55,
    0x3F, 0x1F, 0x58, 0xDE, 0x86, 0xB5, 0x2A, 0x3D, 0x99, 0xF8, 0x6E, 0xA4, 0xF8, 0xD4, 0xDF, 0x5D,
    0x53, 0xBD, 0xEE, 0xEF, 0x1A, 0xCC, 0x0F, 0xFC, 0xDD, 0xD8, 0xEF, 0xB8, 0x7D, 0xE9, 0x0E, 0xD5,
    0xFE, 0x24, 0x5A, 0xF4, 0x6B, 0xD5, 0xAB, 0xB9, 0x5F, 0x63, 0x6F, 0x24, 0x37, 0x4E, 0xD0, 0x76,
    0x5F, 0xA1, 0x51, 0x30, 0x6C, 0xA7, 0x38, 0x65, 0xAF, 0x66, 0x83, 0xCA, 0xAC, 0x24, 0x4D, 0xBC,
    0xE8, 0xCB, 0x35, 0xDF, 0xA8, 0x2D, 0xED, 0xC3, 0x76, 0xD1, 0x0E, 0x6F, 0xBE, 0x9B, 0x9B, 0xA8,
    0xFC, 0x44, 0x1E, 0x26, 0xB2, 0xDD, 0x42, 0xEE, 0x75, 0x8C, 0xE4, 0x58, 0xAC, 0xC8, 0x88, 0x8E,
    0x61, 0x5C, 0xD7, 0xDA, 0x30, 0x91, 0xEA, 0x8B, 0xE6, 0xB4, 0x2C, 0x69, 0x5C, 0xB2, 0xB8, 0x5E,
    0x84, 0xF9, 0xB8, 0xF3, 0x22, 0xA2, 0xDB, 0x9F, 0x39, 0x17, 0xD6, 0xB2, 0x99, 0xAE, 0x6D, 0xA2,
    0x6F, 0xCF, 0xF3, 0x73, 0xAE, 0xF4, 0x4B, 0xEF, 0x0D, 0xCB, 0x72, 0x78, 0x76, 0xD9, 0x7E, 0xAE,
    0xDB, 0x54, 0x3D, 0x14, 0xA7, 0x8F, 0xF5, 0xE9, 0xF2, 0x76, 0xDE, 0xC2, 0x0D, 0xB4, 0x5D, 0xBC,
    0x79, 0xD3, 0x1A, 0x11, 0x1F, 0x97, 0xFE, 0x9F, 0x75, 0xCF, 0x01, 0x66, 0x6B, 0x41, 0x18, 0x47,
    0xF1, 0x5F, 0x12, 0x12, 0x04, 0x01, 0x78, 0x04, 0xD9, 0xC1, 0xBB, 0x1B, 0xA8, 0x66, 0x96, 0x50,
    0x74, 0x31, 0x45, 0xDA, 0x9B, 0x25, 0x74, 0x41, 0xAD, 0x99, 0x25, 0x64, 0x09, 0x41, 0x17, 0x50,
    0x04, 0xB7, 0x24, 0xFD, 0x3A, 0x6D, 0x5C, 0x8C, 0x2A, 0x73, 0x18, 0xE7, 0xF8, 0x0F, 0x13, 0x11,
    0x65, 0x04, 0xD3, 0x23, 0x16, 0x05, 0xAB, 0x84, 0xFF, 0xB0, 0x83, 0x93, 0x1A, 0xDF, 0x9B, 0xD8,
    0xFD, 0x8E, 0xB3, 0x36, 0xDE, 0xC0, 0xD0, 0xC6, 0x7D, 0x13, 0x17, 0x83, 0x4D, 0xD8, 0x46, 0xEA,
    0x63, 0x7F, 0x3D, 0xF5, 0x5E, 0x4D, 0xF5, 0xAB, 0xE3, 0xAC, 0x6C, 0x3F, 0x97, 0xE5, 0xB5, 0x8B,
    0x32, 0x2C, 0x22, 0x0D, 0x93, 0x0B, 0xFC, 0xE1, 0xE7, 0xE9, 0xFA, 0xF6, 0x16, 0x2F, 0x9A, 0x5F,
    0xAD, 0x0A, 0x1D, 0x1E, 0x35, 0x7E, 0xD4, 0xB7, 0xB8, 0x07, 0x60, 0xC7, 0xFA, 0x6C, 0x1E, 0x27,
    0xF9, 0x62, 0x13, 0x49, 0x3E, 0x90, 0x13, 0xFD, 0x87, 0xAA, 0xDF, 0x54, 0xF9, 0x4C, 0x3E, 0x33,
    0xAD, 0xF8, 0x07, 0x39, 0xE2, 0x3C, 0x02, 0x0F, 0xE8, 0x0F, 0x74, 0x91, 0x4C, 0xF2, 0xCF, 0xF0,
    0xC8, 0xFA, 0xBA, 0x91, 0x07, 0x35, 0x2C, 0xAB, 0xEA, 0x6B, 0x7A, 0x4A, 0xDC, 0x01, 0xFA, 0xBA,
    0xFF, 0xE6, 0x0B, 0xC5, 0x91, 0x21, 0x8C, 0xDB, 0x6A, 0x10, 0x84, 0x3F, 0xE7, 0xF4, 0x64, 0x60,
    0x90, 0x47, 0x52, 0x62, 0x60, 0x52, 0x6E, 0x5A, 0xB6, 0x66, 0x47, 0x03, 0xCA, 0xC3, 0x51, 0xCA,
    0xA5, 0xD6, 0xE6, 0x25, 0xE5, 0x9C, 0x73, 0x54, 0x47, 0xE5, 0xE0, 0x27, 0xE5, 0x01, 0xE5, 0x32,
    0x08, 0xF0, 0x49, 0xF1, 0x3F, 0x95, 0x77, 0x03, 0x72, 0x57, 0xD4, 0xEA, 0xAA, 0x06, 0xCC, 0x17,
    0xAF, 0xD6, 0xAB, 0x19, 0x0F, 0x1C, 0xE7, 0x42, 0x67, 0x4A, 0xE9, 0xA0, 0x2B, 0x8D, 0x24, 0x65,
    0x2C, 0x35, 0x4B, 0xB1, 0xD0, 0xF3, 0x70, 0xE1, 0x2D, 0x99, 0x72, 0x02, 0x96, 0x7B, 0xB4, 0xB7,
    0xC5, 0x40, 0x1D, 0x60, 0xA1, 0x9A, 0x78, 0x65, 0x64, 0x47, 0xA3, 0xF3, 0xA8, 0x8E, 0x56, 0x93,
    0x74, 0x02, 0x8E, 0x19, 0x28, 0xFD, 0x7F, 0x23, 0x25, 0xB0, 0x2F, 0x7D, 0x82, 0x91, 0x6A, 0x80,
    0x05, 0xB8, 0xD3, 0x70, 0x3B, 0x61, 0xAE, 0xB5, 0x6B, 0xC4, 0xF8, 0x63, 0xAD, 0x6E, 0x1A, 0xF6,
    0xC2, 0x5D, 0x98, 0xEB, 0xE0, 0xF8, 0xF4, 0xC1, 0xBD, 0xB9, 0xED, 0x55, 0x2D, 0x35, 0x13, 0x8C,
    0xB1, 0xFF, 0xF2, 0x5A, 0x2B, 0x3D, 0xBA, 0xB7, 0xD2, 0xBD, 0xC5, 0xFC, 0x75, 0xF4, 0x17, 0x6F,
    0xD1, 0xF6, 0x0F, 0xA2, 0xEE, 0x4C, 0xF4, 0x2D, 0xA2, 0x70, 0x11, 0x8D, 0xBF, 0x83, 0xAF, 0xD1,
    0x35, 0xCB, 0x73, 0xB6, 0xF2, 0xDF, 0x60, 0x37, 0xD6, 0xC1, 0x2E, 0xBE, 0x85, 0xFD, 0x3D, 0xE6,
    0xA0, 0x67, 0x79, 0xD4, 0xEC, 0x69, 0x3E, 0xEB, 0xBA, 0xE6, 0xD9, 0x48, 0x83, 0xE7, 0x59, 0x19,
    0x79, 0x3A, 0xCF, 0xC3, 0xD8, 0x79, 0x9E, 0x78, 0xBF, 0x8C, 0x7B, 0xCF, 0xE9, 0x79, 0xAE, 0xD6,
    0xD9, 0x8D, 0x9E, 0x67, 0xB6, 0x7F, 0x97, 0x67, 0xB7, 0x87, 0x8D, 0x32, 0x54, 0x52, 0xA2, 0x49,
    0xF5, 0xBA, 0xB5, 0xB9, 0x60, 0xBC, 0x90, 0x5A, 0x8B, 0x61, 0xCA, 0xC6, 0x9B, 0xA7, 0xF7, 0x31,
    0xFB, 0x3D, 0x29, 0x5C, 0xAE, 0x18, 0xE4, 0x55, 0xC6, 0x6C, 0xD0, 0x64, 0x80, 0x3D, 0xB0, 0xEB,
    0x00, 0x0A, 0xCD, 0xE0, 0x66, 0x56, 0x6C, 0x53, 0x3F, 0x00, 0x4D, 0xB7, 0x3D, 0x01, 0x2D, 0x77,
    0x88, 0x61, 0x21, 0x0D, 0xBD, 0xA6, 0xAD, 0xF4, 0x4D, 0x9A, 0x2C, 0x1D, 0xBA, 0xC3, 0xF7, 0xBD,
    0xC1, 0xBA, 0xF2, 0x29, 0x60, 0x04, 0x92, 0x63, 0xBB, 0x38, 0x36, 0x3A, 0xAF, 0xA0, 0xCD, 0x8E,
    0x42, 0x43, 0xDC, 0x3C, 0x39, 0xAA, 0xE4, 0x28, 0x1D, 0xEB, 0x53, 0xE2, 0x23, 0xC7, 0x53, 0x75,
    0xF9, 0xBF, 0x97, 0x78, 0xD0, 0xA5, 0xD5, 0x0C, 0xE3, 0xC4, 0x0E, 0xF8, 0x8F, 0x9F, 0x55, 0x8F,
    0xB1, 0x11, 0xC2, 0x50, 0x0C, 0x43, 0xCD, 0xB9, 0xA0, 0x74, 0x0F, 0x43, 0x64, 0x04, 0x67, 0xB3,
    0x30, 0x02, 0x1B, 0xE5, 0x8F, 0xE0, 0x11, 0x18, 0x81, 0x22, 0xB9, 0xA3, 0x48, 0x10, 0x8A, 0x7E,
    0xC1, 0xC5, 0xCD, 0x2B, 0xF4, 0xEE, 0x24, 0xDB, 0xFF, 0x7C, 0xEC, 0x8C, 0xEA, 0xCC, 0xA5, 0x13,
    0xBB, 0xE0, 0x80, 0x84, 0x00, 0x4A, 0xF1, 0xF3, 0x2E, 0xE1, 0x63, 0xB6, 0x13, 0x4E, 0x26, 0x85,
    0xD8, 0x6E, 0x8F, 0xA4, 0x90, 0x5F, 0xD4, 0x40, 0x01, 0xC0, 0x6B, 0xD8, 0xCD, 0xC9, 0x96, 0x18,
    0x83, 0xB4, 0x09, 0x95, 0xC0, 0x76, 0x01, 0x16, 0xF2, 0x7D, 0x25, 0xE3, 0xD0, 0x80, 0x72, 0x28,
    0x1B, 0x8D, 0x9C, 0x8E, 0xE6, 0x04, 0x18, 0xAB, 0x56, 0xC5, 0x8E, 0x75, 0xD6, 0x10, 0xB4, 0xD4,
    0xB0, 0x6C, 0xAC, 0xE1, 0x45, 0xCB, 0x3A, 0xE8, 0xEB, 0xCC, 0x58, 0xBB, 0xCF, 0x7F, 0x44, 0x9D,
    0xFF, 0xD4, 0xFD, 0x00,
};

static const EpdGlyph libron_16_regularGlyphs[] = {
    { 0, 0, 0, 0, 0, 0, 0 }, // U+0000
    { 0, 0, 139, 0, 0, 0, 0 }, // U+000D
    { 0, 0, 127, 0, 0, 0, 0 }, // U+0020
    { 6, 23, 159, 2, 23, 35, 0 }, // !
    { 10, 9, 207, 1, 23, 23, 35 }, // "
    { 20, 23, 323, 0, 23, 115, 58 }, // #
    { 16, 29, 292, 1, 26, 116, 173 }, // $
    { 25, 23, 436, 1, 23, 144, 289 }, // %
    { 24, 23, 406, 1, 23, 138, 433 }, // &
    { 5, 9, 118, 1, 23, 12, 571 }, // '
    { 9, 30, 171, 1, 25, 68, 583 }, // (
    { 10, 30, 171, 0, 25, 75, 651 }, // )
    { 11, 12, 231, 2, 24, 33, 726 }, // *
    { 14, 14, 280, 2, 15, 49, 759 }, // +
    { 7, 11, 138, 0, 5, 20, 808 }, // ,
    { 9, 3, 201, 2, 10, 7, 828 }, // -
    { 6, 5, 137, 1, 5, 8, 835 }, // .
    { 13, 23, 221, 0, 23, 75, 843 }, // /
    { 19, 23, 344, 1, 23, 110, 918 }, // 0
    { 14, 23, 231, 0, 23, 81, 1028 }, // 1
    { 17, 23, 312, 1, 23, 98, 1109 }, // 2
    { 16, 23, 298, 1, 23, 92, 1207 }, // 3
    { 19, 23, 328, 0, 23, 110, 1299 }, // 4
    { 17, 23, 288, 0, 23, 98, 1409 }, // 5
    { 17, 25, 305, 1, 25, 107, 1507 }, // 6
    { 17, 23, 284, 1, 23, 98, 1614 }, // 7
    { 17, 23, 317, 1, 23, 98, 1712 }, // 8
    { 17, 26, 304, 1, 23, 111, 1810 }, // 9
    { 6, 17, 150, 2, 17, 26, 1921 }, // :
    { 7, 23, 154, 1, 17, 41, 1947 }, // ;
    { 15, 16, 280, 1, 16, 60, 1988 }, // <
    { 14, 9, 280, 2, 13, 32, 2048 }, // =
    { 15, 16, 280, 1, 16, 60, 2080 }, // >
    { 17, 23, 285, 0, 23, 98, 2140 }, // ?
    { 28, 28, 475, 1, 23, 196, 2238 }, // @
    { 24, 23, 407, 1, 23, 138, 2434 }, // A
    { 20, 23, 365, 1, 23, 115, 2572 }, // B
    { 21, 23, 384, 1, 23, 121, 2687 }, // C
    { 24, 23, 418, 1, 23, 138, 2808 }, // D
    { 19, 23, 346, 1, 23, 110, 2946 }, // E
    { 18, 23, 319, 1, 23, 104, 3056 }, // F
    { 22, 23, 394, 1, 23, 127, 3160 }, // G
    { 26, 23, 447, 1, 23, 150, 3287 }, // H
    { 11, 23, 204, 1, 23, 64, 3437 }, // I
    { 16, 23, 274, 0, 23, 92, 3501 }, // J
    { 25, 23, 414, 1, 23, 144, 3593 }, // K
    { 18, 23, 323, 1, 23, 104, 3737 }, // L
    { 32, 23, 546, 1, 23, 184, 3841 }, // M
    { 25, 23, 432, 1, 23, 144, 4025 }, // N
    { 24, 23, 420, 1, 23, 138, 4169 }, // O
    { 20, 23, 349, 1, 23, 115, 4307 }, // P
    { 24, 32, 420, 1, 23, 192, 4422 }, // Q
    { 23, 23, 379, 1, 23, 133, 4614 }, // R
    { 18, 23, 323, 1, 23, 104, 4747 }, // S
    { 21, 23, 362, 1, 23, 121, 4851 }, // T
    { 25, 23, 424, 1, 23, 144, 4972 }, // U
    { 26, 23, 400, -1, 23, 150, 5116 }, // V
    { 34, 23, 554, 0, 23, 196, 5266 }, // W
    { 26, 23, 415, 0, 23, 150, 5462 }, // X
    { 24, 23, 388, 0, 23, 138, 5612 }, // Y
    { 20, 23, 348, 1, 23, 115, 5750 }, // Z
    { 8, 28, 189, 3, 24, 56, 5865 }, // [
    { 13, 23, 221, 0, 23, 75, 5921 }, // <backslash>
    { 9, 28, 189, 0, 24, 63, 5996 }, // ]
    { 14, 13, 280, 2, 24, 46, 6059 }, // ^
    { 13, 2, 208, 0, -3, 7, 6105 }, // _
    { 7, 6, 253, 2, 24, 11, 6112 }, // `
    { 17, 18, 297, 1, 18, 77, 6123 }, // a
    { 19, 26, 317, 0, 26, 124, 6200 }, // b
    { 15, 18, 268, 1, 18, 68, 6324 }, // c
    { 20, 27, 339, 1, 26, 135, 6392 }, // d
    { 16, 18, 283, 1, 18, 72, 6527 }, // e
    { 18, 26, 223, 0, 26, 117, 6599 }, // f
    { 18, 26, 299, 0, 18, 117, 6716 }, // g
    { 21, 26, 342, 0, 26, 137, 6833 }, // h
    { 9, 26, 173, 1, 26, 59, 6970 }, // i
    { 11, 34, 146, -3, 26, 94, 7029 }, // j
    { 21, 27, 341, 0, 27, 142, 7123 }, // k
    { 10, 27, 167, 0, 27, 68, 7265 }, // l
    { 31, 18, 502, 0, 18, 140, 7333 }, // m
    { 21, 20, 347, 0, 20, 105, 7473 }, // n
    { 18, 18, 313, 1, 18, 81, 7578 }, // o
    { 20, 26, 336, 0, 18, 130, 7659 }, // p
    { 20, 26, 329, 1, 18, 130, 7789 }, // q
    { 15, 18, 245, 0, 18, 68, 7919 }, // r
    { 14, 18, 259, 1, 18, 63, 7987 }, // s
    { 13, 22, 217, 0, 22, 72, 8050 }, // t
    { 19, 18, 325, 1, 18, 86, 8122 }, // u
    { 20, 18, 332, 0, 18, 90, 8208 }, // v
    { 28, 18, 447, 0, 18, 126, 8298 }, // w
    { 19, 18, 314, 0, 18, 86, 8424 }, // x
    { 20, 25, 322, 0, 18, 125, 8510 }, // y
    { 15, 18, 270, 1, 18, 68, 8635 }, // z
    { 11, 30, 188, 0, 25, 83, 8703 }, // {
    { 3, 33, 146, 3, 25, 25, 8786 }, // |
    { 10, 30, 188, 1, 25, 75, 8811 }, // }
    { 14, 5, 280, 2, 11, 18, 8886 }, // ~
    { 0, 0, 127, 0, 0, 0, 0 }, // U+00A0
    { 6, 24, 150, 2, 17, 36, 0 }, // U+00A1
    { 15, 23, 279, 1, 23, 87, 36 }, // U+00A2
    { 17, 23, 323, 1, 23, 98, 123 }, // U+00A3
    { 13, 15, 272, 2, 16, 49, 221 }, // U+00A4
    { 23, 23, 379, 0, 23, 133, 270 }, // U+00A5
    { 3, 33, 146, 3, 25, 25, 403 }, // U+00A6
    { 17, 28, 314, 1, 23, 119, 428 }, // U+00A7
    { 12, 4, 253, 2, 23, 12, 547 }, // U+00A8
    { 24, 24, 430, 1, 24, 144, 559 }, // U+00A9
    { 12, 17, 255, 2, 26, 51, 703 }, // U+00AA
    { 17, 16, 302, 1, 16, 68, 754 }, // U+00AB
    { 15, 10, 280, 1, 13, 38, 822 }, // U+00AC
    { 9, 3, 201, 2, 10, 7, 860 }, // U+00AD
    { 16, 14, 292, 1, 23, 56, 867 }, // U+00AE
    { 10, 2, 253, 3, 22, 5, 923 }, // U+00AF
    { 10, 10, 199, 1, 24, 25, 928 }, // U+00B0
    { 14, 16, 280, 2, 16, 56, 953 }, // U+00B1
    { 10, 12, 199, 1, 23, 30, 1009 }, // U+00B2
    { 10, 12, 189, 1, 23, 30, 1039 }, // U+00B3
    { 8, 6, 253, 6, 24, 12, 1069 }, // U+00B4
    { 18, 26, 342, 3, 18, 117, 1081 }, // U+00B5
    { 20, 27, 338, 0, 23, 135, 1198 }, // U+00B6
    { 5, 5, 144, 2, 11, 7, 1333 }, // U+00B7
    { 8, 9, 253, 3, 1, 18, 1340 }, // U+00B8
    { 10, 12, 165, 0, 23, 30, 1358 }, // U+00B9
    { 12, 16, 260, 2, 25, 48, 1388 }, // U+00BA
    { 17, 16, 308, 1, 16, 68, 1436 }, // U+00BB
    { 25, 23, 422, 1, 23, 144, 1504 }, // U+00BC
    { 25, 23, 428, 1, 23, 144, 1648 }, // U+00BD
    { 24, 23, 417, 1, 23, 138, 1792 }, // U+00BE
    { 16, 24, 281, 1, 17, 96, 1930 }, // U+00BF
    { 24, 30, 407, 1, 30, 180, 2026 }, // U+00C0
    { 24, 30, 407, 1, 30, 180, 2206 }, // U+00C1
    { 24, 30, 407, 1, 30, 180, 2386 }, // U+00C2
    { 24, 30, 407, 1, 30, 180, 2566 }, // U+00C3
    { 24, 30, 407, 1, 30, 180, 2746 }, // U+00C4
    { 24, 31, 407, 1, 31, 186, 2926 }, // U+00C5
    { 35, 23, 572, -1, 23, 202, 3112 }, // U+00C6
    { 22, 32, 384, 1, 24, 176, 3314 }, // U+00C7
    { 19, 30, 346, 1, 30, 143, 3490 }, // U+00C8
    { 19, 30, 346, 1, 30, 143, 3633 }, // U+00C9
    { 19, 30, 346, 1, 30, 143, 3776 }, // U+00CA
    { 19, 30, 346, 1, 30, 143, 3919 }, // U+00CB
    { 12, 30, 204, 0, 30, 90, 4062 }, // U+00CC
    { 11, 30, 204, 1, 30, 83, 4152 }, // U+00CD
    { 12, 30, 204, 0, 30, 90, 4235 }, // U+00CE
    { 12, 30, 204, 0, 30, 90, 4325 }, // U+00CF
    { 24, 23, 419, 1, 23, 138, 4415 }, // U+00D0
    { 25, 30, 432, 1, 30, 188, 4553 }, // U+00D1
    { 24, 30, 420, 1, 30, 180, 4741 }, // U+00D2
    { 24, 30, 420, 1, 30, 180, 4921 }, // U+00D3
    { 24, 30, 420, 1, 30, 180, 5101 }, // U+00D4
    { 24, 30, 420, 1, 30, 180, 5281 }, // U+00D5
    { 24, 30, 420, 1, 30, 180, 5461 }, // U+00D6
    { 13, 14, 280, 2, 15, 46, 5641 }, // U+00D7
    { 23, 23, 430, 2, 23, 133, 5687 }, // U+00D8
    { 25, 30, 424, 1, 30, 188, 5820 }, // U+00D9
    { 25, 30, 424, 1, 30, 188, 6008 }, // U+00DA
    { 25, 30, 424, 1, 30, 188, 6196 }, // U+00DB
    { 25, 30, 424, 1, 30, 188, 6384 }, // U+00DC
    { 24, 30, 388, 0, 30, 180, 6572 }, // U+00DD
    { 20, 23, 355, 1, 23, 115, 6752 }, // U+00DE
    { 23, 26, 381, 0, 26, 150, 6867 }, // U+00DF
    { 17, 26, 297, 1, 26, 111, 7017 }, // U+00E0
    { 17, 26, 297, 1, 26, 111, 7128 }, // U+00E1
    { 17, 26, 297, 1, 26, 111, 7239 }, // U+00E2
    { 17, 25, 297, 1, 25, 107, 7350 }, // U+00E3
    { 17, 25, 297, 1, 25, 107, 7457 }, // U+00E4
    { 17, 26, 297, 1, 26, 111, 7564 }, // U+00E5
    { 26, 18, 446, 1, 18, 117, 7675 }, // U+00E6
    { 15, 27, 272, 1, 18, 102, 7792 }, // U+00E7
    { 16, 26, 283, 1, 26, 104, 7894 }, // U+00E8
    { 16, 26, 283, 1, 26, 104, 7998 }, // U+00E9
    { 16, 26, 283, 1, 26, 104, 8102 }, // U+00EA
    { 16, 25, 283, 1, 25, 100, 8206 }, // U+00EB
    { 11, 26, 174, -1, 26, 72, 8306 }, // U+00EC
    { 11, 26, 174, 1, 26, 72, 8378 }, // U+00ED
    { 12, 26, 174, -1, 26, 78, 8450 }, // U+00EE
    { 12, 25, 174, -1, 25, 75, 8528 }, // U+00EF
    { 18, 27, 321, 1, 27, 122, 8603 }, // U+00F0
    { 21, 25, 347, 0, 25, 132, 8725 }, // U+00F1
    { 18, 26, 313, 1, 26, 117, 8857 }, // U+00F2
    { 18, 26, 313, 1, 26, 117, 8974 }, // U+00F3
    { 18, 26, 313, 1, 26, 117, 9091 }, // U+00F4
    { 18, 25, 313, 1, 25, 113, 9208 }, // U+00F5
    { 18, 25, 313, 1, 25, 113, 9321 }, // U+00F6
    { 14, 16, 280, 2, 16, 56, 9434 }, // U+00F7
    { 18, 18, 327, 1, 18, 81, 9490 }, // U+00F8
    { 19, 26, 325, 1, 26, 124, 9571 }, // U+00F9
    { 19, 26, 325, 1, 26, 124, 9695 }, // U+00FA
    { 19, 26, 325, 1, 26, 124, 9819 }, // U+00FB
    { 19, 25, 325, 1, 25, 119, 9943 }, // U+00FC
    { 20, 33, 322, 0, 26, 165, 10062 }, // U+00FD
    { 20, 34, 328, -1, 26, 170, 10227 }, // U+00FE
    { 20, 32, 322, 0, 25, 160, 10397 }, // U+00FF
    { 24, 29, 407, 1, 29, 174, 0 }, // U+0100
    { 17, 24, 297, 1, 24, 102, 174 }, // U+0101
    { 24, 30, 407, 1, 30, 180, 276 }, // U+0102
    { 17, 26, 297, 1, 26, 111, 456 }, // U+0103
    { 24, 31, 407, 1, 23, 186, 567 }, // U+0104
    { 18, 27, 294, 1, 18, 122, 753 }, // U+0105
    { 21, 30, 384, 1, 30, 158, 875 }, // U+0106
    { 15, 26, 268, 1, 26, 98, 1033 }, // U+0107
    { 21, 30, 384, 1, 30, 158, 1131 }, // U+0108
    { 15, 26, 268, 1, 26, 98, 1289 }, // U+0109
    { 21, 30, 384, 1, 30, 158, 1387 }, // U+010A
    { 15, 25, 268, 1, 25, 94, 1545 }, // U+010B
    { 21, 30, 384, 1, 30, 158, 1639 }, // U+010C
    { 15, 26, 268, 1, 26, 98, 1797 }, // U+010D
    { 24, 30, 418, 1, 30, 180, 1895 }, // U+010E
    { 24, 28, 341, 1, 27, 168, 2075 }, // U+010F
    { 24, 23, 419, 1, 23, 138, 2243 }, // U+0110
    { 20, 26, 338, 1, 26, 130, 2381 }, // U+0111
    { 19, 29, 346, 1, 29, 138, 2511 }, // U+0112
    { 16, 24, 283, 1, 24, 96, 2649 }, // U+0113
    { 19, 30, 346, 1, 30, 143, 2745 }, // U+0114
    { 16, 26, 283, 1, 26, 104, 2888 }, // U+0115
    { 19, 30, 346, 1, 30, 143, 2992 }, // U+0116
    { 16, 25, 283, 1, 25, 100, 3135 }, // U+0117
    { 19, 31, 346, 1, 23, 148, 3235 }, // U+0118
    { 16, 26, 284, 1, 18, 104, 3383 }, // U+0119
    { 19, 30, 346, 1, 30, 143, 3487 }, // U+011A
    { 16, 26, 283, 1, 26, 104, 3630 }, // U+011B
    { 22, 30, 394, 1, 30, 165, 3734 }, // U+011C
    { 18, 34, 299, 0, 26, 153, 3899 }, // U+011D
    { 22, 30, 394, 1, 30, 165, 4052 }, // U+011E
    { 18, 34, 299, 0, 26, 153, 4217 }, // U+011F
    { 22, 30, 394, 1, 30, 165, 4370 }, // U+0120
    { 18, 33, 299, 0, 25, 149, 4535 }, // U+0121
    { 22, 31, 394, 1, 31, 171, 4684 }, // U+0122
    { 18, 35, 299, 0, 27, 158, 4855 }, // U+0123
    { 26, 30, 447, 1, 30, 195, 5013 }, // U+0124
    { 21, 34, 342, 0, 34, 179, 5208 }, // U+0125
    { 26, 23, 448, 1, 23, 150, 5387 }, // U+0126
    { 21, 26, 342, 0, 26, 137, 5537 }, // U+0127
    { 11, 30, 204, 1, 30, 83, 5674 }, // U+0128
    { 12, 25, 174, -1, 25, 75, 5757 }, // U+0129
    { 11, 29, 204, 1, 29, 80, 5832 }, // U+012A
    { 10, 24, 174, 0, 24, 60, 5912 }, // U+012B
    { 11, 30, 204, 1, 30, 83, 5972 }, // U+012C
    { 11, 26, 174, 0, 26, 72, 6055 }, // U+012D
    { 11, 31, 204, 1, 23, 86, 6127 }, // U+012E
    { 9, 35, 174, 1, 26, 79, 6213 }, // U+012F
    { 11, 30, 204, 1, 30, 83, 6292 }, // U+0130
    { 9, 18, 174, 1, 18, 41, 6375 }, // U+0131
    { 17, 31, 326, 1, 24, 132, 6416 }, // U+0132
    { 13, 33, 275, 2, 25, 108, 6548 }, // U+0133
    { 17, 30, 274, 0, 30, 128, 6656 }, // U+0134
    { 12, 35, 156, -1, 26, 105, 6784 }, // U+0135
    { 25, 31, 414, 1, 23, 194, 6889 }, // U+0136
    { 21, 35, 341, 0, 27, 184, 7083 }, // U+0137
    { 20, 18, 341, 1, 18, 90, 7267 }, // U+0138
    { 18, 30, 323, 1, 30, 135, 7357 }, // U+0139
    { 11, 34, 167, 0, 34, 94, 7492 }, // U+013A
    { 18, 31, 323, 1, 23, 140, 7586 }, // U+013B
    { 10, 35, 167, 0, 27, 88, 7726 }, // U+013C
    { 18, 24, 323, 1, 24, 108, 7814 }, // U+013D
    { 14, 27, 167, 0, 27, 95, 7922 }, // U+013E
    { 18, 23, 323, 1, 23, 104, 8017 }, // U+013F
    { 14, 27, 185, 0, 27, 95, 8121 }, // U+0140
    { 20, 23, 350, 1, 23, 115, 8216 }, // U+0141
    { 10, 26, 195, 1, 26, 65, 8331 }, // U+0142
    { 25, 30, 432, 1, 30, 188, 8396 }, // U+0143
    { 21, 26, 347, 0, 26, 137, 8584 }, // U+0144
    { 25, 31, 432, 1, 23, 194, 8721 }, // U+0145
    { 21, 28, 347, 0, 20, 147, 8915 }, // U+0146
    { 25, 30, 432, 1, 30, 188, 9062 }, // U+0147
    { 21, 26, 347, 0, 26, 137, 9250 }, // U+0148
    { 21, 24, 367, 0, 24, 126, 9387 }, // U+0149
    { 25, 31, 430, 1, 23, 194, 9513 }, // U+014A
    { 18, 27, 336, 1, 18, 122, 9707 }, // U+014B
    { 24, 29, 420, 1, 29, 174, 9829 }, // U+014C
    { 18, 24, 313, 1, 24, 108, 10003 }, // U+014D
    { 24, 30, 420, 1, 30, 180, 10111 }, // U+014E
    { 18, 26, 313, 1, 26, 117, 10291 }, // U+014F
    { 24, 30, 420, 1, 30, 180, 10408 }, // U+0150
    { 18, 25, 313, 1, 25, 113, 10588 }, // U+0151
    { 34, 23, 580, 1, 23, 196, 10701 }, // U+0152
    { 29, 18, 497, 1, 18, 131, 10897 }, // U+0153
    { 23, 30, 379, 1, 30, 173, 11028 }, // U+0154
    { 15, 26, 245, 0, 26, 98, 11201 }, // U+0155
    { 23, 31, 379, 1, 23, 179, 11299 }, // U+0156
    { 15, 26, 245, 0, 18, 98, 11478 }, // U+0157
    { 23, 30, 379, 1, 30, 173, 11576 }, // U+0158
    { 15, 26, 245, 0, 26, 98, 11749 }, // U+0159
    { 18, 30, 323, 1, 30, 135, 11847 }, // U+015A
    { 14, 26, 259, 1, 26, 91, 11982 }, // U+015B
    { 18, 30, 323, 1, 30, 135, 12073 }, // U+015C
    { 14, 26, 259, 1, 26, 91, 12208 }, // U+015D
    { 18, 32, 323, 1, 24, 144, 12299 }, // U+015E
    { 14, 27, 259, 1, 18, 95, 12443 }, // U+015F
    { 18, 30, 323, 1, 30, 135, 12538 }, // U+0160
    { 14, 26, 259, 1, 26, 91, 12673 }, // U+0161
    { 21, 31, 362, 1, 23, 163, 12764 }, // U+0162
    { 13, 31, 221, 0, 22, 101, 12927 }, // U+0163
    { 21, 30, 362, 1, 30, 158, 13028 }, // U+0164
    { 14, 28, 217, 0, 28, 98, 13186 }, // U+0165
    { 23, 25, 381, 0, 25, 144, 13284 }, // U+0166
    { 14, 22, 224, 0, 22, 77, 13428 }, // U+0167
    { 25, 30, 424, 1, 30, 188, 13505 }, // U+0168
    { 19, 25, 325, 1, 25, 119, 13693 }, // U+0169
    { 25, 29, 424, 1, 29, 182, 13812 }, // U+016A
    { 19, 24, 325, 1, 24, 114, 13994 }, // U+016B
    { 25, 30, 424, 1, 30, 188, 14108 }, // U+016C
    { 19, 26, 325, 1, 26, 124, 14296 }, // U+016D
    { 25, 31, 424, 1, 31, 194, 14420 }, // U+016E
    { 19, 26, 325, 1, 26, 124, 14614 }, // U+016F
    { 25, 30, 424, 1, 30, 188, 14738 }, // U+0170
    { 19, 25, 325, 1, 25, 119, 14926 }, // U+0171
    { 25, 31, 424, 1, 23, 194, 15045 }, // U+0172
    { 19, 27, 331, 1, 18, 129, 15239 }, // U+0173
    { 34, 30, 554, 0, 30, 255, 15368 }, // U+0174
    { 28, 26, 447, 0, 26, 182, 15623 }, // U+0175
    { 24, 30, 388, 0, 30, 180, 15805 }, // U+0176
    { 20, 33, 322, 0, 26, 165, 15985 }, // U+0177
    { 24, 30, 388, 0, 30, 180, 16150 }, // U+0178
    { 20, 30, 348, 1, 30, 150, 16330 }, // U+0179
    { 15, 26, 270, 1, 26, 98, 16480 }, // U+017A
    { 20, 30, 348, 1, 30, 150, 16578 }, // U+017B
    { 15, 25, 270, 1, 25, 94, 16728 }, // U+017C
    { 20, 30, 348, 1, 30, 150, 16822 }, // U+017D
    { 15, 26, 270, 1, 26, 98, 16972 }, // U+017E
    { 11, 26, 174, 2, 26, 72, 17070 }, // U+017F
    { 24, 28, 422, 1, 28, 168, 0 }, // U+01A0
    { 18, 23, 323, 1, 23, 104, 168 }, // U+01A1
    { 28, 28, 432, 1, 28, 196, 272 }, // U+01AF
    { 21, 23, 337, 1, 23, 121, 468 }, // U+01B0
    { 45, 30, 758, 1, 30, 338, 589 }, // U+01C4
    { 41, 24, 675, 1, 24, 246, 927 }, // U+01C5
    { 36, 27, 607, 1, 26, 243, 1173 }, // U+01C6
    { 36, 23, 616, 1, 23, 207, 1416 }, // U+01C7
    { 27, 34, 489, 1, 26, 230, 1623 }, // U+01C8
    { 18, 35, 317, 0, 27, 158, 1853 }, // U+01C9
    { 42, 23, 700, 1, 23, 242, 2011 }, // U+01CA
    { 33, 34, 573, 1, 26, 281, 2253 }, // U+01CB
    { 29, 34, 503, 0, 26, 247, 2534 }, // U+01CC
    { 24, 30, 407, 1, 30, 180, 2781 }, // U+01CD
    { 17, 26, 294, 1, 26, 111, 2961 }, // U+01CE
    { 12, 30, 204, 0, 30, 90, 3072 }, // U+01CF
    { 12, 26, 174, -1, 26, 78, 3162 }, // U+01D0
    { 24, 30, 420, 1, 30, 180, 3240 }, // U+01D1
    { 18, 26, 316, 1, 26, 117, 3420 }, // U+01D2
    { 25, 30, 424, 1, 30, 188, 3537 }, // U+01D3
    { 19, 26, 331, 1, 26, 124, 3725 }, // U+01D4
    { 25, 35, 424, 1, 35, 219, 3849 }, // U+01D5
    { 19, 31, 331, 1, 31, 148, 4068 }, // U+01D6
    { 25, 36, 424, 1, 36, 225, 4216 }, // U+01D7
    { 19, 33, 331, 1, 33, 157, 4441 }, // U+01D8
    { 25, 36, 424, 1, 36, 225, 4598 }, // U+01D9
    { 19, 33, 331, 1, 33, 157, 4823 }, // U+01DA
    { 25, 36, 424, 1, 36, 225, 4980 }, // U+01DB
    { 19, 33, 331, 1, 33, 157, 5205 }, // U+01DC
    { 16, 20, 301, 1, 19, 80, 5362 }, // U+01DD
    { 24, 35, 407, 1, 35, 210, 5442 }, // U+01DE
    { 17, 31, 294, 1, 31, 132, 5652 }, // U+01DF
    { 24, 35, 407, 1, 35, 210, 5784 }, // U+01E0
    { 17, 31, 294, 1, 31, 132, 5994 }, // U+01E1
    { 35, 29, 572, -1, 29, 254, 6126 }, // U+01E2
    { 26, 24, 446, 1, 24, 156, 6380 }, // U+01E3
    { 22, 26, 388, 2, 25, 143, 6536 }, // U+01E4
    { 19, 27, 328, 1, 19, 129, 6679 }, // U+01E5
    { 22, 30, 394, 1, 30, 165, 6808 }, // U+01E6
    { 18, 34, 299, 0, 26, 153, 6973 }, // U+01E7
    { 25, 30, 414, 1, 30, 188, 7126 }, // U+01E8
    { 21, 33, 333, 0, 33, 174, 7314 }, // U+01E9
    { 24, 31, 420, 1, 23, 186, 7488 }, // U+01EA
    { 18, 27, 316, 1, 18, 122, 7674 }, // U+01EB
    { 24, 38, 420, 1, 29, 228, 7796 }, // U+01EC
    { 18, 33, 316, 1, 24, 149, 8024 }, // U+01ED
    { 17, 33, 311, 1, 32, 141, 8173 }, // U+01EE
    { 16, 34, 266, 0, 26, 136, 8314 }, // U+01EF
    { 12, 35, 156, -1, 26, 105, 8450 }, // U+01F0
    { 39, 24, 689, 3, 24, 234, 8555 }, // U+01F1
    { 36, 24, 640, 3, 24, 216, 8789 }, // U+01F2
    { 34, 27, 579, 1, 26, 230, 9005 }, // U+01F3
    { 22, 30, 416, 1, 30, 165, 9235 }, // U+01F4
    { 18, 34, 299, 0, 26, 153, 9400 }, // U+01F5
    { 26, 25, 500, 3, 24, 163, 9553 }, // U+01F6
    { 18, 33, 352, 3, 25, 149, 9716 }, // U+01F7
    { 25, 30, 430, 1, 30, 188, 9865 }, // U+01F8
    { 21, 26, 349, 0, 26, 137, 10053 }, // U+01F9
    { 24, 37, 407, 1, 37, 222, 10190 }, // U+01FA
    { 17, 34, 297, 1, 34, 145, 10412 }, // U+01FB
    { 35, 30, 572, -1, 30, 263, 10557 }, // U+01FC
    { 26, 26, 446, 1, 26, 169, 10820 }, // U+01FD
    { 23, 30, 430, 2, 30, 173, 10989 }, // U+01FE
    { 18, 26, 327, 1, 26, 117, 11162 }, // U+01FF
    { 24, 30, 407, 1, 30, 180, 11279 }, // U+0200
    { 18, 25, 297, 0, 25, 113, 11459 }, // U+0201
    { 24, 31, 407, 1, 31, 186, 11572 }, // U+0202
    { 17, 25, 297, 1, 25, 107, 11758 }, // U+0203
    { 19, 30, 346, 1, 30, 143, 11865 }, // U+0204
    { 17, 25, 283, 0, 25, 107, 12008 }, // U+0205
    { 19, 31, 346, 1, 31, 148, 12115 }, // U+0206
    { 16, 25, 283, 1, 25, 100, 12263 }, // U+0207
    { 14, 30, 204, -2, 30, 105, 12363 }, // U+0208
    { 14, 25, 174, -4, 25, 88, 12468 }, // U+0209
    { 11, 31, 204, 1, 31, 86, 12556 }, // U+020A
    { 11, 25, 174, 0, 25, 69, 12642 }, // U+020B
    { 24, 30, 420, 1, 30, 180, 12711 }, // U+020C
    { 18, 25, 313, 1, 25, 113, 12891 }, // U+020D
    { 24, 31, 420, 1, 31, 186, 13004 }, // U+020E
    { 18, 25, 313, 1, 25, 113, 13190 }, // U+020F
    { 23, 30, 379, 1, 30, 173, 13303 }, // U+0210
    { 16, 25, 245, -1, 25, 100, 13476 }, // U+0211
    { 23, 31, 379, 1, 31, 179, 13576 }, // U+0212
    { 15, 25, 245, 0, 25, 94, 13755 }, // U+0213
    { 25, 30, 424, 1, 30, 188, 13849 }, // U+0214
    { 20, 25, 325, 0, 25, 125, 14037 }, // U+0215
    { 25, 31, 424, 1, 31, 194, 14162 }, // U+0216
    { 19, 25, 325, 1, 25, 119, 14356 }, // U+0217
    { 18, 31, 323, 1, 23, 140, 14475 }, // U+0218
    { 14, 26, 259, 1, 18, 91, 14615 }, // U+0219
    { 21, 31, 362, 1, 23, 163, 14706 }, // U+021A
    { 13, 30, 217, 0, 22, 98, 14869 }, // U+021B
    { 17, 31, 307, 1, 25, 132, 14967 }, // U+021C
    { 14, 27, 264, 1, 19, 95, 15099 }, // U+021D
    { 26, 30, 447, 1, 30, 195, 15194 }, // U+021E
    { 21, 33, 342, 0, 33, 174, 15389 }, // U+021F
    { 8, 6, 0, -6, 24, 12, 0 }, // U+0300
    { 8, 6, 0, -2, 24, 12, 12 }, // U+0301
    { 12, 6, 0, -6, 24, 18, 24 }, // U+0302
    { 11, 5, 0, -6, 23, 14, 42 }, // U+0303
    { 10, 2, 0, -5, 22, 5, 56 }, // U+0304
    { 14, 4, 0, -7, 29, 14, 61 }, // U+0305
    { 10, 6, 0, -5, 24, 15, 75 }, // U+0306
    { 6, 4, 0, -3, 23, 6, 90 }, // U+0307
    { 12, 4, 0, -6, 23, 12, 96 }, // U+0308
    { 7, 7, 0, -3, 24, 13, 108 }, // U+0309
    { 6, 6, 0, -3, 24, 9, 121 }, // U+030A
    { 12, 5, 0, -4, 23, 15, 130 }, // U+030B
    { 12, 6, 0, -6, 24, 18, 145 }, // U+030C
    { 4, 7, 0, -2, 26, 7, 163 }, // U+030D
    { 8, 7, 0, -4, 26, 14, 170 }, // U+030E
    { 12, 5, 0, -8, 23, 15, 184 }, // U+030F
    { 12, 9, 0, -6, 29, 27, 199 }, // U+0310
    { 10, 5, 0, -5, 23, 13, 226 }, // U+0311
    { 6, 7, 0, -3, 25, 11, 239 }, // U+0312
    { 6, 9, 0, -3, 24, 14, 250 }, // U+0313
    { 6, 9, 0, -3, 24, 14, 264 }, // U+0314
    { 6, 9, 0, -3, 24, 14, 278 }, // U+0315
    { 8, 6, 0, -4, -1, 12, 292 }, // U+0316
    { 8, 6, 0, -4, -1, 12, 304 }, // U+0317
    { 6, 8, 0, -3, 0, 12, 316 }, // U+0318
    { 6, 8, 0, -3, 0, 12, 328 }, // U+0319
    { 10, 9, 167, 0, 26, 23, 340 }, // U+031A
    { 8, 6, 0, -2, 21, 12, 363 }, // U+031B
    { 4, 8, 0, -2, 0, 8, 375 }, // U+031C
    { 8, 6, 0, -4, -1, 12, 383 }, // U+031D
    { 8, 6, 0, -4, -1, 12, 395 }, // U+031E
    { 8, 8, 0, -4, 0, 16, 407 }, // U+031F
    { 8, 3, 0, -4, -2, 6, 423 }, // U+0320
    { 6, 10, 0, -6, 2, 15, 429 }, // U+0321
    { 6, 10, 0, 0, 2, 15, 444 }, // U+0322
    { 6, 4, 0, -3, -2, 6, 459 }, // U+0323
    { 12, 4, 0, -6, -2, 12, 465 }, // U+0324
    { 8, 8, 0, -4, 0, 16, 477 }, // U+0325
    { 6, 7, 0, -3, -1, 11, 493 }, // U+0326
    { 7, 9, 0, -4, 1, 16, 504 }, // U+0327
    { 8, 9, 0, -7, 1, 18, 520 }, // U+0328
    { 4, 7, 0, -2, -1, 7, 538 }, // U+0329
    { 12, 7, 0, -6, -1, 21, 545 }, // U+032A
    { 14, 4, 0, -7, -2, 14, 566 }, // U+032B
    { 12, 6, 0, -6, -1, 18, 580 }, // U+032C
    { 12, 6, 0, -6, -1, 18, 598 }, // U+032D
    { 10, 6, 0, -5, 0, 15, 616 }, // U+032E
    { 12, 5, 0, -6, -1, 15, 631 }, // U+032F
    { 14, 5, 0, -7, -1, 18, 646 }, // U+0330
    { 10, 2, 0, -5, -3, 5, 664 }, // U+0331
    { 16, 3, 0, -8, -3, 12, 669 }, // U+0332
    { 14, 8, 0, -7, 0, 28, 681 }, // U+0333
    { 13, 5, 0, -6, 12, 17, 709 }, // U+0334
    { 12, 2, 0, -6, 21, 6, 726 }, // U+0335
    { 24, 3, 0, -12, 11, 18, 732 }, // U+0336
    { 10, 8, 0, -5, 14, 20, 750 }, // U+0337
    { 14, 28, 0, -7, 26, 98, 770 }, // U+0338
    { 4, 8, 0, -2, 0, 8, 868 }, // U+0339
    { 12, 7, 0, -6, -1, 21, 876 }, // U+033A
    { 14, 8, 0, -7, 0, 28, 897 }, // U+033B
    { 14, 4, 0, -7, -2, 14, 925 }, // U+033C
    { 8, 7, 0, -4, 26, 14, 939 }, // U+033D
    { 6, 10, 0, -3, 29, 15, 953 }, // U+033E
    { 14, 8, 0, -7, 33, 28, 968 }, // U+033F
    { 8, 6, 0, -6, 26, 12, 996 }, // U+0340
    { 8, 6, 0, -2, 26, 12, 1008 }, // U+0341
    { 14, 5, 0, -7, 25, 18, 1020 }, // U+0342
    { 6, 6, 0, -3, 26, 9, 1038 }, // U+0343
    { 13, 6, 0, -6, 26, 20, 1047 }, // U+0344
    { 6, 6, 0, -2, -2, 9, 1067 }, // U+0345
    { 16, 7, 0, -8, 26, 28, 1076 }, // U+0346
    { 14, 8, 0, -7, 0, 28, 1104 }, // U+0347
    { 8, 7, 0, -4, -1, 14, 1132 }, // U+0348
    { 8, 6, 0, -4, -2, 12, 1146 }, // U+0349
    { 14, 8, 0, -7, 26, 28, 1158 }, // U+034A
    { 14, 12, 0, -7, 31, 42, 1186 }, // U+034B
    { 12, 9, 0, -6, 29, 27, 1228 }, // U+034C
    { 12, 7, 0, -6, -1, 21, 1255 }, // U+034D
    { 8, 8, 0, -4, 0, 16, 1276 }, // U+034E
    { 24, 24, 0, -12, 24, 144, 1292 }, // U+034F
    { 6, 8, 0, -3, 27, 12, 1436 }, // U+0350
    { 5, 8, 0, -2, 28, 10, 1448 }, // U+0351
    { 12, 8, 0, -6, 28, 24, 1458 }, // U+0352
    { 8, 7, 0, -4, -1, 14, 1482 }, // U+0353
    { 6, 7, 0, -3, -1, 11, 1496 }, // U+0354
    { 6, 7, 0, -3, -1, 11, 1507 }, // U+0355
    { 14, 7, 0, -7, -1, 25, 1518 }, // U+0356
    { 5, 8, 0, -2, 28, 10, 1543 }, // U+0357
    { 4, 5, 0, 4, 25, 5, 1553 }, // U+0358
    { 8, 7, 0, -4, -1, 14, 1558 }, // U+0359
    { 14, 8, 0, -7, 0, 28, 1572 }, // U+035A
    { 8, 8, 0, -4, 27, 16, 1600 }, // U+035B
    { 26, 7, 0, -13, -1, 46, 1616 }, // U+035C
    { 26, 7, 0, -13, 26, 46, 1662 }, // U+035D
    { 20, 3, 0, -10, 23, 15, 1708 }, // U+035E
    { 20, 3, 0, -10, -2, 15, 1723 }, // U+035F
    { 26, 5, 0, -13, 25, 33, 1738 }, // U+0360
    { 26, 8, 0, -13, 29, 52, 1771 }, // U+0361
    { 27, 7, 0, -13, -1, 48, 1823 }, // U+0362
    { 8, 8, 0, -4, 28, 16, 1871 }, // U+0363
    { 8, 8, 0, -4, 28, 16, 1887 }, // U+0364
    { 3, 11, 0, -1, 31, 9, 1903 }, // U+0365
    { 9, 8, 0, -4, 28, 18, 1912 }, // U+0366
    { 8, 8, 0, -4, 28, 16, 1930 }, // U+0367
    { 7, 8, 0, -3, 28, 14, 1946 }, // U+0368
    { 8, 11, 0, -4, 31, 22, 1960 }, // U+0369
    { 8, 11, 0, -4, 31, 22, 1982 }, // U+036A
    { 13, 8, 0, -6, 28, 26, 2004 }, // U+036B
    { 6, 8, 0, -2, 28, 12, 2030 }, // U+036C
    { 6, 10, 0, -3, 30, 15, 2042 }, // U+036D
    { 9, 8, 0, -4, 28, 18, 2057 }, // U+036E
    { 9, 8, 0, -4, 28, 18, 2075 }, // U+036F
    { 14, 32, 296, 3, 32, 112, 0 }, // U+0400
    { 14, 31, 296, 3, 31, 109, 112 }, // U+0401
    { 23, 25, 382, 0, 24, 144, 221 }, // U+0402
    { 14, 32, 271, 3, 32, 112, 365 }, // U+0403
    { 18, 26, 341, 2, 25, 117, 477 }, // U+0404
    { 16, 26, 293, 1, 25, 104, 594 }, // U+0405
    { 4, 24, 151, 3, 24, 24, 698 }, // U+0406
    { 9, 31, 151, 0, 31, 70, 722 }, // U+0407
    { 10, 31, 146, -3, 24, 78, 792 }, // U+0408
    { 32, 25, 539, 0, 24, 200, 870 }, // U+0409
    { 30, 24, 548, 3, 24, 180, 1070 }, // U+040A
    { 22, 24, 381, 0, 24, 132, 1250 }, // U+040B
    { 18, 32, 333, 3, 32, 144, 1382 }, // U+040C
    { 19, 32, 403, 3, 32, 152, 1526 }, // U+040D
    { 21, 32, 328, 0, 31, 168, 1678 }, // U+040E
    { 19, 30, 390, 3, 24, 143, 1846 }, // U+040F
    { 22, 24, 340, 0, 24, 132, 1989 }, // U+0410
    { 16, 24, 327, 3, 24, 96, 2121 }, // U+0411
    { 17, 24, 347, 3, 24, 102, 2217 }, // U+0412
    { 14, 24, 271, 3, 24, 84, 2319 }, // U+0413
    { 24, 30, 389, 0, 24, 180, 2403 }, // U+0414
    { 14, 24, 296, 3, 24, 84, 2583 }, // U+0415
    { 31, 24, 483, 0, 24, 186, 2667 }, // U+0416
    { 17, 26, 308, 1, 25, 111, 2853 }, // U+0417
    { 19, 24, 403, 3, 24, 114, 2964 }, // U+0418
    { 19, 31, 403, 3, 31, 148, 3078 }, // U+0419
    { 18, 24, 333, 3, 24, 108, 3226 }, // U+041A
    { 21, 25, 372, 0, 24, 132, 3334 }, // U+041B
    { 24, 24, 484, 3, 24, 144, 3466 }, // U+041C
    { 19, 24, 396, 3, 24, 114, 3610 }, // U+041D
    { 22, 26, 406, 2, 25, 143, 3724 }, // U+041E
    { 19, 24, 391, 3, 24, 114, 3867 }, // U+041F
    { 16, 24, 323, 3, 24, 96, 3981 }, // U+0420
    { 18, 26, 341, 2, 25, 117, 4077 }, // U+0421
    { 19, 24, 296, 0, 24, 114, 4194 }, // U+0422
    { 21, 25, 328, 0, 24, 132, 4308 }, // U+0423
    { 25, 26, 436, 1, 25, 163, 4440 }, // U+0424
    { 20, 24, 314, 0, 24, 120, 4603 }, // U+0425
    { 22, 30, 395, 3, 24, 165, 4723 }, // U+0426
    { 18, 24, 359, 2, 24, 108, 4888 }, // U+0427
    { 29, 24, 552, 3, 24, 174, 4996 }, // U+0428
    { 31, 30, 547, 3, 24, 233, 5170 }, // U+0429
    { 22, 24, 365, 0, 24, 132, 5403 }, // U+042A
    { 23, 24, 453, 3, 24, 138, 5535 }, // U+042B
    { 16, 24, 324, 3, 24, 96, 5673 }, // U+042C
    { 19, 26, 345, 1, 25, 124, 5769 }, // U+042D
    { 29, 26, 533, 3, 25, 189, 5893 }, // U+042E
    { 18, 24, 340, 1, 24, 108, 6082 }, // U+042F
    { 15, 20, 296, 1, 19, 75, 6190 }, // U+0430
    { 18, 27, 318, 1, 26, 122, 6265 }, // U+0431
    { 16, 18, 301, 2, 18, 72, 6387 }, // U+0432
    { 12, 18, 234, 2, 18, 54, 6459 }, // U+0433
    { 20, 23, 324, 0, 18, 115, 6513 }, // U+0434
    { 16, 20, 294, 1, 19, 80, 6628 }, // U+0435
    { 26, 18, 405, 0, 18, 117, 6708 }, // U+0436
    { 14, 20, 260, 1, 19, 70, 6825 }, // U+0437
    { 16, 18, 331, 2, 18, 72, 6895 }, // U+0438
    { 16, 25, 331, 2, 25, 100, 6967 }, // U+0439
    { 16, 18, 283, 2, 18, 72, 7067 }, // U+043A
    { 17, 19, 313, 0, 18, 81, 7139 }, // U+043B
    { 21, 18, 410, 2, 18, 95, 7220 }, // U+043C
    { 16, 18, 327, 2, 18, 72, 7315 }, // U+043D
    { 18, 20, 317, 1, 19, 90, 7387 }, // U+043E
    { 16, 18, 323, 2, 18, 72, 7477 }, // U+043F
    { 17, 27, 324, 2, 19, 115, 7549 }, // U+0440
    { 15, 20, 263, 1, 19, 75, 7664 }, // U+0441
    { 15, 18, 248, 0, 18, 68, 7739 }, // U+0442
    { 17, 26, 271, 0, 18, 111, 7807 }, // U+0443
    { 22, 34, 393, 1, 26, 187, 7918 }, // U+0444
    { 17, 18, 272, 0, 18, 77, 8105 }, // U+0445
    { 19, 23, 326, 2, 18, 110, 8182 }, // U+0446
    { 15, 18, 314, 2, 18, 68, 8292 }, // U+0447
    { 26, 18, 477, 2, 18, 117, 8360 }, // U+0448
    { 28, 23, 478, 2, 18, 161, 8477 }, // U+0449
    { 20, 18, 332, 0, 18, 90, 8638 }, // U+044A
    { 21, 18, 405, 2, 18, 95, 8728 }, // U+044B
    { 15, 18, 291, 2, 18, 68, 8823 }, // U+044C
    { 14, 20, 263, 1, 19, 70, 8891 }, // U+044D
    { 24, 20, 426, 2, 19, 120, 8961 }, // U+044E
    { 16, 18, 308, 1, 18, 72, 9081 }, // U+044F
    { 16, 27, 294, 1, 26, 108, 9153 }, // U+0450
    { 16, 26, 294, 1, 25, 104, 9261 }, // U+0451
    { 18, 34, 330, 0, 26, 153, 9365 }, // U+0452
    { 12, 26, 234, 2, 26, 78, 9518 }, // U+0453
    { 15, 20, 263, 1, 19, 75, 9596 }, // U+0454
    { 14, 20, 250, 1, 19, 70, 9671 }, // U+0455
    { 5, 25, 138, 2, 25, 32, 9741 }, // U+0456
    { 8, 25, 138, 0, 25, 50, 9773 }, // U+0457
    { 9, 33, 138, -2, 25, 75, 9823 }, // U+0458
    { 28, 19, 458, 0, 18, 133, 9898 }, // U+0459
    { 27, 18, 475, 2, 18, 122, 10031 }, // U+045A
    { 18, 26, 331, 0, 26, 117, 10153 }, // U+045B
    { 16, 26, 283, 2, 26, 104, 10270 }, // U+045C
    { 16, 26, 331, 2, 26, 104, 10374 }, // U+045D
    { 17, 33, 271, 0, 25, 141, 10478 }, // U+045E
    { 16, 23, 323, 2, 18, 92, 10619 }, // U+045F
    { 30, 25, 490, 0, 24, 188, 10711 }, // U+0460
    { 26, 18, 421, 0, 18, 117, 10899 }, // U+0461
    { 21, 24, 360, 0, 24, 126, 11016 }, // U+0462
    { 20, 22, 338, 0, 22, 110, 11142 }, // U+0463
    { 27, 26, 492, 3, 25, 176, 11252 }, // U+0464
    { 22, 20, 396, 2, 19, 110, 11428 }, // U+0465
    { 23, 24, 364, 0, 24, 138, 11538 }, // U+0466
    { 19, 18, 305, 0, 18, 86, 11676 }, // U+0467
    { 28, 24, 495, 3, 24, 168, 11762 }, // U+0468
    { 24, 18, 416, 2, 18, 108, 11930 }, // U+0469
    { 24, 24, 389, 0, 24, 144, 12038 }, // U+046A
    { 22, 18, 341, 0, 18, 99, 12182 }, // U+046B
    { 30, 24, 525, 3, 24, 180, 12281 }, // U+046C
    { 27, 18, 453, 2, 18, 122, 12461 }, // U+046D
    { 17, 37, 313, 1, 29, 158, 12583 }, // U+046E
    { 15, 30, 261, 0, 23, 113, 12741 }, // U+046F
    { 22, 24, 429, 3, 24, 132, 12854 }, // U+0470
    { 21, 34, 406, 2, 26, 179, 12986 }, // U+0471
    { 22, 26, 417, 2, 25, 143, 13165 }, // U+0472
    { 18, 20, 323, 1, 19, 90, 13308 }, // U+0473
    { 23, 24, 339, 0, 24, 138, 13398 }, // U+0474
    { 18, 19, 275, 0, 19, 86, 13536 }, // U+0475
    { 23, 32, 339, 0, 32, 184, 13622 }, // U+0476
    { 18, 26, 275, 0, 26, 117, 13806 }, // U+0477
    { 39, 33, 651, 2, 25, 322, 13923 }, // U+0478
    { 36, 27, 584, 1, 19, 243, 14245 }, // U+0479
    { 24, 28, 438, 2, 26, 168, 14488 }, // U+047A
    { 20, 22, 351, 1, 20, 110, 14656 }, // U+047B
    { 31, 36, 547, 2, 35, 279, 14766 }, // U+047C
    { 28, 31, 482, 1, 30, 217, 15045 }, // U+047D
    { 30, 31, 490, 0, 30, 233, 15262 }, // U+047E
    { 26, 24, 421, 0, 24, 156, 15495 }, // U+047F
    { 19, 33, 343, 2, 25, 157, 15651 }, // U+0480
    { 15, 27, 262, 1, 19, 102, 15808 }, // U+0481
    { 18, 22, 325, 1, 21, 99, 15910 }, // U+0482
    { 13, 5, 0, -16, 24, 17, 16009 }, // U+0483
    { 13, 5, 0, -16, 25, 17, 16026 }, // U+0484
    { 5, 6, 0, -12, 26, 8, 16043 }, // U+0485
    { 5, 6, 0, -12, 26, 8, 16051 }, // U+0486
    { 13, 5, 0, -7, 30, 17, 16059 }, // U+0487
    { 38, 36, 0, -19, 27, 342, 16076 }, // U+0488
    { 38, 38, 0, -19, 28, 361, 16418 }, // U+0489
    { 23, 38, 419, 3, 31, 219, 16779 }, // U+048A
    { 20, 33, 351, 2, 26, 165, 16998 }, // U+048B
    { 19, 24, 328, 0, 24, 114, 17163 }, // U+048C
    { 19, 26, 317, 0, 26, 124, 17277 }, // U+048D
    { 16, 24, 327, 3, 24, 96, 17401 }, // U+048E
    { 17, 27, 328, 2, 19, 115, 17497 }, // U+048F
    { 14, 29, 284, 3, 29, 102, 17612 }, // U+0490
    { 12, 24, 232, 2, 24, 72, 17714 }, // U+0491
    { 17, 24, 283, 0, 24, 102, 17786 }, // U+0492
    { 14, 18, 231, 0, 18, 63, 17888 }, // U+0493
    { 18, 33, 347, 3, 24, 149, 17951 }, // U+0494
    { 15, 27, 284, 2, 18, 102, 18100 }, // U+0495
    { 30, 31, 482, 0, 24, 233, 18202 }, // U+0496
    { 26, 25, 424, 0, 18, 163, 18435 }, // U+0497
    { 17, 33, 308, 1, 25, 141, 18598 }, // U+0498
    { 14, 27, 260, 1, 19, 95, 18739 }, // U+0499
    { 19, 31, 357, 3, 24, 148, 18834 }, // U+049A
    { 17, 25, 297, 2, 18, 107, 18982 }, // U+049B
    { 18, 24, 333, 3, 24, 108, 19089 }, // U+049C
    { 16, 18, 282, 2, 18, 72, 19197 }, // U+049D
    { 21, 24, 333, 0, 24, 126, 19269 }, // U+049E
    { 18, 26, 285, 0, 26, 117, 19395 }, // U+049F
    { 24, 24, 370, 0, 24, 144, 19512 }, // U+04A0
    { 21, 18, 332, 0, 18, 95, 19656 }, // U+04A1
    { 22, 31, 403, 3, 24, 171, 19751 }, // U+04A2
    { 20, 25, 350, 2, 18, 125, 19922 }, // U+04A3
    { 24, 24, 435, 3, 24, 144, 20047 }, // U+04A4
    { 23, 18, 394, 2, 18, 104, 20191 }, // U+04A5
    { 31, 33, 563, 3, 24, 256, 20295 }, // U+04A6
    { 26, 27, 460, 2, 18, 176, 20551 }, // U+04A7
    { 23, 27, 415, 2, 25, 156, 20727 }, // U+04A8
    { 20, 20, 342, 1, 19, 100, 20883 }, // U+04A9
    { 19, 33, 337, 2, 25, 157, 20983 }, // U+04AA
    { 14, 27, 256, 1, 19, 95, 21140 }, // U+04AB
    { 19, 31, 296, 0, 24, 148, 21235 }, // U+04AC
    { 16, 25, 253, 0, 18, 100, 21383 }, // U+04AD
    { 19, 24, 302, 0, 24, 114, 21483 }, // U+04AE
    { 17, 26, 271, 0, 18, 111, 21597 }, // U+04AF
    { 19, 24, 302, 0, 24, 114, 21708 }, // U+04B0
    { 17, 26, 271, 0, 18, 111, 21822 }, // U+04B1
    { 21, 31, 336, 0, 24, 163, 21933 }, // U+04B2
    { 18, 25, 294, 0, 18, 113, 22096 }, // U+04B3
    { 28, 31, 460, 0, 24, 217, 22209 }, // U+04B4
    { 24, 25, 386, 0, 18, 150, 22426 }, // U+04B5
    { 21, 31, 375, 2, 24, 163, 22576 }, // U+04B6
    { 19, 25, 331, 2, 18, 119, 22739 }, // U+04B7
    { 19, 24, 372, 2, 24, 114, 22858 }, // U+04B8
    { 16, 18, 323, 2, 18, 72, 22972 }, // U+04B9
    { 18, 24, 372, 3, 24, 108, 23044 }, // U+04BA
    { 16, 26, 330, 2, 26, 104, 23152 }, // U+04BB
    { 27, 26, 453, 0, 25, 176, 23256 }, // U+04BC
    { 21, 20, 355, 0, 19, 105, 23432 }, // U+04BD
    { 27, 32, 453, 0, 25, 216, 23537 }, // U+04BE
    { 21, 26, 355, 0, 19, 137, 23753 }, // U+04BF
    { 9, 24, 181, 1, 24, 54, 23890 }, // U+04C0
    { 31, 31, 483, 0, 31, 241, 23944 }, // U+04C1
    { 26, 25, 405, 0, 25, 163, 24185 }, // U+04C2
    { 19, 33, 371, 3, 24, 157, 24348 }, // U+04C3
    { 16, 27, 299, 2, 18, 108, 24505 }, // U+04C4
    { 24, 31, 383, 0, 24, 186, 24613 }, // U+04C5
    { 20, 25, 313, 0, 18, 125, 24799 }, // U+04C6
    { 19, 33, 390, 3, 24, 157, 24924 }, // U+04C7
    { 17, 27, 331, 2, 18, 115, 25081 }, // U+04C8
    { 22, 31, 403, 3, 24, 171, 25196 }, // U+04C9
    { 20, 25, 353, 2, 18, 125, 25367 }, // U+04CA
    { 19, 31, 372, 2, 24, 148, 25492 }, // U+04CB
    { 16, 25, 327, 2, 18, 100, 25640 }, // U+04CC
    { 28, 31, 489, 3, 24, 217, 25740 }, // U+04CD
    { 24, 25, 403, 2, 18, 150, 25957 }, // U+04CE
    { 9, 24, 181, 1, 24, 54, 26107 }, // U+04CF
    { 22, 31, 341, 0, 31, 171, 26161 }, // U+04D0
    { 15, 26, 299, 1, 25, 98, 26332 }, // U+04D1
    { 22, 31, 341, 0, 31, 171, 26430 }, // U+04D2
    { 15, 26, 299, 1, 25, 98, 26601 }, // U+04D3
    { 29, 24, 470, -1, 24, 174, 26699 }, // U+04D4
    { 27, 20, 461, 1, 19, 135, 26873 }, // U+04D5
    { 14, 31, 296, 3, 31, 109, 27008 }, // U+04D6
    { 17, 26, 301, 1, 25, 111, 27117 }, // U+04D7
    { 22, 26, 394, 1, 25, 143, 27228 }, // U+04D8
    { 16, 20, 301, 1, 19, 80, 27371 }, // U+04D9
    { 22, 32, 394, 1, 31, 176, 27451 }, // U+04DA
    { 16, 26, 301, 1, 25, 104, 27627 }, // U+04DB
    { 31, 31, 483, 0, 31, 241, 27731 }, // U+04DC
    { 26, 25, 405, 0, 25, 163, 27972 }, // U+04DD
    { 17, 32, 308, 1, 31, 136, 28135 }, // U+04DE
    { 14, 26, 260, 1, 25, 91, 28271 }, // U+04DF
    { 17, 25, 311, 1, 24, 107, 28362 }, // U+04E0
    { 16, 26, 266, 0, 18, 104, 28469 }, // U+04E1
    { 19, 29, 403, 3, 29, 138, 28573 }, // U+04E2
    { 16, 23, 331, 2, 23, 92, 28711 }, // U+04E3
    { 19, 31, 403, 3, 31, 148, 28803 }, // U+04E4
    { 16, 25, 331, 2, 25, 100, 28951 }, // U+04E5
    { 22, 32, 416, 2, 31, 176, 29051 }, // U+04E6
    { 18, 26, 323, 1, 25, 117, 29227 }, // U+04E7
    { 22, 26, 417, 2, 25, 143, 29344 }, // U+04E8
    { 18, 20, 323, 1, 19, 90, 29487 }, // U+04E9
    { 22, 32, 417, 2, 31, 176, 29577 }, // U+04EA
    { 18, 26, 323, 1, 25, 117, 29753 }, // U+04EB
    { 19, 32, 345, 1, 31, 152, 29870 }, // U+04EC
    { 14, 26, 263, 1, 25, 91, 30022 }, // U+04ED
    { 21, 30, 328, 0, 29, 158, 30113 }, // U+04EE
    { 17, 31, 271, 0, 23, 132, 30271 }, // U+04EF
    { 21, 32, 328, 0, 31, 168, 30403 }, // U+04F0
    { 17, 33, 271, 0, 25, 141, 30571 }, // U+04F1
    { 21, 33, 328, 0, 32, 174, 30712 }, // U+04F2
    { 17, 34, 272, 0, 26, 145, 30886 }, // U+04F3
    { 18, 31, 359, 2, 31, 140, 31031 }, // U+04F4
    { 15, 25, 314, 2, 25, 94, 31171 }, // U+04F5
    { 14, 31, 283, 3, 24, 109, 31265 }, // U+04F6
    { 12, 25, 231, 2, 18, 75, 31374 }, // U+04F7
    { 23, 31, 453, 3, 31, 179, 31449 }, // U+04F8
    { 21, 25, 405, 2, 25, 132, 31628 }, // U+04F9
    { 17, 31, 283, 0, 24, 132, 31760 }, // U+04FA
    { 14, 25, 231, 0, 18, 88, 31892 }, // U+04FB
    { 21, 31, 337, 0, 24, 163, 31980 }, // U+04FC
    { 18, 25, 293, 0, 18, 113, 32143 }, // U+04FD
    { 20, 24, 312, 0, 24, 120, 32256 }, // U+04FE
    { 18, 18, 282, 0, 18, 81, 32376 }, // U+04FF
    { 24, 29, 407, 1, 23, 174, 0 }, // U+1EA0
    { 17, 25, 297, 1, 18, 107, 174 }, // U+1EA1
    { 24, 32, 407, 1, 32, 192, 281 }, // U+1EA2
    { 17, 26, 297, 1, 26, 111, 473 }, // U+1EA3
    { 24, 33, 407, 1, 33, 198, 584 }, // U+1EA4
    { 18, 29, 297, 1, 29, 131, 782 }, // U+1EA5
    { 24, 33, 407, 1, 33, 198, 913 }, // U+1EA6
    { 21, 29, 297, -3, 29, 153, 1111 }, // U+1EA7
    { 24, 34, 407, 1, 34, 204, 1264 }, // U+1EA8
    { 17, 32, 297, 1, 32, 136, 1468 }, // U+1EA9
    { 24, 33, 407, 1, 33, 198, 1604 }, // U+1EAA
    { 17, 29, 297, 1, 29, 124, 1802 }, // U+1EAB
    { 24, 36, 407, 1, 30, 216, 1926 }, // U+1EAC
    { 17, 33, 297, 1, 26, 141, 2142 }, // U+1EAD
    { 24, 32, 407, 1, 32, 192, 2283 }, // U+1EAE
    { 17, 29, 297, 1, 29, 124, 2475 }, // U+1EAF
    { 24, 32, 407, 1, 32, 192, 2599 }, // U+1EB0
    { 17, 29, 297, 1, 29, 124, 2791 }, // U+1EB1
    { 24, 33, 407, 1, 33, 198, 2915 }, // U+1EB2
    { 17, 30, 297, 1, 30, 128, 3113 }, // U+1EB3
    { 24, 32, 407, 1, 32, 192, 3241 }, // U+1EB4
    { 17, 29, 297, 1, 29, 124, 3433 }, // U+1EB5
    { 24, 36, 407, 1, 30, 216, 3557 }, // U+1EB6
    { 17, 33, 297, 1, 26, 141, 3773 }, // U+1EB7
    { 19, 29, 346, 1, 23, 138, 3914 }, // U+1EB8
    { 16, 25, 283, 1, 18, 100, 4052 }, // U+1EB9
    { 19, 32, 346, 1, 32, 152, 4152 }, // U+1EBA
    { 16, 26, 283, 1, 26, 104, 4304 }, // U+1EBB
    { 19, 30, 346, 1, 30, 143, 4408 }, // U+1EBC
    { 16, 25, 283, 1, 25, 100, 4551 }, // U+1EBD
    { 20, 33, 346, 1, 33, 165, 4651 }, // U+1EBE
    { 19, 29, 283, 1, 29, 138, 4816 }, // U+1EBF
    { 20, 33, 346, 0, 33, 165, 4954 }, // U+1EC0
    { 19, 29, 283, -2, 29, 138, 5119 }, // U+1EC1
    { 19, 34, 346, 1, 34, 162, 5257 }, // U+1EC2
    { 18, 32, 283, 1, 32, 144, 5419 }, // U+1EC3
    { 19, 33, 346, 1, 33, 157, 5563 }, // U+1EC4
    { 16, 29, 283, 1, 29, 116, 5720 }, // U+1EC5
    { 19, 36, 346, 1, 30, 171, 5836 }, // U+1EC6
    { 16, 33, 283, 1, 26, 132, 6007 }, // U+1EC7
    { 11, 32, 204, 1, 32, 88, 6139 }, // U+1EC8
    { 9, 26, 174, 1, 26, 59, 6227 }, // U+1EC9
    { 11, 29, 204, 1, 23, 80, 6286 }, // U+1ECA
    { 9, 33, 173, 1, 26, 75, 6366 }, // U+1ECB
    { 24, 29, 420, 1, 23, 174, 6441 }, // U+1ECC
    { 18, 25, 313, 1, 18, 113, 6615 }, // U+1ECD
    { 24, 32, 420, 1, 32, 192, 6728 }, // U+1ECE
    { 18, 26, 313, 1, 26, 117, 6920 }, // U+1ECF
    { 24, 33, 420, 1, 33, 198, 7037 }, // U+1ED0
    { 20, 29, 313, 1, 29, 145, 7235 }, // U+1ED1
    { 24, 33, 420, 1, 33, 198, 7380 }, // U+1ED2
    { 20, 29, 313, -1, 29, 145, 7578 }, // U+1ED3
    { 24, 34, 420, 1, 34, 204, 7723 }, // U+1ED4
    { 18, 32, 313, 1, 32, 144, 7927 }, // U+1ED5
    { 24, 33, 420, 1, 33, 198, 8071 }, // U+1ED6
    { 18, 29, 313, 1, 29, 131, 8269 }, // U+1ED7
    { 24, 36, 420, 1, 30, 216, 8400 }, // U+1ED8
    { 18, 33, 313, 1, 26, 149, 8616 }, // U+1ED9
    { 24, 30, 422, 1, 30, 180, 8765 }, // U+1EDA
    { 18, 26, 323, 1, 26, 117, 8945 }, // U+1EDB
    { 24, 30, 422, 1, 30, 180, 9062 }, // U+1EDC
    { 18, 26, 323, 1, 26, 117, 9242 }, // U+1EDD
    { 24, 32, 422, 1, 32, 192, 9359 }, // U+1EDE
    { 18, 26, 323, 1, 26, 117, 9551 }, // U+1EDF
    { 24, 30, 422, 1, 30, 180, 9668 }, // U+1EE0
    { 18, 25, 323, 1, 25, 113, 9848 }, // U+1EE1
    { 24, 34, 422, 1, 28, 204, 9961 }, // U+1EE2
    { 18, 30, 323, 1, 23, 135, 10165 }, // U+1EE3
    { 25, 29, 424, 1, 23, 182, 10300 }, // U+1EE4
    { 19, 25, 325, 1, 18, 119, 10482 }, // U+1EE5
    { 25, 32, 424, 1, 32, 200, 10601 }, // U+1EE6
    { 19, 26, 325, 1, 26, 124, 10801 }, // U+1EE7
    { 28, 30, 432, 1, 30, 210, 10925 }, // U+1EE8
    { 21, 26, 337, 1, 26, 137, 11135 }, // U+1EE9
    { 28, 30, 432, 1, 30, 210, 11272 }, // U+1EEA
    { 21, 26, 337, 1, 26, 137, 11482 }, // U+1EEB
    { 28, 32, 432, 1, 32, 224, 11619 }, // U+1EEC
    { 21, 26, 337, 1, 26, 137, 11843 }, // U+1EED
    { 28, 30, 432, 1, 30, 210, 11980 }, // U+1EEE
    { 21, 25, 337, 1, 25, 132, 12190 }, // U+1EEF
    { 28, 34, 432, 1, 28, 238, 12322 }, // U+1EF0
    { 21, 30, 337, 1, 23, 158, 12560 }, // U+1EF1
    { 24, 30, 388, 0, 30, 180, 12718 }, // U+1EF2
    { 20, 33, 322, 0, 26, 165, 12898 }, // U+1EF3
    { 24, 29, 388, 0, 23, 174, 13063 }, // U+1EF4
    { 20, 27, 322, 0, 18, 135, 13237 }, // U+1EF5
    { 24, 32, 388, 0, 32, 192, 13372 }, // U+1EF6
    { 20, 33, 322, 0, 26, 165, 13564 }, // U+1EF7
    { 24, 30, 388, 0, 30, 180, 13729 }, // U+1EF8
    { 20, 32, 322, 0, 25, 160, 13909 }, // U+1EF9
    { 0, 0, 267, 0, 0, 0, 0 }, // U+2000
    { 0, 0, 533, 0, 0, 0, 0 }, // U+2001
    { 0, 0, 267, 0, 0, 0, 0 }, // U+2002
    { 0, 0, 533, 0, 0, 0, 0 }, // U+2003
    { 0, 0, 178, 0, 0, 0, 0 }, // U+2004
    { 0, 0, 133, 0, 0, 0, 0 }, // U+2005
    { 0, 0, 89, 0, 0, 0, 0 }, // U+2006
    { 0, 0, 305, 0, 0, 0, 0 }, // U+2007
    { 0, 0, 143, 0, 0, 0, 0 }, // U+2008
    { 0, 0, 89, 0, 0, 0, 0 }, // U+2009
    { 0, 0, 53, 0, 0, 0, 0 }, // U+200A
    { 0, 0, 0, 0, 0, 0, 0 }, // U+200B
    { 0, 0, 0, 0, 0, 0, 0 }, // U+200C
    { 0, 0, 0, 0, 0, 0, 0 }, // U+200D
    { 9, 28, 0, -1, 23, 63, 0 }, // U+200E
    { 9, 28, 0, -8, 23, 63, 63 }, // U+200F
    { 9, 3, 201, 2, 10, 7, 126 }, // U+2010
    { 9, 4, 172, 1, 11, 9, 133 }, // U+2011
    { 17, 4, 305, 1, 14, 17, 142 }, // U+2012
    { 13, 2, 274, 2, 9, 7, 159 }, // U+2013
    { 19, 2, 358, 2, 9, 10, 166 }, // U+2014
    { 31, 4, 533, 1, 11, 31, 176 }, // U+2015
    { 11, 35, 294, 4, 26, 97, 207 }, // U+2016
    { 15, 8, 219, -1, 0, 30, 304 }, // U+2017
    { 7, 10, 139, 1, 24, 18, 334 }, // U+2018
    { 7, 10, 139, 1, 23, 18, 352 }, // U+2019
    { 6, 10, 138, 1, 5, 15, 370 }, // U+201A
    { 6, 9, 93, 0, 24, 14, 385 }, // U+201B
    { 13, 10, 240, 1, 24, 33, 399 }, // U+201C
    { 13, 10, 240, 1, 23, 33, 432 }, // U+201D
    { 13, 10, 240, 1, 5, 33, 465 }, // U+201E
    { 12, 9, 191, 0, 24, 27, 498 }, // U+201F
    { 10, 13, 204, 1, 25, 33, 525 }, // U+2020
    { 10, 12, 213, 2, 24, 30, 558 }, // U+2021
    { 9, 9, 222, 2, 13, 21, 588 }, // U+2022
    { 9, 11, 196, 2, 18, 25, 609 }, // U+2023
    { 5, 6, 267, 6, 5, 8, 634 }, // U+2024
    { 14, 6, 286, 2, 5, 21, 642 }, // U+2025
    { 21, 5, 371, 1, 5, 27, 663 }, // U+2026
    { 5, 6, 143, 2, 11, 8, 690 }, // U+2027
    { 0, 0, 320, 0, 0, 0, 698 }, // U+2028
    { 0, 0, 320, 0, 0, 0, 698 }, // U+2029
    { 9, 26, 0, -1, 21, 59, 698 }, // U+202A
    { 9, 26, 0, -8, 21, 59, 757 }, // U+202B
    { 8, 28, 0, -4, 23, 56, 816 }, // U+202C
    { 8, 28, 0, -4, 23, 56, 872 }, // U+202D
    { 8, 28, 0, -4, 23, 56, 928 }, // U+202E
    { 0, 0, 89, 0, 0, 0, 984 }, // U+202F
    { 38, 23, 636, 1, 23, 219, 984 }, // U+2030
    { 49, 26, 823, 1, 25, 319, 1203 }, // U+2031
    { 6, 9, 124, 1, 23, 14, 1522 }, // U+2032
    { 12, 9, 217, 1, 23, 27, 1536 }, // U+2033
    { 20, 9, 311, 1, 24, 45, 1563 }, // U+2034
    { 8, 9, 124, -1, 24, 18, 1608 }, // U+2035
    { 13, 9, 235, -1, 24, 30, 1626 }, // U+2036
    { 19, 9, 321, -1, 24, 43, 1656 }, // U+2037
    { 13, 11, 213, 0, 3, 36, 1699 }, // U+2038
    { 9, 16, 177, 1, 16, 36, 1735 }, // U+2039
    { 9, 16, 184, 1, 16, 36, 1771 }, // U+203A
    { 26, 26, 446, 1, 25, 169, 1807 }, // U+203B
    { 13, 25, 266, 2, 24, 82, 1976 }, // U+203C
    { 14, 26, 237, 0, 25, 91, 2058 }, // U+203D
    { 18, 3, 267, -1, 28, 14, 2149 }, // U+203E
    { 20, 7, 325, 0, -1, 35, 2163 }, // U+203F
    { 20, 8, 325, 0, 27, 40, 2198 }, // U+2040
    { 12, 22, 199, 0, 14, 66, 2238 }, // U+2041
    { 37, 31, 596, 0, 26, 287, 2304 }, // U+2042
    { 9, 4, 172, 1, 11, 9, 2591 }, // U+2043
    { 19, 23, 41, -8, 23, 110, 2600 }, // U+2044
    { 8, 30, 173, 2, 24, 60, 2710 }, // U+2045
    { 9, 30, 173, 0, 24, 68, 2770 }, // U+2046
    { 28, 26, 456, 0, 25, 182, 2838 }, // U+2047
    { 21, 26, 362, 0, 25, 137, 3020 }, // U+2048
    { 20, 26, 364, 2, 25, 130, 3157 }, // U+2049
    { 17, 18, 305, 1, 18, 77, 3287 }, // U+204A
    { 17, 31, 349, 3, 26, 132, 3364 }, // U+204B
    { 18, 17, 341, 1, 18, 77, 3496 }, // U+204C
    { 18, 17, 341, 2, 18, 77, 3573 }, // U+204D
    { 16, 16, 294, 1, 9, 64, 3650 }, // U+204E
    { 6, 24, 126, 1, 19, 36, 3714 }, // U+204F
    { 20, 35, 323, 0, 27, 175, 3750 }, // U+2050
    { 16, 33, 294, 1, 26, 132, 3925 }, // U+2051
    { 22, 23, 380, 1, 23, 127, 4057 }, // U+2052
    { 29, 6, 533, 2, 13, 44, 4184 }, // U+2053
    { 20, 8, 323, 0, 0, 40, 4228 }, // U+2054
    { 18, 18, 305, 0, 17, 81, 4268 }, // U+2055
    { 15, 26, 276, 1, 25, 98, 4349 }, // U+2056
    { 25, 9, 396, 1, 24, 57, 4447 }, // U+2057
    { 25, 26, 438, 1, 25, 163, 4504 }, // U+2058
    { 25, 26, 442, 1, 25, 163, 4667 }, // U+2059
    { 5, 26, 118, 1, 25, 33, 4830 }, // U+205A
    { 20, 26, 349, 1, 25, 130, 4863 }, // U+205B
    { 25, 26, 424, 1, 25, 163, 4993 }, // U+205C
    { 5, 25, 143, 2, 24, 32, 5156 }, // U+205D
    { 5, 26, 143, 2, 25, 33, 5188 }, // U+205E
    { 0, 0, 118, 0, 0, 0, 5221 }, // U+205F
    { 0, 0, 320, 0, 0, 0, 5221 }, // U+2060
    { 0, 0, 320, 0, 0, 0, 5221 }, // U+2061
    { 0, 0, 320, 0, 0, 0, 5221 }, // U+2062
    { 0, 0, 320, 0, 0, 0, 5221 }, // U+2063
    { 0, 0, 320, 0, 0, 0, 5221 }, // U+2064
    { 0, 0, 0, 0, 0, 0, 5221 }, // U+2066
    { 0, 0, 0, 0, 0, 0, 5221 }, // U+2067
    { 0, 0, 0, 0, 0, 0, 5221 }, // U+2068
    { 0, 0, 0, 0, 0, 0, 5221 }, // U+2069
    { 8, 28, 0, -4, 23, 56, 5221 }, // U+206A
    { 8, 28, 0, -4, 23, 56, 5277 }, // U+206B
    { 8, 28, 0, -4, 23, 56, 5333 }, // U+206C
    { 8, 29, 0, -4, 24, 58, 5389 }, // U+206D
    { 8, 28, 0, -4, 23, 56, 5447 }, // U+206E
    { 8, 28, 0, -4, 23, 56, 5503 }, // U+206F
    { 12, 12, 216, 1, 23, 36, 0 }, // U+2070
    { 3, 16, 90, 1, 25, 12, 36 }, // U+2071
    { 13, 12, 212, 0, 23, 39, 48 }, // U+2074
    { 10, 16, 187, 1, 29, 40, 87 }, // U+2075
    { 12, 16, 187, 0, 29, 48, 127 }, // U+2076
    { 11, 16, 187, 0, 29, 44, 175 }, // U+2077
    { 11, 16, 187, 0, 29, 44, 219 }, // U+2078
    { 11, 16, 187, 0, 29, 44, 263 }, // U+2079
    { 10, 10, 180, 1, 25, 25, 307 }, // U+207A
    { 10, 3, 180, 1, 21, 8, 332 }, // U+207B
    { 10, 6, 180, 1, 23, 15, 340 }, // U+207C
    { 6, 19, 121, 2, 31, 29, 355 }, // U+207D
    { 6, 19, 121, 0, 31, 29, 384 }, // U+207E
    { 11, 12, 214, 1, 21, 33, 413 }, // U+207F
    { 11, 16, 187, 0, 11, 44, 446 }, // U+2080
    { 7, 16, 187, 1, 11, 28, 490 }, // U+2081
    { 11, 16, 187, 0, 11, 44, 518 }, // U+2082
    { 11, 16, 187, 0, 11, 44, 562 }, // U+2083
    { 12, 16, 187, 0, 11, 48, 606 }, // U+2084
    { 10, 16, 187, 1, 11, 40, 654 }, // U+2085
    { 12, 16, 187, 0, 11, 48, 694 }, // U+2086
    { 11, 16, 187, 0, 11, 44, 742 }, // U+2087
    { 11, 16, 187, 0, 11, 44, 786 }, // U+2088
    { 11, 16, 187, 0, 11, 44, 830 }, // U+2089
    { 10, 10, 180, 1, 7, 25, 874 }, // U+208A
    { 10, 3, 180, 1, 3, 8, 899 }, // U+208B
    { 10, 6, 180, 1, 5, 15, 907 }, // U+208C
    { 6, 19, 121, 2, 13, 29, 922 }, // U+208D
    { 6, 19, 121, 0, 13, 29, 951 }, // U+208E
    { 10, 12, 195, 1, 8, 30, 980 }, // U+2090
    { 11, 12, 196, 1, 8, 33, 1010 }, // U+2091
    { 11, 12, 210, 1, 8, 33, 1043 }, // U+2092
    { 12, 12, 183, 0, 8, 36, 1076 }, // U+2093
    { 11, 12, 196, 1, 8, 33, 1112 }, // U+2094
    { 11, 16, 214, 1, 12, 44, 1145 }, // U+2095
    { 11, 16, 185, 1, 12, 44, 1189 }, // U+2096
    { 3, 16, 90, 1, 12, 12, 1233 }, // U+2097
    { 18, 12, 324, 1, 8, 54, 1245 }, // U+2098
    { 11, 12, 214, 1, 8, 33, 1299 }, // U+2099
    { 12, 16, 213, 1, 8, 48, 1332 }, // U+209A
    { 9, 12, 166, 1, 8, 27, 1380 }, // U+209B
    { 8, 14, 125, 0, 10, 28, 1407 }, // U+209C
    { 17, 25, 305, 1, 25, 107, 0 }, // U+20A0
    { 17, 29, 304, 1, 26, 124, 107 }, // U+20A1
    { 17, 26, 305, 1, 25, 111, 231 }, // U+20A2
    { 17, 23, 331, 2, 23, 98, 342 }, // U+20A3
    { 18, 23, 334, 1, 23, 104, 440 }, // U+20A4
    { 27, 27, 499, 2, 23, 183, 544 }, // U+20A5
    { 21, 23, 380, 1, 23, 121, 727 }, // U+20A6
    { 26, 23, 466, 2, 23, 150, 848 }, // U+20A7
    { 25, 25, 444, 2, 24, 157, 998 }, // U+20A8
    { 23, 23, 404, 1, 23, 133, 1155 }, // U+20A9
    { 22, 24, 426, 2, 24, 132, 1288 }, // U+20AA
    { 20, 31, 351, 1, 25, 155, 1420 }, // U+20AB
    { 21, 23, 372, 1, 23, 121, 1575 }, // U+20AC
    { 22, 23, 376, 1, 23, 127, 1696 }, // U+20AD
    { 19, 24, 305, 0, 24, 114, 1823 }, // U+20AE
    { 32, 33, 517, 0, 25, 264, 1937 }, // U+20AF
    { 18, 33, 305, 0, 25, 149, 2201 }, // U+20B0
    { 20, 23, 375, 2, 23, 115, 2350 }, // U+20B1
    { 18, 29, 334, 1, 26, 131, 2465 }, // U+20B2
    { 21, 24, 324, 0, 24, 126, 2596 }, // U+20B3
    { 18, 26, 293, 0, 25, 117, 2722 }, // U+20B4
    { 15, 23, 279, 1, 23, 87, 2839 }, // U+20B5
    { 20, 23, 331, 0, 22, 115, 2926 }, // U+20B6
    { 23, 28, 387, 0, 25, 161, 3041 }, // U+20B7
    { 18, 24, 291, 0, 24, 108, 3202 }, // U+20B8
    { 17, 23, 313, 1, 23, 98, 3310 }, // U+20B9
    { 17, 23, 327, 2, 23, 98, 3408 }, // U+20BA
    { 26, 26, 416, 0, 25, 169, 3506 }, // U+20BB
    { 17, 23, 314, 1, 23, 98, 3675 }, // U+20BC
    { 18, 23, 335, 2, 23, 104, 3773 }, // U+20BD
    { 22, 26, 411, 2, 26, 143, 3877 }, // U+20BE
    { 15, 32, 305, 3, 28, 120, 4020 }, // U+20BF
    { 14, 24, 263, 1, 19, 84, 4140 }, // U+20C0
    { 14, 3, 280, 2, 10, 11, 0 }, // U+2212
    { 19, 23, 41, -8, 23, 110, 11 }, // U+2215
    { 9, 9, 280, 4, 13, 21, 121 }, // U+2219
    { 14, 11, 280, 2, 14, 39, 142 }, // U+2248
    { 14, 17, 280, 2, 17, 60, 181 }, // U+2260
    { 15, 18, 280, 1, 18, 68, 241 }, // U+2264
    { 15, 17, 280, 1, 17, 64, 309 }, // U+2265
    { 28, 26, 393, 0, 26, 182, 0 }, // U+FB00
    { 21, 26, 340, 0, 26, 137, 182 }, // U+FB01
    { 21, 26, 344, 0, 26, 137, 319 }, // U+FB02
    { 31, 26, 514, 0, 26, 202, 456 }, // U+FB03
    { 31, 26, 514, 0, 26, 202, 658 }, // U+FB04
    { 20, 27, 359, 2, 26, 135, 860 }, // U+FB05
    { 27, 27, 448, 1, 26, 183, 995 }, // U+FB06
    { 31, 32, 533, 1, 26, 248, 0 }, // U+FFFD
};

static const EpdUnicodeInterval libron_16_regularIntervals[] = {
    { 0x0, 0x0, 0x0 },
    { 0xD, 0xD, 0x1 },
    { 0x20, 0x7E, 0x2 },
    { 0xA0, 0x17F, 0x61 },
    { 0x1A0, 0x1A1, 0x141 },
    { 0x1AF, 0x1B0, 0x143 },
    { 0x1C4, 0x21F, 0x145 },
    { 0x300, 0x36F, 0x1A1 },
    { 0x400, 0x4FF, 0x211 },
    { 0x1EA0, 0x1EF9, 0x311 },
    { 0x2000, 0x2064, 0x36B },
    { 0x2066, 0x2071, 0x3D0 },
    { 0x2074, 0x208E, 0x3DC },
    { 0x2090, 0x209C, 0x3F7 },
    { 0x20A0, 0x20C0, 0x404 },
    { 0x2212, 0x2212, 0x425 },
    { 0x2215, 0x2215, 0x426 },
    { 0x2219, 0x2219, 0x427 },
    { 0x2248, 0x2248, 0x428 },
    { 0x2260, 0x2260, 0x429 },
    { 0x2264, 0x2265, 0x42A },
    { 0xFB00, 0xFB06, 0x42C },
    { 0xFFFD, 0xFFFD, 0x433 },
};

static const EpdFontGroup libron_16_regularGroups[] = {
    { 0, 3807, 9643, 97, 0 },
    { 3807, 3231, 11207, 96, 97 },
    { 7038, 4198, 18563, 128, 193 },
    { 11236, 4357, 16660, 96, 321 },
    { 15593, 1304, 2305, 112, 417 },
    { 16897, 9678, 34821, 256, 529 },
    { 26575, 2351, 14745, 90, 785 },
    { 28926, 2283, 6137, 111, 875 },
    { 31209, 696, 1606, 42, 986 },
    { 31905, 2039, 4606, 33, 1028 },
    { 33944, 187, 406, 7, 1061 },
    { 34131, 363, 1234, 7, 1068 },
    { 34494, 134, 256, 1, 1075 },
};

static const uint16_t libron_16_regularKernLeftCodepoints[] = {
    0x0020, 0x0022, 0x0026, 0x0027, 0x0028, 0x0029, 0x002A, 0x002C, 0x002D, 0x002E, 0x002F, 0x0030,
    0x0031, 0x0032, 0x0033, 0x0034, 0x0035, 0x0036, 0x0037, 0x0038, 0x0039, 0x003A, 0x003B, 0x003F,
    0x0040, 0x0041, 0x0042, 0x0043, 0x0044, 0x0045, 0x0046, 0x0047, 0x0048, 0x0049, 0x004A, 0x004B,
    0x004C, 0x004D, 0x004E, 0x004F, 0x0050, 0x0051, 0x0052, 0x0053, 0x0054, 0x0055, 0x0056, 0x0057,
    0x0058, 0x0059, 0x005A, 0x005B, 0x005C, 0x005D, 0x005F, 0x0061, 0x0062, 0x0063, 0x0064, 0x0065,
    0x0066, 0x0067, 0x0068, 0x0069, 0x006A, 0x006B, 0x006C, 0x006D, 0x006E, 0x006F, 0x0070, 0x0071,
    0x0072, 0x0073, 0x0074, 0x0075, 0x0076, 0x0077, 0x0078, 0x0079, 0x007A, 0x007B, 0x007D, 0x00A0,
    0x00A1, 0x00A4, 0x00A5, 0x00A9, 0x00AA, 0x00AB, 0x00AD, 0x00AE, 0x00B0, 0x00B2, 0x00B3, 0x00B7,
    0x00BA, 0x00BB, 0x00BF, 0x00C0, 0x00C1, 0x00C2, 0x00C3, 0x00C4, 0x00C5, 0x00C6, 0x00C7, 0x00C8,
    0x00C9, 0x00CA, 0x00CB, 0x00CC, 0x00CD, 0x00CE, 0x00CF, 0x00D0, 0x00D1, 0x00D2, 0x00D3, 0x00D4,
    0x00D5, 0x00D6, 0x00D8, 0x00D9, 0x00DA, 0x00DB, 0x00DC, 0x00DD, 0x00DE, 0x00DF, 0x00E0, 0x00E1,
    0x00E2, 0x00E3, 0x00E4, 0x00E5, 0x00E6, 0x00E7, 0x00E8, 0x00E9, 0x00EA, 0x00EB, 0x00EC, 0x00ED,
    0x00EE, 0x00EF, 0x00F0, 0x00F1, 0x00F2, 0x00F3, 0x00F4, 0x00F5, 0x00F6, 0x00F8, 0x00F9, 0x00FA,
    0x00FB, 0x00FC, 0x00FD, 0x00FE, 0x00FF, 0x0100, 0x0101, 0x0102, 0x0103, 0x0104, 0x0105, 0x0106,
    0x0107, 0x0108, 0x0109, 0x010A, 0x010B, 0x010C, 0x010D, 0x010E, 0x010F, 0x0110, 0x0111, 0x0112,
    0x0113, 0x0114, 0x0115, 0x0116, 0x0117, 0x0118, 0x0119, 0x011A, 0x011B, 0x011C, 0x011D, 0x011E,
    0x011F, 0x0120, 0x0121, 0x0122, 0x0123, 0x0124, 0x0125, 0x0126, 0x0127, 0x0128, 0x0129, 0x012A,
    0x012B, 0x012C, 0x012D, 0x012E, 0x012F, 0x0130, 0x0131, 0x0134, 0x0135, 0x0136, 0x0137, 0x0138,
    0x0139, 0x013A, 0x013B, 0x013C, 0x013D, 0x013E, 0x013F, 0x0141, 0x0142, 0x0143, 0x0144, 0x0145,
    0x0146, 0x0147, 0x0148, 0x014A, 0x014B, 0x014C, 0x014D, 0x014E, 0x014F, 0x0150, 0x0151, 0x0152,
    0x0153, 0x0154, 0x0155, 0x0156, 0x0157, 0x0158, 0x0159, 0x015A, 0x015B, 0x015C, 0x015D, 0x015E,
    0x015F, 0x0160, 0x0161, 0x0162, 0x0163, 0x0164, 0x0165, 0x0166, 0x0167, 0x0168, 0x0169, 0x016A,
    0x016B, 0x016C, 0x016D, 0x016E, 0x016F, 0x0170, 0x0171, 0x0172, 0x0173, 0x0174, 0x0175, 0x0176,
    0x0177, 0x0178, 0x0179, 0x017A, 0x017B, 0x017C, 0x017D, 0x017E, 0x01A0, 0x01A1, 0x01AF, 0x01B0,
    0x01C4, 0x01C5, 0x01C6, 0x01C7, 0x01C8, 0x01C9, 0x01CA, 0x01CB, 0x01CC, 0x01E6, 0x01E7, 0x01EA,
    0x01EB, 0x01FA, 0x01FB, 0x01FC, 0x01FD, 0x01FE, 0x01FF, 0x0200, 0x0201, 0x0202, 0x0203, 0x0204,
    0x0205, 0x0206, 0x0207, 0x0208, 0x0209, 0x020A, 0x020B, 0x020C, 0x020D, 0x020E, 0x020F, 0x0210,
    0x0211, 0x0212, 0x0213, 0x0214, 0x0215, 0x0216, 0x0217, 0x0218, 0x0219, 0x021A, 0x021B, 0x0400,
    0x0401, 0x0402, 0x0403, 0x0404, 0x0405, 0x0409, 0x040A, 0x040B, 0x040C, 0x040E, 0x0410, 0x0411,
    0x0412, 0x0413, 0x0414, 0x0415, 0x0416, 0x0417, 0x041A, 0x041E, 0x0420, 0x0421, 0x0422, 0x0423,
    0x0424, 0x0425, 0x0426, 0x0429, 0x042A, 0x042C, 0x042D, 0x042E, 0x0430, 0x0431, 0x0432, 0x0433,
    0x0434, 0x0435, 0x0436, 0x0437, 0x0438, 0x0439, 0x043A, 0x043B, 0x043C, 0x043D, 0x043E, 0x043F,
    0x0440, 0x0441, 0x0442, 0x0443, 0x0444, 0x0445, 0x0446, 0x0447, 0x0448, 0x0449, 0x044A, 0x044B,
    0x044C, 0x044D, 0x044E, 0x044F, 0x0450, 0x0451, 0x0452, 0x0453, 0x0454, 0x0455, 0x0457, 0x0458,
    0x0459, 0x045A, 0x045B, 0x045C, 0x045D, 0x045E, 0x045F, 0x0460, 0x0461, 0x0462, 0x0463, 0x0464,
    0x0465, 0x0466, 0x0467, 0x0468, 0x0469, 0x046E, 0x0471, 0x0472, 0x0473, 0x0474, 0x0475, 0x0476,
    0x0477, 0x0478, 0x0479, 0x047A, 0x047B, 0x047C, 0x047D, 0x047E, 0x047F, 0x0480, 0x048A, 0x048B,
    0x048C, 0x048D, 0x048E, 0x048F, 0x0490, 0x0491, 0x0492, 0x0493, 0x0496, 0x0497, 0x0498, 0x0499,
    0x049A, 0x049B, 0x049C, 0x049D, 0x049E, 0x049F, 0x04A0, 0x04A1, 0x04A2, 0x04A3, 0x04A4, 0x04A5,
    0x04A9, 0x04AA, 0x04AB, 0x04AC, 0x04AD, 0x04AE, 0x04AF, 0x04B0, 0x04B1, 0x04B2, 0x04B3, 0x04B4,
    0x04B5, 0x04B6, 0x04B7, 0x04BC, 0x04BD, 0x04BE, 0x04BF, 0x04C1, 0x04C2, 0x04C5, 0x04C6, 0x04C9,
    0x04CA, 0x04CD, 0x04CE, 0x04D0, 0x04D1, 0x04D2, 0x04D3, 0x04D4, 0x04D5, 0x04D6, 0x04D7, 0x04D8,
    0x04D9, 0x04DA, 0x04DB, 0x04DC, 0x04DD, 0x04DE, 0x04DF, 0x04E3, 0x04E5, 0x04E6, 0x04E7, 0x04E8,
    0x04E9, 0x04EA, 0x04EB, 0x04EC, 0x04ED, 0x04EE, 0x04EF, 0x04F0, 0x04F1, 0x04F2, 0x04F3, 0x04F5,
    0x04F6, 0x04F7, 0x04F9, 0x04FA, 0x04FB, 0x04FC, 0x04FD, 0x04FE, 0x04FF, 0x1EA0, 0x1EA1, 0x1EA2,
    0x1EA3, 0x1EA4, 0x1EA5, 0x1EA6, 0x1EA7, 0x1EA8, 0x1EA9, 0x1EAA, 0x1EAB, 0x1EAC, 0x1EAD, 0x1EAE,
    0x1EAF, 0x1EB0, 0x1EB1, 0x1EB2, 0x1EB3, 0x1EB4, 0x1EB5, 0x1EB6, 0x1EB7, 0x1EB8, 0x1EB9, 0x1EBA,
    0x1EBB, 0x1EBC, 0x1EBD, 0x1EBE, 0x1EBF, 0x1EC0, 0x1EC1, 0x1EC2, 0x1EC3, 0x1EC4, 0x1EC5, 0x1EC6,
    0x1EC7, 0x1EC8, 0x1EC9, 0x1ECA, 0x1ECB, 0x1ECC, 0x1ECD, 0x1ECE, 0x1ECF, 0x1ED0, 0x1ED1, 0x1ED2,
    0x1ED3, 0x1ED4, 0x1ED5, 0x1ED6, 0x1ED7, 0x1ED8, 0x1ED9, 0x1EDA, 0x1EDB, 0x1EDC, 0x1EDD, 0x1EDE,
    0x1EDF, 0x1EE0, 0x1EE1, 0x1EE2, 0x1EE3, 0x1EE4, 0x1EE5, 0x1EE6, 0x1EE7, 0x1EE8, 0x1EE9, 0x1EEA,
    0x1EEB, 0x1EEC, 0x1EED, 0x1EEE, 0x1EEF, 0x1EF0, 0x1EF1, 0x1EF2, 0x1EF3, 0x1EF4, 0x1EF5, 0x1EF6,
    0x1EF7, 0x1EF8, 0x1EF9, 0x2013, 0x2014, 0x2015, 0x2018, 0x2019, 0x201A, 0x201C, 0x201D, 0x201E,
    0x2022, 0x2026, 0x2032, 0x2033, 0x2039, 0x203A, 0x2074, 0x20A3, 0x20AD, 0x20B1, 0x20B9, 0x20BA,
    0x20BC, 0xFB00, 0xFB01, 0xFB02, 0xFB03, 0xFB04,
};

static const uint8_t libron_16_regularKernLeftClassIds[] = {
      1,   2,   3,   2,   4,   5,   6,   7,   8,   9,  10,  11,  12,  13,  14,  15,
     16,  17,  18,  19,  20,  21,  21,  22,  23,  24,  25,  26,  27,  28,  29,  30,
     31,  31,  32,  33,  34,  35,  36,  37,  38,  39,  40,  41,  42,  43,  44,  45,
     46,  47,  48,  49,  50,  51,  52,  53,  54,  55,  56,  57,  58,  59,  60,  61,
     62,  63,  64,  60,  60,  65,  54,  66,  67,  68,  69,  70,  71,  72,  73,  74,
     75,  76,  77,   1,  78,  79,  80,  81,  82,  83,   8,  84,  85,  86,  86,  87,
     88,  89,  90,  91,  91,  91,  91,  91,  91,  28,  92,  28,  28,  28,  28,  31,
     31,  31,  31,  27,  36,  37,  37,  37,  37,  37,  93,  43,  43,  43,  43,  47,
     94,  95,  53,  96,  53,  53,  97,  53,  57,  55,  57,  98,  99, 100,  61, 101,
    102, 103, 104,  60,  65, 105,  65,  65,  65, 106,  70,  70,  70,  70,  74,  54,
     74,  91,  53,  91,  53, 107, 108,  92, 109,  92, 110,  92,  55,  92, 111,  27,
    112,  27, 113,  28,  57,  28,  57,  28,  57,  28,  57,  28, 114,  30, 115,  30,
    115,  30, 115,  30, 115,  31,  60,  31,  60,  31, 116,  31, 117,  31, 118,  31,
     61,  31,  61,  32, 119, 120, 121, 121,  34,  64,  34,  64, 122, 123,  34,  34,
    124,  36,  60,  36,  60,  36,  60,  36,  60,  37,  65,  37,  65,  37, 125,  28,
     57,  40, 126,  40,  67,  40, 127,  41, 128,  41, 129,  41,  68, 130, 131,  42,
     69,  42, 132, 133, 134,  43,  70,  43,  70,  43,  70,  43,  70,  43, 135,  43,
     70,  45,  72,  47,  74,  47,  48, 136,  48, 136,  48, 136, 137, 138, 139, 140,
     48, 136, 136,  32,  62,  62,  32,  62,  62,  30, 115,  37,  65,  91,  53,  28,
     57,  93, 106,  91,  53,  91,  53,  28,  57,  28,  99,  31, 141,  31, 142,  37,
     65,  37,  65,  40,  67,  40, 143,  43,  70,  43,  70,  41,  68,  42,  69, 144,
    144, 145, 146, 147, 148, 149, 149, 145, 150, 151, 152, 153, 154, 146, 155, 144,
    150, 154, 150, 156, 157, 147, 146, 151, 158, 150, 155, 155, 149, 149, 156, 156,
    159, 160, 161, 162, 163, 164, 165, 161, 166, 166, 165, 166, 166, 166, 164, 166,
    164, 167, 162, 168, 164, 165, 163, 166, 166, 163, 169, 166, 169, 164, 164, 166,
    164, 164, 170, 162, 167, 171, 172, 173, 169, 169, 174, 165, 166, 168, 166, 156,
    175, 176, 169, 147, 167, 152, 177, 152, 177, 178, 164, 156, 164, 151, 175, 151,
    175, 168, 168, 156, 164, 156, 164, 156, 175, 147, 155, 163, 176, 169, 157, 164,
    179, 180, 181, 182, 183, 184, 178, 161, 183, 184, 150, 165, 150, 165, 150, 165,
    155, 163, 181, 180, 164, 147, 167, 179, 180, 185, 186, 185, 186, 183, 184, 155,
    163, 155, 163, 187, 188, 187, 188, 150, 165, 155, 163, 155, 163, 155, 163, 152,
    159, 152, 159, 144, 188, 144, 188, 156, 164, 156, 164, 150, 165, 178, 161, 166,
    166, 156, 164, 156, 164, 156, 164, 156, 164, 151, 168, 151, 168, 151, 168, 166,
    179, 180, 166, 181, 182, 183, 184, 150, 184,  91,  53,  91,  53,  91, 189,  91,
     53,  91, 190,  91,  53,  91,  53,  91,  53,  91,  53,  91,  53,  91,  53,  91,
     53,  28,  57,  28,  57,  28,  57,  28, 191,  28,  99,  28, 192,  28,  99,  28,
     99,  31, 193,  31,  61,  37,  65,  37,  65,  37, 194,  37,  65,  37, 195,  37,
     65,  37,  65, 137, 138, 137, 138, 137, 138, 137, 138, 137, 138,  43,  70,  43,
     70, 139, 140, 139, 140, 139, 140, 139, 140, 196, 197,  47,  74,  47, 198,  47,
     74,  47,  74, 199, 199, 200, 201, 202,   7, 201, 202, 203, 204,   9, 205, 205,
     83,  89, 206, 207, 208, 208, 209, 210, 211, 212, 213,  64, 213,  64,
};

static const uint16_t libron_16_regularKernRightCodepoints[] = {
    0x0020, 0x0021, 0x0022, 0x0026, 0x0027, 0x0028, 0x0029, 0x002A, 0x002C, 0x002D, 0x002E, 0x002F,
    0x0030, 0x0031, 0x0032, 0x0033, 0x0034, 0x0035, 0x0036, 0x0037, 0x0038, 0x0039, 0x003A, 0x003B,
    0x003F, 0x0040, 0x0041, 0x0042, 0x0043, 0x0044, 0x0045, 0x0046, 0x0047, 0x0048, 0x0049, 0x004A,
    0x004B, 0x004C, 0x004D, 0x004E, 0x004F, 0x0050, 0x0051, 0x0052, 0x0053, 0x0054, 0x0055, 0x0056,
    0x0057, 0x0058, 0x0059, 0x005A, 0x005C, 0x005D, 0x005F, 0x0061, 0x0062, 0x0063, 0x0064, 0x0065,
    0x0066, 0x0067, 0x0068, 0x0069, 0x006A, 0x006B, 0x006C, 0x006D, 0x006E, 0x006F, 0x0070, 0x0071,
    0x0072, 0x0073, 0x0074, 0x0075, 0x0076, 0x0077, 0x0078, 0x0079, 0x007A, 0x007B, 0x007C, 0x007D,
    0x00A0, 0x00A1, 0x00A4, 0x00A5, 0x00A6, 0x00A9, 0x00AA, 0x00AB, 0x00AD, 0x00AE, 0x00B0, 0x00B2,
    0x00B3, 0x00B7, 0x00B9, 0x00BA, 0x00BB, 0x00BF, 0x00C0, 0x00C1, 0x00C2, 0x00C3, 0x00C4, 0x00C5,
    0x00C6, 0x00C7, 0x00C8, 0x00C9, 0x00CA, 0x00CB, 0x00CC, 0x00CD, 0x00CE, 0x00CF, 0x00D0, 0x00D1,
    0x00D2, 0x00D3, 0x00D4, 0x00D5, 0x00D6, 0x00D8, 0x00D9, 0x00DA, 0x00DB, 0x00DC, 0x00DD, 0x00DE,
    0x00DF, 0x00E0, 0x00E1, 0x00E2, 0x00E3, 0x00E4, 0x00E5, 0x00E6, 0x00E7, 0x00E8, 0x00E9, 0x00EA,
    0x00EB, 0x00EC, 0x00ED, 0x00EE, 0x00EF, 0x00F0, 0x00F1, 0x00F2, 0x00F3, 0x00F4, 0x00F5, 0x00F6,
    0x00F8, 0x00F9, 0x00FA, 0x00FB, 0x00FC, 0x00FD, 0x00FE, 0x00FF, 0x0100, 0x0101, 0x0102, 0x0103,
    0x0104, 0x0105, 0x0106, 0x0107, 0x0108, 0x0109, 0x010A, 0x010B, 0x010C, 0x010D, 0x010E, 0x010F,
    0x0110, 0x0111, 0x0112, 0x0113, 0x0114, 0x0115, 0x0116, 0x0117, 0x0118, 0x0119, 0x011A, 0x011B,
    0x011C, 0x011D, 0x011E, 0x011F, 0x0120, 0x0121, 0x0122, 0x0123, 0x0124, 0x0125, 0x0126, 0x0127,
    0x0128, 0x0129, 0x012A, 0x012B, 0x012C, 0x012D, 0x012E, 0x012F, 0x0130, 0x0131, 0x0134, 0x0135,
    0x0136, 0x0137, 0x0138, 0x0139, 0x013A, 0x013B, 0x013C, 0x013D, 0x013E, 0x013F, 0x0140, 0x0141,
    0x0142, 0x0143, 0x0144, 0x0145, 0x0146, 0x0147, 0x0148, 0x014A, 0x014B, 0x014C, 0x014D, 0x014E,
    0x014F, 0x0150, 0x0151, 0x0152, 0x0153, 0x0154, 0x0155, 0x0156, 0x0157, 0x0158, 0x0159, 0x015A,
    0x015B, 0x015C, 0x015D, 0x015E, 0x015F, 0x0160, 0x0161, 0x0162, 0x0163, 0x0164, 0x0165, 0x0166,
    0x0167, 0x0168, 0x0169, 0x016A, 0x016B, 0x016C, 0x016D, 0x016E, 0x016F, 0x0170, 0x0171, 0x0172,
    0x0173, 0x0174, 0x0175, 0x0176, 0x0177, 0x0178, 0x0179, 0x017A, 0x017B, 0x017C, 0x017D, 0x017E,
    0x01A0, 0x01A1, 0x01AF, 0x01B0, 0x01C4, 0x01C5, 0x01C6, 0x01C7, 0x01C8, 0x01C9, 0x01CA, 0x01CB,
    0x01CC, 0x01E6, 0x01E7, 0x01EA, 0x01EB, 0x01FA, 0x01FB, 0x01FC, 0x01FD, 0x01FE, 0x01FF, 0x0200,
    0x0201, 0x0202, 0x0203, 0x0204, 0x0205, 0x0206, 0x0207, 0x0208, 0x0209, 0x020A, 0x020B, 0x020C,
    0x020D, 0x020E, 0x020F, 0x0210, 0x0211, 0x0212, 0x0213, 0x0214, 0x0215, 0x0216, 0x0217, 0x0218,
    0x0219, 0x021A, 0x021B, 0x0402, 0x0404, 0x0405, 0x0408, 0x0409, 0x040B, 0x040E, 0x0410, 0x0414,
    0x0416, 0x0417, 0x041B, 0x041E, 0x0421, 0x0422, 0x0423, 0x0424, 0x0425, 0x0427, 0x042A, 0x042D,
    0x042F, 0x0430, 0x0431, 0x0432, 0x0433, 0x0434, 0x0435, 0x0436, 0x0437, 0x0438, 0x0439, 0x043A,
    0x043B, 0x043C, 0x043D, 0x043E, 0x043F, 0x0440, 0x0441, 0x0442, 0x0443, 0x0444, 0x0445, 0x0446,
    0x0447, 0x0448, 0x0449, 0x044A, 0x044B, 0x044C, 0x044D, 0x044E, 0x044F, 0x0450, 0x0451, 0x0452,
    0x0453, 0x0454, 0x0455, 0x0457, 0x0458, 0x0459, 0x045A, 0x045B, 0x045C, 0x045D, 0x045E, 0x045F,
    0x0460, 0x0461, 0x0462, 0x0465, 0x0466, 0x0467, 0x0469, 0x046D, 0x046E, 0x0470, 0x0472, 0x0473,
    0x0474, 0x0475, 0x0476, 0x0477, 0x0478, 0x0479, 0x047A, 0x047B, 0x047C, 0x047D, 0x047E, 0x047F,
    0x0480, 0x0481, 0x048B, 0x048C, 0x048D, 0x048F, 0x0491, 0x0492, 0x0495, 0x0496, 0x0497, 0x0498,
    0x0499, 0x049B, 0x049D, 0x049F, 0x04A0, 0x04A1, 0x04A3, 0x04A5, 0x04A7, 0x04A8, 0x04A9, 0x04AA,
    0x04AB, 0x04AC, 0x04AD, 0x04AE, 0x04AF, 0x04B0, 0x04B1, 0x04B2, 0x04B3, 0x04B4, 0x04B5, 0x04B6,
    0x04B7, 0x04B8, 0x04B9, 0x04BB, 0x04BC, 0x04BD, 0x04BE, 0x04BF, 0x04C1, 0x04C2, 0x04C4, 0x04C5,
    0x04C6, 0x04C8, 0x04CA, 0x04CB, 0x04CC, 0x04CE, 0x04D0, 0x04D1, 0x04D2, 0x04D3, 0x04D4, 0x04D5,
    0x04D7, 0x04D8, 0x04D9, 0x04DA, 0x04DB, 0x04DC, 0x04DD, 0x04DE, 0x04DF, 0x04E3, 0x04E5, 0x04E6,
    0x04E7, 0x04E8, 0x04E9, 0x04EA, 0x04EB, 0x04EC, 0x04ED, 0x04EE, 0x04EF, 0x04F0, 0x04F1, 0x04F2,
    0x04F3, 0x04F4, 0x04F5, 0x04F7, 0x04F9, 0x04FA, 0x04FC, 0x04FD, 0x04FE, 0x04FF, 0x1EA0, 0x1EA1,
    0x1EA2, 0x1EA3, 0x1EA4, 0x1EA5, 0x1EA6, 0x1EA7, 0x1EA8, 0x1EA9, 0x1EAA, 0x1EAB, 0x1EAC, 0x1EAD,
    0x1EAE, 0x1EAF, 0x1EB0, 0x1EB1, 0x1EB2, 0x1EB3, 0x1EB4, 0x1EB5, 0x1EB6, 0x1EB7, 0x1EB8, 0x1EB9,
    0x1EBA, 0x1EBB, 0x1EBC, 0x1EBD, 0x1EBE, 0x1EBF, 0x1EC0, 0x1EC1, 0x1EC2, 0x1EC3, 0x1EC4, 0x1EC5,
    0x1EC6, 0x1EC7, 0x1EC8, 0x1EC9, 0x1ECA, 0x1ECB, 0x1ECC, 0x1ECD, 0x1ECE, 0x1ECF, 0x1ED0, 0x1ED1,
    0x1ED2, 0x1ED3, 0x1ED4, 0x1ED5, 0x1ED6, 0x1ED7, 0x1ED8, 0x1ED9, 0x1EDA, 0x1EDB, 0x1EDC, 0x1EDD,
    0x1EDE, 0x1EDF, 0x1EE0, 0x1EE1, 0x1EE2, 0x1EE3, 0x1EE4, 0x1EE5, 0x1EE6, 0x1EE7, 0x1EE8, 0x1EE9,
    0x1EEA, 0x1EEB, 0x1EEC, 0x1EED, 0x1EEE, 0x1EEF, 0x1EF0, 0x1EF1, 0x1EF2, 0x1EF3, 0x1EF4, 0x1EF5,
    0x1EF6, 0x1EF7, 0x1EF8, 0x1EF9, 0x2013, 0x2014, 0x2015, 0x2018, 0x2019, 0x201A, 0x201C, 0x201D,
    0x201E, 0x2020, 0x2021, 0x2022, 0x2026, 0x2032, 0x2033, 0x2039, 0x203A, 0x2070, 0x2074, 0x20AB,
    0x20B9, 0x20BC, 0xFB00, 0xFB01, 0xFB02, 0xFB03, 0xFB04,
};

static const uint8_t libron_16_regularKernRightClassIds[] = {
      1,   2,   3,   4,   3,   5,   6,   7,   8,   9,  10,  11,  12,  13,  14,  15,
     16,  17,  18,  19,  20,  21,  22,  23,  24,  25,  26,  27,  28,  27,  27,  27,
     28,  27,  27,  29,  27,  27,  30,  31,  28,  27,  28,  27,  32,  33,  34,  35,
     36,  37,  38,  39,  40,  41,  42,  43,  44,  45,  46,  45,  47,  48,  49,  50,
     51,  52,  53,  54,  54,  45,  55,  46,  54,  56,  57,  58,  59,  60,  61,  62,
     63,  64,  65,  66,   1,  67,  68,  69,  65,  70,  71,  72,   9,  73,  74,  75,
     76,  77,  78,  79,  80,  81,  26,  26,  26,  26,  26,  26,  82,  28,  27,  27,
     27,  27,  27,  27,  27,  27,  27,  31,  28,  28,  28,  28,  28,  83,  34,  34,
     34,  34,  38,  27,  84,  85,  43,  86,  87,  88,  89,  43,  45,  90,  45,  91,
     92,  93,  94,  95,  96,  97,  54,  98,  45,  99, 100, 101, 102, 103,  58,  58,
    104,  62, 105,  62,  26, 106,  26, 107,  26,  43,  28,  45,  28, 108,  28,  45,
     28, 109,  27,  46,  27,  46,  27, 110,  27, 111,  27,  45,  27,  45,  27, 112,
     28, 113,  28, 114,  28,  48,  28,  48,  27,  49,  27, 115, 116, 117,  27, 118,
     27, 119,  27, 120,  27, 121,  29, 122,  27, 123,  54,  27,  53,  27,  53,  27,
     53,  27,  53, 124, 125,  31,  54,  31,  54,  31, 126,  31,  54,  28, 127,  28,
    128,  28,  45,  28,  45,  27,  54,  27,  54,  27, 129,  32,  56,  32, 130,  32,
     56,  32, 131,  33,  57,  33, 132, 133, 134,  34,  58,  34,  58,  34, 135,  34,
     58,  34,  58,  34,  58,  36,  60,  38,  62,  38,  39, 136,  39,  63,  39, 137,
     28,  45,  34,  58,  27,  27,  46,  27,  27,  53,  31,  31,  54,  28, 138,  28,
     45,  26,  89,  82,  43,  83, 102,  26, 139,  26, 140,  27, 141,  27, 142,  27,
    143,  27, 144,  28, 145,  28,  45,  27, 146,  27, 147,  34, 148,  34,  58,  32,
     56,  33,  57, 149, 150, 151, 152, 153, 149, 154, 155, 156, 157, 158, 153, 150,
    150, 149, 154, 159, 157, 160, 149, 158, 161, 162, 163, 164, 164, 165, 166, 167,
    168, 164, 164, 164, 169, 164, 164, 166, 164, 164, 166, 170, 171, 166, 167, 164,
    172, 164, 164, 170, 164, 164, 168, 164, 173, 166, 166, 174, 164, 166, 175, 176,
    177, 169, 164, 174, 164, 164, 171, 164, 178, 179, 180, 181, 155, 165, 181, 181,
    158, 160, 178, 162, 182, 179, 182, 179, 178, 162, 178, 162, 178, 162, 178, 179,
    178, 162, 181, 180, 174, 181, 181, 180, 181, 157, 167, 158, 168, 181, 181, 174,
    183, 170, 181, 181, 181, 178, 162, 178, 162, 149, 170, 184, 185, 184, 185, 157,
    167, 183, 170, 160, 172, 160, 172, 181, 186, 187, 186, 187, 157, 167, 181, 188,
    165, 181, 181, 160, 172, 181, 155, 189, 155, 189, 155, 189, 162, 190, 189, 190,
    189, 157, 167, 158, 168, 164, 164, 178, 162, 178, 162, 178, 162, 158, 168, 154,
    171, 154, 171, 154, 171, 160, 172, 181, 164, 180, 157, 167, 157, 167,  26,  43,
     26, 191,  26,  86,  26, 192,  26,  86,  26, 193,  26,  86,  26, 194,  26, 195,
     26, 194,  26, 196,  26, 107,  27,  45,  27, 197,  27, 198,  27,  91,  27, 199,
     27,  91,  27, 200,  27,  91,  27, 201,  27, 120,  28,  45,  28,  45,  28,  99,
     28, 202,  28,  99,  28, 203,  28,  99,  28,  45,  28,  98,  28,  45,  28, 100,
     28,  45,  34,  58,  34,  58,  34,  58,  34, 103,  34,  58,  34,  58,  34,  58,
     38, 204,  38,  62,  38,  62,  38,  62, 205, 205, 206, 207, 208, 209, 207, 208,
    210, 211, 212, 213,  10, 214, 214,  72,  80, 215, 216, 217, 218, 219,  84,  47,
     47,  84,  84,
};

static const uint16_t libron_16_regularKernRowOffsets[] = {
        0,    31,   139,   179,   282,   289,   416,   467,   560,   610,   704,   724,   752,   765,   791,   820,
      832,   856,   883,   896,   920,   936,   940,   957,  1063,  1136,  1144,  1224,  1256,  1382,  1432,  1518,
     1639,  1743,  1796,  1890,  2008,  2062,  2154,  2209,  2293,  2357,  2480,  2602,  2743,  2879,  2982,  3115,
     3177,  3257,  3275,  3277,  3288,  3319,  3360,  3415,  3472,  3503,  3635,  3719,  3748,  3773,  3776,  3866,
     3896,  3931,  3953,  4063,  4114,  4191,  4220,  4317,  4410,  4481,  4579,  4606,  4689,  4699,  4712,  4713,
     4721,  4735,  4738,  4829,  4876,  4880,  4882,  4969,  4970,  5071,  5201,  5309,  5318,  5372,  5457,  5506,
     5537,  5568,  5599,  5630,  5661,  5700,  5728,  5765,  5799,  5834,  5869,  5977,  6015,  6070,  6125,  6180,
     6279,  6337,  6368,  6454,  6488,  6515,  6551,  6560,  6665,  6756,  6809,  6875,  6880,  6915,  7026,  7136,
     7187,  7238,  7303,  7354,  7443,  7566,  7643,  7672,  7700,  7734,  7744,  7862,  7889,  7914,  7939,  8049,
     8050,  8061,  8082,  8087,  8088,  8096,  8108,  8132,  8148,  8150,  8153,  8164,  8179,  8192,  8206,  8211,
     8222,  8229,  8237,  8247,  8258,  8269,  8271,  8274,  8283,  8298,  8303,  8307,  8310,  8312,  8316,  8317,
     8323,  8330,  8332,  8354,  8360,  8375,  8377,  8382,  8384,  8395,  8396,  8399,  8401,  8435,  8475,  8516,
     8557,  8582,  8618,  8660,  8779,  8807,  8905,  8998,  9004,  9113,  9234,  9285,  9302,  9324,  9332,  9334,
     9335,  9336,  9337,  9338,  9469,  9493,
};

static const uint8_t libron_16_regularKernSparseCols[] = {
      2,   6,   7,   9,  10,  23,  25,  28,  32,  34,  35,  36,  37,  39,  40,  41,
     56,  58,  59,  61,  72,  81, 131, 132, 133, 203, 206, 207, 208, 209, 213,   0,
      3,   5,   7,   8,   9,  15,  16,  17,  21,  22,  25,  28,  34,  35,  36,  37,
     40,  42,  43,  44,  45,  46,  47,  48,  51,  52,  53,  54,  55,  56,  62,  63,
     65,  66,  71,  79,  80,  81,  83,  84,  85,  86,  87,  88,  89,  90,  91,  92,
     94,  95,  96,  97,  98,  99, 100, 101, 104, 105, 106, 107, 108, 109, 110, 111,
    112, 113, 114, 116, 117, 118, 121, 122, 125, 126, 127, 128, 129, 130, 131, 133,
    135, 136, 137, 138, 139, 140, 141, 142, 143, 144, 145, 146, 190, 191, 192, 193,
    194, 195, 196, 197, 198, 199, 201, 202, 204, 208, 209,   0,   6,  25,  32,  33,
     34,  35,  36,  37,  44,  45,  71,  81,  89,  90,  91,  96,  97,  98,  99, 100,
    101, 107, 108, 109, 110, 111, 123, 126, 127, 132, 140, 141, 144, 196, 197, 198,
    199, 201, 202,   2,   3,   4,   6,   7,   8,   9,  11,  15,  17,  19,  21,  22,
     27,  28,  34,  37,  42,  43,  44,  45,  48,  51,  52,  53,  54,  55,  56,  57,
     58,  59,  61,  62,  63,  69,  71,  72,  79,  82,  84,  85,  86,  87,  88,  89,
     90,  91,  92,  95,  96,  97,  98,  99, 100, 101, 102, 103, 104, 105, 106, 107,
    108, 109, 110, 111, 122, 125, 126, 127, 128, 129, 130, 131, 133, 134, 135, 136,
    138, 139, 140, 141, 142, 144, 145, 146, 147, 190, 191, 192, 193, 194, 195, 196,
    197, 198, 199, 201, 202, 203, 204, 206, 208, 209,   5,   7,   9,  40,  65, 208,
    209,   0,   3,   5,   7,   8,   9,  12,  15,  16,  17,  21,  22,  25,  26,  28,
     29,  30,  36,  37,  40,  42,  44,  45,  46,  47,  48,  49,  50,  51,  52,  53,
     54,  55,  56,  57,  58,  59,  60,  61,  62,  63,  65,  66,  71,  79,  80,  81,
     83,  84,  85,  86,  87,  88,  89,  90,  91,  92,  93,  94,  95,  96,  97,  98,
     99, 100, 101, 102, 103, 104, 105, 106, 107, 108, 109, 110, 111, 112, 113, 114,
    115, 116, 117, 119, 120, 121, 122, 123, 124, 125, 126, 127, 128, 129, 130, 131,
    133, 134, 135, 136, 137, 138, 139, 140, 141, 142, 143, 144, 145, 146, 147, 190,
    191, 192, 193, 194, 195, 196, 197, 198, 199, 200, 201, 202, 203, 204, 208, 209,
      0,   2,   4,   5,   6,   8,  11,  12,  14,  16,  17,  18,  20,  23,  27,  32,
     33,  34,  35,  37,  39,  46,  50,  54,  56,  57,  58,  59,  61,  63,  65,  69,
     71,  72,  76,  81,  82,  83, 102, 103, 121, 131, 132, 133, 134, 147, 203, 204,
    206, 207, 213,   2,   5,   6,  12,  13,  14,  16,  18,  20,  21,  22,  25,  26,
     28,  29,  30,  32,  33,  34,  35,  36,  37,  38,  40,  42,  46,  48,  49,  50,
     51,  52,  53,  54,  56,  57,  58,  59,  60,  61,  62,  65,  79,  81,  83,  84,
     85,  86,  87,  88,  92,  93,  94,  95, 102, 103, 104, 105, 106, 114, 115, 116,
    117, 118, 119, 120, 121, 122, 125, 128, 131, 132, 133, 134, 135, 136, 138, 139,
    142, 143, 145, 146, 147, 190, 191, 192, 193, 194, 195, 200, 203, 206, 207, 213,
      0,   2,   4,   5,   6,   8,  11,  12,  14,  16,  17,  18,  20,  23,  27,  32,
     33,  34,  35,  37,  39,  46,  50,  54,  56,  57,  58,  59,  61,  63,  65,  69,
     71,  72,  76,  82,  83, 102, 103, 121, 131, 132, 133, 134, 147, 203, 204, 206,
    207, 213,   0,   7,   9,  10,  15,  16,  17,  21,  22,  25,  28,  34,  35,  37,
     42,  43,  44,  45,  46,  47,  48,  51,  52,  53,  54,  55,  56,  57,  60,  62,
     81,  83,  84,  85,  86,  87,  88,  89,  90,  91,  96,  97,  98,  99, 100, 101,
    102, 103, 104, 105, 106, 107, 108, 109, 110, 111, 112, 113, 114, 122, 125, 126,
    127, 128, 129, 130, 131, 133, 134, 135, 136, 137, 138, 139, 140, 141, 144, 145,
    146, 147, 190, 191, 192, 193, 194, 195, 196, 197, 198, 199, 201, 202, 208, 209,
      5,   7,   9,  16,  25,  26,  28,  29,  30,  33,  34,  35,  36,  37,  40,  65,
     68, 115, 208, 209,   2,   6,   8,  11,  15,  17,  18,  20,  25,  27,  32,  33,
     34,  35,  37,  39,  68,  70,  73,  76,  78,  82, 132, 204, 206, 207, 213, 217,
      2,   6,  18,  32,  33,  34,  35,  36,  37,  68, 132, 207, 213,   5,   6,   7,
      9,  18,  21,  22,  25,  26,  28,  29,  30,  32,  33,  34,  35,  36,  37,  38,
     40,  68, 115, 132, 207, 208, 209,   2,   5,   6,  12,  13,  14,  15,  18,  25,
     26,  28,  29,  30,  32,  33,  34,  35,  36,  37,  38,  39,  40,  68,  73, 115,
    132, 206, 207, 213,   2,   7,   9,  14,  16,  19,  21,  22,  25,  28, 208, 209,
      2,   6,   7,   9,  12,  13,  18,  20,  25,  32,  33,  34,  35,  36,  37,  38,
     68,  73, 132, 206, 207, 208, 209, 213,   2,   7,   8,   9,  10,  12,  15,  16,
     17,  18,  25,  27,  28,  33,  34,  35,  36,  37,  40,  67,  76,  82, 204, 208,
    209, 216, 218,   5,   6,  25,  29,  30,  32,  33,  34,  35,  36,  37,  68, 132,
      5,   7,   8,   9,  10,  16,  25,  26,  28,  29,  30,  33,  34,  35,  36,  37,
     40,  65,  68,  76, 115, 204, 208, 209,   2,   5,   8,  14,  16,  32,  33,  34,
     35,  37,  39,  71,  76, 132, 204, 206,  71, 206, 208, 209,   0,   7,   9,  25,
     26,  28,  29,  30,  33,  34,  35,  36,  37,  81, 115, 208, 209,   0,   2,   3,
      6,   8,  10,  11,  12,  15,  17,  18,  19,  20,  23,  24,  27,  28,  31,  32,
     33,  34,  35,  37,  38,  39,  42,  44,  45,  47,  50,  54,  55,  56,  57,  58,
     59,  61,  69,  70,  71,  72,  76,  78,  82,  84,  85,  86,  87,  88,  89,  90,
     91,  96,  97,  98,  99, 100, 101, 102, 103, 105, 106, 107, 108, 109, 110, 111,
    112, 113, 121, 123, 124, 126, 127, 129, 130, 131, 132, 133, 134, 137, 138, 139,
    140, 141, 144, 147, 190, 191, 192, 193, 194, 195, 196, 197, 198, 199, 201, 202,
    203, 204, 206, 207, 210, 211, 212,   5,  23,  25,  26,  28,  29,  30,  32,  33,
     34,  35,  36,  37,  38,  40,  42,  46,  47,  48,  49,  51,  52,  53,  58,  59,
     60,  61,  62,  79,  81,  83,  84,  85,  86,  87,  88,  92,  93,  94,  95, 104,
    105, 106, 112, 113, 114, 115, 116, 117, 118, 119, 120, 122, 125, 128, 132, 135,
    136, 137, 138, 139, 142, 143, 145, 146, 190, 191, 192, 193, 194, 195, 200, 203,
     25,  36,  61, 142, 191, 198, 201, 203,   3,   5,   7,   9,  12,  23,  25,  26,
     28,  29,  30,  32,  33,  34,  35,  36,  37,  38,  40,  42,  44,  45,  48,  51,
     52,  58,  60,  61,  65,  79,  81,  84,  85,  86,  87,  88,  89,  90,  91,  96,
     97,  98,  99, 100, 101, 104, 105, 106, 107, 108, 109, 110, 111, 114, 115, 122,
    124, 126, 127, 132, 138, 139, 140, 141, 144, 190, 191, 192, 193, 194, 195, 196,
    197, 198, 199, 201, 202, 203, 208, 209,  25,  28,  34,  37,  42,  54,  58,  59,
     61,  62,  79,  84,  85,  86,  87,  88, 105, 106, 135, 136, 138, 139, 142, 190,
    191, 192, 193, 194, 195, 198, 201, 203,   0,   2,   3,   7,   8,   9,  10,  15,
     16,  17,  21,  22,  23,  24,  25,  27,  28,  29,  31,  36,  42,  43,  44,  45,
     46,  47,  48,  49,  50,  51,  52,  53,  54,  55,  56,  57,  58,  59,  60,  61,
     62,  71,  76,  79,  81,  82,  83,  84,  85,  86,  87,  88,  89,  90,  91,  92,
     93,  94,  95,  96,  97,  98,  99, 100, 101, 102, 103, 104, 105, 106, 107, 108,
    109, 110, 111, 112, 113, 114, 116, 117, 118, 119, 120, 121, 122, 124, 125, 126,
    127, 128, 129, 130, 131, 133, 134, 135, 136, 137, 138, 139, 140, 141, 142, 143,
    144, 146, 147, 190, 191, 192, 193, 194, 195, 196, 197, 198, 199, 200, 201, 202,
    203, 204, 206, 208, 209, 212,   2,   6,   7,   9,  18,  23,  25,  28,  32,  34,
     35,  36,  37,  38,  42,  46,  56,  58,  59,  60,  61,  79,  81,  83,  84,  85,
     86,  87,  88, 105, 106, 131, 132, 133, 138, 139, 142, 190, 191, 192, 193, 194,
    195, 203, 206, 207, 208, 209, 210, 211,   3,   8,  11,  15,  17,  24,  27,  42,
     44,  45,  46,  47,  50,  54,  55,  56,  57,  58,  59,  61,  62,  71,  76,  79,
     82,  83,  84,  85,  86,  87,  88,  89,  90,  91,  96,  97,  98,  99, 100, 101,
    102, 103, 104, 105, 106, 107, 108, 109, 110, 111, 112, 113, 118, 121, 124, 126,
    127, 129, 130, 131, 133, 134, 135, 136, 137, 138, 139, 140, 141, 142, 144, 147,
    190, 191, 192, 193, 194, 195, 196, 197, 198, 199, 201, 202, 203, 204,   3,   7,
      8,   9,  10,  11,  13,  14,  15,  16,  17,  19,  21,  22,  24,  25,  27,  28,
     29,  42,  43,  44,  45,  46,  47,  48,  49,  51,  52,  53,  54,  55,  56,  57,
     58,  59,  60,  61,  62,  71,  76,  79,  81,  82,  83,  84,  85,  86,  87,  88,
     89,  90,  91,  93,  94,  95,  96,  97,  98,  99, 100, 101, 102, 103, 104, 105,
    106, 107, 108, 109, 110, 111, 112, 113, 114, 116, 117, 118, 119, 120, 122, 124,
    125, 126, 127, 128, 129, 130, 131, 133, 134, 135, 136, 137, 138, 139, 140, 141,
    142, 143, 144, 145, 146, 147, 190, 191, 192, 193, 194, 195, 196, 197, 198, 199,
    200, 201, 202, 203, 204, 208, 209,   0,   3,   6,   8,  10,  11,  14,  15,  16,
     17,  18,  19,  20,  24,  25,  27,  28,  31,  32,  33,  34,  35,  37,  42,  44,
     45,  47,  50,  54,  55,  56,  57,  58,  59,  61,  69,  70,  71,  72,  76,  78,
     82,  84,  85,  86,  87,  88,  89,  90,  91,  96,  97,  98,  99, 100, 101, 102,
    103, 105, 106, 107, 108, 109, 110, 111, 112, 113, 121, 123, 124, 126, 127, 129,
    130, 131, 132, 133, 134, 137, 138, 139, 140, 141, 142, 144, 147, 190, 191, 192,
    193, 194, 195, 196, 197, 198, 199, 201, 202, 203, 204, 206, 210, 211, 212,   0,
      2,   6,   7,   9,  12,  13,  18,  20,  21,  22,  23,  27,  32,  33,  34,  35,
     36,  37,  38,  39,  46,  50,  54,  56,  57,  58,  59,  61,  62,  70,  71,  72,
     78,  82,  83, 102, 103, 121, 131, 132, 133, 134, 135, 136, 147, 203, 206, 207,
    208, 209, 210, 211,   3,   6,   8,  11,  15,  17,  20,  24,  27,  32,  33,  42,
     44,  45,  46,  47,  50,  54,  55,  56,  57,  58,  59,  61,  62,  71,  72,  76,
     78,  79,  82,  83,  84,  85,  86,  87,  88,  89,  90,  91,  96,  97,  98,  99,
    100, 101, 102, 103, 105, 106, 107, 108, 109, 110, 111, 112, 113, 121, 124, 126,
    127, 129, 130, 131, 132, 133, 134, 135, 136, 137, 138, 139, 140, 141, 142, 144,
    147, 190, 191, 192, 193, 194, 195, 196, 197, 198, 199, 201, 202, 203, 204, 206,
    210, 211,   3,   7,   8,   9,  10,  11,  13,  14,  15,  16,  17,  19,  21,  22,
     24,  25,  27,  28,  42,  43,  44,  45,  46,  47,  49,  50,  53,  54,  55,  56,
     57,  58,  59,  60,  61,  62,  71,  76,  79,  81,  82,  83,  84,  85,  86,  87,
     88,  89,  90,  91,  92,  93,  94,  95,  96,  97,  98,  99, 100, 101, 102, 103,
    104, 105, 106, 107, 108, 109, 110, 111, 112, 113, 116, 117, 118, 119, 120, 121,
    124, 125, 126, 127, 128, 129, 130, 131, 133, 134, 135, 136, 137, 138, 139, 140,
    141, 142, 143, 144, 145, 146, 147, 190, 191, 192, 193, 194, 195, 196, 197, 198,
    199, 200, 201, 202, 203, 204, 208, 209,   3,   5,   7,   9,  12,  23,  25,  26,
     28,  29,  30,  32,  33,  34,  35,  36,  37,  38,  40,  42,  48,  51,  52,  58,
     60,  61,  65,  79,  81,  84,  85,  86,  87,  88, 104, 105, 106, 114, 115, 122,
    124, 132, 138, 139, 190, 191, 192, 193, 194, 195, 203, 208, 209, 210,   0,   3,
      7,   8,   9,  10,  15,  16,  23,  24,  25,  26,  28,  29,  30,  32,  34,  35,
     36,  37,  42,  44,  45,  47,  55,  58,  59,  60,  61,  62,  71,  76,  79,  81,
     84,  85,  86,  87,  88,  89,  90,  91,  96,  97,  98,  99, 100, 101, 105, 106,
    107, 108, 109, 110, 111, 112, 113, 114, 115, 121, 123, 124, 126, 127, 129, 130,
    132, 135, 136, 137, 138, 139, 140, 141, 144, 190, 191, 192, 193, 194, 195, 196,
    197, 198, 199, 201, 202, 203, 204, 208, 209, 212,   3,   5,   7,   9,  12,  23,
     25,  26,  28,  29,  30,  32,  33,  34,  35,  36,  37,  38,  40,  41,  42,  48,
     51,  52,  58,  60,  61,  65,  79,  81,  84,  85,  86,  87,  88, 104, 105, 106,
    114, 115, 122, 124, 132, 138, 139, 190, 191, 192, 193, 194, 195, 203, 208, 209,
    210,   2,   3,   6,   8,  10,  11,  15,  17,  18,  20,  23,  24,  27,  28,  32,
     33,  34,  35,  37,  39,  40,  42,  44,  45,  58,  59,  61,  65,  70,  71,  72,
     76,  78,  79,  82,  84,  85,  86,  87,  88,  89,  90,  91,  96,  97,  98,  99,
    100, 101, 105, 106, 107, 108, 109, 110, 111, 126, 127, 132, 133, 138, 139, 140,
    141, 144, 190, 191, 192, 193, 194, 195, 196, 197, 198, 199, 201, 202, 203, 204,
    206, 207, 210, 211, 212,  23,  25,  28,  34,  35,  36,  37,  42,  46,  47,  49,
     50,  53,  54,  55,  58,  59,  61,  62,  79,  81,  83,  84,  85,  86,  87,  88,
     92,  93,  94,  95, 105, 106, 112, 113, 116, 117, 118, 119, 120, 121, 125, 128,
    129, 130, 135, 136, 137, 138, 139, 142, 143, 145, 146, 190, 191, 192, 193, 194,
    195, 198, 200, 203, 207,   0,   3,   7,   8,   9,  10,  15,  16,  17,  21,  22,
     23,  24,  25,  27,  28,  31,  36,  42,  44,  45,  46,  47,  48,  49,  50,  51,
     53,  54,  55,  56,  57,  58,  59,  60,  61,  62,  71,  76,  79,  81,  82,  83,
     84,  85,  86,  87,  88,  89,  90,  91,  92,  93,  94,  95,  96,  97,  98,  99,
    100, 101, 102, 103, 104, 105, 106, 107, 108, 109, 110, 111, 112, 113, 114, 116,
    117, 118, 119, 120, 121, 122, 124, 125, 126, 127, 128, 129, 130, 131, 133, 134,
    135, 136, 137, 138, 139, 140, 141, 142, 143, 144, 145, 146, 147, 190, 191, 192,
    193, 194, 195, 196, 197, 198, 199, 200, 201, 202, 203, 204, 206, 208, 209, 212,
      3,   7,   8,   9,  10,  11,  13,  14,  15,  16,  17,  19,  21,  22,  24,  25,
     27,  28,  29,  42,  43,  44,  45,  46,  47,  48,  49,  51,  52,  53,  54,  55,
     56,  57,  58,  59,  60,  61,  62,  71,  76,  79,  81,  82,  83,  84,  85,  86,
     87,  88,  89,  90,  91,  92,  93,  94,  95,  96,  97,  98,  99, 100, 101, 102,
    103, 104, 105, 106, 107, 108, 109, 110, 111, 112, 113, 114, 116, 117, 118, 119,
    120, 122, 124, 125, 126, 127, 128, 129, 130, 131, 133, 134, 135, 136, 137, 138,
    139, 140, 141, 142, 143, 144, 145, 146, 147, 190, 191, 192, 193, 194, 195, 196,
    197, 198, 199, 200, 201, 202, 203, 204, 208, 209,   0,   1,   2,   3,   6,   7,
      8,   9,  10,  11,  12,  13,  14,  15,  16,  17,  19,  20,  21,  22,  23,  24,
     25,  27,  28,  31,  38,  39,  40,  42,  43,  44,  45,  46,  47,  48,  49,  50,
     51,  52,  53,  54,  55,  56,  57,  58,  59,  60,  61,  62,  65,  69,  71,  76,
     77,  79,  81,  82,  83,  84,  85,  86,  87,  88,  89,  90,  91,  92,  93,  94,
     95,  96,  97,  98,  99, 100, 101, 102, 103, 104, 105, 106, 107, 108, 109, 110,
    111, 112, 113, 114, 116, 117, 118, 119, 120, 121, 122, 123, 124, 125, 126, 127,
    128, 129, 130, 131, 133, 134, 135, 136, 137, 138, 139, 140, 141, 142, 143, 144,
    145, 146, 147, 190, 191, 192, 193, 194, 195, 196, 197, 198, 199, 200, 201, 202,
    203, 204, 208, 209, 210, 211, 212,   0,   1,   2,   3,   7,   8,   9,  10,  11,
     12,  13,  14,  15,  16,  17,  19,  20,  21,  22,  23,  24,  25,  27,  28,  31,
     38,  39,  40,  42,  43,  44,  45,  46,  47,  48,  49,  51,  52,  53,  54,  55,
     56,  57,  58,  59,  60,  61,  62,  65,  69,  71,  76,  77,  79,  81,  82,  83,
     84,  85,  86,  87,  88,  89,  90,  91,  92,  93,  94,  95,  96,  97,  98,  99,
    100, 101, 102, 103, 104, 105, 106, 107, 108, 109, 110, 111, 112, 113, 114, 116,
    117, 118, 119, 120, 122, 124, 125, 126, 127, 128, 129, 130, 131, 133, 134, 135,
    136, 137, 138, 139, 140, 141, 142, 143, 144, 145, 146, 147, 190, 191, 192, 193,
    194, 195, 196, 197, 198, 199, 200, 201, 202, 203, 204, 208, 209, 211, 212,   0,
      3,   6,   8,  10,  11,  14,  15,  16,  17,  18,  19,  20,  24,  27,  31,  32,
     34,  35,  37,  42,  44,  45,  47,  54,  55,  56,  57,  58,  59,  61,  69,  70,
     71,  72,  76,  78,  81,  82,  84,  85,  86,  87,  88,  89,  90,  91,  92,  96,
     97,  98,  99, 100, 101, 102, 103, 105, 106, 107, 108, 109, 110, 111, 112, 113,
    123, 124, 126, 127, 129, 130, 131, 132, 133, 134, 137, 138, 139, 140, 141, 142,
    144, 145, 147, 190, 191, 192, 193, 194, 195, 196, 197, 198, 199, 201, 202, 203,
    204, 206, 207, 210, 211, 212,   0,   2,   3,   7,   8,   9,  10,  11,  12,  13,
     14,  15,  16,  17,  19,  20,  21,  22,  23,  24,  25,  27,  28,  31,  40,  42,
     43,  44,  45,  46,  47,  48,  49,  50,  51,  52,  53,  54,  55,  56,  57,  58,
     59,  60,  61,  62,  65,  69,  71,  76,  79,  81,  82,  83,  84,  85,  86,  87,
     88,  89,  90,  91,  92,  93,  94,  96,  97,  98,  99, 100, 101, 102, 103, 104,
    105, 106, 107, 108, 109, 110, 111, 112, 113, 114, 116, 117, 118, 119, 120, 121,
    122, 124, 125, 126, 127, 128, 129, 130, 131, 133, 134, 135, 136, 137, 138, 139,
    140, 141, 142, 143, 144, 145, 146, 147, 190, 191, 192, 193, 194, 195, 196, 197,
    198, 199, 200, 201, 202, 203, 204, 208, 209, 211, 212,   2,   6,  23,  25,  27,
     32,  33,  34,  35,  37,  38,  42,  46,  47,  50,  54,  56,  57,  58,  59,  61,
     62,  72,  79,  82,  83,  84,  85,  86,  87,  88,  92, 102, 103, 105, 106, 112,
    113, 121, 131, 132, 133, 134, 135, 136, 137, 138, 139, 142, 145, 147, 190, 191,
    192, 193, 194, 195, 203, 206, 207, 210, 211,   0,   2,   3,   4,   6,   8,  11,
     15,  17,  27,  28,  34,  35,  37,  42,  43,  44,  45,  56,  57,  58,  59,  61,
     69,  71,  79,  82,  84,  85,  86,  87,  88,  89,  90,  91,  92,  95,  97,  98,
     99, 100, 101, 102, 103, 104, 105, 106, 107, 108, 109, 110, 111, 118, 126, 127,
    131, 133, 134, 138, 139, 140, 141, 142, 144, 145, 147, 190, 191, 192, 193, 194,
    195, 196, 197, 198, 199, 201, 202, 203, 204,   0,  18,  25,  32,  33,  34,  35,
     37,  39,  56,  58,  59,  61,  81, 131, 132, 133, 203,   8, 204,   0,   7,  22,
     47,  50,  54, 104, 112, 113, 121, 137,   2,   6,   8,  23,  27,  28,  32,  33,
     34,  35,  36,  37,  39,  52,  58,  59,  60,  61,  70,  71,  72,  76,  78,  82,
    132, 203, 204, 206, 207, 210, 211,   2,   3,   5,   6,   7,   9,  23,  25,  26,
     28,  29,  30,  31,  32,  33,  34,  35,  36,  37,  38,  39,  40,  58,  59,  60,
     61,  62,  65,  72,  79, 115, 132, 135, 136, 203, 206, 207, 208, 209, 210, 211,
      2,   5,   6,   8,  23,  26,  29,  30,  32,  33,  34,  35,  36,  37,  38,  39,
     44,  45,  60,  61,  71,  76,  78,  89,  90,  91,  96,  97,  98,  99, 100, 101,
    107, 108, 109, 110, 111, 115, 126, 127, 132, 140, 141, 144, 196, 197, 198, 199,
    201, 202, 203, 204, 206, 207, 210,   2,   3,   6,   8,  23,  27,  32,  33,  34,
     35,  37,  39,  44,  50,  58,  59,  61,  71,  72,  76,  78,  79,  82,  89,  90,
     91,  97,  98,  99, 100, 101, 107, 108, 109, 110, 111, 121, 126, 127, 132, 140,
    141, 142, 144, 191, 196, 197, 198, 199, 201, 202, 203, 204, 206, 207, 210, 211,
      2,   5,   6,  23,  25,  26,  29,  30,  32,  33,  34,  35,  36,  37,  38,  39,
     58,  59,  60,  61,  62,  79, 115, 132, 135, 136, 203, 206, 207, 210, 211,   0,
      1,   2,   3,   5,   6,   7,   8,   9,  23,  25,  26,  27,  28,  29,  30,  31,
     32,  33,  34,  35,  36,  37,  38,  39,  40,  42,  44,  45,  46,  47,  48,  49,
     50,  51,  52,  55,  56,  64,  65,  69,  70,  71,  72,  74,  75,  76,  77,  78,
     82,  83,  84,  85,  86,  87,  88,  89,  90,  91,  92,  94,  95,  96,  97,  98,
     99, 100, 101, 102, 103, 104, 105, 107, 108, 109, 110, 111, 112, 113, 114, 115,
    116, 117, 118, 121, 122, 124, 126, 127, 128, 129, 130, 131, 132, 133, 134, 136,
    137, 138, 139, 140, 141, 142, 143, 144, 145, 146, 147, 190, 191, 192, 193, 194,
    195, 196, 197, 198, 199, 200, 201, 202, 203, 204, 206, 207, 208, 209, 210, 211,
    212, 214, 215,   3,   7,   8,   9,  21,  22,  23,  25,  26,  27,  28,  29,  30,
     31,  32,  33,  34,  35,  37,  38,  39,  41,  42,  44,  45,  55,  58,  59,  71,
     76,  82,  84,  85,  86,  87,  88,  89,  90,  91,  96,  97,  98,  99, 100, 101,
    105, 106, 107, 108, 109, 110, 111, 115, 124, 126, 127, 129, 130, 132, 133, 138,
    139, 140, 141, 144, 190, 191, 192, 193, 194, 195, 196, 197, 198, 199, 201, 202,
    204, 206, 208, 209, 210, 212, 215,   2,   3,   6,   8,  23,  27,  32,  33,  34,
     35,  37,  39,  58,  59,  61,  70,  71,  72,  76,  78,  79,  82, 132, 203, 204,
    206, 207, 210, 211,   3,   6,   8,  23,  27,  32,  33,  34,  37,  39,  58,  59,
     61,  71,  76,  79,  82, 132, 142, 203, 204, 206, 207, 210, 211,   3,  79, 142,
      0,   2,   6,   8,  10,  23,  27,  32,  33,  34,  35,  37,  39,  42,  44,  45,
     47,  55,  56,  57,  58,  59,  61,  70,  71,  72,  76,  78,  79,  82,  84,  85,
     86,  87,  88,  89,  90,  91,  96,  97,  98,  99, 100, 101, 102, 103, 105, 106,
    107, 108, 109, 110, 111, 112, 113, 124, 126, 127, 129, 130, 131, 132, 133, 134,
    137, 138, 139, 140, 141, 144, 147, 190, 191, 192, 193, 194, 195, 196, 197, 198,
    199, 201, 202, 203, 204, 206, 207, 210, 211, 212,   2,   3,   6,   8,  23,  27,
     32,  33,  34,  35,  37,  39,  58,  59,  61,  70,  71,  76,  79,  82, 132, 142,
    191, 198, 203, 204, 206, 207, 210, 211,   2,   5,   6,  23,  25,  26,  28,  29,
     30,  32,  33,  34,  35,  36,  37,  38,  39,  40,  58,  59,  60,  61,  62,  65,
     72,  79, 115, 132, 135, 136, 203, 206, 207, 210, 211,   2,   3,  23,  26,  29,
     30,  32,  33,  34,  35,  36,  37,  38,  39,  41,  50,  71,  79, 115, 121, 132,
    210,   0,   3,   5,   7,   8,   9,  10,  23,  25,  26,  28,  29,  30,  31,  32,
     33,  34,  35,  36,  37,  38,  39,  40,  42,  44,  45,  47,  48,  49,  51,  52,
     53,  55,  65,  71,  76,  84,  85,  86,  87,  88,  89,  90,  91,  92,  93,  94,
     95,  96,  97,  98,  99, 100, 101, 104, 105, 106, 107, 108, 109, 110, 111, 112,
    113, 114, 115, 116, 117, 118, 119, 120, 122, 124, 125, 126, 127, 128, 129, 130,
    132, 137, 138, 139, 140, 141, 142, 143, 144, 145, 146, 190, 191, 192, 193, 194,
    195, 196, 197, 198, 199, 200, 201, 202, 204, 206, 207, 208, 209, 210, 215,   2,
      5,   6,   7,   9,  23,  25,  26,  27,  29,  30,  32,  33,  34,  35,  36,  37,
     38,  39,  40,  48,  51,  55,  57,  58,  59,  60,  61,  62,  79,  82, 102, 103,
    104, 114, 115, 122, 129, 130, 132, 134, 135, 136, 147, 203, 206, 207, 208, 209,
    210, 211,   7,   8,   9,  23,  26,  27,  29,  30,  31,  32,  33,  34,  35,  36,
     37,  38,  42,  44,  45,  48,  51,  60,  71,  76,  82,  84,  85,  86,  87,  88,
     89,  90,  91,  96,  97,  98,  99, 100, 101, 104, 105, 106, 107, 108, 109, 110,
    111, 114, 115, 122, 124, 126, 127, 132, 138, 139, 140, 141, 144, 190, 191, 192,
    193, 194, 195, 196, 197, 198, 199, 201, 202, 204, 206, 208, 209, 210, 212,   2,
      3,   5,   6,   8,  23,  27,  32,  33,  34,  35,  37,  39,  58,  59,  61,  71,
     72,  76,  78,  79,  82, 132, 203, 204, 206, 207, 210, 211,   0,   3,   5,   7,
      8,   9,  10,  23,  24,  25,  26,  27,  28,  29,  30,  31,  32,  33,  34,  35,
     36,  37,  38,  40,  42,  43,  44,  45,  47,  48,  51,  52,  55,  62,  65,  71,
     76,  79,  82,  84,  85,  86,  87,  88,  89,  90,  91,  96,  97,  98,  99, 100,
    101, 104, 105, 106, 107, 108, 109, 110, 111, 112, 113, 114, 115, 122, 124, 126,
    127, 129, 130, 132, 135, 136, 137, 138, 139, 140, 141, 144, 190, 191, 192, 193,
    194, 195, 196, 197, 198, 199, 201, 202, 204, 208, 209, 210, 212,   0,   3,   5,
      7,   8,   9,  23,  25,  26,  28,  29,  30,  31,  32,  33,  34,  35,  36,  37,
     38,  40,  42,  43,  44,  45,  47,  48,  51,  52,  55,  62,  65,  71,  76,  84,
     85,  86,  87,  88,  89,  90,  91,  96,  97,  98,  99, 100, 101, 104, 105, 106,
    107, 108, 109, 110, 111, 112, 113, 114, 115, 122, 124, 126, 127, 129, 130, 132,
    135, 136, 137, 138, 139, 140, 141, 144, 190, 191, 192, 193, 194, 195, 196, 197,
    198, 199, 201, 202, 204, 208, 209, 210, 212, 215,   8,  23,  27,  32,  33,  34,
     35,  37,  39,  42,  44,  45,  47,  54,  55,  56,  71,  76,  82,  84,  85,  86,
     87,  88,  89,  90,  91,  96,  97,  98,  99, 100, 101, 105, 106, 107, 108, 109,
    110, 111, 112, 113, 124, 126, 127, 129, 130, 131, 132, 133, 137, 138, 139, 140,
    141, 144, 190, 191, 192, 193, 194, 195, 196, 197, 198, 199, 201, 202, 204, 210,
    212,   0,   3,   5,   7,   8,   9,  10,  23,  25,  26,  27,  28,  29,  30,  31,
     32,  33,  34,  35,  36,  37,  38,  40,  42,  43,  44,  45,  47,  48,  51,  52,
     55,  62,  65,  71,  76,  79,  82,  84,  85,  86,  87,  88,  89,  90,  91,  96,
     97,  98,  99, 100, 101, 104, 105, 106, 107, 108, 109, 110, 111, 112, 113, 114,
    115, 122, 124, 126, 127, 129, 130, 132, 135, 136, 137, 138, 139, 140, 141, 144,
    190, 191, 192, 193, 194, 195, 196, 197, 198, 199, 201, 202, 204, 206, 208, 209,
    210, 212, 215,   5,   8,  23,  26,  27,  29,  30,  32,  33,  34,  35,  36,  37,
     38,  39,  59,  60,  61,  71,  76,  82, 115, 132, 203, 204, 210, 212,   2,   3,
      4,   6,   8,   9,  11,  15,  17,  27,  28,  34,  35,  37,  42,  43,  44,  45,
     56,  57,  58,  59,  61,  69,  71,  79,  82,  84,  85,  86,  87,  88,  89,  90,
     91,  92,  95,  96,  97,  98,  99, 100, 101, 102, 103, 104, 105, 106, 107, 108,
    109, 110, 111, 118, 126, 127, 131, 133, 134, 138, 139, 140, 141, 142, 144, 145,
    147, 190, 191, 192, 193, 194, 195, 196, 197, 198, 199, 201, 202, 203, 204, 208,
    209,   2,   5,   6,   7,   9, 206, 207, 208, 209, 213,   2,   6,  32,  33,  34,
     35,  37,  50, 121, 132, 206, 207, 213,  18,  11,  12,  13,  14,  15,  16,  17,
     19,   5,   7,   9,  25,  28,  34,  35,  36,  37,  40,  65,  81, 208, 209,   5,
     40,  65,   2,   3,   5,   6,   8,  23,  26,  27,  29,  30,  32,  33,  34,  35,
     37,  40,  42,  43,  44,  45,  47,  48,  50,  51,  52,  54,  56,  61,  65,  71,
     74,  77,  82,  84,  85,  86,  87,  88,  89,  90,  91,  96,  97,  98,  99, 100,
    101, 104, 105, 106, 107, 108, 109, 110, 111, 112, 113, 114, 115, 121, 122, 123,
    124, 126, 127, 131, 132, 133, 137, 138, 139, 140, 141, 144, 190, 191, 192, 193,
    194, 195, 196, 197, 198, 199, 201, 202, 203, 204, 206, 207, 214,   0,   5,   7,
      9,  25,  28,  29,  36,  37,  40,  44,  45,  71,  81,  89,  90,  91,  94,  95,
     96,  97,  98,  99, 100, 101, 107, 108, 109, 110, 111, 116, 121, 126, 127, 140,
    141, 142, 143, 144, 196, 197, 198, 199, 201, 202, 208, 209,  12,  15,  16,  17,
     61, 203,   7,   9,  12,  13,  14,  18,  20,  21,  22,  25,  26,  28,  29,  30,
     32,  33,  34,  35,  36,  37,  38,  42,  46,  48,  49,  50,  51,  52,  53,  54,
     56,  57,  58,  59,  60,  61,  62,  81,  83,  84,  85,  86,  87,  88,  92,  93,
     94,  95, 102, 103, 104, 105, 106, 114, 115, 116, 117, 118, 119, 120, 121, 122,
    125, 128, 131, 132, 133, 134, 135, 136, 138, 139, 142, 143, 145, 146, 147, 190,
    191, 192, 193, 194, 195, 200, 203, 208, 209,   5,   1,   2,   3,   5,   6,   7,
      9,  21,  22,  23,  25,  26,  28,  29,  30,  32,  33,  34,  35,  36,  37,  38,
     40,  42,  43,  46,  48,  49,  50,  51,  52,  53,  54,  55,  56,  57,  58,  59,
     60,  61,  62,  65,  66,  72,  79,  80,  81,  83,  84,  85,  86,  87,  88,  92,
     93,  94,  95, 102, 103, 104, 105, 106, 114, 115, 116, 117, 118, 119, 120, 121,
    122, 125, 128, 129, 130, 131, 132, 133, 134, 135, 136, 138, 139, 142, 143, 145,
    146, 147, 190, 191, 192, 193, 194, 195, 200, 203, 206, 207, 208, 209, 213,   0,
      2,   6,   7,   9,  21,  22,  25,  26,  27,  28,  29,  30,  31,  32,  33,  34,
     35,  36,  37,  38,  42,  43,  44,  45,  46,  47,  48,  49,  50,  51,  52,  53,
     54,  55,  56,  57,  58,  59,  60,  61,  62,  71,  79,  81,  82,  83,  84,  85,
     86,  87,  88,  89,  90,  91,  92,  93,  94,  95,  96,  97,  98,  99, 100, 101,
    102, 103, 104, 105, 106, 107, 108, 109, 110, 111, 112, 113, 114, 115, 116, 117,
    118, 119, 120, 121, 122, 123, 124, 125, 126, 127, 128, 129, 130, 131, 132, 133,
    134, 135, 136, 137, 138, 139, 140, 141, 142, 143, 144, 145, 146, 147, 190, 191,
    192, 193, 194, 195, 196, 197, 198, 199, 200, 201, 202, 203, 206, 207, 208, 209,
    213,   0,   2,   3,   6,   8,  10,  11,  12,  15,  17,  18,  19,  20,  23,  24,
     27,  28,  31,  32,  33,  34,  35,  36,  37,  38,  39,  42,  44,  45,  47,  50,
     54,  55,  56,  57,  58,  59,  60,  61,  69,  70,  71,  72,  76,  78,  82,  84,
     85,  86,  87,  88,  89,  90,  91,  96,  97,  98,  99, 100, 101, 102, 103, 105,
    106, 107, 108, 109, 110, 111, 112, 113, 121, 123, 124, 126, 127, 129, 130, 131,
    132, 133, 134, 137, 138, 139, 140, 141, 144, 147, 190, 191, 192, 193, 194, 195,
    196, 197, 198, 199, 201, 202, 203, 204, 206, 207, 210, 211, 212,  25,  36,  58,
     61, 142, 191, 198, 201, 203,   3,   5,   7,   9,  12,  23,  25,  26,  28,  29,
     30,  32,  33,  34,  35,  36,  37,  38,  40,  42,  48,  51,  52,  58,  60,  61,
     65,  79,  81,  84,  85,  86,  87,  88, 104, 105, 106, 114, 115, 122, 124, 132,
    138, 139, 190, 191, 192, 193, 194, 195, 203, 208, 209, 210,   3,   5,   7,   8,
      9,  10,  23,  25,  26,  28,  29,  30,  32,  33,  34,  35,  36,  37,  38,  40,
     42,  43,  44,  45,  48,  51,  52,  58,  59,  60,  61,  65,  71,  76,  79,  81,
     84,  85,  86,  87,  88,  89,  90,  91,  97,  98,  99, 100, 101, 104, 105, 106,
    107, 108, 109, 110, 111, 114, 115, 122, 126, 127, 132, 138, 139, 140, 141, 144,
    190, 191, 192, 193, 194, 195, 196, 197, 198, 199, 201, 202, 203, 204, 208, 209,
    210,   2,   3,   5,   6,  23,  25,  26,  27,  29,  30,  32,  33,  34,  35,  36,
     37,  38,  39,  46,  50,  54,  56,  57,  58,  59,  60,  61,  62,  70,  72,  79,
     82,  83, 102, 103, 115, 121, 131, 132, 133, 134, 135, 136, 147, 203, 206, 207,
    210, 211,   2,   6,   8,  23,  27,  28,  32,  33,  34,  35,  36,  37,  39,  52,
     58,  59,  60,  61,  70,  71,  72,  76,  78,  82, 132, 203, 204, 206, 207, 210,
    211,   2,   6,   8,  23,  27,  28,  32,  33,  34,  35,  36,  37,  39,  52,  58,
     59,  60,  61,  70,  71,  72,  76,  78,  82, 132, 203, 204, 206, 207, 210, 211,
      2,   5,   6,  23,  25,  26,  29,  30,  32,  33,  34,  35,  36,  37,  38,  39,
     58,  59,  60,  61,  62,  79, 115, 132, 135, 136, 203, 206, 207, 210, 211,   2,
      5,   6,  23,  25,  26,  29,  30,  32,  33,  34,  35,  36,  37,  38,  39,  58,
     59,  60,  61,  62,  79, 115, 132, 135, 136, 203, 206, 207, 210, 211,   2,   5,
      6,  23,  25,  26,  29,  30,  32,  33,  34,  35,  36,  37,  38,  39,  58,  59,
     60,  61,  62,  79, 115, 132, 135, 136, 203, 206, 207, 210, 211,   1,   2,   3,
      5,   6,   8,  23,  27,  32,  33,  34,  37,  39,  40,  43,  48,  51,  52,  58,
     59,  61,  65,  71,  76,  79,  82,  92,  95, 104, 114, 122, 132, 142, 203, 204,
    206, 207, 210, 211,   2,   3,   6,   8,  23,  27,  32,  33,  34,  37,  39,  58,
     59,  61,  71,  72,  76,  79,  82,  94, 132, 142, 203, 204, 206, 207, 210, 211,
      1,   2,   3,   5,   6,   8,  23,  27,  32,  33,  34,  37,  39,  43,  48,  51,
     52,  58,  59,  61,  71,  72,  76,  79,  82,  92, 104, 114, 122, 132, 142, 203,
    204, 206, 207, 210, 211,   2,   3,   5,   6,   7,   9,  23,  25,  26,  28,  29,
     30,  32,  33,  34,  35,  36,  37,  38,  39,  40,  58,  59,  60,  61,  65,  79,
    115, 132, 203, 206, 208, 209, 210,   2,   5,   6,  23,  25,  26,  28,  29,  30,
     32,  33,  34,  35,  36,  37,  38,  39,  40,  58,  59,  60,  61,  62,  65,  72,
     79, 115, 132, 135, 136, 203, 206, 207, 210, 211,   2,   5,   6,  23,  25,  26,
     28,  29,  30,  32,  33,  34,  35,  36,  37,  38,  39,  40,  58,  59,  60,  61,
     62,  65,  72,  79, 115, 132, 135, 136, 203, 206, 207, 210, 211,   0,   2,   3,
      6,   8,  10,  11,  12,  15,  17,  18,  19,  20,  23,  24,  27,  28,  31,  32,
     33,  34,  35,  36,  37,  38,  39,  42,  44,  45,  47,  50,  54,  55,  56,  57,
     58,  59,  60,  61,  69,  70,  71,  72,  76,  78,  82,  84,  85,  86,  87,  88,
     89,  90,  91,  96,  97,  98,  99, 100, 101, 102, 103, 105, 106, 107, 108, 109,
    110, 111, 112, 113, 121, 123, 124, 126, 127, 129, 130, 131, 132, 133, 134, 137,
    138, 139, 140, 141, 144, 147, 190, 191, 192, 193, 194, 195, 196, 197, 198, 199,
    201, 202, 203, 204, 206, 207, 210, 211, 212,   2,   6,   7,   8,  23,  27,  28,
     32,  33,  34,  35,  36,  37,  39,  47,  50,  52,  58,  59,  60,  61,  70,  71,
     72,  76,  78,  82, 112, 113, 121, 132, 137, 203, 204, 206, 207, 210, 211,   2,
      5,   6,   8,  23,  26,  29,  30,  32,  33,  34,  35,  36,  37,  38,  39,  44,
     45,  60,  61,  71,  76,  78,  89,  90,  91,  96,  97,  98,  99, 100, 101, 107,
    108, 109, 110, 111, 115, 126, 127, 132, 140, 141, 144, 196, 197, 198, 199, 201,
    202, 203, 204, 206, 207, 210,   2,   5,   6,   8,  23,  26,  29,  30,  32,  33,
     34,  35,  36,  37,  38,  39,  44,  45,  60,  61,  71,  76,  78,  89,  90,  91,
     96,  97,  98,  99, 100, 101, 107, 108, 109, 110, 111, 115, 126, 127, 132, 140,
    141, 144, 196, 197, 198, 199, 201, 202, 203, 204, 206, 207, 210,   2,   5,   6,
      8,  23,  26,  29,  30,  32,  33,  34,  35,  36,  37,  38,  39,  44,  45,  60,
     61,  71,  76,  78,  89,  90,  91,  96,  97,  98,  99, 100, 101, 107, 108, 109,
    110, 111, 115, 126, 127, 132, 140, 141, 144, 196, 197, 198, 199, 201, 202, 203,
    204, 206, 207, 210,   0,   1,   2,   5,   6,   7,   8,   9,  23,  40,  42,  43,
     44,  45,  46,  48,  49,  50,  51,  52,  56,  57,  58,  59,  60,  61,  65,  71,
     72,  79,  83,  84,  85,  86,  87,  88,  89,  90,  91,  92,  93,  94,  95,  97,
     98,  99, 100, 101, 102, 103, 104, 105, 106, 107, 108, 109, 110, 111, 114, 116,
    117, 118, 119, 120, 121, 122, 126, 127, 131, 133, 134, 136, 138, 139, 140, 141,
    142, 143, 144, 147, 190, 191, 192, 193, 194, 195, 196, 197, 198, 199, 200, 201,
    202, 203, 204, 206, 207, 208, 209,   2,   3,   6,   8,  23,  27,  32,  33,  34,
     35,  37,  39,  44,  50,  58,  59,  61,  71,  72,  76,  78,  79,  82,  89,  90,
     91,  97,  98,  99, 100, 101, 107, 108, 109, 110, 111, 116, 121, 126, 127, 132,
    140, 141, 142, 144, 191, 196, 197, 198, 199, 201, 202, 203, 204, 206, 207, 210,
    211,   2,   5,   6,  23,  25,  26,  29,  30,  32,  33,  34,  35,  36,  37,  38,
     39,  58,  59,  60,  61,  62,  79, 115, 132, 135, 136, 203, 206, 207, 210, 211,
      3,   7,   8,   9,  21,  22,  23,  25,  26,  27,  28,  29,  30,  31,  32,  33,
     34,  35,  36,  37,  38,  39,  41,  42,  44,  45,  55,  58,  59,  60,  71,  76,
     82,  84,  85,  86,  87,  88,  89,  90,  91,  96,  97,  98,  99, 100, 101, 105,
    106, 107, 108, 109, 110, 111, 115, 124, 126, 127, 129, 130, 132, 133, 138, 139,
    140, 141, 144, 190, 191, 192, 193, 194, 195, 196, 197, 198, 199, 201, 202, 204,
    206, 208, 209, 210, 212, 215,   2,   3,   6,   8,  23,  27,  32,  33,  34,  37,
     39,  40,  43,  48,  51,  58,  59,  61,  65,  71,  76,  79,  82, 104, 114, 122,
    132, 142, 203, 204, 206, 207, 210, 211,   2,   3,   6,   8,  23,  27,  32,  33,
     34,  37,  39,  43,  58,  59,  61,  71,  72,  76,  79,  82, 132, 142, 203, 204,
    206, 210, 211,   2,   3,   5,   6,   8,  23,  27,  32,  33,  34,  37,  39,  40,
     43,  48,  51,  52,  58,  59,  61,  65,  71,  76,  79,  82, 104, 114, 122, 132,
    142, 203, 204, 206, 207, 210, 211,   2,   3,   6,  23,  72,  79, 142, 206, 207,
      0,   3,   6,   8,  10,  11,  14,  15,  16,  17,  18,  19,  20,  24,  25,  27,
     28,  31,  32,  33,  34,  35,  37,  42,  44,  45,  47,  50,  54,  55,  56,  57,
     58,  59,  60,  61,  69,  70,  71,  72,  76,  78,  82,  84,  85,  86,  87,  88,
     89,  90,  91,  96,  97,  98,  99, 100, 101, 102, 103, 105, 106, 107, 108, 109,
    110, 111, 112, 113, 121, 123, 124, 126, 127, 129, 130, 131, 132, 133, 134, 137,
    138, 139, 140, 141, 142, 144, 147, 190, 191, 192, 193, 194, 195, 196, 197, 198,
    199, 201, 202, 203, 204, 206, 210, 211, 212,   0,   2,   6,   8,  10,  23,  27,
     32,  33,  34,  35,  37,  39,  42,  44,  45,  47,  55,  56,  57,  58,  59,  60,
     61,  70,  71,  72,  76,  78,  79,  82,  84,  85,  86,  87,  88,  89,  90,  91,
     96,  97,  98,  99, 100, 101, 102, 103, 105, 106, 107, 108, 109, 110, 111, 112,
    113, 124, 126, 127, 129, 130, 131, 132, 133, 134, 137, 138, 139, 140, 141, 144,
    147, 190, 191, 192, 193, 194, 195, 196, 197, 198, 199, 201, 202, 203, 204, 206,
    207, 210, 211, 212,   0,   2,   6,   7,   9,  12,  13,  18,  20,  21,  22,  23,
     27,  32,  33,  34,  35,  36,  37,  38,  39,  46,  50,  54,  56,  57,  58,  59,
     61,  62,  70,  71,  72,  78,  82,  83, 102, 103, 121, 131, 132, 133, 134, 135,
    136, 147, 203, 206, 207, 208, 209, 210, 211,   0,   1,   2,   5,   6,   8,  21,
     22,  23,  40,  43,  46,  48,  49,  50,  51,  52,  53,  54,  56,  57,  58,  59,
     60,  61,  62,  65,  69,  71,  72,  79,  83,  92,  93,  94,  95, 102, 103, 104,
    108, 114, 116, 117, 118, 119, 120, 121, 122, 125, 128, 130, 131, 133, 134, 135,
    136, 142, 143, 145, 146, 147, 200, 203, 204, 206, 207,   3,   8,  23,  71, 204,
      2,   5,   6,  23,  25,  26,  28,  29,  30,  32,  33,  34,  35,  36,  37,  38,
     39,  40,  58,  59,  60,  61,  62,  65,  72,  79, 115, 132, 135, 136, 203, 206,
    207, 210, 211,   0,   2,   3,   5,   7,   8,   9,  10,  23,  25,  26,  28,  29,
     30,  31,  32,  33,  34,  35,  36,  37,  38,  39,  40,  42,  44,  45,  47,  48,
     49,  51,  52,  53,  55,  65,  71,  76,  84,  85,  86,  87,  88,  89,  90,  91,
     92,  93,  94,  95,  96,  97,  98,  99, 100, 101, 104, 105, 106, 107, 108, 109,
    110, 111, 112, 113, 114, 115, 116, 117, 118, 119, 120, 122, 124, 125, 126, 127,
    128, 129, 130, 132, 137, 138, 139, 140, 141, 142, 143, 144, 145, 146, 190, 191,
    192, 193, 194, 195, 196, 197, 198, 199, 200, 201, 202, 204, 206, 207, 208, 209,
    210, 215,   0,   3,   5,   7,   8,   9,  10,  23,  25,  26,  28,  29,  30,  31,
     32,  33,  34,  35,  36,  37,  38,  39,  40,  42,  44,  45,  47,  48,  49,  51,
     52,  53,  55,  65,  71,  76,  84,  85,  86,  87,  88,  89,  90,  91,  92,  93,
     94,  95,  96,  97,  98,  99, 100, 101, 104, 105, 106, 107, 108, 109, 110, 111,
    112, 113, 114, 115, 116, 117, 118, 119, 120, 122, 124, 125, 126, 127, 128, 129,
    130, 132, 137, 138, 139, 140, 141, 142, 143, 144, 145, 146, 190, 191, 192, 193,
    194, 195, 196, 197, 198, 199, 200, 201, 202, 204, 206, 207, 208, 209, 210, 215,
      2,   5,   6,   7,   9,  23,  25,  26,  27,  29,  30,  32,  33,  34,  35,  36,
     37,  38,  39,  40,  48,  51,  55,  57,  58,  59,  60,  61,  62,  79,  82, 102,
    103, 104, 114, 115, 122, 129, 130, 132, 134, 135, 136, 147, 203, 206, 207, 208,
    209, 210, 211,   2,   5,   6,   7,   9,  23,  25,  26,  27,  29,  30,  32,  33,
     34,  35,  36,  37,  38,  39,  40,  48,  51,  55,  57,  58,  59,  60,  61,  62,
     79,  82, 102, 103, 104, 114, 115, 122, 129, 130, 132, 134, 135, 136, 147, 203,
    206, 207, 208, 209, 210, 211,  23,  25,  28,  34,  35,  36,  37,  42,  46,  47,
     49,  50,  53,  54,  55,  58,  59,  61,  62,  79,  81,  83,  84,  85,  86,  87,
     88,  92,  93,  94,  95, 105, 106, 112, 113, 116, 117, 118, 119, 120, 121, 125,
    128, 129, 130, 133, 135, 136, 137, 138, 139, 142, 143, 145, 146, 190, 191, 192,
    193, 194, 195, 198, 200, 203, 207,   2,   5,   6,   7,   9,  23,  25,  26,  27,
     29,  30,  32,  33,  34,  35,  36,  37,  38,  39,  40,  48,  51,  55,  57,  58,
     59,  60,  61,  62,  79,  82, 102, 103, 104, 114, 115, 122, 129, 130, 132, 134,
    135, 136, 147, 203, 206, 207, 208, 209, 210, 211,   1,   2,   5,   6,   7,   8,
      9,  23,  26,  27,  29,  30,  31,  32,  33,  34,  35,  36,  37,  38,  40,  42,
     43,  44,  45,  48,  51,  52,  58,  60,  61,  65,  71,  76,  82,  84,  85,  86,
     87,  88,  89,  90,  91,  96,  97,  98,  99, 100, 101, 104, 105, 106, 107, 108,
    109, 110, 111, 114, 115, 122, 124, 126, 127, 132, 138, 139, 140, 141, 144, 190,
    191, 192, 193, 194, 195, 196, 197, 198, 199, 201, 202, 203, 204, 206, 207, 208,
    209, 210, 212,   0,   3,   7,   8,   9,  10,  15,  16,  17,  21,  22,  23,  24,
     25,  27,  28,  31,  36,  42,  44,  45,  46,  47,  48,  49,  50,  51,  53,  54,
     55,  56,  57,  58,  59,  60,  61,  62,  71,  76,  79,  81,  82,  83,  84,  85,
     86,  87,  88,  89,  90,  91,  92,  93,  94,  95,  96,  97,  98,  99, 100, 101,
    102, 103, 104, 105, 106, 107, 108, 109, 110, 111, 112, 113, 114, 116, 117, 118,
    119, 120, 121, 122, 124, 125, 126, 127, 128, 129, 130, 131, 133, 134, 135, 136,
    137, 138, 139, 140, 141, 142, 143, 144, 145, 146, 147, 190, 191, 192, 193, 194,
    195, 196, 197, 198, 199, 200, 201, 202, 203, 204, 206, 208, 209, 212,   7,   8,
      9,  23,  26,  27,  29,  30,  31,  32,  33,  34,  35,  36,  37,  38,  42,  44,
     45,  48,  51,  60,  71,  76,  82,  84,  85,  86,  87,  88,  89,  90,  91,  96,
     97,  98,  99, 100, 101, 104, 105, 106, 107, 108, 109, 110, 111, 114, 115, 122,
    124, 126, 127, 132, 138, 139, 140, 141, 144, 190, 191, 192, 193, 194, 195, 196,
    197, 198, 199, 201, 202, 204, 206, 208, 209, 210, 212,   2,   3,   5,   6,   8,
     23,  27,  32,  33,  34,  35,  37,  39,  58,  59,  61,  71,  72,  76,  78,  79,
     82, 132, 203, 204, 206, 207, 210, 211,   5,   8,  23,  26,  27,  29,  30,  32,
     33,  34,  35,  36,  37,  38,  39,  58,  59,  60,  61,  71,  76,  82, 115, 132,
    203, 204, 210, 212,   3,   7,   9,  23,  25,  26,  28,  29,  30,  34,  36,  37,
     42,  60,  71,  79,  84,  85,  86,  87,  88, 105, 106, 115, 138, 139, 190, 191,
    192, 193, 194, 195, 208, 209,   5,   7,   9,  23,  60,  79, 116, 206, 208, 209,
      0,   1,   2,   3,   5,   6,   7,   8,   9,  21,  22,  23,  25,  26,  27,  28,
     29,  30,  32,  33,  34,  35,  36,  37,  38,  40,  42,  43,  44,  45,  46,  47,
     48,  51,  52,  53,  54,  55,  56,  57,  58,  59,  60,  61,  62,  65,  69,  71,
     79,  82,  83,  84,  85,  86,  87,  88,  89,  90,  91,  97,  98,  99, 100, 101,
    102, 103, 104, 105, 106, 107, 108, 109, 110, 111, 112, 113, 114, 115, 122, 125,
    126, 127, 128, 129, 130, 131, 132, 133, 134, 135, 136, 137, 138, 139, 140, 141,
    144, 145, 146, 147, 190, 191, 192, 193, 194, 195, 196, 197, 198, 199, 200, 201,
    202, 203, 204, 207, 208, 209,   1,   2,   5,   6,   8,  23,  40,  56,  57,  58,
     59,  60,  61,  65,  69,  71,  72, 102, 103, 131, 133, 134, 147, 203, 204, 206,
    207,   3,   6,   8,  23,  27,  32,  33,  34,  37,  39,  58,  59,  61,  71,  76,
     79,  82, 132, 142, 203, 204, 206, 207, 210, 211,   2,   3,   6,   8,  23,  27,
     32,  33,  34,  37,  39,  58,  59,  61,  71,  72,  76,  79,  82, 132, 142, 203,
    204, 210, 211,   0,   3,   5,   7,   8,   9,  10,  23,  25,  26,  28,  29,  30,
     31,  32,  33,  34,  35,  36,  37,  38,  39,  40,  42,  44,  45,  47,  48,  49,
     51,  52,  53,  55,  65,  71,  76,  84,  85,  86,  87,  88,  89,  90,  91,  92,
     93,  94,  95,  96,  97,  98,  99, 100, 101, 104, 105, 106, 107, 108, 109, 110,
    111, 112, 113, 114, 115, 116, 117, 118, 119, 120, 122, 124, 125, 126, 127, 128,
    129, 130, 132, 137, 138, 139, 140, 141, 142, 143, 144, 145, 146, 190, 191, 192,
    193, 194, 195, 196, 197, 198, 199, 200, 201, 202, 204, 206, 207, 208, 209, 210,
    215, 151, 148, 153, 159, 169, 170, 171, 179, 181, 182, 183, 184, 148, 149, 152,
    154, 155, 158, 161, 162, 163, 164, 165, 166, 167, 168, 169, 170, 171, 172, 174,
    182, 205, 149, 158, 171, 177, 185, 158, 148, 153, 159, 166, 169, 170, 172, 182,
    149, 158, 159, 161, 162, 165, 169, 170, 171, 177, 185, 205, 149, 150, 152, 154,
    155, 158, 160, 161, 162, 163, 164, 165, 166, 167, 168, 171, 172, 173, 174, 177,
    185, 186, 187, 205, 148, 149, 151, 153, 158, 159, 165, 169, 170, 171, 179, 181,
    182, 183, 185, 189, 166, 170, 166, 171, 172, 151, 152, 155, 158, 159, 164, 168,
    169, 170, 171, 176, 148, 152, 153, 154, 155, 156, 157, 164, 166, 168, 172, 181,
    182, 183, 187, 152, 153, 154, 155, 156, 158, 161, 164, 165, 168, 172, 187, 205,
    148, 150, 152, 153, 154, 155, 156, 157, 160, 164, 166, 168, 172, 182, 148, 153,
    166, 169, 170, 148, 153, 154, 156, 160, 164, 166, 169, 170, 171, 172, 148, 153,
    156, 160, 166, 169, 170, 152, 154, 155, 156, 164, 165, 168, 205, 148, 151, 152,
    155, 159, 164, 168, 169, 171, 176, 148, 153, 154, 156, 160, 164, 166, 169, 170,
    171, 172, 148, 149, 153, 158, 159, 161, 165, 171, 172, 186, 205, 148, 173, 148,
    165, 172, 152, 154, 155, 156, 161, 164, 165, 168, 172, 148, 153, 154, 156, 158,
    159, 160, 166, 169, 170, 171, 172, 178, 184, 186, 148, 151, 169, 170, 176, 148,
    153, 160, 172, 148, 173, 175, 151, 176, 148, 151, 169, 170, 164, 148, 159, 169,
    181, 182, 183, 161, 169, 170, 171, 178, 184, 186, 181, 183, 148, 149, 152, 154,
    155, 158, 161, 164, 166, 167, 169, 170, 171, 177, 178, 180, 184, 185, 186, 187,
    188, 205, 154, 161, 164, 165, 168, 205, 148, 154, 161, 164, 166, 167, 171, 173,
    177, 180, 182, 185, 186, 187, 205, 161, 164, 169, 171, 177, 185, 186, 161, 171,
    154, 161, 164, 171, 173, 177, 180, 186, 187, 188, 189, 164, 148, 181, 183, 166,
    170,   2,   5,   6,   8,  23,  27,  28,  32,  33,  34,  35,  36,  37,  39,  40,
     52,  58,  59,  60,  61,  65,  70,  71,  72,  76,  78,  82, 132, 203, 204, 206,
    207, 210, 211,   2,   5,   6,   8,  23,  27,  28,  32,  33,  34,  35,  36,  37,
     39,  40,  43,  48,  51,  52,  58,  59,  60,  61,  65,  70,  71,  72,  76,  78,
     82, 104, 114, 122, 132, 203, 204, 206, 207, 210, 211,   1,   2,   5,   6,  23,
     25,  26,  29,  30,  32,  33,  34,  35,  36,  37,  38,  39,  40,  43,  48,  51,
     52,  58,  59,  60,  61,  62,  65,  79, 104, 114, 115, 122, 132, 135, 136, 203,
    206, 207, 210, 211,   1,   2,   5,   6,  23,  25,  26,  29,  30,  32,  33,  34,
     35,  36,  37,  38,  39,  40,  43,  48,  51,  52,  58,  59,  60,  61,  62,  65,
     79, 104, 114, 115, 122, 132, 135, 136, 203, 206, 207, 210, 211,   3,   6,   8,
     23,  27,  32,  33,  34,  37,  39,  58,  59,  61,  71,  76,  79,  82, 132, 142,
    203, 204, 206, 207, 210, 211,   2,   5,   6,  23,  25,  26,  28,  29,  30,  32,
     33,  34,  35,  36,  37,  38,  39,  40,  43,  58,  59,  60,  61,  62,  65,  72,
     79, 115, 132, 135, 136, 203, 206, 207, 210, 211,   2,   5,   6,  23,  25,  26,
     28,  29,  30,  32,  33,  34,  35,  36,  37,  38,  39,  40,  43,  48,  51,  52,
     58,  59,  60,  61,  62,  65,  72,  79, 104, 114, 115, 122, 132, 135, 136, 203,
    206, 207, 210, 211,   0,   1,   2,   3,   5,   6,   7,   8,   9,  21,  22,  23,
     25,  26,  27,  28,  29,  30,  32,  33,  34,  35,  36,  37,  38,  40,  42,  43,
     44,  45,  46,  47,  48,  51,  52,  53,  54,  55,  56,  57,  58,  59,  60,  61,
     62,  65,  69,  71,  79,  82,  83,  84,  85,  86,  87,  88,  89,  90,  91,  97,
     98,  99, 100, 101, 102, 103, 104, 105, 106, 107, 108, 109, 110, 111, 112, 113,
    114, 115, 116, 122, 125, 126, 127, 128, 129, 130, 131, 132, 133, 134, 135, 136,
    137, 138, 139, 140, 141, 144, 145, 146, 147, 190, 191, 192, 193, 194, 195, 196,
    197, 198, 199, 200, 201, 202, 203, 204, 207, 208, 209,   1,   2,   5,   6,   8,
     23,  40,  56,  57,  58,  59,  60,  61,  65,  69,  71,  72, 102, 103, 116, 131,
    133, 134, 147, 203, 204, 206, 207,   0,   3,   5,   7,   8,   9,  10,  23,  25,
     26,  27,  28,  29,  30,  31,  32,  33,  34,  35,  36,  37,  38,  40,  42,  43,
     44,  45,  47,  48,  51,  52,  55,  62,  65,  71,  76,  79,  82,  84,  85,  86,
     87,  88,  89,  90,  91,  96,  97,  98,  99, 100, 101, 104, 105, 106, 107, 108,
    109, 110, 111, 112, 113, 114, 115, 122, 124, 126, 127, 129, 130, 132, 135, 136,
    137, 138, 139, 140, 141, 144, 190, 191, 192, 193, 194, 195, 196, 197, 198, 199,
    201, 202, 204, 206, 208, 209, 210, 212, 215,   2,   5,   6,  12,  13,  14,  16,
     18,  20,  21,  22,  25,  26,  28,  29,  30,  32,  33,  34,  35,  36,  37,  38,
     40,  42,  46,  48,  49,  50,  51,  52,  53,  54,  56,  57,  58,  59,  60,  61,
     62,  65,  79,  81,  83,  84,  85,  86,  87,  88,  92,  93,  94,  95, 102, 103,
    104, 105, 106, 114, 115, 116, 117, 118, 119, 120, 121, 122, 125, 128, 131, 132,
    133, 134, 135, 136, 138, 139, 142, 143, 145, 146, 147, 190, 191, 192, 193, 194,
    195, 200, 203, 206, 207, 213, 148, 153, 156, 166, 169, 182,   0,   3,   7,   8,
      9,  15,  16,  17,  21,  22,  25,  28,  33,  34,  35,  36,  37,  40,  42,  43,
     44,  45,  46,  47,  48,  51,  52,  53,  54,  55,  56,  61,  62,  63,  66,  71,
     79,  80,  81,  83,  84,  85,  86,  87,  88,  89,  90,  91,  92,  94,  95,  96,
     97,  98,  99, 100, 101, 104, 105, 106, 107, 108, 109, 110, 111, 112, 113, 114,
    116, 117, 118, 121, 122, 125, 126, 127, 128, 129, 130, 131, 133, 135, 136, 137,
    138, 139, 140, 141, 142, 143, 144, 145, 146, 190, 191, 192, 193, 194, 195, 196,
    197, 198, 199, 201, 202, 203, 204, 208, 209,   0,   3,   4,   7,   8,   9,  12,
     15,  16,  17,  21,  22,  25,  27,  28,  33,  34,  35,  36,  37,  42,  43,  44,
     45,  46,  47,  48,  51,  52,  53,  54,  55,  56,  57,  58,  59,  60,  61,  62,
     63,  66,  71,  79,  80,  81,  82,  83,  84,  85,  86,  87,  88,  89,  90,  91,
     92,  94,  95,  96,  97,  98,  99, 100, 101, 102, 103, 104, 105, 106, 107, 108,
    109, 110, 111, 112, 113, 114, 116, 117, 118, 121, 122, 124, 125, 126, 127, 128,
    129, 130, 131, 133, 134, 135, 136, 137, 138, 139, 140, 141, 142, 143, 144, 145,
    146, 147, 190, 191, 192, 193, 194, 195, 196, 197, 198, 199, 201, 202, 203, 204,
    208, 209,   0,   2,   4,   5,   6,   8,  11,  12,  14,  16,  17,  18,  20,  23,
     27,  32,  33,  34,  35,  37,  39,  46,  50,  54,  56,  57,  58,  59,  61,  63,
     65,  69,  71,  72,  76,  81,  82,  83, 102, 103, 121, 131, 132, 133, 134, 147,
    203, 204, 206, 207, 213,  25,  31,  32,  34,  35,  36,  37,  38,  58,  59,  60,
     61,  62, 132, 135, 136, 203,   0,   3,   4,   5,   7,   8,   9,  15,  16,  17,
     21,  22,  40,  63,  65,  66,  71,  79,  80, 204, 208, 209,  56,  58,  59,  60,
     61, 131, 133, 203,  15,  16,  15,  15,  18,  18,   0,   1,   2,   5,   6,   7,
      8,   9,  23,  25,  26,  27,  28,  29,  30,  31,  32,  33,  34,  35,  36,  37,
     38,  39,  40,  42,  44,  45,  46,  47,  48,  49,  50,  51,  52,  55,  56,  64,
     65,  69,  70,  71,  72,  74,  75,  76,  77,  78,  82,  83,  84,  85,  86,  87,
     88,  89,  90,  91,  92,  94,  95,  96,  97,  98,  99, 100, 101, 102, 103, 104,
    105, 107, 108, 109, 110, 111, 112, 113, 114, 115, 116, 117, 118, 119, 121, 122,
    124, 126, 127, 128, 129, 130, 131, 132, 133, 134, 136, 138, 139, 140, 141, 142,
    143, 144, 145, 146, 147, 190, 191, 192, 193, 194, 195, 196, 197, 198, 199, 200,
    201, 202, 203, 204, 206, 207, 208, 209, 210, 211, 212, 214, 215,   3,   6,   8,
     23,  27,  32,  33,  34,  37,  39,  58,  59,  61,  71,  76,  79,  82, 132, 203,
    204, 206, 207, 210, 211,
};

static const int8_t libron_16_regularKernSparseValues[] = {
     -16,  -17,  -28,  -14,  -14,   -8,  -20,  -12,  -16,  -19,  -17,  -10,  -17,  -14,   -3,  -15,
      -1,  -12,  -11,  -11,   -8,  -19,   -1,  -16,   -1,  -11,  -16,  -16,  -28,  -28,  -16,  -16,
     -18,    1,  -62,  -49,  -62,  -22,  -13,   -8,   -2,   -2,  -39,  -40,    4,    3,    1,    3,
       2,  -15,    2,  -20,  -25,   -2,  -14,    1,    1,    1,   -3,   -3,  -12,   -2,   -2,  -11,
       2,   -3,  -36,   -4,  -45,  -51,   -2,  -26,  -15,  -15,  -28,  -15,  -38,  -20,  -39,   24,
      12,   18,  -14,  -39,  -20,  -20,  -20,  -20,    7,  -15,  -28,  -20,  -39,  -20,  -39,  -39,
     -14,  -28,    1,    9,    7,   10,   21,    1,   -3,  -20,  -20,   -7,  -23,  -20,   -2,   -2,
      -2,   -2,  -28,   -9,  -15,  -21,  -20,   63,    5,  -32,   18,   -3,  -15,   -8,  -15,  -15,
     -15,  -15,  -20,  -20,  -20,  -20,  -30,  -20,  -49,  -62,  -62,  -19,   -1,    3,  -14,  -11,
     -24,  -14,    2,  -32,   -1,   -1,   -2,    4,   -1,   -1,   -1,   -1,   -1,   -1,   -1,   -1,
      -1,   -1,   -1,   -1,   -1,   -1,   -1,   -1,   -1,  -14,   -1,   -1,   -1,   -1,   -1,   -1,
      -1,   -1,   -1,    1,  -15,  -14,   -9,   -3,  -33,   -4,  -13,  -18,  -17,   -9,   -3,   -3,
     -16,   -7,    1,    1,  -11,    5,  -16,  -15,    1,    1,    1,   -2,   -2,   -3,  -12,  -15,
     -11,  -11,   -4,   -2,   -9,  -15,  -20,   -3,  -13,  -16,  -11,  -11,  -11,  -11,  -11,  -16,
     -16,  -16,   13,    6,  -11,  -16,  -16,  -16,  -16,  -16,  -15,  -15,    7,  -11,  -11,  -16,
     -16,  -16,  -16,  -16,    1,   -2,  -16,  -16,   -2,   -3,   -3,  -12,  -12,  -15,   -2,   -2,
      -6,  -11,  -13,  -16,   51,  -15,   10,   -2,  -14,  -11,   -1,  -11,  -11,  -11,  -11,  -16,
     -16,   -7,  -16,  -10,  -16,   -4,  -33,   -3,   -4,   -4,  -14,   -9,   -9,  -11,   -9,   -9,
      -9,  -17,  -16,  -12,  -71,  -39,  -71,    1,  -18,  -12,   -8,   -4,   -4,  -39,   -8,  -44,
     -11,   -8,  -12,   -7,   -9,  -16,  -18,  -23,   -2,  -13,   -1,   -3,   -2,   -1,   -1,   -9,
      -3,  -14,   -3,   -3,   -2,   -2,   -3,   -2,   -4,   -9,  -12,   -5,  -31,  -14,  -47,  -54,
      -2,  -16,  -14,  -14,  -14,  -16,  -18,  -18,  -18,   -3,   -3,   24,   13,  -17,  -18,  -18,
     -18,  -18,  -18,   -3,   -3,   -1,  -16,  -16,  -18,  -18,  -18,  -18,  -18,  -13,  -13,    3,
      -8,   19,    3,   -3,   -3,   33,   -1,   -9,   -8,   -9,  -18,  -18,   -9,   -9,  -14,   -3,
      -3,   -3,   -4,   -4,  -13,  -16,  -14,  -18,  -18,   18,   17,  -18,   -9,   -9,   -3,  -16,
     -14,  -15,  -16,  -16,  -16,  -18,  -18,  -18,  -18,   -3,  -18,  -18,   -2,  -39,  -71,  -71,
     -28,  -62,   -9,   -4,  -71,  -14,  -11,   -1,    4,    9,   -2,  -29,  -14,  -26,  -15,  -91,
     -24,  -48,  -69,  -96,  -43,   -1,  -11,  -11,  -12,  -12,  -36,  -27,  -38,  -12,   -2,  -14,
     -15,  -67,   -7,    1,  -15,   -1,  -12,  -12,  -11,  -12,  -90,  -12,  -12,  -12,  -38,  -14,
    -128, -128,  -65,  -49,  -33,  -41,  -27,  -15,  -13,   -2,  -21,  -13,  -12,  -12,  -21,  -17,
     -29,  -16,  -17,  -45,  -15,  -38,  -27,  -32,  -52,  -18,  -29,   -7,  -14,  -10,  -13,  -11,
     -10,  -10,  -13,  -11,  -10,  -10,  -21,  -17,  -28,  -23,   -7,  -25,  -21,  -28,  -14,   -7,
      -7,   -7,   -7,   -7,  -13,  -13,  -13,  -13,  -10,  -10,  -10,   -7,   -7,  -10,  -17,  -13,
     -13,  -13,  -13,  -13,  -11,  -10,  -13,  -13,  -10,  -90,  -10,  -10,   -7,   -7,   -7,   -7,
     -13,  -13,  -13,  -13,  -10,   -7,   -7,   -7,   -7,   -7,   -7,  -13,  -23,  -50,  -46,  -47,
     -14,  -62,   -9,   -4,  -71,  -14,  -11,   -1,    4,    9,   -2,  -29,  -14,  -26,  -15,  -45,
     -24,  -48,  -35,  -48,  -43,   -1,  -11,  -11,  -12,  -12,  -36,  -27,  -38,  -12,   -2,  -14,
     -15,  -67,   -7,  -15,   -1,  -12,  -12,  -11,  -12,  -90,  -12,  -12,  -12,  -38,  -14,  -71,
     -70,  -65,  -14,  -43,  -43,  -74,  -13,   -8,   -9,  -11,  -11,  -31,  -27,    3,    2,    2,
     -26,    6,  -37,  -35,   -3,  -24,    1,    1,    1,  -13,  -10,  -27,   -3,   -2,   -2,   -3,
     -36,   -3,  -26,  -26,  -26,  -26,  -26,  -37,  -37,  -37,   -9,  -37,  -37,  -37,  -37,  -37,
      -2,   -2,    9,  -26,  -26,  -37,  -37,  -37,  -37,  -37,  -24,  -24,    1,    1,  -13,  -37,
     -37,  -13,  -27,  -27,   -3,   -3,   -2,   -3,   -3,  -24,  -26,  -26,  -37,  -37,  -37,  -13,
     -13,   -2,  -26,  -26,  -26,  -26,  -26,  -26,  -37,  -37,  -37,  -37,  -37,  -37,  -43,  -43,
     -13,  -12,  -12,   -3,  -17,   -8,  -13,   -9,   -8,   -7,  -15,  -12,  -10,  -19,  -10,   -7,
     -13,   -8,  -12,  -12,  -14,  -16,  -15,   -8,   -8,   -7,  -12,   -4,    2,  -14,  -16,  -16,
     -16,  -16,  -16,   -6,  -20,  -10,  -13,  -12,  -10,  -14,  -16,  -15,  -14,  -14,  -14,   -7,
      -6,   -9,   -4,   -6,   -9,  -16,  -13,   -3,  -18,  -15,   -6,   -6,   -6,   -9,   -6,   -8,
      -8,   -1,   -1,   -1,  -10,   -4,   -2,   -5,   -5,   -6,   -6,  -10,   -8,   -5,  -11,   -1,
      -3,  -10,   -4,   -6,   -2,   -8,   -8,  -19,   -3,  -14,   -9,   -2,   -1,    2,  -14,   -1,
      -1,   -2,   -1,   -1,  -23,   -9,  -24,  -19,   -2,  -27,   -6,   -8,   -2,  -15,  -18,   -1,
     -23,  -18,  -15,  -17,    2,  -16,  -16,   -1,   -2,   -2,   -6,   -6,  -15,   -9,  -16,  -16,
      -7,  -11,   -1,   -1,   -6,   -1,   -6,   -2,   -2,  -14,   -6,   -7,   -6,   -3,   -9,   -1,
      -8,  -12,  -14,  -13,  -10,   -1,   -1,  -11,    2,  -39,  -26,  -39,  -21,    3,  -17,  -13,
     -12,    2,  -34,   -6,  -32,    1,   12,    7,    1,   10,    1,  -12,  -24,   -6,  -26,  -39,
     -39,  -13,  -15,   -2,   -2,   -6,   -1,   -1,   -1,   -5,   -8,   -6,   -3,   -9,   -7,   -1,
     -13,  -30,   -2,  -30,   -9,   -6,  -27,  -10,  -29,  -13,  -10,   -6,   -9,   -8,  -14,  -13,
      -9,   -7,  -10,   -2,  -10,   -2,  -30,  -30,   -2,   -3,  -12,    1,    7,   -7,  -10,  -23,
     -17,  -30,  -11,  -11,  -10,  -13,  -12,   -2,  -11,    1,  -36,  -36,   -7,  -17,  -17,  -16,
      -6,  -21,   -8,   -6,   -5,  -12,   -9,  -10,  -17,  -18,   -6,  -17,  -17,  -19,  -41,   -6,
     -41,  -21,    2,  -14,   -1,  -11,   -9,  -24,   -5,   -8,  -26,   -5,  -16,    5,   -5,  -53,
     -23,  -48,  -31,  -55,   -1,  -35,   -3,  -10,   -8,   -2,   -5,   -5,   -2,   -9,   -9,  -31,
     -22,  -34,  -13,  -26,  -21,  -33,  -20,  -27,  -32,   -3,   -3,   -3,   -3,   -3,  -10,  -10,
     -10,  -10,  -10,  -10,  -10,  -10,  -20,   -9,   -9,   -3,   -3,  -10,  -10,  -10,  -10,  -10,
      -2,   -2,   -5,   -2,   -2,  -10,  -10,   -2,   -2,   -9,  -53,   -9,   -9,   -2,   -3,   -3,
     -10,  -10,  -10,   -9,   -3,   -3,   -3,   -3,   -3,   -3,  -10,  -10,  -10,  -10,  -10,  -10,
     -34,  -21,  -40,  -41,  -43,  -38,   -8,  -10,   -2,  -10,   -1,   -7,   -1,   -1,   -5,   -3,
     -12,   -6,  -10,  -12,   -1,   -2,   -3,   -1,   -2,   -1,   -1,   -1,   -1,   -1,   -6,   -3,
      -6,   -6,   -5,   -6,  -11,   -1,   -3,   -3,   -3,   -3,   -3,   -1,   -1,   -1,   -1,   -1,
      -3,   -3,   -2,   -2,   -1,   -1,   -1,   -1,   -1,   -1,   -1,   -1,   -1,   -1,   -5,   -5,
      -5,   -2,   -3,   -3,   -1,   -1,   -1,   -1,   -3,   -3,   -3,   -3,   -3,   -3,   -1,   -6,
      -1,   -1,   -1,   27,    1,    2,    1,   -1,   -5,  -16,  -18,  -18,   -3,   -8,  -19,   -7,
     -17,   -8,   -7,   -4,   -5,  -14,   -9,  -30,  -21,   -4,  -14,   -3,   -1,   -1,   -5,   -5,
      -5,   -3,   -4,   -2,  -12,   -3,  -26,   -3,   -3,   -3,   -3,   -3,   -1,   -1,   -1,   -1,
      -1,   -1,   -1,   -1,   -1,   -5,   -3,   -3,   -1,   -1,   -1,   -1,   -1,   -5,   -7,   -5,
      -3,   -1,   -1,   -4,   -3,   -3,   -1,   -1,   -1,   -3,   -3,   -3,   -3,   -3,   -3,   -1,
      -1,   -1,   -1,   -1,   -1,   -2,  -18,  -18,   -1,   -1,   -1,   -1,   -8,   -1,   -5,   -2,
      -5,   -1,   -1,   -8,   -8,   -8,   -8,   -8,   -8,   -8,   -1,   -1,   -8,   -8,   24,   -8,
      -7,   -8,   -8,   -8,   -8,    1,    1,   -5,  -18,    1,  -18,  -52,  -31,  -52,  -22,  -18,
     -12,   -9,   -3,   -3,    6,  -12,  -34,   -6,  -43,   -1,   -4,   -1,  -24,    3,  -25,  -27,
      -2,  -22,    1,   -8,   -2,    1,    1,  -12,  -11,  -21,   -3,   -5,   -2,   -3,   -5,   -3,
     -10,  -22,  -27,  -14,  -51,   -6,   -2,  -24,  -24,  -24,  -24,  -24,  -25,  -25,  -25,   -4,
      -6,   -5,    5,  -22,  -25,  -25,  -25,  -25,  -25,   -5,   -5,    6,  -24,  -24,  -25,  -25,
     -25,  -25,  -25,  -22,  -22,    2,   -5,   -6,   -6,   -8,   -8,    7,    1,   -1,  -12,  -25,
     -25,  -12,  -21,  -21,   -3,   -3,   -5,  -10,  -10,  -22,  -15,  -24,  -22,  -25,   42,   -5,
     -23,  -12,   -5,  -24,    2,  -24,  -24,  -24,  -24,  -25,  -25,   -6,  -25,   -8,  -19,  -25,
      -3,  -31,    2,  -52,  -52,   -5,   -9,  -10,   -2,   -2,   -3,   -7,   -2,   -1,   -7,  -10,
      -5,   -4,   -8,   -1,   -2,   -1,   -1,  -10,   -8,   -1,  -11,   -1,   -1,   -1,   -2,   -2,
      -2,   -2,   -2,   -2,   -2,   -1,   -7,   -1,   -2,   -2,    1,   -2,   -2,   -2,   -2,   -2,
      -2,  -11,   -7,   -9,   -2,   -2,   -6,   -5,   -7,  -17,   -7,   -9,   -8,   -6,   -7,   -8,
     -14,  -13,   -1,   -6,   -1,  -11,   -5,  -10,   -9,  -17,  -16,  -19,   -3,  -19,  -17,   -8,
      -7,   -1,   -8,   -8,   -8,   -8,   -8,  -14,  -14,  -14,  -14,  -14,  -14,  -14,  -14,  -14,
      -9,   -9,    1,   -8,   -8,  -14,  -14,  -14,  -14,  -14,   -6,   -6,   -1,   -1,   -1,  -14,
     -14,   -5,   -5,  -10,  -10,   -9,   -3,   -3,   -6,  -15,   -8,  -27,  -14,   35,  -14,   -9,
      -8,  -16,   -8,   -8,   -8,   -8,  -14,  -14,  -26,  -14,  -14,  -14,  -19,  -17,  -16,  -22,
     -15,  -22,  -12,   -7,   -5,   -6,  -10,  -11,  -12,   -6,  -10,  -10,  -13,  -22,   -6,  -18,
      -1,  -13,    4,  -17,  -17,  -12,  -15,    1,   -4,    1,    1,  -13,  -13,  -18,  -12,  -10,
     -13,  -13,  -13,  -14,  -18,  -19,  -15,  -22,  -26,   -6,  -12,  -13,  -13,  -13,  -13,  -13,
     -17,  -17,  -17,  -17,   -5,   -3,  -17,  -17,  -17,  -17,  -17,  -17,  -10,  -10,    8,  -13,
     -13,  -17,  -17,  -17,  -17,  -17,  -15,  -15,    1,   -5,   -5,   -4,   -4,  -17,    1,   -1,
     -13,  -17,  -17,  -13,  -18,  -18,  -12,  -12,  -10,  -18,  -18,  -15,  -27,  -13,  -34,  -17,
      39,   -5,  -17,  -13,  -13,  -10,  -13,  -27,  -13,  -13,  -13,  -13,  -17,  -17,  -32,  -17,
      -8,  -33,  -17,  -14,  -15,  -22,  -22,  -11,   -4,  -10,  -31,    2,   -9,   -4,  -13,   -3,
      -7,   -1,   -4,   -4,   -4,   -1,  -34,    3,   -5,   -8,   -1,   -8,   -7,   -9,   -4,  -16,
     -10,   -3,   -1,   -5,   -3,  -11,  -10,  -44,  -32,  -47,   -3,   -3,  -25,  -10,  -29,   -3,
     -65,   -4,   -4,   -4,   -4,   -4,  -16,  -16,  -16,  -15,  -16,  -16,  -16,  -16,  -32,  -10,
     -10,   -4,   -4,  -16,  -16,  -16,  -16,  -16,   -3,   -3,   -1,   -3,   -3,  -16,  -16,   -3,
      -3,  -11,  -16,  -22,  -10,   -3,   -7,   -4,  -16,  -16,   33,  -16,  -10,   -4,   -7,   -4,
      -4,   -4,   -4,  -16,  -16,  -32,  -16,  -16,  -16,  -47,  -31,   -9,   -2,   -3,  -13,  -15,
     -53,  -53,    6,    6,   -9,   -1,  -30,  -14,    1,    1,  -29,   -1,  -50,   -9,  -47,  -21,
      -4,  -56,   -2,  -25,   -1,   -5,   -5,   -6,   -4,  -31,  -15,  -32,   -2,   -2,    1,  -35,
      -3,   -1,   -1,   -4,   -4,   -5,   -6, -100,   -6,   -4,   -2,   -2,   -4,  -32,  -51,  -47,
       6,    6,  -51,  -49,   -6,   -9,  -17,   -8,   -8,   -8,   -1,   -4,   -8,   -1,   -1,   -6,
     -13,  -10,   -1,   -4,   -5,   -9,   -2,  -11,  -10,  -20,  -18,  -21,   -1,  -18,   -6,  -16,
      -2,   -4,   -8,   -1,   -6,   -6,   -6,   -6,   -6,  -13,  -13,  -13,  -13,  -13,  -13,  -13,
     -13,  -13,  -10,  -10,   -6,   -6,  -13,  -13,  -13,  -13,  -13,   -4,   -4,   -5,   -2,  -13,
     -13,   -2,   -2,  -11,   -1,  -11,  -10,   -1,   -1,   -4,   -6,   -6,  -13,  -13,   22,  -13,
     -10,   -6,   -6,   -6,   -6,   -6,   -6,  -13,  -13,  -13,  -13,  -13,  -13,  -21,  -17,   -8,
      -2,   -2,  -14,  -15,  -15,  -15,   -6,   -7,   -3,   -3,   -9,   -7,  -11,   -6,   -8,   -8,
     -11,   -7,   -6,   -9,  -19,    1,  -14,  -14,  -11,  -13,   -3,   -1,  -11,  -11,  -16,  -11,
     -10,  -14,  -14,   -8,  -15,  -17,  -19,  -14,  -19,   -6,   -6,  -11,  -19,  -19,  -19,  -19,
     -19,  -14,  -14,  -14,   -3,  -14,   -3,   -5,  -14,  -14,  -14,  -14,  -14,  -14,  -10,  -10,
       5,  -19,  -19,  -14,  -14,  -14,  -14,  -14,  -13,  -13,   -3,   -3,   -6,   -3,  -14,   -1,
      -1,  -11,  -14,  -14,  -11,  -16,  -16,  -11,  -11,  -10,  -17,  -17,  -13,  -34,  -19,  -29,
     -14,   37,   -3,  -14,  -14,  -11,  -10,  -19,  -34,  -19,  -19,  -19,  -19,  -14,  -14,  -27,
     -14,   -6,  -28,  -14,  -15,  -15,  -15,  -15,   -2,  -16,  -16,  -16,   -5,   -9,  -16,   -7,
     -15,   -7,   -7,   -5,   -5,  -15,  -10,  -28,  -22,   -4,  -14,   -3,   -5,   -5,   -5,   -3,
      -5,   -3,  -12,   -3,  -22,   -3,   -3,   -3,   -3,   -3,   -5,   -3,   -3,   -5,   -7,   -5,
      -3,   -5,   -3,   -3,   -3,   -3,   -3,   -3,   -3,   -3,   -3,  -16,  -16,   -2,  -15,  -17,
     -57,  -33,  -57,  -19,   -9,   -8,    1,   -3,  -32,   -4,  -44,   -7,   -4,    2,   -6,   -2,
     -15,   -1,   -8,  -13,  -15,   -6,   -6,    1,    1,    1,    1,   -1,  -25,  -27,   -2,  -49,
      -8,   -8,   -8,   -8,   -8,  -13,  -13,  -13,  -14,  -13,  -13,  -13,  -13,  -13,   -8,   -8,
     -13,  -13,  -13,  -13,  -13,   -6,   -6,    1,   -4,    1,   -4,   -8,  -13,  -13,   -6,   -6,
       2,   -1,   -1,   -6,   -8,   -8,  -13,  -13,  -13,   -8,   -8,   -8,   -8,   -8,   -8,  -13,
     -13,  -13,  -13,  -13,  -13,    1,  -33,  -57,  -57,   -3,   -2,  -15,  -26,  -16,   -5,   -9,
     -16,   -7,  -15,   -7,   -7,   -5,   -5,  -15,  -10,  -28,  -22,   -4,  -13,    1,   -3,   -5,
      -5,   -5,   -3,   -5,   -3,  -11,   -3,  -22,   -3,   -3,   -3,   -3,   -3,   -5,   -3,   -3,
      -5,   -7,   -5,   -3,   -5,   -3,   -3,   -3,   -3,   -3,   -3,   -3,   -3,   -3,  -30,  -30,
      -2,   -7,   -5,  -11,  -18,    1,   -7,  -10,   -7,   -6,   -3,   -9,   -3,   -5,    3,   -6,
      -9,  -13,   -9,  -14,   -6,   -8,   -2,   -8,   -6,   -6,   -4,   -7,   -7,   -9,  -19,   -5,
     -17,   -6,   -4,  -10,   -2,   -2,   -2,   -2,   -2,   -8,   -8,   -8,   -8,   -8,   -8,   -8,
      -8,  -17,   -2,   -2,   -8,   -8,   -8,   -8,   -8,   -8,   -8,   -6,   -1,   -2,   -2,   -8,
      -8,   -8,   -2,   -2,   -2,   -2,   -2,   -2,   -8,   -8,   -8,   -8,   -8,   -8,   -7,  -18,
      -5,   -9,  -13,   -7,   -5,   -2,   -8,   -6,   -2,   -1,   -1,   -2,   -4,   -1,   -2,   -1,
      -1,   -1,   -1,   -2,   -5,   -2,   -5,   -4,   -2,   -7,   -1,   -4,   -4,   -4,   -4,   -4,
      -1,   -1,   -1,   -1,   -4,   -4,   -2,   -2,   -1,   -1,   -1,   -1,   -1,   -1,   -1,   -1,
      -2,   -2,   -4,   -4,   -2,   -4,   -4,   14,   -1,   -1,   -1,   -4,   -6,   -4,   -4,   -4,
      -4,    1,   -1,   -5,   -3,  -16,  -21,  -91,  -45,  -45,  -21,  -25,  -11,   -9,   -7,   -7,
       2,  -11,  -51,   -5,  -47,   -3,   -2,  -25,  -38,  -43,   -8,  -22,  -16,   -6,   -1,  -16,
     -21,  -14,  -23,  -10,  -10,  -13,  -12,  -11,  -13,  -10,  -42,  -44,  -14,  -69,   -5,   -8,
     -45,  -46,  -46,  -45,  -25,  -72,  -73,  -72,   -9,  -16,  -10,   -9,  -25,  -75,  -38,  -38,
     -75,  -38,  -10,  -10,  -16,  -46,  -46,  -73,  -38,  -74,  -73,  -75,  -43,  -43,  -14,   -9,
     -10,  -10,   -6,  -20,    4,  -16,   -1,  -21,  -38,  -38,  -35,  -39,  -41,  -20,  -20,  -10,
     -22,  -10,  -22,  -37,  -46,  -65,  -73,   26,   -9,  -67,  -26,  -34,  -18,  -25,  -31,  -46,
     -47,  -47,  -47,  -38,  -73,  -49,  -73,   -6,  -60,  -38,  -13,  -45,    1,  -91,  -45,  -15,
     -16,  -24,  -15,  -24,  -13,   -6,   -5,   -5,   -9,  -11,  -11,   -6,  -10,  -10,  -13,  -23,
      -5,  -21,   -1,  -21,    6,  -18,  -18,  -12,  -16,    1,   -1,    2,    1,  -13,  -13,  -18,
     -11,   -9,  -11,  -12,  -13,  -13,  -18,  -19,  -14,  -22,  -31,   -5,  -12,  -21,  -21,  -21,
     -21,  -21,  -18,  -18,  -18,    5,  -14,   -1,   -1,  -17,  -18,  -18,  -18,  -18,  -18,   -9,
      -9,   10,  -21,  -21,  -18,  -18,  -18,  -18,  -18,  -16,  -16,    1,   -1,   -1,   -2,   -1,
     -14,    2,   -1,  -13,  -18,  -18,  -13,  -18,  -18,  -11,  -11,   -9,  -18,  -18,  -16,  -35,
     -21,  -34,  -18,   44,   -1,  -35,  -10,  -13,   -9,  -21,  -35,  -21,  -21,  -21,  -21,  -18,
     -18,  -33,  -18,   -3,  -33,  -18,  -13,  -15,  -24,  -24,  -20,    1,    3,  -25,    1,  -45,
     -36,  -45,  -30,  -16,   -1,   -7,   -8,  -30,  -22,  -27,  -12,   -2,  -23,  -23,    5,  -28,
     -42,  -16,  -41,   -6,   -1,    2,    3,  -43,   19,  -39,  -41,  -21,  -35,   10,   -2,   -1,
      10,    9,  -35,  -31,  -40,  -25,  -22,  -20,  -22,  -23,  -22,  -34,    3,  -13,  -41,  -35,
       1,  -36,  -67,  -16,  -21,  -34,  -43,  -43,  -42,  -43,  -34,  -39,  -39,   19,  -23,   -2,
      13,  -23,  -37,  -39,  -39,  -39,  -39,  -22,  -22,   22,  -43,  -37,  -39,  -39,  -39,  -37,
     -38,  -35,  -32,    3,    1,    7,    7,   -2,  -33,   -1,   10,   -1,    1,  -35,  -39,  -39,
     -30,  -40,  -33,  -25,  -25,  -22,  -34,  -32,  -33,    2,  -43,   -6,  -39,   58,   -2,  -18,
      17,  -35,  -15,  -43,   -1,  -40,  -43,  -43,  -40,  -39,  -39,   -9,  -39,   -3,  -21,  -39,
     -22,  -36,  -45,  -45,    1,    1,  -19,  -16,    1,    2,  -23,  -69,  -27,  -34,  -18,  -12,
      -1,   -5,   -6,  -23,  -18,  -22,  -10,   -1,  -17,  -17,    4,  -23,  -28,  -10,  -24,   -2,
      -1,    1,    2,  -29,   18,  -23,  -23,  -14,  -21,    9,   -5,   17,    8,  -19,  -18,  -25,
     -15,  -13,  -12,  -13,  -14,  -13,  -21,    2,  -10,  -31,  -26,    1,  -29,  -53,  -10,  -14,
     -53,  -29,  -29,  -29,  -29,  -46,  -23,  -23,   13,  -22,   -5,    7,  -19,  -46,  -23,  -23,
     -23,  -23,  -13,  -13,   30,  -29,  -56,  -23,  -23,  -23,  -46,  -46,  -21,  -21,   11,   -5,
       1,    2,   -5,  -24,   17,    1,  -19,  -23,  -23,  -36,  -25,  -47,  -15,  -33,  -13,  -21,
     -21,  -21,  -29,  -29,  -30,  -23,   52,   -5,  -41,   -3,  -38,  -16,  -29,  -31,  -58,  -29,
     -29,  -58,  -23,  -23,  -33,  -23,   -6,  -41,  -23,  -13,  -27,  -69,  -34,    1,   -3,  -11,
      -4,   -9,  -29,    2,   -9,   -3,  -14,   -3,   -8,   -1,   -3,   -4,   -4,  -29,   -5,   -6,
      -1,   -1,   -1,   -4,  -17,  -11,   -3,   -5,   -3,  -11,  -10,  -43,  -31,  -45,   -3,   -2,
     -25,   -9,  -28,   -2,   -8,  -27,   -4,   -4,   -4,   -4,   -4,  -17,  -17,  -17,    2,  -16,
     -17,  -17,  -17,  -17,  -16,  -10,  -10,   -4,   -4,  -17,  -17,  -17,  -17,  -17,   -3,   -3,
      -2,   -3,  -17,  -17,   -3,   -3,  -11,   -7,  -11,  -10,   -3,   -3,   -4,  -17,  -17,   35,
     -17,    1,  -10,   -4,   -4,   -4,   -4,   -4,   -4,  -17,  -17,  -16,  -17,  -17,  -17,  -45,
     -29,   -7,   -1,   -2,   -3,   -7,  -20,    1,  -26,  -87,  -48,  -44,  -28,  -21,   -1,   -9,
      -9,  -40,  -23,  -33,  -15,   -2,  -28,  -28,    2,  -33,  -50,  -24,  -44,   -6,    1,  -54,
      16,  -61,  -62,  -33,  -50,    6,   -8,   -4,   12,    6,  -44,  -45,  -49,  -35,  -36,  -38,
     -36,  -36,  -40,  -45,    1,  -18,  -56,  -47,  -43,  -70,  -24,  -65,  -98,  -54, -106, -107,
     -54, -109,  -61, -120,    8,  -38,  -10,  -27, -115,  -61,  -61, -121,  -61,  -72,  -36,   25,
     -54, -101,  -61, -117, -122, -116, -117,  -50,  -95,    7,   -9,   -6,   -4,   -8,  -53,   -9,
      12,    1,  -44,  -61, -119,  -85,  -49,  -88,  -35,  -75,  -36,  -45,  -88,  -96,  -56,  -54,
     -70, -122,   47,  -10,  -82,  -31,  -89,  -55, -108,  -59, -103,  -54, -108, -103,  -61, -121,
     -73, -119,  -17,  -85, -121,  -40,  -48,  -87,  -44,    1,  -26,   -1,   -8,   -1,   -1,   -4,
      -6,   -1,   -6,   -3,   -1,   -1,   -2,   -1,   -2,   -3,   -7,   -5,   -3,  -22,  -18,  -23,
      -4,   -2,   -1,   -4,   -1,   -2,   -2,   -2,   -2,   -2,   -1,   -3,   -3,   -2,   -2,   -2,
      -2,   -3,   -5,   -6,   -5,   -3,   -4,   -4,   -2,   -2,   -2,   23,   -1,   -3,   -2,   -2,
      -2,   -2,   -2,   -2,  -23,   -7,   -1,   -1,   -2,   -3,    2,  -12,  -11,   -2,  -29,  -11,
     -15,  -14,  -14,   -3,    3,    3,    3,   -2,    6,  -12,  -11,   -3,  -11,   -3,   -3,   -4,
     -13,  -14,   -9,  -14,   -2,   -2,   -2,   -2,   -2,  -12,  -12,  -12,   19,   10,  -12,  -12,
     -12,  -12,  -12,  -11,  -11,    8,   -2,   -2,  -12,  -12,  -12,  -12,  -12,    7,  -12,  -12,
      -3,   -3,  -11,    5,   -2,   -7,  -12,   58,  -10,   16,   -9,   -2,   16,   -2,   -2,   -2,
      -2,  -12,  -12,    9,  -12,   -3,  -12,   -4,  -29,  -14,  -14,    2,  -21,  -13,  -31,  -18,
     -30,  -73,   -6,  -14,   -6,  -15,    3,   -6,  -21,   -6,  -15,   -2,   -2,  -15,   16,    5,
      18,    9,    1,    2,   18,   18,    9,   18,  -25,  -23,  -11,  -20,   -7,    1,  -34,  -18,
     -51,  -26,   -2,  -50,  -32,    4,  -15,  -12,   -3,  -17,  -10,  -13,  -14,  -11,  -11,   -7,
     -34,  -17,  -11,  -23,  -23,  -32,  -21,  -19,   -1,  -17,  -13,   -2,   -2,  -19,  -10,  -13,
      -3,  -13,  -13,   -2,  -31,  -17,  -40,  -23,  -18,  -62,  -14,  -27,  -13,  -10,   -8,  -13,
     -12,   -1,  -13,   -2,  -11,  -13,  -31,   -1,   -1,  -12,  -17,  -14,   -2,   -2,  -22,  -11,
      -3,   -3,   -2,  -13,   -6,   -3,   -1,   -3,  -13,  -17,  -36,  -25,   -3,  -53,   -1,   -5,
      -2,   -1,   -5,   -3,  -13,  -11,   -2,   -2,   -2,   -2,   -2,   -2,   -2,   -2,   -2,   -2,
      -2,   -2,   -2,   -2,   -2,   -3,   -2,   -2,  -13,   -2,   -2,   -2,   -2,   -2,   -2,   -2,
      -2,   -2,   -3,  -13,   -2,   -2,  -15,   -7,   -1,  -11,  -11,   -6,   -5,   -7,  -10,   -7,
      -5,   -8,   -7,   -4,   -2,   -5,   -6,  -10,  -14,   -5,  -11,   -6,   -2,   -5,   -4,   -4,
      -4,   -4,   -4,   -4,   -4,   -4,   -4,   -4,   -4,   -4,   -4,   -2,   -4,   -4,   -7,   -4,
      -4,   14,   -4,    1,   -4,   -4,   -3,   -4,   -4,   -4,  -10,  -11,   -7,   -7,  -11,   -7,
     -15,   -4,  -12,  -16,   -1,   -6,   -5,   -7,  -27,  -17,  -40,  -24,   -5,  -57,   -6,  -21,
      -9,   -7,   -8,  -13,   -1,   -2,   -6,  -27,   -1,   -1,  -13,  -13,  -11,  -21,  -10,    8,
      34,   66,    1,   55,   55,  -20,  -31,  -20,   61,  -10,   43,    1,   -7,   34,   42,    7,
      43,   53,   71,   67,   53,   70,   35,   57,   61,   -7,   -9,  -11,    1,   -5,   -3,  -21,
      28,   -3,   -3,   -4,    2,   20,   56,    3,   34,  -24,   49,   40,   40,  -29,   53,   32,
       1,    1,    3,  -11,   -5,    7,  -10,   -4,  -17,   -3,   66,   41,   70,  -10,   -7,  -17,
     -15,  -11,   -9,    7,    2,   -3,   -4,  -16,   -8,  -11,   -7,   -9,   -9,    2,   49,   43,
      59,   61,   62,   77,   -3,  -14,  -14,  -10,   15,   -1,    9,    2,   43,    4,    5,    8,
       1,   42,   -7,   32,  -14,  105,   52,   20,   63,   11,   31,   -9,   42,   -2,  -12,   -7,
      -1,  -16,  -12,   33,   -9,   27,   21,  -11,    5,  -31,   55,   59,  -20,  -20,   67,   62,
      -9,   32,    5,   -7,    1,  -16,   -3,    1,    1,   -2,   -3,   -5,   -3,   -4,   -3,   -5,
      -5,  -12,  -11,  -23,  -14,  -40,   -2,   -2,   14,   -5,   -3,   -7,   -1,    1,    1,  -15,
     -14,   -3,   -5,   -5,   -5,   -5,   -5,   -3,   -3,   -3,   -7,   -3,   -3,   -3,   -3,   -3,
      -5,   -5,   -3,   -3,   -3,   -3,   -3,   -5,   -7,   -3,   -3,   -1,   -1,  -12,    1,   -5,
      -5,   -3,   -3,   -3,   -5,   -5,   -5,   -5,   -5,   -5,   -3,   -3,   -3,   -3,   -3,   -3,
     -16,    1,    1,    1,   -2,   -5,    3,  -22,   -2,  -19,   -9,  -21,   -5,  -31,  -16,  -51,
     -27,  -53,  -29,  -13,  -12,  -15,   -9,  -12,  -12,   -9,  -10,   -1,   -5,  -31,  -15,   -9,
     -21,  -20,  -29,  -18,   -1,  -10,  -10,   -7,   -5,   -6,   -6,   -2,   -3,   -8,   -5,   -4,
      -6,  -13,  -10,   -6,   -5,   -6,    9,   -6,  -10,   -7,   -2,  -11,   -2,   -1,   -7,   21,
      -1,   -7,   -6,  -30,    1,   -6,   -9,  -11,  -15,  -33,  -17,  -44,   -5,   -6,  -11,  -14,
     -12,  -10,   -7,   -5,   -7,   -5,   -9,   -3,  -22,   -3,  -29,   -3,   -1,   -9,   -6,   -6,
      -6,   -6,   -6,  -11,  -11,  -11,  -17,  -11,  -11,  -11,  -11,  -27,   -5,   -5,   -6,   -6,
     -11,  -11,  -11,  -11,  -11,  -12,  -12,  -11,  -11,  -11,  -10,  -10,   -7,  -11,   -7,   -5,
     -12,   -6,   -6,  -11,  -11,  -11,   -5,   -6,   -6,   -6,   -6,   -6,   -6,  -11,  -11,  -11,
     -11,  -11,  -11,   -9,  -30,   -7,   -5,  -18,   -4,   -8,   -7,   -5,  -10,  -10,   -6,   -5,
      -7,   -9,   -6,   -4,   -7,   -6,   -6,   -5,   -7,   -1,  -13,  -28,   -9,   -5,   -7,   13,
       1,    1,   -7,  -10,   -7,   -7,   -9,   -6,  -19,  -16,  -13,  -19,  -10,  -14,   -2,  -13,
     -14,  -36,  -17,  -41,  -24,  -19,  -65,  -14,  -32,  -12,  -11,   -9,  -13,  -14,   -1,  -13,
      -2,  -12,  -14,  -36,   -1,   -1,  -14,  -17,  -14,  -22,  -11,   -2,   -5,   -7,   -7,   -6,
      -7,  -11,  -11,  -36,  -19,   -1,  -46,   -2,  -10,    2,    5,   -3,   -6,   -7,    5,  -11,
     -11,  -13,  -11,  -14,  -29,  -31,  -29,  -11,   -2,  -24,  -18,  -31,  -20,  -18,   -1,  -13,
     -14,  -30,  -19,  -30,  -50,   -3,   -1,  -11,   -8,  -11,   -9,   -6,   -6,   -3,   -6,   -6,
      -3,   -7,  -11,  -22,  -29,   -8,   -8,   -8,   -8,   -8,  -11,  -11,  -11,   -3,   -3,   -3,
      -3,   -8,  -11,  -11,  -11,  -11,  -11,   -6,   -8,   -8,  -11,  -11,  -11,  -11,  -11,   -6,
      -6,   -6,  -18,   -3,   -3,   -3,   -3,   -3,   -6,  -17,   -3,  -11,  -11,   -3,   -7,   -7,
     -13,   -6,   -8,   -8,  -11,  -11,   -3,   -3,  -11,   -3,   -3,   -8,   -8,   -8,   -8,   -8,
      -8,  -11,  -11,  -11,  -11,   -3,  -11,  -11,  -31,    4,    4,  -29,  -29,   -3,    1,   -9,
     -10,   -8,   -1,   -1,  -14,   -4,   -9,   -2,   -7,   -9,  -17,  -18,  -40,  -24,   -5,  -49,
      -6,  -24,   -2,   -5,   -5,   -3,   -2,   -8,   -6,   -6,   -9,   -2,   -1,   -2,   -2,   -2,
      -5,   -5,   -9,   -5,   -3,   -3,  -17,   -2,   -2,   -2,   -2,   -9,   -4,   -6,   -1,   -1,
     -18,   -1,    1,  -10,    1,   -1,   -3,   -3,   -1,   -3,   -2,  -14,  -13,  -30,  -18,   -1,
     -43,   -3,   -2,   -3,   -3,   -3,   -3,   -2,  -12,  -11,   -3,   -2,   -2,   -2,   -2,   -2,
      -3,   -3,   -3,   -3,   -3,   -3,   -3,   -3,   -3,   -3,   -2,   -2,   -3,   -3,   -3,   -3,
      -3,   -3,   -3,   -3,   -3,   -3,   -3,  -14,   -2,   -2,   -3,   -3,   -3,   -2,   -2,   -2,
      -2,   -2,   -2,   -3,   -3,   -3,   -3,   -3,   -3,  -10,    1,    1,    1,   -8,   -7,  -15,
      -1,   -2,  -14,  -11,  -18,   -4,  -19,  -14,  -40,  -23,  -48,  -22,   -4,   -3,   -6,  -13,
      -6,  -11,   -7,   -2,   -4,  -19,   -6,  -11,  -13,  -14,  -24,  -12,  -12,  -17,  -15,  -35,
     -22,  -35,  -15,   -3,   -4,  -31,  -22,   -3,  -33,  -23,  -23,   -3,  -13,  -17,  -29,  -19,
     -42,  -43,   -4,  -11,  -10,   -2,  -16,  -19,   -9,  -13,  -13,  -13,   -9,   -5,  -13,  -25,
     -21,   -4,   -3,  -10,  -10,  -10,  -10,  -10,  -16,  -16,  -16,  -18,  -16,  -16,  -16,  -16,
     -16,  -13,  -10,  -10,  -16,  -16,  -16,  -16,  -16,   -9,   -9,  -13,  -22,  -13,  -19,  -16,
     -16,   -9,   -9,  -13,   -5,   -5,   -9,  -10,  -10,  -16,  -16,  -16,  -10,  -10,  -10,  -10,
     -10,  -10,  -16,  -16,  -16,  -16,  -16,  -16,  -22,  -35,  -35,   -7,   -6,  -11,  -14,  -14,
     -26,  -16,  -26,   -2,  -20,  -19,  -24,  -20,  -19,   -1,  -12,  -15,  -27,  -18,  -31,  -41,
      -3,  -10,   -8,   -2,  -11,  -13,   -7,  -10,  -10,  -10,   -7,   -4,  -12,  -19,  -16,   -8,
      -8,   -8,   -8,   -8,  -11,  -11,  -11,  -12,  -11,  -11,  -11,  -11,  -11,  -10,   -8,   -8,
     -11,  -11,  -11,  -11,  -11,   -7,   -7,  -10,  -19,  -10,  -13,  -11,  -11,   -7,   -7,  -12,
      -4,   -4,   -7,   -8,   -8,  -11,  -11,  -11,   -8,   -8,   -8,   -8,   -8,   -8,  -11,  -11,
     -11,  -11,  -11,  -11,  -16,  -26,  -26,   -2,   -4,    1,  -28,   -2,   -7,  -11,  -15,  -29,
     -17,  -43,   -3,   -7,  -14,  -14,   -5,   -2,   -5,   -1,  -21,  -26,   -7,   -7,   -7,   -7,
      -7,   -7,  -14,  -14,  -14,  -15,  -14,  -14,  -14,  -14,  -14,   -7,   -7,  -14,  -14,  -14,
     -14,  -14,   -5,   -5,   -5,  -14,  -14,   -5,   -5,   -1,  -11,   -1,   -5,   -7,   -7,  -14,
     -14,  -14,   -7,   -7,   -7,   -7,   -7,   -7,  -14,  -14,  -14,  -14,  -14,  -14,  -28,  -13,
      -1,  -13,  -15,  -14,  -34,  -20,  -34,  -14,   -2,  -30,  -21,   -3,  -32,  -22,  -21,   -3,
     -12,  -15,  -26,  -17,  -40,  -42,   -3,   -4,   -9,   -2,  -14,  -17,   -7,  -10,  -10,  -10,
      -8,   -4,  -11,  -23,  -20,   -3,   -3,   -9,   -9,   -9,   -9,   -9,  -14,  -14,  -14,  -15,
     -14,  -14,  -14,  -14,  -14,  -10,   -9,   -9,  -14,  -14,  -14,  -14,  -14,   -7,   -7,  -10,
     -21,  -10,  -17,  -14,  -14,   -8,   -8,  -12,   -4,   -4,   -7,   -9,   -9,  -14,  -14,  -14,
      -9,   -9,   -9,   -9,   -9,   -9,  -14,  -14,  -14,  -14,  -14,  -14,  -20,    1,  -34,  -34,
      -2,   -6,    1,   -3,   -2,   -7,   -5,   -2,   -4,   -6,  -12,  -18,  -37,  -22,   -1,  -49,
      -1,   -4,   -1,   -3,   -1,   -1,   -1,   -2,   -5,  -12,   -1,   -2,  -13,   -3,    2,  -12,
      -9,   -3,  -25,   -2,   -8,  -11,  -12,  -12,  -10,    3,    3,    3,   -9,    2,  -13,  -12,
      -8,  -10,   -8,   -9,   -2,  -11,  -15,  -10,  -12,   -9,   -9,   -9,   -9,   -9,  -13,  -13,
     -13,   14,    5,   -7,  -13,  -13,  -13,  -13,  -13,  -10,  -10,    5,   -9,   -9,  -13,  -13,
     -13,  -13,  -13,    3,  -13,  -13,   -8,   -8,  -10,   -3,   -9,   -9,  -13,   53,  -11,   12,
      -9,   -9,   16,   -9,   -9,   -9,   -9,  -13,  -13,    9,  -13,   -5,  -13,   -2,  -25,   -2,
      -2,  -11,   -9,  -11,  -12,  -12,  -11,  -12,  -12,  -12,  -11,   -3,   -2,   -7,  -11,  -26,
     -18,  -32,    1,    1,   -7,   -3,   -2,   -2,   -2,  -12,   -1,   -8,  -10,  -16,  -19,  -17,
     -11,  -15,  -14,  -14,  -13,  -11,  -13,  -11,   -9,  -17,  -13,  -11,  -16,  -14,  -14,  -12,
      -3,   -8,   -3,  -10,  -12,   -7,  -20,  -13,   -7,   -3,   -5,   -8,  -13,  -21,  -37,  -29,
     -46,   -2,   -2,   -5,  -11,  -10,   -1,   -7,   -2,   -7,   -7,   -2,   -2,   -1,  -10,  -22,
      -5,   -5,   -3,   -2,   -2,   -2,   -2,   -2,  -11,  -11,  -11,  -11,  -11,  -11,  -11,  -11,
     -11,   -7,   -2,   -2,  -11,  -11,  -11,  -11,  -11,   -1,   -1,   -7,   -7,   -2,   -7,   -6,
     -10,  -11,  -11,   -2,  -26,   -2,   -1,   -2,   -2,  -11,  -11,  -11,   -2,   -2,   -2,   -2,
      -2,   -2,  -11,  -11,  -11,  -11,  -11,  -11,   -1,  -20,   -3,   -2,   -3,   -8,   -3,  -67,
     -67,  -31,  -39,   -6,   -2,   -2,   -2,   -2,   -9,  -14,  -45,   -2,   -2,   -2,   16,   10,
      -2,   -2,   -2,   -2,   -2,   -2,   -2,   -2,   -2,   -2,   -2,   12,   25,   -2,   -2,   -2,
      -2,   19,   10,   -2,   -2,   -2,   -2,   -2,   -2,   -2,  -67,  -67,    1,  -21,  -10,   -1,
       1,    1,   -7,   -7,  -23,  -12,  -10,  -17,  -10,  -10,  -10,  -20,  -17,  -26,  -15,  -17,
     -44,  -14,  -37,  -26,  -30,  -51,  -15,   -6,  -14,  -10,  -13,  -11,  -10,  -28,  -13,  -11,
     -10,  -10,  -20,  -16,  -26,  -22,   -6,  -26,  -14,   -6,   -6,   -6,   -6,   -6,  -13,  -13,
     -13,  -13,  -10,  -10,  -10,   -6,   -6,  -10,  -17,  -13,  -13,  -13,  -13,  -13,  -11,  -10,
     -13,  -13,  -10,  -44,  -10,  -10,   -6,   -6,   -6,   -6,  -13,  -13,  -13,  -13,  -10,   -6,
      -6,   -6,   -6,   -6,   -6,  -13,  -22,   -7,   -7,   -2,   -2,  -37,   -1,  -21,  -30,  -17,
     -17,  -12,  -12,  -24,  -22,  -21,  -20,  -20,  -21,  -43,  -21,  -46,  -33,  -29,  -62,  -12,
     -15,  -10,   -8,  -18,  -16,  -17,  -16,  -16,  -16,  -17,  -16,   -4,  -15,  -15,  -25,  -21,
     -23,  -27,   -9,  -16,   -9,  -15,  -25,  -30,  -26,  -18,  -10,  -10,  -10,  -10,  -10,  -17,
     -17,  -17,  -17,  -15,  -15,  -16,  -10,  -10,  -16,  -21,  -17,  -17,  -17,  -17,  -17,  -16,
     -16,  -17,  -17,   -4,   -4,  -15,  -85,  -15,  -15,   -9,   -9,  -10,  -10,  -17,  -17,  -17,
     -17,  -15,  -10,  -10,  -10,  -10,  -10,  -10,  -17,  -27,  -35,  -33,  -17,  -17,  -34,   -7,
     -31,  -30,   -1,   -9,  -10,  -10,  -15,  -19,  -27,  -22,  -18,  -19,   -8,  -41,  -39,  -54,
     -43,  -17,  -59,   -3,  -21,  -13,  -27,  -26,  -10,    2,  -11,  -10,    2,  -11,  -11,  -10,
      -1,  -14,  -25,  -24,  -26,  -25,   -7,   -5,  -12,  -35,  -25,  -12,  -26,  -10,  -21,  -21,
     -21,  -21,  -21,  -27,  -27,  -27,  -10,  -10,  -10,  -10,  -27,  -27,  -27,  -27,  -27,  -27,
     -24,  -24,   -9,  -21,  -21,  -27,  -27,  -27,  -27,  -27,    2,    2,  -11,  -19,  -10,  -10,
     -10,  -10,  -10,    2,  -11,   -9,  -16,  -10,  -27,  -27,  -10,  -14,  -14,  -25,  -40,  -25,
     -24,  -12,  -12,    2,  -21,  -21,  -27,  -27,  -10,  -10,  -27,  -10,  -10,  -24,  -21,  -21,
     -21,  -21,  -21,  -21,  -27,  -27,  -27,  -27,  -10,  -27,  -27,   -5,  -28,  -26,   -9,   -9,
     -26,  -19,  -41,   -6,  -41,  -21,    2,  -14,   -1,  -11,   -9,  -24,   -5,   -8,  -26,   -5,
     -16,    5,   -5,  -53,  -23,  -48,  -31,   -1,  -55,   -1,  -35,   -3,  -10,   -8,   -2,   -5,
      -5,   -2,   -9,   -9,  -31,  -22,   -1,  -34,  -13,  -26,  -21,  -33,  -20,  -27,  -32,   -3,
      -3,   -3,   -3,   -3,  -10,  -10,  -10,  -10,  -10,  -10,  -10,  -10,  -20,   -9,   -9,   -3,
      -3,  -10,  -10,  -10,  -10,  -10,   -2,   -2,   -5,   -2,   -2,  -10,  -10,   -2,   -2,   -9,
     -53,   -9,   -9,   -2,   -3,   -3,  -10,  -10,  -10,   -9,   -3,   -3,   -3,   -3,   -3,   -3,
     -10,  -10,  -10,  -10,  -10,  -10,  -34,  -21,  -40,  -41,  -43,  -38,   -8,   -1,   -1,   -1,
      -1,   27,    1,    2,    1,   -1,   -2,  -16,  -16,  -16,   -5,   -9,  -16,   -7,  -15,   -7,
      -7,   -5,   -5,  -15,  -19,  -27,  -42,   -4,  -14,   -3,   -5,   -5,   -5,   -3,   -5,   -3,
     -11,   -3,  -22,   -3,   -3,   -3,   -3,   -3,   -5,   -3,   -3,   -5,   -7,   -5,   -3,   -5,
      -3,   -3,   -3,   -3,   -3,   -3,   -3,   -3,   -3,  -16,  -16,   -2,   -7,  -22,  -33,   -2,
     -33,   -2,  -20,  -25,  -13,  -39,  -14,  -13,   -6,   -8,  -25,  -16,  -50,  -49,   -9,  -20,
      -3,   -2,   -1,   -1,   -9,   -9,   -9,   -5,   -3,   -7,   -5,  -15,   -2,   -1,   -7,  -54,
      -3,   -3,   -3,   -3,   -3,   -1,   -1,   -1,   -1,   -1,   -1,   -1,   -1,   -9,   -3,   -3,
      -1,   -1,   -1,   -1,   -1,   -9,  -13,   -9,   -1,   -1,   -6,   -3,   -3,   -1,   -1,   -1,
      -3,   -3,   -3,   -3,   -3,   -3,   -1,   -1,   -1,   -1,   -1,   -1,   -5,   -2,  -33,  -33,
     -12,  -14,   -1,   -2,  -19,  -12,   -1,   -8,   -5,   -6,   -9,  -23,  -17,  -15,  -15,   -5,
     -16,   -7,  -11,   -1,   -5,   -5,   -4,   -3,  -25,  -18,  -12,  -27,   -4,   -2,  -11,  -10,
      -5,   -1,   -3,   -3,   -8,   -5,   -4,  -23,   -4,   -3,   -4,   -4,   -3,  -27,  -14,  -16,
     -14,  -14,  -48,  -23,  -11,  -20,   -7,    1,  -34,  -18,  -51,  -26,   -2,  -50,  -32,    4,
     -15,  -12,   -3,  -17,  -10,  -13,  -14,  -11,  -11,   -7,  -34,  -17,  -11,  -23,  -23,  -32,
     -21,  -25,  -23,  -11,  -20,   -7,    1,  -34,  -18,  -51,  -26,   -2,  -50,  -32,    4,  -15,
     -12,   -3,  -17,  -10,  -13,  -14,  -11,  -11,   -7,  -34,  -17,  -11,  -46,  -23,  -32,  -21,
     -28,   -4,  -12,  -16,   -1,   -6,   -5,   -7,  -27,  -17,  -40,  -24,   -5,  -57,   -6,  -21,
      -9,   -7,   -8,  -13,   -1,   -2,   -6,  -27,   -1,   -1,  -13,  -13,  -11,  -21,  -10,  -15,
      -4,  -12,  -16,   -1,   -6,   -5,   -7,  -27,  -17,  -40,  -24,   -5,  -57,   -6,  -21,   -9,
      -7,   -8,  -13,   -1,   -2,   -6,  -27,   -1,   -1,  -13,  -26,  -11,  -21,  -10,  -31,   -4,
     -12,  -16,   -1,   -6,   -5,   -7,  -27,  -17,  -40,  -24,   -5,  -57,   -6,  -21,   -9,   -7,
      -8,  -13,   -1,   -2,   -6,  -27,   -1,   -1,  -13,  -25,  -11,  -21,  -10,    1,   17,   -1,
       4,   -7,  -10,   -2,   -5,   -6,   -6,   -2,   -3,   -8,   11,   18,    8,    8,    7,   -5,
      -4,   -6,    7,  -13,  -10,   -6,   -5,   28,    1,   21,    8,    8,   -6,    9,   -6,  -10,
     -12,    5,  -11,   -2,    3,   -1,   -3,  -10,   -5,   -5,   -6,   -6,   -2,   -3,   -8,   -5,
      -4,   -6,  -13,    9,  -10,   -6,   -5,   12,   -6,    9,   -6,  -10,    7,    1,  -11,   -2,
       1,   10,   -1,    1,    9,  -10,    5,   -5,   -6,   -6,   -2,   -3,   -8,    9,    2,    2,
       2,   -5,   -4,   -6,  -13,    4,  -10,   -6,   -5,    1,    2,    2,    2,   -6,    9,   -6,
     -10,   -1,    4,  -11,   -2,   -6,   -2,  -10,   -7,   -6,   -6,  -10,  -11,  -11,   -4,  -10,
     -11,   -7,  -15,  -19,  -15,  -17,  -24,   -9,   -7,   -7,   -8,   -3,   -9,   -9,   -8,  -10,
     -11,   -7,   -9,   -5,   -6,   -6,  -11,  -38,  -16,  -13,  -19,  -10,  -14,   -2,  -13,  -14,
     -36,  -17,  -41,  -24,  -19,  -65,  -14,  -32,  -12,  -11,   -9,  -13,  -14,   -1,  -13,   -2,
     -12,  -14,  -36,   -1,   -1,  -14,  -17,  -14,  -22,  -11,  -38,  -16,  -13,  -19,  -10,  -14,
      -2,  -13,  -14,  -36,  -17,  -41,  -24,  -19,  -65,  -14,  -32,  -12,  -11,  -18,  -13,  -27,
      -1,  -13,   -2,  -12,  -14,  -36,   -1,   -1,  -27,  -33,  -28,  -22,  -11,  -19,  -41,   -6,
     -41,  -21,    2,  -14,   -1,  -11,   -9,  -24,   -5,   -8,  -26,   -5,  -16,    5,   -5,  -53,
     -23,  -48,  -31,   -1,  -55,   -1,  -35,   -3,  -10,   -8,   -2,   -5,   -5,   -2,   -9,   -9,
     -31,  -22,   -1,  -68,  -13,  -26,  -21,  -33,  -20,  -27,  -32,   -3,   -3,   -3,   -3,   -3,
     -10,  -10,  -10,  -10,  -10,  -10,  -10,  -10,  -20,   -9,   -9,   -3,   -3,  -10,  -10,  -10,
     -10,  -10,   -2,   -2,   -5,   -2,   -2,  -10,  -10,   -2,   -2,   -9,  -53,   -9,   -9,   -2,
      -3,   -3,  -10,  -10,  -10,   -9,   -3,   -3,   -3,   -3,   -3,   -3,  -10,  -10,  -10,  -10,
     -10,  -10,  -68,  -21,  -40,  -41,  -43,  -38,   -8,  -25,  -23,   10,  -11,  -20,   -7,    1,
     -34,  -18,  -51,  -26,   -2,  -50,  -32,    2,    6,    4,  -15,  -12,   -3,  -33,  -10,  -13,
     -14,  -11,  -11,   -7,    2,    2,    6,  -34,    2,  -33,  -11,  -23,  -23,  -32,  -21,   -2,
      -3,   -2,  -13,   -6,   -3,   -1,   -3,  -13,  -17,  -36,  -25,   -3,  -53,   -1,   -5,   -2,
      -1,   -5,   -3,  -13,  -11,   -2,   -2,   -2,   -2,   -2,   -2,   -2,   -2,   -2,   -2,   -2,
      -2,   -2,   -2,   -2,   -3,   -2,   -2,  -13,   -2,   -2,   -2,   -2,   -2,   -2,   -2,   -2,
      -2,   -3,  -13,   -2,   -2,  -15,   -3,   -3,   -2,  -13,   -6,   -3,   -1,   -3,  -13,  -17,
     -36,  -25,   -3,  -53,   -1,   -5,   -2,   -1,   -5,   -3,  -13,  -11,   -2,   -2,   -2,   -2,
      -2,   -2,   -2,   -2,   -2,   -2,   -2,   -2,   -2,   -2,   -2,   -3,   -2,   -2,  -13,   -2,
      -2,   -2,   -2,   -2,   -2,   -2,   -2,   -2,   -3,  -13,   -3,   -2,  -15,   -4,   -3,   -2,
     -13,   -6,   -3,   -1,   -3,  -13,  -17,  -36,  -25,   -3,  -53,   -1,   -5,   -2,   -1,   -5,
      -3,  -13,  -11,   -2,   -2,   -2,   -2,   -2,   -2,   -2,   -2,   -2,   -2,   -2,   -2,   -2,
      -2,   -2,   -3,   -2,   -2,  -13,   -2,   -2,   -2,   -2,   -2,   -2,   -2,   -2,   -2,   -3,
     -13,   -2,   -2,  -15,    2,   31,   48,   56,   35,   -1,  -12,   -1,   45,   59,   -1,   66,
      -1,   -1,    1,   57,   15,   22,   57,   56,    1,    5,    9,    7,    4,    6,   55,  -14,
      16,   -1,    1,   -1,   -1,   -1,   -1,   -1,   -1,   -1,   -1,   15,   15,   15,   15,   -1,
      -1,   -1,   -1,   -1,    5,    5,   57,   -1,   -1,   -1,   -1,   -1,   -1,   -1,   57,   15,
      15,   15,   15,   15,   22,   57,   -1,   -1,    1,    1,    5,    9,   -1,   -1,   -1,   -1,
      15,   15,   -1,    5,   -1,   -1,   -1,   -1,   -1,   -1,   -1,   -1,   -1,   -1,   15,   -1,
      -1,    6,  -12,   23,   34,   -1,   -1,  -14,   -1,  -10,  -11,   -1,   -5,   -7,  -10,   -7,
      -5,   -8,   -7,   -4,   -2,   -7,   -6,  -10,  -14,   -3,  -11,   -6,   -2,   -5,   -4,   -4,
      -4,   -4,   -4,   -4,   -4,   -4,   -4,   -4,   -4,   -4,   -4,   10,   -2,   -4,   -4,   -7,
      -4,   -4,   14,   -4,    1,   -4,   -4,   -3,   -4,   -4,   -4,  -10,  -11,  -11,  -14,  -11,
      -7,  -31,   -4,  -12,  -16,   -1,   -6,   -5,   -7,  -27,  -17,  -40,  -24,   -5,  -57,   -6,
     -21,   -9,   -7,   -8,  -13,   -1,   -2,   -6,  -27,   -1,   -1,  -13,  -13,  -11,  -21,  -10,
      -7,    1,  -16,   -3,    1,    1,   -2,   -3,   -5,   -3,   -4,   -3,   -5,   -5,  -12,  -11,
     -23,  -14,   -5,  -40,   -2,   -2,   14,   -5,   -3,   -7,   -1,    1,    1,   -1,  -15,  -14,
      -3,   -5,   -5,   -5,   -5,   -5,   -3,   -3,   -3,   -7,   -3,   -3,   -3,   -3,   -3,   -5,
      -5,   -3,   -3,   -3,   -3,   -3,   -5,   -7,   -3,   -3,   -1,   -1,  -12,    1,   -5,   -5,
      -3,   -3,   -3,   -5,   -5,   -5,   -5,   -5,   -5,   -3,   -3,   -3,   -3,   -3,   -3,  -16,
       1,    1,    1,   -2,   -5,    3,    5,   -1,   -6,  -10,   -3,   -5,   -6,   -6,   -2,   -3,
      -8,    4,    7,    1,    1,   -5,   -4,   -6,    2,  -13,  -10,   -6,   -5,    1,    1,    1,
      -6,    9,   -6,  -10,  -10,    1,  -11,   -2,    3,   -1,   -1,  -10,   -1,   -5,   -6,   -6,
      -2,   -3,   -8,    3,   -5,   -4,   -6,  -13,    2,  -10,   -6,   -5,   -6,    9,   -6,  -10,
      -9,  -11,   -2,    5,   -1,    1,   -6,  -10,   -4,   -5,   -6,   -6,   -2,   -3,   -8,    4,
       3,    1,    1,    1,   -5,   -4,   -6,    3,  -13,  -10,   -6,   -5,    1,    1,    1,   -6,
       9,   -6,  -10,  -10,    1,  -11,   -2,   14,   -1,    7,    4,   18,   -7,   21,   24,    5,
     -11,   -4,  -10,  -31,    2,   -9,   -4,  -13,   -3,   -7,   -1,   -4,   -4,   -4,   -1,  -34,
       3,   -5,   -8,   -1,   -8,   -7,   -9,   -4,  -16,  -10,   -3,   -1,   -5,   -3,  -11,  -10,
     -44,  -32,   -7,  -47,   -3,   -3,  -25,  -10,  -29,   -3,  -65,   -4,   -4,   -4,   -4,   -4,
     -16,  -16,  -16,  -15,  -16,  -16,  -16,  -16,  -32,  -10,  -10,   -4,   -4,  -16,  -16,  -16,
     -16,  -16,   -3,   -3,   -1,   -3,   -3,  -16,  -16,   -3,   -3,  -11,  -16,  -22,  -10,   -3,
      -7,   -4,  -16,  -16,   33,  -16,  -10,   -4,   -7,   -4,   -4,   -4,   -4,  -16,  -16,  -32,
     -16,  -16,  -16,  -47,  -31,   -9,   -2,   -3,  -13,   -1,   -7,   -6,  -30,    1,   -6,   -9,
     -11,  -15,  -33,  -17,  -44,   -5,   -6,  -11,  -14,  -12,  -10,   -7,   -5,   -7,   -5,   -1,
      -9,   -3,  -22,   -3,  -29,   -3,   -1,   -9,   -6,   -6,   -6,   -6,   -6,  -11,  -11,  -11,
     -17,  -11,  -11,  -11,  -11,  -27,   -5,   -5,   -6,   -6,  -11,  -11,  -11,  -11,  -11,  -12,
     -12,  -11,  -11,  -11,  -10,  -10,   -7,  -11,   -7,   -5,  -12,   -6,   -6,  -11,  -11,  -11,
      -5,   -6,   -6,   -6,   -6,   -6,   -6,  -11,  -11,  -11,  -11,  -11,  -11,   -9,  -30,   -7,
      -5,  -18,   -4,   -8,  -15,  -95,  -47,    6,    6,   -9,   -1,  -30,  -14,    1,    1,  -28,
      -1,  -99,   -9,  -22,  -41,   -4,  -80,   -2,  -25,   -1,   -5,   -5,   -6,   -4,  -31,  -15,
     -32,   -2,   -2,    1,  -35,   -3,   -1,   -1,   -4,   -4,   -5,   -6,  -98,   -6,   -4,   -2,
      -2,   -4,  -32,  -51,  -95,    6,    6,  -51,  -49,    4,   33,   51,   58,   38,  -10,    1,
       1,   46,   61,   68,    2,   58,   17,   24,   58,   58,    1,    1,    3,    9,   12,   10,
       8,    9,    2,   57,    2,  -13,   18,   -8,    2,   17,   17,   17,   17,    9,    9,   58,
       4,   58,   17,   17,   17,   17,   17,   24,   58,    2,    1,   22,    3,    3,    9,    2,
      11,   17,   17,    1,    1,    9,   17,    9,  -10,   24,   36,   -7,  -15,   -1,  -15,  -15,
     -31,  -15,  -13,  -19,  -10,  -14,   -2,  -13,  -14,  -36,  -17,  -41,  -24,  -19,  -65,  -14,
     -32,  -10,  -11,   -9,  -13,  -14,   -1,  -11,   -2,  -12,  -14,  -36,   -1,   -1,  -14,  -33,
     -26,  -22,  -11,  -13,    1,  -11,  -13,  -29,  -31,  -29,  -11,   -2,  -24,  -18,  -31,  -20,
     -18,   -1,  -13,  -14,  -30,  -19,  -30,  -50,   -3,   -1,   -7,   -8,  -11,   -9,   -6,   -6,
      -3,   -6,   -6,   -3,   -7,   -9,  -22,  -29,   -8,   -8,   -8,   -8,   -8,  -11,  -11,  -11,
      -3,   -3,   -3,   -3,   -8,  -11,  -11,  -11,  -11,  -11,   -6,   -8,   -8,  -11,  -11,  -11,
     -11,  -11,   -6,   -6,   -6,  -18,   -3,   -3,   -3,   -3,   -3,   -6,  -17,   -3,  -11,  -11,
      -3,   -7,   -7,  -13,   -6,   -8,   -8,  -11,  -11,   -3,   -3,  -11,   -3,   -3,   -8,   -8,
      -8,   -8,   -8,   -8,  -11,  -11,  -11,  -11,   -3,  -11,  -11,  -31,    4,    4,  -29,  -29,
      -3,    1,  -13,  -11,  -14,  -29,  -31,  -29,  -11,   -2,  -24,  -18,  -31,  -20,  -18,   -1,
     -13,  -14,  -30,  -19,  -30,  -50,   -3,   -1,  -10,   -8,  -11,   -9,   -6,  -12,   -3,  -12,
     -12,   -3,   -7,  -11,  -22,  -29,   -8,   -8,   -8,   -8,   -8,  -11,  -11,  -11,   -3,   -3,
      -3,   -3,   -8,  -11,  -11,  -11,  -11,  -11,  -12,   -8,   -8,  -11,  -11,  -11,  -11,  -11,
      -6,   -6,  -12,  -18,   -3,   -3,   -3,   -3,   -3,  -12,  -17,   -3,  -11,  -11,   -3,   -7,
      -7,  -13,   -6,   -8,   -8,  -11,  -11,   -3,   -3,  -11,   -3,   -3,   -8,   -8,   -8,   -8,
      -8,   -8,  -11,  -11,  -11,  -11,   -3,  -11,  -11,  -31,    4,    4,  -29,  -29,   -3,    1,
     -14,   -9,   -8,   -1,   -1,  -13,   -4,   -9,   -2,   -7,   -9,  -17,  -18,  -40,  -24,   -5,
     -49,   -6,  -24,    1,   -5,   -5,   -3,   -2,   -8,   -6,   -6,   -9,   -2,   -1,   -2,   -2,
      -2,   -5,   -5,   -9,   -5,   -3,   -3,  -17,   -2,   -2,   -2,   -2,   -9,   -4,   -8,   -1,
      -1,  -18,   -1,   -9,  -10,   -8,   -1,   -1,  -14,   -4,   -9,   -2,   -7,   -9,  -17,  -18,
     -40,  -24,   -5,  -49,   -6,  -24,   -2,   -5,   -5,   -3,   -2,   -8,   -6,   -6,   -9,   -2,
      -1,   -2,   -2,   -2,   -5,   -5,   -9,   -5,   -3,   -3,  -17,   -2,   -2,   -2,   -2,   -9,
      -5,   -6,   -1,   -1,  -18,   -1,   -2,   -8,   -6,   -2,   -1,   -1,   -2,   -4,   -1,   -2,
      -1,   -1,   -1,   -1,   -2,   -5,   -2,   -5,   -4,   -2,   -7,   -1,   -4,   -4,   -4,   -4,
      -4,   -1,   -1,   -1,   -1,   -4,   -4,   -2,   -2,   -1,   -1,   -1,   -1,   -1,   -1,   -1,
      -1,   -2,   -2,   -1,   -4,   -4,   -2,   -4,   -4,   14,   -1,   -1,   -1,   -4,   -6,   -4,
      -4,   -4,   -4,    1,   -1,   -5,   -3,  -17,  -10,   -8,   -1,   -1,  -14,   -4,   -9,   -2,
      -7,   -9,  -17,  -18,  -40,  -24,   -5,  -49,   -6,  -24,   -2,   -5,   -5,   -3,   -2,   -8,
      -6,   -6,   -9,   -2,   -1,   -2,   -2,   -2,   -5,   -5,   -9,   -5,   -3,   -3,  -17,   -2,
      -2,   -2,   -2,   -9,   -4,   -6,   -1,   -1,  -18,   -1,    1,    5,    1,    1,    1,  -10,
       1,    1,   -3,   -3,   -1,   -3,   -2,  -14,  -13,  -30,  -18,   -1,  -43,   -3,    4,   -2,
       4,   -3,   -3,   -1,   -1,    2,    1,   -2,    1,    2,  -12,  -11,   -3,   -2,   -2,   -2,
      -2,   -2,   -3,   -3,   -3,   -3,   -3,   -3,   -3,   -3,   -3,   -1,   -2,   -2,   -3,   -3,
      -3,   -3,   -3,   -1,   -3,   -1,   -3,   -3,   -3,  -14,   -2,   -2,   -3,   -3,   -3,   -2,
      -2,   -2,   -2,   -2,   -2,   -3,   -3,   -3,   -3,   -3,   -3,    1,  -10,    1,    2,    1,
       1,   -8,   -7,  -16,  -21,  -90,  -90,  -90,  -21,  -25,  -11,   -9,  -13,  -13,    2,  -11,
     -51,   -5,  -47,   -3,   -2,  -49,  -73,  -85,   -8,  -43,  -16,   -6,   -1,  -16,  -35,  -14,
     -45,  -18,  -21,  -11,  -22,  -11,  -23,  -21,  -82,  -44,  -27,  -69,   -5,   -8,  -45,  -46,
     -46,  -45,  -49,  -72,  -73,  -72,   -9,  -16,  -10,   -9,  -25,  -73,  -73,  -73,  -73,  -73,
     -21,  -21,  -16,  -46,  -46,  -73,  -73,  -73,  -73,  -73,  -43,  -43,  -14,   -9,  -10,  -10,
      -6,  -20,    4,  -16,   -1,  -35,  -73,  -73,  -35,  -39,  -41,  -18,  -19,  -21,  -22,  -21,
     -43,  -38,  -46,  -65,  -73,   26,   -9,  -68,  -26,  -34,  -18,  -49,  -31,  -46,  -47,  -47,
     -47,  -73,  -73,  -49,  -73,   -6,  -61,  -73,  -23,  -90,    1,  -91,  -91,  -15,    1,  -10,
       1,   -1,   -3,   -3,   -1,   -3,   -2,  -14,  -13,  -30,  -18,   -1,  -43,   -3,   -2,   -3,
      -3,   -3,   -3,   -2,  -12,  -11,   -3,   -2,   -2,   -2,   -2,   -2,   -3,   -3,   -3,   -3,
      -3,   -3,   -3,   -3,   -3,   -3,   -2,   -2,   -3,   -3,   -3,   -3,   -3,   -3,   -3,   -3,
      -3,   -3,   -3,  -14,   -2,   -2,   -3,   -3,   -3,   -2,   -2,   -2,   -2,   -2,   -2,   -3,
      -3,   -3,   -3,   -3,   -3,  -21,    1,    1,    1,   -8,   -7,  -27,   -1,   -2,  -14,  -11,
     -18,   -4,  -19,  -14,  -40,  -23,  -48,  -22,   -4,   -3,   -6,  -13,   -6,  -11,   -7,   -2,
      -4,  -19,   -6,  -11,  -13,  -27,  -24,  -12,   -3,   -2,   -7,   -5,   -2,   -4,   -6,  -12,
     -18,  -37,  -22,   -1,  -49,   -1,   -4,   -1,   -1,   -3,   -1,   -1,   -1,   -2,   -5,  -12,
      -1,   -2,  -13,   -3,   -5,  -17,  -17,   -5,  -17,   -3,  -13,   -4,   -3,   -6,  -22,   -4,
      -2,   -3,   -2,   -6,   -2,   -2,   -2,   -2,   -2,   -2,   -2,   -3,   -2,   -2,   -2,   -2,
      -2,   -2,   -2,   -2,  -17,  -17,   -2,   -6,   -6,    1,   -5,  -12,    1,    1,   -6,   -6,
     -21,    5,   21,  -19,   25,    3,  -32,  -23,  -32,  -19,  -19,   15,  -22,    1,   -3,  -19,
       1,    1,   11,    6,   24,   20,    5,   23,    3,   30,  -21,   33,  -15,  -15,   -9,  -13,
      24,   47,   23,  -15,  -14,  -18,  -13,  -12,  -14,  -14,  -16,  -16,  -18,   33,   -9,  -28,
     -31,   -3,   -9,  -33,  -21,  -21,  -21,  -21,  -15,  -15,  -15,  -31,  -15,  -15,  -15,  -15,
     -12,  -12,   24,  -21,  -21,  -15,  -15,  -15,  -15,  -15,  -13,  -13,   24,    1,   24,  -15,
     -15,  -15,  -15,  -18,  -18,  -13,   11,  -13,  -12,  -18,  -18,  -13,  -21,  -21,  -15,  -15,
     -15,  -15,  -15,  -12,  -21,  -21,  -21,  -21,  -21,  -21,  -15,  -15,  -15,  -15,    6,   42,
     -15,  -16,  -23,    4,  -32,  -32,    2,    2,    1,    2,  -14,   14,    1,    1,    1,    2,
       1,    1,    2,    1,    1,  -16,    4,    1,    1,    1,    1,    1,    1,    2,  -14,   10,
       5,   -1,  -10,  -10,   -7,   -5,   -6,   -6,   -2,   -3,   -8,   -5,   -4,   -6,  -13,  -10,
      -6,   -5,   -6,    9,   -6,  -10,  -13,   -2,  -11,   -2,    3,   -1,   -3,  -10,   -6,   -5,
      -6,   -6,   -2,   -3,   -8,   -5,   -4,   -6,  -13,    4,  -10,   -6,   -5,   -6,    9,   -6,
     -10,  -11,   -2,  -13,  -11,  -14,  -29,  -31,  -29,  -11,   -2,  -24,  -18,  -31,  -20,  -18,
      -1,  -13,  -14,  -30,  -19,  -30,  -50,   -3,   -1,  -11,   -8,  -11,   -9,   -6,   -6,   -3,
      -6,   -6,   -3,   -7,  -11,  -22,  -29,   -8,   -8,   -8,   -8,   -8,  -11,  -11,  -11,   -3,
      -3,   -3,   -3,   -8,  -11,  -11,  -11,  -11,  -11,   -6,   -8,   -8,  -11,  -11,  -11,  -11,
     -11,   -6,   -6,   -6,  -18,   -3,   -3,   -3,   -3,   -3,   -6,  -17,   -3,  -11,  -11,   -3,
      -7,   -7,  -13,   -6,   -8,   -8,  -11,  -11,   -3,   -3,  -11,   -3,   -3,   -8,   -8,   -8,
      -8,   -8,   -8,  -11,  -11,  -11,  -11,   -3,  -11,  -11,  -31,    8,    4,  -29,  -29,   -3,
       1,   27,  -27,  -11,  -16,  -11,  -11,  -11,  -11,  -21,  -32,  -27,  -11,   11,  -11,  -13,
     -37,  -13,  -19,  -21,  -11,  -16,  -21,  -21,   -5,   -5,  -16,   -5,  -11,  -16,  -21,  -11,
       5,  -21,  -11,  -16,  -11,  -11,  -11,   -5,  -32,  -11,  -16,  -11,  -11,  -11,  -11,  -16,
     -11,  -21,   -5,   -5,  -11,  -11,   -5,   -5,  -11,  -11,  -27,   -5,  -21,  -11,  -48,  -64,
     -53,  -16,  -16,  -27,  -21,   -5,  -53,  -32,  -16,  -11,  -27,  -11,  -27,   27,  -16,   -5,
     -11,  -16,  -27,  -11,  -37,  -11,   27,  -16,  -19,  -32,   -5,  -16,  -11,  -16,  -11,  -21,
     -27,  -32,  -27,   -5,   -5,   -5,   -5,   -8,   -5,   48,   16,   21,   -5,  -13,   16,   16,
      -5,   16,  -11,   37,  -11,   -5,  -21,  -11,   -5,  -11,   -5,   -5,   -8,   -5,   -5,   -5,
      -5,   -5,  -11,  -32,  -11,  -27,  -32,  -11,   -5,  -13,  -27,   -5,  -21,   -5,  -32,   -5,
     -19,   -5,  -13,  -16,  -19,  -16,  -21,  -16,   -5,  -13,   -8,   -8,   -5,  -11,  -21,  -21,
     -11,   -5,   -5,  -32,  -21,   -5,  -16,  -11,   -5,  -11,   -5,  -16,   -5,   -5,  -16,   -5,
      -5,   -5,  -11,   -5,   -5,  -11,  -16,  -16,   -5,  -21,   -5,  -16,  -11,  -16,   53,   11,
      16,   -8,   11,   13,   -8,  -16,   32,  -21,  -21,   -5,  -11,  -11,   -5,  -11,   -5,  -16,
      -5,   -5,   -5,   -8,   -5,   -8,   -5,  -11,  -11,  -11,   -5,  -11,   -5,  -16,   -3,  -11,
      -5,   -5,  -11,  -11,  -16,   -5,   -5,  -27,  -16,  -27,  -16,  -32,  -11,   -5,   -5,   -5,
     -37,  -11,  -11,  -32,  -24,  -21,  -11,  -11,  -16,  -11,  -21,   43,  -16,  -27,   11,  -11,
     -16,   -5,  -11,   11,   16,    5,   16,   11,  -21,   21,  -16,  -27,  -11,  -21,  -21,  -11,
     -16,  -11,  -16,  -11,  -27,  -16,  -16,  -11,  -11,  -11,   -5,   -5,   11,  -11,  -21,  -37,
     -27,  -19,  -37,  -32,  -11,  -11,  -21,  -21,  -27,  -11,  -11,  -27,  -21,  -27,  -37,  -27,
     -43,  -21,  -16,   -5,  -21,   -5,  -16,  -11,   11,  -32,  -21,  -27,  -11,  -11,  -27,   11,
     -11,  -16,   11,  -11,  -16,  -21,  -11,  -11,  -16,  -11,  -27,  -11,  -27,  -11,   -5,   -5,
     -32,  -27,  -27,  -21,   11,  -11,  -16,  -21,  -21,  -21,   -5,   -5,  -11,   -5,   -5,  -11,
      -5,  -34,    3,  -23,  -11,  -18,   -7,    1,  -34,  -18,  -51,  -26,   -2,  -50,  -32,    7,
       4,  -15,  -12,   -3,  -17,    7,  -10,  -13,  -14,  -11,  -11,   -7,  -34,  -17,  -11,  -23,
     -39,  -32,  -21,  -30,    3,  -23,  -11,  -16,   -7,    1,  -34,  -18,  -51,  -26,   -2,  -50,
     -32,    6,    3,    1,    1,    4,  -15,  -12,   -3,  -17,    5,  -10,  -13,  -14,  -11,  -11,
      -7,    1,    1,    1,  -34,  -17,  -11,  -42,  -37,  -32,  -21,    2,   -7,    7,  -11,  -10,
      -1,   -6,   -5,   -7,  -27,  -17,  -40,  -24,   -5,  -57,   -6,  -21,   17,    5,    2,    2,
       2,   -9,   -7,   -8,  -13,   -1,   17,   -2,    2,    2,   -6,    2,  -27,   -1,   -1,  -13,
     -26,  -15,  -21,  -10,    1,   -3,    7,  -10,   -9,   -1,   -6,   -5,   -7,  -27,  -17,  -40,
     -24,   -5,  -57,   -6,  -21,   14,   13,    6,    6,    6,   -9,   -7,   -8,  -13,   -1,   10,
      -2,    6,    6,   -6,    6,  -27,   -1,   -1,  -13,  -22,  -13,  -21,  -10,   -1,  -10,  -10,
      -7,   -5,   -6,   -6,   -2,   -3,   -8,   -5,   -4,   -6,  -13,  -10,   -6,   -5,   -6,    9,
      -6,  -10,  -14,   -3,  -11,   -2,  -29,  -10,  -13,  -18,  -10,  -14,   -2,  -13,  -14,  -36,
     -17,  -41,  -24,  -19,  -65,  -14,  -32,   -3,    1,  -11,   -9,  -13,  -14,   -1,   -4,   -2,
     -12,  -14,  -36,   -1,   -1,  -14,  -17,  -27,  -22,  -11,  -26,  -10,  -13,  -16,  -10,  -14,
      -2,  -13,  -14,  -36,  -17,  -41,  -24,  -19,  -65,  -14,  -32,   -4,    1,    1,    1,    1,
     -11,   -9,  -13,  -14,   -1,   -6,   -2,  -12,    1,    1,  -14,    1,  -36,   -1,   -1,  -14,
     -17,  -23,  -22,  -11,  -21,    5,   21,  -19,   25,    3,  -32,  -23,  -32,  -19,  -19,   15,
     -22,    1,   -3,  -19,    1,    1,   11,    6,   24,   20,    5,   23,    3,   30,  -21,   33,
     -15,  -15,   -9,  -13,   24,   47,   23,  -15,  -14,  -18,  -13,  -12,  -14,  -14,  -16,  -16,
     -18,   33,   -9,  -28,  -31,   -3,   -9,  -33,  -21,  -21,  -21,  -21,  -15,  -15,  -15,  -31,
     -15,  -15,  -15,  -15,  -12,  -12,   24,  -21,  -21,  -15,  -15,  -15,  -15,  -15,  -13,  -13,
      24,   28,    8,   24,  -15,  -15,  -15,  -15,  -18,  -18,  -13,   11,  -13,  -12,  -18,  -18,
     -13,  -21,  -21,  -15,  -15,  -15,  -15,  -15,  -12,  -21,  -21,  -21,  -21,  -21,  -21,  -15,
     -15,  -15,  -15,    6,   42,  -15,  -16,  -23,    4,  -32,  -32,    2,    2,    1,    2,  -14,
      14,    1,    1,    1,    2,    1,    1,    2,    1,    1,  -16,    4,    1,    1,   25,    1,
       1,    1,    1,    2,  -14,   10,    5,  -13,  -15,  -14,  -67,  -20,  -34,  -14,   -2,  -30,
     -21,   -3,  -32,  -22,  -21,   -3,  -12,  -15,  -26,  -17,  -40,  -42,   -3,   -4,   -9,   -2,
     -14,  -17,   -7,  -10,  -10,  -10,   -8,   -4,  -11,  -23,  -20,   -3,   -3,   -9,   -9,   -9,
      -9,   -9,  -14,  -14,  -14,  -15,  -14,  -14,  -14,  -14,  -14,  -10,   -9,   -9,  -14,  -14,
     -14,  -14,  -14,   -7,   -7,  -10,  -21,  -10,  -17,  -14,  -14,   -8,   -8,  -12,   -4,   -4,
      -7,   -9,   -9,  -14,  -14,  -14,   -9,   -9,   -9,   -9,   -9,   -9,  -14,  -14,  -14,  -14,
     -14,  -14,  -20,    1,  -67,  -67,   -2,   -6,    1,  -49,  -33,  -41,  -27,  -15,  -13,   -2,
     -21,  -13,  -12,  -12,  -21,  -17,  -29,  -16,  -17,  -45,  -15,  -38,  -27,  -32,  -52,  -18,
     -29,   -7,  -14,  -10,  -13,  -11,  -10,  -10,  -13,  -11,  -10,  -10,  -21,  -17,  -28,  -23,
      -7,  -25,  -21,  -28,  -14,   -7,   -7,   -7,   -7,   -7,  -13,  -13,  -13,  -13,  -10,  -10,
     -10,   -7,   -7,  -10,  -17,  -13,  -13,  -13,  -13,  -13,  -11,  -10,  -13,  -13,  -10,  -90,
     -21,  -10,   -7,   -7,   -7,   -7,  -13,  -13,  -13,  -13,  -10,   -7,   -7,   -7,   -7,   -7,
      -7,  -13,  -23,  -50,  -46,  -47,  -21,  -11,   -5,   -5,  -11,  -21,  -16,  -18, -128,  -52,
     -71,  -21,  -13,   -9,   -2,   -2,  -39,  -40,    1,   11,    5,    2,    9,    1,  -15,   11,
     -21,  -26,   -2,  -15,    1,    1,    1,   -3,   -3,  -13,   -2,    1,   -2,  -12,   -4,  -37,
     -10,  -53,  -53,   -2,  -25,  -29,  -31,  -29,  -15,  -38,  -41,  -41,   27,    4,   24,  -13,
     -41,  -21,  -21,  -21,  -21,   15,  -15,  -29,  -21,  -21,  -21,  -21,  -41,  -29,  -29,    2,
      15,   13,   14,   13,    1,   -3,  -21,  -21,   -7,  -21,  -21,   -2,   -3,   -2,   -2,  -28,
      -6,  -29,  -19,  -21,   63,   10,  -31,   18,   -3,  -15,   -4,  -29,  -15,  -15,  -29,  -21,
     -21,  -17,  -21,  -29,  -21,    1,  -52, -128,  -71,  -16,  -17,  -10, -128,  -60,  -73,    2,
     -28,  -14,  -14,   -9,   -9,  -41,   -2,  -40,    1,   10,    4,    1,    8,  -24,   10,  -29,
     -34,   -3,  -23,    2,    2,    2,  -14,  -12,  -21,   -3,   -3,   -1,   -2,   -3,   -2,   -5,
     -11,  -15,  -45,  -19,  -55,  -55,   -2,   -3,  -43,  -45,  -45,  -42,  -24,  -54,  -58,  -55,
      23,   22,   28,  -17,  -57,  -58,  -29,  -58,  -29,   -3,   -3,   15,  -45,  -45,  -58,  -58,
     -58,  -58,  -58,  -44,  -44,    5,   20,   15,   11,   31,    2,   -1,  -14,  -29,  -29,  -26,
     -37,  -37,   -3,   -3,   -3,   -5,   -5,  -45,  -20,  -45,  -33,  -58,   54,   16,  -45,   -1,
     -26,   -3,  -24,  -22,  -45,  -45,  -45,  -45,  -29,  -58,  -34,  -58,  -46,  -29,   -2,  -60,
    -128,  -73,  -28,  -62,   -9,   -4,  -71,  -14,  -11,   -1,    4,    9,   -2,  -29,  -14,  -26,
     -15,  -45,  -24,  -48,  -35,  -48,  -43,   -1,  -11,  -11,  -12,  -12,  -36,  -27,  -38,  -12,
      -2,  -14,  -15,  -67,   -7,    1,  -15,   -1,  -12,  -12,  -11,  -12,  -90,  -12,  -12,  -12,
     -38,  -14,  -71,  -70,  -65,   -8,   -2,  -15,  -19,   -3,   -7,  -25,   -3,   -6,   -4,   -1,
      -6,   -4,  -15,   -4,   -4,   -6,  -16,  -18,  -11,    4,  -65,  -54,  -65,  -27,  -15,  -14,
      -9,   -9,    9,  -12,    5,  -14,  -42,  -17,  -49,  -54,  -65,  -65,    1,    1,    1,    1,
       1,    1,    1,    1,  -11,   -1,   -2,   -3,  -14,  -10,   16,   33,  127,   55,   54,  -20,
     -31,  -20,   60,  -10,   43,    1,   -7,   34,   42,    7,   43,   53,   71,   67,   53,   70,
      35,   57,   61,   -7,   -9,  -11,    1,   -5,   -3,   20,   55,   -3,   -3,   -4,    3,   40,
      55,    2,   33,  -24,   47,   39,   39,  -29,   52,   31,    1,    1,    2,  -11,   -6,    6,
     -10,   -5,  -17,   -3,   65,   39,   70,  -10,   -8,  -18,  -16,  -12,   -9,    7,    2,   -3,
      -5,  -17,   -9,  -12,   -7,   -9,   -9,    1,   49,   43,   59,   60,   61,   20,   76,   -3,
     -14,  -15,  -10,   15,   -2,    8,    3,   43,    3,    5,    8,   41,   -7,   31,  -15,  105,
      51,   19,   63,   10,   30,   -9,   41,   -2,  -13,   -8,   -2,  -16,  -13,   32,   -9,   27,
      20,  -11,    5,  -31,  110,  118,  -20,  -20,   66,   62,   -9,   31,    4,   -1,  -10,  -10,
      -7,   -5,   -6,   -6,   -2,   -3,   -8,   -5,   -4,   -6,  -13,  -10,   -6,   -5,   -6,   -6,
     -10,   -7,   -2,  -11,   -2,
};

static const EpdLigaturePair libron_16_regularLigaturePairs[] = {
    { 0x00660066, 0xFB00 }, // f f -> U+FB00
    { 0x00660069, 0xFB01 }, // f i -> U+FB01
    { 0x0066006C, 0xFB02 }, // f l -> U+FB02
    { 0xFB000069, 0xFB03 }, // U+FB00 i -> U+FB03
    { 0xFB00006C, 0xFB04 }, // U+FB00 l -> U+FB04
};

static const EpdFontData libron_16_regular = {
    libron_16_regularBitmaps,
    libron_16_regularGlyphs,
    libron_16_regularIntervals,
    23,
    33,
    27,
    -7,
    true,
    libron_16_regularGroups,
    13,
    nullptr,
    nullptr,  // kernLeftClasses: built-in fonts use the split arrays below
    nullptr,  // kernRightClasses
    libron_16_regularKernLeftCodepoints,
    libron_16_regularKernLeftClassIds,
    libron_16_regularKernRightCodepoints,
    libron_16_regularKernRightClassIds,
    nullptr,  // kernMatrix: built-in fonts use the sparse form below
    libron_16_regularKernRowOffsets,
    libron_16_regularKernSparseCols,
    libron_16_regularKernSparseValues,
    654,
    643,
    213,
    219,
    libron_16_regularLigaturePairs,
    5,
};
