/**
 * generated by fontconvert.py
 * name: libron_14_regular
 * size: 14
 * mode: 2-bit  compressed: true
 * Command used: fontconvert.py libron_14_regular 14 ../builtinFonts/source/Libron/Libron-Regular.ttf ../builtinFonts/source/NotoSans/NotoSans-Regular.ttf --2bit --compress --pnum --zopfli
 */
#pragma once
#include "EpdFontData.h"

static const uint8_t libron_14_regularBitmaps[30184] = {
    0xA5, 0x98, 0x31, 0x90, 0x25, 0xB9, 0x59, 0xC7, 0x7F, 0x2D, 0x99, 0xE9, 0x2A, 0x77, 0xD9, 0xBA,
    0xC0, 0x01, 0xAE, 0xB5, 0xDD, 0x0E, 0x08, 0x28, 0xEA, 0xEE, 0x44, 0x40, 0x70, 0x50, 0xF3, 0x9E,
    0x74, 0xE5, 0x80, 0x80, 0xC0, 0x97, 0x47, 0x17, 0x93, 0x8C, 0x03, 0x07, 0x4B, 0x31, 0xF3, 0x5A,
    0x90, 0x38, 0x20, 0xE0, 0xF2, 0x00, 0xC8, 0x21, 0xB8, 0xE0, 0x82, 0x0D, 0x66, 0xA6, 0x55, 0x5C,
    0x15, 0xC9, 0x05, 0x6E, 0x70, 0xE0, 0xD0, 0x6D, 0xD8, 0xC2, 0x55, 0x26, 0x40, 0x98, 0xAE, 0xBA,
    0x1E, 0x5F, 0x77, 0x7F, 0x48, 0x6F, 0x66, 0x1F, 0xBB, 0xB7, 0x77, 0xE7, 0xB5, 0xDD, 0xAD, 0xFF,
    0xEF, 0xD3, 0xEA, 0x93, 0xF4, 0xED, 0x27, 0xBD, 0xA7, 0xD7, 0x3D, 0x1D, 0xCF, 0x6E, 0xC7, 0xFE,
    0xE1, 0xDE, 0xF1, 0x46, 0xBE, 0x5F, 0x07, 0x00, 0xF6, 0x88, 0x17, 0xBF, 0xA7, 0xB3, 0xE1, 0xD0,
    0x86, 0x7D, 0xEB, 0x73, 0xD9, 0x99, 0x5C, 0xC8, 0xE5, 0xDC, 0x40, 0x15, 0xFF, 0x08, 0x54, 0xFC,
    0x1E, 0xE8, 0xF0, 0x7E, 0x86, 0xFF, 0x07, 0xA8, 0x19, 0x0B, 0x06, 0x68, 0xAA, 0x88, 0x11, 0x91,
    0x70, 0x04, 0x5F, 0xD1, 0x01, 0xBE, 0xA1, 0x3D, 0xBC, 0x5E, 0x03, 0x6F, 0x35, 0xE0, 0x44, 0xB6,
    0x7B, 0xF0, 0xBD, 0xAF, 0x00, 0xEF, 0x7F, 0x03, 0x18, 0x4B, 0xF8, 0xE1, 0xAD, 0xD3, 0xEC, 0x7F,
    0x48, 0xF6, 0x8E, 0xF7, 0xEA, 0x57, 0x6A, 0x91, 0xD8, 0x0E, 0x76, 0x70, 0xD4, 0x71, 0x47, 0xC5,
    0x15, 0x70, 0x00, 0x9C, 0x07, 0x3B, 0x83, 0x91, 0x91, 0x4A, 0x36, 0x68, 0x24, 0x80, 0x8D, 0x60,
    0x06, 0xA8, 0x8F, 0x7A, 0x2D, 0xEB, 0x1A, 0x13, 0xC5, 0x77, 0xBE, 0x93, 0x95, 0x47, 0x52, 0xE6,
    0x7D, 0x4E, 0xC0, 0x44, 0x3D, 0x53, 0x8D, 0x58, 0x41, 0x47, 0xAE, 0x4C, 0x6C, 0x3C, 0x4F, 0xEA,
    0xF8, 0x2D, 0x98, 0xF4, 0x70, 0x7E, 0xE4, 0x07, 0x85, 0xFF, 0x9A, 0xE0, 0x89, 0xFE, 0x30, 0x92,
    0xFB, 0x7C, 0x54, 0x22, 0x89, 0xA9, 0xEF, 0xA8, 0xE7, 0x9D, 0x15, 0x0F, 0x8F, 0xF7, 0x4D, 0x84,
    0x74, 0xAD, 0x07, 0xD4, 0xF0, 0x44, 0x8F, 0xD4, 0x61, 0xCE, 0x34, 0x94, 0xFA, 0x1B, 0x94, 0xF6,
    0x4B, 0x4A, 0x9F, 0x44, 0xEE, 0xAF, 0x46, 0xF2, 0x58, 0xDA, 0x15, 0x40, 0x24, 0x80, 0x9A, 0x9B,
    0x01, 0x74, 0xD2, 0x23, 0x27, 0xD6, 0x43, 0x69, 0x37, 0x11, 0xD8, 0x3A, 0x80, 0x7E, 0x6E, 0x05,
    0xBA, 0xA1, 0xD9, 0x50, 0x92, 0xAA, 0x84, 0xF9, 0x70, 0x51, 0x23, 0x96, 0x4D, 0x47, 0x1C, 0xDD,
    0x0F, 0x02, 0x7B, 0xDA, 0xFF, 0xF2, 0x74, 0x34, 0x1B, 0x38, 0xD4, 0x9A, 0xE9, 0x11, 0xB0, 0x63,
    0x2D, 0xC7, 0xDD, 0xF9, 0xEE, 0x46, 0xD5, 0x4F, 0xB5, 0xD0, 0x1D, 0xF6, 0xFB, 0xDD, 0x6E, 0x77,
    0x0E, 0x7C, 0x83, 0x4B, 0x72, 0xCC, 0x26, 0x1A, 0x6F, 0x71, 0x1C, 0xB8, 0xE2, 0xE6, 0x74, 0x1F,
    0xD8, 0x63, 0x69, 0xBD, 0x89, 0x7A, 0xA8, 0x12, 0x4F, 0x78, 0x83, 0x2F, 0xC1, 0x5B, 0xBC, 0x89,
    0xF1, 0x3A, 0xAA, 0xC4, 0xC4, 0xC2, 0xD5, 0xB1, 0x9B, 0x3B, 0xDD, 0x7B, 0xAE, 0xB8, 0x66, 0xAE,
    0x92, 0x1E, 0x9A, 0xD0, 0x72, 0x0E, 0x70, 0x0C, 0xC4, 0xEB, 0x9C, 0x9F, 0xD3, 0xCE, 0xD4, 0x92,
    0x94, 0x8C, 0xCD, 0x42, 0xFB, 0x3A, 0xBF, 0xFB, 0x4D, 0xF8, 0x2A, 0x00, 0xDF, 0x7A, 0x59, 0x4E,
    0xC4, 0x17, 0x7D, 0x96, 0xAF, 0x89, 0xED, 0xD8, 0xA6, 0x3A, 0xA9, 0x51, 0xC7, 0x3A, 0x18, 0xDE,
    0xE2, 0x35, 0x9C, 0x38, 0xB1, 0x74, 0xA1, 0x8B, 0x5D, 0xB0, 0xC0, 0x25, 0x3C, 0x81, 0x09, 0x95,
    0x28, 0xDB, 0x12, 0x69, 0x22, 0xC6, 0xD3, 0xC2, 0x1E, 0xCE, 0xE1, 0x1A, 0x26, 0xAA, 0x84, 0x1A,
    0xD1, 0x43, 0xF1, 0x9B, 0x80, 0x01, 0x0B, 0x3B, 0xA0, 0xBD, 0x03, 0x44, 0x22, 0x7A, 0x6A, 0x12,
    0xCD, 0xA0, 0x66, 0xDA, 0xC0, 0x82, 0xF5, 0xDC, 0xE0, 0xE0, 0x50, 0xD0, 0x15, 0x38, 0x3A, 0x35,
    0x64, 0xE8, 0xF4, 0x50, 0x73, 0x70, 0x02, 0x87, 0xFB, 0x11, 0x6D, 0x64, 0xC1, 0x0C, 0x6A, 0x42,
    0xCF, 0x4D, 0xA2, 0x12, 0x09, 0x0F, 0x31, 0xDA, 0x50, 0x49, 0x68, 0x24, 0x38, 0x09, 0x7F, 0xDC,
    0x06, 0x5E, 0xB9, 0x9C, 0xC9, 0x9D, 0x11, 0xE1, 0xE2, 0x29, 0x5A, 0x36, 0x72, 0xD5, 0x5B, 0xDF,
    0xC7, 0x1D, 0x36, 0x3E, 0xC6, 0xC4, 0xF7, 0xB3, 0xDE, 0xCD, 0xA2, 0x74, 0xC6, 0x01, 0x37, 0x50,
    0xCD, 0xA0, 0x47, 0x30, 0x01, 0xF6, 0xC0, 0x0C, 0x6A, 0x84, 0xC6, 0x83, 0x15, 0x49, 0xDD, 0x83,
    0xE8, 0x9E, 0x52, 0x97, 0x39, 0x43, 0xCF, 0x0E, 0x1B, 0xDE, 0xA2, 0x0D, 0xDF, 0xA6, 0xF5, 0xF0,
    0xB0, 0xAC, 0x67, 0x23, 0xB8, 0x35, 0xEB, 0x98, 0x44, 0x84, 0x66, 0x84, 0xFA, 0xA4, 0xD7, 0x68,
    0xE2, 0x25, 0x6D, 0xE8, 0x7D, 0x4F, 0x27, 0x33, 0x8F, 0xC4, 0x03, 0x5D, 0x00, 0x24, 0x43, 0x15,
    0xE8, 0x02, 0xF3, 0xF7, 0x19, 0x6D, 0x9B, 0xB1, 0x2B, 0x78, 0x92, 0x51, 0xA5, 0x0C, 0x3D, 0x64,
    0x34, 0x31, 0xC3, 0x90, 0xB1, 0x2B, 0xE8, 0x44, 0xC4, 0x1F, 0x01, 0x6D, 0xE0, 0xD3, 0x50, 0x32,
    0x43, 0x23, 0x1B, 0x38, 0x99, 0xE8, 0x24, 0xD1, 0x67, 0x25, 0x28, 0xAA, 0x06, 0x50, 0x11, 0xF4,
    0x2F, 0x3D, 0x5A, 0x66, 0x6A, 0x11, 0x38, 0x93, 0x08, 0xED, 0x00, 0xF5, 0x08, 0xFA, 0x39, 0xD5,
    0x71, 0x8F, 0x29, 0x9F, 0x22, 0x9C, 0xCC, 0x34, 0x12, 0x00, 0x75, 0x9F, 0x40, 0xBD, 0x79, 0xEC,
    0x00, 0x2B, 0xE8, 0x04, 0xCD, 0x00, 0x26, 0x80, 0xF5, 0xE0, 0xEA, 0x15, 0xE7, 0x24, 0x1E, 0xC6,
    0x76, 0xEC, 0x82, 0x4E, 0x1D, 0x7A, 0x3A, 0xA0, 0xA6, 0x2E, 0xCB, 0xA1, 0x92, 0xF3, 0x3A, 0xB5,
    0xB1, 0x1E, 0xCD, 0xD8, 0x46, 0x2D, 0x42, 0xD9, 0x38, 0x11, 0x49, 0xCF, 0x34, 0xA3, 0xD2, 0x84,
    0x1E, 0x13, 0x4D, 0x1C, 0xEF, 0x37, 0xCE, 0x83, 0x03, 0x0E, 0xC0, 0x02, 0x55, 0x96, 0x9A, 0x1E,
    0x02, 0x8F, 0xDC, 0x77, 0xC9, 0x72, 0x1E, 0x3A, 0x60, 0x03, 0x16, 0xE0, 0xE2, 0x0E, 0x25, 0x12,
    0x9A, 0xB1, 0x1D, 0x4C, 0xD0, 0xC9, 0xA2, 0xEE, 0xE5, 0x75, 0x6E, 0xA9, 0xA3, 0x59, 0x2D, 0xB5,
    0x2C, 0x20, 0x12, 0xD4, 0xCF, 0x64, 0x6C, 0xBD, 0x4D, 0x7B, 0xF4, 0x74, 0x45, 0x35, 0x17, 0x1D,
    0xA8, 0x26, 0x47, 0x1E, 0x37, 0xB4, 0x63, 0x23, 0x12, 0xAA, 0x7E, 0x86, 0x7E, 0xA4, 0x91, 0x15,
    0x1B, 0x3A, 0xBF, 0xC7, 0xC4, 0x1B, 0x9A, 0x61, 0xA1, 0x1E, 0x17, 0x74, 0x5A, 0xB3, 0x6E, 0x69,
    0x92, 0x0B, 0x7F, 0x99, 0x5A, 0xF9, 0x59, 0x52, 0x5B, 0x3D, 0x3E, 0xAC, 0x4C, 0x04, 0xEB, 0xE1,
    0x00, 0xD5, 0x02, 0xCD, 0x08, 0xBD, 0xA7, 0x99, 0xE0, 0xCB, 0x1E, 0x5A, 0xEF, 0xA2, 0x8B, 0xAD,
    0xE7, 0xF9, 0xEB, 0xD4, 0x6A, 0x8A, 0x1D, 0x5C, 0x34, 0xFE, 0x05, 0x6F, 0x70, 0xD1, 0x0E, 0xCD,
    0x70, 0xFF, 0x9D, 0x7F, 0x83, 0xEF, 0x9F, 0x3C, 0x2A, 0x80, 0x0D, 0x28, 0xF1, 0xD8, 0x89, 0xB3,
    0x0D, 0xBA, 0x11, 0x6E, 0x81, 0x3E, 0x40, 0x3B, 0x43, 0x75, 0xFA, 0xC2, 0x95, 0x96, 0x26, 0x0B,
    0x7F, 0x3A, 0x61, 0x3E, 0x75, 0x3D, 0xDF, 0xFE, 0x2E, 0x70, 0x00, 0xEC, 0x53, 0x8E, 0xD3, 0x63,
    0xA7, 0x87, 0x4A, 0x1B, 0xA1, 0x8B, 0xD4, 0x1B, 0xF4, 0x03, 0xCD, 0x0A, 0xDD, 0x00, 0x7F, 0x01,
    0x00, 0x9C, 0xC9, 0x53, 0xAC, 0x08, 0x6E, 0xB0, 0x71, 0x7F, 0xFF, 0x19, 0x4B, 0x27, 0x51, 0x67,
    0x5D, 0x8C, 0xB4, 0x12, 0x69, 0x57, 0x30, 0x9C, 0xF4, 0xA9, 0xE5, 0x00, 0x17, 0x8B, 0xEE, 0xEB,
    0x3C, 0x92, 0xF7, 0x40, 0x89, 0x6C, 0xD0, 0x3E, 0xE5, 0x22, 0x72, 0x0B, 0x3A, 0xA9, 0x09, 0x98,
    0xEB, 0x08, 0x9C, 0x1B, 0xAF, 0xA6, 0xF9, 0x8D, 0x96, 0x76, 0x9D, 0xBE, 0xB5, 0xA3, 0xFB, 0x4E,
    0x32, 0xE7, 0xAC, 0x3A, 0x99, 0xC7, 0x6A, 0xD6, 0xA3, 0x79, 0xAC, 0x53, 0x33, 0x98, 0x0F, 0x9A,
    0xD1, 0xC4, 0xAF, 0x7E, 0x60, 0x06, 0x1B, 0xBE, 0xF9, 0x81, 0x89, 0x2E, 0x9C, 0x3F, 0x31, 0xF1,
    0x87, 0xFE, 0xC9, 0x63, 0xF3, 0xC9, 0xDF, 0xFE, 0x75, 0x3A, 0x6F, 0xA4, 0x91, 0xB8, 0x53, 0xB3,
    0xDA, 0xB0, 0x00, 0x98, 0x50, 0x58, 0x27, 0x50, 0xA1, 0x12, 0x5F, 0xF5, 0xBE, 0xA4, 0x36, 0x43,
    0xD5, 0x6F, 0x1E, 0x10, 0x80, 0xEA, 0x48, 0x2D, 0xE1, 0xC8, 0x08, 0xD4, 0x3F, 0x19, 0x00, 0xF3,
    0xDD, 0xB1, 0xB0, 0x49, 0x80, 0xD5, 0x13, 0xB0, 0xD3, 0x0B, 0x70, 0x5E, 0x15, 0x5E, 0xB3, 0x01,
    0x13, 0x3D, 0x54, 0x22, 0xE2, 0x51, 0x99, 0x01, 0x3D, 0xD0, 0x46, 0xEA, 0x88, 0x19, 0x68, 0x02,
    0x4D, 0xC2, 0x78, 0x74, 0xA2, 0x05, 0x3D, 0xD3, 0x07, 0xDA, 0x0D, 0x89, 0x58, 0xF1, 0xBD, 0x48,
    0x59, 0x47, 0x59, 0xD0, 0xA9, 0x92, 0x0C, 0x9C, 0x7F, 0x06, 0x7B, 0xAA, 0xB9, 0xE2, 0x5D, 0xD1,
    0x22, 0x63, 0xC1, 0x5C, 0xFA, 0xF5, 0xC7, 0x2E, 0x31, 0xC3, 0x1C, 0x31, 0x9C, 0x10, 0x33, 0xDA,
    0x82, 0xDE, 0xB7, 0x22, 0x2B, 0x25, 0x46, 0x49, 0xF6, 0x97, 0xC7, 0xBC, 0x73, 0x18, 0xDF, 0x24,
    0x3D, 0x51, 0x25, 0x33, 0x40, 0x6A, 0x23, 0xE0, 0x7C, 0x01, 0x40, 0xF7, 0x79, 0xB8, 0xEF, 0x12,
    0x00, 0x1B, 0x01, 0x93, 0x80, 0x7A, 0x01, 0x2A, 0x79, 0xEF, 0x2C, 0xE1, 0x4A, 0x10, 0xD5, 0xDF,
    0x95, 0x68, 0x4F, 0xE1, 0x91, 0x88, 0x94, 0x94, 0xAB, 0x7E, 0xC8, 0xA4, 0x99, 0x0A, 0xF5, 0x52,
    0xC8, 0x7A, 0xE4, 0xED, 0x91, 0xDD, 0x73, 0x74, 0x2F, 0xF1, 0xE4, 0x3D, 0x8D, 0x5A, 0x0A, 0xD5,
    0x5C, 0xD8, 0xA4, 0xC2, 0x3E, 0x96, 0x58, 0x1B, 0x25, 0xEE, 0x7B, 0xD0, 0x89, 0x08, 0xB6, 0xC0,
    0x0C, 0xB4, 0x05, 0xA6, 0x80, 0xCF, 0x86, 0xC8, 0x54, 0x50, 0x16, 0x0E, 0xBE, 0x10, 0xC6, 0x67,
    0xB4, 0x5C, 0x88, 0x08, 0x7D, 0x41, 0x27, 0xB2, 0xD8, 0xAC, 0x66, 0xE4, 0x8D, 0x07, 0x7D, 0x29,
    0x8B, 0x17, 0x24, 0x32, 0x66, 0x0D, 0xA5, 0xFE, 0x45, 0xEA, 0x16, 0xE8, 0x57, 0x9E, 0xDB, 0x23,
    0x9E, 0xED, 0xD1, 0x64, 0x06, 0x98, 0xDA, 0xF0, 0x2B, 0xF6, 0x48, 0xE6, 0x8C, 0x7E, 0x76, 0x1E,
    0x3D, 0xBB, 0x80, 0x9A, 0x6D, 0xCC, 0x30, 0x29, 0xA3, 0x5E, 0x33, 0x2A, 0xF9, 0xF9, 0x3F, 0xCE,
    0xB8, 0x92, 0xAF, 0xEA, 0x37, 0xDF, 0x4B, 0x68, 0x25, 0x75, 0xE2, 0x8D, 0x8C, 0xF5, 0x04, 0xDB,
    0x69, 0x85, 0x5F, 0x81, 0x22, 0x72, 0xE2, 0x2B, 0x8F, 0xB2, 0x9B, 0x6F, 0xE4, 0xBD, 0xFB, 0xB8,
    0x99, 0x39, 0xB4, 0x4E, 0xFC, 0xBA, 0xE5, 0xE2, 0xF8, 0x3F, 0xA7, 0x95, 0x84, 0x91, 0x11, 0x56,
    0x7E, 0x33, 0x2D, 0xFC, 0x5E, 0xD6, 0x6D, 0x3D, 0xD1, 0xC9, 0x40, 0xBB, 0x41, 0x2F, 0xC1, 0x09,
    0x17, 0xE2, 0xED, 0x71, 0x29, 0xEA, 0xB1, 0xB0, 0x8D, 0x85, 0x8E, 0xC2, 0xA5, 0x50, 0xA7, 0x42,
    0x13, 0x0B, 0x9D, 0xCF, 0x94, 0x8D, 0x42, 0xE1, 0xD8, 0x12, 0x0A, 0xDB, 0xB1, 0xB0, 0x99, 0x0A,
    0xD5, 0x52, 0x88, 0x1C, 0xE9, 0x62, 0x61, 0x3B, 0x16, 0x36, 0x53, 0x89, 0xA5, 0xB7, 0x90, 0xE3,
    0xD6, 0x32, 0xF4, 0x02, 0xDD, 0x06, 0x66, 0xF8, 0xAD, 0xF4, 0x66, 0xD6, 0xCE, 0x8A, 0x2C, 0x5D,
    0x56, 0x2B, 0xA0, 0x24, 0x19, 0xF1, 0x68, 0x19, 0x95, 0x44, 0x6A, 0xF1, 0xC5, 0x34, 0x82, 0xFA,
    0x64, 0xC0, 0x74, 0x5E, 0x7D, 0x3C, 0xD2, 0x3A, 0xAF, 0xFE, 0x23, 0xF1, 0xA6, 0xF3, 0xFA, 0xDF,
    0x27, 0x76, 0xD9, 0xFC, 0x74, 0xE6, 0xD2, 0x06, 0x3D, 0x2E, 0x3C, 0xC9, 0x66, 0xB8, 0x61, 0x2A,
    0xE6, 0x50, 0xA5, 0x62, 0x9C, 0x2A, 0xBF, 0xFF, 0x83, 0xD5, 0x43, 0x1B, 0xEB, 0xD8, 0xFE, 0x20,
    0x16, 0x63, 0x3E, 0x0A, 0x47, 0xF3, 0x43, 0x6F, 0xB2, 0xA9, 0x05, 0x13, 0x9B, 0xA8, 0xB7, 0x6C,
    0x2E, 0x26, 0xBD, 0xD2, 0xCF, 0xB2, 0x54, 0x4B, 0x25, 0x9B, 0x5B, 0x31, 0x12, 0x9D, 0xD0, 0x48,
    0xD0, 0xE2, 0x59, 0xD0, 0x12, 0x0B, 0x7F, 0x32, 0x14, 0xFE, 0x38, 0x15, 0xFE, 0x68, 0x2E, 0x1C,
    0x96, 0x23, 0x6F, 0x8F, 0x74, 0x47, 0xDA, 0x50, 0x68, 0x62, 0x61, 0x3D, 0x16, 0xEA, 0xA9, 0xB0,
    0x5A, 0x0A, 0x59, 0x8F, 0xEC, 0x8E, 0xB4, 0x47, 0x9A, 0x05, 0x7B, 0x47, 0xB3, 0xD0, 0x0B, 0x7A,
    0x81, 0x33, 0x19, 0x01, 0x27, 0x1B, 0x54, 0x9B, 0xEF, 0x86, 0x87, 0x33, 0xC4, 0x0C, 0xA8, 0x85,
    0x36, 0xC0, 0x8A, 0xF3, 0x70, 0x8B, 0x03, 0x3A, 0x3A, 0xC0, 0xDD, 0xD3, 0xBF, 0xC4, 0x6C, 0x8F,
    0x0C, 0xA5, 0x7F, 0x1B, 0x61, 0xC5, 0x8C, 0x54, 0x0B, 0xF5, 0x44, 0x9D, 0xCA, 0xFC, 0x17, 0xF1,
    0x21, 0x56, 0x89, 0xFB, 0x70, 0x3A, 0x3D, 0x7A, 0xE9, 0x9C, 0xB7, 0x31, 0xA3, 0x7D, 0x11, 0x36,
    0x3C, 0x78, 0x4B, 0xBF, 0xE3, 0x88, 0x32, 0x56, 0x27, 0xF8, 0x7C, 0xD8, 0xCD, 0x97, 0x18, 0x81,
    0x4F, 0xA5, 0xC9, 0xFF, 0xA7, 0x19, 0x5F, 0x4C, 0xB3, 0xFF, 0xE2, 0x34, 0x39, 0xA5, 0x49, 0xF7,
    0x5C, 0x9A, 0x0B, 0x26, 0xA1, 0x27, 0xF4, 0x4A, 0x3B, 0x82, 0xFC, 0x5C, 0x02, 0x38, 0x99, 0x01,
    0x33, 0x01, 0xC5, 0x01, 0x20, 0xA1, 0xD0, 0xA5, 0x42, 0xB3, 0x16, 0x2A, 0x59, 0x00, 0x2E, 0x8E,
    0xA7, 0xD0, 0x50, 0x96, 0x62, 0xE5, 0xB4, 0x14, 0xE1, 0xE5, 0xA5, 0xB0, 0xE1, 0x85, 0xDF, 0xBD,
    0xA7, 0x05, 0xD3, 0xC3, 0x3F, 0x13, 0xB7, 0x05, 0x5D, 0x81, 0x7B, 0x6E, 0x2D, 0xEB, 0x09, 0x3B,
    0x74, 0x12, 0xCC, 0x52, 0xBE, 0x57, 0x6B, 0x39, 0x2F, 0xB4, 0x48, 0x32, 0x43, 0x9D, 0xAC, 0x57,
    0xC9, 0x41, 0xD1, 0xBB, 0xC7, 0xBD, 0x1B, 0xA0, 0xDD, 0x3C, 0x8D, 0x6C, 0x54, 0x22, 0x03, 0x8D,
    0x24, 0x68, 0x67, 0xD0, 0x0B, 0x54, 0xCB, 0xD7, 0x60, 0xB9, 0xA4, 0x9A, 0xF7, 0xA8, 0xC9, 0xF9,
    0x76, 0xB4, 0x22, 0xA1, 0x91, 0x19, 0xC9, 0xD7, 0x78, 0xC4, 0xA4, 0x27, 0x7D, 0x8F, 0x77, 0xF4,
    0x54, 0xBD, 0x83, 0x9E, 0xE0, 0xB7, 0xC3, 0x0C, 0x58, 0x09, 0xD0, 0x49, 0xC4, 0x49, 0xD4, 0x92,
    0xAC, 0x44, 0x25, 0x49, 0xCD, 0xF0, 0x26, 0xBF, 0x3D, 0xAB, 0x7B, 0x2E, 0xB0, 0x83, 0xCC, 0x73,
    0xE8, 0x61, 0x06, 0x37, 0xD4, 0x09, 0x1A, 0x91, 0x08, 0xF4, 0x77, 0xE0, 0x64, 0x50, 0x32, 0x5B,
    0x09, 0x95, 0x4C, 0x6A, 0x01, 0x0B, 0x2B, 0x38, 0xB8, 0x85, 0x1D, 0x74, 0x70, 0x0D, 0xCE, 0x53,
    0x5C, 0x81, 0x09, 0x4C, 0x54, 0x29, 0x73, 0xD0, 0x99, 0xF5, 0xA8, 0x07, 0xD0, 0xA9, 0x89, 0xA0,
    0x26, 0x93, 0x59, 0xCD, 0xC6, 0x03, 0x8B, 0x05, 0xB8, 0xD9, 0x17, 0xBA, 0xAB, 0x23, 0xAF, 0x0B,
    0xDB, 0x99, 0xD3, 0x07, 0xA8, 0x49, 0x20, 0x12, 0xDA, 0x41, 0x1F, 0x7F, 0xA0, 0x6C, 0x52, 0x32,
    0xD6, 0x09, 0x97, 0xD8, 0xA3, 0x27, 0xBA, 0x89, 0x5D, 0xB1, 0xFD, 0xCC, 0x39, 0x6A, 0x66, 0x5D,
    0xB8, 0x44, 0x2D, 0x4C, 0x2B, 0x4F, 0xA8, 0x96, 0x2A, 0x6D, 0xCC, 0xB0, 0xE8, 0xD4, 0x31, 0xC1,
    0xAA, 0x47, 0x47, 0x82, 0xDB, 0x7A, 0x70, 0x6F, 0x17, 0xDB, 0x44, 0xFB, 0xCF, 0x23, 0x74, 0x26,
    0xB6, 0x1F, 0x8E, 0xE0, 0x8C, 0x37, 0x3F, 0x1A, 0xC0, 0xB5, 0x34, 0x3F, 0x8B, 0x60, 0x3B, 0xEA,
    0x4F, 0x8A, 0xBD, 0x45, 0x4B, 0x80, 0x76, 0x45, 0x8B, 0x07, 0xB3, 0x50, 0x3D, 0x58, 0x04, 0x68,
    0x26, 0x10, 0x70, 0x92, 0x8C, 0x44, 0x2B, 0x63, 0x23, 0x41, 0x09, 0xCC, 0x20, 0x5E, 0x25, 0x70,
    0xB1, 0x8E, 0xD0, 0x26, 0xE3, 0xA1, 0x99, 0xF7, 0x80, 0x5E, 0xAF, 0x01, 0x24, 0x15, 0x76, 0x43,
    0xA1, 0x1B, 0x0B, 0xBB, 0xA9, 0xF0, 0xE3, 0x05, 0xD0, 0x3F, 0x15, 0xA0, 0x89, 0x7D, 0x89, 0x8C,
    0x1B, 0xE0, 0x0A, 0x93, 0x60, 0xA6, 0x5E, 0xD0, 0x23, 0x6A, 0xC3, 0xDE, 0xF1, 0x48, 0xC6, 0x6E,
    0xC3, 0xC9, 0x54, 0x56, 0x49, 0x42, 0x2F, 0xBE, 0xC9, 0x65, 0x86, 0x09, 0xBD, 0x50, 0xA2, 0x0B,
    0x3A, 0x42, 0x17, 0x4C, 0x00, 0x1B, 0x5B, 0xC0, 0xA4, 0x1D, 0x50, 0xCF, 0x4F, 0x00, 0xB5, 0x26,
    0x00, 0x19, 0x0A, 0xBB, 0x58, 0xE8, 0xFC, 0x2B, 0x52, 0xC9, 0x04, 0xD4, 0xB2, 0x80, 0x13, 0x91,
    0x7B, 0xEC, 0xA8, 0x56, 0x2E, 0xD1, 0x33, 0x8F, 0x69, 0x12, 0xD0, 0x0E, 0x80, 0x0B, 0x40, 0x0F,
    0xB0, 0x02, 0x7A, 0x81, 0x7B, 0xA7, 0x39, 0x3A, 0x23, 0xD0, 0x01, 0x6C, 0xCF, 0x9C, 0x75, 0x42,
    0x07, 0x33, 0xD2, 0x78, 0x1B, 0x69, 0x8F, 0xAF, 0xCA, 0x1C, 0xE1, 0x36, 0xB7, 0xED, 0x79, 0xD5,
    0xBB, 0xF4, 0xDE, 0x81, 0x85, 0x16, 0x4C, 0xA0, 0x89, 0xE8, 0x01, 0x35, 0x52, 0x25, 0x98, 0xE0,
    0x1A, 0xCE, 0x61, 0x7F, 0xEF, 0xF6, 0x34, 0x81, 0x3A, 0x1E, 0xD7, 0xF6, 0xDE, 0x3D, 0xC3, 0xA5,
    0x5B, 0xDD, 0xCA, 0xD5, 0xAB, 0xDE, 0xC7, 0xDE, 0x5F, 0x07, 0x1C, 0xD0, 0x79, 0xE8, 0x23, 0x7C,
    0x3C, 0xA0, 0x7E, 0x31, 0xA2, 0x87, 0x44, 0x1D, 0x9F, 0x60, 0xC2, 0x25, 0x86, 0x1D, 0x6F, 0xD2,
    0x72, 0x8E, 0xF1, 0x22, 0x6B, 0x2E, 0x2E, 0x94, 0x17, 0xEA, 0x2A, 0xF1, 0xB8, 0xEA, 0x47, 0x8C,
    0x2C, 0xB8, 0xB7, 0x57, 0x6E, 0x39, 0x70, 0x85, 0x83, 0xA2, 0xAA, 0x87, 0x5E, 0x68, 0xD6, 0x0E,
    0x17, 0x1C, 0x99, 0xDC, 0x1E, 0xD5, 0xD1, 0xBD, 0x2D, 0xDE, 0x49, 0x37, 0x37, 0x73, 0x33, 0x9E,
    0x45, 0xE8, 0x1E, 0xD4, 0x66, 0x99, 0xE7, 0xF5, 0x2F, 0x9B, 0x37, 0x22, 0xA3, 0x19, 0x9A, 0xD9,
    0xC4, 0x6A, 0x31, 0x91, 0x2D, 0xAB, 0xCF, 0xEA, 0x3E, 0xA5, 0xDB, 0xAC, 0xD5, 0x0C, 0x6A, 0x31,
    0x53, 0x33, 0x19, 0x91, 0xE1, 0x4C, 0x36, 0xB0, 0x2B, 0x4A, 0x24, 0x98, 0xC1, 0x7A, 0xCB, 0xEF,
    0xB0, 0x07, 0xAE, 0x80, 0xEB, 0x07, 0xDD, 0x00, 0xB7, 0x40, 0x07, 0xB8, 0x90, 0xF5, 0xF4, 0xAC,
    0xC4, 0xF3, 0xB5, 0x2C, 0xD0, 0x0F, 0x00, 0x8F, 0x01, 0x33, 0x01, 0x4D, 0x81, 0x7A, 0x19, 0xF6,
    0x93, 0xA9, 0xC4, 0x98, 0x68, 0xC6, 0x76, 0xA2, 0x0D, 0x7A, 0xC2, 0x91, 0x71, 0x28, 0xDE, 0xDB,
    0x82, 0x9B, 0x53, 0xED, 0x88, 0xBE, 0xA0, 0xF3, 0x19, 0x6E, 0xAC, 0x27, 0x5A, 0x91, 0x95, 0x5A,
    0x36, 0x89, 0xFC, 0xB9, 0xCF, 0x00, 0xA0, 0x1F, 0xD1, 0xB2, 0x60, 0x86, 0x0E, 0x8B, 0xF5, 0x7B,
    0x4C, 0xB8, 0xC2, 0xC4, 0x5E, 0xE4, 0xA8, 0x1B, 0xA0, 0xE8, 0x00, 0xB8, 0xA2, 0x00, 0x66, 0x3A,
    0x8B, 0x5A, 0x04, 0xBA, 0x11, 0x94, 0x8C, 0xB4, 0xB2, 0x70, 0x50, 0x0B, 0x0B, 0xDF, 0xAF, 0x66,
    0x78, 0x26, 0x27, 0x2B, 0x36, 0xAB, 0xD4, 0x7F, 0x1D, 0xB5, 0x12, 0xB0, 0x12, 0xA1, 0x93, 0x45,
    0x1F, 0xDF, 0x1D, 0xEC, 0x3F, 0x99, 0x68, 0x62, 0xEB, 0x9B, 0x68, 0x7D, 0x33, 0x14, 0x6B, 0xCA,
    0x3D, 0xDA, 0xA0, 0x65, 0x03, 0x79, 0x4A, 0xED, 0xC1, 0x84, 0x2C, 0x91, 0x90, 0x35, 0x57, 0x65,
    0xDC, 0x50, 0xAD, 0x0E, 0x0E, 0x07, 0xB8, 0xEA, 0xE0, 0xDA, 0x85, 0xB3, 0xA9, 0x95, 0x72, 0x64,
    0xDF, 0x51, 0xBD, 0x0F, 0xB4, 0xE9, 0x19, 0xF4, 0x67, 0xE2, 0x62, 0x44, 0x7F, 0x7C, 0xFF, 0x64,
    0xB1, 0xA2, 0xD7, 0x6A, 0x3B, 0xFD, 0xA6, 0x1E, 0x5E, 0x19, 0x76, 0x53, 0x32, 0x38, 0xA9, 0x25,
    0x35, 0x43, 0x9B, 0xDA, 0x4C, 0x00, 0xE8, 0x86, 0x6E, 0x68, 0x3E, 0xE7, 0xBE, 0xB8, 0x93, 0x8D,
    0x1B, 0x2A, 0x29, 0x85, 0x1B, 0x4E, 0x97, 0x16, 0xD4, 0x06, 0x87, 0x57, 0x2E, 0x57, 0x70, 0x03,
    0x0B, 0x7A, 0xC6, 0x8E, 0xF4, 0x81, 0xAF, 0x01, 0xEF, 0x02, 0x4D, 0x02, 0x6C, 0x41, 0xF3, 0xF9,
    0xF9, 0x37, 0xE2, 0x75, 0xAA, 0x4B, 0xD6, 0x7A, 0xCA, 0x30, 0x43, 0x86, 0xF3, 0x19, 0x2B, 0x68,
    0x99, 0x0B, 0x96, 0x8C, 0xD4, 0x17, 0xB8, 0xF0, 0xAC, 0x4B, 0x9D, 0x32, 0xD4, 0x92, 0xC1, 0x86,
    0xDD, 0x70, 0xA3, 0x13, 0xDA, 0xC4, 0x6B, 0x3C, 0x4A, 0xF4, 0xA9, 0x84, 0xD5, 0xBF, 0x51, 0x29,
    0x73, 0x09, 0xD5, 0x68, 0x87, 0x47, 0x13, 0xEE, 0x17, 0x72, 0x27, 0xA5, 0xA1, 0x5C, 0xE8, 0x55,
    0xC9, 0x3B, 0xC7, 0x77, 0xFD, 0x15, 0x57, 0xCC, 0x0D, 0xF6, 0x37, 0x36, 0x8F, 0xB6, 0x33, 0xF9,
    0xAB, 0xFE, 0xA9, 0x93, 0x3F, 0x93, 0x7F, 0x93, 0x99, 0xD3, 0xA5, 0x46, 0xFB, 0x1E, 0xEE, 0x7F,
    0x65, 0x29, 0x51, 0x37, 0xF4, 0xF6, 0xB6, 0xA0, 0x26, 0xBA, 0x02, 0xF7, 0xCA, 0x78, 0xB4, 0x55,
    0x32, 0x3A, 0xF9, 0x8E, 0x4C, 0x5C, 0x4C, 0x68, 0x11, 0xCC, 0xD8, 0x46, 0xEB, 0xEB, 0xE4, 0xEE,
    0xFF, 0x9A, 0x38, 0xDF, 0x50, 0x15, 0x2D, 0x45, 0xB7, 0xB9, 0x7E, 0xC8, 0x72, 0xA8, 0x64, 0xC3,
    0x8B, 0x7F, 0x59, 0x54, 0xB1, 0x7B, 0x8F, 0xEE, 0xC7, 0x32, 0xD3, 0x8B, 0x6C, 0xD8, 0x59, 0x09,
    0x75, 0xA2, 0x7B, 0xF9, 0x39, 0xF1, 0x79, 0x14, 0xEF, 0xC3, 0xB9, 0xA1, 0xD7, 0xB2, 0x4D, 0x9F,
    0x48, 0x42, 0xFF, 0x8F, 0xF8, 0xCF, 0x7F, 0x6E, 0xEE, 0xE4, 0x08, 0x0F, 0xD8, 0x3B, 0xA8, 0x44,
    0x22, 0xF5, 0x64, 0x12, 0x26, 0xEA, 0x09, 0xE7, 0x1F, 0x92, 0x3B, 0x9D, 0x44, 0x2F, 0x1F, 0x42,
    0x05, 0x2E, 0x64, 0xB4, 0xE5, 0x24, 0x6A, 0x44, 0x26, 0xAA, 0xFE, 0x3F, 0x27, 0x40, 0x7D, 0x16,
    0x66, 0xC0, 0x8A, 0x07, 0x27, 0xF1, 0x6C, 0xFC, 0x3A, 0xEE, 0xA7, 0x12, 0xBA, 0x4F, 0xC4, 0x6B,
    0x11, 0x74, 0xAA, 0xB2, 0xF8, 0x95, 0x6A, 0x37, 0x8F, 0x93, 0x40, 0xD5, 0x3F, 0x35, 0xB2, 0x38,
    0xAE, 0x76, 0xEC, 0x0E, 0xE0, 0x02, 0x6E, 0xF3, 0xAD, 0x4C, 0x67, 0xB2, 0xF0, 0x68, 0x83, 0xFE,
    0xDB, 0xEC, 0x1F, 0xB3, 0xBB, 0xE4, 0xBA, 0x93, 0xF4, 0x68, 0xF3, 0xBC, 0x03, 0x09, 0x75, 0xFF,
    0x2A, 0x2D, 0x73, 0x2E, 0xBF, 0xFA, 0xB3, 0x39, 0x7F, 0xA9, 0x92, 0x85, 0xEE, 0x3D, 0x37, 0x98,
    0x05, 0x3B, 0x34, 0x33, 0xCD, 0x50, 0xBD, 0x3A, 0xEA, 0xB1, 0x20, 0xA9, 0x19, 0x2D, 0x32, 0xA3,
    0x44, 0xC4, 0xD3, 0x0F, 0x12, 0x64, 0xAB, 0x64, 0xE8, 0x56, 0x24, 0x34, 0x23, 0x7B, 0xEA, 0xC4,
    0x25, 0x7A, 0xE2, 0x9A, 0x6A, 0x61, 0x82, 0xA5, 0x4A, 0x70, 0xAB, 0x46, 0x70, 0x7A, 0xC8, 0xA8,
    0x23, 0xB4, 0x7F, 0x13, 0xC0, 0xFC, 0x10, 0x68, 0xFE, 0x1B, 0xD0, 0xA7, 0xE7, 0x8A, 0x6A, 0x86,
    0x7E, 0xA9, 0x67, 0x23, 0x76, 0x6A, 0x96, 0xB3, 0xBB, 0x7A, 0x34, 0x0B, 0x49, 0x27, 0xB3, 0x56,
    0x99, 0x6D, 0x9E, 0x46, 0x25, 0x97, 0xE7, 0xA9, 0xA6, 0xBD, 0xD3, 0x91, 0xF9, 0xB2, 0xFD, 0xD3,
    0xCC, 0x6B, 0xF3, 0x51, 0xE0, 0x7A, 0x36, 0x1F, 0x79, 0x2E, 0xA7, 0xE6, 0x27, 0x70, 0x48, 0x75,
    0x9E, 0xD7, 0x8D, 0x7A, 0xCB, 0x1C, 0xD4, 0x0A, 0x36, 0x56, 0x0B, 0xB4, 0x81, 0x85, 0x4E, 0x6A,
    0xC1, 0xAE, 0x6A, 0xA3, 0x9E, 0x49, 0x54, 0x8B, 0x1E, 0xA0, 0x6F, 0x02, 0xB8, 0xBF, 0x03, 0xDA,
    0x05, 0xA8, 0xA7, 0x82, 0x05, 0x30, 0x1B, 0x70, 0xDE, 0x79, 0xF8, 0xC0, 0x46, 0xD4, 0x68, 0x12,
    0x75, 0x3C, 0x1E, 0x55, 0x8D, 0xF8, 0x2E, 0x1D, 0x1F, 0xDB, 0xB4, 0xC4, 0x8B, 0xBB, 0xAA, 0x0F,
    0xF5, 0xC4, 0x1E, 0xBD, 0x70, 0x59, 0x52, 0x5F, 0x60, 0x63, 0x82, 0x4E, 0x25, 0x70, 0xDF, 0x19,
    0xC1, 0x7E, 0x38, 0x80, 0xF9, 0x28, 0x96, 0xAC, 0x03, 0x68, 0xE1, 0x01, 0xD5, 0x0A, 0xB0, 0x14,
    0xCC, 0x40, 0x35, 0x01, 0xFA, 0xD9, 0x13, 0x56, 0x9E, 0x17, 0xCC, 0x06, 0x34, 0x4F, 0x81, 0x4E,
    0x24, 0x64, 0x71, 0xC9, 0xCA, 0x07, 0x6A, 0xE1, 0xDD, 0x3A, 0x81, 0x19, 0xC1, 0x46, 0x1E, 0x5E,
    0x7A, 0x4B, 0x74, 0xF4, 0x04, 0x4D, 0xAA, 0x30, 0xB1, 0xF1, 0x2E, 0x18, 0xCA, 0x98, 0x3E, 0x8B,
    0x2F, 0x47, 0xBA, 0xB2, 0x18, 0x6A, 0x2A, 0x31, 0x54, 0x2A, 0x95, 0x12, 0xF1, 0xA1, 0x94, 0x16,
    0x17, 0x4B, 0x51, 0xE9, 0xD4, 0x58, 0x3A, 0xA8, 0xA3, 0x4B, 0xDF, 0xF7, 0x5F, 0xA0, 0x8B, 0x9C,
    0xC5, 0xDF, 0x3F, 0xFF, 0xA2, 0xEB, 0x0F, 0x3C, 0x6E, 0x44, 0xCD, 0xB0, 0x3C, 0x57, 0x66, 0x38,
    0x45, 0x5C, 0xC0, 0x0E, 0xA5, 0x5C, 0x3F, 0xD7, 0xF8, 0x62, 0x7F, 0x35, 0xE3, 0x46, 0xFE, 0xC4,
    0xD3, 0x8C, 0xC6, 0xDB, 0xD5, 0xB0, 0x6B, 0x85, 0x73, 0x35, 0xF3, 0x7F, 0xCD, 0xD9, 0x31, 0x6C,
    0x1D, 0x47, 0x7A, 0xC0, 0xF1, 0xFF, 0xEC, 0xE4, 0xB8, 0x88, 0xF6, 0xA2, 0x71, 0x71, 0xC5, 0xD9,
    0xB2, 0xB9, 0x2E, 0x65, 0x43, 0xD6, 0x1A, 0x81, 0x0B, 0x16, 0x8F, 0x9C, 0x91, 0xDC, 0xC3, 0x7D,
    0x77, 0x85, 0x8A, 0xE4, 0x1A, 0xBA, 0x50, 0x80, 0x2B, 0x48, 0xBE, 0xB9, 0x18, 0x88, 0x8B, 0x34,
    0xEC, 0x2B, 0x17, 0x29, 0x9C, 0x54, 0x2C, 0x88, 0x40, 0x05, 0xC9, 0x9D, 0x83, 0x4B, 0x37, 0x0B,
    0x5F, 0x91, 0xD2, 0x1B, 0x84, 0x48, 0x8A, 0x04, 0xF1, 0x1C, 0xB2, 0x48, 0x96, 0xCE, 0xBE, 0xF7,
    0x65, 0x67, 0x40, 0x2A, 0x92, 0xA5, 0x33, 0xEC, 0x3B, 0x1A, 0xE6, 0x72, 0xBE, 0xDF, 0xCC, 0xDB,
    0x9D, 0xFD, 0xE6, 0x1B, 0xE2, 0x89, 0x6F, 0x1F, 0x54, 0x7B, 0x1B, 0x6C, 0xA8, 0x3D, 0x00, 0x98,
    0xAB, 0x1F, 0x67, 0x5C, 0xED, 0x6A, 0x9F, 0x7E, 0x1A, 0xDF, 0x84, 0x26, 0xCF, 0xB8, 0x07, 0x6C,
    0x01, 0xEF, 0x41, 0xB3, 0xA6, 0x10, 0x71, 0x55, 0x27, 0xBE, 0x7E, 0xF0, 0x25, 0xB6, 0x08, 0xEC,
    0x68, 0xC7, 0x4E, 0x09, 0x07, 0xD5, 0x1C, 0xB7, 0xC1, 0xBE, 0x01, 0xF6, 0x1E, 0x34, 0x23, 0x98,
    0xB1, 0xF4, 0xA5, 0x08, 0xC8, 0x39, 0x74, 0x50, 0x04, 0xD0, 0x81, 0x7C, 0x51, 0x89, 0xB8, 0x72,
    0xA8, 0x82, 0xE9, 0x8A, 0xBE, 0x0E, 0xC4, 0x39, 0x8E, 0xE7, 0x78, 0x3C, 0x07, 0xA6, 0x83, 0xAA,
    0x07, 0x91, 0x55, 0x0E, 0x26, 0xE0, 0x04, 0xD8, 0x03, 0x8E, 0x81, 0x98, 0x73, 0x51, 0x89, 0x8C,
    0xB5, 0xC8, 0xD0, 0x88, 0xC4, 0x37, 0x79, 0xF3, 0xEB, 0xD5, 0xB8, 0x94, 0xD8, 0x94, 0xDD, 0x82,
    0xB8, 0x95, 0xDB, 0x82, 0xF4, 0xD2, 0x4A, 0x9C, 0x2F, 0xCD, 0x13, 0xAC, 0xF4, 0x8D, 0xDC, 0x11,
    0x7F, 0xE7, 0x42, 0xAD, 0x53, 0x21, 0xD6, 0x1B, 0x30, 0xFD, 0x02, 0xF4, 0x18, 0x01, 0x09, 0xA9,
    0x2C, 0x09, 0x19, 0xB0, 0xF0, 0x94, 0x17, 0x2E, 0xBC, 0x8C, 0x8D, 0xB4, 0x4F, 0x23, 0x13, 0x8B,
    0xFF, 0x3F, 0x00, 0xE0, 0xB9, 0x33, 0xBB, 0x6B, 0x57, 0x88, 0x74, 0x55, 0x5F, 0xF7, 0xC6, 0xEB,
    0xCE, 0x78, 0x30, 0x01, 0xCC, 0x05, 0x94, 0x72, 0x81, 0x4A, 0xD7, 0xFE, 0x55, 0x62, 0x43, 0x39,
    0xEE, 0xA3, 0xC6, 0x13, 0x18, 0x4F, 0x61, 0x68, 0x9D, 0x8E, 0x76, 0xBD, 0xEB, 0x8D, 0xAC, 0x50,
    0xAD, 0xB8, 0x99, 0x40, 0xBE, 0xB3, 0x0A, 0xF5, 0x1C, 0x4D, 0x57, 0xCF, 0xD7, 0x84, 0x42, 0xCE,
    0xD9, 0x2F, 0xBB, 0xB5, 0xE9, 0xF7, 0xCB, 0x90, 0x5F, 0x41, 0x23, 0x69, 0xFE, 0x9A, 0xBA, 0x47,
    0xF7, 0xA8, 0x11, 0xE3, 0x76, 0xFF, 0x63, 0xC1, 0xA6, 0x96, 0x69, 0x93, 0x7B, 0x55, 0xF7, 0x7A,
    0xC5, 0xC2, 0xB8, 0x9F, 0x96, 0x6E, 0xAB, 0x01, 0xED, 0xDF, 0xBB, 0x9F, 0x7C, 0xBC, 0x93, 0xC7,
    0xD9, 0xF9, 0xFC, 0x9F, 0x68, 0xBF, 0xA8, 0xD3, 0x9C, 0x7B, 0xA6, 0x9F, 0xE7, 0xE7, 0x7B, 0x31,
    0x6E, 0x79, 0xBE, 0xB8, 0xCC, 0x99, 0xF3, 0x5F, 0xAE, 0x95, 0xD7, 0x65, 0x63, 0x45, 0x23, 0x9C,
    0xD4, 0xEE, 0xB1, 0xF1, 0xEC, 0xFA, 0x4A, 0xFC, 0xBE, 0xF1, 0x4F, 0x8C, 0x9F, 0x6A, 0xDF, 0xFE,
    0x6F, 0x6C, 0x3E, 0xEA, 0x01, 0x40, 0x24, 0xCE, 0x8D, 0x9F, 0xE1, 0xD8, 0x2B, 0xA2, 0x1A, 0xAA,
    0x50, 0xC6, 0xC6, 0xD7, 0xA1, 0x65, 0xF9, 0x70, 0x42, 0xF4, 0x48, 0xAB, 0x27, 0x6C, 0x58, 0x63,
    0x3A, 0x8B, 0x8E, 0x26, 0x30, 0xE9, 0x9E, 0x7B, 0xF4, 0x00, 0x4B, 0x11, 0x97, 0x02, 0xAA, 0x97,
    0xC4, 0x4F, 0xB0, 0x62, 0x85, 0xB6, 0xA7, 0xF4, 0xEF, 0xF0, 0x53, 0x4A, 0xEE, 0xCA, 0x17, 0xFE,
    0xDD, 0xC7, 0xBF, 0x0B, 0xEF, 0x3E, 0xEE, 0xC3, 0x87, 0xCB, 0x10, 0xDE, 0xFD, 0xAB, 0x6E, 0x1E,
    0xFF, 0x73, 0xD8, 0x7A, 0xF2, 0x8F, 0x3E, 0x5D, 0x4F, 0xF3, 0xD2, 0x7C, 0x2B, 0x61, 0x6E, 0xD5,
    0x40, 0xB3, 0x66, 0xAF, 0xE6, 0xA8, 0x74, 0x47, 0xDA, 0xCF, 0xEE, 0xD5, 0xE9, 0x4C, 0x35, 0xC0,
    0x26, 0x2F, 0x84, 0x15, 0x71, 0x29, 0xBE, 0xED, 0x5A, 0xB1, 0xC2, 0x88, 0x7F, 0xC7, 0x84, 0xF7,
    0xAA, 0x80, 0xF1, 0xD4, 0xB0, 0x80, 0x88, 0xF6, 0x98, 0xF4, 0x0E, 0xED, 0xAA, 0x01, 0xBB, 0xE2,
    0x68, 0x1F, 0xB7, 0x40, 0x0D, 0x94, 0x6B, 0x68, 0x60, 0x2E, 0xC1, 0x22, 0x2B, 0x96, 0x3D, 0x7A,
    0x2A, 0xA3, 0x09, 0x35, 0x0B, 0x2C, 0x26, 0x7C, 0xAF, 0xF0, 0x4D, 0xB0, 0x22, 0xFF, 0x6D, 0xE5,
    0x63, 0xD9, 0x5E, 0x15, 0xE3, 0x36, 0x90, 0x62, 0xE7, 0x32, 0xEC, 0x33, 0x91, 0xDF, 0xED, 0x66,
    0xC6, 0x37, 0x32, 0x6C, 0x61, 0x7F, 0x1F, 0x75, 0xA2, 0x4C, 0xF0, 0xCB, 0xE3, 0x19, 0x1E, 0xFF,
    0xB1, 0xBC, 0xF2, 0x33, 0x6A, 0x67, 0x43, 0xFA, 0xA9, 0x1D, 0x4E, 0xFB, 0x0A, 0xD3, 0x95, 0x91,
    0xE3, 0x0F, 0x8F, 0xAC, 0x57, 0x03, 0x66, 0x60, 0x67, 0x40, 0xBD, 0xD0, 0x8A, 0x91, 0x5A, 0x50,
    0xE2, 0x2A, 0x89, 0xF5, 0xAF, 0xC7, 0x86, 0x93, 0x1D, 0xF6, 0xB6, 0xD9, 0x9B, 0xB5, 0x9C, 0xCC,
    0x67, 0xE6, 0xF3, 0xF3, 0x55, 0x00, 0xB0, 0x32, 0xCD, 0xED, 0x4D, 0x7C, 0x7A, 0xD3, 0xD1, 0x30,
    0x61, 0xC2, 0x92, 0x32, 0x36, 0xA1, 0x98, 0x4C, 0x64, 0x5D, 0x0E, 0x6A, 0x55, 0x45, 0x3D, 0xD6,
    0x5D, 0xD5, 0x5B, 0x57, 0xFB, 0x53, 0x76, 0xD4, 0xC0, 0x96, 0xEA, 0x00, 0x00, 0x58, 0xC0, 0x08,
    0x4F, 0xA8, 0x66, 0x23, 0x3B, 0x23, 0xBA, 0x83, 0x91, 0xD2, 0x27, 0x0D, 0xC9, 0x77, 0xB2, 0x7B,
    0xD9, 0x98, 0x2C, 0x7A, 0x50, 0xA3, 0x0E, 0x27, 0x18, 0xF9, 0xE0, 0xC1, 0x04, 0x6C, 0xEA, 0x13,
    0x60, 0xF1, 0x67, 0xF9, 0x8F, 0xDB, 0xDD, 0x59, 0xD5, 0x7F, 0x38, 0xAB, 0x83, 0x48, 0xA4, 0x72,
    0x22, 0x3D, 0x35, 0xEC, 0xC1, 0x02, 0xF6, 0xD3, 0x72, 0x5A, 0x02, 0x40, 0x7A, 0x6F, 0xE4, 0xD5,
    0x87, 0xBC, 0xFA, 0x90, 0x57, 0x1F, 0x28, 0x7D, 0xD2, 0x90, 0x7C, 0x27, 0xFB, 0xAB, 0x6C, 0x4C,
    0x16, 0x5D, 0x5A, 0xBD, 0xFC, 0xCD, 0x3A, 0xAD, 0x5E, 0x49, 0x80, 0xFB, 0xB7, 0xAB, 0x0E, 0x16,
    0xAF, 0x5F, 0xDE, 0x1C, 0x50, 0x3D, 0xC6, 0xA1, 0x43, 0xBA, 0xB9, 0x72, 0x1C, 0xC3, 0x26, 0x45,
    0x9A, 0x42, 0x25, 0x91, 0x63, 0xCC, 0x2C, 0x10, 0xA9, 0xF2, 0x7E, 0xED, 0x2A, 0xAD, 0xF8, 0x78,
    0x07, 0x03, 0xAF, 0x2C, 0xD2, 0x4D, 0xEA, 0x98, 0x54, 0xBE, 0x10, 0x81, 0xFA, 0x61, 0x07, 0x98,
    0xF7, 0x03, 0x3C, 0x6E, 0x0C, 0xD0, 0xAE, 0xEF, 0xEB, 0x48, 0x73, 0xBE, 0xA8, 0x72, 0x41, 0x9B,
    0xB3, 0xAA, 0xFF, 0xF3, 0x59, 0x1D, 0xBE, 0x98, 0xAD, 0x1E, 0xFE, 0xF5, 0x6C, 0x5D, 0x8A, 0x78,
    0x16, 0xB3, 0x8E, 0x27, 0x14, 0x11, 0x62, 0x52, 0x07, 0x1A, 0x01, 0xE3, 0xA1, 0xE9, 0x52, 0xE4,
    0xF1, 0x73, 0x47, 0xE9, 0xA0, 0x4A, 0xE1, 0x29, 0xC4, 0x53, 0x4B, 0xC0, 0x76, 0x70, 0x06, 0xAC,
    0x80, 0x09, 0x38, 0x05, 0x96, 0x94, 0xA1, 0xE9, 0x9A, 0xBE, 0x12, 0x09, 0xB4, 0x6B, 0x78, 0xDB,
    0x01, 0x34, 0x21, 0x59, 0xF6, 0x49, 0x15, 0x93, 0xFC, 0x8A, 0x6F, 0x1E, 0x92, 0x50, 0x59, 0x2D,
    0x3E, 0x1B, 0x80, 0xF2, 0xCB, 0xBC, 0xD3, 0x0F, 0xFA, 0x64, 0xDE, 0x5C, 0xA3, 0x07, 0x60, 0x5B,
    0x4F, 0xC0, 0x42, 0x25, 0x4F, 0x58, 0x03, 0x03, 0x6D, 0x4A, 0x90, 0x36, 0x57, 0xCC, 0x7A, 0x74,
    0x47, 0x1D, 0x28, 0x03, 0xA6, 0x4B, 0x85, 0x57, 0x11, 0xE3, 0xD0, 0x91, 0x1A, 0xF4, 0x48, 0xEB,
    0xA9, 0xD7, 0x48, 0xDA, 0xBB, 0x03, 0xF5, 0x77, 0x00, 0xE5, 0x00, 0xA4, 0xE9, 0x40, 0xED, 0x92,
    0x8B, 0x1B, 0x56, 0xE7, 0x5F, 0x00, 0xF0, 0xCC, 0xEA, 0xD5, 0x67, 0x3D, 0x50, 0x33, 0xDC, 0xA8,
    0x3A, 0xCB, 0xEE, 0x31, 0x60, 0xC6, 0x23, 0xE0, 0x0D, 0x1B, 0x21, 0x7D, 0x1A, 0xDE, 0xA8, 0x0A,
    0xEB, 0x07, 0x03, 0x60, 0x3F, 0x1A, 0x21, 0x8D, 0x6F, 0x54, 0x6D, 0x9C, 0x02, 0xA8, 0x8F, 0x92,
    0xC5, 0x43, 0xF7, 0x74, 0xCC, 0xE9, 0x8D, 0xA9, 0x10, 0x2D, 0x22, 0x11, 0x30, 0x97, 0x7D, 0xBD,
    0x42, 0xA5, 0x7E, 0x7B, 0x05, 0xA9, 0x7F, 0xB2, 0x02, 0x40, 0xC5, 0xDC, 0xA3, 0xFB, 0xDC, 0x53,
    0x85, 0xDC, 0x63, 0x5C, 0xEE, 0xB1, 0xE4, 0x02, 0xD8, 0x4F, 0x3D, 0x30, 0xB2, 0x02, 0x52, 0x41,
    0xB9, 0x2F, 0x2F, 0x7B, 0xE3, 0xC9, 0x7D, 0x43, 0xEE, 0xD9, 0xBE, 0xEC, 0xA7, 0xDC, 0x1F, 0xAB,
    0x98, 0xFB, 0xE1, 0xCE, 0x05, 0x1B, 0xA9, 0x1E, 0x2B, 0xD4, 0xA9, 0x07, 0x38, 0x42, 0xB5, 0x5F,
    0x47, 0x1A, 0xC9, 0x9F, 0x51, 0x77, 0xA2, 0x1E, 0x28, 0xA2, 0xE9, 0x50, 0xB1, 0x0E, 0x10, 0xAD,
    0x83, 0x23, 0x0B, 0xB0, 0xFC, 0x7D, 0x58, 0x97, 0xF0, 0xF0, 0x4A, 0x13, 0xE0, 0xD8, 0x44, 0x88,
    0xE5, 0x84, 0x9A, 0xF3, 0x1D, 0x96, 0x91, 0x65, 0x5A, 0xA8, 0x90, 0xB5, 0x83, 0xD7, 0x01, 0xB6,
    0x12, 0xAD, 0x03, 0xD2, 0x02, 0xE8, 0x99, 0xE2, 0x23, 0x0F, 0x6A, 0x7D, 0xF9, 0x67, 0x46, 0x4D,
    0x00, 0x07, 0x89, 0x3A, 0xA1, 0x3D, 0x4F, 0x0F, 0x52, 0x3A, 0xA1, 0x49, 0x98, 0x8E, 0x3A, 0x61,
    0x12, 0xBC, 0x1C, 0x91, 0x21, 0x11, 0xF3, 0xCB, 0x6F, 0xC5, 0xB8, 0x9C, 0x6F, 0x37, 0x65, 0x6E,
    0x13, 0xF0, 0xDA, 0xD5, 0xC6, 0x38, 0x05, 0x18, 0x80, 0xA2, 0xFB, 0x71, 0x6A, 0x29, 0x0E, 0x01,
    0x13, 0x01, 0x3B, 0x01, 0x27, 0x3B, 0xA0, 0xA2, 0x71, 0x3F, 0x46, 0x2D, 0x6A, 0xA8, 0x1D, 0xC5,
    0xD4, 0x84, 0x34, 0xFA, 0x51, 0x2A, 0x78, 0x1B, 0xAC, 0xC7, 0x04, 0x8A, 0x1E, 0x8E, 0x00, 0x80,
    0x46, 0xFA, 0x5A, 0x3A, 0x26, 0xBE, 0x6F, 0xBB, 0x23, 0x87, 0xF3, 0xBD, 0xDC, 0xF2, 0x34, 0x01,
    0x0B, 0x27, 0xD0, 0x03, 0x00, 0xAD, 0xF8, 0xA5, 0x38, 0x1D, 0xF9, 0xBE, 0x6D, 0x77, 0xED, 0xE6,
    0x7B, 0x79, 0x44, 0xB1, 0xA6, 0x14, 0x67, 0x3E, 0x0E, 0xDB, 0x2A, 0x5E, 0x4B, 0x9D, 0x4D, 0x11,
    0xED, 0xFB, 0xC3, 0xEC, 0xB5, 0x64, 0x6B, 0x45, 0xCE, 0x99, 0xC7, 0x22, 0x0E, 0x1D, 0x55, 0xDB,
    0xCF, 0x52, 0x0D, 0xC9, 0x62, 0x4A, 0xB2, 0xCA, 0xB6, 0xD9, 0xE5, 0x33, 0x5A, 0x5A, 0x19, 0xAF,
    0x7C, 0xE1, 0xEA, 0x59, 0x76, 0x4A, 0x16, 0x63, 0xB2, 0x8A, 0xC9, 0x36, 0xA4, 0xB5, 0xD6, 0x30,
    0xAF, 0x7B, 0x08, 0xA8, 0xF1, 0x36, 0xA0, 0xE5, 0x8D, 0xE4, 0xDF, 0x4E, 0x40, 0xA9, 0x06, 0x9E,
    0x3B, 0xEC, 0x0A, 0x23, 0xC1, 0x0A, 0x95, 0x78, 0x2D, 0x2E, 0xE5, 0x94, 0x90, 0xFC, 0xB2, 0x4B,
    0xFE, 0x53, 0x4C, 0xFE, 0x76, 0x4C, 0x76, 0x53, 0xF6, 0x2C, 0x6B, 0xB3, 0x8D, 0x4F, 0x9A, 0x90,
    0x2C, 0xFB, 0xA4, 0x1E, 0x92, 0x6A, 0x4A, 0xB2, 0xCA, 0x2E, 0xB3, 0x4D, 0xD6, 0x4C, 0x34, 0x17,
    0x54, 0x13, 0xAD, 0xA0, 0x27, 0x78, 0xCD, 0x03, 0x98, 0x1E, 0xC8, 0x5B, 0x02, 0xC6, 0xEC, 0x3D,
    0xBE, 0x71, 0x6C, 0x48, 0x0F, 0x58, 0x59, 0x83, 0x5A, 0xBB, 0x65, 0x77, 0xB9, 0x6B, 0xD3, 0x51,
    0x4C, 0xD4, 0x1E, 0x56, 0x58, 0x07, 0x67, 0x58, 0x60, 0xC9, 0x12, 0xB0, 0x64, 0xDD, 0x0B, 0xCE,
    0x7D, 0xD6, 0xA7, 0xF9, 0x75, 0x80, 0x55, 0x2A, 0x41, 0x4D, 0x94, 0x03, 0x65, 0x4C, 0xF9, 0x77,
    0x43, 0x5E, 0xEB, 0xE9, 0xBA, 0xF0, 0x29, 0x90, 0x4B, 0x26, 0x4D, 0x01, 0x8C, 0x4F, 0x6E, 0xDE,
    0xB0, 0x3A, 0x5F, 0x4D, 0xD0, 0x7A, 0x40, 0x49, 0x07, 0xE8, 0x2F, 0x22, 0x60, 0xDC, 0xDE, 0x8D,
    0xAA, 0x53, 0xF7, 0x0B, 0xA0, 0x5A, 0x6D, 0x01, 0xA6, 0x1E, 0x80, 0xDB, 0xBA, 0xBF, 0x51, 0x15,
    0x1A, 0x3F, 0x02, 0xF5, 0x6F, 0x26, 0xF2, 0xF8, 0x26, 0xD5, 0xF6, 0x0A, 0xAF, 0xEC, 0x71, 0x6C,
    0x8B, 0x68, 0x3E, 0xEF, 0xB4, 0x38, 0x56, 0xF9, 0xCF, 0xE0, 0x57, 0xBE, 0xFE, 0xB8, 0x3F, 0x50,
    0xE3, 0x16, 0x1F, 0x02, 0x28, 0x39, 0xAF, 0xA1, 0x11, 0x39, 0x85, 0x39, 0xC3, 0x88, 0x1E, 0x28,
    0x47, 0xAA, 0x9E, 0x6A, 0xC2, 0x04, 0xEA, 0x35, 0x8D, 0x67, 0xB1, 0x4C, 0xAB, 0x0F, 0xD6, 0x59,
    0x74, 0x9F, 0xAC, 0xBC, 0xF5, 0x96, 0x9A, 0xE4, 0x5E, 0xD2, 0x0D, 0xCC, 0xE7, 0x3F, 0xEA, 0xB0,
    0x34, 0x9F, 0xFB, 0xD9, 0xFA, 0x2B, 0x38, 0xC3, 0x4C, 0x30, 0xA1, 0x73, 0x5A, 0x2D, 0xAE, 0xE9,
    0x30, 0xAD, 0x08, 0xEC, 0x6C, 0xC8, 0x39, 0xF9, 0x41, 0x23, 0x39, 0x25, 0x39, 0xC8, 0xD6, 0xD9,
    0xD2, 0xF3, 0xDC, 0x61, 0x25, 0x68, 0x89, 0x8D, 0x84, 0x42, 0x62, 0x31, 0xC2, 0x7D, 0xFE, 0x78,
    0x55, 0x32, 0x2F, 0xBE, 0x0D, 0xB3, 0x0B, 0x68, 0x61, 0x04, 0xDB, 0x95, 0x11, 0x2A, 0x91, 0x00,
    0xB4, 0x17, 0x70, 0xF5, 0x10, 0x82, 0xF5, 0xC9, 0xD3, 0x04, 0x43, 0xA2, 0xE8, 0x6E, 0x56, 0x9D,
    0x1B, 0x87, 0x49, 0x13, 0x93, 0x76, 0xE2, 0xF2, 0x19, 0x25, 0x3F, 0xA4, 0xDC, 0xA4, 0x3A, 0xF3,
    0x23, 0x0B, 0xC5, 0xD8, 0xF8, 0x3C, 0xBE, 0x51, 0xB5, 0xC1, 0x5F, 0x66, 0x57, 0x89, 0x62, 0x48,
    0xEA, 0x2E, 0x59, 0xF1, 0xFC, 0x21, 0xE2, 0x6B, 0xF1, 0xAD, 0xB8, 0x6A, 0x6E, 0x23, 0x0C, 0xE8,
    0x89, 0x22, 0x82, 0xA0, 0x03, 0x2C, 0xBD, 0xF1, 0xD0, 0x84, 0x1A, 0x30, 0x71, 0x1B, 0x28, 0xC7,
    0x27, 0x40, 0xB1, 0x8A, 0x00, 0xD2, 0x25, 0x97, 0x21, 0x69, 0xDD, 0x77, 0xB4, 0x90, 0x01, 0x28,
    0x65, 0x82, 0x56, 0x3C, 0x2C, 0x13, 0xE5, 0x00, 0xE8, 0xF8, 0x14, 0x91, 0xC3, 0xC4, 0x84, 0x8E,
    0x4A, 0x66, 0xB0, 0x7E, 0xA6, 0x0E, 0x2F, 0x92, 0x2E, 0x28, 0xC9, 0x93, 0x13, 0x87, 0xCF, 0x64,
    0x69, 0xD6, 0x5C, 0xAE, 0x81, 0x6A, 0x47, 0x30, 0x22, 0x1E, 0xEB, 0x9A, 0xC0, 0x09, 0xA6, 0x63,
    0xA4, 0xEA, 0xD4, 0x4C, 0x98, 0xA9, 0x7D, 0x31, 0x72, 0x80, 0x1D, 0xD5, 0x40, 0x33, 0xEA, 0x8E,
    0x62, 0x2C, 0x3B, 0xD4, 0x58, 0xF6, 0x33, 0x7A, 0x95, 0x90, 0x34, 0xB9, 0x1D, 0x66, 0xAA, 0x69,
    0x86, 0x75, 0x62, 0x47, 0x8D, 0x6F, 0x24, 0x36, 0xD9, 0x2E, 0x46, 0xA3, 0xA6, 0x46, 0x3E, 0x90,
    0xA1, 0x91, 0xBF, 0x11, 0xFF, 0xB6, 0x87, 0xBA, 0x83, 0x32, 0x82, 0x1A, 0x80, 0x3D, 0xE0, 0xE7,
    0x40, 0xAE, 0xA6, 0xC7, 0xC8, 0x84, 0x7D, 0xB0, 0xE2, 0x8C, 0x03, 0xF6, 0xB1, 0x80, 0x4D, 0x17,
    0x52, 0xC1, 0x54, 0xAB, 0x25, 0xD6, 0x5B, 0x66, 0x39, 0xCB, 0xB1, 0x64, 0xF9, 0x40, 0x9C, 0x95,
    0xE5, 0x58, 0x8D, 0x55, 0x0F, 0x7F, 0x0F, 0xC5, 0x94, 0xB7, 0x49, 0x15, 0xC0, 0x5C, 0x63, 0xEE,
    0xB7, 0x01, 0xF1, 0x28, 0x09, 0xE8, 0x7F, 0x89, 0x54, 0x7E, 0xE0, 0x16, 0x77, 0xAF, 0x25, 0xB7,
    0x3A, 0xFC, 0x19, 0xE5, 0xB8, 0x85, 0x39, 0x3B, 0xE6, 0xB6, 0x89, 0xFC, 0x69, 0x71, 0x78, 0x2D,
    0x79, 0x37, 0x78, 0x94, 0x3F, 0xBE, 0x52, 0x6C, 0xB8, 0x47, 0x00, 0xD7, 0x92, 0x97, 0xB7, 0x80,
    0x7F, 0xF3, 0x10, 0x42, 0x8E, 0x3C, 0x7E, 0xEB, 0x9A, 0x72, 0xB7, 0x7D, 0x33, 0x50, 0xC9, 0x4A,
    0x04, 0xEB, 0x24, 0x36, 0x7E, 0x89, 0x0D, 0x26, 0xBC, 0x85, 0x75, 0x65, 0x07, 0x16, 0xDD, 0x93,
    0xBF, 0x62, 0x2B, 0x49, 0x9A, 0x21, 0xE7, 0x77, 0xD6, 0x41, 0xCA, 0x0C, 0x07, 0xD8, 0x40, 0xCA,
    0xDA, 0x83, 0xFD, 0xF5, 0xE7, 0x17, 0x2A, 0x36, 0xF2, 0x50, 0x24, 0x54, 0x17, 0x34, 0x23, 0x34,
    0x2B, 0x0A, 0x11, 0x6F, 0xBA, 0xC6, 0x35, 0xFC, 0x84, 0x1D, 0x60, 0x1F, 0x38, 0xB9, 0x8C, 0x53,
    0xE0, 0x0C, 0x58, 0x42, 0xCE, 0x66, 0xCF, 0x37, 0x9C, 0x11, 0x71, 0xA5, 0x4C, 0xD0, 0x76, 0x70,
    0x1B, 0xB8, 0x07, 0x2C, 0xD3, 0x82, 0x01, 0x74, 0x07, 0x0F, 0x03, 0xC5, 0xBF, 0x7B, 0x78, 0x04,
    0xB7, 0x0E, 0xA1, 0x8A, 0xA0, 0x07, 0x60, 0x02, 0xB6, 0x81, 0x5B, 0x00, 0x40, 0x7A, 0xFA, 0x97,
    0x09, 0xD3, 0x2D, 0x69, 0x68, 0xDC, 0x0E, 0xC6, 0xEF, 0x63, 0x42, 0x2B, 0x92, 0xE3, 0x14, 0x48,
    0x71, 0x00, 0xD8, 0xCB, 0xF5, 0xCD, 0xB0, 0x11, 0xB4, 0x08, 0x79, 0x3B, 0xFC, 0x03, 0xB0, 0x86,
    0x62, 0x04, 0xDD, 0x43, 0xE5, 0xAF, 0x2F, 0xF7, 0x6B, 0x0E, 0x6C, 0x00, 0xE9, 0x29, 0x7E, 0x37,
    0xA0, 0xBB, 0x3D, 0x6E, 0xB9, 0x57, 0xAF, 0x25, 0x77, 0xE1, 0xEE, 0x62, 0xFA, 0xB3, 0x1C, 0x85,
    0xBF, 0x0B, 0x5C, 0x4F, 0xCD, 0xBF, 0xBC, 0xFA, 0x96, 0x5A, 0xF6, 0xA8, 0x08, 0x8F, 0x00, 0xB8,
    0x4F, 0xB5, 0x4E, 0x4D, 0xAD, 0xE0, 0xF4, 0xDB, 0xDA, 0x86, 0x1C, 0x1A, 0xE9, 0x79, 0xDB, 0xD1,
    0xC2, 0x0A, 0x95, 0x36, 0x4D, 0xE1, 0x00, 0x8A, 0x9E, 0x36, 0xB7, 0xBA, 0xA3, 0xFA, 0xD6, 0xB6,
    0x7B, 0x81, 0xAC, 0xE1, 0xD3, 0xAB, 0xEF, 0xA1, 0x9F, 0x87, 0x46, 0xF7, 0x77, 0xF9, 0xE4, 0x0F,
    0xA8, 0xE4, 0x55, 0x75, 0x68, 0xF5, 0xB0, 0xD4, 0xC3, 0x3C, 0x80, 0x3F, 0x64, 0x2F, 0x85, 0x2B,
    0x28, 0xC7, 0xDA, 0xA9, 0x76, 0x05, 0xD5, 0x00, 0x66, 0x05, 0xFB, 0xD6, 0x71, 0x64, 0x02, 0x94,
    0x3D, 0xCB, 0xDF, 0x46, 0x2D, 0x5F, 0x0F, 0xA6, 0xDF, 0x1C, 0x1B, 0x57, 0x8E, 0x16, 0x3D, 0x1D,
    0x50, 0x4C, 0xA7, 0xA8, 0xCB, 0x60, 0x3A, 0x43, 0x8D, 0x07, 0xA8, 0xC1, 0x52, 0xC4, 0xC6, 0x97,
    0xBD, 0xE9, 0xEB, 0xFC, 0x0B, 0x67, 0xF7, 0x1C, 0x0A, 0xF7, 0x0B, 0x30, 0xF1, 0x08, 0x36, 0xD7,
    0x11, 0xEE, 0x35, 0x1D, 0xDC, 0xDD, 0x70, 0x00, 0x50, 0xF4, 0xCD, 0x21, 0xF6, 0xBF, 0x64, 0xC2,
    0x8A, 0xAC, 0xD1, 0xEB, 0x07, 0x42, 0x31, 0xB0, 0x4C, 0xD8, 0xEF, 0xCC, 0x9D, 0xB5, 0x92, 0xDE,
    0xCA, 0xFB, 0x32, 0x6C, 0x7C, 0x02, 0x7A, 0x04, 0x26, 0x60, 0x07, 0x30, 0xC0, 0xD5, 0x62, 0xBB,
    0x03, 0xA9, 0xAA, 0x54, 0xDD, 0xBC, 0x93, 0x68, 0xD1, 0xC3, 0x01, 0xC5, 0x78, 0x8A, 0x4A, 0x31,
    0xA5, 0xB8, 0xDC, 0xC9, 0xF8, 0xD2, 0x9D, 0xBC, 0xFC, 0x9F, 0xD2, 0xF5, 0xE4, 0xBE, 0xE5, 0xA1,
    0xE9, 0xC1, 0x0E, 0x30, 0x9D, 0xA0, 0xE2, 0x7D, 0x0A, 0x7F, 0xEB, 0x7A, 0x72, 0x3F, 0xDA, 0x80,
    0xB5, 0xA1, 0xF8, 0xEA, 0x3F, 0xD1, 0x9F, 0xAD, 0x28, 0xDC, 0xA3, 0x6B, 0xC9, 0xAB, 0x0E, 0x5F,
    0x45, 0x47, 0xEB, 0x52, 0xA4, 0x31, 0x70, 0x3D, 0xF5, 0xDE, 0x07, 0xAC, 0xCB, 0x91, 0xC7, 0x00,
    0x3C, 0xF3, 0xDF, 0xA9, 0x00, 0xF0, 0xE2, 0xBC, 0xE6, 0x62, 0xA1, 0x44, 0x86, 0xEA, 0xBC, 0x8E,
    0xC6, 0x57, 0xB1, 0xA1, 0x1E, 0x2D, 0xDB, 0x93, 0x25, 0x4E, 0xCB, 0xA2, 0x9B, 0x96, 0x95, 0x9F,
    0x96, 0x35, 0x93, 0xDD, 0x9B, 0x23, 0xAA, 0xA1, 0xEE, 0x74, 0x34, 0xB1, 0xEE, 0x1A, 0x11, 0xB7,
    0xB7, 0x3B, 0x52, 0x7C, 0x0A, 0x14, 0x13, 0xC0, 0x59, 0xA2, 0x49, 0x54, 0x1E, 0x28, 0x12, 0x00,
    0xB6, 0x33, 0x13, 0x4D, 0x57, 0xE5, 0xE7, 0x9D, 0xEF, 0x4E, 0xD9, 0x27, 0x62, 0x31, 0xA2, 0x45,
    0x46, 0x0A, 0x49, 0xBB, 0x68, 0x3B, 0xF1, 0xF0, 0x9A, 0x07, 0x6C, 0xE2, 0x00, 0x60, 0x02, 0x54,
    0xFC, 0x41, 0x97, 0xDC, 0x38, 0x04, 0x4C, 0x04, 0x9A, 0x09, 0xD8, 0xDF, 0x06, 0x86, 0x1A, 0xD4,
    0xE1, 0x86, 0xFB, 0x81, 0x96, 0xFC, 0x64, 0x23, 0x3F, 0xDD, 0x87, 0x0C, 0x7C, 0x72, 0x0B, 0x80,
    0x1F, 0x6A, 0x83, 0x6C, 0x7C, 0x72, 0xB5, 0xC3, 0x3A, 0x00, 0x16, 0x60, 0x2F, 0xF1, 0x8B, 0x04,
    0xD0, 0x8A, 0x96, 0xB0, 0x7B, 0xA1, 0x5A, 0x5F, 0x0E, 0xEC, 0xA0, 0x27, 0xF6, 0x50, 0x13, 0x13,
    0xAC, 0x19, 0x60, 0x59, 0x44, 0xB0, 0xEF, 0xF7, 0xD0, 0x7C, 0xD6, 0x81, 0xF9, 0x3C, 0x40, 0xF5,
    0x95, 0x07, 0x2D, 0x5C, 0xA2, 0x56, 0x00, 0x53, 0x62, 0x04, 0xD4, 0xD3, 0x67, 0x6E, 0xD3, 0xC1,
    0x9C, 0x17, 0xCC, 0x1A, 0xA8, 0xCE, 0x01, 0xF5, 0x04, 0x58, 0x0E, 0x40, 0x93, 0xD0, 0x89, 0xE2,
    0x9B, 0xB4, 0x7D, 0xDA, 0xC2, 0x8A, 0x62, 0xA5, 0x24, 0x9D, 0xB3, 0x7E, 0xA6, 0x0E, 0x33, 0xA6,
    0xBB, 0xA2, 0xBA, 0x1A, 0x5D, 0x12, 0x8A, 0xFC, 0xB4, 0x3D, 0x61, 0x29, 0xE4, 0xC1, 0x9A, 0xE2,
    0x7F, 0x64, 0x4C, 0xA9, 0x0E, 0x67, 0xE0, 0xA5, 0xDC, 0x59, 0x3B, 0xB0, 0x12, 0x80, 0x9F, 0x2B,
    0x0F, 0x6D, 0x19, 0x2F, 0xB9, 0x9B, 0x5E, 0xC2, 0x8F, 0xF2, 0x1B, 0xFA, 0x3F, 0xCD, 0xDA, 0x01,
    0xA4, 0x1D, 0x59, 0x9E, 0xF8, 0xF1, 0xEF, 0xA9, 0xD3, 0x73, 0x6B, 0xFE, 0x29, 0xD3, 0x67, 0xD0,
    0xE8, 0x74, 0x66, 0xA6, 0x06, 0x8D, 0x68, 0xDD, 0xA9, 0x3F, 0x06, 0x8D, 0xBC, 0x77, 0x4E, 0x9B,
    0x65, 0xB0, 0x98, 0x00, 0x00, 0x82, 0xC6, 0x6C, 0xB3, 0xDE, 0x22, 0x56, 0xF0, 0xF2, 0xEA, 0xEC,
    0xC2, 0x60, 0xE1, 0x2D, 0x00, 0xD8, 0x66, 0x1B, 0x99, 0xEC, 0x20, 0x68, 0x04, 0x2F, 0xAF, 0x6A,
    0xA7, 0xB1, 0x68, 0x6C, 0xCD, 0x0E, 0x06, 0xD0, 0x35, 0xC4, 0x2E, 0xCB, 0xEA, 0x33, 0x3B, 0x35,
    0x3B, 0x95, 0xED, 0xBA, 0xF5, 0xDB, 0xFA, 0x49, 0xEE, 0x93, 0x97, 0xA4, 0xBB, 0x5F, 0x27, 0x2F,
    0x49, 0xCE, 0xAB, 0xDF, 0xE7, 0xDC, 0xEB, 0xDE, 0x3A, 0xF5, 0xFB, 0xFD, 0xEA, 0xBE, 0x77, 0xEF,
    0xAD, 0x04, 0x27, 0x09, 0x54, 0x1E, 0x3B, 0x44, 0x31, 0x2A, 0x56, 0x22, 0x6A, 0x0B, 0xE4, 0x9F,
    0x75, 0x80, 0xFB, 0x69, 0xAF, 0x16, 0x09, 0xA8, 0xEC, 0x00, 0x6C, 0xD9, 0x09, 0xB8, 0x68, 0xD4,
    0x03, 0x66, 0x60, 0xA0, 0x01, 0x23, 0x22, 0x81, 0x6C, 0x31, 0x62, 0x3B, 0xCA, 0x96, 0xBC, 0xC5,
    0x75, 0x14, 0x91, 0x22, 0xE1, 0x02, 0x36, 0x51, 0x82, 0x1D, 0x69, 0x22, 0xE5, 0x8C, 0xB4, 0x54,
    0x12, 0xCE, 0xDC, 0xF8, 0x08, 0x27, 0x23, 0xAB, 0x65, 0x7E, 0x70, 0x98, 0xA6, 0xC7, 0xC9, 0x84,
    0x7F, 0x6F, 0xCD, 0x21, 0x7B, 0x5C, 0xC3, 0x83, 0x86, 0x69, 0xA0, 0x11, 0x8A, 0x75, 0x8D, 0x8F,
    0x9E, 0x45, 0x0E, 0x35, 0xA8, 0xA9, 0xDF, 0x93, 0xE0, 0xA5, 0x1E, 0x8B, 0xB1, 0xE8, 0xF9, 0x36,
    0x3F, 0x04, 0xBE, 0xC3, 0x4D, 0xC0, 0xBD, 0xD7, 0x03, 0xB9, 0x74, 0x80, 0x91, 0xF0, 0x72, 0x54,
    0xFE, 0xFF, 0x78, 0x9D, 0x57, 0x79, 0x97, 0x82, 0x2B, 0xE4, 0xFF, 0x9E, 0xC8, 0xA4, 0x83, 0x0F,
    0xC2, 0xE9, 0x54, 0xFF, 0x22, 0x2A, 0x33, 0x5A, 0x19, 0x48, 0x00, 0xE8, 0x15, 0xDB, 0xAA, 0x45,
    0x54, 0x5D, 0x40, 0xFD, 0x33, 0xD4, 0x49, 0xCD, 0x87, 0xA7, 0xAD, 0x33, 0x41, 0xD6, 0x41, 0x1E,
    0xC1, 0x01, 0x15, 0xE0, 0x35, 0x7E, 0x09, 0xE5, 0x00, 0xAB, 0x00, 0x5C, 0x07, 0xB2, 0x09, 0xB0,
    0x69, 0x93, 0xCB, 0xAB, 0x0F, 0xBD, 0xD2, 0xFE, 0x37, 0x50, 0x89, 0x24, 0x23, 0xA1, 0x48, 0x76,
    0xC0, 0x24, 0xD7, 0x41, 0x2A, 0x5B, 0xC0, 0x07, 0x05, 0xA0, 0x7E, 0x3C, 0x9B, 0xA7, 0x44, 0xA0,
    0x6A, 0x01, 0x97, 0x80, 0x7C, 0x02, 0x8C, 0xEC, 0xAF, 0x12, 0x5E, 0xA4, 0x27, 0x6B, 0xEE, 0x02,
    0xBF, 0xD0, 0x4C, 0x34, 0x11, 0x28, 0x5A, 0x70, 0xC0, 0xEB, 0x00, 0x40, 0xB5, 0xD6, 0x2E, 0x47,
    0xD7, 0x55, 0xA1, 0xE2, 0x5B, 0x6C, 0x03, 0xD7, 0x80, 0x83, 0xFB, 0x71, 0x1B, 0x38, 0x04, 0x6A,
    0xC0, 0x47, 0xF0, 0x77, 0x56, 0xC1, 0x89, 0x84, 0x5C, 0x26, 0x68, 0x3A, 0xE0, 0x2C, 0x40, 0x13,
    0xC1, 0x48, 0x07, 0xF6, 0xD7, 0x49, 0x3B, 0xBE, 0xFB, 0x42, 0xEA, 0x7C, 0x23, 0x80, 0x6F, 0xA1,
    0x49, 0x98, 0x61, 0xC4, 0x76, 0xBB, 0xAC, 0xC2, 0x1B, 0xA7, 0x52, 0xE7, 0x26, 0xC7, 0xB0, 0xC1,
    0xF3, 0x42, 0x4A, 0x3C, 0x03, 0x5A, 0xE2, 0x51, 0xE8, 0x7D, 0x38, 0x9D, 0x12, 0xBF, 0xC5, 0x6B,
    0x90, 0xB7, 0x03, 0x64, 0x7F, 0xEA, 0x01, 0x69, 0x5F, 0x58, 0x9D, 0xAB, 0x70, 0x16, 0x3D, 0x7D,
    0xE6, 0x8F, 0x23, 0x34, 0x49, 0x6B, 0xD5, 0xD3, 0x7B, 0x8A, 0x75, 0x52, 0x68, 0xA1, 0x68, 0xA5,
    0x9B, 0x52, 0xA9, 0x39, 0x3E, 0x1A, 0x91, 0x3B, 0x70, 0x4E, 0x44, 0x02, 0x36, 0x99, 0xA6, 0x5B,
    0xA4, 0x18, 0x54, 0x3B, 0xA9, 0xAC, 0x51, 0x0F, 0x51, 0xEB, 0x07, 0xF4, 0x8F, 0x58, 0x1F, 0xB9,
    0xD9, 0x6B, 0x52, 0xB3, 0x51, 0x2D, 0x92, 0xDA, 0xB4, 0x7A, 0xAC, 0x19, 0x3D, 0xEE, 0x3E, 0x00,
    0x54, 0x01, 0xB8, 0xEA, 0x01, 0x37, 0x6C, 0x03, 0xC5, 0xB0, 0x05, 0x64, 0xC3, 0x2E, 0xEA, 0x15,
    0xD4, 0xCB, 0xA8, 0x40, 0xF5, 0xC5, 0x80, 0x76, 0x66, 0xB1, 0xE8, 0xCB, 0xC5, 0x32, 0xDA, 0x45,
    0x8F, 0xBA, 0x47, 0xB6, 0x78, 0x88, 0x7A, 0xFB, 0xE8, 0xF6, 0xC6, 0x06, 0xB5, 0x0E, 0xAA, 0xEF,
    0x73, 0xDD, 0x57, 0x64, 0x0D, 0xB9, 0xCC, 0xD2, 0xC2, 0x07, 0x41, 0x7D, 0x6C, 0x4F, 0x7A, 0x8E,
    0x7A, 0x92, 0x3D, 0xD8, 0x93, 0xE6, 0x31, 0x3D, 0x69, 0x64, 0xDC, 0xF8, 0xC8, 0xA3, 0x87, 0x27,
    0xEC, 0xC9, 0xEA, 0x16, 0x50, 0x8D, 0xF7, 0x6B, 0xB6, 0x22, 0x2D, 0x0A, 0xE8, 0x5D, 0x14, 0x6D,
    0x83, 0xD1, 0x2E, 0x14, 0x83, 0x1B, 0x28, 0x5B, 0x3B, 0xE0, 0xB5, 0x30, 0xCF, 0xC2, 0x9E, 0x72,
    0x78, 0x9C, 0x46, 0xA9, 0x15, 0x1F, 0x17, 0xCA, 0x3E, 0x9F, 0x29, 0xE4, 0xAE, 0x44, 0xD3, 0xC4,
    0x01, 0x44, 0x40, 0x79, 0x78, 0xD4, 0x22, 0x42, 0xA5, 0xB8, 0x8E, 0x52, 0x71, 0x0A, 0x8F, 0x47,
    0x64, 0x50, 0x12, 0x7A, 0xF7, 0x2B, 0x71, 0x41, 0xD7, 0x63, 0x47, 0x57, 0x6E, 0x94, 0xEC, 0xC6,
    0x75, 0x72, 0x99, 0xD0, 0xF9, 0xD8, 0xD0, 0xE6, 0xCB, 0x84, 0xEB, 0x6A, 0x2A, 0xAA, 0xB0, 0x8D,
    0x8B, 0xD7, 0x70, 0x6D, 0x23, 0xA2, 0xD1, 0xDE, 0x06, 0x34, 0xF6, 0x00, 0xAF, 0x11, 0xC1, 0x0D,
    0xAB, 0xD6, 0x8A, 0x40, 0xDD, 0x43, 0xCC, 0x80, 0x3E, 0x07, 0x86, 0x12, 0xA8, 0xD7, 0x40, 0x39,
    0x3C, 0xEF, 0xF2, 0x56, 0x7C, 0x9B, 0x3C, 0x7C, 0x0F, 0x1B, 0x2F, 0x92, 0xFD, 0xCF, 0x08, 0x92,
    0xE0, 0xAD, 0x70, 0x3A, 0x25, 0xE6, 0x1D, 0xE0, 0xD2, 0x86, 0xBC, 0x7B, 0x21, 0x67, 0xF0, 0x4B,
    0xFF, 0x6C, 0x3F, 0x7D, 0x89, 0xCF, 0xB1, 0x08, 0xB8, 0xA2, 0x24, 0xC0, 0xB6, 0x40, 0xAE, 0x14,
    0xFF, 0xAC, 0xCC, 0x40, 0x36, 0x3E, 0x4D, 0x2D, 0x81, 0x7A, 0x06, 0x2E, 0x02, 0x03, 0x98, 0x04,
    0x59, 0x02, 0x33, 0xB7, 0x20, 0x11, 0x5E, 0xC7, 0xEC, 0xAF, 0x02, 0x0C, 0x25, 0xB0, 0x7D, 0x6D,
    0xF3, 0x42, 0x2D, 0xFA, 0x17, 0x72, 0x3E, 0x37, 0x6F, 0x4F, 0xD9, 0x1F, 0x07, 0x90, 0x7E, 0xF3,
    0xF6, 0x74, 0x2A, 0xE7, 0x13, 0xCE, 0x02, 0xD4, 0x11, 0x90, 0x0E, 0xEC, 0xEF, 0x12, 0x14, 0xF1,
    0xF1, 0x9F, 0xA8, 0xD8, 0xBC, 0x0D, 0x0F, 0x9A, 0xEB, 0x50, 0xC6, 0xAF, 0x79, 0x1B, 0x96, 0x71,
    0xA1, 0x19, 0x7D, 0xC0, 0x8E, 0x3E, 0x92, 0x8D, 0x55, 0xBB, 0xE0, 0xD2, 0x42, 0xBE, 0x5E, 0x30,
    0xF2, 0x9F, 0xFF, 0x34, 0xE2, 0xB5, 0x35, 0x59, 0x33, 0x07, 0xCE, 0x44, 0xA8, 0xB4, 0xBE, 0x01,
    0xA6, 0x03, 0x4C, 0xDA, 0x26, 0x8B, 0x67, 0x36, 0xDD, 0x9E, 0xAC, 0xC8, 0x54, 0xF4, 0xD5, 0x2F,
    0x5D, 0xEB, 0xDA, 0x32, 0x14, 0x6D, 0x15, 0x8A, 0x4E, 0x67, 0xA7, 0x3F, 0x7D, 0x15, 0xAD, 0xCC,
    0x20, 0x77, 0xC8, 0x03, 0xB8, 0x88, 0xB6, 0x3B, 0x2E, 0x31, 0x1A, 0xDD, 0xAF, 0x33, 0x6B, 0x0F,
    0x7B, 0x7B, 0x70, 0xAD, 0x86, 0x03, 0x1F, 0x57, 0x43, 0x29, 0xD2, 0x65, 0x72, 0x77, 0xF3, 0x51,
    0x84, 0x77, 0xC1, 0xB6, 0x1F, 0x43, 0x26, 0x09, 0x68, 0xE2, 0x73, 0x2E, 0x3F, 0x0B, 0x2B, 0xB2,
    0xD6, 0x61, 0xBA, 0x57, 0xE1, 0xEE, 0x01, 0xD4, 0x23, 0xBC, 0xB1, 0xFF, 0xEC, 0xCB, 0xA7, 0x02,
    0xA8, 0xE3, 0x86, 0x8A, 0x17, 0x72, 0xF6, 0x57, 0x01, 0xCA, 0x0E, 0xCA, 0x1E, 0x74, 0xD6, 0xFB,
    0xF0, 0x1C, 0xCA, 0x07, 0xA0, 0x08, 0xC0, 0xDB, 0x00, 0x5B, 0x6C, 0x0A, 0x2B, 0x9F, 0x7B, 0x0F,
    0x00, 0x4C, 0x0F, 0x85, 0x16, 0x01, 0xB8, 0x16, 0xDC, 0xA6, 0x17, 0xCF, 0xBA, 0x0F, 0x67, 0x02,
    0x80, 0xEF, 0xD4, 0x26, 0x01, 0x26, 0x8D, 0x80, 0x6D, 0x2F, 0x3C, 0xFC, 0x41, 0x35, 0x96, 0x92,
    0x6A, 0x09, 0x4E, 0xFA, 0x7C, 0x80, 0x19, 0x9B, 0x60, 0x7D, 0x32, 0x45, 0x64, 0xE3, 0xC9, 0xF7,
    0xAA, 0xE6, 0x50, 0xC8, 0xFE, 0xBD, 0xE3, 0xC2, 0x2F, 0x00, 0x23, 0x80, 0x15, 0xAD, 0xEF, 0xE7,
    0x1D, 0x5C, 0x20, 0xF1, 0xD0, 0x30, 0x37, 0x81, 0x32, 0x6D, 0xB0, 0x8F, 0x65, 0xA7, 0xC7, 0xFE,
    0x49, 0x26, 0xAC, 0x68, 0x3E, 0x6B, 0xA3, 0xA5, 0x70, 0xA8, 0xEC, 0x9D, 0x98, 0x6A, 0xCE, 0xA4,
    0xF3, 0x92, 0x4B, 0xDA, 0x34, 0x26, 0x3E, 0xB6, 0x31, 0x8D, 0x2C, 0x23, 0xDD, 0xF3, 0x59, 0x34,
    0x66, 0xA5, 0x05, 0xD7, 0xC7, 0x0B, 0x6E, 0x64, 0x40, 0x39, 0x2A, 0xB8, 0xEA, 0xB1, 0xBF, 0xD7,
    0x82, 0xBF, 0x38, 0x8D, 0x82, 0x8B, 0x78, 0xB3, 0x1A, 0xD2, 0xC5, 0xBA, 0x7B, 0xD7, 0x45, 0x00,
    0xA8, 0xA4, 0x2F, 0xA5, 0x63, 0xE2, 0x9B, 0x6E, 0xE7, 0x64, 0x7F, 0xD9, 0x77, 0x15, 0x2E, 0x97,
    0x7D, 0xBA, 0x30, 0xF7, 0x17, 0x7D, 0xF7, 0xE6, 0x99, 0x00, 0x70, 0x81, 0x62, 0xD6, 0xCD, 0xAC,
    0xE1, 0xF6, 0x57, 0x6D, 0x2B, 0xD9, 0x77, 0xD2, 0x37, 0x12, 0x97, 0xED, 0xC1, 0xD7, 0x6A, 0x2D,
    0xC1, 0x26, 0xBE, 0xE9, 0xB6, 0x33, 0x87, 0x65, 0xDF, 0x0F, 0x6E, 0x2C, 0xB6, 0x8B, 0x1C, 0x8D,
    0x5B, 0x54, 0xA3, 0x6E, 0xF9, 0x40, 0xF6, 0x95, 0xDB, 0xB9, 0x39, 0x78, 0x89, 0x97, 0x4C, 0xB8,
    0x69, 0xE3, 0xD5, 0x62, 0xB9, 0x4D, 0x31, 0x9E, 0x42, 0x4A, 0xFB, 0x26, 0xDE, 0xB4, 0xED, 0x95,
    0x3C, 0x6E, 0xEF, 0x50, 0xCD, 0xAC, 0x3E, 0x7A, 0x92, 0xAC, 0x9E, 0x32, 0x07, 0xD3, 0x62, 0x03,
    0x05, 0x38, 0x28, 0x5F, 0xC1, 0x8D, 0xE4, 0x3D, 0x45, 0x57, 0xA6, 0x32, 0x15, 0x1D, 0x00, 0xD4,
    0x5D, 0xDD, 0x15, 0x5F, 0xF2, 0xB3, 0x73, 0x57, 0x66, 0xDB, 0x3A, 0x2E, 0xB0, 0xC5, 0x2E, 0xF5,
    0xC7, 0xBE, 0x5F, 0x69, 0x2E, 0xF9, 0xBD, 0xF4, 0xD3, 0xE9, 0x9C, 0xBA, 0xAC, 0x6F, 0x96, 0x9F,
    0xF2, 0x4B, 0x13, 0x68, 0x66, 0x93, 0x34, 0xF2, 0xEE, 0xE9, 0xA3, 0x59, 0x9B, 0x24, 0xCB, 0x5A,
    0x47, 0x1F, 0x25, 0xB5, 0x1F, 0xB9, 0xB4, 0x4B, 0x04, 0xCC, 0x47, 0xBC, 0xC6, 0xA5, 0x03, 0xC6,
    0x03, 0xA6, 0xF3, 0x5C, 0x06, 0x80, 0x9F, 0xF1, 0xD1, 0x01, 0xE3, 0xC9, 0x37, 0x8E, 0x36, 0x06,
    0x7E, 0x9C, 0x90, 0x1E, 0x89, 0xBA, 0x0C, 0x46, 0xC0, 0x4A, 0xD4, 0xBF, 0x83, 0xC7, 0xFE, 0x0C,
    0x96, 0x92, 0x70, 0xD2, 0xC3, 0x9A, 0x27, 0x8B, 0x89, 0x37, 0x99, 0x38, 0xCC, 0x07, 0x6A, 0xE9,
    0x28, 0x67, 0xB4, 0x12, 0x3B, 0x51, 0x08, 0xE5, 0x4F, 0xC3, 0x56, 0xDE, 0xBE, 0x6F, 0xF6, 0x01,
    0xFE, 0x92, 0x62, 0xC2, 0x4D, 0x64, 0x13, 0x9C, 0x78, 0x33, 0x23, 0x76, 0xA0, 0xE8, 0x28, 0x03,
    0x5B, 0x9B, 0xD3, 0xED, 0x85, 0x1D, 0x09, 0xD5, 0x8C, 0x4D, 0xE4, 0xBD, 0x5A, 0xB6, 0xAA, 0x47,
    0x9D, 0x54, 0x9B, 0x54, 0xD7, 0xAA, 0x3E, 0x2C, 0xCA, 0x8C, 0x2A, 0x6A, 0xF2, 0x51, 0x2D, 0x7B,
    0xB5, 0x18, 0xD4, 0x6C, 0x52, 0x11, 0x15, 0xDF, 0xAA, 0x65, 0xAF, 0x16, 0x83, 0x1E, 0xCB, 0xCE,
    0xFA, 0xAB, 0x90, 0x4B, 0x07, 0x00, 0xE0, 0x82, 0x5A, 0xB6, 0x6A, 0xAE, 0x62, 0x55, 0x4A, 0x85,
    0xD7, 0x94, 0xCB, 0x40, 0x91, 0x80, 0x4A, 0x29, 0x14, 0xFB, 0x58, 0x0A, 0x7D, 0xF5, 0xE6, 0x5A,
    0x8D, 0x1D, 0x34, 0xE9, 0x0E, 0xCD, 0x79, 0x61, 0x0D, 0x56, 0x46, 0x45, 0xB3, 0x4B, 0x0D, 0x68,
    0xEA, 0x9B, 0xA7, 0xE4, 0x09, 0xCD, 0x7B, 0x81, 0x99, 0x6A, 0xC6, 0xF7, 0x5E, 0x28, 0x13, 0x00,
    0xB0, 0xAB, 0xCC, 0xCA, 0xB6, 0xF2, 0x03, 0xE5, 0x6D, 0xA5, 0x57, 0x80, 0x55, 0x5F, 0x4A, 0x68,
    0x7A, 0x37, 0xD3, 0x74, 0x59, 0xA2, 0xEC, 0xF2, 0x96, 0xA2, 0x73, 0x61, 0x61, 0x8B, 0x85, 0x8F,
    0x17, 0x24, 0x29, 0xA3, 0xDE, 0x9D, 0x95, 0x3A, 0x2C, 0x94, 0xDD, 0x42, 0x91, 0x16, 0xB2, 0x89,
    0x9D, 0xD1, 0x48, 0x94, 0xD9, 0x48, 0xC7, 0x1B, 0x01, 0xEA, 0x00, 0x6B, 0x30, 0x69, 0xD3, 0x0F,
    0x00, 0x68, 0x04, 0xEA, 0x19, 0x5C, 0xF7, 0x54, 0x71, 0x61, 0x89, 0xAD, 0x4A, 0x64, 0xAA, 0x97,
    0xD0, 0x8F, 0xBC, 0x3E, 0xB2, 0x07, 0x23, 0x66, 0x53, 0x14, 0xDF, 0xE5, 0x5C, 0xA2, 0x49, 0xDA,
    0x73, 0xFB, 0x44, 0x9B, 0x36, 0x52, 0x9E, 0x4D, 0xC2, 0x9B, 0xD7, 0x8A, 0xEB, 0x21, 0xEB, 0xC1,
    0x74, 0x50, 0x44, 0x78, 0xE5, 0xF4, 0xF2, 0x06, 0xED, 0x85, 0x1D, 0x30, 0x23, 0x5C, 0x81, 0x84,
    0x8D, 0x00, 0x8D, 0x64, 0x63, 0x3D, 0x67, 0x83, 0xEB, 0x6C, 0x5A, 0xA2, 0x5B, 0xA2, 0x5D, 0x22,
    0x3E, 0x55, 0x3D, 0xDF, 0xDD, 0x3E, 0x97, 0xF6, 0x9A, 0x74, 0xBB, 0x4A, 0x07, 0x36, 0x0D, 0x36,
    0x25, 0x9B, 0xF6, 0x4F, 0xBD, 0xD7, 0x66, 0x5C, 0xF2, 0x9C, 0xEE, 0x85, 0x19, 0x4E, 0x9E, 0xDB,
    0x09, 0xFB, 0xF9, 0xBE, 0xFD, 0xFD, 0x6C, 0x75, 0x5B, 0xEB, 0xED, 0x47, 0x72, 0xF3, 0xD2, 0x42,
    0x25, 0x11, 0xB2, 0x91, 0x2F, 0xE3, 0xED, 0x85, 0xBB, 0xD3, 0x82, 0xF4, 0x0B, 0x33, 0x50, 0x8C,
    0x80, 0x57, 0xFE, 0xFA, 0xF1, 0xBB, 0xE5, 0xED, 0x82, 0x8B, 0x7A, 0xC1, 0x32, 0x78, 0xC5, 0xDC,
    0xD4, 0x6C, 0x25, 0x51, 0x3C, 0x9C, 0x61, 0xB0, 0x7F, 0x88, 0x56, 0x82, 0x9D, 0xC8, 0x13, 0x95,
    0x16, 0xC5, 0x3F, 0x3E, 0xDA, 0xC9, 0xBB, 0xD4, 0x02, 0xF0, 0x81, 0xC2, 0xAC, 0x64, 0x83, 0x6A,
    0x3B, 0xB5, 0x08, 0x1C, 0x1B, 0x7E, 0x8D, 0x93, 0xD6, 0x0B, 0x85, 0xE8, 0xE2, 0x4C, 0x58, 0x69,
    0xD5, 0xCF, 0x3A, 0xF5, 0xB7, 0x49, 0xFD, 0xCD, 0xA8, 0x76, 0x13, 0xEA, 0x21, 0xAA, 0x47, 0xAD,
    0xA2, 0xEA, 0x5A, 0x35, 0xEF, 0x55, 0x3B, 0xA8, 0x66, 0x52, 0x59, 0xAB, 0xD4, 0x2A, 0x95, 0x8A,
    0x9B, 0x34, 0xC3, 0x62, 0xA2, 0x11, 0xEC, 0x04, 0xAC, 0x3E, 0x04, 0x5C, 0x0F, 0x54, 0x11, 0xD8,
    0x06, 0xB8, 0xAA, 0x7C, 0xA8, 0x00, 0x59, 0x5F, 0xED, 0xE3, 0xFF, 0x20, 0x13, 0x5E, 0x64, 0xC6,
    0xCE, 0xEF, 0x09, 0x47, 0xD7, 0x43, 0x4F, 0xCC, 0xB9, 0xD9, 0x48, 0xEF, 0xE5, 0xC7, 0x32, 0xBC,
    0xE8, 0x82, 0x4F, 0xFC, 0xAE, 0x01, 0xCF, 0xA8, 0x03, 0xC0, 0x51, 0x97, 0xD7, 0xCA, 0x35, 0xE5,
    0xFB, 0xCA, 0xAE, 0xD2, 0x1F, 0x1D, 0x38, 0x9C, 0x05, 0x6C, 0xBF, 0x0B, 0x70, 0x77, 0x50, 0xEB,
    0x5E, 0xAD, 0xDA, 0x97, 0xEA, 0x45, 0x74, 0x9E, 0x0F, 0xA1, 0xCC, 0x12, 0x14, 0x9F, 0xB6, 0x60,
    0x25, 0x82, 0x11, 0x80, 0xEB, 0xCF, 0xA8, 0x85, 0x65, 0x00, 0x2A, 0x00, 0xAF, 0x6C, 0x1D, 0xF5,
    0xEE, 0xD6, 0xFB, 0xE7, 0x46, 0x86, 0x5D, 0x91, 0x70, 0xA9, 0xBE, 0xB3, 0xD3, 0x52, 0x87, 0xBC,
    0x63, 0x0F, 0xDB, 0x73, 0x4D, 0xD9, 0xFD, 0xA6, 0x34, 0xDA, 0xD9, 0xB6, 0xBE, 0xDF, 0xD9, 0xC8,
    0x01, 0xF6, 0xF3, 0x4E, 0x1F, 0xF9, 0xD7, 0xA4, 0xFE, 0xCB, 0xA8, 0xFE, 0x6A, 0x52, 0x5B, 0x41,
    0xAD, 0x83, 0xEA, 0x5B, 0xD5, 0xF5, 0x6A, 0x91, 0x54, 0x3B, 0xA9, 0x66, 0xAD, 0xD2, 0x1C, 0xA8,
    0x7E, 0x52, 0x4B, 0x15, 0xA7, 0x62, 0xB5, 0xB3, 0x64, 0xDA, 0x59, 0x98, 0x00, 0x38, 0x50, 0xB8,
    0x0A, 0x5A, 0x9D, 0xC2, 0x00, 0xB8, 0xBF, 0x49, 0xAA, 0x74, 0x80, 0xD5, 0x4B, 0x31, 0x6D, 0x1D,
    0xEB, 0x4F, 0x24, 0xC9, 0x67, 0x32, 0x56, 0xA3, 0x9D, 0x8A, 0x8E, 0x13, 0xC5, 0xCE, 0xC8, 0x24,
    0x33, 0x13, 0x1C, 0xC5, 0x08, 0x76, 0x80, 0xA2, 0x03, 0x6D, 0xF3, 0x16, 0xF0, 0x0A, 0x14, 0x32,
    0xB2, 0xF1, 0xD1, 0xB1, 0x92, 0x1E, 0xF0, 0x32, 0x83, 0x99, 0x43, 0xDD, 0x61, 0x13, 0x45, 0xC2,
    0x75, 0x5A, 0x4B, 0x19, 0x61, 0x8D, 0x0F, 0x70, 0x88, 0x07, 0x6A, 0x6A, 0xC0, 0xDF, 0x33, 0x3C,
    0xE2, 0x32, 0xA3, 0x46, 0x38, 0xA4, 0x6C, 0x61, 0x8D, 0xEB, 0x31, 0x13, 0xF9, 0x40, 0x9E, 0x74,
    0xFD, 0x9D, 0x16, 0x3D, 0xD6, 0xE6, 0xB8, 0xE6, 0xC6, 0x0D, 0x32, 0x91, 0x65, 0xFE, 0x05, 0xC7,
    0xC6, 0xCE, 0x80, 0x15, 0xC1, 0xF5, 0x65, 0x5B, 0x85, 0x3C, 0x79, 0xEC, 0xB0, 0x47, 0x36, 0xDE,
    0xC6, 0x68, 0x4C, 0x1A, 0x87, 0x98, 0x71, 0x6F, 0x09, 0x4F, 0x96, 0xAA, 0x98, 0xF7, 0xFA, 0x5C,
    0xDD, 0x87, 0x9D, 0x3B, 0x47, 0xFF, 0x10, 0xC8, 0xBB, 0x40, 0x1E, 0x13, 0x60, 0xA5, 0x07, 0x68,
    0xE2, 0xCB, 0x51, 0xF9, 0xBD, 0x0B, 0x90, 0xC5, 0xFD, 0x0B, 0x90, 0xB7, 0x37, 0x17, 0x20, 0x4F,
    0xA7, 0x7A, 0x1A, 0xD7, 0x03, 0x53, 0x15, 0x81, 0x71, 0x1B, 0x20, 0xDD, 0x02, 0x4C, 0xDB, 0xBF,
    0x4C, 0x67, 0x9F, 0x37, 0xFE, 0xF6, 0x3A, 0xD5, 0xCF, 0x07, 0xBC, 0x7E, 0xEC, 0x70, 0x81, 0xAB,
    0xEF, 0xC0, 0xE5, 0x37, 0x4F, 0xA7, 0x07, 0xA6, 0x91, 0x65, 0x04, 0xAA, 0x45, 0x9D, 0x65, 0x59,
    0x04, 0x17, 0xAC, 0xE6, 0x42, 0x11, 0x5D, 0xAF, 0x33, 0x9A, 0xA7, 0xCE, 0xF8, 0x70, 0x7F, 0x46,
    0x67, 0xA8, 0x1F, 0x98, 0x45, 0xA6, 0xFB, 0xF3, 0x48, 0xFD, 0xD0, 0xE3, 0x9E, 0xE3, 0xFB, 0x57,
    0xF7, 0xD7, 0xDB, 0xAC, 0x5F, 0x8C, 0x3A, 0xE7, 0x6D, 0x26, 0x51, 0x8F, 0x1F, 0xA9, 0x45, 0x47,
    0x64, 0x75, 0x2F, 0x2F, 0xAD, 0xB3, 0xD9, 0x27, 0x13, 0xC9, 0x65, 0xD4, 0x6A, 0x3F, 0x8B, 0xB7,
    0x59, 0x0A, 0x9E, 0xB5, 0x93, 0xD8, 0x89, 0x8A, 0x3D, 0xF4, 0x5C, 0x84, 0xA5, 0x62, 0xDD, 0xF1,
    0x68, 0x62, 0x02, 0x0E, 0x31, 0x3A, 0xED, 0x61, 0xD6, 0x80, 0x27, 0x9B, 0x81, 0xA5, 0x17, 0x12,
    0xD0, 0xC5, 0xA4, 0xCF, 0xA3, 0x15, 0xF9, 0x73, 0x99, 0xB5, 0xA1, 0xA6, 0xE9, 0x8E, 0x7D, 0x6C,
    0x28, 0x8F, 0x3E, 0x36, 0x5C, 0xE1, 0x81, 0xE1, 0x45, 0x3A, 0xCE, 0xDD, 0xBB, 0x36, 0x66, 0x64,
    0x01, 0x1F, 0x17, 0xAA, 0x76, 0xA1, 0x3C, 0xA2, 0x8A, 0x0B, 0x5E, 0x9F, 0xB2, 0xC6, 0x8A, 0xDC,
    0x51, 0x06, 0xF4, 0xEE, 0x02, 0x87, 0x4A, 0xAD, 0x78, 0x94, 0x60, 0x75, 0x81, 0x7C, 0xA0, 0xEA,
    0xF4, 0x92, 0xDD, 0xA4, 0x5F, 0x04, 0xD7, 0xC7, 0xFF, 0xF7, 0x4A, 0x07, 0x2E, 0xC0, 0x59, 0x00,
    0x58, 0xF5, 0x67, 0xF1, 0xBF, 0x93, 0x58, 0x7F, 0x21, 0xC1, 0x8A, 0xE8, 0xC2, 0x4B, 0xF0, 0xB5,
    0x51, 0xCE, 0x01, 0x2F, 0xF1, 0x79, 0x16, 0x01, 0xC0, 0x05, 0xC5, 0x2B, 0xEE, 0x88, 0x2D, 0xE5,
    0xBB, 0x4F, 0x5F, 0x0B, 0x80, 0xE9, 0xC1, 0x0E, 0x60, 0x46, 0xE0, 0x0A, 0x90, 0xC0, 0x46, 0x00,
    0xE0, 0x4D, 0xF6, 0x61, 0x3B, 0x6F, 0xC1, 0xFD, 0x43, 0x80, 0x7C, 0x46, 0xFB, 0xFA, 0x42, 0xCE,
    0xE9, 0x19, 0xCE, 0x53, 0xB4, 0x23, 0xF6, 0x0F, 0x09, 0x23, 0x1D, 0x34, 0x11, 0xDE, 0x3A, 0x9D,
    0x73, 0x0A, 0x6F, 0x05, 0x68, 0x80, 0x09, 0xB2, 0x07, 0x1B, 0x00, 0xEC, 0xCC, 0xBA, 0x66, 0x72,
    0x5D, 0x9E, 0xAA, 0x90, 0x25, 0x0F, 0x1A, 0x97, 0x7D, 0x00, 0xDF, 0xA1, 0x6B, 0x50, 0xC8, 0x8C,
    0xD1, 0x46, 0x14, 0xA2, 0xAB, 0x8E, 0x60, 0x27, 0x30, 0xD3, 0x6B, 0x30, 0xED, 0x62, 0xC6, 0x6D,
    0xB2, 0xC1, 0x87, 0xB2, 0xAF, 0x44, 0x62, 0x21, 0x23, 0x98, 0xEB, 0xD8, 0x91, 0xA2, 0xC7, 0x45,
    0x4A, 0x38, 0x0F, 0x60, 0x9A, 0x3B, 0x4E, 0x26, 0xCF, 0xB5, 0x2D, 0xB6, 0xF6, 0xC0, 0x47, 0xFC,
    0x1C, 0x4A, 0x19, 0x56, 0x32, 0x71, 0x6E, 0x86, 0xE6, 0x87, 0x6C, 0x5F, 0x65, 0x6B, 0x97, 0x83,
    0x5A, 0xD2, 0xB9, 0xFB, 0xFF, 0xD4, 0x52, 0xF5, 0x50, 0x0F, 0x30, 0xEE, 0x62, 0xBB, 0xF2, 0xD9,
    0x26, 0xFD, 0x17, 0x20, 0x64, 0xD2, 0xE6, 0xBF, 0xED, 0xDC, 0x7B, 0xE9, 0x2C, 0xEF, 0x3F, 0x49,
    0xD2, 0x70, 0x73, 0x49, 0x2E, 0x3D, 0x26, 0xB9, 0x74, 0x3C, 0xB9, 0xB5, 0x26, 0xD7, 0x3E, 0x98,
    0xDC, 0xFB, 0x98, 0x69, 0x17, 0xA6, 0x2D, 0xCC, 0xE8, 0xEF, 0x25, 0x97, 0x2A, 0x91, 0xB6, 0x90,
    0xBB, 0x60, 0x03, 0x14, 0x40, 0xD9, 0xC3, 0x2A, 0x01, 0x1F, 0xC3, 0x5F, 0x25, 0xCD, 0xE8, 0x1B,
    0xE6, 0x28, 0x81, 0xB7, 0xE1, 0x47, 0xA0, 0x8F, 0x44, 0x8A, 0x68, 0x6C, 0xB4, 0x9F, 0x63, 0x3E,
    0xC2, 0x84, 0x6F, 0x61, 0xD2, 0x36, 0xDC, 0x9E, 0xC0, 0x27, 0x70, 0xDD, 0x33, 0x6D, 0xF8, 0xD2,
    0xE1, 0xA5, 0xCF, 0x4B, 0xB7, 0xAD, 0xB4, 0x88, 0xF6, 0xFF, 0x09, 0x1A, 0x2E, 0xCB, 0xE8, 0x45,
    0x19, 0xEC, 0x60, 0xEF, 0x71, 0xC9, 0x0E, 0xE6, 0x12, 0x76, 0x80, 0xA7, 0x63, 0x04, 0x2A, 0x89,
    0x50, 0x4B, 0x0B, 0xF4, 0x40, 0xD6, 0x02, 0xF9, 0x80, 0xD6, 0x05, 0xF0, 0x0E, 0xF0, 0xBD, 0x8B,
    0x80, 0xEB, 0x81, 0x4B, 0x90, 0xC8, 0xEE, 0x5D, 0xDE, 0x95, 0x71, 0xD9, 0xBE, 0xFE, 0x3A, 0xC4,
    0xF8, 0x8A, 0x91, 0x89, 0xBA, 0x23, 0x87, 0xEF, 0x40, 0x15, 0xA9, 0x7A, 0x4C, 0x22, 0xF4, 0x7C,
    0xD1, 0x6A, 0x4B, 0x2E, 0x9B, 0x08, 0x5B, 0x45, 0x0B, 0xE5, 0x0E, 0x50, 0xAC, 0x37, 0x99, 0x1D,
    0x8D, 0xE7, 0xD8, 0x82, 0xDB, 0xB0, 0x86, 0x09, 0x46, 0x48, 0x5C, 0xEA, 0x49, 0xF1, 0x89, 0xCA,
    0xDD, 0xFF, 0x3E, 0xF0, 0x76, 0x29, 0x22, 0x53, 0xB5, 0xB0, 0xAE, 0xF0, 0x6C, 0x6D, 0x2F, 0x6C,
    0x6F, 0x2D, 0x5C, 0xB8, 0xB8, 0x50, 0xBE, 0xBB, 0xE0, 0x58, 0x60, 0x83, 0x86, 0x08, 0x0A, 0x8B,
    0x7C, 0x1D, 0x2B, 0xE9, 0xC1, 0xC9, 0x08, 0xFF, 0x1F, 0x12, 0x79, 0xC2, 0x2F, 0x87, 0x92, 0xF5,
    0x83, 0x19, 0x79, 0x19, 0x96, 0xED, 0x58, 0x8E, 0x03, 0xD9, 0xDA, 0x20, 0x33, 0x55, 0x0F, 0xD7,
    0x6C, 0x00, 0xE4, 0xEF, 0x16, 0xCD, 0x6F, 0x04, 0xC8, 0xDA, 0xDB, 0x1C, 0x1B, 0x5E, 0x5A, 0x2B,
    0xA9, 0x92, 0x36, 0x93, 0x94, 0x8D, 0x70, 0x81, 0xA7, 0xD7, 0xDC, 0x73, 0x82, 0x2D, 0x58, 0xBC,
    0x08, 0x0D, 0x8C, 0xE0, 0xBB, 0x3C, 0x41, 0x21, 0xD2, 0x02, 0xCD, 0x5D, 0xE0, 0xF5, 0x2C, 0x40,
    0xF3, 0x93, 0x85, 0x2F, 0x3E, 0x07, 0xF3, 0x6B, 0x59, 0x88, 0xE7, 0x37, 0xB9, 0x75, 0x6E, 0xA2,
    0xEA, 0x8A, 0x91, 0xA2, 0x33, 0x27, 0x27, 0xEF, 0x15, 0xAD, 0xC6, 0x8A, 0x8C, 0x64, 0x22, 0x12,
    0x68, 0x3A, 0x89, 0x20, 0x02, 0x1B, 0xE1, 0xA5, 0xEA, 0xC4, 0x8D, 0x1B, 0x80, 0x66, 0xAA, 0xB7,
    0x8E, 0xC6, 0x33, 0xEB, 0x44, 0xCC, 0x00, 0xFA, 0x5C, 0x1D, 0x4A, 0xB5, 0x5E, 0xAB, 0xE5, 0xF0,
    0x92, 0xF4, 0x23, 0x66, 0x01, 0xBA, 0x7C, 0x21, 0x15, 0xC0, 0xE1, 0x1E, 0xE0, 0x37, 0xD7, 0xBF,
    0x9E, 0x51, 0x53, 0x8A, 0x1E, 0xE0, 0x7B, 0x3F, 0x52, 0xDF, 0x7C, 0xFD, 0xE8, 0x36, 0x45, 0xFF,
    0x92, 0x34, 0x25, 0x8B, 0xC0, 0xAB, 0x37, 0x81, 0xF3, 0xAF, 0x6F, 0xF8, 0xCE, 0x15, 0x20, 0xDB,
    0x7F, 0x66, 0x4D, 0x71, 0xFF, 0x36, 0xB1, 0xF8, 0xC9, 0x00, 0x94, 0x45, 0x07, 0xBC, 0xE3, 0x02,
    0x70, 0xF1, 0x9D, 0x97, 0xEA, 0xF7, 0xE7, 0xCC, 0xDF, 0x5F, 0xD7, 0x2C, 0x27, 0x28, 0x7F, 0x92,
    0xA0, 0x72, 0x2D, 0x5C, 0x2C, 0xD1, 0x13, 0xF9, 0x8C, 0x5A, 0xF3, 0x62, 0x0A, 0x8E, 0x60, 0xB4,
    0x60, 0xC8, 0xA2, 0x9A, 0x2B, 0x38, 0x85, 0x1F, 0x28, 0x54, 0xAF, 0xA8, 0xE5, 0xA0, 0x16, 0xDD,
    0xE9, 0xD7, 0x0D, 0x24, 0xC0, 0x76, 0x40, 0x11, 0x01, 0x17, 0x80, 0x52, 0x71, 0xFF, 0xA5, 0x4C,
    0x80, 0xD9, 0x07, 0x58, 0x05, 0x15, 0xAA, 0x5E, 0x85, 0x7A, 0x50, 0x61, 0xD8, 0x05, 0x74, 0x89,
    0x92, 0x47, 0x87, 0x48, 0x2C, 0x3B, 0x2B, 0xA9, 0x96, 0x50, 0xA5, 0x4C, 0xFA, 0x3C, 0xE1, 0x13,
    0xDB, 0xD8, 0x41, 0xF7, 0xDF, 0xD2, 0xB9, 0x19, 0xB9, 0xA8, 0x1D, 0x5B, 0x4F, 0xEC, 0x92, 0x4D,
    0x0C, 0x6B, 0x6E, 0x61, 0x26, 0x93, 0x66, 0x46, 0x98, 0x6C, 0xAA, 0x19, 0x60, 0x6D, 0x7B, 0x4F,
    0x82, 0xC3, 0xBC, 0xF3, 0xEF, 0xE9, 0x5C, 0xB4, 0xD5, 0xAF, 0x7A, 0xA8, 0x5D, 0x5B, 0x7E, 0xD2,
    0x83, 0x77, 0xC1, 0xFD, 0x46, 0x1B, 0x54, 0x52, 0xFC, 0x47, 0x0B, 0x55, 0x4D, 0xFE, 0x85, 0xCE,
    0x87, 0x58, 0x89, 0x50, 0xAE, 0xB1, 0x12, 0xB4, 0x20, 0xCC, 0xFD, 0x19, 0x01, 0x8A, 0x01, 0x04,
    0x20, 0xFB, 0x50, 0xCD, 0x27, 0xD5, 0xCD, 0x6A, 0x55, 0xA9, 0xBB, 0x45, 0x0B, 0x7C, 0x74, 0xF4,
    0x4B, 0xD9, 0x4C, 0xF9, 0xE8, 0xA4, 0x1A, 0x8A, 0x69, 0x75, 0x37, 0xEF, 0xDD, 0x44, 0xB2, 0xC9,
    0xAD, 0xCD, 0x62, 0x79, 0x98, 0xF5, 0x59, 0xF2, 0xDE, 0x76, 0x66, 0xD8, 0xF6, 0xB6, 0x65, 0xDC,
    0x2D, 0x7F, 0xB2, 0x78, 0xE0, 0x3E, 0x8D, 0x1C, 0x8C, 0xEE, 0xD3, 0xC0, 0xEE, 0x50, 0x7C, 0x06,
    0x7B, 0x29, 0xFF, 0x1C, 0x7C, 0x6F, 0xE7, 0xC5, 0x2E, 0x5B, 0x43, 0xD5, 0x9A, 0x09, 0xCA, 0xC8,
    0x22, 0x6F, 0x00, 0xE0, 0x5B, 0x55, 0x12, 0x90, 0xA5, 0x11, 0xC8, 0xDB, 0xAD, 0x47, 0x7B, 0x2B,
    0xB1, 0x91, 0x50, 0x2C, 0xDB, 0x08, 0x03, 0x76, 0x22, 0x4B, 0x20, 0xD8, 0x16, 0xEA, 0xE8, 0xA2,
    0xAE, 0x5C, 0x02, 0x2E, 0x6D, 0x01, 0xF9, 0x78, 0x0B, 0xC8, 0xD6, 0x09, 0x40, 0x3A, 0xB5, 0x6E,
    0x55, 0x1F, 0x4E, 0x68, 0x26, 0x03, 0x90, 0xCB, 0x04, 0x98, 0xEB, 0x80, 0x5D, 0x03, 0x85, 0x00,
    0xE5, 0x4F, 0x23, 0x6C, 0xDB, 0x16, 0x7E, 0x66, 0xB4, 0x95, 0x40, 0x23, 0x56, 0xDA, 0x9D, 0xBB,
    0xA6, 0x89, 0xF9, 0xA0, 0xE7, 0x5C, 0x4F, 0xB0, 0x99, 0x98, 0x60, 0x66, 0x80, 0x5A, 0x73, 0xF5,
    0x3F, 0xEE, 0xA1, 0xFA, 0xA4, 0x03, 0xF7, 0x69, 0x0B, 0xC5, 0xE7, 0x11, 0xAC, 0x70, 0x1F, 0xB3,
    0x06, 0x98, 0x94, 0x11, 0x30, 0x03, 0x60, 0x13, 0xE0, 0x3A, 0x58, 0xD6, 0x05, 0x37, 0x03, 0xC5,
    0x1D, 0x80, 0xBC, 0xBB, 0x06, 0xB8, 0x7E, 0xDE, 0xDC, 0x7E, 0x89, 0x9A, 0xC5, 0x6A, 0x1F, 0x28,
    0x3B, 0xC0, 0x03, 0xEC, 0x2A, 0xE9, 0xA1, 0xAF, 0xF7, 0x82, 0xC2, 0x96, 0x96, 0xBD, 0x8B, 0x1D,
    0xB9, 0x4A, 0x91, 0x8E, 0x76, 0x8B, 0x40, 0x03, 0xB0, 0x06, 0x4D, 0x1E, 0x8A, 0x4D, 0x27, 0xF0,
    0x2D, 0x50, 0x03, 0xCC, 0x9B, 0x07, 0xF3, 0x84, 0x8D, 0xAE, 0xA7, 0x08, 0x55, 0x4B, 0x19, 0x6A,
    0x5D, 0x59, 0x81, 0xEC, 0x3A, 0xBA, 0x38, 0x45, 0x0F, 0x5A, 0xF5, 0x05, 0xE0, 0x3C, 0x00, 0xFA,
    0x84, 0xB8, 0x04, 0xBB, 0xAC, 0xF9, 0x38, 0x9B, 0xB8, 0x9C, 0x27, 0xED, 0xA8, 0x76, 0x46, 0x8B,
    0x82, 0x43, 0x30, 0x13, 0xD8, 0x01, 0x8A, 0x64, 0x70, 0x6D, 0x11, 0x7C, 0x74, 0xBA, 0x1F, 0xCD,
    0x12, 0xDA, 0x51, 0x5D, 0x7C, 0x43, 0xF6, 0x82, 0x4A, 0x3C, 0x0B, 0xD4, 0x51, 0x43, 0xD3, 0xD6,
    0xFB, 0xC0, 0x29, 0x95, 0xA8, 0x5F, 0x83, 0xB8, 0x58, 0xC4, 0xCD, 0xD7, 0xA0, 0x09, 0xB0, 0xC3,
    0x0B, 0xA9, 0x53, 0xAF, 0xD4, 0xE4, 0xED, 0x2D, 0xEC, 0x7F, 0x27, 0x90, 0x0E, 0x9A, 0x16, 0xDE,
    0x3A, 0xA5, 0x3A, 0x5F, 0xA3, 0x90, 0x50, 0x09, 0x1E, 0xAE, 0xC1, 0x2E, 0x1C, 0x7C, 0xF3, 0xED,
    0xFF, 0x00, 0xD5, 0x9B, 0x01, 0xA4, 0x25, 0x57, 0x9A, 0xC7, 0x7F, 0x55, 0x27, 0xFD, 0xCA, 0x74,
    0x99, 0x54, 0x90, 0x61, 0x32, 0xBD, 0xB6, 0x06, 0xC1, 0x4C, 0x9B, 0x49, 0x01, 0x64, 0x79, 0xF7,
    0x9D, 0x93, 0x2C, 0x3B, 0x58, 0x6C, 0x43, 0xCF, 0x62, 0x91, 0x41, 0x40, 0xB3, 0x1E, 0x0C, 0x82,
    0x7E, 0xAF, 0x6A, 0x05, 0x03, 0xF0, 0x00, 0x00, 0x41, 0x30, 0x79, 0xB3, 0x4C, 0x10, 0xF4, 0xD2,
    0xEF, 0x55, 0x65, 0x83, 0xC5, 0x40, 0x8D, 0xC5, 0x62, 0x91, 0x5A, 0xFB, 0xD6, 0x30, 0x30, 0x67,
    0xEC, 0x59, 0x53, 0x2F, 0x53, 0xB7, 0xBE, 0xAD, 0x73, 0xCE, 0x2D, 0xFD, 0x92, 0x74, 0x3A, 0xE9,
    0x99, 0xCE, 0xA4, 0xE7, 0x53, 0xDF, 0xEF, 0xFF, 0x55, 0xDD, 0x7B, 0xAB, 0xBE, 0xEF, 0xD4, 0xBB,
    0xF7, 0x9C, 0x3A, 0xA7, 0x1B, 0xE0, 0x25, 0x00, 0x74, 0x60, 0x15, 0x78, 0x00, 0x7B, 0x22, 0x0E,
    0xB4, 0x48, 0x43, 0x32, 0x9B, 0xDA, 0xA2, 0x2C, 0xF9, 0x48, 0xD1, 0x93, 0x4E, 0x94, 0x0D, 0xCC,
    0x68, 0x03, 0x2D, 0x1A, 0xA8, 0xA9, 0x01, 0x1D, 0x69, 0x3E, 0xC5, 0x45, 0x03, 0x1B, 0x38, 0xA7,
    0xEC, 0x60, 0xA2, 0x18, 0x48, 0x46, 0x32, 0x47, 0x66, 0xFD, 0xF9, 0x0F, 0x3B, 0xD0, 0x32, 0x03,
    0x7B, 0x32, 0x00, 0xF0, 0x06, 0x70, 0x1F, 0x38, 0x02, 0xEE, 0x72, 0x78, 0x39, 0x2A, 0x91, 0xBE,
    0x18, 0xCA, 0xAE, 0x32, 0x99, 0xD5, 0x28, 0x77, 0x4C, 0x3A, 0x9E, 0x91, 0x78, 0x9F, 0xBC, 0x9F,
    0x2F, 0xF1, 0xF1, 0xE2, 0x9A, 0xD4, 0x56, 0x4D, 0x36, 0xF8, 0xF7, 0x2A, 0x11, 0x38, 0xBC, 0x20,
    0x58, 0xDE, 0x04, 0x29, 0xBA, 0x20, 0x59, 0x94, 0xA2, 0xD3, 0x12, 0xDE, 0x56, 0x49, 0x97, 0xCA,
    0x48, 0x3A, 0xC2, 0x4B, 0x3C, 0x59, 0x49, 0x76, 0x32, 0xC1, 0x06, 0x98, 0x60, 0x1F, 0x68, 0x61,
    0x04, 0x74, 0x9F, 0x59, 0x20, 0x17, 0xE9, 0x00, 0xDA, 0x4B, 0xA2, 0x59, 0x20, 0x71, 0x00, 0x11,
    0xBA, 0x2F, 0x66, 0x5B, 0xF5, 0xB9, 0x34, 0x79, 0x9F, 0x8C, 0x7C, 0x51, 0x64, 0x83, 0x87, 0x4D,
    0x47, 0x94, 0xF8, 0xF2, 0x44, 0xC4, 0xD0, 0xF6, 0xD2, 0x10, 0x2C, 0x35, 0x2F, 0x10, 0x4D, 0x0D,
    0x77, 0xD9, 0xD9, 0xA5, 0x5B, 0xA3, 0x7A, 0x58, 0xA3, 0xAA, 0xE3, 0x61, 0xD6, 0x8A, 0x5C, 0xA0,
    0x44, 0xC4, 0xDD, 0x58, 0x60, 0x7C, 0x64, 0x95, 0x4D, 0xDA, 0x5E, 0x0D, 0x14, 0x83, 0xB2, 0xE4,
    0x4E, 0x75, 0x54, 0xDD, 0x12, 0xA9, 0x69, 0x89, 0x6A, 0xB3, 0x44, 0x6C, 0x81, 0x19, 0x1F, 0x9D,
    0x43, 0x3A, 0x85, 0xA8, 0x86, 0xCC, 0xAD, 0x51, 0x61, 0x43, 0xA4, 0xA1, 0xEA, 0xD6, 0x48, 0x9B,
    0x35, 0x12, 0x76, 0xEF, 0x4B, 0xA7, 0x35, 0x52, 0x63, 0x8C, 0xB6, 0x14, 0x36, 0x46, 0x13, 0x65,
    0xC7, 0x33, 0x4B, 0x94, 0x8E, 0xE8, 0x86, 0x7D, 0x9F, 0x8B, 0x45, 0xE0, 0xEE, 0x12, 0xB5, 0x5D,
    0xB2, 0x85, 0x71, 0xC9, 0x79, 0x8E, 0xD9, 0xB7, 0x22, 0x27, 0xAC, 0xD1, 0x05, 0xDC, 0x53, 0x7D,
    0x28, 0x88, 0x83, 0xA2, 0x09, 0xF5, 0x50, 0xB4, 0x84, 0x72, 0xC8, 0x42, 0xBE, 0x6A, 0xE1, 0x18,
    0x2F, 0xA9, 0x44, 0xA6, 0x50, 0xCB, 0x12, 0xB8, 0x90, 0x8E, 0xEA, 0x73, 0x1B, 0x83, 0xAE, 0xE8,
    0x42, 0xD2, 0xA9, 0xD1, 0x4D, 0x08, 0xA0, 0x66, 0x17, 0x6C, 0xD7, 0x2A, 0xC6, 0x5D, 0x90, 0xD9,
    0xB5, 0x86, 0x3E, 0x96, 0x10, 0xAB, 0x0F, 0x15, 0xF0, 0x4C, 0x2C, 0x60, 0x66, 0x3F, 0xE6, 0x3F,
    0x71, 0x2F, 0xA6, 0xBF, 0x66, 0x9F, 0x2D, 0x01, 0xF0, 0x06, 0xAF, 0x27, 0x27, 0x50, 0x38, 0x36,
    0x59, 0x87, 0x4F, 0xB8, 0x7C, 0xCD, 0x40, 0xEA, 0x28, 0x84, 0xA0, 0x6A, 0x8A, 0x9A, 0xBC, 0x1D,
    0x15, 0xA0, 0xFA, 0xBD, 0xF3, 0x65, 0xA4, 0x22, 0x5E, 0x5D, 0x3E, 0x94, 0x4E, 0x75, 0x0B, 0x1B,
    0xB5, 0x68, 0xD9, 0x69, 0x94, 0x5B, 0x4A, 0x30, 0xC7, 0xE1, 0xFD, 0x2D, 0xE7, 0x41, 0x27, 0xCE,
    0xBC, 0xAA, 0x31, 0xEE, 0x67, 0x36, 0x6A, 0xD1, 0xD3, 0x7A, 0xAD, 0x1A, 0x6A, 0xB3, 0x68, 0xCD,
    0xF3, 0x7A, 0xC8, 0x1C, 0x5B, 0xEE, 0x96, 0x22, 0xDB, 0x74, 0x62, 0xCC, 0x64, 0x96, 0x0F, 0x7C,
    0xBE, 0x77, 0x8C, 0xFC, 0x9B, 0x88, 0x65, 0x67, 0xAD, 0x00, 0x4A, 0xB6, 0xF5, 0x0C, 0xA4, 0xB2,
    0x2D, 0x7A, 0x80, 0xB2, 0xFB, 0x0A, 0xF4, 0xA5, 0x3D, 0x2A, 0xB3, 0xE8, 0xA6, 0xE8, 0x6B, 0x2A,
    0x91, 0xA9, 0x90, 0x89, 0x3A, 0xB4, 0xD1, 0x09, 0x00, 0xC9, 0x08, 0xA0, 0xB6, 0xAD, 0x80, 0x0A,
    0x19, 0x27, 0x63, 0xFC, 0xFC, 0x27, 0x99, 0x4F, 0x9E, 0x59, 0x20, 0x7F, 0x38, 0x5F, 0x0A, 0xDC,
    0x30, 0xF9, 0x6C, 0x98, 0xEA, 0x40, 0x80, 0x1D, 0x47, 0x58, 0xEF, 0x67, 0x6E, 0x01, 0xEA, 0x0E,
    0x60, 0x06, 0xE0, 0x16, 0x3C, 0x07, 0x37, 0x6C, 0xEA, 0x5A, 0x9B, 0x4D, 0x95, 0xCD, 0x27, 0xB5,
    0xC4, 0xCA, 0xC2, 0x03, 0x2F, 0x47, 0x65, 0xF3, 0x31, 0x1C, 0x7F, 0x0C, 0xAF, 0xE6, 0xD4, 0x69,
    0x49, 0x1D, 0xA4, 0xBB, 0x33, 0x65, 0x16, 0xCA, 0x9E, 0xA4, 0x35, 0xA8, 0x6D, 0xB8, 0xB6, 0xDE,
    0x52, 0x48, 0x87, 0x08, 0x5A, 0xC8, 0xA5, 0xA1, 0x9D, 0x51, 0x62, 0x98, 0x20, 0x1F, 0x50, 0xD2,
    0xAD, 0xD1, 0x87, 0xFD, 0x1A, 0xFD, 0x87, 0x5D, 0xA3, 0x7F, 0x1F, 0xD7, 0xA8, 0x9F, 0x58, 0xA3,
    0x73, 0xD6, 0x48, 0xB3, 0x46, 0x55, 0xB3, 0x46, 0x45, 0xB7, 0x46, 0xD9, 0xB0, 0x46, 0xCA, 0xAD,
    0x51, 0x32, 0xAD, 0x11, 0xDB, 0x35, 0xA2, 0xF6, 0x51, 0xEF, 0xA3, 0x6A, 0x4A, 0x9B, 0xA2, 0xF3,
    0x51, 0x31, 0x65, 0x83, 0x6E, 0xA8, 0x2E, 0xC9, 0x27, 0x25, 0x33, 0xB4, 0x82, 0x9A, 0x12, 0x19,
    0xD8, 0xD9, 0x59, 0x94, 0x44, 0x62, 0x85, 0xEF, 0xAF, 0xF5, 0x9D, 0xAD, 0xD5, 0xAD, 0xB5, 0xAD,
    0x95, 0xC5, 0xBA, 0xD4, 0x1C, 0xAB, 0x4A, 0xE7, 0x5D, 0x4D, 0xC7, 0xB1, 0xA2, 0xA0, 0x7A, 0xA7,
    0x55, 0x13, 0xB5, 0xE8, 0xA2, 0x66, 0x43, 0x54, 0xE5, 0xA2, 0x26, 0x53, 0x54, 0xB6, 0x3B, 0xAD,
    0x77, 0x5A, 0xED, 0xB4, 0xF0, 0x1A, 0x72, 0xE7, 0x28, 0x64, 0xEE, 0x35, 0xD8, 0xAA, 0x6B, 0xFE,
    0x4C, 0x51, 0x94, 0x8B, 0x7A, 0x38, 0x44, 0x6D, 0x4D, 0xD4, 0xE7, 0x89, 0x56, 0xC5, 0xFD, 0xBA,
    0x5B, 0x65, 0x3D, 0xF8, 0x10, 0x4B, 0x87, 0xEA, 0x04, 0x69, 0xF4, 0xFF, 0xCA, 0x44, 0xDB, 0x68,
    0x91, 0x99, 0xB2, 0x51, 0xF3, 0x2B, 0xB2, 0x48, 0xEA, 0xA8, 0xA3, 0xE8, 0xC7, 0x11, 0xF3, 0x71,
    0xB9, 0x31, 0x27, 0x32, 0x94, 0x46, 0xCB, 0x5F, 0x8B, 0x2B, 0xCD, 0x9A, 0x4B, 0x90, 0x40, 0x74,
    0x94, 0x6D, 0xE0, 0x8D, 0x31, 0x48, 0xD5, 0x07, 0xB9, 0x06, 0xBC, 0xC0, 0x8F, 0x80, 0xE2, 0x55,
    0x0B, 0x64, 0xFF, 0xD9, 0x01, 0xA9, 0x18, 0x80, 0x99, 0x4F, 0x9A, 0x00, 0x24, 0x81, 0x4A, 0x9A,
    0xC0, 0x0E, 0xC8, 0x3E, 0xEC, 0x81, 0xE2, 0xEF, 0x06, 0xCF, 0xDC, 0x02, 0x55, 0x68, 0xC2, 0x8D,
    0x9A, 0x80, 0xFD, 0xC4, 0xF3, 0x3E, 0x33, 0xE0, 0x68, 0x21, 0x09, 0x3D, 0x4A, 0xBA, 0xB0, 0x41,
    0xF5, 0x94, 0x1D, 0x59, 0x47, 0xD1, 0x93, 0x37, 0xE4, 0x96, 0x22, 0xF4, 0x6F, 0x25, 0xA8, 0x91,
    0xB6, 0xA1, 0x9C, 0x91, 0x8E, 0x4A, 0xCC, 0x75, 0xBE, 0x43, 0xDE, 0x38, 0xD4, 0x7F, 0x5B, 0x12,
    0xE9, 0x40, 0x1A, 0xB8, 0x49, 0xB0, 0xA4, 0x1D, 0x28, 0x64, 0x42, 0xBF, 0xB2, 0xE5, 0x9C, 0x63,
    0x8E, 0xD0, 0xE0, 0x3D, 0x69, 0xA1, 0x15, 0xF2, 0x6D, 0x8D, 0x6E, 0x34, 0x0B, 0x39, 0x0F, 0x5E,
    0x53, 0xBF, 0x22, 0x46, 0x4B, 0x3D, 0xE6, 0x63, 0x3E, 0x3C, 0xCF, 0xAD, 0x52, 0x0D, 0xF9, 0x87,
    0x8D, 0x92, 0xB5, 0x9D, 0xA0, 0x92, 0xA1, 0x94, 0x9E, 0x89, 0xC7, 0xDD, 0x6E, 0xC8, 0x49, 0x25,
    0xC3, 0x77, 0x78, 0xAB, 0x52, 0x43, 0xF1, 0x8B, 0x2E, 0x13, 0x93, 0xCE, 0xF0, 0x53, 0x00, 0x5E,
    0x22, 0x9F, 0xFD, 0x96, 0x6C, 0xE1, 0xEC, 0x51, 0xDB, 0x9E, 0x9C, 0x14, 0x32, 0x70, 0x8D, 0xE7,
    0x81, 0xBC, 0x73, 0x80, 0xFA, 0xDD, 0x00, 0x20, 0x1D, 0x40, 0xCD, 0x27, 0x2C, 0x0E, 0x18, 0xB5,
    0xCC, 0x84, 0x81, 0x6A, 0x4F, 0xEC, 0x28, 0x1F, 0x0C, 0x54, 0xB7, 0x68, 0x03, 0xE7, 0x7F, 0xD0,
    0x40, 0x75, 0x1B, 0x06, 0xAA, 0xD3, 0x67, 0x0E, 0x54, 0xD3, 0xE6, 0x3A, 0xA9, 0x7D, 0x09, 0xA6,
    0xFB, 0xA0, 0x1D, 0x54, 0x16, 0xAE, 0x37, 0x04, 0x3B, 0x74, 0x28, 0x11, 0xFE, 0xE0, 0x41, 0x6B,
    0x72, 0xB2, 0x67, 0x00, 0x57, 0x02, 0x1C, 0xDC, 0x05, 0x28, 0x1D, 0x40, 0x3E, 0xF0, 0x31, 0x0B,
    0x43, 0x58, 0x1B, 0x46, 0xB0, 0x36, 0x8E, 0x39, 0xFF, 0x78, 0x26, 0x91, 0x13, 0x6C, 0xD6, 0x21,
    0x6B, 0x0B, 0xE3, 0x6E, 0xC0, 0xBA, 0x8E, 0x57, 0xDB, 0xCB, 0x35, 0xCD, 0x90, 0xE5, 0xD1, 0x31,
    0x50, 0x4D, 0x40, 0x61, 0x81, 0xBD, 0x93, 0x35, 0xC1, 0xBE, 0x98, 0xA8, 0xFA, 0x7C, 0xE4, 0x49,
    0x0D, 0x5E, 0x45, 0x20, 0xF0, 0xB3, 0x2D, 0x71, 0xA5, 0x81, 0x74, 0xAC, 0x9A, 0x18, 0x3F, 0x45,
    0x4D, 0xC6, 0xE9, 0x29, 0x20, 0x62, 0x42, 0xF4, 0x29, 0x7B, 0x6B, 0x2F, 0xE4, 0xDD, 0x45, 0xF0,
    0xD6, 0x75, 0x00, 0xBE, 0xB4, 0xB6, 0xE4, 0x5B, 0x06, 0x40, 0x37, 0x0F, 0xBA, 0x04, 0x07, 0x90,
    0xF6, 0x7F, 0x76, 0xED, 0xCA, 0xB7, 0x9A, 0xB5, 0x92, 0x63, 0x80, 0x09, 0x48, 0x2C, 0x90, 0x36,
    0x5F, 0x4D, 0xE3, 0x3E, 0xE2, 0x3B, 0xFC, 0xD4, 0x37, 0xEE, 0x63, 0x7C, 0xCF, 0xBF, 0xA2, 0xC6,
    0x7D, 0x1B, 0x08, 0xB9, 0xAF, 0xF7, 0x9B, 0x32, 0x30, 0x6B, 0xFE, 0xDC, 0x1A, 0x37, 0xFD, 0x29,
    0x90, 0x4E, 0x00, 0xE7, 0x00, 0x15, 0x40, 0xDE, 0x7C, 0x75, 0x7F, 0xB9, 0x4B, 0x3F, 0x8C, 0x96,
    0x89, 0x83, 0xDB, 0x2D, 0x50, 0x76, 0x90, 0xF7, 0xA0, 0x06, 0xEF, 0xDF, 0xB8, 0xFD, 0xF7, 0xB6,
    0x15, 0xB1, 0xED, 0xE9, 0xCF, 0xEC, 0x5D, 0xD4, 0xB0, 0x21, 0xEB, 0x35, 0x45, 0x57, 0x36, 0x95,
    0xC9, 0x65, 0x26, 0x11, 0x07, 0xD7, 0x80, 0x42, 0xEC, 0xCA, 0xCF, 0xB4, 0xF2, 0x15, 0x07, 0xE8,
    0x37, 0xC7, 0x18, 0x3F, 0x55, 0x43, 0xAF, 0xD3, 0xB7, 0x29, 0x64, 0x64, 0x6F, 0xD1, 0xAB, 0xB6,
    0xC7, 0xEB, 0x94, 0xEF, 0x4F, 0xC1, 0xF7, 0xCC, 0xEB, 0xC0, 0x93, 0x19, 0x8E, 0x7D, 0x5E, 0x7B,
    0x1D, 0x05, 0xCA, 0x15, 0x1E, 0xF1, 0xD4, 0xB7, 0xD7, 0x0B, 0x40, 0x6B, 0xA2, 0xD7, 0x61, 0xFF,
    0xC9, 0xB5, 0x17, 0x94, 0x62, 0x61, 0xD5, 0x47, 0x98, 0x12, 0x89, 0x6D, 0xBB, 0xD3, 0x72, 0x4B,
    0xE2, 0x75, 0xB3, 0x05, 0xAF, 0xF7, 0xB6, 0x31, 0x23, 0x1B, 0x55, 0x0D, 0x51, 0xF3, 0x2E, 0x6A,
    0x61, 0xA2, 0x6A, 0x42, 0xC3, 0x70, 0xE4, 0x15, 0x18, 0x09, 0xC7, 0x53, 0x91, 0xA0, 0xD9, 0x4E,
    0x8B, 0x86, 0xA0, 0x15, 0x51, 0x37, 0x3B, 0x9D, 0x82, 0xBE, 0x97, 0xD8, 0xA0, 0xEE, 0xC6, 0x25,
    0x7B, 0x3E, 0x1F, 0x2D, 0x94, 0x5E, 0x49, 0x4F, 0x7F, 0x1A, 0x72, 0xDD, 0x42, 0x88, 0x1F, 0x66,
    0xED, 0x50, 0x39, 0x72, 0xD9, 0x8A, 0xA0, 0x8D, 0xD8, 0xAA, 0xA9, 0xD1, 0x5D, 0xD1, 0x7D, 0x17,
    0x6D, 0xB2, 0x1E, 0x34, 0x6A, 0x88, 0x67, 0x4D, 0xC4, 0xB3, 0x70, 0x1A, 0xD0, 0x46, 0x1B, 0xF0,
    0xAD, 0x09, 0xC7, 0xE8, 0xCE, 0xC7, 0xF5, 0x00, 0xFA, 0x9F, 0x7E, 0x71, 0x99, 0xD8, 0x4A, 0x5E,
    0x15, 0xE9, 0xF2, 0x4B, 0xAA, 0x11, 0x88, 0x05, 0xCD, 0x86, 0x4A, 0x64, 0x40, 0x4E, 0xFE, 0xA1,
    0x53, 0x23, 0x90, 0xF7, 0xB1, 0x30, 0xA8, 0x00, 0x34, 0xC0, 0x41, 0x44, 0x72, 0xFB, 0xD6, 0x01,
    0x4A, 0xEC, 0x0E, 0xA4, 0x56, 0x47, 0xA4, 0x3F, 0xFB, 0xA8, 0x6C, 0x94, 0x48, 0xD1, 0x25, 0x3F,
    0xFC, 0xBF, 0xCC, 0x91, 0xDA, 0x74, 0x36, 0x7B, 0x96, 0x5A, 0xC4, 0x92, 0x8B, 0x9C, 0xC0, 0x35,
    0x9F, 0x57, 0xFF, 0x3A, 0x4A, 0x26, 0x47, 0xF1, 0x3F, 0x87, 0x8E, 0xAA, 0xC9, 0x1C, 0x9A, 0xD4,
    0xF9, 0x33, 0x3B, 0x8E, 0xE0, 0x53, 0x08, 0x2F, 0x84, 0xB7, 0x94, 0x5D, 0xEE, 0xC8, 0x3F, 0x3A,
    0x77, 0x24, 0x32, 0x3A, 0xF8, 0x86, 0x71, 0x00, 0x23, 0x64, 0x22, 0x3B, 0x90, 0x5A, 0x9E, 0xBD,
    0x55, 0x0E, 0x14, 0x22, 0x0D, 0x7B, 0x72, 0x09, 0xF1, 0xF9, 0x22, 0xEB, 0xEE, 0x41, 0xFA, 0x3B,
    0x0B, 0x48, 0x07, 0x68, 0xC3, 0x15, 0x4B, 0xDA, 0x8F, 0x42, 0x1B, 0x58, 0xC4, 0xE4, 0x56, 0x39,
    0x12, 0x57, 0xF4, 0xE0, 0xCA, 0x66, 0x7D, 0xAB, 0x06, 0xA8, 0x3F, 0x05, 0x19, 0x17, 0xB4, 0xA3,
    0x36, 0xA8, 0x51, 0x37, 0xEB, 0x4F, 0x76, 0x61, 0x17, 0x64, 0xDB, 0x05, 0x89, 0xFC, 0xFA, 0x67,
    0x23, 0x5A, 0xC4, 0x91, 0xB6, 0xB3, 0x89, 0xCF, 0x10, 0x07, 0x57, 0x9E, 0x21, 0x86, 0x07, 0xCF,
    0x10, 0xB5, 0x4C, 0x4A, 0x64, 0xCA, 0x87, 0xEA, 0x9F, 0x8B, 0xAE, 0xE8, 0x4A, 0x93, 0x77, 0x95,
    0xC9, 0x7B, 0xAF, 0x7E, 0xBF, 0x18, 0xAA, 0x46, 0xC9, 0x0C, 0x72, 0x41, 0x66, 0xA0, 0x68, 0x08,
    0x55, 0x2E, 0x3E, 0x26, 0xFE, 0x73, 0x7D, 0xB2, 0xD5, 0x70, 0x7C, 0x0C, 0x47, 0x35, 0xDC, 0xD7,
    0xCD, 0x9E, 0x2B, 0x45, 0xFA, 0x54, 0x2E, 0xE1, 0x6B, 0xBC, 0x08, 0xE4, 0x8D, 0x05, 0xD4, 0xAF,
    0x7A, 0x00, 0x69, 0x1E, 0xF6, 0x8C, 0xD5, 0x4A, 0xA3, 0x85, 0x43, 0x31, 0xD5, 0x8C, 0xB2, 0x64,
    0x83, 0x67, 0xD9, 0x79, 0x6A, 0x3C, 0x27, 0x4F, 0x65, 0x3D, 0x8B, 0xCE, 0x53, 0x1B, 0xF0, 0x79,
    0x79, 0x0A, 0xE1, 0x48, 0xE3, 0x59, 0x0E, 0x9E, 0xB9, 0xF3, 0x4C, 0x27, 0x4F, 0x24, 0x50, 0x77,
    0x9E, 0xE5, 0xE0, 0x99, 0x3B, 0x7F, 0x2D, 0x35, 0x37, 0xAD, 0x34, 0x99, 0xF4, 0xDC, 0x4D, 0x7B,
    0xA8, 0xF2, 0x0E, 0x8A, 0xDF, 0x00, 0xD9, 0x16, 0x48, 0x47, 0xA2, 0xED, 0xBD, 0x0B, 0xB4, 0x16,
    0x38, 0xF4, 0x50, 0x0F, 0x45, 0x21, 0x9D, 0xB2, 0x99, 0x18, 0x65, 0x13, 0xC7, 0x12, 0xF5, 0xFE,
    0x98, 0x59, 0xB0, 0x01, 0x25, 0xA3, 0x47, 0x48, 0xA6, 0x8D, 0x99, 0x2E, 0x28, 0x7C, 0x26, 0x99,
    0x8B, 0x69, 0x86, 0x2C, 0xAB, 0x99, 0x76, 0xD0, 0x82, 0xD8, 0xAF, 0xF6, 0x91, 0x13, 0xBE, 0x0E,
    0xC0, 0xF7, 0x02, 0x7F, 0x1C, 0xF8, 0x6E, 0xE0, 0x18, 0xD8, 0x76, 0x00, 0xFA, 0x8F, 0x7E, 0x00,
    0x75, 0xA0, 0x3A, 0xC8, 0x0D, 0x94, 0xC0, 0x01, 0xB0, 0x01, 0xF4, 0x3D, 0xA8, 0x2C, 0xEC, 0x19,
    0xC8, 0x65, 0x64, 0x25, 0x3C, 0x55, 0x0F, 0xE6, 0xF0, 0x2C, 0x00, 0xFB, 0x81, 0xF7, 0x02, 0x2D,
    0x40, 0x12, 0x39, 0x5F, 0xF9, 0x73, 0x7F, 0x01, 0x48, 0x4E, 0x4F, 0x49, 0x45, 0x16, 0x7D, 0x87,
    0x07, 0xF6, 0xE5, 0xB7, 0xE1, 0x35, 0xAE, 0x91, 0x75, 0x1B, 0x52, 0x3B, 0x42, 0x3B, 0x80, 0xEE,
    0xE0, 0xDA, 0xFA, 0xDD, 0x97, 0x7E, 0xF1, 0xE1, 0xE6, 0xE9, 0xCF, 0x7B, 0xD0, 0x06, 0xB6, 0xA0,
    0x2C, 0x14, 0x1D, 0x68, 0x60, 0x82, 0x54, 0x4E, 0x16, 0x9F, 0xE1, 0x76, 0xDB, 0x41, 0x66, 0x21,
    0xB5, 0x90, 0xB8, 0xE8, 0x69, 0xF8, 0xA2, 0x5D, 0x50, 0xF6, 0x22, 0x62, 0x0E, 0x65, 0x84, 0xE7,
    0x09, 0xD7, 0xCC, 0x9B, 0x0D, 0xE9, 0x6F, 0x1D, 0x48, 0x0F, 0xBA, 0x61, 0xBD, 0xE6, 0xCD, 0xD3,
    0x53, 0xA3, 0x45, 0xBA, 0xE5, 0x9A, 0x26, 0x26, 0x3C, 0x3E, 0xB8, 0x66, 0x05, 0xDC, 0x0F, 0x77,
    0x93, 0x54, 0x1C, 0xC9, 0x0F, 0x67, 0xA0, 0x6A, 0x20, 0xEF, 0x20, 0x5B, 0x87, 0x87, 0x7D, 0xF0,
    0x70, 0xAC, 0x6C, 0xFE, 0x25, 0x69, 0x69, 0x65, 0xF4, 0x73, 0x43, 0x7E, 0x61, 0x62, 0x93, 0x75,
    0xE5, 0x6B, 0x4D, 0x2E, 0xA8, 0x69, 0x37, 0x7A, 0xE7, 0x1F, 0xC9, 0x27, 0x8A, 0x89, 0xF4, 0x71,
    0xA6, 0x9A, 0x92, 0x11, 0xE5, 0xC8, 0x7B, 0x4A, 0xC3, 0x06, 0x00, 0x2D, 0x17, 0x84, 0x7E, 0xC5,
    0x67, 0x4F, 0x2B, 0xE2, 0x0E, 0x6E, 0xFF, 0xDC, 0x71, 0x67, 0x19, 0xA2, 0x6E, 0x48, 0xB6, 0x40,
    0xDE, 0x6F, 0xA0, 0xC6, 0x67, 0xB5, 0xF1, 0x00, 0xCD, 0x26, 0x16, 0x76, 0xC6, 0x26, 0x26, 0x3C,
    0xFA, 0x20, 0xFC, 0x3C, 0xEC, 0x82, 0xBC, 0x0F, 0xC1, 0x40, 0xD1, 0xEC, 0x8E, 0x68, 0x76, 0xC1,
    0x19, 0xBB, 0x4F, 0x8D, 0x21, 0x88, 0x2B, 0x3D, 0xE1, 0xCC, 0x79, 0x1F, 0x82, 0x9A, 0xA2, 0x81,
    0x70, 0x75, 0x0D, 0x1C, 0xDC, 0x3E, 0x74, 0x9C, 0xDF, 0xBE, 0x7D, 0x2B, 0x64, 0x28, 0x22, 0xA3,
    0x96, 0x91, 0x5D, 0x70, 0x01, 0x40, 0x78, 0x05, 0x08, 0xA9, 0x03, 0xBB, 0xCC, 0xD9, 0x25, 0x1E,
    0xCF, 0x7E, 0xF3, 0xF4, 0x9D, 0x70, 0x39, 0x2D, 0x73, 0xB8, 0xFE, 0x37, 0x6E, 0x9F, 0xC5, 0x84,
    0x98, 0xA2, 0xA6, 0x36, 0xA4, 0xBC, 0x84, 0x71, 0xBF, 0x68, 0xD6, 0xCC, 0x63, 0xBE, 0x47, 0x31,
    0x5D, 0xC6, 0x78, 0xBE, 0x58, 0x6B, 0x4D, 0xDE, 0xC5, 0xEB, 0x95, 0x26, 0xA6, 0x7A, 0x00, 0x6B,
    0x5B, 0xFA, 0x44, 0xBD, 0xF2, 0xC0, 0xDC, 0x63, 0xE9, 0x61, 0xEF, 0xF6, 0x4E, 0x4F, 0x1B, 0xDF,
    0xC9, 0x67, 0x22, 0x7D, 0x71, 0x71, 0xE8, 0x92, 0xDB, 0xAF, 0x75, 0xA5, 0xEF, 0xEA, 0x29, 0x4D,
    0xE8, 0xCA, 0x39, 0x88, 0xFD, 0x3A, 0xF7, 0x43, 0x27, 0xEF, 0xC3, 0xA0, 0x6A, 0x88, 0x5A, 0x74,
    0x51, 0x2B, 0xD8, 0x78, 0x3D, 0x06, 0x4D, 0xE2, 0x98, 0xA0, 0x42, 0xB9, 0xD4, 0x42, 0xD1, 0x17,
    0x2E, 0xEB, 0x21, 0x93, 0xAD, 0x2B, 0x44, 0x86, 0x44, 0xDC, 0x7B, 0x5E, 0xB9, 0xC6, 0x6A, 0xEF,
    0x00, 0xE9, 0xB4, 0x76, 0x0D, 0x79, 0x07, 0x14, 0x7C, 0x15, 0xDD, 0x3E, 0xDC, 0x34, 0x50, 0x1B,
    0xD8, 0x12, 0xCA, 0x56, 0x3D, 0xA4, 0xE6, 0x4B, 0xEF, 0xF6, 0x37, 0x30, 0xF2, 0x68, 0xBE, 0x1D,
    0x38, 0x5E, 0xA5, 0x16, 0x59, 0x39, 0x1E, 0xDC, 0xBE, 0x1D, 0x8F, 0x3F, 0x9A, 0x53, 0xE0, 0xB1,
    0x72, 0x0B, 0xB5, 0x0C, 0x0B, 0x73, 0x69, 0x00, 0x9E, 0x03, 0x60, 0x3F, 0x17, 0xB3, 0x5F, 0x2F,
    0xC7, 0x2F, 0xB3, 0x51, 0x77, 0x4C, 0xDA, 0x70, 0xA4, 0xE1, 0xE0, 0x60, 0xE7, 0x9B, 0xE8, 0x47,
    0x8B, 0xDF, 0xF7, 0x67, 0xDB, 0x90, 0xB8, 0x4D, 0xE8, 0xB2, 0x8B, 0x6E, 0x83, 0x36, 0x9B, 0x64,
    0xCB, 0x26, 0x77, 0x1C, 0xB4, 0x0D, 0x7A, 0x0B, 0xBA, 0x5F, 0x7F, 0x60, 0x1F, 0xEA, 0xEB, 0x2C,
    0x45, 0xE6, 0xAE, 0xCC, 0x19, 0x1C, 0x05, 0x16, 0x7C, 0xDC, 0xE2, 0x6A, 0x55, 0x5C, 0xC9, 0x89,
    0xEB, 0x38, 0x71, 0x15, 0x27, 0xAE, 0xE1, 0xC4, 0x95, 0xA9, 0xB8, 0x2A, 0xA5, 0xFA, 0x29, 0xF0,
    0x3C, 0x50, 0x07, 0x56, 0x8D, 0x67, 0xD1, 0x79, 0x66, 0x83, 0xA7, 0x72, 0x9E, 0xC9, 0xE4, 0xC9,
    0x36, 0xB0, 0x0E, 0xAC, 0x02, 0x8B, 0x29, 0xAE, 0xD2, 0xEC, 0xD6, 0x68, 0xB8, 0x63, 0x00, 0xDD,
    0x01, 0x85, 0x87, 0x1A, 0x00, 0x2C, 0xC0, 0x8B, 0x57, 0xD7, 0x56, 0xC2, 0xCA, 0x4A, 0x58, 0x57,
    0x09, 0xAB, 0x2A, 0xA9, 0xA3, 0xF6, 0xD0, 0x5F, 0x18, 0x61, 0xFD, 0x24, 0xAC, 0x9E, 0x40, 0xF2,
    0xF6, 0x83, 0xB6, 0xD9, 0x2D, 0x82, 0x1A, 0x80, 0x7D, 0x3E, 0x69, 0x67, 0x00, 0xC9, 0x9B, 0x00,
    0xE9, 0xAB, 0x66, 0x8D, 0xE1, 0xEC, 0x29, 0x79, 0x06, 0x85, 0x77, 0x60, 0x37, 0xB4, 0x24, 0x8C,
    0x19, 0x81, 0x6F, 0x12, 0xED, 0xBB, 0xC0, 0xAF, 0x1A, 0xE8, 0xBA, 0xE0, 0x21, 0xFE, 0xEE, 0x93,
    0x7A, 0x16, 0x5D, 0x5B, 0x71, 0x6D, 0x47, 0x28, 0xBA, 0xA8, 0x25, 0xD1, 0xF6, 0xFF, 0x9C, 0x9F,
    0x4D, 0xE1, 0x0E, 0x00, 0xF3, 0xFA, 0xFD, 0x89, 0x4D, 0x0C, 0x59, 0x07, 0x70, 0xFD, 0x4F, 0xF9,
    0x84, 0xFA, 0xCE, 0xC3, 0x73, 0x28, 0xF8, 0x84, 0x25, 0x72, 0x51, 0x42, 0x25, 0x72, 0x06, 0xB3,
    0x39, 0x0C, 0x83, 0x86, 0x6C, 0x24, 0x1F, 0xC2, 0x98, 0xA3, 0xA3, 0x9C, 0xA9, 0x1A, 0xF6, 0x6B,
    0xB4, 0xC1, 0x69, 0xE3, 0x33, 0xF3, 0xCC, 0x1B, 0xDD, 0x68, 0x4A, 0x3C, 0xEF, 0x7A, 0x1A, 0xE7,
    0xF3, 0x7B, 0xB3, 0x47, 0x53, 0xFD, 0xA2, 0x41, 0x53, 0xFE, 0x06, 0xCE, 0x29, 0x26, 0x98, 0x50,
    0xE1, 0xB4, 0x4A, 0x4C, 0xD5, 0x53, 0xB4, 0x22, 0x70, 0xB0, 0x17, 0xFB, 0xF3, 0x9B, 0x0D, 0xBB,
    0x21, 0x2B, 0x8C, 0x90, 0x0E, 0x0F, 0x66, 0xF3, 0xAA, 0xCB, 0xFD, 0x44, 0xC4, 0xE5, 0x17, 0xA5,
    0x2D, 0x9A, 0xDC, 0x56, 0x94, 0xA3, 0x66, 0x33, 0x69, 0xEC, 0x54, 0xA7, 0xFD, 0x54, 0xE7, 0xCD,
    0x54, 0x97, 0x4C, 0xFA, 0xEE, 0xE2, 0x36, 0x71, 0x65, 0xAF, 0x6C, 0x61, 0xCB, 0xBE, 0x12, 0x31,
    0x77, 0x7D, 0x1D, 0x63, 0x1D, 0x5A, 0x40, 0x03, 0x1C, 0x17, 0x06, 0x28, 0xF3, 0x06, 0xC8, 0xDE,
    0xEC, 0x9E, 0xA6, 0x19, 0xA1, 0xD3, 0xEB, 0x27, 0xD4, 0x7F, 0x3B, 0x50, 0xBE, 0x69, 0xC9, 0xDE,
    0xB7, 0xA4, 0xC3, 0x7B, 0xF0, 0xA3, 0x17, 0x09, 0xE6, 0xEB, 0x10, 0xA1, 0xE8, 0x6B, 0x53, 0x35,
    0x65, 0x53, 0x9A, 0xA2, 0x03, 0xEF, 0x87, 0x1D, 0x61, 0x1E, 0xF6, 0xB5, 0xAE, 0x18, 0x8A, 0xAE,
    0xEC, 0x8A, 0xAE, 0x6A, 0xBC, 0x97, 0x5D, 0xD9, 0xD7, 0x7D, 0x21, 0x1F, 0xCE, 0xE9, 0x9C, 0x8E,
    0x24, 0x62, 0x80, 0x4C, 0x42, 0x1D, 0xAF, 0x0C, 0xC0, 0xD7, 0x79, 0x17, 0x78, 0x86, 0xE7, 0x9E,
    0x8E, 0xEA, 0xB9, 0x03, 0xA9, 0xF4, 0x64, 0xBF, 0xB6, 0xE4, 0xFC, 0x98, 0x67, 0x79, 0xF9, 0x89,
    0xCD, 0x7D, 0xE9, 0x9F, 0x58, 0x28, 0x3F, 0xB0, 0x90, 0x0D, 0x0E, 0x12, 0xFB, 0x06, 0xF0, 0xF2,
    0x3E, 0x57, 0xAC, 0x16, 0x11, 0x2A, 0x8F, 0xA2, 0xA7, 0xF4, 0x28, 0x3C, 0x78, 0x38, 0x44, 0x9C,
    0x87, 0x0D, 0xBB, 0x8F, 0x44, 0x61, 0xC2, 0xF9, 0x0E, 0x45, 0x84, 0xD6, 0xE3, 0xE6, 0xDF, 0xBC,
    0x85, 0x5E, 0x52, 0x29, 0x7E, 0xE9, 0x50, 0x76, 0x04, 0xBB, 0x0F, 0x2F, 0x7E, 0x93, 0x60, 0xD5,
    0x08, 0x22, 0x28, 0x57, 0x76, 0x79, 0x97, 0xF7, 0x45, 0xA3, 0x86, 0xD2, 0x28, 0x5B, 0x89, 0x44,
    0x37, 0xE0, 0xBD, 0x6C, 0x20, 0xDC, 0xFF, 0x01, 0xD4, 0x36, 0x79, 0x17, 0x91, 0x8E, 0x72, 0x84,
    0xD2, 0x01, 0xF5, 0x76, 0x5D, 0x44, 0x19, 0x32, 0xC0, 0x24, 0x7F, 0xEA, 0x12, 0xC3, 0x1A, 0x99,
    0x58, 0xD4, 0x47, 0x23, 0xAA, 0xD9, 0x27, 0xE3, 0x2F, 0xAE, 0xFE, 0xE0, 0xA1, 0x64, 0xA2, 0xE8,
    0x6B, 0x2A, 0x2A, 0x73, 0x40, 0xD1, 0x1C, 0x51, 0x74, 0xAD, 0x48, 0xF0, 0x33, 0xC0, 0xFB, 0x31,
    0xA0, 0xBD, 0x37, 0x50, 0xB8, 0xBD, 0xF8, 0x8C, 0x58, 0x0F, 0xB4, 0x45, 0x5F, 0xFD, 0x64, 0xC8,
    0xFF, 0xD5, 0xA6, 0x83, 0xE5, 0xDD, 0x1F, 0xB3, 0xCE, 0xC0, 0x25, 0xB2, 0xA5, 0xE8, 0x1E, 0x77,
    0x4B, 0xDA, 0xCB, 0x54, 0xE6, 0x3B, 0xD7, 0x4F, 0xF4, 0x0F, 0x86, 0xF2, 0x03, 0x9B, 0xF5, 0x36,
    0xB1, 0xEF, 0xED, 0xBE, 0x73, 0xE9, 0x40, 0x1B, 0xB6, 0xB2, 0x27, 0x7F, 0xE4, 0x76, 0x78, 0x89,
    0xCC, 0xF9, 0x88, 0x16, 0xDE, 0xC8, 0xCD, 0xBB, 0xAA, 0xB9, 0x95, 0x18, 0xA0, 0x95, 0xA6, 0x16,
    0xA3, 0x2C, 0x8F, 0xBB, 0x1D, 0xCE, 0xA6, 0x95, 0x66, 0xEF, 0x6D, 0xAA, 0x99, 0x83, 0x9F, 0x9B,
    0xF7, 0x54, 0x63, 0xD3, 0x8E, 0x68, 0xF7, 0xA8, 0x46, 0xBF, 0x65, 0x8E, 0xF4, 0x91, 0xDB, 0x8D,
    0xD9, 0x68, 0x69, 0xD2, 0x49, 0x1B, 0x60, 0x8E, 0x03, 0xF2, 0x38, 0x82, 0x7F, 0xD3, 0x53, 0xBD,
    0xDF, 0x3F, 0x4D, 0x53, 0x10, 0xCB, 0x2D, 0x40, 0xFF, 0xC0, 0x52, 0x7C, 0x60, 0xC9, 0x7A, 0x47,
    0x62, 0xC3, 0x6F, 0xDF, 0x93, 0xF9, 0xB7, 0x01, 0xB4, 0x0D, 0xA0, 0x42, 0x7D, 0x59, 0x63, 0x81,
    0x9C, 0x97, 0xE3, 0xBC, 0xE6, 0xD3, 0x51, 0x3D, 0xDF, 0x3A, 0x81, 0x76, 0x84, 0x8F, 0xCE, 0x48,
    0xFB, 0x67, 0x49, 0xBB, 0x1C, 0xE0, 0x89, 0x54, 0x5F, 0xD8, 0x09, 0x94, 0x3B, 0x03, 0xA6, 0x30,
    0xE4, 0x2F, 0x81, 0x22, 0xE7, 0x8A, 0x69, 0x91, 0x9E, 0x1B, 0x22, 0x5B, 0x94, 0x4D, 0x64, 0x01,
    0xBA, 0x59, 0x50, 0x75, 0x0B, 0xCA, 0x15, 0x54, 0xFE, 0x98, 0xF6, 0x6F, 0xD9, 0xFA, 0x84, 0x2E,
    0x3C, 0xDC, 0x6E, 0xD7, 0x72, 0xEE, 0x51, 0x7B, 0xE8, 0x00, 0x13, 0x4E, 0x90, 0x39, 0xAA, 0xBE,
    0x96, 0xA6, 0x98, 0xFC, 0xF4, 0xE4, 0xF6, 0xCE, 0xDA, 0xC3, 0xF9, 0xBB, 0xFC, 0x4B, 0xFB, 0xB1,
    0xBB, 0x9C, 0xDC, 0xDB, 0x33, 0xC5, 0x58, 0x0F, 0xE5, 0x2C, 0x3D, 0x22, 0x1D, 0x13, 0x86, 0x09,
    0x3E, 0xCF, 0x33, 0x39, 0xA1, 0x90, 0x01, 0xD2, 0x2D, 0x50, 0x48, 0x03, 0xDF, 0xCF, 0x3A, 0x78,
    0x39, 0xE9, 0xE1, 0x39, 0xCC, 0x9F, 0xB8, 0x44, 0xEE, 0x18, 0x52, 0x19, 0x76, 0xDD, 0xD8, 0xCB,
    0x3C, 0xCB, 0xF7, 0x58, 0x6D, 0x6F, 0x78, 0x01, 0xFD, 0x5F, 0xD2, 0xD4, 0xBF, 0x17, 0xA3, 0x44,
    0xFC, 0x89, 0x17, 0xE7, 0x73, 0xBD, 0x9C, 0x0D, 0x5A, 0x1A, 0x08, 0xFD, 0x58, 0x68, 0xBD, 0xD8,
    0x93, 0xAD, 0x5D, 0x19, 0x6F, 0xEC, 0xF3, 0x14, 0xAD, 0xCF, 0xDE, 0x7C, 0xF5, 0x2D, 0xA8, 0x3E,
    0x70, 0x90, 0xFF, 0x72, 0x84, 0xD4, 0xDE, 0x03, 0xDC, 0x3E, 0xF0, 0x9D, 0x6F, 0x7E, 0x59, 0xCB,
    0xDB, 0x94, 0x8E, 0xB5, 0xEF, 0xC3, 0x95, 0xAC, 0xBD, 0x1F, 0x26, 0x79, 0x3A, 0x1A, 0x25, 0x3E,
    0x52, 0xEB, 0x09, 0x38, 0x6F, 0x01, 0x9B, 0x43, 0xD2, 0x2B, 0xF3, 0x25, 0x2E, 0x4B, 0xFB, 0x8E,
    0x44, 0x89, 0xD8, 0x62, 0xC9, 0xA5, 0x32, 0xA9, 0xD5, 0xE0, 0xFD, 0x47, 0xDA, 0x80, 0xEE, 0xE3,
    0xDF, 0x55, 0x5C, 0x82, 0x96, 0x9E, 0x5C, 0x2C, 0x94, 0x23, 0xA8, 0x09, 0x92, 0xE9, 0x79, 0x98,
    0xEE, 0x92, 0x8C, 0x07, 0xA4, 0x4E, 0x9B, 0x72, 0xA8, 0x44, 0x9A, 0x75, 0xF2, 0x9A, 0xAC, 0x83,
    0x7C, 0x80, 0x74, 0x00, 0x7A, 0xC8, 0xE3, 0x9C, 0x68, 0xD2, 0x5E, 0x14, 0x32, 0x69, 0x8E, 0x36,
    0x6C, 0x8E, 0x41, 0x37, 0xE8, 0xD9, 0x94, 0xE2, 0xF6, 0x64, 0xE2, 0xC6, 0x0C, 0xED, 0xB7, 0x39,
    0x78, 0x83, 0xCD, 0x5D, 0xEE, 0xD7, 0x62, 0x97, 0xFE, 0x09, 0xE0, 0xFB, 0x50, 0x43, 0x05, 0x05,
    0xFC, 0x25, 0xBC, 0x07, 0x20, 0x8B, 0x0D, 0x01, 0x4E, 0x39, 0x15, 0x71, 0x4B, 0xB9, 0xE4, 0x16,
    0xCA, 0xC1, 0x1F, 0x87, 0x11, 0xA8, 0xA4, 0x81, 0x5A, 0x3A, 0xA2, 0x25, 0x76, 0x5D, 0x23, 0xE1,
    0x1E, 0xC0, 0xCB, 0x40, 0x32, 0x78, 0x18, 0xE0, 0x16, 0x58, 0xD2, 0xD8, 0x2F, 0xCB, 0xB8, 0x6C,
    0x9F, 0xDF, 0x83, 0x8F, 0xCF, 0x24, 0x32, 0x51, 0x9F, 0x40, 0x68, 0x9A, 0xA2, 0x0B, 0x13, 0x8D,
    0x0B, 0x1B, 0x5F, 0xE2, 0xDA, 0xDF, 0x84, 0xE9, 0x2D, 0x73, 0x6E, 0xAA, 0xEE, 0xDB, 0x64, 0x03,
    0xA8, 0x2B, 0x5E, 0x74, 0x50, 0x1B, 0x6E, 0x6C, 0x49, 0x65, 0xF1, 0xCB, 0x25, 0xA6, 0xE8, 0x41,
    0x59, 0x48, 0x1F, 0x78, 0xD8, 0xCF, 0x86, 0xF8, 0x5A, 0xDD, 0x90, 0xCD, 0xD0, 0x86, 0x05, 0x21,
    0xE4, 0x02, 0x2E, 0xAF, 0x0C, 0x9F, 0x4B, 0xD9, 0xF2, 0xAC, 0x69, 0x81, 0x72, 0x9D, 0x03, 0xDB,
    0x0D, 0x26, 0x8F, 0x21, 0x9B, 0xC2, 0xE7, 0xD8, 0x9E, 0x83, 0x09, 0xAF, 0x77, 0x90, 0x47, 0x0F,
    0x71, 0xD9, 0x40, 0x0D, 0xE9, 0x36, 0x74, 0x47, 0x37, 0xA4, 0x41, 0x3B, 0xF8, 0x2B, 0x80, 0xD4,
    0x7C, 0xED, 0xC1, 0xFF, 0x88, 0xB8, 0x74, 0x00, 0xF5, 0x00, 0x50, 0x75, 0x9F, 0x5A, 0x18, 0x2B,
    0xC5, 0xD6, 0x62, 0x0A, 0x19, 0x32, 0x07, 0x73, 0xC8, 0x7E, 0xFB, 0xC5, 0x28, 0x22, 0x3B, 0x3E,
    0xC6, 0xA7, 0xAA, 0xD9, 0xE4, 0x72, 0x12, 0xAF, 0xFB, 0xF0, 0x85, 0xB1, 0xE9, 0x53, 0x0B, 0x63,
    0xF5, 0x67, 0x2F, 0x8C, 0x55, 0x03, 0xEA, 0xB7, 0x32, 0xA1, 0x7E, 0xEF, 0xB3, 0xD8, 0x26, 0xF3,
    0xDA, 0x29, 0x70, 0xFC, 0x85, 0x51, 0xCD, 0xA9, 0xF4, 0x5A, 0x32, 0xB1, 0xFF, 0x0F, 0x8D, 0x54,
    0x01, 0x84, 0x1C, 0x57, 0x18, 0xFE, 0x66, 0xE6, 0x2E, 0x9B, 0x76, 0x92, 0x7B, 0xAB, 0xBD, 0x34,
    0x51, 0xB9, 0xCC, 0x21, 0xE5, 0xBA, 0xB9, 0xDC, 0x0C, 0x16, 0x7B, 0xCC, 0xEE, 0x7B, 0x01, 0x50,
    0x74, 0x90, 0x2B, 0x8A, 0x5A, 0x04, 0x75, 0xDA, 0x76, 0xB0, 0xC8, 0xD5, 0xDE, 0xCD, 0x93, 0xA2,
    0x00, 0x0B, 0x00, 0x98, 0xD2, 0x92, 0x6E, 0x90, 0x45, 0x42, 0x8E, 0x73, 0xFB, 0x04, 0x10, 0xF0,
    0x68, 0x09, 0xC0, 0x53, 0x90, 0x0A, 0x0C, 0x06, 0xAB, 0xF6, 0x6E, 0xFA, 0xBF, 0xCC, 0x5E, 0x5A,
    0x69, 0x45, 0xBF, 0xEF, 0xBF, 0xF7, 0xFE, 0x77, 0xFF, 0xFB, 0xFF, 0xB7, 0xFB, 0xBF, 0xEF, 0x6D,
    0x05, 0x2E, 0x98, 0xF2, 0x34, 0x0A, 0x56, 0x04, 0x8A, 0x63, 0x88, 0x02, 0xEE, 0x0C, 0x8D, 0x13,
    0xB0, 0x87, 0xD8, 0xF2, 0xE5, 0xD0, 0xD3, 0xC1, 0x2D, 0xCD, 0x7F, 0x57, 0x9D, 0x4A, 0xA5, 0x21,
    0x78, 0xA5, 0xC8, 0x5A, 0xE3, 0xB1, 0xE4, 0x55, 0x3D, 0x47, 0x50, 0x1D, 0x57, 0xDD, 0x6C, 0x48,
    0x56, 0xD9, 0xAC, 0x40, 0x70, 0xC5, 0x55, 0x20, 0xF6, 0x1B, 0xFA, 0xD8, 0x37, 0x34, 0x4E, 0xE5,
    0xD4, 0xB8, 0x85, 0x63, 0x7C, 0xB9, 0x84, 0x50, 0xA6, 0x7A, 0x94, 0xA4, 0x3A, 0x94, 0xEC, 0xE9,
    0x9C, 0x7D, 0x5F, 0x04, 0xBE, 0xBA, 0xC9, 0xD0, 0xD9, 0x04, 0x9D, 0x12, 0xB2, 0xBA, 0x82, 0x3D,
    0x1D, 0x31, 0x61, 0x03, 0x38, 0xEA, 0xD5, 0xFC, 0xF2, 0x63, 0xFE, 0x43, 0xC1, 0x9E, 0x16, 0x9E,
    0x29, 0x51, 0xDC, 0xB5, 0x09, 0x39, 0x9C, 0xD2, 0x5A, 0x3F, 0x1F, 0x0D, 0x5C, 0xCD, 0x2B, 0xC5,
    0x4E, 0x81, 0xC4, 0xA6, 0x07, 0x95, 0xE8, 0x36, 0x54, 0xDB, 0x51, 0x4D, 0x08, 0x07, 0x5B, 0x18,
    0xE0, 0x09, 0xA6, 0xE8, 0xC2, 0x57, 0x4C, 0x31, 0x19, 0x20, 0x24, 0x3F, 0x46, 0x13, 0x3D, 0x70,
    0xF2, 0x03, 0xC1, 0x84, 0x2F, 0x3D, 0xE5, 0x88, 0x45, 0x5C, 0x84, 0x94, 0x13, 0x63, 0x15, 0xB7,
    0x71, 0x8C, 0x90, 0xB2, 0x5C, 0x83, 0xC4, 0x49, 0x7C, 0xC3, 0x64, 0x8F, 0x2A, 0x25, 0x00, 0x1C,
    0xF3, 0x81, 0x99, 0x9A, 0xCF, 0x8C, 0x63, 0x20, 0x80, 0x47, 0x38, 0x14, 0x53, 0x73, 0x98, 0x3C,
    0x42, 0x13, 0xC0, 0xB4, 0xDA, 0x7D, 0x08, 0xF6, 0x9A, 0x09, 0x66, 0x98, 0xE3, 0x08, 0x25, 0xD7,
    0xCB, 0xBD, 0xC1, 0x64, 0xD0, 0x5B, 0x76, 0xE9, 0x30, 0x4F, 0xDD, 0x78, 0xC1, 0xE7, 0x40, 0xEB,
    0x3E, 0x9F, 0xD3, 0x8A, 0x08, 0x82, 0x9D, 0xF9, 0xFC, 0xC6, 0x0B, 0x4F, 0xB9, 0xB2, 0x75, 0x3F,
    0x3B, 0x01, 0xC1, 0x29, 0xCE, 0x78, 0xB9, 0xE0, 0x9A, 0x0B, 0xA0, 0x7C, 0xCD, 0x13, 0x91, 0xA9,
    0x40, 0xFD, 0xAB, 0xDF, 0xBE, 0xD9, 0x3A, 0xEA, 0x6C, 0xB6, 0xAF, 0xC6, 0x71, 0x50, 0x3A, 0xA2,
    0x9B, 0x05, 0x2B, 0xC3, 0x04, 0xD2, 0x95, 0x0D, 0x30, 0x73, 0xAE, 0xC4, 0xA3, 0xF6, 0x84, 0x4B,
    0x47, 0x79, 0x92, 0xD9, 0x3E, 0x60, 0xBF, 0xC9, 0x8B, 0x40, 0xD6, 0xFD, 0x6E, 0x8D, 0xEF, 0xF3,
    0x6A, 0x1E, 0x23, 0xEE, 0x60, 0x93, 0x6C, 0x15, 0xAB, 0x00, 0xD2, 0xF8, 0xE2, 0xF6, 0xF1, 0x30,
    0x78, 0x59, 0x02, 0x48, 0x90, 0x0C, 0x3D, 0x43, 0x17, 0xE5, 0x9F, 0xC2, 0x9B, 0xDB, 0x35, 0x19,
    0x39, 0xB4, 0x0C, 0x03, 0xAB, 0x14, 0xDA, 0xF0, 0x86, 0x1C, 0x9C, 0x9F, 0xEC, 0x85, 0xF4, 0x1E,
    0xA8, 0x81, 0xA3, 0xED, 0x85, 0x88, 0xA5, 0xA0, 0xDC, 0xEC, 0x55, 0xF3, 0x76, 0x50, 0xD0, 0xB2,
    0x56, 0xD3, 0xA5, 0x9D, 0x1D, 0x31, 0xAD, 0x2A, 0xB3, 0x3B, 0x1E, 0x8F, 0x40, 0x38, 0x53, 0x16,
    0x08, 0x36, 0x66, 0xD7, 0x34, 0xDB, 0x64, 0x36, 0x5B, 0xDB, 0x9A, 0xCE, 0x3B, 0x7E, 0x49, 0xC9,
    0x55, 0x55, 0x90, 0x51, 0xA0, 0x4E, 0xAF, 0x0B, 0x2C, 0x4A, 0xF8, 0x0A, 0x99, 0x74, 0x4F, 0x10,
    0x6A, 0xF4, 0x80, 0x25, 0xD4, 0xD8, 0x02, 0x62, 0x60, 0x08, 0x94, 0xB0, 0x2A, 0x37, 0xF0, 0x14,
    0x1A, 0x0A, 0x4C, 0x80, 0xFD, 0x57, 0x50, 0xDB, 0xA0, 0x7F, 0x16, 0xEC, 0xDA, 0x20, 0xEE, 0x00,
    0xC9, 0xD1, 0xDA, 0xCA, 0xDA, 0x51, 0x72, 0x1D, 0x57, 0xEA, 0x3E, 0x75, 0x77, 0x86, 0xD4, 0xB6,
    0x4B, 0x3B, 0xB7, 0x61, 0xAF, 0xFF, 0xF4, 0xF1, 0xCE, 0x17, 0x13, 0xAC, 0x90, 0x91, 0xBF, 0x3B,
    0xFE, 0x05, 0x00, 0x35, 0x6F, 0xFB, 0xE0, 0x2B, 0x6A, 0x24, 0x80, 0xA6, 0x78, 0x6C, 0xB8, 0x0A,
    0x45, 0xA6, 0x27, 0x06, 0x40, 0xF8, 0xA4, 0x1C, 0xDE, 0x64, 0xDF, 0xCC, 0xF0, 0xB6, 0xEF, 0xBD,
    0x8A, 0x0C, 0x81, 0x68, 0x28, 0xA7, 0x40, 0x13, 0x89, 0x57, 0x36, 0x34, 0x93, 0x5D, 0x72, 0xDF,
    0x68, 0x66, 0x0B, 0x5C, 0x36, 0x14, 0x35, 0x1E, 0x84, 0x16, 0x70, 0xD0, 0x1C, 0x1E, 0xCD, 0xF6,
    0x67, 0xB3, 0xD5, 0x62, 0x1D, 0x02, 0x1B, 0xE8, 0x12, 0x49, 0x29, 0x0A, 0x84, 0xAC, 0xAA, 0xF4,
    0xC1, 0xF8, 0x81, 0xBE, 0x0B, 0xF7, 0xD5, 0xDF, 0x1D, 0x38, 0x6F, 0x6D, 0xFD, 0x3F, 0x9F, 0xE2,
    0x25, 0x92, 0xFB, 0xAE, 0x41, 0x4D, 0xC0, 0xF9, 0x74, 0x29, 0x38, 0x79, 0xF5, 0x29, 0xA6, 0x45,
    0xD3, 0x08, 0x10, 0x62, 0x60, 0xDF, 0x8E, 0xE7, 0x46, 0x17, 0xC2, 0x93, 0xCD, 0x6E, 0x36, 0x1B,
    0x34, 0x0C, 0x36, 0x16, 0xFF, 0xAC, 0x11, 0xCA, 0x22, 0xAB, 0x4C, 0x91, 0xA9, 0x85, 0xFF, 0xA7,
    0xF5, 0x85, 0x03, 0xDC, 0x42, 0xE3, 0x9E, 0x0E, 0xAB, 0x19, 0x7B, 0x59, 0xB8, 0xF7, 0x24, 0x2C,
    0xDE, 0xA5, 0x1D, 0xA1, 0x64, 0xB0, 0xCC, 0x14, 0xC9, 0x5D, 0xD7, 0x63, 0x0A, 0x02, 0x8D, 0xCB,
    0x34, 0xF6, 0xF1, 0x2C, 0xC2, 0x08, 0xE7, 0xC5, 0x7B, 0x00, 0x2E, 0xC0, 0x03, 0xD0, 0x07, 0x12,
    0xF4, 0x69, 0xCC, 0x47, 0x8B, 0x9D, 0x1A, 0x88, 0x74, 0x2A, 0x80, 0xA6, 0x4E, 0x6D, 0x54, 0xC3,
    0x46, 0x81, 0xF3, 0x70, 0x6D, 0x96, 0x78, 0x1F, 0x58, 0x77, 0x9E, 0xB5, 0x21, 0xEB, 0x9A, 0x75,
    0xD6, 0x77, 0xB2, 0x25, 0x5B, 0x74, 0x62, 0xA6, 0xB9, 0xB6, 0xF7, 0xCF, 0x85, 0xAF, 0x03, 0x7D,
    0x80, 0x04, 0x7E, 0x6F, 0x30, 0xE8, 0x06, 0x70, 0x6E, 0x83, 0x55, 0x82, 0xD7, 0x12, 0x2F, 0x44,
    0xFD, 0xBB, 0x64, 0x81, 0x48, 0x66, 0x3A, 0x94, 0x5C, 0xED, 0x69, 0x08, 0x8C, 0x7C, 0x4A, 0x3A,
    0x40, 0xA0, 0x9C, 0x51, 0x9F, 0x66, 0x5F, 0xFB, 0x3A, 0x13, 0x7D, 0xF4, 0x91, 0x1C, 0xB8, 0x85,
    0xFF, 0x6B, 0xE9, 0x3F, 0x1F, 0xF2, 0x4F, 0x36, 0xFB, 0x2B, 0x2B, 0x83, 0x2E, 0x63, 0xD7, 0xEE,
    0x62, 0xA9, 0xC7, 0xAF, 0x78, 0xEA, 0xF2, 0x6F, 0x7C, 0xEE, 0x1B, 0x56, 0xBC, 0xD3, 0xAF, 0x85,
    0xB4, 0x77, 0xFC, 0xF5, 0x24, 0x5E, 0x21, 0xEB, 0xD2, 0xA3, 0x7C, 0x5E, 0x76, 0xD0, 0x46, 0x66,
    0x76, 0xB5, 0xA3, 0x1C, 0x19, 0x83, 0x10, 0x07, 0x20, 0x94, 0xBE, 0x01, 0x7C, 0xE3, 0x54, 0x3F,
    0x7F, 0x5E, 0x09, 0x84, 0x55, 0x35, 0x03, 0xB0, 0x4B, 0x5A, 0xFC, 0x3F, 0x7B, 0xC6, 0x84, 0xDC,
    0x3E, 0x28, 0xF3, 0xB7, 0x07, 0x2B, 0x81, 0x25, 0xBF, 0x3A, 0x15, 0x88, 0xC3, 0xF1, 0xB4, 0x7A,
    0x49, 0x27, 0x3B, 0xDF, 0x56, 0xBA, 0x09, 0x60, 0x75, 0x91, 0x57, 0xD7, 0xA8, 0xEB, 0xD5, 0xB5,
    0xEB, 0x73, 0xEA, 0x33, 0x41, 0x70, 0x61, 0xE1, 0x69, 0x5B, 0xB2, 0x2A, 0xED, 0x6B, 0x7D, 0x60,
    0x40, 0xF0, 0x04, 0x2C, 0xB0, 0x2C, 0x3E, 0x32, 0x48, 0x3F, 0x2C, 0xF2, 0x28, 0x9F, 0xF0, 0xD4,
    0xAE, 0xB7, 0xF3, 0x7E, 0x34, 0x2D, 0x73, 0xA4, 0x08, 0x0A, 0x60, 0x7D, 0xBD, 0x99, 0xBE, 0x82,
    0x0D, 0x8C, 0xDA, 0x7A, 0x43, 0x5F, 0xCF, 0xA3, 0x50, 0x03, 0x68, 0x8E, 0xA2, 0x9A, 0x79, 0xCA,
    0x73, 0xC0, 0x49, 0xAE, 0xF5, 0xDB, 0x88, 0x88, 0x1D, 0xF8, 0x06, 0xB0, 0xEE, 0x72, 0xB4, 0x57,
    0xE8, 0x48, 0x45, 0x9A, 0xF6, 0x84, 0x39, 0x30, 0x42, 0x8E, 0x1F, 0xC5, 0xE1, 0x24, 0x6F, 0xD7,
    0x1C, 0xB5, 0x97, 0x6F, 0x89, 0xC3, 0x3F, 0x26, 0x79, 0xDA, 0x1E, 0x45, 0xAF, 0xED, 0xBA, 0x23,
    0x0E, 0x44, 0x8A, 0x33, 0x36, 0xB1, 0x8D, 0x3D, 0xB4, 0x17, 0x0C, 0xAC, 0x94, 0xB0, 0x71, 0xF1,
    0xEA, 0xD5, 0x8B, 0xED, 0x46, 0xE4, 0xE5, 0xAE, 0x42, 0x33, 0xCA, 0xD7, 0x94, 0x8F, 0x15, 0xD9,
    0xD6, 0x79, 0xF4, 0x17, 0xBC, 0x59, 0x3D, 0x8C, 0xDD, 0xD8, 0x75, 0xFE, 0x48, 0x5A, 0x62, 0x60,
    0x16, 0x74, 0x00, 0x19, 0x48, 0x2C, 0xC0, 0x6C, 0x52, 0xAC, 0x81, 0x64, 0x59, 0x1B, 0xD0, 0x23,
    0xB9, 0xD9, 0x42, 0x65, 0x14, 0xC0, 0x6F, 0x0D, 0x44, 0x85, 0x9A, 0x2D, 0x84, 0x0D, 0x82, 0x69,
    0x52, 0xBE, 0x37, 0x8F, 0x81, 0xCB, 0x14, 0x16, 0xE0, 0x75, 0xE5, 0x46, 0xC5, 0x16, 0xF6, 0x38,
    0x80, 0x52, 0xB8, 0x18, 0x03, 0x9C, 0x79, 0x4C, 0xB6, 0x70, 0x69, 0x1A, 0x8E, 0xAB, 0x14, 0xBE,
    0xCE, 0xCE, 0xC2, 0x80, 0x8A, 0xEC, 0x75, 0x4C, 0x61, 0x29, 0x85, 0xEF, 0x31, 0xDF, 0x77, 0xC9,
    0x79, 0x33, 0xA3, 0xD5, 0x6F, 0x56, 0x12, 0x67, 0xCE, 0x77, 0xC8, 0xFB, 0xC7, 0x7B, 0xEE, 0x3D,
    0x7F, 0xEF, 0xD2, 0xBB, 0x01, 0x78, 0x1D, 0x80, 0x25, 0x29, 0x25, 0x45, 0x25, 0x0B, 0x0A, 0xE8,
    0xCA, 0x87, 0xA1, 0x10, 0x65, 0xF3, 0x39, 0x66, 0xC0, 0x13, 0x89, 0xF5, 0x8E, 0xB2, 0xF9, 0x77,
    0x9E, 0xDA, 0x86, 0xFD, 0x77, 0x63, 0xA1, 0xF8, 0x1A, 0x02, 0xD3, 0x21, 0xB0, 0x1D, 0xBC, 0xE6,
    0x1F, 0xA1, 0xEB, 0x75, 0xBD, 0x6B, 0x3D, 0x0C, 0x3D, 0x1C, 0xCC, 0x57, 0xEC, 0x22, 0xF1, 0x9E,
    0x02, 0xDF, 0xF8, 0x88, 0x30, 0x0C, 0x35, 0xD2, 0x47, 0xF7, 0x2C, 0xCB, 0xFC, 0x8E, 0x80, 0x5E,
    0xB0, 0xBC, 0x08, 0x47, 0xA7, 0x15, 0x41, 0x8B, 0x34, 0x1C, 0x8C, 0x40, 0xAB, 0x75, 0x83, 0xC4,
    0x57, 0xF8, 0x2D, 0x10, 0x1A, 0x20, 0x2E, 0x81, 0xB7, 0x01, 0x5C, 0x21, 0x5D, 0x98, 0xB9, 0x93,
    0xEE, 0x95, 0xD0, 0x78, 0x5D, 0x1E, 0x1E, 0x02, 0x2B, 0x0A, 0xEB, 0x0D, 0x37, 0xF6, 0x34, 0x29,
    0x20, 0x6E, 0x08, 0x49, 0x79, 0x2A, 0x5C, 0x2E, 0xC8, 0xA6, 0x59, 0x98, 0x09, 0xE6, 0xF3, 0x1B,
    0x53, 0xD9, 0x0E, 0x52, 0xF5, 0x88, 0x6B, 0x42, 0x64, 0x09, 0xC1, 0xB6, 0xB8, 0x0A, 0xAD, 0x1E,
    0x9F, 0x87, 0x0D, 0x80, 0xAF, 0xC3, 0x5D, 0xDE, 0x7A, 0xCB, 0x82, 0xA1, 0x4E, 0x9A, 0x9B, 0x65,
    0x3E, 0x8D, 0x3C, 0x9B, 0x78, 0x5E, 0x00, 0x89, 0x01, 0xDC, 0x92, 0xAC, 0x5B, 0xF5, 0x04, 0xB0,
    0xAA, 0xC7, 0x39, 0x05, 0xE6, 0x8C, 0xA2, 0xE6, 0xE7, 0xD8, 0xAB, 0x35, 0x7A, 0x3A, 0xB4, 0x6E,
    0x99, 0x66, 0x4F, 0xBA, 0xBE, 0xC2, 0xE2, 0x6C, 0xF9, 0x57, 0xD7, 0xA0, 0x09, 0x35, 0x2F, 0xFA,
    0x87, 0xA4, 0xF8, 0xB2, 0xFF, 0x29, 0xB0, 0xC2, 0x6A, 0x83, 0x55, 0x8B, 0x6F, 0x14, 0x6E, 0xE5,
    0x6A, 0xEC, 0x58, 0x36, 0xBF, 0x29, 0x36, 0x43, 0xF8, 0x45, 0x76, 0x6D, 0x64, 0x8B, 0x1D, 0x7B,
    0xF4, 0x13, 0xC7, 0x86, 0xA1, 0x11, 0xBB, 0x7F, 0xAF, 0x43, 0xA5, 0xBA, 0xCD, 0xC8, 0xB2, 0x91,
    0xE5, 0x38, 0x14, 0x4B, 0xD1, 0x8D, 0x4F, 0xAD, 0xAB, 0xF3, 0xAC, 0xD8, 0xD1, 0x75, 0xB2, 0xDF,
    0xDC, 0xEC, 0x86, 0x46, 0xA3, 0x98, 0xA1, 0x24, 0xDB, 0x4E, 0x8A, 0xA5, 0x95, 0xCF, 0x5E, 0x9E,
    0x49, 0x04, 0x9A, 0x44, 0x41, 0x81, 0x78, 0x6D, 0x46, 0x36, 0xD4, 0xAE, 0x2E, 0x36, 0x8E, 0x05,
    0xD6, 0x31, 0xAF, 0x75, 0x0C, 0xED, 0xF9, 0x27, 0x7F, 0x64, 0xA1, 0x9A, 0xE4, 0xF3, 0xBD, 0x86,
    0x4C, 0xE6, 0xE6, 0xD8, 0x09, 0x5E, 0xC2, 0xEA, 0x7E, 0xF2, 0x54, 0xAB, 0x5B, 0xEC, 0x60, 0xF9,
    0x74, 0x70, 0x2A, 0x79, 0x04, 0x4E, 0x4B, 0xDA, 0x31, 0xBA, 0xAE, 0x4B, 0xBB, 0x75, 0xA9, 0x66,
    0x9A, 0xAF, 0x13, 0x24, 0xA2, 0x68, 0x09, 0xE7, 0x97, 0xB1, 0xBC, 0xC7, 0x8C, 0xED, 0x67, 0x81,
    0x2C, 0xA1, 0x76, 0x94, 0x7D, 0xD7, 0x60, 0xE6, 0xB7, 0x63, 0x1D, 0xF6, 0x49, 0x29, 0xDB, 0xC6,
    0xEC, 0x13, 0x9A, 0xD9, 0x28, 0x6C, 0x4F, 0xDA, 0xD7, 0xD8, 0x93, 0x85, 0xB0, 0x37, 0xAF, 0x56,
    0xB0, 0x10, 0x7C, 0x05, 0xBB, 0xD7, 0xEA, 0x5D, 0x48, 0x04, 0xB9, 0x60, 0x4D, 0xF0, 0x3E, 0x27,
    0x04, 0xBF, 0x27, 0x44, 0xBF, 0x20, 0x24, 0xD7, 0x09, 0x59, 0x48, 0xA8, 0x04, 0x2D, 0x21, 0x30,
    0x84, 0xB0, 0x26, 0xC4, 0x05, 0x21, 0x07, 0x61, 0x21, 0xE8, 0x08, 0xB9, 0x15, 0xD4, 0x82, 0x52,
    0x00, 0x02, 0xAE, 0xC8, 0xE3, 0x64, 0xBE, 0x05, 0x92, 0x1F, 0x49, 0xF4, 0xA1, 0x1C, 0x1D, 0x90,
    0xBB, 0x2A, 0xCD, 0x30, 0x63, 0xBB, 0x26, 0xD5, 0x84, 0xE3, 0x92, 0xD2, 0x47, 0x5C, 0x66, 0x96,
    0x6A, 0xFB, 0xAC, 0x1A, 0x74, 0xFC, 0x43, 0xA5, 0xA5, 0xCB, 0x02, 0x0B, 0xA4, 0x61, 0xC3, 0xA6,
    0xFF, 0x5C, 0x03, 0xD1, 0x6F, 0x0B, 0x76, 0x97, 0xE1, 0xFA, 0x5B, 0x02, 0x7A, 0x4C, 0x11, 0x42,
    0xCD, 0x90, 0x8C, 0x2F, 0x23, 0xB8, 0xCA, 0x62, 0x14, 0x3A, 0x2E, 0x5E, 0x0B, 0x50, 0x4B, 0x6F,
    0x15, 0x52, 0xCE, 0x11, 0x20, 0x71, 0x1F, 0x07, 0xEF, 0x2E, 0x01, 0x9D, 0xEE, 0x7A, 0x42, 0xB0,
    0x11, 0x7C, 0x46, 0x88, 0x7E, 0x49, 0x88, 0xBF, 0x5F, 0x02, 0x09, 0x65, 0x47, 0x2E, 0x0D, 0x99,
    0x05, 0x56, 0x42, 0x13, 0x24, 0x3E, 0x85, 0xAF, 0xE0, 0xCB, 0x00, 0x82, 0x61, 0xD8, 0xD2, 0x38,
    0x0F, 0xD6, 0xDA, 0xDE, 0xB8, 0x48, 0x0A, 0xF2, 0x54, 0xEB, 0x97, 0x69, 0x25, 0x17, 0x7A, 0x55,
    0x2F, 0x3D, 0x93, 0x03, 0x20, 0x35, 0x9C, 0x58, 0xF1, 0xC4, 0x08, 0x75, 0x70, 0x03, 0xF9, 0xB0,
    0x25, 0x1F, 0xB4, 0xDB, 0xD6, 0xA9, 0x1F, 0xFB, 0x9D, 0x91, 0xCF, 0xE7, 0xD0, 0x66, 0xB4, 0x1A,
    0x99, 0x8C, 0xEC, 0x45, 0xA4, 0x71, 0xB3, 0xF9, 0x3D, 0xB5, 0x97, 0xBA, 0x75, 0x67, 0xA4, 0xF6,
    0x91, 0xE1, 0x98, 0x85, 0x28, 0xC3, 0x4D, 0x8D, 0x27, 0x75, 0xAC, 0x48, 0xCB, 0x89, 0x2A, 0x95,
    0xB1, 0x4E, 0xF3, 0xE3, 0xB8, 0x9B, 0xD7, 0x13, 0x6F, 0xE2, 0x61, 0x90, 0xBA, 0x0D, 0x43, 0x4B,
    0xFC, 0xE1, 0x7B, 0x42, 0x78, 0x8F, 0x61, 0xFA, 0x05, 0x7C, 0xDB, 0x61, 0x76, 0x0E, 0x67, 0x0E,
    0x97, 0x0E, 0x2B, 0x87, 0x9D, 0x70, 0xFC, 0x0F, 0xAC, 0xF0, 0xEA, 0xA7, 0xF3, 0xF7, 0x1E, 0x14,
    0x6B, 0xE7, 0x95, 0x46, 0xAC, 0xB4, 0xA3, 0x4F, 0xC0, 0xF7, 0x89, 0x97, 0xCB, 0xD7, 0x91, 0x3D,
    0xC8, 0xEB, 0xC9, 0x82, 0x0A, 0x32, 0xDA, 0x50, 0x4D, 0x26, 0x03, 0x22, 0xDB, 0x87, 0xDF, 0x92,
    0xF5, 0xB2, 0x8D, 0xD6, 0xB7, 0x92, 0xAB, 0x55, 0xD0, 0x4F, 0x8B, 0x96, 0xCD, 0xD8, 0xB8, 0x4D,
    0x01, 0xA7, 0x53, 0x67, 0x2C, 0xFE, 0xCD, 0xC3, 0x15, 0x76, 0x4D, 0x72, 0x76, 0x68, 0x5C, 0x77,
    0xC9, 0xDB, 0xB9, 0xC1, 0x02, 0x4B, 0x76, 0x84, 0xA8, 0x21, 0xCB, 0x15, 0xBF, 0x5B, 0x42, 0x0E,
    0xB2, 0xA8, 0x39, 0x12, 0x73, 0xF6, 0x87, 0xAB, 0x43, 0xAB, 0x78, 0x8F, 0x6F, 0x8F, 0x71, 0x95,
    0x14, 0x36, 0x67, 0xA4, 0xE7, 0x15, 0xDF, 0xD9, 0x39, 0xC2, 0x7C, 0x5D, 0x42, 0x23, 0xBA, 0xBE,
    0xFE, 0x44, 0xBA, 0x0F, 0xCD, 0x09, 0xE3, 0xAF, 0x8C, 0x6A, 0xA5, 0x76, 0x57, 0xDE, 0xAC, 0xEB,
    0x2A, 0x80, 0x85, 0xCC, 0x31, 0xBF, 0x25, 0x11, 0x06, 0x3E, 0x7A, 0xDF, 0x79, 0xD3, 0x1E, 0xF4,
    0xB5, 0x44, 0x08, 0xD9, 0x9F, 0xC0, 0x28, 0x47, 0x60, 0x1F, 0x04, 0xE7, 0xE1, 0x9A, 0x60, 0xF1,
    0x04, 0xA8, 0x2E, 0xC2, 0xA1, 0xA0, 0x13, 0xB4, 0x04, 0xCF, 0x12, 0xAE, 0x0B, 0x86, 0x46, 0x50,
    0x12, 0x5C, 0xF4, 0xCF, 0xE5, 0xDA, 0x0C, 0xC5, 0x42, 0x6A, 0x72, 0xC3, 0x67, 0x93, 0x59, 0x60,
    0x65, 0x66, 0x2D, 0xF0, 0xB9, 0xB9, 0xD6, 0xC1, 0xFB, 0xA3, 0xB9, 0xB6, 0x80, 0xFF, 0x89, 0xB9,
    0xC6, 0xD7, 0xFF, 0xDA, 0xCC, 0x52, 0x84, 0x1F, 0x9B, 0x59, 0x82, 0xF8, 0x7B, 0x66, 0x16, 0x97,
    0x71, 0x60, 0x66, 0x51, 0x9D, 0x12, 0x83, 0x66, 0x26, 0x34, 0x0B, 0xA2, 0x67, 0x0F, 0x89, 0x68,
    0x5B, 0xE1, 0x91, 0x15, 0xAE, 0x8C, 0x30, 0xAF, 0x85, 0x69, 0x29, 0x8C, 0x0B, 0x21, 0xA2, 0x92,
    0x10, 0xD7, 0x2F, 0x00, 0x72, 0xDF, 0x23, 0xC8, 0xA5, 0xBB, 0xB2, 0x17, 0x06, 0xB8, 0x2B, 0x1A,
    0x8C, 0xF2, 0xDC, 0x2D, 0xFC, 0x6D, 0xB1, 0xAE, 0x43, 0x8B, 0xC8, 0xB0, 0x2A, 0xB0, 0x49, 0x01,
    0xAF, 0x93, 0xB9, 0xF5, 0x39, 0xA1, 0xCA, 0x08, 0xCB, 0x27, 0x81, 0xAB, 0x15, 0xF4, 0xEC, 0x81,
    0xCE, 0xF5, 0x75, 0xA3, 0xF8, 0x1B, 0x19, 0xD2, 0x5A, 0x46, 0x1A, 0xC9, 0xB3, 0xC9, 0x16, 0x76,
    0x21, 0xA7, 0xD4, 0x74, 0x9D, 0x94, 0xAF, 0x07, 0xF2, 0xE1, 0xEE, 0xE8, 0x93, 0xDE, 0x93, 0x96,
    0x47, 0x66, 0x54, 0x46, 0xFF, 0x1C, 0xE9, 0x39, 0x6A, 0x32, 0x1A, 0xB2, 0x8B, 0x2B, 0xC3, 0x9D,
    0xD7, 0xF0, 0xBB, 0xE0, 0x22, 0xBC, 0xCC, 0xEF, 0x82, 0x2D, 0x94, 0x84, 0xE9, 0x69, 0x10, 0xCD,
    0x6F, 0x7E, 0x3A, 0x57, 0x26, 0xF6, 0x0A, 0xE8, 0xCD, 0xE6, 0x30, 0xBB, 0x2B, 0x39, 0x43, 0x6F,
    0xEF, 0x43, 0x68, 0x09, 0x65, 0x75, 0x94, 0xAE, 0x43, 0x6C, 0x12, 0xAC, 0x91, 0x16, 0x09, 0x29,
    0x47, 0xC2, 0x49, 0x2D, 0x89, 0x51, 0xBD, 0x20, 0x86, 0xCD, 0x79, 0x1C, 0xCB, 0xC7, 0x36, 0x69,
    0xA9, 0xF6, 0xEC, 0xEB, 0x6D, 0x35, 0xCE, 0xBA, 0x9B, 0xC6, 0xD4, 0xF8, 0x8F, 0xBD, 0x11, 0x97,
    0xC6, 0xD5, 0x57, 0x07, 0x72, 0xAE, 0x79, 0x85, 0xD0, 0x50, 0x3C, 0x9F, 0x76, 0x08, 0xF4, 0x14,
    0x1F, 0x4B, 0xA9, 0x6F, 0xAA, 0x2D, 0x8A, 0x7B, 0x42, 0xD8, 0x12, 0x02, 0x81, 0x7B, 0x4C, 0xF6,
    0x35, 0x42, 0x4A, 0xA8, 0xD8, 0xDB, 0x53, 0x54, 0x0A, 0x8C, 0x6F, 0xC1, 0x9E, 0x3D, 0xD8, 0x73,
    0x89, 0x1C, 0xFC, 0xAF, 0xA4, 0x07, 0xAF, 0x37, 0x6D, 0xFB, 0x50, 0xE6, 0xB3, 0x71, 0xE0, 0xDC,
    0xFA, 0x13, 0xE0, 0xAD, 0x43, 0xE0, 0x50, 0x41, 0xF4, 0x69, 0x54, 0x91, 0x96, 0xA4, 0xFC, 0xCE,
    0xD5, 0x9E, 0x69, 0x47, 0xEF, 0x0F, 0x0F, 0x25, 0xE4, 0x33, 0x69, 0xE6, 0x22, 0x65, 0xE3, 0x58,
    0xF8, 0xC6, 0x19, 0x25, 0x7F, 0x38, 0xBF, 0xC9, 0x14, 0x4C, 0xD7, 0xC4, 0x58, 0xE7, 0x59, 0xF9,
    0x4A, 0x29, 0x6D, 0x5C, 0xBF, 0x69, 0x96, 0x31, 0x93, 0x9A, 0xDF, 0xFA, 0x8F, 0x71, 0x2E, 0xDB,
    0x89, 0xC1, 0x5D, 0xD9, 0x33, 0xD8, 0xB7, 0xD6, 0x6A, 0xE4, 0x60, 0xBE, 0xFF, 0x6C, 0x4F, 0x71,
    0x70, 0x87, 0x30, 0x0C, 0xBA, 0x5B, 0xD7, 0xC8, 0x11, 0x59, 0x82, 0x2F, 0xF0, 0x5A, 0x02, 0x04,
    0x9E, 0xC0, 0x17, 0x84, 0xD6, 0xFD, 0x66, 0x54, 0x8F, 0x82, 0x70, 0xE2, 0x74, 0x21, 0x7D, 0x01,
    0xE0, 0x7B, 0x08, 0x9C, 0x7B, 0x9A, 0x31, 0xBB, 0x4E, 0xE5, 0x2E, 0x09, 0x81, 0x25, 0xF8, 0x17,
    0x41, 0x65, 0xAA, 0xCD, 0xE6, 0xAB, 0x3A, 0xD5, 0xCC, 0x08, 0x27, 0xE3, 0x28, 0xCF, 0x20, 0x09,
    0x32, 0x25, 0xEF, 0xCF, 0x74, 0xC6, 0x46, 0xC3, 0x6A, 0x54, 0x0D, 0xEA, 0xAE, 0xAB, 0xBA, 0x91,
    0xAF, 0x45, 0xF6, 0xCE, 0xAA, 0x01, 0x24, 0xE3, 0xF4, 0x73, 0x04, 0x47, 0x82, 0xFD, 0x73, 0x1E,
    0xD5, 0x1F, 0xD8, 0x35, 0x10, 0x78, 0xFC, 0x0D, 0x7E, 0xD1, 0xD5, 0x66, 0xA7, 0x3D, 0xD4, 0x57,
    0xA3, 0xBC, 0x0F, 0xAE, 0x94, 0x1B, 0x39, 0x1D, 0xBA, 0xB3, 0xE3, 0xA4, 0xC9, 0x84, 0x56, 0xDB,
    0x82, 0x4C, 0x87, 0x02, 0x64, 0xC9, 0xC9, 0xD5, 0x9E, 0x2C, 0x2F, 0x70, 0x4C, 0xC6, 0x41, 0x72,
    0xB2, 0xDE, 0x19, 0xBA, 0xD7, 0xBA, 0x60, 0xEA, 0x5B, 0x97, 0x5B, 0x05, 0x62, 0xD4, 0x4D, 0xB2,
    0xF0, 0x94, 0x65, 0xDF, 0x75, 0x4C, 0x75, 0x62, 0x53, 0xCB, 0xA9, 0x1F, 0x3A, 0x37, 0x0A, 0x2A,
    0x37, 0x26, 0xC9, 0xBD, 0x21, 0x31, 0x61, 0x3F, 0xBE, 0xDD, 0x92, 0x61, 0xCD, 0x39, 0x6A, 0xE2,
    0xC2, 0xCB, 0xC3, 0x56, 0x21, 0x21, 0xD8, 0xFE, 0x70, 0xA5, 0xDD, 0x8E, 0xEB, 0x8B, 0x14, 0x71,
    0xF3, 0x83, 0x0E, 0xB9, 0x37, 0x3C, 0x5A, 0x53, 0xAE, 0x01, 0xD1, 0xA7, 0x2B, 0x97, 0xEA, 0xEA,
    0xEF, 0x88, 0xD4, 0xB1, 0xDE, 0x8E, 0xED, 0xD4, 0x3E, 0x07, 0xDB, 0xAE, 0x0D, 0x92, 0x61, 0x83,
    0xF8, 0x8E, 0x96, 0x2C, 0x2E, 0x49, 0xB5, 0xE6, 0x88, 0x4B, 0xB7, 0x6A, 0x5F, 0xA7, 0x51, 0x8F,
    0x6E, 0xD5, 0x39, 0x9F, 0x2B, 0x47, 0x31, 0x29, 0xA9, 0xF7, 0xA1, 0x7D, 0xFA, 0x7D, 0x1D, 0x0D,
    0xEF, 0xD6, 0xEE, 0x7C, 0x0E, 0x44, 0x7F, 0x6D, 0x41, 0xA1, 0xBD, 0xE1, 0x43, 0xAD, 0xAF, 0x1B,
    0x29, 0x01, 0xF0, 0xB6, 0xC7, 0xA5, 0x4C, 0xB7, 0x98, 0x71, 0xAC, 0x55, 0x13, 0xD9, 0x15, 0xFC,
    0x76, 0x1F, 0xE8, 0xE4, 0x7E, 0x48, 0x95, 0x48, 0x59, 0x5E, 0x46, 0x4A, 0xE1, 0x75, 0x49, 0x11,
    0xD8, 0xD8, 0x44, 0x0D, 0x37, 0xB2, 0xC4, 0x7A, 0xE3, 0x04, 0xFF, 0x80, 0xFA, 0xB3, 0xE6, 0x1C,
    0x8F, 0xDE, 0x5B, 0xA3, 0xA2, 0x40, 0x9C, 0x87, 0xA8, 0xA8, 0xBC, 0x15, 0xCB, 0x5B, 0xD2, 0x96,
    0xE5, 0x29, 0xCB, 0xCE, 0xCF, 0x73, 0xAF, 0xE4, 0x52, 0xB1, 0xEE, 0x84, 0xFD, 0xEF, 0xAE, 0x07,
    0x7B, 0x7C, 0x70, 0xB7, 0x02, 0x5E, 0xE4, 0x9F, 0x1D, 0x7E, 0xAC, 0x85, 0xEF, 0x81, 0xE3, 0x03,
    0xC2, 0x21, 0x16, 0xE7, 0xA1, 0xBD, 0x08, 0x96, 0xE0, 0x09, 0x7C, 0x43, 0x08, 0x1A, 0x82, 0x02,
    0x8C, 0x8B, 0xDD, 0x8D, 0x03, 0x45, 0xDC, 0xC7, 0x01, 0xEE, 0xDA, 0x33, 0x08, 0xB4, 0xF8, 0x66,
    0x55, 0xA4, 0x05, 0x5D, 0x8A, 0x0B, 0x71, 0x81, 0x59, 0xCE, 0xBF, 0x6B, 0xD8, 0xD3, 0xAE, 0x0F,
    0xDC, 0x9C, 0xB1, 0x9C, 0x54, 0x38, 0x2D, 0x94, 0x6C, 0x78, 0x75, 0xC8, 0xC5, 0x94, 0x62, 0x68,
    0x71, 0xBE, 0x85, 0xAF, 0xC2, 0x2F, 0x53, 0x2E, 0x87, 0x62, 0x79, 0x5C, 0xA4, 0x1C, 0x23, 0x2E,
    0x64, 0x56, 0x71, 0xD1, 0x29, 0x21, 0xFB, 0x6B, 0x0B, 0xCC, 0xE2, 0xEB, 0x0D, 0xA4, 0x12, 0xA5,
    0xF3, 0x28, 0x2E, 0xDC, 0x5D, 0x37, 0xAE, 0xB6, 0x45, 0xC0, 0x96, 0xBD, 0xEB, 0xB5, 0xCF, 0x99,
    0x6B, 0x84, 0xDC, 0x8D, 0xB6, 0x24, 0x86, 0xE6, 0xF2, 0x40, 0xEF, 0xC0, 0x39, 0x7E, 0xF3, 0x9D,
    0x35, 0x80, 0xA4, 0x18, 0x29, 0x05, 0xBC, 0x23, 0xF8, 0x83, 0x21, 0xC9, 0xA4, 0xF2, 0x9D, 0xF2,
    0x88, 0xFE, 0x02, 0xB9, 0x7E, 0x55, 0xEF, 0x8E, 0x20, 0x6F, 0xE3, 0xF2, 0x9D, 0x8A, 0x52, 0x56,
    0xC8, 0x49, 0x2B, 0xD2, 0xE7, 0xA6, 0xF2, 0xFF, 0x68, 0xAA, 0xE0, 0x63, 0x53, 0x45, 0xDF, 0x33,
    0x55, 0x12, 0x98, 0x6A, 0x46, 0x5A, 0x90, 0xDA, 0xC0, 0x1C, 0x9B, 0xC0, 0xAC, 0x6B, 0x52, 0x49,
    0x52, 0xA0, 0x2D, 0xFF, 0x1C, 0x81, 0xFC, 0xEE, 0x83, 0x1E, 0x58, 0xDB, 0xE9, 0x30, 0xEA, 0xCB,
    0x8F, 0x7B, 0x1B, 0x5F, 0x2D, 0x2A, 0xA4, 0xA8, 0xB0, 0x24, 0x75, 0xA8, 0x94, 0xFD, 0x84, 0x0D,
    0x2A, 0x8A, 0xB2, 0x1E, 0x20, 0x52, 0xBC, 0x67, 0x99, 0x19, 0xEB, 0xD0, 0x93, 0xF6, 0x31, 0xF6,
    0x61, 0xC5, 0xC1, 0xC1, 0x47, 0x18, 0x86, 0x0E, 0x8F, 0x0E, 0x3A, 0x58, 0xEC, 0xC8, 0x7B, 0x8C,
    0x7C, 0x91, 0x41, 0x17, 0x34, 0xE8, 0x68, 0x5A, 0xDD, 0x20, 0x02, 0xDB, 0x4A, 0xD7, 0x68, 0xD6,
    0x77, 0xD7, 0x05, 0x62, 0xBB, 0xAE, 0x91, 0xD8, 0x35, 0x6D, 0xD3, 0x1E, 0x1B, 0xEC, 0xDB, 0x23,
    0x8B, 0x9F, 0xDB, 0xAA, 0xC3, 0x03, 0x5B, 0x2D, 0xFC, 0x3F, 0x58, 0xCA, 0xF1, 0x2B, 0x5B, 0xA5,
    0xE1, 0xBF, 0xD9, 0x2A, 0x8E, 0xFF, 0x89, 0xF0, 0x7D, 0xCF, 0x56, 0xE1, 0x7F, 0x13, 0x82, 0x0D,
    0xC1, 0xEF, 0x09, 0x68, 0x3D, 0x7B, 0x1B, 0x3E, 0xD7, 0x24, 0x68, 0xBE, 0x48, 0xA1, 0xB4, 0x51,
    0xA4, 0xE7, 0xA7, 0x12, 0xF6, 0x4E, 0xE4, 0x45, 0x11, 0x9F, 0xEC, 0xD5, 0x29, 0x8D, 0x51, 0x21,
    0x66, 0x09, 0x74, 0x0B, 0xE5, 0x0D, 0xE7, 0x48, 0x65, 0x19, 0xEB, 0x52, 0xE9, 0x4F, 0x13, 0x9F,
    0x33, 0x58, 0xD9, 0xCF, 0x81, 0x8C, 0xAF, 0x3E, 0x3E, 0xF8, 0x69, 0xCD, 0xF7, 0xBE, 0x34, 0xBD,
    0x9F, 0x9C, 0xA0, 0x92, 0xF1, 0x9E, 0xAC, 0xEA, 0x35, 0xA2, 0xE6, 0x18, 0x01, 0x85, 0xF3, 0x49,
    0x5E, 0x7B, 0x9E, 0x54, 0x76, 0xC4, 0xBA, 0x35, 0x42, 0xEE, 0x6B, 0x52, 0x1F, 0xD3, 0xA1, 0x57,
    0xAB, 0x1E, 0x95, 0x57, 0xC8, 0x8E, 0x9F, 0x48, 0x48, 0x1F, 0xC2, 0x97, 0x7C, 0x0F, 0xFE, 0x0E,
    0x89, 0xCC, 0x61, 0xB2, 0xAF, 0xC5, 0x63, 0xED, 0x26, 0x9B, 0x53, 0xBD, 0x6C, 0x4E, 0xFE, 0x78,
    0x0C, 0xDB, 0x5E, 0xB1, 0x93, 0xEF, 0x83, 0xF5, 0x41, 0x29, 0x53, 0x78, 0x59, 0xA2, 0x77, 0xF9,
    0x48, 0xF3, 0x57, 0xBA, 0xAD, 0xBC, 0x3B, 0x29, 0xC2, 0x86, 0xB6, 0x5B, 0x47, 0xB4, 0xE0, 0xA0,
    0x49, 0xE0, 0x6B, 0xD5, 0xAD, 0xCE, 0xA9, 0xE4, 0x90, 0x3A, 0x60, 0xD6, 0xB2, 0x9F, 0x55, 0x82,
    0x3D, 0x99, 0x58, 0xB9, 0x33, 0x43, 0xC5, 0xC0, 0xF7, 0x9C, 0x59, 0x90, 0x4A, 0x9C, 0x5E, 0xD5,
    0xB3, 0xE0, 0x2A, 0x6D, 0xDA, 0x73, 0x27, 0x73, 0x0F, 0x8F, 0x56, 0x5C, 0xB7, 0x45, 0x64, 0x72,
    0x2C, 0x7C, 0xCE, 0x67, 0x81, 0x6E, 0x49, 0xE8, 0x2B, 0x42, 0x75, 0x06, 0xAE, 0x8C, 0x4D, 0xBC,
    0x2E, 0x2D, 0x16, 0x72, 0xD0, 0x8B, 0x44, 0x1B, 0x3E, 0x14, 0x70, 0xA7, 0x1C, 0xDE, 0x51, 0xF1,
    0x9C, 0x57, 0x7E, 0x0B, 0xDE, 0xDD, 0x14, 0xA1, 0xD1, 0x79, 0x4F, 0x68, 0x52, 0xF8, 0xD2, 0xA9,
    0x9E, 0x5D, 0xF3, 0x51, 0x2A, 0x91, 0xEE, 0x55, 0xA6, 0x3A, 0xB5, 0x51, 0x5B, 0xF5, 0xD1, 0xA9,
    0x10, 0xB5, 0xBA, 0xD4, 0xA9, 0xC3, 0x4B, 0x52, 0xB3, 0xA2, 0x94, 0x22, 0x6D, 0xE6, 0x63, 0x84,
    0xB7, 0x68, 0x29, 0xF2, 0xB6, 0xE7, 0x69, 0x36, 0x51, 0x4E, 0x4A, 0x3E, 0xBD, 0x67, 0x22, 0xE5,
    0x00, 0x1F, 0xFC, 0xC0, 0x00, 0xC1, 0xE3, 0x24, 0xEF, 0xE1, 0x6C, 0x8D, 0x21, 0xCB, 0xBC, 0x2A,
    0x74, 0x67, 0x72, 0x23, 0x9E, 0x1F, 0xBF, 0x79, 0x45, 0x38, 0x8E, 0x3C, 0x8C, 0x08, 0x5D, 0xE9,
    0x53, 0x10, 0x1F, 0x50, 0x49, 0x69, 0xCF, 0xBA, 0x3B, 0x22, 0x60, 0x79, 0x11, 0x56, 0xC3, 0x1D,
    0x01, 0xEB, 0xF7, 0xE7, 0xEB, 0x82, 0x65, 0x71, 0x29, 0xA8, 0x77, 0xA0, 0xC7, 0x95, 0x6B, 0x22,
    0x30, 0xB8, 0x0D, 0x09, 0xA3, 0x75, 0x7B, 0x12, 0xAC, 0x87, 0x3B, 0x82, 0x9E, 0x8F, 0xDE, 0x9A,
    0x80, 0xF4, 0x5D, 0x42, 0xBC, 0x03, 0x3D, 0xAA, 0x42, 0x4D, 0xC6, 0xC6, 0xB7, 0x9F, 0x62, 0xDF,
    0xAC, 0x24, 0xF5, 0x38, 0x9A, 0xAF, 0x21, 0x99, 0x95, 0x2C, 0x88, 0x74, 0xCF, 0x21, 0x54, 0x47,
    0x6A, 0x70, 0xF5, 0x21, 0x1C, 0xFF, 0xF6, 0xCD, 0x16, 0x40, 0x7F, 0xC1, 0xE2, 0xE3, 0x61, 0x10,
    0x4D, 0x8B, 0x91, 0x4F, 0xE5, 0x15, 0x6E, 0x04, 0x1D, 0xA4, 0x10, 0x2B, 0xE5, 0x64, 0x85, 0xE2,
    0x4F, 0xB4, 0x41, 0xC5, 0xC7, 0xA6, 0xF2, 0x36, 0x21, 0x3D, 0xB1, 0x45, 0xAF, 0xF8, 0xB1, 0xAC,
    0xA2, 0x1A, 0x59, 0xA5, 0x1C, 0x6B, 0x3D, 0x94, 0x13, 0x54, 0xB1, 0x03, 0x56, 0xA8, 0x76, 0x59,
    0xE9, 0x50, 0xAA, 0xF2, 0x3B, 0xBF, 0x53, 0xAA, 0xA0, 0xED, 0x1F, 0x3F, 0x77, 0xCA, 0x7B, 0x96,
    0x54, 0xBB, 0x26, 0xB9, 0xFF, 0xD3, 0x26, 0x47, 0xD0, 0x64, 0x13, 0xE9, 0x3E, 0x6D, 0xC2, 0x46,
    0x75, 0x1E, 0x49, 0xE1, 0x24, 0xB0, 0x41, 0x13, 0x35, 0x74, 0x19, 0xE5, 0x58, 0x7F, 0x44, 0x72,
    0x1F, 0x2B, 0x76, 0x31, 0xB9, 0x00, 0x82, 0x1A, 0x40, 0xF1, 0xCA, 0x12, 0x0E, 0x5D, 0x9E, 0xCB,
    0xDB, 0xD9, 0xCA, 0xFC, 0xA5, 0x1E, 0x5F, 0xE9, 0xD8, 0x61, 0x3D, 0xD2, 0xBD, 0xFB, 0x63, 0x6C,
    0xBD, 0xF9, 0x9B, 0x1B, 0x53, 0xD9, 0x15, 0x84, 0xBF, 0x18, 0x9A, 0xF0, 0xB7, 0x43, 0x17, 0xF6,
    0xE8, 0x43, 0x8B, 0x65, 0x68, 0x90, 0x85, 0x0D, 0xA9, 0x7E, 0x3E, 0x01, 0x8F, 0xD3, 0x9F, 0xF6,
    0x80, 0x3B, 0x36, 0x68, 0xE0, 0xDD, 0xE0, 0x5C, 0xE4, 0x52, 0x67, 0xC0, 0xCF, 0xDC, 0x2E, 0xE0,
    0xE5, 0xD3, 0xC6, 0xBD, 0x29, 0xB2, 0xB4, 0xDF, 0xB8, 0x10, 0x59, 0x44, 0xEB, 0xA1, 0x13, 0x3D,
    0x37, 0xB2, 0xF8, 0xC3, 0x9D, 0x74, 0xE8, 0xF7, 0xDF, 0xF9, 0x99, 0x3B, 0x84, 0x71, 0xBF, 0x36,
    0x1A, 0x77, 0x9A, 0xB2, 0x36, 0x08, 0x3B, 0xA8, 0xFF, 0x8C, 0xFF, 0x77, 0xD1, 0x0F, 0x43, 0xBB,
    0x1A, 0x94, 0x7E, 0x5F, 0xA9, 0xAA, 0xB7, 0xA8, 0x8A, 0xD5, 0xC5, 0xEB, 0xCA, 0xD7, 0xAE, 0x55,
    0xCB, 0xFE, 0xAD, 0xF7, 0xE1, 0x8E, 0xF1, 0xA3, 0xFA, 0x59, 0x7F, 0xB8, 0x82, 0x8A, 0x7F, 0x6F,
    0x4D, 0x39, 0x55, 0xF5, 0x22, 0x7F, 0x5E, 0xB7, 0xB6, 0xAB, 0x12, 0xDC, 0x53, 0x00, 0x9C, 0x0B,
    0xF1, 0xD1, 0x81, 0xD0, 0x7A, 0x8F, 0xA1, 0x67, 0xBD, 0x61, 0x5B, 0x0A, 0x87, 0x96, 0xD8, 0x5E,
    0xEE, 0x85, 0xD8, 0xF7, 0x85, 0x99, 0x6F, 0x84, 0x41, 0xA3, 0x92, 0xA8, 0xF6, 0x5A, 0xBF, 0x1F,
    0x4A, 0xB5, 0x1C, 0x40, 0x9C, 0xC2, 0x99, 0x9C, 0x3F, 0xA0, 0xC4, 0xE0, 0xE9, 0xC8, 0x54, 0xE3,
    0xFE, 0x87, 0x70, 0x8E, 0xAD, 0x3C, 0x3E, 0xB8, 0x77, 0xFF, 0x9E, 0x55, 0xB9, 0xDF, 0x0A, 0xD1,
    0x9D, 0xA1, 0xA7, 0x92, 0x26, 0x52, 0x2D, 0x6D, 0x48, 0xB8, 0x7D, 0x4C, 0xEB, 0x7E, 0x4C, 0x71,
    0x7A, 0x6A, 0xDD, 0x77, 0xCE, 0x6B, 0x9D, 0x99, 0xB4, 0x8E, 0x56, 0x8E, 0xEC, 0x9C, 0xD6, 0xE5,
    0xCF, 0x23, 0xC8, 0x1C, 0xBD, 0x4E, 0x3E, 0x6E, 0x0C, 0xDB, 0xDF, 0x3C, 0xFB, 0xAA, 0xF9, 0x65,
    0xD3, 0x4F, 0xEF, 0xC6, 0xF4, 0x83, 0x76, 0x9F, 0x94, 0x90, 0xC2, 0x9D, 0xA5, 0x7F, 0xF9, 0x94,
    0xFB, 0x0E, 0x83, 0x8F, 0x49, 0x81, 0x87, 0x47, 0xC0, 0xAA, 0xC5, 0x68, 0x9D, 0xAF, 0x37, 0x75,
    0xD1, 0x3E, 0xFF, 0x7F, 0xD2, 0x45, 0xEE, 0xBA, 0x23, 0xAD, 0xC1, 0x05, 0xC2, 0xF4, 0x4D, 0xCC,
    0xB7, 0xD9, 0x29, 0x43, 0xA7, 0x29, 0x8A, 0x05, 0x62, 0x3D, 0x59, 0xEA, 0x98, 0x49, 0x0B, 0xC7,
    0x38, 0xB7, 0x0D, 0x24, 0x93, 0xB7, 0xE5, 0xD0, 0x71, 0x1D, 0x0C, 0x90, 0x8D, 0x04, 0x9F, 0x81,
    0xF7, 0x26, 0xFA, 0x65, 0x49, 0x39, 0x6D, 0xFC, 0x37, 0x75, 0x52, 0xF8, 0x36, 0x89, 0x6A, 0x76,
    0xEE, 0x52, 0x77, 0x9E, 0xDA, 0xCF, 0x7C, 0xBB, 0x00, 0x96, 0x0B, 0xAF, 0xED, 0x81, 0xEC, 0x10,
    0x7D, 0x0B, 0x24, 0x2D, 0x56, 0x16, 0x88, 0xAD, 0xEC, 0x18, 0xA1, 0x41, 0x52, 0x03, 0xBB, 0xDD,
    0x07, 0xEE, 0x2E, 0x10, 0x17, 0x9E, 0x5D, 0x3A, 0x9C, 0x71, 0x71, 0x34, 0xC7, 0xB8, 0xD6, 0x14,
    0xF9, 0x4E, 0x93, 0x0A, 0x9B, 0xB8, 0x88, 0x1B, 0x4E, 0xA5, 0x4C, 0xAD, 0x66, 0x92, 0xD9, 0x98,
    0xE1, 0xFC, 0xB0, 0xD5, 0x5A, 0xDB, 0x8A, 0x82, 0xFD, 0x8F, 0x3E, 0x46, 0x60, 0xA8, 0xDF, 0x96,
    0x2B, 0x2B, 0xF9, 0x2A, 0xB0, 0x5B, 0x23, 0xD1, 0xCF, 0x47, 0x6C, 0x2D, 0x90, 0xA0, 0xC1, 0xFC,
    0x78, 0x5E, 0x3C, 0x21, 0x9E, 0x4F, 0x47, 0x2D, 0x8A, 0xE7, 0x35, 0x94, 0x81, 0x11, 0x02, 0x4B,
    0xF0, 0x77, 0xA0, 0x47, 0x55, 0xEC, 0x7B, 0xAB, 0x5A, 0x8D, 0xC7, 0x6E, 0x9E, 0x05, 0xCE, 0xC1,
    0xDF, 0x3F, 0x3A, 0xFD, 0xF1, 0xFC, 0x81, 0xEE, 0xCE, 0xD7, 0x0A, 0x5A, 0x01, 0xFD, 0xBA, 0x60,
    0x50, 0x59, 0x5A, 0x12, 0xE2, 0x9A, 0x10, 0x11, 0x74, 0xC7, 0x35, 0x2B, 0x5C, 0x7A, 0x4A, 0x38,
    0xC1, 0xB9, 0xEF, 0x57, 0x7C, 0x22, 0xA3, 0x10, 0x64, 0xC1, 0xF6, 0x9D, 0x25, 0x59, 0x64, 0x54,
    0xA7, 0x65, 0x15, 0xCB, 0xE1, 0x58, 0x36, 0xB2, 0xE5, 0xC8, 0x2A, 0x31, 0x77, 0x3E, 0x57, 0x9F,
    0xB2, 0x6C, 0xBE, 0x99, 0xCF, 0xA7, 0x3A, 0xB1, 0xA3, 0x91, 0xED, 0xE3, 0xFC, 0x28, 0x69, 0xE9,
    0x58, 0x6C, 0x1C, 0x0B, 0x37, 0xF8, 0x33, 0x32, 0x4E, 0x69, 0x43, 0x36, 0x1D, 0x1B, 0x4D, 0xBF,
    0x6E, 0xBD, 0xB5, 0xD2, 0xB4, 0xA1, 0xA5, 0xA1, 0xFD, 0xF0, 0x5F, 0x65, 0xA5, 0xEE, 0xEC, 0x5C,
    0x36, 0x4B, 0x08, 0x08, 0x6B, 0xBD, 0xD5, 0x81, 0xC2, 0xBE, 0xCA, 0x4E, 0x6B, 0xD1, 0x09, 0x8E,
    0xE9, 0xC5, 0x91, 0x6A, 0x80, 0x70, 0xB0, 0xD3, 0x79, 0xB5, 0x9B, 0xFD, 0x40, 0xF2, 0x04, 0xFE,
    0x67, 0x25, 0x10, 0xFC, 0x67, 0x0D, 0x44, 0x1F, 0xCB, 0x92, 0xBE, 0x27, 0x93, 0x7A, 0xA7, 0x05,
    0x72, 0x74, 0x04, 0x2D, 0xB7, 0xFB, 0xD4, 0xC2, 0x84, 0x1E, 0x9E, 0x5D, 0xE8, 0x18, 0x65, 0xC1,
    0x54, 0xBB, 0x59, 0x48, 0x65, 0x68, 0xE3, 0x71, 0xB9, 0x90, 0xC1, 0x52, 0x39, 0x73, 0xE5, 0xF2,
    0x4B, 0xC2, 0xB2, 0x27, 0x64, 0xB8, 0x2C, 0x0F, 0x1E, 0xB7, 0x82, 0x8A, 0x90, 0x5E, 0x93, 0xB8,
    0x19, 0x61, 0x91, 0x10, 0xBA, 0xB8, 0x94, 0xCC, 0x35, 0x7C, 0x77, 0x5E, 0xFF, 0xEB, 0x4F, 0x2C,
    0x27, 0xF0, 0x2B, 0xCB, 0x09, 0x34, 0x1D, 0x12, 0xA5, 0x95, 0xB9, 0x0E, 0x85, 0x97, 0xCC, 0x4D,
    0x28, 0x56, 0x93, 0x14, 0xB3, 0xD1, 0xC4, 0xC9, 0xD2, 0xDA, 0xB1, 0xBC, 0x71, 0xEC, 0xD8, 0x3A,
    0xF6, 0xD0, 0x31, 0xCF, 0x76, 0x62, 0x81, 0xAD, 0xC4, 0x38, 0x80, 0x58, 0x54, 0xE7, 0xD3, 0x3E,
    0x15, 0x23, 0x2B, 0xB9, 0x4F, 0xAB, 0x5B, 0x3F, 0xAA, 0xB5, 0x95, 0xCC, 0x02, 0xC9, 0xAA, 0xF8,
    0x5D, 0x4B, 0xD6, 0xC5, 0x94, 0x7C, 0xE6, 0xBB, 0x73, 0x8B, 0x59, 0x40, 0x56, 0x61, 0xA6, 0xF3,
    0x8B, 0x0C, 0x33, 0x1D, 0x60, 0xE4, 0x64, 0x65, 0x5C, 0x70, 0x2E, 0xE3, 0xB1, 0x08, 0xFD, 0x0A,
    0x65, 0xAC, 0x10, 0xB5, 0xC2, 0xB8, 0x12, 0xA6, 0x33, 0xE1, 0xEC, 0x6D, 0xE1, 0x22, 0x11, 0x4A,
    0x52, 0xB7, 0x45, 0x0E, 0x1B, 0x4A, 0xF3, 0xC9, 0x7F, 0x59, 0x54, 0xD1, 0xC7, 0xBF, 0x23, 0xF2,
    0xCB, 0x5E, 0x87, 0x2A, 0x79, 0xD7, 0x2C, 0x50, 0xE5, 0x32, 0x77, 0xF9, 0x4E, 0x4A, 0x5C, 0x71,
    0x65, 0x8B, 0x88, 0xED, 0x7B, 0xC4, 0x0E, 0xC3, 0x47, 0x07, 0x07, 0x72, 0x31, 0x70, 0x5B, 0x8C,
    0xF1, 0x9B, 0x74, 0x0A, 0x2D, 0xCA, 0x92, 0x18, 0xFE, 0xCE, 0xE9, 0xFF, 0xFF, 0x1A, 0xF7, 0x2B,
    0xEC, 0xE1, 0xA9, 0x5D, 0x7A, 0x9B, 0x34, 0x32, 0x72, 0x45, 0xEC, 0xA8, 0xEF, 0x32, 0x1D, 0xE8,
    0x59, 0xD4, 0x9D, 0xB8, 0x44, 0x52, 0xA4, 0xC8, 0x90, 0xF2, 0x2F, 0x77, 0x83, 0xE9, 0x49, 0x92,
    0x1D, 0x09, 0xEB, 0xAF, 0x1E, 0x1C, 0x1C, 0x14, 0x7A, 0x79, 0x19, 0x7E, 0x3A, 0x5F, 0xC9, 0xC0,
    0x2A, 0x80, 0x9B, 0x0D, 0xA4, 0xE1, 0xE9, 0x17, 0x1B, 0x25, 0xE0, 0xFE, 0x96, 0x9A, 0x1B, 0x98,
    0x4E, 0x9E, 0xA5, 0x4B, 0x8A, 0xB8, 0xA0, 0xC0, 0x09, 0xBA, 0xB0, 0xCE, 0x94, 0x49, 0x2E, 0x75,
    0x4A, 0xC1, 0x45, 0x90, 0x17, 0x72, 0x6B, 0xBF, 0x63, 0xDB, 0x83, 0x83, 0x75, 0xE1, 0x8C, 0x42,
    0xF6, 0xC6, 0x45, 0xEA, 0xC8, 0x42, 0x13, 0x58, 0xE7, 0x5B, 0x29, 0xA0, 0x56, 0x32, 0x85, 0x58,
    0x7E, 0x44, 0x72, 0xDD, 0x46, 0xD6, 0x6A, 0x03, 0x7F, 0xF0, 0xBB, 0x0D, 0xA4, 0x20, 0x26, 0x27,
    0xE3, 0x7A, 0x49, 0x45, 0x3A, 0x2E, 0x9B, 0x8E, 0x4F, 0xE9, 0x50, 0x75, 0x7C, 0x1A, 0x18, 0xF7,
    0xA1, 0x59, 0x7F, 0xDC, 0x47, 0x32, 0x3B, 0x93, 0xF7, 0xE3, 0x5C, 0x62, 0x32, 0xB4, 0xB7, 0x9D,
    0x8C, 0x95, 0x13, 0xB2, 0x0A, 0x1E, 0x50, 0x4A, 0xD9, 0xD7, 0x42, 0x81, 0xD3, 0x89, 0x9B, 0x5C,
    0x6F, 0x88, 0x92, 0x74, 0xAD, 0xB7, 0x3A, 0xDC, 0xE8, 0x5D, 0x87, 0x39, 0x98, 0x6C, 0x1F, 0xC6,
    0xEC, 0x5B, 0x1E, 0x46, 0x75, 0x95, 0x14, 0x87, 0x0C, 0x19, 0x29, 0x0E, 0x15, 0xFC, 0x70, 0x48,
    0x89, 0x17, 0x38, 0x44, 0xEB, 0x37, 0xA1, 0x41, 0x97, 0x1A, 0x64, 0x4B, 0xF9, 0x6A, 0x65, 0x63,
    0xDA, 0xCE, 0x26, 0xBD, 0x13, 0xB5, 0x7F, 0x32, 0x26, 0xD3, 0xD5, 0x48, 0xBA, 0xF7, 0x5B, 0xEE,
    0x9D, 0xF1, 0x69, 0x6D, 0x22, 0xCC, 0xF7, 0xCC, 0x18, 0xE1, 0x71, 0x34, 0x59, 0xED, 0x6C, 0xE4,
    0x6A, 0x1B, 0xB5, 0x1E, 0x93, 0xFB, 0x98, 0xED, 0xF2, 0x0F, 0xCF, 0x72, 0xCF, 0xFC, 0xFE, 0xBD,
    0x13, 0x8E, 0xDF, 0x7B, 0x07, 0x07, 0xFF, 0x02, 0x97, 0x0F, 0x5C, 0x42, 0x54, 0xAE, 0x0A, 0xFF,
    0x0F, 0x0F, 0x81, 0xA1, 0xC1, 0x65, 0x92, 0x3B, 0x73, 0xFB, 0xDB, 0xD3, 0x33, 0xB7, 0x98, 0x94,
    0x00, 0xDE, 0x31, 0xEB, 0x2D, 0x69, 0xE3, 0x12, 0xE8, 0xDD, 0x61, 0xAD, 0xE3, 0x69, 0x79, 0x79,
    0x3A, 0x73, 0xDB, 0x2F, 0x76, 0x13, 0xD6, 0x46, 0x14, 0xC9, 0x98, 0x4A, 0x15, 0xB2, 0xFA, 0xC5,
    0x12, 0xFC, 0x7B, 0x3E, 0x2C, 0x32, 0x42, 0x95, 0x13, 0xFA, 0xA4, 0x58, 0xFA, 0x6D, 0x6C, 0x96,
    0x91, 0x0D, 0x46, 0xFB, 0x90, 0xD8, 0x97, 0x8E, 0x0B, 0x27, 0xE6, 0x53, 0x40, 0x97, 0x67, 0x9F,
    0x01, 0xB7, 0x3D, 0x7B, 0xB9, 0xAC, 0x3C, 0x1B, 0xD6, 0x84, 0xA0, 0x11, 0x98, 0x1D, 0x58, 0x82,
    0x7F, 0x11, 0xA6, 0xDA, 0x25, 0x7B, 0x34, 0xB9, 0x67, 0xE3, 0x3A, 0xF9, 0x95, 0x5D, 0x23, 0xD2,
    0x46, 0x6B, 0x89, 0xB5, 0x2D, 0xCF, 0x7B, 0xA5, 0xBB, 0xD8, 0xA5, 0x1D, 0x23, 0x9D, 0xBF, 0x2D,
    0xF6, 0x9A, 0xD0, 0x22, 0xE4, 0x60, 0x3A, 0x79, 0x2E, 0x81, 0x3E, 0x3D, 0xFD, 0xA4, 0x9D, 0xB9,
    0x7D, 0x72, 0x5A, 0x3C, 0x02, 0x35, 0x70, 0x3D, 0x96, 0xA9, 0xD6, 0x65, 0x2F, 0x49, 0x31, 0xE6,
    0x67, 0xE8, 0x43, 0xD9, 0xBB, 0xCF, 0xC5, 0x6F, 0xA4, 0x7B, 0x05, 0xA2, 0xDD, 0x47, 0x85, 0xB4,
    0x85, 0xCF, 0x92, 0xE8, 0xE4, 0x96, 0x7E, 0xA4, 0x29, 0xE5, 0x68, 0xB3, 0xE9, 0xE8, 0x9B, 0x73,
    0xE8, 0x45, 0xE7, 0x8E, 0xC0, 0x3B, 0x65, 0x15, 0x71, 0x13, 0x99, 0xF3, 0xC7, 0xDF, 0x87, 0xC4,
    0x4D, 0x05, 0x44, 0x9B, 0x4C, 0x1B, 0x9D, 0x03, 0xA9, 0x74, 0x22, 0x97, 0x2D, 0xCA, 0x6B, 0x42,
    0x19, 0xAD, 0xCB, 0x5D, 0xA0, 0x1C, 0x87, 0x92, 0xD2, 0xB0, 0x2C, 0x07, 0x74, 0xA1, 0x46, 0x3E,
    0x20, 0x8B, 0x08, 0xB9, 0xCB, 0xBC, 0x12, 0x00, 0xF1, 0x9E, 0x60, 0x4B, 0x08, 0x37, 0x84, 0xA0,
    0x27, 0xF8, 0x9D, 0xCB, 0xED, 0xFE, 0xA1, 0x82, 0xB7, 0x9D, 0x21, 0x68, 0x73, 0x04, 0x75, 0x02,
    0x65, 0x75, 0x71, 0x49, 0x44, 0x58, 0x2B, 0xDB, 0x53, 0xD6, 0x37, 0x03, 0xDA, 0x0A, 0xE8, 0xD8,
    0x61, 0xD1, 0x02, 0x99, 0x05, 0x72, 0xE3, 0xF2, 0x3B, 0xAF, 0xB8, 0x01, 0x04, 0xB6, 0x57, 0x94,
    0x9F, 0x9D, 0x06, 0x90, 0x6F, 0x86, 0x25, 0x9F, 0xA7, 0xAC, 0xF4, 0xCD, 0xC9, 0xF2, 0xF5, 0x4B,
    0x05, 0x52, 0xBA, 0x85, 0xF8, 0xDF, 0x2D, 0x82, 0x86, 0x05, 0xF6, 0x1A, 0xF0, 0x35, 0x25, 0xDE,
    0x5F, 0x5E, 0xCE, 0xB3, 0xEB, 0xEA, 0x30, 0x3E, 0x29, 0xDF, 0x11, 0x53, 0x56, 0x32, 0x88, 0x23,
    0xB2, 0x63, 0x4E, 0x22, 0xCB, 0x8C, 0xD4, 0x48, 0x62, 0x06, 0xE6, 0x23, 0xE0, 0x6E, 0x3E, 0x2E,
    0x92, 0x4B, 0x43, 0xFD, 0x76, 0xE1, 0x5E, 0xA7, 0x8C, 0x9A, 0x92, 0xBB, 0x1B, 0x25, 0x7D, 0xBA,
    0x91, 0x93, 0x2E, 0x5D, 0x09, 0x95, 0x1D, 0xEE, 0x26, 0xE4, 0x8A, 0xB9, 0x5E, 0x74, 0x94, 0xEE,
    0xC6, 0x2A, 0xE7, 0x4C, 0x39, 0xB2, 0xF5, 0xDA, 0x6E, 0x7A, 0x57, 0xD7, 0x22, 0x72, 0x89, 0xE6,
    0x92, 0xA2, 0x6F, 0xB0, 0x1E, 0xE7, 0xAD, 0xE0, 0xE4, 0x42, 0x72, 0x32, 0x18, 0x42, 0x3D, 0xE9,
    0x67, 0x5C, 0x60, 0xBC, 0xD2, 0x89, 0x23, 0xBB, 0x70, 0x84, 0x38, 0x2D, 0xA7, 0xBB, 0x06, 0x7B,
    0x7A, 0x53, 0x38, 0xCD, 0xD6, 0x42, 0xFE, 0x58, 0xDA, 0xAD, 0xB3, 0xE0, 0xE8, 0xC1, 0x5E, 0xA3,
    0x65, 0x93, 0x96, 0xA7, 0x18, 0xCF, 0x8D, 0xE3, 0xC2, 0x89, 0xD4, 0xEB, 0xE7, 0x81, 0xB4, 0x5C,
    0x49, 0xAC, 0x38, 0x83, 0x00, 0xC4, 0xB5, 0x04, 0xE2, 0xA0, 0xBA, 0xA8, 0x9D, 0x4E, 0x99, 0x5D,
    0x6E, 0xBE, 0xE8, 0x20, 0x4B, 0xC0, 0xAC, 0x85, 0xAC, 0x01, 0xA9, 0x85, 0xB3, 0x88, 0xD8, 0xC0,
    0x59, 0x85, 0x8C, 0xEE, 0xFF, 0xAA, 0xB9, 0x7A, 0x18, 0x39, 0x8E, 0xEC, 0xFC, 0x6A, 0xFA, 0x76,
    0x5B, 0x52, 0xC3, 0x98, 0x0B, 0x76, 0x7D, 0x82, 0x18, 0xF4, 0x05, 0x0C, 0x0E, 0xC4, 0x8A, 0xED,
    0xC0, 0x81, 0x82, 0x9D, 0xE9, 0xE2, 0x19, 0xB0, 0x03, 0x07, 0x9E, 0x80, 0x4B, 0x06, 0x0C, 0xA4,
    0xC0, 0x81, 0x4D, 0xF8, 0x8E, 0x0A, 0x6C, 0xE0, 0x00, 0x2F, 0x77, 0xDA, 0xB8, 0x1C, 0xD8, 0xC0,
    0xF9, 0x31, 0x50, 0x70, 0x5A, 0x01, 0x5E, 0x87, 0x77, 0x40, 0xCF, 0x76, 0xDB, 0x0A, 0x9D, 0xB4,
    0x21, 0x2B, 0x72, 0xE0, 0x3E, 0x8B, 0x84, 0x01, 0x2A, 0xB8, 0x86, 0xD5, 0x84, 0x9A, 0xC7, 0x9E,
    0x29, 0xD7, 0xF7, 0xDE, 0x74, 0x6F, 0xEF, 0x4F, 0x73, 0x57, 0xE2, 0x72, 0x4E, 0x2E, 0xEE, 0xFB,
    0xDE, 0x70, 0xA6, 0xFF, 0x5E, 0x55, 0x75, 0xD5, 0xAB, 0xF7, 0x53, 0x4A, 0x0B, 0xA7, 0x8E, 0x14,
    0xC1, 0x49, 0x19, 0x54, 0x2D, 0x3C, 0x29, 0x97, 0x3C, 0x02, 0xAE, 0x01, 0x28, 0x4C, 0x9B, 0x60,
    0x0E, 0xF1, 0x88, 0x28, 0x93, 0xFC, 0x57, 0x41, 0x4E, 0xF9, 0x96, 0xAA, 0x39, 0xA0, 0x63, 0x8F,
    0xD7, 0xF0, 0x01, 0x5F, 0x92, 0xC3, 0xC5, 0xE0, 0xF2, 0xB5, 0xE8, 0xF5, 0xA2, 0x1C, 0x13, 0x00,
    0x23, 0x3E, 0x57, 0x4B, 0xD0, 0x98, 0x5B, 0xAE, 0xD9, 0x6B, 0xAA, 0xC5, 0xF4, 0x3F, 0x65, 0xE0,
    0xC1, 0xAA, 0xD2, 0xCC, 0xDB, 0x67, 0xC0, 0x32, 0x40, 0x8A, 0x04, 0x51, 0x5C, 0xC3, 0x5B, 0x0F,
    0x2B, 0x93, 0xF7, 0xE2, 0x45, 0x65, 0x6F, 0x3D, 0xE1, 0xC8, 0xF8, 0x90, 0xE3, 0x17, 0x50, 0xD3,
    0x43, 0x86, 0xE8, 0x18, 0xF8, 0x87, 0xE6, 0x4D, 0x1A, 0x93, 0xF7, 0xC5, 0xB3, 0x1A, 0x63, 0x4E,
    0x81, 0x9B, 0x45, 0xCB, 0x20, 0x06, 0xB5, 0x4F, 0xC7, 0x65, 0xF8, 0x1C, 0xD8, 0xB8, 0x59, 0xB7,
    0xD7, 0xF9, 0x59, 0x36, 0x7E, 0x25, 0x2F, 0xC7, 0x8C, 0x91, 0xB6, 0x84, 0xBD, 0x27, 0xAC, 0xDB,
    0xE7, 0x03, 0x0E, 0xDE, 0x26, 0x63, 0x6E, 0xC1, 0xDF, 0x5A, 0x79, 0x94, 0x07, 0x29, 0xF7, 0x70,
    0x37, 0xC7, 0x5B, 0xC9, 0xEB, 0x42, 0xE2, 0x98, 0x4E, 0x30, 0xAA, 0xC6, 0xCC, 0xE2, 0x25, 0x1B,
    0x75, 0x19, 0xBE, 0xFC, 0x11, 0x33, 0xEE, 0x06, 0x21, 0xB3, 0x5A, 0x58, 0xC5, 0x51, 0x15, 0xE8,
    0xFB, 0xBC, 0xF0, 0xF0, 0x72, 0xCB, 0xEC, 0xB8, 0x38, 0x1F, 0x98, 0x68, 0x9A, 0x92, 0x41, 0x81,
    0x16, 0xFE, 0x63, 0x1E, 0x69, 0x27, 0xD2, 0xA8, 0xF7, 0xB5, 0x05, 0xC5, 0x6D, 0xEA, 0xFC, 0x7B,
    0x92, 0x5B, 0xFC, 0xD7, 0x3F, 0x85, 0x76, 0x2B, 0x2F, 0xE0, 0x20, 0x07, 0x2A, 0xFE, 0xEC, 0x69,
    0xA0, 0x48, 0xCC, 0x65, 0x9A, 0xAD, 0x23, 0x8C, 0xA4, 0xF0, 0x4C, 0x36, 0xFC, 0xCD, 0xA3, 0xC1,
    0x9F, 0x21, 0xFE, 0x89, 0x9F, 0xA5, 0x7D, 0xF6, 0xD1, 0x08, 0x08, 0x0D, 0x81, 0xD1, 0xC9, 0x1A,
    0x1C, 0x03, 0x47, 0x21, 0x70, 0x16, 0x68, 0x27, 0xA7, 0x7A, 0x98, 0xF9, 0x95, 0x53, 0xBA, 0x30,
    0xB4, 0xE6, 0x94, 0x54, 0xB0, 0xEC, 0x29, 0x31, 0x2A, 0x2D, 0xA3, 0x36, 0x7E, 0xB7, 0x88, 0xC1,
    0x3E, 0xF8, 0xA3, 0xB7, 0xA9, 0x2D, 0xDF, 0xF5, 0xF5, 0x2A, 0xBD, 0x73, 0x70, 0x80, 0x51, 0x97,
    0x3B, 0xF0, 0x1F, 0xB8, 0x8E, 0x26, 0x94, 0x15, 0xAD, 0x66, 0xBB, 0xC1, 0x57, 0x21, 0x46, 0x02,
    0xB3, 0xFF, 0x80, 0x9C, 0x0A, 0x2D, 0x99, 0x37, 0x51, 0x54, 0x81, 0xFE, 0x06, 0xC1, 0x57, 0x7E,
    0x1B, 0x7C, 0x85, 0x48, 0x1F, 0x04, 0xBF, 0x91, 0xD8, 0x83, 0xC9, 0x03, 0x90, 0x0B, 0x70, 0xFA,
    0xA1, 0xF5, 0x23, 0x79, 0xCF, 0xEF, 0xB5, 0xD6, 0x3E, 0x0E, 0x88, 0x3B, 0x45, 0x1C, 0x00, 0xD1,
    0x9A, 0x3B, 0xBF, 0x47, 0x2E, 0x2F, 0xD5, 0x2C, 0xF1, 0xE0, 0xD4, 0x47, 0xD2, 0x53, 0xF9, 0x46,
    0xEF, 0x79, 0x11, 0x4D, 0xFF, 0x42, 0x62, 0xAA, 0x94, 0x25, 0x32, 0x99, 0xAD, 0xA5, 0x9A, 0x9C,
    0xF4, 0xBD, 0x91, 0xFD, 0x29, 0xFC, 0x05, 0x91, 0xCB, 0x21, 0x25, 0x9A, 0x47, 0xE8, 0x41, 0x81,
    0x9F, 0xDE, 0xE6, 0x98, 0x7D, 0x97, 0x9A, 0xF2, 0xDE, 0xE6, 0x4E, 0x3D, 0x35, 0xF5, 0xAE, 0x0C,
    0xFA, 0x4A, 0xD3, 0xB4, 0x0C, 0x17, 0xF1, 0x54, 0xBF, 0xCB, 0xE3, 0x0F, 0x34, 0xF3, 0x2D, 0x7E,
    0x27, 0xAE, 0xCF, 0xDE, 0xDD, 0x2A, 0x68, 0x1D, 0xF1, 0x1A, 0xFA, 0xA1, 0x3F, 0xFF, 0x5B, 0x82,
    0x99, 0x7D, 0xC0, 0xE3, 0x84, 0xCC, 0xB3, 0x52, 0xB6, 0x9A, 0x2B, 0x6F, 0x0C, 0xA8, 0x5B, 0x64,
    0xCD, 0x3C, 0x8D, 0x64, 0xAE, 0x50, 0x26, 0x27, 0x95, 0xFE, 0x31, 0xD1, 0x20, 0xFD, 0x90, 0x90,
    0x9F, 0x44, 0x8A, 0x2C, 0x5C, 0x5C, 0xF0, 0x00, 0x28, 0x7F, 0x4D, 0x61, 0x05, 0xEE, 0x98, 0xE8,
    0xEF, 0x7E, 0xC2, 0x56, 0xBA, 0x3B, 0xD9, 0x07, 0x6F, 0xF2, 0x01, 0xC4, 0x47, 0x5C, 0xBE, 0x4C,
    0xD3, 0xEE, 0x83, 0x59, 0x90, 0x07, 0x8B, 0x3E, 0x6C, 0x0E, 0x90, 0x07, 0xD3, 0x8C, 0xD0, 0x4F,
    0x80, 0x50, 0x5F, 0x0E, 0x85, 0xD3, 0x8F, 0x4E, 0x76, 0xF8, 0x76, 0x70, 0x44, 0xF9, 0x59, 0xF3,
    0xA1, 0x6C, 0x3E, 0x14, 0x8C, 0x6F, 0x36, 0x6A, 0xE7, 0x90, 0xC3, 0xAF, 0x23, 0xE2, 0x56, 0x21,
    0x9F, 0x1B, 0xB6, 0x59, 0xD8, 0x17, 0xCD, 0x0C, 0x9B, 0x5B, 0x8A, 0xE4, 0x21, 0x2E, 0x2A, 0xD7,
    0x19, 0x07, 0xBA, 0xA9, 0x9F, 0xE7, 0xE4, 0xD5, 0x52, 0x51, 0x29, 0xFD, 0x8D, 0xD4, 0x60, 0x4A,
    0x97, 0x2E, 0x2C, 0xFA, 0x0F, 0x2D, 0xFD, 0x73, 0x33, 0xDB, 0x83, 0x86, 0xE5, 0xD2, 0x2B, 0x3A,
    0x85, 0x0A, 0x7A, 0x53, 0xEE, 0x5A, 0xD1, 0xB0, 0x11, 0x70, 0xBD, 0xD5, 0xF1, 0xDB, 0xDE, 0xCA,
    0x65, 0x70, 0xEA, 0xCE, 0x05, 0xC9, 0x15, 0x71, 0xB9, 0xA3, 0xBB, 0x38, 0x3C, 0x30, 0x38, 0x44,
    0xFD, 0x25, 0x35, 0x65, 0x9B, 0x87, 0x68, 0x58, 0x0E, 0x72, 0x60, 0xC8, 0x98, 0x30, 0xFE, 0x0E,
    0xE8, 0xFC, 0x2F, 0xD0, 0xFB, 0x0C, 0x38, 0xFC, 0x39, 0x30, 0x74, 0x80, 0x33, 0xC6, 0x0A, 0xE8,
    0x14, 0x40, 0x2F, 0xB3, 0xB8, 0x3D, 0x8C, 0x80, 0x21, 0x01, 0x67, 0xC0, 0x51, 0x05, 0x0C, 0x0B,
    0xC6, 0x8C, 0x9C, 0x27, 0x08, 0xF1, 0x75, 0x0C, 0x85, 0x04, 0x44, 0xB9, 0xC9, 0x38, 0x62, 0xDC,
    0x65, 0xAC, 0x01, 0xAA, 0x62, 0x9C, 0x00, 0xD1, 0x78, 0x6E, 0xCA, 0x63, 0xAC, 0xAD, 0xF0, 0x44,
    0x2F, 0x57, 0x61, 0x6B, 0x4D, 0x6B, 0xB1, 0x95, 0x01, 0x46, 0x06, 0x0B, 0x3E, 0x60, 0x0C, 0x88,
    0x01, 0xA5, 0x05, 0x27, 0xB7, 0xE0, 0xA6, 0x16, 0x86, 0xDA, 0x42, 0x40, 0x16, 0x76, 0x01, 0xA5,
    0x85, 0xA3, 0xC2, 0x42, 0x92, 0x02, 0x22, 0x32, 0x69, 0x42, 0x64, 0x78, 0x7C, 0xD2, 0x80, 0x56,
    0xB1, 0x19, 0xB7, 0xCF, 0xB8, 0xD1, 0x19, 0x8B, 0xDC, 0x9C, 0xCD, 0x77, 0x05, 0x43, 0xCF, 0x70,
    0x65, 0x16, 0xDA, 0x82, 0x29, 0xAD, 0xE8, 0x77, 0xE6, 0xF8, 0x6E, 0x0A, 0x08, 0xB4, 0x05, 0xBF,
    0x85, 0x40, 0xCB, 0x0F, 0xF9, 0x1F, 0xCE, 0xF9, 0x60, 0x3E, 0x4D, 0x04, 0x4F, 0x1B, 0x82, 0x81,
    0x7C, 0x5F, 0xFC, 0x67, 0x9F, 0x6B, 0xF9, 0xEE, 0x3C, 0xE2, 0x61, 0xD4, 0x64, 0x96, 0x10, 0x5B,
    0x39, 0xB3, 0x34, 0xB6, 0x14, 0x0A, 0x57, 0xB5, 0xFD, 0xBE, 0xB4, 0x14, 0x85, 0xE6, 0xA3, 0x65,
    0xE6, 0x40, 0x72, 0x5E, 0x56, 0x47, 0x31, 0x72, 0x3F, 0x2D, 0x46, 0xCE, 0x97, 0xF9, 0xF8, 0x8E,
    0x49, 0x25, 0x4A, 0x37, 0x61, 0x13, 0x84, 0x3D, 0x4E, 0xF7, 0x05, 0x9B, 0x1D, 0xC7, 0x0E, 0x3C,
    0x68, 0x63, 0x07, 0x66, 0x7D, 0xB1, 0x03, 0x83, 0xCF, 0x8A, 0x44, 0x7D, 0x9D, 0x27, 0x69, 0xB2,
    0x8C, 0x1D, 0x30, 0x14, 0xAB, 0x3F, 0x4F, 0x63, 0x72, 0x2C, 0x11, 0x9D, 0x26, 0x94, 0xD3, 0xD2,
    0xDA, 0xE7, 0x67, 0x1A, 0x5B, 0x0B, 0xC5, 0x55, 0x66, 0x20, 0xAA, 0xA2, 0xFD, 0xBB, 0xFF, 0x49,
    0x91, 0x98, 0x62, 0xB6, 0x33, 0xB9, 0x9C, 0x23, 0x0A, 0x8D, 0x57, 0x59, 0xAA, 0x9D, 0xA7, 0x07,
    0x1F, 0xF5, 0x05, 0x02, 0x5F, 0x7B, 0x72, 0x1B, 0xBE, 0x59, 0xD0, 0xA5, 0x02, 0x87, 0xD7, 0x0F,
    0x0E, 0xD0, 0xA4, 0xE4, 0x3D, 0x3D, 0x38, 0xD3, 0xDC, 0xD0, 0x72, 0x8C, 0x29, 0xF0, 0xB9, 0x97,
    0x2E, 0x53, 0x4D, 0x63, 0x4E, 0x9C, 0x9B, 0xF3, 0xB1, 0x23, 0xF2, 0xD1, 0x1D, 0xAA, 0x65, 0x06,
    0xC0, 0x43, 0x4B, 0x63, 0x4B, 0x61, 0x97, 0x70, 0xCA, 0xD2, 0xFB, 0x11, 0xF3, 0x7C, 0xBA, 0x7F,
    0xAD, 0x20, 0x98, 0xEE, 0xDA, 0x30, 0x8D, 0x47, 0x64, 0x2B, 0x8E, 0x8E, 0x2C, 0x3F, 0xEB, 0x26,
    0x8E, 0x2C, 0x95, 0x34, 0x5B, 0xAF, 0xE1, 0xC1, 0xB5, 0x14, 0x74, 0xDD, 0xC5, 0x4C, 0xD4, 0x92,
    0xAF, 0x39, 0xC2, 0xF0, 0xD6, 0x9C, 0xB3, 0x3F, 0x06, 0xCB, 0x55, 0xDF, 0x43, 0xA8, 0x94, 0x01,
    0xB1, 0xCE, 0xB7, 0xC7, 0xEA, 0x16, 0xAB, 0x69, 0xB0, 0x5F, 0x11, 0x46, 0x25, 0x0E, 0x2B, 0x66,
    0x45, 0x8D, 0x02, 0x27, 0xC7, 0x63, 0x0E, 0x3F, 0xCD, 0x39, 0x58, 0xFA, 0xAB, 0x2F, 0x78, 0xD8,
    0x7C, 0xF1, 0x65, 0x0A, 0x26, 0xD6, 0x99, 0xC1, 0xD7, 0xFF, 0xC3, 0xAF, 0xF3, 0x17, 0xFF, 0x5D,
    0xCA, 0x91, 0xEC, 0xC3, 0x85, 0xD9, 0x8C, 0x30, 0xD0, 0xF9, 0x11, 0x29, 0x5C, 0x13, 0xA9, 0x0A,
    0x7C, 0x07, 0xBE, 0xDF, 0x7C, 0xC2, 0xC3, 0xDC, 0xB4, 0x98, 0x81, 0x05, 0x85, 0x8C, 0xC0, 0x17,
    0x33, 0x35, 0x41, 0xDC, 0xD8, 0x5B, 0x91, 0xAF, 0x7D, 0x0E, 0xFF, 0xF6, 0xD9, 0xC4, 0xEF, 0x53,
    0x85, 0x38, 0x7E, 0xAC, 0xB5, 0xC7, 0x3E, 0x3B, 0x6B, 0x7E, 0x11, 0xE0, 0x91, 0x7E, 0x1B, 0x33,
    0xCE, 0x2C, 0xFA, 0xEF, 0x07, 0x24, 0xBF, 0xF2, 0x91, 0x05, 0x39, 0x7C, 0x16, 0x56, 0xA8, 0x7B,
    0x14, 0xE0, 0x6A, 0xF5, 0x8C, 0xFC, 0xE5, 0x74, 0x44, 0xF1, 0x4B, 0xF1, 0xF6, 0x6B, 0x4B, 0xBB,
    0x81, 0x93, 0xCD, 0x63, 0xD7, 0xB7, 0xD0, 0x35, 0x5C, 0x26, 0x62, 0xE5, 0xE7, 0x95, 0xE3, 0xD9,
    0x6E, 0x9E, 0x73, 0xED, 0x44, 0x37, 0xA9, 0x3E, 0xB1, 0x05, 0x4E, 0x68, 0x71, 0x39, 0x76, 0x34,
    0x62, 0xAF, 0x82, 0x85, 0x5A, 0x72, 0xE4, 0x60, 0xA0, 0xB6, 0xC0, 0x5D, 0x77, 0x6E, 0x21, 0xC4,
    0xCD, 0x46, 0x47, 0x80, 0x20, 0xC2, 0xAF, 0x19, 0x8E, 0x2B, 0x9B, 0x33, 0x28, 0x04, 0xF8, 0x29,
    0xAE, 0xF7, 0x4C, 0xC3, 0xFB, 0x20, 0x89, 0x3B, 0x68, 0x8E, 0x3E, 0x50, 0xFA, 0xAF, 0xE8, 0x9D,
    0xA5, 0x9F, 0xB0, 0xC2, 0xBC, 0x23, 0x3E, 0xC4, 0x90, 0x28, 0x8E, 0x61, 0x86, 0xB7, 0x04, 0x3B,
    0xF8, 0x8C, 0xF8, 0x3B, 0xFE, 0xCD, 0x69, 0x7C, 0x8B, 0xD3, 0x22, 0x26, 0x1F, 0xD5, 0x7A, 0x0E,
    0xA9, 0xC9, 0x69, 0xF1, 0xDE, 0x86, 0x78, 0xDB, 0x10, 0x6F, 0x54, 0x43, 0xA8, 0x02, 0xD0, 0x27,
    0x5E, 0x18, 0x01, 0x32, 0x00, 0xC4, 0xDB, 0xC6, 0x19, 0x5B, 0x1D, 0xF1, 0xD8, 0x9C, 0x5C, 0xB1,
    0xA7, 0x80, 0x58, 0x80, 0xEF, 0x5B, 0x01, 0x7E, 0x66, 0x05, 0xF8, 0x7B, 0x2B, 0xC0, 0x34, 0xB5,
    0xB4, 0x14, 0xA0, 0x62, 0x12, 0x01, 0xA6, 0xA0, 0xD4, 0x1E, 0x53, 0xD8, 0x63, 0xAD, 0x00, 0xD7,
    0x21, 0x34, 0x82, 0x21, 0xC8, 0x4B, 0x79, 0x5A, 0xFB, 0xC1, 0x13, 0x0A, 0xE1, 0x47, 0x8D, 0x2D,
    0x28, 0xC4, 0xAF, 0x3B, 0xB9, 0x85, 0x61, 0x6A, 0xC1, 0xD7, 0x16, 0xC6, 0x18, 0x2D, 0xEB, 0x06,
    0x9E, 0xEC, 0x59, 0xC8, 0x02, 0xDD, 0x1C, 0xE2, 0xE2, 0xE0, 0x01, 0x4E, 0xA3, 0x1A, 0xB0, 0xD7,
    0xCE, 0x9A, 0x43, 0x5C, 0xDE, 0xCD, 0xBB, 0xD3, 0xC1, 0x83, 0xA7, 0x18, 0x6D, 0x4A, 0x8E, 0x57,
    0x90, 0xEF, 0xD4, 0x23, 0x2F, 0x75, 0x73, 0xD8, 0x96, 0x60, 0x22, 0xF0, 0xD2, 0xDA, 0xBA, 0x4E,
    0x0A, 0xF2, 0xFE, 0x2D, 0x25, 0xEF, 0xB7, 0x64, 0x49, 0xDB, 0xCF, 0x19, 0x7F, 0xC7, 0xBF, 0x71,
    0x9C, 0xED, 0x30, 0x95, 0x73, 0x54, 0x85, 0x41, 0xEC, 0x21, 0x99, 0x05, 0x6A, 0xE5, 0xFE, 0x11,
    0xDF, 0x6C, 0x4C, 0x7E, 0x0A, 0x0C, 0x09, 0x58, 0x03, 0x9D, 0x02, 0x38, 0xCC, 0x80, 0xA1, 0x06,
    0xCE, 0xA8, 0xA9, 0x78, 0x1A, 0x4F, 0x19, 0x83, 0x08, 0xE8, 0xE5, 0xC0, 0x41, 0x09, 0xA4, 0x39,
    0x63, 0xC8, 0x38, 0x4C, 0x81, 0x4E, 0x01, 0x54, 0x35, 0x90, 0xF6, 0xEC, 0xD8, 0x49, 0xEB, 0xD1,
    0xD4, 0x90, 0xAF, 0x37, 0x1F, 0x48, 0xEA, 0x44, 0x65, 0x01, 0x07, 0xF1, 0xAB, 0xEF, 0x07, 0x64,
    0x21, 0x06, 0xCC, 0x00, 0x81, 0x6E, 0x7E, 0xE0, 0x43, 0xA8, 0x06, 0x84, 0x00, 0x3F, 0xB2, 0xE0,
    0xBE, 0xE6, 0xAC, 0xA6, 0xFF, 0x00, 0xCC, 0x19, 0x78, 0x60, 0xEE, 0x83, 0x0D, 0xEB, 0xAB, 0xC3,
    0x5C, 0xA0, 0x8A, 0x1E, 0x18, 0x14, 0x30, 0xE0, 0x0A, 0xF4, 0x1D, 0x57, 0x02, 0x8C, 0x66, 0xC0,
    0x30, 0xD1, 0x07, 0x6B, 0xE2, 0xB3, 0xCC, 0xF0, 0x58, 0x26, 0x07, 0x3E, 0xDD, 0x07, 0xA6, 0xF4,
    0x72, 0x84, 0xE0, 0x0D, 0xB2, 0xFC, 0xFC, 0xFD, 0x37, 0x47, 0x2B, 0xEB, 0xC1, 0x2F, 0xF1, 0x94,
    0xB5, 0x85, 0xE7, 0xB7, 0x2F, 0x2F, 0x6B, 0x0F, 0x84, 0x1C, 0x47, 0xD7, 0x30, 0x3B, 0x91, 0x1F,
    0x7D, 0xD3, 0x04, 0xF9, 0x70, 0x47, 0x33, 0x33, 0x73, 0x61, 0x26, 0xE2, 0xDF, 0xFC, 0x9C, 0x99,
    0x53, 0x32, 0xA3, 0x5A, 0xD8, 0x4C, 0xD8, 0x9E, 0xB0, 0xF1, 0xB9, 0xEC, 0x84, 0xB5, 0xEF, 0xA1,
    0xB0, 0xBA, 0x63, 0xB4, 0xDC, 0xF7, 0x0B, 0x30, 0xD4, 0x24, 0xD8, 0x02, 0xD8, 0x04, 0x70, 0x12,
    0x04, 0x97, 0xC8, 0x91, 0xFE, 0xB8, 0x12, 0xA0, 0x79, 0xCC, 0x68, 0x80, 0xD9, 0x34, 0xC5, 0xF7,
    0x5E, 0x06, 0x74, 0x0A, 0xE0, 0x80, 0x51, 0x09, 0x96, 0x82, 0x7C, 0x1B, 0xC1, 0x02, 0x38, 0x60,
    0xE4, 0xE4, 0xF6, 0xEB, 0x6C, 0x51, 0x09, 0xB9, 0xEB, 0xF8, 0x73, 0x3A, 0x51, 0x3C, 0x93, 0x8A,
    0x6A, 0x02, 0x83, 0xC4, 0xAD, 0x26, 0x31, 0x0C, 0x6D, 0x99, 0x44, 0xD0, 0xD1, 0x4D, 0x01, 0x8F,
    0xDF, 0x6F, 0x6A, 0xB6, 0x97, 0xCF, 0xD8, 0x0B, 0x38, 0x66, 0x0C, 0x2D, 0x86, 0xA7, 0x30, 0xE4,
    0x5F, 0x43, 0x64, 0x5F, 0x5A, 0x62, 0x8D, 0x26, 0x1D, 0xFE, 0x4B, 0x45, 0x6E, 0xE1, 0x7E, 0x55,
    0xD8, 0xEB, 0xB3, 0x16, 0x93, 0xB0, 0xEE, 0xE1, 0x61, 0xE2, 0xC4, 0x62, 0x1E, 0xD8, 0xC4, 0x72,
    0x91, 0x63, 0x2C, 0x0C, 0x1F, 0xF3, 0x0C, 0xA9, 0x34, 0xAE, 0x58, 0xD1, 0x98, 0x16, 0x73, 0x38,
    0xDD, 0x42, 0x7A, 0x08, 0x75, 0x61, 0xD7, 0xB1, 0xF0, 0x10, 0x30, 0x82, 0xD9, 0x2F, 0x84, 0x15,
    0xDB, 0xD7, 0xB5, 0xBD, 0x55, 0x36, 0x2D, 0x65, 0x11, 0x21, 0xB7, 0x50, 0xFA, 0x81, 0x3E, 0x69,
    0xC2, 0xD1, 0xCA, 0xEC, 0x9F, 0xCC, 0x9F, 0x7B, 0x05, 0x13, 0x4E, 0x21, 0x26, 0x9C, 0x77, 0xA8,
    0xC9, 0x37, 0x44, 0xC5, 0xFE, 0xDA, 0x12, 0xBD, 0x0B, 0x18, 0xB6, 0xF0, 0x00, 0x07, 0x72, 0xAD,
    0x4F, 0xE8, 0xD8, 0x84, 0xF3, 0xEC, 0x27, 0x2F, 0x35, 0xE1, 0x8C, 0x4F, 0x98, 0x70, 0xD6, 0x97,
    0x01, 0x5B, 0xF3, 0xE3, 0xE8, 0x3A, 0x95, 0x4B, 0x43, 0xFF, 0x20, 0x17, 0x9B, 0xEE, 0xDA, 0x71,
    0xE6, 0xDE, 0xFD, 0x4F, 0x9E, 0x7E, 0xFC, 0x6A, 0x19, 0x7B, 0x4F, 0x2C, 0x19, 0x50, 0x4F, 0x3C,
    0xF1, 0x26, 0xF7, 0x66, 0xA4, 0xBE, 0xDD, 0x38, 0x3C, 0xC0, 0x60, 0x4B, 0x97, 0x23, 0x6D, 0xA9,
    0x14, 0xA2, 0xF3, 0x68, 0x42, 0x31, 0x8E, 0xDC, 0x5B, 0x3A, 0xB0, 0xA1, 0x10, 0xB3, 0x5F, 0x7A,
    0x50, 0xB0, 0x06, 0x4A, 0x83, 0xC2, 0x4B, 0x25, 0x3E, 0x80, 0xDD, 0xBF, 0x14, 0xA2, 0xAA, 0xFC,
    0xBA, 0xB1, 0x1C, 0x70, 0x9B, 0x38, 0xF9, 0xA5, 0xA0, 0x1B, 0x54, 0x14, 0x4A, 0x50, 0x51, 0x2A,
    0x41, 0x45, 0x30, 0x0E, 0xC2, 0x9B, 0x30, 0x46, 0x50, 0xC3, 0x32, 0xA8, 0x08, 0x39, 0xEE, 0xEC,
    0x8C, 0xE9, 0x06, 0x15, 0xF5, 0xD2, 0x2B, 0x0B, 0xA1, 0xEE, 0x3E, 0xD1, 0x9C, 0x8D, 0xC3, 0xF0,
    0xAA, 0x42, 0xD8, 0xEB, 0x97, 0xE7, 0x0B, 0x31, 0x34, 0x26, 0x02, 0x9D, 0x27, 0xC4, 0x89, 0xDC,
    0xC5, 0xFA, 0x55, 0x73, 0x17, 0xB3, 0x36, 0x77, 0xB1, 0x42, 0x37, 0x38, 0x9A, 0x20, 0xEE, 0xA2,
    0x40, 0x45, 0xF1, 0x7B, 0xD4, 0x07, 0x6A, 0x72, 0x83, 0xD4, 0x23, 0x44, 0x96, 0xB0, 0x81, 0xB9,
    0xF0, 0xB5, 0x82, 0x71, 0x3F, 0xAE, 0x89, 0xA0, 0xD2, 0x0D, 0x73, 0x10, 0x3E, 0xF3, 0x77, 0xF8,
    0x0D, 0xC7, 0xD8, 0x63, 0x33, 0x7B, 0xCE, 0xC2, 0x0A, 0xCF, 0xD3, 0xC6, 0x39, 0xB4, 0x99, 0x18,
    0x33, 0x1F, 0xE4, 0x64, 0xD9, 0xC2, 0x29, 0xE8, 0xFE, 0xE1, 0xD3, 0x8F, 0x2D, 0x83, 0xA8, 0x2B,
    0x62, 0x9F, 0xEF, 0xDC, 0x7D, 0x66, 0x19, 0x87, 0x9E, 0x34, 0x0C, 0x65, 0x78, 0x31, 0x5B, 0xC3,
    0xDB, 0xA7, 0x1F, 0x61, 0x09, 0xF3, 0x0F, 0x05, 0xDD, 0x48, 0x0E, 0x6E, 0x89, 0x1E, 0xF5, 0x2A,
    0x58, 0x4A, 0x14, 0x45, 0x24, 0xC8, 0x37, 0x7B, 0x29, 0xAE, 0x71, 0x58, 0x28, 0x60, 0x7C, 0x69,
    0xD8, 0x43, 0x2C, 0x41, 0xF8, 0x54, 0x02, 0x1D, 0x8E, 0x48, 0xFD, 0xD3, 0x7E, 0xEF, 0x88, 0x3B,
    0x9E, 0x58, 0x08, 0x8B, 0x06, 0x54, 0x1F, 0xD0, 0xE4, 0x23, 0x1A, 0xEC, 0x57, 0xE4, 0x64, 0xA7,
    0xA9, 0xB6, 0x14, 0x93, 0x97, 0x4D, 0x77, 0x4C, 0x16, 0x98, 0xAF, 0xAD, 0xAB, 0xE5, 0x4F, 0xBA,
    0x23, 0x5C, 0x6E, 0x69, 0x01, 0xEA, 0xEB, 0x1F, 0x10, 0x0F, 0x4F, 0x7D, 0x86, 0x94, 0x1E, 0xC7,
    0x4E, 0xD4, 0xD2, 0xD4, 0x89, 0x8E, 0xC2, 0x2F, 0xCD, 0xC2, 0x83, 0x48, 0x87, 0x8F, 0xC7, 0xE4,
    0x44, 0x27, 0x89, 0xA8, 0xA5, 0x8F, 0x68, 0x3D, 0xC2, 0x16, 0x06, 0x2D, 0x7D, 0xCF, 0xD2, 0x96,
    0x9B, 0xD6, 0x96, 0xE2, 0x2D, 0x3F, 0x9D, 0xFE, 0xD4, 0xA4, 0x81, 0xF9, 0x32, 0x5D, 0x5F, 0xB8,
    0x29, 0x6D, 0x75, 0x88, 0x84, 0xD8, 0x4E, 0x73, 0x01, 0xA8, 0x8F, 0x89, 0xC6, 0x89, 0x81, 0xEA,
    0x74, 0x58, 0x53, 0xB8, 0xCF, 0xF9, 0x7D, 0x14, 0x02, 0x82, 0x4B, 0x03, 0x4A, 0xDC, 0x47, 0xD7,
    0x2A, 0x18, 0xBB, 0x74, 0xF2, 0xC4, 0x1A, 0xBB, 0x34, 0x1B, 0xBB, 0xF2, 0x99, 0xA5, 0xF8, 0x92,
    0x44, 0x52, 0x58, 0xC7, 0xE1, 0x4E, 0x67, 0xD1, 0xDC, 0x9A, 0xA6, 0xE4, 0xB0, 0x0F, 0x19, 0x23,
    0x45, 0x41, 0x3C, 0x68, 0x6C, 0x71, 0x76, 0xFF, 0x36, 0x1E, 0xA7, 0x16, 0x0C, 0x8D, 0x0D, 0x89,
    0x40, 0xFA, 0x30, 0x02, 0x59, 0x12, 0xFB, 0xF9, 0x97, 0x14, 0x76, 0x9C, 0xB0, 0x38, 0x9E, 0xDF,
    0xB0, 0xD6, 0xFF, 0xC6, 0x23, 0x12, 0x94, 0xE6, 0xF5, 0x9C, 0xFD, 0xA0, 0x16, 0x5D, 0xE9, 0xDF,
    0x6B, 0xBA, 0x55, 0x39, 0x16, 0x84, 0xCC, 0xA3, 0x68, 0x03, 0x03, 0x07, 0x9B, 0x70, 0x77, 0x47,
    0x18, 0x39, 0x8F, 0x76, 0xEE, 0x16, 0x81, 0xBD, 0x53, 0xB1, 0xBE, 0x40, 0xC8, 0xF1, 0x6E, 0xAB,
    0xEF, 0x8D, 0x01, 0x81, 0x96, 0x50, 0xEA, 0x08, 0x2A, 0x07, 0x1B, 0xA4, 0x64, 0xAF, 0xB5, 0x0B,
    0xC4, 0xF3, 0x56, 0x24, 0x1E, 0xCE, 0xEB, 0xC7, 0x4D, 0x00, 0x84, 0x1F, 0xB0, 0xEA, 0x72, 0x35,
    0xC2, 0x7B, 0x29, 0x9D, 0x0B, 0xA8, 0xEA, 0x64, 0x91, 0x2C, 0xDC, 0xEC, 0xA2, 0x7F, 0xC9, 0x1C,
    0x8F, 0xB3, 0x41, 0x2C, 0xE7, 0xB6, 0x74, 0x95, 0xF0, 0x5E, 0xCA, 0x52, 0x1B, 0xDD, 0xD8, 0x6F,
    0x9A, 0xF2, 0x5D, 0xDC, 0xD3, 0x05, 0x59, 0x83, 0xC4, 0x79, 0x83, 0x24, 0x99, 0x83, 0x1C, 0x69,
    0xCC, 0xE3, 0x65, 0x53, 0x5E, 0x77, 0xF2, 0x64, 0xD7, 0x62, 0xE2, 0x9D, 0x30, 0x08, 0xA9, 0xEA,
    0x8C, 0x41, 0x68, 0x24, 0xE1, 0x5A, 0xA2, 0x1E, 0x67, 0x34, 0xD6, 0xEF, 0xC3, 0x1C, 0xA2, 0x78,
    0xAD, 0x34, 0x05, 0x04, 0x12, 0x5C, 0xD9, 0x42, 0xDA, 0x42, 0x44, 0x4B, 0xF0, 0x5B, 0x05, 0xFA,
    0x88, 0xE8, 0xBA, 0x5B, 0xE3, 0x5A, 0x05, 0x60, 0x99, 0x5B, 0x22, 0xA6, 0xA1, 0x71, 0xC7, 0x34,
    0x14, 0x89, 0x19, 0xA8, 0x46, 0xD0, 0x9B, 0xE6, 0x1C, 0x85, 0xA3, 0x3B, 0x48, 0xA7, 0x0D, 0x61,
    0x0A, 0x5D, 0xA6, 0xD3, 0xBA, 0xC7, 0xD9, 0x81, 0xE4, 0x82, 0xB8, 0xE1, 0xA0, 0x81, 0xAB, 0x68,
    0x8A, 0x05, 0x26, 0x7B, 0x6B, 0xB8, 0x70, 0xC2, 0x14, 0xE6, 0x14, 0x9E, 0x57, 0xEF, 0x02, 0xB5,
    0xD3, 0xA2, 0x4F, 0xC7, 0x18, 0x74, 0x70, 0xDC, 0xC1, 0x11, 0xE3, 0x6E, 0x07, 0x63, 0xC6, 0x8A,
    0xB1, 0x04, 0xAA, 0x02, 0x88, 0xBF, 0x67, 0xC4, 0xBB, 0x48, 0x68, 0xA3, 0x2D, 0xB2, 0x6F, 0xD3,
    0xEF, 0x2C, 0x09, 0x47, 0x8C, 0x31, 0x63, 0xDD, 0x74, 0xD9, 0x1B, 0x48, 0x59, 0x08, 0x4D, 0x89,
    0x25, 0xAC, 0x85, 0x5D, 0x6A, 0x20, 0x6E, 0xA1, 0x02, 0x94, 0x0D, 0xA8, 0xC2, 0xC2, 0x00, 0xC0,
    0x1D, 0xDA, 0x6B, 0xDD, 0x34, 0x8B, 0x33, 0x6E, 0x1A, 0xFF, 0xB4, 0x9B, 0x66, 0x05, 0x9B, 0xB9,
    0x44, 0x67, 0x3B, 0x40, 0xB0, 0xCC, 0x8D, 0xBF, 0xBE, 0x7E, 0xDC, 0x01, 0xA2, 0xA6, 0x03, 0xA8,
    0x47, 0x58, 0xFA, 0x9F, 0x47, 0x30, 0x04, 0x80, 0xF0, 0xB9, 0x87, 0x4E, 0x9B, 0x5D, 0x33, 0x5E,
    0xCF, 0xA2, 0x7B, 0x05, 0x15, 0xA1, 0xAC, 0xCA, 0xCE, 0x53, 0xB7, 0x9E, 0xBA, 0xAA, 0x59, 0x6B,
    0xB3, 0x92, 0xEA, 0x88, 0xA6, 0x7A, 0x75, 0x76, 0x9E, 0x08, 0x70, 0xB2, 0x81, 0x6F, 0xB6, 0x0D,
    0xBC, 0x2B, 0xAD, 0xDC, 0xE8, 0x27, 0x17, 0x11, 0x94, 0x2E, 0xE8, 0x5C, 0x50, 0xB9, 0x96, 0x1A,
    0xD7, 0x29, 0x52, 0x7B, 0xEC, 0xE8, 0x17, 0x4A, 0xCF, 0xD2, 0x9A, 0xFE, 0x76, 0x3A, 0x96, 0x6B,
    0x69, 0xCA, 0x84, 0x87, 0x3E, 0x4B, 0x1B, 0xCB, 0x4D, 0x8F, 0x48, 0x76, 0x3D, 0xC2, 0xBA, 0x04,
    0x24, 0xFB, 0x1E, 0x91, 0x6C, 0x7C, 0x44, 0xB2, 0xF3, 0x11, 0xC9, 0xD6, 0x47, 0x24, 0x7B, 0x1F,
    0x91, 0x6C, 0x7E, 0x44, 0xB2, 0xFB, 0x11, 0xC9, 0xF6, 0x47, 0x24, 0xFB, 0x1F, 0x11, 0x36, 0x40,
    0x62, 0x56, 0xEC, 0x82, 0x61, 0x0B, 0x24, 0x76, 0xD8, 0x96, 0xCC, 0x66, 0x05, 0xB3, 0x69, 0xCE,
    0x2C, 0x4C, 0xED, 0xCB, 0xCC, 0xFB, 0x20, 0x19, 0xCB, 0x86, 0xDA, 0x32, 0x6A, 0x2B, 0xBB, 0x75,
    0x8B, 0xED, 0x76, 0x6D, 0x3C, 0xAA, 0x12, 0x36, 0x41, 0x12, 0xF5, 0x5B, 0x51, 0xA2, 0x29, 0xC8,
    0x92, 0x88, 0xC2, 0x2C, 0x49, 0xAD, 0xA0, 0x49, 0x4E, 0x2F, 0xB2, 0x59, 0x41, 0x5F, 0x65, 0x71,
    0x39, 0xB0, 0xF0, 0x2B, 0xE7, 0xB3, 0x2C, 0xDE, 0x76, 0x3F, 0xCD, 0xE2, 0x91, 0x0D, 0x5E, 0x8F,
    0xFD, 0xA1, 0xAD, 0xAF, 0xE1, 0x4F, 0x2D, 0x78, 0x33, 0x0B, 0x4E, 0x0D, 0xA8, 0x1C, 0x83, 0x28,
    0xD3, 0xC5, 0xC9, 0x06, 0x8E, 0x4F, 0x74, 0x33, 0x9A, 0x5C, 0x7E, 0x02, 0x95, 0xF9, 0x13, 0x75,
    0x40, 0xC1, 0x3D, 0xD9, 0x92, 0xAB, 0x9D, 0x37, 0x57, 0xB8, 0xBB, 0x1E, 0xE7, 0xCF, 0xE7, 0x37,
    0x49, 0x3D, 0x8F, 0x39, 0x99, 0xA7, 0x9D, 0x01, 0x0F, 0x1F, 0xF3, 0x5E, 0x43, 0xDE, 0xFE, 0xB4,
    0x8D, 0x25, 0x66, 0x52, 0xF7, 0x64, 0xF3, 0x87, 0xE7, 0xF7, 0x7A, 0x36, 0x7F, 0xF8, 0x3A, 0xF5,
    0xCC, 0xCF, 0x53, 0xFA, 0x7E, 0x13, 0x44, 0x15, 0x38, 0x78, 0x56, 0xF4, 0xB2, 0x37, 0x44, 0xEF,
    0x5A, 0xB5, 0x88, 0xA4, 0xE5, 0xFF, 0x0E, 0xCC, 0x04, 0x11, 0x26, 0x82, 0x2B, 0x14, 0x11, 0x8A,
    0x9C, 0xE1, 0xE6, 0x13, 0x76, 0xF8, 0x39, 0x32, 0x68, 0x02, 0x59, 0x7D, 0x8D, 0x84, 0xC5, 0xC2,
    0x2A, 0x66, 0x83, 0x82, 0x99, 0x93, 0x83, 0xC1, 0xAA, 0xCF, 0x0B, 0xCB, 0x88, 0x59, 0x80, 0xF5,
    0xE6, 0x32, 0x8A, 0x89, 0x68, 0x2A, 0x6C, 0x71, 0x70, 0x18, 0xB1, 0x18, 0x38, 0xC1, 0x29, 0x98,
    0xB9, 0x19, 0xB3, 0x61, 0x8A, 0x13, 0x58, 0x72, 0x8C, 0x96, 0xC4, 0x4C, 0x25, 0xB9, 0x57, 0xD1,
    0x10, 0x01, 0xC4, 0xD1, 0x70, 0x3F, 0x99, 0x5F, 0xCB, 0xB0, 0x7A, 0x97, 0x35, 0xAD, 0x2A, 0x81,
    0x54, 0xD1, 0xDA, 0xFB, 0x9F, 0xEF, 0x54, 0x03, 0x63, 0x4B, 0xE5, 0x3F, 0x7F, 0xDF, 0x3A, 0x83,
    0x43, 0xAE, 0x80, 0xF8, 0x04, 0x06, 0x39, 0xA6, 0x8A, 0x59, 0x45, 0x1F, 0x86, 0x18, 0xFD, 0x0B,
    0xCF, 0x44, 0xBE, 0xC9, 0x20, 0xF6, 0x84, 0x14, 0x6D, 0xF0, 0x4A, 0xC7, 0x81, 0xF6, 0x84, 0x69,
    0x64, 0xF3, 0xF5, 0xED, 0x5F, 0x3C, 0x88, 0xCE, 0x4F, 0x38, 0xC3, 0x7E, 0x04, 0xD0, 0x8C, 0xA1,
    0x18, 0x43, 0x2F, 0x86, 0x5A, 0x0C, 0x45, 0x61, 0xCF, 0x2A, 0xC5, 0xB6, 0xF2, 0x8A, 0xA9, 0x55,
    0x89, 0xCF, 0xC4, 0x59, 0xE5, 0x2A, 0x72, 0xD8, 0x11, 0x6C, 0xA2, 0xF6, 0x3A, 0x03, 0xB6, 0xAD,
    0x20, 0xF3, 0x68, 0xF8, 0x8F, 0xEB, 0xA6, 0x0D, 0x56, 0x62, 0xE5, 0xDD, 0x39, 0x36, 0x72, 0x94,
    0xDC, 0x8A, 0x9B, 0x3B, 0x3B, 0x3B, 0xD5, 0x14, 0x35, 0xC7, 0x80, 0xD1, 0x99, 0xA1, 0xE4, 0xE8,
    0xDB, 0x80, 0xD8, 0xB4, 0xC1, 0xF9, 0xEC, 0xE4, 0xA7, 0x4E, 0xA5, 0x12, 0x52, 0x12, 0x60, 0xCB,
    0xAE, 0xE1, 0x89, 0xB8, 0x19, 0x43, 0x53, 0x23, 0xB4, 0x81, 0x24, 0xDC, 0xD6, 0x6B, 0x77, 0xEA,
    0xDD, 0xB4, 0x8F, 0x2E, 0x19, 0xB1, 0x9F, 0x14, 0xBB, 0x9C, 0x70, 0xEE, 0x66, 0x68, 0x1A, 0x3F,
    0x0A, 0xB4, 0xC7, 0x69, 0x4F, 0xFC, 0x8A, 0xCA, 0xAB, 0xC5, 0x69, 0x86, 0x14, 0x02, 0xDE, 0x18,
    0x88, 0x28, 0xAB, 0x97, 0x47, 0xA2, 0x84, 0x9C, 0x4C, 0xD6, 0x8D, 0x2A, 0xBA, 0x4E, 0x52, 0xAE,
    0x48, 0x4E, 0x08, 0xDA, 0x8A, 0xBA, 0x14, 0xB6, 0x2B, 0xEE, 0x77, 0x7A, 0x99, 0x81, 0x91, 0x87,
    0xC7, 0x9E, 0x16, 0x9B, 0xFA, 0x59, 0xD9, 0x32, 0x43, 0x12, 0x58, 0xA1, 0x9A, 0x56, 0x34, 0xD0,
    0x1F, 0x10, 0xCA, 0xEB, 0xDC, 0xD2, 0xB2, 0xED, 0x0C, 0x59, 0x4D, 0x4A, 0xFF, 0x90, 0x9A, 0x72,
    0x15, 0x7B, 0xC5, 0xC0, 0x90, 0x6D, 0x29, 0xBF, 0x71, 0x70, 0x98, 0xC9, 0xC6, 0xD7, 0x73, 0x79,
    0x0C, 0x69, 0x23, 0xC9, 0xC0, 0x31, 0xFB, 0xCB, 0xDC, 0x9B, 0x04, 0x32, 0x35, 0x0E, 0xEA, 0x52,
    0x68, 0x60, 0xC9, 0x29, 0x1E, 0x93, 0x9F, 0xE1, 0x99, 0x1F, 0xF0, 0x33, 0x43, 0xED, 0x3F, 0xD0,
    0xA8, 0x56, 0x7B, 0x5D, 0x2D, 0xEA, 0x56, 0x75, 0x7C, 0xDD, 0x60, 0x19, 0x42, 0xB2, 0x40, 0x06,
    0x76, 0x49, 0xEA, 0xCE, 0x62, 0xF9, 0x3A, 0x79, 0xB8, 0x7E, 0xD3, 0xA1, 0x33, 0x26, 0xFE, 0xCE,
    0x8F, 0x7E, 0xCD, 0x7B, 0x09, 0x54, 0xD8, 0x4B, 0x03, 0xED, 0x05, 0xDD, 0x0A, 0xB0, 0xB9, 0xA3,
    0x57, 0xBC, 0xDF, 0x26, 0x72, 0xEE, 0x5D, 0x4B, 0x6A, 0xE7, 0xF6, 0x95, 0x64, 0xFE, 0x76, 0x46,
    0x1D, 0xCE, 0xB5, 0x78, 0xBB, 0x79, 0x0D, 0x57, 0x2B, 0x56, 0x33, 0xA1, 0x77, 0x07, 0x9C, 0x2B,
    0x11, 0x4F, 0x89, 0xD3, 0xBE, 0x14, 0x68, 0xDE, 0x97, 0x6F, 0x93, 0x1D, 0x74, 0x0A, 0x7A, 0xB2,
    0x83, 0x54, 0x7F, 0x76, 0x10, 0x0F, 0x7C, 0x65, 0x20, 0xF4, 0xC1, 0x1B, 0xD4, 0x94, 0x26, 0x6B,
    0x08, 0x39, 0x15, 0x92, 0x35, 0xA4, 0xDA, 0xAC, 0xA1, 0x2E, 0xE1, 0xBB, 0xB0, 0x27, 0x6B, 0xE8,
    0xFF, 0x69, 0xB2, 0x53, 0x7F, 0xF3, 0xAC, 0x5E, 0x9E, 0xA6, 0x79, 0x38, 0x95, 0x61, 0xD2, 0x34,
    0xCF, 0x15, 0xC9, 0x89, 0xE2, 0x8A, 0x98, 0x55, 0x57, 0xCC, 0xD5, 0x6F, 0x7C, 0x07, 0x29, 0xE9,
    0x26, 0x6F, 0x58, 0x90, 0x75, 0xD5, 0xF7, 0x2B, 0xD9, 0x22, 0xE5, 0xF4, 0xD0, 0xB8, 0xFA, 0x5D,
    0xD4, 0x31, 0x51, 0x38, 0x5C, 0x39, 0xB7, 0x5F, 0xFB, 0x0E, 0x06, 0xFD, 0x63, 0xE7, 0xEA, 0xE5,
    0x06, 0x34, 0xFB, 0x2B, 0xD2, 0x3E, 0x27, 0x9A, 0xBC, 0x7E, 0xF9, 0x69, 0x63, 0x8D, 0x64, 0x50,
    0xE2, 0xE4, 0x12, 0x27, 0xC3, 0x5A, 0xE4, 0xC7, 0x99, 0xAD, 0x18, 0xF5, 0xFB, 0xA9, 0x84, 0x35,
    0x3D, 0xB1, 0xB1, 0x94, 0x05, 0xE7, 0x42, 0x6F, 0x0F, 0x35, 0x15, 0xEF, 0x72, 0x26, 0x42, 0x7F,
    0x45, 0x78, 0xE7, 0x54, 0xC4, 0xEE, 0xA9, 0x8A, 0xC8, 0xB9, 0x22, 0x84, 0xB8, 0x22, 0xC4, 0x76,
    0xD3, 0xAD, 0x88, 0x76, 0x93, 0x9C, 0xF1, 0x89, 0xCA, 0x7F, 0x1D, 0x3B, 0xB3, 0x72, 0x43, 0xE7,
    0xDB, 0xE4, 0x14, 0x0F, 0xDB, 0xA5, 0xEF, 0x55, 0xEC, 0x6F, 0x85, 0x15, 0xEA, 0x55, 0x44, 0x36,
    0xC3, 0x7F, 0x18, 0x16, 0xA0, 0xBE, 0xC0, 0xC2, 0xE3, 0xBD, 0x76, 0xF6, 0x2F, 0x0C, 0x6E, 0x4E,
    0x32, 0xFC, 0x39, 0x27, 0xFE, 0x2E, 0x9E, 0x38, 0x56, 0xB6, 0x17, 0x6A, 0x3B, 0x02, 0x00, 0x4E,
    0x8F, 0x00, 0x57, 0xBE, 0x09, 0xD6, 0x95, 0x45, 0x7A, 0x3F, 0xEE, 0xB8, 0x60, 0x6F, 0x1E, 0xD3,
    0xDA, 0x11, 0x91, 0x5B, 0xA3, 0x7B, 0xBD, 0x42, 0x04, 0xF8, 0x1C, 0xD4, 0xE9, 0x0F, 0xDB, 0x44,
    0x6F, 0xD6, 0x44, 0xC3, 0x8A, 0xC8, 0xDB, 0xA7, 0xDF, 0x57, 0x6C, 0x03, 0xEF, 0xC0, 0x00, 0x98,
    0xA6, 0x2C, 0xEB, 0xB7, 0x8C, 0x6D, 0x48, 0x3B, 0xB1, 0x0D, 0x37, 0x99, 0x58, 0xA2, 0xB5, 0x19,
    0x71, 0x0C, 0xF4, 0x7A, 0x7E, 0x69, 0xF1, 0xFC, 0x39, 0x9B, 0x76, 0xE6, 0x02, 0x22, 0x5E, 0xD0,
    0x8A, 0x57, 0x9F, 0x2B, 0xDE, 0xAC, 0xB3, 0xED, 0xF4, 0xCB, 0x04, 0xF0, 0x6D, 0xE3, 0x80, 0x7A,
    0x04, 0x40, 0x64, 0x4A, 0xF5, 0x7F, 0xCD, 0xD9, 0x01, 0xA4, 0x24, 0x79, 0x7E, 0x07, 0xF0, 0xCF,
    0xBF, 0xEA, 0xE6, 0xF5, 0xEC, 0x2B, 0xB7, 0x35, 0x48, 0x36, 0x37, 0x73, 0x9B, 0xED, 0x84, 0x60,
    0x33, 0x2E, 0xAF, 0x61, 0x71, 0x89, 0xD9, 0x57, 0x35, 0x0E, 0x87, 0x60, 0x97, 0x04, 0x38, 0x38,
    0x2C, 0x36, 0x87, 0x0C, 0x2C, 0x26, 0xCC, 0x4E, 0x17, 0x93, 0x08, 0x82, 0x0C, 0x00, 0x81, 0xC1,
    0x62, 0x2F, 0x88, 0x60, 0x31, 0xE4, 0xCD, 0x74, 0xE5, 0x06, 0x10, 0x28, 0x89, 0xCB, 0x21, 0x48,
    0xAD, 0x8C, 0x40, 0xC8, 0x56, 0xA8, 0x93, 0x5E, 0xA9, 0xD7, 0xFF, 0x4C, 0xFF, 0xAD, 0x79, 0xEE,
    0xB2, 0x19, 0x77, 0xBB, 0xFD, 0xF6, 0xB5, 0xEE, 0xFA, 0x8E, 0x1E, 0xAF, 0xFE, 0xF5, 0x7E, 0x9F,
    0xFA, 0xD5, 0xFF, 0xDF, 0xAF, 0x8A, 0x08, 0x21, 0x65, 0x1E, 0x9B, 0x94, 0x2D, 0x66, 0xFF, 0xDA,
    0xA1, 0x7C, 0xAB, 0x47, 0x59, 0x0C, 0x58, 0xE4, 0x23, 0xDE, 0xCC, 0x27, 0xDC, 0x08, 0x13, 0x4E,
    0x6C, 0x30, 0x5A, 0x11, 0x62, 0x8C, 0xB5, 0xEC, 0x59, 0x36, 0xF2, 0xCE, 0xBC, 0x35, 0x6B, 0x95,
    0x9D, 0xA2, 0x51, 0x0C, 0xCA, 0x5A, 0x3E, 0x98, 0x93, 0xAF, 0xAD, 0x1A, 0xF3, 0x8D, 0xD8, 0x5A,
    0xC4, 0x1A, 0xE0, 0x04, 0xC2, 0xE6, 0x2C, 0x9D, 0x20, 0xAC, 0x7A, 0x65, 0x9C, 0x54, 0x37, 0x4F,
    0x3D, 0x76, 0xD7, 0xFB, 0x2A, 0x54, 0x84, 0x15, 0xAB, 0xA8, 0x38, 0x5D, 0xAA, 0x9A, 0xCA, 0xB3,
    0xF4, 0x38, 0x6D, 0x4B, 0xCB, 0x9B, 0xB1, 0xAE, 0xE2, 0x72, 0x5D, 0xAC, 0x8B, 0x1E, 0x2C, 0x50,
    0xB5, 0x2C, 0x5B, 0xAA, 0x86, 0x4B, 0xC8, 0x4E, 0x21, 0x8B, 0x0D, 0x14, 0x2D, 0xCC, 0x1A, 0x38,
    0x06, 0x57, 0x00, 0x5C, 0xB0, 0xCE, 0x0F, 0x09, 0xB1, 0xE5, 0x7B, 0x1D, 0x79, 0xC7, 0xAC, 0xE5,
    0x18, 0xB0, 0x1B, 0x9F, 0xF0, 0x01, 0xE4, 0x23, 0xDE, 0x9D, 0x75, 0x88, 0x45, 0x4D, 0x1E, 0xFF,
    0x0C, 0xC5, 0x93, 0x1E, 0x73, 0x23, 0xD8, 0x17, 0x13, 0x36, 0x84, 0xC9, 0xF5, 0x7C, 0x10, 0xEF,
    0xB5, 0x21, 0xFE, 0xBD, 0xFC, 0xDF, 0x06, 0x45, 0x33, 0x3A, 0xF4, 0xFA, 0x4E, 0x5C, 0xAE, 0x83,
    0xC5, 0x67, 0xDD, 0xF1, 0x2E, 0xB2, 0x3E, 0xC2, 0x1F, 0xC4, 0x66, 0x5F, 0x5D, 0x1E, 0x43, 0x05,
    0x65, 0xF3, 0x21, 0xF9, 0x93, 0x0D, 0xBE, 0x1B, 0x51, 0xFE, 0x65, 0xCB, 0x51, 0xDE, 0xF1, 0xBA,
    0x07, 0x80, 0x83, 0xD8, 0x50, 0xC5, 0x81, 0xD3, 0xD9, 0x28, 0x5B, 0x87, 0xB5, 0x30, 0x9A, 0x90,
    0xE2, 0x60, 0x22, 0x8B, 0x13, 0x8B, 0x9F, 0x4E, 0x6C, 0x4C, 0xC2, 0x64, 0x92, 0xAD, 0x53, 0x84,
    0x49, 0x38, 0x9D, 0x9D, 0x12, 0x4F, 0x63, 0x6F, 0xD1, 0x27, 0xA8, 0xBB, 0x35, 0xAC, 0x3A, 0x49,
    0x0B, 0x7F, 0x98, 0x75, 0x88, 0x65, 0x43, 0x1E, 0xFF, 0xF4, 0x39, 0xDB, 0x6B, 0xFB, 0xC5, 0x46,
    0xD5, 0x50, 0x0D, 0x1C, 0x8C, 0x18, 0x5D, 0x37, 0x88, 0x7F, 0x7E, 0x2E, 0x6D, 0x25, 0x7F, 0xFA,
    0xB7, 0x28, 0x63, 0x8F, 0x97, 0xE7, 0x2D, 0xFC, 0x8A, 0xB3, 0xDA, 0xFF, 0xA5, 0x45, 0x19, 0x86,
    0xFD, 0x90, 0xC9, 0x9E, 0xBE, 0x61, 0x16, 0x47, 0xC5, 0xAD, 0xC1, 0xA5, 0x50, 0xB3, 0x24, 0xC4,
    0x56, 0xFE, 0x8F, 0x83, 0x43, 0xEF, 0xEC, 0x46, 0xC4, 0xBB, 0x20, 0x42, 0x7E, 0x01, 0x17, 0xD7,
    0x4E, 0x96, 0x29, 0xD7, 0x11, 0x9B, 0xA4, 0xB3, 0xDB, 0x9E, 0x79, 0xC1, 0x12, 0x26, 0x1F, 0xA0,
    0x68, 0xA1, 0x84, 0xCB, 0xAF, 0x5E, 0x79, 0xDE, 0x3F, 0xB3, 0xD8, 0x25, 0xAD, 0xFA, 0xC2, 0xE5,
    0xC2, 0x48, 0x3E, 0x30, 0x6B, 0x29, 0x6A, 0x97, 0xBE, 0x7E, 0x45, 0xE1, 0x0D, 0xB3, 0x7F, 0x1E,
    0xE4, 0xB1, 0xE7, 0x6F, 0xEA, 0x2F, 0x6F, 0x54, 0xB6, 0x90, 0x77, 0x60, 0x48, 0x16, 0xEF, 0xED,
    0xA1, 0x45, 0xD1, 0x91, 0xF7, 0x84, 0x01, 0x1F, 0x71, 0xE9, 0xF5, 0xDD, 0x5B, 0x70, 0x17, 0xAC,
    0x1A, 0xC8, 0x53, 0xCE, 0x6A, 0x5C, 0xFE, 0xC6, 0xF7, 0x93, 0x48, 0xBF, 0x4F, 0x22, 0x7E, 0x17,
    0x55, 0xCB, 0xAF, 0xB5, 0x84, 0x96, 0x59, 0xEB, 0x6B, 0x2F, 0x7D, 0xA6, 0xF2, 0xE3, 0xA4, 0x22,
    0xC4, 0x2F, 0x29, 0x32, 0x3B, 0x9B, 0x75, 0xBD, 0x74, 0xD8, 0xE0, 0xB2, 0x9D, 0x5B, 0xEC, 0x7E,
    0xBE, 0xBD, 0xE4, 0xB7, 0x14, 0xDE, 0x3B, 0xEB, 0x8E, 0x3F, 0xDE, 0x41, 0x77, 0x5C, 0xF6, 0x1B,
    0xF8, 0xBA, 0x24, 0x72, 0xF3, 0xE7, 0xEB, 0xDF, 0xFB, 0x99, 0xF6, 0x25, 0xDF, 0xF0, 0xB2, 0x6F,
    0x4B, 0x2E, 0xFF, 0x3E, 0xC8, 0x62, 0xC7, 0x0F, 0xEA, 0x73, 0x9D, 0x69, 0x97, 0x31, 0x46, 0x8B,
    0x6D, 0x94, 0x9D, 0xF9, 0x36, 0xCA, 0x6D, 0xF8, 0xFC, 0x88, 0x71, 0xDC, 0xC6, 0x90, 0x3E, 0xBE,
    0x30, 0xCA, 0x3A, 0x8D, 0x77, 0x2B, 0xC6, 0x68, 0xB5, 0x0D, 0x60, 0xD6, 0xA1, 0x1C, 0x52, 0xA4,
    0x8F, 0x58, 0xF5, 0xF2, 0x38, 0x29, 0xBB, 0xA5, 0x85, 0x45, 0x7D, 0xAC, 0x6C, 0xDE, 0x57, 0xB6,
    0xAB, 0x18, 0xD3, 0xF6, 0x08, 0xDB, 0xED, 0x2E, 0x52, 0xCD, 0x0D, 0xE5, 0x78, 0xD0, 0xE6, 0x31,
    0xB2, 0xEC, 0x81, 0xB2, 0x61, 0xD1, 0xA5, 0xCD, 0xBC, 0x25, 0x60, 0xDE, 0x63, 0xB1, 0x86, 0x13,
    0xB8, 0x8D, 0xBC, 0x47, 0x00, 0xBE, 0xCA, 0xE2, 0x7F, 0x80, 0x55, 0xC7, 0xF7, 0x06, 0xC2, 0x40,
    0xD6, 0x31, 0xAF, 0x01, 0x3B, 0x30, 0x78, 0x3F, 0xAF, 0x89, 0x7F, 0x51, 0x0B, 0xFF, 0x14, 0x09,
    0x69, 0x07, 0x5F, 0x7D, 0x99, 0x0F, 0x2E, 0xCB, 0xA7, 0x57, 0xCD, 0x3E, 0x39, 0x51, 0x14, 0x6B,
    0x07, 0xE1, 0xC1, 0x6E, 0xCA, 0xE3, 0xB0, 0x41, 0xD5, 0xC8, 0xEE, 0x1F, 0x53, 0x0E, 0x0F, 0xA9,
    0xA6, 0xB7, 0x39, 0x39, 0x26, 0x0C, 0x65, 0x7D, 0x21, 0xD5, 0xB2, 0x84, 0x53, 0xAE, 0xDD, 0x1C,
    0xA9, 0x7E, 0xD4, 0x11, 0x3F, 0xAE, 0x65, 0x3F, 0x1D, 0xC9, 0xBB, 0x3B, 0x1C, 0xD4, 0x57, 0x79,
    0x4E, 0x90, 0x0C, 0x12, 0x42, 0x52, 0xB0, 0x65, 0xB0, 0x75, 0xB0, 0x45, 0x48, 0xE1, 0x11, 0x52,
    0xB8, 0x0B, 0x55, 0x8A, 0x86, 0xE4, 0x21, 0x81, 0x24, 0x91, 0x1F, 0xC2, 0x0A, 0xE6, 0xF5, 0x07,
    0xCC, 0xEE, 0x4D, 0x84, 0xB7, 0x22, 0x16, 0x65, 0xC3, 0x9D, 0xBC, 0x03, 0xC0, 0x3C, 0xC6, 0xD8,
    0x16, 0xDB, 0xC8, 0x47, 0xB3, 0x6D, 0xE4, 0xDB, 0xE0, 0x73, 0x23, 0xC6, 0xD3, 0x6D, 0x4C, 0xE9,
    0xE3, 0x0B, 0x23, 0xEF, 0xD2, 0x78, 0xDF, 0xDC, 0x8E, 0xBC, 0xD8, 0x46, 0x55, 0x63, 0xD1, 0xA0,
    0x68, 0xFF, 0x88, 0xAC, 0x8F, 0xD2, 0x9F, 0x95, 0xCC, 0x7E, 0xD2, 0x51, 0xDE, 0x1C, 0xB8, 0xEA,
    0x1D, 0x40, 0x16, 0x1B, 0xCA, 0x38, 0x50, 0xDD, 0x9C, 0x38, 0xF1, 0x88, 0xB5, 0x63, 0x61, 0x54,
    0xA5, 0xA9, 0xF5, 0xB3, 0x18, 0x49, 0x21, 0xAC, 0x61, 0x82, 0xC7, 0x50, 0x75, 0xDF, 0x94, 0x66,
    0x45, 0x21, 0xDE, 0xC7, 0x6C, 0xDC, 0xC6, 0x06, 0x8E, 0x08, 0xF5, 0x6B, 0xCF, 0x5B, 0xA5, 0xBE,
    0xE8, 0x56, 0x99, 0xDF, 0x67, 0xB1, 0x26, 0x4C, 0xB8, 0xE3, 0x5A, 0xFD, 0x50, 0xF5, 0xA4, 0x17,
    0x3F, 0x4E, 0xDD, 0xB2, 0x6D, 0x96, 0xD4, 0x2B, 0xBB, 0xB8, 0x58, 0x8E, 0x7F, 0x1F, 0xAB, 0x88,
    0x8F, 0x4F, 0x10, 0x6A, 0x94, 0x23, 0x8E, 0x4F, 0x30, 0x96, 0x5F, 0x79, 0xF1, 0xE3, 0xAB, 0xA9,
    0xA0, 0xFC, 0xAF, 0xD6, 0x82, 0xB7, 0x59, 0x34, 0xA9, 0xC8, 0x6C, 0x18, 0x65, 0xCD, 0xEB, 0xBB,
    0x29, 0x3A, 0xBB, 0x8F, 0x72, 0x40, 0x35, 0xD9, 0xCD, 0xC9, 0xDE, 0xFD, 0x4A, 0x77, 0xAD, 0xA6,
    0x6A, 0x89, 0xBD, 0xEC, 0xBF, 0xD2, 0x59, 0x77, 0x98, 0xCE, 0xFA, 0xF9, 0xAD, 0x82, 0xE5, 0x53,
    0xE5, 0xC4, 0x9B, 0xDC, 0x90, 0x8D, 0x80, 0x55, 0x6C, 0x96, 0xB1, 0xCE, 0x07, 0xBF, 0xEC, 0xFB,
    0xD6, 0xA6, 0x5E, 0xC5, 0xE6, 0xF7, 0xEA, 0x6A, 0x78, 0x65, 0xF4, 0x51, 0x18, 0x8A, 0x06, 0xB2,
    0x7E, 0xF5, 0xEC, 0x35, 0xEF, 0x8A, 0xCF, 0x79, 0xDD, 0xFA, 0x34, 0x6E, 0xBE, 0xE4, 0xE1, 0x90,
    0x0F, 0x66, 0xE3, 0xF6, 0x9D, 0x0F, 0x8A, 0x6E, 0x3E, 0xCC, 0x87, 0xA2, 0x03, 0x96, 0xDD, 0x32,
    0x1D, 0xE7, 0xFF, 0x3B, 0xF6, 0x56, 0xBE, 0x1C, 0x9E, 0xBD, 0xFA, 0x50, 0x3B, 0x88, 0x3D, 0xAA,
    0xB8, 0x21, 0x6C, 0xEA, 0x65, 0x97, 0x86, 0x4B, 0xA7, 0x38, 0x9B, 0xCC, 0x1B, 0x4E, 0x55, 0x35,
    0x8F, 0x55, 0x58, 0x5A, 0xA2, 0x92, 0xB2, 0xFE, 0x3F, 0xA9, 0xAA, 0x53, 0x36, 0x3C, 0x4E, 0xD8,
    0xA7, 0xCA, 0x5E, 0x98, 0xD2, 0x2F, 0x3A, 0x6C, 0xC7, 0xBF, 0xD5, 0xA6, 0x63, 0x91, 0x8E, 0x0B,
    0xE0, 0x18, 0xAC, 0xEA, 0xB3, 0x3C, 0x86, 0x5B, 0xA3, 0x3C, 0x46, 0x65, 0x3F, 0x6F, 0x17, 0xF5,
    0x6C, 0xA8, 0xE4, 0xE3, 0x5D, 0xD9, 0xFA, 0x91, 0xB0, 0xDD, 0xA6, 0xED, 0xF6, 0x58, 0x58, 0xDF,
    0x15, 0xD6, 0x95, 0x6C, 0x58, 0x34, 0xB3, 0x7E, 0xFB, 0xB3, 0xDB, 0x7D, 0xDC, 0x7A, 0x0A, 0x14,
    0x0D, 0xF3, 0x3E, 0x6D, 0xCA, 0x8E, 0x00, 0x1B, 0x10, 0x5B, 0xB6, 0x16, 0x90, 0xB7, 0xB0, 0x00,
    0x57, 0x00, 0x5C, 0xB0, 0xCE, 0xF5, 0x9A, 0x6A, 0xE0, 0x95, 0x35, 0x1E, 0x12, 0x06, 0x8A, 0x06,
    0xD8, 0x91, 0xCF, 0xBB, 0x10, 0x26, 0x5C, 0xCD, 0x07, 0xAC, 0xEE, 0xB5, 0x84, 0xF8, 0x63, 0xD2,
    0x6D, 0x1F, 0xCA, 0xFA, 0x0E, 0xD8, 0x17, 0x13, 0x16, 0x0D, 0x2A, 0x0E, 0x9B, 0x13, 0x16, 0xFD,
    0x40, 0x35, 0xD6, 0x4C, 0x27, 0x84, 0xE1, 0x98, 0xAC, 0x39, 0x3C, 0x03, 0x92, 0x84, 0x12, 0x91,
    0xAD, 0x91, 0x2D, 0x92, 0xAD, 0x92, 0x47, 0x42, 0x8A, 0x29, 0x85, 0xAD, 0x94, 0x2D, 0x95, 0xAD,
    0x95, 0x2D, 0x56, 0xDA, 0x2D, 0x0D, 0x90, 0xBC, 0x5C, 0xAB, 0xA1, 0x6C, 0x21, 0xEF, 0xAF, 0xC2,
    0xB0, 0x6A, 0xF0, 0x9B, 0xB1, 0xDB, 0x57, 0xB0, 0x95, 0xB4, 0x33, 0xCA, 0xF6, 0x43, 0xF2, 0x1F,
    0x6D, 0xF0, 0x9D, 0x58, 0x53, 0xFE, 0x43, 0xCB, 0x3C, 0xEF, 0x7F, 0xF6, 0x2E, 0x71, 0x4D, 0x15,
    0x07, 0x36, 0x61, 0x92, 0x8D, 0x96, 0xF2, 0x41, 0x55, 0xCF, 0x7A, 0x8B, 0xA6, 0xE8, 0xCC, 0x53,
    0xB4, 0x29, 0x8A, 0xDE, 0xBC, 0x99, 0x6D, 0x23, 0x1F, 0x2C, 0x64, 0x5B, 0xBD, 0xB4, 0x5B, 0x1A,
    0xC0, 0xC1, 0xA6, 0x86, 0xAA, 0x49, 0x39, 0x40, 0x18, 0xF0, 0xAB, 0x06, 0xAC, 0xBE, 0xDB, 0x12,
    0x7E, 0x86, 0xED, 0xF6, 0x3E, 0xB1, 0x51, 0xF4, 0x94, 0xA7, 0xB8, 0x8B, 0x23, 0x87, 0xCD, 0x0D,
    0x8B, 0x8F, 0xC7, 0xD4, 0x6B, 0xD3, 0x49, 0xEA, 0xB4, 0xD4, 0x68, 0xBB, 0xB8, 0x0E, 0xB3, 0xF1,
    0x0D, 0xCC, 0xE2, 0x80, 0xA2, 0xE8, 0x25, 0x25, 0x88, 0x0D, 0xB2, 0xFF, 0xEE, 0x51, 0x34, 0x1F,
    0xED, 0x89, 0xCC, 0x9F, 0x1C, 0x12, 0x37, 0xC2, 0x4F, 0x26, 0xA1, 0xBE, 0x42, 0xD9, 0x51, 0x8D,
    0xAC, 0xEF, 0x08, 0xF7, 0x77, 0x24, 0xE2, 0x2A, 0x58, 0x35, 0x08, 0x3B, 0xB8, 0xB8, 0x2E, 0x66,
    0xFD, 0x3A, 0x6C, 0x58, 0xF4, 0x49, 0x47, 0xEA, 0x99, 0xA3, 0xD4, 0x33, 0xCE, 0x75, 0x6D, 0xF3,
    0x21, 0xE4, 0x13, 0xCC, 0x06, 0x28, 0x9B, 0x23, 0xBC, 0xA6, 0x02, 0x0B, 0x70, 0xCC, 0x41, 0x8C,
    0x23, 0x55, 0x8C, 0x4D, 0x92, 0x1B, 0x92, 0xDC, 0xFA, 0x4C, 0xCE, 0x26, 0x79, 0xAC, 0xBE, 0x90,
    0xDC, 0x94, 0xE4, 0xD6, 0x2F, 0x90, 0xBB, 0xDE, 0xB0, 0xAC, 0x39, 0x25, 0x8C, 0xB7, 0xE5, 0xDD,
    0x89, 0xAC, 0x7E, 0x1F, 0x77, 0xDC, 0xFA, 0x74, 0x9D, 0xC7, 0xD8, 0x7D, 0x61, 0x9B, 0x6B, 0x0D,
    0x94, 0x3D, 0xE4, 0x03, 0x58, 0x3B, 0xC2, 0xB7, 0xF6, 0xCA, 0xE0, 0xE0, 0x01, 0xF9, 0x1A, 0x13,
    0x8E, 0xDD, 0x56, 0x3A, 0x71, 0xB0, 0x1B, 0x83, 0xCF, 0xFF, 0x8E, 0x73, 0x84, 0x85, 0x0A, 0x57,
    0x2E, 0xD2, 0xE0, 0xC5, 0xDF, 0x71, 0x6E, 0x2B, 0x9A, 0x13, 0xEC, 0xC6, 0x21, 0xEF, 0x6F, 0xA0,
    0x38, 0xFD, 0x36, 0xCA, 0xF9, 0x78, 0xC4, 0xCB, 0x79, 0xBF, 0x4F, 0x5D, 0xE0, 0x9D, 0x03, 0x36,
    0xA5, 0xEC, 0x93, 0xFF, 0xBC, 0x9D, 0x3F, 0x39, 0x3D, 0xC9, 0x9A, 0x77, 0x76, 0x53, 0x39, 0x8E,
    0xC0, 0x5E, 0x55, 0xFB, 0xE2, 0x19, 0x93, 0xDB, 0xD8, 0xC1, 0xD9, 0x7F, 0xF1, 0x2C, 0x59, 0xC5,
    0x36, 0x8F, 0xC3, 0x22, 0xB6, 0x59, 0x1C, 0xB2, 0x35, 0x47, 0xBE, 0x7C, 0x86, 0x94, 0x61, 0xE2,
    0x4D, 0x26, 0x6E, 0xB0, 0x62, 0x4D, 0xD5, 0xCD, 0x06, 0x8A, 0x18, 0x5B, 0xAC, 0x3E, 0x05, 0xA0,
    0x68, 0x61, 0xDE, 0x43, 0x99, 0xB2, 0x68, 0xA9, 0xBA, 0x72, 0xB2, 0xE8, 0x8A, 0xB5, 0xA2, 0x0B,
    0xBF, 0x78, 0xCC, 0xFA, 0x6D, 0x6C, 0xAB, 0xC9, 0x63, 0x5C, 0xA7, 0xBB, 0x44, 0xB5, 0x55, 0x17,
    0x1B, 0x20, 0xEB, 0x31, 0x5B, 0xA3, 0xD8, 0x46, 0x3E, 0x42, 0x7D, 0x76, 0xFC, 0xC5, 0x1A, 0x9C,
    0x80, 0xDB, 0x90, 0xF7, 0x10, 0x00, 0x17, 0x6E, 0x76, 0xED, 0x3E, 0x16, 0x6B, 0xBC, 0x32, 0xC1,
    0x0D, 0x78, 0x88, 0xBC, 0x03, 0xE0, 0x5C, 0xF4, 0xAE, 0xD5, 0xA0, 0x6A, 0xC0, 0x23, 0x60, 0x54,
    0x34, 0x64, 0x9D, 0xB2, 0x05, 0xB3, 0x16, 0x94, 0x6D, 0x62, 0x8A, 0x92, 0xD3, 0x5A, 0x2A, 0xD3,
    0x6E, 0xFF, 0x49, 0x68, 0x24, 0x35, 0x12, 0x1B, 0xC9, 0x8D, 0x04, 0xE7, 0xB9, 0x5C, 0xA2, 0xC3,
    0x61, 0xC2, 0x6B, 0x51, 0xC1, 0x23, 0x03, 0x63, 0x18, 0x85, 0xFB, 0x46, 0x18, 0x9F, 0xB1, 0x6D,
    0x86, 0x67, 0x6C, 0xB1, 0xD9, 0x11, 0x5B, 0xF8, 0x00, 0x84, 0x09, 0xB8, 0x0B, 0xCC, 0x25, 0xB6,
    0x59, 0xB3, 0xFF, 0x6C, 0x84, 0x0F, 0x61, 0x03, 0x4B, 0x98, 0xD7, 0x06, 0xB3, 0x76, 0xCB, 0xD6,
    0x9C, 0x17, 0x9B, 0x79, 0xEF, 0xEC, 0x72, 0xE4, 0x04, 0xB8, 0x9D, 0xD8, 0xF2, 0x3E, 0xB1, 0x85,
    0xFD, 0x66, 0x4B, 0xCD, 0xA6, 0x9C, 0x70, 0xE9, 0x11, 0xFC, 0x0E, 0xDC, 0x31, 0xC8, 0xFB, 0x30,
    0xE2, 0xDC, 0xEC, 0xD2, 0x03, 0x9F, 0xF4, 0xC8, 0x87, 0xF4, 0xD0, 0xA7, 0x68, 0x64, 0xED, 0xA3,
    0xFD, 0xEF, 0x35, 0x5C, 0x0D, 0x0D, 0xCB, 0x7B, 0x2D, 0x7F, 0xF7, 0x1F, 0xCD, 0x60, 0x88, 0x61,
    0x74, 0xFF, 0xB7, 0xCF, 0x8D, 0x0A, 0x45, 0x03, 0xFB, 0x8F, 0xE3, 0xE7, 0x17, 0x4C, 0xF3, 0x1E,
    0x94, 0xFD, 0xD9, 0x7F, 0xC2, 0x80, 0xF3, 0x6D, 0x30, 0x08, 0x23, 0xF2, 0xE9, 0x79, 0xAC, 0xE1,
    0xED, 0xD4, 0xF6, 0x50, 0x0C, 0xA4, 0x12, 0xE1, 0x0E, 0x78, 0x0D, 0x00, 0x10, 0x63, 0x33, 0x8F,
    0xCD, 0x2A, 0xD6, 0xC5, 0xB3, 0xF7, 0x9A, 0x51, 0x3E, 0xC9, 0x06, 0xA2, 0xBC, 0x65, 0xD9, 0x94,
    0x0D, 0x8B, 0x76, 0x8E, 0x72, 0x78, 0x13, 0xB3, 0xF5, 0x43, 0x64, 0xA7, 0x03, 0xC4, 0x0E, 0x96,
    0x2D, 0x54, 0xF5, 0x2F, 0x98, 0x59, 0x1C, 0x31, 0x8B, 0x13, 0xFE, 0x1A, 0x96, 0xCE, 0x1E, 0x4A,
    0x21, 0xEB, 0xE1, 0x01, 0x60, 0x15, 0xF3, 0xD8, 0xDE, 0xFA, 0x34, 0xAC, 0x9A, 0xD9, 0xE8, 0x58,
    0x3E, 0xB9, 0x23, 0x4C, 0x26, 0x36, 0x46, 0x96, 0xD9, 0x40, 0xF5, 0x9D, 0x9E, 0xC5, 0x93, 0x2E,
    0xDD, 0x46, 0xA2, 0xF8, 0xA4, 0x21, 0x8F, 0x52, 0x10, 0x4E, 0x61, 0x82, 0xF5, 0x73, 0xB3, 0x01,
    0x65, 0x47, 0x58, 0x35, 0x94, 0x1B, 0x14, 0x4F, 0x2F, 0x9E, 0x03, 0xB0, 0xA8, 0xA1, 0x6A, 0xCF,
    0x72, 0x51, 0x3B, 0x7F, 0x89, 0x7B, 0xBD, 0x72, 0x53, 0x0C, 0x8A, 0xA7, 0xE5, 0x88, 0xD9, 0x80,
    0x50, 0x9F, 0x7D, 0x33, 0xEE, 0x91, 0x30, 0x08, 0x3D, 0x94, 0x0D, 0x7C, 0x6D, 0x5F, 0x9A, 0xE9,
    0xE0, 0x03, 0xCC, 0x36, 0x08, 0x2B, 0x28, 0xE1, 0x08, 0x46, 0x70, 0x21, 0x1D, 0x25, 0x8C, 0xBF,
    0x8E, 0x7C, 0xF3, 0x2D, 0xCC, 0xDE, 0x9A, 0x50, 0x64, 0x23, 0xD8, 0x1B, 0x37, 0xF7, 0x59, 0x74,
    0x1D, 0xC7, 0xFF, 0xD3, 0xF1, 0xDE, 0xB2, 0xE5, 0xFB, 0x87, 0x17, 0xA2, 0xF5, 0xBF, 0xB5, 0x97,
    0x3F, 0x8C, 0x1C, 0x49, 0xD9, 0xC6, 0x7F, 0xD5, 0x65, 0xBB, 0xA5, 0x6D, 0x9D, 0xCB, 0xC1, 0xDC,
    0x27, 0x7F, 0xDF, 0x27, 0xBB, 0x2F, 0x30, 0x92, 0x65, 0xD9, 0xDB, 0x04, 0x04, 0x1B, 0xCC, 0x74,
    0xF7, 0x99, 0x00, 0x89, 0xE4, 0x1C, 0xD8, 0x22, 0x20, 0x71, 0xBC, 0x48, 0x1C, 0xC1, 0x06, 0x3E,
    0x31, 0xE3, 0xAE, 0xE3, 0xC2, 0x13, 0xB2, 0x03, 0x72, 0x19, 0xE9, 0x02, 0xDF, 0x22, 0x1D, 0x04,
    0x0E, 0x86, 0xC3, 0xB3, 0x53, 0xC6, 0x81, 0x03, 0x02, 0x9A, 0x4B, 0x08, 0x29, 0xEE, 0xC8, 0x5D,
    0x40, 0x83, 0xDA, 0x5C, 0xCF, 0x14, 0xB5, 0x33, 0x8D, 0x77, 0xED, 0x63, 0xE5, 0x3D, 0xD0, 0x3D,
    0x6F, 0x3D, 0x4F, 0x3F, 0xFD, 0xBE, 0xF5, 0x56, 0x55, 0xAF, 0x66, 0xE7, 0x0F, 0x08, 0x8D, 0xDD,
    0x9E, 0x7E, 0x3C, 0xBD, 0x67, 0x7F, 0xAA, 0xEF, 0xF1, 0xEA, 0x80, 0xA8, 0x4C, 0xD8, 0xFC, 0x70,
    0xF3, 0xA3, 0x64, 0x23, 0xFA, 0x36, 0x1B, 0xAF, 0x8E, 0xC2, 0x17, 0xDE, 0x77, 0xBE, 0xBB, 0x71,
    0x7D, 0x7B, 0x77, 0xF7, 0x03, 0xEF, 0x7D, 0xBB, 0x1B, 0xAE, 0x21, 0x47, 0x4F, 0xAF, 0x57, 0xE2,
    0x57, 0xE8, 0xFA, 0xCB, 0x8D, 0x15, 0xAE, 0x03, 0x43, 0x59, 0x7F, 0x15, 0x83, 0x35, 0xC2, 0xD6,
    0xE6, 0xD2, 0xEE, 0xAE, 0x06, 0x78, 0xFD, 0xC6, 0x8D, 0x72, 0xFF, 0x7E, 0xFF, 0x0A, 0xC2, 0x28,
    0x3D, 0x62, 0xCC, 0x8C, 0xB9, 0xAE, 0x74, 0x46, 0x5A, 0x16, 0xA6, 0xA8, 0x93, 0x3A, 0x36, 0x49,
    0xB9, 0xC9, 0x0E, 0x90, 0x98, 0xD4, 0xA6, 0x4E, 0xBA, 0xC8, 0x4A, 0x93, 0x72, 0x11, 0x98, 0x70,
    0x9B, 0x9C, 0x30, 0x17, 0x55, 0xC6, 0x5A, 0x00, 0x08, 0x73, 0x51, 0xBD, 0xDB, 0x8C, 0x62, 0x33,
    0x56, 0x7A, 0xA6, 0xCC, 0xFC, 0x8E, 0xAB, 0xEE, 0xB8, 0x2C, 0xB6, 0xE9, 0x55, 0x57, 0x3C, 0x69,
    0x8B, 0xDF, 0x77, 0x49, 0xDD, 0xC5, 0xA6, 0x4D, 0x4A, 0xB7, 0x19, 0x9B, 0x9D, 0x0D, 0x80, 0xE4,
    0x51, 0x9B, 0x7E, 0xD6, 0xA5, 0x7F, 0x59, 0x48, 0x37, 0x8B, 0xEC, 0x50, 0x9A, 0x69, 0x1A, 0xD9,
    0x8B, 0xB2, 0x04, 0x26, 0x4A, 0x4F, 0x94, 0xC9, 0x13, 0x93, 0xC5, 0x75, 0x2A, 0x6B, 0x75, 0xD5,
    0xC6, 0xDA, 0x09, 0xAE, 0x45, 0x8E, 0xC8, 0xF2, 0x3F, 0x7F, 0xA4, 0xF2, 0xFA, 0x87, 0x9F, 0x97,
    0xC2, 0x12, 0x32, 0xEB, 0xA4, 0xA8, 0xA1, 0x46, 0xB8, 0x30, 0xC0, 0x51, 0x78, 0x13, 0xC6, 0x21,
    0xD3, 0x97, 0x12, 0x5B, 0x74, 0xD5, 0x62, 0xBE, 0x9C, 0x2F, 0xAB, 0x45, 0xD1, 0x25, 0x16, 0xF8,
    0x06, 0xE4, 0x50, 0x58, 0x8A, 0x05, 0xC5, 0x92, 0xA2, 0xA1, 0x28, 0xD9, 0x02, 0x60, 0x40, 0xC5,
    0x3C, 0xF0, 0x44, 0x70, 0x17, 0xF6, 0x58, 0x2C, 0x59, 0xCE, 0x58, 0x0C, 0x38, 0x93, 0x89, 0x26,
    0xD1, 0xD5, 0x7B, 0x5D, 0x5A, 0x57, 0x8F, 0xBB, 0xCC, 0xAE, 0xDC, 0x2A, 0x37, 0xD8, 0x5B, 0xCE,
    0x06, 0xDB, 0xF7, 0x3F, 0xBE, 0x7F, 0x8F, 0xE3, 0xC5, 0xA5, 0x0F, 0x2F, 0x7D, 0xC4, 0xC6, 0x31,
    0x83, 0x6A, 0x71, 0x10, 0x91, 0x7E, 0x75, 0x10, 0x3A, 0x7E, 0xC0, 0x3A, 0x8E, 0xDF, 0xC1, 0x6B,
    0xEB, 0x38, 0x6E, 0x07, 0x34, 0x00, 0x71, 0x8B, 0xB0, 0x00, 0x99, 0x47, 0x1A, 0x80, 0x89, 0x32,
    0x49, 0x09, 0x30, 0x8D, 0xCD, 0x79, 0x00, 0x1A, 0x59, 0x0F, 0xE9, 0xCD, 0x83, 0xDE, 0xFC, 0xCE,
    0x01, 0x30, 0x95, 0x8F, 0x0D, 0xEB, 0xAE, 0xDF, 0x68, 0xD6, 0xEB, 0xA8, 0xF8, 0x19, 0xE9, 0x9F,
    0x88, 0xDB, 0x51, 0xE6, 0xCB, 0xF9, 0x02, 0xB8, 0x95, 0x27, 0xA6, 0xCD, 0x00, 0xF7, 0x50, 0x7E,
    0xE2, 0x54, 0x49, 0x54, 0x4F, 0xE5, 0xA7, 0x56, 0x69, 0x62, 0xDD, 0xCA, 0xCF, 0x82, 0x41, 0xD1,
    0x67, 0xAE, 0xD0, 0xCF, 0x19, 0xD3, 0x77, 0x39, 0xD6, 0xEB, 0x44, 0x96, 0xF5, 0xCA, 0x87, 0x90,
    0xB4, 0xE0, 0x80, 0xFE, 0x01, 0x6A, 0x00, 0x18, 0x29, 0x1D, 0x1B, 0x00, 0x18, 0xC7, 0x46, 0x95,
    0xF4, 0x67, 0x35, 0x29, 0xCF, 0xED, 0xF0, 0xC0, 0x4E, 0x0F, 0xAC, 0x7B, 0x6E, 0x7F, 0x6D, 0x7F,
    0xC9, 0xC6, 0x3D, 0xBE, 0xCF, 0x38, 0x7E, 0xFC, 0xD8, 0x9B, 0xA2, 0x8B, 0xBC, 0xC9, 0xD5, 0x5B,
    0x6F, 0x3D, 0xA9, 0x67, 0xB7, 0xE3, 0x4F, 0x5C, 0xEA, 0x53, 0x25, 0x5C, 0xA3, 0x94, 0x6E, 0xC2,
    0x83, 0xA6, 0x38, 0xA7, 0xDE, 0x2A, 0xA7, 0x30, 0xDE, 0xE4, 0x6F, 0xC1, 0x12, 0xAC, 0x5B, 0xD9,
    0x3B, 0xC1, 0x46, 0xF6, 0x79, 0x36, 0x9C, 0x01, 0xB7, 0xB6, 0x89, 0x4E, 0x45, 0xB0, 0xAA, 0x6C,
    0x50, 0xA8, 0xAB, 0x76, 0x9A, 0x25, 0x8F, 0x1C, 0x57, 0x88, 0x9F, 0x9A, 0x6A, 0x26, 0x3F, 0xB7,
    0x8C, 0x89, 0x7C, 0x99, 0xB6, 0xC2, 0x6B, 0x80, 0x33, 0x88, 0x92, 0x13, 0x64, 0x3A, 0xD3, 0x05,
    0x05, 0x39, 0x23, 0x86, 0xDC, 0x22, 0x7B, 0xDF, 0x65, 0xEF, 0xDB, 0x22, 0xA9, 0x0B, 0x15, 0xCE,
    0xA7, 0x47, 0xAA, 0x1C, 0x2A, 0x6E, 0x9D, 0x06, 0x17, 0xAC, 0xB4, 0x0F, 0x33, 0x62, 0xE3, 0x46,
    0xAB, 0xF5, 0x49, 0xA5, 0x71, 0x0C, 0x93, 0xAB, 0x75, 0x98, 0x20, 0x0D, 0x37, 0xCF, 0x9E, 0x82,
    0x31, 0x39, 0x29, 0x89, 0x96, 0x46, 0x58, 0x1C, 0x17, 0xC2, 0x03, 0xE4, 0xAA, 0x4C, 0x13, 0x93,
    0xBC, 0x57, 0xCB, 0x47, 0x4E, 0xD8, 0x07, 0xB8, 0x21, 0x17, 0xCE, 0x8E, 0x37, 0x55, 0x19, 0x2A,
    0xDF, 0x32, 0xA4, 0xC9, 0x63, 0x4B, 0xA8, 0x3A, 0x42, 0x7D, 0x4A, 0x98, 0x31, 0x24, 0xCC, 0x39,
    0x4F, 0x98, 0xB5, 0x01, 0x67, 0x60, 0x08, 0x33, 0x78, 0x4A, 0xF4, 0xA4, 0x94, 0xEF, 0x99, 0x44,
    0xD4, 0xA7, 0x71, 0x97, 0xD9, 0xD9, 0x62, 0xC8, 0x80, 0xB1, 0x68, 0x62, 0x97, 0x9A, 0xAA, 0xF4,
    0xCC, 0x29, 0x8C, 0xAA, 0xA5, 0xA3, 0xE3, 0x32, 0xBC, 0xC1, 0x98, 0x0C, 0x65, 0x62, 0x17, 0x75,
    0x2C, 0xC5, 0x42, 0xB6, 0x89, 0x4D, 0x75, 0xCE, 0x16, 0xF4, 0x38, 0x81, 0x2A, 0x29, 0x47, 0xA4,
    0x5A, 0xD6, 0x69, 0x99, 0x96, 0x4A, 0xC7, 0xB5, 0x20, 0x47, 0x34, 0xD0, 0xC2, 0x04, 0x69, 0x61,
    0x3F, 0x0D, 0x71, 0x9D, 0x43, 0x28, 0xB4, 0x30, 0xA2, 0xB2, 0xD2, 0xEE, 0x91, 0x1A, 0xE9, 0x26,
    0x14, 0x61, 0xBF, 0x01, 0xCF, 0x1A, 0x4A, 0xA4, 0x9D, 0x00, 0x4A, 0xA7, 0x25, 0xE4, 0xA1, 0x03,
    0xDA, 0xD0, 0x11, 0xD2, 0x30, 0x09, 0x69, 0x15, 0x76, 0xC8, 0x49, 0x75, 0x6C, 0xCE, 0x06, 0x15,
    0x1A, 0x4E, 0x02, 0x33, 0xE9, 0xD6, 0x63, 0x12, 0x46, 0xE4, 0xC6, 0xFF, 0x1A, 0xC3, 0x30, 0x84,
    0x7D, 0x61, 0x50, 0x03, 0xC0, 0x80, 0xBB, 0x7B, 0xD2, 0x2D, 0x65, 0x13, 0xBA, 0x06, 0x94, 0x00,
    0x89, 0xAF, 0x29, 0x7C, 0xCB, 0xD7, 0x9A, 0x09, 0x34, 0x19, 0x38, 0xD5, 0x33, 0x0D, 0xCC, 0x03,
    0x3B, 0xF8, 0xAB, 0x03, 0xAF, 0x61, 0x09, 0x74, 0x40, 0x0B, 0x3C, 0xE0, 0x45, 0xB4, 0x20, 0xBA,
    0xBE, 0x7E, 0xE6, 0xF9, 0xE7, 0xC6, 0x72, 0x9F, 0x00, 0x7C, 0x1D, 0x84, 0x19, 0x82, 0xD4, 0xA7,
    0x41, 0x21, 0x6B, 0xC6, 0xB0, 0xFC, 0x99, 0x85, 0xFF, 0x5F, 0x96, 0xAC, 0x91, 0x06, 0x27, 0x96,
    0xDF, 0x75, 0xC4, 0x86, 0x31, 0xAB, 0x79, 0xAB, 0x8E, 0xFD, 0x5E, 0xCD, 0x1A, 0x37, 0xC1, 0x21,
    0x6A, 0x22, 0x13, 0x0A, 0x24, 0x70, 0x1A, 0xCE, 0xC1, 0x10, 0x76, 0xC0, 0x41, 0x4B, 0xD4, 0x21,
    0x7F, 0x4C, 0xA2, 0x50, 0x71, 0x79, 0x4E, 0xEA, 0x61, 0x64, 0x76, 0xB0, 0x1C, 0x82, 0xB4, 0x5F,
    0x30, 0xF5, 0x4B, 0xE6, 0xF4, 0x55, 0xF3, 0x10, 0x80, 0xD4, 0x3F, 0xED, 0x00, 0xD8, 0xF0, 0xFE,
    0x3E, 0x00, 0x24, 0x0E, 0xD6, 0xB5, 0x71, 0x6F, 0xF2, 0xBC, 0x37, 0x5D, 0x5A, 0x02, 0x20, 0x5A,
    0x65, 0x00, 0xE0, 0x8D, 0x53, 0x00, 0x28, 0x0D, 0xB4, 0x80, 0x2A, 0x0F, 0x9B, 0xE6, 0x90, 0xD9,
    0x4A, 0xC4, 0x3D, 0xA9, 0x7F, 0xF1, 0x7F, 0x54, 0x4F, 0xE7, 0x2E, 0x5E, 0x7E, 0xEE, 0xA9, 0xBC,
    0xB7, 0xB1, 0xF7, 0x1E, 0x32, 0x03, 0x51, 0x07, 0xDC, 0xB6, 0x20, 0x9F, 0x02, 0x6D, 0x03, 0xEA,
    0x8E, 0x26, 0x72, 0x0F, 0x21, 0x4B, 0x6A, 0x62, 0x5B, 0x84, 0xB2, 0x74, 0x08, 0x73, 0x11, 0xCE,
    0x45, 0x9A, 0xE7, 0x58, 0x7F, 0xB3, 0x00, 0x36, 0x81, 0x21, 0xD0, 0x80, 0xB0, 0x20, 0xCD, 0x7A,
    0xF7, 0xF3, 0x7D, 0xFA, 0x01, 0x08, 0xB7, 0x4E, 0x27, 0x1A, 0x14, 0x30, 0x02, 0x6E, 0x01, 0x0E,
    0xA2, 0x1A, 0xE2, 0x3E, 0x7D, 0x05, 0x18, 0x03, 0xF3, 0x76, 0xDE, 0x4E, 0xF9, 0x42, 0x1C, 0x91,
    0x9F, 0x5D, 0x9F, 0xB7, 0xDB, 0x1F, 0x14, 0x5D, 0xB1, 0x78, 0x7D, 0xC2, 0xE8, 0xA5, 0x98, 0xEC,
    0x7F, 0x2A, 0x31, 0x7A, 0x39, 0x5E, 0x9F, 0x15, 0x8B, 0x4B, 0xF7, 0x81, 0xFE, 0xC5, 0x1A, 0x7B,
    0x4B, 0xE5, 0xDB, 0xC2, 0x77, 0x8C, 0xC4, 0x22, 0x7F, 0x73, 0x0F, 0xC8, 0x21, 0x63, 0xC5, 0xF4,
    0xE0, 0xD2, 0x27, 0x27, 0x2B, 0x27, 0x5A, 0xE8, 0x20, 0xB1, 0xC4, 0x0E, 0x32, 0x4D, 0xAA, 0xE9,
    0x4B, 0x4C, 0x61, 0x0C, 0xB8, 0x95, 0xC3, 0xC1, 0x03, 0x5E, 0xC6, 0x35, 0xB8, 0x09, 0xA2, 0x83,
    0x0E, 0xA2, 0x0E, 0xB1, 0xE8, 0xEF, 0xD6, 0xB5, 0x33, 0x07, 0xC7, 0x4B, 0xEA, 0x70, 0xB8, 0xA4,
    0x0E, 0x47, 0x4B, 0x6A, 0xC8, 0x83, 0x90, 0xC5, 0xA6, 0x97, 0x3C, 0x08, 0x93, 0x20, 0xA2, 0x0D,
    0x92, 0x58, 0x69, 0xC8, 0x74, 0x90, 0x09, 0x41, 0xA6, 0x04, 0x71, 0xBD, 0xE8, 0x17, 0x36, 0x17,
    0xA5, 0xE8, 0x50, 0x75, 0x14, 0xC4, 0x06, 0x97, 0xD4, 0xAB, 0x1C, 0x00, 0x33, 0xE1, 0x1B, 0x66,
    0xCA, 0xFB, 0x20, 0x77, 0xDF, 0xD6, 0x13, 0x48, 0x4C, 0x90, 0xD8, 0x8C, 0x7B, 0x49, 0x82, 0x90,
    0xEA, 0x21, 0x54, 0x0C, 0x11, 0x5D, 0x90, 0xD8, 0x06, 0x51, 0x3A, 0x48, 0x4A, 0x90, 0x2B, 0xBD,
    0x1C, 0x60, 0xC0, 0x59, 0xD8, 0xA3, 0x80, 0x25, 0x15, 0xCC, 0x28, 0x60, 0xC0, 0x09, 0x08, 0x5F,
    0x4A, 0xEF, 0x79, 0xEF, 0xDD, 0x8D, 0x1B, 0xDF, 0xB1, 0x10, 0xF7, 0x2F, 0x9F, 0xFE, 0xCF, 0x4C,
    0x0B, 0x91, 0x03, 0x59, 0x83, 0x32, 0xB0, 0x7E, 0x33, 0x83, 0x87, 0x20, 0x1A, 0x90, 0x0E, 0x00,
    0x2A, 0xBF, 0x2C, 0xDF, 0xA9, 0x7C, 0xBD, 0x93, 0x79, 0x17, 0xD8, 0x06, 0x76, 0x47, 0xB0, 0x0D,
    0x6C, 0x02, 0x6D, 0xA0, 0xDE, 0xB9, 0x7C, 0x8D, 0x9D, 0xCB, 0x1C, 0x8B, 0x17, 0xCE, 0x02, 0xDB,
    0xBB, 0xF7, 0xA5, 0xF7, 0x9D, 0xF2, 0xCF, 0xC6, 0x61, 0x99, 0xCB, 0x45, 0x60, 0xF5, 0x6F, 0x58,
    0xF4, 0x4C, 0x03, 0x93, 0x30, 0x9F, 0xB9, 0xEF, 0xB6, 0x77, 0x3F, 0xA0, 0xF2, 0x5E, 0x87, 0x73,
    0xDA, 0x9D, 0x50, 0x0C, 0x6C, 0x03, 0xBB, 0x23, 0xD8, 0x04, 0xBA, 0x30, 0xDF, 0x54, 0xFE, 0x19,
    0x00, 0xA4, 0x65, 0x20, 0xA0, 0xD6, 0x7C, 0x47, 0x9D, 0xB2, 0xF3, 0xA7, 0xDE, 0x7E, 0xCF, 0x2F,
    0xEF, 0x52, 0x18, 0xF8, 0x95, 0x45, 0xFC, 0xB9, 0x41, 0xBA, 0x8E, 0xA4, 0xBE, 0x8D, 0xD0, 0x17,
    0x80, 0x09, 0xF3, 0x10, 0x23, 0x5E, 0xC6, 0x80, 0x9C, 0x82, 0x0C, 0x55, 0xAA, 0x32, 0xD6, 0x52,
    0x1F, 0xE7, 0xBD, 0xF2, 0xAB, 0xC0, 0x31, 0xDE, 0xC6, 0xFF, 0xF3, 0x87, 0xE7, 0xBF, 0xE9, 0x4D,
    0xB4, 0xB2, 0x28, 0x8A, 0x96, 0x21, 0xF3, 0x8E, 0x29, 0x7E, 0x81, 0x0B, 0x22, 0xEB, 0x70, 0x1B,
    0xEB, 0x50, 0x50, 0xA0, 0xEC, 0x15, 0x80, 0x31, 0x80, 0x03, 0x22, 0x9B, 0x69, 0xA4, 0xF1, 0x0E,
    0xF5, 0xA6, 0x6F, 0x38, 0x1F, 0xF9, 0xD0, 0x1E, 0x84, 0x07, 0xC2, 0x37, 0xC2, 0xE2, 0xDD, 0xEA,
    0xFF, 0x33, 0x29, 0x81, 0x14, 0x40, 0xCC, 0xEF, 0x42, 0xA4, 0x95, 0xF7, 0x77, 0x89, 0x75, 0xCE,
    0xDB, 0xFE, 0x27, 0x6F, 0xB3, 0x03, 0x95, 0xEF, 0xB8, 0x09, 0x62, 0x3B, 0x94, 0xC5, 0x75, 0x08,
    0x09, 0x4D, 0xD4, 0x9C, 0x6A, 0x08, 0xBD, 0x57, 0x38, 0x07, 0x09, 0x5B, 0x20, 0xCD, 0x19, 0xA0,
    0x44, 0x68, 0x88, 0x0C, 0xF2, 0xAA, 0xB1, 0xF2, 0x93, 0xC7, 0x96, 0xBF, 0xFF, 0x56, 0x53, 0x2C,
    0x21, 0x5D, 0xAC, 0x3E, 0x30, 0x2F, 0xFD, 0x7C, 0xF9, 0x21, 0xC5, 0x02, 0xFE, 0xF1, 0x87, 0x52,
    0x7E, 0xFA, 0xA4, 0x8E, 0x7F, 0xF4, 0xC8, 0x89, 0xC8, 0x40, 0xE0, 0x01, 0xB2, 0x12, 0x0A, 0xBD,
    0xBA, 0x1E, 0x81, 0x1C, 0xA8, 0x80, 0xDB, 0xC0, 0x09, 0x8E, 0x42, 0xCA, 0xC1, 0x3A, 0x27, 0xC1,
    0x8D, 0xD3, 0xD8, 0x48, 0xDB, 0xE6, 0x4A, 0xC7, 0x8F, 0xC2, 0x0D, 0xEA, 0x9B, 0x75, 0x33, 0x22,
    0x8D, 0x1F, 0xD9, 0x5B, 0x0C, 0x95, 0x34, 0x8E, 0x5B, 0xE7, 0xE3, 0x77, 0x6B, 0x6E, 0x5E, 0xDC,
    0x88, 0xF4, 0x0B, 0xA7, 0x81, 0x62, 0xA5, 0x19, 0xC7, 0xC3, 0x08, 0x48, 0x4C, 0x05, 0xA8, 0xFA,
    0x36, 0x90, 0xD4, 0x03, 0x40, 0xF0, 0x2A, 0xA4, 0x1C, 0xDA, 0x6B, 0xA5, 0x27, 0x5F, 0x78, 0xE6,
    0xB8, 0xAE, 0x80, 0xC4, 0xAE, 0x3D, 0xAF, 0xC0, 0x89, 0xC3, 0xE7, 0xD7, 0x00, 0x69, 0xF9, 0xE5,
    0xCF, 0xBF, 0x52, 0xB3, 0x3A, 0x7F, 0x49, 0x5E, 0xDD, 0x1E, 0xBC, 0xB8, 0x47, 0x5E, 0xE5, 0x27,
    0x88, 0x6A, 0x40, 0x3A, 0x7A, 0x11, 0x77, 0x39, 0x1A, 0x03, 0x38, 0x49, 0x05, 0x59, 0x19, 0xA4,
    0xD0, 0x39, 0xA4, 0x70, 0x34, 0xCA, 0x43, 0x2B, 0xF7, 0xC2, 0xA1, 0xBF, 0xCC, 0xE6, 0x73, 0x95,
    0xF5, 0x26, 0x0D, 0x89, 0xDD, 0x8C, 0x3A, 0x82, 0x8A, 0x96, 0x48, 0x6F, 0x72, 0xAF, 0xAF, 0x1E,
    0xD6, 0xED, 0xDD, 0xF9, 0xEE, 0xAE, 0xF6, 0xFB, 0x30, 0xBB, 0x2B, 0xFF, 0xC5, 0x39, 0xA2, 0xDC,
    0xE4, 0x1A, 0x71, 0x58, 0x6D, 0xB5, 0xA6, 0x6C, 0x09, 0xEB, 0x0B, 0xF7, 0xD2, 0x6A, 0xFF, 0x0B,
    0x9C, 0x99, 0x2D, 0xF7, 0x2E, 0x00, 0x8C, 0x97, 0xCB, 0x31, 0xC0, 0xEA, 0x87, 0x2E, 0xB3, 0xE5,
    0x72, 0x0B, 0x82, 0x5E, 0x64, 0x10, 0x66, 0x0C, 0xB8, 0xB0, 0x4A, 0x1F, 0xFA, 0xAD, 0xF9, 0x25,
    0x7E, 0xA7, 0xBE, 0xB6, 0x8E, 0xE3, 0x76, 0x14, 0x5D, 0xD6, 0x2A, 0x17, 0xD7, 0xD2, 0x44, 0xFA,
    0x38, 0x01, 0xA2, 0x94, 0x26, 0xAE, 0x95, 0xCB, 0xDA, 0xA2, 0x3B, 0x5E, 0x47, 0xA4, 0x13, 0xBB,
    0x75, 0x79, 0xEB, 0x72, 0x62, 0x8F, 0xB7, 0x0B, 0x54, 0xFA, 0xCB, 0x3D, 0xF9, 0x3F, 0x01, 0xED,
    0x93, 0x31, 0x8C, 0x1B, 0x45, 0x14, 0x86, 0xBF, 0xD9, 0x91, 0x3C, 0xE2, 0x56, 0x61, 0xA8, 0x51,
    0x72, 0x76, 0xA4, 0x14, 0x11, 0x72, 0xBC, 0xED, 0x21, 0xED, 0xD9, 0xD3, 0x37, 0x44, 0x48, 0x0E,
    0xC5, 0x15, 0xD7, 0x57, 0x31, 0xD2, 0x04, 0x59, 0x39, 0x2B, 0x9E, 0xBE, 0x4A, 0x4F, 0x73, 0x6D,
    0x4E, 0x08, 0x53, 0x5C, 0x01, 0x12, 0xC4, 0xAF, 0x6F, 0xD8, 0x86, 0x7E, 0x0B, 0x0A, 0xA8, 0x6E,
    0x0B, 0x23, 0xF9, 0x0A, 0x7B, 0x98, 0xDD, 0x3B, 0x41, 0xC4, 0x21, 0x0A, 0xEA, 0xCC, 0xFB, 0x3C,
    0x7E, 0x33, 0xEF, 0x97, 0xE6, 0xBD, 0xE7, 0x67, 0xB3, 0xA5, 0x88, 0x6E, 0x6C, 0xE5, 0x47, 0x5D,
    0x6D, 0x5B, 0xEA, 0xB4, 0x27, 0x7F, 0x9C, 0x4B, 0xBA, 0x37, 0xD7, 0xE0, 0x07, 0xCC, 0xFC, 0xED,
    0x1A, 0x30, 0x81, 0x35, 0xEA, 0x0A, 0x5D, 0x70, 0xAF, 0xE0, 0x71, 0xC1, 0x32, 0x6E, 0x97, 0x71,
    0x43, 0x41, 0x42, 0xC5, 0xE6, 0xE0, 0xC2, 0xF5, 0x63, 0x78, 0x02, 0xC3, 0x8E, 0xC9, 0x8E, 0xD1,
    0x3A, 0x60, 0x04, 0x5D, 0x25, 0x3E, 0xD2, 0x32, 0x5E, 0x85, 0x62, 0x07, 0xC0, 0xDA, 0x99, 0x18,
    0xAC, 0x23, 0x89, 0x4B, 0x78, 0x19, 0xDD, 0xF2, 0x6B, 0x59, 0x64, 0xF5, 0x5C, 0xD5, 0xA5, 0xAA,
    0x8F, 0x75, 0x65, 0x57, 0xA2, 0xF7, 0x00, 0x9F, 0x5C, 0xBC, 0x9E, 0xC4, 0x0A, 0x2D, 0x98, 0x80,
    0x85, 0x3E, 0x1C, 0x43, 0x09, 0x97, 0xD0, 0x90, 0xD5, 0xB7, 0x91, 0xEC, 0x1A, 0x1B, 0xDD, 0xB1,
    0x96, 0x52, 0xCB, 0xC8, 0x88, 0xBD, 0xC2, 0xEC, 0xE9, 0x9F, 0x86, 0x52, 0x57, 0xF3, 0xAC, 0x4A,
    0x7B, 0xB1, 0x92, 0x7C, 0x0F, 0xD0, 0xDB, 0xD2, 0x8F, 0xAE, 0x34, 0x92, 0xEE, 0xD3, 0x73, 0xF3,
    0xAC, 0x1E, 0x9F, 0xD4, 0xFD, 0x5D, 0xA5, 0x3E, 0xEF, 0x5E, 0xC9, 0xC3, 0xC7, 0x6B, 0xFA, 0x1B,
    0x00, 0x85, 0x0E, 0xAD, 0xC5, 0xF8, 0xC5, 0x2F, 0xED, 0x77, 0xE6, 0x20, 0xC6, 0xE9, 0xF4, 0xE2,
    0x22, 0xEE, 0x61, 0x3A, 0x8D, 0x11, 0x94, 0xD3, 0xC1, 0x72, 0xC8, 0x90, 0x32, 0xD9, 0x51, 0x6B,
    0x9D, 0xF7, 0x84, 0x0F, 0xC9, 0xD1, 0x02, 0x4F, 0x29, 0x79, 0x80, 0x25, 0xC7, 0x24, 0xAD, 0x96,
    0x64, 0x41, 0x07, 0xE3, 0x72, 0x6C, 0x52, 0xCD, 0x81, 0x2F, 0xF7, 0x2C, 0x4F, 0xC2, 0x22, 0x13,
    0xAF, 0xFE, 0xC9, 0x40, 0x85, 0x6C, 0x8B, 0x8D, 0x8C, 0xF2, 0xB6, 0xB2, 0x45, 0x4A, 0xB9, 0x6B,
    0x52, 0x22, 0x75, 0x2B, 0x95, 0x35, 0x36, 0x92, 0xAA, 0x31, 0x3B, 0x00, 0x75, 0x9E, 0x37, 0xE3,
    0xE6, 0xB2, 0xE1, 0x8E, 0xA5, 0x9A, 0x27, 0xD1, 0x3D, 0xCE, 0x05, 0xDD, 0x91, 0x3B, 0xFA, 0xB0,
    0x40, 0x35, 0x18, 0x69, 0xDD, 0x65, 0x94, 0x44, 0x7E, 0xDD, 0xCA, 0x1E, 0x99, 0x4E, 0x63, 0x44,
    0x3D, 0x27, 0xDF, 0x41, 0x3F, 0x1D, 0xAB, 0x0E, 0x79, 0xFB, 0xD7, 0xEF, 0x77, 0xC0, 0xCD, 0x34,
    0x70, 0x85, 0xFE, 0x99, 0xFC, 0x33, 0x0E, 0x2D, 0xA5, 0xE5, 0xED, 0xEA, 0x7C, 0x1D, 0x1B, 0x2C,
    0x37, 0xBC, 0x1F, 0x88, 0xFF, 0x35, 0x10, 0xEA, 0x0D, 0x76, 0x15, 0x5A, 0x71, 0x26, 0xD9, 0x5A,
    0xFA, 0xCF, 0xA4, 0xCC, 0xE4, 0x48, 0xCB, 0xF1, 0xA9, 0xE4, 0x1B, 0xE9, 0xFD, 0xCA, 0xE8, 0x5B,
    0xBC, 0x71, 0xDF, 0xB5, 0x99, 0x84, 0x3F, 0xA6, 0xAE, 0x01, 0x0F, 0xE3, 0x67, 0x2E, 0x95, 0x98,
    0xA2, 0xC5, 0x8A, 0xB9, 0x96, 0x26, 0x93, 0x46, 0x55, 0x37, 0xF8, 0xD4, 0xE9, 0x53, 0x67, 0xB6,
    0x3C, 0x52, 0x61, 0x98, 0xF2, 0xB3, 0xE8, 0x6F, 0x50, 0x9B, 0x44, 0xEB, 0xA4, 0x63, 0xBA, 0xF4,
    0xAA, 0xEA, 0xFD, 0xC6, 0x68, 0xE5, 0xD0, 0x82, 0xAA, 0x50, 0xF5, 0x24, 0xD6, 0x25, 0xD5, 0x30,
    0x13, 0x7B, 0x12, 0xB2, 0x1D, 0x03, 0xF0, 0xDC, 0xF2, 0xE2, 0x0D, 0x67, 0xAB, 0xB0, 0xD0, 0xFF,
    0x32, 0xB2, 0x33, 0x25, 0xEF, 0x2A, 0x7D, 0x0F, 0x7F, 0x88, 0x9F, 0xF3, 0xA2, 0xE6, 0x4C, 0x78,
    0x55, 0xE1, 0x2F, 0xF1, 0x25, 0xDE, 0x32, 0x33, 0x61, 0xE0, 0xDF, 0x59, 0xB3, 0x87, 0xDF, 0x1F,
    0xBC, 0x3E, 0x5B, 0xBD, 0xDC, 0x2E, 0x74, 0x35, 0x4C, 0x29, 0xDF, 0xF7, 0x3A, 0xDC, 0xF9, 0xCC,
    0xB2, 0x70, 0xFF, 0xE1, 0x0F, 0xFF, 0xF5, 0x7A, 0x17, 0x75, 0x5D, 0xB4, 0xF2, 0xD4, 0x2D, 0xED,
    0xBF, 0x45, 0x5E, 0x9D, 0x84, 0xAF, 0x76, 0x78, 0xFE, 0xA6, 0xF7, 0x7B, 0xDB, 0xC9, 0x23, 0x28,
    0xC1, 0x56, 0xA8, 0x9F, 0xC0, 0x82, 0xE1, 0xD3, 0x53, 0x8A, 0x2D, 0x1F, 0x70, 0x8F, 0xE2, 0xFC,
    0xF9, 0xF9, 0x03, 0x6E, 0x2D, 0x9D, 0xED, 0x53, 0xB3, 0xF9, 0x13, 0x9D, 0xD6, 0x01, 0xA4, 0x25,
    0xD7, 0xFD, 0xC0, 0xF1, 0xEF, 0xCC, 0xC9, 0x7F, 0xC7, 0x3F, 0x23, 0x7B, 0x16, 0x59, 0xE1, 0xFF,
    0x36, 0xFF, 0x01, 0x80, 0x4D, 0x07, 0x82, 0xAD, 0xEC, 0xBB, 0x73, 0x36, 0xC1, 0x22, 0xE8, 0x43,
    0xB6, 0x41, 0x50, 0x28, 0xA8, 0xD6, 0x86, 0x06, 0xC5, 0x7D, 0x6F, 0x6E, 0x13, 0x0A, 0xA1, 0x16,
    0x52, 0x00, 0xAB, 0x0A, 0x02, 0x59, 0xB5, 0x65, 0xB5, 0xF7, 0xED, 0x3D, 0x2F, 0x0F, 0x41, 0xD0,
    0x49, 0x16, 0x50, 0x9A, 0xD9, 0x76, 0xB7, 0x61, 0x43, 0xF6, 0xB4, 0xBD, 0xDB, 0x9D, 0xEC, 0xCE,
    0xCC, 0xAF, 0xBF, 0xF3, 0xDE, 0x78, 0xCF, 0xA6, 0x55, 0x6D, 0xAF, 0xF7, 0xFD, 0xCC, 0xCC, 0xEF,
    0xDC, 0x7B, 0xDE, 0x33, 0x97, 0xD9, 0x05, 0x48, 0xA5, 0xC5, 0x4A, 0xA0, 0x74, 0x5B, 0x6C, 0x03,
    0x4B, 0xAD, 0xD7, 0xBA, 0xF4, 0xFD, 0x5F, 0x74, 0x46, 0xBA, 0xCE, 0xDC, 0xDD, 0xEA, 0x4D, 0xC3,
    0x52, 0xAB, 0xB4, 0xE2, 0x8B, 0x7B, 0x57, 0x33, 0x91, 0xC0, 0x73, 0x77, 0xB7, 0xD0, 0xEB, 0x27,
    0x93, 0x8E, 0x18, 0x4D, 0x43, 0xF2, 0xA1, 0x27, 0x15, 0x4F, 0x21, 0x01, 0x79, 0x75, 0x6D, 0x1E,
    0x66, 0xEB, 0xFC, 0xA3, 0xBC, 0xB5, 0xEF, 0x5A, 0xCA, 0x93, 0x27, 0xA9, 0x9E, 0x79, 0x86, 0xEA,
    0xCC, 0x19, 0xED, 0x2C, 0x3B, 0x67, 0xCF, 0x53, 0x9F, 0x3B, 0x47, 0xFD, 0xE2, 0x5B, 0x54, 0x6F,
    0xBE, 0x49, 0x75, 0xED, 0x1A, 0x55, 0xDB, 0x52, 0xB6, 0x0D, 0xF6, 0xB6, 0x27, 0x7F, 0xB4, 0x77,
    0xCD, 0x88, 0x34, 0xE6, 0xFE, 0x57, 0x98, 0x8B, 0x8E, 0x2C, 0x87, 0x5C, 0x03, 0x60, 0x43, 0xAE,
    0xB0, 0x92, 0xB5, 0x19, 0x92, 0x6B, 0x79, 0x0B, 0xD6, 0x43, 0x09, 0x54, 0xDA, 0x4C, 0xDB, 0x4C,
    0x7F, 0xB2, 0x9E, 0x9B, 0xFB, 0x61, 0x6E, 0x86, 0x53, 0x73, 0x13, 0xD8, 0x36, 0x2D, 0x9B, 0xA6,
    0x61, 0xA6, 0x95, 0x5A, 0xF1, 0x4E, 0x83, 0xBD, 0xD5, 0x60, 0x1E, 0x36, 0x5B, 0x89, 0xC4, 0x1B,
    0x21, 0x2D, 0x6C, 0x51, 0x89, 0xF4, 0x1B, 0x1A, 0x3D, 0x67, 0xA6, 0x98, 0x8A, 0x6B, 0x6D, 0xEC,
    0x5F, 0xCF, 0x8E, 0xDB, 0x90, 0x05, 0x95, 0x04, 0x3D, 0x19, 0x40, 0xC4, 0x9B, 0x21, 0x0D, 0x59,
    0xE0, 0x46, 0xDE, 0x72, 0xDE, 0x36, 0x9C, 0xD7, 0xE3, 0xB3, 0x2B, 0x19, 0x89, 0x99, 0x6E, 0xFA,
    0xDC, 0x4D, 0x98, 0x66, 0xB0, 0x09, 0x9C, 0xD7, 0xDE, 0xD2, 0x5A, 0x30, 0x22, 0xBD, 0x9D, 0x02,
    0x12, 0xA7, 0x90, 0x2D, 0xA2, 0x36, 0xC2, 0xFF, 0xC3, 0x77, 0xCB, 0x3B, 0xB3, 0xD1, 0x2D, 0x65,
    0xAC, 0xA5, 0x5D, 0xDD, 0xAD, 0x87, 0xD7, 0xD7, 0x2B, 0x6C, 0xA0, 0xBB, 0x49, 0xDE, 0xD0, 0xEF,
    0x92, 0x7B, 0x96, 0xCB, 0x49, 0x1B, 0xA5, 0x8C, 0x52, 0x45, 0x59, 0x45, 0x79, 0x1C, 0x4D, 0xBE,
    0x88, 0x9A, 0x8F, 0xA3, 0xD9, 0xBB, 0x51, 0x9B, 0xAB, 0xF1, 0x77, 0x4C, 0x7F, 0x15, 0xCC, 0x39,
    0x7A, 0x55, 0x43, 0x22, 0x6D, 0x31, 0xB2, 0xBA, 0x92, 0x0A, 0x27, 0x49, 0xC5, 0x29, 0x9F, 0x79,
    0xE5, 0xB7, 0x91, 0x8F, 0xDB, 0x93, 0xD4, 0x22, 0x12, 0x0E, 0x48, 0xF7, 0x7A, 0x9D, 0xF9, 0xDD,
    0x27, 0x66, 0xBE, 0xF8, 0xA9, 0xCE, 0xEC, 0xEF, 0x95, 0xFC, 0x4B, 0xC5, 0x8C, 0x4C, 0x24, 0x23,
    0xD9, 0x1D, 0x46, 0xCA, 0x81, 0x1D, 0x64, 0x00, 0xB8, 0x2C, 0x0B, 0xD5, 0xE6, 0x3E, 0x6A, 0x9A,
    0x68, 0xDA, 0x1E, 0x7A, 0x85, 0x68, 0x13, 0xFD, 0xC3, 0x50, 0x78, 0x6B, 0x7E, 0x37, 0x54, 0xDE,
    0xE6, 0xFB, 0xCD, 0x8D, 0xC6, 0xCA, 0x3B, 0xCD, 0x75, 0x67, 0x47, 0xD3, 0x5C, 0xC7, 0x62, 0x9A,
    0x39, 0xD1, 0xCA, 0x45, 0x73, 0x1F, 0x35, 0x6D, 0x34, 0x39, 0xF0, 0x6A, 0xB4, 0xFD, 0x65, 0x2B,
    0x21, 0x1D, 0x6B, 0x2F, 0x81, 0xA1, 0x72, 0xF5, 0x57, 0x00, 0x2B, 0x69, 0xD4, 0xDD, 0x37, 0x82,
    0xBA, 0x4C, 0xBA, 0x28, 0x3D, 0xD1, 0xE5, 0x89, 0x31, 0x5A, 0x88, 0x57, 0x67, 0x17, 0xDD, 0x92,
    0x6E, 0xAE, 0xF3, 0x34, 0xA8, 0xFA, 0xA9, 0x9D, 0xA8, 0xAB, 0x16, 0xEC, 0x5E, 0xC6, 0xAE, 0x59,
    0xDA, 0x45, 0x2A, 0x2C, 0x73, 0x4F, 0xB5, 0x58, 0x9A, 0x16, 0xEB, 0xF5, 0x9D, 0x64, 0x7E, 0x99,
    0xAC, 0xA3, 0xF4, 0x57, 0xAC, 0xBA, 0xAD, 0x1F, 0x59, 0x32, 0xAB, 0x07, 0x0E, 0xBF, 0xF4, 0xBA,
    0x2B, 0xB2, 0xA1, 0x6C, 0xCB, 0xB4, 0xCB, 0x7D, 0xE5, 0x42, 0xA4, 0x55, 0x16, 0x6D, 0xD6, 0xD4,
    0x5E, 0xF9, 0x8D, 0x6F, 0xE2, 0x1D, 0x1D, 0x0E, 0x30, 0xED, 0xAD, 0xDB, 0xDE, 0xFC, 0x79, 0xFF,
    0x2F, 0xFE, 0x78, 0x96, 0xFE, 0xF5, 0xC2, 0xC3, 0x45, 0xF2, 0x90, 0xC7, 0x8B, 0x44, 0x10, 0x87,
    0xB0, 0x72, 0x8C, 0xAC, 0x60, 0xA0, 0x86, 0x9E, 0xEA, 0x90, 0x5A, 0xAE, 0x32, 0x5F, 0xC9, 0xC0,
    0x7C, 0x49, 0xED, 0x14, 0xEB, 0x95, 0x4C, 0x79, 0x5A, 0xEF, 0xDD, 0xD2, 0xFE, 0x47, 0xA4, 0x57,
    0x96, 0x4B, 0x0B, 0x9D, 0x92, 0xAC, 0x95, 0x3C, 0x2C, 0xAD, 0x88, 0x57, 0x06, 0xE0, 0xC4, 0x75,
    0xA5, 0x0E, 0x4A, 0x19, 0x31, 0x41, 0x13, 0x71, 0x87, 0x10, 0x2F, 0xCB, 0xC7, 0x81, 0x54, 0x24,
    0x90, 0xB7, 0x45, 0xA0, 0x58, 0x64, 0x81, 0x0A, 0x33, 0xB1, 0xF3, 0x8F, 0x4C, 0xAB, 0x0B, 0xA5,
    0x68, 0xF3, 0x81, 0x5C, 0x1E, 0x09, 0xC9, 0x6A, 0x71, 0x87, 0xAF, 0xBD, 0xE2, 0x2D, 0x59, 0x1C,
    0x00, 0xE5, 0x08, 0xA9, 0x48, 0x83, 0x6D, 0x8B, 0x96, 0xCA, 0xA5, 0x0D, 0x3B, 0x00, 0xBB, 0x91,
    0xFE, 0xF0, 0xCD, 0xFE, 0x90, 0xA4, 0x83, 0x89, 0x27, 0x17, 0x88, 0x97, 0x0C, 0x91, 0x9B, 0xDA,
    0xE1, 0x2E, 0x45, 0xDC, 0x2F, 0x8B, 0xCB, 0x5C, 0x1E, 0xA8, 0xE4, 0x43, 0x69, 0x4B, 0x59, 0xAC,
    0xAE, 0x24, 0x1D, 0xE7, 0x51, 0xDE, 0x8A, 0x04, 0x25, 0xF5, 0x4A, 0xB6, 0x50, 0x2C, 0xCA, 0x0B,
    0xC4, 0x4D, 0x07, 0x22, 0x7A, 0xB9, 0x42, 0xA9, 0x9C, 0x52, 0x7A, 0xC5, 0xB6, 0x4A, 0x16, 0x14,
    0xD3, 0x29, 0xC9, 0xA0, 0xB0, 0x62, 0x43, 0x5C, 0xD5, 0x56, 0xE2, 0xCB, 0x4E, 0x3F, 0x26, 0x44,
    0x38, 0xFD, 0xFA, 0x83, 0x4B, 0x60, 0x5A, 0x8E, 0xB8, 0xAA, 0x7C, 0x1E, 0x14, 0x59, 0x28, 0x03,
    0x60, 0x83, 0x52, 0xB7, 0x5B, 0x98, 0x87, 0x7F, 0x0C, 0x98, 0x7D, 0xF1, 0xD3, 0x42, 0x7E, 0xB8,
    0x00, 0xE9, 0x63, 0xC5, 0xDC, 0x52, 0x12, 0xA3, 0x70, 0xC4, 0xD1, 0x43, 0xB9, 0x53, 0xA9, 0x24,
    0xEE, 0xC9, 0x0B, 0xEE, 0x72, 0x00, 0x20, 0xED, 0xA2, 0x9B, 0xEC, 0xAA, 0xCC, 0x99, 0xA9, 0x2C,
    0x29, 0x55, 0x3A, 0x8A, 0xE9, 0xE0, 0x80, 0x35, 0xF1, 0x90, 0x04, 0xE2, 0x30, 0x0D, 0x94, 0x7C,
    0xCF, 0x99, 0x96, 0x2A, 0x95, 0x10, 0x9F, 0xDD, 0xF9, 0x9F, 0xFA, 0xCC, 0xB3, 0xB4, 0x6E, 0x9E,
    0x79, 0xBD, 0x05, 0xCC, 0x73, 0x9F, 0x85, 0x19, 0x73, 0xBB, 0x28, 0xFD, 0xA6, 0xCE, 0x7F, 0x26,
    0xEC, 0xA4, 0xEB, 0x42, 0x3A, 0x6A, 0x69, 0xCB, 0xD1, 0xB1, 0x92, 0x05, 0x40, 0x77, 0x2A, 0xCA,
    0x3A, 0x42, 0x32, 0xFD, 0x4D, 0xD3, 0xA1, 0x8D, 0x62, 0xA6, 0x43, 0xC3, 0xF4, 0xAA, 0x1B, 0x90,
    0x35, 0x69, 0xE8, 0x75, 0x38, 0x3F, 0xAE, 0xBD, 0xA1, 0xB3, 0x35, 0x49, 0x08, 0xF0, 0xA0, 0x85,
    0xC7, 0x0D, 0xD4, 0x0B, 0xA8, 0xC0, 0x69, 0xBE, 0x76, 0x69, 0x10, 0x6F, 0xFE, 0xF6, 0xB9, 0xB7,
    0xB2, 0xDF, 0x16, 0xD5, 0xDB, 0x61, 0x66, 0x59, 0xCF, 0xFF, 0x97, 0x0E, 0x58, 0x6A, 0xF3, 0xE3,
    0xE2, 0x6C, 0x15, 0xE2, 0xE7, 0x2B, 0x19, 0x1D, 0x1B, 0x22, 0x2D, 0xF4, 0xF9, 0x5A, 0x49, 0x7A,
    0x2A, 0x11, 0x09, 0x07, 0xD0, 0xB3, 0xCD, 0x11, 0x4F, 0x2C, 0xA4, 0x3D, 0xC4, 0x13, 0xC5, 0xC5,
    0x55, 0xFE, 0x29, 0xF1, 0xDF, 0x4A, 0x2A, 0x09, 0x40, 0xE2, 0x0F, 0xCB, 0x65, 0xC1, 0x4A, 0xD6,
    0xE9, 0xA3, 0x8F, 0xFA, 0xEC, 0xB6, 0xEF, 0xEC, 0x9E, 0xA7, 0xB8, 0xE0, 0xA9, 0x92, 0xE3, 0xEA,
    0xA3, 0x3E, 0x1B, 0xEB, 0xE4, 0xE3, 0xAE, 0x4A, 0xF6, 0x43, 0x75, 0x41, 0xFB, 0xF1, 0x7E, 0x28,
    0xF6, 0xF6, 0x83, 0xBD, 0xBD, 0x1F, 0xB2, 0x71, 0xBF, 0x4B, 0x44, 0x3A, 0x36, 0x46, 0x77, 0xB4,
    0x37, 0x0E, 0xD2, 0x35, 0x60, 0x3A, 0x25, 0xEB, 0x95, 0x7C, 0x50, 0x6C, 0xAD, 0x14, 0x85, 0x52,
    0x59, 0x07, 0x9B, 0xD6, 0xB3, 0x12, 0x91, 0xE6, 0x00, 0xD6, 0x26, 0x90, 0x86, 0x64, 0xCD, 0xF1,
    0x2C, 0xF7, 0x6C, 0x63, 0x17, 0xCC, 0x28, 0x1C, 0x25, 0x25, 0x7A, 0x9C, 0x81, 0xF5, 0xDB, 0x90,
    0xFB, 0x7E, 0xFA, 0xDA, 0x48, 0x56, 0x23, 0x99, 0x48, 0x63, 0xEE, 0x6C, 0x84, 0xE9, 0x37, 0x77,
    0x87, 0x25, 0x6B, 0xDD, 0x67, 0x8C, 0x91, 0x88, 0xA3, 0x5C, 0x93, 0x8E, 0x8E, 0xB8, 0x77, 0x9C,
    0x15, 0x40, 0x39, 0x55, 0x2C, 0xC0, 0xDE, 0x49, 0x6E, 0xE8, 0x3E, 0x1D, 0x2B, 0x69, 0x48, 0xB6,
    0x80, 0xB3, 0xDA, 0x39, 0xED, 0x45, 0x28, 0x47, 0x52, 0x11, 0x97, 0x37, 0xB2, 0x28, 0x2E, 0x7C,
    0x46, 0x95, 0x7A, 0x66, 0xC6, 0x31, 0xCB, 0x60, 0x27, 0xD7, 0x4E, 0x42, 0xF5, 0xBC, 0x76, 0x16,
    0xCA, 0x0E, 0x6C, 0x97, 0x2D, 0x74, 0x2F, 0x90, 0x3B, 0xD0, 0x40, 0xEA, 0xC1, 0x68, 0xB8, 0x04,
    0x92, 0x26, 0x73, 0xA4, 0x4D, 0xEE, 0x30, 0x8D, 0x75, 0xE4, 0x8F, 0x3E, 0xB8, 0x77, 0xF0, 0x04,
    0xF2, 0xCF, 0xDD, 0xFD, 0xE0, 0x3D, 0x67, 0x9A, 0xC2, 0xF1, 0x6F, 0x61, 0x8F, 0xF1, 0x4A, 0x2E,
    0xDE, 0x34, 0xA9, 0x78, 0xE0, 0x59, 0xA6, 0x57, 0x2E, 0x2D, 0xD4, 0x32, 0xC0, 0x90, 0x2C, 0x31,
    0x81, 0x27, 0x1E, 0x02, 0x81, 0xE9, 0x7E, 0x31, 0x3A, 0xA5, 0x8E, 0xA7, 0xB9, 0x1C, 0x9C, 0x86,
    0xE9, 0xAB, 0x83, 0xDD, 0xFF, 0x7B, 0xFA, 0xED, 0xAB, 0xB3, 0x97, 0x7E, 0xFD, 0xE5, 0xB2, 0xFC,
    0x61, 0xB3, 0x3E, 0xFB, 0x8D, 0x97, 0xFC, 0xB5, 0x33, 0x9B, 0x85, 0xBF, 0xF6, 0x7C, 0x9F, 0x8D,
    0x0F, 0x2E, 0x87, 0xF4, 0xBE, 0x88, 0x4B, 0xFD, 0xAF, 0xBE, 0x4F, 0xAA, 0x0B, 0xE0, 0x4E, 0x3D,
    0x45, 0x7C, 0x5C, 0xAD, 0xB4, 0xD3, 0x97, 0x2E, 0xBD, 0x06, 0x10, 0x8F, 0xF1, 0x3A, 0x46, 0xD6,
    0xF0, 0xDF, 0xA4, 0x7B, 0x76, 0xB1, 0xD3, 0x6F, 0x04, 0xA0, 0xD7, 0xB6, 0x8F, 0x66, 0xF1, 0x3C,
    0xCE, 0x30, 0x6B, 0x9D, 0x2D, 0xB4, 0x26, 0x9E, 0x4F, 0xCF, 0xE6, 0xD8, 0x30, 0x3D, 0x8E, 0x6B,
    0xAD, 0x8A, 0xB5, 0x60, 0x43, 0x25, 0x81, 0x52, 0x1A, 0xE8, 0x99, 0x3A, 0xA1, 0xED, 0xC0, 0xB8,
    0x06, 0x59, 0x90, 0xF6, 0x50, 0xF4, 0x4F, 0xF3, 0xCD, 0x7E, 0x9B, 0x53, 0xD2, 0x82, 0xB8, 0x78,
    0x53, 0x28, 0xB5, 0x73, 0x1A, 0x87, 0x9D, 0xD5, 0xCE, 0x6F, 0x88, 0xF4, 0x95, 0x48, 0x37, 0xDD,
    0xF7, 0x75, 0x74, 0xB6, 0x1B, 0xFD, 0x51, 0x11, 0xBD, 0x6E, 0xA3, 0x37, 0xA2, 0xCC, 0xBE, 0xF3,
    0xDE, 0xA5, 0x2D, 0x0A, 0x11, 0x19, 0x49, 0x3E, 0xB8, 0xF7, 0xFE, 0xCA, 0x63, 0x21, 0x6D, 0xA3,
    0x04, 0x6C, 0x02, 0xD7, 0xB0, 0xF6, 0xE2, 0x42, 0xAD, 0xEF, 0xB7, 0xEA, 0x83, 0xFE, 0xA6, 0xAE,
    0x36, 0x6F, 0x16, 0x9E, 0xD2, 0x03, 0xAC, 0xA2, 0xFC, 0x3C, 0x44, 0x19, 0x38, 0xA5, 0xD6, 0x12,
    0xA6, 0x6F, 0x1C, 0x78, 0x4A, 0x33, 0xEE, 0xB8, 0x4C, 0x2B, 0x03, 0xC8, 0x80, 0xF9, 0xFC, 0x32,
    0xD9, 0xFE, 0xB7, 0x5C, 0xFE, 0xCE, 0xAB, 0xDE, 0xBE, 0x72, 0xD1, 0x17, 0xE6, 0x95, 0xA6, 0x34,
    0xAF, 0xB4, 0x5A, 0xA8, 0xCC, 0xCB, 0x61, 0x76, 0xD4, 0x85, 0xF5, 0x8E, 0xB6, 0x7D, 0x58, 0xB7,
    0xAB, 0x55, 0x22, 0xCD, 0x86, 0x48, 0x47, 0x9F, 0x0C, 0xF4, 0xD4, 0x5A, 0x35, 0xB5, 0x13, 0x67,
    0xF1, 0x0E, 0x68, 0xCD, 0xD7, 0xFE, 0x8F, 0xDC, 0xC7, 0x8E, 0x66, 0x53, 0x27, 0x46, 0x47, 0x25,
    0x2D, 0x24, 0xCE, 0x41, 0xBA, 0xD7, 0x80, 0xB9, 0xA7, 0x14, 0xD2, 0x81, 0x7C, 0x21, 0xCE, 0x3C,
    0xDE, 0xBB, 0xDF, 0xE4, 0x9F, 0xEE, 0xDD, 0x0A, 0xF6, 0xED, 0xBD, 0xA6, 0x2B, 0x5F, 0xDE, 0x6B,
    0x96, 0x95, 0xBE, 0x6F, 0x3B, 0x32, 0x9B, 0x1D, 0x03, 0x50, 0x45, 0xCA, 0x48, 0xE1, 0x14, 0xEB,
    0x15, 0xD3, 0x2A, 0x49, 0xA7, 0x50, 0x5F, 0x81, 0x5C, 0x44, 0xD6, 0x07, 0x24, 0x9F, 0x78, 0x92,
    0x4F, 0x9B, 0x18, 0x95, 0xB4, 0xDA, 0xC0, 0xEC, 0xDB, 0xE2, 0x36, 0x29, 0xFC, 0x26, 0x56, 0xCB,
    0xE3, 0x31, 0xB6, 0xD8, 0xA4, 0xA6, 0x92, 0x2E, 0xC6, 0x2C, 0x59, 0xB9, 0xC3, 0x79, 0xD6, 0x6C,
    0x62, 0xDA, 0x58, 0x3C, 0x8F, 0xB3, 0x59, 0x72, 0xF0, 0x20, 0xA7, 0x92, 0xF5, 0xB4, 0xB7, 0xF6,
    0x49, 0x03, 0x97, 0x3B, 0x23, 0xA3, 0x7D, 0xF0, 0x83, 0xD2, 0x51, 0xC1, 0x36, 0xCC, 0x61, 0x39,
    0xFD, 0xC4, 0xCB, 0x19, 0x71, 0x5E, 0x34, 0xFF, 0x93, 0xC9, 0xC8, 0x6A, 0x20, 0x71, 0x40, 0x2D,
    0xA3, 0xFE, 0x9C, 0xBE, 0xF4, 0xDA, 0xDF, 0x01, 0x64, 0xCE, 0x01, 0x66, 0xC3, 0x50, 0x00, 0xC6,
    0xF1, 0x5F, 0x3B, 0x14, 0x45, 0x60, 0x40, 0xD9, 0x3B, 0xC1, 0x96, 0x0B, 0x34, 0x5B, 0x6E, 0x34,
    0x80, 0xA1, 0x24, 0x47, 0xD8, 0x61, 0x86, 0xC1, 0xF6, 0xDE, 0x11, 0x72, 0x84, 0xA0, 0x07, 0x18,
    0x82, 0xA0, 0xEB, 0xDB, 0xAB, 0xA6, 0x60, 0x3E, 0x1F, 0xFC, 0xC0, 0xFF, 0x25, 0xE7, 0xF6, 0x72,
    0x3C, 0x61, 0x8F, 0x89, 0xD5, 0xC8, 0x5D, 0xA2, 0x2A, 0xFE, 0xB0, 0xF0, 0x47, 0xE1, 0x9F, 0x2B,
    0x6F, 0x7B, 0x2A, 0x34, 0x78, 0x43, 0xE1, 0xF5, 0xC0, 0x66, 0xE1, 0x47, 0x1C, 0x10, 0x86, 0x6E,
    0x8A, 0xA7, 0x5C, 0x16, 0x4F, 0xDD, 0x14, 0x86, 0xED, 0x58, 0xB5, 0xF5, 0x6F, 0xA5, 0x09, 0xD9,
    0x7E, 0x3D, 0x03, 0xF8, 0xEF, 0x01, 0x0D, 0x3E, 0xDD, 0xFA, 0x6C, 0xFB, 0x2B, 0x3F, 0xE3, 0xC0,
    0xCD, 0x37, 0x4B, 0x65, 0x8D, 0x7B, 0xA0, 0x65, 0x97, 0xAC, 0x73, 0x12, 0x67, 0xE1, 0x4C, 0x7C,
    0xE7, 0x1B, 0xDD, 0xAC, 0xF0, 0xC8, 0x2E, 0xB7, 0xBC, 0x26, 0x56, 0x3D, 0xC4, 0x9C, 0xD3, 0xE5,
    0x05, 0x7D, 0x21, 0x1E, 0xD9, 0xE4, 0x9E, 0xFA, 0x8C, 0x98, 0x08, 0x49, 0x81, 0x55, 0x3E, 0xEA,
    0xFE, 0xF6, 0x13, 0x28, 0x02, 0x54, 0xB8, 0x00, 0x28, 0x83, 0xAC, 0x17, 0x00, 0xBD, 0x92, 0x21,
    0x4C, 0xC3, 0x40, 0x14, 0x86, 0xBF, 0x16, 0x42, 0x43, 0x48, 0x98, 0xC1, 0xE3, 0x55, 0xBD, 0xD9,
    0x15, 0xBC, 0x40, 0xE0, 0x31, 0x78, 0x2C, 0x62, 0xB4, 0xF3, 0x1E, 0x6F, 0xF0, 0x1A, 0xD1, 0x65,
    0xF5, 0x98, 0x7A, 0x35, 0x0D, 0x66, 0x24, 0x25, 0x39, 0xC8, 0x2D, 0xC7, 0xFB, 0x73, 0x24, 0xAB,
    0x21, 0x59, 0xC8, 0xC2, 0xC4, 0xF7, 0xA7, 0x97, 0x97, 0x7B, 0x5F, 0xF6, 0x1F, 0x59, 0xEC, 0xEF,
    0x3C, 0x9C, 0x47, 0xFB, 0x41, 0x63, 0x9F, 0x0D, 0x04, 0x1C, 0xC7, 0xE0, 0x2D, 0x20, 0xF3, 0x4C,
    0xB7, 0xE1, 0x34, 0xD8, 0x51, 0xA6, 0xC8, 0x3D, 0x35, 0x90, 0xED, 0x2F, 0xA4, 0x72, 0x19, 0x57,
    0xD8, 0x86, 0x97, 0x38, 0xE8, 0xD4, 0x3E, 0xEC, 0x2C, 0x40, 0x9D, 0x6F, 0xA4, 0x76, 0xAF, 0x41,
    0x46, 0x90, 0x12, 0xA5, 0x90, 0xCB, 0x58, 0xA2, 0x3B, 0xA2, 0x1E, 0x41, 0x6B, 0x7B, 0x2D, 0x5D,
    0x93, 0xC7, 0x37, 0xF4, 0x8F, 0x40, 0x9D, 0x19, 0x02, 0x8D, 0x46, 0xDC, 0x08, 0x2E, 0x06, 0x67,
    0x2B, 0xBD, 0x23, 0xAD, 0xFC, 0x13, 0xC6, 0x2B, 0x55, 0xC3, 0x27, 0xA9, 0x86, 0x2A, 0xD5, 0x50,
    0xA1, 0x1A, 0x4E, 0x7F, 0xAD, 0x41, 0x05, 0x94, 0x29, 0x54, 0x03, 0x93, 0x2E, 0xDB, 0x67, 0x48,
    0x6E, 0xB5, 0xF4, 0xD2, 0x7B, 0x8F, 0x01, 0x19, 0x59, 0xE1, 0x12, 0xB4, 0x90, 0x60, 0xD9, 0x49,
    0xD0, 0x26, 0xF1, 0x28, 0x64, 0xB6, 0x0D, 0xA7, 0xC1, 0x89, 0x04, 0x15, 0xFF, 0x20, 0x78, 0x06,
    0x14, 0x71, 0xC0, 0x14, 0x37, 0xE0, 0x68, 0xE0, 0x81, 0x49, 0xC5, 0x4C, 0x68, 0x13, 0x9A, 0xD7,
    0x79, 0x9B, 0x99, 0x7F, 0xCB, 0xCD, 0x63, 0x95, 0xCE, 0x76, 0xC7, 0x5C, 0xE8, 0x0C, 0x85, 0x2E,
    0xC8, 0x63, 0x07, 0x1C, 0x02, 0x5C, 0x09, 0x27, 0x56, 0x9B, 0x6A, 0xE9, 0x81, 0xC5, 0xC1, 0x1A,
    0xF0, 0x99, 0x38, 0x88, 0x3C, 0x1B, 0xF3, 0x18, 0x8A, 0xAF, 0x27, 0x7B, 0xC9, 0xA5, 0x3D, 0x9E,
    0x8B, 0xF6, 0xE8, 0xE3, 0x7A, 0x06, 0x76, 0x9E, 0x58, 0x23, 0x96, 0x2B, 0xA3, 0xEE, 0x32, 0xB2,
    0x5C, 0x8B, 0x45, 0x10, 0x59, 0x88, 0x4C, 0x7F, 0x38, 0x70, 0xCB, 0x82, 0x40, 0x13, 0x3D, 0x4B,
    0xBB, 0xB0, 0xA7, 0x0C, 0xF2, 0xA0, 0xFA, 0x06, 0x62, 0x80, 0x03, 0x13, 0x40, 0xC9, 0x72, 0x60,
    0xC1, 0x40, 0x0C, 0x85, 0x71, 0xFC, 0x8B, 0x20, 0x08, 0xD2, 0x0D, 0x6E, 0x84, 0x8E, 0x90, 0x6C,
    0xD2, 0x35, 0x0A, 0xD5, 0x9B, 0xA2, 0xB3, 0x14, 0x68, 0x47, 0xC8, 0x08, 0xD7, 0x1D, 0x82, 0xC3,
    0xE5, 0x7D, 0xFD, 0x9E, 0xFB, 0x78, 0xFE, 0xF8, 0x79, 0x67, 0x26, 0x7C, 0x91, 0xCD, 0x53, 0xD8,
    0x3D, 0x95, 0xC3, 0x63, 0x2F, 0xC7, 0xD8, 0x51, 0x9B, 0xE8, 0x8B, 0x22, 0xAC, 0xBF, 0x77, 0x16,
    0x92, 0x47, 0x9A, 0x88, 0x4A, 0x66, 0x2B, 0xE4, 0xD0, 0x67, 0x25, 0xFB, 0x95, 0xE3, 0x49, 0xB6,
    0x0F, 0xF7, 0x85, 0x26, 0xDE, 0x12, 0x2D, 0x91, 0x6B, 0xA0, 0x65, 0x1A, 0x20, 0xE4, 0x0E, 0x2C,
    0x14, 0x01, 0x69, 0x26, 0xAE, 0x40, 0x38, 0xA2, 0x41, 0x7B, 0x44, 0x91, 0xF0, 0xB6, 0x79, 0x44,
    0x9E, 0x20, 0xF2, 0xDD, 0xCF, 0x5C, 0x74, 0x7F,
};

static const EpdGlyph libron_14_regularGlyphs[] = {
    { 0, 0, 0, 0, 0, 0, 0 }, // U+0000
    { 0, 0, 121, 0, 0, 0, 0 }, // U+000D
    { 0, 0, 112, 0, 0, 0, 0 }, // U+0020
    { 5, 21, 139, 2, 21, 27, 0 }, // !
    { 9, 8, 181, 1, 21, 18, 27 }, // "
    { 17, 21, 282, 0, 21, 90, 45 }, // #
    { 14, 26, 256, 1, 23, 91, 135 }, // $
    { 22, 21, 381, 1, 21, 116, 226 }, // %
    { 21, 21, 355, 1, 21, 111, 342 }, // &
    { 4, 8, 103, 1, 21, 8, 453 }, // '
    { 8, 26, 150, 1, 22, 52, 461 }, // (
    { 8, 26, 150, 0, 22, 52, 513 }, // )
    { 11, 12, 202, 1, 22, 33, 565 }, // *
    { 13, 12, 245, 1, 13, 39, 598 }, // +
    { 6, 10, 120, 0, 4, 15, 637 }, // ,
    { 8, 2, 176, 1, 8, 4, 652 }, // -
    { 5, 5, 119, 1, 5, 7, 656 }, // .
    { 12, 21, 194, 0, 21, 63, 663 }, // /
    { 17, 21, 302, 1, 21, 90, 726 }, // 0
    { 12, 21, 202, 0, 21, 63, 816 }, // 1
    { 15, 21, 274, 1, 21, 79, 879 }, // 2
    { 14, 21, 261, 1, 21, 74, 958 }, // 3
    { 17, 21, 288, 0, 21, 90, 1032 }, // 4
    { 15, 21, 252, 0, 21, 79, 1122 }, // 5
    { 15, 22, 267, 1, 22, 83, 1201 }, // 6
    { 15, 21, 249, 1, 21, 79, 1284 }, // 7
    { 15, 21, 277, 1, 21, 79, 1363 }, // 8
    { 15, 21, 266, 1, 21, 79, 1442 }, // 9
    { 6, 15, 131, 1, 15, 23, 1521 }, // :
    { 6, 21, 135, 1, 15, 32, 1544 }, // ;
    { 13, 15, 245, 1, 15, 49, 1576 }, // <
    { 13, 8, 245, 1, 11, 26, 1625 }, // =
    { 13, 15, 245, 1, 15, 49, 1651 }, // >
    { 15, 21, 249, 0, 21, 79, 1700 }, // ?
    { 24, 25, 416, 1, 21, 150, 1779 }, // @
    { 21, 21, 357, 1, 21, 111, 1929 }, // A
    { 18, 21, 320, 1, 21, 95, 2040 }, // B
    { 19, 21, 336, 1, 21, 100, 2135 }, // C
    { 21, 21, 365, 1, 21, 111, 2235 }, // D
    { 17, 21, 302, 1, 21, 90, 2346 }, // E
    { 16, 21, 279, 1, 21, 84, 2436 }, // F
    { 19, 21, 345, 1, 21, 100, 2520 }, // G
    { 22, 21, 391, 1, 21, 116, 2620 }, // H
    { 9, 21, 178, 1, 21, 48, 2736 }, // I
    { 14, 21, 239, 0, 21, 74, 2784 }, // J
    { 22, 21, 362, 1, 21, 116, 2858 }, // K
    { 16, 21, 283, 1, 21, 84, 2974 }, // L
    { 28, 21, 478, 1, 21, 147, 3058 }, // M
    { 22, 21, 379, 1, 21, 116, 3205 }, // N
    { 21, 21, 368, 1, 21, 111, 3321 }, // O
    { 18, 21, 305, 1, 21, 95, 3432 }, // P
    { 21, 27, 368, 1, 21, 142, 3527 }, // Q
    { 20, 21, 332, 1, 21, 105, 3669 }, // R
    { 15, 21, 282, 1, 21, 79, 3774 }, // S
    { 18, 21, 317, 1, 21, 95, 3853 }, // T
    { 23, 21, 371, 0, 21, 121, 3948 }, // U
    { 23, 21, 350, -1, 21, 121, 4069 }, // V
    { 30, 21, 484, 0, 21, 158, 4190 }, // W
    { 23, 21, 363, 0, 21, 121, 4348 }, // X
    { 21, 21, 339, 0, 21, 111, 4469 }, // Y
    { 17, 21, 304, 1, 21, 90, 4580 }, // Z
    { 8, 25, 166, 2, 22, 50, 4670 }, // [
    { 12, 21, 194, 0, 21, 63, 4720 }, // <backslash>
    { 8, 25, 166, 0, 22, 50, 4783 }, // ]
    { 13, 12, 245, 1, 21, 39, 4833 }, // ^
    { 12, 2, 182, 0, -3, 6, 4872 }, // _
    { 7, 5, 222, 1, 21, 9, 4878 }, // `
    { 15, 16, 260, 1, 16, 60, 4887 }, // a
    { 16, 23, 278, 0, 23, 92, 4947 }, // b
    { 13, 16, 235, 1, 16, 52, 5039 }, // c
    { 17, 24, 296, 1, 23, 102, 5091 }, // d
    { 14, 16, 248, 1, 16, 56, 5193 }, // e
    { 16, 23, 195, 0, 23, 92, 5249 }, // f
    { 16, 23, 262, 0, 16, 92, 5341 }, // g
    { 19, 23, 299, 0, 23, 110, 5433 }, // h
    { 8, 23, 152, 1, 23, 46, 5543 }, // i
    { 9, 30, 128, -2, 23, 68, 5589 }, // j
    { 18, 24, 298, 0, 24, 108, 5657 }, // k
    { 9, 24, 146, 0, 24, 54, 5765 }, // l
    { 27, 16, 439, 0, 16, 108, 5819 }, // m
    { 19, 18, 303, 0, 18, 86, 5927 }, // n
    { 15, 16, 274, 1, 16, 60, 6013 }, // o
    { 17, 23, 295, 0, 16, 98, 6073 }, // p
    { 17, 23, 288, 1, 16, 98, 6171 }, // q
    { 13, 16, 214, 0, 16, 52, 6269 }, // r
    { 12, 16, 227, 1, 16, 48, 6321 }, // s
    { 12, 20, 190, 0, 20, 60, 6369 }, // t
    { 17, 16, 285, 0, 16, 68, 6429 }, // u
    { 18, 16, 290, 0, 16, 72, 6497 }, // v
    { 24, 16, 391, 0, 16, 96, 6569 }, // w
    { 17, 16, 275, 0, 16, 68, 6665 }, // x
    { 18, 22, 282, 0, 16, 99, 6733 }, // y
    { 13, 16, 236, 1, 16, 52, 6832 }, // z
    { 10, 26, 165, 0, 22, 65, 6884 }, // {
    { 4, 30, 128, 2, 23, 30, 6949 }, // |
    { 10, 26, 165, 0, 22, 65, 6979 }, // }
    { 13, 4, 245, 1, 9, 13, 7044 }, // ~
    { 0, 0, 112, 0, 0, 0, 0 }, // U+00A0
    { 6, 21, 132, 1, 15, 32, 0 }, // U+00A1
    { 13, 21, 244, 1, 21, 69, 32 }, // U+00A2
    { 15, 21, 283, 1, 21, 79, 101 }, // U+00A3
    { 11, 12, 239, 2, 13, 33, 180 }, // U+00A4
    { 20, 21, 332, 0, 21, 105, 213 }, // U+00A5
    { 4, 29, 128, 2, 22, 29, 318 }, // U+00A6
    { 15, 25, 275, 1, 21, 94, 347 }, // U+00A7
    { 10, 3, 222, 2, 20, 8, 441 }, // U+00A8
    { 21, 21, 377, 1, 21, 111, 449 }, // U+00A9
    { 11, 15, 224, 2, 23, 42, 560 }, // U+00AA
    { 15, 14, 264, 1, 14, 53, 602 }, // U+00AB
    { 13, 8, 245, 1, 11, 26, 655 }, // U+00AC
    { 8, 2, 176, 1, 8, 4, 681 }, // U+00AD
    { 14, 13, 256, 1, 21, 46, 685 }, // U+00AE
    { 10, 2, 222, 2, 20, 5, 731 }, // U+00AF
    { 9, 9, 174, 1, 21, 21, 736 }, // U+00B0
    { 13, 14, 245, 1, 14, 46, 757 }, // U+00B1
    { 10, 11, 175, 0, 20, 28, 803 }, // U+00B2
    { 9, 11, 165, 1, 20, 25, 831 }, // U+00B3
    { 7, 5, 222, 5, 21, 9, 856 }, // U+00B4
    { 16, 23, 299, 2, 16, 92, 865 }, // U+00B5
    { 18, 25, 296, 0, 21, 113, 957 }, // U+00B6
    { 6, 5, 126, 1, 10, 8, 1070 }, // U+00B7
    { 7, 8, 222, 3, 1, 14, 1078 }, // U+00B8
    { 9, 11, 144, 0, 20, 25, 1092 }, // U+00B9
    { 12, 15, 227, 1, 23, 45, 1117 }, // U+00BA
    { 15, 14, 270, 1, 14, 53, 1162 }, // U+00BB
    { 23, 21, 369, 0, 21, 121, 1215 }, // U+00BC
    { 23, 21, 375, 0, 21, 121, 1336 }, // U+00BD
    { 21, 21, 365, 1, 21, 111, 1457 }, // U+00BE
    { 14, 21, 246, 1, 15, 74, 1568 }, // U+00BF
    { 21, 28, 357, 1, 28, 147, 1642 }, // U+00C0
    { 21, 28, 357, 1, 28, 147, 1789 }, // U+00C1
    { 21, 28, 357, 1, 28, 147, 1936 }, // U+00C2
    { 21, 27, 357, 1, 27, 142, 2083 }, // U+00C3
    { 21, 26, 357, 1, 26, 137, 2225 }, // U+00C4
    { 21, 27, 357, 1, 27, 142, 2362 }, // U+00C5
    { 31, 21, 501, -1, 21, 163, 2504 }, // U+00C6
    { 19, 29, 336, 1, 22, 138, 2667 }, // U+00C7
    { 17, 28, 302, 1, 28, 119, 2805 }, // U+00C8
    { 17, 28, 302, 1, 28, 119, 2924 }, // U+00C9
    { 17, 28, 302, 1, 28, 119, 3043 }, // U+00CA
    { 17, 26, 302, 1, 26, 111, 3162 }, // U+00CB
    { 10, 28, 178, 0, 28, 70, 3273 }, // U+00CC
    { 10, 28, 178, 1, 28, 70, 3343 }, // U+00CD
    { 11, 28, 178, 0, 28, 77, 3413 }, // U+00CE
    { 11, 26, 178, 0, 26, 72, 3490 }, // U+00CF
    { 21, 21, 366, 1, 21, 111, 3562 }, // U+00D0
    { 22, 27, 379, 1, 27, 149, 3673 }, // U+00D1
    { 21, 28, 368, 1, 28, 147, 3822 }, // U+00D2
    { 21, 28, 368, 1, 28, 147, 3969 }, // U+00D3
    { 21, 28, 368, 1, 28, 147, 4116 }, // U+00D4
    { 21, 27, 368, 1, 27, 142, 4263 }, // U+00D5
    { 21, 26, 368, 1, 26, 137, 4405 }, // U+00D6
    { 11, 12, 245, 2, 13, 33, 4542 }, // U+00D7
    { 21, 21, 376, 1, 21, 111, 4575 }, // U+00D8
    { 23, 28, 371, 0, 28, 161, 4686 }, // U+00D9
    { 23, 28, 371, 0, 28, 161, 4847 }, // U+00DA
    { 23, 28, 371, 0, 28, 161, 5008 }, // U+00DB
    { 23, 26, 371, 0, 26, 150, 5169 }, // U+00DC
    { 21, 28, 339, 0, 28, 147, 5319 }, // U+00DD
    { 18, 21, 311, 1, 21, 95, 5466 }, // U+00DE
    { 20, 23, 334, 0, 23, 115, 5561 }, // U+00DF
    { 15, 23, 260, 1, 23, 87, 5676 }, // U+00E0
    { 15, 23, 260, 1, 23, 87, 5763 }, // U+00E1
    { 15, 23, 260, 1, 23, 87, 5850 }, // U+00E2
    { 15, 22, 260, 1, 22, 83, 5937 }, // U+00E3
    { 15, 22, 260, 1, 22, 83, 6020 }, // U+00E4
    { 15, 23, 260, 1, 23, 87, 6103 }, // U+00E5
    { 22, 16, 390, 1, 16, 88, 6190 }, // U+00E6
    { 13, 24, 238, 1, 16, 78, 6278 }, // U+00E7
    { 14, 23, 248, 1, 23, 81, 6356 }, // U+00E8
    { 14, 23, 248, 1, 23, 81, 6437 }, // U+00E9
    { 14, 23, 248, 1, 23, 81, 6518 }, // U+00EA
    { 14, 22, 248, 1, 22, 77, 6599 }, // U+00EB
    { 10, 23, 152, -1, 23, 58, 6676 }, // U+00EC
    { 9, 23, 152, 1, 23, 52, 6734 }, // U+00ED
    { 11, 23, 152, -1, 23, 64, 6786 }, // U+00EE
    { 11, 22, 152, -1, 22, 61, 6850 }, // U+00EF
    { 15, 24, 281, 1, 24, 90, 6911 }, // U+00F0
    { 19, 22, 303, 0, 22, 105, 7001 }, // U+00F1
    { 15, 23, 274, 1, 23, 87, 7106 }, // U+00F2
    { 15, 23, 274, 1, 23, 87, 7193 }, // U+00F3
    { 15, 23, 274, 1, 23, 87, 7280 }, // U+00F4
    { 15, 22, 274, 1, 22, 83, 7367 }, // U+00F5
    { 15, 22, 274, 1, 22, 83, 7450 }, // U+00F6
    { 13, 14, 245, 1, 14, 46, 7533 }, // U+00F7
    { 16, 16, 286, 1, 16, 64, 7579 }, // U+00F8
    { 17, 23, 285, 0, 23, 98, 7643 }, // U+00F9
    { 17, 23, 285, 0, 23, 98, 7741 }, // U+00FA
    { 17, 23, 285, 0, 23, 98, 7839 }, // U+00FB
    { 17, 22, 285, 0, 22, 94, 7937 }, // U+00FC
    { 18, 29, 282, 0, 23, 131, 8031 }, // U+00FD
    { 18, 30, 287, -1, 23, 135, 8162 }, // U+00FE
    { 18, 28, 282, 0, 22, 126, 8297 }, // U+00FF
    { 21, 26, 357, 1, 26, 137, 0 }, // U+0100
    { 15, 22, 260, 1, 22, 83, 137 }, // U+0101
    { 21, 27, 357, 1, 27, 142, 220 }, // U+0102
    { 15, 23, 260, 1, 23, 87, 362 }, // U+0103
    { 21, 28, 357, 1, 21, 147, 449 }, // U+0104
    { 15, 24, 258, 1, 16, 90, 596 }, // U+0105
    { 19, 28, 336, 1, 28, 133, 686 }, // U+0106
    { 13, 23, 235, 1, 23, 75, 819 }, // U+0107
    { 19, 28, 336, 1, 28, 133, 894 }, // U+0108
    { 13, 23, 235, 1, 23, 75, 1027 }, // U+0109
    { 19, 27, 336, 1, 27, 129, 1102 }, // U+010A
    { 13, 23, 235, 1, 23, 75, 1231 }, // U+010B
    { 19, 28, 336, 1, 28, 133, 1306 }, // U+010C
    { 13, 23, 235, 1, 23, 75, 1439 }, // U+010D
    { 21, 28, 365, 1, 28, 147, 1514 }, // U+010E
    { 21, 25, 299, 1, 24, 132, 1661 }, // U+010F
    { 21, 21, 366, 1, 21, 111, 1793 }, // U+0110
    { 18, 23, 296, 1, 23, 104, 1904 }, // U+0111
    { 17, 26, 302, 1, 26, 111, 2008 }, // U+0112
    { 14, 22, 248, 1, 22, 77, 2119 }, // U+0113
    { 17, 27, 302, 1, 27, 115, 2196 }, // U+0114
    { 14, 23, 248, 1, 23, 81, 2311 }, // U+0115
    { 17, 27, 302, 1, 27, 115, 2392 }, // U+0116
    { 14, 23, 248, 1, 23, 81, 2507 }, // U+0117
    { 17, 28, 302, 1, 21, 119, 2588 }, // U+0118
    { 14, 23, 249, 1, 16, 81, 2707 }, // U+0119
    { 17, 28, 302, 1, 28, 119, 2788 }, // U+011A
    { 14, 23, 248, 1, 23, 81, 2907 }, // U+011B
    { 19, 28, 345, 1, 28, 133, 2988 }, // U+011C
    { 16, 30, 262, 0, 23, 120, 3121 }, // U+011D
    { 19, 27, 345, 1, 27, 129, 3241 }, // U+011E
    { 16, 30, 262, 0, 23, 120, 3370 }, // U+011F
    { 19, 27, 345, 1, 27, 129, 3490 }, // U+0120
    { 16, 30, 262, 0, 23, 120, 3619 }, // U+0121
    { 19, 28, 345, 1, 28, 133, 3739 }, // U+0122
    { 16, 31, 262, 0, 24, 124, 3872 }, // U+0123
    { 22, 28, 391, 1, 28, 154, 3996 }, // U+0124
    { 19, 31, 299, 0, 31, 148, 4150 }, // U+0125
    { 22, 21, 392, 1, 21, 116, 4298 }, // U+0126
    { 19, 23, 299, 0, 23, 110, 4414 }, // U+0127
    { 11, 27, 178, 0, 27, 75, 4524 }, // U+0128
    { 11, 22, 152, -1, 22, 61, 4599 }, // U+0129
    { 9, 26, 178, 1, 26, 59, 4660 }, // U+012A
    { 9, 22, 152, 0, 22, 50, 4719 }, // U+012B
    { 9, 27, 178, 1, 27, 61, 4769 }, // U+012C
    { 9, 23, 152, 0, 23, 52, 4830 }, // U+012D
    { 9, 28, 178, 1, 21, 63, 4882 }, // U+012E
    { 8, 31, 152, 1, 23, 62, 4945 }, // U+012F
    { 9, 27, 178, 1, 27, 61, 5007 }, // U+0130
    { 8, 16, 152, 1, 16, 32, 5068 }, // U+0131
    { 15, 27, 286, 1, 21, 102, 5100 }, // U+0132
    { 11, 29, 241, 2, 22, 80, 5202 }, // U+0133
    { 15, 28, 239, 0, 28, 105, 5282 }, // U+0134
    { 10, 31, 137, -1, 23, 78, 5387 }, // U+0135
    { 22, 28, 362, 1, 21, 154, 5465 }, // U+0136
    { 18, 32, 298, 0, 24, 144, 5619 }, // U+0137
    { 18, 16, 298, 1, 16, 72, 5763 }, // U+0138
    { 16, 28, 283, 1, 28, 112, 5835 }, // U+0139
    { 10, 31, 146, 0, 31, 78, 5947 }, // U+013A
    { 16, 28, 283, 1, 21, 112, 6025 }, // U+013B
    { 9, 32, 146, 0, 24, 72, 6137 }, // U+013C
    { 16, 21, 283, 1, 21, 84, 6209 }, // U+013D
    { 12, 24, 146, 0, 24, 72, 6293 }, // U+013E
    { 16, 21, 283, 1, 21, 84, 6365 }, // U+013F
    { 12, 24, 162, 0, 24, 72, 6449 }, // U+0140
    { 17, 21, 307, 1, 21, 90, 6521 }, // U+0141
    { 9, 23, 170, 1, 23, 52, 6611 }, // U+0142
    { 22, 28, 379, 1, 28, 154, 6663 }, // U+0143
    { 19, 23, 303, 0, 23, 110, 6817 }, // U+0144
    { 22, 28, 379, 1, 21, 154, 6927 }, // U+0145
    { 19, 26, 303, 0, 18, 124, 7081 }, // U+0146
    { 22, 28, 379, 1, 28, 154, 7205 }, // U+0147
    { 19, 23, 303, 0, 23, 110, 7359 }, // U+0148
    { 18, 21, 321, 0, 21, 95, 7469 }, // U+0149
    { 22, 28, 376, 1, 21, 154, 7564 }, // U+014A
    { 16, 24, 294, 1, 16, 96, 7718 }, // U+014B
    { 21, 26, 368, 1, 26, 137, 7814 }, // U+014C
    { 15, 22, 274, 1, 22, 83, 7951 }, // U+014D
    { 21, 27, 368, 1, 27, 142, 8034 }, // U+014E
    { 15, 23, 274, 1, 23, 87, 8176 }, // U+014F
    { 21, 28, 368, 1, 28, 147, 8263 }, // U+0150
    { 15, 23, 274, 1, 23, 87, 8410 }, // U+0151
    { 29, 21, 507, 1, 21, 153, 8497 }, // U+0152
    { 25, 16, 435, 1, 16, 100, 8650 }, // U+0153
    { 20, 28, 332, 1, 28, 140, 8750 }, // U+0154
    { 13, 23, 214, 0, 23, 75, 8890 }, // U+0155
    { 20, 28, 332, 1, 21, 140, 8965 }, // U+0156
    { 13, 24, 214, 0, 16, 78, 9105 }, // U+0157
    { 20, 28, 332, 1, 28, 140, 9183 }, // U+0158
    { 13, 23, 214, 0, 23, 75, 9323 }, // U+0159
    { 15, 28, 282, 1, 28, 105, 9398 }, // U+015A
    { 12, 23, 227, 1, 23, 69, 9503 }, // U+015B
    { 15, 28, 282, 1, 28, 105, 9572 }, // U+015C
    { 12, 23, 227, 1, 23, 69, 9677 }, // U+015D
    { 15, 29, 282, 1, 22, 109, 9746 }, // U+015E
    { 12, 24, 227, 1, 16, 72, 9855 }, // U+015F
    { 15, 28, 282, 1, 28, 105, 9927 }, // U+0160
    { 12, 23, 227, 1, 23, 69, 10032 }, // U+0161
    { 18, 28, 317, 1, 21, 126, 10101 }, // U+0162
    { 12, 28, 193, 0, 20, 84, 10227 }, // U+0163
    { 18, 28, 317, 1, 28, 126, 10311 }, // U+0164
    { 12, 25, 190, 0, 25, 75, 10437 }, // U+0165
    { 20, 22, 333, 0, 22, 110, 10512 }, // U+0166
    { 12, 19, 197, 0, 19, 57, 10622 }, // U+0167
    { 23, 27, 371, 0, 27, 156, 10679 }, // U+0168
    { 17, 22, 285, 0, 22, 94, 10835 }, // U+0169
    { 23, 26, 371, 0, 26, 150, 10929 }, // U+016A
    { 17, 22, 285, 0, 22, 94, 11079 }, // U+016B
    { 23, 27, 371, 0, 27, 156, 11173 }, // U+016C
    { 17, 23, 285, 0, 23, 98, 11329 }, // U+016D
    { 23, 27, 371, 0, 27, 156, 11427 }, // U+016E
    { 17, 23, 285, 0, 23, 98, 11583 }, // U+016F
    { 23, 28, 371, 0, 28, 161, 11681 }, // U+0170
    { 17, 23, 285, 0, 23, 98, 11842 }, // U+0171
    { 23, 28, 371, 0, 21, 161, 11940 }, // U+0172
    { 17, 24, 290, 0, 16, 102, 12101 }, // U+0173
    { 30, 28, 484, 0, 28, 210, 12203 }, // U+0174
    { 24, 23, 391, 0, 23, 138, 12413 }, // U+0175
    { 21, 28, 339, 0, 28, 147, 12551 }, // U+0176
    { 18, 29, 282, 0, 23, 131, 12698 }, // U+0177
    { 21, 26, 339, 0, 26, 137, 12829 }, // U+0178
    { 17, 28, 304, 1, 28, 119, 12966 }, // U+0179
    { 13, 23, 236, 1, 23, 75, 13085 }, // U+017A
    { 17, 27, 304, 1, 27, 115, 13160 }, // U+017B
    { 13, 23, 236, 1, 23, 75, 13275 }, // U+017C
    { 17, 28, 304, 1, 28, 119, 13350 }, // U+017D
    { 13, 23, 236, 1, 23, 75, 13469 }, // U+017E
    { 9, 23, 152, 2, 23, 52, 13544 }, // U+017F
    { 21, 25, 370, 1, 25, 132, 0 }, // U+01A0
    { 16, 20, 282, 1, 20, 80, 132 }, // U+01A1
    { 26, 25, 378, 0, 25, 163, 212 }, // U+01AF
    { 19, 20, 295, 0, 20, 95, 375 }, // U+01B0
    { 40, 28, 663, 1, 28, 280, 470 }, // U+01C4
    { 36, 21, 591, 1, 21, 189, 750 }, // U+01C5
    { 32, 24, 531, 1, 23, 192, 939 }, // U+01C6
    { 32, 21, 539, 1, 21, 168, 1131 }, // U+01C7
    { 24, 30, 428, 1, 23, 180, 1299 }, // U+01C8
    { 15, 31, 277, 0, 24, 117, 1479 }, // U+01C9
    { 37, 21, 613, 1, 21, 195, 1596 }, // U+01CA
    { 29, 30, 502, 1, 23, 218, 1791 }, // U+01CB
    { 26, 30, 441, 0, 23, 195, 2009 }, // U+01CC
    { 21, 28, 357, 1, 28, 147, 2204 }, // U+01CD
    { 15, 23, 257, 1, 23, 87, 2351 }, // U+01CE
    { 11, 28, 178, 0, 28, 77, 2438 }, // U+01CF
    { 11, 23, 152, -1, 23, 64, 2515 }, // U+01D0
    { 21, 28, 368, 1, 28, 147, 2579 }, // U+01D1
    { 15, 23, 277, 1, 23, 87, 2726 }, // U+01D2
    { 23, 28, 371, 0, 28, 161, 2813 }, // U+01D3
    { 17, 23, 290, 0, 23, 98, 2974 }, // U+01D4
    { 23, 32, 371, 0, 32, 184, 3072 }, // U+01D5
    { 17, 28, 290, 0, 28, 119, 3256 }, // U+01D6
    { 23, 34, 371, 0, 34, 196, 3375 }, // U+01D7
    { 17, 29, 290, 0, 29, 124, 3571 }, // U+01D8
    { 23, 34, 371, 0, 34, 196, 3695 }, // U+01D9
    { 17, 29, 290, 0, 29, 124, 3891 }, // U+01DA
    { 23, 34, 371, 0, 34, 196, 4015 }, // U+01DB
    { 17, 29, 290, 0, 29, 124, 4211 }, // U+01DC
    { 14, 17, 263, 1, 16, 60, 4335 }, // U+01DD
    { 21, 32, 357, 1, 32, 168, 4395 }, // U+01DE
    { 15, 28, 257, 1, 28, 105, 4563 }, // U+01DF
    { 21, 32, 357, 1, 32, 168, 4668 }, // U+01E0
    { 15, 28, 257, 1, 28, 105, 4836 }, // U+01E1
    { 31, 26, 501, -1, 26, 202, 4941 }, // U+01E2
    { 22, 22, 390, 1, 22, 121, 5143 }, // U+01E3
    { 20, 23, 340, 1, 22, 115, 5264 }, // U+01E4
    { 17, 23, 287, 1, 16, 98, 5379 }, // U+01E5
    { 19, 28, 345, 1, 28, 133, 5477 }, // U+01E6
    { 16, 30, 262, 0, 23, 120, 5610 }, // U+01E7
    { 22, 28, 362, 1, 28, 154, 5730 }, // U+01E8
    { 18, 29, 292, 0, 29, 131, 5884 }, // U+01E9
    { 21, 28, 368, 1, 21, 147, 6015 }, // U+01EA
    { 15, 24, 277, 1, 16, 90, 6162 }, // U+01EB
    { 21, 34, 368, 1, 26, 179, 6252 }, // U+01EC
    { 15, 30, 277, 1, 22, 113, 6431 }, // U+01ED
    { 15, 29, 273, 1, 28, 109, 6544 }, // U+01EE
    { 14, 30, 232, 0, 23, 105, 6653 }, // U+01EF
    { 10, 31, 137, -1, 23, 78, 6758 }, // U+01F0
    { 35, 21, 603, 2, 21, 184, 6836 }, // U+01F1
    { 32, 21, 560, 2, 21, 168, 7020 }, // U+01F2
    { 30, 24, 506, 1, 23, 180, 7188 }, // U+01F3
    { 19, 28, 365, 1, 28, 133, 7368 }, // U+01F4
    { 16, 30, 262, 0, 23, 120, 7501 }, // U+01F5
    { 23, 22, 438, 2, 21, 127, 7621 }, // U+01F6
    { 16, 29, 309, 2, 22, 116, 7748 }, // U+01F7
    { 22, 28, 376, 1, 28, 154, 7864 }, // U+01F8
    { 19, 23, 306, 0, 23, 110, 8018 }, // U+01F9
    { 21, 34, 357, 1, 34, 179, 8128 }, // U+01FA
    { 15, 30, 260, 1, 30, 113, 8307 }, // U+01FB
    { 31, 28, 501, -1, 28, 217, 8420 }, // U+01FC
    { 22, 23, 390, 1, 23, 127, 8637 }, // U+01FD
    { 21, 28, 376, 1, 28, 147, 8764 }, // U+01FE
    { 16, 23, 286, 1, 23, 92, 8911 }, // U+01FF
    { 21, 28, 357, 1, 28, 147, 9003 }, // U+0200
    { 16, 23, 260, 0, 23, 92, 9150 }, // U+0201
    { 21, 27, 357, 1, 27, 142, 9242 }, // U+0202
    { 15, 23, 260, 1, 23, 87, 9384 }, // U+0203
    { 17, 28, 302, 1, 28, 119, 9471 }, // U+0204
    { 15, 23, 248, 0, 23, 87, 9590 }, // U+0205
    { 17, 27, 302, 1, 27, 115, 9677 }, // U+0206
    { 14, 23, 248, 1, 23, 81, 9792 }, // U+0207
    { 12, 28, 178, -2, 28, 84, 9873 }, // U+0208
    { 12, 23, 152, -3, 23, 69, 9957 }, // U+0209
    { 9, 27, 178, 1, 27, 61, 10026 }, // U+020A
    { 9, 23, 152, 0, 23, 52, 10087 }, // U+020B
    { 21, 28, 368, 1, 28, 147, 10139 }, // U+020C
    { 15, 23, 274, 1, 23, 87, 10286 }, // U+020D
    { 21, 27, 368, 1, 27, 142, 10373 }, // U+020E
    { 15, 23, 274, 1, 23, 87, 10515 }, // U+020F
    { 20, 28, 332, 1, 28, 140, 10602 }, // U+0210
    { 14, 23, 214, -1, 23, 81, 10742 }, // U+0211
    { 20, 27, 332, 1, 27, 135, 10823 }, // U+0212
    { 13, 23, 214, 0, 23, 75, 10958 }, // U+0213
    { 23, 28, 371, 0, 28, 161, 11033 }, // U+0214
    { 17, 23, 285, 0, 23, 98, 11194 }, // U+0215
    { 23, 27, 371, 0, 27, 156, 11292 }, // U+0216
    { 17, 23, 285, 0, 23, 98, 11448 }, // U+0217
    { 15, 28, 282, 1, 21, 105, 11546 }, // U+0218
    { 12, 24, 227, 1, 16, 72, 11651 }, // U+0219
    { 18, 28, 317, 1, 21, 126, 11723 }, // U+021A
    { 12, 28, 190, 0, 20, 84, 11849 }, // U+021B
    { 15, 28, 268, 1, 22, 105, 11933 }, // U+021C
    { 14, 23, 232, 0, 16, 81, 12038 }, // U+021D
    { 22, 28, 391, 1, 28, 154, 12119 }, // U+021E
    { 19, 29, 299, 0, 29, 138, 12273 }, // U+021F
    { 6, 5, 0, -5, 21, 8, 0 }, // U+0300
    { 6, 5, 0, -1, 21, 8, 8 }, // U+0301
    { 10, 5, 0, -5, 21, 13, 16 }, // U+0302
    { 10, 4, 0, -5, 20, 10, 29 }, // U+0303
    { 10, 2, 0, -5, 20, 5, 39 }, // U+0304
    { 14, 3, 0, -7, 25, 11, 44 }, // U+0305
    { 10, 5, 0, -5, 21, 13, 55 }, // U+0306
    { 6, 4, 0, -3, 21, 6, 68 }, // U+0307
    { 10, 3, 0, -5, 20, 8, 74 }, // U+0308
    { 6, 6, 0, -3, 22, 9, 82 }, // U+0309
    { 6, 5, 0, -3, 21, 8, 91 }, // U+030A
    { 12, 5, 0, -4, 21, 15, 99 }, // U+030B
    { 10, 5, 0, -5, 21, 13, 114 }, // U+030C
    { 4, 6, 0, -2, 23, 6, 127 }, // U+030D
    { 8, 6, 0, -4, 23, 12, 133 }, // U+030E
    { 12, 5, 0, -8, 21, 15, 145 }, // U+030F
    { 10, 8, 0, -5, 25, 20, 160 }, // U+0310
    { 10, 5, 0, -5, 21, 13, 180 }, // U+0311
    { 5, 6, 0, -2, 22, 8, 193 }, // U+0312
    { 6, 8, 0, -3, 21, 12, 201 }, // U+0313
    { 6, 8, 0, -3, 21, 12, 213 }, // U+0314
    { 6, 8, 0, -3, 21, 12, 225 }, // U+0315
    { 6, 6, 0, -3, -1, 9, 237 }, // U+0316
    { 6, 6, 0, -3, -1, 9, 246 }, // U+0317
    { 6, 7, 0, -3, 0, 11, 255 }, // U+0318
    { 6, 7, 0, -3, 0, 11, 266 }, // U+0319
    { 8, 8, 146, 0, 23, 16, 277 }, // U+031A
    { 7, 6, 0, -2, 19, 11, 293 }, // U+031B
    { 4, 7, 0, -2, 0, 7, 304 }, // U+031C
    { 8, 6, 0, -4, -1, 12, 311 }, // U+031D
    { 8, 6, 0, -4, -1, 12, 323 }, // U+031E
    { 8, 7, 0, -4, 0, 14, 335 }, // U+031F
    { 8, 3, 0, -4, -3, 6, 349 }, // U+0320
    { 6, 9, 0, -6, 2, 14, 355 }, // U+0321
    { 6, 9, 0, 0, 2, 14, 369 }, // U+0322
    { 6, 4, 0, -3, -1, 6, 383 }, // U+0323
    { 10, 3, 0, -5, -2, 8, 389 }, // U+0324
    { 8, 7, 0, -4, 0, 14, 397 }, // U+0325
    { 4, 6, 0, -2, -1, 6, 411 }, // U+0326
    { 7, 8, 0, -4, 1, 14, 417 }, // U+0327
    { 7, 8, 0, -6, 1, 14, 431 }, // U+0328
    { 4, 6, 0, -2, 0, 6, 445 }, // U+0329
    { 12, 6, 0, -6, -1, 18, 451 }, // U+032A
    { 12, 5, 0, -6, -1, 15, 469 }, // U+032B
    { 10, 6, 0, -5, 0, 15, 484 }, // U+032C
    { 10, 6, 0, -5, -1, 15, 499 }, // U+032D
    { 10, 5, 0, -5, -1, 13, 514 }, // U+032E
    { 10, 5, 0, -5, -1, 13, 527 }, // U+032F
    { 12, 5, 0, -6, -1, 15, 540 }, // U+0330
    { 10, 2, 0, -5, -2, 5, 555 }, // U+0331
    { 14, 3, 0, -7, -2, 11, 560 }, // U+0332
    { 14, 7, 0, -7, 0, 25, 571 }, // U+0333
    { 12, 5, 0, -6, 10, 15, 596 }, // U+0334
    { 10, 2, 0, -5, 18, 5, 611 }, // U+0335
    { 22, 3, 0, -11, 10, 17, 616 }, // U+0336
    { 10, 7, 0, -5, 12, 18, 633 }, // U+0337
    { 12, 25, 0, -6, 23, 75, 651 }, // U+0338
    { 4, 7, 0, -2, 0, 7, 726 }, // U+0339
    { 12, 6, 0, -6, -1, 18, 733 }, // U+033A
    { 12, 7, 0, -6, 0, 21, 751 }, // U+033B
    { 12, 5, 0, -6, -1, 15, 772 }, // U+033C
    { 6, 7, 0, -3, 23, 11, 787 }, // U+033D
    { 4, 10, 0, -2, 26, 10, 798 }, // U+033E
    { 14, 7, 0, -7, 29, 25, 808 }, // U+033F
    { 7, 6, 0, -5, 23, 11, 833 }, // U+0340
    { 7, 6, 0, -2, 23, 11, 844 }, // U+0341
    { 12, 5, 0, -6, 22, 15, 855 }, // U+0342
    { 5, 6, 0, -3, 23, 8, 870 }, // U+0343
    { 11, 6, 0, -5, 23, 17, 878 }, // U+0344
    { 6, 5, 0, -2, -2, 8, 895 }, // U+0345
    { 14, 6, 0, -7, 23, 21, 903 }, // U+0346
    { 14, 7, 0, -7, 0, 25, 924 }, // U+0347
    { 8, 6, 0, -4, 0, 12, 949 }, // U+0348
    { 6, 6, 0, -3, -1, 9, 961 }, // U+0349
    { 12, 7, 0, -6, 23, 21, 970 }, // U+034A
    { 12, 11, 0, -6, 27, 33, 991 }, // U+034B
    { 10, 9, 0, -5, 26, 23, 1024 }, // U+034C
    { 12, 6, 0, -6, -1, 18, 1047 }, // U+034D
    { 6, 7, 0, -3, 0, 11, 1065 }, // U+034E
    { 22, 21, 0, -11, 21, 116, 1076 }, // U+034F
    { 6, 7, 0, -3, 24, 11, 1192 }, // U+0350
    { 4, 7, 0, -2, 24, 7, 1203 }, // U+0351
    { 10, 8, 0, -5, 25, 20, 1210 }, // U+0352
    { 6, 7, 0, -3, 0, 11, 1230 }, // U+0353
    { 6, 6, 0, -3, -1, 9, 1241 }, // U+0354
    { 6, 6, 0, -3, -1, 9, 1250 }, // U+0355
    { 12, 6, 0, -6, -1, 18, 1259 }, // U+0356
    { 4, 7, 0, -2, 24, 7, 1277 }, // U+0357
    { 4, 4, 0, 3, 22, 4, 1284 }, // U+0358
    { 8, 6, 0, -4, -1, 12, 1288 }, // U+0359
    { 12, 7, 0, -6, 0, 21, 1300 }, // U+035A
    { 6, 6, 0, -3, 23, 9, 1321 }, // U+035B
    { 24, 6, 0, -12, -1, 36, 1330 }, // U+035C
    { 24, 6, 0, -12, 23, 36, 1366 }, // U+035D
    { 18, 2, 0, -9, 20, 9, 1402 }, // U+035E
    { 18, 2, 0, -9, -2, 9, 1411 }, // U+035F
    { 24, 5, 0, -12, 22, 30, 1420 }, // U+0360
    { 24, 6, 0, -12, 25, 36, 1450 }, // U+0361
    { 23, 6, 0, -11, -1, 35, 1486 }, // U+0362
    { 6, 8, 0, -3, 25, 12, 1521 }, // U+0363
    { 7, 8, 0, -3, 25, 14, 1533 }, // U+0364
    { 2, 9, 0, -1, 27, 5, 1547 }, // U+0365
    { 7, 8, 0, -3, 25, 14, 1552 }, // U+0366
    { 7, 8, 0, -3, 25, 14, 1566 }, // U+0367
    { 6, 8, 0, -3, 25, 12, 1580 }, // U+0368
    { 7, 10, 0, -3, 27, 18, 1592 }, // U+0369
    { 7, 9, 0, -3, 27, 16, 1610 }, // U+036A
    { 11, 7, 0, -5, 25, 20, 1626 }, // U+036B
    { 5, 7, 0, -2, 25, 9, 1646 }, // U+036C
    { 5, 9, 0, -2, 26, 12, 1655 }, // U+036D
    { 8, 7, 0, -4, 25, 14, 1667 }, // U+036E
    { 7, 7, 0, -3, 25, 13, 1681 }, // U+036F
    { 13, 28, 260, 2, 28, 91, 0 }, // U+0400
    { 13, 27, 260, 2, 27, 88, 91 }, // U+0401
    { 20, 22, 334, 0, 21, 110, 179 }, // U+0402
    { 13, 28, 238, 2, 28, 91, 289 }, // U+0403
    { 17, 23, 298, 1, 22, 98, 380 }, // U+0404
    { 14, 23, 256, 1, 22, 81, 478 }, // U+0405
    { 4, 21, 133, 2, 21, 21, 559 }, // U+0406
    { 8, 27, 133, 0, 27, 54, 580 }, // U+0407
    { 9, 27, 127, -3, 21, 61, 634 }, // U+0408
    { 28, 22, 471, 0, 21, 154, 695 }, // U+0409
    { 27, 21, 479, 2, 21, 142, 849 }, // U+040A
    { 20, 21, 334, 0, 21, 105, 991 }, // U+040B
    { 16, 28, 292, 2, 28, 112, 1096 }, // U+040C
    { 18, 28, 353, 2, 28, 126, 1208 }, // U+040D
    { 18, 28, 288, 0, 27, 126, 1334 }, // U+040E
    { 17, 26, 341, 2, 21, 111, 1460 }, // U+040F
    { 19, 21, 298, 0, 21, 100, 1571 }, // U+0410
    { 15, 21, 287, 2, 21, 79, 1671 }, // U+0411
    { 16, 21, 303, 2, 21, 84, 1750 }, // U+0412
    { 13, 21, 238, 2, 21, 69, 1834 }, // U+0413
    { 21, 26, 340, 0, 21, 137, 1903 }, // U+0414
    { 13, 21, 260, 2, 21, 69, 2040 }, // U+0415
    { 27, 21, 422, 0, 21, 142, 2109 }, // U+0416
    { 15, 23, 269, 1, 22, 87, 2251 }, // U+0417
    { 18, 21, 353, 2, 21, 95, 2338 }, // U+0418
    { 18, 27, 353, 2, 27, 122, 2433 }, // U+0419
    { 16, 21, 292, 2, 21, 84, 2555 }, // U+041A
    { 18, 22, 326, 0, 21, 99, 2639 }, // U+041B
    { 22, 21, 423, 2, 21, 116, 2738 }, // U+041C
    { 17, 21, 347, 2, 21, 90, 2854 }, // U+041D
    { 20, 23, 355, 1, 22, 115, 2944 }, // U+041E
    { 17, 21, 342, 2, 21, 90, 3059 }, // U+041F
    { 15, 21, 282, 2, 21, 79, 3149 }, // U+0420
    { 17, 23, 299, 1, 22, 98, 3228 }, // U+0421
    { 16, 21, 260, 0, 21, 84, 3326 }, // U+0422
    { 18, 22, 288, 0, 21, 99, 3410 }, // U+0423
    { 22, 23, 381, 1, 22, 127, 3509 }, // U+0424
    { 17, 21, 274, 0, 21, 90, 3636 }, // U+0425
    { 20, 26, 345, 2, 21, 130, 3726 }, // U+0426
    { 15, 21, 314, 2, 21, 79, 3856 }, // U+0427
    { 26, 21, 483, 2, 21, 137, 3935 }, // U+0428
    { 28, 26, 479, 2, 21, 182, 4072 }, // U+0429
    { 19, 21, 320, 0, 21, 100, 4254 }, // U+042A
    { 20, 21, 396, 2, 21, 105, 4354 }, // U+042B
    { 15, 21, 283, 2, 21, 79, 4459 }, // U+042C
    { 17, 23, 302, 1, 22, 98, 4538 }, // U+042D
    { 26, 23, 466, 2, 22, 150, 4636 }, // U+042E
    { 16, 21, 298, 0, 21, 84, 4786 }, // U+042F
    { 13, 17, 260, 1, 16, 56, 4870 }, // U+0430
    { 16, 24, 279, 1, 23, 96, 4926 }, // U+0431
    { 14, 16, 263, 2, 16, 56, 5022 }, // U+0432
    { 11, 16, 204, 2, 16, 44, 5078 }, // U+0433
    { 18, 21, 283, 0, 16, 95, 5122 }, // U+0434
    { 14, 17, 257, 1, 16, 60, 5217 }, // U+0435
    { 22, 16, 354, 0, 16, 88, 5277 }, // U+0436
    { 13, 17, 228, 0, 16, 56, 5365 }, // U+0437
    { 14, 16, 290, 2, 16, 56, 5421 }, // U+0438
    { 14, 22, 290, 2, 22, 77, 5477 }, // U+0439
    { 14, 16, 248, 2, 16, 56, 5554 }, // U+043A
    { 15, 17, 274, 0, 16, 64, 5610 }, // U+043B
    { 18, 16, 358, 2, 16, 72, 5674 }, // U+043C
    { 14, 16, 287, 2, 16, 56, 5746 }, // U+043D
    { 15, 17, 277, 1, 16, 64, 5802 }, // U+043E
    { 14, 16, 283, 2, 16, 56, 5866 }, // U+043F
    { 15, 23, 284, 2, 16, 87, 5922 }, // U+0440
    { 13, 17, 230, 1, 16, 56, 6009 }, // U+0441
    { 14, 16, 217, 0, 16, 56, 6065 }, // U+0442
    { 15, 23, 238, 0, 16, 87, 6121 }, // U+0443
    { 20, 30, 344, 1, 23, 150, 6208 }, // U+0444
    { 15, 16, 239, 0, 16, 60, 6358 }, // U+0445
    { 16, 21, 286, 2, 16, 84, 6418 }, // U+0446
    { 14, 16, 275, 1, 16, 56, 6502 }, // U+0447
    { 22, 16, 417, 2, 16, 88, 6558 }, // U+0448
    { 24, 21, 419, 2, 16, 126, 6646 }, // U+0449
    { 17, 16, 291, 0, 16, 68, 6772 }, // U+044A
    { 18, 16, 354, 2, 16, 72, 6840 }, // U+044B
    { 13, 16, 254, 2, 16, 52, 6912 }, // U+044C
    { 13, 17, 231, 1, 16, 56, 6964 }, // U+044D
    { 20, 17, 373, 2, 16, 85, 7020 }, // U+044E
    { 14, 16, 269, 1, 16, 56, 7105 }, // U+044F
    { 14, 24, 257, 1, 23, 84, 7161 }, // U+0450
    { 14, 23, 257, 1, 22, 81, 7245 }, // U+0451
    { 16, 30, 289, 0, 23, 120, 7326 }, // U+0452
    { 11, 23, 204, 2, 23, 64, 7446 }, // U+0453
    { 13, 17, 230, 1, 16, 56, 7510 }, // U+0454
    { 12, 17, 218, 1, 16, 51, 7566 }, // U+0455
    { 4, 22, 120, 2, 22, 22, 7617 }, // U+0456
    { 7, 22, 120, 0, 22, 39, 7639 }, // U+0457
    { 8, 29, 120, -2, 22, 58, 7678 }, // U+0458
    { 24, 17, 401, 0, 16, 102, 7736 }, // U+0459
    { 23, 16, 415, 2, 16, 92, 7838 }, // U+045A
    { 16, 23, 290, 0, 23, 92, 7930 }, // U+045B
    { 14, 23, 248, 2, 23, 81, 8022 }, // U+045C
    { 14, 23, 290, 2, 23, 81, 8103 }, // U+045D
    { 15, 29, 238, 0, 22, 109, 8184 }, // U+045E
    { 14, 21, 283, 2, 16, 74, 8293 }, // U+045F
    { 27, 22, 429, 0, 21, 149, 8367 }, // U+0460
    { 23, 16, 368, 0, 16, 92, 8516 }, // U+0461
    { 19, 21, 315, 0, 21, 100, 8608 }, // U+0462
    { 17, 19, 296, 0, 19, 81, 8708 }, // U+0463
    { 25, 23, 430, 2, 22, 144, 8789 }, // U+0464
    { 19, 17, 346, 2, 16, 81, 8933 }, // U+0465
    { 20, 21, 319, 0, 21, 105, 9014 }, // U+0466
    { 17, 16, 267, 0, 16, 68, 9119 }, // U+0467
    { 26, 21, 434, 2, 21, 137, 9187 }, // U+0468
    { 21, 16, 364, 2, 16, 84, 9324 }, // U+0469
    { 21, 21, 340, 0, 21, 111, 9408 }, // U+046A
    { 19, 16, 299, 0, 16, 76, 9519 }, // U+046B
    { 27, 21, 459, 2, 21, 142, 9595 }, // U+046C
    { 23, 16, 396, 2, 16, 92, 9737 }, // U+046D
    { 16, 32, 274, 0, 25, 128, 9829 }, // U+046E
    { 13, 26, 229, 0, 20, 85, 9957 }, // U+046F
    { 20, 21, 375, 2, 21, 105, 10042 }, // U+0470
    { 18, 30, 355, 2, 23, 135, 10147 }, // U+0471
    { 20, 23, 365, 1, 22, 115, 10282 }, // U+0472
    { 16, 17, 282, 1, 16, 68, 10397 }, // U+0473
    { 20, 21, 296, 0, 21, 105, 10465 }, // U+0474
    { 16, 16, 241, 0, 16, 64, 10570 }, // U+0475
    { 20, 28, 296, 0, 28, 140, 10634 }, // U+0476
    { 16, 23, 241, 0, 23, 92, 10774 }, // U+0477
    { 35, 29, 569, 1, 22, 254, 10866 }, // U+0478
    { 31, 23, 511, 1, 16, 179, 11120 }, // U+0479
    { 22, 25, 383, 1, 23, 138, 11299 }, // U+047A
    { 17, 20, 308, 1, 18, 85, 11437 }, // U+047B
    { 28, 32, 479, 1, 31, 224, 11522 }, // U+047C
    { 24, 27, 422, 1, 26, 162, 11746 }, // U+047D
    { 27, 27, 429, 0, 26, 183, 11908 }, // U+047E
    { 23, 21, 368, 0, 21, 121, 12091 }, // U+047F
    { 17, 29, 300, 1, 22, 124, 12212 }, // U+0480
    { 13, 23, 230, 1, 16, 75, 12336 }, // U+0481
    { 16, 20, 284, 1, 19, 80, 12411 }, // U+0482
    { 12, 5, 0, -14, 21, 15, 12491 }, // U+0483
    { 12, 5, 0, -14, 22, 15, 12506 }, // U+0484
    { 5, 6, 0, -11, 23, 8, 12521 }, // U+0485
    { 4, 6, 0, -10, 23, 6, 12529 }, // U+0486
    { 12, 4, 0, -6, 26, 12, 12535 }, // U+0487
    { 34, 31, 0, -17, 23, 264, 12547 }, // U+0488
    { 34, 33, 0, -17, 24, 281, 12811 }, // U+0489
    { 21, 33, 366, 2, 27, 174, 13092 }, // U+048A
    { 17, 29, 308, 2, 23, 124, 13266 }, // U+048B
    { 17, 21, 287, 0, 21, 90, 13390 }, // U+048C
    { 16, 23, 277, 0, 23, 92, 13480 }, // U+048D
    { 15, 21, 286, 2, 21, 79, 13572 }, // U+048E
    { 15, 23, 287, 2, 16, 87, 13651 }, // U+048F
    { 13, 26, 248, 2, 26, 85, 13738 }, // U+0490
    { 11, 21, 204, 2, 21, 58, 13823 }, // U+0491
    { 15, 21, 247, 0, 21, 79, 13881 }, // U+0492
    { 13, 16, 203, 0, 16, 52, 13960 }, // U+0493
    { 16, 29, 304, 2, 21, 116, 14012 }, // U+0494
    { 13, 24, 249, 2, 16, 78, 14128 }, // U+0495
    { 26, 27, 422, 0, 21, 176, 14206 }, // U+0496
    { 23, 22, 372, 0, 16, 127, 14382 }, // U+0497
    { 15, 29, 269, 1, 22, 109, 14509 }, // U+0498
    { 13, 23, 228, 0, 16, 75, 14618 }, // U+0499
    { 18, 27, 313, 2, 21, 122, 14693 }, // U+049A
    { 14, 22, 260, 2, 16, 77, 14815 }, // U+049B
    { 17, 21, 292, 2, 21, 90, 14892 }, // U+049C
    { 14, 16, 247, 2, 16, 56, 14982 }, // U+049D
    { 18, 21, 292, 0, 21, 95, 15038 }, // U+049E
    { 16, 23, 249, 0, 23, 92, 15133 }, // U+049F
    { 21, 21, 323, 0, 21, 111, 15225 }, // U+04A0
    { 19, 16, 291, 0, 16, 76, 15336 }, // U+04A1
    { 20, 27, 352, 2, 21, 135, 15412 }, // U+04A2
    { 17, 22, 307, 2, 16, 94, 15547 }, // U+04A3
    { 22, 21, 380, 2, 21, 116, 15641 }, // U+04A4
    { 20, 16, 344, 2, 16, 80, 15757 }, // U+04A5
    { 28, 29, 493, 2, 21, 203, 15837 }, // U+04A6
    { 23, 24, 403, 2, 16, 138, 16040 }, // U+04A7
    { 21, 24, 364, 1, 22, 126, 16178 }, // U+04A8
    { 17, 17, 300, 1, 16, 73, 16304 }, // U+04A9
    { 17, 29, 295, 1, 22, 124, 16377 }, // U+04AA
    { 13, 23, 224, 1, 16, 75, 16501 }, // U+04AB
    { 16, 27, 260, 0, 21, 108, 16576 }, // U+04AC
    { 14, 22, 222, 0, 16, 77, 16684 }, // U+04AD
    { 17, 21, 264, 0, 21, 90, 16761 }, // U+04AE
    { 15, 23, 237, 0, 16, 87, 16851 }, // U+04AF
    { 17, 21, 264, 0, 21, 90, 16938 }, // U+04B0
    { 15, 23, 237, 0, 16, 87, 17028 }, // U+04B1
    { 18, 27, 295, 0, 21, 122, 17115 }, // U+04B2
    { 16, 22, 258, 0, 16, 88, 17237 }, // U+04B3
    { 25, 27, 402, 0, 21, 169, 17325 }, // U+04B4
    { 21, 22, 338, 0, 16, 116, 17494 }, // U+04B5
    { 19, 27, 328, 2, 21, 129, 17610 }, // U+04B6
    { 16, 22, 290, 2, 16, 88, 17739 }, // U+04B7
    { 16, 21, 326, 2, 21, 84, 17827 }, // U+04B8
    { 14, 16, 283, 2, 16, 56, 17911 }, // U+04B9
    { 17, 21, 326, 2, 21, 90, 17967 }, // U+04BA
    { 14, 23, 288, 2, 23, 81, 18057 }, // U+04BB
    { 24, 23, 396, 0, 22, 138, 18138 }, // U+04BC
    { 18, 17, 310, 0, 16, 77, 18276 }, // U+04BD
    { 24, 28, 396, 0, 22, 168, 18353 }, // U+04BE
    { 18, 22, 310, 0, 16, 99, 18521 }, // U+04BF
    { 8, 21, 158, 1, 21, 42, 18620 }, // U+04C0
    { 27, 27, 422, 0, 27, 183, 18662 }, // U+04C1
    { 22, 22, 354, 0, 22, 121, 18845 }, // U+04C2
    { 17, 29, 325, 2, 21, 124, 18966 }, // U+04C3
    { 14, 24, 261, 2, 16, 84, 19090 }, // U+04C4
    { 21, 27, 336, 0, 21, 142, 19174 }, // U+04C5
    { 18, 22, 274, 0, 16, 99, 19316 }, // U+04C6
    { 17, 29, 341, 2, 21, 124, 19415 }, // U+04C7
    { 15, 24, 290, 2, 16, 90, 19539 }, // U+04C8
    { 20, 27, 353, 2, 21, 135, 19629 }, // U+04C9
    { 17, 22, 309, 2, 16, 94, 19764 }, // U+04CA
    { 16, 27, 326, 2, 21, 108, 19858 }, // U+04CB
    { 14, 22, 286, 2, 16, 77, 19966 }, // U+04CC
    { 25, 27, 428, 2, 21, 169, 20043 }, // U+04CD
    { 20, 22, 352, 2, 16, 110, 20212 }, // U+04CE
    { 8, 21, 158, 1, 21, 42, 20322 }, // U+04CF
    { 19, 27, 298, 0, 27, 129, 20364 }, // U+04D0
    { 13, 23, 262, 1, 22, 75, 20493 }, // U+04D1
    { 19, 27, 298, 0, 27, 129, 20568 }, // U+04D2
    { 13, 23, 262, 1, 22, 75, 20697 }, // U+04D3
    { 25, 21, 411, -1, 21, 132, 20772 }, // U+04D4
    { 23, 17, 403, 1, 16, 98, 20904 }, // U+04D5
    { 13, 27, 260, 2, 27, 88, 21002 }, // U+04D6
    { 14, 23, 263, 1, 22, 81, 21090 }, // U+04D7
    { 19, 23, 345, 1, 22, 110, 21171 }, // U+04D8
    { 14, 17, 263, 1, 16, 60, 21281 }, // U+04D9
    { 19, 28, 345, 1, 27, 133, 21341 }, // U+04DA
    { 14, 23, 263, 1, 22, 81, 21474 }, // U+04DB
    { 27, 27, 422, 0, 27, 183, 21555 }, // U+04DC
    { 22, 22, 354, 0, 22, 121, 21738 }, // U+04DD
    { 15, 28, 269, 1, 27, 105, 21859 }, // U+04DE
    { 13, 23, 228, 0, 22, 75, 21964 }, // U+04DF
    { 15, 22, 273, 1, 21, 83, 22039 }, // U+04E0
    { 14, 23, 232, 0, 16, 81, 22122 }, // U+04E1
    { 18, 25, 353, 2, 25, 113, 22203 }, // U+04E2
    { 14, 20, 290, 2, 20, 70, 22316 }, // U+04E3
    { 18, 27, 353, 2, 27, 122, 22386 }, // U+04E4
    { 14, 22, 290, 2, 22, 77, 22508 }, // U+04E5
    { 20, 28, 365, 1, 27, 140, 22585 }, // U+04E6
    { 16, 23, 282, 1, 22, 92, 22725 }, // U+04E7
    { 20, 23, 365, 1, 22, 115, 22817 }, // U+04E8
    { 16, 17, 282, 1, 16, 68, 22932 }, // U+04E9
    { 20, 28, 365, 1, 27, 140, 23000 }, // U+04EA
    { 16, 23, 282, 1, 22, 92, 23140 }, // U+04EB
    { 17, 28, 302, 1, 27, 119, 23232 }, // U+04EC
    { 13, 23, 231, 1, 22, 75, 23351 }, // U+04ED
    { 18, 26, 288, 0, 25, 117, 23426 }, // U+04EE
    { 15, 27, 238, 0, 20, 102, 23543 }, // U+04EF
    { 18, 28, 288, 0, 27, 126, 23645 }, // U+04F0
    { 15, 29, 238, 0, 22, 109, 23771 }, // U+04F1
    { 18, 29, 288, 0, 28, 131, 23880 }, // U+04F2
    { 15, 30, 238, 0, 23, 113, 24011 }, // U+04F3
    { 15, 27, 314, 2, 27, 102, 24124 }, // U+04F4
    { 14, 22, 275, 1, 22, 77, 24226 }, // U+04F5
    { 13, 27, 247, 2, 21, 88, 24303 }, // U+04F6
    { 10, 22, 202, 2, 16, 55, 24391 }, // U+04F7
    { 20, 27, 396, 2, 27, 135, 24446 }, // U+04F8
    { 18, 22, 354, 2, 22, 99, 24581 }, // U+04F9
    { 15, 27, 247, 0, 21, 102, 24680 }, // U+04FA
    { 13, 22, 203, 0, 16, 72, 24782 }, // U+04FB
    { 18, 27, 295, 0, 21, 122, 24854 }, // U+04FC
    { 16, 22, 257, 0, 16, 88, 24976 }, // U+04FD
    { 17, 21, 274, 0, 21, 90, 25064 }, // U+04FE
    { 15, 16, 247, 0, 16, 60, 25154 }, // U+04FF
    { 21, 26, 357, 1, 21, 137, 0 }, // U+1EA0
    { 15, 22, 260, 1, 16, 83, 137 }, // U+1EA1
    { 21, 28, 357, 1, 28, 147, 220 }, // U+1EA2
    { 15, 24, 260, 1, 24, 90, 367 }, // U+1EA3
    { 21, 30, 357, 1, 30, 158, 457 }, // U+1EA4
    { 16, 25, 260, 1, 25, 100, 615 }, // U+1EA5
    { 21, 30, 357, 1, 30, 158, 715 }, // U+1EA6
    { 18, 25, 260, -2, 25, 113, 873 }, // U+1EA7
    { 21, 31, 357, 1, 31, 163, 986 }, // U+1EA8
    { 15, 27, 260, 1, 27, 102, 1149 }, // U+1EA9
    { 21, 29, 357, 1, 29, 153, 1251 }, // U+1EAA
    { 15, 25, 260, 1, 25, 94, 1404 }, // U+1EAB
    { 21, 33, 357, 1, 28, 174, 1498 }, // U+1EAC
    { 15, 29, 260, 1, 23, 109, 1672 }, // U+1EAD
    { 21, 28, 357, 1, 28, 147, 1781 }, // U+1EAE
    { 15, 25, 260, 1, 25, 94, 1928 }, // U+1EAF
    { 21, 28, 357, 1, 28, 147, 2022 }, // U+1EB0
    { 15, 25, 260, 1, 25, 94, 2169 }, // U+1EB1
    { 21, 29, 357, 1, 29, 153, 2263 }, // U+1EB2
    { 15, 25, 260, 1, 25, 94, 2416 }, // U+1EB3
    { 21, 28, 357, 1, 28, 147, 2510 }, // U+1EB4
    { 15, 25, 260, 1, 25, 94, 2657 }, // U+1EB5
    { 21, 32, 357, 1, 27, 168, 2751 }, // U+1EB6
    { 15, 29, 260, 1, 23, 109, 2919 }, // U+1EB7
    { 17, 26, 302, 1, 21, 111, 3028 }, // U+1EB8
    { 14, 22, 248, 1, 16, 77, 3139 }, // U+1EB9
    { 17, 28, 302, 1, 28, 119, 3216 }, // U+1EBA
    { 14, 24, 248, 1, 24, 84, 3335 }, // U+1EBB
    { 17, 27, 302, 1, 27, 115, 3419 }, // U+1EBC
    { 14, 22, 248, 1, 22, 77, 3534 }, // U+1EBD
    { 18, 30, 302, 1, 30, 135, 3611 }, // U+1EBE
    { 17, 25, 248, 1, 25, 107, 3746 }, // U+1EBF
    { 18, 30, 302, 0, 30, 135, 3853 }, // U+1EC0
    { 17, 25, 248, -2, 25, 107, 3988 }, // U+1EC1
    { 17, 31, 302, 1, 31, 132, 4095 }, // U+1EC2
    { 15, 27, 248, 1, 27, 102, 4227 }, // U+1EC3
    { 17, 29, 302, 1, 29, 124, 4329 }, // U+1EC4
    { 14, 25, 248, 1, 25, 88, 4453 }, // U+1EC5
    { 17, 33, 302, 1, 28, 141, 4541 }, // U+1EC6
    { 14, 29, 248, 1, 23, 102, 4682 }, // U+1EC7
    { 9, 28, 178, 1, 28, 63, 4784 }, // U+1EC8
    { 8, 24, 152, 1, 24, 48, 4847 }, // U+1EC9
    { 9, 26, 178, 1, 21, 59, 4895 }, // U+1ECA
    { 8, 29, 152, 1, 23, 58, 4954 }, // U+1ECB
    { 21, 26, 368, 1, 21, 137, 5012 }, // U+1ECC
    { 15, 22, 274, 1, 16, 83, 5149 }, // U+1ECD
    { 21, 28, 368, 1, 28, 147, 5232 }, // U+1ECE
    { 15, 24, 274, 1, 24, 90, 5379 }, // U+1ECF
    { 21, 30, 368, 1, 30, 158, 5469 }, // U+1ED0
    { 17, 25, 274, 1, 25, 107, 5627 }, // U+1ED1
    { 21, 30, 368, 1, 30, 158, 5734 }, // U+1ED2
    { 17, 25, 274, -1, 25, 107, 5892 }, // U+1ED3
    { 21, 31, 368, 1, 31, 163, 5999 }, // U+1ED4
    { 16, 27, 274, 1, 27, 108, 6162 }, // U+1ED5
    { 21, 29, 368, 1, 29, 153, 6270 }, // U+1ED6
    { 15, 25, 274, 1, 25, 94, 6423 }, // U+1ED7
    { 21, 33, 368, 1, 28, 174, 6517 }, // U+1ED8
    { 15, 29, 274, 1, 23, 109, 6691 }, // U+1ED9
    { 21, 28, 370, 1, 28, 147, 6800 }, // U+1EDA
    { 16, 23, 282, 1, 23, 92, 6947 }, // U+1EDB
    { 21, 28, 370, 1, 28, 147, 7039 }, // U+1EDC
    { 16, 23, 282, 1, 23, 92, 7186 }, // U+1EDD
    { 21, 28, 370, 1, 28, 147, 7278 }, // U+1EDE
    { 16, 24, 282, 1, 24, 96, 7425 }, // U+1EDF
    { 21, 27, 370, 1, 27, 142, 7521 }, // U+1EE0
    { 16, 22, 282, 1, 22, 88, 7663 }, // U+1EE1
    { 21, 30, 370, 1, 25, 158, 7751 }, // U+1EE2
    { 16, 26, 282, 1, 20, 104, 7909 }, // U+1EE3
    { 23, 26, 371, 0, 21, 150, 8013 }, // U+1EE4
    { 17, 22, 285, 0, 16, 94, 8163 }, // U+1EE5
    { 23, 28, 371, 0, 28, 161, 8257 }, // U+1EE6
    { 17, 24, 285, 0, 24, 102, 8418 }, // U+1EE7
    { 26, 28, 378, 0, 28, 182, 8520 }, // U+1EE8
    { 19, 23, 295, 0, 23, 110, 8702 }, // U+1EE9
    { 26, 28, 378, 0, 28, 182, 8812 }, // U+1EEA
    { 19, 23, 295, 0, 23, 110, 8994 }, // U+1EEB
    { 26, 28, 378, 0, 28, 182, 9104 }, // U+1EEC
    { 19, 24, 295, 0, 24, 114, 9286 }, // U+1EED
    { 26, 27, 378, 0, 27, 176, 9400 }, // U+1EEE
    { 19, 22, 295, 0, 22, 105, 9576 }, // U+1EEF
    { 26, 30, 378, 0, 25, 195, 9681 }, // U+1EF0
    { 19, 26, 295, 0, 20, 124, 9876 }, // U+1EF1
    { 21, 28, 339, 0, 28, 147, 10000 }, // U+1EF2
    { 18, 29, 282, 0, 23, 131, 10147 }, // U+1EF3
    { 21, 26, 339, 0, 21, 137, 10278 }, // U+1EF4
    { 18, 24, 282, 0, 16, 108, 10415 }, // U+1EF5
    { 21, 28, 339, 0, 28, 147, 10523 }, // U+1EF6
    { 18, 30, 282, 0, 24, 135, 10670 }, // U+1EF7
    { 21, 27, 339, 0, 27, 142, 10805 }, // U+1EF8
    { 18, 28, 282, 0, 22, 126, 10947 }, // U+1EF9
    { 0, 0, 233, 0, 0, 0, 0 }, // U+2000
    { 0, 0, 467, 0, 0, 0, 0 }, // U+2001
    { 0, 0, 233, 0, 0, 0, 0 }, // U+2002
    { 0, 0, 467, 0, 0, 0, 0 }, // U+2003
    { 0, 0, 155, 0, 0, 0, 0 }, // U+2004
    { 0, 0, 117, 0, 0, 0, 0 }, // U+2005
    { 0, 0, 78, 0, 0, 0, 0 }, // U+2006
    { 0, 0, 267, 0, 0, 0, 0 }, // U+2007
    { 0, 0, 125, 0, 0, 0, 0 }, // U+2008
    { 0, 0, 77, 0, 0, 0, 0 }, // U+2009
    { 0, 0, 47, 0, 0, 0, 0 }, // U+200A
    { 0, 0, 0, 0, 0, 0, 0 }, // U+200B
    { 0, 0, 0, 0, 0, 0, 0 }, // U+200C
    { 0, 0, 0, 0, 0, 0, 0 }, // U+200D
    { 8, 25, 0, -1, 21, 50, 0 }, // U+200E
    { 8, 25, 0, -7, 21, 50, 50 }, // U+200F
    { 8, 2, 176, 1, 8, 4, 100 }, // U+2010
    { 8, 3, 150, 1, 9, 6, 104 }, // U+2011
    { 15, 3, 267, 1, 12, 12, 110 }, // U+2012
    { 13, 2, 240, 1, 8, 7, 122 }, // U+2013
    { 17, 2, 313, 1, 8, 9, 129 }, // U+2014
    { 27, 3, 467, 1, 9, 21, 138 }, // U+2015
    { 10, 31, 257, 3, 23, 78, 159 }, // U+2016
    { 14, 7, 192, -1, 0, 25, 237 }, // U+2017
    { 6, 9, 122, 1, 22, 14, 262 }, // U+2018
    { 6, 9, 121, 1, 21, 14, 276 }, // U+2019
    { 6, 9, 121, 0, 4, 14, 290 }, // U+201A
    { 5, 8, 82, 0, 21, 10, 304 }, // U+201B
    { 11, 9, 211, 1, 22, 25, 314 }, // U+201C
    { 11, 9, 211, 1, 21, 25, 339 }, // U+201D
    { 12, 9, 210, 0, 4, 27, 364 }, // U+201E
    { 11, 8, 168, 0, 21, 22, 391 }, // U+201F
    { 9, 11, 179, 1, 21, 25, 413 }, // U+2020
    { 9, 11, 186, 1, 21, 25, 438 }, // U+2021
    { 8, 8, 194, 2, 12, 16, 463 }, // U+2022
    { 9, 10, 172, 1, 16, 23, 479 }, // U+2023
    { 5, 5, 233, 5, 4, 7, 502 }, // U+2024
    { 12, 5, 250, 2, 4, 15, 509 }, // U+2025
    { 18, 5, 325, 1, 5, 23, 524 }, // U+2026
    { 4, 5, 125, 2, 10, 5, 547 }, // U+2027
    { 0, 0, 280, 0, 0, 0, 552 }, // U+2028
    { 0, 0, 280, 0, 0, 0, 552 }, // U+2029
    { 8, 22, 0, -1, 18, 44, 552 }, // U+202A
    { 8, 22, 0, -7, 18, 44, 596 }, // U+202B
    { 8, 25, 0, -4, 21, 50, 640 }, // U+202C
    { 8, 25, 0, -4, 21, 50, 690 }, // U+202D
    { 8, 25, 0, -4, 21, 50, 740 }, // U+202E
    { 0, 0, 77, 0, 0, 0, 790 }, // U+202F
    { 33, 21, 557, 1, 21, 174, 790 }, // U+2030
    { 43, 23, 721, 1, 22, 248, 964 }, // U+2031
    { 5, 8, 109, 1, 21, 10, 1212 }, // U+2032
    { 10, 8, 190, 1, 21, 20, 1222 }, // U+2033
    { 17, 8, 273, 1, 21, 34, 1242 }, // U+2034
    { 7, 8, 108, -1, 21, 14, 1276 }, // U+2035
    { 12, 8, 205, -1, 21, 24, 1290 }, // U+2036
    { 17, 8, 281, -1, 21, 34, 1314 }, // U+2037
    { 12, 10, 186, 0, 3, 30, 1348 }, // U+2038
    { 8, 14, 155, 1, 14, 28, 1378 }, // U+2039
    { 8, 14, 161, 1, 14, 28, 1406 }, // U+203A
    { 22, 23, 391, 1, 22, 127, 1434 }, // U+203B
    { 11, 22, 233, 2, 21, 61, 1561 }, // U+203C
    { 13, 23, 207, 0, 22, 75, 1622 }, // U+203D
    { 16, 3, 233, -1, 25, 12, 1697 }, // U+203E
    { 18, 7, 284, 0, 0, 32, 1709 }, // U+203F
    { 18, 8, 284, 0, 24, 36, 1741 }, // U+2040
    { 11, 19, 175, 0, 12, 53, 1777 }, // U+2041
    { 33, 28, 522, 0, 23, 231, 1830 }, // U+2042
    { 8, 3, 150, 1, 9, 6, 2061 }, // U+2043
    { 16, 21, 35, -7, 21, 84, 2067 }, // U+2044
    { 7, 26, 151, 2, 21, 46, 2151 }, // U+2045
    { 8, 26, 151, 0, 21, 52, 2197 }, // U+2046
    { 25, 23, 399, 0, 22, 144, 2249 }, // U+2047
    { 18, 23, 317, 0, 22, 104, 2393 }, // U+2048
    { 18, 23, 318, 2, 22, 104, 2497 }, // U+2049
    { 15, 16, 267, 1, 16, 60, 2601 }, // U+204A
    { 16, 27, 306, 2, 23, 108, 2661 }, // U+204B
    { 16, 15, 298, 1, 16, 60, 2769 }, // U+204C
    { 16, 15, 298, 2, 16, 60, 2829 }, // U+204D
    { 14, 14, 257, 1, 8, 49, 2889 }, // U+204E
    { 6, 21, 111, 1, 17, 32, 2938 }, // U+204F
    { 18, 31, 282, 0, 24, 140, 2970 }, // U+2050
    { 14, 29, 257, 1, 23, 102, 3110 }, // U+2051
    { 19, 21, 333, 1, 21, 100, 3212 }, // U+2052
    { 25, 5, 467, 2, 11, 32, 3312 }, // U+2053
    { 18, 7, 282, 0, 0, 32, 3344 }, // U+2054
    { 16, 16, 267, 0, 15, 64, 3376 }, // U+2055
    { 13, 23, 241, 1, 22, 75, 3440 }, // U+2056
    { 22, 8, 346, 1, 21, 44, 3515 }, // U+2057
    { 22, 23, 384, 1, 22, 127, 3559 }, // U+2058
    { 22, 23, 387, 1, 22, 127, 3686 }, // U+2059
    { 4, 23, 103, 1, 22, 23, 3813 }, // U+205A
    { 17, 23, 305, 1, 22, 98, 3836 }, // U+205B
    { 22, 23, 372, 1, 22, 127, 3934 }, // U+205C
    { 4, 22, 125, 2, 21, 22, 4061 }, // U+205D
    { 4, 23, 125, 2, 22, 23, 4083 }, // U+205E
    { 0, 0, 104, 0, 0, 0, 4106 }, // U+205F
    { 0, 0, 280, 0, 0, 0, 4106 }, // U+2060
    { 0, 0, 280, 0, 0, 0, 4106 }, // U+2061
    { 0, 0, 280, 0, 0, 0, 4106 }, // U+2062
    { 0, 0, 280, 0, 0, 0, 4106 }, // U+2063
    { 0, 0, 280, 0, 0, 0, 4106 }, // U+2064
    { 0, 0, 0, 0, 0, 0, 4106 }, // U+2066
    { 0, 0, 0, 0, 0, 0, 4106 }, // U+2067
    { 0, 0, 0, 0, 0, 0, 4106 }, // U+2068
    { 0, 0, 0, 0, 0, 0, 4106 }, // U+2069
    { 8, 25, 0, -4, 21, 50, 4106 }, // U+206A
    { 8, 25, 0, -4, 21, 50, 4156 }, // U+206B
    { 8, 25, 0, -4, 21, 50, 4206 }, // U+206C
    { 8, 25, 0, -4, 21, 50, 4256 }, // U+206D
    { 8, 25, 0, -4, 21, 50, 4306 }, // U+206E
    { 8, 25, 0, -4, 21, 50, 4356 }, // U+206F
    { 10, 11, 189, 1, 20, 28, 0 }, // U+2070
    { 3, 14, 78, 1, 22, 11, 28 }, // U+2071
    { 11, 11, 186, 0, 20, 31, 39 }, // U+2074
    { 10, 14, 163, 0, 25, 35, 70 }, // U+2075
    { 10, 14, 163, 0, 25, 35, 105 }, // U+2076
    { 10, 13, 163, 0, 25, 33, 140 }, // U+2077
    { 10, 14, 163, 0, 25, 35, 173 }, // U+2078
    { 10, 14, 163, 0, 25, 35, 208 }, // U+2079
    { 8, 9, 158, 1, 22, 18, 243 }, // U+207A
    { 8, 3, 158, 1, 19, 6, 261 }, // U+207B
    { 8, 6, 158, 1, 20, 12, 267 }, // U+207C
    { 6, 17, 105, 1, 27, 26, 279 }, // U+207D
    { 5, 17, 105, 0, 27, 22, 305 }, // U+207E
    { 10, 10, 188, 1, 18, 25, 327 }, // U+207F
    { 10, 14, 163, 0, 9, 35, 352 }, // U+2080
    { 6, 13, 163, 1, 9, 20, 387 }, // U+2081
    { 9, 13, 163, 0, 9, 30, 407 }, // U+2082
    { 10, 14, 163, 0, 9, 35, 437 }, // U+2083
    { 10, 13, 163, 0, 9, 33, 472 }, // U+2084
    { 10, 14, 163, 0, 9, 35, 505 }, // U+2085
    { 10, 14, 163, 0, 9, 35, 540 }, // U+2086
    { 10, 13, 163, 0, 9, 33, 575 }, // U+2087
    { 10, 14, 163, 0, 9, 35, 608 }, // U+2088
    { 10, 14, 163, 0, 9, 35, 643 }, // U+2089
    { 8, 9, 158, 1, 6, 18, 678 }, // U+208A
    { 8, 3, 158, 1, 3, 6, 696 }, // U+208B
    { 8, 6, 158, 1, 4, 12, 702 }, // U+208C
    { 6, 17, 105, 1, 11, 26, 714 }, // U+208D
    { 5, 17, 105, 0, 11, 22, 740 }, // U+208E
    { 10, 10, 170, 0, 7, 25, 762 }, // U+2090
    { 9, 10, 171, 1, 7, 23, 787 }, // U+2091
    { 10, 10, 183, 1, 7, 25, 810 }, // U+2092
    { 10, 10, 161, 0, 7, 25, 835 }, // U+2093
    { 10, 10, 171, 0, 7, 25, 860 }, // U+2094
    { 10, 14, 188, 1, 11, 35, 885 }, // U+2095
    { 9, 14, 162, 1, 11, 32, 920 }, // U+2096
    { 3, 14, 78, 1, 11, 11, 952 }, // U+2097
    { 16, 10, 284, 1, 7, 40, 963 }, // U+2098
    { 10, 10, 188, 1, 7, 25, 1003 }, // U+2099
    { 10, 14, 187, 1, 7, 35, 1028 }, // U+209A
    { 9, 10, 145, 0, 7, 23, 1063 }, // U+209B
    { 7, 12, 110, 0, 9, 21, 1086 }, // U+209C
    { 15, 22, 267, 1, 22, 83, 0 }, // U+20A0
    { 15, 26, 266, 1, 23, 98, 83 }, // U+20A1
    { 15, 23, 267, 1, 22, 87, 181 }, // U+20A2
    { 16, 21, 290, 1, 21, 84, 268 }, // U+20A3
    { 16, 21, 293, 1, 21, 84, 352 }, // U+20A4
    { 23, 24, 436, 2, 20, 138, 436 }, // U+20A5
    { 19, 21, 333, 1, 21, 100, 574 }, // U+20A6
    { 22, 21, 408, 2, 21, 116, 674 }, // U+20A7
    { 22, 22, 389, 2, 21, 121, 790 }, // U+20A8
    { 20, 21, 354, 1, 21, 105, 911 }, // U+20A9
    { 19, 21, 373, 2, 21, 100, 1016 }, // U+20AA
    { 17, 27, 308, 1, 22, 115, 1116 }, // U+20AB
    { 18, 21, 326, 1, 21, 95, 1231 }, // U+20AC
    { 19, 21, 330, 1, 21, 100, 1326 }, // U+20AD
    { 17, 21, 267, 0, 21, 90, 1426 }, // U+20AE
    { 28, 29, 453, 0, 22, 203, 1516 }, // U+20AF
    { 16, 29, 267, 0, 22, 116, 1719 }, // U+20B0
    { 18, 21, 329, 1, 21, 95, 1835 }, // U+20B1
    { 16, 26, 292, 1, 23, 104, 1930 }, // U+20B2
    { 18, 21, 284, 0, 21, 95, 2034 }, // U+20B3
    { 16, 23, 256, 0, 22, 92, 2129 }, // U+20B4
    { 13, 21, 244, 1, 21, 69, 2221 }, // U+20B5
    { 18, 21, 290, 0, 20, 95, 2290 }, // U+20B6
    { 20, 25, 339, 0, 22, 125, 2385 }, // U+20B7
    { 16, 21, 255, 0, 21, 84, 2510 }, // U+20B8
    { 15, 21, 274, 1, 21, 79, 2594 }, // U+20B9
    { 16, 21, 286, 1, 21, 84, 2673 }, // U+20BA
    { 23, 23, 365, 0, 22, 133, 2757 }, // U+20BB
    { 15, 21, 275, 1, 21, 79, 2890 }, // U+20BC
    { 16, 21, 293, 1, 21, 84, 2969 }, // U+20BD
    { 20, 23, 360, 1, 23, 115, 3053 }, // U+20BE
    { 14, 27, 267, 2, 24, 95, 3168 }, // U+20BF
    { 12, 21, 230, 1, 16, 63, 3263 }, // U+20C0
    { 13, 2, 245, 1, 8, 7, 0 }, // U+2212
    { 16, 21, 35, -7, 21, 84, 7 }, // U+2215
    { 8, 8, 245, 4, 12, 16, 91 }, // U+2219
    { 13, 10, 245, 1, 12, 33, 107 }, // U+2248
    { 13, 15, 245, 1, 14, 49, 140 }, // U+2260
    { 13, 15, 245, 1, 15, 49, 189 }, // U+2264
    { 13, 15, 245, 1, 15, 49, 238 }, // U+2265
    { 25, 23, 344, 0, 23, 144, 0 }, // U+FB00
    { 18, 23, 298, 0, 23, 104, 144 }, // U+FB01
    { 18, 23, 302, 0, 23, 104, 248 }, // U+FB02
    { 28, 23, 450, 0, 23, 161, 352 }, // U+FB03
    { 28, 23, 450, 0, 23, 161, 513 }, // U+FB04
    { 17, 24, 314, 2, 23, 102, 674 }, // U+FB05
    { 23, 24, 392, 1, 23, 138, 776 }, // U+FB06
    { 27, 28, 467, 1, 23, 189, 0 }, // U+FFFD
};

static const EpdUnicodeInterval libron_14_regularIntervals[] = {
    { 0x0, 0x0, 0x0 },
    { 0xD, 0xD, 0x1 },
    { 0x20, 0x7E, 0x2 },
    { 0xA0, 0x17F, 0x61 },
    { 0x1A0, 0x1A1, 0x141 },
    { 0x1AF, 0x1B0, 0x143 },
    { 0x1C4, 0x21F, 0x145 },
    { 0x300, 0x36F, 0x1A1 },
    { 0x400, 0x4FF, 0x211 },
    { 0x1EA0, 0x1EF9, 0x311 },
    { 0x2000, 0x2064, 0x36B },
    { 0x2066, 0x2071, 0x3D0 },
    { 0x2074, 0x208E, 0x3DC },
    { 0x2090, 0x209C, 0x3F7 },
    { 0x20A0, 0x20C0, 0x404 },
    { 0x2212, 0x2212, 0x425 },
    { 0x2215, 0x2215, 0x426 },
    { 0x2219, 0x2219, 0x427 },
    { 0x2248, 0x2248, 0x428 },
    { 0x2260, 0x2260, 0x429 },
    { 0x2264, 0x2265, 0x42A },
    { 0xFB00, 0xFB06, 0x42C },
    { 0xFFFD, 0xFFFD, 0x433 },
};

static const EpdFontGroup libron_14_regularGroups[] = {
    { 0, 3308, 7757, 97, 0 },
    { 3308, 2769, 9346, 96, 97 },
    { 6077, 3653, 14947, 128, 193 },
    { 9730, 3804, 13389, 96, 321 },
    { 13534, 1142, 1884, 112, 417 },
    { 14676, 8354, 27313, 256, 529 },
    { 23030, 2168, 12303, 90, 785 },
    { 25198, 1953, 4764, 111, 875 },
    { 27151, 636, 1334, 42, 986 },
    { 27787, 1773, 3502, 33, 1028 },
    { 29560, 181, 328, 7, 1061 },
    { 29741, 315, 977, 7, 1068 },
    { 30056, 128, 196, 1, 1075 },
};

static const uint16_t libron_14_regularKernLeftCodepoints[] = {
    0x0020, 0x0022, 0x0026, 0x0027, 0x0028, 0x0029, 0x002A, 0x002C, 0x002D, 0x002E, 0x002F, 0x0030,
    0x0031, 0x0032, 0x0033, 0x0034, 0x0035, 0x0036, 0x0037, 0x0038, 0x0039, 0x003A, 0x003B, 0x003F,
    0x0040, 0x0041, 0x0042, 0x0043, 0x0044, 0x0045, 0x0046, 0x0047, 0x0048, 0x0049, 0x004A, 0x004B,
    0x004C, 0x004D, 0x004E, 0x004F, 0x0050, 0x0051, 0x0052, 0x0053, 0x0054, 0x0055, 0x0056, 0x0057,
    0x0058, 0x0059, 0x005A, 0x005B, 0x005C, 0x005D, 0x005F, 0x0061, 0x0062, 0x0063, 0x0064, 0x0065,
    0x0066, 0x0067, 0x0068, 0x0069, 0x006A, 0x006B, 0x006C, 0x006D, 0x006E, 0x006F, 0x0070, 0x0071,
    0x0072, 0x0073, 0x0074, 0x0075, 0x0076, 0x0077, 0x0078, 0x0079, 0x007A, 0x007B, 0x007D, 0x00A0,
    0x00A1, 0x00A4, 0x00A5, 0x00A9, 0x00AA, 0x00AB, 0x00AD, 0x00AE, 0x00B0, 0x00B2, 0x00B7, 0x00BA,
    0x00BB, 0x00BF, 0x00C0, 0x00C1, 0x00C2, 0x00C3, 0x00C4, 0x00C5, 0x00C6, 0x00C7, 0x00C8, 0x00C9,
    0x00CA, 0x00CB, 0x00CC, 0x00CD, 0x00CE, 0x00CF, 0x00D0, 0x00D1, 0x00D2, 0x00D3, 0x00D4, 0x00D5,
    0x00D6, 0x00D8, 0x00D9, 0x00DA, 0x00DB, 0x00DC, 0x00DD, 0x00DE, 0x00DF, 0x00E0, 0x00E1, 0x00E2,
    0x00E3, 0x00E4, 0x00E5, 0x00E6, 0x00E7, 0x00E8, 0x00E9, 0x00EA, 0x00EB, 0x00EC, 0x00ED, 0x00EE,
    0x00EF, 0x00F0, 0x00F1, 0x00F2, 0x00F3, 0x00F4, 0x00F5, 0x00F6, 0x00F8, 0x00F9, 0x00FA, 0x00FB,
    0x00FC, 0x00FD, 0x00FE, 0x00FF, 0x0100, 0x0101, 0x0102, 0x0103, 0x0104, 0x0105, 0x0106, 0x0107,
    0x0108, 0x0109, 0x010A, 0x010B, 0x010C, 0x010D, 0x010E, 0x010F, 0x0110, 0x0111, 0x0112, 0x0113,
    0x0114, 0x0115, 0x0116, 0x0117, 0x0118, 0x0119, 0x011A, 0x011B, 0x011C, 0x011D, 0x011E, 0x011F,
    0x0120, 0x0121, 0x0122, 0x0123, 0x0124, 0x0125, 0x0126, 0x0127, 0x0128, 0x0129, 0x012A, 0x012B,
    0x012C, 0x012D, 0x012E, 0x012F, 0x0130, 0x0131, 0x0134, 0x0135, 0x0136, 0x0137, 0x0138, 0x0139,
    0x013A, 0x013B, 0x013C, 0x013D, 0x013E, 0x013F, 0x0141, 0x0142, 0x0143, 0x0144, 0x0145, 0x0146,
    0x0147, 0x0148, 0x014A, 0x014B, 0x014C, 0x014D, 0x014E, 0x014F, 0x0150, 0x0151, 0x0152, 0x0153,
    0x0154, 0x0155, 0x0156, 0x0157, 0x0158, 0x0159, 0x015A, 0x015B, 0x015C, 0x015D, 0x015E, 0x015F,
    0x0160, 0x0161, 0x0162, 0x0163, 0x0164, 0x0165, 0x0166, 0x0167, 0x0168, 0x0169, 0x016A, 0x016B,
    0x016C, 0x016D, 0x016E, 0x016F, 0x0170, 0x0171, 0x0172, 0x0173, 0x0174, 0x0175, 0x0176, 0x0177,
    0x0178, 0x0179, 0x017A, 0x017B, 0x017C, 0x017D, 0x017E, 0x01A0, 0x01A1, 0x01AF, 0x01B0, 0x01C4,
    0x01C5, 0x01C6, 0x01C7, 0x01C8, 0x01C9, 0x01CA, 0x01CB, 0x01CC, 0x01E6, 0x01E7, 0x01EA, 0x01EB,
    0x01FA, 0x01FB, 0x01FC, 0x01FD, 0x01FE, 0x01FF, 0x0200, 0x0201, 0x0202, 0x0203, 0x0204, 0x0205,
    0x0206, 0x0207, 0x0208, 0x0209, 0x020A, 0x020B, 0x020C, 0x020D, 0x020E, 0x020F, 0x0210, 0x0211,
    0x0212, 0x0213, 0x0214, 0x0215, 0x0216, 0x0217, 0x0218, 0x0219, 0x021A, 0x021B, 0x0400, 0x0401,
    0x0402, 0x0403, 0x0404, 0x0405, 0x0409, 0x040A, 0x040B, 0x040C, 0x040E, 0x0410, 0x0411, 0x0412,
    0x0413, 0x0414, 0x0415, 0x0416, 0x0417, 0x041A, 0x041E, 0x0420, 0x0421, 0x0422, 0x0423, 0x0424,
    0x0425, 0x0426, 0x0429, 0x042A, 0x042C, 0x042D, 0x042E, 0x0430, 0x0431, 0x0432, 0x0433, 0x0434,
    0x0435, 0x0436, 0x0437, 0x0438, 0x0439, 0x043A, 0x043B, 0x043C, 0x043D, 0x043E, 0x043F, 0x0440,
    0x0441, 0x0442, 0x0443, 0x0444, 0x0445, 0x0446, 0x0447, 0x0448, 0x0449, 0x044A, 0x044B, 0x044C,
    0x044D, 0x044E, 0x044F, 0x0450, 0x0451, 0x0452, 0x0453, 0x0454, 0x0455, 0x0457, 0x0458, 0x0459,
    0x045A, 0x045B, 0x045C, 0x045D, 0x045E, 0x045F, 0x0460, 0x0461, 0x0462, 0x0463, 0x0464, 0x0465,
    0x0466, 0x0467, 0x0468, 0x0469, 0x046E, 0x0471, 0x0472, 0x0473, 0x0474, 0x0475, 0x0476, 0x0477,
    0x0478, 0x0479, 0x047A, 0x047B, 0x047C, 0x047D, 0x047E, 0x047F, 0x0480, 0x048A, 0x048B, 0x048C,
    0x048D, 0x048E, 0x048F, 0x0490, 0x0491, 0x0492, 0x0493, 0x0496, 0x0497, 0x0498, 0x0499, 0x049A,
    0x049B, 0x049C, 0x049D, 0x049E, 0x049F, 0x04A0, 0x04A1, 0x04A2, 0x04A3, 0x04A4, 0x04A5, 0x04A9,
    0x04AA, 0x04AB, 0x04AC, 0x04AD, 0x04AE, 0x04AF, 0x04B0, 0x04B1, 0x04B2, 0x04B3, 0x04B4, 0x04B5,
    0x04B6, 0x04B7, 0x04BC, 0x04BD, 0x04BE, 0x04BF, 0x04C1, 0x04C2, 0x04C5, 0x04C6, 0x04C9, 0x04CA,
    0x04CD, 0x04CE, 0x04D0, 0x04D1, 0x04D2, 0x04D3, 0x04D4, 0x04D5, 0x04D6, 0x04D7, 0x04D8, 0x04D9,
    0x04DA, 0x04DB, 0x04DC, 0x04DD, 0x04DE, 0x04DF, 0x04E3, 0x04E5, 0x04E6, 0x04E7, 0x04E8, 0x04E9,
    0x04EA, 0x04EB, 0x04EC, 0x04ED, 0x04EE, 0x04EF, 0x04F0, 0x04F1, 0x04F2, 0x04F3, 0x04F5, 0x04F6,
    0x04F7, 0x04F9, 0x04FA, 0x04FB, 0x04FC, 0x04FD, 0x04FE, 0x04FF, 0x1EA0, 0x1EA1, 0x1EA2, 0x1EA3,
    0x1EA4, 0x1EA5, 0x1EA6, 0x1EA7, 0x1EA8, 0x1EA9, 0x1EAA, 0x1EAB, 0x1EAC, 0x1EAD, 0x1EAE, 0x1EAF,
    0x1EB0, 0x1EB1, 0x1EB2, 0x1EB3, 0x1EB4, 0x1EB5, 0x1EB6, 0x1EB7, 0x1EB8, 0x1EB9, 0x1EBA, 0x1EBB,
    0x1EBC, 0x1EBD, 0x1EBE, 0x1EBF, 0x1EC0, 0x1EC1, 0x1EC2, 0x1EC3, 0x1EC4, 0x1EC5, 0x1EC6, 0x1EC7,
    0x1EC8, 0x1EC9, 0x1ECA, 0x1ECB, 0x1ECC, 0x1ECD, 0x1ECE, 0x1ECF, 0x1ED0, 0x1ED1, 0x1ED2, 0x1ED3,
    0x1ED4, 0x1ED5, 0x1ED6, 0x1ED7, 0x1ED8, 0x1ED9, 0x1EDA, 0x1EDB, 0x1EDC, 0x1EDD, 0x1EDE, 0x1EDF,
    0x1EE0, 0x1EE1, 0x1EE2, 0x1EE3, 0x1EE4, 0x1EE5, 0x1EE6, 0x1EE7, 0x1EE8, 0x1EE9, 0x1EEA, 0x1EEB,
    0x1EEC, 0x1EED, 0x1EEE, 0x1EEF, 0x1EF0, 0x1EF1, 0x1EF2, 0x1EF3, 0x1EF4, 0x1EF5, 0x1EF6, 0x1EF7,
    0x1EF8, 0x1EF9, 0x2013, 0x2014, 0x2015, 0x2018, 0x2019, 0x201A, 0x201C, 0x201D, 0x201E, 0x2022,
    0x2026, 0x2032, 0x2033, 0x2039, 0x203A, 0x2074, 0x20A3, 0x20AD, 0x20B1, 0x20B9, 0x20BA, 0x20BC,
    0xFB00, 0xFB01, 0xFB02, 0xFB03, 0xFB04,
};

static const uint8_t libron_14_regularKernLeftClassIds[] = {
      1,   2,   3,   2,   4,   5,   6,   7,   8,   9,  10,  11,  12,  13,  14,  15,
     16,  17,  18,  19,  20,  21,  21,  22,  23,  24,  25,  26,  27,  28,  29,  30,
     31,  31,  32,  33,  34,  35,  36,  37,  38,  39,  40,  41,  42,  43,  44,  45,
     46,  47,  48,  49,  50,  51,  52,  53,  54,  55,  56,  57,  58,  59,  60,  61,
     62,  63,  64,  60,  60,  65,  54,  66,  67,  68,  69,  70,  71,  72,  73,  74,
     75,  76,  77,   1,  78,  79,  80,  81,  82,  83,   8,  84,  85,  86,  87,  88,
     89,  90,  24,  24,  24,  24,  24,  24,  28,  26,  28,  28,  28,  28,  31,  31,
     31,  31,  27,  36,  37,  37,  37,  37,  37,  91,  43,  43,  43,  43,  47,  92,
     93,  53,  94,  53,  53,  95,  53,  57,  55,  57,  96,  97,  98,  61,  99, 100,
    101, 102,  60,  65, 103,  65,  65,  65, 104,  70,  70,  70,  70,  74,  54,  74,
     24,  53,  24,  53, 105, 106,  26, 107,  26, 108,  26,  55,  26, 109,  27, 110,
     27, 111,  28,  57,  28,  57,  28,  57,  28,  57,  28, 112,  30, 113,  30, 113,
     30, 113,  30, 113,  31,  60,  31,  60,  31, 114,  31, 115,  31, 116,  31,  61,
     31,  61,  32, 117, 118,  63, 119,  34,  64,  34,  64, 120, 121,  34,  34, 122,
     36,  60,  36,  60,  36,  60,  36,  60,  37,  65,  37,  65,  37, 123,  28,  57,
     40, 124,  40,  67,  40, 125,  41, 126,  41, 127,  41,  68,  41, 128,  42,  69,
     42, 129, 130, 131,  43,  70,  43,  70,  43,  70,  43,  70,  43, 132,  43,  70,
     45,  72,  47,  74,  47,  48,  75,  48,  75,  48,  75, 133, 134, 135, 136,  48,
     75,  75,  32,  62,  62,  32,  62,  62,  30, 113,  37,  65,  24,  53,  28,  57,
     91, 104,  24,  53,  24,  53,  28,  57,  28,  97,  31, 137,  31, 138,  37,  65,
     37,  65,  40,  67,  40, 139,  43,  70,  43,  70,  41,  68,  42,  69, 140, 140,
    141, 142, 143, 144, 145, 145, 141, 146, 147, 148, 149, 150, 142, 151, 140, 146,
    150, 146, 152, 153, 143, 142, 147, 154, 146, 151, 151, 145, 145, 152, 152, 155,
    156, 157, 158, 159, 160, 161, 157, 162, 162, 161, 162, 162, 162, 160, 162, 160,
    163, 158, 164, 160, 161, 159, 162, 162, 159, 165, 162, 165, 160, 160, 162, 160,
    160, 166, 158, 163, 167, 168, 169, 165, 165, 170, 161, 162, 164, 162, 152, 171,
    172, 165, 143, 163, 148, 173, 148, 173, 174, 160, 152, 160, 147, 171, 147, 171,
    164, 164, 152, 160, 152, 160, 152, 171, 143, 151, 159, 172, 165, 153, 160, 175,
    176, 177, 178, 179, 180, 174, 157, 179, 180, 146, 161, 146, 161, 146, 161, 151,
    159, 177, 176, 160, 143, 163, 175, 176, 181, 182, 181, 182, 179, 180, 151, 159,
    151, 159, 183, 184, 183, 184, 146, 161, 151, 159, 151, 159, 151, 159, 148, 155,
    148, 155, 140, 184, 140, 184, 152, 160, 152, 160, 146, 161, 174, 157, 162, 162,
    152, 160, 152, 160, 152, 160, 152, 160, 147, 164, 147, 164, 147, 164, 162, 175,
    176, 162, 177, 178, 179, 180, 146, 180,  24,  53,  24,  53,  24, 185,  24,  53,
     24, 186,  24,  53,  24,  53,  24,  53,  24,  53,  24,  53,  24,  53,  24,  53,
     28,  57,  28,  57,  28,  57,  28, 187,  28,  97,  28, 188,  28, 189,  28,  97,
     31, 190,  31,  61,  37,  65,  37,  65,  37, 191,  37,  65,  37, 192,  37,  65,
     37,  65, 133, 134, 133, 134, 133, 134, 133, 134, 133, 134,  43,  70,  43,  70,
    135, 136, 135, 136, 135, 136, 135, 136, 193, 194,  47,  74,  47, 195,  47,  74,
     47,  74, 196, 196, 197, 198, 199,   7, 198, 199, 200, 201,   9, 202, 202,  83,
     89, 203, 204, 205, 205, 206, 207, 208, 209, 210,  64, 210,  64,
};

static const uint16_t libron_14_regularKernRightCodepoints[] = {
    0x0020, 0x0021, 0x0022, 0x0026, 0x0027, 0x0028, 0x0029, 0x002A, 0x002C, 0x002D, 0x002E, 0x002F,
    0x0030, 0x0031, 0x0032, 0x0033, 0x0034, 0x0035, 0x0036, 0x0037, 0x0038, 0x0039, 0x003A, 0x003B,
    0x003F, 0x0040, 0x0041, 0x0042, 0x0043, 0x0044, 0x0045, 0x0046, 0x0047, 0x0048, 0x0049, 0x004A,
    0x004B, 0x004C, 0x004D, 0x004E, 0x004F, 0x0050, 0x0051, 0x0052, 0x0053, 0x0054, 0x0055, 0x0056,
    0x0057, 0x0058, 0x0059, 0x005A, 0x005C, 0x005D, 0x005F, 0x0061, 0x0062, 0x0063, 0x0064, 0x0065,
    0x0066, 0x0067, 0x0068, 0x0069, 0x006A, 0x006B, 0x006C, 0x006D, 0x006E, 0x006F, 0x0070, 0x0071,
    0x0072, 0x0073, 0x0074, 0x0075, 0x0076, 0x0077, 0x0078, 0x0079, 0x007A, 0x007B, 0x007C, 0x007D,
    0x00A0, 0x00A1, 0x00A4, 0x00A5, 0x00A6, 0x00A9, 0x00AA, 0x00AB, 0x00AD, 0x00AE, 0x00B0, 0x00B2,
    0x00B3, 0x00B7, 0x00B9, 0x00BA, 0x00BB, 0x00BF, 0x00C0, 0x00C1, 0x00C2, 0x00C3, 0x00C4, 0x00C5,
    0x00C6, 0x00C7, 0x00C8, 0x00C9, 0x00CA, 0x00CB, 0x00CC, 0x00CD, 0x00CE, 0x00CF, 0x00D0, 0x00D1,
    0x00D2, 0x00D3, 0x00D4, 0x00D5, 0x00D6, 0x00D8, 0x00D9, 0x00DA, 0x00DB, 0x00DC, 0x00DD, 0x00DE,
    0x00DF, 0x00E0, 0x00E1, 0x00E2, 0x00E3, 0x00E4, 0x00E5, 0x00E6, 0x00E7, 0x00E8, 0x00E9, 0x00EA,
    0x00EB, 0x00EC, 0x00ED, 0x00EE, 0x00EF, 0x00F0, 0x00F1, 0x00F2, 0x00F3, 0x00F4, 0x00F5, 0x00F6,
    0x00F8, 0x00F9, 0x00FA, 0x00FB, 0x00FC, 0x00FD, 0x00FE, 0x00FF, 0x0100, 0x0101, 0x0102, 0x0103,
    0x0104, 0x0105, 0x0106, 0x0107, 0x0108, 0x0109, 0x010A, 0x010B, 0x010C, 0x010D, 0x010E, 0x010F,
    0x0110, 0x0111, 0x0112, 0x0113, 0x0114, 0x0115, 0x0116, 0x0117, 0x0118, 0x0119, 0x011A, 0x011B,
    0x011C, 0x011D, 0x011E, 0x011F, 0x0120, 0x0121, 0x0122, 0x0123, 0x0124, 0x0125, 0x0126, 0x0127,
    0x0128, 0x0129, 0x012A, 0x012B, 0x012C, 0x012D, 0x012E, 0x012F, 0x0130, 0x0131, 0x0134, 0x0135,
    0x0136, 0x0137, 0x0138, 0x0139, 0x013A, 0x013B, 0x013C, 0x013D, 0x013E, 0x013F, 0x0140, 0x0141,
    0x0142, 0x0143, 0x0144, 0x0145, 0x0146, 0x0147, 0x0148, 0x014A, 0x014B, 0x014C, 0x014D, 0x014E,
    0x014F, 0x0150, 0x0151, 0x0152, 0x0153, 0x0154, 0x0155, 0x0156, 0x0157, 0x0158, 0x0159, 0x015A,
    0x015B, 0x015C, 0x015D, 0x015E, 0x015F, 0x0160, 0x0161, 0x0162, 0x0163, 0x0164, 0x0165, 0x0166,
    0x0167, 0x0168, 0x0169, 0x016A, 0x016B, 0x016C, 0x016D, 0x016E, 0x016F, 0x0170, 0x0171, 0x0172,
    0x0173, 0x0174, 0x0175, 0x0176, 0x0177, 0x0178, 0x0179, 0x017A, 0x017B, 0x017C, 0x017D, 0x017E,
    0x01A0, 0x01A1, 0x01AF, 0x01B0, 0x01C4, 0x01C5, 0x01C6, 0x01C7, 0x01C8, 0x01C9, 0x01CA, 0x01CB,
    0x01CC, 0x01E6, 0x01E7, 0x01EA, 0x01EB, 0x01FA, 0x01FB, 0x01FC, 0x01FD, 0x01FE, 0x01FF, 0x0200,
    0x0201, 0x0202, 0x0203, 0x0204, 0x0205, 0x0206, 0x0207, 0x0208, 0x0209, 0x020A, 0x020B, 0x020C,
    0x020D, 0x020E, 0x020F, 0x0210, 0x0211, 0x0212, 0x0213, 0x0214, 0x0215, 0x0216, 0x0217, 0x0218,
    0x0219, 0x021A, 0x021B, 0x0402, 0x0404, 0x0405, 0x0408, 0x0409, 0x040B, 0x040E, 0x0410, 0x0414,
    0x0416, 0x0417, 0x041B, 0x041E, 0x0421, 0x0422, 0x0423, 0x0424, 0x0425, 0x0427, 0x042A, 0x042D,
    0x042F, 0x0430, 0x0431, 0x0432, 0x0433, 0x0434, 0x0435, 0x0436, 0x0437, 0x0438, 0x0439, 0x043A,
    0x043B, 0x043C, 0x043D, 0x043E, 0x043F, 0x0440, 0x0441, 0x0442, 0x0443, 0x0444, 0x0445, 0x0446,
    0x0447, 0x0448, 0x0449, 0x044A, 0x044B, 0x044C, 0x044D, 0x044E, 0x044F, 0x0450, 0x0451, 0x0452,
    0x0453, 0x0454, 0x0455, 0x0457, 0x0458, 0x0459, 0x045A, 0x045B, 0x045C, 0x045D, 0x045E, 0x045F,
    0x0460, 0x0461, 0x0462, 0x0465, 0x0466, 0x0467, 0x0469, 0x046D, 0x046E, 0x0470, 0x0472, 0x0473,
    0x0474, 0x0475, 0x0476, 0x0477, 0x0478, 0x0479, 0x047A, 0x047B, 0x047C, 0x047D, 0x047E, 0x047F,
    0x0480, 0x0481, 0x048B, 0x048C, 0x048D, 0x048F, 0x0491, 0x0492, 0x0495, 0x0496, 0x0497, 0x0498,
    0x0499, 0x049B, 0x049D, 0x049F, 0x04A0, 0x04A1, 0x04A3, 0x04A5, 0x04A7, 0x04A8, 0x04A9, 0x04AA,
    0x04AB, 0x04AC, 0x04AD, 0x04AE, 0x04AF, 0x04B0, 0x04B1, 0x04B2, 0x04B3, 0x04B4, 0x04B5, 0x04B6,
    0x04B7, 0x04B8, 0x04B9, 0x04BB, 0x04BC, 0x04BD, 0x04BE, 0x04BF, 0x04C1, 0x04C2, 0x04C4, 0x04C5,
    0x04C6, 0x04C8, 0x04CA, 0x04CB, 0x04CC, 0x04CE, 0x04D0, 0x04D1, 0x04D2, 0x04D3, 0x04D4, 0x04D5,
    0x04D7, 0x04D8, 0x04D9, 0x04DA, 0x04DB, 0x04DC, 0x04DD, 0x04DE, 0x04DF, 0x04E3, 0x04E5, 0x04E6,
    0x04E7, 0x04E8, 0x04E9, 0x04EA, 0x04EB, 0x04EC, 0x04ED, 0x04EE, 0x04EF, 0x04F0, 0x04F1, 0x04F2,
    0x04F3, 0x04F4, 0x04F5, 0x04F7, 0x04F9, 0x04FA, 0x04FC, 0x04FD, 0x04FE, 0x04FF, 0x1EA0, 0x1EA1,
    0x1EA2, 0x1EA3, 0x1EA4, 0x1EA5, 0x1EA6, 0x1EA7, 0x1EA8, 0x1EA9, 0x1EAA, 0x1EAB, 0x1EAC, 0x1EAD,
    0x1EAE, 0x1EAF, 0x1EB0, 0x1EB1, 0x1EB2, 0x1EB3, 0x1EB4, 0x1EB5, 0x1EB6, 0x1EB7, 0x1EB8, 0x1EB9,
    0x1EBA, 0x1EBB, 0x1EBC, 0x1EBD, 0x1EBE, 0x1EBF, 0x1EC0, 0x1EC1, 0x1EC2, 0x1EC3, 0x1EC4, 0x1EC5,
    0x1EC6, 0x1EC7, 0x1EC8, 0x1EC9, 0x1ECA, 0x1ECB, 0x1ECC, 0x1ECD, 0x1ECE, 0x1ECF, 0x1ED0, 0x1ED1,
    0x1ED2, 0x1ED3, 0x1ED4, 0x1ED5, 0x1ED6, 0x1ED7, 0x1ED8, 0x1ED9, 0x1EDA, 0x1EDB, 0x1EDC, 0x1EDD,
    0x1EDE, 0x1EDF, 0x1EE0, 0x1EE1, 0x1EE2, 0x1EE3, 0x1EE4, 0x1EE5, 0x1EE6, 0x1EE7, 0x1EE8, 0x1EE9,
    0x1EEA, 0x1EEB, 0x1EEC, 0x1EED, 0x1EEE, 0x1EEF, 0x1EF0, 0x1EF1, 0x1EF2, 0x1EF3, 0x1EF4, 0x1EF5,
    0x1EF6, 0x1EF7, 0x1EF8, 0x1EF9, 0x2013, 0x2014, 0x2015, 0x2018, 0x2019, 0x201A, 0x201C, 0x201D,
    0x201E, 0x2020, 0x2021, 0x2022, 0x2026, 0x2032, 0x2033, 0x2039, 0x203A, 0x2070, 0x2074, 0x20AB,
    0x20B9, 0x20BC, 0xFB00, 0xFB01, 0xFB02, 0xFB03, 0xFB04,
};

static const uint8_t libron_14_regularKernRightClassIds[] = {
      1,   2,   3,   4,   3,   5,   6,   7,   8,   9,  10,  11,  12,  13,  14,  15,
     16,  17,  18,  19,  20,  21,  22,  23,  24,  25,  26,  27,  28,  27,  27,  27,
     28,  27,  27,  29,  27,  27,  30,  31,  28,  27,  28,  27,  32,  33,  34,  35,
     36,  37,  38,  39,  40,  41,  42,  43,  44,  45,  46,  45,  47,  48,  49,  50,
     51,  52,  53,  54,  54,  45,  55,  46,  54,  56,  57,  58,  59,  60,  61,  62,
     63,  64,  65,  66,   1,  67,  68,  69,  65,  70,  71,  72,   9,  73,  74,  75,
     76,  77,  78,  79,  80,  81,  26,  26,  26,  26,  26,  26,  82,  28,  27,  27,
     27,  27,  27,  27,  27,  27,  27,  31,  28,  28,  28,  28,  28,  83,  34,  34,
     34,  34,  38,  27,  84,  85,  43,  86,  87,  88,  89,  43,  45,  90,  45,  91,
     92,  93,  94,  95,  96,  97,  54,  98,  45,  99, 100, 101, 102, 103,  58,  58,
    104,  62, 105,  62,  26, 106,  26, 107,  26,  43,  28,  45,  28, 108,  28,  45,
     28, 109,  27,  46,  27,  46,  27, 110,  27, 111,  27,  45,  27,  45,  27, 112,
     28, 113,  28, 114,  28,  48,  28,  48,  27,  49,  27, 115, 116, 117,  27, 118,
     27, 119,  27, 120,  27, 121,  29, 122,  27, 123,  54,  27,  53,  27,  53,  27,
     53,  27,  53, 124, 125,  31,  54,  31,  54,  31,  54,  31,  54,  28, 126,  28,
    127,  28,  45,  28,  45,  27,  54,  27,  54,  27, 128,  32,  56,  32, 129,  32,
     56,  32, 130,  33,  57,  33, 131, 132, 133,  34,  58,  34,  58,  34, 134,  34,
     58,  34,  58,  34,  58,  36,  60,  38,  62,  38,  39, 135,  39,  63,  39, 136,
     28,  45,  34,  58,  27,  27,  46,  27,  27,  53,  31,  31,  54,  28, 137,  28,
     45,  26,  89,  82,  43,  83, 102,  26, 138,  26, 139,  27, 140,  27, 141,  27,
    142,  27, 143,  28, 144,  28,  45,  27, 145,  27, 146,  34, 147,  34,  58,  32,
     56,  33,  57, 148, 149, 150, 151, 152, 148, 153, 154, 155, 156, 157, 152, 149,
    149, 148, 153, 158, 156, 159, 148, 157, 160, 161, 162, 163, 163, 164, 165, 166,
    167, 163, 163, 163, 168, 163, 163, 165, 163, 163, 165, 169, 170, 165, 166, 163,
    171, 163, 163, 169, 163, 163, 167, 163, 172, 165, 165, 173, 163, 165, 174, 175,
    176, 168, 163, 173, 163, 163, 170, 163, 177, 178, 179, 180, 154, 164, 180, 180,
    157, 159, 177, 161, 181, 178, 181, 178, 177, 161, 177, 161, 177, 161, 177, 178,
    177, 161, 180, 179, 173, 180, 180, 179, 180, 156, 166, 157, 167, 180, 180, 173,
    182, 169, 180, 180, 180, 177, 161, 177, 161, 148, 169, 183, 184, 183, 184, 156,
    166, 182, 169, 159, 171, 159, 171, 180, 185, 186, 185, 186, 156, 166, 180, 187,
    164, 180, 180, 159, 171, 180, 154, 188, 154, 188, 154, 188, 161, 189, 188, 189,
    188, 156, 166, 157, 167, 163, 163, 177, 161, 177, 161, 177, 161, 157, 167, 153,
    170, 153, 170, 153, 170, 159, 171, 180, 163, 179, 156, 166, 156, 166,  26,  43,
     26, 190,  26,  86,  26, 191,  26,  86,  26, 192,  26,  86,  26, 193,  26, 194,
     26, 193,  26, 195,  26, 107,  27,  45,  27, 196,  27, 197,  27,  91,  27, 198,
     27,  91,  27, 199,  27,  91,  27, 200,  27, 120,  28,  45,  28,  45,  28,  99,
     28, 201,  28,  99,  28, 202,  28,  99,  28,  45,  28,  98,  28,  45,  28, 100,
     28,  45,  34,  58,  34,  58,  34,  58,  34, 103,  34,  58,  34,  58,  34,  58,
     38, 203,  38,  62,  38,  62,  38,  62, 204, 204, 205, 206, 207, 208, 206, 207,
    209, 210, 211, 212,  10, 213, 213,  72,  80, 214, 215, 216, 217, 218,  84,  47,
     47,  84,  84,
};

static const uint16_t libron_14_regularKernRowOffsets[] = {
        0,    31,   136,   176,   272,   279,   405,   453,   545,   593,   681,   701,   729,   742,   768,   797,
      808,   832,   858,   869,   893,   909,   912,   929,  1033,  1084,  1091,  1171,  1200,  1319,  1363,  1443,
     1561,  1661,  1710,  1798,  1915,  1969,  2055,  2110,  2193,  2236,  2357,  2477,  2611,  2743,  2844,  2974,
     3029,  3109,  3127,  3129,  3140,  3171,  3212,  3266,  3322,  3350,  3479,  3560,  3588,  3613,  3616,  3704,
     3733,  3765,  3787,  3895,  3946,  4021,  4050,  4147,  4239,  4310,  4407,  4433,  4516,  4526,  4539,  4540,
     4547,  4561,  4564,  4653,  4700,  4704,  4706,  4792,  4793,  4893,  5020,  5074,  5134,  5183,  5214,  5245,
     5273,  5301,  5329,  5368,  5395,  5429,  5463,  5495,  5527,  5631,  5669,  5723,  5777,  5831,  5912,  5968,
     5996,  6078,  6112,  6137,  6172,  6181,  6282,  6371,  6420,  6483,  6488,  6520,  6629,  6737,  6788,  6839,
     6890,  6976,  7097,  7172,  7201,  7235,  7242,  7358,  7379,  7404,  7429,  7537,  7538,  7549,  7570,  7575,
     7576,  7584,  7596,  7620,  7636,  7638,  7641,  7652,  7667,  7680,  7694,  7699,  7710,  7717,  7725,  7735,
     7746,  7757,  7759,  7762,  7771,  7786,  7791,  7795,  7798,  7800,  7804,  7805,  7811,  7818,  7820,  7842,
     7848,  7863,  7865,  7870,  7872,  7883,  7884,  7887,  7889,  7923,  7963,  8001,  8039,  8067,  8092,  8125,
     8158,  8275,  8297,  8394,  8486,  8492,  8597,  8715,  8763,  8780,  8802,  8810,  8812,  8813,  8814,  8815,
     8816,  8945,  8969,
};

static const uint8_t libron_14_regularKernSparseCols[] = {
      2,   6,   7,   9,  10,  23,  25,  28,  32,  34,  35,  36,  37,  39,  40,  41,
     56,  58,  59,  61,  72,  81, 130, 131, 132, 202, 205, 206, 207, 208, 212,   0,
      3,   7,   8,   9,  15,  16,  17,  21,  22,  25,  28,  34,  35,  37,  40,  42,
     43,  44,  45,  46,  47,  48,  51,  52,  53,  54,  55,  56,  62,  63,  65,  66,
     71,  79,  80,  81,  83,  84,  85,  86,  87,  88,  89,  90,  91,  92,  94,  95,
     96,  97,  98,  99, 100, 101, 104, 105, 106, 107, 108, 109, 110, 111, 112, 113,
    114, 116, 117, 118, 121, 122, 125, 126, 127, 128, 129, 130, 132, 134, 135, 136,
    137, 138, 139, 140, 141, 142, 143, 144, 145, 189, 190, 191, 192, 193, 194, 195,
    196, 197, 198, 200, 201, 203, 207, 208,   0,   6,  25,  32,  33,  34,  35,  36,
     37,  44,  45,  71,  81,  89,  90,  91,  96,  97,  98,  99, 100, 101, 107, 108,
    109, 110, 111, 123, 125, 126, 131, 139, 140, 143, 195, 196, 197, 198, 200, 201,
      3,   4,   6,   7,   8,   9,  11,  15,  17,  19,  21,  22,  27,  28,  34,  37,
     42,  43,  44,  45,  53,  54,  55,  56,  57,  58,  59,  61,  62,  63,  69,  71,
     72,  79,  82,  84,  85,  86,  87,  88,  89,  90,  91,  92,  95,  96,  97,  98,
     99, 100, 101, 102, 103, 104, 105, 106, 107, 108, 109, 110, 111, 125, 126, 127,
    128, 129, 130, 132, 133, 134, 135, 137, 138, 139, 140, 141, 143, 144, 145, 146,
    189, 191, 192, 193, 194, 195, 196, 197, 198, 200, 201, 202, 203, 205, 207, 208,
      5,   7,   9,  40,  65, 207, 208,   0,   3,   5,   7,   8,   9,  12,  15,  16,
     17,  21,  22,  25,  26,  28,  29,  30,  36,  37,  40,  42,  44,  45,  46,  47,
     48,  49,  50,  51,  52,  53,  54,  55,  56,  57,  58,  59,  60,  61,  62,  63,
     65,  66,  71,  79,  80,  81,  83,  84,  85,  86,  87,  88,  89,  90,  91,  92,
     93,  94,  95,  96,  97,  98,  99, 100, 101, 102, 103, 104, 105, 106, 107, 108,
    109, 110, 111, 112, 113, 114, 115, 116, 117, 119, 120, 121, 122, 123, 124, 125,
    126, 127, 128, 129, 130, 132, 133, 134, 135, 136, 137, 138, 139, 140, 141, 142,
    143, 144, 145, 146, 189, 190, 191, 192, 193, 194, 195, 196, 197, 198, 199, 200,
    201, 202, 203, 207, 208,   0,   2,   4,   5,   6,   8,  11,  12,  14,  16,  17,
     18,  20,  23,  27,  32,  33,  34,  35,  37,  39,  50,  54,  56,  57,  58,  59,
     61,  63,  65,  69,  71,  72,  76,  82, 102, 103, 121, 130, 131, 132, 133, 146,
    202, 203, 205, 206, 212,   2,   5,   6,  12,  13,  14,  16,  18,  20,  21,  22,
     25,  26,  28,  29,  30,  32,  33,  34,  35,  36,  37,  38,  40,  42,  46,  48,
     49,  50,  51,  52,  53,  54,  56,  57,  58,  59,  60,  61,  62,  65,  79,  81,
     83,  84,  85,  86,  87,  88,  92,  93,  94,  95, 102, 103, 104, 105, 106, 114,
    115, 116, 117, 118, 119, 120, 121, 122, 127, 130, 131, 132, 133, 134, 135, 137,
    138, 141, 142, 144, 145, 146, 189, 190, 191, 192, 193, 194, 199, 202, 205, 206,
    212,   0,   2,   4,   5,   6,   8,  11,  12,  14,  16,  17,  18,  20,  23,  27,
     32,  33,  34,  35,  37,  39,  50,  54,  56,  57,  58,  59,  61,  63,  65,  69,
     71,  72,  76,  82, 102, 103, 121, 130, 131, 132, 133, 146, 202, 203, 205, 206,
    212,   0,   7,   9,  10,  15,  16,  17,  21,  22,  25,  28,  34,  35,  37,  42,
     43,  44,  45,  46,  47,  53,  54,  55,  56,  57,  60,  62,  81,  83,  84,  85,
     86,  87,  88,  89,  90,  91,  96,  97,  98,  99, 100, 101, 102, 103, 104, 105,
    106, 107, 108, 109, 110, 111, 112, 113, 125, 126, 127, 128, 129, 130, 132, 133,
    134, 135, 136, 137, 138, 139, 140, 143, 144, 145, 146, 189, 190, 191, 192, 193,
    194, 195, 196, 197, 198, 200, 201, 207, 208,   5,   7,   9,  16,  25,  26,  28,
     29,  30,  33,  34,  35,  36,  37,  40,  65,  68, 115, 207, 208,   2,   6,   8,
     11,  15,  17,  18,  20,  25,  27,  32,  33,  34,  35,  37,  39,  68,  70,  73,
     76,  78,  82, 131, 203, 205, 206, 212, 216,   2,   6,  18,  32,  33,  34,  35,
     36,  37,  68, 131, 206, 212,   5,   6,   7,   9,  18,  21,  22,  25,  26,  28,
     29,  30,  32,  33,  34,  35,  36,  37,  38,  40,  68, 115, 131, 206, 207, 208,
      2,   5,   6,  12,  13,  14,  15,  18,  25,  26,  28,  29,  30,  32,  33,  34,
     35,  36,  37,  38,  39,  40,  68,  73, 115, 131, 205, 206, 212,   2,   7,   9,
     16,  19,  21,  22,  25,  28, 207, 208,   2,   6,   7,   9,  12,  13,  18,  20,
     25,  32,  33,  34,  35,  36,  37,  38,  68,  73, 131, 205, 206, 207, 208, 212,
      2,   7,   8,   9,  10,  12,  15,  16,  17,  18,  25,  27,  28,  34,  35,  36,
     37,  40,  67,  76,  82, 203, 207, 208, 215, 217,   5,   6,  25,  29,  30,  33,
     34,  35,  36,  37,  68,   5,   7,   8,   9,  10,  16,  25,  26,  28,  29,  30,
     33,  34,  35,  36,  37,  40,  65,  68,  76, 115, 203, 207, 208,   2,   5,   8,
     14,  16,  32,  33,  34,  35,  37,  39,  71,  76, 131, 203, 205,  71, 207, 208,
      0,   7,   9,  25,  26,  28,  29,  30,  33,  34,  35,  36,  37,  81, 115, 207,
    208,   0,   2,   3,   6,   8,  10,  11,  15,  17,  18,  19,  20,  23,  24,  27,
     28,  31,  32,  33,  34,  35,  37,  39,  42,  44,  45,  47,  50,  54,  55,  56,
     57,  58,  59,  61,  69,  70,  71,  72,  76,  78,  82,  84,  85,  86,  87,  88,
     89,  90,  91,  96,  97,  98,  99, 100, 101, 102, 103, 105, 106, 107, 108, 109,
    110, 111, 112, 113, 121, 123, 124, 125, 126, 128, 129, 130, 131, 132, 133, 136,
    137, 138, 139, 140, 143, 146, 189, 190, 191, 192, 193, 194, 195, 196, 197, 198,
    200, 201, 202, 203, 205, 206, 209, 210, 211,   5,  23,  25,  26,  28,  29,  30,
     32,  33,  34,  35,  36,  37,  38,  40,  42,  47,  53,  58,  59,  60,  61,  62,
     79,  81,  84,  85,  86,  87,  88, 105, 106, 112, 113, 115, 127, 131, 134, 135,
    136, 137, 138, 144, 145, 189, 190, 191, 192, 193, 194, 202,  25,  61, 141, 190,
    197, 200, 202,   3,   5,   7,   9,  12,  23,  25,  26,  28,  29,  30,  32,  33,
     34,  35,  36,  37,  38,  40,  42,  44,  45,  48,  51,  52,  58,  60,  61,  65,
     79,  81,  84,  85,  86,  87,  88,  89,  90,  91,  96,  97,  98,  99, 100, 101,
    104, 105, 106, 107, 108, 109, 110, 111, 114, 115, 122, 124, 125, 126, 131, 137,
    138, 139, 140, 143, 189, 190, 191, 192, 193, 194, 195, 196, 197, 198, 200, 201,
    202, 207, 208,  34,  37,  42,  54,  58,  59,  61,  62,  84,  85,  86,  87,  88,
    105, 106, 134, 135, 137, 138, 141, 189, 190, 191, 192, 193, 194, 197, 200, 202,
      0,   3,   7,   8,   9,  10,  15,  16,  17,  21,  22,  23,  24,  25,  27,  28,
     29,  31,  42,  43,  44,  45,  46,  47,  49,  50,  53,  54,  55,  56,  57,  58,
     59,  60,  61,  62,  71,  76,  79,  81,  82,  83,  84,  85,  86,  87,  88,  89,
     90,  91,  92,  93,  94,  95,  96,  97,  98,  99, 100, 101, 102, 103, 104, 105,
    106, 107, 108, 109, 110, 111, 112, 113, 114, 116, 117, 118, 119, 120, 121, 124,
    125, 126, 127, 128, 129, 130, 132, 133, 134, 135, 136, 137, 138, 139, 140, 141,
    142, 143, 145, 146, 189, 190, 191, 192, 193, 194, 195, 196, 197, 198, 199, 200,
    201, 202, 203, 205, 207, 208, 211,   2,   6,   7,   9,  18,  23,  25,  28,  32,
     34,  35,  36,  37,  38,  42,  58,  59,  60,  61,  79,  81,  84,  85,  86,  87,
     88, 105, 106, 131, 137, 138, 189, 190, 191, 192, 193, 194, 202, 205, 206, 207,
    208, 209, 210,   3,   8,  11,  15,  17,  24,  27,  42,  44,  45,  47,  54,  55,
     56,  57,  58,  59,  61,  62,  71,  76,  79,  82,  84,  85,  86,  87,  88,  89,
     90,  91,  96,  97,  98,  99, 100, 101, 102, 103, 105, 106, 107, 108, 109, 110,
    111, 112, 113, 124, 125, 126, 128, 129, 130, 132, 133, 134, 135, 136, 137, 138,
    139, 140, 141, 143, 146, 189, 190, 191, 192, 193, 194, 195, 196, 197, 198, 200,
    201, 202, 203,   3,   7,   8,   9,  10,  11,  13,  14,  15,  16,  17,  19,  21,
     22,  24,  25,  27,  28,  42,  43,  44,  45,  46,  47,  48,  49,  51,  52,  53,
     54,  55,  56,  57,  58,  59,  60,  61,  62,  71,  76,  79,  81,  82,  83,  84,
     85,  86,  87,  88,  89,  90,  91,  93,  94,  95,  96,  97,  98,  99, 100, 101,
    102, 103, 104, 105, 106, 107, 108, 109, 110, 111, 112, 113, 114, 116, 117, 118,
    119, 120, 122, 125, 126, 127, 128, 129, 130, 132, 133, 134, 135, 136, 137, 138,
    139, 140, 141, 142, 143, 144, 145, 146, 189, 190, 191, 192, 193, 194, 195, 196,
    197, 198, 199, 200, 201, 202, 203, 207, 208,   0,   3,   6,   8,  10,  11,  14,
     15,  16,  17,  19,  20,  24,  27,  28,  31,  32,  33,  34,  35,  37,  42,  44,
     45,  47,  54,  55,  56,  57,  58,  59,  61,  69,  70,  71,  72,  76,  78,  82,
     84,  85,  86,  87,  88,  89,  90,  91,  96,  97,  98,  99, 100, 101, 102, 103,
    105, 106, 107, 108, 109, 110, 111, 112, 113, 123, 124, 125, 126, 128, 129, 130,
    131, 132, 133, 136, 137, 138, 139, 140, 141, 143, 146, 189, 190, 191, 192, 193,
    194, 195, 196, 197, 198, 200, 201, 202, 203, 205, 209, 210, 211,   0,   2,   6,
      7,   9,  12,  18,  20,  21,  22,  23,  27,  32,  33,  34,  35,  36,  37,  38,
     39,  50,  54,  56,  57,  58,  59,  61,  62,  70,  72,  78,  82, 102, 103, 121,
    130, 131, 132, 133, 134, 135, 146, 202, 205, 206, 207, 208, 209, 210,   3,   6,
      8,  11,  15,  17,  24,  27,  32,  33,  42,  44,  45,  47,  50,  54,  55,  56,
     57,  58,  59,  61,  71,  72,  76,  78,  79,  82,  84,  85,  86,  87,  88,  89,
     90,  91,  96,  97,  98,  99, 100, 101, 102, 103, 105, 106, 107, 108, 109, 110,
    111, 112, 113, 121, 124, 125, 126, 128, 129, 130, 131, 132, 133, 136, 137, 138,
    139, 140, 141, 143, 146, 189, 190, 191, 192, 193, 194, 195, 196, 197, 198, 200,
    201, 202, 203, 205, 209, 210,   3,   7,   8,   9,  10,  11,  13,  14,  15,  16,
     17,  19,  21,  22,  24,  25,  27,  28,  42,  43,  44,  45,  46,  47,  49,  50,
     53,  54,  55,  56,  57,  58,  59,  60,  61,  62,  71,  76,  79,  81,  82,  83,
     84,  85,  86,  87,  88,  89,  90,  91,  92,  93,  94,  95,  96,  97,  98,  99,
    100, 101, 102, 103, 104, 105, 106, 107, 108, 109, 110, 111, 112, 113, 116, 117,
    118, 119, 120, 121, 124, 125, 126, 127, 128, 129, 130, 132, 133, 134, 135, 136,
    137, 138, 139, 140, 141, 142, 143, 144, 145, 146, 189, 190, 191, 192, 193, 194,
    195, 196, 197, 198, 199, 200, 201, 202, 203, 207, 208,   3,   5,   7,   9,  12,
     23,  25,  26,  28,  29,  30,  32,  33,  34,  35,  36,  37,  38,  40,  42,  48,
     51,  52,  58,  60,  61,  65,  79,  81,  84,  85,  86,  87,  88, 104, 105, 106,
    114, 115, 122, 124, 131, 137, 138, 189, 190, 191, 192, 193, 194, 202, 207, 208,
    209,   0,   3,   7,   8,   9,  10,  15,  16,  23,  24,  25,  26,  28,  29,  30,
     32,  34,  35,  36,  37,  42,  44,  45,  47,  55,  62,  71,  76,  79,  81,  84,
     85,  86,  87,  88,  89,  90,  91,  96,  97,  98,  99, 100, 101, 105, 106, 107,
    108, 109, 110, 111, 112, 113, 114, 115, 123, 124, 125, 126, 128, 129, 131, 134,
    135, 136, 137, 138, 139, 140, 143, 189, 190, 191, 192, 193, 194, 195, 196, 197,
    198, 200, 201, 203, 207, 208, 211,   3,   5,   7,   9,  12,  23,  25,  26,  28,
     29,  30,  32,  33,  34,  35,  36,  37,  38,  40,  41,  42,  48,  51,  52,  58,
     60,  61,  65,  79,  81,  84,  85,  86,  87,  88, 104, 105, 106, 114, 115, 122,
    124, 131, 137, 138, 189, 190, 191, 192, 193, 194, 202, 207, 208, 209,   2,   3,
      6,   8,  10,  11,  15,  17,  18,  20,  23,  24,  27,  28,  32,  33,  34,  35,
     37,  39,  40,  42,  44,  45,  58,  59,  61,  65,  70,  71,  72,  76,  78,  79,
     82,  84,  85,  86,  87,  88,  89,  90,  91,  96,  97,  98,  99, 100, 101, 105,
    106, 107, 108, 109, 110, 111, 125, 126, 131, 137, 138, 139, 140, 143, 189, 190,
    191, 192, 193, 194, 195, 196, 197, 198, 200, 201, 202, 203, 205, 206, 209, 210,
    211,  23,  25,  28,  34,  35,  36,  37,  42,  47,  54,  55,  58,  59,  61,  62,
     79,  81,  84,  85,  86,  87,  88, 105, 106, 112, 113, 128, 129, 134, 135, 136,
    137, 138, 141, 189, 190, 191, 192, 193, 194, 197, 202, 206,   0,   3,   7,   8,
      9,  10,  15,  16,  17,  21,  22,  23,  24,  25,  27,  28,  31,  36,  42,  44,
     45,  46,  47,  48,  49,  50,  51,  53,  54,  55,  56,  57,  58,  59,  60,  61,
     62,  71,  76,  79,  81,  82,  83,  84,  85,  86,  87,  88,  89,  90,  91,  92,
     93,  94,  95,  96,  97,  98,  99, 100, 101, 102, 103, 104, 105, 106, 107, 108,
    109, 110, 111, 112, 113, 114, 116, 117, 118, 119, 120, 121, 122, 125, 126, 127,
    128, 129, 130, 132, 133, 134, 135, 136, 137, 138, 139, 140, 141, 142, 143, 144,
    145, 146, 189, 190, 191, 192, 193, 194, 195, 196, 197, 198, 199, 200, 201, 202,
    203, 205, 207, 208, 211,   3,   7,   8,   9,  10,  11,  13,  14,  15,  16,  17,
     19,  21,  22,  24,  25,  27,  28,  29,  42,  43,  44,  45,  46,  47,  48,  49,
     51,  52,  53,  54,  55,  56,  57,  58,  59,  60,  61,  62,  71,  76,  79,  81,
     82,  83,  84,  85,  86,  87,  88,  89,  90,  91,  92,  93,  94,  95,  96,  97,
     98,  99, 100, 101, 102, 103, 104, 105, 106, 107, 108, 109, 110, 111, 112, 113,
    114, 116, 117, 118, 119, 120, 122, 125, 126, 127, 128, 129, 130, 132, 133, 134,
    135, 136, 137, 138, 139, 140, 141, 142, 143, 144, 145, 146, 189, 190, 191, 192,
    193, 194, 195, 196, 197, 198, 199, 200, 201, 202, 203, 207, 208,   0,   1,   2,
      3,   6,   7,   8,   9,  10,  11,  13,  14,  15,  16,  17,  19,  20,  21,  22,
     23,  24,  25,  27,  28,  31,  38,  39,  40,  42,  43,  44,  45,  46,  47,  48,
     49,  51,  52,  53,  54,  55,  56,  57,  58,  59,  60,  61,  62,  65,  69,  71,
     76,  79,  81,  82,  83,  84,  85,  86,  87,  88,  89,  90,  91,  92,  93,  94,
     95,  96,  97,  98,  99, 100, 101, 102, 103, 104, 105, 106, 107, 108, 109, 110,
    111, 112, 113, 114, 117, 118, 119, 120, 122, 123, 124, 125, 126, 127, 128, 129,
    130, 132, 133, 134, 135, 136, 137, 138, 139, 140, 141, 142, 143, 144, 145, 146,
    189, 190, 191, 192, 193, 194, 195, 196, 197, 198, 199, 200, 201, 202, 203, 207,
    208, 210, 211,   0,   1,   2,   3,   7,   8,   9,  10,  11,  13,  14,  15,  16,
     17,  19,  21,  22,  23,  24,  25,  27,  28,  31,  38,  39,  40,  42,  43,  44,
     45,  46,  47,  48,  49,  51,  52,  53,  54,  55,  56,  57,  58,  59,  60,  61,
     62,  65,  69,  71,  76,  79,  81,  82,  83,  84,  85,  86,  87,  88,  89,  90,
     91,  92,  93,  94,  95,  96,  97,  98,  99, 100, 101, 102, 103, 104, 105, 106,
    107, 108, 109, 110, 111, 112, 113, 114, 116, 117, 118, 119, 120, 122, 124, 125,
    126, 127, 128, 129, 130, 132, 133, 134, 135, 136, 137, 138, 139, 140, 141, 142,
    143, 144, 145, 146, 189, 190, 191, 192, 193, 194, 195, 196, 197, 198, 199, 200,
    201, 202, 203, 207, 208, 210, 211,   0,   3,   6,   8,  10,  11,  14,  15,  16,
     17,  18,  19,  20,  24,  27,  31,  32,  34,  42,  44,  45,  47,  54,  55,  56,
     57,  58,  59,  61,  69,  70,  71,  72,  76,  78,  81,  82,  84,  85,  86,  87,
     88,  89,  90,  91,  92,  96,  97,  98,  99, 100, 101, 102, 103, 105, 106, 107,
    108, 109, 110, 111, 112, 113, 123, 124, 125, 126, 128, 129, 130, 131, 132, 133,
    136, 137, 138, 139, 140, 141, 143, 144, 146, 189, 190, 191, 192, 193, 194, 195,
    196, 197, 198, 200, 201, 202, 203, 205, 206, 209, 210, 211,   0,   2,   3,   7,
      8,   9,  10,  11,  12,  13,  14,  15,  16,  17,  19,  20,  21,  22,  23,  24,
     25,  27,  28,  31,  40,  42,  43,  44,  45,  46,  47,  48,  49,  50,  51,  52,
     53,  54,  55,  56,  57,  58,  59,  60,  61,  62,  65,  69,  71,  76,  79,  81,
     82,  83,  84,  85,  86,  87,  88,  89,  90,  91,  92,  93,  94,  96,  97,  98,
     99, 100, 101, 102, 103, 104, 105, 106, 107, 108, 109, 110, 111, 112, 113, 114,
    116, 117, 118, 119, 120, 121, 122, 125, 126, 127, 128, 129, 130, 132, 133, 134,
    135, 136, 137, 138, 139, 140, 141, 142, 143, 144, 145, 146, 189, 190, 191, 192,
    193, 194, 195, 196, 197, 198, 199, 200, 201, 202, 203, 207, 208, 211,   6,  25,
     27,  32,  34,  35,  37,  38,  42,  46,  47,  50,  54,  56,  57,  58,  59,  61,
     62,  72,  82,  83,  84,  85,  86,  87,  88, 102, 103, 105, 106, 112, 113, 121,
    130, 131, 132, 133, 134, 135, 136, 137, 138, 141, 146, 189, 190, 191, 192, 193,
    194, 202, 205, 209, 210,   0,   2,   3,   4,   6,   8,  11,  15,  17,  27,  28,
     34,  35,  37,  42,  43,  44,  45,  56,  57,  58,  59,  61,  69,  71,  79,  82,
     84,  85,  86,  87,  88,  89,  90,  91,  92,  95,  97,  98,  99, 100, 101, 102,
    103, 104, 105, 106, 107, 108, 109, 110, 111, 118, 125, 126, 130, 132, 133, 137,
    138, 139, 140, 141, 143, 144, 146, 189, 190, 191, 192, 193, 194, 195, 196, 197,
    198, 200, 201, 202, 203,   0,  18,  25,  32,  33,  34,  35,  37,  39,  56,  58,
     59,  61,  81, 130, 131, 132, 202,   8, 203,   0,   7,  22,  47,  50,  54, 104,
    112, 113, 121, 136,   2,   6,   8,  23,  27,  28,  32,  33,  34,  35,  36,  37,
     39,  52,  58,  59,  60,  61,  70,  71,  72,  76,  78,  82, 131, 202, 203, 205,
    206, 209, 210,   2,   3,   5,   6,   7,   9,  23,  25,  26,  28,  29,  30,  31,
     32,  33,  34,  35,  36,  37,  38,  39,  40,  58,  59,  60,  61,  62,  65,  72,
     79, 115, 131, 134, 135, 202, 205, 206, 207, 208, 209, 210,   2,   5,   6,   8,
     23,  26,  30,  32,  33,  34,  35,  36,  37,  38,  39,  44,  45,  60,  61,  71,
     76,  78,  89,  90,  91,  96,  97,  98,  99, 100, 101, 107, 108, 109, 110, 111,
    115, 125, 126, 131, 139, 140, 143, 195, 196, 197, 198, 200, 201, 202, 203, 205,
    206, 209,   2,   3,   6,   8,  23,  27,  32,  33,  34,  35,  37,  39,  44,  50,
     58,  59,  61,  71,  72,  76,  78,  79,  82,  89,  90,  91,  97,  98,  99, 100,
    101, 107, 108, 109, 110, 111, 121, 125, 126, 131, 139, 140, 141, 143, 195, 196,
    197, 198, 200, 201, 202, 203, 205, 206, 209, 210,   2,   5,   6,  23,  25,  26,
     29,  30,  32,  33,  34,  35,  36,  37,  38,  39,  58,  59,  60,  61,  79, 115,
    131, 202, 205, 206, 209, 210,   0,   1,   2,   5,   6,   7,   8,   9,  23,  25,
     26,  27,  28,  29,  30,  31,  32,  33,  34,  35,  36,  37,  38,  39,  40,  42,
     44,  45,  47,  48,  49,  50,  51,  52,  55,  56,  64,  65,  69,  70,  71,  72,
     74,  75,  76,  77,  78,  82,  84,  85,  86,  87,  88,  89,  90,  91,  92,  94,
     95,  96,  97,  98,  99, 100, 101, 102, 103, 104, 105, 107, 108, 109, 110, 111,
    112, 113, 114, 115, 116, 117, 118, 121, 122, 124, 125, 126, 127, 128, 129, 130,
    131, 132, 133, 135, 136, 137, 138, 139, 140, 141, 142, 143, 144, 145, 146, 189,
    190, 191, 192, 193, 194, 195, 196, 197, 198, 199, 200, 201, 202, 203, 205, 206,
    207, 208, 209, 210, 211, 213, 214,   3,   7,   8,   9,  23,  25,  26,  27,  28,
     29,  30,  31,  32,  33,  34,  35,  37,  38,  39,  41,  42,  44,  45,  55,  58,
     59,  71,  76,  82,  84,  85,  86,  87,  88,  89,  90,  91,  96,  97,  98,  99,
    100, 101, 105, 106, 107, 108, 109, 110, 111, 115, 124, 125, 126, 128, 129, 131,
    137, 138, 139, 140, 143, 189, 190, 191, 192, 193, 194, 195, 196, 197, 198, 200,
    201, 203, 205, 207, 208, 209, 211, 214,   2,   3,   6,   8,  23,  27,  32,  33,
     34,  35,  37,  39,  58,  59,  61,  70,  71,  72,  76,  78,  82, 131, 202, 203,
    205, 206, 209, 210,   3,   6,   8,  23,  27,  32,  33,  34,  37,  39,  58,  59,
     61,  71,  76,  79,  82, 131, 141, 202, 203, 205, 206, 209, 210,   3,  79, 141,
      2,   6,   8,  10,  23,  27,  32,  33,  34,  35,  37,  39,  42,  44,  45,  47,
     55,  56,  57,  58,  59,  61,  70,  71,  72,  76,  78,  82,  84,  85,  86,  87,
     88,  89,  90,  91,  96,  97,  98,  99, 100, 101, 102, 103, 105, 106, 107, 108,
    109, 110, 111, 112, 113, 124, 125, 126, 128, 129, 130, 131, 132, 133, 136, 137,
    138, 139, 140, 143, 146, 189, 190, 191, 192, 193, 194, 195, 196, 197, 198, 200,
    201, 202, 203, 205, 206, 209, 210, 211,   2,   3,   6,   8,  23,  27,  32,  33,
     34,  35,  37,  39,  58,  59,  61,  70,  71,  76,  79,  82, 131, 141, 197, 202,
    203, 205, 206, 209, 210,   2,   5,   6,  23,  25,  26,  28,  29,  30,  32,  33,
     34,  35,  36,  37,  38,  39,  40,  58,  59,  60,  61,  65,  72,  79, 115, 131,
    202, 205, 206, 209, 210,   2,   3,  23,  26,  29,  30,  32,  33,  34,  35,  36,
     37,  38,  39,  41,  50,  71,  79, 115, 121, 131, 209,   0,   3,   5,   7,   8,
      9,  10,  23,  25,  26,  28,  29,  30,  31,  32,  33,  34,  35,  36,  37,  38,
     40,  42,  44,  45,  47,  48,  49,  51,  52,  53,  55,  65,  71,  76,  84,  85,
     86,  87,  88,  89,  90,  91,  92,  93,  94,  95,  96,  97,  98,  99, 100, 101,
    104, 105, 106, 107, 108, 109, 110, 111, 112, 113, 114, 115, 116, 117, 118, 119,
    120, 122, 124, 125, 126, 127, 128, 129, 131, 136, 137, 138, 139, 140, 141, 142,
    143, 144, 145, 189, 190, 191, 192, 193, 194, 195, 196, 197, 198, 199, 200, 201,
    203, 205, 206, 207, 208, 209, 214,   2,   5,   6,   7,   9,  23,  25,  26,  27,
     29,  30,  32,  33,  34,  35,  36,  37,  38,  39,  40,  48,  51,  55,  57,  58,
     59,  60,  61,  62,  79,  82, 102, 103, 104, 114, 115, 122, 128, 129, 131, 133,
    134, 135, 146, 202, 205, 206, 207, 208, 209, 210,   7,   8,   9,  23,  26,  27,
     29,  30,  31,  32,  33,  34,  35,  37,  38,  42,  44,  45,  48,  51,  60,  71,
     76,  82,  84,  85,  86,  87,  88,  89,  90,  91,  96,  97,  98,  99, 100, 101,
    104, 105, 106, 107, 108, 109, 110, 111, 114, 115, 122, 124, 125, 126, 131, 137,
    138, 139, 140, 143, 189, 190, 191, 192, 193, 194, 195, 196, 197, 198, 200, 201,
    203, 207, 208, 209, 211,   2,   3,   5,   6,   8,  23,  27,  32,  33,  34,  35,
     37,  39,  58,  59,  61,  71,  72,  76,  78,  79,  82, 131, 202, 203, 205, 206,
    209, 210,   0,   3,   5,   7,   8,   9,  10,  23,  24,  25,  26,  27,  28,  29,
     30,  31,  32,  33,  34,  35,  36,  37,  38,  40,  42,  43,  44,  45,  47,  48,
     51,  52,  55,  62,  65,  71,  76,  79,  82,  84,  85,  86,  87,  88,  89,  90,
     91,  96,  97,  98,  99, 100, 101, 104, 105, 106, 107, 108, 109, 110, 111, 112,
    113, 114, 115, 122, 124, 125, 126, 128, 129, 131, 134, 135, 136, 137, 138, 139,
    140, 143, 189, 190, 191, 192, 193, 194, 195, 196, 197, 198, 200, 201, 203, 207,
    208, 209, 211,   0,   3,   5,   7,   8,   9,  23,  25,  26,  28,  29,  30,  32,
     33,  34,  35,  36,  37,  38,  40,  42,  43,  44,  45,  47,  48,  51,  52,  55,
     62,  65,  71,  76,  84,  85,  86,  87,  88,  89,  90,  91,  96,  97,  98,  99,
    100, 101, 104, 105, 106, 107, 108, 109, 110, 111, 112, 113, 114, 115, 122, 124,
    125, 126, 128, 129, 131, 134, 135, 136, 137, 138, 139, 140, 143, 189, 190, 191,
    192, 193, 194, 195, 196, 197, 198, 200, 201, 203, 207, 208, 209, 211, 214,   8,
     23,  27,  32,  33,  34,  35,  37,  39,  42,  44,  45,  47,  54,  55,  56,  71,
     76,  82,  84,  85,  86,  87,  88,  89,  90,  91,  96,  97,  98,  99, 100, 101,
    105, 106, 107, 108, 109, 110, 111, 112, 113, 124, 125, 126, 128, 129, 130, 131,
    132, 136, 137, 138, 139, 140, 143, 189, 190, 191, 192, 193, 194, 195, 196, 197,
    198, 200, 201, 203, 209, 211,   0,   3,   5,   7,   8,   9,  10,  23,  25,  26,
     27,  28,  29,  30,  31,  32,  33,  34,  35,  36,  37,  38,  40,  42,  43,  44,
     45,  47,  48,  51,  52,  55,  62,  65,  71,  76,  79,  82,  84,  85,  86,  87,
     88,  89,  90,  91,  96,  97,  98,  99, 100, 101, 104, 105, 106, 107, 108, 109,
    110, 111, 112, 113, 114, 115, 122, 124, 125, 126, 128, 129, 131, 134, 135, 136,
    137, 138, 139, 140, 143, 189, 190, 191, 192, 193, 194, 195, 196, 197, 198, 200,
    201, 203, 207, 208, 209, 211, 214,   5,   8,  23,  26,  27,  29,  30,  32,  33,
     34,  35,  36,  37,  38,  39,  60,  61,  71,  76,  82, 115, 131, 202, 203, 209,
    211,   2,   3,   4,   6,   8,   9,  11,  15,  17,  27,  28,  34,  35,  37,  42,
     43,  44,  45,  56,  57,  58,  59,  61,  69,  71,  79,  82,  84,  85,  86,  87,
     88,  89,  90,  91,  92,  95,  96,  97,  98,  99, 100, 101, 102, 103, 104, 105,
    106, 107, 108, 109, 110, 111, 118, 125, 126, 130, 132, 133, 137, 138, 139, 140,
    141, 143, 144, 146, 189, 190, 191, 192, 193, 194, 195, 196, 197, 198, 200, 201,
    202, 203, 207, 208,   2,   5,   6,   7,   9, 205, 206, 207, 208, 212,   2,   6,
     32,  33,  34,  35,  37,  50, 121, 131, 205, 206, 212,  18,  11,  13,  14,  15,
     16,  17,  19,   5,   7,   9,  25,  28,  34,  35,  36,  37,  40,  65,  81, 207,
    208,   5,  40,  65,   2,   3,   5,   6,   8,  23,  26,  27,  29,  30,  32,  33,
     34,  35,  37,  40,  42,  43,  44,  45,  47,  48,  50,  51,  52,  54,  56,  65,
     71,  74,  77,  82,  84,  85,  86,  87,  88,  89,  90,  91,  96,  97,  98,  99,
    100, 101, 104, 105, 106, 107, 108, 109, 110, 111, 112, 113, 114, 115, 121, 122,
    123, 124, 125, 126, 130, 131, 132, 136, 137, 138, 139, 140, 143, 189, 190, 191,
    192, 193, 194, 195, 196, 197, 198, 200, 201, 203, 205, 206, 213,   0,   5,   7,
      9,  25,  28,  29,  36,  37,  40,  44,  45,  71,  81,  89,  90,  91,  94,  95,
     96,  97,  98,  99, 100, 101, 107, 108, 109, 110, 111, 116, 121, 125, 126, 139,
    140, 141, 142, 143, 195, 196, 197, 198, 200, 201, 207, 208,  12,  15,  16,  17,
     61, 202,   7,   9,  12,  13,  14,  18,  20,  21,  22,  25,  26,  28,  29,  30,
     32,  33,  34,  35,  36,  37,  38,  42,  46,  48,  49,  50,  51,  52,  53,  54,
     56,  57,  58,  59,  60,  61,  62,  81,  83,  84,  85,  86,  87,  88,  92,  93,
     94,  95, 102, 103, 104, 105, 106, 114, 115, 116, 117, 118, 119, 120, 121, 122,
    127, 130, 131, 132, 133, 134, 135, 137, 138, 141, 142, 144, 145, 146, 189, 190,
    191, 192, 193, 194, 199, 202, 207, 208,   5,   1,   2,   3,   5,   6,   7,   9,
     21,  22,  23,  25,  26,  28,  29,  30,  32,  33,  34,  35,  36,  37,  38,  40,
     42,  43,  46,  48,  49,  50,  51,  52,  53,  54,  55,  56,  57,  58,  59,  60,
     61,  62,  65,  66,  72,  79,  80,  81,  83,  84,  85,  86,  87,  88,  92,  93,
     94,  95, 102, 103, 104, 105, 106, 114, 115, 116, 117, 118, 119, 120, 121, 122,
    127, 128, 129, 130, 131, 132, 133, 134, 135, 137, 138, 141, 142, 144, 145, 146,
    189, 190, 191, 192, 193, 194, 199, 202, 205, 206, 207, 208, 212,   0,   2,   6,
      9,  21,  22,  25,  26,  27,  28,  29,  30,  31,  32,  33,  34,  35,  36,  37,
     38,  42,  43,  44,  45,  46,  47,  48,  49,  50,  51,  52,  53,  55,  56,  57,
     58,  59,  60,  61,  62,  71,  79,  81,  82,  83,  84,  85,  86,  87,  88,  89,
     90,  91,  92,  93,  94,  95,  96,  97,  98,  99, 100, 101, 102, 103, 104, 105,
    106, 107, 108, 109, 110, 111, 112, 113, 114, 115, 116, 117, 118, 119, 120, 121,
    122, 123, 124, 125, 126, 127, 128, 129, 130, 131, 132, 133, 134, 135, 136, 137,
    138, 139, 140, 141, 142, 143, 144, 145, 146, 189, 190, 191, 192, 193, 194, 195,
    196, 197, 198, 199, 200, 201, 202, 205, 206, 207, 208, 212,   3,   5,   7,   9,
     12,  23,  25,  26,  28,  29,  30,  32,  33,  34,  35,  36,  37,  38,  40,  42,
     48,  51,  52,  58,  60,  61,  65,  79,  81,  84,  85,  86,  87,  88, 104, 105,
    106, 114, 115, 122, 124, 131, 137, 138, 189, 190, 191, 192, 193, 194, 202, 207,
    208, 209,   3,   5,   7,   8,   9,  10,  23,  25,  26,  28,  29,  30,  32,  33,
     34,  35,  36,  37,  38,  40,  42,  43,  45,  48,  51,  52,  58,  59,  60,  61,
     65,  71,  76,  79,  81,  84,  85,  86,  87,  88, 104, 105, 106, 114, 115, 122,
    131, 137, 138, 189, 190, 191, 192, 193, 194, 202, 203, 207, 208, 209,   2,   3,
      5,   6,  23,  25,  26,  27,  29,  30,  32,  33,  34,  35,  36,  37,  38,  39,
     46,  50,  54,  56,  57,  58,  59,  60,  61,  62,  70,  72,  79,  82,  83, 102,
    103, 115, 121, 130, 131, 132, 133, 134, 135, 146, 202, 205, 206, 209, 210,   2,
      6,   8,  23,  27,  28,  32,  33,  34,  35,  36,  37,  39,  52,  58,  59,  60,
     61,  70,  71,  72,  76,  78,  82, 131, 202, 203, 205, 206, 209, 210,   2,   6,
      8,  23,  27,  28,  32,  33,  34,  35,  36,  37,  39,  52,  58,  59,  60,  61,
     70,  71,  72,  76,  78,  82, 131, 202, 203, 205, 206, 209, 210,   2,   5,   6,
     23,  25,  26,  29,  30,  32,  33,  34,  35,  36,  37,  38,  39,  58,  59,  60,
     61,  79, 115, 131, 202, 205, 206, 209, 210,   2,   5,   6,  23,  25,  26,  29,
     30,  32,  33,  34,  35,  36,  37,  38,  39,  58,  59,  60,  61,  79, 115, 131,
    202, 205, 206, 209, 210,   2,   5,   6,  23,  25,  26,  29,  30,  32,  33,  34,
     35,  36,  37,  38,  39,  58,  59,  60,  61,  79, 115, 131, 202, 205, 206, 209,
    210,   1,   2,   3,   5,   6,   8,  23,  27,  32,  33,  34,  37,  39,  40,  43,
     48,  51,  52,  58,  59,  61,  65,  71,  76,  79,  82,  92,  95, 104, 114, 122,
    131, 141, 202, 203, 205, 206, 209, 210,   2,   3,   6,   8,  23,  27,  32,  33,
     34,  37,  39,  58,  59,  61,  71,  72,  76,  79,  82,  94, 131, 141, 202, 203,
    205, 209, 210,   2,   3,   6,   8,  23,  27,  32,  33,  34,  37,  39,  43,  48,
     51,  52,  58,  59,  61,  71,  72,  76,  79,  82,  92, 104, 114, 122, 131, 141,
    202, 203, 206, 209, 210,   2,   3,   5,   6,   7,   9,  23,  25,  26,  28,  29,
     30,  32,  33,  34,  35,  36,  37,  38,  39,  40,  58,  59,  60,  61,  65,  79,
    115, 131, 202, 205, 207, 208, 209,   2,   5,   6,  23,  25,  26,  28,  29,  30,
     32,  33,  34,  35,  36,  37,  38,  39,  40,  58,  59,  60,  61,  65,  72,  79,
    115, 131, 202, 205, 206, 209, 210,   2,   5,   6,  23,  25,  26,  28,  29,  30,
     32,  33,  34,  35,  36,  37,  38,  39,  40,  58,  59,  60,  61,  65,  72,  79,
    115, 131, 202, 205, 206, 209, 210,   0,   2,   3,   6,   8,  10,  11,  15,  17,
     18,  19,  20,  23,  24,  27,  28,  31,  32,  33,  34,  35,  37,  39,  42,  44,
     45,  47,  50,  54,  55,  56,  57,  58,  59,  61,  69,  70,  71,  72,  76,  78,
     82,  84,  85,  86,  87,  88,  89,  90,  91,  96,  97,  98,  99, 100, 101, 102,
    103, 105, 106, 107, 108, 109, 110, 111, 112, 113, 121, 123, 124, 125, 126, 128,
    129, 130, 131, 132, 133, 136, 137, 138, 139, 140, 143, 146, 189, 190, 191, 192,
    193, 194, 195, 196, 197, 198, 200, 201, 202, 203, 205, 206, 209, 210, 211,   2,
      6,   7,   8,  23,  27,  28,  32,  33,  34,  35,  36,  37,  39,  47,  50,  52,
     58,  59,  60,  61,  70,  71,  72,  76,  78,  82, 112, 113, 121, 131, 136, 202,
    203, 205, 206, 209, 210,   2,   5,   6,   8,  23,  26,  30,  32,  33,  34,  35,
     36,  37,  38,  39,  44,  45,  60,  61,  71,  76,  78,  89,  90,  91,  96,  97,
     98,  99, 100, 101, 107, 108, 109, 110, 111, 115, 125, 126, 131, 139, 140, 143,
    195, 196, 197, 198, 200, 201, 202, 203, 205, 206, 209,   2,   5,   6,   8,  23,
     26,  30,  32,  33,  34,  35,  36,  37,  38,  39,  44,  45,  60,  61,  71,  76,
     78,  89,  90,  91,  96,  97,  98,  99, 100, 101, 107, 108, 109, 110, 111, 115,
    125, 126, 131, 139, 140, 143, 195, 196, 197, 198, 200, 201, 202, 203, 205, 206,
    209,   2,   5,   6,   8,  23,  26,  30,  32,  33,  34,  35,  36,  37,  38,  39,
     44,  45,  60,  61,  71,  76,  78,  89,  90,  91,  96,  97,  98,  99, 100, 101,
    107, 108, 109, 110, 111, 115, 125, 126, 131, 139, 140, 143, 195, 196, 197, 198,
    200, 201, 202, 203, 205, 206, 209,   0,   1,   2,   5,   6,   7,   8,   9,  23,
     40,  43,  44,  45,  48,  49,  50,  51,  52,  56,  57,  58,  59,  60,  61,  65,
     71,  72,  79,  89,  90,  91,  92,  93,  94,  95,  97,  98,  99, 100, 101, 102,
    103, 104, 107, 108, 109, 110, 111, 114, 116, 117, 118, 119, 120, 121, 122, 125,
    126, 130, 132, 133, 135, 139, 140, 141, 142, 143, 146, 195, 196, 197, 198, 199,
    200, 201, 202, 203, 205, 206, 207, 208,   2,   3,   6,   8,  27,  32,  33,  34,
     35,  37,  39,  44,  50,  58,  59,  61,  71,  72,  76,  78,  79,  82,  89,  90,
     91,  97,  98,  99, 100, 101, 107, 108, 109, 110, 111, 116, 121, 125, 126, 131,
    139, 140, 141, 143, 195, 196, 197, 198, 200, 201, 202, 203, 205, 206, 209, 210,
      2,   5,   6,  23,  25,  26,  29,  30,  32,  33,  34,  35,  36,  37,  38,  39,
     58,  59,  60,  61,  79, 115, 131, 202, 205, 206, 209, 210,   3,   7,   8,   9,
     23,  25,  26,  27,  28,  29,  30,  31,  32,  33,  34,  35,  36,  37,  38,  39,
     41,  42,  44,  45,  55,  58,  59,  71,  76,  82,  84,  85,  86,  87,  88,  89,
     90,  91,  96,  97,  98,  99, 100, 101, 105, 106, 107, 108, 109, 110, 111, 115,
    124, 125, 126, 128, 129, 131, 137, 138, 139, 140, 143, 189, 190, 191, 192, 193,
    194, 195, 196, 197, 198, 200, 201, 203, 205, 207, 208, 209, 211, 214,   2,   3,
      6,   8,  23,  27,  32,  33,  34,  37,  39,  40,  43,  48,  51,  58,  59,  61,
     65,  71,  76,  79,  82, 104, 114, 122, 131, 141, 202, 203, 205, 206, 209, 210,
      2,   3,   8,  27,  32,  33,  34,  37,  39,  43,  58,  59,  61,  71,  72,  76,
     79,  82, 131, 141, 202, 203, 205, 209, 210,   2,   3,   5,   6,   8,  23,  27,
     32,  33,  34,  37,  39,  40,  43,  48,  51,  52,  58,  59,  61,  65,  71,  76,
     79,  82, 104, 114, 122, 131, 141, 202, 203, 205, 209, 210,   2,   3,   6,  23,
     72,  79, 141, 205, 206,   0,   3,   6,   8,  10,  11,  14,  15,  16,  17,  19,
     20,  24,  27,  28,  31,  32,  33,  34,  35,  37,  42,  44,  45,  47,  54,  55,
     56,  57,  58,  59,  60,  61,  69,  70,  71,  72,  76,  78,  82,  84,  85,  86,
     87,  88,  89,  90,  91,  96,  97,  98,  99, 100, 101, 102, 103, 105, 106, 107,
    108, 109, 110, 111, 112, 113, 123, 124, 125, 126, 128, 129, 130, 131, 132, 133,
    136, 137, 138, 139, 140, 141, 143, 146, 189, 190, 191, 192, 193, 194, 195, 196,
    197, 198, 200, 201, 202, 203, 205, 209, 210, 211,   0,   2,   6,   8,  10,  23,
     27,  32,  33,  34,  35,  37,  39,  42,  44,  45,  47,  55,  56,  57,  58,  59,
     61,  70,  71,  72,  76,  78,  82,  84,  85,  86,  87,  88,  89,  90,  91,  96,
     97,  98,  99, 100, 101, 102, 103, 105, 106, 107, 108, 109, 110, 111, 112, 113,
    124, 125, 126, 128, 129, 130, 131, 132, 133, 136, 137, 138, 139, 140, 143, 146,
    189, 190, 191, 192, 193, 194, 195, 196, 197, 198, 200, 201, 202, 203, 205, 206,
    209, 210, 211,   0,   2,   6,   7,   9,  12,  18,  20,  21,  22,  23,  27,  32,
     33,  34,  35,  36,  37,  38,  39,  50,  54,  56,  57,  58,  59,  61,  62,  70,
     72,  78,  82, 102, 103, 121, 130, 131, 132, 133, 134, 135, 146, 202, 205, 206,
    207, 208, 209, 210,   0,   1,   2,   5,   6,   8,  23,  40,  43,  46,  48,  49,
     50,  51,  52,  53,  54,  56,  57,  58,  59,  60,  61,  62,  65,  69,  71,  72,
     79,  83,  92,  93,  94,  95, 102, 103, 104, 108, 114, 116, 117, 118, 119, 120,
    121, 122, 127, 129, 130, 132, 133, 134, 135, 141, 142, 144, 145, 146, 199, 202,
    203, 205, 206,   3,   8,  23,  71, 203,   2,   5,   6,  23,  25,  26,  28,  29,
     30,  32,  33,  34,  35,  36,  37,  38,  39,  40,  58,  59,  60,  61,  65,  72,
     79, 115, 131, 202, 205, 206, 209, 210,   0,   2,   3,   5,   7,   8,   9,  10,
     23,  25,  26,  28,  29,  30,  31,  32,  33,  34,  35,  36,  37,  38,  40,  42,
     44,  45,  47,  48,  49,  51,  52,  53,  55,  65,  71,  76,  84,  85,  86,  87,
     88,  89,  90,  91,  92,  93,  94,  95,  96,  97,  98,  99, 100, 101, 104, 105,
    106, 107, 108, 109, 110, 111, 112, 113, 114, 115, 116, 117, 118, 119, 120, 122,
    124, 125, 126, 127, 128, 129, 131, 136, 137, 138, 139, 140, 141, 142, 143, 144,
    145, 189, 190, 191, 192, 193, 194, 195, 196, 197, 198, 199, 200, 201, 203, 205,
    206, 207, 208, 209, 214,   0,   3,   5,   7,   8,   9,  10,  23,  25,  26,  28,
     29,  30,  31,  32,  33,  34,  35,  36,  37,  38,  40,  42,  44,  45,  47,  48,
     49,  51,  52,  53,  55,  65,  71,  76,  84,  85,  86,  87,  88,  89,  90,  91,
     92,  93,  94,  95,  96,  97,  98,  99, 100, 101, 104, 105, 106, 107, 108, 109,
    110, 111, 112, 113, 114, 115, 116, 117, 118, 119, 120, 122, 124, 125, 126, 127,
    128, 129, 131, 136, 137, 138, 139, 140, 141, 142, 143, 144, 145, 189, 190, 191,
    192, 193, 194, 195, 196, 197, 198, 199, 200, 201, 203, 205, 206, 207, 208, 209,
    214,   2,   5,   6,   7,   9,  23,  25,  26,  27,  29,  30,  32,  33,  34,  35,
     36,  37,  38,  39,  40,  48,  51,  55,  57,  58,  59,  60,  61,  62,  79,  82,
    102, 103, 104, 114, 115, 122, 128, 129, 131, 133, 134, 135, 146, 202, 205, 206,
    207, 208, 209, 210,   2,   5,   6,   7,   9,  23,  25,  26,  27,  29,  30,  32,
     33,  34,  35,  36,  37,  38,  39,  40,  48,  51,  55,  57,  58,  59,  60,  61,
     62,  79,  82, 102, 103, 104, 114, 115, 122, 128, 129, 131, 133, 134, 135, 146,
    202, 205, 206, 207, 208, 209, 210,   2,   5,   6,   7,   9,  23,  25,  26,  27,
     29,  30,  32,  33,  34,  35,  36,  37,  38,  39,  40,  48,  51,  55,  57,  58,
     59,  60,  61,  62,  79,  82, 102, 103, 104, 114, 115, 122, 128, 129, 131, 133,
    134, 135, 146, 202, 205, 206, 207, 208, 209, 210,   2,   5,   7,   8,   9,  23,
     26,  27,  29,  30,  31,  32,  33,  34,  35,  37,  38,  40,  42,  43,  44,  45,
     48,  51,  52,  58,  60,  61,  65,  71,  76,  82,  84,  85,  86,  87,  88,  89,
     90,  91,  96,  97,  98,  99, 100, 101, 104, 105, 106, 107, 108, 109, 110, 111,
    114, 115, 122, 124, 125, 126, 131, 137, 138, 139, 140, 143, 189, 190, 191, 192,
    193, 194, 195, 196, 197, 198, 200, 201, 202, 203, 205, 206, 207, 208, 209, 211,
      0,   3,   7,   8,   9,  10,  15,  16,  17,  21,  22,  23,  24,  25,  27,  28,
     31,  36,  42,  44,  45,  46,  47,  48,  49,  50,  51,  53,  54,  55,  56,  57,
     58,  59,  60,  61,  62,  71,  76,  79,  81,  82,  83,  84,  85,  86,  87,  88,
     89,  90,  91,  92,  93,  94,  95,  96,  97,  98,  99, 100, 101, 102, 103, 104,
    105, 106, 107, 108, 109, 110, 111, 112, 113, 114, 116, 117, 118, 119, 120, 121,
    122, 125, 126, 127, 128, 129, 130, 132, 133, 134, 135, 136, 137, 138, 139, 140,
    141, 142, 143, 144, 145, 146, 189, 190, 191, 192, 193, 194, 195, 196, 197, 198,
    199, 200, 201, 202, 203, 205, 207, 208, 211,   7,   8,   9,  23,  26,  27,  29,
     30,  31,  32,  33,  34,  35,  37,  38,  42,  44,  45,  48,  51,  60,  71,  76,
     82,  84,  85,  86,  87,  88,  89,  90,  91,  96,  97,  98,  99, 100, 101, 104,
    105, 106, 107, 108, 109, 110, 111, 114, 115, 122, 124, 125, 126, 131, 137, 138,
    139, 140, 143, 189, 190, 191, 192, 193, 194, 195, 196, 197, 198, 200, 201, 203,
    207, 208, 209, 211,   2,   3,   5,   6,   8,  23,  27,  32,  33,  34,  35,  37,
     39,  58,  59,  61,  71,  72,  76,  78,  79,  82, 131, 202, 203, 205, 206, 209,
    210,   3,   7,   9,  23,  25,  26,  28,  29,  30,  34,  36,  37,  42,  60,  71,
     79,  84,  85,  86,  87,  88, 105, 106, 115, 137, 138, 189, 190, 191, 192, 193,
    194, 207, 208,   5,   7,   9,  60,  79, 207, 208,   0,   1,   2,   3,   5,   6,
      7,   8,   9,  21,  22,  23,  25,  26,  27,  28,  30,  32,  33,  34,  35,  36,
     37,  38,  40,  42,  43,  44,  45,  46,  47,  48,  51,  52,  53,  54,  55,  56,
     57,  58,  59,  60,  61,  62,  65,  69,  71,  79,  82,  83,  84,  85,  86,  87,
     88,  89,  90,  91,  97,  98,  99, 100, 101, 102, 103, 104, 105, 106, 107, 108,
    109, 110, 111, 112, 113, 114, 115, 122, 125, 126, 127, 128, 129, 130, 131, 132,
    133, 134, 135, 136, 137, 138, 139, 140, 143, 144, 145, 146, 189, 190, 191, 192,
    193, 194, 195, 196, 197, 198, 199, 200, 201, 202, 203, 206, 207, 208,   1,   2,
      5,   6,   8,  23,  40,  56,  58,  59,  60,  61,  65,  71,  72, 130, 132, 202,
    203, 205, 206,   3,   6,   8,  23,  27,  32,  33,  34,  37,  39,  58,  59,  61,
     71,  76,  79,  82, 131, 141, 202, 203, 205, 206, 209, 210,   2,   3,   6,   8,
     23,  27,  32,  33,  34,  37,  39,  58,  59,  61,  71,  72,  76,  79,  82, 131,
    141, 202, 203, 209, 210,   0,   3,   5,   7,   8,   9,  10,  23,  25,  26,  28,
     29,  30,  31,  32,  33,  34,  35,  36,  37,  38,  40,  42,  44,  45,  47,  48,
     49,  51,  52,  53,  55,  65,  71,  76,  84,  85,  86,  87,  88,  89,  90,  91,
     92,  93,  94,  95,  96,  97,  98,  99, 100, 101, 104, 105, 106, 107, 108, 109,
    110, 111, 112, 113, 114, 115, 116, 117, 118, 119, 120, 122, 124, 125, 126, 127,
    128, 129, 131, 136, 137, 138, 139, 140, 141, 142, 143, 144, 145, 189, 190, 191,
    192, 193, 194, 195, 196, 197, 198, 199, 200, 201, 203, 205, 206, 207, 208, 209,
    214, 150, 147, 152, 158, 168, 169, 170, 178, 180, 181, 182, 183, 147, 148, 151,
    153, 154, 157, 160, 161, 162, 163, 164, 165, 166, 167, 168, 169, 170, 171, 173,
    181, 204, 148, 157, 170, 176, 184, 157, 147, 152, 158, 165, 168, 169, 171, 181,
    148, 157, 158, 160, 161, 164, 168, 169, 170, 176, 184, 204, 148, 149, 151, 153,
    154, 157, 159, 160, 161, 162, 163, 164, 165, 166, 167, 170, 171, 172, 173, 176,
    184, 185, 186, 204, 147, 148, 150, 152, 157, 158, 164, 168, 169, 170, 178, 180,
    181, 182, 184, 188, 165, 169, 165, 170, 171, 150, 151, 154, 157, 158, 163, 167,
    168, 169, 170, 175, 147, 151, 152, 153, 154, 155, 156, 163, 165, 167, 171, 180,
    181, 182, 186, 151, 152, 153, 154, 155, 157, 160, 163, 164, 167, 171, 186, 204,
    147, 149, 151, 152, 153, 154, 155, 156, 159, 163, 165, 167, 171, 181, 147, 152,
    165, 168, 169, 147, 152, 153, 155, 159, 163, 165, 168, 169, 170, 171, 147, 152,
    155, 159, 165, 168, 169, 151, 153, 154, 155, 163, 164, 167, 204, 147, 150, 151,
    154, 158, 163, 167, 168, 170, 175, 147, 152, 153, 155, 159, 163, 165, 168, 169,
    170, 171, 147, 148, 152, 157, 158, 160, 164, 170, 171, 185, 204, 147, 172, 147,
    164, 171, 151, 153, 154, 155, 160, 163, 164, 167, 171, 147, 152, 153, 155, 157,
    158, 159, 165, 168, 169, 170, 171, 177, 183, 185, 147, 150, 168, 169, 175, 147,
    152, 159, 171, 147, 172, 174, 150, 175, 147, 150, 168, 169, 163, 147, 158, 168,
    180, 181, 182, 160, 168, 169, 170, 177, 183, 185, 180, 182, 147, 148, 151, 153,
    154, 157, 160, 163, 165, 166, 168, 169, 170, 176, 177, 179, 183, 184, 185, 186,
    187, 204, 153, 160, 163, 164, 167, 204, 147, 153, 160, 163, 165, 166, 170, 172,
    176, 179, 181, 184, 185, 186, 204, 160, 163, 168, 170, 176, 184, 185, 160, 170,
    153, 160, 163, 170, 172, 176, 179, 185, 186, 187, 188, 163, 147, 180, 182, 165,
    169,   2,   5,   6,   8,  23,  27,  28,  32,  33,  34,  35,  36,  37,  39,  40,
     52,  58,  59,  60,  61,  65,  70,  71,  72,  76,  78,  82, 131, 202, 203, 205,
    206, 209, 210,   2,   5,   6,   8,  23,  27,  28,  32,  33,  34,  35,  36,  37,
     39,  40,  43,  48,  51,  52,  58,  59,  60,  61,  65,  70,  71,  72,  76,  78,
     82, 104, 114, 122, 131, 202, 203, 205, 206, 209, 210,   1,   2,   5,   6,  23,
     25,  26,  29,  30,  32,  33,  34,  35,  36,  37,  38,  39,  40,  43,  48,  51,
     52,  58,  59,  60,  61,  65,  79, 104, 114, 115, 122, 131, 202, 205, 206, 209,
    210,   1,   2,   5,   6,  23,  25,  26,  29,  30,  32,  33,  34,  35,  36,  37,
     38,  39,  40,  43,  48,  51,  52,  58,  59,  60,  61,  65,  79, 104, 114, 115,
    122, 131, 202, 205, 206, 209, 210,   2,   5,   6,  23,  25,  26,  29,  30,  32,
     33,  34,  35,  36,  37,  38,  39,  58,  59,  60,  61,  79, 115, 131, 202, 205,
    206, 209, 210,   3,   6,   8,  23,  27,  32,  33,  34,  37,  39,  58,  59,  61,
     71,  76,  79,  82, 131, 141, 202, 203, 205, 206, 209, 210,   2,   5,   6,  23,
     25,  26,  28,  29,  30,  32,  33,  34,  35,  36,  37,  38,  39,  40,  43,  58,
     59,  60,  61,  65,  72,  79, 115, 131, 202, 205, 206, 209, 210,   2,   5,   6,
     23,  25,  26,  28,  29,  30,  32,  33,  34,  35,  36,  37,  38,  39,  40,  43,
     58,  59,  60,  61,  65,  72,  79, 115, 131, 202, 205, 206, 209, 210,   0,   1,
      2,   3,   5,   6,   7,   8,   9,  21,  22,  23,  25,  26,  27,  28,  30,  32,
     33,  34,  35,  36,  37,  38,  40,  42,  43,  44,  45,  46,  47,  48,  51,  52,
     53,  54,  55,  56,  57,  58,  59,  60,  61,  62,  65,  69,  71,  79,  82,  83,
     84,  85,  86,  87,  88,  89,  90,  91,  97,  98,  99, 100, 101, 102, 103, 104,
    105, 106, 107, 108, 109, 110, 111, 112, 113, 114, 115, 116, 122, 125, 126, 127,
    128, 129, 130, 131, 132, 133, 134, 135, 136, 137, 138, 139, 140, 143, 144, 145,
    146, 189, 190, 191, 192, 193, 194, 195, 196, 197, 198, 199, 200, 201, 202, 203,
    206, 207, 208,   1,   2,   5,   6,   8,  23,  40,  56,  58,  59,  60,  61,  65,
     71,  72, 116, 130, 132, 202, 203, 205, 206,   0,   3,   5,   7,   8,   9,  10,
     23,  25,  26,  27,  28,  29,  30,  31,  32,  33,  34,  35,  36,  37,  38,  40,
     42,  43,  44,  45,  47,  48,  51,  52,  55,  62,  65,  71,  76,  79,  82,  84,
     85,  86,  87,  88,  89,  90,  91,  96,  97,  98,  99, 100, 101, 104, 105, 106,
    107, 108, 109, 110, 111, 112, 113, 114, 115, 122, 124, 125, 126, 128, 129, 131,
    134, 135, 136, 137, 138, 139, 140, 143, 189, 190, 191, 192, 193, 194, 195, 196,
    197, 198, 200, 201, 203, 207, 208, 209, 211, 214,   2,   5,   6,  12,  13,  14,
     16,  18,  20,  21,  22,  25,  26,  28,  29,  30,  32,  33,  34,  35,  36,  37,
     38,  40,  42,  46,  48,  49,  50,  51,  52,  53,  54,  56,  57,  58,  59,  60,
     61,  62,  65,  79,  81,  83,  84,  85,  86,  87,  88,  92,  93,  94,  95, 102,
    103, 104, 105, 106, 114, 115, 116, 117, 118, 119, 120, 121, 122, 127, 130, 131,
    132, 133, 134, 135, 137, 138, 141, 142, 144, 145, 146, 189, 190, 191, 192, 193,
    194, 199, 202, 205, 206, 212, 147, 152, 155, 165, 168, 181,   0,   3,   7,   8,
      9,  15,  16,  17,  21,  22,  25,  28,  34,  35,  36,  37,  40,  42,  43,  44,
     45,  46,  47,  48,  51,  52,  53,  54,  55,  56,  62,  63,  66,  71,  79,  80,
     81,  83,  84,  85,  86,  87,  88,  89,  90,  91,  92,  94,  95,  96,  97,  98,
     99, 100, 101, 104, 105, 106, 107, 108, 109, 110, 111, 112, 113, 114, 116, 117,
    118, 121, 122, 125, 126, 127, 128, 129, 130, 132, 134, 135, 136, 137, 138, 139,
    140, 141, 142, 143, 144, 145, 189, 190, 191, 192, 193, 194, 195, 196, 197, 198,
    200, 201, 203, 207, 208,   0,   3,   4,   7,   8,   9,  12,  15,  16,  17,  21,
     22,  25,  27,  28,  34,  35,  36,  37,  42,  43,  44,  45,  46,  47,  48,  51,
     52,  53,  54,  55,  56,  57,  58,  59,  60,  61,  62,  63,  66,  71,  79,  80,
     81,  82,  83,  84,  85,  86,  87,  88,  89,  90,  91,  92,  94,  95,  96,  97,
     98,  99, 100, 101, 102, 103, 104, 105, 106, 107, 108, 109, 110, 111, 112, 113,
    114, 116, 117, 118, 121, 122, 124, 125, 126, 127, 128, 129, 130, 132, 133, 134,
    135, 136, 137, 138, 139, 140, 141, 142, 143, 145, 146, 189, 190, 191, 192, 193,
    194, 195, 196, 197, 198, 200, 201, 202, 203, 207, 208,   0,   2,   4,   5,   6,
      8,  11,  12,  14,  16,  17,  18,  20,  23,  27,  32,  33,  34,  35,  37,  39,
     50,  54,  56,  57,  58,  59,  61,  63,  65,  69,  71,  72,  76,  82, 102, 103,
    121, 130, 131, 132, 133, 146, 202, 203, 205, 206, 212,  25,  31,  32,  34,  35,
     36,  37,  38,  58,  59,  60,  61,  62, 131, 134, 135, 202,   0,   3,   4,   5,
      7,   8,   9,  15,  16,  17,  21,  22,  40,  63,  65,  66,  71,  79,  80, 203,
    207, 208,  56,  58,  59,  60,  61, 130, 132, 202,  15,  16,  15,  15,  18,  18,
      0,   1,   2,   5,   6,   7,   8,   9,  23,  25,  26,  27,  28,  29,  30,  31,
     32,  33,  34,  35,  36,  37,  38,  39,  40,  42,  44,  45,  47,  48,  49,  50,
     51,  52,  55,  56,  64,  65,  69,  70,  71,  72,  74,  75,  76,  77,  78,  82,
     84,  85,  86,  87,  88,  89,  90,  91,  92,  94,  95,  96,  97,  98,  99, 100,
    101, 102, 103, 104, 105, 107, 108, 109, 110, 111, 112, 113, 114, 115, 116, 117,
    118, 119, 121, 122, 124, 125, 126, 127, 128, 129, 130, 131, 132, 133, 135, 137,
    138, 139, 140, 141, 142, 143, 144, 145, 146, 189, 190, 191, 192, 193, 194, 195,
    196, 197, 198, 199, 200, 201, 202, 203, 205, 206, 207, 208, 209, 210, 211, 213,
    214,   3,   6,   8,  23,  27,  32,  33,  34,  37,  39,  58,  59,  61,  71,  76,
     79,  82, 131, 202, 203, 205, 206, 209, 210,
};

static const int8_t libron_14_regularKernSparseValues[] = {
     -14,  -15,  -24,  -12,  -12,   -7,  -18,  -11,  -14,  -16,  -14,   -9,  -15,  -12,   -2,  -13,
      -1,  -10,  -10,  -10,   -7,  -17,   -1,  -14,   -1,  -10,  -14,  -14,  -24,  -24,  -14,  -14,
     -15,  -54,  -43,  -54,  -19,  -11,   -7,   -2,   -2,  -34,  -35,    4,    3,    3,    2,  -13,
       2,  -17,  -22,   -2,  -12,    1,    1,    1,   -3,   -3,  -10,   -1,   -2,  -10,    1,   -3,
     -32,   -4,  -39,  -45,   -2,  -22,  -13,  -13,  -24,  -13,  -33,  -17,  -34,   21,   11,   16,
     -13,  -34,  -17,  -17,  -17,  -17,    6,  -13,  -25,  -17,  -35,  -17,  -34,  -34,  -12,  -24,
       1,    7,    6,    9,   18,    1,  -17,  -17,   -6,  -20,  -18,   -1,   -1,   -2,   -2,  -24,
      -7,  -13,  -18,  -17,   55,    5,  -28,   16,   -3,  -13,   -7,  -13,  -13,  -13,  -13,  -17,
     -17,  -18,  -17,  -26,  -17,  -43,  -54,  -54,  -17,   -1,    3,  -12,  -10,  -21,  -12,    2,
     -28,   -1,   -1,   -1,    4,   -1,   -1,   -1,   -1,   -1,   -1,   -1,   -1,   -1,   -1,   -1,
      -1,   -1,   -1,   -1,   -1,   -1,  -12,   -1,   -1,   -1,   -1,   -1,   -1,   -1,   -1,   -1,
     -13,  -12,   -8,   -2,  -28,   -3,  -12,  -15,  -14,   -7,   -3,   -3,  -14,   -6,    1,    1,
      -9,    4,  -14,  -13,   -2,   -2,   -3,  -10,  -13,  -10,  -10,   -3,   -2,   -8,  -13,  -17,
      -3,  -11,  -14,   -9,   -9,   -9,   -9,   -9,  -14,  -14,  -14,   11,    5,   -9,  -14,  -14,
     -14,  -14,  -14,  -13,  -13,    6,   -9,   -9,  -14,  -14,  -14,  -14,  -14,  -14,  -14,   -2,
      -3,   -3,  -10,  -10,  -13,   -2,   -2,   -5,   -9,  -12,  -14,   45,  -13,    8,   -2,  -13,
      -9,   -9,   -9,   -9,   -9,  -14,  -14,   -6,  -14,   -9,  -14,   -3,  -28,   -3,   -3,   -3,
     -12,   -8,   -8,  -10,   -7,   -8,   -8,  -15,  -14,  -10,  -62,  -34,  -62,    1,  -15,  -11,
      -7,   -3,   -3,  -34,   -7,  -39,  -10,   -7,  -11,   -6,   -8,  -14,  -16,  -20,   -2,  -12,
      -1,   -3,   -2,   -1,   -1,   -8,   -3,  -12,   -2,   -3,   -1,   -2,   -3,   -1,   -3,   -8,
     -10,   -4,  -27,  -13,  -41,  -47,   -2,  -14,  -12,  -13,  -13,  -14,  -16,  -15,  -15,   -3,
      -3,   21,   11,  -15,  -16,  -16,  -16,  -16,  -16,   -3,   -3,   -1,  -14,  -14,  -16,  -16,
     -16,  -16,  -16,  -11,  -12,    2,   -7,   17,    2,   -3,   -3,   28,   -1,   -8,   -7,  -16,
     -16,   -8,   -8,  -12,   -2,   -2,   -3,   -3,   -3,  -12,  -14,  -13,  -16,  -16,   15,   14,
     -16,   -8,   -8,   -3,  -14,  -12,  -13,  -14,  -14,  -14,  -16,  -16,  -15,  -16,   -3,  -16,
     -16,   -1,  -34,  -62,  -62,  -24,  -54,   -8,   -3,  -62,  -12,  -10,   -1,    3,    7,   -2,
     -25,  -12,  -23,  -14,  -79,  -21,  -42,  -61,  -84,  -38,   -9,  -10,  -10,  -10,  -32,  -23,
     -34,  -11,   -2,  -12,  -13,  -59,   -7,  -14,  -10,  -10,   -9,  -10,  -79,  -10,  -10,  -10,
     -34,  -12, -124, -123,  -57,  -43,  -28,  -36,  -24,  -14,  -11,   -2,  -18,  -11,  -10,  -10,
     -18,  -15,  -26,  -14,  -15,  -39,  -13,  -33,  -24,  -28,  -45,  -16,  -26,   -6,  -13,   -9,
     -11,   -9,   -9,   -9,  -11,   -9,   -9,   -9,  -18,  -15,  -24,  -20,   -6,  -22,  -18,  -24,
     -13,   -6,   -6,   -6,   -6,   -6,  -11,  -11,  -11,  -11,   -9,   -9,   -9,   -6,   -6,   -9,
     -15,  -11,  -11,  -11,  -11,  -11,   -9,   -9,  -11,   -9,  -78,   -9,   -9,   -6,   -6,   -6,
      -6,  -11,  -11,  -11,  -11,   -9,   -6,   -6,   -6,   -6,   -6,   -6,  -11,  -20,  -44,  -40,
     -41,  -12,  -54,   -8,   -3,  -62,  -12,  -10,   -1,    3,    7,   -2,  -25,  -12,  -23,  -14,
     -40,  -21,  -42,  -30,  -42,  -38,   -9,  -10,  -10,  -10,  -32,  -23,  -34,  -11,   -2,  -12,
     -13,  -59,   -7,  -14,  -10,  -10,   -9,  -10,  -79,  -10,  -10,  -10,  -34,  -12,  -62,  -61,
     -57,  -12,  -38,  -38,  -65,  -12,   -7,   -8,  -10,  -10,  -27,  -24,    2,    1,    2,  -23,
       5,  -32,  -30,   -2,  -21,  -11,   -9,  -24,   -3,   -2,   -2,   -3,  -32,   -2,  -23,  -23,
     -23,  -23,  -23,  -32,  -32,  -32,   -8,  -32,  -32,  -32,  -32,  -32,   -2,   -2,    8,  -23,
     -23,  -32,  -32,  -32,  -32,  -32,  -21,  -21,  -32,  -32,  -11,  -24,  -24,   -3,   -3,   -2,
      -3,   -3,  -21,  -23,  -23,  -32,  -32,  -32,  -11,  -11,   -2,  -23,  -23,  -23,  -23,  -23,
     -23,  -32,  -32,  -32,  -32,  -32,  -32,  -38,  -38,  -11,  -11,  -11,   -3,  -15,   -7,  -12,
      -8,   -7,   -6,  -13,  -10,   -9,  -17,   -9,   -6,  -11,   -7,  -11,  -11,  -12,  -14,  -13,
      -7,   -7,   -6,  -10,   -4,    2,  -12,  -14,  -14,  -14,  -14,  -14,   -5,  -18,   -8,  -11,
     -10,   -9,  -12,  -14,  -13,  -12,  -12,  -12,   -6,   -5,   -8,   -4,   -6,   -8,  -14,  -11,
      -3,  -15,  -13,   -6,   -5,   -5,   -8,   -5,   -7,   -7,   -1,   -1,   -1,   -8,   -4,   -2,
      -4,   -4,   -5,   -5,   -8,   -7,   -4,  -10,   -1,   -2,   -8,   -4,   -5,   -2,   -7,   -7,
     -17,   -2,  -12,   -8,   -2,   -1,    2,  -12,   -1,   -1,   -2,   -1,   -1,  -20,   -7,  -21,
     -16,   -2,  -24,   -5,   -7,   -2,  -14,  -16,   -1,  -20,  -16,  -14,  -15,    2,  -14,  -14,
      -2,   -2,   -5,   -5,  -13,   -8,  -14,  -14,   -6,  -10,   -1,   -1,   -5,   -1,   -5,   -2,
      -2,  -12,   -5,   -7,   -5,   -3,   -8,   -1,   -7,  -10,  -12,  -11,   -8,   -1,   -1,   -9,
       2,  -34,  -23,  -34,  -18,    3,  -15,  -12,  -10,    2,  -30,   -6,  -28,   10,    7,    1,
       9,    1,  -10,  -21,   -6,  -23,  -34,  -34,  -11,  -13,   -2,   -2,   -5,   -1,   -1,   -4,
      -7,   -5,   -3,   -8,   -6,  -11,  -27,   -2,  -27,   -8,   -5,  -24,   -9,  -25,  -11,   -9,
      -5,   -8,   -7,  -12,  -11,   -8,   -6,   -8,   -2,   -9,   -2,  -27,  -27,   -2,   -3,  -10,
       1,    6,   -6,   -9,  -21,  -14,  -26,  -10,   -9,   -9,  -11,  -10,   -1,   -9,  -31,  -31,
      -6,  -15,  -15,  -14,   -6,  -18,   -7,   -6,   -4,  -11,   -8,   -9,  -14,  -16,   -6,  -15,
     -15,  -17,  -36,   -5,  -36,  -18,    2,  -12,  -10,   -7,  -21,   -5,   -7,  -22,   -4,  -14,
       4,   -5,  -47,  -20,  -42,  -27,  -49,  -30,   -3,   -9,   -7,   -2,   -4,   -4,   -2,   -8,
      -8,  -27,  -19,  -30,  -11,  -23,  -18,  -28,  -18,  -24,  -28,   -3,   -3,   -3,   -3,   -3,
      -9,   -9,   -9,   -9,   -9,   -9,   -9,   -9,  -18,   -8,   -8,   -3,   -3,   -9,   -9,   -9,
      -9,   -9,   -2,   -2,   -4,   -2,   -2,   -9,   -9,   -2,   -2,   -8,  -47,   -8,   -8,   -2,
      -3,   -3,   -9,   -9,   -9,   -8,   -3,   -3,   -3,   -3,   -3,   -3,   -9,   -9,   -9,   -9,
      -9,   -9,  -30,  -18,  -35,  -36,  -38,  -33,   -7,   -9,   -2,   -8,   -1,   -6,   -1,   -1,
      -5,   -3,  -10,   -5,   -9,  -10,   -1,   -2,   -3,   -2,   -1,   -5,   -3,   -5,   -5,   -4,
      -6,  -10,   -3,   -3,   -3,   -3,   -3,   -3,   -3,   -2,   -2,   -1,   -1,   -5,   -4,   -4,
      -2,   -3,   -3,   -1,   -1,   -3,   -3,   -3,   -3,   -3,   -3,   -5,   -1,   -1,   24,    1,
       1,    1,   -1,   -4,  -14,  -15,  -15,   -3,   -7,  -17,   -6,  -15,   -7,   -6,   -4,   -4,
     -13,   -8,  -26,  -18,   -3,  -12,   -3,   -1,   -1,   -5,   -5,   -5,   -2,   -4,   -2,  -10,
      -3,  -22,   -3,   -3,   -3,   -3,   -3,   -1,   -1,   -1,   -1,   -1,   -1,   -1,   -1,   -1,
      -5,   -3,   -3,   -1,   -1,   -1,   -1,   -1,   -5,   -6,   -5,   -3,   -1,   -1,   -4,   -3,
      -3,   -1,   -1,   -1,   -3,   -3,   -3,   -3,   -3,   -3,   -1,   -1,   -1,   -1,   -1,   -1,
      -2,  -15,  -15,   -1,   -1,   -7,   -1,   -4,   -2,   -5,   -1,   -7,   -7,   -7,   -7,   -7,
      -7,   -7,   -1,   -1,   -7,   -7,   21,   -7,   -6,   -7,   -7,   -7,   -7,    1,    1,   -5,
     -15,  -15,  -45,  -27,  -45,  -19,  -16,  -10,   -8,   -3,   -3,    5,  -10,  -29,   -5,  -38,
      -1,   -4,  -21,    3,  -21,  -24,   -2,  -19,   -7,   -2,  -10,  -10,  -19,   -2,   -5,   -2,
      -2,   -4,   -3,   -8,  -20,  -23,  -12,  -45,   -5,   -2,  -21,  -21,  -21,  -21,  -21,  -21,
     -21,  -21,   -4,   -5,   -4,    4,  -20,  -21,  -21,  -21,  -21,  -21,   -5,   -5,    5,  -21,
     -21,  -21,  -21,  -21,  -21,  -21,  -19,  -19,    1,   -4,   -5,   -5,   -7,   -7,    6,   -1,
     -21,  -21,  -10,  -18,  -19,   -2,   -3,   -5,   -8,   -8,  -19,  -14,  -21,  -20,  -21,   36,
      -4,  -20,  -10,   -5,  -21,    2,  -21,  -21,  -21,  -21,  -21,  -21,   -5,  -21,   -7,  -16,
     -21,   -3,  -27,    2,  -45,  -45,   -5,   -8,   -9,   -1,   -1,   -3,   -7,   -2,   -1,   -7,
      -8,   -4,   -4,   -7,   -1,   -2,   -9,   -7,   -1,  -10,   -1,   -1,   -2,   -2,   -2,   -2,
      -2,   -2,   -2,   -7,   -2,   -2,   -2,   -2,   -2,   -2,   -2,   -2,  -10,   -6,   -8,   -1,
      -1,   -6,   -4,   -6,  -15,   -6,   -8,   -7,   -5,   -6,   -7,  -12,  -11,   -5,   -9,   -4,
      -9,   -8,  -15,  -14,  -16,   -3,  -17,  -15,   -7,   -6,   -7,   -7,   -7,   -7,   -7,  -12,
     -12,  -12,  -12,  -12,  -12,  -12,  -12,  -12,   -8,   -8,   -7,   -7,  -12,  -12,  -12,  -12,
     -12,   -5,   -5,   -1,  -12,  -12,   -4,   -4,   -9,   -9,   -8,   -3,   -3,   -5,  -13,   -7,
     -24,  -12,   31,  -12,   -8,   -7,  -14,   -7,   -7,   -7,   -7,  -12,  -12,  -23,  -12,  -12,
     -12,  -16,  -15,  -14,  -19,  -13,  -19,  -10,   -6,   -5,   -5,   -9,  -10,  -10,   -6,   -9,
      -9,  -11,  -19,   -5,  -15,  -12,    4,  -15,  -15,  -11,  -14,    1,   -3,    1,    1,  -12,
     -11,  -16,  -11,   -9,  -11,  -12,  -11,  -13,  -16,  -17,  -13,  -19,  -23,   -5,  -11,  -12,
     -12,  -12,  -12,  -12,  -15,  -15,  -15,  -15,   -5,   -3,  -15,  -15,  -15,  -15,  -15,  -15,
      -9,   -9,    7,  -12,  -12,  -15,  -15,  -15,  -15,  -15,  -14,  -14,    1,   -4,   -4,   -4,
      -3,  -15,    1,  -15,  -15,  -12,  -16,  -16,  -11,  -11,   -9,  -16,  -16,  -14,  -24,  -12,
     -29,  -15,   34,   -4,  -15,  -11,  -12,   -9,  -12,  -24,  -12,  -12,  -12,  -12,  -15,  -15,
     -28,  -15,   -7,  -29,  -15,  -13,  -13,  -19,  -19,  -10,   -4,   -9,  -27,    2,   -8,   -4,
     -12,   -3,   -7,   -4,   -3,   -4,  -30,    3,   -4,   -7,   -1,   -7,   -7,   -8,   -3,  -14,
      -9,   -3,   -4,   -2,   -9,   -9,  -39,  -28,  -41,   -3,   -3,  -22,   -9,  -25,   -3,  -57,
      -3,   -3,   -3,   -3,   -3,  -14,  -14,  -14,  -13,  -14,  -14,  -14,  -14,  -28,   -9,   -9,
      -3,   -3,  -14,  -14,  -14,  -14,  -14,   -3,   -3,   -2,   -3,  -14,  -14,   -2,   -2,   -9,
     -14,  -19,   -9,   -3,   -7,   -3,  -14,  -14,   28,  -14,   -9,   -3,   -6,   -3,   -3,   -3,
      -3,  -14,  -14,  -28,  -14,  -14,  -14,  -41,  -27,   -8,   -2,   -3,  -12,  -13,  -46,  -46,
       5,    5,   -8,  -26,  -13,    1,    1,  -25,   -1,  -44,   -8,  -41,  -19,   -4,  -49,   -1,
     -21,   -4,   -4,   -5,   -4,  -27,  -13,  -28,   -2,   -2,  -31,   -3,   -1,   -4,   -4,   -4,
      -5,  -87,   -5,   -4,   -2,   -2,   -4,  -28,  -45,  -42,    5,    5,  -45,  -43,   -5,   -7,
     -14,   -7,   -7,   -7,   -4,   -7,   -1,   -1,   -5,  -11,   -9,   -3,   -4,   -8,   -2,   -9,
      -8,  -17,  -16,  -18,  -16,   -5,  -14,   -1,   -4,   -7,   -5,   -5,   -5,   -5,   -5,  -11,
     -11,  -11,  -11,  -11,  -11,  -11,  -11,  -11,   -8,   -8,   -5,   -5,  -11,  -11,  -11,  -11,
     -11,   -3,   -3,   -4,   -1,  -11,  -11,   -2,   -2,   -9,   -1,   -9,   -8,   -3,   -5,   -5,
     -11,  -11,   20,  -11,   -8,   -5,   -5,   -5,   -5,   -5,   -5,  -11,  -11,  -11,  -11,  -11,
     -11,  -18,  -14,   -7,   -2,   -2,  -13,  -13,  -13,  -13,   -5,   -7,   -3,   -3,   -7,   -6,
     -10,   -5,   -7,   -7,  -10,   -7,   -5,   -8,  -17,    1,  -13,  -12,  -10,  -11,   -3,   -1,
     -10,  -10,  -14,  -10,   -9,  -12,  -12,   -7,  -13,  -15,  -17,  -12,  -17,   -5,   -5,  -10,
     -17,  -17,  -17,  -17,  -17,  -13,  -13,  -13,   -3,  -12,   -3,   -5,  -13,  -13,  -13,  -13,
     -13,  -13,   -9,   -9,    4,  -17,  -17,  -13,  -13,  -13,  -13,  -13,  -11,  -11,   -3,   -3,
      -5,   -3,  -13,   -1,   -1,  -13,  -13,  -10,  -14,  -14,  -10,  -10,   -9,  -15,  -15,  -11,
     -29,  -17,  -25,  -13,   32,   -3,  -13,  -12,  -10,   -9,  -17,  -29,  -17,  -17,  -17,  -17,
     -13,  -13,  -24,  -13,   -6,  -24,  -13,  -13,  -13,  -13,  -13,   -1,  -14,  -14,  -14,   -4,
      -8,  -14,   -6,  -13,   -7,   -6,   -4,   -4,  -14,   -8,  -24,  -19,   -4,  -12,   -3,   -4,
      -4,   -4,   -3,   -4,   -3,  -10,   -3,  -19,   -3,   -3,   -3,   -3,   -3,   -4,   -3,   -3,
      -4,   -6,   -4,   -2,   -4,   -3,   -3,   -3,   -3,   -3,   -3,   -3,   -3,   -3,  -14,  -14,
      -1,  -13,  -15,  -49,  -29,  -49,  -17,   -8,   -7,    1,   -3,  -28,   -3,  -38,   -6,   -3,
       1,   -5,   -2,  -14,   -1,   -7,  -11,  -13,   -5,   -5,   -1,  -21,  -23,   -1,  -43,   -7,
      -7,   -7,   -7,   -7,  -11,  -11,  -11,  -12,  -11,  -11,  -11,  -11,  -11,   -7,   -7,  -11,
     -11,  -11,  -11,  -11,   -5,   -5,    1,   -3,   -4,   -7,  -11,  -11,   -5,   -5,    1,   -1,
      -1,   -5,   -7,   -7,  -11,  -11,  -11,   -7,   -7,   -7,   -7,   -7,   -7,  -11,  -11,  -11,
     -11,  -11,  -11,  -29,  -49,  -49,   -3,   -1,  -14,  -23,  -14,   -4,   -8,  -14,   -6,  -13,
      -7,   -6,   -4,   -4,  -14,   -8,  -24,  -19,   -4,  -12,    1,   -3,   -4,   -4,   -4,   -3,
      -4,   -3,  -10,   -3,  -19,   -3,   -3,   -3,   -3,   -3,   -4,   -3,   -3,   -4,   -6,   -4,
      -2,   -4,   -3,   -3,   -3,   -3,   -3,   -3,   -3,   -3,   -3,  -26,  -26,   -1,   -6,   -4,
     -10,  -15,    1,   -6,   -8,   -6,   -5,   -3,   -8,   -3,   -4,    3,   -5,   -7,  -11,   -8,
     -12,   -6,   -7,   -1,   -7,   -5,   -5,   -4,   -6,   -6,   -8,  -17,   -4,  -15,   -6,   -4,
      -9,   -1,   -1,   -1,   -1,   -1,   -7,   -7,   -7,   -7,   -7,   -7,   -7,   -7,  -14,   -1,
      -1,   -7,   -7,   -7,   -7,   -7,   -7,   -7,   -5,   -1,   -1,   -7,   -7,   -7,   -1,   -1,
      -1,   -1,   -1,   -1,   -7,   -7,   -7,   -7,   -7,   -7,   -6,  -15,   -5,   -8,  -11,   -7,
      -4,   -2,   -7,   -6,   -2,   -1,   -1,   -1,   -3,   -2,   -1,   -2,   -4,   -2,   -4,   -4,
      -2,   -6,   -3,   -3,   -3,   -3,   -3,   -3,   -3,   -2,   -2,   -2,   -2,   -4,   -4,   -2,
      -3,   -3,   12,   -3,   -6,   -3,   -3,   -3,   -3,    1,   -4,   -3,  -14,  -18,  -79,  -39,
     -40,  -18,  -21,   -9,   -7,   -6,   -6,    2,  -10,  -45,   -4,  -42,   -2,   -2,  -22,  -33,
     -38,   -7,  -20,  -14,   -5,   -1,  -14,  -19,  -13,  -20,   -9,   -9,  -11,  -10,   -9,  -11,
      -9,  -36,  -38,  -12,  -61,   -4,   -7,  -39,  -40,  -40,  -39,  -22,  -63,  -64,  -63,   -8,
     -14,   -8,   -8,  -22,  -66,  -33,  -33,  -66,  -33,   -9,   -9,  -14,  -40,  -40,  -64,  -33,
     -64,  -64,  -66,  -37,  -38,  -12,   -8,   -9,   -8,   -5,  -17,    4,  -14,  -33,  -33,  -31,
     -34,  -36,  -17,  -17,   -9,  -19,   -9,  -20,  -33,  -40,  -57,  -64,   23,   -8,  -59,  -22,
     -30,  -15,  -22,  -27,  -40,  -41,  -41,  -41,  -33,  -64,  -43,  -64,   -5,  -53,  -33,  -11,
     -39,    1,  -79,  -40,  -13,  -14,  -21,  -13,  -21,  -11,   -6,   -4,   -5,   -8,  -10,   -9,
      -5,   -9,   -9,  -11,  -20,   -4,  -18,   -1,  -18,    6,  -15,  -15,  -10,  -14,    1,   -1,
       2,    1,  -12,  -11,  -16,  -10,   -8,  -10,  -10,  -11,  -11,  -16,  -17,  -13,  -19,  -27,
      -4,  -10,  -18,  -18,  -18,  -18,  -18,  -15,  -15,  -15,    4,  -12,   -1,   -1,  -15,  -15,
     -15,  -15,  -15,  -15,   -8,   -8,    9,  -18,  -18,  -15,  -15,  -15,  -15,  -15,  -14,  -14,
       1,   -1,   -1,   -2,   -1,  -13,    2,  -15,  -15,  -12,  -16,  -16,  -10,  -10,   -8,  -16,
     -16,  -14,  -30,  -18,  -30,  -15,   38,   -1,  -31,   -9,  -12,   -8,  -18,  -30,  -18,  -18,
     -18,  -18,  -15,  -15,  -28,  -15,   -2,  -29,  -15,  -11,  -13,  -21,  -21,  -18,    1,    3,
     -22,    1,  -40,  -31,  -40,  -26,  -14,   -6,   -7,  -26,  -19,  -24,  -10,   -2,  -20,  -20,
       4,  -25,  -37,  -14,  -36,   -5,   -1,    1,    2,  -38,   17,  -34,  -36,  -19,  -31,    8,
      -2,    8,    8,  -30,  -27,  -35,  -21,  -19,  -18,  -19,  -20,  -19,  -29,    2,  -12,  -36,
     -31,  -32,  -59,  -14,  -19,  -30,  -38,  -38,  -37,  -38,  -30,  -34,  -34,   17,  -20,   -2,
      11,  -20,  -32,  -34,  -34,  -34,  -34,  -19,  -19,   19,  -38,  -32,  -34,  -34,  -34,  -32,
     -34,  -31,  -28,    3,    6,    6,   -2,  -29,    8,   -1,    1,  -34,  -34,  -27,  -35,  -29,
     -21,  -22,  -19,  -29,  -28,  -29,    1,  -38,   -5,  -34,   51,   -2,  -16,   15,  -30,  -14,
     -38,   -1,  -35,  -38,  -38,  -35,  -34,  -34,   -7,  -34,   -3,  -18,  -34,  -19,  -31,  -40,
     -40,    1,  -17,  -14,    1,    2,  -20,  -60,  -24,  -30,  -16,  -10,   -4,   -5,  -20,  -16,
     -19,   -8,  -14,  -14,    4,  -20,  -24,   -8,  -21,   -2,   -1,    1,    2,  -25,   16,  -20,
     -20,  -12,  -19,    7,   -5,   15,    7,  -17,  -15,  -22,  -13,  -11,  -10,  -11,  -12,  -11,
     -18,    2,   -9,  -27,  -23,  -25,  -46,   -8,  -12,  -46,  -25,  -25,  -25,  -25,  -40,  -20,
     -20,   11,  -19,   -5,    6,  -17,  -41,  -20,  -20,  -20,  -20,  -11,  -11,   26,  -25,  -49,
     -20,  -20,  -20,  -41,  -41,  -19,  -19,    9,   -5,    1,    1,   -5,  -21,   15,    1,  -20,
     -20,  -32,  -22,  -41,  -13,  -29,  -11,  -18,  -18,  -19,  -25,  -25,  -26,  -20,   46,   -5,
     -35,   -3,  -33,  -14,  -25,  -27,  -51,  -25,  -25,  -51,  -20,  -20,  -29,  -20,   -6,  -35,
     -20,  -11,  -24,  -60,  -30,    1,   -2,  -10,   -4,   -8,  -26,    1,   -7,   -3,  -12,   -3,
      -7,   -1,   -3,   -3,   -4,  -25,   -4,   -5,   -1,   -4,  -14,  -10,   -3,   -4,   -2,  -10,
      -9,  -37,  -27,  -40,   -3,   -2,  -22,   -8,  -24,   -2,   -7,  -24,   -4,   -4,   -4,   -4,
      -4,  -14,  -14,  -14,    2,  -14,  -14,  -14,  -14,  -14,  -14,   -9,   -9,   -4,   -4,  -14,
     -14,  -14,  -14,  -14,   -3,   -3,   -2,   -3,  -14,  -14,   -2,   -2,  -10,   -6,  -10,   -9,
      -3,   -3,   -4,  -14,  -14,   31,  -14,    1,   -9,   -4,   -4,   -4,   -4,   -4,   -4,  -14,
     -14,  -14,  -14,  -14,  -14,  -40,  -26,   -7,   -1,   -2,   -2,   -6,  -17,    1,  -23,  -77,
     -42,  -38,  -25,  -18,   -1,   -7,   -8,  -35,  -20,  -29,  -13,   -2,  -25,  -25,    1,  -29,
     -44,  -21,  -38,   -5,    1,  -47,   14,  -53,  -54,  -28,  -44,    5,   -7,   -4,   11,    5,
     -39,  -39,  -42,  -31,  -32,  -33,  -31,  -32,  -35,  -39,    1,  -15,  -49,  -41,  -38,  -61,
     -21,  -57,  -85,  -47,  -93,  -93,  -47,  -96,  -53, -105,    7,  -34,   -8,  -24, -101,  -53,
     -53, -105,  -53,  -63,  -32,   22,  -47,  -88,  -53, -102, -106, -102, -102,  -44,  -83,    6,
      -8,   -5,   -4,   -7,  -46,   -7,   11,  -53, -104,  -74,  -42,  -77,  -31,  -66,  -32,  -39,
     -77,  -84,  -49,  -47,  -61, -106,   41,   -8,  -72,  -27,  -77,  -48,  -95,  -51,  -91,  -47,
     -95,  -91,  -53, -106,  -64, -104,  -15,  -74, -106,  -35,  -42,  -77,  -38,  -23,   -7,   -1,
      -3,   -5,   -5,   -3,   -1,   -1,   -2,   -1,   -2,   -3,   -6,   -4,   -3,  -19,  -15,  -20,
      -4,   -2,   -3,   -1,   -2,   -2,   -2,   -2,   -2,   -3,   -3,   -2,   -2,   -2,   -2,   -3,
      -4,   -5,   -4,   -3,   -4,   -4,   -2,   -2,   -2,   20,   -3,   -2,   -2,   -2,   -2,   -2,
      -2,  -20,   -6,   -1,   -2,   -2,    2,  -11,  -10,   -2,  -26,   -9,  -13,  -13,  -12,   -3,
       3,    3,    3,   -2,    5,  -10,  -10,   -2,   -9,   -3,   -3,   -4,  -11,  -13,   -7,  -12,
      -2,   -2,   -2,   -2,   -2,  -10,  -10,  -10,   17,    9,  -10,  -10,  -10,  -10,  -10,   -9,
      -9,    7,   -2,   -2,  -10,  -10,  -10,  -10,  -10,    6,  -10,  -10,   -2,   -2,   -9,    4,
      -2,   -6,  -10,   51,   -9,   14,   -8,   -2,   14,   -2,   -2,   -2,   -2,  -10,  -10,    7,
     -10,   -3,  -10,   -4,  -26,  -12,  -12,    2,  -18,  -11,  -27,  -16,  -26,  -63,   -5,  -12,
      -5,  -14,    3,   -5,  -18,   -5,  -14,   -2,   -2,  -13,   14,    4,   16,    8,    1,    1,
      16,   16,    8,   16,  -22,  -20,  -10,  -17,   -6,    1,  -29,  -16,  -45,  -22,   -2,  -44,
     -28,    4,  -13,  -10,   -2,  -15,   -9,  -11,  -12,  -10,  -10,   -6,  -29,  -15,  -10,  -21,
     -20,  -28,  -18,  -17,   -1,  -14,  -12,   -1,   -1,  -16,   -9,  -11,   -3,  -11,  -12,   -2,
     -27,  -15,  -35,  -21,  -16,  -54,  -12,  -23,  -11,   -9,   -7,  -11,  -11,   -1,  -11,   -2,
     -10,  -11,  -27,   -1,   -1,  -11,  -14,  -13,   -1,   -1,  -20,  -10,   -2,   -3,   -2,  -12,
      -5,   -3,   -3,  -11,  -14,  -32,  -22,   -3,  -46,   -1,   -5,   -2,   -1,   -5,   -3,  -11,
      -9,   -1,   -2,   -2,   -2,   -2,   -2,   -2,   -2,   -2,   -2,   -2,   -2,   -2,   -2,   -2,
      -3,   -2,   -2,  -11,   -2,   -2,   -2,   -2,   -2,   -2,   -2,   -2,   -2,   -3,  -12,   -2,
      -2,  -14,   -7,   -1,  -10,  -10,   -6,   -4,   -7,   -8,   -6,   -5,   -7,   -7,   -4,   -2,
      -5,   -5,   -9,  -12,   -5,  -10,   -5,   -1,   -4,   -4,   -4,   -4,   -4,   -4,   -4,   -4,
      -4,   -4,   -4,   -4,   -4,   -4,   -2,   -4,   -4,   -7,   -4,   -4,   12,   -4,   -4,   -4,
      -3,   -4,   -4,   -4,   -9,  -10,   -6,   -6,  -10,   -6,  -14,   -4,  -10,  -14,   -1,   -5,
      -4,   -6,  -24,  -15,  -35,  -21,   -4,  -50,   -6,  -18,   -8,   -6,   -7,  -11,   -2,   -5,
     -24,  -11,  -12,  -10,  -18,   -8,    7,   30,   58,   48,   48,  -18,  -27,  -18,   54,   -9,
      38,    1,   -6,   30,   37,    6,   38,   47,   62,   59,   46,   61,   31,   50,   54,   -6,
      -8,  -10,   -4,   -3,  -19,   24,   -3,   -3,   -3,    2,   18,   49,    3,   30,  -21,   42,
      35,   35,  -25,   46,   28,    1,    3,   -9,   -4,    6,   -9,   -3,  -14,   -2,   58,   35,
      62,   -9,   -6,  -15,  -13,  -10,   -8,    6,    2,   -3,   -4,  -14,   -7,  -10,   -6,   -7,
      -7,    2,   43,   38,   52,   53,   54,   67,   -3,  -12,  -13,   -9,   13,   -1,    7,    2,
      38,    4,    5,    7,    1,   36,   -6,   28,  -12,   92,   46,   18,   56,    9,   27,   -8,
      37,   -1,  -10,   -6,   -1,  -14,  -10,   28,   -8,   24,   18,  -10,    4,  -27,   48,   52,
     -18,  -18,   59,   54,   -8,   28,    4,   -7,    1,  -14,   -3,   -2,   -3,   -4,   -3,   -3,
      -2,   -4,   -4,  -11,  -10,  -20,  -12,  -35,   -2,   -2,   12,   -4,   -2,   -7,   -1,    1,
       1,  -14,  -13,   -3,   -4,   -4,   -4,   -4,   -4,   -2,   -2,   -2,   -7,   -2,   -2,   -2,
      -2,   -2,   -4,   -4,   -2,   -2,   -2,   -2,   -2,   -4,   -6,   -2,   -2,   -1,   -1,  -11,
      -4,   -4,   -2,   -2,   -2,   -4,   -4,   -4,   -4,   -4,   -4,   -2,   -2,   -2,   -2,   -2,
      -2,  -14,    1,    1,    1,   -2,   -5,    3,  -19,   -1,  -17,   -8,  -19,   -5,  -27,  -14,
     -44,  -24,  -47,  -25,  -12,  -10,  -13,   -8,  -10,  -10,   -8,   -9,   -5,  -27,  -13,   -8,
     -18,  -17,  -26,  -16,   -1,   -9,   -9,   -6,   -4,   -5,   -5,   -2,   -3,   -7,   -4,   -3,
      -5,  -12,   -9,   -5,   -4,   -5,    8,   -5,   -9,   -6,   -1,  -10,   -1,   -1,   -6,   18,
      -6,   -5,  -27,    1,   -6,   -7,   -9,  -13,  -28,  -15,  -39,   -4,   -5,   -9,  -12,  -11,
      -9,   -6,   -4,   -6,   -5,   -7,   -3,  -19,   -3,  -25,   -3,   -7,   -5,   -5,   -5,   -5,
      -5,   -9,   -9,   -9,  -15,   -9,   -9,   -9,   -9,  -24,   -4,   -4,   -5,   -5,   -9,   -9,
      -9,   -9,   -9,  -11,  -11,  -10,   -9,   -9,   -9,   -9,   -6,   -9,   -6,   -4,  -11,   -5,
      -5,   -9,   -9,   -9,   -4,   -5,   -5,   -5,   -5,   -5,   -5,   -9,   -9,   -9,   -9,   -9,
      -9,   -7,  -27,   -6,   -4,  -15,   -4,   -7,   -7,   -4,   -9,   -9,   -6,   -4,   -6,   -8,
      -5,   -4,   -6,   -6,   -5,   -4,   -7,   -1,  -11,  -24,   -7,   -4,   -6,   11,    1,   -7,
      -9,   -6,   -7,   -8,   -5,  -17,  -14,  -12,  -17,   -8,  -12,   -2,  -12,  -12,  -32,  -15,
     -36,  -21,  -17,  -57,  -13,  -28,  -10,  -10,   -8,  -12,  -12,  -11,   -2,  -10,  -12,  -32,
     -12,  -14,  -12,  -19,  -10,   -1,   -4,   -7,   -6,   -5,   -6,   -9,   -9,  -31,  -17,   -1,
     -40,   -2,   -9,    1,    4,   -3,   -6,   -6,    4,   -9,  -10,  -11,  -10,  -12,  -25,  -27,
     -25,   -9,   -2,  -21,  -15,  -27,  -18,  -16,   -1,  -11,  -13,  -27,  -16,  -27,  -43,   -3,
     -10,   -7,  -10,   -8,   -6,   -5,   -2,   -5,   -5,   -2,   -6,   -9,  -20,  -26,   -7,   -7,
      -7,   -7,   -7,  -10,  -10,  -10,   -2,   -2,   -2,   -2,   -7,  -10,  -10,  -10,  -10,  -10,
      -5,   -7,   -7,  -10,  -10,  -10,  -10,  -10,   -6,   -6,   -5,  -15,   -2,   -2,   -2,   -2,
      -2,   -5,  -15,  -10,  -10,   -2,   -6,   -6,  -11,   -6,   -7,   -7,  -10,  -10,   -2,   -2,
     -10,   -2,   -2,   -7,   -7,   -7,   -7,   -7,   -7,  -10,  -10,  -10,  -10,   -2,  -10,  -10,
     -27,    4,    3,  -25,  -25,   -2,    1,   -8,   -9,   -7,   -1,   -1,  -12,   -4,   -7,   -2,
      -6,   -8,  -15,  -15,  -35,  -21,   -4,  -43,   -5,  -21,   -2,   -5,   -5,   -3,   -2,   -7,
      -5,   -5,   -8,   -2,   -1,   -2,   -2,   -2,   -5,   -5,   -7,   -5,   -3,   -3,  -15,   -2,
      -2,   -2,   -2,   -8,   -3,   -5,   -1,   -1,  -15,   -1,    1,   -9,    1,   -1,   -2,   -3,
      -1,   -3,   -2,  -12,  -11,  -26,  -16,  -37,   -3,   -2,   -3,   -3,   -2,   -2,   -2,  -10,
     -10,   -3,   -2,   -2,   -2,   -2,   -2,   -3,   -3,   -3,   -3,   -3,   -3,   -3,   -3,   -3,
      -2,   -2,   -2,   -3,   -3,   -3,   -3,   -3,   -2,   -2,   -2,   -3,   -3,   -3,  -12,   -2,
      -2,   -3,   -3,   -3,   -2,   -2,   -2,   -2,   -2,   -2,   -3,   -3,   -3,   -3,   -3,   -3,
      -9,    1,    1,   -7,   -6,  -13,   -1,   -2,  -12,   -9,  -16,   -4,  -17,  -13,  -35,  -21,
     -42,  -19,   -4,   -3,   -5,  -12,   -6,   -9,   -7,   -2,   -4,  -17,   -5,   -9,  -11,  -12,
     -21,  -11,  -10,  -15,  -13,  -31,  -19,  -31,  -13,   -3,   -3,  -27,  -20,   -3,  -29,  -21,
     -20,   -3,  -11,  -15,  -25,  -16,  -37,  -38,   -3,  -10,   -9,   -2,  -14,  -17,   -8,  -11,
     -11,  -11,   -8,   -5,  -11,  -21,  -18,   -4,   -3,   -9,   -9,   -9,   -9,   -9,  -14,  -14,
     -14,  -16,  -14,  -14,  -14,  -14,  -14,  -11,   -9,   -9,  -14,  -14,  -14,  -14,  -14,   -8,
      -8,  -11,  -20,  -11,  -17,  -14,  -14,   -8,   -8,  -11,   -5,   -5,   -8,   -9,   -9,  -14,
     -14,  -14,   -9,   -9,   -9,   -9,   -9,   -9,  -14,  -14,  -14,  -14,  -14,  -14,  -19,  -31,
     -31,   -6,   -5,   -9,  -12,  -12,  -23,  -14,  -23,   -2,  -18,  -17,  -21,  -18,  -17,  -10,
     -13,  -24,  -15,  -27,  -36,   -3,   -9,   -7,   -2,  -10,  -11,   -6,   -8,   -8,   -8,   -6,
      -4,  -10,  -17,  -14,   -7,   -7,   -7,   -7,   -7,  -10,  -10,  -10,  -11,  -10,  -10,  -10,
     -10,  -10,   -8,   -7,   -7,  -10,  -10,  -10,  -10,  -10,   -6,   -6,   -8,  -17,   -8,  -11,
     -10,  -10,   -6,   -6,  -10,   -4,   -4,   -6,   -7,   -7,  -10,  -10,  -10,   -7,   -7,   -7,
      -7,   -7,   -7,  -10,  -10,  -10,  -10,  -10,  -10,  -14,  -23,  -23,   -2,   -3,    1,  -24,
      -2,   -6,   -9,  -13,  -26,  -15,  -38,   -2,   -6,  -12,  -13,   -4,   -1,   -4,   -1,  -18,
     -23,   -6,   -6,   -6,   -6,   -6,   -6,  -12,  -12,  -12,  -13,  -12,  -12,  -12,  -12,  -12,
      -6,   -6,  -12,  -12,  -12,  -12,  -12,   -4,   -4,   -4,  -12,  -12,   -4,   -4,   -1,   -9,
      -1,   -4,   -6,   -6,  -12,  -12,  -12,   -6,   -6,   -6,   -6,   -6,   -6,  -12,  -12,  -12,
     -12,  -12,  -12,  -24,  -11,   -1,  -11,  -13,  -12,  -30,  -18,  -30,  -13,   -2,  -26,  -18,
      -3,  -28,  -19,  -18,   -2,  -10,  -13,  -23,  -14,  -35,  -36,   -3,   -3,   -7,   -2,  -12,
     -15,   -7,   -9,   -9,   -9,   -7,   -4,  -10,  -20,  -17,   -3,   -3,   -7,   -7,   -7,   -7,
      -7,  -12,  -12,  -12,  -14,  -12,  -12,  -12,  -12,  -12,   -9,   -7,   -7,  -12,  -12,  -12,
     -12,  -12,   -7,   -7,   -9,  -18,   -9,  -15,  -12,  -12,   -7,   -7,  -10,   -4,   -4,   -7,
      -7,   -7,  -12,  -12,  -12,   -7,   -7,   -7,   -7,   -7,   -7,  -12,  -12,  -12,  -12,  -12,
     -12,  -18,  -30,  -30,   -2,   -5,    1,   -3,   -1,   -6,   -5,   -2,   -4,   -5,  -10,  -16,
     -32,  -19,   -1,  -43,   -1,   -3,   -3,   -1,   -1,   -1,   -2,   -5,  -10,   -1,   -1,  -11,
      -3,    1,  -11,   -7,   -3,  -22,   -2,   -7,  -10,  -11,  -10,   -8,    3,    2,    3,   -8,
       2,  -11,  -11,   -7,   -8,   -7,   -7,   -2,  -10,  -13,   -9,  -10,   -8,   -8,   -8,   -8,
      -8,  -11,  -11,  -11,   13,    4,   -6,  -11,  -11,  -11,  -11,  -11,   -8,   -8,    4,   -8,
      -8,  -11,  -11,  -11,  -11,  -11,    3,  -11,  -11,   -7,   -7,   -8,   -3,   -8,   -8,  -11,
      47,  -10,   10,   -7,   -8,   14,   -8,   -8,   -8,   -8,  -11,  -11,    7,  -11,   -4,  -11,
      -2,  -22,   -2,   -2,  -10,   -8,  -10,  -11,  -11,   -9,  -10,  -11,  -11,  -10,   -3,   -2,
      -6,  -10,  -23,  -16,  -28,    1,    1,   -6,   -3,   -2,   -2,   -2,  -10,   -7,   -8,  -14,
     -17,  -15,  -10,  -13,  -12,  -12,  -12,  -10,  -11,   -9,   -8,  -14,  -11,  -10,  -14,  -12,
     -12,  -10,   -3,   -7,   -3,   -9,  -11,   -7,  -18,  -11,   -6,   -3,   -4,   -7,  -12,  -19,
     -33,  -25,  -41,   -2,   -1,   -5,  -10,   -9,   -1,   -6,   -2,   -6,   -6,   -1,   -2,   -9,
     -19,   -4,   -4,   -3,   -1,   -1,   -1,   -1,   -1,  -10,  -10,  -10,  -10,  -10,  -10,  -10,
     -10,  -10,   -6,   -1,   -1,  -10,  -10,  -10,  -10,  -10,   -1,   -1,   -6,   -6,   -2,   -6,
      -6,   -9,  -10,  -10,   -2,  -23,   -2,   -1,   -1,   -1,  -10,  -10,  -10,   -1,   -1,   -1,
      -1,   -1,   -1,  -10,  -10,  -10,  -10,  -10,  -10,  -18,   -2,   -2,   -3,   -7,   -3,  -59,
     -59,  -27,  -34,   -6,   -2,   -2,   -2,   -2,   -8,  -12,  -39,   -2,   -2,   -2,   14,    9,
      -2,   -2,   -2,   -2,   -2,   -2,   -2,   -2,   -2,   -2,   -2,   10,   22,   -2,   -2,   -2,
      -2,   16,    9,   -2,   -2,   -2,   -2,   -2,   -2,   -2,  -59,  -59,    1,  -18,   -9,   -1,
       1,    1,   -7,   -7,  -21,  -11,   -9,  -15,   -9,   -9,   -9,  -17,  -15,  -23,  -14,  -14,
     -38,  -12,  -32,  -23,  -26,  -44,  -14,   -5,  -12,   -9,  -11,   -9,   -9,  -24,  -11,   -9,
      -9,   -9,  -18,  -14,  -23,  -19,   -5,  -23,  -12,   -5,   -5,   -5,   -5,   -5,  -11,  -11,
     -11,  -11,   -9,   -9,   -9,   -5,   -5,   -9,  -15,  -11,  -11,  -11,  -11,  -11,   -9,   -9,
     -11,   -9,  -38,   -9,   -9,   -5,   -5,   -5,   -5,  -11,  -11,  -11,  -11,   -9,   -5,   -5,
      -5,   -5,   -5,   -5,  -11,  -19,   -7,   -7,   -2,   -2,  -33,   -1,  -18,  -26,  -15,  -15,
     -10,  -10,  -21,  -19,  -18,  -18,  -17,  -18,  -38,  -18,  -40,  -29,  -25,  -54,  -10,  -14,
      -8,   -7,  -15,  -14,  -15,  -14,  -14,  -14,  -15,  -14,   -4,  -14,  -13,  -22,  -18,  -20,
     -24,   -8,  -14,   -8,  -13,  -22,  -26,  -22,  -15,   -8,   -8,   -8,   -8,   -8,  -15,  -15,
     -15,  -15,  -13,  -13,  -14,   -8,   -8,  -14,  -18,  -15,  -15,  -15,  -15,  -15,  -14,  -14,
     -15,   -4,   -4,  -14,  -75,  -14,  -13,   -8,   -8,   -8,   -8,  -15,  -15,  -15,  -15,  -13,
      -8,   -8,   -8,   -8,   -8,   -8,  -15,  -24,  -31,  -28,  -15,  -15,  -30,   -7,  -27,  -26,
      -8,   -9,   -9,  -13,  -17,  -24,  -19,  -15,  -17,   -7,  -36,  -34,  -47,  -38,  -14,  -51,
      -3,  -18,  -11,  -24,  -22,   -9,    2,  -10,   -8,    1,  -10,  -10,   -8,  -12,  -22,  -21,
     -23,  -22,   -6,   -4,  -10,  -31,  -22,  -10,  -23,   -9,  -18,  -18,  -18,  -18,  -18,  -24,
     -24,  -24,   -8,   -8,   -8,   -8,  -24,  -24,  -24,  -24,  -24,  -24,  -21,  -21,   -8,  -18,
     -18,  -24,  -24,  -24,  -24,  -24,    2,    2,  -10,  -17,   -8,   -8,   -8,   -8,   -8,    1,
     -10,   -8,  -14,  -24,  -24,   -8,  -12,  -12,  -22,  -35,  -22,  -21,  -10,  -10,    2,  -18,
     -18,  -24,  -24,   -8,   -8,  -24,   -8,   -8,  -21,  -18,  -18,  -18,  -18,  -18,  -18,  -24,
     -24,  -24,  -24,   -8,  -24,  -24,   -4,  -24,  -23,   -8,   -8,  -22,   -1,  -14,  -14,  -14,
      -4,   -8,  -14,   -6,  -13,   -7,   -6,   -4,   -4,  -13,  -17,  -24,  -37,   -4,  -12,   -3,
      -4,   -4,   -4,   -3,   -4,   -3,  -10,   -3,  -19,   -3,   -3,   -3,   -3,   -3,   -4,   -3,
      -3,   -4,   -6,   -4,   -2,   -4,   -3,   -3,   -3,   -3,   -3,   -3,   -3,   -3,   -3,  -14,
     -14,   -1,   -7,  -19,  -29,   -1,  -29,   -2,  -18,  -22,  -11,  -34,  -12,  -11,   -5,   -7,
     -22,  -14,  -44,  -43,   -8,  -18,   -3,   -2,   -1,   -8,   -8,   -8,   -4,   -3,   -7,   -4,
     -14,   -1,   -1,   -6,  -48,   -3,   -3,   -3,   -3,   -3,   -8,   -3,   -3,   -8,  -11,   -8,
      -5,   -3,   -3,   -3,   -3,   -3,   -3,   -3,   -3,   -4,   -1,  -29,  -29,  -11,  -12,   -1,
      -2,  -16,  -11,   -1,   -7,   -4,   -5,   -7,  -20,  -15,  -13,  -13,   -5,  -14,   -6,  -10,
      -1,   -4,   -4,   -4,   -3,  -22,  -16,  -11,  -24,   -3,   -1,  -10,   -9,   -4,   -1,   -3,
      -3,   -7,   -4,   -4,  -20,   -4,   -3,   -3,   -3,   -3,  -24,  -13,  -14,  -12,  -12,  -42,
     -20,  -10,  -17,   -6,    1,  -29,  -16,  -45,  -22,   -2,  -44,  -28,    4,  -13,  -10,   -2,
     -15,   -9,  -11,  -12,  -10,  -10,   -6,  -29,  -15,  -10,  -21,  -20,  -28,  -18,  -22,  -20,
     -10,  -17,   -6,    1,  -29,  -16,  -45,  -22,   -2,  -44,  -28,    4,  -13,  -10,   -2,  -15,
      -9,  -11,  -12,  -10,  -10,   -6,  -29,  -15,  -10,  -40,  -20,  -28,  -18,  -24,   -4,  -10,
     -14,   -1,   -5,   -4,   -6,  -24,  -15,  -35,  -21,   -4,  -50,   -6,  -18,   -8,   -6,   -7,
     -11,   -2,   -5,  -24,  -11,  -12,  -10,  -18,   -8,  -14,   -4,  -10,  -14,   -1,   -5,   -4,
      -6,  -24,  -15,  -35,  -21,   -4,  -50,   -6,  -18,   -8,   -6,   -7,  -11,   -2,   -5,  -24,
     -11,  -22,  -10,  -18,   -8,  -27,   -4,  -10,  -14,   -1,   -5,   -4,   -6,  -24,  -15,  -35,
     -21,   -4,  -50,   -6,  -18,   -8,   -6,   -7,  -11,   -2,   -5,  -24,  -11,  -22,  -10,  -18,
      -8,    1,   14,   -1,    4,   -6,   -9,   -2,   -4,   -5,   -5,   -2,   -3,   -7,   10,   16,
       7,    7,    7,   -4,   -3,   -5,    6,  -12,   -9,   -5,   -4,   24,    1,   18,    7,    7,
      -5,    8,   -5,   -9,  -10,    4,  -10,   -1,    3,   -1,   -2,   -9,   -4,   -4,   -5,   -5,
      -2,   -3,   -7,   -4,   -3,   -5,  -12,    8,   -9,   -5,   -4,   11,   -5,    8,   -5,   -9,
       6,  -10,   -1,    9,   -1,    8,   -9,    4,   -4,   -5,   -5,   -2,   -3,   -7,    8,    1,
       1,    1,   -4,   -3,   -5,  -12,    4,   -9,   -5,   -4,    1,    1,    1,    1,   -5,    8,
      -5,   -9,    4,  -10,   -1,   -6,   -2,   -9,   -6,   -6,   -6,   -9,  -10,   -9,   -4,   -9,
     -10,   -7,  -13,  -17,  -13,  -14,  -21,   -8,   -6,   -6,   -7,   -3,   -8,   -8,   -7,   -9,
      -9,   -7,   -8,   -4,   -6,   -6,  -10,  -33,  -14,  -12,  -17,   -8,  -12,   -2,  -12,  -12,
     -32,  -15,  -36,  -21,  -17,  -57,  -13,  -28,  -10,  -10,   -8,  -12,  -12,  -11,   -2,  -10,
     -12,  -32,  -12,  -14,  -12,  -19,  -10,  -33,  -14,  -12,  -17,   -8,  -12,   -2,  -12,  -12,
     -32,  -15,  -36,  -21,  -17,  -57,  -13,  -28,  -10,  -10,  -16,  -12,  -24,  -11,   -2,  -10,
     -12,  -32,  -24,  -29,  -24,  -19,  -10,  -17,  -36,   -5,  -36,  -18,    2,  -12,  -10,   -7,
     -21,   -5,   -7,  -22,   -4,  -14,    4,   -5,  -47,  -20,  -42,  -27,  -49,  -30,   -3,   -9,
      -7,   -2,   -4,   -4,   -2,   -8,   -8,  -27,  -19,  -60,  -11,  -23,  -18,  -28,  -18,  -24,
     -28,   -3,   -3,   -3,   -3,   -3,   -9,   -9,   -9,   -9,   -9,   -9,   -9,   -9,  -18,   -8,
      -8,   -3,   -3,   -9,   -9,   -9,   -9,   -9,   -2,   -2,   -4,   -2,   -2,   -9,   -9,   -2,
      -2,   -8,  -47,   -8,   -8,   -2,   -3,   -3,   -9,   -9,   -9,   -8,   -3,   -3,   -3,   -3,
      -3,   -3,   -9,   -9,   -9,   -9,   -9,   -9,  -60,  -18,  -35,  -36,  -38,  -33,   -7,  -22,
     -20,    8,  -10,  -17,   -6,    1,  -29,  -16,  -45,  -22,   -2,  -44,  -28,    1,    5,    4,
     -13,  -10,   -2,  -29,   -9,  -11,  -12,  -10,  -10,   -6,    1,    1,    5,  -29,    1,  -29,
     -10,  -21,  -20,  -28,  -18,   -1,   -2,   -2,  -12,   -5,   -3,   -3,  -11,  -14,  -32,  -22,
      -3,  -46,   -1,   -5,   -2,   -1,   -5,   -3,  -11,   -9,   -1,   -2,   -2,   -2,   -2,   -2,
      -2,   -2,   -2,   -2,   -2,   -2,   -2,   -2,   -2,   -3,   -2,   -2,  -11,   -2,   -2,   -2,
      -2,   -2,   -2,   -2,   -2,   -2,   -3,  -12,   -2,   -2,  -14,   -2,   -3,   -2,  -12,   -5,
      -3,   -3,  -11,  -14,  -32,  -22,   -3,  -46,   -1,   -5,   -2,   -1,   -5,   -3,  -11,   -9,
      -1,   -2,   -2,   -2,   -2,   -2,   -2,   -2,   -2,   -2,   -2,   -2,   -2,   -2,   -2,   -3,
      -2,   -2,  -11,   -2,   -2,   -2,   -2,   -2,   -2,   -2,   -2,   -2,   -3,  -12,   -3,   -2,
     -14,   -4,   -3,   -2,  -12,   -5,   -3,   -3,  -11,  -14,  -32,  -22,   -3,  -46,   -1,   -5,
      -2,   -1,   -5,   -3,  -11,   -9,   -1,   -2,   -2,   -2,   -2,   -2,   -2,   -2,   -2,   -2,
      -2,   -2,   -2,   -2,   -2,   -3,   -2,   -2,  -11,   -2,   -2,   -2,   -2,   -2,   -2,   -2,
      -2,   -2,   -3,  -12,   -2,   -2,  -14,    1,   27,   42,   49,   31,   -1,  -10,   -1,   39,
      52,   58,   -1,   -1,   49,   13,   19,   49,   49,    1,    5,    7,    6,    4,    6,   48,
     -12,   14,   -1,   -1,   -1,   -1,   13,   13,   13,   13,   -1,   -1,   -1,   -1,   -1,    5,
       5,   49,   -1,   -1,   -1,   -1,   -1,   49,   13,   13,   13,   13,   13,   19,   49,   -1,
      -1,    1,    1,    5,    7,   -1,   -1,   13,   13,   -1,    5,   -1,   -1,   -1,   -1,   13,
      -1,   -1,    6,  -10,   20,   30,   -1,   -1,  -12,   -1,   -9,  -10,   -4,   -7,   -8,   -6,
      -5,   -7,   -7,   -4,   -2,   -7,   -5,   -9,  -12,   -3,  -10,   -5,   -1,   -4,   -4,   -4,
      -4,   -4,   -4,   -4,   -4,   -4,   -4,   -4,   -4,   -4,   -4,    9,   -2,   -4,   -4,   -7,
      -4,   -4,   12,   -4,   -4,   -4,   -3,   -4,   -4,   -4,   -9,  -10,  -10,  -12,  -10,   -6,
     -27,   -4,  -10,  -14,   -1,   -5,   -4,   -6,  -24,  -15,  -35,  -21,   -4,  -50,   -6,  -18,
      -8,   -6,   -7,  -11,   -2,   -5,  -24,  -11,  -12,  -10,  -18,   -8,   -7,    1,  -14,   -3,
      -2,   -3,   -4,   -3,   -3,   -2,   -4,   -4,  -11,  -10,  -20,  -12,   -4,  -35,   -2,   -2,
      12,   -4,   -2,   -7,   -1,    1,    1,  -14,  -13,   -3,   -4,   -4,   -4,   -4,   -4,   -2,
      -2,   -2,   -7,   -2,   -2,   -2,   -2,   -2,   -4,   -4,   -2,   -2,   -2,   -2,   -2,   -4,
      -6,   -2,   -2,   -1,   -1,  -11,   -4,   -4,   -2,   -2,   -2,   -4,   -4,   -4,   -4,   -4,
      -4,   -2,   -2,   -2,   -2,   -2,   -2,  -14,    1,    1,    1,   -2,   -5,    3,    4,   -1,
      -5,   -9,   -3,   -4,   -5,   -5,   -2,   -3,   -7,    4,    6,    1,    1,   -4,   -3,   -5,
       2,  -12,   -9,   -5,   -4,    1,    1,    1,   -5,    8,   -5,   -9,   -9,    1,  -10,   -1,
       3,   -1,   -9,   -4,   -5,   -5,   -2,   -3,   -7,    3,   -4,   -3,   -5,  -12,    2,   -9,
      -5,   -4,   -5,    8,   -5,   -9,   -7,  -10,   -1,    4,   -1,    1,   -5,   -9,   -3,   -4,
      -5,   -5,   -2,   -3,   -7,    4,    3,    1,    1,    1,   -4,   -3,   -5,    3,  -12,   -9,
      -5,   -4,    1,    1,    1,   -5,    8,   -5,   -9,   -9,  -10,   -1,   12,   -1,    6,    4,
      16,   -6,   18,   21,    4,  -10,   -4,   -9,  -27,    2,   -8,   -4,  -12,   -3,   -7,   -4,
      -3,   -4,  -30,    3,   -4,   -7,   -1,   -7,   -7,   -8,   -3,  -14,   -9,   -3,   -4,   -2,
      -9,   -9,  -39,  -28,   -7,  -41,   -3,   -3,  -22,   -9,  -25,   -3,  -57,   -3,   -3,   -3,
      -3,   -3,  -14,  -14,  -14,  -13,  -14,  -14,  -14,  -14,  -28,   -9,   -9,   -3,   -3,  -14,
     -14,  -14,  -14,  -14,   -3,   -3,   -2,   -3,  -14,  -14,   -2,   -2,   -9,  -14,  -19,   -9,
      -3,   -7,   -3,  -14,  -14,   28,  -14,   -9,   -3,   -6,   -3,   -3,   -3,   -3,  -14,  -14,
     -28,  -14,  -14,  -14,  -41,  -27,   -8,   -2,   -3,  -12,   -1,   -6,   -5,  -27,    1,   -6,
      -7,   -9,  -13,  -28,  -15,  -39,   -4,   -5,   -9,  -12,  -11,   -9,   -6,   -4,   -6,   -5,
      -7,   -3,  -19,   -3,  -25,   -3,   -7,   -5,   -5,   -5,   -5,   -5,   -9,   -9,   -9,  -15,
      -9,   -9,   -9,   -9,  -24,   -4,   -4,   -5,   -5,   -9,   -9,   -9,   -9,   -9,  -11,  -11,
     -10,   -9,   -9,   -9,   -9,   -6,   -9,   -6,   -4,  -11,   -5,   -5,   -9,   -9,   -9,   -4,
      -5,   -5,   -5,   -5,   -5,   -5,   -9,   -9,   -9,   -9,   -9,   -9,   -7,  -27,   -6,   -4,
     -15,   -4,   -7,  -13,  -84,  -42,    5,    5,   -8,  -26,  -13,    1,    1,  -25,   -1,  -87,
      -8,  -19,  -36,   -4,  -70,   -1,  -21,   -4,   -4,   -5,   -4,  -27,  -13,  -28,   -2,   -2,
     -31,   -3,   -1,   -4,   -4,   -4,   -5,  -85,   -5,   -4,   -2,   -2,   -4,  -28,  -45,  -83,
       5,    5,  -45,  -43,    3,   28,   44,   51,   33,   -9,   40,   54,   59,    2,   51,   15,
      21,   51,   50,    1,    1,    3,    7,   10,    8,    7,    8,    1,   50,    2,  -11,   16,
      -7,    2,   15,   15,   15,   15,    7,    7,   51,    3,   51,   15,   15,   15,   15,   15,
      21,   51,    1,   19,    3,    3,    7,    1,    9,   15,   15,    1,    1,    7,   15,    8,
      -9,   21,   31,   -6,  -13,   -1,  -14,  -13,  -27,  -13,  -12,  -16,   -8,  -12,   -2,  -12,
     -12,  -32,  -15,  -36,  -21,  -17,  -57,  -13,  -28,   -9,  -10,   -8,  -12,  -12,  -10,   -2,
     -10,  -12,  -32,  -12,  -29,  -22,  -19,  -10,  -11,    1,  -10,  -11,  -25,  -27,  -25,   -9,
      -2,  -21,  -15,  -27,  -18,  -16,   -1,  -11,  -13,  -27,  -16,  -27,  -43,   -3,   -7,   -7,
     -10,   -8,   -6,   -5,   -2,   -5,   -5,   -2,   -6,   -7,  -20,  -26,   -7,   -7,   -7,   -7,
      -7,  -10,  -10,  -10,   -2,   -2,   -2,   -2,   -7,  -10,  -10,  -10,  -10,  -10,   -5,   -7,
      -7,  -10,  -10,  -10,  -10,  -10,   -6,   -6,   -5,  -15,   -2,   -2,   -2,   -2,   -2,   -5,
     -15,  -10,  -10,   -2,   -6,   -6,  -11,   -6,   -7,   -7,  -10,  -10,   -2,   -2,  -10,   -2,
      -2,   -7,   -7,   -7,   -7,   -7,   -7,  -10,  -10,  -10,  -10,   -2,  -10,  -10,  -27,    4,
       3,  -25,  -25,   -2,    1,  -11,  -10,  -12,  -25,  -27,  -25,   -9,   -2,  -21,  -15,  -27,
     -18,  -16,   -1,  -11,  -13,  -27,  -16,  -27,  -43,   -3,   -9,   -7,  -10,   -8,   -6,  -10,
      -2,  -10,  -10,   -2,   -6,   -9,  -20,  -26,   -7,   -7,   -7,   -7,   -7,  -10,  -10,  -10,
      -2,   -2,   -2,   -2,   -7,  -10,  -10,  -10,  -10,  -10,  -10,   -7,   -7,  -10,  -10,  -10,
     -10,  -10,   -6,   -6,  -10,  -15,   -2,   -2,   -2,   -2,   -2,  -10,  -15,  -10,  -10,   -2,
      -6,   -6,  -11,   -6,   -7,   -7,  -10,  -10,   -2,   -2,  -10,   -2,   -2,   -7,   -7,   -7,
      -7,   -7,   -7,  -10,  -10,  -10,  -10,   -2,  -10,  -10,  -27,    4,    3,  -25,  -25,   -2,
       1,  -12,   -8,   -7,   -1,   -1,  -11,   -4,   -7,   -2,   -6,   -8,  -15,  -15,  -35,  -21,
      -4,  -43,   -5,  -21,    1,   -5,   -5,   -3,   -2,   -7,   -5,   -5,   -8,   -2,   -1,   -2,
      -2,   -2,   -5,   -5,   -7,   -5,   -3,   -3,  -15,   -2,   -2,   -2,   -2,   -8,   -3,   -7,
      -1,   -1,  -15,   -1,   -8,   -9,   -7,   -1,   -1,  -12,   -4,   -7,   -2,   -6,   -8,  -15,
     -15,  -35,  -21,   -4,  -43,   -5,  -21,   -2,   -5,   -5,   -3,   -2,   -7,   -5,   -5,   -8,
      -2,   -1,   -2,   -2,   -2,   -5,   -5,   -7,   -5,   -3,   -3,  -15,   -2,   -2,   -2,   -2,
      -8,   -4,   -5,   -1,   -1,  -15,   -1,  -14,   -9,   -7,   -1,   -1,  -12,   -4,   -7,   -2,
      -6,   -8,  -15,  -15,  -35,  -21,   -4,  -43,   -5,  -21,   -2,   -5,   -5,   -3,   -2,   -7,
      -5,   -5,   -8,   -2,   -1,   -2,   -2,   -2,   -5,   -5,   -7,   -5,   -3,   -3,  -15,   -2,
      -2,   -2,   -2,   -8,   -3,   -5,   -1,   -1,  -15,   -1,    5,    1,    1,   -9,    1,    1,
      -2,   -3,   -1,   -3,   -2,  -12,  -11,  -26,  -16,  -37,   -3,    3,   -2,    3,   -3,   -3,
      -1,   -1,    1,    1,   -1,    1,    1,  -10,  -10,   -3,   -2,   -2,   -2,   -2,   -2,   -3,
      -3,   -3,   -3,   -3,   -3,   -3,   -3,   -3,   -1,   -2,   -2,   -3,   -3,   -3,   -3,   -3,
      -1,   -2,   -1,   -3,   -3,   -3,  -12,   -2,   -2,   -3,   -3,   -3,   -2,   -2,   -2,   -2,
      -2,   -2,   -3,   -3,   -3,   -3,   -3,   -3,    1,   -9,    1,    2,    1,    1,   -7,   -6,
     -14,  -18,  -79,  -78,  -79,  -18,  -21,   -9,   -7,  -11,  -11,    2,  -10,  -45,   -4,  -42,
      -2,   -2,  -43,  -64,  -74,   -7,  -38,  -14,   -5,   -1,  -14,  -31,  -13,  -39,  -16,  -18,
      -9,  -20,   -9,  -21,  -18,  -72,  -38,  -24,  -61,   -4,   -7,  -39,  -40,  -40,  -39,  -43,
     -63,  -63,  -63,   -8,  -14,   -8,   -8,  -22,  -64,  -64,  -64,  -63,  -64,  -18,  -18,  -14,
     -41,  -40,  -64,  -64,  -63,  -63,  -63,  -38,  -38,  -12,   -8,   -9,   -8,   -5,  -17,    4,
     -14,  -64,  -64,  -31,  -34,  -36,  -16,  -17,  -18,  -19,  -18,  -38,  -33,  -40,  -57,  -63,
      23,   -8,  -59,  -22,  -30,  -15,  -43,  -27,  -40,  -41,  -41,  -41,  -64,  -63,  -43,  -64,
      -5,  -53,  -64,  -21,  -79,    1,  -79,  -79,  -13,    1,   -9,    1,   -1,   -2,   -3,   -1,
      -3,   -2,  -12,  -11,  -26,  -16,  -37,   -3,   -2,   -3,   -3,   -2,   -2,   -2,  -10,  -10,
      -3,   -2,   -2,   -2,   -2,   -2,   -3,   -3,   -3,   -3,   -3,   -3,   -3,   -3,   -3,   -2,
      -2,   -2,   -3,   -3,   -3,   -3,   -3,   -2,   -2,   -2,   -3,   -3,   -3,  -12,   -2,   -2,
      -3,   -3,   -3,   -2,   -2,   -2,   -2,   -2,   -2,   -3,   -3,   -3,   -3,   -3,   -3,  -18,
       1,    1,   -7,   -6,  -24,   -1,   -2,  -12,   -9,  -16,   -4,  -17,  -13,  -35,  -21,  -42,
     -19,   -4,   -3,   -5,  -12,   -6,   -9,   -7,   -2,   -4,  -17,   -5,   -9,  -11,  -24,  -21,
     -11,   -4,  -15,  -15,   -5,  -14,   -2,  -11,   -4,   -2,   -5,  -19,   -4,   -2,   -3,   -1,
      -5,   -2,   -2,   -2,   -2,   -2,   -2,   -2,   -2,   -2,   -2,   -2,   -2,   -2,   -2,   -2,
      -2,  -15,  -15,   -2,   -6,   -6,   -4,  -11,   -6,   -6,  -18,    4,   18,  -17,   22,    3,
     -28,  -20,  -28,  -16,  -16,   13,  -19,    1,   -3,  -17,    1,   10,    6,   21,   18,    5,
      20,    3,   26,  -18,   29,  -14,  -14,   -8,  -11,   21,   42,   20,  -13,  -12,  -15,  -11,
     -10,  -13,  -12,  -14,  -14,  -16,   28,   -8,  -24,  -28,   -3,   -8,  -29,  -18,  -18,  -18,
     -18,  -14,  -14,  -14,  -27,  -14,  -14,  -14,  -14,  -10,  -10,   21,  -18,  -18,  -14,  -14,
     -14,  -14,  -14,  -11,  -11,   21,    1,   21,  -14,  -14,  -13,  -15,  -15,  -11,   10,  -11,
     -10,  -16,  -16,  -11,  -18,  -18,  -14,  -14,  -14,  -13,  -13,  -10,  -18,  -18,  -18,  -18,
     -18,  -18,  -14,  -14,  -14,  -14,    5,   37,  -14,  -14,  -20,    4,  -28,  -28,    2,    2,
       1,    2,  -13,   12,    1,    1,    2,    1,    1,    1,    1,  -14,    4,    1,    1,    1,
     -13,    9,    4,   -1,   -9,   -9,   -6,   -4,   -5,   -5,   -2,   -3,   -7,   -4,   -3,   -5,
     -12,   -9,   -5,   -4,   -5,    8,   -5,   -9,  -11,   -1,  -10,   -1,    2,   -1,   -3,   -9,
      -6,   -4,   -5,   -5,   -2,   -3,   -7,   -4,   -3,   -5,  -12,    4,   -9,   -5,   -4,   -5,
       8,   -5,   -9,  -10,   -1,  -11,  -10,  -12,  -25,  -27,  -25,   -9,   -2,  -21,  -15,  -27,
     -18,  -16,   -1,  -11,  -13,  -27,  -16,  -27,  -43,   -3,  -10,   -7,  -10,   -8,   -6,   -5,
      -2,   -5,   -5,   -2,   -6,   -9,  -20,  -26,   -7,   -7,   -7,   -7,   -7,  -10,  -10,  -10,
      -2,   -2,   -2,   -2,   -7,  -10,  -10,  -10,  -10,  -10,   -5,   -7,   -7,  -10,  -10,  -10,
     -10,  -10,   -6,   -6,   -5,  -15,   -2,   -2,   -2,   -2,   -2,   -5,  -15,  -10,  -10,   -2,
      -6,   -6,  -11,   -6,   -7,   -7,  -10,  -10,   -2,   -2,  -10,   -2,   -2,   -7,   -7,   -7,
      -7,   -7,   -7,  -10,  -10,  -10,  -10,   -2,  -10,  -10,  -27,    7,    3,  -25,  -25,   -2,
       1,   23,  -23,   -9,  -14,   -9,   -9,   -9,   -9,  -19,  -28,  -23,   -9,    9,   -9,  -12,
     -33,  -12,  -16,  -19,   -9,  -14,  -19,  -19,   -5,   -5,  -14,   -5,   -9,  -14,  -19,   -9,
       5,  -19,   -9,  -14,   -9,   -9,   -9,   -5,  -28,   -9,  -14,   -9,   -9,   -9,   -9,  -14,
      -9,  -19,   -5,   -5,   -9,   -9,   -5,   -5,   -9,   -9,  -23,   -5,  -19,   -9,  -42,  -56,
     -47,  -14,  -14,  -23,  -19,   -5,  -47,  -28,  -14,   -9,  -23,   -9,  -23,   23,  -14,   -5,
      -9,  -14,  -23,   -9,  -33,   -9,   23,  -14,  -16,  -28,   -5,  -14,   -9,  -14,   -9,  -19,
     -23,  -28,  -23,   -5,   -5,   -5,   -5,   -7,   -5,   42,   14,   19,   -5,  -12,   14,   14,
      -5,   14,   -9,   33,   -9,   -5,  -19,   -9,   -5,   -9,   -5,   -5,   -7,   -5,   -5,   -5,
      -5,   -5,   -9,  -28,   -9,  -23,  -28,   -9,   -5,  -12,  -23,   -5,  -19,   -5,  -28,   -5,
     -16,   -5,  -12,  -14,  -16,  -14,  -19,  -14,   -5,  -12,   -7,   -7,   -5,   -9,  -19,  -19,
      -9,   -5,   -5,  -28,  -19,   -5,  -14,   -9,   -5,   -9,   -5,  -14,   -5,   -5,  -14,   -5,
      -5,   -5,   -9,   -5,   -5,   -9,  -14,  -14,   -5,  -19,   -5,  -14,   -9,  -14,   47,    9,
      14,   -7,    9,   12,   -7,  -14,   28,  -19,  -19,   -5,   -9,   -9,   -5,   -9,   -5,  -14,
      -5,   -5,   -5,   -7,   -5,   -7,   -5,   -9,   -9,   -9,   -5,   -9,   -5,  -14,   -2,   -9,
      -5,   -5,   -9,   -9,  -14,   -5,   -5,  -23,  -14,  -23,  -14,  -28,   -9,   -5,   -5,   -5,
     -33,   -9,   -9,  -28,  -21,  -19,   -9,   -9,  -14,   -9,  -19,   37,  -14,  -23,    9,   -9,
     -14,   -5,   -9,    9,   14,    5,   14,    9,  -19,   19,  -14,  -23,   -9,  -19,  -19,   -9,
     -14,   -9,  -14,   -9,  -23,  -14,  -14,   -9,   -9,   -9,   -5,   -5,    9,   -9,  -19,  -33,
     -23,  -16,  -33,  -28,   -9,   -9,  -19,  -19,  -23,   -9,   -9,  -23,  -19,  -23,  -33,  -23,
     -37,  -19,  -14,   -5,  -19,   -5,  -14,   -9,    9,  -28,  -19,  -23,   -9,   -9,  -23,    9,
      -9,  -14,    9,   -9,  -14,  -19,   -9,   -9,  -14,   -9,  -23,   -9,  -23,   -9,   -5,   -5,
     -28,  -23,  -23,  -19,    9,   -9,  -14,  -19,  -19,  -19,   -5,   -5,   -9,   -5,   -5,   -9,
      -5,  -30,    2,  -20,  -10,  -16,   -6,    1,  -29,  -16,  -45,  -22,   -2,  -44,  -28,    6,
       4,  -13,  -10,   -2,  -15,    6,   -9,  -11,  -12,  -10,  -10,   -6,  -29,  -15,  -10,  -21,
     -34,  -28,  -18,  -27,    3,  -20,  -10,  -14,   -6,    1,  -29,  -16,  -45,  -22,   -2,  -44,
     -28,    5,    3,    1,    1,    4,  -13,  -10,   -2,  -15,    4,   -9,  -11,  -12,  -10,  -10,
      -6,    1,    1,    1,  -29,  -15,  -10,  -37,  -32,  -28,  -18,    2,   -7,    6,  -10,   -8,
      -1,   -5,   -4,   -6,  -24,  -15,  -35,  -21,   -4,  -50,   -6,  -18,   15,    4,    2,    2,
       2,   -8,   -6,   -7,  -11,   15,   -2,    2,    2,   -5,    2,  -24,  -11,  -22,  -13,  -18,
      -8,    1,   -3,    6,   -9,   -8,   -1,   -5,   -4,   -6,  -24,  -15,  -35,  -21,   -4,  -50,
      -6,  -18,   12,   11,    5,    5,    5,   -8,   -6,   -7,  -11,    8,   -2,    5,    5,   -5,
       5,  -24,  -11,  -19,  -11,  -18,   -8,  -14,   -4,  -10,  -14,   -1,   -5,   -4,   -6,  -24,
     -15,  -35,  -21,   -4,  -50,   -6,  -18,   -8,   -6,   -7,  -11,   -2,   -5,  -24,  -11,  -23,
     -10,  -18,   -8,   -1,   -9,   -9,   -6,   -4,   -5,   -5,   -2,   -3,   -7,   -4,   -3,   -5,
     -12,   -9,   -5,   -4,   -5,    8,   -5,   -9,  -12,   -3,  -10,   -1,  -25,   -9,  -12,  -16,
      -8,  -12,   -2,  -12,  -12,  -32,  -15,  -36,  -21,  -17,  -57,  -13,  -28,   -3,    1,  -10,
      -8,  -12,  -12,   -4,   -2,  -10,  -12,  -32,  -12,  -14,  -23,  -19,  -10,  -23,   -9,  -12,
     -14,   -8,  -12,   -2,  -12,  -12,  -32,  -15,  -36,  -21,  -17,  -57,  -13,  -28,   -4,    1,
     -10,   -8,  -12,  -12,   -5,   -2,  -10,  -12,  -32,  -12,  -14,  -20,  -19,  -10,  -18,    4,
      18,  -17,   22,    3,  -28,  -20,  -28,  -16,  -16,   13,  -19,    1,   -3,  -17,    1,   10,
       6,   21,   18,    5,   20,    3,   26,  -18,   29,  -14,  -14,   -8,  -11,   21,   42,   20,
     -13,  -12,  -15,  -11,  -10,  -13,  -12,  -14,  -14,  -16,   28,   -8,  -24,  -28,   -3,   -8,
     -29,  -18,  -18,  -18,  -18,  -14,  -14,  -14,  -27,  -14,  -14,  -14,  -14,  -10,  -10,   21,
     -18,  -18,  -14,  -14,  -14,  -14,  -14,  -11,  -11,   21,   24,    7,   21,  -14,  -14,  -13,
     -15,  -15,  -11,   10,  -11,  -10,  -16,  -16,  -11,  -18,  -18,  -14,  -14,  -14,  -13,  -13,
     -10,  -18,  -18,  -18,  -18,  -18,  -18,  -14,  -14,  -14,  -14,    5,   37,  -14,  -14,  -20,
       4,  -28,  -28,    2,    2,    1,    2,  -13,   12,    1,    1,    2,    1,    1,    1,    1,
     -14,    4,   22,    1,    1,    1,  -13,    9,    4,  -11,  -13,  -12,  -59,  -18,  -30,  -13,
      -2,  -26,  -18,   -3,  -28,  -19,  -18,   -2,  -10,  -13,  -23,  -14,  -35,  -36,   -3,   -3,
      -7,   -2,  -12,  -15,   -7,   -9,   -9,   -9,   -7,   -4,  -10,  -20,  -17,   -3,   -3,   -7,
      -7,   -7,   -7,   -7,  -12,  -12,  -12,  -14,  -12,  -12,  -12,  -12,  -12,   -9,   -7,   -7,
     -12,  -12,  -12,  -12,  -12,   -7,   -7,   -9,  -18,   -9,  -15,  -12,  -12,   -7,   -7,  -10,
      -4,   -4,   -7,   -7,   -7,  -12,  -12,  -12,   -7,   -7,   -7,   -7,   -7,   -7,  -12,  -12,
     -12,  -12,  -12,  -12,  -18,  -59,  -59,   -2,   -5,    1,  -43,  -28,  -36,  -24,  -14,  -11,
      -2,  -18,  -11,  -10,  -10,  -18,  -15,  -26,  -14,  -15,  -39,  -13,  -33,  -24,  -28,  -45,
     -16,  -26,   -6,  -13,   -9,  -11,   -9,   -9,   -9,  -11,   -9,   -9,   -9,  -18,  -15,  -24,
     -20,   -6,  -22,  -18,  -24,  -13,   -6,   -6,   -6,   -6,   -6,  -11,  -11,  -11,  -11,   -9,
      -9,   -9,   -6,   -6,   -9,  -15,  -11,  -11,  -11,  -11,  -11,   -9,   -9,  -11,   -9,  -79,
     -18,   -9,   -6,   -6,   -6,   -6,  -11,  -11,  -11,  -11,   -9,   -6,   -6,   -6,   -6,   -6,
      -6,  -11,  -20,  -44,  -40,  -41,  -19,   -9,   -5,   -5,   -9,  -19,  -14,  -16, -124,  -46,
     -62,  -18,  -11,   -8,   -2,   -2,  -34,  -35,   10,    4,    1,    8,    1,  -14,   10,  -18,
     -22,   -2,  -13,    1,    1,    1,   -3,   -3,  -11,   -1,   -2,  -10,   -3,  -32,   -8,  -46,
     -46,   -2,  -22,  -25,  -27,  -25,  -14,  -33,  -36,  -36,   24,    4,   21,  -11,  -36,  -18,
     -18,  -18,  -18,   13,  -14,  -25,  -18,  -18,  -18,  -18,  -36,  -25,  -25,    2,   13,   11,
      12,   11,    1,  -18,  -18,   -6,  -19,  -18,   -1,   -3,   -2,   -2,  -25,   -5,  -26,  -16,
     -18,   55,    8,  -27,   16,   -3,  -14,   -4,  -26,  -14,  -14,  -26,  -18,  -18,  -15,  -18,
     -25,  -18,  -46, -124,  -62,  -14,  -14,   -9, -128,  -53,  -64,    2,  -24,  -13,  -12,   -8,
      -8,  -36,   -1,  -35,    9,    4,    1,    7,  -21,    9,  -25,  -30,   -3,  -20,    1,    1,
       1,  -12,  -10,  -18,   -3,   -2,   -1,   -1,   -3,   -1,   -4,   -9,  -13,  -39,  -16,  -49,
     -48,   -1,   -3,  -38,  -39,  -39,  -37,  -21,  -48,  -50,  -48,   20,   19,   24,  -15,  -50,
     -51,  -25,  -51,  -25,   -2,   -2,   13,  -39,  -39,  -51,  -51,  -51,  -51,  -51,  -39,  -39,
       4,   17,   14,    9,   27,    1,   -1,  -25,  -25,  -23,  -32,  -32,   -3,   -3,   -2,   -4,
      -4,  -39,  -18,  -40,  -28,  -51,   48,   14,  -39,  -23,   -3,  -21,  -19,  -39,  -39,  -39,
     -39,  -25,  -50,  -30,  -51,  -40,  -25,   -1,  -53, -128,  -64,  -24,  -54,   -8,   -3,  -62,
     -12,  -10,   -1,    3,    7,   -2,  -25,  -12,  -23,  -14,  -40,  -21,  -42,  -30,  -42,  -38,
      -9,  -10,  -10,  -10,  -32,  -23,  -34,  -11,   -2,  -12,  -13,  -59,   -7,  -14,  -10,  -10,
      -9,  -10,  -79,  -10,  -10,  -10,  -34,  -12,  -62,  -61,  -57,   -7,   -2,  -13,  -17,   -2,
      -7,  -22,   -3,   -5,   -3,   -1,   -5,   -3,  -13,   -3,   -3,   -5,  -14,  -16,  -10,    4,
     -57,  -48,  -57,  -24,  -14,  -12,   -8,   -8,    8,  -10,    4,  -12,  -36,  -15,  -43,  -48,
     -57,  -57,    1,    1,    1,    1,    1,    1,    1,    1,  -10,   -1,   -2,   -3,  -12,   -9,
      14,   29,  115,   48,   48,  -18,  -27,  -18,   53,   -9,   38,    1,   -6,   30,   37,    6,
      38,   47,   62,   59,   46,   61,   31,   49,   53,   -6,   -8,  -10,   -4,   -3,   18,   48,
      -3,   -3,   -3,    2,   35,   49,    2,   29,  -21,   42,   34,   34,  -25,   46,   28,    1,
       2,  -10,   -5,    5,   -9,   -4,  -15,   -3,   57,   35,   61,   -9,   -7,  -15,  -14,  -10,
      -8,    6,    2,   -3,   -4,  -15,   -8,  -10,   -7,   -7,   -8,    1,   42,   38,   51,   52,
      53,   18,   66,   -3,  -12,  -13,   -9,   13,   -1,    7,    2,   38,    2,    5,    7,   36,
      -7,   27,  -13,   91,   45,   17,   55,    9,   27,   -8,   36,   -1,  -11,   -7,   -1,  -14,
     -11,   28,   -8,   23,   17,  -10,    4,  -27,   96,  103,  -18,  -18,   58,   54,   -8,   27,
       3,   -1,   -9,   -9,   -6,   -4,   -5,   -5,   -2,   -3,   -7,   -4,   -3,   -5,  -12,   -9,
      -5,   -4,   -5,   -5,   -9,   -6,   -1,  -10,   -1,
};

static const EpdLigaturePair libron_14_regularLigaturePairs[] = {
    { 0x00660066, 0xFB00 }, // f f -> U+FB00
    { 0x00660069, 0xFB01 }, // f i -> U+FB01
    { 0x0066006C, 0xFB02 }, // f l -> U+FB02
    { 0xFB000069, 0xFB03 }, // U+FB00 i -> U+FB03
    { 0xFB00006C, 0xFB04 }, // U+FB00 l -> U+FB04
};

static const EpdFontData libron_14_regular = {
    libron_14_regularBitmaps,
    libron_14_regularGlyphs,
    libron_14_regularIntervals,
    23,
    29,
    24,
    -6,
    true,
    libron_14_regularGroups,
    13,
    nullptr,
    nullptr,  // kernLeftClasses: built-in fonts use the split arrays below
    nullptr,  // kernRightClasses
    libron_14_regularKernLeftCodepoints,
    libron_14_regularKernLeftClassIds,
    libron_14_regularKernRightCodepoints,
    libron_14_regularKernRightClassIds,
    nullptr,  // kernMatrix: built-in fonts use the sparse form below
    libron_14_regularKernRowOffsets,
    libron_14_regularKernSparseCols,
    libron_14_regularKernSparseValues,
    653,
    643,
    210,
    218,
    libron_14_regularLigaturePairs,
    5,
};
