/**
 * generated by fontconvert.py
 * name: libron_12_italic
 * size: 12
 * mode: 2-bit  compressed: true
 * Command used: fontconvert.py libron_12_italic 12 ../builtinFonts/source/Libron/Libron-Italic.ttf --2bit --compress --pnum --zopfli
 */
#pragma once
#include "EpdFontData.h"

static const uint8_t libron_12_italicBitmaps[17016] = {
    0x75, 0x98, 0x01, 0x84, 0x2D, 0x4B, 0x7A, 0xC7, 0x7F, 0x5D, 0xF5, 0xBC, 0x5A, 0x29, 0x77, 0xEA,
    0x62, 0xB1, 0x31, 0x77, 0x6E, 0x3D, 0x04, 0x2F, 0xCC, 0x4C, 0x05, 0x17, 0x23, 0x39, 0xA7, 0xBB,
    0x9E, 0x88, 0xC5, 0x62, 0x17, 0x00, 0xB0, 0x00, 0xC8, 0xEE, 0x0C, 0x26, 0x1C, 0x9C, 0x99, 0xD3,
    0xFB, 0x82, 0xC5, 0x22, 0x03, 0x40, 0x84, 0x87, 0x20, 0x41, 0x98, 0xE5, 0x62, 0x92, 0x9C, 0x99,
    0x53, 0x12, 0xAC, 0x84, 0x24, 0xBD, 0x6F, 0x21, 0xE4, 0x25, 0xDB, 0xBB, 0x9E, 0xC4, 0xDA, 0xAC,
    0xAD, 0xF5, 0x9A, 0xED, 0xC9, 0xF6, 0x39, 0x95, 0x53, 0xED, 0xCC, 0xBD, 0x73, 0xDF, 0xDD, 0x9D,
    0xAE, 0xFA, 0x8F, 0x6E, 0xDD, 0xFF, 0xFF, 0xFF, 0xFB, 0xBA, 0xBF, 0xAF, 0xFA, 0x34, 0x16, 0x2A,
    0x28, 0x61, 0x0E, 0x4B, 0xE8, 0x20, 0x52, 0xB4, 0x14, 0x0D, 0x22, 0x20, 0x6B, 0x24, 0x00, 0xC0,
    0x31, 0x54, 0xB0, 0x80, 0x29, 0x38, 0x47, 0x59, 0x32, 0x99, 0x70, 0x72, 0xC2, 0xD9, 0x39, 0xD7,
    0xD7, 0xC0, 0xE1, 0x13, 0x78, 0x71, 0x08, 0xD7, 0x2F, 0x20, 0x5C, 0x23, 0xEB, 0x46, 0xA4, 0x94,
    0x64, 0x4A, 0x1B, 0xF6, 0x14, 0x3C, 0xDB, 0x83, 0x93, 0x67, 0x70, 0xF6, 0x3E, 0x55, 0x4A, 0xED,
    0x76, 0x36, 0x22, 0xB4, 0xC8, 0x0F, 0x02, 0x5A, 0x7A, 0x9E, 0xE8, 0x91, 0x01, 0xF8, 0xD2, 0x47,
    0xF0, 0x22, 0xC0, 0xAA, 0x45, 0xA7, 0x81, 0xCA, 0xDF, 0x32, 0xE7, 0x90, 0x1B, 0xA0, 0x07, 0x96,
    0x40, 0x55, 0x83, 0xED, 0xA1, 0x48, 0x80, 0xAD, 0x41, 0x07, 0x50, 0xE3, 0x3C, 0xC2, 0xD4, 0x95,
    0x5F, 0xE0, 0xD2, 0x80, 0x4A, 0x0D, 0xFC, 0x00, 0x8A, 0xEF, 0x01, 0x7F, 0x04, 0xDC, 0x51, 0x34,
    0xEA, 0xDB, 0xB5, 0xAA, 0x8D, 0x0C, 0x7B, 0x4C, 0x65, 0x98, 0x30, 0x91, 0x21, 0x32, 0x53, 0x1F,
    0x06, 0x66, 0x46, 0xC3, 0xEC, 0xF9, 0x11, 0xDB, 0xB8, 0xCE, 0x17, 0xDE, 0xFE, 0xE8, 0xC7, 0x1F,
    0x37, 0xC8, 0x6F, 0x7F, 0xAB, 0xC5, 0x98, 0xA2, 0x65, 0xF2, 0x7C, 0x0B, 0xD7, 0x47, 0x62, 0xEB,
    0xFA, 0x48, 0x06, 0xED, 0x8F, 0xB4, 0x3F, 0xE0, 0xF9, 0x73, 0x66, 0xA8, 0x0E, 0xD4, 0x06, 0x70,
    0xA9, 0x86, 0x8B, 0xEC, 0xE3, 0x46, 0x3E, 0xC0, 0x52, 0x7B, 0xB8, 0xB8, 0x00, 0xAA, 0x26, 0xC5,
    0x62, 0xE5, 0x1D, 0xFA, 0x2B, 0xE1, 0x90, 0xA9, 0x6C, 0x4F, 0x98, 0x8B, 0x78, 0xCD, 0x0D, 0x43,
    0x43, 0xCF, 0xA2, 0x66, 0xA0, 0x82, 0x3B, 0x56, 0x9E, 0x2A, 0xFD, 0xB0, 0x47, 0x6F, 0xD4, 0x80,
    0xA3, 0x64, 0xC2, 0x36, 0xCB, 0x5C, 0x03, 0x50, 0x04, 0xB4, 0xE7, 0x08, 0x5E, 0x52, 0xB4, 0xA8,
    0x80, 0xF1, 0x58, 0x98, 0xC2, 0x04, 0x66, 0x70, 0x03, 0x2F, 0x1F, 0x8D, 0x73, 0x38, 0x81, 0x09,
    0x3C, 0x83, 0x27, 0x00, 0x00, 0xEC, 0x81, 0x06, 0xE9, 0x91, 0x61, 0x37, 0x44, 0x83, 0xCC, 0x63,
    0xB7, 0xAB, 0xEA, 0xD7, 0xBC, 0x33, 0x88, 0xF9, 0x98, 0x81, 0x09, 0x7C, 0x1D, 0x00, 0x9E, 0xC2,
    0x19, 0xEF, 0xB5, 0x94, 0x0D, 0x3A, 0x79, 0x75, 0x8F, 0x8D, 0x9C, 0x9C, 0xC1, 0x0B, 0x00, 0x74,
    0x96, 0xC8, 0x7A, 0x87, 0x54, 0xA9, 0xDF, 0x0E, 0xCE, 0xE0, 0x1A, 0x5A, 0x68, 0xC0, 0x23, 0x1B,
    0xDD, 0xAA, 0x56, 0x36, 0xB2, 0x36, 0xCC, 0xF8, 0x1A, 0x55, 0xBF, 0xE8, 0xA6, 0x77, 0x9B, 0x19,
    0x88, 0x40, 0x16, 0xC7, 0x00, 0x87, 0xC0, 0x09, 0x10, 0xC9, 0xF6, 0x90, 0xBB, 0xC3, 0x07, 0xC0,
    0x84, 0x91, 0xAF, 0xC8, 0x87, 0x03, 0x68, 0xE0, 0xF9, 0xEE, 0xF0, 0x4B, 0x00, 0xB1, 0xF1, 0xD8,
    0xD4, 0x70, 0x27, 0x63, 0xD1, 0xD3, 0xC9, 0x48, 0xAF, 0x03, 0xBD, 0xA9, 0xE9, 0x2D, 0x74, 0x8E,
    0xA2, 0x2B, 0x11, 0x71, 0x8A, 0x8C, 0x17, 0xA8, 0x66, 0x8E, 0x09, 0x53, 0xAC, 0x2F, 0x29, 0x71,
    0x1F, 0x0C, 0x98, 0xD4, 0x8E, 0x14, 0x14, 0x11, 0x1B, 0x8B, 0xD4, 0xCA, 0xFF, 0x69, 0xC6, 0x5C,
    0x3F, 0xA4, 0xDB, 0x41, 0x09, 0x53, 0x98, 0xC3, 0x00, 0x5D, 0x3E, 0x51, 0x44, 0xF6, 0x3B, 0x52,
    0x02, 0xB5, 0x86, 0x2A, 0xD5, 0x74, 0x26, 0x88, 0x66, 0x1B, 0x67, 0x2D, 0x5B, 0x85, 0x6C, 0x40,
    0x07, 0x30, 0x35, 0x54, 0xC0, 0x00, 0x32, 0x92, 0x29, 0x29, 0x81, 0x9E, 0xF1, 0x0C, 0xEB, 0xC9,
    0xE5, 0xC1, 0x2A, 0xAD, 0x41, 0xDF, 0xE7, 0x1D, 0x4F, 0x67, 0x83, 0x08, 0x3A, 0x88, 0x5A, 0xD7,
    0x64, 0x03, 0x1C, 0xC1, 0xBB, 0x2D, 0x98, 0x01, 0x8A, 0x3B, 0xC0, 0x01, 0x76, 0x37, 0x2B, 0xE6,
    0x5C, 0xB0, 0x12, 0x3D, 0x8B, 0xD4, 0xB2, 0xBF, 0x01, 0x50, 0x11, 0x6C, 0x0B, 0x8B, 0x86, 0xE2,
    0xA7, 0x01, 0xF5, 0x67, 0x81, 0xE7, 0xC6, 0x33, 0xB3, 0x14, 0xAD, 0x43, 0xD5, 0x25, 0xCF, 0xB9,
    0xC8, 0xBA, 0xDD, 0x2A, 0xA5, 0x08, 0xDD, 0x18, 0x39, 0x22, 0x82, 0x6C, 0xE1, 0xB4, 0x87, 0xB4,
    0x01, 0x91, 0x06, 0x64, 0xEA, 0xF8, 0x2D, 0xE0, 0x19, 0x70, 0x02, 0x9C, 0x03, 0xA9, 0x86, 0x55,
    0x9F, 0xB3, 0x0E, 0x54, 0x64, 0x8F, 0x0F, 0xF3, 0x1D, 0x0C, 0x53, 0x4A, 0xAA, 0x6D, 0x56, 0xAB,
    0xD4, 0xA2, 0x73, 0x56, 0xC1, 0xC3, 0x69, 0x83, 0xBA, 0x07, 0xE7, 0x77, 0xA9, 0xD8, 0x65, 0xC7,
    0x83, 0xD3, 0x1D, 0xE5, 0x62, 0x4D, 0x79, 0xB5, 0xE0, 0x02, 0xC7, 0x1C, 0xCB, 0x7C, 0xFC, 0x5F,
    0x32, 0xDD, 0x62, 0x25, 0xFA, 0xDD, 0x1D, 0x02, 0x93, 0x52, 0x6B, 0x53, 0x0A, 0x47, 0xA8, 0x30,
    0xC1, 0x70, 0xC6, 0x31, 0x5F, 0x63, 0x0E, 0x74, 0x20, 0x5A, 0x50, 0x0F, 0xA4, 0xC0, 0x1C, 0xC8,
    0x36, 0x23, 0xA8, 0x06, 0x4C, 0x0D, 0x0E, 0xB8, 0x00, 0x78, 0x77, 0xE3, 0x71, 0xA9, 0xE1, 0x56,
    0x46, 0x3A, 0x62, 0xDE, 0x8A, 0x8C, 0xBD, 0x68, 0xB8, 0xD3, 0x1E, 0xD7, 0xC1, 0xDF, 0xAF, 0xD1,
    0xF5, 0x8A, 0xE7, 0x58, 0x3F, 0xC5, 0xD4, 0xBB, 0xE9, 0x9D, 0x5F, 0x60, 0xD2, 0x80, 0x48, 0x57,
    0xE4, 0xF3, 0x8A, 0xB4, 0x41, 0x46, 0xE7, 0x4D, 0x30, 0xB5, 0xF1, 0x2A, 0x58, 0x76, 0x33, 0x1F,
    0x69, 0x16, 0xB5, 0x4E, 0xFF, 0xE6, 0xC5, 0xC6, 0x02, 0xC7, 0xF0, 0xE0, 0x55, 0xB5, 0xE0, 0x3C,
    0x62, 0x80, 0xD5, 0x15, 0xFC, 0x25, 0x40, 0x94, 0xBD, 0xEC, 0x72, 0x10, 0xAF, 0x5B, 0xF0, 0x82,
    0x3B, 0xE6, 0x63, 0x44, 0xAE, 0xA6, 0xAA, 0x39, 0xE6, 0xED, 0x3F, 0xD9, 0xA2, 0x22, 0x32, 0xE6,
    0xF8, 0x65, 0x40, 0xBF, 0xAE, 0xDB, 0xC2, 0x83, 0x03, 0xD5, 0xC3, 0xCA, 0xB3, 0xFF, 0x29, 0x5C,
    0xEE, 0xE2, 0x37, 0x0D, 0x14, 0xEB, 0x5D, 0x37, 0x15, 0x0D, 0x00, 0x26, 0xAD, 0x6D, 0x1A, 0x00,
    0x60, 0x95, 0x62, 0x4A, 0x51, 0xF8, 0x91, 0x1D, 0xEE, 0x00, 0xDD, 0x02, 0xB7, 0x80, 0x65, 0x3C,
    0x60, 0x5B, 0xC4, 0x9A, 0xEC, 0x8B, 0x97, 0x00, 0x80, 0xBD, 0x67, 0x91, 0xEA, 0x0B, 0xD5, 0x3C,
    0x25, 0xF2, 0x6A, 0xA8, 0x28, 0x53, 0x50, 0xEB, 0x5D, 0x97, 0x00, 0x80, 0x29, 0x6C, 0x60, 0x0D,
    0x37, 0x00, 0x6E, 0xE3, 0x41, 0xA5, 0xD4, 0x81, 0x6B, 0x8A, 0xDB, 0x51, 0xC6, 0x32, 0xDE, 0xCE,
    0x5A, 0xD5, 0x20, 0x83, 0xC1, 0x7E, 0xE7, 0x83, 0x70, 0xC0, 0xEA, 0xE7, 0x45, 0x33, 0x29, 0x06,
    0x57, 0x34, 0x27, 0x32, 0x96, 0x45, 0x73, 0xAE, 0xC3, 0x44, 0x84, 0x73, 0x53, 0x2F, 0x65, 0xB8,
    0xB6, 0xBE, 0x97, 0xF5, 0xB5, 0x95, 0x2F, 0x0D, 0x2F, 0xED, 0xCF, 0x6E, 0x4A, 0xCE, 0x4D, 0xBF,
    0xE8, 0x99, 0xAB, 0xD6, 0x35, 0x4C, 0x01, 0xB0, 0x1E, 0x3C, 0xBA, 0x63, 0x3F, 0x50, 0xA4, 0xB4,
    0x06, 0xF6, 0xD3, 0x15, 0xEC, 0x62, 0x2C, 0x36, 0x80, 0x4C, 0x80, 0x3A, 0x05, 0x8C, 0x03, 0x0E,
    0x2D, 0x30, 0xCB, 0x10, 0x2D, 0x14, 0x8D, 0xF5, 0xD9, 0x8F, 0x47, 0xA7, 0x94, 0x9B, 0x4E, 0xAA,
    0x99, 0x60, 0x6A, 0x66, 0x19, 0x22, 0xB9, 0x05, 0x6C, 0x61, 0xBF, 0xC1, 0x36, 0x5B, 0xED, 0xD4,
    0xE3, 0xD2, 0x26, 0x8B, 0xA4, 0x80, 0x6C, 0x75, 0x6E, 0x2B, 0xB2, 0x41, 0x67, 0x30, 0xB5, 0x0E,
    0x18, 0x9C, 0xC7, 0xA5, 0x1E, 0xAA, 0x0C, 0x53, 0x2E, 0x61, 0x8E, 0x83, 0x65, 0x86, 0x3E, 0x43,
    0x47, 0x85, 0x88, 0x5C, 0x20, 0xA3, 0x18, 0x32, 0x53, 0x64, 0x91, 0x72, 0xC6, 0x38, 0xBD, 0x07,
    0x9D, 0x99, 0x17, 0x57, 0x3A, 0x14, 0x3D, 0x32, 0xC8, 0x76, 0x0B, 0x3A, 0x20, 0xBD, 0xA9, 0x01,
    0x07, 0x50, 0xBD, 0x82, 0xF2, 0xCD, 0x5D, 0xE7, 0x01, 0x1B, 0x00, 0xDD, 0x15, 0xD7, 0x88, 0x94,
    0x5A, 0x38, 0xCD, 0xCC, 0x2E, 0xAD, 0xC9, 0x4A, 0x4D, 0xF6, 0xDC, 0xA1, 0x9A, 0x62, 0x40, 0x07,
    0x96, 0x98, 0x9A, 0x0B, 0x8C, 0xDF, 0x82, 0x63, 0x0B, 0x55, 0x86, 0x12, 0x96, 0xCC, 0x61, 0x60,
    0x49, 0xD1, 0xD3, 0x33, 0x96, 0x94, 0x6E, 0x45, 0xC4, 0x05, 0x19, 0xDF, 0xDD, 0x64, 0xA6, 0x6E,
    0xE7, 0xD9, 0xA5, 0x34, 0xC6, 0xD0, 0x23, 0x5B, 0x5E, 0xA2, 0x1A, 0xBE, 0x9E, 0x99, 0xC9, 0xCC,
    0x64, 0xE6, 0x07, 0xD3, 0x69, 0x9D, 0x61, 0x80, 0x0B, 0x80, 0x25, 0x40, 0x0F, 0xD0, 0x01, 0x22,
    0xF2, 0xDB, 0x59, 0x65, 0xCE, 0xC8, 0xB4, 0xC8, 0x29, 0xC9, 0xCC, 0xFD, 0xA8, 0x94, 0x99, 0x63,
    0x66, 0x8E, 0xBF, 0x9E, 0x19, 0x76, 0xCC, 0x8B, 0xD4, 0xEF, 0x98, 0x87, 0x1D, 0x7D, 0x66, 0x06,
    0x99, 0x61, 0xBF, 0x03, 0x16, 0x6B, 0x20, 0xE7, 0x64, 0xCC, 0x73, 0xBB, 0xCD, 0xB3, 0x6A, 0x1E,
    0xF2, 0x5C, 0xD4, 0x3A, 0xBC, 0x4D, 0x5C, 0x22, 0xFE, 0x9A, 0x12, 0xB9, 0xA1, 0x82, 0x69, 0x86,
    0x39, 0xCE, 0xB3, 0xC4, 0x06, 0x7A, 0x74, 0x27, 0x3A, 0x44, 0xB6, 0xFB, 0x90, 0x67, 0x72, 0x3A,
    0x7A, 0x4E, 0x73, 0xA6, 0xB1, 0x1E, 0x15, 0x70, 0xA0, 0x03, 0xD5, 0x68, 0x7C, 0x3A, 0x0A, 0xCC,
    0xC1, 0xC1, 0x12, 0xAA, 0x1C, 0x63, 0xC6, 0x0E, 0x2E, 0x28, 0x22, 0x2C, 0x47, 0xB7, 0x63, 0x36,
    0xE9, 0xF2, 0xD5, 0x62, 0x8C, 0x5A, 0xC6, 0x7C, 0xF5, 0x7E, 0x97, 0x89, 0x17, 0x6B, 0x91, 0xBA,
    0x51, 0x2B, 0x2B, 0x21, 0x1B, 0x50, 0xE1, 0xF5, 0xE2, 0x64, 0xB3, 0x8F, 0x9D, 0xFD, 0x12, 0x98,
    0x03, 0x4B, 0xA0, 0x07, 0x3A, 0x32, 0x5F, 0x66, 0xCB, 0x5C, 0xBB, 0x74, 0x64, 0xB4, 0x9F, 0x82,
    0xD9, 0xAD, 0x4E, 0xF6, 0xD1, 0xC5, 0x17, 0x6F, 0x5E, 0x5C, 0xEC, 0x2E, 0x96, 0x2D, 0x4F, 0x55,
    0xA0, 0xB7, 0x35, 0xAB, 0x0D, 0xB8, 0x4F, 0xC9, 0x7E, 0x8A, 0xD4, 0x64, 0x47, 0x77, 0x1E, 0xD9,
    0xD2, 0xC1, 0x58, 0x1A, 0xE8, 0x60, 0x7C, 0x26, 0x9F, 0x03, 0xE6, 0x83, 0x08, 0xB8, 0x6C, 0x97,
    0x2A, 0xF1, 0x0A, 0x2F, 0x6C, 0x00, 0x96, 0xBA, 0x01, 0x86, 0x2C, 0x40, 0x27, 0x46, 0xAF, 0xBB,
    0xB5, 0xE5, 0x72, 0xF4, 0x5B, 0xF9, 0xEC, 0x75, 0xD1, 0x42, 0x35, 0x80, 0x6B, 0x5E, 0xDB, 0x75,
    0x9F, 0xB3, 0x3B, 0xF0, 0xD6, 0x22, 0x38, 0x5A, 0x09, 0xA2, 0x36, 0x41, 0x07, 0x97, 0x52, 0x9D,
    0x52, 0x02, 0xB3, 0x86, 0xAA, 0x43, 0x6F, 0x60, 0xD5, 0x20, 0x36, 0x90, 0x40, 0xDE, 0x21, 0x13,
    0xA8, 0x4B, 0xD4, 0x0A, 0x74, 0x89, 0x29, 0x61, 0xAF, 0xE4, 0x68, 0x0A, 0x07, 0x25, 0x27, 0x73,
    0x38, 0xAC, 0x88, 0x4B, 0x38, 0x71, 0x45, 0xD3, 0xC3, 0x99, 0x93, 0xA1, 0x83, 0xE8, 0x74, 0x16,
    0x6C, 0xDD, 0x9E, 0x88, 0x14, 0xC1, 0x4D, 0x64, 0x44, 0x06, 0x77, 0x9E, 0x6B, 0xD8, 0xDB, 0x56,
    0x35, 0xEC, 0x5F, 0xD9, 0xB0, 0xDF, 0xB2, 0x8A, 0xD6, 0xA7, 0x01, 0x6C, 0xCF, 0xAA, 0x43, 0x0F,
    0xB8, 0x2B, 0xE4, 0x80, 0x01, 0x75, 0xCB, 0xDE, 0x28, 0xF9, 0x0C, 0x8C, 0xE3, 0x10, 0xF6, 0x2C,
    0x27, 0x70, 0x64, 0xFC, 0x39, 0x4C, 0x4C, 0x7D, 0x0D, 0x27, 0x3A, 0x44, 0x38, 0x57, 0xA1, 0x85,
    0x6B, 0xF9, 0xFD, 0x00, 0x51, 0xFE, 0x38, 0x40, 0x2B, 0x3E, 0xAB, 0x11, 0xA1, 0xF8, 0x55, 0xEE,
    0x67, 0x24, 0xD0, 0x0D, 0x2B, 0x58, 0xF4, 0x5C, 0x02, 0xC5, 0xAA, 0x05, 0x93, 0x36, 0xB0, 0xF0,
    0x0B, 0x5F, 0x0C, 0x98, 0x20, 0x73, 0x51, 0xE9, 0xDC, 0xC6, 0x4C, 0xBD, 0x05, 0xC7, 0x16, 0xAA,
    0x0C, 0x25, 0xA8, 0xA6, 0x04, 0x1D, 0x4A, 0x30, 0x19, 0x9C, 0xAF, 0xA0, 0xC4, 0x7A, 0x06, 0x4C,
    0xAB, 0x23, 0x32, 0xF7, 0x49, 0x4E, 0x7B, 0xC0, 0xA5, 0xFB, 0xB1, 0xB7, 0x64, 0x0E, 0xDB, 0xA0,
    0x1A, 0xD9, 0xA2, 0xC3, 0x16, 0x4C, 0x9D, 0xC1, 0xAB, 0x06, 0x87, 0x09, 0x54, 0x2C, 0x3C, 0x63,
    0x1B, 0x58, 0xA4, 0xF6, 0xED, 0x0E, 0xF0, 0x76, 0x9D, 0x3E, 0x78, 0x5E, 0xFF, 0x66, 0xCF, 0xD6,
    0x3F, 0x36, 0xFE, 0xA6, 0x67, 0xEB, 0x4B, 0xA8, 0x70, 0x70, 0x8B, 0xA9, 0x45, 0x87, 0xBA, 0x3F,
    0x6D, 0x10, 0x99, 0x8E, 0x5B, 0x80, 0xCA, 0x03, 0xA6, 0x01, 0x64, 0x07, 0x90, 0x3E, 0x02, 0x5C,
    0xCB, 0x9B, 0x1D, 0xBE, 0x45, 0x85, 0x47, 0x11, 0x35, 0x18, 0xAF, 0x03, 0x0E, 0x97, 0x83, 0xE9,
    0xD9, 0x42, 0x0B, 0x17, 0x45, 0x07, 0x4B, 0x7A, 0xE8, 0x19, 0xA0, 0x63, 0x49, 0x11, 0xB7, 0x30,
    0xF6, 0x34, 0x1D, 0xB9, 0xCC, 0x11, 0x39, 0xCF, 0xBB, 0xE9, 0x0A, 0x97, 0x06, 0x6E, 0x59, 0xD2,
    0x31, 0x2B, 0x22, 0x2F, 0xB6, 0x93, 0xA2, 0x07, 0x52, 0x0D, 0xEE, 0xE1, 0x47, 0x91, 0xAB, 0x41,
    0x87, 0xDF, 0xD9, 0xCE, 0xC9, 0x38, 0x8D, 0x2F, 0x59, 0x8D, 0x82, 0xFB, 0x23, 0x45, 0x4A, 0xB9,
    0x6B, 0x6C, 0x98, 0xC9, 0xE6, 0x80, 0x98, 0xCF, 0xC0, 0xBC, 0xEA, 0x8D, 0xF6, 0x55, 0x0B, 0x2B,
    0x01, 0xA6, 0xF0, 0xF9, 0xB6, 0x58, 0xBC, 0xCE, 0x79, 0xFB, 0x46, 0xCE, 0x4D, 0xAA, 0xDD, 0xA0,
    0xEF, 0xD9, 0xCF, 0xDD, 0x3E, 0xBF, 0xF8, 0xA2, 0xBC, 0x6C, 0xD0, 0xA8, 0x80, 0xC9, 0x12, 0x4F,
    0xB2, 0xC4, 0xB3, 0x2C, 0x31, 0xC1, 0xC1, 0x09, 0x25, 0x9C, 0x33, 0x85, 0x6B, 0x2E, 0xA0, 0xDD,
    0x42, 0xD1, 0x70, 0x89, 0x0C, 0x54, 0xB5, 0x03, 0x9B, 0x06, 0x10, 0xA9, 0x81, 0x6A, 0xC3, 0xA2,
    0xB7, 0x1D, 0x76, 0xDB, 0x72, 0x31, 0xC8, 0x86, 0xA3, 0x2C, 0x3E, 0xCB, 0x10, 0xB7, 0x50, 0xB4,
    0x5B, 0x90, 0xB9, 0xD3, 0x69, 0x8F, 0x88, 0x86, 0x2D, 0x1C, 0x66, 0x38, 0xC9, 0x10, 0xA1, 0xF8,
    0x45, 0x03, 0xC5, 0x67, 0x01, 0x8A, 0x5F, 0x01, 0x6C, 0x1E, 0x22, 0x4A, 0x83, 0xE8, 0x74, 0xE2,
    0xB4, 0x51, 0x9D, 0xB8, 0xC7, 0xD4, 0xA6, 0x23, 0xB7, 0x5E, 0xDB, 0x89, 0x90, 0x1F, 0x82, 0x4E,
    0xD6, 0x58, 0xFF, 0x27, 0x9D, 0xF6, 0x38, 0x7E, 0xD1, 0x19, 0x70, 0xE2, 0xE3, 0x78, 0x00, 0x4E,
    0xFE, 0x43, 0x9C, 0x40, 0xA5, 0x45, 0x3C, 0x87, 0x6A, 0x6F, 0x54, 0x29, 0x27, 0x22, 0xEB, 0x94,
    0x33, 0x91, 0x95, 0xCA, 0x28, 0x7E, 0xE9, 0x61, 0xD1, 0x88, 0x04, 0x2C, 0x82, 0xD8, 0x00, 0x0B,
    0x2F, 0x06, 0xE0, 0x0E, 0xD1, 0xC3, 0x98, 0xB2, 0x45, 0x87, 0x5A, 0xE3, 0xAE, 0x60, 0xE0, 0x18,
    0xB8, 0xE5, 0x25, 0x50, 0x8A, 0x86, 0x4C, 0xEF, 0x01, 0xFB, 0x37, 0x00, 0xA6, 0x03, 0x50, 0x2D,
    0x80, 0x89, 0x00, 0x65, 0x07, 0x10, 0x07, 0x40, 0x86, 0x25, 0x60, 0xB9, 0x04, 0xE6, 0x54, 0x50,
    0x44, 0x6C, 0xCD, 0x7E, 0xCB, 0x69, 0x4B, 0xD5, 0x93, 0xFA, 0x9C, 0xC3, 0x14, 0xF3, 0x22, 0x90,
    0x6F, 0xCC, 0x14, 0x11, 0x79, 0x49, 0xD1, 0x89, 0x16, 0x7A, 0x55, 0xC3, 0xD2, 0x00, 0xD3, 0x09,
    0x50, 0x45, 0xC0, 0x05, 0xC0, 0x7E, 0x7E, 0x39, 0xE3, 0xD1, 0x0A, 0x2C, 0x76, 0xB7, 0x1C, 0xB0,
    0x29, 0x45, 0x5C, 0x4A, 0x99, 0xD7, 0x04, 0x66, 0x54, 0x70, 0xCD, 0x00, 0x5E, 0x46, 0x40, 0x07,
    0xC0, 0x79, 0xE0, 0x16, 0x28, 0xBA, 0x87, 0x30, 0x6C, 0x0D, 0x5C, 0xF2, 0x05, 0xE8, 0x39, 0x44,
    0x46, 0x66, 0x98, 0x40, 0xA4, 0xDA, 0x32, 0x65, 0x68, 0x40, 0x26, 0x8F, 0x4A, 0xA0, 0x1F, 0x2D,
    0x2F, 0xC7, 0xC0, 0x14, 0x98, 0x00, 0x73, 0xE0, 0x06, 0x88, 0xE3, 0xA4, 0xD8, 0xF5, 0x6A, 0x19,
    0x76, 0xCB, 0x9A, 0x07, 0xC3, 0x38, 0x79, 0x0E, 0xB8, 0x1E, 0xAA, 0x0E, 0x4E, 0xC6, 0xED, 0x70,
    0xDC, 0x9E, 0x6D, 0xB7, 0x03, 0x9E, 0x6C, 0xB7, 0xBD, 0x71, 0xD3, 0xE3, 0xA6, 0x46, 0xED, 0xED,
    0x7C, 0x74, 0xF5, 0xD1, 0x23, 0xD1, 0x97, 0xBF, 0x59, 0xF4, 0xC1, 0xAB, 0x79, 0xD3, 0xAB, 0x1B,
    0xA0, 0xEA, 0x19, 0xCF, 0xD3, 0x01, 0x1B, 0x98, 0x34, 0x5C, 0x37, 0x45, 0xDB, 0xCA, 0xF0, 0x91,
    0xE6, 0xFA, 0x80, 0xB3, 0x13, 0xCE, 0x56, 0x29, 0xAE, 0x52, 0xBB, 0x9C, 0x1C, 0x68, 0x74, 0xBC,
    0xA6, 0x1A, 0x22, 0x6B, 0xDD, 0xCA, 0x98, 0x5F, 0xE4, 0x54, 0x30, 0xB5, 0xAE, 0xDD, 0x58, 0xCF,
    0x15, 0x73, 0xBE, 0xC9, 0x9C, 0xFF, 0x64, 0x29, 0x0F, 0xBF, 0x78, 0x71, 0x30, 0x7D, 0x59, 0xF5,
    0x8B, 0xC6, 0x36, 0x17, 0xF0, 0x0E, 0xE8, 0x1E, 0xCC, 0x6E, 0xBD, 0x16, 0x8F, 0xED, 0x7D, 0xD8,
    0xA3, 0xBF, 0xBA, 0xC1, 0x9C, 0x54, 0x98, 0x2B, 0x8B, 0xAD, 0x2D, 0x0E, 0x4B, 0x89, 0x63, 0xC2,
    0x94, 0x39, 0x73, 0x6E, 0xE8, 0xB9, 0x91, 0x91, 0xDB, 0xDC, 0x76, 0x13, 0xE8, 0x6E, 0x2C, 0x72,
    0x56, 0x6B, 0xD1, 0x5D, 0xAA, 0x70, 0x64, 0x3C, 0x16, 0x8E, 0x61, 0xBA, 0x1B, 0x5F, 0x2C, 0x39,
    0xAB, 0x3E, 0x68, 0x6C, 0xAA, 0xD5, 0x1A, 0x46, 0x7D, 0xB1, 0x06, 0x31, 0x00, 0x73, 0x60, 0xF6,
    0x2A, 0x5D, 0x2A, 0x46, 0xAA, 0x75, 0xCB, 0x5A, 0x37, 0x6F, 0x47, 0xE4, 0x98, 0x73, 0xCA, 0x9C,
    0xFF, 0x62, 0x29, 0x8F, 0xD8, 0x46, 0xC4, 0x36, 0xA2, 0x60, 0x9B, 0x45, 0xFD, 0xA0, 0x5E, 0xAA,
    0x70, 0x6C, 0xFC, 0xB1, 0x65, 0xE9, 0x4E, 0xAF, 0xAA, 0xAB, 0x5F, 0xAF, 0x9E, 0x43, 0x67, 0x95,
    0xA0, 0xE8, 0x1C, 0xC8, 0xF0, 0x05, 0xD0, 0x0F, 0xEF, 0x7C, 0x2A, 0x6D, 0x32, 0xAC, 0x01, 0x0B,
    0x70, 0xFC, 0x66, 0x9B, 0x9B, 0x00, 0xCC, 0x5F, 0xC1, 0x0D, 0x40, 0xF7, 0x0A, 0x22, 0x50, 0x64,
    0x10, 0x2D, 0x99, 0x78, 0x07, 0x87, 0xDA, 0xC3, 0xF4, 0x39, 0x50, 0x0D, 0x80, 0x6D, 0x01, 0x44,
    0x4A, 0x60, 0xB3, 0x50, 0xA9, 0x03, 0xF4, 0x2A, 0x40, 0xDC, 0x42, 0x11, 0x75, 0x06, 0xE3, 0x29,
    0xBA, 0x05, 0x90, 0x06, 0xA0, 0x6A, 0xA0, 0x08, 0xAF, 0x38, 0xEF, 0x81, 0x22, 0xF5, 0x20, 0xFE,
    0x3C, 0xC1, 0x21, 0xB6, 0x66, 0x8E, 0x0A, 0x5B, 0xD0, 0x35, 0x97, 0xDE, 0x79, 0x5C, 0x26, 0x7E,
    0x37, 0xB5, 0xC0, 0x29, 0xC8, 0x0D, 0x70, 0x0B, 0x4C, 0x1E, 0xE7, 0xDA, 0xD5, 0xC5, 0x8F, 0x52,
    0x23, 0x7E, 0xF0, 0xA7, 0xAD, 0xFC, 0x17, 0xD9, 0xC8, 0xBF, 0x52, 0x41, 0x9D, 0xE9, 0xA0, 0xAF,
    0x8C, 0x37, 0xC1, 0x8E, 0xF9, 0xB6, 0x4C, 0x73, 0xCE, 0x9F, 0x96, 0xDC, 0x77, 0x53, 0x52, 0x98,
    0x73, 0x4F, 0xD6, 0x31, 0x2D, 0xA6, 0xC9, 0x5A, 0xC0, 0xC8, 0x9C, 0xBB, 0xD3, 0x92, 0x17, 0x0F,
    0xDF, 0x07, 0x73, 0x6F, 0x6F, 0x76, 0x0F, 0xB1, 0xF9, 0x00, 0xFB, 0x4D, 0x5C, 0x87, 0xAB, 0x77,
    0x89, 0x51, 0x1D, 0xE8, 0x48, 0x3E, 0x05, 0x00, 0x00, 0x07, 0x45, 0x02, 0x95, 0xE0, 0xE0, 0xD7,
    0x15, 0x6F, 0xB7, 0xAB, 0xA3, 0xD7, 0x0F, 0xEB, 0xEB, 0x3A, 0x62, 0x9C, 0xEF, 0x1D, 0xC2, 0xCD,
    0x0C, 0x56, 0x2D, 0x54, 0x7E, 0x17, 0x77, 0x02, 0x2E, 0x3F, 0x4F, 0xA5, 0x22, 0xD1, 0x75, 0x22,
    0xFE, 0x5D, 0x27, 0x7F, 0x1C, 0x5A, 0xF9, 0x1F, 0xA0, 0xFE, 0x17, 0xF4, 0x00, 0xE6, 0x0E, 0x8C,
    0x03, 0x6B, 0x3C, 0xC7, 0x26, 0xD4, 0x53, 0xF5, 0x71, 0x98, 0xCB, 0xC4, 0x92, 0x1E, 0xF6, 0x33,
    0x5D, 0xB1, 0x81, 0x29, 0x4C, 0x60, 0x0E, 0x3D, 0xC4, 0x6C, 0x49, 0xB4, 0xBB, 0x70, 0x55, 0xC8,
    0x8E, 0x76, 0x4F, 0xFF, 0x3B, 0x94, 0x73, 0xAA, 0x96, 0xD2, 0x23, 0x7A, 0x5B, 0xBB, 0xDA, 0x74,
    0xAB, 0x26, 0x85, 0xF7, 0xBF, 0xFB, 0xF1, 0x0F, 0xBE, 0xDC, 0x3C, 0xFD, 0x4C, 0xFC, 0x93, 0x0C,
    0xFC, 0x44, 0xFE, 0xBB, 0x0E, 0xC5, 0x27, 0xF2, 0x23, 0x53, 0x8B, 0x4F, 0xD5, 0x36, 0xF3, 0x32,
    0xEA, 0xE0, 0xC6, 0xB7, 0x8F, 0x72, 0xFC, 0x22, 0x30, 0x27, 0xEF, 0x2F, 0x9F, 0xE6, 0xFD, 0xFF,
    0x8B, 0xC6, 0x4F, 0x8B, 0x54, 0x5B, 0xE6, 0xC5, 0x3D, 0xA2, 0xD7, 0xAD, 0xE9, 0xAA, 0xEE, 0xFD,
    0xEB, 0xB6, 0x7F, 0xFA, 0x99, 0xEF, 0xF8, 0x6F, 0x62, 0xF1, 0x89, 0x88, 0xE2, 0x53, 0xD9, 0xCA,
    0x98, 0xDF, 0x29, 0xC6, 0xDA, 0xF1, 0x3A, 0xD8, 0x77, 0x4C, 0x5D, 0x7D, 0xC3, 0xF8, 0x2A, 0xDA,
    0x6C, 0x66, 0xBF, 0x83, 0xD5, 0x06, 0xD1, 0x39, 0x54, 0x63, 0xBC, 0xA9, 0x4D, 0x6D, 0x31, 0xB5,
    0x7B, 0x74, 0xC7, 0xA7, 0x94, 0x94, 0x0C, 0x38, 0xD9, 0x61, 0xD2, 0xF8, 0xE2, 0x0A, 0xEE, 0xC3,
    0x1E, 0xD2, 0x57, 0x13, 0xE2, 0x2B, 0x27, 0x8E, 0xC2, 0x7C, 0x64, 0x3D, 0xA6, 0x1E, 0x83, 0xB5,
    0x9E, 0x63, 0x2C, 0x4C, 0xA8, 0x32, 0x94, 0x30, 0x63, 0x09, 0x37, 0x45, 0x47, 0x6E, 0x4D, 0x90,
    0x52, 0x4D, 0xF1, 0xCB, 0xFB, 0x87, 0xC2, 0x68, 0x32, 0x04, 0x40, 0x65, 0xD0, 0x35, 0x70, 0xDA,
    0x01, 0xA9, 0x07, 0xD0, 0xE3, 0x2B, 0x5C, 0xCD, 0x5A, 0x87, 0x5D, 0x0B, 0xD8, 0x5A, 0xD4, 0xDE,
    0x61, 0x18, 0x5B, 0x00, 0x25, 0x73, 0x7E, 0xC6, 0x52, 0xCC, 0xB9, 0x78, 0xBE, 0x95, 0xEC, 0xE7,
    0xD8, 0xE6, 0x37, 0x3C, 0x24, 0xAE, 0x87, 0xD5, 0x80, 0x18, 0xAC, 0xDF, 0xA6, 0xBF, 0x7E, 0xFF,
    0xBB, 0x3F, 0xE4, 0xE9, 0x67, 0xC0, 0x4F, 0xA0, 0xF8, 0x04, 0x44, 0xF7, 0xF0, 0x7B, 0xE3, 0xCD,
    0xDF, 0x38, 0x0F, 0xEB, 0x08, 0xA7, 0xAD, 0x48, 0x9D, 0x6A, 0x7A, 0xED, 0xAF, 0x75, 0x8D, 0x6A,
    0x29, 0xD6, 0xE0, 0x6A, 0x54, 0x78, 0x2A, 0xC3, 0x4C, 0x86, 0xA5, 0x0E, 0x8B, 0x84, 0xED, 0x60,
    0x02, 0x37, 0xD0, 0x51, 0xA5, 0xB0, 0x1D, 0x6F, 0x3F, 0x12, 0x06, 0x2C, 0x94, 0x4F, 0x28, 0x67,
    0x54, 0x2D, 0xCE, 0x53, 0x0C, 0x74, 0x7A, 0x28, 0xE2, 0xF1, 0x52, 0xC4, 0xDF, 0xEB, 0x65, 0x4B,
    0x54, 0x8D, 0x88, 0xF9, 0x45, 0xD0, 0x04, 0x19, 0x6C, 0xAD, 0xC3, 0x1F, 0x78, 0x53, 0x9F, 0x62,
    0xFC, 0xBF, 0xBE, 0x63, 0xBE, 0x7C, 0x30, 0x37, 0x6B, 0x17, 0x55, 0xE7, 0xBC, 0x58, 0xEB, 0xDA,
    0x0C, 0x36, 0x1C, 0x2C, 0x4D, 0xF3, 0x5E, 0x2F, 0x1B, 0xA2, 0x68, 0x8A, 0x28, 0xB6, 0x9A, 0x22,
    0xE4, 0x6F, 0xA6, 0x2A, 0x68, 0x74, 0xBD, 0x87, 0xF1, 0x13, 0xCC, 0xB7, 0x22, 0x3A, 0x05, 0xE4,
    0x06, 0xC4, 0x5A, 0xB4, 0x37, 0x66, 0x90, 0xDF, 0x1F, 0x7E, 0x77, 0x29, 0xC3, 0xFA, 0xBD, 0x4E,
    0x85, 0x29, 0x51, 0xD7, 0x47, 0xB9, 0xDB, 0x1C, 0x8A, 0xD6, 0x72, 0x28, 0x1B, 0xC7, 0x89, 0x0A,
    0xBF, 0xCF, 0x99, 0xAE, 0xBF, 0x41, 0x6B, 0xFC, 0x27, 0x32, 0x98, 0x6F, 0xFF, 0x85, 0xF5, 0x26,
    0xD9, 0x35, 0x6A, 0x30, 0x1D, 0x1C, 0x73, 0x09, 0xAB, 0x22, 0x51, 0xFC, 0xFC, 0x0F, 0x13, 0xF2,
    0x2B, 0xDF, 0x79, 0xC2, 0xBB, 0xEA, 0x13, 0x40, 0x76, 0x19, 0xDA, 0x07, 0x30, 0x11, 0x38, 0x8C,
    0xF0, 0xE2, 0xBC, 0x7B, 0xC1, 0xAA, 0xFD, 0xDB, 0x96, 0x55, 0xBD, 0xA8, 0x29, 0x99, 0x02, 0x33,
    0xE6, 0xC5, 0xC0, 0x52, 0xAE, 0xB9, 0xD1, 0x25, 0xFD, 0x13, 0x47, 0xF7, 0xCC, 0x12, 0x31, 0xBE,
    0xDD, 0x9A, 0x6E, 0xD0, 0x1F, 0x06, 0xD4, 0x3F, 0xD6, 0xA8, 0xEF, 0x81, 0xFC, 0x67, 0x90, 0x9F,
    0x80, 0xEC, 0x41, 0xBC, 0xFE, 0xDA, 0xFB, 0x54, 0xC3, 0x7C, 0x02, 0x8B, 0xB8, 0xAB, 0x78, 0x80,
    0x5B, 0xE1, 0x65, 0xFA, 0xA9, 0xD7, 0xAB, 0x35, 0x4F, 0x44, 0xCF, 0x97, 0x68, 0xC7, 0x73, 0x31,
    0xAF, 0xBF, 0x0A, 0xE7, 0xCB, 0x55, 0xA7, 0xB1, 0x9B, 0x3F, 0x66, 0x96, 0x22, 0x1F, 0xD9, 0x00,
    0x00, 0xBC, 0x83, 0x18, 0x30, 0x57, 0x1C, 0x3F, 0x2A, 0xF2, 0xF9, 0xEE, 0xBE, 0x16, 0x91, 0x2A,
    0x50, 0xBD, 0xFA, 0x26, 0x5E, 0xA3, 0x1F, 0x6E, 0xEA, 0x31, 0x1C, 0x81, 0x05, 0x1D, 0xC0, 0x43,
    0xE1, 0x91, 0x1E, 0x05, 0x1A, 0xF6, 0xE0, 0x00, 0x0E, 0x61, 0x02, 0x27, 0x70, 0xFE, 0xFA, 0x3B,
    0x77, 0x11, 0x10, 0x23, 0x8F, 0xF2, 0x68, 0x30, 0xE3, 0xB9, 0xCF, 0xE0, 0x10, 0x4E, 0xE0, 0x05,
    0x5C, 0x43, 0x04, 0x00, 0x13, 0xC6, 0xB8, 0xC7, 0x51, 0xB4, 0x3B, 0x07, 0x2A, 0x3B, 0xC8, 0x43,
    0x46, 0x74, 0xE4, 0xF8, 0xC1, 0xF0, 0x6C, 0x67, 0x78, 0xF4, 0x8C, 0x6A, 0x58, 0x79, 0x00, 0xDD,
    0x1C, 0xBA, 0xFE, 0x64, 0x52, 0xC5, 0x33, 0xDD, 0xFC, 0x3F, 0xBD, 0xD7, 0x01, 0x84, 0x65, 0x69,
    0x7E, 0xF7, 0xF1, 0xCF, 0x39, 0xCF, 0xCC, 0x9C, 0x77, 0xE7, 0x4C, 0xF7, 0x33, 0x98, 0x65, 0x57,
    0x77, 0xF7, 0x79, 0x31, 0xBC, 0xED, 0x55, 0x5D, 0x67, 0xD0, 0x28, 0xFB, 0x56, 0xDD, 0x7B, 0x66,
    0x06, 0xEB, 0xB5, 0x2B, 0x1A, 0x0B, 0x10, 0xBB, 0x01, 0x40, 0xB6, 0x3B, 0xB4, 0x28, 0x49, 0xD5,
    0xD4, 0xC9, 0x26, 0x0C, 0x16, 0xD3, 0x11, 0x40, 0x44, 0x9A, 0x00, 0x10, 0x85, 0x42, 0xA3, 0xBA,
    0xEB, 0x99, 0x19, 0x2C, 0x59, 0x36, 0x67, 0x77, 0xB1, 0xC8, 0x86, 0x33, 0xBB, 0x93, 0x04, 0x90,
    0x93, 0xDD, 0x43, 0xEE, 0xEC, 0xDC, 0xAA, 0x93, 0x7B, 0x30, 0x93, 0x1D, 0xBB, 0x44, 0xF4, 0xA4,
    0xEA, 0x9E, 0xFF, 0xAF, 0x5C, 0x75, 0xFF, 0xDF, 0xEF, 0xF3, 0xDC, 0xA7, 0xEE, 0x7D, 0x9E, 0x23,
    0x36, 0x96, 0xAD, 0x65, 0x63, 0x1B, 0xE0, 0x35, 0xEE, 0x33, 0xD0, 0xCB, 0x3B, 0x21, 0x29, 0x92,
    0x32, 0x89, 0xAD, 0xAA, 0x51, 0xB3, 0xE4, 0x15, 0x28, 0x70, 0x85, 0x6B, 0x6B, 0xCE, 0xD6, 0xF2,
    0xF1, 0x89, 0x22, 0xAD, 0xC5, 0x37, 0x5A, 0x55, 0x60, 0xFB, 0x45, 0xF6, 0xAE, 0xB3, 0x77, 0x87,
    0xBD, 0xFB, 0xFF, 0xDB, 0xA2, 0xBB, 0xAF, 0x7E, 0xAF, 0x53, 0x4D, 0x8D, 0x78, 0xCE, 0x75, 0xDC,
    0x81, 0x7C, 0x6A, 0x54, 0x53, 0xEF, 0x28, 0x1B, 0x9C, 0x7A, 0x60, 0x65, 0xC7, 0xCA, 0x2D, 0x2B,
    0xAC, 0x89, 0xD3, 0xF9, 0xA6, 0xD6, 0xEC, 0x9A, 0x8B, 0x7D, 0x0C, 0x84, 0x44, 0x6C, 0x58, 0x4E,
    0x93, 0xA3, 0xE9, 0xC2, 0xFF, 0xE2, 0xEA, 0x93, 0xFB, 0x71, 0x1A, 0xAE, 0x86, 0xB4, 0x95, 0xA5,
    0x9D, 0x3C, 0xED, 0x15, 0xCE, 0x26, 0x7F, 0xF3, 0x71, 0x23, 0xB7, 0xBC, 0x08, 0x53, 0x5B, 0xF6,
    0x56, 0xF2, 0x21, 0xEF, 0x58, 0x95, 0x38, 0xDC, 0x41, 0xDD, 0x53, 0x4D, 0x53, 0xAB, 0x9E, 0xA6,
    0x86, 0x0A, 0x16, 0x38, 0xDB, 0x30, 0x4D, 0x1B, 0x39, 0xA7, 0xB0, 0x82, 0x11, 0xD9, 0x80, 0x62,
    0x64, 0xA6, 0x23, 0x6B, 0x84, 0x56, 0x41, 0xC9, 0x55, 0x6E, 0xB0, 0xC5, 0x2E, 0x3B, 0x3C, 0xE0,
    0x5B, 0x3E, 0xFB, 0xA3, 0x68, 0x94, 0x44, 0xAE, 0x72, 0x9D, 0x2D, 0x76, 0xB8, 0xC3, 0x31, 0x03,
    0xB2, 0xA9, 0x13, 0xA7, 0xD1, 0x22, 0x1F, 0x1D, 0x38, 0x76, 0x80, 0x43, 0x2C, 0x7B, 0xEE, 0x5D,
    0x08, 0xFF, 0x34, 0xA5, 0x28, 0xA6, 0x9B, 0x42, 0x57, 0x0B, 0xA9, 0x6E, 0xCB, 0x36, 0x7E, 0x74,
    0x28, 0x4C, 0x1D, 0xF5, 0x40, 0x3E, 0x60, 0x70, 0x3F, 0x1B, 0x9C, 0x17, 0x9D, 0xB3, 0x79, 0x62,
    0x1F, 0x71, 0xBB, 0x6C, 0x16, 0xB1, 0xDD, 0x8B, 0xBC, 0x30, 0x3D, 0xE4, 0xD0, 0xA1, 0xAC, 0x53,
    0x34, 0x45, 0x23, 0x4F, 0x57, 0xB2, 0xB3, 0xA1, 0xDF, 0x8A, 0x4D, 0x7F, 0x7C, 0x67, 0x57, 0x77,
    0x7C, 0x7F, 0x5F, 0x73, 0x7C, 0x3C, 0x72, 0xFC, 0x68, 0xE0, 0x51, 0x3F, 0xD0, 0x3D, 0x3A, 0xC9,
    0x5F, 0x4F, 0xC7, 0x7B, 0x45, 0xDE, 0xDE, 0x2F, 0xCF, 0x0B, 0x3B, 0x5C, 0x71, 0x93, 0x7D, 0x45,
    0xF7, 0x42, 0xC7, 0xBD, 0x8F, 0xF0, 0xD6, 0x7E, 0xFE, 0xC1, 0x58, 0xA4, 0x21, 0xE6, 0xFD, 0xCD,
    0xD0, 0x6D, 0x97, 0x69, 0xFB, 0xFF, 0xFC, 0x59, 0xF5, 0x93, 0xE1, 0xF9, 0x0C, 0x8E, 0xA6, 0xF6,
    0x6C, 0x6A, 0xE4, 0x5A, 0x55, 0x48, 0x4E, 0xAB, 0x26, 0x0C, 0x4F, 0xC4, 0xF7, 0x47, 0xCB, 0xB2,
    0xB3, 0x8C, 0x49, 0x5D, 0x74, 0xE2, 0x77, 0x06, 0x21, 0x0D, 0xB2, 0x6E, 0x07, 0x73, 0xD7, 0x78,
    0x36, 0x0D, 0x1C, 0xD3, 0xD3, 0xC9, 0x92, 0xBC, 0x5D, 0xAE, 0x8E, 0xC6, 0xEC, 0xAC, 0x7D, 0xB1,
    0x39, 0xB9, 0x35, 0x5D, 0x7F, 0xED, 0xE7, 0x5F, 0x7F, 0xF4, 0xE3, 0xAF, 0xFF, 0xF9, 0xF9, 0x4B,
    0x3F, 0xFA, 0xC1, 0x4B, 0x7F, 0xF1, 0xDD, 0x5B, 0xF7, 0xB3, 0xD7, 0xF6, 0xF2, 0x54, 0x5C, 0x38,
    0x5A, 0x9F, 0xAD, 0xCB, 0xE1, 0xD6, 0xD6, 0xFD, 0x2B, 0x8F, 0xBE, 0xF0, 0xF0, 0xCA, 0xA3, 0x97,
    0xEE, 0xDC, 0xA9, 0x3A, 0x5A, 0x33, 0x42, 0x9E, 0x08, 0x2D, 0x05, 0xE5, 0x34, 0x89, 0x9B, 0x72,
    0x05, 0xD7, 0x71, 0x0B, 0xAF, 0xCE, 0xE6, 0xC1, 0xAC, 0xCE, 0x57, 0x2F, 0x6D, 0xBF, 0x5A, 0xD9,
    0xB6, 0x6B, 0x28, 0xD2, 0xCD, 0x0D, 0x77, 0x5A, 0x79, 0x2A, 0x94, 0x4D, 0x56, 0x34, 0xAE, 0x72,
    0xCE, 0x37, 0x89, 0x44, 0x3B, 0xB7, 0xD5, 0xBD, 0x30, 0x94, 0xE9, 0xA6, 0x3B, 0x14, 0x29, 0x36,
    0x62, 0x5B, 0x11, 0x9B, 0x25, 0x95, 0x05, 0xB5, 0x03, 0x16, 0xD6, 0xEC, 0x59, 0x71, 0x90, 0x8F,
    0x9C, 0x86, 0x63, 0x56, 0x5F, 0x18, 0x18, 0xAF, 0xF7, 0x4D, 0x36, 0xFE, 0xC1, 0x4F, 0x52, 0x3E,
    0xFD, 0xF8, 0x42, 0x38, 0x7A, 0xE3, 0x43, 0x05, 0x94, 0x10, 0x3F, 0x8D, 0x0A, 0xB6, 0x61, 0x0F,
    0xB2, 0x69, 0x3A, 0x2F, 0xA7, 0xA9, 0xAB, 0xA6, 0x1F, 0xB5, 0xCB, 0xE9, 0xFD, 0x66, 0x53, 0x8E,
    0xA6, 0xAF, 0x6D, 0xEA, 0xAA, 0xE5, 0x74, 0x45, 0x7D, 0x71, 0x5D, 0xF6, 0xBB, 0xB7, 0xB8, 0x7E,
    0x87, 0xAD, 0xD7, 0xD8, 0xB9, 0xCF, 0x6B, 0x3D, 0xF7, 0x3B, 0x3E, 0x48, 0xFC, 0x28, 0xC9, 0xDE,
    0x6F, 0xE5, 0xEF, 0x13, 0xDE, 0x26, 0xFC, 0x0E, 0xD9, 0x73, 0x6C, 0x3B, 0x72, 0x66, 0x97, 0x26,
    0x6F, 0x4A, 0x31, 0x65, 0xDD, 0x1B, 0xE9, 0x29, 0x27, 0xE5, 0xF0, 0x7F, 0x87, 0xBC, 0x0B, 0x29,
    0xA4, 0xA2, 0x2D, 0x9B, 0xE8, 0xAC, 0x53, 0x8D, 0x1E, 0xEF, 0x66, 0xFD, 0xED, 0x90, 0xF6, 0x42,
    0xDA, 0x0D, 0x69, 0x3F, 0xFC, 0x70, 0x70, 0xD6, 0x00, 0xCB, 0x29, 0x6D, 0x2E, 0xED, 0xAB, 0x0C,
    0x5B, 0x3C, 0xAE, 0xD8, 0x8B, 0xAD, 0x79, 0xDD, 0xE7, 0x35, 0x3F, 0xDA, 0x90, 0x57, 0x4B, 0x45,
    0xB7, 0x52, 0xBD, 0xD9, 0xD9, 0x2D, 0x1B, 0xE0, 0xB1, 0x3C, 0x95, 0xA3, 0xA2, 0xF9, 0xF2, 0xE0,
    0x86, 0xAC, 0xB7, 0x2F, 0xEF, 0xF4, 0x66, 0xF1, 0x26, 0x22, 0x45, 0xBB, 0x45, 0xD9, 0x1C, 0xD7,
    0x8E, 0x3E, 0xE8, 0x9E, 0x52, 0xBC, 0x71, 0xCE, 0xCD, 0x62, 0x97, 0x9D, 0x1B, 0xBB, 0x0C, 0x77,
    0xF6, 0x85, 0x74, 0x36, 0x29, 0x19, 0x6C, 0xC9, 0x7B, 0x0F, 0xC4, 0xF5, 0xA7, 0xE4, 0xF2, 0xBF,
    0x20, 0xC7, 0xE6, 0xF8, 0xA9, 0xA3, 0x9F, 0xFD, 0xB8, 0x6C, 0x15, 0xFF, 0xBF, 0x48, 0x6E, 0x2A,
    0x5B, 0x3B, 0x2A, 0x06, 0x07, 0x42, 0xCA, 0x06, 0xA5, 0xA2, 0xB1, 0xA5, 0x9A, 0x9C, 0x58, 0x5E,
    0x70, 0xC6, 0x83, 0xF0, 0xB5, 0x36, 0xEB, 0xB3, 0xA2, 0x09, 0xAD, 0xAB, 0x22, 0x4F, 0xED, 0xF2,
    0x4D, 0x03, 0x31, 0x4F, 0xC4, 0xB2, 0xB1, 0x73, 0xFB, 0x46, 0x91, 0xEA, 0x7E, 0xBF, 0x4A, 0xF4,
    0x7F, 0xDC, 0x0A, 0xE9, 0x1F, 0x1A, 0x31, 0xBC, 0xC3, 0xEE, 0xD5, 0xC8, 0x71, 0x35, 0x75, 0x79,
    0x67, 0x77, 0x86, 0x1F, 0xB8, 0x29, 0x4C, 0x78, 0x2C, 0x5B, 0xCB, 0x57, 0xB2, 0x01, 0x90, 0xB5,
    0xC2, 0x7C, 0xE5, 0x53, 0x13, 0x27, 0xCB, 0xC6, 0x2E, 0x07, 0xE6, 0x6B, 0xD7, 0xCB, 0xF5, 0xEB,
    0x63, 0x39, 0x0D, 0xD9, 0x59, 0x47, 0x3E, 0xC0, 0x1C, 0x1E, 0xC0, 0x2D, 0x00, 0xE0, 0x29, 0xB2,
    0x0B, 0xCC, 0x16, 0xC5, 0x3D, 0xC4, 0x1A, 0x5B, 0x15, 0xF6, 0xE7, 0x18, 0x2A, 0xB2, 0xAE, 0x6A,
    0x84, 0x14, 0x1B, 0xE5, 0x34, 0x35, 0xE6, 0x2F, 0x4C, 0xBB, 0x62, 0x6B, 0x7F, 0x8E, 0x41, 0x4C,
    0x79, 0xB7, 0x89, 0x6B, 0x9D, 0xAA, 0x3B, 0x5A, 0x99, 0x56, 0xB0, 0xC6, 0x6C, 0x57, 0xB4, 0xB8,
    0x72, 0x59, 0xDE, 0xD8, 0x62, 0x99, 0xF0, 0x6F, 0x1D, 0xA1, 0x1D, 0x2E, 0xC9, 0x7B, 0x72, 0x8B,
    0xEC, 0xFC, 0x0E, 0xE1, 0x9D, 0x81, 0x22, 0xA4, 0xCB, 0xF1, 0xE6, 0xDD, 0x09, 0xA1, 0x5F, 0x11,
    0xBA, 0xCB, 0x9A, 0x6A, 0xD5, 0xE0, 0xB5, 0x84, 0xBB, 0x73, 0xFC, 0x5E, 0x8B, 0xED, 0x4B, 0xF0,
    0x1E, 0x4D, 0xF3, 0xAB, 0xA8, 0xA7, 0xB9, 0x85, 0xF8, 0x44, 0x84, 0xDB, 0xA7, 0x5E, 0x84, 0xC7,
    0x2B, 0x90, 0x0D, 0x23, 0x08, 0xEF, 0x0E, 0x20, 0x86, 0x01, 0xEC, 0x85, 0x69, 0x4A, 0x38, 0x29,
    0xE6, 0xDF, 0xF2, 0x39, 0x31, 0x3F, 0x83, 0x28, 0x36, 0xB0, 0xAB, 0x02, 0xA3, 0x5A, 0xD6, 0xCA,
    0x3B, 0x0B, 0x65, 0x72, 0xAD, 0xCF, 0xCE, 0x66, 0xED, 0xD9, 0x58, 0x6E, 0xF4, 0x70, 0xEF, 0x57,
    0xC3, 0x3C, 0xF8, 0xDE, 0xD1, 0xC3, 0xB2, 0xCB, 0x56, 0x42, 0x0A, 0xFD, 0x26, 0xCA, 0x24, 0xB4,
    0xB1, 0x45, 0x0D, 0xCB, 0x4F, 0x63, 0xF1, 0xEB, 0x4F, 0xBF, 0xA4, 0x6E, 0x66, 0x55, 0x32, 0x2A,
    0xC7, 0x7C, 0x90, 0xCF, 0x24, 0xF7, 0x2E, 0x1A, 0x5E, 0x80, 0x2B, 0xB0, 0x6C, 0x50, 0xB6, 0x08,
    0x73, 0xBC, 0x0D, 0xE7, 0x20, 0xFE, 0xE7, 0x5F, 0x12, 0x74, 0x00, 0x50, 0x4F, 0xD3, 0xDA, 0xB5,
    0x69, 0x5A, 0x09, 0xBD, 0x13, 0x45, 0xE7, 0x5B, 0xCA, 0x84, 0xD8, 0xCE, 0xD1, 0x7C, 0x3A, 0xB6,
    0xE9, 0x7C, 0x8E, 0x35, 0x87, 0x7E, 0xE3, 0xA4, 0x93, 0x0F, 0xBE, 0x2C, 0x0C, 0x0E, 0xCC, 0xA4,
    0xF9, 0xCD, 0x1F, 0xA0, 0xE8, 0x3F, 0x41, 0xEC, 0xC1, 0xF1, 0x65, 0x79, 0x4F, 0x91, 0x9F, 0xA3,
    0x7C, 0x07, 0xB7, 0x8B, 0xE6, 0x72, 0xBC, 0x31, 0x24, 0xEA, 0x19, 0x76, 0xB3, 0x68, 0x2F, 0x45,
    0x19, 0x13, 0xB3, 0x34, 0xEB, 0xF0, 0xE8, 0xD7, 0x8D, 0x5C, 0x5B, 0x11, 0x3A, 0x8A, 0xC4, 0x6C,
    0x9B, 0x65, 0x55, 0x43, 0x8D, 0x25, 0x16, 0x38, 0xC0, 0x29, 0x56, 0x18, 0xCD, 0x8E, 0x59, 0xE1,
    0xDA, 0xC8, 0xD1, 0x39, 0x84, 0x59, 0xD2, 0xB2, 0x8D, 0x07, 0x3E, 0x7F, 0xFE, 0x21, 0xD9, 0x44,
    0xF1, 0x7D, 0x6E, 0x86, 0xF6, 0x73, 0xE7, 0x97, 0x6F, 0x76, 0xAA, 0xB7, 0x3B, 0x31, 0xA4, 0xCF,
    0x9D, 0x5D, 0x4F, 0x17, 0xE6, 0xB5, 0xE8, 0x84, 0xBE, 0x1C, 0x15, 0x9D, 0xF5, 0xCC, 0x3A, 0x9D,
    0x61, 0x87, 0x62, 0xB3, 0x89, 0x9A, 0xC3, 0x30, 0x5D, 0xCC, 0x71, 0xEE, 0xD4, 0x21, 0x6B, 0xA7,
    0xB2, 0x95, 0xD5, 0x8C, 0x1A, 0x95, 0x7D, 0x36, 0xA8, 0x53, 0x3E, 0xBC, 0x70, 0xA1, 0x9C, 0xA6,
    0xD1, 0xD1, 0x74, 0xD1, 0xC0, 0xC9, 0x2D, 0xCC, 0x3B, 0x04, 0xF3, 0x16, 0xF1, 0x9B, 0x7B, 0x84,
    0x6A, 0xE5, 0x6C, 0x54, 0xAE, 0xD5, 0x0F, 0x85, 0xB5, 0x48, 0xF1, 0xC4, 0x55, 0xCA, 0x85, 0xEB,
    0xC4, 0xDA, 0x16, 0x57, 0x2B, 0x3B, 0xDC, 0x8E, 0xCD, 0x03, 0x76, 0x63, 0x7B, 0xCC, 0x4E, 0x99,
    0x06, 0x1E, 0x14, 0xA9, 0xE7, 0x38, 0xFC, 0x30, 0x31, 0x84, 0x9F, 0x25, 0xFA, 0xFC, 0x97, 0xAD,
    0x3C, 0x65, 0x1F, 0x37, 0x42, 0x32, 0x51, 0x76, 0xCE, 0x38, 0x5A, 0x79, 0x0B, 0x16, 0x50, 0x41,
    0x09, 0xA1, 0x05, 0x80, 0xEC, 0xAC, 0x27, 0x4E, 0x17, 0x1C, 0x35, 0x47, 0x4D, 0xB6, 0x16, 0x53,
    0x18, 0x14, 0x5D, 0x99, 0x84, 0x3E, 0xB6, 0x9B, 0xA8, 0x6D, 0x62, 0x39, 0xC7, 0x82, 0xA2, 0x5B,
    0x50, 0xA6, 0x05, 0x71, 0x8E, 0xBA, 0x59, 0xB2, 0x50, 0x35, 0xD6, 0x62, 0x5F, 0x0E, 0xC2, 0x34,
    0xB5, 0xDC, 0x5B, 0x81, 0x98, 0xB0, 0x80, 0x13, 0x64, 0xDD, 0x25, 0x79, 0xB3, 0x11, 0xC5, 0x0A,
    0x37, 0xB7, 0xB0, 0x7F, 0xF5, 0x92, 0xBC, 0xF1, 0xCD, 0x86, 0xFA, 0x7B, 0xB8, 0x73, 0x81, 0xE3,
    0xFD, 0x4B, 0xF2, 0xEE, 0x46, 0x1C, 0x56, 0x0D, 0xBB, 0xF1, 0x52, 0x94, 0x99, 0xE7, 0x42, 0x7B,
    0x90, 0xFD, 0x70, 0xF0, 0x71, 0xEB, 0xD0, 0x86, 0x5C, 0xFC, 0xBD, 0xED, 0xA2, 0x79, 0x10, 0x12,
    0xB8, 0x76, 0x91, 0x0F, 0x4C, 0xD3, 0xBF, 0x24, 0xC5, 0x2A, 0x9F, 0x66, 0xA0, 0x35, 0x4B, 0xF9,
    0x05, 0x4F, 0x94, 0x6F, 0xB1, 0x76, 0x7B, 0x29, 0x1B, 0x8D, 0x4B, 0xF9, 0x10, 0xD2, 0x52, 0x18,
    0xA2, 0xC5, 0x26, 0x77, 0x1D, 0x0A, 0x1F, 0xF4, 0xD6, 0xC2, 0xBF, 0xB7, 0xD9, 0x38, 0xB7, 0x84,
    0x41, 0xB6, 0x9A, 0x19, 0xE1, 0xC2, 0x19, 0xF1, 0xDE, 0xB4, 0x62, 0xEF, 0x85, 0xA9, 0x85, 0x53,
    0xD8, 0x85, 0x1B, 0xF0, 0x22, 0x00, 0xC4, 0xA9, 0xAD, 0xD7, 0xE5, 0x47, 0xAE, 0xF5, 0xF9, 0x20,
    0xB4, 0xA1, 0x57, 0x34, 0xA1, 0x53, 0x2A, 0x92, 0x38, 0x03, 0xAF, 0x88, 0xAD, 0xEB, 0xAA, 0xC6,
    0xAE, 0x9A, 0x1D, 0x0B, 0x1E, 0xD8, 0xE3, 0xD8, 0x21, 0xFD, 0x26, 0xB2, 0xCE, 0x5B, 0x42, 0xB2,
    0x6C, 0x6B, 0xAA, 0x69, 0x4D, 0x3E, 0x75, 0x60, 0x09, 0x2B, 0x64, 0x3D, 0x42, 0x73, 0x49, 0xDE,
    0x62, 0xCE, 0x6A, 0xC0, 0xEE, 0x09, 0xFA, 0x9D, 0x4B, 0xF2, 0x9E, 0xDC, 0xC6, 0x6A, 0x81, 0x61,
    0xF7, 0x92, 0x94, 0xD6, 0xC8, 0xFB, 0xDF, 0x7A, 0x5F, 0xB1, 0xBC, 0x30, 0x0D, 0xD7, 0x46, 0xF7,
    0x66, 0xE5, 0x9E, 0x7C, 0x70, 0x22, 0x1B, 0xF3, 0x9E, 0x55, 0xD1, 0x72, 0x1A, 0xB1, 0xB7, 0x8B,
    0xE5, 0x80, 0x3A, 0xA1, 0x6A, 0x50, 0x7F, 0xF6, 0x8C, 0x76, 0xF8, 0x99, 0xF3, 0x46, 0x9C, 0x5A,
    0xD4, 0x13, 0xAE, 0x7D, 0x84, 0xD0, 0xA3, 0xE8, 0x50, 0x4E, 0x23, 0x71, 0x9A, 0x88, 0xED, 0xB2,
    0x51, 0x8B, 0xAD, 0xE5, 0x1C, 0x0B, 0xB1, 0x71, 0xA0, 0xE6, 0x34, 0x7B, 0xC2, 0x34, 0xAD, 0xE6,
    0x68, 0xE5, 0x03, 0xC2, 0x1C, 0xD7, 0x56, 0x38, 0x3A, 0x07, 0xAE, 0x9D, 0xC3, 0xD9, 0xD4, 0x90,
    0x8F, 0x31, 0x11, 0xBA, 0x22, 0x51, 0xA6, 0xA2, 0x9D, 0xD1, 0x91, 0x62, 0x6A, 0xB6, 0xE6, 0xD4,
    0xA3, 0x0A, 0x09, 0x75, 0xD1, 0x62, 0x51, 0x24, 0xEC, 0x85, 0x61, 0xCE, 0x6C, 0x8D, 0x03, 0x47,
    0xE6, 0x8C, 0x78, 0xFC, 0x72, 0xD9, 0xB0, 0x3A, 0x89, 0x18, 0xD7, 0x35, 0x86, 0xB3, 0x35, 0xD9,
    0x50, 0xF7, 0xE4, 0x3D, 0xB3, 0x0A, 0x66, 0xA2, 0xDD, 0xB2, 0xC1, 0x5E, 0x05, 0xCB, 0x35, 0x54,
    0x3D, 0xC8, 0xEE, 0x92, 0x0F, 0x18, 0xB1, 0x83, 0x2F, 0x01, 0xE5, 0x70, 0x6C, 0xB9, 0x1E, 0x9C,
    0x97, 0x7D, 0x18, 0xE6, 0x83, 0x6F, 0x91, 0x62, 0x5B, 0xB6, 0xB5, 0xD8, 0x2C, 0x2C, 0x1D, 0xF8,
    0xB6, 0x03, 0xFF, 0xE8, 0x34, 0x6C, 0xBD, 0x72, 0x78, 0x63, 0xEF, 0x64, 0xB9, 0x3A, 0xEA, 0xAA,
    0xEE, 0x10, 0x5E, 0xC1, 0x9A, 0xD0, 0x33, 0x4B, 0xAF, 0x3C, 0x23, 0xEF, 0x79, 0xD4, 0x89, 0xA3,
    0x24, 0xEB, 0x7B, 0xA1, 0x39, 0x7E, 0x36, 0xDE, 0xCB, 0xCF, 0xB1, 0xBE, 0x25, 0xBF, 0x78, 0x20,
    0x7C, 0x6D, 0x50, 0xE4, 0xED, 0xB3, 0xF1, 0x9A, 0x97, 0x85, 0x7E, 0x65, 0xAE, 0xBC, 0x7D, 0x04,
    0xCF, 0x3E, 0xDF, 0xAF, 0x24, 0xBE, 0x95, 0xB8, 0x9B, 0xF8, 0xC3, 0x96, 0xED, 0x67, 0x63, 0x96,
    0xE3, 0x2F, 0xCE, 0xD9, 0x7B, 0xF1, 0xBC, 0x62, 0x08, 0x43, 0xD9, 0x84, 0xAE, 0xE8, 0xE6, 0xCE,
    0x32, 0xD5, 0x4D, 0x14, 0xFF, 0x72, 0x52, 0xAB, 0xA6, 0x0F, 0xED, 0x59, 0x7E, 0xC8, 0x81, 0xBF,
    0xB6, 0xC9, 0xEC, 0x1D, 0x2F, 0x6D, 0x58, 0xB1, 0xD9, 0x72, 0x78, 0x23, 0xA6, 0x8D, 0x7A, 0x2C,
    0xA6, 0x4E, 0xD5, 0x65, 0x17, 0xB8, 0x36, 0x3A, 0x3B, 0xCF, 0xC7, 0xB7, 0x8A, 0x74, 0x3B, 0x36,
    0x2A, 0xB6, 0xD9, 0x63, 0xBE, 0xBC, 0xB2, 0x70, 0x7F, 0xF9, 0x7A, 0x57, 0x4D, 0x6D, 0x71, 0x4E,
    0x92, 0xB7, 0x8A, 0x81, 0x81, 0x63, 0x5F, 0xE9, 0x7C, 0x91, 0xB9, 0x2A, 0x62, 0x23, 0xB4, 0xB2,
    0xC4, 0xA7, 0xC0, 0x45, 0x91, 0xB6, 0x63, 0xB3, 0x5D, 0x39, 0xAD, 0xEF, 0x3D, 0x5C, 0x3E, 0xFC,
    0x6D, 0x40, 0x59, 0x43, 0x4C, 0x2C, 0x70, 0x82, 0x0E, 0xCC, 0x84, 0x0D, 0xC2, 0x86, 0x61, 0x03,
    0xB1, 0xA1, 0xD8, 0x60, 0x6C, 0x38, 0x36, 0x20, 0x7B, 0xCC, 0x28, 0x1B, 0x96, 0x0D, 0xCC, 0x86,
    0x66, 0xC6, 0xF1, 0x0D, 0xB2, 0x35, 0xC5, 0x9A, 0x9B, 0x57, 0xD9, 0x29, 0x9F, 0x8D, 0xF7, 0x5C,
    0xC6, 0x22, 0x26, 0x73, 0xDD, 0x7A, 0x11, 0x9E, 0x8D, 0x77, 0xD7, 0xCA, 0x81, 0x2D, 0x57, 0xF0,
    0xA4, 0x38, 0xAF, 0x4F, 0xEF, 0x9C, 0x1A, 0x0D, 0xF9, 0x10, 0xBA, 0xF9, 0x9F, 0x20, 0xBE, 0x5E,
    0x7D, 0xBB, 0x1E, 0xEB, 0x96, 0x2F, 0xE2, 0x09, 0xD9, 0x40, 0x48, 0x7C, 0xA2, 0x7E, 0x62, 0xE6,
    0xA8, 0x4F, 0xD9, 0x74, 0x32, 0x62, 0x20, 0x1F, 0x08, 0x1D, 0xE1, 0x93, 0x33, 0xF5, 0xEB, 0x54,
    0xDF, 0xA6, 0x1E, 0x99, 0x69, 0xB2, 0x46, 0xEC, 0x2C, 0x7A, 0xE3, 0x71, 0x9E, 0xEE, 0x98, 0x49,
    0x1B, 0xD0, 0xCC, 0x99, 0x31, 0x23, 0xC3, 0xCC, 0x08, 0xDD, 0x4C, 0x28, 0xD3, 0xA6, 0x7F, 0x6E,
    0xAF, 0xC7, 0xB9, 0xD9, 0xDD, 0x57, 0xB2, 0xE1, 0x30, 0x1F, 0x9E, 0x78, 0x78, 0x0B, 0xFF, 0xBD,
    0xDE, 0x57, 0x35, 0x8E, 0xDE, 0x4E, 0x8A, 0x0B, 0xF2, 0x35, 0xF1, 0x6F, 0xB9, 0x1E, 0x11, 0x1B,
    0xF5, 0xF7, 0x5B, 0xD3, 0xC7, 0x6D, 0xD8, 0xCC, 0xB7, 0xEC, 0x62, 0x3B, 0x3F, 0x2A, 0xB1, 0x5D,
    0x8A, 0xCD, 0x42, 0x65, 0x4F, 0x6D, 0x6F, 0x7E, 0x58, 0xAB, 0xC3, 0x20, 0x4E, 0x49, 0x7E, 0xE1,
    0x93, 0x8F, 0xFD, 0x96, 0x6C, 0x7A, 0x20, 0x7C, 0x77, 0x10, 0xF2, 0x04, 0xF9, 0xAA, 0xEC, 0xE3,
    0xB8, 0x1C, 0x6F, 0x1D, 0xF7, 0xAB, 0x97, 0x7F, 0xD9, 0x8C, 0xFE, 0xD9, 0x90, 0xFD, 0x34, 0x1F,
    0xF2, 0x0F, 0x43, 0x1F, 0x86, 0x22, 0x85, 0x7E, 0xFE, 0x90, 0xC5, 0xA6, 0x4C, 0xD5, 0x73, 0x1B,
    0xCB, 0xEF, 0xC7, 0x66, 0x39, 0x54, 0x16, 0x8D, 0xE7, 0x1B, 0xCA, 0xCF, 0xDE, 0xCC, 0xF9, 0x74,
    0x8D, 0x2F, 0xE4, 0x63, 0xAD, 0xE8, 0x62, 0xF3, 0xC9, 0xF8, 0xEA, 0xCF, 0x8C, 0x6F, 0x61, 0x61,
    0x1E, 0xDF, 0x28, 0x4E, 0x9D, 0xFC, 0x02, 0xB2, 0xBB, 0xC4, 0xC4, 0x36, 0xF6, 0xD1, 0x3D, 0x23,
    0xEF, 0x15, 0x3C, 0x25, 0xFF, 0x57, 0xCA, 0xAF, 0x36, 0x6E, 0xE4, 0xED, 0xB3, 0xF1, 0x9A, 0xBB,
    0x42, 0xDF, 0x89, 0xBF, 0x4A, 0x5E, 0x5A, 0xB6, 0x6E, 0x5D, 0xF5, 0x4C, 0xBC, 0x4C, 0x23, 0xBE,
    0xD9, 0xAB, 0xBE, 0xDA, 0x79, 0x31, 0x6F, 0xF1, 0x6C, 0xBC, 0xD8, 0xA8, 0x5A, 0x11, 0xB0, 0x9C,
    0xD6, 0xCB, 0x69, 0x05, 0x64, 0xBD, 0x30, 0xC8, 0x7B, 0xF2, 0x8B, 0xDB, 0xAA, 0x69, 0xE5, 0x69,
    0xD1, 0x5B, 0x15, 0x7D, 0x18, 0xAA, 0x21, 0x74, 0x7F, 0x34, 0x14, 0xEF, 0xFE, 0x7C, 0x28, 0xBF,
    0xF7, 0xA7, 0x7D, 0xFC, 0xAB, 0x8D, 0x71, 0x8C, 0xA9, 0xEC, 0xEA, 0xA6, 0xEC, 0x9E, 0xCE, 0x2F,
    0xB5, 0x7F, 0xD4, 0x92, 0x35, 0x84, 0x9E, 0x6C, 0xC0, 0x31, 0xEE, 0x80, 0x6C, 0x6D, 0x2C, 0xD7,
    0xD9, 0xB0, 0x7D, 0x9A, 0x0F, 0xAF, 0xAD, 0x42, 0x6F, 0x28, 0xBA, 0x7C, 0x28, 0x53, 0xE8, 0x63,
    0x0A, 0xA9, 0x6A, 0xCB, 0xF4, 0xFF, 0x9A, 0xD8, 0xDE, 0x13, 0x9B, 0x1F, 0x3C, 0x17, 0xBF, 0x7A,
    0xE3, 0x20, 0x9E, 0xD7, 0x43, 0x31, 0xD6, 0x0D, 0xBE, 0x41, 0x3E, 0x52, 0x24, 0x22, 0x6E, 0x3D,
    0x23, 0xEF, 0x79, 0x2C, 0x1B, 0x3E, 0x6E, 0x85, 0xF7, 0x92, 0x52, 0xF7, 0x4C, 0xBC, 0xAC, 0xB9,
    0xAB, 0x7C, 0x77, 0x50, 0xBE, 0x37, 0x78, 0xA1, 0x79, 0x88, 0xCF, 0x6B, 0xBE, 0xDD, 0xAF, 0xCF,
    0xD7, 0xBE, 0x83, 0x0D, 0xF3, 0x34, 0x9C, 0x7B, 0x5C, 0x2E, 0xAC, 0xAE, 0xD4, 0xC6, 0xEB, 0x95,
    0x41, 0x6C, 0x7A, 0xF1, 0x4F, 0x3A, 0xE5, 0x77, 0x92, 0xE2, 0xFD, 0x56, 0xF1, 0x3D, 0xC2, 0xDF,
    0x11, 0x7E, 0x4A, 0x58, 0x91, 0x0F, 0xE4, 0x1D, 0xA1, 0xF5, 0x72, 0xC9, 0xC1, 0x2E, 0x47, 0x03,
    0xCB, 0x06, 0xD9, 0x29, 0xE2, 0x0A, 0xF9, 0x00, 0x73, 0x64, 0x3D, 0x42, 0x9A, 0xE3, 0xBD, 0x15,
    0xC5, 0x3B, 0x17, 0x94, 0x3B, 0x4B, 0xE2, 0xC3, 0xAA, 0x71, 0xB5, 0xDD, 0x44, 0xA5, 0x62, 0x5B,
    0xCD, 0xAE, 0xE5, 0x1C, 0x7B, 0xEC, 0x5B, 0xF3, 0x38, 0x1B, 0xCD, 0xFB, 0x2D, 0xD3, 0xD4, 0xCA,
    0x7E, 0x31, 0xEB, 0x7B, 0x84, 0xEE, 0x13, 0x66, 0x31, 0x47, 0xD9, 0xA2, 0xEA, 0x31, 0xAD, 0x30,
    0xBF, 0x85, 0x8A, 0x77, 0x47, 0xE5, 0x7B, 0xA3, 0xBC, 0x79, 0x84, 0xFF, 0xB1, 0x29, 0xFF, 0x07,
    0xC5, 0xDA, 0x0D, 0x88, 0x24, 0x69, 0x9E, 0xD7, 0xF1, 0x4F, 0x44, 0xF4, 0x74, 0xDC, 0x4D, 0x6C,
    0x77, 0x34, 0xD0, 0x0B, 0x2B, 0xDD, 0x3D, 0xB1, 0xE0, 0x01, 0xAD, 0x54, 0x77, 0x0C, 0xD0, 0x40,
    0xB3, 0x56, 0x65, 0xC6, 0xC8, 0x8B, 0x80, 0xC2, 0x0D, 0x70, 0xCB, 0x9B, 0x80, 0x0B, 0xC8, 0xBB,
    0x37, 0xDD, 0x40, 0xCB, 0x15, 0x58, 0xD5, 0x19, 0xE7, 0x02, 0xCB, 0xBB, 0xCD, 0xBB, 0x70, 0x88,
    0x03, 0x08, 0xE8, 0x80, 0x58, 0x42, 0x2B, 0xAD, 0x66, 0x4F, 0x3D, 0x3A, 0xC0, 0x81, 0x8B, 0x1A,
    0xBB, 0x82, 0x02, 0xB7, 0x7A, 0xB1, 0xE7, 0x9C, 0x22, 0x2A, 0x17, 0xB3, 0x1B, 0xCB, 0xE6, 0x30,
    0x99, 0x15, 0xE6, 0x43, 0x33, 0x45, 0x57, 0xCF, 0x8C, 0xEE, 0x6E, 0xCD, 0xD4, 0x25, 0x15, 0xBF,
    0xA6, 0xA1, 0x32, 0xF3, 0xFB, 0x7D, 0xFE, 0x99, 0xFF, 0x78, 0xFE, 0x11, 0x45, 0x32, 0x0D, 0xA4,
    0x31, 0x5E, 0x7D, 0xBC, 0x8F, 0xE4, 0x04, 0xD9, 0x84, 0xFC, 0x01, 0xCA, 0x1A, 0x3B, 0x15, 0xF6,
    0x63, 0x0C, 0x15, 0x49, 0x57, 0x35, 0xB2, 0x50, 0x36, 0x8A, 0x69, 0x6A, 0x54, 0xD3, 0xD4, 0xDA,
    0x55, 0xB6, 0xF6, 0x63, 0x0C, 0xCA, 0x90, 0x76, 0xDB, 0xB8, 0xD1, 0xA9, 0xBA, 0xC5, 0xCA, 0xB4,
    0xE2, 0xDB, 0x6F, 0xC7, 0x37, 0x94, 0xBE, 0xF7, 0x2E, 0x00, 0x28, 0x86, 0x23, 0xF3, 0xF5, 0x60,
    0x53, 0xF4, 0xD9, 0x90, 0x85, 0x22, 0xE4, 0xA1, 0x6C, 0x8B, 0xB6, 0x56, 0x36, 0x33, 0x73, 0x07,
    0xDE, 0x71, 0xE0, 0xBF, 0x58, 0x66, 0x3B, 0xD7, 0x0F, 0x6F, 0xED, 0x3D, 0x9D, 0xAF, 0x16, 0x5D,
    0xD5, 0x1D, 0x42, 0xB8, 0x8D, 0xEE, 0x08, 0x53, 0x87, 0x45, 0x73, 0x31, 0x1E, 0xE1, 0xA6, 0x24,
    0xDC, 0x93, 0xFC, 0xF1, 0xC0, 0x14, 0x78, 0x7C, 0x3E, 0x8F, 0x2F, 0x9F, 0xB4, 0xE8, 0x17, 0x2B,
    0xC5, 0x0A, 0x57, 0xE0, 0x1E, 0x1C, 0x21, 0xF9, 0x71, 0x8C, 0x09, 0x56, 0xBF, 0x22, 0xEF, 0xA2,
    0xE1, 0x75, 0xDC, 0xC6, 0x51, 0x64, 0x22, 0xFD, 0x84, 0x64, 0x83, 0xB7, 0xA1, 0x6A, 0x31, 0x83,
    0xA7, 0x48, 0x02, 0x00, 0x78, 0xF0, 0xB1, 0x08, 0x1F, 0x2C, 0x9E, 0x14, 0x21, 0x59, 0xC9, 0x42,
    0xD6, 0x8B, 0x6F, 0x2D, 0x6B, 0xCA, 0x16, 0x35, 0xCC, 0x4F, 0x63, 0x76, 0xF6, 0xBF, 0x75, 0x83,
    0x2A, 0xA0, 0x18, 0x93, 0x23, 0xE9, 0x34, 0xF5, 0x3C, 0x38, 0x69, 0xF0, 0x5A, 0x43, 0xDD, 0x70,
    0x80, 0x9E, 0xB4, 0x05, 0x6E, 0x8C, 0x1C, 0x6F, 0xA4, 0xE3, 0x63, 0x79, 0xB8, 0xA3, 0x6C, 0xA8,
    0x70, 0x17, 0x7B, 0xA7, 0xC7, 0x75, 0x33, 0x0F, 0xCD, 0xDF, 0xEA, 0x54, 0x53, 0x2B, 0xDF, 0x40,
    0x32, 0x20, 0x5F, 0xE1, 0x8D, 0x5D, 0x3C, 0xBA, 0x7A, 0x41, 0x1E, 0x6F, 0x93, 0xAC, 0xC9, 0xD7,
    0xBC, 0x71, 0x95, 0x7B, 0xC5, 0x39, 0x3D, 0xD2, 0x1E, 0xD9, 0x10, 0xA3, 0xBF, 0x30, 0x85, 0x74,
    0x94, 0x8D, 0x92, 0xDE, 0x29, 0xFC, 0xF1, 0x66, 0x8B, 0xBE, 0x25, 0x2F, 0x1B, 0x15, 0x77, 0xD9,
    0x63, 0x4F, 0x64, 0xDE, 0x22, 0x6F, 0x89, 0xB7, 0xC0, 0x91, 0xD7, 0x4E, 0xDE, 0x70, 0xF5, 0x0E,
    0x8A, 0x11, 0x79, 0x77, 0x31, 0xCC, 0x97, 0x92, 0xC6, 0xD5, 0xBC, 0x51, 0xBC, 0x43, 0xBE, 0x22,
    0xEB, 0xCF, 0xBB, 0xEC, 0xE1, 0x29, 0xFE, 0xA8, 0xC3, 0xD4, 0xE0, 0x10, 0x00, 0xEA, 0x69, 0xC3,
    0x8D, 0x69, 0xEA, 0x64, 0x7D, 0x31, 0xCA, 0xBB, 0x64, 0xAD, 0x08, 0x96, 0xCA, 0xD6, 0xA1, 0xB2,
    0x71, 0xA8, 0xE6, 0xD0, 0x3C, 0xC6, 0x8C, 0xA5, 0x03, 0xD6, 0x96, 0x92, 0x95, 0x95, 0x6C, 0x30,
    0x2A, 0xFA, 0x74, 0x50, 0x87, 0x6C, 0xB8, 0x7C, 0x12, 0x5F, 0x69, 0xB4, 0x98, 0xA2, 0x07, 0x97,
    0x2E, 0x37, 0xA4, 0x9B, 0x32, 0xE6, 0xFA, 0x0D, 0x38, 0xD8, 0x85, 0xFD, 0x7B, 0xF0, 0xF4, 0x5D,
    0x18, 0x90, 0x0F, 0x31, 0xE7, 0x9B, 0x1E, 0x9B, 0xA2, 0x23, 0xB6, 0x00, 0x62, 0x13, 0x20, 0xB6,
    0x01, 0x62, 0x23, 0x60, 0xA6, 0xC6, 0x81, 0x07, 0x62, 0xFE, 0x57, 0x2C, 0xB3, 0x3B, 0xD8, 0xB6,
    0x04, 0x6C, 0x9B, 0x42, 0x10, 0x3B, 0x63, 0x2B, 0x7A, 0x9D, 0x9C, 0xF5, 0xF2, 0xB9, 0x5E, 0xD9,
    0x74, 0x12, 0x63, 0x63, 0xE9, 0xF0, 0xB3, 0x5E, 0x49, 0xF4, 0x4A, 0xA3, 0x57, 0xF1, 0x92, 0x57,
    0x7A, 0x0C, 0xCF, 0x31, 0x9F, 0xBA, 0x18, 0x01, 0x2B, 0x18, 0x88, 0x2E, 0xA2, 0x8A, 0x68, 0x12,
    0x45, 0x44, 0x0F, 0x51, 0x23, 0x5A, 0x10, 0x25, 0xC4, 0x86, 0x26, 0x76, 0xB4, 0xD8, 0xD2, 0x2E,
    0x89, 0x3D, 0x2D, 0xF2, 0xC7, 0xC6, 0xFE, 0x18, 0xCA, 0xA9, 0x25, 0x06, 0xCE, 0x96, 0x6B, 0x5A,
    0x47, 0xAD, 0x95, 0xAC, 0xF7, 0x34, 0x6A, 0x7D, 0x27, 0x6A, 0x89, 0x5A, 0xA2, 0x16, 0x35, 0x11,
    0x6A, 0x13, 0x63, 0xCD, 0x21, 0x2C, 0x61, 0x05, 0x23, 0xD2, 0xC1, 0x9F, 0x89, 0x8A, 0x07, 0xE2,
    0x2B, 0x59, 0x4C, 0xD3, 0xC0, 0x6B, 0xDF, 0xA6, 0x9E, 0x1A, 0x7F, 0xFE, 0x3D, 0x80, 0x57, 0x3E,
    0x76, 0x33, 0x79, 0xB8, 0xAB, 0x6C, 0xEE, 0xAA, 0x2C, 0xD5, 0x0F, 0x9E, 0x98, 0x3F, 0xF9, 0x7F,
    0x7D, 0xEC, 0x7E, 0x5D, 0xA0, 0xC8, 0x5B, 0x8A, 0x09, 0xE9, 0xEA, 0x62, 0x3C, 0xBE, 0x96, 0x04,
    0x37, 0xB3, 0xC6, 0xD5, 0xBF, 0x46, 0xB9, 0x26, 0xEF, 0xCF, 0xE9, 0x61, 0x85, 0x64, 0x0D, 0xE3,
    0xC5, 0x28, 0x7C, 0x61, 0xD7, 0x9A, 0x6D, 0xC9, 0xB7, 0xE0, 0x95, 0xE5, 0x16, 0x7B, 0x4B, 0xFD,
    0x99, 0xAE, 0xF5, 0x95, 0x52, 0xE5, 0x70, 0x05, 0xEE, 0xC3, 0x23, 0x78, 0xDA, 0xE0, 0xB8, 0xC5,
    0xE3, 0x5F, 0x1C, 0xF3, 0x84, 0x87, 0x92, 0x20, 0x6B, 0xE5, 0xFF, 0x47, 0xB6, 0x8A, 0xC2, 0x14,
    0x69, 0x20, 0xFF, 0x3B, 0xC8, 0x36, 0x48, 0x2E, 0x68, 0xB1, 0x3F, 0xDB, 0x6E, 0xCF, 0xF9, 0x79,
    0x89, 0xE0, 0xF2, 0x35, 0xAA, 0x1D, 0xEC, 0xBF, 0x72, 0xB6, 0x3E, 0xA1, 0x88, 0xCD, 0x7E, 0xF1,
    0x24, 0xEF, 0x3E, 0x3D, 0x6D, 0x24, 0x6D, 0x11, 0xCE, 0x6A, 0xC0, 0x4C, 0xFA, 0x8F, 0xCC, 0x64,
    0x27, 0xE6, 0xEC, 0xC5, 0x38, 0x50, 0x37, 0x96, 0xAA, 0x60, 0xA5, 0x18, 0xD3, 0x51, 0x1A, 0x15,
    0x3E, 0xDD, 0x75, 0xC0, 0x1C, 0x3E, 0x69, 0xC9, 0x3E, 0x08, 0xBC, 0xAE, 0x03, 0xE2, 0x2F, 0x52,
    0x4D, 0x1B, 0x66, 0x45, 0x60, 0x95, 0x07, 0x86, 0x6D, 0x24, 0x43, 0x11, 0xA3, 0x6C, 0x24, 0xE3,
    0x02, 0xD3, 0x1A, 0xF3, 0x8E, 0x24, 0x20, 0x0B, 0x31, 0x3E, 0x46, 0x32, 0xAD, 0x48, 0x7F, 0x6F,
    0x62, 0x47, 0xD5, 0x3A, 0x90, 0x07, 0x07, 0x8A, 0xD6, 0xE3, 0xA6, 0x6E, 0xC4, 0x93, 0x88, 0xCB,
    0x53, 0x0F, 0xDF, 0xC8, 0x1A, 0x6E, 0x16, 0x28, 0x37, 0x28, 0xC6, 0x8B, 0xD1, 0xCF, 0xBC, 0x49,
    0xD6, 0x1C, 0x91, 0xFD, 0xA7, 0x2E, 0xFA, 0xB6, 0x78, 0xEE, 0xC2, 0xF5, 0xD3, 0x01, 0x59, 0x8C,
    0xB4, 0xBF, 0x18, 0x73, 0x97, 0x60, 0x71, 0x1A, 0xB7, 0xC1, 0xC5, 0x9B, 0xBB, 0x04, 0xEF, 0x22,
    0x0D, 0xC8, 0x3A, 0xA4, 0xDD, 0x57, 0xAF, 0x0F, 0x8A, 0xE6, 0x4C, 0x5B, 0x3A, 0x84, 0xFB, 0x2E,
    0x7E, 0x0D, 0xAA, 0x06, 0xE6, 0x01, 0x7E, 0xD2, 0x21, 0x6B, 0x07, 0xCE, 0x76, 0x32, 0xB1, 0x95,
    0xAD, 0x3C, 0xE8, 0x64, 0xBD, 0xAA, 0x91, 0x07, 0x35, 0x45, 0x30, 0xA7, 0x6C, 0xED, 0x51, 0x36,
    0x0E, 0xA8, 0x59, 0x32, 0x8F, 0xAD, 0x2A, 0xE6, 0xC8, 0xA1, 0x64, 0x60, 0x29, 0x1B, 0x88, 0x9D,
    0x90, 0x51, 0x1E, 0xA4, 0x83, 0x22, 0xC8, 0x06, 0x65, 0xEB, 0xC6, 0x18, 0x5F, 0x78, 0xB1, 0x49,
    0xA7, 0x11, 0xD1, 0xB4, 0xEA, 0x39, 0x18, 0x24, 0xFD, 0x23, 0x49, 0x73, 0x1D, 0x3C, 0x20, 0x3B,
    0xC1, 0x73, 0xEC, 0x62, 0x1F, 0x4F, 0x31, 0xD4, 0x6D, 0xF2, 0xE3, 0xA9, 0x4B, 0xFF, 0xE3, 0x77,
    0xFB, 0xEC, 0xDF, 0x65, 0x5D, 0xF6, 0x0F, 0xF3, 0x90, 0x3F, 0x2C, 0x42, 0xF1, 0xA4, 0x6C, 0xCA,
    0x50, 0x89, 0xB3, 0x58, 0x65, 0x4F, 0xED, 0xE0, 0xDA, 0xCC, 0xC7, 0xE3, 0x9E, 0x29, 0x1C, 0xF8,
    0xF8, 0xD4, 0xE9, 0x63, 0x0F, 0xFA, 0x48, 0x55, 0x36, 0xF2, 0x4E, 0xC5, 0xF1, 0x14, 0xEB, 0x34,
    0xC5, 0x14, 0xF7, 0x5D, 0x54, 0x2C, 0x89, 0xDD, 0xFC, 0x53, 0xB3, 0xBD, 0xCF, 0x73, 0xEA, 0x24,
    0xD1, 0x49, 0x1A, 0x9F, 0x27, 0x7F, 0xC9, 0x29, 0xF9, 0x27, 0x78, 0x4E, 0x31, 0xAD, 0x95, 0xD3,
    0xCA, 0x0B, 0xEE, 0xCF, 0x61, 0xFF, 0xBB, 0xBF, 0x20, 0x7B, 0xDA, 0xBD, 0xAB, 0xF8, 0x59, 0x70,
    0x65, 0xDE, 0xBA, 0x59, 0x9D, 0xA9, 0x53, 0xAC, 0x92, 0xAC, 0x23, 0x0F, 0x22, 0x4D, 0x64, 0x51,
    0x35, 0xD4, 0x98, 0x63, 0x86, 0x03, 0x2C, 0xB1, 0xC2, 0x28, 0x12, 0x47, 0x95, 0x58, 0x87, 0x2D,
    0x31, 0xAE, 0x5F, 0x72, 0xF8, 0x35, 0xD3, 0x41, 0xF2, 0xC1, 0x98, 0xBE, 0xD5, 0xC1, 0x73, 0xF9,
    0x46, 0xBD, 0x74, 0x6F, 0xC9, 0xC8, 0x20, 0x1D, 0x64, 0x9D, 0x2C, 0x28, 0x82, 0xF2, 0x2D, 0xD5,
    0x3B, 0xEA, 0x51, 0xDD, 0x46, 0xC9, 0xA0, 0x9C, 0x02, 0xBE, 0x7C, 0xAE, 0x6F, 0xFF, 0x96, 0x69,
    0xED, 0xBD, 0x7F, 0x00, 0xFC, 0x72, 0x5C, 0x97, 0x75, 0xF2, 0x34, 0xC8, 0xA6, 0x46, 0xBA, 0xF9,
    0xF2, 0xD9, 0x9E, 0x5C, 0xD1, 0xED, 0xF8, 0x67, 0x4F, 0x2D, 0x7A, 0x75, 0xF3, 0xCB, 0xB1, 0x7D,
    0x49, 0x0C, 0x19, 0x7E, 0x1D, 0xDF, 0xC0, 0x3D, 0x3C, 0x6A, 0x58, 0xB4, 0xCC, 0x20, 0x19, 0x64,
    0x2B, 0xD9, 0x28, 0xED, 0x01, 0x75, 0x93, 0x4C, 0x4D, 0xF1, 0x27, 0xAE, 0x54, 0xCC, 0xD8, 0xE5,
    0x0C, 0x68, 0x93, 0xFF, 0x41, 0x5B, 0x6C, 0x14, 0x83, 0xB4, 0xF5, 0x3A, 0x3B, 0x3C, 0xE2, 0xFD,
    0x60, 0xD1, 0xB8, 0x0E, 0x07, 0x58, 0xE3, 0xD9, 0x97, 0xBF, 0x98, 0xCF, 0xF3, 0x4D, 0xBD, 0xBC,
    0xB7, 0x34, 0x1A, 0xD2, 0x21, 0xEB, 0xE2, 0x88, 0x5A, 0xBE, 0x55, 0xBD, 0x53, 0x8F, 0x75, 0x8B,
    0x15, 0xB2, 0x35, 0xCA, 0x5B, 0xB8, 0x5F, 0x02, 0x80, 0xF8, 0x7C, 0xD5, 0x87, 0x67, 0xB6, 0x59,
    0xD5, 0xD9, 0x89, 0xF6, 0x73, 0xB6, 0x59, 0xC9, 0xF0, 0xF2, 0x98, 0x7F, 0x2D, 0xB2, 0xAF, 0xAA,
    0x96, 0xE3, 0x13, 0xD4, 0x1F, 0x82, 0xA4, 0xA1, 0x18, 0xA8, 0x06, 0xF6, 0xEF, 0x4B, 0xBA, 0x1D,
    0xA0, 0x26, 0x99, 0xC8, 0x27, 0x6E, 0xDD, 0xC5, 0x1E, 0x76, 0x71, 0x80, 0x67, 0x18, 0x31, 0x90,
    0x0C, 0xA4, 0xFD, 0x4B, 0x6B, 0xD3, 0x52, 0xA2, 0xE4, 0x9B, 0x3B, 0x3C, 0xDB, 0xE7, 0xB8, 0x67,
    0xDE, 0xA0, 0x9E, 0x92, 0xA9, 0x8B, 0x2B, 0xF9, 0x7E, 0x13, 0x81, 0x46, 0xF2, 0x90, 0x75, 0x14,
    0xA1, 0x6C, 0xA2, 0xD8, 0x01, 0xCA, 0xB7, 0x06, 0xD4, 0x79, 0xC0, 0x7C, 0x72, 0x9A, 0x87, 0x55,
    0xC0, 0xB2, 0xE8, 0xB0, 0x8E, 0x4A, 0xC6, 0xF4, 0xC5, 0x1A, 0xAF, 0x45, 0xC5, 0xC7, 0xE2, 0x3A,
    0xCF, 0x9B, 0xB8, 0x52, 0x8B, 0x1E, 0xC0, 0xF8, 0x52, 0xDE, 0x03, 0xEF, 0x42, 0xDA, 0xC0, 0x03,
    0xB2, 0x09, 0x8F, 0x5F, 0x55, 0xCB, 0x07, 0x43, 0x3D, 0xA6, 0xC3, 0xBF, 0x1C, 0xB3, 0x3F, 0x0A,
    0x7D, 0xF6, 0x07, 0xE4, 0xFF, 0x9B, 0x62, 0x4D, 0xF9, 0x3E, 0x65, 0x4D, 0x55, 0x36, 0xEE, 0x96,
    0xA1, 0xDD, 0xCB, 0x7F, 0x18, 0x0E, 0xB2, 0xC9, 0xD2, 0x0A, 0x38, 0xC2, 0x0A, 0x8F, 0xF0, 0x90,
    0x2C, 0x00, 0xE9, 0xC6, 0xB2, 0x5C, 0xE7, 0x9B, 0x5B, 0xCB, 0x37, 0x9E, 0x7F, 0x73, 0xF5, 0xE8,
    0xBE, 0x9F, 0x75, 0x92, 0x9F, 0x37, 0xD2, 0x89, 0x2C, 0x1E, 0x7F, 0xD8, 0xCA, 0x7F, 0x3F, 0x28,
    0xBE, 0xDB, 0x7F, 0xB3, 0x7C, 0x6B, 0x3C, 0x2A, 0x4D, 0xA1, 0x32, 0x43, 0x19, 0xA8, 0xB1, 0x8F,
    0x0E, 0x80, 0xF9, 0x9A, 0xBA, 0xA3, 0x6C, 0xA8, 0x50, 0x63, 0x86, 0x43, 0x2C, 0xB1, 0xC6, 0xE8,
    0x45, 0x79, 0x06, 0xB2, 0x9E, 0x17, 0x4B, 0x9D, 0xB6, 0x65, 0x28, 0x42, 0x3D, 0x4D, 0xED, 0x34,
    0x4D, 0x98, 0x63, 0x49, 0x32, 0x90, 0xB5, 0x24, 0x80, 0x1B, 0x44, 0xAE, 0xE4, 0xE4, 0x95, 0xD2,
    0xAF, 0x3E, 0x5B, 0xF6, 0x2C, 0x9C, 0x96, 0xFE, 0x14, 0xE7, 0xEE, 0x25, 0x66, 0x07, 0xCC, 0x7B,
    0x66, 0xCD, 0x97, 0xC9, 0x8B, 0x7D, 0x2C, 0x71, 0x1F, 0x0F, 0x49, 0x5B, 0x5C, 0x0E, 0xA6, 0x60,
    0xD1, 0x2A, 0x1B, 0x25, 0xA7, 0x5F, 0xFE, 0x03, 0x9E, 0x31, 0x32, 0x48, 0x86, 0x88, 0x9C, 0x75,
    0x11, 0xB6, 0xF8, 0x5D, 0xE5, 0xDF, 0x57, 0xAE, 0x94, 0x4F, 0xE0, 0x0D, 0x6A, 0x4A, 0xAE, 0xF2,
    0x08, 0x22, 0x70, 0x15, 0x89, 0xF7, 0x22, 0xF2, 0x7D, 0x2A, 0x47, 0xD4, 0xC2, 0x67, 0xBE, 0x6C,
    0xEB, 0x33, 0x5F, 0xB6, 0xC8, 0x2E, 0xC2, 0x8B, 0xF4, 0x22, 0xBE, 0xC8, 0x2F, 0x0A, 0x88, 0x06,
    0xB8, 0xDC, 0xBA, 0x51, 0xB6, 0xD9, 0x54, 0x4A, 0x4E, 0xEE, 0xB0, 0x77, 0x9F, 0xDD, 0x87, 0x5F,
    0xD5, 0xF2, 0x8E, 0x96, 0xE9, 0xCA, 0xDA, 0xF8, 0x0B, 0x2D, 0xEF, 0x0D, 0xD9, 0x24, 0x16, 0x7D,
    0xEF, 0xD3, 0xD5, 0x5B, 0xBD, 0xB4, 0x74, 0x3F, 0x68, 0xB2, 0xEF, 0x77, 0xF9, 0x7F, 0xE8, 0x8A,
    0xEF, 0xB5, 0x65, 0xA3, 0x8A, 0x1C, 0x11, 0x63, 0xDE, 0x8B, 0x10, 0xD5, 0xD4, 0xC8, 0x3F, 0x26,
    0x1B, 0xC8, 0xFA, 0x4F, 0x5B, 0x65, 0xA3, 0xFC, 0x5E, 0xAB, 0x3A, 0xA6, 0x1E, 0x39, 0x6E, 0x64,
    0x27, 0xBC, 0x76, 0xB6, 0x55, 0xFE, 0xF5, 0x64, 0x30, 0x16, 0xD3, 0x34, 0xCC, 0xA7, 0xA9, 0x77,
    0x23, 0x98, 0x5A, 0x8B, 0x97, 0xEA, 0xB8, 0xC7, 0xC1, 0x35, 0xFF, 0xA2, 0x33, 0xB5, 0xC9, 0x5A,
    0x31, 0x98, 0xF7, 0xFE, 0xEC, 0x8B, 0x3A, 0xB6, 0xCA, 0xB7, 0x94, 0xEF, 0xA8, 0x56, 0xAA, 0x16,
    0xAC, 0x21, 0x4A, 0x92, 0xB7, 0x70, 0xC5, 0xD9, 0x47, 0xB5, 0x72, 0x3C, 0x2A, 0xD6, 0xEA, 0x27,
    0xB2, 0xB5, 0x92, 0xFC, 0xB9, 0xAB, 0x14, 0x33, 0x37, 0x29, 0x6B, 0x3B, 0x5C, 0xAD, 0xDC, 0xE7,
    0x4E, 0xD9, 0x3C, 0x62, 0xB7, 0x6C, 0x8F, 0xB8, 0x5F, 0x84, 0x81, 0x47, 0x79, 0xE8, 0x39, 0xCA,
    0x7E, 0x10, 0x18, 0xB6, 0xCD, 0x81, 0x3E, 0xFD, 0x69, 0x2B, 0x0D, 0xC9, 0x27, 0x8D, 0x2C, 0x98,
    0x28, 0x3A, 0xC7, 0x2C, 0x56, 0x1E, 0x83, 0xDF, 0x22, 0x1D, 0x45, 0x56, 0x25, 0x6E, 0x83, 0x74,
    0x55, 0xF4, 0xE5, 0x38, 0x1F, 0x6F, 0x1F, 0xF5, 0xAB, 0x6B, 0x3F, 0x6D, 0x46, 0xFF, 0xDD, 0x90,
    0xFC, 0x28, 0x1D, 0xD2, 0x0F, 0xB3, 0x3E, 0x1B, 0xF2, 0x90, 0xF5, 0xF1, 0x52, 0x55, 0xD9, 0x14,
    0xA1, 0xBA, 0x54, 0xB6, 0xF3, 0xDF, 0x2E, 0x9B, 0xF9, 0x50, 0x99, 0x35, 0x17, 0xCC, 0x0E, 0x06,
    0x48, 0x62, 0x72, 0x04, 0x49, 0x07, 0x97, 0xCF, 0xE5, 0x01, 0x3B, 0xD8, 0xC3, 0x2D, 0xEC, 0x60,
    0x00, 0x48, 0xBA, 0x7D, 0xF8, 0xA8, 0x87, 0x45, 0x0B, 0xB3, 0x3F, 0xCD, 0x1A, 0x36, 0x97, 0xE8,
    0xF7, 0xF9, 0xE7, 0xFD, 0xE9, 0xCE, 0xE3, 0x3C, 0xEE, 0x75, 0x64, 0x77, 0xE3, 0x05, 0xFB, 0x46,
    0x64, 0x7F, 0x2C, 0xB2, 0xD7, 0x6E, 0x89, 0xD4, 0xBB, 0xDC, 0x2A, 0xDB, 0xFB, 0xEC, 0x14, 0x21,
    0xB2, 0xE7, 0x21, 0xB2, 0x67, 0x5D, 0x64, 0xCF, 0x86, 0xC8, 0x9E, 0x7C, 0xD4, 0xD1, 0xFB, 0x79,
    0xA0, 0x33, 0x05, 0x69, 0x70, 0xDC, 0x46, 0xF6, 0x39, 0x37, 0x3A, 0x73, 0x91, 0xFD, 0x2E, 0xB8,
    0x05, 0x76, 0xC0, 0x2E, 0x34, 0xFB, 0x48, 0xFA, 0x01, 0xE9, 0xD4, 0xC1, 0xFB, 0x4D, 0xB4, 0xA9,
    0xBA, 0x72, 0x5C, 0x0C, 0xB7, 0x8F, 0x7E, 0x30, 0x5E, 0xFB, 0xA9, 0xC1, 0x1F, 0x27, 0x2F, 0xD9,
    0xC4, 0x19, 0x31, 0xDF, 0xDA, 0x14, 0x6D, 0x3C, 0x57, 0x97, 0x6D, 0xA9, 0x6C, 0x2A, 0x95, 0xBB,
    0xD8, 0x45, 0x3C, 0x9E, 0xD2, 0x0C, 0xFC, 0x24, 0x48, 0xA6, 0x86, 0xE7, 0x50, 0x4F, 0x98, 0x9F,
    0x78, 0xF5, 0x91, 0x1C, 0xF7, 0x94, 0xD3, 0x09, 0x8B, 0x66, 0xD1, 0x24, 0x6B, 0x65, 0xC8, 0x06,
    0x79, 0x57, 0x04, 0x59, 0x5F, 0xB6, 0xDB, 0xA8, 0x6D, 0x63, 0x1E, 0x63, 0x46, 0xDE, 0xCD, 0x28,
    0xC2, 0x8C, 0x32, 0x46, 0xDD, 0xCC, 0x99, 0xA9, 0x1A, 0x6B, 0x65, 0x5F, 0x0C, 0xB2, 0xD8, 0x5C,
    0x3D, 0x58, 0x89, 0x17, 0x4F, 0x1B, 0xE5, 0x14, 0xBC, 0xFE, 0x5E, 0xFB, 0xD9, 0x8B, 0xA7, 0x27,
    0xD2, 0xB1, 0x96, 0x77, 0x65, 0x54, 0x68, 0x2B, 0x65, 0x5B, 0xBF, 0x34, 0x8E, 0xEC, 0x99, 0x99,
    0x59, 0xAB, 0xB3, 0x51, 0x39, 0x75, 0xD2, 0x13, 0xA7, 0x57, 0x51, 0x4A, 0x54, 0x6B, 0x14, 0xFD,
    0xC5, 0x78, 0x5C, 0xF6, 0xAE, 0xD7, 0x93, 0xA0, 0xF8, 0xAB, 0xAD, 0x7C, 0x22, 0x59, 0x9D, 0xD3,
    0x23, 0xFD, 0x68, 0x45, 0xF6, 0x41, 0x47, 0x51, 0xE2, 0x6B, 0xB7, 0x2F, 0xC6, 0xC3, 0xF5, 0xAF,
    0xF3, 0xEC, 0x39, 0x1F, 0x0D, 0xB2, 0x0F, 0x5A, 0xD9, 0xEB, 0xE7, 0xF4, 0x88, 0x93, 0xEC, 0xA8,
    0x78, 0x31, 0xCA, 0xC6, 0x3B, 0x3E, 0x86, 0xC8, 0x1B, 0xBC, 0xFB, 0x62, 0xEC, 0x56, 0x84, 0x48,
    0xA2, 0x6C, 0xD5, 0xA8, 0x99, 0x61, 0xCE, 0x62, 0x5A, 0x9B, 0xC7, 0xE7, 0xAF, 0xCC, 0x58, 0x63,
    0xC6, 0x0A, 0x73, 0xC9, 0x88, 0xB9, 0x74, 0x40, 0xD5, 0x66, 0xBD, 0xDB, 0xCA, 0x31, 0xEF, 0x3C,
    0x93, 0xBD, 0x78, 0x1F, 0x0F, 0xE2, 0x3F, 0xDC, 0x18, 0xD2, 0x0D, 0xC7, 0xEB, 0x7A, 0x92, 0x8E,
    0x77, 0x9F, 0x57, 0xCD, 0x96, 0x7D, 0x28, 0xB6, 0xEC, 0xE5, 0xD6, 0xA1, 0x52, 0x86, 0x5A, 0xAD,
    0xFC, 0xBD, 0x0F, 0xCD, 0x54, 0x1F, 0x8A, 0x16, 0x62, 0xCE, 0xFD, 0x9A, 0x99, 0xA9, 0xB9, 0xA9,
    0xCE, 0xA6, 0xF0, 0x54, 0x39, 0xFD, 0xFE, 0x14, 0x7D, 0x92, 0x13, 0x50, 0x74, 0xA8, 0x60, 0x17,
    0x7A, 0x00, 0x2F, 0xDD, 0x3D, 0x89, 0x85, 0x28, 0x7A, 0xB1, 0xAD, 0x28, 0x62, 0x94, 0x6D, 0xD6,
    0x89, 0xDD, 0x45, 0xAD, 0x6E, 0xCC, 0xA7, 0x95, 0x6D, 0xF4, 0x1C, 0x46, 0x9B, 0xA5, 0x15, 0x2B,
    0x6B, 0x46, 0x4B, 0xC9, 0x20, 0x8E, 0xF5, 0x0E, 0x14, 0x83, 0xC7, 0x16, 0x1B, 0x75, 0x43, 0xF2,
    0x36, 0x65, 0xE0, 0xEE, 0x99, 0xDD, 0x65, 0xBA, 0xAE, 0x9A, 0x72, 0x3C, 0x6E, 0x6F, 0xFF, 0xD3,
    0x3F, 0xB4, 0x6D, 0x04, 0xFC, 0x4F, 0x92, 0x1F, 0x91, 0x8E, 0xAF, 0x9E, 0xD9, 0x29, 0x4F, 0xB7,
    0x24, 0x5F, 0x2D, 0x29, 0x18, 0x90, 0x8C, 0xF0, 0x10, 0x3A, 0x5C, 0x6E, 0x70, 0x9C, 0x77, 0xD9,
    0xA6, 0xEE, 0x5F, 0xDF, 0xF9, 0x9D, 0x70, 0x69, 0x37, 0xF0, 0xAD, 0x86, 0xDF, 0xC1, 0x73, 0xAC,
    0xB1, 0xFA, 0xEC, 0xB6, 0x27, 0xF2, 0x43, 0x21, 0x3A, 0x90, 0x37, 0x14, 0xD8, 0x05, 0x70, 0x35,
    0x8B, 0x8A, 0x15, 0xB2, 0xB5, 0x28, 0x7E, 0x31, 0x35, 0xB9, 0x24, 0x5E, 0x02, 0x6F, 0xCF, 0x5E,
    0x02, 0x3F, 0x47, 0x4D, 0x58, 0x93, 0xF6, 0xE4, 0x2D, 0x57, 0x00, 0xB8, 0x3C, 0x3D, 0x51, 0x4F,
    0x6B, 0xCF, 0x2D, 0x8D, 0xF6, 0x93, 0xC1, 0xBD, 0xED, 0x21, 0x59, 0x61, 0x6A, 0xA9, 0x57, 0x24,
    0x13, 0xEA, 0x96, 0x22, 0xFC, 0x86, 0x22, 0xEC, 0xC6, 0x43, 0xD9, 0xCC, 0x1C, 0x47, 0xB1, 0xAD,
    0xFF, 0x13, 0xBC, 0xD6, 0x30, 0xC7, 0x33, 0x92, 0x9E, 0xAC, 0x01, 0x1E, 0xF4, 0xD2, 0x69, 0x94,
    0x77, 0x2B, 0x45, 0x73, 0xA4, 0x68, 0xC9, 0x7B, 0x92, 0x0D, 0xEA, 0x36, 0xC2, 0xBA, 0x96, 0x05,
    0xFB, 0x59, 0xB0, 0x2C, 0x82, 0xC5, 0x44, 0x35, 0x42, 0xD5, 0xB0, 0x08, 0xFC, 0xA4, 0x93, 0xB5,
    0xFD, 0x97, 0xCE, 0x9B, 0xBC, 0x2D, 0x1F, 0x54, 0x4F, 0xED, 0xEE, 0xEA, 0x6F, 0x12, 0x49, 0xB7,
    0xA0, 0x5B, 0xCE, 0x2D, 0x66, 0xD1, 0x46, 0xC8, 0xC8, 0x58, 0xB7, 0xF2, 0xB0, 0x05, 0xDC, 0xF2,
    0x6D, 0xF1, 0x16, 0x93, 0x6A, 0x8C, 0x0C, 0xFF, 0xF8, 0x15, 0x86, 0x47, 0xDB, 0xE3, 0xCD, 0x17,
    0x0C, 0x4D, 0x64, 0x20, 0xFD, 0x5C, 0x86, 0xF6, 0x05, 0xC3, 0x7A, 0xCB, 0xD0, 0x73, 0x13, 0x6F,
    0x62, 0x8D, 0xBB, 0xB8, 0x42, 0x7A, 0x93, 0x6C, 0xF8, 0x65, 0x68, 0x92, 0x56, 0x4E, 0x19, 0x24,
    0x3D, 0x9D, 0x7F, 0xD5, 0xBA, 0xFE, 0xE9, 0xC6, 0xE9, 0xA3, 0xD3, 0x5D, 0xCA, 0x97, 0xBE, 0x7C,
    0xD7, 0x12, 0x76, 0xDF, 0xE0, 0xCE, 0x33, 0xCA, 0x9E, 0xA2, 0x3D, 0x57, 0xB9, 0xEB, 0x69, 0x9A,
    0xCC, 0xA7, 0xE9, 0xC4, 0x7E, 0xD6, 0xDD, 0x32, 0xC4, 0x77, 0x8C, 0x4E, 0x94, 0x2D, 0xAA, 0x06,
    0x35, 0xCC, 0x60, 0xEF, 0xEC, 0xC8, 0xB5, 0x42, 0x32, 0x9E, 0x19, 0xB9, 0x6E, 0x8C, 0x58, 0x6C,
    0x90, 0xC1, 0x55, 0xA8, 0x02, 0xD2, 0x18, 0x7F, 0xB1, 0xC5, 0xFB, 0x20, 0x7B, 0x31, 0x38, 0x34,
    0xD9, 0xB4, 0xDE, 0xFE, 0xB8, 0xCB, 0xDE, 0xE7, 0x0E, 0x8B, 0x5D, 0xF6, 0x3F, 0xDA, 0x2C, 0x9E,
    0xA4, 0xE8, 0xA4, 0xAD, 0x7C, 0xE0, 0x88, 0x23, 0xDF, 0xEA, 0x7C, 0x1D, 0x79, 0xD2, 0x93, 0x7D,
    0xBF, 0x25, 0x3D, 0x81, 0x15, 0x00, 0x5F, 0xA5, 0x1D, 0xAF, 0xA3, 0xC2, 0x1E, 0xEE, 0xB3, 0x7B,
    0xC4, 0xB3, 0xC0, 0xC8, 0x7C, 0x0A, 0xF1, 0xF8, 0xC2, 0xE9, 0xB1, 0x44, 0x85, 0xD9, 0x15, 0x66,
    0xFB, 0xCC, 0x7B, 0xEA, 0x86, 0x9C, 0x34, 0xC4, 0xB3, 0x6A, 0x28, 0xB7, 0xD1, 0x56, 0xC6, 0xA2,
    0xDD, 0x4B, 0x87, 0xBC, 0xB9, 0x9F, 0x6D, 0xE3, 0x3B, 0x59, 0x9F, 0x92, 0x07, 0x14, 0x81, 0x7C,
    0x9A, 0x28, 0x62, 0xA8, 0xA0, 0xFE, 0x82, 0x8B, 0x50, 0x97, 0x37, 0xA8, 0xA6, 0x06, 0x7B, 0x1C,
    0xB0, 0x8C, 0xED, 0x70, 0xFB, 0x73, 0x3A, 0x8A, 0x2F, 0x26, 0xC7, 0x93, 0xE2, 0x74, 0x6C, 0xBF,
    0xAC, 0xDE, 0x51, 0x0F, 0xAA, 0x06, 0x77, 0xA2, 0xE6, 0xE2, 0xAF, 0xE0, 0xBF, 0xAD, 0x48, 0xC2,
    0x00, 0x80, 0x72, 0x6A, 0xEB, 0x75, 0xF1, 0xB1, 0x1B, 0x7D, 0x3A, 0xC8, 0xDA, 0xAC, 0x97, 0x37,
    0x59, 0xA7, 0x88, 0x90, 0xA5, 0x32, 0xB8, 0xA2, 0x6C, 0xDD, 0x54, 0x35, 0x76, 0xD5, 0xDC, 0x37,
    0xE3, 0x91, 0x3D, 0x8E, 0x1C, 0xD2, 0x3B, 0x94, 0x74, 0x1E, 0xCB, 0x82, 0x79, 0x5B, 0x47, 0xCA,
    0xF5, 0xE9, 0x7E, 0xF8, 0xED, 0x6B, 0x92, 0xF1, 0x4D, 0xD9, 0x66, 0x50, 0x54, 0x9D, 0x2B, 0x79,
    0x03, 0xC9, 0xDA, 0x58, 0xAC, 0x93, 0xE1, 0xEE, 0x32, 0x1D, 0xDE, 0x5C, 0x65, 0xBD, 0x21, 0xEF,
    0xD2, 0x21, 0xF6, 0xFD, 0x32, 0x64, 0xA1, 0x6A, 0x8B, 0xF0, 0x17, 0x9A, 0xB2, 0x7D, 0xA0, 0x6C,
    0xFE, 0xFD, 0xA5, 0xF2, 0x2F, 0xDD, 0x3A, 0x28, 0x37, 0xF5, 0x90, 0x8F, 0x75, 0xC3, 0xF1, 0x5A,
    0x0C, 0x70, 0x31, 0x0A, 0xC9, 0xB7, 0xDF, 0x96, 0x4D, 0xBD, 0xF4, 0xBD, 0x27, 0x00, 0xE7, 0x53,
    0x78, 0x78, 0xC5, 0x36, 0x76, 0x30, 0x1F, 0x51, 0x75, 0x17, 0xE3, 0x91, 0x36, 0xF7, 0x64, 0xCD,
    0x51, 0xBC, 0x93, 0x28, 0x9D, 0x5A, 0x9E, 0x9F, 0xD3, 0x23, 0xEF, 0xF0, 0xB5, 0x37, 0x71, 0x3D,
    0xC6, 0x37, 0xBE, 0x83, 0xA2, 0xFD, 0xCA, 0x3D, 0xBC, 0x86, 0xBF, 0xD5, 0xF0, 0xAF, 0xDB, 0xED,
    0xD1, 0xF0, 0x9F, 0xB1, 0x77, 0x5E, 0x97, 0x0F, 0x7A, 0xCA, 0xDF, 0x6C, 0xB9, 0x75, 0x07, 0xF7,
    0x8E, 0x2E, 0xA6, 0x26, 0xBE, 0xFE, 0x5A, 0xC3, 0xDE, 0x1C, 0xCF, 0x9E, 0xE1, 0xC7, 0x3D, 0xC9,
    0x77, 0x1B, 0xA7, 0x36, 0xA2, 0x8E, 0xE8, 0x23, 0x0A, 0x89, 0x46, 0xA2, 0x92, 0xE8, 0x24, 0x4A,
    0x89, 0x56, 0xA2, 0x96, 0xE8, 0x25, 0x8A, 0x89, 0x66, 0xA2, 0xDA, 0xFF, 0x87, 0xBE, 0xF8, 0x15,
    0xE8, 0x37, 0x9F, 0xD2, 0xFF, 0x06, 0x7C, 0x07, 0x02, 0xD2, 0x16, 0x59, 0x88, 0xB1, 0x46, 0x32,
    0xFC, 0xEA, 0x05, 0x09, 0x64, 0x0D, 0x37, 0x71, 0x0F, 0x03, 0x3E, 0x69, 0x98, 0x70, 0x1D, 0x0E,
    0x41, 0x32, 0x81, 0xFC, 0xFB, 0x0D, 0xBC, 0x91, 0xB5, 0x5E, 0x79, 0x4C, 0xEB, 0x74, 0x2C, 0x26,
    0x0F, 0xBA, 0x7C, 0x4C, 0x3F, 0x56, 0xB6, 0xE5, 0xA8, 0x57, 0x35, 0xD5, 0x98, 0x06, 0x55, 0x33,
    0x1B, 0xB3, 0x56, 0xD5, 0xFC, 0xCD, 0xB1, 0x68, 0xD4, 0x3E, 0x1A, 0x4B, 0xEA, 0xF4, 0x87, 0xC3,
    0x2D, 0xEA, 0xEC, 0xDF, 0x0C, 0xBB, 0xCC, 0x8B, 0x74, 0x78, 0xC4, 0xFC, 0x6A, 0x3A, 0x0C, 0xCC,
    0x76, 0xD3, 0x8F, 0xBA, 0xD8, 0xE7, 0xD3, 0x9F, 0x06, 0x66, 0x43, 0xFA, 0xF3, 0x86, 0x45, 0x97,
    0x4E, 0x58, 0x84, 0xF4, 0x04, 0x8B, 0x26, 0x5D, 0xE3, 0x7D, 0xE9, 0x0A, 0x9F, 0xC2, 0x6E, 0x90,
    0xFD, 0x09, 0xCA, 0xBF, 0x8C, 0x9D, 0x28, 0x86, 0x74, 0x93, 0xF6, 0xCF, 0xCA, 0x75, 0xF6, 0x83,
    0xF5, 0x9F, 0x5B, 0x66, 0x61, 0xF3, 0xCD, 0x31, 0x0F, 0x7B, 0x86, 0xA2, 0xBD, 0x13, 0xEF, 0xDC,
    0xEE, 0xA4, 0x7D, 0x65, 0x27, 0xEB, 0x6A, 0xF7, 0xF3, 0xF0, 0x2D, 0x0F, 0x8B, 0xF6, 0xB7, 0xF5,
    0x65, 0xF3, 0xA3, 0x2C, 0x94, 0xDF, 0xFB, 0x7B, 0x55, 0x53, 0x4E, 0xD5, 0x46, 0xBE, 0x2E, 0x47,
    0x54, 0x0D, 0x16, 0x01, 0x3F, 0xE9, 0x9C, 0xD9, 0xE7, 0x31, 0x3F, 0x31, 0x0D, 0xF1, 0xD6, 0x69,
    0xAC, 0xFA, 0x9E, 0x74, 0xF0, 0x54, 0x32, 0xA6, 0x3D, 0xAB, 0xBC, 0x65, 0x59, 0x62, 0x6F, 0x17,
    0xF3, 0x01, 0x75, 0x38, 0x3D, 0x93, 0x7E, 0xEE, 0xCD, 0x90, 0xC8, 0x8C, 0x72, 0x6A, 0xE1, 0x35,
    0xCC, 0x1B, 0x3E, 0x09, 0xB2, 0x1F, 0x06, 0x85, 0x0E, 0xEC, 0x3B, 0x48, 0xD6, 0x96, 0xD9, 0xC6,
    0xB3, 0x62, 0x66, 0x75, 0xA5, 0x36, 0xDE, 0xAC, 0x0C, 0xCA, 0xA6, 0x57, 0xFE, 0x6E, 0xA7, 0xF8,
    0xDB, 0x41, 0xFE, 0x41, 0xBC, 0x3E, 0x4F, 0xF6, 0x6F, 0xC9, 0x7E, 0x44, 0xB6, 0x12, 0xD9, 0xA4,
    0x51, 0xA0, 0x75, 0xAD, 0xE0, 0x60, 0x97, 0xC5, 0xC0, 0xBC, 0x41, 0xDA, 0x3D, 0x25, 0xEB, 0x57,
    0x64, 0x61, 0xB8, 0x10, 0xBD, 0xD3, 0x39, 0xB2, 0xF9, 0xDC, 0x39, 0xB2, 0x9A, 0xA6, 0x41, 0x3D,
    0x4D, 0xBD, 0x3D, 0x65, 0xB0, 0x6F, 0xCE, 0x91, 0x35, 0x4D, 0x36, 0xA0, 0x08, 0xA8, 0x1B, 0x3C,
    0x47, 0x32, 0x22, 0xEF, 0x51, 0xB5, 0x78, 0xEC, 0xD7, 0x58, 0xD9, 0x91, 0x0D, 0xF6, 0x95, 0xC1,
    0x20, 0x5E, 0xA8, 0x8D, 0xD1, 0x7D, 0xF1, 0x1F, 0xD9, 0x3E, 0x4F, 0x9B, 0x6C, 0xFA, 0x5F, 0x4D,
    0x71, 0xBC, 0x71, 0x25, 0x5D, 0xF9, 0x86, 0x9E, 0xAC, 0xA5, 0xC4, 0x2E, 0x8E, 0x48, 0x3B, 0xF2,
    0xB1, 0x50, 0x9D, 0xFC, 0x0D, 0xFB, 0xD3, 0xE0, 0xDD, 0x2A, 0x00, 0x8C, 0x48, 0x57, 0x30, 0x5E,
    0x90, 0xC6, 0xDB, 0xA4, 0x23, 0xD9, 0x48, 0xD2, 0xC3, 0x79, 0x35, 0x4E, 0xC7, 0xC8, 0xDF, 0x44,
    0xB6, 0x46, 0x3A, 0x5C, 0x88, 0xCB, 0x8B, 0xBF, 0xA4, 0x2A, 0x1A, 0xC5, 0x9D, 0xD3, 0x31, 0xF2,
    0xBC, 0x2E, 0xFF, 0x17, 0xD5, 0xD8, 0x01, 0xA4, 0x65, 0xEB, 0x7D, 0xF7, 0xF1, 0xCF, 0x5A, 0xCF,
    0x9D, 0xBB, 0xBC, 0xB3, 0xEE, 0xCC, 0x1A, 0x4C, 0xC8, 0x6B, 0x66, 0xEE, 0x2E, 0x82, 0x8B, 0x99,
    0x59, 0x17, 0x17, 0xD3, 0xF6, 0x9C, 0xBD, 0x57, 0x5A, 0x04, 0x45, 0x07, 0x37, 0x00, 0xDC, 0x02,
    0x94, 0x66, 0x2E, 0x46, 0x1D, 0xB5, 0xCF, 0x9C, 0x15, 0x17, 0x05, 0x74, 0x00, 0x88, 0xB6, 0x01,
    0x24, 0xA1, 0x9C, 0xD6, 0xA1, 0xA3, 0xF6, 0xDC, 0xF3, 0x24, 0x17, 0x41, 0xB5, 0x5D, 0x49, 0x01,
    0x4D, 0xD3, 0x75, 0xD3, 0x68, 0x94, 0x92, 0x95, 0x64, 0xD1, 0x7D, 0x9B, 0x7D, 0xCE, 0xEA, 0x3C,
    0xF6, 0xC6, 0x1C, 0xD2, 0x54, 0x32, 0xB9, 0x73, 0xF5, 0xE1, 0x3C, 0xC7, 0xE1, 0xAC, 0x67, 0x7F,
    0xFF, 0xCF, 0xDA, 0xFF, 0xE7, 0xF9, 0xFA, 0xC1, 0x6D, 0xB8, 0xC3, 0x6E, 0xDA, 0x93, 0x9D, 0x4E,
    0xBD, 0x6A, 0x9A, 0x38, 0x6A, 0x8E, 0x62, 0xB6, 0x51, 0x75, 0x61, 0x50, 0xF4, 0x65, 0x14, 0xFA,
    0xAA, 0x15, 0xFA, 0x9A, 0xD0, 0x2F, 0xD2, 0x34, 0xA7, 0xE8, 0xE6, 0x94, 0x71, 0x4E, 0xD5, 0xCE,
    0xA9, 0x2D, 0x98, 0x9B, 0x35, 0x36, 0xAA, 0xBE, 0x1C, 0x84, 0x69, 0x6A, 0x79, 0xB0, 0x06, 0x6F,
    0x60, 0x89, 0x3D, 0x9C, 0xB8, 0x31, 0x75, 0x4E, 0xCF, 0xE5, 0x63, 0xAD, 0xE8, 0xAA, 0xA6, 0x6A,
    0xAB, 0x76, 0xA6, 0x6A, 0x6B, 0x55, 0x33, 0x37, 0xB3, 0xAF, 0xB6, 0x6F, 0x6E, 0x6E, 0xA3, 0x0E,
    0xA3, 0x6A, 0xEA, 0xE4, 0xE7, 0x40, 0xD6, 0x41, 0xDE, 0x43, 0xD6, 0x43, 0xE8, 0xAA, 0xA9, 0xAD,
    0xA7, 0xB6, 0xFA, 0x48, 0x7D, 0x26, 0x1F, 0x84, 0x84, 0x2A, 0x34, 0x42, 0xA7, 0xA0, 0x88, 0xAA,
    0x04, 0xEA, 0x6A, 0x22, 0x75, 0x4B, 0x62, 0xBC, 0x4D, 0xCD, 0x3D, 0xE6, 0x3C, 0x64, 0x9F, 0x63,
    0x0E, 0xE9, 0xD3, 0x9C, 0x75, 0x3C, 0x12, 0x22, 0x8B, 0xB6, 0xC6, 0x6C, 0x3A, 0x43, 0x3E, 0x75,
    0x80, 0x77, 0x61, 0x0D, 0x27, 0xC8, 0x86, 0x6C, 0x63, 0x6A, 0xCB, 0x4D, 0x36, 0xB8, 0xBB, 0xCA,
    0x07, 0x6F, 0xAE, 0x43, 0xCF, 0x50, 0x74, 0xF2, 0x61, 0xBB, 0x77, 0x51, 0x88, 0xB3, 0x56, 0x19,
    0x7F, 0xB3, 0x51, 0xB5, 0x0F, 0xA8, 0x9A, 0xBF, 0x7F, 0x45, 0xF5, 0xB9, 0x5B, 0x4B, 0xD5, 0x59,
    0x3D, 0x28, 0xC6, 0xBA, 0x01, 0x38, 0xBE, 0x03, 0x70, 0xEF, 0x04, 0x60, 0xD1, 0x01, 0x09, 0xDD,
    0xCF, 0x1C, 0x75, 0x42, 0x9C, 0xA6, 0xA9, 0x71, 0x63, 0x9A, 0xBA, 0x6C, 0x9A, 0x26, 0x42, 0x5F,
    0x8E, 0x79, 0x6F, 0x43, 0xD1, 0x65, 0x9B, 0x10, 0xF3, 0x91, 0x32, 0x5A, 0x15, 0x4D, 0xD9, 0x51,
    0xB5, 0x0E, 0x33, 0x75, 0x93, 0x60, 0x1C, 0x72, 0x88, 0x5A, 0xAA, 0x7E, 0x8D, 0x05, 0x87, 0x8A,
    0x1E, 0x73, 0x56, 0xAA, 0x16, 0x4B, 0x36, 0x16, 0xB0, 0x92, 0xAD, 0x6D, 0x60, 0x2D, 0x0C, 0x61,
    0x70, 0x9F, 0x51, 0xD9, 0x57, 0x31, 0x8B, 0xF2, 0x41, 0x1D, 0x6B, 0x21, 0x0A, 0xC3, 0xAB, 0xE7,
    0x9E, 0xAA, 0x12, 0xD4, 0x34, 0xE6, 0x09, 0xCA, 0xD1, 0x74, 0xDE, 0x84, 0x69, 0x3A, 0xB7, 0x63,
    0xBE, 0x57, 0x91, 0x90, 0xDD, 0x5E, 0x6E, 0x89, 0x55, 0xC3, 0x16, 0x58, 0x15, 0xB7, 0xBC, 0xD9,
    0xBA, 0xD8, 0xE2, 0x96, 0xD3, 0x77, 0xB7, 0xB4, 0xD5, 0xE9, 0x66, 0x0B, 0x7B, 0xAF, 0x18, 0xB6,
    0xAC, 0x6F, 0xE6, 0x71, 0x87, 0x5A, 0xDA, 0x91, 0xDE, 0xB1, 0x03, 0x7D, 0xB8, 0xE3, 0xCC, 0x7A,
    0x5B, 0xCC, 0xD0, 0xDA, 0x52, 0x56, 0xFD, 0x6B, 0x5B, 0xC8, 0xC5, 0xD9, 0x89, 0xC4, 0xE8, 0xC7,
    0x53, 0x2F, 0x21, 0x8A, 0x75, 0xEB, 0xF9, 0xF1, 0x0A, 0x90, 0x9F, 0xB9, 0x96, 0x21, 0xDF, 0xB8,
    0xF7, 0x3A, 0x2C, 0xDD, 0x79, 0x02, 0x07, 0x66, 0x3D, 0x9C, 0x24, 0x52, 0x0C, 0xA0, 0x18, 0x86,
    0x7C, 0x7D, 0x99, 0xC5, 0x59, 0x5F, 0x4D, 0x7F, 0xC1, 0x59, 0xD9, 0xDD, 0x3D, 0x4D, 0x2C, 0x21,
    0xBE, 0x55, 0xF4, 0xCA, 0x58, 0xC4, 0x77, 0x42, 0xAB, 0x6A, 0xCB, 0x56, 0x45, 0x6A, 0x00, 0x7B,
    0xCC, 0xD5, 0x1C, 0xB3, 0xF4, 0x40, 0xDE, 0xB1, 0xF4, 0x5D, 0x45, 0xC3, 0x2A, 0xDC, 0x31, 0xEB,
    0x6E, 0x3A, 0xBC, 0xB5, 0x6F, 0x71, 0x76, 0x6C, 0xB1, 0x3E, 0x8A, 0xDF, 0x9B, 0x3A, 0xB3, 0xEE,
    0xE8, 0x8B, 0xB1, 0x6E, 0x00, 0x58, 0x6C, 0x08, 0xD3, 0xA0, 0xEE, 0xC8, 0x4E, 0x9B, 0xB4, 0x2C,
    0x4B, 0x66, 0xB0, 0xA2, 0x86, 0x35, 0x73, 0x64, 0x23, 0x87, 0xC8, 0x07, 0x56, 0x08, 0x03, 0x1B,
    0x84, 0x8E, 0x11, 0x45, 0x94, 0x0D, 0x28, 0xD3, 0xAB, 0x45, 0x95, 0xDA, 0x0B, 0xB3, 0xD4, 0x60,
    0xA8, 0x29, 0x63, 0xFE, 0x45, 0x73, 0xAA, 0x58, 0x7E, 0x33, 0x6E, 0xA8, 0xA7, 0xE9, 0xBD, 0x69,
    0x64, 0x9A, 0xA6, 0x6C, 0x6A, 0x01, 0x35, 0x70, 0xD4, 0x24, 0xBA, 0xF4, 0x2B, 0xC1, 0xA5, 0x87,
    0x1A, 0x30, 0x03, 0xEA, 0x2D, 0xC8, 0x9C, 0xD9, 0x96, 0xEB, 0xD1, 0x16, 0xEB, 0xC3, 0x2D, 0x55,
    0xDE, 0x33, 0x26, 0xB6, 0xC4, 0xA4, 0xD8, 0x22, 0x95, 0xA9, 0xC9, 0xA8, 0xB6, 0x40, 0x95, 0xC4,
    0xD3, 0xCE, 0x24, 0x9C, 0x78, 0x57, 0xA2, 0x69, 0xF7, 0x25, 0x18, 0x7B, 0xC0, 0x12, 0x38, 0x01,
    0x06, 0xC8, 0xF2, 0x0E, 0x8A, 0x6F, 0xB6, 0x50, 0x9C, 0x83, 0x30, 0xC2, 0x0D, 0x55, 0x1B, 0x26,
    0x75, 0xCC, 0xCE, 0xD5, 0xD1, 0xFE, 0xEE, 0x25, 0xB1, 0x84, 0xB5, 0x15, 0x43, 0xB1, 0x91, 0x0D,
    0xF5, 0x46, 0xDE, 0x3F, 0x7C, 0x92, 0x28, 0x46, 0x21, 0x1A, 0x14, 0x31, 0x1B, 0x94, 0x6D, 0xDE,
    0xAB, 0x9A, 0xD0, 0x99, 0x25, 0xE2, 0xBB, 0xAF, 0x94, 0xD1, 0x7C, 0x59, 0xB5, 0x16, 0x7D, 0xC5,
    0xBC, 0x99, 0xC1, 0x5D, 0xD8, 0x83, 0x03, 0xB4, 0xC7, 0xE4, 0x1F, 0x76, 0xE4, 0x53, 0x8B, 0x33,
    0x98, 0xAD, 0x9D, 0x8E, 0xA6, 0xB5, 0x72, 0xA3, 0x7E, 0xEC, 0xE8, 0xB1, 0xB0, 0x51, 0x51, 0x53,
    0x3C, 0x75, 0x95, 0x39, 0xE5, 0xDC, 0x4D, 0xF6, 0xA9, 0x6A, 0xB7, 0x59, 0x71, 0x75, 0xE6, 0x1E,
    0x1B, 0xEE, 0x54, 0xCD, 0x43, 0xD6, 0xEC, 0x55, 0xED, 0xB1, 0x6C, 0xE4, 0x5E, 0x19, 0x07, 0xF9,
    0xC0, 0xC3, 0x22, 0xF6, 0x42, 0xCF, 0x71, 0xF8, 0x56, 0x4C, 0xF4, 0x86, 0xF0, 0xBD, 0xA8, 0x8C,
    0xF4, 0xF9, 0x4F, 0x5A, 0x55, 0x94, 0xC7, 0xEC, 0xA7, 0x4D, 0x93, 0x76, 0x38, 0x9A, 0xF2, 0xFE,
    0x88, 0xB2, 0x73, 0x9A, 0x4D, 0x1B, 0x8E, 0xD6, 0x1E, 0x39, 0xED, 0x00, 0xAA, 0x16, 0xA8, 0xE3,
    0x96, 0xB8, 0x8E, 0x5B, 0xE0, 0xAA, 0xD9, 0xF1, 0xEE, 0x70, 0xED, 0x68, 0x57, 0x5B, 0xD8, 0x62,
    0xB3, 0x65, 0xAD, 0x77, 0xA8, 0x0F, 0x9F, 0xEC, 0x48, 0x77, 0xA0, 0x76, 0x9C, 0xD9, 0xB0, 0xC5,
    0x0C, 0xFD, 0x96, 0x32, 0x74, 0x5B, 0xC8, 0x62, 0xC7, 0x58, 0xB6, 0x12, 0xA2, 0xAA, 0x91, 0x08,
    0x55, 0x3B, 0xC0, 0x19, 0xE0, 0x2E, 0x60, 0x0F, 0x70, 0x80, 0xDD, 0x86, 0xDB, 0xED, 0xB9, 0xDD,
    0xB6, 0xC3, 0x47, 0x00, 0x45, 0x04, 0x55, 0x0F, 0xAA, 0x0E, 0x94, 0xAD, 0x0B, 0x23, 0x5F, 0x97,
    0xBD, 0x43, 0xD5, 0xB8, 0x18, 0xC3, 0x99, 0x37, 0x8E, 0xFB, 0x75, 0xB5, 0x72, 0xED, 0x27, 0xCD,
    0x78, 0x6F, 0xC9, 0xBF, 0x19, 0x3C, 0x91, 0x7D, 0x27, 0x1F, 0x8C, 0xF2, 0xEF, 0x87, 0xDE, 0x20,
    0x0C, 0xE9, 0x1B, 0x22, 0xF4, 0x65, 0xCC, 0x7B, 0x45, 0x4C, 0xDF, 0x12, 0x65, 0x9C, 0xBD, 0x12,
    0xA2, 0xAA, 0x5D, 0xFC, 0x41, 0xBA, 0xBB, 0x9A, 0xC5, 0x50, 0xB6, 0x66, 0xE6, 0x69, 0xFB, 0xA1,
    0xBA, 0x50, 0xC9, 0x1E, 0x68, 0x0E, 0xC0, 0x30, 0x40, 0x36, 0x45, 0xF0, 0x14, 0x64, 0xDD, 0x01,
    0x7E, 0xD4, 0xE3, 0xA8, 0xC5, 0xDC, 0x85, 0xF1, 0x3E, 0xB2, 0x73, 0x84, 0x09, 0xC5, 0x03, 0x54,
    0x35, 0x6E, 0xCF, 0x70, 0x30, 0xC3, 0x30, 0x4B, 0x8B, 0xA4, 0x76, 0x8F, 0x69, 0x57, 0xA7, 0xA9,
    0x31, 0x9B, 0xA6, 0xD6, 0x9E, 0xAA, 0x75, 0x90, 0xA6, 0x41, 0x15, 0xF3, 0x4E, 0x15, 0x6F, 0x74,
    0xE9, 0x2C, 0x5A, 0x9B, 0xD6, 0x34, 0xD7, 0xE9, 0x4F, 0xF8, 0xAB, 0x6E, 0xFB, 0xC1, 0x73, 0xA0,
    0x1C, 0x8E, 0x2D, 0x36, 0x83, 0xB3, 0xB2, 0x4F, 0xC7, 0x60, 0x3A, 0x02, 0xAB, 0xB6, 0xDC, 0xDD,
    0xFD, 0x0B, 0x4B, 0x5F, 0xB0, 0xF4, 0xCF, 0x56, 0xE1, 0xF6, 0xF5, 0x67, 0xC7, 0xDC, 0xC9, 0x62,
    0x7D, 0xD4, 0xCD, 0xBA, 0x43, 0x8A, 0xAC, 0x17, 0xFE, 0xB6, 0x95, 0x9F, 0x63, 0x0D, 0x40, 0x3D,
    0x71, 0x63, 0x4D, 0xE8, 0x28, 0x22, 0x65, 0x94, 0x90, 0xCC, 0x1A, 0x6A, 0x2C, 0x30, 0xC7, 0x12,
    0x2B, 0xAC, 0x31, 0x92, 0x0F, 0x84, 0x81, 0x1B, 0x23, 0x47, 0x67, 0xB8, 0x7F, 0xC9, 0xF1, 0x9E,
    0x5F, 0x1F, 0x2C, 0xA2, 0x19, 0x78, 0xAA, 0x38, 0x53, 0xAF, 0xBC, 0xB5, 0x62, 0x24, 0xF5, 0x8A,
    0xD0, 0x09, 0xA9, 0x33, 0x54, 0x9F, 0x35, 0xFB, 0x82, 0x7A, 0x54, 0xB7, 0xB8, 0x12, 0x5A, 0xCA,
    0xD7, 0x51, 0x6C, 0x6C, 0x17, 0x06, 0x20, 0x3B, 0xED, 0xA9, 0xA6, 0x73, 0xC9, 0xAB, 0x9A, 0x74,
    0xB1, 0xC5, 0xE4, 0x55, 0xDD, 0xFF, 0xEE, 0x55, 0x69, 0xAA, 0x9B, 0xFF, 0xD9, 0xAB, 0x2E, 0xB9,
    0xAF, 0xF8, 0xAD, 0x28, 0xFC, 0x43, 0x23, 0x3F, 0xC3, 0x08, 0xA9, 0x28, 0xBF, 0x9C, 0x5F, 0xBD,
    0xFB, 0x3A, 0xF6, 0x0E, 0x50, 0xF7, 0xCF, 0xF5, 0x32, 0x48, 0x96, 0xB5, 0x29, 0x3F, 0x72, 0xA3,
    0x4F, 0xFB, 0xD0, 0x86, 0x5E, 0xD1, 0x84, 0x4E, 0xB9, 0x15, 0xAC, 0x2A, 0xBA, 0xA2, 0x6A, 0xDD,
    0x4C, 0xA4, 0x7B, 0x5B, 0xB9, 0x4A, 0x6E, 0xB5, 0x55, 0xAB, 0x43, 0xFA, 0xAD, 0x58, 0x25, 0xAF,
    0xDA, 0x6A, 0xD5, 0x6C, 0xDA, 0xEC, 0xA4, 0x4A, 0xD6, 0x5C, 0x97, 0xC7, 0x41, 0xF6, 0x83, 0xC8,
    0x84, 0x25, 0xC8, 0x36, 0xC6, 0xA4, 0x55, 0xC9, 0xAA, 0x92, 0x54, 0x25, 0xA7, 0x4A, 0x4A, 0x95,
    0x8C, 0x2A, 0x09, 0x55, 0xF2, 0xA9, 0xA4, 0x53, 0xC9, 0xA6, 0x92, 0x4C, 0x25, 0x97, 0x4A, 0x2A,
    0x25, 0xB1, 0x32, 0x9B, 0x1A, 0x17, 0x07, 0x27, 0x77, 0xB0, 0x9E, 0x63, 0xD8, 0x7B, 0x39, 0xB5,
    0xF9, 0xFC, 0xDB, 0x9C, 0x6E, 0xF8, 0xDA, 0x57, 0x00, 0x64, 0xCD, 0x7D, 0xE5, 0xD7, 0x07, 0xE5,
    0x37, 0x06, 0xAF, 0x36, 0x8F, 0xF1, 0x82, 0xF5, 0x2A, 0x3B, 0x12, 0x1D, 0x7B, 0xD0, 0x7F, 0xD2,
    0x45, 0xFB, 0x14, 0x3C, 0x82, 0x11, 0x79, 0x87, 0x62, 0x57, 0x79, 0x2A, 0x5D, 0xAA, 0xDD, 0xAE,
    0xF8, 0xE7, 0xEB, 0xF7, 0xE2, 0x1E, 0xED, 0x6A, 0x88, 0x94, 0xBF, 0x8B, 0xB0, 0x41, 0x3E, 0x7C,
    0xD2, 0xBB, 0x71, 0xED, 0x12, 0x1E, 0xDE, 0xC1, 0xDE, 0x88, 0xBA, 0x93, 0xD0, 0x5F, 0xCE, 0x6E,
    0x24, 0x60, 0xCA, 0x16, 0x21, 0x22, 0x8B, 0x9F, 0xF4, 0x6E, 0xBC, 0x8D, 0x15, 0xF6, 0x70, 0x0B,
    0x97, 0x3F, 0x8E, 0x86, 0x58, 0x9C, 0xDB, 0x1D, 0xEC, 0x17, 0x47, 0xDE, 0x9D, 0x10, 0xFA, 0x35,
    0xA1, 0x1B, 0x5E, 0xCE, 0x45, 0xF8, 0xA9, 0xCF, 0x6F, 0x71, 0x7E, 0xFF, 0xAB, 0x00, 0x34, 0xD7,
    0x12, 0x44, 0xFA, 0x91, 0xB7, 0x5F, 0xC6, 0x0B, 0x5D, 0x8E, 0x3F, 0xA7, 0x5E, 0x33, 0x58, 0x34,
    0xA8, 0x7D, 0x72, 0xF5, 0x5E, 0x42, 0xDD, 0x6C, 0x41, 0x5E, 0xF7, 0xE2, 0xF5, 0x72, 0xBA, 0x01,
    0xA6, 0xB5, 0x9F, 0x37, 0x8E, 0xA6, 0x44, 0x4C, 0x3D, 0x25, 0x7C, 0xAA, 0xA7, 0x2A, 0xB8, 0xB3,
    0x72, 0x19, 0x9E, 0xAC, 0x41, 0x36, 0x8C, 0x20, 0x7C, 0x7D, 0x00, 0x55, 0x18, 0xC0, 0x7E, 0x98,
    0xA6, 0x88, 0x93, 0x22, 0xFD, 0x96, 0xA7, 0x19, 0xDB, 0xBF, 0xA8, 0x54, 0x0D, 0xEC, 0x99, 0x81,
    0x51, 0x2D, 0x6B, 0xE5, 0x9D, 0xB9, 0x32, 0xBA, 0xD1, 0x67, 0xA7, 0xE9, 0x63, 0x4F, 0xC7, 0x72,
    0x9A, 0x26, 0xB8, 0xF4, 0xF9, 0x06, 0x55, 0x7A, 0xDA, 0xE5, 0xAF, 0xB5, 0x7E, 0xC6, 0x28, 0xC7,
    0x1F, 0x9F, 0xB1, 0x7F, 0xF9, 0x6C, 0xC6, 0x10, 0x86, 0xB2, 0x09, 0x5D, 0xD1, 0xA5, 0x5D, 0x29,
    0x63, 0xDD, 0x54, 0xAA, 0x2F, 0x4D, 0x6A, 0xB3, 0xE9, 0xFB, 0xF6, 0x2D, 0xBE, 0xCF, 0xD2, 0x9F,
    0x63, 0x99, 0xFD, 0x89, 0xD7, 0xAC, 0x42, 0xD5, 0xDC, 0x76, 0x78, 0xAB, 0x8A, 0xC7, 0x16, 0x63,
    0x31, 0xA5, 0x97, 0x92, 0x9D, 0xC3, 0xCD, 0xA2, 0xA1, 0xBA, 0x8B, 0x72, 0x8D, 0xD0, 0x7B, 0x7E,
    0x3C, 0x38, 0x97, 0x5E, 0x6F, 0xEF, 0xE8, 0x71, 0xD1, 0x65, 0x6B, 0x21, 0xE9, 0x75, 0xD6, 0x96,
    0x91, 0x6D, 0x81, 0x35, 0x2C, 0x60, 0x2E, 0xFF, 0xAA, 0xB9, 0x70, 0x6E, 0x21, 0x11, 0xB0, 0x54,
    0x37, 0x56, 0x66, 0xD1, 0x5A, 0x39, 0xE6, 0x63, 0xDA, 0xA4, 0x21, 0xAD, 0xD9, 0x90, 0xB9, 0x46,
    0x1E, 0x07, 0xDB, 0xAB, 0xDD, 0x04, 0x2B, 0x40, 0xFA, 0xC7, 0x5D, 0xB8, 0x32, 0x2F, 0x23, 0xEB,
    0x22, 0x32, 0x14, 0x51, 0x36, 0x94, 0x69, 0xAA, 0x1A, 0xD9, 0x78, 0x84, 0x69, 0x83, 0x45, 0x47,
    0x16, 0x11, 0x22, 0xC2, 0x47, 0xC8, 0xA6, 0x35, 0xF9, 0x97, 0x26, 0x6E, 0x9B, 0xB5, 0x96, 0x8A,
    0x68, 0xA9, 0x6C, 0x3D, 0x6A, 0xEA, 0x66, 0x1B, 0x2F, 0xBC, 0x3A, 0xF5, 0xA4, 0x07, 0x1F, 0xC2,
    0x8F, 0x3B, 0x38, 0x6D, 0x60, 0xEE, 0xE2, 0xA8, 0xA7, 0x6C, 0xEA, 0xDC, 0x58, 0x7B, 0xBF, 0x11,
    0x7A, 0x23, 0x45, 0x0C, 0x1D, 0x65, 0xAC, 0x1A, 0xAA, 0x76, 0x89, 0xEA, 0xB3, 0x03, 0xEA, 0xC4,
    0x69, 0x31, 0xD9, 0xCD, 0x1C, 0xCE, 0x22, 0x56, 0x65, 0x87, 0x4D, 0x18, 0x90, 0xF6, 0x41, 0x3E,
    0xD8, 0x10, 0x06, 0x8F, 0xB8, 0x31, 0x5A, 0x34, 0xA9, 0x41, 0x8F, 0x7A, 0x3B, 0x37, 0x1E, 0xF8,
    0xEB, 0xC8, 0x11, 0x3E, 0x0D, 0x3C, 0x20, 0x4C, 0x78, 0x84, 0x3D, 0x2C, 0xF1, 0x04, 0x63, 0x31,
    0x18, 0xEA, 0x31, 0x1F, 0xFE, 0x66, 0x0C, 0xDF, 0x8B, 0x7D, 0xF8, 0x27, 0x8A, 0xFF, 0xA0, 0xDC,
    0x50, 0xBD, 0x4F, 0x55, 0x33, 0xAB, 0x1A, 0x77, 0xAB, 0xD8, 0xEE, 0x17, 0xDF, 0x8E, 0xCB, 0x30,
    0x59, 0x59, 0x7F, 0x9C, 0xE6, 0xF9, 0x1A, 0xBC, 0x09, 0x5F, 0x86, 0x88, 0xEC, 0x5B, 0xC8, 0xCE,
    0x61, 0xFD, 0x22, 0x12, 0xDA, 0x11, 0x1A, 0xAE, 0x60, 0x0F, 0x8B, 0x9E, 0x45, 0xE4, 0x12, 0x76,
    0x4E, 0x57, 0x4F, 0xE0, 0xE5, 0x38, 0xF6, 0x15, 0x78, 0x0B, 0x7A, 0xE4, 0x11, 0xE1, 0x1C, 0xF9,
    0x06, 0xEE, 0xEF, 0x9A, 0x3A, 0xB5, 0xF4, 0x85, 0x86, 0xFE, 0xD8, 0x76, 0x20, 0xB9, 0x84, 0x7B,
    0x77, 0xB0, 0x77, 0x82, 0xD9, 0x45, 0x4F, 0xAF, 0x91, 0x4D, 0x28, 0x26, 0xDC, 0xBA, 0x0B, 0xFB,
    0x78, 0x2E, 0xB0, 0x78, 0x02, 0x23, 0x0C, 0xC8, 0x06, 0xE4, 0x3D, 0x42, 0x87, 0x22, 0xA2, 0x6C,
    0x51, 0xD9, 0x4D, 0xBF, 0x76, 0x1B, 0x4F, 0x0E, 0x70, 0xDA, 0x63, 0xD1, 0x00, 0x55, 0xC4, 0x1C,
    0x4E, 0x90, 0x75, 0x2F, 0xE7, 0x40, 0xE1, 0x6D, 0xE4, 0xE3, 0x0E, 0xD5, 0x55, 0x78, 0xE3, 0xE5,
    0x1F, 0x28, 0xF9, 0x00, 0x06, 0xF0, 0xD0, 0x05, 0x0A, 0xB0, 0xCB, 0x6B, 0x76, 0x61, 0x4D, 0x4A,
    0x3E, 0x76, 0xB9, 0xC7, 0x2E, 0xA3, 0x49, 0x99, 0xC7, 0x2E, 0x9D, 0xD9, 0x45, 0x33, 0x29, 0xED,
    0xD8, 0x65, 0x1D, 0x29, 0xE9, 0xD8, 0xC5, 0x31, 0xBB, 0x2C, 0x46, 0xCA, 0x38, 0xB6, 0x09, 0x87,
    0x10, 0x4D, 0xDB, 0xFC, 0x65, 0x97, 0x6D, 0x90, 0xDD, 0x27, 0x1B, 0x70, 0x82, 0x7B, 0xB8, 0xC9,
    0x2E, 0x8F, 0x48, 0x61, 0x44, 0x4A, 0x22, 0x52, 0x0C, 0x91, 0x32, 0x88, 0x14, 0x40, 0xA4, 0xF4,
    0x21, 0x45, 0x0F, 0x29, 0x77, 0x48, 0xA1, 0x43, 0x4A, 0x1C, 0x52, 0xDC, 0x90, 0xB2, 0x86, 0x14,
    0x34, 0x20, 0xD5, 0x8F, 0x7D, 0x30, 0x42, 0x1E, 0xB9, 0x18, 0x43, 0xBF, 0x19, 0xE1, 0x7E, 0x84,
    0xDF, 0x6B, 0xE1, 0xAE, 0x8B, 0x7E, 0x21, 0x3B, 0x87, 0x30, 0xB1, 0x53, 0x8C, 0x54, 0xF8, 0x4E,
    0x32, 0x76, 0x96, 0x61, 0x98, 0xD9, 0x79, 0xC6, 0x56, 0x34, 0xB6, 0xA6, 0xB1, 0x55, 0x8D, 0xAD,
    0x6B, 0x6C, 0x65, 0x43, 0xB2, 0x0D, 0x79, 0x97, 0xE6, 0xE4, 0x1B, 0x9D, 0x9D, 0x70, 0x70, 0xA9,
    0xB1, 0x23, 0xDE, 0x87, 0x01, 0x59, 0x8B, 0x4B, 0xF0, 0x1B, 0x11, 0xEF, 0x44, 0x3B, 0xD4, 0x3F,
    0x6C, 0x71, 0xF7, 0x79, 0x03, 0x91, 0x14, 0x24, 0x39, 0x88, 0x24, 0x21, 0xD2, 0x9E, 0x6C, 0x23,
    0xD9, 0xD4, 0xA9, 0xE6, 0x16, 0x24, 0x13, 0x91, 0x54, 0x44, 0x72, 0x11, 0x49, 0x46, 0x24, 0x1B,
    0xB1, 0xD3, 0x11, 0x2C, 0x00, 0x6B, 0x90, 0x38, 0x41, 0xD1, 0xFC, 0x5F, 0xF0, 0x12, 0xD9, 0x7D,
    0x28, 0x7A, 0xD8, 0x3D, 0x0B, 0xDE, 0xFD, 0x78, 0xBD, 0x84, 0x0D, 0xE4, 0x03, 0x14, 0x2D, 0x5C,
    0xE1, 0xE2, 0xB8, 0x71, 0x9E, 0x0F, 0x4C, 0xD3, 0x0F, 0xA2, 0x62, 0x9D, 0x4F, 0x54, 0xD1, 0x86,
    0x85, 0xFC, 0x9C, 0xA7, 0xCA, 0x47, 0x6C, 0xDC, 0x59, 0xC8, 0x46, 0xE3, 0x42, 0x3E, 0x84, 0xB8,
    0x10, 0x86, 0xCA, 0x5C, 0x18, 0xF6, 0x1C, 0x0A, 0x1F, 0xF6, 0x36, 0xC2, 0x7F, 0xB6, 0xD9, 0x98,
    0x1E, 0x09, 0x83, 0x6C, 0xAD, 0x8A, 0xC2, 0xB9, 0x53, 0xAA, 0x07, 0xD3, 0x9A, 0xFD, 0x57, 0xA7,
    0x16, 0x5C, 0xC7, 0x86, 0xD0, 0x53, 0x36, 0xEC, 0x60, 0xF2, 0xF3, 0x3B, 0x66, 0xD3, 0xDA, 0xFB,
    0x45, 0x6F, 0x5D, 0xF4, 0x61, 0x98, 0x0D, 0xA1, 0xFB, 0xA3, 0xA1, 0xF8, 0xFA, 0xBF, 0x0E, 0xE5,
    0x37, 0xDF, 0xEB, 0xAB, 0x3F, 0x2D, 0xBA, 0x6A, 0xAC, 0x62, 0xD9, 0xD5, 0x4D, 0xD9, 0xBD, 0x2F,
    0xFD, 0xEB, 0xC1, 0x51, 0x6B, 0x7B, 0x2D, 0xAB, 0x7E, 0xA7, 0x21, 0x7C, 0xD0, 0x90, 0x7D, 0xA3,
    0x7D, 0x29, 0x0E, 0x7E, 0xE9, 0x12, 0x55, 0xD9, 0x2A, 0xFF, 0xB8, 0x15, 0x3E, 0x68, 0x49, 0x9F,
    0xFB, 0x42, 0xBE, 0x5D, 0x47, 0x4C, 0x3D, 0x79, 0x77, 0x4C, 0x68, 0xDE, 0x79, 0x29, 0x75, 0xB8,
    0xD4, 0x70, 0xD4, 0xF1, 0x5F, 0x83, 0x3C, 0xBE, 0x2B, 0x78, 0x53, 0xE6, 0xDA, 0x8B, 0xD5, 0xB2,
    0x5E, 0x62, 0xB9, 0x87, 0x5B, 0xB7, 0x71, 0xF9, 0xB5, 0x8B, 0x1A, 0x38, 0x6D, 0xDC, 0x98, 0xA6,
    0xB5, 0xD0, 0x3B, 0x51, 0x74, 0xDE, 0xB1, 0xBD, 0xB6, 0xDA, 0x8B, 0x77, 0xD7, 0x74, 0x96, 0xA6,
    0x0D, 0x87, 0xB0, 0x82, 0x35, 0x8C, 0xC8, 0x07, 0xFF, 0x5F, 0x18, 0x2C, 0xA5, 0x95, 0x52, 0xAF,
    0x0F, 0xDC, 0xBF, 0x6F, 0x7C, 0xE2, 0xE0, 0xC0, 0xDE, 0x3D, 0xAF, 0x7D, 0x7A, 0xE7, 0x07, 0xA7,
    0x67, 0xF9, 0x38, 0x2F, 0xE2, 0xDD, 0xAA, 0xB9, 0x3B, 0xB3, 0xAA, 0x1F, 0x3C, 0x5E, 0x3C, 0xB6,
    0xCF, 0xBE, 0xEB, 0x73, 0xEF, 0x2E, 0x3E, 0xDB, 0xCD, 0xA6, 0xB6, 0x38, 0x43, 0x96, 0xA6, 0x62,
    0xC2, 0xD5, 0xD0, 0x70, 0x33, 0x4D, 0x2F, 0x81, 0xD9, 0xDB, 0x84, 0x33, 0xAA, 0x1F, 0x72, 0xBB,
    0xE0, 0xAD, 0xC0, 0xB5, 0xEC, 0x39, 0xBB, 0x39, 0xF3, 0x8C, 0xDF, 0xB3, 0x02, 0x3C, 0xAB, 0xC0,
    0xCC, 0xCA, 0xB3, 0x1A, 0x2C, 0x1E, 0xB3, 0x4F, 0x2A, 0xC3, 0xB3, 0x3A, 0x3C, 0x2B, 0xC4, 0xB3,
    0x4A, 0xA4, 0x52, 0xAC, 0xF6, 0xD8, 0xBF, 0xC3, 0xD5, 0x5B, 0x14, 0x57, 0x7E, 0xE5, 0x41, 0xEE,
    0xA5, 0xAC, 0x29, 0x3F, 0x88, 0xE1, 0x83, 0x98, 0x7D, 0x2B, 0xFA, 0x72, 0xFC, 0x05, 0x83, 0xDC,
    0xF7, 0x09, 0x53, 0xA3, 0xFC, 0xED, 0xD6, 0x6B, 0x59, 0xFB, 0xAB, 0x66, 0x73, 0xA9, 0x51, 0x0F,
    0xDE, 0x1F, 0xF5, 0x6F, 0xE5, 0xF1, 0x33, 0x19, 0xBF, 0x18, 0x5E, 0x3E, 0x0C, 0x18, 0x8E, 0x71,
    0xEF, 0x21, 0x6E, 0xBE, 0xF5, 0x72, 0x1C, 0xF8, 0xED, 0xEB, 0x2C, 0xF7, 0x77, 0xAF, 0xED, 0x0A,
    0xC5, 0xFF, 0x7B, 0x31, 0xC1, 0x95, 0xAF, 0x51, 0x9D, 0xE1, 0xCE, 0x55, 0xBC, 0x79, 0xF9, 0xE5,
    0xD4, 0xE1, 0x3A, 0xD9, 0x44, 0xF1, 0xC3, 0xD6, 0xD5, 0xBC, 0x75, 0x33, 0x6B, 0xF1, 0x82, 0xB5,
    0x8C, 0x4F, 0x76, 0x7E, 0x9C, 0x1A, 0x9B, 0x2B, 0x37, 0x5D, 0x68, 0xCD, 0x73, 0xA9, 0xA1, 0x12,
    0x7A, 0xD9, 0x4B, 0xCA, 0xA5, 0x4C, 0x53, 0xD5, 0x86, 0x4E, 0x32, 0x2F, 0xB5, 0xBA, 0xB1, 0x98,
    0xD6, 0x2C, 0xA6, 0x9E, 0xC3, 0x6C, 0x64, 0x65, 0xCD, 0xDA, 0x86, 0xD1, 0x4A, 0x36, 0x58, 0x6D,
    0x5B, 0xB3, 0x1C, 0x3C, 0x72, 0x74, 0x96, 0x9E, 0xB8, 0xFF, 0xF6, 0xF6, 0xA3, 0x0F, 0xEE, 0x71,
    0xFB, 0x9E, 0xDD, 0x91, 0x22, 0xDF, 0xCC, 0x9A, 0x6A, 0x3C, 0x6D, 0xDF, 0xF8, 0xCB, 0x7F, 0x71,
    0xED, 0x27, 0xF8, 0x77, 0xB2, 0xEF, 0x90, 0x8F, 0x84, 0x81, 0xD0, 0x5F, 0xFC, 0x06, 0x57, 0x0D,
    0x33, 0x90, 0x9D, 0xA1, 0x9C, 0x70, 0xAB, 0x90, 0x5A, 0xFD, 0xE5, 0xD4, 0xE1, 0x6D, 0xC2, 0xF9,
    0xF6, 0x88, 0xB9, 0x79, 0xE1, 0x88, 0xF9, 0xE5, 0x6B, 0x29, 0x3F, 0xE8, 0x08, 0xDF, 0xEE, 0xD0,
    0x77, 0x78, 0xB7, 0x7B, 0x39, 0xD1, 0xE6, 0xF5, 0x4B, 0xDC, 0xAD, 0xA8, 0x2A, 0x8A, 0xCF, 0x91,
    0xBF, 0xF7, 0x82, 0x31, 0x66, 0xD9, 0x63, 0xB1, 0xC6, 0xC9, 0x1B, 0x88, 0x9F, 0x7E, 0x39, 0x75,
    0xF8, 0x14, 0x4E, 0xA3, 0xFC, 0xA7, 0x9D, 0xD0, 0x74, 0x2E, 0xEB, 0xBC, 0xE2, 0xC5, 0x6A, 0x79,
    0x75, 0x7A, 0xAC, 0x9E, 0x36, 0x9E, 0x5A, 0x19, 0x1D, 0x64, 0x83, 0xB7, 0xB2, 0x81, 0x6C, 0x8D,
    0xA9, 0xA5, 0x5E, 0x93, 0x4D, 0xA8, 0x5B, 0xCA, 0xF8, 0x19, 0x65, 0xDC, 0x93, 0x7E, 0x52, 0xFF,
    0x9D, 0x4A, 0x5F, 0xAC, 0x1B, 0xD3, 0x63, 0x3C, 0x97, 0x8D, 0xDC, 0xC6, 0x43, 0xB2, 0x16, 0x0F,
    0xFA, 0x7C, 0x1A, 0x8B, 0x6E, 0x5D, 0x36, 0xC7, 0x65, 0xAB, 0xE8, 0x65, 0x67, 0xD2, 0x5A, 0x45,
    0xBC, 0x16, 0xE2, 0x41, 0x88, 0xAB, 0x32, 0x1E, 0x4D, 0x66, 0x23, 0x84, 0x56, 0x19, 0xE5, 0x51,
    0x68, 0xBD, 0xCE, 0x4E, 0xC3, 0x2D, 0xA6, 0xE9, 0xDC, 0x41, 0xE8, 0x6E, 0x19, 0xD2, 0x07, 0xAB,
    0x76, 0x77, 0x28, 0xB3, 0x06, 0x35, 0xCC, 0x61, 0x1F, 0x56, 0xB0, 0x81, 0x35, 0xB2, 0xDD, 0x1D,
    0x4A, 0xE8, 0x71, 0x63, 0xBC, 0x10, 0xC7, 0x96, 0x8D, 0xDD, 0x4A, 0xA1, 0x45, 0x09, 0x9F, 0x01,
    0x33, 0xEE, 0xB2, 0xAF, 0x9A, 0x86, 0x6A, 0x1A, 0x3C, 0x61, 0x64, 0x90, 0x0D, 0xF2, 0xFE, 0xB9,
    0x5B, 0xE0, 0xBD, 0xA6, 0xFA, 0x33, 0xD5, 0x5A, 0xD9, 0xEE, 0x96, 0xAB, 0x12, 0xBC, 0x82, 0x3B,
    0x80, 0xAC, 0x3B, 0x80, 0x1F, 0xF5, 0x70, 0xD4, 0xFE, 0xEC, 0x88, 0x4B, 0x12, 0x85, 0xB5, 0x07,
    0x9D, 0xD0, 0xA7, 0xA2, 0x8A, 0xA8, 0xA6, 0x8C, 0x16, 0x12, 0xDE, 0x3E, 0x55, 0x63, 0x49, 0xCD,
    0x4A, 0xDA, 0x8F, 0xB5, 0x34, 0x8F, 0x1C, 0x26, 0xA4, 0x6D, 0xFB, 0x4A, 0x9E, 0xC1, 0x98, 0x9E,
    0xCE, 0x87, 0xF4, 0x74, 0x18, 0xD2, 0xD3, 0x37, 0xC6, 0xB4, 0xF0, 0xD1, 0x59, 0x3E, 0x8D, 0x68,
    0xAF, 0xD3, 0x1F, 0x6F, 0x23, 0xAE, 0xC5, 0xC5, 0x88, 0xEB, 0x1C, 0x4F, 0xB1, 0x87, 0x03, 0x9C,
    0x60, 0xA8, 0xDB, 0xEC, 0xC3, 0xA9, 0xCB, 0xFF, 0xF1, 0xBD, 0x3E, 0xFC, 0x5D, 0xE8, 0xC2, 0x57,
    0x8A, 0x58, 0xBC, 0x5B, 0xC6, 0xF2, 0x71, 0xD5, 0x54, 0x71, 0xF6, 0xDC, 0x21, 0xBC, 0xBC, 0x36,
    0xF7, 0xD1, 0xB8, 0x6F, 0x8A, 0x4B, 0x1F, 0xF9, 0x6F, 0x05, 0xC1, 0x21, 0x6C, 0xAB, 0x40, 0x1C,
    0xC0, 0xE1, 0x1F, 0xF0, 0xF2, 0x9A, 0xF4, 0x36, 0x8E, 0x4C, 0x0F, 0xF0, 0x49, 0x01, 0x04, 0x02,
    0x01, 0xBD, 0xBF, 0x37, 0xC3, 0xAB, 0xCD, 0x9B, 0x49, 0x04, 0x1B, 0x97, 0x79, 0xAF, 0xE7, 0x55,
    0x7D, 0x96, 0xF4, 0x92, 0xF9, 0xA4, 0xC9, 0x7C, 0x82, 0x57, 0x88, 0x89, 0x89, 0x5B, 0xD9, 0xF7,
    0x7D, 0xF4, 0xB1, 0x8A, 0x56, 0xE5, 0x32, 0x1A, 0xF8, 0x89, 0xBC, 0x4E, 0x5B, 0xA5, 0xDE, 0x6C,
    0xFE, 0x25, 0xED, 0x46, 0xDD, 0x31, 0xFB, 0xB3, 0x4F, 0x82, 0xFA, 0xB6, 0x39, 0x98, 0xEF, 0xFC,
    0x32, 0xFD, 0x4E, 0x85, 0x92, 0xA3, 0xB6, 0xBD, 0x96, 0x4A, 0x8C, 0x0B, 0x5D, 0xE4, 0x4A, 0x20,
    0x97, 0xDA, 0x0D, 0xEE, 0xC9, 0x96, 0xEC, 0x3E, 0x17, 0xFD, 0x60, 0xD3, 0x82, 0xE6, 0x44, 0x13,
    0xD3, 0x8D, 0xE4, 0x0B, 0xDA, 0xD2, 0x15, 0x65, 0xA6, 0xE3, 0x68, 0x1F, 0x7A, 0x75, 0x4D, 0x55,
    0xB3, 0x4B, 0x82, 0xFF, 0xED, 0xC9, 0x8F, 0x0C, 0xAC, 0xAC, 0xC1, 0x62, 0xA4, 0xC4, 0xD0, 0xD3,
    0x69, 0x5E, 0x2A, 0xA6, 0x8C, 0x8C, 0x0A, 0xC5, 0x3D, 0xEF, 0x20, 0xA1, 0x28, 0xB4, 0x0B, 0x2E,
    0x77, 0xEE, 0x15, 0x86, 0xD0, 0xEE, 0x39, 0x30, 0xCA, 0xEC, 0x8E, 0x24, 0xFF, 0x1E, 0x6F, 0x9E,
    0xC7, 0x79, 0xAD, 0xAC, 0xD9, 0xCC, 0xF5, 0xBC, 0xC9, 0x1F, 0xC5, 0xDA, 0x01, 0x64, 0x6D, 0x79,
    0x7E, 0x07, 0xF0, 0xCF, 0x39, 0xFF, 0xC9, 0x3B, 0x3B, 0xEF, 0x74, 0xDE, 0x09, 0x52, 0xB6, 0x7D,
    0x2F, 0x73, 0x07, 0x8B, 0x2C, 0xC9, 0xDC, 0xC1, 0x43, 0x68, 0x92, 0x7B, 0x56, 0xB1, 0xC5, 0x6A,
    0x43, 0x07, 0xA0, 0x2C, 0x06, 0x0B, 0xDD, 0x17, 0x0C, 0x1E, 0x4D, 0x26, 0x67, 0x0A, 0x05, 0x6C,
    0x00, 0x00, 0x83, 0xC5, 0x02, 0x1B, 0x3C, 0x8C, 0x36, 0xFB, 0x72, 0x6C, 0xAD, 0x61, 0x4B, 0x7B,
    0xBA, 0x05, 0x68, 0xEB, 0x68, 0x55, 0x51, 0xF4, 0xB4, 0xAE, 0xBA, 0x5B, 0xF7, 0xE6, 0x34, 0xE7,
    0xFC, 0x81, 0x87, 0xA9, 0x36, 0xB9, 0x79, 0xF0, 0x27, 0xC8, 0xF1, 0xFB, 0x7C, 0xBF, 0xFE, 0xBF,
    0x73, 0x73, 0x05, 0xAF, 0x91, 0xDC, 0x20, 0xF4, 0xC8, 0x5E, 0xA0, 0x98, 0x62, 0x77, 0x82, 0x97,
    0x13, 0x74, 0x13, 0x92, 0x66, 0x52, 0x0A, 0x75, 0x51, 0xCA, 0xFB, 0xBE, 0x34, 0xE9, 0xFB, 0xCA,
    0x81, 0xA2, 0xF2, 0x72, 0x38, 0x3A, 0x45, 0x9D, 0x36, 0x8A, 0xFA, 0x69, 0x63, 0xD2, 0x9C, 0x2F,
    0xF4, 0x0B, 0x20, 0x6D, 0x91, 0x75, 0x08, 0x0D, 0xF2, 0xEE, 0xD2, 0x6C, 0xD9, 0x59, 0xE5, 0x6D,
    0xE8, 0x42, 0x9D, 0xD7, 0x59, 0x5D, 0x54, 0x79, 0x35, 0x55, 0x94, 0x47, 0x66, 0x4E, 0xFD, 0xD0,
    0xA9, 0x7F, 0x70, 0x15, 0x76, 0xB7, 0xCE, 0xB6, 0x0F, 0x5F, 0xCD, 0x16, 0xE7, 0xCD, 0xA4, 0x39,
    0x03, 0x49, 0x47, 0x98, 0x13, 0x3A, 0x94, 0x60, 0x56, 0x62, 0x56, 0x23, 0x8C, 0x47, 0x85, 0x3D,
    0x60, 0x9D, 0xAE, 0xDF, 0xC4, 0xAC, 0x66, 0xDA, 0x90, 0xD6, 0x84, 0x8A, 0x6F, 0xE3, 0x6E, 0x3E,
    0x9F, 0x40, 0xDA, 0xA1, 0xF8, 0xB3, 0x0A, 0xB3, 0x5F, 0xC0, 0x7F, 0x34, 0xA3, 0xAC, 0x03, 0x00,
    0x51, 0x17, 0x79, 0xD1, 0x17, 0x81, 0x51, 0x18, 0x89, 0xD1, 0x18, 0x91, 0x51, 0x19, 0x99, 0xD1,
    0x19, 0xA1, 0x51, 0x1A, 0xA9, 0xA3, 0xD5, 0x88, 0x35, 0x6A, 0x45, 0x2E, 0xFC, 0x00, 0x16, 0x6C,
    0x84, 0x86, 0xE9, 0x57, 0xF8, 0x93, 0x9A, 0xA4, 0x6D, 0xC9, 0xCA, 0x4B, 0x10, 0xED, 0x23, 0x7E,
    0xD0, 0x1B, 0xF8, 0x06, 0xBF, 0x21, 0x00, 0x43, 0x02, 0x8E, 0xCC, 0x8C, 0x19, 0x8C, 0x21, 0x8C,
    0x29, 0x18, 0x62, 0x30, 0xE4, 0x20, 0x06, 0xE1, 0x14, 0xF6, 0x36, 0xF0, 0x64, 0x5A, 0xE1, 0x2F,
    0x6A, 0xD2, 0xA6, 0x25, 0x71, 0xBC, 0xEE, 0x6A, 0x3F, 0xC1, 0x29, 0xB6, 0x8B, 0xD2, 0xBB, 0xB3,
    0x9A, 0xFF, 0x6A, 0x84, 0xBA, 0x95, 0xD8, 0xBC, 0x4B, 0xB5, 0x45, 0x05, 0x93, 0x16, 0x92, 0x16,
    0x8F, 0x92, 0x06, 0xD3, 0xBF, 0x2A, 0xA3, 0x2F, 0x02, 0xA3, 0xF0, 0xAD, 0x14, 0xFC, 0xB8, 0x44,
    0xD1, 0xE1, 0x71, 0x07, 0x1D, 0xC5, 0xE7, 0x0D, 0xB3, 0x5F, 0x1A, 0x33, 0x18, 0x43, 0x90, 0xD8,
    0xBC, 0xB7, 0x96, 0x1D, 0x3D, 0xC3, 0xF5, 0x1C, 0x3F, 0x6F, 0xB1, 0x01, 0xE7, 0x15, 0xC9, 0x3F,
    0xD5, 0x24, 0xCA, 0x75, 0x57, 0x6D, 0xEB, 0x1B, 0xFC, 0xF4, 0x27, 0x7C, 0x7E, 0xC1, 0x6F, 0xE3,
    0xBA, 0x92, 0xFE, 0xAA, 0x96, 0x28, 0xEF, 0x50, 0x75, 0x51, 0x61, 0x56, 0xC7, 0x7B, 0xFB, 0xC6,
    0xB5, 0x7D, 0xD8, 0x4D, 0x6B, 0x03, 0xD3, 0x9A, 0xF3, 0x7A, 0xBC, 0xA8, 0xA1, 0xBC, 0xE4, 0xDE,
    0x37, 0xB0, 0x05, 0xD2, 0x06, 0xA1, 0x24, 0xF9, 0xC5, 0x25, 0x49, 0xDF, 0xE0, 0xBA, 0x5C, 0xB7,
    0xD7, 0x22, 0x9A, 0x43, 0xC9, 0xC6, 0xA6, 0xB4, 0x3A, 0x91, 0xFC, 0x6D, 0xCD, 0x6B, 0x77, 0x74,
    0x7E, 0x09, 0xFB, 0xB0, 0x0B, 0xDF, 0xDB, 0x1C, 0x4C, 0xED, 0xDA, 0x4D, 0x9F, 0xE0, 0x25, 0x0E,
    0xF0, 0x8C, 0xE4, 0xF7, 0x3E, 0xB8, 0x47, 0x53, 0x5E, 0xA1, 0x68, 0xA0, 0xC6, 0xA3, 0x92, 0xA4,
    0x7E, 0xA0, 0xB2, 0x1E, 0x95, 0x3C, 0x6A, 0xD0, 0x92, 0xD6, 0x3C, 0x3E, 0xBE, 0x47, 0xD8, 0x67,
    0xDF, 0x44, 0xDF, 0xA2, 0xFC, 0x60, 0x30, 0xB5, 0x83, 0xA9, 0xC6, 0xB5, 0x75, 0x9A, 0xBE, 0xF9,
    0x0D, 0xFE, 0xED, 0x4B, 0xAA, 0x0B, 0x6C, 0xDE, 0xA3, 0xA7, 0xDE, 0x41, 0x73, 0x89, 0xBE, 0xC1,
    0x79, 0xF9, 0xF6, 0x16, 0x48, 0xFD, 0x4C, 0x52, 0x3F, 0x97, 0xFC, 0x4B, 0x47, 0x5F, 0xF3, 0x99,
    0x7B, 0x5F, 0x20, 0xD3, 0xBE, 0x5F, 0x7A, 0xDA, 0xF7, 0x0B, 0xA1, 0xF5, 0x4A, 0xD6, 0xF8, 0xBE,
    0xBC, 0x46, 0x51, 0xA1, 0x28, 0x31, 0x85, 0x59, 0xBF, 0x1A, 0x8E, 0x25, 0x67, 0x70, 0x05, 0x0B,
    0x98, 0x23, 0xED, 0xFC, 0x96, 0xD0, 0x39, 0x8D, 0x4F, 0x3A, 0xEF, 0xFB, 0x0E, 0x10, 0x1F, 0x10,
    0x1F, 0x85, 0xA7, 0x73, 0xD7, 0xAB, 0x74, 0x7E, 0x94, 0xD5, 0x1F, 0x16, 0xE5, 0x87, 0x13, 0x57,
    0xD3, 0x17, 0x17, 0xB3, 0x0B, 0x87, 0x1C, 0xDA, 0x3A, 0x72, 0x32, 0xFB, 0x4E, 0x33, 0xE9, 0xAB,
    0x6C, 0x05, 0x69, 0x23, 0xEB, 0x64, 0x2D, 0x60, 0x81, 0xF4, 0x06, 0xDE, 0x87, 0x67, 0xD0, 0xC2,
    0x5A, 0x11, 0xC9, 0xB1, 0xB0, 0x94, 0xAE, 0xD8, 0x65, 0x5F, 0xDA, 0xF8, 0xBF, 0x29, 0x42, 0x5D,
    0x53, 0xFC, 0x67, 0xCD, 0xB3, 0xF3, 0x92, 0x9D, 0x0F, 0xC1, 0xFA, 0xC7, 0x56, 0x2A, 0x7E, 0x5E,
    0x99, 0xFE, 0x6B, 0x69, 0xFF, 0x9A, 0x93, 0x1D, 0xE2, 0xE4, 0x5C, 0xAF, 0xDC, 0xCE, 0xEE, 0x76,
    0x78, 0xB7, 0xD3, 0x9B, 0xB8, 0x72, 0x3B, 0xBF, 0x5B, 0x80, 0x43, 0x23, 0xC1, 0xAD, 0xC1, 0x2D,
    0xC2, 0xAD, 0xC2, 0xC8, 0x40, 0x7A, 0x21, 0x4E, 0xC6, 0xD5, 0x1E, 0xD2, 0xD5, 0x26, 0xF2, 0x3F,
    0x80, 0xBD, 0x50, 0xF2, 0xA6, 0x4C, 0x1C, 0x28, 0xDA, 0x22, 0x2E, 0xEA, 0x14, 0x95, 0xE8, 0xC3,
    0x94, 0x28, 0x14, 0x89, 0xD1, 0x18, 0x91, 0x51, 0x19, 0x99, 0xD1, 0x19, 0xA1, 0xF1, 0xC1, 0x91,
    0x0A, 0x8F, 0x2A, 0x14, 0x15, 0x1F, 0x1F, 0x92, 0x2C, 0x3F, 0x25, 0x5B, 0xE2, 0xFD, 0x27, 0x78,
    0x9E, 0x43, 0xB4, 0x1B, 0xF1, 0xA3, 0x7E, 0xE4, 0x8F, 0xFE, 0x31, 0x80, 0x31, 0x81, 0x31, 0x02,
    0x87, 0x62, 0x08, 0xC6, 0x14, 0xC6, 0x18, 0xC6, 0x1C, 0x62, 0x10, 0x83, 0x06, 0xDD, 0x16, 0x4E,
    0x56, 0x08, 0xFF, 0x88, 0x22, 0xC7, 0x56, 0xB2, 0xEE, 0x5A, 0x1F, 0x95, 0x84, 0x9A, 0xA4, 0xF9,
    0x92, 0x3F, 0x5C, 0x52, 0xFC, 0x11, 0xBB, 0x05, 0x9B, 0xC9, 0x9D, 0xAA, 0x3D, 0x03, 0xD7, 0x20,
    0x87, 0x6F, 0xE5, 0xB0, 0xDA, 0x8F, 0xBE, 0x08, 0x8C, 0xC2, 0xB7, 0x53, 0xF0, 0x27, 0xD0, 0xC3,
    0x4F, 0x21, 0xC7, 0x62, 0x9B, 0xB0, 0xFC, 0x3E, 0xC5, 0x1F, 0xE3, 0xA0, 0xC0, 0x66, 0x72, 0x6F,
    0x2D, 0x4B, 0xE6, 0x0D, 0xA1, 0xAF, 0x79, 0x3C, 0x29, 0xF1, 0x31, 0xD2, 0x25, 0x8A, 0xDF, 0x7F,
    0x90, 0xAA, 0x25, 0x65, 0x29, 0xFF, 0xF3, 0xCA, 0x37, 0xDE, 0x25, 0xF9, 0x31, 0xD9, 0x92, 0xBD,
    0x6D, 0x36, 0x37, 0xEE, 0x52, 0xF5, 0x15, 0xD2, 0x15, 0xF2, 0x1F, 0x61, 0x2F, 0x2B, 0x01, 0x1E,
    0xFC, 0x4D, 0xE0, 0x63, 0x92, 0x65, 0x74, 0x0D, 0x17, 0x75, 0x3F, 0xBF, 0xFB, 0x86, 0x6A, 0xC8,
    0x3A, 0xB2, 0x16, 0x60, 0x81, 0x1E, 0x05, 0x9E, 0xE0, 0xC7, 0x44, 0x29, 0x4F, 0x17, 0x84, 0x86,
    0xAC, 0x26, 0xAF, 0x23, 0x72, 0x52, 0x32, 0xC5, 0x0C, 0x47, 0x38, 0x8D, 0x3C, 0x0B, 0xCC, 0x47,
    0x9B, 0xD0, 0xC5, 0x11, 0xCF, 0x57, 0xD8, 0x60, 0xD2, 0x78, 0xDA, 0xD1, 0x4A, 0x6A, 0x4F, 0xC0,
    0xCF, 0x64, 0x2B, 0xD3, 0x2B, 0xCF, 0xAF, 0x98, 0xD3, 0x49, 0x3B, 0xA1, 0x31, 0xFE, 0x91, 0xA6,
    0xF8, 0x8E, 0xC9, 0x0F, 0x4D, 0xE7, 0xA6, 0xD5, 0xFD, 0x8D, 0x41, 0xFC, 0xB5, 0x9A, 0xA2, 0x44,
    0x56, 0x2B, 0x5A, 0x93, 0x46, 0x5E, 0xF1, 0x75, 0x33, 0x65, 0x6F, 0xCE, 0x04, 0x07, 0xDC, 0xF0,
    0x33, 0x36, 0x91, 0x5C, 0xB7, 0x14, 0xFD, 0x0D, 0xE7, 0xE5, 0x79, 0x99, 0x2C, 0x15, 0x75, 0xE8,
    0x64, 0x4D, 0x5E, 0x0B, 0x6D, 0x51, 0x09, 0xED, 0x94, 0xD0, 0xCE, 0x86, 0xE3, 0x88, 0xAC, 0x39,
    0x1A, 0x18, 0x47, 0x14, 0xC3, 0x31, 0x2D, 0x67, 0x1C, 0x0D, 0x9E, 0xA5, 0xA2, 0xCD, 0x3B, 0xA1,
    0xEF, 0x2B, 0x5E, 0x2C, 0x00, 0xCE, 0xE0, 0xB5, 0x68, 0x14, 0xBB, 0xBF, 0x91, 0xCE, 0xA7, 0xB2,
    0xA6, 0x28, 0x8B, 0xAA, 0xA8, 0x26, 0x8A, 0xF8, 0xB9, 0xC6, 0xC4, 0xA1, 0xA9, 0x43, 0x47, 0x8E,
    0x2C, 0x4D, 0xC3, 0x5C, 0xD1, 0x37, 0xD2, 0x1B, 0x30, 0x68, 0xE4, 0x2D, 0x79, 0x43, 0x02, 0x42,
    0x8B, 0xB0, 0x8C, 0x24, 0x3C, 0x47, 0x7A, 0x01, 0xEB, 0x75, 0x1D, 0xE3, 0x06, 0xD7, 0x28, 0xB0,
    0x8D, 0x96, 0x3B, 0xFA, 0x1E, 0x95, 0x30, 0x45, 0x32, 0xFF, 0x14, 0xD9, 0xB2, 0xC4, 0xFB, 0xBB,
    0xF0, 0xF2, 0x09, 0x00, 0x44, 0x9D, 0xC8, 0x8B, 0x3E, 0x23, 0xD0, 0x28, 0x34, 0x12, 0x8D, 0x46,
    0x23, 0xD2, 0xA8, 0x34, 0x32, 0x8D, 0x4E, 0x23, 0xD4, 0x28, 0x35, 0x52, 0xA3, 0x35, 0x62, 0xA3,
    0x36, 0x72, 0x21, 0xFD, 0x02, 0x59, 0xC3, 0x56, 0x81, 0xD7, 0xBB, 0xA4, 0xFF, 0x8E, 0xFC, 0xBB,
    0x25, 0xDB, 0xA1, 0x42, 0xB4, 0x1B, 0xF1, 0xA3, 0x7E, 0xE4, 0x1B, 0xFC, 0x86, 0x00, 0xC4, 0x2F,
    0x2D, 0x4C, 0x8C, 0x19, 0x8C, 0x21, 0x8C, 0x29, 0x8C, 0x31, 0x8C, 0x39, 0xC4, 0x20, 0xE4, 0x35,
    0x42, 0x7D, 0x8C, 0xBF, 0x5B, 0xA0, 0x38, 0xC5, 0xC1, 0x36, 0x8E, 0x37, 0xD6, 0x5D, 0x6D, 0x72,
    0x41, 0xDA, 0xE1, 0xF2, 0x90, 0x0F, 0x6E, 0x08, 0x7F, 0x43, 0x11, 0x4A, 0x5B, 0x49, 0x79, 0x97,
    0x6A, 0x17, 0x48, 0x56, 0xB0, 0x8D, 0x2F, 0x9E, 0x11, 0x16, 0xED, 0xC3, 0xD2, 0xF0, 0x6D, 0x98,
    0x55, 0x98, 0xD6, 0x08, 0x15, 0x67, 0x39, 0x6E, 0xBE, 0x15, 0xA1, 0xA3, 0x74, 0xA4, 0xDE, 0x53,
    0x95, 0xC2, 0xAF, 0x2A, 0x8A, 0x1E, 0xCF, 0xCE, 0x90, 0x1C, 0x23, 0x9B, 0x63, 0xEF, 0x00, 0x9B,
    0xEF, 0x3C, 0xC0, 0x55, 0xDD, 0x14, 0x5E, 0x37, 0x36, 0x1E, 0x95, 0xFC, 0x84, 0x74, 0x45, 0x91,
    0xF3, 0x4E, 0x72, 0x87, 0xAB, 0x9A, 0xCC, 0x11, 0x3F, 0x7E, 0xEE, 0xBE, 0x71, 0x37, 0x1F, 0x7A,
    0x9D, 0xDA, 0xC2, 0xEB, 0x78, 0x1D, 0x87, 0xDB, 0xB8, 0x9D, 0x56, 0xEE, 0x7D, 0xCD, 0x2A, 0x6A,
    0x1C, 0xC1, 0xAB, 0x5D, 0x92, 0x66, 0x0F, 0xC6, 0xE3, 0xE0, 0xD6, 0xDB, 0xB7, 0x8A, 0xBE, 0x1F,
    0xBD, 0xF5, 0xE0, 0x6D, 0x06, 0x6F, 0xFB, 0xBF, 0x7B, 0xAB, 0xC1, 0xEB, 0x6B, 0xBC, 0xC9, 0x31,
    0x59, 0x4B, 0xF1, 0x03, 0x0E, 0x4E, 0x39, 0x39, 0xC0, 0x2B, 0x4F, 0xFB, 0xE6, 0xFF, 0x67, 0x9B,
    0x41, 0x01, 0x79, 0xB9, 0x4B, 0xA8, 0x1E, 0xC6, 0xB1, 0x51, 0x92, 0xD7, 0x84, 0x7A, 0x47, 0xD2,
    0x9C, 0xF2, 0xC5, 0x5D, 0x1C, 0x6F, 0xBC, 0xF6, 0x76, 0xF1, 0x7C, 0x8F, 0xF4, 0x62, 0xDD, 0x8E,
    0x37, 0x5E, 0x7B, 0x3B, 0x6C, 0x9F, 0xD2, 0xDE, 0xD1, 0x92, 0xFF, 0x6E, 0xC5, 0xF4, 0x2B, 0x3C,
    0xBF, 0xD9, 0xE5, 0xE4, 0xF4, 0x61, 0x3A, 0x51, 0x1E, 0x0B, 0x6D, 0xA3, 0xF8, 0xEF, 0x85, 0xDF,
    0x98, 0x2D, 0xED, 0x3C, 0xB9, 0xA3, 0x83, 0x5D, 0x58, 0xF7, 0xF4, 0x5F, 0xB3, 0x09, 0xEC, 0xE0,
    0x14, 0x6F, 0x48, 0xEE, 0xBE, 0x01, 0x8A, 0xBE, 0x9A, 0x2E, 0xF3, 0x5F, 0x7B, 0xDA, 0xA6, 0x9D,
    0x50, 0x85, 0x56, 0x56, 0x86, 0x46, 0x2E, 0xAB, 0x15, 0x8A, 0xDA, 0x7B, 0x8A, 0xCA, 0x33, 0x93,
    0xD2, 0x81, 0x29, 0xFB, 0x8E, 0xF8, 0xD4, 0x21, 0x97, 0xCE, 0x68, 0x9D, 0x49, 0x1A, 0x9F, 0x09,
    0xB5, 0x59, 0x35, 0x65, 0xD2, 0x2F, 0x49, 0xFB, 0x06, 0x60, 0x8E, 0x74, 0x81, 0xA4, 0x43, 0xB2,
    0x34, 0xCF, 0x97, 0x49, 0xF7, 0xE1, 0x55, 0xDA, 0x7D, 0xB4, 0x08, 0xAD, 0x2E, 0x6B, 0xD2, 0x2E,
    0xAF, 0x43, 0x5B, 0xD4, 0xA1, 0x9E, 0x54, 0x79, 0xFD, 0x3B, 0xB7, 0x9A, 0x17, 0x8A, 0xF2, 0xAF,
    0xDF, 0x29, 0xBE, 0xBB, 0x7D, 0x5A, 0xAC, 0xA6, 0x5D, 0x36, 0x9F, 0x96, 0xE0, 0x25, 0x96, 0x58,
    0x62, 0x13, 0x8A, 0x0B, 0x14, 0x1D, 0x74, 0xD0, 0x22, 0x2F, 0xB1, 0x66, 0xD7, 0x16, 0xCE, 0x4B,
    0x5E, 0xD4, 0x84, 0x8A, 0x1C, 0xFB, 0xDC, 0xCD, 0x37, 0x03, 0x0B, 0x48, 0xDA, 0xA4, 0x21, 0x94,
    0x69, 0x1B, 0x7F, 0x82, 0xD0, 0x0C, 0xA2, 0xBE, 0x2A, 0x7E, 0x6D, 0xBA, 0x32, 0x9A, 0x84, 0x56,
    0x28, 0x85, 0x46, 0x26, 0xB2, 0xE4, 0xB5, 0x27, 0x06, 0xD8, 0xB6, 0x41, 0xB6, 0x2B, 0xD2, 0xA2,
    0x2D, 0xE2, 0xA2, 0x2E, 0xF2, 0xA2, 0x6F, 0x04, 0x0E, 0xC2, 0x95, 0x48, 0x04, 0x1F, 0x23, 0x9D,
    0x23, 0xAB, 0x4F, 0x28, 0x2C, 0xD8, 0xF1, 0x0A, 0x49, 0x97, 0x2C, 0xF5, 0xD5, 0xC0, 0x34, 0x38,
    0x8D, 0xD0, 0x41, 0x6A, 0xA0, 0x1A, 0xAC, 0x06, 0xAC, 0x41, 0x6B, 0xE0, 0x8E, 0x5E, 0x03, 0xD8,
    0x20, 0x16, 0xC9, 0xAE, 0xC0, 0x01, 0xD8, 0x96, 0x34, 0x3C, 0xF6, 0x16, 0xCD, 0x49, 0x89, 0xD0,
    0x8E, 0x44, 0x27, 0x5C, 0x5A, 0xF0, 0xFC, 0x9E, 0xCD, 0xC5, 0x05, 0x14, 0x1D, 0xE8, 0x92, 0x06,
    0xED, 0x60, 0xCE, 0xCB, 0xB7, 0x62, 0xB6, 0x05, 0xE7, 0x25, 0x5E, 0xD4, 0x08, 0xD5, 0x09, 0xB9,
    0x05, 0xFB, 0xF7, 0x0C, 0xDF, 0x7B, 0x0C, 0xE7, 0xDF, 0x83, 0x7F, 0x5E, 0x24, 0x8D, 0xA4, 0xEE,
    0xDE, 0x62, 0xD9, 0x8E, 0x37, 0x49, 0xE6, 0x1F, 0x11, 0x56, 0xDD, 0x89, 0x7C, 0xD2, 0x2C, 0xBC,
    0x97, 0x95, 0xF7, 0x6B, 0x26, 0x69, 0xE0, 0x6D, 0x3A, 0xC1, 0x1C, 0xD2, 0x85, 0x51, 0x07, 0x70,
    0x02, 0x0B, 0xB8, 0x6F, 0x35, 0x2F, 0x61, 0x19, 0x0F, 0x6C, 0x62, 0xB0, 0xA2, 0x63, 0x34, 0xB0,
    0x03, 0x00, 0xB3, 0x1B, 0x7D, 0xF7, 0x74, 0xEE, 0x45, 0x15, 0x5A, 0x87, 0xD2, 0xCE, 0x2B, 0xC9,
    0x3C, 0x6D, 0x59, 0x64, 0x15, 0x57, 0x05, 0x0E, 0x0F, 0x30, 0xEB, 0x30, 0xAD, 0x31, 0x29, 0x31,
    0x85, 0x19, 0x1C, 0xC1, 0x19, 0xC4, 0x6F, 0xC9, 0xE2, 0x4B, 0x00, 0x49, 0x49, 0x68, 0xA3, 0xDC,
    0x25, 0x9E, 0x03, 0x2F, 0x9D, 0x26, 0x4B, 0x57, 0x61, 0xE5, 0xCB, 0xFC, 0xC8, 0xE2, 0xBD, 0xA9,
    0xF9, 0xB3, 0x89, 0x4E, 0x51, 0xB6, 0x8A, 0xCF, 0x1B, 0xF9, 0x9F, 0xD6, 0xB2, 0xBF, 0xAC, 0x64,
    0x5F, 0x11, 0x7E, 0x49, 0xF8, 0x7B, 0xC2, 0x22, 0x3A, 0xD2, 0x86, 0x50, 0xD9, 0xCC, 0x39, 0x3D,
    0xE0, 0xBC, 0x63, 0x56, 0xAE, 0x55, 0x01, 0x69, 0x8B, 0xD0, 0x89, 0x9E, 0x7B, 0x12, 0xBC, 0x7F,
    0x2B, 0x98, 0x95, 0xE7, 0xDD, 0xCC, 0xAC, 0x7C, 0x07, 0x47, 0x5F, 0xF3, 0x2F, 0x41, 0xEB, 0xF4,
    0xBD, 0xF9, 0x56, 0xCD, 0x4A, 0xF6, 0xD7, 0xD6, 0x14, 0xAF, 0x76, 0x48, 0x56, 0x1F, 0x11, 0x7E,
    0xD4, 0x91, 0x8D, 0x58, 0x0F, 0xE0, 0x3C, 0xDE, 0x1C, 0xF7, 0x4E, 0x58, 0x75, 0xB2, 0xA2, 0xF1,
    0x6E, 0x56, 0xAE, 0xCB, 0xF8, 0x3F, 0x5D, 0x8C, 0x81, 0x66, 0x1C, 0x41, 0x1C, 0xC6, 0x7F, 0x3B,
    0x83, 0xA1, 0xD3, 0x66, 0x02, 0xB4, 0xC8, 0xED, 0x06, 0x54, 0xE8, 0x9D, 0x40, 0x10, 0xCC, 0xF5,
    0x46, 0xA1, 0x28, 0xF2, 0x32, 0xC1, 0x02, 0x3B, 0x29, 0xE4, 0x05, 0xFA, 0x00, 0x7D, 0x84, 0xC3,
    0xA1, 0x68, 0xEE, 0xA6, 0x8A, 0x02, 0x3A, 0x6D, 0x01, 0x85, 0xCD, 0x45, 0x51, 0x85, 0xA1, 0x8B,
    0x43, 0xEE, 0xA6, 0xBB, 0xB8, 0xA0, 0xE3, 0x9B, 0xEF, 0x9B, 0xF9, 0xFD, 0x3F, 0xFF, 0xD9, 0xA6,
    0xE9, 0x9A, 0x9C, 0x56, 0xB9, 0x6D, 0x72, 0x6E, 0x57, 0x39, 0xC7, 0x22, 0x68, 0x67, 0x59, 0x70,
    0xCF, 0x96, 0x1A, 0x19, 0x75, 0x92, 0xAD, 0x88, 0x32, 0x94, 0x9C, 0x0D, 0xBF, 0x56, 0xB5, 0x22,
    0x48, 0x5F, 0x72, 0x4C, 0x11, 0xDE, 0xEB, 0xD7, 0xDE, 0x8E, 0x58, 0x58, 0xEE, 0x5F, 0xB2, 0x6D,
    0xA8, 0xA7, 0xC8, 0x6F, 0x49, 0xFF, 0xED, 0xE4, 0x6D, 0x27, 0x62, 0x92, 0x9F, 0x62, 0xA9, 0xDD,
    0xD9, 0x33, 0x06, 0x78, 0x97, 0xD4, 0x3A, 0x89, 0x90, 0xE4, 0xD5, 0x00, 0x8F, 0x4F, 0x20, 0x15,
    0xED, 0xF3, 0x5F, 0xB3, 0xED, 0xD3, 0x77, 0xCA, 0x19, 0x67, 0x78, 0xC2, 0x63, 0xB0, 0x83, 0x1E,
    0x2D, 0xBD, 0xC9, 0x9E, 0x04, 0x89, 0xD3, 0xCC, 0x8B, 0xDF, 0xC8, 0x80, 0x0A, 0x54, 0xBE, 0x49,
    0xAB, 0x94, 0xBB, 0x55, 0x6A, 0x52, 0xE5, 0xA7, 0xDA, 0xA7, 0x65, 0xF5, 0xB9, 0xDB, 0xF5, 0xB7,
    0x36, 0xAF, 0x5A, 0x96, 0x14, 0x11, 0xD4, 0xB5, 0x57, 0x1E, 0x8C, 0x0C, 0x07, 0xC0, 0x54, 0x06,
    0x0B, 0x58, 0x19, 0x12, 0x50, 0xAB, 0xB7, 0x61, 0x08, 0xA3, 0x19, 0xA2, 0x9C, 0x00, 0x58, 0x7B,
    0xD9, 0xB8, 0x2A, 0x56, 0xB7, 0xEB, 0xEF, 0x71, 0x31, 0x47, 0x5E, 0x5F, 0xAD, 0x63, 0x8D, 0x31,
    0xC5, 0x5D, 0xA8, 0xB1, 0x65, 0xF1, 0xC7, 0x2F, 0x98, 0x4F, 0xC4, 0x4F, 0x92, 0x08, 0x13, 0xF9,
    0x95, 0xA4, 0xDD, 0x44, 0x5F, 0x88, 0x38, 0xA2, 0x2C, 0xD5, 0x1B, 0x57, 0xA3, 0x3A, 0xB1, 0x45,
    0x46, 0x15, 0xB4, 0x33, 0x1C, 0x71, 0xC2, 0x21, 0xF2, 0x47, 0x54, 0x5F, 0x82, 0xBE, 0x70, 0xE6,
    0x80, 0xA3, 0x1E, 0x9D, 0x73, 0x78, 0x08, 0x02, 0x2A, 0xF8, 0x88, 0x4C, 0x98, 0xC0, 0x8C, 0x41,
    0xA7, 0x60, 0x3C, 0x32, 0x50, 0x44, 0x00, 0x3C, 0x24, 0xF8, 0x00, 0xD3, 0xFD, 0xB8, 0xA1, 0xD8,
    0xA0, 0x22, 0x95, 0xC3, 0xB2, 0x3F, 0x73, 0x40, 0x04, 0x40, 0x3B, 0x60, 0x04, 0x50, 0x03, 0xB4,
    0x80, 0x1C, 0xB8, 0x01, 0x18, 0x3F, 0x54, 0x23, 0xA0, 0x1C, 0x50, 0x02, 0x9C, 0x03, 0xA4, 0x7D,
    0x55, 0x3F, 0x54, 0x01, 0x5A, 0xB1, 0xE9, 0xB1, 0xDE, 0x61, 0x30, 0x99, 0xF1, 0x60, 0xF3, 0xDE,
    0x8A, 0x88, 0xDE, 0x29, 0x87, 0xD8, 0xFC, 0xBF, 0xE1, 0x06, 0xB4, 0xCC, 0x8E, 0xB1, 0xCC, 0x9E,
    0x4B, 0x95, 0x43, 0x11, 0xFB, 0x97, 0xF2, 0x3D, 0x3B, 0x80, 0x1B, 0x2C, 0xC0, 0x3F, 0x63, 0xD8,
    0xC7, 0xC0, 0xDE, 0xDC, 0xC0, 0xCF, 0x7C, 0x40, 0x97, 0xF9, 0x80, 0x0D, 0x10, 0xB1, 0x1F, 0xA8,
    0xE0, 0x76, 0xB0, 0xE0, 0x67, 0xB0, 0xB1, 0x61, 0xE0, 0x7F, 0xC0, 0xC0, 0x60, 0xC7, 0xC0, 0xF0,
    0x97, 0x81, 0xE9, 0x0F, 0x03, 0xB7, 0x0D, 0x83, 0x4C, 0x05, 0x43, 0xC9, 0x16, 0x86, 0xFF, 0xFF,
    0x19, 0x18, 0x3F, 0x30, 0x30, 0x3D, 0x60, 0x90, 0xFF, 0xC1, 0x00, 0x00, 0x55, 0x93, 0x01, 0x84,
    0x1D, 0x47, 0x18, 0xC7, 0x7F, 0xB3, 0x53, 0x37, 0xDC, 0xDE, 0x75, 0x02, 0xAA, 0xDC, 0x25, 0x1B,
    0x40, 0x54, 0xF2, 0x36, 0xB8, 0x16, 0xBC, 0x7D, 0xBB, 0x1A, 0x04, 0x1A, 0x80, 0x82, 0xA2, 0x00,
    0x40, 0xD3, 0x2A, 0x82, 0x77, 0x6E, 0x24, 0x08, 0xAA, 0x04, 0x00, 0xC5, 0x15, 0x00, 0x38, 0x15,
    0x3C, 0xFA, 0x5E, 0xDF, 0x24, 0x41, 0x48, 0xD1, 0x69, 0x8B, 0x42, 0xD5, 0xA4, 0x45, 0xA1, 0x95,
    0xC1, 0x62, 0xCB, 0xDE, 0x9B, 0xCE, 0xDC, 0xA3, 0xD1, 0xC7, 0xFF, 0xF7, 0x7C, 0xBB, 0xDF, 0xB7,
    0xFB, 0xFD, 0xBF, 0xD9, 0x0F, 0xC4, 0x73, 0x40, 0xDE, 0x01, 0x0E, 0x46, 0x28, 0x36, 0x1B, 0xD0,
    0x5F, 0x7D, 0x07, 0xCD, 0xD1, 0xAF, 0xB0, 0xF8, 0xCC, 0x20, 0xC2, 0xCF, 0x20, 0x5F, 0xBE, 0x00,
    0xF5, 0xEC, 0x03, 0x28, 0x9F, 0x5F, 0x03, 0xFD, 0xE5, 0xCD, 0x84, 0x8F, 0x4E, 0x13, 0x8E, 0x2C,
    0x54, 0xDF, 0x18, 0xD0, 0x29, 0x0D, 0xFD, 0x22, 0xE3, 0xEF, 0x5D, 0x28, 0xE3, 0x08, 0xFB, 0xEB,
    0x47, 0x70, 0x78, 0x0A, 0xE4, 0x34, 0x2E, 0x75, 0x00, 0x3A, 0xC6, 0x80, 0xCA, 0xA0, 0xC7, 0x23,
    0x02, 0x0E, 0xE9, 0x01, 0xE9, 0x80, 0x18, 0xCF, 0x33, 0x46, 0xD0, 0x86, 0x84, 0x0E, 0xE4, 0xEB,
    0x82, 0x19, 0x40, 0x03, 0xB0, 0x04, 0x18, 0x80, 0x9D, 0x94, 0x4F, 0x1B, 0x0D, 0x20, 0x12, 0x75,
    0x4A, 0x6B, 0xBB, 0x05, 0xC7, 0x4C, 0x59, 0x72, 0x3D, 0xE9, 0xED, 0x54, 0x4A, 0x99, 0xC4, 0xF1,
    0xB6, 0xB8, 0x8A, 0x23, 0x75, 0x12, 0x53, 0xE0, 0x31, 0x08, 0x0F, 0xCA, 0xE4, 0xEB, 0xB1, 0x6B,
    0x73, 0x9E, 0x1E, 0x55, 0x44, 0x8D, 0xA2, 0x47, 0x8E, 0xB9, 0xB9, 0xA5, 0xB0, 0xA8, 0xE3, 0xC2,
    0x52, 0x36, 0xD2, 0x10, 0x63, 0xEC, 0xB7, 0x38, 0x9C, 0x94, 0x70, 0xBD, 0x7A, 0x13, 0x99, 0x42,
    0xA7, 0x12, 0x2C, 0x77, 0xF5, 0x75, 0x08, 0xFA, 0x1E, 0x78, 0x7D, 0x86, 0xB0, 0x65, 0x40, 0xDA,
    0xD2, 0xD3, 0xF6, 0xCA, 0x41, 0x3B, 0x00, 0xE8, 0x0D, 0x99, 0x15, 0xC0, 0x44, 0x03, 0x34, 0x7A,
    0x0F, 0x98, 0x56, 0x87, 0xA5, 0x65, 0x3E, 0x39, 0x39, 0xB1, 0x2C, 0x66, 0xF1, 0x9E, 0x25, 0x0C,
    0xE1, 0xCC, 0x10, 0x83, 0x3F, 0xEB, 0x44, 0xBC, 0xEF, 0x16, 0x48, 0x27, 0xED, 0x14, 0x69, 0xA5,
    0xBD, 0x81, 0x32, 0xAA, 0xBB, 0x42, 0xD9, 0x95, 0xC5, 0x65, 0x34, 0xFA, 0xC3, 0x29, 0x95, 0xD1,
    0x7F, 0x8E, 0xAC, 0x6D, 0xF9, 0x85, 0x47, 0xC4, 0xDB, 0xCF, 0x36, 0xAC, 0xF4, 0x93, 0x9E, 0x85,
    0xB6, 0x8E, 0xBE, 0x7E, 0x6A, 0xE9, 0xDB, 0x07, 0x86, 0xF0, 0xED, 0xC3, 0x4E, 0xA7, 0x66, 0x7D,
    0x95, 0xE0, 0x8A, 0xDF, 0x7F, 0xB8, 0x83, 0xFC, 0x25, 0xB5, 0xDD, 0xA6, 0xB0, 0x3B, 0x49, 0x40,
    0xFE, 0x55, 0x9D, 0xA1, 0x86, 0xCA, 0x53, 0x86, 0xCA, 0xA2, 0x7D, 0x6D, 0xD0, 0xB6, 0x06, 0x6D,
    0x5A, 0x00, 0xDE, 0xF2, 0x40, 0xEB, 0x80, 0xD2, 0x82, 0x8C, 0xE3, 0x16, 0xDB, 0xF3, 0x5A, 0xEB,
    0x1C, 0xFD, 0x06, 0xDA, 0xAD, 0xA0, 0x65, 0x0A, 0x4B, 0x16, 0xD0, 0xD3, 0x53, 0x84, 0x22, 0x64,
    0x13, 0x1E, 0x69, 0xF7, 0x1D, 0xCA, 0xBE, 0x67, 0x51, 0x3F, 0xFE, 0xF1, 0x7D, 0x2A, 0x78, 0x38,
    0xC2, 0xB9, 0x72, 0xFC, 0xFF, 0x97, 0xBB, 0x0A, 0x5B, 0xC0, 0xC1, 0x06, 0x44, 0x9E, 0xB2, 0xEA,
    0x2B, 0x47, 0x65, 0x0A, 0xC3, 0x0C, 0x60, 0xC9, 0xF6, 0xF4, 0xA8, 0x33, 0x44, 0x00, 0x8A, 0x8C,
    0x93, 0x78, 0x0E, 0xEB, 0x8B, 0xEE, 0x3C, 0xDB, 0x6B, 0xF9, 0xEE, 0xC7, 0xF9, 0x45, 0x7D, 0xBE,
    0x1D, 0xA0, 0xDC, 0x74, 0xB9, 0xF8, 0x41, 0x04, 0xF5, 0x8F, 0xE8, 0xC9, 0x2D, 0xDA, 0x5C, 0x50,
    0x92, 0xE8, 0x2E, 0x03, 0xCA, 0x7E, 0x4E, 0x76, 0xEA, 0x01, 0x9D, 0x06, 0x48, 0x11, 0xE3, 0x26,
    0x7B, 0xCC, 0x8F, 0xA7, 0xCE, 0x9E, 0x99, 0x69, 0x03, 0xCC, 0x4B, 0x0B, 0x2C, 0xA5, 0x03, 0x06,
    0xE9, 0x81, 0x3E, 0xBF, 0x74, 0x67, 0x10, 0x43, 0x76, 0x42, 0x24, 0xFF, 0x79, 0x38, 0xC8, 0xA5,
    0xD2, 0xCD, 0xF8, 0xEF, 0x73, 0x0A, 0x68, 0x73, 0x05, 0x2A, 0x6E, 0x20, 0x53, 0x68, 0x55, 0x06,
    0x4D, 0x71, 0xD1, 0xA7, 0x87, 0xF5, 0x06, 0x18, 0x00, 0x7A, 0xD8, 0x7A, 0x94, 0x19, 0x07, 0x39,
    0xCC, 0xED, 0x00, 0xBB, 0xC0, 0x1E, 0xF0, 0x89, 0x27, 0xEF, 0xDF, 0xF1, 0xD1, 0x48, 0xB8, 0x79,
    0x55, 0xBA, 0x53, 0x4A, 0xEB, 0xD0, 0x9D, 0xA5, 0x12, 0x96, 0x3A, 0x8F, 0x4D, 0xAE, 0xFD, 0x4C,
    0xD5, 0xA6, 0xD9, 0xAD, 0x68, 0xF6, 0x27, 0xCC, 0xF6, 0x1A, 0xEA, 0x6B, 0x73, 0xAA, 0xC7, 0x2B,
    0x72, 0xA9, 0x88, 0x8F, 0xE0, 0x14, 0x70, 0x40, 0x07, 0xA0, 0x80, 0x7D, 0x38, 0x18, 0x61, 0x3D,
    0x52, 0xF4, 0x2B, 0x94, 0x1D, 0xD1, 0xEF, 0x1B, 0x2A, 0x09, 0x93, 0x5D, 0x68, 0x0E, 0x93, 0x8E,
    0x92, 0xEE, 0x5E, 0x65, 0xE6, 0xEE, 0x52, 0x3F, 0x75, 0x54, 0xB1, 0x43, 0x9F, 0xC3, 0x21, 0x70,
    0x04, 0x88, 0x34, 0xB3, 0x22, 0x09, 0xE6, 0xC0, 0x84, 0x32, 0xB9, 0x4F, 0x0A, 0xD0, 0x80, 0x18,
    0xF2, 0x22, 0x27, 0x01, 0xDA, 0x80, 0xB2, 0xAF, 0x25, 0x1D, 0x5B, 0xF5, 0x20, 0x46, 0xD0, 0xD1,
    0x92, 0x57, 0x5F, 0x04, 0x28, 0xC2, 0x25, 0xE4, 0x4B, 0x8F, 0x7A, 0xD5, 0x51, 0xF6, 0xD0, 0x9A,
    0x4E, 0xBC, 0xBA, 0x6D, 0x44, 0xB5, 0x82, 0xDA, 0x21, 0x36, 0x50, 0xAE, 0xE0, 0x8D, 0x25, 0x30,
    0xF0, 0x88, 0xBE, 0xC8, 0xCB, 0x6A, 0xDB, 0x24, 0x50, 0xC0, 0xEE, 0xD6, 0x1B, 0x6B, 0x50, 0xD1,
    0xA2, 0xDF, 0xF1, 0x34, 0xEF, 0x7A, 0xEE, 0x7D, 0x1A, 0x08, 0x5F, 0x07, 0x11, 0x7E, 0x0A, 0xD2,
    0x3D, 0xF5, 0xF2, 0xC9, 0x33, 0x5F, 0xDE, 0x7F, 0xE0, 0xF4, 0xAD, 0x5B, 0xAE, 0x92, 0xCA, 0xD6,
    0x3B, 0xA5, 0x6D, 0xF6, 0xB5, 0x99, 0xEF, 0x69, 0x83, 0xCE, 0x47, 0xB0, 0x93, 0x9F, 0x48, 0xDE,
    0x74, 0x91, 0x2A, 0x90, 0x17, 0x70, 0xCA, 0xA2, 0x6C, 0x65, 0xF3, 0x21, 0x67, 0xFF, 0x03, 0xE8,
    0x0E, 0xA8, 0x00, 0x99, 0xC3, 0xD4, 0x4B, 0x0F, 0x0D, 0xC0, 0x1C, 0x60, 0x04, 0xC4, 0x00, 0xE4,
    0x61, 0xF0, 0x2F, 0x3C, 0xCD, 0x01, 0x66, 0x03, 0x41, 0x14, 0x80, 0xE1, 0x2F, 0x9D, 0x32, 0x18,
    0x95, 0x13, 0xA4, 0x05, 0x28, 0x96, 0x05, 0x08, 0xCA, 0x0E, 0x90, 0xE3, 0x14, 0x20, 0x40, 0x73,
    0x94, 0x1E, 0xA1, 0x07, 0xA8, 0xCA, 0x11, 0xE6, 0x08, 0x41, 0x0F, 0x50, 0x0C, 0x5A, 0xB6, 0x79,
    0xED, 0x22, 0xF1, 0xFC, 0x78, 0x7C, 0xCF, 0x9B, 0x62, 0x9E, 0xE2, 0x1B, 0xDE, 0x70, 0x73, 0x44,
    0xA9, 0xD8, 0xC0, 0x1E, 0x4E, 0x48, 0x47, 0xAC, 0x61, 0xB8, 0xD2, 0x86, 0x5C, 0x71, 0x0F, 0x5B,
    0xF8, 0xBA, 0xD0, 0x72, 0xA5, 0xA5, 0x8D, 0x7D, 0x9A, 0x97, 0x19, 0x7B, 0x69, 0xDE, 0xD3, 0x21,
    0xC5, 0xAE, 0xE6, 0x5D, 0x28, 0x66, 0xF9, 0x74, 0x67, 0x3D, 0x3F, 0x19, 0xC6, 0x6E, 0x9B, 0x2F,
    0x9F, 0x0A, 0x06, 0x29, 0xA2, 0xE6, 0x08, 0x72, 0x65, 0x60, 0x8C, 0x79, 0x69, 0x59, 0x6D, 0xB0,
    0x07, 0xE0, 0x91, 0xDC, 0xAD, 0xA2, 0x7A, 0x6E, 0x52, 0x27, 0x7D, 0xE2, 0xA5, 0x92, 0x7F, 0x30,
    0x56, 0x56, 0x60, 0x8A, 0xF3, 0x7F, 0xBF, 0xC0, 0x2B, 0x3E, 0x2A, 0xA5, 0x2F, 0xF8, 0x40, 0x3A,
    0xF1, 0xD0, 0x96, 0x9B, 0xD5, 0xB9, 0x5A, 0x37, 0x6E, 0xFF, 0x06, 0x94, 0x41, 0xD6, 0x07, 0x00,
    0x95, 0x92, 0x81, 0xA6, 0xDC, 0x40, 0x18, 0x85, 0xCF, 0xEE, 0x96, 0xD0, 0xC1, 0x14, 0x50, 0x54,
    0xE7, 0x05, 0xDA, 0xCD, 0x0B, 0x24, 0xD9, 0xE9, 0x0B, 0x55, 0x1F, 0x20, 0xB5, 0xD3, 0x17, 0x2A,
    0x80, 0x60, 0xC9, 0x3C, 0x42, 0x00, 0x28, 0xE4, 0x11, 0x16, 0xA3, 0xA2, 0x36, 0x9D, 0x3B, 0xE7,
    0xFF, 0x19, 0x2E, 0x0B, 0x17, 0xCE, 0x07, 0x26, 0xF9, 0xCE, 0xEF, 0x00, 0x30, 0xDB, 0xBC, 0x16,
    0xCC, 0x39, 0x3F, 0x80, 0x43, 0x6A, 0x97, 0x1B, 0x70, 0x8A, 0xD6, 0x7F, 0x00, 0x4C, 0x70, 0x00,
    0x60, 0x7D, 0x5F, 0xB2, 0xC9, 0x39, 0x6F, 0x15, 0x70, 0x18, 0x4B, 0xE2, 0x8C, 0x1B, 0x31, 0x60,
    0x22, 0x7A, 0x24, 0xA2, 0x53, 0x8C, 0xB8, 0x0B, 0x0E, 0x82, 0xE9, 0xB8, 0x12, 0x49, 0x71, 0x3F,
    0x2D, 0x8A, 0x58, 0xF2, 0xA0, 0x38, 0xAE, 0x4D, 0x00, 0x7F, 0x6E, 0xBC, 0xC0, 0x96, 0xFC, 0x64,
    0xC2, 0x57, 0x7E, 0xD8, 0x51, 0x0B, 0x97, 0x7F, 0x99, 0xDF, 0x72, 0xCB, 0x35, 0x14, 0x50, 0x7E,
    0x67, 0x5E, 0xB3, 0xA7, 0xBA, 0xF3, 0x7C, 0xF5, 0x1E, 0x14, 0x57, 0x6F, 0xA8, 0xAF, 0xE4, 0x7F,
    0x91, 0xEE, 0xC4, 0x79, 0x14, 0xE5, 0xAD, 0x1A, 0x77, 0xA2, 0x38, 0x8A, 0xDA, 0x28, 0x66, 0x53,
    0x43, 0xA3, 0x64, 0x7E, 0x51, 0xD2, 0xFE, 0x66, 0xBA, 0x44, 0x53, 0x17, 0x28, 0x0A, 0x11, 0xAC,
    0xD9, 0x89, 0x71, 0xFF, 0x19, 0x74, 0x7C, 0x40, 0x14, 0x99, 0x72, 0xDE, 0x1F, 0x72, 0xDD, 0xB5,
    0x3C, 0x4B, 0x76, 0xE1, 0x83, 0x26, 0xD2, 0xD0, 0x04, 0x1A, 0x5A, 0x5F, 0xDC, 0x76, 0x0B, 0xA6,
    0x13, 0xC3, 0xB3, 0x18, 0xF6, 0x62, 0x38, 0x8A, 0xE1, 0xA4, 0x27, 0xD5, 0x8B, 0xEA, 0x41, 0xEB,
    0x3D, 0xD3, 0x69, 0xF1, 0xC5, 0xAD, 0xF9, 0x13, 0x4A, 0x9A, 0x9D, 0x86, 0xCD, 0xFA, 0x46, 0xC3,
    0xE4, 0x12, 0x15, 0xF7, 0x79, 0xD7, 0x01, 0xFC, 0xD4, 0x01, 0x7C, 0x7C, 0x32, 0x80, 0xFC, 0x50,
    0x6C, 0x3A, 0x80, 0x24, 0x03, 0xA0, 0xCE, 0xA0, 0x3E, 0x3D, 0x85, 0xC4, 0xB6, 0x89, 0xA2, 0x6B,
    0x82, 0xF8, 0x5A, 0x2F, 0xC2, 0x4E, 0x07, 0xD0, 0xBE, 0x93, 0x01, 0x0C, 0x13, 0x11, 0x2F, 0xAB,
    0x0C, 0x60, 0x28, 0xD6, 0xCB, 0xAB, 0x01, 0x04, 0x5B, 0xF2, 0x8B, 0x89, 0x3A, 0x80, 0xF5, 0xF9,
    0x00, 0xB6, 0xF9, 0x6F, 0xD4, 0xF9, 0xE6, 0xA0, 0xFA, 0xAD, 0x57, 0x7F, 0x07, 0x2D, 0xD0, 0x6A,
    0x03, 0x0C, 0x5A, 0x21, 0x75, 0x50, 0x8E, 0xD0, 0x12, 0x93, 0xCE, 0x18, 0x49, 0x77, 0x8C, 0xBB,
    0xCE, 0xE2, 0x48, 0x76, 0xA5, 0x8F, 0x8C, 0x82, 0xBE, 0x7A, 0x7A, 0x16, 0x63, 0x17, 0x13, 0xB4,
    0x8C, 0xFD, 0xA6, 0x73, 0xB6, 0xDF, 0x85, 0x51, 0x66, 0x42, 0x86, 0x5A, 0x48, 0x1B, 0xD5, 0x4A,
    0xDA, 0xA9, 0x96, 0xAA, 0xAD, 0x6A, 0xAD, 0x17,
};

static const EpdGlyph libron_12_italicGlyphs[] = {
    { 0, 0, 97, 0, 0, 0, 0 }, // U+0020
    { 9, 18, 117, 0, 18, 41, 0 }, // !
    { 9, 6, 147, 3, 18, 14, 41 }, // "
    { 16, 18, 242, 0, 18, 72, 55 }, // #
    { 16, 23, 215, -1, 20, 92, 127 }, // $
    { 18, 18, 332, 2, 18, 81, 219 }, // %
    { 18, 18, 292, 1, 18, 81, 300 }, // &
    { 5, 6, 83, 3, 18, 8, 381 }, // '
    { 10, 23, 124, 1, 19, 58, 389 }, // (
    { 10, 23, 124, -2, 19, 58, 447 }, // )
    { 9, 10, 172, 3, 19, 23, 505 }, // *
    { 11, 11, 218, 1, 12, 31, 528 }, // +
    { 6, 8, 99, -2, 3, 12, 559 }, // ,
    { 7, 2, 145, 1, 7, 4, 571 }, // -
    { 4, 4, 97, 0, 4, 4, 575 }, // .
    { 14, 18, 162, -1, 18, 63, 579 }, // /
    { 15, 18, 254, 1, 18, 68, 642 }, // 0
    { 11, 18, 167, 0, 18, 50, 710 }, // 1
    { 14, 18, 234, 0, 18, 63, 760 }, // 2
    { 13, 18, 218, 0, 18, 59, 823 }, // 3
    { 15, 18, 242, 0, 18, 68, 882 }, // 4
    { 16, 18, 205, -1, 18, 72, 950 }, // 5
    { 14, 19, 227, 1, 19, 67, 1022 }, // 6
    { 14, 18, 212, 2, 18, 63, 1089 }, // 7
    { 15, 18, 230, 0, 18, 68, 1152 }, // 8
    { 13, 19, 224, 1, 18, 62, 1220 }, // 9
    { 7, 13, 111, 0, 13, 23, 1282 }, // :
    { 9, 18, 113, -2, 13, 41, 1305 }, // ;
    { 13, 12, 218, 1, 12, 39, 1346 }, // <
    { 12, 6, 218, 1, 9, 18, 1385 }, // =
    { 13, 12, 218, 0, 12, 39, 1403 }, // >
    { 11, 18, 208, 3, 18, 50, 1442 }, // ?
    { 22, 22, 359, 1, 18, 121, 1492 }, // @
    { 19, 18, 291, -2, 18, 86, 1613 }, // A
    { 18, 18, 267, -1, 18, 81, 1699 }, // B
    { 18, 18, 281, 1, 18, 81, 1780 }, // C
    { 20, 18, 302, -1, 18, 90, 1861 }, // D
    { 20, 18, 266, -1, 18, 90, 1951 }, // E
    { 19, 18, 247, -1, 18, 86, 2041 }, // F
    { 18, 18, 296, 1, 18, 81, 2127 }, // G
    { 24, 18, 321, -1, 18, 108, 2208 }, // H
    { 13, 18, 148, -1, 18, 59, 2316 }, // I
    { 16, 18, 193, -1, 18, 72, 2375 }, // J
    { 22, 18, 296, -1, 18, 99, 2447 }, // K
    { 14, 18, 241, 0, 18, 63, 2546 }, // L
    { 27, 18, 391, -1, 18, 122, 2609 }, // M
    { 23, 18, 308, -1, 18, 104, 2731 }, // N
    { 18, 18, 306, 1, 18, 81, 2835 }, // O
    { 18, 18, 251, -1, 18, 81, 2916 }, // P
    { 18, 24, 306, 1, 18, 108, 2997 }, // Q
    { 18, 18, 274, -1, 18, 81, 3105 }, // R
    { 16, 18, 233, 0, 18, 72, 3186 }, // S
    { 17, 18, 272, 3, 18, 77, 3258 }, // T
    { 20, 18, 304, 2, 18, 90, 3335 }, // U
    { 19, 18, 284, 2, 18, 86, 3425 }, // V
    { 25, 18, 391, 3, 18, 113, 3511 }, // W
    { 23, 18, 295, -2, 18, 104, 3624 }, // X
    { 19, 18, 277, 2, 18, 86, 3728 }, // Y
    { 19, 18, 250, -1, 18, 86, 3814 }, // Z
    { 13, 22, 138, -1, 19, 72, 3900 }, // [
    { 5, 18, 154, 3, 18, 23, 3972 }, // <backslash>
    { 13, 22, 138, -3, 19, 72, 3995 }, // ]
    { 11, 10, 218, 2, 18, 28, 4067 }, // ^
    { 10, 2, 149, -3, -1, 5, 4095 }, // _
    { 4, 4, 190, 5, 18, 4, 4100 }, // `
    { 15, 14, 242, 0, 14, 53, 4104 }, // a
    { 13, 21, 221, 1, 21, 69, 4157 }, // b
    { 12, 14, 188, 0, 14, 42, 4226 }, // c
    { 16, 21, 242, 0, 21, 84, 4268 }, // d
    { 12, 14, 195, 0, 14, 42, 4352 }, // e
    { 20, 27, 149, -5, 20, 135, 4394 }, // f
    { 17, 21, 201, -2, 14, 90, 4529 }, // g
    { 15, 20, 242, 0, 20, 75, 4619 }, // h
    { 10, 20, 139, 0, 20, 50, 4694 }, // i
    { 15, 27, 125, -5, 20, 102, 4744 }, // j
    { 15, 20, 228, 0, 20, 75, 4846 }, // k
    { 9, 20, 127, 0, 20, 45, 4921 }, // l
    { 23, 14, 367, 0, 14, 81, 4966 }, // m
    { 16, 14, 259, 0, 14, 56, 5047 }, // n
    { 13, 14, 217, 0, 14, 46, 5103 }, // o
    { 17, 21, 243, -2, 14, 90, 5149 }, // p
    { 14, 21, 227, 0, 14, 74, 5239 }, // q
    { 14, 14, 194, 0, 14, 49, 5313 }, // r
    { 11, 14, 175, 0, 14, 39, 5362 }, // s
    { 10, 17, 155, 1, 17, 43, 5401 }, // t
    { 16, 14, 252, 0, 14, 56, 5444 }, // u
    { 14, 14, 226, 0, 14, 49, 5500 }, // v
    { 20, 14, 322, 0, 14, 70, 5549 }, // w
    { 17, 14, 234, -1, 14, 60, 5619 }, // x
    { 16, 21, 228, -1, 14, 84, 5679 }, // y
    { 13, 16, 205, 0, 15, 52, 5763 }, // z
    { 11, 24, 136, 0, 20, 66, 5815 }, // {
    { 9, 26, 106, -1, 19, 59, 5881 }, // |
    { 11, 24, 136, -2, 20, 66, 5940 }, // }
    { 12, 4, 218, 1, 9, 12, 6006 }, // ~
    { 0, 0, 97, 0, 0, 0, 0 }, // U+00A0
    { 9, 19, 111, -2, 13, 43, 0 }, // U+00A1
    { 13, 18, 198, 1, 18, 59, 43 }, // U+00A2
    { 15, 18, 237, 0, 18, 68, 102 }, // U+00A3
    { 11, 10, 196, 1, 11, 28, 170 }, // U+00A4
    { 17, 18, 279, 3, 18, 77, 198 }, // U+00A5
    { 9, 26, 106, -1, 19, 59, 275 }, // U+00A6
    { 15, 22, 224, 0, 18, 83, 334 }, // U+00A7
    { 9, 3, 190, 4, 18, 7, 417 }, // U+00A8
    { 18, 18, 331, 2, 18, 81, 424 }, // U+00A9
    { 11, 12, 198, 2, 19, 33, 505 }, // U+00AA
    { 14, 12, 212, 0, 12, 42, 538 }, // U+00AB
    { 11, 7, 218, 2, 10, 20, 580 }, // U+00AC
    { 7, 2, 145, 1, 7, 4, 600 }, // U+00AD
    { 12, 11, 224, 3, 18, 33, 604 }, // U+00AE
    { 8, 2, 190, 5, 18, 4, 637 }, // U+00AF
    { 8, 8, 151, 3, 19, 16, 641 }, // U+00B0
    { 13, 13, 218, 0, 13, 43, 657 }, // U+00B1
    { 8, 10, 146, 2, 18, 20, 700 }, // U+00B2
    { 9, 10, 138, 1, 18, 23, 720 }, // U+00B3
    { 7, 4, 190, 7, 18, 7, 743 }, // U+00B4
    { 18, 21, 262, -2, 14, 95, 750 }, // U+00B5
    { 16, 22, 245, 2, 18, 88, 845 }, // U+00B6
    { 5, 4, 104, 1, 9, 5, 933 }, // U+00B7
    { 6, 7, 190, 0, 1, 11, 938 }, // U+00B8
    { 7, 10, 120, 2, 18, 18, 949 }, // U+00B9
    { 12, 12, 188, 1, 19, 36, 967 }, // U+00BA
    { 14, 12, 218, -1, 12, 42, 1003 }, // U+00BB
    { 18, 18, 319, 2, 18, 81, 1045 }, // U+00BC
    { 18, 18, 327, 2, 18, 81, 1126 }, // U+00BD
    { 19, 18, 323, 1, 18, 86, 1207 }, // U+00BE
    { 11, 19, 205, -1, 13, 53, 1293 }, // U+00BF
    { 19, 24, 291, -2, 24, 114, 1346 }, // U+00C0
    { 20, 24, 291, -2, 24, 120, 1460 }, // U+00C1
    { 19, 24, 291, -2, 24, 114, 1580 }, // U+00C2
    { 19, 24, 291, -2, 24, 114, 1694 }, // U+00C3
    { 19, 23, 291, -2, 23, 110, 1808 }, // U+00C4
    { 19, 24, 291, -2, 24, 114, 1918 }, // U+00C5
    { 29, 18, 407, -2, 18, 131, 2032 }, // U+00C6
    { 18, 25, 281, 1, 18, 113, 2163 }, // U+00C7
    { 20, 24, 266, -1, 24, 120, 2276 }, // U+00C8
    { 20, 24, 266, -1, 24, 120, 2396 }, // U+00C9
    { 20, 24, 266, -1, 24, 120, 2516 }, // U+00CA
    { 20, 23, 266, -1, 23, 115, 2636 }, // U+00CB
    { 13, 24, 148, -1, 24, 78, 2751 }, // U+00CC
    { 15, 24, 148, -1, 24, 90, 2829 }, // U+00CD
    { 13, 24, 148, -1, 24, 78, 2919 }, // U+00CE
    { 14, 23, 148, -1, 23, 81, 2997 }, // U+00CF
    { 20, 18, 303, -1, 18, 90, 3078 }, // U+00D0
    { 23, 24, 308, -1, 24, 138, 3168 }, // U+00D1
    { 18, 24, 306, 1, 24, 108, 3306 }, // U+00D2
    { 18, 24, 306, 1, 24, 108, 3414 }, // U+00D3
    { 18, 24, 306, 1, 24, 108, 3522 }, // U+00D4
    { 18, 24, 306, 1, 24, 108, 3630 }, // U+00D5
    { 18, 23, 306, 1, 23, 104, 3738 }, // U+00D6
    { 12, 10, 218, 1, 11, 30, 3842 }, // U+00D7
    { 23, 18, 311, -1, 18, 104, 3872 }, // U+00D8
    { 20, 24, 304, 2, 24, 120, 3976 }, // U+00D9
    { 20, 24, 304, 2, 24, 120, 4096 }, // U+00DA
    { 20, 24, 304, 2, 24, 120, 4216 }, // U+00DB
    { 20, 23, 304, 2, 23, 115, 4336 }, // U+00DC
    { 19, 24, 277, 2, 24, 114, 4451 }, // U+00DD
    { 17, 18, 255, -1, 18, 77, 4565 }, // U+00DE
    { 21, 27, 274, -5, 20, 142, 4642 }, // U+00DF
    { 15, 20, 242, 0, 20, 75, 4784 }, // U+00E0
    { 16, 20, 242, 0, 20, 80, 4859 }, // U+00E1
    { 15, 20, 242, 0, 20, 75, 4939 }, // U+00E2
    { 16, 20, 242, 0, 20, 80, 5014 }, // U+00E3
    { 15, 20, 242, 0, 20, 75, 5094 }, // U+00E4
    { 15, 21, 242, 0, 21, 79, 5169 }, // U+00E5
    { 21, 14, 336, 0, 14, 74, 5248 }, // U+00E6
    { 12, 21, 188, 0, 14, 63, 5322 }, // U+00E7
    { 12, 20, 195, 0, 20, 60, 5385 }, // U+00E8
    { 14, 20, 195, 0, 20, 70, 5445 }, // U+00E9
    { 13, 20, 195, 0, 20, 65, 5515 }, // U+00EA
    { 13, 20, 195, 0, 20, 65, 5580 }, // U+00EB
    { 8, 20, 139, 0, 20, 40, 5645 }, // U+00EC
    { 13, 20, 139, 0, 20, 65, 5685 }, // U+00ED
    { 11, 20, 139, 0, 20, 55, 5750 }, // U+00EE
    { 12, 20, 139, 0, 20, 60, 5805 }, // U+00EF
    { 14, 21, 217, 0, 21, 74, 5865 }, // U+00F0
    { 16, 20, 259, 0, 20, 80, 5939 }, // U+00F1
    { 13, 20, 217, 0, 20, 65, 6019 }, // U+00F2
    { 14, 20, 217, 0, 20, 70, 6084 }, // U+00F3
    { 13, 20, 217, 0, 20, 65, 6154 }, // U+00F4
    { 14, 20, 217, 0, 20, 70, 6219 }, // U+00F5
    { 14, 20, 217, 0, 20, 70, 6289 }, // U+00F6
    { 11, 12, 218, 1, 12, 33, 6359 }, // U+00F7
    { 16, 14, 225, -1, 14, 56, 6392 }, // U+00F8
    { 16, 20, 252, 0, 20, 80, 6448 }, // U+00F9
    { 16, 20, 252, 0, 20, 80, 6528 }, // U+00FA
    { 16, 20, 252, 0, 20, 80, 6608 }, // U+00FB
    { 16, 20, 252, 0, 20, 80, 6688 }, // U+00FC
    { 16, 27, 228, -1, 20, 108, 6768 }, // U+00FD
    { 17, 27, 225, -3, 20, 115, 6876 }, // U+00FE
    { 16, 27, 228, -1, 20, 108, 6991 }, // U+00FF
    { 19, 23, 291, -2, 23, 110, 0 }, // U+0100
    { 15, 20, 242, 0, 20, 75, 110 }, // U+0101
    { 19, 24, 291, -2, 24, 114, 185 }, // U+0102
    { 16, 20, 242, 0, 20, 80, 299 }, // U+0103
    { 19, 24, 291, -2, 18, 114, 379 }, // U+0104
    { 15, 21, 243, 0, 14, 79, 493 }, // U+0105
    { 18, 24, 281, 1, 24, 108, 572 }, // U+0106
    { 13, 20, 188, 0, 20, 65, 680 }, // U+0107
    { 18, 24, 281, 1, 24, 108, 745 }, // U+0108
    { 13, 20, 188, 0, 20, 65, 853 }, // U+0109
    { 18, 23, 281, 1, 23, 104, 918 }, // U+010A
    { 12, 20, 188, 0, 20, 60, 1022 }, // U+010B
    { 18, 24, 281, 1, 24, 108, 1082 }, // U+010C
    { 14, 20, 188, 0, 20, 70, 1190 }, // U+010D
    { 20, 24, 302, -1, 24, 120, 1260 }, // U+010E
    { 21, 21, 253, 0, 21, 111, 1380 }, // U+010F
    { 20, 18, 303, -1, 18, 90, 1491 }, // U+0110
    { 18, 20, 242, 0, 20, 90, 1581 }, // U+0111
    { 20, 23, 266, -1, 23, 115, 1671 }, // U+0112
    { 13, 20, 195, 0, 20, 65, 1786 }, // U+0113
    { 20, 24, 266, -1, 24, 120, 1851 }, // U+0114
    { 14, 20, 195, 0, 20, 70, 1971 }, // U+0115
    { 20, 23, 266, -1, 23, 115, 2041 }, // U+0116
    { 12, 20, 195, 0, 20, 60, 2156 }, // U+0117
    { 20, 25, 266, -1, 18, 125, 2216 }, // U+0118
    { 12, 20, 195, 0, 14, 60, 2341 }, // U+0119
    { 20, 24, 266, -1, 24, 120, 2401 }, // U+011A
    { 14, 20, 195, 0, 20, 70, 2521 }, // U+011B
    { 18, 24, 296, 1, 24, 108, 2591 }, // U+011C
    { 17, 27, 201, -2, 20, 115, 2699 }, // U+011D
    { 18, 24, 296, 1, 24, 108, 2814 }, // U+011E
    { 17, 27, 201, -2, 20, 115, 2922 }, // U+011F
    { 18, 23, 296, 1, 23, 104, 3037 }, // U+0120
    { 17, 27, 201, -2, 20, 115, 3141 }, // U+0121
    { 18, 24, 296, 1, 24, 108, 3256 }, // U+0122
    { 17, 28, 201, -2, 21, 119, 3364 }, // U+0123
    { 24, 24, 321, -1, 24, 144, 3483 }, // U+0124
    { 15, 26, 242, 0, 26, 98, 3627 }, // U+0125
    { 24, 18, 322, -1, 18, 108, 3725 }, // U+0126
    { 15, 20, 242, 0, 20, 75, 3833 }, // U+0127
    { 14, 24, 148, -1, 24, 84, 3908 }, // U+0128
    { 12, 20, 139, 0, 20, 60, 3992 }, // U+0129
    { 14, 23, 148, -1, 23, 81, 4052 }, // U+012A
    { 11, 20, 139, 0, 20, 55, 4133 }, // U+012B
    { 14, 24, 148, -1, 24, 84, 4188 }, // U+012C
    { 12, 20, 139, 0, 20, 60, 4272 }, // U+012D
    { 13, 25, 148, -1, 18, 82, 4332 }, // U+012E
    { 11, 27, 140, -1, 20, 75, 4414 }, // U+012F
    { 13, 23, 148, -1, 23, 75, 4489 }, // U+0130
    { 8, 14, 139, 0, 14, 28, 4564 }, // U+0131
    { 17, 24, 193, -1, 24, 102, 4592 }, // U+0134
    { 16, 27, 125, -5, 20, 108, 4694 }, // U+0135
    { 22, 24, 296, -1, 18, 132, 4802 }, // U+0136
    { 15, 27, 228, 0, 20, 102, 4934 }, // U+0137
    { 16, 14, 244, 0, 14, 56, 5036 }, // U+0138
    { 14, 24, 241, 0, 24, 84, 5092 }, // U+0139
    { 13, 26, 127, 0, 26, 85, 5176 }, // U+013A
    { 14, 24, 241, 0, 18, 84, 5261 }, // U+013B
    { 10, 27, 127, -1, 20, 68, 5345 }, // U+013C
    { 17, 18, 242, 0, 18, 77, 5413 }, // U+013D
    { 14, 21, 135, 0, 21, 74, 5490 }, // U+013E
    { 15, 18, 242, 0, 18, 68, 5564 }, // U+013F
    { 10, 20, 138, 0, 20, 50, 5632 }, // U+0140
    { 15, 18, 246, -1, 18, 68, 5682 }, // U+0141
    { 10, 20, 155, 0, 20, 50, 5750 }, // U+0142
    { 23, 24, 308, -1, 24, 138, 5800 }, // U+0143
    { 16, 20, 259, 0, 20, 80, 5938 }, // U+0144
    { 23, 24, 308, -1, 18, 138, 6018 }, // U+0145
    { 16, 21, 259, 0, 14, 84, 6156 }, // U+0146
    { 23, 24, 308, -1, 24, 138, 6240 }, // U+0147
    { 16, 20, 259, 0, 20, 80, 6378 }, // U+0148
    { 23, 25, 307, -1, 18, 144, 6458 }, // U+014A
    { 15, 21, 245, 0, 14, 79, 6602 }, // U+014B
    { 18, 23, 306, 1, 23, 104, 6681 }, // U+014C
    { 14, 20, 217, 0, 20, 70, 6785 }, // U+014D
    { 18, 24, 306, 1, 24, 108, 6855 }, // U+014E
    { 14, 20, 217, 0, 20, 70, 6963 }, // U+014F
    { 19, 24, 306, 1, 24, 114, 7033 }, // U+0150
    { 16, 20, 217, 0, 20, 80, 7147 }, // U+0151
    { 27, 18, 419, 1, 18, 122, 7227 }, // U+0152
    { 21, 14, 336, 0, 14, 74, 7349 }, // U+0153
    { 18, 24, 274, -1, 24, 108, 7423 }, // U+0154
    { 14, 20, 194, 0, 20, 70, 7531 }, // U+0155
    { 18, 24, 274, -1, 18, 108, 7601 }, // U+0156
    { 15, 21, 194, -1, 14, 79, 7709 }, // U+0157
    { 18, 24, 274, -1, 24, 108, 7788 }, // U+0158
    { 14, 20, 194, 0, 20, 70, 7896 }, // U+0159
    { 16, 24, 233, 0, 24, 96, 7966 }, // U+015A
    { 13, 20, 175, 0, 20, 65, 8062 }, // U+015B
    { 16, 24, 233, 0, 24, 96, 8127 }, // U+015C
    { 12, 20, 175, 0, 20, 60, 8223 }, // U+015D
    { 16, 25, 233, 0, 18, 100, 8283 }, // U+015E
    { 11, 21, 175, 0, 14, 58, 8383 }, // U+015F
    { 16, 24, 233, 0, 24, 96, 8441 }, // U+0160
    { 13, 20, 175, 0, 20, 65, 8537 }, // U+0161
    { 17, 24, 272, 3, 18, 102, 8602 }, // U+0162
    { 12, 24, 156, -1, 17, 72, 8704 }, // U+0163
    { 17, 24, 272, 3, 24, 102, 8776 }, // U+0164
    { 13, 21, 155, 1, 21, 69, 8878 }, // U+0165
    { 18, 19, 273, 2, 19, 86, 8947 }, // U+0166
    { 10, 17, 162, 1, 17, 43, 9033 }, // U+0167
    { 20, 24, 304, 2, 24, 120, 9076 }, // U+0168
    { 16, 20, 252, 0, 20, 80, 9196 }, // U+0169
    { 20, 23, 304, 2, 23, 115, 9276 }, // U+016A
    { 16, 20, 252, 0, 20, 80, 9391 }, // U+016B
    { 20, 24, 304, 2, 24, 120, 9471 }, // U+016C
    { 16, 20, 252, 0, 20, 80, 9591 }, // U+016D
    { 20, 24, 304, 2, 24, 120, 9671 }, // U+016E
    { 16, 21, 252, 0, 21, 84, 9791 }, // U+016F
    { 20, 24, 304, 2, 24, 120, 9875 }, // U+0170
    { 17, 20, 252, 0, 20, 85, 9995 }, // U+0171
    { 20, 25, 304, 2, 18, 125, 10080 }, // U+0172
    { 16, 21, 253, 0, 14, 84, 10205 }, // U+0173
    { 25, 24, 391, 3, 24, 150, 10289 }, // U+0174
    { 20, 20, 322, 0, 20, 100, 10439 }, // U+0175
    { 19, 24, 277, 2, 24, 114, 10539 }, // U+0176
    { 16, 27, 228, -1, 20, 108, 10653 }, // U+0177
    { 19, 23, 277, 2, 23, 110, 10761 }, // U+0178
    { 19, 24, 250, -1, 24, 114, 10871 }, // U+0179
    { 13, 21, 205, 0, 20, 69, 10985 }, // U+017A
    { 19, 23, 250, -1, 23, 110, 11054 }, // U+017B
    { 13, 21, 205, 0, 20, 69, 11164 }, // U+017C
    { 19, 24, 250, -1, 24, 114, 11233 }, // U+017D
    { 14, 21, 205, 0, 20, 74, 11347 }, // U+017E
    { 20, 22, 308, 1, 22, 110, 0 }, // U+01A0
    { 16, 18, 223, 0, 18, 72, 110 }, // U+01A1
    { 22, 22, 308, 2, 22, 121, 182 }, // U+01AF
    { 19, 18, 267, 0, 18, 86, 303 }, // U+01B0
    { 37, 24, 543, -1, 24, 222, 389 }, // U+01C4
    { 33, 19, 494, -1, 18, 157, 611 }, // U+01C5
    { 29, 22, 447, 0, 21, 160, 768 }, // U+01C6
    { 30, 18, 441, 0, 18, 135, 928 }, // U+01C7
    { 25, 27, 364, 0, 20, 169, 1063 }, // U+01C8
    { 18, 27, 252, 0, 20, 122, 1232 }, // U+01C9
    { 35, 18, 501, -1, 18, 158, 1354 }, // U+01CA
    { 30, 27, 424, -1, 20, 203, 1512 }, // U+01CB
    { 26, 27, 386, 0, 20, 176, 1715 }, // U+01CC
    { 20, 24, 291, -2, 24, 120, 1891 }, // U+01CD
    { 16, 20, 242, 0, 20, 80, 2011 }, // U+01CE
    { 14, 24, 148, -1, 24, 84, 2091 }, // U+01CF
    { 12, 20, 139, 0, 20, 60, 2175 }, // U+01D0
    { 18, 24, 306, 1, 24, 108, 2235 }, // U+01D1
    { 15, 20, 217, 0, 20, 75, 2343 }, // U+01D2
    { 20, 24, 304, 2, 24, 120, 2418 }, // U+01D3
    { 16, 20, 252, 0, 20, 80, 2538 }, // U+01D4
    { 20, 28, 304, 2, 28, 140, 2618 }, // U+01D5
    { 16, 25, 252, 0, 25, 100, 2758 }, // U+01D6
    { 20, 29, 304, 2, 29, 145, 2858 }, // U+01D7
    { 17, 25, 252, 0, 25, 107, 3003 }, // U+01D8
    { 20, 29, 304, 2, 29, 145, 3110 }, // U+01D9
    { 17, 25, 252, 0, 25, 107, 3255 }, // U+01DA
    { 20, 29, 304, 2, 29, 145, 3362 }, // U+01DB
    { 16, 25, 252, 0, 25, 100, 3507 }, // U+01DC
    { 20, 28, 291, -2, 28, 140, 3607 }, // U+01DE
    { 16, 25, 242, 0, 25, 100, 3747 }, // U+01DF
    { 20, 28, 291, -2, 28, 140, 3847 }, // U+01E0
    { 16, 25, 242, 0, 25, 100, 3987 }, // U+01E1
    { 29, 23, 407, -2, 23, 167, 4087 }, // U+01E2
    { 21, 20, 336, 0, 20, 105, 4254 }, // U+01E3
    { 18, 24, 296, 1, 24, 108, 4359 }, // U+01E6
    { 17, 27, 201, -2, 20, 115, 4467 }, // U+01E7
    { 22, 24, 296, -1, 24, 132, 4582 }, // U+01E8
    { 16, 26, 228, 0, 26, 104, 4714 }, // U+01E9
    { 18, 25, 306, 1, 18, 113, 4818 }, // U+01EA
    { 13, 21, 217, 0, 14, 69, 4931 }, // U+01EB
    { 18, 30, 306, 1, 23, 135, 5000 }, // U+01EC
    { 14, 27, 217, 0, 20, 95, 5135 }, // U+01ED
    { 17, 27, 125, -5, 20, 115, 5230 }, // U+01F0
    { 18, 24, 305, 1, 24, 108, 5345 }, // U+01F4
    { 17, 27, 201, -2, 20, 115, 5453 }, // U+01F5
    { 23, 24, 308, -1, 24, 138, 5568 }, // U+01F8
    { 16, 20, 259, 0, 20, 80, 5706 }, // U+01F9
    { 21, 29, 291, -2, 29, 153, 5786 }, // U+01FA
    { 18, 26, 242, 0, 26, 117, 5939 }, // U+01FB
    { 29, 24, 407, -2, 24, 174, 6056 }, // U+01FC
    { 21, 20, 336, 0, 20, 105, 6230 }, // U+01FD
    { 23, 24, 311, -1, 24, 138, 6335 }, // U+01FE
    { 16, 20, 225, -1, 20, 80, 6473 }, // U+01FF
    { 19, 24, 291, -2, 24, 114, 6553 }, // U+0200
    { 15, 20, 242, 0, 20, 75, 6667 }, // U+0201
    { 19, 24, 291, -2, 24, 114, 6742 }, // U+0202
    { 15, 21, 242, 0, 21, 79, 6856 }, // U+0203
    { 20, 24, 266, -1, 24, 120, 6935 }, // U+0204
    { 12, 20, 195, 0, 20, 60, 7055 }, // U+0205
    { 20, 24, 266, -1, 24, 120, 7115 }, // U+0206
    { 13, 21, 195, 0, 21, 69, 7235 }, // U+0207
    { 13, 24, 148, -1, 24, 78, 7304 }, // U+0208
    { 10, 20, 139, 0, 20, 50, 7382 }, // U+0209
    { 13, 24, 148, -1, 24, 78, 7432 }, // U+020A
    { 11, 21, 139, 0, 21, 58, 7510 }, // U+020B
    { 18, 24, 306, 1, 24, 108, 7568 }, // U+020C
    { 13, 20, 217, 0, 20, 65, 7676 }, // U+020D
    { 18, 24, 306, 1, 24, 108, 7741 }, // U+020E
    { 13, 21, 217, 0, 21, 69, 7849 }, // U+020F
    { 18, 24, 274, -1, 24, 108, 7918 }, // U+0210
    { 14, 20, 194, 0, 20, 70, 8026 }, // U+0211
    { 18, 24, 274, -1, 24, 108, 8096 }, // U+0212
    { 14, 21, 194, 0, 21, 74, 8204 }, // U+0213
    { 20, 24, 304, 2, 24, 120, 8278 }, // U+0214
    { 16, 20, 252, 0, 20, 80, 8398 }, // U+0215
    { 20, 24, 304, 2, 24, 120, 8478 }, // U+0216
    { 16, 21, 252, 0, 21, 84, 8598 }, // U+0217
    { 16, 24, 233, 0, 18, 96, 8682 }, // U+0218
    { 11, 21, 175, 0, 14, 58, 8778 }, // U+0219
    { 17, 24, 272, 3, 18, 102, 8836 }, // U+021A
    { 11, 24, 155, 0, 17, 66, 8938 }, // U+021B
    { 24, 24, 321, -1, 24, 144, 9004 }, // U+021E
    { 16, 26, 242, 0, 26, 104, 9148 }, // U+021F
    { 4, 4, 0, -1, 18, 4, 0 }, // U+0300
    { 7, 4, 0, 1, 18, 7, 4 }, // U+0301
    { 8, 4, 0, -2, 18, 8, 11 }, // U+0302
    { 9, 4, 0, -2, 18, 9, 19 }, // U+0303
    { 8, 2, 0, -1, 18, 4, 28 }, // U+0304
    { 8, 5, 0, -1, 19, 10, 32 }, // U+0306
    { 4, 3, 0, 1, 18, 3, 42 }, // U+0307
    { 9, 3, 0, -2, 18, 7, 45 }, // U+0308
    { 6, 6, 0, 0, 19, 9, 52 }, // U+0309
    { 6, 5, 0, 0, 19, 8, 61 }, // U+030A
    { 11, 4, 0, -1, 18, 11, 69 }, // U+030B
    { 9, 4, 0, -1, 18, 9, 80 }, // U+030C
    { 8, 4, 0, -3, 18, 8, 89 }, // U+030F
    { 8, 5, 0, -2, 19, 10, 97 }, // U+0311
    { 4, 5, 0, 1, 19, 5, 107 }, // U+0312
    { 7, 5, 0, 0, 17, 9, 112 }, // U+031B
    { 5, 3, 0, -5, -1, 4, 121 }, // U+0323
    { 9, 3, 0, -7, -1, 7, 125 }, // U+0324
    { 5, 5, 0, -5, -1, 7, 132 }, // U+0326
    { 6, 7, 0, -6, 1, 11, 139 }, // U+0327
    { 6, 7, 0, -8, 1, 11, 150 }, // U+0328
    { 8, 5, 0, -6, 0, 10, 161 }, // U+032E
    { 8, 2, 0, -7, -2, 4, 171 }, // U+0331
    { 9, 1, 0, -2, 16, 3, 175 }, // U+0335
    { 19, 22, 291, -2, 18, 105, 0 }, // U+1EA0
    { 15, 19, 242, 0, 14, 72, 105 }, // U+1EA1
    { 19, 24, 291, -2, 24, 114, 177 }, // U+1EA2
    { 15, 21, 242, 0, 21, 79, 291 }, // U+1EA3
    { 24, 26, 291, -2, 26, 156, 370 }, // U+1EA4
    { 20, 22, 242, 0, 22, 110, 526 }, // U+1EA5
    { 19, 25, 291, -2, 25, 119, 636 }, // U+1EA6
    { 15, 21, 242, 0, 21, 79, 755 }, // U+1EA7
    { 22, 27, 291, -2, 27, 149, 834 }, // U+1EA8
    { 19, 23, 242, 0, 23, 110, 983 }, // U+1EA9
    { 20, 26, 291, -2, 26, 130, 1093 }, // U+1EAA
    { 16, 21, 242, 0, 21, 84, 1223 }, // U+1EAB
    { 19, 28, 291, -2, 24, 133, 1307 }, // U+1EAC
    { 15, 25, 242, 0, 20, 94, 1440 }, // U+1EAD
    { 19, 24, 291, -2, 24, 114, 1534 }, // U+1EAE
    { 16, 23, 242, 0, 23, 92, 1648 }, // U+1EAF
    { 19, 24, 291, -2, 24, 114, 1740 }, // U+1EB0
    { 15, 23, 242, 0, 23, 87, 1854 }, // U+1EB1
    { 19, 25, 291, -2, 25, 119, 1941 }, // U+1EB2
    { 15, 23, 242, 0, 23, 87, 2060 }, // U+1EB3
    { 20, 24, 291, -2, 24, 120, 2147 }, // U+1EB4
    { 16, 22, 242, 0, 22, 88, 2267 }, // U+1EB5
    { 19, 28, 291, -2, 24, 133, 2355 }, // U+1EB6
    { 16, 25, 242, 0, 20, 100, 2488 }, // U+1EB7
    { 20, 22, 266, -1, 18, 110, 2588 }, // U+1EB8
    { 12, 19, 195, 0, 14, 57, 2698 }, // U+1EB9
    { 20, 24, 266, -1, 24, 120, 2755 }, // U+1EBA
    { 12, 21, 195, 0, 21, 63, 2875 }, // U+1EBB
    { 20, 24, 266, -1, 24, 120, 2938 }, // U+1EBC
    { 14, 20, 195, 0, 20, 70, 3058 }, // U+1EBD
    { 22, 26, 266, -1, 26, 143, 3128 }, // U+1EBE
    { 18, 22, 195, 0, 22, 99, 3271 }, // U+1EBF
    { 20, 25, 266, -1, 25, 125, 3370 }, // U+1EC0
    { 13, 21, 195, 0, 21, 69, 3495 }, // U+1EC1
    { 21, 27, 266, -1, 27, 142, 3564 }, // U+1EC2
    { 17, 23, 195, 0, 23, 98, 3706 }, // U+1EC3
    { 20, 26, 266, -1, 26, 130, 3804 }, // U+1EC4
    { 14, 21, 195, 0, 21, 74, 3934 }, // U+1EC5
    { 20, 28, 266, -1, 24, 140, 4008 }, // U+1EC6
    { 13, 25, 195, 0, 20, 82, 4148 }, // U+1EC7
    { 13, 24, 148, -1, 24, 78, 4230 }, // U+1EC8
    { 10, 21, 139, 0, 21, 53, 4308 }, // U+1EC9
    { 13, 22, 148, -1, 18, 72, 4361 }, // U+1ECA
    { 10, 25, 139, 0, 20, 63, 4433 }, // U+1ECB
    { 18, 22, 306, 1, 18, 99, 4496 }, // U+1ECC
    { 13, 19, 217, 0, 14, 62, 4595 }, // U+1ECD
    { 18, 24, 306, 1, 24, 108, 4657 }, // U+1ECE
    { 13, 21, 217, 0, 21, 69, 4765 }, // U+1ECF
    { 21, 26, 306, 1, 26, 137, 4834 }, // U+1ED0
    { 19, 22, 217, 0, 22, 105, 4971 }, // U+1ED1
    { 18, 25, 306, 1, 25, 113, 5076 }, // U+1ED2
    { 13, 21, 217, 0, 21, 69, 5189 }, // U+1ED3
    { 20, 27, 306, 1, 27, 135, 5258 }, // U+1ED4
    { 17, 23, 217, 0, 23, 98, 5393 }, // U+1ED5
    { 18, 26, 306, 1, 26, 117, 5491 }, // U+1ED6
    { 14, 21, 217, 0, 21, 74, 5608 }, // U+1ED7
    { 18, 28, 306, 1, 24, 126, 5682 }, // U+1ED8
    { 13, 25, 217, 0, 20, 82, 5808 }, // U+1ED9
    { 20, 24, 308, 1, 24, 120, 5890 }, // U+1EDA
    { 16, 20, 223, 0, 20, 80, 6010 }, // U+1EDB
    { 20, 24, 308, 1, 24, 120, 6090 }, // U+1EDC
    { 16, 20, 223, 0, 20, 80, 6210 }, // U+1EDD
    { 20, 24, 308, 1, 24, 120, 6290 }, // U+1EDE
    { 16, 21, 223, 0, 21, 84, 6410 }, // U+1EDF
    { 20, 24, 308, 1, 24, 120, 6494 }, // U+1EE0
    { 16, 20, 223, 0, 20, 80, 6614 }, // U+1EE1
    { 20, 26, 308, 1, 22, 130, 6694 }, // U+1EE2
    { 16, 23, 223, 0, 18, 92, 6824 }, // U+1EE3
    { 20, 22, 304, 2, 18, 110, 6916 }, // U+1EE4
    { 16, 19, 252, 0, 14, 76, 7026 }, // U+1EE5
    { 20, 24, 304, 2, 24, 120, 7102 }, // U+1EE6
    { 16, 21, 252, 0, 21, 84, 7222 }, // U+1EE7
    { 22, 24, 308, 2, 24, 132, 7306 }, // U+1EE8
    { 19, 20, 267, 0, 20, 95, 7438 }, // U+1EE9
    { 22, 24, 308, 2, 24, 132, 7533 }, // U+1EEA
    { 19, 20, 267, 0, 20, 95, 7665 }, // U+1EEB
    { 22, 24, 308, 2, 24, 132, 7760 }, // U+1EEC
    { 19, 21, 267, 0, 21, 100, 7892 }, // U+1EED
    { 22, 24, 308, 2, 24, 132, 7992 }, // U+1EEE
    { 19, 20, 267, 0, 20, 95, 8124 }, // U+1EEF
    { 22, 26, 308, 2, 22, 143, 8219 }, // U+1EF0
    { 19, 23, 267, 0, 18, 110, 8362 }, // U+1EF1
    { 19, 24, 277, 2, 24, 114, 8472 }, // U+1EF2
    { 16, 27, 228, -1, 20, 108, 8586 }, // U+1EF3
    { 19, 22, 277, 2, 18, 105, 8694 }, // U+1EF4
    { 16, 21, 228, -1, 14, 84, 8799 }, // U+1EF5
    { 19, 24, 277, 2, 24, 114, 8883 }, // U+1EF6
    { 16, 28, 228, -1, 21, 112, 8997 }, // U+1EF7
    { 19, 24, 277, 2, 24, 114, 9109 }, // U+1EF8
    { 16, 27, 228, -1, 20, 108, 9223 }, // U+1EF9
    { 7, 2, 145, 1, 7, 4, 0 }, // U+2010
    { 11, 2, 195, 1, 8, 6, 4 }, // U+2013
    { 14, 2, 255, 1, 8, 7, 10 }, // U+2014
    { 6, 7, 100, 3, 18, 11, 17 }, // U+2018
    { 6, 7, 100, 2, 18, 11, 28 }, // U+2019
    { 6, 7, 98, -2, 3, 11, 39 }, // U+201A
    { 10, 7, 174, 3, 18, 18, 50 }, // U+201C
    { 11, 7, 174, 2, 18, 20, 68 }, // U+201D
    { 11, 7, 172, -2, 3, 20, 88 }, // U+201E
    { 8, 10, 149, 3, 19, 20, 108 }, // U+2020
    { 9, 10, 157, 2, 19, 23, 128 }, // U+2021
    { 7, 7, 168, 2, 10, 13, 151 }, // U+2022
    { 15, 4, 269, 0, 4, 15, 164 }, // U+2026
    { 27, 18, 475, 2, 18, 122, 179 }, // U+2030
    { 6, 7, 86, 2, 18, 11, 301 }, // U+2032
    { 10, 7, 148, 2, 18, 18, 312 }, // U+2033
    { 9, 12, 128, 0, 12, 27, 330 }, // U+2039
    { 9, 12, 134, -1, 12, 27, 357 }, // U+203A
    { 19, 18, 30, -8, 18, 86, 384 }, // U+2044
    { 19, 18, 307, 1, 18, 86, 470 }, // U+2052
    { 10, 10, 160, 2, 18, 25, 0 }, // U+2070
    { 9, 10, 150, 2, 18, 23, 25 }, // U+2074
    { 17, 23, 229, 0, 20, 98, 0 }, // U+20A1
    { 19, 18, 244, -1, 18, 86, 98 }, // U+20A3
    { 16, 18, 243, 0, 18, 72, 184 }, // U+20A4
    { 20, 18, 278, -1, 18, 90, 256 }, // U+20A6
    { 22, 18, 349, 0, 18, 99, 346 }, // U+20A7
    { 20, 18, 298, 1, 18, 90, 445 }, // U+20A9
    { 20, 24, 263, -2, 19, 120, 535 }, // U+20AB
    { 18, 18, 280, 1, 18, 81, 655 }, // U+20AC
    { 21, 18, 280, -1, 18, 95, 736 }, // U+20AD
    { 19, 18, 279, 0, 18, 86, 831 }, // U+20B1
    { 16, 23, 248, 1, 20, 92, 917 }, // U+20B2
    { 13, 18, 198, 1, 18, 59, 1009 }, // U+20B5
    { 16, 18, 238, 1, 18, 72, 1068 }, // U+20B9
    { 14, 18, 239, -1, 18, 63, 1140 }, // U+20BA
    { 14, 18, 231, -1, 18, 63, 1203 }, // U+20BC
    { 18, 18, 247, -1, 18, 81, 1266 }, // U+20BD
    { 11, 2, 218, 1, 7, 6, 0 }, // U+2212
    { 19, 18, 30, -8, 18, 86, 6 }, // U+2215
    { 7, 7, 218, 3, 10, 13, 92 }, // U+2219
    { 13, 8, 218, 0, 11, 26, 105 }, // U+2248
    { 14, 12, 218, 0, 12, 42, 131 }, // U+2260
    { 15, 14, 218, -1, 14, 53, 173 }, // U+2264
    { 14, 14, 218, -1, 14, 49, 226 }, // U+2265
    { 27, 27, 263, -5, 20, 183, 0 }, // U+FB00
    { 21, 27, 254, -5, 20, 142, 183 }, // U+FB01
    { 22, 27, 265, -5, 20, 149, 325 }, // U+FB02
    { 28, 27, 367, -5, 20, 189, 474 }, // U+FB03
    { 30, 27, 378, -5, 20, 203, 663 }, // U+FB04
};

static const EpdUnicodeInterval libron_12_italicIntervals[] = {
    { 0x20, 0x7E, 0x0 },
    { 0xA0, 0x131, 0x5F },
    { 0x134, 0x148, 0xF1 },
    { 0x14A, 0x17E, 0x106 },
    { 0x1A0, 0x1A1, 0x13B },
    { 0x1AF, 0x1B0, 0x13D },
    { 0x1C4, 0x1DC, 0x13F },
    { 0x1DE, 0x1E3, 0x158 },
    { 0x1E6, 0x1ED, 0x15E },
    { 0x1F0, 0x1F0, 0x166 },
    { 0x1F4, 0x1F5, 0x167 },
    { 0x1F8, 0x21B, 0x169 },
    { 0x21E, 0x21F, 0x18D },
    { 0x300, 0x304, 0x18F },
    { 0x306, 0x30C, 0x194 },
    { 0x30F, 0x30F, 0x19B },
    { 0x311, 0x312, 0x19C },
    { 0x31B, 0x31B, 0x19E },
    { 0x323, 0x324, 0x19F },
    { 0x326, 0x328, 0x1A1 },
    { 0x32E, 0x32E, 0x1A4 },
    { 0x331, 0x331, 0x1A5 },
    { 0x335, 0x335, 0x1A6 },
    { 0x1EA0, 0x1EF9, 0x1A7 },
    { 0x2010, 0x2010, 0x201 },
    { 0x2013, 0x2014, 0x202 },
    { 0x2018, 0x201A, 0x204 },
    { 0x201C, 0x201E, 0x207 },
    { 0x2020, 0x2022, 0x20A },
    { 0x2026, 0x2026, 0x20D },
    { 0x2030, 0x2030, 0x20E },
    { 0x2032, 0x2033, 0x20F },
    { 0x2039, 0x203A, 0x211 },
    { 0x2044, 0x2044, 0x213 },
    { 0x2052, 0x2052, 0x214 },
    { 0x2070, 0x2070, 0x215 },
    { 0x2074, 0x2074, 0x216 },
    { 0x20A1, 0x20A1, 0x217 },
    { 0x20A3, 0x20A4, 0x218 },
    { 0x20A6, 0x20A7, 0x21A },
    { 0x20A9, 0x20A9, 0x21C },
    { 0x20AB, 0x20AD, 0x21D },
    { 0x20B1, 0x20B2, 0x220 },
    { 0x20B5, 0x20B5, 0x222 },
    { 0x20B9, 0x20BA, 0x223 },
    { 0x20BC, 0x20BD, 0x225 },
    { 0x2212, 0x2212, 0x227 },
    { 0x2215, 0x2215, 0x228 },
    { 0x2219, 0x2219, 0x229 },
    { 0x2248, 0x2248, 0x22A },
    { 0x2260, 0x2260, 0x22B },
    { 0x2264, 0x2265, 0x22C },
    { 0xFB00, 0xFB04, 0x22E },
};

static const EpdFontGroup libron_12_italicGroups[] = {
    { 0, 3370, 6613, 95, 0 },
    { 3370, 2726, 7655, 96, 95 },
    { 6096, 3636, 12315, 124, 191 },
    { 9732, 3173, 9929, 84, 315 },
    { 12905, 193, 207, 24, 399 },
    { 13098, 2028, 9882, 90, 423 },
    { 15126, 408, 616, 20, 513 },
    { 15534, 62, 60, 2, 533 },
    { 15596, 855, 1443, 16, 535 },
    { 16451, 173, 302, 7, 551 },
    { 16624, 392, 918, 5, 558 },
};

static const uint16_t libron_12_italicKernLeftCodepoints[] = {
    0x0020, 0x0022, 0x0026, 0x0027, 0x0028, 0x0029, 0x002A, 0x002C, 0x002D, 0x002E, 0x002F, 0x0030,
    0x0031, 0x0032, 0x0033, 0x0034, 0x0035, 0x0036, 0x0037, 0x0038, 0x0039, 0x003A, 0x003B, 0x003F,
    0x0040, 0x0041, 0x0042, 0x0043, 0x0044, 0x0045, 0x0046, 0x0047, 0x0048, 0x0049, 0x004A, 0x004B,
    0x004C, 0x004D, 0x004E, 0x004F, 0x0050, 0x0051, 0x0052, 0x0053, 0x0054, 0x0055, 0x0056, 0x0057,
    0x0058, 0x0059, 0x005A, 0x005B, 0x005C, 0x005D, 0x005F, 0x0061, 0x0062, 0x0063, 0x0064, 0x0065,
    0x0066, 0x0067, 0x0068, 0x0069, 0x006A, 0x006B, 0x006C, 0x006D, 0x006E, 0x006F, 0x0070, 0x0071,
    0x0072, 0x0073, 0x0074, 0x0075, 0x0076, 0x0077, 0x0078, 0x0079, 0x007A, 0x007B, 0x007C, 0x007D,
    0x00A0, 0x00A1, 0x00A3, 0x00A4, 0x00A5, 0x00A6, 0x00A9, 0x00AA, 0x00AB, 0x00AD, 0x00AE, 0x00B0,
    0x00B2, 0x00B3, 0x00B7, 0x00B9, 0x00BA, 0x00BB, 0x00BF, 0x00C0, 0x00C1, 0x00C2, 0x00C3, 0x00C4,
    0x00C5, 0x00C6, 0x00C7, 0x00C8, 0x00C9, 0x00CA, 0x00CB, 0x00CC, 0x00CD, 0x00CE, 0x00CF, 0x00D0,
    0x00D1, 0x00D2, 0x00D3, 0x00D4, 0x00D5, 0x00D6, 0x00D8, 0x00D9, 0x00DA, 0x00DB, 0x00DC, 0x00DD,
    0x00DE, 0x00DF, 0x00E0, 0x00E1, 0x00E2, 0x00E3, 0x00E4, 0x00E5, 0x00E6, 0x00E7, 0x00E8, 0x00E9,
    0x00EA, 0x00EB, 0x00EC, 0x00ED, 0x00EE, 0x00EF, 0x00F0, 0x00F1, 0x00F2, 0x00F3, 0x00F4, 0x00F5,
    0x00F6, 0x00F8, 0x00F9, 0x00FA, 0x00FB, 0x00FC, 0x00FD, 0x00FE, 0x00FF, 0x0100, 0x0101, 0x0102,
    0x0103, 0x0104, 0x0105, 0x0106, 0x0107, 0x0108, 0x0109, 0x010A, 0x010B, 0x010C, 0x010D, 0x010E,
    0x010F, 0x0110, 0x0111, 0x0112, 0x0113, 0x0114, 0x0115, 0x0116, 0x0117, 0x0118, 0x0119, 0x011A,
    0x011B, 0x011C, 0x011D, 0x011E, 0x011F, 0x0120, 0x0121, 0x0122, 0x0123, 0x0124, 0x0125, 0x0126,
    0x0127, 0x0128, 0x0129, 0x012A, 0x012B, 0x012C, 0x012D, 0x012E, 0x012F, 0x0130, 0x0131, 0x0134,
    0x0135, 0x0136, 0x0137, 0x0138, 0x0139, 0x013A, 0x013B, 0x013C, 0x013D, 0x013E, 0x013F, 0x0141,
    0x0142, 0x0143, 0x0144, 0x0145, 0x0146, 0x0147, 0x0148, 0x014A, 0x014B, 0x014C, 0x014D, 0x014E,
    0x014F, 0x0150, 0x0151, 0x0152, 0x0153, 0x0154, 0x0155, 0x0156, 0x0157, 0x0158, 0x0159, 0x015A,
    0x015B, 0x015C, 0x015D, 0x015E, 0x015F, 0x0160, 0x0161, 0x0162, 0x0163, 0x0164, 0x0165, 0x0166,
    0x0167, 0x0168, 0x0169, 0x016A, 0x016B, 0x016C, 0x016D, 0x016E, 0x016F, 0x0170, 0x0171, 0x0172,
    0x0173, 0x0174, 0x0175, 0x0176, 0x0177, 0x0178, 0x0179, 0x017A, 0x017B, 0x017C, 0x017D, 0x017E,
    0x01A0, 0x01A1, 0x01AF, 0x01B0, 0x01C4, 0x01C5, 0x01C6, 0x01C7, 0x01C8, 0x01C9, 0x01CA, 0x01CB,
    0x01CC, 0x01E6, 0x01E7, 0x01EA, 0x01EB, 0x01FA, 0x01FB, 0x01FC, 0x01FD, 0x01FE, 0x01FF, 0x0200,
    0x0201, 0x0202, 0x0203, 0x0204, 0x0205, 0x0206, 0x0207, 0x0208, 0x0209, 0x020A, 0x020B, 0x020C,
    0x020D, 0x020E, 0x020F, 0x0210, 0x0211, 0x0212, 0x0213, 0x0214, 0x0215, 0x0216, 0x0217, 0x0218,
    0x0219, 0x021A, 0x021B, 0x1EA0, 0x1EA1, 0x1EA2, 0x1EA3, 0x1EA4, 0x1EA5, 0x1EA6, 0x1EA7, 0x1EA8,
    0x1EA9, 0x1EAA, 0x1EAB, 0x1EAC, 0x1EAD, 0x1EAE, 0x1EAF, 0x1EB0, 0x1EB1, 0x1EB2, 0x1EB3, 0x1EB4,
    0x1EB5, 0x1EB6, 0x1EB7, 0x1EB8, 0x1EB9, 0x1EBA, 0x1EBB, 0x1EBC, 0x1EBD, 0x1EBE, 0x1EBF, 0x1EC0,
    0x1EC1, 0x1EC2, 0x1EC3, 0x1EC4, 0x1EC5, 0x1EC6, 0x1EC7, 0x1EC8, 0x1EC9, 0x1ECA, 0x1ECB, 0x1ECC,
    0x1ECD, 0x1ECE, 0x1ECF, 0x1ED0, 0x1ED1, 0x1ED2, 0x1ED3, 0x1ED4, 0x1ED5, 0x1ED6, 0x1ED7, 0x1ED8,
    0x1ED9, 0x1EDA, 0x1EDB, 0x1EDC, 0x1EDD, 0x1EDE, 0x1EDF, 0x1EE0, 0x1EE1, 0x1EE2, 0x1EE3, 0x1EE4,
    0x1EE5, 0x1EE6, 0x1EE7, 0x1EE8, 0x1EE9, 0x1EEA, 0x1EEB, 0x1EEC, 0x1EED, 0x1EEE, 0x1EEF, 0x1EF0,
    0x1EF1, 0x1EF2, 0x1EF3, 0x1EF4, 0x1EF5, 0x1EF6, 0x1EF7, 0x1EF8, 0x1EF9, 0x2013, 0x2014, 0x2018,
    0x2019, 0x201A, 0x201C, 0x201D, 0x201E, 0x2020, 0x2021, 0x2022, 0x2026, 0x2032, 0x2033, 0x2039,
    0x203A, 0x2052, 0x2070, 0x2074, 0x20A1, 0x20A3, 0x20A7, 0x20AD, 0x20B9, 0x20BA, 0x20BC, 0xFB00,
    0xFB01, 0xFB02, 0xFB03, 0xFB04,
};

static const uint8_t libron_12_italicKernLeftClassIds[] = {
      1,   2,   3,   2,   4,   5,   6,   7,   8,   9,  10,  11,  12,  13,  14,  15,
     16,  17,  18,  19,  20,  21,  22,  23,  24,  25,  26,  27,  28,  29,  30,  31,
     32,  32,  33,  34,  35,  36,  37,  38,  39,  40,  41,  42,  43,  44,  45,  46,
     47,  48,  49,  50,  51,  52,  53,  54,  55,  56,  57,  58,  59,  60,  61,  62,
     63,  64,  65,  61,  61,  66,  67,  68,  69,  70,  71,  72,  73,  74,  75,  76,
     77,  78,  79,  80,   1,  81,  82,  83,  84,  79,  85,  86,  87,   8,  88,  89,
     90,  91,  92,  93,  94,  95,  96,  25,  25,  25,  25,  25,  25,  29,  27,  29,
     29,  29,  29,  32,  32,  32,  32,  28,  37,  38,  38,  38,  38,  38,  97,  44,
     44,  44,  44,  48,  98,  99,  54, 100, 101,  54, 102,  54,  58, 103,  58, 104,
    105, 106, 107, 108, 109, 110, 111,  61,  66, 112, 113, 114, 115, 116,  72,  72,
     72,  72,  76,  67,  76,  25,  54,  25,  54, 117, 118,  27, 119,  27, 120,  27,
     56,  27, 121,  28, 122,  28, 123,  29, 124,  29, 125,  29,  58, 126, 127,  29,
    128,  31,  60,  31,  60,  31,  60,  31,  60,  32,  61, 129,  61,  32, 130,  32,
    131,  32, 132, 133, 134,  32, 107,  33, 135,  34,  64,  64,  35,  65,  35,  65,
    136, 137,  35,  35, 138,  37, 139,  37,  61,  37,  61, 140, 141,  38, 142,  38,
    114,  38, 143,  29,  58,  41,  69,  41,  69,  41,  69,  42, 144,  42, 145,  42,
    146,  42, 147,  43, 148,  43, 149, 150,  71,  44,  72,  44,  72,  44,  72,  44,
     72,  44, 151,  44, 152,  46,  74,  48,  76,  48,  49, 153,  49,  77,  49,  77,
    154, 155, 156, 157,  49,  77,  77,  33,  63,  63,  33,  63,  63,  31,  60,  38,
    158,  25,  54,  29,  58,  97, 159,  25,  54,  25, 101,  29,  58,  29, 105,  32,
    160,  32, 161,  38,  66,  38, 162,  41,  69,  41,  69,  44,  72,  44,  72,  42,
    163,  43, 148,  25,  54,  25,  54,  25, 164,  25, 101,  25, 165,  25,  54,  25,
    101,  25,  54,  25,  54,  25,  54,  25,  54,  25,  54,  29,  58,  29,  58,  29,
    166,  29, 167,  29, 105,  29, 168,  29, 169,  29, 105,  32, 170, 171, 172,  38,
     66,  38,  66,  38, 173,  38, 113,  38, 174,  38,  66,  38, 113, 154, 155, 154,
    155, 154, 155, 154, 155, 154, 155,  44,  72,  44,  72, 156, 157, 156, 157, 156,
    157, 156, 157, 175, 157,  48,  76,  48, 176,  48,  76,  48,  76, 177, 178, 179,
    180, 181, 179, 180, 182, 183, 184, 185,   9, 186, 186,  87,  95, 187, 188, 189,
    190, 191, 192, 193, 193, 194, 195, 196, 197,  65, 197,  65,
};

static const uint16_t libron_12_italicKernRightCodepoints[] = {
    0x0020, 0x0021, 0x0022, 0x0025, 0x0026, 0x0027, 0x0028, 0x0029, 0x002A, 0x002C, 0x002D, 0x002E,
    0x002F, 0x0030, 0x0031, 0x0032, 0x0033, 0x0034, 0x0035, 0x0036, 0x0037, 0x0038, 0x0039, 0x003A,
    0x003B, 0x003F, 0x0040, 0x0041, 0x0042, 0x0043, 0x0044, 0x0045, 0x0046, 0x0047, 0x0048, 0x0049,
    0x004A, 0x004B, 0x004C, 0x004D, 0x004E, 0x004F, 0x0050, 0x0051, 0x0052, 0x0053, 0x0054, 0x0055,
    0x0056, 0x0057, 0x0058, 0x0059, 0x005A, 0x005B, 0x005C, 0x005D, 0x005F, 0x0061, 0x0062, 0x0063,
    0x0064, 0x0065, 0x0066, 0x0067, 0x0068, 0x0069, 0x006A, 0x006B, 0x006C, 0x006D, 0x006E, 0x006F,
    0x0070, 0x0071, 0x0072, 0x0073, 0x0074, 0x0075, 0x0076, 0x0077, 0x0078, 0x0079, 0x007A, 0x007B,
    0x007C, 0x007D, 0x00A0, 0x00A1, 0x00A2, 0x00A4, 0x00A5, 0x00A6, 0x00A9, 0x00AA, 0x00AB, 0x00AD,
    0x00AE, 0x00B0, 0x00B2, 0x00B3, 0x00B7, 0x00B9, 0x00BA, 0x00BB, 0x00BF, 0x00C0, 0x00C1, 0x00C2,
    0x00C3, 0x00C4, 0x00C5, 0x00C6, 0x00C7, 0x00C8, 0x00C9, 0x00CA, 0x00CB, 0x00CC, 0x00CD, 0x00CE,
    0x00CF, 0x00D0, 0x00D1, 0x00D2, 0x00D3, 0x00D4, 0x00D5, 0x00D6, 0x00D8, 0x00D9, 0x00DA, 0x00DB,
    0x00DC, 0x00DD, 0x00DE, 0x00DF, 0x00E0, 0x00E1, 0x00E2, 0x00E3, 0x00E4, 0x00E5, 0x00E6, 0x00E7,
    0x00E8, 0x00E9, 0x00EA, 0x00EB, 0x00EC, 0x00ED, 0x00EE, 0x00EF, 0x00F0, 0x00F1, 0x00F2, 0x00F3,
    0x00F4, 0x00F5, 0x00F6, 0x00F8, 0x00F9, 0x00FA, 0x00FB, 0x00FC, 0x00FD, 0x00FE, 0x00FF, 0x0100,
    0x0101, 0x0102, 0x0103, 0x0104, 0x0105, 0x0106, 0x0107, 0x0108, 0x0109, 0x010A, 0x010B, 0x010C,
    0x010D, 0x010E, 0x010F, 0x0110, 0x0111, 0x0112, 0x0113, 0x0114, 0x0115, 0x0116, 0x0117, 0x0118,
    0x0119, 0x011A, 0x011B, 0x011C, 0x011D, 0x011E, 0x011F, 0x0120, 0x0121, 0x0122, 0x0123, 0x0124,
    0x0125, 0x0126, 0x0127, 0x0128, 0x0129, 0x012A, 0x012B, 0x012C, 0x012D, 0x012E, 0x012F, 0x0130,
    0x0131, 0x0134, 0x0135, 0x0136, 0x0137, 0x0138, 0x0139, 0x013A, 0x013B, 0x013C, 0x013D, 0x013E,
    0x013F, 0x0140, 0x0141, 0x0142, 0x0143, 0x0144, 0x0145, 0x0146, 0x0147, 0x0148, 0x014A, 0x014B,
    0x014C, 0x014D, 0x014E, 0x014F, 0x0150, 0x0151, 0x0152, 0x0153, 0x0154, 0x0155, 0x0156, 0x0157,
    0x0158, 0x0159, 0x015A, 0x015B, 0x015C, 0x015D, 0x015E, 0x015F, 0x0160, 0x0161, 0x0162, 0x0163,
    0x0164, 0x0165, 0x0166, 0x0167, 0x0168, 0x0169, 0x016A, 0x016B, 0x016C, 0x016D, 0x016E, 0x016F,
    0x0170, 0x0171, 0x0172, 0x0173, 0x0174, 0x0175, 0x0176, 0x0177, 0x0178, 0x0179, 0x017A, 0x017B,
    0x017C, 0x017D, 0x017E, 0x01A0, 0x01A1, 0x01AF, 0x01B0, 0x01C4, 0x01C5, 0x01C6, 0x01C7, 0x01C8,
    0x01C9, 0x01CA, 0x01CB, 0x01CC, 0x01E6, 0x01E7, 0x01EA, 0x01EB, 0x01FA, 0x01FB, 0x01FC, 0x01FD,
    0x01FE, 0x01FF, 0x0200, 0x0201, 0x0202, 0x0203, 0x0204, 0x0205, 0x0206, 0x0207, 0x0208, 0x0209,
    0x020A, 0x020B, 0x020C, 0x020D, 0x020E, 0x020F, 0x0210, 0x0211, 0x0212, 0x0213, 0x0214, 0x0215,
    0x0216, 0x0217, 0x0218, 0x0219, 0x021A, 0x021B, 0x1EA0, 0x1EA1, 0x1EA2, 0x1EA3, 0x1EA4, 0x1EA5,
    0x1EA6, 0x1EA7, 0x1EA8, 0x1EA9, 0x1EAA, 0x1EAB, 0x1EAC, 0x1EAD, 0x1EAE, 0x1EAF, 0x1EB0, 0x1EB1,
    0x1EB2, 0x1EB3, 0x1EB4, 0x1EB5, 0x1EB6, 0x1EB7, 0x1EB8, 0x1EB9, 0x1EBA, 0x1EBB, 0x1EBC, 0x1EBD,
    0x1EBE, 0x1EBF, 0x1EC0, 0x1EC1, 0x1EC2, 0x1EC3, 0x1EC4, 0x1EC5, 0x1EC6, 0x1EC7, 0x1EC8, 0x1EC9,
    0x1ECA, 0x1ECB, 0x1ECC, 0x1ECD, 0x1ECE, 0x1ECF, 0x1ED0, 0x1ED1, 0x1ED2, 0x1ED3, 0x1ED4, 0x1ED5,
    0x1ED6, 0x1ED7, 0x1ED8, 0x1ED9, 0x1EDA, 0x1EDB, 0x1EDC, 0x1EDD, 0x1EDE, 0x1EDF, 0x1EE0, 0x1EE1,
    0x1EE2, 0x1EE3, 0x1EE4, 0x1EE5, 0x1EE6, 0x1EE7, 0x1EE8, 0x1EE9, 0x1EEA, 0x1EEB, 0x1EEC, 0x1EED,
    0x1EEE, 0x1EEF, 0x1EF0, 0x1EF1, 0x1EF2, 0x1EF3, 0x1EF4, 0x1EF5, 0x1EF6, 0x1EF7, 0x1EF8, 0x1EF9,
    0x2013, 0x2014, 0x2018, 0x2019, 0x201A, 0x201C, 0x201D, 0x201E, 0x2020, 0x2021, 0x2022, 0x2026,
    0x2030, 0x2032, 0x2033, 0x2039, 0x203A, 0x2052, 0x2070, 0x2074, 0x20A9, 0x20AB, 0x20AC, 0x20B2,
    0x20B5, 0x20B9, 0x20BC, 0xFB00, 0xFB01, 0xFB02, 0xFB03, 0xFB04,
};

static const uint8_t libron_12_italicKernRightClassIds[] = {
      1,   2,   3,   4,   5,   3,   6,   7,   8,   9,  10,  11,  12,  13,  14,  15,
     16,  17,  18,  19,  20,  21,  22,  23,  24,  25,  26,  27,  28,  29,  28,  28,
     28,  29,  28,  28,  30,  28,  28,  31,  32,  33,  28,  33,  28,  34,  35,  36,
     37,  38,  39,  40,  41,  42,  43,  44,  45,  46,  47,  48,  46,  48,  49,  50,
     51,  52,  53,  51,  54,  55,  55,  48,  56,  46,  57,  58,  59,  60,  61,  62,
     63,  64,  65,  66,  67,  68,   1,  69,  70,  71,  72,  67,  73,  74,  75,  10,
     76,  77,  78,  79,  80,  81,  82,  83,  84,  27,  27,  27,  27,  27,  27,  85,
     29,  28,  28,  28,  28,  28,  28,  28,  28,  86,  32,  33,  33,  33,  33,  33,
     87,  36,  36,  36,  36,  40,  28,  88,  89,  46,  90,  91,  92,  46,  46,  48,
     93,  48,  94,  95,  96,  97,  98,  99, 100,  55, 101,  48, 102, 103, 104, 105,
    106,  60, 107, 108,  64, 109, 110,  27,  91,  27, 111,  27,  46,  29,  48,  29,
    112,  29,  48,  29, 113,  28,  46,  28,  46,  28, 114,  28, 115,  28, 116,  28,
     48,  28, 117,  29, 118,  29, 119,  29, 120,  29, 120,  28,  51,  28, 121, 122,
    123,  28, 124,  28, 125,  28,  52,  28, 126,  30, 127,  28,  51,  55,  28,  54,
     28,  54,  28,  54,  28,  54, 128, 129,  32,  55,  32,  55,  32,  55,  32,  55,
     33, 130,  33, 131,  33,  48,  33,  48,  28,  55,  28,  55,  28, 132,  34,  58,
     34, 133,  34,  58,  34, 134,  35,  59,  35,  59, 135, 136,  36, 137,  36, 137,
     36, 138,  36,  60,  36,  60,  36,  60,  38,  62,  40, 139,  40,  41,  65,  41,
    140,  41, 141,  33,  48,  36,  60,  28,  28,  46,  28,  28,  54,  32,  32,  55,
     29, 142,  33,  48,  27,  46,  85,  46,  87, 143,  27, 144,  27,  90,  28, 145,
     28, 146,  28, 147,  28, 148,  33, 149,  33, 150,  28, 151,  28, 152,  36, 153,
     36, 154,  34,  58,  35,  59,  27,  46,  27,  46,  27,  90,  27, 155,  27,  90,
     27, 156,  27,  90,  27,  91,  27,  91,  27,  91,  27, 156,  27, 111,  28,  48,
     28, 157,  28, 158,  28,  94,  28, 159,  28,  94,  28, 160,  28,  94,  28, 161,
     28,  52,  33,  48,  33, 162,  33, 102,  33, 163,  33, 102,  33, 164,  33, 102,
     33,  48,  33, 101,  33, 162,  33, 103,  33,  48,  36,  60,  36,  60,  36,  60,
     36, 106,  36,  60,  36, 137,  36,  60,  40, 165,  40,  64,  40, 166,  40, 167,
    168, 168, 169, 170, 171, 169, 170, 172, 173, 174, 175,  11,   4, 176, 176,  75,
     83, 177, 178, 179,  70, 180, 181,  70,  70, 182,  71, 183, 184, 184, 183, 183,
};

static const uint16_t libron_12_italicKernRowOffsets[] = {
        0,    34,   137,   175,   292,   300,   388,   523,   607,   741,   825,   848,   884,   909,   946,   971,
      990,  1014,  1036,  1054,  1082,  1109,  1137,  1144,  1187,  1326,  1400,  1424,  1465,  1519,  1646,  1676,
     1787,  1899,  2032,  2114,  2228,  2349,  2384,  2461,  2500,  2583,  2676,  2797,  2911,  3048,  3183,  3319,
     3456,  3555,  3656,  3712,  3714,  3729,  3777,  3814,  3845,  3889,  3934,  4066,  4168,  4215,  4256,  4276,
     4384,  4436,  4478,  4515,  4544,  4640,  4700,  4727,  4773,  4813,  4851,  4887,  4914,  5003,  5108,  5110,
     5120,  5138,  5139,  5141,  5145,  5180,  5183,  5265,  5313,  5316,  5344,  5371,  5441,  5471,  5474,  5572,
     5706,  5742,  5787,  5905,  5953,  6001,  6049,  6086,  6131,  6176,  6221,  6262,  6314,  6355,  6401,  6443,
     6485,  6527,  6569,  6611,  6653,  6792,  6841,  6873,  6904,  6935,  6986,  7037,  7082,  7127,  7181,  7228,
     7273,  7384,  7429,  7475,  7518,  7629,  7672,  7696,  7782,  7830,  7849,  7896,  8017,  8031,  8073,  8116,
     8176,  8236,  8298,  8358,  8387,  8433,  8554,  8600,  8648,  8737,  8756,  8759,  8877,  8893,  8937,  8979,
     9020,  9061,  9103,  9165,  9216,  9271,  9316,  9368,  9420,  9465,  9506,  9617,  9660,  9707,  9754,  9872,
     9906,  9990, 10074, 10184, 10309, 10443, 10577, 10584, 10592, 10622, 10645, 10647, 10668, 10676, 10677, 10678,
    10679, 10680, 10682, 10684, 10817, 10858,
};

static const uint8_t libron_12_italicKernSparseCols[] = {
      2,   7,   8,  10,  11,  24,  26,  29,  34,  36,  37,  38,  39,  42,  43,  44,
     48,  63,  75,  84,  87, 109, 134, 138, 164, 165, 166, 168, 169, 170, 171, 175,
    182, 183,   0,   4,   8,   9,  10,  16,  26,  29,  36,  37,  38,  39,  43,  45,
     46,  47,  49,  50,  53,  54,  55,  56,  57,  59,  60,  61,  62,  64,  65,  68,
     74,  82,  83,  84,  88,  89,  90,  91,  92,  93,  94,  95,  97,  98, 100, 101,
    102, 103, 104, 105, 106, 107, 108, 110, 111, 112, 113, 114, 115, 116, 117, 118,
    119, 120, 122, 123, 124, 126, 128, 129, 130, 131, 132, 133, 136, 137, 139, 140,
    141, 142, 143, 144, 145, 146, 147, 148, 149, 150, 151, 152, 153, 154, 155, 156,
    157, 158, 159, 161, 162, 163, 167, 170, 171,   0,   2,   7,  26,  29,  30,  34,
     35,  36,  37,  38,  39,  51,  52,  59,  61,  84,  95,  96,  97,  98, 105, 106,
    107, 122, 123, 124, 125, 126, 134, 136, 137, 146, 147, 152, 153, 160, 168,   2,
      4,   5,   8,   9,  10,  12,  16,  18,  22,  23,  28,  29,  32,  36,  37,  39,
     45,  46,  47,  48,  50,  51,  52,  53,  54,  55,  56,  57,  58,  59,  60,  61,
     62,  63,  64,  65,  72,  74,  82,  86,  87,  88,  89,  90,  91,  92,  93,  94,
     95,  96,  97,  98, 100, 101, 102, 103, 104, 105, 106, 107, 108, 109, 110, 111,
    112, 113, 114, 115, 116, 120, 122, 123, 124, 125, 126, 129, 130, 131, 132, 133,
    135, 136, 137, 138, 139, 140, 142, 143, 144, 145, 146, 147, 148, 149, 150, 151,
    152, 153, 154, 155, 156, 157, 158, 159, 160, 161, 162, 163, 164, 165, 166, 167,
    170, 171, 182, 183,   2,   6,   7,  43,  67, 168, 169, 175,   0,   4,   6,   8,
      9,  10,  16,  17,  19,  22,  23,  24,  26,  27,  29,  30,  31,  34,  36,  37,
     38,  39,  43,  45,  47,  48,  58,  62,  67,  68,  74,  82,  83,  84,  85,  87,
     88,  89,  90,  91,  92,  94,  97,  98, 100, 101, 102, 103, 104, 110, 111, 112,
    113, 114, 115, 116, 120, 121, 122, 123, 126, 127, 128, 129, 130, 132, 134, 135,
    142, 143, 144, 145, 146, 147, 148, 149, 154, 155, 156, 157, 161, 162, 163, 167,
    170, 171, 182, 183,   0,   2,   4,   5,   6,   7,   9,  12,  13,  14,  15,  16,
     17,  18,  19,  20,  21,  24,  25,  26,  28,  32,  33,  34,  35,  36,  37,  39,
     42,  44,  45,  46,  47,  48,  49,  51,  52,  54,  55,  56,  58,  59,  60,  61,
     63,  64,  65,  66,  67,  72,  74,  75,  79,  84,  86,  87,  88,  89,  90,  91,
     92,  93,  94,  95,  96,  97,  98,  99, 100, 101, 102, 103, 104, 105, 106, 107,
    109, 110, 111, 112, 113, 114, 115, 116, 117, 118, 119, 122, 123, 124, 125, 126,
    128, 129, 130, 131, 134, 135, 136, 137, 138, 139, 140, 141, 142, 143, 144, 145,
    146, 147, 148, 149, 150, 151, 152, 153, 154, 155, 156, 157, 158, 159, 160, 161,
    162, 163, 164, 165, 166, 167, 168, 169, 175, 182, 183,   2,   6,   7,   8,  10,
     13,  14,  15,  17,  19,  21,  22,  23,  26,  27,  28,  29,  30,  31,  32,  34,
     35,  36,  37,  38,  39,  40,  41,  43,  48,  51,  52,  54,  55,  56,  57,  58,
     59,  60,  61,  62,  64,  67,  82,  84,  85,  86,  87,  95,  96,  97,  98, 105,
    106, 107, 121, 122, 123, 124, 125, 126, 131, 132, 133, 134, 135, 136, 137, 139,
    140, 146, 147, 150, 151, 152, 153, 160, 168, 169, 170, 171, 175, 182, 183,   0,
      2,   4,   5,   6,   7,   9,  12,  13,  14,  15,  16,  17,  18,  19,  20,  21,
     24,  25,  26,  28,  32,  33,  34,  35,  36,  37,  39,  42,  45,  46,  47,  48,
     49,  51,  52,  54,  55,  56,  58,  59,  60,  61,  63,  64,  65,  66,  67,  72,
     74,  75,  79,  84,  86,  87,  88,  89,  90,  91,  92,  93,  94,  95,  96,  97,
     98,  99, 100, 101, 102, 103, 104, 105, 106, 107, 109, 110, 111, 112, 113, 114,
    115, 116, 117, 118, 119, 122, 123, 124, 125, 126, 128, 129, 130, 131, 134, 135,
    136, 137, 138, 139, 140, 141, 142, 143, 144, 145, 146, 147, 148, 149, 150, 151,
    152, 153, 154, 155, 156, 157, 158, 159, 160, 161, 162, 163, 164, 165, 166, 167,
    168, 169, 175, 182, 183,   0,   8,  10,  11,  16,  22,  23,  26,  29,  36,  45,
     46,  47,  49,  50,  53,  54,  55,  56,  57,  59,  60,  61,  62,  64,  84,  88,
     89,  90,  91,  92,  93,  94, 100, 101, 102, 103, 104, 105, 106, 107, 108, 110,
    111, 112, 113, 114, 115, 116, 117, 118, 119, 120, 129, 130, 131, 132, 133, 136,
    137, 139, 140, 141, 142, 143, 144, 145, 148, 149, 150, 151, 152, 153, 154, 155,
    156, 157, 158, 159, 161, 162, 163, 170, 171,   6,   7,  13,  19,  26,  27,  29,
     30,  31,  34,  35,  36,  37,  38,  39,  40,  43,  67,  71,  76,  85, 121, 134,
      2,   3,   7,   9,  12,  14,  16,  17,  18,  19,  20,  21,  26,  28,  32,  33,
     34,  35,  36,  37,  39,  42,  69,  71,  73,  76,  79,  81,  86, 134, 167, 168,
    169, 175, 180, 181,   2,   3,   7,  13,  18,  19,  21,  28,  32,  34,  35,  36,
     37,  39,  42,  71,  73,  76,  86, 134, 168, 169, 175, 176, 181,   2,   6,   7,
      8,  10,  13,  14,  19,  21,  22,  23,  26,  27,  28,  31,  32,  34,  35,  36,
     37,  38,  39,  40,  42,  43,  67,  71,  76,  85,  86, 121, 134, 168, 169, 170,
    171, 175,   2,   6,   7,  13,  14,  15,  16,  19,  21,  29,  31,  34,  35,  36,
     37,  39,  40,  42,  71,  76, 134, 168, 169, 175, 176,   7,   8,  10,  13,  19,
     21,  22,  23,  26,  28,  32,  34,  36,  37,  71,  86, 134, 170, 171,   2,   7,
      8,  10,  13,  14,  19,  21,  26,  34,  35,  36,  37,  38,  39,  71,  76, 134,
    168, 169, 170, 171, 175, 176,   7,   8,   9,  10,  11,  13,  16,  17,  18,  19,
     21,  26,  29,  36,  37,  39,  70,  79, 167, 170, 171, 179,   6,   7,  19,  21,
     26,  28,  31,  32,  34,  35,  36,  37,  38,  39,  43,  71,  86, 134,   6,   7,
      8,  10,  13,  14,  17,  19,  26,  27,  29,  30,  31,  34,  35,  36,  37,  38,
     39,  40,  43,  67,  71,  85, 121, 134, 170, 171,   2,   6,   7,   9,  15,  21,
     24,  34,  35,  36,  37,  39,  42,  48,  52,  74,  79,  87, 126, 128, 134, 167,
    168, 169, 175, 182, 183,   2,   6,   7,   9,  15,  21,  24,  34,  35,  36,  37,
     39,  42,  48,  52,  74,  75,  79,  87, 126, 128, 134, 167, 168, 169, 175, 182,
    183,   6,  24,  43,  67,  74, 170, 171,   0,   8,  10,  26,  27,  29,  30,  31,
     34,  35,  36,  37,  38,  39,  40,  51,  52,  60,  61,  63,  84,  85,  95,  96,
     97,  98, 109, 121, 122, 123, 124, 125, 126, 134, 138, 146, 147, 160, 164, 165,
    166, 170, 171,   0,   1,   2,   4,   7,   9,  12,  14,  15,  16,  17,  18,  19,
     20,  21,  24,  25,  26,  28,  29,  32,  33,  34,  35,  36,  37,  39,  40,  42,
     43,  45,  46,  47,  48,  49,  51,  52,  54,  55,  56,  57,  58,  59,  60,  61,
     63,  64,  72,  73,  74,  75,  79,  81,  86,  87,  88,  89,  90,  91,  92,  93,
     94,  95,  96,  97,  98,  99, 100, 101, 102, 103, 104, 105, 106, 107, 109, 110,
    111, 112, 113, 114, 115, 116, 117, 118, 119, 122, 123, 124, 125, 126, 127, 128,
    129, 130, 131, 132, 133, 134, 135, 136, 137, 138, 139, 140, 141, 142, 143, 144,
    145, 146, 147, 148, 149, 150, 151, 152, 153, 154, 155, 156, 157, 158, 159, 160,
    161, 162, 163, 164, 165, 166, 167, 168, 169, 172, 173, 174, 182, 183,   6,   7,
     19,  21,  24,  26,  27,  29,  31,  34,  35,  36,  37,  38,  39,  40,  42,  43,
     47,  48,  49,  58,  63,  64,  67,  84,  85,  87,  92,  93,  94, 100, 101, 102,
    103, 104, 109, 111, 112, 113, 114, 115, 116, 117, 118, 119, 121, 128, 129, 130,
    134, 135, 138, 139, 140, 141, 142, 144, 145, 148, 149, 156, 157, 158, 159, 161,
    162, 163, 164, 165, 166, 172, 182, 183,   7,  24,  36,  37,  39,  48,  49,  63,
     64,  87, 109, 117, 118, 119, 138, 139, 140, 141, 164, 165, 166, 172, 182, 183,
      2,   6,   7,   8,  10,  13,  14,  15,  19,  21,  24,  26,  27,  29,  30,  31,
     34,  35,  36,  37,  38,  39,  40,  42,  43,  48,  58,  67,  82,  84,  85,  87,
    121, 134, 135, 168, 170, 171, 172, 182, 183,  36,  37,  38,  39,  48,  49,  51,
     52,  54,  55,  56,  58,  59,  63,  64,  87,  95,  96,  97,  98, 105, 106, 107,
    109, 117, 118, 119, 122, 123, 124, 125, 126, 131, 135, 136, 137, 138, 139, 140,
    141, 146, 147, 150, 151, 152, 153, 158, 160, 162, 164, 165, 166, 182, 183,   0,
      4,   7,   8,   9,  10,  11,  16,  22,  23,  24,  26,  28,  29,  30,  32,  33,
     34,  38,  45,  46,  47,  48,  49,  50,  51,  52,  53,  54,  55,  56,  57,  58,
     59,  60,  61,  62,  63,  64,  74,  79,  82,  84,  86,  87,  88,  89,  90,  91,
     92,  93,  94,  95,  96,  99, 100, 101, 102, 103, 104, 105, 106, 107, 108, 109,
    110, 111, 112, 113, 114, 115, 116, 117, 118, 119, 120, 122, 123, 124, 125, 126,
    127, 129, 130, 131, 132, 133, 134, 135, 136, 137, 138, 139, 140, 141, 142, 143,
    144, 145, 146, 147, 148, 149, 150, 151, 152, 153, 154, 155, 156, 157, 158, 159,
    160, 161, 162, 163, 164, 165, 166, 167, 168, 170, 171, 174, 182, 183,   0,   2,
      7,  13,  19,  21,  24,  26,  29,  34,  35,  36,  37,  38,  39,  40,  42,  48,
     58,  75,  84,  87, 134, 135, 168, 169, 172, 173, 182, 183,   4,   9,  12,  16,
     18,  25,  28,  32,  45,  46,  47,  48,  49,  50,  51,  52,  53,  54,  55,  56,
     57,  58,  59,  60,  61,  63,  64,  74,  79,  82,  86,  87,  88,  89,  90,  91,
     92,  93,  94,  95,  96,  97,  98,  99, 100, 101, 102, 103, 104, 105, 106, 107,
    108, 109, 110, 111, 112, 113, 114, 115, 116, 117, 118, 119, 120, 122, 123, 124,
    125, 126, 128, 129, 130, 131, 132, 133, 135, 136, 137, 138, 139, 140, 141, 142,
    143, 144, 145, 146, 147, 148, 149, 150, 151, 152, 153, 154, 155, 156, 157, 158,
    159, 160, 161, 162, 163, 164, 165, 166, 167, 182, 183,   4,   7,   8,   9,  10,
     11,  12,  16,  18,  22,  23,  25,  26,  28,  29,  32,  45,  46,  47,  48,  49,
     50,  53,  54,  55,  56,  57,  58,  59,  60,  61,  62,  63,  64,  74,  79,  82,
     84,  86,  87,  88,  89,  90,  91,  92,  93,  94,  95,  96,  99, 100, 101, 102,
    103, 104, 105, 106, 107, 108, 109, 110, 111, 112, 113, 114, 115, 116, 117, 118,
    119, 120, 125, 129, 130, 131, 132, 133, 135, 136, 137, 138, 139, 140, 141, 142,
    143, 144, 145, 146, 148, 149, 150, 151, 152, 153, 154, 155, 156, 157, 158, 159,
    161, 162, 163, 164, 165, 166, 167, 170, 171, 182, 183,   0,   4,   7,   9,  12,
     15,  16,  17,  18,  20,  21,  25,  26,  28,  32,  33,  34,  35,  36,  37,  39,
     45,  46,  47,  48,  49,  50,  51,  52,  53,  54,  55,  56,  57,  58,  59,  60,
     61,  62,  63,  64,  72,  73,  74,  75,  79,  84,  86,  87,  88,  89,  90,  91,
     92,  93,  94,  95,  96,  97,  98,  99, 100, 101, 102, 103, 104, 105, 106, 107,
    108, 109, 110, 111, 112, 113, 114, 115, 116, 117, 118, 119, 120, 122, 123, 124,
    125, 126, 127, 128, 129, 130, 131, 132, 133, 134, 135, 136, 137, 138, 139, 140,
    141, 142, 143, 144, 145, 146, 147, 148, 149, 150, 151, 152, 153, 154, 155, 156,
    157, 158, 159, 160, 161, 162, 163, 164, 165, 166, 167, 168, 173, 174, 182, 183,
      0,   2,   7,   8,  10,  12,  13,  14,  19,  21,  22,  23,  24,  28,  29,  32,
     33,  34,  35,  36,  37,  38,  39,  42,  48,  51,  52,  54,  55,  56,  58,  59,
     60,  61,  63,  64,  72,  73,  74,  75,  81,  86,  87,  95,  96,  97,  98, 105,
    106, 107, 109, 122, 123, 124, 125, 126, 131, 134, 135, 136, 137, 138, 139, 140,
    146, 147, 150, 151, 152, 153, 160, 164, 165, 166, 168, 169, 170, 171, 172, 173,
    182, 183,   4,   7,   9,  12,  16,  18,  19,  20,  21,  25,  28,  32,  35,  45,
     46,  47,  48,  49,  51,  52,  54,  55,  56,  57,  58,  59,  60,  61,  63,  64,
     74,  79,  82,  86,  87,  88,  89,  90,  91,  92,  93,  94,  95,  96,  97,  98,
     99, 100, 101, 102, 103, 104, 105, 106, 107, 109, 110, 111, 112, 113, 114, 115,
    116, 117, 118, 119, 122, 123, 124, 125, 126, 128, 129, 130, 131, 132, 133, 135,
    136, 137, 138, 139, 140, 141, 142, 143, 144, 145, 147, 148, 149, 150, 151, 152,
    153, 154, 155, 156, 157, 158, 159, 160, 161, 162, 163, 164, 165, 166, 167, 168,
    172, 173, 182, 183,   4,   7,   8,   9,  10,  12,  16,  18,  22,  23,  25,  26,
     28,  29,  32,  45,  46,  47,  48,  49,  50,  51,  52,  53,  54,  55,  56,  57,
     58,  59,  60,  61,  62,  63,  64,  74,  79,  82,  84,  86,  87,  88,  89,  90,
     91,  92,  93,  94,  95,  96,  97,  98,  99, 100, 101, 102, 103, 104, 105, 106,
    107, 108, 109, 110, 111, 112, 113, 114, 115, 116, 117, 118, 119, 120, 122, 123,
    124, 125, 126, 129, 130, 131, 132, 133, 135, 136, 137, 138, 139, 140, 141, 142,
    143, 144, 145, 146, 147, 148, 149, 150, 151, 152, 153, 154, 155, 156, 157, 158,
    159, 160, 161, 162, 163, 164, 165, 166, 167, 170, 171, 182, 183,   2,   6,   7,
      8,  10,  13,  14,  15,  19,  21,  24,  26,  27,  29,  30,  31,  34,  35,  36,
     37,  38,  39,  40,  42,  43,  67,  82,  84,  85, 121, 134, 168, 170, 171, 172,
      0,   4,   6,   8,   9,  10,  11,  16,  26,  27,  29,  30,  31,  36,  37,  38,
     39,  43,  45,  47,  49,  62,  67,  74,  79,  84,  85,  88,  89,  90,  91,  92,
     93,  94,  99, 100, 101, 102, 103, 104, 110, 111, 112, 113, 114, 115, 116, 117,
    118, 119, 121, 126, 127, 128, 129, 130, 141, 142, 143, 144, 145, 148, 149, 154,
    155, 156, 157, 158, 159, 161, 162, 163, 167, 168, 169, 170, 171,   2,   6,   7,
      8,  10,  13,  14,  15,  19,  21,  23,  24,  26,  27,  29,  30,  31,  34,  35,
     36,  37,  38,  39,  40,  42,  43,  44,  52,  67,  82,  84,  85, 121, 126, 134,
    168, 170, 171, 172,   0,   2,   4,   7,   9,  11,  12,  16,  18,  19,  20,  21,
     24,  25,  28,  29,  32,  34,  35,  36,  37,  39,  42,  47,  48,  49,  63,  72,
     73,  74,  75,  79,  81,  86,  87,  92,  93,  94,  99, 100, 101, 102, 103, 104,
    109, 111, 112, 113, 114, 115, 116, 117, 118, 119, 128, 129, 130, 134, 138, 141,
    142, 144, 145, 148, 149, 156, 157, 158, 159, 161, 162, 163, 164, 165, 166, 167,
    168, 169, 172, 173, 174, 182, 183,   7,  19,  24,  26,  33,  34,  35,  36,  37,
     38,  39,  40,  47,  48,  49,  51,  52,  57,  58,  59,  63,  64,  84,  87,  92,
     93,  94,  95,  96,  97,  98,  99, 100, 101, 102, 103, 104, 105, 106, 107, 109,
    111, 112, 113, 114, 115, 116, 117, 118, 119, 122, 123, 124, 125, 126, 129, 130,
    132, 133, 134, 135, 136, 137, 138, 139, 140, 141, 142, 144, 145, 146, 147, 148,
    149, 152, 153, 156, 157, 158, 159, 160, 161, 162, 163, 164, 165, 166, 168, 169,
    172, 174, 182, 183,   0,   4,   7,   8,   9,  10,  11,  16,  18,  22,  23,  26,
     28,  29,  32,  38,  45,  46,  47,  48,  49,  51,  52,  54,  55,  56,  57,  58,
     59,  60,  61,  62,  63,  64,  74,  79,  82,  84,  86,  87,  88,  89,  90,  91,
     92,  93,  94,  95,  96,  97,  99, 100, 101, 102, 103, 104, 105, 106, 107, 108,
    109, 110, 111, 112, 113, 114, 115, 116, 117, 118, 119, 120, 122, 123, 124, 125,
    126, 129, 130, 131, 132, 133, 135, 136, 137, 138, 139, 140, 141, 142, 143, 144,
    145, 146, 147, 148, 149, 150, 151, 152, 153, 154, 155, 156, 157, 158, 159, 160,
    161, 162, 163, 164, 165, 166, 167, 168, 170, 171, 174, 182, 183,   4,   7,   8,
      9,  10,  11,  12,  16,  17,  18,  22,  23,  25,  26,  28,  29,  32,  45,  46,
     47,  48,  49,  50,  53,  54,  55,  56,  57,  58,  59,  60,  61,  62,  63,  64,
     74,  79,  82,  84,  86,  87,  88,  89,  90,  91,  92,  93,  94,  95,  96,  98,
     99, 100, 101, 102, 103, 104, 105, 106, 107, 108, 109, 110, 111, 112, 113, 114,
    115, 116, 117, 118, 119, 120, 125, 129, 130, 131, 132, 133, 135, 136, 137, 138,
    139, 140, 141, 142, 143, 144, 145, 146, 148, 149, 150, 151, 152, 153, 154, 155,
    156, 157, 158, 159, 161, 162, 163, 164, 165, 166, 167, 170, 171, 182, 183,   0,
      2,   4,   7,   8,   9,  10,  11,  12,  14,  15,  16,  17,  18,  20,  22,  23,
     24,  25,  26,  28,  29,  32,  33,  42,  43,  45,  46,  47,  48,  49,  50,  51,
     52,  53,  54,  55,  56,  57,  58,  59,  60,  61,  62,  63,  64,  74,  79,  82,
     84,  86,  87,  88,  89,  90,  91,  92,  93,  94,  95,  96,  97,  98,  99, 100,
    101, 102, 103, 104, 105, 106, 107, 108, 109, 110, 111, 112, 113, 114, 115, 116,
    117, 118, 119, 120, 122, 123, 124, 125, 126, 127, 128, 129, 130, 131, 132, 133,
    135, 136, 137, 138, 139, 140, 141, 142, 143, 145, 146, 147, 148, 149, 150, 151,
    152, 153, 154, 155, 156, 157, 158, 159, 160, 161, 162, 163, 164, 165, 166, 167,
    169, 170, 171, 172, 173, 174, 182, 183,   0,   2,   4,   7,   8,   9,  10,  11,
     12,  16,  17,  18,  20,  22,  23,  24,  25,  26,  28,  29,  32,  33,  43,  45,
     46,  47,  48,  49,  50,  51,  52,  53,  54,  55,  56,  57,  58,  59,  60,  61,
     62,  63,  64,  74,  79,  82,  84,  86,  87,  88,  89,  90,  91,  92,  93,  94,
     95,  96,  97,  98,  99, 100, 101, 102, 103, 104, 105, 106, 107, 108, 109, 110,
    111, 112, 113, 114, 115, 116, 117, 118, 119, 120, 122, 123, 124, 125, 126, 127,
    128, 129, 130, 131, 132, 133, 135, 136, 137, 138, 139, 140, 141, 142, 143, 144,
    145, 146, 147, 148, 149, 150, 151, 152, 153, 154, 155, 156, 157, 158, 159, 160,
    161, 162, 163, 164, 165, 166, 167, 169, 170, 171, 172, 173, 174, 182, 183,   0,
      2,   4,   7,   9,  11,  12,  15,  16,  17,  18,  19,  20,  21,  25,  28,  32,
     33,  34,  36,  37,  43,  45,  46,  47,  48,  49,  50,  51,  52,  53,  54,  55,
     56,  57,  58,  59,  60,  61,  62,  63,  64,  72,  73,  74,  75,  79,  81,  86,
     87,  88,  89,  90,  91,  92,  93,  94,  95,  96,  97,  98,  99, 100, 101, 102,
    103, 104, 105, 106, 107, 108, 109, 110, 111, 112, 113, 114, 115, 116, 117, 118,
    119, 120, 122, 123, 124, 125, 126, 127, 128, 129, 130, 131, 132, 133, 134, 135,
    136, 137, 138, 139, 140, 141, 142, 143, 144, 145, 146, 147, 148, 149, 150, 151,
    152, 153, 154, 155, 156, 157, 158, 159, 160, 161, 162, 163, 164, 165, 166, 167,
    168, 169, 172, 173, 174, 182, 183,   0,   2,   4,   7,   8,   9,  10,  11,  12,
     13,  15,  16,  17,  18,  20,  22,  23,  24,  25,  26,  28,  29,  32,  33,  43,
     45,  46,  47,  48,  49,  50,  51,  52,  53,  54,  55,  56,  57,  58,  59,  60,
     61,  62,  63,  64,  72,  74,  79,  82,  84,  86,  87,  88,  89,  90,  91,  92,
     93,  94,  95,  96,  97,  98,  99, 100, 101, 102, 103, 104, 105, 106, 107, 108,
    109, 110, 111, 112, 113, 114, 115, 116, 117, 118, 119, 120, 122, 123, 124, 125,
    126, 127, 128, 129, 130, 131, 132, 133, 135, 136, 137, 138, 139, 140, 141, 142,
    143, 144, 145, 146, 147, 148, 149, 150, 151, 152, 153, 154, 155, 156, 157, 158,
    159, 160, 161, 162, 163, 164, 165, 166, 167, 170, 171, 172, 173, 174, 182, 183,
     19,  28,  32,  34,  35,  36,  37,  40,  46,  47,  48,  49,  51,  52,  54,  55,
     56,  57,  58,  59,  60,  61,  63,  64,  86,  87,  92,  93,  94,  95,  96,  97,
     98,  99, 100, 101, 102, 103, 104, 105, 106, 107, 109, 111, 112, 113, 114, 115,
    116, 117, 118, 119, 122, 123, 124, 125, 126, 128, 129, 130, 131, 132, 133, 134,
    135, 136, 137, 138, 139, 140, 141, 142, 144, 145, 146, 147, 148, 149, 150, 151,
    152, 153, 156, 157, 158, 159, 160, 161, 162, 163, 164, 165, 166, 168, 172, 173,
    174, 182, 183,   0,   2,   4,   5,   7,   9,  16,  18,  28,  29,  32,  36,  37,
     39,  45,  46,  47,  48,  50,  52,  53,  54,  55,  56,  58,  59,  60,  61,  63,
     64,  72,  74,  82,  86,  87,  88,  89,  90,  91,  92,  93,  94,  95,  98,  99,
    100, 101, 102, 103, 104, 105, 106, 107, 108, 109, 110, 111, 112, 113, 114, 115,
    116, 120, 124, 126, 128, 129, 130, 131, 133, 135, 136, 137, 138, 139, 140, 142,
    143, 144, 145, 146, 148, 149, 150, 151, 153, 154, 155, 156, 157, 158, 159, 161,
    162, 163, 164, 165, 166, 167, 182, 183,   0,  19,  26,  28,  32,  34,  35,  36,
     37,  39,  42,  48,  51,  52,  54,  55,  56,  58,  59,  60,  61,  63,  84,  86,
     87,  95,  96,  97,  98, 105, 106, 107, 109, 122, 123, 124, 125, 126, 131, 134,
    135, 136, 137, 138, 146, 147, 150, 151, 152, 153, 160, 164, 165, 166, 182, 183,
      9, 167,   0,   8,  23,  48,  49,  52,  87, 108, 117, 118, 119, 126, 141, 182,
    183,   2,   4,   6,   7,   8,   9,  10,  22,  23,  24,  25,  28,  29,  32,  34,
     35,  36,  37,  39,  42,  48,  58,  62,  63,  72,  73,  74,  75,  79,  81,  86,
     87, 109, 134, 135, 138, 164, 165, 166, 167, 168, 169, 170, 171, 172, 173, 182,
    183,   2,   6,   7,  24,  26,  27,  28,  30,  31,  32,  33,  34,  35,  36,  37,
     38,  39,  40,  42,  43,  48,  58,  67,  75,  82,  85,  86,  87, 121, 134, 135,
    168, 169, 172, 173, 182, 183,   2,   6,   7,   9,  24,  27,  28,  31,  32,  34,
     35,  36,  37,  38,  39,  40,  42,  73,  74,  75,  79,  81,  85,  86, 121, 134,
    167, 168, 169, 172, 173,   2,   4,   6,   7,   8,   9,  10,  22,  23,  24,  25,
     28,  29,  32,  34,  35,  36,  37,  39,  42,  48,  63,  73,  74,  75,  79,  81,
     86,  87, 109, 134, 138, 164, 165, 166, 167, 168, 169, 170, 171, 172, 173, 182,
    183,   2,   6,   7,  24,  26,  27,  28,  30,  31,  32,  33,  34,  35,  36,  37,
     38,  39,  40,  42,  48,  57,  58,  64,  67,  73,  74,  75,  81,  82,  85,  86,
     87, 121, 132, 133, 134, 135, 139, 140, 168, 169, 172, 173, 182, 183,   0,   1,
      2,   4,   6,   7,   8,   9,  10,  24,  25,  26,  27,  28,  29,  30,  31,  32,
     33,  34,  35,  36,  37,  38,  39,  40,  42,  43,  45,  47,  51,  52,  54,  55,
     56,  60,  61,  66,  67,  72,  73,  74,  75,  77,  78,  79,  80,  81,  85,  86,
     88,  89,  90,  91,  92,  93,  94,  95,  96,  97,  98,  99, 100, 101, 102, 103,
    104, 105, 107, 109, 110, 111, 112, 113, 114, 115, 116, 117, 118, 119, 120, 121,
    122, 123, 124, 125, 126, 128, 130, 131, 132, 133, 134, 136, 137, 139, 140, 141,
    142, 144, 145, 146, 147, 148, 149, 150, 151, 152, 153, 154, 155, 156, 157, 158,
    159, 160, 161, 162, 163, 164, 165, 166, 167, 168, 169, 170, 171, 172, 173, 174,
    177, 178,   4,   6,   8,   9,  10,  23,  24,  26,  27,  28,  29,  30,  31,  32,
     33,  34,  35,  36,  37,  38,  39,  40,  43,  44,  45,  47,  48,  49,  52,  58,
     63,  67,  72,  74,  79,  80,  85,  86,  87,  88,  89,  90,  91,  92,  93,  94,
     99, 100, 101, 102, 103, 104, 108, 109, 110, 111, 112, 113, 114, 115, 116, 117,
    118, 119, 121, 126, 128, 129, 130, 134, 135, 138, 141, 142, 143, 144, 145, 148,
    149, 154, 155, 156, 157, 158, 159, 161, 162, 163, 164, 165, 166, 167, 168, 169,
    170, 171, 172, 173, 177, 178, 182, 183,   2,   4,   6,   7,   8,   9,  10,  22,
     23,  24,  25,  28,  29,  32,  34,  35,  36,  37,  39,  42,  48,  58,  63,  72,
     73,  74,  75,  79,  81,  86,  87, 109, 134, 135, 138, 164, 165, 166, 167, 168,
    169, 170, 171, 172, 173, 182, 183,   2,   4,   7,   8,   9,  10,  24,  25,  28,
     29,  32,  34,  35,  36,  37,  39,  42,  48,  63,  73,  74,  75,  79,  81,  86,
     87, 109, 134, 138, 164, 165, 166, 167, 168, 169, 170, 171, 172, 173, 182, 183,
     27,  28,  30,  31,  32,  35,  46,  52,  63,  82,  85,  86, 109, 121, 126, 138,
    146, 164, 165, 166,   2,   4,   6,   7,   9,  24,  28,  32,  34,  35,  36,  37,
     38,  39,  42,  45,  47,  49,  51,  57,  59,  60,  61,  62,  63,  64,  73,  74,
     75,  79,  81,  86,  88,  89,  90,  91,  92,  93,  94,  95,  96,  97,  98,  99,
    100, 101, 102, 103, 104, 105, 106, 107, 109, 110, 111, 112, 113, 114, 115, 116,
    117, 118, 119, 122, 123, 124, 125, 128, 129, 130, 132, 133, 134, 136, 137, 138,
    139, 140, 141, 142, 143, 144, 145, 146, 147, 148, 149, 152, 153, 154, 155, 156,
    157, 158, 159, 160, 161, 162, 163, 164, 165, 166, 167, 168, 169, 172, 173, 174,
      2,   4,   6,   7,   8,   9,  10,  22,  23,  24,  25,  28,  29,  32,  34,  35,
     36,  37,  39,  42,  48,  52,  58,  60,  61,  62,  63,  72,  73,  74,  75,  79,
     81,  86,  87, 109, 126, 134, 135, 138, 164, 165, 166, 167, 168, 169, 170, 171,
    172, 173, 182, 183,   2,   6,   7,  24,  26,  27,  28,  30,  31,  32,  34,  35,
     36,  37,  38,  39,  40,  42,  43,  48,  57,  58,  64,  67,  75,  82,  85,  86,
     87, 121, 132, 133, 134, 135, 139, 140, 168, 169, 172, 173, 182, 183,   2,   6,
      7,  24,  26,  27,  28,  30,  31,  32,  33,  34,  35,  36,  37,  38,  39,  40,
     42,  43,  48,  58,  67,  75,  82,  85,  86,  87, 121, 134, 135, 168, 169, 172,
    173, 182, 183,   2,   4,   7,  24,  27,  28,  30,  31,  32,  33,  34,  35,  36,
     37,  39,  40,  42,  44,  52,  82,  85,  86, 121, 126, 134, 168, 169, 172, 173,
      0,   6,   7,   8,   9,  10,  11,  24,  26,  27,  29,  30,  31,  33,  34,  35,
     36,  37,  38,  39,  40,  42,  43,  45,  47,  51,  52,  55,  59,  67,  74,  79,
     85,  88,  89,  90,  91,  92,  93,  94,  95,  96,  97,  98,  99, 100, 101, 102,
    103, 104, 105, 106, 107, 110, 111, 112, 113, 114, 115, 116, 121, 122, 123, 124,
    125, 126, 128, 129, 130, 134, 136, 137, 142, 143, 144, 145, 146, 147, 148, 149,
    152, 153, 154, 155, 156, 157, 158, 159, 160, 161, 162, 163, 167, 170, 171, 172,
      2,   4,   6,   7,   9,  24,  27,  28,  30,  31,  32,  33,  34,  35,  36,  37,
     38,  39,  40,  42,  48,  54,  55,  56,  57,  58,  63,  64,  73,  74,  75,  79,
     81,  85,  86,  87, 109, 121, 128, 131, 132, 133, 134, 135, 138, 139, 140, 150,
    151, 164, 165, 166, 167, 168, 169, 172, 173, 174, 182, 183,   2,   6,   7,   9,
     24,  27,  31,  34,  35,  36,  37,  39,  40,  42,  74,  75,  79,  81,  85, 121,
    128, 134, 167, 168, 169, 172, 174,   1,   2,   4,   7,   8,   9,  10,  22,  23,
     24,  25,  28,  29,  32,  34,  35,  36,  37,  39,  42,  48,  62,  63,  72,  73,
     74,  75,  79,  81,  86,  87, 109, 134, 138, 164, 165, 166, 167, 168, 169, 170,
    171, 172, 173, 182, 183,   2,   4,   6,   7,  24,  26,  27,  28,  29,  30,  31,
     32,  33,  34,  35,  36,  37,  38,  39,  40,  42,  43,  48,  58,  67,  75,  82,
     85,  86,  87, 121, 134, 135, 168, 169, 172, 173, 174, 182, 183,   2,   4,   6,
      7,  24,  26,  27,  28,  30,  31,  32,  33,  34,  35,  36,  37,  38,  39,  40,
     42,  43,  48,  58,  67,  75,  82,  85,  86,  87, 121, 134, 135, 168, 169, 172,
    173, 182, 183,   2,   6,   7,   9,  24,  27,  28,  31,  32,  34,  35,  36,  37,
     38,  39,  40,  42,  63,  74,  79,  81,  85,  86, 109, 121, 128, 134, 138, 164,
    165, 166, 167, 168, 169, 172, 173,   2,   6,   7,  24,  26,  27,  30,  31,  34,
     35,  36,  37,  38,  39,  40,  42,  67,  75,  82,  85, 121, 134, 168, 169, 172,
    173, 174,   0,   2,   4,   6,   7,   9,  24,  25,  27,  28,  30,  31,  32,  33,
     34,  35,  36,  37,  38,  39,  40,  42,  47,  48,  49,  58,  60,  61,  63,  64,
     73,  74,  75,  79,  81,  85,  86,  87,  92,  93,  94, 100, 101, 102, 103, 104,
    109, 111, 112, 113, 114, 115, 116, 117, 118, 119, 121, 128, 129, 130, 134, 135,
    138, 139, 140, 141, 142, 144, 145, 148, 149, 156, 157, 158, 159, 161, 162, 163,
    164, 165, 166, 167, 168, 169, 172, 173, 174, 182, 183,   2,   4,   5,   8,   9,
     10,  12,  16,  18,  22,  23,  28,  29,  32,  36,  37,  39,  45,  46,  47,  48,
     50,  52,  53,  54,  55,  56,  57,  58,  59,  60,  61,  63,  64,  72,  74,  82,
     86,  87,  88,  89,  90,  91,  92,  93,  94,  95, 100, 101, 102, 103, 104, 105,
    106, 107, 108, 109, 110, 111, 112, 113, 114, 115, 116, 120, 124, 126, 129, 130,
    131, 132, 133, 135, 136, 137, 138, 139, 140, 142, 143, 144, 145, 146, 148, 149,
    150, 151, 152, 153, 154, 155, 156, 157, 158, 159, 161, 163, 164, 165, 166, 167,
    170, 171, 182, 183,  52, 126,   2,   6,   7,   8,  10, 168, 169, 170, 171, 175,
      2,   7,  34,  35,  36,  37,  39,  48,  52,  82,  87, 126, 134, 168, 169, 175,
    182, 183,  14,  19,  21,  12,  16,  17,  18,   2,   6,   7,  34,  36,  37,  39,
     43,  51,  52,  59,  67,  84,  95,  96,  97,  98, 105, 106, 107, 122, 123, 124,
    125, 126, 134, 136, 137, 146, 147, 152, 153, 160, 168, 175,   6,  43,  67,   2,
      4,   6,   7,   9,  24,  27,  28,  31,  32,  33,  34,  35,  36,  37,  39,  40,
     45,  46,  47,  49,  50,  53,  67,  74,  77,  78,  80,  85,  86,  88,  89,  90,
     91,  92,  93,  94,  99, 100, 101, 102, 103, 104, 108, 110, 111, 112, 113, 114,
    115, 116, 117, 118, 119, 120, 121, 127, 128, 129, 130, 134, 141, 142, 143, 144,
    145, 148, 149, 154, 155, 156, 157, 158, 159, 161, 162, 163, 167, 168, 169, 175,
    177,   0,   6,   8,  10,  26,  27,  29,  30,  31,  36,  37,  38,  39,  43,  48,
     51,  52,  58,  59,  67,  74,  84,  85,  87,  95,  96,  97,  98, 105, 106, 107,
    121, 122, 123, 124, 125, 126, 136, 137, 146, 147, 152, 153, 160, 170, 171, 182,
    183,  13,  16,  21,  48,  51,  52,  58,  59,  87,  95,  96,  97,  98, 105, 106,
    107, 122, 123, 124, 125, 126, 135, 136, 137, 146, 147, 152, 153, 160, 182, 183,
     46,  48,  51,  52,  59,  87,  95,  96,  97,  98, 105, 106, 107, 122, 123, 124,
    125, 126, 136, 137, 146, 147, 152, 153, 160, 182, 183,  13,  14,  15,  19,  21,
     22,  23,  26,  27,  28,  29,  30,  31,  32,  34,  35,  36,  37,  38,  39,  40,
     48,  51,  52,  53,  54,  55,  56,  57,  58,  59,  60,  61,  62,  64,  84,  85,
     86,  87,  95,  96,  97,  98, 105, 106, 107, 121, 122, 123, 124, 125, 126, 131,
    132, 133, 134, 135, 136, 137, 139, 140, 146, 147, 150, 151, 152, 153, 160, 182,
    183,  46,  51,  52,  54,  55,  56,  59,  61,  95,  96,  97,  98, 105, 106, 107,
    122, 123, 124, 125, 126, 131, 136, 137, 146, 147, 150, 151, 152, 153, 160,   6,
     43,  67,   2,   6,   7,   8,  10,  22,  23,  24,  26,  27,  28,  29,  30,  31,
     32,  34,  35,  36,  37,  38,  39,  40,  43,  46,  48,  49,  50,  51,  52,  53,
     54,  55,  56,  57,  58,  59,  60,  61,  62,  63,  64,  67,  68,  72,  75,  82,
     83,  84,  85,  86,  87,  95,  96,  97,  98, 105, 106, 107, 108, 109, 117, 118,
    119, 120, 121, 122, 123, 124, 125, 126, 131, 132, 133, 134, 135, 136, 137, 138,
    139, 140, 141, 146, 147, 150, 151, 152, 153, 160, 164, 165, 166, 168, 169, 170,
    171, 175, 182, 183,   0,   2,   7,   8,  10,  22,  23,  26,  27,  28,  29,  30,
     31,  32,  33,  34,  35,  36,  37,  38,  39,  40,  45,  46,  47,  48,  49,  50,
     51,  52,  53,  54,  55,  56,  57,  58,  59,  60,  61,  62,  63,  64,  74,  82,
     84,  85,  86,  87,  88,  89,  90,  91,  92,  93,  94,  95,  96,  97,  98,  99,
    100, 101, 102, 103, 104, 105, 106, 107, 108, 109, 110, 111, 112, 113, 114, 115,
    116, 117, 118, 119, 120, 121, 122, 123, 124, 125, 126, 127, 128, 129, 130, 131,
    132, 133, 134, 135, 136, 137, 138, 139, 140, 141, 142, 143, 144, 145, 146, 147,
    148, 149, 150, 151, 152, 153, 154, 155, 156, 157, 158, 159, 160, 161, 162, 163,
    164, 165, 166, 168, 169, 170, 171, 175, 182, 183,   2,   6,   7,   8,  10,  13,
     14,  15,  19,  21,  24,  26,  27,  29,  30,  31,  34,  35,  36,  37,  38,  39,
     40,  42,  43,  46,  67,  82,  84,  85, 121, 134, 168, 170, 171, 172,   2,   6,
      7,   8,  10,  24,  26,  27,  29,  30,  31,  34,  35,  36,  37,  38,  39,  40,
     42,  43,  48,  50,  53,  57,  58,  67,  82,  84,  85,  87, 108, 120, 121, 132,
    133, 134, 135, 168, 169, 170, 171, 172, 173, 182, 183,   2,   4,   7,   9,  24,
     25,  27,  28,  30,  31,  32,  33,  34,  35,  36,  37,  38,  39,  40,  42,  47,
     48,  49,  51,  52,  54,  55,  56,  57,  58,  59,  60,  61,  63,  64,  72,  73,
     74,  75,  79,  81,  82,  85,  86,  87,  92,  93,  94,  95,  96,  97,  98, 100,
    101, 102, 103, 104, 105, 106, 107, 109, 111, 112, 113, 114, 115, 116, 117, 118,
    119, 121, 122, 123, 124, 125, 126, 129, 130, 131, 132, 133, 134, 135, 136, 137,
    138, 139, 140, 141, 142, 144, 145, 146, 147, 148, 149, 150, 151, 152, 153, 156,
    157, 158, 159, 160, 161, 162, 163, 164, 165, 166, 167, 168, 169, 172, 173, 182,
    183,   2,   4,   6,   7,   8,   9,  10,  22,  23,  24,  25,  28,  29,  32,  34,
     35,  36,  37,  39,  42,  48,  58,  62,  63,  72,  73,  74,  75,  79,  81,  86,
     87, 109, 134, 135, 138, 164, 165, 166, 167, 168, 169, 170, 171, 172, 173, 182,
    183,   2,   4,   6,   7,   8,   9,  10,  22,  23,  24,  25,  28,  29,  32,  34,
     35,  36,  37,  39,  42,  48,  58,  62,  63,  72,  73,  74,  75,  79,  81,  86,
     87, 109, 134, 135, 138, 164, 165, 166, 167, 168, 169, 170, 171, 172, 173, 182,
    183,   2,   4,   6,   7,   8,   9,  10,  22,  23,  24,  25,  28,  29,  32,  34,
     35,  36,  37,  39,  42,  48,  58,  62,  63,  72,  73,  74,  75,  79,  81,  86,
     87, 109, 134, 135, 138, 164, 165, 166, 167, 168, 169, 170, 171, 172, 173, 182,
    183,   2,   6,   7,   9,  24,  27,  28,  31,  32,  34,  35,  36,  37,  38,  39,
     40,  42,  48,  52,  73,  74,  75,  79,  81,  85,  86,  87, 121, 126, 134, 167,
    168, 169, 172, 173, 182, 183,   2,   6,   7,  24,  26,  27,  28,  30,  31,  32,
     33,  34,  35,  36,  37,  38,  39,  40,  42,  48,  57,  58,  64,  67,  73,  74,
     75,  81,  82,  85,  86,  87, 121, 132, 133, 134, 135, 139, 140, 168, 169, 172,
    173, 182, 183,   2,   6,   7,  24,  26,  27,  28,  30,  31,  32,  33,  34,  35,
     36,  37,  38,  39,  40,  42,  48,  57,  58,  64,  67,  73,  74,  75,  81,  82,
     85,  86,  87, 121, 132, 133, 134, 135, 139, 140, 168, 169, 172, 173, 182, 183,
      2,   6,   7,  24,  26,  27,  28,  30,  31,  32,  33,  34,  35,  36,  37,  38,
     39,  40,  42,  48,  57,  58,  64,  67,  73,  74,  75,  81,  82,  85,  86,  87,
    121, 132, 133, 134, 135, 139, 140, 168, 169, 172, 173, 182, 183,   2,   4,   7,
      8,   9,  10,  24,  25,  28,  29,  32,  34,  35,  36,  37,  39,  42,  48,  63,
     73,  74,  75,  79,  81,  86,  87, 109, 134, 138, 164, 165, 166, 167, 168, 169,
    170, 171, 172, 173, 182, 183,   1,   2,   4,   6,   7,   8,   9,  10,  24,  25,
     28,  29,  32,  34,  35,  36,  37,  39,  42,  43,  46,  48,  50,  53,  63,  67,
     73,  74,  75,  79,  81,  86,  87,  95,  98, 108, 109, 120, 134, 138, 164, 165,
    166, 167, 168, 169, 170, 171, 172, 173, 182, 183,   2,   4,   7,   8,   9,  10,
     24,  25,  28,  29,  32,  34,  35,  36,  37,  39,  42,  48,  63,  73,  74,  75,
     79,  81,  86,  87,  97, 109, 134, 138, 164, 165, 166, 167, 169, 170, 171, 172,
    173, 182, 183,   2,   4,   7,   8,   9,  10,  24,  25,  28,  29,  32,  34,  35,
     36,  37,  39,  42,  46,  48,  50,  53,  63,  73,  74,  75,  79,  81,  86,  87,
    108, 109, 120, 134, 138, 164, 165, 166, 167, 168, 169, 170, 171, 172, 173, 182,
    183,   2,   6,   7,  24,  26,  27,  28,  30,  31,  32,  34,  35,  36,  37,  38,
     39,  40,  42,  48,  57,  58,  62,  64,  67,  75,  82,  85,  86,  87, 121, 132,
    133, 134, 135, 139, 140, 168, 169, 172, 173, 182, 183,   2,   6,   7,  24,  26,
     27,  28,  30,  31,  32,  34,  35,  36,  37,  38,  39,  40,  42,  43,  48,  57,
     58,  64,  67,  75,  82,  85,  86,  87, 121, 132, 133, 134, 135, 139, 140, 168,
    169, 172, 173, 182, 183,   2,   6,   7,  24,  26,  27,  28,  30,  31,  32,  34,
     35,  36,  37,  38,  39,  40,  42,  43,  48,  57,  58,  64,  67,  75,  82,  85,
     86,  87, 121, 132, 133, 134, 135, 139, 140, 168, 169, 172, 173, 182, 183,   2,
      6,   7,  24,  26,  27,  28,  30,  31,  32,  34,  35,  36,  37,  38,  39,  40,
     42,  43,  48,  57,  58,  64,  67,  75,  82,  85,  86,  87, 121, 132, 133, 134,
    135, 139, 140, 168, 169, 172, 173, 182, 183,   2,   6,   7,  24,  26,  27,  28,
     30,  31,  32,  34,  35,  36,  37,  38,  39,  40,  42,  43,  48,  57,  58,  64,
     67,  75,  82,  85,  86,  87, 121, 132, 133, 134, 135, 139, 140, 168, 169, 172,
    173, 182, 183,   2,   6,   7,  24,  26,  27,  28,  30,  31,  32,  34,  35,  36,
     37,  38,  39,  40,  42,  43,  48,  57,  58,  64,  67,  75,  82,  85,  86,  87,
    121, 132, 133, 134, 135, 139, 140, 168, 169, 172, 173, 182, 183,   0,   1,   2,
      4,   7,   9,  12,  14,  15,  16,  17,  18,  19,  20,  21,  24,  25,  26,  28,
     29,  32,  33,  34,  35,  36,  37,  39,  40,  42,  43,  45,  46,  47,  48,  49,
     51,  52,  54,  55,  56,  57,  58,  59,  60,  61,  63,  64,  72,  73,  74,  75,
     79,  81,  86,  87,  88,  89,  90,  91,  92,  93,  94,  95,  96,  97,  98,  99,
    100, 101, 102, 103, 104, 105, 106, 107, 109, 110, 111, 112, 113, 114, 115, 116,
    117, 118, 119, 122, 123, 124, 125, 126, 127, 128, 129, 130, 131, 132, 133, 134,
    135, 136, 137, 138, 139, 140, 141, 142, 143, 144, 145, 146, 147, 148, 149, 150,
    151, 152, 153, 154, 155, 156, 157, 158, 159, 160, 161, 162, 163, 164, 165, 166,
    167, 168, 169, 172, 173, 174, 182, 183,   2,   4,   6,   7,   8,   9,  10,  22,
     23,  24,  25,  28,  29,  32,  34,  35,  36,  37,  39,  42,  48,  52,  58,  63,
     72,  73,  74,  75,  79,  81,  86,  87, 109, 126, 134, 135, 138, 164, 165, 166,
    167, 168, 169, 170, 171, 172, 173, 182, 183,   2,   6,   7,   9,  24,  27,  28,
     31,  32,  34,  35,  36,  37,  38,  39,  40,  42,  46,  73,  74,  75,  79,  81,
     85,  86, 121, 134, 167, 168, 169, 172, 173,   2,   6,   7,   9,  24,  27,  28,
     31,  32,  34,  35,  36,  37,  38,  39,  40,  42,  73,  74,  75,  79,  81,  85,
     86, 121, 134, 167, 168, 169, 172, 173,   2,   6,   7,   9,  24,  27,  28,  31,
     32,  34,  35,  36,  37,  38,  39,  40,  42,  73,  74,  75,  79,  81,  85,  86,
    121, 134, 167, 168, 169, 172, 173,   0,   1,   2,   6,   7,   9,  24,  43,  46,
     50,  51,  52,  53,  54,  55,  56,  58,  60,  61,  63,  67,  72,  74,  75,  95,
     96,  97,  98, 108, 109, 120, 122, 123, 124, 125, 126, 131, 135, 138, 140, 146,
    147, 150, 151, 160, 164, 165, 166, 167, 168, 169,   1,   2,   4,   6,   7,   8,
      9,  10,  22,  23,  24,  25,  28,  29,  32,  34,  35,  36,  37,  39,  42,  46,
     48,  50,  53,  63,  72,  73,  74,  75,  79,  81,  86,  87, 108, 109, 120, 134,
    138, 164, 165, 166, 167, 168, 169, 170, 171, 172, 173, 182, 183,   2,   6,   7,
     24,  26,  27,  28,  30,  31,  32,  33,  34,  35,  36,  37,  38,  39,  40,  42,
     48,  57,  58,  64,  67,  73,  74,  75,  81,  82,  85,  86,  87, 121, 132, 133,
    134, 135, 139, 140, 168, 169, 172, 173, 182, 183,   2,   6,   7,  24,  26,  27,
     28,  30,  31,  32,  33,  34,  35,  36,  37,  38,  39,  40,  42,  48,  57,  58,
     64,  67,  73,  74,  75,  81,  82,  85,  86,  87, 121, 132, 133, 134, 135, 139,
    140, 168, 169, 172, 173, 182, 183,  36,  37,  38,  39,  48,  49,  51,  52,  54,
     55,  56,  58,  59,  63,  64,  87,  95,  96,  97,  98, 105, 106, 107, 109, 117,
    118, 119, 122, 123, 124, 125, 126, 131, 135, 136, 137, 138, 139, 140, 141, 146,
    147, 150, 151, 152, 153, 158, 160, 162, 164, 165, 166, 182, 183,   2,   6,   7,
     24,  26,  27,  28,  30,  31,  32,  33,  34,  35,  36,  37,  38,  39,  40,  42,
     48,  52,  57,  58,  64,  67,  73,  74,  75,  81,  82,  85,  86,  87, 121, 126,
    132, 133, 134, 135, 139, 140, 168, 169, 172, 173, 182, 183,   2,   6,   7,  24,
     26,  27,  28,  30,  31,  32,  33,  34,  35,  36,  37,  38,  39,  40,  42,  48,
     57,  58,  64,  67,  73,  74,  75,  81,  82,  85,  86,  87, 121, 132, 133, 134,
    135, 139, 140, 168, 169, 172, 173, 182, 183,   4,   9,  12,  16,  18,  25,  28,
     32,  45,  46,  47,  48,  49,  50,  51,  52,  53,  54,  55,  56,  57,  58,  59,
     60,  61,  63,  64,  74,  79,  82,  86,  87,  88,  89,  90,  91,  92,  93,  94,
     95,  96,  97,  98,  99, 100, 101, 102, 103, 104, 105, 106, 107, 108, 109, 110,
    111, 112, 113, 114, 115, 116, 117, 118, 119, 120, 122, 123, 124, 125, 126, 128,
    129, 130, 131, 132, 133, 135, 136, 137, 138, 139, 140, 141, 142, 143, 144, 145,
    146, 147, 148, 149, 150, 151, 152, 153, 154, 155, 156, 157, 158, 159, 160, 161,
    162, 163, 164, 165, 166, 167, 182, 183,   2,   4,   7,   8,   9,  10,  24,  25,
     28,  29,  32,  34,  35,  36,  37,  39,  42,  46,  48,  50,  63,  73,  74,  75,
     79,  81,  86,  87, 108, 109, 120, 134, 138, 164, 165, 166, 167, 168, 169, 170,
    171, 172, 173, 182, 183,   2,   4,   7,   8,   9,  10,  24,  25,  28,  29,  32,
     34,  35,  36,  37,  39,  42,  46,  48,  50,  53,  63,  73,  74,  75,  79,  81,
     86,  87, 108, 109, 120, 134, 138, 164, 165, 166, 167, 168, 169, 170, 171, 172,
    173, 182, 183,   2,   4,   7,   8,   9,  10,  24,  25,  28,  29,  32,  34,  35,
     36,  37,  39,  42,  43,  46,  48,  63,  73,  74,  75,  79,  81,  86,  87, 109,
    134, 138, 164, 165, 166, 167, 168, 169, 170, 171, 172, 173, 182, 183,   4,   9,
     12,  16,  18,  25,  28,  32,  45,  46,  47,  48,  49,  50,  51,  52,  53,  54,
     55,  56,  57,  58,  59,  60,  61,  63,  64,  74,  79,  82,  86,  87,  88,  89,
     90,  91,  92,  93,  94,  95,  96,  97,  98,  99, 100, 101, 102, 103, 104, 105,
    106, 107, 108, 109, 110, 111, 112, 113, 114, 115, 116, 117, 118, 119, 120, 122,
    123, 124, 125, 126, 128, 129, 130, 131, 132, 133, 135, 136, 137, 138, 139, 140,
    141, 142, 143, 144, 145, 146, 147, 148, 149, 150, 151, 152, 153, 154, 155, 156,
    157, 158, 159, 160, 161, 162, 163, 164, 165, 166, 167, 182, 183,   2,   4,   7,
      8,   9,  10,  24,  25,  28,  29,  32,  34,  35,  36,  37,  39,  42,  48,  52,
     63,  73,  74,  75,  79,  81,  86,  87, 109, 126, 134, 138, 164, 165, 166, 167,
    168, 169, 170, 171, 172, 173, 182, 183,   2,   7,  27,  28,  30,  31,  32,  35,
     52,  63,  75,  82,  85,  86, 109, 121, 126, 138, 146, 164, 165, 166, 168, 169,
      0,   2,   7,   8,  10,  12,  13,  14,  19,  21,  22,  23,  24,  28,  29,  32,
     33,  34,  35,  36,  37,  39,  42,  46,  48,  50,  51,  52,  53,  54,  55,  56,
     58,  59,  60,  61,  63,  64,  72,  73,  74,  75,  81,  86,  87,  95,  96,  97,
     98, 105, 106, 107, 108, 109, 120, 122, 123, 124, 125, 126, 131, 134, 135, 136,
    137, 138, 139, 140, 146, 147, 150, 151, 152, 153, 160, 164, 165, 166, 168, 169,
    170, 171, 172, 173, 182, 183,   1,   2,   6,   7,   9,  24,  43,  46,  48,  50,
     51,  52,  53,  58,  63,  67,  72,  74,  75,  87,  95,  96,  97,  98, 108, 109,
    112, 120, 122, 123, 124, 125, 126, 133, 135, 138, 140, 146, 147, 160, 164, 165,
    166, 167, 168, 169, 182, 183,   2,   4,   6,   7,   9,  24,  63,  67,  74,  75,
    109, 128, 138, 164, 165, 166, 167, 168, 169,   2,   4,   6,   7,   8,   9,  10,
     22,  23,  24,  25,  28,  29,  32,  34,  35,  36,  37,  39,  42,  48,  58,  63,
     72,  73,  74,  75,  79,  81,  86,  87, 109, 134, 135, 138, 164, 165, 166, 167,
    168, 169, 170, 171, 172, 173, 182, 183,   4,   7,   8,   9,  10,  12,  16,  18,
     22,  23,  25,  26,  28,  29,  32,  45,  46,  47,  48,  49,  50,  51,  52,  53,
     54,  55,  56,  57,  58,  59,  60,  61,  62,  63,  64,  74,  79,  82,  84,  86,
     87,  88,  89,  90,  91,  92,  93,  94,  95,  96,  97,  98,  99, 100, 101, 102,
    103, 104, 105, 106, 107, 108, 109, 110, 111, 112, 113, 114, 115, 116, 117, 118,
    119, 120, 122, 123, 124, 125, 126, 129, 130, 131, 132, 133, 135, 136, 137, 138,
    139, 140, 141, 142, 143, 144, 145, 146, 147, 148, 149, 150, 151, 152, 153, 154,
    155, 156, 157, 158, 159, 160, 161, 162, 163, 164, 165, 166, 167, 170, 171, 182,
    183,   2,   4,   7,  24,  48,  52,  75,  82,  87, 126, 168, 169, 182, 183,   2,
      6,   7,  24,  26,  27,  28,  30,  31,  32,  34,  35,  36,  37,  38,  39,  40,
     42,  43,  48,  57,  58,  64,  67,  75,  82,  85,  86,  87, 121, 132, 133, 134,
    135, 139, 140, 168, 169, 172, 173, 182, 183,   2,   6,   7,  24,  26,  27,  28,
     30,  31,  32,  34,  35,  36,  37,  38,  39,  40,  42,  43,  46,  48,  57,  58,
     64,  67,  75,  82,  85,  86,  87, 121, 132, 133, 134, 135, 139, 140, 168, 169,
    172, 173, 182, 183,   2,   4,   6,   7,   9,  24,  27,  28,  30,  31,  32,  33,
     34,  35,  36,  37,  38,  39,  40,  42,  48,  54,  55,  56,  57,  58,  63,  64,
     73,  74,  75,  79,  81,  85,  86,  87, 109, 121, 128, 131, 132, 133, 134, 135,
    138, 139, 140, 150, 151, 164, 165, 166, 167, 168, 169, 172, 173, 174, 182, 183,
      2,   4,   6,   7,   9,  24,  27,  28,  30,  31,  32,  33,  34,  35,  36,  37,
     38,  39,  40,  42,  48,  54,  55,  56,  57,  58,  63,  64,  73,  74,  75,  79,
     81,  85,  86,  87, 109, 121, 128, 131, 132, 133, 134, 135, 138, 139, 140, 150,
    151, 164, 165, 166, 167, 168, 169, 172, 173, 174, 182, 183,   2,   4,   6,   7,
      9,  24,  27,  28,  30,  31,  32,  33,  34,  35,  36,  37,  38,  39,  40,  42,
     48,  52,  54,  55,  56,  57,  58,  63,  64,  73,  74,  75,  79,  81,  85,  86,
     87, 109, 121, 126, 128, 131, 132, 133, 134, 135, 138, 139, 140, 150, 151, 164,
    165, 166, 167, 168, 169, 172, 173, 174, 182, 183,   2,   4,   6,   7,   9,  24,
     27,  28,  30,  31,  32,  33,  34,  35,  36,  37,  38,  39,  40,  42,  48,  54,
     55,  56,  57,  58,  63,  64,  73,  74,  75,  79,  81,  85,  86,  87, 109, 121,
    128, 131, 132, 133, 134, 135, 138, 139, 140, 150, 151, 164, 165, 166, 167, 168,
    169, 172, 173, 174, 182, 183,   2,   6,   7,   9,  24,  27,  31,  34,  35,  36,
     37,  39,  40,  42,  52,  74,  75,  79,  81,  85, 121, 126, 128, 134, 167, 168,
    169, 172, 174,   1,   2,   6,   7,   9,  24,  27,  31,  34,  35,  36,  37,  39,
     40,  42,  43,  46,  48,  50,  52,  53,  58,  61,  67,  74,  75,  79,  81,  85,
     87, 108, 120, 121, 126, 128, 133, 134, 135, 140, 167, 168, 169, 172, 174, 182,
    183,   0,   4,   7,   8,   9,  10,  11,  16,  18,  22,  23,  26,  28,  29,  32,
     38,  45,  46,  47,  48,  49,  51,  52,  54,  55,  56,  57,  58,  59,  60,  61,
     62,  63,  64,  74,  79,  82,  84,  86,  87,  88,  89,  90,  91,  92,  93,  94,
     95,  96,  97,  99, 100, 101, 102, 103, 104, 105, 106, 107, 108, 109, 110, 111,
    112, 113, 114, 115, 116, 117, 118, 119, 120, 122, 123, 124, 125, 126, 129, 130,
    131, 132, 133, 135, 136, 137, 138, 139, 140, 141, 142, 143, 144, 145, 146, 147,
    148, 149, 150, 151, 152, 153, 154, 155, 156, 157, 158, 159, 160, 161, 162, 163,
    164, 165, 166, 167, 168, 170, 171, 174, 182, 183,   1,   2,   4,   7,   8,   9,
     10,  22,  23,  24,  25,  28,  29,  32,  34,  35,  36,  37,  39,  42,  48,  62,
     63,  72,  73,  74,  75,  79,  81,  86,  87, 109, 134, 138, 164, 165, 166, 167,
    168, 169, 170, 171, 172, 173, 182, 183,   2,   4,   6,   7,   8,   9,  10,  22,
     23,  24,  25,  28,  29,  32,  34,  35,  36,  37,  39,  42,  48,  52,  62,  63,
     72,  73,  74,  75,  79,  81,  86,  87, 109, 126, 134, 138, 164, 165, 166, 167,
    168, 169, 170, 171, 172, 173, 182, 183,   0,   2,   4,   6,   7,   9,  24,  25,
     27,  28,  30,  31,  32,  33,  34,  35,  36,  37,  38,  39,  40,  42,  47,  48,
     49,  58,  60,  61,  63,  64,  73,  74,  75,  79,  81,  85,  86,  87,  92,  93,
     94, 100, 101, 102, 103, 104, 109, 111, 112, 113, 114, 115, 116, 117, 118, 119,
    121, 128, 129, 130, 134, 135, 138, 139, 140, 141, 142, 144, 145, 148, 149, 156,
    157, 158, 159, 161, 162, 163, 164, 165, 166, 167, 168, 169, 172, 173, 174, 182,
    183,   7,   8,  10,  24,  26,  29,  30,  31,  34,  35,  36,  37,  38,  39,  40,
     82, 134, 170, 171,   6,  24,  82,   0,   1,   2,   4,   6,   7,   8,   9,  10,
     22,  23,  24,  26,  27,  29,  31,  34,  35,  36,  37,  38,  39,  40,  43,  45,
     46,  47,  48,  49,  50,  53,  54,  55,  56,  57,  58,  59,  60,  61,  62,  63,
     64,  67,  74,  82,  85,  87,  88,  89,  90,  91,  92,  93,  94, 100, 101, 102,
    103, 104, 105, 106, 107, 108, 109, 110, 111, 112, 113, 114, 115, 116, 117, 118,
    119, 120, 121, 129, 130, 131, 132, 133, 134, 135, 136, 137, 138, 139, 140, 141,
    142, 143, 144, 145, 148, 149, 150, 151, 152, 153, 154, 155, 156, 157, 158, 159,
    160, 161, 162, 163, 164, 165, 166, 167, 169, 170, 171, 182, 183,   7,   9,  46,
     50,  53,  63,  74, 108, 109, 120, 138, 164, 165, 166, 167, 168,   2,   6,   7,
     24,  26,  27,  28,  30,  31,  32,  34,  35,  36,  37,  38,  39,  40,  42,  43,
     48,  52,  57,  58,  64,  67,  75,  82,  85,  86,  87, 121, 126, 132, 133, 134,
    135, 139, 140, 168, 169, 172, 173, 182, 183,   2,   6,   7,  24,  26,  27,  28,
     30,  31,  32,  34,  35,  36,  37,  38,  39,  40,  42,  43,  48,  57,  58,  64,
     67,  75,  82,  85,  86,  87, 121, 132, 133, 134, 135, 139, 140, 168, 169, 172,
    173, 182, 183,   2,   4,   7,   8,   9,  10,  24,  25,  28,  29,  32,  34,  35,
     36,  37,  39,  42,  48,  63,  73,  74,  75,  79,  81,  86,  87, 109, 134, 138,
    164, 165, 166, 167, 168, 169, 170, 171, 172, 173, 182, 183,   2,   4,   7,   8,
      9,  10,  24,  25,  28,  29,  32,  34,  35,  36,  37,  39,  42,  48,  63,  73,
     74,  75,  79,  81,  86,  87, 109, 134, 138, 164, 165, 166, 167, 168, 169, 170,
    171, 172, 173, 182, 183,   2,   6,   7,  24,  26,  27,  28,  30,  31,  32,  34,
     35,  36,  37,  38,  39,  40,  42,  43,  48,  57,  58,  64,  67,  75,  82,  85,
     86,  87, 121, 132, 133, 134, 135, 139, 140, 168, 169, 172, 173, 182, 183,   2,
      4,   6,   7,   9,  24,  27,  28,  30,  31,  32,  33,  34,  35,  36,  37,  38,
     39,  40,  42,  48,  52,  54,  55,  56,  57,  58,  63,  64,  73,  74,  75,  79,
     81,  85,  86,  87, 109, 121, 126, 128, 131, 132, 133, 134, 135, 138, 139, 140,
    150, 151, 164, 165, 166, 167, 168, 169, 172, 173, 174, 182, 183,   2,   4,   6,
      7,   8,   9,  10,  22,  23,  24,  25,  28,  29,  32,  34,  35,  36,  37,  39,
     42,  43,  46,  48,  58,  62,  63,  67,  72,  73,  74,  75,  79,  81,  86,  87,
    109, 134, 135, 138, 164, 165, 166, 167, 168, 169, 170, 171, 172, 173, 182, 183,
      2,   4,   6,   7,   8,   9,  10,  22,  23,  24,  25,  28,  29,  32,  34,  35,
     36,  37,  39,  42,  43,  46,  48,  50,  53,  58,  62,  63,  67,  72,  73,  74,
     75,  79,  81,  86,  87, 108, 109, 120, 134, 135, 138, 164, 165, 166, 167, 168,
    169, 170, 171, 172, 173, 182, 183,   2,   6,   7,  24,  26,  27,  28,  30,  31,
     32,  33,  34,  35,  36,  37,  38,  39,  40,  42,  48,  57,  58,  64,  67,  73,
     74,  75,  81,  82,  85,  86,  87, 121, 132, 133, 134, 135, 139, 140, 168, 169,
    172, 173, 182, 183,   1,   2,   6,   7,  24,  26,  27,  28,  30,  31,  32,  33,
     34,  35,  36,  37,  38,  39,  40,  42,  43,  46,  48,  50,  53,  57,  58,  64,
     67,  73,  74,  75,  81,  82,  85,  86,  87, 108, 120, 121, 132, 133, 134, 135,
    139, 140, 168, 169, 172, 173, 182, 183,   1,   2,   6,   7,  24,  26,  27,  28,
     30,  31,  32,  33,  34,  35,  36,  37,  38,  39,  40,  42,  43,  46,  48,  50,
     53,  57,  58,  64,  67,  73,  74,  75,  81,  82,  85,  86,  87, 108, 120, 121,
    132, 133, 134, 135, 139, 140, 168, 169, 172, 173, 182, 183,   2,   6,   7,  24,
     26,  27,  28,  30,  31,  32,  33,  34,  35,  36,  37,  38,  39,  40,  42,  48,
     57,  58,  64,  67,  73,  74,  75,  81,  82,  85,  86,  87, 121, 132, 133, 134,
    135, 139, 140, 168, 169, 172, 173, 182, 183,   2,   4,   7,   8,   9,  10,  24,
     25,  28,  29,  32,  34,  35,  36,  37,  39,  42,  48,  63,  73,  74,  75,  79,
     81,  86,  87, 109, 134, 138, 164, 165, 166, 167, 168, 169, 170, 171, 172, 173,
    182, 183,   4,   9,  12,  16,  18,  25,  28,  32,  45,  46,  47,  48,  49,  50,
     51,  52,  53,  54,  55,  56,  57,  58,  59,  60,  61,  63,  64,  74,  79,  82,
     86,  87,  88,  89,  90,  91,  92,  93,  94,  95,  96,  97,  98,  99, 100, 101,
    102, 103, 104, 105, 106, 107, 108, 109, 110, 111, 112, 113, 114, 115, 116, 117,
    118, 119, 120, 122, 123, 124, 125, 126, 128, 129, 130, 131, 132, 133, 135, 136,
    137, 138, 139, 140, 141, 142, 143, 144, 145, 146, 147, 148, 149, 150, 151, 152,
    153, 154, 155, 156, 157, 158, 159, 160, 161, 162, 163, 164, 165, 166, 167, 182,
    183,   2,   4,   7,   8,   9,  10,  24,  25,  28,  29,  32,  34,  35,  36,  37,
     39,  42,  48,  52,  63,  73,  74,  75,  79,  81,  86,  87, 109, 126, 134, 138,
    164, 165, 166, 167, 168, 169, 170, 171, 172, 173, 182, 183,   2,   6,   7,  24,
     26,  27,  28,  30,  31,  32,  34,  35,  36,  37,  38,  39,  40,  42,  43,  46,
     48,  50,  53,  57,  58,  64,  67,  75,  82,  85,  86,  87, 108, 120, 121, 132,
    133, 134, 135, 139, 140, 168, 169, 172, 173, 182, 183,   2,   6,   7,  24,  26,
     27,  28,  30,  31,  32,  34,  35,  36,  37,  38,  39,  40,  42,  43,  46,  48,
     50,  53,  57,  58,  64,  67,  75,  82,  85,  86,  87, 108, 120, 121, 132, 133,
    134, 135, 139, 140, 168, 169, 172, 173, 182, 183,   0,   1,   2,   4,   6,   7,
      8,   9,  10,  22,  23,  24,  26,  27,  29,  31,  34,  35,  36,  37,  38,  39,
     40,  43,  45,  46,  47,  48,  49,  50,  53,  54,  55,  56,  57,  58,  59,  60,
     61,  62,  63,  64,  67,  74,  82,  85,  87,  88,  89,  90,  91,  92,  93,  94,
    100, 101, 102, 103, 104, 105, 106, 107, 108, 109, 110, 111, 112, 113, 114, 115,
    116, 117, 118, 119, 120, 121, 129, 130, 131, 132, 133, 134, 135, 136, 137, 138,
    139, 140, 141, 142, 143, 144, 145, 148, 149, 150, 151, 152, 153, 154, 155, 156,
    157, 158, 159, 160, 161, 162, 163, 164, 165, 166, 167, 169, 170, 171, 182, 183,
      2,   6,   7,   8,  23,  24,  26,  27,  30,  31,  34,  35,  36,  37,  38,  39,
     40,  42,  43,  52,  67,  75,  82,  85, 121, 126, 134, 168, 169, 170, 171, 172,
    173, 174,   2,   6,   7,   8,  10,  13,  14,  15,  17,  19,  21,  22,  23,  26,
     27,  28,  29,  30,  31,  32,  34,  35,  36,  37,  38,  39,  40,  41,  43,  48,
     51,  52,  54,  55,  56,  57,  58,  59,  60,  61,  62,  64,  67,  82,  84,  85,
     86,  87,  95,  96,  97,  98, 105, 106, 107, 121, 122, 123, 124, 125, 126, 131,
    132, 133, 134, 135, 136, 137, 139, 140, 146, 147, 150, 151, 152, 153, 160, 168,
    169, 170, 171, 175, 182, 183,   2,   6,   7,   8,  10,  13,  14,  15,  17,  19,
     21,  22,  23,  26,  27,  28,  29,  30,  31,  32,  34,  35,  36,  37,  38,  39,
     40,  41,  43,  48,  51,  52,  54,  55,  56,  57,  58,  59,  60,  61,  62,  64,
     67,  82,  84,  85,  86,  87,  95,  96,  97,  98, 105, 106, 107, 121, 122, 123,
    124, 125, 126, 131, 132, 133, 134, 135, 136, 137, 139, 140, 146, 147, 150, 151,
    152, 153, 160, 168, 169, 170, 171, 175, 182, 183,   0,   4,   7,   8,   9,  10,
     16,  19,  26,  29,  36,  37,  39,  43,  45,  46,  47,  49,  50,  51,  52,  53,
     54,  55,  56,  57,  59,  60,  61,  62,  64,  65,  68,  74,  82,  83,  84,  88,
     89,  90,  91,  92,  93,  94,  95,  96,  97,  98, 100, 101, 102, 103, 104, 105,
    106, 107, 108, 110, 111, 112, 113, 114, 115, 116, 117, 118, 119, 120, 122, 123,
    124, 125, 126, 128, 129, 130, 131, 132, 133, 135, 136, 137, 139, 140, 141, 142,
    143, 144, 145, 146, 147, 148, 149, 150, 151, 152, 153, 154, 155, 156, 157, 158,
    159, 160, 161, 162, 163, 167, 170, 171,   0,   4,   8,   9,  10,  13,  16,  21,
     22,  23,  26,  29,  30,  34,  36,  37,  39,  45,  46,  47,  48,  49,  50,  51,
     52,  53,  54,  55,  56,  57,  58,  59,  60,  61,  62,  63,  64,  65,  68,  74,
     82,  83,  84,  87,  88,  89,  90,  91,  92,  93,  94,  95,  96,  97,  98, 100,
    101, 102, 103, 104, 105, 106, 107, 108, 109, 110, 111, 112, 113, 114, 115, 116,
    117, 118, 119, 120, 122, 123, 124, 125, 126, 127, 128, 129, 130, 131, 132, 133,
    134, 135, 136, 137, 138, 139, 140, 141, 142, 143, 144, 145, 146, 148, 149, 150,
    151, 152, 153, 154, 155, 156, 157, 158, 159, 160, 161, 162, 163, 164, 165, 166,
    167, 170, 171, 182, 183,   0,   2,   4,   5,   6,   7,   9,  12,  13,  14,  15,
     16,  17,  18,  19,  20,  21,  24,  25,  26,  28,  32,  33,  34,  35,  36,  37,
     39,  42,  45,  46,  47,  48,  49,  51,  52,  54,  55,  56,  58,  59,  60,  61,
     63,  64,  65,  66,  67,  72,  74,  75,  79,  84,  86,  87,  88,  89,  90,  91,
     92,  93,  94,  95,  96,  97,  98,  99, 100, 101, 102, 103, 104, 105, 106, 107,
    109, 110, 111, 112, 113, 114, 115, 116, 117, 118, 119, 122, 123, 124, 125, 126,
    128, 129, 130, 131, 134, 135, 136, 137, 138, 139, 140, 141, 142, 143, 144, 145,
    146, 147, 148, 149, 150, 151, 152, 153, 154, 155, 156, 157, 158, 159, 160, 161,
    162, 163, 164, 165, 166, 167, 168, 169, 175, 182, 183,   0,   2,   4,   5,   6,
      7,   9,  12,  13,  14,  15,  16,  17,  18,  19,  20,  21,  24,  25,  26,  28,
     32,  33,  34,  35,  36,  37,  39,  42,  45,  46,  47,  48,  49,  51,  52,  54,
     55,  56,  58,  59,  60,  61,  63,  64,  65,  66,  67,  72,  74,  75,  79,  84,
     86,  87,  88,  89,  90,  91,  92,  93,  94,  95,  96,  97,  98,  99, 100, 101,
    102, 103, 104, 105, 106, 107, 109, 110, 111, 112, 113, 114, 115, 116, 117, 118,
    119, 122, 123, 124, 125, 126, 128, 129, 130, 131, 134, 135, 136, 137, 138, 139,
    140, 141, 142, 143, 144, 145, 146, 147, 148, 149, 150, 151, 152, 153, 154, 155,
    156, 157, 158, 159, 160, 161, 162, 163, 164, 165, 166, 167, 168, 169, 175, 182,
    183,  48,  58,  67,  87, 135, 182, 183,   6,  48,  58,  67,  87, 135, 182, 183,
     26,  33,  34,  36,  37,  38,  39,  40,  48,  57,  58,  60,  61,  62,  63,  64,
     87, 109, 132, 133, 134, 135, 138, 139, 140, 164, 165, 166, 182, 183,   0,   4,
      5,   6,   7,   8,   9,  10,  16,  19,  22,  23,  24,  43,  65,  67,  68,  74,
     82,  83, 167, 170, 171,  19,  21,  46,  48,  51,  52,  58,  87,  95,  96,  97,
     98, 122, 123, 124, 125, 126, 135, 146, 147, 160, 182, 183,  48,  52,  58,  87,
    126, 135, 182, 183,  16,  16,  19,  16,  19,  21,  19,  21,   0,   1,   2,   4,
      6,   7,   8,   9,  10,  24,  25,  26,  27,  28,  29,  30,  31,  32,  33,  34,
     35,  36,  37,  38,  39,  40,  42,  43,  45,  47,  51,  52,  54,  55,  56,  58,
     60,  61,  66,  67,  72,  73,  74,  75,  77,  78,  79,  80,  81,  85,  86,  88,
     89,  90,  91,  92,  93,  94,  95,  96,  97,  98,  99, 100, 101, 102, 103, 104,
    105, 107, 109, 110, 111, 112, 113, 114, 115, 116, 117, 118, 119, 120, 121, 122,
    123, 124, 125, 126, 128, 130, 131, 132, 133, 134, 136, 137, 139, 140, 141, 142,
    144, 145, 146, 147, 148, 149, 150, 151, 152, 153, 154, 155, 156, 157, 158, 159,
    160, 161, 162, 163, 164, 165, 166, 167, 168, 169, 170, 171, 172, 173, 174, 177,
    178,   2,   4,   7,   8,   9,  10,  24,  25,  28,  29,  32,  34,  35,  36,  37,
     39,  42,  48,  63,  73,  74,  75,  79,  81,  86,  87, 109, 134, 138, 164, 165,
    166, 167, 168, 169, 170, 171, 172, 173, 182, 183,
};

static const int8_t libron_12_italicKernSparseValues[] = {
     -12,  -13,   -9,   -9,   -6,   -8,  -13,  -12,  -12,  -15,  -10,   -8,  -14,  -10,   -2,  -11,
      -9,   -7,   -6,  -13,   -9,   -7,  -25,   -7,   -7,   -7,   -7,  -12,  -12,  -18,  -18,  -12,
      -9,   -9,  -12,   -9,  -43,  -34,  -43,  -16,  -26,  -27,    8,    3,    1,    3,    1,  -16,
      11,  -12,   -7,    6,    2,   -2,   -2,   -2,   -2,   -2,   -1,   -1,  -10,   -6,   -7,   -2,
     -26,   -2,  -31,  -35,  -16,  -16,  -16,  -16,  -19,  -22,  -19,    5,    2,    8,  -22,  -12,
     -12,  -22,  -12,   -2,   -2,   -2,   13,  -16,  -21,  -20,  -22,  -21,  -12,  -21,  -14,  -13,
      -7,   12,    1,    2,    3,    8,    1,  -12,  -12,   -2,   -2,   -1,   -2,   -2,   -6,  -11,
     -13,  -12,  -28,   -4,  -22,   32,    2,  -16,  -12,    4,   -2,   -1,   -2,  -27,  -16,  -12,
     -23,   -2,  -21,  -12,  -14,  -12,  -34,  -43,  -43,  -15,   -8,   -6,    4,    2,    1,  -12,
      -9,  -20,  -12,    3,  -25,    5,    7,    6,    1,    5,    5,    5,    5,    5,    6,    6,
       6,    5,    5,    5,    5,    7,  -11,    6,    6,    5,    5,    6,    6,    5,   -2,    2,
     -10,  -11,   -7,  -26,   -8,   -9,  -14,  -11,   -3,   -7,  -10,   -6,  -10,    2,    1,    1,
     -12,   11,  -13,   11,    6,   -6,   16,    2,  -11,  -11,  -11,   -8,   -3,  -11,  -10,  -10,
      -3,  -11,  -10,   -8,  -10,  -15,  -11,  -10,   11,  -12,  -12,  -12,  -12,  -12,  -13,  -13,
      -3,   -6,   -6,   -6,  -13,  -13,  -13,  -13,  -13,  -11,  -11,  -11,    7,  -11,  -12,  -13,
     -12,  -13,  -13,  -13,  -13,    5,   -6,   -6,   -5,   -6,   16,  -13,  -13,  -11,   -8,   -8,
      -3,  -11,  -11,  -11,  -10,  -10,  -13,  -11,   -1,  -13,   23,   -6,   -9,  -13,   -1,  -11,
     -10,  -11,   -8,  -12,  -13,  -13,    3,  -13,   -6,  -13,   -5,  -13,  -11,  -11,  -11,  -26,
      -8,   -8,   11,   11,  -10,  -11,  -11,   -8,   -6,   -8,   -6,   -6,  -13,   -7,  -12,  -45,
     -25,  -45,   -6,   -1,    1,   -1,   -1,   -1,  -22,   -7,  -31,   -9,   -8,    1,   -8,   -4,
     -14,  -10,  -11,   -8,   -2,    8,    6,   -2,  -12,   -2,  -13,   -7,  -30,  -35,   -7,    8,
      -8,   -8,   -8,   -8,   -2,   -2,    5,    2,   -2,   -2,   -2,   -2,   -2,   -8,    1,   -2,
      -2,   -2,   -2,   -2,    3,   -7,    3,    1,   10,   -6,   -5,   -2,   -2,    3,    1,    1,
      -2,   -8,   -2,   -1,    1,    4,   -2,   -2,   -8,   -8,   -2,   -2,   -2,   -2,   -2,  -25,
     -45,  -45,    8,    8,  -12,  -43,  -10,  -13,   -2,  -51,  -45,  -15,   -1,   -1,   -1,   -4,
       1,  -16,  -25,   -8,  -16,  -22,  -14,    2,  -22,  -21,   -7,  -73,  -23,  -38,  -54,  -74,
     -33,    1,   -3,   -8,   -9,   -2,   -7,  -16,  -11,  -18,  -18,  -18,  -16,  -19,  -17,  -16,
     -77,  -10,  -13,   -6,   -2,  -20,  -18,  -49,  -16,    4,  -40,   -2,   -3,   -3,   -3,   -3,
      -9,   -9,   -9,  -16,  -16,  -16,  -16,   -9,   -9,   -9,   -9,   -9,  -19,  -19,  -19,  -19,
     -77,   -3,   -9,   -9,   -9,   -9,   -9,   -9,   -7,   -7,   -7,  -16,  -16,  -16,  -16,  -11,
     -12,   -9,   -9,  -18,  -73,  -16,  -19,  -19,  -77,  -10,  -10,   -7,  -19,   -3,   -9,   -9,
     -16,  -16,   -9,   -9,  -18,  -18,  -19,  -19,   -3,   -3,   -9,   -9,   -9,   -9,  -16,   -9,
      -9,   -9,  -77,  -77,  -77,  -45, -109, -107,  -90,   -2,   -2,  -41,  -25,  -45,   -6,   -6,
     -20,  -16,  -11,   -5,  -18,  -17,  -20,  -20,  -14,  -13,   -5,  -16,  -12,  -13,   -1,  -36,
     -11,  -29,  -20,  -22,  -38,  -14,   -6,  -22,  -19,  -15,  -16,   -9,   -9,   -9,   -7,  -12,
     -12,   -7,   -7,  -11,  -10,  -19,  -17,  -18,  -13,   -1,  -19,  -15,  -15,  -15,  -15,  -12,
     -12,  -12,  -13,  -15,  -15,  -15,  -15,  -16,   -9,   -7,   -7,  -70,  -12,  -12,  -12,  -10,
     -10,  -15,  -15,   -9,   -9,  -12,  -12,  -15,  -46,  -44,   -6,   -6,  -42,  -19,  -19,  -12,
     -43,  -10,  -13,   -2,  -51,  -22,  -15,   -1,   -1,   -1,   -4,    1,  -16,  -25,   -8,  -16,
     -22,  -14,    1,  -22,  -21,   -7,  -37,  -23,  -38,  -27,  -37,  -33,   -3,   -8,   -9,  -15,
      -7,  -16,  -19,  -18,  -18,  -18,  -16,  -19,  -17,  -16,  -38,  -10,  -13,   -6,   -2,  -20,
     -18,  -49,  -16,    2,  -41,  -15,   -3,   -3,   -3,   -3,   -9,   -9,   -9,  -16,  -16,  -16,
     -16,   -9,   -9,   -9,   -9,   -9,   -9,  -19,  -19,  -19,  -38,   -3,   -9,   -9,   -9,   -9,
      -9,   -9,   -7,   -7,   -7,  -16,  -16,  -16,  -16,  -19,  -12,   -9,   -9,  -18,  -73,  -16,
     -19,  -19,  -38,  -10,  -10,   -7,   -9,   -3,   -9,   -9,  -16,  -16,   -9,   -9,  -18,  -18,
     -19,  -19,   -3,   -3,   -9,   -9,   -9,   -9,  -16,   -9,   -9,   -9,  -38,  -38,  -38,  -22,
     -55,  -53,  -45,  -15,  -15,   -6,  -29,  -29,  -51,   -7,   -2,   -2,  -19,  -17,    1,  -25,
       8,  -26,  -11,    4,    1,   -2,   -2,   -2,  -21,   -3,   -2,   -2,  -12,   -7,  -23,  -25,
     -25,  -25,  -25,  -26,  -26,  -26,  -26,  -26,  -26,  -26,  -26,   -3,   -3,   -3,    4,  -25,
     -26,  -26,  -26,  -26,  -26,  -26,  -11,  -11,  -11,    4,  -26,  -26,   -2,  -21,  -21,   -3,
      -3,   -7,   -7,  -11,  -26,  -25,  -26,  -26,  -26,  -26,   -2,   -2,   -3,   -3,  -25,  -25,
     -26,  -26,  -26,  -26,  -26,  -26,  -26,  -29,  -29,  -11,   -6,   -4,   -4,   -6,   -6,   -1,
      -5,   -6,   -2,   -7,  -18,  -13,   -6,  -20,   -1,   -9,   -8,  -13,   -1,   -6,   -6,   -2,
     -10,   -4,  -11,  -14,  -10,   -3,   -8,   -1,  -10,  -18,   -7,   -7,    1,  -13,  -12,   -4,
     -11,  -13,  -15,  -13,  -14,   -5,   -5,  -17,   -8,   -8,  -11,   -7,  -12,  -11,  -14,   -8,
     -10,  -10,   -4,   -6,  -13,   -1,  -14,   -1,   -3,  -11,   -7,   -5,   -4,  -12,  -11,  -23,
     -17,  -23,   -8,  -21,   -5,  -11,   -4,  -12,   -9,  -11,  -11,   -1,   -5,  -11,  -10,  -12,
      -3,   -3,   -4,   -3,  -10,   -7,   -3,   -3,   -1,   -4,   -4,   -4,   -4,  -11,  -10,  -20,
     -16,   -3,  -21,   -1,   -8,   -7,   -7,  -17,   -9,   -4,   -4,   -4,  -11,   -9,  -10,   -3,
      -3,  -10,  -15,   -2,  -14,   -5,   -5,   -3,    2,  -13,   -6,   -1,   -1,  -16,   -7,  -20,
     -14,  -21,   -2,   -6,  -13,  -15,  -16,  -15,  -13,  -14,   -2,   -1,   -4,   -4,   -1,   -1,
      -3,   -4,   -4,   -1,   -1,   -1,   -1,   -1,   -1,   -1,   -1,   -1,   -4,   -4,   -8,  -11,
       1,    1,   -1,   -5,   -9,   -9,   -1,  -12,   -5,  -10,   -7,   -3,  -10,  -11,  -11,  -12,
     -12,  -10,    1,    1,  -11,   -2,    4,  -26,  -20,  -26,  -14,    5,  -10,   -2,   -3,    2,
       1,  -23,  -21,    4,    3,    3,   -7,  -17,  -20,  -26,  -26,   -6,   -7,   -6,   -5,   -1,
      -1,   -1,   -1,   -1,   -4,   -9,  -16,  -12,   -3,  -17,   -2,  -15,   -1,   -4,  -12,   -5,
     -10,  -10,   -4,   -1,   -1,   -4,  -12,   -8,  -10,   -8,   -8,   -1,   -7,  -17,  -12,  -11,
     -20,   -3,  -10,   -9,  -13,   -8,   -8,   -1,  -10,  -10,   -3,   -2,   -8,  -18,   -4,   -4,
      -7,   -5,   -8,  -19,  -12,  -23,   -9,    2,    4,   -9,   -8,    2,    4,   -6,   -9,  -18,
      -3,   -2,   -2,    2,    2,   -3,   -2,   -8,  -18,   -4,   -4,   -7,   -5,   -8,  -19,  -12,
     -23,   -9,    5,   11,   -9,   -1,   -8,    5,   11,   -6,   -9,  -18,   -3,   -2,   -2,    5,
       5,  -12,   -9,  -10,  -10,   -1,  -22,  -22,  -11,   -3,   -3,   -5,   -6,   -5,   -5,   -6,
      -5,   -7,  -22,  -15,   -7,  -25,   -4,    1,    1,    1,    1,    1,   -9,   -6,    1,    1,
       1,    1,    1,   -6,    1,    1,    1,    1,    1,   -5,    1,    1,    1,    1,    1,    1,
       1,   -3,   -3,  -15,   -1,  -32,  -12,  -37,  -16,  -18,   -1,   -6,  -13,   -4,  -17,  -24,
     -10,  -11,  -23,  -14,   -5,  -21,    2,  -20,   -9,  -37,  -20,  -33,  -22,  -39,   -1,  -29,
       1,   -6,   -9,  -10,  -20,   -7,   -8,  -10,  -11,  -11,  -11,   -4,  -15,  -11,  -15,  -15,
     -25,   -3,  -17,  -24,  -18,  -28,  -16,  -21,  -36,  -20,   -6,   -6,   -6,   -6,  -10,  -10,
     -10,   -8,   -8,   -8,   -8,  -10,  -10,  -10,  -10,  -10,  -19,  -11,  -11,  -11,  -25,   -6,
     -10,  -10,  -10,  -10,  -10,  -10,   -7,   -7,   -7,   -8,   -8,   -8,   -8,  -10,   -5,   -8,
     -10,  -10,  -11,   -4,   -4,  -37,  -15,  -11,  -11,  -25,   -3,   -3,   -7,  -19,   -6,  -10,
     -10,   -8,   -8,  -10,  -10,  -11,  -11,  -11,  -11,   -6,   -6,  -10,  -10,  -10,  -10,   -8,
     -10,  -10,  -10,  -25,  -25,  -25,  -16,  -35,  -37,  -33,  -30,  -13,  -20,  -20,   -9,   -6,
      -6,   -3,  -11,   -6,   -1,   -1,   -1,   -5,   -5,  -15,   -9,   -6,  -17,   -1,   -1,   -2,
      -1,   -2,   -3,   -2,   -3,   -6,   -7,   -9,   -1,   -2,   -1,   -1,   -1,   -1,   -1,   -1,
      -1,   -1,   -3,   -1,   -1,   -1,   -1,   -1,   -1,   -3,   -3,   -3,   -1,   -2,   -1,   -1,
      -5,   -2,   -3,   -6,   -6,   -3,   -1,   -1,   -1,   -1,   -1,   -1,   -1,   -1,   -1,   -1,
      -1,   -1,   -3,   -3,   -3,   -6,   -2,   -2,   -1,   -1,   -2,   -1,   -1,   -1,   -2,   -4,
      -3,   -1,   -4,   -2,   -2,   -2,   -4,   -3,   -3,   -2,   -4,   -4,   -4,   -1,   -1,   -1,
      -7,  -13,   -9,   -5,   -5,   -8,   -1,   -1,   -7,   -4,  -17,   -6,   -5,   -7,   -4,   -5,
      -5,   -5,  -20,  -12,  -22,  -25,   -5,   -5,  -11,   -2,   -1,  -10,   -4,  -11,   -5,   -2,
      -5,   -5,   -1,   -5,   -5,   -5,   -9,   -2,   -2,   -2,   -1,   -1,   -1,   -1,   -1,   -1,
      -3,   -1,   -1,   -1,   -1,   -1,   -6,   -6,   -1,   -1,   -1,   -1,   -1,   -1,   -1,   -1,
      -6,   -1,   -1,   -1,   -1,   -1,   -1,   -1,   -3,   -1,   -1,   -1,   -1,   -6,   -6,   -6,
      -1,   -1,   -1,   -1,   -1,   -1,   -1,    1,   -1,    1,   -6,   -6,   -6,   -1,   -1,  -11,
      -9,    1,  -36,  -23,  -36,  -15,  -12,   -2,   -2,    8,  -19,   -4,  -19,   -1,   -4,   -1,
       1,   -1,  -15,    8,  -15,   -1,  -12,    4,   -2,   -1,    1,   -5,   -5,   -4,  -12,   -1,
      -3,   -2,   -2,  -11,   -4,  -11,  -13,  -20,   -3,  -27,   -4,   -1,  -15,  -15,  -15,  -15,
     -15,  -15,  -15,   -1,   -3,   -2,  -15,  -15,  -15,  -15,  -15,   -3,   -3,   -3,    4,   -3,
     -15,  -15,  -15,  -15,  -15,  -15,  -15,  -11,  -12,  -12,    5,   -1,   -2,   -2,   -4,    2,
      -2,  -15,  -15,   -5,   -4,   -5,    1,   -2,   -3,   -3,   -4,  -11,  -11,  -12,  -15,  -15,
      -9,  -15,   15,   -1,  -13,  -15,   -4,   -5,   -3,   -3,  -15,  -15,  -15,  -15,    1,  -15,
      -2,  -15,   -7,  -15,   -4,   -4,   -4,  -23,    1,  -36,  -36,   -5,   -1,   -1,   -1,   -9,
     -10,   -1,   -7,   -4,  -10,   -1,   -1,   -6,   -2,  -11,   -6,   -3,  -10,   -1,   -1,   -7,
      -5,   -1,   -2,   -7,   -6,   -5,   -8,   -9,   -8,   -8,   -7,   -7,   -7,  -13,   -5,   -6,
      -6,   -6,   -5,   -4,   -9,    4,  -10,  -11,   -9,    1,   -4,   -4,    1,   -7,   -7,   -7,
      -6,   -9,   -6,   -7,   -6,  -14,   -8,  -14,  -12,   -7,   -4,  -11,   -9,   -9,   -9,   -9,
     -10,  -10,  -10,   -8,   -9,   -4,   -4,   -7,  -10,  -10,  -10,  -10,  -10,   -6,   -6,   -6,
       2,  -14,   -9,  -10,  -10,  -10,  -10,  -10,  -10,   -9,   -9,   -9,    1,   -4,   -4,   -4,
      -9,   -4,   -1,  -10,  -10,   -7,  -11,  -11,   -9,   -6,   -6,  -14,   -8,   -8,   -9,  -10,
      -9,  -18,  -10,    4,   -4,  -19,  -10,  -13,   -7,   -6,   -6,   -9,   -9,  -10,  -10,  -17,
     -10,   -4,  -10,  -19,  -10,  -14,  -14,  -14,  -13,  -11,  -11,   -6,    3,  -11,  -11,  -11,
      -1,   -3,   -4,   -4,   -6,   -6,   -5,   -9,   -2,   -7,   -2,  -10,   10,  -11,   -7,  -10,
       6,    3,   -4,   -4,   -4,  -12,   -7,   -3,   -4,   -4,   -6,   -9,  -13,  -13,  -10,  -13,
     -12,   -2,   -7,  -10,  -10,  -10,  -10,  -11,  -11,  -11,    1,   -2,   -5,  -11,  -11,  -11,
     -11,  -11,   -3,   -3,   -3,   12,   -9,  -10,  -11,  -11,  -11,  -11,  -11,  -11,  -10,  -10,
     -10,   10,   -2,  -11,  -11,   -4,  -24,  -23,  -17,   -3,   -3,   -9,  -13,  -13,  -10,  -11,
     -20,  -18,  -11,   14,  -20,  -11,   -7,   -4,   -3,   -3,  -10,  -10,  -11,  -11,  -16,  -11,
     -11,  -19,  -11,   -9,   -9,   -9,  -11,  -11,  -11,   -7,   -7,   -9,   -6,    1,  -25,   -8,
      -3,  -13,   -3,  -11,   -3,   -3,   -9,   -8,  -25,  -24,   -3,   -5,   -1,  -17,   -5,  -18,
      -6,    5,  -16,  -24,  -10,    1,   -7,   -8,    1,  -12,  -12,  -12,   -3,  -15,  -16,  -19,
     -18,   -2,  -35,   -4,   -8,   -2,  -21,   -1,  -24,   -7,  -45,  -24,   -6,   -6,   -6,   -6,
     -16,  -16,  -16,  -14,  -14,   -7,   -7,  -11,  -16,  -16,  -16,  -16,  -31,  -16,  -16,  -16,
       2,  -35,   -6,  -16,  -16,  -16,  -16,  -16,  -16,  -10,  -10,  -10,    2,   -7,   -7,   -7,
     -14,   -8,   -2,   -3,  -16,  -16,  -12,   -3,   -3,   -5,  -35,  -16,  -16,  -35,   -4,   -4,
     -10,  -31,   -6,  -28,  -16,    3,   -7,  -31,  -16,  -21,  -12,  -16,  -16,   -6,   -6,  -16,
     -16,  -27,  -16,   -7,  -16,  -30,  -16,  -70,  -35,  -35,  -25,   -1,   -2,  -22,  -24,  -24,
     -12,  -40,  -41,    4,    4,   -1,   -1,   -4,  -24,  -13,    4,    4,  -22,   -5,    2,   -4,
      -1,  -36,   -9,  -34,  -22,   -1,  -41,  -17,  -21,   -8,   -9,   -9,   -9,   -9,  -11,   -8,
     -10,  -10,  -21,   -6,   -2,  -13,    2,  -32,  -10,   -4,  -21,   -8,   -8,   -8,   -8,   -8,
      -8,   -8,  -21,   -8,   -8,   -8,   -8,   -9,   -9,  -71,  -11,   -8,   -8,  -21,   -6,   -6,
      -8,   -8,   -9,   -9,   -8,   -8,   -8,  -21,  -21,  -21,  -36,  -34,    4,    4,  -38,  -38,
     -21,  -21,   -7,   -1,  -13,   -7,   -7,   -8,   -1,   -1,   -1,   -8,   -7,   -6,   -1,   -8,
       1,   -9,  -15,   -9,   -6,   -6,   -8,   -8,   -8,   -5,  -12,   -7,   -8,   -8,  -16,   -7,
     -14,  -12,   -6,   -6,  -15,   -8,   -8,   -8,   -8,   -9,   -9,   -9,   -6,   -6,   -6,   -6,
      -9,   -9,   -9,   -9,   -9,   -9,   -7,   -7,   -7,  -16,   -8,   -9,   -9,   -9,   -9,   -9,
      -9,   -9,   -9,   -9,   -6,   -6,   -6,   -6,   -6,   -4,   -9,   -9,   -8,   -5,   -5,  -12,
      -7,   -7,  -16,   -7,   -7,   -9,   -9,   -8,   -9,   -9,   -6,   -9,   -9,   -8,   -8,   -7,
      -7,   -8,   -8,   -9,   -9,   -9,   -9,   -6,   -9,   -9,   -9,  -16,  -16,  -16,  -13,   -2,
      -2,   -1,  -15,  -15,   -6,    1,   -9,  -11,   -9,   -3,   -5,   -5,   -4,   -9,   -6,   -3,
      -3,   -3,   -3,   -9,    9,   -9,   -8,   -9,    5,   -2,   -2,    1,   -5,   -5,   -5,  -12,
      -8,   -4,   -5,   -5,   -5,  -10,  -13,  -13,  -10,  -13,   -4,   -3,   -8,   -9,   -9,   -9,
      -9,   -9,   -9,   -9,   -4,   -6,   -2,   -5,   -6,   -9,   -9,   -9,   -9,   -9,   -4,   -4,
      -4,   10,  -10,   -9,   -9,   -9,   -9,   -9,   -9,   -9,   -9,   -9,   -9,    9,   -2,   -2,
      -2,   -6,   -2,   -9,   -9,   -5,  -23,  -22,  -19,   -4,   -4,  -10,  -13,  -13,   -9,   -9,
      -9,  -16,   -9,   10,   -2,  -18,   -9,   -9,   -5,   -4,   -4,   -9,   -9,   -9,   -9,  -15,
      -9,   -2,   -9,  -18,   -9,  -10,  -10,  -10,  -11,   -9,   -9,   -8,   -8,   -7,  -13,  -10,
      -5,   -5,   -7,   -1,   -1,   -6,   -1,  -16,   -6,   -4,   -7,   -4,   -4,   -5,   -4,  -20,
     -12,  -21,  -25,   -5,   -1,  -11,   -9,   -4,  -10,   -4,   -4,   -5,   -5,   -5,   -5,   -9,
     -10,   -9,  -10,  -36,  -22,  -36,  -12,   -2,  -16,   -5,  -22,   -7,   -5,   -9,   -8,  -25,
      -7,   -7,   -7,   -1,   -1,   -1,   -6,  -13,  -17,  -27,   -5,   -7,   -7,   -7,   -7,   -1,
      -1,   -1,   -1,   -1,   -1,   -1,   -1,   -1,   -7,   -1,   -1,   -1,   -1,   -1,   -1,   -1,
      -1,   -1,   -5,    2,   -4,   -6,   -1,   -1,   -1,   -1,   -7,   -1,   -1,   -1,   -1,   -7,
      -7,   -1,   -1,   -1,   -1,   -1,   -1,   -1,  -22,    1,    1,  -36,  -36,   -7,   -9,  -10,
      -5,   -5,   -7,   -1,   -1,   -6,   -1,    4,  -16,   -6,   -4,   -7,   -4,   -4,   -5,   -4,
     -20,  -12,  -21,  -25,   -5,   -1,   -5,    5,    5,   -4,   -4,  -10,   -4,   -4,    5,   -5,
      -5,   -7,   -7,   -9,   -2,   -9,   -8,  -16,  -16,    2,   -6,   -8,   -7,   -9,   -4,   -3,
     -15,   -6,   -5,    2,   -4,   -7,   -8,  -18,  -11,  -17,   -8,   -5,   -2,   -1,  -11,   -1,
      -6,  -15,   -5,  -14,   -8,   -9,   -2,   -5,   -5,   -5,   -5,   -5,   -5,   -5,   -5,   -9,
     -11,   -5,   -5,   -5,   -5,   -5,   -5,   -1,   -1,   -1,   -5,   -5,   -5,   -7,  -11,   -1,
      -9,   -5,   -5,   -5,   -5,   -5,   -5,   -5,   -5,   -5,   -5,   -5,  -11,  -11,  -11,  -16,
      -8,  -10,  -15,  -11,   -6,   -2,   -2,   -4,   -1,   -1,   -4,   -2,   -1,   -1,   -6,   -2,
      -1,   -2,   -3,   -2,   -2,   -3,   -1,   -1,   -1,   -1,   -1,   -3,   -6,   -6,   -2,   -2,
      -2,   -2,   -1,   -1,   -1,   -1,   -1,   -2,   -2,   -2,   -2,   -2,   -1,   -1,   -1,   -3,
      -2,   -2,   -2,   -2,   -2,   -2,   -3,   -3,   -3,   -1,   -1,   -1,   -1,   -1,   -2,   -2,
      -1,   -1,   -1,   -1,   -1,   -1,   -3,   -6,   -6,   -3,   -2,   -2,   -2,   -1,   -1,   -2,
      -2,   -1,   -1,   -2,   -2,   -2,   -2,   -1,   -2,   -2,   -2,   -3,   -3,   -3,   -2,   -3,
      -1,   -4,   -2,   -2,  -12,   -9,    2,  -30,  -27,  -30,  -13,  -15,   -1,   -3,   -3,  -31,
      -1,  -30,   -1,   -3,  -22,    1,  -16,   -1,  -10,   -2,   -1,   -7,   -7,   -7,   -9,   -2,
      -7,   -7,   -7,   -8,   -8,  -10,  -26,  -26,   -6,  -46,   -1,   -1,  -22,  -22,  -22,  -22,
     -28,  -29,  -27,   -1,   -5,   -2,   -3,  -16,  -31,  -31,  -30,  -16,   -7,   -7,   -7,    1,
     -13,  -22,  -28,  -29,  -29,  -29,  -16,  -30,  -18,  -18,  -10,    4,   -2,   -2,   -2,   -9,
       1,  -16,  -16,  -14,  -13,  -14,   -4,   -7,   -7,  -14,  -10,  -18,  -19,  -16,  -41,  -23,
     -28,    6,   -1,  -26,  -31,   -7,  -12,  -11,   -7,  -37,  -22,  -16,  -29,  -18,  -29,   -2,
     -16,  -21,  -16,  -14,   -8,  -14,  -27,    1,  -30,  -30,  -15,   -1,   -1,   -6,    2,  -13,
     -11,  -13,   -5,   -3,   -4,   -2,   -5,   -6,   -6,   -5,  -14,   -2,   -8,   -2,  -11,   10,
     -12,   -7,  -11,    6,    3,   -4,   -4,   -4,  -13,   -7,   -3,   -4,   -4,   -7,   -9,  -13,
     -13,  -10,  -14,  -18,   -2,   -7,  -11,  -11,  -11,  -11,  -12,  -12,  -12,    1,   -2,   -1,
      -5,  -12,  -12,  -12,  -12,  -12,   -3,   -3,   -3,   12,   -9,  -11,  -12,  -12,  -12,  -12,
     -12,  -12,  -11,  -11,  -11,   10,   -2,  -12,  -12,   -4,  -26,  -25,  -17,   -3,   -3,   -9,
     -13,  -13,  -11,  -12,  -22,  -19,  -12,   14,  -22,  -12,   -7,   -4,   -3,   -3,  -11,  -11,
     -12,  -12,  -18,  -12,  -12,  -21,  -12,   -9,   -9,   -9,  -11,  -13,  -13,   -7,   -7,  -13,
       3,   -9,   11,  -30,  -26,  -30,  -19,   -5,   -1,   -1,  -18,   -5,  -10,   -1,  -14,  -14,
       5,  -11,  -31,   -5,  -26,   -5,   -2,    1,    2,  -26,   20,  -26,   -9,  -24,   15,   -6,
      -5,   12,  -18,  -18,  -18,  -24,  -11,  -18,  -17,  -17,  -24,  -23,  -23,  -27,  -24,  -24,
     -46,   -5,   -9,  -25,  -26,  -26,  -26,  -20,  -26,  -24,   -2,  -16,   -6,   -6,   -3,  -23,
     -26,  -26,  -26,  -26,  -17,  -18,  -18,   16,  -22,  -26,  -26,  -21,  -26,  -21,  -26,  -22,
     -24,  -20,  -24,   13,   -6,   -6,   -3,  -18,   -5,   -1,    1,  -26,  -24,  -15,  -23,  -17,
     -17,  -18,  -18,  -23,  -23,  -19,  -20,  -26,  -20,  -26,   25,   -6,  -11,  -26,   -1,  -18,
     -11,  -18,  -20,  -26,  -26,  -26,   -1,  -22,   -7,  -26,  -13,  -25,  -20,  -23,  -23,  -26,
       1,  -30,  -30,    2,    1,  -22,   -9,   -9,   -8,    2,   -7,   13,  -22,  -19,  -22,  -12,
      -4,  -12,   -4,   -7,   -1,  -10,  -10,    4,   -8,  -22,   -5,  -19,   -5,   -3,    1,  -15,
      20,  -16,   -5,  -15,   15,   -4,   -3,   12,  -11,  -11,  -11,  -16,   -7,  -10,  -10,  -10,
     -14,  -14,  -17,  -21,  -17,  -19,  -34,   -5,   -5,  -15,  -15,  -15,  -15,  -28,  -16,  -30,
      -1,  -13,   -7,   -4,   -3,  -30,  -16,  -16,  -16,  -16,  -10,  -10,  -10,   31,  -26,  -15,
     -16,  -29,  -16,  -30,  -16,  -30,  -15,  -29,  -15,   28,   -4,   -5,   -3,  -14,   -6,   -1,
       1,  -16,  -31,  -20,  -29,  -26,  -18,  -10,  -10,  -14,  -17,  -32,  -29,  -31,  -28,  -16,
     -16,   21,   -5,  -25,  -16,  -11,  -21,  -16,  -10,  -28,  -15,  -16,  -16,  -17,  -30,   -7,
     -16,  -24,  -16,  -26,  -14,  -27,  -19,    1,  -22,  -22,    2,    1,   -9,   -5,   -5,   -9,
      -1,   -6,    2,  -24,    1,   -8,   -3,  -13,   -3,  -11,   -1,   -3,   -3,   -9,  -21,  -20,
      -3,   -4,   -1,   -1,    1,   -7,    7,  -15,  -22,  -11,    3,   -6,   -7,    1,  -12,  -12,
     -12,   -3,  -15,  -16,  -18,  -18,   -2,  -33,   -4,   -3,   -2,  -20,   -1,  -23,   -1,  -19,
     -22,   -7,   -7,   -7,   -7,  -15,  -15,  -15,   -5,   -7,   -6,   -6,  -10,  -15,  -15,  -15,
     -15,  -14,  -16,  -16,  -16,    3,  -33,   -7,  -15,  -15,  -15,  -15,  -15,  -15,  -11,  -11,
     -11,    2,   -6,   -6,   -6,   -7,   -7,   -2,   -3,  -15,  -15,  -12,   -3,   -3,   -4,  -20,
     -16,  -16,  -33,   -4,   -4,  -11,  -14,   -7,  -11,  -15,   11,   -6,  -14,  -15,   -8,  -12,
     -16,  -16,   -7,   -7,  -15,  -15,  -11,  -15,   -6,  -15,  -13,  -15,  -32,  -33,  -33,  -24,
      -1,   -1,   -1,   -1,  -15,  -22,  -22,  -12,    1,  -13,   10,  -31,  -36,  -31,  -19,  -11,
      -1,   -1,  -28,   -8,  -18,   -2,  -19,  -19,    3,  -18,  -38,  -11,  -27,  -11,   -4,    1,
     -41,   18,  -39,  -17,  -35,   14,  -12,  -10,   11,  -31,  -31,  -31,  -37,  -21,  -32,  -32,
     -32,  -35,  -37,  -38,   -3,  -40,  -34,  -31,  -52,  -11,  -17,  -79,  -41,  -41,  -41,  -68,
     -39,  -71,  -16,  -37,  -12,  -18,   -3,  -73,  -39,  -78,  -77,  -39,  -62,  -32,  -32,   29,
     -73,  -80,  -39,  -71,  -39,  -72,  -39,  -72,  -35,  -58,  -35,   26,  -24,  -24,  -22,  -44,
     -10,   -1,    1,  -39,  -75,  -57,  -73,  -60,  -49,  -32,  -63,  -37,  -38,  -71,  -60,  -39,
     -73,  -40,  -77,   11,  -24,  -52,  -39,  -33,  -31,  -56,  -32,  -72,  -81,  -78,  -76,  -41,
     -71,  -25,  -78,  -53,  -75,  -69,  -37,  -75,  -36,  -31,  -31,    2,    1,  -32,  -34,  -17,
      -1,   -5,   -5,   -2,   -1,   -6,   -3,   -1,    1,   -2,  -13,   -4,   -7,   -5,   -8,   -8,
      -8,   -2,   -9,   -8,   -7,   -7,  -11,   -9,   -5,  -13,   -2,   -2,   -2,   -7,   -7,   -7,
      -7,   -2,   -2,   -2,   -2,   -2,   -2,   -8,   -8,   -8,  -11,   -2,   -2,   -2,   -2,   -2,
      -2,   -4,   -4,   -4,   -7,   -7,   -7,   -7,   -5,   -1,   -2,   -2,   -8,   -2,   -4,   -2,
      -9,   -8,   -8,  -11,   -9,   -9,   -4,   -2,   -2,   -2,   -5,   -7,   -2,   -2,  -16,   -8,
      -8,   -8,   -2,   -2,   -2,   -2,   -7,   -2,   -2,   -2,  -11,  -11,  -11,   -1,   -1,   -1,
      -4,  -13,  -13,   -2,    6,   -7,   -8,    8,  -23,  -11,   -9,   -8,   -9,   -7,    6,    3,
       3,   -8,   14,   -9,   13,   10,   21,    7,   -8,   -8,   -8,   -1,   -3,   -2,   -2,   -7,
      -2,   -2,  -11,   -6,   -7,   13,   -8,   -8,   -8,   -8,   -7,   -9,   -9,    5,    2,    2,
      -9,   -9,   -9,   -9,   -9,   -3,   -7,   -3,   11,   -7,   -8,   -9,   -7,   -9,   -9,   -9,
      -9,    9,    3,   21,    1,   -9,   -9,   -8,    1,   -1,   -3,   -3,   -7,   -2,   -2,   -9,
      -6,    5,   -9,   30,   -4,   -9,    4,   -8,   -3,   -3,   -8,   -9,   -9,   16,   -9,   -9,
       4,   -9,   -6,   -7,   -7,  -23,   13,   13,  -10,  -13,    1,   -6,   -5,  -14,  -10,  -24,
     -15,  -22,  -52,   -8,   -7,   -6,   -7,   -7,   -7,   -6,   -7,   -5,   -5,   -5,    2,   -5,
      -8,   -7,   -7,   -7,   -7,   -7,   -7,   -7,   -5,   -7,   -7,   -7,   -7,   -6,   -7,  -14,
      -6,   -7,   -7,   -5,   -7,   -7,   -7,   -7,   -7,   -7,   -7,   -5,   -5,   -5,   -8,   -8,
      -6,   -6,  -11,    8,    3,   30,    4,   39,   30,    1,    4,    4,    4,   39,    4,   30,
      30,  -22,   -4,   -2,  -24,    3,  -16,    3,    1,    1,  -19,   -5,   -5,    7,   -5,  -22,
      -9,  -33,  -16,  -33,  -21,  -10,   -3,    1,  -13,   -6,  -12,  -13,  -16,  -14,  -11,   -5,
     -10,  -13,  -22,   -3,  -13,  -13,  -13,  -13,  -16,  -21,  -21,    3,    3,  -26,  -19,  -10,
     -10,  -17,  -12,  -20,  -18,   -7,   -9,   -2,   -8,   -9,   -2,   -1,  -21,  -12,  -28,  -16,
     -13,  -44,  -10,  -24,   -8,   -6,   -3,   -9,  -10,   -8,   -9,   -2,   -6,   -9,  -21,   -3,
     -16,  -13,  -17,  -10,   -6,   -6,  -11,   -3,  -13,   -6,  -14,   -3,   -2,   -3,   -2,  -13,
     -13,  -33,  -19,   -3,  -41,   -2,  -18,   -2,   -4,   -2,   -1,   -2,   -3,   -2,   -3,  -13,
      -6,  -10,   -8,  -16,   -7,  -14,   -5,   -2,  -17,    4,  -17,    4,    1,    1,  -15,   -5,
      -6,    9,   -5,  -11,   -9,  -13,  -11,  -13,  -13,  -10,  -13,  -11,  -13,  -12,  -15,  -10,
      -5,  -10,  -13,  -11,  -13,  -13,  -13,  -13,  -17,  -13,  -14,    4,    4,  -16,  -14,  -10,
     -10,  -14,   -8,  -14,  -15,   -3,   -6,   -3,   -4,   -5,   -2,   -2,  -17,  -13,  -28,  -17,
      -4,  -40,   -5,  -22,   -5,   -2,   -2,   -4,   -1,   -1,   -1,   -6,   -1,   -1,   -6,   -2,
      -5,   -6,   -2,   -2,  -17,   -2,   -4,   -4,  -12,  -10,  -15,   -8,   -5,   -5,    4,   27,
      54,    6,   37,   56,   -8,  -14,   -8,   48,    6,   -5,   30,    2,   -2,   22,   29,    2,
      19,   35,   38,   51,   47,   35,   49,   27,   41,   48,   -5,   -2,    8,   13,    1,    1,
       1,    1,    1,   19,   41,   18,   30,  -13,   49,   39,   37,  -13,   46,   31,   30,    2,
      -5,   -5,   -8,   -5,    5,   -2,   17,   41,   10,   28,   53,   -3,    2,   -4,   -1,    5,
      -2,    5,    5,   11,   -6,   -1,    5,    8,    7,   -3,    3,    4,   19,    2,   50,   30,
      44,   43,   41,   10,   42,   -6,    1,    8,    7,   17,   35,    2,    4,    2,    8,   15,
      -2,   33,    1,   68,   37,   21,   -2,   35,    6,   10,    1,    1,   -6,   -1,    9,   33,
       3,   18,   -4,   21,    1,    7,    1,    4,  -14,   53,   50,   -8,   -8,   55,   50,   -6,
      30,    8,   -3,   11,   15,   -8,   -3,   15,   -4,   -2,   -4,   -3,   -7,   -2,   -4,   -3,
      -4,   -8,   -7,  -17,   -9,   -3,  -28,   -4,   15,   37,   -4,   -3,   19,    5,   25,    1,
       2,    9,    1,   -6,   -5,   -3,   -4,   -3,   19,   -4,   -4,   -4,   -4,   -3,   -3,   -3,
      -3,   -3,   -3,   -3,   -3,   -3,    1,    2,   -4,   -3,   -3,   -3,   -3,   -3,   -3,    5,
       5,    5,   -4,   25,   -3,   -3,   -3,   -8,    3,    2,    5,   -3,   -4,   -3,   -3,   -3,
      -3,   -4,   -4,   -3,   -3,   -3,   -3,   -3,   -3,   -3,    2,    2,    2,   -8,    1,    1,
      13,   13,   -1,    1,    1,    3,   19,   19,  -26,   -4,   -2,  -27,    2,  -13,    1,    1,
       1,  -20,   -5,   -7,    6,   -6,  -29,  -11,  -38,  -18,  -35,  -26,  -11,   -2,  -13,   -8,
     -13,  -11,  -19,  -11,  -13,   -6,  -11,  -13,  -29,   -2,  -13,  -13,  -13,  -13,  -13,  -25,
     -25,    1,    1,  -28,  -22,  -11,  -11,  -10,   -3,  -13,    1,  -14,    1,  -13,   -4,   -6,
       1,   -6,   -7,   -6,   -5,   -4,   -5,  -11,   -8,  -10,   -8,  -12,   -9,  -12,   -6,   -6,
      -8,  -10,   -7,  -10,  -10,  -10,  -10,  -14,  -10,  -10,    1,    1,  -13,  -10,   -8,   -8,
      -1,   -3,   -2,   -1,   -3,   -1,    1,    1,   -3,   -6,   -1,   -3,   -3,   -1,    1,   -3,
       1,   -3,   -3,   -3,  -25,   -4,   -3,  -19,  -20,  -16,   -3,   -4,   -8,  -11,  -31,  -15,
      -3,  -37,  -14,   -2,   -3,   -3,   -2,   -2,   -2,   -2,   -2,   -2,   -4,   -2,   -8,   -8,
     -11,  -13,   -8,   -4,   -2,   -2,   -2,   -2,   -3,   -3,   -3,   -2,   -2,   -2,   -2,   -3,
      -3,   -3,   -3,   -3,   -3,   -2,   -2,   -2,   -4,   -2,   -3,   -3,   -3,   -3,   -3,   -3,
      -3,   -3,   -3,   -2,   -2,   -2,   -2,   -4,   -3,   -3,   -2,   -2,   -8,   -2,   -2,   -4,
      -2,   -2,   -3,   -3,   -2,   -3,   -3,   -2,   -2,   -3,   -3,   -2,   -2,   -2,   -2,   -3,
      -3,   -3,   -3,   -2,   -3,   -3,   -3,   -4,   -4,   -4,  -39,  -24,  -23,  -21,  -17,  -12,
     -15,   -5,   -1,  -18,    1,  -15,    1,    1,    1,  -16,   -5,   -8,    5,   -8,  -17,  -12,
     -19,  -16,  -19,  -14,  -13,   -3,   -4,   -2,   -2,    1,  -16,   -4,  -11,  -12,  -13,  -26,
     -11,   -8,  -13,  -16,   -3,  -17,   -4,  -16,  -16,  -16,  -16,  -15,  -15,  -15,    1,    1,
     -17,  -15,  -13,  -13,  -20,  -10,  -27,  -19,   -5,   -9,   -4,   -7,   -9,   -3,  -30,  -12,
     -32,  -17,   -8,  -46,   -9,  -29,   -2,  -12,   -1,   -7,   -1,   -8,  -12,   -8,   -9,   -3,
     -12,   -9,   -1,   -1,  -30,   -7,   -1,   -1,  -19,  -16,  -19,  -12,  -12,  -12,  -16,  -11,
     -19,  -18,   -6,   -9,   -3,   -7,   -9,   -3,   -1,  -23,  -12,  -29,  -16,  -10,  -45,   -9,
     -16,   -7,   -8,   -4,   -9,  -10,   -8,   -9,   -3,   -8,   -9,  -23,   -4,  -15,  -12,  -17,
     -10,   -8,   -8,   -5,   -4,   -8,  -12,   -8,   -4,   -4,   -7,   -3,   -3,  -15,  -16,  -36,
     -24,  -46,   -6,   -9,    2,   19,   -6,   -8,   -3,   -8,   19,  -15,   -2,   -1,  -11,   -1,
     -11,  -11,   -1,  -28,  -17,  -28,   -8,   -2,  -27,  -12,  -28,  -13,  -12,   -3,   -9,   -7,
     -21,  -11,  -34,  -40,   -6,   -3,   -8,   -5,   -2,    3,    4,    1,    3,   -8,  -11,  -15,
     -24,   -5,   -5,   -5,   -5,   -2,   -2,   -2,    3,    3,    3,    3,   -2,   -2,   -2,   -2,
      -2,   -2,    3,    3,    3,   -5,   -2,   -2,   -2,   -2,   -2,   -2,  -12,    3,    3,    3,
       3,    4,   -7,   -2,   -2,   -9,    3,    3,   -2,   -5,   -2,   -2,    3,    3,   -2,   -2,
       3,    3,   -5,   -5,   -2,   -2,   -2,   -2,    3,   -2,   -2,   -2,  -17,  -28,  -28,   -2,
     -12,   -1,   -2,  -14,   -7,  -15,   -4,   -5,   -2,   -4,   -5,   -3,  -16,  -14,  -30,  -20,
      -3,  -38,   -4,  -25,   -4,   -2,   -2,   -2,   -3,   -2,   -2,   -2,   -1,   -6,   -6,   -6,
      -2,   -4,   -5,   -4,   -2,   -4,   -3,   -2,   -3,   -3,  -16,   -2,   -2,   -2,   -2,   -2,
      -2,   -2,   -2,   -2,   -7,  -15,  -12,  -16,   -7,   -7,   -4,   -4,   -2,   -2,   -8,   -5,
      -6,   -1,   -1,   -7,  -10,  -22,  -15,  -30,   -1,   -2,   -4,   -1,   -5,   -1,   -1,   -1,
      -2,   -7,   -5,   -2,   -1,   -8,   -8,    1,  -23,   -4,  -25,    4,  -16,    4,    1,    1,
     -19,   -5,   -6,    9,   -6,  -25,  -10,  -35,  -17,  -33,  -26,  -10,    1,  -13,   -7,  -13,
     -12,  -18,  -14,  -12,   -6,  -10,  -13,  -25,  -13,  -13,  -13,  -13,  -33,  -23,  -23,    4,
       4,  -28,  -21,  -10,  -10,  -13,   -1,  -13,  -15,  -17,   -7,  -10,   -3,   -1,   -9,  -10,
      -3,   -3,  -19,  -13,  -29,  -17,  -17,  -44,  -12,  -12,   -9,   -5,   -2,  -10,   -8,   -9,
     -10,   -3,   -5,  -10,  -19,   -2,  -11,   -9,  -15,   -8,   -3,   -5,   -5,  -13,   -1,  -12,
     -15,  -17,   -7,  -10,   -3,   -9,  -10,   -3,   -3,  -19,  -13,  -29,  -17,  -14,  -44,  -11,
     -13,   -8,   -5,   -3,  -10,   -8,   -9,  -10,   -3,   -5,  -10,  -19,   -3,  -12,   -9,  -15,
      -8,   -5,   -5,   -9,   -3,  -11,  -16,  -13,   -1,   -2,   -1,   -2,   -8,  -10,  -30,  -15,
      -3,  -36,   -1,  -10,   -2,   -7,   -9,   -2,   -1,   -2,   -2,   -1,   -4,   -8,   -2,   -2,
      -2,   -2,  -16,   -8,   -6,  -15,   -5,   -2,   -7,   -8,  -12,   -4,   -9,   -7,   -8,  -11,
     -11,  -29,  -19,   -7,  -41,   -7,   -8,   -1,   -2,   -6,   -9,   -9,  -11,   -2,   -2,  -11,
      -1,   -3,   -2,  -17,   -4,   -1,  -16,  -11,  -16,   -3,   -4,   -8,   -2,   -3,   -8,   -1,
     -17,  -15,  -34,  -22,   -2,  -38,   -2,  -18,   -1,   -4,   -1,   -2,   -2,   -2,  -12,   -5,
      -7,   -8,  -10,   -9,   -6,   -4,   -8,   -4,   -1,   -1,   -1,   -1,   -1,   -1,   -1,   -1,
     -12,   -1,   -1,   -1,   -1,   -1,   -1,   -1,   -1,   -1,   -4,   -5,   -1,   -1,  -17,   -2,
     -12,   -5,   -5,   -1,   -1,   -1,   -1,   -1,   -1,   -1,   -1,   -1,   -1,   -1,   -1,   -1,
     -12,  -12,  -12,  -22,  -16,  -15,  -19,  -13,   -9,   -4,   -4,    1,   -9,   -6,   -5,  -21,
      -6,   -5,   -9,   -9,   -2,   -1,   -8,   -7,   -8,    3,    2,    2,   -9,    8,  -10,   11,
       3,   19,    2,   -8,   -8,   -8,   -2,   -1,   -8,   -2,   -2,   -7,   -8,   -7,  -11,   -9,
      -8,   11,   -9,   -9,   -9,   -9,   -9,  -10,  -10,    3,  -10,  -10,  -10,  -10,  -10,   -8,
      -8,   -8,    4,   -7,   -9,  -10,   -8,  -10,  -10,  -10,  -10,    2,    1,   19,  -10,  -10,
      -8,   -2,   -1,   -1,   -8,   -8,   -7,   -8,   -8,  -10,   -7,   -2,  -10,   23,   -6,  -10,
      -3,   -8,   -6,   -8,   -5,   -9,  -10,  -10,   13,  -10,  -10,  -10,   -7,   -7,   -7,  -21,
      -6,   -6,   11,   11,    4,    4,  -12,   -8,  -12,   -7,   -7,  -10,  -11,   -7,   -7,  -11,
      -9,  -11,   -6,   -8,  -22,  -12,  -25,   11,   19,   -1,   11,   19,   -5,   -3,   -2,   -3,
      11,   11,   -3,   -8,   -2,   -6,  -11,   -8,  -10,   -9,  -13,  -10,   -2,  -17,  -11,  -20,
     -10,    1,    3,    1,   -9,   -2,    1,    1,    1,    1,    1,    1,    1,    1,    1,    1,
       1,    3,   -2,    1,    1,    1,    1,    1,    1,    1,   -7,   -6,  -10,   -2,   -6,  -11,
      -8,   -8,  -12,  -16,  -14,   -4,   -3,   -4,   -2,   -2,  -12,  -16,  -30,  -21,  -34,   -2,
      -7,   -7,   -7,   -1,   -5,   -5,   -7,  -15,   -4,   -3,   -3,   -4,   -2,   -7,   -7,   -7,
      -7,   -7,   -7,   -7,   -7,   -7,   -7,   -7,   -7,   -7,   -5,   -7,   -7,   -7,   -7,   -7,
      -7,   -7,   -1,   -1,   -1,   -5,   -4,   -3,  -12,   -7,   -7,  -24,   -1,   -7,   -7,   -7,
      -7,   -7,   -7,   -7,   -7,   -7,   -7,   -7,   -7,   -7,   -7,   -7,  -16,   -9,   -7,   -7,
      -4,   -6,  -11,  -39,  -39,  -17,   -3,  -27,   -6,   -5,   -6,   -1,  -10,   -7,   -8,    2,
       6,    7,    1,    6,   -9,   -2,  -29,   -3,    2,    6,    6,    7,    6,    6,    6,    6,
      -3,    6,    6,    6,    6,   11,    6,    6,    6,    7,    6,    6,    6,  -39,  -39,    2,
       2,    1,  -11,    1,    2,    5,    7,    1,    5,    2,    5,    5,    5,    5,    5,    5,
       5,    5,    5,    5,    5,    7,    1,    5,    5,    5,    5,    5,    5,    5,    2,    2,
       1,    1,    6,    7,    6,    1,    6,    6,    6,    6,    6,    6,    6,    6,    6,    6,
       6,    7,    6,    6,    6,    6,    6,    6,    6,    1,    1,  -16,  -12,   -8,  -16,  -15,
      -9,   -9,  -12,  -12,   -1,  -13,  -11,  -12,   -2,  -35,  -10,  -29,  -19,  -20,  -37,  -11,
     -19,  -12,  -12,  -15,   -7,   -7,   -7,   -5,  -12,   -9,   -5,   -4,   -7,   -7,  -16,  -12,
      -2,  -19,  -12,  -12,  -12,  -12,   -9,   -9,   -9,  -12,  -12,  -12,  -12,  -12,  -12,   -7,
      -5,   -5,  -35,  -12,   -9,   -9,   -7,   -7,  -12,  -12,   -7,   -7,   -9,   -9,  -12,  -19,
     -19,    1,    1,    1,    1,    1,    1,    1,    1,    1,    1,    1,    1,    1,    1,    1,
       1,    1,    1,    1,    1,    1,    1,    1,    1,    1,    1,    1,    1,    1,    1,   -9,
      -2,   -6,  -32,  -16,  -30,   -9,   -9,  -10,  -10,  -24,  -14,  -14,   -6,   -9,  -13,  -14,
      -5,  -32,  -15,  -36,  -24,  -18,  -45,  -12,  -10,   -4,  -21,   -1,   -5,  -12,  -12,   -5,
      -9,   -9,   -9,   -7,  -15,  -10,   -6,   -6,   -6,   -2,   -7,  -11,   -7,   -2,  -19,  -18,
     -16,  -16,  -14,   -5,  -21,  -12,  -12,  -12,  -12,  -10,  -10,  -10,   -5,   -2,   -1,   -1,
      -1,   -5,  -14,  -12,  -12,  -12,  -12,  -12,   -9,   -7,   -7,  -63,  -15,  -10,  -10,   -2,
      -7,   -7,   -1,  -12,  -12,   -9,   -9,  -10,  -10,  -12,   -2,   -2,   -2,  -30,  -28,   -9,
      -9,  -29,  -21,  -21,   -6,  -26,  -28,   -2,  -11,  -12,  -12,  -17,  -21,  -23,  -18,  -19,
     -20,  -23,  -18,  -35,  -31,  -44,  -35,  -18,  -48,   -8,  -21,  -22,  -22,   26,   -1,  -17,
     -20,   35,  -18,  -19,  -19,  -19,  -16,  -19,  -19,  -18,  -17,  -15,  -15,  -17,  -28,  -23,
     -16,  -21,  -22,   26,  -21,  -21,  -21,  -21,  -22,  -22,  -22,  -20,  -20,  -20,  -20,  -22,
     -22,  -22,  -22,  -22,  -22,  -19,  -19,  -19,  -16,  -15,  -21,  -22,  -22,  -22,  -22,  -22,
     -22,   -1,   -1,   -1,  -17,  -21,  -20,  -20,  -20,  -20,   35,  -14,  -24,  -22,  -22,  -19,
     -16,  -16,  -34,  -19,  -19,  -19,  -15,  -17,  -17,   -1,  -22,  -21,  -22,  -22,  -20,  -20,
     -22,  -22,  -19,  -19,  -19,  -19,  -21,  -21,  -22,  -22,  -22,  -22,  -20,  -22,  -22,  -22,
     -15,  -15,  -15,  -25,  -24,  -11,  -11,  -24,   26,   26,  -14,  -12,   -9,   -5,   -5,   -7,
      -1,   -1,   -6,   -1,  -16,   -6,   -4,   -7,   -4,   -4,   -5,   -4,  -15,  -22,  -20,  -44,
      -5,   -1,  -11,    1,   -9,   -4,  -10,   -4,   -4,   -5,   -5,   -5,   -5,   -9,   -9,  -17,
     -11,  -20,  -20,  -22,  -16,   -9,  -24,   -9,   -9,   -7,   -6,  -24,  -15,  -36,  -43,  -11,
      -7,  -15,   -2,   -2,   -2,   -2,   -2,  -12,   -8,  -27,   -9,   -2,   -2,   -2,   -9,   -2,
      -2,   -7,   -2,   -8,   -4,  -20,  -20,  -12,   -3,   -2,   -2,  -17,   -6,  -20,   -8,  -18,
     -11,   -4,  -16,   -2,   -4,  -15,   -3,  -29,  -18,  -27,  -22,   -2,  -28,   -4,  -14,   -2,
     -20,   -4,   -8,  -11,   -9,   -9,   -9,   -1,  -12,   -9,  -10,  -10,  -21,   -9,   -9,  -12,
      -8,  -15,   -7,  -11,   -3,   -4,  -15,  -20,   -2,   -2,   -2,   -8,   -8,   -8,   -8,   -2,
      -2,   -2,   -2,   -2,   -9,   -9,   -9,  -21,   -2,   -2,   -2,   -2,   -2,   -2,   -4,   -4,
      -4,   -4,   -8,   -8,   -8,   -8,  -11,   -2,   -2,   -9,   -1,   -1,  -29,  -12,   -9,   -9,
     -21,   -9,   -9,   -4,   -2,   -2,   -2,   -8,   -8,   -2,   -2,   -9,   -9,   -9,   -9,   -2,
      -2,   -2,   -2,   -8,   -2,   -2,   -2,  -21,  -21,  -21,   -8,  -17,  -19,  -18,  -17,  -20,
     -20,  -42,   -4,   -2,  -24,    3,  -16,    3,    1,    1,  -19,   -5,   -5,    7,   -5,  -22,
      -9,  -33,  -16,  -33,  -21,  -10,   -3,    1,  -13,   -6,  -12,  -13,  -16,  -14,  -11,   -5,
     -10,  -13,  -22,   -3,  -13,  -13,  -13,  -13,  -16,  -21,  -21,    3,    3,  -26,  -19,  -10,
     -10,  -22,   -4,   -2,  -24,    3,  -16,    3,    1,    1,  -19,   -5,   -5,    7,   -5,  -22,
      -9,  -33,  -16,  -33,  -21,  -10,   -3,    1,  -13,   -6,  -12,  -13,  -16,  -14,  -11,   -5,
     -10,  -13,  -22,   -3,  -13,  -13,  -13,  -13,  -16,  -42,  -42,    3,    3,  -26,  -19,  -10,
     -10,  -22,   -4,   -2,  -22,    3,  -16,    3,    1,    1,  -19,   -5,   -5,    7,   -5,  -22,
      -9,  -33,  -16,  -33,  -21,  -10,   -3,    1,  -13,   -6,  -12,  -13,  -16,  -14,  -11,   -5,
     -10,  -13,  -22,   -3,  -13,  -13,  -13,  -13,  -16,  -41,  -21,    3,    3,  -26,  -19,  -10,
     -10,  -11,   -3,  -13,   -6,  -14,   -3,   -2,   -3,   -2,  -13,  -13,  -33,  -19,   -3,  -41,
      -2,  -18,    3,    4,   -2,   -4,   -2,   -1,   -2,   -3,   -2,    3,   -3,    4,  -13,   -6,
     -10,   -8,  -16,   -7,    3,    3,  -24,   -8,  -14,  -15,   -3,   -6,   -3,   -4,   -5,   -2,
      -2,  -17,  -13,  -28,  -17,   -4,  -40,   -5,  -22,   -5,   -2,   -2,   -4,   -1,   -1,   -1,
      -6,   -1,   -1,   -6,   -2,   -5,   -6,   -2,   -2,  -17,   -2,   -4,   -4,  -12,  -18,  -15,
      -8,   -5,   -5,  -14,   -8,  -14,  -15,   -3,   -6,   -3,   -4,   -5,   -2,   -2,  -17,  -13,
     -28,  -17,   -4,  -40,   -5,  -22,   -5,   -2,   -2,   -4,   -1,   -1,   -1,   -6,   -1,   -1,
      -6,   -2,   -5,   -6,   -2,   -2,  -17,   -2,   -4,   -4,  -23,  -19,  -15,   -8,   -5,   -5,
     -26,   -8,  -11,  -15,   -3,   -6,   -3,   -4,   -5,   -2,   -2,  -17,  -13,  -28,  -17,   -4,
     -40,   -5,  -22,   -5,   -2,   -2,   -4,   -1,   -1,   -1,   -6,   -1,   -1,   -6,   -2,   -5,
      -6,   -2,   -2,  -17,   -2,   -4,   -4,  -21,  -19,  -15,   -8,   -5,   -5,  -19,   -3,  -14,
       1,  -14,    1,  -13,   -4,   -6,    1,   -6,   -7,   -6,   -5,   -4,   -5,  -11,   -8,  -10,
      -8,  -12,   -9,  -12,   -6,   -6,   -8,  -10,   -7,  -10,  -10,  -10,  -10,  -14,  -21,  -10,
       1,    1,  -13,  -10,   -8,   -8,    1,    2,   -3,    1,   -3,    1,  -14,    1,    1,   -4,
      -6,    1,   -6,   -7,   -6,   -5,   -4,   -5,  -11,    4,   15,   -8,   10,    7,  -10,    2,
      -8,  -12,   -7,  -12,   -6,   -6,   -8,    4,    1,   11,  -10,   10,   -7,  -10,  -10,  -10,
     -10,  -14,  -18,   -2,    1,    1,  -13,  -10,   -8,   -8,   -8,   -3,    1,    1,  -14,    1,
     -12,   -4,   -6,    1,   -6,   -7,   -6,   -5,   -4,   -5,  -11,   -8,  -10,   -8,  -12,    8,
     -12,   -6,   -6,   -8,    1,  -10,   -7,  -10,  -10,  -10,  -10,  -14,  -16,    1,    1,  -13,
     -10,   -8,   -8,   -2,   -3,   17,    1,  -14,    1,    1,   -4,   -6,    1,   -6,   -7,   -6,
      -5,   -4,   -5,  -11,    8,   -8,    4,    1,  -10,   -8,  -12,    8,  -12,   -6,   -6,   -8,
       4,  -10,    4,   -7,  -10,  -10,  -10,  -10,  -14,    1,   -6,    1,    1,  -13,  -10,   -8,
      -8,  -10,   -9,  -13,  -13,   -5,   -8,   -2,   -7,   -8,   -2,  -11,  -11,  -17,  -14,   -9,
     -20,   -7,   -7,   -4,   -4,   -2,   -1,   -1,   -6,   -5,   -7,   -8,   -2,   -4,   -8,   -4,
      -4,  -11,   -2,   -1,   -1,   -9,   -8,  -11,   -7,   -4,   -4,  -37,  -10,  -27,  -19,   -5,
      -9,   -4,   -7,   -9,   -3,  -30,  -12,  -32,  -17,   -8,  -46,   -9,  -29,   -2,  -12,   -1,
      -7,   -1,   -8,  -12,   -8,   -9,   -3,  -12,   -9,   -1,   -1,  -30,   -7,   -1,   -1,  -19,
     -31,  -19,  -12,  -12,  -12,  -20,  -10,  -27,  -19,   -5,   -9,   -4,   -7,   -9,   -3,  -30,
     -12,  -32,  -17,   -8,  -46,   -9,  -29,   -2,  -12,   -1,   -7,   -1,   -8,  -12,   -8,   -9,
      -3,  -12,   -9,   -1,   -1,  -30,   -7,   -1,   -1,  -37,  -31,  -19,  -12,  -12,  -12,  -40,
     -10,  -27,  -19,   -5,   -9,   -4,   -7,   -9,   -3,  -30,  -12,  -32,  -17,   -8,  -46,   -9,
     -29,   -2,  -12,   -1,   -7,   -1,   -8,  -12,   -8,   -9,   -3,  -12,   -9,   -1,   -1,  -30,
      -7,   -1,   -1,  -19,  -16,  -19,  -12,  -12,  -12,  -39,  -10,  -23,  -19,   -5,   -9,   -4,
      -7,   -9,   -3,  -30,  -12,  -32,  -17,   -8,  -46,   -9,  -29,   -2,  -12,   -1,   -7,   -1,
      -8,  -12,   -8,   -9,   -3,  -12,   -9,   -1,   -1,  -30,   -7,   -1,   -1,  -35,  -31,  -19,
     -12,  -12,  -12,  -39,  -10,  -27,  -19,   -5,   -9,   -4,   -7,   -9,   -3,  -30,  -12,  -32,
     -17,   -8,  -46,   -9,  -29,   -2,  -24,   -1,  -13,   -1,   -8,  -12,   -8,   -9,   -3,  -24,
      -9,   -1,   -1,  -30,  -13,   -1,   -1,  -36,  -31,  -19,  -12,  -24,  -24,  -15,   -1,  -32,
     -12,  -37,  -16,  -18,   -1,   -6,  -13,   -4,  -17,  -24,  -10,  -11,  -23,  -14,   -5,  -21,
       2,  -20,   -9,  -37,  -20,  -33,  -22,  -39,   -1,  -29,    1,   -6,   -9,  -10,  -20,   -7,
      -8,    1,  -11,  -11,  -11,   -4,  -15,  -11,  -15,  -15,  -48,   -3,  -17,  -24,  -18,  -28,
     -16,  -21,  -36,  -20,   -6,   -6,   -6,   -6,  -10,  -10,  -10,   -8,   -8,   -8,   -8,  -10,
     -10,  -10,  -10,  -10,  -19,  -11,  -11,  -11,  -48,   -6,  -10,  -10,  -10,  -10,  -10,  -10,
      -7,   -7,   -7,   -8,   -8,   -8,   -8,    1,   -5,   -8,  -10,  -10,  -11,   -4,   -4,  -37,
     -15,  -11,  -11,  -48,   -3,   -3,   -7,  -19,   -6,  -10,  -10,   -8,   -8,  -10,  -10,  -11,
     -11,  -11,  -11,   -6,   -6,  -10,  -10,  -10,  -10,   -8,  -10,  -10,  -10,  -48,  -48,  -48,
     -16,  -35,  -37,  -33,  -30,  -13,  -20,  -19,  -22,   -4,   -2,  -24,    6,  -16,    6,    1,
       1,  -19,   -5,   -5,    7,   -5,  -22,   -9,  -33,  -16,  -33,  -21,    1,   20,   -3,  -25,
      -7,  -12,  -13,  -16,  -14,  -11,   -5,    1,  -25,   20,  -22,   -3,  -25,  -25,  -25,  -25,
     -16,  -21,  -21,    6,    6,  -26,  -19,    1,    1,  -19,   -3,  -12,   -6,  -13,   -3,   -2,
      -3,   -2,  -13,  -13,  -33,  -19,   -3,  -41,   -2,  -18,    1,   -2,   -4,   -2,   -1,   -2,
      -3,   -2,   -3,  -13,   -6,  -20,  -14,  -16,   -7,  -23,   -3,  -13,   -6,  -14,   -3,   -2,
      -3,   -2,  -13,  -13,  -33,  -19,   -3,  -41,   -2,  -18,   -2,   -4,   -2,   -1,   -2,   -3,
      -2,   -3,  -13,   -6,  -18,  -16,  -16,   -7,  -21,   -3,  -13,   -6,  -14,   -3,   -2,   -3,
      -2,  -13,  -13,  -33,  -19,   -3,  -41,   -2,  -18,   -2,   -4,   -2,   -1,   -2,   -3,   -2,
      -3,  -13,   -6,  -10,  -16,  -16,   -7,    1,   10,   25,   29,   28,  -17,   23,   31,   42,
      38,    2,    4,   34,    1,    1,    1,    3,    1,    1,  -11,   27,    2,  -13,    6,    2,
       2,    2,    2,   38,  -11,   38,    2,    2,    2,    2,    4,    1,    3,  -11,    5,    2,
       2,    1,    1,    2,  -11,  -11,  -11,  -17,    9,   17,    1,  -22,   -5,   -2,   -1,    4,
     -17,    4,    1,    1,   -4,   -5,   -6,    9,   -5,  -11,   -9,  -13,  -11,  -13,  -13,    2,
     -10,    1,    1,  -13,   -4,  -11,  -13,   -4,  -15,  -10,   -5,  -10,    1,  -13,    1,  -11,
     -13,  -13,  -13,  -13,  -17,  -14,  -26,    4,    4,  -16,  -14,  -10,  -10,  -14,   -8,  -12,
     -15,   -3,   -6,   -3,   -4,   -5,   -2,   -2,  -17,  -13,  -28,  -17,   -4,  -40,   -5,  -22,
      -5,   -2,   -2,   -4,   -1,   -1,   -1,   -6,   -1,   -1,   -6,   -2,   -5,   -6,   -2,   -2,
     -17,   -2,   -4,   -4,  -24,  -10,  -15,   -8,   -5,   -5,  -25,   -8,  -13,  -15,   -3,   -6,
      -3,   -4,   -5,   -2,   -2,  -17,  -13,  -28,  -17,   -4,  -40,   -5,  -22,   -5,   -2,   -2,
      -4,   -1,   -1,   -1,   -6,   -1,   -1,   -6,   -2,   -5,   -6,   -2,   -2,  -17,   -2,   -4,
      -4,  -25,  -19,  -15,   -8,   -5,   -5,   -2,   -1,   -1,   -1,    1,   -1,   -1,   -1,   -1,
      -1,   -1,   -1,   -1,   -6,   -6,    1,   -1,   -1,   -1,   -1,   -1,   -1,   -1,   -6,   -1,
      -1,   -1,   -1,   -1,   -1,   -1,   -1,   -1,   -1,   -1,   -1,   -6,   -6,   -6,   -1,   -1,
      -1,   -1,   -1,   -1,   -1,    1,   -1,    1,   -6,   -6,   -6,    1,    1,  -14,   -8,  -14,
     -15,   -3,   -6,   -3,   -4,   -5,   -2,   -2,  -17,  -13,  -28,  -17,   -4,  -40,   -5,  -22,
       2,   14,   -2,   -2,   -4,   -1,   -1,   -1,   -6,   -1,   -1,   -6,   -2,    2,   -6,   14,
      -2,   -2,  -17,   -2,   -4,   -4,  -12,  -10,  -15,   -8,    2,    2,  -25,   -8,  -14,  -15,
      -3,   -6,   -3,   -4,   -5,   -2,   -2,  -17,  -13,  -28,  -17,   -4,  -40,   -5,  -22,   -5,
      -2,   -2,   -4,   -1,   -1,   -1,   -6,   -1,   -1,   -6,   -2,   -5,   -6,   -2,   -2,  -17,
      -2,   -4,   -4,  -12,  -19,  -15,   -8,   -5,   -5,   -7,  -13,   -5,   -6,   -6,   -6,   -5,
      -4,   -9,    4,  -10,  -11,   -9,    1,   -4,   -4,    1,   -7,   -7,   -7,   -6,   -9,   -6,
      -7,   -6,  -14,   -8,  -14,  -12,   -7,   -4,  -11,   -9,   -9,   -9,   -9,  -10,  -10,  -10,
      -8,   -9,   -4,   -4,   -7,  -10,  -10,  -10,  -10,  -10,   -6,   -6,   -6,    2,  -14,   -9,
     -10,  -10,  -10,  -10,  -10,  -10,   -9,   -9,   -9,    2,   -4,   -4,   -4,   -9,   -4,   -1,
     -10,  -10,   -7,  -11,  -11,   -9,   -6,   -6,  -14,   -8,   -8,   -9,  -10,   -9,  -18,  -10,
       4,   -4,  -19,  -10,  -13,   -7,   -6,   -6,   -9,   -9,  -10,  -10,  -17,  -10,   -4,  -10,
     -19,  -10,  -14,  -14,  -14,  -13,  -11,  -11,   -6,   -3,    6,    1,  -14,    1,   -3,   -4,
      -6,    1,   -6,   -7,   -6,   -5,   -4,   -5,  -11,    8,   -8,    4,  -10,   -8,  -12,   -4,
     -12,   -6,   -6,   -8,    4,  -10,    4,   -7,  -10,  -10,  -10,  -10,  -14,  -11,  -10,    1,
       1,  -13,  -10,   -8,   -8,  -11,   -3,    8,    1,  -14,    1,   -6,   -4,   -6,    1,   -6,
      -7,   -6,   -5,   -4,   -5,  -11,    3,   -8,    1,    1,  -10,   -8,  -12,   -1,  -12,   -6,
      -6,   -8,    1,  -10,    1,   -7,  -10,  -10,  -10,  -10,  -14,   -8,  -13,    1,    1,  -13,
     -10,   -8,   -8,   -7,   -3,    2,    1,  -14,    1,   -6,   -4,   -6,    1,   -6,   -7,   -6,
      -5,   -4,   -5,  -11,    1,    6,   -8,  -10,   -8,  -12,   -7,  -12,   -6,   -6,   -8,  -10,
      -7,  -10,  -10,  -10,  -10,  -14,  -18,  -12,    1,    1,  -13,  -10,   -8,   -8,   -7,  -13,
      -5,   -6,   -6,   -6,   -5,   -4,   -9,    4,  -10,  -17,   -9,    1,   -4,   -4,    1,   -7,
      -7,   -7,   -6,   -9,   -6,   -7,   -6,  -14,   -8,  -14,  -12,   -7,   -4,  -17,   -9,   -9,
      -9,   -9,  -10,  -10,  -10,   -8,   -9,   -4,   -4,   -7,  -10,  -10,  -10,  -10,  -10,   -6,
      -6,   -6,    2,  -14,   -9,  -10,  -10,  -10,  -10,  -10,  -10,   -9,   -9,   -9,    1,   -4,
      -4,   -4,   -9,   -4,   -1,  -10,  -10,   -7,  -11,  -11,   -9,   -6,   -6,  -14,   -8,   -8,
      -9,  -10,   -9,  -18,  -10,    4,   -4,  -19,  -10,  -13,   -7,   -6,   -6,   -9,   -9,  -10,
     -10,  -17,  -10,   -4,  -10,  -19,  -10,  -14,  -14,  -14,  -13,  -17,  -17,  -10,   -3,  -13,
       1,  -14,    1,  -13,   -4,   -6,    1,   -6,   -7,   -6,   -5,   -4,   -5,  -11,  -11,    4,
     -10,   -8,  -12,   -9,  -12,   -6,   -6,  -11,  -10,    4,   -7,  -10,  -10,  -10,  -10,  -14,
     -10,  -10,    1,    1,  -13,  -10,  -11,  -11,    7,    7,   -1,   -3,   -2,   -1,   -3,   -1,
       1,   -3,   14,   -6,   -1,   -3,   -3,   -1,    1,   -3,    1,   -3,   -3,   -3,   15,    1,
     -24,  -69,  -25,    4,    4,   -1,   -1,   -4,  -24,  -13,    4,    4,  -20,   -5,    2,   -4,
      -1,  -67,  -17,  -17,  -39,  -60,  -17,    2,  -21,    1,   -8,  -18,    1,   -9,   -9,   -9,
     -11,   -8,  -10,  -10,  -21,   -6,   -2,  -13,    2,  -32,  -10,   -4,  -21,   -8,   -8,   -8,
      -8,   -8,   -8,   -8,    1,  -21,    1,   -8,   -8,   -8,   -8,  -18,   -9,  -67,  -11,   -8,
      -8,  -21,   -6,   -6,   -8,   -8,   -9,   -9,   -8,   -8,   -8,  -21,  -21,  -21,  -70,  -65,
       4,    4,  -38,  -38,  -21,  -21,    6,   19,   23,   24,  -15,   17,   25,   36,   -5,   32,
       1,    3,   28,    2,  -12,   21,    1,  -12,    2,   -5,    1,    1,    1,    1,   32,  -12,
       4,   32,    1,    1,    1,    1,    3,    7,    2,  -12,    4,    1,    1,    1,  -12,  -12,
     -12,  -15,    4,   12,   -5,   -5,  -11,   -4,   -1,  -12,  -14,  -12,   -2,   -1,  -11,   -5,
      -2,   -2,   -2,   -2,   -2,   -2,  -14,  -10,  -10,  -52,   -4,   -2,  -27,    2,  -13,    1,
       1,    1,  -20,   -5,   -7,    6,   -6,  -29,  -11,  -38,  -18,  -35,  -26,  -11,   -2,  -13,
      -8,  -13,  -11,  -19,  -11,  -13,   -6,  -11,  -13,  -29,   -2,  -13,  -13,  -13,  -13,  -13,
     -25,  -25,    1,    1,  -28,  -22,  -11,  -11,   -6,    1,   -9,  -11,   -9,   -3,   -5,   -5,
      -4,   -9,   -6,   -3,   -3,   -3,   -3,   -9,    9,   -9,   -8,   -9,    5,   -2,   -3,    1,
      -5,   -5,   -5,  -12,   -8,   -4,   -5,   -5,   -5,  -10,  -13,  -13,  -10,  -13,   -4,   -3,
      -8,   -9,   -9,   -9,   -9,   -9,   -9,   -9,   -4,   -6,   -2,   -5,   -6,   -9,   -9,   -9,
      -9,   -9,   -4,   -4,   -4,   10,  -10,   -9,   -9,   -9,   -9,   -9,   -9,   -9,   -9,   -9,
      -9,    9,   -2,   -2,   -2,   -6,   -3,   -9,   -9,   -5,  -23,  -22,  -19,   -4,   -4,  -10,
     -13,  -13,   -9,   -9,   -9,  -16,   -9,   10,   -2,  -18,   -9,   -9,   -5,   -4,   -4,   -9,
      -9,   -9,   -9,  -15,   -9,   -2,   -9,  -18,   -9,  -10,  -10,  -10,  -11,   -9,   -9,   -8,
      -8,  -11,   -3,  -12,  -15,   -3,    3,   -5,   -7,   -3,    3,  -10,   -8,   -3,   -3,  -20,
     -10,  -25,  -19,   -5,   -9,   -4,   -7,   -9,   -3,  -30,  -12,  -32,  -17,   -8,  -46,   -9,
     -29,   -2,  -12,   -1,   -7,   -1,   -8,  -12,   -8,   -9,   -3,  -12,   -9,   -1,   -1,  -30,
      -7,   -1,   -1,  -19,  -16,  -19,  -12,  -12,  -12,  -23,  -10,  -19,  -13,   -5,   -9,   -4,
      -7,   -9,   -3,  -30,  -12,  -32,  -17,   -8,  -46,   -9,  -29,    1,    1,  -12,   -1,   -7,
      -1,   -7,  -12,   -8,   -9,   -3,  -12,   -9,   -1,   -1,  -30,   -7,   -1,   -1,  -34,  -23,
     -19,  -12,  -12,  -12,  -20,   -1,   -2,  -11,   -7,  -13,   -4,   -5,   -2,   -4,   -5,   -3,
     -16,  -14,  -30,  -20,   -3,  -38,   -4,  -25,   -4,   -2,   -2,   -2,   -3,   -2,   -2,   -2,
      -1,   -6,   -6,   -6,   -2,   -4,   -5,   -4,   -2,   -4,   -3,   -2,   -3,   -3,  -16,   -2,
      -2,   -2,   -2,   -2,   -2,   -2,   -2,   -2,   -7,  -15,  -21,  -16,   -7,   -7,   -4,   -4,
     -24,   -1,   -2,  -14,   -7,  -15,   -4,   -5,   -2,   -4,   -5,   -3,  -16,  -14,  -30,  -20,
      -3,  -38,   -4,  -25,   -4,   -2,   -2,   -2,   -3,   -2,   -2,   -2,   -1,   -6,   -5,   -6,
      -2,   -4,   -5,   -4,   -2,   -4,   -3,   -2,   -3,   -3,  -16,   -2,   -2,   -2,   -2,   -2,
      -2,   -2,   -2,   -2,   -7,  -26,  -24,  -16,   -7,   -7,   -4,   -4,  -12,   -1,   -2,  -14,
      -7,  -15,   -4,   -5,   -2,   -4,   -5,   -3,  -16,  -14,  -30,  -20,   -3,  -38,   -4,  -25,
      -4,    4,   -2,   -2,   -2,   -3,   -2,   -2,   -2,   -1,   -6,   -6,   -6,   -2,   -4,   -5,
      -4,   -2,   -4,    4,   -3,   -2,   -3,   -3,  -16,   -2,   -2,   -2,   -2,   -2,   -2,   -2,
      -2,   -2,   -7,  -15,  -12,  -16,   -7,   -7,   -4,   -4,  -21,   -1,   -2,  -12,   -7,  -15,
      -4,   -5,   -2,   -4,   -5,   -3,  -16,  -14,  -30,  -20,   -3,  -38,   -4,  -25,   -4,   -2,
      -2,   -2,   -3,   -2,   -2,   -2,   -1,   -6,   -6,   -6,   -2,   -4,   -5,   -4,   -2,   -4,
      -3,   -2,   -3,   -3,  -16,   -2,   -2,   -2,   -2,   -2,   -2,   -2,   -2,   -2,   -7,  -15,
     -23,  -16,   -7,   -7,   -4,   -4,   -2,   -2,   -8,   -5,   -6,   -1,   -1,   -7,  -10,  -22,
     -15,  -30,   -1,   -2,    5,   -4,   -1,   -5,   -1,   -1,   -1,    5,   -2,   -7,   -5,   -2,
      -1,   -8,   -8,    2,    7,    3,    3,   -5,    1,   -1,   -1,   -7,  -10,  -22,  -15,  -30,
      -1,   -2,    6,   12,    1,    7,    1,    4,    1,    1,    4,   -4,    2,   -5,   -1,   -1,
       1,    7,    7,   -1,    1,   -2,    2,   -7,    1,    1,   -5,    2,    6,   -8,   -8,    1,
       1,  -24,   -9,    2,  -61,  -55,  -61,  -13,  -15,   -1,   -3,   -6,  -31,   -1,  -30,   -1,
      -3,  -44,    1,  -31,   -1,  -20,   -2,   -1,  -13,  -13,  -13,  -17,   -2,  -14,   -6,  -13,
      -7,  -13,  -19,  -51,  -26,   -6,  -46,   -1,   -1,  -44,  -44,  -44,  -44,  -28,  -29,  -27,
      -1,   -5,   -2,   -3,  -31,  -31,  -31,  -30,  -31,  -14,  -14,  -14,    1,  -13,  -44,  -28,
     -29,  -29,  -29,  -31,  -30,  -18,  -18,  -20,    4,   -2,   -2,   -2,   -9,    1,  -31,  -31,
     -13,  -13,  -14,   -5,  -14,  -14,  -13,  -19,  -18,  -19,  -31,  -41,  -23,  -28,    6,   -1,
     -26,  -31,   -8,  -12,  -11,  -14,  -38,  -44,  -31,  -29,  -18,  -29,   -2,  -31,  -21,  -31,
     -13,  -13,  -13,  -55,    1,  -61,  -61,  -15,   -1,   -1,    1,  -42,   -4,  -24,    4,  -16,
       4,    1,    1,  -19,   -5,   -6,    9,   -6,  -25,  -10,  -35,  -17,  -33,  -26,  -10,    1,
     -13,   -7,  -13,  -12,  -18,  -14,  -12,   -6,  -10,  -13,  -25,  -13,  -13,  -13,  -13,  -33,
     -46,  -43,    4,    4,  -28,  -21,  -10,  -10,  -23,   -4,   -2,  -25,    7,  -16,    4,    1,
       1,  -19,   -5,   -6,    9,   -6,  -25,  -10,  -35,  -17,  -33,  -26,   -1,   20,    1,  -24,
      -7,  -13,  -12,  -18,  -14,  -12,   -6,   -1,  -24,   20,  -25,  -24,  -24,  -24,  -24,  -33,
     -23,  -23,    7,    7,  -28,  -21,   -1,   -1,   -2,  -32,   -4,   -1,  -16,  -11,  -16,   -3,
      -4,   -8,   -2,   -3,   -8,   -1,  -17,  -15,  -34,  -22,   -2,  -38,   -2,  -18,   -1,   -4,
      -1,   -2,   -2,   -2,  -12,   -5,   -7,   -8,  -10,   -9,   -6,   -4,   -8,   -4,   -1,   -1,
      -1,   -1,   -1,   -1,   -1,   -1,  -12,   -1,   -1,   -1,   -1,   -1,   -1,   -1,   -1,   -1,
      -4,   -5,   -1,   -1,  -17,   -2,  -12,   -5,   -5,   -1,   -1,   -1,   -1,   -1,   -1,   -1,
      -1,   -1,   -1,   -1,   -1,   -1,  -12,  -12,  -12,  -22,  -16,  -15,  -19,  -13,   -9,   -4,
      -4,   -5,   -5,   -5,   -7,   -5,   -7,   -1,   -1,   -3,   -1,   -8,   -1,  -13,   -5,   -2,
      -4,   -3,   -5,   -5,   -2,   -1,   -6,  -11,    3,   16,   -5,   19,   22,  -17,  -15,  -17,
     -10,  -10,   18,  -16,    3,  -11,    1,   10,    2,   16,   12,    3,   14,    1,   17,   -9,
      29,   -9,   -6,   -8,   24,   21,   -8,   -8,   -8,  -13,   -9,   -6,   -9,   -9,   -9,  -11,
     -14,   19,  -16,  -18,    3,   -6,   -9,   -9,   -9,   -9,   -9,   -9,   -9,  -17,   -9,   -9,
      -9,   -9,   -6,   -6,   -6,   24,  -11,   -9,   -9,   -9,   -9,   -9,   -9,   -9,   -8,   -8,
      -8,   24,    3,   -9,   -9,   -8,  -13,  -13,   10,   -9,   -6,   -6,  -11,  -14,  -14,   -8,
      -9,   -9,   -9,   -9,   -9,   -9,   -8,   -8,   -6,   -6,   -9,   -9,   -9,   -9,   -9,   -9,
      -1,   -9,   27,   -9,  -11,  -11,  -11,  -15,    9,  -17,  -17,   -6,   -6,   -1,  -18,    1,
       1,    1,   -6,  -12,    1,   -6,    1,   -6,   -6,   -6,   -6,  -18,    1,  -20,  -10,  -27,
     -19,   -5,   -9,   -4,   -7,   -9,   -3,  -30,  -12,  -32,  -17,   -8,  -46,   -9,  -29,   -2,
     -12,    1,   -1,   -7,   -1,   -8,  -12,   -8,   -9,   -3,  -12,   -9,    1,   -1,   -1,  -30,
      -7,   -1,   -1,  -19,  -16,  -19,  -12,  -12,  -12,  -37,  -10,  -27,  -19,   -5,   -9,   -4,
      -7,   -9,   -3,  -30,  -12,  -32,  -17,   -8,  -46,   -9,  -29,   -2,  -24,   -1,  -13,   -1,
      -8,  -12,   -8,   -9,   -3,  -24,   -9,   -1,   -1,  -30,  -13,   -1,   -1,  -36,  -31,  -19,
     -12,  -24,  -24,  -19,   -3,  -13,    1,  -14,    1,  -13,   -4,   -6,    1,   -6,   -7,   -6,
      -5,   -4,   -5,  -11,   -8,  -10,   -8,  -12,   -9,  -12,   -6,   -6,   -8,  -10,   -7,  -10,
     -10,  -10,  -10,  -14,  -20,  -20,    1,    1,  -13,  -10,   -8,   -8,  -12,   -3,    3,    1,
     -14,    1,   -9,   -4,   -6,    1,   -6,   -7,   -6,   -5,   -4,   -5,  -11,   -8,  -10,   -8,
     -12,    4,  -12,   -6,   -6,   -8,  -10,   -7,  -10,  -10,  -10,  -10,  -14,   -5,  -17,    1,
       1,  -13,  -10,   -8,   -8,  -20,  -10,  -27,  -19,   -5,   -9,   -4,   -7,   -9,   -3,  -30,
     -12,  -32,  -17,   -8,  -46,   -9,  -29,   -2,  -12,   -1,   -7,   -1,   -8,  -12,   -8,   -9,
      -3,  -12,   -9,   -1,   -1,  -30,   -7,   -1,   -1,  -19,  -31,  -19,  -12,  -12,  -12,  -12,
      -1,   -2,  -14,   -7,  -15,   -4,   -5,   -2,   -4,   -5,   -3,  -16,  -14,  -30,  -20,   -3,
     -38,   -4,  -25,   -4,    3,   -2,   -2,   -2,   -3,   -2,   -2,   -2,   -1,   -6,   -6,   -6,
      -2,   -4,   -5,   -4,   -2,   -4,    3,   -3,   -2,   -3,   -3,  -16,   -2,   -2,   -2,   -2,
      -2,   -2,   -2,   -2,   -2,   -7,  -15,  -12,  -16,   -7,   -7,   -4,   -4,  -31,   -4,    3,
     -19,    3,  -16,    3,    1,    1,  -15,   -5,   -5,    7,   -5,  -22,   -9,  -33,  -16,  -33,
     -21,    5,    1,  -10,   -3,    1,  -13,    4,   -6,  -12,  -13,  -16,  -14,  -11,   -5,  -10,
     -13,  -22,   -3,  -13,  -13,  -13,  -13,  -16,  -42,  -34,    3,    3,  -26,  -19,  -10,  -10,
     -26,   -4,    1,  -17,    3,  -16,    3,    1,    1,  -14,   -5,   -5,    7,   -5,  -22,   -9,
     -33,  -16,  -33,  -21,    3,    4,  -10,    3,    2,   -3,    1,  -13,    2,   -6,  -12,  -13,
     -14,  -14,  -11,   -5,  -10,    3,  -13,    3,  -22,   -3,  -13,  -13,  -13,  -13,  -16,  -38,
     -31,    3,    3,  -26,  -19,  -10,  -10,  -27,   -8,  -13,  -15,   -3,   -6,   -3,   -4,   -5,
      -2,   -2,  -17,  -13,  -28,  -17,   -4,  -40,   -5,  -22,   -5,   -2,   -2,   -4,   -1,   -1,
      -1,   -6,   -1,   -1,   -6,   -2,   -5,   -6,   -2,   -2,  -17,   -2,   -4,   -4,  -25,  -19,
     -15,   -8,   -5,   -5,    1,   -6,    4,   -7,   -2,   -3,   -6,   -3,   -4,   -5,   -2,   -2,
     -17,  -13,  -28,  -17,   -4,  -40,   -5,  -22,   11,   11,   -5,    6,    5,   -2,   -2,   -4,
      10,   -1,   -1,   -6,   -1,   -1,   -6,   -2,   -5,    6,    6,   -6,   -2,   -2,  -17,   -2,
      -4,   -4,  -23,   -6,  -15,   -8,   -5,   -5,    1,   -1,    6,   -6,   -3,   -3,   -6,   -3,
      -4,   -5,   -2,   -2,  -17,  -13,  -28,  -17,   -4,  -40,   -5,  -22,    8,   17,   -5,   12,
       7,   -2,   -2,   -4,    7,   -1,   -1,   -2,   -1,   -1,   -6,   -2,   -5,   12,   12,   -6,
      -2,   -2,  -17,   -2,   -4,   -4,  -19,   -2,  -15,   -8,   -5,   -5,  -14,   -8,  -14,  -15,
      -3,   -6,   -3,   -4,   -5,   -2,   -2,  -17,  -13,  -28,  -17,   -4,  -40,   -5,  -22,   -5,
      -2,   -2,   -4,   -1,   -1,   -1,   -6,   -1,   -1,   -6,   -2,   -5,   -6,   -2,   -2,  -17,
      -2,   -4,   -4,  -24,  -19,  -15,   -8,   -5,   -5,  -19,   -3,  -11,    1,  -14,    1,  -13,
      -4,   -6,    1,   -6,   -7,   -6,   -5,   -4,   -5,  -11,   -8,  -10,   -8,  -12,   -9,  -12,
      -6,   -6,   -8,  -10,   -7,  -10,  -10,  -10,  -10,  -14,  -20,  -10,    1,    1,  -13,  -10,
      -8,   -8,   -7,  -13,   -5,   -6,   -6,   -6,   -5,   -4,   -9,    4,  -10,  -11,   -9,    1,
      -4,   -9,    1,   -7,   -7,   -7,   -6,   -9,   -6,   -7,   -6,  -14,   -8,  -14,  -12,   -7,
      -4,  -11,   -9,   -9,   -9,   -9,  -10,  -10,  -10,   -8,   -9,   -4,   -4,   -7,  -10,  -10,
     -10,  -10,  -10,   -6,   -6,   -6,    2,  -14,   -9,  -10,  -10,  -10,  -10,  -10,  -10,   -9,
      -9,   -9,    1,   -4,   -4,   -4,   -9,   -9,   -1,  -10,  -10,   -7,  -11,  -11,   -9,   -6,
      -6,  -14,   -8,   -8,   -9,  -10,   -9,  -18,  -10,    4,   -4,  -19,  -10,  -13,   -7,   -6,
      -6,   -9,   -9,  -10,  -10,  -17,  -10,   -4,  -10,  -19,  -10,  -14,  -14,  -14,  -13,  -11,
     -11,  -10,   -3,  -13,    1,  -14,    1,  -13,   -4,   -6,    1,   -6,   -7,   -6,   -5,   -4,
      -5,  -11,   -8,    2,  -10,   -8,  -12,   -9,  -12,   -6,   -6,   -8,  -10,    2,   -7,  -10,
     -10,  -10,  -10,  -14,  -10,  -10,    1,    1,  -13,  -10,   -8,   -8,  -23,   -2,  -20,  -11,
      -5,   -9,   -4,   -7,   -9,   -3,  -30,  -12,  -32,  -17,   -8,  -46,   -9,  -29,    4,    3,
     -12,    2,    1,   -1,   -7,   -1,   -2,  -12,   -8,   -9,   -3,  -12,    2,    2,   -9,   -1,
      -1,  -30,   -7,   -1,   -1,  -37,  -22,  -19,  -12,  -12,  -12,  -17,   -4,  -19,   -9,   -5,
      -9,   -4,   -7,   -9,   -3,  -30,  -12,  -32,  -17,   -8,  -46,   -9,  -29,    4,    6,  -12,
       4,    3,   -1,   -7,   -1,   -3,   -8,   -8,   -9,   -3,  -12,    4,    4,   -9,   -1,   -1,
     -30,   -7,   -1,   -1,  -32,  -19,  -19,  -12,  -12,  -12,  -11,    3,   16,   -5,   19,   22,
     -17,  -15,  -17,  -10,  -10,   18,  -16,    3,  -11,    1,   10,    2,   16,   12,    3,   14,
       1,   17,   -9,   29,   -9,   -6,   -8,   24,   21,   -8,   -8,   -8,  -13,   -9,   -6,   -9,
      -9,   -9,  -11,  -14,   19,  -16,  -18,    3,   -6,   -9,   -9,   -9,   -9,   -9,   -9,   -9,
     -17,   -9,   -9,   -9,   -9,   -6,   -6,   -6,   24,  -11,   -9,   -9,   -9,   -9,   -9,   -9,
      -9,   -8,   -8,   -8,   24,   14,   -9,   -9,   -8,  -13,  -13,   10,   -9,   -6,   -6,  -11,
     -14,  -14,   -8,   -9,   -9,   -9,   -9,   -9,   -9,   -8,   -8,   -6,   -6,   -9,   -9,   -9,
      -9,   -9,   -9,   -1,   -9,   27,   -9,  -20,  -11,  -11,  -15,    9,  -17,  -17,   -6,   -6,
      -2,   -7,   -8,    3,    2,  -12,   -4,   -9,   -7,   -8,  -11,  -11,  -29,  -19,   -7,  -41,
      -7,   -8,    2,   20,    1,   -2,   -6,   -9,   -9,   20,  -11,   -2,   -2,    1,    1,  -11,
      -1,   -3,  -41,  -25,  -45,   -6,   -6,  -20,  -16,  -11,   -5,  -18,  -17,  -20,  -20,  -14,
     -13,   -5,  -16,  -12,  -13,   -1,  -36,  -11,  -29,  -20,  -22,  -38,  -14,   -6,  -22,  -19,
     -15,  -16,   -9,   -9,   -9,   -7,  -12,  -12,   -7,   -7,  -11,  -10,  -19,  -17,  -18,  -13,
      -1,  -19,  -15,  -15,  -15,  -15,  -12,  -12,  -12,  -13,  -15,  -15,  -15,  -15,  -16,   -9,
      -7,   -7,  -70,  -25,  -12,  -12,  -10,  -10,  -15,  -15,   -9,   -9,  -12,  -12,  -15,  -46,
     -44,   -6,   -6,  -42,  -19,  -19,  -41,  -25,  -45,   -6,   -6,  -20,  -16,  -11,   -5,  -18,
     -17,  -20,  -20,  -14,  -13,   -5,  -16,  -12,  -13,   -3,  -36,  -11,  -29,  -20,  -22,  -38,
     -14,   -6,  -22,  -19,  -15,  -16,   -9,   -9,   -9,   -7,  -12,  -12,   -7,   -7,  -11,  -10,
     -19,  -17,  -18,  -13,   -3,  -19,  -15,  -15,  -15,  -15,  -12,  -12,  -12,  -13,  -15,  -15,
     -15,  -15,  -16,   -9,   -7,   -7,  -70,  -25,  -12,  -12,  -10,  -10,  -15,  -15,   -9,   -9,
     -12,  -12,  -15,  -46,  -44,   -6,   -6,  -42,  -19,  -19,  -12,  -10,    1,  -96,  -32,  -48,
     -14,    1,  -25,  -27,   10,    4,    6,    1,  -14,   12,  -10,   -2,    7,    1,    1,    4,
      -1,   -1,   -1,   -2,   -1,   -1,   -1,   -8,   -1,   -8,   -2,  -23,   -2,  -36,  -36,  -27,
     -14,  -14,  -14,  -15,  -10,  -15,    7,    1,    4,   13,  -18,  -10,  -10,  -18,  -10,   -1,
      -1,   -1,   16,  -14,  -18,  -16,  -18,  -17,  -10,  -18,   -5,   -3,   -2,   14,    4,    5,
       6,    1,    7,    1,  -10,  -10,   -2,   -2,   -1,    1,   -1,   -1,   -1,   -3,   -3,  -10,
     -23,   -3,  -10,   32,    4,  -13,  -10,    4,   -1,    2,   -1,  -23,  -14,  -10,  -10,   -1,
     -16,    1,  -10,  -12,  -10,  -32,  -96,  -48,  -12,   -8, -100,  -37,  -50,    3,  -17,    1,
      -2,   -2,  -26,  -28,   -1,    1,    5,    2,    2,  -20,    7,  -15,    1,  -11,    3,   -5,
      -4,    1,   -3,   -3,   -3,   -9,    1,   -8,   -3,   -3,  -12,   -3,   -9,   -5,   -4,  -29,
      -9,  -35,  -38,    1,  -40,  -39,  -20,  -38,  -26,  -26,  -24,   -5,   -5,    3,    2,  -29,
     -29,  -29,  -27,  -15,   -8,   -8,  -16,    7,   -4,  -20,  -26,  -28,  -27,  -28,  -15,  -29,
     -17,  -19,  -11,   10,    3,   -6,   -7,   -5,   11,   -1,    1,  -29,  -30,   -3,  -13,  -15,
       1,    2,   -8,   -8,   -3,   -9,  -18,  -20,  -15,  -35,  -16,  -27,   18,  -25,  -29,   -1,
      -4,  -13,   -8,  -36,  -20,  -15,  -27,  -16,  -28,   -5,  -15,  -24,  -30,   -3,   -3,   -3,
     -37, -100,  -50,    1,    1,  -12,  -43,  -10,  -13,   -2,  -51,  -45,  -15,   -1,   -1,   -1,
      -4,    1,  -16,  -25,   -8,  -16,  -22,  -14,    2,  -22,  -21,   -7,  -73,  -23,  -38,  -54,
     -74,  -33,   -3,   -8,   -9,   -5,  -14,  -16,  -11,  -18,  -18,  -18,  -16,  -19,  -17,  -16,
     -77,  -10,  -13,   -6,   -2,  -20,  -18,  -49,  -16,    4,  -40,   -6,   -3,   -3,   -3,   -3,
      -9,   -9,   -9,  -16,  -16,  -16,  -16,   -9,   -9,   -9,   -9,   -9,  -19,  -19,  -19,  -19,
     -77,   -3,   -9,   -9,   -9,   -9,   -9,   -9,  -14,  -14,  -14,  -16,  -16,  -16,  -16,  -18,
     -12,   -9,   -9,  -18,  -73,  -16,  -19,  -19,  -77,  -10,  -10,  -14,  -19,   -3,   -9,   -9,
     -16,  -16,   -9,   -9,  -18,  -18,  -19,  -19,   -3,   -3,   -9,   -9,   -9,   -9,  -16,   -9,
      -9,   -9,  -77,  -77,  -77,  -45, -109, -107,  -45,   -5,   -5,  -12,  -43,  -10,  -13,   -2,
     -51,  -22,  -15,   -1,   -1,   -1,   -4,    1,  -16,  -25,   -8,  -16,  -22,  -14,    2,  -22,
     -21,   -7,  -37,  -23,  -38,  -27,  -37,  -33,   -3,   -8,   -9,   -6,  -14,  -16,  -11,  -18,
     -18,  -18,  -16,  -19,  -17,  -16,  -77,  -10,  -13,   -6,   -2,  -20,  -18,  -49,  -16,    4,
     -40,   -7,   -3,   -3,   -3,   -3,   -9,   -9,   -9,  -16,  -16,  -16,  -16,   -9,   -9,   -9,
      -9,   -9,  -19,  -19,  -19,  -19,  -77,   -3,   -9,   -9,   -9,   -9,   -9,   -9,  -14,  -14,
     -14,  -16,  -16,  -16,  -16,  -18,  -12,   -9,   -9,  -18,  -73,  -16,  -19,  -19,  -77,  -10,
     -10,  -14,  -19,   -3,   -9,   -9,  -16,  -16,   -9,   -9,  -18,  -18,  -19,  -19,   -3,   -3,
      -9,   -9,   -9,   -9,  -16,   -9,   -9,   -9,  -77,  -77,  -77,  -22,  -55,  -53,  -45,   -6,
      -6,    1,    1,   -2,    1,    1,    1,    1,   -7,    1,    1,   -2,    1,    1,    1,    1,
      -7,   -4,  -19,  -37,  -17,  -11,  -38,   -9,  -10,   -8,  -12,  -15,  -13,   -1,  -12,  -14,
     -10,  -12,   -8,   -8,  -19,  -12,  -12,  -14,  -14,  -12,  -12,  -12,  -10,  -10,  -12,   -9,
      -2,    3,    2,  -89,  -37,  -44,  -19,    2,   -2,   -2,    1,    6,   -7,    3,   -4,  -29,
     -10,  -33,  -37,  -44,  -44,   -9,   -3,    1,    1,    1,    1,    1,    1,    1,    1,    1,
       1,    1,    1,    1,    1,    1,    1,    1,    1,    1,    1,    1,    4,    1,    1,    4,
       1,    1,    4,    4,   -4,   -7,   -1,   -2,  -13,   -5,  -12,   -5,    8,   27,  107,    6,
      37,   56,   -8,  -14,   -8,   48,    6,   -5,   30,    2,   -2,   22,   29,    2,   19,   35,
      38,   51,   47,   35,   49,   27,   41,   48,   -5,   -2,   16,   26,    1,    1,    1,    1,
       1,    1,   38,   41,   18,   30,  -13,   49,   39,   37,  -13,   46,   31,   30,    2,   -5,
      -5,   -8,   -5,    5,   -2,   17,   41,   10,   28,   53,   -3,    2,   -4,   -1,    5,   -2,
       5,    5,   11,   -6,   -1,    5,    8,    7,   -3,    3,    4,   19,    2,   50,   30,   44,
      43,   41,   10,   42,   -6,    1,    8,    7,   18,   35,    2,    4,    2,    8,   15,   -2,
      33,    1,   68,   37,   21,   -2,   35,    6,   10,    1,    1,   -6,   -1,    9,   33,    3,
      18,   -4,   21,    1,    7,    1,    4,  -14,  107,  100,   -8,   -8,   55,   50,   -6,   30,
       8,  -19,   -3,  -14,    1,  -14,    1,  -13,   -4,   -6,    1,   -6,   -7,   -6,   -5,   -4,
      -5,  -11,   -8,  -10,   -8,  -12,   -9,  -12,   -6,   -6,   -8,  -10,   -7,  -10,  -10,  -10,
     -10,  -14,  -21,  -10,    1,    1,  -14,  -10,   -8,   -8,
};

static const EpdLigaturePair libron_12_italicLigaturePairs[] = {
    { 0x00660066, 0xFB00 }, // f f -> U+FB00
    { 0x00660069, 0xFB01 }, // f i -> U+FB01
    { 0x0066006C, 0xFB02 }, // f l -> U+FB02
    { 0xFB000069, 0xFB03 }, // U+FB00 i -> U+FB03
    { 0xFB00006C, 0xFB04 }, // U+FB00 l -> U+FB04
};

static const EpdFontData libron_12_italic = {
    libron_12_italicBitmaps,
    libron_12_italicGlyphs,
    libron_12_italicIntervals,
    53,
    25,
    20,
    -5,
    true,
    libron_12_italicGroups,
    11,
    nullptr,
    nullptr,  // kernLeftClasses: built-in fonts use the split arrays below
    nullptr,  // kernRightClasses
    libron_12_italicKernLeftCodepoints,
    libron_12_italicKernLeftClassIds,
    libron_12_italicKernRightCodepoints,
    libron_12_italicKernRightClassIds,
    nullptr,  // kernMatrix: built-in fonts use the sparse form below
    libron_12_italicKernRowOffsets,
    libron_12_italicKernSparseCols,
    libron_12_italicKernSparseValues,
    460,
    464,
    197,
    184,
    libron_12_italicLigaturePairs,
    5,
};
