/**
 * generated by fontconvert.py
 * name: libron_18_regular
 * size: 18
 * mode: 2-bit  compressed: true
 * Command used: fontconvert.py libron_18_regular 18 ../builtinFonts/source/Libron/Libron-Regular.ttf --2bit --compress --pnum --zopfli
 */
#pragma once
#include "EpdFontData.h"

static const uint8_t libron_18_regularBitmaps[22919] = {
    0xBD, 0x9A, 0x01, 0xA4, 0x25, 0x4B, 0x7A, 0xC7, 0xFF, 0xDD, 0x2D, 0xB7, 0x93, 0x34, 0x5B, 0xC1,
    0x0A, 0xDC, 0x78, 0x1D, 0x04, 0x22, 0x79, 0xDB, 0x00, 0x21, 0x3B, 0xB7, 0xCA, 0x2E, 0x82, 0xC0,
    0xC3, 0x8A, 0x00, 0x81, 0x20, 0x62, 0xE3, 0x02, 0x2C, 0x76, 0xA6, 0x7A, 0x13, 0x00, 0x64, 0x44,
    0x16, 0x80, 0x20, 0x00, 0x2C, 0x3C, 0xB2, 0x98, 0x99, 0xEE, 0x58, 0x2C, 0x16, 0xE9, 0x08, 0x16,
    0xB0, 0x4D, 0x2E, 0x1B, 0x82, 0x2D, 0xB4, 0xA8, 0xBB, 0x5B, 0xDD, 0x5F, 0xFA, 0xFF, 0x55, 0x77,
    0xEE, 0xB9, 0x33, 0x6F, 0x67, 0x26, 0xFB, 0xC6, 0x3B, 0xB7, 0xCE, 0xEF, 0x5F, 0xB7, 0xEB, 0xEB,
    0xAA, 0xEA, 0xAF, 0xBE, 0xAA, 0x3A, 0xDD, 0xE7, 0xB4, 0x73, 0x17, 0xF2, 0x5F, 0x1B, 0xDA, 0xB9,
    0x9D, 0xCD, 0x6C, 0xA6, 0xE3, 0x6F, 0x34, 0x63, 0xA3, 0x7F, 0xF5, 0x08, 0x00, 0xCD, 0x64, 0x83,
    0x5D, 0xF6, 0xBF, 0xD0, 0x4C, 0xF2, 0xA7, 0x51, 0xEA, 0x38, 0xD4, 0x0B, 0x53, 0xB5, 0xF8, 0x2A,
    0xEC, 0xE9, 0x59, 0x15, 0x6E, 0x34, 0x01, 0x7F, 0x84, 0x19, 0xC0, 0xB7, 0x0A, 0xF2, 0xD3, 0x72,
    0x02, 0x10, 0xAA, 0xF1, 0x64, 0x31, 0xD7, 0xFD, 0xCE, 0xA9, 0x71, 0x40, 0x39, 0x36, 0x40, 0x27,
    0x22, 0x32, 0x66, 0xA2, 0xEE, 0x3F, 0x62, 0x63, 0xEE, 0x63, 0x12, 0x7F, 0x08, 0xC0, 0xE0, 0xAB,
    0x00, 0xBE, 0xB4, 0x57, 0x0A, 0x7C, 0x84, 0x6F, 0x01, 0x34, 0xDC, 0x0E, 0xEE, 0x65, 0x01, 0xEF,
    0x68, 0x10, 0x73, 0xD5, 0x9F, 0xCD, 0x96, 0xDA, 0x2C, 0x9A, 0x3F, 0x19, 0xDF, 0x84, 0xFC, 0x17,
    0xE0, 0x45, 0xFA, 0x52, 0x44, 0xE6, 0x66, 0xC5, 0x10, 0xCC, 0x8C, 0xDD, 0x41, 0x23, 0xAA, 0xD1,
    0xF6, 0x00, 0x2C, 0x2B, 0xEB, 0x14, 0x6C, 0xC8, 0xAC, 0xE0, 0x59, 0x77, 0x40, 0x21, 0x32, 0xF3,
    0x3A, 0x56, 0xA0, 0xF0, 0xC2, 0xC6, 0xE4, 0xC1, 0x2A, 0xD0, 0x2A, 0x43, 0xFF, 0xFD, 0x78, 0xC7,
    0xEC, 0x7B, 0xD8, 0xD1, 0x2F, 0x57, 0xD2, 0x5B, 0x5E, 0x46, 0x2B, 0xB2, 0xA0, 0x14, 0x79, 0xB3,
    0x57, 0xBF, 0x56, 0x38, 0x60, 0x78, 0x0E, 0xB4, 0x0E, 0xB5, 0x44, 0xE0, 0x06, 0x68, 0xC7, 0x15,
    0x78, 0x01, 0x58, 0x58, 0x14, 0x8B, 0xAA, 0xAB, 0x66, 0xE0, 0x19, 0xBA, 0xBE, 0x19, 0x81, 0x97,
    0x68, 0xFB, 0xD6, 0x65, 0xB5, 0x00, 0x5E, 0xED, 0xFA, 0x02, 0x5A, 0xFE, 0x9D, 0x08, 0xDA, 0x77,
    0x5F, 0x0F, 0x54, 0x67, 0x69, 0x8E, 0x76, 0x5A, 0x4D, 0x3F, 0xF4, 0xAC, 0xDF, 0x36, 0xB2, 0xB0,
    0xBD, 0x97, 0xED, 0xBF, 0xAE, 0x00, 0x10, 0x2D, 0x3C, 0x80, 0x7D, 0x74, 0xC1, 0x9A, 0xEA, 0xE9,
    0x15, 0x3A, 0x07, 0x98, 0xFE, 0x25, 0xBA, 0x1E, 0xE8, 0xB4, 0x0D, 0xE0, 0x29, 0xF2, 0xFF, 0x11,
    0x5A, 0x5E, 0x06, 0x78, 0x58, 0x9A, 0xC3, 0x52, 0xCD, 0xC8, 0x36, 0x68, 0x8E, 0x46, 0x22, 0xCD,
    0x51, 0x0C, 0x1C, 0x0D, 0xBA, 0x4D, 0x1D, 0x47, 0x19, 0x44, 0x1C, 0x5D, 0xE7, 0x86, 0x11, 0x28,
    0x57, 0xF5, 0x74, 0x95, 0xD0, 0x3E, 0x08, 0x0F, 0xAA, 0x77, 0xB5, 0x33, 0x90, 0x3E, 0x51, 0xFC,
    0x8F, 0xB5, 0x16, 0xBB, 0xC1, 0x4A, 0x40, 0xBB, 0xA1, 0x93, 0x19, 0x83, 0xB8, 0x22, 0xA1, 0x5A,
    0x64, 0x2A, 0x22, 0xCC, 0x64, 0x97, 0x2A, 0xC0, 0xF6, 0x6D, 0xAA, 0x66, 0x78, 0x57, 0x4B, 0x3D,
    0x62, 0x40, 0x21, 0xFF, 0xD6, 0xEF, 0x02, 0x2F, 0x80, 0x38, 0x9E, 0x89, 0xA1, 0x47, 0xB3, 0x8B,
    0x9F, 0x50, 0x4B, 0x0F, 0x7B, 0x8F, 0x5B, 0x99, 0x39, 0x3A, 0x62, 0x37, 0x57, 0x8B, 0x44, 0x23,
    0x33, 0x6E, 0x99, 0x9D, 0xC5, 0x09, 0x06, 0xFD, 0xF3, 0xF0, 0x78, 0x86, 0x1B, 0x8E, 0x0C, 0x7A,
    0x5E, 0x7B, 0x33, 0xD1, 0x29, 0x16, 0x58, 0x51, 0xB2, 0x0F, 0x1C, 0x79, 0x86, 0xD2, 0xC8, 0x4B,
    0xB2, 0x7B, 0xEA, 0x3F, 0x2B, 0x69, 0x69, 0x3B, 0xD1, 0xB2, 0x09, 0x3C, 0xAB, 0x48, 0xAC, 0x01,
    0x16, 0xAC, 0xAD, 0x9E, 0x59, 0x33, 0xDC, 0xEF, 0xEA, 0xC8, 0xEB, 0x31, 0xB6, 0x53, 0x05, 0x94,
    0x6A, 0xA6, 0xD7, 0x81, 0x87, 0x8A, 0xB4, 0xAE, 0x47, 0xA9, 0xBB, 0x68, 0xDE, 0xAB, 0x7D, 0x42,
    0x19, 0x59, 0x83, 0x99, 0x38, 0x68, 0xCF, 0x80, 0xEF, 0x03, 0xBF, 0x85, 0xFC, 0xE2, 0x64, 0x69,
    0x1C, 0x7E, 0xCF, 0x38, 0xF8, 0x96, 0x43, 0x04, 0xD4, 0x22, 0x3D, 0x74, 0x7E, 0xFC, 0x23, 0x1A,
    0x71, 0xE8, 0xFE, 0xBE, 0xC7, 0xC7, 0x35, 0x47, 0x87, 0x43, 0x33, 0x1E, 0xE7, 0x4D, 0x9F, 0xF9,
    0x1E, 0x44, 0xB6, 0xF3, 0xFD, 0xCB, 0x6C, 0xF8, 0x6E, 0xA6, 0x6E, 0xB1, 0xB1, 0x8B, 0x4D, 0xAC,
    0x96, 0x32, 0x54, 0x73, 0x3D, 0x1A, 0xF7, 0x14, 0x9F, 0x82, 0x83, 0x14, 0x72, 0xEA, 0xDC, 0x30,
    0xC9, 0x2C, 0xF3, 0x30, 0x31, 0x12, 0x9B, 0x59, 0xC3, 0x4B, 0xC3, 0xC3, 0x3A, 0x20, 0xC7, 0x3B,
    0x90, 0xA0, 0xFE, 0x2B, 0x17, 0x06, 0xEF, 0x61, 0x36, 0x65, 0xB3, 0xEE, 0x30, 0x7B, 0x06, 0x75,
    0x1C, 0x68, 0x16, 0xB3, 0x59, 0x1D, 0xB2, 0x99, 0xA1, 0x59, 0x9F, 0xCD, 0x3C, 0x38, 0x93, 0x00,
    0x5C, 0x69, 0xB4, 0x5A, 0xD9, 0x00, 0xE8, 0x5A, 0x55, 0x6D, 0x6E, 0x98, 0xD1, 0x44, 0x98, 0x05,
    0x6D, 0x40, 0x9D, 0xD0, 0x4D, 0xA8, 0x56, 0xFA, 0xB8, 0xDC, 0xE0, 0x7B, 0x14, 0x02, 0x86, 0xF9,
    0x4E, 0xB7, 0xD3, 0x89, 0xFB, 0x8A, 0xD2, 0x5F, 0x50, 0x8F, 0x68, 0xE9, 0x61, 0xA9, 0xF4, 0x23,
    0x69, 0x47, 0x14, 0x1B, 0xEC, 0xA4, 0xE1, 0xAF, 0xF5, 0x1B, 0x6D, 0xAB, 0x12, 0xE7, 0x67, 0x14,
    0x22, 0xC2, 0x2E, 0xCA, 0xAA, 0x7D, 0x7B, 0x0E, 0xA0, 0x58, 0x81, 0x76, 0x45, 0x21, 0x2B, 0x5A,
    0x59, 0xB5, 0xA8, 0xFB, 0xDA, 0x0A, 0x94, 0x1F, 0xE8, 0x5D, 0x6F, 0xAE, 0x12, 0x59, 0xF9, 0xCE,
    0x2D, 0x5A, 0x49, 0xDA, 0x0F, 0x54, 0xEC, 0x8C, 0x59, 0x4A, 0x19, 0xDB, 0x11, 0xFB, 0xC8, 0x00,
    0x76, 0xBA, 0xD9, 0x31, 0x7F, 0x1B, 0xE8, 0xA6, 0xBF, 0xE2, 0xBF, 0xE7, 0x02, 0xEA, 0x7B, 0x00,
    0x02, 0x68, 0xE0, 0xA2, 0x5E, 0x90, 0x5D, 0xAE, 0xA3, 0xA7, 0xE3, 0x51, 0x3D, 0x1C, 0x02, 0x34,
    0xDC, 0x35, 0xF4, 0xD1, 0x88, 0x48, 0xEA, 0x08, 0xBB, 0x23, 0x2A, 0x72, 0x37, 0xBC, 0x24, 0x94,
    0xEC, 0x46, 0xBD, 0x94, 0xE2, 0xCC, 0x88, 0x61, 0x6C, 0xD9, 0x1A, 0x7B, 0xD0, 0xFF, 0x7A, 0xAE,
    0x5A, 0xC7, 0x11, 0xDA, 0xE4, 0x0C, 0x14, 0x5C, 0x52, 0x2B, 0xD9, 0x08, 0xD1, 0x5E, 0xB1, 0xBD,
    0x36, 0xBC, 0xB9, 0x60, 0x2B, 0x4C, 0xF8, 0x08, 0xE8, 0x66, 0x3B, 0xC2, 0x8F, 0x7E, 0xA9, 0xC5,
    0x59, 0xA1, 0x6F, 0x45, 0x66, 0x94, 0x72, 0x0F, 0xE8, 0xB2, 0xC5, 0xAE, 0x2B, 0x8D, 0xB2, 0x55,
    0xDA, 0x81, 0x5C, 0xC9, 0x22, 0x92, 0x55, 0x20, 0xCD, 0x44, 0xB6, 0x3D, 0x69, 0x41, 0xAE, 0x64,
    0x11, 0xC9, 0x2A, 0x90, 0x66, 0x24, 0x5B, 0x47, 0xF2, 0x5A, 0x65, 0xBE, 0x24, 0xC0, 0xE3, 0xBF,
    0x9C, 0x85, 0x4C, 0x38, 0x97, 0x54, 0x21, 0x1B, 0x91, 0x04, 0x23, 0x12, 0x89, 0x05, 0xAD, 0x48,
    0x40, 0x47, 0xF3, 0x1B, 0xE2, 0x09, 0xF1, 0xED, 0xD3, 0xDD, 0xD0, 0x68, 0x12, 0x61, 0x04, 0x4B,
    0xCC, 0xAE, 0x05, 0xAE, 0xD5, 0x51, 0xC3, 0x63, 0x47, 0xD5, 0x8A, 0x07, 0x47, 0xCD, 0x5F, 0xE2,
    0x24, 0xD3, 0x55, 0xC6, 0xC6, 0x2B, 0x61, 0xCF, 0x13, 0x1B, 0x9B, 0x4E, 0x47, 0xE9, 0x4B, 0xE7,
    0x60, 0xC9, 0xFA, 0xBA, 0xCD, 0xE5, 0xBE, 0x36, 0x2C, 0xD5, 0x28, 0xD1, 0x5D, 0x40, 0x03, 0x21,
    0xB1, 0xDA, 0xE5, 0x6C, 0xAA, 0x9D, 0xDB, 0x7B, 0x74, 0xFF, 0x2E, 0xD2, 0xDB, 0x1F, 0xD3, 0x0F,
    0x3F, 0x71, 0x7E, 0xB1, 0x11, 0x26, 0xDA, 0x79, 0x37, 0xB5, 0x63, 0x46, 0x99, 0xEC, 0xB4, 0x83,
    0x33, 0x31, 0xB5, 0x61, 0x87, 0x09, 0xA8, 0x63, 0x93, 0x60, 0x02, 0xE7, 0xCD, 0x04, 0x46, 0xAA,
    0x4E, 0x0D, 0x8D, 0x9D, 0x81, 0xF1, 0xF4, 0x3A, 0x80, 0x2A, 0xBE, 0x62, 0x6C, 0xBE, 0xE0, 0x65,
    0xED, 0x30, 0xD3, 0xF7, 0x8F, 0x9D, 0xDF, 0xF6, 0xA7, 0x87, 0x05, 0x97, 0xDD, 0xAC, 0x23, 0xCE,
    0x6E, 0x12, 0xDD, 0x19, 0xEE, 0x18, 0xFE, 0x2F, 0xDC, 0x37, 0xDA, 0xAE, 0xB4, 0x4D, 0xB4, 0x5D,
    0x4E, 0x5B, 0x3B, 0xB3, 0x54, 0x22, 0xD0, 0x71, 0xA0, 0x44, 0x64, 0xAA, 0x36, 0xD7, 0x85, 0x3A,
    0xA2, 0x59, 0xB8, 0x15, 0x44, 0x33, 0x13, 0xE1, 0xC0, 0xD2, 0x24, 0x34, 0xA1, 0x16, 0xD7, 0x8E,
    0xA5, 0xAC, 0x2B, 0x20, 0x3C, 0xB7, 0xE5, 0x65, 0xFD, 0xCD, 0xB5, 0x04, 0x6E, 0xBE, 0xD1, 0x8C,
    0x68, 0x52, 0x3B, 0xA2, 0x5C, 0x6D, 0x8F, 0xE2, 0xC0, 0x48, 0xA8, 0x73, 0xB8, 0x98, 0x98, 0x0D,
    0xB7, 0x4B, 0xCD, 0xD6, 0x0A, 0x0D, 0x90, 0x6B, 0xB9, 0x03, 0x1A, 0xE9, 0x19, 0x35, 0x51, 0x27,
    0x34, 0xCC, 0x5A, 0x4A, 0xDF, 0xCD, 0xF0, 0x13, 0x37, 0x95, 0xD9, 0xF7, 0x30, 0xC1, 0x3B, 0x98,
    0x65, 0x70, 0x68, 0x14, 0xD1, 0xF7, 0xA8, 0xA3, 0x1F, 0xF3, 0x28, 0x70, 0xE5, 0x2E, 0x7F, 0x11,
    0x8D, 0xC8, 0x8F, 0x96, 0x4A, 0xA4, 0x59, 0x70, 0x7B, 0x67, 0x72, 0x58, 0x00, 0x68, 0x1F, 0x7C,
    0xC2, 0x11, 0xDE, 0x4E, 0xAF, 0x75, 0xF3, 0x31, 0x7D, 0xDA, 0xA4, 0x71, 0x7B, 0x78, 0xA9, 0xE8,
    0x79, 0x4E, 0x6F, 0x83, 0xDF, 0xFF, 0x6C, 0x68, 0x7B, 0x3C, 0x7A, 0x3D, 0x2E, 0xAB, 0x83, 0x49,
    0xED, 0xFE, 0x67, 0x52, 0x1D, 0x5E, 0xB7, 0x63, 0x99, 0x59, 0xCD, 0x5A, 0xAD, 0x48, 0x48, 0x58,
    0xCA, 0xB9, 0x19, 0x3B, 0x7C, 0xF5, 0xD2, 0x42, 0x57, 0x80, 0x1D, 0xB5, 0xEC, 0xF0, 0xEB, 0xE9,
    0x87, 0x78, 0x64, 0xEC, 0xC2, 0xF2, 0x9E, 0x60, 0xEE, 0x5A, 0x1C, 0xB4, 0x54, 0x8B, 0x1F, 0x67,
    0xFD, 0x78, 0xD6, 0x07, 0xF7, 0x68, 0xD3, 0xFB, 0x8C, 0xD7, 0x1B, 0xE5, 0x77, 0x84, 0x38, 0x42,
    0xA3, 0x83, 0xD9, 0x62, 0x58, 0x1E, 0xB7, 0x53, 0x8B, 0x9E, 0x7B, 0xE6, 0x86, 0xFB, 0x8B, 0xDE,
    0x5E, 0x9F, 0x99, 0x5C, 0xCB, 0xA2, 0xDD, 0x20, 0xAE, 0x64, 0xD3, 0x55, 0x64, 0xD1, 0x46, 0x21,
    0x77, 0x57, 0xE2, 0x06, 0x07, 0x3F, 0x7E, 0xF9, 0x88, 0xD5, 0x76, 0x3E, 0xD1, 0x11, 0x76, 0xE2,
    0x39, 0x23, 0x9A, 0xBC, 0x74, 0xAC, 0x6C, 0xEC, 0xF9, 0x0E, 0x96, 0x55, 0xD3, 0x05, 0xDE, 0x78,
    0xA9, 0x49, 0xAB, 0xE3, 0x9A, 0x4E, 0xE8, 0xBF, 0x5A, 0x80, 0x1C, 0x66, 0x80, 0x06, 0x1E, 0x00,
    0x7F, 0x87, 0xEB, 0x94, 0x47, 0x5C, 0x17, 0x3D, 0xED, 0xCB, 0x98, 0x57, 0xEC, 0x2A, 0x80, 0x67,
    0xA3, 0x58, 0xCA, 0x85, 0x0A, 0x7E, 0x7A, 0xBB, 0x4A, 0x6D, 0xFF, 0xA2, 0x19, 0xD1, 0x89, 0xED,
    0x9F, 0x9A, 0x11, 0xF2, 0x1D, 0xC1, 0x93, 0xD6, 0x95, 0x1B, 0x04, 0x37, 0x1D, 0x23, 0x6A, 0xC3,
    0x8D, 0x85, 0x09, 0xC5, 0x8A, 0x9B, 0x1B, 0x74, 0x53, 0x95, 0xA8, 0x76, 0xDC, 0xF5, 0xC9, 0x0D,
    0x7C, 0xDF, 0x44, 0x7C, 0xFB, 0x09, 0x06, 0x67, 0x16, 0xBC, 0x78, 0x02, 0xC1, 0x1F, 0x07, 0xC4,
    0x9B, 0x5D, 0xFF, 0x25, 0x14, 0x61, 0xD7, 0xBF, 0xFD, 0x61, 0xA8, 0x27, 0x8B, 0x41, 0xBE, 0xBE,
    0x74, 0x7D, 0x07, 0xBB, 0x96, 0xDC, 0x4D, 0x5D, 0x73, 0x07, 0x3F, 0xC3, 0x8C, 0xD0, 0x57, 0x33,
    0x67, 0xAD, 0x96, 0xAC, 0x58, 0x89, 0xDF, 0xD1, 0x6D, 0x44, 0x23, 0xBB, 0xD9, 0x5C, 0x71, 0xBB,
    0x70, 0xF4, 0x74, 0x6E, 0xE9, 0x00, 0x3C, 0xD7, 0x33, 0xB6, 0x5C, 0x81, 0xA8, 0x18, 0x2D, 0x43,
    0x2B, 0x5A, 0x6F, 0xE7, 0x55, 0xAC, 0xD5, 0xDA, 0x9F, 0xB6, 0x81, 0x92, 0xCC, 0x42, 0x89, 0x4D,
    0x54, 0x4F, 0xD4, 0x49, 0x1D, 0xA3, 0xD5, 0x54, 0x73, 0x29, 0xAC, 0x6B, 0xD2, 0xD1, 0xA6, 0x2F,
    0x7A, 0xCE, 0x0A, 0x8D, 0xC1, 0x2E, 0xFB, 0xD7, 0xEE, 0x12, 0x00, 0x9F, 0xE5, 0x25, 0x60, 0x22,
    0x90, 0x80, 0x26, 0xA1, 0x88, 0xEA, 0xF6, 0x6A, 0xD1, 0x4E, 0x55, 0x01, 0x28, 0x24, 0x5F, 0x98,
    0xF4, 0xED, 0xAC, 0x33, 0x71, 0x48, 0xEC, 0x62, 0x3A, 0x84, 0x75, 0xCD, 0x20, 0x37, 0x5C, 0xED,
    0x94, 0x1E, 0xE2, 0x0A, 0xD1, 0xD6, 0xED, 0x4C, 0xB6, 0xE1, 0x0D, 0xCE, 0x5A, 0x3A, 0xAA, 0xA5,
    0xAE, 0x6D, 0x2B, 0xC8, 0xA8, 0xD4, 0x1A, 0x30, 0xE4, 0x73, 0x17, 0xB2, 0x89, 0x64, 0x9D, 0xC8,
    0x4A, 0x59, 0x3F, 0x50, 0x4B, 0x4F, 0xCB, 0x21, 0x68, 0x1F, 0x26, 0x4B, 0x82, 0xBC, 0x53, 0x37,
    0xFF, 0xDC, 0x65, 0xAF, 0x73, 0x10, 0xB4, 0x08, 0x76, 0xD5, 0x99, 0x42, 0x1F, 0x0F, 0x50, 0x8F,
    0x59, 0xA8, 0x1B, 0x5B, 0x64, 0xDF, 0xC2, 0x04, 0x95, 0x36, 0x4B, 0x37, 0xAB, 0xD8, 0xE9, 0x2D,
    0x72, 0x98, 0x1C, 0x27, 0x64, 0x69, 0x8F, 0xCA, 0x92, 0x4A, 0xB3, 0xA9, 0x54, 0x79, 0x84, 0x0B,
    0x99, 0x81, 0x2B, 0xC0, 0x6F, 0xAE, 0x18, 0x00, 0x93, 0x7B, 0x56, 0x64, 0x4F, 0x68, 0xAF, 0xF5,
    0x12, 0xFE, 0x19, 0x2A, 0xD2, 0x67, 0x07, 0x2F, 0x80, 0xEC, 0xF6, 0x1B, 0x05, 0x8D, 0x38, 0x4A,
    0x21, 0x23, 0x05, 0x7E, 0x56, 0xB1, 0x41, 0xA5, 0xCD, 0x62, 0x96, 0x2C, 0xF1, 0x52, 0x9A, 0x37,
    0x45, 0xCB, 0x2E, 0x4F, 0x78, 0x54, 0x8B, 0x9D, 0x55, 0xFC, 0x98, 0xDB, 0x73, 0x94, 0x7A, 0xCB,
    0x7D, 0x89, 0xEC, 0xD9, 0x43, 0x1C, 0xA8, 0x3C, 0xCF, 0x22, 0x53, 0xE6, 0xB5, 0x92, 0x33, 0xDA,
    0x28, 0x1B, 0x65, 0xF9, 0x9C, 0x04, 0xDE, 0x41, 0x11, 0x49, 0x8F, 0xA9, 0xC7, 0xDF, 0xCD, 0xE2,
    0x13, 0xB2, 0x0E, 0x64, 0x33, 0xE7, 0x3E, 0xD8, 0x07, 0x8E, 0x4A, 0x28, 0x9D, 0x96, 0x72, 0xC9,
    0x40, 0xAB, 0x34, 0x17, 0x04, 0xDE, 0x41, 0x9D, 0x4A, 0x97, 0xD4, 0xE3, 0xFF, 0x6F, 0xD6, 0x1A,
    0x18, 0x56, 0xC2, 0xC9, 0x73, 0x95, 0x06, 0x5E, 0x8B, 0x5E, 0x77, 0xB5, 0x8B, 0x4C, 0x80, 0x7F,
    0x14, 0xBD, 0xDD, 0xAF, 0x16, 0xBD, 0x83, 0xF4, 0x8C, 0x5E, 0x51, 0xE1, 0x86, 0xA1, 0xD1, 0x3B,
    0xF4, 0xED, 0xA2, 0x62, 0x92, 0x4A, 0xB3, 0xAA, 0x54, 0xE2, 0x28, 0x85, 0xCC, 0x14, 0x78, 0xF9,
    0xEE, 0x9F, 0x49, 0x9F, 0xA3, 0xB7, 0xD7, 0xE8, 0xDD, 0x72, 0xAF, 0x3F, 0x81, 0x95, 0x8D, 0xC7,
    0xC7, 0x53, 0xAF, 0xB4, 0xC3, 0x11, 0x10, 0xC7, 0x3E, 0x7D, 0x00, 0xE5, 0xEB, 0x0D, 0xFD, 0x60,
    0xF5, 0x17, 0x7A, 0x1F, 0xB1, 0xE8, 0x75, 0x34, 0x0F, 0xD7, 0x41, 0xDD, 0x13, 0x37, 0x2D, 0x71,
    0x9F, 0x27, 0xED, 0xF5, 0xE7, 0xAA, 0x18, 0x34, 0x21, 0x03, 0xD7, 0xE7, 0xA7, 0xC1, 0x0F, 0x8F,
    0x08, 0x9D, 0xEA, 0x37, 0x8C, 0x0E, 0x3F, 0xFA, 0x19, 0x5E, 0x64, 0xD4, 0xAB, 0x43, 0x2D, 0x33,
    0x34, 0x67, 0x25, 0x1E, 0xBA, 0x80, 0xE3, 0x75, 0x25, 0xBD, 0xFA, 0xA3, 0x5C, 0xA1, 0x5A, 0x2F,
    0x59, 0xDB, 0x39, 0xAB, 0xEF, 0x55, 0x0B, 0x81, 0x6A, 0x95, 0xB2, 0x9A, 0x90, 0xD5, 0x4E, 0x59,
    0xC5, 0xA9, 0xCA, 0x86, 0xC7, 0x2A, 0xEE, 0x28, 0x3F, 0xEC, 0x7C, 0xC8, 0xDA, 0xA6, 0xAC, 0x8D,
    0x64, 0x2D, 0xA5, 0x57, 0x85, 0x4C, 0x59, 0xED, 0x92, 0xD5, 0xA4, 0xAC, 0x95, 0x40, 0xC7, 0xAB,
    0x38, 0xAF, 0x48, 0x44, 0xB5, 0x50, 0x8D, 0xC0, 0xC1, 0xEB, 0xDD, 0x46, 0x17, 0x87, 0x2F, 0x94,
    0xBF, 0xD9, 0x93, 0xAD, 0xD2, 0xF6, 0x3A, 0x8B, 0x5D, 0x47, 0x22, 0xB3, 0x11, 0xDD, 0x7B, 0x24,
    0xE4, 0xCF, 0x55, 0xE8, 0x24, 0xA0, 0x50, 0x27, 0xD9, 0xBC, 0x92, 0x02, 0xF0, 0x84, 0x1D, 0x00,
    0x6C, 0x9A, 0xA3, 0xE7, 0x57, 0x2D, 0xB0, 0x23, 0x8A, 0x74, 0xE6, 0xAA, 0x45, 0x73, 0xED, 0x8C,
    0x2A, 0xD0, 0xBB, 0xCF, 0x78, 0xAF, 0x33, 0x33, 0xF7, 0x6A, 0xCF, 0x99, 0x49, 0x73, 0xF5, 0x02,
    0x33, 0x0E, 0xCC, 0x55, 0x89, 0x77, 0x9C, 0x3D, 0xF0, 0x72, 0xCF, 0x59, 0xC7, 0xDC, 0x5A, 0xAC,
    0xB0, 0xD0, 0x1C, 0x04, 0xCF, 0xE0, 0x8F, 0xDC, 0xAA, 0x1F, 0x22, 0x12, 0xBC, 0x4B, 0x47, 0xCE,
    0x7E, 0x27, 0x9E, 0xB9, 0x1F, 0x2C, 0xB0, 0x9A, 0xEB, 0xFE, 0x23, 0x40, 0x3B, 0x04, 0xF3, 0xD3,
    0xF9, 0xCC, 0xC9, 0x78, 0xE4, 0x1A, 0xE6, 0x26, 0xD4, 0x2B, 0x2A, 0xE9, 0xE1, 0xEF, 0xE0, 0x65,
    0xAA, 0x04, 0x46, 0xC4, 0xED, 0xB9, 0x52, 0x73, 0x7D, 0xF6, 0x83, 0xA0, 0x95, 0x45, 0x95, 0xDE,
    0x29, 0xF8, 0x99, 0x56, 0xD6, 0x7C, 0xC7, 0x25, 0x92, 0x75, 0x95, 0x3E, 0xAB, 0x1F, 0xB3, 0xDA,
    0x39, 0xAB, 0x09, 0x59, 0x9B, 0x98, 0xB5, 0x5A, 0xB3, 0x96, 0x92, 0x15, 0xE2, 0xB2, 0xFA, 0x31,
    0xAB, 0x9D, 0xB2, 0xB6, 0x21, 0x6B, 0x13, 0xB3, 0x56, 0x29, 0x6B, 0xB9, 0x65, 0x85, 0x1C, 0xEA,
    0xBF, 0x97, 0xD5, 0xFE, 0x2C, 0x6B, 0x2B, 0xAA, 0x7A, 0x81, 0xC5, 0xC6, 0x78, 0x1C, 0x75, 0x0E,
    0x95, 0xAA, 0x11, 0xD8, 0xF5, 0xFC, 0xA0, 0x5B, 0xE4, 0xB8, 0x37, 0xBB, 0x04, 0xE8, 0x03, 0xC5,
    0x04, 0x48, 0x8F, 0x5A, 0x50, 0x6D, 0xA0, 0xA9, 0xCE, 0x57, 0x3F, 0xE9, 0x62, 0xDE, 0x85, 0xE3,
    0x16, 0x52, 0xA7, 0x9C, 0x59, 0x3A, 0x4A, 0x13, 0xED, 0x44, 0x49, 0x2A, 0xF5, 0xEB, 0xA2, 0x26,
    0x87, 0xC4, 0x2E, 0xE8, 0x79, 0xAD, 0x4A, 0x30, 0x51, 0x2B, 0xD3, 0x16, 0x2C, 0x7D, 0x0F, 0x0C,
    0x23, 0x7B, 0x57, 0x0A, 0xE0, 0xB5, 0x2F, 0x67, 0xCF, 0xB4, 0x9F, 0x67, 0xAF, 0x75, 0x53, 0x57,
    0xAE, 0x0F, 0x9F, 0xF4, 0xCA, 0xE3, 0x93, 0x5E, 0x20, 0xCD, 0x72, 0xC1, 0x78, 0xC1, 0x45, 0x19,
    0x4E, 0x4B, 0xFD, 0x7C, 0x98, 0x6B, 0xD0, 0xDA, 0xA0, 0x35, 0x43, 0x9B, 0x7A, 0x7F, 0x96, 0x3C,
    0x47, 0xA7, 0xF8, 0xC1, 0xF7, 0x71, 0x6F, 0xB9, 0x81, 0xD9, 0xC3, 0xBD, 0xCD, 0xC2, 0x73, 0xE7,
    0xD3, 0xBD, 0xE1, 0xC1, 0xBD, 0xE6, 0xED, 0xEE, 0x7D, 0xE4, 0xE5, 0x2E, 0x50, 0xE2, 0x71, 0xBA,
    0x59, 0x28, 0xA1, 0xD1, 0xDD, 0x78, 0xD2, 0xE1, 0xF4, 0x63, 0x29, 0x4E, 0x7B, 0x2D, 0x33, 0x23,
    0x1F, 0x76, 0xFB, 0xEE, 0xB0, 0xE4, 0x0E, 0xF6, 0x40, 0x25, 0xDA, 0x6B, 0x16, 0xF2, 0xD5, 0xC5,
    0xCB, 0x9B, 0x81, 0x52, 0x26, 0xD5, 0x21, 0xAA, 0x74, 0xE2, 0x72, 0xE1, 0xCF, 0xFB, 0x7C, 0xA1,
    0x5A, 0x7A, 0xCD, 0x29, 0xA3, 0xB5, 0x50, 0x04, 0x79, 0x7C, 0x46, 0xA8, 0xAB, 0x67, 0x1C, 0x7E,
    0xCF, 0x43, 0xF1, 0x16, 0x09, 0x2A, 0xDD, 0x94, 0xCF, 0xEB, 0x91, 0x47, 0x47, 0x65, 0xC6, 0xC3,
    0x7F, 0xEE, 0xBC, 0x1A, 0xE9, 0x55, 0xFC, 0xA8, 0x62, 0xA7, 0x4B, 0xE9, 0x66, 0x95, 0x36, 0x5C,
    0x8A, 0x59, 0x74, 0x89, 0x36, 0x49, 0x07, 0xAC, 0x96, 0x89, 0x52, 0x48, 0xD0, 0x71, 0x2B, 0x18,
    0x05, 0xCD, 0x8E, 0xD0, 0xEE, 0x23, 0x16, 0xEC, 0x08, 0x13, 0x7C, 0x8F, 0x3A, 0x78, 0x87, 0x8A,
    0xC0, 0x27, 0x7E, 0xD4, 0xF1, 0x22, 0x36, 0xD0, 0x7F, 0xF7, 0xEA, 0xBD, 0x08, 0x78, 0x8E, 0x78,
    0x31, 0xC8, 0x44, 0x8F, 0x05, 0x00, 0xDD, 0xA2, 0x83, 0xA2, 0xE3, 0xF4, 0x09, 0x50, 0xA5, 0xA4,
    0xCF, 0x6F, 0x78, 0xCC, 0xB3, 0x3F, 0x7E, 0x2C, 0x86, 0xD9, 0x72, 0x00, 0xEC, 0x11, 0xD0, 0xCF,
    0x59, 0xC9, 0x9E, 0xBF, 0xE4, 0x53, 0x3A, 0xE5, 0x11, 0x41, 0xE2, 0x8B, 0xE2, 0xED, 0xBD, 0x0E,
    0xB6, 0x4C, 0xCA, 0x19, 0x22, 0x89, 0x19, 0xD5, 0x5A, 0x24, 0x7F, 0x5E, 0xBC, 0x9D, 0x72, 0x58,
    0x9B, 0xFE, 0x0B, 0xD3, 0xE2, 0x54, 0x81, 0xDE, 0x5C, 0x42, 0x35, 0x47, 0x05, 0x6C, 0x5E, 0x51,
    0xE0, 0xF3, 0x60, 0x15, 0x2B, 0xF4, 0x89, 0x1E, 0xEF, 0xE8, 0xA1, 0xE3, 0x7B, 0x4C, 0xD1, 0xFE,
    0x61, 0xC6, 0x5A, 0x11, 0x40, 0x64, 0x3C, 0xF5, 0x9A, 0x23, 0x7B, 0xBB, 0x39, 0xAD, 0xA7, 0x0E,
    0xF9, 0x16, 0xDA, 0xCC, 0x5A, 0x1F, 0xCC, 0x94, 0xEF, 0xAE, 0xDA, 0x11, 0x1A, 0xBA, 0xB6, 0xDF,
    0x35, 0xEE, 0xEA, 0x38, 0xD8, 0xC0, 0x70, 0xEC, 0xB9, 0x1B, 0xA0, 0x1D, 0x66, 0xFB, 0x10, 0x94,
    0x49, 0xD5, 0x55, 0x91, 0xEA, 0xFB, 0x3A, 0x50, 0xED, 0xD8, 0xA8, 0x76, 0x13, 0xAB, 0xD7, 0x65,
    0x60, 0xCC, 0xFE, 0xEF, 0x54, 0x9B, 0x85, 0xD5, 0x32, 0x80, 0x3C, 0x05, 0x65, 0x1A, 0x54, 0x8B,
    0x6D, 0x55, 0x85, 0x24, 0x5C, 0x4E, 0x50, 0xD8, 0xE5, 0xD0, 0x00, 0xE8, 0x38, 0x99, 0x3D, 0x49,
    0x62, 0xAE, 0xD3, 0x5C, 0x2B, 0x77, 0xB0, 0x2B, 0x4A, 0xB9, 0x2B, 0x24, 0x07, 0xB2, 0x05, 0x73,
    0x9E, 0xFF, 0xA9, 0x07, 0x07, 0xD1, 0x2F, 0x5E, 0xA4, 0xC7, 0xB6, 0xBF, 0x5F, 0xD2, 0x9B, 0x05,
    0x77, 0xB8, 0x17, 0xBA, 0x94, 0x24, 0x3B, 0x22, 0xB1, 0xE3, 0x55, 0xB4, 0xB3, 0xE6, 0xA6, 0x6A,
    0xE9, 0x42, 0x11, 0x99, 0xAB, 0x83, 0x09, 0xE5, 0x02, 0x74, 0x73, 0x13, 0xCC, 0x52, 0xD1, 0x4B,
    0xC1, 0xCC, 0x4D, 0x64, 0xCE, 0x84, 0x76, 0xAC, 0x53, 0xAD, 0xB9, 0x6E, 0xAC, 0xD6, 0x9A, 0xBE,
    0x5C, 0x6C, 0x5F, 0x6E, 0xCD, 0xA4, 0x1B, 0x8A, 0x2B, 0xC4, 0xD0, 0xDF, 0xD1, 0x03, 0x9A, 0xAB,
    0x92, 0x00, 0xF2, 0x17, 0x3D, 0x73, 0x2B, 0xE0, 0x7F, 0xC6, 0xDC, 0xC6, 0x26, 0x45, 0x1F, 0xD5,
    0x6A, 0x4E, 0x47, 0x33, 0x02, 0x1D, 0x73, 0x90, 0x05, 0x30, 0x9B, 0xE6, 0xD8, 0xD0, 0xAA, 0xAE,
    0x99, 0x81, 0x46, 0x6D, 0x65, 0x64, 0xD4, 0x9E, 0xDA, 0xC8, 0xA6, 0x37, 0x8F, 0x18, 0x82, 0x8E,
    0x1E, 0x1D, 0x84, 0x57, 0xD0, 0x0A, 0x8A, 0x94, 0xEF, 0x93, 0xAB, 0x1C, 0x2D, 0x23, 0x07, 0x9D,
    0x86, 0x9D, 0xA3, 0xDA, 0xF8, 0x0C, 0x50, 0xC3, 0xA4, 0x5A, 0x4B, 0x78, 0xB4, 0x5A, 0x6A, 0xE3,
    0x67, 0xC7, 0xB4, 0xA2, 0x55, 0xD5, 0xFC, 0x58, 0x54, 0xBB, 0xAF, 0xC9, 0x08, 0xB0, 0x31, 0x99,
    0x69, 0x96, 0xF2, 0xB0, 0x55, 0x01, 0xED, 0x0A, 0x8D, 0xB0, 0x46, 0xA0, 0x91, 0x55, 0xD1, 0x70,
    0x00, 0x68, 0x78, 0xB5, 0xB1, 0xC6, 0x7B, 0xBD, 0x33, 0xEB, 0x44, 0xC6, 0x53, 0x45, 0xD6, 0x3C,
    0xC4, 0x2A, 0x9D, 0xDC, 0xE1, 0x4A, 0xEE, 0x4A, 0xE9, 0xF3, 0x78, 0x4E, 0xE0, 0x10, 0xFA, 0xA0,
    0x97, 0xD4, 0x45, 0x54, 0xD9, 0x2F, 0xCD, 0xCC, 0x6E, 0xC1, 0x8C, 0xAC, 0xB3, 0xD7, 0xCB, 0x1A,
    0x26, 0xBD, 0x2A, 0x1B, 0x12, 0xA5, 0xDD, 0x16, 0x4A, 0xA3, 0x3D, 0xCC, 0xFD, 0xD0, 0xF8, 0xFD,
    0x3C, 0xC2, 0xD5, 0xF7, 0x61, 0xBB, 0x54, 0x19, 0x44, 0x44, 0x2E, 0xC9, 0x11, 0xA8, 0xD7, 0xE3,
    0xB1, 0x10, 0xBB, 0x1C, 0xB0, 0xE4, 0x09, 0xA8, 0x21, 0xA9, 0xBD, 0x86, 0x9A, 0x40, 0x4D, 0xB4,
    0xC7, 0xE4, 0xF0, 0xBA, 0x49, 0x93, 0xDE, 0x30, 0x19, 0x2F, 0xBE, 0x15, 0x01, 0xAA, 0x91, 0x26,
    0xCD, 0xD8, 0x32, 0x68, 0x46, 0x3B, 0xD3, 0xE3, 0xDA, 0x87, 0x9E, 0x10, 0xA7, 0x84, 0x95, 0xE9,
    0x48, 0x0E, 0x1F, 0x38, 0x9D, 0x35, 0xAF, 0x38, 0x96, 0x2B, 0x00, 0x5D, 0xCF, 0xCE, 0x68, 0x10,
    0xA0, 0x9E, 0xA1, 0xE3, 0x55, 0x46, 0xE4, 0x88, 0xA4, 0xE1, 0xB3, 0xD3, 0xD0, 0xE9, 0x1A, 0xA4,
    0xC6, 0xCD, 0x61, 0x58, 0x2D, 0x87, 0x21, 0xDF, 0xAF, 0x0E, 0x43, 0x4B, 0xC3, 0xFE, 0x34, 0x14,
    0x19, 0x73, 0x82, 0xFD, 0xC0, 0xE9, 0xA1, 0x66, 0x76, 0xC7, 0x04, 0x80, 0x8E, 0xB5, 0x09, 0xF0,
    0x09, 0x78, 0xF9, 0x0C, 0x48, 0x16, 0xE5, 0xD2, 0xB9, 0x2A, 0x98, 0xB1, 0x9E, 0x9B, 0xC9, 0x8C,
    0x55, 0xE0, 0xBB, 0x73, 0x45, 0xB4, 0x40, 0x7A, 0xBA, 0x5B, 0x89, 0x48, 0x3A, 0xDF, 0x7F, 0xDD,
    0xC3, 0xCF, 0xFA, 0x2D, 0x63, 0x44, 0x91, 0xF4, 0xCA, 0xDB, 0xFC, 0xA4, 0xBB, 0x90, 0xFC, 0xD1,
    0x3C, 0xA1, 0x5B, 0x1A, 0x7E, 0x7A, 0x2E, 0x37, 0xF6, 0x41, 0xF0, 0x91, 0xDB, 0x01, 0x28, 0xAE,
    0x84, 0x6F, 0xD1, 0x18, 0xE3, 0xA3, 0x62, 0x61, 0x7F, 0x64, 0x37, 0x26, 0x68, 0xEC, 0x47, 0xCD,
    0x55, 0x3B, 0x96, 0x36, 0xDF, 0x10, 0x6D, 0x46, 0xA2, 0x5F, 0x0B, 0x7D, 0xDA, 0xF8, 0x2D, 0x9D,
    0x06, 0x91, 0xF4, 0x0B, 0x69, 0x95, 0x46, 0xD9, 0xBC, 0x83, 0xD7, 0xDB, 0xCE, 0xFF, 0x11, 0x99,
    0xD8, 0x4D, 0x89, 0x68, 0x36, 0xD7, 0xAD, 0x2C, 0xAD, 0x84, 0x2C, 0x94, 0x90, 0x9E, 0x1C, 0x94,
    0x7E, 0xFC, 0x6C, 0xE6, 0x52, 0xC9, 0x74, 0x4D, 0x44, 0x29, 0x0C, 0xED, 0x7A, 0x45, 0x23, 0x7D,
    0x97, 0x8E, 0x3D, 0xAD, 0xCE, 0x3B, 0xDA, 0xAD, 0xAE, 0x38, 0xC5, 0x70, 0xF1, 0xC5, 0xCD, 0x58,
    0xAD, 0xAC, 0x23, 0xA0, 0xD5, 0x98, 0x3A, 0xBF, 0x32, 0x7A, 0x04, 0xAF, 0x78, 0x38, 0xA6, 0x26,
    0x6A, 0x1C, 0x8E, 0x29, 0xE4, 0x1A, 0x71, 0xD7, 0x7D, 0x29, 0xD9, 0x9F, 0x11, 0xBC, 0x20, 0xF0,
    0xF5, 0xF1, 0xC3, 0x6C, 0xEC, 0x94, 0x6D, 0x22, 0x6B, 0x65, 0xF5, 0x16, 0x16, 0xC3, 0x4F, 0x77,
    0xB6, 0x22, 0x3B, 0x07, 0xB2, 0x14, 0xD7, 0x25, 0x9E, 0xA8, 0x5F, 0x8C, 0xD1, 0xA6, 0x9D, 0x49,
    0x3B, 0xBE, 0x4E, 0xFF, 0x06, 0x6D, 0xE6, 0xA4, 0x0C, 0x64, 0x97, 0x48, 0x23, 0xDF, 0xBD, 0x5D,
    0xD5, 0x39, 0xE2, 0x0A, 0x91, 0x4D, 0x16, 0x74, 0xD2, 0xEF, 0xCC, 0xAF, 0x46, 0x9F, 0x25, 0xE9,
    0x6D, 0x92, 0xEC, 0x66, 0x6B, 0x29, 0x6C, 0x79, 0x70, 0xED, 0x08, 0xDB, 0x6B, 0x50, 0xDB, 0x1E,
    0x9D, 0x3E, 0xA7, 0x9B, 0xFC, 0x03, 0xDE, 0xE6, 0x28, 0xD4, 0xD2, 0xD7, 0x53, 0xA9, 0xC3, 0xE1,
    0x65, 0x45, 0x7E, 0x82, 0xC1, 0x56, 0xD9, 0x48, 0xC8, 0x5F, 0x77, 0xDA, 0xB9, 0x8D, 0xF0, 0xAE,
    0x5A, 0x20, 0xC0, 0x73, 0x6C, 0x00, 0x8A, 0xC7, 0xF0, 0xB4, 0x1D, 0x88, 0x5B, 0x91, 0x59, 0x8F,
    0x7D, 0x20, 0xD4, 0xE2, 0x58, 0x7D, 0xCA, 0xD0, 0x29, 0x22, 0x80, 0x27, 0x0B, 0x21, 0xAB, 0xAD,
    0x90, 0xEF, 0x31, 0x3C, 0xF5, 0x33, 0x30, 0x3A, 0xA5, 0xFE, 0x08, 0x44, 0x19, 0x0E, 0x76, 0x53,
    0xB6, 0x51, 0xFB, 0x5E, 0xCF, 0xD5, 0x7E, 0x47, 0x00, 0x5F, 0xE1, 0x35, 0x97, 0x41, 0x03, 0x61,
    0x26, 0xCD, 0x7D, 0x76, 0xB7, 0x6C, 0x4E, 0x47, 0x23, 0xA2, 0x7C, 0x78, 0x56, 0x8B, 0xFA, 0xDE,
    0x15, 0x42, 0xA7, 0xC3, 0x3B, 0xDB, 0x93, 0x9E, 0x3C, 0x7F, 0x72, 0xB0, 0xE0, 0x3A, 0x31, 0x9C,
    0x65, 0x79, 0x08, 0xF3, 0x3B, 0x00, 0xDF, 0x7C, 0x58, 0xE5, 0xED, 0x05, 0x1B, 0x65, 0xF5, 0x0E,
    0xEE, 0xC3, 0xB2, 0xD3, 0x4B, 0x40, 0xA5, 0xFD, 0x21, 0xD3, 0xCE, 0xE7, 0xD7, 0x2B, 0x6D, 0xAA,
    0x8D, 0x2C, 0x3E, 0x04, 0xEB, 0x95, 0xA1, 0x2D, 0x32, 0x5B, 0x59, 0x94, 0xB1, 0x8C, 0xA8, 0x05,
    0x0D, 0x13, 0x33, 0x65, 0xC4, 0xE5, 0xCB, 0x6E, 0xB0, 0x2B, 0xF6, 0x6E, 0x94, 0x67, 0x2A, 0xDE,
    0x23, 0xD5, 0x9B, 0xD3, 0xDF, 0xA2, 0x2C, 0x68, 0x66, 0xB4, 0x11, 0x36, 0x31, 0xB5, 0x91, 0xFF,
    0x5E, 0xBE, 0x24, 0x62, 0x88, 0x3C, 0x5E, 0xEF, 0x69, 0x79, 0x3D, 0x35, 0x6F, 0x4F, 0xE1, 0x48,
    0x79, 0xF8, 0x87, 0xB1, 0x16, 0x67, 0x57, 0xD8, 0x19, 0xBF, 0x81, 0xF3, 0xA5, 0x83, 0xD2, 0x25,
    0xD2, 0x2B, 0xBB, 0xF7, 0x5C, 0x0F, 0x94, 0x5E, 0xFA, 0x9D, 0x83, 0xB2, 0xBD, 0xD7, 0x79, 0x3C,
    0x93, 0x43, 0xBF, 0xB3, 0xDC, 0x68, 0xD3, 0x44, 0xB2, 0x9D, 0x77, 0x8A, 0x8C, 0xCA, 0x49, 0x19,
    0x78, 0xDC, 0x24, 0xB2, 0x56, 0xCB, 0x52, 0x9C, 0x9E, 0x3B, 0x92, 0x76, 0x26, 0x4D, 0x24, 0xEB,
    0x35, 0x0F, 0x4A, 0xAF, 0x37, 0x35, 0x0B, 0x69, 0x23, 0x7E, 0x1B, 0xD7, 0x02, 0xAF, 0xA9, 0x16,
    0xE0, 0x43, 0xA4, 0x42, 0x9C, 0x95, 0x68, 0x25, 0x15, 0x9F, 0x96, 0xE2, 0xAE, 0x36, 0x87, 0x2E,
    0x76, 0x32, 0x7B, 0x36, 0xBB, 0x8A, 0xFC, 0x22, 0x4F, 0x72, 0x7D, 0x45, 0x6E, 0x51, 0xAD, 0x3C,
    0xCF, 0xEB, 0x56, 0xAD, 0xA9, 0xFA, 0x02, 0x53, 0xBD, 0x1E, 0x69, 0xD0, 0xFE, 0x79, 0x09, 0xC3,
    0x99, 0x70, 0xF1, 0x2A, 0x3E, 0x2D, 0x5E, 0x39, 0xDC, 0xC6, 0x4E, 0x02, 0x64, 0x13, 0x49, 0xF0,
    0x3A, 0x91, 0x2B, 0x99, 0xAE, 0x45, 0xC3, 0x55, 0x89, 0x0F, 0xC1, 0x7A, 0x43, 0x21, 0x8C, 0xEA,
    0x4E, 0xD2, 0xA0, 0xC4, 0xD5, 0xF9, 0x9C, 0xB8, 0xD0, 0x9D, 0x6D, 0x73, 0x3E, 0x98, 0x05, 0x66,
    0x69, 0x67, 0xD4, 0x49, 0x7F, 0xE9, 0xA4, 0x3F, 0x74, 0xDA, 0x51, 0x28, 0xC4, 0x9F, 0x90, 0xF3,
    0x58, 0xB9, 0xEA, 0x36, 0xA1, 0x3F, 0x5E, 0xD2, 0xDF, 0x2E, 0x71, 0xE6, 0xCC, 0xC5, 0xE5, 0x82,
    0xFD, 0x1C, 0xC5, 0x0B, 0xB2, 0x4B, 0x5E, 0xA2, 0x5E, 0xA0, 0xA0, 0x95, 0xA9, 0x96, 0xBE, 0xDA,
    0x00, 0x19, 0x8B, 0x9D, 0x76, 0x26, 0xBB, 0x40, 0xB6, 0x4A, 0xF3, 0x36, 0xD2, 0x46, 0x80, 0x6E,
    0x26, 0xED, 0xC8, 0x15, 0x53, 0xFA, 0x42, 0x96, 0x5A, 0x50, 0x6C, 0x83, 0xA4, 0x9D, 0x9D, 0x84,
    0x9D, 0x7B, 0x6F, 0x40, 0x7B, 0xBC, 0x17, 0x79, 0x37, 0x77, 0x2E, 0xE4, 0x99, 0x28, 0x86, 0x3B,
    0x2D, 0x90, 0x1E, 0xBA, 0x81, 0xE8, 0xBE, 0x1A, 0xDF, 0xD8, 0x57, 0x57, 0x74, 0x13, 0xFD, 0x6C,
    0xC7, 0xB7, 0x72, 0x52, 0xCE, 0x64, 0x17, 0xC8, 0x36, 0x92, 0x8D, 0x38, 0xAE, 0x93, 0xC7, 0xF3,
    0x33, 0xE5, 0xB5, 0xFC, 0xC3, 0x4E, 0xA0, 0x7C, 0x6F, 0xDE, 0xE6, 0x87, 0xE9, 0xB2, 0x1C, 0xFC,
    0x26, 0xFE, 0x12, 0xED, 0x5A, 0x09, 0xEC, 0xD6, 0x89, 0xD3, 0x9D, 0x01, 0x19, 0xEE, 0x7A, 0x07,
    0xF0, 0xAB, 0x42, 0x3F, 0xF2, 0x77, 0xF9, 0x7E, 0x71, 0x65, 0xC3, 0x1B, 0x1A, 0x61, 0x40, 0x49,
    0xF0, 0x7D, 0x13, 0x06, 0x54, 0x41, 0x50, 0xFE, 0x93, 0x1C, 0x77, 0x11, 0x3E, 0x3F, 0x68, 0x74,
    0xFA, 0xE4, 0x43, 0xE3, 0xDF, 0x47, 0x40, 0xD7, 0x9D, 0xF8, 0xFD, 0xFD, 0x9D, 0x50, 0x2D, 0x1B,
    0xDA, 0xC0, 0x10, 0x14, 0xD9, 0x8E, 0xA0, 0x44, 0x7E, 0x7B, 0x56, 0x92, 0xDB, 0xFD, 0x03, 0xD6,
    0xBF, 0xBF, 0xA9, 0x10, 0xE0, 0x57, 0x7B, 0x4F, 0x5F, 0xD6, 0x0F, 0x5C, 0x56, 0xF4, 0xB1, 0x35,
    0x17, 0x8C, 0x88, 0x61, 0xE7, 0x82, 0x2E, 0x30, 0x99, 0xCF, 0x9D, 0x9A, 0xCC, 0x45, 0x99, 0x7F,
    0xD6, 0x27, 0xFF, 0x2D, 0xE1, 0x18, 0xDE, 0x42, 0xF6, 0x7F, 0x7A, 0x74, 0xF7, 0x15, 0xAF, 0x36,
    0x54, 0x92, 0x32, 0x5B, 0x71, 0xF0, 0xFA, 0x84, 0x91, 0x77, 0xEE, 0x7A, 0xE1, 0xE2, 0xF0, 0x0A,
    0x5C, 0xAB, 0x93, 0xC6, 0x38, 0x39, 0x95, 0x0B, 0xD0, 0xCE, 0xF9, 0x01, 0x40, 0x3D, 0x03, 0xCD,
    0xD2, 0x4C, 0xBA, 0x50, 0x8F, 0x64, 0xDB, 0x03, 0xC5, 0xDA, 0xE9, 0x40, 0x59, 0x72, 0x78, 0x79,
    0xB1, 0x9D, 0x47, 0xB2, 0x5D, 0x48, 0xC3, 0x51, 0x90, 0xD1, 0x24, 0x48, 0xDA, 0xB5, 0x5D, 0x77,
    0xAD, 0x57, 0x74, 0x1B, 0xCC, 0xC8, 0x08, 0x95, 0x5D, 0x8B, 0x8D, 0xDA, 0xF6, 0x10, 0xF8, 0xC1,
    0x75, 0x6E, 0xD7, 0xC1, 0xF7, 0x16, 0x18, 0xB0, 0xDA, 0x71, 0x57, 0xEF, 0x52, 0xA7, 0x3F, 0xC0,
    0xFB, 0x5A, 0x6A, 0xE7, 0xA7, 0xBB, 0xFE, 0xDD, 0x62, 0xC2, 0x0B, 0xA0, 0xFB, 0x41, 0x30, 0x21,
    0x01, 0xED, 0x0F, 0x43, 0xBD, 0x44, 0xC0, 0xFC, 0x68, 0xAE, 0xEE, 0x97, 0x5D, 0x7F, 0x32, 0x56,
    0x5B, 0x00, 0x9A, 0x9F, 0x8D, 0xA5, 0xEC, 0x5A, 0x4B, 0x0F, 0xD1, 0x8D, 0xC7, 0x41, 0x26, 0x6A,
    0xBE, 0xA7, 0xE4, 0xC6, 0xE4, 0x47, 0x5E, 0x49, 0xFE, 0xB5, 0xAB, 0x2C, 0x46, 0x6F, 0xCF, 0x77,
    0xD6, 0xD2, 0xF3, 0xA8, 0xF4, 0xA5, 0xDE, 0xC5, 0xD2, 0x03, 0x5D, 0x30, 0x3D, 0x60, 0x92, 0x05,
    0x50, 0x6D, 0x2F, 0x34, 0x3E, 0x17, 0xBD, 0xF6, 0x99, 0xB4, 0xCA, 0x21, 0xEA, 0xF1, 0x95, 0x36,
    0xFF, 0x29, 0x00, 0xCC, 0x98, 0xEF, 0xE8, 0xBD, 0xDE, 0xD0, 0x77, 0x01, 0x45, 0x84, 0x49, 0xBA,
    0x67, 0x73, 0xAE, 0xC0, 0x4B, 0xC8, 0x1C, 0x24, 0xD4, 0xB2, 0x64, 0xD6, 0xFA, 0x7C, 0xB4, 0xD8,
    0x69, 0x1D, 0x64, 0xC4, 0xA0, 0xFD, 0xDC, 0xB4, 0x91, 0x95, 0x3D, 0x29, 0x13, 0x60, 0x96, 0x8A,
    0xE1, 0x9D, 0xAA, 0xA0, 0xDB, 0x2B, 0xB9, 0x99, 0x89, 0xAD, 0xB7, 0x23, 0x00, 0xB9, 0xD5, 0x9B,
    0x03, 0xD1, 0xBE, 0x29, 0xBB, 0x95, 0x34, 0x89, 0x6C, 0x22, 0x59, 0x2F, 0x9A, 0x0F, 0xA4, 0x99,
    0xD5, 0x66, 0x52, 0xFB, 0x51, 0xAF, 0x42, 0x0B, 0xF3, 0x67, 0xCF, 0xA8, 0x9C, 0xA1, 0x4E, 0xA3,
    0xDD, 0xF9, 0x3D, 0xB8, 0xDB, 0xB1, 0xC1, 0x82, 0x3F, 0x8D, 0x81, 0x59, 0xF0, 0x84, 0x71, 0xF8,
    0xE5, 0x87, 0xDF, 0xAB, 0x69, 0x2D, 0xD5, 0x7A, 0x34, 0xC9, 0x42, 0x46, 0xD7, 0x51, 0x88, 0xA3,
    0xB0, 0xE9, 0xEB, 0x84, 0xB6, 0x37, 0x01, 0xD6, 0xB1, 0x66, 0xF8, 0x03, 0x6C, 0xEB, 0xCF, 0xD1,
    0x26, 0xF8, 0xA8, 0xDB, 0xCB, 0xB1, 0xE9, 0x95, 0x9A, 0x38, 0x40, 0x97, 0x49, 0x7F, 0x83, 0x2C,
    0x33, 0x64, 0x62, 0x06, 0xE9, 0xB2, 0x94, 0xC6, 0x7A, 0xD6, 0x59, 0xC3, 0xAA, 0x8D, 0xFB, 0xC8,
    0xCA, 0xF1, 0x8D, 0xDF, 0xBF, 0x79, 0xAF, 0xD7, 0x37, 0x74, 0xB0, 0x6F, 0x93, 0x3A, 0x81, 0x41,
    0x74, 0x26, 0xD1, 0xB4, 0x3D, 0xEE, 0x8F, 0x75, 0x30, 0x2B, 0x93, 0x75, 0x8F, 0x8E, 0xEB, 0xB9,
    0x8F, 0x4F, 0x67, 0x85, 0xB7, 0x89, 0x95, 0xEF, 0x4D, 0xD4, 0x11, 0x4F, 0x5B, 0xC1, 0x53, 0x2B,
    0x53, 0xF2, 0xB5, 0xA4, 0xA7, 0x90, 0xE5, 0x05, 0xBA, 0xE9, 0x7F, 0x01, 0xE5, 0x9A, 0x31, 0x90,
    0xE5, 0xC8, 0x5D, 0xC6, 0x7F, 0x92, 0x7C, 0xA3, 0x02, 0x61, 0xFA, 0x82, 0x73, 0x00, 0x6B, 0x23,
    0x42, 0x17, 0x86, 0x51, 0x7A, 0xC1, 0xCE, 0xB6, 0x5C, 0x04, 0x04, 0x04, 0xBE, 0xC0, 0x19, 0x01,
    0x84, 0x44, 0xDE, 0xE4, 0x82, 0x0B, 0xF6, 0x56, 0x32, 0x89, 0x03, 0x07, 0x4C, 0x1E, 0x11, 0x38,
    0xC0, 0x97, 0x70, 0xC1, 0x06, 0x17, 0xEC, 0x9C, 0x3A, 0x23, 0x44, 0x90, 0x90, 0x0A, 0x7B, 0x29,
    0x02, 0x53, 0xE5, 0x76, 0x95, 0xAA, 0xD0, 0x19, 0x49, 0x1F, 0xAF, 0xBB, 0x4B, 0xB3, 0x6F, 0xED,
    0xBB, 0xDD, 0xA2, 0x6C, 0xEF, 0xFA, 0xF6, 0xFA, 0xBD, 0xFE, 0x7E, 0x7F, 0xB5, 0xBA, 0xFB, 0x7D,
    0xDD, 0xAF, 0xA5, 0x91, 0xE6, 0xA9, 0xEE, 0xAD, 0xEF, 0x4E, 0x2F, 0xEB, 0x6B, 0x47, 0x4C, 0xA6,
    0x35, 0x7D, 0x7C, 0xB9, 0xF0, 0xAA, 0xE3, 0xAB, 0x19, 0xC3, 0xCB, 0x8E, 0x76, 0x4A, 0xAF, 0x66,
    0x84, 0x6C, 0x82, 0x62, 0x84, 0xC2, 0x71, 0x21, 0x47, 0xA7, 0x25, 0x97, 0xF6, 0x6A, 0xA9, 0x55,
    0x8F, 0xCD, 0x6E, 0xFB, 0xBB, 0xEF, 0x75, 0xED, 0x03, 0x06, 0x1E, 0x31, 0xE0, 0x51, 0xC8, 0xF9,
    0x84, 0x8A, 0x91, 0xE1, 0xCF, 0x1D, 0xDD, 0xF7, 0x7A, 0xEC, 0xBF, 0xB4, 0x58, 0x41, 0x2D, 0xBE,
    0x53, 0x4A, 0x5B, 0x26, 0x4D, 0x74, 0x3B, 0x3C, 0x02, 0x3C, 0x64, 0x1E, 0xF2, 0x09, 0xC8, 0x86,
    0x27, 0xD0, 0x48, 0x20, 0xC9, 0xE5, 0xBA, 0xAE, 0x7D, 0xB1, 0x53, 0xCC, 0xE5, 0x0A, 0x6B, 0xB5,
    0xC0, 0xE3, 0x20, 0xEF, 0x07, 0xF9, 0x7A, 0x28, 0xA3, 0xD8, 0x80, 0x5C, 0x40, 0x27, 0xAD, 0x49,
    0x08, 0xA6, 0x31, 0xD3, 0x21, 0xD5, 0x18, 0xC4, 0x01, 0xA6, 0x07, 0x6A, 0x80, 0x2B, 0x80, 0x8F,
    0x80, 0x4C, 0xD2, 0x56, 0x06, 0x31, 0x92, 0xD6, 0x28, 0x00, 0xBF, 0x07, 0xFF, 0x60, 0xEB, 0xFF,
    0x98, 0xAD, 0x34, 0x1B, 0x69, 0xAA, 0xA6, 0xDA, 0x99, 0xBE, 0x18, 0x0D, 0xC5, 0x54, 0x93, 0x4F,
    0x81, 0x61, 0x3B, 0x96, 0x4B, 0x53, 0xA8, 0x17, 0xEA, 0x87, 0x76, 0x00, 0xD2, 0xC6, 0x20, 0x17,
    0xD0, 0xA9, 0xBF, 0x50, 0x4F, 0x31, 0xC3, 0x30, 0x46, 0x23, 0xCD, 0x4C, 0x03, 0x54, 0x1B, 0x8F,
    0xA3, 0xFD, 0xBF, 0xF3, 0x00, 0xDD, 0x4F, 0x1C, 0x40, 0xAD, 0xD4, 0x5E, 0x1A, 0x6F, 0x41, 0xB1,
    0xC2, 0xA7, 0xE3, 0xC5, 0x35, 0x5F, 0x80, 0x3B, 0x7B, 0x0B, 0x14, 0xD2, 0x9C, 0xB0, 0xC0, 0xBD,
    0x67, 0x13, 0x29, 0xFD, 0x72, 0x79, 0xAE, 0x1D, 0x1A, 0x69, 0x44, 0x92, 0xCF, 0xF7, 0xB6, 0xF3,
    0xC5, 0x42, 0xE5, 0x8B, 0x99, 0x7C, 0x2C, 0x63, 0x7F, 0x6B, 0x10, 0x5D, 0x43, 0xAE, 0xA0, 0xD2,
    0xDE, 0x86, 0x16, 0x13, 0xC3, 0xA0, 0xB5, 0x9C, 0xB3, 0x61, 0xAB, 0x1D, 0xE5, 0x6E, 0x7B, 0xB2,
    0xDD, 0xB6, 0x10, 0x22, 0x36, 0x3B, 0x92, 0xAD, 0xF6, 0x13, 0x4A, 0x5F, 0xEB, 0x93, 0xA1, 0xAF,
    0xA4, 0x15, 0x06, 0x09, 0xDE, 0x18, 0xE4, 0x20, 0xD7, 0x08, 0x34, 0xE9, 0x2B, 0xCE, 0xDD, 0x49,
    0xAA, 0x19, 0x33, 0x9A, 0x9D, 0xCE, 0x55, 0x92, 0xDA, 0x42, 0xDA, 0xE0, 0xBE, 0xAE, 0xA9, 0xFB,
    0xA6, 0xB5, 0xA3, 0x75, 0x76, 0xEC, 0x5C, 0x60, 0xD8, 0x86, 0x3B, 0xC1, 0x0C, 0xA5, 0xB4, 0x03,
    0xCD, 0x13, 0xEE, 0x8F, 0xB0, 0x41, 0xBE, 0x50, 0x78, 0xE0, 0xFD, 0xB4, 0x5E, 0x6A, 0x4C, 0x7B,
    0xA1, 0xFF, 0xAE, 0xDC, 0x25, 0x56, 0x6B, 0xE1, 0xAE, 0xD8, 0xDB, 0x07, 0xF9, 0x74, 0x37, 0x5F,
    0xF8, 0xD3, 0xCC, 0xBF, 0x57, 0x78, 0xBE, 0x86, 0xFF, 0xA8, 0x9A, 0xF8, 0x32, 0xF3, 0x23, 0x33,
    0xC2, 0x81, 0x47, 0xCF, 0x60, 0x0E, 0x55, 0x60, 0x7E, 0xAF, 0xF4, 0x7C, 0x19, 0x7F, 0xB7, 0x58,
    0xF9, 0x6A, 0xE6, 0xAF, 0x32, 0xB5, 0x77, 0xF3, 0xE9, 0x92, 0x2E, 0x74, 0x1D, 0x3E, 0xE8, 0x49,
    0xE5, 0xD2, 0xC7, 0x1E, 0x26, 0x92, 0xA5, 0x5B, 0x83, 0xC9, 0xEE, 0x61, 0xBE, 0x9B, 0x28, 0xB5,
    0x52, 0x7F, 0x77, 0xC7, 0x32, 0xF0, 0x07, 0x74, 0x90, 0x0D, 0x30, 0x88, 0x6A, 0x1F, 0x68, 0x5C,
    0x87, 0x25, 0xE4, 0x01, 0xFB, 0x5D, 0xD1, 0xC8, 0xFA, 0x72, 0xA9, 0x47, 0xCE, 0x52, 0x27, 0x4D,
    0x21, 0x13, 0x53, 0xE6, 0xF8, 0x1B, 0xCA, 0x29, 0x9F, 0xA9, 0x5D, 0xE5, 0xE9, 0xDA, 0x66, 0xCC,
    0x76, 0x86, 0xBE, 0x5C, 0x73, 0x51, 0xCF, 0xD5, 0x46, 0x37, 0xD5, 0x0B, 0x9D, 0x6B, 0x7C, 0x8A,
    0x9A, 0x50, 0x16, 0xF7, 0xC6, 0x7A, 0xB1, 0x45, 0x6A, 0x1B, 0x7B, 0xC9, 0x1C, 0x1F, 0x02, 0x20,
    0x69, 0x3F, 0x32, 0x70, 0xEF, 0x39, 0xF9, 0xAD, 0x4E, 0x3E, 0xBD, 0x69, 0x76, 0xC8, 0xA5, 0x11,
    0x33, 0x5D, 0x2C, 0x5C, 0xC2, 0x15, 0x77, 0xBB, 0xCD, 0xF0, 0xEE, 0xA5, 0xA9, 0xF8, 0xF0, 0xD2,
    0x94, 0xED, 0x49, 0x8A, 0xDE, 0x37, 0x6B, 0xD1, 0x7F, 0x78, 0x79, 0x59, 0xF4, 0xB1, 0xEC, 0x5D,
    0x6B, 0xBE, 0xCF, 0xDD, 0xAF, 0x64, 0xDF, 0x8A, 0x2D, 0x52, 0xDB, 0xD8, 0x4B, 0xEC, 0xAF, 0xD3,
    0x96, 0xDE, 0x99, 0xDA, 0x4A, 0xBE, 0xFE, 0xE6, 0x72, 0xC5, 0x83, 0xBB, 0x5C, 0x3D, 0xE0, 0xCF,
    0x4E, 0x7A, 0x8A, 0x4F, 0x25, 0x95, 0x7C, 0xA6, 0x96, 0x72, 0xE4, 0xD3, 0xF2, 0x20, 0xED, 0x47,
    0x4E, 0x65, 0x2F, 0xAE, 0x97, 0xAB, 0x37, 0xF2, 0x57, 0xE5, 0xF2, 0x6E, 0xBE, 0x7E, 0x98, 0xAF,
    0x14, 0x71, 0x95, 0x99, 0x91, 0xA6, 0xE5, 0x86, 0xDC, 0x53, 0x3A, 0x6A, 0xED, 0x56, 0x9B, 0xD5,
    0x1A, 0x2B, 0x4F, 0x57, 0x95, 0x7F, 0xB7, 0xF0, 0x6F, 0x16, 0x13, 0x55, 0xCF, 0x70, 0x9D, 0x69,
    0xA6, 0x58, 0xC9, 0x56, 0x58, 0xFF, 0x38, 0x5B, 0x6F, 0xCA, 0xB9, 0xD3, 0xD8, 0xEC, 0xF0, 0x41,
    0x9B, 0xAB, 0x2D, 0x36, 0xAA, 0x39, 0xF5, 0xC7, 0x15, 0x58, 0x87, 0xED, 0x7F, 0x93, 0x3A, 0xE7,
    0x72, 0x58, 0x49, 0xFF, 0xD9, 0xDA, 0x60, 0xFB, 0xA4, 0x73, 0x2D, 0xEE, 0x75, 0x7D, 0xB9, 0x60,
    0x01, 0x9E, 0xD5, 0xF6, 0x4C, 0xFB, 0x33, 0x75, 0x87, 0x1E, 0x25, 0xD9, 0x20, 0x69, 0xAA, 0x24,
    0xE9, 0xDA, 0x4A, 0xBD, 0xA7, 0x8B, 0x3A, 0x44, 0xD5, 0x2F, 0xE9, 0x70, 0x56, 0xC7, 0x46, 0x35,
    0x51, 0xB3, 0x21, 0x28, 0x54, 0x2F, 0x4D, 0xEB, 0xBE, 0x9B, 0x06, 0x3F, 0xF8, 0x6E, 0xAA, 0x7B,
    0xDE, 0x03, 0x4F, 0xE1, 0xA8, 0x16, 0x8C, 0xA0, 0x03, 0xD3, 0xBE, 0xDD, 0xD0, 0x6D, 0x34, 0x4F,
    0xA0, 0x21, 0x17, 0x71, 0xBA, 0x78, 0xD3, 0xC2, 0x67, 0xBC, 0xC3, 0xD9, 0x40, 0x0B, 0xDD, 0x13,
    0x4A, 0xED, 0x98, 0xC9, 0xF6, 0x4D, 0x6F, 0x46, 0x4B, 0x35, 0x59, 0x4A, 0xDF, 0x9D, 0xE5, 0x50,
    0x76, 0xDA, 0xE7, 0x42, 0x9D, 0x50, 0x97, 0xE1, 0x09, 0xE7, 0xC9, 0x4A, 0x53, 0xC8, 0xA4, 0x3F,
    0x6B, 0x25, 0x58, 0x8C, 0xA3, 0x76, 0xA5, 0xA7, 0x9A, 0xC3, 0x72, 0xDC, 0x10, 0x99, 0xDA, 0xCE,
    0x31, 0x8C, 0x8D, 0xC7, 0x7A, 0xB3, 0x52, 0xFB, 0x6A, 0x8D, 0x51, 0x2C, 0x8B, 0x7B, 0x63, 0xBD,
    0xD8, 0x22, 0xB6, 0x8D, 0xBD, 0xC4, 0xFE, 0x52, 0xFA, 0x18, 0xA8, 0xDB, 0x32, 0x1D, 0xE1, 0x4D,
    0xC0, 0xCA, 0xCD, 0x0E, 0xD9, 0xCC, 0x9B, 0x3B, 0x14, 0x13, 0xEC, 0x50, 0xB9, 0x88, 0xBA, 0x8D,
    0xB0, 0x44, 0x3C, 0x8E, 0xC8, 0xE6, 0x88, 0xC2, 0x47, 0x54, 0x2E, 0xC2, 0xF4, 0x1D, 0x95, 0xAE,
    0x2D, 0xA2, 0x96, 0xBF, 0x29, 0x04, 0xB0, 0x94, 0x03, 0x50, 0x78, 0x63, 0x81, 0x72, 0xBC, 0x1B,
    0x60, 0xFA, 0x77, 0x03, 0x1A, 0xA6, 0x80, 0xF7, 0x0B, 0x67, 0xB3, 0x50, 0x51, 0xDA, 0xC9, 0xFD,
    0x09, 0x1B, 0xE5, 0x08, 0x16, 0x8C, 0x8B, 0x68, 0x20, 0x1B, 0xAE, 0x79, 0x1F, 0xC2, 0x3C, 0xDF,
    0x00, 0x0D, 0xE5, 0x16, 0xCD, 0xDB, 0x2D, 0x99, 0xDF, 0xA2, 0x79, 0xB6, 0x68, 0x3E, 0xC0, 0xB8,
    0x88, 0xBA, 0x8D, 0xB8, 0x47, 0xC4, 0xE3, 0x88, 0x6C, 0x8E, 0x28, 0x7C, 0x44, 0xE5, 0x22, 0xEA,
    0x6F, 0xAA, 0x0F, 0xE6, 0x2B, 0xCD, 0xB5, 0xFC, 0xE3, 0xCB, 0x72, 0x05, 0x96, 0xB7, 0xB3, 0x35,
    0x98, 0x7F, 0x97, 0x95, 0x50, 0x31, 0x6C, 0x99, 0x74, 0x79, 0x60, 0xA1, 0x9A, 0x08, 0x9E, 0xEA,
    0x1E, 0x16, 0x78, 0x48, 0xEC, 0x71, 0x26, 0x98, 0x2F, 0xC6, 0x58, 0xD1, 0x48, 0x34, 0xD0, 0x68,
    0x0F, 0x15, 0xAD, 0xF6, 0x4C, 0x3D, 0x58, 0x8C, 0x3C, 0xDC, 0x70, 0x59, 0xCE, 0xB0, 0xF0, 0x76,
    0x31, 0xC7, 0xA6, 0x85, 0x8F, 0xE3, 0xAE, 0xFA, 0xD0, 0x94, 0x61, 0xA4, 0x01, 0xB4, 0x84, 0xA6,
    0xE4, 0x2B, 0x0B, 0xC0, 0x96, 0xFB, 0x88, 0x50, 0xF1, 0x2D, 0x56, 0xE3, 0xE0, 0xAA, 0x5C, 0x1A,
    0x84, 0xD5, 0xF4, 0x30, 0x13, 0xF5, 0xCE, 0x5A, 0x08, 0xC8, 0xBD, 0x89, 0x33, 0x3F, 0x7D, 0xAD,
    0x03, 0x8C, 0x7B, 0x3B, 0xA0, 0x6E, 0x7D, 0xC0, 0xBD, 0x6C, 0x0C, 0x58, 0x8B, 0xBE, 0x83, 0x6C,
    0xAE, 0xA4, 0x8D, 0x62, 0x3A, 0x61, 0x8D, 0xD3, 0xD1, 0x85, 0x8A, 0x11, 0xF7, 0xE0, 0x42, 0xD7,
    0x3C, 0x06, 0xA3, 0x39, 0xAD, 0x9B, 0x4C, 0x2D, 0x14, 0xEA, 0x83, 0xB8, 0xB4, 0x19, 0x77, 0xFC,
    0x52, 0xBA, 0x0B, 0x70, 0x75, 0x2B, 0x0F, 0x81, 0xFB, 0x3B, 0x14, 0x12, 0x98, 0x20, 0xCD, 0x06,
    0xD8, 0x09, 0xE8, 0x5C, 0x90, 0x3E, 0x48, 0x7B, 0x44, 0xD6, 0x91, 0xF7, 0xCD, 0x44, 0xED, 0xCD,
    0xC6, 0xE0, 0x0B, 0x49, 0xF1, 0x2C, 0xE2, 0xB8, 0xD0, 0x27, 0x50, 0x08, 0x0E, 0x37, 0x47, 0x0F,
    0x50, 0x8F, 0x11, 0x85, 0x8F, 0x60, 0xE6, 0x33, 0x53, 0xB1, 0x47, 0x54, 0x8A, 0x30, 0xA9, 0x9B,
    0x5A, 0x0E, 0xA0, 0xE9, 0x22, 0x6C, 0xF4, 0xC6, 0xFB, 0xB5, 0x07, 0x58, 0xCD, 0x0C, 0xB0, 0x54,
    0x0B, 0x90, 0xCD, 0xE9, 0x92, 0xD6, 0xC7, 0x6E, 0x8A, 0x29, 0x17, 0x50, 0x8D, 0xA8, 0x05, 0xE3,
    0x50, 0x0F, 0x75, 0x1F, 0x4D, 0x35, 0x92, 0x46, 0xB0, 0xD1, 0x3E, 0x5D, 0xC2, 0x0D, 0x98, 0x05,
    0x56, 0xA8, 0x56, 0xB2, 0x05, 0x8A, 0x8D, 0x62, 0x8E, 0xA6, 0x82, 0xF5, 0x4C, 0x54, 0x13, 0xA0,
    0xBE, 0x9E, 0xC2, 0xD6, 0x38, 0xAC, 0x60, 0xB4, 0x26, 0xAC, 0x67, 0xEE, 0xD7, 0x08, 0xE3, 0x23,
    0x1A, 0x17, 0x71, 0x2F, 0x2A, 0x1F, 0xBD, 0xA6, 0x63, 0x2F, 0xB6, 0xC3, 0xFC, 0x99, 0x6B, 0xFB,
    0xF7, 0x13, 0xC0, 0x16, 0x3A, 0x22, 0x9F, 0x79, 0xFC, 0x7A, 0x8E, 0xBD, 0x69, 0xEF, 0x02, 0x0C,
    0x63, 0x84, 0x96, 0xC7, 0x40, 0xF6, 0x33, 0x2D, 0x40, 0x3E, 0x59, 0x1F, 0x30, 0x56, 0xE3, 0xEB,
    0x39, 0xF6, 0x25, 0x5B, 0xE2, 0x10, 0x8A, 0x2D, 0x61, 0x07, 0xF2, 0xB8, 0x15, 0xF7, 0xBD, 0x9E,
    0x83, 0xCE, 0x56, 0x00, 0xCA, 0x32, 0xE2, 0xCB, 0x45, 0x1B, 0x91, 0xF7, 0xC7, 0xD6, 0xB1, 0x2F,
    0xD6, 0x7C, 0x3D, 0xA7, 0x00, 0x0A, 0x49, 0x29, 0x2A, 0x6F, 0x23, 0x73, 0x1B, 0x59, 0x39, 0x88,
    0x51, 0x67, 0x8F, 0x68, 0x0B, 0xD1, 0xDF, 0x02, 0xF9, 0x12, 0xA2, 0xD8, 0xD4, 0x1F, 0x91, 0x19,
    0x8F, 0xA8, 0x71, 0x47, 0xD4, 0x71, 0x44, 0xFB, 0x11, 0xE5, 0x6B, 0x1C, 0x88, 0x83, 0x62, 0x8E,
    0x51, 0x0F, 0x66, 0x3A, 0xA2, 0x3A, 0xED, 0x82, 0xA3, 0x12, 0x30, 0x1C, 0x51, 0xB6, 0x42, 0xEA,
    0xA5, 0x98, 0x8F, 0xA8, 0xF2, 0x47, 0x54, 0xBB, 0x14, 0xBD, 0x85, 0x6D, 0x53, 0xF4, 0x90, 0x81,
    0x14, 0x6D, 0x17, 0x6A, 0xD3, 0xA5, 0xF5, 0x6A, 0x35, 0x53, 0xEB, 0x88, 0x9A, 0x18, 0x25, 0xFF,
    0xC0, 0x85, 0x7E, 0xDE, 0x91, 0x2A, 0x42, 0xA5, 0x08, 0xBB, 0x51, 0x0A, 0xE4, 0x60, 0x20, 0x17,
    0xD0, 0x51, 0xAE, 0x80, 0xC5, 0xCC, 0x40, 0x83, 0xF1, 0x40, 0x4D, 0x1D, 0x00, 0xCD, 0x14, 0x61,
    0xC7, 0xE7, 0x60, 0x4A, 0xF0, 0x11, 0x4D, 0x42, 0x3D, 0x03, 0x17, 0x98, 0x15, 0x30, 0x6D, 0xB5,
    0x03, 0x0D, 0x85, 0x5A, 0xB0, 0x64, 0x9A, 0xA0, 0x83, 0x6E, 0x6F, 0x33, 0x81, 0x49, 0xCE, 0x32,
    0x49, 0x5B, 0x74, 0xBD, 0xB7, 0xB7, 0x57, 0x06, 0xF0, 0x61, 0xD4, 0x6C, 0x8B, 0x28, 0xD4, 0xC7,
    0xAD, 0xC1, 0x01, 0x50, 0x8E, 0x00, 0x5F, 0x2A, 0x22, 0x4C, 0xE5, 0xCE, 0x16, 0x6E, 0x5C, 0x94,
    0x0C, 0xE3, 0x53, 0x67, 0xD5, 0x4C, 0xFA, 0xC2, 0x00, 0x6E, 0xA2, 0x36, 0x7C, 0x5A, 0xB2, 0x92,
    0x34, 0x26, 0xBD, 0x13, 0xB5, 0xD8, 0xC0, 0x44, 0xAD, 0xA2, 0xE6, 0xD7, 0x41, 0xE1, 0x05, 0x2A,
    0x69, 0x7D, 0x56, 0x63, 0xF9, 0x8B, 0x35, 0x7B, 0x27, 0x68, 0xE9, 0x83, 0x56, 0x53, 0xF2, 0x70,
    0xE6, 0xCA, 0xDD, 0x8E, 0x4C, 0x3D, 0x90, 0xA7, 0x76, 0x33, 0x40, 0x95, 0xA6, 0xA2, 0xFD, 0xBC,
    0x8E, 0xAB, 0x73, 0x00, 0x9A, 0x80, 0x42, 0x33, 0x50, 0xFD, 0x6C, 0x05, 0x6A, 0xD7, 0x01, 0x96,
    0xBA, 0xFF, 0x7C, 0x8E, 0xAB, 0x69, 0x9B, 0x78, 0x14, 0x77, 0x71, 0x88, 0x83, 0x3B, 0xE2, 0x58,
    0xFE, 0x79, 0x1C, 0x91, 0xF5, 0xE9, 0x10, 0x2F, 0x57, 0xD2, 0xB1, 0xF9, 0x10, 0x30, 0x3C, 0x93,
    0x8C, 0xD4, 0x87, 0x1C, 0xAF, 0xC4, 0xED, 0xF8, 0xEB, 0xCF, 0xDD, 0x93, 0xDB, 0xCF, 0x00, 0xF5,
    0xE4, 0x82, 0x62, 0x85, 0xCA, 0x83, 0xE9, 0xE1, 0xF2, 0x17, 0x67, 0x75, 0x8F, 0xF9, 0x8E, 0x9E,
    0x80, 0xDA, 0x5F, 0x7B, 0xCE, 0x74, 0x7D, 0x7C, 0x46, 0xDC, 0xCE, 0xE5, 0x28, 0xE5, 0x31, 0x3F,
    0x5E, 0xB0, 0xED, 0xC6, 0x0D, 0xCD, 0x2B, 0xF3, 0x73, 0x8F, 0x87, 0xA8, 0x55, 0xAB, 0x3E, 0x6A,
    0x1B, 0xB6, 0x5F, 0x95, 0x17, 0x2B, 0xE9, 0x07, 0x44, 0xA8, 0xE7, 0x22, 0x60, 0x06, 0xB5, 0xD9,
    0xB0, 0x07, 0x50, 0xA9, 0x4D, 0x4D, 0x5C, 0x00, 0xDD, 0x14, 0x61, 0x7D, 0x44, 0x3D, 0x47, 0x98,
    0x04, 0xB3, 0x44, 0x54, 0x8B, 0x95, 0x3C, 0xD5, 0xFA, 0x0C, 0x8E, 0x7D, 0xCF, 0x34, 0xF0, 0x11,
    0x75, 0x82, 0x9D, 0x22, 0x3A, 0x17, 0x91, 0x3E, 0xB6, 0xDC, 0x93, 0x97, 0x35, 0x39, 0x9B, 0xA2,
    0xCF, 0x9D, 0x88, 0x6B, 0x80, 0x72, 0x2A, 0x7B, 0x00, 0xB3, 0x56, 0x91, 0x8D, 0xBE, 0xD5, 0x02,
    0xDC, 0x6B, 0x04, 0xC0, 0xDD, 0x72, 0x4F, 0xCC, 0x16, 0x3E, 0x3B, 0xD5, 0xC1, 0xA1, 0x74, 0xE2,
    0x1C, 0x59, 0x69, 0x25, 0x1B, 0x3E, 0x01, 0x6D, 0xD0, 0x38, 0x90, 0x12, 0x37, 0xF5, 0x89, 0x9D,
    0x4B, 0xB4, 0x53, 0xA2, 0xF1, 0x89, 0xD5, 0x92, 0x58, 0x6C, 0x89, 0xB9, 0x12, 0x51, 0x9B, 0xD8,
    0xB9, 0x44, 0x3B, 0x26, 0xD6, 0x3E, 0xB1, 0x5A, 0x12, 0x8B, 0x35, 0x31, 0xDF, 0x13, 0x51, 0x22,
    0xDD, 0x3F, 0x25, 0xDA, 0x9F, 0x26, 0xD6, 0x4A, 0xAC, 0x4E, 0xCC, 0xF6, 0x96, 0xE2, 0x44, 0xAB,
    0x99, 0x3C, 0x72, 0x81, 0xA7, 0xB7, 0xFA, 0x30, 0xB8, 0x88, 0x66, 0x8C, 0xA8, 0x7C, 0x44, 0x3E,
    0x47, 0xF0, 0x80, 0xCF, 0x4C, 0x71, 0x05, 0x92, 0x49, 0xF1, 0xEB, 0x3A, 0xC1, 0x83, 0xFD, 0x84,
    0xFB, 0x2B, 0xA8, 0xA7, 0x14, 0xC5, 0x0E, 0xC8, 0x95, 0x2B, 0xD0, 0x8D, 0xE9, 0xA2, 0xC5, 0xA7,
    0x8B, 0x16, 0x5F, 0x4F, 0x80, 0x99, 0x9B, 0x80, 0x6A, 0xB1, 0x63, 0xC0, 0x1A, 0x51, 0xFE, 0x22,
    0x62, 0x95, 0x88, 0x30, 0x11, 0x3E, 0xB6, 0xAB, 0x23, 0xBC, 0x59, 0x62, 0x67, 0xE9, 0xB2, 0x68,
    0x2C, 0x94, 0x46, 0x23, 0x47, 0x2E, 0xE8, 0x92, 0x97, 0xE8, 0xEC, 0xF0, 0x79, 0xB8, 0x86, 0x5C,
    0xED, 0xF9, 0xB5, 0xF4, 0x12, 0x61, 0xA6, 0x88, 0xA6, 0x8D, 0xB8, 0x7A, 0x5D, 0xC7, 0xAE, 0xA8,
    0x85, 0x1C, 0x40, 0xA5, 0x09, 0xA0, 0xFE, 0xF7, 0x19, 0xC0, 0xB2, 0x02, 0xAC, 0xD8, 0xD7, 0x73,
    0xEC, 0x75, 0x5F, 0x03, 0x58, 0x7F, 0x09, 0xD0, 0x6D, 0xE9, 0xD7, 0xC8, 0x61, 0x05, 0x98, 0xEB,
    0x08, 0x5F, 0xF8, 0xD7, 0x73, 0xEC, 0x0F, 0xB9, 0x01, 0x50, 0xA6, 0x88, 0x6F, 0x26, 0x10, 0xF1,
    0x3E, 0x37, 0xAF, 0xE9, 0x62, 0xE7, 0x2E, 0x85, 0x1B, 0x30, 0x93, 0x75, 0xB6, 0x37, 0x5E, 0x14,
    0x5A, 0x21, 0x8E, 0xC1, 0x81, 0x26, 0x72, 0x2D, 0x54, 0x7E, 0xA7, 0x39, 0xED, 0x1F, 0xA8, 0xA7,
    0x2B, 0x4A, 0xF7, 0x25, 0xB2, 0xD8, 0xC5, 0x75, 0xE9, 0x29, 0xA4, 0xDD, 0x38, 0x1A, 0xC5, 0x8E,
    0xF5, 0x24, 0x1B, 0x76, 0x72, 0x41, 0xFC, 0x05, 0x0E, 0x4A, 0x61, 0x3C, 0x18, 0xF5, 0xCD, 0x04,
    0x76, 0x70, 0x76, 0x84, 0xD5, 0x4E, 0xD6, 0x51, 0xCC, 0x8D, 0xEF, 0x1C, 0xD5, 0x58, 0xFB, 0xC1,
    0xD1, 0xF4, 0xC6, 0x0F, 0x3D, 0x0F, 0x31, 0xF3, 0x09, 0x6B, 0x80, 0x2B, 0x3C, 0xA7, 0x42, 0x67,
    0xDC, 0x09, 0x9D, 0xB3, 0x2D, 0xB5, 0xB7, 0xE3, 0x0D, 0x01, 0x3F, 0x5A, 0xA0, 0x99, 0x9A, 0xFF,
    0x09, 0x9D, 0x3A, 0x23, 0x07, 0x43, 0x5F, 0x09, 0x32, 0x51, 0xA8, 0xA5, 0xDC, 0x4E, 0x98, 0xE9,
    0xE6, 0x74, 0xBF, 0x38, 0xD2, 0x7C, 0x4F, 0xDA, 0xA1, 0xE3, 0x1B, 0xBA, 0x7E, 0x7A, 0x47, 0x05,
    0xD6, 0x27, 0x9A, 0x44, 0x8A, 0x25, 0x91, 0xC7, 0x09, 0x5C, 0xF2, 0x9C, 0x24, 0xAD, 0x54, 0x52,
    0x64, 0x29, 0x51, 0xAA, 0x85, 0xFB, 0x23, 0xF9, 0x0E, 0x98, 0xFE, 0xA5, 0x31, 0x3B, 0x28, 0xA0,
    0xEE, 0x21, 0xB2, 0x05, 0xB5, 0x60, 0xD3, 0x72, 0xA0, 0x03, 0xEC, 0x44, 0xB6, 0x01, 0xCD, 0xDE,
    0xDE, 0x59, 0x21, 0xCE, 0x8E, 0x27, 0x2D, 0x8B, 0x9E, 0xF3, 0x75, 0x81, 0xDC, 0x33, 0xFF, 0x73,
    0x2E, 0x36, 0x12, 0xE7, 0xC4, 0x6A, 0x4C, 0x34, 0x5F, 0xD0, 0xF9, 0xE9, 0x5C, 0xA2, 0x26, 0x38,
    0xEE, 0xF2, 0x8E, 0xFB, 0xBC, 0xE3, 0x4E, 0xEF, 0xB8, 0xD7, 0xFB, 0x02, 0xCE, 0x4F, 0xD3, 0x36,
    0x91, 0x9D, 0xEB, 0x5C, 0xE2, 0x90, 0x18, 0xB7, 0xE3, 0xFE, 0x2F, 0xF4, 0x71, 0x95, 0xEB, 0xFC,
    0x51, 0x97, 0xCA, 0x47, 0x18, 0xF7, 0xFC, 0x53, 0x8E, 0xB4, 0x61, 0xB4, 0x2A, 0xA1, 0xD1, 0x13,
    0x2E, 0xF4, 0x24, 0x57, 0x0F, 0x16, 0x34, 0xC2, 0x0D, 0x74, 0x9E, 0x6C, 0x85, 0x66, 0xA1, 0xF0,
    0x60, 0x36, 0xAA, 0x09, 0x0A, 0xC5, 0xBE, 0x33, 0xF5, 0x4D, 0x0B, 0x0C, 0xE3, 0x43, 0x00, 0xEB,
    0x57, 0x80, 0x7A, 0x9F, 0xCF, 0xAE, 0x74, 0x8A, 0xE4, 0x0F, 0xB5, 0xBF, 0x0A, 0x32, 0x5D, 0x1F,
    0xB7, 0x63, 0x07, 0xA2, 0x44, 0x8D, 0x46, 0x52, 0xDD, 0x33, 0x95, 0xAE, 0xA3, 0x6E, 0x51, 0xD5,
    0xA3, 0x36, 0xD7, 0x88, 0x5A, 0xAC, 0x0F, 0x6A, 0xE6, 0x33, 0x5D, 0x92, 0x9E, 0x95, 0xF8, 0xDB,
    0x9A, 0x99, 0xC6, 0xA3, 0x87, 0xD4, 0x5B, 0xEA, 0xB9, 0x85, 0x73, 0x0D, 0x53, 0xC7, 0xB3, 0xAE,
    0xCE, 0xFF, 0x96, 0x93, 0xBE, 0x43, 0x07, 0xCD, 0x9C, 0x69, 0x02, 0xDB, 0xD3, 0x78, 0x18, 0xC0,
    0x78, 0xD8, 0x9F, 0x62, 0x8A, 0xAB, 0xA4, 0x71, 0x11, 0x03, 0x94, 0x3B, 0xF9, 0x0A, 0xC3, 0x4E,
    0x35, 0x45, 0xD4, 0x2E, 0x16, 0xDA, 0x16, 0xB2, 0xA7, 0x70, 0x09, 0x73, 0x44, 0xA3, 0x36, 0xC0,
    0xC8, 0x07, 0xE4, 0x5A, 0x53, 0x9F, 0x8A, 0xC8, 0xD5, 0x06, 0xD0, 0xF5, 0x11, 0xF6, 0x84, 0xDC,
    0x47, 0x64, 0x3E, 0x61, 0xA1, 0x6B, 0xF3, 0x9D, 0x35, 0x13, 0x8D, 0xA6, 0xF4, 0x68, 0xD7, 0x2C,
    0xCD, 0x01, 0x77, 0xD4, 0xF2, 0xBB, 0xFF, 0x08, 0x98, 0x0D, 0x28, 0x04, 0x20, 0x62, 0x3F, 0xC7,
    0x8A, 0x2B, 0x26, 0x80, 0x77, 0x20, 0xA5, 0xD0, 0x22, 0x53, 0xBA, 0x9F, 0x5B, 0xD3, 0xB3, 0x34,
    0x76, 0xCC, 0xA3, 0x65, 0xF1, 0x47, 0x2D, 0xB7, 0x5D, 0x5C, 0x28, 0x64, 0xC1, 0x20, 0x51, 0xEA,
    0x5A, 0xD4, 0x33, 0xC2, 0x8E, 0x28, 0x55, 0xEE, 0x5C, 0x8C, 0x0A, 0x61, 0xE7, 0x5A, 0x6D, 0x23,
    0x69, 0x37, 0x5A, 0xBA, 0x2D, 0x4B, 0xFF, 0x00, 0xBF, 0xF8, 0x21, 0x60, 0x56, 0xA0, 0xF6, 0x10,
    0x1A, 0x42, 0xD7, 0x02, 0x1B, 0x90, 0xCD, 0x00, 0xED, 0x4B, 0x77, 0x95, 0xFF, 0xE0, 0x98, 0xAC,
    0x46, 0x80, 0x1D, 0x7A, 0xD8, 0x6B, 0x47, 0xBE, 0x94, 0x9E, 0xC2, 0x67, 0x33, 0x59, 0xCB, 0xB7,
    0x5F, 0xB6, 0xAB, 0x98, 0x06, 0x1E, 0x91, 0xC9, 0xCD, 0xE4, 0xFA, 0x99, 0xA7, 0xF8, 0x91, 0x4E,
    0xE2, 0x34, 0x51, 0xBA, 0xC6, 0x71, 0x9B, 0x5E, 0x85, 0xB5, 0x62, 0x2E, 0x66, 0xAA, 0xB5, 0x5A,
    0xCF, 0x24, 0x96, 0xBD, 0x52, 0x57, 0x54, 0x0B, 0xF0, 0xB5, 0xDF, 0x07, 0xBE, 0x5E, 0x02, 0x6F,
    0x97, 0x47, 0xF4, 0xD5, 0x50, 0x56, 0xAD, 0xAF, 0x66, 0x85, 0x55, 0xEA, 0xAB, 0xBD, 0x05, 0x69,
    0xEE, 0xE4, 0x29, 0xA5, 0x5D, 0x5A, 0xA9, 0x7D, 0xA9, 0xA5, 0xDC, 0xB0, 0x13, 0x3A, 0xBA, 0x72,
    0x0C, 0xED, 0x1B, 0x9C, 0x04, 0xDB, 0x73, 0xCB, 0x6F, 0x48, 0x92, 0xE3, 0x8E, 0x22, 0x33, 0x25,
    0x9E, 0x9C, 0x0C, 0x2D, 0x04, 0x33, 0x91, 0xCD, 0xC8, 0xD0, 0x03, 0xA9, 0x9F, 0xC4, 0x29, 0x70,
    0xCC, 0x35, 0x43, 0x6B, 0xE7, 0xEA, 0xAF, 0xD5, 0xDE, 0x71, 0xB5, 0x54, 0x4A, 0x6A, 0x2B, 0xAD,
    0x99, 0xB4, 0xC4, 0xA7, 0x4F, 0xE2, 0xB3, 0x97, 0xD9, 0xB0, 0x40, 0x23, 0xB5, 0x84, 0xEE, 0x8B,
    0x8D, 0xA1, 0xAF, 0x3C, 0x35, 0x66, 0x04, 0x9A, 0xD8, 0x65, 0xFF, 0x8C, 0x74, 0xB7, 0x92, 0xCA,
    0x62, 0x95, 0x58, 0xD9, 0x03, 0x66, 0x81, 0xB6, 0x52, 0x7B, 0xA7, 0xCF, 0x95, 0x66, 0x6F, 0x81,
    0x38, 0x11, 0x78, 0x20, 0x1F, 0x81, 0x72, 0x06, 0x8C, 0x80, 0x2C, 0x8E, 0xC1, 0xF4, 0xF0, 0xA6,
    0x69, 0xE1, 0x61, 0x07, 0xD8, 0x0D, 0xF8, 0xC3, 0xEB, 0x74, 0xE2, 0x38, 0xCE, 0x65, 0xED, 0xF1,
    0x49, 0x26, 0x76, 0xE0, 0x6F, 0x4F, 0x1D, 0x6F, 0x42, 0x4A, 0x95, 0x5A, 0x18, 0x34, 0x93, 0x4B,
    0x1B, 0xE5, 0x96, 0x0B, 0xE3, 0x19, 0xDA, 0xDA, 0x61, 0x7B, 0x7B, 0x12, 0x67, 0x7B, 0x1A, 0x67,
    0x25, 0x8D, 0xDD, 0xAD, 0x3C, 0x77, 0x1C, 0x94, 0xEA, 0xCB, 0x31, 0x97, 0xD4, 0xD3, 0x69, 0x83,
    0x0B, 0xF5, 0x40, 0xFE, 0x41, 0xDC, 0x75, 0xAC, 0x2D, 0xE3, 0x6F, 0x27, 0xEA, 0xF6, 0x96, 0xE2,
    0x9D, 0x97, 0xEE, 0x2A, 0xBB, 0x9D, 0x2C, 0x13, 0x36, 0x9B, 0x9F, 0x8E, 0x60, 0xFF, 0xD2, 0xC3,
    0x96, 0x2F, 0x64, 0x0B, 0x2B, 0xD9, 0x3B, 0xBC, 0xF5, 0xB2, 0x5D, 0x01, 0x64, 0x6B, 0xB6, 0xC6,
    0x5F, 0xB7, 0x83, 0x28, 0x45, 0xB1, 0xEC, 0x36, 0xBD, 0x64, 0x57, 0x1F, 0xF4, 0x30, 0x4C, 0xA9,
    0x56, 0xB5, 0x40, 0xBE, 0x02, 0x37, 0x40, 0x03, 0xBC, 0x41, 0x4A, 0x17, 0x13, 0xD9, 0x30, 0x51,
    0x69, 0xA2, 0xD4, 0x04, 0xC3, 0x08, 0xCD, 0x08, 0xF5, 0xFF, 0x33, 0xC7, 0x47, 0xE8, 0x14, 0x72,
    0x1B, 0x16, 0x4E, 0xB5, 0x61, 0x66, 0x9A, 0x29, 0x38, 0xFE, 0x18, 0x96, 0x63, 0xA9, 0x7C, 0x87,
    0x3B, 0x3B, 0xC3, 0x4E, 0xB7, 0x87, 0x2A, 0xF9, 0x46, 0xF6, 0xE2, 0x37, 0xE5, 0xDE, 0xC6, 0xA7,
    0x55, 0x67, 0xFE, 0x24, 0x0D, 0x29, 0x93, 0xA7, 0xD0, 0x4A, 0xE5, 0x37, 0x8C, 0xB3, 0xD8, 0x93,
    0xBE, 0x45, 0xD6, 0xFE, 0xC6, 0x46, 0x04, 0x34, 0x7D, 0xD3, 0x77, 0xCE, 0xBA, 0x6E, 0x3C, 0xBD,
    0xDC, 0x29, 0x3A, 0x6D, 0x73, 0xA4, 0xDF, 0xE0, 0xE7, 0xC2, 0x42, 0x45, 0xA6, 0xD1, 0xB6, 0xDC,
    0xDF, 0x37, 0xC8, 0xE5, 0x01, 0x3B, 0x03, 0xDA, 0xA0, 0xF4, 0x6A, 0xA9, 0xC3, 0xBA, 0xF9, 0x1D,
    0xEA, 0x09, 0x30, 0x9E, 0x8B, 0xFD, 0x2F, 0x16, 0x3A, 0xFD, 0x78, 0xCD, 0xA4, 0x9F, 0xAF, 0xE5,
    0xDE, 0x3E, 0xDC, 0xCC, 0x8C, 0xD9, 0x6B, 0x4F, 0xB9, 0x37, 0x23, 0xC5, 0x6E, 0x1D, 0xB9, 0x4E,
    0x92, 0x25, 0xE9, 0x8E, 0x68, 0x3F, 0x24, 0xDF, 0x42, 0xBD, 0xB5, 0xF6, 0x14, 0x8B, 0x59, 0x30,
    0x3E, 0x7C, 0x09, 0x53, 0x96, 0x56, 0x98, 0xF6, 0xF4, 0x70, 0x19, 0x29, 0xE5, 0x6B, 0x3E, 0x41,
    0xA9, 0x62, 0x84, 0x4A, 0xFF, 0xEC, 0xC0, 0x7C, 0x5F, 0x41, 0x73, 0xF5, 0x50, 0x33, 0xF0, 0x29,
    0x29, 0x7B, 0x94, 0x7D, 0xDC, 0x72, 0x7F, 0x69, 0xE4, 0x49, 0x7F, 0x32, 0x3A, 0x49, 0x3B, 0x85,
    0xC6, 0x3B, 0x22, 0xDF, 0xC8, 0xA3, 0xF2, 0xEB, 0xD0, 0x72, 0x27, 0x53, 0x58, 0x43, 0x8D, 0xD6,
    0x21, 0x6A, 0xF6, 0x41, 0x0B, 0xC8, 0x01, 0xDD, 0x08, 0xD4, 0xFE, 0x38, 0x5F, 0xA7, 0x03, 0xF6,
    0x01, 0xC0, 0x97, 0x6E, 0xBF, 0x5A, 0x4D, 0x60, 0x15, 0x7A, 0x91, 0x5C, 0xB1, 0xB7, 0x9D, 0x0F,
    0xF3, 0x39, 0xD7, 0x13, 0xE5, 0x1A, 0xE6, 0x69, 0x0B, 0x33, 0x76, 0xCC, 0x5D, 0x9C, 0xCF, 0x43,
    0x9E, 0xCE, 0xA7, 0x4D, 0xF3, 0x49, 0xB9, 0x86, 0xF9, 0x9C, 0x9F, 0x99, 0xCF, 0xED, 0x98, 0xCF,
    0xE3, 0x9C, 0x7B, 0x5C, 0x49, 0x3E, 0xEF, 0x9C, 0xFB, 0xF2, 0x5C, 0x05, 0x53, 0x99, 0x1C, 0x14,
    0x1A, 0xA1, 0xFA, 0x5F, 0x0F, 0xF5, 0xBF, 0xAD, 0x60, 0xDB, 0x0D, 0x6E, 0xB0, 0xF0, 0x6D, 0xDE,
    0x78, 0xE9, 0xAE, 0x00, 0xCC, 0x68, 0xC0, 0x2E, 0x35, 0xD8, 0xFD, 0x12, 0x1E, 0x74, 0x3B, 0x7C,
    0x64, 0x56, 0x78, 0x74, 0x7E, 0xB9, 0xF6, 0x4A, 0xAC, 0x75, 0x74, 0xA0, 0x56, 0x3D, 0xEA, 0xD5,
    0xC7, 0x28, 0x96, 0xBD, 0x32, 0x57, 0xD5, 0x98, 0x16, 0x54, 0x3D, 0x47, 0xC6, 0xED, 0xB3, 0xF4,
    0xCC, 0x33, 0xF7, 0x67, 0xE9, 0x53, 0xDB, 0x65, 0x7A, 0xD2, 0xB4, 0x34, 0xD2, 0xC7, 0x20, 0x69,
    0x25, 0x57, 0xDB, 0xCD, 0x94, 0x2B, 0xF1, 0x64, 0x41, 0xBD, 0x52, 0x4F, 0x74, 0x3B, 0xCD, 0xC8,
    0xA6, 0x93, 0x16, 0x5E, 0x58, 0x67, 0x5C, 0xD0, 0x06, 0x61, 0xC7, 0x9B, 0xA0, 0xFF, 0x3A, 0x23,
    0x9A, 0xFF, 0x9A, 0x10, 0xB5, 0xFA, 0x78, 0xD7, 0x48, 0xB1, 0x86, 0x7E, 0xAA, 0x85, 0x42, 0xED,
    0x7D, 0x4F, 0xBA, 0x73, 0xAD, 0x07, 0x09, 0x6C, 0xBC, 0xCF, 0x8D, 0x07, 0x09, 0x85, 0x00, 0xD0,
    0xD9, 0x53, 0xEE, 0x66, 0x3A, 0x7B, 0x84, 0x74, 0x89, 0xFA, 0x16, 0x47, 0x92, 0x67, 0x58, 0x18,
    0x4E, 0x3A, 0xD3, 0xF8, 0xF0, 0x36, 0xBF, 0xF2, 0xBB, 0x4A, 0x3A, 0x47, 0x5D, 0x09, 0x5F, 0x80,
    0x7E, 0x22, 0x4F, 0x21, 0x69, 0x23, 0xD3, 0x69, 0xA3, 0xA7, 0xF9, 0x24, 0x3D, 0x6E, 0x7B, 0xE6,
    0xBA, 0x5A, 0x39, 0xAE, 0xA8, 0xA8, 0x1D, 0x80, 0x3D, 0xFB, 0x09, 0xEE, 0xCD, 0xDF, 0x16, 0xCF,
    0xD9, 0x0F, 0xCF, 0x2C, 0xCB, 0x01, 0x75, 0xB8, 0xDE, 0xC2, 0x7E, 0xCF, 0x03, 0x1F, 0xE7, 0x0B,
    0x64, 0x0B, 0x37, 0xC0, 0x3B, 0x7C, 0xE5, 0xB7, 0xC4, 0x73, 0x4A, 0x2B, 0x1B, 0xE4, 0xCA, 0x05,
    0x85, 0x0A, 0x1D, 0x31, 0x1B, 0x1B, 0x67, 0xE9, 0xB7, 0xC6, 0x73, 0xFC, 0xA7, 0x06, 0xCD, 0xFC,
    0xF4, 0xD1, 0xAD, 0xA1, 0x07, 0xD8, 0x21, 0xCE, 0x31, 0x50, 0x4C, 0x31, 0x6E, 0x9F, 0x1E, 0xAF,
    0xBE, 0xD4, 0x9C, 0xB4, 0x54, 0x4B, 0xE7, 0x32, 0xB5, 0xD8, 0x16, 0x39, 0x06, 0xE8, 0x1C, 0x7B,
    0xEC, 0x6B, 0x83, 0xC6, 0xE7, 0x2B, 0x98, 0xB9, 0x58, 0xA0, 0x5A, 0x0B, 0x0F, 0xC5, 0x5A, 0x05,
    0xDD, 0x4D, 0x3C, 0x96, 0x6B, 0x07, 0xE8, 0x7E, 0x0F, 0x74, 0x02, 0xB0, 0x51, 0x9B, 0x0D, 0xC0,
    0xAC, 0xB7, 0x37, 0x9F, 0x94, 0x73, 0x8C, 0xFD, 0xD3, 0x83, 0xAD, 0x19, 0x6F, 0x0F, 0xBF, 0x4C,
    0x71, 0xE7, 0x0E, 0x94, 0x5A, 0xA2, 0x4E, 0x40, 0xBE, 0x03, 0xF0, 0x57, 0x2D, 0xD0, 0x28, 0xE8,
    0x90, 0x7A, 0x8F, 0x9A, 0x47, 0xE5, 0x05, 0x9A, 0xE9, 0x3A, 0x18, 0xD4, 0x0A, 0xC7, 0x4F, 0x33,
    0x17, 0x72, 0x08, 0xBA, 0x29, 0x68, 0xE3, 0x83, 0x9A, 0xF9, 0xD0, 0xE8, 0xF7, 0xD3, 0xF4, 0xA8,
    0xE3, 0xD1, 0xF1, 0xC0, 0x81, 0x1D, 0xE3, 0x8C, 0x39, 0xB4, 0x5C, 0xA8, 0x45, 0x9D, 0x36, 0x50,
    0xAD, 0x19, 0x94, 0xEF, 0x2D, 0x08, 0xE0, 0xC5, 0x7A, 0x9C, 0xFB, 0xAD, 0xB6, 0x43, 0x8F, 0x54,
    0x4D, 0xD5, 0x04, 0xC6, 0x9B, 0x19, 0xEA, 0xB9, 0x9E, 0x8F, 0x38, 0x96, 0x9F, 0xA7, 0xCF, 0xE3,
    0x37, 0xFB, 0x7F, 0xE5, 0x9C, 0x01, 0xA4, 0x26, 0x59, 0x9B, 0xDF, 0x7F, 0x55, 0xF5, 0xF5, 0x2D,
    0xBA, 0x24, 0xF5, 0x61, 0x36, 0x64, 0x2F, 0x53, 0x01, 0x24, 0x5F, 0x7C, 0x53, 0x01, 0x40, 0x77,
    0x9F, 0x4A, 0x02, 0x80, 0x6D, 0x7C, 0x02, 0xB0, 0xC1, 0x40, 0x22, 0xB6, 0x83, 0x60, 0x30, 0x33,
    0x55, 0x12, 0x04, 0x90, 0x0B, 0x0B, 0x40, 0x63, 0xF0, 0xED, 0x8A, 0x5D, 0x18, 0x0C, 0xBA, 0xA7,
    0x8A, 0xC5, 0x22, 0xD8, 0x62, 0x01, 0xC1, 0x56, 0xA4, 0xED, 0x62, 0x31, 0x67, 0x29, 0x54, 0xAF,
    0xAA, 0x7A, 0x72, 0xFF, 0x9E, 0xBE, 0xEF, 0x7B, 0xDF, 0xB9, 0x3D, 0xDD, 0xC9, 0x4C, 0xF7, 0x4D,
    0x77, 0xCF, 0x51, 0xEF, 0xFF, 0x77, 0xDE, 0x53, 0xA7, 0xCE, 0x7B, 0x9E, 0xE7, 0x39, 0xE7, 0x55,
    0xEF, 0x39, 0x75, 0x2F, 0x98, 0x2D, 0x70, 0x8A, 0x57, 0xA7, 0x6C, 0x97, 0x52, 0x98, 0x94, 0xD2,
    0x1A, 0xA1, 0xB2, 0x41, 0xA8, 0x5B, 0x81, 0x10, 0x26, 0xE1, 0x8B, 0x2A, 0x0A, 0x6B, 0x39, 0x0B,
    0x4B, 0xA1, 0xA6, 0x93, 0x39, 0x5F, 0xD5, 0x48, 0xCC, 0x76, 0x61, 0x4A, 0x4D, 0x6D, 0x8D, 0xA8,
    0x99, 0x72, 0xC0, 0x3A, 0xA8, 0x3A, 0xD4, 0x4C, 0x6D, 0x66, 0x23, 0x84, 0x4B, 0x44, 0x68, 0x1D,
    0x4F, 0xA1, 0x5C, 0x60, 0x85, 0x62, 0x25, 0x59, 0x20, 0xDB, 0xC8, 0x66, 0xD4, 0xA9, 0x2C, 0x42,
    0x62, 0x14, 0x13, 0x60, 0x5D, 0x35, 0xE9, 0xDD, 0xD8, 0xAF, 0xEA, 0xE2, 0xFA, 0x02, 0xDE, 0x7F,
    0x35, 0x74, 0x94, 0x97, 0xA6, 0x73, 0x6B, 0x48, 0xCC, 0x66, 0x0A, 0xB3, 0x95, 0x7A, 0x2E, 0x36,
    0xC2, 0x98, 0xEE, 0x84, 0x01, 0xE3, 0xE3, 0x06, 0x03, 0x90, 0x9C, 0x99, 0x5E, 0x06, 0xBD, 0x19,
    0xB9, 0x5D, 0x18, 0xD5, 0x8C, 0x11, 0x46, 0xC9, 0x80, 0xC9, 0x12, 0xE5, 0xB2, 0x4B, 0x99, 0x2B,
    0x6B, 0x64, 0xD4, 0x5E, 0xDA, 0xD2, 0x6E, 0x89, 0xFA, 0x48, 0x32, 0x71, 0x0F, 0x20, 0xF2, 0x8D,
    0xB0, 0xA5, 0xB3, 0xD0, 0x7A, 0xBF, 0x6A, 0x1B, 0x85, 0x7C, 0xFF, 0xB0, 0xA2, 0x90, 0x76, 0x7C,
    0x4A, 0x36, 0x30, 0x93, 0x4D, 0x44, 0xF5, 0x25, 0x82, 0x3E, 0x85, 0x5E, 0xFD, 0xAF, 0x76, 0x80,
    0xE6, 0xD6, 0x43, 0xF1, 0x6A, 0x97, 0x3A, 0x42, 0x3B, 0x09, 0x6D, 0x88, 0xC2, 0xD3, 0x6A, 0x16,
    0x56, 0xF9, 0x82, 0x64, 0x29, 0x56, 0x20, 0x9B, 0xF3, 0xCD, 0x3D, 0x6B, 0x6A, 0xCB, 0x3D, 0x5B,
    0x8E, 0x58, 0xE7, 0x9E, 0x95, 0x4B, 0x3B, 0xDA, 0x1B, 0x2E, 0xED, 0x2F, 0xB1, 0xC0, 0x06, 0xE5,
    0x4A, 0xB2, 0x42, 0xBE, 0x91, 0x2E, 0x07, 0x97, 0xA6, 0x86, 0xBC, 0x84, 0x35, 0xE5, 0x04, 0xF4,
    0x43, 0xBB, 0x02, 0x61, 0xED, 0x1D, 0x28, 0xDD, 0x97, 0xC0, 0x13, 0xC7, 0x2C, 0xD1, 0xB5, 0x4A,
    0xF9, 0xE4, 0xA6, 0xBD, 0x40, 0x7C, 0x88, 0x60, 0x93, 0x90, 0xB9, 0x69, 0xC9, 0x7E, 0x6B, 0xBE,
    0x5E, 0x80, 0x74, 0x02, 0x8A, 0x01, 0xA8, 0x1A, 0x20, 0x00, 0x7C, 0x29, 0xE9, 0x13, 0xC9, 0x9F,
    0x48, 0x76, 0x9D, 0x50, 0xE5, 0xBB, 0x17, 0x40, 0x62, 0xCD, 0xB5, 0x81, 0x9F, 0x2F, 0x52, 0x4A,
    0xB7, 0xA8, 0xEA, 0x8E, 0x1E, 0x78, 0x79, 0x3A, 0xB3, 0xBF, 0x6F, 0x20, 0xE9, 0xCD, 0x76, 0x64,
    0x9E, 0x19, 0x84, 0x8D, 0xDC, 0x40, 0xF6, 0xF7, 0x28, 0x50, 0x04, 0x34, 0x2F, 0xA8, 0xF0, 0xC9,
    0x42, 0x19, 0xBD, 0x79, 0x47, 0x3D, 0x49, 0x09, 0xE3, 0x2B, 0x30, 0x39, 0x5E, 0x5C, 0xE0, 0xA8,
    0x5E, 0x34, 0xB6, 0xBA, 0xF7, 0xDD, 0x80, 0xCC, 0xCD, 0x49, 0x14, 0x84, 0x33, 0x68, 0xF7, 0x26,
    0xE9, 0xA1, 0xF4, 0x9E, 0x25, 0x1A, 0x0D, 0x78, 0xAF, 0x85, 0x3F, 0xF2, 0xCB, 0xBD, 0x27, 0xF2,
    0x30, 0xB4, 0x3A, 0xB1, 0xA1, 0xB9, 0x7C, 0x32, 0x5F, 0x92, 0x7E, 0x81, 0xDA, 0xAC, 0xC1, 0xCC,
    0x86, 0x6C, 0xA3, 0xEF, 0x8A, 0x28, 0x8B, 0x46, 0xA0, 0xD6, 0x95, 0xA1, 0x3B, 0x91, 0xF6, 0x20,
    0x5E, 0x36, 0x48, 0x46, 0xEF, 0xBD, 0xCF, 0xF3, 0xA6, 0xB0, 0xE6, 0xBC, 0x4B, 0xCD, 0x03, 0xBE,
    0xC8, 0x84, 0x06, 0xC0, 0x38, 0x8E, 0x9F, 0xAB, 0xD1, 0x54, 0xFD, 0xE5, 0x2C, 0x04, 0x56, 0x61,
    0x25, 0x7C, 0x90, 0x11, 0x49, 0x14, 0x10, 0x9F, 0xE1, 0xEA, 0x6B, 0xF5, 0x9D, 0xE6, 0xF3, 0x7F,
    0x8D, 0xF0, 0x6D, 0xB2, 0xC0, 0xC2, 0x53, 0x78, 0xC8, 0xEF, 0xDC, 0x7E, 0x44, 0xBE, 0xC5, 0x2D,
    0xE8, 0x84, 0xD4, 0x91, 0x08, 0x7E, 0xEE, 0x43, 0x0C, 0x85, 0x5B, 0xBC, 0x79, 0x3C, 0x24, 0x8D,
    0xC4, 0xBF, 0xD0, 0x8E, 0xE9, 0xD6, 0x43, 0xB1, 0x12, 0x8E, 0xF3, 0x40, 0xB3, 0xE2, 0xE6, 0x37,
    0x2E, 0xF6, 0x41, 0x46, 0x24, 0x79, 0xCC, 0x3F, 0x83, 0x95, 0x15, 0xDA, 0x4C, 0xEE, 0xFE, 0x8B,
    0xA8, 0x8A, 0x03, 0xE4, 0xD6, 0xE1, 0xB1, 0xE1, 0x37, 0xEF, 0x59, 0x44, 0x82, 0x99, 0x7D, 0xE5,
    0xB0, 0x8E, 0x33, 0x61, 0x06, 0x6B, 0x92, 0x7E, 0x17, 0x28, 0xAC, 0x11, 0x12, 0x1B, 0x04, 0xDA,
    0x49, 0x90, 0x5F, 0x85, 0xCA, 0x51, 0xCE, 0x8E, 0xE5, 0x3A, 0x8A, 0x9B, 0x38, 0x56, 0x99, 0x1D,
    0x27, 0xAD, 0x04, 0x6F, 0xBA, 0x1D, 0x84, 0xC4, 0x1A, 0x21, 0xDF, 0xBD, 0x2F, 0x8B, 0xF7, 0x6C,
    0x42, 0xFD, 0xDC, 0x41, 0xB8, 0x00, 0xA5, 0x5F, 0x4B, 0xC8, 0x37, 0x0D, 0x18, 0xEA, 0x2D, 0x5F,
    0x80, 0x6A, 0x2D, 0xA2, 0x0A, 0x1D, 0xD9, 0x5A, 0x8E, 0x8E, 0xC1, 0xD1, 0x39, 0x40, 0xB8, 0xA3,
    0x50, 0xFD, 0xCD, 0xAA, 0xAB, 0xCC, 0x84, 0x5E, 0x20, 0xB5, 0xA6, 0x5E, 0xD5, 0x04, 0xC5, 0x8A,
    0x7A, 0x9A, 0x5D, 0xA2, 0x9A, 0x04, 0x85, 0xE6, 0x26, 0xDA, 0x9B, 0x38, 0x56, 0x19, 0x1D, 0xDE,
    0x4A, 0xBD, 0x22, 0x94, 0xF6, 0x87, 0x8F, 0x36, 0xC8, 0x65, 0x98, 0x0C, 0xB6, 0x5D, 0x9E, 0xAF,
    0xAD, 0x13, 0xDE, 0x44, 0x70, 0xE6, 0x97, 0x04, 0xA7, 0x58, 0x82, 0x59, 0xA4, 0x58, 0x4F, 0x70,
    0x1A, 0xA3, 0xD7, 0x06, 0x87, 0xD3, 0xE0, 0xAC, 0x3F, 0x18, 0x9C, 0xE4, 0x4F, 0xA4, 0xED, 0x26,
    0xED, 0xA5, 0xE4, 0x52, 0x52, 0x69, 0x65, 0xB6, 0x9C, 0xA8, 0x97, 0xBB, 0x26, 0xFD, 0x5F, 0x6F,
    0xA8, 0xF8, 0x52, 0x7B, 0x69, 0x6A, 0x5D, 0xBD, 0xA1, 0x70, 0x6C, 0x28, 0x1A, 0x1B, 0xD5, 0x24,
    0xAD, 0x47, 0xD5, 0x0F, 0xC3, 0x2B, 0xD5, 0xEB, 0x4C, 0xD2, 0x3A, 0x4A, 0xAB, 0x45, 0xAA, 0xE9,
    0x64, 0x5D, 0x66, 0xB6, 0xD9, 0x8C, 0xD9, 0x68, 0x23, 0xE7, 0x1B, 0xDF, 0x28, 0x08, 0xC6, 0xA9,
    0xBE, 0x62, 0xF6, 0xD8, 0xE8, 0x7A, 0x6E, 0xD2, 0x6C, 0x83, 0x52, 0x4A, 0x21, 0x25, 0xBD, 0x90,
    0xC2, 0x6B, 0xD4, 0xCC, 0xD6, 0x53, 0xF5, 0xF2, 0xD7, 0x6A, 0xF2, 0x50, 0x9A, 0x47, 0x69, 0x31,
    0x79, 0x1F, 0xC2, 0x51, 0x07, 0x50, 0x52, 0x8B, 0x47, 0x79, 0x59, 0x92, 0x33, 0xE4, 0xEA, 0x99,
    0x54, 0xEE, 0xCE, 0xB7, 0xD4, 0xE4, 0xE7, 0xBE, 0xA9, 0x06, 0x42, 0x17, 0x2E, 0x65, 0x08, 0x1D,
    0xF5, 0x10, 0xD4, 0x74, 0x7B, 0x94, 0x57, 0x7D, 0x5F, 0x91, 0x5B, 0x97, 0x8F, 0xA9, 0x06, 0x2F,
    0xAD, 0x22, 0x79, 0x66, 0x9D, 0x26, 0x6C, 0xD1, 0xC0, 0x27, 0x94, 0xAA, 0xD5, 0xB5, 0x52, 0xDB,
    0x65, 0x8D, 0xF7, 0xAC, 0x9F, 0xDE, 0x37, 0x17, 0x27, 0x17, 0xFC, 0x53, 0x92, 0xC8, 0x3D, 0x98,
    0x79, 0x02, 0x5B, 0xB2, 0xE0, 0xBF, 0x74, 0x83, 0x4D, 0x50, 0xC8, 0x68, 0x7E, 0x79, 0xEB, 0x7E,
    0xA6, 0x96, 0xD0, 0x8F, 0x52, 0x93, 0x2A, 0xEF, 0xE5, 0xEF, 0xF1, 0x50, 0x4E, 0x0F, 0x77, 0x44,
    0xB9, 0x79, 0x4E, 0x65, 0xFF, 0xFF, 0xC6, 0xF3, 0xFB, 0xE1, 0xB7, 0xFB, 0x12, 0xBE, 0x91, 0x24,
    0x51, 0x9A, 0x4D, 0xD2, 0x62, 0x90, 0x96, 0x2F, 0xB4, 0x91, 0xDA, 0x80, 0xB4, 0x73, 0xB7, 0xBE,
    0x5D, 0x37, 0x0E, 0xB4, 0x66, 0x72, 0xE3, 0x53, 0x80, 0x15, 0x48, 0x67, 0xFF, 0x6D, 0x2F, 0xDF,
    0xA9, 0xFA, 0x24, 0xF9, 0x7B, 0xCD, 0x22, 0x1B, 0xE5, 0xA3, 0x0E, 0xF8, 0x23, 0x08, 0x54, 0x1D,
    0x54, 0x43, 0xAB, 0x8A, 0x7F, 0xB7, 0xA2, 0x53, 0xBA, 0x12, 0x9B, 0xA4, 0xED, 0xF0, 0x7E, 0x8E,
    0xF0, 0xF4, 0x31, 0xFF, 0x0E, 0xBF, 0xC3, 0xEC, 0xB3, 0x19, 0xC2, 0x5F, 0x4C, 0xBE, 0x50, 0xE3,
    0x61, 0xF0, 0x15, 0x82, 0xDF, 0xDC, 0xFE, 0x37, 0x09, 0xD6, 0x48, 0x53, 0x1B, 0x84, 0xDC, 0xA2,
    0x50, 0xFE, 0xE5, 0x22, 0x84, 0x66, 0x13, 0x9E, 0xBE, 0xF2, 0x07, 0xF1, 0xAE, 0xEB, 0xBF, 0x77,
    0xCF, 0xDF, 0x9C, 0x19, 0x28, 0xAA, 0xED, 0xC9, 0x3D, 0x7F, 0xFD, 0xE3, 0xEE, 0xF9, 0x7B, 0xEB,
    0xC2, 0x04, 0xE6, 0x38, 0xB7, 0x4E, 0x36, 0xD1, 0x77, 0xD5, 0x8C, 0x50, 0xAE, 0x08, 0xC5, 0x86,
    0x90, 0x59, 0x23, 0x24, 0x36, 0x09, 0xB4, 0xF6, 0x87, 0xFF, 0xC6, 0x3A, 0x4A, 0x93, 0xDD, 0x24,
    0x97, 0xBA, 0x7B, 0xAF, 0x1F, 0x02, 0x7F, 0x7C, 0xFC, 0xC5, 0x99, 0xBF, 0x98, 0x1B, 0x11, 0xA8,
    0xFF, 0x6C, 0x3E, 0xDC, 0x73, 0xAF, 0xB4, 0xC0, 0x43, 0xEE, 0x5C, 0xB3, 0xD8, 0x0C, 0x5A, 0x69,
    0x62, 0xD2, 0x6C, 0x4F, 0xEC, 0x4F, 0x29, 0x66, 0xC2, 0x20, 0xC3, 0x6A, 0x29, 0xD5, 0x48, 0x39,
    0x49, 0x3D, 0xAF, 0xF2, 0x11, 0xAF, 0xA3, 0xFA, 0xDE, 0x15, 0xD4, 0xCE, 0x02, 0x7C, 0xA2, 0x3E,
    0xA4, 0xF1, 0xB8, 0xEA, 0x55, 0x3E, 0x97, 0x16, 0x26, 0xEF, 0xE6, 0x66, 0xB6, 0x90, 0x1E, 0x6F,
    0xC0, 0xC8, 0x9F, 0x37, 0x89, 0x69, 0x2C, 0xD0, 0x36, 0xA1, 0x93, 0xB6, 0x52, 0x34, 0x37, 0x8C,
    0x30, 0x73, 0xBE, 0x52, 0x9B, 0xD9, 0x8C, 0xAE, 0xED, 0xE0, 0x91, 0x3D, 0x03, 0xF8, 0x8C, 0x52,
    0xB8, 0xC7, 0x27, 0x1E, 0xDD, 0xA7, 0x42, 0x65, 0xAB, 0x7F, 0xD6, 0x2C, 0xA8, 0x6B, 0x1F, 0x54,
    0x90, 0x1F, 0x73, 0x17, 0xF8, 0x1A, 0x99, 0xFC, 0x84, 0xFB, 0xC0, 0x03, 0x56, 0xE4, 0xC8, 0x05,
    0x19, 0x1F, 0x0F, 0xC1, 0xE7, 0x23, 0x3E, 0x84, 0x20, 0xF3, 0xA5, 0x04, 0xAE, 0x16, 0x52, 0x86,
    0xE3, 0x3B, 0x9D, 0xFB, 0x30, 0x67, 0xB2, 0x27, 0x3B, 0xCE, 0xE7, 0x4C, 0xEA, 0x79, 0x2F, 0x3F,
    0xA6, 0x0F, 0x22, 0xC8, 0x69, 0xE3, 0x0E, 0x77, 0x3C, 0x91, 0xC0, 0xEA, 0xB0, 0xE6, 0x3A, 0x1E,
    0x7C, 0x98, 0xB1, 0xAE, 0x3A, 0xE9, 0x17, 0x12, 0x66, 0x49, 0xB2, 0x20, 0x35, 0xD7, 0x46, 0xB0,
    0x0F, 0x29, 0xE2, 0x61, 0x90, 0x82, 0x45, 0x29, 0xA9, 0x2D, 0x02, 0xF9, 0xDF, 0x6D, 0x02, 0xE5,
    0xD0, 0x7A, 0x35, 0xCA, 0xE1, 0x55, 0x3F, 0x6A, 0x77, 0x79, 0x75, 0xB8, 0xE2, 0x99, 0x29, 0xDC,
    0x0B, 0x58, 0xA3, 0x88, 0xBE, 0x01, 0x2A, 0xDD, 0xE0, 0x1B, 0x6B, 0x3F, 0xB1, 0x0B, 0x68, 0x67,
    0xD9, 0x41, 0x71, 0xCD, 0x0E, 0xA8, 0x26, 0x80, 0xB0, 0x1C, 0xD6, 0x23, 0x92, 0xCD, 0x80, 0x6C,
    0x96, 0x93, 0xCB, 0xB1, 0x18, 0xE1, 0x77, 0x9B, 0xF4, 0x31, 0x27, 0xE9, 0x3F, 0x48, 0x8A, 0x55,
    0x1A, 0xAE, 0xA9, 0x97, 0x64, 0xAF, 0xD1, 0x33, 0xEB, 0x2E, 0xB5, 0xF5, 0x3D, 0x59, 0x5B, 0x0E,
    0x77, 0x8D, 0x17, 0xE7, 0x9B, 0xEA, 0x64, 0xBB, 0x34, 0x79, 0x13, 0xAA, 0x6D, 0x35, 0x6B, 0xCC,
    0xA6, 0x60, 0xB3, 0xD4, 0x96, 0x60, 0x76, 0x88, 0xA3, 0xFC, 0xA0, 0x51, 0x49, 0x3D, 0xBB, 0x9F,
    0xAA, 0xE9, 0xC0, 0x60, 0x4A, 0x36, 0x7C, 0x9F, 0xC7, 0x7A, 0x2F, 0xE5, 0xAB, 0xE3, 0x58, 0xFD,
    0x74, 0xDE, 0x8C, 0xA3, 0xDB, 0xC3, 0x23, 0x80, 0xDA, 0xA4, 0x41, 0xCA, 0x99, 0x14, 0xA4, 0xB4,
    0x66, 0xD3, 0x89, 0x7A, 0xF9, 0x51, 0xFB, 0x09, 0x2C, 0xB7, 0x15, 0xAC, 0xB6, 0x1D, 0xAC, 0x37,
    0x03, 0x7B, 0x76, 0x66, 0x0D, 0xCA, 0x74, 0xD2, 0xF6, 0x0D, 0x68, 0x62, 0x0D, 0xFD, 0x18, 0x6C,
    0x29, 0x6D, 0x93, 0xDA, 0x5E, 0x8C, 0x25, 0xF5, 0x5C, 0x12, 0xF6, 0x9A, 0xCF, 0xDB, 0x9D, 0x6F,
    0xCA, 0x95, 0xAF, 0xD3, 0xF9, 0xC6, 0xEC, 0xD3, 0xEB, 0x5C, 0x53, 0xDA, 0x9A, 0x37, 0xFD, 0x92,
    0x57, 0x0F, 0x9F, 0xA1, 0x94, 0xC7, 0x7C, 0x28, 0xB7, 0xA2, 0xAB, 0xEC, 0xF7, 0x9A, 0xBA, 0x36,
    0xEE, 0x17, 0xC6, 0xBD, 0x64, 0xE5, 0x24, 0x9D, 0x4D, 0x24, 0xFD, 0x44, 0x61, 0x13, 0xB9, 0x4D,
    0xBE, 0x90, 0x50, 0x8F, 0x50, 0xFD, 0x3F, 0xBE, 0xDA, 0x67, 0xE4, 0x66, 0x7A, 0x35, 0xC1, 0x76,
    0x3F, 0xB8, 0x96, 0xBC, 0x44, 0xA6, 0x5B, 0xF3, 0x53, 0x8E, 0x4B, 0x23, 0x0F, 0x8D, 0xF7, 0xB6,
    0xFB, 0xC1, 0xF5, 0x74, 0xDE, 0x9D, 0x59, 0x57, 0x5B, 0x57, 0x59, 0x97, 0x2A, 0x4E, 0x0D, 0xED,
    0x6B, 0x0F, 0x35, 0x5B, 0xD9, 0x5A, 0xD9, 0xF6, 0x19, 0xE5, 0x3D, 0x3E, 0x09, 0xCD, 0xD3, 0xCA,
    0xD6, 0xC2, 0xE6, 0xC4, 0xBA, 0xB7, 0xD4, 0xFF, 0xC7, 0xDC, 0xFD, 0x9A, 0x8F, 0x3F, 0xE7, 0xFE,
    0x03, 0x9E, 0x68, 0x0C, 0x59, 0xCC, 0x6D, 0xE0, 0xA3, 0x37, 0x60, 0xC2, 0x9B, 0x77, 0xF5, 0x3D,
    0xF8, 0x4F, 0x10, 0x49, 0x27, 0xB2, 0x91, 0xDC, 0x8F, 0xD8, 0x64, 0x36, 0x24, 0x3B, 0xE9, 0x42,
    0x6E, 0x14, 0x3A, 0x94, 0x49, 0x97, 0xD3, 0x41, 0xBF, 0x13, 0x36, 0x2D, 0xBE, 0xA6, 0x57, 0x47,
    0xF2, 0xFA, 0x83, 0x7C, 0x6F, 0x5A, 0x8B, 0xAD, 0xCD, 0x2C, 0xA4, 0x51, 0x1F, 0x57, 0x0E, 0xD4,
    0x1D, 0xA1, 0x23, 0xFC, 0xAD, 0x3C, 0x53, 0xEE, 0xA4, 0x5F, 0x41, 0x0B, 0xD6, 0x25, 0x36, 0x5C,
    0x2A, 0x5F, 0xBE, 0xCD, 0xC1, 0xF6, 0x07, 0x9C, 0xEF, 0xF4, 0x3B, 0xED, 0x4E, 0xF1, 0x23, 0xAC,
    0xF0, 0x5B, 0xA9, 0x72, 0x07, 0x82, 0x35, 0xD0, 0x57, 0x03, 0xC9, 0x9A, 0x47, 0xB2, 0x98, 0x2C,
    0x7C, 0x2F, 0xA5, 0x66, 0xD1, 0x45, 0x7E, 0xD3, 0xB5, 0x6F, 0x43, 0x16, 0xA0, 0x58, 0x78, 0x40,
    0x19, 0x69, 0x87, 0x76, 0xA2, 0x35, 0x1B, 0x90, 0xAD, 0xFE, 0x45, 0xC0, 0xAF, 0x3A, 0x68, 0x23,
    0xD8, 0x42, 0xBA, 0xAF, 0x64, 0x73, 0x4F, 0x39, 0xD6, 0x4D, 0xDD, 0x94, 0xC3, 0xEF, 0x90, 0x34,
    0x28, 0x25, 0x11, 0xD5, 0xC9, 0xD4, 0x61, 0x8B, 0xBE, 0x2B, 0x57, 0xBE, 0xC1, 0x57, 0x35, 0xFA,
    0x9D, 0x8F, 0xE1, 0x4B, 0x56, 0xB3, 0x2F, 0x69, 0x65, 0x27, 0xDF, 0xA8, 0x0B, 0xCE, 0x99, 0x33,
    0x1B, 0x7D, 0x5D, 0xC3, 0x1A, 0x54, 0x5F, 0xCC, 0x67, 0x67, 0x35, 0x39, 0xDB, 0x0E, 0x31, 0x31,
    0x10, 0xB3, 0xD5, 0x59, 0x46, 0x67, 0x18, 0x9D, 0xD6, 0x20, 0xDA, 0xCE, 0x29, 0x5F, 0x94, 0x37,
    0x36, 0x3A, 0xDB, 0xE8, 0xAC, 0x56, 0x67, 0x61, 0xCE, 0xD4, 0x3A, 0x44, 0x6C, 0x74, 0x86, 0xD9,
    0x59, 0xAE, 0xCE, 0xCC, 0x40, 0xDF, 0xD8, 0xC9, 0x95, 0xD7, 0xCD, 0x10, 0x13, 0x33, 0x5E, 0x92,
    0xAA, 0xC6, 0x19, 0x06, 0x67, 0x3D, 0x3A, 0x73, 0x27, 0xD9, 0xE0, 0xAC, 0x3A, 0xE7, 0x17, 0x8E,
    0x9B, 0xF7, 0x3B, 0xF5, 0x2A, 0x6D, 0xD7, 0x63, 0x3E, 0x97, 0x92, 0xBD, 0x4E, 0x5B, 0xEB, 0x2E,
    0xB5, 0x97, 0x52, 0x3D, 0x57, 0x49, 0x3D, 0x49, 0xFB, 0xEE, 0x52, 0xD3, 0x5D, 0x75, 0x8A, 0x45,
    0x2A, 0x4F, 0x67, 0x66, 0x03, 0xD2, 0x11, 0x69, 0x54, 0x79, 0xB9, 0x4A, 0xF3, 0x5D, 0x9A, 0x5A,
    0x83, 0xAE, 0x1D, 0xA4, 0x61, 0x92, 0x96, 0x8B, 0x34, 0xDF, 0x74, 0xA4, 0xD6, 0x99, 0x4D, 0xD8,
    0x2C, 0x0D, 0x0B, 0x27, 0x29, 0xBF, 0x90, 0x7A, 0xC0, 0xAA, 0x59, 0x9A, 0x49, 0x21, 0x4A, 0x12,
    0x29, 0xE7, 0x83, 0xF4, 0x63, 0x0E, 0xE9, 0x0F, 0x08, 0x16, 0x6B, 0x0D, 0x93, 0xA9, 0xDF, 0x35,
    0x33, 0xC3, 0xA6, 0xCB, 0xF2, 0x8D, 0xD2, 0x77, 0x8F, 0x3A, 0xE9, 0x97, 0x48, 0x57, 0xA9, 0x3F,
    0xC2, 0x64, 0x23, 0x52, 0xCF, 0xAF, 0x2A, 0xCF, 0x77, 0x69, 0xEA, 0x23, 0xAC, 0x1F, 0xA5, 0x21,
    0x4A, 0xCB, 0x55, 0x9A, 0x19, 0xA9, 0x82, 0xD8, 0xB5, 0x16, 0x53, 0x5B, 0x5B, 0x9B, 0x2F, 0x55,
    0xA5, 0x40, 0xB1, 0x1E, 0x3B, 0x5E, 0x0F, 0xD2, 0x70, 0x5C, 0xBC, 0xBD, 0x99, 0x82, 0x2D, 0x07,
    0x3D, 0x37, 0x19, 0x9D, 0x6D, 0xDC, 0xAA, 0xDE, 0xED, 0xA4, 0x95, 0x94, 0xD0, 0x15, 0xA6, 0xE1,
    0x5F, 0x4B, 0x71, 0x25, 0x35, 0x90, 0x43, 0x14, 0xF8, 0x72, 0x42, 0x5E, 0xE4, 0x01, 0xF0, 0x29,
    0xC7, 0xF4, 0x8F, 0xD4, 0x7B, 0x68, 0xFD, 0x45, 0x6E, 0xC0, 0x5B, 0x7C, 0x25, 0xD6, 0xE0, 0xDF,
    0x09, 0xEB, 0xFB, 0xE0, 0xC1, 0x93, 0x14, 0x24, 0xF4, 0x9D, 0xB4, 0xBD, 0xB6, 0x80, 0x5F, 0x74,
    0xD2, 0x5A, 0xC2, 0x72, 0xCD, 0xB3, 0x72, 0x6C, 0xAB, 0x03, 0x79, 0xF5, 0x0D, 0x1C, 0xF2, 0x5E,
    0xB0, 0x45, 0xBE, 0xF3, 0xF4, 0x6B, 0x2F, 0xEF, 0x14, 0xD9, 0xB2, 0xA1, 0x82, 0xA7, 0x30, 0xE1,
    0x5E, 0x4D, 0x77, 0xA4, 0xAB, 0x7C, 0x9B, 0xAD, 0xF8, 0x13, 0x95, 0xD2, 0x88, 0x74, 0x94, 0xE6,
    0x03, 0xD2, 0x8E, 0xDB, 0xF7, 0xAD, 0x8F, 0xBC, 0x74, 0x6F, 0x2D, 0xDD, 0x5A, 0xCB, 0xD6, 0xDC,
    0xB2, 0x19, 0xCB, 0x22, 0x96, 0x4D, 0x58, 0x3E, 0xF8, 0x2B, 0x79, 0xB7, 0x46, 0x5E, 0xB2, 0x49,
    0x33, 0x3B, 0x55, 0x95, 0xBF, 0x59, 0xEF, 0xBC, 0xA1, 0x79, 0x99, 0xCF, 0x58, 0xB9, 0x62, 0xE5,
    0xE6, 0xCC, 0x97, 0xFF, 0x1B, 0xEF, 0xF4, 0xB6, 0x82, 0xF4, 0xE0, 0x9D, 0xC4, 0x78, 0xB5, 0xFE,
    0x52, 0x9A, 0x44, 0x69, 0x25, 0xB5, 0xBE, 0x93, 0x6E, 0x48, 0xC7, 0xC3, 0x33, 0xB0, 0xAD, 0x94,
    0x5D, 0xCA, 0xFF, 0x7A, 0x45, 0x9B, 0x69, 0x27, 0x2D, 0x07, 0x69, 0x35, 0x9C, 0xC9, 0x23, 0x43,
    0x7F, 0xD4, 0x8E, 0xF3, 0xE6, 0xDC, 0xE8, 0x5F, 0x35, 0xB7, 0xCE, 0xB0, 0x8F, 0xB1, 0x6F, 0xB1,
    0x05, 0x9B, 0xB0, 0x26, 0x37, 0x2A, 0xD5, 0xE7, 0x33, 0xE3, 0xDF, 0xBE, 0x76, 0x6E, 0xF5, 0xE3,
    0x71, 0x9D, 0xF6, 0xDA, 0x3E, 0x67, 0x36, 0x3B, 0x8B, 0xD1, 0x59, 0x36, 0xFC, 0x70, 0xAA, 0x2C,
    0x52, 0x98, 0x5D, 0x72, 0x46, 0x2C, 0x6C, 0x25, 0xE9, 0x9F, 0x83, 0xDC, 0x52, 0x0F, 0x60, 0xE6,
    0xDC, 0xAC, 0x73, 0xB6, 0x83, 0x33, 0x4C, 0xCE, 0x32, 0x3A, 0x8B, 0xC5, 0x99, 0x6D, 0xCE, 0xD4,
    0x9C, 0x58, 0xE3, 0x6C, 0x07, 0x67, 0x18, 0x9D, 0x55, 0x74, 0x16, 0x8B, 0x33, 0x5B, 0x9D, 0xE9,
    0xEE, 0xC4, 0x9C, 0xB4, 0x7F, 0xEA, 0x0C, 0xDF, 0x39, 0x2B, 0x73, 0x16, 0x97, 0x4C, 0xF6, 0x86,
    0xEC, 0x92, 0xC1, 0x66, 0x52, 0xD1, 0x16, 0xD0, 0x79, 0xF8, 0xF7, 0x17, 0x52, 0x05, 0x56, 0x6E,
    0x3B, 0x0C, 0xEC, 0x7C, 0x3E, 0x3A, 0xC7, 0x5D, 0xF3, 0x0B, 0xAE, 0x52, 0xF2, 0x75, 0xF2, 0x6D,
    0xC3, 0xA3, 0xA5, 0xB6, 0x88, 0xED, 0x66, 0x2B, 0xAD, 0x99, 0xED, 0x64, 0xDA, 0x13, 0x94, 0x83,
    0x53, 0x29, 0xBC, 0x09, 0xCD, 0x77, 0x75, 0xAB, 0xB5, 0x58, 0xDB, 0xDA, 0x9B, 0xF4, 0x83, 0x8D,
    0xC5, 0xCD, 0x54, 0x75, 0x3F, 0xEE, 0x56, 0xF4, 0x97, 0x0E, 0xDE, 0x91, 0x88, 0x71, 0x92, 0x8A,
    0x4E, 0x5A, 0x4D, 0xD2, 0x3A, 0x4A, 0x73, 0x29, 0xA9, 0xEB, 0x24, 0xAD, 0x06, 0xE9, 0xAF, 0x39,
    0xA6, 0xE0, 0x46, 0xFA, 0x7E, 0xF5, 0xD5, 0x8E, 0xF5, 0x71, 0xCF, 0x1A, 0x6C, 0x72, 0xB6, 0xC3,
    0xCF, 0x71, 0x1E, 0xFB, 0x92, 0x6B, 0x39, 0x96, 0x23, 0x64, 0xB1, 0xEE, 0x20, 0x5D, 0x7B, 0x70,
    0xC3, 0xA0, 0x5D, 0x8E, 0xDE, 0xBE, 0xD3, 0xBC, 0x1B, 0xA3, 0x22, 0x78, 0x2C, 0x90, 0x0D, 0xE2,
    0xF9, 0x21, 0x16, 0xE6, 0x77, 0x63, 0xBB, 0x35, 0x88, 0xAB, 0x0D, 0xCE, 0x76, 0x72, 0x86, 0xD9,
    0x59, 0xAE, 0xCE, 0x7C, 0x77, 0x66, 0xE6, 0xC4, 0x06, 0x67, 0x3F, 0x3A, 0x43, 0x74, 0x56, 0x8B,
    0xB3, 0xD8, 0x9C, 0x99, 0x39, 0x13, 0xFB, 0x6F, 0x22, 0xF4, 0x7F, 0xE5, 0x0C, 0xE6, 0xAC, 0x9C,
    0x94, 0x4E, 0x32, 0x27, 0xA9, 0xC7, 0x02, 0x3C, 0x16, 0xD0, 0x8A, 0x8B, 0x8F, 0x1D, 0xA5, 0xF2,
    0x35, 0xF4, 0xC1, 0x7C, 0x97, 0xBA, 0x11, 0xAB, 0xB1, 0x17, 0xA8, 0x6D, 0xF7, 0x5A, 0xB6, 0x08,
    0xA4, 0x76, 0x01, 0x7C, 0x96, 0x5C, 0xA2, 0x58, 0x4A, 0x9B, 0x69, 0xD7, 0xA0, 0x28, 0xED, 0x8A,
    0x52, 0x69, 0x17, 0xB9, 0xBC, 0x4B, 0xF2, 0x26, 0xA3, 0x24, 0x6D, 0x2D, 0x1E, 0x14, 0xB8, 0xA9,
    0xC9, 0x7E, 0xFC, 0xBD, 0x5A, 0xCC, 0xC7, 0x6F, 0xA6, 0xB6, 0x91, 0x3E, 0x95, 0xF0, 0x2F, 0x38,
    0xA4, 0xD6, 0xB6, 0x1B, 0x78, 0x55, 0xF2, 0x75, 0x5B, 0x12, 0x5F, 0x03, 0x28, 0x2F, 0x11, 0x21,
    0x3C, 0xE7, 0xD1, 0x0A, 0xD6, 0x91, 0x1B, 0xD9, 0x8E, 0x7C, 0x9F, 0xAF, 0x40, 0x3B, 0x96, 0x33,
    0x1A, 0xDC, 0x65, 0x04, 0xAA, 0x58, 0x4D, 0x40, 0x39, 0xD7, 0x42, 0xB1, 0x84, 0x51, 0x58, 0x05,
    0xF2, 0xEF, 0x63, 0xF2, 0x73, 0x5E, 0xB3, 0x8E, 0xE8, 0xBA, 0x2A, 0x0A, 0xB1, 0x5C, 0x50, 0x63,
    0xFA, 0x04, 0xC2, 0x98, 0x19, 0xD0, 0x0F, 0x0A, 0x77, 0x6A, 0xD0, 0x7A, 0x5F, 0xBC, 0x67, 0xDE,
    0x4F, 0xEF, 0xF5, 0xD1, 0x62, 0x3B, 0xCA, 0x0F, 0x6D, 0x8A, 0x4E, 0x5C, 0x2D, 0x43, 0xD8, 0x90,
    0xED, 0x4D, 0x1B, 0xCB, 0x59, 0x9F, 0x3F, 0x91, 0xAF, 0xB5, 0xEE, 0xE8, 0xC3, 0x40, 0xBA, 0x07,
    0x0D, 0x34, 0x89, 0xB5, 0x07, 0xB9, 0x2A, 0x4B, 0xB7, 0x30, 0x6A, 0x15, 0x20, 0x92, 0xAF, 0xE5,
    0x42, 0x39, 0x6B, 0x19, 0x6C, 0x4A, 0xAE, 0x3F, 0x79, 0xA2, 0xF1, 0xF3, 0xB5, 0xFF, 0x3A, 0xFF,
    0x9C, 0xFB, 0xC2, 0x03, 0x9E, 0x08, 0xB5, 0x2D, 0x42, 0x69, 0x51, 0x48, 0xAD, 0xFB, 0xB0, 0xA2,
    0xF0, 0x29, 0x77, 0xFD, 0x31, 0x0C, 0x7F, 0x08, 0x23, 0x34, 0x4F, 0x65, 0xB2, 0x6A, 0xDB, 0x2C,
    0x73, 0x47, 0xE0, 0xA3, 0xDB, 0x0F, 0x45, 0x6A, 0xC5, 0xE6, 0x0F, 0x4E, 0x2F, 0xC2, 0xAC, 0x69,
    0x43, 0x1E, 0x43, 0x23, 0xDB, 0x07, 0x4D, 0x1C, 0xCA, 0x7F, 0x19, 0x3F, 0xDC, 0x79, 0x91, 0x58,
    0xBE, 0x93, 0x6E, 0xE5, 0x4A, 0xB6, 0x54, 0x5A, 0x93, 0x0D, 0x1D, 0xF9, 0xF8, 0x25, 0x14, 0xDD,
    0x02, 0x77, 0x78, 0x78, 0xEB, 0x11, 0x39, 0x37, 0x3B, 0x3E, 0x19, 0xEE, 0xB9, 0xFA, 0x90, 0xB3,
    0x99, 0x62, 0x81, 0x5A, 0xDB, 0xE6, 0x28, 0x57, 0x75, 0xC5, 0x0A, 0xCA, 0xDD, 0x6D, 0xCA, 0xE8,
    0x39, 0x90, 0x4B, 0x3D, 0x17, 0x86, 0xAB, 0x5C, 0x7B, 0xC8, 0xF5, 0xDD, 0x55, 0xCE, 0x8E, 0xB9,
    0x06, 0x0A, 0x33, 0x9B, 0x5F, 0x92, 0x8B, 0xCA, 0xDD, 0xB8, 0xA2, 0x7F, 0x49, 0xCB, 0x61, 0x3A,
    0xF4, 0xE0, 0xD0, 0x97, 0x72, 0xF5, 0x5C, 0xD2, 0x14, 0xDE, 0x67, 0xCA, 0x21, 0xB5, 0xE7, 0xDE,
    0xFB, 0x81, 0xDE, 0x3C, 0x0D, 0x14, 0x07, 0x2B, 0x79, 0xE4, 0xB9, 0x06, 0xAD, 0xEA, 0x9E, 0xFB,
    0xD2, 0xF9, 0x46, 0x6F, 0x23, 0x72, 0xD7, 0xBF, 0x56, 0xE7, 0x14, 0x82, 0xFF, 0x39, 0xE7, 0x2B,
    0x0A, 0x83, 0x36, 0x23, 0x50, 0x28, 0xAC, 0xC1, 0x50, 0x38, 0x0C, 0x7A, 0xC2, 0x8B, 0x41, 0xD0,
    0x28, 0x04, 0xA6, 0xA6, 0x0F, 0x99, 0xF6, 0xA4, 0x04, 0xE0, 0x98, 0xF1, 0xAB, 0xF0, 0x76, 0x3A,
    0x40, 0x03, 0xC3, 0x06, 0x40, 0x61, 0xB3, 0x08, 0x28, 0x74, 0xB6, 0x37, 0xE7, 0x9D, 0x1A, 0xF9,
    0x73, 0xF3, 0xEF, 0xD5, 0x3D, 0x51, 0xC7, 0xF0, 0x3E, 0x37, 0x57, 0xB6, 0xBB, 0x33, 0xBC, 0x61,
    0x29, 0xBD, 0x04, 0xFC, 0x54, 0x3A, 0xFD, 0xF0, 0x9D, 0xA1, 0xD9, 0x33, 0x87, 0xE1, 0x83, 0x61,
    0xF0, 0xD5, 0xEB, 0x49, 0x20, 0x44, 0x84, 0x72, 0x7E, 0x05, 0xBC, 0x4A, 0x3D, 0xFA, 0x75, 0x1D,
    0x98, 0xD9, 0x06, 0xC2, 0xC4, 0xF1, 0x5D, 0x93, 0x5A, 0x23, 0x60, 0x9D, 0xA0, 0x80, 0x0A, 0x61,
    0xBC, 0x8E, 0x7A, 0x12, 0xE4, 0x8B, 0x23, 0xF4, 0x41, 0x89, 0x5D, 0xC8, 0x4E, 0xCD, 0x8D, 0xDC,
    0x46, 0x21, 0x91, 0x8B, 0xEE, 0xFE, 0xD6, 0xED, 0x77, 0xEB, 0xDD, 0xF6, 0xFE, 0xCA, 0xEE, 0x24,
    0x4A, 0x9A, 0xE3, 0xE2, 0xF4, 0xA7, 0x54, 0x5B, 0x66, 0xDA, 0x42, 0xB5, 0x26, 0xC8, 0x60, 0x5C,
    0x9A, 0x73, 0x30, 0xF8, 0xB1, 0x92, 0x58, 0xE3, 0xDF, 0xB2, 0x1A, 0x3F, 0xEF, 0xBB, 0x4B, 0xBF,
    0x9F, 0x9E, 0x3A, 0x0C, 0x47, 0x23, 0xA5, 0x72, 0x94, 0xD7, 0x7F, 0x7E, 0x25, 0xB3, 0xF4, 0x76,
    0x7D, 0x7D, 0x3D, 0xFD, 0xFA, 0xD0, 0xBF, 0xE3, 0x13, 0xEC, 0x65, 0x27, 0x39, 0x98, 0x71, 0x9C,
    0x05, 0xF9, 0x98, 0x46, 0x20, 0x9D, 0xFD, 0x97, 0xFE, 0x1E, 0x3A, 0xA1, 0x35, 0x8E, 0x9B, 0x16,
    0x72, 0xD1, 0x87, 0x38, 0x69, 0xCE, 0x3A, 0xBE, 0x22, 0x8B, 0x59, 0x24, 0x59, 0x4B, 0x5D, 0xAF,
    0x49, 0x13, 0x4C, 0x66, 0x6D, 0x57, 0x93, 0x29, 0x79, 0x78, 0xFB, 0x81, 0xCC, 0xF7, 0xD3, 0xBF,
    0xE7, 0xED, 0xF0, 0x95, 0x7E, 0xBE, 0x79, 0xF9, 0x0D, 0x41, 0x62, 0x66, 0x17, 0xC5, 0xA5, 0xC4,
    0xEA, 0x39, 0x8F, 0x62, 0x18, 0x28, 0x63, 0xDB, 0x91, 0xC7, 0xB6, 0x21, 0x93, 0xF0, 0x50, 0xCE,
    0x22, 0x4C, 0x12, 0x35, 0x5E, 0xDA, 0x73, 0xC8, 0xCC, 0x16, 0x45, 0xDA, 0x1A, 0x92, 0xDE, 0x37,
    0x5F, 0x22, 0x50, 0xCF, 0xBE, 0x5B, 0x09, 0xF9, 0xFA, 0x10, 0xB2, 0x75, 0xBD, 0x94, 0xE5, 0x5B,
    0x95, 0xB5, 0x72, 0x69, 0x3B, 0x24, 0xFD, 0x24, 0xF3, 0xBB, 0x4B, 0xD9, 0x14, 0xF3, 0x0B, 0xE0,
    0x57, 0x8F, 0xA1, 0x95, 0xF3, 0x3B, 0x92, 0x5D, 0x57, 0xF9, 0x8F, 0xFA, 0x72, 0x80, 0x3B, 0x78,
    0x7A, 0xB4, 0x53, 0x98, 0xC5, 0xDA, 0x2C, 0xB6, 0x5D, 0x11, 0x7B, 0xB2, 0x68, 0xA4, 0x8F, 0x0D,
    0x5F, 0xA1, 0x6B, 0xED, 0x82, 0x60, 0xD6, 0x14, 0x66, 0x23, 0xBD, 0xBA, 0xD2, 0x2E, 0xDE, 0x91,
    0x6C, 0xF9, 0xE6, 0xF2, 0xA5, 0x6D, 0xD1, 0x9D, 0x2A, 0x6A, 0x88, 0x99, 0xED, 0x7E, 0x87, 0x90,
    0x6D, 0x57, 0xCB, 0x91, 0x95, 0x29, 0x78, 0xBF, 0x37, 0xC1, 0x96, 0xCD, 0xA4, 0x33, 0xEB, 0x3B,
    0xEA, 0xAB, 0xE3, 0x66, 0xEF, 0x8C, 0x36, 0x7B, 0xF3, 0xF8, 0x2D, 0xE5, 0x18, 0x8E, 0x9B, 0xBD,
    0x6F, 0xCB, 0x57, 0xE7, 0xF6, 0x37, 0x93, 0xCC, 0x9F, 0xAE, 0xCC, 0x6F, 0x0F, 0xE6, 0x17, 0xB2,
    0xFC, 0xCA, 0x07, 0x03, 0x69, 0x74, 0xF3, 0xB7, 0x6B, 0xE6, 0xCF, 0x27, 0xE6, 0x9F, 0x5D, 0x37,
    0xFF, 0xA1, 0xCC, 0x5F, 0x65, 0xFE, 0x53, 0x49, 0x7F, 0x65, 0xFE, 0x1C, 0x2E, 0xCD, 0x8F, 0x32,
    0x7F, 0x08, 0xDE, 0x0B, 0x9B, 0xAE, 0x46, 0xB1, 0x32, 0x99, 0x3F, 0x2B, 0x0F, 0x24, 0x7D, 0x87,
    0x0F, 0x16, 0x8A, 0x01, 0xEE, 0x97, 0x0D, 0x3E, 0x11, 0xCB, 0xF9, 0x2D, 0x39, 0xA3, 0x68, 0xE0,
    0x63, 0x7C, 0x72, 0xF5, 0x11, 0xCE, 0x17, 0x60, 0x25, 0x61, 0x21, 0xFB, 0xEB, 0x99, 0x4C, 0x75,
    0xFE, 0x18, 0x1F, 0x47, 0x1A, 0x51, 0x1A, 0x5B, 0xC7, 0x3F, 0x23, 0x40, 0x23, 0xEF, 0x5D, 0x9D,
    0x8C, 0xBF, 0xE2, 0xAC, 0xAB, 0xBA, 0x6A, 0x28, 0xA6, 0x96, 0xEC, 0xF9, 0x46, 0x62, 0x2B, 0x58,
    0xF4, 0x8F, 0xBC, 0xD3, 0xBC, 0xB5, 0xC9, 0xD8, 0x9A, 0x99, 0x6D, 0xD7, 0xF5, 0x0B, 0xCA, 0xC8,
    0x89, 0x22, 0xE5, 0xB6, 0xF4, 0xD1, 0x73, 0x40, 0x26, 0x20, 0x9D, 0x80, 0xAC, 0x43, 0x67, 0xAF,
    0xAD, 0xA5, 0x86, 0x45, 0x9A, 0xAC, 0x52, 0x3E, 0x57, 0x76, 0x7C, 0x22, 0xB5, 0xF9, 0xB0, 0x3F,
    0x18, 0xF0, 0x57, 0xAB, 0x02, 0xC0, 0xE0, 0x9F, 0xCB, 0x6F, 0x66, 0x51, 0xFC, 0xF1, 0xFB, 0x58,
    0xE3, 0x47, 0xF4, 0xB6, 0x10, 0x6C, 0xF4, 0xEF, 0xFC, 0xAF, 0x81, 0x49, 0x2E, 0xF6, 0x31, 0x96,
    0xF4, 0x03, 0x9A, 0x14, 0xBF, 0x28, 0x06, 0x1E, 0x3C, 0xEA, 0xD0, 0x68, 0xB9, 0xFB, 0x95, 0x8A,
    0xB2, 0x08, 0x59, 0xAC, 0x06, 0x75, 0x5C, 0x43, 0x8A, 0x5E, 0x97, 0x13, 0x56, 0xDC, 0xF6, 0x9B,
    0xE9, 0xBD, 0x88, 0x8E, 0x52, 0xB6, 0xFA, 0x2B, 0x9F, 0x21, 0x8F, 0x50, 0x4C, 0x84, 0x62, 0x20,
    0x94, 0x03, 0x6D, 0xD9, 0xD0, 0xDF, 0x79, 0x4B, 0xFE, 0xDF, 0xB8, 0xE7, 0x43, 0x23, 0x08, 0x81,
    0x60, 0x4A, 0xCD, 0x0B, 0xB4, 0x52, 0xEB, 0x5A, 0x4D, 0x81, 0xD0, 0xF5, 0x42, 0x3D, 0x3C, 0x15,
    0xCA, 0x61, 0x75, 0x2C, 0x42, 0x3E, 0x20, 0xC0, 0xCB, 0x51, 0x9B, 0xD9, 0x0D, 0xE8, 0xDC, 0x4F,
    0x41, 0xB5, 0x49, 0x33, 0xB3, 0xE8, 0x98, 0x75, 0x4A, 0xE5, 0x3E, 0x64, 0x53, 0x43, 0x9F, 0xB4,
    0x06, 0xB3, 0xB5, 0x30, 0x5B, 0x5F, 0xE6, 0x8A, 0x60, 0x36, 0x5D, 0xBD, 0x5E, 0xEE, 0xAA, 0x06,
    0xFA, 0xF1, 0x17, 0xB4, 0xB6, 0x51, 0xDB, 0xAC, 0xDF, 0x63, 0x90, 0x4F, 0x85, 0x4F, 0xA7, 0xB5,
    0x68, 0xDC, 0xBA, 0x52, 0xE4, 0x41, 0x6D, 0x02, 0xF7, 0x8A, 0xDD, 0x99, 0x2C, 0xFC, 0x70, 0x32,
    0x5B, 0x15, 0x7F, 0x44, 0x7F, 0xAC, 0xB1, 0x81, 0x47, 0x23, 0xA9, 0x2E, 0x2E, 0xBB, 0x5B, 0x63,
    0x72, 0x45, 0xC3, 0x57, 0x67, 0x4D, 0x6C, 0xDC, 0xF6, 0x80, 0xFF, 0x00, 0x6F, 0xFD, 0x9B, 0x3B,
    0xD9, 0x64, 0xEE, 0xDE, 0x9C, 0xAF, 0x5C, 0xFD, 0x64, 0x07, 0x5F, 0x59, 0x38, 0x5D, 0xEE, 0x80,
    0xBA, 0xBB, 0x0F, 0xB4, 0x51, 0xA3, 0xCB, 0xD6, 0xCF, 0x81, 0xD9, 0x56, 0x48, 0x62, 0x98, 0xA5,
    0xE5, 0xF4, 0x52, 0x9F, 0x44, 0xFA, 0x85, 0xFE, 0x52, 0x67, 0xEA, 0xA8, 0xA3, 0xFC, 0xC9, 0x47,
    0xE1, 0x3A, 0x23, 0x5D, 0xD1, 0xB2, 0x88, 0xFD, 0xED, 0x8B, 0x47, 0xAA, 0x37, 0x12, 0xBB, 0x7C,
    0xD3, 0x51, 0x3F, 0xCF, 0x6C, 0x50, 0x24, 0x0D, 0xB8, 0x49, 0xE0, 0xE7, 0x1B, 0x49, 0xB3, 0xF5,
    0x54, 0x95, 0xDE, 0xC5, 0xE8, 0xDD, 0xC3, 0xE7, 0xA3, 0xFF, 0x75, 0xB8, 0x5C, 0xD0, 0x0A, 0x94,
    0xB6, 0x09, 0xE4, 0xB6, 0x08, 0x9A, 0xD1, 0x3F, 0xA7, 0x28, 0x3E, 0xE6, 0x1F, 0x03, 0x11, 0xCD,
    0xC4, 0x19, 0xCD, 0xC4, 0xA7, 0xC9, 0x02, 0xBE, 0x7D, 0x43, 0x6D, 0x93, 0xAE, 0xF5, 0x2B, 0x7E,
    0xF9, 0xCE, 0xC4, 0x92, 0xD0, 0x80, 0xD2, 0xE8, 0xB1, 0x4A, 0x86, 0xFF, 0x28, 0x90, 0x76, 0x4E,
    0x7F, 0x7F, 0x3C, 0xAF, 0xFA, 0x3F, 0xD7, 0x19, 0xEA, 0xCD, 0x93, 0x67, 0x0D, 0xF0, 0x0F, 0xD3,
    0x01, 0xF8, 0x07, 0xC9, 0xA0, 0xBC, 0x94, 0x3C, 0xEB, 0xBC, 0xCE, 0x3B, 0x16, 0x61, 0xFB, 0xCF,
    0x06, 0x62, 0xBE, 0x09, 0xC9, 0x56, 0xCE, 0x62, 0xBA, 0x54, 0x83, 0x98, 0xC5, 0x00, 0xE2, 0xF0,
    0xF9, 0xCF, 0x37, 0xB2, 0x99, 0x76, 0x0C, 0xC8, 0xB5, 0x65, 0x40, 0x11, 0xC3, 0x00, 0xE5, 0xD8,
    0xA3, 0x4F, 0x5A, 0xD5, 0x7E, 0xAA, 0x2B, 0x7F, 0x91, 0x34, 0xEF, 0x46, 0x4C, 0xDF, 0xCD, 0x58,
    0x1C, 0xE9, 0xB1, 0x68, 0x4E, 0x63, 0x61, 0x78, 0x2C, 0x36, 0x3C, 0x16, 0x2B, 0x1E, 0x8B, 0xE8,
    0xB1, 0xF0, 0x98, 0x50, 0x2E, 0x52, 0xF8, 0xC4, 0xC1, 0xD5, 0x90, 0x5C, 0x1D, 0xCC, 0x8E, 0x24,
    0x3A, 0x53, 0x27, 0xC9, 0xF2, 0x4F, 0xAE, 0x02, 0xE3, 0x6C, 0x9B, 0x77, 0x61, 0xE6, 0xE5, 0x12,
    0xCA, 0x46, 0x1A, 0xAE, 0xAD, 0xF1, 0xAE, 0x47, 0x4D, 0xEC, 0xBF, 0x0B, 0xB6, 0x4A, 0xFB, 0x28,
    0xFD, 0xDD, 0xE6, 0x7B, 0x8B, 0xA2, 0xF5, 0xEA, 0x84, 0xD6, 0x9C, 0x87, 0x75, 0x54, 0xC8, 0xE6,
    0x72, 0xF4, 0x5C, 0xE1, 0x2B, 0xAD, 0xAF, 0xBF, 0x87, 0x2A, 0x2F, 0x0F, 0x5B, 0x95, 0xAB, 0x57,
    0xE5, 0x2A, 0x7B, 0x46, 0xD8, 0x48, 0xED, 0x59, 0x62, 0xBE, 0x66, 0x10, 0x50, 0xAE, 0x35, 0xE5,
    0x14, 0xCD, 0xDE, 0x1A, 0xBE, 0x04, 0xEB, 0xD8, 0xAD, 0xE3, 0xA9, 0x22, 0x9B, 0x6C, 0xED, 0xC0,
    0x13, 0x68, 0x87, 0x74, 0x0D, 0x03, 0x2B, 0x84, 0x21, 0x5B, 0xC2, 0x84, 0x72, 0x63, 0x36, 0xD7,
    0x31, 0x59, 0x94, 0xCB, 0x63, 0x19, 0xD3, 0x19, 0xEA, 0xA9, 0x88, 0xE5, 0x9C, 0x45, 0xA8, 0x62,
    0x39, 0x15, 0x8B, 0x72, 0x65, 0xAC, 0x86, 0x7C, 0xCD, 0x95, 0x8B, 0xF5, 0x90, 0x6D, 0xF9, 0x24,
    0xB3, 0x43, 0x97, 0xEE, 0xC5, 0x88, 0xB6, 0x10, 0x9B, 0xC4, 0xCA, 0x41, 0xF3, 0xB2, 0x05, 0xE5,
    0xC8, 0x56, 0x03, 0xFB, 0xFD, 0x4E, 0xB9, 0x0D, 0xDA, 0xEF, 0x94, 0xDB, 0xF5, 0x91, 0xD6, 0x40,
    0x6A, 0xCA, 0xF9, 0x9A, 0xE7, 0x02, 0xB5, 0x72, 0xD8, 0x0C, 0xE5, 0x7E, 0x35, 0x38, 0xCA, 0x0D,
    0xA0, 0x9F, 0x50, 0xF4, 0x94, 0xD2, 0xDF, 0x4A, 0x75, 0xC2, 0x59, 0x9B, 0x33, 0xF4, 0x9D, 0x3B,
    0xBA, 0x1A, 0x84, 0x44, 0xDD, 0x84, 0xC3, 0x1F, 0x79, 0x24, 0x0D, 0xBF, 0x81, 0x63, 0x5C, 0x86,
    0x72, 0xC5, 0xD6, 0x4B, 0x56, 0xDB, 0x25, 0xF3, 0x8D, 0x7A, 0xD7, 0xBE, 0xD8, 0x46, 0xB0, 0x4B,
    0x26, 0xBB, 0x58, 0x75, 0x18, 0x6D, 0xDF, 0xD4, 0x0D, 0x46, 0xDF, 0x76, 0x01, 0x7A, 0xB6, 0x30,
    0x04, 0x8D, 0xD7, 0xB5, 0x1E, 0x1E, 0x40, 0xF8, 0x57, 0x6B, 0x35, 0x7D, 0x01, 0xE1, 0xBF, 0xCC,
    0x65, 0x7C, 0x02, 0xF5, 0x9F, 0xC5, 0x32, 0xAE, 0x50, 0xFD, 0x79, 0xCC, 0xE7, 0x05, 0xCA, 0xFF,
    0x31, 0x65, 0xCF, 0x65, 0xD0, 0x5F, 0x0D, 0xD9, 0x1E, 0xA1, 0xF8, 0x6E, 0x48, 0x65, 0x56, 0x6E,
    0x1D, 0x36, 0x41, 0x66, 0x0D, 0x36, 0x8A, 0x3E, 0xFB, 0xD2, 0x5D, 0x11, 0x82, 0x64, 0x83, 0xF0,
    0xC3, 0xFF, 0x24, 0xE2, 0x7F, 0x9F, 0xFE, 0x93, 0x88, 0xFA, 0x07, 0x07, 0xCF, 0x86, 0x46, 0x8E,
    0xA3, 0xB6, 0x67, 0x9C, 0xD9, 0xB3, 0xD4, 0x3A, 0x1F, 0x26, 0xA3, 0x2E, 0xA5, 0xD5, 0x6A, 0x37,
    0xD4, 0x0B, 0x99, 0xBB, 0xBB, 0x50, 0xB7, 0xE4, 0x04, 0x45, 0xA5, 0xAB, 0x1B, 0xA0, 0xD7, 0x86,
    0x2C, 0x84, 0xB8, 0x0A, 0xD5, 0xFE, 0xD2, 0xFF, 0x85, 0xD6, 0xFC, 0x14, 0x24, 0x76, 0x21, 0x04,
    0xDB, 0xAF, 0xE1, 0xEE, 0x63, 0x69, 0xED, 0xB6, 0x6E, 0x52, 0x33, 0x14, 0xDA, 0xD0, 0x29, 0xB0,
    0xEA, 0xA1, 0x2F, 0x7D, 0xDC, 0x81, 0x87, 0x78, 0xEA, 0x2D, 0xE6, 0x36, 0xBB, 0xE6, 0xD6, 0xD0,
    0x0E, 0xC9, 0xA5, 0x86, 0x06, 0x1B, 0xE8, 0xE5, 0x5B, 0x34, 0x5D, 0x26, 0x36, 0xA8, 0x63, 0xBA,
    0x6A, 0xFC, 0x66, 0x8B, 0x06, 0x97, 0xDA, 0xC9, 0xD6, 0x42, 0xBA, 0x6B, 0x86, 0x26, 0xA6, 0x81,
    0x84, 0x3D, 0xEA, 0x0E, 0xF3, 0x38, 0x48, 0xA9, 0xB7, 0xE3, 0xCE, 0x62, 0xB1, 0x5C, 0x7B, 0x32,
    0xD2, 0x43, 0x33, 0x5D, 0x5B, 0x4A, 0x1A, 0x50, 0x3B, 0xE8, 0xE4, 0xEE, 0xF7, 0xD9, 0x48, 0xA7,
    0xE3, 0x6D, 0x07, 0x0F, 0xF8, 0x52, 0xB0, 0xCE, 0x1A, 0x47, 0x27, 0x23, 0xFC, 0x9D, 0xCE, 0x7D,
    0x90, 0x81, 0xA5, 0x1F, 0xDC, 0xE8, 0xC3, 0xD3, 0xB7, 0xD9, 0xE9, 0xC3, 0xA5, 0x37, 0x93, 0xEF,
    0x53, 0x9F, 0xE8, 0xB7, 0x90, 0x6F, 0xB2, 0xB4, 0x5C, 0x90, 0xA1, 0x91, 0x19, 0xDA, 0xF1, 0xD0,
    0x72, 0x66, 0xA0, 0x2A, 0xA0, 0x2A, 0x6E, 0xA7, 0xB4, 0x3F, 0xAD, 0xA2, 0xE0, 0xDF, 0xA8, 0xE2,
    0x91, 0x6B, 0xBC, 0x0A, 0xD9, 0xA0, 0x2A, 0xC5, 0x50, 0x69, 0x26, 0x0F, 0x61, 0xD2, 0xDC, 0xF4,
    0x67, 0x95, 0x25, 0xD6, 0x48, 0x0C, 0xDF, 0x73, 0xF5, 0xF1, 0xAA, 0x3A, 0xBE, 0x58, 0x28, 0x83,
    0x13, 0x15, 0x65, 0xD3, 0xF5, 0x3D, 0xD7, 0xDA, 0x57, 0xC1, 0x7D, 0x45, 0x69, 0x27, 0x90, 0xAD,
    0x3C, 0xA0, 0x9C, 0xB9, 0x4F, 0x15, 0xF9, 0x48, 0x63, 0xC7, 0x1B, 0x48, 0x0E, 0x8B, 0xCB, 0xC5,
    0x72, 0xD8, 0x01, 0x1A, 0xAF, 0x5A, 0xF7, 0x93, 0x14, 0x5D, 0xBE, 0x52, 0x75, 0x65, 0x24, 0x34,
    0x6A, 0x99, 0xF6, 0x85, 0xEC, 0xAF, 0xFA, 0x8F, 0x55, 0xEF, 0xAD, 0x9F, 0x95, 0xB2, 0xD5, 0xA7,
    0xD5, 0x51, 0xBC, 0xEC, 0x98, 0x6E, 0xD7, 0xCF, 0xAF, 0xFF, 0xEF, 0x49, 0xEF, 0xA7, 0xB7, 0xD3,
    0xC7, 0xFC, 0x96, 0x74, 0x49, 0x17, 0xD8, 0xF2, 0x08, 0xED, 0xEF, 0x8F, 0xF2, 0x6A, 0x07, 0xA5,
    0x5D, 0x75, 0x24, 0xF9, 0xCD, 0x6D, 0x7B, 0xFB, 0xFF, 0x00, 0xED, 0x5B, 0x05, 0x8C, 0xE5, 0x4A,
    0x76, 0x3D, 0x76, 0xE5, 0xB7, 0xA5, 0x6F, 0x65, 0x1D, 0xA6, 0xCE, 0xAE, 0xC5, 0xCB, 0x63, 0x71,
    0x70, 0x7E, 0x55, 0x12, 0x31, 0x85, 0x23, 0x0E, 0x33, 0x2D, 0x33, 0xD8, 0x11, 0x84, 0xA1, 0x43,
    0x62, 0x29, 0xCC, 0xCC, 0x38, 0xE3, 0x8A, 0x68, 0xC5, 0x71, 0x40, 0x14, 0x74, 0x98, 0x93, 0x5A,
    0xC9, 0x51, 0x3C, 0xAB, 0xF2, 0xBB, 0xF1, 0xBD, 0xD7, 0xD5, 0x7E, 0xD3, 0x3B, 0xFD, 0x07, 0x3F,
    0x0C, 0xDC, 0x69, 0x9F, 0x73, 0xEA, 0xBD, 0x67, 0xBF, 0xAA, 0x5B, 0x7C, 0x5F, 0x0D, 0xD8, 0xCC,
    0x28, 0x54, 0x4C, 0x9A, 0x9A, 0x95, 0xA6, 0x63, 0x2A, 0x03, 0x70, 0x4A, 0x44, 0x03, 0xB2, 0x15,
    0x0F, 0x0E, 0xD5, 0x4A, 0x01, 0xB0, 0x37, 0xF0, 0xBA, 0x05, 0xA0, 0x0E, 0x05, 0xC1, 0x1C, 0x00,
    0x90, 0x2F, 0x22, 0x80, 0x76, 0xA8, 0x26, 0x00, 0x4D, 0xA8, 0x02, 0x80, 0x3A, 0xD4, 0x23, 0x80,
    0x6A, 0x6A, 0x98, 0xCA, 0xD9, 0x0E, 0x4C, 0x51, 0xA8, 0xB8, 0x48, 0xF2, 0x91, 0x8D, 0xE6, 0x26,
    0xC8, 0x7D, 0xB5, 0x50, 0xA8, 0x66, 0x79, 0x98, 0x7C, 0x83, 0x1D, 0x0C, 0x01, 0xE8, 0x3D, 0xC8,
    0x23, 0x27, 0xA0, 0x5D, 0xF3, 0x12, 0x91, 0x72, 0x96, 0xAD, 0xE4, 0xC0, 0xB9, 0xFE, 0x47, 0x88,
    0x5D, 0x15, 0xEC, 0x05, 0x5B, 0xC7, 0x68, 0x05, 0x5B, 0xE0, 0x84, 0x3E, 0x70, 0x00, 0x2C, 0xD1,
    0x2C, 0xB7, 0x0D, 0x30, 0x07, 0xD7, 0x06, 0x54, 0x13, 0xFF, 0xD5, 0x23, 0x8A, 0x88, 0x66, 0x80,
    0x59, 0x60, 0x3D, 0xF2, 0x03, 0x63, 0xA6, 0x48, 0x68, 0x77, 0xDC, 0x5F, 0xCF, 0x17, 0xD8, 0x01,
    0x26, 0xA2, 0x0E, 0x7C, 0x6F, 0x35, 0xF3, 0x73, 0x8A, 0xF5, 0x99, 0xA3, 0x3C, 0xBF, 0x03, 0x5A,
    0x5A, 0xC0, 0xDF, 0x7B, 0x86, 0x64, 0x7F, 0xB8, 0xF1, 0x61, 0x63, 0xDA, 0xB8, 0xDF, 0xF8, 0xBA,
    0x52, 0x16, 0x89, 0x22, 0x4A, 0xA2, 0x89, 0xB9, 0x20, 0xEA, 0x0A, 0x72, 0xC0, 0xEB, 0xFE, 0x9C,
    0x33, 0x06, 0x54, 0xDD, 0xF3, 0xC6, 0x59, 0x62, 0x02, 0x50, 0x77, 0x80, 0xB0, 0x5B, 0xD9, 0x01,
    0x56, 0x6A, 0x46, 0x9C, 0x0B, 0x3B, 0x22, 0x5B, 0x00, 0x34, 0x07, 0x77, 0x1A, 0x01, 0x94, 0x5A,
    0x41, 0xC9, 0x15, 0x47, 0x55, 0x84, 0x6C, 0x62, 0xCC, 0xA3, 0x68, 0x41, 0x6C, 0x9A, 0x02, 0x7A,
    0x9A, 0x7B, 0xC6, 0xB1, 0x09, 0x68, 0x16, 0x54, 0xE1, 0x7E, 0xFF, 0x4A, 0xC5, 0x49, 0x50, 0x2B,
    0x8B, 0xFE, 0x83, 0x02, 0x0C, 0x11, 0x2D, 0xC8, 0x68, 0x4D, 0x74, 0x68, 0x6E, 0x18, 0xF2, 0xD8,
    0xCC, 0x04, 0xCD, 0x8F, 0xDA, 0x62, 0xC2, 0x9E, 0x68, 0x3F, 0x7B, 0xD8, 0x13, 0x0D, 0x75, 0x7B,
    0xA2, 0x22, 0xEC, 0x66, 0x22, 0xEE, 0xD4, 0x2C, 0x11, 0xFD, 0x24, 0x50, 0xAC, 0x44, 0x93, 0x65,
    0xEC, 0xB6, 0xC4, 0x89, 0x20, 0x0A, 0x25, 0x72, 0x59, 0x7F, 0x40, 0x11, 0xC4, 0xD3, 0xE4, 0x50,
    0x92, 0x2B, 0x46, 0x80, 0x3C, 0x27, 0x32, 0xF2, 0xA5, 0x5F, 0xD1, 0x71, 0x02, 0xED, 0x58, 0x76,
    0xD2, 0x4D, 0xA5, 0x8E, 0xA4, 0x4F, 0x45, 0x4D, 0x48, 0x07, 0x6B, 0x26, 0x4D, 0x54, 0x93, 0x56,
    0x9B, 0x26, 0x66, 0xE9, 0xD5, 0x7B, 0x22, 0x27, 0x68, 0xA2, 0x9C, 0xC1, 0x0F, 0xDB, 0x13, 0x55,
    0x3C, 0x4A, 0x34, 0x01, 0xFB, 0x3D, 0xED, 0x80, 0xFD, 0xD1, 0xE4, 0x53, 0x22, 0xE8, 0xC3, 0x52,
    0x0E, 0x8A, 0x25, 0x25, 0xEC, 0x28, 0xB7, 0x69, 0xA2, 0xF5, 0xF2, 0xB0, 0xAB, 0x5A, 0x1E, 0x27,
    0x0F, 0x7B, 0x0F, 0x27, 0x0A, 0x2E, 0x49, 0x07, 0x44, 0xF1, 0xC1, 0x0C, 0x43, 0xDC, 0x78, 0xC4,
    0x3B, 0xA3, 0x7A, 0x27, 0xB2, 0xDF, 0x0E, 0xDA, 0xE6, 0x68, 0xE6, 0xC4, 0xD9, 0x96, 0x98, 0xB0,
    0xD9, 0x57, 0xE2, 0xE3, 0x93, 0xAB, 0xF1, 0xDE, 0xF5, 0xDF, 0xE6, 0x69, 0x34, 0xDF, 0x12, 0xB1,
    0x39, 0x1A, 0xD5, 0xBF, 0xAC, 0xA0, 0x7E, 0x46, 0x41, 0x23, 0x36, 0x37, 0x23, 0xDF, 0xFC, 0x92,
    0x09, 0xA7, 0xEC, 0x8E, 0x85, 0xDC, 0xA5, 0x3E, 0x66, 0x3D, 0x8A, 0xAE, 0x45, 0xFB, 0xCD, 0x0D,
    0xE5, 0xC0, 0x42, 0xFD, 0x53, 0xFA, 0x8C, 0x70, 0xAE, 0x4D, 0x4C, 0x4E, 0xCC, 0xD6, 0x2B, 0x69,
    0xBE, 0x7F, 0xD7, 0x76, 0xD8, 0x7D, 0xDB, 0x77, 0x47, 0xAE, 0xDD, 0x3D, 0x6B, 0x96, 0xDD, 0xB1,
    0x65, 0x3C, 0xF2, 0x6B, 0xD8, 0xDD, 0x2A, 0x43, 0x6E, 0xF2, 0xAA, 0xCF, 0xC2, 0xB9, 0x53, 0x61,
    0xC2, 0xE6, 0xD3, 0x9C, 0x9B, 0x56, 0x72, 0x29, 0xE3, 0xE6, 0xD1, 0x6A, 0xA5, 0x41, 0x1C, 0x2A,
    0x5A, 0xFB, 0xC8, 0x6B, 0x91, 0xAC, 0x58, 0x90, 0xFF, 0x28, 0xBE, 0x96, 0x65, 0xB3, 0xCA, 0x39,
    0x97, 0xDA, 0xAC, 0x23, 0x70, 0x28, 0x82, 0x7C, 0x60, 0x95, 0xED, 0x97, 0x0C, 0xA9, 0x4F, 0x34,
    0xD4, 0x25, 0x59, 0x11, 0x54, 0xCA, 0x53, 0x92, 0xCC, 0xBE, 0x20, 0x49, 0xB5, 0xAC, 0xFF, 0x97,
    0x88, 0x46, 0xBE, 0xB8, 0x26, 0x8A, 0x52, 0x6D, 0x0E, 0xFD, 0x26, 0x0F, 0xC8, 0xC9, 0x35, 0xAB,
    0xE4, 0x1B, 0x8A, 0xC8, 0x0E, 0x78, 0x06, 0xD5, 0x24, 0x7E, 0x89, 0xB8, 0xCA, 0x3E, 0xA9, 0x47,
    0x96, 0x1F, 0x05, 0xEB, 0xF9, 0x6F, 0x95, 0xEC, 0xC9, 0x24, 0x33, 0x42, 0x92, 0xEC, 0xC7, 0x56,
    0x24, 0x7B, 0x3E, 0xC9, 0x3A, 0x24, 0x29, 0x4E, 0xB4, 0x2A, 0xFB, 0x4E, 0x92, 0x2C, 0x09, 0x5C,
    0xFB, 0x2C, 0xCD, 0x82, 0xB2, 0x6B, 0xE2, 0x96, 0x93, 0xBA, 0xAB, 0xE8, 0x87, 0x5F, 0x27, 0xC3,
    0x97, 0x75, 0xD2, 0x46, 0x1D, 0x97, 0x02, 0x19, 0xD1, 0x81, 0xA6, 0x96, 0x25, 0x3B, 0x23, 0xC9,
    0xDD, 0x2C, 0xCD, 0x4C, 0x85, 0x54, 0x81, 0x48, 0x43, 0x34, 0x9C, 0x6E, 0x53, 0x48, 0x7D, 0x43,
    0x2B, 0x5C, 0x66, 0xCB, 0x87, 0x4C, 0x86, 0x8B, 0xF2, 0xE9, 0xEE, 0x5C, 0xD6, 0xDD, 0x1F, 0xA2,
    0x19, 0x45, 0xDA, 0x8E, 0x5C, 0xEF, 0xB5, 0xF7, 0x3A, 0xBE, 0xD0, 0xB0, 0xD4, 0xB9, 0x54, 0xA5,
    0x78, 0x43, 0xAD, 0x18, 0x95, 0xEB, 0xA8, 0xDC, 0x9C, 0xB3, 0x7A, 0xAF, 0xDE, 0xB8, 0x1C, 0xF5,
    0x26, 0xAD, 0xE8, 0xCB, 0xB9, 0x9F, 0x6F, 0xE6, 0xD3, 0x8D, 0x8B, 0x7B, 0xE5, 0xE9, 0xB6, 0x2C,
    0x9E, 0x50, 0xAE, 0x37, 0xB6, 0x2B, 0xAB, 0x03, 0x8A, 0x49, 0x8B, 0xBC, 0x33, 0xC4, 0x12, 0x97,
    0x41, 0xB9, 0xDA, 0xB8, 0x19, 0x95, 0x5B, 0x2F, 0x54, 0x90, 0x13, 0xB6, 0x0B, 0x94, 0x47, 0xE5,
    0xA7, 0x01, 0x7C, 0x0C, 0xCC, 0x74, 0x4A, 0xA8, 0x62, 0x4B, 0xA8, 0x17, 0x81, 0x82, 0x93, 0x20,
    0x98, 0x09, 0x04, 0xE0, 0x83, 0xA1, 0x8D, 0x09, 0x4A, 0x06, 0xF3, 0x80, 0x20, 0x23, 0x67, 0xB8,
    0xA2, 0xCC, 0x6C, 0x29, 0xCA, 0xCA, 0x74, 0x87, 0x72, 0xD2, 0xE2, 0x69, 0x0F, 0xCC, 0x65, 0xCC,
    0x3E, 0x00, 0xA8, 0xF9, 0xF5, 0x13, 0x87, 0x9A, 0x02, 0x4A, 0x22, 0xA0, 0xA5, 0x43, 0x4D, 0x93,
    0x6A, 0x4B, 0x4B, 0x49, 0x11, 0x59, 0x7F, 0x03, 0xC8, 0xE8, 0x0C, 0xD2, 0x76, 0xB6, 0xF9, 0x88,
    0x68, 0xD7, 0x0B, 0x75, 0xBB, 0x6E, 0xFD, 0xAE, 0xED, 0xB8, 0xEB, 0x2A, 0xEC, 0xBA, 0x9C, 0x77,
    0x6D, 0x96, 0x5D, 0xE7, 0xB4, 0xEB, 0x15, 0x76, 0xDD, 0xFA, 0x5D, 0xDB, 0x61, 0xD7, 0x75, 0xD8,
    0x75, 0x39, 0xEF, 0xDA, 0xC4, 0x5D, 0xE7, 0x87, 0x5D, 0x83, 0x54, 0x83, 0x75, 0xFB, 0x2B, 0xBB,
    0xB6, 0xFF, 0xB3, 0xEB, 0x9A, 0x97, 0x01, 0xF9, 0x41, 0x74, 0x49, 0xBE, 0x9A, 0xCA, 0x88, 0xEC,
    0xE0, 0x60, 0x56, 0x4D, 0x34, 0xC1, 0xAE, 0x57, 0x4E, 0xBE, 0x20, 0x1A, 0x74, 0xA0, 0x21, 0x2F,
    0x2E, 0x4A, 0x76, 0x7D, 0x63, 0x99, 0xE9, 0xD4, 0xF2, 0x63, 0xB5, 0xF9, 0x3A, 0x63, 0xA5, 0x9E,
    0xBE, 0x8E, 0x73, 0x3F, 0x63, 0xF7, 0xF2, 0xEE, 0xE3, 0xDD, 0xC3, 0x9B, 0x7F, 0x4B, 0xEA, 0xC4,
    0xBB, 0xAA, 0xD4, 0xB7, 0x59, 0xDF, 0x25, 0xCF, 0xB6, 0x9D, 0xFA, 0x55, 0x55, 0x4E, 0x49, 0x81,
    0x5C, 0x52, 0xAD, 0x4F, 0xCA, 0x0E, 0xA2, 0x92, 0x37, 0x5B, 0xF5, 0x65, 0x52, 0x26, 0xAA, 0x52,
    0x3F, 0xAA, 0x02, 0xA9, 0x52, 0x1F, 0xAA, 0x12, 0x0F, 0xAA, 0xAA, 0x29, 0xA9, 0x52, 0x94, 0xF8,
    0x4E, 0x94, 0x7A, 0x4E, 0xD5, 0x0C, 0x88, 0xC2, 0x85, 0xB5, 0xFB, 0xB1, 0xA2, 0x24, 0xF2, 0x43,
    0x52, 0x45, 0x4C, 0xAA, 0x9D, 0x94, 0x61, 0x68, 0x48, 0xEA, 0x80, 0x64, 0x67, 0x49, 0xE4, 0xB3,
    0x72, 0xB9, 0x28, 0x57, 0xB4, 0xF3, 0xFE, 0xBA, 0x7C, 0xEE, 0x36, 0x96, 0xFD, 0x66, 0x76, 0xDD,
    0xC1, 0x2E, 0xAF, 0x9B, 0x1B, 0x0A, 0x2B, 0xD3, 0x41, 0xB6, 0x15, 0x4B, 0x4B, 0x32, 0x87, 0x2E,
    0x86, 0x67, 0x18, 0xE4, 0x31, 0x5F, 0x90, 0x6F, 0x8C, 0xDB, 0xB3, 0xB9, 0x67, 0x2E, 0x0E, 0x90,
    0x2E, 0xDF, 0x52, 0x68, 0x28, 0x9A, 0xD8, 0x6F, 0x0C, 0xB1, 0x8B, 0x5C, 0xCC, 0xB7, 0x1C, 0xE3,
    0x52, 0x1B, 0xAD, 0x93, 0x5B, 0x66, 0xE5, 0x13, 0x07, 0xE4, 0x93, 0xEE, 0xB4, 0x16, 0x33, 0x31,
    0xD9, 0xEF, 0x1B, 0x99, 0x6A, 0xBD, 0xA3, 0xA4, 0x34, 0xE0, 0x5F, 0x66, 0x52, 0x1D, 0xFB, 0x27,
    0x2B, 0x72, 0x47, 0xB7, 0x37, 0xAD, 0x90, 0xD5, 0xB1, 0xF4, 0x3D, 0x75, 0x60, 0x8A, 0xD5, 0xC4,
    0x34, 0x97, 0xB3, 0xEC, 0x6F, 0xA4, 0xAE, 0x4D, 0x30, 0x07, 0xA6, 0x31, 0x27, 0x00, 0xBA, 0x12,
    0x44, 0xE5, 0x41, 0x9D, 0xEC, 0xA4, 0x5A, 0xAF, 0xF3, 0xD9, 0xA0, 0x7B, 0x80, 0x00, 0xB4, 0x4A,
    0xD7, 0xB4, 0x2C, 0x11, 0xE0, 0xEE, 0x3B, 0x4B, 0x4E, 0xCD, 0x24, 0x99, 0x32, 0xB2, 0xE5, 0x45,
    0x39, 0x02, 0xA0, 0xAE, 0x1E, 0x39, 0x35, 0xF4, 0xB2, 0x9A, 0x8A, 0x1B, 0x9D, 0x9C, 0xE1, 0x67,
    0xF9, 0xAB, 0x27, 0x64, 0xB1, 0x1A, 0x81, 0xBE, 0xF1, 0x80, 0x95, 0x15, 0xE2, 0x01, 0xF2, 0x48,
    0x20, 0xFB, 0x1C, 0x6C, 0x76, 0x2A, 0xCB, 0x42, 0xED, 0xCC, 0x11, 0xCD, 0x54, 0x72, 0xAF, 0xD2,
    0xCD, 0x2F, 0xE1, 0x65, 0x6E, 0x1F, 0xFC, 0x4F, 0x88, 0x2F, 0x02, 0xFA, 0x15, 0x0A, 0x3A, 0x23,
    0xD4, 0x13, 0x08, 0x76, 0x00, 0xE9, 0x87, 0x5B, 0x2F, 0xCA, 0xAC, 0x30, 0xD5, 0xBA, 0xDA, 0x39,
    0x54, 0x34, 0xB7, 0x4B, 0xC6, 0x19, 0xBD, 0x86, 0x06, 0xD6, 0x2D, 0xA8, 0xFE, 0x6C, 0x46, 0x41,
    0x21, 0x2D, 0xA9, 0x2F, 0xEC, 0x84, 0x0E, 0x72, 0xC9, 0x46, 0x91, 0xDC, 0x83, 0xBE, 0x64, 0x22,
    0x48, 0xDF, 0xF1, 0x4A, 0x3C, 0xDD, 0x35, 0xEB, 0xBF, 0x6A, 0xE8, 0x51, 0xFC, 0xEF, 0x82, 0x5C,
    0x7A, 0x75, 0xD0, 0x2D, 0xCC, 0x47, 0x3B, 0x88, 0x9D, 0x8C, 0xC8, 0xFA, 0x11, 0xA5, 0xAC, 0x89,
    0xD9, 0x95, 0x03, 0x50, 0xDF, 0xC3, 0xF5, 0x3A, 0xD9, 0xC4, 0x39, 0xBE, 0x80, 0x08, 0x2B, 0x85,
    0x45, 0x64, 0xAA, 0xDF, 0x37, 0x69, 0x43, 0x1B, 0x99, 0xD2, 0x1E, 0x94, 0x70, 0x99, 0x89, 0x73,
    0x52, 0xD8, 0xE3, 0x38, 0x3C, 0x13, 0x1F, 0x82, 0xF0, 0xCC, 0xCF, 0xE2, 0x13, 0x1C, 0x5A, 0xB4,
    0xBA, 0xEB, 0x42, 0xF5, 0x0F, 0x33, 0xA4, 0x31, 0x20, 0xA7, 0x01, 0x92, 0xFF, 0xD5, 0xF7, 0xD8,
    0xEC, 0x84, 0x46, 0x69, 0x12, 0xF2, 0x0C, 0x2F, 0xA1, 0x1A, 0x89, 0xD4, 0x48, 0xA0, 0x46, 0xE2,
    0x34, 0x12, 0xA6, 0x59, 0x21, 0x13, 0xA0, 0xF6, 0x1C, 0xD2, 0x6B, 0xF9, 0x22, 0xAB, 0x74, 0x09,
    0xCF, 0x48, 0x74, 0x46, 0x82, 0x33, 0x1A, 0x90, 0x68, 0x69, 0x49, 0x91, 0x99, 0x67, 0x50, 0x77,
    0x52, 0x17, 0xBE, 0x65, 0x42, 0xF9, 0xFE, 0x28, 0x6C, 0x68, 0x12, 0x06, 0xED, 0x8B, 0xAA, 0xCB,
    0x6D, 0x0B, 0xD8, 0x08, 0x17, 0x2B, 0x6B, 0xC0, 0x66, 0x78, 0xE8, 0x03, 0x36, 0xD9, 0x8F, 0xE2,
    0x95, 0x00, 0x22, 0xA4, 0x41, 0x19, 0x69, 0x4F, 0x7F, 0x2C, 0x0D, 0x41, 0x1A, 0x6B, 0x21, 0x9F,
    0x35, 0x04, 0xB6, 0x2F, 0xD8, 0xBD, 0x11, 0xD0, 0xCF, 0xE8, 0x57, 0x9C, 0xD0, 0x04, 0xFE, 0x7B,
    0x7E, 0x03, 0x39, 0x0D, 0x11, 0x80, 0x8B, 0x7C, 0xB9, 0x35, 0xAE, 0xD9, 0xAA, 0xB8, 0xF5, 0xCA,
    0xBD, 0xDF, 0xD3, 0xF2, 0xFE, 0x63, 0x58, 0xF7, 0x7B, 0xF1, 0x2E, 0xE0, 0x65, 0x16, 0xB1, 0x00,
    0x39, 0xE5, 0x04, 0x18, 0x32, 0x94, 0x34, 0x16, 0x2C, 0xD8, 0xED, 0x45, 0xD3, 0x4A, 0x00, 0x45,
    0x64, 0xE4, 0x6E, 0xDE, 0x0C, 0x4E, 0xCA, 0xE5, 0xA0, 0x5C, 0xDD, 0x4D, 0xAB, 0x79, 0xD2, 0x6A,
    0xB2, 0x9F, 0xC7, 0xF9, 0xA0, 0x50, 0xC6, 0x7D, 0xED, 0x56, 0xEB, 0xCA, 0x89, 0x01, 0xEF, 0x16,
    0xFC, 0xB0, 0x87, 0xB4, 0xED, 0xDC, 0xF7, 0xAC, 0xF1, 0xA4, 0xED, 0xDC, 0xFF, 0x6C, 0xF3, 0xD0,
    0xB6, 0x9D, 0x7E, 0x80, 0x98, 0xBD, 0x10, 0xBD, 0x31, 0xF3, 0x85, 0x9F, 0x89, 0xAE, 0xDC, 0xF9,
    0xB8, 0xF3, 0xA4, 0xED, 0xE4, 0x47, 0xA3, 0x0E, 0xF4, 0x0D, 0xEB, 0x19, 0x2B, 0x5D, 0x5C, 0xAB,
    0x93, 0x67, 0xC1, 0x8F, 0x7A, 0x68, 0xDB, 0x0E, 0xD1, 0x0C, 0xDC, 0x44, 0x97, 0xD9, 0x9C, 0xCD,
    0xB2, 0x95, 0x35, 0x8B, 0x12, 0xBB, 0x3B, 0x97, 0x94, 0xBC, 0xF7, 0x28, 0x6E, 0x7E, 0x35, 0xFF,
    0x44, 0x61, 0x87, 0x5B, 0x17, 0x71, 0x32, 0x13, 0xCA, 0x58, 0xC6, 0x1D, 0xF4, 0xB5, 0x64, 0xCF,
    0xF7, 0xFE, 0xF8, 0x6E, 0xEA, 0x35, 0x4B, 0xC5, 0x14, 0x2A, 0x68, 0x4F, 0xC9, 0x7B, 0x8F, 0x73,
    0xBD, 0x6A, 0xAC, 0xA8, 0x8A, 0x0C, 0x8B, 0x2A, 0x79, 0xED, 0x85, 0xAB, 0x57, 0x71, 0xB1, 0xB8,
    0xFA, 0x12, 0x75, 0xA7, 0x66, 0x88, 0x48, 0x1D, 0x51, 0x9C, 0xAB, 0xEA, 0x5C, 0x59, 0xF2, 0x80,
    0xA8, 0xD6, 0x26, 0xB5, 0xB0, 0xFA, 0x5A, 0x09, 0x10, 0xB2, 0x92, 0x5B, 0x43, 0x52, 0xD5, 0x90,
    0x54, 0xE3, 0x93, 0x6A, 0x91, 0xD4, 0x21, 0xA9, 0x3C, 0x4A, 0x3D, 0x7A, 0xC0, 0x4C, 0xA2, 0x3A,
    0xA0, 0x1A, 0x93, 0xAA, 0xE5, 0x2D, 0xFD, 0xFE, 0xA4, 0x7A, 0x55, 0xDA, 0x14, 0xAD, 0x28, 0x33,
    0x25, 0x55, 0x86, 0xA4, 0x6A, 0xAF, 0xEA, 0xA3, 0x60, 0x9D, 0xAA, 0xF7, 0xA2, 0x87, 0xAA, 0xE5,
    0x84, 0x6B, 0xA7, 0xD7, 0x1F, 0x76, 0x27, 0xD4, 0x94, 0x54, 0x23, 0x0A, 0xC9, 0x38, 0xED, 0x6E,
    0xC1, 0xB7, 0xB3, 0x92, 0xBA, 0xF2, 0xE0, 0x00, 0xA2, 0xA9, 0xA5, 0x80, 0x82, 0x34, 0x1E, 0x5A,
    0x87, 0x82, 0xE6, 0x62, 0x81, 0x1D, 0x41, 0xA9, 0x7A, 0x3D, 0x7A, 0xF7, 0x14, 0x56, 0x80, 0xED,
    0x70, 0xCE, 0xAF, 0x26, 0x29, 0xE4, 0x29, 0x09, 0x67, 0xA4, 0x5C, 0xD0, 0x59, 0xEF, 0xF4, 0x97,
    0x09, 0xE1, 0x66, 0x40, 0xDF, 0x01, 0xDB, 0x73, 0x94, 0x47, 0xE6, 0x21, 0xA7, 0x09, 0x70, 0x76,
    0x2A, 0xBF, 0x84, 0xDC, 0xA9, 0xAF, 0x89, 0xB8, 0x4A, 0x5D, 0x49, 0x31, 0x93, 0xC3, 0x29, 0xFD,
    0x19, 0x4E, 0x39, 0x7F, 0xB8, 0xB6, 0xC5, 0x8A, 0xDC, 0xC2, 0xC4, 0xB1, 0x33, 0xA9, 0xFE, 0x70,
    0x1C, 0x98, 0x7F, 0x96, 0x12, 0x9F, 0x90, 0x3C, 0xA5, 0xDF, 0x7F, 0x1B, 0x07, 0xEC, 0xE2, 0x4E,
    0x56, 0xA2, 0x01, 0x68, 0x21, 0x7D, 0xD8, 0x6A, 0x64, 0xBA, 0x41, 0x35, 0x1D, 0x2F, 0x46, 0x6A,
    0xA5, 0x66, 0x14, 0xB2, 0xC3, 0x25, 0xD4, 0x53, 0x27, 0x47, 0x08, 0x94, 0x4E, 0xA9, 0x93, 0x58,
    0x51, 0xDF, 0xD5, 0x93, 0x50, 0x15, 0x85, 0xCA, 0x45, 0xC8, 0x90, 0x63, 0xCA, 0x68, 0x64, 0x42,
    0x4B, 0x3F, 0xFC, 0x45, 0xD4, 0x69, 0x2B, 0xEE, 0xF4, 0xC8, 0x91, 0xE6, 0xFA, 0x73, 0x80, 0x9F,
    0xC4, 0xAB, 0xC4, 0x01, 0xD7, 0x01, 0xD8, 0xCF, 0x8C, 0x00, 0xEA, 0xBF, 0x0C, 0xE7, 0x91, 0x32,
    0x43, 0x7E, 0xDF, 0xB5, 0x7D, 0xE1, 0x71, 0x89, 0x89, 0x80, 0x96, 0x31, 0x23, 0x46, 0x73, 0xC8,
    0xE8, 0x57, 0x50, 0x4E, 0xEC, 0xFC, 0x2A, 0xA0, 0x11, 0xAC, 0x07, 0x54, 0xA3, 0x60, 0xD8, 0xB0,
    0x19, 0xF4, 0x33, 0xF2, 0x79, 0xCD, 0x0A, 0x80, 0x56, 0x06, 0xE1, 0x2B, 0xD4, 0x01, 0x79, 0xD8,
    0x7F, 0x6D, 0xAC, 0x6E, 0x68, 0x23, 0x62, 0xEF, 0x72, 0xC5, 0xCD, 0xC8, 0x35, 0xEB, 0x76, 0x25,
    0x14, 0x37, 0x5C, 0x46, 0xAE, 0xF6, 0x40, 0xEB, 0x6C, 0xC7, 0xD8, 0x32, 0xCA, 0xC8, 0x48, 0xB0,
    0x13, 0x4E, 0x23, 0x9A, 0xF3, 0x83, 0x1D, 0x1D, 0xF0, 0x3A, 0xDD, 0x34, 0xCD, 0x78, 0x2F, 0x13,
    0xDA, 0x2C, 0x0A, 0x37, 0xEF, 0x0B, 0xC2, 0x15, 0x0D, 0xC2, 0x86, 0x3A, 0xE1, 0x8C, 0x70, 0xA9,
    0xA5, 0x18, 0xEA, 0xBC, 0xF1, 0x84, 0x13, 0x1A, 0xD6, 0x4B, 0x8F, 0x0E, 0xE4, 0x0B, 0x84, 0x8B,
    0x49, 0xB9, 0x1E, 0x95, 0xDB, 0x4E, 0x38, 0x23, 0x08, 0x9B, 0xA8, 0x5C, 0x05, 0x65, 0x3B, 0x28,
    0xAB, 0xB3, 0xB5, 0x8E, 0x8E, 0x79, 0x7B, 0xDD, 0xD1, 0xA0, 0xDC, 0x06, 0xE5, 0x3A, 0x2A, 0x97,
    0xA4, 0x9C, 0x53, 0x27, 0x0C, 0x1A, 0x94, 0xED, 0xA4, 0x5C, 0x45, 0x65, 0x43, 0x90, 0x18, 0x6D,
    0x46, 0x5E, 0xF2, 0x0F, 0x22, 0xE1, 0x6C, 0x65, 0x54, 0xDE, 0x8C, 0x40, 0x11, 0x2A, 0x0F, 0xE4,
    0xD1, 0x3A, 0x00, 0x9A, 0x03, 0x1B, 0x19, 0x9B, 0x49, 0xAA, 0xFF, 0x0C, 0xC0, 0xEB, 0xC0, 0xA0,
    0x5F, 0x2A, 0xD8, 0x08, 0xE6, 0x82, 0xB8, 0x1D, 0x36, 0x14, 0xCE, 0x31, 0xE7, 0xCC, 0xCA, 0xA2,
    0x5C, 0x67, 0x27, 0x42, 0xD3, 0x31, 0x72, 0x9B, 0xA4, 0x6C, 0x66, 0xA4, 0x20, 0x38, 0xED, 0xF1,
    0x11, 0x43, 0xF2, 0xAE, 0xF8, 0x1C, 0xFD, 0x20, 0x77, 0x05, 0xC6, 0x2A, 0x32, 0x9A, 0x03, 0x63,
    0xC6, 0xEE, 0x76, 0xD0, 0xDF, 0xF8, 0x69, 0x11, 0x3C, 0xDC, 0x71, 0x70, 0xB7, 0xD3, 0xE0, 0xAE,
    0xD7, 0xE0, 0xEE, 0x78, 0x7F, 0xC1, 0xDD, 0xA8, 0xC1, 0xDD, 0xB9, 0x16, 0x9A, 0x6E, 0x0A, 0xEE,
    0x06, 0x0D, 0xEE, 0x0E, 0x1A, 0xDC, 0xF5, 0x12, 0xDC, 0x25, 0xCD, 0xD9, 0xA2, 0xF9, 0x0C, 0xE0,
    0x5C, 0x53, 0xB7, 0xD7, 0x01, 0xAE, 0x0A, 0x22, 0xEE, 0x47, 0xBD, 0x52, 0xF7, 0x81, 0x19, 0x6F,
    0xA2, 0xE9, 0x4B, 0x81, 0x14, 0xFC, 0x05, 0xAE, 0x3F, 0x7F, 0x51, 0xDF, 0x01, 0x40, 0x2D, 0x79,
    0x4D, 0x39, 0xCD, 0xA7, 0xB4, 0x43, 0x28, 0x04, 0x0E, 0xBF, 0x0A, 0x18, 0x0A, 0x69, 0x98, 0xFD,
    0x3A, 0x00, 0x7A, 0xF3, 0x45, 0x02, 0x1E, 0xCD, 0x58, 0x3D, 0xF0, 0xCC, 0xBE, 0x15, 0xD5, 0x7A,
    0xDC, 0xF7, 0x50, 0xE5, 0x78, 0x4C, 0xD5, 0x07, 0x84, 0x4B, 0x12, 0x4A, 0xE3, 0xD4, 0xCF, 0x21,
    0x59, 0x4B, 0x74, 0x0C, 0x17, 0xED, 0xC5, 0x5D, 0xED, 0xAF, 0xC2, 0xC9, 0x59, 0xED, 0x6B, 0x5F,
    0x06, 0xEB, 0xCC, 0xCC, 0x19, 0x8C, 0x40, 0x3F, 0x01, 0xEC, 0xEE, 0xA7, 0x1C, 0xC4, 0xB2, 0x00,
    0xB4, 0x41, 0xEE, 0xCC, 0xA5, 0x92, 0x03, 0x50, 0x3D, 0xC0, 0xAB, 0xD6, 0xB3, 0x47, 0x20, 0xC8,
    0x20, 0x5E, 0x4C, 0xB2, 0xE4, 0x86, 0xC1, 0xB9, 0xC9, 0x78, 0xB3, 0xEF, 0x09, 0xA2, 0x50, 0x35,
    0x2A, 0x75, 0x42, 0x57, 0xF0, 0x48, 0x2E, 0x14, 0x80, 0x9F, 0x77, 0x80, 0x8C, 0xD5, 0x29, 0x7E,
    0x5B, 0x4E, 0x7B, 0xE9, 0x9B, 0x6E, 0x6F, 0xCB, 0x1F, 0xF5, 0x48, 0x2C, 0x14, 0x2E, 0x06, 0x8F,
    0xCA, 0x49, 0x39, 0x8F, 0xCA, 0xB8, 0xB6, 0x71, 0x83, 0xCB, 0x2D, 0x1D, 0x9B, 0x59, 0x79, 0x62,
    0x4E, 0xC7, 0x38, 0xF6, 0x43, 0x1C, 0x44, 0xCA, 0x0B, 0x75, 0xCA, 0xAD, 0x57, 0xB6, 0xA3, 0x72,
    0x15, 0x94, 0xCB, 0x59, 0xD9, 0x2C, 0xCA, 0x39, 0x29, 0x83, 0x9C, 0x72, 0xEB, 0x95, 0xED, 0xA0,
    0x5C, 0x07, 0xE5, 0x72, 0x56, 0x36, 0x51, 0x39, 0x3F, 0x28, 0x83, 0x94, 0xF5, 0x98, 0x8B, 0x1E,
    0xD0, 0x10, 0xAE, 0x49, 0xB9, 0x5C, 0x39, 0x1D, 0xCD, 0x48, 0x07, 0x33, 0xD2, 0xB1, 0x0C, 0xBC,
    0xEA, 0x47, 0xF7, 0xB9, 0xA8, 0x8A, 0x47, 0x41, 0x7D, 0x12, 0xB4, 0x47, 0x5D, 0x22, 0x73, 0x37,
    0x1F, 0x90, 0xD0, 0xE3, 0x11, 0xBA, 0x19, 0x68, 0xA5, 0xA6, 0xB6, 0x83, 0x11, 0x0B, 0x72, 0x41,
    0x3C, 0x08, 0xD4, 0xC3, 0x0F, 0x7A, 0xF4, 0xA1, 0x17, 0x3C, 0xDA, 0x9B, 0xC7, 0xBD, 0x67, 0xA9,
    0xFB, 0xF7, 0x81, 0xF8, 0x77, 0x6F, 0x11, 0x03, 0x28, 0x0A, 0xA1, 0x0F, 0x35, 0x4E, 0x28, 0xEF,
    0x52, 0x4A, 0xDE, 0x7B, 0xB4, 0x23, 0x02, 0x27, 0x3F, 0x97, 0x6A, 0x58, 0xF2, 0x66, 0x87, 0x74,
    0xE2, 0x7F, 0x39, 0x9F, 0xAF, 0x1C, 0x36, 0x93, 0xFC, 0xBE, 0xF4, 0x25, 0x00, 0x5E, 0x51, 0x00,
    0xF8, 0xE4, 0x22, 0xA9, 0x4F, 0xE4, 0xD7, 0xD4, 0xEB, 0xEE, 0x05, 0x88, 0x0D, 0xEC, 0xDD, 0x59,
    0x4A, 0x7A, 0xF1, 0xCC, 0x50, 0x0A, 0x08, 0x8B, 0x5F, 0x93, 0xAA, 0xDC, 0x93, 0x78, 0xC1, 0x5D,
    0xC7, 0x0B, 0xBE, 0xFE, 0x0C, 0x62, 0x34, 0xDC, 0xF4, 0x7B, 0x5F, 0x7E, 0xD9, 0xEF, 0x7D, 0x4E,
    0xF9, 0xA9, 0x87, 0x31, 0x6E, 0x70, 0x0F, 0xC3, 0xC9, 0xC5, 0x75, 0xEB, 0x59, 0x21, 0x41, 0xB6,
    0x43, 0xE5, 0xD5, 0x87, 0x0E, 0xF4, 0x8F, 0x59, 0x7F, 0x40, 0x4E, 0x40, 0xB9, 0xC8, 0x3A, 0xA0,
    0x20, 0x5D, 0x9E, 0x50, 0xD7, 0x8C, 0x80, 0xED, 0xBD, 0x1D, 0x80, 0x68, 0x47, 0x9E, 0x1B, 0xA7,
    0x26, 0xB4, 0x1E, 0xE5, 0x50, 0x87, 0xDE, 0xA3, 0xE9, 0xAA, 0xD0, 0x77, 0x78, 0x2F, 0xAA, 0x69,
    0xA5, 0xC8, 0xE4, 0x4D, 0xC0, 0xFA, 0xA2, 0xAF, 0xFC, 0x4A, 0xAD, 0xB7, 0x0E, 0x75, 0xB0, 0xC3,
    0x35, 0x30, 0xFD, 0xFD, 0x0C, 0x34, 0x63, 0xF3, 0x7F, 0xFC, 0x50, 0x5F, 0x91, 0x97, 0x55, 0x01,
    0xC9, 0x78, 0x60, 0xC8, 0xA1, 0x58, 0x56, 0x9A, 0xD0, 0x4A, 0xEF, 0x24, 0x1A, 0xD0, 0x7C, 0x9B,
    0x4C, 0xA9, 0xED, 0xEA, 0xDC, 0x33, 0xEC, 0x55, 0xBD, 0x05, 0x08, 0xF6, 0xF1, 0xBF, 0x98, 0xB4,
    0x19, 0x33, 0xD6, 0x8E, 0xF1, 0x43, 0x8E, 0x97, 0x4F, 0xFF, 0xD8, 0xC8, 0x41, 0xE3, 0xEB, 0x80,
    0x34, 0x99, 0x9C, 0x5C, 0x3B, 0xA5, 0xFF, 0xD5, 0x13, 0x50, 0x47, 0xD4, 0x23, 0xDA, 0x03, 0xD7,
    0xCD, 0x42, 0x2B, 0x9A, 0x40, 0x9C, 0x3D, 0xCF, 0xD8, 0x48, 0x9F, 0xBF, 0xC6, 0xF8, 0x27, 0x13,
    0x08, 0xCD, 0xBF, 0x8C, 0x20, 0xD4, 0xD4, 0x65, 0x07, 0x54, 0x94, 0x8E, 0xA6, 0xCF, 0x9C, 0xFD,
    0xD7, 0x05, 0xC9, 0xB6, 0x47, 0xDD, 0xCB, 0x1A, 0xEB, 0x44, 0xA6, 0x74, 0xFA, 0x23, 0x82, 0xEC,
    0x00, 0x84, 0xAA, 0x60, 0x9D, 0x34, 0xC9, 0xBA, 0xD3, 0x21, 0xD7, 0x33, 0x5D, 0x31, 0xFE, 0x91,
    0x0D, 0xEC, 0x82, 0xBC, 0xFE, 0xAF, 0x85, 0xBE, 0x93, 0xE2, 0x7B, 0xC0, 0x68, 0xB1, 0x97, 0x62,
    0x00, 0xD0, 0xE4, 0xA3, 0xF4, 0xC5, 0xCF, 0x39, 0x5A, 0xBE, 0x0D, 0x69, 0x0B, 0x96, 0x13, 0x49,
    0xA3, 0xCC, 0xC9, 0xA1, 0x9A, 0xD0, 0x77, 0x72, 0xE6, 0xDE, 0xA3, 0x38, 0x63, 0x04, 0x14, 0xB3,
    0xDE, 0x33, 0x90, 0x96, 0xC2, 0x73, 0x85, 0xF3, 0x67, 0x16, 0xAC, 0x58, 0x4D, 0x82, 0x81, 0xB1,
    0x0E, 0x9B, 0xA6, 0x15, 0x97, 0x82, 0x06, 0x6D, 0x66, 0x9D, 0xA1, 0x43, 0x4D, 0x0E, 0xED, 0x28,
    0xC1, 0xE4, 0x42, 0x1D, 0xDE, 0xD0, 0xC0, 0xD4, 0x52, 0x60, 0x5A, 0xF2, 0x89, 0x29, 0x48, 0xCF,
    0xCA, 0x46, 0x7C, 0xFA, 0xA3, 0x5B, 0x5F, 0xF5, 0x41, 0x8A, 0x2D, 0xAB, 0xC4, 0x01, 0xD9, 0xCC,
    0xA3, 0xC5, 0x98, 0xAD, 0xE0, 0x31, 0xC1, 0x74, 0x78, 0xF3, 0x0B, 0x11, 0x6A, 0x6F, 0x26, 0x3B,
    0x70, 0xA1, 0x38, 0xDF, 0xF9, 0x52, 0xCA, 0xEE, 0xC2, 0x30, 0xD6, 0xDD, 0x04, 0xA0, 0xF0, 0xB7,
    0x1C, 0xF1, 0xAC, 0x8C, 0x22, 0x8A, 0xA7, 0x82, 0x66, 0x01, 0x2A, 0xC1, 0x52, 0x30, 0x3F, 0x63,
    0x04, 0x6E, 0x83, 0x32, 0x6C, 0x1C, 0xA3, 0xBE, 0x7E, 0x7B, 0xCC, 0x3E, 0x87, 0xB1, 0x08, 0x8C,
    0xE5, 0xA8, 0x79, 0xB0, 0x3B, 0x7A, 0xCD, 0x26, 0x0F, 0xA8, 0x35, 0x97, 0xB0, 0x90, 0x53, 0x9D,
    0x4B, 0x11, 0x00, 0x9B, 0xAF, 0x50, 0xB9, 0x09, 0xC8, 0x9C, 0x1C, 0xA4, 0x48, 0xD1, 0x94, 0x86,
    0x16, 0xF1, 0x22, 0x6F, 0x30, 0x7A, 0x6F, 0x22, 0x9A, 0xA1, 0x08, 0xA8, 0xC6, 0x6A, 0x85, 0x50,
    0x8D, 0x28, 0x43, 0x45, 0x44, 0x53, 0xBD, 0x83, 0x04, 0x1B, 0x04, 0x34, 0x7C, 0x00, 0xF6, 0x64,
    0x6A, 0xAA, 0x19, 0x8D, 0xD9, 0xC4, 0xCF, 0x1B, 0x51, 0x93, 0x4C, 0xB5, 0x63, 0x5A, 0xB8, 0x18,
    0x8A, 0xD2, 0x84, 0x0F, 0x8C, 0x5D, 0x2B, 0xDB, 0xCC, 0x0A, 0xC0, 0x6B, 0x51, 0xBA, 0x87, 0xD7,
    0xDB, 0x28, 0xC9, 0x69, 0xF7, 0xD6, 0xCE, 0xBD, 0xE4, 0x33, 0xC0, 0x47, 0x8A, 0xB3, 0x80, 0x4F,
    0x47, 0x36, 0xE0, 0x35, 0x50, 0xDB, 0x3F, 0xDC, 0xCB, 0x3E, 0x84, 0x16, 0x14, 0x4B, 0x2E, 0x33,
    0x63, 0xCF, 0x5B, 0x3B, 0xDB, 0xD9, 0x15, 0xBC, 0xE5, 0x2D, 0x14, 0x3F, 0x7F, 0x68, 0x77, 0x90,
    0x29, 0x5E, 0xC0, 0xA7, 0xE5, 0xEB, 0x16, 0x8A, 0xD3, 0x83, 0x0E, 0xC5, 0x90, 0x1F, 0x07, 0x2F,
    0x3A, 0xD8, 0xD0, 0xFB, 0x7A, 0xB2, 0xBE, 0x88, 0xF5, 0x80, 0xA5, 0x1C, 0x61, 0x79, 0x1A, 0xED,
    0xC2, 0x0B, 0x76, 0x88, 0x56, 0xE7, 0xAC, 0xAE, 0x09, 0xD6, 0xF3, 0x5E, 0x2E, 0x8F, 0xD5, 0x80,
    0xEB, 0x66, 0x44, 0x9D, 0x85, 0x7D, 0xB4, 0x3E, 0xED, 0x24, 0xF3, 0xCD, 0x7A, 0xD5, 0xEB, 0x95,
    0x8B, 0xB3, 0x1C, 0xD0, 0xDE, 0xD5, 0x25, 0xDF, 0x5B, 0x53, 0x5C, 0x2F, 0xEE, 0xED, 0x25, 0x4D,
    0x6B, 0xC2, 0xBA, 0x6B, 0x9F, 0x8E, 0x2B, 0x6F, 0x47, 0x75, 0x5C, 0xFA, 0xF5, 0x8F, 0xCB, 0x4E,
    0xEE, 0x7E, 0xFE, 0xD6, 0x6F, 0xD3, 0x47, 0x69, 0x40, 0xAB, 0xA2, 0x60, 0x69, 0xB6, 0x59, 0x7C,
    0x37, 0xAE, 0xFE, 0x26, 0xAE, 0xFC, 0x2A, 0x5E, 0x82, 0x54, 0xB8, 0xB5, 0x6C, 0x0D, 0x75, 0x35,
    0x75, 0x5C, 0xB0, 0xDE, 0xA1, 0xBD, 0xED, 0x1F, 0x3F, 0xBC, 0xA6, 0x58, 0xD3, 0x22, 0xDE, 0x93,
    0x6A, 0x6F, 0xBD, 0xC6, 0xEE, 0x98, 0x32, 0x76, 0x23, 0x80, 0xF7, 0x1A, 0x0D, 0x22, 0x64, 0xE1,
    0x11, 0x0D, 0x30, 0xEE, 0xA3, 0x9A, 0x47, 0xC1, 0x85, 0xCE, 0xB8, 0x51, 0xA3, 0x35, 0x32, 0xAA,
    0xF1, 0x0D, 0xF8, 0xB0, 0xE7, 0xFD, 0x30, 0x70, 0x2E, 0x35, 0x82, 0x8A, 0x02, 0x53, 0x43, 0x33,
    0xD3, 0x33, 0x1A, 0x05, 0x5D, 0x6B, 0x9F, 0xE9, 0x37, 0xF1, 0xB2, 0x47, 0xB6, 0x46, 0x74, 0xFE,
    0xA8, 0x68, 0x82, 0xF4, 0x36, 0xAC, 0x5D, 0x0C, 0x58, 0x3B, 0x19, 0x20, 0xDD, 0xEC, 0xCD, 0x28,
    0x21, 0xF6, 0xFC, 0x56, 0x8B, 0x21, 0x29, 0x4D, 0x46, 0x9F, 0xC5, 0x04, 0xEB, 0x17, 0x5D, 0xCB,
    0xBF, 0x97, 0xC9, 0x84, 0x46, 0x37, 0x34, 0xD5, 0xE5, 0xB1, 0x2E, 0xA2, 0x7F, 0x54, 0x22, 0xE0,
    0x84, 0xC9, 0x43, 0x7A, 0xF9, 0xC8, 0x04, 0x1B, 0x84, 0xAA, 0xE9, 0x59, 0x28, 0x08, 0x35, 0x83,
    0xDE, 0xD7, 0xAD, 0x44, 0xB4, 0x40, 0x68, 0xC4, 0x9E, 0x72, 0x39, 0x39, 0x26, 0x50, 0x27, 0xD4,
    0x7A, 0x21, 0x3B, 0x1C, 0x53, 0x33, 0x0A, 0xD5, 0xE1, 0x98, 0xAA, 0x49, 0xC6, 0xB8, 0x2A, 0x8A,
    0x43, 0x0B, 0x1A, 0xD4, 0xAF, 0x21, 0x2D, 0x90, 0x65, 0x7D, 0xCC, 0x19, 0xB1, 0x1D, 0xCC, 0x5C,
    0x7B, 0x20, 0x96, 0x2B, 0x3C, 0x63, 0x06, 0x5E, 0x1A, 0xBB, 0xD4, 0xFE, 0xF0, 0xF1, 0x28, 0xC8,
    0x91, 0xAF, 0xE8, 0xBB, 0x68, 0xA8, 0xA4, 0xA4, 0x56, 0x60, 0x38, 0x59, 0xC1, 0x03, 0xF7, 0x0A,
    0xED, 0x20, 0xA1, 0x4C, 0xA0, 0xD2, 0x36, 0x53, 0xCF, 0x60, 0xEB, 0x25, 0x91, 0x89, 0x47, 0x91,
    0x4F, 0xB2, 0x5E, 0x37, 0x3E, 0x1B, 0x85, 0x10, 0x1E, 0xD9, 0x1A, 0x41, 0x73, 0x90, 0xD2, 0xCB,
    0xF7, 0x7A, 0x2E, 0xF9, 0x08, 0x33, 0xE8, 0x1A, 0x78, 0x85, 0x0E, 0xBF, 0x8A, 0x23, 0xFB, 0x46,
    0x7C, 0x25, 0xEA, 0xC5, 0x10, 0xEC, 0xA1, 0x21, 0x67, 0xA5, 0xD4, 0x0A, 0xEE, 0x14, 0x58, 0xF9,
    0x5E, 0x21, 0x93, 0x85, 0x8A, 0xF4, 0x54, 0x29, 0x6E, 0x13, 0x34, 0xE4, 0x5E, 0xC5, 0x66, 0xD4,
    0x00, 0x47, 0x15, 0xB4, 0x9E, 0x8C, 0x72, 0xFD, 0x19, 0x13, 0xA0, 0xCB, 0xE1, 0xC7, 0xF0, 0x88,
    0xE0, 0xA5, 0xDB, 0xCD, 0xB9, 0x5A, 0x11, 0xB1, 0x1C, 0xC0, 0x5D, 0x4A, 0xB7, 0x9B, 0xEE, 0xC5,
    0x72, 0xE4, 0x2F, 0xC5, 0x08, 0x0B, 0x9A, 0x85, 0x2B, 0x5A, 0x84, 0xEB, 0xAE, 0x15, 0xD6, 0x25,
    0x37, 0x8F, 0xD3, 0xA5, 0x7B, 0x5C, 0xEB, 0x14, 0x85, 0x2E, 0xA5, 0x34, 0x52, 0x46, 0x13, 0x80,
    0xEB, 0xD9, 0x0C, 0x60, 0x96, 0x93, 0xE6, 0x41, 0xB6, 0xE3, 0x23, 0x5E, 0xFA, 0x62, 0x3A, 0xCC,
    0xC9, 0x05, 0x90, 0xD2, 0x9C, 0x49, 0xD1, 0xEA, 0x75, 0x6E, 0x0E, 0x56, 0x42, 0x62, 0x1D, 0x8A,
    0xD0, 0x3A, 0x18, 0x06, 0x7C, 0x4E, 0xEB, 0xC5, 0x1B, 0x0C, 0xE2, 0x3B, 0xBA, 0x01, 0x7E, 0xDA,
    0x0C, 0xB4, 0xBA, 0x1D, 0xA3, 0x01, 0xC8, 0xC5, 0x37, 0xCD, 0x94, 0xA2, 0xDD, 0x45, 0xFC, 0x1C,
    0xC0, 0xC4, 0xB8, 0xC2, 0x7C, 0x9D, 0x5F, 0x6B, 0x79, 0x60, 0x6B, 0x7D, 0xD6, 0x8F, 0x12, 0x8D,
    0x5D, 0x61, 0xE1, 0x91, 0xF7, 0x0C, 0xC7, 0x76, 0xED, 0x3C, 0x6A, 0x26, 0xD0, 0x30, 0xD4, 0x0C,
    0xEF, 0x49, 0xBF, 0xE2, 0x8B, 0xBD, 0xEE, 0xC0, 0xB5, 0x11, 0x9A, 0xF5, 0x6A, 0xBB, 0x32, 0xF4,
    0x30, 0x81, 0x90, 0xFF, 0x28, 0x6D, 0x6D, 0xB5, 0x95, 0x4D, 0x02, 0xB9, 0x92, 0x68, 0x40, 0x2F,
    0xC1, 0x87, 0x59, 0xB3, 0x65, 0xE6, 0xDF, 0x5D, 0xAF, 0x08, 0x33, 0x1D, 0x50, 0x07, 0x22, 0xF2,
    0x44, 0x07, 0x5D, 0x47, 0x24, 0x2B, 0x3B, 0xA0, 0x1E, 0x75, 0x33, 0x54, 0x04, 0xFD, 0x56, 0x33,
    0x6A, 0x53, 0xB9, 0x0A, 0xB1, 0x96, 0xD8, 0x97, 0xC7, 0xF8, 0x1E, 0xF6, 0xF6, 0x4D, 0x08, 0x46,
    0x3C, 0x5F, 0xF8, 0xBA, 0x1B, 0xDA, 0x40, 0x07, 0xC1, 0x11, 0x37, 0x5B, 0x31, 0xEE, 0x9F, 0x2C,
    0x27, 0xC6, 0x4C, 0x10, 0x41, 0xDF, 0xBD, 0x10, 0x93, 0xB4, 0xDB, 0xD5, 0x02, 0xE8, 0xB5, 0x2A,
    0x5E, 0xCD, 0x9E, 0x5E, 0x2F, 0x66, 0x4E, 0xDF, 0xDB, 0x35, 0x7C, 0x14, 0x7A, 0x39, 0x1C, 0x34,
    0xA0, 0x58, 0xB0, 0xDB, 0xDB, 0xA5, 0xD2, 0xE5, 0x42, 0xBB, 0xD5, 0xF8, 0x15, 0x8D, 0xC8, 0xE7,
    0x03, 0xD4, 0x2C, 0x64, 0x88, 0x5C, 0xB1, 0xD5, 0x32, 0xBD, 0x7F, 0x11, 0xCE, 0x69, 0x4E, 0x7D,
    0x49, 0xD9, 0xFA, 0xDB, 0x9C, 0x4F, 0xAA, 0x88, 0x7C, 0xE2, 0x13, 0x1A, 0xB4, 0x71, 0xC8, 0x3C,
    0x36, 0x3E, 0x00, 0x66, 0xBB, 0x05, 0x3F, 0x98, 0xE7, 0xCB, 0x82, 0x00, 0xED, 0x24, 0xE5, 0x28,
    0x8F, 0xCA, 0x81, 0xCA, 0x9B, 0x00, 0x98, 0xCB, 0xCE, 0x27, 0xD5, 0xCF, 0x72, 0x3E, 0xA9, 0x15,
    0x2C, 0x04, 0x71, 0x3B, 0xEC, 0x39, 0x2F, 0x05, 0x45, 0x80, 0x1A, 0xFE, 0x02, 0x92, 0x40, 0x32,
    0xFD, 0xE3, 0x09, 0x39, 0xB0, 0xE8, 0x18, 0xDB, 0x07, 0x80, 0x19, 0x39, 0xF4, 0x83, 0xA5, 0xB9,
    0xA2, 0x45, 0xF0, 0xF0, 0xFF, 0x7D, 0xD0, 0x21, 0x8C, 0x14, 0x31, 0x18, 0xC5, 0xF1, 0xFF, 0x6E,
    0x73, 0x4C, 0x48, 0x8F, 0x14, 0x09, 0x08, 0x6A, 0x4F, 0x5D, 0x4F, 0xAE, 0x99, 0x6B, 0xF1, 0x06,
    0xAF, 0xD0, 0x28, 0x04, 0x72, 0xC3, 0xD7, 0xE0, 0x05, 0xDE, 0x2B, 0xBC, 0x38, 0x41, 0x32, 0xF5,
    0xAA, 0x5E, 0x55, 0xE0, 0x53, 0x31, 0x24, 0x23, 0x66, 0xB6, 0x74, 0x96, 0xE0, 0x08, 0xE9, 0xEB,
    0x4B, 0xDB, 0xA4, 0xC9, 0xAF, 0xFD, 0x18, 0x91, 0x82, 0xAD, 0x0C, 0x0B, 0x87, 0x15, 0xBE, 0x80,
    0x85, 0xEF, 0xE1, 0xD8, 0x82, 0xDA, 0xD0, 0x33, 0x26, 0xE3, 0x02, 0x23, 0xF0, 0x26, 0x80, 0x64,
    0x68, 0x15, 0xD5, 0x56, 0x86, 0xBA, 0x61, 0x92, 0xC7, 0xF7, 0x36, 0xE9, 0xAD, 0xAF, 0xF7, 0x7E,
    0x1B, 0xCF, 0xB2, 0x3E, 0xD9, 0x65, 0x1E, 0x8A, 0xB4, 0xED, 0x4F, 0x3E, 0xF0, 0xFC, 0x89, 0xFB,
    0x33, 0xA3, 0x67, 0x75, 0x6D, 0x31, 0xAD, 0x1E, 0x5B, 0x74, 0x51, 0xF2, 0x54, 0x24, 0xBB, 0x68,
    0xA3, 0x0B, 0x3E, 0xF5, 0x91, 0x65, 0xEF, 0xB4, 0xEF, 0xE5, 0x9B, 0xAC, 0x72, 0x61, 0xE2, 0x91,
    0x1F, 0xBA, 0xDC, 0xA0, 0xCB, 0xE9, 0xEE, 0xE1, 0xF6, 0xD3, 0x8B, 0x87, 0xDB, 0xD3, 0x9D, 0x2E,
    0x7A, 0x71, 0xD5, 0x54, 0x9F, 0x4D, 0x9E, 0x82, 0x8D, 0x1B, 0x4E, 0x55, 0xC6, 0x21, 0xF1, 0x9A,
    0x67, 0x61, 0xBF, 0xDD, 0xCF, 0x51, 0xBF, 0x56, 0x0E, 0x6D, 0xBE, 0x5A, 0xF1, 0x09, 0x5F, 0xA6,
    0x68, 0xAB, 0x4F, 0xC3, 0x62, 0xD3, 0x61, 0xD5, 0x19, 0xAF, 0x0A, 0xE6, 0xDD, 0x4E, 0xE9, 0xA0,
    0xCE, 0xF2, 0xAC, 0x9D, 0xD8, 0xA1, 0xEF, 0xB9, 0x81, 0x63, 0x31, 0x71, 0xE4, 0x11, 0xB9, 0x82,
    0xFA, 0x02, 0x09, 0xF8, 0x6B, 0x26, 0x64, 0x43, 0x0A, 0xFF, 0x7F, 0x81, 0x8D, 0x3E, 0xBB, 0xAC,
    0xB2, 0x4A, 0x3A, 0x8E, 0xBC, 0x84, 0xCF, 0x50, 0x50, 0x09, 0xBD, 0x60, 0x2E, 0x20, 0x60, 0x39,
    0x39, 0xA4, 0xF3, 0x7F, 0xC2, 0x2B, 0x38, 0x73, 0xA8, 0xA8, 0x8C, 0x49, 0xD8, 0x80, 0x07, 0xFF,
    0x15, 0xDF, 0x70, 0x17, 0xF4, 0xCC, 0x3F, 0xFF, 0x50, 0xDA, 0xF6, 0x37, 0x2D, 0xEF, 0xF3, 0x37,
    0xE5, 0xDA, 0x31, 0xAC, 0xE4, 0xD6, 0x75, 0xF0, 0xF1, 0x1F, 0x49, 0x4B, 0xC4, 0xF7, 0x4D, 0x41,
    0x15, 0xEB, 0xC2, 0x16, 0xE2, 0x69, 0xDC, 0xC4, 0x41, 0x3C, 0xAD, 0x8B, 0x5D, 0x91, 0x89, 0x4B,
    0x17, 0x79, 0x85, 0xDC, 0xA7, 0x50, 0x93, 0x14, 0x56, 0xAB, 0x42, 0x2B, 0x0E, 0x92, 0x1E, 0xD9,
    0xBE, 0x72, 0xA1, 0x22, 0x56, 0x93, 0x46, 0xC5, 0x16, 0x2B, 0x0F, 0xAD, 0xC6, 0x2D, 0x93, 0x04,
    0x48, 0x19, 0x06, 0x10, 0x90, 0x22, 0x45, 0x18, 0x80, 0x08, 0x66, 0x13, 0x0E, 0x4F, 0x34, 0xBC,
    0x4A, 0x66, 0x90, 0x5D, 0x43, 0x0E, 0x1C, 0x3C, 0xBF, 0xB7, 0x7B, 0x40, 0xFD, 0xCF, 0x90, 0x5C,
    0x11, 0xF7, 0xDE, 0xFF, 0xF0, 0xDE, 0x73, 0x07, 0x8F, 0x62, 0x01, 0x9B, 0x00, 0x55, 0x34, 0xB0,
    0x8D, 0x0E, 0x76, 0xED, 0x9A, 0xEA, 0x7A, 0x80, 0xC7, 0xDB, 0x11, 0xE6, 0x6A, 0x82, 0xE3, 0xE6,
    0x88, 0x6C, 0x2A, 0x67, 0x14, 0xE3, 0xFA, 0x98, 0x62, 0xC8, 0x03, 0x9B, 0x5E, 0x34, 0x54, 0x9D,
    0xD8, 0xB3, 0xDD, 0x6B, 0x3B, 0x76, 0x11, 0xD1, 0x53, 0x47, 0xC4, 0x48, 0x9B, 0xD2, 0x67, 0x54,
    0x47, 0x66, 0x36, 0xB3, 0xEC, 0x48, 0x71, 0x52, 0x4C, 0x6B, 0xA3, 0x8A, 0x91, 0x2C, 0x6C, 0x06,
    0xC4, 0x7E, 0x3B, 0x90, 0x45, 0x7F, 0x98, 0xA9, 0x62, 0xFE, 0x2A, 0xC1, 0x75, 0xE4, 0x47, 0xB0,
    0x39, 0xA5, 0xB4, 0x5C, 0x9F, 0xA5, 0x7B, 0x6F, 0x47, 0x23, 0x8B, 0x98, 0x6C, 0x22, 0x66, 0xBB,
    0x69, 0x73, 0x52, 0xF7, 0xF9, 0xA2, 0xEE, 0x84, 0xEF, 0x34, 0x02, 0x2B, 0xDE, 0x8C, 0xF3, 0x7F,
    0xC1, 0x21, 0x42, 0x19, 0x4F, 0xC2, 0x76, 0x12, 0xEA, 0x5E, 0xA4, 0x7F, 0xDC, 0x76, 0xEB, 0xA7,
    0x22, 0xD4, 0xD3, 0x36, 0x9A, 0x73, 0xEF, 0x96, 0x2A, 0x8E, 0xED, 0x29, 0x5B, 0x1B, 0x7B, 0x89,
    0xEC, 0xA9, 0x34, 0xC8, 0xCA, 0x48, 0x58, 0x7B, 0x89, 0xF7, 0x48, 0xDD, 0x47, 0x15, 0xFB, 0x94,
    0x3A, 0xB0, 0x4D, 0x69, 0x93, 0xD2, 0xB6, 0x81, 0xEC, 0x04, 0x34, 0x5E, 0x88, 0x7B, 0x2D, 0xF1,
    0x1B, 0xB0, 0x3B, 0xA2, 0x8E, 0x15, 0x7B, 0xEC, 0xCE, 0xA8, 0x1A, 0xEC, 0x90, 0xAF, 0xCD, 0x7B,
    0xE2, 0x12, 0xB7, 0xAC, 0xF2, 0x7B, 0x7B, 0x10, 0x1D, 0x58, 0x56, 0x85, 0xF9, 0x11, 0x9B, 0x28,
    0x06, 0x6C, 0xE3, 0xF3, 0x06, 0xF5, 0x5F, 0x0C, 0x70, 0x2A, 0x26, 0xE4, 0x93, 0x67, 0xC0, 0x2B,
    0x26, 0x0C, 0x3F, 0x6E, 0x60, 0x35, 0x95, 0x2F, 0xE4, 0x1F, 0x17, 0x47, 0xAA, 0xB9, 0x1C, 0xD8,
    0x45, 0xB5, 0xA7, 0x3E, 0xEC, 0xB1, 0x6C, 0x3B, 0xF2, 0x63, 0x39, 0x52, 0x0C, 0xD9, 0xD1, 0x8B,
    0x91, 0x3C, 0x26, 0x91, 0xC9, 0x64, 0x52, 0x99, 0x5C, 0x26, 0x3F, 0x92, 0x4D, 0x84, 0xE4, 0x33,
    0x09, 0x4D, 0x46, 0x93, 0xD2, 0xE4, 0x34, 0x49, 0x4D, 0xFF, 0x57, 0xD2, 0x9A, 0xBC, 0x26, 0xB1,
    0x56, 0xB3, 0x56, 0xB5, 0x92, 0xDB, 0x6F, 0x3F, 0x01, 0x69, 0x6C, 0x15, 0x33, 0xC9, 0xDF, 0x09,
    0xDE, 0x49, 0x76, 0xDE, 0x48, 0x5A, 0x5E, 0x0F, 0xB9, 0xDF, 0x6C, 0xA0, 0x1D, 0x20, 0xB5, 0xAD,
    0x9C, 0xF2, 0x8F, 0xC9, 0x8E, 0xD5, 0x8C, 0x0F, 0x77, 0xC1, 0xBD, 0xB1, 0x8B, 0x36, 0x09, 0x6E,
    0xE7, 0x94, 0x4E, 0xAE, 0x67, 0xD2, 0xC7, 0xC8, 0x4F, 0x9E, 0xAD, 0xAE, 0xCA, 0xF4, 0x1E, 0xFF,
    0xE2, 0xB5, 0x51, 0x8D, 0x9F, 0x41, 0x8C, 0x58, 0x4F, 0xFF, 0xEA, 0x0C, 0x2B, 0x9E, 0x29, 0xE7,
    0xEC, 0xA8, 0x3A, 0x55, 0x83, 0x3A, 0xFE, 0x1F, 0x6D, 0xDB, 0x71, 0x3E, 0x2B, 0xA6, 0x62, 0x54,
    0xF6, 0x9E, 0xFE, 0x76, 0x26, 0xE3, 0xDD, 0xFE, 0x03, 0x68, 0xA7, 0x4F, 0xE1, 0xD3, 0xC3, 0x08,
    0x63, 0xD5, 0xBB, 0x44, 0x19, 0xAE, 0xD6, 0xD2, 0x7A, 0x15, 0xEB, 0xE8, 0xF8, 0x6A, 0xD9, 0x7B,
    0xE0, 0x86, 0xD8, 0x8F, 0xB2, 0xF8, 0xB7, 0x51, 0x1E, 0x31, 0xC8, 0xFB, 0xE8, 0x15, 0xDD, 0x76,
    0x0F, 0xA8, 0x66, 0xEC, 0x02, 0x3F, 0xDF, 0x76, 0xF2, 0xB3, 0xB8, 0xAC, 0x71, 0x73, 0xEB, 0xCE,
    0x8A, 0xD3, 0xF5, 0x30, 0xDF, 0xC2, 0x74, 0x7A, 0x8F, 0x2B, 0xD4, 0xFC, 0x63, 0x54, 0xA7, 0x55,
    0x5C, 0x9A, 0x69, 0xD3, 0x44, 0xBB, 0xCE, 0xB3, 0xC5, 0x98, 0x4D, 0xB2, 0xC6, 0xBB, 0xB8, 0x9B,
    0xE5, 0x6C, 0x6A, 0x3F, 0x9B, 0x09, 0x54, 0xFD, 0x55, 0x01, 0xEB, 0x1D, 0x70, 0xF3, 0x83, 0xEF,
    0xC2, 0x31, 0x9B, 0xA0, 0x8D, 0x11, 0xEA, 0xE8, 0xD3, 0x88, 0x34, 0xAF, 0x8A, 0xF8, 0x37, 0x6E,
    0x50, 0x8D, 0xD8, 0x75, 0xA8, 0xE1, 0x43, 0xB2, 0x66, 0x7C, 0x4B, 0xDE, 0x1B, 0x65, 0x53, 0x31,
    0x12, 0x31, 0x70, 0x88, 0xB5, 0x15, 0x70, 0xE3, 0xD6, 0xDD, 0xFE, 0x09, 0x70, 0x00, 0x76, 0x7B,
    0x50, 0x75, 0xA0, 0xE8, 0x93, 0xB3, 0xF1, 0x35, 0x70, 0x96, 0xBD, 0x8B, 0x6C, 0x81, 0x03, 0xEC,
    0x1A, 0x6C, 0x3A, 0xB2, 0x1F, 0x76, 0x77, 0xCD, 0x59, 0xF6, 0x1C, 0xE4, 0xD1, 0xA4, 0xD4, 0x81,
    0xF2, 0xAB, 0x94, 0x14, 0x7E, 0x04, 0xC6, 0xB7, 0x3E, 0x80, 0x67, 0xD7, 0xEA, 0xEC, 0x92, 0xBA,
    0x72, 0xF1, 0x6A, 0xA8, 0x93, 0xDF, 0xA0, 0x3C, 0x9D, 0x91, 0xC6, 0xB7, 0x41, 0x75, 0xC6, 0x16,
    0x66, 0x8A, 0xFE, 0x66, 0x94, 0x4F, 0xF9, 0x1D, 0xF0, 0xF7, 0x42, 0x19, 0x73, 0x48, 0x56, 0xC6,
    0xF7, 0x7B, 0x97, 0x18, 0x7D, 0x00, 0x9F, 0xBD, 0xCA, 0xE2, 0x5E, 0x5E, 0xC6, 0xFC, 0xF5, 0x75,
    0x19, 0xA3, 0xE8, 0x8D, 0xF2, 0xF1, 0x25, 0xE2, 0xB2, 0x9B, 0xDB, 0x74, 0x96, 0x0D, 0x1E, 0xC2,
    0xE8, 0x29, 0x9C, 0xF2, 0x97, 0x7A, 0x79, 0xCD, 0xEB, 0x97, 0x7C, 0xEF, 0x3D, 0x45, 0x67, 0x52,
    0x0C, 0xC6, 0x73, 0xE3, 0x57, 0x6D, 0xBD, 0xA4, 0x6D, 0xBB, 0x40, 0xE3, 0x4E, 0xD6, 0x2F, 0x69,
    0xE8, 0xA2, 0x4F, 0x7C, 0x7B, 0xE5, 0xF9, 0x56, 0xB5, 0x72, 0xB3, 0x32, 0x7F, 0x72, 0x26, 0x5F,
    0xC3, 0x88, 0x98, 0x5D, 0x33, 0x5D, 0xFF, 0x7A, 0x66, 0x37, 0x67, 0x96, 0xE3, 0x99, 0x9B, 0x21,
    0xB5, 0xA1, 0xBE, 0xB0, 0xE3, 0x3A, 0x76, 0x0D, 0x1C, 0x3A, 0x88, 0xFE, 0xF2, 0x39, 0xAD, 0x5C,
    0xD1, 0x70, 0x88, 0x49, 0x1E, 0x71, 0x52, 0x9E, 0xF2, 0x50, 0x8D, 0x0E, 0xCD, 0xB6, 0x53, 0xEF,
    0xEB, 0x2F, 0xD1, 0xD5, 0x7B, 0xBB, 0xAE, 0x3E, 0x3F, 0xBC, 0xBD, 0x60, 0x8F, 0x7A, 0x45, 0x77,
    0x46, 0x8F, 0xDD, 0x88, 0xEA, 0x88, 0x32, 0xF6, 0x65, 0x9F, 0x47, 0xC4, 0x5E, 0x1B, 0xA7, 0xB3,
    0x93, 0xBD, 0xEB, 0xF8, 0x8C, 0xB4, 0x26, 0x15, 0xB1, 0x27, 0x3F, 0x23, 0x0B, 0xF8, 0x2E, 0xB2,
    0xA5, 0x41, 0x16, 0x23, 0xF2, 0x38, 0x42, 0xBE, 0xD2, 0x04, 0xF9, 0x78, 0x29, 0x3F, 0x1E, 0xB8,
    0x8E, 0x7B, 0x21, 0xE6, 0x0D, 0xA8, 0x16, 0x69, 0xE3, 0x99, 0x60, 0xDB, 0x63, 0xD3, 0xA1, 0xDA,
    0x63, 0x81, 0xC1, 0x25, 0x6E, 0xD1, 0x52, 0x39, 0x94, 0x7B, 0xAA, 0x79, 0xB3, 0x67, 0x17, 0x7F,
    0xD4, 0xF0, 0xCE, 0x2E, 0xF0, 0xB0, 0x5C, 0xCE, 0xCC, 0x92, 0x89, 0xFB, 0x37, 0xEE, 0xAC, 0x43,
    0xF1, 0x90, 0xC3, 0xF0, 0x90, 0x38, 0x3E, 0x93, 0x4D, 0x71, 0x94, 0x8D, 0xF5, 0x28, 0x1F, 0xAA,
    0x01, 0x7E, 0x3B, 0x43, 0x8E, 0x37, 0x3F, 0x86, 0x6A, 0x82, 0x5D, 0x4F, 0xDB, 0xD5, 0x88, 0xE1,
    0x19, 0x45, 0x4C, 0x7F, 0xCC, 0xE6, 0x5F, 0x67, 0x6C, 0xBB, 0x16, 0xB5, 0xED, 0xFE, 0xDE, 0x4A,
    0xF8, 0xE6, 0x0D, 0xB4, 0x3D, 0x44, 0x23, 0xFB, 0xCB, 0xEC, 0x44, 0x11, 0xF9, 0x44, 0x15, 0x7F,
    0xDE, 0xB3, 0xFB, 0x97, 0x1E, 0xF5, 0x8F, 0x46, 0x9C, 0xF2, 0x23, 0xF9, 0xE4, 0x33, 0x78, 0xA9,
    0xA0, 0x64, 0x28, 0x29, 0x4A, 0x8E, 0x92, 0x24, 0xAB, 0x25, 0xAB, 0x26, 0xAB, 0x27, 0xAB, 0x28,
    0xED, 0x35, 0xF7, 0x50, 0x27, 0x76, 0x48, 0xBA, 0x92, 0xAF, 0x24, 0x2C, 0x19, 0x93, 0x94, 0x25,
    0x67, 0x49, 0xDA, 0x27, 0x97, 0x39, 0x75, 0x35, 0x46, 0x39, 0x6E, 0x47, 0xB2, 0xB1, 0x3E, 0xE2,
    0xBD, 0x38, 0x21, 0x9F, 0xDB, 0x74, 0xA3, 0xA3, 0xEA, 0xCA, 0xC1, 0x8B, 0x51, 0x45, 0x44, 0x4C,
    0x89, 0x6F, 0xAE, 0x14, 0x8D, 0x62, 0x65, 0xBE, 0xD2, 0xC7, 0x2B, 0x7D, 0x1D, 0x23, 0xE2, 0x9A,
    0x97, 0xBB, 0x5F, 0xC7, 0x77, 0x57, 0x11, 0xF3, 0x99, 0xF9, 0x31, 0xB5, 0xA1, 0xBA, 0x70, 0xFC,
    0xF1, 0x75, 0x4F, 0x07, 0xD8, 0x8C, 0x6F, 0xFE, 0x94, 0x7C, 0xAA, 0x66, 0x3C, 0xAB, 0x17, 0x68,
    0x0F, 0x0D, 0x4E, 0xBB, 0x8E, 0x62, 0xDA, 0x0C, 0x94, 0x7D, 0x3E, 0x79, 0x59, 0xEC, 0x16, 0x64,
    0x11, 0x3D, 0x9B, 0x88, 0x89, 0xED, 0xB4, 0x99, 0xA9, 0xBB, 0xFC, 0x44, 0x4B, 0x90, 0x8E, 0x85,
    0x43, 0xEA, 0x4B, 0x93, 0x5D, 0x73, 0x01, 0x89, 0xE1, 0xD2, 0x97, 0x36, 0x29, 0x1C, 0x60, 0xBB,
    0xD8, 0x36, 0x36, 0x11, 0x8B, 0x54, 0x3A, 0xF0, 0xF6, 0xD2, 0xC0, 0xE6, 0x28, 0x95, 0x57, 0x2B,
    0x3B, 0xD8, 0xAE, 0xAC, 0x3A, 0xEA, 0x6E, 0xDB, 0x10, 0xC3, 0x89, 0x3C, 0xA6, 0x1B, 0xCA, 0x57,
    0xE4, 0xBD, 0xFB, 0xDD, 0x06, 0xF5, 0x11, 0xED, 0x82, 0xDF, 0x0B, 0x68, 0xE1, 0x1D, 0xC5, 0xE2,
    0x99, 0x32, 0x8A, 0x49, 0x15, 0x9F, 0x37, 0xEA, 0x7F, 0x18, 0x68, 0x8B, 0x91, 0x39, 0x9B, 0xE5,
    0x83, 0xC7, 0xBF, 0x95, 0x59, 0xB1, 0x98, 0x2A, 0x54, 0xCB, 0xCA, 0x6A, 0xC1, 0xEF, 0x5C, 0x2F,
    0x3E, 0x87, 0xDE, 0xEA, 0x08, 0x9B, 0x61, 0x75, 0xD4, 0xEC, 0xEE, 0x61, 0x31, 0xF0, 0x80, 0xBA,
    0x7F, 0xC8, 0xE1, 0xF9, 0x53, 0x22, 0x26, 0xC6, 0x76, 0x64, 0xDC, 0xF4, 0x80, 0x22, 0x48, 0xDF,
    0xD3, 0xFA, 0x47, 0x03, 0x73, 0x76, 0xE4, 0xC6, 0x83, 0xDB, 0xB6, 0xA1, 0xED, 0x20, 0x06, 0xEB,
    0x8A, 0xE4, 0x8E, 0xAD, 0x48, 0xB7, 0x50, 0x27, 0x67, 0x3F, 0xBB, 0xD8, 0xD8, 0xA7, 0x65, 0x6A,
    0x5D, 0xA5, 0xD6, 0x45, 0x2A, 0x3B, 0x9A, 0x65, 0xC9, 0x8B, 0x3B, 0x58, 0x54, 0x17, 0x8B, 0x22,
    0xFA, 0x22, 0x46, 0xE5, 0x28, 0xFF, 0x92, 0xBD, 0x96, 0xB7, 0x90, 0x3C, 0x2D, 0x5F, 0x1E, 0x6F,
    0xC7, 0x17, 0xA2, 0xF9, 0x4D, 0x8E, 0x2C, 0x9E, 0xA4, 0x47, 0x7D, 0x83, 0xED, 0x73, 0xBB, 0x68,
    0x76, 0xD1, 0xD9, 0x76, 0xAA, 0xBD, 0x6D, 0x93, 0x9F, 0xE4, 0x4F, 0x00, 0x7E, 0xE2, 0xED, 0xC5,
    0x61, 0xD1, 0x2E, 0x36, 0x27, 0xF9, 0x49, 0xF6, 0xF5, 0x87, 0x72, 0x69, 0xDA, 0x18, 0xDB, 0x98,
    0xFE, 0xCF, 0x1B, 0x0C, 0x68, 0x89, 0x7D, 0x16, 0x9D, 0xD8, 0xFB, 0x48, 0x7E, 0x54, 0x86, 0xCD,
    0x7A, 0x94, 0x71, 0x3E, 0xBD, 0x8E, 0x7A, 0x51, 0x9F, 0xBC, 0xBD, 0x36, 0x3E, 0xFF, 0xDF, 0x77,
    0x01, 0xF0, 0x54, 0x11, 0x97, 0xC3, 0x7B, 0x38, 0x77, 0x8B, 0x2C, 0x22, 0x9A, 0x54, 0x1E, 0x8C,
    0xD4, 0xCF, 0xBD, 0x3F, 0x13, 0x7B, 0x65, 0x28, 0x16, 0x44, 0x57, 0xCE, 0x68, 0xFB, 0x6A, 0xC2,
    0x6E, 0xAC, 0x46, 0x6C, 0xC7, 0xED, 0x80, 0x6A, 0xDA, 0x0D, 0xD8, 0x1C, 0xEB, 0x1E, 0x9B, 0x79,
    0x4D, 0xE5, 0xFF, 0x4C, 0x43, 0xBA, 0x97, 0xFE, 0x65, 0xFA, 0x9A, 0x4D, 0xDB, 0x35, 0x8D, 0xD5,
    0x71, 0x7D, 0x58, 0x39, 0xA3, 0xEE, 0x8B, 0x48, 0x6F, 0x42, 0x74, 0xF2, 0xA0, 0x4D, 0x6D, 0x49,
    0x2D, 0x93, 0xDA, 0x99, 0x5A, 0xFD, 0x62, 0xFC, 0x9C, 0xEB, 0x9F, 0x1F, 0xF7, 0x90, 0xA5, 0xB3,
    0x74, 0xEF, 0xCD, 0x18, 0xA8, 0x63, 0x59, 0x9F, 0xD3, 0x15, 0x4B, 0xD3, 0x8E, 0xD5, 0x74, 0x6E,
    0xC8, 0xA0, 0x9C, 0x77, 0xBD, 0xE2, 0x54, 0x77, 0xF2, 0xE5, 0x4B, 0x64, 0x2B, 0xA2, 0xFD, 0x6F,
    0x7C, 0x75, 0x4D, 0x7E, 0xAA, 0x7B, 0xC5, 0xBC, 0x1D, 0x95, 0x73, 0x75, 0x54, 0x4D, 0xE7, 0x31,
    0x1E, 0xB2, 0xEB, 0x17, 0xE5, 0x89, 0xEB, 0xF8, 0x09, 0xA4, 0xD7, 0xA3, 0x4B, 0x48, 0xA7, 0xBE,
    0x05, 0xE5, 0x73, 0x6B, 0x8A, 0x2E, 0xA5, 0x01, 0x6C, 0x46, 0x50, 0x7C, 0x75, 0xD6, 0x5D, 0xF5,
    0xCE, 0x8D, 0x17, 0xE3, 0x3E, 0x4B, 0xCC, 0x1A, 0x14, 0x69, 0x26, 0x19, 0xCE, 0x18, 0x51, 0x8E,
    0xC8, 0x47, 0xD2, 0x18, 0xB4, 0x7B, 0x7C, 0xE0, 0x12, 0xB7, 0xAC, 0xF2, 0xDB, 0x29, 0xD7, 0x3D,
    0x38, 0x34, 0x08, 0x27, 0x14, 0xF1, 0x8B, 0x09, 0x9B, 0xF8, 0xC7, 0x3D, 0xB6, 0x7F, 0x3F, 0x41,
    0x6D, 0x86, 0x59, 0x0D, 0xBC, 0x62, 0xC2, 0xF0, 0xC6, 0x8D, 0xB5, 0x41, 0xA4, 0x41, 0xF9, 0x53,
    0x6D, 0x23, 0x8B, 0xEE, 0x44, 0x11, 0xFD, 0xC8, 0xE6, 0x3F, 0xD6, 0xA6, 0xFE, 0xCD, 0xFA, 0xF0,
    0xE6, 0x33, 0x7C, 0xF6, 0xD2, 0xD1, 0x48, 0x1E, 0x93, 0xC8, 0x64, 0xD2, 0xAA, 0xD2, 0xEA, 0xD2,
    0x2A, 0xD3, 0x6A, 0xD3, 0xAA, 0xD3, 0xEA, 0x6E, 0x65, 0x68, 0xAF, 0x98, 0xAE, 0xAF, 0x52, 0xAD,
    0x56, 0xAD, 0x5A, 0xAD, 0x5E, 0xAD, 0x62, 0x25, 0xB3, 0x49, 0x6D, 0x72, 0x9B, 0x36, 0xC2, 0x36,
    0x33, 0xC8, 0x4E, 0x40, 0x2B, 0x60, 0xFB, 0xC3, 0xE8, 0x90, 0xFF, 0x28, 0x06, 0xAF, 0x8B, 0xDC,
    0x5F, 0xBD, 0xFB, 0xDA, 0xCE, 0x78, 0x5A, 0x9F, 0xE0, 0x70, 0x40, 0xF6, 0x5F, 0xBB, 0xAF, 0x7E,
    0x2D, 0xAF, 0x46, 0x2F, 0x8B, 0xF7, 0x17, 0x14, 0x11, 0x03, 0xDB, 0x88, 0x99, 0xFA, 0x8B, 0x32,
    0x48, 0xCB, 0xE1, 0x42, 0xDB, 0xE5, 0xA7, 0xB5, 0x85, 0x33, 0xBB, 0xE1, 0xCC, 0x6D, 0xE2, 0x58,
    0x5E, 0xF1, 0x72, 0x7D, 0xB7, 0xD6, 0x71, 0x75, 0x97, 0x05, 0xED, 0xBA, 0x70, 0x46, 0xA3, 0xFD,
    0xA2, 0x5C, 0xD6, 0xE7, 0x1F, 0x29, 0x23, 0x7A, 0xBC, 0xFF, 0x9C, 0xD4, 0x87, 0x94, 0x92, 0xD9,
    0x3A, 0x80, 0x16, 0xD8, 0x41, 0x78, 0x84, 0x22, 0x3E, 0xFF, 0xEA, 0x3D, 0x6E, 0xB0, 0xFD, 0xE5,
    0x6B, 0xA0, 0x1A, 0xFF, 0xFF, 0x06, 0xB6, 0xCB, 0xCA, 0xF5, 0xCE, 0xB7, 0x63, 0x7F, 0xB5, 0x45,
    0xDD, 0x13, 0xCD, 0x8E, 0x3C, 0x7E, 0x31, 0xAF, 0xD3, 0xF3, 0x13, 0xAA, 0x7F, 0x5A, 0xFB, 0x70,
    0xBE, 0xA0, 0xD6, 0xE2, 0xA9, 0x6D, 0x73, 0x87, 0xDE, 0x69, 0xAA, 0xFE, 0xF7, 0x61, 0x77, 0x7C,
    0x08, 0x0F, 0xEB, 0x23, 0x7C, 0x50, 0x0E, 0x80, 0xAB, 0xE2, 0x60, 0x13, 0x3D, 0x6C, 0xFF, 0x6C,
    0x82, 0xC7, 0x1E, 0xBF, 0x6A, 0x4B, 0xEB, 0x1B, 0x54, 0xD3, 0x77, 0xD8, 0x2D, 0x1F, 0x51, 0xC7,
    0x89, 0x87, 0xDB, 0x99, 0x1F, 0xE4, 0x23, 0x20, 0x8B, 0x6E, 0x35, 0x4B, 0xF5, 0xF9, 0x91, 0xDA,
    0x63, 0x1E, 0x78, 0xE3, 0xF6, 0x17, 0xD9, 0x00, 0x45, 0x74, 0xB0, 0xB9, 0xBF, 0x53, 0xEE, 0x2D,
    0x54, 0xB1, 0x3E, 0xB9, 0x88, 0xEB, 0xD3, 0x5A, 0x9B, 0x96, 0xDA, 0xBA, 0x39, 0x49, 0x0B, 0xED,
    0xBB, 0x49, 0xE1, 0x9D, 0x2C, 0x79, 0xA5, 0xAE, 0x25, 0x25, 0x6C, 0x8E, 0xA0, 0x1A, 0x8A, 0x01,
    0xBB, 0xA6, 0x9C, 0xF0, 0x48, 0x71, 0x04, 0xC5, 0x74, 0x9D, 0x36, 0x23, 0xE7, 0x6D, 0x75, 0xBF,
    0xF6, 0x66, 0x69, 0xAE, 0x55, 0x9F, 0xEE, 0x85, 0xEA, 0x4F, 0xF6, 0xAB, 0xBB, 0x33, 0x8B, 0x80,
    0xF5, 0x21, 0xAA, 0xF1, 0xD1, 0x99, 0xDD, 0x01, 0x3B, 0x6D, 0xC3, 0x03, 0x75, 0x03, 0x2D, 0x6F,
    0xC6, 0xBF, 0x2F, 0xD4, 0x11, 0xC7, 0xF5, 0x71, 0xFD, 0xED, 0x4E, 0xA7, 0x59, 0x34, 0x2E, 0x45,
    0x81, 0x5D, 0x4F, 0x32, 0x51, 0x0C, 0xE4, 0x93, 0xD5, 0xD7, 0x87, 0xAF, 0xA4, 0xAF, 0xEC, 0x93,
    0x06, 0xA2, 0xB3, 0x36, 0xED, 0xFA, 0xCF, 0x8F, 0x3D, 0x22, 0x9B, 0x1D, 0xF0, 0x78, 0xF5, 0xF5,
    0x8D, 0xBB, 0xE2, 0xEB, 0xEB, 0xB6, 0x94, 0xC5, 0x3A, 0x42, 0xDD, 0xAA, 0xED, 0xE7, 0x49, 0xDB,
    0xCD, 0xAB, 0xA5, 0x4D, 0xD6, 0x48, 0x7B, 0xCA, 0x95, 0xC3, 0xCA, 0xE4, 0x6D, 0x65, 0xBE, 0xB2,
    0x18, 0x1E, 0xA1, 0xDD, 0x1F, 0xF0, 0xC1, 0xAA, 0xD0, 0x9D, 0x51, 0xB8, 0xDD, 0x6F, 0xA1, 0x1E,
    0xBF, 0x0F, 0xED, 0xE9, 0x11, 0x3C, 0x3D, 0xCC, 0xC5, 0xC0, 0xB4, 0x9D, 0xCB, 0x89, 0xB1, 0x18,
    0x5F, 0xD1, 0x29, 0x12, 0xAA, 0xA1, 0x42, 0x7D, 0xDC, 0x9E, 0xB9, 0xEC, 0xF0, 0x61, 0xBB, 0xE0,
    0x69, 0x35, 0x3F, 0xE2, 0x69, 0x31, 0x1D, 0xE0, 0x8E, 0x59, 0x43, 0x31, 0x80, 0x72, 0x02, 0xB7,
    0x22, 0xE8, 0xEE, 0x97, 0x2B, 0x3C, 0x02, 0x77, 0xD4, 0x99, 0xEB, 0xB2, 0x65, 0x15, 0x40, 0xAA,
    0x59, 0x12, 0xD3, 0x15, 0xDF, 0x42, 0xC4, 0x6C, 0x13, 0xB1, 0xE6, 0x32, 0x42, 0x19, 0x0D, 0xEF,
    0xF7, 0xF2, 0x05, 0xD5, 0xFE, 0xD6, 0x72, 0x96, 0xB2, 0x2C, 0xB0, 0xDD, 0xB3, 0xE6, 0x86, 0x68,
    0xA8, 0x93, 0x4A, 0x2D, 0xEA, 0x41, 0x76, 0xC2, 0x6E, 0x69, 0xDE, 0x9E, 0xB1, 0x49, 0x46, 0xA5,
    0xA1, 0xF8, 0x95, 0x4E, 0xD1, 0x02, 0xA2, 0xE3, 0x32, 0x14, 0xA4, 0x2C, 0xDD, 0x8F, 0xD1, 0xE1,
    0xE8, 0xF0, 0x25, 0x27, 0xBB, 0xF1, 0x7C, 0x54, 0xBF, 0xF1, 0xB1, 0x49, 0x9C, 0x56, 0x26, 0x8D,
    0xF1, 0xCF, 0x31, 0x2A, 0x22, 0xE2, 0x24, 0x8B, 0x2F, 0x4F, 0xF6, 0x76, 0xCF, 0x8B, 0xE8, 0x7E,
    0x4D, 0x7B, 0x0D, 0xC9, 0x1E, 0xD9, 0xD2, 0x80, 0x3C, 0x46, 0x29, 0x4F, 0x40, 0x7E, 0x04, 0x4C,
    0x5C, 0x16, 0x0A, 0xEA, 0x3D, 0xF0, 0xC0, 0x8B, 0xF1, 0xEA, 0x7E, 0x1B, 0x32, 0x50, 0x2D, 0x2B,
    0xA3, 0x5B, 0xD9, 0x43, 0x35, 0x40, 0x99, 0x3E, 0x77, 0x70, 0x00, 0x5F, 0xB8, 0xC4, 0xDD, 0xF8,
    0x5E, 0xAC, 0xBC, 0x4C, 0x44, 0xC5, 0x49, 0xCA, 0x13, 0xCF, 0xB0, 0xE9, 0x59, 0x50, 0x21, 0x00,
    0x07, 0xAE, 0x27, 0xAD, 0x6C, 0x4E, 0x7E, 0x63, 0x4A, 0x7E, 0x63, 0x9F, 0xFC, 0xFE, 0xDD, 0xFD,
    0xF7, 0x2B, 0x6D, 0x43, 0xD2, 0x64, 0x5D, 0x2C, 0x50, 0x1E, 0x93, 0xDF, 0x6C, 0x62, 0xBB, 0xCF,
    0x67, 0xDE, 0x91, 0xCD, 0x3C, 0x60, 0x4E, 0xA3, 0x71, 0x76, 0x1A, 0xC7, 0xC3, 0x99, 0xC3, 0xD9,
    0xE9, 0xE9, 0x96, 0x9D, 0x1E, 0x7A, 0xA0, 0x1E, 0x81, 0x2A, 0x65, 0xC5, 0x51, 0x72, 0xFA, 0x0C,
    0x0B, 0xBE, 0xFF, 0x3A, 0x3A, 0xCD, 0x3E, 0x81, 0x2C, 0x5D, 0x6A, 0x3B, 0xD8, 0x0E, 0x50, 0x8E,
    0xB2, 0x49, 0x7E, 0x94, 0xCF, 0x3C, 0xBB, 0x53, 0x4E, 0x7F, 0xCD, 0xF9, 0xF8, 0x59, 0xEA, 0x85,
    0x05, 0x75, 0x1A, 0x29, 0x0F, 0x5E, 0x27, 0xB7, 0xB2, 0x06, 0xCA, 0x68, 0x56, 0x0E, 0x2B, 0xAF,
    0xF6, 0x33, 0x45, 0xFA, 0xDC, 0x67, 0x13, 0x6D, 0x93, 0xCF, 0x7C, 0xBA, 0x7A, 0x76, 0x67, 0x3C,
    0x97, 0xC3, 0x66, 0x0F, 0xD5, 0xBC, 0x69, 0x60, 0x17, 0xD5, 0x9A, 0xDF, 0xD9, 0xC5, 0xEA, 0xF7,
    0xE1, 0x66, 0x61, 0xE1, 0x61, 0x76, 0x7C, 0x3D, 0xE7, 0x63, 0xD8, 0xF6, 0x5B, 0xD4, 0xD3, 0x99,
    0xED, 0xE9, 0x1D, 0x3C, 0x6B, 0x4F, 0x78, 0xBA, 0x9D, 0xB3, 0xC9, 0x54, 0x4E, 0xF9, 0x8C, 0x3B,
    0x66, 0x16, 0xAB, 0x41, 0xB0, 0x80, 0xDB, 0x37, 0x78, 0x6F, 0xEB, 0x67, 0xC8, 0x26, 0xB8, 0xB3,
    0x6E, 0x01, 0xDF, 0x7F, 0xE1, 0x8F, 0x95, 0x12, 0xD3, 0x95, 0x6F, 0x5D, 0x77, 0xAD, 0xED, 0xC1,
    0x76, 0xBC, 0xDE, 0x0A, 0x9B, 0x81, 0x47, 0xBC, 0x3C, 0x22, 0x4E, 0xAA, 0x98, 0x23, 0xA5, 0x5D,
    0x7C, 0xE1, 0xCD, 0xF8, 0x62, 0xAD, 0x50, 0x6A, 0xA2, 0xE7, 0x33, 0xDA, 0x51, 0x36, 0xB3, 0x3B,
    0x2A, 0x46, 0xAA, 0x93, 0xCD, 0x40, 0x11, 0xAA, 0x6E, 0x5D, 0xFA, 0x76, 0x0D, 0x0E, 0xFD, 0x47,
    0x50, 0x8F, 0x33, 0x6C, 0x97, 0xC9, 0xAA, 0x6D, 0x80, 0xD4, 0x2B, 0xA2, 0xF9, 0x4D, 0x52, 0x16,
    0x4F, 0xA0, 0x8E, 0xE5, 0x92, 0xBE, 0xF7, 0x53, 0xD8, 0x1E, 0xA1, 0x9C, 0x21, 0x5F, 0xC0, 0x01,
    0xEC, 0xF6, 0xB0, 0xE9, 0x2E, 0x93, 0x39, 0x1C, 0x62, 0x2C, 0x63, 0x4A, 0x2C, 0xA3, 0xD1, 0x76,
    0x59, 0x34, 0xEA, 0x46, 0x74, 0x0E, 0xB4, 0x9D, 0x85, 0x7A, 0x70, 0x62, 0x37, 0xE6, 0x33, 0xD5,
    0x54, 0x1C, 0xD9, 0xCC, 0xC5, 0x48, 0x31, 0x6F, 0xCE, 0x5C, 0xAA, 0x9E, 0x2C, 0xB6, 0x1D, 0xE2,
    0xFD, 0x3D, 0xDA, 0x80, 0x7A, 0xE5, 0xEE, 0x04, 0xD5, 0x0C, 0x9B, 0xE3, 0x45, 0xC7, 0x66, 0xBC,
    0x54, 0xF3, 0xBB, 0x1E, 0xEA, 0xB4, 0x63, 0x82, 0xCD, 0x82, 0x32, 0x8E, 0x2B, 0x87, 0xD4, 0x95,
    0x7B, 0x2E, 0xE8, 0xE5, 0xBF, 0x5A, 0xAC, 0x6D, 0x4A, 0xA9, 0x93, 0xCE, 0xD2, 0xBD, 0xBB, 0xEF,
    0xA6, 0x1C, 0xCE, 0x6E, 0xB6, 0x47, 0xF9, 0x62, 0x37, 0xB3, 0x8E, 0x39, 0xAA, 0x09, 0xB2, 0x4B,
    0x5D, 0xAF, 0x88, 0x21, 0xA5, 0x11, 0x94, 0x29, 0xE5, 0x29, 0x95, 0x3D, 0x68, 0x1B, 0xF0, 0xD6,
    0x2B, 0xF6, 0x52, 0x7A, 0x00, 0xDA, 0x69, 0xE5, 0x69, 0x65, 0x58, 0x13, 0xA8, 0xC1, 0xE3, 0xAB,
    0xA1, 0x6F, 0x80, 0xFB, 0xF9, 0x82, 0xB2, 0xE9, 0x2B, 0xCE, 0x2A, 0xD6, 0x54, 0x2F, 0x3B, 0xD2,
    0x0F, 0xA7, 0xE9, 0x97, 0x53, 0xF8, 0x34, 0x9F, 0x5E, 0xC9, 0x09, 0x18, 0xC8, 0x4E, 0xD9, 0x48,
    0x11, 0x7F, 0x38, 0x50, 0xC6, 0xDF, 0x0E, 0x6C, 0x7E, 0x19, 0x3D, 0xD5, 0x1F, 0x44, 0x47, 0xD5,
    0xB4, 0x0D, 0xB8, 0xCF, 0x96, 0xFF, 0x13, 0x5D, 0x91, 0x21, 0x8C, 0xEC, 0x36, 0x10, 0x86, 0xBF,
    0x24, 0x4F, 0x0A, 0x48, 0xA5, 0x1C, 0x27, 0xE6, 0xC8, 0x9C, 0xEC, 0x58, 0x2D, 0x97, 0xCA, 0x79,
    0xA5, 0x96, 0xE3, 0xBD, 0xA4, 0x2D, 0x28, 0x2D, 0xC7, 0xAD, 0x54, 0x58, 0xAE, 0xEC, 0x25, 0x8F,
    0x13, 0x97, 0x93, 0x70, 0x64, 0x60, 0xE0, 0x93, 0x9C, 0x73, 0x3D, 0x8A, 0xF6, 0x76, 0xF5, 0x46,
    0x13, 0x7B, 0xF2, 0xCF, 0x37, 0x93, 0x89, 0x3D, 0x95, 0x70, 0xFA, 0x5A, 0x4A, 0x7E, 0x3C, 0xD5,
    0xB6, 0xE7, 0x95, 0x2F, 0x2C, 0x5D, 0x1C, 0x37, 0xEB, 0xC4, 0xC9, 0x26, 0x41, 0x92, 0x8D, 0x83,
    0xEF, 0xF7, 0x31, 0x9B, 0x3C, 0x1E, 0x6D, 0x26, 0x93, 0xBA, 0x60, 0xB6, 0x0B, 0x2F, 0x0C, 0xDE,
    0xC6, 0x9A, 0x4F, 0x7D, 0x6A, 0x63, 0x17, 0x7A, 0x6F, 0xDD, 0xB5, 0xAA, 0x7C, 0xA9, 0xCB, 0xD2,
    0xC4, 0x2E, 0x0E, 0x7B, 0xED, 0x83, 0x75, 0x17, 0xC4, 0xBD, 0x21, 0x5B, 0x41, 0x42, 0xF1, 0x92,
    0x4A, 0xB0, 0x71, 0xDA, 0x6B, 0xF5, 0x5C, 0xFB, 0xFA, 0x31, 0x4B, 0x30, 0x59, 0xE2, 0x78, 0xD8,
    0xD4, 0xE6, 0x21, 0x92, 0xBB, 0xA8, 0xDF, 0xE8, 0xC2, 0xE0, 0xCD, 0xA6, 0xD5, 0x0B, 0x2F, 0xE7,
    0xD7, 0x66, 0xAD, 0x93, 0xB4, 0x06, 0x9B, 0xA6, 0xD0, 0xA7, 0x31, 0xB4, 0xB1, 0xDF, 0x95, 0xEB,
    0xFD, 0x38, 0x5B, 0xF7, 0xCA, 0x95, 0x58, 0x49, 0x47, 0x93, 0xD5, 0x49, 0xFC, 0x98, 0x5E, 0x4A,
    0x49, 0xD5, 0xFF, 0x7E, 0xFF, 0x8B, 0x04, 0xF9, 0x9E, 0xD2, 0x2C, 0x44, 0xF8, 0x17, 0x0E, 0x50,
    0x85, 0x9F, 0x8E, 0x9F, 0xD7, 0x92, 0xAB, 0xB3, 0x70, 0xFA, 0xF9, 0xFA, 0xCB, 0xF1, 0x0F, 0x0A,
    0x28, 0xD9, 0xBF, 0x63, 0x8B, 0x13, 0x3D, 0x2E, 0xBF, 0x96, 0x5D, 0xBD, 0xF8, 0xFA, 0x5A, 0x45,
    0x4D, 0x39, 0x33, 0x8F, 0x7E, 0xF5, 0xB2, 0x4B, 0xA8, 0x99, 0x20, 0xF1, 0x5C, 0x4F, 0xE5, 0xCC,
    0xB2, 0xFE, 0x09, 0xC6, 0x01, 0xF4, 0x25, 0xC1, 0x05, 0x35, 0xB3, 0x1D, 0xB0, 0xA0, 0x26, 0x08,
    0x4D, 0xBC, 0x87, 0xAE, 0xDB, 0x51, 0x7B, 0xC5, 0xCE, 0xC3, 0x86, 0xDA, 0x0D, 0x33, 0x1B, 0xF7,
    0x19, 0x0A, 0xA8, 0xBD, 0xD5, 0x70, 0xE1, 0xCE, 0xFE, 0x9A, 0xCE, 0x50, 0xB0, 0x3F, 0x04, 0xCE,
    0xD0, 0xC9, 0xD9, 0x00, 0x8C, 0x3F, 0xC6, 0x79, 0x9D, 0x19, 0x0E, 0x9D, 0x41, 0x86, 0x12, 0x91,
    0xB2, 0xD5, 0xC9, 0x6E, 0xE6, 0xEB, 0xC1, 0x31, 0xEC, 0x40, 0x12, 0xA6, 0x36, 0x75, 0x11, 0xBA,
    0xF0, 0x8A, 0x74, 0xA1, 0x49, 0xD0, 0xFB, 0x37, 0x6D, 0xA8, 0x27, 0x38, 0xCE, 0x37, 0xEC, 0xEF,
    0x81, 0x0C, 0x56, 0xE7, 0xF8, 0x43, 0x43, 0xAE, 0x7C, 0xAA, 0x09, 0x65, 0x35, 0x6C, 0x03, 0x13,
    0x67, 0x87, 0xDE, 0x23, 0x88, 0xF6, 0x65, 0xDC, 0x30, 0x5E, 0xBF, 0x16, 0xB0, 0x30, 0x94, 0x84,
    0xCE, 0x70, 0x85, 0xE6, 0x9C, 0x4C, 0x76, 0xF1, 0xB2, 0xC9, 0x2C, 0x6E, 0x62, 0xE2, 0xC6, 0x42,
    0xAE, 0x5A, 0x41, 0xFE, 0xAB, 0xCF, 0xD7, 0x0F, 0xE4, 0xB7, 0xCA, 0x7C, 0x9F, 0x75, 0x4A, 0xA6,
    0x2E, 0x72, 0xEB, 0x02, 0x4B, 0xB7, 0x93, 0x3B, 0x8F, 0x5A, 0xB3, 0xD1, 0xEF, 0x98, 0x8D, 0xC9,
    0x35, 0x1F, 0xF4, 0x19, 0x13, 0x99, 0x76, 0xA6, 0x4D, 0x57, 0x1B, 0x55, 0xA9, 0x7A, 0xCD, 0x62,
    0x94, 0x54, 0x1E, 0xB5, 0xEF, 0x40, 0x50, 0x6D, 0x88, 0x74, 0x07, 0x4D, 0x71, 0xAC, 0x1E, 0x09,
    0x98, 0x50, 0xD7, 0x1A, 0x57, 0xA5, 0xEA, 0x43, 0x54, 0x46, 0x94, 0xBF, 0x9B, 0x75, 0x70, 0xBF,
    0xD0, 0x0C, 0x70, 0x5E, 0xE3, 0x79, 0x83, 0xE7, 0xD9, 0x9B, 0x27, 0x64, 0x79, 0x42, 0xC2, 0xB7,
    0x88, 0x3C, 0x10, 0xD2, 0x13, 0xE2, 0x41, 0xCF, 0xFE, 0x81, 0x5C, 0x1F, 0x48, 0xAB, 0x08, 0xFD,
    0x13, 0x62, 0x9F, 0x90, 0x07, 0xA1, 0x48, 0x7B, 0x80, 0xDE, 0x40, 0x99, 0x15, 0x92, 0xE2, 0x95,
    0x9A, 0xCA, 0x4E, 0xD6, 0x2D, 0x28, 0x58, 0xB7, 0x7E, 0x47, 0xC5, 0x0A, 0x2A, 0x62, 0x41, 0x0B,
    0x2E, 0xA0, 0xE5, 0x99, 0xC7, 0xFC, 0xE7, 0x3F, 0x6A, 0x47, 0x13, 0x15, 0x72, 0xEB, 0x01, 0x5C,
    0x28, 0x05, 0x58, 0xDA, 0x52, 0x5C, 0x05, 0xEB, 0x36, 0x57, 0x50, 0x37, 0x86, 0x4D, 0xC5, 0x0A,
    0xA2, 0x88, 0x80, 0x16, 0x2C, 0xA0, 0xE5, 0x89, 0xC7, 0xFF, 0x56, 0x10, 0xB5, 0xFF, 0x01, 0x63,
    0xD8, 0x3F, 0x81, 0x81, 0xFD, 0xFF, 0x0F, 0x06, 0xFE, 0x0B, 0xFF, 0x18, 0xF4, 0x1D, 0xEC, 0x19,
    0xEC, 0x81, 0x64, 0x1D, 0x83, 0x7C, 0x03, 0x10, 0x1F, 0x80, 0xE1, 0x7A, 0x20, 0x1F, 0x24, 0x0E,
    0x94, 0x07, 0xAA, 0xDB, 0x07, 0x56, 0x0F, 0xD2, 0xC7, 0xC0, 0xFC, 0x85, 0x81, 0x81, 0x1F, 0x88,
    0xF5, 0x81, 0xD8, 0x1A, 0x88, 0x3F, 0x7F, 0x61, 0x60, 0xBA, 0xFC, 0x85, 0x81, 0xB9, 0xF9, 0x0B,
    0x03, 0x3F, 0x50, 0x4E, 0x97, 0xF9, 0x8B, 0x80, 0xFD, 0xFF, 0xFF, 0x1F, 0x80, 0xF8, 0x01, 0x48,
    0x2D, 0x18, 0x4B, 0xFF, 0x73, 0x60, 0xA8, 0xFF, 0x7F, 0x00, 0x00, 0x95, 0xD5, 0x81, 0xA7, 0x1E,
    0xC7, 0x1A, 0x06, 0xF0, 0x67, 0x77, 0xAE, 0x6F, 0x5D, 0xCB, 0xDD, 0x8B, 0x03, 0x84, 0x2C, 0x5C,
    0xC0, 0x3D, 0x59, 0x80, 0x60, 0x93, 0x9D, 0xDC, 0xE0, 0xE2, 0x02, 0xB8, 0x05, 0xF4, 0x4F, 0x48,
    0x8A, 0x22, 0x88, 0xEE, 0xD6, 0x41, 0x00, 0xF2, 0x97, 0x54, 0x71, 0x50, 0xA4, 0x9D, 0x4D, 0x8A,
    0x20, 0x38, 0x5B, 0x50, 0x14, 0x56, 0x85, 0x02, 0x35, 0x9A, 0xA5, 0x7B, 0xD2, 0xD9, 0x7D, 0xFA,
    0xBE, 0xB3, 0xE7, 0x3B, 0x39, 0xFD, 0x8E, 0xB4, 0xED, 0xF8, 0xF6, 0xF7, 0x30, 0xEF, 0xBC, 0xC7,
    0x38, 0x66, 0x0C, 0x50, 0x9A, 0x1E, 0xB8, 0x95, 0x75, 0xC0, 0x71, 0x6E, 0x81, 0xBA, 0xB0, 0xD8,
    0x91, 0x40, 0x45, 0xF6, 0x20, 0xE9, 0xCD, 0x32, 0x35, 0x3E, 0x9F, 0xFC, 0xDD, 0xA1, 0x18, 0x7D,
    0x8D, 0xEA, 0xF9, 0x78, 0x1B, 0xCD, 0x8B, 0xF1, 0x63, 0x34, 0x27, 0xC3, 0x29, 0xDA, 0xFB, 0xBD,
    0x87, 0xFB, 0xAF, 0x92, 0x7D, 0x3A, 0xC2, 0xE5, 0xFF, 0x19, 0xC0, 0xC2, 0xF4, 0x17, 0x7C, 0x28,
    0xB8, 0x07, 0x59, 0x07, 0xF7, 0x65, 0x6E, 0xD1, 0x86, 0x02, 0x1B, 0xCD, 0x7C, 0x13, 0xA8, 0xA6,
    0x5B, 0x40, 0x11, 0x8E, 0xF1, 0xCF, 0x9C, 0xCF, 0xB2, 0xD1, 0x90, 0x1C, 0x52, 0x72, 0x45, 0xFA,
    0x1D, 0x9F, 0xC2, 0xF4, 0x1E, 0x1B, 0xFA, 0x87, 0x91, 0xDF, 0x13, 0x5A, 0x92, 0x21, 0xB2, 0x53,
    0xE0, 0x2C, 0xEA, 0x4B, 0xFE, 0xAD, 0xE0, 0x00, 0x5D, 0x3C, 0x28, 0xFD, 0x5F, 0xA9, 0x1E, 0x92,
    0xB0, 0x03, 0x1A, 0xAE, 0xB1, 0x03, 0x3A, 0x79, 0x2E, 0xE4, 0x64, 0xAF, 0xD3, 0xF4, 0x00, 0xC7,
    0x2C, 0x20, 0xA1, 0xC5, 0x82, 0x74, 0x05, 0xEE, 0xC2, 0x2C, 0x40, 0x15, 0x2D, 0xE3, 0xCC, 0xDF,
    0x74, 0xA1, 0xE4, 0x26, 0x5C, 0x2F, 0xA0, 0x19, 0xD4, 0xD2, 0xAB, 0x85, 0xFA, 0x9B, 0x35, 0xC6,
    0xE3, 0x9D, 0x83, 0x9A, 0xF7, 0x6A, 0xA9, 0xE0, 0x4E, 0xD4, 0x91, 0xB4, 0xA9, 0x40, 0x98, 0x2B,
    0x36, 0xEC, 0x33, 0x4E, 0xA2, 0xA1, 0x4F, 0x38, 0xA2, 0x42, 0x42, 0x8F, 0x5B, 0x48, 0x7E, 0x99,
    0xD5, 0x37, 0x41, 0xFD, 0x69, 0x51, 0x3D, 0x45, 0xEA, 0x08, 0x9B, 0x89, 0x6F, 0x7A, 0x9D, 0x2F,
    0x47, 0xB5, 0xF0, 0x6A, 0x3E, 0x1D, 0xAE, 0x49, 0x56, 0x9D, 0x07, 0xA3, 0xED, 0x67, 0x6A, 0xF3,
    0xA3, 0x5A, 0xAD, 0x6A, 0x19, 0x2D, 0xA2, 0x99, 0x38, 0xC1, 0xAC, 0xA8, 0xD8, 0xA5, 0xAB, 0xEE,
    0x0D, 0xEA, 0x6B, 0x00, 0x90, 0x5C, 0x62, 0x66, 0x64, 0x4C, 0xE3, 0xDB, 0x6E, 0xCB, 0xB2, 0xDF,
    0xB2, 0xD8, 0xE7, 0xF0, 0x51, 0xCC, 0x7C, 0xF8, 0xFC, 0x22, 0x3D, 0x9C, 0xCE, 0x7F, 0xCB, 0xAF,
    0x69, 0x25, 0xCF, 0xF8, 0xF2, 0xA5, 0x64, 0x79, 0xC6, 0xB3, 0x13, 0xC9, 0xE6, 0xC4, 0x17, 0x27,
    0x9D, 0x21, 0xA5, 0xF4, 0xC2, 0x1A, 0xAE, 0x92, 0x03, 0x0C, 0x27, 0x69, 0x9D, 0xA4, 0x4F, 0x7E,
    0x66, 0xD9, 0x32, 0xE5, 0x96, 0x70, 0xDD, 0x96, 0x55, 0xBF, 0x65, 0xB1, 0xE5, 0xDF, 0x73, 0xCD,
    0xD4, 0xFF, 0x23, 0x8B, 0x39, 0x17, 0x79, 0x5F, 0x2E, 0x48, 0xF9, 0xAA, 0xEC, 0x1A, 0xDA, 0x84,
    0xAF, 0x08, 0x49, 0xB8, 0x27, 0x33, 0x48, 0x84, 0x8C, 0x9D, 0x5B, 0x93, 0x60, 0x68, 0x0B, 0x9F,
    0x2E, 0x78, 0x84, 0xDC, 0x9B, 0x15, 0x5F, 0x68, 0x10, 0xA7, 0xC8, 0x7C, 0x46, 0x4C, 0x5B, 0x78,
    0x98, 0x29, 0x6F, 0xAD, 0x07, 0xE3, 0xE8, 0x2E, 0xC2, 0xCC, 0x37, 0xAB, 0x5E, 0x6A, 0xF3, 0x71,
    0xF9, 0x7C, 0x44, 0x1A, 0x8E, 0x8B, 0x6F, 0x34, 0xEA, 0xE2, 0xFB, 0xE1, 0x60, 0x25, 0xC2, 0x69,
    0xF6, 0xA6, 0x07, 0x16, 0x6F, 0x7E, 0x7E, 0x17, 0xF4, 0x86, 0x1A, 0x63, 0xCA, 0x0E, 0x70, 0x43,
    0x12, 0xA3, 0x8F, 0xD1, 0xF6, 0xA0, 0x7D, 0x17, 0x1D, 0x1C, 0x80, 0xC6, 0x6A, 0xE8, 0x38, 0x52,
    0x6E, 0x04, 0x21, 0xA1, 0x8A, 0xCD, 0x32, 0x6A, 0x66, 0xA1, 0x22, 0xFD, 0xDE, 0x38, 0x93, 0xB8,
    0x1F, 0xC4, 0x92, 0x14, 0x9D, 0x9A, 0xD2, 0xB6, 0x33, 0xB2, 0x80, 0x62, 0x46, 0xE1, 0x91, 0xCD,
    0x28, 0x47, 0x5D, 0x59, 0x0D, 0x6A, 0xD3, 0xFF, 0xAE, 0x83, 0x5A, 0x79, 0x55, 0xDA, 0x4D, 0x40,
    0x4E, 0x5B, 0xD2, 0x1A, 0xF2, 0x2D, 0x47, 0x90, 0xCF, 0xD9, 0xE1, 0xC6, 0x39, 0x5E, 0xE3, 0x7D,
    0xA3, 0xA1, 0x0C, 0xBF, 0x09, 0xE0, 0xE1, 0xDA, 0xC5, 0xBB, 0x3A, 0xC7, 0xCA, 0x02, 0x70, 0xC8,
    0xD7, 0x78, 0x33, 0x17, 0xDD, 0x19, 0xFE, 0xB5, 0x5D, 0x3D, 0x94, 0xA3, 0x5A, 0x0D, 0x82, 0xF6,
    0x8E, 0x17, 0xEA, 0xB6, 0x70, 0xE8, 0xE1, 0x1A, 0xED, 0x12, 0xC7, 0x2B, 0xD7, 0x79, 0x52, 0xF3,
    0x00, 0xDC, 0x86, 0x59, 0x81, 0x05, 0x09, 0x87, 0x7C, 0x01, 0x5A, 0x32, 0x00, 0x45, 0xDC, 0x5B,
    0xE2, 0x56, 0xEB, 0xB8, 0xE4, 0x9C, 0xDA, 0xE8, 0x8E, 0x4F, 0xF1, 0x09, 0x40, 0xE0, 0x59, 0x74,
    0x52, 0xCD, 0xA8, 0x66, 0xBD, 0x5A, 0x58, 0xB5, 0x82, 0x5A, 0x47, 0x67, 0x35, 0xF1, 0x82, 0x8C,
    0xF5, 0x42, 0xB0, 0x88, 0xF3, 0x26, 0xA8, 0x29, 0x55, 0xD0, 0xAA, 0xAE, 0x57, 0x9B, 0x51, 0x2D,
    0xBD, 0x5A, 0xCC, 0x6A, 0xB6, 0xA8, 0xA9, 0xFE, 0x2C, 0xD8, 0xB5, 0x0C, 0x70, 0xAB, 0xE3, 0x82,
    0x66, 0x6D, 0xF7, 0xFF, 0x3B, 0x76, 0xD8, 0x89, 0x1E, 0x70, 0xF6, 0xE1, 0xAC, 0x66, 0x01, 0x52,
    0x25, 0xC3, 0xA6, 0xCC, 0x24, 0x2B, 0x44, 0x44, 0x93, 0x0B, 0x0F, 0xD6, 0x68, 0x97, 0x58, 0x4D,
    0x22, 0x39, 0x46, 0x3B, 0xF5, 0x1C, 0xB1, 0xF7, 0x8F, 0x4C, 0xF8, 0x54, 0x6C, 0x48, 0xB1, 0x8D,
    0x02, 0xF5, 0x75, 0x12, 0xF7, 0x16, 0x28, 0xC9, 0x11, 0x8E, 0x9C, 0x52, 0x3E, 0xAE, 0xE6, 0x2C,
    0xD4, 0x66, 0x2E, 0x7C, 0x8D, 0xB1, 0x1C, 0x6A, 0xA0, 0xE9, 0x95, 0x4E, 0x68, 0x15, 0x67, 0xF7,
    0xF0, 0x0A, 0x77, 0xB8, 0x46, 0x5C, 0x57, 0x57, 0x5E, 0x28, 0xC7, 0xB6, 0x17, 0x9A, 0xC8, 0x28,
    0x94, 0x5E, 0x28, 0x82, 0x90, 0xF1, 0x59, 0x19, 0x12, 0x92, 0x41, 0x77, 0x37, 0x60, 0xC7, 0xF3,
    0xEB, 0x5B, 0x3B, 0x52, 0x92, 0x11, 0x30, 0x83, 0x7C, 0xBD, 0x2C, 0xEA, 0xD1, 0x72, 0xD6, 0x87,
    0x2F, 0x9F, 0x4B, 0x96, 0x43, 0xB5, 0xCA, 0x96, 0x1E, 0xB5, 0xF6, 0x31, 0x1C, 0x4E, 0xE5, 0xF3,
    0xA0, 0x7E, 0xE9, 0x08, 0x4A, 0x8B, 0xBB, 0x2F, 0xCB, 0x9F, 0x74, 0x68, 0xCE, 0x2C, 0x1A, 0x02,
    0x25, 0xF1, 0x20, 0x23, 0x97, 0x84, 0x1C, 0xD1, 0xAE, 0x90, 0x16, 0xC0, 0x03, 0x89, 0x7C, 0xD2,
    0x02, 0xCA, 0x98, 0x22, 0xFF, 0xFF, 0x80, 0x76, 0x7F, 0xC0, 0x0B, 0x2F, 0x64, 0xD3, 0x95, 0x2A,
    0x90, 0xE9, 0x5C, 0xAE, 0x94, 0x83, 0xE0, 0x3A, 0x90, 0x0B, 0x84, 0x49, 0x21, 0xF6, 0xAF, 0x56,
    0x33, 0xEC, 0x8F, 0x7A, 0xE9, 0x85, 0x22, 0x32, 0x09, 0xF9, 0x2C, 0x64, 0x41, 0x30, 0x11, 0xC6,
    0x97, 0x53, 0xCB, 0xAD, 0x6F, 0x49, 0x20, 0xB2, 0xE3, 0xEB, 0x83, 0xF7, 0xF5, 0x48, 0xB8, 0x37,
    0x0B, 0xFF, 0xF3, 0x02, 0xAD, 0x30, 0x03, 0x60, 0xBC, 0xB6, 0x52, 0x6D, 0x69, 0x67, 0x3C, 0xD2,
    0xAA, 0xBD, 0x56, 0x85, 0x56, 0x21, 0x55, 0xC1, 0x2A, 0x10, 0x8E, 0x94, 0xC7, 0x4A, 0xD8, 0xED,
    0x0F, 0xDE, 0x1C, 0x01, 0xEA, 0xF7, 0x9E, 0x16, 0x0B, 0x14, 0x9C, 0x2E, 0x5E, 0xA4, 0xAF, 0xEA,
    0x16, 0x08, 0x75, 0xD5, 0xA5, 0x73, 0x5D, 0xF4, 0x66, 0xAA, 0x8B, 0xC1, 0xF8, 0x3A, 0x1F, 0x33,
    0x5F, 0x67, 0x3E, 0x1F, 0x6B, 0x7D, 0x4B, 0x6A, 0x33, 0x5D, 0x32, 0x97, 0x7D, 0x9D, 0x86, 0x48,
    0x75, 0x89, 0x9C, 0x91, 0x24, 0xB2, 0x5C, 0xA1, 0x13, 0xDA, 0x78, 0x97, 0xD4, 0x09, 0x3B, 0x71,
    0x89, 0x77, 0x89, 0x6A, 0x12, 0xC5, 0x35, 0x93, 0x55, 0xCD, 0x02, 0x5C, 0xEC, 0x52, 0xBB, 0xF7,
    0xDE, 0x10, 0xAD, 0x86, 0xCD, 0x3F, 0x79, 0xA3, 0x06, 0xB1, 0x25, 0x2F, 0xFD, 0x15, 0x7D, 0x91,
    0x01, 0x66, 0xC4, 0x40, 0x14, 0x86, 0xFF, 0x6C, 0xE9, 0x60, 0xB1, 0x85, 0x82, 0x45, 0x8E, 0x30,
    0x27, 0x68, 0x67, 0x6E, 0xD4, 0x13, 0x44, 0x72, 0x84, 0x3D, 0xD0, 0x32, 0x73, 0x84, 0x39, 0x42,
    0xB0, 0x07, 0x28, 0x82, 0x94, 0x74, 0xFF, 0xBE, 0x5F, 0xAC, 0x99, 0x16, 0x7D, 0x76, 0x3F, 0xE6,
    0x7F, 0x9F, 0xBC, 0xCC, 0x4B, 0x22, 0xEF, 0x8F, 0x3F, 0xAC, 0x7C, 0x14, 0xDF, 0x05, 0x6C, 0x42,
    0xB7, 0x88, 0x4F, 0xB3, 0x78, 0xCC, 0x62, 0xDF, 0x28, 0xD7, 0x46, 0xF9, 0xFC, 0xAB, 0x84, 0xAA,
    0x60, 0x6D, 0x94, 0x22, 0x9E, 0xA6, 0xAA, 0x0C, 0x55, 0x39, 0x48, 0x81, 0x6B, 0x14, 0xDF, 0x28,
    0xEE, 0x1B, 0x9E, 0x31, 0x30, 0x27, 0x96, 0xC4, 0x59, 0x3F, 0x16, 0x3B, 0x5A, 0x68, 0x2D, 0xB7,
    0x62, 0xE8, 0x89, 0x21, 0xB0, 0x6C, 0xA3, 0xE3, 0x36, 0x80, 0xCB, 0x15, 0xBE, 0x60, 0xAF, 0xFF,
    0xFA, 0x9B, 0x4D, 0x5E, 0xCC, 0xB0, 0xE9, 0xA7, 0xFC, 0x6B, 0x27, 0xDD, 0xAA, 0xF7, 0x56, 0x0C,
    0xF8, 0x09, 0x6D, 0x4F, 0xB1, 0x2E, 0xD3, 0xE7, 0xFD, 0x22, 0xAF, 0xA8, 0xE5, 0x2C, 0xEB, 0x92,
    0xE1, 0x83, 0x19, 0x47, 0x2E, 0x38, 0x68, 0xBF, 0x81, 0x13, 0x30, 0xCE, 0x30, 0x5C, 0x0C, 0xE1,
    0x1E, 0x81, 0x67, 0x7E, 0x69, 0x63, 0xBC, 0x29, 0x55, 0xFF, 0x40, 0xED, 0xF0, 0x2C, 0x20, 0x0A,
    0x16, 0x93, 0xB9, 0x02, 0xAA, 0x37, 0x21, 0xDC, 0x04, 0x5E, 0xB0, 0x3F, 0x5E, 0x83, 0x8C, 0x9E,
    0x52, 0x52, 0x31, 0x8C, 0x86, 0xB3, 0x1D, 0x35, 0xA4, 0x4B, 0x36, 0xCE, 0xD3, 0x92, 0xB0, 0xEA,
    0x03, 0x46, 0xC3, 0x0B, 0x1E, 0x15, 0x48, 0x96, 0x8A, 0x1F, 0xD5, 0x52, 0xC5, 0x41, 0x44, 0x51,
    0x0C, 0x1C, 0xDC, 0xE1, 0x8E, 0xDE, 0xD1, 0x0E, 0x56, 0xCE, 0x14, 0xB3, 0x1D, 0x20, 0x9D, 0x50,
    0x09, 0xD2, 0x01, 0x25, 0x6C, 0x07, 0xB8, 0x43, 0x86, 0x64, 0xDE, 0x0B, 0xCE, 0x0D, 0xFD, 0x32,
    0xC9, 0xEA, 0x1F, 0x43, 0x1C, 0x33, 0x6C, 0x01, 0x6B, 0xDC, 0x26, 0x8F, 0xD1, 0xC7, 0x38, 0xAE,
    0x31, 0xE5, 0xD8, 0x5D, 0xB8, 0x46, 0xB3, 0x3B, 0xC6, 0xD6, 0xD0, 0x39, 0xF6, 0x5A, 0x20, 0x7A,
    0xBA, 0x0E, 0x30, 0x20, 0x40, 0xB3, 0xC7, 0xE2, 0x7A, 0x9E, 0x9B, 0xFA, 0xB9, 0x7F, 0x5D, 0xF3,
    0x18, 0x9D, 0x3A, 0x7B, 0xF3, 0x7B, 0x3F, 0x3C, 0x07, 0xD9, 0xF2, 0x2B, 0x78, 0x5D, 0x37, 0x79,
    0xAF, 0xB9, 0x19, 0x13, 0x58, 0xE2, 0x16, 0xD0, 0x1B, 0x5C, 0x43, 0xEB, 0x3D, 0x5C, 0xE9, 0x42,
    0x7C, 0xA1, 0xD5, 0xE7, 0x48, 0x60, 0xA7, 0x0A, 0xED, 0x79, 0x87, 0xD2, 0x58, 0x14, 0x4A, 0x9F,
    0x49, 0xDD, 0xF7, 0x5C, 0x85, 0xBF, 0xD8, 0x9F, 0x8B, 0xBB, 0xD3, 0x5D, 0xB3, 0x75, 0x31, 0xA7,
    0x98, 0x13, 0x91, 0x91, 0x05, 0xF3, 0x5E, 0x47, 0x8A, 0xE4, 0x27, 0xFF, 0xE6, 0xCC, 0x0F, 0x0C,
    0x7B, 0xC2, 0x8E, 0xF0, 0x67, 0x99, 0xAB, 0x6B, 0x5B, 0xA8, 0x65, 0x3B, 0x2F, 0x2A, 0x64, 0x7E,
    0xA9, 0x9B, 0x2F, 0xA5, 0x6F, 0xBE, 0x94, 0xC2, 0x9D, 0x23, 0x1B, 0x27, 0xCC, 0x14, 0x32, 0x8E,
    0x97, 0x89, 0x64, 0x28, 0x99, 0x8B, 0x8E, 0x2C, 0x9E, 0xF0, 0x17, 0x97, 0xE2, 0x46, 0x1A, 0x92,
    0x9E, 0x68, 0x2F, 0xB6, 0xD8, 0x18, 0x22, 0xD9, 0x36, 0xC9, 0xB4, 0x85, 0x69, 0x0B, 0xAB, 0x2D,
    0xBD, 0x56, 0x6D, 0x81, 0x41, 0x98, 0xD7, 0x27, 0x0F, 0x2D, 0xB6, 0x1C, 0x5A, 0xB5, 0x65, 0x5F,
    0xA1, 0x6B, 0xF9, 0x07, 0xB6, 0x3C, 0x02,
};

static const EpdGlyph libron_18_regularGlyphs[] = {
    { 0, 0, 143, 0, 0, 0, 0 }, // U+0020
    { 7, 27, 178, 2, 27, 48, 0 }, // !
    { 11, 10, 233, 2, 27, 28, 48 }, // "
    { 21, 27, 363, 1, 27, 142, 76 }, // #
    { 18, 35, 329, 1, 31, 158, 218 }, // $
    { 29, 27, 490, 1, 27, 196, 376 }, // %
    { 26, 27, 456, 2, 27, 176, 572 }, // &
    { 5, 10, 133, 2, 27, 13, 748 }, // '
    { 11, 33, 193, 1, 28, 91, 761 }, // (
    { 10, 33, 193, 1, 28, 83, 852 }, // )
    { 13, 15, 260, 2, 28, 49, 935 }, // *
    { 16, 16, 315, 2, 18, 64, 984 }, // +
    { 7, 13, 155, 1, 6, 23, 1048 }, // ,
    { 10, 3, 226, 2, 11, 8, 1071 }, // -
    { 6, 6, 154, 2, 6, 9, 1079 }, // .
    { 14, 27, 249, 1, 27, 95, 1088 }, // /
    { 21, 27, 388, 2, 27, 142, 1183 }, // 0
    { 16, 27, 259, 0, 27, 108, 1325 }, // 1
    { 19, 27, 352, 1, 27, 129, 1433 }, // 2
    { 19, 27, 335, 1, 27, 129, 1562 }, // 3
    { 22, 27, 370, 0, 27, 149, 1691 }, // 4
    { 20, 27, 324, 0, 27, 135, 1840 }, // 5
    { 20, 29, 343, 1, 29, 145, 1975 }, // 6
    { 19, 27, 320, 1, 27, 129, 2120 }, // 7
    { 20, 27, 356, 1, 27, 135, 2249 }, // 8
    { 19, 29, 342, 1, 27, 138, 2384 }, // 9
    { 7, 20, 168, 2, 20, 35, 2522 }, // :
    { 8, 27, 173, 1, 19, 54, 2557 }, // ;
    { 17, 19, 315, 1, 19, 81, 2611 }, // <
    { 16, 11, 315, 2, 15, 44, 2692 }, // =
    { 17, 19, 315, 2, 19, 81, 2736 }, // >
    { 18, 27, 320, 1, 27, 122, 2817 }, // ?
    { 32, 32, 535, 1, 27, 256, 2939 }, // @
    { 27, 27, 458, 1, 27, 183, 3195 }, // A
    { 24, 27, 411, 1, 27, 162, 3378 }, // B
    { 25, 27, 432, 1, 27, 169, 3540 }, // C
    { 27, 27, 470, 1, 27, 183, 3709 }, // D
    { 22, 27, 389, 1, 27, 149, 3892 }, // E
    { 21, 27, 359, 1, 27, 142, 4041 }, // F
    { 25, 27, 444, 1, 27, 169, 4183 }, // G
    { 29, 27, 502, 1, 27, 196, 4352 }, // H
    { 12, 27, 229, 1, 27, 81, 4548 }, // I
    { 19, 27, 308, 0, 27, 129, 4629 }, // J
    { 29, 27, 466, 1, 27, 196, 4758 }, // K
    { 21, 27, 364, 1, 27, 142, 4954 }, // L
    { 37, 27, 614, 1, 27, 250, 5096 }, // M
    { 29, 27, 487, 1, 27, 196, 5346 }, // N
    { 27, 27, 473, 1, 27, 183, 5542 }, // O
    { 23, 27, 393, 1, 27, 156, 5725 }, // P
    { 27, 36, 473, 1, 27, 243, 5881 }, // Q
    { 26, 27, 426, 1, 27, 176, 6124 }, // R
    { 19, 27, 363, 2, 27, 129, 6300 }, // S
    { 24, 27, 408, 1, 27, 162, 6429 }, // T
    { 29, 27, 477, 1, 27, 196, 6591 }, // U
    { 30, 27, 450, -1, 27, 203, 6787 }, // V
    { 40, 27, 623, 0, 27, 270, 6990 }, // W
    { 30, 27, 467, 0, 27, 203, 7260 }, // X
    { 28, 27, 436, 0, 27, 189, 7463 }, // Y
    { 22, 27, 391, 2, 27, 149, 7652 }, // Z
    { 10, 33, 213, 3, 29, 83, 7801 }, // [
    { 14, 27, 249, 1, 27, 95, 7884 }, // <backslash>
    { 9, 33, 213, 1, 29, 75, 7979 }, // ]
    { 16, 15, 315, 2, 27, 60, 8054 }, // ^
    { 15, 3, 234, 0, -3, 12, 8114 }, // _
    { 9, 7, 285, 2, 28, 16, 8126 }, // `
    { 20, 21, 334, 1, 21, 105, 8142 }, // a
    { 21, 31, 357, 0, 31, 163, 8247 }, // b
    { 18, 21, 302, 1, 21, 95, 8410 }, // c
    { 23, 32, 381, 1, 31, 184, 8505 }, // d
    { 18, 21, 319, 1, 21, 95, 8689 }, // e
    { 19, 31, 251, 1, 31, 148, 8784 }, // f
    { 21, 31, 337, 0, 21, 163, 8932 }, // g
    { 23, 31, 385, 1, 31, 179, 9095 }, // h
    { 11, 31, 195, 1, 31, 86, 9274 }, // i
    { 12, 40, 164, -3, 31, 120, 9360 }, // j
    { 23, 32, 383, 1, 32, 184, 9480 }, // k
    { 11, 31, 188, 0, 31, 86, 9664 }, // l
    { 34, 21, 565, 1, 21, 179, 9750 }, // m
    { 23, 23, 390, 1, 23, 133, 9929 }, // n
    { 20, 21, 352, 1, 21, 105, 10062 }, // o
    { 23, 31, 379, 0, 21, 179, 10167 }, // p
    { 23, 31, 370, 1, 21, 179, 10346 }, // q
    { 17, 21, 275, 0, 21, 90, 10525 }, // r
    { 15, 21, 292, 2, 21, 79, 10615 }, // s
    { 15, 26, 244, 0, 26, 98, 10694 }, // t
    { 21, 21, 366, 1, 21, 111, 10792 }, // u
    { 23, 21, 373, 0, 21, 121, 10903 }, // v
    { 32, 21, 502, 0, 21, 168, 11024 }, // w
    { 22, 21, 353, 0, 21, 116, 11192 }, // x
    { 23, 29, 363, 0, 21, 167, 11308 }, // y
    { 18, 21, 304, 1, 21, 95, 11475 }, // z
    { 12, 34, 211, 1, 29, 102, 11570 }, // {
    { 4, 39, 165, 3, 29, 39, 11672 }, // |
    { 12, 34, 211, 1, 29, 102, 11711 }, // }
    { 16, 6, 315, 2, 13, 24, 11813 }, // ~
    { 0, 0, 143, 0, 0, 0, 0 }, // U+00A0
    { 7, 28, 169, 2, 20, 49, 0 }, // U+00A1
    { 16, 27, 314, 2, 27, 108, 49 }, // U+00A2
    { 20, 27, 364, 1, 27, 135, 157 }, // U+00A3
    { 15, 17, 307, 2, 18, 64, 292 }, // U+00A4
    { 25, 27, 426, 1, 27, 169, 356 }, // U+00A5
    { 4, 39, 165, 3, 29, 39, 525 }, // U+00A6
    { 20, 33, 353, 1, 27, 165, 564 }, // U+00A7
    { 14, 5, 285, 2, 27, 18, 729 }, // U+00A8
    { 27, 28, 484, 2, 28, 189, 747 }, // U+00A9
    { 14, 19, 287, 2, 29, 67, 936 }, // U+00AA
    { 19, 19, 339, 1, 19, 91, 1003 }, // U+00AB
    { 16, 11, 315, 2, 15, 44, 1094 }, // U+00AC
    { 10, 3, 226, 2, 11, 8, 1138 }, // U+00AD
    { 17, 17, 329, 2, 28, 73, 1146 }, // U+00AE
    { 12, 3, 285, 3, 26, 9, 1219 }, // U+00AF
    { 12, 11, 224, 1, 27, 33, 1228 }, // U+00B0
    { 16, 19, 315, 2, 19, 76, 1261 }, // U+00B1
    { 12, 15, 224, 1, 27, 45, 1337 }, // U+00B2
    { 12, 15, 212, 1, 27, 45, 1382 }, // U+00B3
    { 9, 7, 285, 7, 28, 16, 1427 }, // U+00B4
    { 21, 31, 385, 3, 21, 163, 1443 }, // U+00B5
    { 22, 31, 380, 1, 27, 171, 1606 }, // U+00B6
    { 6, 6, 162, 2, 13, 9, 1777 }, // U+00B7
    { 9, 10, 285, 4, 1, 23, 1786 }, // U+00B8
    { 11, 15, 185, 0, 27, 42, 1809 }, // U+00B9
    { 14, 19, 292, 2, 29, 67, 1851 }, // U+00BA
    { 20, 19, 347, 1, 19, 95, 1918 }, // U+00BB
    { 28, 27, 475, 1, 27, 189, 2013 }, // U+00BC
    { 28, 27, 482, 1, 27, 189, 2202 }, // U+00BD
    { 28, 27, 469, 1, 27, 189, 2391 }, // U+00BE
    { 19, 28, 316, 1, 20, 133, 2580 }, // U+00BF
    { 27, 36, 458, 1, 36, 243, 2713 }, // U+00C0
    { 27, 36, 458, 1, 36, 243, 2956 }, // U+00C1
    { 27, 36, 458, 1, 36, 243, 3199 }, // U+00C2
    { 27, 36, 458, 1, 36, 243, 3442 }, // U+00C3
    { 27, 35, 458, 1, 35, 237, 3685 }, // U+00C4
    { 27, 37, 458, 1, 37, 250, 3922 }, // U+00C5
    { 40, 27, 644, -1, 27, 270, 4172 }, // U+00C6
    { 25, 38, 432, 1, 28, 238, 4442 }, // U+00C7
    { 22, 36, 389, 1, 36, 198, 4680 }, // U+00C8
    { 22, 36, 389, 1, 36, 198, 4878 }, // U+00C9
    { 22, 36, 389, 1, 36, 198, 5076 }, // U+00CA
    { 22, 35, 389, 1, 35, 193, 5274 }, // U+00CB
    { 13, 36, 229, 0, 36, 117, 5467 }, // U+00CC
    { 13, 36, 229, 1, 36, 117, 5584 }, // U+00CD
    { 13, 36, 229, 1, 36, 117, 5701 }, // U+00CE
    { 13, 35, 229, 1, 35, 114, 5818 }, // U+00CF
    { 27, 27, 471, 1, 27, 183, 5932 }, // U+00D0
    { 29, 36, 487, 1, 36, 261, 6115 }, // U+00D1
    { 27, 36, 473, 1, 36, 243, 6376 }, // U+00D2
    { 27, 36, 473, 1, 36, 243, 6619 }, // U+00D3
    { 27, 36, 473, 1, 36, 243, 6862 }, // U+00D4
    { 27, 36, 473, 1, 36, 243, 7105 }, // U+00D5
    { 27, 35, 473, 1, 35, 237, 7348 }, // U+00D6
    { 14, 15, 315, 3, 17, 53, 7585 }, // U+00D7
    { 27, 27, 484, 2, 27, 183, 7638 }, // U+00D8
    { 29, 36, 477, 1, 36, 261, 7821 }, // U+00D9
    { 29, 36, 477, 1, 36, 261, 8082 }, // U+00DA
    { 29, 36, 477, 1, 36, 261, 8343 }, // U+00DB
    { 29, 35, 477, 1, 35, 254, 8604 }, // U+00DC
    { 28, 36, 436, 0, 36, 252, 8858 }, // U+00DD
    { 23, 27, 400, 1, 27, 156, 9110 }, // U+00DE
    { 25, 31, 429, 1, 31, 194, 9266 }, // U+00DF
    { 20, 30, 334, 1, 30, 150, 9460 }, // U+00E0
    { 20, 30, 334, 1, 30, 150, 9610 }, // U+00E1
    { 20, 30, 334, 1, 30, 150, 9760 }, // U+00E2
    { 20, 31, 334, 1, 31, 155, 9910 }, // U+00E3
    { 20, 30, 334, 1, 30, 150, 10065 }, // U+00E4
    { 20, 31, 334, 1, 31, 155, 10215 }, // U+00E5
    { 29, 21, 501, 1, 21, 153, 10370 }, // U+00E6
    { 18, 31, 306, 1, 21, 140, 10523 }, // U+00E7
    { 18, 30, 319, 1, 30, 135, 10663 }, // U+00E8
    { 18, 30, 319, 1, 30, 135, 10798 }, // U+00E9
    { 18, 30, 319, 1, 30, 135, 10933 }, // U+00EA
    { 18, 30, 319, 1, 30, 135, 11068 }, // U+00EB
    { 13, 30, 196, -1, 30, 98, 11203 }, // U+00EC
    { 12, 30, 196, 1, 30, 90, 11301 }, // U+00ED
    { 14, 30, 196, -1, 30, 105, 11391 }, // U+00EE
    { 14, 30, 196, -1, 30, 105, 11496 }, // U+00EF
    { 20, 32, 361, 1, 32, 160, 11601 }, // U+00F0
    { 23, 31, 390, 1, 31, 179, 11761 }, // U+00F1
    { 20, 30, 352, 1, 30, 150, 11940 }, // U+00F2
    { 20, 30, 352, 1, 30, 150, 12090 }, // U+00F3
    { 20, 30, 352, 1, 30, 150, 12240 }, // U+00F4
    { 20, 31, 352, 1, 31, 155, 12390 }, // U+00F5
    { 20, 30, 352, 1, 30, 150, 12545 }, // U+00F6
    { 16, 19, 315, 2, 19, 76, 12695 }, // U+00F7
    { 21, 21, 367, 1, 21, 111, 12771 }, // U+00F8
    { 21, 30, 366, 1, 30, 158, 12882 }, // U+00F9
    { 21, 30, 366, 1, 30, 158, 13040 }, // U+00FA
    { 21, 30, 366, 1, 30, 158, 13198 }, // U+00FB
    { 21, 30, 366, 1, 30, 158, 13356 }, // U+00FC
    { 23, 38, 363, 0, 30, 219, 13514 }, // U+00FD
    { 23, 41, 369, -1, 31, 236, 13733 }, // U+00FE
    { 23, 38, 363, 0, 30, 219, 13969 }, // U+00FF
    { 27, 34, 458, 1, 34, 230, 0 }, // U+0100
    { 20, 29, 334, 1, 29, 145, 230 }, // U+0101
    { 27, 35, 458, 1, 35, 237, 375 }, // U+0102
    { 20, 30, 334, 1, 30, 150, 612 }, // U+0103
    { 27, 37, 458, 1, 27, 250, 762 }, // U+0104
    { 20, 31, 331, 1, 21, 155, 1012 }, // U+0105
    { 25, 36, 432, 1, 36, 225, 1167 }, // U+0106
    { 18, 30, 302, 1, 30, 135, 1392 }, // U+0107
    { 25, 36, 432, 1, 36, 225, 1527 }, // U+0108
    { 18, 30, 302, 1, 30, 135, 1752 }, // U+0109
    { 25, 35, 432, 1, 35, 219, 1887 }, // U+010A
    { 18, 30, 302, 1, 30, 135, 2106 }, // U+010B
    { 25, 36, 432, 1, 36, 225, 2241 }, // U+010C
    { 18, 30, 302, 1, 30, 135, 2466 }, // U+010D
    { 27, 36, 470, 1, 36, 243, 2601 }, // U+010E
    { 27, 32, 384, 1, 31, 216, 2844 }, // U+010F
    { 27, 27, 471, 1, 27, 183, 3060 }, // U+0110
    { 23, 31, 381, 1, 31, 179, 3243 }, // U+0111
    { 22, 34, 389, 1, 34, 187, 3422 }, // U+0112
    { 18, 29, 319, 1, 29, 131, 3609 }, // U+0113
    { 22, 35, 389, 1, 35, 193, 3740 }, // U+0114
    { 18, 30, 319, 1, 30, 135, 3933 }, // U+0115
    { 22, 35, 389, 1, 35, 193, 4068 }, // U+0116
    { 18, 30, 319, 1, 30, 135, 4261 }, // U+0117
    { 22, 37, 389, 1, 27, 204, 4396 }, // U+0118
    { 18, 30, 320, 1, 21, 135, 4600 }, // U+0119
    { 22, 36, 389, 1, 36, 198, 4735 }, // U+011A
    { 18, 30, 319, 1, 30, 135, 4933 }, // U+011B
    { 25, 36, 444, 1, 36, 225, 5068 }, // U+011C
    { 21, 40, 337, 0, 30, 210, 5293 }, // U+011D
    { 25, 35, 444, 1, 35, 219, 5503 }, // U+011E
    { 21, 40, 337, 0, 30, 210, 5722 }, // U+011F
    { 25, 35, 444, 1, 35, 219, 5932 }, // U+0120
    { 21, 40, 337, 0, 30, 210, 6151 }, // U+0121
    { 25, 36, 444, 1, 36, 225, 6361 }, // U+0122
    { 21, 41, 337, 0, 31, 216, 6586 }, // U+0123
    { 29, 36, 502, 1, 36, 261, 6802 }, // U+0124
    { 23, 40, 385, 1, 40, 230, 7063 }, // U+0125
    { 30, 27, 504, 1, 27, 203, 7293 }, // U+0126
    { 24, 31, 385, 0, 31, 186, 7496 }, // U+0127
    { 13, 36, 229, 1, 36, 117, 7682 }, // U+0128
    { 13, 31, 196, -1, 31, 101, 7799 }, // U+0129
    { 12, 34, 229, 1, 34, 102, 7900 }, // U+012A
    { 12, 29, 196, 0, 29, 87, 8002 }, // U+012B
    { 12, 35, 229, 1, 35, 105, 8089 }, // U+012C
    { 12, 30, 196, 0, 30, 90, 8194 }, // U+012D
    { 12, 37, 229, 1, 27, 111, 8284 }, // U+012E
    { 11, 41, 196, 1, 31, 113, 8395 }, // U+012F
    { 12, 35, 229, 1, 35, 105, 8508 }, // U+0130
    { 11, 21, 196, 1, 21, 58, 8613 }, // U+0131
    { 19, 36, 308, 0, 36, 171, 8671 }, // U+0134
    { 14, 41, 175, -2, 30, 144, 8842 }, // U+0135
    { 29, 37, 466, 1, 27, 269, 8986 }, // U+0136
    { 23, 43, 383, 1, 32, 248, 9255 }, // U+0137
    { 24, 21, 383, 1, 21, 126, 9503 }, // U+0138
    { 21, 36, 364, 1, 36, 189, 9629 }, // U+0139
    { 13, 40, 188, 0, 40, 130, 9818 }, // U+013A
    { 21, 37, 364, 1, 27, 195, 9948 }, // U+013B
    { 11, 42, 188, 0, 31, 116, 10143 }, // U+013C
    { 21, 27, 364, 1, 27, 142, 10259 }, // U+013D
    { 16, 31, 187, 0, 31, 124, 10401 }, // U+013E
    { 21, 27, 364, 1, 27, 142, 10525 }, // U+013F
    { 16, 31, 208, 0, 31, 124, 10667 }, // U+0140
    { 22, 27, 394, 2, 27, 149, 10791 }, // U+0141
    { 12, 31, 219, 1, 31, 93, 10940 }, // U+0142
    { 29, 36, 487, 1, 36, 261, 11033 }, // U+0143
    { 23, 30, 390, 1, 30, 173, 11294 }, // U+0144
    { 29, 37, 487, 1, 27, 269, 11467 }, // U+0145
    { 23, 34, 390, 1, 23, 196, 11736 }, // U+0146
    { 29, 36, 487, 1, 36, 261, 11932 }, // U+0147
    { 23, 30, 390, 1, 30, 173, 12193 }, // U+0148
    { 29, 37, 484, 1, 27, 269, 12366 }, // U+014A
    { 21, 32, 378, 1, 21, 168, 12635 }, // U+014B
    { 27, 34, 473, 1, 34, 230, 12803 }, // U+014C
    { 20, 29, 352, 1, 29, 145, 13033 }, // U+014D
    { 27, 35, 473, 1, 35, 237, 13178 }, // U+014E
    { 20, 30, 352, 1, 30, 150, 13415 }, // U+014F
    { 27, 36, 473, 1, 36, 243, 13565 }, // U+0150
    { 20, 30, 352, 1, 30, 150, 13808 }, // U+0151
    { 38, 27, 652, 2, 27, 257, 13958 }, // U+0152
    { 33, 21, 559, 1, 21, 174, 14215 }, // U+0153
    { 26, 36, 426, 1, 36, 234, 14389 }, // U+0154
    { 17, 30, 275, 0, 30, 128, 14623 }, // U+0155
    { 26, 37, 426, 1, 27, 241, 14751 }, // U+0156
    { 17, 32, 275, 0, 21, 136, 14992 }, // U+0157
    { 26, 36, 426, 1, 36, 234, 15128 }, // U+0158
    { 17, 30, 275, 0, 30, 128, 15362 }, // U+0159
    { 19, 36, 363, 2, 36, 171, 15490 }, // U+015A
    { 15, 30, 292, 2, 30, 113, 15661 }, // U+015B
    { 19, 36, 363, 2, 36, 171, 15774 }, // U+015C
    { 15, 30, 292, 2, 30, 113, 15945 }, // U+015D
    { 19, 37, 363, 2, 27, 176, 16058 }, // U+015E
    { 15, 31, 292, 2, 21, 117, 16234 }, // U+015F
    { 19, 36, 363, 2, 36, 171, 16351 }, // U+0160
    { 15, 30, 292, 2, 30, 113, 16522 }, // U+0161
    { 24, 36, 408, 1, 27, 216, 16635 }, // U+0162
    { 15, 36, 248, 0, 26, 135, 16851 }, // U+0163
    { 24, 36, 408, 1, 36, 216, 16986 }, // U+0164
    { 16, 32, 244, 0, 32, 128, 17202 }, // U+0165
    { 26, 29, 429, 1, 29, 189, 17330 }, // U+0166
    { 16, 25, 253, 0, 25, 100, 17519 }, // U+0167
    { 29, 36, 477, 1, 36, 261, 17619 }, // U+0168
    { 21, 31, 366, 1, 31, 163, 17880 }, // U+0169
    { 29, 34, 477, 1, 34, 247, 18043 }, // U+016A
    { 21, 29, 366, 1, 29, 153, 18290 }, // U+016B
    { 29, 35, 477, 1, 35, 254, 18443 }, // U+016C
    { 21, 30, 366, 1, 30, 158, 18697 }, // U+016D
    { 29, 37, 477, 1, 37, 269, 18855 }, // U+016E
    { 21, 31, 366, 1, 31, 163, 19124 }, // U+016F
    { 29, 36, 477, 1, 36, 261, 19287 }, // U+0170
    { 21, 30, 366, 1, 30, 158, 19548 }, // U+0171
    { 29, 37, 477, 1, 27, 269, 19706 }, // U+0172
    { 21, 31, 373, 1, 21, 163, 19975 }, // U+0173
    { 40, 36, 623, 0, 36, 360, 20138 }, // U+0174
    { 32, 30, 502, 0, 30, 240, 20498 }, // U+0175
    { 28, 36, 436, 0, 36, 252, 20738 }, // U+0176
    { 23, 38, 363, 0, 30, 219, 20990 }, // U+0177
    { 28, 35, 436, 0, 35, 245, 21209 }, // U+0178
    { 22, 36, 391, 2, 36, 198, 21454 }, // U+0179
    { 18, 30, 304, 1, 30, 135, 21652 }, // U+017A
    { 22, 35, 391, 2, 35, 193, 21787 }, // U+017B
    { 18, 30, 304, 1, 30, 135, 21980 }, // U+017C
    { 22, 36, 391, 2, 36, 198, 22115 }, // U+017D
    { 18, 30, 304, 1, 30, 135, 22313 }, // U+017E
    { 27, 33, 475, 1, 33, 223, 0 }, // U+01A0
    { 21, 26, 363, 1, 26, 137, 223 }, // U+01A1
    { 32, 33, 486, 1, 33, 264, 360 }, // U+01AF
    { 24, 26, 379, 1, 26, 156, 624 }, // U+01B0
    { 52, 36, 853, 1, 36, 468, 780 }, // U+01C4
    { 47, 28, 760, 1, 28, 329, 1248 }, // U+01C5
    { 42, 32, 683, 1, 31, 336, 1577 }, // U+01C6
    { 42, 27, 693, 1, 27, 284, 1913 }, // U+01C7
    { 32, 40, 550, 1, 31, 320, 2197 }, // U+01C8
    { 20, 40, 357, 0, 31, 200, 2517 }, // U+01C9
    { 48, 27, 788, 1, 27, 324, 2717 }, // U+01CA
    { 38, 40, 645, 1, 31, 380, 3041 }, // U+01CB
    { 32, 40, 566, 1, 31, 320, 3421 }, // U+01CC
    { 27, 36, 458, 1, 36, 243, 3741 }, // U+01CD
    { 20, 30, 331, 1, 30, 150, 3984 }, // U+01CE
    { 13, 36, 229, 1, 36, 117, 4134 }, // U+01CF
    { 14, 30, 196, -1, 30, 105, 4251 }, // U+01D0
    { 27, 36, 473, 1, 36, 243, 4356 }, // U+01D1
    { 20, 30, 355, 1, 30, 150, 4599 }, // U+01D2
    { 29, 36, 477, 1, 36, 261, 4749 }, // U+01D3
    { 21, 30, 373, 1, 30, 158, 5010 }, // U+01D4
    { 29, 41, 477, 1, 41, 298, 5168 }, // U+01D5
    { 21, 37, 373, 1, 37, 195, 5466 }, // U+01D6
    { 29, 43, 477, 1, 43, 312, 5661 }, // U+01D7
    { 21, 38, 373, 1, 38, 200, 5973 }, // U+01D8
    { 29, 43, 477, 1, 43, 312, 6173 }, // U+01D9
    { 21, 38, 373, 1, 38, 200, 6485 }, // U+01DA
    { 29, 43, 477, 1, 43, 312, 6685 }, // U+01DB
    { 21, 38, 373, 1, 38, 200, 6997 }, // U+01DC
    { 27, 41, 458, 1, 41, 277, 7197 }, // U+01DE
    { 20, 37, 331, 1, 37, 185, 7474 }, // U+01DF
    { 27, 41, 458, 1, 41, 277, 7659 }, // U+01E0
    { 20, 37, 331, 1, 37, 185, 7936 }, // U+01E1
    { 40, 34, 644, -1, 34, 340, 8121 }, // U+01E2
    { 29, 29, 501, 1, 29, 211, 8461 }, // U+01E3
    { 25, 36, 444, 1, 36, 225, 8672 }, // U+01E6
    { 21, 40, 337, 0, 30, 210, 8897 }, // U+01E7
    { 29, 36, 466, 1, 36, 261, 9107 }, // U+01E8
    { 24, 38, 375, 0, 38, 228, 9368 }, // U+01E9
    { 27, 37, 473, 1, 27, 250, 9596 }, // U+01EA
    { 20, 31, 355, 1, 21, 155, 9846 }, // U+01EB
    { 27, 44, 473, 1, 34, 297, 10001 }, // U+01EC
    { 20, 39, 355, 1, 29, 195, 10298 }, // U+01ED
    { 14, 41, 175, -2, 30, 144, 10493 }, // U+01F0
    { 25, 36, 469, 1, 36, 225, 10637 }, // U+01F4
    { 21, 40, 337, 0, 30, 210, 10862 }, // U+01F5
    { 29, 36, 484, 1, 36, 261, 11072 }, // U+01F8
    { 23, 30, 393, 1, 30, 173, 11333 }, // U+01F9
    { 27, 44, 458, 1, 44, 297, 11506 }, // U+01FA
    { 20, 39, 334, 1, 39, 195, 11803 }, // U+01FB
    { 40, 36, 644, -1, 36, 360, 11998 }, // U+01FC
    { 29, 30, 501, 1, 30, 218, 12358 }, // U+01FD
    { 27, 36, 484, 2, 36, 243, 12576 }, // U+01FE
    { 21, 30, 367, 1, 30, 158, 12819 }, // U+01FF
    { 27, 36, 458, 1, 36, 243, 12977 }, // U+0200
    { 21, 30, 334, 0, 30, 158, 13220 }, // U+0201
    { 27, 36, 458, 1, 36, 243, 13378 }, // U+0202
    { 20, 31, 334, 1, 31, 155, 13621 }, // U+0203
    { 22, 36, 389, 1, 36, 198, 13776 }, // U+0204
    { 19, 30, 319, 0, 30, 143, 13974 }, // U+0205
    { 22, 36, 389, 1, 36, 198, 14117 }, // U+0206
    { 18, 31, 319, 1, 31, 140, 14315 }, // U+0207
    { 16, 36, 229, -3, 36, 144, 14455 }, // U+0208
    { 16, 30, 196, -4, 30, 120, 14599 }, // U+0209
    { 12, 36, 229, 1, 36, 108, 14719 }, // U+020A
    { 12, 31, 196, 0, 31, 93, 14827 }, // U+020B
    { 27, 36, 473, 1, 36, 243, 14920 }, // U+020C
    { 20, 30, 352, 1, 30, 150, 15163 }, // U+020D
    { 27, 36, 473, 1, 36, 243, 15313 }, // U+020E
    { 20, 31, 352, 1, 31, 155, 15556 }, // U+020F
    { 26, 36, 426, 1, 36, 234, 15711 }, // U+0210
    { 18, 30, 275, -1, 30, 135, 15945 }, // U+0211
    { 26, 36, 426, 1, 36, 234, 16080 }, // U+0212
    { 17, 31, 275, 0, 31, 132, 16314 }, // U+0213
    { 29, 36, 477, 1, 36, 261, 16446 }, // U+0214
    { 21, 30, 366, 1, 30, 158, 16707 }, // U+0215
    { 29, 36, 477, 1, 36, 261, 16865 }, // U+0216
    { 21, 31, 366, 1, 31, 163, 17126 }, // U+0217
    { 19, 37, 363, 2, 27, 176, 17289 }, // U+0218
    { 15, 32, 292, 2, 21, 120, 17465 }, // U+0219
    { 24, 37, 408, 1, 27, 222, 17585 }, // U+021A
    { 15, 37, 244, 0, 26, 139, 17807 }, // U+021B
    { 29, 36, 502, 1, 36, 261, 17946 }, // U+021E
    { 24, 38, 385, 0, 38, 228, 18207 }, // U+021F
    { 9, 7, 0, -7, 28, 16, 0 }, // U+0300
    { 9, 7, 0, -2, 28, 16, 16 }, // U+0301
    { 14, 7, 0, -7, 28, 25, 32 }, // U+0302
    { 12, 6, 0, -6, 28, 18, 57 }, // U+0303
    { 12, 3, 0, -6, 26, 9, 75 }, // U+0304
    { 12, 7, 0, -6, 28, 21, 84 }, // U+0306
    { 6, 5, 0, -3, 27, 8, 105 }, // U+0307
    { 14, 5, 0, -7, 27, 18, 113 }, // U+0308
    { 8, 8, 0, -4, 29, 16, 131 }, // U+0309
    { 8, 7, 0, -4, 28, 14, 147 }, // U+030A
    { 15, 6, 0, -5, 27, 23, 161 }, // U+030B
    { 14, 7, 0, -7, 28, 25, 184 }, // U+030C
    { 15, 6, 0, -10, 27, 23, 209 }, // U+030F
    { 12, 7, 0, -6, 28, 21, 232 }, // U+0311
    { 6, 8, 0, -3, 29, 12, 253 }, // U+0312
    { 9, 7, 0, -2, 24, 16, 265 }, // U+031B
    { 6, 5, 0, -3, -2, 8, 281 }, // U+0323
    { 14, 5, 0, -7, -2, 18, 289 }, // U+0324
    { 6, 8, 0, -3, -2, 12, 307 }, // U+0326
    { 9, 10, 0, -5, 1, 23, 319 }, // U+0327
    { 9, 11, 0, -8, 2, 25, 342 }, // U+0328
    { 12, 7, 0, -6, -1, 21, 367 }, // U+032E
    { 12, 3, 0, -6, -3, 9, 388 }, // U+0331
    { 14, 2, 0, -7, 24, 7, 397 }, // U+0335
    { 27, 34, 458, 1, 27, 230, 0 }, // U+1EA0
    { 20, 29, 334, 1, 21, 145, 230 }, // U+1EA1
    { 27, 37, 458, 1, 37, 250, 375 }, // U+1EA2
    { 20, 32, 334, 1, 32, 160, 625 }, // U+1EA3
    { 27, 39, 458, 1, 39, 264, 785 }, // U+1EA4
    { 21, 34, 334, 1, 34, 179, 1049 }, // U+1EA5
    { 27, 39, 458, 1, 39, 264, 1228 }, // U+1EA6
    { 24, 34, 334, -3, 34, 204, 1492 }, // U+1EA7
    { 27, 41, 458, 1, 41, 277, 1696 }, // U+1EA8
    { 20, 36, 334, 1, 36, 180, 1973 }, // U+1EA9
    { 27, 38, 458, 1, 38, 257, 2153 }, // U+1EAA
    { 20, 34, 334, 1, 34, 170, 2410 }, // U+1EAB
    { 27, 43, 458, 1, 36, 291, 2580 }, // U+1EAC
    { 20, 38, 334, 1, 30, 190, 2871 }, // U+1EAD
    { 27, 38, 458, 1, 38, 257, 3061 }, // U+1EAE
    { 20, 34, 334, 1, 34, 170, 3318 }, // U+1EAF
    { 27, 38, 458, 1, 38, 257, 3488 }, // U+1EB0
    { 20, 34, 334, 1, 34, 170, 3745 }, // U+1EB1
    { 27, 39, 458, 1, 39, 264, 3915 }, // U+1EB2
    { 20, 35, 334, 1, 35, 175, 4179 }, // U+1EB3
    { 27, 38, 458, 1, 38, 257, 4354 }, // U+1EB4
    { 20, 34, 334, 1, 34, 170, 4611 }, // U+1EB5
    { 27, 42, 458, 1, 35, 284, 4781 }, // U+1EB6
    { 20, 38, 334, 1, 30, 190, 5065 }, // U+1EB7
    { 22, 34, 389, 1, 27, 187, 5255 }, // U+1EB8
    { 18, 29, 319, 1, 21, 131, 5442 }, // U+1EB9
    { 22, 37, 389, 1, 37, 204, 5573 }, // U+1EBA
    { 18, 32, 319, 1, 32, 144, 5777 }, // U+1EBB
    { 22, 36, 389, 1, 36, 198, 5921 }, // U+1EBC
    { 18, 31, 319, 1, 31, 140, 6119 }, // U+1EBD
    { 23, 39, 389, 1, 39, 225, 6259 }, // U+1EBE
    { 22, 34, 319, 1, 34, 187, 6484 }, // U+1EBF
    { 23, 39, 389, 0, 39, 225, 6671 }, // U+1EC0
    { 21, 34, 319, -2, 34, 179, 6896 }, // U+1EC1
    { 22, 41, 389, 1, 41, 226, 7075 }, // U+1EC2
    { 20, 36, 319, 1, 36, 180, 7301 }, // U+1EC3
    { 22, 38, 389, 1, 38, 209, 7481 }, // U+1EC4
    { 18, 34, 319, 1, 34, 153, 7690 }, // U+1EC5
    { 22, 43, 389, 1, 36, 237, 7843 }, // U+1EC6
    { 18, 38, 319, 1, 30, 171, 8080 }, // U+1EC7
    { 12, 37, 229, 1, 37, 111, 8251 }, // U+1EC8
    { 11, 32, 196, 1, 32, 88, 8362 }, // U+1EC9
    { 12, 34, 229, 1, 27, 102, 8450 }, // U+1ECA
    { 11, 39, 195, 1, 31, 108, 8552 }, // U+1ECB
    { 27, 34, 473, 1, 27, 230, 8660 }, // U+1ECC
    { 20, 29, 352, 1, 21, 145, 8890 }, // U+1ECD
    { 27, 37, 473, 1, 37, 250, 9035 }, // U+1ECE
    { 20, 32, 352, 1, 32, 160, 9285 }, // U+1ECF
    { 27, 39, 473, 1, 39, 264, 9445 }, // U+1ED0
    { 23, 34, 352, 1, 34, 196, 9709 }, // U+1ED1
    { 27, 39, 473, 1, 39, 264, 9905 }, // U+1ED2
    { 22, 34, 352, -1, 34, 187, 10169 }, // U+1ED3
    { 27, 41, 473, 1, 41, 277, 10356 }, // U+1ED4
    { 21, 36, 352, 1, 36, 189, 10633 }, // U+1ED5
    { 27, 38, 473, 1, 38, 257, 10822 }, // U+1ED6
    { 20, 34, 352, 1, 34, 170, 11079 }, // U+1ED7
    { 27, 43, 473, 1, 36, 291, 11249 }, // U+1ED8
    { 20, 38, 352, 1, 30, 190, 11540 }, // U+1ED9
    { 27, 36, 475, 1, 36, 243, 11730 }, // U+1EDA
    { 21, 30, 363, 1, 30, 158, 11973 }, // U+1EDB
    { 27, 36, 475, 1, 36, 243, 12131 }, // U+1EDC
    { 21, 30, 363, 1, 30, 158, 12374 }, // U+1EDD
    { 27, 37, 475, 1, 37, 250, 12532 }, // U+1EDE
    { 21, 32, 363, 1, 32, 168, 12782 }, // U+1EDF
    { 27, 36, 475, 1, 36, 243, 12950 }, // U+1EE0
    { 21, 31, 363, 1, 31, 163, 13193 }, // U+1EE1
    { 27, 40, 475, 1, 33, 270, 13356 }, // U+1EE2
    { 21, 34, 363, 1, 26, 179, 13626 }, // U+1EE3
    { 29, 34, 477, 1, 27, 247, 13805 }, // U+1EE4
    { 21, 29, 366, 1, 21, 153, 14052 }, // U+1EE5
    { 29, 37, 477, 1, 37, 269, 14205 }, // U+1EE6
    { 21, 32, 366, 1, 32, 168, 14474 }, // U+1EE7
    { 32, 36, 486, 1, 36, 288, 14642 }, // U+1EE8
    { 24, 30, 379, 1, 30, 180, 14930 }, // U+1EE9
    { 32, 36, 486, 1, 36, 288, 15110 }, // U+1EEA
    { 24, 30, 379, 1, 30, 180, 15398 }, // U+1EEB
    { 32, 37, 486, 1, 37, 296, 15578 }, // U+1EEC
    { 24, 32, 379, 1, 32, 192, 15874 }, // U+1EED
    { 32, 36, 486, 1, 36, 288, 16066 }, // U+1EEE
    { 24, 31, 379, 1, 31, 186, 16354 }, // U+1EEF
    { 32, 40, 486, 1, 33, 320, 16540 }, // U+1EF0
    { 24, 34, 379, 1, 26, 204, 16860 }, // U+1EF1
    { 28, 36, 436, 0, 36, 252, 17064 }, // U+1EF2
    { 23, 38, 363, 0, 30, 219, 17316 }, // U+1EF3
    { 28, 34, 436, 0, 27, 238, 17535 }, // U+1EF4
    { 23, 32, 363, 0, 21, 184, 17773 }, // U+1EF5
    { 28, 37, 436, 0, 37, 259, 17957 }, // U+1EF6
    { 23, 40, 363, 0, 32, 230, 18216 }, // U+1EF7
    { 28, 36, 436, 0, 36, 252, 18446 }, // U+1EF8
    { 23, 39, 363, 0, 31, 225, 18698 }, // U+1EF9
    { 10, 3, 226, 2, 11, 8, 0 }, // U+2010
    { 16, 3, 308, 2, 11, 12, 8 }, // U+2013
    { 22, 3, 403, 2, 11, 17, 20 }, // U+2014
    { 8, 11, 156, 1, 28, 22, 37 }, // U+2018
    { 8, 11, 156, 1, 27, 22, 59 }, // U+2019
    { 7, 11, 155, 1, 6, 20, 81 }, // U+201A
    { 15, 11, 271, 1, 28, 42, 101 }, // U+201C
    { 15, 11, 271, 1, 27, 42, 143 }, // U+201D
    { 15, 11, 270, 1, 6, 42, 185 }, // U+201E
    { 11, 15, 230, 2, 28, 42, 227 }, // U+2020
    { 11, 15, 239, 2, 28, 42, 269 }, // U+2021
    { 10, 10, 250, 3, 15, 25, 311 }, // U+2022
    { 23, 6, 418, 2, 6, 35, 336 }, // U+2026
    { 44, 27, 716, 1, 27, 297, 371 }, // U+2030
    { 6, 10, 140, 2, 27, 15, 668 }, // U+2032
    { 13, 10, 244, 2, 27, 33, 683 }, // U+2033
    { 10, 19, 199, 1, 19, 48, 716 }, // U+2039
    { 11, 19, 207, 1, 19, 53, 764 }, // U+203A
    { 21, 27, 46, -9, 27, 142, 817 }, // U+2044
    { 25, 27, 427, 1, 27, 169, 959 }, // U+2052
    { 13, 15, 243, 1, 27, 49, 0 }, // U+2070
    { 15, 15, 239, 0, 27, 57, 49 }, // U+2074
    { 19, 35, 342, 2, 31, 167, 0 }, // U+20A1
    { 20, 27, 373, 2, 27, 135, 167 }, // U+20A3
    { 21, 27, 376, 1, 27, 142, 302 }, // U+20A4
    { 24, 27, 427, 2, 27, 162, 444 }, // U+20A6
    { 30, 27, 525, 2, 27, 203, 606 }, // U+20A7
    { 25, 27, 455, 2, 27, 169, 809 }, // U+20A9
    { 23, 35, 395, 1, 29, 202, 978 }, // U+20AB
    { 24, 27, 419, 1, 27, 162, 1180 }, // U+20AC
    { 24, 27, 424, 2, 27, 162, 1342 }, // U+20AD
    { 23, 27, 422, 2, 27, 156, 1504 }, // U+20B1
    { 20, 35, 376, 2, 31, 175, 1660 }, // U+20B2
    { 16, 27, 314, 2, 27, 108, 1835 }, // U+20B5
    { 19, 27, 352, 2, 27, 129, 1943 }, // U+20B9
    { 20, 27, 367, 2, 27, 135, 2072 }, // U+20BA
    { 20, 27, 354, 1, 27, 135, 2207 }, // U+20BC
    { 21, 27, 377, 2, 27, 142, 2342 }, // U+20BD
    { 16, 3, 315, 2, 11, 12, 0 }, // U+2212
    { 21, 27, 46, -9, 27, 142, 12 }, // U+2215
    { 10, 10, 315, 5, 15, 25, 154 }, // U+2219
    { 16, 14, 315, 2, 17, 56, 179 }, // U+2248
    { 16, 19, 315, 2, 18, 76, 235 }, // U+2260
    { 18, 20, 315, 1, 20, 90, 311 }, // U+2264
    { 18, 20, 315, 1, 20, 90, 401 }, // U+2265
    { 31, 31, 442, 1, 31, 241, 0 }, // U+FB00
    { 23, 31, 383, 1, 31, 179, 241 }, // U+FB01
    { 23, 31, 388, 1, 31, 179, 420 }, // U+FB02
    { 35, 31, 578, 1, 31, 272, 599 }, // U+FB03
    { 35, 31, 579, 1, 31, 272, 871 }, // U+FB04
};

static const EpdUnicodeInterval libron_18_regularIntervals[] = {
    { 0x20, 0x7E, 0x0 },
    { 0xA0, 0x131, 0x5F },
    { 0x134, 0x148, 0xF1 },
    { 0x14A, 0x17E, 0x106 },
    { 0x1A0, 0x1A1, 0x13B },
    { 0x1AF, 0x1B0, 0x13D },
    { 0x1C4, 0x1DC, 0x13F },
    { 0x1DE, 0x1E3, 0x158 },
    { 0x1E6, 0x1ED, 0x15E },
    { 0x1F0, 0x1F0, 0x166 },
    { 0x1F4, 0x1F5, 0x167 },
    { 0x1F8, 0x21B, 0x169 },
    { 0x21E, 0x21F, 0x18D },
    { 0x300, 0x304, 0x18F },
    { 0x306, 0x30C, 0x194 },
    { 0x30F, 0x30F, 0x19B },
    { 0x311, 0x312, 0x19C },
    { 0x31B, 0x31B, 0x19E },
    { 0x323, 0x324, 0x19F },
    { 0x326, 0x328, 0x1A1 },
    { 0x32E, 0x32E, 0x1A4 },
    { 0x331, 0x331, 0x1A5 },
    { 0x335, 0x335, 0x1A6 },
    { 0x1EA0, 0x1EF9, 0x1A7 },
    { 0x2010, 0x2010, 0x201 },
    { 0x2013, 0x2014, 0x202 },
    { 0x2018, 0x201A, 0x204 },
    { 0x201C, 0x201E, 0x207 },
    { 0x2020, 0x2022, 0x20A },
    { 0x2026, 0x2026, 0x20D },
    { 0x2030, 0x2030, 0x20E },
    { 0x2032, 0x2033, 0x20F },
    { 0x2039, 0x203A, 0x211 },
    { 0x2044, 0x2044, 0x213 },
    { 0x2052, 0x2052, 0x214 },
    { 0x2070, 0x2070, 0x215 },
    { 0x2074, 0x2074, 0x216 },
    { 0x20A1, 0x20A1, 0x217 },
    { 0x20A3, 0x20A4, 0x218 },
    { 0x20A6, 0x20A7, 0x21A },
    { 0x20A9, 0x20A9, 0x21C },
    { 0x20AB, 0x20AD, 0x21D },
    { 0x20B1, 0x20B2, 0x220 },
    { 0x20B5, 0x20B5, 0x222 },
    { 0x20B9, 0x20BA, 0x223 },
    { 0x20BC, 0x20BD, 0x225 },
    { 0x2212, 0x2212, 0x227 },
    { 0x2215, 0x2215, 0x228 },
    { 0x2219, 0x2219, 0x229 },
    { 0x2248, 0x2248, 0x22A },
    { 0x2260, 0x2260, 0x22B },
    { 0x2264, 0x2265, 0x22C },
    { 0xFB00, 0xFB04, 0x22E },
};

static const EpdFontGroup libron_18_regularGroups[] = {
    { 0, 4556, 12641, 95, 0 },
    { 4556, 3799, 15091, 96, 95 },
    { 8355, 4887, 24201, 124, 191 },
    { 13242, 4219, 19526, 84, 315 },
    { 17461, 299, 459, 24, 399 },
    { 17760, 2887, 19740, 90, 423 },
    { 20647, 600, 1215, 20, 513 },
    { 21247, 92, 120, 2, 533 },
    { 21339, 1091, 2585, 16, 535 },
    { 22430, 236, 536, 7, 551 },
    { 22666, 253, 1178, 5, 558 },
};

static const uint16_t libron_18_regularKernLeftCodepoints[] = {
    0x0020, 0x0022, 0x0026, 0x0027, 0x0028, 0x0029, 0x002A, 0x002C, 0x002D, 0x002E, 0x002F, 0x0030,
    0x0031, 0x0032, 0x0033, 0x0034, 0x0035, 0x0036, 0x0037, 0x0038, 0x0039, 0x003A, 0x003B, 0x003F,
    0x0040, 0x0041, 0x0042, 0x0043, 0x0044, 0x0045, 0x0046, 0x0047, 0x0048, 0x0049, 0x004A, 0x004B,
    0x004C, 0x004D, 0x004E, 0x004F, 0x0050, 0x0051, 0x0052, 0x0053, 0x0054, 0x0055, 0x0056, 0x0057,
    0x0058, 0x0059, 0x005A, 0x005B, 0x005C, 0x005D, 0x005F, 0x0061, 0x0062, 0x0063, 0x0064, 0x0065,
    0x0066, 0x0067, 0x0068, 0x0069, 0x006A, 0x006B, 0x006C, 0x006D, 0x006E, 0x006F, 0x0070, 0x0071,
    0x0072, 0x0073, 0x0074, 0x0075, 0x0076, 0x0077, 0x0078, 0x0079, 0x007A, 0x007B, 0x007D, 0x00A0,
    0x00A1, 0x00A4, 0x00A5, 0x00A9, 0x00AA, 0x00AB, 0x00AD, 0x00AE, 0x00B0, 0x00B2, 0x00B3, 0x00B7,
    0x00BA, 0x00BB, 0x00BF, 0x00C0, 0x00C1, 0x00C2, 0x00C3, 0x00C4, 0x00C5, 0x00C6, 0x00C7, 0x00C8,
    0x00C9, 0x00CA, 0x00CB, 0x00CC, 0x00CD, 0x00CE, 0x00CF, 0x00D0, 0x00D1, 0x00D2, 0x00D3, 0x00D4,
    0x00D5, 0x00D6, 0x00D8, 0x00D9, 0x00DA, 0x00DB, 0x00DC, 0x00DD, 0x00DE, 0x00DF, 0x00E0, 0x00E1,
    0x00E2, 0x00E3, 0x00E4, 0x00E5, 0x00E6, 0x00E7, 0x00E8, 0x00E9, 0x00EA, 0x00EB, 0x00EC, 0x00ED,
    0x00EE, 0x00EF, 0x00F0, 0x00F1, 0x00F2, 0x00F3, 0x00F4, 0x00F5, 0x00F6, 0x00F8, 0x00F9, 0x00FA,
    0x00FB, 0x00FC, 0x00FD, 0x00FE, 0x00FF, 0x0100, 0x0101, 0x0102, 0x0103, 0x0104, 0x0105, 0x0106,
    0x0107, 0x0108, 0x0109, 0x010A, 0x010B, 0x010C, 0x010D, 0x010E, 0x010F, 0x0110, 0x0111, 0x0112,
    0x0113, 0x0114, 0x0115, 0x0116, 0x0117, 0x0118, 0x0119, 0x011A, 0x011B, 0x011C, 0x011D, 0x011E,
    0x011F, 0x0120, 0x0121, 0x0122, 0x0123, 0x0124, 0x0125, 0x0126, 0x0127, 0x0128, 0x0129, 0x012A,
    0x012B, 0x012C, 0x012D, 0x012E, 0x012F, 0x0130, 0x0131, 0x0134, 0x0135, 0x0136, 0x0137, 0x0138,
    0x0139, 0x013A, 0x013B, 0x013C, 0x013D, 0x013E, 0x013F, 0x0141, 0x0142, 0x0143, 0x0144, 0x0145,
    0x0146, 0x0147, 0x0148, 0x014A, 0x014B, 0x014C, 0x014D, 0x014E, 0x014F, 0x0150, 0x0151, 0x0152,
    0x0153, 0x0154, 0x0155, 0x0156, 0x0157, 0x0158, 0x0159, 0x015A, 0x015B, 0x015C, 0x015D, 0x015E,
    0x015F, 0x0160, 0x0161, 0x0162, 0x0163, 0x0164, 0x0165, 0x0166, 0x0167, 0x0168, 0x0169, 0x016A,
    0x016B, 0x016C, 0x016D, 0x016E, 0x016F, 0x0170, 0x0171, 0x0172, 0x0173, 0x0174, 0x0175, 0x0176,
    0x0177, 0x0178, 0x0179, 0x017A, 0x017B, 0x017C, 0x017D, 0x017E, 0x01A0, 0x01A1, 0x01AF, 0x01B0,
    0x01C4, 0x01C5, 0x01C6, 0x01C7, 0x01C8, 0x01C9, 0x01CA, 0x01CB, 0x01CC, 0x01E6, 0x01E7, 0x01EA,
    0x01EB, 0x01FA, 0x01FB, 0x01FC, 0x01FD, 0x01FE, 0x01FF, 0x0200, 0x0201, 0x0202, 0x0203, 0x0204,
    0x0205, 0x0206, 0x0207, 0x0208, 0x0209, 0x020A, 0x020B, 0x020C, 0x020D, 0x020E, 0x020F, 0x0210,
    0x0211, 0x0212, 0x0213, 0x0214, 0x0215, 0x0216, 0x0217, 0x0218, 0x0219, 0x021A, 0x021B, 0x1EA0,
    0x1EA1, 0x1EA2, 0x1EA3, 0x1EA4, 0x1EA5, 0x1EA6, 0x1EA7, 0x1EA8, 0x1EA9, 0x1EAA, 0x1EAB, 0x1EAC,
    0x1EAD, 0x1EAE, 0x1EAF, 0x1EB0, 0x1EB1, 0x1EB2, 0x1EB3, 0x1EB4, 0x1EB5, 0x1EB6, 0x1EB7, 0x1EB8,
    0x1EB9, 0x1EBA, 0x1EBB, 0x1EBC, 0x1EBD, 0x1EBE, 0x1EBF, 0x1EC0, 0x1EC1, 0x1EC2, 0x1EC3, 0x1EC4,
    0x1EC5, 0x1EC6, 0x1EC7, 0x1EC8, 0x1EC9, 0x1ECA, 0x1ECB, 0x1ECC, 0x1ECD, 0x1ECE, 0x1ECF, 0x1ED0,
    0x1ED1, 0x1ED2, 0x1ED3, 0x1ED4, 0x1ED5, 0x1ED6, 0x1ED7, 0x1ED8, 0x1ED9, 0x1EDA, 0x1EDB, 0x1EDC,
    0x1EDD, 0x1EDE, 0x1EDF, 0x1EE0, 0x1EE1, 0x1EE2, 0x1EE3, 0x1EE4, 0x1EE5, 0x1EE6, 0x1EE7, 0x1EE8,
    0x1EE9, 0x1EEA, 0x1EEB, 0x1EEC, 0x1EED, 0x1EEE, 0x1EEF, 0x1EF0, 0x1EF1, 0x1EF2, 0x1EF3, 0x1EF4,
    0x1EF5, 0x1EF6, 0x1EF7, 0x1EF8, 0x1EF9, 0x2013, 0x2014, 0x2018, 0x2019, 0x201A, 0x201C, 0x201D,
    0x201E, 0x2022, 0x2026, 0x2032, 0x2033, 0x2039, 0x203A, 0x2074, 0x20A3, 0x20AD, 0x20B1, 0x20B9,
    0x20BA, 0x20BC, 0xFB00, 0xFB01, 0xFB02, 0xFB03, 0xFB04,
};

static const uint8_t libron_18_regularKernLeftClassIds[] = {
      1,   2,   3,   2,   4,   5,   6,   7,   8,   9,  10,  11,  12,  13,  14,  15,
     16,  17,  18,  19,  20,  21,  21,  22,  23,  24,  25,  26,  27,  28,  29,  30,
     31,  31,  32,  33,  34,  35,  36,  37,  38,  39,  40,  41,  42,  43,  44,  45,
     46,  47,  48,  49,  50,  51,  52,  53,  54,  55,  56,  57,  58,  59,  60,  61,
     62,  63,  64,  60,  60,  65,  54,  66,  67,  68,  69,  70,  71,  72,  73,  74,
     75,  76,  77,   1,  78,  79,  80,  81,  82,  83,   8,  84,  85,  86,  86,  87,
     88,  89,  90,  91,  91,  91,  91,  91,  91,  28,  92,  28,  28,  28,  28,  31,
     31,  31,  31,  27,  36,  37,  37,  37,  37,  37,  93,  43,  43,  43,  43,  47,
     94,  95,  53,  96,  53,  53,  97,  53,  57,  55,  57,  98,  99, 100,  61, 101,
    102, 103, 104,  60,  65, 105,  65,  65,  65, 106,  70,  70,  70,  70,  74,  54,
     74,  91,  53,  91,  53, 107, 108,  92, 109,  92, 110,  92,  55,  92, 111,  27,
    112,  27, 113,  28,  57,  28,  57,  28,  57,  28,  57,  28, 114,  30, 115,  30,
    115,  30, 115,  30, 115,  31,  60,  31,  60,  31, 116,  31, 117,  31, 118,  31,
     61,  31,  61,  32, 119, 120, 121, 121,  34,  64,  34,  64, 122, 123,  34,  34,
    124,  36,  60,  36,  60,  36,  60,  36,  60,  37,  65,  37,  65,  37, 125,  28,
     57,  40, 126,  40,  67,  40, 127,  41, 128,  41, 129,  41,  68, 130, 131,  42,
     69,  42, 132, 133, 134,  43,  70,  43,  70,  43,  70,  43,  70,  43, 135,  43,
     70,  45,  72,  47,  74,  47,  48, 136,  48, 136,  48, 136, 137, 138, 139, 140,
     48, 136, 136,  32,  62,  62,  32,  62,  62,  30, 115,  37,  65,  91,  53,  28,
     57,  93, 106,  91,  53,  91,  53,  28,  57,  28,  99,  31, 141,  31, 142,  37,
     65,  37,  65,  40,  67,  40, 143,  43,  70,  43,  70,  41,  68,  42,  69,  91,
     53,  91,  53,  91, 144,  91,  53,  91, 145,  91,  53,  91,  53,  91,  53,  91,
     53,  91,  53,  91,  53,  91,  53,  28,  57,  28,  57,  28,  57,  28, 146,  28,
     99,  28, 147,  28,  99,  28,  99,  31, 148,  31,  61,  37,  65,  37,  65,  37,
    149,  37,  65,  37, 150,  37,  65,  37,  65, 137, 138, 137, 138, 137, 138, 137,
    138, 137, 138,  43,  70,  43,  70, 139, 140, 139, 140, 139, 140, 139, 140, 151,
    152,  47,  74,  47, 153,  47,  74,  47,  74, 154, 154, 155, 156,   7, 155, 156,
    157, 158,   9, 159, 159,  83,  89, 160, 161, 162, 162, 162, 163, 164, 165, 166,
     64, 166,  64,
};

static const uint16_t libron_18_regularKernRightCodepoints[] = {
    0x0020, 0x0021, 0x0022, 0x0026, 0x0027, 0x0028, 0x0029, 0x002A, 0x002C, 0x002D, 0x002E, 0x002F,
    0x0030, 0x0031, 0x0032, 0x0033, 0x0034, 0x0035, 0x0036, 0x0037, 0x0038, 0x0039, 0x003A, 0x003B,
    0x003F, 0x0040, 0x0041, 0x0042, 0x0043, 0x0044, 0x0045, 0x0046, 0x0047, 0x0048, 0x0049, 0x004A,
    0x004B, 0x004C, 0x004D, 0x004E, 0x004F, 0x0050, 0x0051, 0x0052, 0x0053, 0x0054, 0x0055, 0x0056,
    0x0057, 0x0058, 0x0059, 0x005A, 0x005C, 0x005D, 0x005F, 0x0061, 0x0062, 0x0063, 0x0064, 0x0065,
    0x0066, 0x0067, 0x0068, 0x0069, 0x006A, 0x006B, 0x006C, 0x006D, 0x006E, 0x006F, 0x0070, 0x0071,
    0x0072, 0x0073, 0x0074, 0x0075, 0x0076, 0x0077, 0x0078, 0x0079, 0x007A, 0x007B, 0x007C, 0x007D,
    0x00A0, 0x00A1, 0x00A4, 0x00A5, 0x00A6, 0x00A9, 0x00AA, 0x00AB, 0x00AD, 0x00AE, 0x00B0, 0x00B2,
    0x00B3, 0x00B7, 0x00B9, 0x00BA, 0x00BB, 0x00BF, 0x00C0, 0x00C1, 0x00C2, 0x00C3, 0x00C4, 0x00C5,
    0x00C6, 0x00C7, 0x00C8, 0x00C9, 0x00CA, 0x00CB, 0x00CC, 0x00CD, 0x00CE, 0x00CF, 0x00D0, 0x00D1,
    0x00D2, 0x00D3, 0x00D4, 0x00D5, 0x00D6, 0x00D8, 0x00D9, 0x00DA, 0x00DB, 0x00DC, 0x00DD, 0x00DE,
    0x00DF, 0x00E0, 0x00E1, 0x00E2, 0x00E3, 0x00E4, 0x00E5, 0x00E6, 0x00E7, 0x00E8, 0x00E9, 0x00EA,
    0x00EB, 0x00EC, 0x00ED, 0x00EE, 0x00EF, 0x00F0, 0x00F1, 0x00F2, 0x00F3, 0x00F4, 0x00F5, 0x00F6,
    0x00F8, 0x00F9, 0x00FA, 0x00FB, 0x00FC, 0x00FD, 0x00FE, 0x00FF, 0x0100, 0x0101, 0x0102, 0x0103,
    0x0104, 0x0105, 0x0106, 0x0107, 0x0108, 0x0109, 0x010A, 0x010B, 0x010C, 0x010D, 0x010E, 0x010F,
    0x0110, 0x0111, 0x0112, 0x0113, 0x0114, 0x0115, 0x0116, 0x0117, 0x0118, 0x0119, 0x011A, 0x011B,
    0x011C, 0x011D, 0x011E, 0x011F, 0x0120, 0x0121, 0x0122, 0x0123, 0x0124, 0x0125, 0x0126, 0x0127,
    0x0128, 0x0129, 0x012A, 0x012B, 0x012C, 0x012D, 0x012E, 0x012F, 0x0130, 0x0131, 0x0134, 0x0135,
    0x0136, 0x0137, 0x0138, 0x0139, 0x013A, 0x013B, 0x013C, 0x013D, 0x013E, 0x013F, 0x0140, 0x0141,
    0x0142, 0x0143, 0x0144, 0x0145, 0x0146, 0x0147, 0x0148, 0x014A, 0x014B, 0x014C, 0x014D, 0x014E,
    0x014F, 0x0150, 0x0151, 0x0152, 0x0153, 0x0154, 0x0155, 0x0156, 0x0157, 0x0158, 0x0159, 0x015A,
    0x015B, 0x015C, 0x015D, 0x015E, 0x015F, 0x0160, 0x0161, 0x0162, 0x0163, 0x0164, 0x0165, 0x0166,
    0x0167, 0x0168, 0x0169, 0x016A, 0x016B, 0x016C, 0x016D, 0x016E, 0x016F, 0x0170, 0x0171, 0x0172,
    0x0173, 0x0174, 0x0175, 0x0176, 0x0177, 0x0178, 0x0179, 0x017A, 0x017B, 0x017C, 0x017D, 0x017E,
    0x01A0, 0x01A1, 0x01AF, 0x01B0, 0x01C4, 0x01C5, 0x01C6, 0x01C7, 0x01C8, 0x01C9, 0x01CA, 0x01CB,
    0x01CC, 0x01E6, 0x01E7, 0x01EA, 0x01EB, 0x01FA, 0x01FB, 0x01FC, 0x01FD, 0x01FE, 0x01FF, 0x0200,
    0x0201, 0x0202, 0x0203, 0x0204, 0x0205, 0x0206, 0x0207, 0x0208, 0x0209, 0x020A, 0x020B, 0x020C,
    0x020D, 0x020E, 0x020F, 0x0210, 0x0211, 0x0212, 0x0213, 0x0214, 0x0215, 0x0216, 0x0217, 0x0218,
    0x0219, 0x021A, 0x021B, 0x1EA0, 0x1EA1, 0x1EA2, 0x1EA3, 0x1EA4, 0x1EA5, 0x1EA6, 0x1EA7, 0x1EA8,
    0x1EA9, 0x1EAA, 0x1EAB, 0x1EAC, 0x1EAD, 0x1EAE, 0x1EAF, 0x1EB0, 0x1EB1, 0x1EB2, 0x1EB3, 0x1EB4,
    0x1EB5, 0x1EB6, 0x1EB7, 0x1EB8, 0x1EB9, 0x1EBA, 0x1EBB, 0x1EBC, 0x1EBD, 0x1EBE, 0x1EBF, 0x1EC0,
    0x1EC1, 0x1EC2, 0x1EC3, 0x1EC4, 0x1EC5, 0x1EC6, 0x1EC7, 0x1EC8, 0x1EC9, 0x1ECA, 0x1ECB, 0x1ECC,
    0x1ECD, 0x1ECE, 0x1ECF, 0x1ED0, 0x1ED1, 0x1ED2, 0x1ED3, 0x1ED4, 0x1ED5, 0x1ED6, 0x1ED7, 0x1ED8,
    0x1ED9, 0x1EDA, 0x1EDB, 0x1EDC, 0x1EDD, 0x1EDE, 0x1EDF, 0x1EE0, 0x1EE1, 0x1EE2, 0x1EE3, 0x1EE4,
    0x1EE5, 0x1EE6, 0x1EE7, 0x1EE8, 0x1EE9, 0x1EEA, 0x1EEB, 0x1EEC, 0x1EED, 0x1EEE, 0x1EEF, 0x1EF0,
    0x1EF1, 0x1EF2, 0x1EF3, 0x1EF4, 0x1EF5, 0x1EF6, 0x1EF7, 0x1EF8, 0x1EF9, 0x2013, 0x2014, 0x2018,
    0x2019, 0x201A, 0x201C, 0x201D, 0x201E, 0x2020, 0x2021, 0x2022, 0x2026, 0x2032, 0x2033, 0x2039,
    0x203A, 0x2070, 0x2074, 0x20AB, 0x20B9, 0x20BC, 0xFB00, 0xFB01, 0xFB02, 0xFB03, 0xFB04,
};

static const uint8_t libron_18_regularKernRightClassIds[] = {
      1,   2,   3,   4,   3,   5,   6,   7,   8,   9,  10,  11,  12,  13,  14,  15,
     16,  17,  18,  19,  20,  21,  22,  23,  24,  25,  26,  27,  28,  27,  27,  27,
     28,  27,  27,  29,  27,  27,  30,  31,  28,  27,  28,  27,  32,  33,  34,  35,
     36,  37,  38,  39,  40,  41,  42,  43,  44,  45,  46,  45,  47,  48,  49,  50,
     51,  52,  53,  54,  54,  45,  55,  46,  54,  56,  57,  58,  59,  60,  61,  62,
     63,  64,  65,  66,   1,  67,  68,  69,  65,  70,  71,  72,   9,  73,  74,  75,
     76,  77,  78,  79,  80,  81,  26,  26,  26,  26,  26,  26,  82,  28,  27,  27,
     27,  27,  27,  27,  27,  27,  27,  31,  28,  28,  28,  28,  28,  83,  34,  34,
     34,  34,  38,  27,  84,  85,  43,  86,  87,  88,  89,  43,  45,  90,  45,  91,
     92,  93,  94,  95,  96,  97,  54,  98,  45,  99, 100, 101, 102, 103,  58,  58,
    104,  62, 105,  62,  26, 106,  26, 107,  26,  43,  28,  45,  28, 108,  28,  45,
     28, 109,  27,  46,  27,  46,  27, 110,  27, 111,  27,  45,  27,  45,  27, 112,
     28, 113,  28, 114,  28,  48,  28,  48,  27,  49,  27, 115, 116, 117,  27, 118,
     27, 119,  27, 120,  27, 121,  29, 122,  27, 123,  54,  27,  53,  27,  53,  27,
     53,  27,  53, 124, 125,  31,  54,  31,  54,  31,  54,  31,  54,  28, 126,  28,
    127,  28,  45,  28,  45,  27,  54,  27,  54,  27, 128,  32,  56,  32, 129,  32,
     56,  32, 130,  33,  57,  33, 131, 132, 133,  34,  58,  34,  58,  34, 134,  34,
     58,  34,  58,  34,  58,  36,  60,  38,  62,  38,  39, 135,  39,  63,  39, 136,
     28,  45,  34,  58,  27,  27,  46,  27,  27,  53,  31,  31,  54,  28, 137,  28,
     45,  26,  89,  82,  43,  83, 102,  26, 138,  26, 139,  27, 140,  27, 141,  27,
    142,  27, 143,  28, 144,  28,  45,  27, 145,  27, 146,  34, 147,  34,  58,  32,
     56,  33,  57,  26,  43,  26, 148,  26,  86,  26, 149,  26,  86,  26, 150,  26,
     86,  26, 151,  26, 152,  26, 151,  26, 153,  26, 107,  27,  45,  27, 154,  27,
    155,  27,  91,  27, 156,  27,  91,  27, 157,  27,  91,  27, 158,  27, 120,  28,
     45,  28,  45,  28,  99,  28, 159,  28,  99,  28, 160,  28,  99,  28,  45,  28,
     98,  28,  45,  28, 100,  28,  45,  34,  58,  34,  58,  34,  58,  34, 103,  34,
     58,  34,  58,  34,  58,  38, 161,  38,  62,  38,  62,  38,  62, 162, 162, 163,
    164, 165, 163, 164, 166, 167, 168, 169,  10, 170, 170,  72,  80, 171, 172,  68,
    173, 174,  84,  47,  47,  84,  84,
};

static const uint16_t libron_18_regularKernRowOffsets[] = {
        0,    31,   138,   178,   280,   287,   413,   464,   556,   606,   699,   719,   747,   760,   786,   815,
      827,   851,   877,   890,   914,   930,   934,   951,  1057,  1129,  1137,  1217,  1249,  1374,  1424,  1510,
     1630,  1734,  1787,  1881,  1998,  2052,  2144,  2199,  2283,  2346,  2468,  2589,  2729,  2864,  2967,  3099,
     3161,  3241,  3259,  3261,  3272,  3303,  3344,  3399,  3456,  3487,  3619,  3703,  3732,  3757,  3760,  3850,
     3880,  3915,  3937,  4046,  4097,  4174,  4203,  4300,  4393,  4464,  4562,  4589,  4672,  4682,  4695,  4696,
     4704,  4718,  4721,  4812,  4859,  4863,  4865,  4951,  4952,  5052,  5181,  5289,  5298,  5352,  5437,  5486,
     5517,  5548,  5579,  5610,  5641,  5680,  5708,  5745,  5779,  5814,  5849,  5957,  5995,  6050,  6105,  6160,
     6259,  6317,  6348,  6434,  6468,  6495,  6531,  6540,  6645,  6736,  6789,  6854,  6859,  6894,  7004,  7113,
     7164,  7215,  7279,  7330,  7419,  7541,  7618,  7647,  7675,  7709,  7719,  7836,  7863,  7888,  7913,  8022,
     8056,  8096,  8137,  8178,  8203,  8239,  8281,  8399,  8427,  8525,  8617,  8725,  8845,  8896,  8913,  8935,
     8943,  8945,  8946,  8947,  8948,  9079,  9103,
};

static const uint8_t libron_18_regularKernSparseCols[] = {
      2,   6,   7,   9,  10,  23,  25,  28,  32,  34,  35,  36,  37,  39,  40,  41,
     56,  58,  59,  61,  72,  81, 130, 131, 132, 160, 162, 163, 164, 165, 169,   0,
      3,   5,   7,   8,   9,  15,  16,  17,  21,  22,  25,  28,  34,  35,  36,  37,
     40,  42,  43,  44,  45,  46,  47,  48,  51,  52,  53,  54,  55,  56,  62,  63,
     65,  66,  71,  79,  80,  81,  83,  84,  85,  86,  87,  88,  89,  90,  91,  92,
     94,  95,  96,  97,  98,  99, 100, 101, 104, 105, 106, 107, 108, 109, 110, 111,
    112, 113, 114, 116, 117, 118, 121, 122, 125, 126, 127, 128, 129, 130, 132, 134,
    135, 136, 137, 138, 139, 140, 141, 142, 143, 144, 145, 147, 148, 149, 150, 151,
    152, 153, 154, 155, 156, 158, 159, 161, 164, 165,   0,   6,  25,  32,  33,  34,
     35,  36,  37,  44,  45,  71,  81,  89,  90,  91,  96,  97,  98,  99, 100, 101,
    107, 108, 109, 110, 111, 123, 125, 126, 131, 139, 140, 143, 153, 154, 155, 156,
    158, 159,   2,   3,   4,   6,   7,   8,   9,  11,  15,  17,  19,  21,  22,  27,
     28,  34,  37,  42,  43,  44,  45,  48,  51,  52,  53,  54,  55,  56,  57,  58,
     59,  61,  62,  63,  69,  71,  72,  79,  82,  84,  85,  86,  87,  88,  89,  90,
     91,  92,  95,  96,  97,  98,  99, 100, 101, 102, 103, 104, 105, 106, 107, 108,
    109, 110, 111, 122, 125, 126, 127, 128, 129, 130, 132, 133, 134, 135, 137, 138,
    139, 140, 141, 143, 144, 145, 146, 147, 148, 149, 150, 151, 152, 153, 154, 155,
    156, 158, 159, 160, 161, 162, 164, 165,   5,   7,   9,  40,  65, 164, 165,   0,
      3,   5,   7,   8,   9,  12,  15,  16,  17,  21,  22,  25,  26,  28,  29,  30,
     36,  37,  40,  42,  44,  45,  46,  47,  48,  49,  50,  51,  52,  53,  54,  55,
     56,  57,  58,  59,  60,  61,  62,  63,  65,  66,  71,  79,  80,  81,  83,  84,
     85,  86,  87,  88,  89,  90,  91,  92,  93,  94,  95,  96,  97,  98,  99, 100,
    101, 102, 103, 104, 105, 106, 107, 108, 109, 110, 111, 112, 113, 114, 115, 116,
    117, 119, 120, 121, 122, 123, 124, 125, 126, 127, 128, 129, 130, 132, 133, 134,
    135, 136, 137, 138, 139, 140, 141, 142, 143, 144, 145, 146, 147, 148, 149, 150,
    151, 152, 153, 154, 155, 156, 157, 158, 159, 160, 161, 164, 165,   0,   2,   4,
      5,   6,   8,  11,  12,  14,  16,  17,  18,  20,  23,  27,  32,  33,  34,  35,
     37,  39,  46,  50,  54,  56,  57,  58,  59,  61,  63,  65,  69,  71,  72,  76,
     81,  82,  83, 102, 103, 121, 130, 131, 132, 133, 146, 160, 161, 162, 163, 169,
      2,   5,   6,  12,  13,  14,  16,  18,  20,  21,  22,  25,  26,  28,  29,  30,
     32,  33,  34,  35,  36,  37,  38,  40,  42,  46,  48,  49,  50,  51,  52,  53,
     54,  56,  57,  58,  59,  60,  61,  62,  65,  79,  81,  83,  84,  85,  86,  87,
     88,  92,  93,  94,  95, 102, 103, 104, 105, 106, 114, 115, 116, 117, 118, 119,
    120, 121, 122, 127, 130, 131, 132, 133, 134, 135, 137, 138, 141, 142, 144, 145,
    146, 147, 148, 149, 150, 151, 152, 157, 160, 162, 163, 169,   0,   2,   4,   5,
      6,   8,  11,  12,  14,  16,  17,  18,  20,  23,  27,  32,  33,  34,  35,  37,
     39,  46,  50,  54,  56,  57,  58,  59,  61,  63,  65,  69,  71,  72,  76,  82,
     83, 102, 103, 121, 130, 131, 132, 133, 146, 160, 161, 162, 163, 169,   0,   7,
      9,  10,  15,  16,  17,  21,  22,  25,  28,  34,  35,  37,  42,  43,  44,  45,
     46,  47,  48,  51,  52,  53,  54,  55,  56,  57,  60,  62,  81,  83,  84,  85,
     86,  87,  88,  89,  90,  91,  96,  97,  98,  99, 100, 101, 102, 103, 104, 105,
    106, 107, 108, 109, 110, 111, 112, 113, 114, 122, 125, 126, 127, 128, 129, 130,
    132, 133, 134, 135, 136, 137, 138, 139, 140, 143, 144, 145, 146, 147, 148, 149,
    150, 151, 152, 153, 154, 155, 156, 158, 159, 164, 165,   5,   7,   9,  16,  25,
     26,  28,  29,  30,  33,  34,  35,  36,  37,  40,  65,  68, 115, 164, 165,   2,
      6,   8,  11,  15,  17,  18,  20,  25,  27,  32,  33,  34,  35,  37,  39,  68,
     70,  73,  76,  78,  82, 131, 161, 162, 163, 169, 172,   2,   6,  18,  32,  33,
     34,  35,  36,  37,  68, 131, 163, 169,   5,   6,   7,   9,  18,  21,  22,  25,
     26,  28,  29,  30,  32,  33,  34,  35,  36,  37,  38,  40,  68, 115, 131, 163,
    164, 165,   2,   5,   6,  12,  13,  14,  15,  18,  25,  26,  28,  29,  30,  32,
     33,  34,  35,  36,  37,  38,  39,  40,  68,  73, 115, 131, 162, 163, 169,   2,
      7,   9,  14,  16,  19,  21,  22,  25,  28, 164, 165,   2,   6,   7,   9,  12,
     13,  18,  20,  25,  32,  33,  34,  35,  36,  37,  38,  68,  73, 131, 162, 163,
    164, 165, 169,   2,   7,   8,   9,  10,  12,  15,  16,  17,  18,  25,  27,  28,
     33,  34,  35,  36,  37,  40,  67,  76,  82, 161, 164, 165, 173,   5,   6,  25,
     29,  30,  32,  33,  34,  35,  36,  37,  68, 131,   5,   7,   8,   9,  10,  16,
     25,  26,  28,  29,  30,  33,  34,  35,  36,  37,  40,  65,  68,  76, 115, 161,
    164, 165,   2,   5,   8,  14,  16,  32,  33,  34,  35,  37,  39,  71,  76, 131,
    161, 162,  71, 162, 164, 165,   0,   7,   9,  25,  26,  28,  29,  30,  33,  34,
     35,  36,  37,  81, 115, 164, 165,   0,   2,   3,   6,   8,  10,  11,  12,  15,
     17,  18,  19,  20,  23,  24,  27,  28,  31,  32,  33,  34,  35,  37,  38,  39,
     42,  44,  45,  47,  50,  54,  55,  56,  57,  58,  59,  61,  69,  70,  71,  72,
     76,  78,  82,  84,  85,  86,  87,  88,  89,  90,  91,  96,  97,  98,  99, 100,
    101, 102, 103, 105, 106, 107, 108, 109, 110, 111, 112, 113, 121, 123, 124, 125,
    126, 128, 129, 130, 131, 132, 133, 136, 137, 138, 139, 140, 143, 146, 147, 148,
    149, 150, 151, 152, 153, 154, 155, 156, 158, 159, 160, 161, 162, 163, 166, 167,
    168,   5,  23,  25,  26,  28,  29,  30,  32,  33,  34,  35,  36,  37,  38,  40,
     42,  46,  47,  48,  49,  51,  52,  53,  58,  59,  60,  61,  62,  79,  81,  83,
     84,  85,  86,  87,  88,  92,  93,  94,  95, 104, 105, 106, 112, 113, 114, 115,
    116, 117, 118, 119, 120, 122, 127, 131, 134, 135, 136, 137, 138, 141, 142, 144,
    145, 147, 148, 149, 150, 151, 152, 157, 160,  25,  36,  61, 141, 148, 155, 158,
    160,   3,   5,   7,   9,  12,  23,  25,  26,  28,  29,  30,  32,  33,  34,  35,
     36,  37,  38,  40,  42,  44,  45,  48,  51,  52,  58,  60,  61,  65,  79,  81,
     84,  85,  86,  87,  88,  89,  90,  91,  96,  97,  98,  99, 100, 101, 104, 105,
    106, 107, 108, 109, 110, 111, 114, 115, 122, 124, 125, 126, 131, 137, 138, 139,
    140, 143, 147, 148, 149, 150, 151, 152, 153, 154, 155, 156, 158, 159, 160, 164,
    165,  25,  28,  34,  37,  42,  54,  58,  59,  61,  62,  79,  84,  85,  86,  87,
     88, 105, 106, 134, 135, 137, 138, 141, 147, 148, 149, 150, 151, 152, 155, 158,
    160,   0,   2,   3,   7,   8,   9,  10,  15,  16,  17,  21,  22,  23,  24,  25,
     27,  28,  29,  31,  36,  42,  43,  44,  45,  46,  47,  48,  49,  50,  51,  52,
     53,  54,  55,  56,  57,  58,  59,  60,  61,  62,  71,  76,  79,  81,  82,  83,
     84,  85,  86,  87,  88,  89,  90,  91,  92,  93,  94,  95,  96,  97,  98,  99,
    100, 101, 102, 103, 104, 105, 106, 107, 108, 109, 110, 111, 112, 113, 114, 116,
    117, 118, 119, 120, 121, 122, 124, 125, 126, 127, 128, 129, 130, 132, 133, 134,
    135, 136, 137, 138, 139, 140, 141, 142, 143, 145, 146, 147, 148, 149, 150, 151,
    152, 153, 154, 155, 156, 157, 158, 159, 160, 161, 162, 164, 165, 168,   2,   6,
      7,   9,  18,  23,  25,  28,  32,  34,  35,  36,  37,  38,  42,  46,  56,  58,
     59,  60,  61,  79,  81,  83,  84,  85,  86,  87,  88, 105, 106, 130, 131, 132,
    137, 138, 141, 147, 148, 149, 150, 151, 152, 160, 162, 163, 164, 165, 166, 167,
      3,   8,  11,  15,  17,  24,  27,  42,  44,  45,  46,  47,  50,  54,  55,  56,
     57,  58,  59,  61,  62,  71,  76,  79,  82,  83,  84,  85,  86,  87,  88,  89,
     90,  91,  96,  97,  98,  99, 100, 101, 102, 103, 104, 105, 106, 107, 108, 109,
    110, 111, 112, 113, 118, 121, 124, 125, 126, 128, 129, 130, 132, 133, 134, 135,
    136, 137, 138, 139, 140, 141, 143, 146, 147, 148, 149, 150, 151, 152, 153, 154,
    155, 156, 158, 159, 160, 161,   3,   7,   8,   9,  10,  11,  13,  14,  15,  16,
     17,  19,  21,  22,  24,  25,  27,  28,  29,  42,  43,  44,  45,  46,  47,  48,
     49,  51,  52,  53,  54,  55,  56,  57,  58,  59,  60,  61,  62,  71,  76,  79,
     81,  82,  83,  84,  85,  86,  87,  88,  89,  90,  91,  93,  94,  95,  96,  97,
     98,  99, 100, 101, 102, 103, 104, 105, 106, 107, 108, 109, 110, 111, 112, 113,
    114, 116, 117, 118, 119, 120, 122, 124, 125, 126, 127, 128, 129, 130, 132, 133,
    134, 135, 136, 137, 138, 139, 140, 141, 142, 143, 144, 145, 146, 147, 148, 149,
    150, 151, 152, 153, 154, 155, 156, 157, 158, 159, 160, 161, 164, 165,   0,   3,
      6,   8,  10,  11,  14,  15,  16,  17,  18,  19,  20,  24,  25,  27,  28,  31,
     32,  33,  34,  35,  37,  42,  44,  45,  47,  50,  54,  55,  56,  57,  58,  59,
     61,  69,  70,  71,  72,  76,  78,  82,  84,  85,  86,  87,  88,  89,  90,  91,
     96,  97,  98,  99, 100, 101, 102, 103, 105, 106, 107, 108, 109, 110, 111, 112,
    113, 121, 123, 124, 125, 126, 128, 129, 130, 131, 132, 133, 136, 137, 138, 139,
    140, 141, 143, 146, 147, 148, 149, 150, 151, 152, 153, 154, 155, 156, 158, 159,
    160, 161, 162, 166, 167, 168,   0,   2,   6,   7,   9,  12,  13,  18,  20,  21,
     22,  23,  27,  32,  33,  34,  35,  36,  37,  38,  39,  46,  50,  54,  56,  57,
     58,  59,  61,  62,  70,  71,  72,  78,  82,  83, 102, 103, 121, 130, 131, 132,
    133, 134, 135, 146, 160, 162, 163, 164, 165, 166, 167,   3,   6,   8,  11,  15,
     17,  20,  24,  27,  32,  33,  42,  44,  45,  46,  47,  50,  54,  55,  56,  57,
     58,  59,  61,  62,  71,  72,  76,  78,  79,  82,  83,  84,  85,  86,  87,  88,
     89,  90,  91,  96,  97,  98,  99, 100, 101, 102, 103, 105, 106, 107, 108, 109,
    110, 111, 112, 113, 121, 124, 125, 126, 128, 129, 130, 131, 132, 133, 134, 135,
    136, 137, 138, 139, 140, 141, 143, 146, 147, 148, 149, 150, 151, 152, 153, 154,
    155, 156, 158, 159, 160, 161, 162, 166, 167,   3,   7,   8,   9,  10,  11,  13,
     14,  15,  16,  17,  19,  21,  22,  24,  25,  27,  28,  42,  43,  44,  45,  46,
     47,  49,  50,  53,  54,  55,  56,  57,  58,  59,  60,  61,  62,  71,  76,  79,
     81,  82,  83,  84,  85,  86,  87,  88,  89,  90,  91,  92,  93,  94,  95,  96,
     97,  98,  99, 100, 101, 102, 103, 104, 105, 106, 107, 108, 109, 110, 111, 112,
    113, 116, 117, 118, 119, 120, 121, 124, 125, 126, 127, 128, 129, 130, 132, 133,
    134, 135, 136, 137, 138, 139, 140, 141, 142, 143, 144, 145, 146, 147, 148, 149,
    150, 151, 152, 153, 154, 155, 156, 157, 158, 159, 160, 161, 164, 165,   3,   5,
      7,   9,  12,  23,  25,  26,  28,  29,  30,  32,  33,  34,  35,  36,  37,  38,
     40,  42,  48,  51,  52,  58,  60,  61,  65,  79,  81,  84,  85,  86,  87,  88,
    104, 105, 106, 114, 115, 122, 124, 131, 137, 138, 147, 148, 149, 150, 151, 152,
    160, 164, 165, 166,   0,   3,   7,   8,   9,  10,  15,  16,  23,  24,  25,  26,
     28,  29,  30,  32,  34,  35,  36,  37,  42,  44,  45,  47,  55,  58,  59,  60,
     61,  62,  71,  76,  79,  81,  84,  85,  86,  87,  88,  89,  90,  91,  96,  97,
     98,  99, 100, 101, 105, 106, 107, 108, 109, 110, 111, 112, 113, 114, 115, 121,
    123, 124, 125, 126, 128, 129, 131, 134, 135, 136, 137, 138, 139, 140, 143, 147,
    148, 149, 150, 151, 152, 153, 154, 155, 156, 158, 159, 160, 161, 164, 165, 168,
      3,   5,   7,   9,  12,  23,  25,  26,  28,  29,  30,  32,  33,  34,  35,  36,
     37,  38,  40,  41,  42,  48,  51,  52,  58,  60,  61,  65,  79,  81,  84,  85,
     86,  87,  88, 104, 105, 106, 114, 115, 122, 124, 131, 137, 138, 147, 148, 149,
    150, 151, 152, 160, 164, 165, 166,   2,   3,   6,   8,  10,  11,  15,  17,  18,
     20,  23,  24,  27,  28,  32,  33,  34,  35,  37,  39,  40,  42,  44,  45,  58,
     59,  61,  65,  70,  71,  72,  76,  78,  79,  82,  84,  85,  86,  87,  88,  89,
     90,  91,  96,  97,  98,  99, 100, 101, 105, 106, 107, 108, 109, 110, 111, 125,
    126, 131, 132, 137, 138, 139, 140, 143, 147, 148, 149, 150, 151, 152, 153, 154,
    155, 156, 158, 159, 160, 161, 162, 163, 166, 167, 168,  23,  25,  28,  34,  35,
     36,  37,  42,  46,  47,  49,  50,  53,  54,  55,  58,  59,  61,  62,  79,  81,
     83,  84,  85,  86,  87,  88,  92,  93,  94,  95, 105, 106, 112, 113, 116, 117,
    118, 119, 120, 121, 127, 128, 129, 134, 135, 136, 137, 138, 141, 142, 144, 145,
    147, 148, 149, 150, 151, 152, 155, 157, 160, 163,   0,   3,   7,   8,   9,  10,
     15,  16,  17,  21,  22,  23,  24,  25,  27,  28,  31,  36,  42,  44,  45,  46,
     47,  48,  49,  50,  51,  53,  54,  55,  56,  57,  58,  59,  60,  61,  62,  71,
     76,  79,  81,  82,  83,  84,  85,  86,  87,  88,  89,  90,  91,  92,  93,  94,
     95,  96,  97,  98,  99, 100, 101, 102, 103, 104, 105, 106, 107, 108, 109, 110,
    111, 112, 113, 114, 116, 117, 118, 119, 120, 121, 122, 124, 125, 126, 127, 128,
    129, 130, 132, 133, 134, 135, 136, 137, 138, 139, 140, 141, 142, 143, 144, 145,
    146, 147, 148, 149, 150, 151, 152, 153, 154, 155, 156, 157, 158, 159, 160, 161,
    162, 164, 165, 168,   3,   7,   8,   9,  10,  11,  13,  14,  15,  16,  17,  19,
     21,  22,  24,  25,  27,  28,  29,  42,  43,  44,  45,  46,  47,  48,  49,  51,
     52,  53,  54,  55,  56,  57,  58,  59,  60,  61,  62,  71,  76,  79,  81,  82,
     83,  84,  85,  86,  87,  88,  89,  90,  91,  92,  93,  94,  95,  96,  97,  98,
     99, 100, 101, 102, 103, 104, 105, 106, 107, 108, 109, 110, 111, 112, 113, 114,
    116, 117, 118, 119, 120, 122, 124, 125, 126, 127, 128, 129, 130, 132, 133, 134,
    135, 136, 137, 138, 139, 140, 141, 142, 143, 144, 145, 146, 147, 148, 149, 150,
    151, 152, 153, 154, 155, 156, 157, 158, 159, 160, 161, 164, 165,   0,   1,   2,
      3,   6,   7,   8,   9,  10,  11,  12,  13,  14,  15,  16,  17,  19,  20,  21,
     22,  23,  24,  25,  27,  28,  31,  38,  39,  40,  42,  43,  44,  45,  46,  47,
     48,  49,  50,  51,  52,  53,  54,  55,  56,  57,  58,  59,  60,  61,  62,  65,
     69,  71,  76,  77,  79,  81,  82,  83,  84,  85,  86,  87,  88,  89,  90,  91,
     92,  93,  94,  95,  96,  97,  98,  99, 100, 101, 102, 103, 104, 105, 106, 107,
    108, 109, 110, 111, 112, 113, 114, 116, 117, 118, 119, 120, 121, 122, 123, 124,
    125, 126, 127, 128, 129, 130, 132, 133, 134, 135, 136, 137, 138, 139, 140, 141,
    142, 143, 144, 145, 146, 147, 148, 149, 150, 151, 152, 153, 154, 155, 156, 157,
    158, 159, 160, 161, 164, 165, 166, 167, 168,   0,   1,   2,   3,   7,   8,   9,
     10,  11,  12,  13,  14,  15,  16,  17,  19,  20,  21,  22,  23,  24,  25,  27,
     28,  31,  38,  39,  40,  42,  43,  44,  45,  46,  47,  48,  49,  51,  52,  53,
     54,  55,  56,  57,  58,  59,  60,  61,  62,  65,  69,  71,  76,  77,  79,  81,
     82,  83,  84,  85,  86,  87,  88,  89,  90,  91,  92,  93,  94,  95,  96,  97,
     98,  99, 100, 101, 102, 103, 104, 105, 106, 107, 108, 109, 110, 111, 112, 113,
    114, 116, 117, 118, 119, 120, 122, 124, 125, 126, 127, 128, 129, 130, 132, 133,
    134, 135, 136, 137, 138, 139, 140, 141, 142, 143, 144, 145, 146, 147, 148, 149,
    150, 151, 152, 153, 154, 155, 156, 157, 158, 159, 160, 161, 164, 165, 167, 168,
      0,   3,   6,   8,  10,  11,  14,  15,  16,  17,  18,  19,  20,  24,  27,  31,
     32,  34,  35,  37,  42,  44,  45,  47,  54,  55,  56,  57,  58,  59,  61,  69,
     70,  71,  72,  76,  78,  81,  82,  84,  85,  86,  87,  88,  89,  90,  91,  92,
     96,  97,  98,  99, 100, 101, 102, 103, 105, 106, 107, 108, 109, 110, 111, 112,
    113, 123, 124, 125, 126, 128, 129, 130, 131, 132, 133, 136, 137, 138, 139, 140,
    141, 143, 144, 146, 147, 148, 149, 150, 151, 152, 153, 154, 155, 156, 158, 159,
    160, 161, 162, 163, 166, 167, 168,   0,   2,   3,   7,   8,   9,  10,  11,  12,
     13,  14,  15,  16,  17,  19,  20,  21,  22,  23,  24,  25,  27,  28,  31,  40,
     42,  43,  44,  45,  46,  47,  48,  49,  50,  51,  52,  53,  54,  55,  56,  57,
     58,  59,  60,  61,  62,  65,  69,  71,  76,  79,  81,  82,  83,  84,  85,  86,
     87,  88,  89,  90,  91,  92,  93,  94,  96,  97,  98,  99, 100, 101, 102, 103,
    104, 105, 106, 107, 108, 109, 110, 111, 112, 113, 114, 116, 117, 118, 119, 120,
    121, 122, 124, 125, 126, 127, 128, 129, 130, 132, 133, 134, 135, 136, 137, 138,
    139, 140, 141, 142, 143, 144, 145, 146, 147, 148, 149, 150, 151, 152, 153, 154,
    155, 156, 157, 158, 159, 160, 161, 164, 165, 167, 168,   2,   6,  23,  25,  27,
     32,  33,  34,  35,  37,  38,  42,  46,  47,  50,  54,  56,  57,  58,  59,  61,
     62,  72,  79,  82,  83,  84,  85,  86,  87,  88,  92, 102, 103, 105, 106, 112,
    113, 121, 130, 131, 132, 133, 134, 135, 136, 137, 138, 141, 144, 146, 147, 148,
    149, 150, 151, 152, 160, 162, 163, 166, 167,   0,   2,   3,   4,   6,   8,  11,
     15,  17,  27,  28,  34,  35,  37,  42,  43,  44,  45,  56,  57,  58,  59,  61,
     69,  71,  79,  82,  84,  85,  86,  87,  88,  89,  90,  91,  92,  95,  97,  98,
     99, 100, 101, 102, 103, 104, 105, 106, 107, 108, 109, 110, 111, 118, 125, 126,
    130, 132, 133, 137, 138, 139, 140, 141, 143, 144, 146, 147, 148, 149, 150, 151,
    152, 153, 154, 155, 156, 158, 159, 160, 161,   0,  18,  25,  32,  33,  34,  35,
     37,  39,  56,  58,  59,  61,  81, 130, 131, 132, 160,   8, 161,   0,   7,  22,
     47,  50,  54, 104, 112, 113, 121, 136,   2,   6,   8,  23,  27,  28,  32,  33,
     34,  35,  36,  37,  39,  52,  58,  59,  60,  61,  70,  71,  72,  76,  78,  82,
    131, 160, 161, 162, 163, 166, 167,   2,   3,   5,   6,   7,   9,  23,  25,  26,
     28,  29,  30,  31,  32,  33,  34,  35,  36,  37,  38,  39,  40,  58,  59,  60,
     61,  62,  65,  72,  79, 115, 131, 134, 135, 160, 162, 163, 164, 165, 166, 167,
      2,   5,   6,   8,  23,  26,  29,  30,  32,  33,  34,  35,  36,  37,  38,  39,
     44,  45,  60,  61,  71,  76,  78,  89,  90,  91,  96,  97,  98,  99, 100, 101,
    107, 108, 109, 110, 111, 115, 125, 126, 131, 139, 140, 143, 153, 154, 155, 156,
    158, 159, 160, 161, 162, 163, 166,   2,   3,   6,   8,  23,  27,  32,  33,  34,
     35,  37,  39,  44,  50,  58,  59,  61,  71,  72,  76,  78,  79,  82,  89,  90,
     91,  97,  98,  99, 100, 101, 107, 108, 109, 110, 111, 121, 125, 126, 131, 139,
    140, 141, 143, 148, 153, 154, 155, 156, 158, 159, 160, 161, 162, 163, 166, 167,
      2,   5,   6,  23,  25,  26,  29,  30,  32,  33,  34,  35,  36,  37,  38,  39,
     58,  59,  60,  61,  62,  79, 115, 131, 134, 135, 160, 162, 163, 166, 167,   0,
      1,   2,   3,   5,   6,   7,   8,   9,  23,  25,  26,  27,  28,  29,  30,  31,
     32,  33,  34,  35,  36,  37,  38,  39,  40,  42,  44,  45,  46,  47,  48,  49,
     50,  51,  52,  55,  56,  64,  65,  69,  70,  71,  72,  74,  75,  76,  77,  78,
     82,  83,  84,  85,  86,  87,  88,  89,  90,  91,  92,  94,  95,  96,  97,  98,
     99, 100, 101, 102, 103, 104, 105, 107, 108, 109, 110, 111, 112, 113, 114, 115,
    116, 117, 118, 121, 122, 124, 125, 126, 127, 128, 129, 130, 131, 132, 133, 135,
    136, 137, 138, 139, 140, 141, 142, 143, 144, 145, 146, 147, 148, 149, 150, 151,
    152, 153, 154, 155, 156, 157, 158, 159, 160, 161, 162, 163, 164, 165, 166, 167,
    168, 170, 171,   3,   7,   8,   9,  21,  22,  23,  25,  26,  27,  28,  29,  30,
     31,  32,  33,  34,  35,  37,  38,  39,  41,  42,  44,  45,  55,  58,  59,  71,
     76,  82,  84,  85,  86,  87,  88,  89,  90,  91,  96,  97,  98,  99, 100, 101,
    105, 106, 107, 108, 109, 110, 111, 115, 124, 125, 126, 128, 129, 131, 132, 137,
    138, 139, 140, 143, 147, 148, 149, 150, 151, 152, 153, 154, 155, 156, 158, 159,
    161, 162, 164, 165, 166, 168, 171,   2,   3,   6,   8,  23,  27,  32,  33,  34,
     35,  37,  39,  58,  59,  61,  70,  71,  72,  76,  78,  79,  82, 131, 160, 161,
    162, 163, 166, 167,   3,   6,   8,  23,  27,  32,  33,  34,  37,  39,  58,  59,
     61,  71,  76,  79,  82, 131, 141, 160, 161, 162, 163, 166, 167,   3,  79, 141,
      0,   2,   6,   8,  10,  23,  27,  32,  33,  34,  35,  37,  39,  42,  44,  45,
     47,  55,  56,  57,  58,  59,  61,  70,  71,  72,  76,  78,  79,  82,  84,  85,
     86,  87,  88,  89,  90,  91,  96,  97,  98,  99, 100, 101, 102, 103, 105, 106,
    107, 108, 109, 110, 111, 112, 113, 124, 125, 126, 128, 129, 130, 131, 132, 133,
    136, 137, 138, 139, 140, 143, 146, 147, 148, 149, 150, 151, 152, 153, 154, 155,
    156, 158, 159, 160, 161, 162, 163, 166, 167, 168,   2,   3,   6,   8,  23,  27,
     32,  33,  34,  35,  37,  39,  58,  59,  61,  70,  71,  76,  79,  82, 131, 141,
    148, 155, 160, 161, 162, 163, 166, 167,   2,   5,   6,  23,  25,  26,  28,  29,
     30,  32,  33,  34,  35,  36,  37,  38,  39,  40,  58,  59,  60,  61,  62,  65,
     72,  79, 115, 131, 134, 135, 160, 162, 163, 166, 167,   2,   3,  23,  26,  29,
     30,  32,  33,  34,  35,  36,  37,  38,  39,  41,  50,  71,  79, 115, 121, 131,
    166,   0,   3,   5,   7,   8,   9,  10,  23,  25,  26,  28,  29,  30,  31,  32,
     33,  34,  35,  36,  37,  38,  39,  40,  42,  44,  45,  47,  48,  49,  51,  52,
     53,  55,  65,  71,  76,  84,  85,  86,  87,  88,  89,  90,  91,  92,  93,  94,
     95,  96,  97,  98,  99, 100, 101, 104, 105, 106, 107, 108, 109, 110, 111, 112,
    113, 114, 115, 116, 117, 118, 119, 120, 122, 124, 125, 126, 127, 128, 129, 131,
    136, 137, 138, 139, 140, 141, 142, 143, 144, 145, 147, 148, 149, 150, 151, 152,
    153, 154, 155, 156, 157, 158, 159, 161, 162, 163, 164, 165, 166, 171,   2,   5,
      6,   7,   9,  23,  25,  26,  27,  29,  30,  32,  33,  34,  35,  36,  37,  38,
     39,  40,  48,  51,  55,  57,  58,  59,  60,  61,  62,  79,  82, 102, 103, 104,
    114, 115, 122, 128, 129, 131, 133, 134, 135, 146, 160, 162, 163, 164, 165, 166,
    167,   7,   8,   9,  23,  26,  27,  29,  30,  31,  32,  33,  34,  35,  36,  37,
     38,  42,  44,  45,  48,  51,  60,  71,  76,  82,  84,  85,  86,  87,  88,  89,
     90,  91,  96,  97,  98,  99, 100, 101, 104, 105, 106, 107, 108, 109, 110, 111,
    114, 115, 122, 124, 125, 126, 131, 137, 138, 139, 140, 143, 147, 148, 149, 150,
    151, 152, 153, 154, 155, 156, 158, 159, 161, 162, 164, 165, 166, 168,   2,   3,
      5,   6,   8,  23,  27,  32,  33,  34,  35,  37,  39,  58,  59,  61,  71,  72,
     76,  78,  79,  82, 131, 160, 161, 162, 163, 166, 167,   0,   3,   5,   7,   8,
      9,  10,  23,  24,  25,  26,  27,  28,  29,  30,  31,  32,  33,  34,  35,  36,
     37,  38,  40,  42,  43,  44,  45,  47,  48,  51,  52,  55,  62,  65,  71,  76,
     79,  82,  84,  85,  86,  87,  88,  89,  90,  91,  96,  97,  98,  99, 100, 101,
    104, 105, 106, 107, 108, 109, 110, 111, 112, 113, 114, 115, 122, 124, 125, 126,
    128, 129, 131, 134, 135, 136, 137, 138, 139, 140, 143, 147, 148, 149, 150, 151,
    152, 153, 154, 155, 156, 158, 159, 161, 164, 165, 166, 168,   0,   3,   5,   7,
      8,   9,  23,  25,  26,  28,  29,  30,  31,  32,  33,  34,  35,  36,  37,  38,
     40,  42,  43,  44,  45,  47,  48,  51,  52,  55,  62,  65,  71,  76,  84,  85,
     86,  87,  88,  89,  90,  91,  96,  97,  98,  99, 100, 101, 104, 105, 106, 107,
    108, 109, 110, 111, 112, 113, 114, 115, 122, 124, 125, 126, 128, 129, 131, 134,
    135, 136, 137, 138, 139, 140, 143, 147, 148, 149, 150, 151, 152, 153, 154, 155,
    156, 158, 159, 161, 164, 165, 166, 168, 171,   8,  23,  27,  32,  33,  34,  35,
     37,  39,  42,  44,  45,  47,  54,  55,  56,  71,  76,  82,  84,  85,  86,  87,
     88,  89,  90,  91,  96,  97,  98,  99, 100, 101, 105, 106, 107, 108, 109, 110,
    111, 112, 113, 124, 125, 126, 128, 129, 130, 131, 132, 136, 137, 138, 139, 140,
    143, 147, 148, 149, 150, 151, 152, 153, 154, 155, 156, 158, 159, 161, 166, 168,
      0,   3,   5,   7,   8,   9,  10,  23,  25,  26,  27,  28,  29,  30,  31,  32,
     33,  34,  35,  36,  37,  38,  40,  42,  43,  44,  45,  47,  48,  51,  52,  55,
     62,  65,  71,  76,  79,  82,  84,  85,  86,  87,  88,  89,  90,  91,  96,  97,
     98,  99, 100, 101, 104, 105, 106, 107, 108, 109, 110, 111, 112, 113, 114, 115,
    122, 124, 125, 126, 128, 129, 131, 134, 135, 136, 137, 138, 139, 140, 143, 147,
    148, 149, 150, 151, 152, 153, 154, 155, 156, 158, 159, 161, 162, 164, 165, 166,
    168, 171,   5,   8,  23,  26,  27,  29,  30,  32,  33,  34,  35,  36,  37,  38,
     39,  59,  60,  61,  71,  76,  82, 115, 131, 160, 161, 166, 168,   2,   3,   4,
      6,   8,   9,  11,  15,  17,  27,  28,  34,  35,  37,  42,  43,  44,  45,  56,
     57,  58,  59,  61,  69,  71,  79,  82,  84,  85,  86,  87,  88,  89,  90,  91,
     92,  95,  96,  97,  98,  99, 100, 101, 102, 103, 104, 105, 106, 107, 108, 109,
    110, 111, 118, 125, 126, 130, 132, 133, 137, 138, 139, 140, 141, 143, 144, 146,
    147, 148, 149, 150, 151, 152, 153, 154, 155, 156, 158, 159, 160, 161, 164, 165,
      2,   5,   6,   7,   9, 162, 163, 164, 165, 169,   2,   6,  32,  33,  34,  35,
     37,  50, 121, 131, 162, 163, 169,  18,  11,  12,  13,  14,  15,  16,  17,  19,
      5,   7,   9,  25,  28,  34,  35,  36,  37,  40,  65,  81, 164, 165,   5,  40,
     65,   2,   3,   5,   6,   8,  23,  26,  27,  29,  30,  32,  33,  34,  35,  37,
     40,  42,  43,  44,  45,  47,  48,  50,  51,  52,  54,  56,  61,  65,  71,  74,
     77,  82,  84,  85,  86,  87,  88,  89,  90,  91,  96,  97,  98,  99, 100, 101,
    104, 105, 106, 107, 108, 109, 110, 111, 112, 113, 114, 115, 121, 122, 123, 124,
    125, 126, 130, 131, 132, 136, 137, 138, 139, 140, 143, 147, 148, 149, 150, 151,
    152, 153, 154, 155, 156, 158, 159, 160, 161, 162, 163, 170,   0,   5,   7,   9,
     25,  28,  29,  36,  37,  40,  44,  45,  71,  81,  89,  90,  91,  94,  95,  96,
     97,  98,  99, 100, 101, 107, 108, 109, 110, 111, 116, 121, 125, 126, 139, 140,
    141, 142, 143, 153, 154, 155, 156, 158, 159, 164, 165,  12,  15,  16,  17,  61,
    160,   7,   9,  12,  13,  14,  18,  20,  21,  22,  25,  26,  28,  29,  30,  32,
     33,  34,  35,  36,  37,  38,  42,  46,  48,  49,  50,  51,  52,  53,  54,  56,
     57,  58,  59,  60,  61,  62,  81,  83,  84,  85,  86,  87,  88,  92,  93,  94,
     95, 102, 103, 104, 105, 106, 114, 115, 116, 117, 118, 119, 120, 121, 122, 127,
    130, 131, 132, 133, 134, 135, 137, 138, 141, 142, 144, 145, 146, 147, 148, 149,
    150, 151, 152, 157, 160, 164, 165,   5,   1,   2,   3,   5,   6,   7,   9,  21,
     22,  23,  25,  26,  28,  29,  30,  32,  33,  34,  35,  36,  37,  38,  40,  42,
     43,  46,  48,  49,  50,  51,  52,  53,  54,  55,  56,  57,  58,  59,  60,  61,
     62,  65,  66,  72,  79,  80,  81,  83,  84,  85,  86,  87,  88,  92,  93,  94,
     95, 102, 103, 104, 105, 106, 114, 115, 116, 117, 118, 119, 120, 121, 122, 127,
    128, 129, 130, 131, 132, 133, 134, 135, 137, 138, 141, 142, 144, 145, 146, 147,
    148, 149, 150, 151, 152, 157, 160, 162, 163, 164, 165, 169,   0,   2,   6,   7,
      9,  21,  22,  25,  26,  27,  28,  29,  30,  31,  32,  33,  34,  35,  36,  37,
     38,  42,  43,  44,  45,  46,  47,  48,  49,  50,  51,  52,  53,  54,  55,  56,
     57,  58,  59,  60,  61,  62,  71,  79,  81,  82,  83,  84,  85,  86,  87,  88,
     89,  90,  91,  92,  93,  94,  95,  96,  97,  98,  99, 100, 101, 102, 103, 104,
    105, 106, 107, 108, 109, 110, 111, 112, 113, 114, 115, 116, 117, 118, 119, 120,
    121, 122, 123, 124, 125, 126, 127, 128, 129, 130, 131, 132, 133, 134, 135, 136,
    137, 138, 139, 140, 141, 142, 143, 144, 145, 146, 147, 148, 149, 150, 151, 152,
    153, 154, 155, 156, 157, 158, 159, 160, 162, 163, 164, 165, 169,   0,   2,   3,
      6,   8,  10,  11,  12,  15,  17,  18,  19,  20,  23,  24,  27,  28,  31,  32,
     33,  34,  35,  36,  37,  38,  39,  42,  44,  45,  47,  50,  54,  55,  56,  57,
     58,  59,  60,  61,  69,  70,  71,  72,  76,  78,  82,  84,  85,  86,  87,  88,
     89,  90,  91,  96,  97,  98,  99, 100, 101, 102, 103, 105, 106, 107, 108, 109,
    110, 111, 112, 113, 121, 123, 124, 125, 126, 128, 129, 130, 131, 132, 133, 136,
    137, 138, 139, 140, 143, 146, 147, 148, 149, 150, 151, 152, 153, 154, 155, 156,
    158, 159, 160, 161, 162, 163, 166, 167, 168,  25,  36,  58,  61, 141, 148, 155,
    158, 160,   3,   5,   7,   9,  12,  23,  25,  26,  28,  29,  30,  32,  33,  34,
     35,  36,  37,  38,  40,  42,  48,  51,  52,  58,  60,  61,  65,  79,  81,  84,
     85,  86,  87,  88, 104, 105, 106, 114, 115, 122, 124, 131, 137, 138, 147, 148,
    149, 150, 151, 152, 160, 164, 165, 166,   3,   5,   7,   8,   9,  10,  23,  25,
     26,  28,  29,  30,  32,  33,  34,  35,  36,  37,  38,  40,  42,  43,  44,  45,
     48,  51,  52,  58,  59,  60,  61,  65,  71,  76,  79,  81,  84,  85,  86,  87,
     88,  89,  90,  91,  97,  98,  99, 100, 101, 104, 105, 106, 107, 108, 109, 110,
    111, 114, 115, 122, 125, 126, 131, 137, 138, 139, 140, 143, 147, 148, 149, 150,
    151, 152, 153, 154, 155, 156, 158, 159, 160, 161, 164, 165, 166,   2,   3,   5,
      6,  23,  25,  26,  27,  29,  30,  32,  33,  34,  35,  36,  37,  38,  39,  46,
     50,  54,  56,  57,  58,  59,  60,  61,  62,  70,  72,  79,  82,  83, 102, 103,
    115, 121, 130, 131, 132, 133, 134, 135, 146, 160, 162, 163, 166, 167,   2,   6,
      8,  23,  27,  28,  32,  33,  34,  35,  36,  37,  39,  52,  58,  59,  60,  61,
     70,  71,  72,  76,  78,  82, 131, 160, 161, 162, 163, 166, 167,   2,   6,   8,
     23,  27,  28,  32,  33,  34,  35,  36,  37,  39,  52,  58,  59,  60,  61,  70,
     71,  72,  76,  78,  82, 131, 160, 161, 162, 163, 166, 167,   2,   5,   6,  23,
     25,  26,  29,  30,  32,  33,  34,  35,  36,  37,  38,  39,  58,  59,  60,  61,
     62,  79, 115, 131, 134, 135, 160, 162, 163, 166, 167,   2,   5,   6,  23,  25,
     26,  29,  30,  32,  33,  34,  35,  36,  37,  38,  39,  58,  59,  60,  61,  62,
     79, 115, 131, 134, 135, 160, 162, 163, 166, 167,   2,   5,   6,  23,  25,  26,
     29,  30,  32,  33,  34,  35,  36,  37,  38,  39,  58,  59,  60,  61,  62,  79,
    115, 131, 134, 135, 160, 162, 163, 166, 167,   1,   2,   3,   5,   6,   8,  23,
     27,  32,  33,  34,  37,  39,  40,  43,  48,  51,  52,  58,  59,  61,  65,  71,
     76,  79,  82,  92,  95, 104, 114, 122, 131, 141, 160, 161, 162, 163, 166, 167,
      2,   3,   6,   8,  23,  27,  32,  33,  34,  37,  39,  58,  59,  61,  71,  72,
     76,  79,  82,  94, 131, 141, 160, 161, 162, 163, 166, 167,   1,   2,   3,   5,
      6,   8,  23,  27,  32,  33,  34,  37,  39,  43,  48,  51,  52,  58,  59,  61,
     71,  72,  76,  79,  82,  92, 104, 114, 122, 131, 141, 160, 161, 162, 163, 166,
    167,   2,   3,   5,   6,   7,   9,  23,  25,  26,  28,  29,  30,  32,  33,  34,
     35,  36,  37,  38,  39,  40,  58,  59,  60,  61,  65,  79, 115, 131, 160, 162,
    164, 165, 166,   2,   5,   6,  23,  25,  26,  28,  29,  30,  32,  33,  34,  35,
     36,  37,  38,  39,  40,  58,  59,  60,  61,  62,  65,  72,  79, 115, 131, 134,
    135, 160, 162, 163, 166, 167,   2,   5,   6,  23,  25,  26,  28,  29,  30,  32,
     33,  34,  35,  36,  37,  38,  39,  40,  58,  59,  60,  61,  62,  65,  72,  79,
    115, 131, 134, 135, 160, 162, 163, 166, 167,   0,   2,   3,   6,   8,  10,  11,
     12,  15,  17,  18,  19,  20,  23,  24,  27,  28,  31,  32,  33,  34,  35,  36,
     37,  38,  39,  42,  44,  45,  47,  50,  54,  55,  56,  57,  58,  59,  60,  61,
     69,  70,  71,  72,  76,  78,  82,  84,  85,  86,  87,  88,  89,  90,  91,  96,
     97,  98,  99, 100, 101, 102, 103, 105, 106, 107, 108, 109, 110, 111, 112, 113,
    121, 123, 124, 125, 126, 128, 129, 130, 131, 132, 133, 136, 137, 138, 139, 140,
    143, 146, 147, 148, 149, 150, 151, 152, 153, 154, 155, 156, 158, 159, 160, 161,
    162, 163, 166, 167, 168,   2,   6,   7,   8,  23,  27,  28,  32,  33,  34,  35,
     36,  37,  39,  47,  50,  52,  58,  59,  60,  61,  70,  71,  72,  76,  78,  82,
    112, 113, 121, 131, 136, 160, 161, 162, 163, 166, 167,   2,   5,   6,   8,  23,
     26,  29,  30,  32,  33,  34,  35,  36,  37,  38,  39,  44,  45,  60,  61,  71,
     76,  78,  89,  90,  91,  96,  97,  98,  99, 100, 101, 107, 108, 109, 110, 111,
    115, 125, 126, 131, 139, 140, 143, 153, 154, 155, 156, 158, 159, 160, 161, 162,
    163, 166,   2,   5,   6,   8,  23,  26,  29,  30,  32,  33,  34,  35,  36,  37,
     38,  39,  44,  45,  60,  61,  71,  76,  78,  89,  90,  91,  96,  97,  98,  99,
    100, 101, 107, 108, 109, 110, 111, 115, 125, 126, 131, 139, 140, 143, 153, 154,
    155, 156, 158, 159, 160, 161, 162, 163, 166,   2,   5,   6,   8,  23,  26,  29,
     30,  32,  33,  34,  35,  36,  37,  38,  39,  44,  45,  60,  61,  71,  76,  78,
     89,  90,  91,  96,  97,  98,  99, 100, 101, 107, 108, 109, 110, 111, 115, 125,
    126, 131, 139, 140, 143, 153, 154, 155, 156, 158, 159, 160, 161, 162, 163, 166,
      0,   1,   2,   5,   6,   7,   8,   9,  23,  40,  42,  43,  44,  45,  46,  48,
     49,  50,  51,  52,  56,  57,  58,  59,  60,  61,  65,  71,  72,  79,  83,  84,
     85,  86,  87,  88,  89,  90,  91,  92,  93,  94,  95,  97,  98,  99, 100, 101,
    102, 103, 104, 105, 106, 107, 108, 109, 110, 111, 114, 116, 117, 118, 119, 120,
    121, 122, 125, 126, 130, 132, 133, 135, 137, 138, 139, 140, 141, 142, 143, 146,
    147, 148, 149, 150, 151, 152, 153, 154, 155, 156, 157, 158, 159, 160, 161, 162,
    163, 164, 165,   2,   3,   6,   8,  23,  27,  32,  33,  34,  35,  37,  39,  44,
     50,  58,  59,  61,  71,  72,  76,  78,  79,  82,  89,  90,  91,  97,  98,  99,
    100, 101, 107, 108, 109, 110, 111, 116, 121, 125, 126, 131, 139, 140, 141, 143,
    148, 153, 154, 155, 156, 158, 159, 160, 161, 162, 163, 166, 167,   2,   5,   6,
     23,  25,  26,  29,  30,  32,  33,  34,  35,  36,  37,  38,  39,  58,  59,  60,
     61,  62,  79, 115, 131, 134, 135, 160, 162, 163, 166, 167,   3,   7,   8,   9,
     21,  22,  23,  25,  26,  27,  28,  29,  30,  31,  32,  33,  34,  35,  36,  37,
     38,  39,  41,  42,  44,  45,  55,  58,  59,  60,  71,  76,  82,  84,  85,  86,
     87,  88,  89,  90,  91,  96,  97,  98,  99, 100, 101, 105, 106, 107, 108, 109,
    110, 111, 115, 124, 125, 126, 128, 129, 131, 132, 137, 138, 139, 140, 143, 147,
    148, 149, 150, 151, 152, 153, 154, 155, 156, 158, 159, 161, 162, 164, 165, 166,
    168, 171,   2,   3,   6,   8,  23,  27,  32,  33,  34,  37,  39,  40,  43,  48,
     51,  58,  59,  61,  65,  71,  76,  79,  82, 104, 114, 122, 131, 141, 160, 161,
    162, 163, 166, 167,   2,   3,   6,   8,  23,  27,  32,  33,  34,  37,  39,  43,
     58,  59,  61,  71,  72,  76,  79,  82, 131, 141, 160, 161, 162, 166, 167,   2,
      3,   5,   6,   8,  23,  27,  32,  33,  34,  37,  39,  40,  43,  48,  51,  52,
     58,  59,  61,  65,  71,  76,  79,  82, 104, 114, 122, 131, 141, 160, 161, 162,
    163, 166, 167,   2,   3,   6,  23,  72,  79, 141, 162, 163,   0,   3,   6,   8,
     10,  11,  14,  15,  16,  17,  18,  19,  20,  24,  25,  27,  28,  31,  32,  33,
     34,  35,  37,  42,  44,  45,  47,  50,  54,  55,  56,  57,  58,  59,  60,  61,
     69,  70,  71,  72,  76,  78,  82,  84,  85,  86,  87,  88,  89,  90,  91,  96,
     97,  98,  99, 100, 101, 102, 103, 105, 106, 107, 108, 109, 110, 111, 112, 113,
    121, 123, 124, 125, 126, 128, 129, 130, 131, 132, 133, 136, 137, 138, 139, 140,
    141, 143, 146, 147, 148, 149, 150, 151, 152, 153, 154, 155, 156, 158, 159, 160,
    161, 162, 166, 167, 168,   0,   2,   6,   8,  10,  23,  27,  32,  33,  34,  35,
     37,  39,  42,  44,  45,  47,  55,  56,  57,  58,  59,  60,  61,  70,  71,  72,
     76,  78,  79,  82,  84,  85,  86,  87,  88,  89,  90,  91,  96,  97,  98,  99,
    100, 101, 102, 103, 105, 106, 107, 108, 109, 110, 111, 112, 113, 124, 125, 126,
    128, 129, 130, 131, 132, 133, 136, 137, 138, 139, 140, 143, 146, 147, 148, 149,
    150, 151, 152, 153, 154, 155, 156, 158, 159, 160, 161, 162, 163, 166, 167, 168,
      0,   2,   6,   7,   9,  12,  13,  18,  20,  21,  22,  23,  27,  32,  33,  34,
     35,  36,  37,  38,  39,  46,  50,  54,  56,  57,  58,  59,  61,  62,  70,  71,
     72,  78,  82,  83, 102, 103, 121, 130, 131, 132, 133, 134, 135, 146, 160, 162,
    163, 164, 165, 166, 167,   0,   1,   2,   5,   6,   8,  21,  22,  23,  40,  43,
     46,  48,  49,  50,  51,  52,  53,  54,  56,  57,  58,  59,  60,  61,  62,  65,
     69,  71,  72,  79,  83,  92,  93,  94,  95, 102, 103, 104, 108, 114, 116, 117,
    118, 119, 120, 121, 122, 127, 129, 130, 132, 133, 134, 135, 141, 142, 144, 145,
    146, 157, 160, 161, 162, 163,   3,   8,  23,  71, 161,   2,   5,   6,  23,  25,
     26,  28,  29,  30,  32,  33,  34,  35,  36,  37,  38,  39,  40,  58,  59,  60,
     61,  62,  65,  72,  79, 115, 131, 134, 135, 160, 162, 163, 166, 167,   0,   2,
      3,   5,   7,   8,   9,  10,  23,  25,  26,  28,  29,  30,  31,  32,  33,  34,
     35,  36,  37,  38,  39,  40,  42,  44,  45,  47,  48,  49,  51,  52,  53,  55,
     65,  71,  76,  84,  85,  86,  87,  88,  89,  90,  91,  92,  93,  94,  95,  96,
     97,  98,  99, 100, 101, 104, 105, 106, 107, 108, 109, 110, 111, 112, 113, 114,
    115, 116, 117, 118, 119, 120, 122, 124, 125, 126, 127, 128, 129, 131, 136, 137,
    138, 139, 140, 141, 142, 143, 144, 145, 147, 148, 149, 150, 151, 152, 153, 154,
    155, 156, 157, 158, 159, 161, 162, 163, 164, 165, 166, 171,   0,   3,   5,   7,
      8,   9,  10,  23,  25,  26,  28,  29,  30,  31,  32,  33,  34,  35,  36,  37,
     38,  39,  40,  42,  44,  45,  47,  48,  49,  51,  52,  53,  55,  65,  71,  76,
     84,  85,  86,  87,  88,  89,  90,  91,  92,  93,  94,  95,  96,  97,  98,  99,
    100, 101, 104, 105, 106, 107, 108, 109, 110, 111, 112, 113, 114, 115, 116, 117,
    118, 119, 120, 122, 124, 125, 126, 127, 128, 129, 131, 136, 137, 138, 139, 140,
    141, 142, 143, 144, 145, 147, 148, 149, 150, 151, 152, 153, 154, 155, 156, 157,
    158, 159, 161, 162, 163, 164, 165, 166, 171,   2,   5,   6,   7,   9,  23,  25,
     26,  27,  29,  30,  32,  33,  34,  35,  36,  37,  38,  39,  40,  48,  51,  55,
     57,  58,  59,  60,  61,  62,  79,  82, 102, 103, 104, 114, 115, 122, 128, 129,
    131, 133, 134, 135, 146, 160, 162, 163, 164, 165, 166, 167,   2,   5,   6,   7,
      9,  23,  25,  26,  27,  29,  30,  32,  33,  34,  35,  36,  37,  38,  39,  40,
     48,  51,  55,  57,  58,  59,  60,  61,  62,  79,  82, 102, 103, 104, 114, 115,
    122, 128, 129, 131, 133, 134, 135, 146, 160, 162, 163, 164, 165, 166, 167,  23,
     25,  28,  34,  35,  36,  37,  42,  46,  47,  49,  50,  53,  54,  55,  58,  59,
     61,  62,  79,  81,  83,  84,  85,  86,  87,  88,  92,  93,  94,  95, 105, 106,
    112, 113, 116, 117, 118, 119, 120, 121, 127, 128, 129, 132, 134, 135, 136, 137,
    138, 141, 142, 144, 145, 147, 148, 149, 150, 151, 152, 155, 157, 160, 163,   2,
      5,   6,   7,   9,  23,  25,  26,  27,  29,  30,  32,  33,  34,  35,  36,  37,
     38,  39,  40,  48,  51,  55,  57,  58,  59,  60,  61,  62,  79,  82, 102, 103,
    104, 114, 115, 122, 128, 129, 131, 133, 134, 135, 146, 160, 162, 163, 164, 165,
    166, 167,   1,   2,   5,   6,   7,   8,   9,  23,  26,  27,  29,  30,  31,  32,
     33,  34,  35,  36,  37,  38,  40,  42,  43,  44,  45,  48,  51,  52,  58,  60,
     61,  65,  71,  76,  82,  84,  85,  86,  87,  88,  89,  90,  91,  96,  97,  98,
     99, 100, 101, 104, 105, 106, 107, 108, 109, 110, 111, 114, 115, 122, 124, 125,
    126, 131, 137, 138, 139, 140, 143, 147, 148, 149, 150, 151, 152, 153, 154, 155,
    156, 158, 159, 160, 161, 162, 163, 164, 165, 166, 168,   0,   3,   7,   8,   9,
     10,  15,  16,  17,  21,  22,  23,  24,  25,  27,  28,  31,  36,  42,  44,  45,
     46,  47,  48,  49,  50,  51,  53,  54,  55,  56,  57,  58,  59,  60,  61,  62,
     71,  76,  79,  81,  82,  83,  84,  85,  86,  87,  88,  89,  90,  91,  92,  93,
     94,  95,  96,  97,  98,  99, 100, 101, 102, 103, 104, 105, 106, 107, 108, 109,
    110, 111, 112, 113, 114, 116, 117, 118, 119, 120, 121, 122, 124, 125, 126, 127,
    128, 129, 130, 132, 133, 134, 135, 136, 137, 138, 139, 140, 141, 142, 143, 144,
    145, 146, 147, 148, 149, 150, 151, 152, 153, 154, 155, 156, 157, 158, 159, 160,
    161, 162, 164, 165, 168,   7,   8,   9,  23,  26,  27,  29,  30,  31,  32,  33,
     34,  35,  36,  37,  38,  42,  44,  45,  48,  51,  60,  71,  76,  82,  84,  85,
     86,  87,  88,  89,  90,  91,  96,  97,  98,  99, 100, 101, 104, 105, 106, 107,
    108, 109, 110, 111, 114, 115, 122, 124, 125, 126, 131, 137, 138, 139, 140, 143,
    147, 148, 149, 150, 151, 152, 153, 154, 155, 156, 158, 159, 161, 162, 164, 165,
    166, 168,   2,   3,   5,   6,   8,  23,  27,  32,  33,  34,  35,  37,  39,  58,
     59,  61,  71,  72,  76,  78,  79,  82, 131, 160, 161, 162, 163, 166, 167,   5,
      8,  23,  26,  27,  29,  30,  32,  33,  34,  35,  36,  37,  38,  39,  58,  59,
     60,  61,  71,  76,  82, 115, 131, 160, 161, 166, 168,   3,   7,   9,  23,  25,
     26,  28,  29,  30,  34,  36,  37,  42,  60,  71,  79,  84,  85,  86,  87,  88,
    105, 106, 115, 137, 138, 147, 148, 149, 150, 151, 152, 164, 165,   5,   7,   9,
     23,  60,  79, 116, 162, 164, 165,   0,   1,   2,   3,   5,   6,   7,   8,   9,
     21,  22,  23,  25,  26,  27,  28,  29,  30,  32,  33,  34,  35,  36,  37,  38,
     40,  42,  43,  44,  45,  46,  47,  48,  51,  52,  53,  54,  55,  56,  57,  58,
     59,  60,  61,  62,  65,  69,  71,  79,  82,  83,  84,  85,  86,  87,  88,  89,
     90,  91,  97,  98,  99, 100, 101, 102, 103, 104, 105, 106, 107, 108, 109, 110,
    111, 112, 113, 114, 115, 122, 125, 126, 127, 128, 129, 130, 131, 132, 133, 134,
    135, 136, 137, 138, 139, 140, 143, 144, 145, 146, 147, 148, 149, 150, 151, 152,
    153, 154, 155, 156, 157, 158, 159, 160, 161, 163, 164, 165,   1,   2,   5,   6,
      8,  23,  40,  56,  57,  58,  59,  60,  61,  65,  69,  71,  72, 102, 103, 130,
    132, 133, 146, 160, 161, 162, 163,   3,   6,   8,  23,  27,  32,  33,  34,  37,
     39,  58,  59,  61,  71,  76,  79,  82, 131, 141, 160, 161, 162, 163, 166, 167,
      2,   3,   6,   8,  23,  27,  32,  33,  34,  37,  39,  58,  59,  61,  71,  72,
     76,  79,  82, 131, 141, 160, 161, 166, 167,   0,   3,   5,   7,   8,   9,  10,
     23,  25,  26,  28,  29,  30,  31,  32,  33,  34,  35,  36,  37,  38,  39,  40,
     42,  44,  45,  47,  48,  49,  51,  52,  53,  55,  65,  71,  76,  84,  85,  86,
     87,  88,  89,  90,  91,  92,  93,  94,  95,  96,  97,  98,  99, 100, 101, 104,
    105, 106, 107, 108, 109, 110, 111, 112, 113, 114, 115, 116, 117, 118, 119, 120,
    122, 124, 125, 126, 127, 128, 129, 131, 136, 137, 138, 139, 140, 141, 142, 143,
    144, 145, 147, 148, 149, 150, 151, 152, 153, 154, 155, 156, 157, 158, 159, 161,
    162, 163, 164, 165, 166, 171,   2,   5,   6,   8,  23,  27,  28,  32,  33,  34,
     35,  36,  37,  39,  40,  52,  58,  59,  60,  61,  65,  70,  71,  72,  76,  78,
     82, 131, 160, 161, 162, 163, 166, 167,   2,   5,   6,   8,  23,  27,  28,  32,
     33,  34,  35,  36,  37,  39,  40,  43,  48,  51,  52,  58,  59,  60,  61,  65,
     70,  71,  72,  76,  78,  82, 104, 114, 122, 131, 160, 161, 162, 163, 166, 167,
      1,   2,   5,   6,  23,  25,  26,  29,  30,  32,  33,  34,  35,  36,  37,  38,
     39,  40,  43,  48,  51,  52,  58,  59,  60,  61,  62,  65,  79, 104, 114, 115,
    122, 131, 134, 135, 160, 162, 163, 166, 167,   1,   2,   5,   6,  23,  25,  26,
     29,  30,  32,  33,  34,  35,  36,  37,  38,  39,  40,  43,  48,  51,  52,  58,
     59,  60,  61,  62,  65,  79, 104, 114, 115, 122, 131, 134, 135, 160, 162, 163,
    166, 167,   3,   6,   8,  23,  27,  32,  33,  34,  37,  39,  58,  59,  61,  71,
     76,  79,  82, 131, 141, 160, 161, 162, 163, 166, 167,   2,   5,   6,  23,  25,
     26,  28,  29,  30,  32,  33,  34,  35,  36,  37,  38,  39,  40,  43,  58,  59,
     60,  61,  62,  65,  72,  79, 115, 131, 134, 135, 160, 162, 163, 166, 167,   2,
      5,   6,  23,  25,  26,  28,  29,  30,  32,  33,  34,  35,  36,  37,  38,  39,
     40,  43,  48,  51,  52,  58,  59,  60,  61,  62,  65,  72,  79, 104, 114, 115,
    122, 131, 134, 135, 160, 162, 163, 166, 167,   0,   1,   2,   3,   5,   6,   7,
      8,   9,  21,  22,  23,  25,  26,  27,  28,  29,  30,  32,  33,  34,  35,  36,
     37,  38,  40,  42,  43,  44,  45,  46,  47,  48,  51,  52,  53,  54,  55,  56,
     57,  58,  59,  60,  61,  62,  65,  69,  71,  79,  82,  83,  84,  85,  86,  87,
     88,  89,  90,  91,  97,  98,  99, 100, 101, 102, 103, 104, 105, 106, 107, 108,
    109, 110, 111, 112, 113, 114, 115, 116, 122, 125, 126, 127, 128, 129, 130, 131,
    132, 133, 134, 135, 136, 137, 138, 139, 140, 143, 144, 145, 146, 147, 148, 149,
    150, 151, 152, 153, 154, 155, 156, 157, 158, 159, 160, 161, 163, 164, 165,   1,
      2,   5,   6,   8,  23,  40,  56,  57,  58,  59,  60,  61,  65,  69,  71,  72,
    102, 103, 116, 130, 132, 133, 146, 160, 161, 162, 163,   0,   3,   5,   7,   8,
      9,  10,  23,  25,  26,  27,  28,  29,  30,  31,  32,  33,  34,  35,  36,  37,
     38,  40,  42,  43,  44,  45,  47,  48,  51,  52,  55,  62,  65,  71,  76,  79,
     82,  84,  85,  86,  87,  88,  89,  90,  91,  96,  97,  98,  99, 100, 101, 104,
    105, 106, 107, 108, 109, 110, 111, 112, 113, 114, 115, 122, 124, 125, 126, 128,
    129, 131, 134, 135, 136, 137, 138, 139, 140, 143, 147, 148, 149, 150, 151, 152,
    153, 154, 155, 156, 158, 159, 161, 162, 164, 165, 166, 168, 171,   2,   5,   6,
     12,  13,  14,  16,  18,  20,  21,  22,  25,  26,  28,  29,  30,  32,  33,  34,
     35,  36,  37,  38,  40,  42,  46,  48,  49,  50,  51,  52,  53,  54,  56,  57,
     58,  59,  60,  61,  62,  65,  79,  81,  83,  84,  85,  86,  87,  88,  92,  93,
     94,  95, 102, 103, 104, 105, 106, 114, 115, 116, 117, 118, 119, 120, 121, 122,
    127, 130, 131, 132, 133, 134, 135, 137, 138, 141, 142, 144, 145, 146, 147, 148,
    149, 150, 151, 152, 157, 160, 162, 163, 169,   0,   3,   7,   8,   9,  15,  16,
     17,  21,  22,  25,  28,  33,  34,  35,  36,  37,  40,  42,  43,  44,  45,  46,
     47,  48,  51,  52,  53,  54,  55,  56,  61,  62,  63,  66,  71,  79,  80,  81,
     83,  84,  85,  86,  87,  88,  89,  90,  91,  92,  94,  95,  96,  97,  98,  99,
    100, 101, 104, 105, 106, 107, 108, 109, 110, 111, 112, 113, 114, 116, 117, 118,
    121, 122, 125, 126, 127, 128, 129, 130, 132, 134, 135, 136, 137, 138, 139, 140,
    141, 142, 143, 144, 145, 147, 148, 149, 150, 151, 152, 153, 154, 155, 156, 158,
    159, 160, 161, 164, 165,   0,   3,   4,   7,   8,   9,  12,  15,  16,  17,  21,
     22,  25,  27,  28,  33,  34,  35,  36,  37,  42,  43,  44,  45,  46,  47,  48,
     51,  52,  53,  54,  55,  56,  57,  58,  59,  60,  61,  62,  63,  66,  71,  79,
     80,  81,  82,  83,  84,  85,  86,  87,  88,  89,  90,  91,  92,  94,  95,  96,
     97,  98,  99, 100, 101, 102, 103, 104, 105, 106, 107, 108, 109, 110, 111, 112,
    113, 114, 116, 117, 118, 121, 122, 124, 125, 126, 127, 128, 129, 130, 132, 133,
    134, 135, 136, 137, 138, 139, 140, 141, 142, 143, 144, 145, 146, 147, 148, 149,
    150, 151, 152, 153, 154, 155, 156, 158, 159, 160, 161, 164, 165,   0,   2,   4,
      5,   6,   8,  11,  12,  14,  16,  17,  18,  20,  23,  27,  32,  33,  34,  35,
     37,  39,  46,  50,  54,  56,  57,  58,  59,  61,  63,  65,  69,  71,  72,  76,
     81,  82,  83, 102, 103, 121, 130, 131, 132, 133, 146, 160, 161, 162, 163, 169,
     25,  31,  32,  34,  35,  36,  37,  38,  58,  59,  60,  61,  62, 131, 134, 135,
    160,   0,   3,   4,   5,   7,   8,   9,  15,  16,  17,  21,  22,  40,  63,  65,
     66,  71,  79,  80, 161, 164, 165,  56,  58,  59,  60,  61, 130, 132, 160,  15,
     16,  15,  18,  18,   0,   1,   2,   5,   6,   7,   8,   9,  23,  25,  26,  27,
     28,  29,  30,  31,  32,  33,  34,  35,  36,  37,  38,  39,  40,  42,  44,  45,
     46,  47,  48,  49,  50,  51,  52,  55,  56,  64,  65,  69,  70,  71,  72,  74,
     75,  76,  77,  78,  82,  83,  84,  85,  86,  87,  88,  89,  90,  91,  92,  94,
     95,  96,  97,  98,  99, 100, 101, 102, 103, 104, 105, 107, 108, 109, 110, 111,
    112, 113, 114, 115, 116, 117, 118, 119, 121, 122, 124, 125, 126, 127, 128, 129,
    130, 131, 132, 133, 135, 137, 138, 139, 140, 141, 142, 143, 144, 145, 146, 147,
    148, 149, 150, 151, 152, 153, 154, 155, 156, 157, 158, 159, 160, 161, 162, 163,
    164, 165, 166, 167, 168, 170, 171,   3,   6,   8,  23,  27,  32,  33,  34,  37,
     39,  58,  59,  61,  71,  76,  79,  82, 131, 160, 161, 162, 163, 166, 167,
};

static const int8_t libron_18_regularKernSparseValues[] = {
     -18,  -19,  -31,  -15,  -15,   -9,  -22,  -14,  -18,  -21,  -19,  -11,  -20,  -15,   -3,  -17,
      -1,  -14,  -13,  -13,   -9,  -22,   -1,  -18,   -1,  -13,  -18,  -18,  -31,  -31,  -18,  -18,
     -20,    1,  -70,  -56,  -70,  -25,  -15,   -9,   -2,   -2,  -44,  -45,    4,    4,    1,    4,
       2,  -17,    3,  -22,  -28,   -3,  -16,    1,    1,    1,   -4,   -3,  -13,   -2,   -2,  -13,
       2,   -4,  -40,   -4,  -50,  -57,   -3,  -29,  -17,  -17,  -32,  -17,  -43,  -22,  -44,   27,
      14,   20,  -16,  -44,  -22,  -22,  -22,  -22,    8,  -17,  -32,  -22,  -44,  -22,  -44,  -44,
     -16,  -31,    2,   10,    8,   11,   24,    1,  -22,  -22,   -8,  -26,  -23,   -2,   -2,   -2,
      -2,  -31,  -10,  -17,  -24,  -22,   71,    6,  -36,   20,   -4,  -17,   -9,  -17,  -17,  -17,
     -17,  -22,  -22,  -23,  -22,  -34,  -22,  -56,  -70,  -70,  -21,   -2,    4,  -16,  -13,  -27,
     -16,    2,  -36,   -1,   -2,   -2,    4,   -1,   -1,   -1,   -2,   -1,   -1,   -1,   -1,   -1,
      -1,   -1,   -1,   -1,   -1,   -1,   -1,   -1,  -16,   -1,   -1,   -1,   -1,   -1,   -1,   -1,
      -1,   -1,    1,  -17,  -15,  -10,   -3,  -37,   -4,  -15,  -20,  -19,  -10,   -4,   -4,  -18,
      -8,    1,    1,  -12,    5,  -18,  -17,    1,    1,    1,   -2,   -3,   -3,  -13,  -16,  -13,
     -13,   -4,   -3,  -10,  -17,  -22,   -4,  -14,  -18,  -12,  -12,  -12,  -12,  -12,  -18,  -18,
     -18,   14,    6,  -12,  -18,  -18,  -18,  -18,  -18,  -16,  -16,    8,  -12,  -12,  -18,  -18,
     -18,  -18,  -18,    1,  -18,  -18,   -2,   -3,   -3,  -13,  -13,  -16,   -3,   -3,   -7,  -12,
     -15,  -18,   58,  -17,   11,   -2,  -16,  -12,   -1,  -12,  -12,  -12,  -12,  -18,  -18,   -8,
     -18,  -11,  -18,   -4,  -37,   -3,   -4,   -4,  -16,  -10,  -10,  -13,  -10,  -10,  -10,  -19,
     -18,  -13,  -80,  -44,  -80,    1,  -20,  -14,   -9,   -4,   -4,  -44,   -9,  -50,  -13,   -9,
     -14,   -8,  -10,  -18,  -20,  -26,   -3,  -15,   -2,   -3,   -3,   -2,   -2,  -10,   -4,  -15,
      -3,   -3,   -2,   -2,   -4,   -2,   -4,  -10,  -14,   -5,  -35,  -16,  -53,  -61,   -3,  -18,
     -16,  -16,  -16,  -18,  -20,  -20,  -20,   -3,   -3,   27,   14,  -19,  -20,  -20,  -20,  -20,
     -20,   -3,   -3,   -2,  -18,  -18,  -20,  -20,  -20,  -20,  -20,  -15,  -15,    3,   -9,   22,
       3,   -3,   -3,   37,   -2,  -10,   -9,  -20,  -20,  -10,  -10,  -15,   -3,   -3,   -3,   -4,
      -4,  -15,  -18,  -16,  -20,  -20,   20,   19,  -20,  -10,  -10,   -3,  -18,  -16,  -17,  -18,
     -18,  -18,  -20,  -20,  -20,  -20,   -3,  -20,  -20,   -2,  -44,  -80,  -80,  -31,  -70,  -10,
      -4,  -80,  -16,  -13,   -1,    4,   10,   -3,  -32,  -16,  -30,  -17, -102,  -27,  -54,  -78,
    -108,  -48,   -1,  -12,  -12,  -13,  -14,  -40,  -30,  -43,  -14,   -3,  -16,  -17,  -76,   -8,
       1,  -17,   -1,  -14,  -14,  -12,  -13, -102,  -13,  -14,  -14,  -43,  -16, -128, -128,  -73,
     -56,  -37,  -46,  -31,  -17,  -14,   -3,  -23,  -15,  -14,  -14,  -23,  -20,  -33,  -18,  -19,
     -51,  -16,  -43,  -31,  -36,  -58,  -20,  -33,   -8,  -16,  -11,  -14,  -12,  -11,  -11,  -15,
     -12,  -12,  -11,  -23,  -19,  -32,  -26,   -8,  -28,  -24,  -32,  -16,   -8,   -8,   -8,   -8,
      -8,  -14,  -14,  -14,  -14,  -11,  -11,  -11,   -8,   -8,  -11,  -20,  -14,  -14,  -14,  -14,
     -14,  -12,  -11,  -15,  -12, -101,  -12,  -11,   -8,   -8,   -8,   -8,  -14,  -14,  -15,  -15,
     -11,   -8,   -8,   -8,   -8,   -8,   -8,  -14,  -26,  -56,  -52,  -53,  -15,  -70,  -10,   -4,
     -80,  -16,  -13,   -1,    4,   10,   -3,  -32,  -16,  -30,  -17,  -51,  -27,  -54,  -39,  -54,
     -48,   -1,  -12,  -12,  -13,  -14,  -40,  -30,  -43,  -14,   -3,  -16,  -17,  -76,   -8,  -17,
      -1,  -14,  -14,  -12,  -13, -102,  -13,  -14,  -14,  -43,  -16,  -80,  -79,  -73,  -15,  -48,
     -48,  -84,  -15,   -9,  -10,  -12,  -12,  -34,  -30,    3,    2,    2,  -30,    6,  -41,  -39,
      -3,  -27,    1,    1,    1,  -15,  -11,  -31,   -3,   -3,   -3,   -4,  -41,   -3,  -30,  -30,
     -30,  -30,  -30,  -41,  -41,  -41,  -10,  -41,  -41,  -41,  -41,  -41,   -3,   -3,   10,  -30,
     -30,  -41,  -41,  -41,  -41,  -41,  -27,  -27,    1,    1,  -41,  -41,  -15,  -31,  -31,   -3,
      -3,   -3,   -4,   -4,  -27,  -30,  -30,  -41,  -41,  -41,  -15,  -15,   -3,  -30,  -30,  -30,
     -30,  -30,  -30,  -41,  -41,  -41,  -41,  -41,  -41,  -48,  -48,  -15,  -14,  -14,   -3,  -19,
      -9,  -15,  -10,   -9,   -8,  -17,  -13,  -11,  -21,  -12,   -8,  -15,   -9,  -14,  -14,  -16,
     -18,  -17,   -9,   -9,   -8,  -14,   -5,    2,  -15,  -18,  -18,  -18,  -18,  -18,   -7,  -22,
     -11,  -15,  -13,  -11,  -15,  -18,  -17,  -15,  -15,  -16,   -8,   -7,  -10,   -4,   -7,  -10,
     -18,  -15,   -4,  -20,  -16,   -7,   -7,   -7,  -10,   -7,   -9,   -9,   -1,   -2,   -2,  -11,
      -5,   -3,   -5,   -5,   -7,   -6,  -11,   -9,   -6,  -13,   -1,   -3,  -11,   -5,   -7,   -2,
      -9,   -9,  -22,   -3,  -16,  -10,   -2,   -1,    2,  -16,   -2,   -1,   -3,   -1,   -1,  -26,
     -10,  -27,  -21,   -2,  -31,   -7,   -9,   -2,  -17,  -21,   -1,  -26,  -20,  -17,  -19,    2,
     -18,  -18,   -1,   -2,   -2,   -6,   -6,  -17,  -10,  -18,  -18,   -8,  -13,   -1,   -1,   -7,
      -2,   -7,   -2,   -3,  -16,   -6,   -8,   -6,   -4,  -10,   -1,   -9,  -14,  -16,  -15,  -11,
      -1,   -1,  -12,    3,  -44,  -30,  -44,  -23,    3,  -19,  -15,  -14,    3,  -38,   -7,  -36,
       1,   13,    8,    2,   11,    2,  -14,  -27,   -7,  -30,  -44,  -44,  -17,   -2,   -2,   -7,
      -1,   -1,   -1,   -5,   -9,   -7,   -4,  -10,   -8,   -1,  -14,  -34,   -3,  -34,  -10,   -6,
     -31,  -11,  -32,  -15,  -11,   -7,  -10,   -9,  -15,  -14,  -10,   -8,  -11,   -2,  -11,   -3,
     -34,  -34,   -2,   -4,  -14,    1,    8,   -8,  -12,  -26,  -19,  -34,  -12,  -12,  -11,  -14,
     -14,   -2,  -12,    1,  -40,  -40,   -8,  -19,  -19,  -18,   -7,  -24,   -9,   -7,   -6,  -14,
     -10,  -11,  -19,  -20,   -7,  -19,  -19,  -21,  -46,   -7,  -46,  -23,    2,  -15,   -1,  -13,
     -10,  -27,   -6,   -9,  -29,   -6,  -18,    5,   -6,  -60,  -26,  -54,  -35,  -62,   -1,  -39,
      -4,  -11,   -9,   -2,   -5,   -5,   -2,  -10,  -10,  -35,  -24,  -38,  -14,  -30,  -23,  -37,
     -22,  -31,  -36,   -4,   -4,   -4,   -4,   -4,  -11,  -11,  -11,  -11,  -11,  -11,  -11,  -11,
     -22,  -10,  -10,   -4,   -4,  -11,  -11,  -11,  -11,  -11,   -2,   -2,   -5,   -2,   -2,  -11,
     -11,   -2,   -2,  -10,  -60,  -10,  -10,   -2,   -4,   -4,  -11,  -11,  -11,  -10,   -4,   -4,
      -4,   -4,   -4,   -4,  -11,  -11,  -11,  -11,  -11,  -11,  -38,  -23,  -45,  -46,  -48,  -42,
      -9,  -11,   -2,  -11,   -1,   -8,   -1,   -1,   -6,   -4,  -13,   -7,  -12,  -13,   -1,   -3,
      -3,   -1,   -2,   -1,   -1,   -1,   -1,   -1,   -6,   -4,   -6,   -7,   -5,   -7,  -12,   -1,
      -3,   -3,   -3,   -3,   -3,   -1,   -1,   -1,   -1,   -1,   -3,   -3,   -2,   -2,   -1,   -1,
      -1,   -1,   -1,   -1,   -1,   -1,   -1,   -6,   -5,   -5,   -2,   -3,   -3,   -1,   -1,   -1,
      -1,   -3,   -3,   -3,   -3,   -3,   -3,   -1,   -7,   -1,   -1,   -1,   30,    2,    2,    1,
      -1,   -6,  -18,  -20,  -20,   -4,   -9,  -21,   -8,  -20,   -9,   -8,   -4,   -5,  -16,  -10,
     -34,  -23,   -4,  -15,   -4,   -1,   -1,   -6,   -6,   -6,   -3,   -5,   -3,  -13,   -4,  -29,
      -4,   -4,   -4,   -4,   -4,   -1,   -1,   -1,   -1,   -1,   -1,   -1,   -1,   -1,   -6,   -4,
      -4,   -1,   -1,   -1,   -1,   -1,   -6,   -8,   -6,   -4,   -1,   -1,   -4,   -4,   -4,   -1,
      -1,   -1,   -4,   -4,   -4,   -4,   -4,   -4,   -1,   -1,   -1,   -1,   -1,   -1,   -3,  -20,
     -20,   -1,   -1,   -2,   -2,   -9,   -1,   -5,   -2,   -6,   -1,   -1,   -9,   -9,   -9,   -9,
      -9,   -9,   -9,   -1,   -1,   -9,   -9,   27,   -9,   -8,   -9,   -9,   -9,   -9,    2,    1,
      -6,  -20,    1,  -20,  -58,  -35,  -58,  -24,  -21,  -14,  -10,   -4,   -4,    7,  -13,  -38,
      -7,  -49,   -1,   -5,   -1,  -27,    4,  -28,  -31,   -2,  -25,    1,   -9,   -3,    1,    1,
     -13,  -12,  -24,   -3,   -6,   -3,   -3,   -5,   -3,  -11,  -25,  -30,  -15,  -58,   -7,   -2,
     -27,  -27,  -27,  -27,  -27,  -28,  -28,  -28,   -5,   -7,   -6,    6,  -25,  -28,  -28,  -28,
     -28,  -28,   -6,   -6,    7,  -27,  -27,  -28,  -28,  -28,  -28,  -28,  -25,  -25,    2,   -6,
      -6,   -6,   -9,   -9,    8,    1,   -1,  -28,  -28,  -13,  -23,  -24,   -3,   -3,   -6,  -11,
     -11,  -25,  -17,  -27,  -25,  -28,   47,   -6,  -26,  -13,   -6,  -27,    2,  -27,  -27,  -27,
     -27,  -28,  -28,   -6,  -28,   -9,  -21,  -28,   -3,  -35,    2,  -58,  -58,   -6,  -10,  -11,
      -2,   -2,   -4,   -8,   -3,   -1,   -8,  -11,   -5,   -4,   -9,   -2,   -2,   -1,   -1,  -11,
      -9,   -1,  -13,   -2,   -2,   -1,   -2,   -2,   -2,   -2,   -2,   -2,   -2,   -1,   -8,   -1,
      -2,   -2,    1,   -2,   -2,   -2,   -2,   -2,   -2,  -13,   -8,  -10,   -2,   -2,   -7,   -6,
      -8,  -20,   -8,  -10,   -9,   -6,   -8,   -9,  -16,  -15,   -1,   -7,   -1,  -12,   -5,  -11,
     -10,  -19,  -18,  -21,   -4,  -21,  -19,   -9,   -8,   -1,   -9,   -9,   -9,   -9,   -9,  -16,
     -16,  -16,  -15,  -16,  -16,  -16,  -16,  -16,  -10,  -10,    1,   -9,   -9,  -16,  -16,  -16,
     -16,  -16,   -7,   -7,   -1,   -1,   -1,  -16,  -16,   -5,   -5,  -11,  -11,  -10,   -4,   -4,
      -7,  -16,   -9,  -31,  -16,   39,  -16,  -10,   -9,  -18,   -9,   -9,   -9,   -9,  -16,  -16,
     -30,  -16,  -16,  -16,  -21,  -20,  -18,  -25,  -17,  -25,  -13,   -8,   -6,   -6,  -11,  -12,
     -13,   -7,  -12,  -12,  -15,  -25,   -7,  -20,   -1,  -15,    4,  -20,  -20,  -14,  -17,    1,
      -4,    1,    1,  -15,  -14,  -20,  -14,  -12,  -14,  -15,  -14,  -16,  -20,  -22,  -17,  -25,
     -29,   -7,  -14,  -15,  -15,  -15,  -15,  -15,  -20,  -20,  -20,  -19,   -6,   -4,  -19,  -20,
     -20,  -20,  -20,  -20,  -12,  -12,    9,  -15,  -15,  -20,  -20,  -20,  -20,  -20,  -17,  -17,
       2,   -5,   -5,   -5,   -4,  -19,    1,   -1,  -20,  -20,  -15,  -20,  -20,  -14,  -14,  -12,
     -20,  -20,  -17,  -31,  -15,  -38,  -20,   44,   -5,  -20,  -14,  -15,  -12,  -15,  -31,  -15,
     -15,  -15,  -15,  -20,  -20,  -36,  -20,   -9,  -37,  -20,  -16,  -17,  -25,  -25,  -13,   -4,
     -12,  -34,    2,  -10,   -4,  -15,   -3,   -8,   -1,   -4,   -4,   -4,   -1,  -38,    4,   -5,
      -9,   -2,   -9,   -8,  -10,   -4,  -18,  -12,   -4,   -1,   -5,   -3,  -12,  -12,  -50,  -36,
     -52,   -3,   -3,  -28,  -12,  -33,   -4,  -73,   -4,   -4,   -4,   -4,   -4,  -18,  -18,  -18,
     -17,  -18,  -18,  -18,  -18,  -36,  -12,  -12,   -4,   -4,  -18,  -18,  -18,  -18,  -18,   -4,
      -4,   -1,   -3,   -4,  -18,  -18,   -3,   -3,  -12,  -18,  -24,  -12,   -4,   -8,   -4,  -18,
     -18,   37,  -18,  -12,   -4,   -8,   -4,   -4,   -4,   -4,  -18,  -18,  -36,  -18,  -18,  -18,
     -52,  -34,  -10,   -3,   -3,  -15,  -17,  -59,  -60,    6,    6,  -10,   -1,  -33,  -16,    2,
       2,  -33,   -2,  -56,  -10,  -53,  -24,   -4,  -63,   -2,  -28,   -1,   -6,   -6,   -6,   -4,
     -34,  -17,  -36,   -2,   -3,    1,  -39,   -3,   -2,   -1,   -4,   -4,   -6,   -6, -112,   -6,
      -4,   -2,   -2,   -4,  -36,  -57,  -53,    6,    6,  -58,  -55,   -7,  -10,  -19,   -9,   -9,
      -9,   -1,   -4,   -9,   -1,   -1,   -6,  -15,  -12,   -1,   -4,   -5,  -10,   -3,  -12,  -11,
     -22,  -21,  -24,   -1,  -21,   -7,  -18,   -2,   -4,   -9,   -1,   -6,   -6,   -6,   -6,   -6,
     -15,  -15,  -15,  -14,  -15,  -15,  -15,  -15,  -15,  -11,  -11,   -6,   -6,  -15,  -15,  -15,
     -15,  -15,   -4,   -4,   -5,   -2,  -15,  -15,   -3,   -3,  -12,   -1,  -12,  -11,   -1,   -1,
      -4,   -6,   -6,  -15,  -15,   25,  -15,  -11,   -6,   -6,   -6,   -6,   -6,   -6,  -15,  -15,
     -15,  -15,  -15,  -15,  -24,  -19,   -9,   -2,   -2,  -16,  -17,  -16,  -17,   -7,   -8,   -3,
      -3,  -10,   -8,  -12,   -7,   -9,   -9,  -13,   -8,   -7,  -10,  -21,    1,  -16,  -16,  -13,
     -14,   -3,   -1,  -13,  -13,  -18,  -13,  -11,  -15,  -16,   -9,  -17,  -19,  -21,  -16,  -22,
      -7,   -7,  -13,  -21,  -21,  -21,  -21,  -21,  -16,  -16,  -16,   -4,  -16,   -3,   -6,  -16,
     -16,  -16,  -16,  -16,  -16,  -11,  -11,    5,  -21,  -21,  -16,  -16,  -16,  -16,  -16,  -14,
     -14,   -3,   -3,   -6,   -3,  -16,   -1,   -1,  -16,  -16,  -13,  -18,  -18,  -13,  -13,  -11,
     -19,  -19,  -14,  -38,  -21,  -32,  -16,   41,   -3,  -16,  -15,  -13,  -11,  -21,  -38,  -21,
     -21,  -21,  -21,  -16,  -16,  -30,  -16,   -7,  -32,  -16,  -17,  -16,  -17,  -17,   -2,  -18,
     -18,  -18,   -5,  -10,  -18,   -8,  -16,   -8,   -8,   -5,   -6,  -17,  -11,  -32,  -25,   -5,
     -16,   -3,   -6,   -6,   -6,   -4,   -5,   -4,  -13,   -4,  -24,   -3,   -3,   -3,   -3,   -3,
      -6,   -3,   -3,   -6,   -8,   -6,   -3,   -5,   -3,   -3,   -3,   -3,   -3,   -3,   -3,   -3,
      -4,  -18,  -18,   -2,  -17,  -19,  -64,  -37,  -64,  -22,  -10,   -9,    1,   -3,  -36,   -4,
     -50,   -8,   -4,    2,   -7,   -2,  -17,   -2,   -9,  -14,  -17,   -7,   -7,    1,    1,    1,
       1,   -1,  -28,  -30,   -2,  -55,   -9,   -9,   -9,   -9,   -9,  -14,  -14,  -14,  -15,  -14,
     -14,  -14,  -14,  -14,   -9,   -9,  -14,  -14,  -14,  -14,  -14,   -7,   -7,    2,   -4,    1,
      -5,   -9,  -14,  -14,   -7,   -7,    2,   -1,   -1,   -7,   -9,   -9,  -14,  -14,  -14,   -9,
      -9,   -9,   -9,   -9,   -9,  -14,  -14,  -14,  -14,  -14,  -14,    1,  -37,  -64,  -64,   -3,
      -2,  -17,  -30,  -18,   -5,  -10,  -18,   -8,  -16,   -8,   -8,   -5,   -6,  -17,  -11,  -32,
     -25,   -5,  -15,    1,   -3,   -6,   -6,   -6,   -4,   -5,   -4,  -13,   -4,  -24,   -3,   -3,
      -3,   -3,   -3,   -6,   -3,   -3,   -6,   -8,   -6,   -3,   -5,   -3,   -3,   -3,   -3,   -3,
      -3,   -3,   -3,   -4,  -33,  -33,   -2,   -8,   -6,  -13,  -20,    1,   -8,  -11,   -8,   -6,
      -4,  -10,   -4,   -6,    4,   -7,  -10,  -14,  -10,  -16,   -7,   -9,   -2,   -9,   -6,   -7,
      -4,   -8,   -8,  -10,  -22,   -5,  -19,   -7,   -5,  -11,   -2,   -2,   -2,   -2,   -2,   -9,
      -9,   -9,   -9,   -9,   -9,   -9,   -9,  -19,   -2,   -2,   -9,   -9,   -9,   -9,   -9,   -9,
      -9,   -7,   -1,   -2,   -2,   -9,   -9,   -9,   -2,   -2,   -2,   -2,   -2,   -2,   -9,   -9,
      -9,   -9,   -9,   -9,   -8,  -20,   -6,  -10,  -14,   -8,   -6,   -2,   -9,   -7,   -2,   -2,
      -2,   -2,   -4,   -1,   -3,   -1,   -1,   -1,   -1,   -2,   -5,   -2,   -6,   -5,   -2,   -8,
      -1,   -4,   -4,   -4,   -4,   -4,   -1,   -1,   -1,   -1,   -4,   -4,   -3,   -3,   -1,   -1,
      -1,   -1,   -1,   -1,   -1,   -2,   -2,   -5,   -5,   -3,   -4,   -4,   16,   -1,   -1,   -1,
      -4,   -7,   -4,   -4,   -4,   -4,    1,   -1,   -6,   -3,  -18,  -23, -102,  -51,  -51,  -23,
     -28,  -12,  -10,   -8,   -8,    2,  -13,  -57,   -5,  -53,   -3,   -3,  -28,  -42,  -49,   -9,
     -25,  -18,   -7,   -2,  -18,  -24,  -16,  -26,  -11,  -12,  -14,  -14,  -12,  -14,  -12,  -47,
     -49,  -16,  -78,   -5,   -9,  -50,  -51,  -52,  -50,  -28,  -81,  -82,  -81,  -10,  -18,  -11,
     -10,  -28,  -85,  -42,  -42,  -84,  -42,  -12,  -12,  -18,  -52,  -52,  -82,  -42,  -83,  -82,
     -84,  -48,  -49,  -15,  -10,  -11,  -11,   -7,  -22,    5,  -18,   -1,  -42,  -42,  -40,  -44,
     -46,  -22,  -22,  -12,  -25,  -12,  -25,  -42,  -51,  -73,  -82,   29,  -10,  -76,  -29,  -38,
     -20,  -28,  -34,  -52,  -52,  -52,  -52,  -42,  -82,  -55,  -82,   -7,  -68,  -42,  -14,  -51,
       2, -102,  -51,  -17,  -18,  -27,  -16,  -27,  -14,   -7,   -5,   -6,  -10,  -13,  -12,   -7,
     -12,  -12,  -14,  -26,   -6,  -23,   -1,  -23,    7,  -20,  -20,  -14,  -18,    1,   -1,    2,
       1,  -15,  -14,  -20,  -12,  -10,  -13,  -13,  -14,  -14,  -20,  -22,  -16,  -25,  -35,   -6,
     -14,  -23,  -23,  -23,  -23,  -23,  -20,  -20,  -20,    5,  -16,   -1,   -1,  -19,  -20,  -20,
     -20,  -20,  -20,  -10,  -10,   11,  -23,  -23,  -20,  -20,  -20,  -20,  -20,  -18,  -18,    2,
      -1,   -1,   -2,   -1,  -16,    2,   -1,  -20,  -20,  -15,  -20,  -20,  -12,  -12,  -10,  -20,
     -20,  -18,  -39,  -23,  -38,  -20,   49,   -1,  -39,  -11,  -15,  -10,  -23,  -39,  -23,  -23,
     -23,  -23,  -20,  -20,  -37,  -20,   -3,  -38,  -20,  -14,  -16,  -27,  -27,  -22,    1,    3,
     -28,    1,  -51,  -40,  -51,  -34,  -18,   -1,   -8,   -9,  -34,  -25,  -30,  -13,   -2,  -26,
     -26,    6,  -32,  -47,  -18,  -46,   -6,   -1,    2,    3,  -48,   22,  -44,  -46,  -24,  -39,
      11,   -3,   -1,   11,   10,  -39,  -35,  -45,  -28,  -25,  -23,  -25,  -26,  -25,  -38,    3,
     -15,  -46,  -39,    1,  -41,  -76,  -18,  -24,  -38,  -48,  -48,  -48,  -48,  -38,  -44,  -44,
      22,  -26,   -3,   14,  -26,  -41,  -44,  -44,  -44,  -44,  -25,  -25,   25,  -48,  -42,  -44,
     -44,  -44,  -42,  -43,  -39,  -36,    3,    1,    8,    8,   -3,  -38,   -1,   11,   -1,    1,
     -44,  -44,  -34,  -45,  -37,  -28,  -28,  -25,  -38,  -36,  -37,    2,  -48,   -7,  -44,   66,
      -3,  -20,   19,  -39,  -17,  -48,   -1,  -45,  -48,  -48,  -45,  -44,  -44,  -10,  -44,   -3,
     -23,  -44,  -25,  -40,  -51,  -51,    1,    1,  -22,  -18,    1,    3,  -26,  -77,  -30,  -39,
     -21,  -13,   -1,   -6,   -7,  -26,  -20,  -25,  -11,   -1,  -19,  -19,    5,  -26,  -31,  -11,
     -27,   -2,   -1,    1,    3,  -33,   20,  -26,  -26,  -16,  -24,   10,   -6,   19,    9,  -21,
     -20,  -28,  -16,  -14,  -13,  -14,  -16,  -14,  -23,    2,  -11,  -35,  -30,    1,  -33,  -59,
     -11,  -16,  -60,  -33,  -33,  -33,  -33,  -52,  -26,  -26,   14,  -25,   -6,    8,  -21,  -52,
     -26,  -26,  -26,  -26,  -14,  -14,   33,  -33,  -63,  -26,  -26,  -26,  -52,  -52,  -24,  -24,
      12,   -6,    1,    2,   -6,  -27,   19,    1,  -26,  -26,  -41,  -28,  -53,  -16,  -37,  -14,
     -23,  -23,  -24,  -32,  -33,  -34,  -26,   58,   -6,  -46,   -4,  -43,  -18,  -33,  -35,  -65,
     -33,  -33,  -65,  -26,  -26,  -37,  -26,   -7,  -46,  -26,  -14,  -30,  -77,  -39,    1,   -3,
     -12,   -5,  -10,  -33,    2,  -10,   -4,  -16,   -3,   -9,   -1,   -4,   -4,   -5,  -32,   -5,
      -7,   -1,   -1,   -1,   -4,  -19,  -13,   -4,   -6,   -3,  -12,  -12,  -48,  -35,  -51,   -3,
      -2,  -28,  -10,  -31,   -3,   -9,  -31,   -4,   -4,   -4,   -4,   -4,  -19,  -19,  -19,    2,
     -18,  -19,  -19,  -19,  -19,  -18,  -12,  -12,   -4,   -4,  -19,  -19,  -19,  -19,  -19,   -4,
      -4,   -2,   -4,  -19,  -19,   -3,   -3,  -12,   -8,  -13,  -12,   -4,   -4,   -4,  -19,  -19,
      40,  -19,    1,  -12,   -4,   -4,   -4,   -4,   -4,   -4,  -19,  -19,  -18,  -19,  -19,  -19,
     -51,  -33,   -8,   -1,   -3,   -3,   -8,  -22,    2,  -30,  -98,  -54,  -49,  -32,  -23,   -1,
     -10,  -10,  -45,  -26,  -38,  -17,   -3,  -32,  -32,    2,  -38,  -56,  -27,  -50,   -7,    2,
     -61,   18,  -68,  -69,  -37,  -56,    7,   -9,   -5,   14,    7,  -50,  -51,  -55,  -39,  -41,
     -43,  -40,  -40,  -45,  -50,    2,  -20,  -63,  -53,  -49,  -79,  -27,  -73, -110,  -61, -120,
    -120,  -61, -123,  -68, -128,    9,  -43,  -11,  -31, -128,  -68,  -68, -128,  -68,  -81,  -41,
      28,  -61, -113,  -68, -128, -128, -128, -128,  -56, -107,    8,  -10,   -7,   -5,   -9,  -59,
     -10,   14,    1,  -68, -128,  -95,  -55,  -99,  -39,  -84,  -41,  -50,  -99, -108,  -63,  -61,
     -79, -128,   53,  -11,  -92,  -35, -100,  -62, -122,  -66, -116,  -61, -122, -116,  -68, -128,
     -82, -128,  -19,  -95, -128,  -45,  -54,  -98,  -49,    1,  -30,   -1,   -9,   -1,   -1,   -4,
      -7,   -1,   -6,   -3,   -1,   -1,   -2,   -1,   -2,   -3,   -8,   -5,   -4,  -24,  -20,  -26,
      -4,   -2,   -1,   -4,   -1,   -2,   -2,   -2,   -2,   -2,   -1,   -4,   -4,   -2,   -2,   -2,
      -2,   -3,   -5,   -7,   -5,   -4,   -4,   -4,   -2,   -2,   -2,   26,   -1,   -4,   -2,   -2,
      -2,   -2,   -2,   -2,  -26,   -8,   -1,   -1,   -2,   -3,    2,  -14,  -13,   -3,  -33,  -12,
     -17,  -16,  -16,   -4,    4,    3,    3,   -2,    6,  -13,  -13,   -3,  -12,   -4,   -4,   -5,
     -14,  -16,  -10,  -16,   -2,   -2,   -2,   -2,   -2,  -13,  -13,  -13,   21,   11,  -13,  -13,
     -13,  -13,  -13,  -12,  -12,    9,   -2,   -2,  -13,  -13,  -13,  -13,  -13,    8,  -13,  -13,
      -3,   -3,  -12,    5,   -2,   -8,  -13,   65,  -12,   18,  -10,   -2,   18,   -2,   -2,   -2,
      -2,  -13,  -13,   10,  -13,   -4,  -13,   -5,  -33,  -15,  -16,    2,  -23,  -14,  -34,  -21,
     -33,  -82,   -7,  -16,   -7,  -17,    3,   -7,  -23,   -7,  -17,   -2,   -2,  -17,   18,    5,
      21,   10,    1,    2,   21,   21,   10,   21,  -28,  -26,  -13,  -22,   -8,    2,  -38,  -20,
     -57,  -29,   -2,  -56,  -36,    4,  -17,  -14,   -3,  -19,  -11,  -14,  -16,  -12,  -13,   -8,
     -38,  -19,  -13,  -26,  -26,  -36,  -23,  -21,   -1,  -19,  -15,   -2,   -2,  -21,  -11,  -15,
      -4,  -14,  -15,   -2,  -34,  -20,  -45,  -26,  -21,  -70,  -16,  -30,  -14,  -11,   -9,  -15,
     -14,   -1,  -15,   -2,  -13,  -15,  -34,   -1,   -1,  -14,  -19,  -16,   -2,   -2,  -25,  -13,
      -3,   -3,   -2,  -15,   -7,   -3,   -1,   -4,  -14,  -19,  -40,  -28,   -4,  -59,   -1,   -6,
      -2,   -2,   -6,   -3,  -14,  -12,   -2,   -2,   -2,   -2,   -2,   -2,   -2,   -2,   -2,   -2,
      -2,   -2,   -2,   -2,   -2,   -3,   -2,   -2,  -14,   -2,   -2,   -2,   -2,   -2,   -2,   -2,
      -2,   -2,   -3,  -15,   -3,   -2,  -17,   -8,   -2,  -13,  -13,   -7,   -6,   -8,  -11,   -8,
      -6,   -9,   -8,   -4,   -2,   -6,   -7,  -11,  -15,   -6,  -12,   -7,   -2,   -6,   -4,   -4,
      -4,   -4,   -4,   -4,   -4,   -4,   -4,   -4,   -4,   -4,   -4,   -2,   -4,   -4,   -8,   -4,
      -4,   16,   -4,    1,   -4,   -4,   -4,   -4,   -4,   -4,  -11,  -13,   -8,   -8,  -12,   -8,
     -17,   -4,  -13,  -18,   -2,   -7,   -5,   -8,  -30,  -20,  -45,  -27,   -6,  -64,   -7,  -23,
     -10,   -8,   -9,  -15,   -1,   -2,   -7,  -30,   -1,   -1,  -15,  -15,  -13,  -23,  -11,    9,
      38,   74,    1,   62,   62,  -23,  -34,  -23,   69,  -11,   49,    1,   -8,   38,   47,    8,
      48,   60,   80,   75,   59,   78,   40,   64,   69,   -8,  -10,  -13,    1,   -6,   -4,  -24,
      31,   -4,   -4,   -4,    2,   23,   63,    3,   38,  -27,   55,   45,   45,  -33,   59,   36,
       1,    1,    4,  -12,   -5,    8,  -11,   -4,  -19,   -3,   74,   46,   79,  -12,   -8,  -19,
     -17,  -13,  -10,    8,    3,   -4,   -5,  -18,   -9,  -13,   -8,  -10,  -10,    2,   56,   49,
      67,   68,   70,   87,   -4,  -15,  -16,  -11,   17,   -1,   10,    2,   48,    5,    6,    9,
       1,   47,   -8,   36,  -16,  118,   59,   22,   71,   12,   35,  -10,   47,   -2,  -14,   -8,
      -1,  -18,  -14,   37,  -10,   31,   23,  -13,    6,  -34,   62,   67,  -23,  -23,   75,   70,
     -10,   36,    5,   -8,    1,  -18,   -3,    1,    1,   -2,   -4,   -5,   -4,   -4,   -3,   -5,
      -5,  -14,  -13,  -26,  -16,  -45,   -2,   -2,   16,   -6,   -3,   -8,   -1,    1,    1,  -17,
     -16,   -4,   -6,   -6,   -6,   -6,   -6,   -3,   -3,   -3,   -8,   -3,   -3,   -3,   -3,   -3,
      -6,   -6,   -3,   -3,   -3,   -3,   -3,   -5,   -8,   -3,   -3,   -1,   -1,  -14,    1,   -6,
      -6,   -3,   -3,   -3,   -6,   -6,   -6,   -6,   -6,   -6,   -3,   -3,   -3,   -3,   -3,   -3,
     -18,    1,    2,    2,   -2,   -6,    4,  -25,   -2,  -21,  -10,  -24,   -6,  -35,  -18,  -57,
     -31,  -60,  -33,  -15,  -13,  -17,  -10,  -14,  -13,  -10,  -11,   -1,   -6,  -35,  -17,  -10,
     -23,  -22,  -33,  -20,   -2,  -11,  -11,   -8,   -5,   -7,   -6,   -3,   -3,   -9,   -5,   -4,
      -7,  -15,  -11,   -7,   -5,   -7,   10,   -7,  -11,   -8,   -2,  -13,   -2,   -2,   -8,   24,
      -1,   -8,   -6,  -34,    2,   -7,  -10,  -12,  -16,  -37,  -20,  -50,   -6,   -7,  -12,  -16,
     -14,  -12,   -8,   -6,   -8,   -6,  -10,   -4,  -25,   -3,  -32,   -4,   -1,  -10,   -7,   -7,
      -7,   -7,   -7,  -12,  -12,  -12,  -19,  -12,  -12,  -12,  -12,  -31,   -6,   -6,   -7,   -7,
     -12,  -12,  -12,  -12,  -12,  -14,  -14,  -13,  -12,  -12,  -12,  -12,   -8,  -12,   -8,   -6,
     -14,   -7,   -7,  -12,  -12,  -12,   -6,   -7,   -7,   -7,   -7,   -7,   -7,  -12,  -12,  -12,
     -12,  -12,  -12,  -10,  -34,   -8,   -6,  -20,   -5,   -9,   -8,   -6,  -11,  -11,   -7,   -5,
      -8,  -10,   -6,   -5,   -8,   -7,   -6,   -6,   -8,   -2,  -15,  -31,  -10,   -5,   -8,   15,
       1,    1,   -8,  -11,   -8,   -8,  -10,   -7,  -21,  -18,  -15,  -21,  -11,  -16,   -3,  -15,
     -16,  -41,  -20,  -46,  -27,  -21,  -73,  -16,  -36,  -14,  -13,  -10,  -15,  -15,   -1,  -14,
      -2,  -14,  -16,  -41,   -1,   -1,  -15,  -19,  -16,  -25,  -13,   -2,   -5,   -8,   -8,   -6,
      -8,  -12,  -12,  -40,  -22,   -1,  -52,   -2,  -11,    2,    6,   -4,   -7,   -8,    6,  -12,
     -13,  -14,  -12,  -16,  -32,  -34,  -32,  -12,   -2,  -27,  -20,  -35,  -22,  -20,   -1,  -14,
     -16,  -34,  -21,  -34,  -56,   -3,   -1,  -12,   -9,  -12,  -10,   -7,   -7,   -3,   -7,   -7,
      -3,   -8,  -12,  -25,  -33,   -9,   -9,   -9,   -9,   -9,  -12,  -12,  -12,   -3,   -3,   -3,
      -3,   -9,  -12,  -12,  -12,  -12,  -12,   -7,   -9,   -9,  -12,  -12,  -12,  -12,  -12,   -7,
      -7,   -7,  -20,   -3,   -3,   -3,   -3,   -3,   -7,  -19,  -12,  -12,   -3,   -8,   -8,  -14,
      -7,   -9,   -9,  -12,  -12,   -3,   -3,  -12,   -3,   -3,   -9,   -9,   -9,   -9,   -9,   -9,
     -12,  -12,  -12,  -12,   -3,  -12,  -12,  -34,    4,    4,  -32,  -32,   -3,    1,  -10,  -11,
      -9,   -1,   -1,  -16,   -4,  -10,   -2,   -8,  -10,  -19,  -20,  -45,  -27,   -6,  -56,   -6,
     -27,   -2,   -6,   -6,   -4,   -2,   -9,   -7,   -7,  -10,   -2,   -1,   -2,   -2,   -2,   -6,
      -6,  -10,   -6,   -4,   -4,  -19,   -2,   -2,   -2,   -2,  -10,   -4,   -6,   -1,   -1,  -20,
      -1,    1,  -12,    1,   -2,   -3,   -4,   -1,   -3,   -2,  -16,  -15,  -34,  -20,   -1,  -48,
      -3,   -2,   -4,   -4,   -3,   -3,   -2,  -14,  -12,   -4,   -2,   -2,   -2,   -2,   -2,   -4,
      -4,   -4,   -4,   -4,   -4,   -4,   -4,   -4,   -3,   -2,   -2,   -4,   -4,   -4,   -4,   -4,
      -3,   -3,   -3,   -3,   -4,   -4,  -16,   -2,   -2,   -4,   -4,   -4,   -2,   -2,   -2,   -2,
      -2,   -2,   -4,   -4,   -4,   -4,   -4,   -4,  -12,    1,    1,    1,   -9,   -8,  -17,   -2,
      -3,  -16,  -12,  -21,   -4,  -22,  -16,  -45,  -26,  -54,  -25,   -4,   -4,   -7,  -15,   -7,
     -12,   -8,   -2,   -4,  -22,   -7,  -12,  -14,  -15,  -27,  -14,  -14,  -19,  -17,  -40,  -24,
     -40,  -17,   -3,   -4,  -35,  -25,   -4,  -37,  -26,  -26,   -4,  -14,  -19,  -32,  -21,  -47,
     -49,   -4,  -13,  -12,   -2,  -18,  -21,  -10,  -14,  -14,  -14,  -10,   -6,  -14,  -28,  -23,
      -4,   -4,  -12,  -12,  -12,  -12,  -12,  -18,  -18,  -18,  -21,  -18,  -18,  -18,  -18,  -18,
     -14,  -12,  -12,  -18,  -18,  -18,  -18,  -18,  -10,  -10,  -14,  -25,  -14,  -22,  -18,  -18,
     -10,  -10,  -14,   -6,   -6,  -10,  -12,  -12,  -18,  -18,  -18,  -12,  -12,  -12,  -12,  -12,
     -12,  -18,  -18,  -18,  -18,  -18,  -18,  -24,  -40,  -40,   -8,   -7,  -12,  -15,  -16,  -30,
     -18,  -30,   -3,  -22,  -21,  -27,  -22,  -22,   -1,  -14,  -17,  -31,  -20,  -35,  -46,   -3,
     -12,   -9,   -2,  -13,  -14,   -8,  -11,  -11,  -11,   -8,   -4,  -13,  -22,  -18,   -9,   -9,
      -9,   -9,   -9,  -13,  -13,  -13,  -14,  -13,  -13,  -13,  -13,  -13,  -11,   -9,   -9,  -13,
     -13,  -13,  -13,  -13,   -8,   -8,  -11,  -21,  -11,  -15,  -13,  -13,   -8,   -8,  -14,   -4,
      -4,   -8,   -9,   -9,  -13,  -13,  -13,   -9,   -9,   -9,   -9,   -9,   -9,  -13,  -13,  -13,
     -13,  -13,  -13,  -18,  -30,  -30,   -2,   -4,    1,  -32,   -2,   -8,  -12,  -16,  -33,  -20,
     -49,   -3,   -8,  -16,  -16,   -6,   -2,   -6,   -1,  -24,  -30,   -8,   -8,   -8,   -8,   -8,
      -8,  -16,  -16,  -16,  -16,  -16,  -16,  -16,  -16,  -15,   -8,   -8,  -16,  -16,  -16,  -16,
     -16,   -6,   -6,   -6,  -16,  -16,   -6,   -6,   -1,  -12,   -1,   -6,   -8,   -8,  -16,  -16,
     -16,   -8,   -8,   -8,   -8,   -8,   -8,  -16,  -16,  -16,  -16,  -16,  -16,  -32,  -14,   -1,
     -14,  -16,  -15,  -39,  -23,  -39,  -16,   -3,  -34,  -23,   -3,  -36,  -25,  -24,   -3,  -14,
     -17,  -29,  -19,  -45,  -47,   -3,   -4,  -10,   -2,  -15,  -19,   -8,  -11,  -11,  -11,   -9,
      -4,  -13,  -26,  -22,   -3,   -3,  -10,  -10,  -10,  -10,  -10,  -15,  -15,  -15,  -17,  -15,
     -15,  -15,  -15,  -15,  -11,  -10,  -10,  -15,  -15,  -15,  -15,  -15,   -8,   -8,  -11,  -23,
     -11,  -19,  -15,  -15,   -9,   -9,  -14,   -4,   -4,   -8,  -10,  -10,  -15,  -15,  -15,  -10,
     -10,  -10,  -10,  -10,  -10,  -15,  -15,  -15,  -15,  -15,  -15,  -23,    1,  -39,  -39,   -2,
      -7,    2,   -3,   -2,   -8,   -6,   -3,   -4,   -7,  -13,  -20,  -42,  -24,   -1,  -56,   -2,
      -4,   -1,   -4,   -1,   -2,   -2,   -3,   -6,  -13,   -1,   -2,  -15,   -4,    2,  -14,  -10,
      -3,  -28,   -3,   -9,  -13,  -14,  -13,  -11,    4,    3,    3,  -10,    2,  -14,  -14,   -9,
     -11,   -9,  -10,   -2,  -13,  -17,  -12,  -13,  -10,  -10,  -10,  -10,  -10,  -14,  -14,  -14,
      16,    6,   -8,  -14,  -14,  -14,  -14,  -14,  -11,  -11,    5,  -10,  -10,  -14,  -14,  -14,
     -14,  -14,    3,  -14,  -14,   -9,   -9,  -11,   -3,  -10,  -10,  -14,   60,  -13,   13,  -10,
     -10,   18,  -10,  -10,  -10,  -10,  -14,  -14,   10,  -14,   -5,  -14,   -2,  -28,   -3,   -3,
     -13,  -10,  -13,  -14,  -14,  -12,  -13,  -14,  -14,  -13,   -4,   -3,   -8,  -13,  -30,  -20,
     -36,    2,    2,   -8,   -4,   -3,   -2,   -2,  -13,   -1,   -9,  -11,  -18,  -22,  -20,  -13,
     -17,  -16,  -16,  -15,  -12,  -14,  -12,  -10,  -19,  -14,  -13,  -18,  -16,  -16,  -14,   -4,
      -9,   -4,  -11,  -14,   -8,  -23,  -14,   -8,   -4,   -5,   -9,  -15,  -24,  -42,  -32,  -52,
      -3,   -2,   -6,  -12,  -12,   -2,   -8,   -2,   -8,   -8,   -2,   -2,   -1,  -11,  -24,   -6,
      -6,   -4,   -2,   -2,   -2,   -2,   -2,  -12,  -12,  -12,  -13,  -12,  -12,  -12,  -12,  -12,
      -8,   -2,   -2,  -12,  -12,  -12,  -12,  -12,   -2,   -2,   -8,   -8,   -2,   -8,   -7,  -11,
     -12,  -12,   -2,  -29,   -2,   -2,   -2,   -2,  -12,  -12,  -12,   -2,   -2,   -2,   -2,   -2,
      -2,  -12,  -12,  -12,  -12,  -12,  -12,   -1,  -23,   -3,   -2,   -4,   -9,   -4,  -76,  -76,
     -35,  -44,   -7,   -2,   -2,   -2,   -2,  -10,  -16,  -51,   -2,   -2,   -2,   18,   11,   -2,
      -2,   -2,   -2,   -2,   -2,   -2,   -2,   -2,   -2,   -2,   14,   28,   -2,   -2,   -2,   -2,
      21,   11,   -2,   -2,   -2,   -2,   -2,   -2,   -2,  -76,  -76,    1,  -23,  -12,   -1,    1,
       1,   -8,   -8,  -26,  -14,  -11,  -20,  -11,  -11,  -11,  -22,  -19,  -29,  -17,  -19,  -49,
     -16,  -42,  -30,  -34,  -57,  -17,   -7,  -16,  -11,  -14,  -12,  -11,  -32,  -14,  -12,  -12,
     -11,  -23,  -18,  -29,  -25,   -7,  -30,  -16,   -7,   -7,   -7,   -7,   -7,  -14,  -14,  -14,
     -14,  -11,  -11,  -11,   -7,   -7,  -11,  -19,  -14,  -14,  -14,  -14,  -14,  -12,  -11,  -14,
     -12,  -49,  -12,  -11,   -7,   -7,   -7,   -7,  -14,  -14,  -14,  -14,  -11,   -7,   -7,   -7,
      -7,   -7,   -7,  -14,  -25,   -8,   -8,   -3,   -2,  -42,   -1,  -23,  -33,  -19,  -19,  -14,
     -14,  -27,  -25,  -23,  -23,  -22,  -23,  -49,  -23,  -52,  -37,  -33,  -70,  -14,  -17,  -11,
      -9,  -20,  -18,  -19,  -18,  -18,  -18,  -19,  -18,   -5,  -17,  -17,  -28,  -23,  -26,  -30,
     -10,  -18,  -10,  -17,  -28,  -33,  -29,  -20,  -11,  -11,  -11,  -11,  -11,  -19,  -19,  -19,
     -19,  -17,  -17,  -18,  -11,  -11,  -18,  -23,  -19,  -19,  -19,  -19,  -19,  -18,  -18,  -19,
      -5,   -5,  -17,  -96,  -17,  -17,  -10,  -10,  -11,  -11,  -19,  -19,  -19,  -19,  -17,  -11,
     -11,  -11,  -11,  -11,  -11,  -19,  -30,  -40,  -37,  -19,  -19,  -38,   -8,  -34,  -34,   -1,
     -10,  -11,  -11,  -17,  -22,  -30,  -25,  -20,  -22,   -9,  -46,  -44,  -61,  -49,  -19,  -66,
      -4,  -24,  -15,  -30,  -29,  -12,    2,  -13,  -11,    2,  -13,  -13,  -11,   -1,  -16,  -28,
     -27,  -29,  -28,   -8,   -5,  -13,  -40,  -28,  -14,  -30,  -12,  -24,  -24,  -24,  -24,  -24,
     -30,  -30,  -30,  -11,  -11,  -11,  -11,  -30,  -30,  -30,  -30,  -30,  -30,  -27,  -27,  -10,
     -24,  -24,  -30,  -30,  -30,  -30,  -30,    2,    2,  -13,  -22,  -11,  -11,  -11,  -11,  -11,
       2,  -13,  -10,  -18,  -30,  -30,  -11,  -16,  -16,  -28,  -45,  -28,  -27,  -13,  -13,    2,
     -24,  -24,  -30,  -30,  -11,  -11,  -30,  -11,  -11,  -27,  -24,  -24,  -24,  -24,  -24,  -24,
     -30,  -30,  -30,  -30,  -11,  -30,  -30,   -5,  -32,  -29,  -10,  -10,  -29,  -21,  -46,   -7,
     -46,  -23,    2,  -15,   -1,  -13,  -10,  -27,   -6,   -9,  -29,   -6,  -18,    5,   -6,  -60,
     -26,  -54,  -35,   -1,  -62,   -1,  -39,   -4,  -11,   -9,   -2,   -5,   -5,   -2,  -10,  -10,
     -35,  -24,   -1,  -38,  -14,  -30,  -23,  -37,  -22,  -31,  -36,   -4,   -4,   -4,   -4,   -4,
     -11,  -11,  -11,  -11,  -11,  -11,  -11,  -11,  -22,  -10,  -10,   -4,   -4,  -11,  -11,  -11,
     -11,  -11,   -2,   -2,   -5,   -2,   -2,  -11,  -11,   -2,   -2,  -10,  -60,  -10,  -10,   -2,
      -4,   -4,  -11,  -11,  -11,  -10,   -4,   -4,   -4,   -4,   -4,   -4,  -11,  -11,  -11,  -11,
     -11,  -11,  -38,  -23,  -45,  -46,  -48,  -42,   -9,   -1,   -1,   -1,   -1,   30,    2,    2,
       1,   -1,   -2,  -18,  -18,  -18,   -5,  -10,  -18,   -8,  -16,   -8,   -8,   -5,   -6,  -17,
     -21,  -31,  -47,   -5,  -15,   -3,   -6,   -6,   -6,   -4,   -5,   -4,  -13,   -4,  -24,   -3,
      -3,   -3,   -3,   -3,   -6,   -3,   -3,   -6,   -8,   -6,   -3,   -5,   -3,   -3,   -3,   -3,
      -3,   -3,   -3,   -3,   -4,  -18,  -18,   -2,   -8,  -25,  -37,   -2,  -37,   -3,  -23,  -28,
     -15,  -44,  -16,  -14,   -6,   -9,  -28,  -18,  -56,  -55,  -10,  -22,   -4,   -3,   -1,   -1,
     -10,  -10,  -10,   -5,   -3,   -8,   -5,  -17,   -2,   -2,   -8,  -61,   -4,   -4,   -4,   -4,
      -4,   -1,   -1,   -1,   -1,   -1,   -1,   -1,   -1,  -10,   -4,   -4,   -1,   -1,   -1,   -1,
      -1,  -10,  -15,  -10,   -1,   -1,   -6,   -4,   -4,   -1,   -1,   -1,   -4,   -4,   -4,   -4,
      -4,   -4,   -1,   -1,   -1,   -1,   -1,   -1,   -5,   -2,  -37,  -37,  -14,  -16,   -1,   -3,
     -21,  -14,   -2,   -9,   -6,   -7,  -10,  -26,  -19,  -16,  -16,   -6,  -18,   -8,  -12,   -2,
      -6,   -6,   -4,   -3,  -28,  -20,  -14,  -31,   -4,   -2,  -13,  -11,   -6,   -2,   -3,   -3,
      -9,   -6,   -4,  -26,   -4,   -3,   -4,   -4,   -3,  -31,  -16,  -18,  -16,  -16,  -54,  -26,
     -13,  -22,   -8,    2,  -38,  -20,  -57,  -29,   -2,  -56,  -36,    4,  -17,  -14,   -3,  -19,
     -11,  -14,  -16,  -12,  -13,   -8,  -38,  -19,  -13,  -26,  -26,  -36,  -23,  -28,  -26,  -13,
     -22,   -8,    2,  -38,  -20,  -57,  -29,   -2,  -56,  -36,    4,  -17,  -14,   -3,  -19,  -11,
     -14,  -16,  -12,  -13,   -8,  -38,  -19,  -13,  -52,  -26,  -36,  -23,  -31,   -4,  -13,  -18,
      -2,   -7,   -5,   -8,  -30,  -20,  -45,  -27,   -6,  -64,   -7,  -23,  -10,   -8,   -9,  -15,
      -1,   -2,   -7,  -30,   -1,   -1,  -15,  -15,  -13,  -23,  -11,  -17,   -4,  -13,  -18,   -2,
      -7,   -5,   -8,  -30,  -20,  -45,  -27,   -6,  -64,   -7,  -23,  -10,   -8,   -9,  -15,   -1,
      -2,   -7,  -30,   -1,   -1,  -15,  -29,  -13,  -23,  -11,  -35,   -4,  -13,  -18,   -2,   -7,
      -5,   -8,  -30,  -20,  -45,  -27,   -6,  -64,   -7,  -23,  -10,   -8,   -9,  -15,   -1,   -2,
      -7,  -30,   -1,   -1,  -15,  -28,  -13,  -23,  -11,    1,   19,   -2,    5,   -8,  -11,   -2,
      -5,   -7,   -6,   -3,   -3,   -9,   12,   20,    9,    9,    8,   -5,   -4,   -7,    8,  -15,
     -11,   -7,   -5,   32,    1,   23,    9,    9,   -7,   10,   -7,  -11,  -13,    6,  -13,   -2,
       4,   -2,   -3,  -11,   -5,   -5,   -7,   -6,   -3,   -3,   -9,   -5,   -4,   -7,  -15,   10,
     -11,   -7,   -5,   14,   -7,   10,   -7,  -11,    8,    1,  -13,   -2,    1,   12,   -2,    1,
      10,  -11,    6,   -5,   -7,   -6,   -3,   -3,   -9,   10,    2,    2,    2,   -5,   -4,   -7,
     -15,    4,  -11,   -7,   -5,    1,    2,    2,    2,   -7,   10,   -7,  -11,   -1,    4,  -13,
      -2,   -7,   -2,  -11,   -8,   -7,   -7,  -11,  -13,  -12,   -4,  -12,  -13,   -8,  -16,  -22,
     -17,  -19,  -27,  -10,   -8,   -8,   -9,   -3,  -10,  -10,   -9,  -11,  -12,   -8,  -10,   -5,
      -7,   -7,  -13,  -43,  -18,  -15,  -21,  -11,  -16,   -3,  -15,  -16,  -41,  -20,  -46,  -27,
     -21,  -73,  -16,  -36,  -14,  -13,  -10,  -15,  -15,   -1,  -14,   -2,  -14,  -16,  -41,   -1,
      -1,  -15,  -19,  -16,  -25,  -13,  -43,  -18,  -15,  -21,  -11,  -16,   -3,  -15,  -16,  -41,
     -20,  -46,  -27,  -21,  -73,  -16,  -36,  -14,  -13,  -21,  -15,  -30,   -1,  -14,   -2,  -14,
     -16,  -41,   -1,   -1,  -30,  -37,  -32,  -25,  -13,  -21,  -46,   -7,  -46,  -23,    2,  -15,
      -1,  -13,  -10,  -27,   -6,   -9,  -29,   -6,  -18,    5,   -6,  -60,  -26,  -54,  -35,   -1,
     -62,   -1,  -39,   -4,  -11,   -9,   -2,   -5,   -5,   -2,  -10,  -10,  -35,  -24,   -1,  -77,
     -14,  -30,  -23,  -37,  -22,  -31,  -36,   -4,   -4,   -4,   -4,   -4,  -11,  -11,  -11,  -11,
     -11,  -11,  -11,  -11,  -22,  -10,  -10,   -4,   -4,  -11,  -11,  -11,  -11,  -11,   -2,   -2,
      -5,   -2,   -2,  -11,  -11,   -2,   -2,  -10,  -60,  -10,  -10,   -2,   -4,   -4,  -11,  -11,
     -11,  -10,   -4,   -4,   -4,   -4,   -4,   -4,  -11,  -11,  -11,  -11,  -11,  -11,  -77,  -23,
     -45,  -46,  -48,  -42,   -9,  -28,  -26,   11,  -13,  -22,   -8,    2,  -38,  -20,  -57,  -29,
      -2,  -56,  -36,    2,    7,    4,  -17,  -14,   -3,  -38,  -11,  -14,  -16,  -12,  -13,   -8,
       2,    2,    7,  -38,    2,  -38,  -13,  -26,  -26,  -36,  -23,   -2,   -3,   -2,  -15,   -7,
      -3,   -1,   -4,  -14,  -19,  -40,  -28,   -4,  -59,   -1,   -6,   -2,   -2,   -6,   -3,  -14,
     -12,   -2,   -2,   -2,   -2,   -2,   -2,   -2,   -2,   -2,   -2,   -2,   -2,   -2,   -2,   -2,
      -3,   -2,   -2,  -14,   -2,   -2,   -2,   -2,   -2,   -2,   -2,   -2,   -2,   -3,  -15,   -3,
      -2,  -17,   -3,   -3,   -2,  -15,   -7,   -3,   -1,   -4,  -14,  -19,  -40,  -28,   -4,  -59,
      -1,   -6,   -2,   -2,   -6,   -3,  -14,  -12,   -2,   -2,   -2,   -2,   -2,   -2,   -2,   -2,
      -2,   -2,   -2,   -2,   -2,   -2,   -2,   -3,   -2,   -2,  -14,   -2,   -2,   -2,   -2,   -2,
      -2,   -2,   -2,   -2,   -3,  -15,   -4,   -2,  -17,   -5,   -3,   -2,  -15,   -7,   -3,   -1,
      -4,  -14,  -19,  -40,  -28,   -4,  -59,   -1,   -6,   -2,   -2,   -6,   -3,  -14,  -12,   -2,
      -2,   -2,   -2,   -2,   -2,   -2,   -2,   -2,   -2,   -2,   -2,   -2,   -2,   -2,   -3,   -2,
      -2,  -14,   -2,   -2,   -2,   -2,   -2,   -2,   -2,   -2,   -2,   -3,  -15,   -3,   -2,  -17,
       2,   34,   54,   63,   40,   -1,  -13,   -1,   50,   67,   -1,   75,   -1,   -1,    1,   64,
      17,   25,   64,   63,    1,    6,   10,    8,    5,    7,   62,  -16,   18,   -2,    1,   -1,
      -1,   -1,   -1,   -1,   -1,   -1,   -1,   17,   17,   17,   17,   -1,   -1,   -1,   -1,   -1,
       6,    6,   64,   -1,   -1,   -1,   -1,   -1,   -1,   -1,   64,   17,   17,   17,   17,   17,
      25,   64,   -1,   -1,    1,    1,    6,   10,   -1,   -1,   -1,   -1,   17,   17,   -1,    6,
      -1,   -1,   -1,   -1,   -1,   -1,   -1,   -1,   -1,   -1,   17,   -1,   -1,    7,  -13,   26,
      39,   -1,   -1,  -15,   -2,  -11,  -13,   -1,   -6,   -8,  -11,   -8,   -6,   -9,   -8,   -4,
      -2,   -8,   -7,  -11,  -15,   -4,  -12,   -7,   -2,   -6,   -4,   -4,   -4,   -4,   -4,   -4,
      -4,   -4,   -4,   -4,   -4,   -4,   -4,   12,   -2,   -4,   -4,   -8,   -4,   -4,   16,   -4,
       1,   -4,   -4,   -4,   -4,   -4,   -4,  -11,  -13,  -12,  -16,  -12,   -8,  -35,   -4,  -13,
     -18,   -2,   -7,   -5,   -8,  -30,  -20,  -45,  -27,   -6,  -64,   -7,  -23,  -10,   -8,   -9,
     -15,   -1,   -2,   -7,  -30,   -1,   -1,  -15,  -15,  -13,  -23,  -11,   -8,    1,  -18,   -3,
       1,    1,   -2,   -4,   -5,   -4,   -4,   -3,   -5,   -5,  -14,  -13,  -26,  -16,   -5,  -45,
      -2,   -2,   16,   -6,   -3,   -8,   -1,    1,    1,   -1,  -17,  -16,   -4,   -6,   -6,   -6,
      -6,   -6,   -3,   -3,   -3,   -8,   -3,   -3,   -3,   -3,   -3,   -6,   -6,   -3,   -3,   -3,
      -3,   -3,   -5,   -8,   -3,   -3,   -1,   -1,  -14,    1,   -6,   -6,   -3,   -3,   -3,   -6,
      -6,   -6,   -6,   -6,   -6,   -3,   -3,   -3,   -3,   -3,   -3,  -18,    1,    2,    2,   -2,
      -6,    4,    5,   -2,   -6,  -11,   -4,   -5,   -7,   -6,   -3,   -3,   -9,    4,    8,    1,
       1,   -5,   -4,   -7,    2,  -15,  -11,   -7,   -5,    1,    1,    1,   -7,   10,   -7,  -11,
     -11,    1,  -13,   -2,    3,   -2,   -1,  -11,   -1,   -5,   -7,   -6,   -3,   -3,   -9,    4,
      -5,   -4,   -7,  -15,    2,  -11,   -7,   -5,   -7,   10,   -7,  -11,  -10,  -13,   -2,    6,
      -2,    1,   -6,  -11,   -4,   -5,   -7,   -6,   -3,   -3,   -9,    4,    4,    2,    2,    1,
      -5,   -4,   -7,    4,  -15,  -11,   -7,   -5,    2,    2,    2,   -7,   10,   -7,  -11,  -12,
       1,  -13,   -2,   16,   -2,    8,    4,   20,   -8,   24,   27,    6,  -13,   -4,  -12,  -34,
       2,  -10,   -4,  -15,   -3,   -8,   -1,   -4,   -4,   -4,   -1,  -38,    4,   -5,   -9,   -2,
      -9,   -8,  -10,   -4,  -18,  -12,   -4,   -1,   -5,   -3,  -12,  -12,  -50,  -36,   -8,  -52,
      -3,   -3,  -28,  -12,  -33,   -4,  -73,   -4,   -4,   -4,   -4,   -4,  -18,  -18,  -18,  -17,
     -18,  -18,  -18,  -18,  -36,  -12,  -12,   -4,   -4,  -18,  -18,  -18,  -18,  -18,   -4,   -4,
      -1,   -3,   -4,  -18,  -18,   -3,   -3,  -12,  -18,  -24,  -12,   -4,   -8,   -4,  -18,  -18,
      37,  -18,  -12,   -4,   -8,   -4,   -4,   -4,   -4,  -18,  -18,  -36,  -18,  -18,  -18,  -52,
     -34,  -10,   -3,   -3,  -15,   -1,   -8,   -6,  -34,    2,   -7,  -10,  -12,  -16,  -37,  -20,
     -50,   -6,   -7,  -12,  -16,  -14,  -12,   -8,   -6,   -8,   -6,   -1,  -10,   -4,  -25,   -3,
     -32,   -4,   -1,  -10,   -7,   -7,   -7,   -7,   -7,  -12,  -12,  -12,  -19,  -12,  -12,  -12,
     -12,  -31,   -6,   -6,   -7,   -7,  -12,  -12,  -12,  -12,  -12,  -14,  -14,  -13,  -12,  -12,
     -12,  -12,   -8,  -12,   -8,   -6,  -14,   -7,   -7,  -12,  -12,  -12,   -6,   -7,   -7,   -7,
      -7,   -7,   -7,  -12,  -12,  -12,  -12,  -12,  -12,  -10,  -34,   -8,   -6,  -20,   -5,   -9,
     -17, -107,  -53,    6,    6,  -10,   -1,  -33,  -16,    2,    2,  -32,   -2, -111,  -10,  -25,
     -46,   -4,  -90,   -2,  -28,   -1,   -6,   -6,   -6,   -4,  -34,  -17,  -36,   -2,   -3,    1,
     -39,   -3,   -2,   -1,   -4,   -4,   -6,   -6, -110,   -6,   -4,   -2,   -2,   -4,  -36,  -57,
    -107,    6,    6,  -58,  -55,    4,   37,   57,   65,   42,  -11,    1,    1,   52,   69,   76,
       2,   65,   19,   27,   65,   65,    2,    2,    4,   10,   13,   11,    9,   10,    2,   64,
       3,  -14,   20,   -9,    2,   19,   19,   19,   19,   10,   10,   65,    4,   65,   19,   19,
      19,   19,   19,   27,   65,    2,   24,    4,    4,   10,    2,   12,   19,   19,    2,    2,
      10,   19,   10,  -11,   27,   40,   -8,  -17,   -2,  -17,  -17,  -35,  -17,  -15,  -21,  -11,
     -16,   -3,  -15,  -16,  -41,  -20,  -46,  -27,  -21,  -73,  -16,  -36,  -12,  -13,  -10,  -15,
     -15,   -1,  -13,   -2,  -14,  -16,  -41,   -1,   -1,  -15,  -37,  -29,  -25,  -13,  -14,    2,
     -12,  -14,  -32,  -34,  -32,  -12,   -2,  -27,  -20,  -35,  -22,  -20,   -1,  -14,  -16,  -34,
     -21,  -34,  -56,   -3,   -1,   -8,   -9,  -12,  -10,   -7,   -7,   -3,   -7,   -7,   -3,   -8,
     -10,  -25,  -33,   -9,   -9,   -9,   -9,   -9,  -12,  -12,  -12,   -3,   -3,   -3,   -3,   -9,
     -12,  -12,  -12,  -12,  -12,   -7,   -9,   -9,  -12,  -12,  -12,  -12,  -12,   -7,   -7,   -7,
     -20,   -3,   -3,   -3,   -3,   -3,   -7,  -19,  -12,  -12,   -3,   -8,   -8,  -14,   -7,   -9,
      -9,  -12,  -12,   -3,   -3,  -12,   -3,   -3,   -9,   -9,   -9,   -9,   -9,   -9,  -12,  -12,
     -12,  -12,   -3,  -12,  -12,  -34,    4,    4,  -32,  -32,   -3,    1,  -14,  -12,  -16,  -32,
     -34,  -32,  -12,   -2,  -27,  -20,  -35,  -22,  -20,   -1,  -14,  -16,  -34,  -21,  -34,  -56,
      -3,   -1,  -11,   -9,  -12,  -10,   -7,  -13,   -3,  -13,  -13,   -3,   -8,  -12,  -25,  -33,
      -9,   -9,   -9,   -9,   -9,  -12,  -12,  -12,   -3,   -3,   -3,   -3,   -9,  -12,  -12,  -12,
     -12,  -12,  -13,   -9,   -9,  -12,  -12,  -12,  -12,  -12,   -7,   -7,  -13,  -20,   -3,   -3,
      -3,   -3,   -3,  -13,  -19,  -12,  -12,   -3,   -8,   -8,  -14,   -7,   -9,   -9,  -12,  -12,
      -3,   -3,  -12,   -3,   -3,   -9,   -9,   -9,   -9,   -9,   -9,  -12,  -12,  -12,  -12,   -3,
     -12,  -12,  -34,    4,    4,  -32,  -32,   -3,    1,  -16,  -10,   -9,   -1,   -1,  -14,   -4,
     -10,   -2,   -8,  -10,  -19,  -20,  -45,  -27,   -6,  -56,   -6,  -27,    1,   -6,   -6,   -4,
      -2,   -9,   -7,   -7,  -10,   -2,   -1,   -2,   -2,   -2,   -6,   -6,  -10,   -6,   -4,   -4,
     -19,   -2,   -2,   -2,   -2,  -10,   -4,   -9,   -1,   -1,  -20,   -1,  -10,  -11,   -9,   -1,
      -1,  -16,   -4,  -10,   -2,   -8,  -10,  -19,  -20,  -45,  -27,   -6,  -56,   -6,  -27,   -2,
      -6,   -6,   -4,   -2,   -9,   -7,   -7,  -10,   -2,   -1,   -2,   -2,   -2,   -6,   -6,  -10,
      -6,   -4,   -4,  -19,   -2,   -2,   -2,   -2,  -10,   -5,   -6,   -1,   -1,  -20,   -1,   -2,
      -9,   -7,   -2,   -2,   -2,   -2,   -4,   -1,   -3,   -1,   -1,   -1,   -1,   -2,   -5,   -2,
      -6,   -5,   -2,   -8,   -1,   -4,   -4,   -4,   -4,   -4,   -1,   -1,   -1,   -1,   -4,   -4,
      -3,   -3,   -1,   -1,   -1,   -1,   -1,   -1,   -1,   -2,   -2,   -1,   -5,   -5,   -3,   -4,
      -4,   16,   -1,   -1,   -1,   -4,   -7,   -4,   -4,   -4,   -4,    1,   -1,   -6,   -3,  -19,
     -11,   -9,   -1,   -1,  -16,   -4,  -10,   -2,   -8,  -10,  -19,  -20,  -45,  -27,   -6,  -56,
      -6,  -27,   -2,   -6,   -6,   -4,   -2,   -9,   -7,   -7,  -10,   -2,   -1,   -2,   -2,   -2,
      -6,   -6,  -10,   -6,   -4,   -4,  -19,   -2,   -2,   -2,   -2,  -10,   -4,   -6,   -1,   -1,
     -20,   -1,    1,    6,    2,    1,    1,  -12,    1,    1,   -3,   -4,   -1,   -3,   -2,  -16,
     -15,  -34,  -20,   -1,  -48,   -3,    4,   -2,    4,   -4,   -4,   -1,   -1,    2,    2,   -2,
       1,    2,  -14,  -12,   -4,   -2,   -2,   -2,   -2,   -2,   -4,   -4,   -4,   -4,   -4,   -4,
      -4,   -4,   -4,   -1,   -2,   -2,   -4,   -4,   -4,   -4,   -4,   -1,   -3,   -1,   -3,   -4,
      -4,  -16,   -2,   -2,   -4,   -4,   -4,   -2,   -2,   -2,   -2,   -2,   -2,   -4,   -4,   -4,
      -4,   -4,   -4,    1,  -12,    2,    2,    1,    1,   -9,   -8,  -18,  -23, -102, -101, -102,
     -23,  -28,  -12,  -10,  -14,  -14,    2,  -13,  -57,   -5,  -53,   -3,   -3,  -55,  -82,  -95,
      -9,  -49,  -18,   -7,   -2,  -18,  -40,  -16,  -50,  -21,  -23,  -12,  -25,  -12,  -26,  -23,
     -92,  -49,  -30,  -78,   -5,   -9,  -51,  -51,  -52,  -50,  -55,  -81,  -82,  -81,  -10,  -18,
     -11,  -10,  -28,  -82,  -82,  -82,  -82,  -82,  -23,  -23,  -18,  -52,  -52,  -82,  -82,  -82,
     -82,  -82,  -48,  -49,  -15,  -10,  -11,  -11,   -7,  -22,    5,  -18,   -1,  -82,  -82,  -40,
     -44,  -46,  -21,  -21,  -23,  -25,  -23,  -49,  -42,  -52,  -73,  -82,   29,  -10,  -76,  -29,
     -38,  -20,  -55,  -35,  -52,  -52,  -52,  -52,  -82,  -82,  -55,  -82,   -7,  -68,  -82,  -26,
    -101,    2, -102, -102,  -17,    1,  -12,    1,   -2,   -3,   -4,   -1,   -3,   -2,  -16,  -15,
     -34,  -20,   -1,  -48,   -3,   -2,   -4,   -4,   -3,   -3,   -2,  -14,  -12,   -4,   -2,   -2,
      -2,   -2,   -2,   -4,   -4,   -4,   -4,   -4,   -4,   -4,   -4,   -4,   -3,   -2,   -2,   -4,
      -4,   -4,   -4,   -4,   -3,   -3,   -3,   -3,   -4,   -4,  -16,   -2,   -2,   -4,   -4,   -4,
      -2,   -2,   -2,   -2,   -2,   -2,   -4,   -4,   -4,   -4,   -4,   -4,  -23,    1,    1,    1,
      -9,   -8,  -31,   -2,   -3,  -16,  -12,  -21,   -4,  -22,  -16,  -45,  -26,  -54,  -25,   -4,
      -4,   -7,  -15,   -7,  -12,   -8,   -2,   -4,  -22,   -7,  -12,  -14,  -31,  -27,  -14,   -3,
      -2,   -8,   -6,   -3,   -4,   -7,  -13,  -20,  -42,  -24,   -1,  -56,   -2,   -4,   -1,   -1,
      -4,   -1,   -2,   -2,   -3,   -6,  -13,   -1,   -2,  -15,   -4,   -6,  -20,  -20,   -6,  -19,
      -3,  -15,   -5,   -3,   -7,  -25,   -4,   -3,   -4,   -2,   -7,   -3,   -3,   -3,   -3,   -3,
      -3,   -3,   -3,   -3,   -3,   -3,   -3,   -3,   -3,   -3,   -3,  -20,  -20,   -2,   -7,   -7,
       1,   -6,  -14,    1,    1,   -7,   -7,  -24,    5,   23,  -22,   28,    4,  -36,  -26,  -36,
     -21,  -21,   16,  -25,    1,   -4,  -22,    1,    1,   13,    7,   27,   22,    6,   26,    4,
      33,  -24,   38,  -17,  -17,  -10,  -15,   27,   53,   26,  -17,  -16,  -20,  -15,  -14,  -16,
     -15,  -18,  -18,  -21,   37,  -10,  -32,  -35,   -4,  -10,  -38,  -24,  -24,  -24,  -24,  -17,
     -17,  -17,  -35,  -17,  -17,  -17,  -17,  -14,  -14,   27,  -24,  -24,  -17,  -17,  -17,  -17,
     -17,  -15,  -15,   27,    1,   27,  -17,  -17,  -17,  -20,  -20,  -15,   13,  -15,  -14,  -21,
     -21,  -15,  -24,  -24,  -17,  -17,  -17,  -17,  -17,  -14,  -24,  -24,  -24,  -24,  -24,  -24,
     -17,  -17,  -17,  -17,    7,   47,  -17,  -18,  -26,    4,  -36,  -36,    3,    2,    1,    2,
     -16,   16,    2,    2,    1,    3,    2,    1,    2,    1,    1,  -18,    4,    1,    1,    2,
       2,    1,    1,    2,  -16,   11,    5,   -2,  -11,  -11,   -8,   -5,   -7,   -6,   -3,   -3,
      -9,   -5,   -4,   -7,  -15,  -11,   -7,   -5,   -7,   10,   -7,  -11,  -15,   -2,  -13,   -2,
       3,   -2,   -4,  -11,   -7,   -5,   -7,   -6,   -3,   -3,   -9,   -5,   -4,   -7,  -15,    5,
     -11,   -7,   -5,   -7,   10,   -7,  -11,  -13,   -2,  -14,  -12,  -16,  -32,  -34,  -32,  -12,
      -2,  -27,  -20,  -35,  -22,  -20,   -1,  -14,  -16,  -34,  -21,  -34,  -56,   -3,   -1,  -12,
      -9,  -12,  -10,   -7,   -7,   -3,   -7,   -7,   -3,   -8,  -12,  -25,  -33,   -9,   -9,   -9,
      -9,   -9,  -12,  -12,  -12,   -3,   -3,   -3,   -3,   -9,  -12,  -12,  -12,  -12,  -12,   -7,
      -9,   -9,  -12,  -12,  -12,  -12,  -12,   -7,   -7,   -7,  -20,   -3,   -3,   -3,   -3,   -3,
      -7,  -19,  -12,  -12,   -3,   -8,   -8,  -14,   -7,   -9,   -9,  -12,  -12,   -3,   -3,  -12,
      -3,   -3,   -9,   -9,   -9,   -9,   -9,   -9,  -12,  -12,  -12,  -12,   -3,  -12,  -12,  -34,
       9,    4,  -32,  -32,   -3,    1,  -39,    3,  -26,  -13,  -20,   -8,    2,  -38,  -20,  -57,
     -29,   -2,  -56,  -36,    8,    4,  -17,  -14,   -3,  -19,    8,  -11,  -14,  -16,  -12,  -13,
      -8,  -38,  -19,  -13,  -26,  -44,  -36,  -23,  -34,    4,  -26,  -13,  -18,   -8,    2,  -38,
     -20,  -57,  -29,   -2,  -56,  -36,    7,    4,    1,    1,    5,  -17,  -14,   -3,  -19,    5,
     -11,  -14,  -16,  -12,  -13,   -8,    1,    1,    1,  -38,  -19,  -13,  -48,  -41,  -36,  -23,
       2,   -8,    8,  -13,  -11,   -2,   -7,   -5,   -8,  -30,  -20,  -45,  -27,   -6,  -64,   -7,
     -23,   19,    5,    2,    2,    2,  -10,   -8,   -9,  -15,   -1,   19,   -2,    2,    2,   -7,
       2,  -30,   -1,   -1,  -15,  -29,  -17,  -23,  -11,    2,   -4,    8,  -11,  -10,   -2,   -7,
      -5,   -8,  -30,  -20,  -45,  -27,   -6,  -64,   -7,  -23,   15,   14,    7,    7,    7,  -10,
      -8,   -9,  -15,   -1,   11,   -2,    7,    7,   -7,    7,  -30,   -1,   -1,  -15,  -24,  -14,
     -23,  -11,   -2,  -11,  -11,   -8,   -5,   -7,   -6,   -3,   -3,   -9,   -5,   -4,   -7,  -15,
     -11,   -7,   -5,   -7,   10,   -7,  -11,  -16,   -4,  -13,   -2,  -33,  -11,  -15,  -20,  -11,
     -16,   -3,  -15,  -16,  -41,  -20,  -46,  -27,  -21,  -73,  -16,  -36,   -4,    1,  -13,  -10,
     -15,  -15,   -1,   -5,   -2,  -14,  -16,  -41,   -1,   -1,  -15,  -19,  -30,  -25,  -13,  -29,
     -11,  -15,  -18,  -11,  -16,   -3,  -15,  -16,  -41,  -20,  -46,  -27,  -21,  -73,  -16,  -36,
      -5,    1,    1,    1,    1,  -13,  -10,  -15,  -15,   -1,   -7,   -2,  -14,    1,    1,  -16,
       1,  -41,   -1,   -1,  -15,  -19,  -26,  -25,  -13,  -24,    5,   23,  -22,   28,    4,  -36,
     -26,  -36,  -21,  -21,   16,  -25,    1,   -4,  -22,    1,    1,   13,    7,   27,   22,    6,
      26,    4,   33,  -24,   38,  -17,  -17,  -10,  -15,   27,   53,   26,  -17,  -16,  -20,  -15,
     -14,  -16,  -15,  -18,  -18,  -21,   37,  -10,  -32,  -35,   -4,  -10,  -38,  -24,  -24,  -24,
     -24,  -17,  -17,  -17,  -35,  -17,  -17,  -17,  -17,  -14,  -14,   27,  -24,  -24,  -17,  -17,
     -17,  -17,  -17,  -15,  -15,   27,   32,    9,   27,  -17,  -17,  -17,  -20,  -20,  -15,   13,
     -15,  -14,  -21,  -21,  -15,  -24,  -24,  -17,  -17,  -17,  -17,  -17,  -14,  -24,  -24,  -24,
     -24,  -24,  -24,  -17,  -17,  -17,  -17,    7,   47,  -17,  -18,  -26,    4,  -36,  -36,    3,
       2,    1,    2,  -16,   16,    2,    2,    1,    3,    2,    1,    2,    1,    1,  -18,    4,
       1,    1,   28,    2,    2,    1,    1,    2,  -16,   11,    5,  -14,  -16,  -15,  -75,  -23,
     -39,  -16,   -3,  -34,  -23,   -3,  -36,  -25,  -24,   -3,  -14,  -17,  -29,  -19,  -45,  -47,
      -3,   -4,  -10,   -2,  -15,  -19,   -8,  -11,  -11,  -11,   -9,   -4,  -13,  -26,  -22,   -3,
      -3,  -10,  -10,  -10,  -10,  -10,  -15,  -15,  -15,  -17,  -15,  -15,  -15,  -15,  -15,  -11,
     -10,  -10,  -15,  -15,  -15,  -15,  -15,   -8,   -8,  -11,  -23,  -11,  -19,  -15,  -15,   -9,
      -9,  -14,   -4,   -4,   -8,  -10,  -10,  -15,  -15,  -15,  -10,  -10,  -10,  -10,  -10,  -10,
     -15,  -15,  -15,  -15,  -15,  -15,  -23,    1,  -76,  -76,   -2,   -7,    2,  -56,  -37,  -46,
     -31,  -17,  -14,   -3,  -23,  -15,  -14,  -14,  -23,  -20,  -33,  -18,  -19,  -51,  -16,  -43,
     -31,  -36,  -58,  -20,  -33,   -8,  -16,  -11,  -14,  -12,  -11,  -11,  -15,  -12,  -12,  -11,
     -23,  -19,  -32,  -26,   -8,  -28,  -24,  -32,  -16,   -8,   -8,   -8,   -8,   -8,  -14,  -14,
     -14,  -14,  -11,  -11,  -11,   -8,   -8,  -11,  -20,  -14,  -14,  -14,  -14,  -14,  -12,  -11,
     -15,  -12, -101,  -23,  -11,   -8,   -8,   -8,   -8,  -14,  -14,  -15,  -15,  -11,   -8,   -8,
      -8,   -8,   -8,   -8,  -14,  -26,  -56,  -52,  -53,  -18,  -21, -128,  -58,  -80,  -24,  -15,
     -10,   -3,   -3,  -44,  -45,    1,   12,    6,    2,   10,    1,  -17,   12,  -23,  -29,   -3,
     -17,    2,    2,    2,   -4,   -4,  -14,   -2,    1,   -2,  -14,   -4,  -41,  -11,  -59,  -60,
      -3,  -28,  -33,  -35,  -33,  -17,  -43,  -46,  -46,   31,    5,   27,  -15,  -46,  -23,  -23,
     -23,  -23,   17,  -17,  -32,  -23,  -23,  -23,  -23,  -46,  -33,  -32,    2,   16,   14,   15,
      15,    2,  -23,  -23,   -8,  -24,  -23,   -2,   -4,   -2,   -2,  -32,   -7,  -33,  -21,  -23,
      70,   11,  -34,   20,   -4,  -17,   -5,  -33,  -17,  -17,  -33,  -23,  -23,  -19,  -23,  -32,
     -23,    1,  -58, -128,  -80,  -18,  -19,  -11, -128,  -68,  -82,    2,  -31,  -16,  -15,  -10,
     -10,  -46,   -2,  -45,    1,   11,    4,    1,    9,  -27,   12,  -33,  -38,   -4,  -26,    2,
       2,    2,  -16,  -13,  -24,   -4,   -3,   -2,   -2,   -4,   -2,   -5,  -12,  -16,  -50,  -21,
     -62,  -62,   -2,   -4,  -48,  -51,  -50,  -47,  -27,  -61,  -65,  -62,   26,   25,   31,  -19,
     -64,  -65,  -33,  -65,  -33,   -3,   -3,   16,  -51,  -51,  -65,  -65,  -65,  -65,  -65,  -50,
     -50,    5,   22,   17,   12,   34,    2,   -1,  -33,  -33,  -30,  -41,  -42,   -4,   -4,   -3,
      -5,   -5,  -50,  -23,  -51,  -37,  -65,   61,   18,  -50,   -1,  -30,   -3,  -27,  -24,  -50,
     -50,  -50,  -50,  -33,  -65,  -38,  -65,  -52,  -33,   -2,  -68, -128,  -82,  -31,  -70,  -10,
      -4,  -80,  -16,  -13,   -1,    4,   10,   -3,  -32,  -16,  -30,  -17,  -51,  -27,  -54,  -39,
     -54,  -48,   -1,  -12,  -12,  -13,  -14,  -40,  -30,  -43,  -14,   -3,  -16,  -17,  -76,   -8,
       1,  -17,   -1,  -14,  -14,  -12,  -13, -102,  -13,  -14,  -14,  -43,  -16,  -80,  -79,  -73,
      -9,   -3,  -17,  -21,   -3,   -8,  -28,   -4,   -7,   -4,   -1,   -7,   -4,  -17,   -4,   -4,
      -7,  -18,  -21,  -13,    5,  -74,  -61,  -74,  -30,  -17,  -16,  -10,  -10,   10,  -14,    6,
     -16,  -47,  -19,  -56,  -61,  -74,  -74,    1,    1,    1,    1,    2,    1,    1,    2,  -13,
      -1,   -3,  -16,  -11,   18,   37,  127,   62,   61,  -23,  -34,  -23,   68,  -11,   49,    1,
      -8,   38,   47,    8,   48,   60,   80,   75,   59,   78,   40,   64,   68,   -8,  -10,  -13,
       1,   -6,   -4,   23,   62,   -4,   -4,   -4,    3,   45,   62,    2,   38,  -27,   53,   44,
      44,  -33,   58,   35,    1,    1,    3,  -13,   -6,    7,  -11,   -5,  -20,   -4,   74,   44,
      78,  -12,   -9,  -20,  -18,  -14,  -10,    8,    3,   -4,   -6,  -20,  -10,  -14,   -8,  -10,
     -10,    1,   55,   49,   66,   67,   69,   23,   86,   -4,  -15,  -17,  -11,   17,   -2,    9,
       3,   48,    3,    6,    9,   46,   -8,   35,  -17,  118,   58,   22,   71,   11,   34,  -10,
      46,   -2,  -14,   -9,   -2,  -18,  -14,   36,  -10,   30,   22,  -13,    6,  -34,  123,  127,
     -23,  -23,   74,   69,  -10,   35,    4,   -2,  -11,  -11,   -8,   -5,   -7,   -6,   -3,   -3,
      -9,   -5,   -4,   -7,  -15,  -11,   -7,   -5,   -7,   -7,  -11,   -8,   -2,  -13,   -2,
};

static const EpdLigaturePair libron_18_regularLigaturePairs[] = {
    { 0x00660066, 0xFB00 }, // f f -> U+FB00
    { 0x00660069, 0xFB01 }, // f i -> U+FB01
    { 0x0066006C, 0xFB02 }, // f l -> U+FB02
    { 0xFB000069, 0xFB03 }, // U+FB00 i -> U+FB03
    { 0xFB00006C, 0xFB04 }, // U+FB00 l -> U+FB04
};

static const EpdFontData libron_18_regular = {
    libron_18_regularBitmaps,
    libron_18_regularGlyphs,
    libron_18_regularIntervals,
    53,
    38,
    30,
    -8,
    true,
    libron_18_regularGroups,
    11,
    nullptr,
    nullptr,  // kernLeftClasses: built-in fonts use the split arrays below
    nullptr,  // kernRightClasses
    libron_18_regularKernLeftCodepoints,
    libron_18_regularKernLeftClassIds,
    libron_18_regularKernRightCodepoints,
    libron_18_regularKernRightClassIds,
    nullptr,  // kernMatrix: built-in fonts use the sparse form below
    libron_18_regularKernRowOffsets,
    libron_18_regularKernSparseCols,
    libron_18_regularKernSparseValues,
    451,
    455,
    166,
    174,
    libron_18_regularLigaturePairs,
    5,
};
