/**
 * generated by fontconvert.py
 * name: libron_16_bold
 * size: 16
 * mode: 2-bit  compressed: true
 * Command used: fontconvert.py libron_16_bold 16 ../builtinFonts/source/Libron/Libron-Bold.ttf ../builtinFonts/source/NotoSans/NotoSans-Bold.ttf --2bit --compress --pnum --zopfli
 */
#pragma once
#include "EpdFontData.h"

static const uint8_t libron_16_boldBitmaps[36711] = {
    0xAD, 0x9A, 0x3D, 0xAC, 0xE5, 0xC6, 0x79, 0xFE, 0x1F, 0x1E, 0x5A, 0x97, 0xF0, 0x9F, 0x30, 0xF8,
    0xAF, 0x02, 0xC5, 0x37, 0xC0, 0x34, 0xA9, 0x12, 0x64, 0xD9, 0x3A, 0xC0, 0xEE, 0x0E, 0x1D, 0x15,
    0x6E, 0xD3, 0xA4, 0x4A, 0xE1, 0xF4, 0x41, 0xB0, 0x4D, 0x0A, 0x17, 0x8A, 0x86, 0xB1, 0x7B, 0xF8,
    0x16, 0xEE, 0xD2, 0xA8, 0x48, 0x25, 0x04, 0x50, 0x93, 0x62, 0x0B, 0x69, 0x49, 0xC9, 0x45, 0x8A,
    0x34, 0xB4, 0x53, 0xBA, 0x08, 0x8B, 0x5B, 0xC4, 0x4E, 0xA1, 0x11, 0x4C, 0xCB, 0x5C, 0x8B, 0xE4,
    0x93, 0x79, 0x5E, 0xF2, 0xDE, 0x73, 0x77, 0x75, 0xA1, 0xD5, 0xD7, 0xD9, 0xE1, 0xEF, 0x99, 0x43,
    0xBE, 0xF3, 0xCE, 0xCC, 0x3B, 0x1F, 0x3C, 0xA3, 0xAB, 0x30, 0x72, 0xE2, 0xD4, 0xC5, 0x2E, 0x86,
    0xF4, 0xCF, 0x8F, 0xE9, 0xDF, 0x50, 0xF7, 0x75, 0xEF, 0xD2, 0xBF, 0xAA, 0x05, 0x80, 0xBA, 0x0F,
    0x51, 0x36, 0x21, 0xA6, 0xDC, 0x2F, 0x19, 0x3E, 0xA4, 0x4F, 0xE9, 0x83, 0x4D, 0xA9, 0x5F, 0xEB,
    0x36, 0xA5, 0xC5, 0x35, 0x0B, 0x10, 0xCB, 0x16, 0x59, 0xAC, 0x1A, 0x9C, 0xC6, 0x0A, 0xC8, 0x07,
    0x97, 0xD0, 0x3F, 0x10, 0x1E, 0x01, 0x45, 0xFF, 0x10, 0x8E, 0xE4, 0x62, 0x40, 0x85, 0xA7, 0x80,
    0xC3, 0x24, 0x44, 0xE0, 0x81, 0xF0, 0x28, 0x8B, 0xE8, 0x48, 0x46, 0x03, 0x9E, 0xE6, 0x3D, 0xF0,
    0xEF, 0x45, 0xC2, 0x54, 0xB6, 0xF7, 0x7A, 0x87, 0xAB, 0x9A, 0x17, 0xC0, 0x6B, 0x64, 0x24, 0x51,
    0x26, 0x34, 0x6E, 0x3E, 0xB1, 0xF5, 0x23, 0x7C, 0xE3, 0x07, 0x7C, 0x1B, 0x09, 0x80, 0x8F, 0xC2,
    0xD6, 0x00, 0x35, 0x13, 0x2B, 0x72, 0x42, 0x41, 0xAE, 0x40, 0x20, 0x81, 0xAC, 0x63, 0x0B, 0x14,
    0xEC, 0x01, 0x1C, 0x78, 0x3D, 0xA1, 0x0D, 0x4D, 0xC6, 0xA6, 0x1B, 0x4B, 0xCA, 0x6C, 0x81, 0x27,
    0x47, 0x5C, 0x90, 0xE7, 0xCA, 0x0D, 0x40, 0xAA, 0x10, 0x79, 0x84, 0x63, 0x44, 0x31, 0xC2, 0xFF,
    0x64, 0x41, 0xD5, 0x23, 0x60, 0x85, 0x07, 0x88, 0x0D, 0x6F, 0x21, 0x81, 0x58, 0x4C, 0xF2, 0x68,
    0x37, 0x93, 0xA1, 0x4C, 0x92, 0x21, 0xFC, 0x8F, 0x97, 0xDA, 0xBA, 0x11, 0x93, 0xA1, 0x9C, 0x2D,
    0xE5, 0xA6, 0xCC, 0x14, 0xD8, 0x23, 0x79, 0xDC, 0xAA, 0x08, 0x54, 0x1F, 0x2E, 0xF9, 0x04, 0xD4,
    0x6F, 0x2C, 0xF9, 0x0C, 0xBC, 0x95, 0xCF, 0x92, 0x45, 0x92, 0x0C, 0x73, 0xDD, 0x2C, 0xC6, 0x93,
    0x4C, 0x92, 0x47, 0x15, 0x48, 0x1E, 0x55, 0x3C, 0x79, 0x94, 0xB3, 0x0B, 0x5E, 0x03, 0x50, 0x0F,
    0x24, 0xEC, 0xE5, 0x38, 0xF5, 0x2D, 0x24, 0x39, 0x51, 0x81, 0x52, 0xB5, 0xFB, 0xB7, 0xBE, 0x6B,
    0xF5, 0xEC, 0xE3, 0xDD, 0x92, 0xD3, 0x5E, 0x0E, 0xA4, 0x5A, 0xD8, 0x48, 0x3A, 0x0E, 0x55, 0x44,
    0xF9, 0x09, 0xA7, 0x6A, 0x40, 0x1D, 0xBB, 0xA5, 0xEA, 0xE1, 0xC7, 0x9A, 0xAE, 0x41, 0x18, 0x2B,
    0x6E, 0x40, 0x37, 0xE6, 0x5C, 0x92, 0x44, 0x48, 0xC2, 0x04, 0xBF, 0x41, 0x57, 0xCD, 0x36, 0x5D,
    0x24, 0xAF, 0x51, 0x92, 0x9F, 0x90, 0xC8, 0xBA, 0x4D, 0x3E, 0xC3, 0x10, 0x7A, 0x7F, 0xFC, 0xAB,
    0xDB, 0xBA, 0x4D, 0xAE, 0x00, 0xE4, 0x0D, 0xE4, 0xBA, 0xC1, 0x86, 0xD3, 0x82, 0x62, 0x42, 0x15,
    0xE1, 0x46, 0x0D, 0xA9, 0xEF, 0x11, 0x7A, 0x74, 0x29, 0xB5, 0x37, 0x49, 0x77, 0x94, 0xD2, 0xA3,
    0x7A, 0x48, 0x66, 0x32, 0x56, 0x70, 0x2C, 0xEA, 0xF0, 0x72, 0x25, 0x87, 0xF6, 0xF9, 0x13, 0xC0,
    0x03, 0xAE, 0x47, 0x69, 0x36, 0xD9, 0x0A, 0xA8, 0x5F, 0x0D, 0xBC, 0x95, 0x57, 0x05, 0x23, 0xEA,
    0x3B, 0xC9, 0xDF, 0xAD, 0xB5, 0x01, 0x55, 0x24, 0x9F, 0x55, 0xDC, 0x25, 0x73, 0x39, 0xB4, 0x4F,
    0x06, 0x94, 0x2D, 0xAA, 0xE6, 0x81, 0x6B, 0x6A, 0xA2, 0x20, 0x33, 0xF2, 0xC4, 0xEB, 0x92, 0x8D,
    0xFB, 0x69, 0xFB, 0x9D, 0xA2, 0x87, 0xE6, 0x36, 0xD4, 0x92, 0x97, 0x2F, 0x4F, 0x4E, 0x37, 0xD7,
    0x7D, 0xCF, 0x75, 0x15, 0x53, 0xB5, 0xB8, 0xD5, 0x6D, 0xF9, 0x9A, 0x6A, 0x5F, 0xB2, 0x29, 0x8F,
    0x55, 0xEF, 0xF1, 0x3A, 0xC8, 0x7E, 0x4F, 0x6E, 0xF0, 0x31, 0xCC, 0x61, 0xF6, 0xD1, 0x0D, 0x40,
    0x95, 0xAE, 0x5A, 0xD3, 0xAB, 0x05, 0x02, 0xAC, 0x87, 0x58, 0x61, 0x01, 0xD1, 0xDC, 0x29, 0x34,
    0xA9, 0xE2, 0x57, 0x32, 0x3B, 0xA6, 0x93, 0x27, 0x61, 0x0B, 0x6F, 0x40, 0xCE, 0xB6, 0x8B, 0x9A,
    0x69, 0x7E, 0x41, 0xB5, 0xC0, 0x2D, 0xA8, 0x67, 0x54, 0xE9, 0xEB, 0x8C, 0x92, 0xF0, 0xD3, 0x99,
    0x61, 0x42, 0x71, 0x1F, 0x0F, 0x1B, 0xB3, 0xAF, 0x93, 0x93, 0x15, 0x2E, 0x31, 0xA5, 0x4D, 0xAE,
    0x0A, 0xF3, 0xAF, 0xBA, 0x7A, 0x20, 0x70, 0xB3, 0x36, 0x8C, 0x89, 0x39, 0x81, 0x9A, 0x38, 0x91,
    0x70, 0xB4, 0x75, 0x0A, 0xFF, 0x2F, 0xC4, 0xFF, 0x2F, 0x09, 0x7C, 0x95, 0xCB, 0xB1, 0x29, 0xC8,
    0xC5, 0x36, 0x87, 0x13, 0xD5, 0xE7, 0x94, 0x01, 0xC9, 0x26, 0x57, 0xE5, 0xA5, 0x50, 0x4D, 0x25,
    0x07, 0xD7, 0xE7, 0x1C, 0xEA, 0x26, 0xE3, 0xE0, 0x91, 0xB1, 0xC7, 0x8E, 0x13, 0xD5, 0xA6, 0x35,
    0xA1, 0x9A, 0xB0, 0x07, 0x0C, 0xCF, 0x6C, 0x2D, 0x27, 0x94, 0xFA, 0xF6, 0x00, 0x00, 0x3A, 0x72,
    0x39, 0x91, 0x9C, 0xE5, 0x6F, 0xAA, 0x6E, 0x10, 0x71, 0xC9, 0x66, 0x5F, 0x74, 0xB9, 0xED, 0x96,
    0xE4, 0x86, 0x7A, 0x74, 0x84, 0x57, 0x47, 0x1F, 0x23, 0xDF, 0xF0, 0x2D, 0xE4, 0x0B, 0x80, 0x42,
    0x0E, 0x9F, 0xB4, 0x40, 0xC5, 0x49, 0xD8, 0x80, 0xFF, 0xF7, 0x2E, 0x1B, 0x5B, 0xC0, 0x00, 0x3E,
    0xBB, 0x95, 0x21, 0x67, 0xC3, 0xD1, 0x6D, 0xAA, 0x7B, 0x86, 0x27, 0x07, 0x94, 0x36, 0x8A, 0x70,
    0x4C, 0xF0, 0x42, 0x67, 0xE3, 0x99, 0x90, 0x0B, 0xD5, 0xFF, 0x26, 0xD4, 0xFF, 0x99, 0x10, 0xCA,
    0x84, 0x35, 0xE1, 0x34, 0x27, 0x14, 0x31, 0xA1, 0xEA, 0x13, 0x7C, 0x23, 0x90, 0xE4, 0x19, 0x16,
    0xC6, 0x97, 0xA1, 0xB0, 0x42, 0x71, 0xDD, 0xE1, 0xC8, 0x11, 0x35, 0x39, 0xA8, 0x70, 0xBF, 0x23,
    0x90, 0x2D, 0xDE, 0x07, 0x80, 0xE5, 0x06, 0x19, 0xAF, 0x80, 0x93, 0xEE, 0xE7, 0xE4, 0x2C, 0x6C,
    0xC0, 0xDF, 0x92, 0x8D, 0x9C, 0xB6, 0x47, 0xC4, 0xD1, 0x19, 0xDA, 0x6F, 0x27, 0x34, 0xBE, 0x85,
    0xE6, 0x53, 0xB9, 0xCA, 0xE7, 0xBC, 0x57, 0x71, 0xC1, 0xE7, 0xB8, 0xFD, 0x74, 0x47, 0x7F, 0x33,
    0xCE, 0x40, 0x25, 0x4F, 0x61, 0x3A, 0x62, 0x56, 0x10, 0xD0, 0xB4, 0x03, 0x6A, 0x55, 0xEE, 0x67,
    0x37, 0xC3, 0xFF, 0x8E, 0x6C, 0xC2, 0xA7, 0xE4, 0x10, 0xB6, 0x13, 0x63, 0x98, 0xA1, 0xF7, 0x25,
    0xBC, 0x61, 0xF2, 0x53, 0xCA, 0xF9, 0x39, 0x21, 0x95, 0xE8, 0xC6, 0x8A, 0xC9, 0x4F, 0x41, 0xB5,
    0x4F, 0x9D, 0xC4, 0x25, 0xAF, 0x2C, 0x38, 0xF1, 0x5E, 0x00, 0x7E, 0x7C, 0x0C, 0x84, 0xFE, 0x21,
    0xC0, 0xF6, 0x7B, 0xDA, 0x8D, 0xF7, 0xD9, 0x8C, 0xC2, 0xA6, 0xCF, 0x92, 0xE0, 0xA6, 0x9B, 0x77,
    0x57, 0x37, 0x26, 0xEC, 0x13, 0xAC, 0x3D, 0xCC, 0xCA, 0x97, 0xDA, 0x2B, 0xDB, 0x4E, 0xB6, 0x97,
    0x1A, 0x56, 0x92, 0xB0, 0x19, 0x9B, 0x2C, 0xBA, 0xC1, 0x45, 0xF8, 0x31, 0xA1, 0x1E, 0xEB, 0x84,
    0xA1, 0x9E, 0xE1, 0x7B, 0xC7, 0xAB, 0xEE, 0xCE, 0x9B, 0xF0, 0x44, 0x05, 0xBA, 0x23, 0xC7, 0x22,
    0x5E, 0x32, 0xBA, 0x1E, 0x61, 0xF2, 0x3D, 0xDC, 0x14, 0x7A, 0x54, 0x07, 0x46, 0xD4, 0xEA, 0x6F,
    0x37, 0x3A, 0xD2, 0xBA, 0xBA, 0x01, 0x4F, 0x34, 0x48, 0x97, 0x5B, 0x23, 0x07, 0xD3, 0x31, 0x63,
    0x97, 0x92, 0x4D, 0x88, 0x7A, 0x95, 0x8C, 0x19, 0x7B, 0x0E, 0xE0, 0x20, 0x8C, 0x1C, 0x85, 0x08,
    0xC6, 0x6E, 0x2E, 0xF6, 0x40, 0x24, 0x57, 0x4B, 0xAA, 0x92, 0x23, 0x07, 0xFC, 0x8D, 0x0D, 0x68,
    0xCE, 0xF6, 0xEE, 0x60, 0xF8, 0x59, 0xA3, 0x35, 0xDA, 0x14, 0x4A, 0x99, 0x49, 0x06, 0x9A, 0xE6,
    0x23, 0x8E, 0x4F, 0x39, 0xD6, 0xB3, 0x5F, 0xFC, 0x52, 0xCF, 0xE5, 0x08, 0xDC, 0x77, 0xF7, 0x3E,
    0x8B, 0xAC, 0x71, 0x93, 0xEE, 0xB9, 0x25, 0x5F, 0x4E, 0x73, 0x1E, 0xF3, 0x51, 0x7B, 0xE9, 0xF7,
    0xCE, 0x0E, 0x7E, 0x04, 0x14, 0x33, 0xD0, 0x69, 0x43, 0x1A, 0xD0, 0xAD, 0xBB, 0xE8, 0x4E, 0xBF,
    0x0F, 0x47, 0x60, 0x83, 0x0B, 0xB5, 0xA7, 0xA6, 0x3A, 0xAF, 0xCC, 0x0C, 0x9C, 0xD2, 0x85, 0xD7,
    0x01, 0xBC, 0xB8, 0xA3, 0x1F, 0x9F, 0x7B, 0xEE, 0xAB, 0x22, 0x84, 0x36, 0x5D, 0xB3, 0xFA, 0x38,
    0x40, 0x75, 0xA1, 0xB4, 0xCC, 0x92, 0x32, 0x8B, 0xC6, 0x57, 0xFE, 0x55, 0x4F, 0x91, 0xC4, 0xB3,
    0x41, 0xB8, 0x86, 0xDE, 0xEC, 0xF8, 0xBB, 0x9B, 0xDE, 0x74, 0xBC, 0x52, 0xEC, 0x6D, 0xDE, 0xB3,
    0xF5, 0xF3, 0x89, 0x63, 0xDD, 0x23, 0xC4, 0xD7, 0x6C, 0x62, 0x1C, 0x08, 0x51, 0xBB, 0x66, 0x44,
    0x4E, 0x8E, 0x42, 0x9F, 0xA0, 0x9D, 0x7E, 0x45, 0x82, 0x2D, 0x38, 0xE1, 0xFC, 0x51, 0x5F, 0x8E,
    0x69, 0x76, 0x8B, 0x52, 0xB0, 0x07, 0xB8, 0xE8, 0xB6, 0x46, 0x5E, 0xAD, 0x1F, 0xC5, 0xD6, 0x5C,
    0x10, 0xA8, 0x07, 0xC0, 0xF5, 0xB6, 0xE5, 0xE5, 0x31, 0x9B, 0xE4, 0x73, 0xCA, 0x2D, 0xE8, 0xEF,
    0x95, 0xE9, 0xF6, 0xC5, 0xDB, 0x0F, 0xAB, 0xA6, 0xE4, 0x4F, 0xC7, 0x47, 0x35, 0x6A, 0x7E, 0x34,
    0x3C, 0x78, 0x84, 0x30, 0x85, 0xFE, 0xC1, 0x43, 0xB0, 0x4F, 0xF2, 0xE6, 0x89, 0x4D, 0xD7, 0x3E,
    0x78, 0x2F, 0x27, 0xD8, 0xFC, 0xC5, 0x7B, 0xC5, 0x7A, 0x22, 0x1E, 0xBE, 0x57, 0x2E, 0xF9, 0x2E,
    0xDF, 0xD9, 0xF0, 0xF4, 0xCD, 0x72, 0xFD, 0xCB, 0x35, 0x8B, 0x6F, 0x96, 0x8C, 0x5B, 0x31, 0x3C,
    0xCA, 0xD9, 0x93, 0xCD, 0x63, 0xD8, 0x4B, 0xA2, 0x86, 0x7D, 0xAA, 0xDE, 0xA4, 0x88, 0xAA, 0x7D,
    0xEF, 0x5D, 0x0D, 0x85, 0xEC, 0xD2, 0x02, 0x4B, 0x0E, 0xD0, 0xB4, 0xBD, 0x36, 0x5B, 0xB6, 0x12,
    0x47, 0x2B, 0x53, 0xDB, 0x23, 0x78, 0x46, 0x49, 0xE8, 0x4C, 0xDE, 0x0F, 0xB3, 0x64, 0xF1, 0x7B,
    0x84, 0x6A, 0xF9, 0xCB, 0xA7, 0x8A, 0x92, 0x68, 0x52, 0xC6, 0x42, 0x6E, 0xAA, 0x21, 0x67, 0xAF,
    0xEE, 0x1F, 0xEF, 0x0D, 0x72, 0x94, 0x2F, 0xCA, 0x5B, 0xA0, 0x45, 0x69, 0x03, 0xE4, 0x66, 0x95,
    0x58, 0xC8, 0xDD, 0x86, 0x7C, 0xB6, 0xD0, 0x16, 0x26, 0xAD, 0x27, 0xD0, 0x31, 0x1E, 0x12, 0xCC,
    0x89, 0xB8, 0xA2, 0xE0, 0xBE, 0xA6, 0xFB, 0x64, 0x95, 0x78, 0x5F, 0x6A, 0xF4, 0x54, 0x36, 0xE4,
    0x6C, 0xBC, 0x36, 0x5A, 0xA9, 0xC2, 0x6C, 0x32, 0x8E, 0x89, 0x60, 0xBC, 0x97, 0x7A, 0x2A, 0xCB,
    0xC1, 0x4A, 0xB5, 0x21, 0x61, 0x83, 0x38, 0x5A, 0xC4, 0xFE, 0x75, 0x0F, 0x5F, 0x8F, 0x20, 0x6A,
    0x2D, 0x86, 0x41, 0x3D, 0xAF, 0x86, 0x6A, 0x03, 0x8A, 0xC1, 0x2D, 0x5A, 0x57, 0x16, 0x27, 0xF8,
    0x59, 0x0C, 0x13, 0xEE, 0xE7, 0x2C, 0xFA, 0xE5, 0xCC, 0x7A, 0x13, 0xB5, 0x23, 0x1F, 0x93, 0xBF,
    0xD1, 0xDC, 0xBC, 0xEC, 0xD1, 0x59, 0x8D, 0xCE, 0x68, 0xA3, 0xA6, 0x1B, 0x57, 0x38, 0x82, 0xB2,
    0xF7, 0xAF, 0x57, 0x07, 0x4B, 0x46, 0x09, 0xBA, 0xD9, 0xC4, 0x2F, 0x26, 0x6E, 0x33, 0xA9, 0x78,
    0x57, 0xCA, 0x57, 0x4B, 0x75, 0xC8, 0x66, 0xE2, 0x96, 0xBB, 0x3E, 0xBB, 0x88, 0x3D, 0x4C, 0x7B,
    0xED, 0x0D, 0x82, 0x05, 0x5C, 0x2D, 0xDB, 0x1A, 0x89, 0x6E, 0x06, 0x63, 0x69, 0x2C, 0xD8, 0xC0,
    0x1B, 0x6B, 0xE3, 0x6B, 0x10, 0x71, 0x2F, 0xC9, 0x78, 0x87, 0xE3, 0xFD, 0x96, 0x07, 0xAB, 0x5E,
    0x74, 0x46, 0xDF, 0x96, 0xB7, 0x83, 0xC6, 0xE6, 0xDC, 0x86, 0xD5, 0x50, 0x0A, 0x05, 0x01, 0xC3,
    0x3F, 0x09, 0x8F, 0x04, 0xDC, 0x0F, 0xB2, 0xBF, 0x45, 0xFB, 0x39, 0x76, 0x09, 0xA5, 0xBD, 0x44,
    0xF7, 0xEE, 0xDB, 0x48, 0xFE, 0x3D, 0xAF, 0x6F, 0x96, 0x59, 0x10, 0x35, 0x4F, 0x9E, 0x7C, 0x66,
    0x9E, 0x00, 0x9F, 0x33, 0x4F, 0x2E, 0xDE, 0xB9, 0x4A, 0xAC, 0x38, 0x86, 0x59, 0x94, 0x4D, 0x37,
    0xCA, 0xDE, 0x8F, 0xF5, 0x2A, 0x56, 0x14, 0x4B, 0xF6, 0x89, 0x39, 0x67, 0x84, 0x11, 0x9D, 0x45,
    0xCB, 0x59, 0xBD, 0x78, 0xC2, 0x5F, 0xA3, 0xE3, 0x96, 0x91, 0xF3, 0x21, 0xA5, 0x3D, 0xBC, 0x3A,
    0x46, 0xF8, 0xCB, 0x08, 0xC9, 0x97, 0xE5, 0x4B, 0x7B, 0xD1, 0x5C, 0xA9, 0x34, 0x1E, 0xEB, 0xB9,
    0x49, 0x92, 0xC0, 0xCD, 0x56, 0x5B, 0xFF, 0x65, 0x53, 0x2A, 0x95, 0x9C, 0x25, 0x0F, 0x1A, 0xAC,
    0x71, 0x07, 0xC2, 0x6A, 0x61, 0xFD, 0x46, 0x30, 0xE3, 0x11, 0xFC, 0x84, 0xAE, 0x65, 0x44, 0x47,
    0x05, 0x9A, 0x1B, 0x50, 0xF2, 0x6D, 0x1C, 0x81, 0x6D, 0x0F, 0xB1, 0xC0, 0x3E, 0xB7, 0x8E, 0xD6,
    0x83, 0x49, 0xD7, 0x48, 0x4E, 0x2B, 0x24, 0xC5, 0x6C, 0xE2, 0x46, 0x93, 0xD0, 0x9A, 0x10, 0x12,
    0xDE, 0x48, 0xBF, 0x8B, 0x99, 0x7C, 0xC8, 0x69, 0x37, 0x59, 0x4C, 0x3C, 0x4D, 0x1C, 0x5B, 0x49,
    0xC9, 0x41, 0x92, 0x33, 0x4A, 0xC0, 0x63, 0x39, 0x6E, 0x08, 0xF6, 0xE6, 0x8B, 0x8A, 0x47, 0x90,
    0x2C, 0x80, 0x41, 0xE5, 0x14, 0xFF, 0x6F, 0x08, 0xAF, 0x09, 0x6F, 0x25, 0x64, 0x5B, 0x79, 0xB3,
    0xB4, 0x96, 0x4E, 0x70, 0x8A, 0x4E, 0x45, 0x36, 0x8E, 0xDC, 0x33, 0x45, 0xBA, 0xE0, 0xF8, 0x1C,
    0x20, 0x5B, 0x35, 0x0E, 0x19, 0xD9, 0xEF, 0x99, 0x2D, 0x65, 0x42, 0x37, 0x21, 0x7B, 0xCE, 0x11,
    0xCF, 0x42, 0xCA, 0xCC, 0x8C, 0x58, 0x53, 0xE6, 0x94, 0x32, 0xD9, 0x62, 0x99, 0x30, 0xA5, 0x6B,
    0x4E, 0x19, 0xBF, 0xE4, 0x93, 0x4F, 0x99, 0x29, 0x65, 0x62, 0xCA, 0xE4, 0x93, 0x5B, 0xCB, 0xD1,
    0x32, 0xD5, 0x56, 0x0D, 0x7B, 0x86, 0x55, 0xAF, 0xDD, 0x29, 0x96, 0xFC, 0x61, 0x6B, 0x99, 0x9C,
    0x5D, 0x73, 0x64, 0x08, 0xCB, 0x9C, 0x48, 0xD4, 0xCA, 0x80, 0xAB, 0x32, 0xE5, 0xA4, 0x08, 0xFA,
    0x0D, 0x1D, 0xD1, 0x2D, 0x39, 0x39, 0x92, 0x4D, 0x98, 0x53, 0x26, 0x7A, 0x4E, 0x08, 0x1C, 0xBC,
    0x9E, 0x73, 0x28, 0xB9, 0xE1, 0x62, 0x85, 0x1C, 0x65, 0x8B, 0xA4, 0x95, 0x7C, 0xCA, 0x41, 0xF2,
    0x09, 0xA3, 0x64, 0xE2, 0x64, 0x12, 0x16, 0x13, 0xBF, 0x99, 0x38, 0x9A, 0x54, 0xFC, 0x67, 0x49,
    0xCE, 0x0F, 0x24, 0x27, 0x7E, 0x2C, 0x01, 0x7F, 0x67, 0xD2, 0xAD, 0x26, 0x9E, 0x26, 0x6E, 0x97,
    0x6A, 0x97, 0x22, 0x49, 0x91, 0xBA, 0x9E, 0x24, 0xB0, 0xC7, 0x21, 0xDD, 0x02, 0xE0, 0xC9, 0xB6,
    0xBF, 0x2A, 0x38, 0x27, 0x09, 0xA4, 0xFD, 0x08, 0xBB, 0x2E, 0x38, 0xD8, 0xCE, 0xC8, 0x88, 0x6A,
    0xB3, 0x69, 0xEC, 0xEC, 0x07, 0x94, 0x72, 0x70, 0x9B, 0x49, 0x45, 0x84, 0xE9, 0x65, 0x29, 0xCF,
    0xB2, 0x9B, 0xF8, 0x43, 0x96, 0x24, 0x2B, 0xEA, 0x15, 0xF2, 0x54, 0xD1, 0x7C, 0x96, 0x6C, 0xD1,
    0xC5, 0xBD, 0xBE, 0x7E, 0xDF, 0xF0, 0x01, 0xB8, 0xBD, 0x2D, 0x59, 0x77, 0xF3, 0x12, 0x68, 0xF7,
    0x17, 0xC3, 0xF9, 0x1D, 0x7C, 0xC9, 0x36, 0xF1, 0x74, 0xBC, 0x89, 0x87, 0x44, 0x9C, 0xA9, 0x3B,
    0xB7, 0x4F, 0x53, 0x0D, 0x7B, 0x29, 0x71, 0x31, 0x5E, 0x41, 0x96, 0x78, 0x05, 0x15, 0x00, 0xD8,
    0x7A, 0xB0, 0x85, 0x0A, 0xDC, 0x1F, 0xAA, 0x8C, 0xE3, 0x2B, 0x43, 0x35, 0x7D, 0xE1, 0x50, 0x2D,
    0x2F, 0x87, 0xAA, 0x3E, 0x42, 0x35, 0xA1, 0x54, 0xBF, 0xB4, 0x5C, 0xB7, 0x77, 0xD5, 0x3E, 0xD2,
    0xDA, 0xE4, 0xC9, 0x11, 0x2A, 0xF4, 0x33, 0x58, 0xCB, 0x07, 0x09, 0xB8, 0x98, 0x78, 0x36, 0x92,
    0x8A, 0xD7, 0xFB, 0x43, 0x4E, 0xD2, 0x8E, 0xB3, 0xA4, 0xD8, 0x7F, 0x01, 0x24, 0x5A, 0x4F, 0x78,
    0xF7, 0x17, 0x40, 0xC1, 0x41, 0x02, 0x8E, 0xBB, 0xC4, 0xF3, 0xB7, 0xB3, 0x1C, 0x96, 0xCD, 0x11,
    0x59, 0x93, 0x01, 0xE7, 0x6F, 0xBD, 0xA3, 0x49, 0xC9, 0x46, 0x92, 0xB3, 0xDD, 0xA5, 0xBF, 0x23,
    0x27, 0x89, 0x0D, 0xD8, 0x4D, 0x45, 0x81, 0x0B, 0xB8, 0xA1, 0xD3, 0xCA, 0xE2, 0x7E, 0x04, 0xCB,
    0xE4, 0xD8, 0xDE, 0xE1, 0x2E, 0xDD, 0x1C, 0x7D, 0x44, 0x29, 0xE4, 0x86, 0xB8, 0xEF, 0xB2, 0xEA,
    0x46, 0xCD, 0xC4, 0x8A, 0x64, 0xB3, 0x37, 0x25, 0x50, 0x5B, 0xC4, 0xBB, 0x9C, 0x8E, 0x53, 0x2A,
    0xFC, 0xFC, 0x08, 0xA8, 0x67, 0x9F, 0x30, 0xF9, 0x56, 0xA7, 0xCD, 0x21, 0xE3, 0x58, 0x93, 0x6A,
    0xAB, 0x96, 0xA6, 0xE6, 0x86, 0x05, 0x23, 0xBE, 0x40, 0x84, 0x98, 0xBF, 0x40, 0x24, 0x02, 0xDF,
    0x30, 0xB3, 0x6E, 0xB6, 0xC1, 0x62, 0x0F, 0x38, 0xD1, 0x93, 0xA8, 0x19, 0x25, 0x8E, 0xF1, 0x82,
    0x23, 0xB2, 0xAD, 0xC9, 0xF4, 0x78, 0xC5, 0x37, 0x25, 0xC3, 0x1D, 0x81, 0xC2, 0xB5, 0x24, 0x99,
    0x90, 0x27, 0xE9, 0xB6, 0xC6, 0xCD, 0xB7, 0xBF, 0xBB, 0xDD, 0xF9, 0xF5, 0x02, 0x00, 0x7F, 0xCE,
    0xD1, 0x1E, 0x35, 0x05, 0x57, 0x49, 0xCE, 0xD5, 0x8E, 0x70, 0x61, 0x80, 0xAC, 0x7D, 0x03, 0xF5,
    0x26, 0xC0, 0xE6, 0xF2, 0xB3, 0x24, 0xAB, 0xD5, 0xE0, 0x36, 0xAB, 0xA1, 0xA2, 0x9D, 0x7C, 0xCA,
    0x54, 0x6E, 0x02, 0x0A, 0xB6, 0x79, 0xDC, 0xA7, 0xCA, 0x08, 0x9C, 0x38, 0x54, 0x03, 0xD4, 0x98,
    0xAA, 0x37, 0xA9, 0xDB, 0x24, 0x41, 0xA3, 0x26, 0x6F, 0x26, 0xF5, 0xFA, 0x4C, 0x52, 0x6D, 0x8B,
    0x09, 0x4D, 0x0A, 0x4E, 0x92, 0x9C, 0x51, 0x72, 0x92, 0xD8, 0x39, 0x6E, 0x4E, 0xD2, 0x28, 0x17,
    0x16, 0xE5, 0xEC, 0xF4, 0x69, 0x7B, 0xB6, 0xCD, 0xB8, 0x0D, 0xE5, 0xA8, 0x3A, 0x41, 0xA2, 0x1A,
    0xB5, 0x9C, 0x33, 0xE5, 0x06, 0xE5, 0x4E, 0x64, 0xA3, 0x46, 0x30, 0xE6, 0xBF, 0x67, 0xEB, 0x2C,
    0x57, 0xFC, 0x96, 0xBD, 0x6B, 0x81, 0x6E, 0x2A, 0x3F, 0xE6, 0x50, 0x37, 0x6A, 0x5A, 0x35, 0x70,
    0xF4, 0x36, 0xBF, 0xAA, 0x9E, 0xD1, 0x72, 0x8B, 0xEB, 0xBB, 0x49, 0xB9, 0x7A, 0xA9, 0xDB, 0x30,
    0xBF, 0x65, 0x8D, 0xF6, 0xE9, 0xFE, 0xFB, 0x50, 0x14, 0x42, 0xBA, 0xFF, 0x9E, 0xF5, 0xE0, 0x19,
    0xDC, 0xBA, 0x28, 0xC7, 0x35, 0x5D, 0xFB, 0x39, 0x71, 0x39, 0x72, 0x45, 0xE2, 0xDE, 0xAB, 0x3C,
    0xD1, 0x3A, 0x66, 0x3C, 0xE7, 0x4E, 0xC7, 0x30, 0x0C, 0x35, 0xE3, 0x21, 0x05, 0x57, 0x9C, 0xB6,
    0x06, 0xDC, 0x6C, 0x14, 0x3D, 0x9B, 0xD2, 0x86, 0xAF, 0x77, 0x83, 0x7C, 0x47, 0xDF, 0xAA, 0xE8,
    0x4C, 0x00, 0x20, 0x17, 0x49, 0x50, 0x1D, 0xB2, 0x19, 0x25, 0x15, 0xA3, 0xC4, 0x5B, 0x13, 0x6C,
    0x21, 0x02, 0xD9, 0x16, 0xA8, 0x2A, 0x97, 0x9A, 0x3D, 0x50, 0xC5, 0x4A, 0xA6, 0xF5, 0x90, 0xDB,
    0x90, 0xB7, 0x90, 0x1B, 0xCA, 0x0F, 0x8A, 0x55, 0x32, 0xA4, 0x94, 0x93, 0xCB, 0x21, 0x24, 0xE1,
    0xD9, 0x93, 0x9B, 0xE4, 0x92, 0xA3, 0xCC, 0xAC, 0x23, 0x13, 0xC0, 0x19, 0xD5, 0xFE, 0x93, 0x4B,
    0x01, 0xAE, 0xA9, 0xB9, 0x83, 0x8A, 0xBD, 0x9D, 0x7C, 0xF9, 0x8B, 0x45, 0xB5, 0xF3, 0xF7, 0xD6,
    0x40, 0x5A, 0x03, 0xE5, 0x43, 0xE2, 0x6E, 0x76, 0x37, 0x11, 0xE5, 0x17, 0x96, 0xBD, 0x5C, 0x46,
    0xCE, 0xB7, 0xE2, 0x49, 0x6E, 0x2F, 0xB2, 0xD1, 0x24, 0x79, 0x8C, 0x8C, 0x13, 0x1E, 0x22, 0xE7,
    0x68, 0xE5, 0x7B, 0x2B, 0x6E, 0x6D, 0xD8, 0xC4, 0x6E, 0x6F, 0x5D, 0x04, 0xEE, 0x33, 0x59, 0x5F,
    0x30, 0x29, 0x5B, 0xED, 0xCE, 0x55, 0x5B, 0xB1, 0x4D, 0xDE, 0x65, 0x12, 0xAC, 0x2E, 0xDE, 0xE1,
    0x06, 0xB2, 0x3D, 0x12, 0xF0, 0xF5, 0xD2, 0xD9, 0x95, 0x46, 0xBC, 0xD6, 0xB0, 0x0D, 0x1A, 0xBA,
    0xFD, 0x3C, 0x9F, 0xCF, 0xC7, 0x7F, 0xA9, 0x58, 0x61, 0xC6, 0x08, 0x00, 0x3E, 0xCF, 0x30, 0xBB,
    0xCF, 0xD0, 0x0D, 0x9E, 0x47, 0x42, 0xFD, 0x75, 0xD3, 0xD9, 0xD5, 0x45, 0x0B, 0x38, 0x4D, 0xB0,
    0x68, 0x6F, 0x3E, 0x8B, 0xE1, 0xB2, 0xEA, 0x97, 0x1C, 0xF2, 0xC9, 0xA3, 0x88, 0x75, 0x5B, 0x0D,
    0x55, 0xEF, 0xFA, 0x72, 0xAC, 0xDB, 0x3C, 0xFA, 0x74, 0x97, 0x64, 0x7F, 0x73, 0xFD, 0xD9, 0x15,
    0x42, 0x44, 0x35, 0xDB, 0xFC, 0xDF, 0x80, 0x1A, 0xB8, 0xB4, 0x1F, 0x35, 0x4C, 0x77, 0xC9, 0x65,
    0xFF, 0xCF, 0x8C, 0xA1, 0xAF, 0x56, 0xF8, 0x36, 0xE1, 0x5B, 0x28, 0x37, 0x5B, 0x95, 0xB2, 0xDB,
    0x90, 0x33, 0xC1, 0xAD, 0xE9, 0x9E, 0x8F, 0x09, 0x61, 0x4C, 0xE8, 0xC6, 0x2A, 0x21, 0xD6, 0xFB,
    0xF4, 0x78, 0xBB, 0xE6, 0x7F, 0x71, 0x2A, 0xB6, 0xA6, 0x6B, 0x75, 0xB0, 0x06, 0x6A, 0x8A, 0x81,
    0xE7, 0x7C, 0x61, 0xCC, 0xEE, 0xE1, 0x07, 0x5D, 0x9B, 0xF8, 0xDF, 0x9C, 0x12, 0xC9, 0x35, 0xF1,
    0x0F, 0x1D, 0x13, 0xF5, 0x9E, 0x4C, 0xCC, 0xD9, 0x26, 0x9E, 0xD8, 0x67, 0x9F, 0x97, 0xCC, 0x46,
    0xF6, 0x43, 0xAE, 0xB2, 0x93, 0xDB, 0xCC, 0xDB, 0x62, 0x1C, 0x81, 0x27, 0x76, 0x7E, 0xBE, 0xE0,
    0x15, 0xD0, 0x71, 0xD9, 0xBB, 0x54, 0x2D, 0x05, 0x15, 0xD2, 0x0D, 0x7E, 0xC0, 0x9F, 0x22, 0x0C,
    0x00, 0xBA, 0xFE, 0x16, 0xC3, 0x01, 0xC5, 0x4E, 0x61, 0x17, 0x36, 0xFC, 0x31, 0x9C, 0xCA, 0x96,
    0xE4, 0x2C, 0xDF, 0x03, 0x50, 0x3F, 0x87, 0x3E, 0x7F, 0x24, 0xAB, 0x92, 0xA2, 0xE3, 0x39, 0x8F,
    0xEE, 0xDE, 0x97, 0xDB, 0x05, 0x99, 0xD8, 0x89, 0xB9, 0xB5, 0xB0, 0xDC, 0x4E, 0x89, 0x6E, 0x46,
    0xA2, 0x8F, 0xE8, 0x8C, 0x61, 0x3C, 0x52, 0xF7, 0x12, 0x93, 0x41, 0x14, 0xF7, 0xE4, 0x67, 0xB1,
    0xDE, 0x74, 0xB3, 0xE2, 0x8D, 0x4F, 0x36, 0x08, 0xCF, 0xEB, 0x44, 0x8D, 0x63, 0x76, 0x9C, 0xE5,
    0x26, 0x54, 0x53, 0xB5, 0xA0, 0x1E, 0xF3, 0x15, 0x7E, 0xC8, 0x37, 0x04, 0x92, 0xE8, 0xCE, 0xB0,
    0x5E, 0x8F, 0xB7, 0xBD, 0x9E, 0x85, 0xAD, 0xF9, 0xAE, 0x7A, 0x4D, 0xF5, 0x7A, 0x39, 0x7A, 0xED,
    0x56, 0x60, 0xFF, 0x4F, 0xB4, 0xB9, 0xBC, 0x3A, 0x9B, 0x46, 0x72, 0xDD, 0x0D, 0xA7, 0x09, 0xEC,
    0xD1, 0x08, 0x30, 0x78, 0x72, 0x12, 0x22, 0x2E, 0x05, 0xDD, 0xFB, 0xAA, 0xC8, 0xAC, 0x6E, 0x6E,
    0x07, 0xCC, 0xA1, 0x86, 0x78, 0x2A, 0x12, 0xE6, 0x6A, 0x2D, 0xF8, 0xD4, 0xCD, 0x27, 0xC2, 0x4D,
    0x19, 0x1B, 0x83, 0x7D, 0xD5, 0x03, 0x14, 0xFB, 0xEC, 0xB2, 0x2D, 0x7A, 0x6B, 0x50, 0xA8, 0xAB,
    0xD5, 0x68, 0x13, 0xFD, 0x9D, 0x9F, 0x59, 0xE0, 0x7A, 0x21, 0xE6, 0x72, 0x85, 0x67, 0xEF, 0x70,
    0x29, 0x07, 0x94, 0x8B, 0xEF, 0x91, 0x2F, 0xA1, 0x47, 0x31, 0x87, 0x09, 0x4F, 0xA2, 0x27, 0x39,
    0xC8, 0x0E, 0x59, 0xC7, 0xB7, 0xED, 0x2F, 0x25, 0x09, 0x14, 0xC9, 0x26, 0x31, 0x18, 0x4B, 0x63,
    0x7E, 0x0F, 0xBF, 0xCF, 0x36, 0xF1, 0x87, 0x36, 0x4A, 0xC7, 0x5C, 0x34, 0xFE, 0xBA, 0x5B, 0x65,
    0x53, 0x7D, 0x1D, 0x6A, 0x39, 0xC6, 0xC0, 0x21, 0xB1, 0xE3, 0x78, 0x9A, 0xB5, 0x90, 0x2B, 0xA6,
    0xA4, 0x4C, 0xFA, 0x7A, 0xFB, 0x21, 0x8F, 0x54, 0x12, 0xC5, 0x2B, 0x92, 0x6C, 0x82, 0x1C, 0x46,
    0xD4, 0x76, 0x3A, 0xA1, 0xA5, 0xCE, 0xBE, 0xDE, 0x7C, 0x0A, 0x4E, 0x7B, 0x42, 0x98, 0xE0, 0x2D,
    0xD5, 0xF7, 0xA6, 0xF8, 0x42, 0xF2, 0x96, 0xC2, 0x00, 0xF6, 0x05, 0xDB, 0x40, 0x3B, 0x2C, 0x5C,
    0x1D, 0x51, 0xED, 0x3E, 0x13, 0xD5, 0xC2, 0x98, 0xDF, 0xC7, 0xC0, 0x3E, 0xD1, 0x1B, 0x8B, 0xD9,
    0xA2, 0x31, 0x8A, 0xBE, 0x15, 0x37, 0x24, 0xFE, 0xD5, 0x2C, 0x72, 0x31, 0x6E, 0x46, 0x8A, 0x6F,
    0xB0, 0xB7, 0x71, 0x31, 0xFB, 0x6E, 0x12, 0xFD, 0x22, 0xBA, 0x4D, 0x2C, 0xE5, 0x76, 0xCA, 0x19,
    0x13, 0x91, 0xD2, 0x65, 0x7B, 0xC9, 0x96, 0xC9, 0x32, 0x19, 0xB0, 0xC9, 0xBF, 0x62, 0x92, 0x4F,
    0xCF, 0x19, 0x4F, 0x4F, 0x1B, 0xDC, 0x04, 0xB7, 0x38, 0xF6, 0xDD, 0x06, 0xAE, 0x81, 0xBF, 0x35,
    0xE7, 0xF6, 0x69, 0x6B, 0xFE, 0xC6, 0x0E, 0x38, 0x25, 0xE1, 0xA7, 0x13, 0xFB, 0x42, 0x9A, 0x7D,
    0x7D, 0x2D, 0x0F, 0x0D, 0xFC, 0x05, 0xB7, 0x8A, 0x4B, 0xC7, 0x5F, 0x92, 0x49, 0xB3, 0xA7, 0x27,
    0x36, 0x78, 0xB2, 0x54, 0x1C, 0xAD, 0x2D, 0x13, 0x3A, 0x5B, 0x0E, 0x55, 0x6A, 0xC7, 0x02, 0x6D,
    0x98, 0x46, 0xF7, 0xE5, 0x59, 0x1A, 0x03, 0x07, 0xB2, 0xEF, 0x38, 0x26, 0x22, 0xC5, 0x11, 0x38,
    0xFE, 0x4E, 0xB4, 0xD9, 0x22, 0x6D, 0x6A, 0x6D, 0x1E, 0x3E, 0x82, 0x83, 0x6D, 0x75, 0xB6, 0xD9,
    0xBD, 0x84, 0xA0, 0x8D, 0x51, 0x7B, 0xE4, 0xE0, 0x65, 0x6C, 0xC5, 0xCC, 0x81, 0xAD, 0x6D, 0xFB,
    0x8B, 0x11, 0xFE, 0x21, 0x63, 0x83, 0x82, 0x8E, 0x11, 0x5E, 0xAB, 0x2C, 0xD1, 0xAA, 0x50, 0x40,
    0x8F, 0x31, 0xCD, 0xCF, 0xA9, 0x4D, 0x3C, 0xBD, 0xC0, 0xBB, 0x8F, 0xEC, 0x87, 0xF8, 0x96, 0x38,
    0xD6, 0xFB, 0x6A, 0x9D, 0x12, 0x3B, 0x0E, 0x89, 0x3F, 0xD8, 0xCE, 0x33, 0xF0, 0x7E, 0xEE, 0xA7,
    0x66, 0xCF, 0xE5, 0x96, 0xC7, 0x1F, 0x47, 0x3B, 0x12, 0xE6, 0xAD, 0xB7, 0xBD, 0x7F, 0xB8, 0xB3,
    0xF7, 0x47, 0xD1, 0x7A, 0x29, 0x76, 0x77, 0x19, 0xCF, 0x0C, 0xB3, 0xE8, 0x37, 0x5B, 0x88, 0x3C,
    0xDE, 0xE5, 0x29, 0x9F, 0x73, 0x4E, 0xF7, 0x11, 0x86, 0x2F, 0x72, 0xC4, 0x52, 0xC0, 0x54, 0xEE,
    0x60, 0x1A, 0xFD, 0x39, 0x2C, 0x6E, 0xE3, 0xDA, 0x6D, 0x97, 0xE4, 0x5A, 0xF0, 0x0F, 0xFF, 0x56,
    0x10, 0xF8, 0x22, 0x57, 0x49, 0x20, 0x30, 0xA2, 0x93, 0xCF, 0x27, 0x9B, 0x86, 0x64, 0x70, 0xE4,
    0xE8, 0xC7, 0x62, 0x0C, 0x7D, 0x3E, 0x86, 0x11, 0x7F, 0xAD, 0x7D, 0xD7, 0x73, 0x43, 0xBD, 0x1F,
    0x60, 0x23, 0x9E, 0x70, 0x06, 0xC2, 0xFC, 0x8F, 0xA8, 0xE6, 0x37, 0xD3, 0x15, 0x74, 0x10, 0x55,
    0x19, 0xB2, 0xBD, 0xD4, 0x23, 0xD7, 0xC2, 0x76, 0x19, 0x9F, 0xAE, 0x90, 0xAE, 0xAE, 0x4D, 0x45,
    0x38, 0x75, 0xE9, 0xAA, 0xC9, 0x78, 0x62, 0x8B, 0x57, 0x5F, 0x3D, 0x32, 0x8E, 0xDF, 0xB2, 0x5F,
    0xB6, 0xAA, 0x33, 0x28, 0xE4, 0xCF, 0xD1, 0xB1, 0xE1, 0x82, 0x60, 0x2C, 0x6F, 0x57, 0xFC, 0xFC,
    0x15, 0xD8, 0x1A, 0x7F, 0x43, 0xF1, 0xF8, 0x5D, 0xF0, 0x11, 0x5B, 0x90, 0x15, 0x1B, 0xD4, 0x53,
    0x71, 0xAD, 0x6A, 0x2B, 0xB6, 0x3B, 0x1D, 0x71, 0x5A, 0x51, 0x24, 0x5A, 0xD9, 0x7C, 0x52, 0x0B,
    0xF3, 0xA8, 0x57, 0x5B, 0x39, 0x02, 0x1C, 0xAB, 0x5E, 0xA3, 0x23, 0xFA, 0xA9, 0x6E, 0x80, 0xDA,
    0xCE, 0x78, 0x6E, 0x79, 0x9C, 0x58, 0x6D, 0xEF, 0x1F, 0x27, 0x22, 0x68, 0xA0, 0x6F, 0xCE, 0x75,
    0xC8, 0x8C, 0xA0, 0x1C, 0x70, 0xA8, 0xA7, 0x4A, 0x6B, 0x6C, 0xF0, 0x73, 0xC9, 0x56, 0x2F, 0x85,
    0x05, 0xB6, 0x0A, 0x83, 0x34, 0x27, 0xBA, 0x2D, 0xB3, 0xD6, 0x93, 0x27, 0xD5, 0xFE, 0xFD, 0x4F,
    0x69, 0xF5, 0xFF, 0xF8, 0x13, 0xBE, 0x11, 0x01, 0xFE, 0xFC, 0x63, 0xFE, 0x7C, 0x94, 0x8E, 0xFC,
    0x0F, 0xE9, 0xAF, 0x86, 0xEE, 0x57, 0x03, 0xD0, 0x7D, 0xD4, 0x87, 0x8F, 0xD4, 0x36, 0xB6, 0x9E,
    0x49, 0x3D, 0x1B, 0xCF, 0x56, 0x0A, 0x47, 0xB5, 0x93, 0xA8, 0xA8, 0x96, 0xAE, 0xBB, 0x56, 0x0B,
    0xCA, 0x4D, 0x8F, 0xA3, 0xE7, 0xC1, 0x92, 0x7D, 0x69, 0x87, 0xB4, 0x6A, 0x00, 0x38, 0x79, 0x95,
    0x5E, 0x3A, 0x95, 0xB1, 0x1E, 0x95, 0xC7, 0xD9, 0x6E, 0x34, 0xC6, 0xDB, 0x9E, 0xBA, 0x8F, 0xB6,
    0x44, 0xAF, 0x70, 0x62, 0xCD, 0xD9, 0xE3, 0x34, 0xAB, 0xC3, 0xC9, 0x55, 0x37, 0x23, 0xAC, 0x19,
    0xD9, 0x84, 0xED, 0xC4, 0x23, 0xC2, 0x07, 0x6B, 0x36, 0x16, 0xE7, 0xC6, 0xE2, 0xAC, 0x08, 0x6B,
    0xFB, 0x54, 0xFF, 0xC6, 0x52, 0xBD, 0xD9, 0x23, 0x3C, 0x3B, 0x6B, 0x43, 0xDD, 0xA8, 0xDD, 0xDE,
    0x96, 0xC1, 0x5B, 0xE7, 0x08, 0x1B, 0x4F, 0xD6, 0x2A, 0x9C, 0x23, 0x0C, 0x74, 0xFD, 0x99, 0x6C,
    0xCC, 0x06, 0x2A, 0x65, 0x47, 0xC3, 0x6E, 0x2F, 0x3A, 0xD9, 0xED, 0x21, 0x11, 0x9B, 0xE0, 0xC9,
    0x55, 0x57, 0x20, 0x97, 0x37, 0xE1, 0xA7, 0x1F, 0x81, 0xA3, 0x9A, 0x64, 0x1B, 0x45, 0xB5, 0x69,
    0x9C, 0x35, 0xE2, 0xB8, 0x73, 0xFB, 0xBB, 0xE9, 0xF6, 0xE3, 0x74, 0xFB, 0xD9, 0x4D, 0x39, 0x5D,
    0xB8, 0x58, 0x34, 0xA0, 0xFC, 0x9F, 0x4C, 0x1B, 0x15, 0xF6, 0x94, 0x11, 0xB8, 0x93, 0x32, 0x1B,
    0x73, 0x1F, 0x13, 0x95, 0x7F, 0xE1, 0x11, 0xF1, 0x62, 0xA9, 0x6B, 0x78, 0xF9, 0x5C, 0x5F, 0xF5,
    0xF1, 0x57, 0x32, 0xBC, 0x24, 0xC0, 0x16, 0xBC, 0xF9, 0x5F, 0xA4, 0xD8, 0x58, 0xC2, 0x91, 0x42,
    0xAB, 0x6E, 0x94, 0x8B, 0x18, 0xDA, 0xF3, 0x7D, 0x33, 0x93, 0x7D, 0xD7, 0xAB, 0xAC, 0x56, 0xB7,
    0xBC, 0x25, 0x9F, 0xC5, 0x7C, 0x9A, 0x2A, 0xFE, 0xC4, 0x96, 0xB3, 0xFF, 0x01, 0x47, 0x9F, 0xAC,
    0xFE, 0x0F, 0xD5, 0x9A, 0x31, 0xAC, 0xE6, 0x58, 0x79, 0xFE, 0x7F, 0xB6, 0x99, 0x6B, 0x84, 0xFF,
    0x70, 0xFE, 0x45, 0x90, 0xB2, 0x8C, 0x76, 0x9D, 0x22, 0xC5, 0x06, 0x60, 0x9D, 0x32, 0x91, 0x66,
    0xF7, 0x18, 0x52, 0xA4, 0xD8, 0x22, 0x53, 0x40, 0x15, 0x45, 0x4A, 0x5F, 0x64, 0x9A, 0x14, 0x14,
    0xCB, 0xD8, 0x4B, 0x8A, 0xB4, 0x57, 0x69, 0x53, 0x64, 0x8B, 0x14, 0x51, 0x9A, 0xA5, 0x40, 0xD1,
    0x14, 0x3B, 0x63, 0x13, 0x4A, 0x8A, 0x98, 0xA4, 0x97, 0x1C, 0x34, 0x52, 0x14, 0x52, 0x70, 0x10,
    0x4E, 0xD6, 0x0B, 0xB6, 0x9F, 0xF8, 0xBC, 0xBE, 0xDF, 0x37, 0x77, 0x66, 0x16, 0x02, 0xC0, 0x00,
    0xF7, 0x5C, 0x9F, 0xE7, 0x77, 0xAE, 0x7D, 0x7C, 0xDE, 0xE7, 0x3D, 0xDF, 0xE7, 0x73, 0x8F, 0xC6,
    0x53, 0x8C, 0xD5, 0xE2, 0xF7, 0x9F, 0x6A, 0x29, 0x46, 0xAC, 0xE4, 0x43, 0x31, 0x16, 0xC1, 0x1D,
    0x3F, 0x53, 0x39, 0x57, 0xF3, 0xD1, 0xC3, 0x7A, 0xCD, 0x90, 0x8D, 0x90, 0xF5, 0x90, 0xF7, 0x5C,
    0x68, 0xA0, 0xD3, 0x92, 0x49, 0x5B, 0xB1, 0x56, 0x5B, 0x19, 0xFC, 0x5A, 0x8D, 0x77, 0x1E, 0xF8,
    0xF1, 0x3D, 0xFC, 0x38, 0xED, 0x35, 0xE0, 0xBF, 0x33, 0xE2, 0x7F, 0x30, 0xE0, 0xD5, 0x53, 0xA9,
    0x7F, 0xC9, 0x49, 0x5B, 0x2E, 0xCD, 0x89, 0x34, 0xE0, 0x57, 0xB8, 0x03, 0xBC, 0x05, 0x3C, 0x00,
    0x2E, 0xF4, 0x18, 0x1A, 0x6D, 0x24, 0x92, 0xDA, 0x4C, 0xD2, 0x50, 0x68, 0x28, 0x83, 0x53, 0x9D,
    0x4D, 0x4E, 0x24, 0x73, 0x21, 0xB8, 0xCC, 0x05, 0x64, 0x6A, 0xA1, 0x93, 0xE6, 0x43, 0xF0, 0x23,
    0x50, 0x0D, 0x51, 0xFA, 0x28, 0x2D, 0xE0, 0xE1, 0x08, 0x80, 0xA4, 0x39, 0x8D, 0x52, 0x48, 0x9A,
    0x9C, 0xA4, 0x60, 0x02, 0xF0, 0x2A, 0x17, 0xDC, 0xEF, 0xFE, 0xAE, 0xED, 0xA4, 0xDE, 0x4B, 0x94,
    0xFD, 0x23, 0x2A, 0x2A, 0xDE, 0xA0, 0xB4, 0xEA, 0xA9, 0xEC, 0x5C, 0xBC, 0x16, 0xFB, 0xC4, 0xBE,
    0xAF, 0x92, 0x03, 0xC4, 0x73, 0x75, 0xA3, 0x7A, 0x07, 0x8D, 0xB8, 0xD0, 0x44, 0x31, 0x41, 0xB7,
    0xE0, 0x7A, 0xA8, 0x64, 0x0E, 0x72, 0xF5, 0x0B, 0x90, 0xE8, 0x7D, 0x0B, 0xD7, 0xA8, 0x3D, 0x0C,
    0x69, 0x38, 0x03, 0xB7, 0xC1, 0x53, 0xF8, 0x29, 0xBA, 0x3C, 0x8F, 0x52, 0x35, 0x90, 0x49, 0xB3,
    0x85, 0xD5, 0x02, 0xEB, 0xF5, 0x82, 0x95, 0x67, 0xCE, 0x7D, 0x4C, 0x1F, 0x40, 0x77, 0x35, 0xDF,
    0x7D, 0xBE, 0xD1, 0x0D, 0x2E, 0xFA, 0xDF, 0x25, 0xC1, 0xA9, 0x86, 0x42, 0xDB, 0x25, 0xB9, 0xB4,
    0xD5, 0xA9, 0xA4, 0x31, 0x76, 0x9E, 0x8A, 0x0F, 0xEE, 0x69, 0xAE, 0x46, 0x9A, 0xC5, 0xF7, 0xB8,
    0xB9, 0x19, 0x70, 0x53, 0x37, 0x51, 0x86, 0x46, 0xFF, 0xD9, 0xB5, 0x3E, 0xC6, 0x2E, 0xA5, 0x8D,
    0x78, 0x47, 0xCB, 0x85, 0xD4, 0xB3, 0x6B, 0x9F, 0x40, 0xD7, 0x17, 0xC3, 0x2E, 0xEE, 0x83, 0x44,
    0xAD, 0x93, 0x74, 0x65, 0xB4, 0xD3, 0x25, 0x65, 0xDB, 0xE0, 0x07, 0xB5, 0xB1, 0x96, 0xAD, 0x07,
    0xEE, 0x6D, 0x16, 0x5F, 0x13, 0x34, 0x97, 0x89, 0x48, 0x66, 0x28, 0x7B, 0xFB, 0x0A, 0x8E, 0x45,
    0x5B, 0x6C, 0xE3, 0xE4, 0xE8, 0x34, 0x7E, 0xF9, 0xB5, 0x74, 0x4D, 0xC7, 0x3B, 0xAF, 0xE7, 0x13,
    0xE3, 0xE7, 0xEE, 0x14, 0x81, 0x77, 0x5E, 0xB9, 0xE3, 0x02, 0xEC, 0x3A, 0xC2, 0x27, 0xAC, 0x7D,
    0xA8, 0x9D, 0xFF, 0xF3, 0x57, 0x5E, 0x2F, 0xE6, 0xBD, 0xE7, 0x6B, 0xD9, 0x96, 0x8C, 0x77, 0x1C,
    0xD2, 0xF0, 0x56, 0xD1, 0xDE, 0x56, 0x3B, 0x1D, 0x23, 0x1F, 0x51, 0x2C, 0xE2, 0x29, 0xBA, 0x39,
    0x49, 0xBA, 0x81, 0x52, 0x13, 0xF7, 0x8B, 0x85, 0xF7, 0xB2, 0x05, 0xF6, 0x9A, 0x74, 0x0B, 0xD5,
    0x8F, 0x16, 0x9A, 0x3F, 0x5A, 0x50, 0xB6, 0xD0, 0xFD, 0xF1, 0xDE, 0xFE, 0x40, 0x75, 0x39, 0x3E,
    0xAA, 0xB1, 0x72, 0xCC, 0xEE, 0xA9, 0x62, 0xA5, 0x20, 0xEB, 0xA9, 0x7A, 0x37, 0xD2, 0xED, 0xD9,
    0xA6, 0x42, 0xAD, 0x5B, 0x33, 0xE1, 0x67, 0xB7, 0xD2, 0x05, 0xBF, 0xA0, 0xD1, 0x07, 0x14, 0xFC,
    0x44, 0x33, 0x55, 0x0B, 0xE5, 0x52, 0x6C, 0xE4, 0x5B, 0xAA, 0x3A, 0x51, 0xDD, 0xF5, 0xF8, 0xBE,
    0x1C, 0x71, 0x6D, 0x3E, 0x90, 0x92, 0xD4, 0x8D, 0x34, 0x9D, 0x2A, 0xA4, 0x1F, 0x5A, 0xA5, 0xFE,
    0x38, 0xA8, 0x56, 0xB0, 0xE7, 0xAF, 0x18, 0x2F, 0x26, 0x1C, 0xDC, 0xE1, 0x73, 0x7E, 0x7D, 0x99,
    0x3B, 0x65, 0xE9, 0xF8, 0x83, 0x43, 0x96, 0x62, 0x97, 0xD7, 0xDC, 0x71, 0xEE, 0x73, 0xD5, 0x9B,
    0x7F, 0x66, 0xFD, 0x8E, 0x3B, 0xEC, 0x5E, 0x1B, 0xC5, 0x6B, 0xD9, 0x8F, 0x7C, 0xA5, 0x54, 0xFD,
    0x46, 0xD1, 0xBF, 0x97, 0x0D, 0x5F, 0x4F, 0xC7, 0xAF, 0x27, 0xE3, 0xDE, 0xD8, 0x7F, 0x2D, 0x55,
    0xE7, 0x2B, 0x5C, 0xB4, 0xE0, 0xFA, 0xE7, 0xAA, 0x97, 0xA6, 0x53, 0xFD, 0xBF, 0xAE, 0x27, 0x5D,
    0x5B, 0x68, 0x2A, 0x35, 0xBF, 0x5E, 0x2C, 0xAF, 0x66, 0x33, 0x79, 0x88, 0x3D, 0xDE, 0x20, 0x09,
    0x14, 0x5A, 0xAB, 0x78, 0x2C, 0x89, 0xDA, 0x42, 0xE1, 0x95, 0x22, 0xFC, 0x76, 0xBC, 0xDA, 0xA2,
    0xC0, 0xDF, 0x2E, 0xA4, 0xF1, 0x78, 0x23, 0x9F, 0xBD, 0x42, 0xB1, 0xD5, 0xE9, 0x3F, 0x92, 0x0B,
    0xB7, 0x50, 0x8E, 0xF8, 0x96, 0xAF, 0x80, 0x86, 0x5C, 0x3F, 0xB7, 0x8C, 0x51, 0x3E, 0x78, 0x57,
    0x48, 0x52, 0x2D, 0xBD, 0xAF, 0x59, 0xFA, 0x67, 0x4D, 0xEB, 0x23, 0xBA, 0x76, 0x03, 0x30, 0xD1,
    0x13, 0xA9, 0xCF, 0xD2, 0x02, 0x5B, 0x6C, 0xD1, 0xC4, 0x9B, 0x73, 0x49, 0x3F, 0xC4, 0x49, 0x7F,
    0x35, 0x52, 0x99, 0xFA, 0x1F, 0xA3, 0x95, 0x69, 0x69, 0x9A, 0x9B, 0xD2, 0x99, 0xE2, 0x5E, 0x80,
    0xDE, 0xFA, 0x7C, 0x4D, 0x31, 0xF8, 0xC9, 0xCF, 0xFB, 0xCF, 0x54, 0x0C, 0xFC, 0x2E, 0x21, 0xEB,
    0x8B, 0xD9, 0x6D, 0x74, 0xFF, 0xDF, 0xBF, 0xF5, 0x7A, 0xF5, 0x98, 0x8E, 0x42, 0x78, 0xF1, 0x87,
    0x82, 0xE7, 0x8E, 0x0B, 0xD5, 0x4E, 0x63, 0xA2, 0x01, 0xA7, 0x05, 0xFF, 0x6D, 0xD1, 0xD4, 0x5D,
    0xBD, 0x6B, 0x2B, 0xBC, 0xD5, 0xD8, 0xEE, 0xEA, 0x0E, 0xFF, 0x8D, 0x8D, 0x52, 0x0B, 0xA9, 0x2E,
    0xB9, 0xF6, 0xE0, 0xD4, 0xA7, 0x0A, 0xC0, 0xCB, 0x14, 0xD0, 0xD4, 0x55, 0x8F, 0x1F, 0x5C, 0xA0,
    0x9C, 0x8A, 0x85, 0x62, 0xCB, 0x54, 0x67, 0x7A, 0x5B, 0x43, 0xA2, 0xA1, 0x0B, 0x68, 0xF0, 0x51,
    0x9A, 0x90, 0xAA, 0x57, 0xC8, 0x95, 0xAA, 0x75, 0x4B, 0xB6, 0x51, 0x05, 0x37, 0xDB, 0x73, 0x13,
    0x57, 0xF5, 0x9A, 0x8F, 0x72, 0x0B, 0x68, 0x20, 0x99, 0xC9, 0x05, 0x59, 0xA0, 0x12, 0x14, 0x03,
    0xBF, 0xD7, 0x41, 0xD9, 0xC2, 0x0E, 0x8F, 0xE1, 0xA1, 0x21, 0x99, 0x0D, 0x59, 0x30, 0x14, 0x83,
    0x21, 0x76, 0x4C, 0x74, 0xE9, 0x81, 0x42, 0xE1, 0x61, 0xB6, 0x10, 0x47, 0x74, 0x11, 0x59, 0xA8,
    0x22, 0x8A, 0xE1, 0x9F, 0x22, 0xDC, 0x37, 0xFE, 0x35, 0xC2, 0xE7, 0x5F, 0x88, 0x78, 0xE8, 0xA4,
    0x00, 0x8B, 0x21, 0x0B, 0xA4, 0x4B, 0xEC, 0x68, 0x70, 0x3D, 0xB7, 0xD5, 0xE2, 0xA1, 0x52, 0xFF,
    0xB4, 0x41, 0xFF, 0x8B, 0x1B, 0xCC, 0x37, 0x33, 0xE8, 0xD5, 0xC7, 0x11, 0x3B, 0x8D, 0x71, 0xC4,
    0xA9, 0x1A, 0xE3, 0x88, 0x43, 0x39, 0x60, 0x71, 0x7B, 0x1B, 0xF1, 0x3E, 0x24, 0x0B, 0xC9, 0x64,
    0xA1, 0x8B, 0xD6, 0x42, 0x57, 0xB2, 0x47, 0xAF, 0xDB, 0xE1, 0x41, 0x0A, 0x17, 0xAA, 0xC9, 0x47,
    0x4A, 0x0D, 0xF1, 0xFC, 0x9D, 0x72, 0xA4, 0xAA, 0xF9, 0x1D, 0xD7, 0xC7, 0xBB, 0xA9, 0x60, 0x81,
    0x54, 0x63, 0x3A, 0x41, 0x72, 0x2F, 0xE4, 0x23, 0x90, 0x4F, 0xAE, 0x37, 0x54, 0x35, 0x3C, 0x70,
    0x21, 0x76, 0xEC, 0x34, 0x2C, 0x40, 0xB5, 0xA5, 0x93, 0x0B, 0x40, 0x3E, 0xFA, 0x08, 0xD7, 0x2B,
    0xA2, 0xFA, 0xC2, 0xB7, 0x22, 0xEE, 0x17, 0x6F, 0x46, 0x2C, 0x2F, 0x17, 0x3B, 0xD2, 0xC9, 0x4B,
    0x7D, 0xEC, 0x18, 0xE1, 0x7A, 0xE2, 0xC9, 0xAA, 0x36, 0x34, 0x70, 0x6F, 0xB5, 0xD0, 0x9D, 0x20,
    0x59, 0x81, 0x4C, 0x35, 0xE4, 0x6A, 0x4D, 0xEC, 0x57, 0xBB, 0xF0, 0x54, 0x59, 0x4E, 0x12, 0x2F,
    0x24, 0xDA, 0xC0, 0x45, 0xF1, 0xD2, 0x2E, 0x5B, 0x0D, 0xCD, 0x04, 0x74, 0x21, 0xCA, 0x08, 0x34,
    0x81, 0xBC, 0xF5, 0x81, 0x6A, 0xAC, 0xD6, 0xE4, 0xD8, 0x50, 0x8C, 0xC7, 0xDF, 0xBB, 0xDB, 0x9A,
    0xAF, 0x62, 0x00, 0xEA, 0x0D, 0x7E, 0x30, 0x14, 0xC1, 0x90, 0x4C, 0x3C, 0x5F, 0x9C, 0xDA, 0x88,
    0xF2, 0xB8, 0xA3, 0xD2, 0x10, 0xE1, 0x15, 0x22, 0x9A, 0xCE, 0xF0, 0xB0, 0x99, 0x23, 0x16, 0x6F,
    0x3E, 0x97, 0xCA, 0x72, 0x9B, 0x9C, 0x22, 0x82, 0xA1, 0x08, 0x96, 0xA1, 0x1B, 0x32, 0xF5, 0x50,
    0xF6, 0xA9, 0x2D, 0xD6, 0xD1, 0x9B, 0xA5, 0xA2, 0x00, 0xCD, 0x8E, 0x09, 0x62, 0x6E, 0x0B, 0xAC,
    0x86, 0x74, 0x81, 0x72, 0x23, 0x9B, 0xC1, 0x89, 0xDC, 0xD0, 0x7A, 0x41, 0xA7, 0x70, 0x85, 0x6B,
    0x1B, 0x8D, 0xD9, 0xE0, 0x47, 0x43, 0x53, 0x1B, 0x96, 0x9B, 0x98, 0x51, 0xB6, 0x5D, 0xF9, 0xAC,
    0x0F, 0x83, 0x7D, 0x44, 0x63, 0xDF, 0x33, 0x96, 0x74, 0xB9, 0x81, 0x19, 0x55, 0xED, 0x03, 0xF3,
    0x12, 0xCC, 0x44, 0xA7, 0x29, 0x62, 0x3E, 0x9C, 0x4D, 0xAE, 0xBF, 0x81, 0x19, 0xAD, 0xE9, 0x0C,
    0xA4, 0xCA, 0x96, 0x27, 0xE0, 0x61, 0x3A, 0xDF, 0xC0, 0x54, 0x92, 0xC3, 0x74, 0xFE, 0xA6, 0xE1,
    0x63, 0xD9, 0x75, 0xE4, 0x05, 0x60, 0x5D, 0x6E, 0x60, 0x62, 0xC8, 0x0A, 0x4F, 0xB5, 0xF2, 0x73,
    0xAB, 0x88, 0xF0, 0x96, 0xC9, 0x7F, 0xC5, 0x56, 0xCD, 0x2E, 0xDF, 0x12, 0xDC, 0x3A, 0x9E, 0x37,
    0x71, 0x94, 0xAD, 0x90, 0x91, 0x74, 0x39, 0xB5, 0xF2, 0xE9, 0xD4, 0x72, 0xA1, 0x38, 0x5C, 0x52,
    0x0D, 0xA7, 0x56, 0xD3, 0x16, 0x47, 0x02, 0x9C, 0x42, 0x91, 0x9E, 0x5B, 0xD9, 0xB9, 0xE5, 0x02,
    0x85, 0xC0, 0x6E, 0xB5, 0x96, 0xEB, 0xF1, 0xAD, 0xB5, 0xAA, 0x16, 0x61, 0x2D, 0xDF, 0xA6, 0x9B,
    0x59, 0x95, 0x6A, 0xAF, 0x11, 0xC5, 0x82, 0x57, 0x48, 0xF4, 0x64, 0xC8, 0x1E, 0xEE, 0xE9, 0xDD,
    0xDE, 0xBA, 0xF5, 0x36, 0x5F, 0x43, 0xA2, 0x89, 0x66, 0x88, 0x73, 0xEB, 0x06, 0xB7, 0xB1, 0x6B,
    0xB9, 0x40, 0x3E, 0xF8, 0x5D, 0xB3, 0xC1, 0xCF, 0x96, 0xE2, 0xF4, 0x63, 0xD4, 0xAE, 0xFA, 0xE5,
    0xA4, 0xC9, 0x58, 0x6D, 0x90, 0x8D, 0xA5, 0x6A, 0xF2, 0xA1, 0xD0, 0x60, 0x1F, 0xD7, 0x1A, 0x6D,
    0xCB, 0x22, 0x96, 0xA6, 0x49, 0xA7, 0xC7, 0x40, 0x32, 0x9C, 0x3C, 0x41, 0x61, 0x23, 0x95, 0x5B,
    0xD4, 0xA4, 0x8B, 0xCA, 0x1B, 0x51, 0xBE, 0x7C, 0xE7, 0xBC, 0x54, 0xCB, 0xBA, 0x37, 0x21, 0xAA,
    0x9B, 0x8E, 0x69, 0x8E, 0xCA, 0x43, 0x9E, 0x2E, 0x9D, 0xCD, 0x41, 0x63, 0x5A, 0x98, 0xE6, 0xAA,
    0xF1, 0xA6, 0x95, 0xE9, 0x2D, 0xA2, 0xF2, 0xA1, 0x2A, 0x85, 0x6B, 0x3A, 0xFE, 0xB8, 0x9E, 0xA6,
    0xAE, 0x8F, 0x5A, 0x9A, 0xFA, 0xD6, 0x62, 0xB5, 0x47, 0xDC, 0xCE, 0x14, 0xB2, 0xA3, 0xEF, 0xF6,
    0xC4, 0x74, 0xD9, 0x5B, 0x72, 0xBF, 0xC1, 0x9E, 0xD5, 0x02, 0x99, 0x06, 0xA0, 0x38, 0xBE, 0xB0,
    0xDF, 0x5C, 0x80, 0x86, 0x47, 0xBF, 0xB1, 0x9E, 0xFD, 0xB1, 0x87, 0x7C, 0x5B, 0x27, 0xB5, 0x33,
    0xBF, 0xA1, 0x6E, 0x7D, 0x80, 0x72, 0x86, 0x6C, 0x01, 0x36, 0xA0, 0xE2, 0x5C, 0x2A, 0xA9, 0x2D,
    0xF7, 0x9A, 0x68, 0x02, 0x85, 0x5F, 0xB8, 0xC6, 0x71, 0x4A, 0xA9, 0x8E, 0xE3, 0xDA, 0x97, 0xB1,
    0x58, 0xC1, 0x4D, 0x50, 0xF5, 0x4F, 0x7D, 0x09, 0x3B, 0x6D, 0x34, 0xDA, 0xC8, 0x35, 0x90, 0xA9,
    0xFF, 0x45, 0xAB, 0x8D, 0xD3, 0x68, 0xB5, 0x71, 0x13, 0xD5, 0x99, 0x7A, 0xA7, 0x50, 0x7D, 0x73,
    0x6E, 0x78, 0x78, 0x0E, 0xD8, 0x68, 0xCB, 0x15, 0x97, 0xF3, 0x9F, 0xF5, 0xC8, 0x35, 0x34, 0x5A,
    0xE3, 0x08, 0xAC, 0xFA, 0xAA, 0xF6, 0x63, 0x6F, 0xFC, 0x32, 0x87, 0x95, 0x74, 0x09, 0x11, 0xEB,
    0xD5, 0x3A, 0xDC, 0x63, 0x1D, 0x42, 0x04, 0xDD, 0x6C, 0xF0, 0xAB, 0xA1, 0xDC, 0x0C, 0x4E, 0xD7,
    0x51, 0xD8, 0x57, 0xAD, 0x7F, 0x06, 0xA7, 0x6B, 0x4F, 0xDD, 0xB0, 0x19, 0xCA, 0xD5, 0xE0, 0x17,
    0x43, 0x17, 0x38, 0x0C, 0x1D, 0xD1, 0x6B, 0xF3, 0x32, 0x13, 0xB1, 0xD5, 0x70, 0x6D, 0x9F, 0x34,
    0x1D, 0x59, 0x87, 0x6B, 0xFB, 0xA4, 0xF0, 0xFC, 0x3E, 0xC9, 0x6B, 0xA2, 0xD1, 0xE0, 0xB5, 0xE0,
    0x35, 0x14, 0xDA, 0xB8, 0x88, 0xF1, 0x44, 0xB2, 0x44, 0xB4, 0x11, 0x3F, 0xD2, 0x10, 0xF1, 0x3F,
    0x0A, 0x11, 0x93, 0x26, 0x43, 0xB3, 0x18, 0xFC, 0x66, 0x28, 0x65, 0x70, 0x7A, 0x3B, 0x22, 0xD3,
    0x37, 0x22, 0x52, 0x7D, 0x3F, 0x02, 0xFD, 0xB7, 0xA1, 0x5B, 0x0D, 0x5E, 0x86, 0xF2, 0x80, 0x3B,
    0x90, 0xEF, 0xC8, 0x67, 0xD2, 0x1D, 0x8D, 0x7A, 0xAE, 0xD0, 0x2D, 0xE0, 0x56, 0x00, 0x32, 0x19,
    0x50, 0x6D, 0xA8, 0x7A, 0x43, 0x3E, 0xF0, 0x7C, 0xB9, 0x67, 0x33, 0x51, 0xD8, 0xBC, 0xD8, 0xFC,
    0xD4, 0xA4, 0x7A, 0x9C, 0x6B, 0xB0, 0x87, 0x50, 0x01, 0xB7, 0x81, 0x9F, 0x29, 0x17, 0xA8, 0x96,
    0xD8, 0xA2, 0xDC, 0x0C, 0x4E, 0x34, 0xD3, 0xB3, 0x28, 0x9E, 0xE0, 0xE8, 0xE2, 0xAF, 0x70, 0x98,
    0xAB, 0x56, 0xE2, 0x48, 0x4E, 0x36, 0x66, 0xA1, 0x96, 0x2E, 0x1C, 0xF1, 0x7A, 0xE8, 0x24, 0x01,
    0xE5, 0xE1, 0x25, 0xE9, 0xCC, 0x59, 0xEC, 0x68, 0x68, 0x46, 0x83, 0xDA, 0xA8, 0xC9, 0x55, 0x9E,
    0xE1, 0x26, 0x66, 0xE4, 0x8E, 0x84, 0xFC, 0x6A, 0xE8, 0x74, 0x24, 0x54, 0xF5, 0x96, 0x50, 0x11,
    0x6E, 0x60, 0x46, 0x8F, 0xD2, 0x11, 0x48, 0xF4, 0xCD, 0x88, 0x54, 0x1A, 0x80, 0xEC, 0x3B, 0xEA,
    0x23, 0x06, 0xCF, 0xCD, 0xCB, 0x28, 0x9B, 0x8A, 0x11, 0x28, 0x16, 0x17, 0x9E, 0x20, 0xB5, 0x93,
    0x37, 0x2C, 0x95, 0x8F, 0xF2, 0x11, 0x5E, 0xA3, 0xA4, 0x69, 0x9B, 0xB6, 0xFA, 0x77, 0x51, 0x68,
    0x21, 0x55, 0x00, 0xF5, 0x60, 0x2B, 0xE3, 0x84, 0x7B, 0x7F, 0xC5, 0x0F, 0xAA, 0x9B, 0xDA, 0xB7,
    0x2F, 0xF3, 0x89, 0x53, 0x62, 0xBA, 0x6C, 0x2C, 0xB1, 0x6D, 0x05, 0x2F, 0x69, 0x02, 0x4D, 0xB6,
    0x7A, 0xC7, 0xB0, 0x31, 0x3A, 0x68, 0x89, 0xAE, 0x32, 0x6D, 0x31, 0xB7, 0x42, 0xE6, 0xB3, 0xFA,
    0x17, 0x73, 0xDD, 0x14, 0x86, 0xA5, 0x50, 0xED, 0xE7, 0x6C, 0xCA, 0x23, 0xDC, 0x10, 0xB1, 0x54,
    0x6D, 0x11, 0x7B, 0x3E, 0x62, 0x47, 0xB5, 0x2D, 0xB8, 0x8D, 0x52, 0x21, 0x8E, 0xE4, 0xD4, 0xC7,
    0x91, 0x62, 0x3A, 0x4D, 0x88, 0xE6, 0x2E, 0x9E, 0xAC, 0xDE, 0xEE, 0x7B, 0x96, 0x98, 0x7F, 0xDB,
    0x12, 0x83, 0x6E, 0x8C, 0x8A, 0x0F, 0x86, 0x62, 0x36, 0x24, 0x8B, 0x81, 0xFB, 0x3C, 0x5B, 0xBC,
    0x44, 0xA5, 0x10, 0x51, 0x2A, 0x5C, 0x68, 0x24, 0xD9, 0xEA, 0x44, 0x3D, 0xAC, 0xFC, 0xB2, 0x30,
    0x5C, 0x03, 0x0A, 0xE6, 0x46, 0x13, 0xD9, 0x8E, 0xDD, 0x74, 0x39, 0x9B, 0x0B, 0x05, 0xAE, 0xB6,
    0xF0, 0x96, 0x19, 0xC0, 0x67, 0x34, 0x46, 0x90, 0xAA, 0x8D, 0xC8, 0x74, 0x3D, 0x25, 0x37, 0x18,
    0xAA, 0xFA, 0x26, 0x66, 0xA4, 0xFE, 0xC8, 0x6B, 0x8C, 0xC8, 0x35, 0x45, 0xB8, 0x6F, 0x2F, 0x11,
    0xBE, 0x6E, 0x6E, 0x60, 0x46, 0x55, 0x7D, 0x3F, 0xA2, 0xE9, 0x55, 0x9F, 0x60, 0x27, 0x6F, 0x60,
    0x2A, 0xE4, 0x32, 0xB8, 0xF5, 0x40, 0x30, 0x54, 0xAD, 0xE1, 0x0D, 0x9E, 0x2D, 0x92, 0xF0, 0xEA,
    0xA5, 0x2D, 0xE2, 0xB6, 0x46, 0xF2, 0x95, 0x4C, 0x81, 0x6C, 0x02, 0xCD, 0xB8, 0x11, 0x9A, 0x95,
    0xF2, 0xEA, 0xB5, 0x67, 0x0D, 0x4E, 0xFD, 0x23, 0x20, 0xD3, 0xB7, 0xAF, 0xDE, 0x7E, 0x4E, 0x00,
    0xB2, 0xE8, 0x71, 0x8C, 0x27, 0x2F, 0x2C, 0x71, 0x8A, 0x4A, 0xF1, 0x53, 0xE3, 0xB8, 0x2F, 0x91,
    0xE6, 0x33, 0x3A, 0x6D, 0x40, 0xA3, 0xD5, 0x62, 0xF6, 0xD7, 0x54, 0x6A, 0x4D, 0x67, 0x53, 0x91,
    0x45, 0xFF, 0xED, 0xAE, 0xA9, 0xFA, 0x5D, 0x13, 0x0D, 0xBB, 0x72, 0x56, 0x3B, 0x73, 0xBE, 0x5A,
    0xA8, 0x3D, 0xDD, 0x25, 0x2D, 0xA6, 0x97, 0x4F, 0x8D, 0x5F, 0x68, 0xC4, 0xA2, 0x9F, 0x15, 0x6E,
    0xEB, 0x31, 0x90, 0x5A, 0x64, 0x9C, 0x2C, 0x67, 0x3F, 0x27, 0x0A, 0xD0, 0x8C, 0xF8, 0x1D, 0xDD,
    0x60, 0x50, 0x8F, 0x1F, 0x0D, 0x5D, 0x4F, 0xAA, 0x3E, 0xDD, 0x6C, 0x6A, 0x8A, 0x09, 0x1A, 0xF5,
    0xE5, 0x00, 0xB9, 0x7A, 0xDF, 0x03, 0x3B, 0xC6, 0x03, 0xDB, 0x01, 0x8D, 0x11, 0xA5, 0x96, 0x88,
    0x5C, 0x5B, 0x04, 0x8D, 0x0C, 0xB9, 0xEA, 0x88, 0xC4, 0x30, 0x61, 0x78, 0x2F, 0xB1, 0x6B, 0x0F,
    0x73, 0x51, 0x68, 0x8A, 0xF3, 0x54, 0x6A, 0x69, 0x34, 0x45, 0x7C, 0x46, 0x35, 0xB7, 0xBE, 0x08,
    0xB8, 0xCD, 0xF2, 0x3A, 0x6F, 0x1F, 0x2D, 0xB4, 0x1B, 0x80, 0xF4, 0x12, 0xB8, 0x4A, 0xAE, 0x8E,
    0xA9, 0x05, 0x9C, 0xB4, 0xE0, 0x43, 0xB5, 0xD0, 0xF4, 0x6E, 0xC5, 0xB7, 0xBB, 0x7C, 0x84, 0x62,
    0x03, 0xCA, 0x2D, 0xF6, 0xDB, 0xC8, 0xB4, 0x4B, 0xB9, 0x16, 0x1B, 0x3E, 0xEC, 0xD2, 0x8C, 0xBB,
    0x74, 0xA3, 0xDB, 0x25, 0x54, 0x1B, 0x5E, 0xD2, 0x3B, 0x95, 0xFE, 0x4D, 0x53, 0xBE, 0xD5, 0x5D,
    0xCB, 0xE1, 0xC1, 0xCF, 0x40, 0x33, 0x9E, 0xDF, 0x91, 0x01, 0xE9, 0xF4, 0x2B, 0x72, 0x70, 0xEB,
    0x2E, 0x50, 0x2E, 0x80, 0x4D, 0x73, 0xA7, 0x9A, 0x64, 0xF3, 0x3D, 0xD9, 0xEC, 0x46, 0x2E, 0x2E,
    0xD3, 0x77, 0x5E, 0xB8, 0x83, 0xAF, 0xA4, 0x23, 0x49, 0x7C, 0x9D, 0x67, 0x3B, 0xA9, 0xEC, 0x7D,
    0xF5, 0x64, 0x43, 0xD7, 0x92, 0xB6, 0x2F, 0xBD, 0xF0, 0xF4, 0xD3, 0x31, 0x1F, 0x6C, 0xBF, 0xB3,
    0x4B, 0x39, 0x91, 0xCF, 0x2E, 0xC0, 0xDD, 0xA4, 0x06, 0x78, 0xE1, 0xC1, 0xC9, 0x47, 0xE0, 0xE3,
    0x9F, 0x05, 0x5E, 0xFD, 0x7F, 0x51, 0x3E, 0x0E, 0x7C, 0x36, 0xB6, 0xDC, 0x03, 0x20, 0xF9, 0x15,
    0x7C, 0xFA, 0x9F, 0xD9, 0x75, 0x24, 0x97, 0xFE, 0x43, 0x1B, 0x95, 0x62, 0x69, 0x9B, 0xA1, 0x54,
    0xDB, 0xF5, 0x7B, 0x04, 0xE1, 0x47, 0x28, 0x56, 0xAA, 0x40, 0x72, 0x4F, 0x52, 0x20, 0xAA, 0xA6,
    0x5C, 0x86, 0x72, 0x7B, 0x73, 0x83, 0x23, 0x10, 0x31, 0x94, 0x80, 0x6E, 0x47, 0x1B, 0xE1, 0x34,
    0x25, 0x5F, 0x6B, 0xA6, 0x4F, 0xC7, 0xFB, 0xBC, 0x42, 0x44, 0xA9, 0xA1, 0x92, 0xEA, 0x8B, 0x2D,
    0xEE, 0xE1, 0xE0, 0x42, 0x97, 0xD0, 0x69, 0x39, 0x4C, 0xBB, 0x25, 0x57, 0x8C, 0xB4, 0xE1, 0xE3,
    0x3B, 0xD7, 0x66, 0x00, 0xBA, 0xFE, 0x2C, 0xC3, 0x49, 0x9A, 0x00, 0xF8, 0x29, 0xCA, 0xC6, 0x4B,
    0x94, 0xD2, 0x66, 0xFB, 0xD1, 0x6B, 0x2F, 0xE9, 0x49, 0x46, 0x20, 0xEB, 0x01, 0x37, 0x9E, 0xBE,
    0xDF, 0x17, 0xDB, 0x69, 0x9D, 0xFF, 0xDA, 0xEB, 0xC0, 0xC3, 0x07, 0xC0, 0xA7, 0x6A, 0x9E, 0x5F,
    0x06, 0x5A, 0xA0, 0xEA, 0x81, 0x62, 0x78, 0xEA, 0x63, 0x28, 0x37, 0x62, 0x0C, 0x9B, 0xAF, 0x09,
    0x37, 0xB9, 0x85, 0x6A, 0xCC, 0x56, 0xFC, 0x90, 0x6D, 0x34, 0x92, 0xE8, 0x9E, 0x88, 0xD9, 0x1D,
    0xCF, 0x76, 0xE7, 0x28, 0x5B, 0xFD, 0xA9, 0x68, 0x57, 0xD1, 0xEE, 0x72, 0x65, 0xB7, 0x5C, 0xE1,
    0xCA, 0x43, 0xB5, 0xD8, 0x64, 0x9E, 0x32, 0x3E, 0xDE, 0x5A, 0xFE, 0x8A, 0x1C, 0x24, 0x77, 0x01,
    0x77, 0x5E, 0x06, 0x1A, 0xD5, 0xB0, 0x55, 0x71, 0x19, 0x28, 0x46, 0x52, 0x5B, 0x06, 0x5E, 0xAC,
    0x83, 0xF4, 0xF1, 0xC5, 0x48, 0xBE, 0xB8, 0x89, 0x22, 0x4A, 0xB6, 0x5C, 0x7F, 0x12, 0x5F, 0x74,
    0xF0, 0x2F, 0xDD, 0xA5, 0x0B, 0x54, 0x31, 0x36, 0xC9, 0x0A, 0x0D, 0x7C, 0x0A, 0x80, 0x8B, 0x90,
    0x74, 0xC1, 0x29, 0x14, 0x0A, 0xA9, 0x02, 0xCD, 0x4F, 0x3C, 0xBA, 0x90, 0x6B, 0x2B, 0xA4, 0xF8,
    0x69, 0x96, 0x0B, 0x7E, 0xA2, 0xE9, 0x11, 0x2C, 0x24, 0xC7, 0xF4, 0xDD, 0xE3, 0xB6, 0x30, 0x83,
    0x54, 0x22, 0xFF, 0x89, 0x47, 0x21, 0x1A, 0x8D, 0x9D, 0x02, 0x9F, 0xAC, 0x41, 0x03, 0x89, 0x02,
    0x99, 0x66, 0xDC, 0xF7, 0x57, 0xCA, 0xBE, 0xE1, 0xD3, 0xF6, 0xE5, 0x35, 0x8F, 0xEC, 0x26, 0x71,
    0x0A, 0x14, 0x0A, 0x44, 0x9F, 0x34, 0x3F, 0x65, 0xED, 0x02, 0xF9, 0xF1, 0xF8, 0x50, 0xD6, 0xAF,
    0x9D, 0xFE, 0x27, 0x52, 0xEF, 0xFB, 0xAE, 0xBE, 0xC5, 0x27, 0xB1, 0xF2, 0x4B, 0x8C, 0x61, 0x25,
    0xBD, 0xE4, 0xF7, 0xC9, 0xF4, 0xF9, 0x79, 0x17, 0x8D, 0x50, 0xA9, 0x85, 0x2C, 0xB6, 0x4A, 0xCD,
    0xF0, 0xC8, 0xAD, 0xF0, 0x97, 0x99, 0x80, 0x44, 0x2D, 0xD5, 0xA4, 0x3E, 0xD5, 0xD6, 0x0D, 0x85,
    0xD4, 0x8D, 0xE5, 0x9A, 0x6B, 0xF4, 0x13, 0x0A, 0x3E, 0xEC, 0xD2, 0x8C, 0x74, 0xA1, 0x1B, 0x69,
    0x9E, 0x91, 0xB1, 0x09, 0xBB, 0xF8, 0x40, 0xD7, 0xC7, 0xCE, 0xBD, 0x5B, 0x73, 0xD5, 0xB9, 0xB4,
    0x92, 0x48, 0x13, 0xDC, 0xDE, 0x6A, 0x48, 0x47, 0x07, 0xB8, 0xA5, 0x04, 0x4A, 0x75, 0x40, 0xF5,
    0xEE, 0x16, 0x35, 0x5F, 0x80, 0x97, 0x38, 0x3F, 0x75, 0xC9, 0x83, 0x54, 0x35, 0xF7, 0x16, 0xA7,
    0x11, 0xAD, 0x8D, 0x26, 0x3A, 0x49, 0x33, 0x4E, 0xDF, 0xD5, 0x42, 0x2E, 0x2A, 0xD3, 0xF2, 0x67,
    0xD7, 0xC2, 0xB4, 0xD1, 0x20, 0xF5, 0x9D, 0xC6, 0x5D, 0x93, 0x2F, 0x71, 0x7A, 0x55, 0xAF, 0x1E,
    0x68, 0xCE, 0x6B, 0x58, 0x16, 0x00, 0xDE, 0x79, 0xF2, 0x37, 0xA1, 0x05, 0x69, 0x22, 0x97, 0x36,
    0x2C, 0xC1, 0x2A, 0xA6, 0xEA, 0x03, 0x1A, 0xE2, 0xBC, 0x8C, 0x1F, 0x32, 0x2F, 0xE1, 0x3C, 0x2F,
    0xC3, 0x53, 0xF3, 0xB2, 0x5D, 0x9F, 0x17, 0x3E, 0x79, 0xF7, 0xF4, 0xC0, 0x74, 0xA7, 0x3D, 0x49,
    0x72, 0xBC, 0x5A, 0x03, 0xD2, 0xF6, 0xC5, 0x3B, 0x48, 0xBE, 0x08, 0xE4, 0xDB, 0xE9, 0x25, 0xB5,
    0x57, 0x0F, 0xCD, 0x9F, 0x8C, 0xB0, 0x66, 0x13, 0xC9, 0xDF, 0xF3, 0x0F, 0x2F, 0xDC, 0xC1, 0x2B,
    0xF5, 0xD7, 0xA1, 0x19, 0x27, 0x90, 0x02, 0xFC, 0x70, 0x97, 0x24, 0xF8, 0x01, 0xDE, 0xB9, 0xA8,
    0x5F, 0x78, 0xF0, 0x07, 0xE9, 0x63, 0xB2, 0x2D, 0x5F, 0xC8, 0x54, 0x2C, 0xA4, 0x6B, 0xB6, 0xC0,
    0x17, 0xB9, 0x8B, 0x95, 0x17, 0x1D, 0xBC, 0xE8, 0xA1, 0x0A, 0xE7, 0x6A, 0xBF, 0x1F, 0xE5, 0xE9,
    0xFF, 0xBE, 0x76, 0x94, 0x0F, 0xEF, 0x5F, 0xE8, 0x6F, 0x02, 0x9D, 0x34, 0x64, 0x92, 0xDA, 0x62,
    0xCB, 0xD4, 0x97, 0x33, 0x1A, 0x7C, 0xC8, 0xE2, 0x83, 0xEB, 0xB4, 0x3B, 0xA9, 0xA2, 0x9D, 0xB7,
    0x7C, 0x68, 0xBE, 0x3F, 0xED, 0xF2, 0x83, 0xDD, 0x96, 0x57, 0x1B, 0x85, 0x66, 0xAC, 0x96, 0xE8,
    0x6E, 0x4B, 0xD5, 0x3A, 0x1D, 0xFB, 0x92, 0x99, 0xAF, 0x58, 0xCA, 0x5F, 0xAA, 0x01, 0x14, 0xA2,
    0x7A, 0x53, 0x37, 0x5F, 0x7B, 0xA9, 0xF7, 0xC8, 0xF4, 0x25, 0x4E, 0xA5, 0x53, 0xAD, 0x85, 0xC6,
    0xB4, 0x50, 0xED, 0xE3, 0x94, 0xD6, 0xE5, 0xFC, 0x73, 0x68, 0x6B, 0xFA, 0x5D, 0x45, 0xBD, 0xDA,
    0x6B, 0x7C, 0x4F, 0x2D, 0x92, 0x53, 0x4D, 0x35, 0xE5, 0x8F, 0xE1, 0xCA, 0x5D, 0xAA, 0xFE, 0xBC,
    0x95, 0x28, 0x16, 0x4E, 0x8F, 0x2F, 0x65, 0xFB, 0xEB, 0xF4, 0x76, 0xAC, 0xE5, 0xEA, 0xCD, 0x60,
    0x38, 0xFF, 0xDB, 0x84, 0xFB, 0xCE, 0x02, 0x54, 0x6D, 0x07, 0xF1, 0x0F, 0xCA, 0xAF, 0xC5, 0x5B,
    0x55, 0xFF, 0x05, 0xD0, 0xF4, 0xAA, 0x4D, 0x5B, 0xF0, 0xD6, 0xBE, 0xC5, 0x6F, 0x61, 0xE5, 0xD7,
    0xF5, 0x69, 0xDE, 0x8D, 0xAA, 0x11, 0x48, 0xD4, 0x02, 0xD9, 0x06, 0x90, 0xCF, 0x9C, 0xB6, 0x86,
    0x7C, 0xAC, 0xE6, 0xAA, 0x48, 0xC1, 0xA9, 0x3D, 0xB4, 0x52, 0x9D, 0xAE, 0xE4, 0xBB, 0xC6, 0xF1,
    0xFB, 0x2C, 0x90, 0xAA, 0xCF, 0x03, 0x68, 0x8C, 0xB7, 0x75, 0xC1, 0xF5, 0xE0, 0xE7, 0x32, 0x66,
    0xBA, 0x54, 0x35, 0x94, 0xAB, 0x07, 0x9C, 0xEE, 0x03, 0x85, 0x16, 0x20, 0x33, 0x4D, 0x35, 0x01,
    0x28, 0x9C, 0x8D, 0xD0, 0xF5, 0x4F, 0x54, 0xB5, 0xF5, 0x31, 0x3B, 0x2B, 0x90, 0x74, 0xC7, 0xAD,
    0x93, 0x9D, 0x36, 0x83, 0x5B, 0x14, 0xFE, 0xB4, 0x07, 0xEE, 0x29, 0x6A, 0x67, 0xEA, 0x4D, 0x73,
    0xB5, 0xD6, 0xF3, 0x79, 0xFD, 0xAA, 0xDA, 0x5D, 0xBF, 0xA7, 0x69, 0x57, 0x69, 0x8D, 0xA3, 0x55,
    0x8A, 0x57, 0x63, 0x52, 0x6A, 0x33, 0xB5, 0x69, 0x3C, 0xFA, 0x5D, 0x93, 0xE7, 0xF4, 0xDA, 0xD1,
    0x67, 0xB2, 0xDC, 0xA3, 0x4E, 0xE5, 0x6A, 0xA3, 0xCD, 0xBB, 0xBE, 0xAB, 0x61, 0xD7, 0xBF, 0xDE,
    0x8E, 0x88, 0x3F, 0x49, 0x7B, 0xA0, 0xD2, 0x62, 0x9E, 0x57, 0xCB, 0xB4, 0x2D, 0x6B, 0xA8, 0x42,
    0xD3, 0x83, 0x0F, 0xCD, 0x00, 0xE5, 0xE8, 0x7B, 0xB8, 0x55, 0xDF, 0xC2, 0xCA, 0x4D, 0xF8, 0x44,
    0xFE, 0x17, 0xD5, 0x9B, 0x01, 0xA4, 0x26, 0xD9, 0x9D, 0xF6, 0x9F, 0xAA, 0x9A, 0xEE, 0x22, 0xC5,
    0x57, 0x1F, 0x32, 0x1F, 0x99, 0x4B, 0xEA, 0x43, 0x10, 0xBB, 0xBB, 0x29, 0xB0, 0x2C, 0xA6, 0xE7,
    0x54, 0x32, 0x6C, 0x30, 0x48, 0x23, 0x8D, 0xB5, 0xC8, 0x62, 0xB0, 0xC9, 0xA2, 0x17, 0x8B, 0xA0,
    0xD3, 0x55, 0x9B, 0x90, 0x00, 0x34, 0x02, 0x80, 0xC1, 0x80, 0x58, 0x02, 0x30, 0x98, 0x74, 0x55,
    0x32, 0x58, 0x2C, 0xD4, 0x58, 0x2C, 0x02, 0xB5, 0xBB, 0x0D, 0x49, 0xD8, 0x9C, 0xD8, 0x4A, 0x52,
    0xBD, 0x53, 0x55, 0xCF, 0xD6, 0xF3, 0x3F, 0x6F, 0xDD, 0x7B, 0xEF, 0xDB, 0x77, 0x27, 0x33, 0x93,
    0x7B, 0xD3, 0xB7, 0xCF, 0xBC, 0xF5, 0x7B, 0xCE, 0x7D, 0xFB, 0x54, 0x9D, 0xF3, 0x7F, 0x4E, 0x55,
    0x9D, 0x53, 0xE7, 0xAD, 0x01, 0x5A, 0x8E, 0xC0, 0xB1, 0x5C, 0x9A, 0x72, 0x36, 0x92, 0x82, 0x9D,
    0xA4, 0x64, 0x2F, 0x71, 0xF4, 0x92, 0xBA, 0x35, 0xF9, 0x51, 0x3D, 0x49, 0x66, 0x37, 0x6F, 0x8C,
    0xE6, 0x72, 0x01, 0x90, 0x8C, 0x39, 0x25, 0xDE, 0x24, 0xF3, 0xA9, 0x0E, 0x93, 0xF7, 0x89, 0x0E,
    0x53, 0x74, 0xB1, 0x0E, 0x53, 0x92, 0x1C, 0x74, 0x2C, 0xEA, 0x68, 0x35, 0xA9, 0x56, 0xAC, 0x80,
    0x0E, 0xB3, 0x98, 0xC4, 0x33, 0x50, 0xAC, 0x48, 0x26, 0x35, 0x03, 0xA9, 0x49, 0xE3, 0xA8, 0x06,
    0xFB, 0x83, 0xC4, 0x64, 0x8F, 0x44, 0x88, 0xEE, 0xDD, 0xAB, 0x70, 0x9C, 0x4E, 0x58, 0x21, 0xD6,
    0xF1, 0x73, 0x72, 0x86, 0xF3, 0xE5, 0x8C, 0xBA, 0xCB, 0x17, 0xB8, 0x66, 0xC3, 0x4B, 0xC8, 0x56,
    0xA8, 0x06, 0x95, 0x5B, 0x91, 0x70, 0x43, 0xB1, 0x64, 0x2B, 0x9C, 0xDF, 0x50, 0x0F, 0x1B, 0xDA,
    0x21, 0xDF, 0xE0, 0xCB, 0xD5, 0x9A, 0xF9, 0x56, 0xC9, 0x7F, 0xE1, 0x98, 0xAE, 0x55, 0xDB, 0x00,
    0x23, 0x46, 0x0B, 0x3E, 0xF6, 0x67, 0x8E, 0xEC, 0xFE, 0xA4, 0xEB, 0x8B, 0xE7, 0x64, 0x54, 0xE1,
    0x2E, 0x92, 0x3E, 0x1E, 0x10, 0xFB, 0xB4, 0x47, 0xC4, 0xB6, 0x03, 0xA8, 0xCA, 0x9C, 0xA2, 0xB9,
    0xF5, 0xE8, 0xDA, 0x3D, 0xBD, 0x69, 0x16, 0x65, 0xC1, 0xA2, 0x34, 0x58, 0x94, 0x84, 0x66, 0xA4,
    0xBD, 0x88, 0xBC, 0x31, 0x71, 0x46, 0x3C, 0x0E, 0xB2, 0xBE, 0x64, 0xC2, 0xD9, 0xA4, 0x0D, 0x52,
    0xF6, 0xD7, 0x67, 0x99, 0x57, 0x4B, 0xE4, 0x55, 0x59, 0x6D, 0x78, 0x68, 0xC6, 0x00, 0x88, 0x03,
    0x3E, 0xB7, 0x41, 0x61, 0xC2, 0x5A, 0xFE, 0x8A, 0x8A, 0xB8, 0xD1, 0xAC, 0x1C, 0x44, 0x56, 0xE6,
    0x20, 0xCC, 0x39, 0x1C, 0xA5, 0xFB, 0x7C, 0x5B, 0x06, 0x90, 0x1D, 0x6A, 0x31, 0xE2, 0x88, 0xBA,
    0x97, 0xB1, 0x79, 0x9F, 0xAF, 0xB2, 0xA1, 0x98, 0x81, 0xA8, 0xB2, 0x6E, 0x80, 0x9B, 0xC4, 0x7A,
    0xC4, 0xE5, 0x9C, 0x44, 0x37, 0x9F, 0xB1, 0x5C, 0xC5, 0xDC, 0x5A, 0x90, 0xA9, 0x7B, 0xAA, 0x84,
    0x0B, 0x4E, 0x3A, 0xB4, 0x56, 0x63, 0x21, 0xAA, 0x0D, 0x4F, 0x00, 0xBC, 0x7C, 0x77, 0x83, 0x45,
    0xAA, 0xEF, 0x62, 0xEB, 0x68, 0x1D, 0x24, 0x55, 0x10, 0xB7, 0x2B, 0x28, 0x29, 0xC7, 0x47, 0x40,
    0xCB, 0x39, 0xF8, 0x97, 0xCF, 0x29, 0x51, 0x7A, 0xAC, 0x70, 0x3D, 0x3E, 0x87, 0xBA, 0xD7, 0x31,
    0xBA, 0x53, 0xF4, 0x3B, 0x6A, 0x6F, 0xA6, 0x08, 0x2B, 0x3E, 0xA3, 0x8A, 0x57, 0x45, 0x3D, 0x21,
    0xA2, 0x9D, 0x35, 0x4F, 0xAD, 0x9D, 0xA1, 0xFD, 0x8B, 0xD8, 0x52, 0xA6, 0x2D, 0x65, 0x07, 0xA4,
    0x3E, 0x1B, 0x6E, 0xAA, 0x6B, 0xD1, 0x57, 0x55, 0x72, 0xD6, 0x4E, 0xD4, 0xB1, 0xB4, 0xCF, 0x5A,
    0x76, 0x88, 0xA7, 0xCC, 0x23, 0x7E, 0x2B, 0x7A, 0xEB, 0xFA, 0x5D, 0xCB, 0xBC, 0x58, 0x84, 0x96,
    0x1B, 0x8B, 0x49, 0x94, 0x69, 0x37, 0xD4, 0xB5, 0x64, 0x34, 0xD7, 0x84, 0x65, 0x47, 0x66, 0xF7,
    0x99, 0xBB, 0xB0, 0x74, 0xED, 0xAE, 0xE9, 0x9C, 0xDA, 0xCF, 0x2F, 0xB4, 0x3C, 0x3B, 0xEF, 0xF2,
    0xE9, 0xA6, 0xBA, 0x16, 0xDD, 0xDD, 0xDC, 0x49, 0xA6, 0xD4, 0x03, 0x6B, 0xD1, 0x03, 0xAD, 0x0D,
    0x19, 0xDC, 0xFD, 0xBB, 0xFD, 0xF6, 0xF5, 0xBB, 0x96, 0x8C, 0xAA, 0x7D, 0xB7, 0x0D, 0x2D, 0xAB,
    0xDD, 0xB8, 0x4B, 0x9D, 0xB3, 0x18, 0x1E, 0xC1, 0x6C, 0x5B, 0x80, 0x84, 0x16, 0x4C, 0xC2, 0x2E,
    0xA3, 0x97, 0xA0, 0x9D, 0x4C, 0xDC, 0x6C, 0x52, 0xAC, 0x26, 0x39, 0xCF, 0x4B, 0xF6, 0xBB, 0x65,
    0xDF, 0x61, 0x35, 0x29, 0xE6, 0xF3, 0xC7, 0x6C, 0xBD, 0x24, 0x65, 0x1F, 0x6A, 0xAF, 0xAC, 0x2D,
    0x93, 0xB5, 0x6C, 0xB5, 0xC6, 0xE3, 0xFF, 0xF9, 0xBA, 0x93, 0xF5, 0x5E, 0x7E, 0x14, 0x9B, 0x54,
    0xF6, 0x17, 0xAD, 0xFD, 0x7E, 0x81, 0x59, 0x33, 0x07, 0x99, 0x82, 0xBC, 0x25, 0x8F, 0xE9, 0x55,
    0xC0, 0x24, 0x09, 0x63, 0x5E, 0xB6, 0xC6, 0x92, 0x62, 0x82, 0xC4, 0x79, 0xB4, 0x41, 0xEA, 0x01,
    0xDA, 0x24, 0xED, 0x33, 0xE2, 0x55, 0x8B, 0x49, 0x1D, 0xC4, 0x4D, 0x26, 0xE5, 0xAA, 0xEF, 0x91,
    0xF3, 0xB4, 0x06, 0x99, 0x5D, 0x3F, 0x2D, 0x2D, 0x86, 0xCB, 0x6D, 0x4D, 0x8F, 0x6C, 0x5D, 0x3E,
    0xCC, 0xD6, 0xAA, 0x26, 0xBB, 0x63, 0xF9, 0x10, 0x5B, 0x97, 0x8F, 0x62, 0x6B, 0x7D, 0x6A, 0xEB,
    0x5F, 0xC9, 0x9E, 0x94, 0x62, 0x62, 0x44, 0x2B, 0xAA, 0xF0, 0x4E, 0x8B, 0x53, 0xDC, 0xED, 0x6C,
    0xC5, 0x84, 0xA2, 0xBC, 0xF4, 0x66, 0xA5, 0x37, 0x27, 0x8D, 0x72, 0x68, 0x10, 0xDB, 0x67, 0x19,
    0xFE, 0x75, 0x14, 0xDD, 0x2C, 0x96, 0xFC, 0x05, 0x57, 0xF9, 0xD7, 0xB2, 0x4A, 0x38, 0xBB, 0xA7,
    0x40, 0xDD, 0x7F, 0xB6, 0x02, 0x1C, 0x67, 0x5C, 0xE4, 0xA5, 0xE7, 0xAD, 0x2C, 0x11, 0x33, 0x63,
    0xCA, 0x0A, 0xCE, 0x58, 0x1A, 0x6F, 0x41, 0xC4, 0xA5, 0x54, 0xFB, 0xCF, 0x38, 0x5C, 0x5A, 0x66,
    0x67, 0xDE, 0x89, 0x85, 0xD1, 0x35, 0x56, 0x57, 0x13, 0xEA, 0x6D, 0x8D, 0x76, 0xF1, 0xC5, 0xE4,
    0x70, 0xF9, 0xB4, 0xBB, 0x58, 0x81, 0x28, 0xD4, 0xC1, 0x11, 0xF9, 0x98, 0xCF, 0x28, 0x87, 0x64,
    0x81, 0xEB, 0x93, 0xD5, 0xFA, 0x04, 0xED, 0x19, 0xEC, 0x52, 0x1F, 0x76, 0xDF, 0xDD, 0x24, 0xAC,
    0xD5, 0x2B, 0x76, 0x8F, 0x41, 0x46, 0xCE, 0xB0, 0xDA, 0xD4, 0xD5, 0xC0, 0x1D, 0xDC, 0xB1, 0xE9,
    0xCE, 0xBB, 0xAA, 0x85, 0x2A, 0x9B, 0x5B, 0x37, 0xC6, 0x6C, 0x6E, 0xAC, 0x57, 0x9A, 0x58, 0xC7,
    0x83, 0x4D, 0xAC, 0x93, 0x01, 0x38, 0x37, 0xB1, 0xA6, 0x26, 0xD6, 0xDF, 0xBF, 0x7E, 0xD7, 0xF0,
    0x58, 0x88, 0xD8, 0x98, 0x53, 0xDD, 0x9E, 0xD7, 0xF7, 0x37, 0xD5, 0x35, 0xA4, 0xFB, 0x60, 0xAC,
    0x10, 0x94, 0x13, 0xA6, 0xB3, 0xC1, 0xF8, 0x9A, 0x5D, 0xBB, 0x51, 0x5E, 0x00, 0x89, 0x1A, 0x8D,
    0xAC, 0x13, 0x8B, 0x46, 0x74, 0x02, 0xEA, 0xC0, 0xFF, 0x3C, 0x1B, 0xF0, 0x8A, 0xE1, 0x3A, 0x3C,
    0x59, 0x74, 0xD0, 0x69, 0x7F, 0x54, 0xC8, 0xB5, 0x8F, 0x0D, 0xB6, 0xAE, 0x11, 0xBE, 0x2B, 0x70,
    0xEF, 0xAA, 0x58, 0x83, 0x80, 0x9D, 0x5A, 0xE5, 0x7B, 0xB3, 0x5A, 0x7D, 0xB8, 0xDD, 0x6A, 0x27,
    0xDC, 0xE0, 0xEB, 0x34, 0x4C, 0x64, 0x32, 0x8F, 0x68, 0x2D, 0xBB, 0x0B, 0x13, 0x99, 0x39, 0x4C,
    0x64, 0xAE, 0xFF, 0x3A, 0xCD, 0xCF, 0x4D, 0xBE, 0x6A, 0x6B, 0xB9, 0xCD, 0x69, 0x6C, 0x82, 0x73,
    0x31, 0xFD, 0x2D, 0x9F, 0xC8, 0x59, 0xED, 0x5B, 0x8B, 0x9A, 0xFE, 0xDD, 0x7F, 0x66, 0xFA, 0x07,
    0x7C, 0xC8, 0xF4, 0xEF, 0xF6, 0x0F, 0x1E, 0x6D, 0xCC, 0x39, 0xD4, 0x93, 0xA8, 0x32, 0xED, 0xA0,
    0xF2, 0x6E, 0x28, 0x17, 0x31, 0xA7, 0x98, 0xB1, 0xDB, 0x98, 0x70, 0xD2, 0x28, 0xD7, 0x9A, 0xCD,
    0x85, 0xD5, 0x8B, 0xFB, 0xFC, 0xD9, 0xE1, 0x51, 0x23, 0x5D, 0xF7, 0xD9, 0xA2, 0xA3, 0xAC, 0xFB,
    0xCA, 0x00, 0x2C, 0xC9, 0x88, 0xE8, 0x6D, 0xEC, 0xB6, 0x9D, 0x90, 0x3E, 0x22, 0x39, 0xAA, 0xA7,
    0xA6, 0x7C, 0x49, 0xF9, 0x4E, 0x31, 0xC5, 0x44, 0x31, 0x46, 0xAC, 0x0C, 0xF6, 0xA7, 0xFE, 0x41,
    0xC6, 0x2E, 0xF2, 0x65, 0x04, 0xEA, 0xB5, 0x0A, 0xCF, 0xDC, 0xF9, 0x60, 0xD6, 0xFF, 0xE0, 0xFB,
    0x36, 0xF9, 0xE8, 0x04, 0x9F, 0xE8, 0x50, 0x78, 0xFC, 0x03, 0xCE, 0x59, 0x8F, 0x6C, 0x76, 0x1D,
    0x92, 0xB9, 0xEE, 0x90, 0x4E, 0xF5, 0x66, 0x86, 0x77, 0x6A, 0xA5, 0xCA, 0x21, 0x6A, 0xF9, 0x16,
    0xC2, 0x3D, 0x18, 0xD1, 0x98, 0xE9, 0x70, 0x64, 0x77, 0x3A, 0x55, 0x2C, 0x9E, 0xE2, 0xA6, 0xBA,
    0x7B, 0x17, 0x77, 0x01, 0x8F, 0x11, 0x98, 0x62, 0x0F, 0xB4, 0x3F, 0xDC, 0xE0, 0xEC, 0x7C, 0x61,
    0x03, 0xD9, 0x7B, 0x63, 0xDC, 0x45, 0x3A, 0x9E, 0x9D, 0xC1, 0x85, 0x68, 0x79, 0x7D, 0x7F, 0x63,
    0xDD, 0x8D, 0xA7, 0xFD, 0xDC, 0xCD, 0xB8, 0x23, 0x59, 0x00, 0xF9, 0xAE, 0x74, 0x83, 0xDC, 0xC5,
    0x37, 0x85, 0xE4, 0x89, 0x98, 0x75, 0xC6, 0xC1, 0x38, 0x89, 0x89, 0xBF, 0xB1, 0x1E, 0x87, 0xF4,
    0xA7, 0x00, 0xA2, 0xC9, 0x06, 0x32, 0x61, 0x14, 0x16, 0xC1, 0xAA, 0xFF, 0xEB, 0x1B, 0x64, 0x74,
    0x4C, 0x98, 0xAF, 0xFB, 0x52, 0x64, 0x2F, 0x71, 0xDF, 0x1B, 0x25, 0x4B, 0x34, 0x3F, 0x3B, 0x27,
    0x5F, 0x23, 0x72, 0x3A, 0x48, 0x66, 0xC1, 0x3F, 0xDA, 0x1F, 0x57, 0x3E, 0x86, 0x28, 0x1D, 0xCB,
    0xC7, 0x3D, 0x4A, 0xCA, 0x1E, 0xB9, 0x06, 0xD3, 0xE5, 0x5C, 0x93, 0x80, 0x5B, 0x77, 0x2D, 0x84,
    0x51, 0xE4, 0xAC, 0x10, 0x57, 0xDA, 0x75, 0xE9, 0x6C, 0x99, 0x34, 0xEF, 0x8F, 0x16, 0x16, 0x1A,
    0x81, 0xE2, 0xE1, 0x79, 0xC8, 0x98, 0x19, 0x93, 0x4B, 0xF8, 0x45, 0x36, 0x1B, 0xBF, 0x46, 0xBF,
    0xF1, 0xF0, 0x7C, 0x6F, 0xFC, 0x59, 0xBB, 0xA8, 0x4C, 0xFE, 0xFB, 0x70, 0x85, 0xA3, 0xAF, 0xD9,
    0x6F, 0x6C, 0x39, 0xD4, 0x16, 0xD2, 0x5C, 0x73, 0x01, 0x39, 0x5D, 0x0C, 0xBE, 0xA6, 0xD2, 0x7C,
    0x51, 0xFE, 0x20, 0x66, 0xAB, 0x2D, 0x87, 0x96, 0x45, 0x3F, 0xB4, 0xF9, 0x10, 0xC5, 0xE2, 0xDC,
    0xFC, 0xA3, 0x25, 0x9B, 0x9D, 0x47, 0xE6, 0xB5, 0x32, 0xEF, 0x0D, 0x33, 0xEF, 0xFE, 0xB5, 0x9A,
    0x97, 0xF5, 0x77, 0xCA, 0xE9, 0x81, 0xE3, 0x2C, 0x49, 0x87, 0xD3, 0xD3, 0xB7, 0xE6, 0x9A, 0x52,
    0x8B, 0xE5, 0x1F, 0xF7, 0x93, 0xB2, 0xAF, 0xB9, 0xB4, 0x5C, 0xB3, 0xE6, 0x55, 0x37, 0x3E, 0x70,
    0xEB, 0xFC, 0xB0, 0x9D, 0xDE, 0x2D, 0xFC, 0x9B, 0x51, 0x65, 0xD7, 0x72, 0x77, 0x9B, 0x9D, 0x63,
    0x57, 0xB2, 0xCB, 0xD8, 0x45, 0x1F, 0xFA, 0x89, 0xD9, 0x15, 0x9C, 0x4A, 0xCE, 0x6E, 0xFF, 0x00,
    0xB8, 0xC2, 0x16, 0xD6, 0xEA, 0xA1, 0xF9, 0xE5, 0x7B, 0x5F, 0x85, 0xA5, 0x4F, 0xDC, 0xBC, 0x57,
    0xF1, 0xAA, 0xC3, 0x5C, 0x72, 0xCA, 0xE9, 0x63, 0x36, 0x57, 0xD8, 0xC2, 0xFF, 0x8B, 0x4F, 0x3F,
    0xC0, 0x83, 0x3B, 0x98, 0xDD, 0x2F, 0xC6, 0x82, 0x3E, 0x63, 0x8F, 0xAF, 0x7F, 0xF2, 0x76, 0x5E,
    0x49, 0x93, 0xF0, 0xE7, 0x80, 0x47, 0xE4, 0x91, 0x0C, 0x48, 0x7A, 0xA4, 0xBF, 0x6E, 0x12, 0x76,
    0xD1, 0xA2, 0x51, 0x33, 0x5B, 0x91, 0x53, 0x9F, 0x6C, 0xD5, 0x9F, 0xA7, 0x89, 0x0C, 0x1F, 0xBB,
    0x40, 0x7E, 0xD7, 0xC7, 0x2E, 0x5A, 0xDF, 0xD2, 0x63, 0xD2, 0x00, 0x96, 0xF7, 0x28, 0x3A, 0xB8,
    0x06, 0xEE, 0xDB, 0x70, 0x44, 0xB1, 0xD8, 0x83, 0xC4, 0x63, 0xC4, 0x6C, 0xC2, 0x67, 0xCB, 0x5F,
    0xA1, 0xE1, 0xB8, 0x8F, 0x13, 0x6B, 0x6A, 0x4B, 0x94, 0x1F, 0xA9, 0xA9, 0x43, 0xAB, 0xD6, 0x4E,
    0x31, 0x2B, 0x72, 0x3E, 0xE5, 0x7D, 0x0E, 0x1B, 0x13, 0xE2, 0x5A, 0x59, 0x72, 0x38, 0xAA, 0x57,
    0xBC, 0x70, 0x27, 0xD9, 0x70, 0xEB, 0x6B, 0x62, 0xCE, 0xC5, 0x38, 0x19, 0x07, 0x71, 0xD5, 0x63,
    0x14, 0xEE, 0xD6, 0x7D, 0xB2, 0xB4, 0x43, 0xCA, 0x76, 0xC8, 0xB8, 0xE5, 0xD7, 0x5B, 0xC0, 0x9B,
    0x38, 0xA4, 0xED, 0xFB, 0xF5, 0x2A, 0x36, 0x60, 0xDF, 0xB2, 0x15, 0xEA, 0xC5, 0x8C, 0xF3, 0x61,
    0xF3, 0xE1, 0x6E, 0x58, 0x8C, 0xFB, 0xBC, 0x83, 0x04, 0xE2, 0xD9, 0x35, 0xC7, 0xBF, 0xA5, 0xA4,
    0xE4, 0x10, 0x80, 0x7A, 0xB1, 0xC2, 0x57, 0x82, 0x09, 0x77, 0x34, 0x0C, 0xB6, 0x0D, 0x3D, 0x5A,
    0xB2, 0x83, 0xA3, 0x9A, 0x69, 0xC3, 0xFE, 0x3D, 0x20, 0xB2, 0xE5, 0xCA, 0x01, 0x19, 0x47, 0x14,
    0xFF, 0x31, 0xC3, 0x35, 0x2B, 0xBE, 0x8E, 0x3F, 0x3A, 0x34, 0xC9, 0xE3, 0xB6, 0x0D, 0xEE, 0x83,
    0x79, 0x1A, 0xAB, 0x6D, 0xDA, 0xDA, 0x8F, 0xB3, 0xF5, 0x61, 0xA3, 0xB6, 0x4E, 0xDD, 0x2A, 0x8F,
    0xCC, 0x0F, 0xD7, 0x03, 0x5F, 0x00, 0xF0, 0xD2, 0xE9, 0x94, 0xA2, 0x39, 0x88, 0x4D, 0x29, 0x9E,
    0xDA, 0xA8, 0x53, 0xF6, 0x26, 0x6D, 0x25, 0x89, 0x17, 0x48, 0xD2, 0xC9, 0xA4, 0x18, 0x4C, 0xEA,
    0xC6, 0x84, 0x90, 0x70, 0x97, 0x2E, 0xC8, 0x20, 0xF9, 0x09, 0xC7, 0x50, 0x64, 0x36, 0x71, 0x34,
    0x29, 0xD8, 0x48, 0x32, 0xF6, 0x92, 0x84, 0x5E, 0x02, 0xCE, 0x26, 0xED, 0x0A, 0x8D, 0x72, 0x36,
    0x8A, 0x28, 0xEB, 0x71, 0x9A, 0xDE, 0x35, 0x46, 0xAB, 0x09, 0xDA, 0x20, 0x65, 0x90, 0x6F, 0x19,
    0xA3, 0xF1, 0x78, 0x6A, 0xD1, 0x3E, 0x33, 0xB5, 0x48, 0x8D, 0xC9, 0x65, 0xAC, 0xD9, 0x6D, 0x74,
    0xC6, 0x74, 0xB2, 0x51, 0x6D, 0x10, 0x5D, 0x23, 0xAE, 0x2A, 0xF3, 0xA5, 0x49, 0xE4, 0x6C, 0x5C,
    0x8D, 0x14, 0x5F, 0x67, 0x67, 0x93, 0x13, 0x2B, 0xDF, 0x8E, 0xA2, 0x9B, 0xC5, 0x62, 0x15, 0x33,
    0x1D, 0x76, 0x4C, 0xE8, 0x37, 0x82, 0xA7, 0xAD, 0x4C, 0x7B, 0x31, 0xF7, 0x62, 0x36, 0x8A, 0x51,
    0x60, 0xF8, 0xA6, 0x17, 0xFF, 0x8F, 0xFE, 0xBE, 0x0F, 0xEB, 0x23, 0xB4, 0xAC, 0x48, 0xED, 0xE0,
    0x88, 0xD2, 0x96, 0xA7, 0x6B, 0x45, 0x14, 0xCD, 0x62, 0xEA, 0x45, 0x8E, 0xC6, 0xD9, 0xB8, 0x8A,
    0x19, 0xAB, 0x8D, 0x09, 0x3B, 0x95, 0xB4, 0xEB, 0x02, 0xED, 0x24, 0x3A, 0x5D, 0x2F, 0xC8, 0x75,
    0x58, 0x9F, 0x73, 0x30, 0x7A, 0x94, 0x76, 0xFA, 0x7A, 0x99, 0x27, 0xEF, 0x6C, 0x91, 0x65, 0x3C,
    0x9A, 0x86, 0xCE, 0x07, 0xA8, 0x2B, 0x75, 0x8C, 0x2B, 0xC2, 0x2D, 0xE1, 0xE1, 0x86, 0x68, 0xCD,
    0x48, 0x2E, 0xF5, 0x86, 0xB9, 0x15, 0x10, 0xDD, 0x53, 0x43, 0x8B, 0x09, 0x6E, 0x80, 0xAB, 0xEC,
    0x5C, 0xB0, 0x74, 0xD2, 0x9C, 0xB0, 0xB1, 0x65, 0x95, 0xAA, 0x60, 0x95, 0x7C, 0xD2, 0x8F, 0xE3,
    0xE8, 0x38, 0x3D, 0x8F, 0xC0, 0xCE, 0x4E, 0xDC, 0x64, 0x56, 0x4E, 0x7E, 0xE3, 0x81, 0xF0, 0x8E,
    0xBE, 0x1B, 0xAE, 0x25, 0x50, 0x7B, 0xB9, 0x01, 0x11, 0x01, 0x02, 0xA5, 0x7D, 0x66, 0xA0, 0x57,
    0xEC, 0xF9, 0x24, 0x8C, 0x05, 0x9B, 0xDC, 0xEB, 0xEC, 0xE8, 0x37, 0x14, 0x9D, 0x50, 0x6D, 0x28,
    0xAF, 0xDE, 0x80, 0x93, 0xEF, 0xAC, 0x27, 0xFC, 0xCE, 0x42, 0xBE, 0x3E, 0xB7, 0xFC, 0xF2, 0x58,
    0xF0, 0xCB, 0x3E, 0xE1, 0x1B, 0xC3, 0xB6, 0x75, 0x09, 0xFF, 0x42, 0x6D, 0xC6, 0xEF, 0xB3, 0xE9,
    0x8A, 0x53, 0xC4, 0x1F, 0xA3, 0x6F, 0xD3, 0x51, 0x81, 0xCF, 0xC2, 0xB2, 0xE7, 0x92, 0xF1, 0x93,
    0x84, 0xD6, 0xE0, 0x84, 0x0D, 0xC8, 0xCA, 0x16, 0x7F, 0x8A, 0x8F, 0xD4, 0xE4, 0x2F, 0x8D, 0x09,
    0xBF, 0x32, 0x6F, 0xDB, 0x12, 0xB6, 0x37, 0xB6, 0xFC, 0x17, 0xEF, 0x7E, 0x58, 0x68, 0x8E, 0x04,
    0x0E, 0xBC, 0xCD, 0x27, 0x1B, 0x23, 0xF6, 0xFF, 0x1B, 0xFF, 0x4E, 0xFC, 0x57, 0x2F, 0x32, 0xB0,
    0x12, 0x6D, 0x71, 0xC2, 0xCA, 0xB8, 0x73, 0xFC, 0xB3, 0xA3, 0x23, 0x44, 0x95, 0x98, 0x77, 0xA2,
    0x6B, 0x22, 0x92, 0x6C, 0x4A, 0xB1, 0x72, 0x22, 0x70, 0xD2, 0x9F, 0xB0, 0x77, 0x36, 0x87, 0x4C,
    0xD9, 0xE1, 0xC2, 0xE7, 0xC7, 0xE0, 0x3F, 0x83, 0x04, 0x67, 0x70, 0x88, 0xAC, 0x40, 0xC9, 0xEE,
    0x0B, 0xEC, 0xFE, 0xFF, 0xC5, 0x92, 0x91, 0x86, 0x88, 0xB9, 0x08, 0x13, 0x8B, 0x15, 0x4A, 0xC5,
    0x64, 0xE2, 0x7A, 0x93, 0xBA, 0x32, 0x99, 0x71, 0x9C, 0x64, 0x48, 0xAD, 0xFA, 0x67, 0xB5, 0x3F,
    0xE3, 0x8A, 0xDB, 0x0B, 0x12, 0x12, 0xD1, 0x2C, 0x69, 0x24, 0x1F, 0xB0, 0x97, 0xFC, 0x86, 0x5E,
    0x32, 0x72, 0x34, 0xA9, 0x67, 0x13, 0xB7, 0x9A, 0x14, 0x34, 0xC9, 0xF9, 0x0F, 0x92, 0x84, 0x3F,
    0x96, 0xC4, 0xFC, 0x95, 0x04, 0xFC, 0xB5, 0x49, 0xBB, 0x98, 0x38, 0x9A, 0x14, 0x41, 0xF2, 0x20,
    0xE9, 0x26, 0xE9, 0x84, 0x78, 0x93, 0x5A, 0x21, 0x05, 0x69, 0xED, 0xFA, 0xBE, 0x07, 0x73, 0x5A,
    0xCC, 0x17, 0xB1, 0xF0, 0xA2, 0xEB, 0x8C, 0x02, 0xFE, 0x06, 0x7B, 0x8A, 0xDE, 0xD1, 0xB8, 0x7D,
    0x7F, 0xD6, 0x2C, 0x40, 0x67, 0xD6, 0x88, 0x96, 0xE4, 0x84, 0x9C, 0x3F, 0x57, 0x15, 0x44, 0x69,
    0x2C, 0x3E, 0x3E, 0x33, 0x51, 0x66, 0x91, 0x5D, 0xCB, 0x61, 0xE3, 0x0B, 0x60, 0xDE, 0x9E, 0x42,
    0x3E, 0xBE, 0x38, 0x13, 0x78, 0x2D, 0xC8, 0x03, 0x63, 0x3C, 0xE2, 0xB9, 0x98, 0x88, 0x43, 0x2A,
    0x8D, 0x75, 0x77, 0xC6, 0x3C, 0xB0, 0x11, 0x6B, 0x01, 0x6F, 0x1A, 0xE7, 0x78, 0x92, 0xD4, 0x6F,
    0x78, 0x49, 0xC9, 0x50, 0x8C, 0x95, 0x24, 0x59, 0x5F, 0xC0, 0x53, 0xFC, 0x65, 0xDC, 0x52, 0x20,
    0x4D, 0xAD, 0x38, 0xFE, 0x6D, 0x01, 0xAC, 0x2C, 0x10, 0xD3, 0x22, 0x64, 0x2F, 0x7E, 0xA3, 0x79,
    0x1E, 0xBD, 0x93, 0xCE, 0x50, 0xCA, 0x82, 0xE4, 0x07, 0x19, 0x4D, 0x0A, 0x1F, 0x64, 0x80, 0x9E,
    0x85, 0xCB, 0xF7, 0xD7, 0x8C, 0x1E, 0xEE, 0xC7, 0x54, 0xF4, 0x2F, 0xDB, 0x9D, 0x0E, 0x88, 0xB8,
    0xDE, 0x37, 0xF1, 0x29, 0xAB, 0x4D, 0xBA, 0x24, 0x48, 0x7C, 0x5E, 0x9A, 0xDF, 0x5F, 0x5A, 0x4E,
    0x6A, 0x77, 0xBB, 0x77, 0x32, 0xAD, 0x93, 0xAD, 0x77, 0x25, 0xBD, 0xE4, 0xB7, 0x7B, 0xEF, 0x4E,
    0x26, 0xF5, 0x62, 0x52, 0x5E, 0xE8, 0xD6, 0x94, 0xEF, 0x5F, 0xE8, 0xD6, 0xA7, 0x26, 0x35, 0x4D,
    0xCA, 0xE3, 0xFE, 0x94, 0xC4, 0x41, 0x70, 0x90, 0xDA, 0x3A, 0x19, 0x65, 0xE8, 0xDD, 0x3C, 0x48,
    0x72, 0xB8, 0xFC, 0x82, 0x44, 0x93, 0x49, 0x6C, 0xF2, 0x96, 0x76, 0x42, 0xB4, 0x64, 0x5E, 0x42,
    0x0E, 0xD6, 0xE3, 0x6C, 0x24, 0xF6, 0xF6, 0x8C, 0x3A, 0xBB, 0x50, 0x5F, 0x5B, 0x57, 0x5B, 0x4F,
    0x97, 0xEA, 0xE8, 0x4C, 0xFD, 0xAC, 0x6E, 0xFB, 0xC8, 0xC8, 0x84, 0x9A, 0x7D, 0x31, 0xB7, 0x1C,
    0x0A, 0xB5, 0x25, 0x60, 0x52, 0x55, 0xE3, 0xFE, 0x1B, 0x58, 0x78, 0x1C, 0xD9, 0x97, 0xAE, 0x93,
    0x4E, 0xCD, 0x52, 0x6B, 0xC9, 0xFE, 0x19, 0xB9, 0x3C, 0xDD, 0x5F, 0xC3, 0x82, 0x24, 0x27, 0x1D,
    0x93, 0x64, 0x85, 0x98, 0x4F, 0x34, 0x54, 0xEA, 0x1C, 0xA0, 0xB7, 0x21, 0xCA, 0x4D, 0x56, 0x7B,
    0x39, 0x2B, 0x87, 0x62, 0x95, 0xD8, 0xEC, 0x7C, 0x3C, 0x96, 0xEC, 0x4C, 0x42, 0x11, 0x77, 0x90,
    0xD9, 0xC6, 0x83, 0x72, 0xB1, 0x38, 0x72, 0xDA, 0x31, 0x33, 0x36, 0x68, 0xBD, 0xD5, 0xA7, 0x40,
    0x64, 0x97, 0x42, 0x0C, 0x6D, 0x89, 0x5A, 0x6B, 0x19, 0xE9, 0x85, 0x11, 0xB8, 0x77, 0xEF, 0x2E,
    0x8E, 0x93, 0xA6, 0x1F, 0xF6, 0xAF, 0x29, 0xB9, 0xDA, 0x52, 0x76, 0x55, 0x8E, 0x60, 0xE7, 0x3C,
    0xD8, 0x6B, 0x09, 0x7D, 0xB0, 0x77, 0x47, 0x8E, 0x60, 0x2F, 0x99, 0x38, 0x8F, 0xB6, 0x77, 0x2A,
    0x6C, 0xBB, 0xD9, 0x01, 0x22, 0xAB, 0xE8, 0x44, 0x15, 0x27, 0x7D, 0x62, 0xDE, 0x8D, 0x59, 0x17,
    0x3A, 0xF9, 0xFC, 0xEB, 0x50, 0xC5, 0xF4, 0x02, 0x3A, 0x79, 0xF6, 0xF3, 0xD7, 0x7C, 0xE9, 0xCF,
    0x5F, 0xD7, 0xEF, 0x29, 0xDC, 0xC0, 0x4E, 0xF2, 0x13, 0xB3, 0xB1, 0x7E, 0x7D, 0x06, 0x34, 0xB7,
    0x1C, 0x24, 0xEF, 0xE6, 0xD5, 0x8B, 0xE7, 0x69, 0x3E, 0x3A, 0x8F, 0xC2, 0xB7, 0x3D, 0xCA, 0x9E,
    0x15, 0xCA, 0x6F, 0xCF, 0x80, 0x4B, 0x3C, 0xF0, 0xF9, 0xDB, 0xCD, 0xF5, 0xDB, 0x79, 0x9F, 0x4A,
    0x5E, 0xFE, 0x84, 0x4C, 0x7D, 0xC8, 0x44, 0x1C, 0xD5, 0xF4, 0xD4, 0xA7, 0x16, 0x43, 0x78, 0x9B,
    0x5B, 0x19, 0xDC, 0x2D, 0x96, 0x90, 0xB1, 0x98, 0x43, 0x66, 0x3A, 0xCE, 0xC8, 0x23, 0x85, 0xBB,
    0x67, 0xD6, 0x3D, 0xB3, 0xA0, 0x3E, 0x2B, 0x7C, 0x7C, 0x9C, 0x72, 0xCF, 0x14, 0x0C, 0x99, 0x29,
    0x3F, 0x38, 0x38, 0x25, 0x9C, 0xAC, 0x3D, 0x23, 0x18, 0xD2, 0x88, 0x72, 0x6F, 0x73, 0xD4, 0x86,
    0x8C, 0x62, 0xCA, 0x14, 0x16, 0xE9, 0x6B, 0x7A, 0xD9, 0xB5, 0x90, 0xB3, 0x39, 0x36, 0xA7, 0x2B,
    0x64, 0x9A, 0x8F, 0x09, 0xE7, 0xA1, 0x00, 0x2B, 0x59, 0x47, 0xB2, 0x92, 0x5D, 0x9B, 0x36, 0xE7,
    0x55, 0xAD, 0x38, 0xA8, 0xA0, 0xD6, 0x43, 0x66, 0xCE, 0x52, 0x35, 0xA2, 0xBA, 0x5D, 0xE9, 0xB8,
    0xDA, 0xDF, 0x18, 0x8C, 0xF5, 0xAD, 0xBC, 0xDD, 0xDB, 0x61, 0xBB, 0x9E, 0x0D, 0xE9, 0x11, 0x45,
    0x24, 0x93, 0x49, 0xDA, 0x5F, 0xFA, 0x46, 0xD9, 0x13, 0x84, 0x3E, 0xB8, 0xF8, 0xCA, 0x5E, 0x2F,
    0x01, 0x87, 0x20, 0x3E, 0xC8, 0x70, 0x5E, 0xF6, 0x92, 0x95, 0xED, 0x37, 0xC3, 0xA4, 0xC7, 0xD9,
    0x5F, 0x5D, 0x41, 0x93, 0x8C, 0x95, 0x24, 0x61, 0x13, 0xA4, 0x3B, 0x27, 0x71, 0x90, 0x68, 0xAF,
    0xCF, 0xDB, 0x50, 0xC8, 0x15, 0x2D, 0x17, 0x94, 0xB4, 0xF7, 0xBF, 0x43, 0xCF, 0xD8, 0x82, 0x59,
    0x78, 0x22, 0x4F, 0x07, 0xE0, 0x76, 0xB5, 0x4F, 0x55, 0xA6, 0x7A, 0x2E, 0x56, 0x2E, 0xED, 0x7A,
    0x42, 0x2E, 0x29, 0xFF, 0xFB, 0x1F, 0x53, 0x02, 0x1F, 0x65, 0xCB, 0x08, 0xA8, 0xD7, 0xE4, 0xE0,
    0xCD, 0x37, 0x62, 0x4F, 0xD1, 0x68, 0x92, 0xCC, 0x26, 0x51, 0x10, 0x3C, 0x08, 0xF2, 0x8E, 0x31,
    0x19, 0x4C, 0xAE, 0xD4, 0x20, 0x4B, 0x13, 0x90, 0x2C, 0x87, 0x59, 0xFE, 0x43, 0x00, 0xAF, 0x86,
    0x49, 0x46, 0xDC, 0x00, 0xC8, 0x86, 0xBC, 0xB3, 0x73, 0xAD, 0xB6, 0x9E, 0xE1, 0x2A, 0xA2, 0x9E,
    0x4D, 0x4A, 0xFF, 0xE2, 0x9D, 0x7A, 0xB7, 0xAA, 0x5B, 0x55, 0x3E, 0x14, 0x9D, 0x22, 0x8A, 0x15,
    0x0E, 0x67, 0xBB, 0x12, 0xF1, 0xCA, 0xA3, 0x2B, 0x76, 0x36, 0x5F, 0xF7, 0xF1, 0xD9, 0xF5, 0xFB,
    0xB3, 0xF4, 0x7C, 0x34, 0x67, 0x78, 0x82, 0x48, 0x31, 0xA6, 0x1B, 0x86, 0x62, 0x41, 0xA9, 0x1B,
    0x6D, 0x26, 0x24, 0x06, 0x1F, 0x56, 0xB8, 0xE5, 0x68, 0xC9, 0x8D, 0x39, 0xC9, 0x2A, 0xB8, 0x52,
    0xDB, 0x1D, 0xEB, 0x87, 0xAA, 0x29, 0xA2, 0x55, 0x32, 0xDD, 0x01, 0xCA, 0xC9, 0x6D, 0x18, 0x5D,
    0x03, 0xE7, 0xCB, 0x3E, 0xE2, 0x50, 0x92, 0xB2, 0x4D, 0x4F, 0x2F, 0xE4, 0xA3, 0xC3, 0x85, 0xC7,
    0xC3, 0x85, 0xB7, 0xAA, 0x63, 0xD5, 0xC7, 0xC0, 0xA7, 0xAA, 0xD3, 0x61, 0x2E, 0x25, 0xFB, 0x82,
    0x1C, 0xDC, 0x90, 0x0E, 0x75, 0x97, 0x0C, 0xF5, 0x80, 0xBB, 0xF5, 0x5A, 0xD9, 0xB2, 0x7A, 0x19,
    0x1A, 0xEB, 0x71, 0x5F, 0x75, 0xD6, 0xD3, 0xDF, 0x23, 0x9F, 0x1E, 0x6C, 0x5B, 0xAD, 0x4A, 0xB5,
    0x0F, 0xD9, 0x9C, 0x50, 0x27, 0xD4, 0xE9, 0xAB, 0x43, 0x25, 0x3B, 0x7B, 0xE8, 0xB2, 0x07, 0xB0,
    0xE7, 0x1C, 0xFD, 0xCB, 0x55, 0x58, 0x70, 0xE5, 0x84, 0x98, 0x0B, 0x92, 0x89, 0xC8, 0x87, 0xB2,
    0xF9, 0x54, 0xF5, 0xA9, 0xE6, 0x4A, 0xA3, 0x07, 0xE2, 0x01, 0x27, 0xFC, 0xC5, 0xA0, 0xF8, 0x86,
    0x4B, 0xE2, 0xF3, 0x1B, 0xE2, 0x3D, 0xBE, 0xDE, 0xE2, 0x1B, 0x2C, 0xBE, 0xB0, 0xB2, 0x7F, 0x14,
    0xDF, 0xA7, 0xCF, 0xE2, 0x13, 0x14, 0xDF, 0xA8, 0xF8, 0xFC, 0x1E, 0x1F, 0x15, 0xDF, 0x93, 0xFD,
    0x4E, 0xE1, 0xF7, 0x1F, 0x8E, 0x52, 0x36, 0x0A, 0xAA, 0x3B, 0x3C, 0x0E, 0x7F, 0x36, 0x57, 0x66,
    0xBA, 0xCA, 0x5E, 0xEE, 0x00, 0x1D, 0xB4, 0x7C, 0x14, 0x86, 0xEA, 0x13, 0x05, 0x34, 0x23, 0xEA,
    0x26, 0x44, 0xBF, 0x19, 0x80, 0x6F, 0x54, 0xD6, 0xEB, 0xD6, 0xFF, 0xE1, 0x4C, 0x08, 0xE7, 0x44,
    0xB2, 0x3E, 0xE7, 0xEB, 0xC0, 0xEE, 0x02, 0x7D, 0xD9, 0xA5, 0x63, 0x6B, 0x67, 0x02, 0x38, 0x87,
    0x41, 0xD6, 0xEE, 0x02, 0x57, 0xE7, 0x90, 0xDD, 0x07, 0xFD, 0x05, 0xA2, 0xF6, 0xC9, 0x05, 0x86,
    0x8A, 0xAF, 0x98, 0x51, 0x3B, 0x41, 0x66, 0xCB, 0xF2, 0xC2, 0x88, 0xD4, 0x2E, 0xF1, 0xCF, 0x9E,
    0x5B, 0xDF, 0x6B, 0xBD, 0x98, 0x8E, 0x62, 0x25, 0xC6, 0xEF, 0xDB, 0xBE, 0x76, 0xDA, 0x14, 0x1B,
    0xCA, 0x6D, 0x73, 0xDB, 0x56, 0x6F, 0x5B, 0xDB, 0xE0, 0x3E, 0xED, 0x49, 0x72, 0x2C, 0x19, 0x7E,
    0x27, 0xFF, 0xDD, 0x5B, 0x87, 0x88, 0xC3, 0x4B, 0x11, 0x39, 0x21, 0xCC, 0x0A, 0x3B, 0x64, 0xCB,
    0xE1, 0xB5, 0x27, 0x7F, 0xB8, 0xFB, 0x50, 0xAD, 0x6D, 0xAC, 0xC2, 0x3F, 0xC9, 0x2B, 0x94, 0x0F,
    0x81, 0xDB, 0x8F, 0x80, 0xBC, 0x2F, 0x3A, 0x40, 0x1D, 0x84, 0xD0, 0x45, 0x80, 0xC5, 0x04, 0x37,
    0xE0, 0x42, 0xBA, 0x49, 0x1E, 0xDB, 0x2D, 0x75, 0xD9, 0xB6, 0xD9, 0x82, 0x2B, 0xBE, 0xE3, 0x51,
    0x7E, 0x6F, 0x80, 0xFB, 0x5E, 0x8F, 0xFA, 0xBB, 0xCD, 0xD5, 0x79, 0xF8, 0x14, 0x45, 0x98, 0x1F,
    0x14, 0xB4, 0xC1, 0xB1, 0x94, 0x2C, 0xA7, 0xD2, 0x15, 0x33, 0x56, 0xB8, 0x6A, 0x93, 0xC7, 0x70,
    0xD8, 0xA4, 0xC6, 0x6B, 0x12, 0x87, 0x3B, 0x92, 0x02, 0x90, 0xE0, 0x54, 0x1C, 0xB9, 0x1E, 0x8B,
    0xFD, 0xDB, 0xC7, 0x93, 0x72, 0x15, 0x13, 0x52, 0xF6, 0xA4, 0x07, 0x39, 0x9C, 0x47, 0x6C, 0xEC,
    0x39, 0xA6, 0x26, 0x27, 0x6D, 0xF9, 0xB6, 0x1D, 0xC7, 0xAA, 0x2B, 0x47, 0xDB, 0xE5, 0xF1, 0x73,
    0x86, 0xB6, 0x9A, 0xBD, 0xE2, 0xD7, 0x7C, 0xB1, 0x0C, 0x6B, 0xBB, 0xAF, 0x49, 0x4A, 0x2E, 0x12,
    0x17, 0x5A, 0x72, 0x27, 0x1E, 0x71, 0x94, 0x1C, 0x89, 0x92, 0x5E, 0x52, 0xD0, 0xDF, 0xE6, 0x80,
    0x68, 0xAD, 0x22, 0xF5, 0xDA, 0x82, 0xAB, 0x92, 0xFE, 0x9C, 0x80, 0xDE, 0xE6, 0x71, 0x1C, 0xED,
    0x6C, 0x68, 0xD7, 0xAA, 0x98, 0xD4, 0x0A, 0x73, 0xA5, 0x38, 0xFB, 0xFD, 0x16, 0x00, 0xFE, 0x98,
    0x83, 0x8D, 0x19, 0x85, 0xE2, 0x99, 0x4B, 0xA8, 0xC0, 0x63, 0x05, 0x55, 0x2B, 0xA8, 0xD7, 0x32,
    0xC5, 0xF4, 0x79, 0x3C, 0x3A, 0x9B, 0x64, 0x55, 0x32, 0xC2, 0x98, 0x9D, 0xFE, 0xFE, 0x39, 0x7D,
    0x02, 0x36, 0xC6, 0x9F, 0x53, 0xE4, 0xC6, 0x88, 0xFC, 0x25, 0x1B, 0x90, 0x39, 0x2B, 0x94, 0x63,
    0xFA, 0xC4, 0x9C, 0x5D, 0x71, 0x2C, 0x4A, 0x2F, 0x9E, 0xC1, 0x85, 0xB5, 0xBD, 0x34, 0xDE, 0xBA,
    0x77, 0x0F, 0x17, 0xD2, 0xF3, 0xB0, 0xF6, 0x0B, 0xDB, 0x7F, 0x6A, 0x57, 0xF5, 0x2D, 0x49, 0xCE,
    0x59, 0x92, 0x72, 0x94, 0x44, 0xED, 0xA3, 0x17, 0xCF, 0xE1, 0x4F, 0xE3, 0xD6, 0x69, 0x58, 0x05,
    0x5E, 0x53, 0x50, 0x1F, 0x28, 0xA8, 0x8C, 0x62, 0xA2, 0xFD, 0x80, 0xBF, 0xAC, 0x9E, 0x8F, 0xDB,
    0xA8, 0x61, 0xE9, 0xFD, 0x4E, 0x8C, 0xBA, 0x7E, 0x97, 0xFD, 0x4B, 0x2B, 0xF2, 0xE2, 0x99, 0x6E,
    0x6E, 0x03, 0xFF, 0xDE, 0x9D, 0x86, 0x13, 0x8B, 0x7B, 0x68, 0x1F, 0x34, 0xE2, 0x67, 0xF0, 0x7C,
    0x4C, 0x8F, 0x99, 0x5B, 0xD7, 0x2F, 0xE5, 0x28, 0x99, 0x9C, 0x4D, 0x45, 0xFC, 0x63, 0x48, 0xBA,
    0xE9, 0x05, 0xBC, 0x4B, 0x33, 0xD3, 0x00, 0xBF, 0x16, 0xF3, 0xC6, 0xD9, 0x0D, 0x8A, 0xA6, 0xAE,
    0x36, 0xF6, 0x0B, 0xB4, 0x80, 0xF1, 0xD6, 0xF3, 0xF0, 0xF9, 0xC6, 0xD9, 0xD6, 0x07, 0xDB, 0x2A,
    0xB3, 0x6D, 0xC2, 0xD9, 0x59, 0x8A, 0x07, 0x41, 0x46, 0x63, 0xE4, 0x4D, 0xE2, 0x83, 0x3C, 0x7D,
    0x24, 0x51, 0x1D, 0x4A, 0x8F, 0xFF, 0x90, 0x26, 0x66, 0xE3, 0xD9, 0x6F, 0x87, 0x65, 0xB5, 0x57,
    0x0F, 0xCC, 0x42, 0x7C, 0xE0, 0xE7, 0x44, 0x5A, 0x49, 0x0E, 0xE2, 0x2B, 0xD5, 0xD1, 0x42, 0x48,
    0x3B, 0x89, 0x16, 0xC4, 0x6A, 0x7A, 0xB6, 0x76, 0xB2, 0x4F, 0x69, 0x2F, 0x4D, 0xE4, 0x02, 0x37,
    0x6D, 0x52, 0x29, 0x57, 0xCF, 0xCA, 0x65, 0xEC, 0xD1, 0xCE, 0xC8, 0xC6, 0xB0, 0x92, 0xB1, 0x22,
    0x1B, 0x10, 0xB3, 0x07, 0x89, 0x7C, 0xD0, 0xA4, 0x28, 0x52, 0xAE, 0x57, 0x2E, 0x26, 0x2B, 0xB5,
    0x9D, 0x3E, 0xF9, 0x2D, 0x9B, 0xC2, 0x72, 0xE9, 0x7F, 0xB1, 0x2B, 0x34, 0x71, 0x1F, 0xB3, 0x5F,
    0xB1, 0x57, 0x4C, 0xF5, 0x94, 0xF7, 0x1C, 0x9C, 0x3D, 0x24, 0xE5, 0x1D, 0xBD, 0xE5, 0xE6, 0xA2,
    0x6B, 0x47, 0xE5, 0xCA, 0xB9, 0x6C, 0xEA, 0xE9, 0xA1, 0x72, 0x8B, 0x83, 0x9B, 0x7F, 0x04, 0xA0,
    0x58, 0x6B, 0x94, 0xF3, 0xBB, 0x6A, 0xFB, 0xFA, 0x18, 0xC5, 0x32, 0x2B, 0xC7, 0x65, 0xDB, 0xA6,
    0x70, 0x57, 0x3F, 0xE4, 0xD2, 0x8D, 0x61, 0xDC, 0x4A, 0x36, 0xDA, 0x7D, 0xDE, 0x78, 0x96, 0x8B,
    0xCD, 0x30, 0x7B, 0x04, 0xB7, 0x54, 0xFB, 0xA0, 0x9C, 0x4C, 0x62, 0xCE, 0xA6, 0xE9, 0xC8, 0x83,
    0x55, 0xAE, 0x31, 0x83, 0xED, 0xD1, 0x9C, 0xEC, 0xCB, 0x31, 0x67, 0xD7, 0xB2, 0x77, 0x53, 0xC6,
    0x26, 0x5F, 0xE1, 0x66, 0xCC, 0x48, 0x89, 0x5A, 0x9A, 0x10, 0xED, 0x1A, 0x59, 0x5F, 0x93, 0xF1,
    0x88, 0x98, 0x5F, 0xFC, 0x80, 0x89, 0x47, 0xC4, 0x6F, 0xFF, 0x86, 0xAF, 0x7B, 0x80, 0xEF, 0xFD,
    0x8A, 0xEF, 0x0D, 0xD2, 0x81, 0xFF, 0x24, 0xFD, 0x69, 0xDF, 0xFE, 0xB4, 0x07, 0xDA, 0x5F, 0x76,
    0xF5, 0x2F, 0x3B, 0xA0, 0x66, 0xE3, 0xB8, 0xA9, 0x63, 0xE5, 0xD8, 0x48, 0x51, 0x84, 0xC5, 0x0B,
    0xE4, 0x94, 0x0F, 0x4B, 0xD0, 0x7C, 0x46, 0xB6, 0x86, 0xEE, 0xAD, 0x24, 0xE9, 0xFE, 0x2B, 0xB2,
    0x97, 0xB8, 0xF7, 0xA6, 0x70, 0xE2, 0x2C, 0xCF, 0x76, 0x2F, 0xE1, 0xD8, 0x91, 0xAB, 0xE4, 0x84,
    0x03, 0xD2, 0x25, 0x18, 0x34, 0x9A, 0x05, 0x79, 0x78, 0x27, 0xB2, 0xE8, 0xAC, 0x4A, 0x57, 0xE9,
    0x90, 0xDD, 0x63, 0xB3, 0xEE, 0xFD, 0xD9, 0xAA, 0xFB, 0x6D, 0x38, 0xEB, 0x82, 0x8B, 0xD6, 0x56,
    0x58, 0x13, 0xAD, 0x76, 0x11, 0xD9, 0x47, 0x96, 0xB0, 0x5F, 0x44, 0x4E, 0xBB, 0x58, 0xC7, 0x9C,
    0x75, 0x0B, 0xA7, 0xBD, 0x4B, 0xAC, 0x43, 0xF6, 0xEE, 0xB0, 0xCE, 0xD8, 0x03, 0xF2, 0x39, 0x9B,
    0xC0, 0x92, 0x55, 0xBC, 0x20, 0xDD, 0x38, 0xD9, 0x42, 0x9C, 0x3A, 0xBB, 0x4B, 0xE5, 0xFA, 0x90,
    0xC9, 0x63, 0x9F, 0xCB, 0xD9, 0xA9, 0x90, 0xAF, 0x73, 0x59, 0xC9, 0x4D, 0x67, 0xCD, 0x7E, 0x78,
    0x36, 0x33, 0x30, 0xEE, 0x97, 0x96, 0x37, 0x0E, 0x62, 0xDB, 0x9D, 0x91, 0x95, 0x95, 0xB1, 0x40,
    0x16, 0x9B, 0x21, 0x85, 0x5D, 0x47, 0xFB, 0xBA, 0xDF, 0x88, 0x15, 0x96, 0x1E, 0x62, 0x96, 0xF0,
    0x4B, 0x0C, 0xB2, 0xEE, 0x5F, 0xBE, 0x78, 0xDD, 0x02, 0x0B, 0xEC, 0xF0, 0x4E, 0xF0, 0x62, 0xA5,
    0xBD, 0x98, 0x37, 0xCF, 0x0C, 0x9C, 0x5C, 0x2F, 0xB2, 0x42, 0x3B, 0xE3, 0x35, 0x44, 0x1C, 0xF1,
    0x2A, 0x12, 0x0E, 0x56, 0x53, 0x67, 0x15, 0xD9, 0x1E, 0xAB, 0x68, 0x1E, 0x46, 0xB2, 0xFC, 0xB2,
    0x22, 0xCB, 0x85, 0x22, 0x59, 0x93, 0xB0, 0x47, 0xDE, 0xE4, 0x6C, 0xE0, 0x2A, 0x15, 0xA9, 0xAD,
    0x2E, 0x9E, 0xE3, 0xBA, 0xAF, 0x31, 0x0E, 0xB6, 0x8E, 0x90, 0xEC, 0x6B, 0x8C, 0xFD, 0xBE, 0xC6,
    0xA8, 0x52, 0x8B, 0xB6, 0x9A, 0x9C, 0x1F, 0xC0, 0x8D, 0xDF, 0x54, 0xD9, 0xB0, 0x6C, 0x5B, 0xD9,
    0xA2, 0x69, 0x79, 0x58, 0x91, 0x3D, 0xFB, 0xFA, 0x95, 0x7C, 0xC5, 0x6B, 0xE5, 0x8C, 0xC7, 0xFB,
    0x7E, 0xDA, 0x80, 0xD2, 0x3C, 0x68, 0x87, 0x63, 0x96, 0x37, 0xD7, 0x9B, 0x74, 0xB0, 0x9B, 0x08,
    0x8A, 0xC3, 0x96, 0x4F, 0xFB, 0xFF, 0xFA, 0x7C, 0xB5, 0xDE, 0x14, 0x5D, 0x59, 0xE9, 0x54, 0x59,
    0xF7, 0x8B, 0x6B, 0xBF, 0xAC, 0xEA, 0xFE, 0xA6, 0x7A, 0x13, 0x55, 0xD1, 0xDD, 0x64, 0xCC, 0x86,
    0x68, 0x29, 0x3B, 0x8D, 0xFB, 0xAA, 0xC8, 0x3C, 0xBA, 0xFD, 0xF6, 0xD5, 0x7A, 0xF3, 0xF2, 0xDD,
    0x94, 0x4B, 0x11, 0xFE, 0x97, 0x94, 0xA7, 0x6F, 0xDA, 0xEF, 0x9B, 0x9F, 0xFC, 0xF3, 0x3F, 0xE5,
    0x5B, 0x31, 0xAC, 0xE6, 0xD8, 0x55, 0x3E, 0xB6, 0x33, 0xCF, 0x62, 0x4D, 0x64, 0x0A, 0x36, 0x68,
    0x67, 0x84, 0xDC, 0x50, 0xA0, 0x24, 0x8A, 0x6B, 0xA4, 0xCD, 0xDA, 0x49, 0x44, 0xB5, 0x05, 0x5B,
    0xE4, 0x89, 0x22, 0xC5, 0x36, 0x54, 0x20, 0xF1, 0x1A, 0x1A, 0xA4, 0x64, 0xAF, 0xA3, 0x14, 0x29,
    0x68, 0x9E, 0x50, 0x44, 0xBD, 0xC5, 0x16, 0x68, 0x16, 0x69, 0x29, 0xB7, 0xD8, 0x19, 0x7B, 0x49,
    0x99, 0x02, 0x27, 0x28, 0x0D, 0x34, 0x06, 0xAD, 0x80, 0x84, 0x22, 0x37, 0xE0, 0x45, 0x9E, 0x60,
    0xFB, 0xC3, 0xDF, 0x39, 0xB6, 0xFD, 0xBF, 0x79, 0x2F, 0x64, 0x66, 0xB3, 0x93, 0xCC, 0x0B, 0x57,
    0xF3, 0x7F, 0xDF, 0x37, 0xFF, 0x6F, 0xDB, 0xF7, 0x9E, 0x7B, 0x7D, 0xEF, 0x39, 0xC7, 0xF7, 0x09,
    0xCB, 0x7B, 0x8A, 0x02, 0xA3, 0xFA, 0x94, 0x82, 0x69, 0x81, 0x0B, 0x60, 0x14, 0x49, 0x00, 0x5C,
    0x8A, 0xB8, 0x85, 0x2A, 0x09, 0xF1, 0x41, 0x8C, 0x4E, 0x62, 0x94, 0x82, 0x5E, 0xD2, 0x59, 0xA4,
    0x18, 0x25, 0x1B, 0x45, 0xF2, 0x49, 0x8A, 0x41, 0x24, 0x9B, 0x95, 0x52, 0x88, 0xEB, 0x1F, 0xA7,
    0xE4, 0x20, 0x3B, 0xA4, 0x20, 0xCD, 0xBC, 0x82, 0xA4, 0x13, 0xAF, 0xC0, 0x2B, 0xA5, 0x10, 0xFE,
    0x90, 0xA0, 0x92, 0xDA, 0xDB, 0xFD, 0x1A, 0x91, 0x1A, 0x60, 0x35, 0x33, 0xA0, 0x67, 0xED, 0xEA,
    0xB9, 0x94, 0xBD, 0x44, 0x7E, 0x81, 0x78, 0xA0, 0xDA, 0x20, 0xF8, 0x8A, 0x97, 0x7B, 0x40, 0x2B,
    0xC0, 0x2C, 0x31, 0x21, 0x9D, 0x62, 0x94, 0x79, 0x2F, 0x68, 0x0A, 0x2F, 0x68, 0x5D, 0x27, 0x75,
    0x57, 0x77, 0xE2, 0xFC, 0x63, 0xE0, 0xBC, 0xB8, 0xAE, 0xF0, 0x52, 0xB7, 0x05, 0x0F, 0xD6, 0xD3,
    0xF4, 0x02, 0x81, 0xDE, 0xFA, 0xDE, 0x7E, 0xE3, 0xB4, 0x32, 0xCE, 0x5B, 0xE3, 0xF4, 0x31, 0xCE,
    0x9B, 0x02, 0x90, 0x1C, 0x28, 0xC9, 0x19, 0x26, 0x39, 0x43, 0x27, 0xC1, 0x72, 0x7E, 0xC0, 0x06,
    0x4D, 0xF2, 0x0C, 0xB8, 0xBD, 0xC2, 0x02, 0x2F, 0xC1, 0x48, 0xEE, 0x25, 0x22, 0x2F, 0x56, 0xCB,
    0x68, 0xA1, 0x02, 0x80, 0x37, 0x6B, 0xF2, 0x54, 0x89, 0x16, 0x16, 0x96, 0xCF, 0xA0, 0x93, 0x93,
    0xC2, 0xB3, 0x89, 0x33, 0x51, 0x4E, 0xF0, 0x0F, 0xC7, 0x1A, 0x25, 0xD0, 0xBB, 0x05, 0xE7, 0x2A,
    0x41, 0x59, 0x8C, 0x12, 0x81, 0x17, 0x7F, 0x7A, 0xAC, 0x14, 0x7F, 0x08, 0x22, 0x16, 0x0C, 0x80,
    0x1F, 0xA1, 0x12, 0x20, 0x45, 0x29, 0x79, 0x1F, 0x7F, 0x20, 0x5B, 0x99, 0x82, 0x71, 0xD7, 0xC5,
    0xAB, 0x7E, 0xD7, 0x19, 0xDA, 0x5D, 0x27, 0xA8, 0x76, 0x1D, 0x41, 0x7E, 0x6A, 0xA9, 0x75, 0x50,
    0x87, 0xA0, 0x25, 0xDC, 0x02, 0xD3, 0xAA, 0x23, 0x62, 0xB3, 0xE9, 0x26, 0x81, 0x0F, 0x07, 0x89,
    0xD1, 0x2E, 0x5A, 0xEA, 0x21, 0xF2, 0x92, 0xA2, 0xA2, 0x2E, 0xC6, 0xA8, 0x93, 0x1C, 0x42, 0x9D,
    0xD1, 0x26, 0x6E, 0x52, 0x9D, 0x82, 0xF6, 0x1E, 0x76, 0x1D, 0xC2, 0xAB, 0x4E, 0x20, 0xBC, 0xCC,
    0xA6, 0x79, 0x99, 0x5D, 0xE7, 0x90, 0x5D, 0xBB, 0xE9, 0xD0, 0x18, 0x4C, 0xA7, 0xD0, 0xCB, 0x98,
    0xE6, 0x70, 0x6E, 0x4C, 0x67, 0xA3, 0x5E, 0xE6, 0x65, 0xAB, 0x8F, 0x5E, 0x66, 0xA4, 0xAE, 0xBD,
    0xB8, 0x51, 0x02, 0x6A, 0xDE, 0x92, 0xBD, 0x3F, 0x68, 0xBB, 0xCA, 0x90, 0xD8, 0x3B, 0xB5, 0xB3,
    0xE9, 0x1A, 0x98, 0x4B, 0xD3, 0x9B, 0x41, 0x5F, 0x92, 0xBB, 0x66, 0x1E, 0x8E, 0xE1, 0x87, 0x62,
    0xD6, 0x91, 0xF4, 0x3F, 0x47, 0x31, 0xE3, 0x2C, 0xD4, 0x8B, 0xD9, 0x46, 0x02, 0x74, 0x62, 0xA6,
    0x11, 0xA9, 0x1B, 0xB1, 0x9A, 0xF0, 0x6A, 0xDE, 0x0C, 0xB3, 0xCB, 0x14, 0x3C, 0xB9, 0x5B, 0xA5,
    0x0F, 0xD1, 0x58, 0x2B, 0xA3, 0x36, 0x46, 0xB9, 0x1B, 0x65, 0x3E, 0x6C, 0x32, 0x1E, 0x26, 0xE9,
    0x77, 0x89, 0xEE, 0x30, 0x48, 0x73, 0xD8, 0xE3, 0x30, 0xC7, 0x4C, 0x69, 0xD6, 0x18, 0xE5, 0xAD,
    0xCD, 0x18, 0x3E, 0xE8, 0x37, 0x5B, 0x74, 0x91, 0x3F, 0x4C, 0xE1, 0xCD, 0x12, 0x5A, 0x33, 0x33,
    0x04, 0x25, 0x07, 0xD3, 0xA7, 0xBC, 0x7C, 0x59, 0x5E, 0x5C, 0x04, 0x1B, 0xE9, 0xF4, 0x61, 0xCA,
    0x16, 0x95, 0x7F, 0x7B, 0x58, 0xBF, 0x4B, 0xCD, 0x5C, 0xB5, 0x67, 0xAF, 0x52, 0x39, 0xCE, 0x55,
    0xD5, 0xAA, 0xE4, 0xBE, 0x6C, 0x8A, 0xE5, 0x0C, 0xF0, 0xB1, 0x9A, 0xAE, 0xDE, 0x94, 0xDE, 0x33,
    0xA1, 0x4A, 0xE6, 0x70, 0x51, 0x4D, 0x02, 0xC9, 0x06, 0x59, 0x54, 0x99, 0x4E, 0xC2, 0xF9, 0xA7,
    0xE3, 0x34, 0x48, 0xE5, 0x16, 0x55, 0x93, 0x54, 0xA1, 0x95, 0x5A, 0x55, 0x84, 0xCA, 0x94, 0x1A,
    0x80, 0xCA, 0x73, 0x16, 0xB5, 0x06, 0xF3, 0x54, 0x92, 0xFE, 0x0B, 0x2F, 0x8B, 0x81, 0x0A, 0x6D,
    0xD4, 0xE6, 0xB3, 0xD4, 0x3E, 0x42, 0x95, 0x36, 0x29, 0x4E, 0xEB, 0x82, 0x3F, 0xA0, 0x12, 0xF7,
    0x28, 0x57, 0x55, 0xD5, 0x18, 0x6D, 0x62, 0xE8, 0x4D, 0x85, 0x8B, 0xCA, 0xAC, 0x7D, 0x19, 0xCA,
    0x04, 0x14, 0x34, 0xF7, 0xF3, 0xA1, 0xEE, 0x08, 0x9B, 0x4E, 0xF5, 0x46, 0x26, 0xD9, 0x48, 0x15,
    0xCC, 0x45, 0xEB, 0x86, 0x45, 0x01, 0x53, 0x01, 0x74, 0x3A, 0x8E, 0xC7, 0x0C, 0x28, 0xA5, 0xA6,
    0x0A, 0xB1, 0x4D, 0x2C, 0xC1, 0x74, 0x75, 0xBA, 0x88, 0x51, 0x6E, 0xCC, 0xB6, 0xF3, 0x7B, 0x32,
    0x8F, 0x5B, 0x2D, 0xC0, 0xEB, 0x5F, 0xE7, 0x02, 0xCD, 0x8D, 0x7C, 0xB6, 0x72, 0x80, 0xEA, 0xE7,
    0xE1, 0x3B, 0x2B, 0xBF, 0x61, 0x1C, 0xCC, 0x64, 0xB6, 0x6E, 0x61, 0x6D, 0xDB, 0xC2, 0xB5, 0xB1,
    0xD5, 0x7F, 0xE3, 0x10, 0x57, 0xDB, 0x97, 0x4C, 0xC6, 0xC5, 0xB8, 0xFE, 0xEC, 0xD7, 0x9F, 0x5B,
    0x65, 0x99, 0xEC, 0xA8, 0x4E, 0xEE, 0x55, 0xF9, 0x70, 0x0F, 0x55, 0x31, 0x72, 0x0D, 0xE3, 0x8C,
    0x9F, 0x0F, 0xEC, 0xFB, 0x2E, 0xE2, 0x85, 0x4F, 0xE1, 0x0B, 0x98, 0x4E, 0xA1, 0xCC, 0x08, 0xE9,
    0x01, 0xE3, 0x53, 0x41, 0x81, 0x9E, 0x30, 0xA4, 0xAC, 0x9F, 0xC1, 0xB0, 0x40, 0xDE, 0xB3, 0xCE,
    0xDE, 0x96, 0x37, 0xEB, 0x89, 0x74, 0x66, 0x37, 0x75, 0x52, 0xA0, 0x17, 0x87, 0x76, 0x61, 0x2C,
    0x9F, 0x51, 0x8A, 0x55, 0x27, 0x98, 0xE5, 0x6C, 0x62, 0x13, 0xF9, 0xB8, 0x40, 0x82, 0x51, 0xCF,
    0xA6, 0xAE, 0x76, 0xFD, 0x3F, 0x68, 0x77, 0xFD, 0xDF, 0xF0, 0xBB, 0xEE, 0xD1, 0x1F, 0xDA, 0x8D,
    0x87, 0x2E, 0xE6, 0x43, 0x67, 0x38, 0x74, 0x8A, 0xAF, 0xEF, 0x3A, 0xC2, 0xFB, 0xBB, 0x0E, 0xF1,
    0xE3, 0x5D, 0x0B, 0x3E, 0x3C, 0x74, 0x3D, 0x1D, 0xBA, 0xC0, 0xA1, 0x33, 0xD3, 0x0D, 0x75, 0x8A,
    0x31, 0xEA, 0x42, 0x54, 0xD4, 0xF1, 0xA2, 0x27, 0x5D, 0x48, 0x06, 0x09, 0x17, 0xAD, 0xF3, 0xB2,
    0x43, 0x23, 0x1C, 0xCD, 0xE8, 0x4D, 0xD7, 0xA3, 0x5C, 0x9C, 0x38, 0x47, 0x79, 0xB3, 0x0A, 0xE7,
    0x57, 0x81, 0x43, 0xAC, 0x76, 0x73, 0x7E, 0x35, 0x5A, 0x5E, 0x6D, 0x16, 0xDB, 0xCD, 0xB5, 0xDB,
    0x6A, 0x35, 0x54, 0x8C, 0x5E, 0xAD, 0x44, 0x61, 0x26, 0x8A, 0x28, 0xD4, 0x3E, 0xAE, 0x5F, 0x8D,
    0x93, 0xF7, 0x66, 0x19, 0x0A, 0x33, 0x0B, 0x05, 0x6D, 0x42, 0x61, 0x06, 0xA1, 0xA0, 0x35, 0x4C,
    0xD4, 0xD3, 0x2A, 0x0A, 0xAC, 0x22, 0xDB, 0x44, 0xBA, 0x89, 0x58, 0x85, 0xB6, 0x9D, 0x82, 0x8D,
    0xA5, 0xF0, 0x14, 0x35, 0x85, 0x58, 0x29, 0xAE, 0x09, 0xD7, 0xAD, 0x02, 0x8D, 0x71, 0x8C, 0xCA,
    0x44, 0x01, 0x59, 0xC5, 0xB0, 0x8A, 0xEC, 0x72, 0x15, 0x45, 0x65, 0x8C, 0x76, 0xE5, 0xEE, 0x31,
    0x6E, 0x8F, 0xE3, 0x6E, 0x2E, 0xC1, 0xBB, 0x21, 0xA7, 0x4A, 0x7F, 0x31, 0xA6, 0xE8, 0x16, 0xC6,
    0xE4, 0xD0, 0x2F, 0x5C, 0xEB, 0xAA, 0x53, 0xFB, 0x14, 0x3F, 0xA4, 0xDD, 0x7D, 0x0C, 0xC9, 0x57,
    0xCE, 0x3E, 0x0E, 0x4E, 0x56, 0x76, 0x68, 0x41, 0x77, 0xB7, 0x46, 0x47, 0x5E, 0xEB, 0xBD, 0xB1,
    0x6B, 0xAF, 0xD8, 0x24, 0x78, 0x6C, 0x6A, 0xAB, 0xA7, 0x95, 0x7B, 0xE3, 0x9C, 0x3F, 0x8F, 0xE1,
    0x48, 0xED, 0xCC, 0xF9, 0xCA, 0xED, 0xD4, 0x14, 0x25, 0x29, 0x9A, 0xE5, 0x7A, 0x49, 0xB7, 0x25,
    0xA3, 0xB1, 0x13, 0x5A, 0x33, 0xBA, 0x27, 0xB9, 0x5A, 0xE9, 0x81, 0x1B, 0x48, 0x63, 0x31, 0xAA,
    0xC3, 0xC9, 0x28, 0x40, 0x1F, 0x26, 0x92, 0x57, 0x4A, 0xBC, 0xF6, 0x57, 0xAA, 0x4E, 0x98, 0x64,
    0x4D, 0xC8, 0xCB, 0xE4, 0x00, 0xBA, 0xDD, 0x95, 0x75, 0xD0, 0x07, 0xC0, 0xC2, 0x11, 0x99, 0x94,
    0x58, 0xD7, 0x6C, 0x96, 0xC8, 0x62, 0x8D, 0x58, 0xA9, 0x62, 0x87, 0xD7, 0xF0, 0x2B, 0x05, 0x65,
    0xF0, 0x9A, 0x44, 0x7D, 0xD2, 0x49, 0x30, 0xF1, 0x49, 0xA9, 0xD9, 0x94, 0x82, 0x0D, 0xC9, 0x58,
    0x9B, 0xB3, 0xB7, 0x64, 0x2D, 0xF7, 0x40, 0x27, 0x49, 0xD7, 0x7D, 0xED, 0xB2, 0x7C, 0x14, 0xD7,
    0x70, 0xA1, 0xAE, 0x16, 0xF8, 0x84, 0x24, 0x7A, 0xCA, 0xCC, 0xE3, 0xE8, 0xC2, 0x2C, 0x90, 0x4D,
    0xC9, 0x2C, 0x85, 0x5F, 0xC0, 0x75, 0x0B, 0xD4, 0x5D, 0xBA, 0x80, 0xCF, 0x67, 0xAD, 0xF0, 0x9B,
    0x39, 0xFE, 0x01, 0x7D, 0x3C, 0x97, 0x75, 0xE5, 0xE4, 0xC1, 0xE2, 0x54, 0xA4, 0xEA, 0x24, 0x6D,
    0x13, 0xB6, 0xD4, 0x98, 0x1D, 0x66, 0xF3, 0x3A, 0x9F, 0xF6, 0xDF, 0x72, 0x96, 0xC3, 0x54, 0x63,
    0x7E, 0x51, 0xEE, 0x48, 0xDE, 0x38, 0x49, 0x7F, 0x3C, 0xF3, 0xD1, 0xB1, 0x79, 0x9E, 0x26, 0xFB,
    0x74, 0xB5, 0x7A, 0x25, 0x5E, 0x82, 0xDA, 0x3C, 0x19, 0x73, 0xE5, 0x68, 0xC7, 0x27, 0xFC, 0xA8,
    0xDF, 0xC3, 0xB5, 0x17, 0xEC, 0xA5, 0xC4, 0x8B, 0x98, 0x05, 0xB5, 0xF2, 0x44, 0x29, 0x26, 0xA5,
    0x74, 0x90, 0xEB, 0xC5, 0x26, 0xA8, 0x04, 0x18, 0xC4, 0xBA, 0xAE, 0xB4, 0x38, 0xAF, 0xB5, 0xB8,
    0xD2, 0x5B, 0x5C, 0x39, 0x58, 0x5C, 0x39, 0x7E, 0xC4, 0xB8, 0x12, 0x4F, 0x19, 0x57, 0x0E, 0x7B,
    0x5C, 0xB9, 0x8C, 0x89, 0x2F, 0xD3, 0x7D, 0xA6, 0x4F, 0x9B, 0x7A, 0x5D, 0xC8, 0x6D, 0xC1, 0xB1,
    0x87, 0x23, 0xFC, 0xEB, 0x63, 0x54, 0x54, 0x22, 0x40, 0xFF, 0x0C, 0x22, 0xCC, 0xA2, 0x74, 0x6A,
    0xBE, 0xEF, 0x8E, 0xA4, 0x98, 0x3F, 0xD8, 0x3A, 0x76, 0x3C, 0xB2, 0xA7, 0xC5, 0x42, 0x4D, 0x4F,
    0xCA, 0xE0, 0xD7, 0x40, 0x73, 0x8D, 0x0B, 0x3F, 0x2E, 0x6A, 0x0F, 0xDA, 0x43, 0x4B, 0x8B, 0x2C,
    0x2D, 0xB0, 0xDC, 0x1F, 0xC6, 0x35, 0xAC, 0x8C, 0x16, 0x3A, 0x82, 0xCA, 0x17, 0xD5, 0x9D, 0x2E,
    0x2A, 0xC7, 0x56, 0xFD, 0xCB, 0xA4, 0xFD, 0xAF, 0xD1, 0x3A, 0xFC, 0x31, 0x9B, 0xFE, 0x71, 0x79,
    0xC4, 0x67, 0x25, 0x46, 0x71, 0x8A, 0xCF, 0x3E, 0xBE, 0xCC, 0x31, 0xCB, 0x35, 0xBA, 0xB1, 0xE4,
    0xE5, 0x1B, 0x24, 0xD7, 0xA0, 0x3C, 0x88, 0x5F, 0xDE, 0xBA, 0x0E, 0xC9, 0x30, 0xEF, 0x6D, 0xBD,
    0x73, 0x7E, 0x7E, 0xAD, 0x9D, 0x7F, 0xBA, 0xB5, 0x8F, 0x58, 0x89, 0x14, 0xAA, 0xEF, 0xC8, 0x6F,
    0x8A, 0x96, 0x5F, 0x4E, 0x47, 0x69, 0x8C, 0x75, 0xF8, 0xB2, 0xC9, 0x70, 0xA4, 0x5C, 0x58, 0xE7,
    0x5F, 0xE5, 0xFE, 0x12, 0x39, 0x2F, 0xD5, 0x00, 0xCD, 0xDE, 0xFE, 0x64, 0x24, 0xA6, 0x1D, 0x31,
    0xAB, 0x88, 0x2F, 0x3D, 0xC7, 0x7D, 0xF7, 0x94, 0x53, 0xDA, 0xED, 0xEF, 0xBB, 0xA7, 0x9E, 0xFC,
    0x9E, 0xDF, 0xBE, 0xAB, 0xBB, 0xDD, 0xA3, 0x3E, 0x1E, 0xBB, 0x2D, 0x1D, 0xF7, 0xC6, 0xAF, 0xF4,
    0x3C, 0xC9, 0xA7, 0x8E, 0xA7, 0x1D, 0xED, 0x4F, 0x07, 0x62, 0x68, 0xAD, 0x7F, 0x28, 0xCF, 0xF9,
    0x73, 0xF7, 0xA9, 0x6F, 0xA9, 0xAB, 0x55, 0xB1, 0x75, 0x3D, 0x61, 0x92, 0xEC, 0xF2, 0x02, 0x22,
    0x3C, 0xDD, 0x9E, 0x3C, 0xC2, 0x8B, 0xE7, 0xE7, 0xF4, 0x1C, 0x71, 0x02, 0x8D, 0x6B, 0xE9, 0xCC,
    0x28, 0x78, 0xDE, 0x6B, 0x7A, 0x1D, 0x92, 0xF2, 0x02, 0xD1, 0x1A, 0x6E, 0x56, 0x74, 0x96, 0xAC,
    0x45, 0xFD, 0x35, 0xBA, 0xB9, 0x4C, 0xE1, 0x40, 0xE3, 0x21, 0x1A, 0x0F, 0x92, 0x07, 0xE1, 0x70,
    0xEB, 0x62, 0x87, 0x10, 0x8C, 0xD6, 0x09, 0xC1, 0x39, 0xC7, 0xC8, 0x5E, 0xC2, 0x2E, 0x6E, 0x25,
    0x19, 0x53, 0xBF, 0x40, 0xD6, 0x2F, 0x27, 0x2F, 0x4A, 0x5E, 0x0B, 0xF4, 0x90, 0x67, 0x1E, 0x4F,
    0x3C, 0x51, 0x57, 0x04, 0xE3, 0x69, 0x42, 0x28, 0x36, 0x8A, 0x70, 0xFC, 0xF6, 0xAB, 0xD0, 0x15,
    0x71, 0xB7, 0xA5, 0x8F, 0xB2, 0x1D, 0xD2, 0x41, 0x74, 0xC4, 0xFE, 0x62, 0xBA, 0xE2, 0x30, 0xFF,
    0x35, 0xF5, 0x04, 0x05, 0x5A, 0xAE, 0xAA, 0x78, 0x57, 0x09, 0xA9, 0xA0, 0x4A, 0xFF, 0x83, 0x4A,
    0x63, 0x86, 0xEF, 0x58, 0x2A, 0x94, 0x01, 0x3A, 0xC4, 0xCA, 0x9C, 0xAC, 0x2A, 0x1C, 0x37, 0x15,
    0xF7, 0x9B, 0x4A, 0x7D, 0x62, 0x76, 0x97, 0xBC, 0xDD, 0x94, 0xAB, 0xA8, 0xBA, 0xF5, 0xB6, 0x76,
    0xEA, 0xAE, 0xA2, 0x5D, 0x71, 0x74, 0x53, 0xF1, 0x54, 0x55, 0x69, 0x23, 0x45, 0xA5, 0x2A, 0xAF,
    0x04, 0xA2, 0xAA, 0xA8, 0xC2, 0x99, 0x0A, 0x40, 0x59, 0xA0, 0xB3, 0x86, 0x70, 0xDC, 0x04, 0xAA,
    0x0E, 0x5B, 0xC0, 0xE8, 0xFC, 0x9C, 0x5D, 0x73, 0x63, 0xF9, 0xCC, 0x62, 0xD1, 0x8E, 0xED, 0xFF,
    0x37, 0xCC, 0x92, 0x83, 0xA5, 0x72, 0x6D, 0x86, 0xAA, 0x6E, 0x5C, 0xC3, 0x58, 0xAF, 0xD3, 0xC4,
    0x66, 0xEE, 0x25, 0xB8, 0xD0, 0x96, 0x10, 0xD1, 0xC7, 0x50, 0xCA, 0xE6, 0x57, 0x67, 0x11, 0xEB,
    0x34, 0x61, 0xB7, 0xE9, 0xBD, 0x17, 0xAA, 0x48, 0x29, 0xFA, 0xE0, 0x6F, 0x5D, 0xFF, 0x69, 0x9E,
    0x57, 0xC0, 0x93, 0x32, 0xB4, 0x39, 0x50, 0x9E, 0xCD, 0x0C, 0x14, 0x8F, 0xB8, 0x95, 0x3A, 0x81,
    0x9A, 0x5E, 0x11, 0xD0, 0x41, 0xF1, 0x28, 0x78, 0x4F, 0x12, 0x34, 0x34, 0x0B, 0x64, 0x1B, 0x6B,
    0x92, 0x2B, 0x16, 0xBD, 0x61, 0x44, 0x1B, 0xF8, 0x6B, 0xD8, 0x4B, 0x40, 0x0C, 0xDE, 0xC6, 0x07,
    0xF9, 0x10, 0x02, 0x43, 0x36, 0x12, 0x53, 0xF0, 0x9B, 0x58, 0x73, 0x02, 0x21, 0xE6, 0xB7, 0x51,
    0x8A, 0x5A, 0x51, 0x72, 0xC5, 0x10, 0x78, 0x44, 0xB7, 0x9D, 0xE6, 0x3A, 0x23, 0x60, 0x2A, 0xBA,
    0x18, 0x70, 0x5D, 0xCA, 0xCE, 0xCB, 0xF1, 0x0E, 0xBA, 0x62, 0x0C, 0xA0, 0x61, 0x66, 0xC7, 0x80,
    0x93, 0x50, 0x74, 0xAE, 0x23, 0x50, 0x59, 0x10, 0xDA, 0x4B, 0xDD, 0x15, 0x53, 0x88, 0x2E, 0x5B,
    0x5F, 0x47, 0xD4, 0x5D, 0x88, 0xC9, 0x75, 0x72, 0xC1, 0x43, 0x69, 0x29, 0x76, 0xF9, 0x74, 0xC0,
    0x4B, 0x5C, 0x55, 0xB3, 0x9F, 0xBC, 0x83, 0x8A, 0x67, 0x58, 0xD8, 0x1C, 0xD4, 0x34, 0x63, 0xD4,
    0xC7, 0x1C, 0x3E, 0x96, 0x04, 0x70, 0xB6, 0xDC, 0xCF, 0xB2, 0x3E, 0x82, 0x57, 0xCB, 0x9F, 0x6C,
    0x66, 0x6C, 0xC5, 0x11, 0x03, 0xF4, 0x72, 0xD1, 0x72, 0x72, 0x48, 0x5B, 0x46, 0xFE, 0x71, 0x6B,
    0x06, 0x2C, 0x0C, 0x07, 0xA2, 0xEB, 0xAF, 0xE0, 0xD9, 0xFD, 0xCB, 0x05, 0x53, 0x74, 0x6E, 0x20,
    0xF2, 0x98, 0xBA, 0xE3, 0xF1, 0x45, 0x97, 0x4F, 0xC4, 0x14, 0xC4, 0x04, 0xCD, 0x82, 0x11, 0x06,
    0xB6, 0xA4, 0x66, 0x1B, 0x59, 0x65, 0xB4, 0xEC, 0xCA, 0x1F, 0xEC, 0x71, 0x7E, 0x7F, 0x35, 0xCE,
    0x2F, 0x6F, 0x88, 0xF3, 0xE1, 0x83, 0x6D, 0x38, 0x0D, 0x0C, 0xD8, 0xDF, 0xCD, 0x86, 0x10, 0x92,
    0xF5, 0x01, 0x4A, 0x03, 0xFE, 0x97, 0x3F, 0x70, 0x88, 0x4E, 0x6B, 0x24, 0xEF, 0xE6, 0x52, 0xE2,
    0x76, 0xF3, 0xD0, 0xB3, 0xF9, 0xFE, 0xB7, 0x84, 0xDD, 0xD3, 0x10, 0xBC, 0xAD, 0xD7, 0x0F, 0xEF,
    0x63, 0x4C, 0xB8, 0x5A, 0x14, 0x8D, 0x44, 0xA3, 0x6B, 0x24, 0x1E, 0xDC, 0x62, 0x0C, 0x5F, 0xB0,
    0x96, 0x3C, 0x8E, 0xD6, 0x7D, 0x73, 0xB7, 0xAE, 0xCC, 0x59, 0x4B, 0xE2, 0xCA, 0x6B, 0x06, 0x3E,
    0xC2, 0x80, 0x2B, 0xA5, 0xC6, 0x1C, 0x00, 0xD5, 0x4A, 0x09, 0xDB, 0xFD, 0x48, 0x38, 0xEF, 0xE6,
    0xAD, 0x52, 0x5D, 0x92, 0xC2, 0x49, 0x48, 0xF1, 0xA0, 0x94, 0x75, 0x4A, 0xAE, 0x52, 0x82, 0x90,
    0xB0, 0x51, 0x63, 0xD4, 0x91, 0xFE, 0x0E, 0xBD, 0x1D, 0x32, 0x2A, 0x15, 0xB0, 0xD3, 0x51, 0x91,
    0x12, 0xB4, 0xA4, 0x08, 0x9E, 0x24, 0x18, 0x95, 0xEA, 0x59, 0x1C, 0x26, 0x3E, 0xFA, 0x35, 0x28,
    0xBD, 0xBC, 0x50, 0xBE, 0x50, 0x72, 0x31, 0x28, 0x16, 0x8C, 0x86, 0x99, 0xF6, 0xC6, 0x78, 0xE2,
    0x69, 0xB5, 0xC7, 0x53, 0x57, 0x69, 0x83, 0x88, 0x30, 0x6F, 0x52, 0x31, 0x56, 0x8C, 0x6E, 0x42,
    0x87, 0x66, 0xC1, 0x42, 0x31, 0x56, 0x67, 0x29, 0xED, 0x88, 0x45, 0x45, 0x9C, 0x79, 0xCC, 0x17,
    0x07, 0x22, 0x46, 0xC5, 0x59, 0x11, 0xC4, 0x2F, 0xA1, 0xD1, 0x17, 0x1A, 0x7A, 0x7C, 0xDD, 0x13,
    0x57, 0xF7, 0x6C, 0x26, 0xD2, 0x5B, 0xE3, 0x30, 0xF0, 0x0B, 0x26, 0xE8, 0x3F, 0x5A, 0x2A, 0x6B,
    0xFA, 0x88, 0xA9, 0xAC, 0xD9, 0x52, 0x59, 0x93, 0xA5, 0xB2, 0x46, 0x4B, 0x65, 0xF5, 0xDB, 0xFD,
    0x74, 0x7C, 0x57, 0x62, 0x1E, 0x9E, 0x70, 0xDC, 0xB4, 0x42, 0xF6, 0x44, 0x89, 0x9A, 0xD3, 0x4D,
    0x0B, 0x59, 0x69, 0xA4, 0x28, 0xF9, 0x3F, 0x12, 0x79, 0x61, 0x5B, 0x1E, 0x9E, 0x5D, 0x6A, 0x0B,
    0xE5, 0xBA, 0xEB, 0x24, 0x18, 0x78, 0x27, 0xBF, 0xC5, 0xEE, 0x59, 0x43, 0xF8, 0x6E, 0xB9, 0xBD,
    0xD7, 0x01, 0x0F, 0x79, 0xCB, 0x96, 0x9E, 0xF6, 0x1A, 0xB1, 0xDC, 0xBA, 0xA4, 0xA2, 0x48, 0xE8,
    0x0F, 0xBF, 0x64, 0x6D, 0x32, 0x17, 0x6E, 0x25, 0x27, 0x46, 0xBF, 0x6F, 0x34, 0x9F, 0xBE, 0xA0,
    0x3B, 0xBB, 0x24, 0x02, 0x9E, 0xD0, 0x5F, 0x5F, 0x25, 0x9F, 0x9F, 0xEE, 0x0A, 0xDF, 0x94, 0xBB,
    0x65, 0x38, 0x09, 0x44, 0xF0, 0x4D, 0x4E, 0xC3, 0x50, 0x7B, 0x76, 0xF6, 0xC2, 0xE5, 0x28, 0x29,
    0x80, 0x36, 0xBB, 0x02, 0xCD, 0x9D, 0xF3, 0xD7, 0x51, 0xAE, 0x8B, 0x66, 0xED, 0xD7, 0x3C, 0x47,
    0x8A, 0xCD, 0x0C, 0x0E, 0x97, 0x84, 0x99, 0x80, 0x4A, 0x3E, 0xFD, 0x0E, 0x5A, 0xB1, 0x94, 0xB5,
    0x14, 0x84, 0xBC, 0xDF, 0xA0, 0xF0, 0xBF, 0xC7, 0x1F, 0x8A, 0xB9, 0x46, 0x5B, 0x00, 0xF4, 0x15,
    0x2D, 0x53, 0xDD, 0xD9, 0x82, 0xA9, 0x95, 0x8C, 0xA6, 0x80, 0x95, 0xFC, 0x8B, 0x71, 0xAF, 0x64,
    0xFB, 0x78, 0x25, 0xB5, 0x6A, 0x07, 0xBC, 0x70, 0xFF, 0x6D, 0xD6, 0x28, 0x99, 0xB7, 0x25, 0xC9,
    0xE6, 0x42, 0x36, 0x7F, 0xDA, 0xBE, 0x72, 0x68, 0x09, 0x23, 0x01, 0x22, 0x2F, 0x5E, 0xF0, 0x8C,
    0x10, 0xED, 0xDA, 0x24, 0x29, 0xAE, 0x82, 0xF3, 0xBF, 0xC1, 0xCB, 0xBC, 0x52, 0xC6, 0x47, 0x4D,
    0x21, 0x0B, 0x0C, 0x36, 0x66, 0x98, 0x35, 0x28, 0xCA, 0x87, 0x92, 0x7D, 0x8F, 0xCF, 0x3A, 0xE7,
    0xA2, 0x8E, 0xCB, 0xEF, 0x91, 0x26, 0x3D, 0xF3, 0x72, 0xA6, 0x4B, 0x5A, 0x47, 0x2B, 0x5B, 0x2E,
    0xA5, 0xFE, 0x28, 0x9F, 0x56, 0x04, 0xFC, 0x34, 0x12, 0xA2, 0xD4, 0x36, 0x66, 0x83, 0xCD, 0xC1,
    0x9F, 0x13, 0x91, 0x4F, 0xB0, 0xC2, 0xF8, 0x49, 0x29, 0x81, 0x79, 0x72, 0xFB, 0x6E, 0x99, 0xAA,
    0x20, 0x1C, 0xD2, 0x87, 0x76, 0xC0, 0x87, 0x5F, 0xC1, 0x20, 0xE7, 0x4B, 0x87, 0xB2, 0x9D, 0xCE,
    0xBC, 0x6F, 0xCA, 0x54, 0x8D, 0xD7, 0x53, 0xAE, 0x1E, 0x18, 0x65, 0x04, 0x5E, 0xB9, 0x59, 0x25,
    0x3F, 0x26, 0x2B, 0x56, 0x64, 0x93, 0xD9, 0xB8, 0x49, 0xD2, 0x26, 0xD1, 0xAD, 0xB2, 0xE4, 0x70,
    0x31, 0xC9, 0x7F, 0xB2, 0xDE, 0x22, 0x9D, 0x4C, 0x66, 0xB3, 0xE4, 0x83, 0x4A, 0x56, 0xC7, 0x79,
    0x95, 0xBF, 0x85, 0x5E, 0xD0, 0x51, 0x02, 0xE8, 0xB4, 0xEA, 0x0D, 0x65, 0x15, 0x6D, 0x72, 0x90,
    0x4D, 0xCE, 0xE5, 0x26, 0x69, 0x07, 0x2D, 0x34, 0xC3, 0xAE, 0x50, 0xED, 0xCA, 0x9B, 0xA2, 0x0D,
    0x28, 0x76, 0x13, 0xC8, 0x6A, 0x01, 0x00, 0xAD, 0xD5, 0xCE, 0x14, 0x6B, 0x7F, 0x28, 0x8E, 0x32,
    0x55, 0xBA, 0x54, 0x1D, 0x76, 0x38, 0xCC, 0x60, 0x8A, 0xB4, 0x1A, 0x0C, 0xAD, 0x29, 0xCD, 0x8D,
    0xDA, 0x95, 0x63, 0x6C, 0xCD, 0x4E, 0xA7, 0xAD, 0x06, 0xF9, 0xB0, 0x35, 0xDA, 0xF9, 0xB5, 0xCD,
    0x42, 0xD8, 0xFB, 0xD0, 0x6B, 0x8B, 0x57, 0x35, 0x97, 0xA6, 0x98, 0xBC, 0x2A, 0x8F, 0xD7, 0xA8,
    0x4F, 0x29, 0xE8, 0x9D, 0xAE, 0x02, 0xA3, 0xA3, 0x97, 0x39, 0x46, 0x80, 0x89, 0x14, 0x80, 0x8A,
    0x0C, 0x6F, 0xA3, 0xBB, 0x7B, 0xBF, 0x1E, 0xD5, 0x63, 0x65, 0x25, 0xD5, 0x2F, 0xE5, 0x90, 0xD4,
    0x09, 0x8A, 0xED, 0x52, 0x9F, 0x95, 0xCD, 0x72, 0x1D, 0x45, 0x3A, 0x9A, 0xE0, 0x60, 0xD2, 0x9F,
    0x78, 0xBC, 0x1E, 0xAC, 0x03, 0x89, 0xA7, 0x73, 0x14, 0xE8, 0x05, 0x69, 0x81, 0x0C, 0x3F, 0xA2,
    0x57, 0x8C, 0x29, 0x5D, 0x5B, 0x3C, 0x45, 0x40, 0xA1, 0x42, 0xEA, 0x21, 0x33, 0x71, 0x47, 0xF6,
    0x92, 0x0F, 0x47, 0xB6, 0xA7, 0xAE, 0x88, 0x13, 0x21, 0xF4, 0xCF, 0xAB, 0x2B, 0x2B, 0x72, 0xE7,
    0xCB, 0xB2, 0x4E, 0x45, 0x36, 0xD2, 0x5B, 0x5E, 0xBD, 0xDC, 0x6A, 0xFE, 0xE6, 0x73, 0xE3, 0xCA,
    0x6A, 0x33, 0x44, 0x94, 0xFD, 0x13, 0x33, 0x9A, 0x6B, 0xFC, 0xFD, 0xF3, 0x5A, 0x19, 0xC0, 0x8D,
    0xFC, 0xC3, 0xFB, 0x38, 0x8E, 0xFF, 0x19, 0x1C, 0x18, 0x8F, 0x11, 0xAA, 0x85, 0x69, 0x57, 0x59,
    0x38, 0x05, 0x66, 0x72, 0x04, 0x0C, 0x64, 0x59, 0x5D, 0xAA, 0x23, 0x83, 0x30, 0x07, 0x75, 0x27,
    0x48, 0x30, 0x09, 0x2E, 0x78, 0x0E, 0x4D, 0x82, 0x39, 0x42, 0xC3, 0x13, 0x3A, 0x30, 0xF8, 0xE2,
    0xC8, 0xF0, 0xBC, 0x38, 0xC1, 0x29, 0x74, 0x0B, 0xD4, 0x04, 0xB4, 0x68, 0x42, 0xDE, 0x5A, 0xEF,
    0x9B, 0xF2, 0xA6, 0xC5, 0xB4, 0x00, 0x46, 0xC1, 0x77, 0x58, 0x7B, 0xF0, 0x20, 0xCC, 0xBA, 0xB4,
    0x13, 0xAA, 0x05, 0x3E, 0x50, 0xA3, 0x3C, 0x19, 0xAC, 0x2E, 0xB1, 0xAD, 0x1A, 0x87, 0x57, 0x9D,
    0x78, 0xA5, 0xE0, 0x7A, 0x1E, 0x62, 0xDD, 0x11, 0xB2, 0xEE, 0x07, 0x59, 0x77, 0x83, 0xD8, 0x5E,
    0x10, 0x52, 0x45, 0xB2, 0x0D, 0x33, 0xB6, 0x0B, 0xC4, 0xB6, 0xC9, 0x90, 0xDC, 0xA8, 0x54, 0xCC,
    0x4A, 0x19, 0x48, 0xB6, 0xF7, 0xC3, 0x76, 0x7E, 0x6C, 0x1B, 0x61, 0x6C, 0xD7, 0x07, 0xA9, 0x9E,
    0x94, 0x0A, 0x28, 0x65, 0x46, 0xA9, 0x51, 0xBC, 0xD0, 0xBA, 0xD3, 0xC3, 0xD1, 0x06, 0x46, 0xF5,
    0x28, 0x62, 0xCE, 0x4F, 0xED, 0x89, 0x79, 0x7F, 0x84, 0x3F, 0xE1, 0x74, 0x92, 0x8B, 0xBE, 0x7B,
    0x75, 0x0F, 0x86, 0xE8, 0x0E, 0x0C, 0xD1, 0xFD, 0x17, 0x62, 0xBB, 0x2F, 0x6C, 0xEF, 0x45, 0x0C,
    0xC9, 0x15, 0xB3, 0xA7, 0xC7, 0x44, 0xD1, 0xF6, 0x58, 0xD8, 0x0E, 0x0B, 0xDB, 0x8F, 0xC6, 0x92,
    0x0D, 0xA7, 0x5B, 0x2D, 0x5C, 0xA9, 0x34, 0xCA, 0x49, 0x09, 0xEC, 0x88, 0xF8, 0x55, 0xA5, 0x17,
    0xA2, 0x53, 0x8A, 0x93, 0xF5, 0x90, 0xDB, 0x97, 0x89, 0x5B, 0xE7, 0xA1, 0x62, 0xD8, 0x56, 0x00,
    0xAD, 0xAE, 0x46, 0x77, 0x3D, 0xE1, 0x52, 0x4E, 0xB3, 0x73, 0x9F, 0xFC, 0xEC, 0x02, 0xBF, 0xFB,
    0xEB, 0x84, 0x4F, 0x2E, 0xF0, 0x59, 0xAA, 0xF4, 0x5D, 0xD6, 0xFA, 0xF2, 0x17, 0x92, 0x9D, 0xB3,
    0xEE, 0x3A, 0x7A, 0xEC, 0xE8, 0x34, 0x53, 0xE5, 0xA6, 0xDE, 0xFB, 0xFF, 0x9E, 0xA7, 0x93, 0xE0,
    0x9C, 0x78, 0xF3, 0xF8, 0x2E, 0x2A, 0xA5, 0x07, 0x8A, 0xF2, 0xD6, 0x73, 0x94, 0xB5, 0xCB, 0x77,
    0xC7, 0xEB, 0x58, 0xC9, 0x65, 0x56, 0x0C, 0xFB, 0x9B, 0x62, 0x48, 0x5C, 0x3A, 0x35, 0xC4, 0xCC,
    0x11, 0x6F, 0x8F, 0x00, 0xAB, 0x63, 0x2E, 0x57, 0x3D, 0xA8, 0xB5, 0x30, 0x72, 0x9D, 0x8D, 0xD8,
    0xA2, 0x91, 0xC7, 0xEA, 0x6E, 0xE3, 0xBF, 0xD7, 0x00, 0xD1, 0x25, 0x4A, 0x23, 0xD3, 0x04, 0x43,
    0xD4, 0xC7, 0xA4, 0xB4, 0x25, 0x8D, 0x79, 0xC5, 0xDF, 0xC6, 0x87, 0xB2, 0x50, 0x3E, 0x8F, 0xB4,
    0x64, 0x06, 0xCF, 0x2B, 0xA5, 0x68, 0x6C, 0x16, 0x6A, 0xC4, 0xF1, 0x46, 0xFD, 0x19, 0x5A, 0xEB,
    0xC1, 0x52, 0xD2, 0x1F, 0x01, 0xF4, 0xDB, 0xBE, 0x6E, 0x31, 0xA4, 0x75, 0x43, 0x8A, 0x2D, 0xC7,
    0x98, 0x77, 0x9B, 0xF9, 0x1F, 0x5E, 0x31, 0x7D, 0x82, 0xBF, 0xF4, 0x52, 0x03, 0x2D, 0x2F, 0x53,
    0x25, 0x5C, 0x91, 0xB2, 0x41, 0xE8, 0x63, 0x46, 0xF0, 0x85, 0x4F, 0xE1, 0x9D, 0xCF, 0xDD, 0x02,
    0x5F, 0x2D, 0xBC, 0xFB, 0x71, 0xBF, 0xC0, 0x7F, 0x75, 0x85, 0x2F, 0x50, 0x11, 0xC4, 0x75, 0xF9,
    0xC8, 0x70, 0x70, 0x0E, 0x51, 0xA5, 0xB0, 0x9E, 0x1B, 0xE4, 0x6B, 0x1A, 0x63, 0x3A, 0x4F, 0x94,
    0xBC, 0xAF, 0x49, 0xF1, 0x68, 0x7B, 0x7E, 0xA6, 0x54, 0x29, 0x8F, 0xDA, 0x5B, 0x37, 0x63, 0xB9,
    0x4E, 0xBD, 0xE6, 0xBA, 0x91, 0x64, 0x28, 0x9A, 0xE5, 0x0C, 0x36, 0xE5, 0x0D, 0xFA, 0x3A, 0x77,
    0xF7, 0xD9, 0xEA, 0xCC, 0xD2, 0x2B, 0xB6, 0x01, 0x5E, 0x52, 0x3E, 0xA1, 0x99, 0xD7, 0xAC, 0xD2,
    0x02, 0x81, 0xED, 0x49, 0x60, 0xFD, 0xCE, 0xB0, 0x00, 0x16, 0x88, 0xF1, 0x45, 0x54, 0xE9, 0xB8,
    0xFC, 0x90, 0x0D, 0x0B, 0xE4, 0x43, 0xB4, 0xC0, 0x98, 0xA8, 0x39, 0xF1, 0xEF, 0x09, 0x7A, 0x4C,
    0x01, 0x2E, 0xD9, 0x7B, 0xF1, 0x2C, 0xD7, 0xCD, 0xF2, 0x20, 0x54, 0xEA, 0xA5, 0xBF, 0x7D, 0x0B,
    0xC0, 0x3D, 0x0B, 0x84, 0x17, 0x00, 0xC3, 0xC9, 0x47, 0xAF, 0x37, 0x12, 0x75, 0x51, 0x2B, 0x51,
    0x13, 0x76, 0xBF, 0x90, 0xD7, 0x2E, 0xD9, 0x50, 0xB4, 0x74, 0x0A, 0x68, 0xDD, 0x60, 0x56, 0x7F,
    0xD5, 0x45, 0x9E, 0x96, 0xFB, 0xBA, 0xBF, 0xFE, 0x37, 0x20, 0x28, 0x9D, 0x62, 0xA2, 0x18, 0x33,
    0xF6, 0x54, 0xCC, 0x15, 0xEF, 0x08, 0x51, 0x6E, 0x44, 0xD6, 0xFD, 0xC0, 0xEE, 0xE6, 0x23, 0x57,
    0x4C, 0x1B, 0x62, 0xA6, 0x58, 0x54, 0x7A, 0xAF, 0xCA, 0xEE, 0x5B, 0x2B, 0xDA, 0x20, 0xEC, 0xEB,
    0xC6, 0xDC, 0xE7, 0x60, 0x62, 0x9A, 0xC5, 0xC5, 0x0B, 0xBC, 0xB0, 0x2F, 0x85, 0xDA, 0x63, 0xCE,
    0xDE, 0xF1, 0x4E, 0x12, 0x4D, 0x11, 0x24, 0x19, 0x04, 0x65, 0xDA, 0x8B, 0x65, 0xE3, 0x9B, 0xFC,
    0x80, 0x7E, 0x8B, 0x03, 0xEC, 0xB5, 0xD7, 0x4C, 0xC0, 0xE5, 0x59, 0x15, 0x6F, 0x7F, 0xDD, 0xC2,
    0x4B, 0xF5, 0x56, 0x39, 0x1B, 0xBF, 0x92, 0xC2, 0xF3, 0x78, 0x0C, 0x3C, 0xB5, 0xE4, 0x8A, 0xF7,
    0x79, 0x79, 0xF9, 0x79, 0x35, 0x18, 0x9B, 0xBE, 0x26, 0x82, 0x01, 0x1A, 0xEC, 0xF5, 0x56, 0x42,
    0x1F, 0x75, 0x12, 0xB5, 0xC1, 0xD1, 0xCB, 0xEB, 0x10, 0x0A, 0xEC, 0x6E, 0xE8, 0x25, 0xED, 0xD3,
    0x51, 0xF2, 0x2E, 0x9A, 0xA4, 0x68, 0xA3, 0x59, 0x78, 0x45, 0xA9, 0x0F, 0x68, 0xB7, 0x9D, 0x0E,
    0x96, 0x21, 0x18, 0x08, 0x73, 0x79, 0xD7, 0x02, 0x82, 0x04, 0x18, 0x79, 0xA9, 0xD6, 0x32, 0xA5,
    0xF5, 0x3F, 0x43, 0x72, 0x8F, 0x32, 0x19, 0x8A, 0x2A, 0x18, 0xB3, 0x46, 0x5E, 0x89, 0x1B, 0x59,
    0x4B, 0x08, 0x0C, 0xC1, 0xF2, 0x91, 0x8C, 0x4D, 0x81, 0xFC, 0xBC, 0x1F, 0x5E, 0x87, 0x71, 0x18,
    0xAF, 0xCB, 0xA9, 0x2A, 0x1F, 0x8A, 0x36, 0x1E, 0xB3, 0x36, 0x98, 0x93, 0x4E, 0x8A, 0xC8, 0xCB,
    0x0B, 0x5F, 0x58, 0x03, 0xBC, 0x7B, 0x8D, 0x9C, 0x31, 0xD8, 0xE0, 0x92, 0xB2, 0x7C, 0x12, 0xDA,
    0xE6, 0x09, 0x3F, 0x21, 0x1A, 0xED, 0xFD, 0x1C, 0xA3, 0xCE, 0xFB, 0x3E, 0xC3, 0x50, 0xC8, 0xF8,
    0xB2, 0xBC, 0xFC, 0x31, 0x6E, 0x4A, 0x0D, 0xE7, 0x32, 0x65, 0x24, 0xEE, 0x8B, 0xBF, 0x1A, 0xBE,
    0x2A, 0xEF, 0xBD, 0x6B, 0x17, 0xD7, 0x8A, 0x2F, 0xF5, 0x2E, 0x38, 0x7C, 0x9B, 0x04, 0x4D, 0xF0,
    0x7F, 0xFE, 0x0B, 0xD1, 0x64, 0x18, 0x72, 0x8C, 0x01, 0xBE, 0x3D, 0x6B, 0xD5, 0xBE, 0xA7, 0x94,
    0xF9, 0x9A, 0x14, 0xF5, 0x85, 0x39, 0x6D, 0x69, 0x79, 0xEB, 0xB2, 0xC4, 0x75, 0x8B, 0xD2, 0xD6,
    0xD8, 0xB4, 0xD7, 0x38, 0x9A, 0xA9, 0xD6, 0x07, 0xC9, 0x02, 0x2F, 0x85, 0xD5, 0xB3, 0xDF, 0x75,
    0x9A, 0x0D, 0xDB, 0xFE, 0x14, 0x92, 0x85, 0x34, 0x61, 0x9F, 0x90, 0xA2, 0x36, 0x6A, 0x6F, 0x9D,
    0x39, 0xE5, 0x6C, 0xDE, 0xF6, 0xA9, 0x3B, 0x74, 0x22, 0x0F, 0xBF, 0xE2, 0x45, 0x86, 0x60, 0x01,
    0xBF, 0xAE, 0xAD, 0xCF, 0xDA, 0xA6, 0x11, 0x2C, 0x3C, 0xC5, 0x37, 0x94, 0x8A, 0xF7, 0x27, 0x52,
    0xE2, 0x1F, 0x58, 0x00, 0xFE, 0xCA, 0x8D, 0x7F, 0x98, 0xF8, 0x81, 0xD9, 0x12, 0x72, 0xFC, 0xC5,
    0x1D, 0x1F, 0x21, 0x92, 0xA0, 0x33, 0xF2, 0x46, 0xDD, 0x29, 0x6D, 0x47, 0x5A, 0xB2, 0x72, 0x14,
    0xA5, 0x56, 0x8E, 0xFF, 0x35, 0x19, 0x94, 0x12, 0x94, 0xA4, 0x08, 0x95, 0x51, 0x73, 0x42, 0xA1,
    0x51, 0xB0, 0xDD, 0xCF, 0x6B, 0x46, 0x1B, 0xB3, 0xD4, 0x98, 0x24, 0x07, 0x7D, 0xA5, 0x4A, 0xF2,
    0xDE, 0x71, 0xAD, 0xCA, 0x8F, 0xB5, 0xAA, 0x3B, 0x5D, 0xAB, 0xEE, 0x55, 0x79, 0x15, 0xE3, 0x7D,
    0x74, 0x29, 0xFE, 0x09, 0x5D, 0x50, 0x5B, 0x7E, 0xEC, 0xBE, 0x3A, 0xB8, 0xF2, 0x74, 0x50, 0x2F,
    0x10, 0x03, 0x3A, 0xC8, 0xCA, 0x3D, 0xE6, 0x17, 0xCC, 0xC4, 0x08, 0x50, 0xEA, 0x32, 0xF5, 0x46,
    0x9B, 0xB8, 0xB9, 0x75, 0xE6, 0xA4, 0x0F, 0x1F, 0xC0, 0x92, 0x2C, 0xF1, 0x87, 0xAE, 0x4C, 0x9A,
    0xB4, 0x4A, 0x4A, 0x36, 0x64, 0x4F, 0x60, 0x0C, 0x6E, 0xCC, 0x66, 0x4C, 0xF5, 0x7C, 0x0F, 0x98,
    0x62, 0xFC, 0xE4, 0x6F, 0x62, 0x88, 0x3C, 0xC9, 0x27, 0x01, 0x5B, 0xEE, 0x6D, 0x97, 0x45, 0x3A,
    0x6A, 0xB8, 0x16, 0xCF, 0x99, 0x57, 0x03, 0x26, 0x4A, 0xC5, 0x37, 0x7A, 0x52, 0xD2, 0xF4, 0xB7,
    0x6E, 0x67, 0x5E, 0x3A, 0xE6, 0x1A, 0x3E, 0xB2, 0x3D, 0xA1, 0x35, 0xC7, 0x7D, 0x89, 0xCD, 0xC8,
    0xDE, 0xD7, 0x2D, 0x66, 0xD5, 0x1F, 0xFD, 0x72, 0xF6, 0x4A, 0x06, 0xF5, 0xE5, 0xC9, 0x06, 0xD7,
    0x14, 0x23, 0x29, 0x2B, 0xBF, 0x46, 0xFA, 0x9C, 0x7C, 0xEE, 0xD6, 0xD9, 0x99, 0x81, 0xB3, 0xB5,
    0x67, 0x6F, 0x4E, 0xF6, 0x7D, 0x4D, 0x34, 0xCB, 0x2B, 0xEA, 0x25, 0x66, 0xBF, 0xC4, 0xDD, 0x8D,
    0xF7, 0xF0, 0x01, 0xBF, 0x46, 0xAB, 0x3E, 0x65, 0x36, 0x49, 0xCE, 0x09, 0x39, 0x21, 0x44, 0x0A,
    0xBE, 0x18, 0xD5, 0xC8, 0xCB, 0xB1, 0x39, 0x16, 0x4C, 0x01, 0x94, 0xD1, 0x9A, 0xB1, 0xA7, 0x29,
    0xDE, 0x61, 0xBB, 0x02, 0x0C, 0x3C, 0x6A, 0xF8, 0x3C, 0xDD, 0xE6, 0x62, 0x81, 0xBE, 0xA8, 0x18,
    0x94, 0xB4, 0x01, 0x3A, 0xF5, 0xA8, 0x33, 0x30, 0x17, 0x0A, 0xB0, 0x6B, 0x8F, 0x6C, 0x07, 0x08,
    0x35, 0x21, 0x27, 0xBC, 0x42, 0xE8, 0x4F, 0xD6, 0xC6, 0xD8, 0xDE, 0x1E, 0x76, 0x45, 0x17, 0x77,
    0xAE, 0x89, 0xB8, 0xA9, 0xE6, 0x35, 0xA6, 0xD2, 0x0B, 0x0B, 0xAA, 0xDB, 0xD8, 0x72, 0x1E, 0x83,
    0x88, 0x1B, 0xFE, 0x4C, 0xD2, 0xE1, 0xAB, 0xCB, 0xC7, 0xF1, 0xE6, 0x3C, 0x07, 0xA8, 0xEE, 0xF1,
    0x27, 0x16, 0x2E, 0xC1, 0x1C, 0xE7, 0x29, 0xC7, 0x3A, 0x3F, 0x9D, 0x66, 0x72, 0xE4, 0xB7, 0xD7,
    0xA9, 0xCD, 0x5F, 0x41, 0x71, 0x3E, 0xBA, 0x82, 0x36, 0x97, 0x7E, 0xCC, 0x18, 0xD4, 0xAC, 0x5C,
    0x0A, 0xB0, 0x6E, 0xC4, 0xAD, 0xA4, 0x2A, 0xF3, 0x4E, 0xB5, 0x62, 0xA4, 0x18, 0xDB, 0xF7, 0xB2,
    0x17, 0xCE, 0xDA, 0x79, 0x65, 0x19, 0x0C, 0x57, 0xE9, 0x38, 0xBB, 0xB0, 0xBF, 0x49, 0xEF, 0x73,
    0xC0, 0x33, 0x2E, 0xF9, 0xD9, 0x1F, 0x7A, 0xAF, 0xDD, 0x27, 0xD4, 0xDD, 0xA6, 0x35, 0x1D, 0xDD,
    0xDE, 0x47, 0x62, 0xE5, 0x5D, 0x91, 0x50, 0x03, 0x00, 0x76, 0x2E, 0xC7, 0xEA, 0xA2, 0x87, 0x93,
    0xF4, 0xE2, 0x85, 0xBD, 0x45, 0xB1, 0x48, 0xA0, 0x2A, 0xB4, 0xA3, 0xD9, 0xE5, 0xBF, 0xB6, 0x85,
    0x00, 0x04, 0xCB, 0x63, 0xB6, 0xE6, 0x24, 0x9C, 0x59, 0x36, 0x9E, 0x0F, 0x0E, 0xE8, 0xAA, 0xFD,
    0x2B, 0x1A, 0xF9, 0x1D, 0xA9, 0xAF, 0xBE, 0x87, 0xCE, 0x86, 0x4D, 0x15, 0x04, 0x5E, 0x2A, 0x00,
    0xE7, 0x2A, 0xF3, 0x53, 0x84, 0x3E, 0xB6, 0xDC, 0x03, 0xBA, 0xED, 0x8D, 0x76, 0xB7, 0x00, 0xCF,
    0xF9, 0x73, 0x61, 0xF9, 0xD4, 0x6B, 0xBA, 0xD8, 0xE5, 0xF6, 0x7E, 0xAC, 0x4F, 0x7F, 0x50, 0x0F,
    0x77, 0x24, 0x1D, 0x2D, 0xD3, 0x4D, 0xCE, 0x07, 0x09, 0x74, 0xE0, 0x34, 0x01, 0x50, 0x69, 0xB3,
    0xE7, 0x8B, 0x41, 0x4A, 0xFE, 0x16, 0x4F, 0x22, 0xD1, 0x6C, 0x9F, 0xC4, 0xFC, 0x25, 0x4B, 0x5C,
    0xF9, 0x33, 0xA0, 0x71, 0x6C, 0x2B, 0xEF, 0xFB, 0x68, 0xBB, 0xD9, 0x14, 0x8C, 0xA4, 0xE2, 0x9B,
    0x3D, 0x29, 0x43, 0x4B, 0x4A, 0x50, 0x91, 0x42, 0xFC, 0x94, 0x8D, 0x45, 0xC3, 0x4A, 0x89, 0xDA,
    0xEF, 0x72, 0xFD, 0xF3, 0xFC, 0xA7, 0x21, 0x96, 0x6B, 0xF4, 0x94, 0x57, 0xE1, 0x1A, 0x9E, 0x32,
    0x1E, 0x9D, 0x4E, 0xAA, 0x24, 0x77, 0x35, 0xFB, 0x9F, 0x35, 0x8E, 0xED, 0xF8, 0x50, 0x73, 0x1F,
    0x18, 0x8E, 0x8D, 0x45, 0xAE, 0x39, 0xD9, 0x58, 0x44, 0xB8, 0xB6, 0xB1, 0x28, 0x51, 0x8C, 0x6E,
    0xC0, 0x2F, 0xD4, 0xD5, 0x82, 0xAF, 0xC2, 0x2F, 0x78, 0x61, 0xE9, 0x20, 0xC5, 0x1F, 0xD4, 0x13,
    0x8F, 0x49, 0x7F, 0x1E, 0x9C, 0xA5, 0xE0, 0xF3, 0xDB, 0x2E, 0x58, 0xA3, 0xFB, 0x5F, 0x9D, 0x94,
    0x01, 0x84, 0x2D, 0xD7, 0x19, 0xC7, 0x7F, 0x73, 0x27, 0x77, 0x27, 0xC9, 0xC8, 0x3B, 0xA5, 0x77,
    0xB5, 0x49, 0xD2, 0x4C, 0xF0, 0xD0, 0x2C, 0x72, 0x20, 0x78, 0xD8, 0x7B, 0xCF, 0x6C, 0x29, 0x14,
    0x75, 0xC9, 0x5B, 0x68, 0xD1, 0x52, 0x68, 0xDE, 0xA3, 0xEF, 0xE1, 0x61, 0x71, 0x77, 0x67, 0x5A,
    0x28, 0x4A, 0xB3, 0xA0, 0x00, 0x16, 0x8B, 0xF4, 0xA6, 0xBC, 0xD7, 0x0A, 0xB6, 0xEC, 0xDE, 0x39,
    0x9A, 0x16, 0x05, 0xA6, 0x94, 0x02, 0x3A, 0xA5, 0x51, 0x51, 0xEC, 0xD0, 0x89, 0xCE, 0xC6, 0xCC,
    0xFD, 0x7A, 0x8E, 0xD9, 0x5D, 0xBB, 0x12, 0x42, 0xFF, 0xDF, 0x77, 0xE6, 0x3B, 0xE7, 0xDC, 0xFF,
    0xF9, 0xE6, 0x3B, 0xF3, 0x3F, 0xE7, 0x6E, 0x1D, 0x62, 0x1A, 0x54, 0x47, 0xD8, 0xC1, 0x0A, 0x34,
    0xC1, 0x92, 0x48, 0xFC, 0x8C, 0xAA, 0xD1, 0x39, 0x33, 0xE0, 0x5D, 0x46, 0x92, 0x47, 0x52, 0x2A,
    0xA9, 0xF5, 0x47, 0xED, 0x01, 0x67, 0x71, 0x39, 0xD5, 0xED, 0xC2, 0x48, 0xE7, 0x43, 0x54, 0x89,
    0xD4, 0xCE, 0x01, 0xC4, 0xC5, 0xAB, 0xB6, 0xBB, 0xBB, 0x3B, 0xBF, 0xCB, 0xD7, 0xB7, 0xD9, 0x36,
    0x3B, 0x5D, 0x22, 0x8D, 0x5B, 0xED, 0xD2, 0xE8, 0xBC, 0xA8, 0xBC, 0xE9, 0x3C, 0xA3, 0x97, 0x9F,
    0x89, 0x73, 0x43, 0x67, 0x2A, 0xD3, 0x9B, 0x35, 0x2B, 0xF6, 0xA3, 0x66, 0x23, 0xD5, 0xF9, 0xB3,
    0xAA, 0x7C, 0x5C, 0x3E, 0x7E, 0xE6, 0x58, 0x49, 0x53, 0x54, 0x49, 0xE5, 0xD6, 0xFD, 0x61, 0x8D,
    0x09, 0x1B, 0xA6, 0xB1, 0xE5, 0xC7, 0xBC, 0xE9, 0x53, 0xFE, 0xAD, 0x89, 0xA5, 0x0A, 0xC5, 0x06,
    0x92, 0xBE, 0xBB, 0xF2, 0xE0, 0xC1, 0x8B, 0x87, 0x85, 0xAA, 0x6E, 0x3A, 0x50, 0xFC, 0x43, 0xD0,
    0x75, 0x91, 0xC6, 0xAD, 0xC9, 0x83, 0x4E, 0x59, 0x66, 0x91, 0x65, 0x02, 0xE2, 0xFD, 0x58, 0x5E,
    0x39, 0xFD, 0xE6, 0xEC, 0x80, 0xDE, 0x48, 0xE7, 0x0A, 0x0C, 0x56, 0xA9, 0xAB, 0xD1, 0x75, 0x5C,
    0xBD, 0xEE, 0x15, 0xAE, 0xF6, 0x89, 0xA7, 0x46, 0x56, 0xA7, 0x33, 0x4C, 0x6E, 0x6C, 0x92, 0xC7,
    0x9D, 0xEA, 0x54, 0xAB, 0x9A, 0xA4, 0xD6, 0x95, 0xB1, 0xC6, 0x6E, 0xE2, 0x8A, 0xAF, 0x75, 0x9D,
    0xD4, 0xAA, 0x89, 0xDB, 0xB0, 0x1B, 0x75, 0xDC, 0xFF, 0x3C, 0x67, 0xEB, 0x08, 0xDD, 0x11, 0xAF,
    0x09, 0x24, 0xC7, 0x94, 0xC4, 0x35, 0xCB, 0xC3, 0x91, 0x58, 0xFF, 0xA9, 0x5B, 0x3F, 0x91, 0x01,
    0x04, 0x75, 0x50, 0x8B, 0x33, 0x1F, 0x99, 0x43, 0xE3, 0xCC, 0x8F, 0x7D, 0x9C, 0xB3, 0xB9, 0x4B,
    0x21, 0xF9, 0x83, 0xA7, 0x39, 0xF1, 0x6D, 0xDF, 0x48, 0x2F, 0xF7, 0x53, 0x40, 0xE6, 0x9F, 0x59,
    0x4F, 0x56, 0x11, 0xA4, 0xCA, 0x6A, 0x3B, 0x63, 0x8A, 0x49, 0x13, 0x1B, 0xD9, 0x20, 0x0D, 0xAD,
    0xB7, 0x62, 0x9D, 0xF5, 0x9B, 0xF7, 0x8B, 0xF5, 0xC3, 0x4F, 0x86, 0x31, 0xF8, 0xE7, 0xA3, 0x8B,
    0x62, 0xFD, 0xB5, 0xBF, 0x86, 0x76, 0x94, 0x43, 0xD1, 0x17, 0x3D, 0x4B, 0x64, 0xB0, 0x40, 0x1E,
    0x4A, 0xD6, 0x67, 0x5D, 0x56, 0x5D, 0x4F, 0x21, 0xA9, 0x7C, 0x52, 0xF4, 0xA6, 0x8F, 0xFB, 0x2F,
    0x16, 0x34, 0x6A, 0xD1, 0x82, 0x79, 0x94, 0x2F, 0x94, 0x75, 0xEE, 0x3A, 0x6E, 0xB8, 0xD1, 0x90,
    0xF8, 0x6F, 0x58, 0x46, 0x36, 0xB6, 0x33, 0x80, 0xBB, 0x50, 0x33, 0x2A, 0x71, 0x74, 0x25, 0x50,
    0xF0, 0x15, 0xCD, 0xF6, 0x0C, 0xFD, 0x4F, 0x68, 0xC2, 0xCA, 0xAD, 0x4B, 0x33, 0x56, 0x14, 0xBF,
    0xC9, 0x3A, 0x5D, 0x5D, 0x6A, 0xEC, 0x8E, 0x95, 0x88, 0x7C, 0xB6, 0x7C, 0xDA, 0x90, 0x0C, 0x3E,
    0x67, 0xBC, 0xA7, 0x82, 0x72, 0x5B, 0x85, 0x56, 0x8B, 0xE4, 0x51, 0x75, 0xE6, 0x4F, 0xEC, 0x91,
    0x29, 0xBD, 0x24, 0x85, 0x8D, 0x44, 0x08, 0xA4, 0x83, 0xA2, 0x81, 0x07, 0x87, 0xAE, 0x5F, 0x13,
    0xBA, 0xB1, 0xFA, 0x4C, 0x30, 0x65, 0x61, 0x57, 0x24, 0xE5, 0xE7, 0xCF, 0xA9, 0x67, 0x86, 0xD2,
    0xA3, 0x44, 0x52, 0x2D, 0xE2, 0x2A, 0x51, 0x76, 0x9F, 0xA8, 0x04, 0x70, 0x32, 0x57, 0x5A, 0xCE,
    0x4B, 0xE3, 0xE6, 0xCF, 0x12, 0x49, 0x4F, 0x82, 0x13, 0x44, 0xEA, 0x2B, 0x1F, 0xB0, 0xB9, 0xBB,
    0x7B, 0xDF, 0xB5, 0xF9, 0xD5, 0x75, 0xE0, 0x12, 0xCB, 0xE5, 0xF2, 0xC8, 0x8F, 0x1F, 0xB8, 0x08,
    0x10, 0xF5, 0xA3, 0x3A, 0x91, 0x7F, 0x57, 0x46, 0xA4, 0x3C, 0x78, 0x55, 0xF2, 0x05, 0xBF, 0x67,
    0xC8, 0x60, 0xC4, 0xC3, 0xDE, 0x0E, 0x5B, 0x4B, 0x8F, 0x1C, 0x26, 0xD0, 0x11, 0xF7, 0x64, 0x7D,
    0x28, 0x95, 0x16, 0xBF, 0x3B, 0x93, 0xF3, 0x1A, 0x03, 0x82, 0x39, 0xC4, 0x15, 0xA8, 0x12, 0x12,
    0x0B, 0x3A, 0x05, 0x03, 0xAC, 0x80, 0x1E, 0x82, 0x0E, 0x46, 0x2D, 0x84, 0x35, 0x44, 0x37, 0x69,
    0xF9, 0x40, 0xCB, 0x06, 0x1A, 0x37, 0x69, 0xF5, 0x40, 0x53, 0xB7, 0x69, 0x9C, 0x01, 0x87, 0x74,
    0xAC, 0xD1, 0x24, 0x64, 0xF4, 0x34, 0x38, 0x45, 0xAE, 0xD5, 0x59, 0x2F, 0x0B, 0x11, 0x71, 0xAA,
    0x01, 0x64, 0x7E, 0x93, 0xCB, 0x0F, 0xCA, 0x3D, 0x46, 0xD7, 0xCD, 0xCF, 0xB9, 0x5D, 0xE5, 0xF1,
    0xA7, 0x2E, 0x45, 0x71, 0x9E, 0x7B, 0x1D, 0x9F, 0xC4, 0x41, 0x39, 0x99, 0x4C, 0x17, 0xBA, 0x89,
    0xAB, 0xA4, 0x99, 0x9E, 0x4E, 0xEE, 0x6E, 0x58, 0x6D, 0xA7, 0x4C, 0xD1, 0xA8, 0xDC, 0x1F, 0x1F,
    0x93, 0xDE, 0xE3, 0xCB, 0x3E, 0xEF, 0xD6, 0x31, 0xBA, 0x23, 0x92, 0x5B, 0x97, 0x2E, 0x94, 0x3C,
    0x5E, 0x93, 0x34, 0x7E, 0x62, 0x05, 0x83, 0x04, 0xE1, 0x95, 0x04, 0xD6, 0x49, 0x90, 0x7A, 0x09,
    0x4C, 0x69, 0x6A, 0xDD, 0x84, 0x75, 0x5C, 0x45, 0x39, 0x10, 0x4A, 0x4A, 0x16, 0x89, 0xCE, 0xE5,
    0x17, 0x9D, 0xB1, 0xF2, 0x5E, 0x6B, 0xCA, 0x4C, 0xD5, 0xC6, 0x3E, 0xA7, 0x2C, 0x6C, 0x92, 0xE5,
    0xCE, 0x6C, 0xD6, 0x9A, 0x36, 0x69, 0xBC, 0xF0, 0x99, 0x48, 0x7F, 0xB0, 0x5C, 0x9E, 0x2D, 0x60,
    0x7A, 0xD5, 0x26, 0x30, 0xF9, 0xB2, 0x8A, 0xBF, 0xF0, 0x0F, 0xCC, 0x74, 0xA6, 0x63, 0xFB, 0xD2,
    0x48, 0x09, 0xDE, 0xF9, 0x4B, 0x1E, 0xCB, 0xCF, 0x6D, 0x22, 0xE7, 0xF9, 0x54, 0x0B, 0xDB, 0xFB,
    0xEF, 0xC3, 0xDB, 0x0C, 0x18, 0x03, 0xC6, 0x72, 0xDD, 0xBE, 0x13, 0xA4, 0xF1, 0x45, 0x64, 0xB5,
    0xE3, 0x9A, 0x42, 0xD2, 0x69, 0xB4, 0x66, 0xF2, 0x62, 0x7A, 0x9B, 0x33, 0x86, 0x8D, 0xC3, 0x17,
    0x4C, 0x7F, 0x90, 0x49, 0x77, 0x92, 0x34, 0x80, 0xAA, 0x5E, 0x37, 0xEB, 0xB3, 0xFD, 0xA2, 0xFB,
    0x30, 0xAA, 0x80, 0x68, 0xA7, 0xD4, 0xD2, 0x66, 0xD2, 0xAB, 0x9D, 0x7A, 0xB4, 0x93, 0xE3, 0x31,
    0xCA, 0xE3, 0x4A, 0xB7, 0xA1, 0x1D, 0xAC, 0xB0, 0xAE, 0xBF, 0x96, 0x52, 0xB7, 0xD1, 0xB0, 0x33,
    0x75, 0xF5, 0x7C, 0xE7, 0x4F, 0xA8, 0x39, 0xBF, 0xFB, 0x25, 0x63, 0xEE, 0xC0, 0x33, 0x78, 0x01,
    0x7E, 0x08, 0x6F, 0xF8, 0xCE, 0xFC, 0x31, 0xDC, 0x19, 0x5F, 0x32, 0x0F, 0x21, 0x54, 0x75, 0x09,
    0xD1, 0xE5, 0xDA, 0x23, 0xFF, 0xEB, 0x8B, 0xB8, 0xE7, 0x4B, 0x57, 0xAB, 0x86, 0x0C, 0xFC, 0xF6,
    0xBB, 0x50, 0xF3, 0xA3, 0x3F, 0xA3, 0x6E, 0xBE, 0x4B, 0x7C, 0x0D, 0x32, 0xD4, 0x00, 0x0D, 0x99,
    0xAB, 0x30, 0xAE, 0xB2, 0xBC, 0x01, 0x36, 0x30, 0x69, 0xC6, 0xA9, 0xB3, 0xCC, 0xF5, 0xA2, 0x94,
    0x4D, 0x22, 0x7F, 0x6D, 0x5A, 0xF3, 0xAB, 0xFE, 0x8C, 0x59, 0xB7, 0xD2, 0x08, 0xDE, 0xDF, 0xE4,
    0xF9, 0x37, 0x66, 0x9D, 0x6A, 0x9C, 0xB8, 0xED, 0x37, 0xEE, 0x01, 0xF3, 0xC8, 0xA5, 0xE8, 0x28,
    0xD2, 0xB8, 0xE2, 0x28, 0xE5, 0x02, 0x53, 0x46, 0x55, 0x52, 0xAD, 0x38, 0xF2, 0x7B, 0x60, 0xE6,
    0x2C, 0xA9, 0x0A, 0x46, 0x8D, 0x10, 0x7F, 0xFA, 0xAF, 0xDC, 0x7C, 0xEB, 0x23, 0xFB, 0x76, 0xF8,
    0xD3, 0xF2, 0x98, 0x33, 0x32, 0x92, 0x34, 0x49, 0x33, 0xD7, 0x3B, 0x66, 0x4C, 0x66, 0xA5, 0x92,
    0x2A, 0x2B, 0x5F, 0x66, 0x94, 0x7F, 0xF5, 0x8F, 0xA6, 0xCB, 0xFA, 0xB8, 0x7A, 0xEB, 0xE4, 0x79,
    0x9F, 0x04, 0x7F, 0xF6, 0x4D, 0x71, 0x6E, 0xF7, 0xD4, 0xC8, 0x3E, 0x51, 0x41, 0xE9, 0xA3, 0x1F,
    0xC7, 0xF5, 0x1A, 0xBF, 0xEB, 0xD7, 0x86, 0x43, 0x70, 0x8F, 0xC7, 0xB0, 0x95, 0x02, 0xC1, 0xFB,
    0xBA, 0x04, 0xA2, 0x56, 0xF5, 0x40, 0x56, 0x87, 0x72, 0xB1, 0xFB, 0x50, 0x2C, 0xFE, 0xAE, 0xAD,
    0xE1, 0x55, 0x17, 0x2A, 0xE0, 0x91, 0x5C, 0xFC, 0x1F, 0x0B, 0x96, 0x1E, 0xE2, 0xB1, 0x1C, 0x70,
    0x6B, 0xC8, 0x38, 0x05, 0x26, 0x23, 0x91, 0x8F, 0xA1, 0x53, 0x7E, 0xFD, 0x07, 0xAD, 0x16, 0x8F,
    0xDA, 0xA4, 0x63, 0x97, 0xB0, 0x9C, 0x02, 0xDF, 0xFB, 0x35, 0x57, 0x18, 0xB2, 0x92, 0x38, 0x46,
    0x03, 0x85, 0x67, 0x12, 0xCA, 0xC7, 0xC1, 0xF7, 0xC5, 0xAA, 0xD6, 0xFF, 0x5C, 0x5F, 0xD6, 0xF6,
    0x0A, 0x1E, 0xC7, 0xDC, 0xC0, 0x4B, 0x43, 0x50, 0x79, 0x36, 0xBC, 0xA1, 0x10, 0x0F, 0x77, 0xC9,
    0x1C, 0x7E, 0x60, 0xF1, 0xB8, 0x03, 0x1E, 0xCF, 0x01, 0x49, 0xFB, 0xF2, 0x01, 0x5A, 0xCB, 0x22,
    0x39, 0x35, 0xE6, 0x7C, 0x3C, 0x06, 0xE2, 0x96, 0xD9, 0x4F, 0x58, 0x28, 0x32, 0x61, 0x01, 0xB3,
    0x80, 0x64, 0x4D, 0x70, 0x9F, 0x27, 0x0D, 0x1F, 0x36, 0x8D, 0xC7, 0xFC, 0x92, 0xB5, 0xF2, 0xAC,
    0x13, 0x95, 0x9E, 0x2A, 0xA6, 0x9A, 0xA4, 0x23, 0x98, 0xB3, 0xA7, 0x38, 0xBD, 0xF6, 0x84, 0x7D,
    0x83, 0x11, 0xC6, 0x3B, 0x40, 0xD2, 0x1C, 0x1C, 0x9F, 0xD0, 0xD0, 0x72, 0x36, 0xD1, 0xAD, 0xA3,
    0x2A, 0x12, 0x92, 0xE4, 0x7C, 0x56, 0x9C, 0x26, 0x27, 0xEA, 0x44, 0xED, 0x6B, 0x57, 0xC0, 0xB7,
    0xF7, 0x60, 0x81, 0xF7, 0x83, 0x9E, 0xAC, 0x60, 0xA1, 0x6E, 0xF9, 0x64, 0x8C, 0xC7, 0x7F, 0x2F,
    0xD6, 0xAC, 0x8B, 0xA7, 0x69, 0x3B, 0x8B, 0xF3, 0x66, 0x7A, 0xBB, 0xCD, 0x27, 0x01, 0xF0, 0x9F,
    0x52, 0xCA, 0x96, 0xE6, 0xD2, 0xE6, 0x8C, 0x51, 0x98, 0xFA, 0xD1, 0x51, 0xC2, 0x60, 0xAA, 0x0E,
    0xE6, 0xAE, 0xF2, 0x45, 0xC2, 0xF4, 0x2D, 0x5E, 0xDF, 0x46, 0xED, 0x11, 0x37, 0x84, 0x35, 0x41,
    0x8A, 0x8E, 0xAC, 0x7A, 0x2F, 0x0D, 0xD7, 0x04, 0x1D, 0x61, 0x4F, 0xFC, 0x77, 0x92, 0xD8, 0x4E,
    0x82, 0xF4, 0x7F, 0xCC, 0x98, 0x3F, 0x8C, 0xDC, 0xC6, 0x15, 0xC6, 0x1F, 0xC9, 0xE8, 0x08, 0x64,
    0x81, 0x30, 0x45, 0x54, 0x44, 0x2A, 0xD8, 0xA7, 0x61, 0x9D, 0x26, 0x43, 0x57, 0x2E, 0x52, 0x44,
    0x85, 0xCE, 0x06, 0xAC, 0x42, 0x55, 0x8A, 0xD8, 0xC5, 0x55, 0x01, 0xD2, 0x0D, 0x13, 0xF7, 0xC0,
    0x15, 0xB1, 0x9B, 0x14, 0x71, 0x61, 0x03, 0x96, 0x54, 0xA8, 0x49, 0x9B, 0x70, 0x1D, 0x17, 0x2E,
    0x5C, 0x98, 0x70, 0xA0, 0x34, 0x2E, 0x4C, 0x1B, 0x32, 0x02, 0x9C, 0x0B, 0x11, 0x01, 0x85, 0xD0,
    0xA7, 0x21, 0xBF, 0xBC, 0xEF, 0xCD, 0xDE, 0x6A, 0x75, 0xA7, 0xBF, 0x81, 0xE4, 0x68, 0x6E, 0xF9,
    0xFB, 0x66, 0x77, 0xDE, 0x3C, 0xF2, 0xDE, 0xFC, 0xE7, 0xDE, 0x35, 0x91, 0x0C, 0xB5, 0x08, 0xD6,
    0x22, 0x6E, 0x10, 0x59, 0x4D, 0x22, 0x69, 0x90, 0x93, 0xE4, 0x80, 0x49, 0xAF, 0xB0, 0xBD, 0xEE,
    0xEE, 0x5F, 0xA6, 0xD9, 0xEE, 0xA5, 0xBF, 0x5D, 0x72, 0xC0, 0xB8, 0xBD, 0x8E, 0xAF, 0xBF, 0x17,
    0xCB, 0xCE, 0x5E, 0xF4, 0xB1, 0x7B, 0x89, 0xA6, 0x6C, 0x28, 0xD6, 0xC5, 0xE4, 0x7A, 0x5E, 0xAB,
    0xA9, 0xEA, 0xD3, 0xC3, 0x1F, 0xD6, 0xDF, 0xD7, 0xFD, 0x3D, 0x80, 0x51, 0xE4, 0xA1, 0x72, 0xFE,
    0xEA, 0xB2, 0x7F, 0x49, 0x44, 0x56, 0xB3, 0xE2, 0x91, 0xF2, 0xD6, 0x6D, 0x0A, 0x80, 0x75, 0x94,
    0x21, 0x4A, 0xA0, 0xBC, 0xD3, 0xCE, 0x66, 0x59, 0x2C, 0x26, 0x39, 0x4C, 0xB2, 0x07, 0x24, 0xC7,
    0x8E, 0xC9, 0x8F, 0x60, 0x15, 0x0A, 0x84, 0x28, 0x43, 0x94, 0x46, 0x34, 0x25, 0x97, 0xC9, 0x37,
    0xDF, 0x13, 0x41, 0x67, 0x6D, 0xB6, 0x52, 0xA3, 0x42, 0x2D, 0x2A, 0x16, 0xC7, 0x04, 0x60, 0x7A,
    0xE0, 0xBA, 0xB5, 0x7F, 0x99, 0x0F, 0xF6, 0xBC, 0xAE, 0x98, 0x92, 0x16, 0x87, 0x52, 0x02, 0x33,
    0x23, 0x15, 0x12, 0xDE, 0x28, 0xC3, 0xB8, 0x37, 0x14, 0xA8, 0xE5, 0xC7, 0x25, 0x03, 0x53, 0x05,
    0x85, 0x1B, 0xB7, 0x00, 0x50, 0xFB, 0x2D, 0x9C, 0x61, 0xD8, 0x96, 0x4E, 0x8A, 0x32, 0x28, 0x0A,
    0x58, 0x2C, 0x7B, 0xF9, 0x5D, 0x46, 0xA7, 0x62, 0xA8, 0x88, 0x14, 0xE8, 0x44, 0xCE, 0x5D, 0x12,
    0x4B, 0x07, 0x38, 0x54, 0x83, 0xB9, 0xD0, 0xAB, 0x62, 0x43, 0x4E, 0x7B, 0x13, 0xDD, 0xF9, 0x5E,
    0xAF, 0x21, 0x3A, 0xAC, 0xD0, 0x48, 0xA1, 0x15, 0x73, 0xA0, 0x16, 0xA0, 0x97, 0x52, 0xBF, 0x24,
    0x0C, 0x6F, 0xB9, 0x88, 0x05, 0x3D, 0xC3, 0x25, 0xBD, 0xFE, 0xAA, 0x91, 0x6F, 0x81, 0xA0, 0xD7,
    0xA4, 0x57, 0x7F, 0x11, 0x8B, 0xDE, 0xA7, 0x16, 0xD7, 0xBB, 0xE1, 0x59, 0xFE, 0xF8, 0x4F, 0xBF,
    0xDA, 0xFB, 0xCF, 0x46, 0xFD, 0xB8, 0x4F, 0x87, 0x0B, 0xE9, 0xA1, 0x58, 0xCA, 0xF0, 0x7C, 0x3E,
    0x52, 0x84, 0xE7, 0xF6, 0xA9, 0xA6, 0xF3, 0xED, 0xE8, 0x31, 0x78, 0x74, 0x1E, 0xB5, 0x9F, 0x44,
    0xCA, 0xD8, 0x7F, 0x77, 0x32, 0xD5, 0xD9, 0xCC, 0xDD, 0xFD, 0x4D, 0x66, 0x90, 0x53, 0x19, 0xB7,
    0x9B, 0x39, 0x7A, 0x9F, 0x99, 0x5E, 0x00, 0x74, 0x27, 0x99, 0xE9, 0x24, 0xB3, 0xC4, 0xCC, 0x51,
    0x0B, 0xCD, 0x74, 0x5A, 0x2B, 0x47, 0x13, 0x33, 0xA9, 0x7A, 0xF0, 0xCC, 0x24, 0xCC, 0xAC, 0x05,
    0xF6, 0x69, 0x49, 0xFE, 0x62, 0x9F, 0x0C, 0x0D, 0xCD, 0xD0, 0x95, 0xA8, 0x63, 0xBB, 0x02, 0x0A,
    0x61, 0x26, 0x08, 0x66, 0xCB, 0x0C, 0x82, 0x91, 0x19, 0xB6, 0xA3, 0xC4, 0xC4, 0xDA, 0x45, 0x78,
    0x1E, 0xCA, 0xB4, 0x1C, 0x52, 0x99, 0xD9, 0x28, 0xD6, 0x1B, 0x1D, 0x74, 0xBC, 0x5D, 0x9D, 0x5F,
    0xC3, 0x18, 0xED, 0xDD, 0x14, 0xB5, 0x0C, 0xA6, 0xFA, 0xD9, 0x7E, 0xDF, 0x2D, 0x3F, 0x17, 0xED,
    0xAD, 0x7E, 0xD4, 0x6E, 0xA3, 0x12, 0xF5, 0x76, 0x9C, 0x91, 0xCE, 0x32, 0x4E, 0x51, 0x71, 0x32,
    0x7A, 0x38, 0x2F, 0xBC, 0xAF, 0x04, 0xD0, 0x18, 0x07, 0x63, 0x50, 0x1E, 0xB5, 0x73, 0x9C, 0x75,
    0xC8, 0x95, 0x31, 0xC7, 0x53, 0x70, 0xD9, 0x50, 0x2E, 0x7C, 0x28, 0x22, 0x7E, 0x8C, 0xB1, 0x91,
    0x14, 0x9A, 0xC9, 0x83, 0x62, 0xD5, 0xCB, 0x36, 0x59, 0x59, 0x39, 0x29, 0xDC, 0xA0, 0x40, 0x6F,
    0x4D, 0xC9, 0x66, 0xD4, 0x82, 0x62, 0x56, 0x94, 0x41, 0x61, 0xBD, 0x07, 0x9D, 0xE0, 0x9F, 0x34,
    0x02, 0x36, 0x8D, 0x17, 0x73, 0xDF, 0x5A, 0xC3, 0xA3, 0x57, 0x78, 0xDA, 0xB9, 0xC0, 0xBA, 0x8B,
    0x62, 0x85, 0x9A, 0xAE, 0xD6, 0x1B, 0xCF, 0xD2, 0x8E, 0x0A, 0x17, 0x14, 0x5A, 0xFC, 0x33, 0x76,
    0x42, 0x29, 0x03, 0x99, 0x83, 0x14, 0x34, 0xA4, 0xEB, 0xE4, 0xCC, 0x53, 0x4A, 0x8C, 0x33, 0x59,
    0x19, 0x9D, 0xB1, 0x35, 0x82, 0x4C, 0x8D, 0x99, 0xB1, 0x38, 0x26, 0xCB, 0x7F, 0x93, 0xEE, 0x6B,
    0xD2, 0x7F, 0x4C, 0xE2, 0x6D, 0xE5, 0x47, 0xC8, 0x94, 0x1F, 0x2F, 0xE4, 0x27, 0x81, 0xFC, 0x6C,
    0x22, 0xBF, 0x1C, 0x48, 0xF4, 0xC6, 0xB5, 0xB1, 0x31, 0x0A, 0xB9, 0x18, 0x83, 0x71, 0x22, 0x37,
    0xC9, 0xAF, 0xCB, 0x41, 0x38, 0x15, 0xF5, 0x22, 0xD5, 0xC2, 0x40, 0x17, 0xE0, 0x62, 0x9D, 0xA8,
    0xD5, 0x6E, 0xB2, 0x99, 0xAF, 0xED, 0x38, 0x9B, 0x62, 0x5D, 0x71, 0x9E, 0x6B, 0x0A, 0x7A, 0xB3,
    0x65, 0x66, 0xB1, 0xB6, 0xE3, 0xD7, 0xBA, 0x08, 0x2C, 0x2A, 0xCD, 0xCC, 0x26, 0xCC, 0x8E, 0x9E,
    0xDD, 0xD0, 0xAA, 0xE7, 0x72, 0x64, 0x80, 0x8A, 0x99, 0xFE, 0x57, 0x80, 0x4D, 0x5D, 0xB3, 0x32,
    0x85, 0x05, 0x11, 0x13, 0xD9, 0x0E, 0x24, 0x7A, 0x45, 0xBE, 0x7D, 0x1C, 0xE5, 0x22, 0xE4, 0x64,
    0xB4, 0x00, 0x5F, 0xDE, 0x44, 0x35, 0x9F, 0x15, 0xAB, 0xE5, 0x05, 0x42, 0xD3, 0x69, 0x58, 0x77,
    0x7C, 0x28, 0xA4, 0x9D, 0x48, 0x04, 0x85, 0x2D, 0x06, 0x92, 0x01, 0xE4, 0x42, 0xAE, 0x82, 0x85,
    0x20, 0x60, 0xAD, 0x9C, 0x5A, 0x65, 0x35, 0xC6, 0x00, 0xC5, 0xD5, 0xA5, 0x1A, 0x19, 0xE5, 0x72,
    0xE2, 0x7F, 0x16, 0x43, 0xA9, 0xF1, 0x4D, 0xED, 0x8E, 0x99, 0x12, 0x92, 0x93, 0xF5, 0x4A, 0xC1,
    0x3E, 0xBA, 0xFF, 0x9A, 0x75, 0x70, 0x41, 0xE7, 0x26, 0x86, 0x8E, 0xCD, 0xE3, 0x87, 0xB8, 0x40,
    0x81, 0x2D, 0x1A, 0x00, 0xCC, 0x72, 0x0A, 0x5C, 0xB2, 0x6D, 0x4C, 0x9D, 0xC1, 0xD1, 0x35, 0x05,
    0xD0, 0x13, 0x81, 0x80, 0x1A, 0xDF, 0xDC, 0x8E, 0x82, 0x84, 0x90, 0x6D, 0x2E, 0x25, 0x4A, 0x34,
    0xB4, 0xDB, 0xBA, 0x1F, 0x14, 0x4B, 0x2D, 0x0E, 0xC7, 0x97, 0x14, 0x98, 0x09, 0x34, 0x44, 0xE7,
    0x86, 0x3D, 0xF0, 0xFF, 0x6C, 0x09, 0xBF, 0x05, 0x7A, 0x77, 0xF7, 0x75, 0xAC, 0x1D, 0xFF, 0x49,
    0xC5, 0x44, 0xA0, 0x76, 0xC7, 0x37, 0x58, 0x23, 0x1A, 0xBB, 0x91, 0x98, 0x22, 0xE2, 0xD7, 0x04,
    0x03, 0xED, 0x7A, 0x62, 0x5B, 0xF7, 0xBD, 0x17, 0xBF, 0x3D, 0x59, 0xC5, 0x9D, 0x5B, 0xF1, 0x50,
    0x99, 0xF7, 0x3D, 0x65, 0x92, 0xEA, 0x91, 0x32, 0xEE, 0x4A, 0xB9, 0x91, 0xC1, 0xA4, 0x7A, 0x40,
    0xDC, 0x46, 0x7A, 0x93, 0xB6, 0x33, 0xC1, 0x9A, 0x92, 0xA1, 0xE1, 0xBE, 0xA6, 0x05, 0x53, 0xFF,
    0x70, 0xE1, 0xB3, 0xFA, 0xC7, 0xCA, 0x8B, 0xDE, 0xF8, 0x56, 0x23, 0xE7, 0x84, 0x7C, 0x39, 0xD9,
    0x15, 0x70, 0x86, 0x8F, 0x7B, 0x83, 0x38, 0x51, 0xB0, 0x52, 0xEC, 0xE6, 0xE8, 0xF8, 0x3C, 0x45,
    0x48, 0xD1, 0x70, 0xC3, 0x56, 0x70, 0x56, 0xE3, 0x28, 0xD1, 0xBF, 0x99, 0x21, 0x5F, 0x8A, 0x50,
    0x4E, 0x36, 0x92, 0xFE, 0xBC, 0xF8, 0x38, 0x3F, 0x68, 0xEA, 0x4E, 0x32, 0x6B, 0xD5, 0x84, 0x99,
    0xDE, 0x6C, 0xEE, 0x00, 0x03, 0x6B, 0xA1, 0x08, 0x2E, 0x68, 0xA6, 0x9C, 0xD5, 0xCF, 0x62, 0xBB,
    0xC0, 0x22, 0xAC, 0x60, 0x73, 0x0C, 0x6F, 0xC1, 0x16, 0xED, 0x8A, 0x90, 0xD8, 0x5E, 0x97, 0x8F,
    0xD1, 0x0E, 0xF1, 0x09, 0xD5, 0x50, 0x0A, 0x3E, 0xB6, 0x56, 0x15, 0x17, 0x98, 0xD1, 0x6A, 0x7E,
    0x64, 0x86, 0xA1, 0x67, 0xDA, 0x63, 0x27, 0xF7, 0xC0, 0x40, 0x68, 0x0D, 0x00, 0x52, 0xD5, 0x25,
    0x64, 0x73, 0xD8, 0x49, 0x23, 0x36, 0x6B, 0xC3, 0xFE, 0x41, 0xD0, 0x2F, 0x18, 0x88, 0x9A, 0x18,
    0x25, 0xB9, 0x81, 0x85, 0x4F, 0x19, 0xED, 0x76, 0xC7, 0x21, 0xBF, 0xFE, 0x56, 0x0B, 0x1A, 0x4F,
    0xA7, 0x8A, 0x99, 0x18, 0xA5, 0x64, 0x5D, 0x6E, 0x1C, 0x5F, 0xD2, 0xB5, 0x24, 0x81, 0xB4, 0x8D,
    0x08, 0x6A, 0x3E, 0x66, 0x7B, 0x0F, 0x8C, 0x38, 0xAC, 0xFD, 0xF0, 0x92, 0xAF, 0x85, 0xFF, 0xB7,
    0x3D, 0x44, 0x69, 0x9D, 0xB6, 0x3A, 0x4D, 0x0E, 0xBB, 0x56, 0x39, 0xC8, 0x69, 0xF6, 0x8F, 0xA3,
    0xEF, 0x4E, 0xB3, 0x5D, 0xDF, 0x27, 0xC8, 0x14, 0x8D, 0x12, 0xA8, 0x8D, 0x42, 0xCE, 0xC6, 0x91,
    0x8C, 0x9B, 0x59, 0x04, 0x76, 0xDA, 0x8E, 0x05, 0x85, 0xCA, 0x62, 0x42, 0xE3, 0x2A, 0x8A, 0xA3,
    0x34, 0x26, 0xF4, 0xDC, 0x76, 0xE0, 0x5E, 0xDA, 0x77, 0x38, 0xE8, 0x04, 0xAE, 0xC3, 0xD5, 0x3E,
    0x99, 0x55, 0x7E, 0x35, 0x64, 0x81, 0x32, 0x66, 0x41, 0xCB, 0x5E, 0x9D, 0xF2, 0x51, 0xE5, 0xED,
    0x50, 0x0C, 0x94, 0xD9, 0xE4, 0x0F, 0x4B, 0xD9, 0xAB, 0x34, 0x70, 0x6B, 0x13, 0x6F, 0xD2, 0xA2,
    0xA1, 0x78, 0x08, 0xC5, 0x45, 0xA9, 0x16, 0x93, 0x32, 0x98, 0x14, 0x14, 0xAE, 0xFD, 0xCB, 0x53,
    0xE3, 0xD6, 0xFE, 0x95, 0x33, 0x2B, 0xF9, 0xD1, 0xF5, 0x9B, 0x56, 0xFA, 0x6C, 0xB8, 0x7F, 0x44,
    0xAD, 0x45, 0x4A, 0x58, 0xE8, 0xE2, 0x96, 0x40, 0x53, 0x93, 0xE3, 0xF6, 0x0A, 0x5D, 0x01, 0x11,
    0x0C, 0x3C, 0xA8, 0xFA, 0xB1, 0x0A, 0xC2, 0x65, 0x8B, 0x33, 0x7B, 0xE0, 0x94, 0x57, 0x1A, 0x8B,
    0xE0, 0x77, 0xE8, 0x22, 0x63, 0xA9, 0x59, 0xC6, 0x5A, 0x65, 0xA0, 0x87, 0xE8, 0x2D, 0x47, 0xA7,
    0x9F, 0xCC, 0xEE, 0x22, 0xA4, 0xC4, 0x83, 0x2B, 0x6F, 0xDC, 0xF0, 0x81, 0x6A, 0xB1, 0x9F, 0xE7,
    0xD3, 0xE0, 0x89, 0x81, 0x3B, 0x99, 0x17, 0x08, 0x87, 0xEF, 0x6C, 0x01, 0x18, 0x89, 0x99, 0x40,
    0xED, 0xEE, 0x1E, 0xA0, 0x71, 0x43, 0x1A, 0x87, 0x8E, 0xA1, 0x8B, 0x88, 0x5F, 0x33, 0xC5, 0xF1,
    0xCD, 0x78, 0x56, 0x17, 0x45, 0x20, 0x7A, 0x71, 0xC7, 0xD7, 0x6C, 0x3D, 0x79, 0x1A, 0x9C, 0x7A,
    0x5B, 0x10, 0xA4, 0x55, 0xB0, 0x1D, 0xC6, 0xFC, 0xE4, 0x6D, 0x81, 0x94, 0xCB, 0xF6, 0x6D, 0xC1,
    0x44, 0x8C, 0x27, 0x75, 0xBD, 0xE1, 0x94, 0xD3, 0x91, 0x88, 0xAB, 0x86, 0xC2, 0x1C, 0xAC, 0x70,
    0x5B, 0xFE, 0x92, 0xD1, 0xA9, 0x18, 0x2A, 0x62, 0xFB, 0xB6, 0xC0, 0xF3, 0x37, 0x62, 0xBA, 0x8F,
    0xF3, 0xAF, 0xE3, 0x9D, 0xCB, 0x36, 0x31, 0xBE, 0x28, 0xBC, 0xAC, 0xFB, 0xF1, 0x6D, 0x4A, 0x50,
    0xEF, 0xC8, 0x1E, 0x0E, 0xAD, 0x3E, 0x68, 0xEA, 0x55, 0xB8, 0xA9, 0x65, 0x6A, 0x56, 0x38, 0xC6,
    0x4D, 0xF4, 0x05, 0x5E, 0x41, 0x8D, 0xA1, 0x0A, 0x5A, 0x81, 0x63, 0x45, 0x85, 0xC3, 0xE1, 0x31,
    0x42, 0x93, 0x32, 0x6C, 0x2A, 0xB0, 0xFA, 0x2B, 0x1C, 0x21, 0xF7, 0x00, 0xF4, 0x1B, 0xD7, 0xF1,
    0x46, 0xBC, 0x39, 0xEC, 0xF6, 0x29, 0x9A, 0xB3, 0x4F, 0x26, 0xFB, 0x9B, 0xA6, 0x47, 0x57, 0x05,
    0x49, 0x6D, 0xC2, 0xCF, 0x60, 0xF1, 0x5B, 0x58, 0xA3, 0x0C, 0x16, 0xB9, 0xB8, 0xAF, 0x66, 0xE4,
    0x46, 0x0B, 0xC2, 0xB2, 0x1B, 0xB3, 0x60, 0xEE, 0x26, 0x65, 0x6A, 0x8C, 0xBF, 0x14, 0x56, 0x5A,
    0xDD, 0x43, 0xC3, 0x1B, 0xC4, 0xDD, 0x86, 0x06, 0x33, 0x51, 0x6F, 0xB6, 0xE8, 0x94, 0xC1, 0x4E,
    0xC5, 0x96, 0xC9, 0xD0, 0xB8, 0x91, 0x45, 0x6D, 0xCF, 0x91, 0x6E, 0x43, 0x4A, 0xBE, 0x67, 0x16,
    0x4A, 0xA6, 0xE9, 0x2C, 0x45, 0x53, 0xF9, 0x48, 0xB6, 0x9D, 0x14, 0xE1, 0xA9, 0xD1, 0x2B, 0xFC,
    0xA8, 0x70, 0xCB, 0xBB, 0x08, 0x15, 0x80, 0x50, 0x10, 0x29, 0x21, 0x17, 0xAE, 0x15, 0x8C, 0xDD,
    0x53, 0x81, 0x3B, 0xE3, 0x41, 0xEF, 0x1F, 0x37, 0xCA, 0x65, 0x78, 0x69, 0xF4, 0xEE, 0xBE, 0xBF,
    0xAB, 0x3B, 0x3E, 0x07, 0x4B, 0x8F, 0x56, 0x3E, 0x3F, 0xAB, 0xF0, 0x44, 0xF3, 0xF2, 0x67, 0x94,
    0xF1, 0x68, 0xC6, 0xD4, 0x3F, 0x26, 0x23, 0x31, 0xF9, 0x67, 0xC9, 0x9C, 0xAF, 0x3D, 0x16, 0xD5,
    0xB3, 0x3C, 0x7F, 0x85, 0x94, 0xFC, 0x2C, 0xB1, 0x5F, 0x93, 0x58, 0x8C, 0xE8, 0x8C, 0x83, 0xF2,
    0x06, 0x02, 0x6D, 0x2A, 0x63, 0x31, 0x93, 0xAB, 0xE5, 0x34, 0xED, 0xF7, 0xA4, 0x0D, 0x56, 0x6B,
    0x32, 0x0E, 0xC6, 0x86, 0xBC, 0xCD, 0x11, 0xC1, 0x99, 0xF3, 0xD9, 0xE5, 0xE8, 0x8F, 0x26, 0x40,
    0x17, 0x65, 0x8A, 0xB2, 0x58, 0x59, 0x0B, 0xB3, 0xCC, 0xF1, 0x0A, 0x25, 0xC5, 0xEF, 0x29, 0x09,
    0x3E, 0xDA, 0x91, 0x34, 0x4A, 0x16, 0xCB, 0x0E, 0xCC, 0x52, 0x53, 0xF4, 0x12, 0xA2, 0xF4, 0x26,
    0x8B, 0xA8, 0x5C, 0x6F, 0x6C, 0x43, 0xFD, 0x64, 0xDC, 0xBA, 0xAC, 0x00, 0x0E, 0x89, 0x89, 0x58,
    0x04, 0x47, 0x40, 0x7C, 0x41, 0xBA, 0x39, 0xCC, 0xCB, 0x16, 0x09, 0x91, 0x11, 0x25, 0xEA, 0x93,
    0x03, 0x7E, 0xD8, 0x39, 0xE0, 0x5B, 0x4A, 0x99, 0xF3, 0xC0, 0x48, 0x6C, 0x96, 0xFD, 0xF2, 0xF0,
    0x22, 0xD6, 0x3F, 0xE0, 0x92, 0xB1, 0x5D, 0x5E, 0xC7, 0x38, 0x5B, 0xEC, 0xEF, 0x5F, 0xB5, 0x61,
    0x7E, 0x1A, 0x2C, 0x25, 0xAA, 0xED, 0xFA, 0x6C, 0xD5, 0x30, 0xFC, 0x5C, 0x56, 0xE8, 0x4E, 0xDE,
    0x1F, 0x2C, 0x71, 0x7F, 0x71, 0x11, 0x68, 0xEC, 0x14, 0xB4, 0x7B, 0x9A, 0xC8, 0x31, 0x99, 0x7A,
    0x2D, 0x54, 0xA5, 0xD7, 0x41, 0xD5, 0x9A, 0x56, 0xB5, 0x40, 0xED, 0x67, 0xD5, 0x2A, 0x48, 0x81,
    0xB8, 0x10, 0x66, 0x54, 0x4F, 0x6D, 0xB0, 0x6E, 0x3B, 0x6B, 0xB2, 0x5B, 0xA0, 0xAE, 0xE3, 0x89,
    0xF2, 0x21, 0x7A, 0x14, 0x35, 0xDA, 0xEF, 0xAA, 0xEF, 0xB9, 0x54, 0x6C, 0xFC, 0xD6, 0xF7, 0xEF,
    0xA3, 0x70, 0xBC, 0xAF, 0xBD, 0x12, 0xDD, 0x79, 0x2E, 0x69, 0x81, 0x86, 0xBA, 0xC2, 0x77, 0x9B,
    0xFE, 0x6F, 0x7C, 0x0B, 0x3C, 0x12, 0x28, 0xBC, 0x22, 0x81, 0x22, 0xC3, 0xDD, 0x2B, 0x8A, 0x26,
    0x5F, 0x72, 0xC8, 0x06, 0x59, 0x44, 0x9D, 0x2F, 0x29, 0xBA, 0x7C, 0x11, 0x58, 0x0D, 0x62, 0x45,
    0x64, 0x44, 0xB1, 0x68, 0x41, 0x19, 0x14, 0x6E, 0x54, 0xB4, 0x83, 0xF6, 0x75, 0x8D, 0x47, 0x74,
    0xB5, 0xA2, 0x83, 0x72, 0x56, 0xB8, 0x49, 0x21, 0xE7, 0x3E, 0xB0, 0x11, 0xD4, 0xC7, 0x2D, 0x54,
    0xC1, 0xFA, 0xF9, 0xED, 0x8B, 0x0F, 0x1E, 0x65, 0x5F, 0x43, 0x93, 0xB4, 0xB6, 0x5E, 0x2B, 0x2A,
    0x7C, 0x8B, 0xC6, 0x8F, 0x1A, 0xB3, 0xB6, 0x27, 0xBA, 0x94, 0xB9, 0x5C, 0x7F, 0xFB, 0x8E, 0x5B,
    0x3E, 0x9A, 0x94, 0x08, 0x6D, 0x93, 0xA3, 0x77, 0x8D, 0xFC, 0x44, 0x2C, 0xBD, 0xC1, 0x53, 0x21,
    0x6A, 0xDE, 0xA4, 0xB1, 0x00, 0xA4, 0x50, 0xE4, 0x8C, 0x40, 0xB1, 0x9C, 0x2C, 0x27, 0xD5, 0xA0,
    0x2D, 0xEB, 0xBE, 0xC2, 0x24, 0xEE, 0x0B, 0x40, 0xFC, 0x1D, 0x68, 0x74, 0x71, 0x03, 0x9D, 0x0F,
    0x82, 0xC1, 0x73, 0x26, 0xF2, 0x9C, 0x8B, 0x14, 0x55, 0x84, 0x8B, 0xD0, 0x82, 0x8A, 0xA5, 0x65,
    0x10, 0xF4, 0x85, 0xD6, 0xE0, 0xF1, 0x11, 0x75, 0x62, 0x3B, 0x80, 0x0A, 0xFD, 0xCE, 0x06, 0xA5,
    0x05, 0x0E, 0x89, 0x40, 0x68, 0x6C, 0xBE, 0xB9, 0x0A, 0x69, 0xBB, 0xEC, 0x04, 0xFD, 0x6A, 0x66,
    0xC1, 0x44, 0x74, 0x44, 0x50, 0x93, 0x2B, 0xB1, 0xB4, 0xB6, 0x7F, 0x35, 0xE6, 0xBE, 0x39, 0x80,
    0x39, 0xD8, 0x1A, 0x37, 0xC2, 0xE4, 0x81, 0xF5, 0xF6, 0x3A, 0xBE, 0xDE, 0x70, 0x8A, 0xFB, 0x5F,
    0xAE, 0xFB, 0x0F, 0x3B, 0x9E, 0xE2, 0x51, 0x4B, 0xAE, 0x2B, 0xB2, 0x21, 0x71, 0x96, 0xF5, 0x96,
    0x09, 0x44, 0x99, 0x19, 0xF3, 0x99, 0x6C, 0xC1, 0xC0, 0x13, 0x58, 0x3F, 0xC0, 0x35, 0xDD, 0x9E,
    0x25, 0x67, 0x98, 0x37, 0x1B, 0x49, 0x3E, 0xB0, 0xFF, 0x8E, 0x5D, 0xDD, 0xDE, 0xEF, 0x03, 0x52,
    0xCE, 0x39, 0x6A, 0x37, 0x0A, 0xB7, 0xF9, 0x6A, 0xE8, 0x09, 0x7A, 0xDF, 0x45, 0xCF, 0x5A, 0x84,
    0x1B, 0x88, 0x20, 0x7B, 0x52, 0xE0, 0xA8, 0xB5, 0xA9, 0x56, 0x12, 0x42, 0x2A, 0x1B, 0x05, 0xFB,
    0xB2, 0x4D, 0x15, 0x5D, 0xDA, 0x8B, 0x23, 0x55, 0x85, 0x66, 0x79, 0x0B, 0xF6, 0x44, 0x58, 0x40,
    0xB1, 0xE6, 0x70, 0xA3, 0x63, 0xBC, 0x0D, 0xAB, 0x80, 0x4F, 0xE3, 0x7E, 0x3D, 0x4E, 0x27, 0x74,
    0x3E, 0xEE, 0x7C, 0xAF, 0x16, 0xDC, 0x59, 0x6C, 0x5E, 0x51, 0xFB, 0x5A, 0x04, 0x7A, 0xF6, 0xD4,
    0xFA, 0xA9, 0xF9, 0xE9, 0xD5, 0x5C, 0xD8, 0x9F, 0xA5, 0x98, 0x55, 0xAB, 0x20, 0xCE, 0xEE, 0xBB,
    0xA8, 0x39, 0x9F, 0x43, 0x2B, 0xBC, 0x71, 0x49, 0x0E, 0x00, 0xEB, 0x11, 0x0E, 0x18, 0x7E, 0x51,
    0xAB, 0xF1, 0xC9, 0xBB, 0x3A, 0x69, 0xFB, 0x0C, 0x68, 0xB8, 0x75, 0x56, 0xED, 0x92, 0xFD, 0x76,
    0x88, 0x9D, 0xB9, 0x08, 0xB5, 0x54, 0xE1, 0x6F, 0xD7, 0x31, 0xB5, 0xC0, 0xC0, 0xBA, 0x07, 0x58,
    0x36, 0x43, 0xDD, 0x82, 0x92, 0x60, 0xF0, 0x7D, 0x46, 0xE4, 0x44, 0x41, 0x94, 0x84, 0x23, 0x7C,
    0xCB, 0x23, 0xB2, 0x1B, 0xFC, 0xE7, 0xB3, 0xE2, 0x1F, 0x41, 0xF1, 0xC5, 0xA8, 0xF8, 0x72, 0x50,
    0xA0, 0x23, 0x1A, 0x42, 0x14, 0x0B, 0x11, 0x88, 0x49, 0x91, 0x7E, 0x98, 0x5E, 0x93, 0x6C, 0xCE,
    0xB8, 0xC9, 0xFE, 0x65, 0x10, 0x01, 0xA6, 0xD8, 0x72, 0xB2, 0x77, 0x2C, 0x4C, 0x2F, 0xFC, 0x09,
    0x36, 0xEE, 0x05, 0x9D, 0xE7, 0x2B, 0x07, 0xDE, 0xC3, 0x5E, 0xF0, 0x29, 0xAA, 0x51, 0xA1, 0x45,
    0xFE, 0xAB, 0x38, 0x5F, 0xD7, 0x84, 0x6C, 0x72, 0xF7, 0xF8, 0x5B, 0x8F, 0x41, 0xE1, 0x26, 0x45,
    0x19, 0x58, 0x0D, 0x8A, 0x8C, 0x5E, 0x12, 0xFA, 0x13, 0xC6, 0x97, 0x89, 0x6D, 0xBC, 0x0B, 0x8E,
    0x0B, 0xD4, 0xD5, 0x69, 0x24, 0x90, 0x5D, 0xA4, 0x44, 0x46, 0xE4, 0x8B, 0x02, 0x33, 0x11, 0x88,
    0x89, 0xE8, 0x14, 0xBB, 0x21, 0x82, 0x08, 0x82, 0x47, 0x6D, 0x6C, 0x52, 0x72, 0x9D, 0x91, 0x1D,
    0x79, 0xA7, 0x5F, 0xDD, 0x0B, 0x1A, 0x8F, 0xE2, 0x3F, 0x41, 0x43, 0x53, 0xFE, 0x2B, 0x68, 0x94,
    0xAA, 0x4F, 0x48, 0xA7, 0xFC, 0x7C, 0xF6, 0xAF, 0x06, 0xDF, 0xA1, 0xCD, 0x49, 0x90, 0x7E, 0x26,
    0x5D, 0x30, 0x4E, 0x64, 0x39, 0x92, 0xC5, 0x90, 0x87, 0x6D, 0xD0, 0xD6, 0x4F, 0x00, 0xB0, 0x03,
    0x4E, 0x32, 0x4F, 0xAC, 0x41, 0x48, 0xF2, 0xEB, 0xFB, 0x03, 0x78, 0x96, 0x95, 0xAD, 0xD5, 0xCB,
    0xEB, 0x76, 0x1C, 0x61, 0x63, 0xC6, 0x03, 0x8E, 0x8B, 0x68, 0x15, 0x23, 0xB1, 0xF9, 0x6D, 0x50,
    0xD0, 0xA4, 0xAF, 0x68, 0x5C, 0xE0, 0x4F, 0x58, 0x9F, 0x0C, 0xE0, 0x60, 0x2F, 0x86, 0x76, 0xE6,
    0xD7, 0x47, 0x3C, 0xDF, 0x73, 0x80, 0xC8, 0x4F, 0x6B, 0xF1, 0x7F, 0xE7, 0x76, 0xE3, 0x33, 0xCC,
    0x76, 0x23, 0xC5, 0x15, 0x34, 0x7E, 0x4A, 0x6C, 0x35, 0x47, 0xA7, 0x68, 0xAD, 0x7B, 0x3D, 0x88,
    0xB6, 0x67, 0x41, 0x17, 0x4D, 0x42, 0xCA, 0x47, 0xBB, 0xA3, 0xD5, 0x10, 0xD7, 0x98, 0x20, 0xFE,
    0x6B, 0xD0, 0xF2, 0x9C, 0x28, 0xE4, 0x49, 0x90, 0xE4, 0x37, 0xEC, 0xB5, 0x13, 0x27, 0xC2, 0x15,
    0x30, 0x95, 0x78, 0x77, 0x70, 0x21, 0x6E, 0x5D, 0xBC, 0x4D, 0x08, 0x0F, 0x5E, 0xFF, 0x6D, 0xEF,
    0x8B, 0x81, 0x2C, 0x37, 0xCE, 0xF4, 0x1A, 0x00, 0xB9, 0x38, 0x0A, 0x65, 0x61, 0x03, 0x51, 0xD2,
    0x89, 0x65, 0xE1, 0x02, 0x07, 0x67, 0x96, 0xEB, 0x10, 0xDB, 0xE5, 0x13, 0x70, 0xB7, 0x81, 0x42,
    0x6D, 0xC0, 0xA1, 0xCA, 0xC7, 0x80, 0x0E, 0xEC, 0x2A, 0x9B, 0x57, 0x75, 0x93, 0xBA, 0x5C, 0xB2,
    0x81, 0x23, 0x03, 0x06, 0x17, 0x68, 0xAE, 0x8E, 0x72, 0x60, 0x07, 0xDA, 0x72, 0xD1, 0x2E, 0x72,
    0xB6, 0xCA, 0xAB, 0xC0, 0x01, 0x03, 0x5A, 0x78, 0xE4, 0x06, 0x0C, 0x18, 0x10, 0x24, 0x2D, 0x3B,
    0xB8, 0x80, 0xF0, 0x69, 0x59, 0x2E, 0x2F, 0x83, 0x85, 0x44, 0xF0, 0x88, 0x9D, 0x05, 0xF0, 0xBB,
    0xBF, 0xEF, 0x6F, 0xE0, 0x61, 0xDF, 0xCC, 0x70, 0x67, 0xB8, 0xE4, 0x6A, 0x29, 0xBB, 0x77, 0xDE,
    0xF7, 0xF5, 0xE2, 0x01, 0xFD, 0x1A, 0x8D, 0x46, 0xF7, 0xDF, 0xFF, 0xFF, 0x77, 0x77, 0xD1, 0xEA,
    0x77, 0xD9, 0x68, 0x1E, 0x49, 0xE4, 0x4E, 0x8F, 0x6B, 0x7C, 0xF5, 0x3B, 0xB8, 0xB1, 0x14, 0x5B,
    0x85, 0x46, 0x79, 0x0B, 0xCF, 0x5D, 0x9B, 0x0E, 0x73, 0x8E, 0x74, 0xEE, 0x1F, 0x18, 0xD0, 0xD5,
    0xEB, 0xA0, 0x73, 0x44, 0x3B, 0x17, 0x73, 0xF4, 0x99, 0xF4, 0xAE, 0x67, 0xF0, 0xE9, 0x2D, 0xE1,
    0xCD, 0xAD, 0x6B, 0x35, 0x37, 0xFF, 0xE8, 0x8B, 0x73, 0x63, 0xD2, 0x5F, 0x0B, 0x7A, 0xE8, 0x8F,
    0x39, 0xE8, 0xBF, 0xA3, 0x3A, 0x5D, 0xA4, 0x1C, 0xB8, 0x51, 0x6F, 0x6B, 0xD1, 0x23, 0x1A, 0xA9,
    0x89, 0xAA, 0x93, 0x2F, 0x9D, 0xB2, 0x02, 0xF7, 0x8D, 0x4B, 0x65, 0x20, 0x76, 0x40, 0x9C, 0x88,
    0x3C, 0x30, 0x3C, 0xAA, 0xA5, 0x10, 0x0F, 0x67, 0xA5, 0x67, 0xC7, 0x5C, 0x7D, 0x09, 0x46, 0xFC,
    0xCE, 0x22, 0xFE, 0x4B, 0x67, 0x62, 0xF9, 0xC1, 0x50, 0x0C, 0x26, 0x1D, 0xA8, 0xF5, 0xCF, 0xA8,
    0xEA, 0x77, 0xD6, 0x85, 0xDC, 0x51, 0x45, 0xB5, 0x7F, 0xE9, 0x68, 0xFE, 0x8E, 0x67, 0xE6, 0x30,
    0x3F, 0x84, 0x32, 0x5F, 0x1E, 0xCB, 0x4F, 0xC7, 0x6A, 0x50, 0xDB, 0x5B, 0xEB, 0x1E, 0x12, 0x07,
    0xFE, 0xB7, 0x5D, 0x5E, 0x3E, 0x17, 0xA9, 0x98, 0x9B, 0x75, 0x2A, 0xAC, 0x40, 0x32, 0x0B, 0xE4,
    0x12, 0x84, 0x95, 0xB7, 0xA1, 0x50, 0xBE, 0x85, 0xAA, 0x24, 0x9D, 0x13, 0x5B, 0x62, 0xD9, 0xB8,
    0xC2, 0xCA, 0x34, 0x07, 0x68, 0xD0, 0xDF, 0x19, 0x0D, 0xAE, 0x30, 0x91, 0xF8, 0xCE, 0x80, 0x82,
    0xE6, 0xB2, 0xAD, 0x5A, 0x55, 0x74, 0xA1, 0xDA, 0xD9, 0x44, 0xEF, 0x1F, 0x44, 0x64, 0xDC, 0x01,
    0xF4, 0xAE, 0x27, 0xC0, 0x85, 0x57, 0x9C, 0x2C, 0xEE, 0x49, 0x79, 0x0F, 0x68, 0x7D, 0xAD, 0xE3,
    0x4E, 0x50, 0x04, 0xF8, 0x72, 0x84, 0x72, 0xF5, 0x3E, 0x13, 0x18, 0xD0, 0x9F, 0xE4, 0xF1, 0xF0,
    0x65, 0x92, 0x20, 0x9C, 0x4C, 0xE6, 0xEE, 0x5C, 0x3C, 0x38, 0x16, 0x86, 0xFA, 0x34, 0x76, 0x75,
    0xEA, 0x1E, 0xFC, 0xE4, 0x81, 0x72, 0x25, 0xDD, 0x0E, 0x3E, 0x57, 0x01, 0x4D, 0xAA, 0x78, 0xFB,
    0x29, 0xA0, 0x48, 0x43, 0x1C, 0x89, 0x82, 0xE3, 0x7F, 0x2A, 0x25, 0xBB, 0x51, 0x1A, 0x21, 0x57,
    0xE8, 0x03, 0xA7, 0x4A, 0x72, 0x3D, 0x13, 0x38, 0x10, 0x0F, 0x56, 0xE3, 0xFC, 0x40, 0x4E, 0xC5,
    0x4F, 0x9E, 0x02, 0x8A, 0xD4, 0xC4, 0x9E, 0x38, 0x5A, 0xB4, 0x22, 0x36, 0xCE, 0x09, 0x8E, 0x61,
    0x04, 0x3C, 0x92, 0x89, 0x67, 0x0E, 0xC4, 0x16, 0x38, 0xE5, 0x81, 0xB8, 0x1F, 0x3C, 0x0D, 0x3E,
    0xB9, 0x6C, 0x41, 0xA4, 0x06, 0xF4, 0x80, 0xC9, 0x1E, 0xDB, 0x57, 0x11, 0x23, 0x67, 0x79, 0xBB,
    0x58, 0x68, 0x8F, 0x1D, 0xA9, 0x01, 0x6E, 0x00, 0x74, 0x06, 0xE9, 0xCF, 0x6D, 0xBF, 0xA9, 0xD4,
    0xCB, 0xAC, 0xFE, 0x83, 0xA7, 0xF1, 0x5A, 0x52, 0x1E, 0xA4, 0xCC, 0x17, 0x88, 0x2C, 0x1F, 0xCF,
    0x0E, 0x78, 0x75, 0x6C, 0x9B, 0xF5, 0xB9, 0xA9, 0xDA, 0xEA, 0xAA, 0x34, 0x95, 0x4A, 0xC6, 0x66,
    0x5F, 0xBA, 0xB9, 0xED, 0x7F, 0xF4, 0x25, 0x66, 0xAE, 0x92, 0x92, 0xB9, 0x90, 0x96, 0x42, 0x8F,
    0x50, 0x5A, 0x9A, 0xF6, 0x27, 0x4B, 0x50, 0x96, 0x5B, 0x72, 0xC2, 0x54, 0x55, 0x7B, 0x96, 0x84,
    0x23, 0xF5, 0x1D, 0x3A, 0x52, 0x72, 0xA7, 0x34, 0xEE, 0x7E, 0xB2, 0x2E, 0x14, 0x24, 0x26, 0xD5,
    0xB4, 0x4D, 0xDA, 0xFD, 0x90, 0x29, 0x9C, 0x3E, 0xF4, 0xF2, 0x22, 0x7D, 0x3B, 0x15, 0x6A, 0x13,
    0x02, 0x62, 0xD9, 0x53, 0xC9, 0x6D, 0x0D, 0x5A, 0x3E, 0xF3, 0x79, 0xA6, 0x50, 0x9B, 0x15, 0x8C,
    0x4C, 0x4D, 0x81, 0x86, 0xC3, 0x15, 0x61, 0x3C, 0xE1, 0x57, 0x71, 0x45, 0xD1, 0x59, 0xF0, 0x54,
    0x57, 0xD1, 0xCC, 0xA3, 0xFC, 0x68, 0xB0, 0xE0, 0x4F, 0x7C, 0x5E, 0x46, 0xC3, 0x03, 0x19, 0x65,
    0xBC, 0xE6, 0xDB, 0xE4, 0xA7, 0x08, 0x2E, 0x7F, 0x50, 0x8F, 0x23, 0x66, 0xFE, 0x85, 0x77, 0xF0,
    0xE0, 0x72, 0x40, 0x3F, 0xCB, 0x70, 0x9A, 0x81, 0x6F, 0xF0, 0x16, 0xAE, 0xCA, 0x61, 0xB9, 0x7C,
    0x7B, 0xD9, 0x42, 0x22, 0x65, 0x38, 0x56, 0xFA, 0x3C, 0xBA, 0x50, 0x8E, 0x64, 0x08, 0x65, 0x93,
    0x5A, 0xC8, 0xD9, 0x55, 0xC5, 0x23, 0x3D, 0xA7, 0xC2, 0xE9, 0x1C, 0x60, 0x0C, 0x61, 0x25, 0x24,
    0xD0, 0xDE, 0x24, 0x3D, 0xA0, 0x05, 0xD4, 0xCE, 0x04, 0xF2, 0xDC, 0x01, 0x74, 0x1C, 0xEA, 0x1F,
    0x08, 0xA7, 0x47, 0xE8, 0xC0, 0x59, 0x61, 0xBE, 0xD8, 0xD1, 0xAE, 0xF7, 0xEA, 0x8E, 0x48, 0xF5,
    0x93, 0x9F, 0x65, 0xC8, 0x4C, 0xCB, 0xEF, 0x39, 0xBC, 0x5E, 0x3E, 0x1F, 0xEE, 0xD9, 0xBA, 0xA5,
    0xDF, 0x65, 0x03, 0x44, 0x8B, 0x9B, 0xC7, 0x45, 0xAA, 0x6F, 0xBE, 0x84, 0x92, 0x3F, 0x48, 0xA8,
    0x98, 0xC4, 0xB0, 0xE1, 0x09, 0x15, 0x6A, 0x90, 0xDE, 0x84, 0x76, 0xAA, 0x33, 0x91, 0xEA, 0x07,
    0x6A, 0xF3, 0x84, 0xB4, 0xFA, 0x4D, 0xDA, 0x5E, 0xB6, 0x9F, 0xEA, 0x3F, 0xEB, 0x68, 0xAD, 0xA2,
    0xA6, 0x63, 0xE4, 0x88, 0xCD, 0x33, 0x59, 0x8D, 0xFE, 0x35, 0xAB, 0xD5, 0x71, 0xB8, 0x68, 0xEE,
    0xFD, 0xEF, 0x11, 0x7B, 0xD1, 0x0F, 0x36, 0xD9, 0x4F, 0x1B, 0xFC, 0xFD, 0xA0, 0x7E, 0xCC, 0xE7,
    0x95, 0x7C, 0xAA, 0xE7, 0xFF, 0xA3, 0xA7, 0xA1, 0x33, 0xEA, 0x36, 0x88, 0x2C, 0x8E, 0x87, 0x55,
    0x7D, 0x3F, 0x7F, 0x9E, 0xD4, 0x54, 0x00, 0x94, 0x50, 0x64, 0xDC, 0x30, 0x6B, 0xBD, 0x43, 0x7B,
    0x22, 0xDF, 0xAC, 0xC8, 0x7C, 0x15, 0x94, 0x6D, 0xEB, 0x4D, 0x16, 0x69, 0x1C, 0x0F, 0x96, 0x69,
    0xD6, 0x23, 0x7F, 0xF2, 0xAC, 0x72, 0x1B, 0x48, 0x4E, 0xF6, 0xA5, 0xF4, 0xC4, 0x90, 0x03, 0x70,
    0x28, 0xB9, 0x58, 0x3E, 0xB2, 0x40, 0x25, 0xA2, 0x05, 0x19, 0xC0, 0x9D, 0x41, 0xBB, 0x82, 0x56,
    0x77, 0x27, 0x70, 0x34, 0x70, 0x36, 0xB2, 0x6E, 0x44, 0x37, 0xFF, 0x93, 0x29, 0xD6, 0xFD, 0x65,
    0xA7, 0x34, 0xF0, 0x94, 0x64, 0x24, 0x45, 0xD3, 0x9A, 0x62, 0x1E, 0xBC, 0xA9, 0xA7, 0x88, 0xF4,
    0x4A, 0x0D, 0x69, 0x7A, 0x28, 0x5E, 0x5F, 0x78, 0xD5, 0xAB, 0xD6, 0x94, 0xCF, 0x41, 0x36, 0xAE,
    0x25, 0x0D, 0x7A, 0xA3, 0xE1, 0x4B, 0x1E, 0x82, 0xAF, 0xDA, 0xF2, 0x74, 0x69, 0xCB, 0x3D, 0xE1,
    0x8F, 0xE6, 0x0F, 0x46, 0xC7, 0xF0, 0x5C, 0x09, 0x81, 0x26, 0xDB, 0x64, 0xF5, 0x62, 0xD0, 0x14,
    0xA1, 0x49, 0x60, 0xA4, 0x07, 0xB7, 0x6B, 0xD0, 0x1F, 0xFE, 0x01, 0xD0, 0xBA, 0x52, 0xDF, 0x3F,
    0x88, 0x1C, 0x03, 0x3E, 0x9D, 0x1D, 0xA0, 0xC4, 0x4E, 0xBD, 0xA9, 0x3A, 0x21, 0x90, 0x69, 0xE7,
    0x59, 0x33, 0x8D, 0x3E, 0x09, 0x38, 0x25, 0x03, 0x6C, 0xA1, 0xA5, 0x03, 0x38, 0xED, 0x2D, 0x64,
    0x96, 0xBB, 0xD8, 0xF2, 0x08, 0xCF, 0xAD, 0xD1, 0xF0, 0x29, 0xD9, 0xBB, 0x12, 0x7D, 0xB3, 0xC1,
    0x78, 0xFC, 0x9E, 0xA8, 0xF2, 0xF4, 0x92, 0xE8, 0x30, 0xE0, 0xFA, 0xA8, 0xA6, 0x86, 0xB7, 0x06,
    0x79, 0x17, 0xFA, 0xE0, 0x8F, 0x7A, 0x3B, 0x04, 0x37, 0x26, 0xBB, 0xD3, 0x65, 0x9F, 0x4E, 0xE8,
    0x2A, 0xDB, 0x44, 0x1D, 0x50, 0x1A, 0x9D, 0xA9, 0x00, 0xDF, 0x87, 0x0E, 0x65, 0xB9, 0x09, 0x50,
    0xE9, 0x7C, 0x5A, 0x28, 0xEE, 0x2E, 0xBA, 0x40, 0x16, 0xCE, 0xDA, 0x2D, 0xD7, 0xCA, 0x15, 0x54,
    0xE5, 0xAC, 0xF9, 0x96, 0x13, 0x8C, 0x96, 0x50, 0x0F, 0x06, 0xFA, 0x82, 0x81, 0xA5, 0x8B, 0x7B,
    0x13, 0x8E, 0xBE, 0xF4, 0x49, 0x67, 0x82, 0x29, 0x90, 0x21, 0x6D, 0x21, 0x20, 0xD0, 0x4E, 0xE7,
    0xC9, 0xB3, 0x1F, 0x8F, 0x05, 0xB4, 0xFF, 0xD5, 0x7B, 0x13, 0x9B, 0x15, 0xD9, 0xB0, 0xAE, 0x65,
    0x92, 0x57, 0x54, 0x5E, 0x8B, 0xC9, 0x58, 0xB2, 0xA3, 0xEA, 0xB1, 0x2B, 0xE6, 0x4D, 0xB6, 0x78,
    0x28, 0x37, 0x6D, 0x79, 0xEB, 0x00, 0x6A, 0x8D, 0xEB, 0xEA, 0x42, 0xC7, 0x76, 0x6D, 0x4F, 0x88,
    0x3D, 0x71, 0xB2, 0xF8, 0x61, 0x25, 0xB9, 0x3A, 0xA7, 0xAF, 0x7D, 0xD5, 0x97, 0x38, 0x8F, 0xD7,
    0xC9, 0xEC, 0xAE, 0x0E, 0x1C, 0x88, 0x0D, 0xF0, 0x48, 0xD3, 0xDF, 0xC5, 0x1A, 0xC0, 0x13, 0xD7,
    0xF8, 0x38, 0xED, 0x44, 0xBB, 0x67, 0xAE, 0x73, 0x35, 0x12, 0x05, 0x16, 0xA5, 0x67, 0x8E, 0xE5,
    0xC7, 0xC7, 0x91, 0x0F, 0xF7, 0x8F, 0xE7, 0xE4, 0x60, 0x65, 0xAD, 0xF1, 0x2A, 0xD4, 0x01, 0x5A,
    0x1B, 0x2C, 0x55, 0x24, 0x1F, 0xF7, 0x0B, 0x4B, 0x49, 0x7D, 0xA1, 0xA3, 0xE7, 0x94, 0xB9, 0x48,
    0x3B, 0xCA, 0x6C, 0x7D, 0x57, 0x6B, 0x0D, 0x7E, 0xB4, 0xFA, 0x64, 0x6F, 0xCF, 0x79, 0xC9, 0xEF,
    0xD2, 0x4D, 0x39, 0x3A, 0x7C, 0x15, 0x6F, 0x6F, 0xBB, 0x5C, 0xC0, 0xCB, 0x95, 0x06, 0x52, 0x32,
    0x91, 0x62, 0xA9, 0xBD, 0xD7, 0x9C, 0x85, 0x08, 0xB7, 0x40, 0x32, 0x85, 0x52, 0xC8, 0x7B, 0xA5,
    0x7B, 0x87, 0x6A, 0x7B, 0xE0, 0x7D, 0x29, 0x23, 0x7A, 0x4B, 0x60, 0x28, 0x32, 0x54, 0xB5, 0xF5,
    0x39, 0x78, 0xAD, 0xAA, 0xD1, 0x04, 0x57, 0x35, 0x75, 0xF1, 0x4D, 0x06, 0xA4, 0x2A, 0xFD, 0x2E,
    0x3C, 0xAA, 0xAC, 0x60, 0x54, 0xD5, 0x59, 0x3B, 0x9F, 0xC9, 0xAB, 0x1E, 0x41, 0x0A, 0xFF, 0xEE,
    0xF5, 0xAA, 0x0E, 0x98, 0x9A, 0x47, 0x34, 0x09, 0x9B, 0x06, 0x9A, 0x4C, 0xB2, 0xD1, 0x49, 0x58,
    0x24, 0x99, 0xA9, 0xA4, 0xCC, 0x8C, 0xBA, 0x68, 0x82, 0x91, 0x23, 0xBB, 0x70, 0x48, 0x1B, 0x4B,
    0x51, 0x1F, 0xB7, 0x96, 0xE2, 0x36, 0xEE, 0x68, 0x48, 0xE1, 0x4B, 0xAE, 0x9D, 0xB1, 0x0E, 0x73,
    0x34, 0x73, 0x96, 0xE4, 0x16, 0xDC, 0x17, 0x3C, 0x89, 0xBB, 0xAA, 0x34, 0xC1, 0x14, 0x77, 0x36,
    0xB5, 0x60, 0x8C, 0x3B, 0x9B, 0x5A, 0x34, 0xC4, 0x5D, 0xDA, 0x9A, 0xB8, 0x8F, 0xBB, 0xA4, 0x35,
    0x49, 0x17, 0xE3, 0xAD, 0x48, 0x6D, 0x92, 0x36, 0xB5, 0xCC, 0x52, 0x38, 0x9A, 0xA2, 0x8E, 0x3B,
    0x75, 0x8D, 0x83, 0x2E, 0x55, 0x83, 0x6B, 0x01, 0x03, 0xE6, 0x3E, 0xD4, 0x46, 0xEE, 0x53, 0x60,
    0xF2, 0x6B, 0x7A, 0xDF, 0xD4, 0x62, 0x31, 0xDB, 0x54, 0x39, 0x4C, 0x16, 0xC8, 0x3B, 0x6B, 0x93,
    0xC7, 0x1A, 0x1A, 0xA8, 0xE5, 0x75, 0xA8, 0xDE, 0xE9, 0xED, 0x3D, 0x14, 0x6F, 0x0D, 0xC6, 0x66,
    0xE8, 0xFA, 0x68, 0x7F, 0xD5, 0x6A, 0xFA, 0x4C, 0xD6, 0x14, 0x6F, 0x48, 0x5E, 0xD4, 0x05, 0x35,
    0xFE, 0xC5, 0x86, 0x8D, 0x32, 0x9B, 0x00, 0x3E, 0xA7, 0x96, 0x1C, 0x49, 0x47, 0x8E, 0xA5, 0x27,
    0x27, 0x1F, 0x0F, 0xE4, 0xEC, 0x97, 0xA3, 0xF2, 0x1B, 0x42, 0xAE, 0x4A, 0x65, 0xC9, 0xAB, 0xD2,
    0xD6, 0xA4, 0xA7, 0x85, 0xB3, 0x40, 0x18, 0x6A, 0xC7, 0x8D, 0x63, 0xCC, 0x32, 0xB9, 0x36, 0xC9,
    0x2D, 0x9A, 0x0F, 0x5B, 0xF9, 0x8B, 0xC1, 0x72, 0xDA, 0xCA, 0x0B, 0xA3, 0xE5, 0xAC, 0x91, 0x17,
    0x26, 0x83, 0xDC, 0xC8, 0xF3, 0x62, 0x99, 0x56, 0x84, 0x9C, 0x58, 0x5A, 0xB4, 0xB9, 0x96, 0xB2,
    0xDA, 0xC8, 0x75, 0xB0, 0x3D, 0xF7, 0xAD, 0x09, 0xDC, 0xC2, 0x42, 0xA1, 0xD6, 0x19, 0x0D, 0x05,
    0xF2, 0x5B, 0x92, 0x13, 0xD9, 0x90, 0x33, 0x69, 0x94, 0x3F, 0x68, 0xC9, 0xD5, 0x8F, 0x3B, 0xB2,
    0x84, 0x03, 0xD8, 0x97, 0x00, 0xAC, 0x95, 0x5D, 0x59, 0x94, 0xD9, 0x73, 0xDF, 0xBC, 0x76, 0x47,
    0x2A, 0x4C, 0x6C, 0x49, 0x7F, 0x3D, 0x65, 0xB5, 0xE5, 0xEC, 0xBD, 0x29, 0x6D, 0x2C, 0x17, 0x6F,
    0x4E, 0x49, 0x6B, 0x59, 0xDE, 0x9C, 0xE2, 0x1E, 0xFC, 0xC7, 0x53, 0x34, 0x40, 0x8F, 0xEA, 0x4F,
    0xC1, 0x68, 0x8A, 0xEB, 0x93, 0x65, 0x51, 0x1D, 0xD7, 0x2E, 0x79, 0x4E, 0xED, 0x61, 0x65, 0x6E,
    0x0E, 0x71, 0x39, 0x62, 0x54, 0xBB, 0x0C, 0x1E, 0x37, 0xBB, 0x36, 0x4F, 0x7E, 0x3C, 0x6C, 0xD5,
    0x0A, 0x5E, 0xC5, 0x2E, 0x91, 0x76, 0x42, 0xD6, 0x3F, 0x69, 0x96, 0xE9, 0x6E, 0xF2, 0x4B, 0x49,
    0xE1, 0x8F, 0xF4, 0x82, 0xC4, 0x03, 0xAF, 0x0E, 0x27, 0x12, 0x2C, 0x9A, 0x63, 0x20, 0xD4, 0x75,
    0xA0, 0xAB, 0x28, 0x41, 0x78, 0x57, 0x7B, 0x5A, 0xE5, 0xDC, 0xE8, 0x97, 0x34, 0x7B, 0x7D, 0x25,
    0xCC, 0x57, 0x4C, 0x8C, 0x98, 0xBA, 0x8F, 0xCA, 0x62, 0x58, 0xF4, 0xC6, 0x64, 0xEF, 0x09, 0x4E,
    0xFA, 0x94, 0x63, 0x9C, 0xF9, 0x15, 0x50, 0x4D, 0xE1, 0x86, 0xF7, 0xD6, 0xA0, 0xC6, 0xFD, 0xB8,
    0x35, 0x71, 0x57, 0xFD, 0x45, 0x6F, 0xE2, 0xB6, 0x7A, 0x61, 0x30, 0x49, 0x53, 0xD9, 0xE7, 0x9B,
    0xD5, 0xD5, 0xF3, 0x13, 0x2A, 0x6B, 0x09, 0x7F, 0xD6, 0x8A, 0x4F, 0x36, 0xD3, 0x2A, 0x71, 0x52,
    0x24, 0xE1, 0x4B, 0x4E, 0xD1, 0x71, 0xEF, 0x87, 0x92, 0xB3, 0x0D, 0xA4, 0xF8, 0xC7, 0x83, 0x31,
    0x2B, 0x24, 0xA7, 0x7A, 0x6D, 0xA7, 0xAA, 0x18, 0x78, 0xE4, 0xB1, 0xFB, 0x10, 0x86, 0x72, 0x8E,
    0xF4, 0x73, 0x64, 0x32, 0xA8, 0x7E, 0x88, 0xB1, 0xAD, 0x9A, 0xB2, 0x5F, 0x33, 0x35, 0xF8, 0xBA,
    0x30, 0x92, 0xB5, 0x54, 0xCC, 0x6B, 0x84, 0x9D, 0x1D, 0x4A, 0x89, 0xEA, 0x18, 0x1C, 0x4B, 0x7A,
    0x17, 0xC1, 0x83, 0x7A, 0x13, 0x95, 0x0F, 0x96, 0xAD, 0xEB, 0xEC, 0x91, 0x27, 0x17, 0x59, 0x4F,
    0x01, 0xA9, 0x70, 0x2F, 0x4A, 0x4D, 0xC1, 0x5B, 0xDB, 0x14, 0xFA, 0x7A, 0x17, 0x9B, 0x70, 0x08,
    0x46, 0xD6, 0x3D, 0x56, 0x1D, 0x23, 0x55, 0xAB, 0x35, 0xAE, 0x56, 0xEA, 0x95, 0x26, 0x54, 0x3F,
    0xCB, 0xB9, 0xBD, 0xFC, 0xFD, 0xA1, 0xDA, 0x58, 0xBA, 0x3E, 0x64, 0x96, 0x6C, 0xB9, 0xA6, 0x78,
    0x79, 0x83, 0x21, 0x69, 0x8B, 0x37, 0x2C, 0xC5, 0xAD, 0xAD, 0x8E, 0xC1, 0x10, 0xE1, 0x1D, 0x0F,
    0x86, 0x70, 0xB0, 0x83, 0xB5, 0x27, 0x6A, 0x23, 0xF4, 0x62, 0x7D, 0x53, 0xAE, 0x58, 0xE9, 0xAA,
    0x33, 0xFA, 0x82, 0xEF, 0x3B, 0xB7, 0x8C, 0x92, 0x3E, 0xB1, 0x89, 0x85, 0x2E, 0xBA, 0x61, 0x8A,
    0xDE, 0x9F, 0xA7, 0xF2, 0x11, 0x7A, 0x15, 0x81, 0x1F, 0x7F, 0x46, 0x6A, 0xD4, 0xB6, 0x5C, 0x55,
    0xA7, 0x19, 0x4A, 0xF5, 0xC9, 0x6B, 0x42, 0x17, 0x3F, 0x9E, 0x37, 0xDE, 0x25, 0xB3, 0xC7, 0x6E,
    0x0A, 0xE1, 0x37, 0xAF, 0x71, 0xDC, 0x28, 0x2D, 0xD5, 0x90, 0x3A, 0xFB, 0x00, 0xEA, 0xAF, 0x62,
    0xEB, 0xBC, 0x30, 0x5D, 0x9D, 0xA8, 0xD6, 0xCA, 0x23, 0x80, 0x57, 0xF1, 0xC1, 0xCD, 0x56, 0xFB,
    0x10, 0x46, 0x70, 0x6F, 0x0A, 0x21, 0xC2, 0xFC, 0x14, 0x63, 0x52, 0xB6, 0x46, 0xD2, 0xA9, 0x19,
    0x3F, 0xC6, 0x15, 0xE1, 0x4B, 0x17, 0xD8, 0x68, 0x2F, 0xF0, 0x2D, 0xAA, 0x02, 0x06, 0x40, 0x03,
    0x40, 0x7E, 0x9E, 0xD1, 0x6F, 0x37, 0x2A, 0x3A, 0x30, 0xF6, 0xF8, 0x35, 0x67, 0xC3, 0xA6, 0x92,
    0x3B, 0xA3, 0x9E, 0xE5, 0xC3, 0xCB, 0x6C, 0x0F, 0x66, 0x38, 0xBA, 0x76, 0x43, 0x5B, 0xF8, 0x04,
    0xE0, 0x03, 0x20, 0x6A, 0x9A, 0xAC, 0x0E, 0x7B, 0x8C, 0xB4, 0x9A, 0x08, 0x2F, 0xEA, 0x79, 0x89,
    0xD7, 0x79, 0x5B, 0x6A, 0x23, 0xBC, 0x8D, 0x49, 0x1F, 0x71, 0xB4, 0x62, 0x2D, 0x8A, 0xFB, 0x23,
    0x9F, 0x8B, 0xCE, 0x99, 0x14, 0xAA, 0xBF, 0xB4, 0x16, 0x5F, 0x80, 0xE3, 0x8C, 0xCA, 0x97, 0x67,
    0x24, 0xED, 0x61, 0xD3, 0xF6, 0x6C, 0x58, 0x6D, 0xD2, 0x36, 0xE9, 0x81, 0xF1, 0xB0, 0xC5, 0x48,
    0x71, 0x04, 0x86, 0x8A, 0xD3, 0x16, 0x83, 0x25, 0x4E, 0xAC, 0x71, 0x66, 0xD1, 0xE2, 0xDA, 0xAC,
    0x4F, 0xDB, 0xA2, 0x4F, 0x79, 0x0B, 0x31, 0xB0, 0xF6, 0xB5, 0x25, 0xDD, 0xD7, 0xDB, 0x48, 0xBB,
    0xF3, 0xE4, 0x4D, 0x03, 0x65, 0x1B, 0xB6, 0x4E, 0xBD, 0xEB, 0x6E, 0x99, 0xE6, 0x26, 0x44, 0xE2,
    0x4D, 0x3C, 0xA1, 0x52, 0x25, 0x78, 0xF4, 0x3D, 0x52, 0x5F, 0xFB, 0xFD, 0x46, 0x23, 0x9B, 0x94,
    0x93, 0x50, 0xBF, 0xE5, 0x99, 0x7A, 0x15, 0x52, 0x48, 0x7A, 0xA4, 0x06, 0xCD, 0x5E, 0xE9, 0x49,
    0x1B, 0x68, 0x2B, 0x04, 0xCC, 0x9D, 0xFA, 0xD5, 0xA7, 0xD0, 0x45, 0xBD, 0xDE, 0x09, 0xA6, 0x3F,
    0x93, 0xC8, 0x7F, 0x58, 0x99, 0xFE, 0x1A, 0x8E, 0x00, 0xF0, 0x18, 0xD7, 0x70, 0x74, 0x58, 0x2D,
    0xA6, 0xBF, 0xAA, 0x81, 0xAF, 0x65, 0x1D, 0xCB, 0xAD, 0x13, 0x4D, 0x7F, 0xAC, 0xB6, 0xD1, 0xED,
    0x0A, 0xEF, 0xC0, 0x44, 0x51, 0x87, 0x28, 0x13, 0x5D, 0x10, 0xFE, 0xBB, 0xFA, 0xA6, 0x02, 0x75,
    0x3A, 0xE0, 0x88, 0x88, 0x3B, 0x88, 0x6A, 0x94, 0xAB, 0xEF, 0x82, 0xB6, 0x92, 0x19, 0x7A, 0x8C,
    0x9A, 0xCD, 0x78, 0x23, 0xC0, 0x96, 0x65, 0xFA, 0x2B, 0x8E, 0xA0, 0xFE, 0x96, 0x78, 0x67, 0x5C,
    0x04, 0x8D, 0xC0, 0x61, 0xB7, 0x1A, 0x82, 0x35, 0x40, 0x88, 0x51, 0x15, 0xCC, 0x42, 0x78, 0x91,
    0x63, 0xA1, 0x2B, 0x9B, 0xD0, 0x9B, 0xED, 0x0E, 0x7E, 0x94, 0xEE, 0x88, 0x3A, 0x81, 0xCC, 0x08,
    0xE4, 0x20, 0x5F, 0x50, 0x68, 0x01, 0xBB, 0x89, 0xEF, 0x23, 0x7D, 0xDB, 0xEB, 0x5B, 0x84, 0x5C,
    0x62, 0xD0, 0x25, 0x03, 0x05, 0x98, 0xF0, 0x9E, 0x63, 0x37, 0x1D, 0x48, 0x87, 0x78, 0x1C, 0x50,
    0x61, 0x3C, 0x1A, 0xF2, 0x49, 0x41, 0xB8, 0x42, 0x91, 0xBF, 0x40, 0x21, 0x68, 0xC3, 0x76, 0xA7,
    0x49, 0xCD, 0x2A, 0x3C, 0x7C, 0x25, 0xF6, 0xE4, 0x5F, 0x1E, 0xB2, 0x2E, 0xD3, 0xC2, 0xD5, 0x67,
    0xD0, 0x28, 0x0C, 0x09, 0x4A, 0xB2, 0x0A, 0x29, 0x51, 0xE6, 0x8B, 0x6A, 0xE1, 0xC1, 0x97, 0xED,
    0x3A, 0xD0, 0xE9, 0x6C, 0x51, 0x55, 0xB7, 0x2E, 0xBA, 0x35, 0xCF, 0xF0, 0x5D, 0xD0, 0x68, 0x28,
    0xF5, 0x13, 0x4C, 0x04, 0x49, 0x62, 0xD0, 0xC8, 0xA8, 0xCE, 0x98, 0xAB, 0x1A, 0xBC, 0x85, 0x78,
    0x4D, 0xD5, 0xA5, 0x48, 0xAD, 0xB7, 0x16, 0x09, 0xF0, 0x27, 0xEA, 0x21, 0xD3, 0xB7, 0x88, 0xF2,
    0x66, 0x18, 0xED, 0xA2, 0x71, 0x89, 0xC2, 0x01, 0x2B, 0xD7, 0x13, 0x28, 0xC3, 0xE8, 0x65, 0xBE,
    0x5C, 0x9A, 0x5C, 0xD4, 0xDE, 0xE5, 0x48, 0xB3, 0x00, 0x34, 0xC6, 0xEF, 0x0C, 0xFC, 0x61, 0x34,
    0xE3, 0x1F, 0x70, 0x7E, 0x91, 0x07, 0xC1, 0xE0, 0x56, 0x8B, 0xB1, 0x2D, 0xEE, 0x34, 0x95, 0x76,
    0xCE, 0x7A, 0xBC, 0x1D, 0x6A, 0x45, 0x7C, 0x9C, 0x94, 0x9E, 0x42, 0xD7, 0xC4, 0xE6, 0xEA, 0x97,
    0xA5, 0x4E, 0x70, 0xEB, 0xE2, 0x09, 0x27, 0xE0, 0x8E, 0xA1, 0xD1, 0x14, 0xBD, 0xB2, 0x96, 0xF0,
    0x12, 0xAD, 0xB7, 0xD1, 0xB9, 0x34, 0x99, 0x55, 0x6D, 0x2C, 0xDC, 0xA5, 0x02, 0xD5, 0x11, 0xEF,
    0x49, 0x46, 0x9D, 0x40, 0xC2, 0x4E, 0x50, 0x6A, 0x8E, 0xA0, 0x7E, 0xE8, 0x54, 0x0E, 0xE9, 0xC0,
    0x56, 0x44, 0x0B, 0xA3, 0x68, 0xE9, 0x5E, 0x41, 0xCD, 0x42, 0xDC, 0x07, 0x93, 0x29, 0x18, 0x1B,
    0x6C, 0xB9, 0xD1, 0x95, 0x20, 0x1C, 0xE3, 0x41, 0x63, 0x01, 0xA5, 0xD1, 0x96, 0xC9, 0x27, 0x20,
    0x96, 0x18, 0x9F, 0x05, 0xE7, 0xAB, 0x54, 0xB5, 0x61, 0xCA, 0xA6, 0xA0, 0x68, 0x7F, 0xD5, 0x62,
    0xA6, 0xDE, 0x99, 0xEC, 0x40, 0x73, 0xB6, 0x40, 0x7C, 0xB0, 0xB3, 0xA9, 0x74, 0x52, 0x3F, 0xF4,
    0xF5, 0xED, 0x27, 0x6B, 0x8B, 0xAB, 0x0B, 0x4B, 0x31, 0x54, 0x52, 0x2F, 0xB1, 0x72, 0x8E, 0x4D,
    0x40, 0xC6, 0x1A, 0x92, 0x77, 0x83, 0x14, 0x0E, 0xAE, 0x79, 0xC7, 0x51, 0xF6, 0xEE, 0xCE, 0xD3,
    0x81, 0x42, 0x25, 0x9F, 0xDD, 0x9D, 0x89, 0x22, 0xE9, 0xF3, 0x5D, 0x36, 0x32, 0x2F, 0xB1, 0x50,
    0xAB, 0x1E, 0x0A, 0x67, 0x1E, 0xD0, 0xB6, 0x0C, 0x2A, 0x41, 0x9C, 0x15, 0x71, 0x12, 0x75, 0xA0,
    0x52, 0x2F, 0x28, 0xF5, 0xF2, 0x3C, 0xD1, 0xC4, 0xEC, 0x88, 0xF3, 0x4A, 0x0A, 0xDF, 0xFE, 0x8F,
    0x46, 0xED, 0xEE, 0x67, 0xAF, 0x30, 0x2A, 0xEB, 0x2D, 0x69, 0x06, 0x6F, 0x6C, 0xB3, 0x6B, 0xFC,
    0xCE, 0x1C, 0x0B, 0x19, 0x91, 0x37, 0x9C, 0xCC, 0xE6, 0xF3, 0x8D, 0x73, 0x80, 0x55, 0x81, 0x3A,
    0x1D, 0x8A, 0x78, 0x44, 0x81, 0x45, 0x7C, 0x90, 0x90, 0xBE, 0x15, 0x9B, 0x15, 0xF2, 0x48, 0xA6,
    0xD8, 0x7D, 0x03, 0xBA, 0xB4, 0xA1, 0x78, 0x76, 0x64, 0x0A, 0xBD, 0x1B, 0xD4, 0x39, 0xAF, 0xB8,
    0xC8, 0xCD, 0x24, 0xC8, 0x81, 0x7F, 0x60, 0x18, 0xBE, 0x73, 0xA0, 0x6C, 0x64, 0x52, 0xF6, 0x45,
    0x8E, 0xC0, 0xBC, 0x54, 0x23, 0x5D, 0xA4, 0x11, 0xFF, 0x3F, 0x76, 0x8F, 0x9B, 0xB5, 0xD4, 0xA0,
    0x36, 0x67, 0x0D, 0x4B, 0x64, 0xF9, 0xAA, 0x71, 0x91, 0x0B, 0x4A, 0xA1, 0x1C, 0x98, 0x74, 0x62,
    0x45, 0x1F, 0x7C, 0x1D, 0x76, 0x32, 0xC2, 0x4C, 0x76, 0x46, 0x3B, 0xC4, 0xFC, 0x67, 0xE6, 0x4A,
    0x22, 0x14, 0x0B, 0xF9, 0xA4, 0xB4, 0xDA, 0xF8, 0xCB, 0x78, 0x8D, 0xCF, 0xE7, 0xE4, 0x48, 0x55,
    0xAF, 0x22, 0xD4, 0xCB, 0x32, 0xA2, 0x43, 0x80, 0x25, 0x92, 0x76, 0x2E, 0x92, 0xF4, 0x88, 0x60,
    0x8C, 0x33, 0x22, 0x82, 0x29, 0x1A, 0xE2, 0x26, 0x02, 0x84, 0xD2, 0xA4, 0x52, 0x16, 0x3A, 0x93,
    0x68, 0xD1, 0x9C, 0x68, 0x49, 0xA6, 0x22, 0xCF, 0xD2, 0x0F, 0x35, 0x84, 0xC0, 0x3A, 0x52, 0x76,
    0xE2, 0x9F, 0x13, 0xA2, 0xD6, 0x6F, 0x72, 0xE5, 0x1A, 0x48, 0x3C, 0x57, 0xF0, 0x18, 0x2A, 0xBF,
    0xF2, 0xDA, 0x77, 0x4A, 0xBD, 0xAD, 0xD5, 0x1C, 0x0D, 0x5E, 0x38, 0xB3, 0x92, 0x37, 0x28, 0xFB,
    0x07, 0x9A, 0xFC, 0xCB, 0xF8, 0xE3, 0x3B, 0x52, 0x70, 0xF4, 0x04, 0xA6, 0xF9, 0xC4, 0x64, 0x94,
    0x3D, 0xFF, 0x8B, 0xF9, 0xFA, 0x3E, 0xDD, 0xAD, 0xB5, 0xAE, 0x77, 0x5A, 0x84, 0x59, 0xAB, 0x25,
    0x58, 0x80, 0x3D, 0xF2, 0x61, 0xA9, 0x2C, 0x9B, 0x99, 0x51, 0xD5, 0x67, 0xEE, 0x2C, 0xDB, 0xEB,
    0xD2, 0xC1, 0x97, 0x36, 0x12, 0x56, 0x68, 0xE7, 0xD4, 0x7A, 0xC7, 0x89, 0xB7, 0xFF, 0xCB, 0x09,
    0x9B, 0x79, 0xCA, 0xDA, 0x7B, 0x99, 0x7F, 0xDB, 0x40, 0xF1, 0x7D, 0xC5, 0xC9, 0x33, 0xFF, 0xA3,
    0x05, 0x7F, 0x3D, 0x28, 0x1B, 0xB3, 0x1B, 0xBE, 0xFA, 0xBA, 0x4F, 0xEF, 0xF0, 0x90, 0x4A, 0x78,
    0x7F, 0x35, 0x05, 0x96, 0xCF, 0xB7, 0xFB, 0xC3, 0x18, 0x64, 0xFE, 0xE9, 0xB7, 0x2F, 0x90, 0x19,
    0x1E, 0x5E, 0x5D, 0xA9, 0x59, 0x56, 0x5C, 0x51, 0xB5, 0x01, 0xCE, 0x04, 0xBA, 0x59, 0xEF, 0x9D,
    0x37, 0x50, 0x12, 0x78, 0xC4, 0xB5, 0xEF, 0xC9, 0xB0, 0xED, 0xAA, 0xB2, 0x8E, 0xD8, 0x9E, 0x82,
    0x1D, 0x91, 0x67, 0xA6, 0x03, 0x30, 0x1E, 0x89, 0x02, 0x0C, 0xA5, 0x31, 0x17, 0x8D, 0xEF, 0x1A,
    0x2A, 0x62, 0x42, 0xF4, 0x80, 0x96, 0x0A, 0x4D, 0xE4, 0x6C, 0xC8, 0x5E, 0xB3, 0x92, 0x1E, 0xDA,
    0xBC, 0x98, 0x06, 0xCC, 0x7F, 0xDF, 0x65, 0x83, 0xB9, 0x48, 0x03, 0x26, 0x3E, 0xCD, 0xCE, 0xA7,
    0xD5, 0xFC, 0xA5, 0x7C, 0xD0, 0x1F, 0xB5, 0xA1, 0x48, 0xCB, 0x1F, 0x4E, 0xC5, 0x5D, 0x91, 0x7D,
    0xC6, 0xC7, 0x7C, 0x1B, 0x3F, 0xFB, 0x3D, 0x8C, 0xF5, 0x5E, 0xB7, 0xD9, 0x86, 0x64, 0x96, 0xFE,
    0xB2, 0xA5, 0xBC, 0x83, 0x27, 0x0C, 0x50, 0xDB, 0x10, 0x26, 0xE4, 0xBE, 0x9E, 0xD4, 0xDF, 0x36,
    0xBD, 0x57, 0x66, 0x97, 0x5A, 0xCC, 0x47, 0xAA, 0x59, 0x83, 0xF4, 0x34, 0xA7, 0x65, 0x7C, 0xDD,
    0x9E, 0xE6, 0xF5, 0x71, 0x69, 0x82, 0xD6, 0xB3, 0x89, 0xE0, 0xB8, 0x8F, 0x33, 0x56, 0x21, 0xDE,
    0x3C, 0x79, 0x48, 0xA3, 0x37, 0x3E, 0xF9, 0xBF, 0xE5, 0x30, 0x13, 0xE1, 0x32, 0x4A, 0x2D, 0xFF,
    0xA6, 0x5A, 0x1A, 0xEA, 0x62, 0x8C, 0x9B, 0x7F, 0x94, 0x87, 0xCD, 0xA3, 0x79, 0x56, 0x17, 0x4D,
    0x91, 0x67, 0x26, 0xAD, 0xC3, 0x06, 0xED, 0x54, 0xB6, 0x29, 0x9A, 0xA4, 0x89, 0xEA, 0x74, 0xF3,
    0x6F, 0xDC, 0x42, 0x43, 0x89, 0x1C, 0xC0, 0xB6, 0x77, 0xC0, 0xEB, 0x7C, 0xA9, 0xFF, 0xA5, 0xB9,
    0xB0, 0x63, 0xB1, 0xA9, 0xCA, 0xB5, 0x76, 0x91, 0x21, 0x28, 0xFF, 0xD5, 0x1C, 0x33, 0xBF, 0x4F,
    0xDE, 0x06, 0x9D, 0x13, 0xB0, 0x37, 0x2F, 0x1A, 0xC2, 0x09, 0xDE, 0x47, 0xAF, 0xA3, 0xA2, 0x7D,
    0xD4, 0x18, 0x6F, 0xF3, 0x75, 0xB4, 0x04, 0xE6, 0x67, 0xC6, 0xE4, 0x8F, 0x30, 0xF7, 0x17, 0xCD,
    0xF9, 0xC3, 0x13, 0x1D, 0xC9, 0x9B, 0xB4, 0xDC, 0x28, 0x9E, 0xFD, 0xD7, 0x44, 0x0B, 0xE8, 0x8F,
    0x9A, 0x3A, 0x64, 0xEC, 0xEF, 0xE0, 0x47, 0xEE, 0x23, 0xCC, 0x0D, 0xA7, 0xCE, 0xC4, 0x65, 0x3D,
    0xF5, 0xEA, 0xEF, 0xE2, 0x27, 0x4C, 0x6B, 0xBC, 0xF2, 0x31, 0x1B, 0x7B, 0xCC, 0xFC, 0xDE, 0xCE,
    0x45, 0x7F, 0x96, 0xBB, 0x88, 0xB7, 0x2D, 0xAB, 0x5F, 0xBC, 0x36, 0xC7, 0xF2, 0x7F, 0x6C, 0x8E,
    0x05, 0x2F, 0x9F, 0x63, 0xC1, 0xF2, 0xAC, 0xC3, 0x72, 0x79, 0xDE, 0x4B, 0x2C, 0xC9, 0x49, 0xBE,
    0x31, 0xA9, 0xEB, 0x84, 0x4B, 0x93, 0xB9, 0xD3, 0x37, 0xE6, 0xEF, 0xDB, 0x42, 0xB1, 0x97, 0x07,
    0xAE, 0x91, 0xB7, 0xD0, 0x2D, 0xF2, 0xD7, 0x76, 0xB1, 0x16, 0x3C, 0x34, 0x1F, 0x11, 0xE6, 0xFB,
    0x3C, 0xE1, 0x5F, 0xE7, 0xA4, 0xE8, 0xC0, 0x14, 0xA3, 0xC6, 0x26, 0xB5, 0x99, 0x69, 0x65, 0xFF,
    0x33, 0x27, 0x4D, 0xD4, 0xE6, 0xF3, 0x86, 0x12, 0x80, 0xD7, 0x29, 0x60, 0x1A, 0x15, 0x62, 0xAD,
    0x0A, 0xD3, 0xBC, 0x19, 0xBA, 0x3C, 0x5C, 0x28, 0xCD, 0xA0, 0x2F, 0x5C, 0xBC, 0x31, 0x7F, 0xB8,
    0x94, 0xD0, 0x77, 0x97, 0x12, 0xFA, 0x1D, 0x8D, 0xA5, 0xC4, 0x45, 0xCC, 0x61, 0xD8, 0x16, 0xFD,
    0x37, 0x88, 0xFE, 0x2B, 0xE6, 0xC2, 0xCB, 0x50, 0xDE, 0x9B, 0x98, 0x8D, 0x3A, 0xB5, 0x07, 0x9E,
    0xDC, 0x14, 0x0E, 0xB5, 0x64, 0x91, 0xCB, 0x54, 0xC1, 0xB4, 0x0D, 0x5C, 0x38, 0xA0, 0x36, 0x94,
    0x80, 0x49, 0xB1, 0x52, 0xAA, 0x94, 0x29, 0x09, 0xC9, 0x93, 0x0A, 0x14, 0x48, 0x06, 0x8A, 0x46,
    0x52, 0x32, 0x90, 0xB2, 0x96, 0x54, 0x34, 0x24, 0xD9, 0x80, 0x9E, 0x97, 0x1C, 0xF4, 0xA2, 0x18,
    0xD0, 0x0F, 0x06, 0xD2, 0x7E, 0x4F, 0xAA, 0x5A, 0x92, 0xD4, 0x24, 0x08, 0xE1, 0x1F, 0x3E, 0xA5,
    0x8D, 0x74, 0x2F, 0x13, 0xA8, 0x93, 0x01, 0xD4, 0x4A, 0x47, 0xD2, 0x3A, 0xDC, 0x28, 0xD5, 0xA4,
    0x6A, 0x43, 0x12, 0x12, 0x6B, 0xB6, 0x0E, 0x61, 0x54, 0x60, 0x70, 0x81, 0x86, 0x06, 0x88, 0x78,
    0xBC, 0x38, 0x9C, 0xD4, 0xA6, 0x2D, 0x5A, 0x20, 0x95, 0x16, 0xC8, 0x85, 0x9F, 0xEF, 0x34, 0x11,
    0xDA, 0x8C, 0x65, 0x23, 0xA9, 0x22, 0x79, 0x42, 0x0A, 0x94, 0x22, 0xA5, 0x44, 0x29, 0xFB, 0x94,
    0x54, 0xFD, 0x4F, 0xD0, 0xBB, 0xF2, 0x16, 0xE8, 0x7D, 0x09, 0x41, 0x6F, 0x8F, 0xA4, 0x0F, 0x06,
    0x92, 0xB4, 0x4A, 0x8D, 0xD2, 0x26, 0x94, 0x43, 0x4B, 0x10, 0x92, 0xD1, 0xC9, 0x93, 0x06, 0x4B,
    0x5A, 0x11, 0x83, 0x51, 0x69, 0x20, 0x85, 0x4A, 0x71, 0xAF, 0xD4, 0x91, 0x92, 0x56, 0xEB, 0xE9,
    0x95, 0xD5, 0x2C, 0xDE, 0x6F, 0x61, 0x02, 0x5B, 0xC6, 0x12, 0x5D, 0x43, 0xE9, 0x4E, 0x51, 0x38,
    0x3C, 0xB0, 0x20, 0x13, 0x40, 0x1A, 0x40, 0x17, 0xC8, 0x9F, 0x08, 0x15, 0x72, 0xA3, 0x85, 0x88,
    0xB3, 0x81, 0x04, 0x80, 0x58, 0x6C, 0xC1, 0xAB, 0x06, 0x9C, 0xD7, 0x03, 0x5A, 0x40, 0x69, 0xE1,
    0xC6, 0xAE, 0xD3, 0x02, 0xE1, 0x1A, 0x92, 0x47, 0xC2, 0x0A, 0x57, 0xF1, 0x5F, 0x7E, 0x71, 0x0F,
    0x10, 0x99, 0x72, 0x0B, 0xD2, 0x00, 0xFA, 0x70, 0xDA, 0x2B, 0x06, 0xCE, 0xD6, 0x50, 0x07, 0x05,
    0xC6, 0x64, 0xAF, 0xB2, 0x20, 0xD2, 0x01, 0x6A, 0x0B, 0xB7, 0x8D, 0xC8, 0xFF, 0xD9, 0x3A, 0x4B,
    0xF4, 0xF3, 0x52, 0x34, 0xFB, 0x9C, 0x81, 0x06, 0xE0, 0xD4, 0x29, 0x1F, 0xF0, 0x37, 0x16, 0xAE,
    0x7F, 0x2A, 0xD0, 0x54, 0x5B, 0xB8, 0x29, 0xD3, 0x7A, 0xF2, 0x19, 0xB3, 0x7B, 0xF3, 0x87, 0x1D,
    0xA4, 0x46, 0x80, 0x29, 0x01, 0xE6, 0x74, 0xF8, 0x0C, 0xAF, 0x71, 0x9F, 0x46, 0x42, 0x75, 0x69,
    0xB0, 0xB0, 0xE3, 0x3A, 0xFE, 0x0F, 0xE0, 0x35, 0x2E, 0x02, 0xC7, 0x1F, 0x7B, 0xDE, 0x90, 0xA9,
    0x35, 0x3D, 0xD7, 0x04, 0x3E, 0x40, 0x52, 0xEF, 0x21, 0xD6, 0x3C, 0x5E, 0xC0, 0x1F, 0xE9, 0xEF,
    0xDE, 0xC3, 0x6B, 0x9C, 0xAF, 0x30, 0xA0, 0xDC, 0x81, 0x4C, 0xE4, 0x38, 0xC0, 0xC8, 0xC9, 0x8E,
    0xE0, 0xCB, 0x03, 0x0D, 0x69, 0xBB, 0xFB, 0x29, 0x44, 0xF4, 0xA3, 0x2A, 0xC0, 0x83, 0xCF, 0xEB,
    0xD3, 0xA5, 0x15, 0x70, 0x17, 0xF6, 0xF6, 0x2E, 0x9F, 0x36, 0xA5, 0x7D, 0x59, 0x40, 0xA0, 0xDF,
    0x02, 0xDE, 0x92, 0xCB, 0xFC, 0xF6, 0xCC, 0xA0, 0xFD, 0xB2, 0x4C, 0xAB, 0xCF, 0x08, 0x97, 0x99,
    0xF9, 0x03, 0xCF, 0x7A, 0x94, 0xF1, 0xFC, 0x89, 0x79, 0xFC, 0xE4, 0x0F, 0xEB, 0xDD, 0x0E, 0x9C,
    0xBE, 0x7C, 0x12, 0xE1, 0x0D, 0x9D, 0x67, 0xD9, 0x00, 0x26, 0x80, 0x94, 0x80, 0x06, 0xE6, 0xF2,
    0x0E, 0x3A, 0x94, 0xC1, 0x42, 0x02, 0x88, 0xC7, 0x79, 0x51, 0x89, 0x80, 0x20, 0x0E, 0xF4, 0x2D,
    0x8B, 0xD6, 0x76, 0x8A, 0xC7, 0x3C, 0xE9, 0x29, 0x9E, 0x02, 0x6A, 0x40, 0x4E, 0x6B, 0xE7, 0x6A,
    0x3A, 0x91, 0x48, 0x7B, 0x37, 0x34, 0xBB, 0x35, 0x50, 0xCD, 0x07, 0xB8, 0x94, 0xDF, 0xAE, 0x1C,
    0x60, 0x9B, 0x64, 0x71, 0x80, 0xF5, 0xA4, 0x3C, 0x36, 0xEB, 0x82, 0x60, 0xBF, 0xD0, 0x56, 0xFB,
    0x9F, 0x25, 0x82, 0x64, 0x26, 0xC0, 0x00, 0x68, 0x55, 0x1D, 0xC3, 0x30, 0x4F, 0xCA, 0x86, 0x80,
    0x9E, 0xBA, 0x91, 0x15, 0x22, 0x52, 0x6B, 0x57, 0x87, 0x54, 0x30, 0xAC, 0xA6, 0xFD, 0x89, 0x36,
    0x55, 0xDE, 0x62, 0xD6, 0x42, 0xB3, 0xCF, 0x59, 0x80, 0xA9, 0x2E, 0x75, 0x18, 0x0D, 0x69, 0xCB,
    0xDF, 0x0E, 0x24, 0xFD, 0x15, 0x53, 0xF7, 0xE4, 0xDA, 0xC7, 0x32, 0x3B, 0xA7, 0x0D, 0x8C, 0xC8,
    0xAD, 0x3B, 0x13, 0x38, 0x90, 0xFD, 0x8F, 0x79, 0x4E, 0x38, 0xB9, 0xAB, 0x62, 0x7B, 0x79, 0xA5,
    0x9E, 0xA6, 0x29, 0xF5, 0x79, 0x50, 0x60, 0x53, 0xF5, 0xCE, 0x1F, 0x45, 0xE1, 0x62, 0xAC, 0x89,
    0x0A, 0x99, 0x47, 0x13, 0x33, 0x26, 0x4D, 0xC2, 0xAC, 0x56, 0xD2, 0x64, 0x1D, 0x33, 0x2F, 0x4D,
    0xA5, 0xB7, 0xB3, 0x4C, 0x6A, 0xCE, 0xEE, 0x2B, 0xC2, 0xE7, 0xC9, 0xC2, 0x60, 0x59, 0xD0, 0x0F,
    0x0E, 0x66, 0x09, 0xD1, 0xDC, 0xC5, 0xC3, 0x92, 0xDD, 0x25, 0xFF, 0x21, 0xEE, 0xBE, 0x44, 0x47,
    0xB8, 0xAF, 0x37, 0x2F, 0xE2, 0xD6, 0x68, 0xB8, 0xF6, 0xA9, 0x18, 0x7E, 0x0F, 0xDB, 0xA0, 0x4D,
    0x38, 0x6D, 0x91, 0xCB, 0xAC, 0xD7, 0xEB, 0xAB, 0x96, 0x77, 0xCB, 0xF4, 0x23, 0x99, 0xDC, 0xBD,
    0x4A, 0x3C, 0xF1, 0xF7, 0x25, 0x1D, 0xC0, 0x85, 0x38, 0xF9, 0xFA, 0x9C, 0xEC, 0xBD, 0xFA, 0x9B,
    0x5D, 0x03, 0xE9, 0x42, 0xB7, 0x68, 0x7E, 0x32, 0x02, 0xD6, 0x45, 0xAA, 0x2C, 0xC4, 0x02, 0x40,
    0x9A, 0x5F, 0x83, 0xC6, 0xE2, 0x8B, 0x9C, 0xB6, 0x97, 0x38, 0x29, 0xD7, 0xEF, 0x55, 0x41, 0xF2,
    0x2D, 0x54, 0xFD, 0x41, 0x87, 0x6A, 0x4F, 0xB2, 0x0B, 0x4A, 0x7B, 0x60, 0xD1, 0x02, 0x9D, 0x5B,
    0x4E, 0x6E, 0x31, 0x52, 0xB5, 0xCF, 0x00, 0xCC, 0x5A, 0xA0, 0xD4, 0x86, 0x66, 0x59, 0x8B, 0x6F,
    0xF1, 0x2D, 0x78, 0x67, 0x00, 0x4A, 0x07, 0xBC, 0x35, 0xF0, 0xC8, 0x04, 0xBC, 0x2E, 0x39, 0x1A,
    0x14, 0x9D, 0x76, 0x5C, 0xB5, 0xC0, 0xAC, 0x07, 0x26, 0x23, 0x30, 0x92, 0xBD, 0x1C, 0xBF, 0xC2,
    0x75, 0x85, 0x14, 0x0B, 0x62, 0xAA, 0xF5, 0xB5, 0x38, 0x33, 0x42, 0x61, 0x2F, 0x35, 0x7C, 0x51,
    0xCA, 0xAA, 0x8E, 0x26, 0x7A, 0xA8, 0x70, 0xBA, 0x94, 0x05, 0x4C, 0x82, 0x7D, 0x5F, 0x72, 0x53,
    0xFD, 0xF5, 0xE4, 0xA6, 0x9F, 0x54, 0xB7, 0x10, 0xE3, 0xB1, 0x77, 0xF1, 0x6D, 0x5D, 0xE1, 0xBC,
    0x0C, 0x57, 0xC4, 0x32, 0x22, 0x95, 0xA9, 0xAA, 0x3D, 0x80, 0x6A, 0x53, 0x83, 0xCF, 0x04, 0xFF,
    0xD5, 0xAC, 0x31, 0xF1, 0x48, 0x13, 0xC2, 0x60, 0xF1, 0x0A, 0x15, 0x32, 0xAD, 0xD4, 0x16, 0x3F,
    0xA5, 0xF6, 0x59, 0xC4, 0x00, 0x07, 0x62, 0x47, 0x6C, 0x2C, 0xFE, 0x8A, 0xAA, 0x71, 0xBE, 0x15,
    0x99, 0x4C, 0xC0, 0x3B, 0x62, 0x78, 0xA4, 0xE4, 0xB7, 0x35, 0xCF, 0x6C, 0x57, 0xD7, 0x4E, 0xC0,
    0x3B, 0x92, 0x5B, 0xC4, 0x4B, 0x83, 0x5F, 0x69, 0x2C, 0x9A, 0xA2, 0x5B, 0x7E, 0x5D, 0x95, 0x03,
    0x4B, 0x89, 0xBC, 0xF7, 0x57, 0x52, 0x56, 0xEF, 0xFF, 0xF5, 0x84, 0xDB, 0x1D, 0x00, 0x2D, 0xE0,
    0xF4, 0x12, 0x01, 0x6C, 0x00, 0xED, 0x7C, 0xC5, 0x2D, 0x5C, 0x6B, 0xBF, 0xA9, 0xDE, 0xFD, 0x23,
    0x94, 0xB0, 0xEA, 0x50, 0x96, 0xD5, 0x5A, 0xF6, 0xA7, 0x2B, 0xB1, 0x3D, 0x41, 0xDA, 0x64, 0x00,
    0x66, 0x2D, 0x50, 0x6A, 0x7B, 0xFC, 0x2F, 0xB9, 0x70, 0xA7, 0x2E, 0xCB, 0x1A, 0x8F, 0x16, 0xC7,
    0xFD, 0xC1, 0xA2, 0x48, 0x4B, 0x6C, 0x96, 0xF8, 0x54, 0x0D, 0x3C, 0x67, 0x02, 0x86, 0x02, 0x0C,
    0x78, 0xAD, 0x91, 0x06, 0x58, 0x75, 0xC0, 0x6C, 0x00, 0xC6, 0x13, 0x30, 0x92, 0x9C, 0xBF, 0xBE,
    0xB1, 0x68, 0x4F, 0xF2, 0x9E, 0xDA, 0x59, 0x5A, 0x01, 0x72, 0xA1, 0x3A, 0x27, 0x2C, 0xF8, 0xA7,
    0x72, 0xB8, 0x3E, 0x27, 0x9E, 0x80, 0x69, 0x0F, 0xAC, 0x5A, 0xC3, 0xC9, 0xE5, 0x3A, 0x29, 0xDD,
    0x62, 0x3C, 0xB2, 0x1D, 0xEE, 0x81, 0x45, 0x6B, 0x51, 0xF5, 0x96, 0x53, 0xD5, 0x02, 0x33, 0x1E,
    0xD7, 0x73, 0x42, 0x9E, 0xEF, 0xF3, 0x5A, 0x23, 0x2D, 0x30, 0xEB, 0xB7, 0xE9, 0xD3, 0x2F, 0xB8,
    0x43, 0x0C, 0x14, 0x8F, 0xA4, 0xAC, 0x23, 0x55, 0x8D, 0xD9, 0x2B, 0x38, 0x15, 0x45, 0xA7, 0x73,
    0x82, 0xE2, 0x91, 0x94, 0xF6, 0xA4, 0xA2, 0x25, 0xC9, 0x06, 0xF4, 0xA9, 0xE4, 0x20, 0x11, 0x03,
    0xBA, 0xA3, 0xF4, 0xB7, 0xFA, 0x5D, 0x27, 0x0D, 0x29, 0xEB, 0x48, 0xC9, 0x40, 0x8A, 0x84, 0x14,
    0x48, 0x09, 0xF2, 0xA4, 0x06, 0xE1, 0x66, 0x41, 0xD9, 0x40, 0x8A, 0x27, 0x12, 0x6E, 0x83, 0x81,
    0xF9, 0x6B, 0x81, 0xB2, 0xB1, 0xE8, 0x4B, 0x7E, 0x78, 0xAD, 0x8B, 0xF0, 0xF0, 0xBA, 0xA4, 0x07,
    0x66, 0x2D, 0x50, 0x36, 0x8B, 0x55, 0x4E, 0x26, 0x20, 0xF3, 0xE3, 0x8E, 0x23, 0xDF, 0x16, 0x53,
    0x9E, 0xAF, 0xD7, 0xA2, 0x58, 0x63, 0xA4, 0x09, 0x2C, 0x5A, 0x60, 0xDA, 0xD3, 0xB8, 0xA6, 0xDE,
    0x4F, 0xD3, 0xF9, 0x89, 0x2E, 0x28, 0x20, 0x1B, 0x8E, 0x11, 0xD7, 0xC5, 0x3A, 0x7B, 0x62, 0x7B,
    0x24, 0x91, 0xFC, 0x44, 0x62, 0xBF, 0x71, 0x66, 0x5A, 0x54, 0xD2, 0x94, 0xC8, 0xCF, 0x86, 0x22,
    0xB2, 0x83, 0x47, 0x87, 0x72, 0xDA, 0xF9, 0x47, 0x57, 0x80, 0xD2, 0xAE, 0xF1, 0x4C, 0x06, 0x7E,
    0x8E, 0xDE, 0xD4, 0x4E, 0x52, 0xEA, 0xAD, 0x6D, 0x76, 0x88, 0x65, 0x91, 0x3F, 0x98, 0x42, 0xBF,
    0x07, 0x6D, 0xCB, 0x50, 0xC6, 0x5D, 0x3C, 0x7A, 0xE5, 0xFC, 0x65, 0x78, 0x6F, 0x74, 0x66, 0x0A,
    0x73, 0x7A, 0x84, 0xB7, 0x5F, 0x30, 0xC2, 0xB6, 0xF7, 0x3C, 0x91, 0x6E, 0xCF, 0x45, 0x44, 0x6E,
    0xCF, 0x11, 0x29, 0xE7, 0x48, 0x3B, 0x47, 0x06, 0x46, 0x6E, 0x3F, 0x2D, 0xA3, 0xBB, 0x3C, 0x11,
    0x8D, 0xB0, 0x29, 0x61, 0xC4, 0x97, 0x52, 0x23, 0x9E, 0x8B, 0x20, 0xB9, 0xD3, 0x22, 0x14, 0x79,
    0x57, 0x3A, 0x0B, 0x95, 0x6B, 0x18, 0x62, 0x21, 0xF9, 0x79, 0x31, 0x2B, 0xA3, 0x64, 0x98, 0x23,
    0xDD, 0x1C, 0xA9, 0xDD, 0x35, 0xD3, 0x5A, 0x43, 0xC9, 0xA0, 0x1E, 0x33, 0x3B, 0xC4, 0x42, 0x07,
    0x35, 0xDE, 0xC9, 0xF4, 0x0B, 0x25, 0x69, 0x94, 0x46, 0x25, 0xC9, 0x95, 0x36, 0xA0, 0x3F, 0x97,
    0x86, 0x17, 0x64, 0x2D, 0x29, 0xED, 0x48, 0xC9, 0x0E, 0x19, 0x04, 0x47, 0x69, 0x4B, 0x2A, 0x40,
    0x8F, 0x79, 0x68, 0x0B, 0x59, 0x9D, 0x95, 0x72, 0xD2, 0x38, 0xEB, 0xCB, 0x77, 0x0D, 0xF1, 0x6C,
    0x2A, 0x89, 0x02, 0x0C, 0x9C, 0x9D, 0xBA, 0xBE, 0xC8, 0x02, 0xF2, 0x2E, 0xB3, 0xE7, 0x91, 0x1C,
    0x92, 0x91, 0xD4, 0x98, 0x27, 0x88, 0x2E, 0x2E, 0x90, 0xFD, 0x1E, 0x76, 0xE0, 0x68, 0x80, 0x6B,
    0x51, 0xB8, 0x83, 0x21, 0xB0, 0x0B, 0x87, 0x68, 0x48, 0x87, 0x60, 0x8C, 0xFB, 0x64, 0xF4, 0x25,
    0xED, 0x62, 0xF1, 0xA4, 0x6A, 0x43, 0x69, 0x2A, 0xD9, 0x38, 0x2F, 0x1D, 0xE0, 0x55, 0x93, 0x82,
    0x0C, 0x0F, 0xA1, 0x7C, 0x53, 0x8B, 0xB4, 0x01, 0x7B, 0x2F, 0xB3, 0x90, 0x73, 0x5D, 0x7D, 0x37,
    0xA2, 0x04, 0x27, 0xFF, 0x04, 0xF2, 0x31, 0xCD, 0xD4, 0x31, 0x8A, 0x29, 0x93, 0xDE, 0xC2, 0xAD,
    0xA1, 0x68, 0x8A, 0x17, 0x00, 0x7F, 0x3C, 0x02, 0x86, 0xA2, 0xB5, 0xFF, 0xCD, 0xDA, 0xEC, 0x6D,
    0x9B, 0x83, 0x54, 0xBA, 0x58, 0xDC, 0xDC, 0x8D, 0x5F, 0x78, 0x7C, 0x53, 0x53, 0x80, 0xB9, 0x1C,
    0x59, 0xB8, 0x7B, 0x01, 0xBA, 0x58, 0x64, 0xD8, 0x59, 0xAE, 0x1E, 0x92, 0xED, 0xC5, 0xF8, 0xB4,
    0x05, 0xE8, 0x76, 0xA1, 0x73, 0xA7, 0xE8, 0xC9, 0xC9, 0xB8, 0x5A, 0xAE, 0xDE, 0x3B, 0xB6, 0x00,
    0xDD, 0x05, 0xB5, 0xFA, 0xD6, 0xB3, 0x8E, 0x35, 0xE8, 0x00, 0xB8, 0xFA, 0x87, 0x00, 0x21, 0x20,
    0xD9, 0xE7, 0x72, 0xB8, 0x30, 0xC3, 0xBE, 0xB2, 0xCC, 0xAE, 0x8A, 0xE5, 0xB0, 0x4D, 0x61, 0x9C,
    0xB0, 0xD7, 0xEC, 0x18, 0x28, 0x18, 0xCF, 0xB6, 0xC6, 0x89, 0xDF, 0x8F, 0xE5, 0x16, 0xAE, 0x19,
    0x70, 0x2D, 0x05, 0x4B, 0xBF, 0x77, 0xB2, 0x77, 0x86, 0x4F, 0x4E, 0xC1, 0x1B, 0xD9, 0x8C, 0x27,
    0x4A, 0xDD, 0x5C, 0x00, 0xEF, 0x4B, 0x5D, 0x0F, 0x6F, 0x8F, 0x0F, 0x75, 0xB3, 0x0B, 0xC6, 0x9C,
    0x01, 0x9C, 0x47, 0xEA, 0x16, 0x9E, 0x5C, 0x94, 0x5E, 0xE7, 0x04, 0x39, 0x04, 0xC8, 0x1A, 0x8C,
    0xF7, 0x99, 0x60, 0x0E, 0x21, 0xB5, 0xA8, 0x45, 0x34, 0x94, 0xD5, 0x22, 0xB3, 0x9C, 0x89, 0xA2,
    0x8B, 0xC2, 0x15, 0xDA, 0x42, 0xD5, 0xB3, 0xD8, 0x5F, 0xFD, 0x0D, 0x2D, 0x67, 0x1C, 0xEA, 0x25,
    0xB2, 0xF5, 0x66, 0x0D, 0x9D, 0xBF, 0x75, 0xC3, 0xC4, 0x79, 0x67, 0x9F, 0x0F, 0xD5, 0xCF, 0x21,
    0x1D, 0x66, 0x17, 0x98, 0x02, 0x15, 0xA3, 0x6A, 0x38, 0xA7, 0x3C, 0x1E, 0x3D, 0xA8, 0xE6, 0x38,
    0x4D, 0x2B, 0x10, 0xE3, 0x43, 0x3F, 0x6C, 0xE0, 0xC6, 0xCC, 0x11, 0x0B, 0xDD, 0x58, 0x54, 0xE1,
    0x9B, 0x02, 0x12, 0xA9, 0x9D, 0xE3, 0x4E, 0xE4, 0x34, 0x05, 0x67, 0x7E, 0xA8, 0x5F, 0x5E, 0xB1,
    0xF8, 0x87, 0x72, 0xF3, 0x8A, 0xFA, 0x36, 0xAC, 0x51, 0x8F, 0xFF, 0xA6, 0x8A, 0x85, 0x5B, 0x79,
    0x6C, 0xE1, 0x82, 0x9D, 0xA1, 0x56, 0x9E, 0x54, 0x2C, 0xEC, 0x8A, 0xE8, 0x04, 0xE3, 0x53, 0x5B,
    0xC4, 0x83, 0xBA, 0x32, 0x21, 0x8A, 0x23, 0x59, 0xCD, 0x8E, 0xD0, 0xC5, 0x09, 0x75, 0x75, 0xC2,
    0x79, 0x79, 0x42, 0x5A, 0xE8, 0x17, 0x77, 0xAF, 0x79, 0x45, 0x77, 0x5F, 0xC9, 0x1D, 0x8C, 0x9D,
    0x44, 0xCC, 0xE9, 0xF7, 0x6E, 0x99, 0x42, 0x5D, 0xA7, 0xD0, 0x2D, 0x54, 0x68, 0xA8, 0x69, 0xDE,
    0x53, 0x0F, 0x05, 0xB7, 0x56, 0x21, 0x6D, 0xFC, 0x9E, 0x08, 0x3D, 0x64, 0x66, 0x67, 0x8D, 0x33,
    0x93, 0x4F, 0xE2, 0x1C, 0x59, 0x3E, 0xEC, 0x11, 0x42, 0x75, 0x24, 0xBA, 0x0C, 0xF3, 0x0B, 0x52,
    0x1A, 0x4F, 0xDE, 0x96, 0x45, 0xE5, 0x9F, 0x31, 0xBB, 0x89, 0xAE, 0xE8, 0xAC, 0xBE, 0x61, 0x2A,
    0xAE, 0x0B, 0x6F, 0x5B, 0xFB, 0x1E, 0x8C, 0xC3, 0x7C, 0x8E, 0x96, 0xF1, 0x58, 0xB8, 0x74, 0x8F,
    0x45, 0x4C, 0x3C, 0xE6, 0xB2, 0x3E, 0xA9, 0xF6, 0xDE, 0x67, 0xC1, 0xE7, 0x72, 0xF5, 0x7C, 0x54,
    0x31, 0xA8, 0xAB, 0x8E, 0x31, 0x1C, 0x8D, 0xF7, 0x2E, 0x5B, 0x66, 0x33, 0xF0, 0xC0, 0xD9, 0x6A,
    0xF0, 0x42, 0x41, 0xE8, 0x4E, 0x65, 0x86, 0xF4, 0x73, 0x32, 0x75, 0xAE, 0x55, 0xBD, 0x43, 0x4F,
    0x56, 0x47, 0x2F, 0x5B, 0x42, 0x85, 0xFC, 0x22, 0xC8, 0x4A, 0x39, 0x47, 0x57, 0x8C, 0x7A, 0xD0,
    0xEF, 0x10, 0xF3, 0x72, 0x66, 0xFA, 0xCE, 0x41, 0xD6, 0xB0, 0x3E, 0xE9, 0xC2, 0x6B, 0xF7, 0x4D,
    0x83, 0xD9, 0x07, 0xA9, 0x7C, 0x91, 0x28, 0x85, 0x4A, 0xA6, 0x92, 0xBF, 0x02, 0x79, 0xB9, 0x13,
    0x01, 0x77, 0xE9, 0x27, 0x39, 0x49, 0x36, 0x27, 0x13, 0x42, 0x75, 0x5E, 0xA2, 0xCB, 0x5D, 0x7D,
    0x56, 0x14, 0x8B, 0xDD, 0x33, 0x8B, 0x04, 0x9F, 0x12, 0x23, 0x3E, 0x40, 0xB3, 0x67, 0x80, 0x66,
    0xC6, 0x9B, 0x07, 0x40, 0x69, 0x76, 0xD0, 0xA4, 0xF7, 0x42, 0x16, 0x7A, 0x75, 0x8F, 0x35, 0x92,
    0xBF, 0x01, 0xF8, 0xD1, 0x0C, 0x35, 0xA0, 0x01, 0x74, 0x3F, 0xDA, 0x9F, 0x2A, 0x11, 0x99, 0x32,
    0x40, 0x0C, 0xF0, 0x44, 0x5E, 0x9C, 0x8C, 0x79, 0x3D, 0xB4, 0xF0, 0xA3, 0x13, 0xE0, 0x1B, 0x3B,
    0xDD, 0x2E, 0x1F, 0x75, 0xDA, 0x1F, 0x83, 0x8B, 0x80, 0xD7, 0xB6, 0x90, 0xF5, 0xD9, 0x28, 0xD2,
    0xA7, 0x62, 0x21, 0x06, 0xF8, 0x32, 0xED, 0xF7, 0xE6, 0x71, 0x3A, 0x7C, 0xBE, 0x76, 0x37, 0x18,
    0x07, 0x59, 0xA3, 0xE9, 0x9F, 0x1D, 0xF7, 0x69, 0x77, 0x15, 0xE9, 0x88, 0x23, 0x51, 0x2C, 0xBE,
    0x94, 0x88, 0xAB, 0x53, 0x0B, 0xFA, 0xE7, 0xC7, 0xC7, 0x73, 0x3E, 0xB0, 0xCF, 0x86, 0xDF, 0xA5,
    0xCA, 0xA9, 0x37, 0xD5, 0x07, 0x22, 0x6E, 0x0D, 0x21, 0x38, 0x76, 0x57, 0xBD, 0x67, 0x01, 0x9A,
    0x66, 0x85, 0xC6, 0x54, 0x0E, 0xEA, 0x73, 0x80, 0x59, 0x82, 0xCE, 0xAB, 0x57, 0x7B, 0x6C, 0xAE,
    0xFD, 0x06, 0x6B, 0x0C, 0xEF, 0xDE, 0xB2, 0x8C, 0x54, 0x86, 0x7A, 0xA8, 0x71, 0x93, 0x29, 0x2E,
    0xA9, 0x15, 0xB3, 0xBA, 0x24, 0x1C, 0xD9, 0xCB, 0xF7, 0x45, 0xD7, 0xC6, 0xFC, 0xC8, 0x9A, 0x7F,
    0x9E, 0xB6, 0xAC, 0x61, 0x53, 0x39, 0x4E, 0x1D, 0x5F, 0xB0, 0x8A, 0x27, 0x1B, 0xCA, 0x65, 0x0C,
    0x1B, 0x8A, 0x72, 0xB0, 0x70, 0x49, 0xE6, 0x30, 0xE5, 0xBB, 0xFA, 0xBB, 0x17, 0x26, 0x97, 0x0F,
    0x70, 0xAC, 0xCC, 0x7C, 0xF6, 0x9A, 0x6F, 0xC9, 0xD7, 0xA6, 0xF4, 0x3F, 0x59, 0x46, 0x34, 0x6A,
    0x6B, 0x55, 0x53, 0x8D, 0x0F, 0x23, 0x5F, 0x7A, 0x1D, 0xAE, 0xD5, 0xD9, 0x8B, 0x90, 0x3E, 0x32,
    0xDB, 0xA5, 0x44, 0x03, 0x9F, 0xE7, 0x90, 0x12, 0x43, 0xE2, 0xBC, 0xEB, 0xCD, 0xB4, 0xE4, 0x8E,
    0x79, 0xFA, 0x3D, 0xE3, 0xC9, 0xED, 0x67, 0x16, 0x3F, 0xA2, 0x94, 0x48, 0x07, 0x7C, 0x7A, 0xE7,
    0xFD, 0x16, 0x95, 0xA3, 0xB7, 0x5C, 0x99, 0x9F, 0x8B, 0x1F, 0x7C, 0xB9, 0x67, 0xB5, 0xB9, 0x07,
    0x52, 0x71, 0x5F, 0x49, 0x2F, 0x32, 0xD8, 0xBF, 0x7D, 0x69, 0xCE, 0xBB, 0x63, 0x56, 0x2A, 0x8D,
    0x5E, 0x8B, 0x1C, 0x6E, 0x43, 0x34, 0xF8, 0x4E, 0x29, 0x30, 0xCE, 0xAE, 0x01, 0x72, 0xCD, 0x9D,
    0x20, 0xD2, 0x92, 0x29, 0x94, 0x9C, 0x14, 0x7E, 0x7B, 0x77, 0xCD, 0x38, 0xCC, 0x9F, 0x73, 0x92,
    0x56, 0x05, 0x86, 0xF1, 0x20, 0x77, 0x22, 0x07, 0x08, 0xF6, 0x4C, 0xB2, 0xB7, 0x72, 0xF2, 0x78,
    0x78, 0xD7, 0x84, 0xA4, 0x11, 0x57, 0x95, 0x53, 0x40, 0xA9, 0x97, 0xF9, 0xD9, 0x91, 0x9C, 0x6C,
    0xF0, 0xE1, 0x8F, 0xBC, 0x35, 0xAD, 0x0C, 0x3E, 0x47, 0xF9, 0x7A, 0x46, 0xF5, 0x86, 0xD8, 0x19,
    0xF9, 0xF0, 0x69, 0x61, 0xCA, 0xE9, 0x04, 0x8C, 0x04, 0x48, 0xE7, 0x08, 0xA7, 0xBD, 0xF2, 0x4E,
    0xC2, 0x45, 0x87, 0x1A, 0xC8, 0xAC, 0x9F, 0xBA, 0x90, 0x17, 0xA3, 0x6A, 0xA6, 0x88, 0x5B, 0x55,
    0xBC, 0x8C, 0x77, 0x69, 0xA3, 0x0A, 0x5D, 0xB7, 0x27, 0x80, 0x06, 0x29, 0x96, 0x79, 0xC9, 0x9E,
    0xAA, 0x75, 0x0B, 0x44, 0xFC, 0x6F, 0x59, 0x2C, 0xBD, 0x72, 0x00, 0x18, 0x01, 0x92, 0x17, 0xD3,
    0x35, 0xEA, 0x9C, 0x70, 0xED, 0x6A, 0xF1, 0xC0, 0xB4, 0xB3, 0x90, 0x28, 0xA0, 0x98, 0xD7, 0xEB,
    0xED, 0x3F, 0xEA, 0x4B, 0x4D, 0xED, 0x12, 0x80, 0xED, 0xC1, 0x5A, 0xAF, 0xA4, 0xF3, 0x32, 0x75,
    0x84, 0xB6, 0x50, 0xA4, 0x14, 0x8F, 0x30, 0xD0, 0xB1, 0x9A, 0x81, 0xFA, 0x35, 0x25, 0xDD, 0x9A,
    0xD2, 0x96, 0x94, 0x9D, 0x44, 0x45, 0xA3, 0x54, 0x93, 0x2A, 0x25, 0xD9, 0xAC, 0x88, 0xF3, 0x1D,
    0x3E, 0x79, 0xAA, 0x12, 0xFA, 0x8B, 0xCF, 0x34, 0x80, 0xFA, 0xAA, 0x05, 0x75, 0x8F, 0xAE, 0x1C,
    0x7A, 0x32, 0xA5, 0xC5, 0x8A, 0x76, 0xAA, 0x9F, 0x93, 0x9B, 0x8B, 0xBD, 0x83, 0x37, 0xAF, 0x01,
    0xEB, 0x98, 0xD3, 0x7B, 0xB7, 0x58, 0x11, 0x45, 0xB1, 0x5C, 0xD0, 0xE3, 0xFB, 0xEF, 0xF3, 0x65,
    0x0B, 0x89, 0x5C, 0xE9, 0xF7, 0x55, 0xCE, 0x3A, 0x98, 0xA4, 0xB3, 0x38, 0x4A, 0x63, 0x71, 0x78,
    0x74, 0xF1, 0x43, 0x8A, 0x7A, 0x60, 0xDC, 0x6D, 0xF3, 0x9C, 0x12, 0xB3, 0x46, 0xDB, 0xBF, 0x73,
    0x6D, 0xA0, 0x45, 0xFD, 0xF5, 0x29, 0x9B, 0x68, 0x44, 0x67, 0x85, 0x91, 0x80, 0x4C, 0x11, 0x06,
    0x1D, 0x09, 0xFE, 0xAE, 0xA7, 0x8A, 0xAD, 0x16, 0xB0, 0x01, 0xD8, 0xFC, 0xAE, 0x1D, 0x1C, 0x54,
    0xCF, 0x7C, 0x0F, 0x10, 0x91, 0x15, 0x50, 0x87, 0x7D, 0x86, 0xCB, 0x8C, 0x51, 0x90, 0x5A, 0xB5,
    0x06, 0x7F, 0x2F, 0xB4, 0xE0, 0xE6, 0x92, 0x4E, 0x6E, 0x08, 0x9A, 0xCC, 0xCD, 0xF5, 0x43, 0x64,
    0x77, 0x71, 0x26, 0x96, 0x52, 0x29, 0x57, 0x32, 0x8E, 0x10, 0xFC, 0xBB, 0xFC, 0xD3, 0xA2, 0x81,
    0x14, 0x2B, 0x25, 0x3D, 0x29, 0xEB, 0x16, 0xED, 0xEF, 0x83, 0xB6, 0xBB, 0xE8, 0x98, 0x42, 0x7B,
    0xE3, 0x0D, 0xB0, 0x20, 0x6A, 0xE7, 0xE0, 0x3C, 0x3E, 0x0C, 0xF0, 0xD0, 0xE8, 0x88, 0xE3, 0xAC,
    0x50, 0x03, 0x1A, 0x40, 0xE7, 0x55, 0x53, 0x71, 0xF7, 0x88, 0xC3, 0x97, 0xE9, 0xFB, 0x93, 0xF1,
    0x76, 0xF4, 0x79, 0xDE, 0x33, 0x16, 0x22, 0x39, 0x01, 0x46, 0x73, 0x0F, 0x58, 0xC6, 0x69, 0xF7,
    0x04, 0xA9, 0x39, 0x3E, 0x63, 0x61, 0xA5, 0x00, 0x1D, 0x9C, 0xE9, 0xD8, 0x8C, 0xF0, 0x1C, 0xFB,
    0xF4, 0x1D, 0xD8, 0x98, 0xD3, 0x81, 0xAE, 0x07, 0x83, 0xFA, 0xC2, 0x72, 0xCE, 0x00, 0x78, 0x52,
    0xD6, 0x69, 0x52, 0xCA, 0x19, 0xB9, 0x54, 0xD6, 0x5D, 0x7B, 0x8C, 0xDB, 0xB6, 0xC7, 0xB8, 0x7D,
    0x7B, 0x8C, 0xDB, 0xB8, 0xC7, 0x70, 0xE7, 0x1E, 0x72, 0xA7, 0xAC, 0x7B, 0xF7, 0x18, 0x6E, 0xDE,
    0x43, 0x1E, 0xC9, 0xDC, 0xBE, 0x07, 0xCC, 0xFD, 0x7B, 0xC8, 0x85, 0x72, 0x25, 0x25, 0xB9, 0x10,
    0xEB, 0x73, 0xF4, 0x94, 0xEE, 0xE1, 0x23, 0xBD, 0x6E, 0xE2, 0x23, 0x9D, 0xEE, 0xE2, 0x23, 0xAD,
    0x94, 0x31, 0x79, 0xED, 0x23, 0x43, 0xC1, 0x6C, 0x77, 0x08, 0xBC, 0xB4, 0xA6, 0xAB, 0xE6, 0x34,
    0x94, 0xBB, 0xD6, 0xE8, 0xAD, 0x26, 0x70, 0x6E, 0x84, 0x5C, 0x3A, 0xDE, 0xF8, 0xCA, 0x75, 0x40,
    0xFE, 0xA0, 0x09, 0xEF, 0x80, 0xDF, 0x69, 0xA3, 0x8F, 0xC1, 0x6F, 0x77, 0x31, 0xF9, 0xAD, 0x21,
    0x79, 0x1F, 0x7C, 0x7D, 0xC8, 0xAE, 0x83, 0xDF, 0x9C, 0xB2, 0x17, 0xC0, 0x1B, 0xA9, 0x2E, 0x29,
    0x4B, 0x40, 0x2E, 0x26, 0xE5, 0x6C, 0x08, 0xE4, 0xD0, 0x72, 0x6A, 0x59, 0x2C, 0x27, 0xBD, 0x72,
    0xDC, 0x2E, 0xB6, 0x1E, 0x7F, 0x54, 0x0E, 0x06, 0xE5, 0xD0, 0x71, 0xD4, 0x2B, 0xC7, 0xCA, 0xDA,
    0x47, 0xD2, 0xB6, 0xF8, 0x45, 0x4B, 0xA2, 0x69, 0x13, 0x73, 0x6B, 0xB9, 0x44, 0x9D, 0x04, 0x1A,
    0xA7, 0x88, 0x60, 0x59, 0xAD, 0xC3, 0x43, 0xB7, 0x65, 0xA1, 0xFF, 0xAA, 0x39, 0x34, 0xBE, 0xE0,
    0xE5, 0xA7, 0x72, 0xA0, 0xD2, 0x79, 0xC6, 0x2D, 0xDC, 0x7F, 0xF3, 0xD9, 0x92, 0xF6, 0xCF, 0xDD,
    0x3C, 0x0D, 0x98, 0x26, 0xF8, 0x3B, 0xC6, 0xFF, 0x44, 0xFD, 0x88, 0x00, 0x36, 0x13, 0x3B, 0x4B,
    0xD6, 0x67, 0x67, 0x5A, 0xB2, 0xBE, 0x58, 0x2F, 0x59, 0xAF, 0x21, 0x6A, 0xD2, 0x12, 0xC5, 0x98,
    0xD5, 0x33, 0xC6, 0x4D, 0x0A, 0x77, 0x38, 0xE3, 0x3D, 0xDC, 0xC5, 0xE8, 0xA6, 0x72, 0x05, 0x98,
    0xA1, 0x13, 0x0D, 0x0A, 0xDE, 0x88, 0xA9, 0xBC, 0x17, 0xCD, 0x03, 0x2D, 0x46, 0x66, 0x5C, 0xFD,
    0x55, 0x74, 0x96, 0x8D, 0xE3, 0xCC, 0x71, 0x71, 0x53, 0x7E, 0x82, 0x2D, 0x66, 0xAB, 0x37, 0x9C,
    0x26, 0xF6, 0xCF, 0xC9, 0xBE, 0x78, 0xE4, 0xC0, 0x71, 0x38, 0x7A, 0xB6, 0xF3, 0xC4, 0x9A, 0xC8,
    0x3A, 0x61, 0x31, 0xE9, 0x95, 0xB3, 0x96, 0x4C, 0x5B, 0xE8, 0xCD, 0x43, 0x6E, 0x2D, 0xC0, 0xF3,
    0x45, 0xD9, 0x77, 0x1C, 0x38, 0x8E, 0x50, 0x74, 0x96, 0xB5, 0x8C, 0xD1, 0x0F, 0x5A, 0xA6, 0x5D,
    0x52, 0xB9, 0x70, 0x2C, 0xB5, 0x32, 0xA7, 0xBF, 0xBD, 0xC4, 0x74, 0x6A, 0x51, 0xE5, 0xFD, 0x1D,
    0x9D, 0xEE, 0xE9, 0x96, 0x40, 0xB8, 0x11, 0x49, 0x97, 0xE8, 0xD3, 0xDE, 0x04, 0x93, 0x36, 0x55,
    0x3E, 0xFD, 0xBB, 0xC9, 0x5E, 0x25, 0x08, 0x26, 0x16, 0xE5, 0x4C, 0xAE, 0x92, 0x8B, 0x8E, 0x45,
    0xAC, 0x7B, 0xB2, 0x91, 0xED, 0xF5, 0x64, 0x08, 0xC4, 0xBF, 0x63, 0x50, 0xA0, 0xD3, 0xD3, 0xF4,
    0xAA, 0xFB, 0xC0, 0x2D, 0xF1, 0x10, 0x80, 0x03, 0x3A, 0x6D, 0xDE, 0xD0, 0x55, 0x09, 0xE7, 0xB5,
    0xA3, 0xCB, 0xAC, 0x2E, 0xB0, 0xE6, 0xC6, 0x1D, 0x14, 0x3F, 0x4C, 0x12, 0xDD, 0x7A, 0xBF, 0xEE,
    0x66, 0xFD, 0x41, 0x19, 0xEE, 0x6E, 0x6A, 0xC9, 0x63, 0x22, 0x9B, 0xF9, 0x83, 0x72, 0x3C, 0x6D,
    0x03, 0xCC, 0xDD, 0xF4, 0xFC, 0x57, 0x3D, 0xFB, 0xB6, 0x4E, 0xBE, 0xB8, 0x99, 0xDD, 0x2A, 0xD8,
    0xF2, 0x6D, 0x3D, 0xCA, 0x4F, 0x5F, 0x52, 0x33, 0xA6, 0x4B, 0x62, 0xAF, 0x43, 0xA4, 0x82, 0x70,
    0x4C, 0x7C, 0x5B, 0x5B, 0x46, 0x59, 0xA3, 0x3D, 0x13, 0xCB, 0x4F, 0x2A, 0xBA, 0x9E, 0xE7, 0x1E,
    0xC0, 0xA4, 0x32, 0xDE, 0x35, 0x4D, 0xE2, 0x09, 0x99, 0x72, 0x3E, 0xF2, 0x8E, 0x05, 0x3E, 0x12,
    0x25, 0x8F, 0x6F, 0xE7, 0x4F, 0x48, 0x1D, 0x63, 0xB8, 0xD5, 0x3E, 0xA2, 0x09, 0x2E, 0x73, 0xC8,
    0x92, 0x41, 0xA5, 0xA2, 0x27, 0xAD, 0xC6, 0xE4, 0x9A, 0x2E, 0xF4, 0x3B, 0xAE, 0x70, 0xC8, 0x8E,
    0x70, 0x7C, 0xBD, 0x41, 0x5B, 0xD2, 0x21, 0x05, 0x0A, 0xEA, 0xB0, 0xF0, 0x86, 0xD2, 0xAC, 0x96,
    0x5F, 0x50, 0x15, 0x3A, 0x27, 0x6A, 0x97, 0x3A, 0xC8, 0xE2, 0x62, 0x94, 0x14, 0xD4, 0xB8, 0x5B,
    0x1C, 0x60, 0x34, 0xC9, 0xC1, 0xBE, 0x2C, 0x8A, 0x18, 0xD9, 0x10, 0x1E, 0xDF, 0xDB, 0x93, 0x9D,
    0x42, 0x60, 0x7F, 0xBA, 0xC9, 0x08, 0xAD, 0x3D, 0x39, 0x19, 0x9F, 0x65, 0x55, 0x1A, 0x9D, 0xAD,
    0xBD, 0xC0, 0xF5, 0xDE, 0xE5, 0x55, 0x6B, 0x95, 0xD0, 0x89, 0x28, 0x6B, 0x66, 0x8C, 0xDA, 0x14,
    0xA9, 0xE7, 0xAE, 0xB5, 0x7A, 0xB8, 0x4B, 0x8A, 0xC1, 0xEF, 0xC3, 0xD6, 0xC0, 0xF4, 0xAF, 0xE0,
    0x0F, 0x51, 0xBB, 0xB4, 0x59, 0x0F, 0xB4, 0x30, 0x97, 0xCC, 0x68, 0x47, 0x1E, 0x77, 0x1A, 0x19,
    0xE7, 0x08, 0x33, 0xA6, 0x21, 0xFF, 0x7F, 0x4B, 0x97, 0xB3, 0x84, 0x2C, 0xFF, 0x39, 0xB9, 0xD8,
    0x88, 0xF2, 0x1B, 0x4E, 0xA7, 0x53, 0x0A, 0x88, 0x93, 0x04, 0x1F, 0x7E, 0x5D, 0xCE, 0xFC, 0xA4,
    0x1B, 0x7D, 0xCA, 0x21, 0x40, 0x9F, 0xEE, 0xF2, 0x64, 0x7F, 0xE3, 0x9B, 0xBE, 0x32, 0xC4, 0x75,
    0x5A, 0x26, 0x6D, 0xB1, 0xC1, 0x27, 0x6E, 0xB2, 0xCD, 0xF2, 0x52, 0x7F, 0xB1, 0x1B, 0x94, 0xB0,
    0x5C, 0xEB, 0xE4, 0x2E, 0xD8, 0x3C, 0xBA, 0xF7, 0xAC, 0xE4, 0x4E, 0xB0, 0xA8, 0x5A, 0x97, 0xFF,
    0x58, 0xE6, 0xFD, 0x12, 0x0B, 0x39, 0x00, 0x4C, 0x00, 0xAE, 0xBD, 0xA4, 0xA3, 0xE9, 0xA5, 0x0D,
    0x4F, 0x57, 0xCA, 0xA0, 0x7F, 0x88, 0x2F, 0xB2, 0xA9, 0x5A, 0x6F, 0xEE, 0x14, 0x89, 0x34, 0x2B,
    0x65, 0xF9, 0xF2, 0xBB, 0x0A, 0x5F, 0x3B, 0xBC, 0x4A, 0x13, 0xBA, 0x56, 0x62, 0x0B, 0xD2, 0xB8,
    0xF7, 0x3D, 0x1E, 0xF5, 0xD0, 0x32, 0x64, 0x1A, 0x00, 0x62, 0x6F, 0x63, 0x5F, 0x8B, 0x95, 0x63,
    0xAB, 0x13, 0xDC, 0x6D, 0x8A, 0xF6, 0x22, 0x92, 0xF9, 0x5E, 0x1E, 0x6E, 0xB3, 0x21, 0xDA, 0x24,
    0x79, 0x15, 0x26, 0xD0, 0xDB, 0x16, 0xE4, 0xF8, 0x8E, 0x64, 0x0F, 0xF9, 0xA6, 0xEE, 0x7B, 0x7B,
    0x4F, 0x71, 0x7D, 0x03, 0x05, 0x23, 0xD2, 0x3F, 0xA0, 0xFD, 0x5E, 0x18, 0x32, 0xFA, 0x05, 0x55,
    0xCF, 0x8B, 0x45, 0x21, 0x16, 0xF9, 0xA8, 0x93, 0x6D, 0xBF, 0x0A, 0x9B, 0xE1, 0x8F, 0x41, 0x67,
    0x7C, 0x09, 0x07, 0x05, 0x6F, 0x0C, 0x7A, 0xF6, 0x3B, 0x0F, 0xB2, 0x04, 0x83, 0x2E, 0xAE, 0x31,
    0x56, 0x48, 0xDA, 0x19, 0xC3, 0x2E, 0x6E, 0xD6, 0xFD, 0xF7, 0x3D, 0x17, 0x9A, 0xBA, 0x11, 0x0A,
    0x16, 0x68, 0xE7, 0xF6, 0xB3, 0x9C, 0x0F, 0x32, 0x70, 0xE3, 0xD9, 0x7E, 0xDE, 0x5A, 0x36, 0x1E,
    0x1D, 0xB6, 0x2B, 0x5C, 0x1F, 0x67, 0xCB, 0xA0, 0x57, 0x69, 0x0A, 0x78, 0xC9, 0xAB, 0xCE, 0x26,
    0x1B, 0xDE, 0x73, 0xA1, 0x29, 0x86, 0xFF, 0xE6, 0x43, 0xA6, 0x0E, 0x06, 0x80, 0x4D, 0x60, 0xB2,
    0xB1, 0x6D, 0x05, 0x38, 0x69, 0x1B, 0x1A, 0x2E, 0x25, 0xA3, 0xAB, 0xC8, 0xE8, 0x9E, 0xF0, 0x28,
    0x15, 0xC2, 0xCE, 0x0E, 0x34, 0x04, 0x38, 0x7F, 0xF3, 0xE4, 0x58, 0xAE, 0xEE, 0xAC, 0x45, 0xC5,
    0x6D, 0xBE, 0xFE, 0xFF, 0x5A, 0x5C, 0x27, 0x56, 0xA6, 0xF4, 0x78, 0x65, 0x7A, 0xC8, 0x4B, 0x8A,
    0x61, 0xDC, 0x56, 0xA6, 0x70, 0xA7, 0x32, 0x3D, 0xC0, 0xC2, 0x0C, 0x5A, 0x5B, 0x94, 0x51, 0x9F,
    0xB4, 0x5A, 0x90, 0x2C, 0xC7, 0xA5, 0x18, 0x1F, 0x92, 0xBD, 0x10, 0x93, 0x4D, 0x61, 0xB2, 0x5A,
    0x4A, 0x7C, 0xD2, 0x4D, 0x91, 0x7B, 0x2A, 0x7D, 0x7D, 0xF1, 0x3B, 0x56, 0x68, 0xC7, 0xA8, 0x16,
    0xE1, 0x35, 0x2E, 0xE1, 0xA1, 0xDD, 0x9D, 0x58, 0x73, 0x9E, 0x89, 0xAC, 0xF1, 0x2B, 0xB6, 0x4C,
    0xB8, 0x3E, 0x68, 0xC3, 0x47, 0x3D, 0x23, 0x1E, 0xB7, 0x31, 0xFA, 0xC0, 0x1F, 0xFE, 0xA7, 0xA0,
    0x21, 0x2D, 0x7F, 0xAE, 0x03, 0x87, 0x7C, 0xC6, 0xAC, 0xAC, 0x28, 0x2C, 0x3C, 0xF2, 0x55, 0x7A,
    0x22, 0xDF, 0x79, 0xF9, 0x90, 0xD3, 0xCD, 0xE8, 0x23, 0x76, 0x1D, 0x07, 0x25, 0xEA, 0xE0, 0x89,
    0x9D, 0xC0, 0x67, 0xAF, 0xF9, 0xDE, 0x57, 0xE2, 0x89, 0xF8, 0x87, 0x56, 0xFF, 0xCC, 0xD6, 0x3A,
    0xEE, 0xEC, 0x6F, 0x64, 0xEF, 0xC2, 0xE4, 0x7B, 0xC9, 0x9E, 0xD6, 0x87, 0x3C, 0x6B, 0xEB, 0x12,
    0x9B, 0x0C, 0xC5, 0x76, 0xC3, 0xCD, 0x5E, 0x77, 0x14, 0xA8, 0xEA, 0x08, 0xF6, 0xEA, 0x70, 0xF2,
    0x20, 0x64, 0xF9, 0xE2, 0x56, 0xFA, 0x93, 0x17, 0x47, 0x7B, 0xC9, 0xDB, 0x03, 0x34, 0xEE, 0x70,
    0x89, 0xBD, 0xD5, 0xA9, 0x1A, 0x57, 0x3D, 0x38, 0x23, 0xD9, 0x30, 0x6F, 0x6B, 0x4F, 0xE1, 0x90,
    0xD9, 0xE3, 0x68, 0x42, 0x95, 0x48, 0x80, 0x06, 0x90, 0x6B, 0x63, 0xE5, 0xC2, 0xCF, 0x3D, 0xC8,
    0xB6, 0x97, 0x26, 0x07, 0x95, 0x3F, 0xEC, 0xCA, 0x98, 0xBF, 0xA9, 0x3D, 0xA9, 0xE7, 0x85, 0xCB,
    0x6A, 0xED, 0x76, 0x09, 0xC1, 0x4E, 0x67, 0xF1, 0xE5, 0xEE, 0x93, 0x85, 0x2C, 0xAF, 0x3F, 0x98,
    0xAD, 0x8E, 0x52, 0xFE, 0x5C, 0x9F, 0x5F, 0x5C, 0xA6, 0xC3, 0xCA, 0xFA, 0x63, 0xB2, 0xD3, 0x3F,
    0xF7, 0xB5, 0x23, 0xCC, 0xD1, 0x15, 0x1A, 0x83, 0xE6, 0x8F, 0x49, 0x4E, 0xF9, 0x7C, 0xED, 0xCA,
    0x4A, 0xC0, 0xE1, 0xD4, 0x07, 0x96, 0xF2, 0x42, 0x41, 0x8F, 0xE2, 0xDE, 0x2D, 0x70, 0x86, 0xAF,
    0xCA, 0x9E, 0xCE, 0x67, 0x1F, 0x0C, 0x3C, 0xF8, 0xED, 0xB5, 0x1E, 0xCC, 0xAA, 0x0E, 0xF7, 0x9E,
    0xDE, 0xE1, 0x01, 0x2A, 0x29, 0x01, 0xB9, 0x33, 0x6A, 0xE9, 0x2E, 0x66, 0xF7, 0xBB, 0x04, 0xC4,
    0xF4, 0x0A, 0x1D, 0x53, 0xE6, 0x8F, 0xF1, 0xDD, 0x27, 0x70, 0x1F, 0x19, 0xB4, 0x95, 0x95, 0x96,
    0x93, 0x6B, 0xD8, 0x98, 0xD7, 0xA9, 0x4E, 0xA8, 0x45, 0x1B, 0x8E, 0x3F, 0x1B, 0xF1, 0x31, 0xA4,
    0xC1, 0x57, 0x6A, 0x9A, 0xA1, 0x51, 0xE6, 0xF6, 0xB6, 0x2D, 0x0E, 0xB5, 0xE9, 0x5E, 0x35, 0xDA,
    0x9E, 0x74, 0xCB, 0x91, 0x98, 0xDF, 0xAA, 0xF2, 0x27, 0xFB, 0x84, 0xB7, 0xDA, 0x56, 0x2D, 0x7D,
    0xF2, 0x3B, 0x43, 0xD5, 0xE5, 0x53, 0x91, 0xA0, 0x3D, 0x4F, 0xA0, 0xD4, 0xC1, 0xA4, 0x5A, 0x5F,
    0x38, 0xC1, 0x56, 0x35, 0x14, 0xC1, 0x0A, 0x43, 0x62, 0x3C, 0x6A, 0xDA, 0x2B, 0x6C, 0x89, 0xE5,
    0x4E, 0x57, 0x6B, 0xD3, 0x4F, 0x74, 0xEA, 0x30, 0x27, 0xF5, 0x72, 0x63, 0x42, 0xA3, 0x3B, 0x13,
    0x1A, 0xE1, 0x95, 0x99, 0x74, 0xCC, 0x5B, 0xC3, 0x7C, 0x6E, 0x88, 0xF5, 0xB2, 0xBC, 0x68, 0x25,
    0x3D, 0x3D, 0x9C, 0x50, 0x58, 0x9C, 0x19, 0x11, 0x89, 0x2F, 0x37, 0x75, 0xF6, 0x6E, 0x9E, 0xC1,
    0x76, 0x91, 0x57, 0xED, 0xBC, 0x54, 0xE1, 0x29, 0x98, 0x89, 0x01, 0x4E, 0xC4, 0x41, 0x9D, 0x8E,
    0x3F, 0x6F, 0x39, 0xB3, 0x8B, 0x54, 0xDD, 0xF6, 0x71, 0xDC, 0x96, 0x73, 0x79, 0xAC, 0x9C, 0x7B,
    0x96, 0xF3, 0x60, 0x58, 0xCE, 0x86, 0xE5, 0x5C, 0xB2, 0x9C, 0x75, 0x26, 0x7E, 0xBB, 0x2D, 0x30,
    0x96, 0x57, 0xB4, 0xBB, 0x8D, 0x23, 0xED, 0x20, 0xAA, 0xC1, 0x93, 0x66, 0x0B, 0x5F, 0xAB, 0x64,
    0x3A, 0x58, 0x6F, 0xE3, 0xF8, 0xE2, 0xBC, 0x8D, 0xE3, 0xB8, 0xDA, 0xC6, 0x31, 0x1B, 0xFE, 0x2F,
    0xDD, 0x99, 0x01, 0xA4, 0xE5, 0xE8, 0xF9, 0xC6, 0x9F, 0x24, 0xFF, 0x7B, 0xC3, 0x3F, 0x48, 0xB1,
    0x5B, 0xDD, 0x5E, 0x9A, 0xA2, 0x28, 0xA5, 0x01, 0x80, 0x9D, 0x49, 0xD6, 0xA0, 0x58, 0xEC, 0xC1,
    0xAC, 0x62, 0x01, 0x0A, 0x4A, 0x2D, 0x40, 0xB1, 0x9D, 0x64, 0x5B, 0x00, 0xB8, 0xA5, 0x00, 0xF4,
    0x62, 0xD0, 0x82, 0x42, 0xB1, 0x98, 0xBD, 0x49, 0x77, 0x28, 0x80, 0xD4, 0x02, 0x60, 0xB3, 0xEB,
    0xD2, 0x2A, 0xF4, 0x43, 0x98, 0xB4, 0x92, 0xEF, 0xED, 0x79, 0x9F, 0x77, 0xE2, 0x64, 0x7A, 0xC6,
    0xD8, 0x59, 0x73, 0xE6, 0xDE, 0x73, 0x3F, 0xF1, 0xBC, 0x27, 0x37, 0xE7, 0x7C, 0x79, 0xBF, 0xDF,
    0x93, 0x7C, 0xDF, 0x9B, 0x5C, 0x20, 0x95, 0x1A, 0x00, 0x32, 0x69, 0x35, 0xE4, 0xD2, 0x69, 0x28,
    0xC4, 0x69, 0xA8, 0x1A, 0x86, 0x4F, 0xAB, 0x51, 0xC3, 0x54, 0x4C, 0x00, 0x82, 0x29, 0x9F, 0x01,
    0x44, 0x43, 0x2A, 0x1A, 0x1C, 0x43, 0xE2, 0x62, 0xED, 0x26, 0xED, 0x22, 0xED, 0x26, 0x6B, 0x43,
    0xE9, 0xB4, 0x2F, 0x91, 0x5E, 0xFB, 0x12, 0xED, 0xAD, 0xDA, 0x86, 0x01, 0xF0, 0x80, 0x76, 0x33,
    0x33, 0x84, 0x13, 0x90, 0x79, 0x44, 0xA3, 0xA6, 0x81, 0x98, 0xA1, 0x2E, 0x04, 0x68, 0xC4, 0x3D,
    0x0D, 0x58, 0x5A, 0x3C, 0x30, 0xA4, 0x93, 0x85, 0x79, 0xBD, 0x67, 0xC7, 0xCE, 0xA4, 0x44, 0xA8,
    0xE7, 0x4A, 0x45, 0x26, 0x14, 0x2E, 0x9F, 0x50, 0xB5, 0xE9, 0x8C, 0xA2, 0xDE, 0xCA, 0xFF, 0x21,
    0xF1, 0xE0, 0xD9, 0x70, 0x26, 0x1E, 0x91, 0x6C, 0x25, 0x9B, 0x13, 0x8F, 0xC2, 0x6D, 0xA5, 0xEA,
    0xB7, 0xD2, 0xF4, 0xE9, 0x56, 0x5C, 0xEE, 0x99, 0xF2, 0x45, 0x2E, 0x9F, 0xCB, 0x10, 0xFB, 0xB2,
    0xA9, 0xC1, 0x16, 0x0E, 0x76, 0xDE, 0xB5, 0x24, 0x24, 0xB2, 0x81, 0x7E, 0xFC, 0x37, 0x18, 0x0C,
    0x67, 0x4A, 0x9C, 0x8A, 0xC2, 0x82, 0xF5, 0xE1, 0xA9, 0x38, 0xC7, 0xAE, 0xDD, 0x78, 0xFE, 0xC5,
    0x95, 0xE6, 0xE3, 0x55, 0x04, 0xC0, 0x49, 0xC3, 0xFC, 0x34, 0x11, 0xA6, 0xD1, 0x63, 0x69, 0x07,
    0xB7, 0x20, 0x10, 0x86, 0x50, 0x3B, 0x89, 0x7C, 0x34, 0x90, 0xF6, 0xBB, 0x1D, 0xA9, 0x11, 0x5E,
    0xF5, 0xAE, 0x23, 0xA7, 0x60, 0xC4, 0x5E, 0x3B, 0x92, 0xCB, 0x3C, 0x12, 0xBB, 0xAA, 0xD2, 0x31,
    0xED, 0x91, 0xCF, 0x59, 0x8D, 0x4A, 0x00, 0xCC, 0x45, 0xAB, 0xA9, 0xF4, 0x08, 0x36, 0xC1, 0xE6,
    0xB5, 0x00, 0x4F, 0x27, 0xCB, 0x67, 0x66, 0x40, 0x13, 0x79, 0x72, 0x7B, 0x57, 0x4A, 0xDC, 0x22,
    0xE0, 0x15, 0x63, 0x46, 0x8D, 0xC6, 0x54, 0xD3, 0xB1, 0x34, 0x0C, 0x3B, 0xB9, 0x1B, 0xF8, 0x35,
    0xF9, 0x35, 0x7C, 0xA3, 0x6F, 0xF8, 0x8D, 0xBF, 0x19, 0x60, 0x0E, 0x98, 0x05, 0xE6, 0x81, 0x99,
    0x60, 0x2E, 0x98, 0x0D, 0xE6, 0x83, 0x19, 0x61, 0x4E, 0x98, 0x15, 0xE6, 0x05, 0x68, 0x06, 0xE8,
    0x06, 0x33, 0x3A, 0x07, 0x83, 0xB1, 0x6E, 0x26, 0x86, 0x80, 0xE8, 0xFE, 0x08, 0xFD, 0x63, 0x2C,
    0x71, 0x4F, 0xF0, 0x7F, 0x25, 0xEA, 0x2F, 0x7A, 0x0D, 0x97, 0xD1, 0xA0, 0xE1, 0x3E, 0xEE, 0x1F,
    0xA7, 0x45, 0xBC, 0xED, 0x55, 0x9C, 0xA2, 0x1E, 0x96, 0xC9, 0x3E, 0x72, 0x48, 0xA7, 0xA4, 0x47,
    0xE1, 0xF3, 0x12, 0x8D, 0x00, 0x81, 0x2F, 0x5A, 0xB5, 0xB0, 0xC7, 0xE9, 0x79, 0x78, 0x71, 0xF8,
    0xE9, 0x28, 0xEF, 0x0C, 0x93, 0x30, 0x7C, 0x92, 0x77, 0xD8, 0xB5, 0x58, 0xD6, 0x78, 0x8B, 0xDF,
    0xF7, 0x24, 0x19, 0x0E, 0xC7, 0x86, 0xBE, 0xB9, 0xD7, 0x21, 0x10, 0x69, 0x11, 0x7E, 0xD9, 0xD4,
    0x4B, 0xE2, 0xE3, 0xB2, 0x1C, 0x34, 0x4D, 0x89, 0x60, 0xCA, 0x5A, 0x84, 0xE7, 0xE1, 0xF9, 0xE1,
    0x81, 0x47, 0xDE, 0xCE, 0xFF, 0xDC, 0x09, 0x28, 0x9C, 0xB0, 0xD7, 0x6E, 0x4F, 0x61, 0x73, 0xB2,
    0xD1, 0x71, 0x4C, 0x58, 0xC0, 0x4B, 0xB9, 0x7F, 0xB9, 0x5F, 0x7F, 0x01, 0x84, 0xD4, 0xAD, 0x4B,
    0x9E, 0x9C, 0x8A, 0x3B, 0xD4, 0x4F, 0xBE, 0xCF, 0x63, 0xBF, 0x0A, 0xDD, 0xCA, 0x8B, 0x6D, 0xD7,
    0xC7, 0xEA, 0x5A, 0xA1, 0xD9, 0x55, 0xA5, 0x26, 0x03, 0x00, 0x23, 0x10, 0xBC, 0xF3, 0x65, 0x89,
    0xB0, 0x8F, 0x3A, 0xC0, 0xFF, 0xA9, 0xB5, 0xF5, 0x03, 0xA7, 0xBF, 0xC3, 0xE1, 0xAD, 0xA9, 0x6A,
    0xE3, 0x6D, 0xD8, 0x93, 0x8E, 0x21, 0x74, 0xC6, 0x7D, 0x73, 0x9B, 0xB8, 0x87, 0x5E, 0xD5, 0x0A,
    0xD0, 0x52, 0x73, 0xAE, 0x81, 0xE0, 0xDE, 0x5F, 0xAE, 0x89, 0x7B, 0x60, 0x05, 0x7F, 0x20, 0xA5,
    0x81, 0x7F, 0x6A, 0x03, 0xF7, 0x36, 0xBF, 0xDC, 0x90, 0x7B, 0xE0, 0x0C, 0x63, 0xCF, 0x6F, 0xC8,
    0x91, 0x72, 0xB7, 0x69, 0x28, 0xE1, 0xCC, 0xF4, 0x63, 0x13, 0xAB, 0x3C, 0x82, 0x8F, 0x7F, 0x5B,
    0x23, 0x74, 0x51, 0xBB, 0x0F, 0xFF, 0x1A, 0x97, 0xDF, 0x4F, 0x70, 0xAB, 0x26, 0x9B, 0x07, 0x61,
    0x07, 0xC8, 0xE3, 0x0E, 0x21, 0x97, 0xE2, 0xAF, 0x54, 0x3A, 0xDA, 0x00, 0xD8, 0x95, 0x1F, 0x28,
    0x7C, 0x2E, 0x0B, 0x38, 0x7D, 0x78, 0x58, 0xEE, 0x03, 0x06, 0x52, 0x21, 0x5B, 0xA2, 0x5A, 0x23,
    0xC6, 0x2D, 0x5E, 0x85, 0x83, 0x12, 0x1B, 0x44, 0x5D, 0xD8, 0x23, 0x74, 0xB1, 0xD6, 0x45, 0x4D,
    0x0B, 0x88, 0xD4, 0xB0, 0x45, 0xF9, 0xE4, 0x1C, 0x37, 0x60, 0x15, 0x6E, 0x64, 0xDB, 0xCA, 0x8A,
    0x9A, 0x50, 0x63, 0x29, 0x51, 0x50, 0x73, 0xEA, 0x09, 0x54, 0xF1, 0x3C, 0x25, 0xC8, 0x9D, 0xF6,
    0xAB, 0xA3, 0xFB, 0x9A, 0xB6, 0xAA, 0x19, 0xB5, 0xA8, 0x79, 0xAE, 0xDA, 0xCE, 0xDB, 0x50, 0x01,
    0x6B, 0x97, 0xBB, 0x27, 0xF7, 0x50, 0xDA, 0xE5, 0xB3, 0xFD, 0x9D, 0x18, 0x02, 0x3B, 0x93, 0x0C,
    0x48, 0x87, 0x74, 0x42, 0xDE, 0x47, 0x33, 0x8A, 0x2E, 0xF2, 0x74, 0x14, 0xCD, 0x4E, 0x3A, 0x00,
    0x4D, 0xBF, 0x3C, 0xB4, 0x15, 0x56, 0x87, 0x96, 0xDF, 0x45, 0xA6, 0x47, 0x13, 0x65, 0x1D, 0x88,
    0x74, 0x40, 0x36, 0x03, 0x7B, 0xA8, 0xFC, 0x1E, 0x2A, 0x44, 0xBE, 0x54, 0x95, 0x8E, 0xEA, 0x68,
    0xB4, 0x69, 0x87, 0x65, 0x75, 0xC7, 0x0F, 0x60, 0xED, 0x46, 0xA1, 0xCD, 0xAF, 0x78, 0x2B, 0x2D,
    0x72, 0xD2, 0x94, 0xCB, 0x2B, 0x99, 0x4F, 0xF7, 0x5F, 0xC9, 0x1C, 0x8E, 0x71, 0xD2, 0xDD, 0xD1,
    0x14, 0x26, 0xD5, 0x42, 0x94, 0xEB, 0x9D, 0x5C, 0xF5, 0x23, 0xC3, 0x88, 0x9B, 0x88, 0xEE, 0x17,
    0x81, 0x03, 0xE4, 0x33, 0x87, 0x50, 0xBB, 0x8A, 0x9E, 0x48, 0x87, 0xA8, 0x6F, 0x5A, 0x84, 0xF5,
    0x5B, 0x87, 0x06, 0xC6, 0x56, 0xD1, 0x1C, 0xA9, 0x01, 0x79, 0x67, 0x06, 0x22, 0x79, 0xEC, 0x80,
    0x84, 0x57, 0x5F, 0xF6, 0x58, 0xE1, 0x55, 0xB8, 0xBC, 0xB1, 0xF0, 0x96, 0x16, 0x89, 0x6A, 0x3C,
    0x03, 0xC9, 0x98, 0x3A, 0xD8, 0x7B, 0x2A, 0x54, 0xFC, 0x86, 0xCF, 0x5B, 0x20, 0x1A, 0x93, 0xFD,
    0x37, 0x26, 0x0B, 0x5B, 0x83, 0x6B, 0x74, 0x0D, 0xAF, 0xF1, 0x35, 0xC0, 0x46, 0x18, 0xCD, 0x5A,
    0x3B, 0x18, 0x65, 0xC3, 0x6C, 0x9C, 0x17, 0xD0, 0x46, 0xDA, 0x50, 0xC3, 0x58, 0x1B, 0xEC, 0xE2,
    0xD9, 0x57, 0x3B, 0x03, 0x80, 0x47, 0xC5, 0x64, 0x44, 0xB9, 0xCE, 0x14, 0x2D, 0x10, 0x3B, 0x4D,
    0x74, 0xD5, 0x38, 0xEA, 0x21, 0xA6, 0xA2, 0xA1, 0x56, 0x03, 0x22, 0x6A, 0x48, 0xC5, 0x86, 0x8A,
    0x7D, 0x65, 0xEA, 0x2B, 0xF5, 0xEB, 0xA3, 0xFB, 0x3A, 0xA9, 0x06, 0xD4, 0x68, 0xE4, 0xB9, 0x46,
    0x3B, 0x6F, 0x42, 0x05, 0xB0, 0x1B, 0x05, 0xF7, 0xA2, 0x29, 0x19, 0x75, 0xB9, 0xCC, 0x15, 0xE2,
    0x1A, 0x77, 0xF8, 0x4D, 0x71, 0xCB, 0xAB, 0xC3, 0x0D, 0xE4, 0x57, 0xD4, 0x99, 0x2A, 0x58, 0x4A,
    0xF5, 0x9F, 0xE3, 0x0E, 0x10, 0xCA, 0x67, 0xA3, 0xE6, 0xF0, 0x55, 0x09, 0xA4, 0x7F, 0x1F, 0xB4,
    0xB7, 0x8F, 0xD5, 0x8B, 0x37, 0xF1, 0xE6, 0x4D, 0xBF, 0xDA, 0x97, 0xB7, 0x4F, 0x08, 0x76, 0x6F,
    0x9F, 0xC2, 0x01, 0xE9, 0x14, 0xF7, 0xC8, 0x7D, 0x56, 0xD2, 0x08, 0xFA, 0xC0, 0xAB, 0x3E, 0x3C,
    0x0F, 0x2E, 0x0E, 0x3F, 0xF3, 0x5E, 0xBD, 0xAD, 0xFD, 0xDB, 0x9C, 0x7B, 0xE6, 0xB0, 0x34, 0x5B,
    0x61, 0x63, 0xF5, 0x7B, 0xC1, 0x5C, 0x4E, 0x37, 0x15, 0x6D, 0xF3, 0xEB, 0xDE, 0xC6, 0xB4, 0x7E,
    0xBB, 0xA4, 0xD9, 0xF2, 0xFA, 0xAE, 0x9A, 0x12, 0xD0, 0xB7, 0x4B, 0xC1, 0x45, 0x78, 0x7E, 0x70,
    0xA0, 0x74, 0x99, 0xB5, 0xC0, 0x32, 0x1B, 0xE7, 0xCF, 0x9F, 0x8D, 0x8F, 0xAC, 0xC0, 0x0A, 0x36,
    0x06, 0xD5, 0x8A, 0xD4, 0xBD, 0x4B, 0x95, 0x6F, 0x8E, 0xAE, 0xBB, 0x10, 0x8B, 0xBC, 0x82, 0x8F,
    0xA4, 0x47, 0xB2, 0xDD, 0x3A, 0x54, 0x25, 0xBE, 0x65, 0xA8, 0x7D, 0x25, 0x3E, 0xD6, 0x43, 0xED,
    0xCB, 0x6E, 0xB1, 0x74, 0x95, 0xCC, 0x8D, 0xF8, 0xEC, 0x1F, 0xC8, 0x64, 0xBB, 0x95, 0x27, 0x55,
    0x8D, 0xAC, 0x0C, 0x2E, 0x11, 0x5E, 0x01, 0xD6, 0x3E, 0xC4, 0x99, 0x80, 0xA3, 0x42, 0x2E, 0x88,
    0x5F, 0xB8, 0x25, 0x82, 0x4A, 0xFA, 0x46, 0xDC, 0x2B, 0xC9, 0xCA, 0xFC, 0x09, 0xA5, 0xB6, 0x4D,
    0x3F, 0x8F, 0x48, 0x3C, 0x52, 0xD1, 0x2D, 0xF1, 0xBA, 0x8B, 0xA5, 0x89, 0x70, 0x63, 0x0E, 0xF1,
    0xD7, 0xCA, 0xD3, 0xD9, 0x83, 0x4D, 0x30, 0xF2, 0x2F, 0xDC, 0x74, 0xC2, 0xDF, 0xE8, 0x98, 0x7D,
    0x69, 0xAB, 0xDC, 0x68, 0xEB, 0x15, 0x9F, 0x55, 0xAE, 0x62, 0xE9, 0x78, 0xCD, 0x89, 0xA3, 0x41,
    0xC5, 0xC8, 0xB7, 0x8D, 0xF9, 0x44, 0x73, 0x33, 0xCF, 0x90, 0x0A, 0x57, 0xAD, 0x67, 0x43, 0xB2,
    0x0B, 0xF6, 0x95, 0xE2, 0x69, 0x98, 0xE8, 0x72, 0x3E, 0x43, 0x7B, 0x4A, 0x85, 0x7D, 0x26, 0x52,
    0xA3, 0x71, 0x76, 0xBE, 0x76, 0x59, 0x6D, 0x90, 0x59, 0x2E, 0x41, 0xC3, 0xCC, 0x96, 0x16, 0xBB,
    0xDD, 0x7C, 0xC0, 0x3E, 0x56, 0x7B, 0x76, 0xEC, 0x8C, 0x45, 0x94, 0x0C, 0x88, 0x45, 0x3C, 0xD2,
    0x39, 0x96, 0x32, 0x1F, 0x20, 0x6D, 0xE1, 0x20, 0x5D, 0xD5, 0xA3, 0xE9, 0x9B, 0x1E, 0x95, 0xFB,
    0x1F, 0xA9, 0x1C, 0xAA, 0xBE, 0x70, 0x68, 0xBA, 0x42, 0xBF, 0xCC, 0x9F, 0xB1, 0x83, 0x40, 0xBB,
    0xC2, 0xD9, 0x92, 0x84, 0x39, 0x10, 0x7B, 0xC2, 0x5A, 0x44, 0x21, 0x12, 0x23, 0x17, 0x3B, 0x06,
    0xCF, 0x50, 0x08, 0x03, 0x2A, 0x0B, 0x0F, 0xA8, 0xD1, 0x68, 0x1D, 0xED, 0x86, 0x75, 0x04, 0xFC,
    0xD3, 0x51, 0x45, 0x4A, 0x95, 0x16, 0x38, 0xF9, 0xB0, 0xB5, 0xF7, 0x6C, 0x36, 0xB6, 0x60, 0xC0,
    0xD2, 0x0E, 0x6E, 0x01, 0xD9, 0x03, 0xC9, 0xC8, 0xAC, 0xD2, 0x8E, 0xB5, 0x45, 0x5E, 0x2E, 0xF5,
    0x1B, 0x82, 0x39, 0x6F, 0x95, 0xB2, 0x8B, 0x7B, 0xEC, 0xB5, 0x63, 0xB9, 0xCC, 0x6D, 0xAE, 0x8E,
    0xBC, 0x5E, 0x5B, 0x11, 0xFB, 0x4C, 0xBA, 0xE5, 0x9F, 0x1B, 0xD5, 0x7B, 0x3D, 0x80, 0x39, 0x1A,
    0x38, 0x4D, 0xDE, 0x07, 0xF6, 0xD9, 0x13, 0xBE, 0xD1, 0x37, 0xFC, 0x20, 0x7F, 0xD0, 0x00, 0xD0,
    0x01, 0x90, 0xF9, 0xBE, 0x72, 0xEB, 0x41, 0x1F, 0x40, 0x23, 0xAC, 0x07, 0xEB, 0xCD, 0xBC, 0xA0,
    0x19, 0x4B, 0x0D, 0x8A, 0x74, 0x60, 0x08, 0xA7, 0x74, 0x04, 0xCB, 0xD0, 0x19, 0xB8, 0x45, 0x6E,
    0xD8, 0x93, 0x59, 0xEE, 0x54, 0xE3, 0x81, 0x83, 0x9D, 0xD6, 0xCF, 0x0B, 0x73, 0x51, 0xF3, 0xB5,
    0x54, 0x07, 0x9C, 0x94, 0xC1, 0x66, 0x6F, 0x88, 0xAC, 0x1F, 0xA4, 0x5B, 0xFA, 0x2E, 0x06, 0x5D,
    0xFE, 0x1A, 0xD6, 0xD8, 0x3A, 0xF9, 0x97, 0xC1, 0x32, 0xDB, 0x07, 0xD2, 0xEE, 0x2B, 0xB7, 0x1A,
    0xBA, 0x5B, 0x42, 0xF8, 0x2B, 0xEB, 0xC1, 0x7A, 0x8B, 0xD9, 0x33, 0x3E, 0x7C, 0xFA, 0xCA, 0xD9,
    0x97, 0x0C, 0xD2, 0xD3, 0x10, 0x71, 0xBB, 0x69, 0xF1, 0xF4, 0x61, 0xD4, 0x73, 0xC2, 0xCC, 0x6A,
    0xCE, 0x4B, 0xDF, 0x01, 0x00, 0xA9, 0x74, 0x27, 0xE4, 0x4D, 0xC4, 0xC7, 0x84, 0xA3, 0xBD, 0x61,
    0x9A, 0x5E, 0x65, 0x54, 0x61, 0xF9, 0xA0, 0x82, 0x09, 0xB1, 0x3F, 0x1D, 0x90, 0xCA, 0x7B, 0x1D,
    0x0A, 0x69, 0x79, 0xE7, 0xD8, 0x8D, 0x13, 0x3C, 0xC4, 0xC3, 0xC3, 0xCF, 0x55, 0xCD, 0x3D, 0x2B,
    0xBB, 0x44, 0x43, 0xD8, 0x37, 0xAB, 0x7C, 0xC9, 0x8B, 0xF5, 0x11, 0x83, 0x37, 0x23, 0x86, 0xA4,
    0x3B, 0x36, 0xF4, 0x45, 0xE7, 0xF4, 0xF0, 0x56, 0x86, 0x6A, 0x49, 0x3E, 0xF6, 0xCB, 0x5A, 0x41,
    0xEA, 0x97, 0x89, 0x03, 0x1E, 0x06, 0x17, 0x87, 0x07, 0x9E, 0x8E, 0x96, 0xD3, 0x73, 0x27, 0xA0,
    0xC4, 0x61, 0xAF, 0xDD, 0x9E, 0xAA, 0x27, 0xB8, 0xBF, 0x0F, 0x7E, 0x7D, 0xB9, 0xFF, 0x01, 0xC0,
    0xF5, 0x57, 0x47, 0x04, 0xC2, 0x39, 0x95, 0x41, 0xEA, 0x47, 0x74, 0x08, 0x42, 0x87, 0xD0, 0x80,
    0xCD, 0x42, 0x30, 0xAB, 0x41, 0x22, 0x13, 0x0D, 0x92, 0x73, 0x33, 0xA8, 0x36, 0x60, 0xBD, 0x19,
    0x34, 0x98, 0x41, 0x93, 0x19, 0x34, 0x7F, 0x43, 0x83, 0xFC, 0x4B, 0x1A, 0x34, 0xAC, 0x0C, 0x3A,
    0xB9, 0xBF, 0x3C, 0xB7, 0xE4, 0x7C, 0xDE, 0xF9, 0xDC, 0x01, 0xD5, 0x4F, 0x46, 0x80, 0xCB, 0xF6,
    0x85, 0x4A, 0xF0, 0x81, 0xC3, 0x99, 0x48, 0x07, 0x05, 0xF6, 0xCA, 0xB1, 0xF3, 0xDC, 0x40, 0x24,
    0x0C, 0x90, 0x12, 0xCA, 0x34, 0x6F, 0xC9, 0x34, 0xEE, 0x8E, 0x8F, 0x69, 0xF0, 0x3E, 0x87, 0xA3,
    0x9F, 0xAC, 0xDC, 0x69, 0x23, 0x87, 0xB4, 0x8F, 0x47, 0x44, 0xEE, 0xB5, 0x30, 0x7D, 0x41, 0x15,
    0xFF, 0xC8, 0xAA, 0x78, 0xB1, 0x2A, 0xBE, 0x61, 0x15, 0x7F, 0x24, 0x68, 0x5F, 0x50, 0xC5, 0xFF,
    0xC6, 0x01, 0x55, 0x3C, 0x22, 0x18, 0x14, 0x2D, 0x5E, 0x03, 0xDF, 0xCB, 0xB0, 0x87, 0xFA, 0xFB,
    0x58, 0x43, 0x28, 0xD2, 0x3D, 0x02, 0xA2, 0xAF, 0xA4, 0x95, 0x6D, 0xE8, 0x8A, 0x23, 0x9C, 0x07,
    0xBE, 0x57, 0xFE, 0x59, 0x67, 0xB5, 0x01, 0x10, 0x79, 0xE2, 0xF0, 0x1F, 0x79, 0x32, 0x06, 0xAE,
    0xF8, 0x7C, 0xC4, 0xC5, 0xE9, 0xBD, 0x43, 0xE3, 0x64, 0x7B, 0x64, 0x41, 0xA8, 0xC7, 0x03, 0xF0,
    0xE5, 0x57, 0xBA, 0xA5, 0x45, 0xBA, 0x13, 0x8F, 0x00, 0x9E, 0x7B, 0xD1, 0x5E, 0xC7, 0xFA, 0x56,
    0x88, 0x20, 0x17, 0xA7, 0x21, 0x13, 0x77, 0x2A, 0xBD, 0x16, 0xE4, 0x9C, 0xC4, 0x66, 0xBC, 0xAA,
    0xD0, 0xAD, 0x02, 0xC4, 0xB1, 0xD2, 0x95, 0x01, 0xD1, 0x36, 0x6C, 0x41, 0x66, 0x23, 0xB3, 0x10,
    0x47, 0xBC, 0xFA, 0x9B, 0xC8, 0x60, 0xE3, 0x47, 0xD2, 0x63, 0xD5, 0x2E, 0x57, 0x4F, 0x99, 0x08,
    0xA5, 0x5D, 0xED, 0xF1, 0x58, 0x23, 0xA5, 0x4C, 0xA8, 0xA8, 0x89, 0x94, 0xC5, 0x84, 0x48, 0xB4,
    0xF7, 0x97, 0xD7, 0x9A, 0xFA, 0x4F, 0x51, 0x15, 0x19, 0x95, 0xE8, 0xBF, 0xA4, 0x86, 0x48, 0xCA,
    0xA7, 0xD2, 0xF8, 0x0A, 0x4B, 0xCB, 0x6B, 0xD5, 0xA6, 0x53, 0x95, 0x7E, 0xA7, 0x15, 0xB3, 0x3B,
    0x59, 0x3F, 0xE1, 0x84, 0xE2, 0x56, 0x01, 0xD1, 0x33, 0xA1, 0xA8, 0x19, 0xDE, 0xC0, 0xD2, 0x8E,
    0xC0, 0x98, 0x90, 0xE3, 0xB2, 0xF1, 0x98, 0xE2, 0x83, 0x41, 0x35, 0xB4, 0x77, 0x5A, 0x84, 0x72,
    0x17, 0xAB, 0xF6, 0xFA, 0x4D, 0x0A, 0xA5, 0x7E, 0xA6, 0xD4, 0x48, 0x46, 0x7B, 0x01, 0x94, 0x76,
    0xC8, 0x3B, 0xF5, 0xAF, 0xD4, 0x8F, 0x6C, 0x4B, 0xCC, 0x5B, 0x43, 0x2F, 0xA5, 0xB1, 0x9F, 0xF1,
    0x14, 0xFE, 0xC2, 0xED, 0x00, 0xB1, 0x5B, 0xC7, 0xC5, 0x8A, 0xC5, 0x8B, 0xC5, 0x8C, 0xC5, 0x8D,
    0xC5, 0x8E, 0xC5, 0x8F, 0xF5, 0x9D, 0xF2, 0xBE, 0x59, 0x62, 0x07, 0x39, 0xE0, 0x49, 0x7B, 0x4A,
    0xFB, 0xC0, 0x03, 0x59, 0x8D, 0xAD, 0xBE, 0x05, 0x55, 0xE0, 0xA7, 0x93, 0x7A, 0x21, 0x83, 0x7A,
    0xE1, 0xEB, 0xC3, 0x7B, 0xD1, 0xF4, 0xEB, 0xFF, 0x02, 0xD2, 0x0A, 0x7A, 0xA1, 0xF9, 0xD1, 0x8B,
    0x07, 0xB8, 0x4D, 0x5E, 0xD0, 0x09, 0x88, 0xDB, 0x0D, 0x39, 0x1D, 0xB5, 0xA7, 0x70, 0x82, 0x7A,
    0x71, 0x89, 0x6B, 0xF4, 0x82, 0x04, 0xD7, 0x93, 0xD1, 0x12, 0xA1, 0x65, 0x6B, 0xCD, 0x68, 0x9E,
    0x14, 0xB5, 0x79, 0xF1, 0xC6, 0xF1, 0x7B, 0xF2, 0xE2, 0x19, 0x4B, 0xFB, 0x3B, 0xEB, 0xD4, 0x99,
    0xBB, 0xE6, 0xC9, 0x35, 0x39, 0x13, 0xF7, 0x39, 0xB4, 0xA5, 0xF3, 0x5D, 0xA3, 0x2D, 0x33, 0x1D,
    0x29, 0xB2, 0x89, 0x8E, 0xDC, 0x09, 0x87, 0xDB, 0x74, 0x97, 0x84, 0x7D, 0xC6, 0x5A, 0x29, 0xE7,
    0x77, 0x2E, 0x83, 0x09, 0x79, 0x35, 0x07, 0x1E, 0x77, 0x93, 0x09, 0x1E, 0x3F, 0xC4, 0xF9, 0xF5,
    0xB8, 0x40, 0xBA, 0xB5, 0xC5, 0xDC, 0x28, 0xDF, 0x1E, 0xEA, 0xFB, 0x35, 0x95, 0x95, 0x51, 0xB6,
    0x72, 0xAC, 0xF7, 0x79, 0x7C, 0xDD, 0x82, 0x89, 0xAA, 0x9E, 0x1C, 0xE0, 0x2E, 0x39, 0x40, 0xF1,
    0x45, 0x74, 0xBB, 0xC5, 0x27, 0x73, 0x0C, 0xD1, 0xB8, 0x7E, 0x00, 0x59, 0x37, 0x05, 0x55, 0x48,
    0x2B, 0xE2, 0x35, 0x9C, 0x49, 0x8F, 0x78, 0x46, 0x24, 0x0E, 0xD1, 0x00, 0xC8, 0x88, 0xB4, 0x07,
    0xAA, 0x19, 0x59, 0x0B, 0xE4, 0x82, 0xC2, 0x1E, 0x4A, 0x2F, 0x89, 0xF8, 0x6F, 0x13, 0xCF, 0xF7,
    0x64, 0x60, 0x3F, 0xCC, 0x44, 0xFB, 0x00, 0x7D, 0x28, 0x35, 0xA4, 0x66, 0x42, 0xF2, 0xB5, 0x03,
    0x7F, 0xA7, 0x00, 0xC6, 0x5D, 0x78, 0x73, 0xC3, 0x8E, 0x87, 0xDD, 0xA3, 0x86, 0xD5, 0xF2, 0x10,
    0x6A, 0x41, 0xFD, 0xFF, 0x72, 0x37, 0x20, 0x97, 0x4A, 0x6D, 0x9A, 0x4B, 0x19, 0xCE, 0x88, 0xB7,
    0xAA, 0x6C, 0xDB, 0xC8, 0xA9, 0xDF, 0xB1, 0x53, 0x6C, 0x49, 0x07, 0x34, 0x2E, 0x6D, 0x81, 0x62,
    0xCC, 0xEA, 0xAD, 0x4E, 0x79, 0x09, 0x64, 0x73, 0xC1, 0xB4, 0x1F, 0x30, 0xA5, 0x09, 0x40, 0x44,
    0x0D, 0xC5, 0x06, 0xE9, 0x76, 0xCC, 0x9B, 0x76, 0xA7, 0x62, 0xB3, 0x2C, 0x07, 0x32, 0xF3, 0x71,
    0xC9, 0x7E, 0x3A, 0xF0, 0xCF, 0xB4, 0xCB, 0x1F, 0x07, 0xEC, 0xA5, 0x85, 0xE3, 0x33, 0xFF, 0xC6,
    0x93, 0xD5, 0x1E, 0x8F, 0x5D, 0x3F, 0xE6, 0xAC, 0x53, 0xCC, 0x85, 0x53, 0xCC, 0xD5, 0xA0, 0x98,
    0x0B, 0xA7, 0x98, 0x73, 0xFE, 0xF8, 0xA4, 0xD4, 0x4E, 0x99, 0xAF, 0xA6, 0x64, 0xA1, 0xB7, 0xC1,
    0x3C, 0x0D, 0x2D, 0x43, 0x53, 0x32, 0x6C, 0x8E, 0xE9, 0x8E, 0x80, 0x9C, 0x53, 0xED, 0xF3, 0xA4,
    0xFA, 0x6D, 0x2A, 0xA8, 0xB1, 0x5B, 0xCF, 0xE6, 0x47, 0x70, 0x5F, 0x70, 0x8D, 0x79, 0x9B, 0xB0,
    0xC6, 0x8F, 0x18, 0x6C, 0x50, 0x1F, 0xD9, 0x4D, 0xFF, 0x28, 0xEE, 0x8F, 0x6F, 0xD6, 0x0A, 0x86,
    0xA4, 0x06, 0x62, 0xAF, 0x36, 0xA4, 0x22, 0x9A, 0xC1, 0x17, 0xA2, 0x9D, 0xDF, 0xF3, 0x3A, 0x5D,
    0xE1, 0x67, 0xC7, 0xE0, 0xCB, 0x7F, 0x01, 0xC5, 0x98, 0x3F, 0x8C, 0xDD, 0xC6, 0x76, 0xC6, 0x7F,
    0x24, 0xB5, 0x4B, 0x43, 0x4C, 0x3C, 0x29, 0xA2, 0x20, 0xB0, 0xE1, 0xB0, 0x37, 0x1C, 0xB3, 0x49,
    0xE1, 0x42, 0xD9, 0xA1, 0xEC, 0x22, 0xA5, 0x55, 0x68, 0xE3, 0xC2, 0x85, 0xFB, 0x14, 0x71, 0x0A,
    0x17, 0x29, 0x0C, 0x91, 0xB6, 0x7A, 0x60, 0xFB, 0x4A, 0x85, 0x0A, 0x5B, 0x8D, 0x55, 0xA4, 0x70,
    0x21, 0x81, 0x13, 0xBB, 0x70, 0x4B, 0x23, 0x30, 0xD2, 0x12, 0xEF, 0xC1, 0xCD, 0x7B, 0xC5, 0x9B,
    0x27, 0x13, 0xD0, 0xD8, 0x9E, 0xCB, 0xF3, 0xE6, 0xE0, 0xF2, 0x5E, 0xAD, 0xA4, 0xF5, 0x62, 0x65,
    0xC1, 0x78, 0x1F, 0x67, 0xBE, 0xF9, 0x77, 0xBE, 0x73, 0xE6, 0x2C, 0x39, 0x9A, 0xD5, 0xE2, 0xC0,
    0xC3, 0x55, 0x06, 0xE1, 0xDE, 0x55, 0x6E, 0xDF, 0xE3, 0xB6, 0xE3, 0x36, 0xBF, 0xBE, 0x5C, 0x07,
    0x1C, 0x45, 0x8F, 0x01, 0x2B, 0xFD, 0xCB, 0x45, 0x5F, 0x7C, 0xDA, 0xF3, 0x55, 0x4F, 0xFE, 0x02,
    0x25, 0x6B, 0x45, 0xDC, 0xB6, 0x58, 0x99, 0xF6, 0x05, 0xF8, 0x8F, 0xBB, 0x77, 0xEF, 0xF6, 0x83,
    0xA4, 0x85, 0xC7, 0x84, 0xC2, 0x8A, 0xF8, 0x53, 0x55, 0xE2, 0x63, 0x52, 0xA3, 0xF3, 0x5A, 0x80,
    0x85, 0xAE, 0xFD, 0x6B, 0xD6, 0xCF, 0x79, 0x9D, 0x2B, 0xC7, 0xC7, 0xD7, 0xAD, 0x48, 0xD4, 0xCA,
    0x8A, 0xD7, 0xEF, 0xDE, 0xFD, 0x4C, 0xC7, 0xA9, 0xBD, 0x03, 0x7C, 0x54, 0x04, 0x33, 0xDA, 0xB6,
    0x63, 0x70, 0x83, 0x1F, 0x66, 0xEB, 0x6B, 0x57, 0x4D, 0x4D, 0xB0, 0xB1, 0x89, 0x65, 0x2C, 0x42,
    0xE1, 0xCD, 0xD8, 0xB5, 0x6F, 0x01, 0xF5, 0x68, 0x7D, 0x37, 0xDB, 0xD9, 0xCC, 0xA5, 0xAF, 0xA6,
    0xDA, 0x0D, 0xFC, 0x0F, 0xD0, 0xB9, 0x6E, 0xB4, 0x53, 0xE3, 0x6B, 0x6F, 0x7C, 0x35, 0x17, 0x21,
    0xBB, 0x01, 0xEA, 0x95, 0x7B, 0x45, 0xA8, 0x92, 0xB6, 0xE9, 0xD5, 0x77, 0xC7, 0xC2, 0xE0, 0xA4,
    0x1D, 0xBC, 0x8C, 0xC3, 0x2C, 0xDE, 0xA6, 0xB6, 0x76, 0x4D, 0xAF, 0x7E, 0x9A, 0xD0, 0x79, 0x1B,
    0x87, 0xB9, 0x89, 0xDD, 0x5C, 0x46, 0x93, 0x7C, 0x94, 0xBE, 0x48, 0x11, 0x4C, 0xB2, 0xD0, 0x4C,
    0xDE, 0xD2, 0x38, 0x1A, 0x5F, 0x7D, 0xF9, 0x61, 0xEA, 0x54, 0x3F, 0x0F, 0xDE, 0xCC, 0x8D, 0x2F,
    0xBD, 0x99, 0x92, 0xA5, 0xAB, 0x9D, 0x6D, 0x87, 0x6C, 0x93, 0x2C, 0x27, 0x14, 0x9D, 0x1B, 0xFA,
    0x6E, 0x1C, 0x9C, 0x9D, 0x3A, 0xD7, 0x78, 0x3B, 0xD6, 0xBE, 0x99, 0x8C, 0xAF, 0x7D, 0x35, 0x1B,
    0xAF, 0xFB, 0xCA, 0x6E, 0x64, 0xD7, 0xB3, 0x05, 0x36, 0x10, 0xE9, 0x24, 0x6C, 0x0B, 0x51, 0x67,
    0xF6, 0xF3, 0xDC, 0x87, 0xFF, 0xA6, 0x88, 0x14, 0x41, 0x8B, 0x88, 0xDF, 0x96, 0xFC, 0x54, 0x7F,
    0xBB, 0x94, 0x6C, 0xF2, 0x05, 0xB3, 0x7E, 0x5A, 0xBE, 0x13, 0x2D, 0x56, 0xCB, 0x94, 0x26, 0xD3,
    0x12, 0xA4, 0x34, 0xB0, 0x2D, 0xD6, 0x63, 0x17, 0xAC, 0x8C, 0x56, 0x82, 0x1A, 0x0B, 0x76, 0xC6,
    0xF6, 0x5C, 0x85, 0xBF, 0x03, 0x68, 0xC6, 0xCE, 0x0F, 0xBE, 0xF3, 0x76, 0x3A, 0x40, 0x41, 0x3D,
    0xA5, 0xB4, 0xEC, 0x5C, 0x08, 0x36, 0x94, 0xD2, 0xDA, 0x39, 0x51, 0xE3, 0x73, 0x21, 0x6B, 0xB9,
    0x41, 0x3D, 0x56, 0x63, 0x35, 0x59, 0x6F, 0xE7, 0x26, 0x74, 0xC1, 0x46, 0x1B, 0xB7, 0xBC, 0x9D,
    0xA9, 0xD3, 0x5A, 0x35, 0xA9, 0x0F, 0x3B, 0xDB, 0x90, 0x66, 0x7C, 0x12, 0x81, 0x9E, 0xD3, 0xF5,
    0xAC, 0xBD, 0xF0, 0x39, 0x05, 0x2B, 0x3D, 0xC5, 0x7A, 0xCA, 0x5E, 0xF8, 0x84, 0x9E, 0x46, 0xDE,
    0x5F, 0xEC, 0x51, 0xDD, 0xF7, 0xC7, 0x23, 0xFA, 0x4C, 0x3C, 0x9F, 0xEE, 0xF8, 0x7D, 0x4A, 0x7D,
    0xA8, 0x9E, 0x47, 0x97, 0x6B, 0xCA, 0x1E, 0x45, 0x2D, 0x9E, 0x72, 0x42, 0x61, 0x6F, 0x45, 0x8C,
    0x43, 0xD1, 0xB1, 0xC1, 0xA2, 0x40, 0x58, 0xB8, 0x89, 0x82, 0x05, 0x21, 0xEE, 0xBB, 0x85, 0xDF,
    0x1B, 0xAC, 0x0E, 0x54, 0xB6, 0x3A, 0xC0, 0x7E, 0x1A, 0x9B, 0x96, 0x5D, 0x88, 0xD5, 0x01, 0x29,
    0x70, 0xAC, 0x36, 0x64, 0xD2, 0xEB, 0x60, 0xEE, 0xC4, 0x19, 0x99, 0x81, 0x72, 0x5A, 0x8C, 0xB7,
    0x5F, 0x45, 0xC0, 0x7C, 0x15, 0x8B, 0xD9, 0xB6, 0x0B, 0xD0, 0xBC, 0x13, 0x8A, 0x30, 0x30, 0x00,
    0x37, 0x8B, 0x7D, 0x37, 0xEE, 0xBB, 0xF9, 0x5C, 0xC4, 0xB5, 0x5B, 0x4E, 0x79, 0x92, 0xE9, 0x69,
    0xD3, 0x14, 0x76, 0xCE, 0x9A, 0x96, 0x35, 0x84, 0xA6, 0x50, 0x2D, 0x6B, 0xE0, 0xD3, 0xC8, 0x64,
    0x24, 0xDB, 0xB0, 0xA2, 0x14, 0x3D, 0x0B, 0xAC, 0x30, 0xB2, 0xA1, 0x9A, 0x59, 0x51, 0x3F, 0x14,
    0x8C, 0x67, 0x45, 0x33, 0x0A, 0x8D, 0x63, 0x85, 0x75, 0x43, 0x6B, 0xFB, 0xD3, 0x23, 0xE1, 0xD4,
    0xE8, 0xDA, 0x72, 0x7A, 0xF4, 0x4E, 0x3C, 0x35, 0x92, 0x72, 0x7E, 0xE5, 0x84, 0xC3, 0x13, 0xB2,
    0x3B, 0xEA, 0xD3, 0x78, 0x89, 0x74, 0x0B, 0x8D, 0x50, 0x3F, 0x5A, 0x9A, 0xFF, 0x13, 0x41, 0xA4,
    0x1D, 0xC4, 0x55, 0x12, 0xED, 0x37, 0x8B, 0xBC, 0x2D, 0x83, 0x13, 0x99, 0x0A, 0x99, 0x87, 0x77,
    0xE7, 0xEE, 0xEB, 0xD8, 0x7C, 0x9B, 0x72, 0xE5, 0x3F, 0xFB, 0xC4, 0xF6, 0x9B, 0x50, 0xFF, 0x6E,
    0xA3, 0xFB, 0x2D, 0xA2, 0x8E, 0x82, 0xF9, 0x21, 0x96, 0x01, 0xCA, 0x60, 0x7C, 0xF3, 0xFF, 0xBB,
    0x91, 0xF1, 0xA7, 0xD7, 0xEA, 0x71, 0x3B, 0x7A, 0xA8, 0x3A, 0xAC, 0x4B, 0xA3, 0xAF, 0xE3, 0xEA,
    0x65, 0x68, 0xAB, 0xD0, 0xDD, 0x8A, 0x56, 0x37, 0x05, 0x42, 0x21, 0x72, 0x4D, 0x44, 0xA3, 0x93,
    0xEB, 0x2B, 0x5C, 0x74, 0x67, 0x56, 0x1C, 0x45, 0x80, 0x2E, 0xD0, 0x6C, 0x30, 0x6B, 0x9E, 0x59,
    0x2A, 0x2D, 0x5C, 0xA7, 0x9E, 0x1B, 0x9F, 0x9E, 0xD1, 0x3A, 0xDB, 0xDB, 0xD6, 0x72, 0x94, 0x66,
    0xC4, 0x35, 0x5E, 0xB4, 0xB6, 0x29, 0x5F, 0xAC, 0x5B, 0xB0, 0xFD, 0x06, 0x7B, 0x2D, 0x62, 0xB3,
    0xC0, 0x51, 0x3E, 0x43, 0xE7, 0xE4, 0xED, 0x05, 0xE4, 0x13, 0x29, 0x22, 0x59, 0xA2, 0x4A, 0x5F,
    0x8B, 0x26, 0x82, 0x52, 0x33, 0x62, 0x7C, 0x3D, 0xDA, 0x9E, 0x3A, 0xF9, 0x1D, 0xC0, 0xF6, 0x1D,
    0x1B, 0x38, 0xE2, 0x41, 0x16, 0xC0, 0x8E, 0xD4, 0x1E, 0x33, 0xA3, 0xE2, 0x0D, 0x08, 0xD8, 0x96,
    0xC6, 0x51, 0x8D, 0x76, 0x1C, 0x92, 0xC8, 0x5B, 0x97, 0x96, 0xEB, 0x09, 0xFD, 0x41, 0x25, 0x13,
    0x4D, 0x40, 0xB2, 0xA8, 0x66, 0x0B, 0xC9, 0xD0, 0x92, 0x4C, 0xEB, 0x5E, 0x8D, 0x05, 0xD4, 0x3C,
    0xA9, 0x54, 0x60, 0x1D, 0x2A, 0x49, 0x4A, 0x15, 0x55, 0x1E, 0x95, 0x25, 0xB5, 0x0A, 0x55, 0xAF,
    0xD2, 0x65, 0x15, 0xC3, 0x6B, 0x80, 0x05, 0xBA, 0x1E, 0xC4, 0x91, 0x3D, 0x9A, 0x28, 0x1E, 0x7A,
    0xCA, 0x31, 0x50, 0xB9, 0xFB, 0x98, 0xFE, 0x88, 0x86, 0x86, 0xA3, 0xD4, 0x03, 0xA8, 0x54, 0xCF,
    0xD0, 0xE7, 0x82, 0xD9, 0x60, 0x03, 0x83, 0x47, 0x26, 0xC4, 0xD3, 0xCD, 0xD4, 0x91, 0x52, 0x3F,
    0xDF, 0x16, 0xEB, 0xD4, 0x3E, 0x07, 0x34, 0x40, 0xD7, 0xA2, 0xE9, 0xCE, 0x54, 0x0B, 0x85, 0xF4,
    0xFA, 0x35, 0x8B, 0x96, 0x5C, 0x5C, 0x29, 0x98, 0x48, 0xE3, 0x55, 0x71, 0x04, 0x2F, 0xB1, 0x43,
    0x46, 0x1E, 0xB9, 0x44, 0xE9, 0x8A, 0x85, 0x37, 0xA9, 0x7D, 0x72, 0x3C, 0xF4, 0x26, 0x16, 0x9B,
    0x5C, 0xDA, 0x42, 0xB2, 0x50, 0x6D, 0x40, 0x1C, 0xCD, 0x0C, 0xD6, 0x33, 0x8C, 0x60, 0x62, 0x5A,
    0x82, 0x42, 0x74, 0x09, 0xE4, 0x4F, 0x33, 0x9A, 0xAB, 0xE8, 0x7B, 0x9D, 0x8C, 0xB4, 0xDD, 0xD4,
    0xF9, 0x4A, 0xE8, 0x26, 0x3B, 0x35, 0xE2, 0xEC, 0x78, 0xB9, 0x1D, 0xC4, 0xBF, 0xD2, 0x92, 0xCB,
    0xBB, 0x11, 0xA8, 0x36, 0x85, 0x80, 0x3A, 0x14, 0x87, 0x3A, 0xB4, 0x9E, 0xE4, 0xF0, 0xBA, 0x89,
    0xBA, 0x14, 0x0B, 0xA1, 0x9E, 0xCB, 0x05, 0xE9, 0xAB, 0x31, 0x35, 0x96, 0xBC, 0x2D, 0x36, 0xFC,
    0x0D, 0xE8, 0x99, 0x00, 0xBD, 0x31, 0x12, 0x55, 0x7B, 0x2A, 0x9F, 0x20, 0xAF, 0x12, 0xA5, 0xC6,
    0x17, 0x4F, 0xD1, 0x86, 0xFA, 0x29, 0x9A, 0x8A, 0xC8, 0x81, 0xDE, 0x3B, 0x7B, 0xA4, 0xB9, 0x3C,
    0xAE, 0x9E, 0xC3, 0x1A, 0x63, 0xAB, 0xCD, 0xDA, 0xF5, 0x82, 0xC8, 0x65, 0x43, 0xB7, 0xFD, 0xC5,
    0xCA, 0x5B, 0x91, 0xD0, 0x88, 0x89, 0x48, 0xB9, 0xD6, 0x2A, 0xD5, 0x7A, 0x46, 0xF4, 0x6D, 0x49,
    0x8F, 0x2C, 0x30, 0xCC, 0x9A, 0x65, 0xAA, 0x6E, 0x5B, 0x4F, 0xC3, 0xF6, 0x20, 0x23, 0xC8, 0xB4,
    0xAD, 0x9D, 0x83, 0x03, 0xF4, 0x77, 0x9A, 0xBB, 0x27, 0x56, 0x34, 0x82, 0x92, 0x0E, 0x6F, 0xA3,
    0xF8, 0x17, 0xE0, 0x6F, 0xAF, 0x02, 0x57, 0x6B, 0xE0, 0xCB, 0x72, 0xA4, 0xF0, 0xD9, 0x72, 0x2D,
    0xC9, 0x3A, 0x0D, 0x75, 0x28, 0x27, 0xC0, 0x31, 0x50, 0x8B, 0x46, 0x15, 0xA1, 0x98, 0xF5, 0x58,
    0xF7, 0x64, 0xFE, 0x4D, 0xE0, 0x63, 0xD5, 0xFE, 0xB3, 0x5E, 0xCD, 0x2F, 0xA1, 0x29, 0x51, 0x39,
    0x48, 0xAB, 0x34, 0xC0, 0x91, 0x1A, 0x00, 0x81, 0x64, 0x0D, 0xC5, 0x04, 0x29, 0x00, 0xC6, 0x41,
    0xDD, 0x82, 0x5D, 0xF7, 0xAB, 0x39, 0x3C, 0x1A, 0xC9, 0xFF, 0xEC, 0x29, 0xC6, 0x79, 0xFD, 0x78,
    0xFF, 0x75, 0xF7, 0xF1, 0xB6, 0x00, 0x57, 0xD8, 0x61, 0xE8, 0x59, 0xD1, 0xB5, 0xCF, 0xF6, 0xEC,
    0xDA, 0x16, 0x27, 0x36, 0xBB, 0xB7, 0xED, 0x49, 0x37, 0x78, 0x14, 0xA5, 0x88, 0xCC, 0xFB, 0x5E,
    0x00, 0xC5, 0x3F, 0xC8, 0xF7, 0x2D, 0xAB, 0xA1, 0x5F, 0xC5, 0xD5, 0xCF, 0xEB, 0x22, 0xF5, 0x0F,
    0x9B, 0x9D, 0xE3, 0x6F, 0x65, 0x17, 0xCC, 0x89, 0x2A, 0xB8, 0x7C, 0xBB, 0xEC, 0x3F, 0xCA, 0x3F,
    0x03, 0x8C, 0x0A, 0xCB, 0xB8, 0xEB, 0x15, 0xAA, 0xAE, 0x9E, 0xEA, 0xE9, 0x15, 0xF1, 0x6F, 0xD3,
    0x87, 0x1C, 0xBD, 0x33, 0x7F, 0xD8, 0x0E, 0x22, 0x82, 0x4D, 0xD4, 0x9F, 0xD5, 0xC3, 0x46, 0xC0,
    0x2C, 0x40, 0xA7, 0xD4, 0x68, 0x3C, 0x19, 0x12, 0x75, 0x83, 0xA3, 0xD8, 0x58, 0x47, 0x26, 0xB5,
    0xA7, 0x8A, 0x8D, 0xA7, 0x58, 0x4C, 0xA0, 0x0C, 0x66, 0x24, 0x8B, 0xE5, 0x0C, 0xFF, 0x75, 0x19,
    0xF8, 0xC7, 0xA2, 0xA5, 0x93, 0x71, 0x5F, 0xD6, 0x04, 0x3D, 0x50, 0xE9, 0xA0, 0xEE, 0x01, 0x0B,
    0xF0, 0x00, 0xC8, 0xC2, 0x39, 0x8B, 0xC4, 0x27, 0x16, 0x8D, 0x3B, 0x7B, 0xB1, 0x9C, 0x9E, 0x58,
    0xBC, 0xA9, 0x34, 0xC8, 0xAE, 0xFC, 0x81, 0xA1, 0xFF, 0xE5, 0xB2, 0x37, 0xFB, 0xEE, 0x42, 0x66,
    0x57, 0x8E, 0xB1, 0xD2, 0x6F, 0xCB, 0xEB, 0xD2, 0x9F, 0xA3, 0xD9, 0x9B, 0x5D, 0x19, 0x2E, 0x66,
    0x76, 0xCC, 0x0E, 0xB9, 0x2C, 0x1C, 0x6E, 0xCF, 0xE5, 0xB8, 0x3B, 0x9B, 0xEB, 0xE9, 0x89, 0x9D,
    0x9E, 0xD1, 0xB6, 0x8E, 0x47, 0x6D, 0x13, 0x2F, 0x51, 0x45, 0x30, 0x91, 0xB5, 0x5D, 0x6B, 0x80,
    0x26, 0x55, 0x3B, 0xC3, 0xE0, 0x41, 0x26, 0x0A, 0x71, 0x94, 0xA9, 0x1A, 0x81, 0x7A, 0x01, 0xBB,
    0x2E, 0xDB, 0x11, 0xBA, 0x54, 0xAD, 0x83, 0xAE, 0xDF, 0x56, 0x7D, 0xD5, 0x57, 0xD0, 0xFA, 0x2C,
    0xEC, 0x6A, 0x23, 0x13, 0xC8, 0xF8, 0x6C, 0xDB, 0xAD, 0xFF, 0x26, 0x1C, 0xA0, 0xF5, 0x54, 0x36,
    0x66, 0xA3, 0xB9, 0x98, 0x8D, 0x66, 0x62, 0x36, 0x9A, 0x87, 0xD9, 0x68, 0x16, 0x46, 0x73, 0x48,
    0xCC, 0xCA, 0x46, 0x99, 0x26, 0x28, 0x0F, 0x3E, 0x71, 0x21, 0xAE, 0x8A, 0x18, 0x21, 0xB1, 0x0D,
    0x28, 0x8F, 0x54, 0x01, 0xEB, 0x94, 0xBB, 0x9E, 0x32, 0xE8, 0x4E, 0xB3, 0xEB, 0x4F, 0xED, 0x53,
    0xE7, 0x65, 0x4A, 0x71, 0x95, 0x6B, 0x65, 0xED, 0x77, 0x4E, 0x3D, 0x1C, 0x3C, 0xB6, 0xB7, 0x73,
    0x36, 0x2C, 0xAD, 0x9D, 0x1B, 0x91, 0xC9, 0xCE, 0x56, 0x24, 0x68, 0x5F, 0x36, 0x76, 0x36, 0x27,
    0x66, 0xB1, 0xF3, 0x25, 0x8A, 0xC5, 0x7A, 0x56, 0x2E, 0x97, 0x26, 0xB1, 0x89, 0xCA, 0x5D, 0x48,
    0x9C, 0xCB, 0x94, 0xB8, 0x92, 0xB6, 0xF6, 0xEA, 0x3E, 0x71, 0x1A, 0x2A, 0x8F, 0xD4, 0x13, 0x8D,
    0xE3, 0xA0, 0xD5, 0x72, 0x1A, 0x3A, 0x3F, 0x62, 0x67, 0x3A, 0xAF, 0x09, 0x75, 0xF3, 0xDA, 0x4F,
    0x42, 0x3B, 0x91, 0x3D, 0xB6, 0xD7, 0x23, 0xD9, 0xEF, 0xA9, 0xBD, 0x72, 0xFC, 0xEF, 0x02, 0x14,
    0x1B, 0xA0, 0xDA, 0x9D, 0x76, 0x95, 0xA0, 0x59, 0x81, 0xB4, 0x90, 0x0B, 0x50, 0xAA, 0x85, 0x09,
    0x1A, 0x6A, 0x6F, 0xA1, 0xEF, 0x24, 0x53, 0x8B, 0x42, 0x40, 0xFF, 0xDB, 0x09, 0x9D, 0xC8, 0xAC,
    0xB4, 0x70, 0xF3, 0x0B, 0x91, 0xF6, 0x63, 0x23, 0xE2, 0x94, 0x46, 0xA5, 0xE9, 0x5C, 0x1A, 0xF7,
    0xC6, 0x7D, 0xA2, 0x85, 0x44, 0x73, 0xA2, 0x9E, 0x17, 0xA2, 0x15, 0x6B, 0xEA, 0xBE, 0x90, 0x44,
    0x46, 0xA9, 0x16, 0xF9, 0xD4, 0xDB, 0x0B, 0x52, 0x93, 0x48, 0x65, 0x7F, 0xF4, 0xA5, 0x6A, 0x33,
    0x25, 0x0E, 0x77, 0xF7, 0x8D, 0x15, 0x99, 0x95, 0x04, 0x25, 0x77, 0xA4, 0xC9, 0x28, 0x4D, 0x4A,
    0xFE, 0x5C, 0x9A, 0x94, 0x46, 0xFB, 0x45, 0x92, 0xA9, 0xB6, 0x4D, 0x14, 0xD3, 0xC5, 0xF6, 0x79,
    0x0B, 0xD9, 0x0D, 0xA0, 0x88, 0x4F, 0x50, 0x1E, 0xE0, 0xB5, 0x3C, 0x1C, 0xF6, 0xCD, 0x4F, 0x3F,
    0xE9, 0xF1, 0x5E, 0x65, 0x2E, 0xFB, 0x40, 0x92, 0x75, 0x2D, 0x2D, 0x58, 0x71, 0x20, 0x1F, 0x78,
    0x72, 0x31, 0x81, 0x7C, 0x29, 0x03, 0xBC, 0x51, 0xF4, 0xA0, 0x38, 0x6C, 0x1B, 0x6F, 0x43, 0x7A,
    0x66, 0x33, 0xF1, 0x0C, 0xAC, 0x6F, 0x7C, 0xED, 0xCD, 0x5C, 0x85, 0x32, 0x16, 0x31, 0xDB, 0x70,
    0xE3, 0xE2, 0xD7, 0xE4, 0x6F, 0x8F, 0x8B, 0xDC, 0xEA, 0xBF, 0xC1, 0xCF, 0xEC, 0x37, 0x72, 0x0A,
    0xD4, 0x7D, 0xF9, 0x23, 0x58, 0x1A, 0x69, 0x89, 0x74, 0x49, 0x1C, 0x18, 0x64, 0x2A, 0x3C, 0x22,
    0x93, 0x71, 0xCA, 0x75, 0xAF, 0x33, 0x16, 0x5D, 0x7D, 0x00, 0x8D, 0x5C, 0x0B, 0x7A, 0x14, 0x93,
    0xC9, 0x7A, 0x79, 0xA9, 0x97, 0xEE, 0x04, 0x6C, 0x2E, 0x33, 0x3C, 0x28, 0x25, 0x92, 0x85, 0x4A,
    0x16, 0x0A, 0x6F, 0x12, 0x57, 0xA3, 0x72, 0xDD, 0xEB, 0x8C, 0x45, 0x57, 0x1F, 0x90, 0x2C, 0xB3,
    0x00, 0xDD, 0xB8, 0xF5, 0xC2, 0x81, 0xA6, 0x07, 0x99, 0xC8, 0x8F, 0x2D, 0xDC, 0xAF, 0x44, 0x64,
    0x39, 0x29, 0x43, 0x23, 0xA2, 0xF0, 0xB6, 0xCD, 0xBE, 0xD0, 0xCC, 0xEE, 0x03, 0xEF, 0xCB, 0x86,
    0xC7, 0xF8, 0x7B, 0xE0, 0xD5, 0xFD, 0xA7, 0x11, 0xA8, 0x5D, 0xD5, 0x93, 0xFB, 0x7F, 0xDA, 0x7F,
    0x1A, 0x6A, 0xF0, 0x12, 0xF9, 0x6D, 0x40, 0x63, 0x95, 0x85, 0xBF, 0x47, 0xFD, 0xF5, 0xC3, 0x88,
    0x79, 0xF4, 0x73, 0xA0, 0x10, 0x99, 0x40, 0xA4, 0x4F, 0x35, 0xF1, 0x9E, 0x34, 0xE5, 0x96, 0x5C,
    0xC4, 0x51, 0xFD, 0x2C, 0x9E, 0xFA, 0xF7, 0x3F, 0x44, 0xAA, 0x5B, 0x7E, 0x26, 0x53, 0x2F, 0x28,
    0x01, 0x37, 0xB4, 0x2B, 0x28, 0xB5, 0x50, 0x2A, 0xE9, 0x10, 0x3E, 0xE3, 0x2C, 0x64, 0x2D, 0xD0,
    0xA8, 0xD4, 0x86, 0x3D, 0xCD, 0xC0, 0xE5, 0x13, 0xCE, 0xC2, 0xF9, 0x31, 0xBE, 0x84, 0xEE, 0x7F,
    0xA5, 0x88, 0xC6, 0x23, 0xB7, 0x16, 0x13, 0xEC, 0x94, 0x49, 0x19, 0x6B, 0xDF, 0x39, 0x9D, 0xB3,
    0xA3, 0xB4, 0x65, 0xA8, 0xA7, 0xEE, 0x93, 0x85, 0x34, 0x72, 0xC9, 0x90, 0xDA, 0x75, 0xD7, 0x36,
    0xE5, 0x8C, 0xED, 0x97, 0x22, 0x98, 0x89, 0x23, 0x62, 0xE1, 0x8D, 0x5B, 0xA3, 0xEC, 0xE2, 0xAC,
    0x91, 0xD6, 0x58, 0xEB, 0xE4, 0x99, 0x39, 0x9D, 0x91, 0xDD, 0x41, 0xBB, 0xCD, 0x6F, 0xD2, 0xE4,
    0xE8, 0xFC, 0xAE, 0x99, 0x75, 0xD2, 0x6B, 0x9E, 0xBC, 0xDA, 0x73, 0x3E, 0x2E, 0xB0, 0x97, 0x2F,
    0x35, 0xD4, 0x05, 0xE3, 0x5D, 0x7E, 0xF1, 0x78, 0x17, 0xCC, 0x9D, 0xF3, 0xF6, 0x52, 0xAD, 0xB9,
    0xEF, 0xFF, 0x28, 0x56, 0x7B, 0x55, 0x9D, 0x8D, 0xB3, 0xAD, 0xBA, 0x5E, 0x59, 0xDC, 0xFA, 0xE7,
    0x0F, 0x60, 0xCB, 0x43, 0xAF, 0x7C, 0x89, 0x5F, 0xC6, 0x61, 0x0F, 0x77, 0x68, 0xBC, 0x26, 0x64,
    0x03, 0xE5, 0x9E, 0x67, 0x9D, 0xA9, 0x46, 0xB2, 0xC0, 0x39, 0xB8, 0x40, 0xF4, 0x03, 0x14, 0x79,
    0x5C, 0x1B, 0xA5, 0x90, 0xC7, 0x2C, 0x50, 0x2E, 0x79, 0xD4, 0x18, 0x92, 0xC7, 0x72, 0xDF, 0x94,
    0x1B, 0x9D, 0x84, 0x3B, 0xC9, 0xF2, 0xCE, 0x53, 0xBA, 0xB5, 0x19, 0x44, 0xE1, 0xE5, 0x89, 0x66,
    0x9D, 0x3C, 0x53, 0xC0, 0xF5, 0xD4, 0xDC, 0xD8, 0xBA, 0x5E, 0x9E, 0x8A, 0x57, 0x2D, 0xDA, 0xA0,
    0x5B, 0xCA, 0x37, 0x4F, 0xE9, 0xF6, 0xA8, 0xBD, 0x0D, 0xFA, 0xD4, 0x9E, 0x3D, 0xCC, 0xB4, 0xCE,
    0x9D, 0x7A, 0x0D, 0xD5, 0x68, 0x67, 0x9D, 0x6B, 0xE6, 0xC3, 0x5E, 0xBF, 0x3F, 0xAB, 0x7D, 0xFD,
    0xD6, 0xA8, 0x4E, 0xD6, 0x15, 0xB5, 0x7E, 0xFC, 0x0A, 0x27, 0xC8, 0xF6, 0x97, 0x5E, 0x75, 0x22,
    0xF2, 0xDE, 0x77, 0x79, 0xAF, 0x4F, 0xE1, 0x9E, 0xF3, 0xAF, 0x8D, 0xEF, 0x8F, 0xA5, 0x3E, 0x53,
    0xF5, 0x3C, 0xBA, 0x61, 0xB1, 0xB1, 0x09, 0xC6, 0x57, 0x53, 0xE1, 0x2E, 0xAA, 0x52, 0x9D, 0xEE,
    0xBA, 0x70, 0xE5, 0x68, 0x7C, 0x3D, 0xDB, 0x38, 0x2C, 0x17, 0x57, 0xE6, 0x7D, 0x35, 0xBD, 0xF1,
    0xD6, 0xBD, 0x97, 0xAF, 0x5E, 0x35, 0xBE, 0x70, 0x17, 0xD7, 0x49, 0xFF, 0x5E, 0xFF, 0x6B, 0x7E,
    0x32, 0x7F, 0x01, 0xED, 0x93, 0x31, 0x8C, 0xDC, 0x44, 0x14, 0x86, 0xBF, 0xB5, 0xC9, 0x59, 0xB0,
    0x85, 0xD3, 0x5C, 0x01, 0x05, 0x4B, 0x19, 0x24, 0xD0, 0xF4, 0x05, 0x8C, 0x43, 0x2F, 0x41, 0xB1,
    0x27, 0x24, 0xD2, 0x4B, 0x90, 0xE6, 0xFA, 0x82, 0x7D, 0x56, 0xFA, 0x22, 0x55, 0x52, 0xA4, 0xA0,
    0xA1, 0xBA, 0xF4, 0x05, 0x05, 0xE7, 0xBD, 0x8A, 0x12, 0x43, 0x24, 0x68, 0x2D, 0x21, 0xE5, 0x24,
    0x52, 0x64, 0x8A, 0x91, 0x70, 0x72, 0x33, 0xF3, 0x98, 0x91, 0xA5, 0xE4, 0x8E, 0x9C, 0x68, 0x69,
    0xD8, 0xF9, 0x7E, 0xEF, 0xCC, 0x9B, 0x7F, 0xDE, 0xAE, 0x9F, 0x9F, 0x2B, 0xED, 0x5B, 0xF5, 0xF6,
    0x5E, 0x10, 0xE2, 0x40, 0x52, 0x34, 0x93, 0x27, 0x79, 0x99, 0x83, 0x79, 0x2B, 0x1B, 0x3E, 0x66,
    0x40, 0x80, 0x0F, 0x91, 0x6B, 0xC6, 0x21, 0x6C, 0x1C, 0x48, 0xD6, 0x73, 0x47, 0xFD, 0xB3, 0xA3,
    0x6D, 0x1D, 0x1F, 0x65, 0x89, 0xEA, 0x3E, 0xAB, 0x23, 0xCF, 0x29, 0x1A, 0x5E, 0x80, 0x26, 0x00,
    0xAB, 0x53, 0xE1, 0xE4, 0xBE, 0x85, 0x4F, 0x41, 0xB4, 0x13, 0x9D, 0xDE, 0x3D, 0xF6, 0x34, 0x33,
    0xF5, 0xDC, 0x35, 0xF3, 0x0F, 0xC7, 0x6E, 0xD0, 0x29, 0xC7, 0x57, 0x5F, 0xC0, 0x6A, 0xCB, 0x10,
    0x6A, 0x0D, 0x6D, 0xDA, 0x6E, 0x26, 0xEC, 0x1E, 0xFB, 0x9D, 0xB3, 0x1A, 0xE4, 0x69, 0xB2, 0x9D,
    0x16, 0x7A, 0x35, 0x4F, 0x53, 0xAB, 0xA1, 0x52, 0xC7, 0xE1, 0x92, 0x5F, 0x17, 0x20, 0x52, 0x05,
    0x6A, 0xCF, 0xDA, 0xD1, 0x4E, 0x98, 0x7C, 0xB8, 0x67, 0x00, 0xA5, 0x8A, 0xD4, 0x01, 0x80, 0x23,
    0x1A, 0x75, 0x1B, 0x0D, 0xE6, 0xD7, 0x68, 0xFA, 0x68, 0xCE, 0xCA, 0x7D, 0xD7, 0x3A, 0xB5, 0x3A,
    0xDB, 0xDF, 0x97, 0x9F, 0x18, 0xEC, 0x2F, 0xC9, 0x68, 0x58, 0xAB, 0xE3, 0x68, 0xF1, 0x8F, 0x9B,
    0xBC, 0x7B, 0x1E, 0x6C, 0x9F, 0x24, 0xEF, 0xF6, 0x6A, 0x7F, 0x53, 0xA3, 0xDA, 0x84, 0x04, 0x25,
    0xEF, 0xDB, 0xC7, 0x73, 0xAB, 0xAE, 0xD5, 0xFE, 0xC6, 0x96, 0x95, 0x63, 0xE5, 0x17, 0x50, 0x75,
    0x99, 0x65, 0xBE, 0x00, 0x2C, 0xC1, 0x57, 0x93, 0xC3, 0xA3, 0xEE, 0x72, 0x10, 0x9A, 0xA9, 0xDD,
    0x9B, 0xCE, 0xB2, 0xE3, 0xC7, 0x3C, 0xC2, 0x32, 0x88, 0x79, 0xBE, 0xC3, 0x62, 0xBA, 0x76, 0xBF,
    0x1E, 0x4B, 0x9D, 0xCA, 0x6A, 0xD3, 0x97, 0x55, 0x33, 0xD5, 0xEE, 0xF5, 0x68, 0xA6, 0xF5, 0xD8,
    0xEE, 0x4B, 0x8E, 0x1D, 0x5B, 0x6E, 0xBD, 0x77, 0xFF, 0x5B, 0x9D, 0xE5, 0x22, 0x48, 0x1F, 0x85,
    0x24, 0x9C, 0xFE, 0x83, 0x43, 0xB6, 0x1C, 0xB2, 0x14, 0xC0, 0x68, 0xB0, 0x4F, 0x92, 0x3D, 0x4B,
    0xB2, 0xD7, 0x05, 0x9B, 0x39, 0xD3, 0x1C, 0xDC, 0x68, 0xC8, 0x86, 0x6C, 0x5B, 0x4A, 0xCE, 0x40,
    0xAD, 0x6C, 0x94, 0x41, 0x91, 0x81, 0x5B, 0x02, 0x99, 0xE1, 0x1A, 0x96, 0x92, 0xAF, 0x4B, 0x0B,
    0x78, 0xF3, 0x3C, 0xBC, 0x53, 0x07, 0x32, 0xCD, 0x4C, 0xEB, 0xB0, 0x23, 0xDA, 0xD5, 0x91, 0xD6,
    0x63, 0x35, 0x2E, 0x5C, 0xF2, 0xCF, 0x9B, 0x47, 0xE1, 0xAD, 0x55, 0xA0, 0x0A, 0xDC, 0xF1, 0x95,
    0xEE, 0x2B, 0xF5, 0x1C, 0x44, 0x48, 0x37, 0x49, 0xF6, 0x71, 0x36, 0x07, 0xA3, 0x53, 0x36, 0x03,
    0x94, 0x1C, 0x98, 0x2C, 0xC9, 0x52, 0x4F, 0xF5, 0x97, 0xA7, 0x39, 0xF7, 0xB4, 0x3F, 0x79, 0x4C,
    0xE3, 0x91, 0x3B, 0x2F, 0x18, 0x54, 0xBB, 0xA2, 0xBB, 0x8F, 0x5F, 0x42, 0xE3, 0x17, 0xC1, 0xFF,
    0x2D, 0xFA, 0xDF, 0xB6, 0xE8, 0x6A, 0x18, 0xD7, 0x3A, 0xD7, 0x0F, 0x02, 0x44, 0xBE, 0x8A, 0xAD,
    0x46, 0x3B, 0x46, 0xDB, 0x45, 0x7B, 0xBB, 0xF4, 0x43, 0x9B, 0x3E, 0xC9, 0xA9, 0xAA, 0xD4, 0x6D,
    0x74, 0xB2, 0x0F, 0xFD, 0xE9, 0x6A, 0x4E, 0x27, 0x41, 0x35, 0xA4, 0x93, 0xEF, 0x13, 0x48, 0x77,
    0xD3, 0xAA, 0x5F, 0xCA, 0x50, 0x3C, 0xEA, 0xEC, 0xC3, 0x79, 0x58, 0x85, 0x48, 0x5C, 0x38, 0x25,
    0xCA, 0x67, 0xC1, 0x14, 0xCF, 0xC8, 0x96, 0xBB, 0x9C, 0x60, 0xCF, 0x22, 0xED, 0x93, 0x99, 0xE6,
    0xC2, 0x51, 0xE9, 0x1E, 0xB4, 0xA7, 0x7C, 0x97, 0xE6, 0x6E, 0xFF, 0xF0, 0xE4, 0x7A, 0x23, 0x0C,
    0x00, 0x1C, 0x68, 0xCE, 0xE9, 0xDF, 0xFF, 0x32, 0x40, 0x82, 0xC1, 0xAA, 0x16, 0x38, 0x35, 0x7D,
    0x7C, 0xF5, 0x3A, 0x08, 0x97, 0x30, 0xA3, 0x68, 0x90, 0xF3, 0x28, 0xDD, 0xF5, 0xAF, 0x1B, 0x20,
    0x6F, 0xE8, 0x04, 0xA9, 0x02, 0xB2, 0x76, 0x88, 0xD9, 0x23, 0x03, 0x88, 0x16, 0xF5, 0xC8, 0xE7,
    0x23, 0xD2, 0xF8, 0x65, 0x1F, 0x05, 0x40, 0xAE, 0x7E, 0xF8, 0xDA, 0x8C, 0x43, 0xBF, 0xD3, 0x0B,
    0x75, 0xF2, 0x4C, 0x1F, 0x79, 0xB9, 0x9D, 0xEA, 0x59, 0x88, 0x55, 0xBE, 0x84, 0x7F, 0xB9, 0x00,
    0xE4, 0xB3, 0xD3, 0xEE, 0xF5, 0xFF, 0x3D, 0x7D, 0x13, 0xE0, 0x1B, 0x33, 0xEE, 0xD4, 0xCB, 0xB3,
    0x70, 0xF5, 0x9E, 0x92, 0xDC, 0x0B, 0xA2, 0xB3, 0x0C, 0x93, 0xDC, 0xB8, 0x52, 0x83, 0x03, 0xED,
    0xCB, 0xB3, 0x7A, 0xB0, 0xB7, 0x1D, 0x66, 0x66, 0xAD, 0x3D, 0xC3, 0xC4, 0xDA, 0x7D, 0xD0, 0x38,
    0x9B, 0xE3, 0xDA, 0xAF, 0xB6, 0x00, 0xF5, 0x48, 0x33, 0xB2, 0x79, 0xD9, 0x89, 0xF6, 0xC7, 0x7F,
    0x76, 0xED, 0xC8, 0x15, 0xA6, 0x72, 0xB0, 0xD6, 0x9E, 0x2D, 0x7F, 0x03, 0x9D, 0xD7, 0x01, 0xA4,
    0x25, 0xD7, 0xFD, 0x07, 0xF0, 0xEF, 0xDC, 0xF9, 0xDB, 0x21, 0xC3, 0xFF, 0x04, 0x09, 0x22, 0x64,
    0xFE, 0x80, 0xE4, 0x5F, 0xCD, 0x14, 0xA0, 0x64, 0xDF, 0x19, 0x2D, 0x0A, 0xF0, 0xB0, 0x2B, 0x28,
    0x0A, 0x8A, 0xA4, 0x34, 0x01, 0x6C, 0x2B, 0xC9, 0xDC, 0x08, 0x8A, 0xC2, 0x82, 0x02, 0x74, 0x11,
    0xD4, 0x0B, 0x92, 0x12, 0x2C, 0xB6, 0x39, 0x67, 0xB7, 0x08, 0xC0, 0x6C, 0x2B, 0x0D, 0x20, 0x47,
    0x2C, 0x48, 0xF1, 0x4E, 0x93, 0x49, 0x76, 0xDE, 0xEE, 0xB9, 0xF3, 0xED, 0xEF, 0x77, 0xCE, 0x7D,
    0xFB, 0x5E, 0xDE, 0xA6, 0x4A, 0x86, 0xF3, 0xF9, 0xCE, 0x3D, 0xBF, 0x33, 0x67, 0xC6, 0xB9, 0xB3,
    0xF7, 0xEC, 0x43, 0x3E, 0x7A, 0x6E, 0x51, 0x91, 0x13, 0x1A, 0xD2, 0xC3, 0x90, 0x5B, 0xF4, 0xA9,
    0x1A, 0x60, 0x23, 0x00, 0x1B, 0x94, 0xE9, 0xFF, 0x8F, 0x6E, 0x8C, 0xD3, 0xC8, 0x39, 0x63, 0x33,
    0x61, 0xF4, 0x32, 0x44, 0xE8, 0x56, 0xF7, 0xC9, 0xA1, 0x21, 0x19, 0x6B, 0x05, 0x4E, 0xA9, 0xA4,
    0x0F, 0x90, 0xEA, 0x29, 0x8C, 0xCA, 0x7C, 0x1E, 0xF3, 0x33, 0x2F, 0xB4, 0x5B, 0xA0, 0x33, 0x83,
    0xF6, 0x01, 0x2D, 0xE9, 0x31, 0x92, 0xA1, 0x62, 0x1A, 0x63, 0xCD, 0x9B, 0x36, 0xB4, 0xE9, 0x43,
    0xEB, 0x4D, 0x8A, 0x6F, 0xA0, 0x9B, 0xE3, 0x4D, 0xF4, 0x5F, 0xC7, 0x19, 0xF6, 0xCB, 0x10, 0x61,
    0xBF, 0xBA, 0xAB, 0xDC, 0x09, 0xB0, 0xF7, 0xEF, 0x4C, 0xB0, 0x0F, 0xDF, 0xF1, 0xB0, 0xFC, 0xA9,
    0xD2, 0x28, 0x32, 0x71, 0xBF, 0xCA, 0xC4, 0x1D, 0x0D, 0x60, 0x78, 0x7C, 0x69, 0x6A, 0x48, 0x4E,
    0x1B, 0x61, 0x0B, 0x72, 0x07, 0x21, 0x00, 0xF1, 0x16, 0x50, 0xC5, 0x9B, 0x42, 0x98, 0x85, 0xE1,
    0x10, 0xFB, 0xE3, 0x12, 0x4F, 0x00, 0x4B, 0xFA, 0x8A, 0x42, 0x2D, 0x0C, 0x86, 0xDB, 0x67, 0xD1,
    0xED, 0x00, 0xD8, 0x45, 0x89, 0xC2, 0x18, 0x04, 0x37, 0xBD, 0xF0, 0xC4, 0xD6, 0x4D, 0xA3, 0xF5,
    0xF4, 0xA3, 0x53, 0xE8, 0x39, 0x8D, 0x27, 0x83, 0xF4, 0x05, 0x38, 0x5D, 0xAB, 0x31, 0x0A, 0x36,
    0x93, 0xCA, 0xAA, 0xDD, 0x96, 0xF9, 0xC8, 0x6D, 0xAD, 0x20, 0xD3, 0x71, 0x05, 0xF0, 0x34, 0xD0,
    0x93, 0xDC, 0x65, 0x2A, 0x05, 0x8C, 0x78, 0x53, 0xB9, 0xAC, 0xFC, 0x50, 0x41, 0xC6, 0x92, 0x9C,
    0x14, 0x5F, 0xFA, 0xFE, 0x7B, 0xE1, 0x8C, 0x8A, 0x73, 0xBE, 0xD1, 0xB6, 0x80, 0xCD, 0xFE, 0xF3,
    0x00, 0x92, 0x61, 0x53, 0xBE, 0xD0, 0xD0, 0x2C, 0xB5, 0x14, 0x53, 0x2D, 0xDD, 0x7F, 0x1A, 0xC9,
    0x05, 0x67, 0x80, 0x13, 0x00, 0x17, 0xF6, 0x2B, 0x71, 0xB1, 0x6A, 0x3C, 0x80, 0x17, 0x81, 0x5C,
    0x49, 0x15, 0x85, 0x46, 0x69, 0x85, 0x45, 0x99, 0x71, 0xEE, 0x30, 0xBE, 0x64, 0xBF, 0x2D, 0x69,
    0xB3, 0xCF, 0x0C, 0xEE, 0x15, 0xC0, 0xFD, 0x8E, 0x0B, 0x19, 0xE0, 0x3E, 0x23, 0xC9, 0x04, 0xA7,
    0xC1, 0x9D, 0xE4, 0xFB, 0x5C, 0x5F, 0x23, 0xDC, 0x52, 0x33, 0xB6, 0x92, 0xB1, 0xE2, 0x54, 0x4B,
    0x86, 0x8A, 0x3E, 0x27, 0x4A, 0x4E, 0xA7, 0x59, 0xED, 0x73, 0xB3, 0xCF, 0x7A, 0x9F, 0xED, 0x3E,
    0xCD, 0x3E, 0xFB, 0x7D, 0xDA, 0x7D, 0xBA, 0x7D, 0xAE, 0x39, 0x51, 0x25, 0xE4, 0xA3, 0x9E, 0x4B,
    0x36, 0xB1, 0xE4, 0x13, 0xD7, 0x73, 0x74, 0x8C, 0x0D, 0x63, 0xC7, 0xA5, 0xCE, 0x2F, 0x32, 0x0E,
    0x00, 0xAE, 0x59, 0xAA, 0x0F, 0x39, 0x88, 0x0F, 0xE8, 0x0F, 0x30, 0x92, 0xE4, 0x52, 0xC4, 0x62,
    0xE3, 0x01, 0xC4, 0x45, 0xED, 0x93, 0x6A, 0xD2, 0xC5, 0x31, 0x35, 0x3F, 0x92, 0xFE, 0x8A, 0xAB,
    0x88, 0xE2, 0x98, 0xB5, 0xD9, 0x7E, 0x85, 0xE1, 0xD6, 0xAC, 0xE8, 0xE8, 0xDB, 0x15, 0x8E, 0x13,
    0x00, 0x89, 0x59, 0xC3, 0x30, 0xE5, 0xB8, 0xBB, 0xE6, 0x98, 0x56, 0x0C, 0x1A, 0xAE, 0xF6, 0xE7,
    0xC3, 0xA4, 0x36, 0x4A, 0x8C, 0xC9, 0x4A, 0x70, 0x4C, 0x7F, 0x79, 0x5D, 0x2E, 0xE8, 0xFC, 0xAD,
    0x1F, 0x19, 0xA6, 0xCE, 0xA7, 0x27, 0x0D, 0x97, 0xCE, 0x13, 0x86, 0x53, 0xE7, 0x9D, 0x37, 0x13,
    0x3A, 0x3F, 0xC6, 0x1C, 0xFD, 0x9C, 0xA3, 0x5D, 0x72, 0x6C, 0x52, 0x8E, 0xC3, 0x12, 0x1F, 0xA4,
    0x2E, 0xC0, 0x9C, 0xFC, 0x79, 0x71, 0x3B, 0x98, 0xDD, 0x18, 0x25, 0x9A, 0x65, 0xDC, 0x8E, 0xBC,
    0x51, 0x1E, 0x90, 0xFB, 0xF0, 0x25, 0x82, 0xC6, 0x27, 0x8C, 0x1A, 0xDE, 0x46, 0xBC, 0x32, 0x38,
    0x9D, 0x9E, 0x8B, 0xF3, 0xDD, 0x6C, 0x99, 0xE4, 0x53, 0x74, 0x5C, 0xB4, 0xC6, 0xDB, 0x1F, 0xBA,
    0xBB, 0x0C, 0x1C, 0xF2, 0xE5, 0xF4, 0x1A, 0xE0, 0x2C, 0x91, 0x30, 0x52, 0x62, 0x87, 0x8E, 0xC1,
    0xFD, 0x95, 0xA8, 0xE5, 0x82, 0x3B, 0x1C, 0x30, 0x26, 0xA7, 0xE3, 0xCC, 0x2E, 0x47, 0x2D, 0x31,
    0x86, 0x41, 0xC3, 0xC6, 0x93, 0x67, 0x75, 0xEA, 0x85, 0x94, 0x30, 0x89, 0x8C, 0x4E, 0x96, 0xD1,
    0x31, 0xBF, 0x94, 0xD5, 0x21, 0x2C, 0x3D, 0x1B, 0x4A, 0xBC, 0xAD, 0xD1, 0xEC, 0x2A, 0x62, 0x96,
    0xD8, 0x70, 0x98, 0x65, 0x9E, 0x9A, 0xDB, 0x88, 0x7A, 0xAD, 0xE9, 0x35, 0x1A, 0xDE, 0x8E, 0xE5,
    0xCB, 0xE3, 0xB0, 0x8F, 0x0D, 0x8D, 0xFD, 0x3C, 0xA0, 0x3A, 0x8D, 0xAE, 0xFF, 0x72, 0xCA, 0xF1,
    0xD5, 0x74, 0x61, 0x24, 0x78, 0xCB, 0x3C, 0xF4, 0x00, 0x93, 0xA1, 0x84, 0x5B, 0xDA, 0x1C, 0x73,
    0xC3, 0xAD, 0x44, 0xAC, 0x35, 0xC6, 0xB3, 0x18, 0x00, 0x1B, 0x36, 0x12, 0x96, 0xBC, 0x8E, 0x2E,
    0x48, 0xAC, 0xE8, 0xA3, 0x04, 0x7D, 0x89, 0x20, 0xE1, 0x65, 0x6C, 0x8E, 0x6E, 0xD6, 0x38, 0x32,
    0x8B, 0xC4, 0x6D, 0xB6, 0x29, 0x47, 0xF3, 0xFD, 0x23, 0xE4, 0xB0, 0x1A, 0xC0, 0x38, 0xE5, 0xA0,
    0x97, 0x38, 0x7A, 0x9F, 0x5B, 0x09, 0x92, 0xC8, 0xB1, 0x94, 0xD8, 0x2F, 0xA7, 0x70, 0xC9, 0x05,
    0xB1, 0xA5, 0xDA, 0x64, 0xC1, 0x49, 0x21, 0x1F, 0x09, 0x37, 0x69, 0x91, 0xA2, 0x53, 0x6B, 0xAA,
    0xED, 0xBA, 0x11, 0xBB, 0x05, 0xA2, 0x8D, 0x45, 0x1D, 0x39, 0x16, 0x43, 0x36, 0x9E, 0x69, 0x8B,
    0x09, 0x2E, 0xA0, 0xE7, 0x1F, 0xB8, 0xC0, 0x90, 0x8E, 0xA8, 0x99, 0xEC, 0x89, 0x3E, 0xF5, 0x8B,
    0x03, 0xFE, 0xD3, 0x61, 0x49, 0xB2, 0x78, 0xBA, 0x31, 0x60, 0x24, 0x3D, 0x36, 0x24, 0x03, 0x5A,
    0x0E, 0x63, 0xD0, 0x47, 0x69, 0xBC, 0xDE, 0x46, 0x8B, 0x51, 0x21, 0x39, 0xEC, 0x05, 0x03, 0x70,
    0xD1, 0x8B, 0x63, 0xDC, 0xD9, 0xB5, 0xB0, 0x33, 0xAA, 0x01, 0x7D, 0x82, 0x99, 0x60, 0xF2, 0xFC,
    0x35, 0xA9, 0x97, 0xB8, 0xBC, 0x7C, 0x97, 0x74, 0x29, 0xC9, 0x86, 0x51, 0xAC, 0x19, 0x2B, 0x29,
    0xBD, 0x95, 0xD7, 0x2E, 0xA9, 0x9B, 0x59, 0x6D, 0x82, 0x6A, 0xBC, 0xDA, 0x0F, 0xAA, 0x0C, 0x11,
    0x53, 0xB9, 0x2F, 0x87, 0x22, 0xF8, 0xA9, 0x00, 0xFE, 0x9D, 0x5E, 0xBC, 0xCB, 0x49, 0x9C, 0x18,
    0xD5, 0x71, 0x56, 0x6D, 0x52, 0xBB, 0x9D, 0x6A, 0x88, 0x8A, 0xA1, 0xE1, 0x36, 0xDF, 0x37, 0x89,
    0xBA, 0x55, 0x93, 0x9C, 0x2F, 0xF0, 0xF4, 0xCB, 0xBC, 0x7A, 0x88, 0x9A, 0x80, 0xF0, 0x9C, 0xE2,
    0x94, 0xA4, 0x04, 0x65, 0x00, 0x5A, 0xAD, 0x5A, 0xA9, 0x6E, 0x48, 0xA2, 0xBE, 0xAF, 0xD5, 0x77,
    0x4A, 0x15, 0xFB, 0xEA, 0x28, 0x6C, 0xA8, 0xDC, 0x27, 0xA4, 0xAA, 0xD4, 0x8F, 0x38, 0xDB, 0xAB,
    0x79, 0xFD, 0xF4, 0x9B, 0xDA, 0x95, 0x93, 0xD3, 0xD7, 0xAC, 0x23, 0xCB, 0x7A, 0xFF, 0xEF, 0x90,
    0x77, 0xB8, 0x52, 0x4D, 0x39, 0xC6, 0xC9, 0x94, 0x13, 0xE7, 0xDB, 0x72, 0x19, 0x7D, 0xB3, 0x96,
    0x93, 0x6D, 0x9D, 0x4F, 0x2A, 0x0E, 0xE5, 0x4E, 0x1B, 0x0E, 0xA5, 0xA7, 0x26, 0x64, 0xCC, 0xD3,
    0xF9, 0xA4, 0xDD, 0xE9, 0x9C, 0xD2, 0x6F, 0x92, 0xE1, 0x8A, 0x66, 0x87, 0x2E, 0xD9, 0x87, 0xD2,
    0x9F, 0x60, 0x97, 0xD1, 0xBB, 0xC1, 0x24, 0xB8, 0xC8, 0xC1, 0x6E, 0x4D, 0xDA, 0x70, 0x22, 0xE4,
    0x64, 0xE9, 0xF9, 0x36, 0x31, 0x0E, 0x1D, 0xC9, 0x0D, 0x41, 0xF4, 0xE4, 0x52, 0xF3, 0x9F, 0x2B,
    0x2C, 0x39, 0xD5, 0x64, 0x82, 0xE5, 0x3D, 0x99, 0xB4, 0x3C, 0x36, 0x9A, 0xF4, 0x54, 0x4E, 0xB4,
    0x4B, 0x49, 0x98, 0xF9, 0xF4, 0x24, 0x5E, 0x3C, 0xE9, 0x42, 0x49, 0xF4, 0xA7, 0x27, 0x76, 0x52,
    0xF7, 0x9D, 0xAB, 0x40, 0x7A, 0xD4, 0x64, 0x40, 0x43, 0x17, 0xD1, 0xEE, 0x4C, 0xD4, 0xA7, 0x9F,
    0x0B, 0x6D, 0x32, 0xDA, 0xD7, 0x45, 0xA9, 0xF6, 0x11, 0x35, 0xC7, 0x09, 0x95, 0x5E, 0x81, 0xF2,
    0x86, 0x72, 0xBF, 0x78, 0xAF, 0x77, 0xC2, 0xDC, 0xAD, 0xA8, 0x92, 0xA5, 0xFE, 0x84, 0x72, 0xDB,
    0x72, 0xA5, 0x37, 0x5C, 0x38, 0xF5, 0x9F, 0xC5, 0x31, 0xD8, 0x76, 0xB2, 0xF1, 0xA3, 0xDA, 0xDB,
    0x88, 0x0A, 0xFD, 0x0C, 0xA0, 0x7B, 0x84, 0x15, 0x0C, 0xA3, 0x12, 0x14, 0x2F, 0x9C, 0xC0, 0x91,
    0xF7, 0x80, 0x91, 0x5C, 0x81, 0x9A, 0xE5, 0x9F, 0xD7, 0xDB, 0x9C, 0xC4, 0xED, 0x18, 0x41, 0x6A,
    0x57, 0x51, 0x7A, 0x64, 0x9E, 0x73, 0x5E, 0xA8, 0x96, 0xAB, 0x48, 0x9F, 0x85, 0x7A, 0x4F, 0xDD,
    0xE2, 0xBB, 0xAC, 0xE9, 0xC5, 0x91, 0x3B, 0xD1, 0x71, 0x2D, 0xEB, 0xF8, 0x2D, 0x2A, 0xB7, 0x0E,
    0xE8, 0xC8, 0x20, 0x75, 0xCE, 0x1B, 0xFE, 0xB1, 0x9B, 0x9B, 0xB5, 0xAB, 0xA3, 0x49, 0x1D, 0x86,
    0x6E, 0xE9, 0x80, 0x7E, 0x16, 0xEC, 0x63, 0x5C, 0xBD, 0x22, 0x70, 0xA7, 0xCC, 0x76, 0xE9, 0xC6,
    0x90, 0xE9, 0x93, 0xD0, 0xED, 0x04, 0x43, 0xA1, 0xE1, 0xF1, 0xB8, 0x54, 0x64, 0xDE, 0xAF, 0x18,
    0xF6, 0xBF, 0x2F, 0x1D, 0x1E, 0x87, 0x41, 0xA8, 0x18, 0xC5, 0xF2, 0x2E, 0xD7, 0x5C, 0xC4, 0x86,
    0x49, 0x6C, 0x1F, 0xEE, 0x44, 0xF3, 0xCD, 0x2A, 0x76, 0xFF, 0xA2, 0x68, 0x63, 0xD9, 0x14, 0xC9,
    0xA9, 0xF8, 0x2A, 0xBF, 0x70, 0x0F, 0xB6, 0xE0, 0xD6, 0x06, 0x7D, 0xB1, 0xFB, 0xF8, 0xAD, 0xEA,
    0xCF, 0xD7, 0xAB, 0xBF, 0x58, 0xF5, 0x8D, 0x6D, 0x76, 0x10, 0x6B, 0xA2, 0x9B, 0x55, 0x1B, 0x75,
    0xB0, 0x08, 0xFA, 0x31, 0xA8, 0xF4, 0xE5, 0x47, 0x59, 0x8F, 0xD7, 0x38, 0xA1, 0x25, 0x93, 0x42,
    0xD4, 0xC2, 0xB6, 0xFE, 0x7A, 0xA3, 0x23, 0xA0, 0x94, 0x71, 0xF4, 0xAF, 0x1E, 0x1D, 0xF1, 0x9E,
    0x23, 0xB9, 0x64, 0xD0, 0x33, 0x01, 0xE4, 0x84, 0x5F, 0x91, 0x47, 0xEF, 0x9E, 0x15, 0x4C, 0x02,
    0xD0, 0x2D, 0x82, 0x49, 0xCA, 0x8A, 0xC6, 0xEB, 0xCC, 0xBE, 0x56, 0x2A, 0x05, 0x7D, 0xFE, 0xAA,
    0xAE, 0x4A, 0x43, 0x1D, 0xA4, 0x79, 0xC8, 0x20, 0x5C, 0xE2, 0x04, 0xC7, 0x54, 0x93, 0x6B, 0xBB,
    0xEB, 0xD7, 0x2E, 0xDA, 0x5D, 0x1F, 0x5E, 0xBA, 0x69, 0xC3, 0x2D, 0xD8, 0x30, 0x4B, 0x8B, 0xD0,
    0x5D, 0xD7, 0xCA, 0x5E, 0x6B, 0xF3, 0x24, 0xFE, 0x19, 0x43, 0xAE, 0x0D, 0xA9, 0x8B, 0x2F, 0x9D,
    0x3B, 0xE0, 0x25, 0x00, 0x6F, 0x48, 0xBB, 0x89, 0xD3, 0x63, 0x44, 0xEF, 0x01, 0x07, 0x2B, 0x12,
    0xA3, 0xD7, 0xA5, 0x70, 0x1E, 0x2D, 0x49, 0x46, 0x7B, 0xCE, 0x1F, 0xF0, 0x88, 0x5F, 0xDC, 0xA8,
    0x09, 0x7A, 0x7C, 0x7F, 0x1F, 0x44, 0xD1, 0x51, 0xB5, 0xD9, 0xB2, 0x35, 0xE2, 0x8A, 0x02, 0x9C,
    0xBE, 0x8B, 0xD2, 0xCD, 0x05, 0xB0, 0xD9, 0x91, 0x8C, 0x00, 0x63, 0x13, 0xCA, 0x92, 0x5F, 0x30,
    0xAA, 0x6E, 0x55, 0x2D, 0x83, 0x68, 0xB8, 0x13, 0x37, 0xCC, 0xF5, 0xF1, 0xDC, 0xDB, 0x84, 0x31,
    0x3D, 0xF1, 0x93, 0x77, 0x5F, 0x35, 0xC9, 0x1E, 0xAF, 0xFC, 0x38, 0xFD, 0x76, 0x37, 0xFE, 0xFE,
    0xE3, 0xF4, 0xE3, 0xB9, 0xAF, 0x3F, 0x5D, 0x7A, 0xF1, 0x78, 0x6E, 0xE9, 0x1A, 0x86, 0x8A, 0x24,
    0xB7, 0x78, 0x90, 0x6F, 0x3E, 0xF7, 0x2F, 0x4F, 0x6A, 0x2D, 0xDE, 0x78, 0x66, 0xB3, 0x85, 0xFD,
    0xAE, 0xBD, 0xE0, 0xEA, 0x55, 0xD9, 0x0B, 0x1E, 0x1D, 0x17, 0xAA, 0x19, 0xD4, 0x04, 0xBE, 0x3F,
    0x65, 0xD2, 0xB8, 0x47, 0xBE, 0x88, 0xFD, 0x1F, 0x26, 0xFD, 0x7C, 0xAE, 0x90, 0x3F, 0x22, 0x6F,
    0xD1, 0x15, 0x27, 0x29, 0xAC, 0x10, 0x4E, 0x14, 0x7A, 0xED, 0x0B, 0xD8, 0x6F, 0xC2, 0xA3, 0x62,
    0x67, 0x65, 0x51, 0x92, 0xD0, 0x2B, 0x1D, 0x07, 0xC0, 0x70, 0x02, 0x36, 0x9C, 0x5C, 0x9E, 0x40,
    0x69, 0x4A, 0x8F, 0xCF, 0x7C, 0x20, 0x7C, 0x1C, 0x05, 0x4E, 0xC2, 0x0E, 0x42, 0x00, 0x5A, 0xFA,
    0xFF, 0xC3, 0xC8, 0x3B, 0x11, 0xE4, 0x71, 0xC0, 0xDF, 0xB8, 0xEE, 0x97, 0xBD, 0xD1, 0xCB, 0x7A,
    0x85, 0xCA, 0xE7, 0xFB, 0x59, 0x36, 0x41, 0x68, 0xCA, 0xDF, 0xAC, 0xA3, 0xE0, 0x9D, 0x82, 0x72,
    0x34, 0x6B, 0x8E, 0xFE, 0x7D, 0xAF, 0xF1, 0x52, 0x3B, 0x69, 0xDC, 0xAC, 0xA3, 0xC6, 0xAD, 0x12,
    0xEE, 0xBD, 0x07, 0x47, 0x47, 0x87, 0x65, 0xA3, 0x5F, 0x61, 0x35, 0xE8, 0x4D, 0x8E, 0x50, 0x39,
    0x8D, 0x08, 0x1D, 0xD9, 0xCC, 0x12, 0xFF, 0x03, 0x68, 0xBC, 0xF9, 0x9C, 0xC6, 0x97, 0x74, 0x5B,
    0xA9, 0xF1, 0x98, 0xF7, 0x35, 0x9A, 0x6F, 0x38, 0xA1, 0x4E, 0x95, 0xFF, 0x35, 0x60, 0xF6, 0xFB,
    0x26, 0x73, 0xBC, 0xE1, 0xEE, 0x55, 0xD7, 0x25, 0x2D, 0x19, 0x24, 0xBA, 0x12, 0x75, 0x09, 0x8C,
    0x9C, 0x34, 0x70, 0xA8, 0x5C, 0x7B, 0x9C, 0x8D, 0xBE, 0xC7, 0x3D, 0x23, 0xE0, 0x98, 0x80, 0xF5,
    0x37, 0x2B, 0x36, 0xE9, 0x9A, 0x43, 0xBD, 0x5C, 0x1B, 0x87, 0x76, 0xBE, 0x66, 0xBD, 0x89, 0x85,
    0x7E, 0xEA, 0x84, 0x90, 0xE9, 0xE3, 0xB5, 0x2E, 0xDA, 0x70, 0x9E, 0x39, 0x33, 0x86, 0x6B, 0x66,
    0x19, 0xA7, 0x53, 0x7A, 0x92, 0xD7, 0xA1, 0x2E, 0xA8, 0xC4, 0x1D, 0xC0, 0x60, 0xA8, 0x36, 0xD9,
    0xBA, 0x78, 0xAE, 0xC7, 0xEC, 0x60, 0x75, 0x7C, 0xF6, 0xFA, 0xE3, 0xFF, 0x59, 0xDB, 0x57, 0x8B,
    0x8F, 0x57, 0x8B, 0x15, 0x67, 0xB1, 0x27, 0x87, 0xEC, 0x56, 0x0B, 0xCF, 0xBF, 0xA0, 0x5E, 0x3E,
    0x50, 0xDF, 0xFA, 0x48, 0x68, 0xA8, 0x63, 0x6D, 0x79, 0x2A, 0x92, 0xDB, 0x9A, 0x3B, 0xCB, 0xA9,
    0xE5, 0x9B, 0x07, 0x2E, 0x9A, 0x74, 0xF9, 0xC0, 0x2E, 0xFD, 0x72, 0xF9, 0xA0, 0x4B, 0x76, 0xBE,
    0x7C, 0x60, 0x92, 0x8D, 0xE2, 0x4E, 0x6D, 0x8B, 0xAB, 0x8D, 0x4F, 0x3D, 0x55, 0x5D, 0xB1, 0x11,
    0xF9, 0x15, 0x57, 0xBB, 0x45, 0x35, 0x49, 0x6D, 0xA8, 0x6E, 0xE8, 0x35, 0xC6, 0x13, 0xE1, 0x12,
    0x49, 0x46, 0xF3, 0x98, 0x79, 0x5C, 0x88, 0x8F, 0x1A, 0x39, 0x83, 0xA4, 0xB6, 0x49, 0xEB, 0xFC,
    0x87, 0x34, 0x6F, 0xE7, 0x73, 0x2D, 0xF2, 0x13, 0x06, 0x92, 0xFE, 0xD1, 0xB8, 0x2F, 0xF2, 0x98,
    0x85, 0xBE, 0x4B, 0x67, 0xAD, 0x97, 0xE6, 0x96, 0x3C, 0x07, 0xF3, 0xF8, 0x81, 0x5C, 0xBE, 0x75,
    0x2F, 0x0C, 0x87, 0x40, 0xF5, 0x4B, 0x60, 0xE4, 0xB2, 0x21, 0x53, 0x4B, 0xCE, 0x1D, 0xDF, 0x8B,
    0x36, 0xE1, 0x49, 0x1B, 0xCB, 0xBF, 0x41, 0x17, 0xCE, 0xB7, 0xD2, 0x67, 0x67, 0x69, 0x3B, 0x3C,
    0xDF, 0xF1, 0x78, 0x69, 0x99, 0xAF, 0x5D, 0xF0, 0x1A, 0xC3, 0xE9, 0x8F, 0xA4, 0xFC, 0xD8, 0x5C,
    0x19, 0xC9, 0x74, 0xDA, 0xFE, 0x0D, 0x7D, 0x8F, 0x01, 0x66, 0xC4, 0x40, 0x18, 0x85, 0xBF, 0x4D,
    0xAB, 0x53, 0x82, 0x80, 0x82, 0x45, 0x8E, 0x90, 0x23, 0x4C, 0x80, 0x02, 0xF4, 0x26, 0xBD, 0x41,
    0x0D, 0xBD, 0x40, 0x0F, 0xD4, 0x76, 0x72, 0x84, 0x1C, 0x21, 0xE8, 0x01, 0x82, 0x20, 0x65, 0xEC,
    0xEB, 0x5B, 0x15, 0xB2, 0x5A, 0x1B, 0xFF, 0xC7, 0x9F, 0xF7, 0xFD, 0x0F, 0x13, 0xA5, 0x65, 0x03,
    0xB8, 0x99, 0x81, 0x7A, 0x04, 0xDA, 0x04, 0x44, 0xC3, 0x87, 0x39, 0xAC, 0x57, 0x24, 0xE5, 0x42,
    0x36, 0xC3, 0xFF, 0x32, 0x4C, 0x17, 0xF2, 0xC5, 0x50, 0x9D, 0x68, 0x34, 0x74, 0x9A, 0xE3, 0x79,
    0x16, 0x8F, 0x17, 0xFF, 0x3A, 0xB4, 0x0A, 0x6B, 0xB5, 0x34, 0x7A, 0x5D, 0x3A, 0xD9, 0x3E, 0x6A,
    0x8A, 0xE4, 0xC4, 0xEE, 0x3B, 0xFB, 0xF6, 0x8F, 0x0F, 0x33, 0x34, 0x23, 0x74, 0x69, 0xFF, 0xB8,
    0xDF, 0x78, 0x82, 0x76, 0x80, 0x98, 0xD8, 0xBB, 0xBD, 0x7A, 0xE8, 0x01, 0xB8, 0x87, 0xAA, 0x40,
    0x2E, 0x74, 0x2A, 0xB5, 0x4E, 0x7D, 0xD6, 0x1B, 0x1A, 0x41, 0x5F, 0x90, 0xBD, 0x04, 0x39, 0x68,
    0x55, 0xE0, 0xD9, 0x1C, 0xDE, 0x81, 0x5B, 0x49, 0x65, 0xE3, 0x09, 0xF8, 0xEC, 0x21, 0x7F, 0x1B,
    0x97, 0xEE, 0x7C, 0x4F, 0xAD, 0x02, 0x47, 0xE3, 0xCE, 0x51, 0x25, 0x48, 0x29, 0x6B, 0x22, 0xAF,
    0xBE, 0x05, 0x7A, 0x93, 0xDD, 0xDD, 0xF8, 0x01, 0xCD, 0x92, 0x21, 0xAC, 0xD5, 0x30, 0x14, 0x86,
    0xFF, 0xBE, 0x25, 0x4C, 0x5C, 0xF1, 0x14, 0x98, 0x89, 0x79, 0x35, 0xAF, 0x3A, 0xAF, 0xAE, 0x41,
    0xE1, 0x15, 0xE2, 0x7A, 0xD5, 0x26, 0x08, 0xEC, 0x33, 0x28, 0x0C, 0x02, 0x85, 0x97, 0x24, 0x6B,
    0xC0, 0x27, 0x0D, 0x5E, 0xCC, 0x63, 0x2A, 0x2A, 0x06, 0xE1, 0xED, 0xA7, 0xE7, 0x74, 0x5B, 0xDE,
    0x4B, 0x50, 0xE4, 0x42, 0x5E, 0x73, 0xF3, 0x7F, 0x27, 0x6B, 0xEF, 0xD9, 0x7F, 0xBA, 0x1F, 0xB2,
    0x2E, 0xEB, 0x58, 0x84, 0x6F, 0xC9, 0x84, 0x96, 0xA4, 0xB0, 0x27, 0x39, 0x0F, 0x19, 0x36, 0xB7,
    0x0C, 0x6D, 0xC2, 0x14, 0x0D, 0xBD, 0xF1, 0x60, 0x28, 0x04, 0x0A, 0x6F, 0x84, 0x96, 0xB2, 0xF2,
    0xC1, 0x4E, 0x99, 0x8E, 0xFD, 0x7F, 0x45, 0xC3, 0xD8, 0x30, 0x00, 0x3D, 0xEF, 0x07, 0xFE, 0x52,
    0x5A, 0x21, 0x30, 0xF0, 0x0E, 0x68, 0x58, 0x1F, 0x72, 0x05, 0x6C, 0x3E, 0x15, 0x75, 0xD1, 0x94,
    0x27, 0x0C, 0x38, 0xAB, 0x42, 0x75, 0xF3, 0x1F, 0xAA, 0xAA, 0x77, 0xAF, 0x6F, 0xB8, 0x82, 0xAA,
    0x43, 0xAF, 0xFE, 0x96, 0xDD, 0xDD, 0x85, 0xEF, 0x83, 0x78, 0x63, 0x40, 0xAF, 0x2A, 0xB7, 0xEB,
    0xE1, 0xE2, 0x1F, 0x3B, 0x4C, 0xE4, 0x37, 0x7A, 0xAA, 0x76, 0xE4, 0x97, 0xAB, 0x7A, 0xBB, 0x61,
    0x78, 0xEC, 0x0D, 0x62, 0xCF, 0x63, 0x0B, 0x42, 0x86, 0x26, 0x61, 0xBF, 0x46, 0xCE, 0x7D, 0x29,
    0x34, 0x0B, 0xCD, 0x02, 0x4C, 0x11, 0xF4, 0xF8, 0x80, 0x23, 0x0D, 0xC7, 0xE7, 0xB1, 0xAC, 0x6B,
    0x3C, 0x8A, 0xAE, 0x92, 0xDB, 0x99, 0xE6, 0xBF, 0x14, 0xF5, 0xF2, 0x5B, 0x8E, 0x75, 0x46, 0xC7,
    0x54, 0xC7, 0x74, 0xCC, 0x5B, 0xE2, 0x4F, 0x1A, 0xF9, 0x37, 0xE2, 0x50, 0x27, 0xD5, 0xA2, 0x27,
    0xE5, 0xE4, 0x3E, 0x29, 0xA1, 0xB1, 0xDF, 0x3A, 0x9B, 0xC7, 0xAF, 0xA8, 0x03, 0x7E, 0x7D, 0x50,
    0x74, 0xB5, 0x78, 0x3A, 0x93, 0x9A, 0x97, 0x00, 0x30, 0x71, 0x81, 0x8E, 0xE8, 0x71, 0x4B, 0x72,
    0x86, 0x5D, 0x5F, 0x89, 0x66, 0xB8, 0x19, 0x2E, 0xA9, 0x6E, 0x85, 0x61, 0xF9, 0xE3, 0x7C, 0x7A,
    0xA0, 0xCF, 0xA6, 0x9F, 0x1F, 0x65, 0xF7, 0xAF, 0x7E, 0x36, 0xA9, 0xAE, 0x9F, 0x8B, 0x0E, 0xD2,
    0x0D, 0xB7, 0xAA, 0x8D, 0x38, 0x02, 0x9E, 0xAB, 0x9C, 0x45, 0xC5, 0xDF, 0x9D, 0xB0, 0x67, 0xDD,
    0x73, 0xE4, 0xAA, 0xE6, 0x7F, 0x5C, 0x94, 0xF4, 0x6D, 0x25, 0x94, 0x2F, 0x38, 0x0A, 0x5B, 0x32,
    0xF6, 0x94, 0x24, 0x33, 0x4D, 0x85, 0x96, 0x8C, 0x42, 0x97, 0xBB, 0xF0, 0x9A, 0x9F, 0x46, 0x17,
    0xA1, 0xE7, 0x5C, 0x06, 0x84, 0x96, 0xA3, 0x72, 0xE0, 0xA2, 0x3C, 0x91, 0xBA, 0x6F, 0xC8, 0x28,
    0x44, 0xC7, 0xA4, 0xC4, 0x4E, 0x9B, 0x85, 0x67, 0x0C, 0xA9, 0x21, 0xE0, 0xDE, 0x4D, 0x85, 0xDF,
    0x83, 0x23, 0xE7, 0x86, 0x14, 0x7A, 0x14, 0x0E, 0xBC, 0x97, 0xE6, 0x5E, 0x47, 0x32, 0x67, 0xFC,
    0x06, 0x55, 0x8F, 0xB1, 0x11, 0xC2, 0x50, 0x0C, 0x43, 0xCD, 0xB9, 0xA0, 0x74, 0x0F, 0x43, 0x64,
    0x04, 0x67, 0xB3, 0x30, 0x02, 0x1B, 0xE5, 0x8F, 0xE0, 0x11, 0x18, 0x81, 0x22, 0xB9, 0xA3, 0x48,
    0x10, 0x8A, 0x7E, 0xC1, 0xC5, 0xCD, 0x2B, 0xF4, 0xEE, 0x24, 0xDB, 0xFF, 0x7C, 0xEC, 0x8C, 0xEA,
    0xCC, 0xA5, 0x13, 0xBB, 0xE0, 0x80, 0x84, 0x00, 0x4A, 0xF1, 0xF3, 0x2E, 0xE1, 0x63, 0xB6, 0x13,
    0x4E, 0x26, 0x85, 0xD8, 0x6E, 0x8F, 0xA4, 0x90, 0x5F, 0xD4, 0x40, 0x01, 0xC0, 0x6B, 0xD8, 0xCD,
    0xC9, 0x96, 0x18, 0x83, 0xB4, 0x09, 0x95, 0xC0, 0x76, 0x01, 0x16, 0xF2, 0x7D, 0x25, 0xE3, 0xD0,
    0x80, 0x72, 0x28, 0x1B, 0x8D, 0x9C, 0x8E, 0xE6, 0x04, 0x18, 0xAB, 0x56, 0xC5, 0x8E, 0x75, 0xD6,
    0x10, 0xB4, 0xD4, 0xB0, 0x6C, 0xAC, 0xE1, 0x45, 0xCB, 0x3A, 0xE8, 0xEB, 0xCC, 0x58, 0xBB, 0xCF,
    0x7F, 0x44, 0x9D, 0xFF, 0xD4, 0xFD, 0x00,
};

static const EpdGlyph libron_16_boldGlyphs[] = {
    { 0, 0, 0, 0, 0, 0, 0 }, // U+0000
    { 0, 0, 139, 0, 0, 0, 0 }, // U+000D
    { 0, 0, 122, 0, 0, 0, 0 }, // U+0020
    { 7, 23, 170, 2, 23, 41, 0 }, // !
    { 12, 9, 235, 1, 23, 27, 41 }, // "
    { 20, 23, 349, 1, 23, 115, 68 }, // #
    { 17, 29, 315, 1, 26, 124, 183 }, // $
    { 27, 23, 466, 1, 23, 156, 307 }, // %
    { 25, 23, 421, 1, 23, 144, 463 }, // &
    { 6, 9, 128, 1, 23, 14, 607 }, // '
    { 10, 30, 178, 1, 25, 75, 621 }, // (
    { 10, 30, 178, 0, 25, 75, 696 }, // )
    { 12, 13, 235, 1, 24, 39, 771 }, // *
    { 15, 14, 280, 1, 15, 53, 810 }, // +
    { 8, 12, 149, 0, 6, 24, 863 }, // ,
    { 10, 3, 211, 2, 9, 8, 887 }, // -
    { 7, 6, 148, 1, 6, 11, 895 }, // .
    { 14, 23, 232, 0, 23, 81, 906 }, // /
    { 21, 23, 370, 1, 23, 121, 987 }, // 0
    { 16, 23, 258, 0, 23, 92, 1108 }, // 1
    { 19, 23, 332, 0, 23, 110, 1200 }, // 2
    { 18, 23, 316, 1, 23, 104, 1310 }, // 3
    { 20, 23, 347, 0, 23, 115, 1414 }, // 4
    { 18, 23, 306, 0, 23, 104, 1529 }, // 5
    { 19, 24, 330, 1, 24, 114, 1633 }, // 6
    { 18, 23, 304, 1, 23, 104, 1747 }, // 7
    { 19, 23, 341, 1, 23, 110, 1851 }, // 8
    { 18, 25, 328, 1, 23, 113, 1961 }, // 9
    { 7, 17, 159, 1, 17, 30, 2074 }, // :
    { 8, 23, 162, 1, 17, 46, 2104 }, // ;
    { 15, 18, 280, 1, 17, 68, 2150 }, // <
    { 15, 9, 280, 1, 13, 34, 2218 }, // =
    { 15, 18, 280, 1, 17, 68, 2252 }, // >
    { 19, 23, 319, 0, 23, 110, 2320 }, // ?
    { 28, 28, 477, 1, 23, 196, 2430 }, // @
    { 27, 23, 439, 0, 23, 156, 2626 }, // A
    { 23, 23, 396, 1, 23, 133, 2782 }, // B
    { 22, 23, 392, 1, 23, 127, 2915 }, // C
    { 25, 23, 434, 1, 23, 144, 3042 }, // D
    { 22, 23, 380, 1, 23, 127, 3186 }, // E
    { 20, 23, 351, 1, 23, 115, 3313 }, // F
    { 22, 23, 405, 1, 23, 127, 3428 }, // G
    { 27, 23, 471, 1, 23, 156, 3555 }, // H
    { 12, 23, 227, 1, 23, 69, 3711 }, // I
    { 18, 23, 300, 0, 23, 104, 3780 }, // J
    { 27, 23, 440, 1, 23, 156, 3884 }, // K
    { 20, 23, 354, 1, 23, 115, 4040 }, // L
    { 34, 23, 580, 1, 23, 196, 4155 }, // M
    { 26, 23, 446, 1, 23, 150, 4351 }, // N
    { 25, 23, 431, 1, 23, 144, 4501 }, // O
    { 22, 23, 378, 1, 23, 127, 4645 }, // P
    { 25, 30, 431, 1, 23, 188, 4772 }, // Q
    { 25, 23, 412, 1, 23, 144, 4960 }, // R
    { 19, 23, 344, 1, 23, 110, 5104 }, // S
    { 23, 23, 400, 1, 23, 133, 5214 }, // T
    { 27, 23, 435, 0, 23, 156, 5347 }, // U
    { 28, 23, 428, -1, 23, 161, 5503 }, // V
    { 37, 23, 593, 0, 23, 213, 5664 }, // W
    { 28, 23, 442, 0, 23, 161, 5877 }, // X
    { 26, 23, 413, 0, 23, 150, 6038 }, // Y
    { 21, 23, 370, 1, 23, 121, 6188 }, // Z
    { 9, 28, 201, 3, 24, 63, 6309 }, // [
    { 14, 23, 232, 0, 23, 81, 6372 }, // <backslash>
    { 10, 28, 201, 0, 24, 70, 6453 }, // ]
    { 15, 13, 280, 1, 23, 49, 6523 }, // ^
    { 13, 3, 210, 0, -2, 10, 6572 }, // _
    { 9, 6, 253, 1, 24, 14, 6582 }, // `
    { 19, 18, 314, 1, 18, 86, 6596 }, // a
    { 22, 26, 346, -1, 26, 143, 6682 }, // b
    { 18, 18, 287, 1, 18, 81, 6825 }, // c
    { 21, 26, 354, 1, 26, 137, 6906 }, // d
    { 17, 18, 299, 1, 18, 77, 7043 }, // e
    { 19, 26, 244, 0, 26, 124, 7120 }, // f
    { 19, 26, 315, 0, 18, 124, 7244 }, // g
    { 22, 26, 361, 0, 26, 143, 7368 }, // h
    { 10, 27, 192, 1, 27, 68, 7511 }, // i
    { 11, 35, 177, -2, 27, 97, 7579 }, // j
    { 23, 26, 362, 0, 26, 150, 7676 }, // k
    { 11, 26, 184, 0, 26, 72, 7826 }, // l
    { 32, 18, 530, 1, 18, 144, 7898 }, // m
    { 22, 18, 369, 1, 18, 99, 8042 }, // n
    { 18, 18, 327, 1, 18, 81, 8141 }, // o
    { 21, 26, 355, 0, 18, 137, 8222 }, // p
    { 21, 26, 346, 1, 18, 137, 8359 }, // q
    { 16, 18, 281, 1, 18, 72, 8496 }, // r
    { 15, 18, 276, 1, 18, 68, 8568 }, // s
    { 16, 23, 251, 0, 23, 92, 8636 }, // t
    { 22, 18, 355, 0, 18, 99, 8728 }, // u
    { 21, 18, 344, 0, 18, 95, 8827 }, // v
    { 29, 18, 474, 0, 18, 131, 8922 }, // w
    { 21, 18, 336, 0, 18, 95, 9053 }, // x
    { 21, 26, 340, 0, 18, 137, 9148 }, // y
    { 16, 18, 290, 1, 18, 72, 9285 }, // z
    { 12, 29, 196, 0, 25, 87, 9357 }, // {
    { 4, 33, 150, 3, 25, 33, 9444 }, // |
    { 12, 29, 196, 0, 25, 87, 9477 }, // }
    { 15, 5, 280, 1, 10, 19, 9564 }, // ~
    { 0, 0, 122, 0, 0, 0, 0 }, // U+00A0
    { 8, 24, 163, 1, 17, 48, 0 }, // U+00A1
    { 16, 23, 297, 1, 23, 92, 48 }, // U+00A2
    { 19, 23, 351, 1, 23, 110, 140 }, // U+00A3
    { 14, 16, 279, 2, 16, 56, 250 }, // U+00A4
    { 25, 23, 407, 0, 23, 144, 306 }, // U+00A5
    { 4, 33, 150, 3, 25, 33, 450 }, // U+00A6
    { 19, 28, 343, 1, 23, 133, 483 }, // U+00A7
    { 13, 4, 253, 1, 23, 13, 616 }, // U+00A8
    { 24, 24, 430, 1, 24, 144, 629 }, // U+00A9
    { 13, 17, 267, 2, 25, 56, 773 }, // U+00AA
    { 18, 17, 327, 1, 17, 77, 829 }, // U+00AB
    { 15, 9, 280, 1, 13, 34, 906 }, // U+00AC
    { 10, 3, 211, 2, 9, 8, 940 }, // U+00AD
    { 17, 15, 305, 1, 23, 64, 948 }, // U+00AE
    { 11, 2, 253, 2, 22, 6, 1012 }, // U+00AF
    { 10, 10, 194, 1, 23, 25, 1018 }, // U+00B0
    { 15, 17, 280, 1, 17, 64, 1043 }, // U+00B1
    { 12, 12, 206, 0, 23, 36, 1107 }, // U+00B2
    { 12, 12, 197, 0, 23, 36, 1143 }, // U+00B3
    { 9, 6, 253, 6, 24, 14, 1179 }, // U+00B4
    { 19, 26, 363, 3, 18, 124, 1193 }, // U+00B5
    { 21, 27, 349, 0, 23, 142, 1317 }, // U+00B6
    { 7, 6, 154, 1, 11, 11, 1459 }, // U+00B7
    { 8, 9, 253, 3, 1, 18, 1470 }, // U+00B8
    { 10, 12, 169, 0, 23, 30, 1488 }, // U+00B9
    { 13, 17, 271, 2, 25, 56, 1518 }, // U+00BA
    { 19, 17, 335, 1, 17, 81, 1574 }, // U+00BB
    { 27, 23, 441, 0, 23, 156, 1655 }, // U+00BC
    { 27, 23, 447, 0, 23, 156, 1811 }, // U+00BD
    { 26, 23, 440, 1, 23, 150, 1967 }, // U+00BE
    { 18, 24, 316, 1, 17, 108, 2117 }, // U+00BF
    { 27, 30, 439, 0, 30, 203, 2225 }, // U+00C0
    { 27, 30, 439, 0, 30, 203, 2428 }, // U+00C1
    { 27, 30, 439, 0, 30, 203, 2631 }, // U+00C2
    { 27, 30, 439, 0, 30, 203, 2834 }, // U+00C3
    { 27, 29, 439, 0, 29, 196, 3037 }, // U+00C4
    { 27, 31, 439, 0, 31, 210, 3233 }, // U+00C5
    { 37, 23, 603, -1, 23, 213, 3443 }, // U+00C6
    { 22, 32, 392, 1, 24, 176, 3656 }, // U+00C7
    { 22, 30, 380, 1, 30, 165, 3832 }, // U+00C8
    { 22, 30, 380, 1, 30, 165, 3997 }, // U+00C9
    { 22, 30, 380, 1, 30, 165, 4162 }, // U+00CA
    { 22, 29, 380, 1, 29, 160, 4327 }, // U+00CB
    { 13, 30, 227, 0, 30, 98, 4487 }, // U+00CC
    { 13, 30, 227, 1, 30, 98, 4585 }, // U+00CD
    { 12, 30, 227, 1, 30, 90, 4683 }, // U+00CE
    { 12, 29, 227, 1, 29, 87, 4773 }, // U+00CF
    { 25, 23, 435, 1, 23, 144, 4860 }, // U+00D0
    { 26, 30, 446, 1, 30, 195, 5004 }, // U+00D1
    { 25, 30, 431, 1, 30, 188, 5199 }, // U+00D2
    { 25, 30, 431, 1, 30, 188, 5387 }, // U+00D3
    { 25, 30, 431, 1, 30, 188, 5575 }, // U+00D4
    { 25, 30, 431, 1, 30, 188, 5763 }, // U+00D5
    { 25, 29, 431, 1, 29, 182, 5951 }, // U+00D6
    { 13, 14, 280, 2, 15, 46, 6133 }, // U+00D7
    { 25, 23, 439, 1, 23, 144, 6179 }, // U+00D8
    { 27, 30, 435, 0, 30, 203, 6323 }, // U+00D9
    { 27, 30, 435, 0, 30, 203, 6526 }, // U+00DA
    { 27, 30, 435, 0, 30, 203, 6729 }, // U+00DB
    { 27, 29, 435, 0, 29, 196, 6932 }, // U+00DC
    { 26, 30, 413, 0, 30, 195, 7128 }, // U+00DD
    { 22, 23, 384, 1, 23, 127, 7323 }, // U+00DE
    { 25, 26, 413, 0, 26, 163, 7450 }, // U+00DF
    { 19, 26, 314, 1, 26, 124, 7613 }, // U+00E0
    { 19, 26, 314, 1, 26, 124, 7737 }, // U+00E1
    { 19, 26, 314, 1, 26, 124, 7861 }, // U+00E2
    { 19, 25, 314, 1, 25, 119, 7985 }, // U+00E3
    { 19, 25, 314, 1, 25, 119, 8104 }, // U+00E4
    { 19, 26, 314, 1, 26, 124, 8223 }, // U+00E5
    { 27, 18, 463, 1, 18, 122, 8347 }, // U+00E6
    { 18, 27, 287, 1, 18, 122, 8469 }, // U+00E7
    { 17, 26, 299, 1, 26, 111, 8591 }, // U+00E8
    { 17, 26, 299, 1, 26, 111, 8702 }, // U+00E9
    { 17, 26, 299, 1, 26, 111, 8813 }, // U+00EA
    { 17, 25, 299, 1, 25, 107, 8924 }, // U+00EB
    { 12, 26, 192, -1, 26, 78, 9031 }, // U+00EC
    { 12, 26, 192, 1, 26, 78, 9109 }, // U+00ED
    { 13, 26, 192, -1, 26, 85, 9187 }, // U+00EE
    { 13, 25, 192, -1, 25, 82, 9272 }, // U+00EF
    { 18, 28, 332, 1, 28, 126, 9354 }, // U+00F0
    { 22, 25, 369, 1, 25, 138, 9480 }, // U+00F1
    { 18, 26, 327, 1, 26, 117, 9618 }, // U+00F2
    { 18, 26, 327, 1, 26, 117, 9735 }, // U+00F3
    { 18, 26, 327, 1, 26, 117, 9852 }, // U+00F4
    { 18, 25, 327, 1, 25, 113, 9969 }, // U+00F5
    { 18, 25, 327, 1, 25, 113, 10082 }, // U+00F6
    { 15, 17, 280, 1, 17, 64, 10195 }, // U+00F7
    { 19, 18, 336, 1, 18, 86, 10259 }, // U+00F8
    { 22, 26, 355, 0, 26, 143, 10345 }, // U+00F9
    { 22, 26, 355, 0, 26, 143, 10488 }, // U+00FA
    { 22, 26, 355, 0, 26, 143, 10631 }, // U+00FB
    { 22, 25, 355, 0, 25, 138, 10774 }, // U+00FC
    { 21, 34, 340, 0, 26, 179, 10912 }, // U+00FD
    { 21, 34, 343, -1, 26, 179, 11091 }, // U+00FE
    { 21, 33, 340, 0, 25, 174, 11270 }, // U+00FF
    { 27, 29, 439, 0, 29, 196, 0 }, // U+0100
    { 19, 24, 314, 1, 24, 114, 196 }, // U+0101
    { 27, 30, 439, 0, 30, 203, 310 }, // U+0102
    { 19, 26, 314, 1, 26, 124, 513 }, // U+0103
    { 27, 31, 439, 0, 23, 210, 637 }, // U+0104
    { 19, 27, 315, 1, 18, 129, 847 }, // U+0105
    { 22, 30, 392, 1, 30, 165, 976 }, // U+0106
    { 18, 26, 287, 1, 26, 117, 1141 }, // U+0107
    { 22, 30, 392, 1, 30, 165, 1258 }, // U+0108
    { 18, 26, 287, 1, 26, 117, 1423 }, // U+0109
    { 22, 30, 392, 1, 30, 165, 1540 }, // U+010A
    { 18, 26, 287, 1, 26, 117, 1705 }, // U+010B
    { 22, 30, 392, 1, 30, 165, 1822 }, // U+010C
    { 18, 26, 287, 1, 26, 117, 1987 }, // U+010D
    { 25, 30, 434, 1, 30, 188, 2104 }, // U+010E
    { 26, 26, 367, 1, 26, 169, 2292 }, // U+010F
    { 25, 23, 435, 1, 23, 144, 2461 }, // U+0110
    { 21, 26, 354, 1, 26, 137, 2605 }, // U+0111
    { 22, 29, 380, 1, 29, 160, 2742 }, // U+0112
    { 17, 24, 299, 1, 24, 102, 2902 }, // U+0113
    { 22, 30, 380, 1, 30, 165, 3004 }, // U+0114
    { 17, 26, 299, 1, 26, 111, 3169 }, // U+0115
    { 22, 30, 380, 1, 30, 165, 3280 }, // U+0116
    { 17, 26, 299, 1, 26, 111, 3445 }, // U+0117
    { 22, 31, 380, 1, 23, 171, 3556 }, // U+0118
    { 17, 26, 299, 1, 18, 111, 3727 }, // U+0119
    { 22, 30, 380, 1, 30, 165, 3838 }, // U+011A
    { 17, 26, 299, 1, 26, 111, 4003 }, // U+011B
    { 22, 30, 405, 1, 30, 165, 4114 }, // U+011C
    { 19, 34, 315, 0, 26, 162, 4279 }, // U+011D
    { 22, 30, 405, 1, 30, 165, 4441 }, // U+011E
    { 19, 34, 315, 0, 26, 162, 4606 }, // U+011F
    { 22, 30, 405, 1, 30, 165, 4768 }, // U+0120
    { 19, 34, 315, 0, 26, 162, 4933 }, // U+0121
    { 22, 31, 405, 1, 31, 171, 5095 }, // U+0122
    { 19, 35, 315, 0, 27, 167, 5266 }, // U+0123
    { 27, 30, 471, 1, 30, 203, 5433 }, // U+0124
    { 22, 34, 361, 0, 34, 187, 5636 }, // U+0125
    { 27, 23, 473, 1, 23, 156, 5823 }, // U+0126
    { 22, 26, 361, 0, 26, 143, 5979 }, // U+0127
    { 12, 30, 227, 1, 30, 90, 6122 }, // U+0128
    { 12, 25, 192, 0, 25, 75, 6212 }, // U+0129
    { 12, 29, 227, 1, 29, 87, 6287 }, // U+012A
    { 11, 24, 192, 0, 24, 66, 6374 }, // U+012B
    { 12, 30, 227, 1, 30, 90, 6440 }, // U+012C
    { 12, 26, 192, 0, 26, 78, 6530 }, // U+012D
    { 12, 31, 227, 1, 23, 93, 6608 }, // U+012E
    { 10, 36, 192, 1, 27, 90, 6701 }, // U+012F
    { 12, 30, 227, 1, 30, 90, 6791 }, // U+0130
    { 10, 18, 192, 1, 18, 45, 6881 }, // U+0131
    { 21, 31, 385, 1, 24, 163, 6926 }, // U+0132
    { 16, 34, 325, 2, 26, 136, 7089 }, // U+0133
    { 18, 30, 300, 0, 30, 135, 7225 }, // U+0134
    { 13, 35, 178, -1, 26, 114, 7360 }, // U+0135
    { 27, 31, 440, 1, 23, 210, 7474 }, // U+0136
    { 23, 34, 362, 0, 26, 196, 7684 }, // U+0137
    { 22, 18, 370, 1, 18, 99, 7880 }, // U+0138
    { 20, 30, 354, 1, 30, 150, 7979 }, // U+0139
    { 12, 34, 184, 0, 34, 102, 8129 }, // U+013A
    { 20, 31, 354, 1, 23, 155, 8231 }, // U+013B
    { 11, 34, 184, 0, 26, 94, 8386 }, // U+013C
    { 20, 23, 355, 1, 23, 115, 8480 }, // U+013D
    { 16, 26, 184, 0, 26, 104, 8595 }, // U+013E
    { 20, 23, 355, 1, 23, 115, 8699 }, // U+013F
    { 16, 26, 221, 0, 26, 104, 8814 }, // U+0140
    { 21, 23, 372, 1, 23, 121, 8918 }, // U+0141
    { 12, 26, 208, 0, 26, 78, 9039 }, // U+0142
    { 26, 30, 446, 1, 30, 195, 9117 }, // U+0143
    { 22, 26, 369, 1, 26, 143, 9312 }, // U+0144
    { 26, 31, 446, 1, 23, 202, 9455 }, // U+0145
    { 22, 26, 369, 1, 18, 143, 9657 }, // U+0146
    { 26, 30, 446, 1, 30, 195, 9800 }, // U+0147
    { 22, 26, 369, 1, 26, 143, 9995 }, // U+0148
    { 25, 24, 413, -1, 24, 150, 10138 }, // U+0149
    { 26, 31, 446, 1, 23, 202, 10288 }, // U+014A
    { 19, 27, 358, 1, 18, 129, 10490 }, // U+014B
    { 25, 29, 431, 1, 29, 182, 10619 }, // U+014C
    { 18, 24, 327, 1, 24, 108, 10801 }, // U+014D
    { 25, 30, 431, 1, 30, 188, 10909 }, // U+014E
    { 18, 26, 327, 1, 26, 117, 11097 }, // U+014F
    { 25, 30, 431, 1, 30, 188, 11214 }, // U+0150
    { 18, 25, 327, 1, 25, 113, 11402 }, // U+0151
    { 35, 23, 601, 1, 23, 202, 11515 }, // U+0152
    { 29, 18, 501, 1, 18, 131, 11717 }, // U+0153
    { 25, 30, 412, 1, 30, 188, 11848 }, // U+0154
    { 16, 26, 281, 1, 26, 104, 12036 }, // U+0155
    { 25, 31, 412, 1, 23, 194, 12140 }, // U+0156
    { 16, 26, 281, 1, 18, 104, 12334 }, // U+0157
    { 25, 30, 412, 1, 30, 188, 12438 }, // U+0158
    { 16, 26, 281, 1, 26, 104, 12626 }, // U+0159
    { 19, 30, 344, 1, 30, 143, 12730 }, // U+015A
    { 15, 26, 276, 1, 26, 98, 12873 }, // U+015B
    { 19, 30, 344, 1, 30, 143, 12971 }, // U+015C
    { 15, 26, 276, 1, 26, 98, 13114 }, // U+015D
    { 19, 32, 344, 1, 24, 152, 13212 }, // U+015E
    { 15, 27, 276, 1, 18, 102, 13364 }, // U+015F
    { 19, 30, 344, 1, 30, 143, 13466 }, // U+0160
    { 15, 26, 276, 1, 26, 98, 13609 }, // U+0161
    { 23, 31, 400, 1, 23, 179, 13707 }, // U+0162
    { 16, 32, 248, 0, 23, 128, 13886 }, // U+0163
    { 23, 30, 400, 1, 30, 173, 14014 }, // U+0164
    { 16, 27, 251, 0, 27, 108, 14187 }, // U+0165
    { 25, 24, 400, 0, 24, 150, 14295 }, // U+0166
    { 16, 22, 251, 0, 22, 88, 14445 }, // U+0167
    { 27, 30, 435, 0, 30, 203, 14533 }, // U+0168
    { 22, 25, 355, 0, 25, 138, 14736 }, // U+0169
    { 27, 29, 435, 0, 29, 196, 14874 }, // U+016A
    { 22, 24, 355, 0, 24, 132, 15070 }, // U+016B
    { 27, 30, 435, 0, 30, 203, 15202 }, // U+016C
    { 22, 26, 355, 0, 26, 143, 15405 }, // U+016D
    { 27, 31, 435, 0, 31, 210, 15548 }, // U+016E
    { 22, 26, 355, 0, 26, 143, 15758 }, // U+016F
    { 27, 30, 435, 0, 30, 203, 15901 }, // U+0170
    { 22, 25, 355, 0, 25, 138, 16104 }, // U+0171
    { 27, 31, 435, 0, 23, 210, 16242 }, // U+0172
    { 22, 27, 355, 0, 18, 149, 16452 }, // U+0173
    { 37, 30, 593, 0, 30, 278, 16601 }, // U+0174
    { 29, 25, 474, 0, 25, 182, 16879 }, // U+0175
    { 26, 30, 413, 0, 30, 195, 17061 }, // U+0176
    { 21, 34, 340, 0, 26, 179, 17256 }, // U+0177
    { 26, 29, 413, 0, 29, 189, 17435 }, // U+0178
    { 21, 30, 370, 1, 30, 158, 17624 }, // U+0179
    { 16, 26, 290, 1, 26, 104, 17782 }, // U+017A
    { 21, 30, 370, 1, 30, 158, 17886 }, // U+017B
    { 16, 26, 290, 1, 26, 104, 18044 }, // U+017C
    { 21, 30, 370, 1, 30, 158, 18148 }, // U+017D
    { 16, 26, 290, 1, 26, 104, 18306 }, // U+017E
    { 12, 26, 204, 2, 26, 78, 18410 }, // U+017F
    { 25, 28, 434, 1, 28, 175, 0 }, // U+01A0
    { 19, 24, 334, 1, 24, 114, 175 }, // U+01A1
    { 30, 28, 446, 0, 28, 210, 289 }, // U+01AF
    { 24, 24, 366, 0, 24, 144, 499 }, // U+01B0
    { 48, 30, 796, 1, 30, 360, 643 }, // U+01C4
    { 43, 24, 711, 1, 24, 258, 1003 }, // U+01C5
    { 38, 26, 641, 1, 26, 247, 1261 }, // U+01C6
    { 39, 23, 651, 1, 23, 225, 1508 }, // U+01C7
    { 29, 35, 518, 1, 27, 254, 1733 }, // U+01C8
    { 20, 35, 354, 0, 27, 175, 1987 }, // U+01C9
    { 45, 23, 743, 1, 23, 259, 2162 }, // U+01CA
    { 35, 35, 610, 1, 27, 307, 2421 }, // U+01CB
    { 31, 35, 543, 1, 27, 272, 2728 }, // U+01CC
    { 27, 30, 439, 0, 30, 203, 3000 }, // U+01CD
    { 19, 26, 314, 1, 26, 124, 3203 }, // U+01CE
    { 12, 30, 227, 1, 30, 90, 3327 }, // U+01CF
    { 13, 26, 192, -1, 26, 85, 3417 }, // U+01D0
    { 25, 30, 431, 1, 30, 188, 3502 }, // U+01D1
    { 18, 26, 327, 1, 26, 117, 3690 }, // U+01D2
    { 27, 30, 435, 0, 30, 203, 3807 }, // U+01D3
    { 22, 26, 355, 0, 26, 143, 4010 }, // U+01D4
    { 27, 35, 435, 0, 35, 237, 4153 }, // U+01D5
    { 22, 30, 355, 0, 30, 165, 4390 }, // U+01D6
    { 27, 36, 435, 0, 36, 243, 4555 }, // U+01D7
    { 22, 32, 355, 0, 32, 176, 4798 }, // U+01D8
    { 27, 36, 435, 0, 36, 243, 4974 }, // U+01D9
    { 22, 32, 355, 0, 32, 176, 5217 }, // U+01DA
    { 27, 36, 435, 0, 36, 243, 5393 }, // U+01DB
    { 22, 32, 355, 0, 32, 176, 5636 }, // U+01DC
    { 18, 20, 318, 1, 19, 90, 5812 }, // U+01DD
    { 27, 35, 439, 0, 35, 237, 5902 }, // U+01DE
    { 19, 30, 314, 1, 30, 143, 6139 }, // U+01DF
    { 27, 35, 439, 0, 35, 237, 6282 }, // U+01E0
    { 19, 30, 314, 1, 30, 143, 6519 }, // U+01E1
    { 37, 29, 603, -1, 29, 269, 6662 }, // U+01E2
    { 27, 24, 463, 1, 24, 162, 6931 }, // U+01E3
    { 23, 26, 386, 1, 25, 150, 7093 }, // U+01E4
    { 20, 27, 339, 1, 19, 135, 7243 }, // U+01E5
    { 22, 30, 405, 1, 30, 165, 7378 }, // U+01E6
    { 19, 34, 315, 0, 26, 162, 7543 }, // U+01E7
    { 27, 30, 440, 1, 30, 203, 7705 }, // U+01E8
    { 23, 33, 362, 0, 33, 190, 7908 }, // U+01E9
    { 25, 31, 431, 1, 23, 194, 8098 }, // U+01EA
    { 18, 27, 327, 1, 18, 122, 8292 }, // U+01EB
    { 25, 38, 431, 1, 29, 238, 8414 }, // U+01EC
    { 18, 33, 327, 1, 24, 149, 8652 }, // U+01ED
    { 19, 33, 315, 0, 32, 157, 8801 }, // U+01EE
    { 19, 34, 310, 0, 26, 162, 8958 }, // U+01EF
    { 13, 35, 178, -1, 26, 114, 9120 }, // U+01F0
    { 41, 24, 698, 2, 24, 246, 9234 }, // U+01F1
    { 38, 24, 653, 2, 24, 228, 9480 }, // U+01F2
    { 36, 27, 600, 1, 26, 243, 9708 }, // U+01F3
    { 22, 30, 426, 1, 30, 165, 9951 }, // U+01F4
    { 19, 34, 315, 0, 26, 162, 10116 }, // U+01F5
    { 30, 25, 559, 3, 24, 188, 10278 }, // U+01F6
    { 18, 33, 360, 3, 25, 149, 10466 }, // U+01F7
    { 26, 30, 446, 1, 30, 195, 10615 }, // U+01F8
    { 22, 26, 369, 1, 26, 143, 10810 }, // U+01F9
    { 27, 37, 439, 0, 37, 250, 10953 }, // U+01FA
    { 19, 34, 314, 1, 34, 162, 11203 }, // U+01FB
    { 37, 30, 603, -1, 30, 278, 11365 }, // U+01FC
    { 27, 26, 463, 1, 26, 176, 11643 }, // U+01FD
    { 25, 30, 439, 1, 30, 188, 11819 }, // U+01FE
    { 19, 26, 336, 1, 26, 124, 12007 }, // U+01FF
    { 27, 30, 439, 0, 30, 203, 12131 }, // U+0200
    { 20, 25, 314, 0, 25, 125, 12334 }, // U+0201
    { 27, 30, 439, 0, 30, 203, 12459 }, // U+0202
    { 19, 26, 314, 1, 26, 124, 12662 }, // U+0203
    { 22, 30, 380, 1, 30, 165, 12786 }, // U+0204
    { 18, 25, 299, 0, 25, 113, 12951 }, // U+0205
    { 22, 30, 380, 1, 30, 165, 13064 }, // U+0206
    { 17, 26, 299, 1, 26, 111, 13229 }, // U+0207
    { 15, 30, 227, -2, 30, 113, 13340 }, // U+0208
    { 15, 25, 192, -4, 25, 94, 13453 }, // U+0209
    { 12, 30, 227, 1, 30, 90, 13547 }, // U+020A
    { 12, 26, 192, 0, 26, 78, 13637 }, // U+020B
    { 25, 30, 431, 1, 30, 188, 13715 }, // U+020C
    { 18, 25, 327, 1, 25, 113, 13903 }, // U+020D
    { 25, 30, 431, 1, 30, 188, 14016 }, // U+020E
    { 18, 26, 327, 1, 26, 117, 14204 }, // U+020F
    { 25, 30, 412, 1, 30, 188, 14321 }, // U+0210
    { 18, 25, 281, -1, 25, 113, 14509 }, // U+0211
    { 25, 30, 412, 1, 30, 188, 14622 }, // U+0212
    { 16, 26, 281, 1, 26, 104, 14810 }, // U+0213
    { 27, 30, 435, 0, 30, 203, 14914 }, // U+0214
    { 22, 25, 355, 0, 25, 138, 15117 }, // U+0215
    { 27, 30, 435, 0, 30, 203, 15255 }, // U+0216
    { 22, 26, 355, 0, 26, 143, 15458 }, // U+0217
    { 19, 31, 344, 1, 23, 148, 15601 }, // U+0218
    { 15, 26, 276, 1, 18, 98, 15749 }, // U+0219
    { 23, 31, 400, 1, 23, 179, 15847 }, // U+021A
    { 16, 31, 251, 0, 23, 124, 16026 }, // U+021B
    { 19, 31, 335, 1, 25, 148, 16150 }, // U+021C
    { 16, 27, 270, 0, 19, 108, 16298 }, // U+021D
    { 27, 30, 471, 1, 30, 203, 16406 }, // U+021E
    { 22, 33, 361, 0, 33, 182, 16609 }, // U+021F
    { 9, 6, 0, -7, 24, 14, 0 }, // U+0300
    { 9, 6, 0, -2, 24, 14, 14 }, // U+0301
    { 12, 6, 0, -6, 24, 18, 28 }, // U+0302
    { 12, 5, 0, -6, 23, 15, 46 }, // U+0303
    { 10, 2, 0, -5, 22, 5, 61 }, // U+0304
    { 14, 5, 0, -7, 29, 18, 66 }, // U+0305
    { 12, 6, 0, -6, 24, 18, 84 }, // U+0306
    { 6, 5, 0, -3, 24, 8, 102 }, // U+0307
    { 12, 4, 0, -6, 23, 12, 110 }, // U+0308
    { 8, 7, 0, -4, 25, 14, 122 }, // U+0309
    { 6, 6, 0, -3, 24, 9, 136 }, // U+030A
    { 14, 5, 0, -5, 23, 18, 145 }, // U+030B
    { 12, 6, 0, -6, 24, 18, 163 }, // U+030C
    { 4, 7, 0, -2, 26, 7, 181 }, // U+030D
    { 10, 7, 0, -5, 26, 18, 188 }, // U+030E
    { 14, 5, 0, -9, 23, 18, 206 }, // U+030F
    { 12, 9, 0, -6, 29, 27, 224 }, // U+0310
    { 12, 6, 0, -6, 24, 18, 251 }, // U+0311
    { 6, 7, 0, -3, 25, 11, 269 }, // U+0312
    { 8, 9, 0, -4, 24, 18, 280 }, // U+0313
    { 8, 9, 0, -4, 24, 18, 298 }, // U+0314
    { 8, 9, 0, -4, 24, 18, 316 }, // U+0315
    { 11, 6, 0, -6, -1, 17, 334 }, // U+0316
    { 10, 6, 0, -5, -1, 15, 351 }, // U+0317
    { 6, 8, 0, -3, 0, 12, 366 }, // U+0318
    { 6, 8, 0, -3, 0, 12, 378 }, // U+0319
    { 9, 9, 160, 0, 26, 21, 390 }, // U+031A
    { 9, 7, 0, -2, 22, 16, 411 }, // U+031B
    { 5, 8, 0, -3, 0, 10, 427 }, // U+031C
    { 8, 6, 0, -4, -1, 12, 437 }, // U+031D
    { 8, 6, 0, -4, -1, 12, 449 }, // U+031E
    { 8, 8, 0, -4, 0, 16, 461 }, // U+031F
    { 8, 3, 0, -4, -3, 6, 477 }, // U+0320
    { 8, 10, 0, -8, 2, 20, 483 }, // U+0321
    { 8, 10, 0, 0, 2, 20, 503 }, // U+0322
    { 6, 5, 0, -3, -1, 8, 523 }, // U+0323
    { 12, 4, 0, -6, -2, 12, 531 }, // U+0324
    { 9, 8, 0, -5, 0, 18, 543 }, // U+0325
    { 6, 7, 0, -3, -1, 11, 561 }, // U+0326
    { 9, 9, 0, -5, 1, 21, 572 }, // U+0327
    { 8, 9, 0, -7, 1, 18, 593 }, // U+0328
    { 4, 7, 0, -2, -1, 7, 611 }, // U+0329
    { 12, 7, 0, -6, -1, 21, 618 }, // U+032A
    { 14, 4, 0, -7, -2, 14, 639 }, // U+032B
    { 15, 6, 0, -7, -1, 23, 653 }, // U+032C
    { 14, 6, 0, -7, -1, 21, 676 }, // U+032D
    { 12, 6, 0, -6, 0, 18, 697 }, // U+032E
    { 14, 6, 0, -7, -1, 21, 715 }, // U+032F
    { 14, 6, 0, -7, -1, 21, 736 }, // U+0330
    { 10, 3, 0, -5, -2, 8, 757 }, // U+0331
    { 16, 3, 0, -8, -3, 12, 765 }, // U+0332
    { 15, 8, 0, -8, 0, 30, 777 }, // U+0333
    { 15, 6, 0, -7, 13, 23, 807 }, // U+0334
    { 12, 2, 0, -6, 20, 6, 830 }, // U+0335
    { 26, 4, 0, -13, 11, 26, 836 }, // U+0336
    { 12, 10, 0, -6, 14, 30, 862 }, // U+0337
    { 14, 28, 0, -7, 26, 98, 892 }, // U+0338
    { 5, 8, 0, -2, 0, 10, 990 }, // U+0339
    { 12, 7, 0, -6, -1, 21, 1000 }, // U+033A
    { 14, 8, 0, -7, 0, 28, 1021 }, // U+033B
    { 14, 4, 0, -7, -2, 14, 1049 }, // U+033C
    { 8, 7, 0, -4, 26, 14, 1063 }, // U+033D
    { 6, 10, 0, -3, 29, 15, 1077 }, // U+033E
    { 14, 8, 0, -8, 33, 28, 1092 }, // U+033F
    { 11, 6, 0, -8, 26, 17, 1120 }, // U+0340
    { 10, 6, 0, -2, 26, 15, 1137 }, // U+0341
    { 14, 6, 0, -7, 26, 21, 1152 }, // U+0342
    { 7, 7, 0, -4, 26, 13, 1173 }, // U+0343
    { 18, 6, 0, -7, 26, 27, 1186 }, // U+0344
    { 7, 7, 0, -2, -1, 13, 1213 }, // U+0345
    { 16, 7, 0, -8, 26, 28, 1226 }, // U+0346
    { 14, 8, 0, -8, 0, 28, 1254 }, // U+0347
    { 10, 7, 0, -5, -1, 18, 1282 }, // U+0348
    { 8, 6, 0, -4, -2, 12, 1300 }, // U+0349
    { 14, 8, 0, -7, 26, 28, 1312 }, // U+034A
    { 14, 14, 0, -7, 32, 49, 1340 }, // U+034B
    { 12, 9, 0, -6, 29, 27, 1389 }, // U+034C
    { 12, 7, 0, -6, -1, 21, 1416 }, // U+034D
    { 8, 8, 0, -4, 0, 16, 1437 }, // U+034E
    { 24, 24, 0, -12, 24, 144, 1453 }, // U+034F
    { 6, 8, 0, -3, 27, 12, 1597 }, // U+0350
    { 5, 8, 0, -2, 27, 10, 1609 }, // U+0351
    { 12, 9, 0, -6, 29, 27, 1619 }, // U+0352
    { 8, 7, 0, -4, -1, 14, 1646 }, // U+0353
    { 6, 7, 0, -3, -1, 11, 1660 }, // U+0354
    { 6, 7, 0, -3, -1, 11, 1671 }, // U+0355
    { 14, 7, 0, -7, -1, 25, 1682 }, // U+0356
    { 5, 8, 0, -2, 27, 10, 1707 }, // U+0357
    { 6, 6, 0, 3, 26, 9, 1717 }, // U+0358
    { 8, 7, 0, -4, -1, 14, 1726 }, // U+0359
    { 14, 8, 0, -7, 0, 28, 1740 }, // U+035A
    { 8, 8, 0, -4, 27, 16, 1768 }, // U+035B
    { 28, 7, 0, -14, -1, 49, 1784 }, // U+035C
    { 28, 7, 0, -14, 26, 49, 1833 }, // U+035D
    { 20, 3, 0, -10, 23, 15, 1882 }, // U+035E
    { 20, 3, 0, -10, -2, 15, 1897 }, // U+035F
    { 28, 6, 0, -14, 26, 42, 1912 }, // U+0360
    { 28, 8, 0, -14, 30, 56, 1954 }, // U+0361
    { 27, 8, 0, -13, 0, 54, 2010 }, // U+0362
    { 8, 9, 0, -4, 29, 18, 2064 }, // U+0363
    { 9, 9, 0, -4, 29, 21, 2082 }, // U+0364
    { 3, 11, 0, -1, 31, 9, 2103 }, // U+0365
    { 9, 9, 0, -4, 29, 21, 2112 }, // U+0366
    { 9, 8, 0, -4, 28, 18, 2133 }, // U+0367
    { 7, 9, 0, -3, 29, 16, 2151 }, // U+0368
    { 8, 11, 0, -4, 31, 22, 2167 }, // U+0369
    { 9, 11, 0, -4, 31, 25, 2189 }, // U+036A
    { 13, 9, 0, -6, 29, 30, 2214 }, // U+036B
    { 6, 9, 0, -2, 29, 14, 2244 }, // U+036C
    { 7, 10, 0, -3, 30, 18, 2258 }, // U+036D
    { 9, 8, 0, -4, 28, 18, 2276 }, // U+036E
    { 10, 8, 0, -5, 28, 20, 2294 }, // U+036F
    { 15, 32, 299, 2, 32, 120, 0 }, // U+0400
    { 15, 32, 299, 2, 32, 120, 120 }, // U+0401
    { 25, 25, 408, 0, 24, 157, 240 }, // U+0402
    { 15, 32, 300, 3, 32, 120, 397 }, // U+0403
    { 20, 26, 347, 1, 25, 130, 517 }, // U+0404
    { 16, 26, 292, 1, 25, 104, 647 }, // U+0405
    { 6, 24, 172, 2, 24, 36, 751 }, // U+0406
    { 11, 32, 177, 0, 32, 88, 787 }, // U+0407
    { 12, 31, 177, -3, 24, 93, 875 }, // U+0408
    { 33, 25, 551, 0, 24, 207, 968 }, // U+0409
    { 31, 24, 567, 3, 24, 186, 1175 }, // U+040A
    { 24, 24, 415, 0, 24, 144, 1361 }, // U+040B
    { 20, 32, 365, 3, 32, 160, 1505 }, // U+040C
    { 21, 32, 422, 3, 32, 168, 1665 }, // U+040D
    { 22, 33, 344, 0, 32, 182, 1833 }, // U+040E
    { 20, 29, 408, 3, 24, 145, 2015 }, // U+040F
    { 24, 24, 369, 0, 24, 144, 2160 }, // U+0410
    { 18, 24, 346, 3, 24, 108, 2304 }, // U+0411
    { 19, 24, 353, 2, 24, 114, 2412 }, // U+0412
    { 15, 24, 300, 3, 24, 90, 2526 }, // U+0413
    { 26, 29, 414, 0, 24, 189, 2616 }, // U+0414
    { 15, 24, 299, 2, 24, 90, 2805 }, // U+0415
    { 33, 24, 532, 0, 24, 198, 2895 }, // U+0416
    { 17, 26, 316, 1, 25, 111, 3093 }, // U+0417
    { 21, 24, 422, 3, 24, 126, 3204 }, // U+0418
    { 21, 32, 422, 3, 32, 168, 3330 }, // U+0419
    { 20, 24, 370, 3, 24, 120, 3498 }, // U+041A
    { 22, 25, 391, 0, 24, 138, 3618 }, // U+041B
    { 26, 24, 503, 3, 24, 156, 3756 }, // U+041C
    { 20, 24, 411, 3, 24, 120, 3912 }, // U+041D
    { 24, 26, 414, 1, 25, 156, 4032 }, // U+041E
    { 20, 24, 406, 3, 24, 120, 4188 }, // U+041F
    { 18, 24, 332, 2, 24, 108, 4308 }, // U+0420
    { 20, 26, 344, 1, 25, 130, 4416 }, // U+0421
    { 19, 24, 308, 0, 24, 114, 4546 }, // U+0422
    { 22, 25, 344, 0, 24, 138, 4660 }, // U+0423
    { 28, 26, 481, 1, 25, 182, 4798 }, // U+0424
    { 23, 24, 356, 0, 24, 138, 4980 }, // U+0425
    { 23, 29, 414, 3, 24, 167, 5118 }, // U+0426
    { 19, 24, 383, 2, 24, 114, 5285 }, // U+0427
    { 31, 24, 569, 2, 24, 186, 5399 }, // U+0428
    { 34, 30, 573, 2, 24, 255, 5585 }, // U+0429
    { 24, 24, 402, 0, 24, 144, 5840 }, // U+042A
    { 25, 24, 491, 3, 24, 150, 5984 }, // U+042B
    { 17, 24, 344, 3, 24, 102, 6134 }, // U+042C
    { 19, 26, 350, 1, 25, 124, 6236 }, // U+042D
    { 30, 26, 542, 3, 25, 195, 6360 }, // U+042E
    { 20, 24, 363, 0, 24, 120, 6555 }, // U+042F
    { 17, 20, 318, 1, 19, 85, 6675 }, // U+0430
    { 19, 27, 333, 1, 26, 129, 6760 }, // U+0431
    { 17, 19, 318, 2, 19, 81, 6889 }, // U+0432
    { 14, 19, 253, 2, 19, 67, 6970 }, // U+0433
    { 21, 24, 340, 0, 19, 126, 7037 }, // U+0434
    { 18, 20, 311, 1, 19, 90, 7163 }, // U+0435
    { 29, 19, 462, 0, 19, 138, 7253 }, // U+0436
    { 15, 20, 275, 1, 19, 75, 7391 }, // U+0437
    { 18, 19, 359, 2, 19, 86, 7466 }, // U+0438
    { 18, 26, 359, 2, 26, 117, 7552 }, // U+0439
    { 19, 19, 328, 2, 19, 91, 7669 }, // U+043A
    { 19, 20, 332, 0, 19, 95, 7760 }, // U+043B
    { 24, 19, 446, 2, 19, 114, 7855 }, // U+043C
    { 18, 19, 350, 2, 19, 86, 7969 }, // U+043D
    { 19, 20, 331, 1, 19, 95, 8055 }, // U+043E
    { 17, 19, 347, 2, 19, 81, 8150 }, // U+043F
    { 18, 27, 339, 2, 19, 122, 8231 }, // U+0440
    { 16, 20, 279, 1, 19, 80, 8353 }, // U+0441
    { 17, 19, 269, 0, 19, 81, 8433 }, // U+0442
    { 21, 27, 304, -1, 19, 142, 8514 }, // U+0443
    { 25, 34, 432, 1, 26, 213, 8656 }, // U+0444
    { 20, 19, 308, 0, 19, 95, 8869 }, // U+0445
    { 20, 24, 347, 2, 19, 120, 8964 }, // U+0446
    { 17, 19, 340, 2, 19, 81, 9084 }, // U+0447
    { 28, 19, 508, 2, 19, 133, 9165 }, // U+0448
    { 30, 24, 509, 2, 19, 180, 9298 }, // U+0449
    { 22, 19, 358, 0, 19, 105, 9478 }, // U+044A
    { 24, 19, 455, 2, 19, 114, 9583 }, // U+044B
    { 17, 19, 315, 2, 19, 81, 9697 }, // U+044C
    { 16, 20, 279, 1, 19, 80, 9778 }, // U+044D
    { 25, 20, 454, 2, 19, 125, 9858 }, // U+044E
    { 18, 19, 323, 0, 19, 86, 9983 }, // U+044F
    { 18, 27, 311, 1, 26, 122, 10069 }, // U+0450
    { 18, 26, 311, 1, 25, 117, 10191 }, // U+0451
    { 20, 34, 348, 0, 26, 170, 10308 }, // U+0452
    { 14, 26, 256, 2, 26, 91, 10478 }, // U+0453
    { 16, 20, 279, 1, 19, 80, 10569 }, // U+0454
    { 15, 20, 266, 1, 19, 75, 10649 }, // U+0455
    { 6, 26, 164, 2, 26, 39, 10724 }, // U+0456
    { 10, 26, 159, 0, 26, 65, 10763 }, // U+0457
    { 10, 34, 159, -2, 26, 85, 10828 }, // U+0458
    { 29, 20, 478, 0, 19, 145, 10913 }, // U+0459
    { 28, 19, 494, 2, 19, 133, 11058 }, // U+045A
    { 20, 26, 348, 0, 26, 130, 11191 }, // U+045B
    { 19, 26, 328, 2, 26, 124, 11321 }, // U+045C
    { 18, 26, 359, 2, 26, 117, 11445 }, // U+045D
    { 21, 34, 304, -1, 26, 179, 11562 }, // U+045E
    { 17, 24, 347, 2, 19, 102, 11741 }, // U+045F
    { 32, 24, 508, 0, 24, 192, 11843 }, // U+0460
    { 29, 19, 472, 0, 19, 138, 12035 }, // U+0461
    { 21, 24, 359, 0, 24, 126, 12173 }, // U+0462
    { 21, 22, 355, 0, 22, 116, 12299 }, // U+0463
    { 28, 26, 507, 3, 25, 182, 12415 }, // U+0464
    { 24, 20, 428, 2, 19, 120, 12597 }, // U+0465
    { 25, 24, 389, 0, 24, 150, 12717 }, // U+0466
    { 22, 19, 341, 0, 19, 105, 12867 }, // U+0467
    { 31, 24, 536, 3, 24, 186, 12972 }, // U+0468
    { 29, 19, 481, 2, 19, 138, 13158 }, // U+0469
    { 27, 24, 429, 0, 24, 162, 13296 }, // U+046A
    { 21, 19, 332, 0, 19, 100, 13458 }, // U+046B
    { 33, 24, 572, 3, 24, 198, 13558 }, // U+046C
    { 27, 19, 469, 2, 19, 129, 13756 }, // U+046D
    { 20, 37, 337, 0, 29, 185, 13885 }, // U+046E
    { 18, 31, 296, 0, 23, 140, 14070 }, // U+046F
    { 25, 24, 470, 2, 24, 150, 14210 }, // U+0470
    { 24, 34, 449, 2, 26, 204, 14360 }, // U+0471
    { 24, 26, 422, 1, 25, 156, 14564 }, // U+0472
    { 19, 20, 330, 1, 19, 95, 14720 }, // U+0473
    { 24, 24, 382, 0, 24, 144, 14815 }, // U+0474
    { 21, 19, 323, 0, 19, 100, 14959 }, // U+0475
    { 24, 32, 382, 0, 32, 192, 15059 }, // U+0476
    { 21, 26, 323, 0, 26, 137, 15251 }, // U+0477
    { 43, 33, 703, 1, 25, 355, 15388 }, // U+0478
    { 39, 27, 627, 1, 19, 264, 15743 }, // U+0479
    { 25, 29, 443, 1, 26, 182, 16007 }, // U+047A
    { 21, 23, 365, 1, 21, 121, 16189 }, // U+047B
    { 34, 37, 580, 1, 36, 315, 16310 }, // U+047C
    { 29, 32, 511, 1, 31, 232, 16625 }, // U+047D
    { 32, 31, 510, 0, 31, 248, 16857 }, // U+047E
    { 29, 25, 472, 0, 25, 182, 17105 }, // U+047F
    { 21, 33, 361, 1, 25, 174, 17287 }, // U+0480
    { 16, 27, 279, 1, 19, 108, 17461 }, // U+0481
    { 18, 22, 325, 1, 21, 99, 17569 }, // U+0482
    { 14, 7, 0, -16, 25, 25, 17668 }, // U+0483
    { 14, 6, 0, -16, 26, 21, 17693 }, // U+0484
    { 6, 8, 0, -12, 27, 12, 17714 }, // U+0485
    { 6, 8, 0, -12, 27, 12, 17726 }, // U+0486
    { 14, 6, 0, -7, 31, 21, 17738 }, // U+0487
    { 38, 36, 0, -19, 27, 342, 17759 }, // U+0488
    { 38, 38, 0, -19, 28, 361, 18101 }, // U+0489
    { 27, 39, 488, 3, 32, 264, 18462 }, // U+048A
    { 25, 34, 428, 2, 27, 213, 18726 }, // U+048B
    { 20, 24, 340, 0, 24, 120, 18939 }, // U+048C
    { 20, 26, 327, 0, 26, 130, 19059 }, // U+048D
    { 17, 24, 335, 3, 24, 102, 19189 }, // U+048E
    { 18, 27, 338, 2, 19, 122, 19291 }, // U+048F
    { 17, 29, 308, 2, 29, 124, 19413 }, // U+0490
    { 14, 24, 273, 2, 24, 84, 19537 }, // U+0491
    { 18, 24, 298, 0, 24, 108, 19621 }, // U+0492
    { 16, 19, 262, 0, 19, 76, 19729 }, // U+0493
    { 20, 33, 391, 3, 24, 165, 19805 }, // U+0494
    { 17, 28, 321, 2, 19, 119, 19970 }, // U+0495
    { 34, 31, 549, 0, 24, 264, 20089 }, // U+0496
    { 32, 26, 499, -1, 19, 208, 20353 }, // U+0497
    { 17, 33, 316, 1, 25, 141, 20561 }, // U+0498
    { 15, 27, 275, 1, 19, 102, 20702 }, // U+0499
    { 22, 31, 403, 3, 24, 171, 20804 }, // U+049A
    { 20, 26, 351, 2, 19, 130, 20975 }, // U+049B
    { 21, 24, 357, 2, 24, 126, 21105 }, // U+049C
    { 19, 19, 330, 2, 19, 91, 21231 }, // U+049D
    { 22, 24, 370, 1, 24, 132, 21322 }, // U+049E
    { 21, 26, 334, 0, 26, 137, 21454 }, // U+049F
    { 25, 24, 391, 0, 24, 150, 21591 }, // U+04A0
    { 24, 19, 371, 0, 19, 114, 21741 }, // U+04A1
    { 25, 31, 448, 3, 24, 194, 21855 }, // U+04A2
    { 22, 26, 396, 2, 19, 143, 22049 }, // U+04A3
    { 25, 24, 445, 3, 24, 150, 22192 }, // U+04A4
    { 24, 19, 404, 2, 19, 114, 22342 }, // U+04A5
    { 33, 33, 600, 3, 24, 273, 22456 }, // U+04A6
    { 27, 28, 474, 2, 19, 189, 22729 }, // U+04A7
    { 24, 27, 414, 1, 25, 162, 22918 }, // U+04A8
    { 20, 21, 350, 1, 19, 105, 23080 }, // U+04A9
    { 20, 33, 342, 1, 25, 165, 23185 }, // U+04AA
    { 16, 27, 275, 1, 19, 108, 23350 }, // U+04AB
    { 19, 31, 309, 0, 24, 148, 23458 }, // U+04AC
    { 18, 26, 293, 0, 19, 117, 23606 }, // U+04AD
    { 21, 24, 334, 0, 24, 126, 23723 }, // U+04AE
    { 20, 27, 306, 0, 19, 135, 23849 }, // U+04AF
    { 21, 24, 334, 0, 24, 126, 23984 }, // U+04B0
    { 20, 27, 306, 0, 19, 135, 24110 }, // U+04B1
    { 25, 31, 396, 0, 24, 194, 24245 }, // U+04B2
    { 21, 26, 338, 0, 19, 137, 24439 }, // U+04B3
    { 31, 31, 496, 0, 24, 241, 24576 }, // U+04B4
    { 26, 26, 422, 0, 19, 169, 24817 }, // U+04B5
    { 26, 31, 429, 1, 24, 202, 24986 }, // U+04B6
    { 22, 26, 387, 2, 19, 143, 25188 }, // U+04B7
    { 20, 24, 392, 2, 24, 120, 25331 }, // U+04B8
    { 19, 19, 351, 1, 19, 91, 25451 }, // U+04B9
    { 21, 24, 392, 2, 24, 126, 25542 }, // U+04BA
    { 18, 26, 347, 2, 26, 117, 25668 }, // U+04BB
    { 29, 26, 506, 0, 25, 189, 25785 }, // U+04BC
    { 24, 20, 378, -1, 19, 120, 25974 }, // U+04BD
    { 29, 32, 506, 0, 25, 232, 26094 }, // U+04BE
    { 24, 26, 378, -1, 19, 156, 26326 }, // U+04BF
    { 11, 24, 207, 1, 24, 66, 26482 }, // U+04C0
    { 33, 32, 533, 0, 32, 264, 26548 }, // U+04C1
    { 29, 26, 462, 0, 26, 189, 26812 }, // U+04C2
    { 21, 33, 405, 3, 24, 174, 27001 }, // U+04C3
    { 19, 28, 348, 2, 19, 133, 27175 }, // U+04C4
    { 28, 31, 447, 0, 24, 217, 27308 }, // U+04C5
    { 24, 26, 388, 0, 19, 156, 27525 }, // U+04C6
    { 20, 33, 408, 3, 24, 165, 27681 }, // U+04C7
    { 18, 28, 353, 2, 19, 126, 27846 }, // U+04C8
    { 25, 31, 458, 3, 24, 194, 27972 }, // U+04C9
    { 23, 26, 397, 2, 19, 150, 28166 }, // U+04CA
    { 20, 31, 392, 2, 24, 155, 28316 }, // U+04CB
    { 18, 26, 350, 2, 19, 117, 28471 }, // U+04CC
    { 31, 31, 552, 3, 24, 241, 28588 }, // U+04CD
    { 29, 26, 494, 2, 19, 189, 28829 }, // U+04CE
    { 11, 24, 207, 1, 24, 66, 29018 }, // U+04CF
    { 24, 32, 369, 0, 32, 192, 29084 }, // U+04D0
    { 17, 27, 319, 1, 26, 115, 29276 }, // U+04D1
    { 24, 32, 369, 0, 32, 192, 29391 }, // U+04D2
    { 17, 27, 319, 1, 26, 115, 29583 }, // U+04D3
    { 30, 24, 508, 0, 24, 180, 29698 }, // U+04D4
    { 29, 20, 489, 1, 19, 145, 29878 }, // U+04D5
    { 14, 32, 299, 3, 32, 112, 30023 }, // U+04D6
    { 18, 27, 318, 1, 26, 122, 30135 }, // U+04D7
    { 24, 26, 436, 2, 25, 156, 30257 }, // U+04D8
    { 18, 20, 318, 1, 19, 90, 30413 }, // U+04D9
    { 24, 33, 436, 2, 32, 198, 30503 }, // U+04DA
    { 18, 27, 318, 1, 26, 122, 30701 }, // U+04DB
    { 33, 32, 533, 0, 32, 264, 30823 }, // U+04DC
    { 29, 26, 462, 0, 26, 189, 31087 }, // U+04DD
    { 17, 33, 316, 1, 32, 141, 31276 }, // U+04DE
    { 15, 27, 275, 1, 26, 102, 31417 }, // U+04DF
    { 19, 25, 315, 0, 24, 119, 31519 }, // U+04E0
    { 19, 27, 310, 0, 19, 129, 31638 }, // U+04E1
    { 21, 30, 422, 3, 30, 158, 31767 }, // U+04E2
    { 18, 24, 359, 2, 24, 108, 31925 }, // U+04E3
    { 21, 32, 422, 3, 32, 168, 32033 }, // U+04E4
    { 18, 26, 359, 2, 26, 117, 32201 }, // U+04E5
    { 24, 33, 422, 1, 32, 198, 32318 }, // U+04E6
    { 19, 27, 333, 1, 26, 129, 32516 }, // U+04E7
    { 24, 26, 422, 1, 25, 156, 32645 }, // U+04E8
    { 19, 20, 333, 1, 19, 95, 32801 }, // U+04E9
    { 24, 33, 422, 1, 32, 198, 32896 }, // U+04EA
    { 19, 27, 333, 1, 26, 129, 33094 }, // U+04EB
    { 19, 33, 348, 1, 32, 157, 33223 }, // U+04EC
    { 16, 27, 279, 1, 26, 108, 33380 }, // U+04ED
    { 22, 31, 344, 0, 30, 171, 33488 }, // U+04EE
    { 21, 32, 304, -1, 24, 168, 33659 }, // U+04EF
    { 22, 33, 344, 0, 32, 182, 33827 }, // U+04F0
    { 21, 34, 304, -1, 26, 179, 34009 }, // U+04F1
    { 22, 33, 344, 0, 32, 182, 34188 }, // U+04F2
    { 20, 34, 304, 0, 26, 170, 34370 }, // U+04F3
    { 19, 32, 384, 2, 32, 152, 34540 }, // U+04F4
    { 17, 26, 340, 2, 26, 111, 34692 }, // U+04F5
    { 16, 31, 299, 3, 24, 124, 34803 }, // U+04F6
    { 14, 26, 255, 2, 19, 91, 34927 }, // U+04F7
    { 25, 32, 491, 3, 32, 200, 35018 }, // U+04F8
    { 24, 26, 455, 2, 26, 156, 35218 }, // U+04F9
    { 18, 33, 298, 0, 24, 149, 35374 }, // U+04FA
    { 16, 27, 262, 0, 19, 108, 35523 }, // U+04FB
    { 24, 33, 389, 0, 24, 198, 35631 }, // U+04FC
    { 21, 27, 344, 0, 19, 142, 35829 }, // U+04FD
    { 23, 24, 357, 0, 24, 138, 35971 }, // U+04FE
    { 20, 19, 308, 0, 19, 95, 36109 }, // U+04FF
    { 27, 29, 439, 0, 23, 196, 0 }, // U+1EA0
    { 19, 25, 314, 1, 18, 119, 196 }, // U+1EA1
    { 27, 31, 439, 0, 31, 210, 315 }, // U+1EA2
    { 19, 27, 314, 1, 27, 129, 525 }, // U+1EA3
    { 27, 32, 439, 0, 32, 216, 654 }, // U+1EA4
    { 20, 29, 314, 1, 29, 145, 870 }, // U+1EA5
    { 27, 32, 439, 0, 32, 216, 1015 }, // U+1EA6
    { 23, 29, 314, -3, 29, 167, 1231 }, // U+1EA7
    { 27, 35, 439, 0, 35, 237, 1398 }, // U+1EA8
    { 19, 31, 314, 1, 31, 148, 1635 }, // U+1EA9
    { 27, 32, 439, 0, 32, 216, 1783 }, // U+1EAA
    { 19, 29, 314, 1, 29, 138, 1999 }, // U+1EAB
    { 27, 36, 439, 0, 30, 243, 2137 }, // U+1EAC
    { 19, 33, 314, 1, 26, 157, 2380 }, // U+1EAD
    { 27, 33, 439, 0, 33, 223, 2537 }, // U+1EAE
    { 19, 29, 314, 1, 29, 138, 2760 }, // U+1EAF
    { 27, 33, 439, 0, 33, 223, 2898 }, // U+1EB0
    { 19, 29, 314, 1, 29, 138, 3121 }, // U+1EB1
    { 27, 33, 439, 0, 33, 223, 3259 }, // U+1EB2
    { 19, 30, 314, 1, 30, 143, 3482 }, // U+1EB3
    { 27, 33, 439, 0, 33, 223, 3625 }, // U+1EB4
    { 19, 29, 314, 1, 29, 138, 3848 }, // U+1EB5
    { 27, 36, 439, 0, 30, 243, 3986 }, // U+1EB6
    { 19, 33, 314, 1, 26, 157, 4229 }, // U+1EB7
    { 22, 29, 380, 1, 23, 160, 4386 }, // U+1EB8
    { 17, 25, 299, 1, 18, 107, 4546 }, // U+1EB9
    { 22, 31, 380, 1, 31, 171, 4653 }, // U+1EBA
    { 17, 27, 299, 1, 27, 115, 4824 }, // U+1EBB
    { 22, 30, 380, 1, 30, 165, 4939 }, // U+1EBC
    { 17, 25, 299, 1, 25, 107, 5104 }, // U+1EBD
    { 22, 32, 380, 1, 32, 176, 5211 }, // U+1EBE
    { 21, 29, 299, 1, 29, 153, 5387 }, // U+1EBF
    { 24, 32, 380, -1, 32, 192, 5540 }, // U+1EC0
    { 21, 29, 299, -3, 29, 153, 5732 }, // U+1EC1
    { 22, 35, 380, 1, 35, 193, 5885 }, // U+1EC2
    { 19, 31, 299, 1, 31, 148, 6078 }, // U+1EC3
    { 22, 32, 380, 1, 32, 176, 6226 }, // U+1EC4
    { 17, 29, 299, 1, 29, 124, 6402 }, // U+1EC5
    { 22, 36, 380, 1, 30, 198, 6526 }, // U+1EC6
    { 17, 33, 299, 1, 26, 141, 6724 }, // U+1EC7
    { 12, 31, 227, 1, 31, 93, 6865 }, // U+1EC8
    { 10, 27, 192, 1, 27, 68, 6958 }, // U+1EC9
    { 12, 29, 227, 1, 23, 87, 7026 }, // U+1ECA
    { 10, 34, 192, 1, 27, 85, 7113 }, // U+1ECB
    { 25, 29, 431, 1, 23, 182, 7198 }, // U+1ECC
    { 18, 25, 327, 1, 18, 113, 7380 }, // U+1ECD
    { 25, 31, 431, 1, 31, 194, 7493 }, // U+1ECE
    { 18, 27, 327, 1, 27, 122, 7687 }, // U+1ECF
    { 25, 32, 431, 1, 32, 200, 7809 }, // U+1ED0
    { 21, 29, 327, 1, 29, 153, 8009 }, // U+1ED1
    { 25, 32, 431, 1, 32, 200, 8162 }, // U+1ED2
    { 21, 29, 327, -2, 29, 153, 8362 }, // U+1ED3
    { 25, 35, 431, 1, 35, 219, 8515 }, // U+1ED4
    { 20, 31, 327, 1, 31, 155, 8734 }, // U+1ED5
    { 25, 32, 431, 1, 32, 200, 8889 }, // U+1ED6
    { 18, 29, 327, 1, 29, 131, 9089 }, // U+1ED7
    { 25, 36, 431, 1, 30, 225, 9220 }, // U+1ED8
    { 18, 33, 327, 1, 26, 149, 9445 }, // U+1ED9
    { 25, 30, 434, 1, 30, 188, 9594 }, // U+1EDA
    { 19, 26, 334, 1, 26, 124, 9782 }, // U+1EDB
    { 25, 30, 434, 1, 30, 188, 9906 }, // U+1EDC
    { 19, 26, 334, 1, 26, 124, 10094 }, // U+1EDD
    { 25, 31, 434, 1, 31, 194, 10218 }, // U+1EDE
    { 19, 27, 334, 1, 27, 129, 10412 }, // U+1EDF
    { 25, 30, 434, 1, 30, 188, 10541 }, // U+1EE0
    { 19, 25, 334, 1, 25, 119, 10729 }, // U+1EE1
    { 25, 34, 434, 1, 28, 213, 10848 }, // U+1EE2
    { 19, 31, 334, 1, 24, 148, 11061 }, // U+1EE3
    { 27, 29, 435, 0, 23, 196, 11209 }, // U+1EE4
    { 22, 25, 355, 0, 18, 138, 11405 }, // U+1EE5
    { 27, 31, 435, 0, 31, 210, 11543 }, // U+1EE6
    { 22, 27, 355, 0, 27, 149, 11753 }, // U+1EE7
    { 30, 30, 446, 0, 30, 225, 11902 }, // U+1EE8
    { 24, 26, 366, 0, 26, 156, 12127 }, // U+1EE9
    { 30, 30, 446, 0, 30, 225, 12283 }, // U+1EEA
    { 24, 26, 366, 0, 26, 156, 12508 }, // U+1EEB
    { 30, 31, 446, 0, 31, 233, 12664 }, // U+1EEC
    { 24, 27, 366, 0, 27, 162, 12897 }, // U+1EED
    { 30, 30, 446, 0, 30, 225, 13059 }, // U+1EEE
    { 24, 25, 366, 0, 25, 150, 13284 }, // U+1EEF
    { 30, 34, 446, 0, 28, 255, 13434 }, // U+1EF0
    { 24, 31, 366, 0, 24, 186, 13689 }, // U+1EF1
    { 26, 30, 413, 0, 30, 195, 13875 }, // U+1EF2
    { 21, 34, 340, 0, 26, 179, 14070 }, // U+1EF3
    { 26, 29, 413, 0, 23, 189, 14249 }, // U+1EF4
    { 21, 27, 340, 0, 18, 142, 14438 }, // U+1EF5
    { 26, 31, 413, 0, 31, 202, 14580 }, // U+1EF6
    { 21, 35, 340, 0, 27, 184, 14782 }, // U+1EF7
    { 26, 30, 413, 0, 30, 195, 14966 }, // U+1EF8
    { 21, 33, 340, 0, 25, 174, 15161 }, // U+1EF9
    { 0, 0, 267, 0, 0, 0, 0 }, // U+2000
    { 0, 0, 533, 0, 0, 0, 0 }, // U+2001
    { 0, 0, 267, 0, 0, 0, 0 }, // U+2002
    { 0, 0, 533, 0, 0, 0, 0 }, // U+2003
    { 0, 0, 178, 0, 0, 0, 0 }, // U+2004
    { 0, 0, 133, 0, 0, 0, 0 }, // U+2005
    { 0, 0, 89, 0, 0, 0, 0 }, // U+2006
    { 0, 0, 305, 0, 0, 0, 0 }, // U+2007
    { 0, 0, 150, 0, 0, 0, 0 }, // U+2008
    { 0, 0, 89, 0, 0, 0, 0 }, // U+2009
    { 0, 0, 53, 0, 0, 0, 0 }, // U+200A
    { 0, 0, 0, 0, 0, 0, 0 }, // U+200B
    { 0, 0, 0, 0, 0, 0, 0 }, // U+200C
    { 0, 0, 0, 0, 0, 0, 0 }, // U+200D
    { 9, 28, 0, -1, 23, 63, 0 }, // U+200E
    { 9, 28, 0, -8, 23, 63, 63 }, // U+200F
    { 10, 3, 211, 2, 9, 8, 126 }, // U+2010
    { 10, 5, 171, 0, 11, 13, 134 }, // U+2011
    { 17, 5, 308, 1, 14, 22, 147 }, // U+2012
    { 14, 3, 270, 1, 10, 11, 169 }, // U+2013
    { 20, 3, 354, 1, 10, 15, 180 }, // U+2014
    { 32, 4, 533, 1, 11, 32, 195 }, // U+2015
    { 13, 34, 294, 3, 26, 111, 227 }, // U+2016
    { 15, 8, 219, -1, 0, 30, 338 }, // U+2017
    { 7, 11, 148, 1, 24, 20, 368 }, // U+2018
    { 7, 11, 148, 1, 23, 20, 388 }, // U+2019
    { 7, 11, 147, 1, 6, 20, 408 }, // U+201A
    { 7, 9, 116, 0, 24, 16, 428 }, // U+201B
    { 15, 11, 268, 1, 24, 42, 444 }, // U+201C
    { 15, 11, 268, 1, 23, 42, 486 }, // U+201D
    { 14, 11, 268, 1, 6, 39, 528 }, // U+201E
    { 15, 9, 237, 0, 24, 34, 567 }, // U+201F
    { 11, 13, 214, 1, 24, 36, 601 }, // U+2020
    { 10, 13, 223, 2, 24, 33, 637 }, // U+2021
    { 11, 10, 238, 2, 13, 28, 670 }, // U+2022
    { 12, 13, 201, 1, 19, 39, 698 }, // U+2023
    { 7, 7, 267, 5, 6, 13, 737 }, // U+2024
    { 17, 7, 307, 1, 6, 30, 750 }, // U+2025
    { 24, 6, 413, 1, 6, 36, 780 }, // U+2026
    { 7, 7, 150, 1, 12, 13, 816 }, // U+2027
    { 0, 0, 320, 0, 0, 0, 829 }, // U+2028
    { 0, 0, 320, 0, 0, 0, 829 }, // U+2029
    { 9, 26, 0, -1, 21, 59, 829 }, // U+202A
    { 9, 26, 0, -8, 21, 59, 888 }, // U+202B
    { 8, 28, 0, -4, 23, 56, 947 }, // U+202C
    { 8, 28, 0, -4, 23, 56, 1003 }, // U+202D
    { 8, 28, 0, -4, 23, 56, 1059 }, // U+202E
    { 0, 0, 89, 0, 0, 0, 1115 }, // U+202F
    { 41, 23, 681, 1, 23, 236, 1115 }, // U+2030
    { 55, 26, 889, 0, 25, 358, 1351 }, // U+2031
    { 7, 9, 133, 1, 23, 16, 1709 }, // U+2032
    { 13, 9, 241, 1, 23, 30, 1725 }, // U+2033
    { 25, 9, 397, 1, 24, 57, 1755 }, // U+2034
    { 10, 9, 225, 1, 24, 23, 1812 }, // U+2035
    { 17, 9, 343, 1, 24, 39, 1835 }, // U+2036
    { 25, 9, 461, 1, 24, 57, 1874 }, // U+2037
    { 13, 11, 218, 0, 3, 36, 1931 }, // U+2038
    { 10, 17, 187, 1, 17, 43, 1967 }, // U+2039
    { 10, 17, 194, 1, 17, 43, 2010 }, // U+203A
    { 26, 26, 453, 1, 25, 169, 2053 }, // U+203B
    { 17, 25, 304, 1, 24, 107, 2222 }, // U+203C
    { 16, 26, 254, 0, 25, 104, 2329 }, // U+203D
    { 18, 4, 267, -1, 29, 18, 2433 }, // U+203E
    { 20, 8, 325, 0, 0, 40, 2451 }, // U+203F
    { 20, 8, 325, 0, 27, 40, 2491 }, // U+2040
    { 14, 22, 226, 0, 14, 77, 2531 }, // U+2041
    { 37, 31, 597, 0, 26, 287, 2608 }, // U+2042
    { 10, 5, 171, 1, 11, 13, 2895 }, // U+2043
    { 19, 23, 41, -8, 23, 110, 2908 }, // U+2044
    { 9, 30, 177, 2, 24, 68, 3018 }, // U+2045
    { 9, 30, 177, 0, 24, 68, 3086 }, // U+2046
    { 31, 26, 506, 0, 25, 202, 3154 }, // U+2047
    { 24, 26, 407, 0, 25, 156, 3356 }, // U+2048
    { 24, 26, 407, 1, 25, 156, 3512 }, // U+2049
    { 17, 19, 314, 1, 19, 81, 3668 }, // U+204A
    { 18, 31, 346, 2, 26, 140, 3749 }, // U+204B
    { 18, 18, 349, 1, 19, 81, 3889 }, // U+204C
    { 19, 18, 349, 2, 19, 86, 3970 }, // U+204D
    { 18, 17, 289, 0, 9, 77, 4056 }, // U+204E
    { 8, 24, 152, 1, 19, 48, 4133 }, // U+204F
    { 20, 35, 320, 0, 27, 175, 4181 }, // U+2050
    { 18, 34, 289, 0, 26, 153, 4356 }, // U+2051
    { 24, 23, 417, 1, 23, 138, 4509 }, // U+2052
    { 32, 7, 533, 1, 13, 56, 4647 }, // U+2053
    { 20, 8, 320, 0, 0, 40, 4703 }, // U+2054
    { 17, 17, 299, 1, 17, 73, 4743 }, // U+2055
    { 17, 26, 309, 1, 25, 111, 4816 }, // U+2056
    { 31, 9, 499, 1, 24, 70, 4927 }, // U+2057
    { 27, 26, 466, 1, 25, 176, 4997 }, // U+2058
    { 27, 26, 466, 1, 25, 176, 5173 }, // U+2059
    { 7, 26, 152, 1, 25, 46, 5349 }, // U+205A
    { 21, 28, 370, 1, 27, 147, 5395 }, // U+205B
    { 27, 27, 455, 1, 25, 183, 5542 }, // U+205C
    { 7, 27, 150, 1, 26, 48, 5725 }, // U+205D
    { 7, 26, 152, 1, 25, 46, 5773 }, // U+205E
    { 0, 0, 118, 0, 0, 0, 5819 }, // U+205F
    { 0, 0, 320, 0, 0, 0, 5819 }, // U+2060
    { 0, 0, 320, 0, 0, 0, 5819 }, // U+2061
    { 0, 0, 320, 0, 0, 0, 5819 }, // U+2062
    { 0, 0, 320, 0, 0, 0, 5819 }, // U+2063
    { 0, 0, 320, 0, 0, 0, 5819 }, // U+2064
    { 0, 0, 0, 0, 0, 0, 5819 }, // U+2066
    { 0, 0, 0, 0, 0, 0, 5819 }, // U+2067
    { 0, 0, 0, 0, 0, 0, 5819 }, // U+2068
    { 0, 0, 0, 0, 0, 0, 5819 }, // U+2069
    { 8, 28, 0, -4, 23, 56, 5819 }, // U+206A
    { 8, 28, 0, -4, 23, 56, 5875 }, // U+206B
    { 8, 28, 0, -4, 23, 56, 5931 }, // U+206C
    { 8, 29, 0, -4, 24, 58, 5987 }, // U+206D
    { 8, 28, 0, -4, 23, 56, 6045 }, // U+206E
    { 8, 28, 0, -4, 23, 56, 6101 }, // U+206F
    { 12, 12, 226, 1, 23, 36, 0 }, // U+2070
    { 5, 16, 103, 1, 25, 20, 36 }, // U+2071
    { 13, 12, 219, 0, 23, 39, 56 }, // U+2074
    { 11, 16, 203, 1, 29, 44, 95 }, // U+2075
    { 12, 16, 203, 0, 29, 48, 139 }, // U+2076
    { 12, 16, 203, 0, 29, 48, 187 }, // U+2077
    { 12, 16, 203, 0, 29, 48, 235 }, // U+2078
    { 12, 16, 203, 0, 29, 48, 283 }, // U+2079
    { 10, 10, 191, 1, 25, 25, 331 }, // U+207A
    { 10, 4, 191, 1, 22, 10, 356 }, // U+207B
    { 10, 7, 191, 1, 23, 18, 366 }, // U+207C
    { 6, 20, 129, 2, 31, 30, 384 }, // U+207D
    { 6, 20, 129, 0, 31, 30, 414 }, // U+207E
    { 12, 12, 226, 1, 21, 36, 444 }, // U+207F
    { 12, 16, 203, 0, 11, 48, 480 }, // U+2080
    { 9, 16, 203, 1, 11, 36, 528 }, // U+2081
    { 12, 16, 203, 0, 11, 48, 564 }, // U+2082
    { 12, 16, 203, 0, 11, 48, 612 }, // U+2083
    { 13, 16, 203, 0, 11, 52, 660 }, // U+2084
    { 11, 16, 203, 1, 11, 44, 712 }, // U+2085
    { 12, 16, 203, 0, 11, 48, 756 }, // U+2086
    { 12, 16, 203, 0, 11, 48, 804 }, // U+2087
    { 12, 16, 203, 0, 11, 48, 852 }, // U+2088
    { 12, 16, 203, 0, 11, 48, 900 }, // U+2089
    { 10, 10, 191, 1, 8, 25, 948 }, // U+208A
    { 10, 4, 191, 1, 5, 10, 973 }, // U+208B
    { 10, 7, 191, 1, 6, 18, 983 }, // U+208C
    { 6, 20, 129, 2, 13, 30, 1001 }, // U+208D
    { 6, 20, 129, 0, 13, 30, 1031 }, // U+208E
    { 12, 12, 207, 0, 8, 36, 1061 }, // U+2090
    { 11, 12, 207, 1, 8, 33, 1097 }, // U+2091
    { 12, 12, 216, 1, 8, 36, 1130 }, // U+2092
    { 13, 12, 201, 0, 8, 39, 1166 }, // U+2093
    { 12, 12, 207, 0, 8, 36, 1205 }, // U+2094
    { 12, 16, 226, 1, 12, 48, 1241 }, // U+2095
    { 13, 16, 211, 1, 12, 52, 1289 }, // U+2096
    { 4, 16, 103, 1, 12, 16, 1341 }, // U+2097
    { 19, 12, 338, 1, 8, 57, 1357 }, // U+2098
    { 12, 12, 226, 1, 8, 36, 1414 }, // U+2099
    { 12, 16, 219, 1, 8, 48, 1450 }, // U+209A
    { 10, 12, 174, 0, 8, 30, 1498 }, // U+209B
    { 9, 15, 146, 0, 11, 34, 1528 }, // U+209C
    { 19, 25, 305, 0, 25, 119, 0 }, // U+20A0
    { 18, 31, 327, 1, 26, 140, 119 }, // U+20A1
    { 18, 26, 305, 1, 25, 117, 259 }, // U+20A2
    { 20, 23, 358, 1, 23, 115, 376 }, // U+20A3
    { 20, 23, 359, 1, 23, 115, 491 }, // U+20A4
    { 29, 27, 520, 2, 23, 196, 606 }, // U+20A5
    { 23, 23, 408, 1, 23, 133, 802 }, // U+20A6
    { 27, 23, 495, 2, 23, 156, 935 }, // U+20A7
    { 28, 25, 489, 2, 24, 175, 1091 }, // U+20A8
    { 25, 23, 437, 1, 23, 144, 1266 }, // U+20A9
    { 26, 24, 490, 2, 24, 156, 1410 }, // U+20AA
    { 21, 31, 368, 1, 25, 163, 1566 }, // U+20AB
    { 22, 23, 395, 1, 23, 127, 1729 }, // U+20AC
    { 23, 23, 404, 1, 23, 133, 1856 }, // U+20AD
    { 19, 24, 305, 0, 24, 114, 1989 }, // U+20AE
    { 33, 33, 539, 0, 25, 273, 2103 }, // U+20AF
    { 19, 33, 325, 0, 25, 157, 2376 }, // U+20B0
    { 22, 23, 402, 2, 23, 127, 2533 }, // U+20B1
    { 20, 30, 355, 1, 26, 150, 2660 }, // U+20B2
    { 22, 24, 347, 0, 24, 132, 2810 }, // U+20B3
    { 19, 26, 305, 0, 25, 124, 2942 }, // U+20B4
    { 16, 23, 297, 1, 23, 92, 3066 }, // U+20B5
    { 23, 24, 371, 0, 23, 138, 3158 }, // U+20B6
    { 24, 28, 390, 0, 25, 168, 3296 }, // U+20B7
    { 19, 24, 306, 0, 24, 114, 3464 }, // U+20B8
    { 18, 23, 333, 1, 23, 104, 3578 }, // U+20B9
    { 18, 23, 353, 2, 23, 104, 3682 }, // U+20BA
    { 27, 26, 433, 0, 25, 176, 3786 }, // U+20BB
    { 19, 23, 344, 1, 23, 110, 3962 }, // U+20BC
    { 21, 23, 362, 1, 23, 121, 4072 }, // U+20BD
    { 24, 26, 421, 1, 26, 156, 4193 }, // U+20BE
    { 15, 32, 305, 3, 28, 120, 4349 }, // U+20BF
    { 16, 25, 279, 1, 19, 100, 4469 }, // U+20C0
    { 15, 3, 280, 1, 10, 12, 0 }, // U+2212
    { 19, 23, 41, -8, 23, 110, 12 }, // U+2215
    { 11, 10, 280, 3, 13, 28, 122 }, // U+2219
    { 15, 13, 280, 1, 14, 49, 150 }, // U+2248
    { 15, 17, 280, 1, 16, 64, 199 }, // U+2260
    { 16, 17, 280, 1, 17, 68, 263 }, // U+2264
    { 16, 17, 280, 1, 17, 68, 331 }, // U+2265
    { 31, 26, 433, 0, 26, 202, 0 }, // U+FB00
    { 23, 26, 383, 0, 26, 150, 202 }, // U+FB01
    { 23, 26, 383, 0, 26, 150, 352 }, // U+FB02
    { 35, 26, 568, 0, 26, 228, 502 }, // U+FB03
    { 35, 26, 568, 0, 26, 228, 730 }, // U+FB04
    { 23, 27, 417, 2, 26, 156, 958 }, // U+FB05
    { 29, 27, 496, 1, 26, 196, 1114 }, // U+FB06
    { 31, 32, 533, 1, 26, 248, 0 }, // U+FFFD
};

static const EpdUnicodeInterval libron_16_boldIntervals[] = {
    { 0x0, 0x0, 0x0 },
    { 0xD, 0xD, 0x1 },
    { 0x20, 0x7E, 0x2 },
    { 0xA0, 0x17F, 0x61 },
    { 0x1A0, 0x1A1, 0x141 },
    { 0x1AF, 0x1B0, 0x143 },
    { 0x1C4, 0x21F, 0x145 },
    { 0x300, 0x36F, 0x1A1 },
    { 0x400, 0x4FF, 0x211 },
    { 0x1EA0, 0x1EF9, 0x311 },
    { 0x2000, 0x2064, 0x36B },
    { 0x2066, 0x2071, 0x3D0 },
    { 0x2074, 0x208E, 0x3DC },
    { 0x2090, 0x209C, 0x3F7 },
    { 0x20A0, 0x20C0, 0x404 },
    { 0x2212, 0x2212, 0x425 },
    { 0x2215, 0x2215, 0x426 },
    { 0x2219, 0x2219, 0x427 },
    { 0x2248, 0x2248, 0x428 },
    { 0x2260, 0x2260, 0x429 },
    { 0x2264, 0x2265, 0x42A },
    { 0xFB00, 0xFB06, 0x42C },
    { 0xFFFD, 0xFFFD, 0x433 },
};

static const EpdFontGroup libron_16_boldGroups[] = {
    { 0, 3922, 10307, 97, 0 },
    { 3922, 3392, 12419, 96, 97 },
    { 7314, 4381, 19830, 128, 193 },
    { 11695, 4543, 17823, 96, 321 },
    { 16238, 1413, 2555, 112, 417 },
    { 17651, 10605, 38711, 256, 529 },
    { 28256, 2551, 16480, 90, 785 },
    { 30807, 2364, 6666, 111, 875 },
    { 33171, 729, 1719, 42, 986 },
    { 33900, 2074, 4838, 33, 1028 },
    { 35974, 194, 413, 7, 1061 },
    { 36168, 409, 1366, 7, 1068 },
    { 36577, 134, 256, 1, 1075 },
};

static const uint16_t libron_16_boldKernLeftCodepoints[] = {
    0x0020, 0x0022, 0x0026, 0x0027, 0x0028, 0x0029, 0x002A, 0x002C, 0x002D, 0x002E, 0x002F, 0x0030,
    0x0031, 0x0032, 0x0033, 0x0034, 0x0035, 0x0036, 0x0037, 0x0038, 0x0039, 0x003A, 0x003B, 0x003F,
    0x0040, 0x0041, 0x0042, 0x0043, 0x0044, 0x0045, 0x0046, 0x0047, 0x0048, 0x0049, 0x004A, 0x004B,
    0x004C, 0x004D, 0x004E, 0x004F, 0x0050, 0x0051, 0x0052, 0x0053, 0x0054, 0x0055, 0x0056, 0x0057,
    0x0058, 0x0059, 0x005A, 0x005B, 0x005C, 0x005D, 0x005F, 0x0061, 0x0062, 0x0063, 0x0064, 0x0065,
    0x0066, 0x0067, 0x0068, 0x0069, 0x006A, 0x006B, 0x006C, 0x006D, 0x006E, 0x006F, 0x0070, 0x0071,
    0x0072, 0x0073, 0x0074, 0x0075, 0x0076, 0x0077, 0x0078, 0x0079, 0x007A, 0x007B, 0x007D, 0x00A0,
    0x00A1, 0x00A3, 0x00A4, 0x00A5, 0x00A9, 0x00AA, 0x00AB, 0x00AD, 0x00AE, 0x00B0, 0x00B2, 0x00B3,
    0x00B7, 0x00BA, 0x00BB, 0x00BF, 0x00C0, 0x00C1, 0x00C2, 0x00C3, 0x00C4, 0x00C5, 0x00C6, 0x00C7,
    0x00C8, 0x00C9, 0x00CA, 0x00CB, 0x00CC, 0x00CD, 0x00CE, 0x00CF, 0x00D0, 0x00D1, 0x00D2, 0x00D3,
    0x00D4, 0x00D5, 0x00D6, 0x00D8, 0x00D9, 0x00DA, 0x00DB, 0x00DC, 0x00DD, 0x00DE, 0x00DF, 0x00E0,
    0x00E1, 0x00E2, 0x00E3, 0x00E4, 0x00E5, 0x00E6, 0x00E7, 0x00E8, 0x00E9, 0x00EA, 0x00EB, 0x00EC,
    0x00ED, 0x00EE, 0x00EF, 0x00F0, 0x00F1, 0x00F2, 0x00F3, 0x00F4, 0x00F5, 0x00F6, 0x00F8, 0x00F9,
    0x00FA, 0x00FB, 0x00FC, 0x00FD, 0x00FE, 0x00FF, 0x0100, 0x0101, 0x0102, 0x0103, 0x0104, 0x0105,
    0x0106, 0x0107, 0x0108, 0x0109, 0x010A, 0x010B, 0x010C, 0x010D, 0x010E, 0x010F, 0x0110, 0x0111,
    0x0112, 0x0113, 0x0114, 0x0115, 0x0116, 0x0117, 0x0118, 0x0119, 0x011A, 0x011B, 0x011C, 0x011D,
    0x011E, 0x011F, 0x0120, 0x0121, 0x0122, 0x0123, 0x0124, 0x0125, 0x0126, 0x0127, 0x0128, 0x0129,
    0x012A, 0x012B, 0x012C, 0x012D, 0x012E, 0x012F, 0x0130, 0x0131, 0x0134, 0x0135, 0x0136, 0x0137,
    0x0138, 0x0139, 0x013A, 0x013B, 0x013C, 0x013D, 0x013E, 0x013F, 0x0141, 0x0142, 0x0143, 0x0144,
    0x0145, 0x0146, 0x0147, 0x0148, 0x014A, 0x014B, 0x014C, 0x014D, 0x014E, 0x014F, 0x0150, 0x0151,
    0x0152, 0x0153, 0x0154, 0x0155, 0x0156, 0x0157, 0x0158, 0x0159, 0x015A, 0x015B, 0x015C, 0x015D,
    0x015E, 0x015F, 0x0160, 0x0161, 0x0162, 0x0163, 0x0164, 0x0165, 0x0166, 0x0167, 0x0168, 0x0169,
    0x016A, 0x016B, 0x016C, 0x016D, 0x016E, 0x016F, 0x0170, 0x0171, 0x0172, 0x0173, 0x0174, 0x0175,
    0x0176, 0x0177, 0x0178, 0x0179, 0x017A, 0x017B, 0x017C, 0x017D, 0x017E, 0x01A0, 0x01A1, 0x01AF,
    0x01B0, 0x01C4, 0x01C5, 0x01C6, 0x01C7, 0x01C8, 0x01C9, 0x01CA, 0x01CB, 0x01CC, 0x01E6, 0x01E7,
    0x01EA, 0x01EB, 0x01FA, 0x01FB, 0x01FC, 0x01FD, 0x01FE, 0x01FF, 0x0200, 0x0201, 0x0202, 0x0203,
    0x0204, 0x0205, 0x0206, 0x0207, 0x0208, 0x0209, 0x020A, 0x020B, 0x020C, 0x020D, 0x020E, 0x020F,
    0x0210, 0x0211, 0x0212, 0x0213, 0x0214, 0x0215, 0x0216, 0x0217, 0x0218, 0x0219, 0x021A, 0x021B,
    0x0400, 0x0401, 0x0402, 0x0403, 0x0404, 0x0405, 0x0409, 0x040A, 0x040B, 0x040C, 0x040E, 0x0410,
    0x0411, 0x0412, 0x0413, 0x0414, 0x0415, 0x0416, 0x0417, 0x041A, 0x041E, 0x0420, 0x0421, 0x0422,
    0x0423, 0x0424, 0x0425, 0x0426, 0x0429, 0x042A, 0x042C, 0x042D, 0x042E, 0x0430, 0x0431, 0x0432,
    0x0433, 0x0434, 0x0435, 0x0436, 0x0437, 0x0438, 0x0439, 0x043A, 0x043B, 0x043C, 0x043D, 0x043E,
    0x043F, 0x0440, 0x0441, 0x0442, 0x0443, 0x0444, 0x0445, 0x0446, 0x0447, 0x0448, 0x0449, 0x044A,
    0x044B, 0x044C, 0x044D, 0x044E, 0x044F, 0x0450, 0x0451, 0x0452, 0x0453, 0x0454, 0x0455, 0x0457,
    0x0458, 0x0459, 0x045A, 0x045B, 0x045C, 0x045D, 0x045E, 0x045F, 0x0460, 0x0461, 0x0462, 0x0463,
    0x0464, 0x0465, 0x0466, 0x0467, 0x0468, 0x0469, 0x046E, 0x0471, 0x0472, 0x0473, 0x0474, 0x0475,
    0x0476, 0x0477, 0x0478, 0x0479, 0x047A, 0x047B, 0x047C, 0x047D, 0x047E, 0x047F, 0x0480, 0x048A,
    0x048B, 0x048C, 0x048D, 0x048E, 0x048F, 0x0490, 0x0491, 0x0492, 0x0493, 0x0496, 0x0497, 0x0498,
    0x0499, 0x049A, 0x049B, 0x049C, 0x049D, 0x049E, 0x049F, 0x04A0, 0x04A1, 0x04A2, 0x04A3, 0x04A4,
    0x04A5, 0x04A9, 0x04AA, 0x04AB, 0x04AC, 0x04AD, 0x04AE, 0x04AF, 0x04B0, 0x04B1, 0x04B2, 0x04B3,
    0x04B4, 0x04B5, 0x04B6, 0x04B7, 0x04BC, 0x04BD, 0x04BE, 0x04BF, 0x04C1, 0x04C2, 0x04C5, 0x04C6,
    0x04C9, 0x04CA, 0x04CD, 0x04CE, 0x04D0, 0x04D1, 0x04D2, 0x04D3, 0x04D4, 0x04D5, 0x04D6, 0x04D7,
    0x04D8, 0x04D9, 0x04DA, 0x04DB, 0x04DC, 0x04DD, 0x04DE, 0x04DF, 0x04E3, 0x04E5, 0x04E6, 0x04E7,
    0x04E8, 0x04E9, 0x04EA, 0x04EB, 0x04EC, 0x04ED, 0x04EE, 0x04EF, 0x04F0, 0x04F1, 0x04F2, 0x04F3,
    0x04F5, 0x04F6, 0x04F7, 0x04F9, 0x04FA, 0x04FB, 0x04FC, 0x04FD, 0x04FE, 0x04FF, 0x1EA0, 0x1EA1,
    0x1EA2, 0x1EA3, 0x1EA4, 0x1EA5, 0x1EA6, 0x1EA7, 0x1EA8, 0x1EA9, 0x1EAA, 0x1EAB, 0x1EAC, 0x1EAD,
    0x1EAE, 0x1EAF, 0x1EB0, 0x1EB1, 0x1EB2, 0x1EB3, 0x1EB4, 0x1EB5, 0x1EB6, 0x1EB7, 0x1EB8, 0x1EB9,
    0x1EBA, 0x1EBB, 0x1EBC, 0x1EBD, 0x1EBE, 0x1EBF, 0x1EC0, 0x1EC1, 0x1EC2, 0x1EC3, 0x1EC4, 0x1EC5,
    0x1EC6, 0x1EC7, 0x1EC8, 0x1EC9, 0x1ECA, 0x1ECB, 0x1ECC, 0x1ECD, 0x1ECE, 0x1ECF, 0x1ED0, 0x1ED1,
    0x1ED2, 0x1ED3, 0x1ED4, 0x1ED5, 0x1ED6, 0x1ED7, 0x1ED8, 0x1ED9, 0x1EDA, 0x1EDB, 0x1EDC, 0x1EDD,
    0x1EDE, 0x1EDF, 0x1EE0, 0x1EE1, 0x1EE2, 0x1EE3, 0x1EE4, 0x1EE5, 0x1EE6, 0x1EE7, 0x1EE8, 0x1EE9,
    0x1EEA, 0x1EEB, 0x1EEC, 0x1EED, 0x1EEE, 0x1EEF, 0x1EF0, 0x1EF1, 0x1EF2, 0x1EF3, 0x1EF4, 0x1EF5,
    0x1EF6, 0x1EF7, 0x1EF8, 0x1EF9, 0x2013, 0x2014, 0x2015, 0x2018, 0x2019, 0x201A, 0x201C, 0x201D,
    0x201E, 0x2022, 0x2026, 0x2032, 0x2033, 0x2039, 0x203A, 0x2052, 0x2070, 0x2074, 0x20A3, 0x20AD,
    0x20B1, 0x20B9, 0x20BA, 0x20BC, 0xFB00, 0xFB01, 0xFB02, 0xFB03, 0xFB04,
};

static const uint8_t libron_16_boldKernLeftClassIds[] = {
      1,   2,   3,   2,   4,   5,   6,   7,   8,   9,  10,  11,  12,  13,  14,  15,
     16,  17,  18,  19,  20,  21,  21,  22,  23,  24,  25,  26,  27,  28,  29,  30,
     31,  31,  32,  33,  34,  35,  36,  37,  38,  39,  40,  41,  42,  43,  44,  45,
     46,  47,  48,  49,  50,  51,  52,  53,  54,  55,  56,  57,  58,  59,  60,  61,
     62,  63,  64,  60,  60,  65,  54,  66,  67,  68,  69,  70,  71,  72,  73,  74,
     75,  76,  77,   1,  78,  79,  80,  81,  82,  83,  84,   8,  85,  86,  87,  88,
     89,  90,  91,  92,  24,  24,  24,  24,  24,  24,  28,  26,  28,  28,  28,  28,
     31,  93,  31,  31,  27,  36,  37,  37,  37,  37,  37,  94,  43,  43,  43,  43,
     47,  95,  96,  53,  97,  53,  53,  98,  53,  57,  55,  57,  99, 100, 101,  61,
    102, 103, 104, 105,  60,  65, 106,  65,  65,  65, 107,  70,  70,  70,  70,  74,
     54,  74,  24,  53,  24,  53, 108, 109,  26, 110,  26, 111,  26,  55,  26,  55,
     27, 112,  27, 113,  28,  57,  28,  57,  28,  57,  28,  57,  28, 114,  30,  59,
     30,  59,  30,  59,  30,  59,  31,  60, 115,  60,  31, 116,  31, 117,  31, 118,
     31,  61,  31,  61,  32, 119,  33,  63, 120,  34,  64,  34,  64, 121, 122,  34,
     34, 123,  36,  60,  36,  60,  36,  60,  36,  60,  37,  65,  37,  65,  37, 124,
     28,  57,  40, 125,  40,  67,  40, 126,  41, 127,  41, 128,  41,  68, 129, 130,
     42,  69,  42, 131, 132, 133,  43,  70,  43,  70,  43,  70,  43,  70,  43, 134,
     43,  70,  45,  72,  47,  74,  47,  48,  75,  48,  75,  48,  75, 135, 136, 137,
    138,  48,  75,  75,  32,  62,  62,  32,  62,  62,  30,  59,  37,  65,  24,  53,
     28,  57,  94, 139,  24,  53,  24,  53,  28,  57,  28, 100,  31, 140,  31, 141,
     37,  65,  37,  65,  40,  67,  40, 142,  43,  70,  43,  70,  41,  68,  42,  69,
    143, 143, 144, 145, 146, 147, 148, 148, 144, 149, 150, 151, 152, 153, 145, 154,
    143, 149, 153, 149, 155, 156, 146, 145, 150, 157, 149, 154, 154, 148, 148, 155,
    155, 158, 159, 160, 161, 162, 163, 164, 160, 165, 165, 164, 165, 165, 165, 163,
    165, 163, 166, 161, 167, 163, 164, 162, 165, 165, 162, 168, 165, 168, 163, 163,
    165, 163, 163, 169, 170, 166, 171, 172, 173, 168, 168, 174, 164, 165, 167, 165,
    155, 175, 176, 168, 146, 166, 151, 177, 151, 177, 178, 163, 155, 163, 150, 175,
    150, 175, 167, 167, 155, 163, 155, 163, 155, 175, 146, 154, 162, 176, 168, 156,
    163, 179, 180, 181, 182, 183, 184, 178, 160, 183, 184, 149, 164, 149, 164, 149,
    164, 154, 162, 181, 180, 163, 146, 166, 179, 180, 185, 186, 185, 186, 183, 184,
    154, 162, 154, 162, 187, 188, 187, 188, 149, 164, 154, 162, 154, 162, 154, 162,
    151, 158, 151, 158, 143, 188, 143, 188, 155, 163, 155, 163, 149, 164, 178, 160,
    165, 165, 155, 163, 155, 163, 155, 163, 155, 163, 150, 167, 150, 167, 150, 167,
    165, 179, 180, 165, 181, 182, 183, 184, 149, 184,  24,  53,  24,  53,  24, 189,
     24,  53,  24, 190,  24,  53,  24,  53,  24,  53,  24,  53,  24,  53,  24,  53,
     24,  53,  28,  57,  28,  57,  28,  57,  28, 191,  28, 100,  28, 192,  28, 100,
     28, 100,  31, 193,  31,  61,  37,  65,  37,  65,  37, 194,  37,  65,  37, 195,
     37,  65,  37,  65, 135, 136, 135, 136, 135, 136, 135, 136, 135, 136,  43,  70,
     43,  70, 137, 138, 137, 138, 137, 138, 137, 138, 196, 197,  47,  74,  47, 198,
     47,  74,  47,  74, 199, 199, 200, 201, 202, 203, 201, 202, 204, 205,   9, 206,
    206,  84,  91, 207, 208, 209, 210, 211, 211, 212, 213, 214, 215, 216,  64, 216,
     64,
};

static const uint16_t libron_16_boldKernRightCodepoints[] = {
    0x0020, 0x0021, 0x0022, 0x0026, 0x0027, 0x0028, 0x0029, 0x002A, 0x002C, 0x002D, 0x002E, 0x002F,
    0x0030, 0x0031, 0x0032, 0x0033, 0x0034, 0x0035, 0x0036, 0x0037, 0x0038, 0x0039, 0x003A, 0x003B,
    0x003F, 0x0040, 0x0041, 0x0042, 0x0043, 0x0044, 0x0045, 0x0046, 0x0047, 0x0048, 0x0049, 0x004A,
    0x004B, 0x004C, 0x004D, 0x004E, 0x004F, 0x0050, 0x0051, 0x0052, 0x0053, 0x0054, 0x0055, 0x0056,
    0x0057, 0x0058, 0x0059, 0x005A, 0x005C, 0x005D, 0x005F, 0x0061, 0x0062, 0x0063, 0x0064, 0x0065,
    0x0066, 0x0067, 0x0068, 0x0069, 0x006A, 0x006B, 0x006C, 0x006D, 0x006E, 0x006F, 0x0070, 0x0071,
    0x0072, 0x0073, 0x0074, 0x0075, 0x0076, 0x0077, 0x0078, 0x0079, 0x007A, 0x007B, 0x007C, 0x007D,
    0x00A0, 0x00A1, 0x00A4, 0x00A5, 0x00A6, 0x00A9, 0x00AA, 0x00AB, 0x00AD, 0x00AE, 0x00B0, 0x00B2,
    0x00B3, 0x00B7, 0x00B9, 0x00BA, 0x00BB, 0x00BF, 0x00C0, 0x00C1, 0x00C2, 0x00C3, 0x00C4, 0x00C5,
    0x00C6, 0x00C7, 0x00C8, 0x00C9, 0x00CA, 0x00CB, 0x00CC, 0x00CD, 0x00CE, 0x00CF, 0x00D0, 0x00D1,
    0x00D2, 0x00D3, 0x00D4, 0x00D5, 0x00D6, 0x00D8, 0x00D9, 0x00DA, 0x00DB, 0x00DC, 0x00DD, 0x00DE,
    0x00DF, 0x00E0, 0x00E1, 0x00E2, 0x00E3, 0x00E4, 0x00E5, 0x00E6, 0x00E7, 0x00E8, 0x00E9, 0x00EA,
    0x00EB, 0x00EC, 0x00ED, 0x00EE, 0x00EF, 0x00F0, 0x00F1, 0x00F2, 0x00F3, 0x00F4, 0x00F5, 0x00F6,
    0x00F8, 0x00F9, 0x00FA, 0x00FB, 0x00FC, 0x00FD, 0x00FE, 0x00FF, 0x0100, 0x0101, 0x0102, 0x0103,
    0x0104, 0x0105, 0x0106, 0x0107, 0x0108, 0x0109, 0x010A, 0x010B, 0x010C, 0x010D, 0x010E, 0x010F,
    0x0110, 0x0111, 0x0112, 0x0113, 0x0114, 0x0115, 0x0116, 0x0117, 0x0118, 0x0119, 0x011A, 0x011B,
    0x011C, 0x011D, 0x011E, 0x011F, 0x0120, 0x0121, 0x0122, 0x0123, 0x0124, 0x0125, 0x0126, 0x0127,
    0x0128, 0x0129, 0x012A, 0x012B, 0x012C, 0x012D, 0x012E, 0x012F, 0x0130, 0x0131, 0x0134, 0x0135,
    0x0136, 0x0137, 0x0138, 0x0139, 0x013A, 0x013B, 0x013C, 0x013D, 0x013E, 0x013F, 0x0140, 0x0141,
    0x0142, 0x0143, 0x0144, 0x0145, 0x0146, 0x0147, 0x0148, 0x014A, 0x014B, 0x014C, 0x014D, 0x014E,
    0x014F, 0x0150, 0x0151, 0x0152, 0x0153, 0x0154, 0x0155, 0x0156, 0x0157, 0x0158, 0x0159, 0x015A,
    0x015B, 0x015C, 0x015D, 0x015E, 0x015F, 0x0160, 0x0161, 0x0162, 0x0163, 0x0164, 0x0165, 0x0166,
    0x0167, 0x0168, 0x0169, 0x016A, 0x016B, 0x016C, 0x016D, 0x016E, 0x016F, 0x0170, 0x0171, 0x0172,
    0x0173, 0x0174, 0x0175, 0x0176, 0x0177, 0x0178, 0x0179, 0x017A, 0x017B, 0x017C, 0x017D, 0x017E,
    0x01A0, 0x01A1, 0x01AF, 0x01B0, 0x01C4, 0x01C5, 0x01C6, 0x01C7, 0x01C8, 0x01C9, 0x01CA, 0x01CB,
    0x01CC, 0x01E6, 0x01E7, 0x01EA, 0x01EB, 0x01FA, 0x01FB, 0x01FC, 0x01FD, 0x01FE, 0x01FF, 0x0200,
    0x0201, 0x0202, 0x0203, 0x0204, 0x0205, 0x0206, 0x0207, 0x0208, 0x0209, 0x020A, 0x020B, 0x020C,
    0x020D, 0x020E, 0x020F, 0x0210, 0x0211, 0x0212, 0x0213, 0x0214, 0x0215, 0x0216, 0x0217, 0x0218,
    0x0219, 0x021A, 0x021B, 0x0402, 0x0404, 0x0405, 0x0408, 0x0409, 0x040B, 0x040E, 0x0410, 0x0414,
    0x0416, 0x0417, 0x041B, 0x041E, 0x0421, 0x0422, 0x0423, 0x0424, 0x0425, 0x0427, 0x042A, 0x042D,
    0x042F, 0x0430, 0x0431, 0x0432, 0x0433, 0x0434, 0x0435, 0x0436, 0x0437, 0x0438, 0x0439, 0x043A,
    0x043B, 0x043C, 0x043D, 0x043E, 0x043F, 0x0440, 0x0441, 0x0442, 0x0443, 0x0444, 0x0445, 0x0446,
    0x0447, 0x0448, 0x0449, 0x044A, 0x044B, 0x044C, 0x044D, 0x044E, 0x044F, 0x0450, 0x0451, 0x0452,
    0x0453, 0x0454, 0x0455, 0x0457, 0x0458, 0x0459, 0x045A, 0x045B, 0x045C, 0x045D, 0x045E, 0x045F,
    0x0460, 0x0461, 0x0462, 0x0465, 0x0466, 0x0467, 0x0469, 0x046D, 0x046E, 0x0470, 0x0472, 0x0473,
    0x0474, 0x0475, 0x0476, 0x0477, 0x0478, 0x0479, 0x047A, 0x047B, 0x047C, 0x047D, 0x047E, 0x047F,
    0x0480, 0x0481, 0x048B, 0x048C, 0x048D, 0x048F, 0x0491, 0x0492, 0x0495, 0x0496, 0x0497, 0x0498,
    0x0499, 0x049B, 0x049D, 0x049F, 0x04A0, 0x04A1, 0x04A3, 0x04A5, 0x04A7, 0x04A8, 0x04A9, 0x04AA,
    0x04AB, 0x04AC, 0x04AD, 0x04AE, 0x04AF, 0x04B0, 0x04B1, 0x04B2, 0x04B3, 0x04B4, 0x04B5, 0x04B6,
    0x04B7, 0x04B8, 0x04B9, 0x04BB, 0x04BC, 0x04BD, 0x04BE, 0x04BF, 0x04C1, 0x04C2, 0x04C4, 0x04C5,
    0x04C6, 0x04C8, 0x04CA, 0x04CB, 0x04CC, 0x04CE, 0x04D0, 0x04D1, 0x04D2, 0x04D3, 0x04D4, 0x04D5,
    0x04D7, 0x04D8, 0x04D9, 0x04DA, 0x04DB, 0x04DC, 0x04DD, 0x04DE, 0x04DF, 0x04E3, 0x04E5, 0x04E6,
    0x04E7, 0x04E8, 0x04E9, 0x04EA, 0x04EB, 0x04EC, 0x04ED, 0x04EE, 0x04EF, 0x04F0, 0x04F1, 0x04F2,
    0x04F3, 0x04F4, 0x04F5, 0x04F7, 0x04F9, 0x04FA, 0x04FC, 0x04FD, 0x04FE, 0x04FF, 0x1EA0, 0x1EA1,
    0x1EA2, 0x1EA3, 0x1EA4, 0x1EA5, 0x1EA6, 0x1EA7, 0x1EA8, 0x1EA9, 0x1EAA, 0x1EAB, 0x1EAC, 0x1EAD,
    0x1EAE, 0x1EAF, 0x1EB0, 0x1EB1, 0x1EB2, 0x1EB3, 0x1EB4, 0x1EB5, 0x1EB6, 0x1EB7, 0x1EB8, 0x1EB9,
    0x1EBA, 0x1EBB, 0x1EBC, 0x1EBD, 0x1EBE, 0x1EBF, 0x1EC0, 0x1EC1, 0x1EC2, 0x1EC3, 0x1EC4, 0x1EC5,
    0x1EC6, 0x1EC7, 0x1EC8, 0x1EC9, 0x1ECA, 0x1ECB, 0x1ECC, 0x1ECD, 0x1ECE, 0x1ECF, 0x1ED0, 0x1ED1,
    0x1ED2, 0x1ED3, 0x1ED4, 0x1ED5, 0x1ED6, 0x1ED7, 0x1ED8, 0x1ED9, 0x1EDA, 0x1EDB, 0x1EDC, 0x1EDD,
    0x1EDE, 0x1EDF, 0x1EE0, 0x1EE1, 0x1EE2, 0x1EE3, 0x1EE4, 0x1EE5, 0x1EE6, 0x1EE7, 0x1EE8, 0x1EE9,
    0x1EEA, 0x1EEB, 0x1EEC, 0x1EED, 0x1EEE, 0x1EEF, 0x1EF0, 0x1EF1, 0x1EF2, 0x1EF3, 0x1EF4, 0x1EF5,
    0x1EF6, 0x1EF7, 0x1EF8, 0x1EF9, 0x2013, 0x2014, 0x2015, 0x2018, 0x2019, 0x201A, 0x201C, 0x201D,
    0x201E, 0x2020, 0x2021, 0x2022, 0x2026, 0x2032, 0x2033, 0x2039, 0x203A, 0x2070, 0x2074, 0x20AB,
    0x20B9, 0x20BC, 0xFB00, 0xFB01, 0xFB02, 0xFB03, 0xFB04,
};

static const uint8_t libron_16_boldKernRightClassIds[] = {
      1,   2,   3,   4,   3,   5,   6,   7,   8,   9,  10,  11,  12,  13,  14,  15,
     16,  17,  18,  19,  20,  21,  22,  23,  24,  25,  26,  27,  28,  27,  27,  27,
     28,  27,  27,  29,  27,  27,  30,  31,  28,  27,  28,  27,  32,  33,  34,  35,
     36,  37,  38,  39,  40,  41,  42,  43,  44,  45,  46,  45,  47,  48,  49,  50,
     51,  52,  53,  54,  54,  45,  55,  46,  54,  56,  57,  58,  59,  60,  61,  62,
     63,  64,  65,  66,   1,  67,  68,  69,  65,  70,  71,  72,   9,  73,  74,  75,
     76,  77,  78,  79,  80,  81,  26,  26,  26,  26,  26,  26,  82,  28,  27,  27,
     27,  27,  83,  27,  27,  27,  27,  31,  28,  28,  28,  28,  28,  84,  34,  34,
     34,  34,  38,  27,  85,  86,  43,  87,  88,  89,  90,  43,  45,  91,  45,  92,
     93,  94,  95,  96,  97,  98,  54,  99,  45, 100, 101, 102, 103, 104,  58,  58,
    105,  62, 106,  62,  26, 107,  26, 108,  26,  43,  28,  45,  28, 109,  28,  45,
     28, 110,  27,  46,  27,  46,  27, 111,  27, 112,  27,  45,  27,  45,  27, 113,
     28, 114,  28, 115,  28,  48,  28,  48,  27,  49, 116, 117, 118, 119,  27, 120,
     27, 121,  27, 122,  27, 123,  29, 124,  27, 125,  54,  27,  53,  27,  53,  27,
     53,  27,  53, 126, 127,  31,  54,  31,  54,  31, 128,  31,  54,  28, 101,  28,
    129,  28,  45,  28,  45,  27,  54,  27,  54,  27, 130,  32,  56,  32, 131,  32,
     56,  32, 132,  33,  57,  33, 133, 134, 135,  34,  58,  34,  58,  34, 136,  34,
     58,  34,  58,  34,  58,  36,  60,  38,  62,  38,  39, 137,  39,  63,  39, 138,
     28,  45,  34,  58,  27,  27,  46,  27,  27,  53,  31,  31,  54,  28, 139,  28,
     45,  26,  90,  82,  43,  84, 103,  26, 140,  26, 141,  27, 142,  27, 143,  27,
    144,  27, 145,  28, 146,  28,  45,  27, 147,  27, 148,  34, 149,  34,  58,  32,
     56,  33,  57, 150, 151, 152, 153, 154, 150, 155, 156, 157, 158, 159, 154, 151,
    151, 150, 155, 160, 158, 161, 150, 159, 162, 163, 164, 165, 165, 166, 167, 168,
    169, 165, 165, 165, 170, 165, 165, 167, 165, 165, 167, 171, 172, 167, 168, 165,
    173, 165, 165, 171, 165, 165, 169, 165, 174, 167, 167, 175, 165, 167, 176, 177,
    178, 170, 165, 175, 165, 165, 172, 165, 179, 180, 181, 182, 156, 166, 182, 182,
    159, 161, 179, 163, 183, 180, 183, 180, 179, 163, 179, 163, 179, 163, 179, 180,
    179, 163, 182, 181, 175, 182, 182, 181, 182, 158, 168, 159, 169, 182, 182, 175,
    184, 171, 182, 182, 182, 179, 163, 179, 163, 150, 171, 185, 186, 185, 186, 158,
    168, 184, 171, 161, 173, 161, 173, 182, 187, 188, 187, 188, 158, 168, 182, 189,
    166, 182, 182, 161, 173, 182, 156, 190, 156, 190, 156, 190, 163, 191, 190, 191,
    190, 158, 168, 159, 169, 165, 165, 179, 163, 179, 163, 179, 163, 159, 169, 155,
    172, 155, 172, 155, 172, 161, 173, 182, 165, 181, 158, 168, 158, 168,  26,  43,
     26, 192,  26,  87,  26, 193,  26,  87,  26, 194,  26,  87,  26, 195,  26, 196,
     26, 195,  26, 197,  26, 108,  27,  45,  27, 198,  27, 199,  27,  92,  27, 200,
     27,  92,  27, 201,  27,  92,  27, 202,  27, 122,  28,  45,  28,  45,  28, 100,
     28, 203,  28, 100,  28, 204,  28, 100,  28,  45,  28,  99,  28,  45,  28, 101,
     28,  45,  34,  58,  34,  58,  34,  58,  34, 104,  34,  58,  34,  58,  34,  58,
     38, 205,  38,  62,  38,  62,  38,  62, 206, 206, 207, 208, 209, 210, 208, 209,
    211, 212, 213, 214,  10, 215, 215,  72,  80, 216, 217, 218, 219, 220,  85,  47,
     47,  85,  85,
};

static const uint16_t libron_16_boldKernRowOffsets[] = {
        0,    32,   146,   195,   302,   309,   443,   497,   596,   650,   744,   766,   797,   811,   846,   877,
      893,   917,   950,   968,   994,  1014,  1022,  1048,  1162,  1242,  1300,  1390,  1460,  1594,  1652,  1752,
     1876,  1989,  2045,  2140,  2263,  2329,  2434,  2502,  2588,  2691,  2815,  2941,  3085,  3227,  3336,  3480,
     3573,  3662,  3682,  3684,  3695,  3733,  3779,  3841,  3875,  3912,  4052,  4166,  4201,  4227,  4239,  4332,
     4363,  4404,  4430,  4533,  4583,  4669,  4699,  4800,  4895,  4972,  5080,  5117,  5207,  5217,  5240,  5241,
     5242,  5251,  5269,  5272,  5369,  5422,  5427,  5435,  5450,  5539,  5540,  5644,  5774,  5875,  5941,  6010,
     6080,  6118,  6156,  6193,  6230,  6267,  6310,  6340,  6380,  6417,  6458,  6499,  6613,  6658,  6719,  6781,
     6887,  6923,  6960,  7061,  7099,  7127,  7164,  7182,  7275,  7331,  7398,  7408,  7449,  7553,  7656,  7705,
     7755,  7858,  7908,  8004,  8128,  8214,  8244,  8288,  8302,  8421,  8478,  8519,  8545,  8573,  8676,  8677,
     8688,  8709,  8714,  8715,  8723,  8735,  8759,  8775,  8777,  8780,  8791,  8806,  8819,  8833,  8838,  8849,
     8856,  8864,  8874,  8885,  8896,  8898,  8901,  8910,  8925,  8930,  8941,  8945,  8948,  8950,  8954,  8955,
     8961,  8968,  8970,  8992,  8998,  9013,  9015,  9020,  9022,  9033,  9034,  9037,  9039,  9080,  9128,  9173,
     9218,  9244,  9293,  9341,  9461,  9519,  9627,  9726,  9732,  9850,  9974, 10029, 10084, 10101, 10128, 10129,
    10135, 10152, 10154, 10155, 10156, 10157, 10158, 10299, 10325,
};

static const uint8_t libron_16_boldKernSparseCols[] = {
      2,   6,   7,   9,  10,  23,  25,  28,  32,  34,  35,  36,  37,  39,  40,  41,
     56,  58,  59,  61,  72,  81, 132, 133, 134, 143, 204, 207, 208, 209, 210, 214,
      0,   3,   5,   7,   8,   9,  15,  16,  17,  21,  22,  25,  28,  30,  32,  33,
     34,  35,  36,  37,  40,  42,  43,  44,  45,  46,  47,  48,  51,  52,  53,  54,
     55,  56,  60,  62,  63,  65,  66,  71,  79,  80,  81,  84,  85,  86,  87,  88,
     89,  90,  91,  92,  93,  95,  96,  97,  98,  99, 100, 101, 102, 105, 106, 107,
    108, 109, 110, 111, 112, 113, 114, 116, 118, 119, 120, 123, 124, 126, 127, 128,
    129, 130, 131, 132, 133, 134, 136, 137, 138, 139, 140, 141, 142, 143, 144, 145,
    146, 147, 148, 191, 192, 193, 194, 195, 196, 197, 198, 199, 200, 202, 203, 205,
    209, 210,   0,   2,   6,  25,  28,  29,  32,  33,  34,  35,  36,  37,  44,  45,
     48,  51,  52,  60,  65,  71,  81,  90,  91,  92,  97,  98,  99, 100, 101, 102,
    108, 109, 110, 111, 112, 116, 124, 125, 128, 133, 141, 142, 145, 197, 198, 199,
    200, 202, 203,   2,   3,   4,   6,   7,   8,   9,  11,  15,  17,  19,  21,  22,
     27,  28,  34,  35,  36,  37,  42,  43,  44,  45,  46,  48,  51,  52,  53,  54,
     55,  56,  57,  58,  59,  61,  62,  63,  69,  71,  72,  79,  83,  84,  85,  86,
     87,  88,  89,  90,  91,  92,  93,  96,  97,  98,  99, 100, 101, 102, 103, 104,
    105, 106, 107, 108, 109, 110, 111, 112, 120, 124, 127, 128, 129, 130, 131, 132,
    134, 135, 136, 137, 139, 140, 141, 142, 143, 145, 146, 147, 148, 191, 192, 193,
    194, 195, 196, 197, 198, 199, 200, 202, 203, 204, 205, 207, 209, 210,   5,   7,
      9,  40,  65, 209, 210,   0,   3,   4,   5,   7,   8,   9,  11,  12,  15,  16,
     17,  21,  22,  25,  26,  27,  28,  29,  30,  32,  34,  36,  37,  40,  42,  44,
     45,  46,  47,  48,  49,  50,  51,  52,  53,  54,  55,  56,  57,  58,  59,  60,
     62,  63,  65,  66,  71,  79,  80,  81,  82,  83,  84,  85,  86,  87,  88,  89,
     90,  91,  92,  93,  94,  95,  96,  97,  98,  99, 100, 101, 102, 103, 104, 105,
    106, 107, 108, 109, 110, 111, 112, 113, 114, 115, 116, 117, 118, 119, 120, 121,
    122, 123, 124, 125, 126, 127, 128, 129, 130, 131, 132, 133, 134, 135, 136, 137,
    138, 139, 140, 141, 142, 143, 144, 145, 146, 147, 148, 191, 192, 193, 194, 195,
    196, 197, 198, 199, 200, 201, 202, 203, 205, 209, 210,   0,   2,   4,   5,   6,
      8,  11,  12,  14,  16,  17,  18,  20,  23,  25,  27,  28,  32,  33,  34,  35,
     37,  39,  40,  46,  50,  54,  56,  57,  58,  59,  61,  63,  65,  69,  71,  72,
     76,  81,  83,  84, 103, 104, 123, 132, 133, 134, 135, 148, 204, 205, 207, 208,
    214,   2,   5,   6,   7,   9,  12,  13,  14,  16,  18,  20,  21,  22,  25,  26,
     28,  29,  30,  32,  33,  34,  35,  36,  37,  38,  40,  42,  46,  48,  49,  50,
     51,  52,  53,  54,  56,  57,  58,  59,  60,  61,  62,  65,  79,  81,  82,  84,
     85,  86,  87,  88,  89,  93,  94,  95,  96, 103, 104, 105, 106, 107, 115, 116,
    117, 118, 119, 120, 121, 122, 123, 124, 127, 129, 132, 133, 134, 135, 136, 137,
    139, 140, 143, 144, 146, 147, 148, 191, 192, 193, 194, 195, 196, 201, 204, 207,
    208, 209, 210, 214,   0,   2,   4,   5,   6,   8,  11,  12,  14,  16,  17,  18,
     20,  23,  25,  27,  28,  32,  33,  34,  35,  37,  39,  40,  46,  50,  54,  56,
     57,  58,  59,  61,  63,  65,  69,  71,  72,  76,  81,  83,  84, 103, 104, 123,
    132, 133, 134, 135, 148, 204, 205, 207, 208, 214,   0,   7,   9,  10,  15,  16,
     17,  21,  22,  25,  28,  34,  35,  36,  37,  42,  43,  44,  45,  46,  47,  48,
     51,  52,  53,  54,  55,  56,  57,  60,  62,  81,  84,  85,  86,  87,  88,  89,
     90,  91,  92,  97,  98,  99, 100, 101, 102, 103, 104, 105, 106, 107, 108, 109,
    110, 111, 112, 113, 114, 116, 124, 127, 128, 129, 130, 131, 132, 134, 135, 136,
    137, 138, 139, 140, 141, 142, 145, 146, 147, 148, 191, 192, 193, 194, 195, 196,
    197, 198, 199, 200, 202, 203, 209, 210,   5,   7,   9,  16,  25,  26,  28,  29,
     30,  33,  34,  35,  36,  37,  40,  65,  68,  82, 115, 117, 209, 210,   2,   6,
      8,  11,  15,  17,  18,  20,  25,  27,  28,  29,  32,  33,  34,  35,  36,  37,
     39,  68,  70,  73,  76,  78,  83, 133, 205, 207, 208, 214, 218,   2,   6,  18,
     25,  32,  33,  34,  35,  36,  37,  68, 133, 208, 214,   2,   5,   6,   7,   9,
     12,  13,  18,  21,  22,  25,  26,  28,  29,  30,  32,  33,  34,  35,  36,  37,
     38,  40,  65,  68,  73,  82, 115, 117, 133, 207, 208, 209, 210, 214,   2,   5,
      6,  12,  13,  14,  15,  18,  25,  26,  28,  29,  30,  32,  33,  34,  35,  36,
     37,  38,  39,  40,  68,  73,  82, 115, 117, 133, 207, 208, 214,   2,   7,   9,
     14,  16,  19,  20,  21,  22,  25,  28,  34,  35,  37, 209, 210,   2,   6,   7,
      9,  12,  13,  18,  20,  25,  32,  33,  34,  35,  36,  37,  38,  68,  73, 133,
    207, 208, 209, 210, 214,   2,   5,   6,   7,   8,   9,  10,  12,  15,  16,  17,
     18,  25,  27,  28,  30,  33,  34,  35,  36,  37,  40,  65,  67,  73,  76,  83,
    205, 208, 209, 210, 217, 219,   5,   6,  14,  25,  26,  29,  30,  32,  33,  34,
     35,  36,  37,  68,  82, 115, 117, 133,   5,   7,   8,   9,  10,  16,  25,  26,
     28,  29,  30,  33,  34,  35,  36,  37,  40,  65,  68,  76,  82, 115, 117, 205,
    209, 210,   2,   5,   6,   8,  14,  16,  23,  28,  32,  33,  34,  35,  37,  39,
     65,  71,  76, 133, 205, 207,   5,  40,  65,  71,  79, 207, 209, 210,   0,   7,
      9,  25,  26,  28,  29,  30,  33,  34,  35,  36,  37,  56,  58,  59,  61,  81,
     82, 115, 117, 132, 134, 204, 209, 210,   0,   2,   3,   6,   7,   8,   9,  10,
     11,  12,  13,  14,  15,  16,  17,  18,  19,  20,  23,  24,  27,  28,  31,  32,
     33,  34,  35,  36,  37,  38,  39,  42,  44,  45,  47,  50,  54,  55,  56,  57,
     58,  59,  60,  61,  69,  70,  71,  72,  76,  78,  83,  85,  86,  87,  88,  89,
     90,  91,  92,  97,  98,  99, 100, 101, 102, 103, 104, 106, 107, 108, 109, 110,
    111, 112, 113, 114, 123, 125, 126, 128, 130, 131, 132, 133, 134, 135, 138, 139,
    140, 141, 142, 145, 148, 191, 192, 193, 194, 195, 196, 197, 198, 199, 200, 202,
    203, 204, 205, 207, 208, 209, 210, 211, 212, 213,   5,   6,  23,  25,  26,  28,
     29,  30,  32,  33,  34,  35,  36,  37,  38,  40,  42,  46,  47,  49,  50,  53,
     54,  55,  56,  58,  59,  60,  61,  62,  79,  81,  82,  84,  85,  86,  87,  88,
     89,  93,  94,  95,  96, 106, 107, 113, 114, 115, 117, 118, 119, 120, 121, 122,
    123, 127, 129, 130, 131, 132, 133, 134, 136, 137, 138, 139, 140, 143, 144, 146,
    147, 191, 192, 193, 194, 195, 196, 201, 204, 211,  25,  28,  34,  35,  42,  44,
     45,  47,  55,  62,  81,  85,  86,  87,  88,  89,  90,  91,  92,  97,  98,  99,
    100, 101, 102, 106, 107, 108, 109, 110, 111, 112, 113, 114, 128, 130, 131, 136,
    137, 138, 139, 140, 141, 142, 143, 145, 191, 192, 193, 194, 195, 196, 197, 198,
    199, 200, 202, 203,   3,   5,   7,   9,  12,  23,  25,  26,  28,  29,  30,  32,
     33,  34,  35,  36,  37,  38,  40,  42,  44,  45,  47,  48,  51,  52,  55,  58,
     59,  60,  61,  65,  79,  81,  82,  85,  86,  87,  88,  89,  90,  91,  92,  97,
     98,  99, 100, 101, 102, 105, 106, 107, 108, 109, 110, 111, 112, 113, 114, 115,
    116, 117, 124, 126, 128, 130, 131, 133, 138, 139, 140, 141, 142, 145, 191, 192,
    193, 194, 195, 196, 197, 198, 199, 200, 202, 203, 204, 209, 210, 211,   6,  25,
     28,  34,  35,  37,  42,  44,  45,  46,  47,  50,  54,  55,  58,  59,  61,  62,
     79,  81,  84,  85,  86,  87,  88,  89,  90,  91,  92,  97,  98,  99, 100, 101,
    102, 106, 107, 108, 109, 110, 111, 112, 113, 114, 123, 128, 130, 131, 136, 137,
    138, 139, 140, 141, 142, 143, 145, 191, 192, 193, 194, 195, 196, 197, 198, 199,
    200, 202, 203, 204,   0,   2,   3,   7,   8,   9,  10,  12,  15,  16,  17,  21,
     22,  23,  24,  25,  27,  28,  29,  31,  32,  42,  43,  44,  45,  46,  47,  48,
     49,  50,  51,  52,  53,  54,  55,  56,  57,  58,  59,  60,  61,  62,  70,  71,
     72,  76,  78,  79,  81,  83,  84,  85,  86,  87,  88,  89,  90,  91,  92,  93,
     94,  95,  96,  97,  98,  99, 100, 101, 102, 103, 104, 105, 106, 107, 108, 109,
    110, 111, 112, 113, 114, 116, 118, 119, 120, 121, 122, 123, 124, 126, 127, 128,
    129, 130, 131, 132, 133, 134, 135, 136, 137, 138, 139, 140, 141, 142, 143, 144,
    145, 147, 148, 191, 192, 193, 194, 195, 196, 197, 198, 199, 200, 201, 202, 203,
    204, 205, 207, 209, 210, 211, 212, 213, 215, 216,   2,   6,   7,   9,  15,  18,
     23,  25,  28,  32,  34,  35,  36,  37,  38,  42,  46,  50,  54,  56,  57,  58,
     59,  61,  79,  81,  84,  85,  86,  87,  88,  89, 103, 104, 106, 107, 123, 132,
    133, 134, 135, 139, 140, 143, 148, 191, 192, 193, 194, 195, 196, 204, 207, 208,
    209, 210, 211, 212,   3,   8,  11,  15,  17,  24,  27,  42,  43,  44,  45,  46,
     47,  49,  50,  53,  54,  55,  56,  57,  58,  59,  61,  62,  71,  76,  79,  83,
     84,  85,  86,  87,  88,  89,  90,  91,  92,  94,  95,  96,  97,  98,  99, 100,
    101, 102, 103, 104, 105, 106, 107, 108, 109, 110, 111, 112, 113, 114, 118, 119,
    120, 121, 122, 123, 127, 128, 129, 130, 131, 132, 134, 135, 136, 137, 138, 139,
    140, 141, 142, 143, 144, 145, 146, 147, 148, 191, 192, 193, 194, 195, 196, 197,
    198, 199, 200, 201, 202, 203, 204, 205,   1,   2,   3,   7,   8,   9,  10,  11,
     13,  14,  15,  16,  17,  19,  21,  22,  24,  25,  27,  28,  42,  43,  44,  45,
     46,  47,  48,  49,  50,  51,  52,  53,  54,  55,  56,  57,  58,  59,  60,  61,
     62,  71,  76,  79,  81,  83,  84,  85,  86,  87,  88,  89,  90,  91,  92,  93,
     94,  95,  96,  97,  98,  99, 100, 101, 102, 103, 104, 105, 106, 107, 108, 109,
    110, 111, 112, 113, 114, 116, 118, 119, 120, 121, 122, 123, 124, 126, 127, 128,
    129, 130, 131, 132, 134, 135, 136, 137, 138, 139, 140, 141, 142, 143, 144, 145,
    146, 147, 148, 191, 192, 193, 194, 195, 196, 197, 198, 199, 200, 201, 202, 203,
    204, 205, 209, 210,   0,   3,   6,   7,   8,   9,  10,  11,  13,  14,  15,  16,
     17,  18,  19,  20,  24,  25,  27,  28,  31,  32,  33,  34,  35,  37,  42,  44,
     45,  47,  50,  54,  55,  56,  57,  58,  59,  60,  61,  69,  70,  71,  72,  76,
     78,  83,  85,  86,  87,  88,  89,  90,  91,  92,  93,  97,  98,  99, 100, 101,
    102, 103, 104, 105, 106, 107, 108, 109, 110, 111, 112, 113, 114, 123, 125, 126,
    128, 130, 131, 132, 133, 134, 135, 138, 139, 140, 141, 142, 143, 145, 146, 148,
    191, 192, 193, 194, 195, 196, 197, 198, 199, 200, 202, 203, 204, 205, 207, 208,
    209, 210, 211, 212, 213,   0,   2,   5,   6,   7,   9,  12,  13,  15,  18,  20,
     21,  22,  23,  27,  31,  32,  33,  34,  35,  36,  37,  38,  39,  46,  50,  54,
     56,  57,  58,  59,  61,  62,  70,  71,  72,  78,  83,  84, 103, 104, 123, 132,
    133, 134, 135, 136, 137, 148, 204, 207, 208, 209, 210, 211, 212,   3,   6,   8,
     10,  11,  15,  17,  20,  24,  27,  32,  33,  42,  44,  45,  46,  47,  50,  54,
     55,  56,  57,  58,  59,  61,  62,  71,  72,  76,  78,  79,  83,  84,  85,  86,
     87,  88,  89,  90,  91,  92,  93,  97,  98,  99, 100, 101, 102, 103, 104, 106,
    107, 108, 109, 110, 111, 112, 113, 114, 123, 126, 128, 130, 131, 132, 133, 134,
    135, 136, 137, 138, 139, 140, 141, 142, 143, 145, 148, 191, 192, 193, 194, 195,
    196, 197, 198, 199, 200, 202, 203, 204, 205, 207, 211, 212,   2,   3,   7,   8,
      9,  10,  11,  13,  14,  15,  16,  17,  19,  21,  22,  24,  25,  27,  28,  42,
     43,  44,  45,  46,  47,  48,  49,  50,  51,  52,  53,  54,  55,  56,  57,  58,
     59,  60,  61,  62,  71,  76,  79,  81,  83,  84,  85,  86,  87,  88,  89,  90,
     91,  92,  93,  94,  95,  96,  97,  98,  99, 100, 101, 102, 103, 104, 105, 106,
    107, 108, 109, 110, 111, 112, 113, 114, 116, 118, 119, 120, 121, 122, 123, 124,
    126, 127, 128, 129, 130, 131, 132, 134, 135, 136, 137, 138, 139, 140, 141, 142,
    143, 144, 145, 146, 147, 148, 191, 192, 193, 194, 195, 196, 197, 198, 199, 200,
    201, 202, 203, 204, 205, 209, 210,   3,   5,   7,   9,  12,  23,  25,  26,  28,
     29,  30,  32,  33,  34,  35,  36,  37,  38,  40,  42,  45,  47,  48,  51,  52,
     55,  58,  59,  60,  61,  65,  79,  81,  82,  85,  86,  87,  88,  89,  97, 105,
    106, 107, 113, 114, 115, 116, 117, 124, 126, 130, 131, 133, 138, 139, 140, 191,
    192, 193, 194, 195, 196, 204, 209, 210, 211,   0,   3,   7,   8,   9,  10,  12,
     15,  16,  20,  23,  24,  25,  26,  27,  28,  29,  30,  31,  32,  34,  35,  36,
     37,  38,  42,  44,  45,  47,  55,  58,  59,  60,  61,  71,  72,  76,  78,  79,
     81,  82,  83,  85,  86,  87,  88,  89,  90,  91,  92,  95,  96,  97,  98,  99,
    100, 101, 102, 106, 107, 108, 109, 110, 111, 112, 113, 114, 115, 116, 117, 118,
    123, 125, 126, 128, 130, 131, 133, 138, 139, 140, 141, 142, 143, 144, 145, 191,
    192, 193, 194, 195, 196, 197, 198, 199, 200, 202, 203, 204, 205, 207, 209, 210,
    213, 216,   3,   5,   7,   9,  12,  22,  23,  25,  26,  28,  29,  30,  32,  33,
     34,  35,  36,  37,  38,  40,  41,  42,  45,  47,  48,  51,  52,  55,  58,  59,
     60,  61,  65,  79,  81,  82,  85,  86,  87,  88,  89,  97, 105, 106, 107, 113,
    114, 115, 116, 117, 124, 126, 130, 131, 133, 138, 139, 140, 191, 192, 193, 194,
    195, 196, 204, 209, 210, 211,   2,   3,   6,   8,  10,  11,  15,  16,  17,  18,
     20,  23,  24,  27,  28,  32,  33,  34,  35,  37,  39,  40,  42,  44,  45,  56,
     58,  59,  61,  65,  70,  71,  72,  76,  78,  79,  83,  85,  86,  87,  88,  89,
     90,  91,  92,  97,  98,  99, 100, 101, 102, 106, 107, 108, 109, 110, 111, 112,
    128, 132, 133, 134, 139, 140, 141, 142, 145, 191, 192, 193, 194, 195, 196, 197,
    198, 199, 200, 202, 203, 204, 205, 207, 208, 211, 212, 213,   6,  23,  25,  28,
     32,  34,  35,  36,  37,  38,  39,  42,  44,  45,  46,  47,  49,  50,  53,  54,
     55,  56,  57,  58,  59,  60,  61,  62,  79,  81,  84,  85,  86,  87,  88,  89,
     90,  91,  92,  93,  94,  95,  96,  97,  98,  99, 100, 101, 102, 103, 104, 106,
    107, 108, 109, 110, 111, 112, 113, 114, 118, 119, 120, 121, 122, 123, 127, 128,
    129, 130, 131, 132, 133, 134, 135, 136, 137, 138, 139, 140, 141, 142, 143, 144,
    145, 146, 147, 148, 191, 192, 193, 194, 195, 196, 197, 198, 199, 200, 201, 202,
    203, 204, 208,   0,   2,   3,   7,   8,   9,  10,  15,  16,  17,  21,  22,  23,
     24,  25,  27,  28,  31,  36,  38,  42,  43,  44,  45,  46,  47,  48,  49,  50,
     51,  53,  54,  55,  56,  57,  58,  59,  60,  61,  62,  71,  76,  79,  81,  83,
     84,  85,  86,  87,  88,  89,  90,  91,  92,  93,  94,  95,  96,  97,  98,  99,
    100, 101, 102, 103, 104, 105, 106, 107, 108, 109, 110, 111, 112, 113, 114, 116,
    118, 119, 120, 121, 122, 123, 124, 127, 128, 129, 130, 131, 132, 134, 135, 136,
    137, 138, 139, 140, 141, 142, 143, 144, 145, 146, 147, 148, 191, 192, 193, 194,
    195, 196, 197, 198, 199, 200, 201, 202, 203, 204, 205, 207, 209, 210, 213,   1,
      2,   3,   7,   8,   9,  10,  11,  13,  14,  15,  16,  17,  19,  21,  22,  24,
     25,  27,  28,  34,  35,  37,  42,  43,  44,  45,  46,  47,  48,  49,  50,  51,
     52,  53,  54,  55,  56,  57,  58,  59,  60,  61,  62,  71,  76,  79,  81,  83,
     84,  85,  86,  87,  88,  89,  90,  91,  92,  93,  94,  95,  97,  98,  99, 100,
    101, 102, 103, 104, 105, 106, 107, 108, 109, 110, 111, 112, 113, 114, 116, 118,
    119, 120, 121, 122, 123, 124, 126, 127, 128, 129, 130, 131, 132, 134, 135, 136,
    137, 138, 139, 140, 141, 142, 143, 144, 145, 146, 147, 148, 191, 192, 193, 194,
    195, 196, 197, 198, 199, 200, 201, 202, 203, 204, 205, 209, 210,   0,   1,   2,
      3,   5,   6,   7,   8,   9,  10,  11,  12,  13,  14,  15,  16,  17,  19,  20,
     21,  22,  23,  24,  25,  27,  28,  31,  33,  38,  39,  40,  42,  43,  44,  45,
     46,  47,  48,  49,  50,  51,  52,  53,  54,  55,  56,  57,  58,  59,  60,  61,
     62,  65,  69,  71,  76,  77,  78,  79,  81,  83,  84,  85,  86,  87,  88,  89,
     90,  91,  92,  93,  94,  95,  96,  97,  98,  99, 100, 101, 102, 103, 104, 105,
    106, 107, 108, 109, 110, 111, 112, 113, 114, 116, 118, 119, 120, 121, 122, 123,
    124, 125, 126, 127, 128, 129, 130, 131, 132, 134, 135, 136, 137, 138, 139, 140,
    141, 142, 143, 144, 145, 146, 147, 148, 191, 192, 193, 194, 195, 196, 197, 198,
    199, 200, 201, 202, 203, 204, 205, 208, 209, 210, 211, 212, 213,   0,   1,   2,
      3,   5,   6,   7,   8,   9,  10,  11,  12,  13,  14,  15,  16,  17,  19,  20,
     21,  22,  23,  24,  25,  27,  28,  31,  38,  39,  40,  42,  43,  44,  45,  46,
     47,  48,  49,  50,  51,  52,  53,  54,  55,  56,  57,  58,  59,  60,  61,  62,
     65,  69,  71,  76,  77,  79,  81,  83,  84,  85,  86,  87,  88,  89,  90,  91,
     92,  93,  94,  95,  96,  97,  98,  99, 100, 101, 102, 103, 104, 105, 106, 107,
    108, 109, 110, 111, 112, 113, 114, 116, 118, 119, 120, 121, 122, 123, 124, 125,
    126, 127, 128, 129, 130, 131, 132, 134, 135, 136, 137, 138, 139, 140, 141, 142,
    143, 144, 145, 146, 147, 148, 191, 192, 193, 194, 195, 196, 197, 198, 199, 200,
    201, 202, 203, 204, 205, 208, 209, 210, 211, 212, 213,   0,   3,   6,   8,   9,
     10,  11,  13,  14,  15,  16,  17,  18,  19,  20,  23,  24,  27,  28,  31,  32,
     33,  34,  35,  37,  42,  44,  45,  47,  50,  54,  55,  56,  57,  58,  59,  61,
     69,  70,  71,  72,  76,  78,  81,  83,  85,  86,  87,  88,  89,  90,  91,  92,
     93,  97,  98,  99, 100, 101, 102, 103, 104, 106, 107, 108, 109, 110, 111, 112,
    113, 114, 123, 125, 126, 128, 130, 131, 132, 133, 134, 135, 138, 139, 140, 141,
    142, 143, 145, 146, 148, 191, 192, 193, 194, 195, 196, 197, 198, 199, 200, 202,
    203, 204, 205, 207, 208, 211, 212, 213,   0,   1,   2,   3,   5,   6,   7,   8,
      9,  10,  11,  12,  13,  14,  15,  16,  17,  19,  20,  21,  22,  23,  24,  25,
     27,  28,  31,  38,  39,  40,  42,  43,  44,  45,  46,  47,  48,  49,  50,  51,
     52,  53,  54,  55,  56,  57,  58,  59,  60,  61,  62,  65,  69,  70,  71,  72,
     76,  77,  78,  79,  81,  83,  84,  85,  86,  87,  88,  89,  90,  91,  92,  93,
     94,  95,  97,  98,  99, 100, 101, 102, 103, 104, 105, 106, 107, 108, 109, 110,
    111, 112, 113, 114, 116, 118, 119, 120, 121, 122, 123, 124, 126, 127, 128, 129,
    130, 131, 132, 134, 135, 136, 137, 138, 139, 140, 141, 142, 143, 144, 145, 146,
    147, 148, 191, 192, 193, 194, 195, 196, 197, 198, 199, 200, 201, 202, 203, 204,
    205, 207, 208, 209, 210, 211, 212, 213,   2,   6,  15,  18,  20,  23,  25,  26,
     27,  28,  29,  30,  31,  32,  33,  34,  35,  36,  37,  38,  42,  46,  47,  49,
     50,  53,  54,  55,  56,  57,  58,  59,  61,  62,  72,  79,  81,  82,  83,  84,
     85,  86,  87,  88,  89,  93,  94,  95,  96, 103, 104, 106, 107, 113, 114, 115,
    117, 118, 119, 120, 121, 122, 123, 127, 129, 130, 131, 132, 133, 134, 135, 136,
    137, 138, 139, 140, 143, 144, 146, 147, 148, 191, 192, 193, 194, 195, 196, 201,
    204, 207, 208, 211, 212,   0,   2,   3,   4,   6,   7,   8,   9,  11,  15,  17,
     27,  28,  34,  35,  36,  37,  42,  43,  44,  45,  48,  51,  52,  56,  57,  58,
     59,  61,  69,  71,  79,  83,  85,  86,  87,  88,  89,  90,  91,  92,  93,  96,
     98,  99, 100, 101, 102, 103, 104, 105, 106, 107, 108, 109, 110, 111, 112, 116,
    120, 124, 128, 132, 134, 135, 139, 140, 141, 142, 143, 145, 146, 148, 191, 192,
    193, 194, 195, 196, 197, 198, 199, 200, 202, 203, 204, 205, 209, 210,   0,  18,
     25,  32,  33,  34,  35,  36,  37,  39,  56,  58,  59,  60,  61,  81, 132, 133,
    134, 204,   8, 205,   0,   7,  22,  47,  50,  54, 105, 113, 114, 123, 138,   2,
      5,   6,   7,   8,   9,  23,  27,  28,  32,  33,  34,  35,  36,  37,  39,  56,
     58,  59,  60,  61,  70,  71,  72,  76,  78,  83, 132, 133, 134, 204, 205, 207,
    208, 209, 210, 211, 212,   2,   3,   5,   6,   7,   9,  23,  25,  26,  28,  29,
     30,  31,  32,  33,  34,  35,  36,  37,  38,  39,  40,  56,  58,  59,  60,  61,
     62,  65,  72,  79,  82, 115, 117, 132, 133, 134, 136, 137, 204, 207, 208, 209,
    210, 211, 212,   2,   5,   6,   8,  23,  25,  26,  29,  30,  32,  33,  34,  35,
     36,  37,  38,  39,  40,  44,  45,  58,  59,  60,  61,  65,  71,  76,  78,  82,
     90,  91,  92,  97,  98,  99, 100, 101, 102, 108, 109, 110, 111, 112, 115, 117,
    128, 133, 141, 142, 145, 197, 198, 199, 200, 202, 203, 204, 205, 207, 208, 211,
    216,   2,   3,   6,   8,  23,  27,  28,  32,  33,  34,  35,  37,  39,  50,  58,
     59,  61,  71,  72,  76,  78,  79,  83, 123, 133, 143, 192, 199, 204, 205, 207,
    208, 211, 212,   2,   5,   6,  23,  25,  26,  29,  30,  31,  32,  33,  34,  35,
     36,  37,  38,  39,  40,  56,  58,  59,  60,  61,  65,  72,  79,  82, 115, 117,
    132, 133, 134, 204, 207, 208, 211, 212,   0,   1,   2,   3,   5,   6,   7,   8,
      9,  23,  25,  26,  27,  28,  29,  30,  31,  32,  33,  34,  35,  36,  37,  38,
     39,  40,  42,  44,  45,  46,  47,  48,  49,  50,  51,  52,  55,  56,  58,  59,
     60,  61,  64,  65,  69,  70,  71,  72,  74,  75,  76,  77,  78,  82,  83,  84,
     85,  86,  87,  88,  89,  90,  91,  92,  93,  94,  95,  96,  97,  98,  99, 100,
    101, 102, 103, 104, 105, 106, 107, 108, 109, 110, 111, 112, 113, 114, 115, 116,
    117, 118, 119, 120, 121, 122, 123, 124, 126, 128, 129, 130, 131, 132, 133, 134,
    135, 137, 138, 139, 140, 141, 142, 143, 144, 145, 146, 147, 148, 191, 192, 193,
    194, 195, 197, 198, 199, 200, 201, 202, 203, 204, 205, 207, 208, 209, 210, 211,
    212, 213, 215, 216,   3,   6,   7,   8,   9,  21,  22,  23,  25,  26,  27,  28,
     29,  30,  31,  32,  33,  34,  35,  36,  37,  38,  39,  41,  42,  44,  45,  46,
     47,  50,  54,  55,  56,  57,  58,  59,  61,  69,  70,  71,  72,  75,  76,  77,
     78,  82,  83,  84,  85,  86,  87,  88,  89,  90,  91,  92,  97,  98,  99, 100,
    101, 102, 103, 104, 106, 107, 108, 109, 110, 111, 112, 113, 114, 115, 117, 123,
    126, 128, 130, 131, 132, 133, 134, 135, 138, 139, 140, 141, 142, 145, 148, 191,
    192, 193, 194, 195, 196, 197, 198, 199, 200, 202, 203, 204, 205, 207, 208, 209,
    210, 211, 212, 213, 215, 216,   2,   3,   5,   6,   8,  23,  27,  31,  32,  33,
     34,  35,  37,  38,  39,  56,  58,  59,  61,  70,  71,  72,  76,  78,  79,  83,
    132, 133, 134, 204, 205, 207, 208, 211, 212,   3,   6,   8,  23,  27,  31,  32,
     33,  34,  37,  39,  58,  59,  61,  71,  76,  79,  83, 133, 143, 204, 205, 207,
    208, 211, 212,   3,  26,  27,  29,  30,  31,  79,  82,  83, 115, 117, 143,   0,
      2,   6,   8,  10,  23,  27,  28,  32,  33,  34,  35,  37,  39,  42,  44,  45,
     47,  55,  56,  57,  58,  59,  61,  62,  70,  71,  72,  76,  78,  79,  83,  85,
     86,  87,  88,  89,  90,  91,  92,  97,  98,  99, 100, 101, 102, 103, 104, 106,
    107, 108, 109, 110, 111, 112, 113, 114, 126, 128, 130, 131, 132, 133, 134, 135,
    136, 137, 138, 139, 140, 141, 142, 145, 148, 191, 192, 193, 194, 195, 196, 197,
    198, 199, 200, 202, 203, 204, 205, 207, 208, 211, 212, 213,   2,   3,   6,   8,
     23,  27,  31,  32,  33,  34,  35,  37,  39,  58,  59,  61,  70,  71,  76,  79,
     83, 133, 143, 192, 199, 204, 205, 207, 208, 211, 212,   2,   5,   6,  23,  25,
     26,  28,  29,  30,  31,  32,  33,  34,  35,  36,  37,  38,  39,  40,  56,  58,
     59,  60,  61,  62,  65,  72,  79,  82, 115, 117, 132, 133, 134, 136, 137, 204,
    207, 208, 211, 212,   2,   3,  23,  26,  27,  29,  30,  32,  33,  34,  35,  36,
     37,  38,  39,  41,  50,  71,  79,  82,  83, 115, 117, 123, 133, 211,   0,   3,
      5,   7,   8,   9,  10,  23,  25,  26,  28,  29,  30,  31,  32,  33,  34,  35,
     36,  37,  38,  39,  40,  42,  44,  45,  46,  47,  48,  51,  52,  55,  56,  58,
     59,  61,  65,  71,  75,  76,  82,  84,  85,  86,  87,  88,  89,  90,  91,  92,
     97,  98,  99, 100, 101, 102, 105, 106, 107, 108, 109, 110, 111, 112, 113, 114,
    115, 116, 117, 124, 126, 128, 130, 131, 132, 133, 134, 138, 139, 140, 141, 142,
    145, 191, 192, 193, 194, 195, 196, 197, 198, 199, 200, 202, 203, 204, 205, 207,
    208, 209, 210, 211, 216,   2,   5,   6,   7,   9,  23,  25,  26,  27,  29,  30,
     31,  32,  33,  34,  35,  36,  37,  38,  39,  40,  55,  57,  58,  59,  60,  61,
     62,  65,  79,  82,  83, 103, 104, 115, 117, 130, 131, 133, 135, 136, 137, 148,
    204, 207, 208, 209, 210, 211, 212,   2,   5,   6,   7,   8,   9,  23,  25,  26,
     27,  28,  29,  30,  31,  32,  33,  34,  35,  36,  37,  38,  39,  42,  44,  45,
     51,  58,  59,  60,  61,  71,  76,  82,  83,  85,  86,  87,  88,  89,  90,  91,
     92,  97,  98,  99, 100, 101, 102, 106, 107, 108, 109, 110, 111, 112, 115, 117,
    124, 126, 128, 133, 139, 140, 141, 142, 145, 191, 192, 193, 194, 195, 196, 197,
    198, 199, 200, 202, 203, 204, 205, 207, 209, 210, 211, 213, 216,   2,   3,   5,
      6,   8,  23,  27,  32,  33,  34,  35,  37,  39,  58,  59,  61,  70,  71,  72,
     76,  78,  79,  83, 133, 204, 205, 207, 208, 211, 212,   0,   3,   5,   7,   8,
      9,  10,  23,  24,  25,  26,  27,  28,  29,  30,  31,  32,  33,  34,  35,  36,
     37,  38,  40,  42,  43,  44,  45,  47,  48,  51,  52,  55,  62,  65,  71,  76,
     79,  82,  83,  85,  86,  87,  88,  89,  90,  91,  92,  97,  98,  99, 100, 101,
    102, 105, 106, 107, 108, 109, 110, 111, 112, 113, 114, 115, 116, 117, 124, 126,
    128, 130, 131, 133, 136, 137, 138, 139, 140, 141, 142, 145, 191, 192, 193, 194,
    195, 196, 197, 198, 199, 200, 202, 203, 205, 207, 208, 209, 210, 211, 213, 216,
      0,   3,   5,   7,   8,   9,  23,  25,  26,  28,  29,  30,  32,  33,  34,  35,
     36,  37,  38,  40,  42,  43,  44,  45,  47,  48,  51,  52,  55,  62,  65,  71,
     76,  82,  85,  86,  87,  88,  89,  90,  91,  92,  97,  98,  99, 100, 101, 102,
    105, 106, 107, 108, 109, 110, 111, 112, 113, 114, 115, 116, 117, 124, 126, 128,
    130, 131, 133, 136, 137, 138, 139, 140, 141, 142, 145, 191, 192, 193, 194, 195,
    196, 197, 198, 199, 200, 202, 203, 205, 207, 208, 209, 210, 211, 213, 216,   2,
      8,  10,  23,  27,  28,  32,  33,  34,  35,  37,  39,  42,  44,  45,  47,  54,
     55,  56,  62,  71,  76,  83,  85,  86,  87,  88,  89,  90,  91,  92,  97,  98,
     99, 100, 101, 102, 106, 107, 108, 109, 110, 111, 112, 113, 114, 126, 128, 130,
    131, 132, 133, 134, 136, 137, 138, 139, 140, 141, 142, 145, 191, 192, 193, 194,
    195, 196, 197, 198, 199, 200, 202, 203, 205, 211, 213, 216,   0,   3,   5,   7,
      8,   9,  10,  23,  24,  25,  26,  27,  28,  29,  30,  31,  32,  33,  34,  35,
     36,  37,  38,  40,  42,  43,  44,  45,  47,  48,  51,  52,  55,  56,  62,  65,
     70,  71,  72,  76,  78,  79,  82,  83,  85,  86,  87,  88,  89,  90,  91,  92,
     97,  98,  99, 100, 101, 102, 105, 106, 107, 108, 109, 110, 111, 112, 113, 114,
    115, 116, 117, 124, 126, 128, 130, 131, 132, 133, 134, 136, 137, 138, 139, 140,
    141, 142, 145, 191, 192, 193, 194, 195, 196, 197, 198, 199, 200, 202, 203, 205,
    207, 208, 209, 210, 211, 213, 215, 216,   2,   5,   6,   8,  23,  25,  26,  27,
     29,  30,  31,  32,  33,  34,  35,  36,  37,  38,  39,  58,  59,  60,  61,  62,
     71,  76,  82,  83, 115, 117, 133, 136, 137, 204, 205, 211, 213,   2,   3,   4,
      6,   8,   9,  11,  15,  17,  21,  22,  25,  27,  28,  34,  35,  36,  37,  42,
     43,  44,  45,  55,  56,  57,  58,  59,  61,  69,  71,  79,  81,  83,  85,  86,
     87,  88,  89,  90,  91,  92,  93,  96,  97,  98,  99, 100, 101, 102, 103, 104,
    105, 106, 107, 108, 109, 110, 111, 112, 120, 128, 130, 131, 132, 134, 135, 140,
    141, 142, 143, 145, 146, 148, 191, 192, 193, 194, 195, 196, 197, 198, 199, 200,
    202, 203, 204, 205, 207, 209, 210,   2,   5,   6,   7,   9, 207, 208, 209, 210,
    214,   2,   6,   7,   9,  32,  33,  34,  35,  37,  47,  50,  71,  79, 113, 114,
    123, 133, 138, 207, 208, 209, 210, 214,  20,  18,  11,  12,  13,  14,  15,  16,
     17,  19,  20,   5,   7,   9,  25,  28,  34,  35,  36,  37,  40,  58,  59,  61,
     65,  81, 204, 209, 210,   5,  40,  65,   2,   3,   5,   6,   8,  23,  26,  27,
     29,  30,  32,  33,  34,  35,  36,  37,  40,  42,  43,  44,  45,  47,  48,  50,
     51,  52,  54,  56,  58,  61,  65,  71,  74,  75,  77,  80,  81,  82,  83,  85,
     86,  87,  88,  89,  90,  91,  92,  97,  98,  99, 100, 101, 102, 105, 106, 107,
    108, 109, 110, 111, 112, 113, 114, 115, 116, 117, 123, 124, 125, 126, 128, 132,
    133, 134, 138, 139, 140, 141, 142, 145, 191, 192, 193, 194, 195, 196, 197, 198,
    199, 200, 202, 203, 204, 205, 207, 208, 215,   0,   5,   7,   9,  25,  28,  29,
     36,  37,  40,  44,  45,  58,  59,  60,  61,  71,  81,  90,  91,  92,  95,  96,
     97,  98,  99, 100, 101, 102, 108, 109, 110, 111, 112, 116, 118, 119, 123, 128,
    141, 142, 143, 144, 145, 197, 198, 199, 200, 202, 203, 204, 209, 210,  12,  15,
     16,  17,  20,  56,  58,  59,  60,  61, 132, 134, 204,  46,  56,  57,  58,  59,
     60,  61,  84, 103, 104, 132, 134, 135, 148, 204,   7,   9,  12,  13,  14,  18,
     20,  21,  22,  25,  26,  28,  29,  30,  32,  33,  34,  35,  36,  37,  38,  42,
     46,  48,  49,  50,  51,  52,  53,  54,  56,  57,  58,  59,  60,  61,  62,  81,
     82,  84,  85,  86,  87,  88,  89,  93,  94,  95,  96, 103, 104, 105, 106, 107,
    115, 116, 117, 118, 119, 120, 121, 122, 123, 124, 127, 129, 132, 133, 134, 135,
    136, 137, 139, 140, 143, 144, 146, 147, 148, 191, 192, 193, 194, 195, 196, 201,
    204, 209, 210,   5,   1,   2,   3,   5,   6,   7,   9,  21,  22,  23,  25,  26,
     28,  29,  30,  31,  32,  33,  34,  35,  36,  37,  38,  40,  42,  43,  46,  48,
     49,  50,  51,  52,  53,  54,  55,  56,  57,  58,  59,  60,  61,  62,  65,  66,
     72,  79,  80,  81,  82,  84,  85,  86,  87,  88,  89,  93,  94,  95,  96, 103,
    104, 105, 106, 107, 115, 116, 117, 118, 119, 120, 121, 122, 123, 124, 127, 129,
    130, 131, 132, 133, 134, 135, 136, 137, 139, 140, 143, 144, 146, 147, 148, 191,
    192, 193, 194, 195, 196, 201, 204, 207, 208, 209, 210, 214,   0,   2,   6,   9,
     21,  22,  25,  26,  27,  28,  29,  30,  31,  32,  33,  34,  35,  36,  37,  38,
     42,  43,  44,  45,  46,  47,  48,  49,  50,  51,  52,  53,  54,  55,  56,  57,
     58,  59,  60,  61,  62,  71,  79,  81,  82,  83,  84,  85,  86,  87,  88,  89,
     90,  91,  92,  93,  94,  95,  96,  97,  98,  99, 100, 101, 102, 103, 104, 105,
    106, 107, 108, 109, 110, 111, 112, 113, 114, 115, 116, 117, 118, 119, 120, 121,
    122, 123, 124, 125, 126, 127, 128, 129, 130, 131, 132, 133, 134, 135, 136, 137,
    138, 139, 140, 141, 142, 143, 144, 145, 146, 147, 148, 191, 192, 193, 194, 195,
    196, 197, 198, 199, 200, 201, 202, 203, 204, 207, 208, 209, 210, 214,   3,   8,
     11,  15,  17,  24,  27,  42,  43,  44,  45,  46,  47,  49,  50,  53,  54,  55,
     56,  57,  58,  59,  61,  62,  71,  76,  79,  82,  83,  84,  85,  86,  87,  88,
     89,  90,  91,  92,  94,  95,  96,  97,  98,  99, 100, 101, 102, 103, 104, 105,
    106, 107, 108, 109, 110, 111, 112, 113, 114, 118, 119, 120, 121, 122, 123, 127,
    128, 129, 130, 131, 132, 134, 135, 136, 137, 138, 139, 140, 141, 142, 143, 144,
    145, 146, 147, 148, 191, 192, 193, 194, 195, 196, 197, 198, 199, 200, 201, 202,
    203, 204, 205,   3,   5,   7,   9,  12,  23,  25,  26,  28,  29,  30,  32,  33,
     34,  35,  36,  37,  38,  40,  42,  45,  47,  48,  51,  52,  55,  58,  59,  60,
     61,  65,  79,  81,  82,  85,  86,  87,  88,  89,  97, 105, 106, 107, 113, 114,
    115, 116, 117, 124, 126, 130, 131, 133, 138, 139, 140, 191, 192, 193, 194, 195,
    196, 204, 209, 210, 211,   3,   5,   7,   8,   9,  10,  23,  25,  26,  28,  29,
     30,  32,  33,  34,  35,  36,  37,  38,  40,  42,  43,  45,  47,  48,  51,  52,
     55,  58,  59,  60,  61,  65,  71,  76,  79,  81,  82,  85,  86,  87,  88,  89,
    105, 106, 107, 113, 114, 115, 116, 117, 124, 130, 131, 133, 138, 139, 140, 191,
    192, 193, 194, 195, 196, 204, 205, 209, 210, 211,   2,   3,   5,   6,  23,  25,
     26,  27,  29,  30,  31,  32,  33,  34,  35,  36,  37,  38,  39,  46,  49,  50,
     53,  54,  56,  57,  58,  59,  60,  61,  62,  70,  72,  79,  82,  83,  84,  93,
     94,  95,  96, 103, 104, 115, 117, 118, 119, 120, 121, 122, 123, 127, 129, 132,
    133, 134, 135, 136, 137, 143, 144, 146, 147, 148, 201, 204, 207, 208, 211, 212,
      2,   5,   6,   7,   8,   9,  23,  27,  28,  32,  33,  34,  35,  36,  37,  39,
     56,  58,  59,  60,  61,  70,  71,  72,  76,  78,  83, 132, 133, 134, 204, 205,
    207, 208, 209, 210, 211, 212,   2,   5,   6,   7,   8,   9,  23,  27,  28,  32,
     33,  34,  35,  36,  37,  39,  56,  58,  59,  60,  61,  70,  71,  72,  76,  78,
     83, 132, 133, 134, 204, 205, 207, 208, 209, 210, 211, 212,   2,   5,   6,  23,
     25,  26,  29,  30,  31,  32,  33,  34,  35,  36,  37,  38,  39,  40,  56,  58,
     59,  60,  61,  65,  72,  79,  82, 115, 117, 132, 133, 134, 204, 207, 208, 211,
    212,   2,   5,   6,  23,  25,  26,  29,  30,  31,  32,  33,  34,  35,  36,  37,
     38,  39,  40,  56,  58,  59,  60,  61,  65,  72,  79,  82, 115, 117, 132, 133,
    134, 204, 207, 208, 211, 212,   2,   5,   6,  23,  25,  26,  29,  30,  31,  32,
     33,  34,  35,  36,  37,  38,  39,  40,  56,  58,  59,  60,  61,  65,  72,  79,
     82, 115, 117, 132, 133, 134, 204, 207, 208, 211, 212,   1,   2,   3,   5,   6,
      8,  23,  27,  31,  32,  33,  34,  37,  39,  40,  43,  48,  51,  52,  58,  59,
     61,  65,  71,  76,  79,  83,  85,  90,  93,  96, 105, 116, 124, 131, 133, 143,
    204, 205, 207, 208, 211, 212,   2,   3,   6,   8,  23,  27,  31,  32,  33,  34,
     37,  39,  58,  59,  61,  71,  72,  76,  79,  83,  95,  96, 133, 143, 204, 205,
    207, 208, 211, 212,   1,   2,   3,   5,   6,   8,  23,  27,  31,  32,  33,  34,
     37,  39,  40,  43,  48,  51,  52,  58,  59,  61,  71,  72,  76,  79,  83,  93,
     95, 105, 116, 124, 133, 143, 204, 205, 207, 208, 211, 212,   2,   3,   5,   6,
      7,   9,  23,  25,  26,  28,  29,  30,  31,  32,  33,  34,  35,  36,  37,  38,
     39,  40,  58,  59,  60,  61,  65,  79,  82, 115, 117, 133, 204, 207, 209, 210,
    211,   2,   5,   6,  23,  25,  26,  28,  29,  30,  31,  32,  33,  34,  35,  36,
     37,  38,  39,  40,  56,  58,  59,  60,  61,  62,  65,  72,  79,  82, 115, 117,
    132, 133, 134, 136, 137, 204, 207, 208, 211, 212,   2,   5,   6,  23,  25,  26,
     28,  29,  30,  31,  32,  33,  34,  35,  36,  37,  38,  39,  40,  56,  58,  59,
     60,  61,  62,  65,  72,  79,  82, 115, 117, 132, 133, 134, 136, 137, 204, 207,
    208, 211, 212,   0,   2,   3,   6,   7,   8,   9,  10,  11,  12,  13,  14,  15,
     16,  17,  18,  19,  20,  23,  24,  27,  28,  31,  32,  33,  34,  35,  36,  37,
     38,  39,  42,  44,  45,  47,  50,  54,  55,  56,  57,  58,  59,  60,  61,  69,
     70,  71,  72,  76,  78,  83,  85,  86,  87,  88,  89,  90,  91,  92,  97,  98,
     99, 100, 101, 102, 103, 104, 106, 107, 108, 109, 110, 111, 112, 113, 114, 123,
    125, 126, 128, 130, 131, 132, 133, 134, 135, 138, 139, 140, 141, 142, 145, 148,
    191, 192, 193, 194, 195, 196, 197, 198, 199, 200, 202, 203, 204, 205, 207, 208,
    209, 210, 211, 212, 213,   2,   5,   6,   7,   8,   9,  22,  23,  27,  28,  32,
     33,  34,  35,  36,  37,  39,  47,  50,  56,  58,  59,  60,  61,  70,  71,  72,
     76,  78,  83, 113, 114, 123, 132, 133, 134, 138, 204, 205, 207, 208, 209, 210,
    211, 212,   2,   5,   6,   8,  23,  25,  26,  29,  30,  32,  33,  34,  35,  36,
     37,  38,  39,  43,  44,  45,  58,  59,  60,  61,  71,  76,  78,  82,  90,  91,
     92,  97,  98,  99, 100, 101, 102, 108, 109, 110, 111, 112, 115, 117, 128, 133,
    141, 142, 145, 197, 198, 199, 200, 202, 203, 204, 205, 207, 208, 211, 216,   2,
      5,   6,   8,  23,  25,  26,  29,  30,  32,  33,  34,  35,  36,  37,  38,  39,
     40,  44,  45,  58,  59,  60,  61,  65,  71,  76,  78,  82,  90,  91,  92,  97,
     98,  99, 100, 101, 102, 108, 109, 110, 111, 112, 115, 117, 128, 133, 141, 142,
    145, 197, 198, 199, 200, 202, 203, 204, 205, 207, 208, 211, 216,   0,   1,   2,
      5,   6,   7,   8,   9,  23,  40,  42,  43,  44,  45,  46,  47,  48,  49,  50,
     51,  52,  55,  56,  57,  58,  59,  60,  61,  65,  69,  71,  72,  79,  84,  85,
     86,  87,  88,  89,  90,  91,  92,  93,  94,  95,  96,  98,  99, 100, 101, 102,
    103, 104, 105, 106, 107, 108, 109, 110, 111, 112, 113, 114, 116, 118, 119, 120,
    121, 122, 123, 124, 128, 130, 131, 132, 134, 135, 137, 138, 139, 140, 141, 142,
    143, 144, 145, 148, 191, 192, 193, 194, 195, 196, 197, 198, 199, 200, 201, 202,
    203, 204, 205, 207, 208, 209, 210,   1,   2,   3,   6,   8,  23,  27,  28,  32,
     33,  34,  35,  37,  39,  50,  58,  59,  61,  71,  72,  76,  78,  79,  83, 118,
    123, 133, 143, 192, 199, 204, 205, 207, 208, 211, 212,   2,   5,   6,  23,  25,
     26,  29,  30,  31,  32,  33,  34,  35,  36,  37,  38,  39,  40,  56,  58,  59,
     60,  61,  65,  72,  79,  82, 115, 117, 132, 133, 134, 204, 207, 208, 211, 212,
      3,   8,  11,  15,  17,  24,  27,  42,  43,  44,  45,  46,  47,  49,  50,  53,
     54,  55,  56,  57,  58,  59,  61,  62,  71,  76,  79,  83,  84,  85,  86,  87,
     88,  89,  90,  91,  92,  94,  95,  96,  97,  98,  99, 100, 101, 102, 103, 104,
    105, 106, 107, 108, 109, 110, 111, 112, 113, 114, 116, 118, 119, 120, 121, 122,
    123, 127, 128, 129, 130, 131, 132, 134, 135, 136, 137, 138, 139, 140, 141, 142,
    143, 144, 145, 146, 147, 148, 191, 192, 193, 194, 195, 196, 197, 198, 199, 200,
    201, 202, 203, 204, 205,   1,   2,   3,   5,   6,   8,  23,  27,  31,  32,  33,
     34,  37,  39,  40,  43,  48,  51,  52,  58,  59,  61,  65,  71,  76,  79,  83,
    105, 116, 124, 133, 143, 204, 205, 207, 208, 211, 212,   2,   3,   6,   8,  27,
     31,  32,  33,  34,  37,  39,  43,  58,  59,  61,  71,  72,  76,  79,  83, 133,
    143, 204, 205, 207, 208, 211, 212,   2,   3,   5,   6,   8,  23,  27,  31,  32,
     33,  34,  37,  39,  40,  43,  48,  51,  52,  58,  59,  61,  65,  71,  76,  79,
     83, 105, 116, 124, 133, 143, 204, 205, 207, 208, 211, 212,   2,   3,   6,  23,
     26,  27,  29,  30,  31,  72,  79,  82,  83, 115, 117, 143, 207, 208,   0,   2,
      6,   8,  10,  23,  27,  28,  32,  33,  34,  35,  37,  39,  42,  44,  45,  47,
     55,  56,  57,  58,  59,  61,  62,  70,  71,  72,  76,  78,  79,  83,  85,  86,
     87,  88,  89,  90,  91,  92,  97,  98,  99, 100, 101, 102, 103, 104, 106, 107,
    108, 109, 110, 111, 112, 113, 114, 126, 128, 130, 131, 132, 133, 134, 135, 136,
    137, 138, 139, 140, 141, 142, 145, 148, 191, 192, 193, 194, 195, 196, 197, 198,
    199, 200, 202, 203, 204, 205, 207, 208, 211, 212, 213,   0,   2,   5,   6,   7,
      9,  12,  13,  15,  18,  20,  21,  22,  23,  27,  31,  32,  33,  34,  35,  36,
     37,  38,  39,  46,  50,  54,  56,  57,  58,  59,  61,  62,  70,  71,  72,  78,
     83,  84, 103, 104, 123, 132, 133, 134, 135, 136, 137, 148, 204, 207, 208, 209,
    210, 211, 212,   0,   1,   2,   3,   5,   6,   8,  21,  22,  23,  40,  43,  46,
     48,  49,  50,  51,  52,  53,  54,  56,  57,  58,  59,  60,  61,  62,  65,  69,
     71,  72,  79,  84,  93,  94,  95,  96, 103, 104, 105, 109, 116, 118, 119, 120,
    121, 122, 123, 124, 127, 129, 131, 132, 134, 135, 136, 137, 143, 144, 146, 147,
    148, 201, 204, 205, 207, 208,   3,   8,  23,  58,  59,  61,  71, 204, 205, 207,
      2,   5,   6,  23,  25,  26,  28,  29,  30,  31,  32,  33,  34,  35,  36,  37,
     38,  39,  40,  56,  58,  59,  60,  61,  62,  65,  72,  79,  82, 115, 117, 132,
    133, 134, 136, 137, 204, 207, 208, 211, 212,   0,   2,   3,   5,   7,   8,   9,
     10,  23,  25,  26,  28,  29,  30,  31,  32,  33,  34,  35,  36,  37,  38,  39,
     40,  42,  44,  45,  46,  47,  48,  51,  52,  55,  56,  58,  59,  61,  65,  71,
     75,  76,  82,  84,  85,  86,  87,  88,  89,  90,  91,  92,  97,  98,  99, 100,
    101, 102, 105, 106, 107, 108, 109, 110, 111, 112, 113, 114, 115, 116, 117, 124,
    126, 128, 130, 131, 132, 133, 134, 138, 139, 140, 141, 142, 145, 191, 192, 193,
    194, 195, 196, 197, 198, 199, 200, 202, 203, 204, 205, 207, 208, 209, 210, 211,
    216,   0,   3,   5,   7,   8,   9,  10,  23,  25,  26,  28,  29,  30,  31,  32,
     33,  34,  35,  36,  37,  38,  39,  40,  42,  44,  45,  46,  47,  48,  51,  52,
     55,  56,  58,  59,  61,  65,  71,  75,  76,  82,  84,  85,  86,  87,  88,  89,
     90,  91,  92,  97,  98,  99, 100, 101, 102, 105, 106, 107, 108, 109, 110, 111,
    112, 113, 114, 115, 116, 117, 124, 126, 128, 130, 131, 132, 133, 134, 138, 139,
    140, 141, 142, 145, 191, 192, 193, 194, 195, 196, 197, 198, 199, 200, 202, 203,
    204, 205, 207, 208, 209, 210, 211, 216,   2,   5,   6,   7,   9,  23,  25,  26,
     27,  29,  30,  31,  32,  33,  34,  35,  36,  37,  38,  39,  55,  57,  58,  59,
     60,  61,  62,  65,  79,  82,  83, 103, 104, 115, 117, 130, 131, 133, 135, 136,
    137, 148, 204, 207, 208, 209, 210, 211, 212,   2,   5,   6,   7,   9,  23,  25,
     26,  27,  29,  30,  31,  32,  33,  34,  35,  36,  37,  38,  39,  40,  55,  57,
     58,  59,  60,  61,  62,  65,  79,  82,  83, 103, 104, 115, 117, 130, 131, 133,
    135, 136, 137, 148, 204, 207, 208, 209, 210, 211, 212,   6,  23,  25,  28,  32,
     34,  35,  36,  37,  38,  39,  42,  44,  45,  46,  47,  49,  50,  53,  54,  55,
     56,  57,  58,  59,  60,  61,  62,  79,  81,  84,  85,  86,  87,  88,  89,  90,
     91,  92,  93,  94,  95,  96,  97,  98,  99, 100, 101, 102, 103, 104, 106, 107,
    108, 109, 110, 111, 112, 113, 114, 118, 119, 120, 121, 122, 123, 127, 128, 129,
    130, 131, 132, 133, 134, 135, 136, 137, 138, 139, 140, 141, 142, 143, 144, 145,
    146, 147, 148, 191, 192, 193, 194, 195, 196, 197, 198, 199, 200, 201, 202, 203,
    204, 208,   2,   5,   6,   7,   9,  23,  25,  26,  27,  29,  30,  31,  32,  33,
     34,  35,  36,  37,  38,  39,  40,  55,  57,  58,  59,  60,  61,  62,  65,  79,
     82,  83, 103, 104, 115, 117, 130, 131, 133, 135, 136, 137, 148, 204, 207, 208,
    209, 210, 211, 212,   1,   2,   5,   6,   7,   8,   9,  23,  25,  26,  27,  28,
     29,  30,  31,  32,  33,  34,  35,  36,  37,  38,  39,  40,  42,  43,  44,  45,
     48,  51,  52,  58,  59,  61,  65,  71,  72,  76,  82,  83,  85,  86,  87,  88,
     89,  90,  91,  92,  97,  98,  99, 100, 101, 102, 105, 106, 107, 108, 109, 110,
    111, 112, 115, 116, 117, 124, 126, 128, 131, 133, 139, 140, 141, 142, 145, 191,
    192, 193, 194, 195, 196, 197, 198, 199, 200, 202, 203, 204, 205, 207, 208, 209,
    210, 211, 213, 216,   0,   2,   3,   7,   8,   9,  10,  15,  16,  17,  21,  22,
     23,  24,  25,  27,  28,  31,  36,  38,  42,  43,  44,  45,  46,  47,  48,  49,
     50,  51,  53,  54,  55,  56,  57,  58,  59,  60,  61,  62,  71,  76,  79,  81,
     83,  84,  85,  86,  87,  88,  89,  90,  91,  92,  93,  94,  95,  96,  97,  98,
     99, 100, 101, 102, 103, 104, 105, 106, 107, 108, 109, 110, 111, 112, 113, 114,
    116, 118, 119, 120, 121, 122, 123, 124, 127, 128, 129, 130, 131, 132, 134, 135,
    136, 137, 138, 139, 140, 141, 142, 143, 144, 145, 146, 147, 148, 191, 192, 193,
    194, 195, 196, 197, 198, 199, 200, 201, 202, 203, 204, 205, 207, 209, 210, 213,
      2,   5,   6,   7,   8,   9,  23,  25,  26,  27,  28,  29,  30,  31,  32,  33,
     34,  35,  36,  37,  38,  39,  42,  44,  45,  51,  58,  59,  60,  61,  71,  76,
     82,  83,  85,  86,  87,  88,  89,  90,  91,  92,  97,  98,  99, 100, 101, 102,
    106, 107, 108, 109, 110, 111, 112, 115, 117, 124, 126, 128, 133, 139, 140, 141,
    142, 145, 191, 192, 193, 194, 195, 196, 197, 198, 199, 200, 202, 203, 204, 205,
    207, 209, 210, 211, 213, 216,   2,   3,   5,   6,   8,  23,  27,  32,  33,  34,
     35,  37,  39,  58,  59,  61,  70,  71,  72,  76,  78,  79,  83, 133, 204, 205,
    207, 208, 211, 212,   3,   7,   9,  23,  25,  26,  28,  29,  30,  34,  36,  37,
     42,  45,  47,  55,  60,  71,  79,  82,  85,  86,  87,  88,  89, 106, 107, 113,
    114, 115, 117, 130, 131, 138, 139, 140, 191, 192, 193, 194, 195, 196, 209, 210,
      1,   2,   5,   7,   9,  23,  58,  60,  72,  79, 118, 207, 209, 210,   0,   1,
      2,   3,   5,   6,   7,   8,   9,  21,  22,  23,  25,  26,  27,  28,  29,  30,
     32,  33,  34,  35,  36,  37,  38,  40,  42,  43,  44,  45,  46,  47,  48,  51,
     52,  53,  54,  55,  56,  57,  58,  59,  60,  61,  62,  65,  69,  71,  79,  82,
     83,  84,  85,  86,  87,  88,  89,  90,  91,  92,  98,  99, 100, 101, 102, 103,
    104, 105, 106, 107, 108, 109, 110, 111, 112, 113, 114, 115, 116, 117, 124, 127,
    128, 129, 130, 131, 132, 133, 134, 135, 136, 137, 138, 139, 140, 141, 142, 145,
    146, 147, 148, 191, 192, 193, 194, 195, 196, 197, 198, 199, 200, 201, 202, 203,
    204, 205, 208, 209, 210,   0,   1,   2,   5,   6,   7,   8,   9,  23,  40,  44,
     45,  56,  57,  58,  59,  60,  61,  65,  69,  71,  72,  90,  91,  92,  98,  99,
    100, 101, 102, 103, 104, 108, 109, 110, 111, 112, 128, 132, 134, 135, 141, 142,
    145, 148, 197, 198, 199, 200, 202, 203, 204, 205, 207, 208, 209, 210,   2,   5,
      6,  23,  25,  26,  28,  29,  30,  31,  32,  33,  34,  35,  36,  37,  38,  39,
     40,  56,  58,  59,  60,  61,  62,  65,  72,  79,  82, 115, 117, 132, 133, 134,
    136, 137, 204, 207, 208, 211, 212,   3,   6,   8,  23,  27,  31,  32,  33,  34,
     37,  39,  58,  59,  61,  71,  76,  79,  83, 133, 143, 204, 205, 207, 208, 211,
    212,   2,   3,   6,   8,  23,  27,  31,  32,  33,  34,  37,  39,  58,  59,  61,
     71,  72,  76,  79,  83, 133, 143, 204, 205, 207, 208, 211, 212,   0,   3,   5,
      7,   8,   9,  10,  23,  25,  26,  28,  29,  30,  31,  32,  33,  34,  35,  36,
     37,  38,  39,  40,  42,  44,  45,  46,  47,  48,  51,  52,  55,  56,  58,  59,
     61,  65,  71,  75,  76,  82,  84,  85,  86,  87,  88,  89,  90,  91,  92,  97,
     98,  99, 100, 101, 102, 105, 106, 107, 108, 109, 110, 111, 112, 113, 114, 115,
    116, 117, 124, 126, 128, 130, 131, 132, 133, 134, 138, 139, 140, 141, 142, 145,
    191, 192, 193, 194, 195, 196, 197, 198, 199, 200, 202, 203, 204, 205, 207, 208,
    209, 210, 211, 216, 152, 149, 154, 160, 170, 171, 172, 180, 182, 183, 184, 185,
    149, 150, 153, 155, 156, 159, 162, 163, 164, 165, 166, 167, 168, 169, 170, 171,
    172, 173, 175, 183, 206, 150, 159, 172, 178, 186, 159, 149, 154, 160, 167, 170,
    171, 173, 183, 150, 159, 160, 162, 163, 166, 170, 171, 172, 178, 186, 206, 150,
    151, 153, 155, 156, 159, 161, 162, 163, 164, 165, 166, 167, 168, 169, 172, 173,
    174, 175, 178, 186, 187, 188, 206, 149, 150, 152, 154, 159, 160, 166, 170, 171,
    172, 180, 182, 183, 184, 186, 190, 167, 171, 167, 172, 173, 152, 153, 156, 159,
    160, 165, 169, 170, 171, 172, 177, 149, 153, 154, 155, 156, 157, 158, 165, 167,
    169, 173, 182, 183, 184, 188, 153, 154, 155, 156, 157, 159, 162, 165, 166, 169,
    173, 188, 206, 149, 151, 153, 154, 155, 156, 157, 158, 161, 165, 167, 169, 173,
    183, 149, 154, 167, 170, 171, 149, 154, 155, 157, 161, 165, 167, 170, 171, 172,
    173, 149, 154, 157, 161, 167, 170, 171, 153, 155, 156, 157, 165, 166, 169, 206,
    149, 152, 153, 156, 160, 165, 169, 170, 172, 177, 149, 154, 155, 157, 161, 165,
    167, 170, 171, 172, 173, 149, 150, 154, 159, 160, 162, 166, 172, 173, 187, 206,
    149, 174, 149, 166, 173, 153, 155, 156, 157, 162, 165, 166, 169, 173, 149, 154,
    155, 157, 159, 160, 161, 167, 170, 171, 172, 173, 179, 185, 187, 149, 152, 170,
    171, 177, 153, 154, 155, 156, 157, 165, 166, 169, 174, 176, 206, 149, 154, 161,
    173, 149, 174, 176, 152, 177, 149, 152, 170, 171, 165, 149, 160, 170, 182, 183,
    184, 162, 170, 171, 172, 179, 185, 187, 182, 184, 149, 150, 153, 155, 156, 159,
    162, 165, 167, 168, 170, 171, 172, 178, 179, 181, 185, 186, 187, 188, 189, 206,
    155, 162, 165, 166, 169, 206, 149, 155, 162, 165, 167, 168, 172, 174, 178, 181,
    183, 186, 187, 188, 206, 162, 165, 170, 172, 178, 186, 187, 162, 172, 155, 162,
    165, 172, 174, 178, 181, 187, 188, 189, 190, 165, 149, 182, 184, 167, 171,   2,
      5,   6,   7,   8,   9,  23,  27,  28,  32,  33,  34,  35,  36,  37,  39,  40,
     43,  56,  58,  59,  60,  61,  65,  70,  71,  72,  76,  78,  83, 132, 133, 134,
    204, 205, 207, 208, 209, 210, 211, 212,   1,   2,   5,   6,   7,   8,   9,  23,
     27,  28,  32,  33,  34,  35,  36,  37,  39,  40,  43,  48,  51,  52,  56,  58,
     59,  60,  61,  65,  70,  71,  72,  76,  78,  83, 105, 116, 124, 132, 133, 134,
    204, 205, 207, 208, 209, 210, 211, 212,   1,   2,   5,   6,  23,  25,  26,  29,
     30,  31,  32,  33,  34,  35,  36,  37,  38,  39,  40,  43,  48,  51,  52,  56,
     58,  59,  60,  61,  65,  72,  79,  82, 105, 115, 116, 117, 124, 132, 133, 134,
    204, 207, 208, 211, 212,   1,   2,   5,   6,  23,  25,  26,  29,  30,  31,  32,
     33,  34,  35,  36,  37,  38,  39,  40,  43,  48,  51,  52,  56,  58,  59,  60,
     61,  65,  72,  79,  82, 105, 115, 116, 117, 124, 132, 133, 134, 204, 207, 208,
    211, 212,   3,   6,   8,  23,  27,  31,  32,  33,  34,  37,  39,  58,  59,  61,
     71,  76,  79,  83, 133, 143, 204, 205, 207, 208, 211, 212,   1,   2,   5,   6,
     23,  25,  26,  28,  29,  30,  31,  32,  33,  34,  35,  36,  37,  38,  39,  40,
     43,  48,  51,  52,  56,  58,  59,  60,  61,  62,  65,  72,  79,  82, 105, 115,
    116, 117, 124, 132, 133, 134, 136, 137, 204, 207, 208, 211, 212,   2,   5,   6,
     23,  25,  26,  28,  29,  30,  31,  32,  33,  34,  35,  36,  37,  38,  39,  40,
     43,  48,  51,  52,  56,  58,  59,  60,  61,  62,  65,  72,  79,  82, 105, 115,
    116, 117, 124, 132, 133, 134, 136, 137, 204, 207, 208, 211, 212,   0,   1,   2,
      3,   5,   6,   7,   8,   9,  21,  22,  23,  25,  26,  27,  28,  29,  30,  32,
     33,  34,  35,  36,  37,  38,  40,  42,  43,  44,  45,  46,  47,  48,  51,  52,
     53,  54,  55,  56,  57,  58,  59,  60,  61,  62,  65,  69,  71,  79,  82,  83,
     84,  85,  86,  87,  88,  89,  90,  91,  92,  98,  99, 100, 101, 102, 103, 104,
    105, 106, 107, 108, 109, 110, 111, 112, 113, 114, 115, 116, 117, 118, 124, 127,
    128, 129, 130, 131, 132, 133, 134, 135, 136, 137, 138, 139, 140, 141, 142, 145,
    146, 147, 148, 191, 192, 193, 194, 195, 196, 197, 198, 199, 200, 201, 202, 203,
    204, 205, 208, 209, 210,   0,   1,   2,   5,   6,   7,   8,   9,  23,  40,  44,
     45,  56,  57,  58,  59,  60,  61,  65,  69,  71,  72,  90,  91,  92,  98,  99,
    100, 101, 102, 103, 104, 108, 109, 110, 111, 112, 118, 128, 132, 134, 135, 141,
    142, 145, 148, 197, 198, 199, 200, 202, 203, 204, 205, 207, 208, 209, 210,   0,
      3,   5,   7,   8,   9,  10,  23,  24,  25,  26,  27,  28,  29,  30,  31,  32,
     33,  34,  35,  36,  37,  38,  40,  42,  43,  44,  45,  47,  48,  51,  52,  55,
     56,  62,  65,  70,  71,  72,  76,  78,  79,  82,  83,  85,  86,  87,  88,  89,
     90,  91,  92,  97,  98,  99, 100, 101, 102, 105, 106, 107, 108, 109, 110, 111,
    112, 113, 114, 115, 116, 117, 124, 126, 128, 130, 131, 132, 133, 134, 136, 137,
    138, 139, 140, 141, 142, 145, 191, 192, 193, 194, 195, 196, 197, 198, 199, 200,
    202, 203, 205, 207, 208, 209, 210, 211, 213, 215, 216,   2,   5,   6,   7,   9,
     12,  13,  14,  16,  18,  20,  21,  22,  25,  26,  28,  29,  30,  32,  33,  34,
     35,  36,  37,  38,  40,  42,  46,  48,  49,  50,  51,  52,  53,  54,  56,  57,
     58,  59,  60,  61,  62,  65,  79,  81,  82,  84,  85,  86,  87,  88,  89,  93,
     94,  95,  96, 103, 104, 105, 106, 107, 115, 116, 117, 118, 119, 120, 121, 122,
    123, 124, 127, 129, 132, 133, 134, 135, 136, 137, 139, 140, 143, 144, 146, 147,
    148, 191, 192, 193, 194, 195, 196, 201, 204, 207, 208, 209, 210, 214, 149, 154,
    157, 167, 170, 183,   0,   3,   7,   8,   9,  12,  15,  16,  17,  18,  20,  21,
     22,  25,  28,  32,  33,  34,  35,  36,  37,  40,  42,  43,  44,  45,  46,  47,
     48,  51,  52,  53,  54,  55,  56,  58,  59,  60,  61,  62,  63,  66,  71,  79,
     80,  81,  84,  85,  86,  87,  88,  89,  90,  91,  92,  93,  95,  96,  97,  98,
     99, 100, 101, 102, 105, 106, 107, 108, 109, 110, 111, 112, 113, 114, 116, 118,
    119, 120, 123, 124, 126, 127, 128, 129, 130, 131, 132, 133, 134, 136, 137, 138,
    139, 140, 141, 142, 143, 144, 145, 146, 147, 148, 191, 192, 193, 194, 195, 196,
    197, 198, 199, 200, 202, 203, 204, 205, 209, 210,   0,   3,   4,   7,   8,   9,
     12,  15,  16,  17,  21,  22,  23,  25,  27,  28,  32,  33,  34,  35,  36,  37,
     40,  42,  43,  44,  45,  46,  47,  48,  51,  52,  53,  54,  55,  56,  57,  58,
     60,  61,  62,  63,  66,  71,  77,  79,  80,  81,  83,  84,  85,  86,  87,  88,
     89,  90,  91,  92,  93,  95,  96,  97,  98,  99, 100, 101, 102, 103, 104, 105,
    106, 107, 108, 109, 110, 111, 112, 113, 114, 116, 118, 119, 120, 123, 124, 126,
    127, 128, 129, 130, 131, 132, 133, 134, 135, 136, 137, 138, 139, 140, 141, 142,
    143, 144, 145, 146, 147, 148, 191, 192, 193, 194, 195, 196, 197, 198, 199, 200,
    202, 203, 204, 205, 209, 210,   0,   2,   4,   5,   6,   8,  11,  12,  14,  16,
     17,  18,  20,  23,  25,  27,  28,  32,  33,  34,  35,  37,  39,  40,  46,  50,
     54,  56,  57,  58,  59,  61,  63,  65,  66,  69,  71,  72,  76,  81,  83,  84,
    103, 104, 123, 132, 133, 134, 135, 148, 204, 205, 207, 208, 214,   0,   2,   4,
      5,   6,   8,  11,  12,  14,  16,  17,  18,  20,  23,  25,  27,  28,  32,  33,
     34,  35,  37,  39,  40,  46,  50,  54,  56,  57,  58,  59,  61,  63,  65,  66,
     69,  71,  72,  76,  81,  83,  84, 103, 104, 123, 132, 133, 134, 135, 148, 204,
    205, 207, 208, 214,  25,  31,  32,  34,  35,  36,  37,  38,  58,  59,  60,  61,
     62, 133, 136, 137, 204,   0,   1,   2,   3,   4,   5,   7,   8,   9,  15,  16,
     17,  18,  21,  22,  23,  40,  63,  65,  66,  69,  71,  79,  80, 205, 209, 210,
     12,  58,  59,  60,  61,  79, 204,  32,  46,  56,  57,  58,  59,  60,  61,  84,
    103, 104, 132, 133, 134, 135, 148, 204,  15,  16,  15,  15,  18,  18,   0,   1,
      2,   3,   5,   6,   7,   8,   9,  23,  25,  26,  27,  28,  29,  30,  31,  32,
     33,  34,  35,  36,  37,  38,  39,  40,  42,  44,  45,  46,  47,  48,  49,  50,
     51,  52,  55,  56,  58,  59,  60,  61,  64,  65,  69,  70,  71,  72,  74,  75,
     76,  77,  78,  82,  83,  84,  85,  86,  87,  88,  89,  90,  91,  92,  93,  94,
     95,  96,  97,  98,  99, 100, 101, 102, 103, 104, 105, 106, 107, 108, 109, 110,
    111, 112, 113, 114, 115, 116, 117, 118, 119, 120, 121, 122, 123, 124, 126, 128,
    129, 130, 131, 132, 133, 134, 135, 137, 138, 139, 140, 141, 142, 143, 144, 145,
    146, 147, 148, 191, 192, 193, 194, 195, 196, 197, 198, 199, 200, 201, 202, 203,
    204, 205, 207, 208, 209, 210, 211, 212, 213, 215, 216,   3,   6,   8,  23,  27,
     31,  32,  33,  34,  37,  39,  58,  59,  61,  71,  76,  79,  83, 133, 143, 204,
    205, 207, 208, 211, 212,
};

static const int8_t libron_16_boldKernSparseValues[] = {
     -16,  -16,  -19,   -8,  -14,   -7,  -18,  -15,  -16,  -17,  -16,  -10,  -16,  -14,   -5,  -15,
      -4,  -12,  -10,  -11,   -4,  -17,   -4,  -16,   -4,    2,  -11,  -16,  -16,  -19,  -19,  -16,
     -16,  -18,    3,  -67,  -39,  -67,  -17,  -14,   -6,   -2,   -2,  -42,  -46,    1,    1,    1,
       8,    7,    3,    8,    3,  -14,    8,  -18,  -24,   -1,  -13,    5,    5,    5,   -3,   -2,
     -11,   -1,   -1,   -2,   -6,    3,   -4,  -32,   -7,  -50,  -53,   -1,  -24,  -14,  -14,  -26,
     -14,  -33,  -18,  -34,   28,   13,   21,  -12,  -35,  -18,  -18,  -18,  -18,   16,  -14,  -27,
     -18,  -36,  -18,  -35,  -35,  -13,  -25,    7,    6,    5,    8,   20,    5,    1,   -3,  -18,
      -5,  -20,  -17,   -1,    1,   -1,   -2,   -2,  -24,   -6,  -14,  -13,  -18,   67,    4,  -23,
      18,   -3,    1,  -14,    4,  -14,  -14,  -14,  -14,  -18,  -18,   -2,  -18,  -12,  -18,  -39,
     -67,  -67,  -19,   -2,   -2,    4,    1,    1,  -11,  -10,  -25,  -15,    3,  -33,   -2,   -2,
       1,    1,    1,    2,   -1,   -3,    5,   -2,   -2,   -2,   -2,   -2,   -2,   -2,   -2,   -1,
      -2,   -2,   -2,   -2,   -2,    1,    1,   -1,   -2,  -11,   -2,   -2,   -2,   -2,   -2,   -2,
      -2,   -2,   -2,    3,  -14,  -14,   -6,   -3,  -31,   -4,  -13,  -17,  -17,   -6,   -3,   -3,
     -15,   -8,    4,    2,    1,    4,   -7,    7,  -16,  -15,   -2,    2,    2,    2,   -2,   -2,
      -3,   -8,  -14,  -12,  -11,   -3,   -2,   -5,  -15,  -20,   -6,  -12,  -15,   -2,   -7,   -7,
      -7,   -7,   -7,  -16,  -16,  -16,   15,    7,  -10,  -16,  -16,  -16,  -16,  -16,  -14,  -14,
      10,   -7,   -7,  -16,  -16,  -16,  -16,  -16,    1,    2,   -2,  -16,   -2,   -3,   -2,   -8,
      -8,  -14,   -2,   -2,   -2,   -7,   -8,  -16,   52,  -13,    7,   -2,  -13,   -7,    7,   -7,
      -7,   -7,   -7,  -16,  -16,    5,  -16,   -1,  -16,   -3,  -31,   -6,   -4,   -4,  -14,   -5,
      -5,  -12,  -10,   -5,   -5,  -15,  -17,   -1,  -12,  -74,  -34,  -74,   -1,    2,  -16,  -15,
      -9,   -4,   -4,  -44,   -9,   -1,  -50,  -11,   -8,    1,   -1,  -11,   -5,   -6,  -17,  -19,
     -23,   -3,  -14,   -1,   -3,   -2,   -1,   -1,   -7,   -4,  -13,   -3,   -3,   -2,   -2,   -4,
      -4,   -8,  -11,   -5,  -29,  -14,  -51,  -58,   -9,   -1,   -3,  -17,  -15,  -15,  -14,  -17,
     -19,  -17,  -16,   -2,   -3,   22,   15,  -17,  -19,  -19,  -19,  -19,  -19,   -3,   -3,   -1,
     -17,  -17,  -18,  -19,  -18,  -19,  -19,  -13,  -14,   -7,    3,   -9,   15,    4,    1,   -3,
      -3,   29,   -1,   -9,   -5,   -7,  -19,   -7,   -8,  -13,   -3,    1,   -3,   -3,   -4,   -4,
     -14,  -17,  -15,  -19,  -18,   17,   11,  -19,   -7,   -6,   -3,  -17,  -15,  -16,  -17,  -17,
     -17,  -19,  -17,  -17,  -19,   -3,  -19,  -19,  -34,  -74,  -74,  -19,  -67,   -5,   -4,  -73,
     -10,   -7,   -5,    5,   10,   -1,  -25,  -18,  -31,    1,  -13,    2,  -95,  -21,  -50,  -73,
    -102,  -42,   -1,   -3,   -8,  -10,  -12,  -10,  -34,  -24,  -39,   -6,   -3,   -9,   -8,  -59,
      -4,    2,  -13,   -3,  -10,  -10,   -8,  -12,  -94,  -12,  -10,  -10,  -39,  -10, -128, -128,
     -67,  -39,  -31,  -32,   -1,   -1,  -25,  -10,   -6,   -1,  -12,   -9,   -6,   -6,  -21,  -17,
     -19,  -16,  -17,  -45,  -13,  -40,  -29,  -32,  -56,  -18,  -27,   -3,  -14,   -8,  -12,   -9,
      -8,   -8,  -12,   -9,  -10,   -9,  -19,  -15,  -27,  -23,   -4,  -25,  -19,  -29,  -17,  -14,
      -3,   -3,   -3,   -3,   -3,  -12,  -12,  -12,  -12,   -9,   -9,   -8,   -3,   -3,  -17,   -8,
     -17,  -12,  -12,  -12,  -12,  -12,   -9,   -8,  -12,  -12,  -10,  -89,  -10,   -9,   -4,   -4,
      -3,   -3,  -12,  -12,  -12,  -12,   -9,   -3,   -3,   -3,   -3,   -3,   -3,  -12,  -23,  -37,
     -32,   -1,   -1,  -35,   -8,  -67,   -5,   -4,  -73,  -10,   -7,   -5,    5,   10,   -1,  -25,
     -18,  -31,    1,  -13,    2,  -47,  -21,  -50,  -37,  -51,  -42,   -1,   -3,   -8,  -10,  -12,
     -10,  -34,  -24,  -39,   -6,   -3,   -9,   -8,  -59,   -4,    1,  -13,   -3,  -10,  -10,   -8,
     -12,  -94,  -12,  -10,  -10,  -39,  -10,  -71,  -69,  -67,  -14,  -42,  -42,  -80,  -13,  -10,
     -10,  -11,  -11,  -32,  -29,    5,    3,    1,    5,  -29,    9,  -37,  -37,   -3,  -26,    3,
       3,    3,  -12,   -7,  -26,   -1,   -3,   -3,   -3,  -38,   -3,  -29,  -29,  -29,  -29,  -29,
     -37,  -37,  -37,   -5,  -37,  -37,  -37,  -37,  -37,   -3,   -3,   11,  -29,  -29,  -37,  -37,
     -37,  -37,  -37,  -26,  -26,    3,    3,  -12,  -37,  -12,  -26,  -26,   -1,   -1,   -3,   -3,
      -3,  -26,  -29,  -29,  -37,  -37,  -37,  -12,  -12,   -3,  -29,  -29,  -29,  -29,  -29,  -29,
     -37,  -37,  -37,  -37,  -37,  -37,  -42,  -42,  -13,   -8,   -8,   -2,  -19,   -8,  -13,   -9,
      -8,   -4,  -16,  -13,  -10,  -20,  -10,   -5,  -15,   -8,   -8,   -8,   -8,   -8,  -12,  -15,
     -13,   -7,   -6,   -6,  -12,   -5,    5,  -12,    1,    1,  -15,  -14,  -16,  -15,    1,  -17,
      -3,  -21,   -9,  -12,   -7,   -9,  -12,  -15,  -13,  -12,  -12,  -12,   -4,   -3,   -9,   -2,
      -1,   -8,   -7,  -17,  -14,   -3,  -19,  -17,   -8,   -3,   -3,   -2,   -6,   -7,   -6,   -6,
      -1,   -1,   -1,   -1,   -1,  -12,   -3,   -2,   -3,   -3,   -7,   -4,  -11,   -9,   -6,  -13,
      -1,   -2,   -1,  -11,   -1,   -3,   -3,   -3,   -7,   -1,   -2,   -6,   -6,   -1,  -15,   -2,
     -12,   -8,   -1,   -1,    1,   -7,   -1,   -1,   -2,   -1,   -1,  -20,   -6,  -25,  -19,   -2,
     -28,   -4,   -8,   -1,  -18,  -18,   -1,   -1,   -1,  -20,  -11,   -8,  -10,    7,  -14,  -14,
      -2,   -1,   -3,   -1,   -4,   -4,  -17,   -8,    2,    1,    1,  -14,  -14,   -3,  -10,   -1,
      -1,   -6,   -2,   -3,   -1,   -6,  -13,   -3,   -9,   -7,   -3,  -10,   -1,  -10,  -11,  -13,
      -8,   -5,   -1,   -1,   -6,    7,    1,    1,  -37,  -25,  -37,  -21,    7,  -15,  -14,  -12,
       1,  -33,   -6,  -32,    1,    3,   15,   12,    7,   14,    2,    1,  -11,    1,  -22,   -6,
     -25,    1,  -37,  -37,  -12,  -16,   -2,   -3,   -1,   -8,   -1,   -1,   -1,   -3,   -3,   -9,
      -7,   -4,  -10,   -9,   -1,   -1,   -1,   -3,  -12,  -25,   -1,  -25,  -10,   -6,  -29,   -9,
     -26,  -12,   -9,   -4,  -11,   -9,  -13,  -14,   -6,   -5,  -12,   -1,   -9,   -9,   -9,   -1,
     -25,  -25,   -2,   -3,   -1,   -6,    1,    5,   -2,    1,   -5,   -9,  -26,  -18,  -34,  -11,
      -1,   -6,   -5,  -10,   -6,   -1,   -2,   -1,   -1,  -10,   -1,    2,  -35,  -35,   -7,  -11,
     -11,  -17,   -6,  -17,   -7,   -6,   -3,  -14,  -11,  -10,  -18,    1,    1,    1,    1,  -19,
      -6,   -6,   -6,    1,    1,    1,  -11,  -11,  -18,  -43,   -5,  -45,    1,  -22,    1,    4,
     -15,   -3,    1,    1,  -12,    1,  -10,  -26,   -6,  -14,  -31,   -6,  -17,    6,   -7,  -52,
     -24,  -50,  -34,   -2,  -56,   -3,  -34,   -3,  -10,   -8,   -1,   -5,   -5,   -1,  -12,   -9,
     -30,  -21,   -2,  -36,  -13,  -27,  -20,  -36,  -20,  -27,  -30,   -3,   -3,   -3,   -3,   -3,
     -10,  -10,  -10,  -10,  -10,  -10,  -10,  -10,  -20,   -9,   -9,   -3,   -3,  -10,  -10,  -10,
     -10,  -10,   -1,   -1,   -5,   -3,   -1,  -10,   -1,   -1,  -12,  -52,  -12,   -9,   -1,   -3,
      -3,  -10,  -10,  -10,   -9,   -3,   -3,   -3,   -3,   -3,   -3,  -10,  -10,  -10,  -10,  -10,
     -10,  -36,  -22,  -41,  -42,    1,    1,  -46,  -40,   -7,   -6,   -1,   -4,  -12,   -1,   -4,
      -1,   -1,   -5,   -2,  -12,   -8,  -11,  -13,   -2,   -1,   -2,   -2,   -2,   -2,   -2,   -2,
      -2,   -1,   -1,   -6,   -4,   -6,   -7,   -4,   -6,  -11,   -1,   -2,   -2,   -2,   -2,   -2,
      -2,   -2,   -2,   -2,   -2,   -2,   -2,   -2,   -2,   -1,   -1,   -2,   -2,   -2,   -2,   -2,
      -2,   -2,   -2,   -1,   -1,   -1,   -5,   -1,   -4,   -4,   -2,   -2,   -2,   -2,   -2,   -2,
      -2,   -2,   -2,   -2,   -2,   -2,   -2,   -2,   -7,   -1,   -4,   -2,   -1,   -1,   -1,   -1,
      -1,   -1,   -1,   -1,   -1,   -1,   -1,   -1,   -1,   -1,   -1,   -1,   -1,   -1,   -1,   -1,
      -1,   -1,   -1,   -1,   -1,   -1,   -1,   -1,   -1,   -1,   -1,   -1,   -1,   -1,   -1,   -1,
      -1,   -1,   -1,   -1,   -1,   -1,   29,   -1,   -1,    8,   -1,   -1,   -1,   -1,   -1,   -1,
       9,   -1,    5,   -1,   -5,  -15,  -15,  -15,   -2,   -7,  -20,   -6,  -17,   -7,   -6,   -3,
      -4,  -15,  -11,  -30,  -21,   -4,  -13,   -3,   -1,   -2,   -1,   -5,   -5,   -5,   -1,   -3,
      -1,   -4,   -2,  -11,   -3,  -25,   -6,   -3,   -3,   -3,   -3,   -3,   -1,   -1,   -1,   -1,
      -1,   -1,   -1,   -1,   -1,   -5,   -3,   -3,   -1,   -1,   -1,   -1,   -1,   -1,   -1,   -6,
      -5,   -6,   -5,   -3,   -1,   -1,   -1,   -3,   -1,   -3,   -3,   -1,   -1,   -1,   -3,   -3,
      -3,   -3,   -3,   -3,   -1,   -1,   -1,   -1,   -1,   -1,   -2,  -15,  -15,   -1,   -1,   -3,
      -3,   -2,   -1,   -1,   -2,   -1,   -1,   -1,   -1,   -1,   -2,   -1,   -5,   -2,   -6,   -2,
      -3,   -1,   -1,   -2,   -2,   -2,   -2,   -2,   -1,   -1,   -1,   -1,   -1,   -1,   -1,   -1,
      -1,   -2,   -2,   -1,   -1,   -1,   -1,   -1,   -1,   -1,   -1,   -1,   -1,   -1,   -2,   -2,
      -1,   -2,   -2,   -1,   -1,   27,   -1,   -2,    6,   -2,   -2,   -2,   -2,   -1,   -1,    8,
      -1,    5,   -1,   -6,  -18,    3,  -19,  -50,  -35,  -50,  -23,    1,  -18,  -14,   -9,   -6,
      -6,    6,  -11,  -38,   -5,  -47,   -1,   -2,    1,  -25,    7,  -28,  -31,   -2,  -22,    3,
      -5,   -2,    3,    3,   -9,   -9,  -21,   -2,   -5,   -2,   -2,   -4,   -3,   -9,    1,  -26,
       1,  -30,    1,  -13,  -54,   -5,   -2,  -25,  -24,  -25,  -24,  -25,  -28,  -28,  -27,    3,
      -6,   -1,    6,  -22,  -28,  -28,  -28,  -28,  -28,   -5,   -5,    9,  -25,  -25,  -28,  -28,
     -28,  -28,  -28,  -22,  -22,    3,   -2,   -3,   -3,   -5,   -7,    6,    3,   -1,   -9,  -28,
      -9,  -18,  -21,   -2,    1,   -2,   -5,   -9,   -9,  -22,  -13,  -25,  -15,  -28,   45,   -2,
     -21,   -9,   -5,  -25,   17,  -25,  -25,  -25,  -25,  -28,  -28,   15,  -28,   -5,    4,  -28,
      -3,  -35,    3,  -50,  -50,    1,    1,   -8,    1,    1,   -9,  -10,   -1,   -1,    1,   -2,
      -9,   -5,   -1,   -8,  -10,   -6,   -4,  -10,   -2,   -1,   -2,   -2,   -2,   -3,   -2,  -10,
      -7,  -11,   -1,   -2,   -2,   -1,   -1,   -1,   -1,   -1,   -2,   -2,   -1,   -1,   -2,   -3,
      -8,   -3,   -2,   -1,   -1,    3,   -2,   -1,   -1,   -1,   -1,   -1,   -1,  -11,   -5,   -6,
      -1,   -1,   -8,   -3,   -6,  -17,   -7,   -8,   -8,   -5,   -6,   -7,    2,  -14,  -13,   -3,
      -6,   -1,   -3,   -2,  -11,   -6,  -11,  -10,  -17,  -15,  -18,   -5,  -18,  -16,   -7,   -6,
      -3,   -7,   -7,   -7,   -7,   -7,  -14,  -14,  -14,   -1,   -1,   -1,  -14,  -14,  -14,  -14,
     -14,  -14,  -10,  -10,    3,   -7,   -7,  -14,  -14,  -14,  -14,  -14,   -6,   -6,   -1,   -1,
      -3,   -1,   -1,   -3,   -2,  -14,   -2,   -6,   -6,  -11,  -11,  -10,   -5,   -5,   -6,  -13,
      -7,  -27,  -14,   36,   -1,  -14,   -2,   -2,  -10,   -7,  -13,   -7,   -7,   -7,   -7,  -14,
     -14,  -22,  -14,   -1,  -14,  -14,  -18,  -17,    1,    1,  -14,  -20,  -13,  -20,  -12,   -4,
      -3,   -3,   -7,  -10,  -10,   -3,   -9,   -9,  -11,  -25,   -5,  -16,  -20,   10,  -17,  -17,
     -11,  -16,    6,   -5,   -2,    6,    6,  -15,  -13,  -17,  -10,  -10,  -11,  -11,  -10,  -12,
     -17,  -17,  -13,  -20,  -28,   -5,  -11,  -20,  -20,  -20,  -20,  -20,  -17,  -17,  -17,    3,
     -19,   -8,   -2,  -15,  -17,  -17,  -17,  -17,  -17,  -10,  -10,   18,  -20,  -20,  -17,  -17,
     -17,  -17,  -17,  -16,  -16,    7,   -8,   -8,   -6,   -5,  -19,   -2,    6,    1,  -15,  -17,
     -15,  -17,  -17,  -10,  -10,  -10,  -17,  -17,  -16,  -31,  -20,  -28,  -17,   42,   -8,  -17,
     -14,  -15,  -10,  -20,  -24,  -20,  -20,  -20,  -20,  -17,  -17,  -20,  -17,  -12,  -25,  -17,
     -12,  -13,  -20,  -20,  -11,   -3,  -10,    1,  -27,    1,    3,   -9,    2,   -2,  -12,   -1,
      -8,   -3,   -3,   -5,   -3,   -3,  -30,    3,   -4,   -4,   -2,   -6,   -6,   -7,   -3,  -15,
      -9,   -3,   -2,   -6,   -3,  -13,  -11,  -42,  -30,   -6,  -47,   -3,   -3,  -22,  -12,  -24,
      -3,  -54,   -3,   -3,   -3,   -3,   -3,  -15,  -15,  -15,    2,  -14,  -15,  -15,  -15,  -15,
     -28,  -11,  -11,    1,   -3,   -3,  -15,  -15,  -15,  -15,  -15,   -3,   -3,   -2,   -1,   -3,
     -15,   -3,   -3,  -13,  -11,  -28,  -11,   -3,   -7,   -3,  -15,  -15,   34,  -15,    1,  -11,
      -3,   -6,   -3,   -3,   -3,   -3,  -15,  -15,  -28,  -15,  -15,  -15,  -47,  -27,  -12,   -1,
       1,    1,   -2,   -3,  -13,  -15,  -51,   -1,  -51,    4,    4,  -13,   -3,    1,  -23,  -12,
       2,    2,  -34,   -1,   -1,  -54,   -7,  -47,  -24,   -4,  -57,   -4,  -23,   -3,   -5,   -5,
      -7,   -3,  -25,  -13,  -28,   -1,   -1,    2,  -26,   -2,   -1,   -3,   -3,   -3,   -5,   -7,
    -105,   -7,   -3,   -1,   -1,   -3,  -28,  -46,  -42,    4,    4,  -45,  -42,   -5,   -8,  -16,
       1,   -7,   -7,   -7,   -2,   -2,   -7,   -1,   -1,   -5,  -13,  -10,   -2,   -3,   -6,  -10,
      -3,  -12,  -10,  -20,  -18,  -21,   -2,  -17,   -4,  -15,   -2,   -2,   -7,   -2,   -5,   -5,
      -5,   -5,   -5,  -13,  -13,  -13,    1,  -13,  -13,  -13,  -13,  -13,  -13,  -10,  -10,   -5,
      -5,  -13,  -13,  -13,  -13,  -13,   -3,   -3,   -6,   -1,  -13,   -3,   -3,  -12,   -1,  -12,
     -10,   -2,   -2,   -3,   -5,   -5,  -13,  -13,   26,  -13,  -10,   -5,   -5,   -5,   -5,   -5,
      -5,  -13,  -13,  -13,  -13,  -13,  -13,  -21,  -16,   -8,   -2,   -2,    1,  -12,  -14,  -14,
     -14,   -3,   -7,   -2,   -2,   -7,   -6,  -10,   -5,   -7,   -7,  -10,   -8,   -6,   -9,  -18,
       5,  -15,  -15,  -12,  -13,    2,   -5,   -4,    2,    2,  -13,  -12,  -15,  -11,  -11,  -14,
     -14,   -8,  -14,  -16,  -17,  -14,  -18,   -6,   -6,  -12,  -18,  -18,  -18,  -18,  -18,  -15,
     -15,  -15,   -2,  -17,   -5,   -7,  -15,  -15,  -15,  -15,  -15,  -15,  -11,  -11,   10,  -18,
     -18,  -15,  -15,  -15,  -15,  -15,  -13,  -13,    2,   -5,   -5,  -10,   -5,  -17,   -4,    2,
      -1,  -13,  -15,  -13,  -15,  -15,  -11,  -11,  -11,  -16,  -16,  -13,  -33,  -18,  -29,  -15,
      37,   -5,  -15,  -16,  -13,  -11,  -18,  -26,  -18,  -18,  -18,  -18,  -15,  -15,  -21,  -15,
     -13,  -26,  -15,  -14,  -14,  -14,  -14,   -2,  -15,  -13,  -13,   -3,   -8,  -18,   -6,  -15,
      -7,   -6,   -3,   -4,  -16,  -11,  -27,  -22,   -4,  -13,   -3,   -1,   -1,   -5,   -5,   -5,
      -1,   -3,   -1,   -5,   -3,  -11,   -4,  -22,   -6,   -3,   -3,   -3,   -3,   -3,   -1,   -5,
      -3,   -3,   -1,   -1,   -6,   -5,   -6,   -5,   -3,   -1,   -1,   -3,   -1,   -3,   -3,   -3,
      -3,   -3,   -3,   -3,   -3,   -3,  -13,  -13,   -2,  -15,  -16,  -57,  -27,  -57,  -19,    1,
      -6,   -9,    1,    1,   -2,  -35,   -3,    1,  -47,   -6,   -3,    1,    2,   -9,   -5,  -16,
      -1,    1,   -7,  -11,  -13,   -5,   -5,    2,    3,    2,    3,  -21,    1,  -21,    1,   -4,
     -51,   -3,    1,   -7,   -7,   -7,   -7,   -7,  -11,  -11,  -11,    1,    1,  -12,  -11,  -11,
     -11,  -11,  -11,   -7,   -7,  -11,  -11,  -11,  -11,  -11,   -5,   -5,   -3,    3,   -3,    1,
       3,   -3,   -5,  -11,   -5,   -5,    2,   -5,   -7,   -7,  -11,  -11,    1,    1,  -11,   -7,
      -7,   -7,   -7,   -7,   -7,  -11,  -11,  -11,  -11,  -11,  -11,    3,  -27,    2,  -57,  -57,
      -2,    1,   -2,  -13,  -21,  -13,   -3,    1,   -8,  -18,   -6,  -15,   -7,   -6,   -3,   -4,
     -16,  -11,  -27,  -22,   -4,  -11,    4,   -3,   -1,   -1,   -5,   -5,   -5,   -1,   -3,   -1,
      -5,   -3,   -9,   -4,  -22,   -6,   -3,   -3,   -3,   -3,   -3,   -1,   -5,   -3,   -3,   -1,
      -1,   -6,   -5,   -6,   -5,   -3,   -1,   -1,   -3,   -1,   -3,   -3,   -3,   -3,   -3,   -3,
      -3,   -3,   -3,  -23,  -23,   -2,   -5,   -3,  -10,  -17,    1,   -6,   -8,    1,   -7,   -3,
      -2,   -8,   -2,   -4,    2,   -5,   -5,  -12,   -9,  -13,   -3,   -4,   -1,   -8,   -5,   -1,
      -5,   -2,   -6,   -4,   -6,  -17,   -2,  -16,   -3,   -2,   -7,   -1,   -1,   -1,   -1,   -1,
      -8,   -8,   -8,   -8,   -8,   -8,   -8,   -8,  -15,   -1,   -1,   -8,   -8,   -8,   -8,   -8,
      -8,   -1,   -5,   -3,   -1,   -1,   -8,   -8,   -8,   -1,   -1,   -1,   -1,   -1,   -1,   -8,
      -8,   -8,   -8,   -8,   -8,   -6,  -17,   -3,   -6,  -11,   -5,   -4,   -1,   -2,   -9,   -7,
      -1,   -2,   -2,   -3,   -2,   -1,   -1,   -3,   -1,   -1,   -3,   -3,   -3,   -3,   -3,   -3,
      -2,   -2,   -1,   -6,   -3,   -1,   -6,   -4,   -6,   -8,   -3,   -3,   -3,   -3,   -3,   -3,
      -1,   -1,   -1,   -3,   -3,   -3,   -3,   -1,   -1,   -1,   -1,   -1,   -1,   -1,   -1,   -3,
      -3,   -1,   -1,   -1,   -1,   -1,   -3,   -3,   -3,   -3,   -3,   -3,   -3,   -3,   -3,   -1,
      -3,   -2,   -2,   -2,   -1,   -2,   -1,   -4,   -4,   -3,   -3,   -3,   -1,   -1,   15,   -3,
      -1,   -3,   -3,   -1,   -3,   -1,   -3,   -3,   -3,   -3,   -1,   -1,    4,   -1,   -3,    2,
      -1,   -6,   -2,  -16,    1,  -21,  -95,  -46,  -48,  -21,  -20,  -13,   -8,   -6,   -6,    2,
     -11,  -50,   -3,  -47,   -2,   -1,   -1,  -23,    1,  -32,  -38,   -6,  -20,  -16,   -4,   -2,
     -16,  -13,  -13,  -20,   -6,  -11,  -12,  -12,  -10,  -13,   -8,  -38,  -43,  -10,  -68,   -3,
      -6,  -41,  -42,  -42,  -40,  -23,  -60,  -61,  -60,   -4,  -14,   -5,   -3,  -22,  -64,  -32,
     -32,  -63,  -32,  -11,  -11,  -15,  -43,  -42,  -63,  -32,  -63,  -62,  -63,  -38,  -39,  -13,
      -5,   -6,   -6,   -4,  -17,    3,  -16,  -13,  -32,  -24,  -33,  -35,  -12,  -13,  -11,  -21,
      -8,  -20,  -34,  -42,  -54,  -62,   30,   -6,  -57,  -15,  -23,  -18,  -23,  -14,  -43,  -43,
     -43,  -43,  -32,  -62,  -25,  -63,   -4,  -36,  -32,  -13,  -46,    2,  -95,  -48,  -12,    1,
       1,  -13,  -21,  -13,  -21,  -12,   -4,   -2,   -3,   -7,  -10,   -9,   -3,   -9,   -9,  -10,
     -26,   -4,  -18,    1,    1,    1,  -20,   11,  -17,  -18,  -11,  -16,    6,   -3,   -2,   11,
       6,  -15,  -13,  -18,  -10,  -10,  -10,  -10,  -10,  -11,  -17,  -17,  -13,  -20,  -31,   -4,
     -11,  -20,  -20,  -20,  -20,  -20,  -17,  -17,  -17,    6,  -18,   -3,  -16,  -17,  -17,  -17,
     -17,  -17,  -10,  -10,   19,  -20,  -20,  -17,  -17,  -17,  -17,  -17,  -16,  -16,    7,   -3,
      -3,   -5,   -3,  -18,   -2,   11,    1,  -15,  -17,  -15,  -18,  -18,  -10,  -10,  -10,  -17,
     -17,  -16,  -32,  -20,  -29,  -17,   45,   -3,  -34,  -12,  -15,  -10,  -20,  -24,  -20,  -20,
     -20,  -20,  -17,  -17,  -21,  -17,   -9,  -26,  -17,  -11,  -13,  -21,  -21,  -19,    5,    6,
     -26,    1,    2,  -47,  -38,  -47,  -31,  -18,   -3,   -8,  -11,  -31,  -24,  -29,  -13,   -4,
     -25,  -25,    5,  -30,  -45,  -17,  -43,   -8,    1,   -1,    2,    3,  -44,   22,  -42,  -44,
     -24,  -37,   14,   -5,   -2,   14,   14,  -37,  -34,  -40,  -24,  -25,  -22,  -23,  -25,  -22,
     -36,    3,  -14,  -41,  -37,    3,   -1,  -36,  -68,  -17,  -24,  -34,  -44,  -44,  -42,  -44,
     -34,  -42,  -39,   21,  -28,   -5,   14,  -22,  -37,  -42,  -42,  -42,  -42,  -23,  -25,   24,
     -44,  -38,  -42,  -40,  -42,  -38,  -39,  -37,  -34,    4,   -3,    2,    3,   -5,  -36,   -2,
      14,   -2,    5,  -37,  -41,  -32,  -40,  -32,  -24,  -27,  -25,  -36,  -34,  -34,    1,  -44,
      -2,  -42,   59,   -5,  -13,   13,  -37,  -17,  -44,    7,  -41,  -44,  -44,  -41,  -42,  -42,
       4,  -41,   -8,   -7,  -42,  -22,  -38,    1,  -47,  -47,    3,    5,  -18,  -15,    4,    5,
     -24,    1,    2,  -70,  -28,  -35,  -19,  -13,   -3,   -6,   -9,  -23,  -20,  -23,  -10,   -3,
     -18,  -18,    4,  -24,  -31,  -12,  -26,   -5,   -1,    2,    3,  -31,   21,  -26,  -26,  -17,
     -24,   13,   -3,   -1,   26,   13,  -22,  -20,  -26,  -15,  -17,  -14,  -15,  -15,  -14,  -23,
       2,  -11,  -31,  -27,    2,  -29,  -54,  -12,  -17,  -56,  -31,  -31,  -31,  -31,  -49,  -26,
     -26,   17,  -22,   -3,   11,  -19,  -52,  -26,  -26,  -26,  -26,  -17,  -17,   36,  -31,  -60,
     -26,  -26,  -26,  -52,  -52,  -24,  -24,   16,   -2,    1,    3,   -3,  -25,   -1,   26,   -2,
       4,  -22,  -26,  -42,  -26,  -48,  -15,  -34,  -17,  -23,  -23,  -24,  -32,  -31,  -30,  -26,
      55,   -2,  -39,  -10,  -44,  -26,  -31,  -26,  -62,  -31,  -31,  -62,  -26,  -26,  -23,  -26,
      -9,  -32,  -26,  -14,  -28,    1,  -70,  -35,    2,    4,   -5,  -11,   -4,  -11,  -29,    1,
       5,   -9,    2,   -3,  -12,   -1,   -8,   -4,   -3,   -6,   -2,   -4,  -29,    2,   -5,   -5,
      -1,   -5,   -3,   -3,   -4,  -15,  -10,   -3,   -2,   -5,   -3,  -13,  -10,  -42,  -29,  -47,
      -3,   -3,  -22,  -12,  -26,   -3,   -4,  -22,   -4,   -4,   -4,   -4,   -4,  -15,  -15,  -15,
       3,  -14,  -15,  -15,  -15,  -15,  -14,  -10,  -10,   -4,   -4,  -15,  -15,  -15,  -15,  -15,
      -3,   -3,   -2,   -1,   -3,  -15,   -3,   -3,  -13,   -7,  -15,  -10,   -3,   -3,   -4,  -15,
     -15,   35,  -15,    1,  -10,   -4,   -3,   -4,   -4,   -4,   -4,  -15,  -15,  -14,  -15,  -15,
     -15,  -47,  -29,  -12,   -4,   -5,   -6,   -8,  -18,    2,    3,  -28,    1,    1,  -93,  -51,
     -46,  -29,  -23,   -4,  -10,  -12,  -40,  -25,  -35,  -16,   -6,  -31,  -31,    2,  -34,  -51,
     -25,  -46,   -8,   -1,    1,    2,  -56,   18,  -63,  -64,  -33,  -52,   10,   -9,   -6,   20,
      10,  -47,  -47,  -52,  -35,  -39,  -39,  -36,  -38,  -39,  -47,    2,  -19,   -1,  -55,   -1,
     -50,    2,   -1,  -43,  -71,  -25,  -67, -100,  -56, -111, -108,  -56, -108,  -63, -117,    7,
     -46,  -15,  -27, -115,  -63,  -63, -122,  -63,  -76,  -39,   31,  -56, -104,  -63, -121, -126,
    -120, -120,  -52,  -99,   12,  -14,  -11,   -9,   -9,  -56,  -12,   20,    3,  -47, -123,  -89,
     -52,  -93,  -35,  -73,  -39,  -47,  -92,  -99,  -59,  -56,  -69, -127,   46,  -15,  -80,  -37,
     -94,  -62, -111,  -53, -107,  -56, -111, -107,  -63, -126,  -63, -123,  -23,  -74, -126,  -39,
     -51,   -1,    1,  -93,  -46,    1,    2,  -28,   -3,   -9,    1,   -1,   -1,   -3,   -5,   -2,
      -3,   -1,   -2,   -2,   -2,   -9,   -3,   -8,   -6,   -2,   -4,   -5,   -2,   -4,   -2,   -2,
      -5,   -2,   -7,   -1,   -6,   -4,  -19,  -15,  -20,   -4,   -2,   -2,   -1,   -2,   -3,   -4,
      -2,   -2,   -2,   -2,   -2,   -3,   -2,   -2,   -2,   -4,   -4,   -2,   -2,   -2,   -2,   -2,
      -2,   -2,   -2,   -2,   -2,   -2,   -5,   -2,   -2,   -1,   -1,   -6,   -9,   -6,   -4,   -4,
      -4,   -2,   -2,   -2,   21,   -2,   -4,   -2,   -4,   -2,   -2,   -2,   -2,   -2,   -2,   -2,
     -20,   -8,   -3,   -4,   -5,   -5,    3,  -10,  -12,   -1,   -1,  -27,   -1,  -10,  -15,  -14,
     -13,   -3,    4,    3,    1,    3,   -1,    7,  -11,  -11,    2,    2,    2,   -3,   -7,   -3,
      -3,   -4,  -12,  -13,   -6,  -13,   -1,   -1,   -1,   -1,   -1,  -11,  -11,  -11,   19,   10,
     -11,  -11,  -11,  -11,  -11,   -7,   -7,   10,   -1,   -1,  -11,  -11,  -11,  -11,  -11,    2,
       5,    2,  -11,   -3,   -3,   -7,    4,   -1,   -3,  -11,   58,  -10,   12,   -6,   -1,   25,
      -1,   -1,   -1,   -1,  -11,  -11,   22,  -11,   11,  -11,   -4,  -27,   -1,   -1,  -14,  -13,
       4,  -21,  -12,  -31,  -20,    1,  -31,  -76,   -3,  -14,   -3,    1,  -16,    6,   -3,  -21,
      -3,  -16,   -1,   -1,  -15,   15,    7,   17,   19,    4,    9,   17,   17,   19,   17,  -23,
      -1,  -21,    1,   -9,    1,  -21,   -6,    2,  -31,  -19,  -52,  -29,   -2,  -54,  -29,   -1,
     -13,  -10,   -3,  -16,   -6,   -9,  -13,   -6,   -7,   -6,   -1,  -31,   -1,  -16,   -9,  -19,
     -19,    1,    1,  -30,  -18,  -17,   -1,  -16,  -13,   -1,   -1,  -18,  -10,  -13,   -2,  -13,
     -13,   -2,  -26,  -17,  -41,  -26,  -21,  -63,  -12,  -24,  -12,   -1,   -9,   -7,  -12,  -11,
      -1,  -13,   -2,  -11,  -13,  -13,  -13,   -1,  -26,   -1,   -1,   -1,  -11,  -10,   -9,   -1,
      -1,  -22,   -8,   -3,   -3,   -2,   -8,   -5,   -2,   -4,   -2,   -5,  -13,  -15,  -39,  -26,
      -7,  -55,   -1,  -11,   -1,   -1,   -1,   -1,   -1,   -5,   -4,   -1,   -7,   -6,   -1,   -4,
      -1,   -1,   -1,   -1,   -1,   -1,   -1,   -1,   -1,   -1,   -1,   -1,   -1,   -1,   -4,   -4,
      -1,  -13,   -1,   -1,   -1,   -1,   -1,   -1,   -1,   -1,   -1,   -4,   -8,   -1,   -1,  -14,
       1,   -7,   -1,  -11,  -10,   -7,   -6,    1,   -8,  -10,   -6,   -6,   -7,   -4,   -1,   -7,
      -5,   -9,  -12,   -3,  -10,   -3,   -1,   -6,   -1,   -8,   19,    3,    3,   -9,  -10,   -7,
      -7,  -10,   -7,  -15,   -8,  -12,  -17,   -4,   -8,   -6,   -9,   -2,  -24,  -17,  -42,  -27,
     -11,  -61,   -7,  -27,   -1,   -1,   -9,   -7,   -9,  -12,   -1,   -1,   -5,   -8,   -8,   -8,
      -1,  -24,   -1,  -12,   -9,   -8,  -21,   -7,   16,   54,   78,    2,   66,   67,  -21,  -29,
     -21,   70,  -10,   53,    5,   -8,   45,   53,   21,   54,   63,   78,   75,   65,   77,   45,
      66,   70,   -7,   -8,   -9,    2,   -5,   -2,    4,   36,   -2,   -2,   -4,   11,    2,    2,
       1,    2,   32,   66,   15,   47,  -21,   53,   53,   52,  -23,   65,   44,   53,    5,    2,
      10,   -9,   -2,   12,  -12,    7,  -10,    8,  106,   31,   82,  109,   -9,    1,  -13,  -11,
      -1,   -8,    7,    3,   -2,   -2,   -1,   -9,   -5,   -5,   -3,   -7,   -1,    6,   53,   64,
      53,   95,   95,   95,   31,   31,   95,   -2,  -10,  -10,   15,    9,   14,   11,   54,   22,
       5,    8,    5,   48,   -6,   44,   -9,  127,   88,   33,   68,   12,   35,  -11,   54,   -4,
      -7,   -4,  -14,   -5,   50,   -8,   60,   40,  -11,    6,  -29,   64,   72,  -21,  -21,   78,
      73,   -6,   45,   21,   -5,    1,    2,  -14,   -2,    2,    2,   -2,   -2,   -4,   -3,   -4,
      -3,   -5,   -4,   -9,  -11,  -25,  -17,   -3,  -42,   -3,   -3,   19,   -5,   -6,   -6,    1,
      -1,    2,    1,   -1,    2,    1,    2,    2,    1,    1,    2,  -13,    1,    1,  -12,   -1,
       1,   -4,   -3,    1,   -5,   -5,   -5,   -5,   -5,   -6,   -6,   -6,   -6,   -6,   -6,   -6,
      -6,   -6,    1,    1,   -5,   -5,   -6,   -6,   -6,   -6,   -6,   -1,   -1,   -4,   -4,    2,
      -4,   -6,   -1,   -1,    2,   -9,    3,    1,   -1,   -5,   -5,   -6,   -6,   -6,    1,   -5,
      -5,   -5,   -5,   -5,   -5,   -6,   -6,   -6,   -6,   -6,   -6,    1,  -14,    4,    2,    5,
       5,   -2,    1,   -3,    1,    4,  -20,   -3,   -1,  -18,   -7,  -22,   -6,   -1,  -28,  -17,
     -51,  -31,  -57,   -1,  -29,   -1,  -11,   -9,  -13,   -6,  -10,  -11,   -5,   -6,   -2,   -6,
      -1,  -28,   -1,  -13,   -7,  -16,  -17,  -28,  -15,   -1,   -9,   -9,   -4,   -5,   -1,   -5,
      -6,   -1,   -2,   -4,   -2,   -2,   -3,  -11,   -7,   -3,   -5,   -5,   14,   -3,   -9,   -3,
      -1,   -7,   -1,   -2,   -2,   -1,   -2,   -2,   -1,   -6,   -2,   -1,   -2,   -2,   23,   -3,
      -5,   -7,  -27,    3,   -5,  -10,    1,  -10,  -16,  -38,  -23,  -49,   -4,   -6,  -15,  -13,
      -9,   -9,   -4,   -5,   -6,   -3,   -8,   -2,   -2,  -20,   -2,  -25,   -2,   -3,  -10,   -6,
      -6,   -6,   -6,   -6,  -15,  -15,  -15,  -16,  -15,  -15,  -15,  -15,  -29,   -5,   -5,   -6,
      -6,  -15,  -15,  -15,  -15,  -15,   -9,   -9,   -9,  -15,   -9,   -9,   -4,  -10,   -4,   -5,
      -2,   -2,   -9,   -6,   -6,  -15,  -15,  -15,   -5,   -6,   -6,   -6,   -6,   -6,   -6,  -15,
     -15,  -15,  -15,  -15,  -15,   -8,  -27,   -3,   -5,  -12,   -2,   -8,   -4,   -5,   -9,   -8,
      -5,   -5,   -1,   -6,   -8,   -4,   -3,   -5,   -3,   -4,   -3,   -5,   -1,  -11,  -27,   -7,
      -5,   -6,   20,    3,    4,   -5,   -8,   -4,   -4,   -5,   -3,  -17,  -16,  -13,  -18,  -10,
     -14,   -1,  -14,  -15,   -2,  -30,  -17,  -43,  -27,  -22,  -67,  -13,  -35,  -12,   -1,  -10,
      -8,  -12,  -13,   -1,  -13,   -2,  -12,  -14,  -14,  -14,   -1,  -30,   -1,   -1,   -1,  -13,
     -11,   -9,  -22,   -8,   -1,   -4,   -6,   -7,   -1,   -7,   -8,   -8,  -12,  -37,  -22,   -5,
     -47,   -3,   -9,    9,    6,   -2,   -6,   -7,   -1,   -7,   -7,    6,   -8,   -8,  -13,  -11,
     -15,  -35,  -21,  -35,  -13,   -3,  -31,  -19,  -36,  -22,  -19,   -1,  -13,  -13,  -33,  -22,
     -40,  -53,   -4,   -3,  -10,   -8,  -10,   -9,    1,   -6,   -4,   -4,   -4,   -6,    1,    1,
       1,    1,  -11,  -17,    1,  -19,  -19,    1,   -8,   -8,   -8,   -8,   -8,  -10,  -10,  -10,
      -8,  -10,  -10,  -10,  -10,  -10,   -4,   -8,   -8,  -10,  -10,  -10,  -10,  -10,   -6,   -6,
     -19,   -4,  -19,   -4,  -13,  -10,   -6,   -6,    1,  -13,    1,   -6,   -8,   -8,  -10,  -10,
     -10,   -8,   -8,   -8,   -8,   -8,   -8,  -10,  -10,  -10,  -10,  -10,  -10,    1,  -21,    4,
       3,  -35,  -35,   -3,    2,  -10,  -10,   -9,   -1,   -1,  -13,   -5,   -9,   -2,   -7,  -10,
      -1,  -19,  -18,  -41,  -27,   -8,  -52,   -6,  -23,   -2,   -3,   -1,   -8,   -6,   -5,   -9,
      -1,   -1,   -4,   -9,   -2,   -1,   -1,   -9,   -9,   -3,   -3,  -19,   -1,   -1,   -1,   -1,
      -9,   -5,   -7,   -1,   -1,  -16,   -4,   -1,   -1,   -1,    4,   -6,    4,   -2,   -1,   -3,
      -5,    1,   -2,   -4,   -2,  -13,  -13,  -33,  -22,   -2,  -46,   -3,   -2,   -1,   -3,   -3,
      -3,    1,    1,   -1,    1,   -9,   -6,   -3,   -5,   -1,   -1,   -1,   -1,   -1,   -3,   -3,
      -3,   -3,   -3,   -3,   -3,   -3,   -3,   -1,   -1,   -3,   -3,   -3,   -3,   -3,   -3,   -3,
      -3,   -2,   -3,  -13,   -1,   -1,   -3,   -3,   -3,   -1,   -1,   -1,   -1,   -1,   -1,   -3,
      -3,   -3,   -3,   -3,   -3,    1,   -6,    2,    4,    4,   -6,   -5,    1,  -15,   -1,   -2,
     -15,  -10,  -19,   -5,  -21,  -16,  -42,  -27,  -50,  -21,   -4,   -3,   -6,   -1,  -11,   -8,
      -9,   -5,   -1,   -5,  -21,   -6,  -10,  -11,  -13,  -23,  -12,  -12,  -17,  -15,  -34,  -20,
     -34,  -15,   -3,   -4,  -30,  -22,   -3,  -33,  -24,  -23,   -3,  -13,  -15,  -29,  -21,  -42,
     -44,   -5,   -8,  -11,   -2,  -15,  -17,   -9,   -9,   -9,   -9,   -9,   -6,  -12,  -22,  -19,
      -4,  -22,   -3,  -11,  -11,  -11,  -11,  -11,  -15,  -15,  -15,  -17,  -15,  -15,  -15,  -15,
     -15,   -9,  -11,  -11,  -15,  -15,  -15,  -15,  -15,   -9,   -9,  -22,   -9,  -22,   -9,  -15,
     -15,   -9,   -9,  -13,   -6,   -6,   -9,  -11,  -11,  -15,  -15,  -15,  -11,  -11,  -11,  -11,
     -11,  -11,  -15,  -15,  -15,  -15,  -15,  -15,  -20,    1,    1,  -34,  -34,   -5,   -6,    2,
      -7,  -12,  -15,  -23,  -14,  -23,   -3,  -18,  -17,  -21,  -18,  -18,  -12,  -13,  -29,  -19,
     -30,  -42,   -3,  -11,   -7,   -2,   -9,  -10,   -6,   -5,   -5,   -5,   -5,   -3,  -12,  -16,
     -14,  -17,   -7,   -7,   -7,   -7,   -7,   -9,   -9,   -9,  -10,   -9,   -9,   -9,   -9,   -9,
      -5,   -7,   -7,   -9,   -9,   -9,   -9,   -9,   -6,   -6,  -17,   -5,  -17,   -5,   -9,   -9,
      -5,   -5,  -12,   -3,   -3,   -6,   -7,   -7,   -9,   -9,   -9,   -7,   -7,   -7,   -7,   -7,
      -7,   -9,   -9,   -9,   -9,   -9,   -9,  -14,    1,    1,  -23,  -23,   -2,   -3,    2,   -1,
     -27,    1,   -2,   -9,    1,  -10,  -16,  -35,  -22,  -48,   -3,   -7,  -13,  -13,   -4,   -1,
      -4,   -1,   -1,  -20,  -25,   -9,   -7,   -7,   -7,   -7,   -7,  -13,  -13,  -13,  -15,  -13,
     -13,  -13,  -13,  -12,   -7,   -7,  -13,  -13,  -13,  -13,  -13,   -4,   -4,   -4,  -13,   -4,
      -4,   -1,  -10,   -1,   -1,   -1,   -4,   -7,   -7,  -13,  -13,  -13,   -7,   -7,   -7,   -7,
      -7,   -7,  -13,  -13,  -13,  -13,  -13,  -13,  -27,   -9,   -5,    1,  -13,  -15,  -14,  -34,
     -20,  -34,  -15,   -3,   -2,  -31,  -20,   -3,  -33,  -22,  -21,   -3,  -12,  -13,  -27,  -18,
     -41,  -43,   -4,   -3,   -9,   -2,  -13,  -16,   -7,   -7,   -7,   -7,   -7,    1,   -5,  -11,
       1,  -21,    1,  -19,    1,   -2,  -20,   -3,   -9,   -9,   -9,   -9,   -9,  -13,  -13,  -13,
     -15,  -13,  -13,  -13,  -13,  -13,   -7,   -9,   -9,  -13,  -13,  -13,  -13,  -13,   -7,   -7,
     -20,   -7,  -20,   -7,  -13,  -13,   -7,   -7,    1,  -12,    1,   -5,   -5,   -7,   -9,   -9,
     -13,  -13,  -13,   -9,   -9,   -9,   -9,   -9,   -9,  -13,  -13,  -13,  -13,  -13,  -13,  -20,
       3,    1,  -34,  -34,   -2,   -6,    1,    3,   -1,   -3,   -1,   -1,   -7,   -1,   -7,   -2,
      -5,   -7,   -1,  -14,  -17,  -41,  -26,   -5,  -51,   -3,   -7,   -3,   -3,   -3,   -4,   -1,
      -1,   -1,   -7,   -2,   -7,   -7,  -14,   -1,   -1,   -4,   -1,   -9,   -2,    3,  -10,  -10,
      -3,  -25,   -3,   -8,  -11,  -13,   -1,   -1,   -1,  -11,  -10,    4,    3,    1,    3,   -6,
       3,  -13,  -12,   -1,   -5,  -10,   -5,   -6,   -1,  -10,  -14,   -7,   -1,  -11,   -6,   -6,
      -6,   -6,   -6,  -13,  -13,  -13,   15,    5,   -3,  -13,  -13,  -13,  -13,  -13,  -10,  -10,
       6,   -6,   -6,  -13,  -13,  -13,  -13,  -13,    3,  -13,   -1,   -1,   -5,   -5,  -10,   -6,
      -6,  -13,   54,  -11,    8,   -9,   -6,   26,   -6,   -6,   -6,   -6,  -13,  -13,   24,  -13,
      13,  -13,   -1,  -25,   -1,   -3,   -3,   -6,   -5,   -7,   -6,   -6,   -6,   -6,   -6,   -6,
      -6,   -4,   -3,   -1,   -2,   -6,  -11,  -30,  -21,  -35,    1,    7,   -2,   -1,    1,    1,
       7,   -6,    1,   -3,   -3,   -2,   -2,   -2,   -1,   -1,  -13,   -3,   -9,  -12,  -17,  -21,
     -19,  -12,   -1,  -15,   -9,   -9,  -15,   -7,  -14,  -11,   -6,  -18,  -12,    1,    1,    1,
     -10,  -16,    1,   -9,   -9,  -11,   -5,   -5,   -3,   -9,  -11,   -8,  -18,  -13,   -6,   -3,
      -4,   -7,  -10,  -19,  -37,  -29,   -2,  -46,   -2,   -1,   -5,  -11,  -10,   -1,   -4,   -3,
      -4,   -4,   -3,   -1,   -2,   -2,   -6,  -19,   -4,   -2,   -5,   -1,    1,   -6,   -3,   -1,
      -1,   -1,   -1,   -1,  -11,  -11,  -11,  -11,  -11,  -11,  -11,  -11,  -11,   -4,   -1,   -1,
     -11,  -11,  -11,  -11,  -11,   -1,   -1,   -6,   -4,   -6,   -3,   -4,   -6,   -8,  -11,   -1,
     -19,   -1,   -1,   -1,   -1,  -11,  -11,  -11,   -1,   -1,   -1,   -1,   -1,   -1,  -11,  -11,
     -11,  -11,  -11,  -11,   -2,  -18,   -1,   -1,   -3,   -4,   -6,  -59,  -59,  -35,  -41,   -4,
      -2,   -2,   -1,   -2,   -6,    1,    1,    1,    1,  -10,  -48,   -2,   -2,   -2,   11,    8,
      -2,   -2,   -2,   -2,   -2,   -2,   -2,   -2,   -2,   -2,   -2,    2,    9,    1,   17,   -2,
      -2,   -2,   14,    7,   -2,   -2,   -2,   -2,   -2,   -2,   -2,    1,  -59,  -59,    6,  -19,
     -13,   -4,    1,    1,    2,    2,    1,    4,    1,    1,    4,    1,    1,    1,    2,    2,
       1,    3,    1,    1,    1,    1,    1,    1,    1,    3,   -4,   -4,  -21,   -8,   -5,  -10,
      -6,   -5,   -5,  -19,  -16,  -15,  -15,  -16,  -43,  -12,  -39,  -28,  -30,  -54,  -15,   -3,
     -13,   -5,  -11,   -9,   -5,  -27,  -11,   -9,  -10,   -8,  -18,  -14,  -24,  -22,   -3,  -26,
     -16,  -13,   -3,   -3,   -3,   -3,   -3,  -11,  -11,  -11,  -11,   -8,   -8,   -5,   -3,   -3,
     -16,   -5,  -16,  -11,  -11,  -11,  -11,  -11,   -9,   -5,  -11,  -11,  -10,  -43,  -10,   -8,
      -3,   -3,   -3,   -3,  -11,  -11,  -11,  -11,   -8,   -3,   -3,   -3,   -3,   -3,   -3,  -11,
     -22,   -4,   -4,   -2,   -2,  -33,   -1,  -21,  -27,  -10,  -10,   -6,   -6,  -23,  -21,  -19,
     -13,  -18,  -20,   -2,  -39,  -18,  -45,  -33,  -28,  -61,  -13,  -14,   -6,   -7,  -16,  -13,
     -15,  -14,  -13,  -13,  -15,  -14,   -2,  -14,  -13,  -23,  -18,  -22,  -26,   -6,  -15,  -10,
     -10,  -23,  -30,  -24,  -19,  -16,   -6,   -6,   -6,   -6,   -6,  -15,  -15,  -15,  -15,  -13,
     -13,  -13,   -6,   -6,  -19,  -13,  -19,  -15,  -15,  -15,  -15,  -15,  -14,  -13,  -15,  -15,
      -2,   -2,  -14,  -78,  -14,  -13,   -6,   -6,   -6,   -6,  -15,  -15,  -15,  -15,  -13,   -6,
      -6,   -6,   -6,   -6,   -6,  -15,  -26,  -29,  -26,  -10,  -10,  -29,   -7,  -36,  -36,   -7,
      -9,   -9,   -8,  -12,  -28,  -15,  -10,  -12,  -10,  -41,  -39,  -57,  -46,  -11,  -60,   -6,
     -18,  -10,  -27,  -25,  -10,    2,   -8,   -7,    2,   -8,   -8,   -7,   -2,  -11,  -25,  -23,
     -30,  -26,   -3,   -6,  -10,  -37,  -22,   -6,  -12,  -26,  -10,  -18,  -18,  -18,  -18,  -18,
     -27,  -27,  -27,   -7,   -7,   -7,   -7,  -27,  -27,  -27,  -27,  -27,  -27,  -23,  -23,   -6,
     -18,  -18,  -27,  -27,  -27,  -27,  -27,    2,    2,  -12,   -8,  -12,   -7,   -7,   -7,   -7,
      -7,    2,   -8,   -8,  -11,   -7,  -27,   -7,  -11,  -11,  -25,  -41,  -25,  -23,  -10,  -10,
       2,  -18,  -18,  -27,  -27,   -7,   -7,  -27,   -7,   -7,  -23,  -18,  -18,  -18,  -18,  -18,
     -18,  -27,  -27,  -27,  -27,   -7,  -27,  -27,   -6,  -32,  -32,   -6,   -6,  -30,   -6,  -17,
      -7,   -8,   -8,   -5,   -6,   -7,    2,  -14,  -13,   -3,   -6,   -1,   -3,   -2,  -11,   -6,
     -11,  -10,  -17,  -15,  -18,   -5,  -18,  -16,   -7,    1,   -6,   -3,   -7,   -7,   -7,   -7,
      -7,  -14,  -14,  -14,   -1,   -1,   -1,  -14,  -14,  -14,  -14,  -14,  -14,  -10,  -10,    3,
      -7,   -7,  -14,  -14,  -14,  -14,  -14,   -6,   -6,   -1,   -1,   -3,   -1,   -1,   -3,   -2,
     -14,   -2,   -6,   -6,  -11,  -11,  -10,   -5,   -5,   -6,  -13,   -7,  -27,  -14,   36,   -1,
     -14,   -2,   -2,  -10,   -7,  -13,   -7,   -7,   -7,   -7,  -14,  -14,  -22,  -14,   -1,  -14,
     -14,  -18,  -17,   -2,  -14,  -13,  -13,   -3,   -7,  -18,   -6,  -15,   -7,   -6,   -3,   -4,
     -13,  -21,  -25,  -39,   -4,  -12,   -3,   -1,   -1,   -5,   -5,   -5,   -1,   -3,   -1,   -5,
      -3,  -11,   -4,  -22,   -6,   -3,   -3,   -3,   -3,   -3,   -1,   -5,   -3,   -3,   -1,   -1,
      -6,   -5,   -6,   -5,   -3,   -1,   -1,   -3,   -1,   -3,   -3,   -3,   -3,   -3,   -3,   -3,
      -3,   -3,  -13,  -13,   -2,   -6,  -21,  -27,   -1,  -27,   -3,  -18,  -28,  -12,  -31,  -13,
     -12,   -4,   -7,  -27,  -18,  -50,  -47,   -8,  -20,   -4,   -3,   -2,   -1,   -9,   -9,   -9,
      -1,   -5,   -3,   -7,   -5,  -16,   -1,   -1,   -7,  -55,  -12,   -4,   -4,   -4,   -4,   -4,
      -9,   -4,   -4,   -1,   -1,  -12,   -9,  -12,   -9,   -1,   -1,   -4,   -1,   -4,   -4,   -4,
      -4,   -4,   -4,   -4,   -4,   -5,   -1,  -27,  -27,  -11,  -14,   -1,   -3,  -18,  -13,   -4,
      -9,   -5,   -7,  -10,   -2,  -24,  -15,  -16,  -15,   -8,  -17,   -8,  -10,   -4,   -1,   -5,
      -1,   -5,   -6,   -3,  -22,  -15,  -14,  -25,   -2,   -1,  -11,  -11,   -9,   -5,   -4,   -1,
      -1,   -1,   -1,   -3,   -3,   -9,   -9,   -1,   -1,   -1,   -1,   -1,   -5,   -1,   -1,   -6,
     -24,   -6,   -3,   -2,   -2,   -1,   -1,   -1,   -1,   -3,   -1,  -25,  -15,  -15,  -14,  -14,
     -43,   -1,  -21,    1,   -9,    1,  -21,   -6,    2,  -31,  -19,  -52,  -29,   -2,  -54,  -29,
      -1,  -13,  -10,   -3,  -16,   -6,   -9,  -13,   -6,   -7,   -6,   -1,  -31,   -1,  -16,   -9,
     -19,  -19,    1,    1,  -30,  -18,  -23,   -1,  -21,    1,   -9,    1,  -21,   -6,    2,  -31,
     -19,  -52,  -29,   -2,  -54,  -29,   -1,  -13,  -10,   -3,  -16,   -6,   -9,  -13,   -6,   -7,
      -6,   -1,  -31,   -1,  -16,   -9,  -37,  -19,    1,    1,  -30,  -18,  -26,   -8,  -12,  -17,
      -4,   -8,   -6,   -9,   -2,  -24,  -17,  -42,  -27,  -11,  -61,   -7,  -27,   -1,   -1,   -9,
      -7,   -9,  -12,   -1,   -1,   -5,   -8,   -8,   -8,   -1,  -24,   -1,  -12,   -9,   -8,  -21,
      -7,  -15,   -8,  -12,  -17,   -4,   -8,   -6,   -9,   -2,  -24,  -17,  -42,  -27,  -11,  -61,
      -7,  -27,   -1,   -1,   -9,   -7,   -9,  -12,   -1,   -1,   -5,   -8,   -8,   -8,   -1,  -24,
      -1,  -12,  -17,   -8,  -21,   -7,  -29,   -8,  -12,  -17,   -4,   -8,   -6,   -9,   -2,  -24,
     -17,  -42,  -27,  -11,  -61,   -7,  -27,   -1,   -1,   -9,   -7,   -9,  -12,   -1,   -1,   -5,
      -8,   -8,   -8,   -1,  -24,   -1,  -12,  -17,   -8,  -21,   -7,    6,   22,   -1,    9,   -5,
      -9,    1,   -5,   -1,   -5,   -6,   -1,   -2,   -4,   13,   20,   13,   13,   12,   -2,   -2,
      -3,    9,  -11,   -7,   -3,   -5,    1,    1,   31,    6,   23,   13,   13,    1,   -5,   14,
      -3,   -9,   -6,   11,   -7,   -1,    6,   -1,    3,   -9,   -2,   -5,   -1,   -5,   -6,   -1,
      -2,   -4,   -2,   -2,   -3,  -11,    7,   -7,   -3,   -5,    8,    1,   -5,   14,   -3,   -9,
      13,    2,   -7,   -1,    2,   15,   -1,    2,   11,   -9,    5,   -5,   -1,   -5,   -6,   -1,
      -2,   -4,    2,   15,    8,    8,    8,   -2,   -2,   -3,  -11,    5,   -7,   -3,   -5,    6,
       1,    8,    8,    8,   -5,   14,   -3,   -9,    3,   10,   -7,   -1,   -7,   -3,  -12,   -5,
      -3,   -3,  -10,  -11,  -11,   -2,  -11,  -11,   -1,   -7,  -16,  -26,  -20,  -20,  -32,   -9,
      -7,   -8,   -5,   -2,   -7,   -7,   -9,  -10,  -11,  -11,  -11,   -7,   -7,   -2,   -3,   -3,
     -11,  -34,  -16,  -13,  -18,  -10,  -14,   -1,  -14,  -15,   -2,  -30,  -17,  -43,  -27,  -22,
     -67,  -13,  -35,  -12,   -1,  -10,   -8,  -12,  -13,   -1,  -13,   -2,  -12,  -14,  -14,  -14,
      -1,  -30,   -1,   -1,   -1,  -13,  -11,   -9,  -22,   -8,  -35,  -16,  -13,  -18,  -10,  -14,
      -1,  -14,  -15,   -2,  -30,  -17,  -43,  -27,  -22,  -67,  -13,  -35,  -12,   -1,   -9,  -16,
     -12,  -24,   -1,  -13,   -2,  -12,  -14,  -14,  -14,   -1,  -30,   -1,   -1,   -1,  -24,  -19,
     -17,  -22,   -8,  -18,  -43,   -5,  -45,    1,  -22,    1,    4,  -15,   -3,    1,    1,  -12,
       1,  -10,  -26,   -6,  -14,  -31,   -6,  -17,    6,   -7,  -52,  -24,  -50,  -34,   -2,  -56,
      -3,  -34,   -3,  -10,   -8,   -1,   -5,   -5,   -1,  -12,   -9,  -30,  -21,   -2,  -72,  -13,
     -27,  -20,  -36,  -20,  -27,  -30,   -3,   -3,   -3,   -3,   -3,  -10,  -10,  -10,  -10,  -10,
     -10,  -10,  -10,  -20,   -9,   -9,   -3,   -3,  -10,  -10,  -10,  -10,  -10,   -1,   -1,   -5,
      -3,   -1,  -10,   -1,   -1,  -12,  -52,  -12,   -9,   -1,   -3,   -3,  -10,  -10,  -10,   -9,
      -3,   -3,   -3,   -3,   -3,   -3,  -10,  -10,  -10,  -10,  -10,  -10,  -72,  -22,  -41,  -42,
       1,    1,  -46,  -40,   -7,  -23,   -1,  -21,   10,   -9,    1,    2,  -21,   -6,    2,  -31,
     -19,  -52,  -29,   -2,  -54,  -29,    2,    8,   -1,  -13,  -10,   -3,  -31,   -6,   -9,  -13,
      -6,   -7,   -6,    2,    2,    8,   -1,  -31,   -1,    2,  -31,   -9,  -19,  -19,    1,    1,
     -30,  -18,   -1,   -2,   -2,   -8,   -4,   -2,   -4,   -2,   -5,  -13,  -15,  -39,  -26,   -7,
     -55,   -1,  -11,    1,   -1,   -1,   -1,   -1,   -5,   -4,   -7,   -6,   -1,   -4,   -1,   -1,
      -1,   -1,   -1,   -1,   -1,   -1,   -1,   -1,   -1,   -1,   -1,   -1,   -4,   -4,   -1,  -13,
      -1,   -1,   -1,   -1,   -1,   -1,   -1,   -1,   -1,   -4,   -8,   -1,   -1,  -14,    1,   -3,
      -3,   -2,   -8,   -5,   -2,   -4,   -2,   -5,  -13,  -15,  -39,  -26,   -7,  -55,   -1,  -11,
      -1,   -1,   -1,   -1,   -1,   -5,   -4,   -1,   -7,   -6,   -1,   -4,   -1,   -1,   -1,   -1,
      -1,   -1,   -1,   -1,   -1,   -1,   -1,   -1,   -1,   -1,   -4,   -4,   -1,  -13,   -1,   -1,
      -1,   -1,   -1,   -1,   -1,   -1,   -1,   -4,   -8,   -2,   -1,  -14,    1,    5,   44,   55,
      62,   39,   -4,  -16,   -4,   49,   62,   -2,   72,   -5,   -5,    3,   -2,   64,   20,   25,
      64,   63,   -2,    6,    5,   11,   10,    8,   11,   58,    1,  -16,   20,   -1,    3,   -2,
      -2,   -2,   -2,   -2,   -5,   -5,   -5,   20,   20,   20,   20,   -5,   -5,   -5,   -5,   -5,
       5,    5,   64,   -2,   -2,   -5,   -5,   -5,   -5,   -5,   -2,   -2,   64,   20,   20,   20,
      20,   20,   25,   64,   -5,   -2,   -2,    6,    6,    5,    9,   -2,   -2,   -2,   -5,   -5,
      20,   20,   -5,    5,   -2,   -2,   -2,   -2,   -2,   -2,   -5,   -5,   -5,   -5,   20,   -5,
      -5,   11,  -16,   26,   42,   -4,   -4,    2,  -12,   -1,   -8,  -10,    3,   -6,    1,   -8,
     -10,   -6,   -6,   -7,   -4,   -1,   -7,   -5,   -9,  -12,   -1,  -10,   -3,   -1,   -6,    8,
      -1,   -8,   19,    3,    3,   -9,  -10,   -9,  -11,  -10,   -7,  -29,   -8,  -12,  -17,   -4,
      -8,   -6,   -9,   -2,  -24,  -17,  -42,  -27,  -11,  -61,   -7,  -27,   -1,   -1,   -9,   -7,
      -9,  -12,   -1,   -1,   -5,   -8,   -8,   -8,   -1,  -24,   -1,  -12,   -9,   -8,  -21,   -7,
      -6,  -17,   -7,   -8,   -8,   -5,   -6,   -7,    2,  -14,  -13,   -3,   -6,   -1,   -3,   -2,
     -11,   -6,  -11,  -10,  -17,  -15,  -18,   -5,  -18,  -16,   -7,   -6,   -3,   -7,   -7,   -7,
      -7,   -7,  -14,  -14,  -14,   -1,   -1,   -1,  -14,  -14,  -14,  -14,  -14,  -14,  -10,  -10,
       3,   -7,   -7,  -14,  -14,  -14,  -14,  -14,   -6,   -6,    2,   -1,   -1,   -3,   -1,   -1,
      -3,   -2,  -14,   -2,   -6,   -6,  -11,  -11,  -10,   -5,   -5,   -6,  -13,   -7,  -27,  -14,
      36,   -1,  -14,   -2,   -2,  -10,   -7,  -13,   -7,   -7,   -7,   -7,  -14,  -14,  -22,  -14,
      -1,  -14,  -14,  -18,  -17,    1,    6,   -1,    1,   -5,   -9,   -1,   -5,   -1,   -5,   -6,
      -1,   -2,   -4,    4,    6,    2,    2,    2,   -2,   -2,   -3,    2,  -11,   -7,   -3,   -5,
       2,    2,    2,   -5,   14,   -3,   -9,   -4,    2,   -7,   -1,    3,   -1,   -2,   -9,   -5,
      -1,   -5,   -6,   -1,   -2,   -4,    2,   -2,   -2,   -3,  -11,    2,   -7,   -3,   -5,   -5,
      14,   -3,   -9,   -3,    1,   -7,   -1,    5,   -1,    1,   -5,   -9,   -2,   -5,   -1,   -5,
      -6,   -1,   -2,   -4,    3,    3,    2,    2,    2,   -2,   -2,   -3,    3,  -11,   -7,   -3,
      -5,    2,    2,    2,   -5,   14,   -3,   -9,   -5,    2,   -7,   -1,   14,   -2,   11,    6,
      -2,   -1,   -2,   -2,   -1,   12,   -6,   -2,   -1,   -2,   -2,   23,   24,    7,   -7,   -5,
      -7,  -27,    3,   -5,  -10,    1,  -10,  -16,  -38,  -23,  -49,   -4,   -6,  -15,  -13,   -9,
      -9,   -4,   -5,   -6,   -3,   -8,   -2,   -2,  -20,   -2,  -25,   -2,   -3,  -10,   -6,   -6,
      -6,   -6,   -6,  -15,  -15,  -15,  -16,  -15,  -15,  -15,  -15,  -29,   -5,   -5,   -6,   -6,
     -15,  -15,  -15,  -15,  -15,   -9,   -9,   -9,  -15,   -9,   -9,   -4,  -10,   -4,   -5,   -2,
      -2,   -9,   -6,   -6,  -15,  -15,  -15,   -5,   -6,   -6,   -6,   -6,   -6,   -6,  -15,  -15,
     -15,  -15,  -15,  -15,   -8,  -27,   -3,   -5,  -12,   -2,   -8,  -15,  -85,   -1,  -43,    4,
       4,  -13,   -3,    1,  -23,  -12,    2,    2,  -30,   -1,   -1, -100,   -7,  -17,  -41,   -4,
     -75,   -4,  -23,   -3,   -5,   -5,   -7,   -3,  -25,  -13,  -28,   -1,   -1,    2,  -26,   -2,
      -1,   -3,   -3,   -3,   -5,   -7,  -94,   -7,   -3,   -1,   -1,   -3,  -28,  -46,  -84,    4,
       4,  -45,  -42,   20,   57,   70,    1,   74,   54,   -8,    3,    3,   60,   77,   84,   11,
      76,   33,   38,   76,   76,    7,    8,   19,   21,   28,   26,   25,   27,    8,   73,   13,
      -7,   32,   -5,   11,   33,   33,   33,   33,   21,   21,   76,   19,   76,   33,   33,   33,
      33,   33,   38,   76,    9,    7,   38,   19,   19,   21,    8,   23,   33,   33,    7,    7,
      21,   33,   27,   -8,   39,   53,   -6,  -13,   -1,    1,    1,    1,  -13,    1,  -13,    1,
     -22,  -13,  -13,  -17,  -10,  -14,   -1,  -14,  -15,   -2,  -30,  -17,  -43,  -27,  -22,  -67,
     -13,  -35,  -10,   -1,  -10,   -8,  -12,  -13,   -1,  -11,   -2,  -12,  -14,  -14,  -14,   -1,
     -30,   -1,   -1,   -1,  -13,  -21,  -15,  -22,   -8,  -13,    1,  -11,  -13,  -35,  -21,  -35,
     -13,   -3,  -31,  -19,  -36,  -22,  -19,   -1,  -13,  -13,  -33,  -22,  -40,  -53,   -4,   -3,
      -8,   -8,  -10,   -9,    1,   -6,   -4,   -4,   -4,   -6,    1,    1,    1,    1,  -10,  -17,
       1,  -19,  -19,    1,   -8,   -8,   -8,   -8,   -8,  -10,  -10,  -10,   -8,  -10,  -10,  -10,
     -10,  -10,   -4,   -8,   -8,  -10,  -10,  -10,  -10,  -10,   -6,   -6,  -19,   -4,  -19,   -4,
     -13,  -10,   -6,   -6,    1,  -13,    1,   -6,   -8,   -8,  -10,  -10,  -10,   -8,   -8,   -8,
      -8,   -8,   -8,  -10,  -10,  -10,  -10,  -10,  -10,    1,  -21,    4,    3,  -35,  -35,   -3,
       2,  -13,  -11,  -15,  -35,  -21,  -35,  -13,   -3,  -31,  -19,  -36,  -22,  -19,   -1,  -13,
     -13,  -33,  -22,  -40,  -53,   -4,   -3,  -10,   -8,  -10,   -9,    1,   -6,   -8,   -8,   -8,
      -6,    1,    1,    1,    1,  -11,  -17,    1,  -19,  -19,    1,   -8,   -8,   -8,   -8,   -8,
     -10,  -10,  -10,   -8,  -10,  -10,  -10,  -10,  -10,   -8,   -8,   -8,  -10,  -10,  -10,  -10,
     -10,   -6,   -6,  -19,   -8,  -19,   -8,  -13,  -10,   -6,   -6,    1,  -13,    1,   -6,   -8,
      -8,  -10,  -10,  -10,   -8,   -8,   -8,   -8,   -8,   -8,  -10,  -10,  -10,  -10,  -10,  -10,
       1,  -21,    4,    3,  -35,  -35,   -3,    2,  -15,   -9,   -9,   -1,   -1,  -11,   -5,   -9,
      -2,   -7,  -10,   -1,  -19,  -18,  -41,  -27,   -8,  -52,   -6,  -23,   -3,   -1,   -8,   -6,
      -5,   -9,   -1,   -1,   -4,   -9,   -2,   -1,   -1,   -9,   -9,   -3,   -3,  -19,   -1,   -1,
      -1,   -1,   -9,   -5,  -10,   -1,   -1,  -16,   -4,  -10,  -10,   -9,   -1,   -1,  -13,   -5,
      -9,   -2,   -7,  -10,   -1,  -19,  -18,  -41,  -27,   -8,  -52,   -6,  -23,   -2,   -3,   -1,
      -8,   -6,   -5,   -9,   -1,   -1,   -4,   -9,   -2,   -1,   -1,   -9,   -9,   -3,   -3,  -19,
      -1,   -1,   -1,   -1,   -9,   -8,   -7,   -1,   -1,  -16,   -4,   -1,   -2,   -9,   -7,   -1,
      -2,   -2,   -3,   -2,   -1,   -1,   -3,   -1,   -1,   -3,   -3,   -3,   -3,   -3,   -3,   -2,
      -2,   -1,   -6,   -3,   -1,   -6,   -4,   -6,   -8,   -3,   -3,   -3,   -3,   -3,   -3,   -1,
      -1,   -1,   -3,   -3,   -3,   -3,   -1,   -1,   -1,   -1,   -1,   -1,   -1,   -1,   -3,   -3,
      -1,   -1,   -1,   -1,   -1,   -3,   -3,   -3,   -3,   -3,   -3,   -3,   -3,   -3,   -1,   -3,
      -2,   -2,   -2,   -1,   -3,   -1,   -4,   -4,   -3,   -3,   -3,   -1,   -1,   15,   -3,   -1,
      -3,   -3,   -1,   -3,   -1,   -3,   -3,   -3,   -3,   -1,   -1,    4,   -1,   -3,    2,   -1,
      -6,   -2,  -18,  -10,   -9,   -1,   -1,  -13,   -5,   -9,   -2,   -7,  -10,   -1,  -19,  -18,
     -41,  -27,   -8,  -52,   -6,  -23,   -2,   -3,   -1,   -8,   -6,   -5,   -9,   -1,   -1,   -4,
      -9,   -2,   -1,   -1,   -9,   -9,   -3,   -3,  -19,   -1,   -1,   -1,   -1,   -9,   -5,   -7,
      -1,   -1,  -16,   -4,    3,   15,    7,    3,    4,   -6,    4,    3,   -1,   -3,   -5,    1,
      -2,   -4,   -2,  -13,  -13,  -33,  -22,   -2,  -46,   -3,   -2,   13,   -1,   12,   -3,   -3,
       8,    2,    8,    3,    2,    4,    9,   -9,    1,   -6,   -3,   -5,   -1,   -1,   -1,   -1,
      -1,   -3,   -3,   -3,   -3,   -3,   -3,   -3,   -3,   -3,    8,   -1,   -1,   -3,   -3,   -3,
      -3,   -3,   -3,    8,   -3,    2,   -2,   -3,    2,  -13,   -1,   -1,   -3,   -3,   -3,   -1,
      -1,   -1,   -1,   -1,   -1,   -3,   -3,   -3,   -3,   -3,   -3,    4,   -6,    6,    6,    4,
       4,   -6,   -5,    1,  -16,    1,  -21,  -94,  -89,  -94,  -21,  -20,  -13,   -8,  -11,  -11,
       2,  -11,  -50,   -3,  -47,   -2,   -1,   -1,  -45,    1,  -63,  -73,   -6,  -39,  -16,   -4,
      -2,  -16,  -25,  -13,  -39,  -11,  -21,  -10,  -22,  -10,  -23,  -17,  -75,  -43,  -19,  -68,
      -3,   -6,  -41,  -42,  -42,  -40,  -45,  -61,  -61,  -60,   -4,  -14,   -5,   -3,  -22,  -63,
     -63,  -63,  -62,  -63,  -21,  -21,  -15,  -43,  -42,  -62,  -63,  -62,  -62,  -62,  -38,  -39,
     -13,   -5,   -6,   -6,   -4,  -17,    3,  -16,  -25,  -63,  -24,  -33,  -35,  -11,  -12,  -21,
     -21,  -17,  -39,  -34,  -42,  -54,  -62,   30,   -6,  -57,  -15,  -23,  -18,  -45,  -14,  -43,
     -43,  -43,  -43,  -63,  -62,  -26,  -63,   -4,  -36,  -63,  -23,  -90,    2,  -95,  -95,  -12,
      -1,   -1,   -1,    4,   -6,    4,   -2,   -1,   -3,   -5,    1,   -2,   -4,   -2,  -13,  -13,
     -33,  -22,   -2,  -46,   -3,   -2,   -1,   -3,   -3,   -3,    1,    1,   -1,    1,   -9,   -6,
      -3,   -5,   -1,   -1,   -1,   -1,   -1,   -3,   -3,   -3,   -3,   -3,   -3,   -3,   -3,   -3,
      -1,   -1,   -3,   -3,   -3,   -3,   -3,   -3,   -3,   -3,   -2,   -3,  -13,   -1,   -1,   -3,
      -3,   -3,   -1,   -1,   -1,   -1,   -1,   -1,   -3,   -3,   -3,   -3,   -3,   -3,    1,  -12,
       2,    4,    4,   -6,   -5,    1,  -28,   -1,   -2,  -15,  -10,  -19,   -5,  -21,  -16,  -42,
     -27,  -50,  -21,   -4,   -3,   -6,   -1,  -11,   -8,   -9,   -5,   -1,   -5,  -21,   -6,  -10,
     -11,  -26,  -23,  -12,   -5,  -15,  -15,   -5,  -18,   -1,  -10,   -2,   -1,   -3,  -16,   -2,
      -3,   -1,   -1,   -1,   -3,   -2,   -7,   -1,   -3,   -3,   -3,   -3,   -3,   -3,   -3,   -1,
      -1,   -1,   -1,   -1,   -1,   -1,   -3,   -3,   -3,   -3,   -3,   -3,   -3,   -3,  -15,  -15,
       1,    1,   -1,   -3,   -3,    3,    1,   -4,    1,  -11,    2,    2,   -3,   -3,  -21,   17,
      28,  -19,   26,   10,  -32,  -24,  -32,  -20,  -20,   15,  -23,    4,   -3,  -22,    2,    6,
      17,   13,   28,   25,   15,   27,    8,   32,  -21,   35,  -17,  -17,  -10,  -14,   28,   55,
      27,  -15,  -15,  -17,  -13,  -14,  -15,  -15,  -18,  -17,  -18,   35,   -8,  -27,  -31,    4,
      -3,  -10,  -33,  -21,  -21,  -21,  -21,  -17,  -17,  -17,  -34,  -17,  -17,  -17,  -17,  -14,
     -14,   28,  -21,  -21,  -17,  -17,  -17,  -17,  -17,  -14,  -14,    4,   28,    4,   28,  -15,
     -17,  -15,  -17,  -17,  -13,   17,  -13,  -14,  -18,  -18,  -14,  -21,  -21,  -17,  -17,  -17,
     -15,  -15,  -14,  -21,  -21,  -21,  -21,  -21,  -21,  -17,  -17,  -17,  -17,    4,   55,  -17,
     -17,  -24,   11,  -32,  -32,   -2,   13,   11,    4,   10,   -1,  -17,   -1,   22,    7,   -1,
      -1,    6,    3,    9,    7,    6,    9,    6,    2,  -17,   10,   -1,   -1,   -1,   -1,   -1,
      -1,   -1,   -1,    3,    3,   -1,   -1,   -1,   -1,   -1,   -1,    6,    6,    3,   -1,   -1,
      -1,    3,   -1,   -1,   -1,   -1,   -1,   -1,    9,  -17,   17,   12,   -1,   -1,  -34,  -16,
     -13,  -18,  -10,  -14,   -1,  -14,  -15,   -2,  -30,  -17,  -43,  -27,  -22,  -67,  -13,  -35,
     -12,   -1,   -9,  -16,  -12,  -24,   -1,  -13,   -2,  -12,  -14,  -14,  -14,   -1,  -30,   -1,
      -1,   -1,  -24,  -19,  -17,  -22,   -8,   -1,   -9,   -9,   -4,   -5,   -1,   -5,   -6,   -1,
      -2,   -4,   -2,   -2,   -3,  -11,   -7,   -3,   -5,   -5,   14,   -3,   -9,   -7,   -1,   -7,
      -1,    2,   -1,   -3,   -9,   -3,   -5,   -1,   -5,   -6,   -1,   -2,   -4,   -2,   -2,   -3,
     -11,    4,   -7,   -3,   -5,   -5,   14,   -3,   -9,    3,    2,   -7,   -1,  -13,  -11,  -15,
     -35,  -21,  -35,  -13,   -3,  -31,  -19,  -36,  -22,  -19,   -1,  -13,  -13,  -33,  -22,  -40,
     -53,   -4,   -3,  -10,   -8,  -10,   -9,    1,   -6,   -4,   -4,   -4,   -6,    1,    1,    1,
       1,  -11,  -17,    1,  -19,  -19,    1,   -8,   -8,   -8,   -8,   -8,  -10,  -10,  -10,   -8,
     -10,  -10,  -10,  -10,  -10,   -4,   -8,   -8,  -10,  -10,  -10,  -10,  -10,   -6,   -6,  -19,
      -4,  -19,   -4,  -13,  -10,   -6,   -6,    1,  -13,    1,   -6,   -8,   -8,  -10,  -10,  -10,
      -8,   -8,   -8,   -8,   -8,   -8,  -10,  -10,  -10,  -10,  -10,  -10,    1,  -21,    8,    3,
     -35,  -35,   -3,    2,   27,  -27,  -11,  -16,  -11,  -11,  -11,  -11,  -21,  -32,  -27,  -11,
      11,  -11,  -13,  -37,  -13,  -19,  -21,  -11,  -16,  -21,  -21,   -5,   -5,  -16,   -5,   -4,
     -16,  -21,  -11,    5,  -21,  -11,  -16,  -11,  -11,  -11,   -5,  -32,  -11,  -16,  -11,  -11,
     -11,  -11,  -16,  -11,  -21,   -5,   -5,  -11,  -11,   -5,   -5,  -11,  -11,  -27,   -5,  -21,
     -11,  -42,  -64,  -57,  -16,  -19,  -27,  -21,   -5,  -50,  -38,  -16,  -11,  -27,  -11,  -27,
      27,  -16,   -5,  -11,  -16,  -27,  -11,  -37,  -11,   27,  -10,  -19,  -32,   -5,  -16,  -11,
     -16,  -11,  -21,  -27,  -32,  -27,   -5,   -5,   -5,   -5,   -8,   -5,   48,   16,   21,   -5,
     -13,   16,   16,   -5,   16,  -11,   37,  -11,   -5,  -21,  -11,   -5,  -11,   -5,   -5,   -8,
      -5,   -5,   -5,   -5,   -5,  -11,  -32,  -11,  -27,  -32,  -11,   -5,  -13,  -27,   -5,  -21,
      -5,  -32,   -5,  -19,   -5,  -10,  -16,  -19,  -16,  -21,  -16,   -5,  -13,   -8,   -8,   -5,
     -11,  -21,  -18,  -11,   -5,   -5,  -32,  -20,   -5,  -16,  -11,   -5,  -11,   -5,  -16,   -5,
      -5,  -16,   -5,   -5,   -5,  -11,   -5,   -5,  -11,  -16,  -16,   -5,  -21,   -5,  -16,  -11,
     -16,   53,   11,   16,   -8,   11,   13,   -8,  -16,   32,  -21,  -20,   -5,  -11,  -11,   -5,
     -11,   -5,  -16,   -5,   -5,   -5,   -8,   -5,   -8,   -5,  -11,  -11,  -11,   -5,  -11,   -5,
     -16,   -1,  -11,   -5,   -5,  -11,  -11,  -16,   -5,   -5,  -27,  -16,  -27,  -16,  -32,  -11,
      -5,   -5,   -5,  -37,  -11,  -11,  -32,  -24,  -21,  -11,  -11,  -16,  -11,  -21,   43,  -16,
     -27,   11,  -11,   13,  -16,  -16,   -5,  -21,   -5,  -16,   13,   13,  -11,  -11,  -16,   -5,
     -11,   11,   22,    9,   16,   11,  -21,   21,  -16,  -27,  -11,  -21,  -21,  -11,  -16,  -11,
     -16,  -11,  -27,  -16,  -16,  -11,  -11,  -11,   -5,   -5,   11,  -11,  -21,  -37,  -27,  -15,
     -37,  -32,  -11,  -11,  -21,  -21,  -27,  -11,  -11,  -27,  -21,  -27,  -37,  -27,  -43,  -21,
     -16,   -5,  -21,   -5,  -16,  -11,   11,  -32,  -21,  -27,  -11,  -11,  -27,   11,  -11,  -16,
      11,  -11,  -16,  -21,  -11,  -11,  -16,  -11,  -27,  -11,  -27,  -11,   -5,   -5,  -32,  -27,
     -27,  -21,   11,  -11,  -16,  -21,  -21,  -21,   -5,   -5,  -11,   -5,   -5,  -11,   -5,  -17,
       6,  -21,    1,   -9,    1,  -17,   -6,    2,  -31,  -19,  -52,  -29,   -2,  -54,  -29,   17,
       1,   -1,  -13,  -10,   -3,  -16,   17,   -6,   -9,  -13,   -6,   -7,   -6,   -1,  -31,   -1,
     -16,   -9,  -19,  -26,    1,    1,  -30,  -18,    1,  -17,    4,  -20,    1,   -9,    1,  -16,
      -6,    2,  -31,  -19,  -52,  -29,   -2,  -54,  -29,    9,    3,    2,    2,    1,   -1,  -13,
     -10,   -3,  -16,    5,   -6,   -9,  -13,   -6,   -7,   -6,    2,    2,    2,   -1,  -31,   -1,
     -16,   -9,  -35,  -27,    1,    1,  -30,  -18,   10,    9,   16,   -8,   -4,   -4,   -8,   -6,
      -9,   -2,  -24,  -17,  -42,  -27,  -11,  -61,   -7,  -27,   30,   14,   10,   10,   10,   -1,
      -9,   -7,   -9,  -12,   31,   -1,   -5,   -8,   10,   -8,   10,   -8,   10,   -1,  -24,   -1,
     -12,  -17,    1,  -21,   -7,    7,    9,   11,   -9,   -7,   -4,   -8,   -6,   -9,   -2,  -24,
     -17,  -42,  -27,  -11,  -61,   -7,  -27,   22,   19,   13,   13,   13,   -1,   -9,   -7,   -9,
     -12,   18,   -1,   -5,   -8,   13,   -8,   13,   -8,   13,   -1,  -24,   -1,  -12,  -14,    1,
     -21,   -7,   -1,   -9,   -9,   -4,   -5,   -1,   -5,   -6,   -1,   -2,   -4,   -2,   -2,   -3,
     -11,   -7,   -3,   -5,   -5,   14,   -3,   -9,   -7,   -2,   -7,   -1,    2,  -11,   -1,  -13,
     -15,  -10,  -14,   -1,  -14,  -15,   -2,  -30,  -17,  -43,  -27,  -22,  -67,  -13,  -35,   11,
       4,    2,    2,    2,   -1,  -10,   -8,  -12,  -13,   -1,   13,   -2,  -12,  -14,    2,  -14,
       2,  -14,    2,   -1,  -30,   -1,   -1,   -1,  -13,  -11,  -14,  -22,   -8,  -11,   -4,  -13,
     -15,  -10,  -14,   -1,  -14,  -15,   -2,  -30,  -17,  -43,  -27,  -22,  -67,  -13,  -35,    5,
       6,    3,    3,    3,   -1,  -10,   -8,  -12,  -13,   -1,    1,   -2,  -12,  -14,    3,  -14,
       3,  -14,    3,   -1,  -30,   -1,   -1,   -1,  -13,  -11,  -13,  -22,   -8,  -21,   17,   28,
     -19,   26,   10,  -32,  -24,  -32,  -20,  -20,   15,  -23,    4,   -3,  -22,    2,    6,   17,
      13,   28,   25,   15,   27,    8,   32,  -21,   35,  -17,  -17,  -10,  -14,   28,   55,   27,
     -15,  -15,  -17,  -13,  -14,  -15,  -15,  -18,  -17,  -18,   35,   -8,  -27,  -31,    4,   -3,
     -10,  -33,  -21,  -21,  -21,  -21,  -17,  -17,  -17,  -34,  -17,  -17,  -17,  -17,  -14,  -14,
      28,  -21,  -21,  -17,  -17,  -17,  -17,  -17,  -14,  -14,    4,   28,   25,    7,   28,  -15,
     -17,  -15,  -17,  -17,  -13,   17,  -13,  -14,  -18,  -18,  -14,  -21,  -21,  -17,  -17,  -17,
     -15,  -15,  -14,  -21,  -21,  -21,  -21,  -21,  -21,  -17,  -17,  -17,  -17,    4,   55,  -17,
     -17,  -24,   11,  -32,  -32,   -2,   13,   11,    4,   10,   -1,  -17,   -1,   22,    7,   -1,
      -1,    6,    3,    9,    7,    6,    9,    6,    2,  -17,   10,   -1,   -1,   -1,   -1,   -1,
      -1,   -1,   -1,    3,    3,   -1,   -1,   -1,   -1,   -1,   26,   -1,    6,    6,    3,   -1,
      -1,   -1,    3,   -1,   -1,   -1,   -1,   -1,   -1,    9,  -17,   17,   12,   -1,   -1,  -13,
     -15,  -14,  -59,  -20,  -34,  -15,   -3,   -2,  -31,  -20,   -3,  -33,  -22,  -21,   -3,  -12,
     -13,  -27,  -18,  -41,  -43,   -4,   -3,   -9,   -2,  -13,  -16,   -7,   -7,   -7,   -7,   -7,
       1,   -5,  -11,    1,  -21,    1,  -19,    1,   -2,  -20,   -3,   -9,   -9,   -9,   -9,   -9,
     -13,  -13,  -13,  -15,  -13,  -13,  -13,  -13,  -13,   -7,   -9,   -9,  -13,  -13,  -13,  -13,
     -13,   -7,   -7,  -20,   -7,  -20,   -7,  -13,  -13,   -7,   -7,    1,  -12,    1,   -5,   -5,
      -7,   -9,   -9,  -13,  -13,  -13,   -9,   -9,   -9,   -9,   -9,   -9,  -13,  -13,  -13,  -13,
     -13,  -13,  -20,    3,    1,  -62,  -62,   -2,   -6,    1,    3,  -39,  -31,  -32,   -1,   -1,
     -25,  -10,   -6,   -1,  -12,   -9,   -6,   -6,  -21,  -17,  -19,  -16,  -17,  -45,  -13,  -40,
     -29,  -32,  -56,  -18,  -27,   -3,  -14,   -8,  -12,   -9,   -8,   -8,  -12,   -9,  -10,   -9,
     -19,  -15,  -27,  -23,   -4,  -25,  -19,  -29,  -17,  -14,   -3,   -3,   -3,   -3,   -3,  -12,
     -12,  -12,  -12,   -9,   -9,   -8,   -3,   -3,  -17,   -8,  -17,  -12,  -12,  -12,  -12,  -12,
      -9,   -8,  -12,  -12,  -10,  -89,  -21,   -9,   -4,   -4,   -3,   -3,  -12,  -12,  -12,  -12,
      -9,   -3,   -3,   -3,   -3,   -3,   -3,  -12,  -23,  -37,  -32,   -1,   -1,  -35,  -21,  -11,
      -5,   -5,  -11,  -21,  -16,  -18, -128,  -39,  -72,    1,  -13,  -13,   -5,    1,    1,   -1,
      -1,  -42,  -45,    1,    2,   14,   10,    6,   13,    1,  -13,   14,  -17,  -22,   -1,  -10,
       7,    7,    7,   -2,   -2,   -8,   -1,    2,    2,    1,    3,   -1,   -6,   -3,  -30,   -5,
     -56,  -55,   -1,  -21,  -25,  -26,  -24,  -13,  -30,  -34,  -33,   29,    5,   26,  -11,  -34,
     -17,  -17,  -17,  -17,   23,  -13,  -24,  -17,  -17,  -17,  -17,  -34,  -19,  -19,    9,   12,
      11,   11,   13,    7,    2,   -2,  -17,   -4,  -13,  -12,   -1,    1,   -1,   -1,   -1,  -19,
      -4,  -25,  -11,  -17,   64,    7,  -22,   19,   -2,    1,  -13,    7,  -25,  -13,  -13,  -25,
     -17,  -17,   -2,  -17,  -11,  -17,    3,  -39, -128,  -72,  -16,  -17,   -6, -128,  -53,  -79,
       6,  -24,  -15,  -13,   -7,   -7,    2,  -45,   -1,  -45,    1,    2,   13,    9,    6,   12,
       1,  -22,   15,  -27,  -32,   -3,  -21,    8,    8,    8,  -10,   -8,  -19,   -1,   -2,    1,
      -3,    2,   -4,   -6,  -14,  -41,    1,  -16,  -59,  -58,   -1,   -3,  -38,  -41,  -41,  -38,
     -22,  -48,  -51,  -48,   27,   24,   29,  -15,  -51,  -53,  -27,  -52,  -27,   -2,   -2,   26,
     -42,  -42,  -52,  -53,  -52,  -52,  -52,  -38,  -40,   14,   19,   14,    9,   32,    8,    2,
     -10,  -27,  -18,  -32,  -33,   -1,    1,   -1,   -2,   -4,   -4,  -40,  -16,  -42,  -23,  -52,
      59,   15,  -33,    6,  -18,   -2,  -22,  -10,  -42,  -42,  -42,  -42,  -27,  -51,  -17,  -53,
     -28,  -27,    2,  -53, -128,  -79,  -19,  -67,   -5,   -4,  -73,  -10,   -7,   -5,    5,   10,
      -1,  -25,  -18,  -31,    1,  -13,    2,  -95,  -21,  -50,  -73, -102,  -42,   -1,   -3,   -8,
     -10,  -12,  -10,  -34,  -24,  -39,   -6,   -3,   -2,   -9,   -8,  -59,   -4,    2,  -13,   -3,
     -10,  -10,   -8,  -12,  -94,  -12,  -10,  -10,  -39,  -10, -128, -128,  -67,  -19,  -67,   -5,
      -4,  -73,  -10,   -7,   -5,    5,   10,   -1,  -25,  -18,  -31,    1,  -13,    2,  -47,  -21,
     -50,  -37,  -51,  -42,   -1,   -3,   -8,  -10,  -12,  -10,  -34,  -24,  -39,   -6,   -3,   -2,
      -9,   -8,  -59,   -4,    2,  -13,   -3,  -10,  -10,   -8,  -12,  -94,  -12,  -10,  -10,  -39,
     -10,  -71,  -69,  -67,   -7,   -1,  -12,  -18,   -5,  -11,  -27,   -2,   -6,   -3,   -5,   -6,
      -3,  -12,   -3,   -3,   -6,  -16,    1,    1,  -19,  -11,    8,  -70,  -46,  -70,  -24,  -17,
     -14,    1,  -10,  -10,    2,   13,   -9,    8,  -16,   -1,  -39,  -17,  -54,  -46,  -70,  -70,
      -1,    1,    1,    1,    1,   -2,    1,    1,    1,    5,    2,    6,    5,    4,    7,    1,
       2,    2,    5,    1,    5,    2,    2,    7,   -7,   -4,   -1,   -3,   -9,   -6,   27,   50,
     127,    1,   62,   62,  -21,  -29,  -21,   65,  -10,   53,    5,   -8,   45,   53,   21,   54,
      63,   78,   75,   65,   77,   45,   62,   66,   -7,   -8,   -9,    2,   -5,   -2,   58,   69,
      -2,   -2,   -4,   14,    2,    2,    1,    2,   61,   62,   10,   43,  -21,   48,   48,   48,
     -23,   61,   40,   53,    5,    2,    6,  -13,   -7,    8,  -12,    3,  -14,    4,  102,   31,
      78,  105,   -9,   -3,  -17,  -14,   -5,   -8,    7,    3,   -2,   -6,   -2,  -14,   -8,   -9,
      -6,   -7,   -6,    2,   53,   60,   53,   91,   91,   91,   58,   31,   90,   -2,  -10,  -10,
      13,    4,   10,   14,   54,   14,    5,    8,    1,   44,   -9,   40,  -13,  127,   84,   29,
      64,    7,   31,  -11,   50,   -4,  -11,   -8,   -4,  -14,   -9,   47,   -8,   56,   36,  -11,
       6,  -29,  126,  127,  -21,  -21,   74,   69,   -6,   41,   16,   -1,   -9,   -9,   -4,   -5,
      -1,   -5,   -6,   -1,   -2,   -4,   -2,   -2,   -3,  -11,   -7,   -3,   -5,   -5,    1,   -3,
      -9,   -3,   -1,   -7,   -1,
};

static const EpdLigaturePair libron_16_boldLigaturePairs[] = {
    { 0x00660066, 0xFB00 }, // f f -> U+FB00
    { 0x00660069, 0xFB01 }, // f i -> U+FB01
    { 0x0066006C, 0xFB02 }, // f l -> U+FB02
    { 0xFB000069, 0xFB03 }, // U+FB00 i -> U+FB03
    { 0xFB00006C, 0xFB04 }, // U+FB00 l -> U+FB04
};

static const EpdFontData libron_16_bold = {
    libron_16_boldBitmaps,
    libron_16_boldGlyphs,
    libron_16_boldIntervals,
    23,
    33,
    27,
    -7,
    true,
    libron_16_boldGroups,
    13,
    nullptr,
    nullptr,  // kernLeftClasses: built-in fonts use the split arrays below
    nullptr,  // kernRightClasses
    libron_16_boldKernLeftCodepoints,
    libron_16_boldKernLeftClassIds,
    libron_16_boldKernRightCodepoints,
    libron_16_boldKernRightClassIds,
    nullptr,  // kernMatrix: built-in fonts use the sparse form below
    libron_16_boldKernRowOffsets,
    libron_16_boldKernSparseCols,
    libron_16_boldKernSparseValues,
    657,
    643,
    216,
    220,
    libron_16_boldLigaturePairs,
    5,
};
