/**
 * generated by fontconvert.py
 * name: libron_16_bolditalic
 * size: 16
 * mode: 2-bit  compressed: true
 * Command used: fontconvert.py libron_16_bolditalic 16 ../builtinFonts/source/Libron/Libron-BoldItalic.ttf --2bit --compress --pnum --zopfli
 */
#pragma once
#include "EpdFontData.h"

static const uint8_t libron_16_bolditalicBitmaps[24808] = {
    0x9D, 0x9A, 0x01, 0xC4, 0x2F, 0xE9, 0x75, 0xFF, 0xCF, 0xCC, 0x24, 0x77, 0xFE, 0xFF, 0xFF, 0xFC,
    0x65, 0x2E, 0x82, 0x72, 0x53, 0x13, 0x40, 0xD4, 0x6E, 0x67, 0x51, 0x84, 0xE4, 0xDE, 0x67, 0xB2,
    0x0B, 0x28, 0xBA, 0x68, 0x41, 0x10, 0x80, 0x92, 0xD6, 0x0D, 0x42, 0x83, 0xDD, 0x77, 0xA6, 0x5B,
    0x00, 0x64, 0x11, 0x05, 0x45, 0x10, 0x94, 0x96, 0x5D, 0x04, 0xA1, 0xF7, 0xEE, 0xCC, 0xF6, 0x22,
    0x88, 0xDA, 0x49, 0x52, 0x82, 0xA8, 0x9D, 0xA4, 0x17, 0x08, 0xF6, 0x69, 0x3A, 0xED, 0xCE, 0xCD,
    0x3E, 0x33, 0xA7, 0xE7, 0xE3, 0xFC, 0x7E, 0x7E, 0xBF, 0xD7, 0xDE, 0x24, 0xD1, 0x79, 0xEF, 0x9C,
    0x33, 0x77, 0x66, 0x9E, 0x73, 0xBE, 0xE7, 0xFB, 0x9C, 0xE7, 0x3C, 0xCF, 0x33, 0xEF, 0x2B, 0xC5,
    0x21, 0x52, 0xAB, 0x9D, 0xA6, 0x9B, 0x24, 0xD2, 0x72, 0xAE, 0x22, 0x21, 0xDA, 0x39, 0xDB, 0x39,
    0x89, 0xF4, 0x83, 0xC8, 0x28, 0x22, 0xEF, 0xD8, 0x99, 0x4E, 0xE7, 0xAB, 0x72, 0x3E, 0xA4, 0x5A,
    0x44, 0x82, 0x35, 0xE9, 0xCF, 0x67, 0x34, 0x13, 0xD6, 0xA4, 0x89, 0x3A, 0xB4, 0x8B, 0x9A, 0x19,
    0x3B, 0xDF, 0xDD, 0x25, 0xBC, 0x9C, 0xA4, 0x2F, 0x36, 0xB9, 0x29, 0xA2, 0x3C, 0xB2, 0x33, 0x95,
    0x33, 0xCD, 0xD7, 0xCA, 0x5C, 0xE4, 0xB1, 0xEE, 0x44, 0x8A, 0xB9, 0xC5, 0xDE, 0x74, 0xDF, 0x64,
    0xDD, 0x3D, 0x32, 0xD9, 0xCA, 0x6A, 0xF2, 0x7E, 0x6E, 0x26, 0xD5, 0x8E, 0xC9, 0x65, 0x86, 0x1C,
    0xA4, 0x58, 0x1A, 0x39, 0xBF, 0xDE, 0xC8, 0x26, 0x12, 0x54, 0x35, 0x4A, 0xAF, 0xC8, 0xD1, 0xE4,
    0xF2, 0x3B, 0x5B, 0xE7, 0xC8, 0x7F, 0xB8, 0x98, 0x2C, 0xFE, 0x79, 0x46, 0x3E, 0x99, 0x30, 0x8A,
    0x85, 0x5C, 0x75, 0x87, 0x23, 0x55, 0x73, 0xB0, 0xE5, 0xDA, 0x49, 0x3F, 0x43, 0xC7, 0x38, 0xC9,
    0xE7, 0x44, 0x74, 0xA2, 0xA9, 0xCE, 0x48, 0xDD, 0x90, 0xA3, 0x21, 0x03, 0xCA, 0x2A, 0xB4, 0x3A,
    0x4C, 0x66, 0x6A, 0x8D, 0xB0, 0x36, 0xE1, 0x05, 0x79, 0x6A, 0x87, 0x8D, 0x17, 0x44, 0xAC, 0xC1,
    0x28, 0x99, 0x76, 0x66, 0xE6, 0xDE, 0x41, 0xA0, 0x9A, 0x30, 0x80, 0xD1, 0x3B, 0xF8, 0x16, 0x89,
    0xDF, 0x15, 0x64, 0xA4, 0xFD, 0xCF, 0x90, 0xDE, 0x47, 0x92, 0x63, 0x3F, 0x49, 0xB5, 0x8E, 0x92,
    0xAF, 0xD2, 0x4C, 0x41, 0xAA, 0x59, 0xC2, 0x10, 0xBA, 0xD6, 0x50, 0xDA, 0xCF, 0x0D, 0x1D, 0x37,
    0x66, 0x1B, 0xEA, 0x28, 0x17, 0xEB, 0xC2, 0x3C, 0x35, 0xF4, 0x68, 0xB5, 0x06, 0xC1, 0xC7, 0x9C,
    0xA0, 0x64, 0x2F, 0xE2, 0x3D, 0xB0, 0xD7, 0x93, 0x2A, 0xB6, 0x5F, 0x49, 0x74, 0xFB, 0xE3, 0x2A,
    0x36, 0x93, 0xD9, 0xAD, 0x67, 0x53, 0xE5, 0xD2, 0x4E, 0xED, 0x24, 0xCD, 0x10, 0xEC, 0xC7, 0xEC,
    0x86, 0xA1, 0xC7, 0x73, 0xE8, 0x0E, 0xB1, 0xAE, 0x6C, 0x9F, 0x24, 0x6B, 0x6C, 0xE1, 0x46, 0x09,
    0x06, 0xF1, 0x20, 0xDC, 0x7B, 0xFA, 0x26, 0x40, 0x55, 0xB1, 0x5C, 0x1C, 0xE5, 0x8E, 0xA7, 0x94,
    0x1F, 0xF8, 0xD9, 0x5C, 0xA5, 0x62, 0x17, 0x54, 0x99, 0x50, 0x47, 0x03, 0xFF, 0xA5, 0x1E, 0x42,
    0x03, 0x9D, 0x82, 0x4E, 0xA8, 0xD6, 0xAC, 0xBD, 0x3E, 0x46, 0xF3, 0x52, 0xAE, 0x61, 0xB5, 0x9C,
    0x69, 0x96, 0x36, 0x99, 0xB3, 0x30, 0xD7, 0x47, 0x6D, 0x81, 0xCD, 0xA5, 0xBE, 0x48, 0x0F, 0x14,
    0x30, 0xAE, 0x4B, 0x46, 0x9F, 0x69, 0xE4, 0x9F, 0x8C, 0xBB, 0x8C, 0xAB, 0xA7, 0xC5, 0x0E, 0xFF,
    0xFA, 0x15, 0x9D, 0x25, 0xD3, 0xA7, 0xB5, 0xA9, 0x26, 0xB6, 0x4B, 0x98, 0xC3, 0x14, 0x3A, 0x68,
    0x7A, 0x24, 0x49, 0xFC, 0x28, 0xC8, 0xDC, 0x09, 0xC2, 0x24, 0x4F, 0x86, 0x98, 0x64, 0xE6, 0xBF,
    0x9D, 0x64, 0x87, 0x3D, 0xE5, 0xD6, 0x66, 0x60, 0xA3, 0x18, 0x8E, 0xCB, 0x10, 0xF1, 0x61, 0x72,
    0x3A, 0xBB, 0xCB, 0x19, 0x38, 0x07, 0x33, 0xE1, 0x56, 0x21, 0x49, 0x48, 0xFB, 0xC2, 0xDA, 0x66,
    0xA6, 0x2F, 0xC7, 0x37, 0xEC, 0x24, 0x27, 0x5F, 0xA7, 0x5F, 0x38, 0x3B, 0x5A, 0xB9, 0xF3, 0x86,
    0x73, 0xBE, 0x9C, 0xAD, 0x9F, 0xB7, 0x3C, 0x93, 0x62, 0x6A, 0x98, 0x77, 0x40, 0x9E, 0x00, 0xCE,
    0xFE, 0x08, 0xDC, 0x60, 0x9E, 0xDD, 0xEA, 0x67, 0xCE, 0x2E, 0x3F, 0x61, 0xF7, 0x18, 0x39, 0x0F,
    0x5A, 0x09, 0x87, 0x54, 0xBA, 0x5B, 0x3A, 0x15, 0xFA, 0xAD, 0x5A, 0x25, 0x7C, 0xA5, 0xFB, 0x4C,
    0x3D, 0x48, 0x39, 0x08, 0xC7, 0xB7, 0x19, 0x41, 0x42, 0x3F, 0x83, 0x9B, 0x14, 0x13, 0xF8, 0x57,
    0x8D, 0xBD, 0xEA, 0xC2, 0x80, 0x04, 0xB1, 0xB1, 0xE8, 0x11, 0xC0, 0xE4, 0x76, 0x2A, 0x11, 0xBD,
    0x64, 0x3A, 0xE5, 0xCA, 0x3F, 0x19, 0x07, 0x28, 0x21, 0x6D, 0x30, 0x65, 0xB1, 0xD9, 0x40, 0xBC,
    0x6B, 0x81, 0x68, 0x0C, 0xBA, 0xF4, 0x3A, 0x55, 0x73, 0x88, 0x63, 0xD4, 0xA8, 0x0B, 0x28, 0x25,
    0xC3, 0x4E, 0xB1, 0x9E, 0x0A, 0x0C, 0x1C, 0x38, 0x7C, 0x19, 0x6F, 0x3F, 0x8C, 0xBF, 0xDB, 0xC3,
    0xE1, 0xD6, 0xC3, 0xED, 0xFC, 0xB0, 0x3E, 0x3D, 0xE4, 0x20, 0xD3, 0x18, 0xEE, 0x0B, 0xB9, 0xC2,
    0x18, 0xEC, 0xB7, 0x6A, 0xF7, 0xD4, 0x92, 0x42, 0x07, 0x93, 0xA5, 0xDA, 0x73, 0xA9, 0x77, 0x64,
    0x63, 0x61, 0x28, 0x85, 0x0F, 0x19, 0x91, 0x7D, 0x94, 0xF2, 0x90, 0x71, 0x11, 0x6B, 0x35, 0xCE,
    0x52, 0x27, 0x46, 0x79, 0x8B, 0xE4, 0x35, 0x18, 0x88, 0x32, 0x4E, 0x5C, 0xF4, 0x66, 0xB2, 0xB3,
    0x9B, 0xCD, 0x81, 0x2B, 0xDD, 0x48, 0x7B, 0x9D, 0x41, 0xF8, 0x4C, 0x38, 0x18, 0x2C, 0x7D, 0x92,
    0xCA, 0x40, 0x8C, 0xBA, 0x65, 0xAA, 0xAB, 0x3C, 0x35, 0xEB, 0xD8, 0x16, 0xDE, 0xD3, 0x09, 0x5E,
    0x01, 0x85, 0x5F, 0x60, 0x49, 0x75, 0x08, 0xC0, 0xF0, 0x2A, 0x2D, 0xB5, 0xF0, 0x54, 0xC4, 0x4F,
    0xCD, 0x5A, 0x3D, 0x3A, 0x55, 0x25, 0xA9, 0x76, 0x82, 0x54, 0xC3, 0x87, 0xD9, 0xA0, 0xF8, 0xE8,
    0xCC, 0x59, 0x32, 0xA8, 0x79, 0x64, 0x50, 0x2E, 0x18, 0xE9, 0xA4, 0x59, 0xC5, 0x4D, 0x00, 0xDA,
    0xFC, 0x81, 0xCB, 0x0C, 0x93, 0x79, 0x4E, 0x65, 0xBE, 0x9D, 0x09, 0x7C, 0xE0, 0x55, 0x4E, 0x63,
    0x69, 0x62, 0x6E, 0x48, 0x89, 0x60, 0x62, 0x18, 0x4D, 0xC8, 0xD9, 0xA5, 0x01, 0xAE, 0xA8, 0xCC,
    0x0D, 0x22, 0x0C, 0xFD, 0x6A, 0xD9, 0xD2, 0x46, 0x59, 0xA5, 0x89, 0x72, 0xD7, 0xAD, 0x32, 0x64,
    0xEE, 0x60, 0x55, 0x11, 0x4A, 0xDB, 0x2F, 0x2B, 0xCE, 0x95, 0xA7, 0x57, 0x62, 0x7A, 0x00, 0x01,
    0x63, 0x67, 0x34, 0x8E, 0x4B, 0x7B, 0x48, 0x0F, 0x89, 0x2D, 0x51, 0xDD, 0x51, 0xA7, 0xB0, 0x51,
    0x64, 0xEF, 0xF5, 0x77, 0x07, 0xBB, 0x26, 0x6E, 0x7F, 0x80, 0xE5, 0x11, 0x76, 0xF2, 0x44, 0x70,
    0x55, 0x84, 0xA1, 0x76, 0xA2, 0xD7, 0x47, 0xAC, 0xE7, 0x29, 0x03, 0x69, 0xCC, 0x75, 0xB0, 0xDB,
    0xF4, 0x53, 0xD0, 0x73, 0x40, 0x2A, 0x44, 0x84, 0xCD, 0x06, 0x63, 0xD2, 0x22, 0x25, 0x60, 0x12,
    0xC2, 0xB1, 0x8C, 0x6C, 0x99, 0x9D, 0xC0, 0x34, 0x71, 0x1F, 0xD6, 0x69, 0x07, 0x6E, 0xDA, 0x66,
    0x0A, 0x92, 0xC2, 0xBB, 0x7D, 0x11, 0xE7, 0x10, 0xD9, 0x21, 0xDB, 0xA7, 0xC8, 0xE0, 0xD9, 0xC0,
    0x2B, 0xDE, 0x14, 0x73, 0xC3, 0x65, 0xFA, 0x18, 0x91, 0x12, 0xCE, 0xB2, 0xE9, 0xA4, 0x1F, 0xB8,
    0x50, 0x70, 0x90, 0xB4, 0x41, 0x69, 0x5B, 0x2B, 0x76, 0x32, 0xB2, 0x8A, 0x23, 0xFB, 0x47, 0x9A,
    0x26, 0xC8, 0x31, 0x2F, 0x9E, 0x76, 0x83, 0x47, 0x41, 0x8E, 0x40, 0x29, 0xC0, 0x84, 0x04, 0xCC,
    0xFE, 0x54, 0xEA, 0xD4, 0xAA, 0x34, 0xCF, 0x54, 0xA7, 0xF6, 0xA3, 0x7F, 0xD0, 0x39, 0x24, 0xD1,
    0x25, 0x44, 0x19, 0xA3, 0x89, 0x7E, 0x09, 0x8B, 0x8C, 0x08, 0x7B, 0x10, 0xC5, 0x5E, 0x31, 0xC2,
    0xBA, 0x66, 0xAB, 0x0F, 0x9C, 0x6E, 0x66, 0x05, 0xCF, 0x0F, 0x9F, 0x81, 0xD8, 0x0E, 0xFE, 0xAF,
    0xBB, 0x49, 0x9E, 0x55, 0x26, 0x23, 0xAF, 0x91, 0x84, 0x8B, 0x94, 0x93, 0xB4, 0x84, 0x20, 0x41,
    0x48, 0xA4, 0xD7, 0xBC, 0x82, 0x30, 0xA1, 0x01, 0x24, 0x5E, 0x08, 0xF2, 0x61, 0x3A, 0x22, 0xF2,
    0x1D, 0x59, 0x26, 0x64, 0x1D, 0x91, 0x86, 0xE4, 0xCC, 0x4B, 0x06, 0xE1, 0xC4, 0xC1, 0xC3, 0xAB,
    0x1E, 0x32, 0x3C, 0x47, 0xE7, 0x39, 0xD8, 0x82, 0xA3, 0x9F, 0xAB, 0x24, 0xDA, 0x15, 0xBB, 0x28,
    0xBD, 0xEE, 0x82, 0xC2, 0xA1, 0xB3, 0xC1, 0xD2, 0xED, 0x06, 0x1A, 0x23, 0x6C, 0x25, 0xC9, 0x62,
    0x50, 0x83, 0x61, 0x7C, 0x85, 0x4E, 0x74, 0xEA, 0x71, 0x35, 0x22, 0x14, 0xC1, 0xDC, 0x3D, 0x8C,
    0x73, 0xA5, 0xF0, 0xBE, 0x7B, 0x86, 0x67, 0xE3, 0xD1, 0x79, 0x42, 0xE0, 0xB2, 0xF3, 0x09, 0x5D,
    0x97, 0x3E, 0xC2, 0xD3, 0x5A, 0x98, 0x35, 0xAA, 0x4B, 0x9D, 0x6A, 0x84, 0xC1, 0xF4, 0x2B, 0x08,
    0x0C, 0x5B, 0xAD, 0x7F, 0xAB, 0x6B, 0xA9, 0xFA, 0xD0, 0x5E, 0xDE, 0x03, 0x6C, 0xF7, 0x9E, 0xF6,
    0xD0, 0xD9, 0xF9, 0x60, 0x67, 0x94, 0xD3, 0x6D, 0x98, 0x1F, 0xCC, 0x1B, 0xF5, 0x8A, 0x29, 0xB7,
    0x27, 0x81, 0x3E, 0xED, 0x05, 0x6D, 0x10, 0x9D, 0x33, 0x5D, 0x32, 0xE4, 0xC4, 0xFA, 0xED, 0xF6,
    0xC1, 0x62, 0x21, 0x82, 0x70, 0x34, 0xB9, 0xF0, 0xBA, 0xF0, 0x12, 0x39, 0x6F, 0x81, 0xDA, 0x89,
    0xF6, 0x71, 0xFE, 0xBC, 0x23, 0x74, 0x40, 0x22, 0x25, 0x3D, 0x73, 0xFA, 0xC9, 0xFB, 0xA8, 0xF7,
    0x49, 0xA0, 0x80, 0xBA, 0x89, 0x3E, 0xA5, 0xCE, 0x5F, 0x8E, 0x7C, 0x12, 0x9F, 0x97, 0x2A, 0x42,
    0x19, 0x99, 0x99, 0x0D, 0x77, 0x4E, 0x3A, 0xB6, 0xDA, 0x9D, 0x7A, 0x92, 0x78, 0x3D, 0x31, 0x41,
    0x42, 0x29, 0x16, 0x6F, 0x00, 0xDD, 0xE7, 0x8C, 0xC8, 0xC0, 0xA7, 0x47, 0xA5, 0xBA, 0xD7, 0x0C,
    0xAA, 0xAB, 0xE3, 0x3C, 0x3B, 0x8D, 0xB0, 0xCE, 0xC1, 0x42, 0x0B, 0x78, 0x88, 0x2B, 0x5B, 0x2B,
    0xB6, 0xBC, 0x48, 0xCC, 0x3E, 0x96, 0x88, 0xC7, 0x0B, 0x47, 0xA5, 0x8B, 0x64, 0xE0, 0xAB, 0x81,
    0xD0, 0xD0, 0xAA, 0xA5, 0xD1, 0x67, 0xB1, 0x74, 0x47, 0x37, 0x9C, 0x0C, 0xE6, 0x24, 0x8E, 0x73,
    0x93, 0x1E, 0x48, 0x41, 0x95, 0x3B, 0x68, 0xCF, 0x7A, 0x87, 0xAA, 0x27, 0x3D, 0xC5, 0x55, 0x57,
    0xA1, 0x1E, 0x1C, 0xAF, 0xC2, 0x8A, 0x64, 0xEB, 0x73, 0x56, 0xCE, 0xDB, 0xAD, 0x95, 0x33, 0xC7,
    0x57, 0x19, 0xA1, 0x40, 0x50, 0xC7, 0xF9, 0x2D, 0x79, 0x18, 0xBD, 0xFE, 0xE6, 0xC9, 0x69, 0x95,
    0x1B, 0xFE, 0x81, 0x89, 0xE9, 0xF6, 0xE1, 0xCB, 0xDF, 0xA9, 0x87, 0x22, 0xE6, 0xFA, 0x93, 0xB5,
    0x9A, 0xCA, 0x89, 0x24, 0x2F, 0xA7, 0x7A, 0x68, 0x53, 0x8B, 0x96, 0x10, 0xDB, 0xA5, 0x9C, 0x5A,
    0x19, 0xE7, 0x30, 0x97, 0xD3, 0x03, 0x32, 0xD8, 0xDE, 0xBA, 0x6F, 0xC9, 0x34, 0x4E, 0xD5, 0xF0,
    0xC5, 0x42, 0x45, 0x87, 0xBA, 0xFB, 0x62, 0x71, 0xE4, 0x63, 0x57, 0xCB, 0x6B, 0xC5, 0x51, 0x8E,
    0xF2, 0xA2, 0x69, 0xFD, 0xCB, 0x51, 0x5E, 0x43, 0x6F, 0xE3, 0xCB, 0x51, 0xEE, 0x5B, 0x2E, 0x05,
    0x9D, 0xAC, 0x47, 0xFB, 0xAE, 0x7A, 0x86, 0x67, 0x3F, 0xEA, 0xE1, 0x12, 0x0F, 0xAB, 0x8A, 0x22,
    0xF9, 0x42, 0x86, 0x72, 0xFA, 0x65, 0x68, 0x6B, 0x4E, 0x61, 0x64, 0x6F, 0x91, 0xA1, 0x1C, 0xC4,
    0xCC, 0xA1, 0x3E, 0xD6, 0x5D, 0x95, 0xAE, 0xEA, 0xF7, 0x50, 0xD2, 0xFE, 0x09, 0x4A, 0x42, 0xBD,
    0xA3, 0x76, 0x94, 0x64, 0x8C, 0x19, 0x52, 0xAB, 0x3A, 0xF0, 0x37, 0xA3, 0x8C, 0x8D, 0x12, 0x15,
    0xAC, 0xBD, 0x97, 0x4B, 0x94, 0x2A, 0xAA, 0x70, 0x55, 0x32, 0x3F, 0xB3, 0x02, 0x22, 0xB7, 0xA1,
    0x18, 0xD5, 0x0B, 0x4A, 0x76, 0xD4, 0xD0, 0x18, 0xD4, 0x87, 0xBA, 0x05, 0x53, 0x64, 0x52, 0xE9,
    0xBB, 0x07, 0xD4, 0x7E, 0xB1, 0x39, 0x46, 0x92, 0x51, 0x74, 0xCE, 0x51, 0x3A, 0x99, 0x22, 0x5B,
    0xB0, 0x62, 0x67, 0xA9, 0x58, 0x62, 0x66, 0x38, 0x37, 0x3F, 0xF5, 0x5E, 0xED, 0xFF, 0xB3, 0x07,
    0x74, 0x72, 0x9B, 0xCE, 0xF3, 0x33, 0x6F, 0x86, 0xC8, 0x0D, 0xE9, 0x5D, 0x8D, 0x0B, 0xC9, 0x09,
    0x6D, 0x63, 0x64, 0x4C, 0x95, 0xBA, 0x78, 0xFD, 0x9C, 0xA4, 0x35, 0x79, 0x80, 0x44, 0x9D, 0xC2,
    0x3B, 0x14, 0x75, 0xFE, 0xBB, 0x9A, 0x1B, 0x64, 0x38, 0xBA, 0x6A, 0x15, 0xB5, 0x48, 0xA3, 0xC5,
    0x03, 0x45, 0x0A, 0x51, 0x14, 0xC0, 0x7C, 0x69, 0xAF, 0xA6, 0xA8, 0x10, 0x91, 0xFD, 0x95, 0x1C,
    0x5D, 0x5E, 0xDF, 0x5F, 0x2F, 0x65, 0xB3, 0x3D, 0x90, 0xB5, 0xCE, 0x77, 0xBE, 0x67, 0xF1, 0xE1,
    0x0A, 0xB7, 0x51, 0x98, 0x6A, 0x3B, 0x8F, 0x75, 0x70, 0x95, 0x4E, 0x54, 0x75, 0x18, 0xAB, 0x18,
    0x46, 0xD0, 0xB9, 0x88, 0xAF, 0x7D, 0xA0, 0x0A, 0xE7, 0x86, 0xCE, 0x15, 0x2B, 0x20, 0xFA, 0x0C,
    0x55, 0x1D, 0xB8, 0x66, 0x05, 0x83, 0x82, 0x99, 0xD1, 0x29, 0x51, 0x28, 0x91, 0xEC, 0xD2, 0xD4,
    0x1E, 0x13, 0x19, 0xF5, 0xEA, 0x70, 0xAA, 0x78, 0x3C, 0x55, 0x4E, 0x15, 0xCE, 0xA1, 0x6A, 0x03,
    0x89, 0xFE, 0xAA, 0x13, 0x47, 0xA6, 0xD1, 0xD5, 0xE2, 0x00, 0x67, 0xCC, 0x4B, 0x3D, 0x61, 0x1E,
    0x05, 0xC0, 0x4F, 0x76, 0xA7, 0xC9, 0x15, 0x2F, 0xAE, 0x68, 0x0D, 0x40, 0x8E, 0x8A, 0x66, 0xDE,
    0x97, 0x13, 0x09, 0x8D, 0x02, 0xE0, 0x85, 0x27, 0xC2, 0xB8, 0x30, 0x08, 0xC0, 0xEC, 0x55, 0x00,
    0xB2, 0xD0, 0x04, 0x7F, 0x3B, 0x5F, 0xF5, 0x25, 0x38, 0x47, 0xD4, 0x19, 0xE0, 0xEC, 0x6A, 0x02,
    0xA0, 0x2B, 0xA3, 0x61, 0xA0, 0xBD, 0xD4, 0x83, 0x03, 0x94, 0xDF, 0x0C, 0xF0, 0x40, 0x02, 0x90,
    0xDB, 0x8D, 0x9B, 0xC6, 0xD3, 0x6F, 0x00, 0x78, 0xD9, 0xBB, 0x02, 0xF0, 0xB2, 0xBC, 0x68, 0xCF,
    0x5B, 0xD9, 0x84, 0x22, 0xD9, 0x0E, 0xFA, 0xF4, 0x3C, 0x79, 0x27, 0x92, 0xAD, 0x4C, 0x24, 0x5B,
    0xBE, 0x19, 0x18, 0x93, 0x95, 0x52, 0xDA, 0x48, 0x36, 0x89, 0xBF, 0x26, 0xD9, 0x88, 0x28, 0xE8,
    0x42, 0xBF, 0xEA, 0xEC, 0xE9, 0xD0, 0x23, 0x87, 0x7E, 0x25, 0x94, 0xC0, 0xA8, 0xA3, 0x4F, 0x2B,
    0x25, 0xD9, 0xEA, 0xE3, 0xB4, 0x66, 0xC0, 0x6D, 0x22, 0xD9, 0x8E, 0x37, 0x89, 0x95, 0x85, 0xD8,
    0x8E, 0x1E, 0x02, 0x20, 0x47, 0xDA, 0x0E, 0xD8, 0x36, 0xED, 0xD1, 0x00, 0x05, 0xBE, 0x6A, 0x6A,
    0x31, 0xDA, 0x47, 0x38, 0x49, 0x85, 0x1F, 0x01, 0x9E, 0x67, 0x9D, 0xF7, 0xAA, 0x46, 0x58, 0x73,
    0xDD, 0x78, 0x92, 0xD0, 0xB1, 0x98, 0xF0, 0xD4, 0x43, 0xAF, 0x00, 0x25, 0x10, 0x4C, 0xC0, 0x9D,
    0x94, 0x57, 0xEE, 0xB2, 0x93, 0x1B, 0xDC, 0x35, 0xBB, 0xC0, 0x1F, 0x4B, 0x6C, 0x08, 0x2C, 0x4D,
    0x3B, 0x6E, 0x9C, 0x39, 0x52, 0xDA, 0x5F, 0x96, 0xB2, 0xDE, 0x0C, 0x88, 0x88, 0xCE, 0xC1, 0x79,
    0x77, 0x62, 0x13, 0xDC, 0x0E, 0x08, 0x34, 0x27, 0x46, 0xFB, 0x5B, 0x46, 0xB2, 0xB3, 0x11, 0x1C,
    0x5F, 0xBA, 0x8D, 0xEE, 0x42, 0x9E, 0xE6, 0x38, 0xB7, 0x87, 0xFC, 0xF8, 0xDA, 0xF5, 0xBA, 0x97,
    0x16, 0x24, 0x66, 0xDD, 0xAE, 0x07, 0xEE, 0xC8, 0x9C, 0x63, 0x42, 0xBE, 0x98, 0x64, 0xBF, 0xE1,
    0x15, 0x6D, 0x22, 0xB4, 0xA0, 0x8E, 0x83, 0x87, 0x25, 0xA5, 0xCA, 0x83, 0x6F, 0x35, 0xA2, 0x87,
    0x16, 0xC3, 0x74, 0x1A, 0x7E, 0x19, 0x83, 0xA7, 0x18, 0x42, 0x87, 0x9E, 0xB2, 0xDD, 0x93, 0xB0,
    0x5C, 0x3D, 0xCD, 0xDB, 0xC9, 0x5D, 0x8F, 0x6E, 0x27, 0x4F, 0xEE, 0x5E, 0x23, 0xBA, 0xF6, 0x00,
    0xE9, 0xB4, 0x53, 0x44, 0xCD, 0xE1, 0x31, 0xD5, 0xEA, 0x19, 0x78, 0x5A, 0x3B, 0xC4, 0x02, 0x4C,
    0x16, 0x59, 0xA6, 0x27, 0x77, 0x1A, 0x3D, 0xBA, 0x7E, 0x73, 0xE2, 0x42, 0x72, 0xEE, 0x98, 0xDD,
    0xA0, 0xAF, 0x37, 0xED, 0x9D, 0xE6, 0xBD, 0x06, 0xD6, 0xDB, 0xE4, 0x80, 0xD6, 0x29, 0x02, 0xE1,
    0x15, 0x45, 0xA5, 0x53, 0x74, 0xC5, 0x77, 0xF3, 0xDB, 0xF8, 0xFE, 0x83, 0x0E, 0x93, 0x23, 0xC6,
    0xB2, 0xC3, 0xF0, 0x90, 0xF6, 0xAD, 0x12, 0xD5, 0xA8, 0xDE, 0x7D, 0x44, 0x7C, 0x11, 0xE4, 0x16,
    0x61, 0x93, 0x8C, 0x09, 0x37, 0x4A, 0x4D, 0xC4, 0x32, 0xF7, 0x6A, 0xA5, 0x45, 0x6B, 0xD6, 0x03,
    0x1E, 0xE4, 0x81, 0xC9, 0x1B, 0xAE, 0xE4, 0x75, 0x93, 0x89, 0x40, 0x24, 0xF5, 0x31, 0x5B, 0x95,
    0x60, 0x36, 0x63, 0x27, 0x62, 0x2E, 0x5F, 0xFB, 0x58, 0xBD, 0xAB, 0x64, 0x62, 0xEC, 0x63, 0xFD,
    0x86, 0x72, 0xB5, 0xF4, 0xB1, 0x25, 0x38, 0xA9, 0xA6, 0x3E, 0xDE, 0x10, 0xA0, 0xD4, 0x76, 0x95,
    0x0A, 0xC5, 0x59, 0xD7, 0xFF, 0x87, 0x51, 0x8C, 0x33, 0xE9, 0xFF, 0x33, 0x56, 0x5C, 0x05, 0x09,
    0x1F, 0x4D, 0xF5, 0x81, 0x33, 0x09, 0x3A, 0x40, 0x80, 0x3C, 0xB2, 0x2B, 0x27, 0x21, 0x49, 0xB0,
    0xC8, 0x12, 0x38, 0x87, 0x90, 0x2C, 0x8C, 0x01, 0xC6, 0xC3, 0x7A, 0x66, 0x7A, 0x3F, 0x85, 0x72,
    0x48, 0xED, 0xA5, 0x9A, 0x26, 0x17, 0x7D, 0x68, 0x97, 0x11, 0xE5, 0x33, 0x1D, 0x72, 0x3A, 0xF0,
    0xBF, 0x74, 0x2A, 0x22, 0x78, 0x4D, 0x2F, 0xA0, 0xB5, 0xC4, 0x61, 0xB0, 0xCD, 0xE3, 0x5C, 0x4D,
    0x02, 0xE6, 0xA5, 0x9E, 0x40, 0x1C, 0x62, 0x03, 0xF2, 0x21, 0xC4, 0x16, 0xB4, 0x5D, 0xEB, 0x9F,
    0xBF, 0xA4, 0xD9, 0x1E, 0x40, 0x90, 0xD4, 0xE9, 0x31, 0x88, 0x4D, 0x27, 0xF0, 0x5A, 0xBF, 0xE1,
    0x26, 0x49, 0x05, 0x95, 0xE6, 0xB2, 0xD4, 0x08, 0x41, 0x52, 0xA0, 0x5B, 0xED, 0x0A, 0x47, 0xD7,
    0xE5, 0xC0, 0x06, 0xF8, 0x53, 0xDF, 0xFF, 0x76, 0x3E, 0xD7, 0x13, 0xE5, 0xB8, 0x32, 0xB7, 0x34,
    0x09, 0xF6, 0xEA, 0xBD, 0x52, 0x52, 0x02, 0x36, 0xCA, 0x83, 0xF8, 0x4B, 0x0D, 0xAB, 0x20, 0x23,
    0xF7, 0xE9, 0x9C, 0xFA, 0x18, 0x17, 0x12, 0x06, 0xD9, 0x24, 0x64, 0xD8, 0x90, 0xFD, 0xDA, 0x9B,
    0x64, 0xE3, 0x45, 0xA2, 0x06, 0x0A, 0x70, 0x67, 0xFC, 0xF6, 0xD4, 0x40, 0x72, 0xC1, 0xDD, 0xCA,
    0x3D, 0x20, 0x70, 0x4B, 0xDF, 0xBC, 0x3D, 0x17, 0xA3, 0xA2, 0xB5, 0xB9, 0x5A, 0xB6, 0x64, 0xA6,
    0x72, 0x57, 0x86, 0x2E, 0xD7, 0xCE, 0xD4, 0xF9, 0x3B, 0x82, 0x03, 0x95, 0x3E, 0x79, 0x4D, 0x5C,
    0x2F, 0x53, 0x9D, 0x0F, 0x36, 0x60, 0xA3, 0xE2, 0xFF, 0x6E, 0x26, 0xB9, 0xA6, 0xCA, 0x67, 0xD4,
    0x70, 0x30, 0xB4, 0x94, 0xC9, 0x9E, 0x26, 0x75, 0x2A, 0x41, 0xB0, 0xD7, 0x07, 0x38, 0x9A, 0x04,
    0x61, 0x61, 0xE3, 0x3A, 0xAC, 0x57, 0x54, 0xC5, 0xE7, 0x53, 0x85, 0x54, 0xCB, 0x5E, 0x40, 0xB0,
    0xB6, 0xD0, 0x8E, 0xD5, 0x16, 0xD9, 0xF4, 0x0B, 0xA5, 0xF7, 0x54, 0x07, 0x9C, 0x7F, 0x47, 0xCE,
    0xE3, 0x39, 0x78, 0x41, 0xF4, 0xDA, 0x76, 0xAA, 0x79, 0xDC, 0x92, 0xDE, 0x07, 0x96, 0xA3, 0xFF,
    0x33, 0x5F, 0xE6, 0x00, 0x1D, 0xA5, 0x72, 0x35, 0x49, 0xE7, 0xB4, 0xB2, 0x13, 0xA5, 0x13, 0x2A,
    0x47, 0x4D, 0x50, 0x9B, 0xA1, 0xF4, 0xB4, 0x9F, 0x92, 0x86, 0x90, 0xE0, 0x14, 0xBB, 0xBA, 0x5F,
    0x96, 0xC5, 0x6D, 0xCA, 0x7C, 0xAE, 0xA1, 0x35, 0xD4, 0xA2, 0xFA, 0x08, 0xAD, 0x9C, 0x28, 0xBB,
    0xE3, 0x51, 0xA1, 0x70, 0x10, 0xD6, 0x53, 0xBD, 0x82, 0x5A, 0x2F, 0xC5, 0x0F, 0x4F, 0x13, 0xE4,
    0x71, 0x9E, 0xF6, 0xC7, 0xA7, 0x99, 0x5D, 0x9B, 0x87, 0x77, 0xAC, 0x25, 0xE9, 0x9D, 0x2B, 0xDB,
    0x6B, 0xB2, 0xE0, 0xD3, 0x26, 0x09, 0x2D, 0x53, 0x7C, 0x61, 0xC3, 0xE1, 0x74, 0xDC, 0x02, 0x8C,
    0xDC, 0x73, 0x36, 0x4C, 0x7E, 0xD7, 0x9E, 0xCF, 0x7C, 0xD9, 0xEB, 0x91, 0x6C, 0xBF, 0xB0, 0x37,
    0xC8, 0x68, 0xEF, 0x9C, 0x66, 0x67, 0xE4, 0x4C, 0x9B, 0x67, 0x9E, 0x84, 0xB8, 0xAF, 0xAF, 0xD4,
    0x21, 0xED, 0xD0, 0x24, 0x0A, 0x41, 0xD7, 0x6E, 0x92, 0xA4, 0x07, 0xFF, 0x76, 0x95, 0x40, 0xAE,
    0xF4, 0x79, 0x79, 0xF4, 0xDC, 0xB5, 0x0E, 0x8A, 0x14, 0x70, 0xE5, 0xB9, 0xD5, 0xFC, 0xDA, 0xC5,
    0x18, 0xB4, 0xA3, 0x1A, 0x14, 0xB6, 0x74, 0x2E, 0x35, 0x31, 0x1D, 0x95, 0xBA, 0xFA, 0xCE, 0xCB,
    0xDF, 0xBC, 0xF1, 0x5C, 0x7E, 0xE4, 0x18, 0x4E, 0x6B, 0x80, 0xCD, 0x77, 0xB8, 0xAB, 0xF8, 0xB2,
    0xDA, 0x14, 0xA5, 0x06, 0x28, 0x7C, 0xCA, 0xAD, 0xE8, 0x55, 0x9F, 0xFD, 0xEB, 0x09, 0x0C, 0xAC,
    0xDA, 0x5A, 0x53, 0xAD, 0x43, 0x09, 0xAE, 0xDE, 0x31, 0x95, 0x24, 0xE3, 0x3E, 0x9F, 0x49, 0xBC,
    0xEF, 0x23, 0xC8, 0xD4, 0x27, 0x6F, 0xBA, 0xED, 0xFC, 0xD1, 0x3C, 0x40, 0x18, 0x5B, 0xAD, 0x64,
    0x6A, 0x2A, 0x19, 0xAE, 0xE9, 0xEC, 0x1D, 0x55, 0x2D, 0xD0, 0x82, 0x3F, 0x54, 0xE8, 0x50, 0x60,
    0x87, 0xB2, 0x24, 0xA8, 0x7C, 0x45, 0x51, 0x1D, 0x89, 0xA1, 0x9E, 0x05, 0x65, 0xC0, 0x50, 0x41,
    0x04, 0xF5, 0xD8, 0x55, 0x42, 0xE9, 0x8F, 0x22, 0x4A, 0x7F, 0xB2, 0xA0, 0xC6, 0xF7, 0x27, 0x41,
    0x69, 0xE7, 0xCA, 0x89, 0x4C, 0xAE, 0x36, 0x24, 0x00, 0xFB, 0x94, 0xEB, 0x0E, 0x44, 0xD6, 0x3A,
    0x5B, 0x49, 0x3D, 0xD9, 0xAC, 0x9B, 0xF9, 0x50, 0x4A, 0x62, 0x02, 0xB4, 0xB4, 0x8B, 0x1B, 0xBA,
    0x8E, 0x71, 0x94, 0xB8, 0x68, 0x74, 0xCB, 0x36, 0x2E, 0x42, 0xBF, 0x3A, 0x95, 0x37, 0x61, 0x2D,
    0x17, 0x2E, 0x52, 0x58, 0xEB, 0x89, 0x39, 0x7E, 0x0B, 0xAB, 0x21, 0x2D, 0xB5, 0x88, 0xFD, 0x1A,
    0xE8, 0xF2, 0x6A, 0xB1, 0xB9, 0x87, 0x0B, 0xA6, 0x9E, 0x47, 0x54, 0x81, 0xB6, 0xEB, 0xA3, 0x17,
    0x05, 0xE9, 0x7F, 0x19, 0xB9, 0x78, 0x6C, 0x33, 0xD0, 0x42, 0x69, 0x48, 0xD2, 0x7F, 0x44, 0xCD,
    0xD7, 0xD5, 0x90, 0x0F, 0x5C, 0x2C, 0x1E, 0x42, 0xCD, 0xD4, 0x7E, 0x70, 0x41, 0xEE, 0xFA, 0xE8,
    0x16, 0x36, 0x0F, 0x9E, 0x11, 0x0B, 0x2D, 0x58, 0xAC, 0xD1, 0x80, 0xF2, 0x9A, 0xED, 0xFE, 0xE5,
    0xB2, 0x58, 0xFD, 0x55, 0x48, 0xA4, 0xF8, 0x06, 0x9F, 0xE4, 0xA7, 0xDD, 0x1B, 0xFE, 0x18, 0xE6,
    0x7C, 0xD0, 0x70, 0xA8, 0xCA, 0x35, 0x5D, 0x18, 0x3A, 0x3D, 0x47, 0xE1, 0xC0, 0x73, 0xF5, 0xFB,
    0x9E, 0xD6, 0xBD, 0xAF, 0x4C, 0x32, 0xE3, 0x72, 0xC1, 0x3C, 0x95, 0x10, 0xB7, 0x93, 0x03, 0x1B,
    0xC9, 0x1A, 0xDF, 0xF2, 0x07, 0x36, 0x48, 0x54, 0x6B, 0x5D, 0x08, 0xAC, 0x42, 0xB3, 0x12, 0x66,
    0xFE, 0xD4, 0xC4, 0x23, 0x4C, 0x55, 0xAB, 0xAF, 0x45, 0xBD, 0x18, 0x05, 0x5F, 0xA9, 0xBE, 0x83,
    0xA3, 0x98, 0xFB, 0xE2, 0xB1, 0xC4, 0x4F, 0xBB, 0x35, 0xB8, 0xAD, 0x53, 0xF0, 0x61, 0x94, 0x1C,
    0x5B, 0xF4, 0x90, 0xE6, 0xDF, 0xBA, 0xC7, 0xD8, 0xAF, 0x06, 0xDC, 0xED, 0x4D, 0x10, 0x83, 0x8A,
    0x37, 0x5C, 0xF9, 0xFE, 0x9B, 0xCE, 0xF4, 0x8A, 0x8F, 0x12, 0xD6, 0x7C, 0xD4, 0x5D, 0x83, 0xA0,
    0xEC, 0x87, 0xDD, 0xE3, 0x7D, 0xB8, 0xBD, 0x6C, 0x37, 0x4F, 0x1D, 0xC3, 0x82, 0xCD, 0xE9, 0x46,
    0x35, 0xEA, 0x9E, 0xDC, 0xE1, 0x19, 0xEE, 0x74, 0x2A, 0xE1, 0xD9, 0x9B, 0x82, 0xDD, 0x92, 0xB2,
    0xBC, 0xB2, 0x69, 0x82, 0xD3, 0x80, 0xD7, 0x41, 0xD4, 0x07, 0x9C, 0x7F, 0x18, 0xD5, 0xE4, 0xEA,
    0xF2, 0xEB, 0x3A, 0xC5, 0x35, 0xD0, 0x32, 0x9C, 0xE7, 0x3B, 0x76, 0x2F, 0xBF, 0x27, 0x58, 0xB1,
    0x1F, 0xCF, 0xA2, 0x99, 0x01, 0x89, 0xD3, 0x80, 0xE8, 0x07, 0x8C, 0x80, 0x5C, 0x31, 0x47, 0x7B,
    0x5F, 0xC4, 0xA6, 0xB3, 0x91, 0x92, 0xF6, 0xD5, 0xB9, 0x3D, 0xD1, 0x9F, 0x8D, 0x10, 0x77, 0x00,
    0x7F, 0x8F, 0x48, 0xF6, 0xF3, 0xD8, 0x7E, 0x5E, 0x97, 0x1B, 0xFB, 0x09, 0xE7, 0x1F, 0x96, 0x2B,
    0x5D, 0xD3, 0x35, 0x43, 0x33, 0xD4, 0xD3, 0xF9, 0xA7, 0x22, 0xC8, 0x33, 0x68, 0xC4, 0xC7, 0x5D,
    0x6F, 0xCF, 0x77, 0x7D, 0x05, 0x3D, 0x00, 0xBD, 0xEF, 0x3C, 0xCF, 0x1C, 0xBF, 0xC7, 0x9F, 0x7E,
    0x63, 0xFC, 0xCB, 0x15, 0x68, 0xA7, 0x8F, 0xBE, 0x74, 0x9B, 0x7C, 0x0E, 0xB4, 0xE1, 0x57, 0xFE,
    0xFB, 0x2C, 0xF5, 0x13, 0x63, 0xBF, 0x58, 0xE4, 0x71, 0x11, 0xB3, 0x2D, 0x8F, 0x45, 0xCC, 0x63,
    0x3D, 0x67, 0xB1, 0x1D, 0xB2, 0x95, 0x3D, 0x42, 0x6F, 0xE7, 0xA8, 0x3A, 0xE8, 0x14, 0xA6, 0x66,
    0x2E, 0x97, 0xCC, 0x6C, 0x3F, 0x9C, 0x03, 0x4B, 0x92, 0xA8, 0x9D, 0x34, 0xBA, 0x2B, 0xD5, 0x86,
    0x49, 0x53, 0x97, 0x72, 0x27, 0x1F, 0xEB, 0x44, 0x1E, 0xD6, 0x1B, 0xF9, 0xD7, 0xAE, 0xA4, 0x5F,
    0x88, 0xD4, 0xF9, 0xD1, 0x64, 0xCC, 0x3E, 0x98, 0xA5, 0x5F, 0x8A, 0x7E, 0x32, 0x59, 0xF7, 0xC8,
    0x17, 0xC6, 0x97, 0xA7, 0xFE, 0xD9, 0xAA, 0x6F, 0x0D, 0x41, 0x7F, 0x46, 0x45, 0xD5, 0x37, 0xD8,
    0x84, 0x6C, 0x19, 0x7B, 0xD9, 0x4F, 0x52, 0x47, 0xFC, 0x13, 0xF9, 0x7A, 0x4E, 0xFD, 0xD1, 0x3F,
    0x3C, 0x72, 0x05, 0x3D, 0x44, 0x96, 0x29, 0x0B, 0x72, 0xAD, 0x75, 0x2A, 0xF6, 0xA0, 0x73, 0x91,
    0x14, 0x30, 0xCB, 0x18, 0xAB, 0x8F, 0xBA, 0x3E, 0xD6, 0x87, 0x98, 0x48, 0xE6, 0xCB, 0xE0, 0x8C,
    0xFE, 0x1D, 0x3C, 0x2C, 0x99, 0x0E, 0xFC, 0x7E, 0x47, 0xFA, 0xA9, 0xDC, 0x4D, 0x18, 0xDE, 0xB0,
    0xB0, 0x18, 0x57, 0x4A, 0xB6, 0xEE, 0x18, 0xA5, 0xC8, 0x67, 0xE6, 0xAE, 0xA5, 0x7C, 0xEA, 0x51,
    0xE8, 0x2B, 0x5A, 0x25, 0x39, 0x9A, 0x55, 0x1E, 0x99, 0x91, 0xBB, 0x61, 0x61, 0xCA, 0x75, 0x18,
    0xEA, 0xE7, 0x5D, 0x3B, 0xDF, 0x1E, 0xE7, 0x6C, 0xE9, 0xD7, 0x6A, 0x0A, 0xAA, 0x7C, 0x94, 0x36,
    0x60, 0x18, 0xF2, 0x60, 0xA4, 0xBC, 0x5A, 0xB1, 0x14, 0x7A, 0xFD, 0x45, 0x67, 0x41, 0x62, 0x0B,
    0x4B, 0xB0, 0xAC, 0xB0, 0xFC, 0x4B, 0x58, 0x56, 0xFD, 0x18, 0xCB, 0xD5, 0x15, 0xCB, 0xCD, 0x85,
    0x65, 0xCC, 0x10, 0xE0, 0x4C, 0x29, 0x51, 0xF8, 0x2D, 0x75, 0x80, 0x6B, 0xED, 0xEC, 0xCE, 0xEB,
    0xFA, 0xA5, 0x2E, 0xE8, 0xA6, 0xDA, 0xB5, 0xFA, 0x23, 0x55, 0x29, 0x8F, 0x4C, 0x9F, 0x79, 0x8C,
    0x42, 0x90, 0x44, 0x69, 0xC6, 0x5F, 0x56, 0x26, 0x6B, 0xC5, 0xAE, 0x9A, 0xB5, 0xDC, 0xC4, 0xD2,
    0xEC, 0x32, 0xFE, 0x42, 0x9F, 0xCA, 0x68, 0xA7, 0xE8, 0xBF, 0x9E, 0x40, 0x22, 0xBE, 0x8E, 0xB7,
    0x28, 0x44, 0x2C, 0x41, 0x3D, 0x29, 0xC4, 0x83, 0xE6, 0xB8, 0xA3, 0x0B, 0x8A, 0xEA, 0x07, 0xA7,
    0x3C, 0x33, 0xBF, 0x0C, 0x5E, 0xD0, 0x73, 0xB3, 0x8D, 0xF2, 0xAA, 0x29, 0xE8, 0x3C, 0xF5, 0x2C,
    0x40, 0x68, 0x76, 0x5B, 0xB9, 0x4B, 0x8C, 0x0C, 0xAE, 0x3A, 0x94, 0xA1, 0xE3, 0x28, 0x4E, 0xEA,
    0xB8, 0x56, 0x46, 0x15, 0x47, 0x95, 0x2E, 0x0A, 0xAF, 0xAE, 0x56, 0xA4, 0x34, 0xF1, 0x5A, 0xB5,
    0x8E, 0x21, 0x4C, 0xAE, 0xF0, 0xD3, 0x48, 0x6F, 0xD2, 0xC4, 0x21, 0xA8, 0x37, 0x92, 0xA0, 0xBC,
    0xE7, 0x82, 0x03, 0xE2, 0x23, 0xAB, 0x7B, 0xF0, 0x05, 0x1D, 0x41, 0x16, 0x47, 0xB5, 0x27, 0xF3,
    0x55, 0x24, 0x8C, 0x23, 0xDB, 0x58, 0x26, 0xA2, 0xAC, 0x90, 0x73, 0xBD, 0x21, 0xDB, 0xC8, 0x7D,
    0x3A, 0xBD, 0x56, 0x05, 0x37, 0xEC, 0xCA, 0x8B, 0xC2, 0x91, 0x3C, 0xC8, 0xEF, 0x38, 0x6D, 0xB8,
    0x50, 0xF5, 0x01, 0xAD, 0x0C, 0x42, 0xE5, 0x93, 0xE2, 0xCC, 0xF7, 0xED, 0x30, 0x10, 0x53, 0x3F,
    0x50, 0x02, 0xFA, 0x89, 0xE1, 0x1F, 0xB8, 0x20, 0x6D, 0x0E, 0x3A, 0xD7, 0x7B, 0xE2, 0x61, 0xC7,
    0xB5, 0xC2, 0x18, 0xB7, 0x0D, 0xE6, 0x65, 0xD7, 0x4B, 0x7B, 0xAE, 0x57, 0x24, 0x98, 0xC0, 0xC9,
    0xFF, 0xC2, 0x44, 0xB7, 0xF5, 0x4F, 0x68, 0x31, 0x7E, 0x13, 0xA9, 0x7F, 0x58, 0x23, 0x3F, 0x5F,
    0xED, 0x92, 0xEF, 0x6F, 0xD7, 0x49, 0x8A, 0x7D, 0x42, 0x1E, 0x43, 0xBB, 0x4A, 0xF9, 0x11, 0xC9,
    0xC7, 0xC6, 0x64, 0x21, 0x2F, 0xF5, 0xFC, 0xDB, 0xD5, 0x66, 0xCB, 0xF5, 0x0D, 0x7B, 0xA1, 0xD0,
    0x87, 0x43, 0x88, 0xA5, 0x32, 0x20, 0x4B, 0x66, 0xC8, 0xD9, 0x3B, 0xAA, 0x65, 0x22, 0x64, 0xE1,
    0xBC, 0x0A, 0x9A, 0x58, 0xAE, 0x8F, 0x12, 0x0C, 0x24, 0x26, 0x5B, 0x84, 0x24, 0x0F, 0xCC, 0xE8,
    0x67, 0x5B, 0xD0, 0xF1, 0xAA, 0x0F, 0x42, 0xBC, 0xF8, 0x4E, 0xA9, 0xB3, 0x93, 0x29, 0xB0, 0x92,
    0xFA, 0x78, 0x87, 0xBA, 0xC1, 0x2E, 0xD6, 0x03, 0xF4, 0xC2, 0x49, 0x37, 0xF9, 0xE4, 0x37, 0xF9,
    0x52, 0xC1, 0xE7, 0x92, 0xE7, 0x1D, 0x9E, 0x0F, 0xB9, 0x46, 0x5E, 0x57, 0x64, 0x7F, 0xDA, 0x8D,
    0x93, 0xA4, 0xC3, 0x65, 0xB0, 0xE2, 0x9B, 0x37, 0xAF, 0xBE, 0xBE, 0xB8, 0x2C, 0xDD, 0xA1, 0x93,
    0x7C, 0x45, 0x35, 0xF0, 0x09, 0xC0, 0xA9, 0xBE, 0xE4, 0x3D, 0x26, 0xFF, 0x8F, 0x60, 0x26, 0xE4,
    0x34, 0xED, 0xBF, 0x4F, 0x23, 0x4F, 0xB7, 0x80, 0x8F, 0x53, 0xFB, 0xDB, 0xFD, 0x89, 0x94, 0xF1,
    0x40, 0x36, 0xFB, 0xC5, 0x55, 0x73, 0xDB, 0xD5, 0x88, 0x2C, 0x75, 0xA2, 0x10, 0x9A, 0x1C, 0xE7,
    0xD1, 0xA4, 0x3E, 0x59, 0xC3, 0x20, 0xFA, 0xDE, 0xF4, 0x29, 0xB3, 0x33, 0x82, 0x9B, 0x21, 0x8C,
    0x1C, 0x40, 0x4F, 0x70, 0xD5, 0x3E, 0xCE, 0x98, 0xEC, 0x23, 0x32, 0xAC, 0x18, 0x6E, 0xD2, 0xA7,
    0xCC, 0x70, 0x7D, 0x3C, 0x32, 0x93, 0x95, 0x46, 0x6A, 0xBA, 0x62, 0x52, 0x70, 0x2F, 0x5F, 0x1D,
    0xE4, 0x2D, 0xED, 0x32, 0x55, 0x50, 0x81, 0x09, 0x0A, 0x68, 0xEC, 0x98, 0xCE, 0x7D, 0x17, 0x2E,
    0x7D, 0xC7, 0xE9, 0x1B, 0x5E, 0x7C, 0xE3, 0x19, 0xBF, 0xDE, 0x84, 0x88, 0x9B, 0xF5, 0x05, 0x09,
    0x1F, 0xB1, 0x93, 0x5A, 0xEC, 0xE4, 0xF7, 0xAF, 0x50, 0xB0, 0x92, 0xF1, 0x43, 0xAE, 0x31, 0xA4,
    0x42, 0xC1, 0xA1, 0xBB, 0x75, 0x78, 0xAD, 0x3F, 0xD7, 0xBD, 0xD5, 0xF5, 0xC5, 0xE6, 0xC7, 0x4F,
    0xD2, 0x37, 0xC2, 0xFA, 0x52, 0xFB, 0x5E, 0x91, 0x96, 0x10, 0xEF, 0x86, 0xBF, 0x2B, 0x9E, 0x4D,
    0x94, 0xC9, 0x3F, 0x2F, 0x3F, 0xEC, 0xFA, 0x45, 0xFA, 0xAF, 0x55, 0x1F, 0x0A, 0xB0, 0xBF, 0x5D,
    0xEF, 0x68, 0x9D, 0xEB, 0x94, 0x83, 0x7B, 0x6A, 0x37, 0x03, 0x91, 0x2B, 0xC9, 0x4A, 0xDE, 0x75,
    0x21, 0xD6, 0xFB, 0xFF, 0x2D, 0x94, 0x42, 0xBA, 0x3F, 0xB6, 0x5B, 0x3A, 0x9B, 0xFD, 0x8A, 0x46,
    0x2D, 0x13, 0x9E, 0x21, 0x6F, 0x56, 0xF0, 0xE4, 0x07, 0xD9, 0xD2, 0xB0, 0xF0, 0x8B, 0xBD, 0x4E,
    0xB5, 0xCD, 0x68, 0x3A, 0xBF, 0xD0, 0xFC, 0xF8, 0x67, 0x3A, 0xBD, 0xD4, 0xFE, 0xA0, 0xD3, 0xE9,
    0x6E, 0xF8, 0x17, 0xC2, 0x0C, 0x7F, 0x41, 0xAA, 0xF4, 0x5F, 0x27, 0xD4, 0xF1, 0x6D, 0x33, 0x88,
    0xEF, 0x5D, 0x32, 0x6B, 0x92, 0xF0, 0xDB, 0x6E, 0xEE, 0xF5, 0x8F, 0xF0, 0xF9, 0xDF, 0xAB, 0xBD,
    0x30, 0xEA, 0x84, 0xBF, 0x03, 0x46, 0xFA, 0x37, 0xBD, 0xBE, 0x9E, 0x6B, 0x36, 0x7B, 0xD7, 0x37,
    0xB4, 0xAB, 0xC1, 0xD3, 0x24, 0x13, 0x21, 0x9A, 0xE8, 0x11, 0xE3, 0x82, 0x98, 0x33, 0x66, 0x70,
    0x73, 0xA9, 0x93, 0x19, 0x34, 0x4B, 0x66, 0x8F, 0x37, 0xFB, 0xA5, 0x5F, 0xFD, 0xF7, 0xF1, 0x95,
    0x2A, 0xE9, 0xF4, 0x54, 0x90, 0x73, 0x3B, 0x4B, 0xAD, 0xEF, 0xB2, 0x51, 0xD0, 0x1F, 0xE8, 0x2E,
    0x37, 0xE3, 0x57, 0xDE, 0x3A, 0xE4, 0xDB, 0xFD, 0xE7, 0x2B, 0x95, 0xC9, 0xE0, 0x2A, 0xDD, 0x05,
    0x68, 0xED, 0xCC, 0x52, 0xA6, 0xF4, 0x54, 0x01, 0x32, 0x7E, 0xB9, 0xD6, 0x24, 0xC6, 0x6B, 0x58,
    0xE9, 0xF1, 0x3E, 0x9E, 0x0A, 0x40, 0x7D, 0x94, 0x3E, 0x8F, 0xED, 0x82, 0x3F, 0xFA, 0xFF, 0xC3,
    0xA3, 0xFB, 0x78, 0xEA, 0xDF, 0x1A, 0x4D, 0x77, 0x4E, 0xBB, 0xAC, 0x84, 0x34, 0x30, 0x7E, 0x78,
    0xA6, 0x03, 0x78, 0x92, 0xF6, 0x18, 0x23, 0xDF, 0x4D, 0x62, 0x66, 0x31, 0xAD, 0xEC, 0x60, 0xA2,
    0x01, 0x6A, 0x98, 0xEC, 0x43, 0x6C, 0x98, 0xD1, 0x61, 0x62, 0x0E, 0x3C, 0xB7, 0x99, 0xB0, 0x37,
    0xF1, 0xA9, 0x7E, 0xE8, 0xE3, 0x6B, 0xDA, 0xF5, 0xBA, 0x1A, 0xC1, 0xFA, 0x43, 0x95, 0x96, 0xF9,
    0xAE, 0xDC, 0x2C, 0x00, 0x9F, 0x30, 0x00, 0x4E, 0xE2, 0x21, 0x70, 0xDA, 0x22, 0xFA, 0x0D, 0x97,
    0xEA, 0x75, 0x9A, 0x83, 0xDE, 0x2E, 0x57, 0x52, 0x6F, 0xF7, 0xBC, 0xB3, 0xA4, 0x5B, 0xAD, 0xA7,
    0x7F, 0x32, 0x5B, 0xBA, 0x49, 0x77, 0x37, 0xFC, 0x1B, 0xA8, 0xFF, 0x9E, 0xA6, 0x5F, 0x7B, 0xCE,
    0x47, 0x60, 0xFF, 0x88, 0x8C, 0x10, 0x4F, 0x76, 0x38, 0x74, 0xAF, 0x04, 0xEE, 0x6B, 0x8E, 0x23,
    0x3F, 0x72, 0x93, 0x45, 0x92, 0xEF, 0x81, 0xAE, 0xD0, 0xD9, 0x4E, 0xB2, 0x84, 0x29, 0x5D, 0xE9,
    0x34, 0x06, 0x50, 0xFC, 0x84, 0x34, 0xCB, 0x8D, 0xD4, 0x8B, 0x4A, 0x33, 0x8D, 0x43, 0x6F, 0xA1,
    0xED, 0x52, 0xC1, 0x5D, 0xF9, 0xF1, 0xF1, 0x16, 0x54, 0xE7, 0xDE, 0xCE, 0x91, 0x4E, 0x67, 0xBC,
    0x9D, 0xEA, 0x25, 0xF6, 0xCB, 0xEB, 0x61, 0xBA, 0x32, 0x11, 0xD0, 0xEC, 0xF7, 0xEC, 0xB4, 0x51,
    0xCE, 0x18, 0xD7, 0xC1, 0x77, 0x04, 0x8B, 0xB3, 0xC2, 0x5E, 0x32, 0x91, 0x4D, 0x9A, 0x48, 0xD9,
    0xB7, 0x36, 0x8B, 0xE8, 0x8B, 0x14, 0x79, 0xB9, 0x1B, 0xE8, 0x07, 0x61, 0xB4, 0xD0, 0xAF, 0x18,
    0xD4, 0xA9, 0x4D, 0xF4, 0xEB, 0x17, 0x36, 0xC6, 0xF8, 0x3F, 0x45, 0xBC, 0xBE, 0x1F, 0x2D, 0xF4,
    0xE2, 0xBD, 0xE5, 0x6E, 0x75, 0xD4, 0xCD, 0x0F, 0x63, 0xA5, 0x47, 0xFB, 0xC1, 0x6C, 0xD6, 0x02,
    0x9F, 0xEE, 0x62, 0xD8, 0x48, 0xB0, 0x76, 0x60, 0xAF, 0xC1, 0xAF, 0x4C, 0x77, 0x3E, 0x3A, 0xA5,
    0x3A, 0xD5, 0xBA, 0xD5, 0xFB, 0x0B, 0xCD, 0x9A, 0xEF, 0x2F, 0x19, 0xC2, 0xDD, 0x7C, 0x49, 0x22,
    0x85, 0x12, 0x19, 0x04, 0x2A, 0x59, 0xCD, 0x4F, 0x1E, 0x73, 0xB3, 0xC2, 0x02, 0xAF, 0x26, 0xE7,
    0xD9, 0xBE, 0x7C, 0x69, 0x37, 0xA1, 0xEB, 0x69, 0x17, 0xD8, 0x1F, 0xF4, 0xE1, 0x2E, 0xFA, 0xD7,
    0x20, 0x4A, 0x99, 0xBE, 0x72, 0x08, 0x91, 0x28, 0xCB, 0x2A, 0x62, 0x31, 0xFD, 0x39, 0x8B, 0xE6,
    0x10, 0x95, 0x97, 0x42, 0x64, 0x91, 0x78, 0x9A, 0xBD, 0x03, 0x19, 0x6B, 0x31, 0x3D, 0x20, 0x2A,
    0xE3, 0xF7, 0x3E, 0xDA, 0x38, 0x7E, 0x8D, 0x25, 0xC9, 0x17, 0xA2, 0x3C, 0x22, 0xC2, 0xBF, 0x8A,
    0xB2, 0x12, 0xE3, 0x87, 0x0B, 0x1B, 0xE8, 0x23, 0xFB, 0xE9, 0x52, 0xF1, 0x95, 0xA9, 0xFA, 0x66,
    0xEC, 0x61, 0x5C, 0x2B, 0x5F, 0x24, 0x59, 0x48, 0x2B, 0xE9, 0xB1, 0x9E, 0x3E, 0xC4, 0xF5, 0x5D,
    0xB9, 0xDA, 0x6D, 0x06, 0x67, 0xA5, 0x53, 0xBF, 0xB3, 0xFB, 0xD0, 0x5D, 0xEE, 0xF7, 0x3F, 0xFF,
    0x55, 0x92, 0x18, 0x3E, 0x9C, 0xDE, 0x96, 0x99, 0xFA, 0xC7, 0x9E, 0xF7, 0x52, 0xE2, 0x3D, 0x6D,
    0x02, 0x92, 0x69, 0xBD, 0xAB, 0xF2, 0x0F, 0x8F, 0x62, 0x6A, 0xDE, 0x7F, 0xA2, 0x4D, 0x17, 0xF4,
    0x15, 0x3D, 0x24, 0x1C, 0x39, 0xC3, 0x79, 0xCB, 0x98, 0x93, 0x67, 0x61, 0xAF, 0x59, 0xCD, 0xE6,
    0x8D, 0xBC, 0x18, 0x07, 0x61, 0x1B, 0xDE, 0x19, 0x1A, 0x31, 0xCE, 0xDE, 0x37, 0x29, 0xD5, 0x1F,
    0xEF, 0x72, 0x48, 0x6D, 0xD1, 0xEF, 0xF2, 0xFB, 0x85, 0x66, 0x09, 0xB0, 0xEC, 0x4D, 0x8D, 0x27,
    0x00, 0xEB, 0xDF, 0x44, 0xE4, 0xF7, 0x67, 0x3C, 0xBE, 0x07, 0xF4, 0xFE, 0xFD, 0x0E, 0x0C, 0x2A,
    0xC8, 0xFD, 0x82, 0xA7, 0x8D, 0xC8, 0x66, 0x3E, 0xEF, 0x3F, 0xAC, 0x8E, 0xD3, 0x06, 0x8B, 0xA2,
    0x1F, 0x44, 0x24, 0xA1, 0x7B, 0x7F, 0xF8, 0x84, 0xEB, 0x07, 0x79, 0x36, 0xCB, 0xA8, 0xAF, 0xC4,
    0x4C, 0x55, 0xE7, 0xC2, 0x44, 0x57, 0xFD, 0x94, 0x8F, 0xCF, 0x36, 0xF4, 0xE4, 0xFF, 0xFB, 0x4E,
    0x3F, 0xE0, 0x14, 0x6F, 0x05, 0xA8, 0x2E, 0xB7, 0x74, 0xC9, 0xAD, 0xDB, 0xF7, 0x6A, 0xA8, 0x29,
    0x8F, 0x81, 0x2F, 0x67, 0x8F, 0x99, 0xA7, 0xBE, 0xEE, 0x65, 0xE6, 0x13, 0xD8, 0xBF, 0x17, 0x85,
    0x8D, 0x2B, 0xBF, 0xFE, 0xA8, 0x57, 0x5C, 0xDF, 0xFE, 0x73, 0xBD, 0x70, 0xF5, 0x87, 0x82, 0xEA,
    0x4B, 0x04, 0xAA, 0x00, 0xED, 0x75, 0xF1, 0xFD, 0x5A, 0x79, 0x3A, 0xEB, 0xC5, 0x7D, 0xB7, 0xE7,
    0x66, 0xDD, 0xE5, 0x0C, 0xB3, 0x8F, 0xA6, 0x9C, 0x50, 0xE5, 0xFF, 0xD9, 0x9D, 0x86, 0x94, 0xE6,
    0x09, 0x51, 0xDF, 0xFE, 0x83, 0xDD, 0x6C, 0xF3, 0xBF, 0xA8, 0x29, 0xDC, 0xF0, 0xF9, 0x8F, 0xF8,
    0x38, 0x6F, 0x35, 0xBB, 0xB1, 0xF3, 0xF1, 0xED, 0x66, 0xC5, 0xB9, 0xD9, 0x72, 0xBB, 0x19, 0x03,
    0x28, 0x5C, 0x35, 0x43, 0x7A, 0x14, 0x0F, 0x71, 0x70, 0x75, 0x12, 0x45, 0x73, 0x89, 0xE2, 0x8C,
    0xCF, 0xA3, 0xD8, 0x3C, 0x8A, 0x31, 0x42, 0x04, 0xCE, 0xBC, 0xC9, 0xD5, 0xD9, 0x9C, 0xF9, 0xF3,
    0x2D, 0xD1, 0x3D, 0xF5, 0x0C, 0x08, 0x6F, 0x0A, 0xFB, 0xDD, 0x47, 0x95, 0xBE, 0x9B, 0x1A, 0xD5,
    0xB5, 0x7D, 0x45, 0x97, 0x07, 0x46, 0xEC, 0xFF, 0x00, 0xD5, 0x9A, 0x01, 0xC4, 0x26, 0x59, 0x76,
    0xF7, 0x7F, 0x55, 0xB5, 0xD3, 0xF5, 0x99, 0xFA, 0x66, 0x6E, 0x63, 0xD6, 0xE7, 0x9B, 0xD9, 0x99,
    0x0A, 0x82, 0x60, 0xA7, 0x2B, 0x18, 0xAC, 0xE4, 0x9D, 0xBE, 0x95, 0x1D, 0xB2, 0x58, 0xEC, 0x40,
    0xC0, 0x42, 0x10, 0x6C, 0x22, 0xF4, 0x62, 0xC5, 0x84, 0xDE, 0xAE, 0xDA, 0x19, 0x04, 0x41, 0x06,
    0x00, 0x98, 0x05, 0x00, 0x76, 0xC8, 0x60, 0x48, 0x77, 0xD7, 0x9D, 0x5D, 0x2C, 0x22, 0xB6, 0x36,
    0x1B, 0x16, 0x8B, 0xA9, 0xC9, 0x36, 0x11, 0x2B, 0x99, 0x2B, 0x5B, 0x49, 0xAA, 0xED, 0xAD, 0x3A,
    0x79, 0xCE, 0xB9, 0xDE, 0x7E, 0x6C, 0xAF, 0xB1, 0xC2, 0xB6, 0x9E, 0xBE, 0x6F, 0x3F, 0xFF, 0xFF,
    0xF3, 0x3E, 0xEA, 0xDE, 0xFF, 0xFF, 0x9C, 0x53, 0xF7, 0x3C, 0x55, 0xF5, 0x36, 0xDC, 0x85, 0x4A,
    0x7A, 0x6A, 0x19, 0xA9, 0x8D, 0xA1, 0xDC, 0x78, 0x30, 0x8A, 0x1E, 0x9A, 0x00, 0x2E, 0x40, 0x17,
    0xC0, 0x8F, 0x30, 0xF4, 0x20, 0xFA, 0x82, 0x52, 0x74, 0x3A, 0xD4, 0x07, 0xB8, 0x03, 0xDA, 0x1D,
    0xBA, 0x04, 0x3E, 0x9D, 0x38, 0xA2, 0xC3, 0xF5, 0xC0, 0x4B, 0x00, 0x17, 0x50, 0x4C, 0x1B, 0xB4,
    0xB2, 0xC3, 0xF4, 0x9A, 0x50, 0xEE, 0xB5, 0xD0, 0x6C, 0xEE, 0x0E, 0x2E, 0x5E, 0xBB, 0x4A, 0x17,
    0x2F, 0xC0, 0x2F, 0xEF, 0x81, 0xFF, 0x61, 0x84, 0xE1, 0x47, 0x33, 0x0C, 0x3F, 0x0E, 0x30, 0x7C,
    0xCC, 0xD7, 0x19, 0x8E, 0x62, 0xC1, 0xA7, 0x26, 0xD0, 0x89, 0xF4, 0x38, 0xD9, 0x55, 0x7A, 0x81,
    0x46, 0x05, 0x1C, 0xC0, 0xAB, 0xD8, 0x68, 0x64, 0x04, 0x26, 0xD9, 0xF4, 0x00, 0xD9, 0xF5, 0x03,
    0x11, 0x70, 0xD2, 0x0F, 0xBD, 0x3A, 0x6C, 0x47, 0xF5, 0xE8, 0x02, 0xDD, 0x46, 0x63, 0x08, 0x19,
    0x69, 0x37, 0xCE, 0x87, 0x2B, 0xD2, 0x6C, 0x28, 0x46, 0xC3, 0x39, 0x07, 0x94, 0x83, 0xD1, 0x21,
    0x22, 0x51, 0x45, 0x64, 0xA1, 0x3D, 0x61, 0xC0, 0x9F, 0x70, 0x64, 0x10, 0xB5, 0xA8, 0xA3, 0x08,
    0x50, 0xFF, 0x6C, 0x8D, 0x95, 0xC8, 0x6A, 0xAF, 0xB5, 0x9D, 0x9B, 0xD0, 0x04, 0x37, 0xD6, 0xC1,
    0xF5, 0xCA, 0x6E, 0x6C, 0xE7, 0x81, 0x41, 0x0E, 0x26, 0x11, 0xBE, 0x30, 0x4C, 0xFD, 0x55, 0x9E,
    0x41, 0x87, 0x97, 0x03, 0x39, 0xBC, 0xEC, 0x85, 0xA4, 0x5A, 0x66, 0xFC, 0x58, 0xC8, 0xC2, 0x1D,
    0x98, 0xD6, 0x2A, 0x6A, 0x8E, 0xDB, 0x51, 0xB3, 0x7E, 0x0B, 0xA8, 0x65, 0xCD, 0x8E, 0x57, 0xF3,
    0x11, 0xAD, 0xA8, 0xF6, 0xB9, 0xF9, 0x3E, 0x80, 0xC9, 0xFC, 0x49, 0x76, 0x96, 0xA3, 0xF5, 0xAB,
    0x61, 0x54, 0x1C, 0x0C, 0xA7, 0x45, 0x3D, 0x8B, 0xE2, 0x0D, 0x39, 0x72, 0x80, 0xE8, 0x78, 0xBA,
    0x07, 0x95, 0xEB, 0x4E, 0xEC, 0x81, 0x01, 0xD4, 0x09, 0x29, 0xBF, 0x0A, 0xCD, 0xF5, 0x0A, 0xEA,
    0xAB, 0x5E, 0x2C, 0x53, 0x9F, 0x3C, 0x7E, 0x79, 0x5A, 0xF9, 0xD0, 0x34, 0x17, 0xEC, 0x65, 0x6A,
    0x3E, 0xAB, 0xA1, 0x21, 0xC2, 0x15, 0xD9, 0x54, 0x59, 0x03, 0x28, 0x2D, 0x98, 0xFA, 0x60, 0x0A,
    0xB8, 0x4D, 0x5D, 0xB9, 0x95, 0xCF, 0x40, 0x9B, 0x00, 0x9C, 0xDC, 0x33, 0x94, 0x11, 0x34, 0xE9,
    0xF0, 0x82, 0x48, 0xA2, 0x90, 0xAF, 0xCA, 0x41, 0x9D, 0x68, 0x0F, 0x3D, 0xBC, 0xDE, 0xB5, 0xDC,
    0xF9, 0xD7, 0x46, 0xF3, 0x76, 0x7F, 0x98, 0x75, 0xD2, 0x6A, 0x93, 0xB2, 0x54, 0x02, 0x8A, 0x69,
    0xB7, 0x45, 0x4F, 0xF8, 0x19, 0x9D, 0xC4, 0x2D, 0x9D, 0xC4, 0xF4, 0x76, 0xBB, 0x59, 0x56, 0xB5,
    0x14, 0x26, 0xD5, 0x98, 0x6C, 0x3B, 0xDE, 0xC2, 0xCF, 0x82, 0x0F, 0x42, 0xD7, 0xDF, 0x41, 0xC5,
    0xF5, 0xF3, 0x22, 0x67, 0xBE, 0xB9, 0xCF, 0x8D, 0xC5, 0x22, 0x2B, 0xB7, 0x9C, 0x87, 0x6F, 0x52,
    0xC6, 0x42, 0xFE, 0xAD, 0xA3, 0x0A, 0x9D, 0x24, 0x47, 0xD3, 0xCB, 0x78, 0xBB, 0xE9, 0x5D, 0xB9,
    0xF3, 0x46, 0xD3, 0xBF, 0x54, 0x6D, 0xBC, 0x52, 0xF7, 0x2F, 0x37, 0x11, 0x9A, 0xFE, 0xC2, 0xC5,
    0x4C, 0x0B, 0x38, 0x1E, 0x50, 0xE4, 0xED, 0x97, 0x94, 0xCA, 0xF0, 0x32, 0x17, 0xF5, 0x5E, 0x8F,
    0x17, 0xBC, 0x5A, 0x8A, 0xF4, 0x2B, 0x1D, 0x37, 0xEE, 0x97, 0x11, 0xA7, 0xF6, 0x02, 0xB5, 0x2A,
    0x43, 0x71, 0xF4, 0x1A, 0x81, 0xDA, 0x9E, 0x81, 0x52, 0xEE, 0xA3, 0xB4, 0xDD, 0xA2, 0x3D, 0x0E,
    0x86, 0xB7, 0x12, 0x52, 0xA5, 0x32, 0xD5, 0x5B, 0xB5, 0xB9, 0xB5, 0x59, 0xDB, 0xE8, 0xA2, 0x5F,
    0x5C, 0x7C, 0x67, 0x76, 0xF2, 0xCE, 0xBF, 0x37, 0xD2, 0x6D, 0xE5, 0xA6, 0xD5, 0xC9, 0xA3, 0x13,
    0x09, 0x3E, 0xBF, 0x2E, 0x3F, 0xFB, 0xC2, 0xE9, 0xA7, 0xD8, 0x8B, 0x9D, 0x26, 0xD5, 0x89, 0x2E,
    0x76, 0x11, 0x09, 0x12, 0x6A, 0xF9, 0x92, 0xF4, 0xED, 0xDE, 0xEE, 0x74, 0x6B, 0xB7, 0xE2, 0xA3,
    0x8F, 0x19, 0xDA, 0xCD, 0x6D, 0xF9, 0xD8, 0x93, 0xEC, 0x0E, 0x07, 0x87, 0x66, 0xF9, 0x3A, 0x3C,
    0xC7, 0x73, 0x2A, 0xB0, 0x79, 0x91, 0xD5, 0xE7, 0xF3, 0x7A, 0x81, 0x7A, 0x3E, 0x37, 0x25, 0x8D,
    0xAC, 0xA5, 0x93, 0xE8, 0x65, 0x19, 0x24, 0x68, 0x31, 0x0B, 0x91, 0xA5, 0xBE, 0x57, 0x6E, 0x0E,
    0x2E, 0x2E, 0xBA, 0xE3, 0xA5, 0x37, 0xDA, 0xF6, 0xD9, 0x77, 0xAF, 0x5D, 0x7B, 0x36, 0xFA, 0xF5,
    0xD9, 0x78, 0xF3, 0xFD, 0x17, 0xE3, 0xFB, 0xEF, 0x5F, 0xFC, 0xC7, 0x76, 0xF3, 0x8D, 0x37, 0x28,
    0xA2, 0xEF, 0xDB, 0xE0, 0x44, 0x28, 0xA6, 0x7B, 0x78, 0x59, 0x07, 0x89, 0xE5, 0x81, 0x93, 0x70,
    0xBD, 0x9E, 0xDF, 0x28, 0x96, 0xF7, 0x8A, 0x25, 0x16, 0xCB, 0x5A, 0xCD, 0xB7, 0x9B, 0xE0, 0x25,
    0xF7, 0x82, 0x2B, 0x3D, 0xD0, 0x2A, 0x74, 0x00, 0x5E, 0xE1, 0x3A, 0x56, 0x47, 0xEB, 0x04, 0x19,
    0x6A, 0x91, 0x03, 0xCA, 0x08, 0x54, 0x06, 0x0B, 0xE6, 0x3B, 0x1B, 0xB7, 0x50, 0x06, 0x91, 0x85,
    0xC9, 0x4A, 0xD0, 0xDD, 0x2B, 0x24, 0x55, 0x72, 0x34, 0x6F, 0x1E, 0x4F, 0x17, 0x89, 0x72, 0xA5,
    0x99, 0xB9, 0x4E, 0xB1, 0xD0, 0x48, 0xCA, 0xB6, 0xE8, 0xA2, 0x1E, 0xF3, 0x66, 0x2A, 0x8B, 0x4D,
    0x17, 0x1A, 0x22, 0x5F, 0xDD, 0xA8, 0xB6, 0xAB, 0xD5, 0xFA, 0xBE, 0x8B, 0x93, 0x84, 0xEE, 0x3E,
    0xFC, 0xD9, 0x58, 0xC8, 0x58, 0xED, 0x34, 0x91, 0x76, 0xB4, 0x76, 0x58, 0x48, 0x68, 0x37, 0x4A,
    0xE9, 0xBB, 0x95, 0x4A, 0xF0, 0x51, 0x71, 0x88, 0xB6, 0x75, 0x16, 0x9A, 0x84, 0x04, 0x5C, 0x2A,
    0x14, 0xB7, 0x52, 0x46, 0xBA, 0x55, 0x1B, 0x87, 0x8F, 0xB5, 0x80, 0x5F, 0x9E, 0x39, 0x60, 0x98,
    0x5F, 0xD6, 0x76, 0x1D, 0xFE, 0x22, 0x7D, 0x06, 0xF9, 0xE1, 0xCF, 0xD3, 0x35, 0x44, 0x7E, 0x2C,
    0xA9, 0x14, 0xF9, 0x6B, 0x59, 0x2A, 0x91, 0x46, 0xFA, 0xEA, 0x67, 0x5B, 0xBD, 0xAA, 0xA9, 0x73,
    0x8F, 0xCC, 0x18, 0x14, 0x3B, 0x43, 0x7F, 0x46, 0x6E, 0x8D, 0x97, 0x67, 0x8E, 0x8C, 0xE5, 0x09,
    0x8E, 0xDE, 0x89, 0xBC, 0x35, 0xEB, 0x07, 0x5F, 0xB2, 0x16, 0xDA, 0x04, 0xCD, 0x8E, 0x1B, 0x99,
    0x64, 0x77, 0x9C, 0x30, 0xB5, 0x86, 0xD7, 0x60, 0x90, 0xED, 0x55, 0xB4, 0x54, 0x37, 0xA1, 0x91,
    0x78, 0x1B, 0x28, 0x97, 0x15, 0xA8, 0xE6, 0xA8, 0xF8, 0x81, 0x62, 0xFD, 0xDD, 0x45, 0xAD, 0x9C,
    0x96, 0x04, 0x77, 0x5A, 0x12, 0xDA, 0x46, 0x35, 0xAF, 0x59, 0xEF, 0x7E, 0xD5, 0x59, 0x03, 0x6F,
    0x15, 0x6F, 0x5A, 0xE9, 0xB6, 0x0B, 0xC5, 0x78, 0x13, 0x28, 0xE2, 0xFB, 0x8A, 0xAF, 0xBF, 0x6E,
    0x5D, 0xBF, 0xDB, 0x7C, 0x1A, 0x36, 0x1F, 0xBB, 0x91, 0xA7, 0xE0, 0x65, 0x78, 0x8F, 0x72, 0xA7,
    0x12, 0xF0, 0x5C, 0x6D, 0xB9, 0x78, 0x95, 0x6E, 0x81, 0x66, 0x61, 0x9A, 0x1B, 0x09, 0x4F, 0xFB,
    0x11, 0xDF, 0x33, 0x81, 0xC0, 0x81, 0x56, 0x32, 0x69, 0xC7, 0xF0, 0x02, 0x85, 0x8C, 0xB4, 0xB2,
    0xDA, 0xEE, 0x3A, 0xCA, 0x54, 0xEE, 0x65, 0xD2, 0x3D, 0x56, 0x6D, 0xD5, 0xE9, 0xA5, 0x3F, 0x4D,
    0xAC, 0x52, 0x37, 0x17, 0x22, 0xBD, 0x75, 0x67, 0x1B, 0xB9, 0xDB, 0x4D, 0x22, 0x88, 0x08, 0x79,
    0xBC, 0xAC, 0x36, 0x06, 0x06, 0xF0, 0xA3, 0x0F, 0x74, 0x73, 0xB7, 0xD0, 0xC6, 0x76, 0xC5, 0x25,
    0x97, 0x68, 0xF6, 0x46, 0xB7, 0x5D, 0x93, 0xE8, 0x52, 0x9B, 0x18, 0xD6, 0x61, 0x2D, 0xE4, 0x03,
    0x09, 0xF5, 0x51, 0x69, 0xD3, 0x73, 0x1B, 0x7E, 0xF6, 0x33, 0x1D, 0x1D, 0xFC, 0x9F, 0xD3, 0x0F,
    0xD4, 0xD1, 0xBA, 0xFA, 0x10, 0xE1, 0x2E, 0xB5, 0xCC, 0xDA, 0x94, 0xCB, 0x1B, 0xB9, 0x57, 0xF8,
    0x40, 0x1B, 0x54, 0x28, 0xF7, 0xFC, 0x9E, 0x04, 0x4C, 0xF9, 0x8C, 0x3E, 0xAC, 0xBC, 0xC5, 0xAE,
    0x93, 0xB9, 0xB2, 0x73, 0xC7, 0x2A, 0xFA, 0xE6, 0x5A, 0x1C, 0x68, 0x33, 0x6F, 0x76, 0xEB, 0x85,
    0x5D, 0xB2, 0xF6, 0xFD, 0xB7, 0x4A, 0xA9, 0xFA, 0xBE, 0xF5, 0x7A, 0xD7, 0x44, 0x70, 0xB9, 0x61,
    0x78, 0x4E, 0x04, 0x09, 0x15, 0x2A, 0x57, 0x93, 0x6C, 0x66, 0x8A, 0x69, 0xD1, 0x75, 0x2B, 0x89,
    0xBF, 0x79, 0x83, 0xCD, 0x6E, 0x06, 0xBD, 0xF4, 0x6A, 0x50, 0x4D, 0x70, 0xAB, 0x58, 0x86, 0x13,
    0xA5, 0x72, 0xF4, 0x3D, 0x95, 0x09, 0xE9, 0xE4, 0x42, 0xFD, 0x40, 0x33, 0x9A, 0xC1, 0x9B, 0xA8,
    0xC1, 0x52, 0x44, 0x0D, 0x3A, 0xB1, 0x75, 0x9D, 0xA8, 0xF3, 0xD5, 0x8E, 0xD6, 0xB7, 0x9E, 0xEA,
    0x83, 0x1D, 0x12, 0x25, 0x89, 0x6A, 0x85, 0x72, 0xD6, 0xA3, 0xF1, 0xD1, 0x5C, 0xFC, 0xBF, 0xA4,
    0x2B, 0x53, 0xA6, 0x62, 0x03, 0xAA, 0xA4, 0x21, 0x7C, 0xB3, 0x59, 0x35, 0x84, 0x41, 0x66, 0xAF,
    0x06, 0x77, 0x12, 0x62, 0x5D, 0xA3, 0x52, 0x72, 0xC1, 0x1D, 0x80, 0xEF, 0xFF, 0x52, 0x5D, 0xDF,
    0x29, 0x7E, 0x9A, 0xD4, 0x45, 0xFD, 0xDA, 0x06, 0xCD, 0xD2, 0x8A, 0x04, 0xCD, 0xB1, 0x48, 0xCF,
    0x2D, 0x70, 0x0B, 0x85, 0xDA, 0x99, 0x2D, 0x84, 0x61, 0x55, 0x53, 0xA5, 0x6C, 0x26, 0x08, 0xCD,
    0xE5, 0x25, 0x9A, 0x72, 0x02, 0xD5, 0xCE, 0x23, 0x37, 0x51, 0x3D, 0xC5, 0x87, 0xBE, 0x10, 0xC1,
    0x89, 0xD0, 0xC9, 0x81, 0xBF, 0x0F, 0xC3, 0x02, 0x43, 0x78, 0xF0, 0x7A, 0xCE, 0x2F, 0xDC, 0x6D,
    0xB7, 0x5A, 0x1A, 0x91, 0xA3, 0x10, 0x49, 0xBC, 0x20, 0x6F, 0xAB, 0x80, 0x60, 0x43, 0x7A, 0x23,
    0x3F, 0x72, 0xDE, 0xFF, 0xD4, 0x4A, 0x0F, 0x8F, 0x61, 0x33, 0x92, 0xA4, 0x58, 0x66, 0xAA, 0x33,
    0xB9, 0x1F, 0x18, 0x75, 0x5F, 0x31, 0xF2, 0x6E, 0x57, 0xDA, 0x8D, 0x8A, 0xAD, 0x51, 0xAA, 0x62,
    0x73, 0x58, 0xAF, 0x31, 0x6A, 0x43, 0xAD, 0xE4, 0xA9, 0x25, 0x5F, 0xE7, 0x28, 0x89, 0x51, 0x95,
    0xA9, 0xB6, 0xB6, 0x87, 0x9B, 0x4F, 0xD4, 0x6B, 0xA4, 0x4A, 0x03, 0x46, 0xBB, 0xD2, 0xD8, 0xCA,
    0xCC, 0x0D, 0xD9, 0xFC, 0x89, 0x24, 0xBB, 0xC0, 0x65, 0xEA, 0x56, 0xA3, 0x61, 0x34, 0xDA, 0xC1,
    0xF4, 0x9F, 0xC4, 0x88, 0xCA, 0x23, 0xC7, 0x25, 0x46, 0x3E, 0xD7, 0xEA, 0x68, 0x83, 0xCA, 0xAF,
    0xF5, 0xFC, 0x04, 0x46, 0xD4, 0xF6, 0xAB, 0xF9, 0xFC, 0xE7, 0xA8, 0x24, 0x32, 0x5B, 0x03, 0x17,
    0x8B, 0x68, 0xBE, 0xFE, 0x24, 0xD6, 0x28, 0x55, 0xD1, 0x2A, 0xE5, 0xAC, 0x41, 0xEC, 0x6E, 0x35,
    0xF9, 0x7A, 0x79, 0x12, 0x4F, 0xB7, 0x6C, 0xB0, 0x79, 0xC6, 0xE8, 0xFF, 0x5E, 0xC9, 0xF4, 0xB4,
    0xD1, 0xB3, 0x2F, 0x1A, 0x95, 0xEB, 0x93, 0x58, 0xA3, 0x41, 0x74, 0xF0, 0xD0, 0xDB, 0x5A, 0xDF,
    0x1D, 0xF9, 0xED, 0x2F, 0x04, 0xEE, 0x60, 0x8E, 0x7F, 0x72, 0xC0, 0x6D, 0xCC, 0xEE, 0x57, 0x76,
    0x78, 0x8E, 0xBC, 0xE9, 0x12, 0x79, 0x54, 0x5B, 0x77, 0xF9, 0xB6, 0x89, 0x7E, 0x23, 0x8F, 0x2E,
    0xF8, 0x95, 0x3C, 0x06, 0x86, 0xBC, 0x2C, 0x45, 0xD2, 0x08, 0x76, 0x13, 0x58, 0x91, 0x6C, 0x06,
    0x27, 0x22, 0x81, 0x2C, 0x70, 0x7E, 0xAB, 0x5E, 0xC6, 0x2C, 0x90, 0x2C, 0xC0, 0x2C, 0x60, 0x79,
    0x78, 0xCA, 0x04, 0x70, 0x07, 0x0C, 0xD8, 0xCB, 0xED, 0x14, 0x07, 0x14, 0x3B, 0xB4, 0x79, 0xDD,
    0x4E, 0x42, 0xA9, 0x6B, 0x6C, 0x1A, 0x62, 0xB0, 0xD0, 0x22, 0x79, 0x5C, 0x00, 0x16, 0xD2, 0x95,
    0xE9, 0xC8, 0x37, 0x40, 0x1B, 0x8D, 0x88, 0xAC, 0xF8, 0xA3, 0x6F, 0x22, 0x12, 0xED, 0xBB, 0x6B,
    0xD4, 0x52, 0x08, 0x54, 0x8B, 0x4B, 0xF0, 0xC9, 0x77, 0x9C, 0x19, 0xA7, 0x33, 0xDA, 0x27, 0x2D,
    0xC3, 0x0A, 0x1E, 0xBF, 0x69, 0x22, 0x3B, 0xBB, 0x96, 0x72, 0x32, 0xD7, 0x1B, 0x95, 0x49, 0x31,
    0x99, 0xA1, 0x2B, 0x72, 0xBF, 0x07, 0xDE, 0x05, 0x28, 0x6D, 0x72, 0xB3, 0x2B, 0x5E, 0x39, 0x14,
    0x79, 0x55, 0xE1, 0x8F, 0x6F, 0x2A, 0x0E, 0x33, 0x98, 0x44, 0x30, 0xF2, 0xB3, 0x91, 0x5B, 0xCE,
    0xED, 0x1C, 0x8A, 0xC8, 0xC3, 0x23, 0x47, 0x9E, 0x69, 0x31, 0x55, 0x99, 0xCD, 0xA7, 0x0B, 0x20,
    0x4B, 0xA6, 0xC0, 0x53, 0x3D, 0x65, 0x4E, 0xBD, 0x06, 0x6E, 0xD4, 0xE7, 0xE9, 0x98, 0x29, 0x9B,
    0x76, 0x59, 0xAA, 0x36, 0x53, 0xAE, 0xBB, 0x45, 0xA8, 0xB4, 0x72, 0xCE, 0x06, 0xD3, 0x42, 0xF1,
    0x3A, 0xC8, 0xAC, 0x35, 0x2B, 0x44, 0xAF, 0xF2, 0xD0, 0x7A, 0xE8, 0x3B, 0xA5, 0x9E, 0x49, 0x09,
    0xB2, 0x16, 0xE7, 0xC8, 0x69, 0x17, 0x23, 0xDF, 0x1B, 0x6D, 0x4F, 0x64, 0x44, 0x53, 0x56, 0x34,
    0x7D, 0x2D, 0xBB, 0x92, 0xFF, 0xAB, 0xA8, 0xB4, 0x97, 0xEB, 0x13, 0x18, 0x91, 0x27, 0xD9, 0x94,
    0xB7, 0x0E, 0x25, 0x79, 0x6D, 0x57, 0xBA, 0x55, 0x6C, 0x4F, 0x5E, 0x28, 0x26, 0x64, 0xF5, 0xE9,
    0x82, 0x4A, 0x29, 0x54, 0xCB, 0x43, 0x31, 0x04, 0xB5, 0x30, 0x9A, 0x71, 0x5B, 0xDC, 0x96, 0x36,
    0xE7, 0xE6, 0xDB, 0x5C, 0x9B, 0xE7, 0xEC, 0xD8, 0x5A, 0xB5, 0x35, 0xF1, 0x36, 0x61, 0x4E, 0xB3,
    0xCF, 0xDC, 0x27, 0x86, 0x5F, 0x5A, 0xA4, 0x78, 0xB0, 0x48, 0x27, 0xD6, 0x7D, 0x52, 0x16, 0xB5,
    0x25, 0x6C, 0x8E, 0x2A, 0xDD, 0x05, 0x8A, 0xF5, 0x71, 0xBB, 0x2A, 0xC4, 0x84, 0x7B, 0x68, 0x25,
    0xC0, 0xE0, 0xF4, 0xD6, 0xA5, 0x5A, 0x1E, 0xB3, 0xAB, 0x3B, 0xE5, 0x4A, 0x21, 0x75, 0x3A, 0x41,
    0x93, 0xEC, 0x82, 0xE3, 0xB1, 0x1A, 0x52, 0x49, 0x79, 0x3B, 0xD3, 0x0E, 0xF9, 0xD1, 0xA9, 0xAA,
    0x37, 0x92, 0xCF, 0x79, 0x59, 0x4C, 0x7C, 0x88, 0x36, 0xDD, 0x47, 0x33, 0xE0, 0x57, 0xB5, 0xA0,
    0x54, 0x0B, 0x4A, 0x22, 0x72, 0xA2, 0x42, 0x69, 0x88, 0xA5, 0xC8, 0xA1, 0xFE, 0xD5, 0x91, 0x2C,
    0x6A, 0xA7, 0x90, 0x39, 0xCF, 0xB1, 0x85, 0x1A, 0xE9, 0xD5, 0x54, 0x77, 0x98, 0xAD, 0x69, 0xD3,
    0x95, 0x1B, 0x59, 0x28, 0xC5, 0xC4, 0x3B, 0x91, 0x6C, 0x4F, 0x8E, 0x1E, 0x1B, 0x77, 0xAA, 0xA0,
    0x54, 0xCA, 0x97, 0x8D, 0x2B, 0xB3, 0x08, 0xCD, 0xF7, 0x0F, 0x25, 0x5C, 0xBF, 0xF1, 0xAB, 0xA3,
    0x91, 0x1D, 0x27, 0xAA, 0x76, 0xE0, 0xF2, 0x76, 0x86, 0xC4, 0x99, 0x0F, 0xE9, 0xAD, 0x05, 0xDC,
    0x97, 0xB1, 0x8C, 0x50, 0xFC, 0xA7, 0x04, 0x2D, 0x46, 0x15, 0x4F, 0xBC, 0x9C, 0x78, 0x91, 0x50,
    0xCF, 0x50, 0xCF, 0xD3, 0xDC, 0x04, 0x68, 0xC2, 0xB0, 0xE4, 0x87, 0xA3, 0x3E, 0xB6, 0x3D, 0xB8,
    0xD1, 0xC7, 0x0E, 0xE8, 0xFA, 0x6E, 0xF5, 0x80, 0xA7, 0xDD, 0xAE, 0x03, 0xD7, 0x71, 0xE9, 0x0E,
    0xF0, 0xCD, 0x13, 0xAB, 0xCC, 0x6D, 0xDC, 0xAE, 0x32, 0x89, 0x46, 0x56, 0x28, 0x36, 0x6A, 0x89,
    0x50, 0xAE, 0x54, 0xCA, 0x9D, 0xF4, 0x55, 0x76, 0xD7, 0x5F, 0x36, 0x95, 0xFD, 0x7C, 0xB7, 0xC0,
    0x64, 0xE8, 0xC9, 0x71, 0xFE, 0x4A, 0x88, 0xF7, 0x2E, 0x1F, 0x6C, 0x3A, 0x6B, 0x59, 0x7E, 0x67,
    0x5A, 0x91, 0x85, 0x36, 0x69, 0x99, 0xDC, 0xDE, 0x08, 0x34, 0x87, 0xDB, 0xA1, 0x3E, 0xBA, 0x74,
    0x42, 0xF1, 0xAB, 0x61, 0xD4, 0xCF, 0x87, 0x08, 0xEE, 0x98, 0x16, 0x70, 0xBB, 0x62, 0x9B, 0x14,
    0xFD, 0xA6, 0x38, 0xAC, 0xC3, 0x09, 0x65, 0xF1, 0x91, 0x52, 0x82, 0xDF, 0xB4, 0x6A, 0xEE, 0x60,
    0xD8, 0xA9, 0xAD, 0x49, 0x66, 0xD9, 0xFC, 0x70, 0xF5, 0x7C, 0x81, 0xA1, 0x73, 0x40, 0xCE, 0xD7,
    0x9F, 0xF5, 0xFC, 0xE9, 0xF5, 0x5C, 0x27, 0xC5, 0x76, 0x37, 0xE3, 0xA2, 0x96, 0x93, 0x57, 0x87,
    0x8B, 0x1B, 0x3F, 0xB5, 0x9E, 0xAF, 0x97, 0x0B, 0x20, 0xDF, 0x9B, 0xA1, 0x14, 0xEB, 0x07, 0xFF,
    0x28, 0xEA, 0x30, 0xDC, 0xF9, 0xD4, 0xE6, 0xB9, 0x5C, 0x9B, 0x59, 0x93, 0xDD, 0xEA, 0xBA, 0x5B,
    0xB7, 0x40, 0x15, 0x3F, 0xB5, 0x19, 0xBE, 0xCA, 0x55, 0x36, 0xDE, 0x27, 0x95, 0x89, 0xBB, 0x6E,
    0xC5, 0x4F, 0x21, 0x3F, 0xB2, 0xD9, 0xC0, 0xEB, 0xB1, 0x1B, 0xCD, 0xB6, 0xD3, 0x2D, 0x03, 0xBE,
    0xF7, 0xFD, 0xE7, 0x78, 0x91, 0x3C, 0xF4, 0x49, 0x8C, 0x8B, 0xE8, 0x9A, 0x87, 0xB7, 0x16, 0x2B,
    0x72, 0x00, 0xB2, 0x95, 0xB2, 0x71, 0xD9, 0xFA, 0xD0, 0x30, 0xA6, 0x55, 0x0D, 0x62, 0x9F, 0xFB,
    0x0D, 0x27, 0xC9, 0x3A, 0xB5, 0x7F, 0x27, 0x59, 0xB3, 0xDE, 0xAD, 0x6F, 0xCE, 0xF5, 0x6A, 0x1C,
    0xDA, 0xD0, 0x59, 0x87, 0x9C, 0xF0, 0xEB, 0x89, 0xBF, 0xBB, 0x65, 0x1F, 0x7F, 0xB3, 0x30, 0x29,
    0x4B, 0x8F, 0xCC, 0x27, 0xDE, 0x73, 0x67, 0xB7, 0xCB, 0x97, 0xDE, 0xD6, 0xB1, 0x13, 0x5B, 0xEE,
    0x17, 0xB2, 0xAA, 0x7C, 0xBE, 0x28, 0x69, 0xFF, 0x25, 0xBB, 0x1A, 0xC6, 0x1B, 0xDA, 0xF5, 0x7F,
    0xDD, 0xA3, 0xA3, 0xCA, 0xE8, 0x3C, 0x6C, 0xA1, 0xB9, 0x96, 0x54, 0x8B, 0x8C, 0xB5, 0xAC, 0x0C,
    0x2B, 0x0C, 0xE6, 0x9E, 0x5B, 0x26, 0xCA, 0x6D, 0x50, 0x21, 0xB3, 0x0E, 0x9B, 0xB9, 0x2A, 0x56,
    0xF2, 0x1D, 0xC9, 0x89, 0xB4, 0xB1, 0x52, 0x8B, 0x75, 0x86, 0xE6, 0x80, 0x26, 0xE0, 0x76, 0x13,
    0xD4, 0x70, 0xF3, 0xDF, 0x06, 0xE9, 0x2C, 0x31, 0xF8, 0x4C, 0x77, 0xC1, 0x27, 0x8A, 0x64, 0xCD,
    0xB2, 0xDD, 0xF2, 0x35, 0x95, 0xE5, 0x52, 0x54, 0xA3, 0xB4, 0x90, 0xAC, 0x00, 0xF0, 0xEB, 0x1F,
    0x1D, 0x3D, 0x89, 0x11, 0x95, 0x87, 0x51, 0xF3, 0xC9, 0x8F, 0x8E, 0x9E, 0xB4, 0x88, 0x6E, 0x7F,
    0xF2, 0x83, 0x96, 0x27, 0x2D, 0x14, 0x55, 0x3E, 0x6F, 0xA4, 0x7A, 0x33, 0x72, 0xB3, 0xD1, 0x75,
    0x1E, 0x1E, 0x5E, 0x76, 0xBC, 0x04, 0x2F, 0x89, 0x41, 0x46, 0x6D, 0x0B, 0x8D, 0x6E, 0xEB, 0x60,
    0x33, 0x4E, 0xE4, 0x6D, 0xF3, 0xAA, 0x09, 0xBD, 0x92, 0xCA, 0x57, 0x72, 0x96, 0x96, 0x6E, 0xB3,
    0x7A, 0xBB, 0xE4, 0x51, 0xDA, 0x93, 0xA9, 0x49, 0xCC, 0x69, 0x9A, 0x3F, 0xF9, 0x76, 0xE4, 0x20,
    0x4F, 0x50, 0xB4, 0xA8, 0x79, 0xE8, 0x76, 0xA4, 0x16, 0x9B, 0xE7, 0x8C, 0x2C, 0xCE, 0x60, 0x1F,
    0xF6, 0xBF, 0xFC, 0x77, 0x69, 0x44, 0x8E, 0xDC, 0xA4, 0xF3, 0xA5, 0xDA, 0xA6, 0x7A, 0x43, 0x52,
    0x39, 0xB7, 0xAB, 0x5A, 0xB3, 0xD3, 0x1C, 0x8A, 0x4E, 0xFF, 0xA9, 0x94, 0x4B, 0xAA, 0xD4, 0x26,
    0x15, 0xF2, 0xAB, 0x5D, 0x21, 0x2E, 0x0C, 0x96, 0x47, 0x6B, 0x8F, 0x8A, 0x6F, 0x5B, 0xF4, 0x50,
    0x1A, 0x7A, 0xB9, 0xC7, 0xF9, 0xBE, 0x02, 0xAE, 0xD8, 0xEF, 0xE8, 0xA4, 0x9C, 0x64, 0x33, 0x47,
    0x7D, 0x14, 0xC6, 0x6E, 0x63, 0x50, 0xEE, 0x22, 0x5E, 0xD9, 0xC7, 0xBC, 0xDD, 0x87, 0x85, 0xC3,
    0x1C, 0xCF, 0xE5, 0x6A, 0x1C, 0x5C, 0xC8, 0xEC, 0xC9, 0x25, 0x3B, 0x94, 0x0A, 0xF9, 0x96, 0x64,
    0xFE, 0x03, 0x19, 0x6D, 0x79, 0x35, 0x08, 0x95, 0x20, 0x29, 0xF3, 0x74, 0x28, 0x1F, 0x74, 0xA2,
    0xB2, 0x1A, 0xE7, 0x08, 0x4D, 0xA2, 0xC8, 0x0C, 0xD3, 0xA8, 0x36, 0x6E, 0x31, 0xF4, 0xE0, 0xD6,
    0x89, 0x09, 0x68, 0xE3, 0xF4, 0xAD, 0xDD, 0x78, 0x10, 0xD5, 0xEF, 0x96, 0x46, 0x7A, 0x30, 0x8F,
    0xE7, 0x2E, 0xFB, 0x12, 0x43, 0xFE, 0x8D, 0xC3, 0x78, 0x78, 0x33, 0x65, 0x96, 0x68, 0xEC, 0x25,
    0x18, 0x37, 0xF7, 0x8D, 0xD0, 0xF5, 0x0D, 0x37, 0xC5, 0x2A, 0x1F, 0x9C, 0xF1, 0x96, 0xE1, 0xFF,
    0xE7, 0xC1, 0xB8, 0x31, 0xFB, 0x91, 0x4A, 0xA2, 0xF4, 0xB4, 0xB2, 0x0B, 0x0C, 0x5B, 0x7B, 0x80,
    0x2C, 0xF5, 0xAE, 0x65, 0x73, 0x89, 0x5A, 0x74, 0x21, 0xB7, 0xD3, 0xAD, 0x56, 0xA1, 0xA8, 0x15,
    0x9A, 0x4E, 0x18, 0x8B, 0x8F, 0x67, 0x86, 0xA5, 0x1A, 0xC2, 0x09, 0x9D, 0xE1, 0xE7, 0xA7, 0x2F,
    0x86, 0xE1, 0xFE, 0x2A, 0xDF, 0x19, 0xBD, 0x7C, 0x24, 0x9A, 0x8C, 0x37, 0x25, 0x52, 0x6F, 0xC5,
    0xD1, 0xA3, 0xE3, 0xB3, 0xAF, 0x9F, 0x6F, 0x67, 0x65, 0x7C, 0x70, 0x0D, 0x5B, 0x47, 0xB3, 0x1B,
    0x1E, 0xA7, 0x37, 0x17, 0xCF, 0x37, 0xDC, 0xB9, 0xA6, 0x9B, 0xA2, 0x9B, 0x35, 0x65, 0xCF, 0xF3,
    0xFC, 0xE3, 0x71, 0xF5, 0x7E, 0x6D, 0x9D, 0xC4, 0x8D, 0xB6, 0xD1, 0xD4, 0xCF, 0x87, 0x07, 0xD0,
    0x56, 0xC9, 0x52, 0xF5, 0xFA, 0x63, 0x71, 0x55, 0xCF, 0xED, 0x89, 0xDA, 0x68, 0x97, 0x2F, 0x71,
    0x08, 0xD0, 0x2E, 0xC3, 0x08, 0x4F, 0xF5, 0x9F, 0x45, 0xC7, 0x63, 0xAA, 0x60, 0x3B, 0x2A, 0xBE,
    0xF2, 0xAE, 0xE2, 0xB7, 0x5F, 0x51, 0x5C, 0x0C, 0xBF, 0xFD, 0x75, 0xC5, 0xDF, 0x9B, 0xAD, 0x4D,
    0x3C, 0x1E, 0x6F, 0x37, 0x96, 0x5B, 0xF5, 0x0E, 0x95, 0x6C, 0xFB, 0x60, 0x7A, 0x72, 0x88, 0x04,
    0x55, 0x94, 0x65, 0x08, 0xAA, 0x29, 0xBD, 0x0F, 0xAA, 0xBA, 0xE3, 0x83, 0xEA, 0x26, 0xA6, 0xA0,
    0xCA, 0xDB, 0x0B, 0xD2, 0xAB, 0xB6, 0xC8, 0x7D, 0x53, 0x97, 0x7F, 0x45, 0x8D, 0x7C, 0xBC, 0xDA,
    0x3E, 0xAA, 0xDE, 0x89, 0xCA, 0x4B, 0xD3, 0xAE, 0x3C, 0x73, 0xE2, 0xCF, 0xB5, 0x1B, 0x17, 0x0C,
    0xF1, 0x3D, 0xB7, 0x17, 0x11, 0x2F, 0x4B, 0x23, 0x32, 0xD3, 0xC9, 0x68, 0xB7, 0xC2, 0xF5, 0x7D,
    0x18, 0xEE, 0x41, 0xFE, 0xB3, 0xAD, 0x24, 0x44, 0x8E, 0x4A, 0x5E, 0x93, 0x26, 0x71, 0xB4, 0x2B,
    0xB7, 0x7D, 0xE4, 0xAA, 0x5F, 0x60, 0x9A, 0x61, 0x0A, 0x20, 0xF9, 0x75, 0x55, 0x02, 0xEF, 0x4E,
    0x73, 0xB1, 0x0C, 0x6B, 0x13, 0xBC, 0x08, 0xAD, 0x24, 0x4A, 0x79, 0x1B, 0x2E, 0x80, 0x08, 0xD5,
    0x06, 0xCD, 0xA1, 0xCB, 0x02, 0x1E, 0xBE, 0xFE, 0x2A, 0xDC, 0xD9, 0xE0, 0xF9, 0xFE, 0xB2, 0x09,
    0x35, 0xE9, 0x41, 0x23, 0xDA, 0x1F, 0x7C, 0xDD, 0x3D, 0x4D, 0x1E, 0x66, 0xC7, 0xFC, 0xA8, 0x21,
    0x2A, 0xF9, 0xA2, 0xC5, 0x2F, 0xB4, 0x2B, 0x82, 0x8F, 0xE5, 0x09, 0x96, 0x76, 0x67, 0xFA, 0x99,
    0xDC, 0x63, 0x3A, 0xBD, 0x90, 0x7F, 0xC2, 0x9C, 0x19, 0x7C, 0x03, 0x99, 0x89, 0xA8, 0x39, 0xBC,
    0xE4, 0x6A, 0xA2, 0xFE, 0xCE, 0x1D, 0x67, 0x88, 0xF9, 0xD0, 0x7C, 0x7D, 0x54, 0xAF, 0x97, 0xCD,
    0xE6, 0xF9, 0x47, 0xEF, 0x80, 0x26, 0x5E, 0x7E, 0x7F, 0x4A, 0xD2, 0x1C, 0xEC, 0xE0, 0x16, 0xAF,
    0xC9, 0x79, 0xFE, 0x91, 0x8B, 0x5F, 0x99, 0x9B, 0x11, 0xA7, 0xFB, 0xB4, 0x8D, 0x43, 0x50, 0xDD,
    0x40, 0xD1, 0x3F, 0x85, 0x8E, 0x47, 0x2E, 0xDE, 0xE9, 0xC2, 0x11, 0x9A, 0x35, 0x9F, 0x21, 0x24,
    0xE0, 0x77, 0x78, 0x70, 0x47, 0x3D, 0xA8, 0xDC, 0x81, 0x93, 0xC4, 0x75, 0x97, 0xF8, 0xAD, 0x6E,
    0x05, 0x1F, 0x61, 0xB0, 0x33, 0xD0, 0x96, 0x2F, 0x24, 0xFF, 0xA1, 0xA7, 0xB2, 0x7B, 0xBA, 0x06,
    0x77, 0xDC, 0xC5, 0xC9, 0x4A, 0x2B, 0x23, 0x6E, 0xCB, 0xF5, 0xED, 0xB3, 0x13, 0x3B, 0x86, 0x7A,
    0xBB, 0xBC, 0xA4, 0xF2, 0xFD, 0x59, 0xCD, 0xF4, 0x4C, 0xD0, 0x14, 0x4D, 0xD2, 0x34, 0x4D, 0xD4,
    0x54, 0x4D, 0xD6, 0x74, 0x6D, 0x35, 0x53, 0x56, 0x69, 0x05, 0xB2, 0xB8, 0xA9, 0x9B, 0xBC, 0xE9,
    0x5F, 0x1A, 0xE8, 0xF2, 0x93, 0xDF, 0x52, 0x22, 0xCD, 0xCF, 0x37, 0xBA, 0x31, 0xF1, 0xA7, 0x7C,
    0xED, 0x37, 0x1A, 0x65, 0x33, 0x5E, 0x03, 0x3F, 0x4B, 0x4F, 0x86, 0x20, 0xF0, 0x14, 0xCF, 0x01,
    0x3C, 0xFA, 0x00, 0xAF, 0xF7, 0x65, 0xAF, 0x8D, 0x2A, 0xD0, 0xC9, 0x04, 0xC5, 0x64, 0x0B, 0x6E,
    0x50, 0xCA, 0x0E, 0xCD, 0x47, 0x02, 0x35, 0xD2, 0x63, 0x2D, 0xA3, 0xD9, 0x86, 0xC0, 0x24, 0x43,
    0x28, 0x45, 0xA6, 0xB9, 0x91, 0x37, 0x65, 0x76, 0x3B, 0x32, 0x77, 0x1B, 0x12, 0x7C, 0x3C, 0xC1,
    0xA0, 0x30, 0x2D, 0xC8, 0x28, 0xA1, 0x50, 0x28, 0x05, 0x09, 0x95, 0x42, 0xB3, 0x33, 0x85, 0x76,
    0x63, 0x58, 0x06, 0xED, 0x5D, 0x12, 0x70, 0x72, 0xE4, 0x33, 0xF4, 0x7F, 0xF3, 0x55, 0x78, 0x63,
    0x2D, 0x0F, 0x2D, 0x47, 0x2B, 0x63, 0x23, 0x71, 0x90, 0xE0, 0xE4, 0x23, 0x91, 0xF9, 0xF3, 0xED,
    0x8F, 0x3E, 0x92, 0xF0, 0xBB, 0xDD, 0xDF, 0xF7, 0x12, 0xAE, 0xFA, 0x7F, 0xD0, 0xF8, 0xFD, 0x9F,
    0x97, 0xD2, 0x33, 0x7C, 0xA3, 0x12, 0x98, 0xDE, 0xAD, 0x0F, 0x30, 0xBB, 0x85, 0x04, 0xA7, 0x0D,
    0x6E, 0xEC, 0x36, 0xCD, 0x90, 0x8F, 0xAF, 0x54, 0xC2, 0xF0, 0x5F, 0x6B, 0x7D, 0x30, 0x99, 0x4B,
    0xAD, 0x67, 0x62, 0x78, 0x1B, 0xEA, 0x3D, 0x5F, 0xF4, 0x01, 0xA2, 0x30, 0x28, 0xB4, 0x3D, 0x70,
    0x45, 0x01, 0x6C, 0x33, 0x3C, 0xD8, 0x60, 0x42, 0x25, 0x6F, 0xDA, 0x55, 0xB0, 0x84, 0x36, 0x3D,
    0x94, 0x12, 0x85, 0x39, 0xA7, 0x44, 0xFA, 0xCB, 0x94, 0x1C, 0x9A, 0x92, 0xA4, 0x29, 0x59, 0xE9,
    0x44, 0x66, 0x1A, 0x11, 0x4D, 0xC9, 0xBD, 0x73, 0x73, 0x9B, 0x96, 0xCB, 0x6A, 0xEE, 0x97, 0xED,
    0xA6, 0x1D, 0x2D, 0x25, 0x8F, 0xDE, 0x41, 0x9D, 0x54, 0x4D, 0x75, 0x07, 0xAD, 0xD4, 0x31, 0x68,
    0x77, 0x6D, 0x7B, 0x9E, 0x1E, 0x9F, 0xEE, 0x1F, 0xB9, 0xF8, 0xB5, 0x62, 0x01, 0x79, 0xCB, 0x6E,
    0x32, 0x02, 0xD5, 0x7F, 0xCB, 0x48, 0xFD, 0x81, 0x68, 0xEA, 0x7F, 0xFB, 0x91, 0x47, 0x5E, 0x2C,
    0xF5, 0x9C, 0x1F, 0x55, 0x35, 0xA9, 0x3B, 0xC1, 0xDA, 0xCE, 0xE7, 0xCE, 0xFA, 0xC8, 0xC5, 0xD7,
    0xFC, 0x65, 0xDA, 0xA4, 0xDC, 0xF1, 0xAA, 0x05, 0x1D, 0x5E, 0xF4, 0x74, 0x97, 0x45, 0x44, 0x02,
    0x97, 0xE3, 0x76, 0xFE, 0xD2, 0xAB, 0xF4, 0xB5, 0xE7, 0xA9, 0x70, 0x45, 0xBE, 0xB5, 0xC1, 0x20,
    0xBF, 0x58, 0xA8, 0x44, 0xB4, 0xCD, 0x1C, 0xB5, 0x40, 0xB7, 0x55, 0x02, 0x3E, 0xE6, 0xE7, 0xEE,
    0xFE, 0x84, 0x12, 0x0E, 0xC5, 0xEF, 0xFD, 0x54, 0xF4, 0x49, 0xD2, 0x5B, 0x8A, 0x77, 0x6B, 0xA1,
    0x94, 0xCD, 0xF6, 0xC9, 0xD2, 0xDA, 0xFD, 0x8D, 0x5F, 0x41, 0x3E, 0x10, 0x2B, 0x84, 0x8C, 0x34,
    0x1F, 0xCB, 0x0E, 0xDD, 0x1F, 0x6A, 0xFC, 0xE0, 0xCD, 0x5C, 0x17, 0x15, 0x9D, 0x61, 0x65, 0x1E,
    0xD8, 0x0C, 0xAD, 0x54, 0x36, 0xAC, 0x47, 0x14, 0x92, 0x34, 0x7A, 0x49, 0xBA, 0xFD, 0xBE, 0xB3,
    0x55, 0xD2, 0x5F, 0x74, 0x6B, 0x25, 0x5C, 0x3D, 0xB9, 0x3A, 0xB4, 0x87, 0xB9, 0x1D, 0x26, 0xDD,
    0x9F, 0x48, 0xE8, 0x4C, 0xFD, 0xF7, 0x37, 0x4A, 0xE1, 0xEF, 0xEC, 0x26, 0xFE, 0xC3, 0x48, 0x7D,
    0x54, 0x3F, 0x58, 0xAE, 0x36, 0x87, 0x6B, 0x7F, 0x18, 0x1B, 0x39, 0xBA, 0x8F, 0xE7, 0x46, 0x92,
    0x97, 0xBE, 0x92, 0xE8, 0x37, 0x90, 0xBE, 0x1B, 0xD1, 0xF1, 0x47, 0x3D, 0xE8, 0x56, 0x7F, 0xB0,
    0x81, 0x1B, 0x33, 0xD4, 0xCE, 0x8A, 0x5E, 0x81, 0xAF, 0x3D, 0x26, 0x6F, 0x3E, 0x28, 0x4A, 0xBE,
    0xC1, 0x8C, 0x80, 0xFB, 0xA9, 0x35, 0xDD, 0x3E, 0x99, 0xA9, 0xAF, 0x3D, 0x16, 0x57, 0x2F, 0xF4,
    0x2F, 0x9B, 0x35, 0x01, 0x86, 0x0F, 0x14, 0xFD, 0x78, 0x70, 0xFE, 0x22, 0x7A, 0xAC, 0x75, 0x3C,
    0xA9, 0xA0, 0xDD, 0xF8, 0x7C, 0xEF, 0xDB, 0x85, 0xF3, 0xED, 0xEE, 0x9F, 0x70, 0x39, 0x9A, 0x99,
    0xA1, 0xC7, 0x47, 0xA6, 0x11, 0x59, 0x99, 0xFA, 0x52, 0x7D, 0xF6, 0xD5, 0x87, 0x27, 0xA4, 0xF9,
    0xF2, 0xCE, 0x81, 0xAB, 0x0E, 0x76, 0x5E, 0xAC, 0xA4, 0x48, 0xBA, 0x6E, 0xB9, 0x41, 0x21, 0xAF,
    0xAD, 0x68, 0xAB, 0x89, 0x8A, 0xDF, 0x9F, 0x81, 0xE9, 0x07, 0x01, 0x18, 0x3E, 0x54, 0x71, 0x2F,
    0x28, 0xEE, 0x86, 0xE9, 0x7C, 0xB6, 0xB7, 0xB3, 0x61, 0x80, 0xCF, 0xE3, 0x75, 0x8E, 0xAE, 0x88,
    0x7C, 0x1C, 0x15, 0xC5, 0xE6, 0x1F, 0x76, 0xF4, 0x82, 0x8D, 0xE2, 0x86, 0xC2, 0x74, 0x00, 0x6A,
    0x4B, 0x67, 0x18, 0xB6, 0xEB, 0x79, 0xEF, 0xB4, 0x86, 0xDD, 0x6C, 0x5A, 0x61, 0x18, 0xC1, 0x7F,
    0x4F, 0x22, 0x0C, 0x5F, 0x91, 0x0D, 0x26, 0xAF, 0xF3, 0x8E, 0x37, 0x34, 0xA1, 0xFB, 0xAC, 0x5F,
    0x62, 0xC7, 0x78, 0xC2, 0x4A, 0x50, 0xBC, 0xFC, 0x7F, 0xF4, 0xDD, 0x4A, 0xB3, 0xE1, 0xA3, 0x66,
    0x6A, 0x58, 0x74, 0x61, 0x09, 0xB4, 0xB1, 0x92, 0x9E, 0x2E, 0xB5, 0x87, 0x35, 0x92, 0xCD, 0x70,
    0x86, 0xE1, 0x27, 0x3B, 0x60, 0x6E, 0xB1, 0x24, 0x17, 0x92, 0x13, 0x0E, 0x50, 0x9D, 0x91, 0x4E,
    0x6D, 0x30, 0x19, 0xC2, 0x35, 0x6E, 0x02, 0x93, 0x9D, 0x27, 0xF2, 0x5D, 0xC5, 0xE9, 0x8B, 0x3B,
    0xF0, 0x5C, 0xFE, 0x9E, 0xE6, 0x49, 0xA8, 0xC8, 0xFF, 0x00, 0xDD, 0x9C, 0x8B, 0xAB, 0xE5, 0xD6,
    0x75, 0xFF, 0x97, 0xA4, 0x78, 0x64, 0xAC, 0xFC, 0xAC, 0x01, 0x92, 0x1F, 0xCD, 0x94, 0x54, 0xE5,
    0xED, 0xB6, 0x4E, 0x64, 0x20, 0x40, 0x69, 0x3C, 0x23, 0x25, 0x06, 0x02, 0x04, 0x88, 0x81, 0x9A,
    0xF7, 0x23, 0x40, 0x0B, 0xE9, 0x03, 0xA6, 0x80, 0xA1, 0x01, 0x9C, 0x91, 0xE2, 0x00, 0x05, 0x02,
    0x64, 0xFE, 0x84, 0x00, 0x01, 0x42, 0x29, 0x8C, 0x81, 0x02, 0x86, 0xCE, 0xCC, 0x51, 0x6A, 0x20,
    0x40, 0x29, 0x56, 0xDA, 0x42, 0x80, 0x50, 0x2C, 0x07, 0xF3, 0x0C, 0x60, 0x35, 0x55, 0x53, 0x4D,
    0x2C, 0x69, 0x55, 0x1F, 0xBE, 0xC7, 0xD2, 0xB9, 0x37, 0x37, 0x8F, 0xA6, 0xF5, 0xCC, 0xDC, 0xCA,
    0x9C, 0xB5, 0x64, 0x9D, 0x23, 0xED, 0xBD, 0x3E, 0x7B, 0x6D, 0xED, 0xB5, 0xD7, 0xDE, 0x73, 0x6D,
    0x3D, 0x0E, 0xDE, 0xA3, 0xDC, 0x3B, 0xA9, 0xD6, 0x7E, 0xDE, 0x51, 0x8D, 0x48, 0xF3, 0x09, 0x19,
    0x4A, 0xC5, 0x52, 0xE9, 0x9B, 0x28, 0xCB, 0xBF, 0x80, 0xB2, 0x22, 0x9D, 0x51, 0x33, 0xCA, 0x82,
    0x31, 0x41, 0x45, 0x7D, 0xB2, 0xAC, 0x2A, 0x69, 0x51, 0x96, 0x35, 0x31, 0xAA, 0xB0, 0xD8, 0xA9,
    0x82, 0x3B, 0xCA, 0x1D, 0x15, 0x49, 0xC5, 0xBD, 0x45, 0xAB, 0x4A, 0xDB, 0x55, 0x95, 0x96, 0xD7,
    0x86, 0xAA, 0xCC, 0x50, 0x33, 0xAA, 0xCE, 0xBC, 0xB5, 0x9B, 0x3E, 0x16, 0xAB, 0x72, 0x9F, 0xB8,
    0xE4, 0xA5, 0x59, 0xC2, 0xCD, 0xF6, 0xC4, 0x4B, 0x2F, 0xD9, 0x45, 0xC7, 0xCD, 0xB6, 0xE0, 0x49,
    0xBD, 0x97, 0x96, 0xF9, 0xEC, 0xD8, 0x94, 0x2D, 0x66, 0xDE, 0xC5, 0x33, 0x8F, 0x4C, 0x27, 0x2A,
    0x94, 0x8E, 0x96, 0xCE, 0x96, 0x0F, 0x96, 0x4D, 0x56, 0xF4, 0x56, 0x0C, 0x76, 0x58, 0x65, 0x1F,
    0xBC, 0xDB, 0x5A, 0xD5, 0x45, 0x55, 0xB3, 0xCA, 0x14, 0xD9, 0x3D, 0x7B, 0xF8, 0x6C, 0x53, 0x3D,
    0x18, 0xFC, 0x4E, 0x5D, 0xF8, 0xDB, 0xBE, 0x58, 0xEE, 0xAF, 0x7A, 0x6F, 0xF1, 0x18, 0x2C, 0xA5,
    0x71, 0xBC, 0x6C, 0x3D, 0xEA, 0x95, 0xB8, 0x43, 0x55, 0xDE, 0xA0, 0x0A, 0x2F, 0x51, 0xC9, 0x78,
    0xF9, 0x08, 0x07, 0x65, 0x50, 0x9A, 0x45, 0x4D, 0xD2, 0x20, 0x33, 0xCE, 0x7F, 0x4A, 0x21, 0x11,
    0x5F, 0x5A, 0x20, 0x47, 0xFA, 0x58, 0xF9, 0x88, 0x68, 0x3F, 0x86, 0xF0, 0x42, 0xC1, 0x3B, 0x56,
    0x26, 0x52, 0xD7, 0x4A, 0x6B, 0xA4, 0xDD, 0x10, 0xA3, 0x09, 0x61, 0xC1, 0x51, 0x2D, 0xAF, 0xD9,
    0x4E, 0xD2, 0xAA, 0xF2, 0xA1, 0x40, 0x1C, 0x80, 0xB8, 0x4A, 0x78, 0xB5, 0xC8, 0xBC, 0x44, 0xDE,
    0x43, 0x84, 0x23, 0x32, 0xEA, 0x91, 0x71, 0x5F, 0x23, 0xBD, 0xE5, 0x8A, 0x73, 0x6E, 0xDF, 0x42,
    0x18, 0x45, 0x02, 0xA8, 0xE1, 0x86, 0x45, 0x3F, 0xDD, 0x2D, 0x3D, 0x39, 0xAE, 0x1C, 0x1E, 0x88,
    0xE7, 0x60, 0x89, 0x23, 0x8B, 0xA5, 0x4C, 0x06, 0xF3, 0x15, 0x66, 0xBF, 0x3E, 0x91, 0x56, 0x70,
    0x4A, 0x5B, 0x8D, 0xB2, 0xB0, 0xCB, 0x29, 0x1B, 0x5B, 0xB6, 0x12, 0xAA, 0x13, 0x79, 0x90, 0x3C,
    0xBD, 0xAE, 0x5F, 0x8E, 0xC8, 0x7C, 0x41, 0xA6, 0xDE, 0x5E, 0x79, 0xDD, 0x22, 0x8A, 0xA2, 0x58,
    0xB0, 0x5E, 0xF1, 0x07, 0x58, 0x67, 0x2F, 0x21, 0xBD, 0xC1, 0x12, 0xEA, 0xCB, 0x4D, 0x29, 0x86,
    0x15, 0x5C, 0x7F, 0xC6, 0x8E, 0x47, 0x70, 0xE8, 0xCC, 0x72, 0x9A, 0xCF, 0x7D, 0xB1, 0xC8, 0x5F,
    0x70, 0x4B, 0x26, 0x5B, 0x2C, 0x1B, 0xEC, 0x2E, 0x75, 0xBA, 0x6A, 0x45, 0x47, 0x2D, 0x5A, 0x04,
    0xE6, 0xFB, 0x51, 0x5C, 0x45, 0xBC, 0xB6, 0x7E, 0x11, 0x74, 0x56, 0x0D, 0x49, 0x63, 0x05, 0x5E,
    0x93, 0x39, 0x86, 0xF9, 0x6D, 0xF9, 0x81, 0xAA, 0x3B, 0x21, 0x1D, 0x19, 0x8D, 0xF7, 0xB9, 0xDC,
    0xE4, 0x8F, 0x2D, 0xB5, 0x64, 0xD0, 0x4F, 0x55, 0xE1, 0x68, 0x5A, 0xCC, 0xD2, 0xAE, 0x30, 0xBB,
    0x56, 0x5E, 0x7B, 0x08, 0xC0, 0x92, 0x4E, 0x36, 0xED, 0x32, 0x6B, 0x1F, 0x5F, 0x54, 0xAD, 0x9E,
    0xC9, 0x07, 0x93, 0x9F, 0xE0, 0xE2, 0xC6, 0x08, 0x44, 0x10, 0x02, 0x10, 0x7C, 0xC0, 0x03, 0x9D,
    0xA2, 0x83, 0x8D, 0xD0, 0x78, 0x23, 0x30, 0x70, 0x01, 0x0B, 0x54, 0x0A, 0x77, 0x98, 0x08, 0x09,
    0x76, 0xB4, 0x74, 0xD1, 0x8A, 0x67, 0xFB, 0xBC, 0x57, 0xB7, 0x68, 0x1E, 0x57, 0x2E, 0x51, 0x17,
    0xB7, 0x16, 0x0E, 0x79, 0x6D, 0xC1, 0xCC, 0x2F, 0x9D, 0x9B, 0x2A, 0x1A, 0xF6, 0x77, 0xCB, 0x87,
    0xD1, 0xE7, 0x9A, 0x9C, 0x62, 0xE2, 0x1E, 0x58, 0x16, 0xF9, 0x80, 0x0A, 0x5C, 0x6E, 0xE4, 0xA5,
    0x9D, 0x3B, 0x62, 0x77, 0xAF, 0xA5, 0x26, 0xF1, 0xF3, 0x12, 0xD3, 0x13, 0x8A, 0x64, 0x54, 0xEC,
    0x28, 0x18, 0x16, 0xA1, 0x37, 0xD4, 0x0D, 0x96, 0x28, 0x2F, 0xC1, 0x17, 0xBB, 0xA1, 0x92, 0xC5,
    0x00, 0x95, 0xCE, 0x28, 0xDE, 0xD0, 0xDC, 0x90, 0x63, 0x5F, 0x07, 0xB4, 0x60, 0xBB, 0x95, 0xAF,
    0x69, 0x87, 0x43, 0x07, 0x46, 0x0A, 0x38, 0xF0, 0x75, 0x93, 0x78, 0x67, 0xA1, 0x3B, 0x85, 0xE7,
    0xAB, 0x1C, 0xA9, 0x89, 0xFF, 0xF4, 0x58, 0xDB, 0x27, 0xEE, 0x3E, 0xF1, 0xA2, 0x46, 0xBA, 0xAC,
    0x37, 0xC8, 0x8F, 0xB4, 0x3E, 0x23, 0x46, 0x51, 0xAA, 0xA1, 0x78, 0xAB, 0x00, 0x79, 0x42, 0xD9,
    0xE1, 0x3B, 0xBD, 0xAC, 0xFD, 0x0E, 0x48, 0x6E, 0xB6, 0x18, 0x68, 0x91, 0xFF, 0x18, 0xCB, 0x2C,
    0xD3, 0x50, 0x77, 0x1C, 0x63, 0x34, 0xCA, 0xE8, 0x6D, 0x9F, 0x70, 0xB7, 0x46, 0x1A, 0xC3, 0x94,
    0x0C, 0x74, 0x1A, 0x6D, 0x30, 0x52, 0x6D, 0x58, 0xF4, 0x54, 0x1A, 0x33, 0xE1, 0x41, 0x99, 0xB1,
    0xD7, 0x86, 0x4E, 0xBD, 0x44, 0xF7, 0x5F, 0xF1, 0xCF, 0x94, 0xC4, 0x40, 0xA3, 0x73, 0x21, 0xF7,
    0x7F, 0x72, 0xE7, 0xB9, 0x4B, 0xE0, 0x0F, 0xDE, 0x07, 0x7E, 0x5B, 0x8A, 0x72, 0xAB, 0xB3, 0xC0,
    0xBB, 0x23, 0x70, 0x38, 0xED, 0xD4, 0x28, 0xFD, 0x2C, 0x70, 0x77, 0x5F, 0x55, 0x80, 0xA2, 0x26,
    0xBE, 0x00, 0x3C, 0x3B, 0x01, 0xDE, 0xEA, 0x9E, 0x46, 0xC0, 0xCB, 0x5F, 0x0D, 0xF8, 0x72, 0x04,
    0xFE, 0xFF, 0xEF, 0x9E, 0x04, 0x18, 0x01, 0x5F, 0xCA, 0x72, 0x39, 0x08, 0x66, 0xCB, 0x6B, 0xE4,
    0x9D, 0x72, 0x4D, 0x81, 0xDE, 0x38, 0x83, 0x79, 0xA7, 0x2C, 0xC8, 0x1A, 0xCB, 0x8F, 0x88, 0x35,
    0x9A, 0x6F, 0x80, 0x35, 0x9E, 0x73, 0xBA, 0x0E, 0xE8, 0x1A, 0xD1, 0x51, 0x09, 0x8A, 0x31, 0xFD,
    0xD5, 0xC6, 0x34, 0xA8, 0x9B, 0x46, 0xF5, 0xE3, 0xB0, 0xBE, 0x07, 0x47, 0xEA, 0x4F, 0x06, 0x78,
    0xA9, 0xC1, 0x2E, 0x3E, 0x20, 0xEF, 0xBD, 0x54, 0x27, 0x8F, 0x6F, 0x8D, 0xC2, 0x53, 0x35, 0x00,
    0xCA, 0x1B, 0xDE, 0x66, 0x6A, 0x61, 0xAA, 0x2D, 0x55, 0xEA, 0x76, 0xA4, 0x25, 0xBA, 0x2D, 0x75,
    0x78, 0x58, 0x26, 0x85, 0xC7, 0x6F, 0xAF, 0x09, 0x4C, 0xDA, 0x5F, 0x20, 0x34, 0x40, 0xF0, 0xA2,
    0xD1, 0x00, 0x89, 0x9A, 0x36, 0x6F, 0x69, 0x00, 0xE7, 0x4C, 0xED, 0x70, 0x40, 0x99, 0xA2, 0x7C,
    0xAA, 0x77, 0x3E, 0xC6, 0xBF, 0xF8, 0xDD, 0xF1, 0x59, 0xB7, 0x15, 0xAA, 0xE3, 0xAD, 0xBE, 0xE2,
    0x0B, 0x57, 0xD1, 0x65, 0xB3, 0x1D, 0x7E, 0xE4, 0xEF, 0xD8, 0x61, 0xFD, 0x98, 0xFF, 0xCB, 0xC9,
    0x0B, 0xE4, 0x65, 0x2A, 0xD0, 0xBF, 0xFF, 0xEE, 0x50, 0xC0, 0xB5, 0xBF, 0x3B, 0x3E, 0x6E, 0xCF,
    0xA3, 0xB2, 0x60, 0x34, 0x94, 0xF7, 0xC7, 0x17, 0x1D, 0x2A, 0x5C, 0x2E, 0x1D, 0x49, 0x45, 0xF3,
    0x51, 0x13, 0x37, 0x16, 0xB5, 0xE9, 0x7A, 0xB6, 0xF8, 0xFB, 0x5E, 0xED, 0x83, 0xE2, 0xF8, 0x0F,
    0x9E, 0xA9, 0xE9, 0xDD, 0x14, 0x7A, 0x29, 0xD3, 0x55, 0xE0, 0x7C, 0xF9, 0x60, 0x32, 0xDE, 0xD3,
    0x41, 0x37, 0xD1, 0xF1, 0x6A, 0x7E, 0x38, 0xBE, 0x79, 0x09, 0xE8, 0x58, 0x5A, 0x9E, 0x4E, 0x7A,
    0xF4, 0xB4, 0xA8, 0x57, 0xB9, 0x9D, 0xD4, 0x4F, 0x1B, 0x43, 0xA9, 0x6A, 0xE1, 0x83, 0x0F, 0x0E,
    0x59, 0x4F, 0x31, 0x0D, 0xE6, 0x50, 0x86, 0x26, 0x81, 0x54, 0x67, 0xFA, 0xE2, 0xF1, 0x5B, 0x05,
    0x04, 0x7F, 0xA2, 0xBA, 0xE6, 0xF2, 0xD1, 0xEC, 0x8D, 0xE1, 0xA4, 0xBF, 0xC7, 0x22, 0x17, 0x5D,
    0x42, 0x4F, 0x8D, 0xBA, 0xA4, 0xB5, 0x68, 0x28, 0xCE, 0x44, 0x60, 0x07, 0x45, 0x60, 0x0F, 0xA1,
    0xC7, 0x27, 0xE3, 0xC9, 0xAC, 0x07, 0x7C, 0xD1, 0x58, 0xC1, 0xB5, 0xCD, 0xCA, 0xF3, 0x21, 0xEB,
    0x52, 0xC2, 0xCF, 0x47, 0x68, 0xF8, 0x44, 0xC8, 0x1A, 0x4F, 0x84, 0xAC, 0xE1, 0x08, 0xB3, 0x70,
    0x24, 0x54, 0x0A, 0x86, 0x94, 0x47, 0xF5, 0x3F, 0x27, 0x64, 0x05, 0x7C, 0xE1, 0xDD, 0x2A, 0x73,
    0x6F, 0x15, 0xA6, 0x55, 0xC8, 0xBA, 0x1A, 0x20, 0x5E, 0x30, 0x79, 0x66, 0xE8, 0x4F, 0x9C, 0x96,
    0x4D, 0x31, 0xD6, 0x7D, 0xA6, 0x58, 0xAC, 0xBF, 0xE2, 0x0B, 0x95, 0x86, 0xA5, 0x1E, 0x85, 0x19,
    0x03, 0x46, 0xFC, 0x64, 0xE4, 0x72, 0x4D, 0xD1, 0xBF, 0xB3, 0xFE, 0xA7, 0x43, 0xCD, 0xC6, 0xCD,
    0x3E, 0x5B, 0xB4, 0x24, 0xF3, 0x64, 0xE9, 0x18, 0x4D, 0x66, 0x59, 0x8F, 0xCC, 0xFB, 0x78, 0x95,
    0x45, 0x97, 0x20, 0xDB, 0x74, 0x44, 0xE6, 0x3D, 0xD7, 0x89, 0x13, 0x52, 0x35, 0x0E, 0x34, 0xED,
    0x13, 0x7B, 0x66, 0x20, 0xF0, 0x6F, 0x21, 0xDD, 0xE9, 0x0F, 0x72, 0x83, 0xCA, 0xF1, 0xD1, 0x9B,
    0x4E, 0x2C, 0xDF, 0x5E, 0xF1, 0xD1, 0x8A, 0x9A, 0x90, 0xA1, 0xAA, 0x99, 0x9E, 0x55, 0x8D, 0xA5,
    0xBD, 0x15, 0x9C, 0xE0, 0x36, 0x0B, 0x8D, 0x29, 0xF2, 0x41, 0x1B, 0x35, 0xAB, 0xEC, 0xB3, 0x9A,
    0xE7, 0xF9, 0xC6, 0xDF, 0xF2, 0xCE, 0x1E, 0x57, 0xF2, 0x81, 0x05, 0x50, 0x2D, 0xD3, 0x72, 0x95,
    0x75, 0xC1, 0xF9, 0x7B, 0x8A, 0x43, 0x47, 0x60, 0x79, 0x67, 0xEA, 0xA7, 0x97, 0x81, 0xFF, 0xF1,
    0x3D, 0x97, 0x0B, 0x14, 0x92, 0xE9, 0xEB, 0xE3, 0xEB, 0xF3, 0x8A, 0x60, 0x5B, 0xA4, 0xB7, 0x7B,
    0x34, 0xFB, 0x51, 0xD3, 0x71, 0x39, 0x98, 0xDB, 0x97, 0x10, 0x71, 0xB7, 0x0F, 0x41, 0x59, 0x6D,
    0x48, 0x5D, 0x69, 0x1E, 0x5F, 0xFE, 0x3A, 0xC2, 0x6E, 0xAF, 0xF3, 0x75, 0x84, 0xDD, 0x42, 0xD8,
    0xA1, 0x46, 0x56, 0x25, 0xF2, 0x63, 0x97, 0xA5, 0x2D, 0x28, 0x9E, 0x23, 0x9B, 0xA5, 0x2B, 0x97,
    0x8D, 0x53, 0x51, 0xAA, 0x7F, 0xA4, 0xF5, 0x85, 0x13, 0x92, 0xA6, 0xF0, 0x19, 0x5D, 0x17, 0xCE,
    0x4C, 0x0C, 0x8A, 0x35, 0x94, 0x57, 0x6D, 0x1A, 0xF2, 0xD0, 0xDE, 0xD8, 0xCA, 0xD2, 0x42, 0xB4,
    0xA6, 0x53, 0x96, 0x4D, 0xE8, 0xD2, 0x68, 0x28, 0x4D, 0x0D, 0x85, 0xC8, 0x7B, 0xEC, 0x95, 0xCE,
    0xD0, 0x9D, 0x06, 0x57, 0xAC, 0xD3, 0x84, 0x9C, 0xDF, 0xD2, 0x64, 0x46, 0x93, 0xF2, 0x08, 0x46,
    0xC8, 0xF8, 0xA4, 0xB8, 0xE0, 0x58, 0x0C, 0xC5, 0x61, 0x4F, 0xEE, 0x63, 0xE8, 0xCC, 0x1F, 0x7D,
    0x8A, 0xD1, 0x40, 0xFB, 0x43, 0x64, 0xAA, 0x79, 0xD7, 0x8C, 0x14, 0xE2, 0xB1, 0xD0, 0x78, 0xB7,
    0x19, 0x7B, 0xB3, 0x84, 0x92, 0x83, 0x02, 0x60, 0x66, 0x87, 0x19, 0x49, 0xED, 0x0D, 0xB2, 0x9C,
    0x0F, 0x48, 0x5A, 0x8B, 0x16, 0xE4, 0xFF, 0x8A, 0x06, 0x6F, 0xA9, 0xDE, 0xE0, 0x8E, 0xC3, 0x37,
    0x90, 0xFE, 0xC9, 0x14, 0xF9, 0xFB, 0xC9, 0x6C, 0xE1, 0xFC, 0xDA, 0x5A, 0x6E, 0x34, 0x37, 0xC8,
    0xA5, 0xCE, 0x07, 0x8B, 0xDF, 0xC3, 0x45, 0x93, 0xC5, 0xAA, 0x8E, 0x7A, 0x7B, 0x4B, 0xC5, 0xA8,
    0xFB, 0x5A, 0xED, 0x57, 0xD7, 0x1F, 0x44, 0x7E, 0xB3, 0x2E, 0xFA, 0xD8, 0x17, 0xAB, 0x56, 0xD9,
    0xD9, 0xA1, 0x8D, 0x96, 0xB3, 0xF4, 0xCB, 0xD5, 0xC4, 0xF3, 0x38, 0x44, 0xCF, 0x07, 0xCB, 0x5D,
    0x38, 0x0B, 0xE9, 0x5F, 0x8F, 0x7E, 0xFB, 0xDF, 0xA3, 0xBF, 0x5C, 0x48, 0x3F, 0x42, 0xDB, 0x13,
    0x77, 0x4A, 0x38, 0x2A, 0x97, 0xB1, 0x20, 0x95, 0xE5, 0xC7, 0x23, 0x91, 0x33, 0x4C, 0xFB, 0x13,
    0xA6, 0xED, 0x79, 0xA6, 0xFE, 0x05, 0xA4, 0xE7, 0x5F, 0x58, 0x2C, 0x38, 0xC3, 0xB4, 0x3D, 0xCF,
    0xD4, 0x8F, 0x4C, 0x0F, 0x3B, 0xD3, 0xE0, 0x84, 0x69, 0x74, 0x9E, 0xA9, 0xA5, 0xF5, 0x5D, 0x5E,
    0x18, 0xC3, 0x71, 0xED, 0x6D, 0x58, 0x6F, 0x0C, 0xFA, 0xBC, 0x3C, 0xE7, 0xF4, 0xB0, 0x92, 0x9B,
    0x63, 0xBE, 0x6C, 0x97, 0x8B, 0x62, 0x35, 0x84, 0x85, 0x57, 0x60, 0x12, 0x9E, 0x8C, 0x43, 0x82,
    0x5D, 0x3C, 0x81, 0x49, 0x39, 0x20, 0x38, 0xF3, 0x90, 0x60, 0x7B, 0x08, 0x4D, 0x0A, 0x34, 0xBC,
    0xB5, 0x4B, 0x4B, 0x8B, 0xA7, 0x8C, 0xB6, 0xB9, 0x6F, 0x96, 0xDF, 0x99, 0xCC, 0xAE, 0x93, 0xEF,
    0x7D, 0x26, 0xA8, 0x6D, 0xEB, 0xBF, 0xA2, 0x89, 0x49, 0x96, 0x72, 0xDB, 0x0D, 0xDC, 0xFB, 0xB7,
    0xF3, 0x61, 0x2B, 0x68, 0xCB, 0xCC, 0xF1, 0xF8, 0x60, 0xAB, 0x63, 0xA4, 0x3A, 0x26, 0x66, 0xE9,
    0x72, 0x9F, 0x7B, 0x07, 0xDA, 0xBE, 0x96, 0x7B, 0x73, 0x9F, 0xF7, 0x47, 0x1A, 0xB8, 0x03, 0xC7,
    0xA3, 0xA5, 0x91, 0xF8, 0x42, 0xD8, 0xBA, 0xE6, 0x18, 0xE8, 0xC4, 0x3A, 0x84, 0x00, 0x02, 0x00,
    0xC0, 0x7E, 0xCC, 0x97, 0xF5, 0x45, 0x2F, 0xDB, 0x31, 0xDD, 0x1B, 0x0C, 0xA7, 0x36, 0xEB, 0x47,
    0x56, 0x63, 0x34, 0x36, 0x63, 0xB2, 0x2C, 0x7E, 0xDE, 0x5E, 0x5F, 0xF9, 0x86, 0x24, 0x75, 0xA8,
    0x44, 0x4E, 0xFD, 0x93, 0x07, 0x8F, 0xD8, 0xEA, 0x27, 0x98, 0xB1, 0xA6, 0x96, 0xAE, 0xA2, 0xBC,
    0xB1, 0x0A, 0x62, 0xAD, 0xC4, 0x07, 0xCA, 0xD0, 0x84, 0xE8, 0x03, 0x77, 0x84, 0x47, 0x60, 0x34,
    0x2B, 0x6E, 0x61, 0xC3, 0x93, 0x4A, 0x1E, 0xB2, 0xCD, 0x52, 0x8B, 0x27, 0x11, 0xD3, 0x1E, 0xA6,
    0x25, 0x83, 0xFE, 0xBF, 0x9A, 0xA5, 0xB3, 0xB3, 0x8E, 0x1A, 0xB8, 0x2C, 0x71, 0xAF, 0x23, 0x77,
    0x4B, 0xBF, 0xE6, 0xF6, 0x24, 0x2F, 0x1D, 0xC0, 0x50, 0xB5, 0x53, 0x37, 0x71, 0xB9, 0xC9, 0xFA,
    0xEA, 0x6D, 0x22, 0xBF, 0x53, 0x47, 0xBC, 0x61, 0xBD, 0x93, 0x55, 0xAF, 0x98, 0xE1, 0x16, 0x69,
    0xAB, 0x75, 0xB8, 0x0A, 0x03, 0x9E, 0x5C, 0x3F, 0x93, 0xDE, 0xA0, 0x4F, 0x95, 0x5B, 0x8A, 0x24,
    0x52, 0xEA, 0x94, 0xFA, 0x8F, 0x8F, 0xD8, 0x73, 0xFE, 0x97, 0xFA, 0xC5, 0x3E, 0x1D, 0xF1, 0x7E,
    0xCB, 0xCF, 0xA7, 0x6F, 0x53, 0x42, 0x51, 0x7E, 0xC5, 0xCE, 0x1E, 0xEE, 0x23, 0x52, 0xBF, 0xC1,
    0x00, 0x59, 0x00, 0x70, 0xD9, 0x20, 0x23, 0xCE, 0x07, 0x67, 0x1D, 0x12, 0x43, 0x64, 0x89, 0xC6,
    0x19, 0xB1, 0x10, 0x51, 0xDE, 0xE8, 0xFB, 0x23, 0x69, 0x39, 0x63, 0x08, 0x2B, 0x1A, 0x60, 0x16,
    0x2E, 0xCB, 0x35, 0x38, 0x1E, 0x03, 0x9B, 0x70, 0xDE, 0x6F, 0xCB, 0xBD, 0xA4, 0x94, 0xBC, 0xA6,
    0x55, 0x52, 0x50, 0xDD, 0x0E, 0x29, 0xE0, 0xC4, 0x38, 0x65, 0x20, 0x52, 0x47, 0x56, 0xCE, 0x95,
    0xB1, 0xA2, 0x3E, 0xB5, 0x22, 0x6C, 0x47, 0x42, 0x8A, 0x5F, 0xEE, 0xB5, 0x92, 0x8C, 0x35, 0x98,
    0x4D, 0xBB, 0xA1, 0xE2, 0x96, 0x0F, 0xBB, 0xA1, 0x45, 0x87, 0xAC, 0xB6, 0xA0, 0xFD, 0x49, 0xE3,
    0x31, 0x45, 0xB8, 0x70, 0xF5, 0xBB, 0x13, 0x92, 0xB2, 0xAD, 0xA0, 0x0C, 0xDD, 0x2F, 0xA7, 0xC9,
    0xBD, 0x47, 0xD7, 0xB9, 0xB7, 0x8A, 0xB3, 0x46, 0x53, 0xEA, 0xE2, 0xD8, 0xF6, 0x45, 0x89, 0x6E,
    0x70, 0x3E, 0x3C, 0x20, 0x1E, 0x94, 0xBE, 0xC8, 0x1B, 0x01, 0x3C, 0xE8, 0x39, 0xE1, 0x24, 0x1A,
    0xC7, 0x04, 0xA9, 0x9A, 0x89, 0x91, 0xFE, 0xD8, 0x2E, 0xD9, 0xA2, 0x96, 0x49, 0xDD, 0xD0, 0xC3,
    0x71, 0x89, 0xA0, 0x27, 0x1F, 0x4F, 0xFB, 0x04, 0x7E, 0x2C, 0xCE, 0x7B, 0xB5, 0x51, 0x35, 0xCA,
    0xE1, 0x8A, 0x49, 0x3E, 0x57, 0x78, 0x63, 0xB8, 0x5D, 0xB5, 0xEA, 0xFD, 0x08, 0x7B, 0xE9, 0x58,
    0xF6, 0xEC, 0x7D, 0x62, 0x90, 0x8A, 0x3A, 0xE9, 0xAC, 0x94, 0xBE, 0x28, 0xFA, 0x42, 0xDA, 0x61,
    0xD9, 0x83, 0x54, 0x21, 0xCE, 0xCE, 0x22, 0x3E, 0x20, 0x63, 0x2A, 0xD6, 0xE5, 0x54, 0xA5, 0x3D,
    0xAC, 0xD2, 0xDF, 0x20, 0xA5, 0xE2, 0x6F, 0x36, 0x4F, 0x5B, 0xE8, 0x87, 0xF7, 0x13, 0xD5, 0xC8,
    0x9A, 0x56, 0xA3, 0xAA, 0xC9, 0x7C, 0x68, 0x79, 0x64, 0xD5, 0x23, 0x8B, 0x81, 0x07, 0x67, 0xD3,
    0xD3, 0xEB, 0x83, 0xD3, 0x85, 0x95, 0xAD, 0xC4, 0x7B, 0x72, 0xFB, 0xCE, 0x23, 0x6D, 0xDE, 0xBB,
    0x73, 0x8B, 0x4C, 0xFB, 0x5D, 0x46, 0x92, 0x27, 0x6B, 0xF5, 0x7F, 0x84, 0x30, 0x26, 0x15, 0x5D,
    0xE8, 0xB3, 0x1D, 0x56, 0xA8, 0x53, 0xE8, 0x63, 0xFA, 0xEE, 0x94, 0xBC, 0x3B, 0x3E, 0x9B, 0x8D,
    0x45, 0x34, 0x3C, 0x97, 0x0F, 0xAF, 0x07, 0xED, 0xD5, 0xE2, 0xC7, 0x70, 0x28, 0xDE, 0x6B, 0xB5,
    0xF5, 0x67, 0xEB, 0x41, 0xFE, 0xD6, 0x08, 0xED, 0x6F, 0x4C, 0x70, 0xF8, 0xFC, 0x62, 0x65, 0xE4,
    0xB1, 0x7F, 0xA6, 0x8D, 0x3C, 0xF2, 0x1F, 0xD4, 0xF1, 0x62, 0xBE, 0x10, 0x42, 0x1D, 0x46, 0x90,
    0xE0, 0xDC, 0x18, 0xB5, 0xBB, 0x5F, 0xD1, 0x6E, 0xC9, 0xDC, 0x60, 0xB8, 0x68, 0xF8, 0x3E, 0xBE,
    0x8F, 0xEC, 0x70, 0xB6, 0x13, 0xEE, 0xEE, 0x8E, 0x8C, 0x4E, 0xBA, 0x62, 0xAC, 0xAE, 0x78, 0xD2,
    0xAF, 0xB3, 0x5F, 0xD2, 0xAF, 0xC9, 0x5F, 0x11, 0x03, 0xF2, 0xB0, 0x60, 0xA1, 0x35, 0x7D, 0xB6,
    0xDC, 0xF1, 0xBB, 0x83, 0xCB, 0x48, 0xFB, 0xE8, 0x8B, 0x2A, 0x57, 0x3D, 0x6B, 0x5F, 0xF5, 0xDF,
    0x97, 0xDC, 0xFF, 0xAC, 0x36, 0xBB, 0xE3, 0xA5, 0x52, 0x24, 0xF2, 0x85, 0x6C, 0x56, 0x97, 0x93,
    0x3B, 0xC8, 0x1B, 0xF6, 0x91, 0xAE, 0x38, 0x33, 0xD2, 0xED, 0xC3, 0x5D, 0xE8, 0xA7, 0xAF, 0x68,
    0xE0, 0xE9, 0x7E, 0x11, 0xCB, 0x86, 0x67, 0x69, 0x85, 0x71, 0x15, 0xDE, 0x21, 0x78, 0xE6, 0x3B,
    0x8F, 0x1B, 0x2E, 0x8E, 0x90, 0x33, 0x50, 0xED, 0x7D, 0x6A, 0xD8, 0xFB, 0xDB, 0x99, 0xDE, 0x74,
    0xAD, 0xB3, 0xDF, 0xF3, 0xD6, 0xE8, 0x97, 0x04, 0x34, 0x24, 0x49, 0xA1, 0x10, 0xB9, 0x18, 0x68,
    0x34, 0x04, 0xC0, 0x36, 0x1A, 0xEE, 0x03, 0x44, 0xB3, 0x0D, 0x10, 0xA1, 0x06, 0x08, 0xDD, 0x36,
    0x33, 0x48, 0x30, 0xA8, 0x8C, 0xEB, 0xA7, 0xD9, 0x42, 0xA4, 0xA4, 0xD1, 0xF8, 0xCB, 0x87, 0x7E,
    0x10, 0x33, 0x2F, 0xD5, 0x7E, 0x14, 0x11, 0x5C, 0x8D, 0x03, 0xA1, 0x56, 0x0F, 0x6D, 0x31, 0x2C,
    0xA6, 0xF6, 0xE6, 0x6D, 0xD4, 0xA3, 0x58, 0xF7, 0xC0, 0xF4, 0xB4, 0xBC, 0x38, 0x05, 0x0B, 0xCB,
    0x1D, 0xA6, 0x68, 0x9E, 0x4F, 0xC1, 0x0A, 0x28, 0x44, 0x77, 0xA4, 0x62, 0x7A, 0x84, 0x7A, 0xA4,
    0x7A, 0xC4, 0x2A, 0xAE, 0x72, 0xB2, 0x97, 0xEC, 0x8E, 0xBF, 0x30, 0x07, 0xEE, 0x2B, 0xD8, 0xC3,
    0x92, 0xF4, 0x96, 0xCD, 0xE9, 0x6A, 0xDE, 0x94, 0x95, 0x2B, 0xA2, 0x1B, 0x38, 0xD9, 0x33, 0x8F,
    0xA5, 0x93, 0x25, 0x3D, 0x60, 0xB2, 0x93, 0xED, 0x46, 0x69, 0xF7, 0x3F, 0x71, 0x32, 0x58, 0xD0,
    0xDF, 0x02, 0x77, 0xF5, 0x36, 0x3A, 0x5B, 0x32, 0xC9, 0x8A, 0xEC, 0xD4, 0x51, 0xF6, 0x28, 0x42,
    0x8E, 0xF2, 0xEA, 0x10, 0x7A, 0x3A, 0x45, 0xEB, 0x27, 0x5E, 0xD2, 0x31, 0x99, 0x83, 0x17, 0xE5,
    0x5B, 0x32, 0x1B, 0xAB, 0x31, 0xBA, 0xF0, 0xA3, 0xC9, 0xCC, 0x0B, 0x91, 0x1A, 0x6C, 0x4E, 0xAA,
    0x2A, 0xEB, 0xFD, 0x4C, 0x58, 0xF0, 0x1A, 0x64, 0xBF, 0xDE, 0xE9, 0x2E, 0xEC, 0x06, 0x6E, 0xE2,
    0x1D, 0x3F, 0xDF, 0x37, 0xBC, 0x49, 0x3E, 0x71, 0xB4, 0x7B, 0x38, 0xDA, 0x7D, 0xAD, 0xC6, 0xEE,
    0xA2, 0xE6, 0x61, 0xCE, 0x6B, 0x84, 0x5D, 0x56, 0x8E, 0xDD, 0x15, 0x76, 0xD3, 0x4D, 0x5A, 0x63,
    0xDC, 0x60, 0xD4, 0x28, 0xD4, 0x4D, 0xE4, 0xEF, 0x0B, 0xFE, 0x8E, 0xE5, 0x7C, 0xAE, 0xAE, 0xD6,
    0xAF, 0x64, 0x19, 0x75, 0xBD, 0xB4, 0x4A, 0xAB, 0xD6, 0x2C, 0x83, 0x73, 0xEB, 0x1F, 0x70, 0xCB,
    0x99, 0x9E, 0x95, 0xAA, 0x9B, 0x28, 0x96, 0x52, 0x92, 0x7D, 0x33, 0x71, 0x5F, 0x89, 0xC6, 0x25,
    0x39, 0xA2, 0x41, 0xFA, 0x82, 0x84, 0x0B, 0x76, 0xCE, 0x04, 0x27, 0xAB, 0xE6, 0x81, 0x60, 0x77,
    0xB3, 0xC9, 0x76, 0xBD, 0x78, 0x19, 0x50, 0xC0, 0x03, 0xAF, 0x43, 0x86, 0xE8, 0xFF, 0xF0, 0x86,
    0x3E, 0x15, 0xF5, 0xAB, 0x86, 0x59, 0xE7, 0x4D, 0x0C, 0xB5, 0xF6, 0xD0, 0x26, 0x78, 0x59, 0x53,
    0x75, 0xE9, 0xAA, 0xD3, 0xA6, 0xE8, 0xB3, 0x92, 0x42, 0x8B, 0x3E, 0x37, 0x46, 0xAE, 0x7C, 0x28,
    0xA8, 0xE3, 0x6A, 0xE9, 0x0D, 0xA2, 0xEE, 0xD5, 0xEA, 0x7B, 0xAB, 0xFE, 0xCA, 0xAA, 0x29, 0xE6,
    0xAE, 0xA5, 0x33, 0xC5, 0x4C, 0x9A, 0x83, 0xAC, 0x45, 0xC6, 0xDE, 0x1B, 0xEF, 0xA3, 0x08, 0x9D,
    0x7B, 0x19, 0xA9, 0x76, 0xA5, 0x56, 0x52, 0xB4, 0xA9, 0x6B, 0xF3, 0xDB, 0x65, 0xDF, 0x63, 0x95,
    0x35, 0xC8, 0xC2, 0xF6, 0x91, 0x92, 0xE3, 0xE6, 0x10, 0xE2, 0x91, 0xFD, 0x0A, 0x2C, 0xF1, 0xBE,
    0xF2, 0x26, 0xF5, 0xB7, 0xDD, 0xDB, 0x67, 0xB3, 0x7F, 0x7E, 0xDB, 0x9B, 0xE7, 0xF2, 0x7F, 0x28,
    0xBD, 0xB9, 0x5A, 0xFC, 0x23, 0xDD, 0xAC, 0xF8, 0xF3, 0x90, 0x36, 0x78, 0x19, 0xDC, 0x87, 0xD7,
    0x00, 0xEE, 0x6D, 0x3A, 0x53, 0x50, 0x3A, 0x11, 0x3F, 0xE6, 0x23, 0x1D, 0xA4, 0xE8, 0x3F, 0x15,
    0xB9, 0x55, 0x3F, 0x19, 0xE2, 0x85, 0xB6, 0x4D, 0x66, 0x03, 0xE0, 0x64, 0xD5, 0xED, 0x4B, 0xCD,
    0x74, 0x7F, 0xE1, 0x2A, 0x71, 0x2A, 0x9D, 0x1C, 0x75, 0xD4, 0x9E, 0xF5, 0x24, 0x05, 0xE9, 0x8F,
    0x84, 0xF1, 0x69, 0xB8, 0x17, 0x4D, 0xC8, 0x10, 0x89, 0xD1, 0x1C, 0xE3, 0x5E, 0xED, 0xA7, 0x11,
    0xDA, 0xF4, 0xA9, 0x4C, 0x1D, 0x3B, 0xA8, 0xF6, 0x05, 0x11, 0x62, 0x5F, 0xE9, 0xA2, 0xFD, 0xBF,
    0xD4, 0x3F, 0x62, 0x8A, 0xB3, 0xA8, 0x2F, 0x4A, 0xA6, 0x2C, 0xCA, 0x48, 0x0E, 0xFB, 0x4B, 0xFF,
    0x4F, 0xCB, 0x47, 0xDB, 0x33, 0xDC, 0xD8, 0x32, 0x0B, 0xC5, 0x40, 0x34, 0x4B, 0x1B, 0xA1, 0xE9,
    0x4D, 0x40, 0x2D, 0x47, 0x51, 0x0C, 0x06, 0x6F, 0xA1, 0x18, 0xF5, 0x55, 0x1F, 0xB7, 0xE8, 0xA2,
    0x4F, 0x1A, 0x8C, 0x2B, 0xC6, 0x14, 0x9A, 0x4D, 0x36, 0xA5, 0x35, 0x34, 0xD3, 0x29, 0x2F, 0xA1,
    0x99, 0x2C, 0x85, 0x41, 0x33, 0x76, 0x28, 0x16, 0x16, 0xF9, 0x3D, 0x83, 0x26, 0x7B, 0x1D, 0xA0,
    0x19, 0xB8, 0x68, 0x9A, 0x8B, 0x26, 0x23, 0x02, 0x34, 0xAD, 0x12, 0x4D, 0x86, 0x1E, 0x68, 0x5A,
    0xDE, 0xAA, 0x56, 0x14, 0xC3, 0x81, 0xDE, 0xD2, 0xF3, 0x5B, 0x10, 0x79, 0xC5, 0x0A, 0x5D, 0x6D,
    0x66, 0x5D, 0xF5, 0x51, 0xFF, 0xEF, 0x9D, 0x29, 0x6C, 0x2E, 0xC5, 0xF8, 0xCA, 0x0C, 0xE3, 0xDC,
    0xCB, 0x95, 0xF1, 0xE1, 0xC8, 0xB8, 0x59, 0x19, 0x7F, 0xCF, 0x61, 0x6C, 0x5E, 0xC3, 0xD8, 0x4B,
    0x2B, 0xBE, 0xC4, 0x28, 0x5F, 0xFD, 0x45, 0x04, 0xE3, 0x6F, 0x8A, 0x71, 0x72, 0xC2, 0x38, 0x85,
    0x71, 0x99, 0xD1, 0xEC, 0xBC, 0xEF, 0xE3, 0x85, 0x0A, 0x27, 0xB3, 0x55, 0x2D, 0x8C, 0x8F, 0x73,
    0xCA, 0x1A, 0xE9, 0xDB, 0x56, 0x95, 0xA7, 0x22, 0x6C, 0xCE, 0xBF, 0x0E, 0x58, 0x86, 0x49, 0x19,
    0xB8, 0xED, 0x4A, 0x0F, 0x5C, 0x93, 0x7C, 0xA4, 0x86, 0xCC, 0x8B, 0xBA, 0xC1, 0x3B, 0xFC, 0xD0,
    0x01, 0xE2, 0xCE, 0x50, 0xCB, 0xBC, 0x83, 0x81, 0x34, 0x9B, 0x08, 0x1A, 0xD2, 0x39, 0x71, 0xA2,
    0xA8, 0x74, 0xC6, 0xE6, 0x7C, 0x5A, 0xA5, 0x17, 0x83, 0x21, 0x7B, 0xAE, 0x43, 0x37, 0x5D, 0x88,
    0x3A, 0xD2, 0x19, 0x99, 0x4D, 0xC8, 0x62, 0x44, 0x56, 0x43, 0xB5, 0x4A, 0xEF, 0x8A, 0x9E, 0x89,
    0x5F, 0xC1, 0x6A, 0x4C, 0x99, 0x2E, 0x56, 0x91, 0x26, 0x71, 0xEF, 0x8F, 0xC5, 0xDA, 0x6F, 0x52,
    0x05, 0x55, 0x36, 0x42, 0x04, 0x2F, 0x31, 0x00, 0x9C, 0x39, 0x58, 0x77, 0xDE, 0xD6, 0xB2, 0xDD,
    0x22, 0x7F, 0xD5, 0x4B, 0xF2, 0xDF, 0xAB, 0x97, 0xAC, 0xA2, 0xE8, 0x57, 0x51, 0x21, 0x0E, 0x1D,
    0xA2, 0x0D, 0xBC, 0xF6, 0x26, 0xF4, 0xD2, 0x9B, 0xC8, 0xCD, 0x9B, 0x64, 0xB1, 0x03, 0xBF, 0xAC,
    0xBA, 0x8A, 0x1C, 0x37, 0x23, 0xB0, 0x3B, 0xD3, 0x45, 0xCA, 0x35, 0xEB, 0x43, 0xC8, 0x0D, 0x09,
    0x88, 0xA9, 0x90, 0xA2, 0x03, 0x02, 0x8E, 0xC7, 0x95, 0x95, 0xBD, 0xB8, 0xFE, 0x67, 0x5D, 0xD8,
    0x59, 0xD0, 0x53, 0xED, 0x85, 0x85, 0xA4, 0xE3, 0x5E, 0x34, 0x7C, 0xB7, 0x7C, 0x08, 0xD4, 0xD2,
    0xDE, 0x1B, 0x20, 0xFD, 0xBD, 0xF2, 0x00, 0xC9, 0x80, 0xBA, 0xAB, 0x4E, 0xD4, 0x5F, 0xBF, 0xD8,
    0xD1, 0xDE, 0xA7, 0x77, 0xC4, 0x77, 0xE4, 0x27, 0x80, 0x26, 0x82, 0x26, 0x84, 0x26, 0x86, 0x26,
    0x88, 0x26, 0x8A, 0x26, 0x8C, 0x26, 0x8E, 0x26, 0x90, 0x28, 0x6E, 0x17, 0x4A, 0x13, 0x4B, 0x13,
    0x4C, 0x13, 0x4D, 0x13, 0x4E, 0x13, 0x4F, 0x01, 0xDD, 0xAA, 0x02, 0xD2, 0xA3, 0x41, 0x74, 0xB2,
    0xFC, 0x7B, 0x5C, 0x2C, 0x3E, 0x47, 0xC7, 0xBA, 0x97, 0x76, 0x38, 0x46, 0xCE, 0xB7, 0xB7, 0x9F,
    0x39, 0xE3, 0x8B, 0xC2, 0x2A, 0xAE, 0x02, 0x6B, 0x29, 0x64, 0xA9, 0x09, 0x05, 0xF6, 0xC8, 0x0A,
    0x49, 0x8D, 0x90, 0xE0, 0x35, 0x87, 0xAF, 0x39, 0x80, 0x45, 0x58, 0x88, 0xC5, 0x58, 0x90, 0x45,
    0x79, 0xC3, 0x7C, 0xC5, 0x7D, 0x9F, 0x75, 0x70, 0x92, 0xB8, 0x4E, 0x08, 0x28, 0xD3, 0x89, 0x37,
    0x9C, 0x0F, 0x60, 0x0A, 0x86, 0x48, 0x96, 0xDA, 0x8B, 0x20, 0x84, 0x18, 0x06, 0x1B, 0xB0, 0xF8,
    0x5E, 0x11, 0x32, 0xDF, 0x53, 0x08, 0xDF, 0x03, 0x60, 0xE2, 0x7B, 0xE2, 0xF9, 0x91, 0xEF, 0xB5,
    0xD3, 0xF7, 0x70, 0x4C, 0x61, 0x72, 0x92, 0xB8, 0xE9, 0x24, 0xD5, 0x89, 0xF6, 0xBF, 0x6E, 0x3B,
    0x60, 0x3F, 0x42, 0x36, 0x87, 0xC2, 0x57, 0xE9, 0x25, 0x5B, 0x37, 0x21, 0xCD, 0xE1, 0x7A, 0x2C,
    0xED, 0x0C, 0x62, 0x8E, 0x06, 0x74, 0x75, 0xB0, 0xD2, 0xCB, 0x7D, 0xE0, 0x7D, 0xEA, 0x3E, 0xBB,
    0xCF, 0xD0, 0x5B, 0xA2, 0x05, 0x7C, 0x63, 0xB8, 0xC0, 0xAF, 0x0F, 0x17, 0x00, 0xB6, 0xF1, 0x0C,
    0xC1, 0xEF, 0x1C, 0x26, 0x10, 0xBA, 0xDF, 0x86, 0xE1, 0x72, 0x1B, 0x88, 0x5E, 0x1B, 0x14, 0xA5,
    0x92, 0x55, 0xF5, 0x2B, 0xC7, 0xF5, 0x7A, 0xBB, 0x82, 0xF4, 0x3E, 0xAB, 0x73, 0xE7, 0x60, 0x6C,
    0x4F, 0x7D, 0x64, 0x23, 0x0C, 0x77, 0xEC, 0x5B, 0xD4, 0x08, 0xD0, 0xF7, 0x3C, 0x8C, 0x15, 0xA5,
    0x02, 0x8C, 0x0B, 0x77, 0x01, 0xBD, 0x23, 0xE5, 0x58, 0x8F, 0x11, 0x40, 0x08, 0x41, 0xB8, 0x7E,
    0x50, 0xDE, 0xA0, 0x42, 0x54, 0x63, 0x11, 0xF6, 0xA1, 0x20, 0x88, 0xC7, 0x66, 0x84, 0xF5, 0x50,
    0xC5, 0xE7, 0xB5, 0x5E, 0x25, 0xB7, 0xCB, 0x27, 0x7E, 0x48, 0x7B, 0xF0, 0x90, 0x02, 0x73, 0xA1,
    0x0A, 0x6A, 0x3E, 0x28, 0x6F, 0x8F, 0x3B, 0x64, 0x51, 0x14, 0x50, 0x0C, 0xC7, 0xC4, 0x19, 0x79,
    0x33, 0x1A, 0x57, 0xCB, 0x93, 0x9A, 0x6B, 0x68, 0x09, 0xAC, 0xC2, 0xCC, 0x05, 0x43, 0x07, 0x44,
    0xBD, 0x85, 0x02, 0xF1, 0x10, 0x7A, 0x5F, 0xCC, 0x89, 0xF7, 0x3E, 0xA7, 0xFE, 0x43, 0x1F, 0xD6,
    0x21, 0xEA, 0xFB, 0xED, 0x73, 0xF9, 0x9B, 0x56, 0x5E, 0x2D, 0xFE, 0x15, 0x08, 0xDF, 0x36, 0x86,
    0xA7, 0x0B, 0x72, 0xC4, 0xCA, 0x31, 0x5F, 0x3C, 0x41, 0xBD, 0x0C, 0x88, 0xF6, 0xC4, 0xE1, 0xDE,
    0xE4, 0xB1, 0x54, 0x28, 0x15, 0xB7, 0xFB, 0xB6, 0x36, 0x1D, 0x1F, 0x34, 0xB7, 0x3D, 0x1A, 0xCF,
    0xBA, 0xA3, 0x50, 0x10, 0x1E, 0x73, 0xAD, 0xDA, 0xFF, 0x51, 0x0E, 0x21, 0xCF, 0x7D, 0x54, 0xFA,
    0x86, 0x42, 0x5F, 0xEF, 0x4E, 0xB7, 0x9B, 0x2D, 0x97, 0xD0, 0x67, 0x47, 0xA2, 0xB2, 0x7B, 0xC4,
    0xF0, 0x05, 0xEE, 0x5A, 0x70, 0x2D, 0xC3, 0xB8, 0xA7, 0xBE, 0xF9, 0x10, 0xB0, 0x47, 0x7E, 0xB2,
    0xBA, 0x00, 0x71, 0xD1, 0xB6, 0xF1, 0x67, 0xDA, 0x7E, 0xB9, 0x0D, 0x46, 0xED, 0xC3, 0x86, 0xE5,
    0xE1, 0x1D, 0x26, 0xDE, 0x5E, 0xDA, 0x7D, 0x0B, 0x9C, 0x90, 0x33, 0x74, 0xD6, 0x79, 0x28, 0xF1,
    0x23, 0xAB, 0xE4, 0x01, 0x81, 0x53, 0x11, 0x4C, 0x15, 0xB5, 0x52, 0x71, 0x0D, 0xA3, 0x8C, 0x92,
    0x12, 0xAB, 0xFC, 0x5B, 0x32, 0x20, 0xBC, 0x6C, 0x2A, 0x24, 0x91, 0x1D, 0xCF, 0xAB, 0xED, 0xB0,
    0xFE, 0xE6, 0xB8, 0x7D, 0x04, 0xD9, 0x72, 0x0F, 0x79, 0x32, 0xE5, 0x3B, 0x01, 0x8D, 0x9D, 0x58,
    0x37, 0xCB, 0x81, 0x15, 0xBA, 0xEE, 0x1B, 0x47, 0xAE, 0x78, 0x77, 0x1C, 0x96, 0x16, 0x02, 0xFF,
    0xC9, 0x16, 0x26, 0x50, 0xAF, 0xCB, 0x49, 0x22, 0x6F, 0x11, 0x33, 0x75, 0xE0, 0x21, 0x95, 0x86,
    0x9A, 0x4E, 0x2F, 0xF5, 0x0F, 0xE1, 0x81, 0xB7, 0x48, 0x02, 0x39, 0xD3, 0xEC, 0x43, 0x5D, 0x95,
    0x56, 0xF1, 0xE3, 0xC4, 0x35, 0x25, 0xF3, 0x72, 0x73, 0xBA, 0xD4, 0x1B, 0xF8, 0x7F, 0x9E, 0x5B,
    0xA7, 0xA8, 0x7F, 0x6C, 0xA9, 0xD1, 0xD3, 0x35, 0x0C, 0xF2, 0x5D, 0x34, 0xAE, 0x22, 0x6D, 0x6F,
    0x99, 0x5D, 0xB3, 0x6B, 0x1F, 0x3C, 0x30, 0xAD, 0x43, 0xDE, 0xF4, 0x3B, 0xEA, 0x89, 0x3F, 0x03,
    0xE3, 0xDE, 0x09, 0x8C, 0xE7, 0xE5, 0xB4, 0x3B, 0x8C, 0xDB, 0xBF, 0x0C, 0xC6, 0xEB, 0xBF, 0x1A,
    0x8C, 0x6E, 0x83, 0x11, 0x97, 0x7B, 0x96, 0xB7, 0xEA, 0x90, 0x59, 0xAF, 0x97, 0x22, 0xE2, 0x85,
    0x3D, 0xD3, 0x02, 0x13, 0x90, 0x40, 0x04, 0x20, 0xF0, 0xE0, 0x1B, 0x68, 0x00, 0x03, 0x16, 0xA0,
    0x80, 0x04, 0x20, 0xE0, 0x00, 0x06, 0x28, 0x00, 0x01, 0x06, 0x09, 0xF5, 0xFC, 0xB8, 0x99, 0xBD,
    0xAC, 0x15, 0xCE, 0xC8, 0xB5, 0xC9, 0x89, 0xF2, 0x3F, 0x95, 0x99, 0xDD, 0x58, 0xAB, 0x7C, 0x0D,
    0x1B, 0xAD, 0x30, 0x5C, 0x39, 0xFF, 0xAB, 0x7E, 0x73, 0xAB, 0xC4, 0x35, 0xEF, 0x7F, 0x6C, 0x3B,
    0x23, 0xB3, 0x6F, 0x4D, 0xBE, 0x35, 0xF7, 0xF6, 0x01, 0xD1, 0x6A, 0xE2, 0xFD, 0x01, 0xBB, 0x55,
    0xEC, 0x1C, 0x96, 0x9E, 0xA8, 0xC5, 0xF2, 0x3A, 0x9B, 0xD6, 0xAA, 0x17, 0x65, 0x3E, 0xDA, 0x64,
    0x15, 0x1E, 0x3F, 0x9E, 0x64, 0xB3, 0xA5, 0x78, 0xBE, 0xEA, 0xB9, 0x65, 0xD6, 0x2C, 0xBC, 0x30,
    0x5D, 0x2E, 0x95, 0xCE, 0x52, 0x6A, 0x87, 0xEC, 0xE7, 0xEF, 0x58, 0x4E, 0xDC, 0x51, 0x99, 0x94,
    0xFD, 0x96, 0x08, 0x7C, 0x79, 0x4B, 0x53, 0xEE, 0x21, 0xD7, 0x5A, 0xD1, 0x93, 0x2D, 0xE4, 0x9F,
    0xF8, 0xA4, 0x9E, 0x3C, 0x98, 0x8E, 0xEA, 0xDC, 0xA2, 0xC1, 0xB2, 0x2A, 0x9F, 0xE3, 0xF5, 0x93,
    0xAC, 0x9F, 0xB3, 0x6B, 0x0D, 0x1D, 0xAD, 0xB5, 0xAF, 0x35, 0x6C, 0xCB, 0x13, 0x41, 0x1D, 0x79,
    0xD2, 0xC4, 0xEE, 0x6C, 0x2C, 0x05, 0x34, 0x9E, 0x41, 0xF7, 0x32, 0xEB, 0x79, 0x01, 0x28, 0x1E,
    0x0E, 0x5C, 0x23, 0xFD, 0x6B, 0xD7, 0xCD, 0xEE, 0x0D, 0xC7, 0xED, 0xD2, 0x64, 0x6D, 0xD0, 0xC9,
    0xDB, 0xB3, 0x98, 0xF4, 0xAA, 0x79, 0x23, 0x6C, 0x76, 0xF6, 0xB8, 0x0C, 0x2D, 0x61, 0xC6, 0xBF,
    0x27, 0xD3, 0x4B, 0x30, 0xA3, 0xB0, 0xA2, 0xB6, 0x78, 0xAA, 0x18, 0x69, 0xEF, 0xC2, 0x12, 0x98,
    0xFF, 0x76, 0x5B, 0x34, 0x0B, 0x67, 0xD8, 0x46, 0xC8, 0xD5, 0xA9, 0x4E, 0xB8, 0x0D, 0xA1, 0xDA,
    0x41, 0x76, 0x6E, 0xF1, 0x6C, 0x50, 0xC0, 0x49, 0x8B, 0xFC, 0x06, 0xE2, 0xEE, 0x2A, 0x80, 0x56,
    0x71, 0x6F, 0x31, 0x6F, 0x29, 0xC6, 0x91, 0x3B, 0xEA, 0xC0, 0x39, 0xCA, 0x50, 0x2A, 0x12, 0xB5,
    0x78, 0x88, 0xDD, 0x2A, 0x4B, 0xBB, 0x64, 0xB1, 0x82, 0x44, 0xCF, 0x6C, 0x37, 0x2C, 0x5F, 0x4D,
    0x5C, 0xD5, 0x75, 0xCB, 0xC7, 0x55, 0x9C, 0x33, 0x51, 0x31, 0x49, 0xA0, 0xE9, 0x1B, 0x0F, 0xEB,
    0x4E, 0x18, 0x4A, 0xC1, 0x10, 0x75, 0x96, 0xE1, 0xB2, 0xA3, 0xD4, 0x5C, 0x48, 0x59, 0x11, 0xEC,
    0x92, 0xB2, 0xE0, 0xAF, 0xCF, 0x2F, 0x70, 0x41, 0x72, 0x7A, 0xFF, 0x73, 0xB2, 0x76, 0x01, 0xAD,
    0xBA, 0xC0, 0x9A, 0x33, 0x09, 0x7F, 0x6E, 0x8B, 0xCB, 0x74, 0xCE, 0xD9, 0x39, 0xA1, 0x54, 0x18,
    0xFE, 0xAC, 0x86, 0xCA, 0xCA, 0x01, 0x55, 0xFD, 0x50, 0x66, 0xE8, 0xED, 0xA3, 0xF9, 0x73, 0xD4,
    0x9E, 0x8B, 0x3A, 0xB5, 0x5A, 0x11, 0xFB, 0xC4, 0x12, 0x7E, 0xEC, 0x03, 0xB3, 0x59, 0xAB, 0x84,
    0xE0, 0x96, 0xA2, 0x9D, 0xBB, 0xF2, 0x9F, 0x09, 0xFF, 0x07, 0x31, 0xB6, 0x07, 0xDA, 0x4F, 0x19,
    0xF5, 0xAA, 0x93, 0x36, 0xDA, 0xC5, 0xAD, 0x25, 0x18, 0xA4, 0x4D, 0x8E, 0x69, 0x03, 0x5C, 0xF2,
    0x5C, 0x20, 0xC8, 0xE5, 0x46, 0x85, 0xD4, 0xFD, 0x55, 0x4D, 0x16, 0x70, 0xDD, 0x4B, 0x82, 0xB1,
    0x4C, 0x94, 0x93, 0xE3, 0xBC, 0x0D, 0xFF, 0xE6, 0xC5, 0xA9, 0xD1, 0x8D, 0x6D, 0x66, 0xE0, 0x9D,
    0x72, 0xB0, 0x3A, 0x5C, 0xF3, 0x0A, 0xAC, 0xD7, 0x53, 0x2C, 0xFC, 0x52, 0x50, 0x9A, 0x0E, 0x9A,
    0xD1, 0x1B, 0x52, 0x73, 0x4C, 0xD3, 0x26, 0x52, 0x89, 0x77, 0xC6, 0xC8, 0xCB, 0xE7, 0xD9, 0x56,
    0x67, 0x57, 0x8B, 0x9E, 0xEA, 0x55, 0x1D, 0xB5, 0x3B, 0x34, 0x29, 0x06, 0x35, 0xCC, 0x26, 0xBD,
    0xFE, 0x34, 0x56, 0xD9, 0xDF, 0x61, 0x8D, 0xBD, 0x45, 0x36, 0x2C, 0x7A, 0xB3, 0xBB, 0x9A, 0x2C,
    0x69, 0xF6, 0xBD, 0x3E, 0xF1, 0x25, 0x7F, 0xB7, 0x4D, 0x7C, 0x2A, 0x70, 0xA5, 0x9E, 0xDA, 0x7B,
    0x99, 0xD7, 0xBF, 0xE0, 0x8F, 0x60, 0x5C, 0x42, 0xC0, 0x82, 0x9A, 0xF9, 0x44, 0xF4, 0x77, 0x76,
    0xF7, 0xDA, 0xA3, 0x41, 0xFB, 0xE5, 0x5F, 0xF8, 0x47, 0x30, 0x2E, 0x1F, 0x61, 0xED, 0x92, 0xB3,
    0xD4, 0x32, 0x24, 0xBB, 0x92, 0xB4, 0x51, 0xCE, 0x12, 0xED, 0x59, 0x92, 0xEF, 0xFC, 0xF1, 0x23,
    0xA2, 0x1D, 0x8A, 0x68, 0xF2, 0xFF, 0x90, 0xF6, 0xE1, 0x58, 0xEA, 0x29, 0xA4, 0x3D, 0xAD, 0x8B,
    0xE1, 0x70, 0xF9, 0xA0, 0x73, 0x37, 0xC7, 0x0F, 0xF1, 0x9E, 0xA0, 0x01, 0x71, 0x58, 0x23, 0x83,
    0x86, 0x2B, 0xF6, 0xA3, 0x1A, 0xF9, 0xB1, 0x47, 0x04, 0x3D, 0x19, 0xAB, 0x4E, 0x89, 0x4D, 0xBC,
    0x3A, 0x7B, 0x63, 0x52, 0x62, 0xB3, 0x43, 0xBD, 0x92, 0x5D, 0x46, 0xDA, 0xFE, 0x39, 0xE2, 0xCC,
    0x25, 0x1D, 0x09, 0x7F, 0x0A, 0x16, 0xAB, 0xBA, 0xFB, 0x18, 0xFA, 0xD5, 0x81, 0xD9, 0x76, 0x58,
    0x3F, 0x02, 0xCE, 0xE7, 0xB1, 0x8D, 0x1B, 0xB6, 0x1B, 0x8A, 0x91, 0xC0, 0xD6, 0x9D, 0x60, 0x0B,
    0x76, 0x6C, 0xA1, 0xB6, 0x91, 0x1F, 0xB1, 0x45, 0x4C, 0x42, 0xCE, 0x63, 0x4B, 0x85, 0x2D, 0x2B,
    0xE1, 0x05, 0x3D, 0xD4, 0x0D, 0x14, 0x4F, 0xE6, 0xBB, 0x10, 0x6C, 0x2B, 0x3D, 0x72, 0xC8, 0x67,
    0xB1, 0xE5, 0xDE, 0xA1, 0xAC, 0x57, 0xFB, 0x36, 0x27, 0xE1, 0x2A, 0x4F, 0xE2, 0x28, 0x8E, 0xEA,
    0x6F, 0x74, 0x71, 0xD0, 0x9B, 0xA4, 0x7C, 0x58, 0x10, 0x27, 0x03, 0xE2, 0xB4, 0x67, 0xAE, 0xD2,
    0x66, 0xAF, 0x95, 0x2E, 0x8F, 0xC8, 0x68, 0xFC, 0xE2, 0x16, 0xC5, 0x92, 0xF7, 0xD9, 0x77, 0xFD,
    0x86, 0x58, 0xBA, 0x87, 0x46, 0xFB, 0x3B, 0xDC, 0x6C, 0xC9, 0x1A, 0x19, 0x3E, 0xC4, 0x17, 0x8E,
    0x9B, 0x05, 0x3B, 0xE0, 0x57, 0xBB, 0xE6, 0x02, 0x1B, 0xC7, 0xD0, 0xC7, 0x18, 0x7B, 0x47, 0xCB,
    0xEB, 0xC8, 0xEB, 0x88, 0x24, 0x0F, 0xAD, 0x44, 0xEC, 0x7D, 0x8B, 0x76, 0x22, 0xF3, 0x3A, 0x71,
    0x92, 0xF9, 0x18, 0x68, 0x01, 0xB1, 0x1A, 0xE4, 0xF9, 0xB7, 0x8A, 0x21, 0xEE, 0x38, 0x99, 0x8A,
    0x21, 0x6D, 0xD8, 0x6C, 0x38, 0x16, 0x43, 0xC6, 0x1E, 0x8A, 0xA8, 0xAF, 0x86, 0x82, 0xB0, 0x2C,
    0xE9, 0xAA, 0xFE, 0x16, 0x27, 0x69, 0x53, 0x11, 0x5D, 0x26, 0x4B, 0x5E, 0x56, 0xFD, 0xC8, 0x49,
    0x61, 0xD5, 0x8F, 0x7B, 0x4E, 0xEE, 0x59, 0xF5, 0xEF, 0x1D, 0xE1, 0xDD, 0x64, 0xD5, 0x7B, 0x8D,
    0xB6, 0x21, 0x1F, 0xBC, 0xE6, 0xA4, 0x5B, 0x4F, 0x34, 0xA9, 0xD4, 0x62, 0x4E, 0xCA, 0x9C, 0x6E,
    0xE2, 0x84, 0x69, 0x1D, 0x90, 0xF6, 0x64, 0xE0, 0x16, 0x65, 0x9A, 0x4F, 0x26, 0x7C, 0x68, 0xA5,
    0x0B, 0x38, 0xF6, 0x8C, 0x01, 0xC7, 0xCD, 0xD9, 0xFC, 0xAB, 0xB4, 0xD9, 0x14, 0xF8, 0x0B, 0x8B,
    0xD1, 0xD6, 0x1E, 0xBB, 0xA5, 0xB4, 0xF6, 0xAA, 0x9F, 0x59, 0xDB, 0x7B, 0x31, 0xB7, 0xE7, 0x8A,
    0x3E, 0x9E, 0xAD, 0x3A, 0xFE, 0x53, 0x9D, 0x82, 0x39, 0x4B, 0x4A, 0x68, 0xCB, 0xF2, 0x0B, 0xB1,
    0x2D, 0xED, 0x3F, 0xD8, 0x2B, 0xCC, 0x5F, 0x3E, 0xDD, 0xDB, 0x5D, 0x7C, 0xE0, 0x2F, 0x7B, 0x1B,
    0xA0, 0xF2, 0x9F, 0x1D, 0x98, 0x96, 0xE0, 0x07, 0x1D, 0x73, 0x4D, 0x4F, 0xBE, 0xD1, 0x57, 0xE5,
    0xAA, 0x9D, 0x45, 0x56, 0xCA, 0xA5, 0xE3, 0xB0, 0xBA, 0x1D, 0x7A, 0x73, 0xBA, 0xBE, 0xED, 0x9A,
    0xD2, 0xF3, 0xA5, 0xB6, 0xDB, 0xF2, 0x55, 0x79, 0xF7, 0x67, 0xDB, 0x71, 0x5E, 0x3F, 0x0D, 0xAD,
    0x58, 0xD1, 0x6E, 0x8D, 0x25, 0x83, 0xFE, 0x29, 0x86, 0x32, 0x83, 0x85, 0xFE, 0xA1, 0xC6, 0x7D,
    0xFD, 0x01, 0x08, 0x50, 0xAD, 0x96, 0x74, 0x86, 0x83, 0xE3, 0x21, 0xEC, 0x79, 0x34, 0xD4, 0xAC,
    0xFC, 0xAF, 0x4A, 0xD5, 0x78, 0xF9, 0xEB, 0x6E, 0xC1, 0x8A, 0x5D, 0x99, 0x25, 0x29, 0x0A, 0x46,
    0x53, 0x27, 0xBE, 0xEB, 0xB8, 0xEB, 0xFB, 0x3D, 0x97, 0x43, 0x6C, 0xFB, 0xF6, 0x96, 0x1A, 0xB5,
    0xA4, 0x25, 0xB1, 0xC0, 0x66, 0xCE, 0xDA, 0x68, 0xFC, 0x32, 0xC4, 0x37, 0xCB, 0xE8, 0xAD, 0x55,
    0x5A, 0xF2, 0xF9, 0xD9, 0x16, 0x4B, 0xA3, 0xC5, 0x66, 0xFB, 0x78, 0xE4, 0xC1, 0x04, 0x3C, 0x0C,
    0x5A, 0xDB, 0x8D, 0xE7, 0xF8, 0xD7, 0x7A, 0xE4, 0x77, 0x5B, 0x60, 0xBE, 0x49, 0x59, 0xD5, 0x5B,
    0xA5, 0x01, 0xC8, 0x90, 0xB3, 0x21, 0x95, 0x27, 0x3C, 0xF9, 0x33, 0x35, 0x30, 0x78, 0xD6, 0x0A,
    0xEE, 0xE1, 0x89, 0xE6, 0xEF, 0xF6, 0x48, 0x6F, 0xB8, 0x7F, 0xD9, 0x76, 0x07, 0x6B, 0x4E, 0xA9,
    0xD6, 0xF1, 0x52, 0x4A, 0xB3, 0xE0, 0x7B, 0x97, 0xB0, 0x41, 0xF6, 0x19, 0xD5, 0xA4, 0x7B, 0xBA,
    0xD3, 0x85, 0x93, 0xF1, 0xA2, 0x08, 0x9B, 0x5B, 0x63, 0x54, 0x69, 0x09, 0xCA, 0x2C, 0xED, 0x80,
    0x0A, 0x40, 0x5C, 0x34, 0x57, 0x15, 0xAF, 0x5B, 0xA2, 0xBA, 0xE5, 0xAA, 0x94, 0xFA, 0x66, 0xE0,
    0x9D, 0xAA, 0xD1, 0xA0, 0x32, 0x37, 0xB5, 0xC5, 0xA9, 0x9B, 0xEB, 0xAB, 0xD4, 0xCB, 0xE0, 0xB6,
    0xF1, 0xDC, 0xB8, 0xA1, 0x4B, 0x30, 0x00, 0x84, 0xDE, 0x51, 0x33, 0xE6, 0x5F, 0xAE, 0x21, 0x72,
    0x06, 0xB2, 0xFB, 0x24, 0x35, 0x6E, 0x39, 0x55, 0xB0, 0x5A, 0xB0, 0xE5, 0x54, 0x93, 0x9E, 0xC2,
    0xEA, 0x2D, 0x04, 0x91, 0xA1, 0xCC, 0x8A, 0x5F, 0xE8, 0x99, 0x75, 0xB6, 0x98, 0x55, 0x26, 0x3F,
    0x20, 0x21, 0x61, 0x37, 0x07, 0xFB, 0xF0, 0xC9, 0xDF, 0x9A, 0x9A, 0x8F, 0xFB, 0xB1, 0x4E, 0x2E,
    0x79, 0x17, 0x36, 0x91, 0xCF, 0x49, 0x9D, 0x62, 0x7E, 0x41, 0x1E, 0xEA, 0x1E, 0xD1, 0xE5, 0xCB,
    0x5A, 0xCD, 0xFF, 0xD0, 0x2F, 0xFA, 0xD3, 0x09, 0x97, 0x90, 0xE8, 0x95, 0x6E, 0xDB, 0x55, 0x8B,
    0xC8, 0x80, 0xA1, 0x89, 0xE0, 0x43, 0x83, 0x59, 0xD8, 0x3D, 0x54, 0xF6, 0xDD, 0x8B, 0xFE, 0x91,
    0xFF, 0x25, 0x64, 0x1A, 0xF4, 0xE4, 0xD7, 0x27, 0x7A, 0xF9, 0x72, 0xA0, 0xFB, 0xF3, 0xEC, 0xA2,
    0x67, 0x48, 0xAA, 0x1F, 0x0A, 0xD3, 0xFF, 0x02, 0x84, 0x96, 0x31, 0xEC, 0xDE, 0x48, 0x11, 0xC5,
    0x9F, 0x6D, 0x81, 0x75, 0x32, 0xD2, 0xA6, 0x44, 0x3A, 0x24, 0x53, 0x50, 0xA1, 0x48, 0xA6, 0xA0,
    0xE3, 0x94, 0xF5, 0x41, 0x79, 0xC5, 0x51, 0xD1, 0xD2, 0x03, 0x52, 0x1A, 0xDA, 0xC4, 0x56, 0xFA,
    0x22, 0x7D, 0x45, 0x49, 0x17, 0x4A, 0x24, 0x92, 0x78, 0x81, 0x12, 0xA1, 0xF3, 0xDD, 0xF5, 0xC2,
    0x91, 0x52, 0xD0, 0xDD, 0x0A, 0x19, 0xE4, 0x3F, 0xB1, 0xFD, 0xD0, 0x3C, 0xAF, 0xFD, 0x25, 0x39,
    0x89, 0x9B, 0xC2, 0x33, 0xFE, 0xBC, 0xBB, 0xDF, 0xCC, 0x6F, 0xDE, 0x58, 0x86, 0x59, 0x31, 0xC9,
    0x55, 0x51, 0xAE, 0x7C, 0xC7, 0xB9, 0x09, 0xA8, 0x48, 0x06, 0x64, 0x24, 0x77, 0xC0, 0x91, 0x9C,
    0x00, 0xBF, 0x61, 0x98, 0x01, 0x4E, 0xA8, 0x57, 0x14, 0xEC, 0xE1, 0x36, 0x54, 0x04, 0xAA, 0xDD,
    0x22, 0x94, 0x3B, 0x9A, 0x15, 0x28, 0x09, 0x3F, 0xEB, 0xCE, 0x47, 0x3D, 0xEB, 0x22, 0xE0, 0x76,
    0x0C, 0x13, 0x6C, 0x99, 0xB9, 0x7A, 0x95, 0xF3, 0x8B, 0x5C, 0x17, 0xD1, 0x4D, 0x3A, 0xD6, 0x47,
    0xE4, 0x0C, 0xF6, 0x7B, 0xC5, 0xD6, 0xF6, 0x74, 0x76, 0x2C, 0xC9, 0x08, 0xA5, 0xD2, 0x02, 0xF8,
    0x90, 0xAF, 0xF1, 0x96, 0xBD, 0xB4, 0x0B, 0xED, 0x32, 0x9C, 0xB7, 0xBF, 0x58, 0x91, 0x93, 0x33,
    0x1A, 0xDB, 0x40, 0x12, 0x05, 0x9F, 0xB0, 0x75, 0x1B, 0x18, 0xEA, 0x15, 0x0C, 0x3E, 0x82, 0xA1,
    0xB3, 0xCB, 0x30, 0xD9, 0x65, 0xCC, 0xD8, 0x33, 0xE4, 0x6C, 0x19, 0x0A, 0x82, 0xA1, 0xDA, 0x31,
    0xD8, 0xCA, 0x6E, 0xEA, 0x74, 0xC8, 0x68, 0x30, 0x80, 0x6C, 0xB8, 0xFE, 0x38, 0x8F, 0x87, 0x2F,
    0xE6, 0xF7, 0x7C, 0xFA, 0xBD, 0x9A, 0x0A, 0x72, 0x2C, 0x69, 0x07, 0xB2, 0x2F, 0x79, 0x07, 0x21,
    0xF1, 0x80, 0x60, 0x3C, 0x02, 0x54, 0xF8, 0x73, 0x00, 0x1C, 0x81, 0xD5, 0x7C, 0x00, 0x16, 0xA8,
    0xFC, 0x6C, 0x86, 0xE8, 0x16, 0xD1, 0xBC, 0xB5, 0x4A, 0x50, 0x51, 0x8E, 0xC2, 0x89, 0x2A, 0x40,
    0xBC, 0x5D, 0x10, 0x49, 0xD4, 0x3D, 0x04, 0xBE, 0x81, 0x90, 0xC2, 0x27, 0xFF, 0xD2, 0xFC, 0x8A,
    0xCC, 0x8E, 0x6F, 0xD8, 0xD6, 0x96, 0x64, 0x2D, 0x98, 0x67, 0x7B, 0x81, 0x5C, 0xFD, 0x15, 0xD6,
    0xA7, 0x78, 0xCF, 0x52, 0x35, 0xE5, 0x7C, 0xD5, 0x78, 0xFD, 0x98, 0xFD, 0x72, 0x42, 0xB3, 0x80,
    0xEC, 0x33, 0xAE, 0xE0, 0x3F, 0x51, 0x71, 0xCD, 0xD9, 0xA3, 0x79, 0xB6, 0x14, 0x6C, 0xF1, 0x51,
    0x33, 0x17, 0x04, 0xEE, 0xF9, 0x68, 0xF9, 0xA2, 0x9B, 0x2C, 0x5D, 0x0C, 0xC1, 0x1D, 0x95, 0x5A,
    0xB2, 0x19, 0xFB, 0x9F, 0xA8, 0x5E, 0xFC, 0xE9, 0x28, 0xF3, 0x1F, 0xD1, 0x34, 0x53, 0x7C, 0x36,
    0xDD, 0x43, 0xB5, 0xBB, 0xFA, 0xF3, 0x88, 0x8A, 0x7B, 0xF3, 0x95, 0xC1, 0x5F, 0x3D, 0x5B, 0x14,
    0x8C, 0x56, 0x14, 0xD8, 0x36, 0x3D, 0x6E, 0xE6, 0xFA, 0xEE, 0xAD, 0x9B, 0x2F, 0x56, 0x5C, 0x56,
    0x32, 0xE2, 0xB2, 0x82, 0x01, 0x97, 0x65, 0xC4, 0xFF, 0x31, 0x09, 0xAE, 0x97, 0xDE, 0x38, 0xEA,
    0x46, 0x7A, 0x12, 0xAF, 0x81, 0x64, 0x5B, 0x50, 0x0B, 0x30, 0xC4, 0x8A, 0xA1, 0x8C, 0xA8, 0x79,
    0xF4, 0x91, 0x53, 0x35, 0xA2, 0x4B, 0xCD, 0x1C, 0xA2, 0xEB, 0xC1, 0x88, 0x43, 0xD0, 0xB1, 0xB6,
    0x0C, 0xD4, 0x56, 0x4D, 0x85, 0xA3, 0x72, 0x6A, 0x0F, 0x59, 0x6C, 0x50, 0x83, 0x75, 0xC3, 0x19,
    0xD6, 0x65, 0x09, 0x25, 0xE7, 0x08, 0x6B, 0xB5, 0x6E, 0x2A, 0xF6, 0x38, 0xFA, 0x3D, 0x44, 0x34,
    0x6A, 0x9A, 0x71, 0xE4, 0x84, 0x6E, 0xC1, 0xD1, 0xF1, 0x8C, 0x21, 0x63, 0xD4, 0x4D, 0x44, 0x61,
    0xC2, 0x0B, 0xF8, 0x5D, 0xDA, 0x0C, 0x47, 0x09, 0x69, 0x98, 0x6C, 0xB3, 0x5F, 0x51, 0x8D, 0x4A,
    0x7A, 0x58, 0xC0, 0x88, 0x3A, 0xD8, 0xE6, 0x8A, 0x53, 0xC1, 0x11, 0xBE, 0x3D, 0xEA, 0x6D, 0x9D,
    0x5D, 0x81, 0x86, 0xE4, 0x02, 0xBB, 0xD9, 0x45, 0xE0, 0xBF, 0xAD, 0x64, 0xB4, 0x5D, 0xA8, 0xD0,
    0xE0, 0x25, 0x12, 0x29, 0xB8, 0xBF, 0x2E, 0x48, 0xA0, 0x50, 0x71, 0x42, 0xE2, 0x84, 0x92, 0xED,
    0x89, 0x09, 0xC5, 0x86, 0x93, 0x52, 0xB6, 0xB7, 0x1F, 0x9C, 0x90, 0x4A, 0x2E, 0xCD, 0xC9, 0xC8,
    0x91, 0xDB, 0x89, 0xC8, 0x93, 0xF3, 0x49, 0xE8, 0xE5, 0xC0, 0xF1, 0x04, 0x14, 0x73, 0xB6, 0x27,
    0x9F, 0xA7, 0x78, 0x71, 0xC3, 0x93, 0xCF, 0x17, 0x1D, 0xD5, 0x99, 0xE0, 0xA0, 0x69, 0x2F, 0x36,
    0x5A, 0x9E, 0xD0, 0xE4, 0x02, 0x28, 0x32, 0x76, 0xF2, 0xF7, 0x4E, 0x30, 0x0D, 0xA7, 0x3F, 0x26,
    0x2E, 0x56, 0x50, 0x4C, 0x58, 0xF2, 0x37, 0x64, 0x48, 0x54, 0xAA, 0xB1, 0x63, 0x9B, 0xA0, 0x14,
    0x6D, 0xB5, 0xE2, 0x66, 0xED, 0xE1, 0xBE, 0xF5, 0xFC, 0xA6, 0xAB, 0x15, 0x0D, 0x1E, 0x4B, 0xA8,
    0x5C, 0x50, 0x3F, 0xD1, 0xEA, 0x82, 0x11, 0xCE, 0xC4, 0x2F, 0x52, 0x30, 0x54, 0xD0, 0xCC, 0xA0,
    0x20, 0x64, 0x43, 0x40, 0xFE, 0x7B, 0xC8, 0x2E, 0x15, 0x3F, 0x1C, 0xD9, 0xE7, 0x1B, 0xBE, 0x63,
    0xFB, 0xFF, 0x65, 0x9D, 0x7A, 0xFD, 0x00, 0xEA, 0x0A, 0x1A, 0x75, 0xA1, 0x5B, 0xEA, 0x1D, 0x9D,
    0x66, 0x9D, 0x53, 0xB9, 0x61, 0x1B, 0x18, 0xAC, 0xEC, 0x6A, 0xCD, 0xA6, 0x92, 0x82, 0xE9, 0x96,
    0x2C, 0x60, 0x15, 0xBF, 0x7A, 0xD6, 0x60, 0x1B, 0x3E, 0xA9, 0x33, 0x18, 0x69, 0x4B, 0x01, 0x5E,
    0xC0, 0xAE, 0xB7, 0x54, 0x17, 0x73, 0x3B, 0x27, 0x2A, 0xC1, 0x92, 0xBD, 0x6D, 0xFE, 0xC8, 0xE6,
    0xDB, 0xFA, 0xC4, 0xCF, 0x67, 0x74, 0xF1, 0x11, 0x3F, 0x6E, 0x49, 0x4E, 0xF0, 0x5C, 0xC8, 0x9F,
    0xBD, 0x21, 0x7B, 0x34, 0xFC, 0x82, 0x74, 0x61, 0xA0, 0x8D, 0x78, 0xC6, 0xBB, 0x0A, 0x6E, 0x79,
    0x17, 0x54, 0x49, 0x95, 0xE6, 0xB9, 0xA3, 0x22, 0x7B, 0x85, 0x8B, 0x80, 0x40, 0x8A, 0x50, 0x7B,
    0x14, 0x4A, 0x44, 0x07, 0xCE, 0x13, 0x88, 0xE4, 0x90, 0x29, 0x94, 0x1A, 0xB4, 0x5E, 0xD5, 0x48,
    0x40, 0x00, 0x9A, 0x25, 0xAD, 0x57, 0x61, 0x5A, 0xAF, 0xC2, 0xB4, 0x3E, 0x91, 0xD7, 0x7A, 0x48,
    0x33, 0x68, 0x52, 0x68, 0x20, 0x94, 0x69, 0xA6, 0x50, 0xD9, 0xE4, 0xEC, 0x25, 0x1C, 0xE8, 0x74,
    0x25, 0xF6, 0xC3, 0x56, 0xA7, 0x4B, 0x36, 0xAE, 0x77, 0x9B, 0xD6, 0x67, 0x7B, 0x3D, 0xF9, 0x05,
    0x12, 0xCD, 0x56, 0x53, 0xC7, 0x92, 0x5C, 0x1D, 0xB5, 0x8B, 0xE4, 0x9C, 0xF3, 0x35, 0x2E, 0xCB,
    0xB7, 0x33, 0x72, 0x3C, 0xA3, 0x9A, 0x09, 0x8D, 0x45, 0x89, 0x4C, 0xB9, 0xA4, 0x7C, 0x65, 0x89,
    0x0B, 0x2E, 0x2C, 0x97, 0x4C, 0x1E, 0x86, 0x94, 0x76, 0xC9, 0x31, 0x31, 0x69, 0x38, 0x9E, 0x49,
    0x1F, 0x0F, 0x80, 0x62, 0x66, 0x48, 0x00, 0x3F, 0x66, 0x9F, 0x78, 0x68, 0xAE, 0x84, 0x43, 0xBC,
    0x9B, 0x14, 0x25, 0x18, 0xE5, 0x96, 0xD8, 0x41, 0x7A, 0x17, 0x0A, 0xB7, 0x22, 0x91, 0x70, 0x4B,
    0x02, 0x81, 0x66, 0x4E, 0x1C, 0xB4, 0x58, 0x18, 0x14, 0x89, 0x02, 0xBA, 0x31, 0x41, 0x30, 0x7D,
    0x27, 0x63, 0x9F, 0x82, 0x8C, 0x2D, 0x64, 0x3F, 0xC8, 0x77, 0x1C, 0xF6, 0xA2, 0x58, 0x53, 0xC4,
    0x4F, 0xE7, 0x33, 0xBA, 0x4A, 0x1E, 0xCE, 0x0D, 0x68, 0x12, 0xD2, 0x5F, 0xF7, 0x18, 0x7A, 0x3C,
    0x63, 0x9B, 0x73, 0xCA, 0x48, 0x14, 0x36, 0xC4, 0x3B, 0x0A, 0x8E, 0xA8, 0x37, 0x60, 0x68, 0x91,
    0xA6, 0xD5, 0x1D, 0xAE, 0x5E, 0xE4, 0x9A, 0x19, 0xD5, 0xAC, 0xF2, 0x86, 0x15, 0xF0, 0x53, 0xC1,
    0x15, 0x18, 0xC6, 0x9A, 0x8B, 0x61, 0x7D, 0xDC, 0xCC, 0xE6, 0xBE, 0xEF, 0x23, 0xB2, 0xE3, 0x55,
    0x9E, 0x13, 0x56, 0x4A, 0x41, 0xCD, 0x69, 0xB9, 0x0B, 0x7E, 0xB5, 0xA9, 0x16, 0xB7, 0x8A, 0xA4,
    0x5B, 0xF4, 0xB8, 0x9E, 0xEF, 0x9B, 0xF3, 0x6F, 0x16, 0x5B, 0xE5, 0x39, 0x55, 0x9B, 0x39, 0x5B,
    0x65, 0x49, 0xA7, 0x89, 0xA8, 0xA3, 0x9C, 0x9F, 0x00, 0x7C, 0x1B, 0xDE, 0xD0, 0xB8, 0x30, 0xE8,
    0xD5, 0xFF, 0x8A, 0x30, 0x47, 0xE5, 0xEB, 0x38, 0x99, 0x2B, 0x0F, 0x3C, 0x15, 0x37, 0x38, 0x46,
    0x78, 0x12, 0x15, 0x77, 0x3D, 0xF5, 0xB4, 0x32, 0x09, 0x68, 0x0C, 0xC2, 0x2D, 0x36, 0x54, 0x3B,
    0xDB, 0x6C, 0x49, 0x4D, 0xBD, 0x63, 0x9F, 0xC7, 0x43, 0x0D, 0xD9, 0xBF, 0x19, 0x8A, 0xE3, 0x73,
    0x0D, 0x45, 0x64, 0x28, 0xA6, 0x34, 0x51, 0x13, 0x43, 0x39, 0x1E, 0x9A, 0x28, 0xC7, 0x61, 0xAC,
    0xC2, 0x31, 0x53, 0x55, 0xE8, 0xA6, 0xF4, 0xB6, 0x80, 0x0B, 0x3E, 0xD6, 0xED, 0xA1, 0x07, 0xD7,
    0xFB, 0xD8, 0x24, 0x99, 0x36, 0x6D, 0x33, 0xFB, 0x24, 0x4F, 0x8F, 0x7A, 0x79, 0x90, 0x04, 0xFA,
    0x00, 0x6E, 0x7D, 0x91, 0x24, 0xFA, 0x08, 0x6E, 0x5D, 0x93, 0x48, 0x9F, 0xC3, 0x6D, 0x67, 0x6A,
    0x2B, 0x2A, 0xCE, 0x55, 0x90, 0x3C, 0x17, 0x94, 0x8C, 0x2E, 0x9A, 0x18, 0xF3, 0x19, 0x05, 0xA3,
    0x23, 0xA5, 0xA6, 0xB6, 0xE0, 0x74, 0x8C, 0xC6, 0x60, 0xDD, 0x0E, 0x99, 0xA6, 0xEA, 0xFD, 0xB1,
    0x12, 0xB3, 0xF6, 0xED, 0x30, 0x41, 0x73, 0xC4, 0xC9, 0x4C, 0xCA, 0x4E, 0x98, 0xF0, 0x6E, 0x98,
    0x80, 0xE1, 0xE2, 0xF5, 0x70, 0x3C, 0x71, 0x15, 0x9C, 0x4E, 0x5A, 0xB5, 0x42, 0xC1, 0x1A, 0x38,
    0x26, 0x56, 0x7F, 0xD1, 0x88, 0x09, 0xD5, 0x9F, 0x7B, 0x86, 0x93, 0x54, 0xC6, 0x3E, 0x81, 0x92,
    0x4A, 0x12, 0xA7, 0x82, 0x38, 0x31, 0x15, 0x3B, 0x4E, 0x4A, 0x4A, 0x4C, 0x90, 0xA4, 0xDA, 0xC4,
    0xC8, 0xAD, 0x27, 0x22, 0x53, 0x6F, 0x22, 0x84, 0x66, 0x3E, 0x01, 0xC1, 0x5F, 0x7C, 0xE0, 0xA7,
    0x13, 0x8F, 0x26, 0x2F, 0xD9, 0x6D, 0xF4, 0x70, 0xB1, 0xF9, 0x6E, 0x46, 0x24, 0x7B, 0x5C, 0x6C,
    0xD7, 0xCA, 0x4F, 0x96, 0x2B, 0xE4, 0x74, 0x86, 0xDD, 0x8D, 0x68, 0x3D, 0xE3, 0x32, 0x8D, 0xD7,
    0xFB, 0x1F, 0x5E, 0x25, 0xC7, 0xAF, 0xFD, 0x96, 0xED, 0xF8, 0x06, 0x7B, 0x38, 0xE7, 0x3B, 0xF0,
    0xA1, 0x0D, 0x5A, 0xAC, 0xD9, 0x67, 0x9C, 0x51, 0x31, 0x76, 0x0C, 0x56, 0xB5, 0xE3, 0x2B, 0x72,
    0x6C, 0x18, 0x71, 0xBF, 0xFE, 0xF2, 0x15, 0xC3, 0xE6, 0x23, 0x7E, 0xD4, 0xFC, 0xAD, 0x65, 0xF8,
    0xB9, 0x9F, 0x70, 0xCF, 0xFF, 0xDD, 0x18, 0x0F, 0xA6, 0xBB, 0xDF, 0x18, 0x62, 0x06, 0xA0, 0xFB,
    0x6D, 0x41, 0x28, 0x1A, 0xFE, 0x50, 0xEE, 0x50, 0x13, 0x38, 0xBA, 0x0D, 0x39, 0xA5, 0x45, 0xB7,
    0xAA, 0x05, 0x39, 0xFB, 0x66, 0x51, 0x07, 0x0A, 0xB6, 0x3E, 0xFE, 0xB8, 0xDA, 0x2C, 0x42, 0xF7,
    0x9F, 0xD9, 0xAD, 0x9A, 0xBA, 0x41, 0x4B, 0x6D, 0xD2, 0xB9, 0x8B, 0xBE, 0x5B, 0xD1, 0x3D, 0x45,
    0x13, 0x91, 0xCC, 0xDF, 0xA2, 0x54, 0xF7, 0x07, 0x18, 0x7A, 0xC8, 0x9A, 0x96, 0xE7, 0xB3, 0x2F,
    0xB7, 0x33, 0xE2, 0x09, 0xB0, 0xB9, 0x40, 0x55, 0x77, 0x48, 0xF6, 0x3C, 0x5F, 0xC4, 0xDB, 0x8D,
    0xC7, 0xDA, 0x56, 0xC8, 0x8F, 0xBD, 0x6E, 0xC6, 0xD7, 0xAD, 0x5B, 0xE4, 0x28, 0xF9, 0xE6, 0x87,
    0x2B, 0x0F, 0xE7, 0x3E, 0x93, 0x6B, 0x3E, 0x95, 0xF3, 0x4E, 0xA7, 0x6C, 0x72, 0xD9, 0x52, 0x99,
    0x2B, 0x8E, 0xEF, 0xF6, 0x6A, 0x94, 0xAB, 0x43, 0x69, 0xCE, 0xA3, 0xA4, 0xBA, 0x4F, 0x73, 0x94,
    0x2B, 0x0E, 0x57, 0x46, 0x41, 0x73, 0xA3, 0xD1, 0x42, 0xD3, 0xCB, 0x75, 0x90, 0x13, 0xB8, 0xBE,
    0xE6, 0x88, 0x87, 0x5C, 0x3C, 0x47, 0x90, 0x46, 0x50, 0xAF, 0x90, 0x22, 0xFA, 0xD6, 0x26, 0x54,
    0x19, 0x1C, 0xF5, 0x1F, 0xB5, 0xFF, 0xAA, 0xBD, 0x09, 0x60, 0xF4, 0x76, 0x5E, 0x64, 0x8B, 0x9A,
    0x1B, 0xD3, 0xA7, 0x0D, 0x34, 0xAC, 0x05, 0x7B, 0xB7, 0x1E, 0xDF, 0x32, 0x70, 0x1B, 0x9A, 0x39,
    0x7D, 0xC1, 0xF8, 0x19, 0x83, 0xA9, 0x3F, 0xFB, 0x6A, 0x44, 0x37, 0x15, 0x5D, 0x40, 0x37, 0x39,
    0x5D, 0xEF, 0x0F, 0x3F, 0x0D, 0xDD, 0xDD, 0xCC, 0x67, 0xBD, 0xE7, 0x2B, 0xEE, 0x68, 0xF8, 0x84,
    0x11, 0xE5, 0x92, 0xED, 0xAD, 0x4D, 0x58, 0xB6, 0x02, 0xFE, 0x93, 0xFF, 0xB5, 0x6F, 0xC5, 0x30,
    0x96, 0x53, 0x57, 0xFB, 0xD8, 0xFE, 0x77, 0xCC, 0x8F, 0x03, 0x4E, 0x01, 0x45, 0xD8, 0x24, 0x97,
    0x12, 0x0A, 0xE2, 0x14, 0x14, 0x28, 0xDA, 0x60, 0x07, 0xA4, 0xB4, 0xA1, 0x80, 0x3A, 0x29, 0xE8,
    0x87, 0x22, 0x25, 0xEC, 0x35, 0xA4, 0x17, 0xDB, 0x37, 0x6C, 0x91, 0x22, 0x49, 0x45, 0x41, 0x41,
    0xB1, 0x8C, 0xBD, 0x50, 0xA4, 0xC4, 0x45, 0x50, 0x8A, 0x28, 0x92, 0x93, 0x8C, 0x14, 0x45, 0x29,
    0x70, 0x61, 0x84, 0x57, 0xD8, 0x3E, 0xF1, 0x39, 0xDF, 0x3D, 0x7A, 0xF3, 0xB2, 0x6F, 0x23, 0x56,
    0x62, 0x33, 0x33, 0xAB, 0x5C, 0x34, 0xE7, 0x0C, 0xFB, 0xE6, 0xD9, 0xF7, 0xDE, 0x73, 0xEE, 0xB9,
    0xF7, 0xFB, 0x3E, 0x5B, 0xCE, 0x02, 0xBA, 0x4E, 0xD9, 0xF6, 0x38, 0x6B, 0xD8, 0x8C, 0x43, 0xB1,
    0x19, 0x6C, 0xF7, 0xD5, 0x3E, 0xCB, 0x17, 0x62, 0x3B, 0xE3, 0xEB, 0xC8, 0x31, 0x5F, 0x3A, 0x85,
    0x3A, 0xB9, 0x6E, 0xB6, 0xBD, 0xB4, 0x9C, 0x2C, 0x41, 0xFC, 0xDE, 0x45, 0x22, 0xBB, 0x08, 0x15,
    0x7A, 0xFA, 0xD1, 0x78, 0xE5, 0xB5, 0xAB, 0x29, 0xEB, 0xE4, 0x84, 0xFD, 0xA5, 0xD6, 0xC5, 0x9E,
    0x90, 0xB6, 0xF4, 0x5B, 0xB2, 0x5E, 0xE9, 0x3E, 0xAC, 0xC9, 0xBA, 0x99, 0x5C, 0xBE, 0xF6, 0x62,
    0xBE, 0x99, 0xA7, 0x8B, 0x91, 0xEC, 0x46, 0x7A, 0x12, 0xB7, 0x8E, 0x46, 0xA1, 0x8F, 0x62, 0xB4,
    0x8F, 0x99, 0xD4, 0xFC, 0x93, 0xCD, 0x48, 0x14, 0x9C, 0x7C, 0x6A, 0x27, 0xB4, 0x39, 0x1E, 0x43,
    0xE2, 0x59, 0xDE, 0xB9, 0xE5, 0x60, 0xD6, 0x65, 0x7C, 0x6A, 0x28, 0x1D, 0x7C, 0x01, 0xE8, 0x02,
    0x65, 0x0B, 0x40, 0x16, 0x80, 0x2B, 0x00, 0x55, 0x00, 0xA6, 0xA0, 0x1C, 0xC5, 0x82, 0x27, 0x00,
    0x4D, 0x00, 0x96, 0x00, 0x24, 0x01, 0x38, 0x02, 0xB1, 0x7E, 0x04, 0x43, 0x00, 0x82, 0x00, 0xFC,
    0x80, 0xD2, 0x03, 0x60, 0x07, 0x70, 0x5B, 0xE3, 0x06, 0xA2, 0x41, 0xB6, 0xB3, 0xD9, 0xB5, 0x44,
    0x27, 0x8D, 0xF4, 0x7D, 0xB6, 0x49, 0x78, 0xAA, 0xB6, 0x4D, 0x41, 0xD0, 0x6E, 0xC1, 0x33, 0x7D,
    0xF3, 0xFC, 0xC0, 0x6E, 0xA9, 0xF6, 0x5F, 0x67, 0xA9, 0x82, 0x28, 0x98, 0x53, 0xE5, 0x09, 0x46,
    0xF2, 0x23, 0x91, 0x47, 0x5A, 0x5C, 0x0F, 0x24, 0x81, 0x71, 0x04, 0xA0, 0x08, 0x8C, 0x21, 0x00,
    0x41, 0x60, 0xFC, 0x00, 0xE8, 0x01, 0x63, 0x07, 0x40, 0x0E, 0x18, 0x37, 0x00, 0x6A, 0x00, 0xCC,
    0x00, 0xDC, 0x89, 0xF1, 0x02, 0x4A, 0x0B, 0x4C, 0xC6, 0x0A, 0x18, 0x29, 0x60, 0x9C, 0x80, 0x51,
    0x02, 0x79, 0x55, 0x54, 0x72, 0xC1, 0x85, 0x24, 0x05, 0x47, 0xED, 0x74, 0x67, 0xA7, 0xC4, 0x33,
    0x59, 0xA8, 0x8C, 0x40, 0xAB, 0x84, 0x40, 0x0B, 0x3E, 0x00, 0x74, 0x00, 0xD8, 0x00, 0x90, 0x01,
    0xE0, 0x02, 0x40, 0x05, 0x80, 0x09, 0x00, 0x11, 0x00, 0x1E, 0x00, 0x34, 0x00, 0x58, 0x00, 0x90,
    0x00, 0xE0, 0x00, 0x40, 0x01, 0x04, 0x06, 0xC0, 0x08, 0x80, 0x9C, 0x57, 0xB8, 0xC5, 0x8E, 0x45,
    0xF7, 0x6A, 0xB7, 0x14, 0xB0, 0xC4, 0xAB, 0xA6, 0x74, 0xB2, 0x68, 0x10, 0xA2, 0x29, 0xED, 0x2F,
    0x5F, 0x28, 0x22, 0xFC, 0xAB, 0xDA, 0xE8, 0xB5, 0xD7, 0x2A, 0xDA, 0x6B, 0x57, 0xAB, 0xE7, 0x36,
    0x5B, 0xB6, 0xBC, 0x59, 0x7F, 0x5B, 0x6C, 0x59, 0xAF, 0x02, 0x41, 0xE9, 0x09, 0x42, 0x3B, 0x97,
    0x40, 0x19, 0x4A, 0x8B, 0x59, 0x2C, 0xF0, 0x8B, 0x6C, 0x16, 0xEA, 0x5E, 0x7C, 0x98, 0xE3, 0x25,
    0x73, 0xFF, 0xAA, 0xE1, 0x4F, 0x3D, 0xD4, 0xDB, 0x41, 0x2B, 0x9E, 0x77, 0x24, 0xEC, 0x51, 0x75,
    0x71, 0x63, 0x97, 0xB7, 0x85, 0xC2, 0xF3, 0xBF, 0x2C, 0x98, 0xF1, 0x51, 0x1C, 0x78, 0x29, 0x8C,
    0xE4, 0x21, 0x5E, 0x6B, 0xA3, 0xD2, 0xBC, 0xB3, 0x93, 0xC1, 0x9E, 0xE8, 0x81, 0xD6, 0x2F, 0x60,
    0x10, 0xC4, 0x3E, 0x75, 0xE3, 0xC2, 0x46, 0xCD, 0x4E, 0xA1, 0xF9, 0x1E, 0x81, 0x6B, 0xF0, 0xE5,
    0xCD, 0x87, 0x7A, 0xC5, 0x25, 0x8B, 0x5A, 0xE0, 0x0A, 0x56, 0x5B, 0xAA, 0x75, 0xD5, 0x85, 0x5E,
    0x6B, 0xF7, 0xB7, 0xA3, 0xCD, 0xF7, 0x88, 0xD7, 0xA5, 0xC3, 0x01, 0xE4, 0x95, 0xB0, 0x66, 0xB5,
    0x77, 0x6D, 0x68, 0x69, 0x27, 0x51, 0x73, 0x43, 0xD9, 0x4A, 0x4E, 0xFB, 0xCD, 0xBA, 0xDE, 0xD7,
    0x5B, 0xA0, 0xAA, 0x27, 0x09, 0xED, 0x1C, 0x50, 0xC2, 0xFD, 0x04, 0x0A, 0xD4, 0xB2, 0xC2, 0x44,
    0x90, 0x93, 0xB6, 0x20, 0x1F, 0xB2, 0x40, 0x51, 0x56, 0xEF, 0x30, 0xAF, 0x57, 0x0B, 0xD4, 0x7B,
    0x85, 0xCE, 0x35, 0x50, 0x32, 0xDE, 0x7A, 0x57, 0xBC, 0xAA, 0x1D, 0x8A, 0xA3, 0xAF, 0xD9, 0x3C,
    0x4B, 0xDB, 0xFB, 0x15, 0x17, 0x30, 0xE1, 0x2C, 0xFD, 0x8A, 0x09, 0x62, 0x02, 0xE5, 0x7F, 0x5A,
    0x89, 0x40, 0xF7, 0x97, 0x3F, 0x5B, 0x28, 0x54, 0x93, 0xD5, 0xCD, 0xD6, 0x83, 0xA9, 0xB0, 0x5F,
    0x33, 0x59, 0xF9, 0x68, 0x45, 0x5B, 0x8E, 0x76, 0x33, 0xF2, 0xE1, 0xB2, 0xD1, 0x2C, 0x71, 0x5B,
    0x42, 0xB6, 0x30, 0x1B, 0xE9, 0xC7, 0x46, 0x9D, 0x94, 0xBB, 0x5F, 0x99, 0x6D, 0x90, 0x09, 0xC8,
    0x0B, 0xDC, 0x40, 0xA3, 0x7F, 0x45, 0x6F, 0xA0, 0x7C, 0x9E, 0x27, 0xFD, 0xC9, 0x17, 0x65, 0x5D,
    0xA2, 0x05, 0x95, 0x54, 0xEB, 0x6A, 0xAB, 0xC2, 0xC6, 0x24, 0x43, 0x6C, 0x75, 0x68, 0x61, 0xE3,
    0x08, 0x43, 0xCC, 0x83, 0xBF, 0xF2, 0xDA, 0xAB, 0xFF, 0x91, 0xAA, 0xE9, 0xAF, 0xA7, 0x9A, 0x3C,
    0xD3, 0xE2, 0x35, 0xBC, 0xBC, 0x32, 0xB7, 0x12, 0x60, 0xEE, 0x7D, 0x2B, 0x21, 0xE6, 0xAA, 0x6C,
    0x25, 0xC8, 0x0B, 0x95, 0x6D, 0xAA, 0xCC, 0x67, 0xD3, 0x4A, 0xA0, 0xA7, 0xAB, 0x5C, 0x49, 0xA8,
    0x99, 0xEF, 0x68, 0xB0, 0xF9, 0x1F, 0x9A, 0x4B, 0x9F, 0x8F, 0x9A, 0x4D, 0xC9, 0x7B, 0x00, 0xB0,
    0x99, 0x1B, 0xE9, 0xB1, 0xCD, 0x7F, 0xD7, 0x4D, 0x22, 0x3A, 0x0C, 0x1F, 0xE4, 0x4B, 0x34, 0x28,
    0x91, 0x2A, 0x18, 0xAC, 0xE0, 0x5A, 0x23, 0x9C, 0xDE, 0x21, 0xF2, 0xA7, 0x50, 0x69, 0xB3, 0x5E,
    0x66, 0xB2, 0x94, 0xB0, 0x63, 0x2E, 0xFD, 0x68, 0xA9, 0xB9, 0xD7, 0x8E, 0x9A, 0x15, 0x94, 0xFC,
    0x44, 0x99, 0xCE, 0x49, 0xB9, 0x56, 0xE9, 0x4C, 0xA2, 0xF8, 0x4C, 0x5B, 0x7F, 0x37, 0x9B, 0x09,
    0xC0, 0x53, 0xEE, 0x87, 0x86, 0x70, 0x98, 0x1B, 0xFF, 0x3D, 0xE3, 0x1B, 0xED, 0xCC, 0x66, 0x0B,
    0xEE, 0x1A, 0x05, 0xAA, 0x5E, 0x6C, 0xED, 0x47, 0x25, 0x91, 0x34, 0xB3, 0x8B, 0x15, 0x5A, 0x5C,
    0x97, 0x0B, 0x15, 0xCD, 0xA0, 0x68, 0x25, 0x08, 0x47, 0xBC, 0xDE, 0xD0, 0x75, 0xE4, 0xEA, 0xCD,
    0xF6, 0x8D, 0x44, 0xF3, 0x4B, 0xB9, 0x5D, 0x2C, 0xC1, 0x30, 0x75, 0xE3, 0x77, 0x64, 0x4D, 0x3B,
    0x4A, 0x48, 0x92, 0x64, 0xCD, 0x96, 0x99, 0xF2, 0x49, 0x18, 0x72, 0x37, 0x88, 0x2D, 0x86, 0x54,
    0xD9, 0xEB, 0x4C, 0x6C, 0x97, 0x4F, 0x62, 0x8B, 0x41, 0xFE, 0xBD, 0x51, 0x5E, 0x03, 0xF2, 0xA3,
    0xCC, 0xD2, 0x73, 0xD8, 0x4F, 0x00, 0x2E, 0x7E, 0xAD, 0x96, 0x85, 0x75, 0x42, 0x7A, 0x41, 0x41,
    0x3A, 0x66, 0x61, 0xDD, 0xBA, 0x23, 0x9E, 0xA8, 0xAC, 0x65, 0x71, 0xFA, 0x5A, 0x48, 0x72, 0xDF,
    0xCA, 0x09, 0xA3, 0x94, 0x5F, 0x34, 0xD8, 0x02, 0x81, 0x6D, 0x17, 0x1E, 0x54, 0x76, 0xB3, 0xC9,
    0xC7, 0xF4, 0x5B, 0x00, 0x0E, 0x86, 0xC0, 0xC8, 0x95, 0x82, 0x07, 0xF1, 0xB5, 0x92, 0x60, 0xCD,
    0x48, 0x49, 0x50, 0x3B, 0xF2, 0xC0, 0x91, 0x20, 0x98, 0x6D, 0x04, 0x99, 0xA2, 0x4D, 0x01, 0x47,
    0xEB, 0xA2, 0x55, 0x5F, 0x35, 0xB8, 0x0E, 0x8E, 0xD7, 0x59, 0x48, 0xE4, 0x5C, 0x73, 0x5B, 0xF3,
    0x1D, 0x85, 0x74, 0x76, 0x2B, 0x24, 0xD3, 0x9C, 0xD5, 0x8F, 0x29, 0xD7, 0x48, 0x35, 0x6E, 0x95,
    0x8F, 0x89, 0x38, 0xDC, 0x4E, 0x2E, 0x10, 0x69, 0x12, 0x07, 0x91, 0x72, 0x06, 0x37, 0x53, 0x72,
    0xAB, 0xF4, 0x8C, 0xE7, 0x16, 0xFB, 0x94, 0xB2, 0x59, 0x27, 0xD2, 0x29, 0xDC, 0x4B, 0x2F, 0x00,
    0xC2, 0x0F, 0xED, 0xB8, 0xD2, 0xF9, 0xD1, 0xBF, 0x10, 0x2B, 0x62, 0xC4, 0x8E, 0x4C, 0x99, 0x77,
    0x12, 0x44, 0x61, 0x89, 0xD5, 0x88, 0x4D, 0xE5, 0xE6, 0x7D, 0x21, 0xB7, 0xEB, 0x9A, 0xCD, 0xF2,
    0x27, 0x63, 0x59, 0x13, 0x7F, 0xDA, 0x3E, 0x4E, 0x31, 0x37, 0x56, 0xD6, 0xC4, 0xD6, 0x42, 0xAB,
    0x28, 0xD3, 0xBC, 0x34, 0x9D, 0x5C, 0xD2, 0x0F, 0x62, 0xCB, 0x51, 0x2E, 0xEC, 0xE6, 0xC7, 0xA9,
    0x18, 0xF3, 0xF5, 0x16, 0x95, 0x43, 0xC6, 0x83, 0x94, 0x51, 0xBD, 0x24, 0x2D, 0xE7, 0x41, 0xDD,
    0xB8, 0x7B, 0x52, 0x37, 0x50, 0xF6, 0x00, 0x3D, 0xCE, 0xE0, 0xC3, 0x1F, 0xAB, 0x2D, 0x3F, 0xDC,
    0x2D, 0xB9, 0x2B, 0x0F, 0x98, 0xC7, 0x79, 0x8B, 0x08, 0x32, 0xB2, 0x26, 0x72, 0x51, 0xDB, 0x39,
    0xD2, 0x3F, 0x22, 0x66, 0x31, 0x12, 0xEF, 0xD1, 0xEA, 0x2C, 0x27, 0xCE, 0xB0, 0xC6, 0xDF, 0x5E,
    0x54, 0x7E, 0x6C, 0x24, 0x1B, 0x17, 0x14, 0x71, 0x3A, 0x39, 0x53, 0x04, 0xE6, 0xA7, 0xC5, 0xF2,
    0xB8, 0x4B, 0xE2, 0x67, 0x77, 0xD4, 0x43, 0x22, 0xE6, 0x6E, 0xE2, 0xE1, 0x02, 0x05, 0x62, 0x52,
    0x98, 0x73, 0x92, 0x0D, 0xF2, 0x81, 0x6F, 0x95, 0x4E, 0x0F, 0x62, 0xB0, 0xFC, 0xD5, 0x4D, 0xB1,
    0x68, 0x45, 0x4F, 0x56, 0x5D, 0x73, 0xB5, 0x5E, 0x87, 0x3B, 0xA9, 0x3C, 0x52, 0x43, 0x19, 0x61,
    0xB1, 0x20, 0x5B, 0xC1, 0x76, 0x25, 0x4C, 0x6A, 0x4D, 0x7B, 0x33, 0x7E, 0x38, 0x87, 0xDD, 0x5B,
    0xC0, 0x3B, 0xC8, 0xEF, 0x3B, 0x13, 0x5B, 0x1E, 0x51, 0xD0, 0x5C, 0xAA, 0xAA, 0xE9, 0x7F, 0xBF,
    0x3B, 0x57, 0x95, 0x5C, 0xDB, 0xF7, 0x4D, 0x3D, 0x30, 0xBE, 0x16, 0x1A, 0x49, 0x32, 0x02, 0x8E,
    0x5F, 0xD8, 0x9D, 0x8B, 0xE8, 0xC9, 0x4A, 0xAC, 0x51, 0x83, 0x46, 0x4B, 0x6B, 0xE5, 0xB6, 0x44,
    0x7B, 0xE6, 0x92, 0xEC, 0x5F, 0x46, 0xFA, 0x27, 0xC1, 0x47, 0x8B, 0x29, 0x62, 0xC1, 0x3B, 0x3A,
    0xD0, 0x4C, 0x85, 0x35, 0x05, 0xD6, 0xF4, 0x43, 0xF3, 0x10, 0x11, 0x4D, 0x41, 0x34, 0xF9, 0xD0,
    0xB4, 0x43, 0x13, 0x0E, 0x4D, 0x61, 0x35, 0x75, 0xD5, 0xF4, 0x42, 0x13, 0x0B, 0x4D, 0x29, 0x34,
    0x99, 0xD0, 0x34, 0x42, 0x13, 0x08, 0x4D, 0x1D, 0x34, 0x69, 0xD0, 0x74, 0x41, 0x13, 0x05, 0x4D,
    0x11, 0x34, 0x39, 0xD0, 0x68, 0x69, 0x64, 0x9F, 0x0D, 0x19, 0x16, 0xC3, 0xFD, 0xCE, 0xBE, 0x1A,
    0x07, 0x25, 0x0E, 0x2A, 0x1C, 0x14, 0x38, 0xA8, 0x6F, 0x50, 0xDE, 0xA0, 0xBA, 0x41, 0x71, 0x83,
    0xDA, 0x06, 0xA5, 0x0D, 0x2A, 0x1B, 0x14, 0x36, 0xA8, 0x6B, 0x50, 0xD6, 0xA0, 0xAA, 0x41, 0x51,
    0x83, 0x9A, 0x06, 0x25, 0x0D, 0x0D, 0xA5, 0xD4, 0xA8, 0x66, 0xE3, 0x0E, 0x8D, 0x3C, 0xA4, 0xE2,
    0x20, 0xDA, 0xA2, 0xEC, 0x31, 0xF8, 0x6F, 0x1D, 0x05, 0xFF, 0x28, 0xFC, 0xE3, 0xDF, 0x83, 0xD7,
    0x7A, 0x72, 0x6F, 0x0C, 0x06, 0x10, 0x66, 0x28, 0xCC, 0x60, 0x98, 0xE1, 0x30, 0x03, 0x62, 0x86,
    0xC4, 0x0C, 0x8A, 0x19, 0x16, 0x33, 0x30, 0x66, 0x68, 0xCC, 0xE0, 0x98, 0xE1, 0x31, 0x03, 0x64,
    0xC4, 0xF0, 0x09, 0xBC, 0x61, 0x32, 0x03, 0x65, 0x86, 0xCA, 0x0C, 0x96, 0x05, 0x5C, 0x46, 0x01,
    0x98, 0xD1, 0x0E, 0x99, 0x09, 0x15, 0x1C, 0xFA, 0xA9, 0x2E, 0x0F, 0xBD, 0xEC, 0xD5, 0xF9, 0x4A,
    0x5D, 0xF8, 0x43, 0xAD, 0x7F, 0xD6, 0x5C, 0xAD, 0xEE, 0xF9, 0xF7, 0xD5, 0xDD, 0x7C, 0x5E, 0x5D,
    0x0F, 0x77, 0xF3, 0x0D, 0x75, 0x3F, 0xEA, 0xD4, 0x1D, 0xDD, 0x05, 0xE1, 0x02, 0x86, 0x03, 0x88,
    0x33, 0x14, 0x07, 0x18, 0x17, 0x70, 0x5C, 0x00, 0x72, 0x01, 0xC9, 0x05, 0x28, 0x17, 0xB0, 0x5C,
    0x00, 0x73, 0x40, 0x73, 0xE2, 0x72, 0x38, 0xC1, 0x73, 0x04, 0x40, 0x47, 0x40, 0x74, 0x01, 0xD2,
    0x19, 0xA6, 0xBB, 0x4B, 0x5C, 0x25, 0x6E, 0x0F, 0x28, 0xFD, 0xE9, 0xEE, 0xF3, 0xBC, 0xA6, 0x03,
    0xED, 0x7F, 0xF8, 0x0E, 0x25, 0xFB, 0x95, 0xBD, 0x65, 0x16, 0x71, 0xB5, 0x57, 0xF6, 0xF2, 0xDE,
    0x12, 0x05, 0xFE, 0xD9, 0x0B, 0x8D, 0xF7, 0xF4, 0xCB, 0xF0, 0x36, 0x5F, 0x4B, 0x98, 0x2C, 0x1B,
    0xC7, 0x01, 0xC2, 0x1A, 0xDC, 0x61, 0x3E, 0x68, 0xD0, 0x57, 0x65, 0x9A, 0x42, 0xEC, 0x79, 0x8A,
    0x59, 0x05, 0xD7, 0x56, 0xAF, 0x9B, 0x49, 0x25, 0x43, 0x22, 0xEB, 0xBF, 0x97, 0x93, 0x2A, 0xAD,
    0xF2, 0x59, 0xF9, 0xDE, 0xAC, 0xFC, 0xE7, 0xE2, 0x36, 0xCF, 0x5D, 0x3A, 0xAA, 0x6F, 0x5D, 0x5B,
    0xE8, 0x73, 0x87, 0x8D, 0x0C, 0x32, 0xE2, 0x8F, 0x27, 0x19, 0x64, 0xC4, 0xEF, 0xF6, 0xD4, 0x88,
    0xE7, 0x8A, 0xB8, 0xDB, 0xFC, 0x02, 0xC9, 0x57, 0x81, 0x4F, 0x25, 0xD7, 0x01, 0x28, 0xE0, 0x3B,
    0x11, 0x8F, 0x28, 0x0F, 0x12, 0x1E, 0xF7, 0x77, 0xF4, 0xCA, 0xD7, 0xC7, 0x7C, 0x63, 0x2F, 0x7C,
    0x18, 0x34, 0xB7, 0xCA, 0x08, 0x1A, 0xBF, 0x64, 0x67, 0x85, 0xA7, 0xCE, 0x9C, 0x15, 0xF8, 0x6D,
    0x4D, 0x81, 0xAF, 0x7A, 0xBD, 0x68, 0x4D, 0xF9, 0x9A, 0xB2, 0x90, 0x9C, 0x09, 0x93, 0xC2, 0x82,
    0x6A, 0xBB, 0x77, 0x29, 0xBD, 0x6A, 0x57, 0xB1, 0x9F, 0xFC, 0x8D, 0xA5, 0xB7, 0xBF, 0x12, 0x7B,
    0x92, 0xB2, 0x8C, 0x5A, 0x2B, 0x78, 0xEF, 0x94, 0xE4, 0x94, 0xAC, 0xE6, 0xDB, 0xDC, 0x53, 0xAC,
    0x17, 0xCB, 0x3E, 0x97, 0x74, 0x2E, 0x7E, 0x1A, 0x3A, 0x57, 0x74, 0x2C, 0xCE, 0x0D, 0x40, 0x64,
    0x43, 0x09, 0x4A, 0x5D, 0x1D, 0xDD, 0x72, 0x97, 0x8E, 0x00, 0x8B, 0x56, 0x9D, 0x55, 0x4E, 0xC4,
    0xFA, 0x97, 0xC5, 0xBA, 0xB7, 0xC5, 0x66, 0xAD, 0xD8, 0xB8, 0xFE, 0xC5, 0x39, 0x51, 0x5C, 0x47,
    0xAB, 0xBA, 0x02, 0x29, 0x0F, 0x3C, 0x4A, 0x53, 0x2A, 0x2E, 0xEE, 0x93, 0xF6, 0xF2, 0x11, 0x8D,
    0x57, 0x7B, 0xB2, 0xEE, 0xC5, 0x9A, 0xF1, 0xE9, 0x17, 0x27, 0x5A, 0xC7, 0xBF, 0x2F, 0x77, 0x24,
    0xB1, 0xE7, 0x45, 0x28, 0x66, 0x63, 0xA9, 0x70, 0x7F, 0x2E, 0xC4, 0x45, 0x33, 0x96, 0xD8, 0x5B,
    0x70, 0x45, 0x2A, 0x6E, 0xAF, 0xA1, 0xD6, 0xC2, 0xF5, 0x98, 0xA0, 0x0E, 0x6C, 0x46, 0x2B, 0x3D,
    0x84, 0x6B, 0x37, 0x3A, 0x1B, 0x15, 0x40, 0xE7, 0x03, 0xAE, 0x3A, 0xB3, 0x9F, 0x67, 0xFA, 0x35,
    0xDB, 0x1C, 0x1C, 0x5C, 0xD8, 0x69, 0xCA, 0x09, 0x6E, 0xDC, 0x95, 0x3F, 0xAD, 0x20, 0xD1, 0x2B,
    0x5A, 0xD4, 0xB3, 0x01, 0xCF, 0x3D, 0x77, 0xF6, 0x04, 0x7B, 0x21, 0xAE, 0x92, 0x9E, 0x20, 0x56,
    0x42, 0xAF, 0xF0, 0xCB, 0x9B, 0x29, 0xDF, 0xD9, 0x8C, 0xBB, 0xBD, 0x99, 0xB4, 0xDD, 0x4C, 0x74,
    0xE3, 0x75, 0x42, 0x8B, 0xB6, 0xAB, 0x19, 0xB2, 0x93, 0x93, 0xFF, 0x4B, 0x5A, 0xC7, 0x99, 0xDC,
    0xB8, 0x99, 0x72, 0x88, 0x37, 0xD3, 0xBB, 0x85, 0x9A, 0x7F, 0xF2, 0x29, 0x35, 0xDB, 0x0F, 0xF1,
    0x1F, 0x50, 0x8D, 0xD4, 0xFC, 0x52, 0x7A, 0x31, 0x90, 0x1F, 0xB3, 0x96, 0x4A, 0x46, 0x8C, 0x80,
    0x16, 0x71, 0xED, 0x1A, 0x03, 0xEC, 0x41, 0xCF, 0x0C, 0x8A, 0xF8, 0x23, 0x75, 0x1F, 0xD2, 0x70,
    0xE9, 0xA6, 0x93, 0xAE, 0x9E, 0xCA, 0xDF, 0x2F, 0x21, 0x73, 0x93, 0x2F, 0xBC, 0x30, 0x7A, 0x39,
    0x51, 0x1E, 0xD8, 0x8C, 0x07, 0x3B, 0xA7, 0xA8, 0xB7, 0x15, 0xE5, 0x83, 0xAF, 0x28, 0x99, 0x84,
    0x2A, 0x9B, 0xDD, 0x66, 0xAE, 0xE5, 0xD5, 0xB9, 0x3E, 0xC2, 0x94, 0xCC, 0x79, 0x1F, 0x2F, 0xF9,
    0x40, 0x6B, 0x36, 0x50, 0x99, 0xF4, 0xE4, 0x5E, 0xEA, 0xE9, 0xA8, 0x92, 0xFE, 0x02, 0x24, 0x7A,
    0x99, 0x04, 0xC1, 0x4C, 0xB3, 0x3C, 0xB7, 0x24, 0x8F, 0x2D, 0xE1, 0xDA, 0xBE, 0x07, 0x06, 0x16,
    0xD2, 0x81, 0x51, 0x3B, 0x12, 0xE5, 0x48, 0x32, 0x7D, 0x5A, 0x29, 0xE7, 0x91, 0x1C, 0x2B, 0xA2,
    0xB3, 0xBD, 0xCF, 0xC9, 0x9D, 0x4B, 0xE9, 0xC8, 0x47, 0xC9, 0x66, 0x86, 0xA8, 0x3B, 0xC7, 0x91,
    0xA3, 0x3C, 0x51, 0xCC, 0xA3, 0x16, 0xD8, 0xFC, 0xB3, 0x99, 0x0A, 0xBA, 0xA6, 0xFF, 0xA1, 0x7D,
    0x83, 0xA3, 0xF7, 0x1F, 0x6B, 0xDF, 0x6E, 0x8B, 0xCD, 0x7B, 0xB1, 0xC9, 0xA0, 0x4A, 0xEF, 0x70,
    0xED, 0xA2, 0xF2, 0x50, 0xFE, 0xED, 0x45, 0x7A, 0xBC, 0x19, 0xD7, 0x6D, 0x26, 0xEB, 0x3F, 0x92,
    0x4E, 0x0B, 0xD5, 0x77, 0xF3, 0x99, 0xFF, 0xC2, 0x73, 0x5A, 0x19, 0xE6, 0x8D, 0xC5, 0x6A, 0xAF,
    0xE2, 0x31, 0xDF, 0x6C, 0xD2, 0xA6, 0xD5, 0x05, 0x9D, 0x30, 0xC0, 0xDF, 0x92, 0x43, 0x87, 0xE3,
    0x3B, 0xC7, 0x35, 0x25, 0x5D, 0x56, 0x53, 0x56, 0xA3, 0xCF, 0x0F, 0x7E, 0xD6, 0xB2, 0xA9, 0x54,
    0xA6, 0x1D, 0x3B, 0x20, 0x2D, 0xB9, 0xBA, 0xEB, 0x99, 0x3A, 0x97, 0x1C, 0xDC, 0x01, 0x4F, 0xE1,
    0xEC, 0x88, 0xD0, 0x6E, 0x6E, 0x88, 0x19, 0xAF, 0x1F, 0xA9, 0x6B, 0xC5, 0xC5, 0xE2, 0xF4, 0x1D,
    0x95, 0x48, 0x9D, 0xE6, 0x7B, 0xCA, 0xE4, 0x56, 0x94, 0xEC, 0x51, 0x4B, 0xB6, 0x2E, 0x45, 0xCC,
    0x49, 0x31, 0x47, 0x78, 0x3F, 0x43, 0x2F, 0x52, 0x0E, 0xEA, 0xFC, 0x20, 0x0B, 0x52, 0x7E, 0xC4,
    0x71, 0x47, 0x5E, 0x4B, 0xB6, 0x38, 0xA5, 0xEF, 0xC7, 0xC0, 0xDE, 0xEB, 0xF2, 0x14, 0xD4, 0x54,
    0xB6, 0x2B, 0x0E, 0xAB, 0x52, 0x35, 0xF5, 0x89, 0x54, 0x39, 0xA6, 0x0A, 0xAF, 0xF0, 0xFA, 0xFF,
    0x93, 0x91, 0x1E, 0xE9, 0x18, 0xF3, 0x50, 0x2E, 0x19, 0x0F, 0xBC, 0xE4, 0xFC, 0x57, 0x1E, 0x37,
    0xC2, 0xE3, 0x8F, 0xDD, 0x0F, 0x8B, 0x4F, 0xA9, 0xFA, 0x76, 0xF9, 0x67, 0x89, 0xC9, 0x6F, 0x36,
    0xE3, 0xDF, 0x38, 0x50, 0x0E, 0xF6, 0x9E, 0xB3, 0x4C, 0x57, 0xD3, 0x82, 0x81, 0xD1, 0x4D, 0x21,
    0xB0, 0x77, 0xD5, 0x1C, 0x5C, 0xF9, 0x93, 0x11, 0x0F, 0x6A, 0xBC, 0x7F, 0xE9, 0xA6, 0x13, 0x20,
    0xBC, 0xE0, 0x2A, 0x1C, 0x45, 0xD7, 0x9F, 0xB7, 0x14, 0x0F, 0x49, 0x4B, 0x49, 0x8B, 0xE4, 0x78,
    0xF0, 0x73, 0x7A, 0x18, 0x79, 0x4C, 0x86, 0x3C, 0x2E, 0xDB, 0x03, 0x98, 0xD8, 0x3E, 0x37, 0xBB,
    0x88, 0xA5, 0x35, 0x13, 0xEB, 0x53, 0xB1, 0x2E, 0x11, 0x7B, 0x14, 0xDD, 0x38, 0x9F, 0xE7, 0x55,
    0xEE, 0x0F, 0x79, 0x5C, 0x86, 0xA7, 0xF5, 0x8E, 0xC5, 0xC7, 0xAC, 0xB0, 0x4E, 0x65, 0x3C, 0xF7,
    0xD9, 0xAC, 0xFC, 0xAA, 0xEC, 0xA4, 0xD7, 0xE8, 0x85, 0x73, 0x7C, 0x3A, 0xE8, 0x58, 0x48, 0xF6,
    0x54, 0x3B, 0x5C, 0x80, 0x39, 0x3F, 0x8D, 0x56, 0xF9, 0x94, 0x4E, 0x28, 0x62, 0xE1, 0x7E, 0xE3,
    0xCD, 0xBE, 0xA9, 0xAB, 0xE3, 0x89, 0x20, 0x42, 0x46, 0x50, 0xA2, 0x64, 0x6D, 0xEA, 0xD0, 0x2B,
    0xA8, 0x38, 0x3A, 0x62, 0x55, 0x16, 0x36, 0xFB, 0x81, 0x9C, 0x31, 0x64, 0xEE, 0xBD, 0xDA, 0xA6,
    0xD5, 0xEB, 0xD5, 0xD4, 0x6C, 0x7F, 0x03, 0x86, 0x5F, 0x6D, 0x27, 0xDF, 0x11, 0x5E, 0x7D, 0x8F,
    0x55, 0x2B, 0x3A, 0xB1, 0x4E, 0x6D, 0xDA, 0xEE, 0x18, 0x96, 0x89, 0xCE, 0xB2, 0x0E, 0xBD, 0xEE,
    0x45, 0x6B, 0xBC, 0xC6, 0x9B, 0x4D, 0x66, 0xFA, 0x10, 0xAF, 0x55, 0x08, 0x24, 0x5C, 0xA4, 0x43,
    0x35, 0x79, 0xEE, 0x00, 0x02, 0x9A, 0xE1, 0xFF, 0xC8, 0xF5, 0xD7, 0x29, 0xEF, 0x99, 0x5C, 0xDB,
    0xD4, 0xBE, 0xF2, 0xBC, 0x50, 0x66, 0xF1, 0xB9, 0x45, 0xE0, 0xB6, 0x38, 0x08, 0x83, 0x6F, 0x82,
    0xCA, 0x3D, 0xD2, 0xE3, 0x9A, 0x34, 0xCA, 0x77, 0x4E, 0xD0, 0x5B, 0xED, 0xE6, 0xED, 0x4B, 0x65,
    0x55, 0x4C, 0x34, 0x93, 0x97, 0x7A, 0x35, 0x9D, 0x39, 0xD7, 0xC3, 0x71, 0xBF, 0xA3, 0xC0, 0x4C,
    0x67, 0x8F, 0x0F, 0x02, 0x07, 0xB8, 0x7C, 0xD9, 0x7B, 0x6D, 0xEC, 0xDE, 0xC0, 0x21, 0x63, 0x14,
    0x22, 0x38, 0x6B, 0x6F, 0xC1, 0x31, 0x5C, 0x03, 0xF7, 0xA2, 0x8D, 0xCF, 0x9E, 0x0A, 0xB5, 0xA6,
    0x5D, 0x42, 0x91, 0xCB, 0x16, 0xDC, 0x54, 0xB0, 0x2C, 0xF3, 0xE8, 0xB6, 0x9F, 0x42, 0xEA, 0x78,
    0xB9, 0x3B, 0x26, 0x12, 0xD7, 0xCA, 0xE1, 0xC5, 0x8C, 0xE2, 0x98, 0x2E, 0x90, 0x32, 0xF2, 0xF9,
    0x68, 0xFB, 0x29, 0xF4, 0x88, 0xE9, 0xB8, 0xDF, 0x7C, 0x65, 0x54, 0xBA, 0xDE, 0x2D, 0x1F, 0x94,
    0x50, 0xA4, 0x78, 0xC0, 0xFF, 0x17, 0x35, 0x59, 0xB2, 0x47, 0x63, 0xE0, 0x52, 0xB1, 0xE3, 0xDB,
    0x81, 0xC9, 0x46, 0x0C, 0x9A, 0xF9, 0xA0, 0x92, 0x5F, 0xF2, 0x22, 0xBE, 0xC6, 0x8B, 0x9C, 0xBA,
    0x90, 0x37, 0xAF, 0x59, 0x0F, 0x30, 0xA5, 0x1E, 0xDC, 0x65, 0x2C, 0xDE, 0x08, 0xEE, 0x59, 0x7C,
    0x65, 0xEF, 0x6C, 0xE2, 0x85, 0xCD, 0x40, 0x5A, 0xE6, 0xF0, 0xBA, 0x8E, 0xED, 0x3D, 0xCD, 0xB0,
    0x6B, 0x45, 0xEA, 0x47, 0x7B, 0x3D, 0xD3, 0xDE, 0xCD, 0xD4, 0x4B, 0xD8, 0xED, 0x22, 0xDC, 0x46,
    0x6F, 0xE7, 0x36, 0x5F, 0x08, 0xC5, 0xC7, 0x9D, 0xAC, 0x90, 0x54, 0xFC, 0xFD, 0x2B, 0xF9, 0xAB,
    0x7E, 0xB6, 0x58, 0x26, 0x98, 0x88, 0xE2, 0x46, 0xB1, 0x45, 0x90, 0x00, 0xE5, 0xFF, 0xCA, 0x56,
    0xB9, 0xC2, 0x4F, 0xE4, 0x1B, 0xCD, 0xBB, 0x62, 0xF9, 0x07, 0xB9, 0xD8, 0x17, 0xB2, 0x85, 0xE2,
    0xE5, 0x7D, 0x79, 0xEF, 0x68, 0x69, 0xC5, 0xAE, 0x75, 0x31, 0x6E, 0xAC, 0x33, 0x95, 0x83, 0x94,
    0x39, 0xDF, 0x4B, 0x8F, 0xB9, 0x93, 0xD0, 0x4B, 0xAF, 0xB7, 0x0E, 0xBF, 0x53, 0x4B, 0x85, 0x39,
    0xAE, 0xE5, 0xE1, 0x80, 0x95, 0xFC, 0x66, 0x7B, 0x6A, 0x3A, 0x59, 0x54, 0xFF, 0x02, 0x3D, 0xCF,
    0x21, 0x6C, 0x14, 0x41, 0x14, 0x80, 0xE1, 0x7F, 0x6F, 0x03, 0x1B, 0xB2, 0xE2, 0x99, 0xF3, 0x83,
    0xAC, 0xEA, 0x54, 0x54, 0x20, 0xE0, 0xDE, 0x26, 0xE7, 0xBD, 0x45, 0x63, 0x40, 0x20, 0x10, 0x70,
    0xBB, 0x01, 0x9F, 0xD4, 0x7B, 0x89, 0x44, 0x54, 0x6C, 0x3B, 0x53, 0x6F, 0xC6, 0xAB, 0xC1, 0x9B,
    0x11, 0x23, 0x56, 0xCC, 0xF6, 0x11, 0x42, 0x82, 0xF9, 0xFC, 0x17, 0xA2, 0x46, 0x49, 0x43, 0xE9,
    0x0A, 0x1F, 0x16, 0x2C, 0xF6, 0xCF, 0x8C, 0x15, 0x17, 0x39, 0x01, 0x9A, 0xB0, 0xD2, 0x5B, 0x95,
    0xDF, 0x9B, 0xB2, 0x76, 0x55, 0x18, 0x76, 0x8F, 0xD8, 0x8E, 0x93, 0x8D, 0x77, 0x7D, 0x46, 0x6D,
    0x53, 0x2B, 0xAF, 0x79, 0xFF, 0xAB, 0x2B, 0xEB, 0x90, 0x66, 0x8B, 0x6A, 0xB8, 0x0D, 0xBF, 0x84,
    0x64, 0x71, 0x9E, 0xB4, 0x6B, 0x76, 0xDE, 0xED, 0xDC, 0x2E, 0x87, 0xEA, 0xB2, 0x6F, 0xBA, 0xD3,
    0x68, 0x92, 0x5F, 0x31, 0xA6, 0x37, 0xB7, 0x37, 0x57, 0x37, 0x57, 0xB7, 0x9F, 0x24, 0x8D, 0xDB,
    0x9C, 0x24, 0xDB, 0xE4, 0x7F, 0x6C, 0x9C, 0x24, 0x71, 0x7F, 0x0D, 0xED, 0x50, 0x2F, 0x92, 0x34,
    0x4C, 0x6E, 0x47, 0x2A, 0xE1, 0xDC, 0xF4, 0x7B, 0x73, 0x4F, 0x6D, 0x4C, 0xED, 0x90, 0xBF, 0xF0,
    0x31, 0x1F, 0x6C, 0x1B, 0xAC, 0xC9, 0xB2, 0x5E, 0xF3, 0xF6, 0xC8, 0x11, 0x5E, 0x66, 0x3F, 0x7D,
    0xE3, 0x91, 0xB0, 0x9C, 0xE0, 0x05, 0xF8, 0x05, 0x1F, 0xFF, 0x3A, 0x4F, 0xBA, 0xA3, 0x19, 0xC9,
    0x5A, 0xB4, 0xB8, 0xE8, 0x96, 0x0B, 0x9A, 0x0C, 0x7D, 0x32, 0xFC, 0xF4, 0xC0, 0x98, 0xA4, 0x8C,
    0xA5, 0xCF, 0x63, 0xBC, 0x00, 0x1C, 0xF9, 0xDC, 0xE5, 0xA1, 0xCA, 0xCE, 0xC3, 0xF4, 0xB5, 0xDC,
    0xCF, 0x77, 0x38, 0x58, 0xE9, 0x0B, 0x12, 0x51, 0x78, 0x84, 0xF0, 0x93, 0xB0, 0xE1, 0xEF, 0xF8,
    0x3F, 0x0F, 0xFF, 0xE6, 0x15, 0xB5, 0xAA, 0x56, 0x66, 0x2B, 0x6A, 0x46, 0xB0, 0x67, 0xFE, 0x00,
    0xE5, 0x9B, 0xC7, 0xB3, 0x9D, 0xCA, 0x11, 0xC6, 0x3F, 0xC0, 0x12, 0x55, 0x62, 0x31, 0xCE, 0xD9,
    0xC6, 0x39, 0x5B, 0xEC, 0x5F, 0x10, 0xF8, 0x69, 0xE7, 0x9C, 0x73, 0xCE, 0x39, 0xE7, 0x20, 0x70,
    0xDE, 0xEA, 0xCF, 0x70, 0xCE, 0xD9, 0x92, 0xC0, 0x79, 0xF9, 0x70, 0xD8, 0x0B, 0xBB, 0x9C, 0xE3,
    0x2C, 0xA8, 0x32, 0x7A, 0x05, 0xB4, 0xAB, 0xBB, 0xE9, 0xE2, 0xDC, 0x53, 0x57, 0xCE, 0x3E, 0x3A,
    0x47, 0x9E, 0x45, 0xF7, 0x4D, 0x70, 0xBA, 0xBF, 0xDF, 0x74, 0x33, 0x33, 0x42, 0x00, 0x50, 0x0E,
    0xE0, 0x41, 0x23, 0xDB, 0x50, 0x5D, 0xAC, 0xCE, 0xDD, 0x2A, 0x2E, 0x7B, 0x92, 0xB8, 0xDC, 0x4D,
    0xEC, 0x26, 0x71, 0xC1, 0x90, 0xB0, 0x8B, 0x7C, 0x32, 0x03, 0x48, 0x5A, 0x71, 0x69, 0x13, 0xB3,
    0xCB, 0x11, 0x13, 0x80, 0x9A, 0x88, 0x1D, 0x89, 0x8B, 0xD4, 0xC5, 0x1E, 0x11, 0x01, 0xAE, 0x45,
    0x44, 0x05, 0xB2, 0x4A, 0x5C, 0x09, 0x71, 0x13, 0xBB, 0x2A, 0xA5, 0x16, 0x6F, 0xA2, 0x21, 0xA7,
    0x16, 0x44, 0x23, 0xB6, 0x46, 0xD2, 0x89, 0xCB, 0x7B, 0x75, 0x5E, 0x5C, 0xDA, 0x8A, 0x7B, 0x53,
    0x9B, 0xF3, 0xFD, 0x3C, 0x15, 0x48, 0x69, 0x22, 0xCE, 0x2C, 0x9D, 0x01, 0xEA, 0xE2, 0x89, 0x6F,
    0xEC, 0x46, 0x0E, 0xCB, 0x0D, 0x70, 0x13, 0xB2, 0x1E, 0xE9, 0xC8, 0x97, 0xE7, 0x3D, 0x6A, 0x8F,
    0xDC, 0x07, 0x7F, 0x69, 0x51, 0x76, 0x51, 0xD9, 0xA0, 0xEC, 0x9C, 0xD8, 0x47, 0xD5, 0xB7, 0x34,
    0xE5, 0x95, 0x9E, 0x3E, 0x5F, 0xE5, 0xF4, 0x73, 0x9A, 0x91, 0xD1, 0x87, 0xC8, 0x23, 0x1E, 0x82,
    0xB9, 0xC0, 0x91, 0x71, 0xAF, 0x4A, 0x54, 0x94, 0xC0, 0x6A, 0xB1, 0x65, 0xC3, 0xF6, 0x2E, 0x58,
    0x46, 0xAC, 0x02, 0x27, 0x24, 0xCE, 0x91, 0x5E, 0x9F, 0xA9, 0xCB, 0xC5, 0x46, 0xFA, 0x27, 0xE1,
    0x7A, 0xEB, 0x03, 0x00, 0x93, 0x9F, 0x07, 0x5B, 0x89, 0xB2, 0x94, 0x40, 0xEE, 0x2A, 0x16, 0xF2,
    0x93, 0x58, 0xD8, 0xE4, 0x5B, 0x62, 0xED, 0x1E, 0x12, 0x55, 0xEA, 0xA3, 0x59, 0x25, 0x9E, 0x63,
    0xBF, 0x70, 0x70, 0x95, 0x12, 0x58, 0x80, 0x60, 0x4E, 0x1B, 0xF1, 0x51, 0x1F, 0xB7, 0x38, 0x7E,
    0x18, 0x13, 0xA3, 0x62, 0x5C, 0x8C, 0xCC, 0x06, 0x1B, 0xA3, 0x63, 0x7C, 0x56, 0x42, 0xC6, 0x68,
    0xA5, 0x64, 0x9C, 0x56, 0x52, 0xC6, 0x6A, 0xA5, 0x65, 0xBC, 0x8C, 0x18, 0x8C, 0x19, 0x60, 0xD4,
    0x60, 0xDC, 0x60, 0xE4, 0xB0, 0xB0, 0x03, 0x16, 0x7A, 0xC0, 0xD1, 0xC2, 0x0A, 0x3F, 0x29, 0x6E,
    0x09, 0xC7, 0x79, 0x31, 0x79, 0x25, 0x25, 0xF6, 0x01, 0xCD, 0xF3, 0xF6, 0x32, 0x3F, 0x47, 0xFD,
    0x9C, 0x73, 0xEC, 0xEE, 0x89, 0x7B, 0x6E, 0x13, 0x5D, 0x90, 0x2A, 0x53, 0x83, 0xAA, 0x54, 0x17,
    0xAC, 0x0B, 0xD7, 0x05, 0xEC, 0x42, 0x76, 0x41, 0xBB, 0xB0, 0x5D, 0xE0, 0x2E, 0x74, 0x17, 0xBC,
    0x50, 0xBE, 0x50, 0xC0, 0x0B, 0xE1, 0x15, 0x71, 0x34, 0x2D, 0xF0, 0xD4, 0xE5, 0xA1, 0x7C, 0xE1,
    0x1C, 0x19, 0x5B, 0x23, 0x7B, 0x3C, 0xD7, 0xC3, 0x68, 0x7F, 0x99, 0x67, 0x9B, 0xFA, 0xB5, 0xAE,
    0xC2, 0x5E, 0x58, 0xF5, 0xD2, 0x08, 0x6F, 0x4F, 0xA3, 0x32, 0x52, 0x44, 0x4A, 0xE8, 0x5A, 0x55,
    0x9C, 0x75, 0x63, 0x64, 0x83, 0xFA, 0xDC, 0xB2, 0x50, 0x85, 0xE7, 0xB0, 0xB7, 0xF2, 0x33, 0x42,
    0x86, 0xE8, 0x6A, 0x8C, 0x0C, 0x93, 0x71, 0x32, 0x50, 0x46, 0xCA, 0x50, 0x19, 0x2B, 0x83, 0x65,
    0xB4, 0x0C, 0x97, 0xF1, 0x32, 0x60, 0x46, 0xCC, 0x90, 0x19, 0x33, 0x83, 0x66, 0xD4, 0x0C, 0x9B,
    0x71, 0x33, 0x70, 0x46, 0xCE, 0x8A, 0xCC, 0x6A, 0x6C, 0x13, 0xDE, 0xD1, 0x36, 0x14, 0x50, 0xA7,
    0xF5, 0xE6, 0x35, 0xFA, 0x4E, 0xEA, 0xCD, 0x35, 0x52, 0x6F, 0xE7, 0x34, 0xBF, 0x27, 0xEF, 0x75,
    0xBD, 0x01, 0xC9, 0x2F, 0xDF, 0xAD, 0xE0, 0x24, 0x87, 0x77, 0x67, 0x0D, 0xB6, 0x87, 0xB5, 0x93,
    0xBC, 0x94, 0x9C, 0x7B, 0x57, 0x1D, 0x58, 0xBD, 0x01, 0xF5, 0xD9, 0x86, 0x69, 0x11, 0x2B, 0xFD,
    0x63, 0x02, 0x6C, 0x64, 0xC2, 0x4F, 0x52, 0x8F, 0x68, 0x10, 0x44, 0xA3, 0x10, 0x7A, 0xD8, 0x35,
    0xAA, 0x37, 0xED, 0x77, 0xD8, 0xB7, 0x7E, 0xB7, 0x83, 0xE5, 0x1E, 0x9C, 0x5F, 0x7F, 0x77, 0xB5,
    0x0E, 0xB8, 0xD7, 0x0B, 0x43, 0x6B, 0x03, 0x42, 0x0B, 0x38, 0x03, 0x19, 0xDF, 0x10, 0xFB, 0x85,
    0xA7, 0xB6, 0xF2, 0x4D, 0xD2, 0xC8, 0x85, 0xA4, 0x7F, 0x38, 0x1C, 0x14, 0xC9, 0x47, 0x88, 0x00,
    0xB5, 0xC8, 0x22, 0x11, 0x68, 0xEB, 0x8F, 0x1A, 0x00, 0xF1, 0xE3, 0x12, 0xB6, 0xD5, 0x69, 0xB6,
    0xB7, 0x09, 0x3D, 0x6D, 0x28, 0xAF, 0x29, 0xAE, 0x11, 0xB7, 0x4C, 0x29, 0x38, 0x75, 0x91, 0xBA,
    0xA7, 0xB4, 0x85, 0xD0, 0x08, 0x0F, 0x9D, 0x86, 0x8E, 0x60, 0x82, 0xC1, 0xB0, 0xF9, 0x76, 0x5A,
    0xB3, 0x96, 0x70, 0x1F, 0x93, 0xB2, 0xFD, 0xBD, 0x44, 0x44, 0xC2, 0xEA, 0xB5, 0xD7, 0x88, 0x86,
    0xC5, 0x08, 0xD2, 0x6F, 0x9D, 0xBA, 0x54, 0xEC, 0x8B, 0xAF, 0x9C, 0x67, 0xF7, 0x95, 0x58, 0x68,
    0xD4, 0xFA, 0x27, 0xD9, 0xE1, 0xD1, 0x40, 0x2C, 0x1A, 0x3B, 0xFD, 0xC1, 0xFB, 0x97, 0xEA, 0xB7,
    0x75, 0xC1, 0xC9, 0x13, 0xA7, 0xF6, 0xAC, 0x42, 0xAE, 0xFE, 0xE4, 0xDF, 0x75, 0x85, 0xEC, 0xFE,
    0xC9, 0x7F, 0xB2, 0xD8, 0x37, 0x1A, 0x6F, 0x87, 0x97, 0x69, 0x13, 0x77, 0xAA, 0x78, 0xB3, 0xB1,
    0x00, 0x48, 0x06, 0x5C, 0xC7, 0x4F, 0xFE, 0xA0, 0x08, 0x0A, 0x20, 0x6A, 0x92, 0x86, 0x6D, 0xCA,
    0x5F, 0xDF, 0x36, 0x0B, 0x91, 0x11, 0x40, 0xA0, 0x5C, 0xEE, 0x51, 0xEC, 0xF7, 0xF3, 0x3F, 0x66,
    0x9D, 0xBC, 0xBA, 0x4E, 0x35, 0x6C, 0xC1, 0x9F, 0xE9, 0x1A, 0x0E, 0x4D, 0x5D, 0x83, 0x13, 0x05,
    0x42, 0x46, 0x2B, 0x92, 0xA9, 0x2B, 0xF4, 0x72, 0x95, 0x49, 0x2F, 0x73, 0x44, 0xFC, 0x47, 0xA9,
    0xBA, 0x4C, 0xD5, 0xCC, 0x87, 0x4D, 0x09, 0x4B, 0x8F, 0x25, 0x90, 0xE0, 0xC9, 0x00, 0xB5, 0x48,
    0x3C, 0x02, 0x6A, 0x90, 0xB5, 0x08, 0x49, 0xAE, 0xCB, 0xD8, 0x15, 0xA8, 0x15, 0xE0, 0xF6, 0x98,
    0xA1, 0x9F, 0xBE, 0xE9, 0x82, 0x51, 0x1D, 0x67, 0x97, 0xB1, 0xF8, 0x44, 0x33, 0x22, 0xBA, 0x85,
    0xE0, 0x46, 0x10, 0xD2, 0x1E, 0x84, 0xDC, 0x87, 0x84, 0xBC, 0x4B, 0x27, 0xD4, 0x7F, 0xA0, 0x5F,
    0xA2, 0xA6, 0x5F, 0x02, 0xF4, 0x33, 0x48, 0x72, 0x62, 0xDE, 0xCE, 0xC1, 0x78, 0x94, 0x7D, 0xD2,
    0x20, 0x27, 0x65, 0x04, 0x84, 0x74, 0x1E, 0x1B, 0x23, 0x18, 0x6C, 0x5B, 0xE1, 0xD8, 0x24, 0x23,
    0x20, 0x79, 0x80, 0xBD, 0x84, 0xB6, 0xCA, 0xA4, 0x93, 0xC4, 0x2D, 0xAE, 0xD9, 0x88, 0x1E, 0x7A,
    0xCF, 0x03, 0xD1, 0x3F, 0x6B, 0x6D, 0xF7, 0x2C, 0xE6, 0x2E, 0x6C, 0xC0, 0x26, 0xF6, 0x7A, 0xD4,
    0xA3, 0xE3, 0x7F, 0x8E, 0x20, 0x6E, 0x6F, 0xD6, 0x66, 0x7E, 0x41, 0x3B, 0x4C, 0x2F, 0x6D, 0x47,
    0x4B, 0x72, 0xDD, 0xDB, 0x1D, 0x90, 0xB0, 0xEF, 0x8E, 0x1A, 0x84, 0x94, 0x34, 0x88, 0xF8, 0xC7,
    0xC9, 0x65, 0x02, 0xDC, 0xD9, 0x11, 0x38, 0x85, 0x17, 0xEF, 0x40, 0x4E, 0x00, 0x79, 0xA7, 0x5E,
    0x13, 0xAF, 0x3F, 0x38, 0x6A, 0xFE, 0xDF, 0x6B, 0xD9, 0x3B, 0x12, 0x87, 0xFC, 0xE3, 0x5E, 0xFC,
    0xA4, 0xAB, 0xE6, 0xE3, 0x55, 0x36, 0x99, 0x4D, 0x67, 0x13, 0xDA, 0x94, 0x36, 0xA9, 0x4D, 0x6B,
    0x13, 0xDB, 0xD4, 0x36, 0xB9, 0x4D, 0x6F, 0x13, 0xDC, 0x14, 0x37, 0xC9, 0x4D, 0x73, 0x13, 0xDD,
    0x54, 0x37, 0xD9, 0x17, 0xDD, 0x4D, 0x78, 0x53, 0xDE, 0xA4, 0x37, 0xED, 0x37, 0xCE, 0x1C, 0xE3,
    0xC9, 0xF6, 0x70, 0xCE, 0x67, 0x15, 0x7F, 0xC0, 0x19, 0x3B, 0x6E, 0x8C, 0x06, 0x29, 0xF4, 0x36,
    0xDF, 0xD8, 0xC7, 0x19, 0x15, 0xC5, 0xA2, 0x5C, 0x14, 0x8C, 0x92, 0x51, 0x34, 0xCA, 0x46, 0xE1,
    0x28, 0x1D, 0xC5, 0xA3, 0x7C, 0x14, 0x90, 0x12, 0x52, 0x44, 0xCA, 0x48, 0x21, 0x09, 0xA5, 0x15,
    0xD3, 0xA2, 0x4F, 0xAE, 0x72, 0xB9, 0xA6, 0xE6, 0x2F, 0xA2, 0xEF, 0x51, 0x63, 0x8C, 0x0C, 0xD1,
    0x36, 0xA1, 0xC3, 0xE9, 0xEE, 0xA9, 0x17, 0x02, 0xB6, 0x10, 0xD5, 0x33, 0xC5, 0x21, 0x1F, 0x96,
    0x13, 0xC5, 0x68, 0x9C, 0x00, 0xD7, 0xE5, 0x0A, 0x61, 0x17, 0x85, 0x11, 0xFF, 0x52, 0xBD, 0x9B,
    0x17, 0x6F, 0x91, 0xE6, 0x9A, 0x5D, 0x75, 0x71, 0x29, 0x94, 0xEE, 0xFF, 0xA2, 0x50, 0x36, 0x9B,
    0x04, 0xF9, 0xF5, 0xC0, 0x20, 0x92, 0xA2, 0x49, 0x5A, 0xFE, 0xB0, 0xB2, 0xD8, 0xA7, 0xA2, 0x41,
    0x38, 0x9C, 0x56, 0x34, 0xA2, 0xC6, 0x7D, 0x25, 0xDE, 0xAD, 0x11, 0xAA, 0xA0, 0xEE, 0x72, 0xC3,
    0xEE, 0x03, 0x51, 0x77, 0x58, 0x45, 0x03, 0x94, 0x1F, 0x6A, 0x01, 0xA2, 0x66, 0x73, 0x7F, 0x90,
    0x75, 0x90, 0x48, 0x11, 0xCE, 0x03, 0x90, 0x74, 0x17, 0x18, 0xC2, 0xC3, 0x77, 0x51, 0x34, 0xB5,
    0x4A, 0xB0, 0x83, 0xBE, 0xB4, 0x37, 0xAB, 0xCE, 0xC9, 0x4E, 0xCF, 0xEC, 0xE3, 0xB6, 0xBA, 0x55,
    0x71, 0x4F, 0x60, 0x0F, 0x16, 0xA6, 0xD1, 0x15, 0xD3, 0x2F, 0xD6, 0x4E, 0x51, 0xB1, 0x29, 0x80,
    0x50, 0xF6, 0x55, 0xC5, 0x8A, 0xA4, 0x61, 0x45, 0x2B, 0xE1, 0x20, 0x5A, 0x89, 0x52, 0x1A, 0x88,
    0x60, 0x90, 0x9B, 0x08, 0x02, 0x01, 0x90, 0xCC, 0xF6, 0x71, 0xE9, 0x08, 0x15, 0x5E, 0x75, 0xC8,
    0xBD, 0x49, 0x6E, 0x37, 0x41, 0x60, 0x37, 0x41, 0x46, 0x03, 0x03, 0x1F, 0x6D, 0xD2, 0x90, 0x07,
    0xA8, 0x07, 0x9E, 0xD5, 0x6B, 0x47, 0xB9, 0x57, 0x0B, 0x9C, 0x03, 0x6C, 0xC4, 0x23, 0x50, 0xB2,
    0x68, 0xB3, 0x54, 0xF3, 0x19, 0x37, 0xE2, 0x7E, 0x59, 0xAF, 0x9F, 0x51, 0xF2, 0xD4, 0x69, 0x25,
    0xC0, 0x80, 0x74, 0x6B, 0x17, 0x11, 0xC7, 0x95, 0xC0, 0xCD, 0x97, 0xE0, 0xA8, 0x47, 0x4A, 0x15,
    0xDC, 0x70, 0x8D, 0xD2, 0xDB, 0x3C, 0x5F, 0x61, 0xE2, 0x6A, 0x6C, 0x4F, 0x99, 0xB5, 0x92, 0x7C,
    0x40, 0xBD, 0x78, 0x94, 0xCC, 0xE5, 0x98, 0xC4, 0xA7, 0x7F, 0x31, 0xF1, 0x19, 0xE9, 0x46, 0xE2,
    0xEB, 0x2E, 0x50, 0x2F, 0x91, 0x3A, 0x6B, 0x6C, 0xF7, 0x97, 0xF0, 0x6C, 0x0B, 0x64, 0xE6, 0x3B,
    0x29, 0xC5, 0x7C, 0x42, 0xDD, 0x83, 0x3A, 0xA4, 0x23, 0xCB, 0xE1, 0xA6, 0x44, 0xEE, 0xCB, 0x32,
    0xC4, 0x33, 0x4B, 0x10, 0x53, 0xDE, 0x8B, 0xF5, 0xFC, 0x73, 0x56, 0xC1, 0xCD, 0x2C, 0x83, 0x9B,
    0xD8, 0xA6, 0x23, 0xDB, 0x7C, 0x60, 0x5B, 0xF6, 0x1C, 0x26, 0x75, 0xB9, 0x67, 0x65, 0xF2, 0x01,
    0x09, 0x15, 0x6E, 0x46, 0x39, 0x49, 0xD9, 0xFB, 0xE5, 0x63, 0x71, 0x2F, 0xFA, 0xE5, 0xB1, 0x7B,
    0xEE, 0xAC, 0x87, 0x69, 0xAD, 0x1B, 0x6E, 0x99, 0xF2, 0x56, 0x46, 0x84, 0x88, 0x3E, 0x44, 0x85,
    0x9B, 0x40, 0x4D, 0x3A, 0x82, 0x9A, 0xDC, 0x83, 0x9A, 0x92, 0x4D, 0xDD, 0xB1, 0x69, 0x03, 0xAA,
    0xA8, 0x09, 0xA9, 0xA0, 0x26, 0x22, 0x50, 0x93, 0xCC, 0xA8, 0xF9, 0x2F, 0xCB, 0xAE, 0xEC, 0x91,
    0x11, 0xB7, 0x00, 0x22, 0x2E, 0xCD, 0x23, 0x9F, 0x1E, 0x7C, 0x03, 0x9C, 0xA8, 0xD1, 0x8F, 0x37,
    0xCA, 0x08, 0xEE, 0x97, 0xEB, 0x9A, 0x20, 0x25, 0x00, 0x36, 0x4F, 0x2F, 0xAC, 0x8F, 0xC4, 0x13,
    0xD0, 0xB1, 0x4F, 0xD2, 0x6A, 0xE0, 0xE9, 0x04, 0x16, 0x8F, 0x63, 0xAC, 0x01, 0xE0, 0x8C, 0x35,
    0x0D, 0xB7, 0xF6, 0x91, 0xFF, 0xB9, 0xC6, 0x21, 0xD9, 0xDC, 0x56, 0xEB, 0x5A, 0x48, 0x68, 0x7A,
    0xF8, 0x5B, 0xDA, 0x6E, 0x3E, 0x2F, 0x74, 0x1A, 0x6C, 0x6F, 0xEA, 0x36, 0x84, 0x35, 0x69, 0xB1,
    0x88, 0x8B, 0x45, 0x5E, 0xA8, 0xC0, 0x80, 0x4A, 0x0C, 0xA8, 0xC8, 0x80, 0xCA, 0x0C, 0xA8, 0xD0,
    0x80, 0x4A, 0x0D, 0xA8, 0xD8, 0x80, 0xCA, 0x0D, 0xA8, 0xE0, 0xE2, 0xE5, 0x3E, 0x2A, 0x3A, 0xA0,
    0xB2, 0x03, 0x2A, 0x3C, 0xA0, 0xD2, 0x03, 0x2A, 0x3E, 0xA0, 0xF2, 0x43, 0x01, 0xAC, 0xE1, 0x19,
    0x04, 0x1D, 0x9F, 0x2A, 0x36, 0x9E, 0x1F, 0xF1, 0x20, 0x46, 0x34, 0x48, 0xC7, 0x4C, 0x14, 0x98,
    0xEF, 0x2C, 0x0F, 0x96, 0x52, 0x7E, 0xEF, 0xB3, 0x02, 0xC0, 0xA9, 0xEA, 0x54, 0xB1, 0xC5, 0x67,
    0x21, 0xA4, 0x8C, 0xA0, 0x94, 0x00, 0xE1, 0x04, 0x08, 0x29, 0x89, 0x8F, 0x5D, 0xA9, 0x4E, 0x78,
    0x01, 0x42, 0x0C, 0x10, 0x66, 0x80, 0x50, 0x83, 0x72, 0x83, 0x92, 0x83, 0xB2, 0x83, 0xD2, 0x83,
    0xF2, 0x33, 0x82, 0xC6, 0x2D, 0x12, 0x8B, 0x49, 0xBE, 0xBB, 0x39, 0x9D, 0x94, 0x9D, 0x04, 0x9E,
    0x17, 0xDB, 0xDC, 0xF6, 0xAE, 0xCB, 0xB8, 0xC1, 0xB4, 0x0F, 0xF5, 0x24, 0x83, 0xBF, 0xBE, 0x89,
    0x73, 0xBF, 0x5D, 0x39, 0x03, 0xC1, 0x5C, 0xAA, 0xF4, 0x2A, 0xFC, 0x0E, 0x8A, 0x22, 0xAF, 0x8E,
    0x2C, 0x51, 0x7A, 0x71, 0xA1, 0x17, 0xB9, 0xE3, 0x4E, 0xEA, 0x23, 0x2B, 0x4C, 0x62, 0xAD, 0x8E,
    0xE3, 0x44, 0x36, 0x9D, 0x2D, 0x63, 0x55, 0x5A, 0xA5, 0xB6, 0xAA, 0x50, 0xB1, 0xAD, 0x26, 0x54,
    0x6E, 0xAB, 0x08, 0x15, 0xDC, 0xEA, 0x41, 0x25, 0xB7, 0x6A, 0x50, 0xD1, 0xAD, 0x16, 0x54, 0x76,
    0xAB, 0x04, 0x15, 0xDE, 0xEA, 0x40, 0xA5, 0x57, 0xED, 0x2D, 0x14, 0x53, 0x7F, 0x1D, 0x79, 0x6B,
    0xA9, 0xDA, 0x3B, 0x67, 0x41, 0xCF, 0x50, 0x22, 0x2F, 0xA5, 0x50, 0x69, 0x25, 0x68, 0x21, 0x28,
    0x0C, 0xA3, 0xB1, 0xF2, 0x10, 0x20, 0x4A, 0x44, 0x91, 0x2C, 0x05, 0x20, 0x50, 0x20, 0x54, 0x50,
    0x8A, 0x15, 0x2E, 0x10, 0x30, 0x10, 0x32, 0x10, 0x34, 0xCA, 0x46, 0xE1, 0x28, 0x1D, 0xC5, 0xA3,
    0x7C, 0x56, 0x40, 0x69, 0xEB, 0x45, 0xFD, 0x16, 0x80, 0x2F, 0x0B, 0x1C, 0x1D, 0xA9, 0x84, 0x7F,
    0xF1, 0x22, 0x80, 0xA8, 0x4B, 0xF7, 0x73, 0xCA, 0x03, 0x19, 0xE7, 0x50, 0x53, 0x07, 0xF8, 0xBA,
    0xB2, 0x10, 0x7B, 0x3B, 0xD2, 0x9B, 0x27, 0x20, 0xEA, 0x73, 0xE0, 0x64, 0x75, 0x6A, 0x07, 0xCF,
    0x01, 0xED, 0x22, 0x9B, 0x7D, 0x63, 0x3C, 0xA6, 0x6F, 0x1C, 0xC2, 0xEA, 0x44, 0xAD, 0x6B, 0x2D,
    0xAD, 0x25, 0xAB, 0xB5, 0x8F, 0xF4, 0xA9, 0xF5, 0x91, 0x6B, 0xBF, 0x80, 0xB1, 0xB9, 0x6A, 0xC7,
    0x7E, 0x74, 0x96, 0x7D, 0x38, 0x24, 0xD2, 0x6A, 0xDA, 0x98, 0x1D, 0xB0, 0x38, 0xD7, 0xE9, 0xF6,
    0xAA, 0x11, 0x21, 0xE6, 0x7F, 0xB3, 0x9D, 0xCC, 0xFF, 0x74, 0x3B, 0xF1, 0xFF, 0x56, 0x3B, 0x39,
    0xF1, 0x74, 0xFB, 0x17, 0x57, 0xBE, 0x1A, 0x1C, 0x67, 0x38, 0x12, 0x10, 0x77, 0x35, 0x70, 0xB2,
    0xB8, 0x04, 0xE0, 0x99, 0x23, 0x42, 0x22, 0x51, 0xAC, 0xF8, 0xEF, 0xCB, 0x1E, 0x4D, 0x9B, 0x6F,
    0xBF, 0xA0, 0x46, 0x24, 0xA7, 0x1C, 0x10, 0x4D, 0x5D, 0x75, 0x78, 0x9A, 0xC6, 0x13, 0xEC, 0x1D,
    0x55, 0xC2, 0x25, 0xA0, 0x04, 0x01, 0x69, 0xB1, 0x23, 0x39, 0xE1, 0x16, 0xA7, 0x7A, 0xA6, 0x24,
    0x0E, 0xE7, 0x44, 0x55, 0x5C, 0x10, 0x55, 0x13, 0x2F, 0x72, 0x9E, 0x38, 0x18, 0x55, 0xAF, 0xBE,
    0x04, 0xBF, 0x04, 0x04, 0x03, 0xF1, 0x12, 0x5C, 0xBE, 0xDF, 0x81, 0xBE, 0x67, 0x42, 0x11, 0x4D,
    0x8F, 0xF8, 0x43, 0x92, 0x13, 0xCC, 0xE8, 0x27, 0xF4, 0x38, 0x0F, 0xC4, 0xCD, 0xC5, 0x03, 0x6C,
    0x01, 0xA7, 0x03, 0xBE, 0xE6, 0xC3, 0x1D, 0x42, 0x39, 0x5A, 0xF9, 0x2B, 0x11, 0xE2, 0xEF, 0x50,
    0x8D, 0x93, 0xC5, 0x83, 0x76, 0x20, 0x27, 0x10, 0x1D, 0x79, 0x91, 0xF2, 0x00, 0x05, 0x3C, 0xE6,
    0xD9, 0x86, 0xEC, 0xB8, 0x7F, 0xED, 0xB6, 0xC1, 0xB2, 0x82, 0xD8, 0x1C, 0x3F, 0x69, 0x77, 0xFF,
    0x68, 0x8B, 0x88, 0xDA, 0x98, 0xC6, 0x98, 0xA8, 0x8A, 0xA9, 0xD7, 0x5D, 0x1A, 0x44, 0xAE, 0x73,
    0x10, 0x65, 0x2E, 0xE8, 0xB1, 0xC7, 0xA8, 0x67, 0x3D, 0x83, 0x88, 0x13, 0xF4, 0x22, 0x7D, 0xE4,
    0x11, 0x91, 0x60, 0x8C, 0x09, 0x88, 0x5B, 0xB9, 0x77, 0xD2, 0x08, 0x08, 0x27, 0x8B, 0x49, 0xA4,
    0x95, 0xF0, 0xC8, 0x44, 0x68, 0xE4, 0xEA, 0x2E, 0xC9, 0xD2, 0x29, 0xE0, 0x9F, 0x53, 0x91, 0x0E,
    0x40, 0xAA, 0xF2, 0x2A, 0x6F, 0x9D, 0x8D, 0xA2, 0xF2, 0xF9, 0x7F, 0x4D, 0xE5, 0x6C, 0x00, 0x35,
    0x01, 0x8D, 0xAC, 0x0A, 0x8D, 0x21, 0x55, 0xD9, 0xE7, 0x87, 0x88, 0x8A, 0x9B, 0xB2, 0x3E, 0x22,
    0xDC, 0x3E, 0xF7, 0xB2, 0x55, 0xED, 0x64, 0x83, 0xDA, 0x38, 0x49, 0x28, 0x1B, 0x11, 0x50, 0x75,
    0x23, 0x67, 0x85, 0x6F, 0x4B, 0x36, 0x97, 0x3D, 0xE2, 0x39, 0xBA, 0xB5, 0xBB, 0x7D, 0x32, 0xBB,
    0xF4, 0xC7, 0x3E, 0xA1, 0x39, 0xFB, 0x4B, 0x9B, 0xD0, 0x98, 0x53, 0x11, 0x91, 0xE7, 0xE8, 0xA9,
    0xC8, 0xB6, 0x96, 0x5A, 0x27, 0xBB, 0xF5, 0x15, 0xA0, 0x54, 0x6D, 0x2F, 0xA2, 0x17, 0xFF, 0xEE,
    0x7F, 0x1E, 0x39, 0x10, 0x30, 0xB5, 0x84, 0x4B, 0x7E, 0xB5, 0xCF, 0x13, 0x1B, 0xF9, 0xF5, 0x95,
    0xC8, 0x8B, 0x58, 0xC7, 0xEE, 0x21, 0x29, 0x95, 0x75, 0xC2, 0xA0, 0xAC, 0xB4, 0x8B, 0x4F, 0x88,
    0x7A, 0x8D, 0x54, 0xBC, 0x7C, 0x69, 0x33, 0x4C, 0xA5, 0xA7, 0x26, 0x12, 0xED, 0xAF, 0x40, 0x7A,
    0x49, 0x0E, 0x55, 0xFF, 0x03, 0x30, 0xF9, 0x4D, 0x7F, 0x03, 0x60, 0x04, 0x0C, 0x81, 0x31, 0x30,
    0x08, 0x46, 0xC1, 0x30, 0x18, 0x07, 0x03, 0x61, 0x24, 0x0C, 0x85, 0xB1, 0x10, 0x18, 0x3D, 0x8C,
    0x86, 0xE1, 0x30, 0x1E, 0x47, 0x2B, 0xE5, 0x19, 0x82, 0x44, 0x8E, 0x54, 0x6D, 0x2D, 0x82, 0x64,
    0x90, 0xDC, 0xD2, 0x36, 0x96, 0x5D, 0x8B, 0x66, 0xFC, 0xEA, 0x25, 0xE1, 0xE0, 0x45, 0x9D, 0x30,
    0xA1, 0x4A, 0xA0, 0xFC, 0x16, 0x4A, 0x05, 0x8A, 0x05, 0xCA, 0xC5, 0xC0, 0x28, 0x19, 0x43, 0xA3,
    0x6C, 0x16, 0x38, 0x0B, 0x9D, 0x05, 0xCF, 0xC2, 0x07, 0x0A, 0x08, 0x4A, 0x08, 0x8A, 0x08, 0xCA,
    0xC8, 0x20, 0xC9, 0x95, 0x3A, 0xA8, 0x80, 0xED, 0xEA, 0x85, 0x92, 0x6B, 0x16, 0x4A, 0xCD, 0x75,
    0x45, 0x29, 0x5F, 0x7A, 0x98, 0x17, 0xE7, 0xBC, 0x86, 0xD1, 0x43, 0xF0, 0x0C, 0x9A, 0xEA, 0x83,
    0xF6, 0x07, 0x8F, 0xF5, 0x2F, 0x6B, 0x60, 0x70, 0xC6, 0x29, 0x2B, 0x04, 0x93, 0x4D, 0xA9, 0x68,
    0x50, 0x1F, 0x16, 0x07, 0x8F, 0xC9, 0xDA, 0x9B, 0x75, 0x36, 0x73, 0xD6, 0xE1, 0x10, 0x79, 0xAD,
    0xA9, 0x46, 0xA0, 0x5D, 0xD4, 0xC4, 0xB1, 0x47, 0xD0, 0xD2, 0x42, 0x23, 0x2A, 0x7F, 0xB1, 0x84,
    0x4F, 0x2D, 0xC3, 0x0A, 0x3C, 0x35, 0x11, 0xCB, 0xDA, 0x9E, 0xB9, 0xAE, 0x6A, 0x2A, 0xE8, 0x9C,
    0xA4, 0x30, 0x66, 0x3A, 0x43, 0x27, 0x0E, 0x23, 0x2B, 0x47, 0xC6, 0x73, 0xB3, 0xF3, 0x9C, 0xEA,
    0xAB, 0x83, 0x62, 0x7F, 0xF0, 0xD8, 0x31, 0x25, 0x60, 0x18, 0xAE, 0x2B, 0x1C, 0xC7, 0xAE, 0xDA,
    0xD6, 0xA7, 0x70, 0xEE, 0x71, 0xDC, 0xF2, 0x78, 0xCD, 0x5E, 0x7B, 0x21, 0xF6, 0xAE, 0xAC, 0x8E,
    0x59, 0xF7, 0xD9, 0x12, 0x23, 0x5D, 0x5C, 0x0F, 0x5B, 0xFB, 0x1D, 0x6D, 0xF2, 0x1B, 0x59, 0x05,
    0x03, 0xEC, 0x75, 0xF1, 0xAD, 0x91, 0xD3, 0x84, 0x9C, 0x9A, 0x9C, 0x46, 0x94, 0x54, 0x45, 0xD4,
    0x20, 0xE9, 0xE5, 0x69, 0xEE, 0x5A, 0xA1, 0x9B, 0x17, 0x02, 0x9D, 0xA1, 0x94, 0x3E, 0x1C, 0x44,
    0xCA, 0xB8, 0x93, 0x65, 0x55, 0xDA, 0x48, 0x2C, 0x39, 0xD8, 0x4D, 0x12, 0x4C, 0x2C, 0x94, 0x10,
    0x51, 0x7B, 0xF5, 0xD7, 0x00, 0x66, 0xE8, 0x05, 0x6B, 0x0E, 0x5B, 0xAF, 0x01, 0xC4, 0x24, 0xD7,
    0x39, 0x75, 0xF6, 0x02, 0x6C, 0xDE, 0xAE, 0x69, 0xC5, 0x4A, 0x47, 0x73, 0x7B, 0xF9, 0x0A, 0xBD,
    0x45, 0x59, 0x30, 0xEA, 0xBA, 0x02, 0xF5, 0xA8, 0x8B, 0x90, 0xA9, 0x15, 0xD1, 0xE5, 0x11, 0x84,
    0xE4, 0x71, 0x13, 0x66, 0xB8, 0x68, 0xC6, 0x84, 0xFB, 0x44, 0x14, 0x8C, 0x4C, 0x85, 0x13, 0x0A,
    0xE8, 0x6C, 0x0F, 0xDE, 0x96, 0x7A, 0xB6, 0x3F, 0x6A, 0x19, 0xE1, 0xAD, 0x0D, 0x80, 0xF2, 0x72,
    0x21, 0x02, 0x81, 0xED, 0x24, 0x76, 0x34, 0x85, 0x6D, 0x26, 0xB1, 0x06, 0x8F, 0x42, 0xCE, 0xD7,
    0x04, 0x42, 0xFD, 0x2F, 0x72, 0x17, 0x92, 0xEB, 0x25, 0xD3, 0xAC, 0x3B, 0x08, 0x99, 0xB7, 0x46,
    0x69, 0xAB, 0x3A, 0x75, 0xFA, 0x17, 0x97, 0xF6, 0x49, 0xE6, 0x7B, 0x55, 0x2C, 0x73, 0xD9, 0xB1,
    0xCC, 0x75, 0xC7, 0x32, 0xD7, 0x1B, 0x2F, 0x4A, 0x97, 0x1A, 0x71, 0xED, 0xC5, 0x91, 0x15, 0xB5,
    0xBA, 0x6E, 0xF3, 0x5F, 0x72, 0xEE, 0x7C, 0x50, 0xB5, 0x80, 0xB9, 0x10, 0x20, 0x7A, 0x22, 0xA4,
    0x3B, 0xA0, 0x0E, 0xD0, 0x2E, 0x0B, 0xBC, 0x49, 0xFE, 0xEA, 0x0A, 0x64, 0x1C, 0x40, 0x5D, 0xE8,
    0x0B, 0x84, 0x12, 0xE3, 0x64, 0xCF, 0x51, 0xF9, 0xA5, 0x1E, 0x7E, 0xDF, 0x1C, 0x75, 0x07, 0xD8,
    0xAF, 0xC2, 0xF6, 0xBE, 0x00, 0xDC, 0x70, 0x33, 0xEC, 0x9F, 0xBD, 0xCE, 0xD4, 0x03, 0x80, 0x0B,
    0xA9, 0xE7, 0x76, 0x15, 0x16, 0x07, 0xC0, 0xE5, 0x6F, 0x6D, 0x51, 0xBB, 0x8E, 0xD6, 0x3C, 0x10,
    0x3D, 0x89, 0x8B, 0xFC, 0x92, 0x0B, 0x37, 0x7F, 0x87, 0x50, 0x3A, 0x3A, 0xE4, 0x96, 0x6E, 0x82,
    0x78, 0x10, 0x78, 0x88, 0x2D, 0x57, 0x38, 0x6F, 0xC0, 0x13, 0x2D, 0x31, 0xDA, 0x92, 0x82, 0xD0,
    0x50, 0xE7, 0x11, 0x5C, 0xB8, 0x48, 0xE1, 0x64, 0x38, 0xF6, 0x17, 0xAD, 0xBE, 0x95, 0x18, 0xC5,
    0x1E, 0x67, 0x2E, 0xE7, 0xCC, 0xC5, 0x6B, 0x12, 0xDD, 0x82, 0x46, 0x51, 0x5D, 0x79, 0x62, 0xD0,
    0xF6, 0xD6, 0x5C, 0xAF, 0x14, 0xEA, 0x05, 0x8A, 0x05, 0x16, 0x98, 0x1D, 0x2E, 0xC2, 0xCF, 0x90,
    0x08, 0x49, 0x90, 0x5C, 0xEF, 0x71, 0x46, 0x57, 0x8C, 0x5A, 0x1D, 0xB4, 0x3B, 0x71, 0x74, 0xBB,
    0xDD, 0xC2, 0xF4, 0x00, 0xA0, 0xDB, 0x87, 0xF3, 0xB2, 0x96, 0x9E, 0xD6, 0x85, 0xD6, 0x4B, 0x2C,
    0xDE, 0x62, 0xE9, 0x0E, 0x43, 0xAB, 0x8B, 0x7E, 0xF6, 0xB3, 0x10, 0x72, 0x99, 0x24, 0xB1, 0x86,
    0xAC, 0x9B, 0xA4, 0x65, 0x1D, 0x67, 0x99, 0xBA, 0xD2, 0x67, 0xA3, 0xAE, 0x58, 0x1D, 0x8F, 0x81,
    0xBA, 0x3B, 0x4D, 0xC1, 0xD1, 0xEF, 0xDD, 0x6E, 0x92, 0xDD, 0xC6, 0x18, 0xA6, 0x13, 0x0F, 0xD8,
    0x50, 0x85, 0xB6, 0x3C, 0x9C, 0x2D, 0xB6, 0xBC, 0xC4, 0x92, 0xB7, 0xDF, 0x07, 0xC6, 0xFA, 0xB8,
    0xDC, 0xC5, 0x42, 0xD8, 0x02, 0xF0, 0x15, 0xA2, 0xBB, 0x68, 0x0E, 0x9A, 0xBA, 0x0C, 0x93, 0x31,
    0x24, 0x58, 0x7E, 0x2B, 0x6C, 0x84, 0x03, 0xE0, 0x12, 0xCF, 0x8A, 0xFE, 0xF3, 0x1F, 0x58, 0x3D,
    0xE1, 0xF4, 0x40, 0xCD, 0x43, 0xB8, 0x1D, 0xAF, 0x3B, 0x98, 0x8E, 0x77, 0xC7, 0x17, 0xF4, 0x3B,
    0x2A, 0x02, 0xFA, 0x1A, 0x16, 0x3D, 0x7B, 0xD0, 0xF4, 0xF2, 0xF1, 0x97, 0x46, 0xBA, 0xEC, 0x6A,
    0x37, 0xCB, 0xF6, 0x24, 0x4B, 0x5E, 0xD2, 0x92, 0x43, 0xD6, 0x54, 0xB5, 0x6E, 0xCB, 0xB6, 0x24,
    0x99, 0x84, 0xA3, 0x80, 0xCF, 0x37, 0x16, 0xF4, 0xE4, 0x44, 0x01, 0xC5, 0xE6, 0x05, 0x7D, 0x06,
    0x65, 0x8C, 0x42, 0x94, 0x5B, 0x0F, 0x32, 0xF9, 0x09, 0xAD, 0x94, 0xC0, 0x5E, 0xAA, 0x2C, 0x9C,
    0xEA, 0x7E, 0xBD, 0xCE, 0xE1, 0xD6, 0xEC, 0xF7, 0xBE, 0x8C, 0x11, 0x2D, 0xCE, 0x66, 0xB9, 0xFA,
    0xD7, 0xB5, 0x5C, 0x9B, 0x38, 0x4C, 0x7A, 0xB3, 0x63, 0x38, 0x01, 0xB8, 0xA8, 0x8A, 0xA0, 0x11,
    0xF0, 0x9F, 0x8A, 0xFC, 0x38, 0xD9, 0x3A, 0x9E, 0x6C, 0x1A, 0x9F, 0x77, 0xB7, 0x91, 0xDE, 0xAD,
    0xE3, 0xCF, 0xC4, 0xD7, 0xC0, 0x69, 0xFA, 0x5F, 0x1B, 0xBD, 0xDC, 0xD1, 0x2C, 0xDF, 0x56, 0xC2,
    0x73, 0x94, 0x73, 0x18, 0xA3, 0x8F, 0x28, 0x90, 0xE9, 0xAC, 0xAB, 0x31, 0x09, 0xFE, 0xB9, 0xB8,
    0xDF, 0x27, 0x71, 0xE1, 0x34, 0xD9, 0x3A, 0xAD, 0x3A, 0xA0, 0xA9, 0xD3, 0x19, 0xBD, 0xC2, 0x1C,
    0x30, 0xA5, 0x0E, 0x9C, 0x98, 0x84, 0xF0, 0x53, 0x75, 0x3F, 0x82, 0x2E, 0x97, 0xCC, 0xE1, 0x93,
    0x29, 0x12, 0x6D, 0x0A, 0xB3, 0xDB, 0x16, 0xFA, 0x0F, 0xF8, 0x8F, 0x04, 0xE8, 0x13, 0x1E, 0xCD,
    0xB5, 0xC5, 0x0F, 0xE8, 0x0E, 0xD8, 0x02, 0x9F, 0xA0, 0x71, 0xD0, 0x69, 0x64, 0x4C, 0x86, 0xA4,
    0xFA, 0x8D, 0x3B, 0x3D, 0x15, 0x1F, 0x27, 0xEA, 0x70, 0xFE, 0x47, 0x95, 0xF7, 0x40, 0x68, 0xDB,
    0xF7, 0x2C, 0x9E, 0xC4, 0xA4, 0xBF, 0x21, 0x14, 0x84, 0xDC, 0x11, 0x84, 0xC5, 0x12, 0x61, 0x85,
    0x07, 0xFE, 0x43, 0x93, 0x6B, 0xB2, 0x28, 0xED, 0x36, 0xA9, 0x29, 0x17, 0x9B, 0x92, 0x3B, 0xD7,
    0xB5, 0x9F, 0x6B, 0x39, 0xEC, 0xE6, 0x2E, 0xF9, 0xDA, 0xC9, 0xB0, 0xFD, 0x33, 0xF9, 0x1E, 0xF7,
    0x55, 0xF2, 0xD3, 0x3D, 0xEE, 0x95, 0x3C, 0xCE, 0xF7, 0x45, 0x5D, 0xEF, 0xFE, 0x6C, 0x1C, 0x4E,
    0x23, 0x86, 0x04, 0xAF, 0xA9, 0x72, 0x08, 0x95, 0x80, 0x2A, 0xA3, 0x34, 0x55, 0x39, 0x68, 0x24,
    0x47, 0x0D, 0xA9, 0x1C, 0x4C, 0x20, 0x07, 0xD3, 0xFB, 0xFD, 0x35, 0x47, 0xA8, 0x2C, 0xC1, 0x30,
    0x15, 0x28, 0x83, 0x96, 0x5A, 0xA0, 0xD3, 0x03, 0xC4, 0x6D, 0x4A, 0xD0, 0xD4, 0xD1, 0x14, 0x0B,
    0xAC, 0x21, 0x6C, 0xBC, 0x26, 0x78, 0xA6, 0x32, 0xFD, 0x2A, 0xF0, 0x2F, 0x0D, 0x84, 0xD7, 0x01,
    0x02, 0x31, 0x0C, 0xC5, 0x44, 0xEF, 0xB0, 0x01, 0x8C, 0xC0, 0x08, 0xCE, 0x66, 0xE6, 0x9F, 0xA1,
    0x92, 0x11, 0xB2, 0x09, 0xF5, 0x7A, 0xF1, 0xF9, 0x3D, 0x49, 0xDC, 0xFF, 0xCC, 0x6D, 0xE4, 0xF0,
    0x57, 0x6E, 0x59, 0x82, 0x24, 0x37, 0x28, 0x4A, 0xF4, 0x8F, 0xC4, 0x79, 0x8F, 0x1E, 0xFE, 0x88,
    0x65, 0x0E, 0x03, 0x30, 0xF7, 0x5C, 0x7A, 0x10, 0xB7, 0xAA, 0x59, 0x3C, 0xDF, 0x5C, 0x2F, 0x6F,
    0xC4, 0x2C, 0xA8, 0x8D, 0x20, 0xC9, 0x7D, 0x30, 0x8B, 0x99, 0x8D, 0xBD, 0x99, 0x00, 0x7D, 0x96,
    0x81, 0x87, 0x1F, 0xD7, 0x16, 0xC7, 0x3F, 0x33, 0xE3, 0xBD, 0xF1, 0x0C, 0xEE, 0xC3, 0xC3, 0x7B,
    0x42, 0xE6, 0x01, 0x9E, 0xE7, 0x65, 0xE7, 0x1F, 0xD8, 0xE4, 0x8E, 0x17, 0x40, 0xA0, 0xD0, 0xBF,
    0x63, 0x4B, 0x8B, 0x94, 0x34, 0xF3, 0x4B, 0x17, 0x45, 0x91, 0xFC, 0x09, 0xF9, 0x13, 0x8A, 0xA0,
    0x2A, 0xE9, 0x8C, 0x5D, 0x40, 0x91, 0x49, 0x8A, 0xA8, 0xC2, 0xAC, 0x86, 0x02, 0xF6, 0x6E, 0x32,
    0x6D, 0x67, 0xE5, 0xDE, 0x39, 0x9D, 0x7B, 0x6E, 0x57, 0x96, 0x48, 0x2F, 0xBE, 0x1F, 0xF9, 0xC9,
    0x3D, 0xDF, 0x73, 0xCE, 0x3D, 0xCE, 0x0E, 0x50, 0x3C, 0x9F, 0x80, 0xF2, 0x78, 0x00, 0x4C, 0xD5,
    0xC2, 0x5F, 0x45, 0x80, 0x4E, 0xA4, 0x25, 0x17, 0x91, 0x01, 0x13, 0xDC, 0xA6, 0xF6, 0xD5, 0x89,
    0xB4, 0xF4, 0xC7, 0xC7, 0x3F, 0x80, 0x7C, 0xF9, 0xC5, 0x8E, 0x42, 0x8C, 0x81, 0x62, 0xBD, 0x76,
    0x15, 0xAA, 0xB0, 0xBF, 0x0F, 0xC6, 0x3F, 0xBA, 0xBD, 0xE9, 0xB9, 0x73, 0x50, 0xBF, 0x89, 0x71,
    0x9B, 0x37, 0x31, 0x6E, 0x23, 0xB7, 0xDA, 0xA8, 0x86, 0x4D, 0xFD, 0x35, 0xD5, 0x7D, 0xA0, 0x96,
    0xF9, 0x0A, 0x18, 0x91, 0x15, 0x4A, 0x91, 0x05, 0x2A, 0x91, 0x11, 0xCC, 0xC1, 0x39, 0xB0, 0x77,
    0x15, 0x20, 0xC6, 0x85, 0x18, 0x17, 0x34, 0x1F, 0xD9, 0x91, 0x45, 0x68, 0x44, 0x11, 0x36, 0x2C,
    0x34, 0x80, 0x9D, 0xD9, 0x8B, 0x70, 0xFC, 0x0B, 0xE8, 0x1C, 0x00, 0xFD, 0x04, 0x60, 0xB5, 0x0E,
    0x7A, 0xBD, 0x4D, 0x1E, 0x05, 0x0A, 0x69, 0x13, 0x92, 0x8A, 0xF8, 0x0B, 0x80, 0x89, 0x02, 0xB5,
    0x22, 0x1A, 0x90, 0x0C, 0xB8, 0x14, 0x59, 0x51, 0xCB, 0x4A, 0x32, 0x88, 0x88, 0xCD, 0x7B, 0xA0,
    0xCD, 0xF3, 0x68, 0x96, 0x50, 0xA8, 0x67, 0x25, 0xBB, 0x66, 0xC0, 0xAC, 0x54, 0x9B, 0x7A, 0x8A,
    0x91, 0x3A, 0x6A, 0xEA, 0xAF, 0xFE, 0x97, 0x0B, 0xCF, 0x4A, 0xB5, 0x8C, 0x9A, 0x1A, 0x53, 0x8B,
    0x04, 0xA0, 0x52, 0x3B, 0x33, 0xA8, 0x1B, 0x00, 0xE1, 0x22, 0x6F, 0x87, 0xD9, 0x74, 0xA2, 0xD1,
    0x68, 0x36, 0x45, 0x2B, 0xC5, 0x17, 0x32, 0x47, 0xE4, 0x32, 0x41, 0xEF, 0xB9, 0x01, 0x88, 0xE7,
    0x4E, 0xC2, 0x63, 0xC8, 0xDE, 0x04, 0x16, 0xC8, 0x7F, 0x0B, 0xCC, 0x50, 0xFC, 0xB4, 0x66, 0x0E,
    0x44, 0x5B, 0x9C, 0x2B, 0x5A, 0xCC, 0xA1, 0x94, 0x03, 0x98, 0x9B, 0x52, 0x6D, 0xA8, 0x73, 0x31,
    0x3B, 0x35, 0x13, 0x7F, 0x01, 0xEE, 0x64, 0x72, 0x17, 0x78, 0x8C, 0x3C, 0x01, 0x66, 0xB4, 0x74,
    0xA7, 0xC8, 0x37, 0xC4, 0xC8, 0x93, 0x36, 0xEB, 0xE0, 0x5C, 0x21, 0x81, 0x6E, 0x02, 0x32, 0x59,
    0x41, 0x99, 0x9E, 0x83, 0x4E, 0x06, 0xE5, 0x5A, 0x8F, 0xCA, 0x90, 0x8A, 0xCD, 0xBC, 0x19, 0x3E,
    0x01, 0x72, 0x5F, 0x0F, 0x0E, 0x28, 0xE6, 0xE6, 0x68, 0xAA, 0x26, 0x0A, 0x67, 0x6F, 0x85, 0xCE,
    0x51, 0xB9, 0xCE, 0x7A, 0xFF, 0x15, 0xE6, 0x64, 0xED, 0xCE, 0xE7, 0x87, 0x18, 0xF1, 0xCD, 0xE7,
    0x73, 0x4B, 0x2D, 0xCE, 0xE6, 0x0B, 0x34, 0xB2, 0xEB, 0x72, 0x0F, 0xB6, 0xE5, 0xDB, 0x6C, 0x85,
    0x0E, 0x02, 0x02, 0x3D, 0x78, 0x3A, 0x58, 0xC9, 0x17, 0x2C, 0x04, 0x8A, 0xF9, 0x1F, 0x96, 0xCC,
    0x53, 0xB8, 0xFF, 0xDD, 0x88, 0x3F, 0x96, 0xEB, 0xFE, 0x13, 0xAA, 0x75, 0xA3, 0x5D, 0xB0, 0x42,
    0xBE, 0xD8, 0x11, 0xAC, 0xDC, 0x0B, 0xF5, 0xBA, 0xA1, 0x08, 0xB5, 0xC7, 0x2C, 0xA5, 0x2F, 0x46,
    0xCC, 0x6C, 0x7C, 0x35, 0x6C, 0xA8, 0xBD, 0xD9, 0x51, 0xBB, 0xC6, 0x1B, 0x36, 0x58, 0xDF, 0x40,
    0x33, 0xF5, 0xCB, 0x75, 0x4A, 0x89, 0x67, 0xAC, 0x14, 0x03, 0xF6, 0xF8, 0xE9, 0x3C, 0x43, 0xF7,
    0xDD, 0xFD, 0x33, 0x07, 0xFD, 0x7D, 0xF3, 0x7A, 0xC4, 0x4A, 0x3C, 0x09, 0x2B, 0xC8, 0xD7, 0xCD,
    0x29, 0x64, 0xE2, 0x1A, 0x81, 0x5C, 0x26, 0x1B, 0x22, 0x06, 0xAB, 0x63, 0xBA, 0xB3, 0x4B, 0x04,
    0xD6, 0x41, 0xB9, 0x26, 0x04, 0xBA, 0x91, 0x74, 0xFE, 0xD2, 0xA6, 0xE1, 0xDC, 0x29, 0x2E, 0x0F,
    0x7A, 0x25, 0x32, 0xA7, 0xD9, 0x72, 0x44, 0x7A, 0x14, 0x4B, 0x9C, 0xDD, 0x50, 0xCF, 0x80, 0x95,
    0xC6, 0xA5, 0xE9, 0x9D, 0xA0, 0x90, 0x7B, 0x32, 0x82, 0x59, 0xE9, 0x07, 0x68, 0x16, 0x62, 0xC8,
    0xCE, 0x65, 0xD2, 0x82, 0x8C, 0xB9, 0x40, 0x26, 0x43, 0xA1, 0x09, 0xB6, 0x26, 0xA8, 0xC9, 0x7F,
    0xBD, 0xE2, 0x63, 0x45, 0xF6, 0x62, 0xF9, 0xE7, 0x86, 0x5B, 0xF7, 0x7F, 0x59, 0x36, 0xAC, 0x46,
    0x26, 0x32, 0x59, 0x34, 0xA3, 0x66, 0xAC, 0x5F, 0xF2, 0xA7, 0xC7, 0xA6, 0x09, 0xEB, 0x13, 0x80,
    0x2B, 0x32, 0xA5, 0x2D, 0xB0, 0x6A, 0x59, 0x22, 0x40, 0xBF, 0x94, 0x29, 0x0B, 0x3E, 0x53, 0xDF,
    0xB7, 0x55, 0x95, 0xA2, 0x45, 0x56, 0xA9, 0x12, 0xED, 0xD1, 0x3B, 0xE8, 0xA6, 0x0B, 0xA3, 0x16,
    0xBA, 0x14, 0x91, 0x3E, 0xB5, 0xB1, 0xFB, 0x03, 0x13, 0x7F, 0x4B, 0x17, 0x3A, 0xA0, 0x0E, 0xB9,
    0xB4, 0xE8, 0xF4, 0xA7, 0x54, 0xD4, 0xAA, 0x91, 0x07, 0xE9, 0x5F, 0xAE, 0x0F, 0x11, 0x0F, 0x0E,
    0x16, 0xB0, 0x0B, 0x75, 0xBB, 0x61, 0xE6, 0x2E, 0xDA, 0xB4, 0x45, 0x17, 0x52, 0x31, 0x01, 0x32,
    0x9A, 0x21, 0x62, 0xB0, 0x68, 0xF2, 0x5E, 0xAF, 0x1F, 0x3A, 0x40, 0xB6, 0xB3, 0x90, 0x45, 0xCC,
    0x50, 0xAD, 0x8D, 0xBE, 0x57, 0xA8, 0x97, 0x08, 0xAF, 0xA5, 0x35, 0x8B, 0xC2, 0xCE, 0x55, 0x88,
    0x70, 0xE5, 0xAA, 0x06, 0xC5, 0x9A, 0x0C, 0x04, 0x90, 0x0D, 0x2D, 0x8D, 0x84, 0x5C, 0x1C, 0x56,
    0x42, 0x26, 0x4E, 0x3B, 0x72, 0x8E, 0x42, 0x76, 0x68, 0xBD, 0x63, 0x84, 0xEB, 0x9C, 0x5E, 0x6C,
    0x36, 0x58, 0x1D, 0x53, 0xBA, 0x88, 0x21, 0xAE, 0xCA, 0xDA, 0xE9, 0xAA, 0x6C, 0x14, 0xD8, 0x89,
    0xB4, 0x1B, 0x28, 0xA2, 0xAE, 0x60, 0x7C, 0x25, 0xE9, 0x35, 0x34, 0xB3, 0x34, 0x57, 0x56, 0xD6,
    0x36, 0xE2, 0xF2, 0xAA, 0x44, 0xC6, 0x84, 0x01, 0x20, 0x4F, 0x38, 0x90, 0x25, 0x42, 0x2F, 0xEB,
    0x31, 0xAA, 0x7B, 0xAA, 0xFB, 0xE9, 0xCD, 0x5F, 0x42, 0x96, 0xAC, 0xB4, 0xE9, 0x76, 0x39, 0x13,
    0x90, 0x67, 0xD3, 0x5D, 0x72, 0xF9, 0xFF, 0x08, 0xA5, 0x14, 0x03, 0x98, 0x50, 0x6E, 0x5A, 0xFB,
    0xAA, 0xD5, 0xFE, 0xA8, 0x7B, 0xD2, 0xBD, 0x0F, 0x3F, 0xA0, 0x73, 0x56, 0x66, 0xBA, 0xE9, 0x86,
    0x8C, 0xF4, 0xD3, 0xA7, 0xD2, 0x6E, 0xFA, 0xAB, 0x40, 0x37, 0xBD, 0x5E, 0x37, 0x3D, 0xF9, 0x39,
    0x80, 0x7D, 0xF5, 0xA3, 0x87, 0x46, 0x9E, 0x26, 0xAB, 0x4D, 0x0B, 0x7D, 0x02, 0xBA, 0xF5, 0x6D,
    0x66, 0x57, 0x55, 0xAF, 0xA9, 0x82, 0x69, 0xF5, 0xA7, 0x94, 0x6B, 0xD6, 0x2F, 0x50, 0x4B, 0x80,
    0xFE, 0xA6, 0x90, 0x87, 0x52, 0xA8, 0x16, 0xF3, 0x04, 0xE3, 0xF6, 0xFE, 0x4E, 0xE3, 0xF6, 0xC1,
    0x4E, 0x8F, 0x36, 0x79, 0xE6, 0xA0, 0xFB, 0x7E, 0xDC, 0xE4, 0xC5, 0xB0, 0xC9, 0x29, 0x1F, 0xD1,
    0xAD, 0xD9, 0x84, 0x8D, 0x2B, 0xA4, 0xD1, 0xB5, 0x2B, 0x21, 0x9A, 0x4F, 0x50, 0xB5, 0x17, 0xCE,
    0xD7, 0x01, 0xD0, 0xED, 0x9C, 0xF4, 0xE2, 0xAF, 0x60, 0xB9, 0x00, 0x14, 0x2B, 0x54, 0x69, 0x31,
    0xAB, 0x82, 0xCE, 0x06, 0xF5, 0x82, 0xBE, 0x2D, 0xD8, 0x34, 0xE3, 0x5A, 0x51, 0x2F, 0x01, 0x1D,
    0x04, 0xBD, 0x7A, 0x49, 0x73, 0x69, 0xDF, 0xD1, 0x9D, 0x8E, 0xE8, 0xA8, 0x3A, 0xA3, 0x03, 0x93,
    0x86, 0x68, 0x88, 0xD2, 0xEA, 0xFB, 0x26, 0x0B, 0x64, 0xFC, 0x37, 0xC8, 0x91, 0x23, 0x97, 0xD3,
    0x91, 0x22, 0xF5, 0x70, 0x82, 0x46, 0x68, 0x33, 0x59, 0xCB, 0x5D, 0x71, 0x1A, 0x7A, 0xF2, 0x5A,
    0xD2, 0x62, 0x86, 0xD8, 0xB2, 0x4A, 0x1C, 0xD4, 0x51, 0xFE, 0xD3, 0x4F, 0xD9, 0x43, 0x64, 0x28,
    0x5C, 0x26, 0x43, 0x35, 0xE5, 0x71, 0x14, 0x0F, 0x36, 0x19, 0x52, 0xD9, 0x50, 0x45, 0x31, 0xA9,
    0x27, 0xA9, 0xF3, 0x29, 0xCB, 0x26, 0x9A, 0xF4, 0x32, 0x93, 0x87, 0x6F, 0x3C, 0xE5, 0x72, 0xE6,
    0x31, 0xEE, 0x2C, 0xD0, 0x3C, 0x3B, 0x09, 0xD8, 0xA3, 0xE7, 0x81, 0xFE, 0xF0, 0x28, 0x20, 0xE5,
    0x61, 0xC8, 0xA4, 0xBA, 0xE9, 0x8B, 0x60, 0x4A, 0x5F, 0x7A, 0x53, 0xF9, 0x6A, 0xD9, 0xAB, 0xBC,
    0x99, 0xAF, 0x9B, 0x65, 0x7B, 0x21, 0x33, 0xDB, 0xE9, 0x76, 0xED, 0xEC, 0xF8, 0xA8, 0x71, 0xFD,
    0xE0, 0xAC, 0xD3, 0x61, 0x9F, 0xD2, 0x36, 0x0C, 0x6F, 0x77, 0x4E, 0xA3, 0x3B, 0x07, 0x3B, 0xE7,
    0x0A, 0xA7, 0xE8, 0x5C, 0x21, 0xDA, 0x87, 0x72, 0xD5, 0x4E, 0xD4, 0x3E, 0x6D, 0x14, 0xA7, 0x1B,
    0x6C, 0x6D, 0x2F, 0x7F, 0x71, 0x5C, 0x6E, 0xBE, 0xBE, 0xA2, 0xE2, 0x7D, 0x5F, 0x1C, 0xF6, 0xFD,
    0x5F, 0x1C, 0xBF, 0x03, 0x75, 0x8F, 0x01, 0x66, 0xC4, 0x50, 0x14, 0x45, 0x4F, 0x12, 0x9D, 0x41,
    0xE8, 0x2C, 0xA0, 0x08, 0x14, 0x80, 0xD9, 0x41, 0x7F, 0xE8, 0x1A, 0xBA, 0x8E, 0xEE, 0xA0, 0xC9,
    0x12, 0x66, 0x41, 0x6D, 0x93, 0xEE, 0x60, 0x96, 0xF0, 0x31, 0x0B, 0x08, 0x82, 0x94, 0x49, 0x6E,
    0xFF, 0xD5, 0x86, 0xA8, 0xF6, 0x98, 0x79, 0xE4, 0x3D, 0xF7, 0xDC, 0x24, 0x48, 0x43, 0x23, 0x45,
    0x49, 0x3D, 0xE6, 0x05, 0xCC, 0x15, 0x53, 0x0C, 0x98, 0x43, 0x8F, 0x09, 0xDB, 0x53, 0x3E, 0x62,
    0xCA, 0x33, 0xE6, 0x58, 0x6F, 0xC2, 0xD9, 0x84, 0xD9, 0xC7, 0x7F, 0xC3, 0xAB, 0x77, 0x1B, 0xE6,
    0x6D, 0xF5, 0x6E, 0xC2, 0x55, 0xBB, 0xF1, 0xB2, 0x9F, 0x39, 0xAA, 0x0D, 0x3A, 0x77, 0x8A, 0x9D,
    0x06, 0xFF, 0x14, 0xD3, 0x63, 0x5A, 0xA6, 0x13, 0xD5, 0xB9, 0xEC, 0xE9, 0xE6, 0xAA, 0xCF, 0x24,
    0xD5, 0xF9, 0x18, 0x16, 0x8A, 0xB8, 0x9F, 0xF8, 0x45, 0x36, 0xF3, 0x4A, 0xA9, 0x8F, 0x2B, 0x95,
    0x34, 0x12, 0x1E, 0x15, 0x79, 0xA0, 0xA9, 0x01, 0x76, 0x27, 0x97, 0xF6, 0xEB, 0xFB, 0xCE, 0x58,
    0xD5, 0xE6, 0xF6, 0x15, 0x92, 0x80, 0x77, 0x20, 0xB7, 0xB3, 0x8C, 0x70, 0x90, 0x6C, 0xD1, 0xC4,
    0xD1, 0xAA, 0x62, 0x58, 0x3F, 0x2A, 0xD8, 0xF6, 0xC4, 0x0F, 0x37, 0xCE, 0xCC, 0x90, 0x75, 0x57,
    0x78, 0xD6, 0xC8, 0x9D, 0x3E, 0x41, 0x4B, 0x4D, 0xA6, 0x1A, 0x72, 0xB5, 0x1E, 0x33, 0xA4, 0xC3,
    0x08, 0x34, 0xDE, 0xEE, 0x3C, 0xA8, 0x30, 0xD6, 0x2F, 0x04, 0xB7, 0x35, 0x1E, 0xDC, 0xE3, 0x92,
    0x93, 0xC7, 0x02, 0x54, 0xBA, 0x38, 0xF6, 0xED, 0x19, 0xBC, 0x18, 0x2C, 0x88, 0xA9, 0x51, 0x6D,
    0xFA, 0x5F, 0x28, 0x35, 0xC1, 0xC1, 0x15, 0xB7, 0xD6, 0xFE, 0x25, 0xFD, 0x02, 0xA5, 0xD3, 0x01,
    0xA6, 0xDD, 0x40, 0x14, 0x06, 0xE0, 0x93, 0x44, 0xDF, 0xA8, 0x87, 0x6C, 0xA0, 0x75, 0x01, 0x94,
    0x92, 0x25, 0xCC, 0x50, 0x74, 0x59, 0x89, 0x76, 0x03, 0x05, 0xDD, 0x4E, 0xF2, 0xBA, 0x82, 0x2C,
    0x61, 0x50, 0x00, 0xDE, 0xE0, 0x22, 0x65, 0x32, 0x7F, 0x27, 0xE7, 0x3F, 0xD2, 0xA8, 0x0B, 0xDA,
    0xC0, 0xFC, 0x8F, 0xE7, 0x9E, 0x93, 0x2F, 0xF3, 0x4B, 0x7D, 0x9E, 0x30, 0x3D, 0x97, 0x70, 0xA4,
    0x11, 0x69, 0x46, 0xAC, 0xA1, 0xC1, 0xF1, 0xA4, 0x9A, 0x5C, 0x69, 0x71, 0xEF, 0x8F, 0xD4, 0x6F,
    0x82, 0xC5, 0xAD, 0x35, 0x0D, 0x49, 0x30, 0xC9, 0xF1, 0xF8, 0xD8, 0x20, 0x68, 0x1A, 0xD7, 0x0E,
    0x1A, 0xA0, 0xCF, 0xC3, 0xA4, 0x71, 0x72, 0xBB, 0x86, 0xA6, 0x4E, 0xCD, 0x96, 0x42, 0xCF, 0xD4,
    0xA2, 0x4E, 0xD1, 0xD4, 0xD5, 0x74, 0x67, 0x2A, 0x72, 0x4B, 0x96, 0x64, 0x60, 0x72, 0xBB, 0x78,
    0xA6, 0xFA, 0x13, 0x3E, 0x9E, 0x69, 0x15, 0xE1, 0xA2, 0xE3, 0xC2, 0x74, 0x97, 0x99, 0xE9, 0xC6,
    0x95, 0x99, 0x6C, 0xE5, 0x21, 0x0A, 0x34, 0x88, 0x5F, 0x9A, 0x62, 0x69, 0x6A, 0x75, 0x95, 0x37,
    0x32, 0x86, 0x4E, 0x57, 0xF1, 0x52, 0x17, 0xD5, 0x61, 0xE3, 0x17, 0xC4, 0x61, 0xA5, 0xD3, 0x2B,
    0xF8, 0x73, 0x1E, 0x5F, 0xB1, 0x73, 0xFE, 0x26, 0x33, 0xE7, 0xEB, 0x3B, 0xCD, 0x1B, 0x67, 0xE0,
    0x54, 0x99, 0xF4, 0x15, 0x1A, 0x4C, 0x5C, 0xD1, 0x07, 0x4A, 0x7E, 0xD0, 0x9F, 0x49, 0x62, 0x8A,
    0x7F, 0x0C, 0x17, 0x3B, 0x83, 0x9D, 0xA6, 0x07, 0xB3, 0xDB, 0x4F, 0x39, 0x75, 0xBB, 0x6D, 0x54,
    0x1B, 0xEE, 0x94, 0xF2, 0x89, 0x4E, 0x63, 0x3C, 0xCE, 0x5C, 0x77, 0xA3, 0x11, 0x16, 0x1D, 0x6F,
    0x6B, 0xDC, 0x5B, 0x7C, 0xAE, 0xA1, 0x4F, 0x1D, 0xE6, 0x70, 0xD8, 0x38, 0x64, 0x95, 0x71, 0x7A,
    0x0D, 0xFC, 0xDA, 0xED, 0xF4, 0xB1, 0xF5, 0x14, 0xEE, 0xBD, 0xCC, 0xFC, 0x4B, 0xF8, 0xE6, 0xF3,
    0xA7, 0x8D, 0x27, 0x12, 0x0D, 0x49, 0xC3, 0x95, 0x4E, 0x8F, 0xF8, 0xD1, 0x3C, 0xB2, 0xBD, 0xE1,
    0x66, 0x1E, 0x76, 0xB7, 0xC6, 0x44, 0x0F, 0x1F, 0xE9, 0x31, 0xAE, 0xF4, 0x30, 0x87, 0xC5, 0xCE,
    0x17, 0xF3, 0xF8, 0x61, 0x1E, 0x9D, 0x79, 0xB8, 0x42, 0x8F, 0xEA, 0xC2, 0x7B, 0x94, 0xED, 0x16,
    0x71, 0x8C, 0xB9, 0xEC, 0xE6, 0x92, 0xEB, 0x49, 0x8F, 0x31, 0x72, 0xFC, 0xBC, 0xF0, 0xBE, 0xE0,
    0x25, 0x1E, 0x1E, 0x0D, 0x5E, 0xD7, 0xC3, 0xA3, 0x05, 0xD4, 0xA3, 0xC5, 0xA6, 0x1E, 0x52, 0xC2,
    0xC5, 0xC3, 0xFF, 0x9B, 0x07, 0x3B, 0xF7, 0x84, 0x6F, 0xD6, 0xB9, 0x11, 0x99, 0x9D, 0x2B, 0xC0,
    0x2E, 0xD6, 0x39, 0xB7, 0x5B, 0xE7, 0xD6, 0x26, 0x9F, 0x9D, 0x0B, 0x7F, 0x75, 0xAE, 0xBD, 0x76,
    0x0E, 0xFB, 0x99, 0x32, 0x93, 0x29, 0x63, 0x71, 0xBB, 0x02, 0xB0, 0x73, 0x3E, 0x89, 0xDD, 0x9C,
    0x31, 0xD2, 0x8A, 0x57, 0x97, 0x9D, 0xC3, 0x62, 0x9D, 0x6B, 0x30, 0x59, 0xE7, 0x5A, 0x04, 0xEB,
    0x9C, 0x6A, 0x6B, 0xE7, 0x5C, 0xB1, 0xB4, 0xAA, 0xB8, 0x76, 0xAE, 0xCF, 0xEF, 0xAC, 0x73, 0xB7,
    0x92, 0xAD, 0x73, 0x03, 0x22, 0x53, 0xF0, 0x08, 0xD6, 0xB9, 0xDB, 0xCF, 0x87, 0x9D, 0x7B, 0xFB,
    0x3F, 0x9D, 0xA3, 0xA9, 0xC3, 0xF7, 0xC8, 0x7F, 0x49, 0x33, 0xB0, 0x52, 0xD5, 0xCA, 0x64, 0xAC,
    0x1A, 0xD5, 0xB5, 0xC5, 0x24, 0x06, 0xDB, 0xE2, 0x94, 0xED, 0x70, 0xD2, 0x76, 0xC5, 0x6C, 0x51,
    0xDC, 0x7E, 0xC6, 0x3E, 0x5F, 0xA3, 0xF1, 0xF2, 0xE3, 0xD2, 0x77, 0x48, 0x56, 0x4D, 0x52, 0x53,
    0x58, 0xAD, 0x49, 0xAC, 0x3B, 0xD3, 0x58, 0xB0, 0x30, 0xF2, 0xF3, 0x9A, 0xB2, 0x7E, 0x5F, 0x32,
    0xEB, 0x36, 0x74, 0xD6, 0x48, 0x68, 0x57, 0x9C, 0x98, 0xF4, 0x73, 0x99, 0xC5, 0xA8, 0x7B, 0x6C,
    0x16, 0x43, 0x8F, 0x55, 0x0C, 0xDB, 0xFD, 0x92, 0xAB, 0xB6, 0x71, 0x5F, 0xBD, 0xAF, 0xE0, 0x57,
    0xF1, 0x0B, 0xF9, 0xC5, 0xFC, 0x8A, 0xFE, 0x1B,
};

static const EpdGlyph libron_16_bolditalicGlyphs[] = {
    { 0, 0, 124, 0, 0, 0, 0 }, // U+0020
    { 13, 23, 166, 0, 23, 75, 0 }, // !
    { 13, 9, 228, 4, 23, 30, 75 }, // "
    { 22, 23, 349, 1, 23, 127, 105 }, // #
    { 21, 29, 306, 0, 26, 153, 232 }, // $
    { 26, 23, 475, 3, 23, 150, 385 }, // %
    { 26, 23, 407, 1, 23, 150, 535 }, // &
    { 7, 9, 122, 4, 23, 16, 685 }, // '
    { 14, 30, 176, 1, 25, 105, 701 }, // (
    { 14, 30, 176, -3, 25, 105, 806 }, // )
    { 12, 13, 237, 4, 24, 39, 911 }, // *
    { 14, 15, 291, 2, 16, 53, 950 }, // +
    { 10, 12, 145, -3, 6, 30, 1003 }, // ,
    { 11, 3, 204, 1, 9, 9, 1033 }, // -
    { 7, 6, 145, 0, 6, 11, 1042 }, // .
    { 20, 23, 230, -2, 23, 115, 1053 }, // /
    { 21, 23, 363, 2, 23, 121, 1168 }, // 0
    { 16, 23, 249, 0, 23, 92, 1289 }, // 1
    { 20, 23, 332, 0, 23, 115, 1381 }, // 2
    { 19, 23, 309, 0, 23, 110, 1496 }, // 3
    { 22, 23, 342, 0, 23, 127, 1606 }, // 4
    { 21, 23, 288, -1, 23, 121, 1733 }, // 5
    { 20, 24, 322, 1, 24, 120, 1854 }, // 6
    { 21, 23, 299, 2, 23, 121, 1974 }, // 7
    { 20, 23, 326, 1, 23, 115, 2095 }, // 8
    { 19, 25, 320, 1, 23, 119, 2210 }, // 9
    { 10, 17, 159, 0, 17, 43, 2329 }, // :
    { 13, 23, 161, -3, 17, 75, 2372 }, // ;
    { 18, 17, 291, 1, 17, 77, 2447 }, // <
    { 16, 9, 291, 1, 13, 36, 2524 }, // =
    { 18, 17, 291, -1, 17, 77, 2560 }, // >
    { 16, 23, 312, 4, 23, 92, 2637 }, // ?
    { 30, 28, 484, 1, 23, 210, 2729 }, // @
    { 28, 23, 416, -3, 23, 161, 2939 }, // A
    { 25, 23, 385, -1, 23, 144, 3100 }, // B
    { 23, 23, 383, 2, 23, 133, 3244 }, // C
    { 27, 23, 415, -1, 23, 156, 3377 }, // D
    { 26, 23, 375, -1, 23, 150, 3533 }, // E
    { 26, 23, 348, -1, 23, 150, 3683 }, // F
    { 24, 23, 398, 2, 23, 138, 3833 }, // G
    { 32, 23, 450, -1, 23, 184, 3971 }, // H
    { 18, 23, 218, -1, 23, 104, 4155 }, // I
    { 23, 23, 284, -2, 23, 133, 4259 }, // J
    { 30, 23, 423, -1, 23, 173, 4392 }, // K
    { 21, 23, 344, -1, 23, 121, 4565 }, // L
    { 39, 23, 551, -2, 23, 225, 4686 }, // M
    { 31, 23, 423, -1, 23, 179, 4911 }, // N
    { 24, 23, 423, 2, 23, 138, 5090 }, // O
    { 25, 23, 361, -1, 23, 144, 5228 }, // P
    { 24, 31, 422, 2, 23, 186, 5372 }, // Q
    { 26, 23, 400, -1, 23, 150, 5558 }, // R
    { 21, 23, 329, 1, 23, 121, 5708 }, // S
    { 25, 23, 386, 3, 23, 144, 5829 }, // T
    { 27, 23, 416, 2, 23, 156, 5973 }, // U
    { 26, 23, 402, 3, 23, 150, 6129 }, // V
    { 36, 23, 560, 3, 23, 207, 6279 }, // W
    { 31, 23, 416, -2, 23, 179, 6486 }, // X
    { 26, 23, 395, 3, 23, 150, 6665 }, // Y
    { 25, 23, 353, -1, 23, 144, 6815 }, // Z
    { 17, 28, 195, -1, 24, 119, 6959 }, // [
    { 6, 23, 218, 5, 23, 35, 7078 }, // <backslash>
    { 17, 28, 195, -3, 24, 119, 7113 }, // ]
    { 15, 12, 291, 2, 22, 45, 7232 }, // ^
    { 14, 3, 200, -4, -2, 11, 7277 }, // _
    { 7, 5, 253, 6, 23, 9, 7288 }, // `
    { 22, 18, 350, 0, 18, 99, 7297 }, // a
    { 18, 26, 315, 1, 26, 117, 7396 }, // b
    { 16, 18, 272, 1, 18, 72, 7513 }, // c
    { 24, 26, 350, 0, 26, 156, 7585 }, // d
    { 17, 18, 282, 1, 18, 77, 7741 }, // e
    { 28, 34, 225, -6, 26, 238, 7818 }, // f
    { 24, 26, 298, -3, 18, 156, 8056 }, // g
    { 22, 26, 349, 0, 26, 143, 8212 }, // h
    { 15, 26, 209, 0, 26, 98, 8355 }, // i
    { 21, 34, 190, -7, 26, 179, 8453 }, // j
    { 22, 26, 340, 0, 26, 143, 8632 }, // k
    { 13, 26, 192, 0, 26, 85, 8775 }, // l
    { 32, 18, 523, 0, 18, 144, 8860 }, // m
    { 23, 18, 375, 0, 18, 104, 9004 }, // n
    { 18, 18, 309, 1, 18, 81, 9108 }, // o
    { 24, 26, 350, -3, 18, 156, 9189 }, // p
    { 19, 27, 327, 0, 19, 129, 9345 }, // q
    { 20, 19, 290, 0, 19, 95, 9474 }, // r
    { 16, 18, 256, 0, 18, 72, 9569 }, // s
    { 14, 23, 234, 2, 23, 81, 9641 }, // t
    { 23, 18, 363, 0, 18, 104, 9722 }, // u
    { 20, 18, 329, 0, 18, 90, 9826 }, // v
    { 29, 18, 469, 0, 18, 131, 9916 }, // w
    { 24, 18, 330, -2, 18, 108, 10047 }, // x
    { 21, 26, 318, -1, 18, 137, 10155 }, // y
    { 19, 20, 291, 0, 19, 95, 10292 }, // z
    { 14, 29, 188, 1, 25, 102, 10387 }, // {
    { 13, 33, 149, -2, 25, 108, 10489 }, // |
    { 15, 29, 188, -3, 25, 109, 10597 }, // }
    { 16, 5, 291, 1, 10, 20, 10706 }, // ~
    { 0, 0, 124, 0, 0, 0, 0 }, // U+00A0
    { 13, 24, 159, -3, 17, 78, 0 }, // U+00A1
    { 17, 23, 286, 2, 23, 98, 78 }, // U+00A2
    { 22, 23, 338, 0, 23, 127, 176 }, // U+00A3
    { 15, 16, 274, 1, 17, 60, 303 }, // U+00A4
    { 24, 23, 395, 4, 23, 138, 363 }, // U+00A5
    { 13, 33, 149, -2, 25, 108, 501 }, // U+00A6
    { 21, 28, 328, 0, 23, 147, 609 }, // U+00A7
    { 13, 4, 253, 5, 23, 13, 756 }, // U+00A8
    { 25, 24, 442, 2, 24, 150, 769 }, // U+00A9
    { 16, 17, 277, 2, 25, 68, 919 }, // U+00AA
    { 20, 17, 310, 0, 17, 85, 987 }, // U+00AB
    { 15, 9, 291, 2, 13, 34, 1072 }, // U+00AC
    { 11, 3, 204, 1, 9, 9, 1106 }, // U+00AD
    { 16, 15, 312, 4, 23, 60, 1115 }, // U+00AE
    { 11, 2, 253, 6, 22, 6, 1175 }, // U+00AF
    { 10, 10, 197, 4, 23, 25, 1181 }, // U+00B0
    { 17, 17, 291, 0, 17, 73, 1206 }, // U+00B1
    { 12, 12, 202, 2, 23, 36, 1279 }, // U+00B2
    { 12, 12, 190, 2, 23, 36, 1315 }, // U+00B3
    { 10, 6, 253, 9, 24, 15, 1351 }, // U+00B4
    { 24, 26, 374, -2, 18, 156, 1366 }, // U+00B5
    { 21, 27, 338, 3, 23, 142, 1522 }, // U+00B6
    { 7, 6, 152, 1, 12, 11, 1664 }, // U+00B7
    { 9, 9, 253, -1, 1, 21, 1675 }, // U+00B8
    { 10, 12, 164, 2, 23, 30, 1696 }, // U+00B9
    { 16, 17, 263, 2, 25, 68, 1726 }, // U+00BA
    { 20, 17, 319, -1, 17, 85, 1794 }, // U+00BB
    { 25, 23, 460, 2, 23, 144, 1879 }, // U+00BC
    { 25, 23, 466, 2, 23, 144, 2023 }, // U+00BD
    { 26, 23, 468, 2, 23, 150, 2167 }, // U+00BE
    { 16, 24, 310, -1, 17, 96, 2317 }, // U+00BF
    { 28, 30, 416, -3, 30, 210, 2413 }, // U+00C0
    { 28, 30, 416, -3, 30, 210, 2623 }, // U+00C1
    { 28, 30, 416, -3, 30, 210, 2833 }, // U+00C2
    { 28, 30, 416, -3, 30, 210, 3043 }, // U+00C3
    { 28, 29, 416, -3, 29, 203, 3253 }, // U+00C4
    { 28, 31, 416, -3, 31, 217, 3456 }, // U+00C5
    { 41, 23, 573, -3, 23, 236, 3673 }, // U+00C6
    { 24, 32, 383, 2, 25, 192, 3909 }, // U+00C7
    { 26, 30, 375, -1, 30, 195, 4101 }, // U+00C8
    { 26, 30, 375, -1, 30, 195, 4296 }, // U+00C9
    { 26, 30, 375, -1, 30, 195, 4491 }, // U+00CA
    { 26, 29, 375, -1, 29, 189, 4686 }, // U+00CB
    { 18, 30, 218, -1, 30, 135, 4875 }, // U+00CC
    { 20, 30, 218, -1, 30, 150, 5010 }, // U+00CD
    { 18, 30, 218, -1, 30, 135, 5160 }, // U+00CE
    { 19, 29, 218, -1, 29, 138, 5295 }, // U+00CF
    { 27, 23, 416, -1, 23, 156, 5433 }, // U+00D0
    { 31, 30, 423, -1, 30, 233, 5589 }, // U+00D1
    { 24, 30, 423, 2, 30, 180, 5822 }, // U+00D2
    { 24, 30, 423, 2, 30, 180, 6002 }, // U+00D3
    { 24, 30, 423, 2, 30, 180, 6182 }, // U+00D4
    { 24, 30, 423, 2, 30, 180, 6362 }, // U+00D5
    { 24, 29, 423, 2, 29, 174, 6542 }, // U+00D6
    { 16, 14, 291, 1, 15, 56, 6716 }, // U+00D7
    { 31, 23, 429, -1, 23, 179, 6772 }, // U+00D8
    { 27, 30, 416, 2, 30, 203, 6951 }, // U+00D9
    { 27, 30, 416, 2, 30, 203, 7154 }, // U+00DA
    { 27, 30, 416, 2, 30, 203, 7357 }, // U+00DB
    { 27, 29, 416, 2, 29, 196, 7560 }, // U+00DC
    { 26, 30, 395, 3, 30, 195, 7756 }, // U+00DD
    { 24, 23, 367, -1, 23, 138, 7951 }, // U+00DE
    { 30, 34, 401, -6, 26, 255, 8089 }, // U+00DF
    { 22, 25, 350, 0, 25, 138, 8344 }, // U+00E0
    { 23, 26, 350, 0, 26, 150, 8482 }, // U+00E1
    { 22, 25, 350, 0, 25, 138, 8632 }, // U+00E2
    { 22, 25, 350, 0, 25, 138, 8770 }, // U+00E3
    { 22, 25, 350, 0, 25, 138, 8908 }, // U+00E4
    { 22, 26, 350, 0, 26, 143, 9046 }, // U+00E5
    { 30, 18, 479, 0, 18, 135, 9189 }, // U+00E6
    { 16, 27, 272, 1, 18, 108, 9324 }, // U+00E7
    { 17, 25, 282, 1, 25, 107, 9432 }, // U+00E8
    { 19, 26, 282, 1, 26, 124, 9539 }, // U+00E9
    { 17, 25, 282, 1, 25, 107, 9663 }, // U+00EA
    { 18, 25, 282, 1, 25, 113, 9770 }, // U+00EB
    { 13, 25, 209, 0, 25, 82, 9883 }, // U+00EC
    { 18, 26, 209, 0, 26, 117, 9965 }, // U+00ED
    { 16, 25, 209, 0, 25, 100, 10082 }, // U+00EE
    { 17, 25, 209, 0, 25, 107, 10182 }, // U+00EF
    { 18, 27, 311, 1, 27, 122, 10289 }, // U+00F0
    { 23, 25, 375, 0, 25, 144, 10411 }, // U+00F1
    { 18, 25, 309, 1, 25, 113, 10555 }, // U+00F2
    { 18, 26, 309, 1, 26, 117, 10668 }, // U+00F3
    { 18, 25, 309, 1, 25, 113, 10785 }, // U+00F4
    { 19, 25, 309, 1, 25, 119, 10898 }, // U+00F5
    { 18, 25, 309, 1, 25, 113, 11017 }, // U+00F6
    { 14, 16, 291, 2, 16, 56, 11130 }, // U+00F7
    { 24, 18, 320, -2, 18, 108, 11186 }, // U+00F8
    { 23, 25, 363, 0, 25, 144, 11294 }, // U+00F9
    { 23, 26, 363, 0, 26, 150, 11438 }, // U+00FA
    { 23, 25, 363, 0, 25, 144, 11588 }, // U+00FB
    { 23, 25, 363, 0, 25, 144, 11732 }, // U+00FC
    { 21, 34, 318, -1, 26, 179, 11876 }, // U+00FD
    { 24, 34, 323, -4, 26, 204, 12055 }, // U+00FE
    { 21, 33, 318, -1, 25, 174, 12259 }, // U+00FF
    { 28, 29, 416, -3, 29, 203, 0 }, // U+0100
    { 22, 24, 350, 0, 24, 132, 203 }, // U+0101
    { 28, 30, 416, -3, 30, 210, 335 }, // U+0102
    { 22, 26, 350, 0, 26, 143, 545 }, // U+0103
    { 28, 31, 416, -3, 23, 217, 688 }, // U+0104
    { 22, 27, 352, 0, 18, 149, 905 }, // U+0105
    { 23, 30, 383, 2, 30, 173, 1054 }, // U+0106
    { 18, 26, 272, 1, 26, 117, 1227 }, // U+0107
    { 23, 30, 383, 2, 30, 173, 1344 }, // U+0108
    { 17, 25, 272, 1, 25, 107, 1517 }, // U+0109
    { 23, 29, 383, 2, 29, 167, 1624 }, // U+010A
    { 16, 25, 272, 1, 25, 100, 1791 }, // U+010B
    { 23, 30, 383, 2, 30, 173, 1891 }, // U+010C
    { 18, 25, 272, 1, 25, 113, 2064 }, // U+010D
    { 27, 30, 415, -1, 30, 203, 2177 }, // U+010E
    { 31, 26, 365, 0, 26, 202, 2380 }, // U+010F
    { 27, 23, 416, -1, 23, 156, 2582 }, // U+0110
    { 25, 26, 350, 0, 26, 163, 2738 }, // U+0111
    { 26, 29, 375, -1, 29, 189, 2901 }, // U+0112
    { 17, 24, 282, 1, 24, 102, 3090 }, // U+0113
    { 26, 30, 375, -1, 30, 195, 3192 }, // U+0114
    { 18, 26, 282, 1, 26, 117, 3387 }, // U+0115
    { 26, 29, 375, -1, 29, 189, 3504 }, // U+0116
    { 17, 25, 282, 1, 25, 107, 3693 }, // U+0117
    { 26, 31, 375, -1, 23, 202, 3800 }, // U+0118
    { 17, 26, 282, 1, 18, 111, 4002 }, // U+0119
    { 26, 30, 375, -1, 30, 195, 4113 }, // U+011A
    { 18, 25, 282, 1, 25, 113, 4308 }, // U+011B
    { 24, 30, 398, 2, 30, 180, 4421 }, // U+011C
    { 24, 33, 298, -3, 25, 198, 4601 }, // U+011D
    { 24, 30, 398, 2, 30, 180, 4799 }, // U+011E
    { 24, 34, 298, -3, 26, 204, 4979 }, // U+011F
    { 24, 29, 398, 2, 29, 174, 5183 }, // U+0120
    { 24, 33, 298, -3, 25, 198, 5357 }, // U+0121
    { 24, 31, 398, 2, 31, 186, 5555 }, // U+0122
    { 24, 35, 298, -3, 27, 210, 5741 }, // U+0123
    { 32, 30, 450, -1, 30, 240, 5951 }, // U+0124
    { 22, 33, 349, 0, 33, 182, 6191 }, // U+0125
    { 32, 23, 452, -1, 23, 184, 6373 }, // U+0126
    { 22, 26, 349, 0, 26, 143, 6557 }, // U+0127
    { 19, 30, 218, -1, 30, 143, 6700 }, // U+0128
    { 17, 25, 209, 0, 25, 107, 6843 }, // U+0129
    { 19, 29, 218, -1, 29, 138, 6950 }, // U+012A
    { 16, 24, 209, 0, 24, 96, 7088 }, // U+012B
    { 19, 30, 218, -1, 30, 143, 7184 }, // U+012C
    { 17, 26, 209, 0, 26, 111, 7327 }, // U+012D
    { 18, 31, 218, -1, 23, 140, 7438 }, // U+012E
    { 16, 35, 210, -1, 26, 140, 7578 }, // U+012F
    { 18, 29, 218, -1, 29, 131, 7718 }, // U+0130
    { 13, 18, 209, 0, 18, 59, 7849 }, // U+0131
    { 24, 30, 284, -2, 30, 180, 7908 }, // U+0134
    { 22, 33, 190, -7, 25, 182, 8088 }, // U+0135
    { 30, 31, 423, -1, 23, 233, 8270 }, // U+0136
    { 22, 34, 340, 0, 26, 187, 8503 }, // U+0137
    { 23, 18, 365, 0, 18, 104, 8690 }, // U+0138
    { 21, 30, 344, -1, 30, 158, 8794 }, // U+0139
    { 18, 33, 192, 0, 33, 149, 8952 }, // U+013A
    { 21, 31, 344, -1, 23, 163, 9101 }, // U+013B
    { 14, 34, 192, -1, 26, 119, 9264 }, // U+013C
    { 25, 23, 347, -1, 23, 144, 9383 }, // U+013D
    { 20, 26, 203, 0, 26, 130, 9527 }, // U+013E
    { 23, 23, 347, -1, 23, 133, 9657 }, // U+013F
    { 16, 26, 224, 0, 26, 104, 9790 }, // U+0140
    { 21, 23, 350, -1, 23, 121, 9894 }, // U+0141
    { 15, 26, 228, 0, 26, 98, 10015 }, // U+0142
    { 31, 30, 423, -1, 30, 233, 10113 }, // U+0143
    { 23, 26, 375, 0, 26, 150, 10346 }, // U+0144
    { 31, 31, 423, -1, 23, 241, 10496 }, // U+0145
    { 23, 26, 375, 0, 18, 150, 10737 }, // U+0146
    { 31, 30, 423, -1, 30, 233, 10887 }, // U+0147
    { 23, 25, 375, 0, 25, 144, 11120 }, // U+0148
    { 31, 31, 420, -1, 23, 241, 11264 }, // U+014A
    { 21, 26, 358, 0, 18, 137, 11505 }, // U+014B
    { 24, 29, 423, 2, 29, 174, 11642 }, // U+014C
    { 18, 24, 309, 1, 24, 108, 11816 }, // U+014D
    { 24, 30, 423, 2, 30, 180, 11924 }, // U+014E
    { 19, 26, 309, 1, 26, 124, 12104 }, // U+014F
    { 25, 30, 423, 2, 30, 188, 12228 }, // U+0150
    { 22, 25, 309, 1, 25, 138, 12416 }, // U+0151
    { 36, 23, 576, 2, 23, 207, 12554 }, // U+0152
    { 28, 18, 470, 1, 18, 126, 12761 }, // U+0153
    { 26, 30, 400, -1, 30, 195, 12887 }, // U+0154
    { 20, 26, 290, 0, 26, 130, 13082 }, // U+0155
    { 26, 31, 400, -1, 23, 202, 13212 }, // U+0156
    { 20, 27, 290, 0, 19, 135, 13414 }, // U+0157
    { 26, 30, 400, -1, 30, 195, 13549 }, // U+0158
    { 20, 25, 290, 0, 25, 125, 13744 }, // U+0159
    { 21, 30, 329, 1, 30, 158, 13869 }, // U+015A
    { 19, 26, 256, 0, 26, 124, 14027 }, // U+015B
    { 21, 30, 329, 1, 30, 158, 14151 }, // U+015C
    { 17, 25, 256, 0, 25, 107, 14309 }, // U+015D
    { 21, 31, 329, 1, 24, 163, 14416 }, // U+015E
    { 16, 27, 256, 0, 18, 108, 14579 }, // U+015F
    { 21, 30, 329, 1, 30, 158, 14687 }, // U+0160
    { 18, 25, 256, 0, 25, 113, 14845 }, // U+0161
    { 25, 31, 386, 3, 23, 194, 14958 }, // U+0162
    { 16, 32, 234, 0, 23, 128, 15152 }, // U+0163
    { 25, 30, 386, 3, 30, 188, 15280 }, // U+0164
    { 19, 27, 234, 2, 27, 129, 15468 }, // U+0165
    { 25, 24, 387, 2, 24, 150, 15597 }, // U+0166
    { 15, 23, 242, 1, 23, 87, 15747 }, // U+0167
    { 27, 30, 416, 2, 30, 203, 15834 }, // U+0168
    { 23, 25, 363, 0, 25, 144, 16037 }, // U+0169
    { 27, 29, 416, 2, 29, 196, 16181 }, // U+016A
    { 23, 24, 363, 0, 24, 138, 16377 }, // U+016B
    { 27, 30, 416, 2, 30, 203, 16515 }, // U+016C
    { 23, 26, 363, 0, 26, 150, 16718 }, // U+016D
    { 27, 31, 416, 2, 31, 210, 16868 }, // U+016E
    { 23, 26, 363, 0, 26, 150, 17078 }, // U+016F
    { 27, 30, 416, 2, 30, 203, 17228 }, // U+0170
    { 24, 25, 363, 0, 25, 150, 17431 }, // U+0171
    { 27, 31, 416, 2, 23, 210, 17581 }, // U+0172
    { 23, 27, 365, 0, 18, 156, 17791 }, // U+0173
    { 36, 30, 560, 3, 30, 270, 17947 }, // U+0174
    { 29, 25, 469, 0, 25, 182, 18217 }, // U+0175
    { 26, 30, 395, 3, 30, 195, 18399 }, // U+0176
    { 21, 33, 318, -1, 25, 174, 18594 }, // U+0177
    { 26, 29, 395, 3, 29, 189, 18768 }, // U+0178
    { 25, 30, 353, -1, 30, 188, 18957 }, // U+0179
    { 19, 27, 291, 0, 26, 129, 19145 }, // U+017A
    { 25, 29, 353, -1, 29, 182, 19274 }, // U+017B
    { 19, 26, 291, 0, 25, 124, 19456 }, // U+017C
    { 25, 30, 353, -1, 30, 188, 19580 }, // U+017D
    { 19, 26, 291, 0, 25, 124, 19768 }, // U+017E
    { 27, 28, 424, 2, 28, 189, 0 }, // U+01A0
    { 20, 24, 317, 1, 24, 120, 189 }, // U+01A1
    { 31, 28, 425, 2, 28, 217, 309 }, // U+01AF
    { 27, 24, 384, 0, 24, 162, 526 }, // U+01B0
    { 50, 30, 751, -1, 30, 375, 688 }, // U+01C4
    { 45, 24, 689, -1, 23, 270, 1063 }, // U+01C5
    { 41, 27, 642, 0, 26, 277, 1333 }, // U+01C6
    { 44, 23, 636, -1, 23, 253, 1610 }, // U+01C7
    { 37, 34, 531, -1, 26, 315, 1863 }, // U+01C8
    { 26, 34, 383, 0, 26, 221, 2178 }, // U+01C9
    { 48, 23, 705, -1, 23, 276, 2399 }, // U+01CA
    { 41, 34, 600, -1, 26, 349, 2675 }, // U+01CB
    { 38, 34, 569, 0, 26, 323, 3024 }, // U+01CC
    { 28, 30, 416, -3, 30, 210, 3347 }, // U+01CD
    { 22, 25, 350, 0, 25, 138, 3557 }, // U+01CE
    { 20, 30, 218, -1, 30, 150, 3695 }, // U+01CF
    { 18, 25, 209, 0, 25, 113, 3845 }, // U+01D0
    { 24, 30, 423, 2, 30, 180, 3958 }, // U+01D1
    { 19, 25, 309, 1, 25, 119, 4138 }, // U+01D2
    { 27, 30, 416, 2, 30, 203, 4257 }, // U+01D3
    { 23, 25, 363, 0, 25, 144, 4460 }, // U+01D4
    { 27, 35, 416, 2, 35, 237, 4604 }, // U+01D5
    { 23, 30, 363, 0, 30, 173, 4841 }, // U+01D6
    { 27, 36, 416, 2, 36, 243, 5014 }, // U+01D7
    { 24, 32, 363, 0, 32, 192, 5257 }, // U+01D8
    { 27, 36, 416, 2, 36, 243, 5449 }, // U+01D9
    { 23, 31, 363, 0, 31, 179, 5692 }, // U+01DA
    { 27, 36, 416, 2, 36, 243, 5871 }, // U+01DB
    { 23, 31, 363, 0, 31, 179, 6114 }, // U+01DC
    { 28, 35, 416, -3, 35, 245, 6293 }, // U+01DE
    { 23, 30, 350, 0, 30, 173, 6538 }, // U+01DF
    { 28, 35, 416, -3, 35, 245, 6711 }, // U+01E0
    { 23, 30, 350, 0, 30, 173, 6956 }, // U+01E1
    { 41, 29, 573, -3, 29, 298, 7129 }, // U+01E2
    { 30, 24, 479, 0, 24, 180, 7427 }, // U+01E3
    { 24, 30, 398, 2, 30, 180, 7607 }, // U+01E6
    { 24, 33, 298, -3, 25, 198, 7787 }, // U+01E7
    { 30, 30, 423, -1, 30, 225, 7985 }, // U+01E8
    { 22, 32, 340, 0, 32, 176, 8210 }, // U+01E9
    { 24, 31, 423, 2, 23, 186, 8386 }, // U+01EA
    { 18, 27, 310, 1, 18, 122, 8572 }, // U+01EB
    { 24, 38, 423, 2, 29, 228, 8694 }, // U+01EC
    { 18, 33, 310, 1, 24, 149, 8922 }, // U+01ED
    { 24, 33, 190, -7, 25, 198, 9071 }, // U+01F0
    { 24, 30, 421, 2, 30, 180, 9269 }, // U+01F4
    { 24, 34, 298, -3, 26, 204, 9449 }, // U+01F5
    { 31, 30, 423, -1, 30, 233, 9653 }, // U+01F8
    { 23, 25, 375, 0, 25, 144, 9886 }, // U+01F9
    { 30, 37, 416, -3, 37, 278, 10030 }, // U+01FA
    { 25, 34, 350, 0, 34, 213, 10308 }, // U+01FB
    { 41, 30, 573, -3, 30, 308, 10521 }, // U+01FC
    { 30, 26, 479, 0, 26, 195, 10829 }, // U+01FD
    { 31, 30, 429, -1, 30, 233, 11024 }, // U+01FE
    { 24, 26, 320, -2, 26, 156, 11257 }, // U+01FF
    { 28, 30, 416, -3, 30, 210, 11413 }, // U+0200
    { 22, 25, 350, 0, 25, 138, 11623 }, // U+0201
    { 28, 30, 416, -3, 30, 210, 11761 }, // U+0202
    { 22, 26, 350, 0, 26, 143, 11971 }, // U+0203
    { 26, 30, 375, -1, 30, 195, 12114 }, // U+0204
    { 17, 25, 282, 1, 25, 107, 12309 }, // U+0205
    { 26, 30, 375, -1, 30, 195, 12416 }, // U+0206
    { 17, 26, 282, 1, 26, 111, 12611 }, // U+0207
    { 18, 30, 218, -1, 30, 135, 12722 }, // U+0208
    { 14, 25, 209, 0, 25, 88, 12857 }, // U+0209
    { 18, 30, 218, -1, 30, 135, 12945 }, // U+020A
    { 16, 26, 209, 0, 26, 104, 13080 }, // U+020B
    { 24, 30, 423, 2, 30, 180, 13184 }, // U+020C
    { 18, 25, 309, 1, 25, 113, 13364 }, // U+020D
    { 24, 30, 423, 2, 30, 180, 13477 }, // U+020E
    { 18, 26, 309, 1, 26, 117, 13657 }, // U+020F
    { 26, 30, 400, -1, 30, 195, 13774 }, // U+0210
    { 20, 25, 290, 0, 25, 125, 13969 }, // U+0211
    { 26, 30, 400, -1, 30, 195, 14094 }, // U+0212
    { 20, 26, 290, 0, 26, 130, 14289 }, // U+0213
    { 27, 30, 416, 2, 30, 203, 14419 }, // U+0214
    { 23, 25, 363, 0, 25, 144, 14622 }, // U+0215
    { 27, 30, 416, 2, 30, 203, 14766 }, // U+0216
    { 23, 26, 363, 0, 26, 150, 14969 }, // U+0217
    { 21, 31, 329, 1, 23, 163, 15119 }, // U+0218
    { 16, 26, 256, 0, 18, 104, 15282 }, // U+0219
    { 25, 31, 386, 3, 23, 194, 15386 }, // U+021A
    { 15, 31, 234, 1, 23, 117, 15580 }, // U+021B
    { 32, 30, 450, -1, 30, 240, 15697 }, // U+021E
    { 22, 32, 349, 0, 32, 176, 15937 }, // U+021F
    { 7, 5, 0, -2, 23, 9, 0 }, // U+0300
    { 10, 6, 0, 1, 24, 15, 9 }, // U+0301
    { 12, 5, 0, -3, 23, 15, 24 }, // U+0302
    { 13, 5, 0, -3, 23, 17, 39 }, // U+0303
    { 11, 2, 0, -2, 22, 6, 56 }, // U+0304
    { 11, 6, 0, -1, 24, 17, 62 }, // U+0306
    { 6, 4, 0, 1, 23, 6, 79 }, // U+0307
    { 12, 4, 0, -2, 23, 12, 85 }, // U+0308
    { 8, 7, 0, 0, 25, 14, 97 }, // U+0309
    { 7, 6, 0, 0, 24, 11, 111 }, // U+030A
    { 14, 5, 0, -1, 23, 18, 122 }, // U+030B
    { 11, 5, 0, -1, 23, 14, 140 }, // U+030C
    { 11, 5, 0, -4, 23, 14, 154 }, // U+030F
    { 12, 6, 0, -3, 24, 18, 168 }, // U+0311
    { 6, 7, 0, 1, 25, 11, 186 }, // U+0312
    { 9, 7, 0, 0, 22, 16, 197 }, // U+031B
    { 7, 4, 0, -7, -2, 7, 213 }, // U+0323
    { 13, 4, 0, -10, -2, 13, 220 }, // U+0324
    { 6, 7, 0, -7, -1, 11, 233 }, // U+0326
    { 8, 9, 0, -8, 1, 18, 244 }, // U+0327
    { 9, 9, 0, -11, 1, 21, 262 }, // U+0328
    { 11, 6, 0, -8, 0, 17, 283 }, // U+032E
    { 11, 3, 0, -9, -2, 9, 300 }, // U+0331
    { 13, 2, 0, -3, 20, 7, 309 }, // U+0335
    { 28, 29, 416, -3, 23, 203, 0 }, // U+1EA0
    { 22, 25, 350, 0, 18, 138, 203 }, // U+1EA1
    { 28, 31, 416, -3, 31, 217, 341 }, // U+1EA2
    { 22, 27, 350, 0, 27, 149, 558 }, // U+1EA3
    { 33, 32, 416, -3, 32, 264, 707 }, // U+1EA4
    { 28, 28, 350, 0, 28, 196, 971 }, // U+1EA5
    { 28, 32, 416, -3, 32, 224, 1167 }, // U+1EA6
    { 22, 29, 350, 0, 29, 160, 1391 }, // U+1EA7
    { 32, 34, 416, -3, 34, 272, 1551 }, // U+1EA8
    { 26, 30, 350, 0, 30, 195, 1823 }, // U+1EA9
    { 28, 32, 416, -3, 32, 224, 2018 }, // U+1EAA
    { 22, 29, 350, 0, 29, 160, 2242 }, // U+1EAB
    { 28, 36, 416, -3, 30, 252, 2402 }, // U+1EAC
    { 22, 32, 350, 0, 25, 176, 2654 }, // U+1EAD
    { 28, 32, 416, -3, 32, 224, 2830 }, // U+1EAE
    { 22, 29, 350, 0, 29, 160, 3054 }, // U+1EAF
    { 28, 32, 416, -3, 32, 224, 3214 }, // U+1EB0
    { 22, 29, 350, 0, 29, 160, 3438 }, // U+1EB1
    { 28, 32, 416, -3, 32, 224, 3598 }, // U+1EB2
    { 22, 30, 350, 0, 30, 165, 3822 }, // U+1EB3
    { 28, 32, 416, -3, 32, 224, 3987 }, // U+1EB4
    { 22, 29, 350, 0, 29, 160, 4211 }, // U+1EB5
    { 28, 36, 416, -3, 30, 252, 4371 }, // U+1EB6
    { 22, 33, 350, 0, 26, 182, 4623 }, // U+1EB7
    { 26, 29, 375, -1, 23, 189, 4805 }, // U+1EB8
    { 17, 25, 282, 1, 18, 107, 4994 }, // U+1EB9
    { 26, 31, 375, -1, 31, 202, 5101 }, // U+1EBA
    { 17, 27, 282, 1, 27, 115, 5303 }, // U+1EBB
    { 26, 30, 375, -1, 30, 195, 5418 }, // U+1EBC
    { 18, 25, 282, 1, 25, 113, 5613 }, // U+1EBD
    { 30, 32, 375, -1, 32, 240, 5726 }, // U+1EBE
    { 24, 28, 282, 1, 28, 168, 5966 }, // U+1EBF
    { 26, 32, 375, -1, 32, 208, 6134 }, // U+1EC0
    { 17, 29, 282, 1, 29, 124, 6342 }, // U+1EC1
    { 29, 34, 375, -1, 34, 247, 6466 }, // U+1EC2
    { 23, 30, 282, 1, 30, 173, 6713 }, // U+1EC3
    { 26, 32, 375, -1, 32, 208, 6886 }, // U+1EC4
    { 18, 29, 282, 1, 29, 131, 7094 }, // U+1EC5
    { 26, 36, 375, -1, 30, 234, 7225 }, // U+1EC6
    { 17, 32, 282, 1, 25, 136, 7459 }, // U+1EC7
    { 18, 31, 218, -1, 31, 140, 7595 }, // U+1EC8
    { 15, 27, 209, 0, 27, 102, 7735 }, // U+1EC9
    { 18, 29, 218, -1, 23, 131, 7837 }, // U+1ECA
    { 15, 33, 209, 0, 26, 124, 7968 }, // U+1ECB
    { 24, 29, 423, 2, 23, 174, 8092 }, // U+1ECC
    { 18, 25, 309, 1, 18, 113, 8266 }, // U+1ECD
    { 24, 31, 423, 2, 31, 186, 8379 }, // U+1ECE
    { 18, 27, 309, 1, 27, 122, 8565 }, // U+1ECF
    { 29, 32, 423, 2, 32, 232, 8687 }, // U+1ED0
    { 25, 28, 309, 1, 28, 175, 8919 }, // U+1ED1
    { 24, 32, 423, 2, 32, 192, 9094 }, // U+1ED2
    { 18, 29, 309, 1, 29, 131, 9286 }, // U+1ED3
    { 27, 34, 423, 2, 34, 230, 9417 }, // U+1ED4
    { 23, 30, 309, 1, 30, 173, 9647 }, // U+1ED5
    { 24, 32, 423, 2, 32, 192, 9820 }, // U+1ED6
    { 19, 29, 309, 1, 29, 138, 10012 }, // U+1ED7
    { 24, 36, 423, 2, 30, 216, 10150 }, // U+1ED8
    { 18, 32, 309, 1, 25, 144, 10366 }, // U+1ED9
    { 27, 30, 424, 2, 30, 203, 10510 }, // U+1EDA
    { 20, 26, 317, 1, 26, 130, 10713 }, // U+1EDB
    { 27, 30, 424, 2, 30, 203, 10843 }, // U+1EDC
    { 20, 25, 317, 1, 25, 125, 11046 }, // U+1EDD
    { 27, 31, 424, 2, 31, 210, 11171 }, // U+1EDE
    { 20, 27, 317, 1, 27, 135, 11381 }, // U+1EDF
    { 27, 30, 424, 2, 30, 203, 11516 }, // U+1EE0
    { 20, 25, 317, 1, 25, 125, 11719 }, // U+1EE1
    { 27, 34, 424, 2, 28, 230, 11844 }, // U+1EE2
    { 20, 31, 317, 1, 24, 155, 12074 }, // U+1EE3
    { 27, 29, 416, 2, 23, 196, 12229 }, // U+1EE4
    { 23, 25, 363, 0, 18, 144, 12425 }, // U+1EE5
    { 27, 31, 416, 2, 31, 210, 12569 }, // U+1EE6
    { 23, 27, 363, 0, 27, 156, 12779 }, // U+1EE7
    { 31, 30, 425, 2, 30, 233, 12935 }, // U+1EE8
    { 27, 26, 384, 0, 26, 176, 13168 }, // U+1EE9
    { 31, 30, 425, 2, 30, 233, 13344 }, // U+1EEA
    { 27, 25, 384, 0, 25, 169, 13577 }, // U+1EEB
    { 31, 31, 425, 2, 31, 241, 13746 }, // U+1EEC
    { 27, 27, 384, 0, 27, 183, 13987 }, // U+1EED
    { 31, 30, 425, 2, 30, 233, 14170 }, // U+1EEE
    { 27, 25, 384, 0, 25, 169, 14403 }, // U+1EEF
    { 31, 34, 425, 2, 28, 264, 14572 }, // U+1EF0
    { 27, 31, 384, 0, 24, 210, 14836 }, // U+1EF1
    { 26, 30, 395, 3, 30, 195, 15046 }, // U+1EF2
    { 21, 33, 318, -1, 25, 174, 15241 }, // U+1EF3
    { 26, 29, 395, 3, 23, 189, 15415 }, // U+1EF4
    { 21, 27, 318, -1, 18, 142, 15604 }, // U+1EF5
    { 26, 31, 395, 3, 31, 202, 15746 }, // U+1EF6
    { 21, 35, 318, -1, 27, 184, 15948 }, // U+1EF7
    { 26, 30, 395, 3, 30, 195, 16132 }, // U+1EF8
    { 21, 33, 318, -1, 25, 174, 16327 }, // U+1EF9
    { 11, 3, 204, 1, 9, 9, 0 }, // U+2010
    { 14, 3, 259, 1, 10, 11, 9 }, // U+2013
    { 19, 3, 338, 1, 10, 15, 20 }, // U+2014
    { 9, 11, 144, 3, 24, 25, 35 }, // U+2018
    { 8, 11, 143, 3, 23, 22, 60 }, // U+2019
    { 8, 11, 142, -2, 6, 22, 82 }, // U+201A
    { 16, 11, 263, 3, 24, 44, 104 }, // U+201C
    { 16, 11, 262, 3, 23, 44, 148 }, // U+201D
    { 16, 11, 261, -2, 6, 44, 192 }, // U+201E
    { 11, 13, 207, 4, 24, 36, 236 }, // U+2020
    { 13, 13, 217, 3, 24, 43, 272 }, // U+2021
    { 11, 10, 242, 2, 13, 28, 315 }, // U+2022
    { 23, 6, 407, 0, 6, 35, 343 }, // U+2026
    { 38, 23, 680, 3, 23, 219, 378 }, // U+2030
    { 9, 9, 127, 3, 23, 21, 597 }, // U+2032
    { 15, 9, 230, 3, 23, 34, 618 }, // U+2033
    { 12, 17, 180, 0, 17, 51, 652 }, // U+2039
    { 12, 17, 188, -1, 17, 51, 703 }, // U+203A
    { 25, 23, 41, -10, 23, 144, 754 }, // U+2044
    { 25, 23, 458, 3, 23, 144, 898 }, // U+2052
    { 13, 12, 222, 3, 23, 39, 0 }, // U+2070
    { 13, 12, 208, 2, 23, 39, 39 }, // U+2074
    { 22, 29, 322, 1, 26, 160, 0 }, // U+20A1
    { 25, 23, 347, -1, 23, 144, 160 }, // U+20A3
    { 22, 23, 344, 0, 23, 127, 304 }, // U+20A4
    { 27, 23, 394, 0, 23, 156, 431 }, // U+20A6
    { 31, 23, 484, -1, 23, 179, 587 }, // U+20A7
    { 28, 23, 424, 1, 23, 161, 766 }, // U+20A9
    { 27, 31, 380, -2, 25, 210, 927 }, // U+20AB
    { 25, 23, 389, 1, 23, 144, 1137 }, // U+20AC
    { 28, 23, 394, -1, 23, 161, 1281 }, // U+20AD
    { 26, 23, 392, 0, 23, 150, 1442 }, // U+20B1
    { 21, 29, 347, 2, 26, 153, 1592 }, // U+20B2
    { 17, 23, 286, 2, 23, 98, 1745 }, // U+20B5
    { 21, 23, 329, 2, 23, 121, 1843 }, // U+20B9
    { 19, 23, 342, 0, 23, 110, 1964 }, // U+20BA
    { 20, 23, 333, -1, 23, 115, 2074 }, // U+20BC
    { 25, 23, 353, -1, 23, 144, 2189 }, // U+20BD
    { 14, 3, 291, 2, 10, 11, 0 }, // U+2212
    { 25, 23, 41, -10, 23, 144, 11 }, // U+2215
    { 10, 10, 291, 4, 13, 25, 155 }, // U+2219
    { 18, 13, 291, 0, 14, 59, 180 }, // U+2248
    { 18, 17, 291, 0, 17, 77, 239 }, // U+2260
    { 20, 17, 291, -1, 17, 85, 316 }, // U+2264
    { 19, 17, 291, -1, 17, 81, 401 }, // U+2265
    { 39, 34, 397, -6, 26, 332, 0 }, // U+FB00
    { 29, 34, 383, -6, 26, 247, 332 }, // U+FB01
    { 32, 34, 393, -6, 26, 272, 579 }, // U+FB02
    { 40, 34, 554, -6, 26, 340, 851 }, // U+FB03
    { 42, 34, 565, -6, 26, 357, 1191 }, // U+FB04
};

static const EpdUnicodeInterval libron_16_bolditalicIntervals[] = {
    { 0x20, 0x7E, 0x0 },
    { 0xA0, 0x131, 0x5F },
    { 0x134, 0x148, 0xF1 },
    { 0x14A, 0x17E, 0x106 },
    { 0x1A0, 0x1A1, 0x13B },
    { 0x1AF, 0x1B0, 0x13D },
    { 0x1C4, 0x1DC, 0x13F },
    { 0x1DE, 0x1E3, 0x158 },
    { 0x1E6, 0x1ED, 0x15E },
    { 0x1F0, 0x1F0, 0x166 },
    { 0x1F4, 0x1F5, 0x167 },
    { 0x1F8, 0x21B, 0x169 },
    { 0x21E, 0x21F, 0x18D },
    { 0x300, 0x304, 0x18F },
    { 0x306, 0x30C, 0x194 },
    { 0x30F, 0x30F, 0x19B },
    { 0x311, 0x312, 0x19C },
    { 0x31B, 0x31B, 0x19E },
    { 0x323, 0x324, 0x19F },
    { 0x326, 0x328, 0x1A1 },
    { 0x32E, 0x32E, 0x1A4 },
    { 0x331, 0x331, 0x1A5 },
    { 0x335, 0x335, 0x1A6 },
    { 0x1EA0, 0x1EF9, 0x1A7 },
    { 0x2010, 0x2010, 0x201 },
    { 0x2013, 0x2014, 0x202 },
    { 0x2018, 0x201A, 0x204 },
    { 0x201C, 0x201E, 0x207 },
    { 0x2020, 0x2022, 0x20A },
    { 0x2026, 0x2026, 0x20D },
    { 0x2030, 0x2030, 0x20E },
    { 0x2032, 0x2033, 0x20F },
    { 0x2039, 0x203A, 0x211 },
    { 0x2044, 0x2044, 0x213 },
    { 0x2052, 0x2052, 0x214 },
    { 0x2070, 0x2070, 0x215 },
    { 0x2074, 0x2074, 0x216 },
    { 0x20A1, 0x20A1, 0x217 },
    { 0x20A3, 0x20A4, 0x218 },
    { 0x20A6, 0x20A7, 0x21A },
    { 0x20A9, 0x20A9, 0x21C },
    { 0x20AB, 0x20AD, 0x21D },
    { 0x20B1, 0x20B2, 0x220 },
    { 0x20B5, 0x20B5, 0x222 },
    { 0x20B9, 0x20BA, 0x223 },
    { 0x20BC, 0x20BD, 0x225 },
    { 0x2212, 0x2212, 0x227 },
    { 0x2215, 0x2215, 0x228 },
    { 0x2219, 0x2219, 0x229 },
    { 0x2248, 0x2248, 0x22A },
    { 0x2260, 0x2260, 0x22B },
    { 0x2264, 0x2265, 0x22C },
    { 0xFB00, 0xFB04, 0x22E },
};

static const EpdFontGroup libron_16_bolditalicGroups[] = {
    { 0, 5033, 11476, 95, 0 },
    { 5033, 3969, 13173, 96, 95 },
    { 9002, 5390, 21082, 124, 191 },
    { 14392, 4598, 16858, 84, 315 },
    { 18990, 274, 354, 24, 399 },
    { 19264, 2873, 17380, 90, 423 },
    { 22137, 579, 1119, 20, 513 },
    { 22716, 82, 96, 2, 533 },
    { 22798, 1206, 2497, 16, 535 },
    { 24004, 249, 523, 7, 551 },
    { 24253, 555, 1598, 5, 558 },
};

static const uint16_t libron_16_bolditalicKernLeftCodepoints[] = {
    0x0020, 0x0022, 0x0026, 0x0027, 0x0028, 0x0029, 0x002A, 0x002C, 0x002D, 0x002E, 0x002F, 0x0030,
    0x0031, 0x0032, 0x0033, 0x0034, 0x0035, 0x0036, 0x0037, 0x0038, 0x0039, 0x003A, 0x003B, 0x003F,
    0x0040, 0x0041, 0x0042, 0x0043, 0x0044, 0x0045, 0x0046, 0x0047, 0x0048, 0x0049, 0x004A, 0x004B,
    0x004C, 0x004D, 0x004E, 0x004F, 0x0050, 0x0051, 0x0052, 0x0053, 0x0054, 0x0055, 0x0056, 0x0057,
    0x0058, 0x0059, 0x005A, 0x005B, 0x005C, 0x005D, 0x005F, 0x0061, 0x0062, 0x0063, 0x0064, 0x0065,
    0x0066, 0x0067, 0x0068, 0x0069, 0x006A, 0x006B, 0x006C, 0x006D, 0x006E, 0x006F, 0x0070, 0x0071,
    0x0072, 0x0073, 0x0074, 0x0075, 0x0076, 0x0077, 0x0078, 0x0079, 0x007A, 0x007B, 0x007C, 0x007D,
    0x00A0, 0x00A1, 0x00A3, 0x00A4, 0x00A5, 0x00A6, 0x00A9, 0x00AA, 0x00AB, 0x00AD, 0x00AE, 0x00B0,
    0x00B2, 0x00B3, 0x00B7, 0x00B9, 0x00BA, 0x00BB, 0x00BF, 0x00C0, 0x00C1, 0x00C2, 0x00C3, 0x00C4,
    0x00C5, 0x00C6, 0x00C7, 0x00C8, 0x00C9, 0x00CA, 0x00CB, 0x00CC, 0x00CD, 0x00CE, 0x00CF, 0x00D0,
    0x00D1, 0x00D2, 0x00D3, 0x00D4, 0x00D5, 0x00D6, 0x00D8, 0x00D9, 0x00DA, 0x00DB, 0x00DC, 0x00DD,
    0x00DE, 0x00DF, 0x00E0, 0x00E1, 0x00E2, 0x00E3, 0x00E4, 0x00E5, 0x00E6, 0x00E7, 0x00E8, 0x00E9,
    0x00EA, 0x00EB, 0x00EC, 0x00ED, 0x00EE, 0x00EF, 0x00F0, 0x00F1, 0x00F2, 0x00F3, 0x00F4, 0x00F5,
    0x00F6, 0x00F8, 0x00F9, 0x00FA, 0x00FB, 0x00FC, 0x00FD, 0x00FE, 0x00FF, 0x0100, 0x0101, 0x0102,
    0x0103, 0x0104, 0x0105, 0x0106, 0x0107, 0x0108, 0x0109, 0x010A, 0x010B, 0x010C, 0x010D, 0x010E,
    0x010F, 0x0110, 0x0111, 0x0112, 0x0113, 0x0114, 0x0115, 0x0116, 0x0117, 0x0118, 0x0119, 0x011A,
    0x011B, 0x011C, 0x011D, 0x011E, 0x011F, 0x0120, 0x0121, 0x0122, 0x0123, 0x0124, 0x0125, 0x0126,
    0x0127, 0x0128, 0x0129, 0x012A, 0x012B, 0x012C, 0x012D, 0x012E, 0x012F, 0x0130, 0x0131, 0x0134,
    0x0135, 0x0136, 0x0137, 0x0138, 0x0139, 0x013A, 0x013B, 0x013C, 0x013D, 0x013E, 0x013F, 0x0141,
    0x0142, 0x0143, 0x0144, 0x0145, 0x0146, 0x0147, 0x0148, 0x014A, 0x014B, 0x014C, 0x014D, 0x014E,
    0x014F, 0x0150, 0x0151, 0x0152, 0x0153, 0x0154, 0x0155, 0x0156, 0x0157, 0x0158, 0x0159, 0x015A,
    0x015B, 0x015C, 0x015D, 0x015E, 0x015F, 0x0160, 0x0161, 0x0162, 0x0163, 0x0164, 0x0165, 0x0166,
    0x0167, 0x0168, 0x0169, 0x016A, 0x016B, 0x016C, 0x016D, 0x016E, 0x016F, 0x0170, 0x0171, 0x0172,
    0x0173, 0x0174, 0x0175, 0x0176, 0x0177, 0x0178, 0x0179, 0x017A, 0x017B, 0x017C, 0x017D, 0x017E,
    0x01A0, 0x01A1, 0x01AF, 0x01B0, 0x01C4, 0x01C5, 0x01C6, 0x01C7, 0x01C8, 0x01C9, 0x01CA, 0x01CB,
    0x01CC, 0x01E6, 0x01E7, 0x01EA, 0x01EB, 0x01FA, 0x01FB, 0x01FC, 0x01FD, 0x01FE, 0x01FF, 0x0200,
    0x0201, 0x0202, 0x0203, 0x0204, 0x0205, 0x0206, 0x0207, 0x0208, 0x0209, 0x020A, 0x020B, 0x020C,
    0x020D, 0x020E, 0x020F, 0x0210, 0x0211, 0x0212, 0x0213, 0x0214, 0x0215, 0x0216, 0x0217, 0x0218,
    0x0219, 0x021A, 0x021B, 0x1EA0, 0x1EA1, 0x1EA2, 0x1EA3, 0x1EA4, 0x1EA5, 0x1EA6, 0x1EA7, 0x1EA8,
    0x1EA9, 0x1EAA, 0x1EAB, 0x1EAC, 0x1EAD, 0x1EAE, 0x1EAF, 0x1EB0, 0x1EB1, 0x1EB2, 0x1EB3, 0x1EB4,
    0x1EB5, 0x1EB6, 0x1EB7, 0x1EB8, 0x1EB9, 0x1EBA, 0x1EBB, 0x1EBC, 0x1EBD, 0x1EBE, 0x1EBF, 0x1EC0,
    0x1EC1, 0x1EC2, 0x1EC3, 0x1EC4, 0x1EC5, 0x1EC6, 0x1EC7, 0x1EC8, 0x1EC9, 0x1ECA, 0x1ECB, 0x1ECC,
    0x1ECD, 0x1ECE, 0x1ECF, 0x1ED0, 0x1ED1, 0x1ED2, 0x1ED3, 0x1ED4, 0x1ED5, 0x1ED6, 0x1ED7, 0x1ED8,
    0x1ED9, 0x1EDA, 0x1EDB, 0x1EDC, 0x1EDD, 0x1EDE, 0x1EDF, 0x1EE0, 0x1EE1, 0x1EE2, 0x1EE3, 0x1EE4,
    0x1EE5, 0x1EE6, 0x1EE7, 0x1EE8, 0x1EE9, 0x1EEA, 0x1EEB, 0x1EEC, 0x1EED, 0x1EEE, 0x1EEF, 0x1EF0,
    0x1EF1, 0x1EF2, 0x1EF3, 0x1EF4, 0x1EF5, 0x1EF6, 0x1EF7, 0x1EF8, 0x1EF9, 0x2013, 0x2014, 0x2018,
    0x2019, 0x201A, 0x201C, 0x201D, 0x201E, 0x2020, 0x2021, 0x2022, 0x2026, 0x2032, 0x2033, 0x2039,
    0x203A, 0x2052, 0x2070, 0x2074, 0x20A1, 0x20A3, 0x20A7, 0x20AD, 0x20B9, 0x20BA, 0x20BC, 0xFB00,
    0xFB01, 0xFB02, 0xFB03, 0xFB04,
};

static const uint8_t libron_16_bolditalicKernLeftClassIds[] = {
      1,   2,   3,   2,   4,   5,   6,   7,   8,   9,  10,  11,  12,  13,  14,  15,
     16,  17,  18,  19,  20,  21,  22,  23,  24,  25,  26,  27,  28,  29,  30,  31,
     32,  33,  34,  35,  36,  37,  38,  39,  40,  41,  42,  43,  44,  45,  46,  47,
     48,  49,  50,  51,  52,  53,  54,  55,  56,  57,  58,  59,  60,  61,  62,  63,
     64,  65,  66,  62,  62,  67,  68,  69,  70,  71,  72,  73,  74,  75,  76,  77,
     78,  79,  80,  81,   1,  82,  83,  84,  85,  80,  86,  87,  88,   8,  89,  90,
     91,  92,  93,  94,  95,  96,  97,  25,  25,  25,  25,  25,  25,  29,  27,  29,
     29,  29,  29,  32,  98,  32,  32,  28,  38,  39,  39,  39,  39,  39,  99,  45,
     45,  45,  45,  49, 100, 101,  55, 102, 103,  55, 104,  55,  59, 105,  59, 106,
    107, 108, 109, 110, 111, 112, 113,  62,  67, 114, 115, 116, 117, 118,  73,  73,
     73,  73,  77,  68,  77,  25,  55,  25,  55, 119, 120,  27, 121,  27, 122,  27,
     57,  27, 123,  28, 124,  28, 125,  29, 126,  29, 127,  29,  59, 128, 129,  29,
    130,  31,  61,  31,  61,  31,  61,  31,  61,  32,  62, 131,  62,  32, 132,  32,
    133,  32, 134, 135, 136,  32, 109,  34, 137,  35,  65,  65,  36,  66,  36,  66,
    138, 139,  36,  36, 140,  38, 141,  38,  62,  38,  62,  38, 142,  39, 143,  39,
    144,  39, 145,  29,  59,  42,  70,  42,  70,  42,  70,  43, 146,  43, 147,  43,
    148,  43, 149,  44, 150,  44, 151, 152,  72,  45,  73,  45,  73,  45,  73,  45,
     73,  45, 153,  45, 154,  47,  75,  49,  77,  49,  50, 155,  50,  78,  50,  78,
    156, 157, 158, 159,  50,  78,  78,  34,  64,  64,  34,  64,  64,  31,  61,  39,
    160,  25,  55,  29,  59,  99, 161,  25,  55,  25, 103,  29,  59,  29, 162,  32,
    163,  32, 164,  39,  67,  39, 165,  42,  70,  42,  70,  45,  73,  45,  73,  43,
    166,  44, 150,  25,  55,  25,  55,  25, 167,  25, 103,  25, 168,  25,  55,  25,
    103,  25,  55,  25,  55,  25,  55,  25,  55,  25,  55,  29, 169,  29,  59,  29,
    170,  29, 171,  29, 107,  29, 172,  29, 173,  29, 174,  32, 175, 176, 177,  39,
     67,  39,  67,  39, 178,  39, 115,  39, 179,  39,  67,  39, 115, 156, 157, 156,
    157, 156, 157, 156, 157, 156, 157,  45,  73,  45,  73, 158, 159, 158, 159, 158,
    159, 158, 159, 180, 159,  49,  77,  49, 181,  49,  77,  49,  77, 182, 183, 184,
    185, 186, 184, 185, 187, 188, 189, 190,   9, 191, 191,  88,  96, 192, 193, 194,
    195, 196, 197, 198, 195, 199, 200, 201, 202,  66, 202,  66,
};

static const uint16_t libron_16_bolditalicKernRightCodepoints[] = {
    0x0020, 0x0021, 0x0022, 0x0025, 0x0026, 0x0027, 0x0028, 0x0029, 0x002A, 0x002C, 0x002D, 0x002E,
    0x002F, 0x0030, 0x0031, 0x0032, 0x0033, 0x0034, 0x0035, 0x0036, 0x0037, 0x0038, 0x0039, 0x003A,
    0x003B, 0x003F, 0x0040, 0x0041, 0x0042, 0x0043, 0x0044, 0x0045, 0x0046, 0x0047, 0x0048, 0x0049,
    0x004A, 0x004B, 0x004C, 0x004D, 0x004E, 0x004F, 0x0050, 0x0051, 0x0052, 0x0053, 0x0054, 0x0055,
    0x0056, 0x0057, 0x0058, 0x0059, 0x005A, 0x005B, 0x005C, 0x005D, 0x005F, 0x0061, 0x0062, 0x0063,
    0x0064, 0x0065, 0x0066, 0x0067, 0x0068, 0x0069, 0x006A, 0x006B, 0x006C, 0x006D, 0x006E, 0x006F,
    0x0070, 0x0071, 0x0072, 0x0073, 0x0074, 0x0075, 0x0076, 0x0077, 0x0078, 0x0079, 0x007A, 0x007B,
    0x007C, 0x007D, 0x00A0, 0x00A1, 0x00A2, 0x00A4, 0x00A5, 0x00A6, 0x00A9, 0x00AA, 0x00AB, 0x00AD,
    0x00AE, 0x00B0, 0x00B2, 0x00B3, 0x00B7, 0x00B9, 0x00BA, 0x00BB, 0x00BF, 0x00C0, 0x00C1, 0x00C2,
    0x00C3, 0x00C4, 0x00C5, 0x00C6, 0x00C7, 0x00C8, 0x00C9, 0x00CA, 0x00CB, 0x00CC, 0x00CD, 0x00CE,
    0x00CF, 0x00D0, 0x00D1, 0x00D2, 0x00D3, 0x00D4, 0x00D5, 0x00D6, 0x00D8, 0x00D9, 0x00DA, 0x00DB,
    0x00DC, 0x00DD, 0x00DE, 0x00DF, 0x00E0, 0x00E1, 0x00E2, 0x00E3, 0x00E4, 0x00E5, 0x00E6, 0x00E7,
    0x00E8, 0x00E9, 0x00EA, 0x00EB, 0x00EC, 0x00ED, 0x00EE, 0x00EF, 0x00F0, 0x00F1, 0x00F2, 0x00F3,
    0x00F4, 0x00F5, 0x00F6, 0x00F8, 0x00F9, 0x00FA, 0x00FB, 0x00FC, 0x00FD, 0x00FE, 0x00FF, 0x0100,
    0x0101, 0x0102, 0x0103, 0x0104, 0x0105, 0x0106, 0x0107, 0x0108, 0x0109, 0x010A, 0x010B, 0x010C,
    0x010D, 0x010E, 0x010F, 0x0110, 0x0111, 0x0112, 0x0113, 0x0114, 0x0115, 0x0116, 0x0117, 0x0118,
    0x0119, 0x011A, 0x011B, 0x011C, 0x011D, 0x011E, 0x011F, 0x0120, 0x0121, 0x0122, 0x0123, 0x0124,
    0x0125, 0x0126, 0x0127, 0x0128, 0x0129, 0x012A, 0x012B, 0x012C, 0x012D, 0x012E, 0x012F, 0x0130,
    0x0131, 0x0134, 0x0135, 0x0136, 0x0137, 0x0138, 0x0139, 0x013A, 0x013B, 0x013C, 0x013D, 0x013E,
    0x013F, 0x0140, 0x0141, 0x0142, 0x0143, 0x0144, 0x0145, 0x0146, 0x0147, 0x0148, 0x014A, 0x014B,
    0x014C, 0x014D, 0x014E, 0x014F, 0x0150, 0x0151, 0x0152, 0x0153, 0x0154, 0x0155, 0x0156, 0x0157,
    0x0158, 0x0159, 0x015A, 0x015B, 0x015C, 0x015D, 0x015E, 0x015F, 0x0160, 0x0161, 0x0162, 0x0163,
    0x0164, 0x0165, 0x0166, 0x0167, 0x0168, 0x0169, 0x016A, 0x016B, 0x016C, 0x016D, 0x016E, 0x016F,
    0x0170, 0x0171, 0x0172, 0x0173, 0x0174, 0x0175, 0x0176, 0x0177, 0x0178, 0x0179, 0x017A, 0x017B,
    0x017C, 0x017D, 0x017E, 0x01A0, 0x01A1, 0x01AF, 0x01B0, 0x01C4, 0x01C5, 0x01C6, 0x01C7, 0x01C8,
    0x01C9, 0x01CA, 0x01CB, 0x01CC, 0x01E6, 0x01E7, 0x01EA, 0x01EB, 0x01FA, 0x01FB, 0x01FC, 0x01FD,
    0x01FE, 0x01FF, 0x0200, 0x0201, 0x0202, 0x0203, 0x0204, 0x0205, 0x0206, 0x0207, 0x0208, 0x0209,
    0x020A, 0x020B, 0x020C, 0x020D, 0x020E, 0x020F, 0x0210, 0x0211, 0x0212, 0x0213, 0x0214, 0x0215,
    0x0216, 0x0217, 0x0218, 0x0219, 0x021A, 0x021B, 0x1EA0, 0x1EA1, 0x1EA2, 0x1EA3, 0x1EA4, 0x1EA5,
    0x1EA6, 0x1EA7, 0x1EA8, 0x1EA9, 0x1EAA, 0x1EAB, 0x1EAC, 0x1EAD, 0x1EAE, 0x1EAF, 0x1EB0, 0x1EB1,
    0x1EB2, 0x1EB3, 0x1EB4, 0x1EB5, 0x1EB6, 0x1EB7, 0x1EB8, 0x1EB9, 0x1EBA, 0x1EBB, 0x1EBC, 0x1EBD,
    0x1EBE, 0x1EBF, 0x1EC0, 0x1EC1, 0x1EC2, 0x1EC3, 0x1EC4, 0x1EC5, 0x1EC6, 0x1EC7, 0x1EC8, 0x1EC9,
    0x1ECA, 0x1ECB, 0x1ECC, 0x1ECD, 0x1ECE, 0x1ECF, 0x1ED0, 0x1ED1, 0x1ED2, 0x1ED3, 0x1ED4, 0x1ED5,
    0x1ED6, 0x1ED7, 0x1ED8, 0x1ED9, 0x1EDA, 0x1EDB, 0x1EDC, 0x1EDD, 0x1EDE, 0x1EDF, 0x1EE0, 0x1EE1,
    0x1EE2, 0x1EE3, 0x1EE4, 0x1EE5, 0x1EE6, 0x1EE7, 0x1EE8, 0x1EE9, 0x1EEA, 0x1EEB, 0x1EEC, 0x1EED,
    0x1EEE, 0x1EEF, 0x1EF0, 0x1EF1, 0x1EF2, 0x1EF3, 0x1EF4, 0x1EF5, 0x1EF6, 0x1EF7, 0x1EF8, 0x1EF9,
    0x2013, 0x2014, 0x2018, 0x2019, 0x201A, 0x201C, 0x201D, 0x201E, 0x2020, 0x2021, 0x2022, 0x2026,
    0x2030, 0x2032, 0x2033, 0x2039, 0x203A, 0x2052, 0x2070, 0x2074, 0x20A9, 0x20AB, 0x20AC, 0x20B2,
    0x20B5, 0x20B9, 0x20BC, 0xFB00, 0xFB01, 0xFB02, 0xFB03, 0xFB04,
};

static const uint8_t libron_16_bolditalicKernRightClassIds[] = {
      1,   2,   3,   4,   5,   3,   6,   7,   8,   9,  10,  11,  12,  13,  14,  15,
     16,  17,  18,  19,  20,  21,  22,  23,  24,  25,  26,  27,  28,  29,  28,  28,
     28,  29,  28,  28,  30,  28,  28,  31,  32,  33,  28,  33,  28,  34,  35,  36,
     37,  38,  39,  40,  41,  42,  43,  44,  45,  46,  47,  48,  46,  48,  49,  50,
     51,  52,  53,  51,  54,  55,  55,  48,  56,  46,  57,  58,  59,  60,  61,  62,
     63,  64,  65,  66,  67,  68,   1,  69,  70,  71,  72,  67,  73,  74,  75,  10,
     76,  77,  78,  79,  80,  81,  82,  83,  84,  27,  27,  27,  27,  27,  27,  85,
     29,  28,  28,  28,  28,  86,  28,  28,  86,  87,  32,  33,  33,  33,  33,  33,
     88,  36,  36,  36,  36,  40,  28,  89,  90,  46,  91,  92,  93,  46,  46,  48,
     94,  48,  95,  96,  97,  98,  99, 100, 101,  55, 102,  48, 103, 104, 105, 106,
    107,  60, 108, 109,  64, 110, 111,  27,  92,  27, 112,  27,  46,  29,  48,  29,
    113,  29, 114,  29, 115,  28,  46,  28,  46,  28, 116,  28, 117,  28,  48,  28,
     48,  28, 118,  29, 119,  29, 120,  29, 121,  29, 122,  28,  51, 123, 124, 125,
    126,  28, 127,  28, 128,  28,  52,  28, 129,  30, 130,  28,  51,  55,  28,  54,
     28,  54,  28,  54,  28,  54, 131, 132,  32,  55,  32,  55,  32,  55,  32,  55,
     33, 133,  33, 134,  33,  48,  33,  48,  28,  55,  28,  55,  28, 135,  34,  58,
     34, 136,  34,  58,  34, 137,  35,  59,  35,  59, 138, 139,  36, 140,  36, 140,
     36, 141,  36,  60,  36,  60,  36,  60,  38,  62,  40, 142,  40,  41,  65,  41,
    143,  41, 144,  33,  48,  36,  60,  28,  28,  46,  28,  28,  54,  32,  32,  55,
     29, 145,  33,  48,  27,  46,  85,  46,  88, 146,  27, 147,  27,  91,  28, 148,
     28, 149,  28, 150,  28, 151,  33, 152,  33, 153,  28, 154,  28, 155,  36, 156,
     36, 157,  34,  58,  35,  59,  27,  46,  27,  46,  27,  91,  27, 158,  27,  91,
     27, 112,  27,  91,  27,  92,  27,  92,  27,  92,  27, 159,  27, 112,  28,  48,
     28, 160,  28, 161,  28,  95,  28, 162,  28,  95,  28, 163,  28,  95,  28, 164,
     28,  52,  33,  48,  33, 165,  33, 103,  33, 166,  33, 103,  33, 167,  33, 103,
     33,  48,  33, 102,  33, 165,  33, 104,  33,  48,  36,  60,  36,  60,  36,  60,
     36, 107,  36,  60,  36, 140,  36,  60,  40, 168,  40,  64,  40, 169,  40, 170,
    171, 171, 172, 173, 174, 172, 173, 175, 176, 177, 178,  11,   4, 179, 179,  75,
     83, 180, 181, 182, 183,  71, 183, 184,  70, 185, 186, 187, 188, 188, 187, 187,
};

static const uint16_t libron_16_bolditalicKernRowOffsets[] = {
        0,    36,   159,   215,   336,   344,   473,   613,   699,   838,   931,   956,   994,  1022,  1061,  1086,
     1108,  1132,  1158,  1177,  1207,  1249,  1291,  1299,  1365,  1508,  1621,  1651,  1705,  1767,  1912,  1980,
     2095,  2210,  2339,  2480,  2564,  2682,  2806,  2859,  2965,  3023,  3143,  3240,  3372,  3504,  3648,  3791,
     3931,  4076,  4193,  4311,  4369,  4371,  4387,  4445,  4485,  4555,  4611,  4658,  4800,  4921,  4976,  5029,
     5057,  5189,  5260,  5306,  5346,  5378,  5497,  5561,  5597,  5652,  5707,  5750,  5853,  5883,  5998,  6118,
     6124,  6134,  6171,  6172,  6174,  6181,  6226,  6229,  6333,  6388,  6393,  6423,  6466,  6538,  6582,  6585,
     6686,  6823,  6939,  6992,  7041,  7166,  7224,  7282,  7340,  7412,  7460,  7507,  7554,  7607,  7670,  7724,
     7781,  7827,  7873,  7919,  7965,  8011,  8057,  8200,  8259,  8333,  8403,  8473,  8534,  8596,  8643,  8690,
     8752,  8801,  8848,  8963,  9020,  9077,  9135,  9250,  9305,  9337,  9426,  9483,  9511,  9566,  9580,  9626,
     9672,  9721,  9789,  9853,  9919,  9983, 10019, 10085, 10217, 10272, 10335, 10450, 10473, 10477, 10612, 10640,
    10688, 10734, 10781, 10834, 10887, 10933, 10999, 11062, 11125, 11174, 11221, 11274, 11327, 11374, 11423, 11476,
    11591, 11646, 11697, 11749, 11884, 11922, 12008, 12094, 12214, 12349, 12489, 12628, 12635, 12643, 12673, 12701,
    12703, 12735, 12759, 12760, 12761, 12762, 12763, 12765, 12767, 12909, 12962,
};

static const uint8_t libron_16_bolditalicKernSparseCols[] = {
      2,   7,   8,  10,  11,  24,  26,  29,  34,  36,  37,  38,  39,  42,  43,  44,
     48,  63,  75,  84,  88, 110, 137, 141, 161, 165, 167, 168, 169, 171, 172, 173,
    174, 178, 186, 187,   0,   4,   6,   7,   8,   9,  10,  13,  16,  19,  24,  26,
     29,  31,  34,  35,  36,  37,  38,  39,  43,  45,  46,  47,  48,  49,  50,  51,
     53,  54,  55,  56,  57,  58,  59,  60,  61,  62,  64,  65,  67,  68,  74,  80,
     82,  83,  84,  88,  89,  90,  91,  92,  93,  94,  95,  96,  97,  98,  99, 101,
    102, 103, 104, 105, 106, 107, 108, 109, 111, 112, 113, 114, 115, 116, 117, 118,
    119, 120, 121, 123, 126, 127, 128, 129, 131, 132, 133, 134, 135, 137, 138, 139,
    140, 142, 143, 144, 145, 146, 147, 148, 149, 150, 151, 152, 153, 154, 155, 156,
    157, 158, 159, 160, 161, 162, 163, 164, 165, 166, 170, 173, 174, 186, 187,   0,
      2,   7,  26,  27,  29,  30,  31,  34,  35,  36,  37,  38,  39,  51,  52,  54,
     55,  56,  59,  60,  61,  74,  84,  85,  86,  96,  97,  98,  99, 105, 106, 107,
    108, 122, 124, 125, 126, 127, 128, 129, 134, 137, 139, 140, 145, 149, 150, 153,
    154, 155, 156, 163, 171, 172, 178,   2,   4,   5,   7,   8,   9,  10,  12,  16,
     18,  22,  23,  28,  29,  32,  36,  37,  38,  39,  45,  46,  47,  48,  50,  51,
     52,  53,  54,  55,  56,  57,  58,  59,  60,  61,  62,  63,  64,  65,  72,  74,
     82,  87,  88,  89,  90,  91,  92,  93,  94,  95,  96,  97,  98,  99, 101, 102,
    103, 104, 105, 106, 107, 108, 109, 110, 111, 112, 113, 114, 115, 116, 117, 123,
    125, 126, 127, 128, 129, 131, 132, 133, 134, 135, 136, 138, 139, 140, 141, 142,
    143, 145, 146, 147, 148, 149, 150, 151, 152, 153, 154, 155, 156, 157, 158, 159,
    160, 161, 162, 163, 164, 165, 166, 167, 168, 169, 170, 173, 174, 178, 186, 187,
      2,   6,   7,  43,  67, 171, 172, 178,   0,   4,   6,   8,   9,  10,  13,  14,
     16,  17,  19,  21,  22,  23,  24,  26,  27,  29,  30,  31,  34,  35,  36,  37,
     38,  39,  40,  43,  45,  47,  48,  49,  51,  52,  54,  55,  56,  57,  58,  59,
     62,  64,  67,  68,  74,  82,  83,  84,  85,  86,  88,  89,  90,  91,  92,  93,
     94,  95,  96,  97,  98,  99, 100, 101, 102, 103, 104, 105, 106, 107, 108, 111,
    112, 113, 114, 115, 116, 117, 118, 119, 120, 121, 122, 123, 124, 125, 127, 128,
    129, 130, 131, 132, 133, 134, 135, 136, 137, 138, 139, 140, 142, 143, 144, 145,
    146, 147, 148, 150, 151, 152, 153, 154, 155, 156, 157, 158, 159, 160, 161, 162,
    163, 164, 165, 166, 170, 173, 174, 186, 187,   0,   2,   4,   5,   6,   7,   9,
     12,  13,  14,  15,  16,  17,  18,  19,  20,  21,  24,  25,  26,  28,  29,  32,
     33,  34,  35,  36,  37,  38,  39,  40,  42,  44,  45,  46,  47,  48,  49,  51,
     52,  54,  55,  56,  58,  59,  60,  61,  62,  63,  64,  65,  66,  67,  72,  74,
     75,  79,  84,  87,  88,  89,  90,  91,  92,  93,  94,  95,  96,  97,  98,  99,
    100, 101, 102, 103, 104, 105, 106, 107, 108, 110, 111, 112, 113, 114, 115, 116,
    117, 118, 119, 120, 121, 125, 126, 127, 128, 129, 131, 132, 133, 134, 137, 138,
    139, 140, 141, 142, 143, 144, 145, 146, 147, 148, 149, 150, 151, 152, 153, 154,
    155, 156, 157, 158, 159, 160, 161, 162, 163, 164, 165, 166, 167, 168, 169, 170,
    171, 172, 178, 186, 187,   2,   6,   7,   8,  10,  13,  14,  15,  17,  19,  21,
     22,  23,  26,  27,  28,  29,  30,  31,  32,  34,  35,  36,  37,  38,  39,  40,
     41,  43,  48,  51,  52,  54,  55,  56,  57,  58,  59,  60,  61,  62,  64,  67,
     82,  84,  85,  86,  87,  88,  96,  97,  98,  99, 106, 107, 108, 122, 124, 125,
    126, 127, 128, 129, 134, 135, 136, 137, 138, 139, 140, 142, 143, 149, 150, 153,
    154, 155, 156, 163, 171, 172, 173, 174, 178, 186, 187,   0,   2,   4,   5,   6,
      7,   9,  12,  13,  14,  15,  16,  17,  18,  19,  20,  21,  24,  25,  26,  28,
     29,  32,  33,  34,  35,  36,  37,  38,  39,  40,  42,  45,  46,  47,  48,  49,
     51,  52,  54,  55,  56,  58,  59,  60,  61,  62,  63,  64,  65,  66,  67,  72,
     74,  75,  79,  84,  87,  88,  89,  90,  91,  92,  93,  94,  95,  96,  97,  98,
     99, 100, 101, 102, 103, 104, 105, 106, 107, 108, 110, 111, 112, 113, 114, 115,
    116, 117, 118, 119, 120, 121, 125, 126, 127, 128, 129, 131, 132, 133, 134, 137,
    138, 139, 140, 141, 142, 143, 144, 145, 146, 147, 148, 149, 150, 151, 152, 153,
    154, 155, 156, 157, 158, 159, 160, 161, 162, 163, 164, 165, 166, 167, 168, 169,
    170, 171, 172, 178, 186, 187,   0,   8,  10,  11,  16,  22,  23,  26,  29,  36,
     37,  39,  45,  46,  47,  49,  50,  53,  54,  55,  56,  57,  59,  60,  61,  62,
     63,  64,  84,  89,  90,  91,  92,  93,  94,  95, 101, 102, 103, 104, 105, 106,
    107, 108, 109, 110, 111, 112, 113, 114, 115, 116, 117, 118, 119, 120, 121, 123,
    132, 133, 134, 135, 136, 139, 140, 141, 142, 143, 144, 145, 146, 147, 148, 151,
    152, 153, 154, 155, 156, 157, 158, 159, 160, 161, 162, 164, 165, 166, 167, 168,
    169, 173, 174,   6,   7,  13,  19,  26,  27,  29,  30,  31,  34,  35,  36,  37,
     38,  39,  40,  43,  67,  71,  76,  85,  86, 122, 124, 137,   2,   3,   7,   9,
     12,  14,  16,  17,  18,  19,  20,  21,  26,  28,  32,  33,  34,  35,  36,  37,
     38,  39,  42,  69,  71,  73,  76,  79,  81,  87, 137, 170, 171, 172, 178, 182,
    183, 184,   2,   3,   6,   7,  13,  14,  18,  19,  21,  28,  32,  34,  35,  36,
     37,  39,  40,  42,  71,  73,  76,  87, 137, 171, 172, 178, 179, 184,   2,   6,
      7,   8,  10,  13,  14,  19,  21,  22,  23,  26,  27,  28,  31,  32,  34,  35,
     36,  37,  38,  39,  40,  42,  43,  67,  71,  76,  85,  86,  87, 122, 124, 137,
    171, 172, 173, 174, 178,   2,   6,   7,  13,  14,  15,  16,  19,  21,  29,  31,
     34,  35,  36,  37,  39,  40,  42,  71,  76, 137, 171, 172, 178, 179,   7,   8,
     10,  12,  13,  19,  21,  22,  23,  26,  28,  32,  34,  35,  36,  37,  39,  71,
     87, 137, 173, 174,   2,   7,   8,  10,  13,  14,  19,  21,  26,  34,  35,  36,
     37,  38,  39,  71,  76, 137, 171, 172, 173, 174, 178, 179,   2,   7,   8,   9,
     10,  11,  13,  16,  17,  18,  19,  21,  26,  29,  36,  37,  38,  39,  70,  76,
     79, 170, 172, 173, 174, 185,   6,   7,  18,  19,  21,  26,  28,  31,  32,  34,
     35,  36,  37,  38,  39,  43,  71,  87, 137,   6,   7,   8,  10,  13,  14,  17,
     19,  26,  27,  29,  30,  31,  34,  35,  36,  37,  38,  39,  40,  43,  67,  71,
     85,  86, 122, 124, 137, 173, 174,   2,   6,   7,   9,  15,  17,  20,  21,  24,
     34,  35,  36,  37,  39,  42,  48,  51,  52,  74,  75,  79,  88,  96,  97,  98,
     99, 125, 126, 127, 128, 129, 131, 137, 149, 150, 163, 170, 171, 172, 178, 186,
    187,   2,   6,   7,   9,  15,  17,  20,  21,  24,  34,  35,  36,  37,  39,  42,
     48,  51,  52,  74,  75,  79,  88,  96,  97,  98,  99, 125, 126, 127, 128, 129,
    131, 137, 149, 150, 163, 170, 171, 172, 178, 186, 187,   6,   7,  24,  43,  67,
     74, 173, 174,   0,   8,  10,  26,  27,  29,  30,  31,  34,  35,  36,  37,  38,
     39,  40,  48,  51,  52,  54,  55,  56,  59,  60,  61,  63,  64,  84,  85,  86,
     88,  96,  97,  98,  99, 106, 107, 108, 110, 122, 124, 125, 126, 127, 128, 129,
    134, 137, 139, 140, 141, 142, 143, 149, 150, 153, 154, 155, 156, 163, 167, 168,
    169, 173, 174, 186, 187,   0,   1,   2,   4,   7,   9,  11,  12,  14,  15,  16,
     17,  18,  19,  20,  21,  24,  25,  26,  28,  29,  32,  33,  34,  35,  36,  37,
     39,  40,  42,  43,  45,  46,  47,  48,  49,  51,  52,  54,  55,  56,  57,  58,
     59,  60,  61,  63,  64,  67,  72,  73,  74,  75,  79,  81,  82,  87,  88,  89,
     90,  91,  92,  93,  94,  95,  96,  97,  98,  99, 100, 101, 102, 103, 104, 105,
    106, 107, 108, 110, 111, 112, 113, 114, 115, 116, 117, 118, 119, 120, 121, 125,
    126, 127, 128, 129, 130, 131, 132, 133, 134, 135, 136, 137, 138, 139, 140, 141,
    142, 143, 144, 145, 146, 147, 148, 149, 150, 151, 152, 153, 154, 155, 156, 157,
    158, 159, 160, 161, 162, 163, 164, 165, 166, 167, 168, 169, 170, 171, 172, 175,
    176, 177, 186, 187,   6,   7,  19,  21,  24,  26,  27,  29,  31,  34,  35,  36,
     37,  38,  39,  40,  42,  43,  47,  48,  49,  51,  52,  54,  55,  56,  57,  58,
     59,  60,  61,  63,  64,  67,  84,  85,  86,  88,  93,  94,  95,  96,  97,  98,
     99, 100, 101, 102, 103, 104, 105, 106, 107, 108, 110, 112, 113, 114, 115, 116,
    117, 118, 119, 120, 121, 122, 124, 125, 126, 127, 128, 129, 131, 132, 133, 134,
    135, 136, 137, 138, 139, 140, 141, 142, 143, 144, 145, 147, 148, 149, 150, 151,
    152, 153, 154, 155, 156, 159, 160, 161, 162, 163, 164, 165, 166, 167, 168, 169,
    172, 175, 176, 186, 187,   7,  24,  29,  34,  36,  37,  38,  39,  40,  48,  49,
     63,  64,  88, 110, 118, 119, 120, 121, 137, 141, 142, 143, 144, 167, 168, 169,
    175, 186, 187,   2,   6,   7,   8,  10,  13,  14,  15,  19,  21,  24,  26,  27,
     29,  30,  31,  34,  35,  36,  37,  38,  39,  40,  42,  43,  46,  48,  50,  53,
     57,  58,  64,  67,  82,  84,  85,  86,  88, 109, 122, 123, 124, 135, 136, 137,
    138, 142, 143, 171, 173, 174, 175, 186, 187,   7,  26,  36,  37,  38,  39,  46,
     48,  49,  51,  52,  54,  55,  56,  58,  59,  60,  61,  63,  64,  88,  96,  97,
     98,  99, 106, 107, 108, 110, 118, 119, 120, 121, 123, 125, 126, 127, 128, 129,
    134, 138, 139, 140, 141, 142, 143, 144, 149, 150, 153, 154, 155, 156, 161, 163,
    165, 167, 168, 169, 175, 186, 187,   0,   1,   2,   4,   7,   8,   9,  10,  11,
     13,  16,  19,  21,  22,  23,  24,  26,  28,  29,  30,  32,  33,  34,  38,  45,
     46,  47,  48,  49,  50,  51,  52,  53,  54,  55,  56,  57,  58,  59,  60,  61,
     62,  63,  64,  72,  73,  74,  75,  79,  81,  82,  84,  87,  88,  89,  90,  91,
     92,  93,  94,  95,  96,  97,  98,  99, 100, 101, 102, 103, 104, 105, 106, 107,
    108, 109, 110, 111, 112, 113, 114, 115, 116, 117, 118, 119, 120, 121, 123, 125,
    126, 127, 128, 129, 130, 131, 132, 133, 134, 135, 136, 137, 138, 139, 140, 141,
    142, 143, 144, 145, 146, 147, 148, 149, 150, 151, 152, 153, 154, 155, 156, 157,
    158, 159, 160, 161, 162, 163, 164, 165, 166, 167, 168, 169, 170, 171, 172, 173,
    174, 175, 176, 177, 180, 181, 186, 187,   0,   2,   7,  13,  14,  16,  19,  21,
     24,  26,  29,  34,  35,  36,  37,  38,  39,  40,  42,  48,  51,  52,  54,  55,
     56,  58,  59,  60,  61,  63,  75,  84,  88,  96,  97,  98,  99, 106, 107, 108,
    110, 125, 126, 127, 128, 129, 134, 137, 138, 139, 140, 141, 149, 150, 153, 154,
    155, 156, 163, 167, 168, 169, 171, 172, 175, 176, 186, 187,   2,   4,   7,   9,
     12,  16,  18,  25,  28,  32,  45,  46,  47,  48,  49,  50,  51,  52,  53,  54,
     55,  56,  57,  58,  59,  60,  61,  62,  63,  64,  74,  79,  82,  87,  88,  89,
     90,  91,  92,  93,  94,  95,  96,  97,  98,  99, 100, 101, 102, 103, 104, 105,
    106, 107, 108, 109, 110, 111, 112, 113, 114, 115, 116, 117, 118, 119, 120, 121,
    123, 125, 126, 127, 128, 129, 131, 132, 133, 134, 135, 136, 138, 139, 140, 141,
    142, 143, 144, 145, 146, 147, 148, 149, 150, 151, 152, 153, 154, 155, 156, 157,
    158, 159, 160, 161, 162, 163, 164, 165, 166, 167, 168, 169, 170, 186, 187,   2,
      4,   7,   9,  12,  16,  18,  25,  28,  32,  45,  46,  47,  48,  49,  50,  51,
     52,  53,  54,  55,  56,  57,  58,  59,  60,  61,  62,  63,  64,  74,  79,  82,
     87,  88,  89,  90,  91,  92,  93,  94,  95,  96,  97,  98,  99, 100, 101, 102,
    103, 104, 105, 106, 107, 108, 109, 110, 111, 112, 113, 114, 115, 116, 117, 118,
    119, 120, 121, 123, 125, 126, 127, 128, 129, 131, 132, 133, 134, 135, 136, 138,
    139, 140, 141, 142, 143, 144, 145, 146, 147, 148, 149, 150, 151, 152, 153, 154,
    155, 156, 157, 158, 159, 160, 161, 162, 163, 164, 165, 166, 167, 168, 169, 170,
    186, 187,   1,   2,   4,   7,   8,   9,  10,  11,  12,  16,  18,  22,  23,  24,
     25,  26,  28,  29,  32,  45,  46,  47,  48,  49,  50,  51,  52,  53,  54,  55,
     56,  57,  58,  59,  60,  61,  62,  63,  64,  74,  79,  82,  84,  87,  88,  89,
     90,  91,  92,  93,  94,  95,  96,  97,  98,  99, 100, 101, 102, 103, 104, 105,
    106, 107, 108, 109, 110, 111, 112, 113, 114, 115, 116, 117, 118, 119, 120, 121,
    123, 125, 126, 127, 128, 129, 131, 132, 133, 134, 135, 136, 138, 139, 140, 141,
    142, 143, 144, 145, 146, 147, 148, 149, 150, 151, 152, 153, 154, 155, 156, 157,
    158, 159, 160, 161, 162, 163, 164, 165, 166, 167, 168, 169, 170, 172, 173, 174,
    176, 186, 187,   0,   2,   4,   7,   9,  11,  12,  15,  16,  17,  18,  19,  20,
     21,  24,  25,  26,  28,  32,  33,  34,  35,  36,  37,  39,  43,  45,  46,  47,
     48,  49,  50,  51,  52,  53,  54,  55,  56,  57,  58,  59,  60,  61,  62,  63,
     64,  72,  73,  74,  75,  79,  81,  82,  84,  87,  88,  89,  90,  91,  92,  93,
     94,  95,  96,  97,  98,  99, 100, 101, 102, 103, 104, 105, 106, 107, 108, 109,
    110, 111, 112, 113, 114, 115, 116, 117, 118, 119, 120, 121, 123, 125, 126, 127,
    128, 129, 130, 131, 132, 133, 134, 135, 136, 137, 138, 139, 140, 141, 142, 143,
    144, 145, 146, 147, 148, 149, 150, 151, 152, 153, 154, 155, 156, 157, 158, 159,
    160, 161, 162, 163, 164, 165, 166, 167, 168, 169, 170, 171, 176, 177, 186, 187,
      0,   2,   7,   8,  10,  12,  13,  14,  16,  19,  21,  22,  23,  24,  28,  29,
     32,  33,  34,  35,  36,  37,  38,  39,  40,  42,  48,  51,  52,  54,  55,  56,
     58,  59,  60,  61,  63,  64,  72,  73,  74,  75,  81,  87,  88,  96,  97,  98,
     99, 106, 107, 108, 110, 125, 126, 127, 128, 129, 134, 137, 138, 139, 140, 141,
    142, 143, 149, 150, 153, 154, 155, 156, 163, 167, 168, 169, 171, 172, 173, 174,
    175, 176, 186, 187,   4,   7,   9,  12,  16,  18,  19,  20,  21,  24,  25,  28,
     32,  35,  45,  46,  47,  48,  49,  51,  52,  54,  55,  56,  57,  58,  59,  60,
     61,  63,  64,  74,  79,  82,  87,  88,  89,  90,  91,  92,  93,  94,  95,  96,
     97,  98,  99, 100, 101, 102, 103, 104, 105, 106, 107, 108, 109, 110, 111, 112,
    113, 114, 115, 116, 117, 118, 119, 120, 121, 125, 126, 127, 128, 129, 131, 132,
    133, 134, 135, 136, 138, 139, 140, 141, 142, 143, 144, 145, 146, 147, 148, 149,
    150, 151, 152, 153, 154, 155, 156, 157, 158, 159, 160, 161, 162, 163, 164, 165,
    166, 167, 168, 169, 170, 171, 175, 176, 186, 187,   2,   4,   7,   8,   9,  10,
     12,  16,  18,  22,  23,  25,  26,  28,  29,  32,  45,  46,  47,  48,  49,  50,
     51,  52,  53,  54,  55,  56,  57,  58,  59,  60,  61,  62,  63,  64,  74,  79,
     82,  84,  87,  88,  89,  90,  91,  92,  93,  94,  95,  96,  97,  98,  99, 100,
    101, 102, 103, 104, 105, 106, 107, 108, 109, 110, 111, 112, 113, 114, 115, 116,
    117, 118, 119, 120, 121, 123, 125, 126, 127, 128, 129, 131, 132, 133, 134, 135,
    136, 138, 139, 140, 141, 142, 143, 144, 145, 146, 147, 148, 149, 150, 151, 152,
    153, 154, 155, 156, 157, 158, 159, 160, 161, 162, 163, 164, 165, 166, 167, 168,
    169, 170, 173, 174, 186, 187,   2,   6,   7,   8,  10,  13,  14,  15,  19,  21,
     24,  26,  27,  29,  30,  31,  34,  35,  36,  37,  38,  39,  40,  42,  43,  46,
     48,  50,  53,  57,  64,  67,  82,  84,  85,  86,  88, 109, 122, 123, 124, 135,
    136, 137, 142, 143, 171, 172, 173, 174, 175, 186, 187,   0,   4,   6,   8,   9,
     10,  11,  16,  19,  26,  27,  29,  30,  31,  34,  36,  37,  38,  39,  43,  45,
     47,  48,  49,  51,  52,  58,  62,  67,  72,  73,  74,  79,  84,  85,  86,  88,
     89,  90,  91,  92,  93,  94,  95,  96,  97,  98,  99, 100, 101, 102, 103, 104,
    105, 111, 112, 113, 114, 115, 116, 117, 118, 119, 120, 121, 122, 123, 124, 125,
    126, 127, 128, 129, 130, 131, 132, 133, 137, 138, 144, 145, 146, 147, 148, 149,
    150, 151, 152, 157, 158, 159, 160, 161, 162, 163, 164, 165, 166, 170, 171, 172,
    173, 174, 181, 186, 187,   2,   6,   7,   8,  10,  13,  14,  15,  19,  21,  23,
     24,  26,  27,  29,  30,  31,  34,  35,  36,  37,  38,  39,  40,  42,  43,  44,
     46,  48,  50,  52,  53,  57,  64,  66,  67,  82,  84,  85,  86,  88, 109, 122,
    123, 124, 129, 135, 136, 137, 142, 143, 171, 172, 173, 174, 175, 186, 187,   0,
      2,   4,   7,   8,   9,  10,  11,  12,  16,  18,  19,  20,  21,  24,  25,  28,
     29,  32,  34,  35,  36,  37,  38,  39,  42,  45,  47,  48,  49,  52,  54,  55,
     56,  59,  60,  61,  63,  64,  72,  73,  74,  75,  79,  81,  82,  87,  88,  89,
     90,  91,  92,  93,  94,  95, 100, 101, 102, 103, 104, 105, 106, 107, 108, 110,
    111, 112, 113, 114, 115, 116, 117, 118, 119, 120, 121, 129, 131, 132, 133, 134,
    137, 139, 140, 141, 142, 143, 144, 145, 146, 147, 148, 151, 152, 153, 154, 155,
    156, 157, 158, 159, 160, 161, 162, 164, 165, 166, 167, 168, 169, 170, 171, 172,
    173, 174, 175, 176, 177, 186, 187,   6,   7,  19,  24,  26,  33,  34,  35,  36,
     37,  38,  39,  40,  47,  48,  49,  51,  52,  57,  58,  59,  60,  63,  64,  82,
     84,  88,  93,  94,  95,  96,  97,  98,  99, 100, 101, 102, 103, 104, 105, 106,
    107, 108, 110, 112, 113, 114, 115, 116, 117, 118, 119, 120, 121, 125, 126, 127,
    128, 129, 132, 133, 135, 136, 137, 138, 139, 140, 141, 142, 143, 144, 145, 147,
    148, 149, 150, 151, 152, 155, 156, 159, 160, 161, 162, 163, 164, 165, 166, 167,
    168, 169, 171, 172, 175, 177, 186, 187,   0,   1,   2,   4,   7,   8,   9,  10,
     11,  13,  16,  18,  22,  23,  24,  26,  28,  29,  32,  38,  45,  46,  47,  48,
     49,  50,  51,  52,  54,  55,  56,  57,  58,  59,  60,  61,  62,  63,  64,  72,
     73,  74,  79,  82,  84,  87,  88,  89,  90,  91,  92,  93,  94,  95,  96,  97,
     98,  99, 100, 101, 102, 103, 104, 105, 106, 107, 108, 109, 110, 111, 112, 113,
    114, 115, 116, 117, 118, 119, 120, 121, 123, 125, 126, 127, 128, 129, 132, 133,
    134, 135, 136, 138, 139, 140, 141, 142, 143, 144, 145, 146, 147, 148, 149, 150,
    151, 152, 153, 154, 155, 156, 157, 158, 159, 160, 161, 162, 163, 164, 165, 166,
    167, 168, 169, 170, 171, 172, 173, 174, 177, 181, 186, 187,   1,   2,   4,   7,
      8,   9,  10,  11,  12,  16,  17,  18,  22,  23,  24,  25,  26,  28,  29,  32,
     36,  37,  39,  45,  46,  47,  48,  49,  50,  51,  52,  53,  54,  55,  56,  57,
     58,  59,  60,  61,  62,  63,  64,  74,  79,  82,  84,  87,  88,  89,  90,  91,
     92,  93,  94,  95,  96,  97,  98,  99, 100, 101, 102, 103, 104, 105, 106, 107,
    108, 109, 110, 111, 112, 113, 114, 115, 116, 117, 118, 119, 120, 121, 123, 125,
    126, 127, 128, 129, 131, 132, 133, 134, 135, 136, 138, 139, 140, 141, 142, 143,
    144, 145, 146, 147, 148, 149, 150, 151, 152, 153, 154, 155, 156, 157, 158, 159,
    160, 161, 162, 163, 164, 165, 166, 167, 168, 169, 170, 172, 173, 174, 186, 187,
      0,   1,   2,   4,   7,   8,   9,  10,  11,  12,  13,  14,  15,  16,  17,  18,
     20,  21,  22,  23,  24,  25,  26,  28,  29,  32,  33,  42,  43,  45,  46,  47,
     48,  49,  50,  51,  52,  53,  54,  55,  56,  57,  58,  59,  60,  61,  62,  63,
     64,  67,  72,  74,  79,  82,  84,  87,  88,  89,  90,  91,  92,  93,  94,  95,
     96,  97,  98,  99, 100, 101, 102, 103, 104, 105, 106, 107, 108, 109, 110, 111,
    112, 113, 114, 115, 116, 117, 118, 119, 120, 121, 123, 125, 126, 127, 128, 129,
    130, 131, 132, 133, 134, 135, 136, 138, 139, 140, 141, 142, 143, 144, 145, 146,
    147, 148, 149, 150, 151, 152, 153, 154, 155, 156, 157, 158, 159, 160, 161, 162,
    163, 164, 165, 166, 167, 168, 169, 170, 172, 173, 174, 175, 176, 177, 186, 187,
      0,   1,   2,   4,   7,   8,   9,  10,  11,  12,  13,  14,  15,  16,  17,  18,
     20,  21,  22,  23,  24,  25,  26,  28,  29,  32,  33,  42,  43,  45,  46,  47,
     48,  49,  50,  51,  52,  53,  54,  55,  56,  57,  58,  59,  60,  61,  62,  63,
     64,  67,  74,  79,  82,  84,  87,  88,  89,  90,  91,  92,  93,  94,  95,  96,
     97,  98,  99, 100, 101, 102, 103, 104, 105, 106, 107, 108, 109, 110, 111, 112,
    113, 114, 115, 116, 117, 118, 119, 120, 121, 123, 125, 126, 127, 128, 129, 130,
    131, 132, 133, 134, 135, 136, 138, 139, 140, 141, 142, 143, 144, 145, 146, 147,
    148, 149, 150, 151, 152, 153, 154, 155, 156, 157, 158, 159, 160, 161, 162, 163,
    164, 165, 166, 167, 168, 169, 170, 172, 173, 174, 175, 176, 177, 186, 187,   0,
      2,   4,   7,   9,  11,  12,  15,  16,  17,  18,  19,  20,  21,  24,  25,  28,
     32,  33,  34,  35,  36,  37,  39,  43,  45,  46,  47,  48,  49,  50,  51,  52,
     53,  54,  55,  56,  57,  58,  59,  60,  61,  62,  63,  64,  72,  73,  74,  75,
     79,  81,  87,  88,  89,  90,  91,  92,  93,  94,  95,  96,  97,  98,  99, 100,
    101, 102, 103, 104, 105, 106, 107, 108, 109, 110, 111, 112, 113, 114, 115, 116,
    117, 118, 119, 120, 121, 123, 125, 126, 127, 128, 129, 130, 131, 132, 133, 134,
    135, 136, 137, 138, 139, 140, 141, 142, 143, 144, 145, 146, 147, 148, 149, 150,
    151, 152, 153, 154, 155, 156, 157, 158, 159, 160, 161, 162, 163, 164, 165, 166,
    167, 168, 169, 170, 171, 172, 175, 176, 177, 186, 187,   0,   1,   2,   4,   7,
      8,   9,  10,  11,  12,  13,  14,  15,  16,  17,  18,  20,  21,  22,  23,  24,
     25,  26,  28,  29,  32,  33,  38,  40,  43,  45,  46,  47,  48,  49,  50,  51,
     52,  53,  54,  55,  56,  57,  58,  59,  60,  61,  62,  63,  64,  72,  73,  74,
     79,  81,  82,  84,  87,  88,  89,  90,  91,  92,  93,  94,  95,  96,  97,  98,
     99, 100, 101, 102, 103, 104, 105, 106, 107, 108, 109, 110, 111, 112, 113, 114,
    115, 116, 117, 118, 119, 120, 121, 123, 125, 126, 127, 128, 129, 131, 132, 133,
    134, 135, 136, 138, 139, 140, 141, 142, 143, 144, 145, 146, 147, 148, 149, 150,
    151, 152, 153, 154, 155, 156, 157, 158, 159, 160, 161, 162, 163, 164, 165, 166,
    167, 168, 169, 170, 172, 173, 174, 175, 176, 177, 186, 187,   2,   7,  16,  19,
     21,  24,  26,  27,  28,  29,  30,  31,  32,  33,  34,  35,  36,  37,  39,  40,
     46,  47,  48,  49,  51,  52,  54,  55,  56,  57,  58,  59,  60,  61,  63,  64,
     85,  86,  87,  88,  93,  94,  95,  96,  97,  98,  99, 100, 101, 102, 103, 104,
    105, 106, 107, 108, 110, 112, 113, 114, 115, 116, 117, 118, 119, 120, 121, 122,
    124, 125, 126, 127, 128, 129, 131, 132, 133, 134, 135, 136, 137, 138, 139, 140,
    141, 142, 143, 144, 145, 147, 148, 149, 150, 151, 152, 153, 154, 155, 156, 159,
    160, 161, 162, 163, 164, 165, 166, 167, 168, 169, 171, 172, 175, 176, 177, 186,
    187,   0,   2,   4,   5,   7,   8,   9,  10,  16,  18,  28,  29,  32,  36,  37,
     38,  39,  45,  46,  47,  48,  50,  51,  52,  53,  54,  55,  56,  58,  59,  60,
     61,  63,  64,  72,  74,  82,  84,  87,  88,  89,  90,  91,  92,  93,  94,  95,
     96,  97,  98,  99, 100, 101, 102, 103, 104, 105, 106, 107, 108, 109, 110, 111,
    112, 113, 114, 115, 116, 117, 123, 125, 126, 127, 128, 129, 131, 132, 133, 134,
    136, 138, 139, 140, 141, 142, 143, 145, 146, 147, 148, 149, 150, 151, 152, 153,
    154, 155, 156, 157, 158, 159, 160, 161, 162, 163, 164, 165, 166, 167, 168, 169,
    170, 172, 173, 174, 178, 186, 187,   0,  19,  21,  26,  28,  32,  34,  35,  36,
     37,  38,  39,  42,  48,  51,  52,  54,  55,  56,  58,  59,  60,  61,  63,  84,
     87,  88,  96,  97,  98,  99, 106, 107, 108, 110, 125, 126, 127, 128, 129, 134,
    137, 138, 139, 140, 141, 149, 150, 153, 154, 155, 156, 163, 167, 168, 169, 186,
    187,   9, 170,   0,   8,  23,  48,  49,  52,  88, 109, 118, 119, 120, 121, 129,
    144, 186, 187,   1,   2,   4,   6,   7,   8,   9,  10,  22,  23,  24,  25,  28,
     29,  32,  34,  35,  36,  37,  39,  40,  42,  43,  48,  57,  58,  60,  61,  62,
     63,  67,  72,  73,  74,  75,  79,  81,  82,  87,  88, 110, 135, 136, 137, 138,
    141, 167, 168, 169, 170, 171, 172, 173, 174, 175, 176, 186, 187,   2,   6,   7,
     24,  26,  27,  28,  30,  31,  32,  33,  34,  35,  36,  37,  38,  39,  40,  42,
     43,  48,  58,  67,  73,  75,  82,  85,  86,  87,  88, 122, 124, 137, 138, 171,
    172, 175, 176, 186, 187,   2,   6,   7,   9,  24,  26,  27,  28,  30,  31,  32,
     33,  34,  35,  36,  37,  38,  39,  40,  42,  47,  48,  67,  73,  74,  75,  79,
     81,  85,  86,  87,  88,  93,  94,  95, 101, 102, 103, 104, 105, 112, 113, 114,
    115, 116, 117, 122, 124, 132, 133, 137, 145, 147, 148, 151, 152, 159, 160, 161,
    162, 164, 165, 166, 170, 171, 172, 175, 176, 186, 187,   1,   2,   4,   6,   7,
      8,   9,  10,  22,  23,  24,  25,  28,  29,  32,  34,  35,  36,  37,  39,  42,
     48,  57,  58,  60,  61,  62,  63,  72,  73,  74,  75,  79,  81,  82,  87,  88,
    110, 135, 136, 137, 138, 141, 161, 167, 168, 169, 170, 171, 172, 173, 174, 175,
    176, 186, 187,   2,   6,   7,  24,  26,  27,  28,  30,  31,  32,  33,  34,  35,
     36,  37,  38,  39,  40,  42,  48,  57,  58,  64,  67,  73,  74,  75,  81,  82,
     85,  86,  87,  88, 122, 124, 135, 136, 137, 138, 142, 143, 171, 172, 175, 176,
    186, 187,   0,   1,   2,   4,   6,   7,   8,   9,  10,  24,  25,  26,  27,  28,
     29,  30,  31,  32,  33,  34,  35,  36,  37,  38,  39,  40,  42,  43,  45,  47,
     48,  51,  52,  54,  55,  56,  58,  60,  61,  66,  67,  72,  73,  74,  75,  77,
     78,  79,  80,  81,  85,  86,  87,  88,  89,  90,  91,  92,  93,  94,  95,  96,
     97,  98,  99, 100, 101, 103, 104, 105, 106, 108, 110, 111, 112, 113, 114, 115,
    116, 117, 118, 119, 120, 121, 122, 123, 124, 125, 126, 127, 128, 129, 131, 132,
    133, 134, 135, 136, 137, 138, 139, 140, 141, 142, 143, 144, 145, 146, 147, 148,
    149, 150, 151, 152, 153, 154, 155, 156, 157, 158, 160, 161, 162, 163, 164, 165,
    166, 167, 168, 169, 170, 171, 172, 173, 174, 175, 176, 177, 180, 181, 186, 187,
      2,   4,   6,   7,   8,   9,  10,  23,  24,  25,  26,  27,  28,  29,  30,  31,
     32,  33,  34,  35,  36,  37,  38,  39,  40,  42,  43,  44,  45,  47,  48,  49,
     52,  54,  55,  56,  58,  61,  62,  63,  67,  72,  73,  74,  75,  78,  79,  80,
     85,  86,  87,  88,  89,  90,  91,  92,  93,  94,  95, 100, 101, 102, 103, 104,
    105, 109, 110, 111, 112, 113, 114, 115, 116, 117, 118, 119, 120, 121, 122, 124,
    129, 131, 132, 133, 134, 137, 138, 141, 144, 145, 146, 147, 148, 151, 152, 153,
    154, 157, 158, 159, 160, 161, 162, 164, 165, 166, 167, 168, 169, 170, 171, 172,
    173, 174, 175, 176, 177, 180, 181, 186, 187,   1,   2,   4,   6,   7,   8,   9,
     10,  22,  23,  24,  25,  28,  29,  32,  34,  35,  36,  37,  38,  39,  40,  42,
     43,  48,  58,  60,  61,  62,  63,  67,  72,  73,  74,  75,  79,  81,  87,  88,
    110, 137, 138, 141, 167, 168, 169, 170, 171, 172, 173, 174, 175, 176, 186, 187,
      2,   4,   6,   7,   8,   9,  10,  22,  23,  24,  25,  28,  29,  32,  34,  35,
     36,  37,  38,  39,  42,  46,  48,  58,  60,  61,  62,  63,  72,  73,  74,  75,
     79,  81,  82,  87,  88, 110, 137, 138, 141, 167, 168, 169, 170, 171, 172, 173,
    174, 175, 176, 186, 187,  27,  28,  30,  31,  32,  33,  35,  40,  46,  50,  52,
     53,  63,  82,  85,  86,  87, 109, 110, 122, 123, 124, 129, 141, 149, 167, 168,
    169,   2,   4,   6,   7,   9,  24,  25,  27,  28,  29,  31,  32,  33,  34,  35,
     36,  37,  38,  39,  40,  42,  45,  47,  48,  49,  51,  52,  54,  55,  56,  57,
     59,  60,  61,  62,  63,  64,  67,  73,  74,  75,  79,  81,  85,  86,  87,  88,
     89,  90,  91,  92,  93,  94,  95,  96,  97,  98,  99, 100, 101, 102, 103, 104,
    105, 106, 107, 108, 110, 111, 112, 113, 114, 115, 116, 117, 118, 119, 120, 121,
    122, 124, 125, 126, 127, 128, 129, 131, 132, 133, 134, 135, 136, 137, 139, 140,
    141, 142, 143, 144, 145, 146, 147, 148, 149, 150, 151, 152, 153, 154, 155, 156,
    157, 158, 159, 160, 161, 162, 163, 164, 165, 166, 167, 168, 169, 170, 171, 172,
    175, 176, 177, 186, 187,   1,   2,   4,   6,   7,   8,   9,  10,  22,  23,  24,
     25,  28,  29,  32,  34,  35,  36,  37,  39,  42,  48,  52,  54,  55,  56,  58,
     59,  60,  61,  62,  63,  64,  72,  73,  74,  75,  79,  81,  87,  88, 106, 107,
    108, 110, 129, 134, 137, 138, 139, 140, 141, 142, 143, 153, 154, 155, 156, 161,
    167, 168, 169, 170, 171, 172, 173, 174, 175, 176, 186, 187,   2,   6,   7,  24,
     26,  27,  28,  30,  31,  32,  33,  34,  35,  36,  37,  38,  39,  40,  42,  43,
     48,  57,  58,  64,  67,  73,  75,  82,  85,  86,  87,  88, 122, 124, 135, 136,
    137, 138, 142, 143, 171, 172, 175, 176, 186, 187,   2,   6,   7,  24,  26,  27,
     28,  30,  31,  32,  33,  34,  35,  36,  37,  38,  39,  40,  42,  43,  48,  58,
     62,  67,  75,  82,  85,  86,  87,  88, 122, 124, 137, 138, 171, 172, 175, 176,
    186, 187,   2,   4,   7,  24,  27,  28,  30,  31,  32,  33,  34,  35,  36,  37,
     38,  39,  40,  42,  44,  52,  82,  85,  86,  87, 122, 124, 129, 137, 171, 172,
    175, 176,   0,   4,   6,   7,   8,   9,  10,  11,  24,  26,  27,  29,  30,  31,
     33,  34,  35,  36,  37,  38,  39,  40,  42,  43,  45,  47,  48,  51,  52,  54,
     55,  56,  59,  60,  61,  62,  63,  67,  74,  78,  79,  85,  86,  88,  89,  90,
     91,  92,  93,  94,  95,  96,  97,  98,  99, 100, 101, 102, 103, 104, 105, 106,
    107, 108, 110, 111, 112, 113, 114, 115, 116, 117, 122, 124, 125, 126, 127, 128,
    129, 131, 132, 133, 134, 137, 139, 140, 141, 145, 146, 147, 148, 149, 150, 151,
    152, 153, 154, 155, 156, 157, 158, 159, 160, 161, 162, 163, 164, 165, 166, 167,
    168, 169, 170, 173, 174, 175, 181, 186, 187,   2,   4,   6,   7,   9,  24,  26,
     27,  28,  30,  31,  32,  33,  34,  35,  36,  37,  38,  39,  40,  42,  48,  54,
     55,  56,  57,  58,  63,  64,  67,  73,  74,  75,  79,  81,  85,  86,  87,  88,
    110, 122, 124, 131, 134, 135, 136, 137, 138, 141, 142, 143, 153, 154, 167, 168,
    169, 170, 171, 172, 175, 176, 177, 186, 187,   2,   6,   7,   9,  24,  26,  27,
     31,  34,  35,  36,  37,  38,  39,  40,  42,  52,  60,  61,  74,  75,  79,  81,
     85,  86, 122, 124, 129, 131, 137, 170, 171, 172, 175, 177, 181,   1,   2,   4,
      6,   7,   8,   9,  10,  22,  23,  24,  25,  28,  29,  32,  34,  35,  36,  37,
     39,  40,  42,  43,  48,  57,  60,  62,  63,  67,  72,  73,  74,  75,  79,  81,
     82,  87,  88, 110, 135, 136, 137, 141, 167, 168, 169, 170, 171, 172, 173, 174,
    175, 176, 186, 187,   2,   4,   6,   7,  24,  26,  27,  28,  29,  30,  31,  32,
     33,  34,  35,  36,  37,  38,  39,  40,  42,  43,  48,  49,  57,  58,  62,  64,
     67,  75,  82,  85,  86,  87,  88, 118, 119, 120, 121, 122, 124, 135, 136, 137,
    138, 142, 143, 144, 171, 172, 175, 176, 177, 186, 187,   2,   4,   6,   7,  24,
     26,  27,  28,  30,  31,  32,  33,  34,  35,  36,  37,  38,  39,  40,  42,  43,
     48,  58,  64,  67,  75,  82,  85,  86,  87,  88, 122, 124, 137, 138, 142, 143,
    171, 172, 175, 176, 186, 187,   2,   6,   7,   9,  24,  26,  27,  28,  30,  31,
     32,  33,  34,  35,  36,  37,  38,  39,  40,  42,  47,  51,  52,  54,  55,  56,
     59,  60,  63,  67,  74,  78,  79,  81,  85,  86,  87,  93,  94,  95,  96,  97,
     98,  99, 101, 102, 103, 104, 105, 106, 107, 108, 110, 112, 113, 114, 115, 116,
    117, 122, 124, 125, 126, 127, 128, 129, 131, 132, 133, 134, 137, 139, 140, 141,
    145, 147, 148, 149, 150, 151, 152, 153, 154, 155, 156, 159, 160, 161, 162, 163,
    164, 165, 166, 167, 168, 169, 170, 171, 172, 175, 176, 177, 181,   2,   6,   7,
     24,  26,  27,  30,  31,  33,  34,  35,  36,  37,  38,  39,  40,  42,  67,  75,
     82,  85,  86, 122, 124, 137, 171, 172, 175, 176, 177,   0,   2,   4,   6,   7,
      9,  24,  25,  26,  27,  28,  29,  30,  31,  32,  33,  34,  35,  36,  37,  38,
     39,  40,  42,  47,  48,  49,  52,  54,  55,  56,  58,  59,  60,  61,  62,  63,
     64,  67,  73,  74,  75,  79,  81,  82,  85,  86,  87,  88,  93,  94,  95, 101,
    102, 103, 104, 105, 106, 107, 108, 110, 112, 113, 114, 115, 116, 117, 118, 119,
    120, 121, 122, 124, 129, 131, 132, 133, 134, 137, 138, 139, 140, 141, 142, 143,
    144, 145, 147, 148, 151, 152, 153, 154, 155, 156, 159, 160, 161, 162, 164, 165,
    166, 167, 168, 169, 170, 171, 172, 173, 174, 175, 176, 177, 186, 187,   2,   4,
      5,   7,   8,   9,  10,  12,  16,  18,  22,  23,  26,  28,  29,  32,  36,  37,
     38,  39,  45,  46,  47,  48,  50,  51,  52,  53,  54,  55,  56,  57,  58,  59,
     60,  61,  62,  63,  64,  72,  74,  82,  84,  87,  88,  89,  90,  91,  92,  93,
     94,  95,  96,  97,  98,  99, 101, 102, 103, 104, 105, 106, 107, 108, 109, 110,
    111, 112, 113, 114, 115, 116, 117, 123, 125, 126, 127, 128, 129, 131, 132, 133,
    134, 135, 138, 139, 140, 141, 142, 143, 145, 146, 147, 148, 149, 150, 151, 152,
    153, 154, 155, 156, 157, 158, 159, 160, 161, 162, 163, 164, 165, 166, 167, 168,
    169, 170, 173, 174, 186, 187,  48,  52,  88, 129, 186, 187,   2,   6,   7,   8,
     10, 171, 172, 173, 174, 178,   2,   7,   8,  10,  34,  35,  36,  37,  39,  40,
     48,  51,  52,  74,  82,  88,  96,  97,  98,  99, 125, 126, 127, 128, 129, 131,
    137, 149, 150, 163, 171, 172, 173, 174, 178, 186, 187,  14,  19,  21,  12,  13,
     15,  16,  17,  18,  20,   2,   6,   7,  26,  34,  36,  37,  38,  39,  43,  51,
     52,  54,  55,  56,  59,  60,  61,  67,  84,  96,  97,  98,  99, 106, 107, 108,
    125, 126, 127, 128, 129, 134, 137, 139, 140, 149, 150, 153, 154, 155, 156, 163,
    171, 178,   6,  43,  67,   2,   4,   6,   7,   9,  24,  27,  28,  31,  32,  33,
     34,  35,  36,  37,  39,  40,  45,  46,  47,  49,  50,  51,  53,  63,  67,  74,
     77,  78,  80,  82,  85,  86,  87,  89,  90,  91,  92,  93,  94,  95,  96,  97,
     98,  99, 100, 101, 102, 103, 104, 105, 109, 110, 111, 112, 113, 114, 115, 116,
    117, 118, 119, 120, 121, 122, 123, 124, 125, 126, 127, 128, 130, 131, 132, 133,
    137, 141, 144, 145, 146, 147, 148, 149, 150, 151, 152, 157, 158, 159, 160, 161,
    162, 163, 164, 165, 166, 167, 168, 169, 170, 171, 172, 178, 180,   0,   6,   8,
     10,  26,  27,  29,  30,  31,  36,  37,  38,  39,  43,  48,  51,  52,  55,  58,
     59,  60,  61,  67,  74,  84,  85,  86,  88,  96,  97,  98,  99, 106, 107, 108,
    122, 123, 124, 125, 126, 127, 128, 129, 138, 139, 140, 149, 150, 155, 156, 163,
    173, 174, 186, 187,  13,  14,  16,  19,  21,  46,  48,  51,  52,  58,  59,  61,
     88,  96,  97,  98,  99, 106, 107, 108, 125, 126, 127, 128, 129, 138, 139, 140,
    149, 150, 155, 156, 163, 186, 187,  46,  48,  51,  52,  54,  55,  56,  58,  59,
     60,  61,  63,  88,  96,  97,  98,  99, 106, 107, 108, 110, 125, 126, 127, 128,
    129, 134, 138, 139, 140, 141, 149, 150, 153, 154, 155, 156, 163, 167, 168, 169,
    186, 187,  13,  14,  15,  19,  21,  22,  23,  26,  27,  28,  29,  30,  31,  32,
     34,  35,  36,  37,  38,  39,  40,  48,  51,  52,  53,  54,  55,  56,  57,  58,
     59,  60,  61,  62,  64,  84,  85,  86,  87,  88,  96,  97,  98,  99, 106, 107,
    108, 122, 124, 125, 126, 127, 128, 129, 134, 135, 136, 137, 138, 139, 140, 142,
    143, 149, 150, 153, 154, 155, 156, 163, 186, 187,  46,  50,  51,  52,  54,  55,
     56,  59,  60,  61,  63,  64,  82,  96,  97,  98,  99, 106, 107, 108, 109, 110,
    123, 125, 126, 127, 128, 129, 134, 139, 140, 141, 142, 143, 149, 150, 153, 154,
    155, 156, 163, 167, 168, 169,   6,  43,  67,   2,   6,   7,   8,  10,  22,  23,
     24,  26,  27,  28,  29,  30,  31,  32,  34,  35,  36,  37,  38,  39,  40,  43,
     46,  48,  49,  50,  51,  52,  53,  54,  55,  56,  57,  58,  59,  60,  61,  62,
     63,  64,  67,  68,  72,  75,  82,  83,  84,  85,  86,  87,  88,  96,  97,  98,
     99, 106, 107, 108, 109, 110, 118, 119, 120, 121, 122, 123, 124, 125, 126, 127,
    128, 129, 134, 135, 136, 137, 138, 139, 140, 141, 142, 143, 144, 149, 150, 153,
    154, 155, 156, 163, 167, 168, 169, 171, 172, 173, 174, 178, 186, 187,   0,   2,
      7,   8,  10,  22,  23,  26,  27,  28,  29,  30,  31,  32,  33,  34,  35,  36,
     37,  38,  39,  40,  45,  46,  47,  48,  49,  50,  51,  52,  53,  54,  55,  56,
     57,  58,  59,  60,  61,  62,  63,  64,  74,  82,  84,  85,  86,  87,  88,  89,
     90,  91,  92,  93,  94,  95,  96,  97,  98,  99, 100, 101, 102, 103, 104, 105,
    106, 107, 108, 109, 110, 111, 112, 113, 114, 115, 116, 117, 118, 119, 120, 121,
    122, 123, 124, 125, 126, 127, 128, 129, 130, 131, 132, 133, 134, 135, 136, 137,
    138, 139, 140, 141, 142, 143, 144, 145, 146, 147, 148, 149, 150, 151, 152, 153,
    154, 155, 156, 157, 158, 159, 160, 161, 162, 163, 164, 165, 166, 167, 168, 169,
    171, 172, 173, 174, 178, 186, 187,   2,   4,   7,   9,  12,  16,  18,  25,  28,
     32,  45,  46,  47,  48,  49,  50,  51,  52,  53,  54,  55,  56,  57,  58,  59,
     60,  61,  62,  63,  64,  74,  79,  82,  85,  87,  88,  89,  90,  91,  92,  93,
     94,  95,  96,  97,  98,  99, 100, 101, 102, 103, 104, 105, 106, 107, 108, 109,
    110, 111, 112, 113, 114, 115, 116, 117, 118, 119, 120, 121, 123, 125, 126, 127,
    128, 129, 131, 132, 133, 134, 135, 136, 138, 139, 140, 141, 142, 143, 144, 145,
    146, 147, 148, 149, 150, 151, 152, 153, 154, 155, 156, 157, 158, 159, 160, 161,
    162, 163, 164, 165, 166, 167, 168, 169, 170, 186, 187,   2,   6,   7,   8,  10,
     13,  14,  15,  19,  21,  24,  26,  27,  29,  30,  31,  34,  35,  36,  37,  38,
     39,  40,  42,  43,  46,  48,  50,  53,  57,  64,  67,  82,  84,  85,  86,  88,
    109, 122, 123, 124, 135, 136, 137, 142, 143, 171, 172, 173, 174, 175, 186, 187,
      2,   6,   7,   8,  10,  24,  26,  27,  29,  30,  31,  34,  35,  36,  37,  38,
     39,  40,  42,  43,  46,  48,  50,  53,  57,  58,  62,  67,  82,  84,  85,  86,
     88, 109, 122, 123, 124, 135, 136, 137, 138, 171, 172, 173, 174, 175, 176, 186,
    187,   2,   4,   6,   7,   9,  24,  25,  26,  27,  28,  30,  31,  32,  33,  34,
     35,  36,  37,  38,  39,  40,  42,  46,  47,  48,  49,  51,  52,  54,  55,  56,
     57,  58,  59,  60,  61,  63,  64,  67,  72,  73,  74,  75,  79,  81,  82,  85,
     86,  87,  88,  93,  94,  95,  96,  97,  98,  99, 101, 102, 103, 104, 105, 106,
    107, 108, 110, 112, 113, 114, 115, 116, 117, 118, 119, 120, 121, 122, 124, 125,
    126, 127, 128, 129, 132, 133, 134, 135, 136, 137, 138, 139, 140, 141, 142, 143,
    144, 145, 147, 148, 149, 150, 151, 152, 153, 154, 155, 156, 159, 160, 161, 162,
    163, 164, 165, 166, 167, 168, 169, 170, 171, 172, 175, 176, 186, 187,   1,   2,
      4,   6,   7,   8,   9,  10,  22,  23,  24,  25,  28,  29,  32,  34,  35,  36,
     37,  39,  40,  42,  43,  48,  57,  58,  60,  61,  62,  63,  67,  72,  73,  74,
     75,  79,  81,  82,  87,  88, 110, 135, 136, 137, 138, 141, 167, 168, 169, 170,
    171, 172, 173, 174, 175, 176, 186, 187,   1,   2,   4,   6,   7,   8,   9,  10,
     22,  23,  24,  25,  28,  29,  32,  34,  35,  36,  37,  39,  40,  42,  43,  48,
     57,  58,  60,  61,  62,  63,  67,  72,  73,  74,  75,  79,  81,  82,  87,  88,
    110, 135, 136, 137, 138, 141, 167, 168, 169, 170, 171, 172, 173, 174, 175, 176,
    186, 187,   1,   2,   4,   6,   7,   8,   9,  10,  22,  23,  24,  25,  28,  29,
     32,  34,  35,  36,  37,  39,  40,  42,  43,  48,  57,  58,  60,  61,  62,  63,
     67,  72,  73,  74,  75,  79,  81,  82,  87,  88, 110, 135, 136, 137, 138, 141,
    167, 168, 169, 170, 171, 172, 173, 174, 175, 176, 186, 187,   2,   6,   7,   9,
     24,  26,  27,  28,  30,  31,  32,  33,  34,  35,  36,  37,  38,  39,  40,  42,
     47,  48,  52,  67,  73,  74,  75,  79,  81,  85,  86,  87,  88,  93,  94,  95,
    101, 102, 103, 104, 105, 112, 113, 114, 115, 116, 117, 122, 124, 129, 132, 133,
    137, 145, 147, 148, 151, 152, 159, 160, 161, 162, 164, 165, 166, 170, 171, 172,
    175, 176, 186, 187,   2,   6,   7,  24,  26,  27,  28,  30,  31,  32,  33,  34,
     35,  36,  37,  38,  39,  40,  42,  46,  48,  57,  58,  64,  67,  73,  74,  75,
     81,  82,  85,  86,  87,  88, 122, 124, 135, 136, 137, 138, 142, 143, 171, 172,
    175, 176, 186, 187,   2,   6,   7,  24,  26,  27,  28,  30,  31,  32,  33,  34,
     35,  36,  37,  38,  39,  40,  42,  48,  57,  58,  64,  67,  73,  74,  75,  81,
     82,  85,  86,  87,  88, 122, 124, 135, 136, 137, 138, 142, 143, 171, 172, 175,
    176, 186, 187,   2,   6,   7,  24,  26,  27,  28,  30,  31,  32,  33,  34,  35,
     36,  37,  38,  39,  40,  42,  48,  57,  58,  64,  67,  73,  74,  75,  81,  82,
     85,  86,  87,  88, 122, 124, 135, 136, 137, 138, 142, 143, 171, 172, 175, 176,
    186, 187,   2,   4,   6,   7,   8,   9,  10,  22,  23,  24,  25,  28,  29,  32,
     34,  35,  36,  37,  38,  39,  42,  46,  48,  58,  60,  61,  62,  63,  72,  73,
     74,  75,  79,  81,  82,  87,  88, 110, 137, 138, 141, 167, 168, 169, 170, 171,
    172, 173, 174, 175, 176, 186, 187,   1,   2,   4,   6,   7,   8,   9,  10,  22,
     23,  24,  25,  28,  29,  32,  34,  35,  36,  37,  38,  39,  42,  43,  46,  48,
     50,  53,  58,  60,  61,  62,  63,  67,  72,  73,  74,  75,  79,  81,  82,  87,
     88,  96,  99, 100, 109, 110, 123, 137, 138, 141, 167, 168, 169, 170, 171, 172,
    173, 174, 175, 176, 186, 187,   2,   4,   6,   7,   8,   9,  10,  22,  23,  24,
     25,  28,  29,  32,  34,  35,  36,  37,  38,  39,  42,  46,  48,  58,  60,  61,
     62,  63,  72,  73,  74,  75,  79,  81,  82,  87,  88,  98, 110, 137, 138, 141,
    167, 168, 169, 170, 171, 172, 173, 174, 175, 176, 186, 187,   1,   4,   6,   7,
      8,   9,  10,  22,  23,  24,  25,  28,  29,  32,  34,  35,  36,  37,  38,  39,
     42,  46,  48,  50,  53,  58,  60,  61,  62,  63,  72,  73,  74,  75,  79,  81,
     82,  87,  88, 109, 110, 123, 137, 138, 141, 167, 168, 169, 170, 171, 172, 173,
    174, 175, 176, 186, 187,   2,   6,   7,  24,  26,  27,  28,  30,  31,  32,  33,
     34,  35,  36,  37,  38,  39,  40,  42,  43,  48,  57,  58,  62,  64,  67,  75,
     82,  85,  86,  87,  88, 122, 124, 135, 136, 137, 138, 142, 143, 171, 172, 175,
    176, 186, 187,   2,   6,   7,  24,  26,  27,  28,  30,  31,  32,  33,  34,  35,
     36,  37,  38,  39,  40,  42,  43,  48,  57,  58,  64,  67,  73,  75,  82,  85,
     86,  87,  88, 122, 124, 135, 136, 137, 138, 142, 143, 171, 172, 175, 176, 186,
    187,   2,   6,   7,  24,  26,  27,  28,  30,  31,  32,  33,  34,  35,  36,  37,
     38,  39,  40,  42,  43,  48,  57,  58,  64,  67,  73,  75,  82,  85,  86,  87,
     88, 122, 124, 135, 136, 137, 138, 142, 143, 171, 172, 175, 176, 186, 187,   2,
      6,   7,  24,  26,  27,  28,  30,  31,  32,  33,  34,  35,  36,  37,  38,  39,
     40,  42,  43,  48,  57,  58,  64,  67,  73,  75,  82,  85,  86,  87,  88, 122,
    124, 135, 136, 137, 138, 142, 143, 171, 172, 175, 176, 186, 187,   2,   6,   7,
     24,  26,  27,  28,  30,  31,  32,  33,  34,  35,  36,  37,  38,  39,  40,  42,
     43,  48,  57,  58,  64,  67,  73,  75,  82,  85,  86,  87,  88, 122, 124, 135,
    136, 137, 138, 142, 143, 171, 172, 175, 176, 186, 187,   2,   6,   7,  24,  26,
     27,  28,  30,  31,  32,  33,  34,  35,  36,  37,  38,  39,  40,  42,  43,  48,
     57,  58,  64,  67,  73,  75,  82,  85,  86,  87,  88, 122, 124, 135, 136, 137,
    138, 142, 143, 171, 172, 175, 176, 186, 187,   0,   1,   2,   4,   7,   9,  11,
     12,  14,  15,  16,  17,  18,  19,  20,  21,  24,  25,  26,  28,  29,  32,  33,
     34,  35,  36,  37,  39,  40,  42,  43,  45,  46,  47,  48,  49,  51,  52,  54,
     55,  56,  57,  58,  59,  60,  61,  63,  64,  67,  72,  73,  74,  75,  79,  81,
     82,  87,  88,  89,  90,  91,  92,  93,  94,  95,  96,  97,  98,  99, 100, 101,
    102, 103, 104, 105, 106, 107, 108, 110, 111, 112, 113, 114, 115, 116, 117, 118,
    119, 120, 121, 125, 126, 127, 128, 129, 130, 131, 132, 133, 134, 135, 136, 137,
    138, 139, 140, 141, 142, 143, 144, 145, 146, 147, 148, 149, 150, 151, 152, 153,
    154, 155, 156, 157, 158, 159, 160, 161, 162, 163, 164, 165, 166, 167, 168, 169,
    170, 171, 172, 175, 176, 177, 186, 187,   1,   2,   4,   6,   7,   8,   9,  10,
     22,  23,  24,  25,  28,  29,  32,  34,  35,  36,  37,  39,  40,  42,  43,  48,
     52,  57,  58,  60,  61,  62,  63,  67,  72,  73,  74,  75,  79,  81,  87,  88,
    110, 129, 135, 136, 137, 138, 141, 167, 168, 169, 170, 171, 172, 173, 174, 175,
    176, 186, 187,   2,   6,   7,   9,  24,  26,  27,  28,  30,  31,  32,  33,  34,
     35,  36,  37,  38,  39,  40,  42,  46,  47,  48,  50,  67,  73,  74,  75,  79,
     81,  85,  86,  87,  88,  93,  94,  95, 101, 102, 103, 104, 105, 109, 112, 113,
    114, 115, 116, 117, 122, 123, 124, 132, 133, 137, 145, 147, 148, 151, 152, 159,
    160, 161, 162, 164, 165, 166, 170, 171, 172, 175, 176, 186, 187,   2,   6,   7,
      9,  24,  26,  27,  28,  30,  31,  32,  33,  34,  35,  36,  37,  38,  39,  40,
     42,  47,  48,  67,  73,  74,  75,  79,  81,  85,  86,  87,  88,  93,  94,  95,
    101, 102, 103, 104, 105, 112, 113, 114, 115, 116, 117, 122, 124, 132, 133, 137,
    145, 147, 148, 151, 152, 159, 160, 161, 162, 164, 165, 166, 170, 171, 172, 175,
    176, 186, 187,   2,   6,   7,   9,  24,  26,  27,  28,  30,  31,  32,  33,  34,
     35,  36,  37,  38,  39,  40,  42,  47,  48,  67,  73,  74,  75,  79,  81,  85,
     86,  87,  88,  93,  94,  95, 101, 102, 103, 104, 105, 112, 113, 114, 115, 116,
    117, 122, 124, 132, 133, 137, 145, 147, 148, 151, 152, 159, 160, 161, 162, 164,
    165, 166, 170, 171, 172, 175, 176, 186, 187,   0,   1,   2,   4,   6,   7,   8,
      9,  10,  24,  43,  46,  48,  50,  51,  52,  53,  54,  55,  56,  58,  60,  61,
     63,  67,  72,  74,  75,  82,  88,  96,  97,  98,  99, 109, 110, 123, 125, 126,
    127, 128, 129, 134, 138, 141, 143, 149, 150, 153, 154, 163, 167, 168, 169, 170,
    171, 172, 173, 174, 186, 187,   1,   2,   4,   6,   7,   8,   9,  10,  22,  23,
     24,  25,  28,  29,  32,  34,  35,  36,  37,  39,  42,  46,  48,  50,  53,  57,
     58,  60,  61,  62,  63,  72,  73,  74,  75,  79,  81,  82,  87,  88, 109, 110,
    123, 125, 135, 136, 137, 138, 141, 161, 167, 168, 169, 170, 171, 172, 173, 174,
    175, 176, 186, 187,   2,   6,   7,  24,  26,  27,  28,  30,  31,  32,  33,  34,
     35,  36,  37,  38,  39,  40,  42,  48,  57,  58,  64,  67,  73,  74,  75,  81,
     82,  85,  86,  87,  88, 122, 124, 135, 136, 137, 138, 142, 143, 171, 172, 175,
    176, 186, 187,   2,   6,   7,  24,  26,  27,  28,  30,  31,  32,  33,  34,  35,
     36,  37,  38,  39,  40,  42,  48,  57,  58,  64,  67,  73,  74,  75,  81,  82,
     85,  86,  87,  88, 122, 124, 135, 136, 137, 138, 142, 143, 171, 172, 175, 176,
    186, 187,   7,  26,  36,  37,  38,  39,  46,  48,  49,  51,  52,  54,  55,  56,
     58,  59,  60,  61,  63,  64,  88,  96,  97,  98,  99, 106, 107, 108, 110, 118,
    119, 120, 121, 123, 125, 126, 127, 128, 129, 134, 138, 139, 140, 141, 142, 143,
    144, 149, 150, 153, 154, 155, 156, 161, 163, 165, 167, 168, 169, 175, 186, 187,
      2,   6,   7,  24,  26,  27,  28,  30,  31,  32,  33,  34,  35,  36,  37,  38,
     39,  40,  42,  48,  52,  57,  58,  64,  67,  73,  74,  75,  81,  82,  85,  86,
     87,  88, 122, 124, 129, 135, 136, 137, 138, 142, 143, 171, 172, 175, 176, 186,
    187,   2,   6,   7,  24,  26,  27,  28,  30,  31,  32,  33,  34,  35,  36,  37,
     38,  39,  40,  42,  48,  57,  58,  64,  67,  73,  74,  75,  81,  82,  85,  86,
     87,  88, 122, 124, 135, 136, 137, 138, 142, 143, 171, 172, 175, 176, 186, 187,
      2,   4,   7,   9,  12,  16,  18,  25,  28,  32,  45,  46,  47,  48,  49,  50,
     51,  52,  53,  54,  55,  56,  57,  58,  59,  60,  61,  62,  63,  64,  74,  79,
     82,  87,  88,  89,  90,  91,  92,  93,  94,  95,  96,  97,  98,  99, 100, 101,
    102, 103, 104, 105, 106, 107, 108, 109, 110, 111, 112, 113, 114, 115, 116, 117,
    118, 119, 120, 121, 123, 125, 126, 127, 128, 129, 131, 132, 133, 134, 135, 136,
    138, 139, 140, 141, 142, 143, 144, 145, 146, 147, 148, 149, 150, 151, 152, 153,
    154, 155, 156, 157, 158, 159, 160, 161, 162, 163, 164, 165, 166, 167, 168, 169,
    170, 186, 187,   2,   4,   6,   7,   8,   9,  10,  22,  23,  24,  25,  28,  29,
     32,  34,  35,  36,  37,  38,  39,  42,  46,  48,  50,  53,  58,  60,  61,  62,
     63,  72,  73,  74,  75,  79,  81,  82,  87,  88, 109, 110, 123, 137, 138, 141,
    167, 168, 169, 170, 171, 172, 173, 174, 175, 176, 186, 187,   2,   4,   6,   7,
      8,   9,  10,  22,  23,  24,  25,  28,  29,  32,  34,  35,  36,  37,  38,  39,
     42,  46,  48,  50,  53,  58,  60,  61,  62,  63,  72,  73,  74,  75,  79,  81,
     82,  87,  88, 109, 110, 123, 137, 138, 141, 167, 168, 169, 170, 171, 172, 173,
    174, 175, 176, 186, 187,   2,   4,   6,   7,   8,   9,  10,  22,  23,  24,  25,
     28,  29,  32,  34,  35,  36,  37,  38,  39,  42,  43,  46,  48,  50,  53,  58,
     60,  61,  62,  63,  72,  73,  74,  75,  79,  81,  82,  87,  88, 109, 110, 123,
    137, 138, 141, 167, 168, 169, 170, 171, 172, 173, 174, 175, 176, 186, 187,   2,
      4,   7,   9,  12,  16,  18,  25,  28,  32,  45,  46,  47,  48,  49,  50,  51,
     52,  53,  54,  55,  56,  57,  58,  59,  60,  61,  62,  63,  64,  74,  79,  82,
     87,  88,  89,  90,  91,  92,  93,  94,  95,  96,  97,  98,  99, 100, 101, 102,
    103, 104, 105, 106, 107, 108, 109, 110, 111, 112, 113, 114, 115, 116, 117, 118,
    119, 120, 121, 123, 125, 126, 127, 128, 129, 131, 132, 133, 134, 135, 136, 138,
    139, 140, 141, 142, 143, 144, 145, 146, 147, 148, 149, 150, 151, 152, 153, 154,
    155, 156, 157, 158, 159, 160, 161, 162, 163, 164, 165, 166, 167, 168, 169, 170,
    186, 187,   2,   4,   6,   7,   8,   9,  10,  22,  23,  24,  25,  28,  29,  32,
     34,  35,  36,  37,  38,  39,  42,  46,  48,  52,  58,  60,  61,  62,  63,  72,
     73,  74,  75,  79,  81,  82,  87,  88, 110, 129, 137, 138, 141, 167, 168, 169,
    170, 171, 172, 173, 174, 175, 176, 186, 187,   2,   7,  27,  28,  30,  31,  32,
     33,  35,  40,  50,  52,  53,  63,  75,  82,  85,  86,  87, 109, 110, 122, 123,
    124, 129, 141, 149, 167, 168, 169, 171, 172,   0,   2,   7,   8,  10,  12,  13,
     14,  16,  19,  21,  22,  23,  24,  28,  29,  32,  33,  34,  35,  36,  37,  38,
     39,  40,  42,  46,  48,  50,  51,  52,  53,  54,  55,  56,  58,  59,  60,  61,
     63,  64,  72,  73,  74,  75,  81,  87,  88,  96,  97,  98,  99, 106, 107, 108,
    109, 110, 123, 125, 126, 127, 128, 129, 134, 137, 138, 139, 140, 141, 142, 143,
    149, 150, 153, 154, 155, 156, 163, 167, 168, 169, 171, 172, 173, 174, 175, 176,
    186, 187,   0,   1,   2,   4,   6,   7,   8,   9,  10,  24,  43,  46,  48,  50,
     51,  52,  53,  58,  60,  61,  62,  63,  67,  72,  74,  75,  88,  96,  97,  98,
     99, 109, 110, 114, 123, 125, 126, 127, 128, 129, 136, 138, 141, 143, 149, 150,
    163, 167, 168, 169, 170, 171, 172, 173, 174, 186, 187,   2,   4,   6,   7,   9,
     24,  48,  60,  61,  63,  64,  67,  74,  75,  88, 110, 131, 141, 142, 143, 167,
    168, 169, 170, 171, 172, 186, 187,   1,   2,   4,   6,   7,   8,   9,  10,  22,
     23,  24,  25,  28,  29,  32,  34,  35,  36,  37,  38,  39,  40,  42,  43,  48,
     58,  60,  61,  62,  63,  67,  72,  73,  74,  75,  79,  81,  87,  88, 110, 137,
    138, 141, 167, 168, 169, 170, 171, 172, 173, 174, 175, 176, 186, 187,   2,   4,
      7,  24,  48,  52,  75,  82,  88, 129, 171, 172, 186, 187,   2,   6,   7,  24,
     26,  27,  28,  30,  31,  32,  33,  34,  35,  36,  37,  38,  39,  40,  42,  43,
     48,  57,  58,  64,  67,  73,  75,  82,  85,  86,  87,  88, 122, 124, 135, 136,
    137, 138, 142, 143, 171, 172, 175, 176, 186, 187,   2,   6,   7,  24,  26,  27,
     28,  30,  31,  32,  33,  34,  35,  36,  37,  38,  39,  40,  42,  43,  48,  57,
     58,  64,  67,  73,  75,  82,  85,  86,  87,  88, 122, 124, 135, 136, 137, 138,
    142, 143, 171, 172, 175, 176, 186, 187,   2,   6,   7,  24,  26,  27,  28,  30,
     31,  32,  33,  34,  35,  36,  37,  38,  39,  40,  42,  46,  48,  50,  57,  58,
     64,  67,  73,  75,  82,  85,  86,  87,  88, 109, 122, 123, 124, 135, 136, 137,
    138, 142, 143, 171, 172, 175, 176, 186, 187,   2,   4,   6,   7,   9,  24,  26,
     27,  28,  30,  31,  32,  33,  34,  35,  36,  37,  38,  39,  40,  42,  46,  48,
     50,  54,  55,  56,  57,  58,  63,  64,  67,  73,  74,  75,  79,  81,  85,  86,
     87,  88, 109, 110, 122, 123, 124, 131, 134, 135, 136, 137, 138, 141, 142, 143,
    153, 154, 167, 168, 169, 170, 171, 172, 175, 176, 177, 186, 187,   2,   4,   6,
      7,   9,  24,  26,  27,  28,  30,  31,  32,  33,  34,  35,  36,  37,  38,  39,
     40,  42,  48,  54,  55,  56,  57,  58,  63,  64,  67,  73,  74,  75,  79,  81,
     85,  86,  87,  88, 110, 122, 124, 131, 134, 135, 136, 137, 138, 141, 142, 143,
    153, 154, 167, 168, 169, 170, 171, 172, 175, 176, 177, 186, 187,   2,   4,   6,
      7,   9,  24,  26,  27,  28,  30,  31,  32,  33,  34,  35,  36,  37,  38,  39,
     40,  42,  48,  52,  54,  55,  56,  57,  58,  63,  64,  67,  73,  74,  75,  79,
     81,  85,  86,  87,  88, 110, 122, 124, 129, 131, 134, 135, 136, 137, 138, 141,
    142, 143, 153, 154, 167, 168, 169, 170, 171, 172, 175, 176, 177, 186, 187,   2,
      4,   6,   7,   9,  24,  26,  27,  28,  30,  31,  32,  33,  34,  35,  36,  37,
     38,  39,  40,  42,  48,  54,  55,  56,  57,  58,  63,  64,  67,  73,  74,  75,
     79,  81,  85,  86,  87,  88, 110, 122, 124, 131, 134, 135, 136, 137, 138, 141,
    142, 143, 153, 154, 167, 168, 169, 170, 171, 172, 175, 176, 177, 186, 187,   2,
      6,   7,   9,  24,  26,  27,  31,  34,  35,  36,  37,  38,  39,  40,  42,  52,
     60,  61,  74,  75,  79,  81,  85,  86, 122, 124, 129, 131, 137, 170, 171, 172,
    175, 177, 181,   1,   2,   6,   7,   9,  24,  26,  27,  31,  34,  35,  36,  37,
     38,  39,  40,  42,  43,  46,  48,  50,  51,  52,  53,  58,  60,  61,  67,  74,
     75,  79,  81,  85,  86,  88,  96,  97,  98,  99, 109, 114, 117, 122, 123, 124,
    125, 126, 127, 128, 129, 131, 136, 137, 138, 143, 149, 150, 163, 170, 171, 172,
    175, 177, 181, 186, 187,   0,   1,   2,   4,   7,   8,   9,  10,  11,  13,  16,
     18,  22,  23,  24,  26,  28,  29,  32,  38,  45,  46,  47,  48,  49,  50,  51,
     52,  54,  55,  56,  57,  58,  59,  60,  61,  62,  63,  64,  72,  73,  74,  79,
     82,  84,  87,  88,  89,  90,  91,  92,  93,  94,  95,  96,  97,  98,  99, 100,
    101, 102, 103, 104, 105, 106, 107, 108, 109, 110, 111, 112, 113, 114, 115, 116,
    117, 118, 119, 120, 121, 123, 125, 126, 127, 128, 129, 132, 133, 134, 135, 136,
    138, 139, 140, 141, 142, 143, 144, 145, 146, 147, 148, 149, 150, 151, 152, 153,
    154, 155, 156, 157, 158, 159, 160, 161, 162, 163, 164, 165, 166, 167, 168, 169,
    170, 171, 172, 173, 174, 177, 181, 186, 187,   1,   2,   4,   6,   7,   8,   9,
     10,  22,  23,  24,  25,  28,  29,  32,  34,  35,  36,  37,  39,  40,  42,  43,
     48,  57,  60,  62,  63,  67,  72,  73,  74,  75,  79,  81,  82,  87,  88, 110,
    135, 136, 137, 141, 167, 168, 169, 170, 171, 172, 173, 174, 175, 176, 186, 187,
      1,   2,   4,   6,   7,   8,   9,  10,  22,  23,  24,  25,  28,  29,  32,  34,
     35,  36,  37,  39,  40,  42,  43,  48,  49,  52,  57,  60,  62,  63,  67,  72,
     73,  74,  75,  79,  81,  82,  87,  88, 110, 118, 119, 120, 121, 129, 135, 136,
    137, 141, 144, 167, 168, 169, 170, 171, 172, 173, 174, 175, 176, 186, 187,   0,
      2,   4,   6,   7,   9,  24,  25,  26,  27,  28,  29,  30,  31,  32,  33,  34,
     35,  36,  37,  38,  39,  40,  42,  47,  48,  49,  52,  54,  55,  56,  58,  59,
     60,  61,  62,  63,  64,  67,  73,  74,  75,  79,  81,  82,  85,  86,  87,  88,
     93,  94,  95, 101, 102, 103, 104, 105, 106, 107, 108, 110, 112, 113, 114, 115,
    116, 117, 118, 119, 120, 121, 122, 124, 129, 131, 132, 133, 134, 137, 138, 139,
    140, 141, 142, 143, 144, 145, 147, 148, 151, 152, 153, 154, 155, 156, 159, 160,
    161, 162, 164, 165, 166, 167, 168, 169, 170, 171, 172, 173, 174, 175, 176, 177,
    186, 187,   7,   8,  10,  24,  26,  29,  30,  31,  34,  35,  36,  37,  38,  39,
     40,  48,  82,  88, 137, 173, 174, 186, 187,   6,  24,  82, 171,   0,   1,   2,
      4,   6,   7,   8,   9,  10,  22,  23,  24,  26,  27,  29,  31,  34,  35,  36,
     37,  38,  39,  40,  43,  45,  46,  47,  48,  49,  50,  51,  52,  53,  54,  55,
     56,  57,  58,  59,  60,  61,  62,  63,  64,  67,  74,  82,  85,  86,  88,  89,
     90,  91,  92,  93,  94,  95,  96,  97,  98,  99, 101, 102, 103, 104, 105, 106,
    107, 108, 109, 110, 111, 112, 113, 114, 115, 116, 117, 118, 119, 120, 121, 122,
    123, 124, 125, 126, 127, 128, 129, 132, 133, 134, 135, 136, 137, 138, 139, 140,
    141, 142, 143, 144, 145, 146, 147, 148, 149, 150, 151, 152, 153, 154, 155, 156,
    157, 158, 159, 160, 161, 162, 163, 164, 165, 166, 167, 168, 169, 170, 171, 172,
    173, 174, 186, 187,   1,   2,   7,   9,  24,  46,  48,  50,  53,  58,  63,  72,
     74,  75,  88, 109, 110, 123, 138, 141, 167, 168, 169, 170, 171, 172, 186, 187,
      2,   6,   7,  24,  26,  27,  28,  30,  31,  32,  33,  34,  35,  36,  37,  38,
     39,  40,  42,  43,  48,  52,  57,  58,  64,  67,  73,  75,  82,  85,  86,  87,
     88, 122, 124, 129, 135, 136, 137, 138, 142, 143, 171, 172, 175, 176, 186, 187,
      2,   6,   7,  24,  26,  27,  28,  30,  31,  32,  33,  34,  35,  36,  37,  38,
     39,  40,  42,  43,  48,  57,  58,  64,  67,  73,  75,  82,  85,  86,  87,  88,
    122, 124, 135, 136, 137, 138, 142, 143, 171, 172, 175, 176, 186, 187,   2,   6,
      7,  24,  26,  27,  28,  30,  31,  32,  33,  34,  35,  36,  37,  38,  39,  40,
     42,  48,  57,  58,  64,  67,  73,  74,  75,  81,  82,  85,  86,  87,  88, 122,
    124, 135, 136, 137, 138, 142, 143, 171, 172, 175, 176, 186, 187,   2,   4,   6,
      7,   8,   9,  10,  22,  23,  24,  25,  28,  29,  32,  34,  35,  36,  37,  38,
     39,  42,  46,  48,  58,  60,  61,  62,  63,  72,  73,  74,  75,  79,  81,  82,
     87,  88, 110, 137, 138, 141, 167, 168, 169, 170, 171, 172, 173, 174, 175, 176,
    186, 187,   2,   4,   6,   7,   8,   9,  10,  22,  23,  24,  25,  28,  29,  32,
     34,  35,  36,  37,  38,  39,  42,  46,  48,  58,  60,  61,  62,  63,  72,  73,
     74,  75,  79,  81,  82,  87,  88, 110, 137, 138, 141, 167, 168, 169, 170, 171,
    172, 173, 174, 175, 176, 186, 187,   2,   6,   7,  24,  26,  27,  28,  30,  31,
     32,  33,  34,  35,  36,  37,  38,  39,  40,  42,  43,  48,  57,  58,  64,  67,
     73,  75,  82,  85,  86,  87,  88, 122, 124, 135, 136, 137, 138, 142, 143, 171,
    172, 175, 176, 186, 187,   2,   4,   6,   7,   9,  24,  26,  27,  28,  30,  31,
     32,  33,  34,  35,  36,  37,  38,  39,  40,  42,  48,  52,  54,  55,  56,  57,
     58,  63,  64,  67,  73,  74,  75,  79,  81,  85,  86,  87,  88, 110, 122, 124,
    129, 131, 134, 135, 136, 137, 138, 141, 142, 143, 153, 154, 167, 168, 169, 170,
    171, 172, 175, 176, 177, 186, 187,   1,   2,   4,   6,   7,   8,   9,  10,  22,
     23,  24,  25,  28,  29,  32,  34,  35,  36,  37,  39,  40,  42,  43,  46,  48,
     50,  53,  57,  58,  60,  61,  62,  63,  67,  72,  73,  74,  75,  79,  81,  82,
     87,  88, 109, 110, 123, 135, 136, 137, 138, 141, 167, 168, 169, 170, 171, 172,
    173, 174, 175, 176, 186, 187,   1,   2,   4,   6,   7,   8,   9,  10,  22,  23,
     24,  25,  28,  29,  32,  34,  35,  36,  37,  39,  40,  42,  43,  46,  48,  50,
     53,  57,  58,  60,  61,  62,  63,  67,  72,  73,  74,  75,  79,  81,  82,  87,
     88, 109, 110, 123, 135, 136, 137, 138, 141, 167, 168, 169, 170, 171, 172, 173,
    174, 175, 176, 186, 187,   2,   6,   7,  24,  26,  27,  28,  30,  31,  32,  33,
     34,  35,  36,  37,  38,  39,  40,  42,  48,  52,  57,  58,  64,  67,  73,  74,
     75,  81,  82,  85,  86,  87,  88, 122, 124, 129, 135, 136, 137, 138, 142, 143,
    171, 172, 175, 176, 186, 187,   2,   6,   7,  24,  26,  27,  28,  30,  31,  32,
     33,  34,  35,  36,  37,  38,  39,  40,  42,  48,  57,  58,  64,  67,  73,  74,
     75,  81,  82,  85,  86,  87,  88, 122, 124, 135, 136, 137, 138, 142, 143, 171,
    172, 175, 176, 186, 187,   1,   2,   6,   7,  26,  27,  28,  30,  31,  32,  33,
     34,  35,  36,  37,  38,  39,  40,  42,  43,  46,  48,  50,  53,  57,  58,  64,
     67,  73,  74,  75,  81,  82,  85,  86,  87,  88, 109, 122, 123, 124, 135, 136,
    137, 138, 142, 143, 171, 172, 175, 176, 186, 187,   1,   2,   6,   7,  24,  26,
     27,  28,  30,  31,  32,  33,  34,  35,  36,  37,  38,  39,  40,  42,  43,  46,
     48,  50,  53,  57,  58,  64,  67,  73,  74,  81,  82,  85,  86,  87,  88, 109,
    122, 123, 124, 135, 136, 137, 138, 142, 143, 171, 172, 175, 176, 186, 187,   2,
      6,   7,  24,  26,  27,  28,  30,  31,  32,  33,  34,  35,  36,  37,  38,  39,
     40,  42,  48,  57,  58,  64,  67,  73,  74,  75,  81,  82,  85,  86,  87,  88,
    122, 124, 135, 136, 137, 138, 142, 143, 171, 172, 175, 176, 186, 187,   2,   6,
      7,  24,  26,  27,  28,  30,  31,  32,  33,  34,  35,  36,  37,  38,  39,  40,
     42,  48,  52,  57,  58,  64,  67,  73,  74,  75,  81,  82,  85,  86,  87,  88,
    122, 124, 129, 135, 136, 137, 138, 142, 143, 171, 172, 175, 176, 186, 187,   2,
      4,   6,   7,   8,   9,  10,  22,  23,  24,  25,  28,  29,  32,  34,  35,  36,
     37,  38,  39,  42,  46,  48,  58,  60,  61,  62,  63,  72,  73,  74,  75,  79,
     81,  82,  87,  88, 110, 137, 138, 141, 167, 168, 169, 170, 171, 172, 173, 174,
    175, 176, 186, 187,   2,   4,   7,   9,  12,  16,  18,  25,  28,  32,  45,  46,
     47,  48,  49,  50,  51,  52,  53,  54,  55,  56,  57,  58,  59,  60,  61,  62,
     63,  64,  74,  79,  82,  87,  88,  89,  90,  91,  92,  93,  94,  95,  96,  97,
     98,  99, 100, 101, 102, 103, 104, 105, 106, 107, 108, 109, 110, 111, 112, 113,
    114, 115, 116, 117, 118, 119, 120, 121, 123, 125, 126, 127, 128, 129, 131, 132,
    133, 134, 135, 136, 138, 139, 140, 141, 142, 143, 144, 145, 146, 147, 148, 149,
    150, 151, 152, 153, 154, 155, 156, 157, 158, 159, 160, 161, 162, 163, 164, 165,
    166, 167, 168, 169, 170, 186, 187,   2,   4,   6,   7,   8,   9,  10,  22,  23,
     24,  25,  28,  29,  32,  34,  35,  36,  37,  38,  39,  42,  46,  48,  52,  58,
     60,  61,  62,  63,  72,  73,  74,  75,  79,  81,  82,  87,  88, 110, 129, 137,
    138, 141, 167, 168, 169, 170, 171, 172, 173, 174, 175, 176, 186, 187,   2,   6,
      7,  24,  26,  27,  28,  30,  31,  32,  33,  34,  35,  36,  37,  38,  39,  40,
     42,  43,  46,  48,  50,  53,  57,  58,  64,  67,  73,  75,  82,  85,  86,  87,
     88, 109, 122, 123, 124, 135, 136, 137, 138, 142, 143, 171, 172, 175, 176, 186,
    187,   1,   2,   6,   7,  24,  26,  27,  28,  30,  31,  32,  33,  34,  35,  36,
     37,  38,  39,  40,  42,  43,  46,  48,  50,  53,  57,  58,  64,  67,  73,  75,
     82,  85,  86,  87,  88, 109, 122, 123, 124, 135, 136, 137, 138, 142, 143, 171,
    172, 175, 176, 186, 187,   0,   1,   2,   4,   6,   7,   8,   9,  10,  22,  23,
     24,  26,  27,  29,  31,  34,  35,  36,  37,  38,  39,  40,  43,  45,  46,  47,
     48,  49,  50,  51,  52,  53,  54,  55,  56,  57,  58,  59,  60,  61,  62,  63,
     64,  67,  74,  82,  85,  86,  88,  89,  90,  91,  92,  93,  94,  95,  96,  97,
     98,  99, 101, 102, 103, 104, 105, 106, 107, 108, 109, 110, 111, 112, 113, 114,
    115, 116, 117, 118, 119, 120, 121, 122, 123, 124, 125, 126, 127, 128, 129, 132,
    133, 134, 135, 136, 137, 138, 139, 140, 141, 142, 143, 144, 145, 146, 147, 148,
    149, 150, 151, 152, 153, 154, 155, 156, 157, 158, 159, 160, 161, 162, 163, 164,
    165, 166, 167, 168, 169, 170, 171, 172, 173, 174, 186, 187,   0,   2,   6,   7,
      8,  23,  24,  26,  27,  30,  31,  33,  34,  35,  36,  37,  38,  39,  40,  42,
     43,  52,  67,  75,  82,  85,  86, 122, 124, 129, 137, 171, 172, 173, 174, 175,
    176, 177,   2,   6,   7,   8,  10,  13,  14,  15,  17,  19,  21,  22,  23,  26,
     27,  28,  29,  30,  31,  32,  34,  35,  36,  37,  38,  39,  40,  41,  43,  48,
     51,  52,  54,  55,  56,  57,  58,  59,  60,  61,  62,  64,  67,  82,  84,  85,
     86,  87,  88,  96,  97,  98,  99, 106, 107, 108, 122, 124, 125, 126, 127, 128,
    129, 134, 135, 136, 137, 138, 139, 140, 142, 143, 149, 150, 153, 154, 155, 156,
    163, 171, 172, 173, 174, 178, 186, 187,   2,   6,   7,   8,  10,  13,  14,  15,
     17,  19,  21,  22,  23,  26,  27,  28,  29,  30,  31,  32,  34,  35,  36,  37,
     38,  39,  40,  41,  43,  48,  51,  52,  54,  55,  56,  57,  58,  59,  60,  61,
     62,  64,  67,  82,  84,  85,  86,  87,  88,  96,  97,  98,  99, 106, 107, 108,
    122, 124, 125, 126, 127, 128, 129, 134, 135, 136, 137, 138, 139, 140, 142, 143,
    149, 150, 153, 154, 155, 156, 163, 171, 172, 173, 174, 178, 186, 187,   0,   4,
      7,   8,   9,  10,  16,  19,  21,  26,  29,  34,  35,  36,  37,  38,  39,  43,
     45,  46,  47,  48,  49,  50,  51,  52,  53,  54,  55,  56,  57,  58,  59,  60,
     61,  62,  64,  65,  68,  74,  82,  83,  84,  88,  89,  90,  91,  92,  93,  94,
     95,  96,  97,  98,  99, 101, 102, 103, 104, 105, 106, 107, 108, 109, 111, 112,
    113, 114, 115, 116, 117, 118, 119, 120, 121, 123, 125, 126, 127, 128, 129, 131,
    132, 133, 134, 135, 137, 138, 139, 140, 142, 143, 144, 145, 146, 147, 148, 149,
    150, 151, 152, 153, 154, 155, 156, 157, 158, 159, 160, 161, 162, 163, 164, 165,
    166, 170, 173, 174, 186, 187,   0,   4,   8,   9,  10,  13,  14,  16,  19,  21,
     22,  23,  26,  29,  30,  34,  36,  37,  38,  39,  40,  45,  46,  47,  48,  49,
     50,  51,  52,  53,  54,  55,  56,  57,  58,  59,  60,  61,  62,  63,  64,  65,
     68,  74,  77,  80,  82,  83,  84,  88,  89,  90,  91,  92,  93,  94,  95,  96,
     97,  98,  99, 100, 101, 102, 103, 104, 105, 106, 107, 108, 109, 110, 111, 112,
    113, 114, 115, 116, 117, 118, 119, 120, 121, 122, 123, 125, 126, 127, 128, 129,
    130, 131, 132, 133, 134, 135, 136, 137, 138, 139, 140, 141, 142, 143, 144, 145,
    146, 147, 148, 149, 151, 152, 153, 154, 155, 156, 157, 158, 159, 160, 161, 162,
    163, 164, 165, 166, 167, 168, 169, 170, 171, 173, 174, 186, 187,   0,   2,   4,
      5,   6,   7,   9,  12,  13,  14,  15,  16,  17,  18,  19,  20,  21,  24,  25,
     26,  28,  29,  32,  33,  34,  35,  36,  37,  38,  39,  40,  42,  45,  46,  47,
     48,  49,  51,  52,  54,  55,  56,  58,  59,  60,  61,  62,  63,  64,  65,  66,
     67,  68,  72,  74,  75,  79,  84,  87,  88,  89,  90,  91,  92,  93,  94,  95,
     96,  97,  98,  99, 100, 101, 102, 103, 104, 105, 106, 107, 108, 110, 111, 112,
    113, 114, 115, 116, 117, 118, 119, 120, 121, 125, 126, 127, 128, 129, 131, 132,
    133, 134, 137, 138, 139, 140, 141, 142, 143, 144, 145, 146, 147, 148, 149, 150,
    151, 152, 153, 154, 155, 156, 157, 158, 159, 160, 161, 162, 163, 164, 165, 166,
    167, 168, 169, 170, 171, 172, 178, 186, 187,   0,   2,   4,   5,   6,   7,   9,
     12,  13,  14,  15,  16,  17,  18,  19,  20,  21,  24,  25,  26,  28,  29,  32,
     33,  34,  35,  36,  37,  38,  39,  40,  42,  45,  46,  47,  48,  49,  51,  52,
     54,  55,  56,  58,  59,  60,  61,  62,  63,  64,  65,  66,  67,  68,  72,  74,
     75,  79,  84,  87,  89,  90,  91,  92,  93,  94,  95,  96,  97,  98,  99, 100,
    101, 102, 103, 104, 105, 106, 107, 108, 110, 111, 112, 113, 114, 115, 116, 117,
    118, 119, 120, 121, 125, 126, 127, 128, 129, 131, 132, 133, 134, 137, 138, 139,
    140, 141, 142, 143, 144, 145, 146, 147, 148, 149, 150, 151, 152, 153, 154, 155,
    156, 157, 158, 159, 160, 161, 162, 163, 164, 165, 166, 167, 168, 169, 170, 171,
    172, 178, 186, 187,  48,  58,  67,  88, 138, 186, 187,   6,  48,  58,  67,  88,
    138, 186, 187,  26,  33,  34,  36,  37,  38,  39,  40,  48,  57,  58,  60,  61,
     62,  63,  64,  88, 110, 135, 136, 137, 138, 141, 142, 143, 167, 168, 169, 186,
    187,   0,   1,   2,   4,   5,   6,   7,   8,   9,  10,  13,  16,  18,  19,  22,
     23,  24,  43,  65,  67,  68,  74,  82,  83, 170, 172, 173, 174,  19,  21,  46,
     48,  50,  51,  52,  58,  59,  88,  96,  97,  98,  99, 106, 107, 108, 109, 123,
    125, 126, 127, 128, 129, 138, 139, 140, 149, 150, 155, 156, 163, 186, 187,  34,
     40,  48,  51,  52,  58,  61,  88,  96,  97,  98,  99, 125, 126, 127, 128, 129,
    137, 138, 149, 150, 163, 186, 187,  16,  16,  19,  16,  19,  21,  19,  21,   0,
      1,   2,   4,   6,   7,   8,   9,  10,  24,  25,  26,  27,  28,  29,  30,  31,
     32,  33,  34,  35,  36,  37,  38,  39,  40,  42,  43,  45,  47,  48,  51,  52,
     54,  55,  56,  58,  60,  61,  66,  67,  72,  73,  74,  75,  77,  78,  79,  80,
     81,  85,  86,  87,  88,  89,  90,  91,  92,  93,  94,  95,  96,  97,  98,  99,
    100, 101, 103, 104, 105, 106, 108, 110, 111, 112, 113, 114, 115, 116, 117, 118,
    119, 120, 121, 122, 123, 124, 125, 126, 127, 128, 129, 131, 132, 133, 134, 135,
    136, 137, 138, 139, 140, 141, 142, 143, 144, 145, 146, 147, 148, 149, 150, 151,
    152, 153, 154, 155, 156, 157, 158, 160, 161, 162, 163, 164, 165, 166, 167, 168,
    169, 170, 171, 172, 173, 174, 175, 176, 177, 180, 181, 186, 187,   2,   4,   6,
      7,   8,   9,  10,  22,  23,  24,  25,  28,  29,  32,  34,  35,  36,  37,  38,
     39,  42,  46,  48,  58,  60,  61,  62,  63,  72,  73,  74,  75,  79,  81,  82,
     87,  88, 110, 137, 138, 141, 167, 168, 169, 170, 171, 172, 173, 174, 175, 176,
    186, 187,
};

static const int8_t libron_16_bolditalicKernSparseValues[] = {
     -17,  -16,   -6,   -6,   -8,  -12,  -16,  -15,  -17,  -18,  -14,  -11,  -16,  -14,   -5,  -15,
     -14,   -8,   -4,  -15,  -14,   -8,  -33,   -8,    3,    1,   -8,   -8,   -8,  -17,  -17,  -12,
     -12,  -17,  -14,  -14,  -17,  -12,    1,    1,  -58,  -34,  -58,    3,  -14,    1,    1,  -37,
     -42,    1,    1,    3,   15,   10,    4,    9,    3,  -19,   25,  -10,    3,   -7,   18,   -1,
      13,   -2,   -2,   -2,   -3,    3,   -3,   -2,   -2,  -13,   -5,   -5,    2,   -3,  -29,    1,
      -2,  -46,  -48,    3,  -19,  -19,  -19,  -19,  -15,  -20,  -15,    6,   -1,    1,    8,  -19,
     -10,  -10,  -19,  -10,   -3,   -3,   -3,   36,  -19,  -19,  -10,  -17,  -19,  -19,  -18,  -13,
     -12,   -7,   -7,   27,    1,    2,   -1,    9,    6,  -10,  -10,   -2,   -2,    1,    3,   -3,
      -3,   -5,   -9,  -12,  -10,  -34,    2,  -20,   41,    1,  -10,  -10,    6,   -2,   -3,   -3,
     -31,  -19,  -10,  -20,   13,  -19,   -1,  -10,    3,  -10,  -34,  -58,  -58,    3,    3,  -19,
      -7,   -9,    5,    1,    3,    2,    1,  -12,  -11,  -29,  -20,    5,  -35,   12,   14,    2,
       2,    2,   11,    3,    4,   -1,   11,    1,    1,   12,   12,   12,   12,    1,   11,   11,
      11,    1,    1,   12,   12,   12,   12,   14,    2,  -12,   11,   11,    1,   12,   12,    2,
       2,   11,   11,   12,   -3,   -1,   -1,    3,  -13,  -14,    1,  -10,  -32,  -11,  -12,  -17,
     -15,   -4,   -6,  -14,   -8,  -13,    7,    5,    1,    4,  -16,   21,  -18,   26,   14,  -11,
      37,   10,  -16,  -16,  -16,  -11,   -3,  -17,  -13,  -13,   -7,  -13,  -14,   -9,  -13,  -20,
     -14,  -13,   26,  -16,  -16,  -16,  -16,  -16,  -18,  -18,   -5,  -11,  -11,   -8,  -18,  -18,
     -18,  -18,  -18,  -17,  -17,  -17,   15,  -13,  -16,  -18,  -18,  -18,  -18,  -18,  -18,    6,
     -11,  -11,   -8,  -11,   37,    3,  -18,  -18,  -16,  -11,   -9,   -3,  -17,  -17,  -13,  -14,
     -14,  -18,  -15,   -4,  -18,   27,  -11,  -11,  -18,   -6,  -16,  -15,  -17,  -11,  -16,  -18,
     -18,   10,  -18,  -11,  -18,    2,  -18,  -13,  -13,  -13,  -32,  -11,  -11,    1,   26,   26,
     -13,  -14,  -17,  -10,   -9,   -9,   -7,   -8,  -15,  -11,  -16,  -58,  -24,  -58,    1,    1,
      -6,   -1,    1,    1,   -2,   -2,   -1,  -33,  -10,  -46,  -13,  -11,    1,   -1,  -14,  -10,
     -20,  -17,    1,  -15,  -10,   -3,   12,   -3,   -1,   -1,   -1,   -1,   -1,   -1,   11,   -1,
      -6,   -1,  -16,   -3,  -15,   -6,  -45,  -50,  -10,  -10,   12,  -10,  -10,  -10,  -10,   -3,
      -1,   -3,   -1,   -1,    6,    3,   -1,   -3,   -3,   -3,   -3,   -3,   -1,   -1,   -1,  -10,
      -1,   -3,   -3,   -3,   -3,   -3,   -3,   -3,   -3,   -3,  -10,    6,  -10,    3,   -1,   -1,
      10,   -9,   -5,   -3,   -3,   -1,    4,   -1,    1,    3,   -1,   -1,   -1,   -1,   -3,   -3,
     -10,   -3,   -2,    4,   -3,   -3,   -1,   -1,   -1,   -1,  -10,  -10,   -3,   -3,   -1,   -2,
      -1,   -3,   -3,   -3,  -24,  -58,  -58,   12,   12,  -13,  -64,   -7,  -16,   -3,  -76,  -46,
     -19,   -4,   -4,   -1,   -3,   -1,  -18,  -30,   -6,  -22,  -34,  -17,    4,  -27,    3,  -26,
      -8, -101,  -28,  -54,  -81,    1, -106,   -3,  -44,    4,   -2,  -10,  -11,   10,   -5,  -22,
      11,  -26,  -26,  -26,  -23,  -26,  -25,  -24,    1, -100,  -13,  -15,   -4,   -3,  -25,  -14,
     -64,  -15,   14,  -44,   10,   -2,   -2,   -2,   -2,  -11,  -11,  -11,  -22,  -22,  -22,  -22,
     -10,  -11,  -11,  -11,  -11,  -22,  -26,  -26,  -26, -100,   -2,  -11,  -11,  -11,  -11,  -11,
     -11,   -5,   -5,   -5,   -5,  -22,  -22,  -22,  -22,   11,  -12,  -11,  -11,  -26, -100,  -23,
     -26,  -26, -100,  -13,  -13,   -5,  -22,   -2,  -11,  -11,  -22,  -22,  -11,  -11,  -26,  -26,
     -26,  -26,   -2,   -2,  -11,  -11,  -11,  -11,  -22,  -11,  -11,  -11, -100, -100, -100,  -46,
    -128, -128, -128,   10,   10,  -45,  -32,  -51,   -8,   -8,  -26,  -18,   -8,   -4,  -15,  -20,
     -13,  -13,  -18,  -17,   -4,  -14,  -16,  -17,   -1,  -49,  -14,  -42,  -30,  -30,  -55,  -19,
      -4,  -27,  -28,  -13,  -15,   -6,   -6,   -6,   -5,  -18,  -11,   -5,   -5,   -8,   -7,  -25,
     -19,  -23,  -17,  -17,   -1,  -28,  -13,  -13,  -13,  -13,  -11,  -11,  -11,  -17,  -17,  -13,
     -13,  -13,  -13,  -15,   -6,   -5,   -5,  -93,  -18,  -11,  -11,   -7,   -7,  -13,  -13,   -6,
      -6,  -11,  -11,  -13,  -49,  -43,   -8,   -8,  -44,  -28,  -28,  -13,  -64,   -7,  -16,   -3,
     -76,  -23,  -19,   -4,   -4,   -1,   -3,   -1,  -18,  -30,   -6,  -22,  -34,  -17,    2,  -27,
       1,  -26,   -8,  -51,  -28,  -54,  -40,    1,  -53,   -3,  -44,   -2,  -10,  -11,  -19,   -5,
     -22,  -19,  -26,  -26,  -26,  -23,  -26,  -25,  -24,    1,  -50,  -13,  -15,   -4,   -3,  -25,
     -14,  -64,  -15,    7,  -51,  -19,   -2,   -2,   -2,   -2,  -11,  -11,  -11,  -22,  -22,  -22,
     -22,  -10,  -11,  -11,  -11,  -11,  -11,  -26,  -26,  -26,  -50,   -2,  -11,  -11,  -11,  -11,
     -11,  -11,   -5,   -5,   -5,   -5,  -22,  -22,  -22,  -22,  -19,  -12,  -11,  -11,  -26, -100,
     -23,  -26,  -26,  -50,  -13,  -13,   -5,  -11,   -2,  -11,  -11,  -22,  -22,  -11,  -11,  -26,
     -26,  -26,  -26,   -2,   -2,  -11,  -11,  -11,  -11,  -22,  -11,  -11,  -11,  -50,  -50,  -50,
     -23,  -80,  -75,  -67,  -19,  -19,   -8,  -37,  -37,  -77,   -7,   -3,   -3,  -27,  -24,    4,
       3,    3,  -35,   18,  -32,  -16,   11,    7,   -3,   -3,   -3,  -31,   -7,   -3,   -3,  -16,
      -1,  -10,  -32,  -35,  -35,  -35,  -35,  -32,  -32,  -32,  -32,  -32,  -32,  -32,  -32,   -7,
      -7,   -7,   11,   -1,  -35,  -32,  -32,  -32,  -32,  -32,  -32,  -16,  -16,  -16,  -16,   11,
     -32,  -32,   -3,  -31,  -31,   -7,   -7,   -1,  -10,  -10,  -16,  -32,  -35,  -32,  -32,  -32,
     -32,   -3,   -3,   -7,   -7,  -35,  -35,  -32,  -32,  -32,  -32,  -32,  -32,  -32,   -1,   -1,
      -1,  -37,  -37,  -15,   -9,   -5,   -3,  -10,   -7,   -2,   -7,   -8,   -2,   -8,  -27,  -21,
     -10,  -30,   -2,  -11,  -10,  -20,   -4,   -7,   -7,   -7,   -7,   -2,  -12,   -3,  -14,  -16,
     -12,   -2,   -9,   -1,  -12,  -19,   -7,   -9,    4,  -16,  -15,   -3,  -14,  -15,  -20,  -18,
       1,  -19,   -4,   -7,  -23,   -9,  -10,  -12,   -9,  -15,  -14,  -16,  -10,  -11,  -12,   -3,
      -4,   -4,  -18,   -4,   -1,  -21,   -4,   -2,   -2,  -14,   -9,   -5,   -5,  -18,  -14,  -34,
     -26,  -34,   -3,  -13,  -28,   -3,  -18,   -5,  -18,  -14,  -16,  -16,   -6,   -3,  -15,  -13,
     -17,   -2,   -2,   -6,   -5,  -13,   -9,   -2,   -2,   -2,   -5,   -6,   -5,   -5,  -15,  -12,
     -29,  -24,   -3,  -30,   -3,  -11,   -6,   -6,  -25,  -13,   -5,   -5,   -5,   -5,   -5,  -15,
     -11,  -14,   -2,   -2,  -13,  -17,   -2,  -19,   -7,   -4,   -2,    3,  -10,   -5,   -1,   -1,
     -19,   -7,  -28,  -21,  -29,   -4,   -7,  -20,  -20,  -19,  -16,  -10,  -15,   -5,   -5,   -6,
      -6,   -2,   -1,   -3,   -5,   -3,   -3,   -2,   -3,   -2,   -4,   -1,   -5,   -4,   -1,   -5,
      -2,   -4,   -6,   -6,  -11,  -15,    1,    1,   -4,   -5,  -10,  -10,   -2,  -16,   -4,  -17,
     -14,   -3,  -17,  -17,  -15,  -16,  -15,  -11,    1,    1,  -14,   -5,    2,    9,  -32,  -24,
     -32,  -18,    9,  -11,   -2,   -3,    2,    1,  -30,  -28,   10,    7,    2,    8,   -6,    1,
     -20,  -24,    1,  -32,  -32,  -11,   -6,   -8,   -3,   -6,   -1,   -2,   -1,   -1,   -1,   -6,
      -9,  -22,  -18,   -3,  -22,   -1,  -20,   -1,   -6,  -15,   -7,   -8,   -8,   -3,   -1,   -1,
      -3,  -17,   -9,   -9,   -9,  -10,   -1,   -7,  -25,  -19,  -15,  -28,   -2,  -13,  -11,  -19,
      -9,   -9,   -9,   -9,   -1,   -8,   -8,   -3,   -3,  -12,  -12,   -5,   -2,   -1,   -2,  -11,
      -6,  -10,  -29,  -20,  -35,  -13,    1,    3,    8,   -6,   -1,   -6,    1,    3,    3,    3,
       3,    3,    3,    3,    3,    8,   -4,  -11,    3,    3,    3,  -12,   -3,   -2,   -2,    1,
       1,   -3,   -3,  -12,  -12,   -5,   -2,   -1,   -2,  -11,   -6,  -10,  -29,  -20,  -35,  -13,
      13,    3,   33,   -6,   -2,   -6,   13,    3,    3,    3,    3,    3,    3,    3,    3,   33,
      -4,  -11,    3,    3,    3,  -12,   -3,   -2,   -2,   13,   13,  -16,   -1,   -9,  -13,  -13,
      -2,  -26,  -26,  -17,   -2,   -2,   -6,   -7,   -4,   -5,   -7,   -5,   -8,  -31,  -23,  -11,
     -36,   -5,    2,    5,    6,    1,    1,    1,    3,    4,    7,    6,    1,   -9,   -7,   -7,
       2,    5,    5,    5,    5,    3,    3,    3,    6,   -7,   -7,    5,    5,    5,    5,    6,
       1,   -5,    3,    3,    6,    1,    1,    5,    5,    1,    1,    3,    3,    5,    6,    6,
       6,   -2,   -2,    2,    2,  -18,   -5,  -46,  -16,  -53,  -23,    3,  -27,   -4,  -11,  -19,
      -9,  -25,  -33,  -16,  -18,  -37,  -20,   -3,  -32,    2,  -30,  -14,  -50,  -31,  -50,  -36,
     -57,   -6,  -39,    4,   -9,  -16,  -17,  -29,   -8,  -13,  -16,  -18,  -18,  -18,   -6,  -23,
     -19,  -24,  -23,  -34,   -6,   -1,  -26,  -34,  -23,  -42,  -22,  -30,   -3,  -45,  -29,   -9,
      -9,   -9,   -9,  -17,  -17,  -17,  -13,  -13,  -13,  -13,  -15,  -17,  -17,  -17,  -17,  -25,
     -19,  -19,  -19,  -34,   -9,  -17,  -17,  -17,  -17,  -17,  -17,   -8,   -8,   -8,   -8,  -13,
     -13,  -13,  -13,  -16,   -7,  -12,  -17,  -17,  -18,   -6,   -6,  -50,  -23,  -19,  -19,  -34,
      -6,   -6,   -8,  -25,   -9,  -17,  -17,  -13,  -13,  -17,  -17,  -18,  -18,  -19,  -19,   -9,
      -9,  -17,  -17,  -17,  -17,  -13,  -17,  -17,  -17,  -34,  -34,  -34,  -23,  -49,  -52,  -50,
     -44,  -14,  -29,  -29,  -11,   -8,   -7,   -3,  -14,   -8,   -2,   -1,   -2,   -6,   -5,  -22,
     -15,   -9,  -24,   -3,   -5,   -1,   -2,   -3,   -3,   -1,   -1,   -1,   -1,   -1,   -1,   -1,
      -2,   -2,   -1,   -3,   -7,   -6,   -8,   -2,   -2,   -3,   -2,   -2,   -2,   -1,   -1,   -1,
      -1,   -1,   -2,   -2,   -2,   -2,   -2,   -2,   -2,   -2,   -3,   -2,   -2,   -2,   -2,   -2,
      -2,   -3,   -3,   -3,   -3,   -2,   -2,   -1,   -1,   -1,   -1,   -1,   -1,   -2,   -2,   -1,
      -1,   -1,   -6,   -1,   -2,   -2,   -3,   -7,   -7,   -3,   -2,   -2,   -2,   -1,   -1,   -2,
      -2,   -1,   -1,   -2,   -2,   -2,   -2,   -2,   -2,   -1,   -2,   -2,   -2,   -3,   -3,   -3,
      -1,   -8,   -1,   -3,   -3,   -4,   -5,    1,   -1,   -9,   -7,   -2,   -6,   -1,   -2,   -2,
      -3,   -4,   -2,   -3,   -2,   -2,   -2,   -2,   -1,   -3,   -4,   -4,   -2,   -3,   -3,   -3,
      -4,   -2,   -2,   -6,  -17,  -13,   -4,   -4,   -9,   -1,   -1,   -5,   -2,  -21,  -10,   -6,
      -9,   -6,   -6,   -4,   -5,  -29,  -19,  -30,  -37,   -6,   -6,  -14,   -1,   -2,   -2,   -2,
      -1,   -1,   -1,  -13,   -5,  -14,   -6,   -6,   -2,   -2,   -6,   -2,   -6,   -1,   -1,   -4,
      -1,   -1,   -1,   -3,   -4,   -4,  -11,   -2,   -2,   -1,   -2,   -7,   -5,   -2,   -1,    2,
      -2,   -2,   -4,   -3,   -4,   -4,   -4,   -1,   -6,   -3,   -3,   -7,   -8,   -2,   -4,   -4,
      -4,   -4,   -6,   -6,   -6,   -7,   -2,   -2,   -2,   -2,    1,   -4,   -4,   -4,   -4,   -3,
      -4,   -1,   -6,   -6,   -7,   -8,   -8,   -2,   -8,   -4,   -4,   -4,   -6,   -6,    5,   -4,
       4,   -7,   -7,   -7,   -1,   -2,   -2,  -15,    1,    3,  -14,    2,  -46,  -34,  -46,  -21,
       1,  -15,    1,    1,   -2,   -2,   11,  -31,   -3,  -31,   -1,   -3,   -1,    1,   -2,  -24,
      19,  -21,   -1,  -16,   12,   -3,   -3,    9,   -6,   -6,   -4,  -15,   -1,   -6,   -4,   -4,
     -18,   -7,  -14,    1,    1,  -21,    1,  -29,    1,   -3,  -45,   -3,   -1,  -24,  -24,  -24,
     -24,  -21,  -21,  -21,   -1,   -4,   -1,    1,   -3,  -21,  -21,  -21,  -21,  -21,   -6,   -6,
      -6,   12,   -6,  -24,  -21,  -21,  -21,  -21,  -21,  -21,  -15,  -16,  -16,  -16,   11,   -2,
      -3,   -3,   -5,    1,   -2,    4,  -21,  -21,   -6,   -8,  -10,    1,   -2,   -6,   -6,   -7,
     -14,  -14,  -16,  -21,  -24,  -13,  -21,   18,   -1,  -17,  -21,   -5,   -6,   -6,   -6,  -17,
     -24,  -21,  -21,   17,  -21,   -3,  -21,    9,  -21,   -7,   -7,   -7,  -34,    4,    1,  -46,
     -46,    1,    1,  -10,    1,    1,   -1,   -1,   -6,  -15,  -17,   -4,   -1,    1,   -9,   -6,
     -19,   -1,   -1,  -13,   -4,  -19,  -13,   -4,  -21,   -3,   -9,  -12,    1,    1,    1,    1,
       1,   -8,    1,    1,    1,    1,   -5,   -1,  -12,    1,    1,    1,    1,    1,    1,    1,
       1,    1,    1,    1,    1,    1,    1,  -13,   -8,    1,    1,    1,    1,    1,    1,    1,
       1,    1,    1,    1,    1,    1,  -13,  -14,  -15,  -12,  -12,  -12,    1,   -7,    2,  -17,
      -6,   -7,   -8,   -8,   -6,   -6,  -12,   14,  -13,  -14,  -10,    7,   -7,   -7,    6,  -11,
     -11,  -11,   -8,  -11,  -10,  -10,   -9,   -1,  -18,  -10,  -17,  -15,   -9,   -6,  -14,  -12,
     -12,  -12,  -12,  -13,  -13,  -13,  -12,  -14,   -7,   -7,   -8,  -13,  -13,  -13,  -13,  -13,
     -10,  -10,  -10,   15,  -18,  -12,  -13,  -13,  -13,  -13,  -13,  -13,  -10,  -10,  -10,  -10,
       9,   -7,   -7,   -7,  -14,   -7,   -1,  -13,  -13,  -11,  -15,  -15,  -11,  -10,  -10,  -18,
     -10,  -10,  -10,  -13,  -12,  -24,  -13,    3,   -7,  -26,  -13,  -22,  -11,  -10,  -10,  -12,
     -12,  -13,  -13,  -20,  -13,   -7,  -13,  -23,  -13,  -18,  -18,  -18,  -17,  -14,  -14,    1,
      -7,    2,  -17,   -6,   -7,   -8,   -8,   -6,   -6,  -12,   14,  -13,  -14,  -10,    7,   -7,
      -7,    6,  -11,  -11,  -11,   -8,  -11,  -10,  -10,   -9,   -1,  -18,  -10,  -17,  -15,   -9,
      -6,  -14,  -12,  -12,  -12,  -12,  -13,  -13,  -13,  -12,  -14,   -7,   -7,   -8,  -13,  -13,
     -13,  -13,  -13,  -10,  -10,  -10,   16,  -18,  -12,  -13,  -13,  -13,  -13,  -13,  -13,  -10,
     -10,  -10,  -10,    9,   -7,   -7,   -7,  -14,   -7,   -1,  -13,  -13,  -11,  -15,  -15,  -11,
     -10,  -10,  -18,  -10,  -10,  -10,  -13,  -12,  -24,  -13,    3,   -7,  -26,  -13,  -22,  -11,
     -10,  -10,  -12,  -12,  -13,  -13,  -20,  -13,   -7,  -13,  -23,  -13,  -18,  -18,  -18,  -17,
     -14,  -14,    1,    2,   -7,    7,  -14,  -13,  -14,   -4,   -2,   -3,   -3,   -4,   -4,    1,
      -4,  -15,   -2,  -11,   -1,  -14,   23,  -14,   -8,  -13,   16,   -2,   -2,   13,   -6,   -6,
      -6,  -16,   -7,   -5,   -6,   -5,  -10,  -11,  -15,  -14,  -11,  -16,  -18,   -1,   -8,  -14,
     -14,  -14,  -14,  -14,  -14,  -14,   -1,   -4,   -2,   -2,   -4,  -14,  -14,  -14,  -14,  -14,
      -5,   -5,   -5,   33,  -11,  -14,  -14,  -14,  -14,  -14,  -14,  -14,  -13,  -13,  -13,  -13,
      22,   -2,   -2,   -2,   -4,   -2,    5,  -14,  -14,   -6,  -33,  -31,  -17,   -5,   -5,  -11,
     -15,  -15,  -13,  -14,  -28,  -23,  -14,   18,   -2,  -27,  -14,  -11,   -6,   -5,   -5,  -14,
     -14,  -14,  -14,  -14,  -14,   -2,  -14,  -19,  -14,  -11,  -11,  -11,  -13,    1,  -14,  -14,
       2,   -8,   -8,  -13,    1,   -7,    2,  -30,    3,  -13,   -5,  -16,   -5,  -15,   -2,   -5,
      -5,   -2,  -13,   -6,  -33,  -30,   -5,   -5,   -2,  -13,   -5,  -14,    3,  -10,   15,  -22,
     -35,   -9,    8,  -13,  -15,    6,  -20,  -20,  -20,   -3,  -22,  -25,  -29,  -28,   -3,  -46,
      -6,  -12,   -3,  -24,   -5,  -29,   -1,    1,   -5,  -50,  -35,  -10,  -10,  -10,  -10,  -22,
     -22,  -22,  -25,  -26,  -13,  -13,  -13,  -22,  -22,  -22,  -22,  -36,  -25,  -25,  -25,   16,
     -46,  -10,  -22,  -22,  -22,  -22,  -22,  -22,   -9,   -9,   -9,   -9,   10,  -13,  -13,  -13,
     -26,  -15,   -3,   -3,  -22,  -22,  -20,   -3,   -3,   -5,  -50,  -25,  -25,  -46,   -6,   -6,
      -9,  -36,  -10,  -39,  -22,   -3,  -13,  -43,  -22,  -39,  -20,  -25,  -25,  -10,  -10,  -22,
     -22,  -33,  -22,  -13,  -22,  -38,  -22,  -92,  -46,  -46,  -30,   -5,   -5,  -25,  -35,  -35,
     -16,  -55,  -58,    6,    6,   -1,   -6,   -7,    1,  -28,  -18,    6,    6,  -34,   -4,    2,
      -3,   -1,  -53,  -10,  -46,  -32,   -2,  -57,   -3,  -22,  -16,  -10,   -1,  -12,  -12,  -12,
     -15,  -12,  -14,  -13,  -15,   -7,   -2,  -10,   11,  -36,   -7,   -3,  -16,  -10,  -10,  -10,
     -10,  -12,  -12,  -12,  -15,  -10,  -10,  -10,  -10,   -1,  -12, -102,  -15,  -12,  -12,  -15,
      -7,   -7,  -10,  -10,  -12,  -12,  -12,  -12,  -10,  -15,  -15,  -15,  -49,  -45,    6,    6,
     -48,  -47,  -16,  -16,   -8,   -1,  -16,   -9,   -7,  -10,   -4,   -1,   -4,   -2,   -9,   -9,
      -8,   -1,  -11,    4,  -13,  -19,   -9,   -9,  -10,  -11,  -11,  -11,   -6,  -16,  -11,  -12,
     -11,  -21,   -9,  -17,  -15,   -7,   -8,  -19,  -11,  -11,  -11,  -11,  -13,  -13,  -13,   -9,
      -9,   -9,   -9,  -10,  -13,  -13,  -13,  -13,  -13,  -11,  -11,  -11,    2,  -21,  -11,  -13,
     -13,  -13,  -13,  -13,  -13,   -9,   -9,   -9,   -9,   -9,   -9,   -9,   -9,  -10,   -3,  -13,
     -13,  -11,   -6,   -6,  -16,  -11,  -11,  -21,   -9,   -9,   -9,  -13,  -11,  -13,  -13,   -3,
      -9,  -13,  -13,  -11,  -11,  -11,  -11,  -11,  -11,  -13,  -13,  -12,  -13,   -9,  -13,  -13,
     -13,  -21,  -21,  -21,  -16,   -5,   -5,   -2,  -19,  -19,    1,   -7,    3,  -10,  -14,  -10,
      -4,   -5,   -6,   -3,   -6,   -7,   -5,   -3,   -4,   -3,  -11,   21,  -13,  -10,  -11,   14,
      -5,   -4,   10,   -9,   -9,   -9,  -14,   -9,   -7,   -7,   -7,   -9,  -14,  -16,  -15,  -12,
     -15,   -4,   -3,  -10,  -11,  -11,  -11,  -11,  -13,  -13,  -13,   -7,  -10,   -5,   -8,   -6,
     -13,  -13,  -13,  -13,  -13,   -7,   -7,   -7,   29,  -14,  -11,  -13,  -13,  -13,  -13,  -13,
     -13,  -11,  -11,  -11,  -11,   19,   -5,   -5,   -5,  -10,   -4,    3,  -13,  -13,   -9,  -29,
     -28,  -20,   -7,   -7,  -14,  -16,  -16,  -11,  -13,  -11,  -22,  -13,   12,   -5,  -25,  -13,
     -16,   -9,   -7,   -7,  -11,  -11,  -13,  -13,  -15,  -13,   -5,  -13,  -19,  -13,  -14,  -14,
     -14,  -14,  -10,  -10,  -10,  -10,   -8,  -17,  -14,   -4,   -4,   -9,   -1,   -1,   -4,   -1,
     -22,   -8,   -6,   -6,   -5,   -6,   -5,   -5,  -29,  -19,  -29,  -37,   -6,   -7,  -14,   -1,
      -2,   -2,   -2,   -2,   -1,  -12,   -5,  -11,   -6,   -6,   -2,   -2,   -6,   -2,   -6,   -2,
      -2,   -5,   -1,   -1,   -5,   -1,   -4,   -4,  -12,   -2,   -2,  -14,  -10,  -12,  -48,  -24,
     -48,  -16,   -2,    1,  -26,   -6,  -37,   -9,   -6,    1,  -15,  -13,  -32,  -11,   -8,   -7,
      -2,    1,   -1,    3,    3,    1,   -3,   -8,    1,    1,  -14,  -15,  -43,   -6,   -6,    1,
      -7,   -7,   -7,   -7,   -2,   -2,   -2,    3,    3,    3,    3,   -1,   -2,   -2,   -2,   -2,
      -2,   -7,   -1,   -2,   -2,   -2,   -2,   -2,   -1,   -1,   -1,   -1,   -6,    2,   -6,    3,
       3,    3,    3,    4,   -4,   -6,   -2,   -2,    1,    1,   -1,   -2,   -7,   -2,   -2,    3,
       3,   -2,   -2,   -7,   -7,   -2,   -2,   -2,   -2,    3,   -2,   -2,   -2,  -24,    2,    2,
     -48,  -48,    2,    1,    1,   -8,   -9,  -14,    1,   -4,   -9,   -1,   -1,   -4,   -1,    7,
     -22,   -8,   -6,   -6,   -5,   -6,   -5,   -5,  -29,  -19,  -29,  -37,   -6,   -7,   -4,   11,
      -1,   -2,   -2,    7,   -2,   -2,   -1,    1,   -3,   -5,  -11,   -6,   -6,   -2,   -2,   -6,
      -2,   -6,    7,   -2,   -2,   -5,   -1,   -1,   -5,   -1,   -2,   -2,  -12,   -2,   -2,   -3,
     -12,   -9,  -19,    1,  -21,    1,    3,   -9,   -9,   -9,  -11,   -6,   -5,  -20,   -8,   -6,
       3,   -6,   -9,  -10,  -26,  -18,   -1,  -25,  -11,   -3,   -9,   -3,   -1,   -1,   -3,   -3,
      -3,   -3,   -3,   -3,  -16,   -1,   -1,   -5,  -19,   -7,  -18,  -10,    1,  -11,   -3,   -3,
      -3,   -3,   -3,   -9,   -9,   -9,   -9,   -9,   -9,   -9,   -9,  -15,   -3,   -3,   -3,  -16,
      -3,   -9,   -9,   -9,   -9,   -9,   -9,   -1,   -1,   -1,   -1,   -1,   -7,   -9,   -9,   -3,
      -9,   -3,   -3,  -16,   -1,   -1,   -1,  -15,   -3,   -9,   -9,   -9,   -9,   -3,   -3,   -3,
      -3,   -3,   -3,   -9,   -9,   -9,   -9,   -9,   -9,   -9,  -16,  -16,  -16,  -21,   -9,  -13,
       1,    1,  -18,  -13,   -9,   -3,   -3,   -1,   -5,   -1,   -4,   -6,   -3,   -1,   -1,  -12,
      -7,   -3,   -5,   -3,   -2,   -3,   -4,   -2,   -2,   -2,   -1,   -3,   -1,   -2,   -7,   -1,
      -5,   -3,   -2,   -2,   -2,   -2,   -2,   -2,   -2,   -2,   -2,   -2,   -2,   -2,   -2,   -3,
      -3,   -3,   -2,   -2,   -2,   -2,   -2,   -2,   -2,   -4,   -4,   -4,   -4,   -2,   -2,   -2,
      -2,   -2,   -2,   -2,   -2,   -2,   -1,   -1,   -3,   -3,   -2,   -7,   -7,   -4,   -2,   -2,
      -2,   -2,   -2,   -2,   -2,   -3,   -3,   -2,   -2,   -2,   -2,   -2,   -2,   -2,   -2,   -2,
      -2,   -2,   -3,   -6,   -2,   -3,   -3,   -3,  -17,    1,    2,  -14,    2,  -43,  -37,  -43,
     -18,    1,  -13,   -1,   -2,   -2,    1,  -41,   -1,  -42,   -1,   -3,  -25,    7,  -18,   -1,
     -13,    3,   -3,   -1,   -9,   -9,   -9,  -12,   -1,  -10,   -9,   -9,  -13,   -9,  -11,    1,
       1,  -31,  -33,   -6,  -61,   -1,   -1,  -25,  -25,  -25,  -25,  -32,  -33,  -30,   -3,  -10,
      -4,   -1,   -4,  -18,  -35,  -35,  -35,  -18,  -10,  -10,  -10,    5,  -17,  -25,  -32,  -18,
     -34,  -34,  -34,  -34,  -23,  -23,  -13,  -13,    9,   -5,   -5,   -5,  -13,    1,  -18,  -18,
     -18,  -16,  -18,   -2,  -10,  -10,  -17,  -11,  -21,  -24,  -18,  -48,  -26,  -33,    5,   -4,
     -30,  -35,  -11,  -17,  -17,  -10,  -42,  -25,  -18,  -34,   -9,  -34,   -3,  -18,  -13,  -18,
     -17,   -9,  -18,  -37,    3,    1,  -43,  -43,  -17,    1,   -1,   -1,    1,    2,   -7,    4,
     -15,  -13,  -15,   -7,   -2,   -3,   -2,   -5,   -4,   -4,    1,   -6,  -18,   -2,  -11,   -1,
       1,    1,    1,  -15,   23,  -15,   -9,  -14,   17,   -2,   -2,   13,   -7,   -7,   -7,  -16,
      -7,   -5,   -6,   -6,  -11,  -12,  -16,  -14,  -11,  -17,  -21,   -1,   -9,  -15,  -15,  -15,
     -15,  -15,  -15,  -15,   -2,   -5,   -2,   -3,   -4,  -15,  -15,  -15,  -15,  -15,   -5,   -5,
      -5,   34,  -12,  -15,  -15,  -15,  -15,  -15,  -15,  -15,  -14,  -14,  -14,  -14,   23,   -2,
      -2,   -2,   -5,   -2,    5,  -15,  -15,   -7,  -33,  -31,  -17,   -5,   -5,  -12,  -16,  -16,
     -14,  -15,  -29,  -26,  -15,   17,   -2,  -29,  -15,  -12,   -7,   -5,   -5,  -15,  -15,  -15,
     -15,  -16,  -15,   -2,  -15,  -21,  -15,  -12,  -12,  -12,  -13,    1,  -15,  -15,   -9,   -9,
     -15,    2,    6,  -15,   16,  -40,  -35,  -40,  -26,   -8,   -1,   -2,   -3,  -23,   -6,  -14,
      -2,   -1,  -19,  -19,    7,  -15,  -43,   -8,  -36,   -8,   -4,    2,    3,  -35,   34,  -35,
     -13,  -32,   27,  -13,  -10,   23,  -26,  -26,  -26,  -33,  -14,  -26,  -23,  -22,  -34,  -32,
     -32,    1,   -1,  -35,  -31,  -31,  -62,   -8,  -13,  -34,  -35,  -35,  -35,  -27,  -35,  -31,
      -4,  -22,  -13,   -9,   -3,  -31,  -35,  -35,  -35,  -35,  -25,  -26,  -26,   27,  -30,  -35,
     -35,  -35,  -30,  -35,  -30,  -31,  -32,  -27,  -32,  -32,   14,  -12,  -13,   -8,  -25,  -10,
      -2,    9,  -35,  -34,  -23,  -32,  -23,  -21,  -26,  -26,  -32,  -32,  -26,  -28,  -35,  -29,
      -1,  -35,   30,  -13,  -11,  -35,   -3,  -26,  -18,  -26,  -27,  -35,  -35,  -35,    7,  -33,
     -14,  -35,   -4,  -34,  -27,  -32,  -32,  -35,    5,  -40,  -40,    5,    6,  -26,  -13,  -13,
     -10,    2,    6,  -12,   18,  -29,  -25,  -29,  -17,   -6,   -1,   -1,   -1,  -15,   -4,  -10,
      -2,   -1,  -13,  -13,    6,  -10,  -32,   -6,  -28,   -6,   -4,    1,    2,  -22,   33,  -23,
      -8,  -21,   26,   -7,   -6,   22,  -15,  -15,  -15,  -23,   -8,  -14,  -13,  -13,  -22,  -21,
     -23,    1,  -26,  -22,  -24,  -44,   -6,   -8,  -22,  -22,  -22,  -22,  -41,  -23,  -43,   -5,
     -19,  -14,   -8,   -3,  -45,  -23,  -23,  -23,  -23,  -14,  -14,  -14,   54,  -41,  -22,  -23,
     -23,  -44,  -23,  -45,  -45,  -21,  -41,  -21,  -21,   39,  -11,  -13,   -9,  -19,  -11,   -1,
       9,  -23,  -45,  -29,  -43,  -38,  -19,  -14,  -14,  -21,  -23,  -44,  -42,  -45,  -42,  -24,
     -23,   23,  -12,  -33,  -23,  -18,  -30,  -25,  -14,  -40,  -22,  -23,  -23,  -17,  -45,  -14,
     -23,  -24,  -23,  -39,  -21,  -42,  -25,    4,  -29,  -29,    5,    5,   -9,   -8,   -8,  -13,
      -5,   -6,   -1,  -31,    4,  -13,   -4,  -17,   -4,  -15,   -4,   -5,   -5,   -2,  -13,  -31,
     -28,   -5,   -5,   -1,   -6,   -5,   -1,    4,  -10,   14,  -21,  -34,   -9,    7,  -12,  -15,
       4,  -20,  -20,  -20,   -4,  -22,  -25,  -30,  -29,   -2,  -46,   -6,   -9,   -7,  -24,   -7,
     -29,   -5,  -18,  -34,  -10,  -10,  -10,  -10,  -21,  -21,  -21,  -10,  -13,  -12,  -12,  -14,
     -21,  -21,  -21,  -21,  -13,  -25,  -25,  -25,    7,  -46,  -10,  -21,  -21,  -21,  -21,  -21,
     -21,   -9,   -9,   -9,   -9,    3,  -12,  -12,  -12,  -13,  -15,   -3,   -3,  -21,  -21,  -20,
      -4,   -4,   -5,  -29,  -25,  -25,  -46,   -6,   -6,   -9,  -13,  -10,  -17,  -21,    8,  -12,
     -20,  -21,  -18,  -20,  -25,  -25,  -10,  -10,  -21,  -21,  -13,  -21,  -12,  -21,  -18,  -21,
     -45,  -46,  -46,  -31,   -8,   -5,   -7,   -6,  -17,  -34,  -34,  -15,    1,    3,  -22,   14,
     -43,  -50,  -43,  -27,  -16,   -2,   -3,   -6,  -37,  -12,  -26,   -6,   -3,  -28,  -28,    5,
     -25,  -52,  -16,  -41,  -15,   -7,   -1,   -1,    1,  -55,   31,  -53,  -26,  -46,   25,  -21,
     -19,   21,  -44,  -44,  -44,  -49,  -27,  -46,  -44,  -44,  -49,  -52,  -53,   -8,   -1,  -52,
     -47,   -1,  -41,  -69,  -15,  -26, -109,  -55,  -55,  -55,  -91,  -53,  -97,  -29,  -60,  -21,
     -34,   -3,  -97,  -53, -106, -103,  -53,  -90,  -46,  -46,   50, -101, -110,  -53,  -53,  -98,
     -53,  -98,  -98,  -46,  -83,  -46,  -46,   37,  -42,  -43,  -38,  -66,  -19,    8,  -53, -102,
     -85,  -98,  -83,  -64,  -46,  -91,  -52,  -53,  -98,  -84,  -53, -102,  -55, -105,    7,  -42,
     -66,  -53,  -49,  -44,  -81,  -46,  -96, -111, -105, -104,  -48,  -98,  -48, -106,  -59, -103,
     -96,  -52, -104,  -50,    3,  -43,  -43,    3,    4,  -41,  -53,  -26,   -3,   -3,    1,   -4,
      -3,   -2,   -2,   -2,   -8,   -3,   -1,   -2,   -8,   -2,   -6,   -3,  -11,   -7,   -3,   -5,
       4,   -3,  -11,   -5,  -11,   -1,  -13,  -13,  -13,   -3,  -12,  -13,  -13,  -11,  -13,  -13,
      -2,   -2,   -8,  -11,   -3,   -3,   -3,  -11,  -11,  -11,  -11,   -3,   -3,   -3,   -3,   -3,
      -3,  -13,  -13,  -13,  -13,   -3,   -3,   -3,   -3,   -3,   -3,   -5,   -5,   -5,   -5,   -2,
      -2,  -11,  -11,  -11,  -11,   -1,   -1,   -3,   -3,  -13,   -3,   -6,   -6,  -12,  -13,  -13,
     -13,  -13,  -13,   -5,   -3,   -3,   -3,  -14,  -11,   -3,   -3,  -26,  -13,  -13,  -13,   -3,
      -3,   -3,   -3,  -11,   -3,   -3,   -3,  -13,  -13,  -13,   -4,   -3,   -4,   -5,   -2,  -11,
     -11,   -5,    9,   -9,  -10,    9,   -1,  -28,   -1,  -13,  -11,  -10,  -10,   -6,   10,    6,
       1,    6,  -10,   25,  -13,   26,   18,   -1,   38,   14,  -11,  -11,  -11,   -1,   -7,   -3,
      -3,   -6,   -2,   -1,  -13,   -6,    2,   -6,   26,  -10,  -10,  -10,  -10,  -10,  -13,  -13,
       6,   -1,   -1,    3,    1,  -13,  -13,  -13,  -13,  -13,   -7,  -11,   -7,   19,   -6,  -10,
     -13,  -13,  -11,  -13,  -12,  -12,   10,   -1,   -1,    2,   -1,   38,    4,  -13,  -13,  -11,
       1,   -1,   -7,   -7,   -6,   -2,   -2,  -13,   -9,    5,  -13,   35,   -1,   -3,  -13,    2,
     -11,   -5,   -7,   -4,  -10,  -13,  -13,   31,  -13,   -1,  -13,   20,  -13,   -6,   -6,   -6,
     -28,    1,   -1,   -1,    1,   26,   26,  -14,  -16,   -3,    2,   -9,   -9,  -19,  -13,  -33,
     -22,    1,  -31,  -73,   -7,   -8,    3,   -9,   -9,   -9,   -9,   -9,   -4,   -3,   -7,    7,
      -9,   -7,   -8,   -8,   -8,   -8,   -9,   -9,   -9,   -7,   -8,   -8,   -8,   -8,    3,   -9,
     -19,   -9,   -9,   -9,   -7,   -8,   -8,   -9,   -9,   -9,   -9,   -8,   -7,   -7,   -7,   -7,
      -7,   -4,   -4,  -15,   10,    5,   51,   10,   65,   51,    4,   10,   10,   10,   10,   65,
      10,   51,   51,    3,  -29,   -3,   -3,  -34,   10,  -16,   10,    5,    5,  -27,   -7,   -9,
      15,   -8,  -30,  -14,  -46,  -25,  -49,   -1,  -27,   -1,  -13,    1,   -4,   -3,   -2,    5,
     -16,   -1,   -6,  -14,  -13,  -22,  -14,  -13,    1,   -8,  -13,  -16,    1,    1,  -30,   -4,
     -16,  -16,  -16,  -16,  -16,  -27,  -28,   10,   10,  -35,  -25,  -13,  -13,  -20,  -17,  -29,
     -23,  -10,  -12,   -3,  -11,  -13,   -3,   -2,  -23,  -15,  -39,  -25,  -20,  -61,  -15,  -31,
     -11,   -7,   -3,  -13,   -1,  -13,  -11,  -12,  -12,   -3,   -7,  -12,  -12,  -23,   -3,  -18,
     -14,  -23,  -11,   -7,   -7,  -13,   -7,  -19,   -4,  -19,   -2,   -6,   -3,   -3,   -6,   -3,
      -1,  -16,  -17,  -42,  -27,   -7,  -55,   -5,  -26,   -2,   -1,   -1,   -2,   -2,   -2,   -1,
      -3,   -6,   -6,   -3,   -1,   -2,   -2,   -2,   -2,   -2,   -2,   -2,   -2,   -2,   -2,   -2,
      -2,   -2,   -2,   -6,   -6,   -2,   -2,  -16,   -2,   -2,   -2,   -2,   -2,   -2,   -2,   -2,
      -2,   -2,   -2,   -2,   -4,   -9,   -7,  -21,   -6,   -1,   -1,    3,  -18,   -3,   -2,  -23,
      10,  -17,   10,    4,    4,  -21,   -7,   -9,   15,   -8,  -14,  -12,  -16,  -14,  -15,  -15,
     -12,    1,   -1,   -3,   -2,    2,  -16,   -1,  -13,  -13,  -17,  -15,  -12,    1,   -8,  -12,
     -16,    1,    1,  -14,   -1,  -16,    2,  -16,  -16,  -16,  -17,  -18,  -18,   10,   10,  -20,
     -18,  -12,  -12,  -15,  -12,  -22,  -21,   -5,   -9,   -3,   -6,   -9,   -3,   -3,  -19,  -17,
     -39,  -26,  -11,  -56,   -9,  -31,   -6,   -2,   -2,   -3,   -5,   -2,   -1,   -6,   -2,   -3,
      -9,   -9,   -3,   -6,   -9,   -9,   -2,   -2,  -19,   -2,   -3,   -3,  -13,   -8,  -21,   -7,
      -6,   -6,   13,   54,   79,   14,   55,   82,  -11,  -20,  -11,   71,   20,   -8,   45,   15,
      -7,   37,   45,   17,   36,   55,   57,   73,   69,   57,   70,   46,   59,   69,   -6,   -2,
       2,   12,   20,    5,   10,    5,    3,    4,    5,   35,   60,   37,   51,  -17,   65,   63,
      59,  -17,   71,   51,   45,   45,   17,    2,   -7,   -6,  -10,   -5,   10,    5,   25,   55,
      16,   45,   70,   -3,    6,    2,   14,   -2,    5,    7,   17,   -9,    1,   -1,    7,   11,
       9,    6,   13,   17,    2,    1,   45,   77,   45,   57,   55,   48,   16,   69,   -7,    3,
       3,   16,   20,   19,   55,    3,    2,    3,    1,    3,   11,   14,   -2,   -1,   46,    3,
      91,   49,   36,   -1,   50,   14,   15,    1,    4,   -9,   11,   53,    5,   26,   -3,   42,
       1,    9,    1,    6,  -20,   79,   77,  -11,  -11,   81,   75,   -5,   53,   28,    2,    2,
       1,   -4,    9,    1,   10,  -12,   -3,   12,   -4,    1,   -5,   -6,   -3,  -12,   -5,   -6,
      -3,   -5,   -6,   -9,  -22,  -14,   -5,  -35,   -6,   -2,   12,   39,   -5,   -5,   26,    6,
      30,    1,    1,    1,   10,    1,   -1,    2,    7,    5,    2,   -8,    3,    2,   -7,   -2,
      -6,   -6,   -3,   26,   -5,   -5,   -5,   -5,   -5,   -5,   -5,   -5,   -5,   -5,   -5,   -5,
      -5,    1,    2,   -5,   -5,   -5,   -5,   -5,   -5,   -5,    6,    6,    6,    6,   -6,   -6,
      30,   -5,   -5,   -5,    1,   -6,   18,    2,    6,   -5,   -5,   -5,   -5,   -5,   -5,    1,
       1,   -5,   -5,   -5,   -5,   -5,   -5,   -5,   -5,   -5,    2,    2,    2,  -12,    9,    5,
       9,    9,    2,    5,   -3,    5,   11,   26,   26,    2,  -35,   -5,   -3,  -39,   15,  -14,
       8,    4,    4,  -31,   -8,  -11,   13,  -10,  -39,  -15,  -53,  -27,   -1,  -53,   -1,  -38,
      -1,  -13,   -5,   -3,   -1,    3,  -15,   -2,  -11,  -18,  -10,  -26,  -11,  -17,  -10,  -13,
     -15,  -39,   -5,  -15,  -15,  -15,  -15,  -14,  -33,  -35,    8,    8,  -40,  -30,  -13,  -13,
     -13,   -4,   -1,  -14,    6,  -15,    6,    2,    2,  -18,   -6,  -10,    8,   -9,  -10,   -9,
      -9,   -7,   -1,   -8,  -13,    1,  -10,   -1,   -1,   -1,    3,  -13,   -1,  -10,  -13,  -13,
     -13,   -6,   -1,   -9,  -10,  -13,  -10,   -1,  -13,  -13,  -13,  -13,  -15,  -14,  -13,    6,
       6,  -16,  -14,  -10,  -10,   -3,   -5,   -3,   -3,   -5,   -2,   -3,   -2,    5,    2,    5,
       1,   -2,   -9,   -3,   -3,   -5,    2,   -2,   -3,    2,   -3,    5,   -2,    1,   -2,   -2,
      -2,  -26,   -2,   -7,  -26,  -16,  -23,   -2,   -2,   -7,    2,   -2,   -7,   -2,  -14,  -15,
     -44,  -27,   -4,  -53,   -2,  -24,   -4,   -5,   -1,   -4,   -3,   -2,   -2,   -2,   -2,   -4,
      -4,   -4,   -4,   -3,   -5,   -4,   -1,  -11,   -8,  -14,   -9,   -7,   -2,   -2,   -7,   -1,
      -4,   -4,   -4,   -4,   -5,   -5,   -5,   -3,   -3,   -3,   -3,   -4,   -5,   -5,   -5,   -5,
      -5,   -4,   -4,   -4,   -5,   -4,   -5,   -5,   -5,   -5,   -5,   -5,   -4,   -4,   -4,   -4,
      -2,   -2,   -3,   -3,   -3,   -3,   -2,   -5,   -5,   -5,   -2,   -4,   -4,  -14,   -4,   -4,
      -5,   -4,   -4,   -4,   -5,   -4,   -5,   -5,   -3,   -3,   -5,   -5,   -2,   -2,   -4,   -4,
      -4,   -4,   -5,   -5,   -5,   -5,   -3,   -5,   -5,   -5,   -5,   -5,   -5,  -33,  -24,  -22,
     -28,  -18,  -14,   -1,   -1,    3,  -21,   -5,   -1,  -26,    9,  -16,    9,    4,    4,  -22,
      -7,  -13,   13,  -12,  -23,  -17,  -26,  -22,  -25,  -17,  -17,   -5,   -3,   -3,   -3,   -6,
      -3,   -5,   -4,    3,  -21,   -1,   -3,  -14,  -12,  -18,  -32,  -14,  -12,  -17,   -3,   -3,
      -3,  -21,   -5,   -3,  -23,   -6,   -3,   -3,  -21,   -1,   -1,   -3,   -3,   -3,   -3,    1,
     -21,  -21,  -21,  -16,  -20,  -21,    9,    9,  -23,  -21,  -17,  -17,  -25,  -14,  -40,  -26,
      -7,  -12,   -6,   -9,  -12,   -5,   -2,  -36,  -17,  -46,  -27,  -14,  -66,  -14,  -41,   -2,
     -17,   -3,  -10,   -3,  -11,   -1,  -18,  -11,  -12,  -12,   -5,  -17,  -12,  -12,   -3,   -3,
     -36,  -10,   -3,   -3,  -23,  -19,  -28,  -17,  -17,  -17,  -20,  -15,  -26,  -24,   -8,  -12,
      -4,  -10,  -12,   -4,   -2,  -26,  -15,  -41,  -25,  -18,  -63,  -14,  -22,   -9,  -10,   -5,
      -2,  -11,  -14,  -11,  -12,  -12,   -4,  -10,  -12,  -12,  -26,   -5,  -18,  -14,  -23,  -12,
     -10,  -10,   -5,   -4,  -13,  -17,  -11,   -7,   -6,  -11,   -7,   -6,  -19,  -23,  -51,  -38,
      -3,  -65,  -11,  -11,   13,   26,   -9,  -11,  -11,   -7,  -11,  -11,   26,  -19,   -2,   -2,
     -14,   -2,  -14,   -2,  -16,   -2,  -38,  -12,  -38,   -9,   -4,  -36,  -15,  -38,  -18,  -16,
      -4,  -10,   -8,  -31,  -19,  -46,  -58,   -8,   -2,  -11,   -4,   -1,    1,    8,   10,    1,
       3,    1,    6,    2,    3,   -1,    1,  -12,   -8,    1,  -10,  -15,  -30,    1,   -4,   -4,
      -4,   -4,   -1,   -1,   -1,    8,    8,    8,    8,   -2,   -1,   -1,   -1,   -1,   -1,    6,
       6,    6,    1,   -4,   -1,   -1,   -1,   -1,   -1,   -1,  -15,  -15,    8,    8,    8,    8,
      10,   -7,   -1,   -1,    1,  -10,    6,    6,    1,   -1,   -4,   -1,   -1,    8,    8,   -1,
      -1,    1,    1,    6,    6,   -4,   -4,   -1,   -1,   -1,   -1,    8,   -1,   -1,   -1,    1,
       1,    1,  -12,  -38,  -38,   -3,    1,    1,    1,  -15,   -2,   -3,  -22,   -5,  -21,   -2,
      -6,   -6,   -3,   -6,   -6,   -4,  -19,  -19,  -41,  -28,   -5,  -53,   -6,  -33,   -5,   -1,
      -1,   -1,   -4,   -1,   -3,   -4,   -1,   -2,   -4,   -6,   -4,   -2,   -6,   -6,   -6,   -5,
      -3,   -6,   -6,   -2,   -1,   -4,   -4,  -19,   -1,   -3,   -4,   -4,   -1,   -1,   -3,   -3,
      -3,   -5,  -16,  -12,  -21,   -7,   -5,   -5,   -5,   -2,   -3,   -7,   -3,   -6,   -1,   -2,
      -2,   -7,  -11,  -29,  -21,   -1,  -38,   -1,   -4,    1,    2,    2,   -3,   -1,   -3,   -1,
      -2,   -2,   -2,   -2,    1,   -1,   -7,   -3,   -1,   -1,   -7,   -6,    1,    4,  -29,   -3,
      -2,  -36,   10,  -14,   10,    5,    5,  -28,   -7,  -10,   16,   -9,  -33,  -14,  -47,  -26,
     -49,   -1,  -32,   -1,  -12,    2,   -2,    4,  -15,   -1,   -6,  -16,  -11,  -23,  -12,  -15,
       1,   -9,  -12,  -15,    2,    2,  -33,  -15,  -15,  -15,  -15,  -30,  -29,  -30,   10,   10,
     -37,  -27,  -12,  -12,  -17,   -1,  -18,  -30,  -25,  -11,  -14,   -6,   -1,  -13,  -14,   -6,
      -5,  -25,  -18,  -43,  -28,  -25,  -64,  -18,  -19,  -12,   -8,   -1,   -1,   -4,   -1,   -2,
     -14,  -12,  -13,  -14,  -14,   -6,   -8,   -1,   -1,   -1,   -1,  -14,  -14,   -1,   -1,  -25,
      -4,   -2,   -2,   -1,  -15,  -13,  -22,  -11,   -2,   -8,   -8,  -17,   -1,  -17,  -29,  -25,
      -9,  -13,   -5,  -12,  -13,   -5,   -4,  -25,  -17,  -42,  -27,  -20,  -62,  -16,  -19,  -10,
      -8,   -4,   -1,  -13,  -11,  -12,  -13,  -13,   -5,   -8,  -13,  -13,  -25,   -4,   -1,   -1,
     -15,  -13,  -22,  -11,   -8,   -8,   -8,   -7,  -15,  -11,  -17,   -1,   -4,   -3,   -2,   -4,
      -3,   -2,  -10,  -13,  -43,  -25,   -8,  -51,   -3,  -13,   -1,    3,    3,    3,    3,    3,
       1,    1,   -1,   -1,   -5,    1,   -6,   -2,   -4,   -4,   -3,   -1,   -1,   -1,    3,    3,
       3,    3,   -1,   -1,   -1,   -1,   -1,    1,    1,    1,   -1,   -1,   -1,   -1,   -1,   -1,
      -1,   -4,   -4,    3,    3,    3,    3,    3,   -3,   -1,   -1,    3,  -10,    1,    1,   -1,
      -1,   -1,   -1,    3,    3,   -1,   -1,    3,    3,    1,    1,   -1,   -1,   -1,   -1,    3,
      -1,   -1,   -1,   -1,   -1,   -1,  -11,   -7,   -4,  -18,   -4,   -2,    1,   -3,  -11,  -13,
     -15,   -6,  -12,  -10,  -12,   -1,  -11,  -15,  -41,  -29,  -15,  -56,   -9,   -9,   -5,   -2,
      -8,  -12,  -12,  -12,  -12,  -11,   -2,   -2,  -13,   -2,   -2,   -1,  -21,   -5,   -7,  -24,
      -7,  -24,   -4,   -2,   -6,  -11,    3,   -4,   -6,  -10,   -2,  -21,  -20,  -48,  -35,   -6,
     -54,   -5,  -22,   -1,   -5,   -1,   -1,   -2,   -2,   -2,   -2,   -1,   -4,   -3,    1,  -16,
      -6,   -1,   -9,   -6,  -14,   -6,   -6,   -2,   -6,   -6,  -10,   -5,   -1,   -1,   -1,   -1,
      -1,   -1,   -1,   -1,   -1,   -1,   -1,  -16,   -1,   -1,   -1,   -1,   -1,   -1,   -1,   -1,
      -1,   -1,   -6,   -6,   -1,   -3,   -1,   -1,   -2,  -21,   -2,   -1,   -1,  -16,   -6,   -6,
      -1,   -1,   -1,   -1,   -1,   -1,   -2,   -2,   -1,   -1,   -1,   -1,   -1,   -1,   -1,   -1,
      -1,  -16,  -16,  -16,  -15,  -19,  -19,    2,    2,  -26,  -17,   -9,   -5,   -5,    3,  -11,
     -10,    1,   -4,  -27,   -6,   -5,  -11,  -11,   -3,   -2,   -1,  -11,   -9,  -10,    5,    4,
       1,    3,  -12,   18,  -14,   22,   11,   -1,   35,    8,  -12,  -12,  -12,   -2,   -1,  -12,
      -3,   -3,   -1,   -6,  -10,   -6,  -14,   -7,   -1,  -10,   22,  -12,  -12,  -12,  -12,  -13,
     -14,  -14,    4,   -1,   -1,    1,  -14,  -14,  -14,  -14,  -14,  -12,  -12,  -12,   11,   -6,
     -12,  -14,  -14,  -13,  -14,  -14,  -14,    4,   -1,   -1,    1,   -1,   35,    2,  -14,  -14,
     -12,   -2,   -1,  -12,  -12,   -6,  -10,  -10,  -14,  -11,   -3,  -14,   28,   -1,   -9,  -14,
      -7,  -12,  -10,  -12,   -6,  -12,  -14,  -14,   30,  -14,   -1,  -14,   19,  -14,   -6,   -6,
      -6,  -27,   -6,   -6,   22,   22,    2,   12,    2,   12,    2,    2,  -14,   -9,  -15,   -5,
      -5,  -10,   -9,   -5,   -5,  -12,  -12,  -17,   -1,   -1,   -7,  -11,  -32,  -22,  -37,   -1,
      27,    2,   41,   -1,   -5,   27,    2,    2,    2,    2,    2,    2,    2,    2,   41,   -1,
      -7,    2,    2,    2,   -5,   -3,   -1,   -1,   -3,   27,   27,   -2,   -5,   -1,   -9,   -2,
      -1,  -15,   -7,  -14,   -1,   -7,  -17,  -14,   -1,   -3,  -25,  -18,   -1,  -29,  -13,    6,
       8,    1,    1,    1,    4,    1,    2,  -12,   -3,    6,    6,    6,    6,    4,    4,    4,
       6,    6,    6,    6,    8,    1,   -3,    4,    4,    6,    6,    1,    1,    4,    4,    6,
      -5,   -4,  -12,   -5,   -5,  -12,  -10,   -7,  -16,  -19,  -19,   -5,   -4,   -5,   -4,   -5,
     -13,  -20,  -42,  -31,  -47,   -5,  -10,  -10,  -10,   -1,   -7,   -1,   -7,   -2,   -6,  -18,
      -5,   -3,   -2,   -2,   -5,   -5,   -4,  -10,  -10,  -10,  -10,  -10,  -10,  -10,   -1,   -1,
      -1,   -1,  -10,  -10,  -10,  -10,  -10,  -10,   -7,   -2,  -10,  -10,  -10,  -10,  -10,  -10,
     -10,   -1,   -1,   -1,   -1,   -5,   -7,   -5,   -1,   -1,   -1,   -1,   -5,  -15,  -10,  -10,
     -25,   -2,   -1,  -10,  -10,  -10,  -10,   -1,   -1,  -10,  -10,  -10,  -10,  -10,  -10,  -10,
     -10,   -1,  -10,  -10,  -10,   -2,   -2,   -2,  -19,   -6,   -5,   -5,   -5,   -4,  -14,  -45,
     -45,  -25,   -2,  -37,   -9,   -3,  -11,   -6,  -13,  -13,  -11,    9,   11,   13,    2,    6,
       9,    1,    2,  -12,   -2,  -39,   -2,   -2,    9,   11,   11,   13,   11,    9,    9,    9,
      -2,    2,   -2,   11,   11,   11,   11,   16,    1,    9,    9,   11,   12,    9,    9,   11,
     -45,  -45,    9,    9,    6,    1,   -9,    1,    5,    3,    6,   10,   12,    6,    8,    2,
       6,   10,   10,   10,   10,    8,    8,    8,   10,   10,   10,   10,   12,    6,    8,    8,
      10,   10,    8,    8,   10,    6,    6,    4,    2,   12,   14,    2,    2,    2,    3,    9,
       2,    3,    1,    2,   12,   12,   12,   12,    9,    9,    9,    1,   12,   12,   12,   12,
      14,    2,    3,    9,    9,    1,   12,   12,    2,    2,    9,    9,   12,    1,    1,    1,
       2,    2,  -21,  -14,   -5,  -13,  -17,   -6,   -6,  -15,  -15,   -1,   -9,  -14,  -15,   -1,
     -46,  -12,  -41,  -29,  -25,  -53,  -15,  -26,  -11,  -12,  -22,   -5,   -5,   -5,   -3,  -16,
      -9,   -3,   -3,   -5,   -5,  -19,  -15,  -15,   -1,  -26,  -11,  -11,  -11,  -11,   -9,   -9,
      -9,  -15,  -15,  -11,  -11,  -11,  -11,  -12,   -5,   -3,   -3,  -46,  -16,   -9,   -9,   -5,
      -5,  -11,  -11,   -5,   -5,   -9,   -9,  -11,  -26,  -26,    5,    1,    6,    6,    2,    2,
       2,    5,    3,    5,    1,    1,   -2,    6,    6,    6,    6,    5,    5,    5,    1,    1,
       1,    6,    6,    6,    6,    6,    2,    5,    5,    1,    1,    1,    6,    6,    2,    2,
       5,    5,    6,    1,    1,    1,  -11,   -2,   -6,  -37,  -21,  -39,   -6,   -6,   -7,   -7,
     -30,  -16,  -18,   -7,   -7,  -16,  -18,   -6,  -39,  -18,  -48,  -35,  -24,  -61,  -16,  -12,
      -3,  -27,   -1,   -6,  -13,  -13,   -6,   -7,   -7,   -7,   -6,  -21,  -11,   -5,   -5,   -5,
      -3,   -7,  -14,  -10,   -2,  -23,  -22,  -20,  -19,  -18,  -18,   -6,  -27,  -13,  -13,  -13,
     -13,  -11,  -11,  -11,   -6,   -3,   -1,   -1,   -1,   -1,  -18,   -6,  -18,  -13,  -13,  -13,
     -13,  -13,   -7,   -6,   -6,  -77,  -21,  -11,  -11,   -3,   -7,   -7,   -1,  -13,  -13,   -7,
      -7,  -11,  -11,  -13,   -3,   -3,   -3,  -35,  -31,   -6,   -6,  -33,  -27,  -27,   -8,  -39,
     -44,   -3,  -15,  -15,  -15,  -12,  -20,  -32,  -23,  -17,  -20,  -32,  -25,  -45,  -42,  -62,
     -51,  -15,  -66,  -16,  -29,  -32,  -31,   43,    3,  -21,  -28,   57,  -24,  -28,  -28,  -28,
     -21,  -29,  -29,  -27,  -26,  -20,  -21,  -24,  -40,  -31,  -11,  -20,  -20,  -30,   43,  -29,
     -29,  -29,  -29,  -31,  -31,  -31,  -28,  -28,  -28,  -28,  -30,  -31,  -31,  -31,  -31,  -31,
     -29,  -29,  -29,  -19,  -21,  -29,  -31,  -31,  -31,  -31,  -31,  -31,    3,    3,    3,    3,
     -20,  -21,  -20,  -28,  -28,  -28,  -28,   57,  -15,  -33,  -31,  -31,  -28,  -21,  -21,  -45,
     -29,  -29,  -29,  -21,  -24,  -24,    3,  -31,  -29,  -31,  -31,  -28,  -28,  -31,  -31,  -28,
     -28,  -29,  -29,  -29,  -29,  -31,  -31,  -31,  -31,  -28,  -31,  -31,  -31,  -21,  -21,  -21,
     -37,  -36,  -15,  -15,  -36,   43,   43,    1,   -7,    2,  -17,   -6,   -7,   -8,   -8,   -6,
      -6,  -12,   14,  -13,  -14,  -10,    7,   -7,   -7,    6,  -11,  -11,  -11,   -8,  -11,  -10,
     -10,   -9,   -1,  -18,  -10,  -17,  -15,   -9,    1,   -6,  -14,  -12,  -12,  -12,  -12,  -13,
     -13,  -13,  -12,  -14,   -7,   -7,   -8,  -13,  -13,  -13,  -13,  -13,  -10,  -10,  -10,   16,
     -18,  -12,  -13,  -13,  -13,  -13,  -13,  -13,  -10,  -10,  -10,  -10,    9,   -7,   -7,   -7,
     -14,   -7,   -1,  -13,  -13,  -11,  -15,  -15,  -11,  -10,  -10,  -18,  -10,  -10,  -10,  -13,
     -12,  -24,  -13,    3,   -7,  -26,  -13,  -22,  -11,  -10,  -10,  -12,  -12,  -13,  -13,  -20,
     -13,   -7,  -13,  -23,  -13,  -18,  -18,  -18,  -17,  -14,  -14,  -15,  -14,   -6,   -4,   -4,
      -9,   -1,   -1,   -4,   -1,  -17,   -8,   -6,   -6,   -5,   -6,   -5,   -5,  -14,  -30,  -23,
     -54,   -6,   -7,  -14,   10,   -2,    3,    2,   -2,   -1,  -12,   -5,  -11,   -6,   -6,   -2,
       3,   -6,    3,   -6,   -2,   -2,   -5,   -1,   -1,   -5,   -1,   -4,   -4,  -12,   -2,   -2,
     -10,  -22,  -15,  -17,  -17,  -29,  -21,  -11,  -26,  -11,  -11,   -6,   -6,  -35,  -23,  -50,
     -60,  -13,  -10,  -21,   -2,   -3,   -4,   -3,   -2,   -1,   -1,  -17,  -10,  -34,  -11,  -11,
      -3,   -4,  -11,   -4,  -11,   -2,   -2,   -6,   -1,   -5,   -3,  -17,  -17,  -16,   -2,   -3,
      -3,  -27,   -7,   -2,  -30,   -5,  -26,  -14,   -2,   -6,  -21,   -3,   -6,  -21,   -5,  -45,
     -23,  -42,  -34,   -3,  -42,   -8,  -21,   -2,   -3,  -25,   -4,   -9,  -14,  -11,  -11,  -11,
      -2,  -16,  -11,  -15,  -14,  -23,  -11,   -2,  -13,  -16,   -8,  -23,   -5,  -13,   -6,   -6,
      -6,  -21,  -25,   -3,   -3,   -3,   -9,   -9,   -9,   -9,   -3,   -3,   -3,   -3,   -3,  -11,
     -11,  -11,  -23,   -3,   -3,   -3,   -3,   -3,   -3,   -4,   -4,   -4,   -4,   -6,   -6,   -9,
      -9,   -9,   -9,  -14,   -3,   -3,  -11,   -2,   -2,  -45,  -16,  -11,  -11,  -23,  -11,  -11,
      -4,   -3,   -3,   -3,   -9,   -9,   -3,   -3,  -11,  -11,  -11,  -11,   -3,   -3,   -3,   -3,
      -9,   -3,   -3,   -3,  -23,  -23,  -23,   -5,  -26,  -28,  -27,  -26,  -25,  -25,    3,  -55,
      -3,   -3,  -34,   10,  -16,   10,    5,    5,  -27,   -7,   -9,   15,   -8,  -30,  -14,  -46,
     -25,  -49,   -1,  -27,   -1,  -13,    1,   -4,   -3,   -2,    5,  -16,   -1,   -6,  -14,  -13,
     -22,  -14,  -13,    1,   -8,  -13,  -16,    1,    1,  -30,   -4,  -16,  -16,  -16,  -16,  -16,
     -27,  -28,   10,   10,  -35,  -25,  -13,  -13,    3,  -29,   -3,   -3,  -34,   10,  -16,   10,
       5,    5,  -27,   -7,   -9,   15,   -8,  -30,  -14,  -46,  -25,  -49,   -1,  -27,   -1,  -13,
       1,   -4,   -3,   -2,    5,  -16,   -1,   -6,  -14,  -13,  -22,  -14,  -13,    1,   -8,  -13,
     -16,    1,    1,  -30,   -4,  -16,  -16,  -16,  -16,  -16,  -53,  -55,   10,   10,  -35,  -25,
     -13,  -13,    3,  -29,   -3,   -3,  -31,   10,  -16,   10,    5,    5,  -27,   -7,   -9,   15,
      -8,  -30,  -14,  -46,  -25,  -49,   -1,  -27,   -1,  -13,    1,   -4,   -3,   -2,    5,  -16,
      -1,   -6,  -14,  -13,  -22,  -14,  -13,    1,   -8,  -13,  -16,    1,    1,  -30,   -4,  -16,
     -16,  -16,  -16,  -16,  -52,  -28,   10,   10,  -35,  -25,  -13,  -13,  -13,   -7,  -19,   -4,
     -19,   -2,   -6,   -3,   -3,   -6,   -3,   -1,  -16,  -17,  -42,  -27,   -7,  -55,   -5,  -26,
      -2,    2,    6,   -1,   -2,   -2,   -2,   -1,   -3,   -6,   -6,   -3,    2,   -2,   -2,   -2,
      -2,   -2,   -2,   -2,   -2,   -2,   -2,   -2,   -2,   -2,   -2,   -6,   -6,    6,   -2,   -2,
     -16,   -2,   -2,   -2,   -2,   -2,   -2,   -2,   -2,   -2,   -2,   -2,   -2,   -4,   -9,   -7,
     -21,   -6,    2,    2,  -26,  -12,  -21,  -21,   -5,   -9,   -3,   -6,   -9,   -3,   -3,  -19,
     -17,  -39,  -26,  -11,  -56,   -9,  -31,    1,   -6,   -2,   -2,   -3,   -5,   -2,   -1,   -6,
      -2,   -3,   -9,   -9,   -3,   -6,   -9,   -9,   -2,   -2,  -19,   -2,   -3,   -3,  -13,  -14,
     -21,   -7,   -6,   -6,  -15,  -12,  -22,  -21,   -5,   -9,   -3,   -6,   -9,   -3,   -3,  -19,
     -17,  -39,  -26,  -11,  -56,   -9,  -31,   -6,   -2,   -2,   -3,   -5,   -2,   -1,   -6,   -2,
      -3,   -9,   -9,   -3,   -6,   -9,   -9,   -2,   -2,  -19,   -2,   -3,   -3,  -24,  -17,  -21,
      -7,   -6,   -6,  -28,  -12,  -17,  -21,   -5,   -9,   -3,   -6,   -9,   -3,   -3,  -19,  -17,
     -39,  -26,  -11,  -56,   -9,  -31,   -6,   -2,   -2,   -3,   -5,   -2,   -1,   -5,   -2,   -3,
      -9,   -9,   -3,   -6,   -9,   -9,   -2,   -2,  -19,   -2,   -3,   -3,  -22,  -16,  -21,   -7,
      -6,   -6,  -27,   -4,   -1,  -19,    6,  -15,    6,    2,    2,  -18,   -6,  -10,    8,   -9,
     -10,   -9,   -9,   -7,   -1,   -8,  -13,    1,  -10,   -1,   -1,   -1,    3,  -13,   -1,  -10,
     -13,  -13,  -13,   -6,   -1,   -9,  -10,  -13,  -10,   -1,  -13,  -13,  -13,  -13,  -15,  -29,
     -13,    6,    6,  -16,  -14,  -10,  -10,    4,    9,   -4,    8,    5,    6,  -15,    6,    2,
       2,    3,   -6,  -10,    8,   -9,  -10,   -9,   -9,   -7,   -1,   -8,  -13,    8,   29,  -10,
      22,   18,   -1,   -1,   -1,    3,  -13,    5,   -1,  -10,  -13,  -10,  -13,   -6,   -1,   -9,
     -10,    6,    2,    2,   23,  -13,   22,  -10,   -1,  -13,  -13,  -13,  -13,  -15,  -21,    4,
       6,    6,  -16,  -14,  -10,  -10,   -9,   -4,   -1,    7,    6,  -15,    6,    2,    2,  -12,
      -6,  -10,    8,   -9,  -10,   -9,   -9,   -7,   -1,   -8,  -13,    1,  -10,   -1,   -1,   -1,
       3,  -13,   -1,  -10,  -13,    4,  -13,   -6,   -1,   -9,  -10,    1,  -13,  -10,   -1,  -13,
     -13,  -13,  -13,  -15,    3,  -19,    6,    6,  -16,  -14,  -10,  -10,    1,   -4,   -1,   23,
       6,  -15,    6,    2,    2,    3,   -6,  -10,    8,   -9,  -10,   -9,   -9,   -7,   -1,   -8,
     -13,   17,  -10,   12,    9,   -1,   -1,   -1,    3,  -13,   -1,  -10,  -13,    3,  -13,   -6,
      -1,   -9,  -10,   12,  -13,   12,  -10,   -1,  -13,  -13,  -13,  -13,  -15,    3,   -3,    6,
       6,  -16,  -14,  -10,  -10,  -14,  -13,  -19,  -20,   -7,  -11,   -3,   -9,  -11,   -3,   -1,
     -15,  -15,  -29,  -22,  -17,  -36,  -11,  -12,   -1,   -5,   -2,   -2,   -1,   -1,   -9,   -9,
     -10,  -11,  -11,   -3,   -5,  -11,  -11,   -2,   -2,  -15,   -2,   -1,   -1,  -12,  -11,  -17,
      -9,   -5,   -5,  -46,  -14,  -38,  -26,   -7,  -12,   -6,   -9,  -12,   -5,   -2,  -36,  -17,
     -46,  -27,  -14,  -66,  -14,  -41,   -2,  -17,   -3,  -10,   -3,  -11,   -1,  -18,  -11,  -12,
     -12,   -5,  -17,  -12,  -12,   -3,   -3,  -36,  -10,   -3,   -3,  -23,  -38,  -28,  -17,  -17,
     -17,  -25,  -14,  -40,  -26,   -7,  -12,   -6,   -9,  -12,   -5,   -2,  -36,  -17,  -46,  -27,
     -14,  -66,  -14,  -41,   -2,  -17,   -3,  -10,   -3,  -11,   -1,  -18,  -11,  -12,  -12,   -5,
     -17,  -12,  -12,   -3,   -3,  -36,  -10,   -3,   -3,  -46,  -39,  -28,  -17,  -17,  -17,  -50,
     -14,  -38,  -26,   -7,  -12,   -6,   -9,  -12,   -5,   -2,  -36,  -17,  -46,  -27,  -14,  -66,
     -14,  -41,   -2,  -17,   -3,  -10,   -3,  -11,   -1,  -18,  -11,  -12,  -12,   -5,  -17,  -12,
     -12,   -3,   -3,  -36,  -10,   -3,   -3,  -23,  -19,  -28,  -17,  -17,  -17,  -49,  -14,  -33,
     -26,   -7,  -12,   -6,   -9,  -12,   -5,   -2,  -36,  -17,  -46,  -27,  -14,  -66,  -14,  -41,
      -2,  -17,   -3,  -10,   -3,  -11,   -1,  -18,  -11,  -12,  -12,   -5,  -17,  -12,  -12,   -3,
      -3,  -36,  -10,   -3,   -3,  -42,  -38,  -28,  -17,  -17,  -17,  -48,  -14,  -38,  -25,   -7,
     -12,   -6,   -9,  -12,   -5,   -2,  -36,  -17,  -46,  -27,  -14,  -66,  -14,  -41,   -2,  -26,
      -3,  -15,   -3,  -11,   -1,  -15,  -11,  -12,  -12,   -5,  -26,  -12,  -12,   -3,   -3,  -36,
     -15,   -3,   -3,  -37,  -35,  -28,  -17,  -26,  -26,  -18,   -5,  -46,  -16,  -53,  -23,    3,
     -27,   -4,  -11,  -19,   -9,  -25,  -33,  -16,  -18,  -37,  -20,   -3,  -32,    2,  -30,  -14,
     -50,  -31,  -50,  -36,  -57,   -6,  -39,    4,   -9,  -16,  -17,  -32,   -8,  -13,   -5,  -18,
     -18,  -18,   -6,  -23,  -19,  -24,  -23,  -66,   -6,   -1,  -26,  -34,  -23,  -42,  -22,  -30,
      -3,  -45,  -32,   -9,   -9,   -9,   -9,  -17,  -17,  -17,  -13,  -13,  -13,  -13,  -15,  -17,
     -17,  -17,  -17,  -25,  -19,  -19,  -19,  -66,   -9,  -17,  -17,  -17,  -17,  -17,  -17,   -8,
      -8,   -8,   -8,  -13,  -13,  -13,  -13,   -5,   -7,  -12,  -17,  -17,  -18,   -6,   -6,  -50,
     -23,  -19,  -19,  -66,   -6,   -6,   -8,  -25,   -9,  -17,  -17,  -13,  -13,  -17,  -17,  -18,
     -18,  -19,  -19,   -9,   -9,  -17,  -17,  -17,  -17,  -13,  -17,  -17,  -17,  -66,  -66,  -66,
     -23,  -49,  -52,  -50,  -44,  -14,  -32,  -29,    2,  -29,   -4,   -3,  -34,   18,  -16,   18,
       7,    7,  -27,   -7,   -9,   15,   -8,  -30,  -14,  -46,  -25,  -49,   -1,  -27,   -1,    2,
      26,    1,   -4,   -3,   -2,    1,  -31,   -1,   -9,  -14,  -13,  -22,  -14,  -13,   -8,    2,
     -31,   26,    1,    1,  -30,   -4,  -31,  -31,  -31,  -31,  -16,  -27,  -28,   18,   18,  -35,
     -25,    2,    2,  -20,   -7,  -16,   -4,  -17,   -2,   -6,   -3,   -3,   -6,   -3,   -1,  -16,
     -17,  -42,  -27,   -7,  -55,   -5,  -26,    4,   -2,   -1,    1,   -1,   -2,   -2,   -2,   -1,
      -3,   -6,   -6,   -3,   -1,   -2,   -2,   -2,   -2,   -2,   -2,   -2,   -2,    1,   -2,   -2,
      -2,   -2,   -2,   -2,   -6,    1,   -6,   -2,   -2,  -16,   -2,   -2,   -2,   -2,   -2,   -2,
      -2,   -2,   -2,   -2,   -2,   -2,   -4,  -18,  -10,  -21,   -6,   -1,   -1,  -27,   -7,  -19,
      -4,  -19,   -2,   -6,   -3,   -3,   -6,   -3,   -1,  -16,  -17,  -42,  -27,   -7,  -55,   -5,
     -26,   -2,   -1,   -1,   -2,   -2,   -2,   -1,   -3,   -6,   -6,   -3,   -1,   -2,   -2,   -2,
      -2,   -2,   -2,   -2,   -2,   -2,   -2,   -2,   -2,   -2,   -2,   -6,   -6,   -2,   -2,  -16,
      -2,   -2,   -2,   -2,   -2,   -2,   -2,   -2,   -2,   -2,   -2,   -2,   -4,  -14,  -13,  -21,
      -6,   -1,   -1,  -23,   -7,  -18,   -4,  -19,   -2,   -6,   -3,   -3,   -6,   -3,   -1,  -16,
     -17,  -42,  -27,   -7,  -55,   -5,  -26,   -2,   -1,   -1,   -2,   -2,   -2,   -1,   -3,   -6,
      -6,   -3,   -1,   -2,   -2,   -2,   -2,   -2,   -2,   -2,   -2,   -2,   -2,   -2,   -2,   -2,
      -2,   -6,   -6,   -2,   -2,  -16,   -2,   -2,   -2,   -2,   -2,   -2,   -2,   -2,   -2,   -2,
      -2,   -2,   -4,   -9,  -13,  -21,   -6,   -1,   -1,    8,   38,   54,    1,   61,   54,    2,
     -17,    2,   46,   59,   80,   17,   73,    9,   15,   69,    4,    4,    4,   18,    4,    5,
      -9,   53,   11,  -12,   23,   -1,   17,    9,    9,    9,    9,   73,   -9,   73,    9,    9,
       9,    9,   15,    4,   18,   -9,   20,    9,    9,    4,    4,    9,   -9,   -9,   -9,  -17,
      29,   44,    2,    2,   17,   17,    5,  -22,   -3,   -2,    5,   10,  -17,   10,    4,    4,
       3,   -7,   -9,   15,   -8,  -14,  -12,  -16,  -14,  -15,  -15,   13,  -12,   10,    9,    1,
      -1,   -3,   -2,    2,  -16,   -2,  -13,  -13,   -2,  -15,  -12,    1,   -8,  -12,   10,  -16,
      10,    1,    1,    1,  -14,   -1,  -16,    2,  -16,  -16,  -16,  -17,  -12,  -24,   10,   10,
     -20,  -18,  -12,  -12,  -15,  -12,  -21,  -21,   -5,   -9,   -3,   -6,   -9,   -3,   -3,  -19,
     -17,  -39,  -26,  -11,  -56,   -9,  -31,   -6,   -2,   -2,   -3,   -5,   -2,   -1,   -6,   -2,
      -3,   -9,   -9,   -3,   -6,   -9,   -9,   -2,   -2,  -19,   -2,   -3,   -3,  -26,   -8,  -21,
      -7,   -6,   -6,  -29,  -12,  -21,  -21,   -5,   -9,   -3,   -6,   -9,   -3,   -3,  -19,  -17,
     -39,  -26,  -11,  -56,   -9,  -31,   -6,   -2,   -2,   -3,   -5,   -2,   -1,   -6,   -2,   -3,
      -9,   -9,   -3,   -6,   -9,   -9,   -2,   -2,  -19,   -2,   -3,   -3,  -26,  -17,  -21,   -7,
      -6,   -6,   -1,   -2,   -7,   -5,   -2,   -1,    2,    2,   -2,   -4,    1,   -4,   -4,   -4,
      -1,   -6,   -3,   -3,   -7,   -8,    2,   -4,   -4,   -4,   -4,   -6,   -6,   -6,   -7,   -2,
      -2,   -2,   -2,    1,   -4,   -4,   -4,   -4,    1,   -4,   -1,   -6,   -6,   -7,   -8,   -8,
      -2,   -8,   -4,   -4,   -4,   -6,   -6,    5,   -4,    4,   -7,   -7,   -7,   -1,    2,    2,
     -15,  -12,  -22,  -21,   -5,   -9,   -3,   -6,   -9,   -3,   -3,  -19,  -17,  -39,  -26,  -11,
     -56,   -9,  -31,    8,   23,   -2,   -2,   -3,   -5,   -2,   -1,   -6,   -2,   -3,   -9,   -9,
      -3,    8,   -9,   -9,   23,   -2,   -2,  -19,   -2,   -3,   -3,  -13,   -8,  -21,   -7,    8,
      10,  -28,  -12,  -22,  -21,   -5,   -9,   -3,   -6,   -9,   -3,   -3,  -19,  -17,  -39,  -26,
     -11,  -56,   -9,  -31,   -6,   -2,   -2,   -3,   -5,   -2,   -1,   -6,   -2,   -3,   -9,   -9,
      -3,   -6,   -9,   -9,   -2,   -2,  -19,   -2,   -3,   -3,  -13,  -17,  -21,   -7,   -6,   -6,
       1,   -7,    2,  -17,   -6,   -7,   -8,   -8,   -6,   -6,  -12,   14,  -13,  -14,  -10,    7,
      -7,   -7,    6,  -11,  -11,  -11,   -8,  -11,  -10,  -10,   -9,   -1,  -18,  -10,  -17,  -15,
      -9,   -6,  -14,  -12,  -12,  -12,  -12,  -13,  -13,  -13,  -12,  -14,   -7,   -7,   -8,  -13,
     -13,  -13,  -13,  -13,  -10,  -10,  -10,   15,  -18,  -12,  -13,  -13,  -13,  -13,  -13,  -13,
     -10,  -10,  -10,  -10,   11,   -7,   -7,   -7,  -14,   -7,   -1,  -13,  -13,  -11,  -15,  -15,
     -11,  -10,  -10,  -18,  -10,  -10,  -10,  -13,  -12,  -24,  -13,    3,   -7,  -26,  -13,  -22,
     -11,  -10,  -10,  -12,  -12,  -13,  -13,  -20,  -13,   -7,  -13,  -23,  -13,  -18,  -18,  -18,
     -17,  -14,  -14,   -9,   -4,   -1,    5,    6,  -15,    6,    2,    2,   -7,   -6,  -10,    8,
      -9,  -10,   -9,   -9,   -7,   -1,   -8,  -13,   14,  -10,    7,    3,   -1,   -1,   -1,    3,
     -13,   -1,  -10,  -13,   -9,  -13,   -6,   -1,   -9,  -10,    7,  -13,    7,  -10,   -1,  -13,
     -13,  -13,  -13,  -15,  -17,  -12,    6,    6,  -16,  -14,  -10,  -10,  -15,   -4,   -1,    9,
       6,  -15,    6,    2,    2,   -9,   -6,  -10,    8,   -9,  -10,   -9,   -9,   -7,   -1,   -8,
     -13,   10,  -10,    6,    5,   -1,   -1,   -1,    3,  -13,   -1,  -10,  -13,   -6,  -13,   -6,
      -1,   -9,  -10,    6,  -13,    6,  -10,   -1,  -13,  -13,  -13,  -13,  -15,  -11,  -14,    6,
       6,  -16,  -14,  -10,  -10,  -10,   -4,   -1,   -1,    6,  -15,    6,    2,    2,  -13,   -6,
     -10,    8,   -9,  -10,   -9,   -9,   -7,   -1,   -8,  -13,    1,   11,  -10,    3,    1,   -1,
      -1,   -1,    3,  -13,   -1,  -10,  -13,  -11,  -13,   -6,   -1,   -9,  -10,    3,  -13,    3,
     -10,   -1,  -13,  -13,  -13,  -13,  -15,  -25,  -15,    6,    6,  -16,  -14,  -10,  -10,    1,
      -7,    2,  -17,   -6,   -7,   -8,   -8,   -6,   -6,  -12,   14,  -13,  -23,  -10,    7,   -7,
      -9,    6,  -11,  -11,  -11,   -8,  -11,  -10,  -10,   -9,   -1,  -18,  -10,  -17,  -15,   -9,
      -6,  -23,  -12,  -12,  -12,  -12,  -13,  -13,  -13,  -12,  -14,   -7,   -7,   -8,  -13,  -13,
     -13,  -13,  -13,  -10,  -10,  -10,   15,  -18,  -12,  -13,  -13,  -13,  -13,  -13,  -13,  -10,
     -10,  -10,  -10,    9,   -7,   -7,   -7,  -14,   -9,   -1,  -13,  -13,  -11,  -15,  -15,  -11,
     -10,  -10,  -18,  -10,  -10,  -10,  -13,  -12,  -24,  -13,    3,   -7,  -26,  -13,  -22,  -11,
     -10,  -10,  -12,  -12,  -13,  -13,  -20,  -13,   -7,  -13,  -23,  -13,  -18,  -18,  -18,  -17,
     -23,  -23,  -13,   -4,   -1,  -15,    6,  -15,    6,    2,    2,  -18,   -6,  -10,    8,   -9,
     -10,   -9,   -9,   -7,   -1,   -8,  -13,    1,  -15,    6,   -1,   -1,   -1,    3,  -13,   -1,
     -10,  -13,  -13,  -13,   -6,   -1,   -9,  -15,  -13,    6,  -10,   -1,  -13,  -13,  -13,  -13,
     -15,  -14,  -13,    6,    6,  -16,  -14,  -15,  -15,    9,   10,   -3,   -5,   -3,   -3,   -5,
      -2,   -3,   -2,    2,    5,    1,   -2,   11,   -9,   -3,   -3,   -5,    2,   -2,   -3,    2,
      -3,    5,   -2,    1,   -2,   -2,   -2,   22,    1,  -30,  -78,  -18,    6,    6,   -1,   -6,
      -7,    1,  -28,  -18,    6,    6,  -19,   -4,    2,   -3,   -1,  -86,  -15,   -6,  -38,    1,
     -66,   -3,  -22,   11,  -16,    7,  -10,   -3,    6,  -12,  -12,  -12,  -15,  -12,  -14,  -13,
     -15,   -7,   -2,  -10,   11,  -35,   -7,   -3,  -16,  -10,  -10,  -10,  -10,  -12,  -12,  -12,
       7,  -15,    7,  -10,  -10,  -10,  -10,   -3,  -12,  -86,  -15,  -12,  -12,  -15,   -7,   -7,
     -10,  -10,  -12,  -12,  -12,  -12,  -10,  -15,  -15,  -15,  -89,  -72,    6,    6,  -48,  -47,
     -16,  -16,    3,   34,   46,    1,   52,   46,    3,  -16,    3,   37,   50,   71,    9,   65,
       3,    9,   61,   14,   -1,    1,    1,  -10,   45,    6,  -11,   17,    9,    3,    3,    3,
       3,   65,  -10,    6,   65,    3,    3,    3,    3,    9,   21,   14,  -10,   15,    3,    3,
       3,  -10,  -10,  -10,  -16,   21,   36,    3,    3,    9,    9,  -15,   -5,   -6,  -18,  -15,
     -18,   -2,   -1,   -1,   -5,   -1,   -4,  -12,  -10,   -2,   -5,   -3,   -5,   -1,   -1,   -5,
      -5,   -5,  -15,  -14,  -14,   -2,   -2,    2,  -69,   -5,   -3,  -39,   15,  -14,    8,    4,
       4,  -31,   -8,  -11,   13,  -10,  -39,  -15,  -53,  -27,   -1,  -53,   -1,  -38,   -1,  -13,
      -5,   -3,   -1,    3,  -15,   -2,  -11,  -18,  -10,  -26,  -11,  -17,  -10,  -13,  -15,  -39,
      -5,  -15,  -15,  -15,  -15,  -14,  -33,  -35,    8,    8,  -40,  -30,  -13,  -13,  -14,   -2,
     -18,  -21,   -4,    7,   -5,  -10,   -4,    7,  -12,  -10,   -4,   -4,  -25,  -14,  -38,  -26,
      -7,  -12,   -6,   -9,  -12,   -5,   -2,  -36,  -17,  -46,  -27,  -14,  -66,  -14,  -41,   -2,
     -17,   -3,  -10,   -3,  -11,   -1,  -18,  -11,  -12,  -12,   -5,  -17,  -12,  -12,   -3,   -3,
     -36,  -10,   -3,   -3,  -23,  -19,  -28,  -17,  -17,  -17,  -50,  -14,  -40,  -26,   -7,  -12,
      -6,   -9,  -12,   -5,   -2,  -36,  -17,  -46,  -27,  -14,  -66,  -14,  -41,   -2,  -17,   -3,
     -10,   -3,  -11,   -1,  -18,  -11,  -12,  -12,   -5,  -17,  -12,  -12,   -3,   -3,  -36,  -10,
      -3,   -3,  -23,  -19,  -28,  -17,  -17,  -17,  -28,  -14,  -21,  -21,   -7,  -12,   -6,   -9,
     -12,   -5,   -2,  -36,  -17,  -46,  -27,  -14,  -66,  -14,  -41,    5,  -17,    1,   -3,  -10,
      -3,  -10,   -1,  -15,  -11,  -12,  -12,   -5,  -17,    1,  -12,    1,  -12,   -3,   -3,  -36,
     -10,   -3,   -3,  -42,  -27,  -28,  -17,  -17,  -17,  -23,   -2,   -3,  -17,   -5,  -18,   -2,
      -6,   -6,   -3,   -6,   -6,   -4,  -19,  -19,  -41,  -28,   -5,  -53,   -6,  -33,    2,   -5,
       1,   -1,   -1,   -1,   -4,   -1,   -3,   -4,   -1,   -2,   -4,   -6,   -4,   -2,   -6,   -6,
      -6,   -5,    1,   -3,   -6,    1,   -6,   -2,   -1,   -4,   -4,  -19,   -1,   -3,   -4,   -4,
      -1,   -1,   -3,   -3,   -3,   -5,  -16,  -19,  -21,   -7,   -5,   -5,   -5,  -29,   -2,   -3,
     -22,   -5,  -21,   -2,   -6,   -6,   -3,   -6,   -6,   -4,  -19,  -19,  -41,  -28,   -5,  -53,
      -6,  -33,   -5,   -1,   -1,   -1,   -4,   -1,   -3,   -4,   -1,   -2,   -4,   -5,   -4,   -2,
      -6,   -6,   -6,   -5,   -3,   -6,   -6,   -2,   -1,   -4,   -4,  -19,   -1,   -3,   -4,   -4,
      -1,   -1,   -3,   -3,   -3,   -5,  -26,  -23,  -21,   -7,   -5,   -5,   -5,  -15,   -2,   -3,
     -22,   -5,  -21,   -2,   -6,   -6,   -3,   -6,   -6,   -4,  -19,  -19,  -41,  -28,   -5,  -53,
      -6,  -33,   -5,    6,   -1,   -1,   -1,   -4,   -1,   -3,   -4,   -1,   -2,   -4,   -6,   -4,
      -2,   -6,   -6,   -6,   -5,   -3,   -6,   -6,    6,   -2,   -1,   -4,   -4,  -19,   -1,   -3,
      -4,   -4,   -1,   -1,   -3,   -3,   -3,   -5,  -16,  -12,  -21,   -7,   -5,   -5,   -5,  -25,
      -2,   -3,  -19,   -5,  -20,   -2,   -6,   -6,   -3,   -6,   -6,   -4,  -19,  -19,  -41,  -28,
      -5,  -53,   -6,  -33,   -5,   -1,   -1,   -1,   -4,   -1,   -3,   -4,   -1,   -2,   -4,   -6,
      -4,   -2,   -6,   -6,   -6,   -5,   -3,   -6,   -6,   -2,   -1,   -4,   -4,  -19,   -1,   -3,
      -4,   -4,   -1,   -1,   -3,   -3,   -3,   -5,  -16,  -23,  -21,   -7,   -5,   -5,   -5,   -2,
      -3,   -7,   -3,   -6,   -1,   -2,   -2,   -7,  -11,  -29,  -21,   -1,  -38,   -1,   -4,    8,
       2,    2,   -3,   -1,   -3,   -1,   -2,   -2,   -2,   -2,    8,   -1,   -7,   -3,   -1,   -1,
      -7,   -6,    1,   17,   30,   24,   22,   -3,   12,   -1,   -2,   -2,   -7,  -11,  -29,  -21,
      -1,  -38,   -1,   -4,   27,   40,    5,   33,    3,    6,   30,    5,    2,    4,   22,   -3,
       6,   -3,   -1,   -2,   -2,    5,    3,    2,    3,    3,   33,    3,    3,   -2,   33,   -2,
       3,    3,    3,    3,    6,   -1,    7,   -7,    5,    4,    3,    3,    3,   -3,   14,   27,
      -7,   -6,    1,    5,    5,  -32,    1,    2,  -14,    2,  -86,  -73,  -86,  -18,    1,  -13,
      -1,   -2,   -5,    1,  -41,   -1,  -42,   -1,   -3,  -50,    7,  -35,   -1,  -24,    3,   -3,
      -1,  -16,  -16,  -16,  -22,   -1,  -18,   -7,  -17,  -12,  -16,  -21,    1,    1,  -61,  -33,
      -6,  -61,   -1,   -1,  -50,  -50,  -50,  -50,  -32,  -33,  -30,   -3,  -10,   -4,   -1,   -4,
     -35,  -35,  -35,  -35,  -35,  -18,  -18,  -18,    5,  -15,  -50,  -32,  -35,  -34,  -34,  -34,
     -34,  -23,  -23,  -24,  -24,    9,   -5,   -5,   -5,  -13,    1,  -35,  -35,  -16,  -17,  -19,
      -3,  -18,  -18,  -15,  -21,  -20,  -23,  -35,  -48,  -26,  -33,    5,   -4,  -30,  -35,  -12,
     -15,  -16,  -18,  -42,  -50,  -35,  -34,   -9,  -34,   -3,  -35,  -13,  -35,  -15,  -16,  -15,
     -73,    3,    1,  -87,  -87,  -17,    1,   -1,   -1,    4,  -55,   -3,   -2,  -34,   10,  -14,
      10,    5,    5,  -28,   -7,  -10,   16,   -9,  -33,  -14,  -47,  -26,  -49,   -1,  -32,   -1,
     -12,    2,   -2,    4,  -15,   -1,   -6,  -16,  -11,  -23,  -12,  -15,    1,   -9,  -12,  -15,
       2,    2,  -33,  -15,  -15,  -15,  -15,  -30,  -58,  -56,   10,   10,  -37,  -27,  -12,  -12,
       2,  -29,   -5,   -3,  -36,   21,  -14,   10,    5,    9,  -28,   -7,  -10,   16,   -9,  -33,
     -14,  -47,  -26,  -49,   -1,  -32,   -1,    2,    1,   26,    2,   -2,    2,  -30,   -1,   -9,
     -16,  -11,  -23,  -12,  -15,    1,   -9,    2,  -30,    1,    1,    1,    1,   26,    2,    2,
     -33,  -30,    1,  -30,  -30,  -30,  -30,  -29,  -30,   21,   21,  -37,  -27,    2,    2,   -1,
     -39,   -5,   -7,  -24,   -7,  -24,   -4,   -2,   -6,  -11,    3,   -4,   -6,  -10,   -2,  -21,
     -20,  -48,  -35,   -6,  -54,   -5,  -22,   -1,   -5,   -1,   -1,   -2,   -2,   -2,   -2,   -1,
      -4,   -3,    1,  -16,   -6,   -1,   -9,   -6,  -14,   -6,   -6,   -2,   -6,   -6,  -10,   -5,
      -1,   -1,   -1,   -1,   -1,   -1,   -1,   -1,   -1,   -1,   -1,  -16,   -1,   -1,   -1,   -1,
      -1,   -1,   -1,   -1,   -1,   -1,   -6,   -6,   -1,   -3,   -1,   -1,   -2,  -21,   -2,   -1,
      -1,  -16,   -6,   -6,   -1,   -1,   -1,   -1,   -1,   -1,   -2,   -2,   -1,   -1,   -1,   -1,
      -1,   -1,   -1,   -1,   -1,  -16,  -16,  -16,  -15,  -19,  -19,    2,    2,  -26,  -17,   -9,
      -5,   -5,   -9,   -4,   -4,  -11,   -6,   -5,   -1,   -1,   -2,   -1,  -11,   -4,  -15,   -6,
      -1,   -1,   -5,   -1,   -2,   -4,   -4,   -1,   -1,   -2,   -1,   -8,    1,  -16,   16,   27,
      -8,   30,   36,  -23,  -21,  -23,  -14,  -14,   23,  -23,    7,  -15,    5,   19,   10,   27,
      23,   13,   25,   10,   27,  -14,   47,  -15,  -11,  -13,   41,   -3,   -2,   37,  -13,  -13,
     -13,  -17,  -12,  -13,  -15,  -14,  -15,  -17,  -21,   29,  -22,  -26,    7,    7,  -11,  -14,
     -14,  -14,  -14,  -15,  -15,  -15,   -3,   -3,   -3,   -3,  -26,  -15,  -15,  -15,  -15,  -13,
     -13,  -13,   41,  -17,  -14,  -15,  -15,  -15,  -15,  -15,  -15,  -13,  -13,  -13,  -13,    7,
      41,    7,   -3,   -3,   -3,   -3,   -2,  -15,  -15,  -13,  -17,  -17,   19,  -12,  -13,  -13,
     -17,  -21,  -21,  -13,  -15,  -14,  -15,  -15,   -3,   -3,  -15,  -15,  -13,  -13,  -13,  -13,
     -14,  -14,  -15,  -15,  -15,  -15,   -9,  -15,   50,  -15,  -17,  -17,  -17,  -21,    1,   20,
     -23,  -23,  -11,  -11,    1,    1,    1,  -19,    2,    8,    2,    5,    4,    3,   -6,    2,
     -13,    2,    2,    5,   -6,    5,    3,   -6,   -6,   -6,   -6,  -19,    6,    1,    2,    2,
     -25,  -14,  -40,  -26,   -7,  -12,   -6,   -9,  -12,   -5,   -2,  -36,  -17,  -46,  -27,  -14,
     -66,  -14,  -41,   -2,  -17,    1,   -3,  -10,   -3,  -11,   -1,  -18,  -11,  -12,  -12,   -5,
     -17,  -12,  -12,    1,   -3,   -3,  -36,  -10,   -3,   -3,  -23,  -19,  -28,  -17,  -17,  -17,
     -46,  -14,  -38,  -25,   -7,  -12,   -6,   -9,  -12,   -5,   -2,  -36,  -17,  -46,  -27,  -14,
     -66,  -14,  -41,   -2,  -26,   -3,  -15,   -3,  -11,   -1,  -15,  -11,  -12,  -12,   -5,  -26,
     -12,  -12,   -3,   -3,  -36,  -15,   -3,   -3,  -37,  -35,  -28,  -17,  -26,  -26,  -15,  -12,
     -22,  -21,   -5,   -9,   -3,   -6,   -9,   -3,   -3,  -19,  -17,  -39,  -26,  -11,  -56,   -9,
     -31,   -6,   -2,   -2,   -3,   -5,   -2,   -1,   -6,   -2,   -3,   -9,   -9,   -3,   -6,   -9,
      -9,   -2,   -2,  -19,   -2,   -3,   -3,  -25,  -17,  -21,   -7,   -6,   -6,  -27,   -4,   -1,
     -13,    6,  -15,    6,    2,    2,  -18,   -6,  -10,    8,   -9,  -10,   -9,   -9,   -7,   -1,
      -8,  -13,    1,  -10,   -1,   -1,   -1,    3,  -13,   -1,  -10,  -13,  -13,  -13,   -6,   -1,
      -9,  -10,  -13,  -10,   -1,  -13,  -13,  -13,  -13,  -15,  -23,  -27,    6,    6,  -16,  -14,
     -10,  -10,  -18,   -4,   -1,    3,    6,  -15,    6,    2,    2,  -12,   -6,  -10,    8,   -9,
     -10,   -9,   -9,   -7,   -1,   -8,  -13,    1,  -10,   -1,   -1,   -1,    3,  -13,   -1,  -10,
     -13,   -2,  -13,   -6,   -1,   -9,  -10,  -13,  -10,   -1,  -13,  -13,  -13,  -13,  -15,   -5,
     -21,    6,    6,  -16,  -14,  -10,  -10,  -25,  -14,  -40,  -26,   -7,  -12,   -6,   -9,  -12,
      -5,   -2,  -36,  -17,  -46,  -27,  -14,  -66,  -14,  -41,   -2,  -17,   -3,  -10,   -3,  -11,
      -1,  -18,  -11,  -12,  -12,   -5,  -17,  -12,  -12,   -3,   -3,  -36,  -10,   -3,   -3,  -23,
     -39,  -28,  -17,  -17,  -17,  -15,   -2,   -3,  -22,   -5,  -21,   -2,   -6,   -6,   -3,   -6,
      -6,   -4,  -19,  -19,  -41,  -28,   -5,  -53,   -6,  -33,   -5,    5,   -1,   -1,   -1,   -4,
      -1,   -3,   -4,   -1,   -2,   -4,   -6,   -4,   -2,   -6,   -6,   -6,   -5,   -3,   -6,   -6,
       5,   -2,   -1,   -4,   -4,  -19,   -1,   -3,   -4,   -4,   -1,   -1,   -3,   -3,   -3,   -5,
     -16,  -12,  -21,   -7,   -5,   -5,   -5,    3,  -29,   -3,   10,  -18,   10,  -16,   10,    5,
       5,  -16,   -7,   -9,   15,   -8,  -30,  -14,  -46,  -25,  -49,   -1,  -27,   12,    7,  -13,
       3,    2,    1,   -4,   -3,   -2,    5,  -16,   11,   -6,  -14,  -13,  -22,  -14,  -13,    1,
      -8,  -13,    3,  -16,    3,    1,    1,  -30,   -4,  -16,  -16,  -16,  -16,  -16,  -53,  -31,
      10,   10,  -35,  -25,  -13,  -13,    3,  -25,   -3,    4,  -15,   10,  -16,   10,    5,    5,
     -17,   -7,   -9,   15,   -8,  -30,  -14,  -46,  -25,  -49,   -1,  -27,    4,   14,  -13,    9,
       6,    1,   -4,   -3,   -2,    5,  -16,    1,   -6,  -14,  -13,  -19,  -14,  -13,    1,   -8,
     -13,    9,  -16,    9,    1,    1,  -30,   -4,  -16,  -16,  -16,  -16,  -16,  -50,  -30,   10,
      10,  -35,  -25,  -13,  -13,  -15,  -12,  -22,  -21,   -5,   -9,   -3,   -6,   -9,   -3,   -3,
     -19,  -17,  -39,  -26,  -11,  -56,   -9,  -31,   -6,    1,   -2,   -2,   -3,   -5,   -2,   -1,
      -6,   -2,   -3,   -9,   -9,   -3,   -6,   -9,   -9,    1,   -2,   -2,  -19,   -2,   -3,   -3,
     -13,   -8,  -21,   -7,   -6,   -6,  -30,  -12,  -20,  -21,   -5,   -9,   -3,   -6,   -9,   -3,
      -3,  -19,  -17,  -39,  -26,  -11,  -56,   -9,  -31,   -6,   -2,   -2,   -3,   -5,   -2,   -1,
      -6,   -2,   -3,   -9,   -9,   -3,   -6,   -9,   -9,   -2,   -2,  -19,   -2,   -3,   -3,  -26,
     -17,  -21,   -7,   -6,   -6,    9,    7,   18,    2,   -5,   -9,   -3,   -6,   -9,   -3,   -3,
     -19,  -17,  -39,  -26,  -11,  -56,   -9,  -31,   25,   26,   -6,   19,   17,   -2,   -2,   -3,
      26,   -2,   -1,   -3,   -2,   -3,   -9,   -9,   -3,   -6,   19,   -9,   19,   -9,   -2,   -2,
     -19,   -2,   -3,   -3,  -22,   11,  -21,   -7,   -6,   -6,    8,   11,   17,    3,   -2,   -5,
      -9,   -3,   -6,   -9,   -3,   -3,  -19,  -17,  -39,  -26,  -11,  -56,   -9,  -31,   18,   34,
      -6,   27,   22,   -2,   -2,   -3,   14,   -2,   -1,   -2,   -3,   -9,   -9,   -3,   -6,   27,
      -9,   27,   -9,   -2,   -2,  -19,   -2,   -3,   -3,  -19,   12,  -21,   -7,   -6,   -6,  -15,
     -12,  -22,  -21,   -5,   -9,   -3,   -6,   -9,   -3,   -3,  -19,  -17,  -39,  -26,  -11,  -56,
      -9,  -31,   -6,   -2,   -2,   -3,   -5,   -2,   -1,   -6,   -2,   -3,   -9,   -9,   -3,   -6,
      -9,   -9,   -2,   -2,  -19,   -2,   -3,   -3,  -26,  -17,  -21,   -7,   -6,   -6,  -15,  -12,
     -22,  -21,   -5,   -9,   -3,   -6,   -9,   -3,   -3,  -19,  -17,  -39,  -26,  -11,  -56,   -9,
     -31,   -6,    1,   -2,   -2,   -3,   -5,   -2,   -1,   -6,   -2,   -3,   -9,   -9,   -3,   -6,
      -9,   -9,    1,   -2,   -2,  -19,   -2,   -3,   -3,  -24,  -17,  -21,   -7,   -6,   -6,  -27,
      -4,   -1,  -15,    6,  -15,    6,    2,    2,  -18,   -6,  -10,    8,   -9,  -10,   -9,   -9,
      -7,   -1,   -8,  -13,    1,  -10,   -1,   -1,   -1,    3,  -13,   -1,  -10,  -13,  -13,  -13,
      -6,   -1,   -9,  -10,  -13,  -10,   -1,  -13,  -13,  -13,  -13,  -15,  -27,  -13,    6,    6,
     -16,  -14,  -10,  -10,    1,   -7,    2,  -17,   -6,   -7,   -8,   -8,   -6,   -6,  -12,   14,
     -13,  -14,  -10,    7,   -7,  -13,    6,  -11,  -11,  -11,   -8,  -11,  -10,  -10,   -9,   -1,
     -18,  -10,  -17,  -15,   -9,   -6,  -14,  -12,  -12,  -12,  -12,  -13,  -13,  -13,  -12,  -14,
      -7,   -7,   -8,  -13,  -13,  -13,  -13,  -13,  -10,  -10,  -10,   15,  -18,  -12,  -13,  -13,
     -13,  -13,  -13,  -13,  -10,  -10,  -10,  -10,    9,   -7,   -7,   -7,  -14,  -13,   -1,  -13,
     -13,  -11,  -15,  -15,  -11,  -10,  -10,  -18,  -10,  -10,  -10,  -13,  -12,  -24,  -13,    3,
      -7,  -26,  -13,  -22,  -11,  -10,  -10,  -12,  -12,  -13,  -13,  -20,  -13,   -7,  -13,  -23,
     -13,  -18,  -18,  -18,  -17,  -14,  -14,  -13,   -4,   -1,  -14,    6,  -15,    6,    2,    2,
     -18,   -6,  -10,    8,   -9,  -10,   -9,   -9,   -7,   -1,   -8,  -13,    1,  -10,    4,   -1,
      -1,   -1,    3,  -13,   -1,  -10,  -13,  -13,  -13,   -6,   -1,   -9,  -10,  -13,    4,  -10,
      -1,  -13,  -13,  -13,  -13,  -15,  -14,  -13,    6,    6,  -16,  -14,  -10,  -10,  -20,    3,
     -17,  -13,   -7,  -12,   -6,   -9,  -12,   -5,   -2,  -36,  -17,  -46,  -27,  -14,  -66,  -14,
     -41,   10,   11,  -17,    6,    4,   -3,  -10,   -3,    7,   -1,  -15,  -11,  -12,  -12,   -5,
     -17,    6,  -12,    6,  -12,   -3,   -3,  -36,  -10,   -3,   -3,  -46,  -18,  -28,  -17,  -17,
     -17,    1,  -16,   -1,  -15,  -13,   -7,  -12,   -6,   -9,  -12,   -5,   -2,  -36,  -17,  -46,
     -27,  -14,  -66,  -14,  -41,    5,   16,  -17,   11,    9,   -3,  -10,   -3,   -2,   -1,  -11,
     -11,  -12,  -12,   -5,  -17,   11,  -12,   11,  -12,   -3,   -3,  -36,  -10,   -3,   -3,  -40,
     -17,  -28,  -17,  -17,  -17,  -16,   16,   27,   -8,   30,   36,  -23,  -21,  -23,  -14,  -14,
      23,  -23,    7,  -15,    5,   19,   10,   27,   23,   13,   25,   10,   27,  -14,   47,  -15,
     -11,  -13,   41,   -3,   -2,   37,  -13,  -13,  -13,  -17,  -12,  -13,  -15,  -14,  -15,  -17,
     -21,   29,  -22,  -26,    7,    7,  -11,  -14,  -14,  -14,  -14,  -15,  -15,  -15,   -3,   -3,
      -3,   -3,  -26,  -15,  -15,  -15,  -15,  -13,  -13,  -13,   41,  -17,  -14,  -15,  -15,  -15,
     -15,  -15,  -15,  -13,  -13,  -13,  -13,    7,   41,   19,   -3,   -3,   -3,   -3,   -2,  -15,
     -15,  -13,  -17,  -17,   19,  -12,  -13,  -13,  -17,  -21,  -21,  -13,  -15,  -14,  -15,  -15,
      -3,   -3,  -15,  -15,  -13,  -13,  -13,  -13,  -14,  -14,  -15,  -15,  -15,  -15,   -9,  -15,
      50,  -15,  -30,  -17,  -17,  -21,    1,   20,  -23,  -23,  -11,  -11,    1,   -3,   -6,  -13,
      18,   17,  -15,   -6,  -12,  -10,  -12,   -1,  -11,  -15,  -41,  -29,  -15,  -56,   -9,   -9,
      11,   27,   10,   -2,   -8,  -12,  -12,  -12,  -12,   27,  -11,   -2,   -2,    7,    7,  -13,
      -2,   -2,  -45,  -32,  -51,   -8,   -8,  -26,  -18,   -8,   -4,  -15,  -20,  -13,  -13,  -18,
     -17,   -4,  -14,  -16,  -17,   -1,  -49,  -14,  -42,  -30,  -30,  -55,  -19,   -4,  -27,  -28,
     -13,  -15,   -6,   -6,   -6,   -5,  -18,  -11,   -5,   -5,   -8,   -7,  -25,  -19,  -23,  -17,
     -17,   -1,  -28,  -13,  -13,  -13,  -13,  -11,  -11,  -11,  -17,  -17,  -13,  -13,  -13,  -13,
     -15,   -6,   -5,   -5,  -95,  -36,  -11,  -11,   -7,   -7,  -13,  -13,   -6,   -6,  -11,  -11,
     -13,  -49,  -43,   -8,   -8,  -44,  -28,  -28,  -45,  -32,  -51,   -8,   -8,  -26,  -18,   -8,
      -4,  -15,  -20,  -13,  -13,  -18,  -17,   -4,  -14,  -16,  -17,   -3,  -49,  -14,  -42,  -30,
     -30,  -55,  -19,   -4,  -27,  -28,  -13,  -15,   -6,   -6,   -6,   -5,  -18,  -11,   -5,   -5,
      -8,   -7,  -25,  -19,  -23,  -17,  -17,   -3,  -28,  -13,  -13,  -13,  -13,  -11,  -11,  -11,
     -17,  -17,  -13,  -13,  -13,  -13,  -15,   -6,   -5,   -5,  -95,  -36,  -11,  -11,   -7,   -7,
     -13,  -13,   -6,   -6,  -11,  -11,  -13,  -49,  -43,   -8,   -8,  -44,  -28,  -28,  -17,  -12,
       2, -121,  -27,  -60,  -12,    2,    1,  -34,  -41,    1,    1,   15,   10,    3,   11,    1,
     -12,   25,   -8,    2,   -2,   18,    8,    9,   14,    1,    1,    1,   -2,    3,    4,    2,
       3,  -10,   -1,   -5,   -1,  -20,   -1,  -50,  -49,    2,  -23,  -12,  -12,  -12,  -13,   -8,
     -12,   23,    8,   18,   27,  -15,   -8,   -8,  -15,   -8,    4,    4,    4,   36,  -12,  -15,
      -8,  -14,  -15,  -15,  -15,   -3,   -2,   -2,   -2,   29,   17,   19,   19,    8,   22,    5,
      -8,   -8,    1,   -3,    1,    6,    4,    4,   -1,   -2,   -2,   -8,  -20,   -2,   -8,   44,
      17,  -11,   -8,    6,    1,   11,    4,  -18,  -12,   -8,   -8,   10,  -14,    8,   -8,    1,
      -8,  -27, -121,  -60,    2,    2,  -17,  -11, -128,  -43,  -66,   10,    1,  -15,    1,    6,
      -3,   -3,  -37,  -42,   -1,    4,    9,    6,    1,    6,    1,  -23,   19,  -17,   10,  -10,
      13,   -5,   -5,    9,   -4,   -4,   -4,   -8,   10,   -8,   -4,   -4,  -16,   -3,   -8,   -3,
      -5,  -33,    1,    1,   -8,  -48,  -52,   10,  -46,  -45,  -23,  -44,  -28,  -27,  -25,   -3,
      -5,    3,    4,   -1,  -32,  -32,  -32,  -30,  -17,   -8,   -8,  -15,   25,   -5,  -23,  -27,
     -17,  -31,  -30,  -31,  -32,  -15,  -18,  -10,  -10,    1,   27,    2,   -5,   -6,   -5,   15,
      -1,    4,  -32,  -33,   -4,   -9,  -12,    4,   17,   -8,   -8,   -3,   -8,  -16,  -19,  -17,
     -42,  -18,  -29,   24,  -26,  -31,   -2,   -6,  -13,   -8,  -41,  -23,  -17,  -28,  -10,  -30,
      -5,  -17,  -17,  -33,   -3,   -3,   -3,  -43,    1, -128,  -66,   10,   10,  -13,  -64,   -7,
     -16,   -3,  -74,  -46,  -19,   -4,   -4,   -1,   -3,   -1,  -18,  -30,   -6,  -22,  -34,  -17,
       4,  -27,    3,  -26,   -8, -101,  -28,  -54,  -81,    1, -106,   -3,  -44,   -2,  -10,  -11,
       4,  -10,  -22,    9,  -26,  -26,  -26,  -23,  -26,  -25,  -24,    1, -100,  -13,  -15,   -4,
      -3,   -1,  -25,  -14,  -64,  -15,   14,  -45,    1,   -2,   -2,   -2,   -2,  -11,  -11,  -11,
     -22,  -22,  -22,  -22,  -10,  -11,  -11,  -11,  -11,  -22,  -26,  -26,  -26, -100,   -2,  -11,
     -11,  -11,  -11,  -11,  -11,  -10,  -10,  -10,  -10,  -22,  -22,  -22,  -22,    4,  -12,  -11,
     -11,  -26, -101,  -23,  -26,  -26, -100,  -13,  -13,  -10,  -22,   -2,  -11,  -11,  -22,  -22,
     -11,  -11,  -26,  -26,  -26,  -26,   -2,   -2,  -11,  -11,  -11,  -11,  -22,  -11,  -11,  -11,
    -100, -100, -100,  -46, -128, -128,  -67,    4,    4,  -13,  -64,   -7,  -16,   -3,  -76,  -23,
     -19,   -4,   -4,   -1,   -3,   -1,  -18,  -30,   -6,  -22,  -34,  -17,    4,  -27,    3,  -26,
      -8,  -51,  -28,  -54,  -40,    1,  -53,   -3,  -44,   -2,  -10,  -11,    3,  -10,  -22,    8,
     -26,  -26,  -26,  -23,  -26,  -25,  -24,    1, -100,  -13,  -15,   -4,   -3,   -1,  -25,  -14,
     -64,  -15,   14,  -45,   -2,   -2,   -2,   -2,  -11,  -11,  -11,  -22,  -22,  -22,  -22,  -10,
     -11,  -11,  -11,  -11,  -22,  -26,  -26,  -26, -100,   -2,  -11,  -11,  -11,  -11,  -11,  -11,
     -10,  -10,  -10,  -10,  -22,  -22,  -22,  -22,    4,  -12,  -11,  -11,  -26, -101,  -23,  -26,
     -26, -100,  -13,  -13,  -10,  -22,   -2,  -11,  -11,  -22,  -22,  -11,  -11,  -26,  -26,  -26,
     -26,   -2,   -2,  -11,  -11,  -11,  -11,  -22,  -11,  -11,  -11, -100, -100, -100,  -23,  -80,
     -75,  -67,    3,    3,    7,    5,   -2,    7,    5,    7,    7,   -6,    6,    4,   -2,    6,
       4,    6,    6,   -7,   -4,  -30,  -47,  -23,  -12,  -48,   -8,  -13,   -5,  -10,  -16,  -17,
      -6,  -16,  -18,  -13,  -16,   -5,   -5,  -30,  -10,  -16,  -18,  -18,  -16,  -16,  -16,  -13,
     -13,  -17,    1,    1,  -12,   -3,    7,    3, -125,  -41,  -62,    2,  -20,   -1,    3,   -4,
      -4,    2,   11,   -5,    6,  -10,  -34,  -13,  -50,  -41,    1,  -62,  -62,  -14,   -8,    4,
       6,    1,    5,    6,    6,    1,    6,    5,    5,    5,    5,    1,    1,    1,    1,    1,
       5,    5,    5,    5,    6,    6,    1,    1,    5,    5,    1,    1,    5,    6,    6,    1,
       1,   12,    2,    4,   10,    2,   12,    2,    2,    2,    2,    2,    2,    2,    2,    4,
       1,   10,    2,    2,    2,   12,   12,   -3,   -6,   -1,   -1,  -11,   -5,  -14,   -9,   25,
      54,  127,   14,   55,   82,  -11,  -20,  -11,   71,   20,   -8,   45,   15,   -7,   37,   45,
      17,   36,   55,   57,   73,   69,   57,   70,   46,   59,   69,   -6,   -2,    2,   24,   41,
       5,   10,    5,    5,    4,    5,   69,   60,   35,   51,  -17,   65,   63,   59,  -17,   71,
      51,   45,   45,   17,    2,   -7,   -6,  -10,   -5,   10,    5,   25,   55,   16,   45,   70,
      -3,    6,    2,   14,   -2,    5,    7,   17,   -9,    3,   -1,    7,   11,    9,    6,   13,
      17,    2,    2,   45,   77,   45,   57,   55,   48,   16,   69,   -7,    3,    3,   16,   20,
      21,   55,    3,    2,    3,    1,    3,   11,   14,   -2,   -1,   46,    3,   91,   49,   36,
      -1,   50,   14,   15,    1,    5,   -9,   11,   53,    5,   26,   -3,   42,    1,    9,    1,
       6,  -20,  127,  127,  -11,  -11,   81,   75,   -5,   53,   26,    2,    2,  -27,   -4,   -1,
     -20,    6,  -15,    6,    2,    2,  -18,   -6,  -10,    8,   -9,  -10,   -9,   -9,   -7,   -1,
      -8,  -13,    1,  -10,   -1,   -1,   -1,    3,  -13,   -1,  -10,  -13,  -13,  -13,   -6,   -1,
      -9,  -10,  -13,  -10,   -1,  -13,  -13,  -13,  -13,  -15,  -29,  -13,    6,    6,  -19,  -14,
     -10,  -10,
};

static const EpdLigaturePair libron_16_bolditalicLigaturePairs[] = {
    { 0x00660066, 0xFB00 }, // f f -> U+FB00
    { 0x00660069, 0xFB01 }, // f i -> U+FB01
    { 0x0066006C, 0xFB02 }, // f l -> U+FB02
    { 0xFB000069, 0xFB03 }, // U+FB00 i -> U+FB03
    { 0xFB00006C, 0xFB04 }, // U+FB00 l -> U+FB04
};

static const EpdFontData libron_16_bolditalic = {
    libron_16_bolditalicBitmaps,
    libron_16_bolditalicGlyphs,
    libron_16_bolditalicIntervals,
    53,
    33,
    27,
    -7,
    true,
    libron_16_bolditalicGroups,
    11,
    nullptr,
    nullptr,  // kernLeftClasses: built-in fonts use the split arrays below
    nullptr,  // kernRightClasses
    libron_16_bolditalicKernLeftCodepoints,
    libron_16_bolditalicKernLeftClassIds,
    libron_16_bolditalicKernRightCodepoints,
    libron_16_bolditalicKernRightClassIds,
    nullptr,  // kernMatrix: built-in fonts use the sparse form below
    libron_16_bolditalicKernRowOffsets,
    libron_16_bolditalicKernSparseCols,
    libron_16_bolditalicKernSparseValues,
    460,
    464,
    202,
    188,
    libron_16_bolditalicLigaturePairs,
    5,
};
