/**
 * generated by fontconvert.py
 * name: libron_14_bolditalic
 * size: 14
 * mode: 2-bit  compressed: true
 * Command used: fontconvert.py libron_14_bolditalic 14 ../builtinFonts/source/Libron/Libron-BoldItalic.ttf --2bit --compress --pnum --zopfli
 */
#pragma once
#include "EpdFontData.h"

static const uint8_t libron_14_bolditalicBitmaps[21761] = {
    0xAD, 0x59, 0x3D, 0x8C, 0xDE, 0x46, 0x7A, 0x7E, 0x49, 0xDE, 0x99, 0x97, 0x0C, 0x2E, 0xA3, 0x26,
    0x08, 0x10, 0xF9, 0xCC, 0x2B, 0x0F, 0x88, 0x2D, 0xBA, 0x70, 0x61, 0x20, 0xDA, 0x1D, 0xDA, 0x2E,
    0xAE, 0x48, 0x71, 0x29, 0xD2, 0x9F, 0x8B, 0x20, 0x30, 0x90, 0x62, 0x0D, 0x24, 0x85, 0x8B, 0x3D,
    0x91, 0xB0, 0xCA, 0x43, 0x60, 0xF5, 0x55, 0x8A, 0x34, 0x49, 0xE3, 0xC6, 0x85, 0x02, 0x68, 0xC5,
    0x39, 0xBB, 0x70, 0xE1, 0x22, 0x8C, 0x53, 0xB8, 0x70, 0x61, 0x5E, 0x22, 0xE4, 0x07, 0xB8, 0xC0,
    0x13, 0x67, 0x62, 0x51, 0x36, 0xC9, 0x37, 0xCF, 0x33, 0xB3, 0xDF, 0xEE, 0x6A, 0x21, 0x17, 0x01,
    0xF2, 0x2D, 0xF9, 0xF0, 0xFB, 0xA8, 0x99, 0xE7, 0xFD, 0x7F, 0x67, 0x48, 0x89, 0x8D, 0xD2, 0x46,
    0x71, 0x41, 0xDC, 0x2C, 0xFD, 0x24, 0xBD, 0x97, 0xB1, 0x13, 0x15, 0xD9, 0x44, 0x56, 0x29, 0x16,
    0x29, 0x82, 0x14, 0xB3, 0xE4, 0x4F, 0xE3, 0x39, 0x6A, 0xC4, 0x31, 0x89, 0xEB, 0xC4, 0xFE, 0xD7,
    0xDE, 0x7C, 0xBA, 0x36, 0x1F, 0xAE, 0xED, 0xDD, 0xE8, 0xAA, 0xE0, 0xAA, 0xF9, 0xA8, 0xF6, 0xA7,
    0xC6, 0x8B, 0xD8, 0x2E, 0x60, 0x74, 0x89, 0x79, 0x47, 0x15, 0x7E, 0x9E, 0x9A, 0x41, 0x24, 0x5A,
    0x01, 0xD9, 0x2D, 0x29, 0x55, 0x35, 0x56, 0x80, 0xF0, 0xAC, 0x61, 0xBD, 0xEA, 0x2E, 0xA3, 0xEA,
    0x26, 0xD5, 0x74, 0x5B, 0xA4, 0xF6, 0xF7, 0x9F, 0xCD, 0x86, 0xBB, 0x2F, 0x00, 0x5E, 0x78, 0x09,
    0xF0, 0x12, 0x06, 0x96, 0x98, 0x26, 0x8D, 0x2A, 0x2C, 0x20, 0xB3, 0x4E, 0x2D, 0x40, 0xEA, 0xA9,
    0x50, 0x11, 0x49, 0x20, 0x3A, 0x10, 0x16, 0x40, 0xCB, 0xAF, 0xB5, 0x82, 0x55, 0x7A, 0xFE, 0x36,
    0x2B, 0xA0, 0x3A, 0x87, 0x53, 0x31, 0x8B, 0x68, 0x77, 0x12, 0x45, 0x55, 0x67, 0xD2, 0x0D, 0x62,
    0xF4, 0x09, 0x58, 0x3E, 0xF5, 0x90, 0xF3, 0x11, 0xA0, 0xFA, 0x98, 0x54, 0xED, 0x9C, 0xA8, 0x17,
    0xA9, 0xE6, 0x3A, 0xAC, 0x62, 0xBD, 0xF5, 0x67, 0xD2, 0x4A, 0x33, 0x9C, 0xC9, 0x03, 0xB8, 0x67,
    0x2B, 0xE1, 0x53, 0x59, 0xE1, 0x0E, 0x57, 0x2C, 0x4D, 0x27, 0xAE, 0x8A, 0xBF, 0x10, 0x71, 0xE6,
    0xD7, 0x71, 0x1C, 0x1A, 0xBD, 0xFB, 0x6F, 0x1A, 0xEA, 0x27, 0xF6, 0xBD, 0x4F, 0xA3, 0xC8, 0xB1,
    0x7B, 0x0D, 0x5A, 0x2C, 0x18, 0x26, 0x55, 0x78, 0x58, 0x46, 0x31, 0x7E, 0xAB, 0x22, 0xA8, 0xD6,
    0x2A, 0x80, 0x6A, 0x35, 0x13, 0xA8, 0xCE, 0x5A, 0x5F, 0xC3, 0xEB, 0x2A, 0xA0, 0x6A, 0x22, 0xC5,
    0xEF, 0x1D, 0xC5, 0xEB, 0x4C, 0xAD, 0x6D, 0x80, 0x15, 0xD1, 0x00, 0xED, 0x39, 0xDA, 0x89, 0x76,
    0x39, 0x8C, 0xA9, 0xF7, 0x47, 0xB4, 0x4C, 0x45, 0x57, 0xF9, 0x2D, 0xF5, 0x27, 0xF7, 0x8A, 0xD8,
    0x4F, 0x4E, 0x4C, 0x68, 0xC3, 0x91, 0x34, 0xB3, 0x5D, 0xEE, 0x23, 0xAA, 0x66, 0x9B, 0x81, 0x15,
    0x6C, 0x75, 0xA1, 0x54, 0x68, 0xBB, 0x15, 0xEA, 0xA5, 0x55, 0xF2, 0x1B, 0xDD, 0xDD, 0x2E, 0xC5,
    0x38, 0xB7, 0xBB, 0xD8, 0xD0, 0x4C, 0x8D, 0x6F, 0x07, 0x07, 0xDB, 0x8E, 0xE0, 0xAB, 0xF4, 0x79,
    0x91, 0xB9, 0x52, 0x05, 0xE6, 0x47, 0xCF, 0xCC, 0xA9, 0x16, 0xB0, 0x8B, 0x9D, 0xA5, 0x85, 0xF1,
    0x60, 0xEC, 0x78, 0x7B, 0x3C, 0x1C, 0x0F, 0x85, 0x3F, 0x5D, 0x3A, 0x5A, 0x46, 0x57, 0xEC, 0x80,
    0x40, 0x4B, 0x91, 0xC9, 0xEA, 0x41, 0x2A, 0x0F, 0x9F, 0x0A, 0x8C, 0x2E, 0x62, 0x4A, 0xC1, 0x55,
    0x24, 0x1D, 0x45, 0x3A, 0x4A, 0xC8, 0x5A, 0x29, 0xA3, 0x86, 0x0C, 0x08, 0x9D, 0x28, 0x63, 0x94,
    0x22, 0xA9, 0x60, 0x3D, 0x69, 0x91, 0x34, 0x37, 0x40, 0xF5, 0x8A, 0xC8, 0x3B, 0xF2, 0x97, 0x1F,
    0xC8, 0x18, 0x61, 0xC9, 0x6C, 0x74, 0x6E, 0x16, 0x71, 0x8B, 0xBC, 0x73, 0x9B, 0x2A, 0xF3, 0x53,
    0xDC, 0x13, 0x4A, 0x42, 0xAE, 0x09, 0x35, 0xA0, 0x22, 0x30, 0xD9, 0x3B, 0xD5, 0x01, 0x67, 0x27,
    0xC7, 0x22, 0xB0, 0x52, 0x92, 0x9D, 0x0F, 0x70, 0xD2, 0xEF, 0x67, 0x4C, 0xA7, 0x4A, 0x3B, 0xA0,
    0x8C, 0xFC, 0x29, 0xCC, 0x00, 0x86, 0x25, 0x73, 0x3A, 0xCE, 0xED, 0x7A, 0x85, 0x37, 0xFA, 0x49,
    0x27, 0xF5, 0x7D, 0xCA, 0x56, 0x0F, 0x68, 0x3B, 0xC0, 0x1D, 0x9C, 0x34, 0x47, 0x4A, 0xB2, 0xD5,
    0xF3, 0xFF, 0xD3, 0x3F, 0x8A, 0x9C, 0x3C, 0x61, 0x52, 0x6B, 0x32, 0x61, 0x82, 0xCD, 0x6D, 0x40,
    0x08, 0x6D, 0xAC, 0x54, 0x6C, 0xAC, 0x37, 0xB1, 0x8B, 0x5D, 0xF1, 0xAD, 0x89, 0x80, 0x16, 0x6E,
    0x0B, 0x0E, 0xF1, 0x09, 0x0E, 0xDE, 0x9B, 0x01, 0xC8, 0x08, 0x2F, 0xB0, 0xDC, 0x23, 0xF8, 0x6E,
    0xAA, 0x77, 0x69, 0x63, 0x8B, 0xE1, 0xAA, 0x21, 0x73, 0xD2, 0x87, 0x39, 0xE7, 0x4B, 0x90, 0xB7,
    0x8A, 0x71, 0x3A, 0x94, 0xDF, 0x68, 0x87, 0xDF, 0x22, 0x15, 0xCF, 0x0D, 0xE2, 0xD7, 0x5C, 0x4C,
    0x76, 0x91, 0x94, 0xA4, 0x90, 0x03, 0x7A, 0x9C, 0x13, 0x08, 0xBC, 0x88, 0xF2, 0x1C, 0xE4, 0xA6,
    0x3E, 0x12, 0xD5, 0x55, 0x98, 0x53, 0x98, 0xA0, 0x1B, 0xBD, 0x46, 0x77, 0x52, 0xD2, 0x56, 0x81,
    0x3C, 0x60, 0x68, 0xE5, 0x05, 0x22, 0x06, 0x51, 0xE6, 0xF9, 0xCE, 0x14, 0x5E, 0x68, 0x31, 0xCD,
    0x76, 0xBC, 0xB5, 0x1E, 0x9C, 0x90, 0xEC, 0x5F, 0x38, 0x80, 0xCD, 0xA3, 0x01, 0x33, 0xE9, 0x16,
    0xD2, 0xC5, 0x0B, 0x19, 0xEB, 0xB9, 0x8C, 0x33, 0xEA, 0x0A, 0x7A, 0x29, 0x66, 0xC0, 0x39, 0x4D,
    0x95, 0xC6, 0x75, 0x64, 0x98, 0x09, 0x49, 0x50, 0xE2, 0xDF, 0x2E, 0x60, 0x95, 0xDB, 0xB4, 0x6B,
    0x84, 0xE7, 0x60, 0xCB, 0x38, 0x91, 0x8E, 0xC4, 0xB9, 0x39, 0xEA, 0xC4, 0x79, 0x4C, 0x21, 0x82,
    0x83, 0x1D, 0xC5, 0x06, 0xC5, 0xEB, 0xAF, 0x54, 0xA4, 0xB9, 0xBB, 0x23, 0x78, 0x60, 0x29, 0x16,
    0xB3, 0x42, 0x65, 0x30, 0x37, 0x5D, 0x13, 0x49, 0xA0, 0xB1, 0x07, 0xCC, 0xD0, 0x94, 0xD3, 0x40,
    0x4A, 0x1F, 0x11, 0x06, 0x28, 0x44, 0xC3, 0x5B, 0x9A, 0x40, 0x8B, 0x88, 0x81, 0xCD, 0x73, 0xA6,
    0x99, 0x3E, 0x47, 0xC5, 0xD2, 0xF2, 0x86, 0xF2, 0x8F, 0x09, 0x2E, 0x02, 0x46, 0xCE, 0xE5, 0x58,
    0xB8, 0x79, 0x61, 0x5A, 0x24, 0x3B, 0x08, 0xE5, 0x39, 0x34, 0xF4, 0xA4, 0x1B, 0x6A, 0xF6, 0xFC,
    0xD6, 0xD3, 0x61, 0x22, 0xCF, 0xD1, 0x8E, 0xF4, 0xA1, 0x27, 0x06, 0x0A, 0xEE, 0x52, 0xA8, 0xA5,
    0xA1, 0xF5, 0xFD, 0x7C, 0xAE, 0x4F, 0xB5, 0x1F, 0xFA, 0xA5, 0x8D, 0x27, 0x48, 0x84, 0xAF, 0x14,
    0x54, 0x5F, 0xD2, 0xE3, 0x8B, 0xD9, 0x10, 0x67, 0xFC, 0x7B, 0xEF, 0xAB, 0x2D, 0x83, 0xF3, 0xF5,
    0x0A, 0xB0, 0x0B, 0x04, 0xF5, 0x81, 0x82, 0xBC, 0x18, 0x55, 0x2A, 0xF9, 0x08, 0x54, 0x34, 0xDA,
    0x00, 0x06, 0x0B, 0xE0, 0xBF, 0x6E, 0xD2, 0x0E, 0xEC, 0x9D, 0x5C, 0x74, 0x4E, 0x59, 0x54, 0x6F,
    0x3E, 0x2B, 0xFB, 0x2B, 0x5A, 0x69, 0x02, 0xEF, 0x7B, 0xAA, 0x36, 0x00, 0xC8, 0x09, 0x81, 0x59,
    0x35, 0x46, 0x28, 0xE7, 0x1D, 0x25, 0xA1, 0x2A, 0xCC, 0x45, 0x55, 0xF4, 0x5C, 0x17, 0x46, 0xCE,
    0x56, 0x31, 0xB3, 0x28, 0xF9, 0xD1, 0x8E, 0xE9, 0xBA, 0x3F, 0xC5, 0x3C, 0x3A, 0xE1, 0xCD, 0x7E,
    0x91, 0xCA, 0xB3, 0x60, 0x86, 0x72, 0xA7, 0x68, 0x15, 0x97, 0x80, 0x3F, 0xDD, 0x6C, 0x56, 0x32,
    0x2D, 0xE4, 0x9C, 0xA5, 0x00, 0x3B, 0x7D, 0x37, 0x80, 0x20, 0x07, 0x6A, 0x83, 0x59, 0xAF, 0x2B,
    0xFD, 0xAD, 0xCC, 0x16, 0xED, 0x6C, 0x04, 0x34, 0x81, 0x10, 0x09, 0x4B, 0xA9, 0x62, 0xF7, 0x13,
    0xE5, 0x9A, 0xB2, 0x4B, 0xA9, 0xFF, 0x04, 0xAD, 0x7F, 0xB7, 0xCE, 0x0E, 0xCD, 0x05, 0x96, 0x4B,
    0xA5, 0x52, 0xFE, 0x5A, 0x44, 0x7E, 0x2F, 0x55, 0x1F, 0x23, 0xF9, 0xF7, 0xC2, 0xCF, 0x43, 0x4C,
    0xEA, 0x2A, 0x1E, 0xCC, 0xDD, 0x6B, 0x1F, 0x76, 0xE0, 0xBC, 0x42, 0x7B, 0x6A, 0xCD, 0xFA, 0x60,
    0xA2, 0xE1, 0x48, 0xDD, 0xF9, 0xEA, 0xE7, 0x8F, 0xD9, 0x45, 0xCD, 0xC6, 0xEC, 0x2E, 0x73, 0x5F,
    0x0D, 0x52, 0x4F, 0x34, 0xF8, 0x01, 0xFF, 0xF1, 0xF0, 0x79, 0x0B, 0x24, 0x11, 0x0A, 0x60, 0x3E,
    0x7B, 0xDE, 0x2C, 0x2D, 0xAB, 0x15, 0x7D, 0x33, 0x25, 0x49, 0xA4, 0xA2, 0x90, 0xD3, 0xC7, 0x5C,
    0x26, 0x9C, 0x2B, 0x3F, 0x48, 0xCE, 0xB1, 0xAA, 0x13, 0xCE, 0xA7, 0x84, 0xF6, 0xAA, 0xAC, 0x4A,
    0x61, 0x9D, 0xA6, 0xCF, 0xAB, 0xBC, 0x79, 0x98, 0xCF, 0x7B, 0xA9, 0x58, 0xD7, 0x5C, 0x96, 0x0D,
    0x74, 0x82, 0xC0, 0x13, 0xE8, 0xA8, 0xF7, 0xA4, 0x59, 0x72, 0x22, 0xFC, 0x38, 0x79, 0xFC, 0x11,
    0xA3, 0x20, 0x8E, 0xCD, 0x1A, 0x21, 0xFD, 0x91, 0xE4, 0x05, 0x30, 0x3B, 0xF1, 0x24, 0x40, 0xC8,
    0x9C, 0x0A, 0x01, 0xE3, 0x64, 0x11, 0xE6, 0xD3, 0xC5, 0xC7, 0xCC, 0xE7, 0x7D, 0xE9, 0xFC, 0x6C,
    0x06, 0x21, 0x63, 0x8A, 0x24, 0x95, 0x9B, 0x69, 0x49, 0xC7, 0x88, 0xB4, 0x43, 0xCA, 0xBA, 0x33,
    0xC6, 0xA6, 0x4B, 0x14, 0xC6, 0x57, 0x53, 0xB9, 0xDC, 0xA9, 0xBC, 0x19, 0x9A, 0x7D, 0xAF, 0x26,
    0x2B, 0xFD, 0x47, 0x5B, 0x39, 0xDD, 0x12, 0xAD, 0xD6, 0x72, 0xBA, 0x5D, 0x6E, 0xE9, 0x52, 0xAD,
    0x26, 0x56, 0xD8, 0x08, 0x2D, 0x36, 0x54, 0xFE, 0x1D, 0x1B, 0x9B, 0x50, 0x0F, 0xF7, 0x6D, 0xF8,
    0xC3, 0xD9, 0xCA, 0x7D, 0xFB, 0x3F, 0x9F, 0xCF, 0x2F, 0xC8, 0x3B, 0x56, 0x3F, 0x09, 0x0F, 0xE4,
    0xB4, 0x56, 0xEE, 0x42, 0x6E, 0x97, 0x4B, 0x91, 0x17, 0x1B, 0x7E, 0x9A, 0xEE, 0x42, 0xCD, 0xBA,
    0x93, 0x72, 0xEF, 0xBE, 0x3F, 0x66, 0xCF, 0xC5, 0x64, 0x38, 0xD5, 0xA4, 0x42, 0x1B, 0xB1, 0x4D,
    0xD8, 0xEF, 0xC4, 0xC7, 0xC4, 0xF2, 0x2B, 0x62, 0xF5, 0xA1, 0x72, 0xC8, 0xBB, 0xC4, 0xB6, 0x24,
    0x1E, 0x15, 0xC4, 0x85, 0x58, 0x04, 0x0A, 0xAB, 0x54, 0x81, 0x26, 0x61, 0x03, 0x1C, 0xB8, 0x6C,
    0x02, 0xCF, 0x12, 0x2E, 0x40, 0x5F, 0x05, 0x62, 0xBB, 0x40, 0x68, 0x1C, 0xD9, 0x57, 0xD3, 0x7A,
    0xB0, 0x09, 0x51, 0xBD, 0x14, 0x40, 0xAE, 0x06, 0x4C, 0xB8, 0x4A, 0xE9, 0xCA, 0x8A, 0xF5, 0xC1,
    0xE8, 0xF5, 0x5E, 0xEC, 0x5A, 0xE8, 0x90, 0xC7, 0x93, 0x9F, 0x3E, 0x4F, 0xDF, 0x5D, 0xA8, 0x15,
    0x1A, 0x4F, 0xD4, 0x6A, 0xF4, 0x44, 0xCD, 0xD8, 0xD5, 0x4A, 0xB2, 0x66, 0x4B, 0xAA, 0x2D, 0x1C,
    0x9E, 0x62, 0xA8, 0xC9, 0xC4, 0x3F, 0x47, 0x02, 0x18, 0x7E, 0xEF, 0x01, 0x85, 0x3E, 0x2A, 0xB6,
    0x5A, 0x91, 0xA8, 0xEC, 0xD1, 0x0F, 0x18, 0xCC, 0x53, 0x08, 0x26, 0xAD, 0x90, 0x15, 0xA0, 0x4F,
    0xC3, 0x98, 0x60, 0x12, 0xCA, 0x27, 0xEC, 0x72, 0xB3, 0xA3, 0x15, 0x52, 0xA6, 0x4C, 0x6C, 0xC1,
    0x4E, 0x5D, 0xFF, 0x3D, 0xA1, 0x0E, 0x97, 0xB6, 0x8D, 0x91, 0xB6, 0xD9, 0x95, 0xB6, 0x99, 0x5C,
    0x2E, 0x2B, 0x7F, 0x12, 0x17, 0xDE, 0x69, 0x22, 0xB1, 0x0D, 0xB8, 0x49, 0xE3, 0x9B, 0x85, 0x4A,
    0xB4, 0x91, 0x12, 0xFB, 0x40, 0x57, 0xEA, 0x94, 0x6C, 0x1B, 0x40, 0x76, 0xB2, 0x27, 0xDB, 0x62,
    0xB2, 0x6D, 0xA0, 0x6D, 0x8F, 0x24, 0x4B, 0x5C, 0x13, 0x2E, 0x79, 0x6F, 0x0C, 0x64, 0xC2, 0x56,
    0xC0, 0x39, 0x37, 0x35, 0x8A, 0xE3, 0xC8, 0x8C, 0x1C, 0x2E, 0x0D, 0x87, 0x93, 0x28, 0x66, 0x9B,
    0xB2, 0xF1, 0xB4, 0x94, 0xA8, 0x19, 0xBB, 0xBC, 0x59, 0x29, 0xD7, 0x2B, 0x72, 0x03, 0xE5, 0xEA,
    0x9C, 0xE5, 0xC6, 0x84, 0x21, 0xC9, 0x25, 0x4A, 0x95, 0xE4, 0x96, 0x13, 0xED, 0xBD, 0x2E, 0x37,
    0x12, 0x21, 0x37, 0x50, 0x2E, 0xD1, 0x91, 0xE7, 0x59, 0x72, 0x87, 0x8B, 0x3D, 0x77, 0x45, 0xCC,
    0xFE, 0x4D, 0x35, 0x79, 0x88, 0xA5, 0xD4, 0xC9, 0xF1, 0x3D, 0x63, 0xC0, 0x70, 0x8E, 0xC2, 0xB4,
    0x38, 0x4E, 0xA2, 0x8E, 0xE0, 0x4E, 0x22, 0x43, 0x7A, 0x9D, 0xBE, 0xF8, 0xBB, 0xBF, 0x49, 0x09,
    0xB3, 0x00, 0x39, 0x0C, 0xE8, 0x60, 0xD1, 0xC4, 0xC1, 0xF9, 0x4B, 0xBB, 0xF3, 0x66, 0x4E, 0x51,
    0x9A, 0x35, 0x70, 0x1D, 0xFC, 0x8F, 0xE4, 0xB7, 0xD5, 0x40, 0x66, 0xAD, 0x8F, 0x38, 0x9D, 0x35,
    0x90, 0x46, 0x50, 0x5D, 0x5A, 0xCB, 0x1B, 0x35, 0x93, 0x8F, 0xFD, 0x87, 0x17, 0x06, 0xB8, 0xDE,
    0x39, 0xEF, 0xE0, 0x70, 0x5E, 0x5C, 0x8A, 0x53, 0x0A, 0x75, 0x4C, 0xCA, 0x51, 0xD7, 0x31, 0x69,
    0x41, 0x3E, 0x6A, 0xCB, 0xD0, 0x26, 0x66, 0xDE, 0xA8, 0x92, 0x00, 0x7A, 0xE0, 0x66, 0x4A, 0xE7,
    0x99, 0xEB, 0x04, 0x75, 0x11, 0x83, 0xE8, 0x17, 0x97, 0xFB, 0x27, 0x0A, 0xCF, 0x7B, 0xA7, 0x2B,
    0xFB, 0x27, 0xB2, 0x3A, 0xFA, 0xF8, 0xA9, 0xFD, 0xD3, 0x61, 0x0A, 0x59, 0x49, 0x29, 0xFC, 0xA5,
    0xC0, 0x32, 0x75, 0x87, 0xEF, 0x8E, 0x48, 0x97, 0x23, 0x42, 0xDC, 0x89, 0x14, 0x99, 0x85, 0x66,
    0x91, 0x14, 0x4A, 0xA4, 0x4D, 0x59, 0xF8, 0x8F, 0x12, 0x99, 0x7B, 0x4D, 0x7D, 0x32, 0x5D, 0x28,
    0x73, 0xE1, 0x9C, 0xC4, 0x48, 0x3B, 0x2A, 0x8D, 0x34, 0xA5, 0xD0, 0x7B, 0x14, 0x50, 0xAC, 0xD4,
    0x82, 0xCB, 0x0E, 0x45, 0xB4, 0x43, 0x92, 0xB1, 0x25, 0x21, 0x55, 0x14, 0x1A, 0xD7, 0xF8, 0x9C,
    0xC3, 0x39, 0x99, 0x48, 0x43, 0x62, 0xCF, 0xCB, 0xAC, 0xB9, 0x88, 0xFB, 0x90, 0xD4, 0x77, 0x31,
    0xE9, 0xDF, 0xAC, 0xC9, 0x00, 0xBB, 0x65, 0xE6, 0x64, 0x3A, 0x8E, 0x8E, 0xD6, 0x97, 0xD9, 0xA7,
    0x95, 0x86, 0xEC, 0x53, 0x6A, 0x92, 0x0C, 0xE5, 0xD8, 0x83, 0x99, 0x75, 0x96, 0x9F, 0xA4, 0x13,
    0x96, 0x8B, 0x1D, 0x02, 0xE1, 0x7A, 0xE3, 0x18, 0x08, 0x5D, 0x1D, 0xB8, 0x4C, 0xCF, 0x69, 0x8B,
    0xD2, 0x12, 0x46, 0x40, 0x97, 0xDD, 0xEC, 0x52, 0x6B, 0xD0, 0xF3, 0x9D, 0x96, 0x63, 0x02, 0x93,
    0xD7, 0x51, 0x2B, 0x72, 0x3F, 0x84, 0x96, 0x5F, 0x52, 0xF7, 0x6F, 0x40, 0x71, 0x42, 0x19, 0xD8,
    0x04, 0xB6, 0x14, 0x56, 0xE2, 0xCB, 0x11, 0x05, 0x56, 0x9F, 0xAA, 0xDC, 0xA7, 0xD0, 0xFA, 0x43,
    0x2D, 0x02, 0x05, 0x9B, 0x77, 0xB5, 0x9A, 0xE9, 0x06, 0xFB, 0xBA, 0xD6, 0x9E, 0x5F, 0x9A, 0x52,
    0x6D, 0x47, 0x09, 0xC7, 0xA5, 0xB6, 0xC9, 0xA4, 0xA3, 0x52, 0x71, 0xF0, 0x71, 0xA4, 0xD4, 0xFB,
    0x29, 0x8E, 0x4B, 0xA9, 0x21, 0xD9, 0x08, 0x75, 0x67, 0xDA, 0x79, 0x73, 0x2F, 0xD5, 0x9F, 0xB0,
    0x9B, 0x6B, 0xA9, 0x9D, 0x26, 0x42, 0x9D, 0x99, 0xF0, 0x46, 0x03, 0x77, 0xC2, 0x85, 0x06, 0x69,
    0xE9, 0x9D, 0xC8, 0xF5, 0xA6, 0xFA, 0x62, 0x91, 0xDB, 0xB8, 0x7C, 0xB2, 0x72, 0xE1, 0x36, 0x1F,
    0xAF, 0xEC, 0xFC, 0xF6, 0xEE, 0x26, 0xCC, 0xD1, 0x37, 0xB6, 0x22, 0x50, 0x8D, 0xBD, 0xC4, 0xE5,
    0x56, 0xA1, 0xD5, 0xC4, 0xAA, 0x84, 0x76, 0x50, 0x40, 0xF4, 0x8F, 0x3C, 0x17, 0x7B, 0x7D, 0x6F,
    0xE0, 0x02, 0x3B, 0xFE, 0x43, 0x27, 0x98, 0xD3, 0x7F, 0x09, 0xE6, 0xC0, 0xF6, 0xCA, 0xCD, 0x9B,
    0x83, 0x3E, 0xED, 0x13, 0x69, 0x57, 0x11, 0x2E, 0x1F, 0xF4, 0x11, 0x5B, 0x20, 0xE4, 0xE4, 0xBE,
    0xC1, 0x7A, 0x2A, 0x74, 0x36, 0xAC, 0x49, 0xA1, 0xBB, 0x57, 0x7A, 0xBE, 0x8D, 0xC0, 0xC1, 0x05,
    0x62, 0xAE, 0xA6, 0xD1, 0x13, 0xD5, 0x33, 0xAE, 0x29, 0xF9, 0x73, 0xC5, 0x12, 0xCD, 0xC6, 0xA8,
    0xE5, 0xA6, 0xDB, 0x43, 0x70, 0x7C, 0xEE, 0xBC, 0xF6, 0x53, 0x45, 0x2C, 0x49, 0x60, 0x07, 0xB4,
    0xFC, 0x41, 0xE4, 0x7C, 0xE0, 0xF4, 0xF4, 0xBA, 0xB5, 0x31, 0xE3, 0xEB, 0xD4, 0xC0, 0xED, 0xC2,
    0x26, 0x62, 0x63, 0xA9, 0xE0, 0x4D, 0x44, 0xED, 0xA1, 0xEE, 0x87, 0xEF, 0xE8, 0xB1, 0xD7, 0x7B,
    0xDD, 0x74, 0xA5, 0xD7, 0x9D, 0x6C, 0x17, 0xF6, 0xBA, 0xA4, 0x83, 0x3E, 0x82, 0xCE, 0x79, 0xF7,
    0x66, 0x37, 0x5A, 0xD4, 0x2C, 0x24, 0xC9, 0xF6, 0x42, 0xFE, 0x55, 0xAB, 0x69, 0x6F, 0x6A, 0x24,
    0xC0, 0xEA, 0xAA, 0xD5, 0xEB, 0xC1, 0x6A, 0xF6, 0x1D, 0x1C, 0x05, 0x95, 0xE5, 0x9E, 0x92, 0xA2,
    0x22, 0x35, 0xF9, 0xDB, 0x4B, 0x0D, 0xFB, 0x40, 0x6C, 0x57, 0xA2, 0x39, 0x6F, 0x01, 0x9A, 0xCC,
    0x48, 0xF8, 0xFD, 0x3F, 0xC9, 0xFE, 0xD9, 0x13, 0xEA, 0x74, 0xB9, 0x16, 0xB8, 0x48, 0xA9, 0x0D,
    0x70, 0x27, 0xD6, 0x2B, 0xAB, 0xC6, 0x9E, 0x7B, 0x29, 0x89, 0x3C, 0x5F, 0x3C, 0x69, 0xB1, 0xE3,
    0x24, 0xB8, 0x94, 0xD5, 0x35, 0x4E, 0x66, 0xA5, 0xF4, 0x84, 0x43, 0xCD, 0x28, 0xE7, 0xD6, 0xCA,
    0x03, 0x6D, 0xB0, 0x62, 0x39, 0xCD, 0x64, 0xE0, 0xFE, 0x39, 0x13, 0x8C, 0x00, 0x7A, 0xC3, 0x73,
    0x53, 0x7A, 0x0E, 0x9B, 0x94, 0xF0, 0xD3, 0xC0, 0x6C, 0xDD, 0x92, 0xBE, 0x13, 0x2D, 0x88, 0xB4,
    0x69, 0xCD, 0x25, 0x1D, 0x04, 0x23, 0x17, 0xC2, 0xCA, 0x9F, 0x1B, 0xF7, 0x91, 0x34, 0x82, 0xD0,
    0xC9, 0x1F, 0xE8, 0xA3, 0x6C, 0x94, 0xFA, 0x86, 0x38, 0x38, 0x62, 0x77, 0xCC, 0x5D, 0x8D, 0x9C,
    0x15, 0x3A, 0x1C, 0xCB, 0x5B, 0xB0, 0xF3, 0x27, 0xCF, 0x6A, 0x8A, 0xF6, 0x3B, 0x9B, 0xE2, 0x77,
    0x77, 0x58, 0xDA, 0x06, 0x64, 0x87, 0xA7, 0xDC, 0x4D, 0x74, 0xAB, 0x15, 0x51, 0x7A, 0xC4, 0x31,
    0x76, 0x60, 0x0D, 0xDB, 0xAE, 0x64, 0x4A, 0x25, 0x81, 0xC7, 0x49, 0xE0, 0x11, 0x93, 0x58, 0x4E,
    0x93, 0xC0, 0x07, 0x49, 0x60, 0xA4, 0xC0, 0x22, 0x50, 0x60, 0xC9, 0xE8, 0xA6, 0x5A, 0x42, 0xAE,
    0xA6, 0xAD, 0xBD, 0x49, 0x21, 0x6F, 0xD2, 0x0B, 0x9A, 0x87, 0x92, 0x1F, 0x76, 0xA5, 0xD6, 0x24,
    0x78, 0xDC, 0x09, 0xA9, 0x1D, 0xF6, 0xDC, 0x70, 0xDC, 0x63, 0x00, 0x7E, 0x21, 0x44, 0xEE, 0x58,
    0xC8, 0xC6, 0x30, 0xCC, 0x44, 0xEB, 0x99, 0xF6, 0x4D, 0x47, 0x3C, 0x16, 0xE2, 0x83, 0xE4, 0x80,
    0x85, 0x58, 0x05, 0x62, 0x3D, 0x11, 0x6D, 0xF2, 0x7F, 0x2B, 0xC4, 0xA3, 0x84, 0x18, 0x98, 0xDA,
    0x08, 0x71, 0x4E, 0xE8, 0x81, 0xBD, 0x06, 0xB3, 0x17, 0xBA, 0x9C, 0xE8, 0xBD, 0x66, 0x97, 0x71,
    0x36, 0x1B, 0xFB, 0x40, 0x4B, 0xE9, 0xFD, 0x2E, 0xC7, 0xBC, 0x2A, 0x85, 0x98, 0xB5, 0xC0, 0x75,
    0x81, 0xBD, 0xD5, 0xB7, 0x5B, 0xC9, 0x84, 0xAA, 0x3F, 0xDF, 0xAA, 0x19, 0x57, 0xFB, 0xC9, 0x06,
    0xEB, 0xEC, 0xD2, 0x98, 0xD5, 0x0E, 0xB8, 0x1E, 0x9B, 0xB5, 0x61, 0x08, 0x1E, 0x98, 0x15, 0x1A,
    0xDA, 0xB8, 0x98, 0xF5, 0x14, 0x16, 0x7F, 0x1D, 0xEC, 0xCA, 0xE5, 0xF1, 0xF1, 0x6C, 0xB7, 0x40,
    0x0F, 0x78, 0xAB, 0x33, 0xAF, 0x9D, 0xA5, 0x22, 0xAD, 0x8A, 0x65, 0x30, 0xDA, 0x0D, 0xD7, 0x9C,
    0xF8, 0x76, 0x97, 0x9C, 0xE3, 0x6C, 0xD4, 0x88, 0x48, 0xC1, 0xA7, 0x4F, 0xCC, 0x71, 0xB9, 0x3A,
    0x52, 0xF3, 0x5E, 0x68, 0xB3, 0x34, 0xAB, 0xA5, 0x2D, 0x76, 0xBB, 0x03, 0xE4, 0x50, 0x5E, 0x2A,
    0xD2, 0xD3, 0x70, 0x9F, 0x7F, 0x4D, 0x99, 0x2D, 0xF0, 0x72, 0x27, 0x2D, 0x52, 0xC5, 0xD2, 0x92,
    0xA4, 0x86, 0x46, 0x24, 0x19, 0x8C, 0xF2, 0x9F, 0xD2, 0x22, 0x55, 0x2E, 0x69, 0x62, 0xBB, 0x23,
    0x39, 0xA2, 0xF4, 0x2A, 0x4E, 0xE1, 0x90, 0xF4, 0x32, 0x0A, 0x31, 0xAA, 0x71, 0x60, 0x4A, 0xDA,
    0x5E, 0x56, 0xA9, 0xE8, 0x6C, 0x2A, 0xFB, 0x36, 0x65, 0xD4, 0x19, 0x70, 0xFC, 0x15, 0x05, 0xB8,
    0xCF, 0x26, 0xA2, 0x0E, 0xA4, 0xCF, 0xD6, 0xAC, 0xCF, 0xCE, 0x4C, 0x37, 0x5F, 0xCB, 0xCC, 0x5C,
    0x30, 0x6D, 0x36, 0xC5, 0xE4, 0xD7, 0xAE, 0xC0, 0x99, 0xA9, 0x43, 0xC5, 0xBA, 0xEA, 0x62, 0xE3,
    0x75, 0x9A, 0x38, 0xDE, 0xE4, 0x3C, 0x9A, 0xDB, 0x71, 0xC2, 0x96, 0x04, 0x44, 0xE2, 0x38, 0x5D,
    0xDC, 0xAE, 0xF7, 0x24, 0x7D, 0x41, 0xED, 0x30, 0x29, 0xB9, 0x9D, 0x1A, 0xCA, 0xC0, 0xDB, 0x66,
    0x3E, 0x6F, 0x23, 0x8E, 0xF4, 0xC4, 0xFC, 0x2A, 0x83, 0x6E, 0x88, 0xE9, 0xD1, 0xBD, 0x0E, 0xC2,
    0x51, 0x62, 0x27, 0x9C, 0x0C, 0x18, 0x4E, 0x37, 0x48, 0x8E, 0x06, 0x97, 0x4F, 0x9C, 0x90, 0x9A,
    0x76, 0x12, 0x38, 0x2B, 0x66, 0x64, 0x78, 0x7A, 0x5A, 0x73, 0x98, 0xA6, 0x1D, 0x4E, 0x2A, 0x7E,
    0x8A, 0x3C, 0x3F, 0x82, 0x19, 0xFC, 0x73, 0xD2, 0xE2, 0xAF, 0xE1, 0x5F, 0x67, 0xF9, 0x37, 0xE0,
    0xCF, 0x1B, 0xFC, 0x71, 0xA5, 0xA6, 0x1E, 0x99, 0xD1, 0xE0, 0xB4, 0x57, 0x19, 0xA9, 0x44, 0x97,
    0x95, 0x18, 0x71, 0xD2, 0xC6, 0xF5, 0x5C, 0x91, 0x45, 0x2E, 0x75, 0x0F, 0x97, 0xBA, 0xE7, 0x69,
    0x17, 0x7A, 0x88, 0x1C, 0x94, 0xDE, 0xF2, 0x13, 0x5A, 0x7B, 0x8C, 0x02, 0xBC, 0x25, 0xB2, 0xB4,
    0x90, 0xD8, 0x88, 0xF1, 0x16, 0xD9, 0x61, 0x3B, 0x27, 0x38, 0x55, 0x85, 0x67, 0xCF, 0xF7, 0xDD,
    0x9D, 0x83, 0x86, 0xB5, 0x2F, 0x27, 0x29, 0xF6, 0x9A, 0x01, 0x7A, 0x2F, 0x48, 0xAF, 0x5F, 0x4C,
    0xA2, 0xD3, 0xE8, 0x2B, 0x0C, 0xF2, 0x5C, 0xE9, 0x06, 0xBB, 0x88, 0x22, 0xDA, 0xEC, 0xCD, 0x33,
    0x1F, 0xB6, 0xA6, 0xDF, 0xE1, 0x8B, 0x96, 0x17, 0xB8, 0x1C, 0xFC, 0xC5, 0x82, 0x54, 0xF9, 0x2C,
    0xDE, 0xEF, 0xF5, 0x97, 0x3A, 0xBB, 0xDD, 0x6A, 0x67, 0xA2, 0x41, 0x9A, 0xFF, 0x3E, 0xE3, 0xE1,
    0x59, 0x25, 0x92, 0x5A, 0xA9, 0xE6, 0xD5, 0xAA, 0xE4, 0x12, 0xBD, 0x9A, 0xB9, 0x5A, 0xFB, 0xB5,
    0x5E, 0x74, 0x33, 0xFF, 0xAD, 0x9B, 0xFD, 0xF6, 0xA7, 0xBB, 0xFD, 0x4D, 0xB5, 0xB7, 0xB1, 0xDA,
    0x5C, 0xA8, 0x56, 0x37, 0xD5, 0x2B, 0x04, 0x47, 0xC8, 0x0D, 0x63, 0xD7, 0xFA, 0xB1, 0xEB, 0x3B,
    0xF7, 0xEE, 0x06, 0xAE, 0x28, 0xCF, 0x71, 0x59, 0x45, 0x87, 0x49, 0xEF, 0xA7, 0xF4, 0xA7, 0x6B,
    0xB5, 0x96, 0x4B, 0x1D, 0x25, 0x58, 0x56, 0x24, 0x1F, 0xF6, 0xB8, 0x24, 0x5C, 0x9E, 0x13, 0xF4,
    0xF5, 0x2E, 0x36, 0x5D, 0x03, 0x6B, 0x0D, 0xB7, 0xDF, 0x98, 0xCA, 0xC2, 0x39, 0x01, 0x0D, 0xAB,
    0x82, 0x98, 0x73, 0xEA, 0xCA, 0xF3, 0x8E, 0x59, 0x0E, 0xCF, 0x1D, 0xC5, 0x4E, 0x62, 0xAB, 0x3F,
    0x9F, 0x39, 0xFA, 0xCB, 0x49, 0x92, 0x63, 0x84, 0x9E, 0xC9, 0x9B, 0x80, 0x4E, 0xE8, 0x1B, 0x96,
    0x02, 0xAD, 0x83, 0xB4, 0x0D, 0x98, 0x16, 0xA0, 0xDE, 0x37, 0xC0, 0xD1, 0xF7, 0x91, 0xC5, 0xF4,
    0x38, 0xFE, 0x18, 0x04, 0x9F, 0x6B, 0x10, 0xA7, 0x3F, 0xD3, 0x19, 0x22, 0xCC, 0x9E, 0x1A, 0xDC,
    0x90, 0x2D, 0x79, 0x83, 0x96, 0xAC, 0x75, 0xE4, 0x1B, 0xF5, 0x7A, 0x69, 0x7E, 0x3D, 0xC6, 0x56,
    0xF7, 0xCE, 0x7D, 0xD3, 0x1D, 0x2C, 0xB9, 0xE7, 0xE6, 0x12, 0x96, 0x98, 0xA1, 0x51, 0xBD, 0x6A,
    0x89, 0x90, 0x5F, 0xF8, 0x80, 0x41, 0xC1, 0x9A, 0x52, 0xE8, 0x88, 0x8A, 0xCB, 0x8D, 0x9C, 0x0E,
    0xC0, 0x95, 0xA0, 0xBA, 0x1C, 0x90, 0xA6, 0x5D, 0x62, 0x20, 0x36, 0x19, 0x67, 0x62, 0x4B, 0xA4,
    0x4C, 0xA2, 0xBF, 0x86, 0x34, 0x9C, 0x42, 0xBA, 0x84, 0x04, 0xD9, 0x13, 0x6E, 0x09, 0x57, 0x42,
    0x41, 0x19, 0xB7, 0x4B, 0x52, 0x9E, 0x55, 0xA4, 0x51, 0x3B, 0xE4, 0x65, 0x82, 0xEC, 0x8F, 0x88,
    0xE7, 0xAB, 0x6F, 0x91, 0x8A, 0xB5, 0x5E, 0xDC, 0x17, 0x1D, 0x14, 0x69, 0x3D, 0x03, 0x48, 0x74,
    0x3E, 0xE1, 0xE0, 0x12, 0xF6, 0x03, 0x51, 0x05, 0xF8, 0x21, 0xC5, 0x58, 0xA5, 0xE6, 0xB5, 0x92,
    0xF4, 0x9D, 0x2B, 0x62, 0xF5, 0x09, 0x31, 0x9B, 0x38, 0xAA, 0x02, 0xFF, 0x8C, 0x5B, 0x65, 0xAE,
    0x80, 0x7C, 0x2B, 0x05, 0x0E, 0x1E, 0xFC, 0x32, 0x17, 0x7A, 0x78, 0x94, 0x2D, 0xC7, 0x9D, 0xB6,
    0x7C, 0x9F, 0xCB, 0x90, 0x2E, 0x84, 0xC0, 0xE9, 0x84, 0x76, 0x4A, 0x56, 0x1F, 0xA0, 0x7F, 0x0D,
    0x2D, 0x42, 0x0D, 0xB8, 0xB4, 0x55, 0x5F, 0x6C, 0xBD, 0x4E, 0xE5, 0x1A, 0x51, 0x27, 0x4F, 0x7C,
    0xEF, 0xAB, 0xC7, 0xDD, 0x38, 0xD4, 0xDF, 0x8A, 0x8A, 0xF9, 0xCF, 0xB4, 0xA7, 0xAC, 0x76, 0xBE,
    0xFE, 0xE6, 0x23, 0xBA, 0xE1, 0xD6, 0xC5, 0xC6, 0x0F, 0xDC, 0xD4, 0xE8, 0xDC, 0xFB, 0x56, 0xBB,
    0xD1, 0x37, 0xF4, 0xC2, 0x4E, 0x69, 0x5D, 0xAA, 0x0F, 0x5E, 0x8B, 0x4D, 0x2E, 0x3E, 0x4D, 0xDE,
    0x31, 0x1B, 0x9C, 0x6D, 0x3F, 0xCB, 0x2B, 0x8C, 0x46, 0xEF, 0xF3, 0x72, 0x7F, 0x78, 0x76, 0xDB,
    0x0F, 0xEF, 0xBD, 0x6F, 0x88, 0x7D, 0xF2, 0x81, 0x34, 0xE9, 0xFD, 0xB8, 0x08, 0xA9, 0xC9, 0x30,
    0x51, 0xE5, 0x0B, 0x5B, 0x08, 0x6C, 0x19, 0x57, 0x3E, 0xE5, 0x76, 0xE8, 0xEA, 0x23, 0xA0, 0xFC,
    0x76, 0x03, 0xDF, 0x1B, 0xAB, 0x00, 0x09, 0xF6, 0x22, 0x51, 0x9A, 0x34, 0x95, 0xE0, 0xA6, 0x0B,
    0x5F, 0x10, 0x46, 0xD2, 0x69, 0x47, 0xA0, 0xE3, 0x09, 0xCC, 0xB8, 0xEF, 0x31, 0xE1, 0x6E, 0x1B,
    0xE6, 0x7D, 0x33, 0x03, 0xD4, 0x9F, 0x17, 0x19, 0x7F, 0x65, 0x4F, 0x97, 0xD9, 0xD3, 0xF1, 0x42,
    0xB1, 0xF9, 0x1A, 0xBB, 0x99, 0xC1, 0x3E, 0x46, 0xD1, 0xD7, 0x75, 0x29, 0xD4, 0xDE, 0x8D, 0xE5,
    0x7E, 0x54, 0x4C, 0xD5, 0x9E, 0xA6, 0x71, 0xE7, 0x41, 0x30, 0xDF, 0x82, 0xD5, 0x7E, 0xAD, 0x80,
    0xA0, 0x1D, 0x54, 0x54, 0x3F, 0xB8, 0xB9, 0xFF, 0x17, 0xEF, 0x26, 0xA7, 0xB9, 0x00, 0x47, 0x32,
    0x49, 0xF1, 0xA0, 0x4C, 0x0F, 0x8C, 0x14, 0xD6, 0xE2, 0x98, 0x29, 0xAB, 0xF7, 0x10, 0x41, 0xF5,
    0x95, 0xAA, 0x73, 0x21, 0xDC, 0x68, 0xB9, 0x59, 0x68, 0xB5, 0xE5, 0xC0, 0x1B, 0xEE, 0x5F, 0x83,
    0xD3, 0xC1, 0x6D, 0xCC, 0x04, 0x50, 0x8D, 0xBC, 0xD6, 0xFA, 0x91, 0x7A, 0xC5, 0x08, 0xFD, 0x25,
    0xBE, 0x2D, 0xD2, 0x8E, 0x3F, 0x1F, 0x3F, 0x79, 0x7F, 0x41, 0x88, 0x5E, 0x6D, 0xFF, 0x0A, 0x4E,
    0xBB, 0xD1, 0xBF, 0xED, 0xDE, 0xA2, 0xDF, 0xCE, 0x26, 0xF7, 0x36, 0x5D, 0xB7, 0xF9, 0xFE, 0x1E,
    0xED, 0xDB, 0xBB, 0x87, 0x50, 0x2C, 0x3F, 0x46, 0xB0, 0x87, 0xEC, 0x05, 0xBF, 0x41, 0x6A, 0xA9,
    0x74, 0x5D, 0x8D, 0x8C, 0x29, 0xB5, 0xE1, 0x03, 0xEB, 0x46, 0x13, 0xED, 0x82, 0x3B, 0xCA, 0x47,
    0x02, 0xBB, 0x40, 0x33, 0xCA, 0x6F, 0xA7, 0x5A, 0x7F, 0xA5, 0xD1, 0xEA, 0x5D, 0x5D, 0x6E, 0xF5,
    0x3F, 0x7B, 0x7F, 0x79, 0xD9, 0xBD, 0x64, 0x97, 0x1B, 0xFD, 0x2B, 0x10, 0xF7, 0xF0, 0xAF, 0x21,
    0x6B, 0xF3, 0xC8, 0xEC, 0x7D, 0x70, 0x13, 0x84, 0x20, 0x2F, 0xC9, 0x5F, 0x6D, 0x85, 0x82, 0x1B,
    0xCC, 0x20, 0xD6, 0x15, 0xAC, 0x3A, 0xD9, 0x48, 0xC2, 0xE7, 0x0E, 0xBD, 0x87, 0xAE, 0x79, 0x63,
    0x33, 0x6B, 0xB1, 0x73, 0x7B, 0xDD, 0x84, 0x52, 0xD1, 0xEA, 0x77, 0xBE, 0x52, 0x67, 0x27, 0x76,
    0x93, 0xC5, 0xD9, 0xC4, 0x36, 0xF4, 0xB3, 0x55, 0xF5, 0xB5, 0xEE, 0x87, 0xB7, 0xA5, 0x0C, 0x71,
    0xBF, 0x3A, 0x70, 0xE9, 0xA2, 0x2A, 0xE5, 0x67, 0x5F, 0x7F, 0xA6, 0x52, 0x55, 0x8F, 0xF9, 0x3C,
    0x5E, 0xFF, 0x86, 0x46, 0x99, 0x85, 0x68, 0x43, 0x49, 0xC4, 0xD2, 0xC1, 0xB4, 0xA4, 0xEC, 0xD6,
    0x33, 0xC7, 0x9C, 0xB7, 0x91, 0xD8, 0xCE, 0x64, 0x64, 0x36, 0x29, 0xC9, 0x45, 0x49, 0xCF, 0x89,
    0x79, 0xBD, 0xB8, 0xDA, 0xC7, 0x2E, 0x5A, 0xF4, 0x46, 0xEC, 0x35, 0xA5, 0xA1, 0x5E, 0xA6, 0x75,
    0x99, 0xDF, 0xF8, 0x6D, 0xDC, 0x35, 0x8C, 0xDC, 0xD1, 0xF4, 0x9C, 0x3C, 0x72, 0x9B, 0xC1, 0x47,
    0x8A, 0x62, 0x17, 0x17, 0x90, 0xF7, 0x30, 0x8E, 0x6F, 0x0B, 0x2D, 0x13, 0xE4, 0xE6, 0xF9, 0x32,
    0xD6, 0xFF, 0xE3, 0xC7, 0x51, 0x9C, 0x9A, 0x20, 0x26, 0xDA, 0x90, 0xD3, 0xF5, 0x7A, 0x0F, 0xB8,
    0x7C, 0xC9, 0xD7, 0xA4, 0xD7, 0x51, 0x04, 0x7E, 0xD8, 0xE7, 0xA5, 0xD6, 0x0F, 0xD5, 0x33, 0x2D,
    0x3C, 0x82, 0xA3, 0xF2, 0xB2, 0xBB, 0xFD, 0x3C, 0xB3, 0x81, 0x5B, 0x0B, 0x92, 0xEC, 0xFE, 0xFA,
    0x1B, 0x82, 0x6C, 0x57, 0x32, 0xC8, 0x5C, 0x96, 0x5C, 0xA2, 0xBC, 0xB9, 0x77, 0x7C, 0xEE, 0x28,
    0x17, 0x78, 0x2D, 0xD4, 0x73, 0x1D, 0xCB, 0xAE, 0x66, 0x7D, 0xEA, 0xC4, 0xFC, 0xCF, 0x15, 0x6B,
    0xC8, 0xA3, 0xF2, 0xA2, 0xF4, 0x72, 0x26, 0x77, 0x44, 0x0B, 0x98, 0xA4, 0x31, 0x4D, 0x85, 0x09,
    0xA9, 0x6E, 0x99, 0xEA, 0xCC, 0xF5, 0x36, 0x3F, 0x84, 0x30, 0xDD, 0x2F, 0x96, 0x62, 0x0A, 0xA7,
    0x4B, 0x29, 0xDF, 0x2C, 0xAC, 0x75, 0x0A, 0xBF, 0x81, 0x69, 0x1F, 0x48, 0xFB, 0x78, 0xC6, 0x9C,
    0x21, 0xAD, 0x8A, 0x26, 0xBF, 0xA8, 0x40, 0x16, 0xEA, 0x8C, 0x64, 0xD4, 0xB9, 0x0D, 0x47, 0x0E,
    0x89, 0xF6, 0xF2, 0xC8, 0x74, 0x4E, 0xB9, 0xAC, 0xA2, 0x3E, 0xE5, 0x35, 0x93, 0xB9, 0xAB, 0xD6,
    0xAA, 0x07, 0xEB, 0x6F, 0x3F, 0x04, 0xED, 0x8B, 0xDB, 0x0F, 0xEC, 0x1E, 0xB7, 0x07, 0x56, 0xFF,
    0x59, 0x83, 0x81, 0x83, 0x86, 0x72, 0x2B, 0x16, 0x56, 0xFD, 0x2D, 0x18, 0x13, 0xC6, 0x01, 0x7C,
    0xEA, 0x5F, 0xEA, 0xA7, 0xDE, 0xBF, 0x8C, 0x78, 0xF8, 0x1B, 0xB8, 0x03, 0xBE, 0xCE, 0x40, 0x55,
    0xBE, 0xFC, 0xDE, 0xC5, 0x52, 0xD1, 0x5B, 0xD4, 0xF4, 0x94, 0xAA, 0x2E, 0x52, 0x6F, 0x75, 0xE0,
    0x42, 0xE6, 0x01, 0xA9, 0x79, 0x45, 0x42, 0xB0, 0xE1, 0x18, 0x8C, 0x73, 0x13, 0xB8, 0x1F, 0x9F,
    0xDA, 0x59, 0x87, 0x9F, 0x38, 0x28, 0x38, 0x0E, 0xE0, 0x75, 0xBE, 0x19, 0x50, 0xEC, 0x10, 0x40,
    0x5A, 0x88, 0xE8, 0x58, 0x7B, 0x9D, 0x95, 0x92, 0x45, 0xD8, 0xB0, 0x06, 0x47, 0x39, 0x16, 0x28,
    0x7E, 0x27, 0x49, 0x31, 0x77, 0x24, 0xE2, 0xF2, 0xD2, 0x08, 0x49, 0xB5, 0x2E, 0x7D, 0x92, 0x15,
    0xD8, 0xC3, 0x8A, 0xF4, 0x62, 0x9A, 0x1B, 0x32, 0x78, 0xBB, 0x5D, 0xCC, 0x2E, 0xE3, 0xDA, 0xEC,
    0xC5, 0x63, 0x54, 0x41, 0xF5, 0xD1, 0x16, 0x5F, 0xAD, 0x4B, 0x9D, 0x38, 0x6A, 0x20, 0x1C, 0x9E,
    0xD3, 0x2B, 0xFE, 0xE4, 0xBA, 0xF1, 0x62, 0xDB, 0xFB, 0x79, 0x5C, 0xDD, 0x67, 0x5E, 0xA3, 0x53,
    0x81, 0x9A, 0xAB, 0xB8, 0x8E, 0x9B, 0xBA, 0xB6, 0x83, 0xA8, 0xD1, 0x83, 0x56, 0x27, 0x13, 0xE0,
    0x69, 0x13, 0xEA, 0xF7, 0x83, 0x9D, 0xAD, 0x0D, 0x76, 0xFA, 0x21, 0xDC, 0xEE, 0x9F, 0x37, 0x8B,
    0x1D, 0xA0, 0x14, 0x1F, 0x9D, 0xD6, 0x56, 0x00, 0x47, 0x6C, 0xE1, 0xA7, 0x5C, 0xEB, 0xEF, 0x53,
    0x50, 0x20, 0xCC, 0x84, 0x94, 0xA8, 0x17, 0xFF, 0x75, 0x85, 0x11, 0x2F, 0x16, 0x01, 0x77, 0xCC,
    0x04, 0xD0, 0x0E, 0xB0, 0x1E, 0x12, 0x3B, 0x7D, 0xDC, 0xF0, 0xC3, 0x42, 0xB7, 0xE3, 0x4A, 0x75,
    0x35, 0xAA, 0xC1, 0x3E, 0xA7, 0xFE, 0xF9, 0xB4, 0x2B, 0x5E, 0xCF, 0xF7, 0xAB, 0x5C, 0x96, 0x99,
    0xC5, 0xF2, 0x3D, 0x58, 0x77, 0xDB, 0xE8, 0x1E, 0xB8, 0x78, 0x3F, 0x68, 0xB5, 0x7B, 0x3B, 0xAD,
    0x21, 0xA9, 0xAB, 0x93, 0x97, 0x5D, 0xAD, 0x4B, 0x19, 0xDC, 0xD0, 0xA6, 0xAB, 0x9B, 0xEC, 0xEE,
    0x72, 0xA3, 0xBD, 0x5E, 0xFE, 0xFF, 0x2C, 0xE9, 0xCB, 0x70, 0x65, 0xA3, 0xFD, 0xF4, 0xFE, 0x36,
    0x9D, 0x5C, 0xCF, 0xEA, 0x28, 0xE7, 0xFF, 0x37, 0x74, 0x44, 0x83, 0x48, 0xB1, 0x48, 0x11, 0x39,
    0xB7, 0xC2, 0x31, 0x49, 0xED, 0x39, 0x0F, 0x0E, 0x6A, 0x3A, 0xEA, 0xEA, 0xFE, 0x0F, 0x03, 0x8F,
    0xB9, 0x76, 0x75, 0x79, 0xC3, 0x9F, 0xCC, 0x19, 0x9F, 0xF1, 0x40, 0xB0, 0x50, 0xC7, 0xCB, 0x33,
    0xD5, 0x0F, 0xCE, 0x14, 0xBA, 0x6B, 0xE6, 0x1D, 0xB6, 0xF0, 0x5B, 0xDE, 0x92, 0x9F, 0xC4, 0x1C,
    0x11, 0xBE, 0xEE, 0xA8, 0x62, 0xED, 0xED, 0x6E, 0x7D, 0xCB, 0xB7, 0x01, 0x56, 0xE5, 0x14, 0xBC,
    0xFF, 0x0B, 0xCD, 0x98, 0x01, 0xC4, 0x26, 0x49, 0x7A, 0x80, 0x9F, 0xAE, 0xBA, 0x4C, 0xDF, 0x4D,
    0xCB, 0xD6, 0x21, 0xB0, 0x37, 0x7B, 0xDB, 0x01, 0xEC, 0xC5, 0xCE, 0xF6, 0x61, 0xC3, 0xE2, 0x9F,
    0xBF, 0x7A, 0x6F, 0xB1, 0x38, 0xDC, 0x02, 0x00, 0x39, 0x2C, 0xE2, 0x82, 0x19, 0xB2, 0x18, 0xF1,
    0xEF, 0x76, 0x27, 0x8B, 0xE0, 0xB0, 0x13, 0x00, 0x48, 0x06, 0x87, 0xBD, 0x13, 0x6E, 0xC3, 0x88,
    0xC5, 0x3F, 0xD3, 0xB5, 0xBB, 0x38, 0x2C, 0xAE, 0x57, 0x70, 0xE4, 0xC8, 0x54, 0x92, 0x05, 0x84,
    0xA9, 0x8B, 0xE6, 0x7A, 0xEE, 0xAA, 0xFB, 0x4D, 0xBF, 0xFD, 0xCD, 0x67, 0xC6, 0x3A, 0x11, 0xB1,
    0x93, 0xFC, 0x9F, 0xBF, 0x9F, 0xFE, 0x51, 0xFD, 0x3E, 0xEF, 0x5B, 0x55, 0xDF, 0xAB, 0xFA, 0xA3,
    0x8C, 0xD4, 0x13, 0x7E, 0xC2, 0x27, 0xEA, 0x00, 0x00, 0x7C, 0x0B, 0xAE, 0xC1, 0x39, 0x64, 0x8A,
    0x8C, 0x9D, 0x29, 0x67, 0xAA, 0x09, 0x97, 0x68, 0x92, 0x0E, 0xEC, 0x22, 0xC3, 0xC8, 0xD0, 0x03,
    0x24, 0x30, 0x23, 0x95, 0xF4, 0x0C, 0x32, 0xDA, 0xA5, 0x89, 0x55, 0xF2, 0xB1, 0x1E, 0xFF, 0xB1,
    0xF7, 0x1F, 0x45, 0xBA, 0x77, 0x03, 0xC3, 0x0F, 0x5B, 0x86, 0xEF, 0xC1, 0xF0, 0xF7, 0x86, 0x61,
    0xAE, 0x18, 0xD2, 0x55, 0xBC, 0x64, 0x1A, 0x49, 0xB8, 0xB5, 0xE5, 0x19, 0xE0, 0x45, 0xE0, 0x15,
    0x00, 0xAE, 0x3F, 0x04, 0x2B, 0xD2, 0xE3, 0x44, 0x46, 0x1A, 0x91, 0x84, 0x9F, 0xCB, 0x5D, 0x39,
    0xD1, 0x8D, 0x07, 0x80, 0x1F, 0xD1, 0x11, 0xE9, 0x00, 0xEA, 0x11, 0x0E, 0xE9, 0x37, 0x2D, 0x7B,
    0xF2, 0x30, 0xB1, 0x47, 0x12, 0x6A, 0x91, 0x05, 0x2F, 0x92, 0xE9, 0x44, 0x26, 0x00, 0x6C, 0x5B,
    0xE0, 0x1E, 0xFC, 0xB2, 0x2D, 0x45, 0xFA, 0x6A, 0xBC, 0x87, 0x6B, 0xAF, 0x51, 0x73, 0x8D, 0xE7,
    0xD1, 0xFB, 0x19, 0xCD, 0x5F, 0x4E, 0x0C, 0x92, 0xF8, 0x8B, 0x35, 0xF3, 0x75, 0xBE, 0x0F, 0x40,
    0x23, 0x73, 0x25, 0xE1, 0x8A, 0x8C, 0x97, 0xD6, 0xB6, 0x90, 0x60, 0x23, 0x74, 0x51, 0x75, 0xCD,
    0x34, 0x03, 0x95, 0x8C, 0x8A, 0x47, 0xA9, 0x4B, 0x0B, 0xE5, 0x02, 0x50, 0x65, 0xA5, 0x9B, 0x01,
    0xAF, 0x89, 0x68, 0x12, 0x19, 0x68, 0x12, 0x80, 0x8F, 0xCA, 0xBD, 0x24, 0x86, 0xA0, 0x14, 0xE5,
    0x15, 0x99, 0xD1, 0x91, 0x19, 0x0E, 0xE5, 0x9C, 0x41, 0x86, 0x99, 0x62, 0xC2, 0x24, 0x6C, 0xC2,
    0x8E, 0x94, 0x01, 0x17, 0x70, 0x3D, 0x97, 0xF9, 0xE2, 0xE7, 0x47, 0x4F, 0x0C, 0x8C, 0x3A, 0xB0,
    0xDA, 0x07, 0xD6, 0x2D, 0x0D, 0x78, 0x38, 0x3D, 0x14, 0xD4, 0x62, 0x1E, 0xCD, 0xE1, 0x44, 0x3D,
    0x55, 0x09, 0x1F, 0x8A, 0x88, 0x1F, 0x01, 0x3F, 0xEF, 0x23, 0x3E, 0x07, 0x27, 0x02, 0x83, 0x48,
    0x28, 0x97, 0xEB, 0x12, 0x5C, 0x62, 0x08, 0x75, 0xC4, 0x87, 0x66, 0xC2, 0xB7, 0x8D, 0xFC, 0xCD,
    0xA2, 0x23, 0x6E, 0x51, 0x8A, 0x04, 0xB8, 0x2E, 0x23, 0x30, 0x44, 0xA0, 0x89, 0x9C, 0xD0, 0x8C,
    0x0C, 0x6D, 0x17, 0xF4, 0xF9, 0x96, 0x4E, 0x16, 0xA8, 0xE4, 0x16, 0x9C, 0xDA, 0x38, 0x54, 0x49,
    0x5C, 0x7A, 0xBB, 0x1C, 0xE1, 0xFA, 0xCA, 0x3E, 0x75, 0x11, 0xFC, 0xAD, 0x4B, 0x7B, 0x9D, 0x5C,
    0xC7, 0x8E, 0x57, 0xE4, 0x87, 0x7D, 0xF5, 0xAA, 0xC8, 0x6B, 0xC1, 0x95, 0x73, 0x65, 0xC2, 0x55,
    0x37, 0x56, 0x66, 0x3C, 0x69, 0x42, 0x51, 0x8C, 0xAF, 0xF8, 0x16, 0x13, 0xDE, 0x3A, 0x12, 0x1B,
    0x3E, 0xF0, 0xFD, 0x73, 0xB6, 0xBF, 0xD3, 0x8C, 0x37, 0xAB, 0xF6, 0x2D, 0x27, 0xC9, 0x71, 0x62,
    0xE4, 0xD6, 0xD5, 0xBD, 0xD6, 0x0F, 0xB5, 0x7A, 0x9B, 0x28, 0x67, 0xAE, 0x07, 0x10, 0x59, 0x80,
    0x2B, 0x9A, 0x09, 0xD5, 0xCF, 0x22, 0x9D, 0x8C, 0xC5, 0xD2, 0x04, 0x3B, 0x37, 0x7D, 0x95, 0x7C,
    0xEB, 0x62, 0x87, 0x0B, 0x42, 0xFD, 0xF1, 0x3D, 0xEA, 0x7F, 0xBE, 0xFB, 0x86, 0xCB, 0x12, 0xAA,
    0xB4, 0x72, 0xFC, 0x78, 0xC9, 0x1C, 0xD7, 0x06, 0x8A, 0xD1, 0xF6, 0x94, 0xA9, 0x0E, 0x34, 0xE3,
    0xD0, 0x22, 0xAF, 0x2D, 0x94, 0x4B, 0x3D, 0x53, 0xCF, 0x5D, 0xC4, 0xC7, 0xA1, 0xC7, 0x07, 0x69,
    0xF1, 0x51, 0x7A, 0x5C, 0xF2, 0x41, 0xC7, 0x8E, 0x98, 0xB9, 0x8A, 0x90, 0x6D, 0x82, 0xEF, 0xD3,
    0xE3, 0x45, 0xFA, 0x4E, 0xA4, 0x1D, 0x44, 0x80, 0x06, 0xB8, 0x06, 0x9C, 0x00, 0x67, 0x7B, 0xFA,
    0xF0, 0x06, 0x5E, 0x7A, 0x2F, 0x6D, 0x27, 0xD0, 0x3C, 0xA4, 0x88, 0x65, 0x5F, 0x41, 0xFC, 0x66,
    0x33, 0x7F, 0xF0, 0xCA, 0xD5, 0x93, 0x1B, 0x2F, 0x9F, 0x9C, 0xDC, 0xB8, 0xE1, 0xE3, 0x8D, 0x1B,
    0x37, 0xD3, 0x07, 0x37, 0xEE, 0xA4, 0xF8, 0xC7, 0xD3, 0x3F, 0x84, 0x13, 0xCA, 0xD6, 0xB5, 0x57,
    0x29, 0x86, 0x88, 0x97, 0xD1, 0x4B, 0x30, 0xBA, 0x58, 0xED, 0x4B, 0x65, 0x78, 0xC5, 0x86, 0xB7,
    0xB6, 0x89, 0xB3, 0xE1, 0x9A, 0x6B, 0x9B, 0x95, 0x6A, 0x02, 0x5E, 0x00, 0xCE, 0x81, 0x19, 0x98,
    0xA0, 0x48, 0x58, 0x91, 0x54, 0x6E, 0xD7, 0xBE, 0x36, 0x55, 0x00, 0xD7, 0x83, 0x6B, 0xA1, 0x46,
    0x33, 0xA6, 0x13, 0x61, 0x90, 0x15, 0x86, 0xDE, 0x4A, 0x7C, 0xC6, 0xA5, 0xE7, 0xCA, 0x44, 0x15,
    0xA9, 0x03, 0x1D, 0xC5, 0x4C, 0xD9, 0xD3, 0x48, 0xE8, 0x24, 0x0C, 0xD2, 0xD2, 0x44, 0x64, 0x32,
    0x1F, 0x4F, 0xC6, 0x24, 0xCA, 0x9E, 0x6E, 0xE4, 0x4A, 0xC2, 0xEA, 0xDF, 0x35, 0x17, 0xBD, 0xF4,
    0xF5, 0x43, 0x8C, 0x50, 0x66, 0x5C, 0xA4, 0x69, 0xF7, 0xBA, 0xED, 0x52, 0xC8, 0xC6, 0x6C, 0x04,
    0xAA, 0x6C, 0x57, 0x70, 0xB3, 0x5D, 0xC0, 0xA5, 0x2A, 0x43, 0x9D, 0xDC, 0x0C, 0x4D, 0x74, 0x13,
    0xF8, 0xB1, 0x49, 0xE0, 0x83, 0x4F, 0xD0, 0xF5, 0x3F, 0x8D, 0x30, 0xB4, 0xF7, 0x47, 0x90, 0xD7,
    0xFE, 0xEE, 0xA3, 0x1E, 0x79, 0xD0, 0xDC, 0xEF, 0x0B, 0x59, 0xFD, 0x8A, 0x95, 0xEC, 0x27, 0xEC,
    0xFD, 0xE8, 0x5B, 0xCA, 0x00, 0x50, 0xED, 0x74, 0x4F, 0xB0, 0xEE, 0x95, 0xCD, 0x4E, 0xBF, 0xF3,
    0xB4, 0x55, 0x72, 0x5D, 0x24, 0x1B, 0x11, 0x89, 0x95, 0xAC, 0x8E, 0x5A, 0x96, 0xE7, 0x69, 0x24,
    0xEF, 0xED, 0xEC, 0x64, 0xC3, 0x7C, 0x73, 0xC3, 0x74, 0x67, 0x43, 0x4A, 0xD4, 0x12, 0x13, 0x97,
    0xE4, 0xB3, 0x08, 0xF6, 0x93, 0xF0, 0x08, 0xD5, 0x5F, 0xF7, 0xE0, 0xAA, 0x16, 0x9C, 0x03, 0x9E,
    0x57, 0x5C, 0xBD, 0x0A, 0x9C, 0xEC, 0x4B, 0xAD, 0xB8, 0x73, 0x13, 0x48, 0x77, 0x14, 0x09, 0x78,
    0xE3, 0x0D, 0x70, 0xA3, 0x4F, 0x5D, 0x1A, 0x46, 0xDF, 0xF2, 0x15, 0x5E, 0x26, 0xDA, 0x6C, 0x16,
    0x4E, 0x5E, 0x3E, 0x6B, 0x46, 0x1A, 0x8C, 0x50, 0xAF, 0x7C, 0x6D, 0x79, 0xD4, 0xAC, 0xCD, 0x8C,
    0x9D, 0xF6, 0xAD, 0x9E, 0xA8, 0x13, 0x43, 0x06, 0x23, 0x2D, 0xB5, 0x8C, 0x74, 0xDF, 0x4D, 0x2C,
    0x36, 0x15, 0xD9, 0x26, 0x33, 0x97, 0x49, 0x77, 0xA0, 0x99, 0xDD, 0x68, 0xB2, 0xEF, 0x91, 0x15,
    0x9A, 0xCF, 0x39, 0x7E, 0x1A, 0x59, 0xF1, 0xB2, 0x00, 0x00, 0x37, 0x8B, 0x08, 0x77, 0xCD, 0x04,
    0x5D, 0x91, 0xC1, 0x07, 0x81, 0x46, 0x37, 0x76, 0x9D, 0xBA, 0xB0, 0xC1, 0x87, 0xC3, 0xEE, 0x96,
    0x4F, 0x04, 0xBB, 0xBA, 0x19, 0x37, 0x69, 0x6A, 0x61, 0x68, 0x39, 0xE5, 0x1C, 0xBE, 0xCA, 0x1F,
    0x1E, 0x67, 0xB5, 0x10, 0x9D, 0x76, 0x27, 0x50, 0xB7, 0x5F, 0xEB, 0xE0, 0x6D, 0xB8, 0x47, 0x31,
    0xC1, 0x82, 0x8D, 0x90, 0x71, 0xBD, 0x56, 0x71, 0x8A, 0x16, 0x92, 0xC1, 0x4E, 0x36, 0xF9, 0xBE,
    0x9A, 0xAA, 0x20, 0xAD, 0x5F, 0x1A, 0x23, 0xC0, 0x79, 0x35, 0x80, 0x49, 0xDF, 0xBC, 0x07, 0xE5,
    0xF8, 0xD6, 0xA2, 0xA1, 0x62, 0x86, 0xB7, 0x8D, 0xC8, 0xC8, 0x6C, 0x65, 0xEF, 0xCD, 0x76, 0xD2,
    0x50, 0x65, 0xD2, 0x50, 0x3E, 0xFF, 0xEF, 0xED, 0xBF, 0x92, 0x76, 0xB3, 0x7F, 0x2A, 0x61, 0xB3,
    0x7F, 0xB3, 0x1E, 0xE1, 0xFC, 0x15, 0x37, 0x62, 0x12, 0x2E, 0x50, 0x8E, 0x34, 0x7B, 0x53, 0xBD,
    0xAB, 0xA1, 0x4C, 0x82, 0x19, 0xD7, 0x6A, 0x28, 0x2F, 0xC1, 0xF5, 0x88, 0xB4, 0xA7, 0x6C, 0x84,
    0xAE, 0x07, 0x8C, 0x44, 0x6C, 0x2C, 0x5F, 0x8F, 0xB8, 0xFE, 0xF7, 0xCA, 0x11, 0x8F, 0x8E, 0xCE,
    0x20, 0xBD, 0x49, 0x70, 0x7D, 0xAC, 0x02, 0x54, 0x63, 0x03, 0xB8, 0x70, 0x06, 0x77, 0x9A, 0x8F,
    0xA6, 0x26, 0x0C, 0x52, 0x8E, 0x5D, 0x68, 0xA6, 0xFA, 0x55, 0xE9, 0xE1, 0xD4, 0x0E, 0x2D, 0xCC,
    0xCE, 0x83, 0x8D, 0x27, 0x9D, 0x8E, 0xFC, 0xE0, 0x1E, 0xF8, 0x42, 0x24, 0x72, 0x6E, 0x44, 0x82,
    0x49, 0x5A, 0x42, 0x15, 0xB0, 0x33, 0x35, 0x34, 0x2B, 0x1A, 0x14, 0x7C, 0x82, 0x4E, 0xAF, 0x88,
    0x66, 0x7D, 0xFC, 0xE8, 0x1C, 0x90, 0xE1, 0x7A, 0xA6, 0x92, 0x99, 0x46, 0xF6, 0xC3, 0x00, 0x5D,
    0xD8, 0x93, 0xDE, 0x2F, 0x1F, 0x6C, 0xF4, 0xB1, 0x4E, 0x4E, 0x24, 0x59, 0x91, 0xF1, 0xD0, 0xAF,
    0xF1, 0x41, 0x59, 0x8F, 0xCA, 0x32, 0x2A, 0x8B, 0xC4, 0x17, 0x3E, 0x6E, 0x51, 0x36, 0x3B, 0xBB,
    0x55, 0xF9, 0x6B, 0xA5, 0xF9, 0x4F, 0xA5, 0xFD, 0x58, 0x00, 0xF7, 0x57, 0xCA, 0xC6, 0x28, 0xAF,
    0x15, 0xCA, 0x59, 0x59, 0x24, 0x5D, 0x2C, 0x2B, 0xB2, 0xB1, 0xDA, 0x59, 0x6F, 0xEC, 0xF1, 0xB0,
    0xF1, 0xEE, 0xCE, 0x19, 0x24, 0xD8, 0xA4, 0x6C, 0x66, 0x2E, 0xC9, 0x34, 0xAC, 0xD4, 0x92, 0x01,
    0x8A, 0xF7, 0x95, 0x55, 0x7E, 0x9C, 0xA2, 0x57, 0xF0, 0xE1, 0x85, 0xC9, 0x50, 0x14, 0x56, 0x7A,
    0xC0, 0xDD, 0x0F, 0xC0, 0x3B, 0x36, 0x5E, 0x90, 0xDC, 0xCA, 0xF1, 0x26, 0xE0, 0xA6, 0x04, 0x34,
    0x12, 0x35, 0xB4, 0x0F, 0xC0, 0x4D, 0xD7, 0x5E, 0x90, 0x0C, 0xEB, 0x62, 0x02, 0xFC, 0xBB, 0xB3,
    0x7A, 0x5F, 0x53, 0x9E, 0x9A, 0x08, 0x00, 0x17, 0x24, 0x43, 0x1D, 0x00, 0xE6, 0x5D, 0xA5, 0xB5,
    0x3B, 0x5F, 0x57, 0x92, 0x2F, 0x4A, 0x86, 0xFA, 0x9C, 0xAC, 0xC7, 0x7F, 0x0E, 0x7A, 0x91, 0x43,
    0xF2, 0xEF, 0x48, 0xE0, 0x1C, 0x20, 0x4B, 0xCF, 0x4D, 0x60, 0xEB, 0x83, 0x00, 0xE0, 0x3E, 0x11,
    0x00, 0xF0, 0x76, 0x05, 0x80, 0x5C, 0x1E, 0xC2, 0x98, 0x54, 0x1D, 0xC2, 0x54, 0xC1, 0x1D, 0xC2,
    0x34, 0x22, 0x33, 0x00, 0x83, 0x48, 0x02, 0x28, 0xE4, 0xD1, 0x3F, 0x65, 0xC2, 0x8F, 0xC0, 0x7E,
    0x52, 0x08, 0x7C, 0x03, 0x4E, 0x61, 0x08, 0x0C, 0x90, 0x61, 0x4F, 0xE7, 0x8A, 0xB4, 0xD5, 0x9E,
    0x8E, 0x97, 0xD6, 0xCB, 0xF1, 0xE0, 0x5E, 0xED, 0xAC, 0x81, 0x3F, 0x93, 0x7B, 0x70, 0x30, 0x76,
    0xCA, 0x42, 0x3E, 0x27, 0x53, 0x4A, 0xCB, 0x39, 0x2E, 0xC3, 0xD9, 0x7F, 0x7F, 0xC2, 0x7E, 0x82,
    0x2D, 0x43, 0xC0, 0x8E, 0x0C, 0x23, 0x55, 0xC0, 0x27, 0xEA, 0x1E, 0xBF, 0xD2, 0xB5, 0x38, 0x11,
    0x01, 0x73, 0xA8, 0xAF, 0x91, 0xDB, 0x80, 0xED, 0x01, 0xAA, 0x56, 0xD9, 0x44, 0xE5, 0x95, 0x43,
    0x69, 0x49, 0xF1, 0xF1, 0xAE, 0x59, 0x5B, 0x25, 0x36, 0x2B, 0x59, 0x76, 0x9E, 0xEE, 0x74, 0x5F,
    0x5C, 0xFB, 0xBD, 0x42, 0xE5, 0xAC, 0x1A, 0x99, 0x36, 0x6A, 0x28, 0xBB, 0x31, 0x62, 0x17, 0x80,
    0x32, 0x2B, 0xDD, 0x81, 0x3A, 0x9C, 0x5A, 0x87, 0xD3, 0xE8, 0x70, 0x4D, 0xF7, 0x77, 0x97, 0xD7,
    0x72, 0x97, 0x42, 0x30, 0x19, 0xBB, 0x07, 0x6E, 0x36, 0x26, 0x86, 0x8D, 0x11, 0x80, 0x6F, 0xF4,
    0xCA, 0x2E, 0x28, 0x57, 0x85, 0x9D, 0x94, 0x55, 0x7F, 0x51, 0x32, 0xAC, 0x92, 0xD2, 0xCF, 0xCA,
    0xE5, 0x1C, 0xB0, 0xF1, 0xF4, 0x82, 0xE4, 0x56, 0x4C, 0x75, 0x0B, 0x76, 0xF6, 0xFD, 0xC6, 0x49,
    0x69, 0x62, 0x03, 0x00, 0x17, 0x23, 0x43, 0x9B, 0xA1, 0x58, 0x80, 0x53, 0xC0, 0x3D, 0x99, 0x4F,
    0xA6, 0x92, 0xCF, 0x29, 0xA4, 0xC5, 0x08, 0x58, 0x81, 0x72, 0x81, 0x2A, 0x83, 0xD3, 0x6B, 0x86,
    0xFA, 0x91, 0xD5, 0xC7, 0xDD, 0xBB, 0x5B, 0x45, 0xAF, 0x9E, 0xE3, 0x23, 0x8D, 0xDC, 0x62, 0x50,
    0x8F, 0x6E, 0xA3, 0x63, 0x62, 0x2B, 0x60, 0xA7, 0x2F, 0x6E, 0xA1, 0x5D, 0xB9, 0x3B, 0x77, 0xE9,
    0x1E, 0x02, 0xAB, 0x50, 0xEF, 0x2E, 0xC6, 0xED, 0x98, 0xD9, 0xDD, 0xBB, 0x7C, 0xB7, 0xAB, 0xFE,
    0x18, 0x5C, 0x76, 0xF4, 0x4F, 0x3E, 0xAF, 0x49, 0x30, 0x3C, 0xDE, 0x2B, 0x7E, 0xD6, 0x7D, 0xA2,
    0xBB, 0xE4, 0xA9, 0x95, 0x5B, 0xA4, 0xBA, 0x3D, 0x2C, 0x7B, 0x39, 0x6D, 0xB0, 0xC7, 0x45, 0xFF,
    0x3F, 0x2E, 0xD7, 0x89, 0xCC, 0x3B, 0xA5, 0x7F, 0xD4, 0x52, 0x8D, 0x30, 0x4C, 0x58, 0xC1, 0x65,
    0x15, 0x55, 0x59, 0xFF, 0xCA, 0xAC, 0x96, 0x72, 0x29, 0x44, 0x52, 0x99, 0xCD, 0xC6, 0x2A, 0x5B,
    0x91, 0xE8, 0xB2, 0xEA, 0xDC, 0xAC, 0xBE, 0x66, 0x52, 0x61, 0x97, 0xD4, 0x28, 0x23, 0xD2, 0x96,
    0xD2, 0x17, 0xC2, 0xF5, 0xF5, 0x89, 0x5D, 0xD5, 0x33, 0x88, 0x16, 0x04, 0x94, 0xE1, 0x0E, 0x40,
    0xFD, 0xAB, 0x04, 0xE0, 0x65, 0x04, 0x38, 0xE9, 0x02, 0xC0, 0x9D, 0xFA, 0x77, 0x4C, 0x46, 0x34,
    0x32, 0x53, 0x49, 0x2A, 0x86, 0x48, 0x21, 0x89, 0x06, 0x8C, 0x4C, 0x9C, 0x82, 0xBD, 0x3F, 0x73,
    0x02, 0xF6, 0xD3, 0xCC, 0xB9, 0xBE, 0x85, 0x67, 0xB4, 0xA6, 0x77, 0x17, 0x26, 0x70, 0xAF, 0x2D,
    0x45, 0x82, 0xDA, 0xAC, 0x26, 0xC1, 0x4B, 0x85, 0xD8, 0x11, 0xAE, 0x21, 0x65, 0x80, 0x33, 0xE4,
    0xBB, 0x01, 0xCE, 0x91, 0xF7, 0x7A, 0x98, 0x19, 0x7E, 0xDE, 0xC2, 0x44, 0xF7, 0x00, 0x4C, 0xC2,
    0xAF, 0x60, 0x23, 0x7E, 0x81, 0xE6, 0x21, 0x4D, 0x86, 0x61, 0xA5, 0xCE, 0x00, 0xCD, 0xA8, 0x74,
    0x51, 0x69, 0x93, 0x12, 0xE5, 0x93, 0x9F, 0x27, 0x7F, 0x89, 0xE8, 0x44, 0x32, 0x85, 0xC4, 0x6A,
    0xA5, 0x14, 0xCC, 0x3E, 0xB5, 0x48, 0xDB, 0x4C, 0x20, 0xBD, 0x4F, 0xCA, 0x6E, 0x54, 0x0E, 0x41,
    0x29, 0x41, 0x17, 0xFC, 0xB0, 0x69, 0x36, 0xDA, 0x55, 0x59, 0x2D, 0x0C, 0x81, 0x7A, 0x9F, 0xE9,
    0x2E, 0xE1, 0xA7, 0x4B, 0x12, 0xF6, 0x75, 0x03, 0x2B, 0x32, 0xEF, 0xC2, 0x16, 0x80, 0xE2, 0xC7,
    0x4F, 0xB4, 0x82, 0xA8, 0x6C, 0x5A, 0xE5, 0xD9, 0x85, 0xC9, 0x70, 0xD0, 0x9B, 0x91, 0x00, 0xB8,
    0x5F, 0x8E, 0x80, 0x37, 0xE9, 0x82, 0xE4, 0x66, 0xE2, 0x09, 0x50, 0xCD, 0x77, 0x80, 0x5A, 0x12,
    0xF0, 0x92, 0x8F, 0xC0, 0x49, 0xD5, 0x5F, 0x90, 0x0C, 0xEB, 0x76, 0x06, 0xFC, 0x27, 0x59, 0xF9,
    0xAE, 0xB2, 0x29, 0x12, 0x00, 0x5C, 0x8C, 0x0C, 0x6F, 0x15, 0xAD, 0x4D, 0x55, 0x30, 0x93, 0x0F,
    0x2C, 0x2B, 0x74, 0x13, 0xF8, 0x00, 0x12, 0xB0, 0x32, 0x52, 0xFF, 0x53, 0xA2, 0x7B, 0x75, 0xE6,
    0x84, 0x3B, 0x00, 0x40, 0x31, 0xCC, 0x76, 0x82, 0x46, 0xE4, 0xBD, 0x71, 0x6F, 0x42, 0xD2, 0x52,
    0x4A, 0xDF, 0x2C, 0xE0, 0xF6, 0xEE, 0x83, 0x9F, 0xA8, 0x17, 0xE8, 0x22, 0xC3, 0x0A, 0x12, 0xCC,
    0xAF, 0x85, 0x42, 0x7A, 0x3D, 0x40, 0x1A, 0x69, 0x3B, 0xBB, 0x62, 0xC4, 0xCC, 0xDB, 0xCD, 0x4A,
    0x35, 0x56, 0x0B, 0x56, 0xBC, 0x3E, 0x6A, 0x24, 0x53, 0xCF, 0x5A, 0x37, 0x87, 0x1A, 0x91, 0x71,
    0x9F, 0x85, 0x5D, 0x20, 0xB2, 0x40, 0xFD, 0xE9, 0x61, 0x7E, 0x18, 0x1E, 0x02, 0xE0, 0x92, 0xB2,
    0xDC, 0x59, 0x4C, 0xFC, 0x8E, 0xEF, 0x8D, 0x93, 0x05, 0x59, 0x4A, 0x99, 0xE9, 0x3E, 0x47, 0x67,
    0xA0, 0x2F, 0xA4, 0xC5, 0xB5, 0x46, 0xA0, 0xC1, 0x0A, 0x9C, 0x62, 0x57, 0xB8, 0xA6, 0x13, 0xC6,
    0x99, 0xE6, 0xC1, 0x39, 0x6E, 0x86, 0x89, 0x7A, 0xA2, 0x48, 0x34, 0x69, 0x6F, 0x2F, 0x69, 0xEF,
    0x2E, 0x11, 0x1B, 0xE8, 0xE2, 0xF1, 0xB8, 0xD8, 0xE2, 0x97, 0xE2, 0x1E, 0xD4, 0x22, 0x19, 0xCA,
    0x3D, 0xB9, 0xBD, 0x68, 0x00, 0x7E, 0xA0, 0x30, 0xAB, 0xB2, 0x9C, 0x94, 0x2E, 0x28, 0x4F, 0x2F,
    0x4C, 0x86, 0x3E, 0x28, 0x25, 0x02, 0xE5, 0xAF, 0x13, 0x50, 0xF7, 0xD3, 0x05, 0xC9, 0xAD, 0x0A,
    0xE7, 0x40, 0x3D, 0xAE, 0xCA, 0xCF, 0x16, 0xC0, 0xF5, 0x33, 0x00, 0x17, 0x66, 0xF6, 0x2E, 0xDD,
    0x7E, 0xFC, 0x2A, 0xD0, 0xB5, 0xCA, 0xAC, 0xF8, 0xE2, 0xCB, 0x7C, 0xA7, 0x3B, 0x38, 0x76, 0xD2,
    0x97, 0xDB, 0xDF, 0x02, 0x19, 0xDD, 0xF9, 0x09, 0x23, 0xB8, 0xFD, 0x8B, 0xDB, 0x00, 0xD2, 0xDF,
    0x05, 0x86, 0x8F, 0x26, 0xC0, 0xFF, 0x62, 0x54, 0x4A, 0x0F, 0xD4, 0xBB, 0x4B, 0x93, 0x46, 0xD3,
    0x85, 0xE3, 0xBB, 0xCD, 0x81, 0xF1, 0x0B, 0x87, 0xC3, 0x4A, 0x26, 0xA0, 0x91, 0xF9, 0x78, 0x20,
    0x81, 0x4B, 0x32, 0x02, 0x85, 0x00, 0x58, 0x2D, 0x40, 0xB9, 0xEC, 0xC5, 0x08, 0x54, 0xD9, 0x48,
    0xAF, 0xF1, 0x95, 0x93, 0xB2, 0x4E, 0x4A, 0xBF, 0xB1, 0xC5, 0x47, 0x2B, 0xD0, 0x8D, 0x6E, 0x85,
    0x41, 0x34, 0x9C, 0x88, 0x44, 0xE5, 0x0A, 0xE6, 0x51, 0x48, 0x8E, 0x47, 0x94, 0xE3, 0x91, 0x0C,
    0x1E, 0x7D, 0x3D, 0x2B, 0x91, 0x1E, 0xF0, 0x63, 0x17, 0x00, 0xA1, 0x1E, 0xA1, 0x58, 0xF7, 0x9B,
    0x5D, 0x68, 0x02, 0xD8, 0xAC, 0x33, 0x67, 0x25, 0x17, 0x19, 0xBD, 0x55, 0x23, 0xE0, 0xE6, 0xBA,
    0x07, 0xDC, 0xE4, 0x5B, 0x38, 0xFC, 0x70, 0x0E, 0x75, 0xF2, 0xE9, 0x70, 0xCB, 0xFB, 0xA4, 0x3B,
    0xD9, 0x23, 0x5B, 0x35, 0xF8, 0x80, 0x84, 0xFD, 0xE6, 0xF5, 0xF6, 0xB3, 0xA0, 0xA1, 0xBB, 0xF7,
    0x42, 0xD3, 0xC3, 0xF0, 0xBD, 0xD4, 0x01, 0x43, 0x25, 0x0B, 0x20, 0x85, 0x8C, 0xC0, 0x02, 0x00,
    0x59, 0xF1, 0x95, 0x62, 0x06, 0x38, 0x33, 0x09, 0x60, 0xB1, 0x11, 0x40, 0x5C, 0xFF, 0xF8, 0xA5,
    0xFC, 0xF1, 0xCF, 0xA3, 0x7F, 0xD4, 0x02, 0x87, 0x74, 0x14, 0x7B, 0xB6, 0x87, 0x07, 0x6E, 0x2B,
    0xD0, 0xF2, 0xCA, 0x84, 0x93, 0xF7, 0x12, 0x9D, 0xDC, 0x1F, 0x91, 0x71, 0x08, 0x56, 0xE8, 0x82,
    0x76, 0xE3, 0xDE, 0xCD, 0x08, 0x4D, 0x32, 0xA2, 0x13, 0xBB, 0xE2, 0xC7, 0x67, 0x16, 0xBA, 0xF0,
    0x7C, 0x66, 0x08, 0x7F, 0x3E, 0x33, 0x7C, 0xF4, 0x8B, 0xE9, 0xC3, 0x4E, 0x7E, 0x28, 0xD1, 0xAF,
    0x6E, 0xFF, 0xED, 0x71, 0xD7, 0x9A, 0x1F, 0x1F, 0x4F, 0x8F, 0x75, 0x04, 0x7C, 0x0B, 0x9C, 0x3F,
    0x5D, 0xE5, 0x4F, 0x00, 0x23, 0x40, 0x29, 0x3D, 0xD4, 0xF7, 0x03, 0xF8, 0x32, 0xC0, 0xFB, 0xE6,
    0xD6, 0x53, 0x52, 0x9A, 0xFE, 0x4D, 0x70, 0x31, 0x41, 0xF3, 0x9B, 0x04, 0xA7, 0x32, 0xC2, 0x4D,
    0x1F, 0xE0, 0xF6, 0x65, 0x9E, 0x92, 0xF2, 0xD9, 0xE2, 0x36, 0x74, 0x76, 0x82, 0xE1, 0x75, 0x45,
    0x99, 0xE0, 0x85, 0x62, 0x2F, 0xF0, 0x69, 0x29, 0x79, 0x13, 0x30, 0xFF, 0x02, 0x58, 0xCB, 0x11,
    0x7F, 0x0B, 0xF0, 0xA3, 0xA7, 0xA3, 0xD4, 0x78, 0x9F, 0x09, 0x38, 0xF9, 0xF9, 0xA7, 0x12, 0xE8,
    0x44, 0xFE, 0xA3, 0x8E, 0x1A, 0x35, 0xB9, 0xB8, 0xC7, 0x75, 0x71, 0x8F, 0xDC, 0x8C, 0x1A, 0xFB,
    0x55, 0x09, 0x1A, 0x7D, 0x78, 0xA8, 0xF1, 0xE5, 0x21, 0xF8, 0xF0, 0x8C, 0x00, 0x5D, 0x78, 0x4E,
    0x30, 0x0C, 0xE1, 0x86, 0xE0, 0x36, 0xCF, 0x28, 0xE1, 0x6D, 0x3A, 0xE9, 0x07, 0x99, 0xF1, 0x2B,
    0x5E, 0x46, 0xAA, 0x89, 0x72, 0x05, 0x8C, 0xDC, 0xA2, 0x91, 0x09, 0x79, 0x3D, 0xDB, 0x6C, 0xE6,
    0x72, 0x22, 0xB9, 0x04, 0x75, 0x84, 0x66, 0x04, 0xFF, 0xF8, 0x1A, 0x37, 0x47, 0xF0, 0x53, 0xDD,
    0xD6, 0xB2, 0x52, 0xC9, 0x4C, 0x21, 0xB7, 0xE0, 0x45, 0xE0, 0x03, 0x30, 0x19, 0xCC, 0x0A, 0x78,
    0xF8, 0x83, 0xAB, 0x70, 0xFA, 0x21, 0x5C, 0x6A, 0x81, 0xCB, 0xB7, 0x51, 0x17, 0x76, 0x06, 0x32,
    0x70, 0x06, 0xBC, 0x00, 0xEC, 0xEE, 0xFE, 0xE0, 0x7E, 0x4D, 0xDD, 0xB9, 0x9C, 0x6C, 0x76, 0xA9,
    0x9C, 0xEB, 0x7F, 0x1D, 0xA6, 0x46, 0xD6, 0xD6, 0xFF, 0xA6, 0x3D, 0xBA, 0x6F, 0xF9, 0x68, 0x36,
    0x77, 0xD5, 0xD7, 0x22, 0x8F, 0xDD, 0xF0, 0x83, 0x1E, 0x90, 0x16, 0x6C, 0x3E, 0x9E, 0x2A, 0x5C,
    0x0F, 0x3C, 0x0B, 0x8F, 0x15, 0xBB, 0x43, 0x25, 0xA8, 0x05, 0xD5, 0xA0, 0x1E, 0x54, 0x84, 0x9A,
    0x50, 0xD5, 0xEE, 0xDA, 0x65, 0xA8, 0x0D, 0xD5, 0xA1, 0xBE, 0x5D, 0x78, 0x34, 0x5E, 0xDE, 0xE8,
    0x23, 0x48, 0xC2, 0xFC, 0x66, 0xA2, 0x1A, 0x67, 0xBE, 0xD1, 0xFE, 0xE9, 0x97, 0x52, 0x8E, 0xE9,
    0x9F, 0x05, 0x97, 0x06, 0x85, 0x80, 0x8B, 0xAB, 0xCE, 0xE1, 0x3E, 0x57, 0x4F, 0xAB, 0x9C, 0x1F,
    0xB4, 0x74, 0x81, 0x26, 0xE0, 0x02, 0x76, 0xA4, 0xD8, 0x4B, 0xAC, 0x63, 0x21, 0xA9, 0x92, 0xD4,
    0x74, 0xF1, 0x65, 0x3F, 0xEA, 0x00, 0xE9, 0x91, 0xD6, 0x08, 0x76, 0xA5, 0xCC, 0x54, 0xF9, 0xEB,
    0xEE, 0xE1, 0x9D, 0x5A, 0xC6, 0x46, 0xA8, 0xF7, 0x5E, 0xF0, 0x3E, 0xB8, 0x59, 0x1F, 0x04, 0xDF,
    0x42, 0x7E, 0xDC, 0xEB, 0xEA, 0xC3, 0xAB, 0x64, 0x25, 0x89, 0x2D, 0x1C, 0x1A, 0x4F, 0x03, 0x6A,
    0x44, 0x8E, 0x2F, 0xFA, 0x2B, 0x1A, 0x55, 0xC3, 0xB2, 0xC5, 0xA5, 0x96, 0x91, 0x46, 0x38, 0x84,
    0xE6, 0xC7, 0x60, 0xF6, 0x9C, 0x5B, 0xEA, 0xFB, 0x3D, 0xEF, 0x54, 0x41, 0x9B, 0xDA, 0x97, 0x12,
    0xFB, 0xD9, 0xAD, 0xDC, 0xA1, 0x9C, 0x90, 0x6A, 0xDA, 0x9B, 0xC9, 0x0B, 0xA6, 0x07, 0xBE, 0x9C,
    0xBC, 0x5F, 0x6A, 0xBF, 0x0A, 0x7E, 0x7E, 0x07, 0xAE, 0xC8, 0x04, 0x74, 0x23, 0x20, 0x09, 0xCA,
    0x7F, 0xCF, 0x1B, 0xBE, 0xB3, 0x00, 0xC5, 0x0A, 0xD5, 0x24, 0xD0, 0x2D, 0x42, 0x21, 0x22, 0x58,
    0x79, 0x4D, 0x70, 0xD9, 0x6C, 0x98, 0x0B, 0x39, 0x76, 0x0E, 0xA3, 0x9D, 0xC3, 0x2E, 0x1B, 0xCA,
    0x8C, 0x0F, 0x6E, 0xC6, 0x8F, 0x75, 0xA2, 0x49, 0xDD, 0x88, 0x13, 0xE9, 0x29, 0x65, 0x01, 0x86,
    0xC8, 0xFF, 0xA8, 0x2F, 0x0F, 0xA1, 0x19, 0x4B, 0xF9, 0x48, 0x26, 0x27, 0xEF, 0xCA, 0xFC, 0x52,
    0xF7, 0xBD, 0x9F, 0xCE, 0xDF, 0xF6, 0x57, 0xDD, 0xFC, 0xF5, 0xEE, 0x65, 0x37, 0x71, 0xEF, 0x76,
    0x9D, 0x58, 0x82, 0x8F, 0xC5, 0xDA, 0xFB, 0xD1, 0x08, 0x7B, 0x3F, 0x93, 0xDE, 0x2E, 0x85, 0x50,
    0x66, 0x23, 0x75, 0x95, 0xAD, 0x64, 0x37, 0x97, 0x32, 0xBA, 0xC9, 0x2E, 0x87, 0xD5, 0xB7, 0x19,
    0x8A, 0x0C, 0xDC, 0x05, 0x4E, 0x81, 0x47, 0xB2, 0x4B, 0xC7, 0xAF, 0x84, 0xE4, 0xAD, 0xB6, 0xA5,
    0xCA, 0xC5, 0xAA, 0x95, 0xD5, 0xC9, 0xC8, 0x56, 0xDC, 0xBA, 0x95, 0xB5, 0x6A, 0x55, 0x7E, 0x74,
    0xDB, 0x55, 0x4F, 0x5B, 0x49, 0xD1, 0x89, 0x84, 0x52, 0xD6, 0x63, 0x3D, 0x3F, 0x69, 0xA1, 0x10,
    0x0E, 0x0A, 0xAA, 0x08, 0xD4, 0xED, 0xB1, 0x85, 0x1C, 0x15, 0xBB, 0x43, 0x25, 0xA8, 0x05, 0xD5,
    0xA0, 0x1E, 0x54, 0x84, 0x9A, 0x50, 0x15, 0xEA, 0x42, 0x65, 0xA8, 0x0D, 0xD5, 0xA1, 0x3E, 0x54,
    0xA8, 0xC6, 0xE3, 0x21, 0xB1, 0x9E, 0xA0, 0x9B, 0x61, 0xC9, 0xD8, 0xF4, 0x36, 0x97, 0xFB, 0x6F,
    0x7D, 0x39, 0xE5, 0xBC, 0xA0, 0x3D, 0x51, 0x5C, 0x8B, 0x91, 0x07, 0x60, 0x1F, 0xAC, 0x50, 0x7E,
    0x92, 0xE1, 0x52, 0x7B, 0xFB, 0x29, 0x95, 0x53, 0xDC, 0xBA, 0xCC, 0xE1, 0x17, 0xB0, 0x6A, 0xEA,
    0x7A, 0xCA, 0xD4, 0xB5, 0x87, 0x46, 0x03, 0x3C, 0x25, 0xA5, 0x49, 0x6A, 0x7C, 0xD4, 0xF6, 0x23,
    0xA0, 0xD1, 0x25, 0x78, 0x91, 0x7E, 0xBB, 0x5A, 0x8E, 0x9F, 0x73, 0x28, 0x16, 0x30, 0x0B, 0x30,
    0x03, 0x34, 0x0F, 0x1B, 0x30, 0x22, 0xE7, 0x50, 0x89, 0x4C, 0xD0, 0xCC, 0x4D, 0x84, 0x6E, 0x6C,
    0x12, 0x48, 0x18, 0x94, 0xDF, 0x79, 0x90, 0x28, 0xC4, 0xFD, 0x49, 0xC2, 0xC8, 0xB5, 0x46, 0x39,
    0xF9, 0xB8, 0x31, 0x74, 0x61, 0x23, 0xD2, 0x53, 0x48, 0x29, 0xC7, 0x23, 0x73, 0x25, 0x92, 0xA0,
    0xA9, 0xD6, 0xF6, 0x78, 0x4A, 0x42, 0x38, 0x9E, 0xC9, 0xEA, 0x1E, 0xA8, 0x02, 0x60, 0x7A, 0x00,
    0x54, 0xE5, 0x66, 0x2B, 0xD1, 0x4D, 0x4E, 0x62, 0x93, 0xAE, 0xF9, 0xE0, 0xE3, 0xB7, 0x87, 0xE0,
    0xC7, 0xC3, 0x8B, 0xBB, 0x20, 0x61, 0x77, 0xD8, 0xC5, 0x48, 0x6B, 0xB3, 0xED, 0x28, 0xF3, 0xE5,
    0x7B, 0x54, 0xF3, 0x8B, 0xCB, 0x57, 0xDD, 0x3A, 0x2D, 0xE7, 0x4E, 0xFE, 0x4D, 0x5B, 0xE7, 0xC7,
    0xD2, 0x9B, 0xA5, 0x98, 0x01, 0x2E, 0xFF, 0x08, 0xA8, 0xD3, 0xF1, 0x14, 0x7A, 0x0F, 0x28, 0xA6,
    0xA7, 0xAA, 0x2C, 0xDE, 0x07, 0xCA, 0x05, 0x70, 0x02, 0xF8, 0x0E, 0xC8, 0xAE, 0xA5, 0xB8, 0x7D,
    0xA9, 0x7F, 0x4A, 0xCA, 0xBD, 0x73, 0x2E, 0x2E, 0x52, 0xAC, 0x8A, 0xEC, 0x46, 0x78, 0x53, 0xB7,
    0x3A, 0x3C, 0xDD, 0x89, 0x6D, 0x12, 0xD0, 0xF5, 0xC0, 0x02, 0x98, 0x27, 0x27, 0x96, 0xA6, 0x2D,
    0x13, 0x43, 0x28, 0x53, 0x21, 0x63, 0x95, 0x36, 0x79, 0x95, 0xCA, 0x9F, 0x26, 0x17, 0x9D, 0x4B,
    0x6E, 0xFC, 0xFD, 0x2D, 0x93, 0xF0, 0x5C, 0x35, 0xBB, 0x9E, 0x32, 0xD7, 0x2D, 0x36, 0x37, 0x6C,
    0xB8, 0x06, 0x66, 0x39, 0x83, 0x62, 0xFD, 0x10, 0x90, 0xA4, 0x88, 0x8A, 0x00, 0x0C, 0x2D, 0xF0,
    0x0E, 0xC0, 0x19, 0xBC, 0x58, 0x24, 0x18, 0xAA, 0x71, 0x83, 0xB4, 0x1B, 0x32, 0xD0, 0x8C, 0x00,
    0x5C, 0xBA, 0x03, 0x58, 0x49, 0x3B, 0x23, 0xC0, 0x30, 0x2A, 0x7D, 0xD8, 0xD9, 0x3F, 0x7E, 0xFB,
    0x1C, 0xCA, 0x19, 0x58, 0x1B, 0x01, 0x96, 0x4E, 0x5A, 0x8A, 0x2C, 0xD2, 0x63, 0x7E, 0xFB, 0x99,
    0x04, 0xEC, 0x6F, 0x51, 0x2E, 0x88, 0xE6, 0x88, 0xB4, 0x54, 0x13, 0x02, 0x2E, 0x15, 0xCA, 0x68,
    0x17, 0xA8, 0x63, 0x99, 0xD5, 0xEB, 0x12, 0xF8, 0xD4, 0x8D, 0xE0, 0x45, 0x80, 0xEE, 0xC1, 0xE7,
    0xC7, 0x84, 0x11, 0x8E, 0xA4, 0x58, 0x95, 0x46, 0xA9, 0x81, 0x81, 0x5A, 0x46, 0xC0, 0xEF, 0x84,
    0x37, 0x4D, 0x4F, 0xA1, 0xEB, 0x68, 0x96, 0x7A, 0x43, 0xAE, 0x47, 0xB8, 0x7D, 0x5C, 0xC7, 0xFF,
    0xCF, 0x49, 0xFD, 0x2F, 0xCD, 0x9B, 0x8D, 0xAB, 0xDE, 0xE6, 0x79, 0xFF, 0x3F, 0x92, 0xF2, 0x3B,
    0x6A, 0x8F, 0x9A, 0xDF, 0x1D, 0xA0, 0x83, 0xCE, 0x69, 0xAA, 0x01, 0x05, 0xB2, 0x2C, 0x89, 0x0C,
    0x0B, 0xAC, 0x80, 0x7D, 0xA4, 0xC6, 0x40, 0x07, 0x03, 0x1A, 0xDE, 0xC7, 0xEB, 0x0A, 0x94, 0xD1,
    0x75, 0x1B, 0x2E, 0xAC, 0xC0, 0x00, 0xC7, 0xD2, 0x5A, 0xA0, 0x40, 0x81, 0xFA, 0x3F, 0x98, 0x07,
    0x06, 0x12, 0x17, 0xC8, 0x80, 0x00, 0x66, 0x9C, 0x63, 0xDD, 0x49, 0x18, 0x03, 0x0A, 0x54, 0xDD,
    0x80, 0x02, 0x01, 0xA2, 0xAE, 0xDE, 0x1B, 0xDD, 0xA8, 0x28, 0x6A, 0x2D, 0xC7, 0x92, 0xAE, 0x3D,
    0xD7, 0xA5, 0x47, 0xC7, 0x4F, 0x9C, 0xE3, 0xBE, 0xAC, 0xB6, 0x7B, 0x6E, 0xCE, 0xF3, 0x95, 0xCF,
    0xC3, 0xD1, 0x7D, 0x5D, 0xDF, 0xEF, 0x75, 0xEB, 0xBA, 0xEE, 0x17, 0x19, 0x48, 0xA5, 0x03, 0x32,
    0x69, 0x39, 0xA9, 0xB9, 0x49, 0x31, 0x33, 0x2C, 0x67, 0xC5, 0xDB, 0x8A, 0xE1, 0x4F, 0x14, 0xA3,
    0xB7, 0x05, 0x70, 0x5F, 0x53, 0xCC, 0x42, 0xC5, 0xF3, 0x81, 0xE2, 0xA0, 0x18, 0x74, 0x81, 0x14,
    0x44, 0x22, 0x1B, 0x4C, 0x0C, 0xD3, 0x0D, 0x56, 0xE4, 0xB0, 0xC1, 0x23, 0xC3, 0x01, 0xC4, 0x47,
    0x9D, 0x62, 0x36, 0xB0, 0x27, 0x7D, 0x3D, 0x93, 0xCA, 0x08, 0x67, 0xAE, 0x5F, 0x81, 0x5C, 0x7D,
    0x7A, 0x4E, 0xFF, 0x75, 0xDC, 0x82, 0x39, 0xEE, 0x70, 0xF2, 0xAD, 0x8E, 0x52, 0xDE, 0x6B, 0x90,
    0xA6, 0xF6, 0x91, 0x50, 0xFA, 0x64, 0xA2, 0xAE, 0xDC, 0x80, 0x90, 0x75, 0xA1, 0x90, 0xB7, 0xD1,
    0x4C, 0xDE, 0xFC, 0xFF, 0x89, 0xD2, 0x7F, 0x6A, 0xA4, 0xF6, 0x7F, 0x35, 0x50, 0xBF, 0xF5, 0xFD,
    0xFE, 0x46, 0x29, 0xDF, 0x94, 0x36, 0x9F, 0x9D, 0x14, 0x49, 0x9F, 0xDC, 0x02, 0xF8, 0x28, 0x9F,
    0x56, 0x0E, 0x41, 0xA7, 0x28, 0xAD, 0xA1, 0x57, 0x86, 0xF3, 0x29, 0x91, 0xE2, 0x23, 0x7C, 0x11,
    0x9E, 0xA1, 0x83, 0xF4, 0xDB, 0x2D, 0xA4, 0xEA, 0x9D, 0x13, 0x20, 0xBC, 0xF6, 0xC8, 0x44, 0x79,
    0x9C, 0x54, 0xA9, 0x95, 0x2A, 0xF5, 0x08, 0xD0, 0x29, 0x44, 0x5E, 0xD1, 0x55, 0x8A, 0x99, 0x02,
    0xF9, 0x1F, 0x1B, 0x0E, 0x8A, 0x69, 0xF3, 0x90, 0x19, 0x0B, 0xC0, 0x25, 0xD4, 0x77, 0x20, 0xF1,
    0x6A, 0xA3, 0x00, 0xB2, 0x3F, 0x54, 0x18, 0x81, 0x54, 0x0D, 0xEF, 0x15, 0x00, 0xE1, 0x6B, 0x80,
    0x1B, 0xB6, 0x7E, 0x28, 0x2D, 0xE8, 0xD9, 0x6D, 0x7F, 0x2E, 0x57, 0x94, 0xF9, 0x44, 0xB9, 0x81,
    0x40, 0x6E, 0x05, 0x53, 0x2C, 0x05, 0x87, 0x6E, 0x84, 0xC3, 0xAC, 0x83, 0x4B, 0x79, 0xAB, 0xAA,
    0x36, 0x40, 0xED, 0x01, 0xF9, 0x20, 0xD4, 0x06, 0xD6, 0x77, 0xA7, 0x30, 0xF3, 0x74, 0xE1, 0x44,
    0x84, 0x50, 0x64, 0x86, 0x4C, 0xAE, 0x00, 0xC1, 0x75, 0x20, 0x9A, 0x81, 0xA4, 0x07, 0x9C, 0x5F,
    0x5D, 0xF9, 0x12, 0xDB, 0x16, 0xEA, 0xDF, 0x65, 0xD2, 0x83, 0x7C, 0x6E, 0x24, 0x1A, 0xC3, 0x81,
    0xB8, 0xA7, 0xC3, 0x75, 0x40, 0xDA, 0x2A, 0x33, 0xB3, 0xB1, 0x0B, 0x8D, 0x0A, 0xE6, 0xC9, 0xFB,
    0x54, 0xA3, 0x36, 0x43, 0x22, 0x03, 0x04, 0x66, 0x11, 0x04, 0x88, 0xA4, 0x80, 0xF4, 0x3D, 0x0F,
    0xAF, 0x46, 0xCD, 0xE3, 0x26, 0xBD, 0xBF, 0x81, 0xBC, 0x83, 0xBA, 0x23, 0x7C, 0xBF, 0x27, 0x69,
    0x47, 0xF6, 0x8B, 0x67, 0x57, 0xB6, 0x4A, 0x56, 0xB9, 0x2A, 0x55, 0x65, 0xEA, 0x3A, 0xE3, 0x69,
    0x34, 0xF3, 0x7B, 0x9F, 0x46, 0x29, 0x2A, 0x43, 0x25, 0xA8, 0xFC, 0xB6, 0xF4, 0x8E, 0xD6, 0x47,
    0x3E, 0x52, 0x08, 0x06, 0x1E, 0x37, 0xBB, 0xBD, 0xC2, 0xFC, 0xB3, 0x5E, 0x72, 0x0F, 0x67, 0x78,
    0x38, 0xCC, 0xD2, 0xA0, 0x07, 0xF7, 0xDD, 0x06, 0x12, 0x8B, 0xE0, 0xF8, 0xB8, 0x99, 0x85, 0xD5,
    0x7E, 0x41, 0xD4, 0x5D, 0x86, 0xE0, 0xFD, 0x11, 0x90, 0x6E, 0xBD, 0xF1, 0xCB, 0x8F, 0x6E, 0xB0,
    0x5E, 0x8A, 0x5B, 0x20, 0xCF, 0x0A, 0x20, 0x9D, 0x00, 0xEB, 0x6B, 0xB7, 0x39, 0x91, 0xFF, 0x34,
    0x94, 0x8A, 0x60, 0x83, 0x2D, 0xA1, 0x50, 0xF7, 0x44, 0x82, 0x1B, 0x89, 0x66, 0x92, 0x91, 0x64,
    0x22, 0x1E, 0xF5, 0x57, 0xC5, 0x41, 0xBF, 0x49, 0x7B, 0xC5, 0xAC, 0xD3, 0x2F, 0xF3, 0x96, 0x74,
    0x50, 0x6D, 0xB2, 0x5E, 0xF9, 0x94, 0x1D, 0x52, 0x21, 0x0D, 0x52, 0xC4, 0x52, 0x85, 0xC2, 0xC5,
    0xD9, 0xF2, 0x60, 0x4F, 0x66, 0x46, 0x6A, 0x11, 0xCB, 0xAD, 0x04, 0x17, 0x5F, 0xBE, 0xA6, 0xA2,
    0x4A, 0xD2, 0xE9, 0x65, 0x76, 0x8D, 0x39, 0x99, 0x56, 0x40, 0x3C, 0xE6, 0x00, 0xC9, 0x70, 0xCE,
    0x7C, 0xEC, 0xBF, 0xAA, 0xB9, 0xCE, 0x5C, 0x77, 0xF2, 0x27, 0x16, 0x0A, 0xF9, 0x71, 0x03, 0x96,
    0xF1, 0x40, 0x73, 0x5E, 0x05, 0x9A, 0xF5, 0x0A, 0xB0, 0xBC, 0x07, 0x59, 0x17, 0x08, 0xA8, 0x3A,
    0x93, 0x5E, 0x7C, 0x32, 0x02, 0xA5, 0x4F, 0x47, 0x93, 0xBD, 0xEC, 0xF5, 0xF2, 0xD6, 0xED, 0xFE,
    0x77, 0xB4, 0xAF, 0x77, 0xA5, 0x83, 0x5C, 0x3E, 0x2F, 0xAD, 0xDA, 0x4C, 0xE6, 0x6A, 0x11, 0x66,
    0xD8, 0x15, 0xA6, 0xDB, 0x15, 0x86, 0x78, 0x32, 0x61, 0x56, 0x49, 0xE2, 0x29, 0x10, 0xE9, 0xE2,
    0x31, 0xDC, 0x60, 0x32, 0x46, 0x22, 0xED, 0x22, 0x8C, 0xBB, 0x4F, 0x18, 0x7F, 0x2C, 0x4C, 0xF0,
    0x60, 0x61, 0xF6, 0x94, 0x05, 0xA9, 0x60, 0x8F, 0xA1, 0x82, 0x5A, 0x27, 0x16, 0x69, 0x4D, 0x93,
    0x45, 0x92, 0x55, 0x11, 0x27, 0x7F, 0xDB, 0xAE, 0x7A, 0x98, 0x1C, 0x56, 0x01, 0x4C, 0x8C, 0xCA,
    0xB4, 0x58, 0xA5, 0xD0, 0x2A, 0xA0, 0x42, 0xEC, 0x4F, 0x58, 0x1D, 0x50, 0x19, 0x7E, 0x7F, 0x60,
    0xA9, 0x04, 0x58, 0x29, 0xC0, 0x6A, 0x01, 0xDB, 0xF2, 0xA7, 0xB4, 0x81, 0x50, 0xF1, 0xC3, 0x4D,
    0x95, 0x19, 0x0D, 0x07, 0x42, 0xA3, 0x11, 0x0A, 0x41, 0xA7, 0xE6, 0x83, 0x16, 0x13, 0x5D, 0xC5,
    0x01, 0xDC, 0x82, 0x22, 0xA3, 0xB2, 0x92, 0x01, 0x25, 0xDC, 0x6F, 0x9F, 0x15, 0xD5, 0x67, 0x7D,
    0x10, 0x90, 0x05, 0x0B, 0x8E, 0x08, 0x84, 0x70, 0xDC, 0xD1, 0xA7, 0xA3, 0x16, 0x13, 0x20, 0xBC,
    0xFE, 0x1A, 0xB1, 0x8C, 0xEC, 0x6D, 0xAE, 0x6B, 0x0B, 0xA5, 0x5A, 0xB2, 0xC3, 0x05, 0xCD, 0x0E,
    0x63, 0xDC, 0x47, 0xA3, 0xEB, 0xE2, 0x21, 0xFD, 0x41, 0xDD, 0x67, 0x32, 0x17, 0xF9, 0xFB, 0xC5,
    0x9A, 0x1D, 0xAE, 0xE4, 0x6D, 0xE8, 0xF3, 0x3E, 0xA9, 0x52, 0x91, 0xDD, 0xBC, 0xF7, 0x4A, 0x58,
    0x00, 0x5D, 0x0A, 0x20, 0x33, 0xAC, 0x85, 0x38, 0x6B, 0x4F, 0x09, 0xEB, 0x6A, 0x1F, 0x22, 0xFF,
    0x22, 0x44, 0x9A, 0x3D, 0xA2, 0xE5, 0x21, 0x6F, 0x35, 0x7B, 0x14, 0x3B, 0x22, 0x98, 0x0A, 0x2A,
    0x03, 0xAA, 0x03, 0x2A, 0x04, 0xAA, 0x04, 0x2A, 0x05, 0xAA, 0x05, 0x2A, 0x86, 0xA9, 0x61, 0x72,
    0xA0, 0x7A, 0xA0, 0x82, 0xA8, 0x93, 0xF7, 0x65, 0x8F, 0xA4, 0x55, 0x4C, 0x3B, 0xC5, 0xCC, 0xD0,
    0xF9, 0xD3, 0x21, 0xC7, 0x52, 0x26, 0xFC, 0x72, 0x63, 0xA9, 0x65, 0xE2, 0xE1, 0x0C, 0x84, 0xDF,
    0x18, 0x1F, 0xDE, 0x54, 0x08, 0xDB, 0x45, 0xE4, 0xFB, 0x67, 0x7C, 0xD9, 0x62, 0xAC, 0xFD, 0x75,
    0x18, 0x8E, 0x04, 0xD2, 0x81, 0x2B, 0xE0, 0x3C, 0x30, 0xEA, 0xE7, 0x15, 0x1B, 0x43, 0xE6, 0xE1,
    0x6F, 0xA3, 0xAD, 0xB7, 0xEC, 0x7B, 0x74, 0xD3, 0x4C, 0xF7, 0x8A, 0x59, 0x73, 0x5A, 0x1E, 0x80,
    0x33, 0x2C, 0xE5, 0x33, 0xFC, 0xD9, 0xB0, 0x96, 0x4F, 0x59, 0xCA, 0xE7, 0x23, 0x7B, 0x00, 0x44,
    0x21, 0x12, 0x2B, 0x07, 0x3A, 0xDB, 0xE3, 0x72, 0xD4, 0xC2, 0x87, 0x66, 0x0E, 0xC4, 0x56, 0xE6,
    0x4B, 0x11, 0x41, 0x27, 0x0F, 0x35, 0xB1, 0xC0, 0x81, 0x29, 0x70, 0x9E, 0xAC, 0x53, 0xCC, 0xDB,
    0x0F, 0xB3, 0x0E, 0xAE, 0x5F, 0xDB, 0x60, 0x28, 0x83, 0x12, 0xC9, 0x3A, 0xC5, 0xBC, 0xA3, 0xD6,
    0x92, 0xBE, 0xFD, 0x47, 0x36, 0x23, 0xDE, 0xD4, 0xF6, 0xA6, 0x76, 0x05, 0x4F, 0xCB, 0x7F, 0xA1,
    0xED, 0xFA, 0x42, 0x59, 0x31, 0x16, 0x2B, 0x18, 0x8B, 0x87, 0x89, 0xE2, 0x6B, 0xE1, 0x42, 0x00,
    0x4C, 0xF5, 0x86, 0xC0, 0xBA, 0x88, 0x87, 0xFC, 0xBD, 0x02, 0xD7, 0x65, 0x5E, 0x03, 0xAB, 0x98,
    0x7B, 0xC3, 0x2A, 0x37, 0x2C, 0x2B, 0x45, 0x01, 0xF2, 0xB7, 0x27, 0x25, 0xAD, 0x62, 0x12, 0x9B,
    0x00, 0x7F, 0x8D, 0xB6, 0x51, 0x21, 0x90, 0x3B, 0x86, 0x2A, 0x95, 0xC6, 0x07, 0xF8, 0xD3, 0x5A,
    0x2A, 0x5C, 0x15, 0x28, 0x85, 0x82, 0xBC, 0xD2, 0x1F, 0xFD, 0x47, 0x1B, 0xC8, 0x1A, 0xFD, 0xB0,
    0x9E, 0x8B, 0x5F, 0xBC, 0xD2, 0x3C, 0x0D, 0xDA, 0x7E, 0x82, 0x2F, 0x00, 0x2F, 0x98, 0x87, 0x99,
    0x2E, 0x36, 0x49, 0xCD, 0x43, 0x27, 0x2C, 0xEB, 0xCD, 0x53, 0xAB, 0x2D, 0x47, 0x0A, 0xC1, 0xE2,
    0xA7, 0x21, 0xE3, 0x69, 0x51, 0x95, 0x2F, 0x72, 0x1C, 0xE5, 0x68, 0xC1, 0x49, 0x91, 0x53, 0xAC,
    0xE7, 0xEA, 0x96, 0xE1, 0x9B, 0x86, 0xBD, 0x42, 0x30, 0x29, 0x32, 0x9C, 0x1A, 0x6D, 0x77, 0xFD,
    0xEC, 0x15, 0xC2, 0xCE, 0x70, 0x30, 0x1C, 0x15, 0xB9, 0x7A, 0x9A, 0x75, 0xAE, 0xED, 0x1A, 0x8A,
    0x89, 0xE1, 0xDE, 0x35, 0x65, 0x0E, 0x94, 0xC4, 0xFD, 0xE5, 0x67, 0x4C, 0x64, 0x26, 0x96, 0x5B,
    0x2A, 0x54, 0x20, 0x05, 0xA6, 0x05, 0x48, 0x45, 0x34, 0xDB, 0x17, 0xF1, 0x44, 0x24, 0x90, 0x8C,
    0x7A, 0xB1, 0xC9, 0xF9, 0xBC, 0x96, 0x2D, 0xD2, 0xE5, 0x92, 0x8B, 0x5A, 0x57, 0x61, 0xD3, 0x5E,
    0xC3, 0xA0, 0x72, 0x53, 0x9B, 0xDE, 0x88, 0xB7, 0xB8, 0x48, 0x45, 0xBD, 0xED, 0xD9, 0x13, 0x99,
    0x01, 0x5D, 0xC7, 0x3D, 0x2D, 0x2D, 0xB5, 0xB4, 0xB9, 0xF4, 0xAC, 0xAD, 0xAE, 0xB6, 0x7E, 0x27,
    0x3F, 0x6A, 0x21, 0x7F, 0xB9, 0xC3, 0xDA, 0xFF, 0x3B, 0xB4, 0x69, 0x9A, 0x42, 0x07, 0xD4, 0x0A,
    0xCB, 0xF2, 0xCD, 0xAF, 0x50, 0x7E, 0xF6, 0x26, 0x48, 0x22, 0x1E, 0xC9, 0xC4, 0x07, 0x53, 0x29,
    0x4D, 0x38, 0xF6, 0xB5, 0x8F, 0xEE, 0xF8, 0xD2, 0x47, 0xB7, 0x8B, 0xBA, 0x8A, 0xEF, 0x22, 0x24,
    0xFF, 0x13, 0x0A, 0x6E, 0x8C, 0x66, 0x5C, 0x1F, 0xEB, 0xAA, 0x2B, 0xD1, 0xB5, 0x85, 0xEB, 0xDF,
    0xCC, 0x9B, 0x54, 0xDA, 0xD2, 0x67, 0x52, 0xD4, 0x3E, 0xBD, 0x75, 0x2C, 0xCE, 0x9E, 0x34, 0x81,
    0xDC, 0x5A, 0x7D, 0xCF, 0xC5, 0x38, 0x97, 0x62, 0x9C, 0xED, 0xD2, 0x1F, 0x8B, 0x33, 0x9E, 0x20,
    0x4E, 0xF6, 0xCB, 0x8A, 0xA3, 0x62, 0xEF, 0x8A, 0xD3, 0xEC, 0x8A, 0xF3, 0xE5, 0x11, 0x30, 0x95,
    0xF4, 0x76, 0x5D, 0x11, 0x11, 0x8B, 0x34, 0x2B, 0xF3, 0x4A, 0x25, 0x39, 0xA6, 0x3F, 0x1B, 0xFD,
    0xCB, 0x4A, 0xBF, 0xDB, 0x30, 0x7F, 0xDF, 0xD7, 0x1B, 0xFA, 0x48, 0x15, 0xBF, 0xAF, 0xF4, 0xFF,
    0x7B, 0xA1, 0x3F, 0x91, 0xAE, 0xF4, 0x9F, 0xFA, 0x20, 0x7D, 0x16, 0xFA, 0x9C, 0x8F, 0x2B, 0x90,
    0xCF, 0x6F, 0x17, 0x2E, 0xD1, 0xBF, 0x4C, 0x10, 0xFB, 0xFE, 0xBE, 0xE1, 0x03, 0x89, 0xDC, 0xC2,
    0x9C, 0x37, 0x89, 0x88, 0x14, 0xE2, 0x09, 0x54, 0x15, 0x70, 0x06, 0x03, 0x18, 0x7D, 0x63, 0xCD,
    0x89, 0xAB, 0xFF, 0x6A, 0xF7, 0x7E, 0x5D, 0xE2, 0x2B, 0x77, 0x20, 0x2C, 0xBE, 0x88, 0x6B, 0x3B,
    0xB2, 0xBB, 0x2D, 0x07, 0xD2, 0x70, 0x23, 0xAF, 0xB8, 0xBA, 0x8F, 0xB5, 0xB4, 0xB5, 0x59, 0x58,
    0x22, 0x1D, 0x59, 0xD9, 0xF2, 0x52, 0x6E, 0xD3, 0xD7, 0xA5, 0x33, 0x29, 0x08, 0x65, 0x49, 0x8D,
    0xF1, 0x08, 0x1B, 0x96, 0xB8, 0x3B, 0x6F, 0x92, 0x4A, 0x43, 0x26, 0x60, 0x0C, 0x8D, 0x58, 0x28,
    0x33, 0xDA, 0x1E, 0x37, 0x31, 0xDD, 0x8C, 0xCE, 0xA5, 0xE5, 0xB9, 0xEB, 0x15, 0xF0, 0x70, 0x08,
    0x2D, 0x0B, 0xAF, 0x2E, 0x05, 0x64, 0x5E, 0x57, 0x5D, 0x59, 0xFB, 0xB8, 0xA9, 0x69, 0xC5, 0xD7,
    0x7A, 0x9F, 0x7D, 0xBB, 0x21, 0xB5, 0x1C, 0xAB, 0x75, 0xFE, 0xE1, 0x50, 0x54, 0xFF, 0xD5, 0xFD,
    0x60, 0xFD, 0x63, 0x31, 0xD7, 0xCD, 0x73, 0xA7, 0x9F, 0xC1, 0xDC, 0x36, 0xAF, 0xF3, 0xD6, 0x7C,
    0x36, 0x97, 0xC5, 0x6C, 0xAC, 0xB7, 0x98, 0xB7, 0xE6, 0x6C, 0x03, 0x51, 0x01, 0x0E, 0x78, 0x01,
    0x38, 0xBF, 0x25, 0x9C, 0x56, 0x00, 0xB9, 0x3A, 0xD5, 0x80, 0xB4, 0xCB, 0xB5, 0x2C, 0x58, 0x5B,
    0x3C, 0x40, 0x39, 0x12, 0xAA, 0x3B, 0xEF, 0x0D, 0x3C, 0xE9, 0x7A, 0x48, 0xB7, 0x36, 0xF3, 0xD5,
    0x66, 0x45, 0xA0, 0xD4, 0xE5, 0x09, 0xA2, 0xF9, 0x2F, 0x89, 0x35, 0x55, 0x88, 0xB7, 0x24, 0x41,
    0x07, 0xB1, 0x87, 0xB4, 0x80, 0x03, 0xE0, 0xF2, 0xC7, 0xA1, 0xEE, 0x97, 0xDB, 0x3F, 0x8A, 0xB6,
    0xA4, 0x59, 0x3A, 0xCC, 0xBA, 0xDD, 0x85, 0xE2, 0x43, 0xE7, 0x9F, 0xB6, 0x81, 0x74, 0x89, 0x74,
    0x59, 0xD9, 0x6A, 0x2C, 0x4A, 0x8F, 0x54, 0x48, 0x11, 0x8A, 0x86, 0x21, 0x1E, 0x35, 0x08, 0x9B,
    0x18, 0xA4, 0xD2, 0x64, 0x62, 0x01, 0x58, 0xEB, 0x9F, 0x9B, 0x15, 0xF3, 0x8B, 0x8A, 0x83, 0xAB,
    0xD8, 0x6D, 0x44, 0x22, 0x28, 0xEF, 0x3B, 0x0F, 0x58, 0x9B, 0x54, 0x60, 0x04, 0xCC, 0x17, 0xC5,
    0x19, 0x16, 0x1A, 0x0B, 0x91, 0x85, 0xC6, 0x42, 0x64, 0x51, 0x60, 0x21, 0xF4, 0x8C, 0x75, 0x96,
    0x7F, 0x56, 0xBC, 0x55, 0x1D, 0x94, 0xC7, 0x00, 0x24, 0xB2, 0x75, 0xE0, 0x4C, 0xB5, 0x35, 0x18,
    0x28, 0xB7, 0xE8, 0xB6, 0x6A, 0xF7, 0x56, 0x0F, 0xCF, 0x1D, 0x4F, 0x8B, 0x42, 0x35, 0x92, 0xDA,
    0xC3, 0xB1, 0x81, 0xF0, 0xAE, 0x66, 0xB5, 0x0B, 0x23, 0x28, 0x57, 0x35, 0xAB, 0xD0, 0xA3, 0xD2,
    0xAF, 0x96, 0xF3, 0xE6, 0xB8, 0xC2, 0x28, 0xD4, 0x15, 0x20, 0x85, 0x82, 0xB1, 0xD8, 0xCE, 0xBC,
    0x9E, 0x88, 0x46, 0x38, 0x97, 0xF4, 0x50, 0xA7, 0x2D, 0xD4, 0xEA, 0x62, 0x39, 0xA3, 0x02, 0x6F,
    0xC3, 0x16, 0x49, 0xAF, 0x91, 0x0B, 0xE4, 0x8A, 0x72, 0x0F, 0x46, 0x15, 0x88, 0xB8, 0x35, 0xF6,
    0x59, 0x65, 0xF4, 0x27, 0xE3, 0x1F, 0xF5, 0x68, 0x2C, 0x53, 0xAF, 0x17, 0x63, 0x49, 0x2A, 0xCA,
    0x50, 0x39, 0x7B, 0xBD, 0xB4, 0xD2, 0x1A, 0xCF, 0xB2, 0x33, 0x65, 0xF3, 0xDE, 0xA4, 0x4D, 0x47,
    0xD3, 0xD6, 0x4D, 0x4B, 0xCF, 0x4B, 0xA4, 0x23, 0x29, 0x34, 0xD8, 0xE1, 0x52, 0x4C, 0xAC, 0x7A,
    0xAE, 0x6D, 0x1B, 0xB5, 0xCC, 0x2B, 0x92, 0x6C, 0x2F, 0x85, 0x22, 0x97, 0x0D, 0x79, 0xE5, 0xB8,
    0xF8, 0x86, 0x2A, 0xB4, 0x52, 0x58, 0x8B, 0x6F, 0x7B, 0x9F, 0x34, 0x49, 0x4B, 0x5D, 0xD5, 0x3D,
    0xF2, 0xB2, 0x0C, 0x81, 0xB8, 0xAF, 0xF7, 0xE1, 0x7C, 0x3E, 0x68, 0xA2, 0xD9, 0x6E, 0x1B, 0x21,
    0x56, 0x48, 0xEE, 0xCE, 0xE0, 0x7E, 0x26, 0xE0, 0x3A, 0x75, 0xAC, 0x13, 0x5F, 0xE5, 0x6D, 0xF9,
    0x43, 0x9F, 0x37, 0xB9, 0x50, 0x2A, 0x85, 0x5A, 0x7B, 0x5A, 0x5A, 0x5A, 0x6C, 0x9F, 0x41, 0x52,
    0x05, 0x57, 0xAC, 0x93, 0xB2, 0x9D, 0xE9, 0x42, 0x17, 0x8C, 0xC4, 0x3A, 0x82, 0x71, 0x5A, 0x2B,
    0x79, 0x21, 0x6F, 0xFA, 0x9B, 0x9C, 0x2D, 0xDF, 0xF1, 0x9F, 0x81, 0xFA, 0xBB, 0x00, 0x52, 0x1B,
    0x4A, 0x01, 0x81, 0x2C, 0x49, 0xAB, 0xF4, 0x2A, 0x7B, 0xAE, 0xE2, 0x4F, 0x59, 0xF7, 0x09, 0xE2,
    0x31, 0x1D, 0xBF, 0x4A, 0x32, 0x38, 0x69, 0x71, 0x7D, 0x24, 0x15, 0xAE, 0x0B, 0x86, 0x65, 0x48,
    0x5D, 0x59, 0x23, 0x3F, 0x03, 0x16, 0x9B, 0xA4, 0xFA, 0x85, 0x19, 0x75, 0x7E, 0x50, 0x46, 0xED,
    0x1E, 0x94, 0x51, 0x2B, 0x85, 0x22, 0xEE, 0xB4, 0x3C, 0xB7, 0x91, 0x88, 0xF8, 0x4C, 0xA1, 0x16,
    0xB1, 0x5E, 0x5F, 0xB7, 0xAE, 0x6C, 0x34, 0xE5, 0x05, 0x1C, 0x62, 0x2D, 0x38, 0xB4, 0x0C, 0x64,
    0x71, 0xA9, 0x2D, 0x59, 0x2C, 0x91, 0x59, 0xB3, 0x6A, 0xBD, 0x64, 0x55, 0x44, 0x9D, 0x53, 0xB7,
    0x94, 0xF0, 0x36, 0xBB, 0x0E, 0xCB, 0x48, 0x77, 0x76, 0xDB, 0x53, 0xE4, 0xFF, 0xDE, 0x91, 0x4B,
    0x45, 0x3E, 0x41, 0xD6, 0x3C, 0x2E, 0x5E, 0xDA, 0x62, 0xBF, 0x6E, 0xC7, 0x44, 0x06, 0x1E, 0xC8,
    0x0A, 0xE0, 0xE3, 0x68, 0xBB, 0x08, 0xB5, 0x80, 0xA8, 0x5F, 0xEA, 0xD1, 0x8E, 0xEF, 0xE9, 0x0E,
    0xDD, 0xDC, 0xEF, 0x52, 0x36, 0xBA, 0xE1, 0x96, 0x6E, 0x64, 0xB7, 0x3D, 0x81, 0xBB, 0x73, 0x88,
    0x45, 0xD8, 0x76, 0x65, 0x39, 0x1E, 0xEF, 0x99, 0x07, 0xE7, 0xB7, 0x09, 0x19, 0xB8, 0xB1, 0x13,
    0x5A, 0xD7, 0xAA, 0x06, 0xA9, 0x57, 0x11, 0x72, 0x4B, 0xB9, 0x07, 0x26, 0xC3, 0x0D, 0xD3, 0xA1,
    0x3B, 0xCE, 0x57, 0xBB, 0x59, 0xEB, 0x38, 0x5F, 0x71, 0xD2, 0xD2, 0xA4, 0x62, 0xAB, 0x08, 0x26,
    0x09, 0xA6, 0x09, 0x99, 0xA1, 0xA9, 0xA2, 0x61, 0x3D, 0x53, 0x85, 0x32, 0xE6, 0x3E, 0x92, 0xBE,
    0xD4, 0xC8, 0x1E, 0x69, 0x8C, 0x06, 0xC8, 0x7E, 0xD0, 0x41, 0xFE, 0xCF, 0xFE, 0xE7, 0xE4, 0xA2,
    0x59, 0x61, 0x5A, 0x13, 0x5A, 0xB2, 0x26, 0x34, 0x8B, 0xB3, 0x05, 0xDA, 0x22, 0x6D, 0xA1, 0xB6,
    0x58, 0x6B, 0xB0, 0xD7, 0x68, 0x2B, 0xD5, 0xE3, 0xD4, 0x1C, 0x3E, 0x28, 0x35, 0x8F, 0x1C, 0x29,
    0xD5, 0x40, 0x94, 0x6A, 0x28, 0x46, 0x75, 0xFC, 0xBF, 0x53, 0xFD, 0x15, 0x47, 0xF0, 0x5E, 0x11,
    0x4D, 0xB9, 0x8F, 0xC7, 0xB2, 0x49, 0x86, 0xD2, 0xBB, 0xFE, 0xCC, 0xCF, 0x1B, 0xC1, 0x13, 0x5A,
    0x75, 0xCD, 0x95, 0x13, 0x26, 0x3C, 0x09, 0x24, 0x93, 0xCD, 0xD8, 0x07, 0x48, 0xA5, 0x58, 0x4A,
    0xB0, 0xE5, 0xC8, 0xB8, 0xBE, 0x7F, 0xC2, 0x13, 0xF5, 0x48, 0x91, 0x74, 0xA1, 0x88, 0xB4, 0xC6,
    0x20, 0x5F, 0x0E, 0x33, 0x74, 0x78, 0xCE, 0x20, 0xAA, 0xC0, 0x08, 0x6E, 0x77, 0x68, 0xAA, 0xCE,
    0x3F, 0x80, 0xFC, 0x5D, 0xAD, 0x05, 0xD6, 0x7B, 0x20, 0x15, 0x89, 0x4A, 0x26, 0xF0, 0x07, 0xDB,
    0xA1, 0x19, 0xDB, 0x6D, 0x4F, 0xE1, 0x7E, 0x3A, 0xD8, 0x5C, 0x27, 0x15, 0x70, 0xB7, 0x60, 0x3D,
    0x19, 0x5E, 0x07, 0x96, 0xB2, 0xDA, 0x4D, 0xCE, 0xFD, 0x09, 0xF3, 0xD6, 0x56, 0xF3, 0x74, 0x22,
    0x5D, 0x50, 0x2F, 0xF3, 0xAC, 0x4C, 0x19, 0xF7, 0x36, 0x66, 0xDF, 0x1B, 0x38, 0x07, 0xD1, 0x77,
    0x46, 0x0E, 0x21, 0xF9, 0xA7, 0x11, 0xF5, 0xF4, 0xEB, 0x13, 0x3D, 0xB8, 0x0B, 0x53, 0xD0, 0x41,
    0x1A, 0xCE, 0x61, 0x07, 0x2F, 0x06, 0x12, 0x35, 0x70, 0x1E, 0x89, 0x3D, 0x5C, 0x42, 0xFE, 0xC8,
    0xC3, 0x21, 0xF2, 0xAD, 0x0A, 0x06, 0xEA, 0xEF, 0x16, 0xD0, 0x53, 0xFE, 0x18, 0xC2, 0x8E, 0x7C,
    0x86, 0xA8, 0x5D, 0x24, 0xBF, 0x43, 0x36, 0x9A, 0x18, 0x56, 0x88, 0x60, 0xFF, 0xDA, 0x71, 0x09,
    0xAD, 0x80, 0x59, 0xE9, 0xF4, 0x0A, 0x15, 0x80, 0x29, 0x9B, 0x35, 0xB1, 0xBC, 0x25, 0xBD, 0x93,
    0xAF, 0xCB, 0xF0, 0x62, 0xF9, 0xF9, 0x37, 0x86, 0xB3, 0xF9, 0x0B, 0x1B, 0x29, 0xCA, 0x97, 0x5C,
    0xCF, 0xCD, 0xAB, 0x69, 0xC7, 0xE4, 0xF3, 0x36, 0x98, 0xAB, 0xBC, 0x09, 0x05, 0x3B, 0x8E, 0x97,
    0x2A, 0x9A, 0x02, 0x41, 0x0F, 0x87, 0x52, 0x3D, 0x1B, 0x1A, 0xDD, 0x10, 0x4B, 0xE3, 0xFA, 0x68,
    0x3A, 0x6D, 0xF4, 0x97, 0x76, 0xB0, 0xA5, 0xBA, 0xBB, 0xA5, 0xC0, 0x8B, 0x86, 0x0C, 0x86, 0x41,
    0xF1, 0x48, 0xC4, 0xB0, 0xA6, 0x44, 0x70, 0x1D, 0x10, 0x2B, 0x84, 0xED, 0x9A, 0x6E, 0xCF, 0x73,
    0xAF, 0x65, 0x1A, 0x95, 0x75, 0x4F, 0x96, 0x44, 0x14, 0x89, 0xC6, 0xD3, 0x3D, 0xBA, 0xCE, 0xF0,
    0x1A, 0xA4, 0x17, 0xBA, 0xAD, 0xDF, 0x89, 0x14, 0xDB, 0x2C, 0x15, 0x5E, 0x7B, 0x94, 0xA3, 0xAB,
    0x37, 0xFA, 0xA2, 0xF4, 0x8D, 0x77, 0x28, 0xA3, 0x6A, 0x19, 0xFD, 0x68, 0xE4, 0x12, 0xC4, 0xEF,
    0x4C, 0x46, 0xFF, 0x1D, 0x31, 0xDE, 0x7F, 0x23, 0xCA, 0xDB, 0x15, 0xF2, 0xB2, 0xD2, 0x47, 0xDE,
    0x69, 0x35, 0xF4, 0xE5, 0x3B, 0x46, 0x3F, 0xFF, 0x0F, 0xA3, 0x9F, 0x49, 0xA5, 0xF4, 0x2D, 0xFB,
    0x0C, 0x38, 0x01, 0xD4, 0x86, 0xD1, 0x8F, 0x17, 0xFA, 0xD1, 0x42, 0x3F, 0x5C, 0xE8, 0x07, 0xC3,
    0xEE, 0xD3, 0xAF, 0x06, 0xD6, 0xC2, 0xC9, 0xAB, 0xC9, 0x92, 0x7C, 0x97, 0xBC, 0x5B, 0x8A, 0x22,
    0x59, 0xBF, 0x15, 0xC3, 0xAB, 0x18, 0x9D, 0x93, 0x6F, 0x48, 0xBF, 0x11, 0xA3, 0xEE, 0xCF, 0xE6,
    0xCF, 0xBB, 0xFE, 0xA9, 0xF2, 0xAC, 0xEB, 0x56, 0x31, 0xB2, 0x63, 0x31, 0x72, 0x15, 0xA3, 0xDE,
    0x88, 0xA1, 0xD9, 0x7B, 0x44, 0x48, 0xC6, 0x40, 0x70, 0x43, 0xA8, 0xBB, 0x26, 0x36, 0x34, 0x0C,
    0xE2, 0x1E, 0x48, 0x3A, 0xC0, 0x35, 0x70, 0x2E, 0xF5, 0x70, 0x39, 0x57, 0xD3, 0xE3, 0x4E, 0x5D,
    0xE9, 0xD7, 0xD7, 0xC1, 0x4E, 0x68, 0x17, 0x67, 0x20, 0x11, 0x69, 0xD5, 0x5D, 0x3B, 0x54, 0x69,
    0x93, 0x99, 0x58, 0xB0, 0x4D, 0x0A, 0x90, 0x42, 0xDD, 0x97, 0x2A, 0xEF, 0x14, 0xCB, 0x46, 0xB1,
    0xF6, 0x8A, 0x62, 0x15, 0x79, 0x59, 0xD1, 0xD8, 0x6E, 0x95, 0xA2, 0x1E, 0xD3, 0xFA, 0xED, 0xF9,
    0x79, 0xD9, 0x91, 0xF7, 0x7B, 0xDB, 0x1D, 0x3E, 0x88, 0x44, 0x06, 0x33, 0x58, 0x00, 0x5C, 0xBF,
    0x0E, 0xA1, 0xA8, 0xCA, 0xD7, 0x5F, 0x67, 0xA7, 0xED, 0xDD, 0x3B, 0xF4, 0xB0, 0xA2, 0x74, 0x61,
    0x52, 0xE6, 0xF3, 0x52, 0xED, 0xAC, 0xD8, 0x65, 0x5D, 0x38, 0x93, 0x37, 0x91, 0x42, 0x3C, 0x6E,
    0xC0, 0x29, 0xA4, 0x3D, 0x59, 0x57, 0xB6, 0x6A, 0xCB, 0x13, 0x2F, 0x6B, 0xEF, 0xD6, 0xA6, 0xCE,
    0x36, 0x89, 0x71, 0x9F, 0xED, 0x15, 0x4D, 0x84, 0x64, 0xDD, 0x9E, 0x3F, 0x25, 0x52, 0x5C, 0xD9,
    0x2B, 0x08, 0x5A, 0x07, 0xC1, 0xFB, 0x37, 0x01, 0x39, 0xDE, 0x69, 0x3A, 0x53, 0x3C, 0x2A, 0x51,
    0x98, 0xB2, 0x16, 0xC2, 0xA1, 0x2E, 0x20, 0xFA, 0xDE, 0xA0, 0xBC, 0x3F, 0xE7, 0x4F, 0x89, 0x1C,
    0x67, 0xBE, 0xF6, 0x3A, 0xE4, 0xDF, 0x18, 0xA1, 0x74, 0x2D, 0x1C, 0x66, 0x05, 0x74, 0xAF, 0x42,
    0x70, 0xE5, 0xEA, 0xA3, 0x92, 0xE3, 0xA2, 0x88, 0x58, 0x5E, 0xD5, 0xD6, 0x53, 0x2E, 0xD7, 0x40,
    0x7A, 0x3B, 0x0B, 0x8C, 0xA4, 0x88, 0x66, 0x8D, 0xD0, 0xB4, 0xE4, 0xB7, 0x6C, 0x58, 0xE6, 0x61,
    0x79, 0x87, 0x1B, 0x40, 0x09, 0xA5, 0x22, 0xA3, 0xD2, 0xCB, 0xB4, 0x9B, 0x65, 0x93, 0xB2, 0xB7,
    0x6B, 0x0B, 0x4A, 0xBE, 0x6E, 0xF4, 0xEA, 0xF5, 0x67, 0xB9, 0x56, 0x66, 0x3B, 0xB0, 0x33, 0xC2,
    0xFC, 0x4E, 0x24, 0x84, 0x23, 0xD9, 0xD6, 0x7C, 0x6C, 0xD7, 0x6E, 0xEB, 0x56, 0xA3, 0x7C, 0x8B,
    0xA7, 0xEF, 0x28, 0xE3, 0x56, 0xA4, 0x40, 0xFF, 0x46, 0xB3, 0xC3, 0x05, 0x69, 0x32, 0xAF, 0x59,
    0xA1, 0xCA, 0xBC, 0x31, 0xCF, 0xBD, 0x72, 0xDF, 0x88, 0xB3, 0x61, 0x2F, 0x72, 0x47, 0xF9, 0xCB,
    0xBF, 0xA1, 0x0A, 0x4C, 0xA0, 0x1A, 0xCC, 0xEC, 0xA9, 0x0A, 0x33, 0xCF, 0xA8, 0x0E, 0x52, 0x1C,
    0xE2, 0x16, 0x4B, 0xB1, 0x8C, 0xB9, 0xBA, 0x56, 0x37, 0xC9, 0x1D, 0xD6, 0x35, 0xD7, 0xBA, 0xE8,
    0x62, 0x66, 0x9D, 0x37, 0x10, 0x7F, 0xF8, 0xBC, 0x7C, 0x36, 0x94, 0x86, 0x70, 0x7D, 0xA9, 0x24,
    0xEF, 0x89, 0x84, 0x74, 0x83, 0xB3, 0x62, 0x3C, 0x92, 0xAE, 0x2F, 0xD6, 0xA8, 0x9F, 0x9E, 0xD4,
    0xEE, 0xCA, 0x8C, 0x5B, 0x6E, 0x4C, 0xCB, 0xD6, 0x0D, 0x66, 0x7E, 0x54, 0x79, 0x0C, 0xAB, 0x58,
    0x87, 0xDC, 0xB2, 0xFB, 0xAD, 0x3F, 0x4F, 0x4B, 0x1B, 0xE9, 0xA2, 0xA5, 0x0D, 0x96, 0x53, 0xD2,
    0x6A, 0xDD, 0xFF, 0x9A, 0xD6, 0xDA, 0xEA, 0x2A, 0x75, 0x9C, 0xE3, 0xE2, 0x53, 0x12, 0xCB, 0xDB,
    0xE2, 0x9D, 0x7C, 0x53, 0xFC, 0x26, 0xDF, 0x0A, 0x67, 0xF3, 0x73, 0x9F, 0xE4, 0xA9, 0xF2, 0x2B,
    0xC0, 0xCD, 0x46, 0x89, 0xF9, 0x75, 0x4A, 0x7A, 0xD2, 0xBC, 0xFD, 0xDE, 0x6E, 0x44, 0xF7, 0x9B,
    0xA5, 0x6A, 0x2D, 0x35, 0xCC, 0x2B, 0x45, 0xB7, 0xA0, 0x02, 0x47, 0x86, 0xAF, 0xF0, 0xA8, 0x68,
    0x73, 0xBC, 0xEC, 0xF7, 0x40, 0xAA, 0x90, 0x54, 0xAB, 0x3F, 0x37, 0xD8, 0x69, 0x83, 0xF3, 0xF7,
    0xCE, 0xDA, 0x07, 0xC5, 0xAC, 0x39, 0x1D, 0xA3, 0x25, 0xBC, 0xB2, 0x5F, 0x10, 0xDA, 0xAB, 0x6A,
    0x77, 0x3E, 0xF8, 0xAA, 0xDA, 0x73, 0x8F, 0x4E, 0xB6, 0x33, 0xD5, 0x2F, 0xD8, 0xB5, 0x08, 0xEA,
    0x3B, 0x5B, 0x5A, 0xF5, 0x06, 0x02, 0x29, 0x52, 0x1F, 0x8D, 0x24, 0x5B, 0x98, 0x08, 0x8B, 0xC8,
    0xC6, 0xB7, 0xA8, 0x91, 0x5A, 0xD9, 0x27, 0xD2, 0x03, 0xE5, 0xD6, 0x5E, 0x47, 0x34, 0x32, 0x28,
    0x8C, 0xFA, 0xEB, 0x44, 0xD9, 0xA3, 0xD2, 0x2A, 0x14, 0xFC, 0x9E, 0xDC, 0x32, 0x23, 0xD7, 0x17,
    0x2F, 0x5D, 0xB7, 0x44, 0xF0, 0xE0, 0xDE, 0xF9, 0xE4, 0xD3, 0x73, 0xA1, 0xDD, 0x86, 0x83, 0x6B,
    0xA3, 0x2E, 0x6E, 0xE3, 0x3E, 0x2C, 0x62, 0x5B, 0xAD, 0x35, 0x44, 0x62, 0x33, 0x1D, 0xB5, 0x08,
    0x08, 0xCF, 0x53, 0x72, 0xC4, 0x65, 0x24, 0x18, 0x29, 0xA5, 0xB7, 0x5B, 0x21, 0xE9, 0xD6, 0x48,
    0x4F, 0x87, 0x10, 0xB5, 0x07, 0x8F, 0x9D, 0x9D, 0x86, 0x4F, 0x0B, 0x8C, 0x78, 0xDC, 0x8F, 0x1A,
    0xB2, 0x0B, 0x2D, 0x7F, 0x16, 0x5C, 0x7D, 0x38, 0xEC, 0xA0, 0x53, 0x1A, 0x2D, 0x41, 0x7D, 0xB7,
    0x51, 0x26, 0x5E, 0x99, 0xF8, 0x40, 0x0A, 0xA7, 0x24, 0xE2, 0x6A, 0x03, 0x8B, 0xB6, 0x3C, 0x90,
    0xC9, 0x17, 0xD4, 0xF5, 0xFE, 0x64, 0x26, 0xED, 0xCA, 0xA4, 0x07, 0x9E, 0x61, 0x5D, 0x11, 0x48,
    0x01, 0x5C, 0x5C, 0x37, 0xDB, 0xF6, 0x1D, 0x90, 0x0C, 0xBF, 0x2E, 0x21, 0xED, 0xF4, 0x25, 0xA0,
    0x85, 0x68, 0x00, 0xBD, 0x8F, 0x57, 0xE1, 0xA9, 0x73, 0x70, 0xD0, 0xAF, 0xF3, 0x8C, 0x3E, 0xAD,
    0xB6, 0x8F, 0x6F, 0xDE, 0xDB, 0xC3, 0xFB, 0xB8, 0xC3, 0xB9, 0xCF, 0x97, 0x70, 0x6F, 0x0D, 0x24,
    0xEF, 0xB6, 0x26, 0x69, 0x24, 0x10, 0xBC, 0xF6, 0x50, 0x06, 0xAB, 0xD5, 0x39, 0x9F, 0x2A, 0x56,
    0xB9, 0x62, 0x71, 0x80, 0xF8, 0x8C, 0xA3, 0x40, 0xAA, 0x03, 0xBE, 0x14, 0x0A, 0xCF, 0x9E, 0xB4,
    0x13, 0xEE, 0x1E, 0xBC, 0x13, 0xFE, 0xC0, 0x6D, 0x75, 0x4D, 0x3D, 0x40, 0x6E, 0xF4, 0xF9, 0xAA,
    0x42, 0xD0, 0x2A, 0xC6, 0x83, 0xE2, 0xDE, 0xA8, 0xC8, 0x25, 0x85, 0x97, 0x6E, 0x28, 0xE6, 0x8B,
    0xD0, 0xE1, 0xB8, 0xBB, 0x2B, 0x68, 0x13, 0x2F, 0x27, 0xD2, 0xAE, 0x3B, 0x6B, 0x66, 0x47, 0x0A,
    0x10, 0xEE, 0xDB, 0x59, 0x7B, 0x82, 0x78, 0x7C, 0x81, 0x64, 0x1A, 0x48, 0xA4, 0x25, 0x91, 0xC2,
    0xBA, 0xE2, 0xEF, 0x21, 0xF4, 0x90, 0xAC, 0x1B, 0x64, 0x23, 0xBC, 0xF2, 0x26, 0xFC, 0x43, 0xBB,
    0xBE, 0x1B, 0x75, 0x98, 0xA8, 0xE1, 0xBC, 0x34, 0x5A, 0xE3, 0xC9, 0xEF, 0xD2, 0xFE, 0x86, 0x54,
    0x83, 0xE7, 0xAA, 0xB5, 0xDA, 0xD5, 0x00, 0xAA, 0xCB, 0x4F, 0x7B, 0x48, 0x7F, 0xD2, 0x42, 0xF6,
    0xC3, 0x6A, 0x51, 0x2D, 0x13, 0xA9, 0xC8, 0x15, 0x3E, 0x74, 0x1C, 0xA0, 0x30, 0x9E, 0xB4, 0x05,
    0xF7, 0x14, 0xA4, 0xDD, 0x9B, 0x90, 0xDD, 0xD6, 0x9E, 0xF4, 0xD6, 0x74, 0x5A, 0x5F, 0x0D, 0x0C,
    0x1B, 0x88, 0x9A, 0xC8, 0x58, 0xC7, 0x86, 0x6E, 0xC1, 0x26, 0xEF, 0x9C, 0xCF, 0x8A, 0xB2, 0x71,
    0x1B, 0xDE, 0xB5, 0x77, 0xC5, 0x25, 0xAD, 0x3B, 0x85, 0xED, 0x25, 0xAD, 0xF5, 0x40, 0x44, 0x0C,
    0x67, 0xC3, 0x89, 0x93, 0xF6, 0x25, 0x77, 0x75, 0xC8, 0xCD, 0xA2, 0x0C, 0xEB, 0x2E, 0xD9, 0xBA,
    0x17, 0xBC, 0xEE, 0xA9, 0x5A, 0xCA, 0xD1, 0xCF, 0xFD, 0x1B, 0x70, 0xB9, 0x9D, 0x7E, 0x0F, 0x44,
    0x1F, 0x18, 0x30, 0xCF, 0xE2, 0x36, 0x02, 0xA5, 0xD2, 0xE0, 0x04, 0x92, 0x25, 0xF9, 0xF7, 0x2F,
    0x98, 0x18, 0xE7, 0x80, 0x64, 0xB1, 0xA4, 0x7D, 0xF3, 0xA9, 0xB8, 0x61, 0xB7, 0xA9, 0x7D, 0x99,
    0x62, 0x19, 0x28, 0x6F, 0xA1, 0xB9, 0xB4, 0xD2, 0x3A, 0xE7, 0x0A, 0x25, 0x96, 0x59, 0x80, 0x0F,
    0x2C, 0xC0, 0xE7, 0x49, 0x26, 0xB8, 0x64, 0x94, 0x0E, 0x8D, 0x52, 0xAF, 0x01, 0x0E, 0x3A, 0x25,
    0x16, 0x76, 0x4A, 0x2C, 0x6A, 0x95, 0x58, 0xE4, 0x29, 0x5B, 0x12, 0xAF, 0xDF, 0xA4, 0x05, 0xF9,
    0x14, 0xDC, 0x64, 0x99, 0x23, 0xAF, 0x6F, 0xFD, 0xD6, 0x33, 0xDA, 0xF6, 0xB9, 0x0A, 0xD9, 0xDB,
    0x0D, 0x94, 0x77, 0x3D, 0x58, 0x28, 0xBB, 0x5A, 0xE7, 0xFA, 0xCF, 0xB2, 0xB4, 0x8D, 0xE6, 0x43,
    0x24, 0xAD, 0xEB, 0x9D, 0xB4, 0x59, 0x77, 0x3E, 0xF7, 0x79, 0x7B, 0xB6, 0xF6, 0x79, 0xB3, 0x2C,
    0x36, 0x04, 0xF1, 0xE1, 0xB2, 0x69, 0x10, 0x4A, 0x11, 0x8D, 0x51, 0x49, 0x3C, 0xEE, 0xDF, 0x24,
    0x19, 0x9E, 0x9F, 0x3E, 0xE2, 0xE6, 0x7E, 0x3A, 0x74, 0xF2, 0xAF, 0xD2, 0x25, 0xF2, 0xB6, 0x54,
    0xE1, 0x14, 0x0C, 0xA8, 0x03, 0xA3, 0x51, 0x1E, 0xB0, 0x76, 0x4A, 0x84, 0xB0, 0x33, 0xE8, 0x5A,
    0xBC, 0x2E, 0x8C, 0x0B, 0x80, 0x47, 0x45, 0x3F, 0x2C, 0x3E, 0x01, 0x44, 0xFE, 0x92, 0xA2, 0xF4,
    0x86, 0x2D, 0x40, 0x5D, 0x9C, 0x12, 0x29, 0x3E, 0xCD, 0x15, 0xF8, 0x4C, 0xD4, 0xC0, 0xC1, 0x1B,
    0x1E, 0x72, 0x01, 0xB2, 0x09, 0xD8, 0xBB, 0xFA, 0xA8, 0x44, 0x21, 0x33, 0xF2, 0x7F, 0xE7, 0x15,
    0xBD, 0xE1, 0xF7, 0x0C, 0x73, 0x4E, 0x89, 0x28, 0x81, 0x72, 0x8F, 0xFF, 0x02, 0x78, 0xF2, 0x49,
    0xE0, 0x63, 0x1F, 0x03, 0x12, 0xFD, 0x35, 0x78, 0x74, 0xA2, 0xD4, 0x56, 0x0F, 0xC6, 0xBC, 0x82,
    0xB0, 0xB3, 0x8C, 0xFA, 0x76, 0x7B, 0x4A, 0xE4, 0xD8, 0xBB, 0xF6, 0xE5, 0x02, 0x92, 0x4E, 0x00,
    0xF7, 0xCE, 0x00, 0x64, 0x96, 0xC1, 0xCF, 0xBB, 0x42, 0x47, 0xD0, 0xB3, 0xB0, 0xA3, 0x0A, 0x26,
    0x0B, 0xA6, 0x0B, 0x26, 0x0C, 0x8B, 0x32, 0x8B, 0x34, 0xA6, 0x0D, 0x26, 0x0E, 0xA6, 0x0E, 0x26,
    0xCF, 0xA2, 0xCF, 0x22, 0x10, 0xA6, 0x10, 0x26, 0x11, 0xA6, 0x11, 0x26, 0xD2, 0xAE, 0x02, 0xFD,
    0xAF, 0xA6, 0xC0, 0xF0, 0xCB, 0x2A, 0x50, 0x43, 0x66, 0x0A, 0x24, 0x22, 0x9D, 0x29, 0xA0, 0x14,
    0x23, 0x05, 0x3E, 0xA5, 0xC0, 0x39, 0xC3, 0x1B, 0x86, 0x47, 0xAF, 0xDC, 0x5B, 0xB7, 0xFF, 0xD6,
    0xC3, 0x1D, 0x17, 0x3E, 0x9C, 0x94, 0x1C, 0xBC, 0x00, 0xD0, 0xAF, 0x7B, 0x9E, 0xCE, 0x2B, 0xFC,
    0xE3, 0x7A, 0xA6, 0xAF, 0x0C, 0x09, 0xAE, 0xB0, 0x93, 0x52, 0x42, 0xF1, 0xEC, 0xBC, 0x05, 0x47,
    0x1E, 0x76, 0x7C, 0xA8, 0x95, 0xD2, 0x25, 0x73, 0x20, 0xC3, 0x45, 0xB9, 0x92, 0xCE, 0xD4, 0x6D,
    0x32, 0x91, 0xCF, 0x64, 0x24, 0x23, 0xE5, 0xCC, 0x81, 0x5E, 0x65, 0xE2, 0xD0, 0xB6, 0x41, 0x27,
    0x06, 0xDC, 0x18, 0xDD, 0x9D, 0xC2, 0x0E, 0x37, 0xC6, 0xEF, 0x4E, 0x51, 0x8B, 0x1B, 0xDD, 0x77,
    0xA6, 0xC4, 0xE3, 0x86, 0x34, 0x19, 0x5D, 0x85, 0x1B, 0x0E, 0x92, 0x31, 0x05, 0x37, 0x1C, 0x26,
    0xE3, 0x01, 0xB8, 0x7E, 0x48, 0xC6, 0x4B, 0x90, 0xFE, 0xAC, 0x73, 0xE3, 0x00, 0xE9, 0xED, 0xD6,
    0x4D, 0x1D, 0xA4, 0x5A, 0xE4, 0x5B, 0xBD, 0x16, 0x4E, 0xBC, 0x6A, 0x8D, 0x93, 0xCA, 0x32, 0x8E,
    0x93, 0x65, 0x66, 0xE4, 0x66, 0x96, 0xF6, 0x3A, 0xF7, 0xA6, 0x3A, 0x38, 0x51, 0x24, 0x7B, 0xA3,
    0x30, 0xDD, 0x5D, 0xA5, 0xBC, 0xAF, 0xED, 0x55, 0x3B, 0x07, 0xE3, 0xAE, 0x3B, 0x20, 0x96, 0x36,
    0xED, 0xB4, 0xEF, 0x26, 0x6B, 0xA5, 0x7A, 0x36, 0xDF, 0x28, 0x5F, 0x57, 0x67, 0x4B, 0x9F, 0xFB,
    0xB4, 0xA2, 0xAE, 0x4A, 0xEF, 0x2A, 0x84, 0xBA, 0x72, 0x45, 0x20, 0x48, 0xE1, 0x08, 0xE7, 0x40,
    0x48, 0x75, 0x24, 0xD6, 0x1C, 0xE8, 0x50, 0xBC, 0xCC, 0x25, 0xE2, 0x31, 0xB9, 0x4C, 0xAF, 0x13,
    0xBD, 0x3A, 0xEE, 0x88, 0x65, 0x28, 0xC5, 0x13, 0x49, 0x57, 0xCE, 0x10, 0x88, 0xCF, 0x86, 0x7B,
    0x07, 0x06, 0x6E, 0x52, 0x2C, 0x4B, 0x20, 0x18, 0x5C, 0x71, 0x9F, 0xC8, 0x6D, 0x22, 0x6D, 0x29,
    0x55, 0xBC, 0xF9, 0x99, 0x60, 0x54, 0x32, 0xD1, 0x72, 0x36, 0x68, 0x7B, 0x76, 0x19, 0x20, 0xD5,
    0x11, 0x50, 0xBF, 0xD5, 0x03, 0xF9, 0xF7, 0x1B, 0x45, 0xA9, 0xD6, 0xF0, 0xE2, 0xC6, 0x93, 0xA7,
    0x75, 0x79, 0x7B, 0xDF, 0xB4, 0x2E, 0x91, 0xFE, 0xF8, 0xED, 0x90, 0xED, 0x3C, 0x3E, 0x1E, 0xD7,
    0x6E, 0xF2, 0x12, 0x18, 0xD3, 0x82, 0xF0, 0xEA, 0xFE, 0xD6, 0xC5, 0xAC, 0x88, 0x3B, 0x6A, 0x1F,
    0x77, 0x81, 0x34, 0x49, 0x17, 0x49, 0x9B, 0x74, 0xF1, 0x1B, 0x9D, 0x6B, 0x9D, 0xEB, 0x5C, 0xF3,
    0xA4, 0xEB, 0x9D, 0xFF, 0x64, 0x32, 0xB8, 0x8A, 0x58, 0x6F, 0x8B, 0xC6, 0x4C, 0xF9, 0x9E, 0x87,
    0x70, 0xBA, 0x04, 0xC1, 0x7C, 0x03, 0x90, 0x4E, 0xA1, 0x55, 0xF0, 0xEB, 0xE8, 0xBB, 0xBC, 0x9D,
    0x6C, 0x3F, 0x1F, 0x74, 0x50, 0x27, 0x0D, 0xD4, 0x52, 0x40, 0xBD, 0x6E, 0x8F, 0xDB, 0x3C, 0xD8,
    0x43, 0x30, 0xB9, 0x56, 0x31, 0x6D, 0x76, 0xDF, 0xA6, 0x39, 0x1D, 0xE2, 0xAD, 0x9B, 0x09, 0xFA,
    0x07, 0xCA, 0x15, 0x50, 0xBB, 0xF7, 0x6F, 0x28, 0xD8, 0x6D, 0x22, 0x1D, 0x6E, 0x83, 0x2D, 0xE9,
    0x72, 0xD2, 0x5B, 0x58, 0x12, 0x32, 0xCB, 0x97, 0xCC, 0xDA, 0x17, 0x16, 0x0B, 0xA1, 0xCA, 0x40,
    0x32, 0xED, 0x1C, 0x50, 0x34, 0xC7, 0x5F, 0xC7, 0x66, 0x23, 0x1D, 0x78, 0x16, 0xCA, 0x96, 0x81,
    0x40, 0xAA, 0xE5, 0x34, 0x24, 0x69, 0xB7, 0xFB, 0x37, 0xB9, 0x76, 0xAF, 0x68, 0xF4, 0xC2, 0xD7,
    0x97, 0xE8, 0xDA, 0x36, 0x43, 0x05, 0xAF, 0xDE, 0xDB, 0x66, 0xC8, 0xAB, 0x27, 0x03, 0x99, 0x0E,
    0x22, 0x91, 0x51, 0x33, 0x98, 0xDB, 0x13, 0xFF, 0x49, 0x72, 0x60, 0x5C, 0x58, 0xA8, 0xFA, 0x19,
    0x70, 0x93, 0x27, 0x42, 0x69, 0xCE, 0x25, 0x32, 0x77, 0xBA, 0xCE, 0x3C, 0xCC, 0xA4, 0xF8, 0x4A,
    0x38, 0x1D, 0x33, 0x6B, 0x4E, 0xFE, 0xAF, 0x3B, 0xA7, 0x80, 0xFB, 0x3E, 0xDB, 0x73, 0x72, 0xFD,
    0x54, 0xF0, 0xBB, 0x0F, 0x93, 0xB7, 0x2D, 0xCA, 0x99, 0x8E, 0x50, 0x23, 0xBD, 0x62, 0xDE, 0x9C,
    0x0E, 0xDE, 0x7B, 0xD5, 0x73, 0x10, 0x35, 0x47, 0x10, 0xDD, 0xEE, 0x21, 0x90, 0x06, 0x30, 0x41,
    0xAE, 0xC3, 0xB1, 0x04, 0xA8, 0x06, 0xA8, 0x08, 0xA8, 0x0A, 0xA8, 0x0C, 0x2C, 0x3A, 0x30, 0x62,
    0x4A, 0x2C, 0x52, 0x90, 0xB1, 0x88, 0x81, 0xAA, 0x81, 0xCA, 0x81, 0xEA, 0x81, 0x0A, 0xC2, 0x3D,
    0x45, 0xFE, 0x17, 0x74, 0xD2, 0x21, 0xAC, 0xEF, 0x48, 0x15, 0xC7, 0xF1, 0x6F, 0x3B, 0xB0, 0x25,
    0x54, 0xCC, 0xD3, 0x20, 0xFE, 0x08, 0x24, 0xD9, 0x22, 0x90, 0xFB, 0xB6, 0x4D, 0x56, 0xAE, 0x00,
    0x6F, 0xB0, 0xB8, 0x8B, 0xCF, 0x86, 0x16, 0x90, 0x08, 0x70, 0x48, 0x2C, 0x3E, 0xC8, 0x9B, 0xDB,
    0x59, 0x56, 0x20, 0x10, 0xD4, 0x23, 0xB6, 0x79, 0x6C, 0x08, 0x6E, 0x87, 0xA4, 0x09, 0x05, 0xDA,
    0xFE, 0xC8, 0xE9, 0x69, 0xF3, 0xF2, 0x20, 0x9C, 0xF4, 0x9E, 0xCE, 0xFC, 0x93, 0xDE, 0xCC, 0x67,
    0xCE, 0x0F, 0xAB, 0xC5, 0x5A, 0xB1, 0xFE, 0x77, 0x0F, 0x19, 0x9E, 0xA4, 0x81, 0x5A, 0xDA, 0xA0,
    0x97, 0x0E, 0x0A, 0xCD, 0xB5, 0xA8, 0x44, 0xA9, 0x2E, 0x6E, 0xA0, 0xA1, 0x59, 0xAC, 0xB7, 0xD9,
    0x7A, 0x3F, 0x59, 0x1F, 0x13, 0xA8, 0x53, 0xA2, 0x10, 0x1A, 0x28, 0xCF, 0x1E, 0x0E, 0xEB, 0xF5,
    0xC6, 0x98, 0x78, 0xAC, 0xF4, 0x13, 0x7D, 0xA6, 0x5D, 0xDE, 0x53, 0x22, 0x4A, 0x82, 0x20, 0x2D,
    0xC0, 0xD3, 0xD1, 0x71, 0xD6, 0x0F, 0x80, 0xB0, 0xDC, 0xAD, 0x3C, 0x5B, 0xE6, 0x3D, 0xFD, 0x3A,
    0xD1, 0xE8, 0x00, 0x69, 0x23, 0xE8, 0xA3, 0x9D, 0x7A, 0x2B, 0x0E, 0xE2, 0x5A, 0x88, 0x47, 0x2E,
    0x45, 0x93, 0xCB, 0x83, 0x76, 0x0A, 0xD6, 0xAA, 0x8D, 0x76, 0x8A, 0xD6, 0x1E, 0x0B, 0x4D, 0xEE,
    0x67, 0xA2, 0x94, 0xA8, 0xEC, 0x7B, 0xC6, 0x19, 0xAF, 0x22, 0x63, 0x55, 0x2E, 0xFE, 0x5A, 0xFD,
    0x47, 0xDF, 0x85, 0x1C, 0xB5, 0x23, 0xA5, 0x5A, 0x2B, 0xE3, 0x01, 0x76, 0xDE, 0xC1, 0x7C, 0xC4,
    0xCE, 0x68, 0x3C, 0x20, 0x08, 0xDE, 0xC7, 0x88, 0xBC, 0x86, 0x6A, 0x87, 0x4F, 0x20, 0x6E, 0xF0,
    0x0C, 0x71, 0x85, 0x15, 0x1E, 0x0B, 0x64, 0x68, 0xB2, 0x21, 0x68, 0x33, 0x61, 0x86, 0x76, 0x26,
    0x24, 0xE8, 0x67, 0xEA, 0x74, 0xFE, 0xF8, 0xE8, 0xA0, 0xDD, 0x8B, 0x11, 0x78, 0x98, 0x0F, 0x6A,
    0x69, 0x06, 0x18, 0x0F, 0xEE, 0x7A, 0x75, 0xF6, 0xED, 0x7F, 0xBA, 0x5D, 0x6A, 0x3C, 0x72, 0xD0,
    0x1C, 0xD5, 0x45, 0xCD, 0x4D, 0xE6, 0x75, 0x9B, 0xDA, 0x99, 0xEF, 0x8E, 0xA9, 0x7D, 0x3B, 0x18,
    0x94, 0xEE, 0x91, 0xEC, 0xA5, 0x3A, 0xC2, 0x16, 0x7A, 0xA8, 0xB6, 0xAF, 0xBF, 0x40, 0xBD, 0x7E,
    0x67, 0xFF, 0x1A, 0xF1, 0x58, 0xF6, 0x67, 0xA2, 0xDE, 0x28, 0x53, 0xEB, 0xF7, 0x36, 0xC2, 0xDD,
    0x13, 0xE1, 0xD5, 0x18, 0xC1, 0x2B, 0xFE, 0x26, 0x71, 0x55, 0x2D, 0xEE, 0x0A, 0x2B, 0xFF, 0xA7,
    0xA2, 0xF4, 0x37, 0x90, 0xB4, 0xDB, 0x52, 0x43, 0x21, 0x63, 0x5A, 0x9F, 0x4B, 0x49, 0x2B, 0xA5,
    0x18, 0x97, 0x90, 0xED, 0x4E, 0x82, 0x88, 0x5B, 0x35, 0x15, 0x1E, 0x9E, 0x7A, 0xAB, 0x87, 0xEA,
    0x80, 0x7A, 0xA7, 0xDA, 0xBE, 0x4A, 0xDC, 0xB0, 0xBF, 0x6A, 0x03, 0x8B, 0x5E, 0x5C, 0x2D, 0x5A,
    0x46, 0xE3, 0xB1, 0xD8, 0x32, 0x88, 0xF3, 0xB6, 0xE3, 0x66, 0x8F, 0x5D, 0xB5, 0xA5, 0xAE, 0xCD,
    0x60, 0xD1, 0x6B, 0x16, 0x94, 0xC0, 0xB2, 0xD8, 0xE7, 0xA0, 0xAE, 0xEA, 0xD0, 0x80, 0xA6, 0x7A,
    0x27, 0x82, 0xBA, 0xEA, 0x8C, 0x75, 0x4B, 0x29, 0x9E, 0x0E, 0xC6, 0x89, 0x9D, 0x20, 0x69, 0x29,
    0xCF, 0xE3, 0x36, 0x76, 0x72, 0xDB, 0xAF, 0x8C, 0xD2, 0x17, 0x54, 0x92, 0x32, 0x57, 0x35, 0xC5,
    0x72, 0x29, 0xE3, 0x2F, 0x66, 0x47, 0x12, 0x35, 0xB8, 0x11, 0x13, 0x9C, 0x44, 0xC2, 0x8A, 0x0B,
    0x79, 0xE1, 0xDB, 0x0E, 0x0C, 0x5A, 0x9E, 0xDD, 0x17, 0xA5, 0xEC, 0xBC, 0x46, 0x4A, 0xAE, 0xFB,
    0xE0, 0x9B, 0xBA, 0x70, 0x3F, 0x66, 0xBB, 0x6D, 0x65, 0xBE, 0x69, 0x75, 0xBA, 0x65, 0xCD, 0x0D,
    0xB3, 0xF8, 0xB9, 0xAB, 0x5C, 0x79, 0xE5, 0xAC, 0x5A, 0x5D, 0x76, 0x55, 0xA3, 0x7F, 0x4F, 0x27,
    0xCA, 0x10, 0xC3, 0x69, 0x2A, 0x73, 0x7F, 0x38, 0xA9, 0x48, 0xF5, 0xC2, 0x3B, 0x55, 0x3C, 0x75,
    0xDF, 0xE0, 0x47, 0x40, 0x2F, 0xE2, 0xCF, 0x16, 0x5B, 0x1C, 0xD4, 0x9F, 0x4F, 0xC0, 0x63, 0xA7,
    0xD2, 0x80, 0x85, 0xC8, 0x20, 0x58, 0x8E, 0x28, 0x7F, 0x0B, 0x10, 0x17, 0xFF, 0xF8, 0x88, 0x99,
    0x17, 0xBE, 0x47, 0xD4, 0x0F, 0xE7, 0x93, 0xD9, 0xEB, 0xCB, 0xE9, 0x54, 0x6A, 0x1A, 0x93, 0x21,
    0x83, 0xE8, 0x07, 0x33, 0xD6, 0x3B, 0x63, 0x67, 0xC4, 0xB8, 0x22, 0x4C, 0xD8, 0xE4, 0x42, 0x18,
    0xB0, 0x9D, 0xC3, 0x8E, 0xF9, 0xDA, 0x54, 0x6F, 0x18, 0xAF, 0x4F, 0x8F, 0x0D, 0xD3, 0x8D, 0xA9,
    0x5F, 0x30, 0xDC, 0xF8, 0xE9, 0x3F, 0x96, 0x6F, 0x99, 0xAD, 0xD7, 0x9F, 0x95, 0x8D, 0xD6, 0xEA,
    0xFB, 0x7A, 0x63, 0xB2, 0x7A, 0xAD, 0x8F, 0x9F, 0xBE, 0x0B, 0x8B, 0x3A, 0xC3, 0x21, 0xFB, 0xF6,
    0x0B, 0xA0, 0xD1, 0x44, 0xA1, 0x0E, 0x08, 0x3E, 0x29, 0x53, 0xED, 0xDC, 0xAC, 0xCD, 0x77, 0x96,
    0x37, 0xDF, 0x9D, 0x13, 0xF1, 0x84, 0xD1, 0x78, 0x0E, 0xF1, 0x44, 0x3E, 0x32, 0x60, 0x31, 0xB6,
    0x9D, 0x4F, 0xC4, 0x26, 0x05, 0xC8, 0x27, 0x05, 0x68, 0xF0, 0xDF, 0x29, 0xD5, 0xF9, 0x8E, 0x20,
    0xCE, 0x00, 0xE6, 0xE9, 0x8A, 0x4A, 0xFC, 0xCB, 0xFA, 0xD8, 0x38, 0xE3, 0xF7, 0x99, 0x94, 0x39,
    0xD3, 0xF7, 0xA9, 0xCE, 0x4F, 0x25, 0x75, 0xFD, 0xCA, 0x5D, 0xE5, 0xE6, 0xEF, 0x5A, 0x37, 0xCE,
    0x7D, 0xF5, 0xE1, 0xBA, 0xB0, 0x5E, 0xB6, 0x5B, 0x76, 0xB9, 0x9A, 0x74, 0xAA, 0x4A, 0xCD, 0xA7,
    0x29, 0x6A, 0x3A, 0x45, 0xED, 0x98, 0x4E, 0xCF, 0xEF, 0xFA, 0xE4, 0x9A, 0x71, 0x70, 0x8B, 0x3A,
    0x97, 0xC8, 0x1D, 0x85, 0x5C, 0x51, 0x1E, 0x6E, 0x08, 0xBB, 0x0B, 0xAA, 0xED, 0x3C, 0xFF, 0x5C,
    0x6F, 0xE7, 0xE9, 0x53, 0x5C, 0x69, 0xCE, 0x77, 0xF6, 0x93, 0xFB, 0x0D, 0x41, 0x33, 0xFB, 0xBB,
    0x4D, 0xD6, 0x0B, 0xFA, 0x01, 0xA0, 0x4A, 0xA3, 0x23, 0xFE, 0xBE, 0x5F, 0x18, 0x87, 0x56, 0x9A,
    0x5D, 0x70, 0x58, 0x2F, 0x9E, 0x89, 0x73, 0xA9, 0x8D, 0x76, 0x09, 0x5A, 0x68, 0x57, 0xC6, 0x4C,
    0xBB, 0xD8, 0x2C, 0x1E, 0xD3, 0xF5, 0x9F, 0xDB, 0x09, 0x2C, 0x29, 0xC5, 0x8B, 0x11, 0xA2, 0x40,
    0x5D, 0x6F, 0xBD, 0xF8, 0x97, 0x28, 0x14, 0x3E, 0x3B, 0x08, 0x07, 0x61, 0xB7, 0xA7, 0xDA, 0xEC,
    0xA9, 0x57, 0x7B, 0xE2, 0x72, 0x3E, 0xD9, 0x9E, 0x87, 0xA5, 0xF0, 0x55, 0x33, 0xD3, 0xFE, 0x35,
    0xB7, 0x13, 0xAD, 0x86, 0x36, 0xD1, 0xEE, 0xF4, 0x89, 0x66, 0xB2, 0x8B, 0x01, 0x04, 0x7E, 0x19,
    0x7C, 0xA5, 0xDC, 0x81, 0x0F, 0xC3, 0x99, 0xAD, 0x8F, 0xB3, 0x75, 0x4D, 0x67, 0x07, 0xA8, 0x17,
    0xF7, 0xCC, 0xA5, 0x56, 0x5A, 0x65, 0x6A, 0xE5, 0x62, 0x9C, 0x69, 0xF4, 0x2B, 0x0A, 0x65, 0x1A,
    0xAE, 0x71, 0x2C, 0x7C, 0xE8, 0x29, 0x0B, 0x9F, 0xAF, 0x7C, 0xE0, 0xE1, 0x0A, 0x7F, 0xDC, 0x78,
    0xF6, 0xD4, 0xD5, 0x7F, 0xD8, 0x58, 0xAF, 0xD8, 0xFD, 0x7C, 0x67, 0xF1, 0xA4, 0xC5, 0x8F, 0xF6,
    0x22, 0x7B, 0xD4, 0x1E, 0xE5, 0x51, 0x66, 0x9F, 0xCD, 0xFB, 0x85, 0xC2, 0xE4, 0xD1, 0x7B, 0x8D,
    0xAA, 0xE4, 0x93, 0xFA, 0x04, 0x7D, 0x9C, 0x3C, 0x13, 0xCF, 0xE8, 0x97, 0x83, 0xA7, 0x6F, 0x65,
    0xFC, 0x53, 0xE7, 0xC9, 0x58, 0xE8, 0xBF, 0x2C, 0xA6, 0xDA, 0x4E, 0x93, 0x69, 0x8F, 0xB0, 0x34,
    0x76, 0x84, 0x99, 0x76, 0x0F, 0x9E, 0xC5, 0x7F, 0xD2, 0x6C, 0xA5, 0x87, 0xF1, 0xE0, 0xB1, 0x31,
    0xAE, 0x70, 0x57, 0x79, 0xAF, 0xE3, 0xF1, 0x76, 0xE1, 0xEC, 0xB8, 0x5F, 0xE8, 0x6A, 0xBD, 0xC9,
    0xDC, 0xE0, 0x9B, 0xFB, 0x34, 0x38, 0xB6, 0x54, 0x72, 0x6A, 0x54, 0x72, 0xE8, 0x4F, 0xC6, 0xE4,
    0xCC, 0x3C, 0x0E, 0x17, 0x52, 0xDD, 0x45, 0xD4, 0x05, 0x2C, 0x74, 0xF1, 0xCC, 0x71, 0xE2, 0xC2,
    0x7E, 0xD1, 0xAA, 0xCD, 0x61, 0xD4, 0x9B, 0xB3, 0x88, 0xAB, 0xA3, 0x88, 0x8B, 0x93, 0x78, 0x64,
    0x07, 0xDD, 0xE1, 0xBC, 0x53, 0xC4, 0x1D, 0x53, 0x0A, 0xC6, 0x0E, 0xAB, 0x7A, 0xD0, 0xA5, 0x7B,
    0xB3, 0x5D, 0x0B, 0x2D, 0xF7, 0xE2, 0xFA, 0xC8, 0xF2, 0x70, 0xD7, 0xCB, 0x7F, 0xBA, 0xB5, 0x02,
    0x08, 0x4D, 0xCE, 0x33, 0xFC, 0xCE, 0x4C, 0xB2, 0xC3, 0x8E, 0x66, 0x0E, 0x85, 0xE4, 0xD2, 0x0C,
    0xC0, 0xE5, 0x7A, 0xB9, 0x09, 0x02, 0xD8, 0xBB, 0x99, 0xCB, 0x21, 0x28, 0x0A, 0x00, 0x68, 0x11,
    0x95, 0xB6, 0x10, 0x5A, 0x1C, 0x5C, 0x66, 0x74, 0xA1, 0x04, 0x39, 0x00, 0x50, 0x8B, 0x45, 0xB2,
    0xC5, 0xC1, 0x21, 0xE8, 0xDE, 0xCC, 0x6D, 0x00, 0x41, 0x26, 0xA0, 0x08, 0xCD, 0x54, 0x8F, 0x2A,
    0xAD, 0x4E, 0xDB, 0xD1, 0x9B, 0x4D, 0xE6, 0x9F, 0xB7, 0xFF, 0xF3, 0x7C, 0xEF, 0xF8, 0xFF, 0xEC,
    0xE6, 0xD2, 0x92, 0x5D, 0xF7, 0x5F, 0x47, 0xFB, 0xFC, 0xBF, 0x98, 0x9B, 0xFD, 0xBE, 0xE7, 0xFB,
    0xBE, 0xF7, 0x7D, 0x9E, 0x67, 0x7E, 0xFB, 0x0C, 0xB4, 0x3C, 0xF5, 0x25, 0x17, 0x2B, 0x97, 0xF2,
    0x35, 0x57, 0x55, 0xA7, 0x8D, 0x44, 0x9D, 0x84, 0xFA, 0x00, 0x45, 0x1B, 0x6D, 0x66, 0x57, 0x87,
    0x40, 0x3B, 0xB9, 0x5A, 0xFC, 0xF0, 0xEE, 0x10, 0xDF, 0xED, 0xE4, 0xD5, 0xEC, 0x95, 0x78, 0xB8,
    0x92, 0xB6, 0x72, 0xA1, 0x78, 0x2D, 0xEE, 0x39, 0xE6, 0xFB, 0x7B, 0x49, 0xC7, 0x31, 0x2F, 0x20,
    0x05, 0x8A, 0x5A, 0xBC, 0xA9, 0xCC, 0xB0, 0x65, 0xD9, 0x87, 0x6A, 0x30, 0x17, 0x28, 0xBB, 0x04,
    0x4E, 0xAE, 0x07, 0x61, 0x87, 0x42, 0xEE, 0x6B, 0x02, 0xE6, 0xD0, 0x94, 0x46, 0x30, 0x17, 0x0F,
    0xA1, 0x36, 0x60, 0x2E, 0xEE, 0x83, 0x05, 0x4E, 0x07, 0x2F, 0x10, 0x66, 0x5F, 0xEC, 0x30, 0xE7,
    0xA9, 0x9B, 0xB2, 0xDF, 0x19, 0x4F, 0xC1, 0x50, 0xCD, 0xB3, 0x33, 0x12, 0x7C, 0xA3, 0x87, 0x05,
    0x85, 0x57, 0x72, 0x03, 0xCF, 0x8B, 0x3F, 0x6B, 0x78, 0xBE, 0x59, 0x7D, 0xC7, 0x53, 0xCA, 0x61,
    0x01, 0x4C, 0x89, 0x05, 0xF9, 0x79, 0x04, 0xF4, 0xFF, 0x09, 0x0C, 0x8E, 0x14, 0xB7, 0xFC, 0x0A,
    0x98, 0xFA, 0xC0, 0x6B, 0x1E, 0x70, 0x00, 0x7A, 0x9D, 0xC7, 0x49, 0xEA, 0x12, 0x23, 0x62, 0xC2,
    0xAE, 0x9C, 0xF1, 0x10, 0x1C, 0x12, 0x07, 0x9C, 0x8D, 0xA0, 0x03, 0xA6, 0x83, 0x6C, 0x69, 0x8F,
    0xD5, 0x47, 0xED, 0x7C, 0x41, 0xDE, 0x17, 0x49, 0x6E, 0xE2, 0x60, 0x7D, 0x5E, 0x0B, 0x3A, 0x8C,
    0xB5, 0x00, 0x7F, 0x5F, 0xE6, 0xC5, 0x0A, 0x3B, 0x89, 0xF5, 0xBD, 0x4E, 0x0A, 0xFD, 0xBC, 0x61,
    0x3F, 0x43, 0x2F, 0xAB, 0xD1, 0xC7, 0x4A, 0xF6, 0xB0, 0x14, 0x1D, 0x37, 0x6B, 0xA9, 0x48, 0x9F,
    0x43, 0xCD, 0x78, 0x09, 0x2A, 0xF8, 0x17, 0x83, 0x54, 0x0F, 0x7E, 0xDF, 0x7F, 0x58, 0xE8, 0xBB,
    0xDA, 0x66, 0x53, 0xAC, 0x79, 0xD4, 0x47, 0xE8, 0x41, 0x7D, 0x52, 0x8A, 0x1C, 0x1E, 0x8A, 0xA0,
    0x90, 0x09, 0xEA, 0xCB, 0xC9, 0x86, 0xC5, 0x6A, 0xCE, 0x63, 0xCB, 0xB9, 0x06, 0x00, 0x0E, 0x8A,
    0x2D, 0x29, 0x26, 0x0C, 0xEC, 0x4D, 0x6C, 0x46, 0x80, 0xD6, 0x09, 0x1F, 0xEB, 0x37, 0x4A, 0x28,
    0xD7, 0xFF, 0x3D, 0xAA, 0x8F, 0x54, 0x2C, 0xAE, 0x2F, 0xCB, 0xBE, 0xA4, 0x41, 0xC7, 0x19, 0xC7,
    0x8A, 0x47, 0xAF, 0xA6, 0x9B, 0xB4, 0xE2, 0xB9, 0x92, 0x25, 0x69, 0xD1, 0xCA, 0x6B, 0xD8, 0x62,
    0x85, 0x95, 0x13, 0xA5, 0x20, 0x66, 0xE5, 0x08, 0x47, 0x0C, 0xE6, 0x82, 0xC4, 0xC7, 0xF7, 0x24,
    0xD1, 0x46, 0x52, 0x68, 0x97, 0x87, 0xAE, 0xAE, 0xDF, 0xC6, 0x9F, 0xFC, 0x57, 0xCF, 0x62, 0x59,
    0x5B, 0xE1, 0x5C, 0xBF, 0xE0, 0x01, 0x4C, 0xF9, 0xD2, 0x74, 0x8C, 0x34, 0x1D, 0x93, 0x33, 0x1D,
    0x9C, 0x9D, 0xE6, 0x8F, 0x31, 0x1D, 0xA5, 0xB2, 0x9C, 0x9D, 0x34, 0x1D, 0x8B, 0x6F, 0x32, 0x1D,
    0x83, 0xCC, 0xA6, 0xC3, 0xDB, 0xDB, 0x2E, 0xC5, 0xEB, 0x33, 0x11, 0x59, 0x80, 0xCD, 0xAA, 0x9F,
    0xCF, 0xFD, 0xE5, 0x52, 0xDC, 0xB5, 0xA5, 0x25, 0xA8, 0xEA, 0xCF, 0xCA, 0x7E, 0x9C, 0xA0, 0xA3,
    0xF9, 0x1A, 0x3A, 0xE8, 0x3F, 0x16, 0xA1, 0x0E, 0x52, 0x3C, 0x74, 0xEE, 0xC3, 0xA3, 0xF9, 0x00,
    0xD5, 0x29, 0xD7, 0xEE, 0xBA, 0x39, 0x8F, 0x88, 0xC6, 0x83, 0xBE, 0x83, 0xEB, 0xDF, 0x63, 0x03,
    0x78, 0x9D, 0x33, 0x1D, 0xE6, 0x39, 0x68, 0x39, 0xCC, 0x71, 0xD0, 0x70, 0xC0, 0x6F, 0xDC, 0x9F,
    0xED, 0x46, 0x48, 0xCE, 0x67, 0xB3, 0xF1, 0x96, 0xB7, 0x27, 0x72, 0x3D, 0x6A, 0x44, 0xB2, 0x22,
    0x17, 0x49, 0xA6, 0x79, 0x5F, 0x6D, 0xEF, 0x09, 0x2F, 0x18, 0x8E, 0x01, 0x7E, 0xA3, 0xA7, 0xDD,
    0xA0, 0xDB, 0xA0, 0xD9, 0xE0, 0x7A, 0xD0, 0x6A, 0x70, 0x1D, 0x68, 0x34, 0xE8, 0x33, 0x68, 0x33,
    0xE8, 0x32, 0x68, 0x32, 0xE8, 0x31, 0x68, 0x31, 0x66, 0x87, 0xA1, 0x9A, 0x13, 0xE5, 0xAB, 0x57,
    0x54, 0x43, 0xCB, 0x26, 0xCD, 0x04, 0xFC, 0x14, 0x8B, 0x13, 0x97, 0xBC, 0x5F, 0x36, 0x85, 0xAC,
    0xAD, 0x83, 0x7D, 0xAB, 0xFC, 0xDB, 0x07, 0x33, 0x3D, 0x97, 0xFC, 0x52, 0x64, 0x11, 0xB7, 0xE2,
    0x4D, 0x80, 0x31, 0x6E, 0x44, 0xDE, 0xDC, 0x62, 0x91, 0x3F, 0x37, 0x02, 0xE5, 0x85, 0x3B, 0xAB,
    0x76, 0xA5, 0xAB, 0x3E, 0x1C, 0x34, 0x4F, 0x11, 0x99, 0x22, 0x07, 0xA6, 0x4E, 0x57, 0x7A, 0xA9,
    0x01, 0x66, 0x6E, 0x63, 0xCE, 0xE4, 0x3A, 0x76, 0x1D, 0xBD, 0xC6, 0xAF, 0x11, 0x7C, 0x82, 0x63,
    0x21, 0xC9, 0x72, 0x4E, 0xAE, 0x78, 0x80, 0xF9, 0x92, 0x77, 0x0A, 0x8E, 0x70, 0xB0, 0x32, 0xF9,
    0xF4, 0xB0, 0xBD, 0x9D, 0xBF, 0x8C, 0x61, 0x42, 0x68, 0xFE, 0xB9, 0x5B, 0x82, 0xD6, 0xB3, 0x41,
    0xF8, 0xE0, 0x89, 0x6C, 0x62, 0xD3, 0xF6, 0x52, 0x11, 0x53, 0x62, 0x94, 0x3F, 0x45, 0x84, 0xF2,
    0x08, 0x72, 0x0B, 0x44, 0x9D, 0xE5, 0x68, 0x16, 0xB2, 0xBD, 0xF9, 0x84, 0xAA, 0x82, 0xAF, 0xD3,
    0x9A, 0x04, 0x5B, 0x5D, 0x89, 0xC7, 0x1E, 0xB7, 0x8B, 0x9B, 0x8A, 0x9B, 0xC0, 0xEB, 0xBE, 0x6D,
    0xDD, 0xCD, 0xD0, 0x5F, 0xFE, 0xC1, 0xFB, 0x22, 0x01, 0xBE, 0x6D, 0xE1, 0x1B, 0xAF, 0xE7, 0xD1,
    0x97, 0x0A, 0xC4, 0x82, 0xD5, 0x1B, 0x80, 0xB0, 0x13, 0xB9, 0xE4, 0xB1, 0xEC, 0x9D, 0x97, 0x26,
    0x7B, 0x2C, 0x81, 0x76, 0x1D, 0x9A, 0xF7, 0x5B, 0x59, 0xEB, 0x71, 0x83, 0x09, 0xE4, 0xC5, 0xBD,
    0xE8, 0xBB, 0x59, 0x01, 0x38, 0xB0, 0x73, 0x13, 0xB5, 0x0C, 0x8E, 0x6A, 0xE1, 0x85, 0xB1, 0x7F,
    0xF3, 0x85, 0xB9, 0x92, 0x70, 0x7E, 0x71, 0x94, 0x31, 0x7A, 0x43, 0x99, 0xD5, 0x9A, 0xC1, 0x96,
    0x8C, 0x5A, 0xCA, 0x2D, 0xDC, 0xF3, 0x0F, 0x35, 0x86, 0x3F, 0xB2, 0x2F, 0x19, 0x8E, 0x35, 0x6F,
    0x09, 0xDD, 0x63, 0xFC, 0x2E, 0x72, 0x8F, 0x89, 0xEA, 0xD8, 0x3D, 0x26, 0x55, 0xCB, 0x13, 0x2A,
    0xCB, 0xEE, 0x3C, 0xB5, 0x2F, 0x61, 0x67, 0xCD, 0x33, 0xA9, 0xA1, 0x6C, 0x5F, 0x40, 0x99, 0x80,
    0x7E, 0xAC, 0xB8, 0xA6, 0x1C, 0xCE, 0x45, 0xCD, 0x23, 0x0E, 0x27, 0xD3, 0x3C, 0x63, 0x84, 0x06,
    0x8D, 0x78, 0x50, 0xBA, 0xE7, 0xD5, 0xEC, 0x5F, 0x07, 0x27, 0xBA, 0x10, 0x39, 0xFD, 0x54, 0x51,
    0x96, 0x3E, 0xF9, 0x58, 0x6B, 0xCC, 0xE7, 0xAF, 0x49, 0x0B, 0x66, 0xBB, 0xB8, 0x25, 0xB7, 0x71,
    0x4B, 0x76, 0xD3, 0x06, 0xFC, 0xDE, 0xD0, 0x1A, 0x0C, 0x57, 0xC7, 0xE0, 0x58, 0x8F, 0x61, 0x3B,
    0x9F, 0x53, 0xC6, 0x18, 0x2F, 0xAA, 0xF8, 0x52, 0xD5, 0x6F, 0xAB, 0xC4, 0x4B, 0xAE, 0x1B, 0xAD,
    0x6F, 0x4B, 0xA1, 0x65, 0x85, 0x2C, 0x61, 0x62, 0xCE, 0x10, 0xF5, 0x12, 0x4E, 0xFF, 0xAB, 0xAD,
    0xFA, 0x39, 0x64, 0x3F, 0x59, 0x22, 0xC3, 0xE2, 0xE9, 0x43, 0xAF, 0x92, 0x90, 0xC5, 0x31, 0x1E,
    0x51, 0x1C, 0xD3, 0x0E, 0x48, 0x03, 0x41, 0x07, 0x41, 0x32, 0xE8, 0x21, 0xBC, 0x83, 0x7D, 0x96,
    0xA2, 0x61, 0x89, 0xB8, 0x4D, 0x59, 0x19, 0xAB, 0x06, 0x37, 0xBB, 0x2F, 0xE9, 0x24, 0x26, 0xB5,
    0xD1, 0x5D, 0xB9, 0xEE, 0x17, 0xF5, 0x2F, 0x62, 0x1E, 0x43, 0x24, 0x09, 0x3A, 0xA1, 0xB3, 0x02,
    0xCE, 0x61, 0xDB, 0xBA, 0xB9, 0xE2, 0x4A, 0x31, 0x93, 0xA3, 0x70, 0x1E, 0xB2, 0xCF, 0x73, 0x89,
    0xBB, 0xB4, 0x86, 0x2D, 0x02, 0x66, 0x35, 0xB1, 0xCC, 0x88, 0x45, 0x09, 0x54, 0x59, 0xE2, 0xD1,
    0x62, 0x36, 0xE2, 0x96, 0x4D, 0xDE, 0x5A, 0x9D, 0x4A, 0x4F, 0x8F, 0x89, 0x3A, 0xB8, 0xF5, 0x17,
    0x91, 0x9F, 0x54, 0x5A, 0xA2, 0x41, 0x60, 0x0A, 0xB9, 0x64, 0x25, 0xFF, 0x87, 0x98, 0x0B, 0xE7,
    0x2F, 0xE1, 0x9D, 0x7E, 0x35, 0xE5, 0x6B, 0x35, 0x53, 0xE2, 0x4F, 0x40, 0x06, 0xA9, 0x3A, 0xCD,
    0xAC, 0x59, 0xB5, 0xC0, 0x05, 0x8B, 0x1E, 0x93, 0x9D, 0xDC, 0x1B, 0x59, 0x1D, 0xC2, 0x96, 0xCA,
    0x26, 0x2D, 0x39, 0x5B, 0x67, 0xDB, 0x82, 0x9E, 0xC6, 0x2D, 0x71, 0x44, 0xF0, 0x91, 0x09, 0xE9,
    0x92, 0x0C, 0x13, 0x87, 0x81, 0x53, 0x67, 0xE1, 0x8A, 0x8E, 0x2B, 0x40, 0x6B, 0xA8, 0x48, 0x3F,
    0x71, 0xFC, 0xE3, 0x85, 0x7B, 0x32, 0x1D, 0x0D, 0x72, 0x04, 0xD8, 0x39, 0x5F, 0x5B, 0x18, 0xBA,
    0x80, 0xDB, 0xFA, 0x2A, 0x06, 0x9D, 0xFC, 0xA0, 0xC1, 0xE3, 0x73, 0x44, 0x82, 0xEB, 0x31, 0xFD,
    0xB3, 0xBF, 0x13, 0xC1, 0x32, 0x4A, 0x40, 0xC2, 0xAA, 0xCE, 0x52, 0x39, 0x77, 0x10, 0xC0, 0x2D,
    0x8E, 0x7E, 0x2B, 0x55, 0x59, 0xF5, 0xA2, 0xAF, 0xEB, 0xE0, 0x69, 0xBC, 0xDB, 0xFB, 0xD3, 0x35,
    0xAF, 0x09, 0xA6, 0xC1, 0xCA, 0x4B, 0x08, 0x88, 0xBE, 0x9C, 0x44, 0xE2, 0x7F, 0xEB, 0x12, 0x3A,
    0x8C, 0xA2, 0xD3, 0xBA, 0xCC, 0xDA, 0xE2, 0x4F, 0x75, 0xD6, 0x64, 0xEA, 0xD2, 0xDA, 0x0A, 0x4F,
    0x7A, 0x62, 0x1E, 0x2F, 0x12, 0x5C, 0x57, 0x88, 0xB7, 0x88, 0x3D, 0xF1, 0xB8, 0x04, 0x2A, 0xF1,
    0xBB, 0xB3, 0xD5, 0xA3, 0xD3, 0x53, 0x1D, 0xE1, 0xF3, 0x60, 0xF3, 0xE0, 0xF2, 0x60, 0xF2, 0xE0,
    0xF1, 0x60, 0xF1, 0xE0, 0xF0, 0x60, 0xF0, 0xE0, 0xEF, 0x60, 0xEF, 0xE0, 0xEE, 0x68, 0xEE, 0xAA,
    0x16, 0x82, 0x82, 0x2F, 0x96, 0x90, 0xB5, 0xC5, 0xB9, 0x48, 0xFA, 0x6B, 0x16, 0x7F, 0x0C, 0x51,
    0x5C, 0xB3, 0x8F, 0x74, 0x5C, 0xCB, 0x35, 0x37, 0xC4, 0x03, 0x47, 0x64, 0xE0, 0x3A, 0x40, 0x9C,
    0x72, 0xE8, 0x84, 0x35, 0xB6, 0x04, 0x6A, 0x4D, 0xCC, 0xAD, 0x7D, 0xB8, 0x42, 0x27, 0x38, 0xDA,
    0x68, 0x34, 0x1F, 0x08, 0xAE, 0xF3, 0x71, 0xCA, 0xA0, 0x93, 0x7C, 0x92, 0x50, 0x32, 0x4A, 0x4A,
    0xC9, 0x29, 0x49, 0x25, 0xAB, 0xF8, 0x28, 0x2F, 0xE3, 0xAE, 0x06, 0xE4, 0x06, 0x8F, 0x7A, 0x76,
    0xE4, 0x66, 0xB5, 0xB8, 0x07, 0x80, 0xF5, 0x54, 0x2E, 0x99, 0x80, 0x15, 0xD0, 0xFF, 0x12, 0xFF,
    0x25, 0xBC, 0x39, 0x0A, 0x3E, 0x88, 0xF1, 0x40, 0xEC, 0x81, 0x49, 0x07, 0x4C, 0x89, 0x59, 0x43,
    0xAC, 0x81, 0x05, 0xD1, 0x42, 0xE0, 0x7C, 0x3D, 0x0A, 0x9E, 0xFB, 0xEA, 0x33, 0x2C, 0x0F, 0x3B,
    0x11, 0x4F, 0x57, 0xD2, 0x5A, 0x9B, 0x30, 0x1D, 0xB0, 0x32, 0x0B, 0x1E, 0x1B, 0xB4, 0xBD, 0x57,
    0x58, 0xF3, 0x3B, 0x1F, 0x6E, 0x4A, 0xD5, 0x9E, 0xDF, 0xEA, 0xAC, 0x79, 0x9C, 0x2C, 0x07, 0xB2,
    0x21, 0xCB, 0xDE, 0xE6, 0x56, 0x6D, 0x5B, 0x24, 0x49, 0xDD, 0x47, 0xD4, 0x38, 0xC2, 0x4F, 0x6B,
    0x5D, 0xCB, 0xE5, 0x2D, 0x93, 0xB7, 0x70, 0xDA, 0xA2, 0x69, 0xCB, 0xE1, 0x2D, 0x83, 0xB7, 0xFC,
    0xDD, 0xB2, 0x77, 0xCB, 0xDD, 0x2D, 0x73, 0xB7, 0xBC, 0xDD, 0xB2, 0x76, 0x06, 0xD1, 0x16, 0x43,
    0x5B, 0x08, 0x6D, 0x11, 0xB4, 0x05, 0xD0, 0x16, 0x3F, 0x5B, 0xF8, 0x6C, 0xD1, 0x33, 0x34, 0x45,
    0x3E, 0x6F, 0xB2, 0xA4, 0xB6, 0x51, 0xE3, 0xD6, 0x15, 0xD5, 0x0C, 0x85, 0x19, 0x08, 0x33, 0x0C,
    0x66, 0x10, 0xCC, 0x10, 0x98, 0x01, 0x30, 0xC3, 0x5F, 0x06, 0xBF, 0x0C, 0x7D, 0x19, 0xF8, 0x32,
    0xEC, 0x65, 0xD0, 0xCB, 0x90, 0x97, 0x01, 0x2F, 0xC3, 0x5D, 0x06, 0xBB, 0xBC, 0x2C, 0xED, 0xAA,
    0xF8, 0xE1, 0x2D, 0x80, 0xF4, 0x30, 0x74, 0x5A, 0xA7, 0x54, 0xAF, 0xF8, 0xBB, 0xEE, 0x8E, 0xC0,
    0x7D, 0xBC, 0x61, 0xD2, 0xEB, 0xB1, 0x1E, 0x82, 0x47, 0xD6, 0x36, 0xBF, 0xA9, 0x60, 0x93, 0xC1,
    0xA6, 0x83, 0x4D, 0x08, 0x9B, 0x12, 0x36, 0x29, 0x6C, 0x5A, 0xD8, 0xC4, 0xB0, 0xA9, 0x61, 0x93,
    0xC3, 0xA6, 0x87, 0x4D, 0x10, 0x9B, 0x22, 0x76, 0x92, 0x18, 0x03, 0xC7, 0x87, 0x13, 0xC5, 0x62,
    0xAA, 0x78, 0x35, 0x4B, 0x05, 0x7A, 0xEE, 0x6F, 0xF7, 0xCE, 0x5D, 0x02, 0xB7, 0x4F, 0xE8, 0x64,
    0xF1, 0xFF, 0x60, 0x73, 0x5C, 0xE1, 0x6F, 0xC4, 0x14, 0xF3, 0xBA, 0x66, 0x76, 0xA2, 0xD9, 0xA9,
    0x66, 0xCA, 0x66, 0xA1, 0xB6, 0x13, 0x4A, 0x3B, 0x7B, 0xA5, 0x49, 0xE9, 0xEC, 0xB4, 0xB3, 0x13,
    0xCF, 0x4E, 0x3D, 0x3B, 0xF9, 0xEC, 0xF4, 0xB3, 0x50, 0x40, 0x0B, 0x15, 0xB4, 0x50, 0x42, 0xDB,
    0xB5, 0x65, 0x0B, 0xBF, 0x7A, 0x31, 0x51, 0xE4, 0xF2, 0x55, 0xC6, 0x83, 0xF6, 0xFF, 0x48, 0x55,
    0xCB, 0x36, 0x09, 0xB6, 0xDA, 0x6B, 0x05, 0x57, 0xEE, 0xAF, 0xFF, 0x44, 0xC3, 0x2F, 0x9F, 0x9C,
    0xC6, 0xC6, 0x8A, 0xB8, 0x01, 0xC6, 0xFD, 0x63, 0x06, 0x78, 0xE2, 0xF2, 0xAA, 0x21, 0xE8, 0xC9,
    0xD4, 0x7B, 0xAE, 0x40, 0x6A, 0x8E, 0x5A, 0x87, 0x33, 0x11, 0x8F, 0xAC, 0xFD, 0x59, 0x2F, 0x09,
    0xF6, 0x44, 0x6B, 0xBF, 0x37, 0xF1, 0x1F, 0xA1, 0xC0, 0x97, 0x58, 0x07, 0x5F, 0xF3, 0x22, 0x98,
    0xC4, 0x57, 0x7F, 0xC0, 0x2B, 0x4B, 0x8D, 0xF0, 0x6E, 0x2E, 0xD0, 0x0C, 0xFF, 0xD4, 0xD7, 0x11,
    0x7D, 0xD0, 0x53, 0x94, 0x71, 0x7B, 0xEF, 0x4F, 0xD5, 0xC0, 0x3F, 0xC0, 0x85, 0x4A, 0x3E, 0x76,
    0x7A, 0x42, 0xAA, 0x63, 0xEB, 0x80, 0x07, 0x2B, 0xCD, 0x1D, 0xBB, 0xEE, 0xB6, 0xD6, 0xFF, 0xD7,
    0x45, 0xF8, 0x31, 0xAB, 0xA0, 0xA2, 0xEC, 0x71, 0x65, 0xD2, 0x21, 0xC5, 0x93, 0x9A, 0x94, 0xC7,
    0xAB, 0x02, 0xBE, 0xFE, 0xF7, 0x4E, 0x3C, 0x8D, 0x7F, 0xD4, 0x89, 0xAF, 0xD7, 0x52, 0x60, 0x9F,
    0xB5, 0x4B, 0xAC, 0x8B, 0x39, 0x5A, 0xF3, 0x94, 0x0A, 0x95, 0x63, 0x89, 0xDC, 0x0B, 0xC4, 0xC8,
    0x95, 0xE7, 0x60, 0x40, 0x1F, 0xF1, 0xC6, 0x74, 0x89, 0x72, 0x3B, 0x06, 0x26, 0x51, 0xBE, 0x11,
    0x0E, 0xDA, 0xDF, 0xBF, 0xCC, 0xF1, 0x71, 0x78, 0x68, 0x75, 0x09, 0x9E, 0x1D, 0x23, 0x87, 0xD8,
    0x3E, 0x3F, 0xB7, 0x5C, 0xE5, 0xEC, 0x81, 0xCE, 0x0F, 0x34, 0x9C, 0x13, 0x70, 0xC7, 0x6B, 0x36,
    0x82, 0x14, 0x91, 0x9F, 0xCE, 0x6F, 0x2E, 0x63, 0x0C, 0x32, 0xFD, 0x2D, 0xBA, 0x1D, 0x86, 0x78,
    0xCB, 0xAB, 0x45, 0x2E, 0x48, 0x7E, 0xF6, 0xA4, 0x64, 0x1F, 0xD1, 0x24, 0x1D, 0x01, 0x83, 0x16,
    0x28, 0xDD, 0xBD, 0x13, 0x64, 0xA0, 0x7E, 0x10, 0x07, 0x2A, 0x97, 0x7E, 0x89, 0x50, 0x8D, 0xC1,
    0x12, 0x5B, 0x48, 0xB1, 0x95, 0xAE, 0x73, 0x88, 0xDB, 0x4D, 0x29, 0xA4, 0xDC, 0xD7, 0x59, 0x77,
    0x5A, 0x31, 0x11, 0x73, 0x39, 0x84, 0xA2, 0xF3, 0x47, 0x32, 0xD6, 0x4B, 0xCA, 0xCA, 0x56, 0x29,
    0x4F, 0xD4, 0xCF, 0x96, 0x65, 0xB9, 0x8A, 0x3A, 0xC9, 0x6E, 0x76, 0x12, 0xEF, 0xB6, 0x12, 0x1E,
    0xB5, 0xE2, 0x97, 0x2E, 0x91, 0xF2, 0x67, 0x1F, 0x71, 0x73, 0x0C, 0x46, 0x7F, 0x0C, 0xFB, 0x60,
    0x8C, 0xBB, 0x70, 0x48, 0xFE, 0x58, 0xF5, 0xA9, 0x4E, 0x79, 0xF6, 0x45, 0x8E, 0xCA, 0x88, 0xFF,
    0xDF, 0xC9, 0x5A, 0xBF, 0xCE, 0xFA, 0xA8, 0x4C, 0x54, 0x25, 0x52, 0x9C, 0xE5, 0x3B, 0xAB, 0x00,
    0xBC, 0x18, 0x81, 0xAC, 0xB7, 0x7E, 0x7F, 0x15, 0x1C, 0xD4, 0xDF, 0xD9, 0x8C, 0xD9, 0xCB, 0x76,
    0x49, 0xD3, 0xE8, 0xE9, 0x20, 0xC1, 0x17, 0xA3, 0x44, 0xE5, 0x8E, 0xC4, 0xB2, 0x23, 0xCF, 0x9C,
    0xC1, 0xEC, 0xB1, 0xE8, 0x58, 0x72, 0x2C, 0xB8, 0x67, 0xCB, 0x6D, 0xE6, 0x9A, 0xAF, 0x41, 0xBD,
    0xF9, 0xA5, 0xA3, 0xBD, 0xA7, 0x8C, 0x46, 0xCE, 0x8E, 0x12, 0x35, 0xB1, 0x19, 0x65, 0xAC, 0x54,
    0x6E, 0x46, 0x4A, 0x8B, 0x34, 0xFF, 0x13, 0xD8, 0x64, 0xBE, 0xF4, 0xF4, 0xF7, 0x2E, 0x4B, 0xD0,
    0x67, 0xE2, 0x8F, 0x99, 0xC8, 0x98, 0xE2, 0x80, 0xE3, 0x7C, 0x9F, 0xD1, 0x3B, 0xCF, 0xA8, 0xE7,
    0xF2, 0x61, 0xF1, 0xFC, 0xEE, 0x15, 0x2C, 0xDC, 0x79, 0xCD, 0x03, 0xE7, 0x12, 0xED, 0x84, 0xA7,
    0x32, 0xBD, 0x5B, 0xCB, 0x4E, 0x50, 0xCB, 0x3D, 0xBF, 0xC6, 0x89, 0xFC, 0xD6, 0xF3, 0xF0, 0x47,
    0x76, 0x87, 0x45, 0x02, 0xCC, 0x62, 0x60, 0x1C, 0x96, 0x9B, 0xE1, 0x5B, 0x2F, 0xBF, 0xBE, 0x27,
    0xD9, 0x6E, 0x2F, 0xC9, 0x51, 0x2F, 0xD1, 0x03, 0xB7, 0x5F, 0x64, 0xEF, 0xC7, 0x67, 0xE2, 0xE4,
    0xAD, 0x1A, 0x07, 0xDA, 0x38, 0x7F, 0xC0, 0x68, 0x0D, 0x78, 0x45, 0xDA, 0xCD, 0x98, 0xBD, 0x6C,
    0xE1, 0xA8, 0x0C, 0x22, 0xF8, 0x93, 0xD3, 0xA1, 0x04, 0xCD, 0x2B, 0x12, 0x96, 0xDF, 0x13, 0x4F,
    0x9E, 0xF9, 0xF6, 0xB3, 0x4F, 0x8F, 0x18, 0x23, 0x7E, 0x0A, 0x0C, 0x3A, 0xA0, 0x74, 0xB7, 0x4E,
    0x55, 0x9E, 0x89, 0xA8, 0x0D, 0x2B, 0x0F, 0x9A, 0x3F, 0x74, 0x4C, 0xA0, 0x92, 0x2C, 0x71, 0x02,
    0x86, 0xFC, 0x55, 0x0D, 0x3C, 0x7E, 0xCB, 0x10, 0xA0, 0x46, 0xE5, 0x99, 0xCC, 0x29, 0x4A, 0x46,
    0x39, 0x50, 0xB4, 0x31, 0x14, 0x70, 0xE3, 0x7E, 0xCB, 0x49, 0x2C, 0x43, 0xB0, 0x88, 0x33, 0xC1,
    0x64, 0x4B, 0x2E, 0x22, 0xD1, 0xAA, 0x2B, 0x6D, 0xF1, 0x04, 0xD4, 0x5D, 0x29, 0xDE, 0x80, 0x90,
    0xD8, 0xED, 0xD0, 0x1B, 0x10, 0xB8, 0x3C, 0xE8, 0xA0, 0x09, 0x57, 0x06, 0xA9, 0x90, 0x50, 0x8F,
    0xB4, 0x8E, 0xF5, 0x5D, 0xAD, 0x97, 0x06, 0x49, 0xE5, 0xD5, 0x6C, 0xE7, 0x45, 0xB9, 0x50, 0xBC,
    0x0D, 0x9D, 0x86, 0x25, 0x9D, 0xEA, 0xAF, 0xFC, 0x9A, 0x62, 0x02, 0x2C, 0xE6, 0x5A, 0x19, 0x01,
    0xE2, 0xC1, 0x04, 0xD2, 0xAA, 0x1C, 0x67, 0x0B, 0xA0, 0x4E, 0x94, 0x79, 0x2F, 0xB1, 0x1C, 0x3F,
    0xB7, 0x19, 0xA4, 0xB0, 0x1C, 0x4B, 0xD1, 0x63, 0x52, 0xA3, 0xB0, 0x22, 0x4B, 0x58, 0xEF, 0x08,
    0x6A, 0xF2, 0x79, 0x91, 0x32, 0xC5, 0x8C, 0x33, 0x22, 0x60, 0x72, 0x13, 0x18, 0x1E, 0xD5, 0x9B,
    0xF1, 0x36, 0x6E, 0xFB, 0xCE, 0x07, 0x18, 0xE6, 0x02, 0x9B, 0xF7, 0x36, 0x16, 0xEB, 0x1A, 0x12,
    0x15, 0xC0, 0xA5, 0xE7, 0xCF, 0xED, 0x7D, 0x1B, 0xCA, 0x2A, 0x8B, 0xAD, 0x48, 0x40, 0x8C, 0x4A,
    0x8A, 0x17, 0xF9, 0xE5, 0x66, 0x90, 0x22, 0xDE, 0xFE, 0x1C, 0xB9, 0xA7, 0x58, 0xE4, 0xE2, 0x2E,
    0x0C, 0x33, 0x8A, 0x79, 0x17, 0xE4, 0x22, 0xB9, 0x77, 0xF6, 0xA4, 0x78, 0xD5, 0xB1, 0xED, 0xEB,
    0x6A, 0x09, 0x9E, 0xE6, 0x49, 0x1D, 0x8C, 0x12, 0x19, 0x2C, 0xC4, 0xCF, 0x29, 0x27, 0x7D, 0x2A,
    0x9C, 0x0A, 0xDB, 0x3F, 0xA2, 0x05, 0x2C, 0x6C, 0xC3, 0x75, 0xC8, 0xD8, 0x07, 0x00, 0x6D, 0xD2,
    0x02, 0x3B, 0x9C, 0x67, 0x8B, 0xD2, 0xF5, 0xFB, 0x6A, 0x16, 0xD9, 0xCC, 0x4B, 0x05, 0x48, 0x01,
    0x57, 0xE7, 0x28, 0xD3, 0x63, 0xA5, 0xBC, 0x38, 0xE5, 0x78, 0xBA, 0x3F, 0xC4, 0x6D, 0xD0, 0x85,
    0x6D, 0xD8, 0xFB, 0x79, 0xB8, 0x00, 0x3B, 0x0D, 0x63, 0x6C, 0xF2, 0x13, 0x81, 0x17, 0x95, 0x2B,
    0x52, 0xC8, 0xA1, 0xBC, 0x23, 0xEA, 0x8D, 0x52, 0x68, 0xCF, 0x7F, 0xCA, 0xAB, 0x77, 0x79, 0xBF,
    0x37, 0x32, 0x9B, 0x63, 0x44, 0x1A, 0xE7, 0x2B, 0x0D, 0xA6, 0x75, 0x02, 0x2C, 0x33, 0x60, 0x7E,
    0x1D, 0xDA, 0x59, 0x0E, 0x3D, 0x2D, 0xAF, 0xCB, 0x5B, 0xBE, 0xCA, 0x25, 0x76, 0x6C, 0x9E, 0xA9,
    0x35, 0xF3, 0xB5, 0x16, 0x36, 0x26, 0xFD, 0x2A, 0x66, 0x7C, 0xAC, 0x20, 0x2B, 0x45, 0x70, 0xEA,
    0xED, 0xC7, 0xCB, 0x76, 0x61, 0x43, 0xAC, 0x72, 0x7D, 0x87, 0xDD, 0x2A, 0xEE, 0x7A, 0x76, 0x55,
    0xBF, 0x12, 0x94, 0xCC, 0x96, 0xBA, 0x2B, 0x75, 0x23, 0x2D, 0x19, 0x5D, 0xC2, 0x16, 0x28, 0x4F,
    0x3A, 0x67, 0x48, 0x29, 0x30, 0x38, 0x73, 0x1B, 0x77, 0x17, 0x24, 0xE9, 0xEE, 0x49, 0xFA, 0xA8,
    0x95, 0x54, 0x4B, 0x7A, 0x54, 0x26, 0xF9, 0x96, 0x1A, 0x27, 0x0D, 0xFF, 0x0E, 0xB6, 0x20, 0xB6,
    0x9E, 0xAC, 0xB5, 0x88, 0xF8, 0xC6, 0xC0, 0xBB, 0x3E, 0x6B, 0x65, 0x95, 0x1F, 0xFB, 0x8B, 0xAF,
    0x7B, 0x63, 0x12, 0x29, 0xDA, 0xE5, 0x43, 0x9F, 0xFA, 0x2F, 0xB7, 0x5F, 0x65, 0x58, 0x43, 0xC4,
    0x7F, 0x70, 0x25, 0xCF, 0x7E, 0xE1, 0x0F, 0xC2, 0x42, 0xD6, 0x58, 0x53, 0xB2, 0xFC, 0x00, 0xED,
    0x03, 0xD5, 0x52, 0xD2, 0x93, 0x3B, 0x50, 0x59, 0xE1, 0x48, 0x90, 0x3D, 0xD7, 0x74, 0xA5, 0xB2,
    0x27, 0xD7, 0x7C, 0x10, 0x7B, 0xE4, 0x1D, 0x10, 0x5A, 0x69, 0x4B, 0x46, 0xFF, 0xFB, 0x1B, 0x93,
    0x40, 0x07, 0x3B, 0xDD, 0xF6, 0xC6, 0xC4, 0x5E, 0x96, 0x18, 0x14, 0x37, 0xEE, 0x8B, 0x68, 0xA4,
    0xB5, 0x68, 0xAA, 0xB5, 0xB7, 0x28, 0xB4, 0xF1, 0xC7, 0xBE, 0xAA, 0x83, 0xE3, 0xBA, 0xA8, 0x83,
    0x47, 0x79, 0x55, 0x86, 0x5F, 0x8A, 0x4A, 0xF4, 0x37, 0x4A, 0x83, 0x60, 0x92, 0xB8, 0x0F, 0x47,
    0x49, 0xBB, 0x08, 0xCD, 0x20, 0xEE, 0xEF, 0x65, 0x4D, 0xA2, 0x6D, 0x51, 0xA7, 0x9A, 0x57, 0x75,
    0xF2, 0x50, 0xFE, 0x03, 0x15, 0x8F, 0x01, 0x66, 0x3B, 0x41, 0x14, 0x87, 0x7F, 0xBB, 0x8B, 0xC1,
    0x62, 0x8E, 0x30, 0xFF, 0x1B, 0xBC, 0x3F, 0x0A, 0x48, 0xF2, 0x06, 0x28, 0x40, 0x8E, 0x12, 0x14,
    0x45, 0x92, 0x19, 0x72, 0x81, 0x1E, 0x21, 0x47, 0x28, 0x82, 0x45, 0xD9, 0xD7, 0xE6, 0x02, 0x43,
    0x2F, 0x30, 0xBD, 0xC1, 0x0B, 0x8B, 0x60, 0xD3, 0xD7, 0xC4, 0xF7, 0x1D, 0xE0, 0xFB, 0x52, 0x66,
    0xF1, 0xE2, 0x4A, 0x5B, 0x1B, 0x43, 0x37, 0xC3, 0x57, 0x50, 0xC4, 0x02, 0x00, 0x67, 0x98, 0x74,
    0x56, 0xFC, 0xB7, 0x12, 0xD4, 0x89, 0x86, 0x8B, 0xB2, 0x95, 0xED, 0x28, 0x27, 0x02, 0x59, 0x65,
    0x93, 0x4D, 0x27, 0x83, 0xCF, 0xC9, 0xC0, 0x37, 0x84, 0x0A, 0x2F, 0x5C, 0xB9, 0x50, 0x5E, 0xB5,
    0x75, 0xEC, 0xF5, 0xEE, 0xCE, 0x15, 0x7A, 0xE3, 0xA9, 0x99, 0x5A, 0x0D, 0x19, 0x08, 0xF9, 0xE9,
    0xB8, 0xD9, 0xFC, 0x3F, 0x86, 0xEC, 0x2F, 0x86, 0x70, 0x9E, 0x41, 0x7D, 0xC5, 0x32, 0x44, 0xBC,
    0x2C, 0x80, 0xC1, 0x95, 0x1D, 0x45, 0xBE, 0x81, 0xAE, 0x8F, 0x0A, 0x7E, 0x56, 0x3E, 0xA8, 0xFF,
    0x52, 0xF7, 0xA9, 0x6D, 0xD1, 0xE6, 0x17, 0xBD, 0xE5, 0x60, 0xB2, 0x72, 0xF2, 0xDA, 0xCA, 0xBA,
    0x89, 0x4D, 0x0C, 0x71, 0x8B, 0x0F, 0x18, 0x76, 0xC0, 0x12, 0xFB, 0x3B, 0x4B, 0x0C, 0x5C, 0x42,
    0x66, 0x49, 0x42, 0xD1, 0xC7, 0x89, 0xCF, 0x33, 0x1F, 0x66, 0x6A, 0xD5, 0x67, 0x92, 0x5E, 0xFA,
    0xB8, 0xC7, 0x1A, 0xF8, 0x87, 0xDA, 0x89, 0x57, 0x37, 0x61, 0xFA, 0xD1, 0x31, 0x63, 0xF1, 0xB8,
    0x0B, 0x58, 0x21, 0x9D, 0xD2, 0x44, 0xF9, 0xBD, 0x93, 0x53, 0x88, 0xA3, 0x21, 0xCD, 0x08, 0x15,
    0x6C, 0x92, 0x4C, 0xD8, 0x66, 0xB6, 0xEB, 0x1F, 0xD5, 0xD6, 0x01, 0xC4, 0x24, 0x69, 0x7E, 0x3F,
    0xF0, 0x4F, 0x55, 0xDD, 0xFF, 0xED, 0xFD, 0xBF, 0x25, 0xA9, 0x0D, 0x0B, 0x36, 0xC9, 0xB6, 0x70,
    0x98, 0x5C, 0x36, 0xD3, 0x41, 0xB0, 0x61, 0x76, 0xAA, 0xB2, 0x2B, 0x4E, 0xC0, 0xBD, 0x00, 0x04,
    0x09, 0x0E, 0x67, 0x61, 0x43, 0x00, 0x66, 0xB7, 0x3B, 0x09, 0x90, 0x43, 0x5E, 0x20, 0x00, 0x23,
    0x16, 0x77, 0x1B, 0x04, 0x0E, 0x8B, 0x99, 0xE9, 0xBA, 0x3D, 0x12, 0x80, 0x66, 0xB1, 0x08, 0xAE,
    0xF7, 0x0C, 0x42, 0xB0, 0x75, 0x49, 0xC9, 0xD5, 0xDD, 0x56, 0xF7, 0x93, 0xA9, 0xA7, 0xAA, 0x15,
    0x99, 0xCD, 0x05, 0xE6, 0xDD, 0xB7, 0xD3, 0xD4, 0x77, 0x40, 0xCF, 0xFB, 0xF4, 0xE7, 0xF7, 0x7D,
    0x9E, 0xA7, 0x50, 0x1C, 0x60, 0x15, 0x73, 0x7D, 0x84, 0x9F, 0x0D, 0x99, 0xFE, 0xFB, 0x90, 0xD9,
    0xC7, 0x01, 0xC5, 0x5F, 0x05, 0xAC, 0xD2, 0x80, 0x37, 0x93, 0x80, 0x6E, 0xC8, 0xA4, 0x49, 0x42,
    0x25, 0x0B, 0x21, 0x54, 0xF2, 0x98, 0xCB, 0x67, 0xB9, 0x51, 0x12, 0x36, 0x1E, 0xC7, 0xEC, 0x08,
    0x75, 0xD6, 0x0C, 0xB9, 0xEA, 0x5C, 0x84, 0x76, 0x7B, 0xB4, 0x0C, 0x3D, 0xC0, 0x63, 0x48, 0xC3,
    0x9C, 0x7A, 0x48, 0x8E, 0x8B, 0x46, 0x11, 0xFE, 0xB6, 0xB1, 0x0E, 0x3F, 0xDE, 0x09, 0xBB, 0x6D,
    0x9D, 0x05, 0xEB, 0x3A, 0x3F, 0xD8, 0x6E, 0x8A, 0x4E, 0xB0, 0x6A, 0xD2, 0xA0, 0xDC, 0x67, 0x47,
    0xE5, 0xEE, 0x57, 0x0F, 0xD6, 0xF5, 0x6B, 0xBD, 0x6D, 0xFD, 0x17, 0x9D, 0xED, 0x0F, 0x3F, 0x6D,
    0x3F, 0x5A, 0x87, 0xEF, 0x86, 0x7D, 0x79, 0x2C, 0x42, 0x95, 0xB7, 0xF9, 0x53, 0xC0, 0xFB, 0x10,
    0x2A, 0xA7, 0x80, 0x57, 0x00, 0x07, 0x48, 0xC2, 0x06, 0x69, 0xA8, 0xA1, 0xD8, 0xC0, 0x12, 0x74,
    0x98, 0x3F, 0xB7, 0x67, 0x96, 0x7C, 0x80, 0x34, 0x54, 0x24, 0xDB, 0xCD, 0x69, 0x8D, 0x6B, 0x24,
    0x4F, 0x71, 0x63, 0x70, 0xEF, 0x9C, 0xFE, 0x6F, 0x20, 0x6B, 0x41, 0xC8, 0x77, 0x90, 0x85, 0xBF,
    0x01, 0xC5, 0x8F, 0xEB, 0x51, 0x39, 0xDB, 0x83, 0x2F, 0x27, 0x1B, 0xD1, 0x66, 0xB6, 0x09, 0xEE,
    0x44, 0x77, 0xC2, 0x3B, 0xF1, 0x9D, 0x00, 0x4F, 0x84, 0x13, 0xE2, 0x89, 0xD1, 0x04, 0x69, 0xA2,
    0x34, 0x61, 0x9A, 0x38, 0x4D, 0xA0, 0x46, 0x52, 0x46, 0x54, 0x46, 0x56, 0x4E, 0xB0, 0x20, 0x80,
    0xF4, 0x00, 0x1F, 0x66, 0x4D, 0xA4, 0x2E, 0x6A, 0x2C, 0xC2, 0x1F, 0xC1, 0x72, 0xFC, 0x85, 0xE5,
    0xA2, 0x86, 0xEF, 0xA5, 0xD7, 0x60, 0x66, 0x37, 0xC2, 0x1B, 0xE9, 0x45, 0x7C, 0x22, 0x3F, 0x71,
    0x00, 0xC4, 0x11, 0x18, 0x87, 0x60, 0x1C, 0x83, 0x71, 0x10, 0xC6, 0x51, 0x18, 0x87, 0x61, 0x1C,
    0x07, 0x71, 0x20, 0xC4, 0x91, 0x70, 0x1A, 0x8A, 0xB2, 0x86, 0x3C, 0x66, 0xBA, 0x0B, 0x22, 0xC5,
    0x06, 0xC5, 0x77, 0xEB, 0x71, 0x08, 0x67, 0xD1, 0xD8, 0xB2, 0x42, 0x19, 0xD7, 0x55, 0x7F, 0xC8,
    0xE2, 0xE3, 0x40, 0xF2, 0xCD, 0x50, 0x45, 0xCC, 0x48, 0x19, 0x21, 0x6F, 0xAE, 0xBB, 0xCB, 0x1D,
    0x58, 0xB5, 0x20, 0xE9, 0x80, 0x16, 0xC2, 0x62, 0x3F, 0xD7, 0x37, 0xB6, 0x77, 0x76, 0x7B, 0x9E,
    0x2E, 0xDA, 0xCD, 0x78, 0x51, 0x6F, 0xE2, 0x9B, 0xFC, 0x26, 0xC0, 0x49, 0x70, 0x22, 0x9C, 0x0C,
    0x27, 0xC4, 0x49, 0x71, 0x62, 0x9C, 0x1C, 0x27, 0xC8, 0x49, 0x72, 0xA4, 0x34, 0x5A, 0x1A, 0x31,
    0x4D, 0x9A, 0xB0, 0x8C, 0x58, 0xAB, 0x0E, 0x2E, 0x86, 0xFC, 0x50, 0x1B, 0x8B, 0xBA, 0x67, 0x11,
    0xFE, 0xD8, 0x28, 0x3B, 0xD1, 0xCE, 0xB6, 0x93, 0xEE, 0xC8, 0x3B, 0xFA, 0x46, 0x60, 0x51, 0x58,
    0x24, 0x16, 0x8D, 0x47, 0xE4, 0x51, 0x79, 0x64, 0x1E, 0x9D, 0x47, 0xE8, 0x51, 0x5A, 0xA4, 0x16,
    0xAD, 0x9D, 0xB0, 0xA5, 0xDD, 0x1B, 0xC8, 0x43, 0x83, 0x22, 0xDF, 0x01, 0x18, 0x39, 0xF2, 0xCF,
    0x2B, 0xDC, 0x5F, 0xD4, 0x67, 0x51, 0x4C, 0xE9, 0xD3, 0x37, 0xC8, 0x43, 0x4B, 0xF1, 0xEE, 0x9E,
    0xAF, 0x25, 0x15, 0xC9, 0xF7, 0x0D, 0x88, 0x58, 0x7D, 0xAB, 0xE2, 0x3B, 0xE9, 0xE6, 0xC6, 0x8A,
    0x39, 0xEF, 0xD8, 0x58, 0xBD, 0xE7, 0x9B, 0x77, 0x9E, 0xF7, 0x32, 0x1F, 0x22, 0x0D, 0xD1, 0x69,
    0xF3, 0xFC, 0x2E, 0xBE, 0x8D, 0xAB, 0x3B, 0x6B, 0xE7, 0xA3, 0x70, 0x09, 0x2F, 0xBD, 0x71, 0x85,
    0xD7, 0xD2, 0x1D, 0x8A, 0x48, 0xBC, 0x38, 0xDE, 0x3E, 0x6B, 0x72, 0x85, 0xF1, 0x96, 0xA8, 0xB1,
    0x84, 0x7B, 0x78, 0xFD, 0xB7, 0xF6, 0xDC, 0xFD, 0x93, 0x9A, 0x65, 0xA8, 0xB8, 0xF8, 0xD7, 0x9B,
    0x20, 0x5C, 0xEC, 0x21, 0x6D, 0x40, 0xCC, 0xAF, 0xFD, 0xF9, 0x88, 0xB4, 0x8F, 0x48, 0xF5, 0x79,
    0x20, 0xE5, 0xBB, 0xD3, 0x5A, 0xE3, 0xBA, 0x34, 0xB8, 0xF3, 0x67, 0xBB, 0x9B, 0xF7, 0x71, 0x1F,
    0x94, 0x1B, 0xC8, 0x36, 0x73, 0x95, 0xBE, 0x7E, 0x8E, 0x55, 0xFA, 0x03, 0x58, 0x6F, 0xF0, 0xEB,
    0x71, 0x49, 0x15, 0xEE, 0xE3, 0xF5, 0x5F, 0xBB, 0xF9, 0x2A, 0x3D, 0x7F, 0xCA, 0xFB, 0x9A, 0x09,
    0xE9, 0x9C, 0xAA, 0x94, 0x3E, 0xBC, 0x73, 0x3A, 0xDF, 0xD7, 0xA7, 0xF3, 0xFD, 0x8E, 0x9B, 0xAF,
    0x92, 0xFF, 0xEF, 0xEB, 0x28, 0x92, 0xE8, 0x13, 0xE6, 0xED, 0x95, 0x1E, 0x9D, 0xFF, 0x01, 0xCF,
    0x4B, 0xBE, 0xCD, 0x6F, 0x6A, 0x58, 0xFE, 0xC3, 0x7E, 0x80, 0xAA, 0x29, 0x02, 0xD2, 0x0F, 0xDC,
    0xC6, 0x01, 0x5F, 0x84, 0x10, 0xFA, 0x98, 0x9D, 0xF4, 0x59, 0xB6, 0xD2, 0x20, 0x69, 0x64, 0x41,
    0xB2, 0x97, 0x1D, 0x60, 0xD1, 0x43, 0x31, 0x66, 0x08, 0xBD, 0x81, 0xA3, 0x63, 0x15, 0x42, 0x4B,
    0xD9, 0xC0, 0x7A, 0x07, 0xDB, 0x1A, 0xC2, 0x98, 0x95, 0xC7, 0x92, 0x20, 0xED, 0xA3, 0x64, 0x6B,
    0xF5, 0x2C, 0x1B, 0xDB, 0x67, 0xB9, 0x07, 0x48, 0x5B, 0xC8, 0xFB, 0x98, 0x9D, 0xF9, 0x24, 0x0D,
    0x1B, 0xAB, 0xD0, 0x0A, 0x6F, 0xF7, 0x59, 0x9F, 0xF6, 0x8B, 0x36, 0xEB, 0x8B, 0x66, 0xD1, 0x2D,
    0x3F, 0xDB, 0xB6, 0xAB, 0x70, 0xAC, 0xCA, 0x5F, 0x54, 0xCA, 0x9D, 0xE1, 0xB9, 0x2E, 0xF7, 0x69,
    0x5D, 0xB6, 0xF9, 0x66, 0x19, 0x82, 0x3C, 0x74, 0x92, 0x70, 0x0D, 0x74, 0x64, 0x87, 0xE9, 0xE9,
    0x71, 0x05, 0x8A, 0x3D, 0x2C, 0x3B, 0x58, 0xF5, 0xA0, 0x83, 0xA4, 0x81, 0x62, 0x03, 0xC0, 0xAD,
    0xEA, 0x7C, 0xA3, 0x1A, 0xBF, 0xFA, 0x3B, 0xCD, 0xB8, 0xB4, 0x7C, 0xC7, 0x7D, 0x5E, 0x8C, 0xCD,
    0x9B, 0x8B, 0x0D, 0xC2, 0xB7, 0x2A, 0x92, 0x10, 0x90, 0x7D, 0x72, 0x18, 0xB2, 0x6E, 0xCF, 0xE4,
    0xD7, 0x7F, 0xFB, 0x92, 0xE4, 0xB0, 0x24, 0x0B, 0x8F, 0xC9, 0x3F, 0xEF, 0x29, 0xBE, 0xD9, 0x72,
    0x99, 0x5C, 0x9B, 0x11, 0xA2, 0xC2, 0xC0, 0x60, 0x70, 0x30, 0x40, 0x18, 0x24, 0x0C, 0x14, 0x06,
    0x0B, 0x03, 0x46, 0xD4, 0x88, 0x1C, 0x06, 0x0F, 0x03, 0x88, 0x41, 0x24, 0x92, 0x9C, 0x4C, 0x70,
    0xF1, 0x10, 0x2C, 0x9B, 0xF9, 0xAE, 0xCA, 0x9B, 0xF7, 0xA0, 0xEC, 0x1E, 0xC2, 0xE1, 0x11, 0x64,
    0xFB, 0xFB, 0xF8, 0x32, 0xA9, 0x89, 0x6A, 0xB2, 0x9A, 0xB0, 0x26, 0xAD, 0x91, 0x2B, 0x7A, 0xCD,
    0x60, 0xA3, 0xD8, 0x44, 0x36, 0x99, 0x45, 0xB4, 0x59, 0x6D, 0x64, 0x9B, 0xDC, 0x26, 0xB8, 0x49,
    0x6E, 0xA2, 0x9B, 0xEC, 0x4E, 0x78, 0xB0, 0xDC, 0x43, 0x59, 0x73, 0xB9, 0x79, 0x82, 0x72, 0xDF,
    0x22, 0xFC, 0xB4, 0x22, 0xFD, 0x45, 0x8B, 0x7C, 0xD7, 0xE1, 0xD5, 0xEA, 0x3B, 0xCC, 0xA0, 0x26,
    0xD1, 0x48, 0x3A, 0x9A, 0x8E, 0xA8, 0xA3, 0xEA, 0xC8, 0x3A, 0xBA, 0x8E, 0xB0, 0x51, 0x76, 0xA2,
    0x1D, 0x6D, 0x47, 0xDC, 0xA8, 0x3B, 0xF1, 0x9E, 0x7C, 0xD3, 0x7E, 0x3E, 0x16, 0xDD, 0xCD, 0x9B,
    0x91, 0x15, 0xFA, 0x07, 0x11, 0xF5, 0xEE, 0x59, 0x74, 0x2F, 0x6F, 0x58, 0xB4, 0xA4, 0xED, 0xE5,
    0xC6, 0x47, 0xE5, 0xDE, 0x2B, 0xA1, 0x19, 0xCC, 0xA2, 0x58, 0xF4, 0x7A, 0x41, 0xA7, 0xD3, 0x61,
    0x56, 0xC7, 0x72, 0x03, 0x8A, 0x0A, 0x79, 0xF3, 0xFE, 0xFF, 0xC1, 0xCE, 0x65, 0x5D, 0xCC, 0x00,
    0xC9, 0x1A, 0x97, 0x9B, 0x15, 0xCA, 0xCF, 0xFA, 0xD8, 0xBC, 0xEB, 0xDB, 0x6B, 0x1E, 0xAB, 0xBF,
    0xAE, 0xB1, 0x0E, 0x15, 0x9A, 0xC7, 0x60, 0xDE, 0xE9, 0x9E, 0x74, 0x11, 0xF8, 0xDE, 0x99, 0x9C,
    0x7D, 0xEF, 0x2D, 0x10, 0x02, 0xE9, 0xA7, 0x3D, 0x49, 0x75, 0x35, 0x70, 0x6D, 0x10, 0x76, 0x64,
    0x3F, 0x69, 0xB8, 0xAC, 0x3E, 0xB8, 0xB1, 0x53, 0x70, 0xDE, 0x98, 0xB1, 0x7A, 0xCF, 0x37, 0xEF,
    0x4C, 0x5F, 0x18, 0x5C, 0xC6, 0x22, 0xF0, 0xFC, 0x76, 0xBD, 0xB9, 0x97, 0x89, 0x62, 0xCF, 0xB2,
    0x63, 0xD5, 0x63, 0x40, 0x6C, 0x28, 0x36, 0x66, 0xA9, 0x5E, 0x1E, 0x9E, 0x4A, 0x42, 0x25, 0x0D,
    0x06, 0x21, 0x8B, 0x03, 0x79, 0x3F, 0xDA, 0x14, 0x1D, 0xCB, 0xC9, 0xA3, 0xDC, 0x47, 0x91, 0xE8,
    0x11, 0x86, 0x67, 0x33, 0x7D, 0x65, 0x40, 0xBB, 0xB6, 0x1D, 0x04, 0x92, 0x0F, 0xC8, 0x42, 0x25,
    0xDD, 0x6E, 0x28, 0x2A, 0xD6, 0xA4, 0x4F, 0x81, 0xE5, 0x5E, 0x12, 0x1A, 0x79, 0x68, 0xAC, 0xD6,
    0x7B, 0xBF, 0x5F, 0xEE, 0x58, 0x8F, 0xFF, 0x8F, 0xD3, 0x9F, 0x3F, 0x8E, 0x83, 0xC9, 0xFB, 0x97,
    0x15, 0x3F, 0xFF, 0x81, 0x65, 0xD8, 0x59, 0x05, 0x96, 0x4F, 0x6F, 0x60, 0xAD, 0xD3, 0x60, 0x8A,
    0x96, 0xE5, 0xF4, 0xFA, 0xC2, 0x71, 0x5C, 0xFF, 0x22, 0x6C, 0xE2, 0xBF, 0xC9, 0x01, 0x5E, 0xCC,
    0xFA, 0xB1, 0xAA, 0xE6, 0x25, 0x6D, 0x2B, 0x5E, 0x01, 0xEF, 0x1E, 0x91, 0xC7, 0x06, 0xAD, 0x43,
    0xE8, 0x25, 0x61, 0x9F, 0x1F, 0x2D, 0x82, 0x34, 0x28, 0x7A, 0x42, 0xB5, 0x6A, 0x09, 0x9B, 0xB2,
    0x19, 0x72, 0xBD, 0x1B, 0x72, 0x5B, 0x0F, 0x19, 0xEA, 0x41, 0x63, 0xFC, 0x71, 0xC3, 0x8A, 0x8F,
    0x43, 0xE6, 0x07, 0xDB, 0xDA, 0xB2, 0x1B, 0x00, 0xD6, 0x8D, 0xB2, 0xBD, 0x08, 0x75, 0xDC, 0x0C,
    0x64, 0x21, 0x74, 0xF1, 0x0F, 0x56, 0x98, 0x97, 0xC4, 0xBA, 0x9E, 0x9B, 0x5E, 0x82, 0x8B, 0x53,
    0x23, 0x43, 0x9F, 0x85, 0xB7, 0x0F, 0x79, 0x9F, 0x1C, 0x8B, 0x2E, 0x09, 0xCB, 0x26, 0x0D, 0xAB,
    0x26, 0x3D, 0x96, 0xBB, 0xEC, 0xD9, 0xB3, 0xE8, 0xCB, 0x5D, 0xF1, 0xEC, 0x59, 0xB6, 0xAB, 0x66,
    0xBD, 0x2F, 0x42, 0xA8, 0x17, 0xE1, 0xC8, 0x76, 0x0F, 0x3C, 0x8A, 0x22, 0xF1, 0x99, 0x1B, 0xE9,
    0x88, 0x91, 0x40, 0x12, 0x53, 0x1E, 0xB3, 0xA8, 0xA0, 0x33, 0x7F, 0x6E, 0x55, 0xE7, 0xB2, 0x62,
    0xD5, 0xF2, 0xEA, 0xB4, 0x73, 0x2E, 0x1A, 0x5E, 0xAB, 0x5E, 0x98, 0xCD, 0x3B, 0x15, 0x08, 0x20,
    0xED, 0x60, 0xFB, 0xF6, 0x0E, 0x69, 0xF8, 0xA7, 0x0A, 0xF9, 0xBF, 0xEC, 0xA0, 0x4C, 0x1B, 0xBE,
    0x94, 0x64, 0x32, 0x19, 0x51, 0x26, 0x95, 0x89, 0x65, 0x72, 0x31, 0xC2, 0x18, 0x65, 0x8C, 0x34,
    0x46, 0x1B, 0x23, 0x8E, 0x51, 0x67, 0xE2, 0x99, 0x7C, 0x26, 0xA0, 0x49, 0x68, 0x22, 0x9A, 0x8C,
    0x46, 0xA4, 0x59, 0x09, 0x45, 0x3B, 0xED, 0x0E, 0x17, 0x0F, 0xCB, 0x8A, 0x65, 0xF3, 0x08, 0xEB,
    0xEE, 0x0A, 0x87, 0x1E, 0x59, 0xF3, 0x1E, 0x2E, 0x37, 0xBF, 0x0D, 0x27, 0x40, 0x22, 0xA1, 0x01,
    0x91, 0x81, 0x91, 0x01, 0x92, 0x81, 0x92, 0x01, 0x93, 0x81, 0x93, 0x01, 0x94, 0x81, 0x94, 0x01,
    0x95, 0x81, 0x95, 0x01, 0x96, 0x81, 0x96, 0x88, 0x7B, 0xE2, 0x5D, 0xEE, 0xE6, 0x63, 0x37, 0x69,
    0xB6, 0x55, 0x64, 0xAD, 0x91, 0xFF, 0xF3, 0x0E, 0xF7, 0xD3, 0xE6, 0x2C, 0x4A, 0x96, 0x75, 0xD3,
    0xC6, 0xE8, 0x2F, 0x1E, 0xBA, 0xB7, 0x6C, 0xBC, 0xB2, 0xEE, 0x06, 0xB3, 0x28, 0x16, 0xBD, 0x5E,
    0x4C, 0xD9, 0x8A, 0x11, 0xA5, 0x07, 0x63, 0x76, 0xD8, 0xBE, 0xD5, 0x9C, 0xEA, 0x96, 0xFF, 0xDB,
    0x0E, 0xE5, 0x99, 0xB8, 0xC0, 0xCF, 0xE7, 0xF7, 0x2E, 0x7F, 0x5A, 0x0F, 0xDD, 0x2A, 0x36, 0x2C,
    0x9B, 0x27, 0xB1, 0x5B, 0xD7, 0xB7, 0xD7, 0x2D, 0x49, 0xF7, 0x3A, 0xB2, 0xD0, 0x21, 0xCF, 0xF7,
    0x00, 0x92, 0x00, 0x8B, 0xCF, 0x6B, 0xDC, 0xCD, 0x76, 0x67, 0x22, 0x79, 0xF7, 0xED, 0x0D, 0xDB,
    0x50, 0xF1, 0x9F, 0x47, 0x54, 0xAF, 0x4C, 0x2F, 0x22, 0xD6, 0x0D, 0x49, 0xDB, 0x71, 0xB1, 0xB9,
    0x33, 0xD3, 0x45, 0xB9, 0x08, 0x17, 0xDD, 0x22, 0x5B, 0x54, 0x8B, 0x68, 0xD1, 0x2C, 0x92, 0x45,
    0xB1, 0x08, 0x16, 0xBD, 0x22, 0x57, 0xD4, 0x9A, 0xB0, 0x26, 0xAB, 0x79, 0xEB, 0xDD, 0x5C, 0xC5,
    0x6E, 0xE0, 0xF6, 0x1B, 0xEA, 0xC6, 0xB2, 0xE5, 0xF9, 0x0D, 0x79, 0x83, 0x37, 0x63, 0xF2, 0x7D,
    0x58, 0x1C, 0xA0, 0xD8, 0xB7, 0x58, 0xFD, 0x61, 0x87, 0x07, 0xC9, 0x90, 0xC6, 0xCC, 0x1A, 0xDE,
    0x0D, 0x61, 0x33, 0x98, 0xF5, 0xD1, 0xEC, 0x18, 0xCD, 0xC2, 0x68, 0x56, 0x45, 0xB3, 0xCD, 0xFF,
    0x60, 0x56, 0x45, 0x33, 0xFF, 0xDD, 0xAC, 0xFF, 0x65, 0x66, 0xED, 0x6C, 0xE6, 0x1B, 0xD7, 0x13,
    0x54, 0x72, 0xBC, 0x22, 0xFB, 0x59, 0x4B, 0xFE, 0x49, 0xCB, 0x65, 0xDA, 0x22, 0x6D, 0x5C, 0x84,
    0xBF, 0xAB, 0xAD, 0xC2, 0xF1, 0x85, 0x55, 0x68, 0xB5, 0x1B, 0x35, 0xB4, 0x64, 0x4D, 0x24, 0x68,
    0xCE, 0x84, 0x23, 0xFD, 0x9E, 0x69, 0x7C, 0x49, 0xEF, 0x8A, 0xC7, 0x59, 0xCB, 0xFD, 0xEC, 0x46,
    0x39, 0xBE, 0xF4, 0xED, 0xA9, 0x45, 0x11, 0x9B, 0xD2, 0x9D, 0x09, 0x8D, 0xCB, 0x21, 0x57, 0x2D,
    0x5E, 0xED, 0xAF, 0xF0, 0x45, 0xCB, 0xC5, 0x7F, 0xB4, 0xBC, 0xF6, 0xD6, 0x4D, 0xD1, 0xA4, 0xFB,
    0x7B, 0xC8, 0xBB, 0x1F, 0xA0, 0x08, 0x4D, 0xCB, 0xDD, 0xF2, 0xB3, 0x8E, 0x7B, 0xF9, 0x5F, 0x9E,
    0x09, 0xCA, 0x9D, 0x8B, 0x8A, 0x50, 0x54, 0xD2, 0xF0, 0xF9, 0x95, 0xEC, 0xF3, 0xD0, 0x5A, 0xFC,
    0x28, 0xB4, 0x2E, 0xAA, 0xBF, 0xBF, 0x29, 0x14, 0xB4, 0x30, 0xF5, 0xE2, 0x4C, 0x20, 0x7E, 0xF9,
    0xD9, 0xCB, 0x15, 0xB2, 0xF6, 0x14, 0xE9, 0x0D, 0xE2, 0x78, 0x84, 0xEC, 0xE8, 0x14, 0x3D, 0x5C,
    0xA1, 0x08, 0x07, 0xE1, 0xB0, 0x08, 0x9D, 0xF5, 0x53, 0xA1, 0x56, 0x6C, 0x92, 0x50, 0x29, 0xAA,
    0x34, 0xB0, 0x92, 0x05, 0xEE, 0xC7, 0xAF, 0xBC, 0x29, 0x3F, 0xF0, 0xC0, 0xC0, 0xF5, 0x48, 0xD1,
    0xD1, 0x5A, 0xB6, 0x92, 0xC6, 0xAA, 0x91, 0x36, 0xCA, 0x46, 0xB6, 0x57, 0xEE, 0x65, 0xB5, 0xF5,
    0x5E, 0x5E, 0x2B, 0x1B, 0xCB, 0x4A, 0x79, 0x48, 0x9E, 0xB0, 0x8C, 0xF6, 0x8B, 0x10, 0xF6, 0xD8,
    0x1E, 0xFD, 0xAF, 0x38, 0xEB, 0x5D, 0xD1, 0x65, 0x61, 0x5F, 0xB4, 0x45, 0xD8, 0xAF, 0x9A, 0x37,
    0xCB, 0xBA, 0xDC, 0xFF, 0xDE, 0xB6, 0x2E, 0x77, 0xE3, 0x60, 0x82, 0x50, 0xC7, 0x81, 0x64, 0x87,
    0x34, 0x54, 0x59, 0x9F, 0xAD, 0x2D, 0xFA, 0xCB, 0x27, 0xF2, 0xEE, 0xF5, 0xC3, 0x4B, 0xC5, 0xB1,
    0x3D, 0x3C, 0x2A, 0xC2, 0x4F, 0x42, 0x93, 0x87, 0x8F, 0xC3, 0x26, 0x3D, 0x8C, 0x3D, 0x40, 0xBE,
    0x41, 0xB9, 0x1F, 0x62, 0x37, 0x44, 0x8D, 0xFF, 0x07, 0xAC, 0x2B, 0x27, 0x2E, 0x21, 0x66, 0x16,
    0x73, 0x51, 0xC3, 0x7D, 0xF3, 0xE7, 0x56, 0xCD, 0xD2, 0x6B, 0x2C, 0x8E, 0xB8, 0xD8, 0x9E, 0xB0,
    0x92, 0x38, 0xDA, 0x1D, 0x37, 0x05, 0xF7, 0x0E, 0x48, 0x8F, 0x60, 0xD1, 0x26, 0x0D, 0x8A, 0x3A,
    0x6D, 0x23, 0x4C, 0xDA, 0x81, 0xA4, 0x05, 0x59, 0x13, 0x6D, 0x42, 0x9D, 0x87, 0x2E, 0xAE, 0x39,
    0xEA, 0x10, 0x79, 0xA4, 0x81, 0xA5, 0x08, 0x74, 0xD7, 0x24, 0x64, 0x11, 0x89, 0x26, 0xA3, 0x88,
    0xD4, 0x19, 0x94, 0x34, 0x26, 0xA6, 0xC9, 0x69, 0x82, 0x9A, 0xA4, 0x26, 0xAA, 0xC1, 0x6A, 0x6B,
    0xC2, 0x9A, 0xDE, 0xAF, 0x66, 0x2E, 0x2E, 0x3F, 0x80, 0x65, 0x03, 0x65, 0xFD, 0x32, 0x9E, 0xE8,
    0x49, 0xDA, 0x21, 0xD3, 0xCD, 0x90, 0xE8, 0x06, 0xB6, 0x63, 0x33, 0xB8, 0x85, 0x2A, 0xC2, 0x89,
    0x72, 0x46, 0xBA, 0xD1, 0x2E, 0xE2, 0x89, 0x7A, 0x22, 0x9F, 0xE8, 0x37, 0x02, 0x8E, 0x82, 0x22,
    0xA1, 0x68, 0x28, 0x22, 0x3A, 0x29, 0x16, 0x0D, 0x58, 0x34, 0x06, 0xBF, 0xA4, 0x15, 0xFD, 0x1E,
    0x9C, 0xB9, 0xDF, 0x87, 0x20, 0x80, 0xB2, 0xF2, 0x32, 0xCB, 0x68, 0x96, 0xD7, 0x5F, 0xB5, 0x9F,
    0x75, 0x65, 0xDE, 0xA2, 0xC2, 0x1E, 0x64, 0xFB, 0x41, 0xD3, 0xE2, 0xEC, 0xDB, 0x38, 0xEF, 0x5E,
    0x8B, 0xA3, 0xB8, 0x7F, 0x07, 0x4D, 0xA5, 0x3E, 0xEE, 0xE0, 0x9E, 0x6C, 0xF7, 0xD5, 0x69, 0x26,
    0xED, 0xEF, 0x42, 0x76, 0xB8, 0x07, 0xCF, 0x78, 0x06, 0xC6, 0x62, 0xD9, 0x0C, 0x8C, 0xAF, 0x2D,
    0x76, 0xE7, 0xCD, 0x78, 0xE9, 0x21, 0x56, 0x1F, 0xEF, 0xB0, 0xFE, 0x62, 0xD8, 0xD4, 0x21, 0x6C,
    0x7A, 0x9A, 0xAD, 0x5E, 0x72, 0x7D, 0xE7, 0xAB, 0x63, 0xC4, 0x00, 0x87, 0x01, 0x0E, 0x67, 0x0D,
    0x37, 0x5F, 0xB9, 0xF3, 0x9D, 0x6B, 0x30, 0x40, 0x09, 0xC0, 0xCB, 0xA0, 0x9F, 0xF3, 0x2B, 0xF5,
    0x24, 0xDF, 0x40, 0xB9, 0x8F, 0xB9, 0x8B, 0x59, 0x9B, 0x6F, 0xEA, 0x00, 0xD6, 0x60, 0x59, 0xCD,
    0x77, 0xF4, 0xFC, 0x59, 0x87, 0x7D, 0x1E, 0xF6, 0xEB, 0xB0, 0x59, 0x84, 0xCD, 0xE0, 0xD9, 0x0F,
    0xB8, 0x59, 0x23, 0x0D, 0x8A, 0x5A, 0x12, 0xAA, 0x15, 0xC2, 0xE6, 0x31, 0xB6, 0x3F, 0x6C, 0x51,
    0x7E, 0xBA, 0x1B, 0x32, 0x6C, 0xB0, 0x3C, 0x32, 0xFA, 0x8F, 0xEE, 0x91, 0x1D, 0xE5, 0x98, 0xFB,
    0xD9, 0x2C, 0xD4, 0x91, 0xB8, 0xC5, 0x2A, 0x74, 0xF3, 0x71, 0x19, 0x60, 0xED, 0x24, 0x5D, 0x6C,
    0x90, 0x6E, 0x9C, 0xF0, 0x17, 0x8D, 0x6D, 0xBD, 0x68, 0x92, 0xB0, 0xCB, 0x07, 0xCB, 0xBC, 0x59,
    0xFC, 0x63, 0x53, 0xEC, 0x8B, 0xA2, 0x29, 0x76, 0xBF, 0x52, 0xB4, 0x45, 0xFD, 0x1B, 0x79, 0x57,
    0x6C, 0x2C, 0xFA, 0xE5, 0x40, 0xB7, 0xF2, 0x2C, 0xDE, 0x24, 0x3D, 0x3C, 0x20, 0x39, 0x7E, 0x84,
    0xD0, 0x20, 0xEC, 0x4F, 0x0B, 0xD8, 0x56, 0x78, 0x1F, 0x1E, 0xF0, 0x7A, 0xD2, 0xB0, 0xCD, 0x77,
    0x6C, 0x43, 0xC5, 0xB6, 0xC7, 0x6A, 0x77, 0xAB, 0x24, 0xE6, 0x17, 0xF1, 0x43, 0xCC, 0x1E, 0xD2,
    0xF6, 0xAB, 0xD1, 0xF8, 0xC8, 0x36, 0xFF, 0xE4, 0x68, 0x1B, 0xDE, 0x7E, 0x16, 0x7D, 0xD6, 0x0F,
    0x1A, 0x57, 0x58, 0xB4, 0x90, 0x1F, 0xA0, 0x38, 0x82, 0xFB, 0xA6, 0xAF, 0x91, 0xED, 0xCF, 0xA5,
    0x50, 0x17, 0xD7, 0xA7, 0x65, 0x5E, 0x6C, 0x4F, 0x8B, 0x4C, 0x7A, 0x2C, 0xAE, 0x6F, 0xB7, 0x50,
    0x2C, 0xDF, 0xDA, 0xA1, 0xFC, 0x24, 0x7E, 0x27, 0x6C, 0xF0, 0xD3, 0x80, 0x64, 0xFF, 0xDE, 0xB9,
    0xE0, 0x5D, 0x26, 0xD7, 0x94, 0x3F, 0xDA, 0xB1, 0xFD, 0xA2, 0xE6, 0x8B, 0x50, 0x49, 0x9A, 0x20,
    0x5E, 0x11, 0xB7, 0x8A, 0xF7, 0x5F, 0x5D, 0x52, 0x31, 0x6E, 0x15, 0x31, 0x14, 0x9C, 0xB5, 0x8B,
    0x05, 0xB9, 0xF0, 0x11, 0xB6, 0x8D, 0x68, 0xDC, 0xA4, 0xE5, 0x7B, 0xA3, 0x94, 0x1C, 0x80, 0x36,
    0xC7, 0xA0, 0x48, 0x62, 0x4B, 0x29, 0x29, 0xE0, 0x30, 0x29, 0xF9, 0x59, 0x2B, 0x29, 0x68, 0x9D,
    0x70, 0x81, 0xA5, 0x81, 0xD6, 0x12, 0x0B, 0x32, 0x92, 0xD7, 0x8F, 0xE7, 0xDD, 0x22, 0x22, 0x2B,
    0x6B, 0x34, 0xFF, 0x69, 0xDE, 0x8C, 0x3D, 0xFA, 0x96, 0xBC, 0xA5, 0xD1, 0x11, 0x2C, 0x55, 0x47,
    0xEB, 0x44, 0xAB, 0x25, 0x22, 0xB8, 0x06, 0x13, 0x51, 0x05, 0x4E, 0x44, 0xD6, 0xD1, 0xC0, 0x61,
    0x1A, 0xA7, 0x30, 0x05, 0x8B, 0x2E, 0xCB, 0x2A, 0xAB, 0xA8, 0x28, 0xC8, 0xFD, 0x6C, 0xC7, 0x13,
    0x88, 0xA5, 0x2F, 0xAA, 0xC8, 0xD2, 0x65, 0x91, 0x54, 0x74, 0x38, 0xE5, 0xAD, 0x2E, 0xF0, 0x5E,
    0xD0, 0xF1, 0x1A, 0xA6, 0x5B, 0xE0, 0xE4, 0x82, 0xE9, 0xBC, 0x60, 0xFA, 0x5A, 0x31, 0x3D, 0xAC,
    0xB0, 0x5D, 0x66, 0x1F, 0x15, 0x65, 0x35, 0x49, 0x56, 0x9B, 0x44, 0xD5, 0x09, 0xA5, 0x9F, 0x91,
    0x55, 0xE8, 0x67, 0x33, 0xDA, 0xB3, 0x82, 0x13, 0x7C, 0x66, 0x67, 0xED, 0xFB, 0x62, 0xA3, 0x2A,
    0x6E, 0x96, 0xC5, 0xC4, 0x8E, 0x3D, 0x45, 0xD2, 0x5E, 0xB1, 0x6F, 0xF3, 0x3C, 0x15, 0x1E, 0x78,
    0x03, 0x58, 0xE0, 0x0A, 0x43, 0x4D, 0x86, 0x66, 0x4B, 0xA1, 0x4B, 0x90, 0x09, 0x3D, 0x9F, 0x88,
    0x3E, 0x40, 0x01, 0xB0, 0x23, 0x2C, 0x5E, 0x5F, 0x5F, 0x68, 0x6A, 0x1A, 0x64, 0x38, 0x0A, 0x13,
    0xF9, 0xF7, 0x3F, 0x46, 0x15, 0xA1, 0x59, 0x96, 0x61, 0x08, 0x5B, 0x15, 0x7E, 0xA2, 0xC0, 0xC8,
    0x9C, 0x27, 0x3C, 0x1F, 0x82, 0xEB, 0x8A, 0x7B, 0xA4, 0x9B, 0x4A, 0x4F, 0xF4, 0xB1, 0xD2, 0x3D,
    0xA9, 0xD5, 0x61, 0xE5, 0x74, 0x33, 0x63, 0xFB, 0x3A, 0xCA, 0x90, 0xCC, 0x39, 0xB2, 0x40, 0x07,
    0x80, 0xE1, 0x08, 0x03, 0x00, 0x83, 0x3F, 0xE2, 0x0B, 0xB6, 0x0B, 0xAC, 0x22, 0x6D, 0x04, 0x45,
    0x35, 0x49, 0xEB, 0x60, 0x18, 0x37, 0x22, 0x97, 0x2B, 0x6C, 0x44, 0x7D, 0x5F, 0x26, 0xDF, 0x55,
    0x0C, 0x74, 0xF3, 0x93, 0x92, 0xA6, 0xD0, 0xFF, 0xD5, 0x9F, 0x9E, 0x16, 0xFB, 0x2E, 0x02, 0x07,
    0x7B, 0x96, 0xEF, 0xB8, 0x21, 0x64, 0x5E, 0x2C, 0x4C, 0x64, 0xBA, 0x13, 0xBF, 0x33, 0x13, 0x15,
    0x56, 0xF9, 0x67, 0xD1, 0x11, 0x06, 0x45, 0xFE, 0x4A, 0x3A, 0x70, 0x62, 0x51, 0xDF, 0x92, 0xF1,
    0x9C, 0x78, 0x34, 0xF7, 0xD9, 0xB5, 0x22, 0x2C, 0x81, 0x0A, 0x38, 0x71, 0x58, 0x60, 0xDA, 0x83,
    0x55, 0xD2, 0x71, 0x08, 0x66, 0x3C, 0xE0, 0x12, 0xB7, 0xFC, 0x9B, 0xA0, 0x52, 0x85, 0x7E, 0x64,
    0xD1, 0x03, 0x4B, 0xCE, 0x13, 0x0E, 0x2A, 0xE0, 0x52, 0x7B, 0xDC, 0x6A, 0xEC, 0xEF, 0xE4, 0xB5,
    0xD4, 0x96, 0x69, 0xEC, 0x57, 0x0C, 0x19, 0x76, 0x86, 0x0D, 0x0D, 0xF5, 0x56, 0xB7, 0xC8, 0x40,
    0x01, 0x2E, 0x00, 0x00, 0x1F, 0x80, 0x23, 0xE0, 0xD0, 0x14, 0x5C, 0xD4, 0x90, 0xF8, 0x34, 0x29,
    0x05, 0xC9, 0x29, 0x1C, 0x10, 0x70, 0x00, 0x5E, 0x61, 0xFB, 0xF6, 0x46, 0x4C, 0x83, 0xBD, 0xAE,
    0x6E, 0x69, 0xD8, 0xC7, 0x86, 0x7B, 0x4B, 0x2C, 0x06, 0x90, 0x01, 0xEC, 0x5D, 0x43, 0xFB, 0x86,
    0xF6, 0x79, 0x47, 0xA4, 0x97, 0x56, 0x57, 0x2F, 0xAD, 0xB4, 0x7F, 0xB6, 0x12, 0xB5, 0x4D, 0x15,
    0x05, 0x0E, 0x18, 0x28, 0xE2, 0x2D, 0xF6, 0x7F, 0x06, 0x23, 0x07, 0x30, 0xB2, 0x98, 0xE7, 0x16,
    0x60, 0x4D, 0x69, 0xFA, 0xFF, 0x02, 0xC4, 0xDA, 0x02, 0x34, 0x8D, 0x1C, 0x60, 0x28, 0xB0, 0x95,
    0x65, 0xD4, 0xA3, 0xA5, 0xC8, 0x01, 0xCC, 0x37, 0xAB, 0xC0, 0x56, 0xAC, 0xD1, 0x01, 0xAC, 0xDF,
    0xEF, 0xFA, 0x0F, 0x63, 0xD0, 0x7F, 0xC0, 0xF8, 0xFF, 0x0F, 0xF3, 0x97, 0xBF, 0xFC, 0x17, 0xF6,
    0xCA, 0x1F, 0xD8, 0xAB, 0xEF, 0xB0, 0xD7, 0x9E, 0xE1, 0x8F, 0x3D, 0xE3, 0x1F, 0x7B, 0xE6, 0x2F,
    0xF6, 0xDE, 0x0F, 0xE4, 0xFF, 0x37, 0xB0, 0xFF, 0x65, 0x60, 0xE0, 0xFF, 0x00, 0x54, 0xC6, 0xB0,
    0xFF, 0x02, 0xE3, 0xFB, 0x03, 0xEC, 0xF3, 0x0F, 0xF0, 0xE9, 0x37, 0xD8, 0xD8, 0x3B, 0xD4, 0xFF,
    0xFF, 0xB1, 0xFF, 0xFF, 0x07, 0x86, 0x7D, 0x0C, 0x0C, 0x7F, 0x19, 0xF8, 0xFF, 0x3B, 0x00, 0x00,
    0x65, 0x95, 0x01, 0x84, 0x1D, 0x57, 0x17, 0xC7, 0x7F, 0x6F, 0xEE, 0x97, 0x6F, 0x30, 0xBC, 0x5B,
    0x40, 0x49, 0x9B, 0x01, 0x80, 0x7D, 0x9D, 0x02, 0x16, 0xAF, 0xB9, 0x43, 0x50, 0x04, 0x0B, 0x40,
    0xA1, 0x00, 0x80, 0x40, 0xB1, 0xD0, 0xCC, 0x24, 0x8B, 0x20, 0x68, 0x29, 0x00, 0x0A, 0x00, 0xA5,
    0xC1, 0xAA, 0x60, 0x99, 0xBB, 0x09, 0x82, 0xA0, 0xA3, 0x45, 0x01, 0x2E, 0x0D, 0x50, 0xEC, 0x8D,
    0x4E, 0x64, 0x9A, 0xDC, 0x99, 0xD3, 0x9C, 0x6B, 0x57, 0xA5, 0x7D, 0xF8, 0x1D, 0x73, 0xEE, 0x39,
    0xFF, 0xF7, 0x3F, 0xC7, 0x8C, 0x0B, 0x54, 0x16, 0x60, 0xBB, 0x53, 0x1E, 0xEC, 0x35, 0x21, 0x13,
    0x30, 0x48, 0x02, 0x23, 0x7F, 0x24, 0xB0, 0x7F, 0x3E, 0x4D, 0xE0, 0x9E, 0xDF, 0x7E, 0x04, 0xC3,
    0xD1, 0x16, 0x36, 0xB2, 0x3B, 0x80, 0x62, 0xDD, 0x1F, 0x82, 0x49, 0xA7, 0x11, 0xCA, 0xF4, 0x32,
    0x40, 0xF5, 0xE6, 0x57, 0x0F, 0xF6, 0xED, 0xB3, 0x16, 0xAC, 0x58, 0xC0, 0xAE, 0x1F, 0x2B, 0xD3,
    0x5E, 0xB9, 0x9C, 0xFE, 0x4F, 0xD5, 0x5F, 0x9D, 0xA9, 0xB0, 0x4C, 0x99, 0x3D, 0x94, 0x3F, 0xCE,
    0x80, 0xDD, 0x02, 0xDC, 0x38, 0x50, 0xAA, 0x2E, 0x50, 0x8A, 0x48, 0xC0, 0x64, 0x32, 0x88, 0x8C,
    0x30, 0x78, 0xE3, 0x41, 0xFA, 0xCC, 0x16, 0x28, 0x04, 0x60, 0xC8, 0x72, 0x22, 0x92, 0xAD, 0x00,
    0xD8, 0x19, 0x72, 0xAB, 0xA7, 0xCC, 0xC4, 0x45, 0x00, 0x17, 0x94, 0xDD, 0x08, 0x2A, 0xA6, 0x14,
    0xE5, 0x75, 0xED, 0xC7, 0xC9, 0x0C, 0xC0, 0x9D, 0x35, 0xF7, 0x7A, 0xAC, 0x2A, 0x36, 0x4B, 0x31,
    0x69, 0xF7, 0x63, 0x6D, 0x3E, 0x36, 0x22, 0x49, 0x25, 0x67, 0x68, 0x02, 0x50, 0x47, 0xC0, 0x46,
    0xB4, 0x36, 0x50, 0x67, 0x97, 0x75, 0x0F, 0xDC, 0x04, 0x98, 0xB2, 0x45, 0x11, 0x3D, 0x5D, 0x71,
    0x22, 0x49, 0x31, 0x6B, 0xB5, 0xEF, 0x54, 0xC7, 0xD7, 0x23, 0x46, 0x46, 0xDB, 0x66, 0xEA, 0x32,
    0x42, 0x0D, 0xD5, 0x9D, 0xB0, 0xCB, 0x7D, 0x12, 0x8C, 0x72, 0xE4, 0x13, 0x1B, 0x1F, 0xC3, 0x67,
    0x36, 0x4E, 0xB0, 0xB7, 0x31, 0x62, 0x35, 0xDF, 0xD6, 0x4A, 0x88, 0xD5, 0xEB, 0x91, 0x4D, 0xAC,
    0xC4, 0x53, 0x84, 0x52, 0x7A, 0xCC, 0x58, 0x4A, 0x8B, 0xF1, 0xA5, 0x40, 0x1D, 0x8C, 0x80, 0xCC,
    0x66, 0xC9, 0x3B, 0x8D, 0x64, 0x4F, 0x09, 0x60, 0x93, 0x03, 0x66, 0x5A, 0x72, 0x88, 0x67, 0x5B,
    0x2D, 0x09, 0xE9, 0x23, 0xA0, 0x1A, 0x53, 0xF7, 0x60, 0xC6, 0x3E, 0x79, 0x23, 0x5F, 0x4E, 0xD8,
    0x87, 0xAF, 0xE5, 0xE6, 0xA7, 0x34, 0xF2, 0x4B, 0xDC, 0x7F, 0x80, 0x93, 0x93, 0xF8, 0x35, 0xB8,
    0xA5, 0x0C, 0x77, 0xE1, 0x2E, 0x95, 0x77, 0x2D, 0x67, 0x58, 0xDF, 0xF4, 0x24, 0x6C, 0x6F, 0xFD,
    0x66, 0xA6, 0x6E, 0xAD, 0x2F, 0x26, 0x1A, 0x63, 0x7B, 0x13, 0x71, 0xDF, 0xD5, 0x6D, 0x35, 0xE3,
    0x7E, 0x5B, 0x71, 0x89, 0xFA, 0xE1, 0x0C, 0x92, 0x9A, 0xA7, 0x02, 0x5D, 0x70, 0xE7, 0x33, 0x38,
    0x3F, 0xDC, 0x8B, 0x1A, 0xE4, 0xFE, 0x08, 0xEE, 0xBE, 0xDC, 0xF2, 0xD0, 0xDD, 0x92, 0xDB, 0x3D,
    0x95, 0x4E, 0x99, 0x47, 0xD6, 0x80, 0xEC, 0x86, 0x1D, 0xB0, 0xEE, 0x65, 0x0F, 0x9B, 0xE5, 0x78,
    0x3D, 0x06, 0xA7, 0x67, 0x9E, 0x4E, 0x43, 0x8F, 0x91, 0xF3, 0x35, 0x80, 0x91, 0x7B, 0xE2, 0x35,
    0x14, 0x1A, 0xCA, 0xB5, 0x90, 0x16, 0xAA, 0x54, 0x08, 0x1A, 0xCC, 0x0A, 0xD8, 0xC9, 0x24, 0x00,
    0xE0, 0x8B, 0x98, 0x37, 0x92, 0x29, 0x01, 0xC0, 0x8D, 0x0A, 0x59, 0x81, 0x4E, 0x72, 0x99, 0x0A,
    0xD4, 0x41, 0x00, 0x79, 0xB5, 0x42, 0x29, 0xEB, 0x02, 0x76, 0xA9, 0x12, 0xB8, 0x58, 0xCE, 0x30,
    0x8C, 0xD5, 0x04, 0xD2, 0xDB, 0xC8, 0x46, 0x68, 0x02, 0x66, 0xA5, 0x1B, 0x31, 0x0B, 0x17, 0x1E,
    0x93, 0x4C, 0xD7, 0xBF, 0xE3, 0xD6, 0x7D, 0xDE, 0x1A, 0x39, 0x1B, 0x56, 0x0A, 0x89, 0x32, 0xC1,
    0xD0, 0x0F, 0x2D, 0xFF, 0xFD, 0xB9, 0xCB, 0x99, 0x94, 0xB0, 0x19, 0xFE, 0x02, 0x1A, 0x9D, 0x8F,
    0x9C, 0x32, 0xD2, 0x76, 0x1E, 0x9B, 0xF8, 0x3F, 0x34, 0x11, 0xF2, 0x4B, 0x96, 0xB9, 0xA0, 0x9A,
    0x00, 0x92, 0x29, 0x2D, 0x59, 0x2D, 0x42, 0x97, 0x89, 0xC0, 0x3F, 0xEC, 0xCD, 0xA8, 0xCE, 0x9B,
    0x90, 0x8B, 0x42, 0x96, 0xE8, 0xAF, 0xFE, 0xB0, 0x92, 0xD5, 0x4A, 0x4B, 0x29, 0x73, 0xA9, 0x8F,
    0xE2, 0xB5, 0x58, 0x27, 0xD4, 0x0A, 0x69, 0x6F, 0x02, 0x85, 0x30, 0x03, 0x66, 0x2D, 0xA2, 0x86,
    0xA5, 0xF2, 0x40, 0x99, 0x6A, 0xB4, 0x42, 0x44, 0xB4, 0x22, 0x07, 0xEA, 0x49, 0x5A, 0xD4, 0xAD,
    0xEA, 0xE3, 0xC2, 0xE0, 0x35, 0x8C, 0x9D, 0x86, 0xC1, 0xBB, 0xAC, 0xEC, 0x5D, 0xC8, 0x96, 0x75,
    0xA4, 0xEB, 0x32, 0xD6, 0x33, 0x38, 0x89, 0x76, 0xE5, 0xCA, 0x57, 0x25, 0x32, 0x65, 0xE5, 0xA4,
    0xC2, 0x66, 0x81, 0x41, 0x34, 0x95, 0x5F, 0x0F, 0xCA, 0x54, 0x2C, 0x60, 0x67, 0x93, 0x30, 0x9A,
    0xF1, 0xA5, 0xB2, 0xC7, 0xC5, 0x2E, 0xCF, 0x27, 0x3E, 0x2F, 0x01, 0xED, 0x7A, 0x01, 0x88, 0x47,
    0xD9, 0xA3, 0x92, 0x00, 0x26, 0xB3, 0x91, 0x6F, 0x01, 0x15, 0x04, 0x20, 0xE8, 0xF1, 0x08, 0x14,
    0xD9, 0xEA, 0x9A, 0x5D, 0x8C, 0x74, 0x17, 0x5D, 0xD8, 0xC8, 0x91, 0x1D, 0xCD, 0x72, 0x63, 0xD3,
    0xDA, 0x79, 0x07, 0x75, 0xDC, 0xEB, 0x64, 0x87, 0x3A, 0xD7, 0x29, 0x74, 0x3E, 0xEA, 0x68, 0x22,
    0xC8, 0xBD, 0x8B, 0x19, 0x39, 0xF9, 0x39, 0xBE, 0xC3, 0xF7, 0x01, 0x79, 0xD0, 0x8D, 0x0C, 0xCF,
    0x9D, 0x57, 0x91, 0x31, 0x2F, 0x5E, 0xE7, 0x6B, 0xD9, 0x64, 0x5B, 0x7B, 0x80, 0x63, 0xC5, 0xA9,
    0x02, 0x22, 0x14, 0x23, 0x95, 0xF4, 0x0C, 0x32, 0x9A, 0xA5, 0x09, 0x55, 0x74, 0xA1, 0x1E, 0x7F,
    0xEA, 0xDD, 0x79, 0xA0, 0x3B, 0xF1, 0x0C, 0x0F, 0x5B, 0x86, 0x23, 0x18, 0x7E, 0x28, 0x18, 0xE6,
    0x8A, 0x21, 0xEE, 0x70, 0x92, 0x68, 0x24, 0x62, 0xD7, 0x96, 0x2D, 0x70, 0x00, 0x1C, 0x42, 0xDE,
    0x4C, 0x54, 0xE8, 0x4A, 0x7A, 0xA0, 0x19, 0xB1, 0xBA, 0xA6, 0x5A, 0xD4, 0x02, 0xCE, 0x5F, 0xEE,
    0xA4, 0x14, 0xE8, 0xF2, 0x2B, 0x2A, 0xFD, 0xD5, 0x3A, 0xEA, 0x09, 0xB0, 0x19, 0xF3, 0x7B, 0xA8,
    0x92, 0x42, 0xFB, 0x0B, 0x01, 0xAC, 0x24, 0xA8, 0x74, 0x9A, 0xFC, 0x68, 0x32, 0xD6, 0xEB, 0x50,
    0xAE, 0x8B, 0x1E, 0x8C, 0x50, 0x2F, 0xB0, 0x91, 0xE9, 0x43, 0x4A, 0x79, 0x39, 0x71, 0xCD, 0x69,
    0xCE, 0x69, 0x2E, 0x1F, 0x8A, 0x87, 0x9D, 0xB4, 0xD7, 0xF2, 0xA7, 0xA4, 0x22, 0x77, 0xD5, 0xF8,
    0x42, 0x23, 0x92, 0x10, 0x91, 0x99, 0x3C, 0xCE, 0xD5, 0x8E, 0xB2, 0x37, 0xCD, 0x0D, 0x02, 0xE6,
    0xAD, 0xF4, 0x54, 0xBF, 0x7F, 0xE3, 0xA9, 0x9F, 0x1D, 0x79, 0xDC, 0x6D, 0xEB, 0xE9, 0x6C, 0xED,
    0x59, 0xB7, 0xB5, 0xDF, 0xA4, 0x5D, 0xE3, 0x4D, 0xDA, 0x3B, 0x5F, 0xCE, 0x87, 0xCE, 0x57, 0xF1,
    0x2B, 0xD7, 0xDB, 0xF8, 0xA8, 0xEB, 0xEB, 0x10, 0x87, 0xD6, 0xF9, 0x20, 0xB8, 0x27, 0xA3, 0x30,
    0x9C, 0x9C, 0x0B, 0x94, 0x22, 0xEB, 0xD5, 0x65, 0x42, 0x77, 0x79, 0x0F, 0x75, 0x23, 0x48, 0xEF,
    0x46, 0xFD, 0x06, 0x9C, 0x57, 0x73, 0xD2, 0x23, 0x5A, 0xA9, 0x7C, 0x71, 0xB9, 0x0C, 0xEC, 0xFB,
    0xB7, 0x51, 0xA4, 0xBC, 0x5C, 0x7A, 0x00, 0x70, 0xFF, 0xBE, 0x87, 0xAA, 0xCB, 0x7B, 0x28, 0x01,
    0x7F, 0x03, 0x6D, 0x8F, 0x01, 0x66, 0x04, 0x31, 0x18, 0x85, 0xDF, 0x64, 0x10, 0x0C, 0x72, 0x80,
    0x45, 0x8E, 0x90, 0x0B, 0x54, 0x93, 0x1B, 0x0D, 0x40, 0xD1, 0x76, 0x73, 0xB0, 0xD6, 0xFE, 0x47,
    0xD8, 0x23, 0x04, 0x3D, 0xC0, 0x60, 0x90, 0xA5, 0xBB, 0xAF, 0xFB, 0x10, 0xCB, 0x6A, 0x8C, 0x8F,
    0xC9, 0x9F, 0xF7, 0xFE, 0xF7, 0x12, 0x69, 0x99, 0xAC, 0x99, 0x2C, 0x00, 0xB0, 0x98, 0x98, 0x04,
    0x7C, 0x09, 0xD3, 0x2E, 0xFA, 0xB3, 0x18, 0x8B, 0xF8, 0x2A, 0xA0, 0x0B, 0x73, 0x13, 0x43, 0x15,
    0xF3, 0x43, 0xE3, 0xB6, 0x67, 0xAB, 0x8F, 0x67, 0x2B, 0x69, 0x86, 0x95, 0xEF, 0x88, 0x44, 0x56,
    0x08, 0x1B, 0x5F, 0x8D, 0xD4, 0x3D, 0x72, 0x79, 0x07, 0xDB, 0xAF, 0x23, 0xF7, 0xB9, 0x71, 0xF3,
    0x96, 0x24, 0x84, 0xDB, 0x67, 0x0B, 0x5C, 0x2C, 0x29, 0x7A, 0x20, 0x5E, 0x26, 0xE5, 0xC1, 0xB7,
    0x26, 0x80, 0x6F, 0x8E, 0xEC, 0xB3, 0x34, 0xE4, 0x06, 0xC5, 0x89, 0x15, 0x91, 0xB4, 0x51, 0x77,
    0x39, 0x03, 0xA9, 0x00, 0x9F, 0x78, 0x1C, 0x67, 0xC0, 0x74, 0xBA, 0x63, 0x65, 0xC5, 0x81, 0x3F,
    0x98, 0x78, 0x01, 0xDC, 0x55, 0x3D, 0x6F, 0x45, 0xB3, 0x8B, 0xC2, 0xDE, 0x07, 0xC0, 0xDA, 0x47,
    0x1F, 0x35, 0x27, 0x37, 0xA1, 0xE1, 0x48, 0xAA, 0x9D, 0xCE, 0x9B, 0x70, 0xD2, 0xDF, 0xF1, 0x26,
    0x73, 0xEA, 0xF1, 0x81, 0xBA, 0x15, 0xD6, 0x2B, 0xA0, 0x1D, 0x5E, 0x3B, 0x82, 0x5E, 0x84, 0x02,
    0xFC, 0xEB, 0xF7, 0x07, 0x7D, 0x93, 0x0D, 0x6A, 0x9F, 0x40, 0x1C, 0x44, 0x47, 0xA5, 0xB5, 0x20,
    0xB0, 0x7C, 0x13, 0x08, 0x60, 0x6F, 0xB0, 0x17, 0x28, 0xD5, 0xA3, 0xF4, 0x26, 0x0A, 0xBD, 0x56,
    0x82, 0x7B, 0x04, 0x8F, 0x20, 0x90, 0x03, 0x2C, 0x20, 0x74, 0xFF, 0x65, 0xF5, 0x57, 0x86, 0x59,
    0x6B, 0x03, 0x34, 0x02, 0xCE, 0x04, 0x8D, 0xCB, 0xBC, 0xBC, 0x00, 0xBC, 0x9E, 0x4F, 0xDE, 0xAB,
    0xE5, 0x61, 0x16, 0x00, 0x38, 0xB3, 0xDD, 0xB3, 0x0C, 0xF3, 0xB2, 0x3A, 0x16, 0xC3, 0x10, 0x3E,
    0x03, 0xA8, 0x0F, 0x4C, 0x33, 0x00, 0x34, 0x19, 0x36, 0x32, 0x8D, 0xD7, 0xBF, 0x05, 0x6E, 0xAF,
    0x4E, 0xA8, 0xD4, 0xA5, 0xC4, 0xE6, 0x60, 0xA2, 0x8F, 0x4D, 0x56, 0xD9, 0x4A, 0xF1, 0x5B, 0x9B,
    0x98, 0x18, 0xD6, 0xAB, 0x84, 0x6E, 0x2F, 0xC5, 0x45, 0x26, 0xA6, 0xBF, 0x65, 0x76, 0x1B, 0x13,
    0xCB, 0xD8, 0xAF, 0x2A, 0xE8, 0x03, 0x13, 0x06, 0xAF, 0x72, 0x62, 0x98, 0x99, 0x38, 0x30, 0x30,
    0x50, 0x65, 0x7C, 0x67, 0x3E, 0xD5, 0x09, 0xAF, 0x2C, 0x2F, 0x4D, 0x46, 0x62, 0x39, 0xDD, 0xD9,
    0x46, 0x96, 0xC5, 0x26, 0x9B, 0x59, 0xFC, 0x5B, 0xF7, 0x60, 0x0A, 0x0A, 0x07, 0xA2, 0x32, 0xE3,
    0x99, 0xDD, 0xDE, 0x47, 0xBE, 0x10, 0x5A, 0xC6, 0x34, 0xD7, 0x7C, 0xC6, 0x17, 0x18, 0xBA, 0x9B,
    0x59, 0x54, 0x6C, 0x40, 0x73, 0x60, 0x5A, 0x41, 0x4C, 0x4B, 0x00, 0x83, 0x07, 0xB4, 0xB9, 0xE2,
    0xAF, 0xB4, 0xA9, 0x36, 0xF0, 0x93, 0xCD, 0x09, 0xC2, 0x69, 0x0F, 0x30, 0xBA, 0x0C, 0x86, 0x4B,
    0x20, 0x1F, 0xB7, 0xFF, 0x00, 0xFC, 0xEA, 0x7F, 0x45, 0x9E, 0x3A, 0xD8, 0x4C, 0x20, 0xC3, 0x41,
    0x2E, 0xB3, 0x5F, 0x19, 0x10, 0x13, 0xDE, 0x3E, 0x69, 0x99, 0x47, 0x66, 0x0C, 0x55, 0x04, 0xE3,
    0xE7, 0xCA, 0xF0, 0x36, 0x32, 0xBA, 0x74, 0x0F, 0x3B, 0x9F, 0xA1, 0x65, 0x27, 0x34, 0xED, 0x60,
    0xFA, 0xD0, 0x65, 0x51, 0x56, 0xDA, 0xE8, 0x92, 0xE6, 0xB9, 0x9D, 0x61, 0xB9, 0x8F, 0x4A, 0xBF,
    0x01, 0x5C, 0x38, 0xAC, 0x32, 0x61, 0x0A, 0xCA, 0x85, 0xD9, 0x72, 0x2B, 0x33, 0xC1, 0xF4, 0xF9,
    0xCA, 0x24, 0x81, 0x6C, 0x90, 0x0C, 0xCC, 0x36, 0x4B, 0x85, 0x2E, 0x3F, 0x31, 0x57, 0xF7, 0xE0,
    0x79, 0x3E, 0x38, 0xDB, 0xF4, 0xE7, 0xB7, 0x91, 0x39, 0x77, 0x6F, 0x60, 0xE2, 0x1E, 0xAC, 0xC5,
    0xF7, 0x64, 0x3E, 0x8D, 0xB8, 0x47, 0x6B, 0xF5, 0xBB, 0xD9, 0xFA, 0xC9, 0x66, 0xD0, 0xF3, 0xB4,
    0x58, 0x2C, 0x9E, 0xBB, 0xBD, 0x78, 0xDE, 0xC4, 0xE2, 0x79, 0xBD, 0xFE, 0xD7, 0x73, 0xDB, 0xAF,
    0x12, 0x8B, 0xE7, 0xC3, 0x56, 0x3C, 0x9F, 0x56, 0x4D, 0x23, 0x04, 0x79, 0x6E, 0xB3, 0x3C, 0xAF,
    0x6C, 0x94, 0xE7, 0xB5, 0x15, 0xCF, 0x9B, 0xB3, 0x78, 0xDE, 0x1C, 0xC5, 0xF3, 0x2E, 0x17, 0xCF,
    0x5D, 0xFA, 0x2A, 0xCF, 0xDD, 0xEF, 0x28, 0xCF, 0x7B, 0x0B, 0xF2, 0xDC, 0x9F, 0xC5, 0xF3, 0x7E,
    0x93, 0xDE, 0xF2, 0x3C, 0x5F, 0x9E, 0x27, 0x79, 0xFE, 0xED, 0xF2, 0xFC, 0xF5, 0xF2, 0xDC, 0x9C,
    0x7D, 0xE4, 0x39, 0x85, 0x68, 0xC7, 0xEB, 0xFF, 0xDF, 0x50, 0xC0, 0x74, 0x6C, 0x98, 0x48, 0xE6,
    0x40, 0x41, 0xD3, 0x64, 0x14, 0x36, 0x6D, 0x16, 0x1C, 0x4A, 0x52, 0xE8, 0x1C, 0x44, 0xA9, 0x46,
    0x51, 0xC4, 0x87, 0xAA, 0x08, 0x10, 0x65, 0x11, 0xA1, 0x21, 0x40, 0x88, 0xC8, 0x4A, 0x8C, 0x08,
    0x4B, 0x90, 0x84, 0x9B, 0x94, 0xA8, 0x8D, 0x30, 0xD5, 0xA7, 0x9A, 0xD4, 0x11, 0xA8, 0x36, 0x7F,
    0x81, 0x48, 0x75, 0xC7, 0x0B, 0x84, 0xCA, 0x59, 0x84, 0x58, 0x39, 0x9B, 0x0B, 0xAC, 0x36, 0xE1,
    0xA6, 0x75, 0xE3, 0xBA, 0x79, 0xDD, 0xC0, 0x6E, 0x62, 0x17, 0xB2, 0xC2, 0x2C, 0xE0, 0x3D, 0xB4,
    0x3F,
};

static const EpdGlyph libron_14_bolditalicGlyphs[] = {
    { 0, 0, 108, 0, 0, 0, 0 }, // U+0020
    { 11, 20, 145, 0, 20, 55, 0 }, // !
    { 12, 8, 199, 3, 20, 24, 55 }, // "
    { 19, 20, 305, 1, 20, 95, 79 }, // #
    { 18, 26, 268, 0, 23, 117, 174 }, // $
    { 23, 21, 415, 2, 21, 121, 291 }, // %
    { 24, 20, 356, 0, 20, 120, 412 }, // &
    { 6, 8, 107, 3, 20, 12, 532 }, // '
    { 12, 26, 154, 1, 22, 78, 544 }, // (
    { 12, 26, 154, -2, 22, 78, 622 }, // )
    { 10, 11, 207, 4, 21, 28, 700 }, // *
    { 13, 13, 255, 1, 14, 43, 728 }, // +
    { 9, 11, 127, -3, 5, 25, 771 }, // ,
    { 9, 3, 179, 1, 9, 7, 796 }, // -
    { 6, 5, 127, 0, 5, 8, 803 }, // .
    { 18, 20, 201, -2, 20, 90, 811 }, // /
    { 19, 20, 317, 1, 20, 95, 901 }, // 0
    { 14, 20, 218, 0, 20, 70, 996 }, // 1
    { 17, 20, 291, 0, 20, 85, 1066 }, // 2
    { 17, 20, 271, 0, 20, 85, 1151 }, // 3
    { 19, 20, 299, 0, 20, 95, 1236 }, // 4
    { 19, 20, 252, -1, 20, 95, 1331 }, // 5
    { 17, 22, 282, 1, 22, 94, 1426 }, // 6
    { 18, 20, 262, 2, 20, 90, 1520 }, // 7
    { 18, 20, 285, 0, 20, 90, 1610 }, // 8
    { 17, 22, 281, 1, 20, 94, 1700 }, // 9
    { 9, 15, 140, 0, 15, 34, 1794 }, // :
    { 11, 20, 140, -2, 14, 55, 1828 }, // ;
    { 15, 15, 255, 1, 15, 57, 1883 }, // <
    { 14, 9, 255, 1, 12, 32, 1940 }, // =
    { 16, 15, 255, -1, 15, 60, 1972 }, // >
    { 15, 20, 273, 3, 20, 75, 2032 }, // ?
    { 26, 25, 424, 1, 20, 163, 2107 }, // @
    { 24, 20, 364, -2, 20, 120, 2270 }, // A
    { 22, 20, 337, -1, 20, 110, 2390 }, // B
    { 20, 20, 336, 2, 20, 100, 2500 }, // C
    { 24, 20, 364, -1, 20, 120, 2600 }, // D
    { 23, 20, 329, -1, 20, 115, 2720 }, // E
    { 23, 20, 304, -1, 20, 115, 2835 }, // F
    { 21, 20, 349, 2, 20, 105, 2950 }, // G
    { 28, 20, 394, -1, 20, 140, 3055 }, // H
    { 16, 20, 191, -1, 20, 80, 3195 }, // I
    { 21, 20, 248, -2, 20, 105, 3275 }, // J
    { 27, 20, 370, -1, 20, 135, 3380 }, // K
    { 19, 20, 301, -1, 20, 95, 3515 }, // L
    { 34, 20, 482, -2, 20, 170, 3610 }, // M
    { 27, 20, 370, -1, 20, 135, 3780 }, // N
    { 21, 20, 371, 2, 20, 105, 3915 }, // O
    { 22, 20, 316, -1, 20, 110, 4020 }, // P
    { 21, 28, 370, 2, 20, 147, 4130 }, // Q
    { 23, 20, 350, -1, 20, 115, 4277 }, // R
    { 18, 20, 288, 1, 20, 90, 4392 }, // S
    { 22, 20, 338, 3, 20, 110, 4482 }, // T
    { 24, 20, 364, 2, 20, 120, 4592 }, // U
    { 23, 20, 351, 3, 20, 115, 4712 }, // V
    { 31, 20, 490, 3, 20, 155, 4827 }, // W
    { 28, 20, 364, -2, 20, 140, 4982 }, // X
    { 22, 20, 346, 3, 20, 110, 5122 }, // Y
    { 22, 20, 309, -1, 20, 110, 5232 }, // Z
    { 15, 24, 170, -1, 21, 90, 5342 }, // [
    { 6, 20, 191, 4, 20, 30, 5432 }, // <backslash>
    { 15, 24, 170, -3, 21, 90, 5462 }, // ]
    { 13, 11, 255, 2, 20, 36, 5552 }, // ^
    { 13, 3, 175, -4, -2, 10, 5588 }, // _
    { 6, 5, 222, 5, 21, 8, 5598 }, // `
    { 19, 16, 306, 0, 16, 76, 5606 }, // a
    { 16, 23, 276, 1, 23, 92, 5682 }, // b
    { 15, 16, 239, 0, 16, 60, 5774 }, // c
    { 21, 23, 306, 0, 23, 121, 5834 }, // d
    { 16, 16, 247, 0, 16, 64, 5955 }, // e
    { 24, 31, 197, -5, 23, 186, 6019 }, // f
    { 22, 24, 261, -3, 16, 132, 6205 }, // g
    { 19, 23, 305, 0, 23, 110, 6337 }, // h
    { 13, 23, 182, 0, 23, 75, 6447 }, // i
    { 19, 31, 166, -6, 23, 148, 6522 }, // j
    { 19, 23, 297, 0, 23, 110, 6670 }, // k
    { 12, 23, 168, 0, 23, 69, 6780 }, // l
    { 29, 16, 458, 0, 16, 116, 6849 }, // m
    { 20, 16, 328, 0, 16, 80, 6965 }, // n
    { 16, 16, 271, 0, 16, 64, 7045 }, // o
    { 21, 24, 306, -2, 16, 126, 7109 }, // p
    { 17, 24, 286, 0, 16, 102, 7235 }, // q
    { 18, 17, 254, 0, 17, 77, 7337 }, // r
    { 14, 16, 224, 0, 16, 56, 7414 }, // s
    { 13, 20, 204, 1, 20, 65, 7470 }, // t
    { 20, 16, 318, 0, 16, 80, 7535 }, // u
    { 18, 16, 288, 0, 16, 72, 7615 }, // v
    { 25, 16, 411, 0, 16, 100, 7687 }, // w
    { 20, 16, 288, -1, 16, 80, 7787 }, // x
    { 19, 24, 278, -1, 16, 114, 7867 }, // y
    { 16, 18, 255, 0, 17, 72, 7981 }, // z
    { 14, 26, 165, 0, 22, 91, 8053 }, // {
    { 12, 29, 130, -2, 22, 87, 8144 }, // |
    { 13, 26, 165, -2, 22, 85, 8231 }, // }
    { 14, 5, 255, 1, 10, 18, 8316 }, // ~
    { 0, 0, 108, 0, 0, 0, 0 }, // U+00A0
    { 11, 21, 140, -2, 15, 58, 0 }, // U+00A1
    { 15, 20, 250, 2, 20, 75, 58 }, // U+00A2
    { 19, 20, 296, 0, 20, 95, 133 }, // U+00A3
    { 13, 14, 239, 1, 14, 46, 228 }, // U+00A4
    { 22, 20, 346, 3, 20, 110, 274 }, // U+00A5
    { 12, 29, 130, -2, 22, 87, 384 }, // U+00A6
    { 19, 25, 287, 0, 20, 119, 471 }, // U+00A7
    { 11, 4, 222, 5, 21, 11, 590 }, // U+00A8
    { 22, 21, 387, 2, 21, 116, 601 }, // U+00A9
    { 14, 15, 242, 2, 22, 53, 717 }, // U+00AA
    { 18, 15, 272, 0, 15, 68, 770 }, // U+00AB
    { 13, 9, 255, 2, 12, 30, 838 }, // U+00AC
    { 9, 3, 179, 1, 9, 7, 868 }, // U+00AD
    { 15, 13, 273, 3, 21, 49, 875 }, // U+00AE
    { 10, 2, 222, 5, 19, 5, 924 }, // U+00AF
    { 10, 9, 172, 3, 21, 23, 929 }, // U+00B0
    { 15, 15, 255, 0, 15, 57, 952 }, // U+00B1
    { 10, 12, 177, 2, 21, 30, 1009 }, // U+00B2
    { 11, 12, 167, 1, 21, 33, 1039 }, // U+00B3
    { 9, 5, 222, 8, 21, 12, 1072 }, // U+00B4
    { 22, 24, 328, -2, 16, 132, 1084 }, // U+00B5
    { 19, 24, 296, 2, 20, 114, 1216 }, // U+00B6
    { 6, 5, 133, 1, 10, 8, 1330 }, // U+00B7
    { 8, 8, 222, -1, 1, 16, 1338 }, // U+00B8
    { 9, 12, 144, 2, 21, 27, 1354 }, // U+00B9
    { 15, 15, 230, 1, 22, 57, 1381 }, // U+00BA
    { 18, 15, 279, -1, 15, 68, 1438 }, // U+00BB
    { 22, 21, 403, 2, 21, 116, 1506 }, // U+00BC
    { 22, 21, 408, 2, 21, 116, 1622 }, // U+00BD
    { 23, 21, 410, 2, 21, 121, 1738 }, // U+00BE
    { 15, 21, 271, -1, 15, 79, 1859 }, // U+00BF
    { 24, 26, 364, -2, 26, 156, 1938 }, // U+00C0
    { 24, 27, 364, -2, 27, 162, 2094 }, // U+00C1
    { 24, 26, 364, -2, 26, 156, 2256 }, // U+00C2
    { 24, 27, 364, -2, 27, 162, 2412 }, // U+00C3
    { 24, 27, 364, -2, 27, 162, 2574 }, // U+00C4
    { 24, 27, 364, -2, 27, 162, 2736 }, // U+00C5
    { 36, 20, 502, -3, 20, 180, 2898 }, // U+00C6
    { 21, 29, 335, 2, 22, 153, 3078 }, // U+00C7
    { 23, 26, 329, -1, 26, 150, 3231 }, // U+00C8
    { 23, 27, 329, -1, 27, 156, 3381 }, // U+00C9
    { 23, 26, 329, -1, 26, 150, 3537 }, // U+00CA
    { 23, 27, 329, -1, 27, 156, 3687 }, // U+00CB
    { 16, 26, 191, -1, 26, 104, 3843 }, // U+00CC
    { 18, 27, 191, -1, 27, 122, 3947 }, // U+00CD
    { 16, 26, 191, -1, 26, 104, 4069 }, // U+00CE
    { 17, 27, 191, -1, 27, 115, 4173 }, // U+00CF
    { 24, 20, 364, -1, 20, 120, 4288 }, // U+00D0
    { 27, 27, 370, -1, 27, 183, 4408 }, // U+00D1
    { 21, 26, 371, 2, 26, 137, 4591 }, // U+00D2
    { 21, 27, 371, 2, 27, 142, 4728 }, // U+00D3
    { 21, 26, 371, 2, 26, 137, 4870 }, // U+00D4
    { 21, 27, 371, 2, 27, 142, 5007 }, // U+00D5
    { 21, 27, 371, 2, 27, 142, 5149 }, // U+00D6
    { 14, 12, 255, 1, 13, 42, 5291 }, // U+00D7
    { 27, 20, 375, -1, 20, 135, 5333 }, // U+00D8
    { 24, 26, 364, 2, 26, 156, 5468 }, // U+00D9
    { 24, 27, 364, 2, 27, 162, 5624 }, // U+00DA
    { 24, 26, 364, 2, 26, 156, 5786 }, // U+00DB
    { 24, 27, 364, 2, 27, 162, 5942 }, // U+00DC
    { 22, 27, 346, 3, 27, 149, 6104 }, // U+00DD
    { 21, 20, 321, -1, 20, 105, 6253 }, // U+00DE
    { 26, 31, 351, -5, 23, 202, 6358 }, // U+00DF
    { 19, 23, 306, 0, 23, 110, 6560 }, // U+00E0
    { 20, 23, 306, 0, 23, 115, 6670 }, // U+00E1
    { 19, 23, 306, 0, 23, 110, 6785 }, // U+00E2
    { 19, 23, 306, 0, 23, 110, 6895 }, // U+00E3
    { 19, 23, 306, 0, 23, 110, 7005 }, // U+00E4
    { 19, 23, 306, 0, 23, 110, 7115 }, // U+00E5
    { 26, 16, 419, 0, 16, 104, 7225 }, // U+00E6
    { 15, 24, 239, 0, 16, 90, 7329 }, // U+00E7
    { 16, 23, 247, 0, 23, 92, 7419 }, // U+00E8
    { 18, 23, 247, 0, 23, 104, 7511 }, // U+00E9
    { 16, 23, 247, 0, 23, 92, 7615 }, // U+00EA
    { 17, 23, 247, 0, 23, 98, 7707 }, // U+00EB
    { 11, 23, 182, 0, 23, 64, 7805 }, // U+00EC
    { 16, 23, 182, 0, 23, 92, 7869 }, // U+00ED
    { 14, 23, 182, 0, 23, 81, 7961 }, // U+00EE
    { 15, 23, 182, 0, 23, 87, 8042 }, // U+00EF
    { 17, 24, 272, 0, 24, 102, 8129 }, // U+00F0
    { 20, 23, 328, 0, 23, 115, 8231 }, // U+00F1
    { 16, 23, 271, 0, 23, 92, 8346 }, // U+00F2
    { 17, 23, 271, 0, 23, 98, 8438 }, // U+00F3
    { 16, 23, 271, 0, 23, 92, 8536 }, // U+00F4
    { 17, 23, 271, 0, 23, 98, 8628 }, // U+00F5
    { 17, 23, 271, 0, 23, 98, 8726 }, // U+00F6
    { 14, 14, 255, 1, 14, 49, 8824 }, // U+00F7
    { 21, 16, 280, -2, 16, 84, 8873 }, // U+00F8
    { 20, 23, 318, 0, 23, 115, 8957 }, // U+00F9
    { 20, 23, 318, 0, 23, 115, 9072 }, // U+00FA
    { 20, 23, 318, 0, 23, 115, 9187 }, // U+00FB
    { 20, 23, 318, 0, 23, 115, 9302 }, // U+00FC
    { 19, 31, 278, -1, 23, 148, 9417 }, // U+00FD
    { 21, 31, 282, -4, 23, 163, 9565 }, // U+00FE
    { 19, 31, 278, -1, 23, 148, 9728 }, // U+00FF
    { 24, 25, 364, -2, 25, 150, 0 }, // U+0100
    { 19, 21, 306, 0, 21, 100, 150 }, // U+0101
    { 24, 27, 364, -2, 27, 162, 250 }, // U+0102
    { 19, 23, 306, 0, 23, 110, 412 }, // U+0103
    { 24, 27, 364, -2, 20, 162, 522 }, // U+0104
    { 19, 24, 308, 0, 16, 114, 684 }, // U+0105
    { 20, 27, 336, 2, 27, 135, 798 }, // U+0106
    { 17, 23, 239, 0, 23, 98, 933 }, // U+0107
    { 20, 26, 336, 2, 26, 130, 1031 }, // U+0108
    { 16, 23, 239, 0, 23, 92, 1161 }, // U+0109
    { 20, 26, 336, 2, 26, 130, 1253 }, // U+010A
    { 15, 22, 239, 0, 22, 83, 1383 }, // U+010B
    { 20, 26, 336, 2, 26, 130, 1466 }, // U+010C
    { 17, 23, 239, 0, 23, 98, 1596 }, // U+010D
    { 24, 26, 364, -1, 26, 156, 1694 }, // U+010E
    { 27, 23, 319, 0, 23, 156, 1850 }, // U+010F
    { 24, 20, 364, -1, 20, 120, 2006 }, // U+0110
    { 22, 23, 306, 0, 23, 127, 2126 }, // U+0111
    { 23, 25, 329, -1, 25, 144, 2253 }, // U+0112
    { 16, 21, 247, 0, 21, 84, 2397 }, // U+0113
    { 23, 27, 329, -1, 27, 156, 2481 }, // U+0114
    { 17, 23, 247, 0, 23, 98, 2637 }, // U+0115
    { 23, 26, 329, -1, 26, 150, 2735 }, // U+0116
    { 16, 22, 247, 0, 22, 88, 2885 }, // U+0117
    { 23, 27, 329, -1, 20, 156, 2973 }, // U+0118
    { 16, 23, 247, 0, 16, 92, 3129 }, // U+0119
    { 23, 26, 329, -1, 26, 150, 3221 }, // U+011A
    { 17, 23, 247, 0, 23, 98, 3371 }, // U+011B
    { 21, 26, 349, 2, 26, 137, 3469 }, // U+011C
    { 22, 31, 261, -3, 23, 171, 3606 }, // U+011D
    { 21, 27, 349, 2, 27, 142, 3777 }, // U+011E
    { 22, 31, 261, -3, 23, 171, 3919 }, // U+011F
    { 21, 26, 349, 2, 26, 137, 4090 }, // U+0120
    { 22, 30, 261, -3, 22, 165, 4227 }, // U+0121
    { 21, 28, 349, 2, 28, 147, 4392 }, // U+0122
    { 22, 32, 261, -3, 24, 176, 4539 }, // U+0123
    { 28, 26, 394, -1, 26, 182, 4715 }, // U+0124
    { 19, 29, 305, 0, 29, 138, 4897 }, // U+0125
    { 28, 20, 395, -1, 20, 140, 5035 }, // U+0126
    { 19, 23, 306, 0, 23, 110, 5175 }, // U+0127
    { 17, 27, 191, -1, 27, 115, 5285 }, // U+0128
    { 15, 23, 182, 0, 23, 87, 5400 }, // U+0129
    { 17, 25, 191, -1, 25, 107, 5487 }, // U+012A
    { 14, 21, 182, 0, 21, 74, 5594 }, // U+012B
    { 17, 27, 191, -1, 27, 115, 5668 }, // U+012C
    { 15, 23, 182, 0, 23, 87, 5783 }, // U+012D
    { 16, 27, 191, -1, 20, 108, 5870 }, // U+012E
    { 14, 31, 183, -1, 23, 109, 5978 }, // U+012F
    { 16, 26, 191, -1, 26, 104, 6087 }, // U+0130
    { 11, 16, 182, 0, 16, 44, 6191 }, // U+0131
    { 21, 26, 248, -2, 26, 137, 6235 }, // U+0134
    { 19, 31, 166, -6, 23, 148, 6372 }, // U+0135
    { 27, 27, 370, -1, 20, 183, 6520 }, // U+0136
    { 19, 31, 297, 0, 23, 148, 6703 }, // U+0137
    { 21, 16, 320, 0, 16, 84, 6851 }, // U+0138
    { 19, 27, 301, -1, 27, 129, 6935 }, // U+0139
    { 16, 29, 168, 0, 29, 116, 7064 }, // U+013A
    { 19, 27, 301, -1, 20, 129, 7180 }, // U+013B
    { 13, 31, 168, -1, 23, 101, 7309 }, // U+013C
    { 22, 20, 304, -1, 20, 110, 7410 }, // U+013D
    { 18, 23, 177, 0, 23, 104, 7520 }, // U+013E
    { 21, 20, 304, -1, 20, 105, 7624 }, // U+013F
    { 14, 23, 196, 0, 23, 81, 7729 }, // U+0140
    { 19, 20, 307, -1, 20, 95, 7810 }, // U+0141
    { 13, 23, 200, 0, 23, 75, 7905 }, // U+0142
    { 27, 27, 370, -1, 27, 183, 7980 }, // U+0143
    { 20, 23, 328, 0, 23, 115, 8163 }, // U+0144
    { 27, 27, 370, -1, 20, 183, 8278 }, // U+0145
    { 20, 24, 328, 0, 16, 120, 8461 }, // U+0146
    { 27, 26, 370, -1, 26, 176, 8581 }, // U+0147
    { 20, 23, 328, 0, 23, 115, 8757 }, // U+0148
    { 27, 27, 368, -1, 20, 183, 8872 }, // U+014A
    { 19, 24, 313, 0, 16, 114, 9055 }, // U+014B
    { 21, 25, 371, 2, 25, 132, 9169 }, // U+014C
    { 17, 21, 271, 0, 21, 90, 9301 }, // U+014D
    { 21, 27, 371, 2, 27, 142, 9391 }, // U+014E
    { 17, 23, 271, 0, 23, 98, 9533 }, // U+014F
    { 22, 26, 371, 2, 26, 143, 9631 }, // U+0150
    { 20, 23, 271, 0, 23, 115, 9774 }, // U+0151
    { 31, 20, 504, 2, 20, 155, 9889 }, // U+0152
    { 26, 16, 411, 0, 16, 104, 10044 }, // U+0153
    { 23, 27, 350, -1, 27, 156, 10148 }, // U+0154
    { 18, 23, 254, 0, 23, 104, 10304 }, // U+0155
    { 23, 27, 350, -1, 20, 156, 10408 }, // U+0156
    { 18, 25, 254, 0, 17, 113, 10564 }, // U+0157
    { 23, 26, 350, -1, 26, 150, 10677 }, // U+0158
    { 18, 23, 254, 0, 23, 104, 10827 }, // U+0159
    { 18, 27, 288, 1, 27, 122, 10931 }, // U+015A
    { 16, 23, 224, 0, 23, 92, 11053 }, // U+015B
    { 18, 26, 288, 1, 26, 117, 11145 }, // U+015C
    { 15, 23, 224, 0, 23, 87, 11262 }, // U+015D
    { 18, 29, 288, 1, 22, 131, 11349 }, // U+015E
    { 14, 24, 224, 0, 16, 84, 11480 }, // U+015F
    { 18, 26, 288, 1, 26, 117, 11564 }, // U+0160
    { 16, 23, 224, 0, 23, 92, 11681 }, // U+0161
    { 22, 27, 338, 3, 20, 149, 11773 }, // U+0162
    { 14, 28, 205, 0, 20, 98, 11922 }, // U+0163
    { 22, 26, 338, 3, 26, 143, 12020 }, // U+0164
    { 18, 24, 204, 1, 24, 108, 12163 }, // U+0165
    { 22, 21, 339, 2, 21, 116, 12271 }, // U+0166
    { 13, 20, 211, 1, 20, 65, 12387 }, // U+0167
    { 24, 27, 364, 2, 27, 162, 12452 }, // U+0168
    { 20, 23, 318, 0, 23, 115, 12614 }, // U+0169
    { 24, 25, 364, 2, 25, 150, 12729 }, // U+016A
    { 20, 21, 318, 0, 21, 105, 12879 }, // U+016B
    { 24, 27, 364, 2, 27, 162, 12984 }, // U+016C
    { 20, 23, 318, 0, 23, 115, 13146 }, // U+016D
    { 24, 27, 364, 2, 27, 162, 13261 }, // U+016E
    { 20, 23, 318, 0, 23, 115, 13423 }, // U+016F
    { 24, 26, 364, 2, 26, 156, 13538 }, // U+0170
    { 21, 23, 318, 0, 23, 121, 13694 }, // U+0171
    { 24, 27, 364, 2, 20, 162, 13815 }, // U+0172
    { 20, 24, 319, 0, 16, 120, 13977 }, // U+0173
    { 31, 26, 490, 3, 26, 202, 14097 }, // U+0174
    { 25, 23, 411, 0, 23, 144, 14299 }, // U+0175
    { 22, 26, 346, 3, 26, 143, 14443 }, // U+0176
    { 19, 31, 278, -1, 23, 148, 14586 }, // U+0177
    { 22, 27, 346, 3, 27, 149, 14734 }, // U+0178
    { 22, 27, 309, -1, 27, 149, 14883 }, // U+0179
    { 16, 24, 255, 0, 23, 96, 15032 }, // U+017A
    { 22, 26, 309, -1, 26, 143, 15128 }, // U+017B
    { 16, 23, 255, 0, 22, 92, 15271 }, // U+017C
    { 22, 26, 309, -1, 26, 143, 15363 }, // U+017D
    { 17, 24, 255, 0, 23, 102, 15506 }, // U+017E
    { 23, 25, 371, 2, 25, 144, 0 }, // U+01A0
    { 19, 21, 278, 0, 21, 100, 144 }, // U+01A1
    { 27, 25, 372, 2, 25, 169, 244 }, // U+01AF
    { 24, 21, 336, 0, 21, 126, 413 }, // U+01B0
    { 44, 26, 657, -1, 26, 286, 539 }, // U+01C4
    { 40, 22, 603, -1, 21, 220, 825 }, // U+01C5
    { 36, 24, 562, 0, 23, 216, 1045 }, // U+01C6
    { 39, 20, 557, -1, 20, 195, 1261 }, // U+01C7
    { 32, 31, 465, -1, 23, 248, 1456 }, // U+01C8
    { 23, 31, 335, 0, 23, 179, 1704 }, // U+01C9
    { 43, 20, 617, -1, 20, 215, 1883 }, // U+01CA
    { 36, 31, 525, -1, 23, 279, 2098 }, // U+01CB
    { 33, 31, 498, 0, 23, 256, 2377 }, // U+01CC
    { 24, 26, 364, -2, 26, 156, 2633 }, // U+01CD
    { 20, 23, 306, 0, 23, 115, 2789 }, // U+01CE
    { 18, 26, 191, -1, 26, 117, 2904 }, // U+01CF
    { 15, 23, 182, 0, 23, 87, 3021 }, // U+01D0
    { 21, 26, 371, 2, 26, 137, 3108 }, // U+01D1
    { 18, 23, 271, 0, 23, 104, 3245 }, // U+01D2
    { 24, 26, 364, 2, 26, 156, 3349 }, // U+01D3
    { 20, 23, 318, 0, 23, 115, 3505 }, // U+01D4
    { 24, 31, 364, 2, 31, 186, 3620 }, // U+01D5
    { 20, 27, 318, 0, 27, 135, 3806 }, // U+01D6
    { 24, 33, 364, 2, 33, 198, 3941 }, // U+01D7
    { 21, 29, 318, 0, 29, 153, 4139 }, // U+01D8
    { 24, 32, 364, 2, 32, 192, 4292 }, // U+01D9
    { 20, 29, 318, 0, 29, 145, 4484 }, // U+01DA
    { 24, 32, 364, 2, 32, 192, 4629 }, // U+01DB
    { 20, 29, 318, 0, 29, 145, 4821 }, // U+01DC
    { 24, 31, 364, -2, 31, 186, 4966 }, // U+01DE
    { 20, 27, 306, 0, 27, 135, 5152 }, // U+01DF
    { 24, 31, 364, -2, 31, 186, 5287 }, // U+01E0
    { 20, 27, 306, 0, 27, 135, 5473 }, // U+01E1
    { 36, 25, 502, -3, 25, 225, 5608 }, // U+01E2
    { 26, 21, 419, 0, 21, 137, 5833 }, // U+01E3
    { 21, 26, 349, 2, 26, 137, 5970 }, // U+01E6
    { 22, 31, 261, -3, 23, 171, 6107 }, // U+01E7
    { 27, 26, 370, -1, 26, 176, 6278 }, // U+01E8
    { 19, 29, 297, 0, 29, 138, 6454 }, // U+01E9
    { 21, 27, 371, 2, 20, 142, 6592 }, // U+01EA
    { 16, 24, 271, 0, 16, 96, 6734 }, // U+01EB
    { 21, 33, 371, 2, 25, 174, 6830 }, // U+01EC
    { 17, 29, 271, 0, 21, 124, 7004 }, // U+01ED
    { 21, 31, 166, -6, 23, 163, 7128 }, // U+01F0
    { 21, 27, 369, 2, 27, 142, 7291 }, // U+01F4
    { 22, 31, 261, -3, 23, 171, 7433 }, // U+01F5
    { 27, 26, 370, -1, 26, 176, 7604 }, // U+01F8
    { 20, 23, 328, 0, 23, 115, 7780 }, // U+01F9
    { 26, 33, 364, -2, 33, 215, 7895 }, // U+01FA
    { 22, 30, 306, 0, 30, 165, 8110 }, // U+01FB
    { 36, 27, 502, -3, 27, 243, 8275 }, // U+01FC
    { 26, 23, 419, 0, 23, 150, 8518 }, // U+01FD
    { 27, 27, 375, -1, 27, 183, 8668 }, // U+01FE
    { 21, 23, 280, -2, 23, 121, 8851 }, // U+01FF
    { 24, 26, 364, -2, 26, 156, 8972 }, // U+0200
    { 19, 23, 306, 0, 23, 110, 9128 }, // U+0201
    { 24, 27, 364, -2, 27, 162, 9238 }, // U+0202
    { 19, 23, 306, 0, 23, 110, 9400 }, // U+0203
    { 23, 26, 329, -1, 26, 150, 9510 }, // U+0204
    { 16, 23, 247, 0, 23, 92, 9660 }, // U+0205
    { 23, 27, 329, -1, 27, 156, 9752 }, // U+0206
    { 16, 23, 247, 0, 23, 92, 9908 }, // U+0207
    { 16, 26, 191, -1, 26, 104, 10000 }, // U+0208
    { 13, 23, 182, 0, 23, 75, 10104 }, // U+0209
    { 16, 27, 191, -1, 27, 108, 10179 }, // U+020A
    { 14, 23, 182, 0, 23, 81, 10287 }, // U+020B
    { 21, 26, 371, 2, 26, 137, 10368 }, // U+020C
    { 16, 23, 271, 0, 23, 92, 10505 }, // U+020D
    { 21, 27, 371, 2, 27, 142, 10597 }, // U+020E
    { 16, 23, 271, 0, 23, 92, 10739 }, // U+020F
    { 23, 26, 350, -1, 26, 150, 10831 }, // U+0210
    { 18, 23, 254, 0, 23, 104, 10981 }, // U+0211
    { 23, 27, 350, -1, 27, 156, 11085 }, // U+0212
    { 18, 23, 254, 0, 23, 104, 11241 }, // U+0213
    { 24, 26, 364, 2, 26, 156, 11345 }, // U+0214
    { 20, 23, 318, 0, 23, 115, 11501 }, // U+0215
    { 24, 27, 364, 2, 27, 162, 11616 }, // U+0216
    { 20, 23, 318, 0, 23, 115, 11778 }, // U+0217
    { 18, 27, 288, 1, 20, 122, 11893 }, // U+0218
    { 14, 24, 224, 0, 16, 84, 12015 }, // U+0219
    { 22, 27, 338, 3, 20, 149, 12099 }, // U+021A
    { 13, 28, 204, 1, 20, 91, 12248 }, // U+021B
    { 28, 26, 394, -1, 26, 182, 12339 }, // U+021E
    { 19, 29, 305, 0, 29, 138, 12521 }, // U+021F
    { 6, 5, 0, -2, 21, 8, 0 }, // U+0300
    { 9, 5, 0, 1, 21, 12, 8 }, // U+0301
    { 11, 5, 0, -3, 21, 14, 20 }, // U+0302
    { 11, 5, 0, -2, 21, 14, 34 }, // U+0303
    { 10, 2, 0, -2, 19, 5, 48 }, // U+0304
    { 10, 5, 0, -1, 21, 13, 53 }, // U+0306
    { 6, 4, 0, 0, 20, 6, 66 }, // U+0307
    { 11, 4, 0, -2, 21, 11, 72 }, // U+0308
    { 7, 6, 0, 0, 21, 11, 83 }, // U+0309
    { 6, 5, 0, 0, 21, 8, 94 }, // U+030A
    { 13, 5, 0, -1, 21, 17, 102 }, // U+030B
    { 10, 5, 0, -1, 21, 13, 119 }, // U+030C
    { 10, 5, 0, -4, 21, 13, 132 }, // U+030F
    { 10, 6, 0, -2, 21, 15, 145 }, // U+0311
    { 5, 6, 0, 1, 22, 8, 160 }, // U+0312
    { 8, 6, 0, 0, 19, 12, 168 }, // U+031B
    { 6, 4, 0, -6, -1, 6, 180 }, // U+0323
    { 11, 4, 0, -9, -1, 11, 186 }, // U+0324
    { 5, 6, 0, -6, -1, 8, 197 }, // U+0326
    { 7, 8, 0, -7, 1, 14, 205 }, // U+0327
    { 8, 8, 0, -10, 1, 16, 219 }, // U+0328
    { 10, 5, 0, -7, -1, 13, 235 }, // U+032E
    { 10, 2, 0, -8, -2, 5, 248 }, // U+0331
    { 12, 2, 0, -3, 18, 6, 253 }, // U+0335
    { 24, 25, 364, -2, 20, 150, 0 }, // U+1EA0
    { 19, 22, 306, 0, 16, 105, 150 }, // U+1EA1
    { 24, 28, 364, -2, 28, 168, 255 }, // U+1EA2
    { 19, 23, 306, 0, 23, 110, 423 }, // U+1EA3
    { 29, 29, 364, -2, 29, 211, 533 }, // U+1EA4
    { 25, 25, 306, 0, 25, 157, 744 }, // U+1EA5
    { 24, 28, 364, -2, 28, 168, 901 }, // U+1EA6
    { 19, 25, 306, 0, 25, 119, 1069 }, // U+1EA7
    { 27, 30, 364, -2, 30, 203, 1188 }, // U+1EA8
    { 23, 26, 306, 0, 26, 150, 1391 }, // U+1EA9
    { 24, 29, 364, -2, 29, 174, 1541 }, // U+1EAA
    { 19, 25, 306, 0, 25, 119, 1715 }, // U+1EAB
    { 24, 31, 364, -2, 26, 186, 1834 }, // U+1EAC
    { 19, 29, 306, 0, 23, 138, 2020 }, // U+1EAD
    { 24, 28, 364, -2, 28, 168, 2158 }, // U+1EAE
    { 19, 25, 306, 0, 25, 119, 2326 }, // U+1EAF
    { 24, 28, 364, -2, 28, 168, 2445 }, // U+1EB0
    { 19, 24, 306, 0, 24, 114, 2613 }, // U+1EB1
    { 24, 29, 364, -2, 29, 174, 2727 }, // U+1EB2
    { 19, 25, 306, 0, 25, 119, 2901 }, // U+1EB3
    { 24, 28, 364, -2, 28, 168, 3020 }, // U+1EB4
    { 19, 24, 306, 0, 24, 114, 3188 }, // U+1EB5
    { 24, 32, 364, -2, 27, 192, 3302 }, // U+1EB6
    { 19, 29, 306, 0, 23, 138, 3494 }, // U+1EB7
    { 23, 25, 329, -1, 20, 144, 3632 }, // U+1EB8
    { 16, 22, 247, 0, 16, 88, 3776 }, // U+1EB9
    { 23, 28, 329, -1, 28, 161, 3864 }, // U+1EBA
    { 16, 23, 247, 0, 23, 92, 4025 }, // U+1EBB
    { 23, 27, 329, -1, 27, 156, 4117 }, // U+1EBC
    { 17, 23, 247, 0, 23, 98, 4273 }, // U+1EBD
    { 27, 29, 329, -1, 29, 196, 4371 }, // U+1EBE
    { 22, 25, 247, 0, 25, 138, 4567 }, // U+1EBF
    { 23, 28, 329, -1, 28, 161, 4705 }, // U+1EC0
    { 16, 25, 247, 0, 25, 100, 4866 }, // U+1EC1
    { 25, 30, 329, -1, 30, 188, 4966 }, // U+1EC2
    { 21, 26, 247, 0, 26, 137, 5154 }, // U+1EC3
    { 23, 29, 329, -1, 29, 167, 5291 }, // U+1EC4
    { 17, 25, 247, 0, 25, 107, 5458 }, // U+1EC5
    { 23, 31, 329, -1, 26, 179, 5565 }, // U+1EC6
    { 16, 29, 247, 0, 23, 116, 5744 }, // U+1EC7
    { 16, 28, 191, -1, 28, 112, 5860 }, // U+1EC8
    { 13, 23, 182, 0, 23, 75, 5972 }, // U+1EC9
    { 16, 25, 191, -1, 20, 100, 6047 }, // U+1ECA
    { 13, 29, 182, 0, 23, 95, 6147 }, // U+1ECB
    { 21, 25, 371, 2, 20, 132, 6242 }, // U+1ECC
    { 16, 22, 271, 0, 16, 88, 6374 }, // U+1ECD
    { 21, 28, 371, 2, 28, 147, 6462 }, // U+1ECE
    { 16, 23, 271, 0, 23, 92, 6609 }, // U+1ECF
    { 25, 29, 371, 2, 29, 182, 6701 }, // U+1ED0
    { 23, 25, 271, 0, 25, 144, 6883 }, // U+1ED1
    { 21, 28, 371, 2, 28, 147, 7027 }, // U+1ED2
    { 16, 25, 271, 0, 25, 100, 7174 }, // U+1ED3
    { 23, 30, 371, 2, 30, 173, 7274 }, // U+1ED4
    { 21, 26, 271, 0, 26, 137, 7447 }, // U+1ED5
    { 21, 29, 371, 2, 29, 153, 7584 }, // U+1ED6
    { 17, 25, 271, 0, 25, 107, 7737 }, // U+1ED7
    { 21, 31, 371, 2, 26, 163, 7844 }, // U+1ED8
    { 16, 29, 271, 0, 23, 116, 8007 }, // U+1ED9
    { 23, 27, 371, 2, 27, 156, 8123 }, // U+1EDA
    { 19, 23, 278, 0, 23, 110, 8279 }, // U+1EDB
    { 23, 26, 371, 2, 26, 150, 8389 }, // U+1EDC
    { 19, 23, 278, 0, 23, 110, 8539 }, // U+1EDD
    { 23, 28, 371, 2, 28, 161, 8649 }, // U+1EDE
    { 19, 23, 278, 0, 23, 110, 8810 }, // U+1EDF
    { 23, 27, 371, 2, 27, 156, 8920 }, // U+1EE0
    { 19, 23, 278, 0, 23, 110, 9076 }, // U+1EE1
    { 23, 30, 371, 2, 25, 173, 9186 }, // U+1EE2
    { 19, 27, 278, 0, 21, 129, 9359 }, // U+1EE3
    { 24, 25, 364, 2, 20, 150, 9488 }, // U+1EE4
    { 20, 22, 318, 0, 16, 110, 9638 }, // U+1EE5
    { 24, 28, 364, 2, 28, 168, 9748 }, // U+1EE6
    { 20, 23, 318, 0, 23, 115, 9916 }, // U+1EE7
    { 27, 27, 372, 2, 27, 183, 10031 }, // U+1EE8
    { 24, 23, 336, 0, 23, 138, 10214 }, // U+1EE9
    { 27, 26, 372, 2, 26, 176, 10352 }, // U+1EEA
    { 24, 23, 336, 0, 23, 138, 10528 }, // U+1EEB
    { 27, 28, 372, 2, 28, 189, 10666 }, // U+1EEC
    { 24, 23, 336, 0, 23, 138, 10855 }, // U+1EED
    { 27, 27, 372, 2, 27, 183, 10993 }, // U+1EEE
    { 24, 23, 336, 0, 23, 138, 11176 }, // U+1EEF
    { 27, 30, 372, 2, 25, 203, 11314 }, // U+1EF0
    { 24, 27, 336, 0, 21, 162, 11517 }, // U+1EF1
    { 22, 26, 346, 3, 26, 143, 11679 }, // U+1EF2
    { 19, 31, 278, -1, 23, 148, 11822 }, // U+1EF3
    { 22, 25, 346, 3, 20, 138, 11970 }, // U+1EF4
    { 19, 24, 278, -1, 16, 114, 12108 }, // U+1EF5
    { 22, 28, 346, 3, 28, 154, 12222 }, // U+1EF6
    { 19, 31, 278, -1, 23, 148, 12376 }, // U+1EF7
    { 22, 27, 346, 3, 27, 149, 12524 }, // U+1EF8
    { 19, 31, 278, -1, 23, 148, 12673 }, // U+1EF9
    { 9, 3, 179, 1, 9, 7, 0 }, // U+2010
    { 12, 3, 226, 1, 9, 9, 7 }, // U+2013
    { 17, 3, 296, 1, 9, 13, 16 }, // U+2014
    { 7, 9, 126, 3, 21, 16, 29 }, // U+2018
    { 8, 9, 125, 2, 20, 18, 45 }, // U+2019
    { 8, 9, 125, -2, 5, 18, 63 }, // U+201A
    { 14, 9, 230, 3, 21, 32, 81 }, // U+201C
    { 15, 9, 229, 2, 20, 34, 113 }, // U+201D
    { 14, 9, 228, -2, 5, 32, 147 }, // U+201E
    { 10, 12, 181, 3, 21, 30, 179 }, // U+2020
    { 11, 11, 190, 3, 21, 31, 209 }, // U+2021
    { 9, 9, 212, 2, 12, 21, 240 }, // U+2022
    { 20, 5, 357, 0, 5, 25, 261 }, // U+2026
    { 34, 21, 595, 2, 21, 179, 286 }, // U+2030
    { 7, 8, 112, 3, 20, 14, 465 }, // U+2032
    { 13, 8, 201, 3, 20, 26, 479 }, // U+2033
    { 11, 15, 158, 0, 15, 42, 505 }, // U+2039
    { 11, 15, 165, -1, 15, 42, 547 }, // U+203A
    { 22, 20, 35, -9, 20, 110, 589 }, // U+2044
    { 22, 20, 400, 2, 20, 110, 699 }, // U+2052
    { 12, 12, 194, 2, 21, 36, 0 }, // U+2070
    { 11, 12, 182, 2, 21, 33, 36 }, // U+2074
    { 21, 26, 282, 0, 23, 137, 0 }, // U+20A1
    { 22, 20, 304, -1, 20, 110, 137 }, // U+20A3
    { 19, 20, 301, 0, 20, 95, 247 }, // U+20A4
    { 24, 20, 345, 0, 20, 120, 342 }, // U+20A6
    { 27, 20, 424, -1, 20, 135, 462 }, // U+20A7
    { 25, 20, 371, 1, 20, 125, 597 }, // U+20A9
    { 24, 27, 333, -2, 22, 162, 722 }, // U+20AB
    { 22, 20, 340, 1, 20, 110, 884 }, // U+20AC
    { 25, 20, 345, -1, 20, 125, 994 }, // U+20AD
    { 23, 20, 343, 0, 20, 115, 1119 }, // U+20B1
    { 18, 26, 303, 2, 23, 117, 1234 }, // U+20B2
    { 15, 20, 250, 2, 20, 75, 1351 }, // U+20B5
    { 19, 20, 288, 2, 20, 95, 1426 }, // U+20B9
    { 17, 20, 299, 0, 20, 85, 1521 }, // U+20BA
    { 18, 20, 291, -1, 20, 90, 1606 }, // U+20BC
    { 22, 20, 309, -1, 20, 110, 1696 }, // U+20BD
    { 14, 3, 255, 1, 9, 11, 0 }, // U+2212
    { 22, 20, 35, -9, 20, 110, 11 }, // U+2215
    { 10, 9, 255, 3, 12, 23, 121 }, // U+2219
    { 16, 11, 255, 0, 13, 44, 144 }, // U+2248
    { 16, 14, 255, 0, 14, 56, 188 }, // U+2260
    { 18, 16, 255, -1, 16, 72, 244 }, // U+2264
    { 17, 16, 255, -1, 16, 68, 316 }, // U+2265
    { 34, 31, 347, -5, 23, 264, 0 }, // U+FB00
    { 27, 31, 335, -6, 23, 210, 264 }, // U+FB01
    { 29, 31, 344, -6, 23, 225, 474 }, // U+FB02
    { 35, 31, 485, -5, 23, 272, 699 }, // U+FB03
    { 37, 31, 494, -5, 23, 287, 971 }, // U+FB04
};

static const EpdUnicodeInterval libron_14_bolditalicIntervals[] = {
    { 0x20, 0x7E, 0x0 },
    { 0xA0, 0x131, 0x5F },
    { 0x134, 0x148, 0xF1 },
    { 0x14A, 0x17E, 0x106 },
    { 0x1A0, 0x1A1, 0x13B },
    { 0x1AF, 0x1B0, 0x13D },
    { 0x1C4, 0x1DC, 0x13F },
    { 0x1DE, 0x1E3, 0x158 },
    { 0x1E6, 0x1ED, 0x15E },
    { 0x1F0, 0x1F0, 0x166 },
    { 0x1F4, 0x1F5, 0x167 },
    { 0x1F8, 0x21B, 0x169 },
    { 0x21E, 0x21F, 0x18D },
    { 0x300, 0x304, 0x18F },
    { 0x306, 0x30C, 0x194 },
    { 0x30F, 0x30F, 0x19B },
    { 0x311, 0x312, 0x19C },
    { 0x31B, 0x31B, 0x19E },
    { 0x323, 0x324, 0x19F },
    { 0x326, 0x328, 0x1A1 },
    { 0x32E, 0x32E, 0x1A4 },
    { 0x331, 0x331, 0x1A5 },
    { 0x335, 0x335, 0x1A6 },
    { 0x1EA0, 0x1EF9, 0x1A7 },
    { 0x2010, 0x2010, 0x201 },
    { 0x2013, 0x2014, 0x202 },
    { 0x2018, 0x201A, 0x204 },
    { 0x201C, 0x201E, 0x207 },
    { 0x2020, 0x2022, 0x20A },
    { 0x2026, 0x2026, 0x20D },
    { 0x2030, 0x2030, 0x20E },
    { 0x2032, 0x2033, 0x20F },
    { 0x2039, 0x203A, 0x211 },
    { 0x2044, 0x2044, 0x213 },
    { 0x2052, 0x2052, 0x214 },
    { 0x2070, 0x2070, 0x215 },
    { 0x2074, 0x2074, 0x216 },
    { 0x20A1, 0x20A1, 0x217 },
    { 0x20A3, 0x20A4, 0x218 },
    { 0x20A6, 0x20A7, 0x21A },
    { 0x20A9, 0x20A9, 0x21C },
    { 0x20AB, 0x20AD, 0x21D },
    { 0x20B1, 0x20B2, 0x220 },
    { 0x20B5, 0x20B5, 0x222 },
    { 0x20B9, 0x20BA, 0x223 },
    { 0x20BC, 0x20BD, 0x225 },
    { 0x2212, 0x2212, 0x227 },
    { 0x2215, 0x2215, 0x228 },
    { 0x2219, 0x2219, 0x229 },
    { 0x2248, 0x2248, 0x22A },
    { 0x2260, 0x2260, 0x22B },
    { 0x2264, 0x2265, 0x22C },
    { 0xFB00, 0xFB04, 0x22E },
};

static const EpdFontGroup libron_14_bolditalicGroups[] = {
    { 0, 4306, 8969, 95, 0 },
    { 4306, 3538, 10491, 96, 95 },
    { 7844, 4703, 16602, 124, 191 },
    { 12547, 4033, 13225, 84, 315 },
    { 16580, 244, 301, 24, 399 },
    { 16824, 2574, 13450, 90, 423 },
    { 19398, 525, 883, 20, 513 },
    { 19923, 77, 72, 2, 533 },
    { 20000, 1026, 1948, 16, 535 },
    { 21026, 210, 419, 7, 551 },
    { 21236, 525, 1333, 5, 558 },
};

static const uint16_t libron_14_bolditalicKernLeftCodepoints[] = {
    0x0020, 0x0022, 0x0026, 0x0027, 0x0028, 0x0029, 0x002A, 0x002C, 0x002D, 0x002E, 0x002F, 0x0030,
    0x0031, 0x0032, 0x0033, 0x0034, 0x0035, 0x0036, 0x0037, 0x0038, 0x0039, 0x003A, 0x003B, 0x003F,
    0x0040, 0x0041, 0x0042, 0x0043, 0x0044, 0x0045, 0x0046, 0x0047, 0x0048, 0x0049, 0x004A, 0x004B,
    0x004C, 0x004D, 0x004E, 0x004F, 0x0050, 0x0051, 0x0052, 0x0053, 0x0054, 0x0055, 0x0056, 0x0057,
    0x0058, 0x0059, 0x005A, 0x005B, 0x005C, 0x005D, 0x005F, 0x0061, 0x0062, 0x0063, 0x0064, 0x0065,
    0x0066, 0x0067, 0x0068, 0x0069, 0x006A, 0x006B, 0x006C, 0x006D, 0x006E, 0x006F, 0x0070, 0x0071,
    0x0072, 0x0073, 0x0074, 0x0075, 0x0076, 0x0077, 0x0078, 0x0079, 0x007A, 0x007B, 0x007C, 0x007D,
    0x00A0, 0x00A1, 0x00A3, 0x00A4, 0x00A5, 0x00A6, 0x00A9, 0x00AA, 0x00AB, 0x00AD, 0x00AE, 0x00B0,
    0x00B2, 0x00B3, 0x00B7, 0x00B9, 0x00BA, 0x00BB, 0x00BF, 0x00C0, 0x00C1, 0x00C2, 0x00C3, 0x00C4,
    0x00C5, 0x00C6, 0x00C7, 0x00C8, 0x00C9, 0x00CA, 0x00CB, 0x00CC, 0x00CD, 0x00CE, 0x00CF, 0x00D0,
    0x00D1, 0x00D2, 0x00D3, 0x00D4, 0x00D5, 0x00D6, 0x00D8, 0x00D9, 0x00DA, 0x00DB, 0x00DC, 0x00DD,
    0x00DE, 0x00DF, 0x00E0, 0x00E1, 0x00E2, 0x00E3, 0x00E4, 0x00E5, 0x00E6, 0x00E7, 0x00E8, 0x00E9,
    0x00EA, 0x00EB, 0x00EC, 0x00ED, 0x00EE, 0x00EF, 0x00F0, 0x00F1, 0x00F2, 0x00F3, 0x00F4, 0x00F5,
    0x00F6, 0x00F8, 0x00F9, 0x00FA, 0x00FB, 0x00FC, 0x00FD, 0x00FE, 0x00FF, 0x0100, 0x0101, 0x0102,
    0x0103, 0x0104, 0x0105, 0x0106, 0x0107, 0x0108, 0x0109, 0x010A, 0x010B, 0x010C, 0x010D, 0x010E,
    0x010F, 0x0110, 0x0111, 0x0112, 0x0113, 0x0114, 0x0115, 0x0116, 0x0117, 0x0118, 0x0119, 0x011A,
    0x011B, 0x011C, 0x011D, 0x011E, 0x011F, 0x0120, 0x0121, 0x0122, 0x0123, 0x0124, 0x0125, 0x0126,
    0x0127, 0x0128, 0x0129, 0x012A, 0x012B, 0x012C, 0x012D, 0x012E, 0x012F, 0x0130, 0x0131, 0x0134,
    0x0135, 0x0136, 0x0137, 0x0138, 0x0139, 0x013A, 0x013B, 0x013C, 0x013D, 0x013E, 0x013F, 0x0141,
    0x0142, 0x0143, 0x0144, 0x0145, 0x0146, 0x0147, 0x0148, 0x014A, 0x014B, 0x014C, 0x014D, 0x014E,
    0x014F, 0x0150, 0x0151, 0x0152, 0x0153, 0x0154, 0x0155, 0x0156, 0x0157, 0x0158, 0x0159, 0x015A,
    0x015B, 0x015C, 0x015D, 0x015E, 0x015F, 0x0160, 0x0161, 0x0162, 0x0163, 0x0164, 0x0165, 0x0166,
    0x0167, 0x0168, 0x0169, 0x016A, 0x016B, 0x016C, 0x016D, 0x016E, 0x016F, 0x0170, 0x0171, 0x0172,
    0x0173, 0x0174, 0x0175, 0x0176, 0x0177, 0x0178, 0x0179, 0x017A, 0x017B, 0x017C, 0x017D, 0x017E,
    0x01A0, 0x01A1, 0x01AF, 0x01B0, 0x01C4, 0x01C5, 0x01C6, 0x01C7, 0x01C8, 0x01C9, 0x01CA, 0x01CB,
    0x01CC, 0x01E6, 0x01E7, 0x01EA, 0x01EB, 0x01FA, 0x01FB, 0x01FC, 0x01FD, 0x01FE, 0x01FF, 0x0200,
    0x0201, 0x0202, 0x0203, 0x0204, 0x0205, 0x0206, 0x0207, 0x0208, 0x0209, 0x020A, 0x020B, 0x020C,
    0x020D, 0x020E, 0x020F, 0x0210, 0x0211, 0x0212, 0x0213, 0x0214, 0x0215, 0x0216, 0x0217, 0x0218,
    0x0219, 0x021A, 0x021B, 0x1EA0, 0x1EA1, 0x1EA2, 0x1EA3, 0x1EA4, 0x1EA5, 0x1EA6, 0x1EA7, 0x1EA8,
    0x1EA9, 0x1EAA, 0x1EAB, 0x1EAC, 0x1EAD, 0x1EAE, 0x1EAF, 0x1EB0, 0x1EB1, 0x1EB2, 0x1EB3, 0x1EB4,
    0x1EB5, 0x1EB6, 0x1EB7, 0x1EB8, 0x1EB9, 0x1EBA, 0x1EBB, 0x1EBC, 0x1EBD, 0x1EBE, 0x1EBF, 0x1EC0,
    0x1EC1, 0x1EC2, 0x1EC3, 0x1EC4, 0x1EC5, 0x1EC6, 0x1EC7, 0x1EC8, 0x1EC9, 0x1ECA, 0x1ECB, 0x1ECC,
    0x1ECD, 0x1ECE, 0x1ECF, 0x1ED0, 0x1ED1, 0x1ED2, 0x1ED3, 0x1ED4, 0x1ED5, 0x1ED6, 0x1ED7, 0x1ED8,
    0x1ED9, 0x1EDA, 0x1EDB, 0x1EDC, 0x1EDD, 0x1EDE, 0x1EDF, 0x1EE0, 0x1EE1, 0x1EE2, 0x1EE3, 0x1EE4,
    0x1EE5, 0x1EE6, 0x1EE7, 0x1EE8, 0x1EE9, 0x1EEA, 0x1EEB, 0x1EEC, 0x1EED, 0x1EEE, 0x1EEF, 0x1EF0,
    0x1EF1, 0x1EF2, 0x1EF3, 0x1EF4, 0x1EF5, 0x1EF6, 0x1EF7, 0x1EF8, 0x1EF9, 0x2013, 0x2014, 0x2018,
    0x2019, 0x201A, 0x201C, 0x201D, 0x201E, 0x2020, 0x2021, 0x2022, 0x2026, 0x2032, 0x2033, 0x2039,
    0x203A, 0x2052, 0x2070, 0x2074, 0x20A1, 0x20A3, 0x20A7, 0x20AD, 0x20B9, 0x20BA, 0x20BC, 0xFB00,
    0xFB01, 0xFB02, 0xFB03, 0xFB04,
};

static const uint8_t libron_14_bolditalicKernLeftClassIds[] = {
      1,   2,   3,   2,   4,   5,   6,   7,   8,   9,  10,  11,  12,  13,  14,  15,
     16,  17,  18,  19,  20,  21,  22,  23,  24,  25,  26,  27,  28,  29,  30,  31,
     32,  33,  34,  35,  36,  37,  38,  39,  40,  41,  42,  43,  44,  45,  46,  47,
     48,  49,  50,  51,  52,  53,  54,  55,  56,  57,  58,  59,  60,  61,  62,  63,
     64,  65,  66,  62,  62,  67,  68,  69,  70,  71,  72,  73,  74,  75,  76,  77,
     78,  79,  80,  81,   1,  82,  83,  84,  85,  80,  86,  87,  88,   8,  89,  90,
     91,  92,  93,  94,  95,  96,  97,  25,  25,  25,  25,  25,  25,  29,  27,  29,
     29,  29,  29,  32,  98,  32,  32,  28,  38,  39,  39,  39,  39,  39,  99,  45,
     45,  45,  45,  49, 100, 101,  55, 102, 103,  55, 104,  55,  59, 105,  59, 106,
    107, 108, 109, 110, 111, 112, 113,  62,  67, 114, 115, 116, 117, 118,  73,  73,
     73,  73,  77,  68,  77,  25,  55,  25,  55, 119, 120,  27, 121,  27, 122,  27,
     57,  27, 123,  28, 124,  28, 125,  29, 126,  29, 127,  29,  59, 128, 129,  29,
    130,  31,  61,  31,  61,  31,  61,  31,  61,  32,  62, 131,  62,  32, 132,  32,
    133,  32, 134, 135, 136,  32, 109,  34, 137,  35,  65,  65,  36,  66,  36,  66,
    138, 139,  36,  36, 140,  38, 141,  38,  62,  38,  62,  38, 142,  39, 143,  39,
    144,  39, 145,  29,  59,  42,  70,  42,  70,  42,  70,  43, 146,  43, 147,  43,
    148,  43, 149,  44, 150,  44, 151, 152,  72,  45,  73,  45,  73,  45,  73,  45,
     73,  45, 153,  45, 154,  47,  75,  49,  77,  49,  50, 155,  50,  78,  50,  78,
    156, 157, 158, 159,  50,  78,  78,  34,  64,  64,  34,  64,  64,  31,  61,  39,
     67,  25,  55,  29,  59,  99, 160,  25,  55,  25, 103,  29,  59,  29, 161,  32,
    162,  32, 163,  39,  67,  39, 164,  42,  70,  42,  70,  45,  73,  45,  73,  43,
    165,  44, 150,  25,  55,  25,  55,  25, 166,  25, 103,  25, 167,  25,  55,  25,
    103,  25,  55,  25,  55,  25,  55,  25,  55,  25,  55,  29, 168,  29,  59,  29,
    169,  29, 170,  29, 107,  29, 171,  29, 161,  29, 172,  32, 173, 174, 175,  39,
     67,  39,  67,  39, 176,  39, 115,  39, 177,  39,  67,  39, 115, 156, 157, 156,
    157, 156, 157, 156, 157, 156, 157,  45,  73,  45,  73, 158, 159, 158, 159, 158,
    159, 158, 159, 178, 159,  49,  77,  49, 179,  49,  77,  49,  77, 180, 181, 182,
    183, 184, 182, 183, 185, 186, 187, 188,   9, 189, 189,  88,  96, 190, 191, 192,
    193, 194, 195, 196, 197, 198, 190, 199, 200,  66, 200,  66,
};

static const uint16_t libron_14_bolditalicKernRightCodepoints[] = {
    0x0020, 0x0021, 0x0022, 0x0025, 0x0026, 0x0027, 0x0028, 0x0029, 0x002A, 0x002C, 0x002D, 0x002E,
    0x002F, 0x0030, 0x0031, 0x0032, 0x0033, 0x0034, 0x0035, 0x0036, 0x0037, 0x0038, 0x0039, 0x003A,
    0x003B, 0x003F, 0x0040, 0x0041, 0x0042, 0x0043, 0x0044, 0x0045, 0x0046, 0x0047, 0x0048, 0x0049,
    0x004A, 0x004B, 0x004C, 0x004D, 0x004E, 0x004F, 0x0050, 0x0051, 0x0052, 0x0053, 0x0054, 0x0055,
    0x0056, 0x0057, 0x0058, 0x0059, 0x005A, 0x005B, 0x005C, 0x005D, 0x005F, 0x0061, 0x0062, 0x0063,
    0x0064, 0x0065, 0x0066, 0x0067, 0x0068, 0x0069, 0x006A, 0x006B, 0x006C, 0x006D, 0x006E, 0x006F,
    0x0070, 0x0071, 0x0072, 0x0073, 0x0074, 0x0075, 0x0076, 0x0077, 0x0078, 0x0079, 0x007A, 0x007B,
    0x007C, 0x007D, 0x00A0, 0x00A1, 0x00A2, 0x00A4, 0x00A5, 0x00A6, 0x00A9, 0x00AA, 0x00AB, 0x00AD,
    0x00AE, 0x00B0, 0x00B2, 0x00B3, 0x00B7, 0x00B9, 0x00BA, 0x00BB, 0x00BF, 0x00C0, 0x00C1, 0x00C2,
    0x00C3, 0x00C4, 0x00C5, 0x00C6, 0x00C7, 0x00C8, 0x00C9, 0x00CA, 0x00CB, 0x00CC, 0x00CD, 0x00CE,
    0x00CF, 0x00D0, 0x00D1, 0x00D2, 0x00D3, 0x00D4, 0x00D5, 0x00D6, 0x00D8, 0x00D9, 0x00DA, 0x00DB,
    0x00DC, 0x00DD, 0x00DE, 0x00DF, 0x00E0, 0x00E1, 0x00E2, 0x00E3, 0x00E4, 0x00E5, 0x00E6, 0x00E7,
    0x00E8, 0x00E9, 0x00EA, 0x00EB, 0x00EC, 0x00ED, 0x00EE, 0x00EF, 0x00F0, 0x00F1, 0x00F2, 0x00F3,
    0x00F4, 0x00F5, 0x00F6, 0x00F8, 0x00F9, 0x00FA, 0x00FB, 0x00FC, 0x00FD, 0x00FE, 0x00FF, 0x0100,
    0x0101, 0x0102, 0x0103, 0x0104, 0x0105, 0x0106, 0x0107, 0x0108, 0x0109, 0x010A, 0x010B, 0x010C,
    0x010D, 0x010E, 0x010F, 0x0110, 0x0111, 0x0112, 0x0113, 0x0114, 0x0115, 0x0116, 0x0117, 0x0118,
    0x0119, 0x011A, 0x011B, 0x011C, 0x011D, 0x011E, 0x011F, 0x0120, 0x0121, 0x0122, 0x0123, 0x0124,
    0x0125, 0x0126, 0x0127, 0x0128, 0x0129, 0x012A, 0x012B, 0x012C, 0x012D, 0x012E, 0x012F, 0x0130,
    0x0131, 0x0134, 0x0135, 0x0136, 0x0137, 0x0138, 0x0139, 0x013A, 0x013B, 0x013C, 0x013D, 0x013E,
    0x013F, 0x0140, 0x0141, 0x0142, 0x0143, 0x0144, 0x0145, 0x0146, 0x0147, 0x0148, 0x014A, 0x014B,
    0x014C, 0x014D, 0x014E, 0x014F, 0x0150, 0x0151, 0x0152, 0x0153, 0x0154, 0x0155, 0x0156, 0x0157,
    0x0158, 0x0159, 0x015A, 0x015B, 0x015C, 0x015D, 0x015E, 0x015F, 0x0160, 0x0161, 0x0162, 0x0163,
    0x0164, 0x0165, 0x0166, 0x0167, 0x0168, 0x0169, 0x016A, 0x016B, 0x016C, 0x016D, 0x016E, 0x016F,
    0x0170, 0x0171, 0x0172, 0x0173, 0x0174, 0x0175, 0x0176, 0x0177, 0x0178, 0x0179, 0x017A, 0x017B,
    0x017C, 0x017D, 0x017E, 0x01A0, 0x01A1, 0x01AF, 0x01B0, 0x01C4, 0x01C5, 0x01C6, 0x01C7, 0x01C8,
    0x01C9, 0x01CA, 0x01CB, 0x01CC, 0x01E6, 0x01E7, 0x01EA, 0x01EB, 0x01FA, 0x01FB, 0x01FC, 0x01FD,
    0x01FE, 0x01FF, 0x0200, 0x0201, 0x0202, 0x0203, 0x0204, 0x0205, 0x0206, 0x0207, 0x0208, 0x0209,
    0x020A, 0x020B, 0x020C, 0x020D, 0x020E, 0x020F, 0x0210, 0x0211, 0x0212, 0x0213, 0x0214, 0x0215,
    0x0216, 0x0217, 0x0218, 0x0219, 0x021A, 0x021B, 0x1EA0, 0x1EA1, 0x1EA2, 0x1EA3, 0x1EA4, 0x1EA5,
    0x1EA6, 0x1EA7, 0x1EA8, 0x1EA9, 0x1EAA, 0x1EAB, 0x1EAC, 0x1EAD, 0x1EAE, 0x1EAF, 0x1EB0, 0x1EB1,
    0x1EB2, 0x1EB3, 0x1EB4, 0x1EB5, 0x1EB6, 0x1EB7, 0x1EB8, 0x1EB9, 0x1EBA, 0x1EBB, 0x1EBC, 0x1EBD,
    0x1EBE, 0x1EBF, 0x1EC0, 0x1EC1, 0x1EC2, 0x1EC3, 0x1EC4, 0x1EC5, 0x1EC6, 0x1EC7, 0x1EC8, 0x1EC9,
    0x1ECA, 0x1ECB, 0x1ECC, 0x1ECD, 0x1ECE, 0x1ECF, 0x1ED0, 0x1ED1, 0x1ED2, 0x1ED3, 0x1ED4, 0x1ED5,
    0x1ED6, 0x1ED7, 0x1ED8, 0x1ED9, 0x1EDA, 0x1EDB, 0x1EDC, 0x1EDD, 0x1EDE, 0x1EDF, 0x1EE0, 0x1EE1,
    0x1EE2, 0x1EE3, 0x1EE4, 0x1EE5, 0x1EE6, 0x1EE7, 0x1EE8, 0x1EE9, 0x1EEA, 0x1EEB, 0x1EEC, 0x1EED,
    0x1EEE, 0x1EEF, 0x1EF0, 0x1EF1, 0x1EF2, 0x1EF3, 0x1EF4, 0x1EF5, 0x1EF6, 0x1EF7, 0x1EF8, 0x1EF9,
    0x2013, 0x2014, 0x2018, 0x2019, 0x201A, 0x201C, 0x201D, 0x201E, 0x2020, 0x2021, 0x2022, 0x2026,
    0x2030, 0x2032, 0x2033, 0x2039, 0x203A, 0x2052, 0x2070, 0x2074, 0x20A9, 0x20AB, 0x20AC, 0x20B2,
    0x20B5, 0x20B9, 0x20BC, 0xFB00, 0xFB01, 0xFB02, 0xFB03, 0xFB04,
};

static const uint8_t libron_14_bolditalicKernRightClassIds[] = {
      1,   2,   3,   4,   5,   3,   6,   7,   8,   9,  10,  11,  12,  13,  14,  15,
     16,  17,  18,  19,  20,  21,  22,  23,  24,  25,  26,  27,  28,  29,  28,  28,
     28,  29,  28,  28,  30,  28,  28,  31,  32,  33,  28,  33,  28,  34,  35,  36,
     37,  38,  39,  40,  41,  42,  43,  44,  45,  46,  47,  48,  46,  48,  49,  50,
     51,  52,  53,  51,  54,  55,  55,  48,  56,  46,  57,  58,  59,  60,  61,  62,
     63,  64,  65,  66,  67,  68,   1,  69,  70,  71,  72,  67,  73,  74,  75,  10,
     76,  77,  78,  79,  80,  81,  82,  83,  84,  27,  27,  27,  27,  27,  27,  85,
     29,  28,  28,  28,  28,  86,  28,  28,  28,  87,  32,  33,  33,  33,  33,  33,
     88,  36,  36,  36,  36,  40,  28,  89,  90,  46,  91,  92,  93,  46,  46,  48,
     94,  48,  95,  96,  97,  98,  99, 100, 101,  55, 102,  48, 103, 104, 105, 106,
    107,  60, 108, 109,  64, 110, 111,  27, 112,  27, 113,  27,  46,  29,  48,  29,
    114,  29, 115,  29, 116,  28,  46,  28,  46,  28, 117,  28, 118,  28,  48,  28,
     48,  28, 119,  29, 120,  29, 121,  29, 122,  29, 122,  28,  51, 123, 124, 125,
    126,  28, 127,  28, 128,  28,  52,  28, 129,  30, 130,  28,  51,  55,  28,  54,
     28,  54,  28,  54,  28,  54, 131, 132,  32,  55,  32,  55,  32,  55,  32,  55,
     33, 133,  33, 134,  33,  48,  33,  48,  28,  55,  28,  55,  28, 135,  34,  58,
     34, 136,  34,  58,  34, 137,  35,  59,  35,  59, 138, 139,  36, 140,  36, 140,
     36, 141,  36,  60,  36,  60,  36,  60,  38,  62,  40, 142,  40,  41,  65,  41,
    143,  41, 144,  33,  48,  36,  60,  28,  28,  46,  28,  28,  54,  32,  32,  55,
     29, 145,  33,  48,  27,  46,  85,  46,  88, 146,  27, 147,  27, 148,  28, 149,
     28, 150,  28, 151,  28, 152,  33, 153,  33, 154,  28, 155,  28, 156,  36, 157,
     36, 158,  34,  58,  35,  59,  27,  46,  27,  46,  27,  91,  27, 159,  27,  91,
     27, 160,  27,  91,  27,  92,  27,  92,  27,  92,  27, 160,  27, 113,  28,  48,
     28, 161,  28, 162,  28,  95,  28, 163,  28,  95,  28, 164,  28,  95,  28, 165,
     28,  52,  33,  48,  33, 166,  33, 103,  33, 167,  33, 103,  33, 168,  33, 103,
     33,  48,  33, 102,  33, 166,  33, 104,  33,  48,  36,  60,  36,  60,  36,  60,
     36, 107,  36,  60,  36, 140,  36,  60,  40, 169,  40,  64,  40, 170,  40, 171,
    172, 172, 173, 174, 175, 173, 174, 176, 177, 178, 179,  11,   4, 180, 180,  75,
     83, 181, 182, 183, 184,  71, 184, 184,  70, 185, 186, 187, 188, 188, 187, 187,
};

static const uint16_t libron_14_bolditalicKernRowOffsets[] = {
        0,    36,   155,   205,   326,   334,   461,   600,   686,   824,   918,   943,   980,  1008,  1047,  1071,
     1093,  1113,  1139,  1153,  1183,  1225,  1267,  1275,  1341,  1485,  1596,  1623,  1676,  1737,  1879,  1932,
     2048,  2164,  2292,  2433,  2514,  2633,  2758,  2809,  2907,  2963,  3080,  3176,  3304,  3434,  3578,  3721,
     3862,  4008,  4123,  4242,  4300,  4302,  4317,  4375,  4415,  4485,  4541,  4587,  4729,  4850,  4904,  4956,
     4984,  5117,  5185,  5231,  5271,  5303,  5417,  5481,  5516,  5570,  5623,  5665,  5762,  5792,  5903,  6024,
     6030,  6040,  6077,  6078,  6080,  6086,  6131,  6134,  6239,  6294,  6299,  6329,  6366,  6438,  6479,  6482,
     6582,  6720,  6837,  6888,  6937,  7061,  7119,  7177,  7235,  7307,  7353,  7399,  7445,  7497,  7559,  7611,
     7667,  7709,  7755,  7801,  7847,  7893,  7939,  8083,  8141,  8215,  8285,  8355,  8416,  8478,  8524,  8570,
     8631,  8679,  8725,  8841,  8897,  8953,  9009,  9125,  9179,  9210,  9297,  9352,  9375,  9429,  9443,  9489,
     9535,  9584,  9652,  9716,  9782,  9846,  9881,  9947, 10075, 10129, 10189, 10300, 10320, 10323, 10458, 10484,
    10530, 10576, 10628, 10680, 10726, 10792, 10855, 10918, 10966, 11012, 11064, 11116, 11164, 11216, 11332, 11386,
    11437, 11489, 11624, 11662, 11748, 11834, 11945, 12078, 12217, 12355, 12362, 12370, 12400, 12428, 12430, 12462,
    12486, 12487, 12488, 12489, 12490, 12491, 12493, 12635, 12687,
};

static const uint8_t libron_14_bolditalicKernSparseCols[] = {
      2,   7,   8,  10,  11,  24,  26,  29,  34,  36,  37,  38,  39,  42,  43,  44,
     48,  63,  75,  84,  88, 110, 137, 141, 162, 166, 168, 169, 170, 172, 173, 174,
    175, 179, 186, 187,   0,   4,   6,   7,   8,   9,  10,  13,  16,  26,  29,  34,
     35,  36,  37,  38,  39,  43,  45,  46,  47,  48,  49,  50,  51,  53,  54,  55,
     56,  57,  58,  59,  60,  61,  62,  64,  65,  67,  68,  74,  82,  83,  84,  88,
     89,  90,  91,  92,  93,  94,  95,  96,  97,  98,  99, 101, 102, 103, 104, 105,
    106, 107, 108, 109, 111, 112, 113, 114, 115, 116, 117, 118, 119, 120, 121, 123,
    126, 127, 128, 129, 131, 132, 133, 134, 135, 137, 138, 139, 140, 142, 143, 144,
    145, 146, 147, 148, 149, 150, 152, 153, 154, 155, 156, 157, 158, 159, 160, 161,
    162, 163, 164, 165, 166, 167, 171, 174, 175, 186, 187,   0,   2,   7,  26,  29,
     30,  34,  35,  36,  37,  38,  39,  51,  52,  54,  55,  56,  59,  60,  61,  74,
     84,  96,  97,  98,  99, 105, 106, 107, 108, 125, 126, 127, 128, 129, 134, 137,
    139, 140, 145, 150, 151, 154, 155, 156, 157, 164, 172, 173, 179,   2,   4,   5,
      8,   9,  10,  12,  16,  18,  22,  23,  28,  29,  32,  36,  37,  38,  39,  45,
     46,  47,  48,  50,  51,  52,  53,  54,  55,  56,  57,  58,  59,  60,  61,  62,
     63,  64,  65,  72,  74,  82,  87,  88,  89,  90,  91,  92,  93,  94,  95,  96,
     97,  98,  99, 101, 102, 103, 104, 105, 106, 107, 108, 109, 110, 111, 112, 113,
    114, 115, 116, 117, 118, 123, 125, 126, 127, 128, 129, 131, 132, 133, 134, 135,
    136, 138, 139, 140, 141, 142, 143, 145, 146, 147, 148, 149, 150, 151, 152, 153,
    154, 155, 156, 157, 158, 159, 160, 161, 162, 163, 164, 165, 166, 167, 168, 169,
    170, 171, 174, 175, 186, 187,   2,   6,   7,  43,  67, 172, 173, 179,   0,   4,
      6,   8,   9,  10,  13,  16,  17,  19,  21,  22,  23,  24,  26,  27,  29,  30,
     31,  34,  35,  36,  37,  38,  39,  43,  45,  47,  48,  49,  51,  52,  54,  55,
     56,  57,  58,  59,  62,  64,  67,  68,  74,  82,  83,  84,  85,  86,  88,  89,
     90,  91,  92,  93,  94,  95,  96,  97,  98,  99, 100, 101, 102, 103, 104, 105,
    106, 107, 108, 111, 112, 114, 115, 116, 117, 118, 119, 120, 121, 122, 123, 124,
    125, 127, 128, 129, 130, 131, 132, 133, 134, 135, 136, 137, 138, 139, 140, 142,
    143, 144, 145, 146, 147, 148, 149, 151, 152, 153, 154, 155, 156, 157, 158, 159,
    160, 161, 162, 163, 164, 165, 166, 167, 171, 174, 175, 186, 187,   0,   2,   4,
      5,   6,   7,   9,  12,  13,  14,  15,  16,  18,  19,  20,  21,  24,  25,  26,
     28,  29,  32,  33,  34,  35,  36,  37,  38,  39,  40,  42,  44,  45,  46,  47,
     48,  49,  51,  52,  54,  55,  56,  58,  59,  60,  61,  63,  64,  65,  66,  67,
     72,  74,  75,  79,  84,  87,  88,  89,  90,  91,  92,  93,  94,  95,  96,  97,
     98,  99, 100, 101, 102, 103, 104, 105, 106, 107, 108, 110, 111, 112, 113, 114,
    115, 116, 117, 118, 119, 120, 121, 125, 126, 127, 128, 129, 131, 132, 133, 134,
    137, 138, 139, 140, 141, 142, 143, 144, 145, 146, 147, 148, 149, 150, 151, 152,
    153, 154, 155, 156, 157, 158, 159, 160, 161, 162, 163, 164, 165, 166, 167, 168,
    169, 170, 171, 172, 173, 179, 186, 187,   2,   6,   7,   8,  10,  13,  14,  15,
     17,  19,  21,  22,  23,  26,  27,  28,  29,  30,  31,  32,  34,  35,  36,  37,
     38,  39,  40,  41,  43,  48,  51,  52,  54,  55,  56,  57,  58,  59,  60,  61,
     62,  64,  67,  82,  84,  85,  86,  87,  88,  96,  97,  98,  99, 106, 107, 108,
    122, 124, 125, 126, 127, 128, 129, 134, 135, 136, 137, 138, 139, 140, 142, 143,
    150, 151, 154, 155, 156, 157, 164, 172, 173, 174, 175, 179, 186, 187,   0,   2,
      4,   5,   6,   7,   9,  12,  13,  14,  15,  16,  18,  19,  20,  21,  24,  25,
     26,  28,  29,  32,  33,  34,  35,  36,  37,  38,  39,  40,  42,  45,  46,  47,
     48,  49,  51,  52,  54,  55,  56,  58,  59,  60,  61,  63,  64,  65,  66,  67,
     72,  74,  75,  79,  84,  87,  88,  89,  90,  91,  92,  93,  94,  95,  96,  97,
     98,  99, 100, 101, 102, 103, 104, 105, 106, 107, 108, 110, 111, 112, 113, 114,
    115, 116, 117, 118, 119, 120, 121, 125, 126, 127, 128, 129, 131, 132, 133, 134,
    137, 138, 139, 140, 141, 142, 143, 144, 145, 146, 147, 148, 149, 150, 151, 152,
    153, 154, 155, 156, 157, 158, 159, 160, 161, 162, 163, 164, 165, 166, 167, 168,
    169, 170, 171, 172, 173, 179, 186, 187,   0,   8,  10,  11,  16,  22,  23,  26,
     29,  36,  37,  39,  45,  46,  47,  49,  50,  53,  54,  55,  56,  57,  59,  60,
     61,  62,  63,  64,  84,  89,  90,  91,  92,  93,  94,  95, 101, 102, 103, 104,
    105, 106, 107, 108, 109, 110, 111, 112, 113, 114, 115, 116, 117, 118, 119, 120,
    121, 123, 132, 133, 134, 135, 136, 139, 140, 141, 142, 143, 144, 145, 146, 147,
    148, 149, 152, 153, 154, 155, 156, 157, 158, 159, 160, 161, 162, 163, 165, 166,
    167, 168, 169, 170, 174, 175,   6,   7,  13,  19,  26,  27,  29,  30,  31,  34,
     35,  36,  37,  38,  39,  40,  43,  67,  71,  76,  85,  86, 122, 124, 137,   2,
      3,   7,   9,  12,  14,  16,  17,  18,  19,  20,  21,  26,  28,  32,  33,  34,
     35,  36,  37,  38,  39,  42,  69,  71,  73,  76,  79,  81,  87, 137, 171, 172,
    173, 179, 183, 184,   2,   3,   6,   7,  13,  14,  18,  19,  21,  28,  32,  34,
     35,  36,  37,  39,  40,  42,  71,  73,  76,  87, 137, 172, 173, 179, 180, 184,
      2,   6,   7,   8,  10,  13,  14,  19,  21,  22,  23,  26,  27,  28,  31,  32,
     34,  35,  36,  37,  38,  39,  40,  42,  43,  67,  71,  76,  85,  86,  87, 122,
    124, 137, 172, 173, 174, 175, 179,   2,   6,   7,  13,  14,  15,  16,  19,  21,
     29,  34,  35,  36,  37,  39,  40,  42,  71,  76, 137, 172, 173, 179, 180,   7,
      8,  10,  12,  13,  19,  21,  22,  23,  26,  28,  32,  34,  35,  36,  37,  39,
     71,  87, 137, 174, 175,   2,   7,  13,  14,  19,  21,  26,  34,  35,  36,  37,
     38,  39,  71,  76, 137, 172, 173, 179, 180,   2,   7,   8,   9,  10,  11,  13,
     16,  17,  18,  19,  21,  26,  29,  36,  37,  38,  39,  70,  76,  79, 171, 173,
    174, 175, 185,   6,   7,  18,  19,  26,  34,  35,  36,  37,  38,  39,  43,  71,
    137,   6,   7,   8,  10,  13,  14,  17,  19,  26,  27,  29,  30,  31,  34,  35,
     36,  37,  38,  39,  40,  43,  67,  71,  85,  86, 122, 124, 137, 174, 175,   2,
      6,   7,   9,  15,  17,  20,  21,  24,  34,  35,  36,  37,  39,  42,  48,  51,
     52,  74,  75,  79,  88,  96,  97,  98,  99, 125, 126, 127, 128, 129, 131, 137,
    150, 151, 164, 171, 172, 173, 179, 186, 187,   2,   6,   7,   9,  15,  17,  20,
     21,  24,  34,  35,  36,  37,  39,  42,  48,  51,  52,  74,  75,  79,  88,  96,
     97,  98,  99, 125, 126, 127, 128, 129, 131, 137, 150, 151, 164, 171, 172, 173,
    179, 186, 187,   6,   7,  24,  43,  67,  74, 174, 175,   0,   8,  10,  26,  27,
     29,  30,  31,  34,  35,  36,  37,  38,  39,  40,  48,  51,  52,  54,  55,  56,
     59,  60,  61,  63,  64,  84,  85,  86,  88,  96,  97,  98,  99, 106, 107, 108,
    110, 122, 124, 125, 126, 127, 128, 129, 134, 137, 139, 140, 141, 142, 143, 150,
    151, 154, 155, 156, 157, 164, 168, 169, 170, 174, 175, 186, 187,   0,   1,   2,
      4,   7,   9,  11,  12,  14,  15,  16,  17,  18,  19,  20,  21,  24,  25,  26,
     28,  29,  32,  33,  34,  35,  36,  37,  39,  40,  42,  43,  45,  46,  47,  48,
     49,  51,  52,  54,  55,  56,  57,  58,  59,  60,  61,  63,  64,  67,  72,  73,
     74,  75,  79,  81,  82,  87,  88,  89,  90,  91,  92,  93,  94,  95,  96,  97,
     98,  99, 100, 101, 102, 103, 104, 105, 106, 107, 108, 110, 111, 112, 113, 114,
    115, 116, 117, 118, 119, 120, 121, 125, 126, 127, 128, 129, 130, 131, 132, 133,
    134, 135, 136, 137, 138, 139, 140, 141, 142, 143, 144, 145, 146, 147, 148, 149,
    150, 151, 152, 153, 154, 155, 156, 157, 158, 159, 160, 161, 162, 163, 164, 165,
    166, 167, 168, 169, 170, 171, 172, 173, 176, 177, 178, 186, 187,   6,   7,  19,
     21,  24,  26,  27,  31,  34,  35,  36,  37,  38,  39,  40,  42,  43,  47,  48,
     49,  51,  52,  54,  55,  56,  57,  58,  59,  60,  61,  63,  64,  67,  84,  85,
     86,  88,  93,  94,  95,  96,  97,  98,  99, 100, 101, 102, 103, 104, 105, 106,
    107, 108, 110, 113, 114, 115, 116, 117, 118, 119, 120, 121, 122, 124, 125, 126,
    127, 128, 129, 131, 132, 133, 134, 135, 136, 137, 138, 139, 140, 141, 142, 143,
    144, 145, 148, 149, 150, 151, 152, 153, 154, 155, 156, 157, 160, 161, 162, 163,
    164, 165, 166, 167, 168, 169, 170, 173, 176, 177, 186, 187,   7,  24,  29,  36,
     37,  38,  39,  40,  48,  49,  63,  64,  88, 110, 119, 120, 121, 141, 142, 143,
    144, 168, 169, 170, 176, 186, 187,   2,   6,   7,   8,  10,  13,  14,  19,  21,
     24,  26,  27,  29,  30,  31,  34,  35,  36,  37,  38,  39,  40,  42,  43,  46,
     48,  50,  53,  57,  58,  64,  67,  82,  84,  85,  86,  88, 109, 122, 123, 124,
    135, 136, 137, 138, 142, 143, 172, 174, 175, 176, 186, 187,   7,  26,  36,  37,
     38,  39,  46,  48,  49,  51,  52,  54,  55,  56,  58,  59,  60,  61,  63,  64,
     88,  96,  97,  98,  99, 106, 107, 108, 110, 119, 120, 121, 123, 125, 126, 127,
    128, 129, 134, 138, 139, 140, 141, 142, 143, 144, 150, 151, 154, 155, 156, 157,
    162, 164, 166, 168, 169, 170, 176, 186, 187,   0,   1,   2,   4,   7,   8,   9,
     10,  11,  13,  16,  21,  22,  23,  24,  26,  28,  29,  30,  32,  33,  34,  38,
     45,  46,  47,  48,  49,  50,  51,  52,  53,  54,  55,  56,  57,  58,  59,  60,
     61,  62,  63,  64,  72,  73,  74,  75,  79,  82,  84,  87,  88,  89,  90,  91,
     92,  93,  94,  95,  96,  97,  99, 100, 101, 102, 103, 104, 105, 106, 107, 108,
    109, 110, 111, 112, 113, 114, 115, 116, 117, 118, 119, 120, 121, 123, 125, 126,
    127, 128, 129, 130, 131, 132, 133, 134, 135, 136, 137, 138, 139, 140, 141, 142,
    143, 144, 145, 146, 147, 148, 149, 150, 151, 152, 153, 154, 155, 156, 157, 158,
    159, 160, 161, 162, 163, 164, 165, 166, 167, 168, 169, 170, 171, 172, 173, 174,
    175, 177, 178, 181, 182, 186, 187,   0,   2,   7,  13,  19,  21,  24,  26,  34,
     35,  36,  37,  38,  39,  40,  42,  48,  52,  54,  55,  56,  58,  59,  60,  61,
     63,  75,  84,  88, 106, 107, 108, 110, 129, 134, 137, 138, 139, 140, 141, 154,
    155, 156, 157, 168, 169, 170, 172, 173, 176, 177, 186, 187,   2,   4,   7,   9,
     12,  16,  18,  25,  28,  32,  45,  46,  47,  48,  49,  50,  51,  52,  53,  54,
     55,  56,  57,  58,  59,  60,  61,  62,  63,  64,  74,  79,  82,  87,  88,  89,
     90,  91,  92,  93,  94,  95,  96,  97,  98,  99, 100, 101, 102, 103, 104, 105,
    106, 107, 108, 109, 110, 111, 112, 113, 114, 115, 116, 117, 118, 119, 120, 121,
    123, 125, 126, 127, 128, 129, 131, 132, 133, 134, 135, 136, 138, 139, 140, 141,
    142, 143, 144, 145, 146, 147, 148, 149, 150, 151, 152, 153, 154, 155, 156, 157,
    158, 159, 160, 161, 162, 163, 164, 165, 166, 167, 168, 169, 170, 171, 186, 187,
      2,   4,   7,   9,  12,  16,  18,  25,  28,  32,  45,  46,  47,  48,  49,  50,
     51,  52,  53,  54,  55,  56,  57,  58,  59,  60,  61,  62,  63,  64,  74,  79,
     82,  87,  88,  89,  90,  91,  92,  93,  94,  95,  96,  97,  98,  99, 100, 101,
    102, 103, 104, 105, 106, 107, 108, 109, 110, 111, 112, 113, 114, 115, 116, 117,
    118, 119, 120, 121, 123, 125, 126, 127, 128, 129, 131, 132, 133, 134, 135, 136,
    138, 139, 140, 141, 142, 143, 144, 145, 146, 147, 148, 149, 150, 151, 152, 153,
    154, 155, 156, 157, 158, 159, 160, 161, 162, 163, 164, 165, 166, 167, 168, 169,
    170, 171, 186, 187,   1,   2,   4,   7,   8,   9,  10,  11,  12,  16,  18,  22,
     23,  25,  26,  28,  29,  32,  45,  46,  47,  48,  49,  50,  51,  52,  53,  54,
     55,  56,  57,  58,  59,  60,  61,  62,  63,  64,  74,  79,  82,  84,  87,  88,
     89,  90,  91,  92,  93,  94,  95,  97,  98,  99, 100, 101, 102, 103, 104, 105,
    106, 107, 108, 109, 110, 111, 112, 113, 114, 115, 116, 117, 118, 119, 120, 121,
    123, 125, 126, 127, 128, 129, 131, 132, 133, 134, 135, 136, 138, 139, 140, 141,
    142, 143, 144, 145, 146, 147, 148, 149, 150, 151, 152, 153, 154, 155, 156, 157,
    158, 159, 160, 161, 162, 163, 164, 165, 166, 167, 168, 169, 170, 171, 173, 174,
    175, 177, 186, 187,   0,   2,   4,   7,   9,  11,  12,  15,  16,  17,  18,  19,
     20,  21,  24,  25,  26,  28,  32,  33,  34,  35,  36,  37,  39,  43,  45,  46,
     47,  48,  49,  50,  51,  52,  53,  54,  55,  56,  57,  58,  59,  60,  61,  62,
     63,  64,  72,  73,  74,  75,  79,  81,  84,  87,  88,  89,  90,  91,  92,  93,
     94,  95,  96,  97,  98,  99, 100, 101, 102, 103, 104, 105, 106, 107, 108, 109,
    110, 111, 112, 113, 114, 115, 116, 117, 118, 119, 120, 121, 123, 125, 126, 127,
    128, 129, 130, 131, 132, 133, 134, 135, 136, 137, 138, 139, 140, 141, 142, 143,
    144, 145, 146, 147, 148, 149, 150, 151, 152, 153, 154, 155, 156, 157, 158, 159,
    160, 161, 162, 163, 164, 165, 166, 167, 168, 169, 170, 171, 172, 177, 178, 186,
    187,   0,   2,   7,   8,  10,  13,  14,  16,  19,  21,  22,  23,  24,  28,  29,
     32,  33,  34,  35,  36,  37,  38,  39,  40,  42,  48,  51,  54,  55,  56,  58,
     59,  60,  61,  63,  64,  72,  73,  74,  75,  81,  87,  88,  96,  97,  98,  99,
    106, 107, 108, 110, 125, 126, 127, 128, 134, 137, 138, 139, 140, 141, 142, 143,
    150, 151, 154, 155, 156, 157, 164, 168, 169, 170, 172, 173, 174, 175, 176, 177,
    186, 187,   4,   7,   9,  12,  16,  18,  19,  20,  21,  24,  25,  28,  32,  35,
     45,  46,  47,  48,  49,  51,  52,  54,  55,  56,  57,  58,  59,  60,  61,  63,
     64,  74,  79,  82,  87,  88,  89,  90,  91,  92,  93,  94,  95,  96,  97,  98,
     99, 100, 101, 102, 103, 104, 105, 106, 107, 108, 109, 110, 111, 112, 113, 114,
    115, 116, 117, 118, 119, 120, 121, 125, 126, 127, 128, 129, 131, 132, 133, 134,
    135, 136, 138, 139, 140, 141, 142, 143, 144, 145, 146, 147, 148, 149, 150, 151,
    152, 153, 154, 155, 156, 157, 158, 159, 160, 161, 162, 163, 164, 165, 166, 167,
    168, 169, 170, 171, 172, 176, 177, 186, 187,   2,   4,   7,   8,   9,  10,  12,
     16,  18,  22,  23,  25,  26,  28,  29,  32,  45,  46,  47,  48,  49,  50,  51,
     52,  53,  54,  55,  56,  57,  58,  59,  60,  61,  62,  63,  64,  74,  79,  82,
     84,  87,  88,  89,  90,  91,  92,  93,  94,  95,  96,  97,  98,  99, 100, 101,
    102, 103, 104, 105, 106, 107, 108, 109, 110, 111, 112, 113, 114, 115, 116, 117,
    118, 119, 120, 121, 123, 125, 126, 127, 128, 129, 131, 132, 133, 134, 135, 136,
    138, 139, 140, 141, 142, 143, 144, 145, 146, 147, 148, 149, 150, 151, 152, 153,
    154, 155, 156, 157, 158, 159, 160, 161, 162, 163, 164, 165, 166, 167, 168, 169,
    170, 171, 174, 175, 186, 187,   2,   6,   7,   8,  10,  13,  19,  21,  24,  26,
     27,  29,  30,  31,  34,  35,  36,  37,  38,  39,  40,  42,  43,  46,  48,  50,
     53,  57,  64,  67,  82,  84,  85,  86,  88, 109, 122, 123, 124, 135, 136, 137,
    142, 143, 172, 173, 174, 175, 176, 186, 187,   0,   4,   6,   8,   9,  10,  11,
     16,  26,  27,  29,  30,  31,  34,  36,  37,  38,  39,  43,  45,  47,  48,  51,
     52,  62,  67,  72,  74,  79,  84,  85,  86,  88,  89,  90,  91,  92,  93,  94,
     95,  96,  97,  98,  99, 100, 101, 102, 103, 104, 105, 111, 112, 113, 114, 115,
    116, 117, 118, 122, 123, 124, 125, 126, 127, 128, 129, 130, 131, 132, 133, 137,
    145, 146, 147, 148, 149, 150, 151, 152, 153, 158, 159, 160, 161, 162, 163, 164,
    165, 166, 167, 171, 172, 173, 174, 175, 182, 186, 187,   2,   6,   7,   8,  10,
     13,  19,  21,  23,  24,  26,  27,  29,  30,  31,  34,  35,  36,  37,  38,  39,
     40,  42,  43,  44,  46,  48,  50,  52,  53,  57,  64,  66,  67,  82,  84,  85,
     86,  88, 109, 122, 123, 124, 129, 135, 136, 137, 142, 143, 172, 173, 174, 175,
    176, 186, 187,   0,   2,   4,   7,   9,  11,  12,  16,  18,  19,  20,  21,  24,
     25,  28,  29,  32,  34,  35,  36,  37,  38,  39,  42,  45,  47,  48,  49,  52,
     54,  55,  56,  59,  60,  61,  63,  64,  72,  73,  74,  75,  79,  81,  82,  87,
     88,  89,  90,  91,  92,  93,  94,  95, 100, 101, 102, 103, 104, 105, 106, 107,
    108, 110, 111, 112, 113, 114, 115, 116, 117, 118, 119, 120, 121, 129, 131, 132,
    133, 134, 137, 139, 140, 141, 142, 143, 144, 145, 146, 147, 148, 149, 152, 153,
    154, 155, 156, 157, 158, 159, 160, 161, 162, 163, 165, 166, 167, 168, 169, 170,
    171, 172, 173, 176, 177, 178, 186, 187,   6,   7,  19,  24,  26,  33,  34,  35,
     36,  37,  38,  39,  40,  47,  48,  49,  51,  52,  57,  58,  59,  60,  63,  64,
     82,  84,  88,  93,  94,  95,  96,  97,  98,  99, 100, 101, 102, 103, 104, 105,
    106, 107, 108, 110, 113, 114, 115, 116, 117, 118, 119, 120, 121, 125, 126, 127,
    128, 129, 132, 133, 135, 136, 137, 138, 139, 140, 141, 142, 143, 144, 145, 148,
    149, 150, 151, 152, 153, 156, 157, 160, 161, 162, 163, 164, 165, 166, 167, 168,
    169, 170, 172, 173, 176, 178, 186, 187,   0,   1,   2,   4,   7,   8,   9,  10,
     11,  16,  22,  23,  24,  26,  28,  29,  32,  38,  45,  46,  47,  48,  49,  50,
     51,  52,  54,  55,  56,  57,  59,  60,  61,  62,  63,  64,  74,  79,  82,  84,
     87,  88,  89,  90,  91,  92,  93,  94,  95,  96,  97,  98,  99, 100, 101, 102,
    103, 104, 105, 106, 107, 108, 109, 110, 111, 112, 113, 114, 115, 116, 117, 118,
    119, 120, 121, 123, 125, 126, 127, 128, 129, 132, 133, 134, 135, 136, 138, 139,
    140, 141, 142, 143, 144, 145, 146, 147, 148, 149, 150, 151, 152, 153, 154, 155,
    156, 157, 158, 159, 160, 161, 162, 163, 164, 165, 166, 167, 168, 169, 170, 171,
    172, 173, 174, 175, 178, 182, 186, 187,   1,   2,   4,   7,   8,   9,  10,  11,
     12,  16,  17,  18,  22,  23,  25,  26,  28,  29,  32,  36,  45,  46,  47,  48,
     49,  50,  51,  52,  53,  54,  55,  56,  57,  58,  59,  60,  61,  62,  63,  64,
     74,  79,  82,  84,  87,  88,  89,  90,  91,  92,  93,  94,  95,  96,  97,  98,
     99, 100, 101, 102, 103, 104, 105, 106, 107, 108, 109, 110, 111, 112, 113, 114,
    115, 116, 117, 118, 119, 120, 121, 123, 125, 126, 127, 128, 129, 131, 132, 133,
    134, 135, 136, 138, 139, 140, 141, 142, 143, 144, 145, 146, 147, 148, 149, 150,
    151, 152, 153, 154, 155, 156, 157, 158, 159, 160, 161, 162, 163, 164, 165, 166,
    167, 168, 169, 170, 171, 173, 174, 175, 186, 187,   0,   1,   2,   4,   7,   8,
      9,  10,  11,  12,  13,  14,  15,  16,  17,  18,  20,  21,  22,  23,  24,  25,
     26,  28,  29,  32,  33,  42,  43,  45,  46,  47,  48,  49,  50,  51,  52,  53,
     54,  55,  56,  57,  58,  59,  60,  61,  62,  63,  64,  67,  72,  74,  79,  82,
     84,  87,  88,  89,  90,  91,  92,  93,  94,  95,  96,  97,  98,  99, 100, 101,
    102, 103, 104, 105, 106, 107, 108, 109, 110, 111, 112, 113, 114, 115, 116, 117,
    118, 119, 120, 121, 123, 125, 126, 127, 128, 129, 130, 131, 132, 133, 134, 135,
    136, 138, 139, 140, 141, 142, 143, 144, 145, 146, 147, 149, 150, 151, 152, 153,
    154, 155, 156, 157, 158, 159, 160, 161, 162, 163, 164, 165, 166, 167, 168, 169,
    170, 171, 173, 174, 175, 176, 177, 178, 186, 187,   0,   1,   2,   4,   7,   8,
      9,  10,  11,  12,  13,  14,  15,  16,  17,  18,  20,  21,  22,  23,  24,  25,
     26,  28,  29,  32,  33,  42,  43,  45,  46,  47,  48,  49,  50,  51,  52,  53,
     54,  55,  56,  57,  58,  59,  60,  61,  62,  63,  64,  67,  74,  79,  82,  84,
     87,  88,  89,  90,  91,  92,  93,  94,  95,  96,  97,  98,  99, 100, 101, 102,
    103, 104, 105, 106, 107, 108, 109, 110, 111, 112, 113, 114, 115, 116, 117, 118,
    119, 120, 121, 123, 125, 126, 127, 128, 129, 131, 132, 133, 134, 135, 136, 138,
    139, 140, 141, 142, 143, 144, 145, 146, 147, 148, 149, 150, 151, 152, 153, 154,
    155, 156, 157, 158, 159, 160, 161, 162, 163, 164, 165, 166, 167, 168, 169, 170,
    171, 173, 174, 175, 176, 177, 178, 186, 187,   0,   2,   4,   7,   9,  11,  12,
     15,  16,  17,  18,  19,  20,  21,  24,  25,  28,  32,  33,  34,  35,  36,  37,
     39,  43,  45,  46,  47,  48,  49,  50,  51,  52,  53,  54,  55,  56,  57,  58,
     59,  60,  61,  62,  63,  64,  72,  73,  74,  75,  79,  81,  87,  88,  89,  90,
     91,  92,  93,  94,  95,  96,  97,  98,  99, 100, 101, 102, 103, 104, 105, 106,
    107, 108, 109, 110, 111, 112, 113, 114, 115, 116, 117, 118, 119, 120, 121, 123,
    125, 126, 127, 128, 129, 130, 131, 132, 133, 134, 135, 136, 137, 138, 139, 140,
    141, 142, 143, 144, 145, 146, 147, 148, 149, 150, 151, 152, 153, 154, 155, 156,
    157, 158, 159, 160, 161, 162, 163, 164, 165, 166, 167, 168, 169, 170, 171, 172,
    173, 176, 177, 178, 186, 187,   0,   1,   2,   4,   7,   8,   9,  10,  11,  12,
     13,  14,  15,  16,  17,  18,  20,  21,  22,  23,  24,  25,  26,  28,  29,  32,
     33,  38,  40,  43,  45,  46,  47,  48,  49,  50,  51,  52,  53,  54,  55,  56,
     57,  58,  59,  60,  61,  62,  63,  64,  72,  73,  74,  79,  81,  82,  84,  87,
     88,  89,  90,  91,  92,  93,  94,  95,  96,  97,  98,  99, 100, 101, 102, 103,
    104, 105, 106, 107, 108, 109, 110, 111, 112, 113, 114, 115, 116, 117, 118, 119,
    120, 121, 123, 125, 126, 127, 128, 129, 131, 132, 133, 134, 135, 136, 138, 139,
    140, 141, 142, 143, 144, 145, 146, 147, 148, 149, 150, 151, 152, 153, 154, 155,
    156, 157, 158, 159, 160, 161, 162, 163, 164, 165, 166, 167, 168, 169, 170, 171,
    173, 174, 175, 176, 177, 178, 186, 187,   2,   7,  19,  21,  24,  26,  27,  28,
     29,  30,  31,  32,  33,  34,  35,  36,  37,  39,  40,  46,  47,  48,  49,  51,
     52,  54,  55,  56,  57,  58,  59,  60,  61,  63,  64,  85,  86,  87,  88,  93,
     94,  95,  96,  97,  98,  99, 100, 101, 102, 103, 104, 105, 106, 107, 108, 110,
    113, 114, 115, 116, 117, 118, 119, 120, 121, 122, 124, 125, 126, 127, 128, 129,
    131, 132, 133, 134, 135, 136, 137, 138, 139, 140, 141, 142, 143, 144, 145, 148,
    149, 150, 151, 152, 153, 154, 155, 156, 157, 160, 161, 162, 163, 164, 165, 166,
    167, 168, 169, 170, 172, 173, 176, 177, 178, 186, 187,   0,   2,   4,   5,   7,
      8,   9,  10,  16,  18,  28,  29,  32,  36,  37,  38,  39,  45,  46,  47,  48,
     50,  51,  52,  53,  54,  55,  56,  58,  59,  60,  61,  63,  64,  72,  74,  82,
     84,  87,  88,  89,  90,  91,  92,  93,  94,  95,  96,  97,  98,  99, 100, 101,
    102, 103, 104, 105, 106, 107, 108, 109, 110, 111, 112, 113, 114, 115, 116, 117,
    118, 123, 125, 126, 127, 128, 129, 131, 132, 133, 134, 136, 138, 139, 140, 141,
    142, 143, 145, 146, 147, 148, 149, 150, 151, 152, 153, 154, 155, 156, 157, 158,
    159, 160, 161, 162, 163, 164, 165, 166, 167, 168, 169, 170, 171, 174, 175, 179,
    186, 187,   0,  19,  21,  26,  28,  32,  34,  35,  36,  37,  38,  39,  42,  48,
     51,  52,  54,  55,  56,  58,  59,  60,  61,  63,  84,  87,  88,  96,  97,  98,
     99, 106, 107, 108, 110, 125, 126, 127, 128, 129, 134, 137, 138, 139, 140, 141,
    150, 151, 154, 155, 156, 157, 164, 168, 169, 170, 186, 187,   9, 171,   0,   8,
     23,  48,  49,  52,  88, 109, 119, 120, 121, 129, 144, 186, 187,   1,   2,   4,
      6,   7,   8,   9,  10,  22,  23,  24,  25,  28,  29,  32,  34,  35,  36,  37,
     39,  40,  42,  43,  48,  57,  58,  60,  61,  62,  63,  67,  72,  73,  74,  75,
     79,  81,  82,  87,  88, 110, 135, 136, 137, 138, 141, 168, 169, 170, 171, 172,
    173, 174, 175, 176, 177, 186, 187,   2,   6,   7,  24,  26,  27,  28,  30,  31,
     32,  33,  34,  35,  36,  37,  38,  39,  40,  42,  43,  48,  58,  67,  73,  75,
     82,  85,  86,  87,  88, 122, 124, 137, 138, 172, 173, 176, 177, 186, 187,   2,
      6,   7,   9,  24,  26,  27,  28,  30,  31,  32,  33,  34,  35,  36,  37,  38,
     39,  40,  42,  47,  48,  67,  73,  74,  75,  79,  81,  85,  86,  87,  88,  93,
     94,  95, 101, 102, 103, 104, 105, 113, 114, 115, 116, 117, 118, 122, 124, 132,
    133, 137, 145, 148, 149, 152, 153, 160, 161, 162, 163, 165, 166, 167, 171, 172,
    173, 176, 177, 186, 187,   1,   2,   4,   6,   7,   8,   9,  10,  22,  23,  24,
     25,  28,  29,  32,  34,  35,  36,  37,  39,  42,  48,  57,  58,  60,  61,  62,
     63,  72,  73,  74,  75,  79,  81,  82,  87,  88, 110, 135, 136, 137, 138, 141,
    162, 168, 169, 170, 171, 172, 173, 174, 175, 176, 177, 186, 187,   2,   6,   7,
     24,  26,  27,  28,  30,  31,  32,  33,  34,  35,  36,  37,  38,  39,  40,  42,
     48,  57,  58,  64,  67,  73,  75,  81,  82,  85,  86,  87,  88, 122, 124, 135,
    136, 137, 138, 142, 143, 172, 173, 176, 177, 186, 187,   0,   1,   2,   4,   6,
      7,   8,   9,  10,  24,  25,  26,  27,  28,  29,  30,  31,  32,  33,  34,  35,
     36,  37,  38,  39,  40,  42,  43,  45,  47,  48,  51,  52,  54,  55,  56,  58,
     60,  61,  66,  67,  72,  73,  74,  75,  77,  78,  79,  80,  81,  85,  86,  87,
     88,  89,  90,  91,  92,  93,  94,  95,  96,  97,  98,  99, 100, 101, 103, 104,
    105, 106, 108, 110, 111, 112, 113, 114, 115, 116, 117, 118, 119, 120, 121, 122,
    123, 124, 125, 126, 127, 128, 129, 131, 132, 133, 134, 135, 136, 137, 138, 139,
    140, 141, 142, 143, 144, 145, 147, 148, 149, 150, 151, 152, 153, 154, 155, 156,
    157, 158, 159, 161, 162, 163, 164, 165, 166, 167, 168, 169, 170, 171, 172, 173,
    174, 175, 176, 177, 178, 181, 182, 186, 187,   2,   4,   6,   7,   8,   9,  10,
     23,  24,  25,  26,  27,  28,  29,  30,  31,  32,  33,  34,  35,  36,  37,  38,
     39,  40,  42,  43,  44,  45,  47,  48,  49,  52,  54,  55,  56,  58,  61,  63,
     67,  72,  73,  74,  75,  78,  79,  80,  85,  86,  87,  88,  89,  90,  91,  92,
     93,  94,  95, 100, 101, 102, 103, 104, 105, 109, 110, 111, 112, 113, 114, 115,
    116, 117, 118, 119, 120, 121, 122, 124, 129, 131, 132, 133, 134, 137, 138, 141,
    144, 145, 146, 147, 148, 149, 152, 153, 154, 155, 158, 159, 160, 161, 162, 163,
    165, 166, 167, 168, 169, 170, 171, 172, 173, 174, 175, 176, 177, 178, 181, 182,
    186, 187,   1,   2,   4,   6,   7,   8,   9,  10,  22,  23,  24,  25,  28,  29,
     32,  34,  35,  36,  37,  38,  39,  40,  42,  43,  48,  58,  60,  62,  63,  67,
     72,  73,  74,  75,  79,  81,  87,  88, 110, 137, 138, 141, 168, 169, 170, 171,
    172, 173, 174, 175, 176, 177, 186, 187,   2,   4,   6,   7,   8,   9,  10,  22,
     23,  24,  25,  28,  29,  32,  34,  35,  36,  37,  38,  39,  42,  46,  48,  58,
     60,  62,  63,  72,  73,  74,  75,  79,  81,  82,  87,  88, 110, 137, 138, 141,
    168, 169, 170, 171, 172, 173, 174, 175, 176, 177, 186, 187,  27,  28,  30,  31,
     32,  33,  35,  40,  46,  50,  52,  53,  63,  82,  85,  86,  87, 109, 110, 122,
    123, 124, 129, 141, 150, 168, 169, 170,   2,   4,   6,   7,   9,  24,  25,  27,
     28,  29,  31,  32,  33,  34,  35,  36,  37,  38,  39,  40,  42,  45,  47,  48,
     49,  51,  52,  54,  55,  56,  57,  59,  60,  61,  62,  63,  64,  67,  73,  74,
     75,  79,  81,  85,  86,  87,  88,  89,  90,  91,  92,  93,  94,  95,  96,  97,
     98,  99, 100, 101, 102, 103, 104, 105, 106, 107, 108, 110, 111, 112, 113, 114,
    115, 116, 117, 118, 119, 120, 121, 122, 124, 125, 126, 127, 128, 129, 131, 132,
    133, 134, 135, 136, 137, 139, 140, 141, 142, 143, 144, 145, 146, 147, 148, 149,
    150, 151, 152, 153, 154, 155, 156, 157, 158, 159, 160, 161, 162, 163, 164, 165,
    166, 167, 168, 169, 170, 171, 172, 173, 176, 177, 178, 186, 187,   1,   2,   4,
      6,   7,   8,   9,  10,  22,  23,  24,  25,  28,  29,  32,  34,  35,  36,  37,
     39,  42,  48,  52,  54,  55,  56,  58,  59,  60,  61,  62,  63,  72,  73,  74,
     75,  79,  81,  87,  88, 106, 107, 108, 110, 129, 134, 137, 138, 139, 140, 141,
    154, 155, 156, 157, 162, 168, 169, 170, 171, 172, 173, 174, 175, 176, 177, 186,
    187,   2,   6,   7,  24,  26,  27,  28,  30,  31,  32,  33,  34,  35,  36,  37,
     38,  39,  40,  42,  43,  48,  57,  58,  64,  67,  73,  75,  82,  85,  86,  87,
     88, 122, 124, 135, 136, 137, 138, 142, 143, 172, 173, 176, 177, 186, 187,   2,
      6,   7,  24,  26,  27,  28,  30,  31,  32,  33,  34,  35,  36,  37,  38,  39,
     40,  42,  43,  48,  58,  62,  67,  75,  82,  85,  86,  87,  88, 122, 124, 137,
    138, 172, 173, 176, 177, 186, 187,   2,   4,   7,  24,  27,  28,  30,  31,  32,
     33,  34,  35,  36,  37,  38,  39,  40,  42,  44,  52,  82,  85,  86,  87, 122,
    124, 129, 137, 172, 173, 176, 177,   0,   4,   6,   7,   8,   9,  10,  11,  24,
     26,  27,  29,  30,  31,  33,  34,  35,  36,  37,  38,  39,  40,  42,  43,  45,
     47,  48,  51,  52,  54,  55,  56,  59,  60,  61,  67,  74,  78,  79,  85,  86,
     88,  89,  90,  91,  92,  93,  94,  95,  96,  97,  98,  99, 100, 101, 102, 103,
    104, 105, 106, 107, 108, 111, 112, 113, 114, 115, 116, 117, 118, 122, 124, 125,
    126, 127, 128, 129, 131, 132, 133, 134, 137, 139, 140, 145, 146, 147, 148, 149,
    150, 151, 152, 153, 154, 155, 156, 157, 158, 159, 160, 161, 162, 163, 164, 165,
    166, 167, 171, 174, 175, 176, 182, 186, 187,   2,   4,   6,   7,   9,  24,  26,
     27,  28,  30,  31,  32,  33,  34,  35,  36,  37,  38,  39,  40,  42,  48,  54,
     55,  56,  57,  58,  63,  64,  67,  73,  74,  75,  79,  81,  85,  86,  87,  88,
    110, 122, 124, 131, 134, 135, 136, 137, 138, 141, 142, 143, 154, 155, 168, 169,
    170, 171, 172, 173, 176, 177, 178, 186, 187,   2,   6,   7,   9,  24,  26,  27,
     31,  34,  35,  36,  37,  38,  39,  40,  42,  52,  60,  61,  74,  79,  81,  85,
     86, 122, 124, 129, 131, 137, 171, 172, 173, 176, 178, 182,   1,   2,   4,   6,
      7,   8,   9,  10,  22,  23,  24,  25,  28,  29,  32,  34,  35,  36,  37,  39,
     42,  43,  48,  57,  60,  62,  63,  67,  72,  73,  74,  75,  79,  81,  82,  87,
     88, 110, 135, 136, 137, 141, 168, 169, 170, 171, 172, 173, 174, 175, 176, 177,
    186, 187,   2,   6,   7,  24,  26,  27,  28,  29,  30,  31,  32,  33,  34,  35,
     36,  37,  38,  39,  40,  42,  43,  48,  49,  57,  58,  62,  64,  67,  75,  82,
     85,  86,  87,  88, 119, 120, 121, 122, 124, 135, 136, 137, 138, 142, 143, 144,
    172, 173, 176, 177, 178, 186, 187,   2,   6,   7,  24,  26,  27,  28,  30,  31,
     32,  33,  34,  35,  36,  37,  38,  39,  40,  42,  43,  48,  58,  64,  67,  75,
     82,  85,  86,  87,  88, 122, 124, 137, 138, 142, 143, 172, 173, 176, 177, 186,
    187,   2,   6,   7,   9,  24,  26,  27,  28,  30,  31,  32,  33,  34,  35,  36,
     37,  38,  39,  40,  42,  47,  51,  52,  54,  55,  56,  59,  60,  67,  74,  78,
     79,  81,  85,  86,  87,  93,  94,  95,  96,  97,  98,  99, 101, 102, 103, 104,
    105, 106, 107, 108, 113, 114, 115, 116, 117, 118, 122, 124, 125, 126, 127, 128,
    129, 131, 132, 133, 134, 137, 139, 140, 145, 148, 149, 150, 151, 152, 153, 154,
    155, 156, 157, 160, 161, 162, 163, 164, 165, 166, 167, 171, 172, 173, 176, 177,
    178, 182,   2,   6,   7,  24,  26,  27,  30,  31,  33,  34,  35,  36,  37,  38,
     39,  40,  42,  67,  75,  82,  85,  86, 122, 124, 137, 172, 173, 176, 177, 178,
      0,   2,   4,   6,   7,   9,  24,  25,  26,  27,  28,  29,  30,  31,  32,  33,
     34,  35,  36,  37,  38,  39,  40,  42,  47,  48,  49,  54,  55,  56,  58,  59,
     60,  61,  63,  64,  67,  73,  74,  75,  79,  81,  82,  85,  86,  87,  88,  93,
     94,  95, 101, 102, 103, 104, 105, 106, 107, 108, 110, 113, 114, 115, 116, 117,
    118, 119, 120, 121, 122, 124, 131, 132, 133, 134, 137, 138, 139, 140, 141, 142,
    143, 144, 145, 148, 149, 152, 153, 154, 155, 156, 157, 160, 161, 162, 163, 165,
    166, 167, 168, 169, 170, 171, 172, 173, 174, 175, 176, 177, 178, 186, 187,   2,
      4,   5,   8,   9,  10,  12,  16,  18,  22,  23,  26,  28,  29,  32,  36,  37,
     38,  39,  45,  46,  47,  48,  50,  51,  52,  53,  54,  55,  56,  57,  58,  59,
     60,  61,  62,  63,  64,  72,  74,  82,  84,  87,  88,  89,  90,  91,  92,  93,
     94,  95,  96,  97,  98,  99, 101, 102, 103, 104, 105, 106, 107, 108, 109, 110,
    111, 112, 113, 114, 115, 116, 117, 118, 123, 125, 126, 127, 128, 129, 131, 132,
    133, 134, 135, 138, 139, 140, 141, 142, 143, 145, 146, 147, 148, 149, 150, 151,
    152, 153, 154, 155, 156, 157, 158, 159, 160, 161, 162, 163, 164, 165, 166, 167,
    168, 169, 170, 171, 174, 175, 186, 187,  48,  52,  88, 129, 186, 187,   2,   6,
      7,   8,  10, 172, 173, 174, 175, 179,   2,   7,   8,  10,  34,  35,  36,  37,
     39,  40,  48,  51,  52,  74,  82,  88,  96,  97,  98,  99, 125, 126, 127, 128,
    129, 131, 137, 150, 151, 164, 172, 173, 174, 175, 179, 186, 187,  14,  19,  21,
     12,  13,  15,  16,  17,  18,   2,   6,   7,  26,  34,  36,  37,  38,  39,  43,
     51,  52,  54,  55,  56,  59,  60,  61,  67,  84,  96,  97,  98,  99, 106, 107,
    108, 125, 126, 127, 128, 129, 134, 137, 139, 140, 150, 151, 154, 155, 156, 157,
    164, 172, 179,   6,  43,  67,   2,   4,   6,   7,   9,  24,  27,  28,  31,  32,
     33,  34,  35,  36,  37,  39,  40,  45,  46,  47,  49,  50,  51,  53,  63,  67,
     74,  77,  78,  80,  82,  85,  86,  87,  89,  90,  91,  92,  93,  94,  95,  96,
     97,  98,  99, 100, 101, 102, 103, 104, 105, 109, 110, 111, 112, 113, 114, 115,
    116, 117, 118, 119, 120, 121, 122, 123, 124, 125, 126, 127, 128, 130, 131, 132,
    133, 137, 141, 144, 145, 146, 147, 148, 149, 150, 151, 152, 153, 158, 159, 160,
    161, 162, 163, 164, 165, 166, 167, 168, 169, 170, 171, 172, 173, 179, 181,   0,
      6,   8,  10,  26,  27,  29,  30,  31,  36,  37,  38,  39,  43,  48,  51,  52,
     55,  58,  59,  60,  61,  67,  74,  84,  85,  86,  88,  96,  97,  98,  99, 106,
    107, 108, 122, 123, 124, 125, 126, 127, 128, 129, 138, 139, 140, 150, 151, 156,
    157, 164, 174, 175, 186, 187,  13,  14,  16,  19,  21,  46,  48,  51,  52,  58,
     59,  61,  88,  96,  97,  98,  99, 106, 107, 108, 125, 126, 127, 128, 129, 138,
    139, 140, 150, 151, 156, 157, 164, 186, 187,  46,  48,  51,  52,  54,  55,  56,
     58,  59,  60,  61,  88,  96,  97,  98,  99, 106, 107, 108, 125, 126, 127, 128,
    129, 134, 138, 139, 140, 150, 151, 154, 155, 156, 157, 164, 186, 187,  13,  14,
     15,  19,  21,  22,  23,  26,  27,  28,  29,  30,  31,  32,  34,  35,  36,  37,
     38,  39,  40,  48,  51,  52,  53,  54,  55,  56,  57,  58,  59,  60,  61,  62,
     64,  84,  85,  86,  87,  88,  96,  97,  98,  99, 106, 107, 108, 122, 124, 125,
    126, 127, 128, 129, 134, 135, 136, 137, 138, 139, 140, 142, 143, 150, 151, 154,
    155, 156, 157, 164, 186, 187,  46,  50,  51,  52,  54,  55,  56,  59,  60,  61,
     63,  82,  96,  97,  98,  99, 106, 107, 108, 109, 110, 123, 125, 126, 127, 128,
    129, 134, 139, 140, 141, 150, 151, 154, 155, 156, 157, 164, 168, 169, 170,   6,
     43,  67,   2,   6,   7,   8,  10,  22,  23,  24,  26,  27,  28,  29,  30,  31,
     32,  34,  35,  36,  37,  38,  39,  40,  43,  46,  48,  49,  50,  51,  52,  53,
     54,  55,  56,  57,  58,  59,  60,  61,  62,  63,  64,  67,  68,  72,  75,  82,
     83,  84,  85,  86,  87,  88,  96,  97,  98,  99, 106, 107, 108, 109, 110, 119,
    120, 121, 122, 123, 124, 125, 126, 127, 128, 129, 134, 135, 136, 137, 138, 139,
    140, 141, 142, 143, 144, 150, 151, 154, 155, 156, 157, 164, 168, 169, 170, 172,
    173, 174, 175, 179, 186, 187,   0,   2,   7,   8,  10,  22,  23,  26,  27,  28,
     29,  30,  31,  32,  33,  34,  35,  36,  37,  38,  39,  40,  45,  46,  47,  48,
     49,  50,  51,  52,  53,  54,  55,  56,  57,  58,  59,  60,  61,  62,  63,  64,
     74,  82,  84,  85,  86,  87,  88,  89,  90,  91,  92,  93,  94,  95,  96,  97,
     98,  99, 100, 101, 102, 103, 104, 105, 106, 107, 108, 109, 110, 111, 112, 113,
    114, 115, 116, 117, 118, 119, 120, 121, 122, 123, 124, 125, 126, 127, 128, 129,
    130, 131, 132, 133, 134, 135, 136, 137, 138, 139, 140, 141, 142, 143, 144, 145,
    146, 147, 148, 149, 150, 151, 152, 153, 154, 155, 156, 157, 158, 159, 160, 161,
    162, 163, 164, 165, 166, 167, 168, 169, 170, 172, 173, 174, 175, 179, 186, 187,
      2,   4,   7,   9,  12,  16,  18,  25,  28,  32,  45,  46,  47,  48,  49,  50,
     51,  52,  53,  54,  55,  56,  57,  58,  59,  60,  61,  62,  63,  64,  74,  79,
     82,  85,  87,  88,  89,  90,  91,  92,  93,  94,  95,  96,  97,  98,  99, 100,
    101, 102, 103, 104, 105, 106, 107, 108, 109, 110, 111, 112, 113, 114, 115, 116,
    117, 118, 119, 120, 121, 123, 125, 126, 127, 128, 129, 131, 132, 133, 134, 135,
    136, 138, 139, 140, 141, 142, 143, 144, 145, 146, 147, 148, 149, 150, 151, 152,
    153, 154, 155, 156, 157, 158, 159, 160, 161, 162, 163, 164, 165, 166, 167, 168,
    169, 170, 171, 186, 187,   2,   6,   7,   8,  10,  13,  19,  21,  24,  26,  27,
     29,  30,  31,  34,  35,  36,  37,  38,  39,  40,  42,  43,  46,  48,  50,  53,
     57,  64,  67,  82,  84,  85,  86,  88, 109, 122, 123, 124, 135, 136, 137, 142,
    143, 172, 173, 174, 175, 176, 186, 187,   2,   6,   7,   8,  10,  24,  26,  27,
     29,  30,  31,  34,  35,  36,  37,  38,  39,  40,  42,  43,  46,  48,  50,  53,
     57,  58,  62,  67,  82,  84,  85,  86,  88, 109, 122, 123, 124, 135, 136, 137,
    138, 172, 173, 174, 175, 176, 177, 186, 187,   2,   4,   6,   7,   9,  24,  25,
     26,  27,  28,  30,  31,  32,  33,  34,  35,  36,  37,  38,  39,  40,  42,  46,
     47,  48,  49,  51,  52,  54,  55,  56,  57,  58,  59,  60,  61,  63,  64,  67,
     72,  73,  74,  75,  79,  81,  82,  85,  86,  87,  88,  93,  94,  95,  96,  97,
     98,  99, 101, 102, 103, 104, 105, 106, 107, 108, 110, 113, 114, 115, 116, 117,
    118, 119, 120, 121, 122, 124, 125, 126, 127, 128, 129, 132, 133, 134, 135, 136,
    137, 138, 139, 140, 141, 142, 143, 144, 145, 148, 149, 150, 151, 152, 153, 154,
    155, 156, 157, 160, 161, 162, 163, 164, 165, 166, 167, 168, 169, 170, 171, 172,
    173, 176, 177, 186, 187,   1,   2,   4,   6,   7,   8,   9,  10,  22,  23,  24,
     25,  28,  29,  32,  34,  35,  36,  37,  39,  40,  42,  43,  48,  57,  58,  60,
     61,  62,  63,  67,  72,  73,  74,  75,  79,  81,  82,  87,  88, 110, 135, 136,
    137, 138, 141, 168, 169, 170, 171, 172, 173, 174, 175, 176, 177, 186, 187,   1,
      2,   4,   6,   7,   8,   9,  10,  22,  23,  24,  25,  28,  29,  32,  34,  35,
     36,  37,  39,  40,  42,  43,  48,  57,  58,  60,  61,  62,  63,  67,  72,  73,
     74,  75,  79,  81,  82,  87,  88, 110, 135, 136, 137, 138, 141, 168, 169, 170,
    171, 172, 173, 174, 175, 176, 177, 186, 187,   1,   2,   4,   6,   7,   8,   9,
     10,  22,  23,  24,  25,  28,  29,  32,  34,  35,  36,  37,  39,  40,  42,  43,
     48,  57,  58,  60,  61,  62,  63,  67,  72,  73,  74,  75,  79,  81,  82,  87,
     88, 110, 135, 136, 137, 138, 141, 168, 169, 170, 171, 172, 173, 174, 175, 176,
    177, 186, 187,   2,   6,   7,   9,  24,  26,  27,  28,  30,  31,  32,  33,  34,
     35,  36,  37,  38,  39,  40,  42,  47,  48,  52,  67,  73,  74,  75,  79,  81,
     85,  86,  87,  88,  93,  94,  95, 101, 102, 103, 104, 105, 113, 114, 115, 116,
    117, 118, 122, 124, 129, 132, 133, 137, 145, 148, 149, 152, 153, 160, 161, 162,
    163, 165, 166, 167, 171, 172, 173, 176, 177, 186, 187,   2,   6,   7,  24,  26,
     27,  28,  30,  31,  32,  33,  34,  35,  36,  37,  38,  39,  40,  42,  48,  57,
     58,  64,  67,  73,  75,  81,  82,  85,  86,  87,  88, 122, 124, 135, 136, 137,
    138, 142, 143, 172, 173, 176, 177, 186, 187,   2,   6,   7,  24,  26,  27,  28,
     30,  31,  32,  33,  34,  35,  36,  37,  38,  39,  40,  42,  48,  57,  58,  64,
     67,  73,  75,  81,  82,  85,  86,  87,  88, 122, 124, 135, 136, 137, 138, 142,
    143, 172, 173, 176, 177, 186, 187,   2,   6,   7,  24,  26,  27,  28,  30,  31,
     32,  33,  34,  35,  36,  37,  38,  39,  40,  42,  48,  57,  58,  64,  67,  73,
     75,  81,  82,  85,  86,  87,  88, 122, 124, 135, 136, 137, 138, 142, 143, 172,
    173, 176, 177, 186, 187,   2,   4,   6,   7,   8,   9,  10,  22,  23,  24,  25,
     28,  29,  32,  34,  35,  36,  37,  38,  39,  42,  46,  48,  58,  60,  62,  63,
     72,  73,  74,  75,  79,  81,  82,  87,  88, 110, 137, 138, 141, 168, 169, 170,
    171, 172, 173, 174, 175, 176, 177, 186, 187,   1,   2,   4,   6,   7,   8,   9,
     10,  22,  23,  24,  25,  28,  29,  32,  34,  35,  36,  37,  38,  39,  42,  43,
     46,  48,  50,  53,  58,  60,  62,  63,  67,  72,  73,  74,  75,  79,  81,  82,
     87,  88,  96,  99, 100, 109, 110, 123, 137, 138, 141, 168, 169, 170, 171, 172,
    173, 174, 175, 176, 177, 186, 187,   2,   4,   6,   7,   8,   9,  10,  22,  23,
     24,  25,  28,  29,  32,  34,  35,  36,  37,  38,  39,  42,  46,  48,  58,  60,
     62,  63,  72,  73,  74,  75,  79,  81,  82,  87,  88, 110, 137, 138, 141, 168,
    169, 170, 171, 172, 173, 174, 175, 176, 177, 186, 187,   1,   4,   6,   7,   8,
      9,  10,  22,  23,  24,  25,  28,  29,  32,  34,  35,  36,  37,  38,  39,  42,
     46,  48,  50,  53,  58,  60,  62,  63,  72,  73,  74,  75,  79,  81,  82,  87,
     88, 109, 110, 123, 137, 138, 141, 168, 169, 170, 171, 172, 173, 174, 175, 176,
    177, 186, 187,   2,   6,   7,  24,  26,  27,  28,  30,  31,  32,  33,  34,  35,
     36,  37,  38,  39,  40,  42,  43,  48,  57,  58,  67,  75,  82,  85,  86,  87,
     88, 122, 124, 135, 136, 137, 138, 172, 173, 176, 177, 186, 187,   2,   6,   7,
     24,  26,  27,  28,  30,  31,  32,  33,  34,  35,  36,  37,  38,  39,  40,  42,
     43,  48,  57,  58,  64,  67,  73,  75,  82,  85,  86,  87,  88, 122, 124, 135,
    136, 137, 138, 142, 143, 172, 173, 176, 177, 186, 187,   2,   6,   7,  24,  26,
     27,  28,  30,  31,  32,  33,  34,  35,  36,  37,  38,  39,  40,  42,  43,  48,
     57,  58,  64,  67,  73,  75,  82,  85,  86,  87,  88, 122, 124, 135, 136, 137,
    138, 142, 143, 172, 173, 176, 177, 186, 187,   2,   6,   7,  24,  26,  27,  28,
     30,  31,  32,  33,  34,  35,  36,  37,  38,  39,  40,  42,  43,  48,  57,  58,
     64,  67,  73,  75,  82,  85,  86,  87,  88, 122, 124, 135, 136, 137, 138, 142,
    143, 172, 173, 176, 177, 186, 187,   2,   6,   7,  24,  26,  27,  28,  30,  31,
     32,  33,  34,  35,  36,  37,  38,  39,  40,  42,  43,  48,  57,  58,  64,  67,
     73,  75,  82,  85,  86,  87,  88, 122, 124, 135, 136, 137, 138, 142, 143, 172,
    173, 176, 177, 186, 187,   2,   6,   7,  24,  26,  27,  28,  30,  31,  32,  33,
     34,  35,  36,  37,  38,  39,  40,  42,  43,  48,  57,  58,  64,  67,  73,  75,
     82,  85,  86,  87,  88, 122, 124, 135, 136, 137, 138, 142, 143, 172, 173, 176,
    177, 186, 187,   0,   1,   2,   4,   7,   9,  11,  12,  14,  15,  16,  17,  18,
     19,  20,  21,  24,  25,  26,  28,  29,  32,  33,  34,  35,  36,  37,  39,  40,
     42,  43,  45,  46,  47,  48,  49,  51,  52,  54,  55,  56,  57,  58,  59,  60,
     61,  63,  64,  67,  72,  73,  74,  75,  79,  81,  82,  87,  88,  89,  90,  91,
     92,  93,  94,  95,  96,  97,  98,  99, 100, 101, 102, 103, 104, 105, 106, 107,
    108, 110, 111, 112, 113, 114, 115, 116, 117, 118, 119, 120, 121, 125, 126, 127,
    128, 129, 130, 131, 132, 133, 134, 135, 136, 137, 138, 139, 140, 141, 142, 143,
    144, 145, 146, 147, 148, 149, 150, 151, 152, 153, 154, 155, 156, 157, 158, 159,
    160, 161, 162, 163, 164, 165, 166, 167, 168, 169, 170, 171, 172, 173, 176, 177,
    178, 186, 187,   1,   2,   4,   6,   7,   8,   9,  10,  22,  23,  24,  25,  28,
     29,  32,  34,  35,  36,  37,  39,  40,  42,  43,  48,  52,  57,  58,  60,  61,
     63,  67,  72,  73,  74,  75,  79,  81,  87,  88, 110, 129, 135, 136, 137, 138,
    141, 168, 169, 170, 171, 172, 173, 174, 175, 176, 177, 186, 187,   2,   6,   7,
      9,  24,  26,  27,  28,  30,  31,  32,  33,  34,  35,  36,  37,  38,  39,  40,
     42,  46,  47,  48,  50,  67,  73,  74,  75,  79,  81,  85,  86,  87,  88,  93,
     94,  95, 101, 102, 103, 104, 105, 109, 113, 114, 115, 116, 117, 118, 122, 123,
    124, 132, 133, 137, 145, 148, 149, 152, 153, 160, 161, 162, 163, 165, 166, 167,
    171, 172, 173, 176, 177, 186, 187,   2,   6,   7,   9,  24,  26,  27,  28,  30,
     31,  32,  33,  34,  35,  36,  37,  38,  39,  40,  42,  47,  48,  67,  73,  74,
     75,  79,  81,  85,  86,  87,  88,  93,  94,  95, 101, 102, 103, 104, 105, 113,
    114, 115, 116, 117, 118, 122, 124, 132, 133, 137, 145, 148, 149, 152, 153, 160,
    161, 162, 163, 165, 166, 167, 171, 172, 173, 176, 177, 186, 187,   2,   6,   7,
      9,  24,  26,  27,  28,  30,  31,  32,  33,  34,  35,  36,  37,  38,  39,  40,
     42,  47,  48,  67,  73,  74,  75,  79,  81,  85,  86,  87,  88,  93,  94,  95,
    101, 102, 103, 104, 105, 113, 114, 115, 116, 117, 118, 122, 124, 132, 133, 137,
    145, 148, 149, 152, 153, 160, 161, 162, 163, 165, 166, 167, 171, 172, 173, 176,
    177, 186, 187,   0,   1,   2,   4,   6,   7,   8,   9,  10,  24,  43,  46,  48,
     50,  51,  52,  53,  54,  55,  56,  58,  60,  61,  63,  67,  72,  74,  75,  82,
     88,  96,  97,  98,  99, 109, 110, 123, 125, 126, 127, 128, 129, 134, 138, 141,
    143, 150, 151, 154, 155, 164, 168, 169, 170, 171, 172, 173, 174, 175, 186, 187,
      1,   2,   4,   6,   7,   8,   9,  10,  22,  23,  24,  25,  28,  29,  32,  34,
     35,  36,  37,  39,  42,  46,  48,  50,  53,  57,  58,  60,  61,  62,  63,  72,
     73,  74,  75,  79,  81,  82,  87,  88, 109, 110, 123, 125, 135, 136, 137, 138,
    141, 162, 168, 169, 170, 171, 172, 173, 174, 175, 176, 177, 186, 187,   2,   6,
      7,  24,  26,  27,  28,  30,  31,  32,  33,  34,  35,  36,  37,  38,  39,  40,
     42,  48,  57,  58,  64,  67,  73,  75,  81,  82,  85,  86,  87,  88, 122, 124,
    135, 136, 137, 138, 142, 143, 172, 173, 176, 177, 186, 187,   2,   6,   7,  24,
     26,  27,  28,  30,  31,  32,  33,  34,  35,  36,  37,  38,  39,  40,  42,  48,
     57,  58,  64,  67,  73,  75,  81,  82,  85,  86,  87,  88, 122, 124, 135, 136,
    137, 138, 142, 143, 172, 173, 176, 177, 186, 187,   7,  26,  36,  37,  38,  39,
     46,  48,  49,  51,  52,  54,  55,  56,  58,  59,  60,  61,  63,  64,  88,  96,
     97,  98,  99, 106, 107, 108, 110, 119, 120, 121, 123, 125, 126, 127, 128, 129,
    134, 138, 139, 140, 141, 142, 143, 144, 150, 151, 154, 155, 156, 157, 162, 164,
    166, 168, 169, 170, 176, 186, 187,   2,   6,   7,  24,  26,  27,  28,  30,  31,
     32,  33,  34,  35,  36,  37,  38,  39,  40,  42,  48,  52,  57,  58,  64,  67,
     73,  75,  81,  82,  85,  86,  87,  88, 122, 124, 129, 135, 136, 137, 138, 142,
    143, 172, 173, 176, 177, 186, 187,   2,   6,   7,  24,  26,  27,  28,  30,  31,
     32,  33,  34,  35,  36,  37,  38,  39,  40,  42,  48,  57,  58,  64,  67,  73,
     75,  81,  82,  85,  86,  87,  88, 122, 124, 135, 136, 137, 138, 142, 143, 172,
    173, 176, 177, 186, 187,   2,   4,   7,   9,  12,  16,  18,  25,  28,  32,  45,
     46,  47,  48,  49,  50,  51,  52,  53,  54,  55,  56,  57,  58,  59,  60,  61,
     62,  63,  64,  74,  79,  82,  87,  88,  89,  90,  91,  92,  93,  94,  95,  96,
     97,  98,  99, 100, 101, 102, 103, 104, 105, 106, 107, 108, 109, 110, 111, 112,
    113, 114, 115, 116, 117, 118, 119, 120, 121, 123, 125, 126, 127, 128, 129, 131,
    132, 133, 134, 135, 136, 138, 139, 140, 141, 142, 143, 144, 145, 146, 147, 148,
    149, 150, 151, 152, 153, 154, 155, 156, 157, 158, 159, 160, 161, 162, 163, 164,
    165, 166, 167, 168, 169, 170, 171, 186, 187,   2,   4,   6,   7,   8,   9,  10,
     22,  23,  24,  25,  28,  29,  32,  34,  35,  36,  37,  38,  39,  42,  46,  48,
     50,  53,  58,  60,  62,  63,  72,  73,  74,  75,  79,  81,  82,  87,  88, 109,
    110, 123, 137, 138, 141, 168, 169, 170, 171, 172, 173, 174, 175, 176, 177, 186,
    187,   2,   4,   6,   7,   8,   9,  10,  22,  23,  24,  25,  28,  29,  32,  34,
     35,  36,  37,  38,  39,  42,  46,  48,  50,  53,  58,  60,  62,  63,  72,  73,
     74,  75,  79,  81,  82,  87,  88, 109, 110, 123, 137, 138, 141, 168, 169, 170,
    171, 172, 173, 174, 175, 176, 177, 186, 187,   2,   4,   6,   7,   8,   9,  10,
     22,  23,  24,  25,  28,  29,  32,  34,  35,  36,  37,  38,  39,  42,  43,  46,
     48,  50,  58,  60,  62,  63,  72,  73,  74,  75,  79,  81,  82,  87,  88, 109,
    110, 123, 137, 138, 141, 168, 169, 170, 171, 172, 173, 174, 175, 176, 177, 186,
    187,   2,   4,   7,   9,  12,  16,  18,  25,  28,  32,  45,  46,  47,  48,  49,
     50,  51,  52,  53,  54,  55,  56,  57,  58,  59,  60,  61,  62,  63,  64,  74,
     79,  82,  87,  88,  89,  90,  91,  92,  93,  94,  95,  96,  97,  98,  99, 100,
    101, 102, 103, 104, 105, 106, 107, 108, 109, 110, 111, 112, 113, 114, 115, 116,
    117, 118, 119, 120, 121, 123, 125, 126, 127, 128, 129, 131, 132, 133, 134, 135,
    136, 138, 139, 140, 141, 142, 143, 144, 145, 146, 147, 148, 149, 150, 151, 152,
    153, 154, 155, 156, 157, 158, 159, 160, 161, 162, 163, 164, 165, 166, 167, 168,
    169, 170, 171, 186, 187,   2,   4,   6,   7,   8,   9,  10,  22,  23,  24,  25,
     28,  29,  32,  34,  35,  36,  37,  38,  39,  42,  46,  48,  52,  58,  60,  62,
     63,  72,  73,  74,  75,  79,  81,  82,  87,  88, 110, 129, 137, 138, 141, 168,
    169, 170, 171, 172, 173, 174, 175, 176, 177, 186, 187,   2,   7,  27,  28,  30,
     31,  32,  33,  35,  40,  50,  52,  53,  63,  75,  82,  85,  86,  87, 109, 110,
    122, 123, 124, 129, 141, 150, 168, 169, 170, 172,   0,   2,   7,   8,  10,  13,
     14,  16,  19,  21,  22,  23,  24,  28,  29,  32,  33,  34,  35,  36,  37,  39,
     40,  42,  46,  48,  50,  51,  52,  53,  54,  55,  56,  58,  59,  60,  61,  63,
     64,  72,  73,  74,  75,  81,  87,  88,  96,  97,  98,  99, 106, 107, 108, 109,
    110, 123, 125, 126, 127, 128, 129, 134, 137, 138, 139, 140, 141, 142, 143, 150,
    151, 154, 155, 156, 157, 164, 168, 169, 170, 172, 173, 174, 175, 176, 177, 186,
    187,   0,   1,   2,   4,   6,   7,   8,   9,  10,  24,  43,  46,  48,  50,  51,
     52,  53,  58,  62,  63,  67,  72,  74,  75,  88,  96,  97,  98,  99, 109, 110,
    115, 123, 125, 126, 127, 128, 129, 136, 138, 141, 143, 150, 151, 164, 168, 169,
    170, 171, 172, 173, 174, 175, 186, 187,   2,   4,   6,   7,   9,  24,  48,  63,
     67,  74,  75,  88, 110, 131, 141, 168, 169, 170, 171, 172, 173, 186, 187,   1,
      2,   4,   6,   7,   8,   9,  10,  22,  23,  24,  25,  28,  29,  32,  34,  35,
     36,  37,  38,  39,  40,  42,  43,  48,  58,  60,  62,  63,  67,  72,  73,  74,
     75,  79,  81,  87,  88, 110, 137, 138, 141, 168, 169, 170, 171, 172, 173, 174,
    175, 176, 177, 186, 187,   2,   4,   7,  24,  48,  52,  75,  82,  88, 129, 172,
    173, 186, 187,   2,   6,   7,  24,  26,  27,  28,  30,  31,  32,  33,  34,  35,
     36,  37,  38,  39,  40,  42,  43,  48,  57,  58,  64,  67,  73,  75,  82,  85,
     86,  87,  88, 122, 124, 135, 136, 137, 138, 142, 143, 172, 173, 176, 177, 186,
    187,   2,   6,   7,  24,  26,  27,  28,  30,  31,  32,  33,  34,  35,  36,  37,
     38,  39,  40,  42,  43,  48,  57,  58,  64,  67,  73,  75,  82,  85,  86,  87,
     88, 122, 124, 135, 136, 137, 138, 142, 143, 172, 173, 176, 177, 186, 187,   2,
      6,   7,  24,  26,  27,  28,  30,  31,  32,  33,  34,  35,  36,  37,  38,  39,
     40,  42,  46,  48,  50,  57,  58,  64,  67,  73,  75,  82,  85,  86,  87,  88,
    109, 122, 123, 124, 135, 136, 137, 138, 142, 143, 172, 173, 176, 177, 186, 187,
      2,   4,   6,   7,   9,  24,  26,  27,  28,  30,  31,  32,  33,  34,  35,  36,
     37,  38,  39,  40,  42,  46,  48,  50,  54,  55,  56,  57,  58,  63,  64,  67,
     73,  74,  75,  79,  81,  85,  86,  87,  88, 109, 110, 122, 123, 124, 131, 134,
    135, 136, 137, 138, 141, 142, 143, 154, 155, 168, 169, 170, 171, 172, 173, 176,
    177, 178, 186, 187,   2,   4,   6,   7,   9,  24,  26,  27,  28,  30,  31,  32,
     33,  34,  35,  36,  37,  38,  39,  40,  42,  48,  54,  55,  56,  57,  58,  63,
     64,  67,  73,  74,  75,  79,  81,  85,  86,  87,  88, 110, 122, 124, 131, 134,
    135, 136, 137, 138, 141, 142, 143, 154, 155, 168, 169, 170, 171, 172, 173, 176,
    177, 178, 186, 187,   2,   4,   6,   7,   9,  24,  26,  27,  28,  30,  31,  32,
     33,  34,  35,  36,  37,  38,  39,  40,  42,  48,  52,  54,  55,  56,  57,  58,
     63,  64,  67,  73,  74,  75,  79,  81,  85,  86,  87,  88, 110, 122, 124, 129,
    131, 134, 135, 136, 137, 138, 141, 142, 143, 154, 155, 168, 169, 170, 171, 172,
    173, 176, 177, 178, 186, 187,   2,   4,   6,   7,   9,  24,  26,  27,  28,  30,
     31,  32,  33,  34,  35,  36,  37,  38,  39,  40,  42,  48,  54,  55,  56,  57,
     58,  63,  64,  67,  73,  74,  75,  79,  81,  85,  86,  87,  88, 110, 122, 124,
    131, 134, 135, 136, 137, 138, 141, 142, 143, 154, 155, 168, 169, 170, 171, 172,
    173, 176, 177, 178, 186, 187,   2,   6,   7,   9,  24,  26,  27,  31,  34,  35,
     36,  37,  38,  39,  40,  42,  52,  60,  61,  74,  79,  81,  85,  86, 122, 124,
    129, 131, 137, 171, 172, 173, 176, 178, 182,   1,   2,   6,   7,   9,  24,  26,
     27,  31,  34,  35,  36,  37,  38,  39,  40,  42,  43,  46,  48,  50,  51,  52,
     53,  58,  60,  61,  67,  74,  75,  79,  81,  85,  86,  88,  96,  97,  98,  99,
    109, 115, 118, 122, 123, 124, 125, 126, 127, 128, 129, 131, 136, 137, 138, 143,
    150, 151, 164, 171, 172, 173, 176, 178, 182, 186, 187,   0,   1,   2,   4,   7,
      8,   9,  10,  11,  16,  22,  23,  24,  26,  28,  29,  32,  38,  45,  46,  47,
     48,  49,  50,  51,  52,  54,  55,  56,  57,  59,  60,  61,  62,  63,  64,  74,
     79,  82,  84,  87,  88,  89,  90,  91,  92,  93,  94,  95,  96,  97,  98,  99,
    100, 101, 102, 103, 104, 105, 106, 107, 108, 109, 110, 111, 112, 113, 114, 115,
    116, 117, 118, 119, 120, 121, 123, 125, 126, 127, 128, 129, 132, 133, 134, 135,
    136, 138, 139, 140, 141, 142, 143, 144, 145, 146, 147, 148, 149, 150, 151, 152,
    153, 154, 155, 156, 157, 158, 159, 160, 161, 162, 163, 164, 165, 166, 167, 168,
    169, 170, 171, 172, 173, 174, 175, 178, 182, 186, 187,   1,   2,   4,   6,   7,
      8,   9,  10,  22,  23,  24,  25,  28,  29,  32,  34,  35,  36,  37,  39,  42,
     43,  48,  57,  60,  62,  63,  67,  72,  73,  74,  75,  79,  81,  82,  87,  88,
    110, 135, 136, 137, 141, 168, 169, 170, 171, 172, 173, 174, 175, 176, 177, 186,
    187,   1,   2,   4,   6,   7,   8,   9,  10,  22,  23,  24,  25,  28,  29,  32,
     34,  35,  36,  37,  39,  42,  43,  48,  49,  52,  57,  60,  62,  63,  72,  73,
     74,  75,  79,  81,  82,  87,  88, 110, 119, 120, 121, 129, 135, 136, 137, 141,
    144, 168, 169, 170, 171, 172, 173, 174, 175, 176, 177, 186, 187,   0,   2,   4,
      6,   7,   9,  24,  25,  26,  27,  28,  29,  30,  31,  32,  33,  34,  35,  36,
     37,  38,  39,  40,  42,  47,  48,  49,  54,  55,  56,  58,  59,  60,  61,  63,
     64,  67,  73,  74,  75,  79,  81,  82,  85,  86,  87,  88,  93,  94,  95, 101,
    102, 103, 104, 105, 106, 107, 108, 110, 113, 114, 115, 116, 117, 118, 119, 120,
    121, 122, 124, 131, 132, 133, 134, 137, 138, 139, 140, 141, 142, 143, 144, 145,
    148, 149, 152, 153, 154, 155, 156, 157, 160, 161, 162, 163, 165, 166, 167, 168,
    169, 170, 171, 172, 173, 174, 175, 176, 177, 178, 186, 187,   7,   8,  10,  24,
     26,  29,  34,  36,  37,  38,  39,  40,  48,  82,  88, 137, 174, 175, 186, 187,
      6,  82, 172,   0,   1,   2,   4,   6,   7,   8,   9,  10,  22,  23,  24,  26,
     27,  29,  31,  34,  35,  36,  37,  38,  39,  40,  43,  45,  46,  47,  48,  49,
     50,  51,  52,  53,  54,  55,  56,  57,  58,  59,  60,  61,  62,  63,  64,  67,
     74,  82,  85,  86,  88,  89,  90,  91,  92,  93,  94,  95,  96,  97,  98,  99,
    101, 102, 103, 104, 105, 106, 107, 108, 109, 110, 111, 112, 113, 114, 115, 116,
    117, 118, 119, 120, 121, 122, 123, 124, 125, 126, 127, 128, 129, 132, 133, 134,
    135, 136, 137, 138, 139, 140, 141, 142, 143, 144, 145, 146, 147, 148, 149, 150,
    151, 152, 153, 154, 155, 156, 157, 158, 159, 160, 161, 162, 163, 164, 165, 166,
    167, 168, 169, 170, 171, 173, 174, 175, 186, 187,   2,   9,  24,  46,  48,  50,
     53,  58,  63,  72,  74,  75,  88, 109, 110, 123, 138, 141, 168, 169, 170, 171,
    172, 173, 186, 187,   2,   6,   7,  24,  26,  27,  28,  30,  31,  32,  33,  34,
     35,  36,  37,  38,  39,  40,  42,  43,  48,  57,  58,  64,  67,  73,  75,  82,
     85,  86,  87,  88, 122, 124, 135, 136, 137, 138, 142, 143, 172, 173, 176, 177,
    186, 187,   2,   6,   7,  24,  26,  27,  28,  30,  31,  32,  33,  34,  35,  36,
     37,  38,  39,  40,  42,  48,  57,  58,  64,  67,  73,  75,  81,  82,  85,  86,
     87,  88, 122, 124, 135, 136, 137, 138, 142, 143, 172, 173, 176, 177, 186, 187,
      2,   4,   6,   7,   8,   9,  10,  22,  23,  24,  25,  28,  29,  32,  34,  35,
     36,  37,  38,  39,  42,  46,  48,  58,  60,  62,  63,  72,  73,  74,  75,  79,
     81,  82,  87,  88, 110, 137, 138, 141, 168, 169, 170, 171, 172, 173, 174, 175,
    176, 177, 186, 187,   2,   4,   6,   7,   8,   9,  10,  22,  23,  24,  25,  28,
     29,  32,  34,  35,  36,  37,  38,  39,  42,  46,  48,  58,  60,  62,  63,  72,
     73,  74,  75,  79,  81,  82,  87,  88, 110, 137, 138, 141, 168, 169, 170, 171,
    172, 173, 174, 175, 176, 177, 186, 187,   2,   6,   7,  24,  26,  27,  28,  30,
     31,  32,  33,  34,  35,  36,  37,  38,  39,  40,  42,  43,  48,  57,  58,  64,
     67,  73,  75,  82,  85,  86,  87,  88, 122, 124, 135, 136, 137, 138, 142, 143,
    172, 173, 176, 177, 186, 187,   2,   4,   6,   7,   9,  24,  26,  27,  28,  30,
     31,  32,  33,  34,  35,  36,  37,  38,  39,  40,  42,  48,  52,  54,  55,  56,
     57,  58,  63,  64,  67,  73,  74,  75,  79,  81,  85,  86,  87,  88, 110, 122,
    124, 129, 131, 134, 135, 136, 137, 138, 141, 142, 143, 154, 155, 168, 169, 170,
    171, 172, 173, 176, 177, 178, 186, 187,   1,   2,   4,   6,   7,   8,   9,  10,
     22,  23,  24,  25,  28,  29,  32,  34,  35,  36,  37,  39,  40,  42,  43,  46,
     48,  50,  53,  57,  58,  60,  61,  62,  63,  67,  72,  73,  74,  75,  79,  81,
     82,  87,  88, 109, 110, 123, 135, 136, 137, 138, 141, 168, 169, 170, 171, 172,
    173, 174, 175, 176, 177, 186, 187,   1,   2,   4,   6,   7,   8,   9,  10,  22,
     23,  24,  25,  28,  29,  32,  34,  35,  36,  37,  39,  40,  42,  43,  46,  48,
     50,  53,  57,  58,  60,  61,  62,  63,  67,  72,  73,  74,  75,  79,  81,  82,
     87,  88, 109, 110, 123, 135, 136, 137, 138, 141, 168, 169, 170, 171, 172, 173,
    174, 175, 176, 177, 186, 187,   2,   6,   7,  24,  26,  27,  28,  30,  31,  32,
     33,  34,  35,  36,  37,  38,  39,  40,  42,  48,  52,  57,  58,  64,  67,  73,
     75,  81,  82,  85,  86,  87,  88, 122, 124, 129, 135, 136, 137, 138, 142, 143,
    172, 173, 176, 177, 186, 187,   2,   6,   7,  24,  26,  27,  28,  30,  31,  32,
     33,  34,  35,  36,  37,  38,  39,  40,  42,  48,  57,  58,  64,  67,  73,  75,
     81,  82,  85,  86,  87,  88, 122, 124, 135, 136, 137, 138, 142, 143, 172, 173,
    176, 177, 186, 187,   1,   2,   6,   7,  26,  27,  28,  30,  31,  32,  33,  34,
     35,  36,  37,  38,  39,  40,  42,  43,  46,  48,  50,  53,  57,  58,  64,  67,
     73,  75,  81,  82,  85,  86,  87,  88, 109, 122, 123, 124, 135, 136, 137, 138,
    142, 143, 172, 173, 176, 177, 186, 187,   1,   2,   6,   7,  24,  26,  27,  28,
     30,  31,  32,  33,  34,  35,  36,  37,  38,  39,  40,  42,  43,  46,  48,  50,
     53,  57,  58,  64,  67,  73,  81,  82,  85,  86,  87,  88, 109, 122, 123, 124,
    135, 136, 137, 138, 142, 143, 172, 173, 176, 177, 186, 187,   2,   6,   7,  24,
     26,  27,  28,  30,  31,  32,  33,  34,  35,  36,  37,  38,  39,  40,  42,  48,
     52,  57,  58,  64,  67,  73,  75,  81,  82,  85,  86,  87,  88, 122, 124, 129,
    135, 136, 137, 138, 142, 143, 172, 173, 176, 177, 186, 187,   2,   4,   6,   7,
      8,   9,  10,  22,  23,  24,  25,  28,  29,  32,  34,  35,  36,  37,  38,  39,
     42,  46,  48,  58,  60,  62,  63,  72,  73,  74,  75,  79,  81,  82,  87,  88,
    110, 137, 138, 141, 168, 169, 170, 171, 172, 173, 174, 175, 176, 177, 186, 187,
      2,   4,   7,   9,  12,  16,  18,  25,  28,  32,  45,  46,  47,  48,  49,  50,
     51,  52,  53,  54,  55,  56,  57,  58,  59,  60,  61,  62,  63,  64,  74,  79,
     82,  87,  88,  89,  90,  91,  92,  93,  94,  95,  96,  97,  98,  99, 100, 101,
    102, 103, 104, 105, 106, 107, 108, 109, 110, 111, 112, 113, 114, 115, 116, 117,
    118, 119, 120, 121, 123, 125, 126, 127, 128, 129, 131, 132, 133, 134, 135, 136,
    138, 139, 140, 141, 142, 143, 144, 145, 146, 147, 148, 149, 150, 151, 152, 153,
    154, 155, 156, 157, 158, 159, 160, 161, 162, 163, 164, 165, 166, 167, 168, 169,
    170, 171, 186, 187,   2,   4,   6,   7,   8,   9,  10,  22,  23,  24,  25,  28,
     29,  32,  34,  35,  36,  37,  38,  39,  42,  46,  48,  52,  58,  60,  62,  63,
     72,  73,  74,  75,  79,  81,  82,  87,  88, 110, 129, 137, 138, 141, 168, 169,
    170, 171, 172, 173, 174, 175, 176, 177, 186, 187,   2,   6,   7,  24,  26,  27,
     28,  30,  31,  32,  33,  34,  35,  36,  37,  38,  39,  40,  42,  43,  46,  48,
     50,  53,  57,  58,  64,  67,  73,  75,  82,  85,  86,  87,  88, 109, 122, 123,
    124, 135, 136, 137, 138, 142, 143, 172, 173, 176, 177, 186, 187,   1,   2,   6,
      7,  24,  26,  27,  28,  30,  31,  32,  33,  34,  35,  36,  37,  38,  39,  40,
     42,  43,  46,  48,  50,  53,  57,  58,  64,  67,  73,  75,  82,  85,  86,  87,
     88, 109, 122, 123, 124, 135, 136, 137, 138, 142, 143, 172, 173, 176, 177, 186,
    187,   0,   1,   2,   4,   6,   7,   8,   9,  10,  22,  23,  24,  26,  27,  29,
     31,  34,  35,  36,  37,  38,  39,  40,  43,  45,  46,  47,  48,  49,  50,  51,
     52,  53,  54,  55,  56,  57,  58,  59,  60,  61,  62,  63,  64,  67,  74,  82,
     85,  86,  88,  89,  90,  91,  92,  93,  94,  95,  96,  97,  98,  99, 101, 102,
    103, 104, 105, 106, 107, 108, 109, 110, 111, 112, 113, 114, 115, 116, 117, 118,
    119, 120, 121, 122, 123, 124, 125, 126, 127, 128, 129, 132, 133, 134, 135, 136,
    137, 138, 139, 140, 141, 142, 143, 144, 145, 146, 147, 148, 149, 150, 151, 152,
    153, 154, 155, 156, 157, 158, 159, 160, 161, 162, 163, 164, 165, 166, 167, 168,
    169, 170, 171, 173, 174, 175, 186, 187,   0,   2,   6,   7,   8,  23,  24,  26,
     27,  30,  31,  33,  34,  35,  36,  37,  38,  39,  40,  42,  43,  52,  67,  75,
     82,  85,  86, 122, 124, 129, 137, 172, 173, 174, 175, 176, 177, 178,   2,   6,
      7,   8,  10,  13,  14,  15,  17,  19,  21,  22,  23,  26,  27,  28,  29,  30,
     31,  32,  34,  35,  36,  37,  38,  39,  40,  41,  43,  48,  51,  52,  54,  55,
     56,  57,  58,  59,  60,  61,  62,  64,  67,  82,  84,  85,  86,  87,  88,  96,
     97,  98,  99, 106, 107, 108, 122, 124, 125, 126, 127, 128, 129, 134, 135, 136,
    137, 138, 139, 140, 142, 143, 150, 151, 154, 155, 156, 157, 164, 172, 173, 174,
    175, 179, 186, 187,   2,   6,   7,   8,  10,  13,  14,  15,  17,  19,  21,  22,
     23,  26,  27,  28,  29,  30,  31,  32,  34,  35,  36,  37,  38,  39,  40,  41,
     43,  48,  51,  52,  54,  55,  56,  57,  58,  59,  60,  61,  62,  64,  67,  82,
     84,  85,  86,  87,  88,  96,  97,  98,  99, 106, 107, 108, 122, 124, 125, 126,
    127, 128, 129, 134, 135, 136, 137, 138, 139, 140, 142, 143, 150, 151, 154, 155,
    156, 157, 164, 172, 173, 174, 175, 179, 186, 187,   0,   4,   7,   8,   9,  10,
     16,  19,  26,  29,  36,  37,  38,  39,  45,  46,  47,  48,  49,  50,  51,  52,
     53,  57,  58,  59,  60,  61,  62,  64,  65,  68,  74,  82,  83,  84,  88,  89,
     90,  91,  92,  93,  94,  95,  96,  97,  98,  99, 101, 102, 103, 104, 105, 106,
    107, 108, 109, 111, 112, 113, 114, 115, 116, 117, 118, 119, 120, 121, 123, 125,
    126, 127, 128, 129, 131, 132, 133, 134, 135, 138, 139, 140, 142, 143, 144, 145,
    146, 147, 148, 149, 150, 151, 152, 153, 154, 156, 157, 158, 159, 160, 161, 162,
    163, 164, 165, 167, 171, 174, 175, 186, 187,   0,   4,   8,   9,  10,  13,  14,
     16,  19,  21,  22,  23,  26,  29,  30,  34,  36,  37,  38,  39,  40,  45,  46,
     47,  48,  49,  50,  51,  52,  53,  54,  55,  56,  57,  58,  59,  60,  61,  62,
     63,  64,  65,  68,  74,  80,  82,  83,  84,  88,  89,  90,  91,  92,  93,  94,
     95,  96,  97,  98,  99, 100, 101, 102, 103, 104, 105, 106, 107, 108, 109, 110,
    111, 112, 113, 114, 115, 116, 117, 118, 119, 120, 121, 123, 125, 126, 127, 128,
    129, 130, 131, 132, 133, 134, 135, 136, 137, 138, 139, 140, 141, 142, 143, 144,
    145, 146, 147, 148, 149, 150, 152, 153, 154, 155, 156, 157, 158, 159, 160, 161,
    162, 163, 164, 165, 166, 167, 168, 169, 170, 171, 174, 175, 186, 187,   0,   2,
      4,   5,   6,   7,   9,  12,  13,  14,  15,  16,  18,  19,  20,  21,  24,  25,
     26,  28,  29,  32,  33,  34,  35,  36,  37,  38,  39,  40,  42,  45,  46,  47,
     48,  49,  51,  52,  54,  55,  56,  58,  59,  60,  61,  63,  64,  65,  66,  67,
     68,  72,  74,  75,  79,  84,  87,  88,  89,  90,  91,  92,  93,  94,  95,  96,
     97,  98,  99, 100, 101, 102, 103, 104, 105, 106, 107, 108, 110, 111, 112, 113,
    114, 115, 116, 117, 118, 119, 120, 121, 125, 126, 127, 128, 129, 131, 132, 133,
    134, 137, 138, 139, 140, 141, 142, 143, 144, 145, 146, 147, 148, 149, 150, 151,
    152, 153, 154, 155, 156, 157, 158, 159, 160, 161, 162, 163, 164, 165, 166, 167,
    168, 169, 170, 171, 172, 173, 179, 186, 187,   0,   2,   4,   5,   6,   7,   9,
     12,  13,  14,  15,  16,  18,  19,  20,  21,  24,  25,  26,  28,  29,  32,  33,
     34,  35,  36,  37,  38,  39,  40,  42,  45,  46,  47,  48,  49,  51,  52,  54,
     55,  56,  58,  59,  60,  61,  63,  64,  65,  66,  67,  68,  72,  74,  75,  79,
     84,  87,  89,  90,  91,  92,  93,  94,  95,  96,  97,  98,  99, 100, 101, 102,
    103, 104, 105, 106, 107, 108, 110, 111, 112, 113, 114, 115, 116, 117, 118, 119,
    120, 121, 125, 126, 127, 128, 129, 131, 132, 133, 134, 137, 138, 139, 140, 141,
    142, 143, 144, 145, 146, 147, 148, 149, 150, 151, 152, 153, 154, 155, 156, 157,
    158, 159, 160, 161, 162, 163, 164, 165, 166, 167, 168, 169, 170, 171, 172, 173,
    179, 186, 187,  48,  58,  67,  88, 138, 186, 187,   6,  48,  58,  67,  88, 138,
    186, 187,  26,  33,  34,  36,  37,  38,  39,  40,  48,  57,  58,  60,  61,  62,
     63,  64,  88, 110, 135, 136, 137, 138, 141, 142, 143, 168, 169, 170, 186, 187,
      0,   1,   2,   4,   5,   6,   7,   8,   9,  10,  13,  16,  18,  19,  22,  23,
     24,  43,  65,  67,  68,  74,  82,  83, 171, 173, 174, 175,  19,  21,  46,  48,
     50,  51,  52,  58,  59,  88,  96,  97,  98,  99, 106, 107, 108, 109, 123, 125,
    126, 127, 128, 129, 138, 139, 140, 150, 151, 156, 157, 164, 186, 187,  34,  40,
     48,  51,  52,  58,  61,  88,  96,  97,  98,  99, 125, 126, 127, 128, 129, 137,
    138, 150, 151, 164, 186, 187,  16,  16,  19,  16,  16,  19,  21,   0,   1,   2,
      4,   6,   7,   8,   9,  10,  24,  25,  26,  27,  28,  29,  30,  31,  32,  33,
     34,  35,  36,  37,  38,  39,  40,  42,  43,  45,  47,  48,  51,  52,  54,  55,
     56,  58,  60,  61,  66,  67,  72,  73,  74,  75,  77,  78,  79,  80,  81,  85,
     86,  87,  88,  89,  90,  91,  92,  93,  94,  95,  96,  97,  98,  99, 100, 101,
    103, 104, 105, 106, 108, 110, 111, 112, 113, 114, 115, 116, 117, 118, 119, 120,
    121, 122, 123, 124, 125, 126, 127, 128, 129, 131, 132, 133, 134, 135, 136, 137,
    138, 139, 140, 141, 142, 143, 144, 145, 147, 148, 149, 150, 151, 152, 153, 154,
    155, 156, 157, 158, 159, 161, 162, 163, 164, 165, 166, 167, 168, 169, 170, 171,
    172, 173, 174, 175, 176, 177, 178, 181, 182, 186, 187,   2,   4,   6,   7,   8,
      9,  10,  22,  23,  24,  25,  28,  29,  32,  34,  35,  36,  37,  38,  39,  42,
     46,  48,  58,  60,  62,  63,  72,  73,  74,  75,  79,  81,  82,  87,  88, 110,
    137, 138, 141, 168, 169, 170, 171, 172, 173, 174, 175, 176, 177, 186, 187,
};

static const int8_t libron_14_bolditalicKernSparseValues[] = {
     -14,  -14,   -5,   -5,   -7,  -11,  -14,  -14,  -15,  -15,  -12,   -9,  -14,  -13,   -4,  -13,
     -12,   -7,   -4,  -13,  -12,   -7,  -29,   -7,    3,    1,   -7,   -7,   -7,  -14,  -14,  -11,
     -11,  -14,  -12,  -12,  -14,  -11,    1,    1,  -51,  -30,  -51,    2,  -12,  -32,  -36,    1,
       2,   13,    8,    4,    8,    3,  -17,   22,   -9,    2,   -6,   15,   -1,   11,   -2,   -2,
      -2,   -2,    3,   -3,   -2,   -2,  -12,   -4,   -4,    1,   -3,  -25,   -2,  -40,  -42,    2,
     -17,  -17,  -17,  -17,  -13,  -17,  -13,    5,   -1,    1,    7,  -17,   -9,   -9,  -17,   -9,
      -3,   -3,   -3,   32,  -17,  -17,  -16,   -9,  -15,  -17,  -17,  -16,  -11,  -11,   -6,   24,
       1,    2,   -1,    7,    5,   -9,   -9,   -2,   -2,    1,    3,   -3,   -3,   -4,   -8,  -10,
      -9,  -30,  -17,    1,  -17,   36,   -9,   -9,    5,   -2,   -3,   -3,  -27,  -17,   -9,  -18,
      12,  -17,   -1,   -9,    2,   -9,  -30,  -51,  -51,    2,    2,  -17,   -6,   -8,    5,    3,
       2,  -10,  -10,  -25,  -17,    4,  -31,   10,   13,    2,    2,    2,    9,    3,    4,   -1,
      10,   10,   10,   10,   10,    1,    9,    9,    9,   10,   10,   10,   10,   13,    2,  -10,
       9,    9,    1,   10,   10,    2,    2,    9,    9,   10,   -2,   -1,   -1,    3,  -11,  -13,
      -8,  -28,  -10,  -11,  -15,  -13,   -3,   -6,  -12,   -7,  -12,    6,    4,    1,    4,  -14,
      19,  -16,   23,   13,   -9,   33,    9,  -14,  -14,  -14,   -9,   -3,  -14,  -12,  -11,   -6,
     -11,  -12,   -8,  -11,  -18,  -12,  -12,   23,  -14,  -14,  -14,  -14,  -14,  -16,  -16,   -5,
      -9,   -9,   -7,  -16,  -16,  -16,  -16,  -16,  -14,  -14,  -14,   13,  -11,  -14,  -14,  -16,
     -16,  -15,  -16,  -16,  -16,    5,   -9,   -9,   -7,   -9,   33,    3,  -16,  -16,  -14,   -9,
      -8,   -3,  -14,  -14,  -11,  -12,  -12,  -16,  -13,  -14,   -4,  -16,   23,   -9,  -10,  -16,
      -5,  -14,  -14,  -14,  -10,  -14,  -16,  -16,    9,  -16,   -9,  -16,    2,  -16,  -11,  -11,
     -11,  -28,  -10,  -10,   23,   23,  -12,  -13,  -15,   -8,   -8,   -8,   -6,   -7,  -13,  -10,
     -14,  -51,  -21,  -51,    1,   -5,   -1,    1,    1,   -1,   -1,   -1,  -29,   -9,  -41,  -11,
      -9,    1,   -1,  -12,   -9,  -18,  -15,  -13,   -9,   -2,   11,   -3,   -1,   -1,   -1,   -1,
      -1,   -1,   10,   -1,   -6,   -1,  -14,   -2,  -14,   -5,  -39,  -43,   -9,   -9,   11,   -9,
      -9,   -9,   -9,   -2,   -1,   -2,   -1,   -1,    5,    2,   -1,   -2,   -2,   -2,   -2,   -2,
      -1,   -1,   -1,   -9,   -9,   -2,   -2,   -2,   -2,   -2,   -2,   -3,   -3,   -8,    5,   -9,
       3,   -1,   -1,    8,   -8,   -4,   -2,   -2,   -1,    3,   -1,    1,    3,   -1,   -1,   -1,
      -1,   -3,   -2,   -9,   -9,   -2,   -2,    4,   -2,   -2,   -1,   -1,   -1,   -1,   -9,   -9,
      -2,   -2,   -1,   -2,   -1,   -2,   -2,   -2,  -21,  -51,  -51,   11,   11,  -11,  -56,   -6,
     -14,   -3,  -67,  -40,  -17,   -3,   -4,   -1,   -3,  -16,  -27,   -6,  -19,  -30,  -14,    3,
     -24,    2,  -23,   -7,  -89,  -24,  -47,  -70,    1,  -93,   -3,  -38,    4,   -2,   -9,  -10,
       9,   -4,  -20,   10,  -23,  -23,  -23,  -21,  -22,  -22,  -21,  -88,  -11,  -13,   -4,   -2,
     -21,  -12,  -56,  -14,   13,  -38,    9,   -2,   -2,   -2,   -2,  -10,  -10,  -10,  -20,  -20,
     -20,  -20,   -9,  -10,  -10,  -10,  -10,  -19,  -22,  -22,  -22,  -88,   -2,   -2,  -10,  -10,
     -10,  -10,  -10,  -10,   -4,   -4,   -4,  -20,  -20,  -20,  -20,   10,  -10,  -10,  -10,  -23,
     -88,  -21,  -22,  -22,  -88,  -11,  -11,   -4,  -19,   -2,   -2,  -10,  -10,  -20,  -20,  -10,
     -10,  -23,  -23,  -22,  -22,   -2,   -2,  -10,  -10,  -10,  -10,  -20,  -10,  -10,  -10,  -88,
     -88,  -88,  -40, -128, -128, -118,    9,    9,  -40,  -28,  -45,   -7,   -7,  -23,  -16,   -7,
      -3,  -13,  -17,  -12,  -12,  -16,  -15,   -4,  -12,  -14,  -15,   -1,  -43,  -12,  -36,  -27,
     -26,  -48,  -17,   -4,  -24,  -24,  -11,  -13,   -5,   -5,   -5,   -4,  -16,  -10,   -4,   -4,
      -7,   -6,  -21,  -17,  -21,  -15,  -15,   -1,  -24,  -11,  -11,  -11,  -11,  -10,  -10,  -10,
     -15,  -15,  -11,  -11,  -11,  -11,  -13,   -5,   -4,   -4,  -82,  -16,  -10,  -10,   -6,   -6,
     -11,  -11,   -5,   -5,  -10,  -10,  -11,  -42,  -38,   -7,   -7,  -38,  -24,  -24,  -11,  -56,
      -6,  -14,   -3,  -67,  -20,  -17,   -3,   -4,   -1,   -3,  -16,  -27,   -6,  -19,  -30,  -14,
       2,  -24,    1,  -23,   -7,  -44,  -24,  -47,  -35,    1,  -46,   -3,  -38,   -2,   -9,  -10,
     -16,   -4,  -20,  -17,  -23,  -23,  -23,  -21,  -22,  -22,  -21,  -44,  -11,  -13,   -4,   -2,
     -21,  -12,  -56,  -14,    6,  -44,  -16,   -2,   -2,   -2,   -2,  -10,  -10,  -10,  -20,  -20,
     -20,  -20,   -9,  -10,  -10,  -10,  -10,  -10,  -22,  -22,  -22,  -44,   -2,   -2,  -10,  -10,
     -10,  -10,  -10,  -10,   -4,   -4,   -4,  -20,  -20,  -20,  -20,  -17,  -10,  -10,  -10,  -23,
     -88,  -21,  -22,  -22,  -44,  -11,  -11,   -4,  -10,   -2,   -2,  -10,  -10,  -20,  -20,  -10,
     -10,  -23,  -23,  -22,  -22,   -2,   -2,  -10,  -10,  -10,  -10,  -20,  -10,  -10,  -10,  -44,
     -44,  -44,  -20,  -70,  -66,  -59,  -16,  -16,   -7,  -32,  -32,  -68,   -6,   -3,   -3,  -24,
     -21,    3,    3,    2,  -30,   15,  -28,  -14,   10,    6,   -3,   -3,   -3,  -27,   -6,   -3,
      -3,  -14,   -1,   -9,  -28,  -30,  -30,  -30,  -30,  -28,  -28,  -28,  -28,  -28,  -28,  -28,
     -28,   -6,   -6,   -6,   10,   -1,  -30,  -30,  -28,  -28,  -28,  -28,  -28,  -28,  -14,  -14,
     -14,   10,  -28,  -28,   -3,  -27,  -27,   -6,   -6,   -1,   -9,   -9,  -14,  -28,  -30,  -30,
     -28,  -28,  -28,  -28,   -3,   -3,   -6,   -6,  -30,  -30,  -28,  -28,  -28,  -28,  -28,  -28,
     -28,   -1,   -1,   -1,  -32,  -32,  -13,   -8,   -4,   -2,   -8,   -7,   -2,   -6,   -7,   -2,
      -7,  -23,  -18,   -9,  -26,   -2,  -10,   -9,  -18,   -4,   -7,   -7,   -7,   -7,   -2,  -10,
      -3,  -13,  -14,  -10,   -2,   -8,   -1,  -10,  -17,   -6,   -8,    3,  -14,  -14,   -3,  -12,
     -13,  -17,  -15,    1,  -17,   -3,   -6,  -20,   -8,   -9,  -11,   -7,  -14,  -12,  -14,   -9,
     -10,  -10,   -3,   -4,  -16,   -4,   -1,  -18,   -4,   -2,   -2,  -12,   -8,   -4,   -4,  -15,
     -12,  -29,  -23,  -30,   -3,  -11,  -24,   -3,  -16,   -4,  -15,  -12,  -14,  -14,   -5,   -3,
     -13,  -11,  -14,   -2,   -2,   -5,   -4,  -11,   -8,   -2,   -2,   -2,   -4,   -5,   -4,   -4,
     -13,  -10,  -25,  -21,   -3,  -26,   -3,  -10,   -5,   -5,  -22,  -12,   -4,   -4,   -4,   -4,
      -4,  -13,  -10,  -12,   -2,   -2,  -12,  -15,   -2,  -17,   -6,   -4,   -2,    2,   -9,   -4,
      -1,  -16,   -6,  -24,  -18,  -25,   -4,   -6,  -18,  -18,  -16,  -14,   -9,  -13,   -4,   -4,
      -5,   -5,   -2,   -1,   -3,   -4,   -2,   -2,   -2,   -3,   -2,   -4,   -1,   -4,   -4,   -1,
      -4,   -2,   -4,   -5,   -5,  -10,  -13,   -4,   -5,   -9,   -9,   -1,  -14,   -3,  -15,  -12,
      -3,  -15,  -14,  -13,  -14,  -14,  -10,  -12,   -4,    2,    8,  -28,  -21,  -28,  -16,    7,
     -10,   -1,   -3,    2,    1,  -26,  -24,    8,    7,    2,    7,   -5,    1,  -18,  -21,    1,
     -28,  -28,  -10,   -6,   -7,   -2,   -5,   -1,   -5,   -8,  -19,  -15,   -3,  -20,   -1,  -18,
      -5,  -14,   -6,   -7,   -7,   -3,   -1,   -1,   -3,  -15,   -8,   -8,   -8,   -8,   -1,   -6,
     -22,  -17,  -14,  -25,   -2,  -11,  -10,  -17,   -8,   -8,   -8,   -8,   -1,   -7,   -7,   -3,
      -2,  -10,  -11,   -5,   -2,   -1,   -2,  -10,   -5,   -8,  -25,  -18,  -31,  -11,    1,    2,
       7,   -5,   -1,   -5,    1,    2,    2,    2,    2,    2,    2,    2,    2,    7,   -4,  -10,
       2,    2,    2,  -11,   -3,   -2,   -2,    1,    1,   -3,   -2,  -10,  -11,   -5,   -2,   -1,
      -2,  -10,   -5,   -8,  -25,  -18,  -31,  -11,   11,    2,   29,   -5,   -2,   -5,   11,    2,
       2,    2,    2,    2,    2,    2,    2,   29,   -4,  -10,    2,    2,    2,  -11,   -3,   -2,
      -2,   11,   11,  -14,   -1,   -7,  -12,  -12,   -1,  -23,  -23,  -14,   -2,   -2,   -6,   -6,
      -4,   -5,   -6,   -4,   -7,  -27,  -20,   -9,  -31,   -4,    2,    4,    5,    1,    1,    1,
       3,    4,    6,    5,    1,   -8,   -6,   -6,    2,    4,    4,    4,    4,    3,    3,    3,
       5,   -6,   -6,    4,    4,    4,    4,    5,    1,   -4,    3,    3,    5,    1,    1,    4,
       4,    1,    1,    3,    3,    4,    5,    5,    5,   -2,   -2,    2,    2,  -16,   -4,  -40,
     -14,  -46,  -20,    3,  -24,   -4,  -10,  -16,   -8,  -22,  -29,  -14,  -16,  -32,  -18,   -3,
     -28,    2,  -27,  -12,  -43,  -27,  -44,  -31,  -49,   -5,  -34,    3,   -8,  -14,  -15,  -25,
      -7,  -11,  -14,  -15,  -15,  -15,   -5,  -20,  -17,  -21,  -20,  -29,   -5,   -1,  -23,  -30,
     -21,  -37,  -19,  -27,   -3,  -39,  -25,   -8,   -8,   -8,   -8,  -15,  -15,  -15,  -11,  -11,
     -11,  -11,  -14,  -15,  -15,  -15,  -15,  -22,  -17,  -17,  -17,  -29,   -8,   -8,  -15,  -15,
     -15,  -15,  -15,  -15,   -7,   -7,   -7,  -11,  -11,  -11,  -11,  -14,   -6,  -10,  -15,  -15,
     -15,   -5,   -5,  -43,  -20,  -17,  -17,  -29,   -5,   -5,   -7,  -22,   -8,   -8,  -15,  -15,
     -11,  -11,  -15,  -15,  -15,  -15,  -17,  -17,   -8,   -8,  -15,  -15,  -15,  -15,  -11,  -15,
     -15,  -15,  -29,  -29,  -29,  -20,  -42,  -46,  -43,  -38,  -13,  -25,  -25,  -10,   -7,   -6,
      -3,  -12,   -7,   -2,   -2,   -5,   -5,  -19,  -14,   -8,  -21,   -2,   -5,   -1,   -2,   -3,
      -3,   -1,   -1,   -1,   -1,   -1,   -1,   -1,   -2,   -2,   -1,   -3,   -7,   -5,   -7,   -2,
      -2,   -3,   -2,   -2,   -2,   -1,   -1,   -1,   -1,   -1,   -2,   -2,   -2,   -2,   -2,   -2,
      -2,   -2,   -3,   -2,   -2,   -2,   -2,   -2,   -2,   -3,   -3,   -3,   -2,   -2,   -1,   -1,
      -1,   -1,   -1,   -1,   -2,   -2,   -1,   -1,   -1,   -5,   -1,   -2,   -2,   -3,   -7,   -7,
      -3,   -2,   -2,   -2,   -1,   -1,   -2,   -2,   -1,   -1,   -2,   -2,   -2,   -2,   -2,   -2,
      -1,   -2,   -2,   -2,   -3,   -3,   -3,   -1,   -7,   -1,   -3,   -3,   -4,   -4,    1,   -8,
      -6,   -1,   -5,   -1,   -1,   -2,   -2,   -3,   -1,   -2,   -2,   -2,   -2,   -2,   -3,   -3,
      -2,   -2,   -2,   -2,   -4,   -1,   -1,   -5,  -15,  -11,   -3,   -3,   -8,   -1,   -4,   -2,
     -18,   -9,   -5,   -8,   -5,   -5,   -4,   -4,  -25,  -16,  -27,  -32,   -6,   -5,  -13,   -1,
      -2,   -2,   -1,   -1,   -1,   -1,  -11,   -4,  -12,   -5,   -5,   -2,   -2,   -5,   -2,   -5,
      -1,   -1,   -4,   -1,   -1,   -1,   -3,   -3,   -3,  -10,   -2,   -2,   -1,   -2,   -7,   -4,
      -1,   -1,    1,   -2,   -2,   -4,   -3,   -3,   -3,   -3,   -1,   -5,   -3,   -3,   -6,   -7,
      -2,   -4,   -4,   -4,   -4,   -5,   -5,   -5,   -6,   -2,   -2,   -2,    1,   -4,   -4,   -4,
      -4,   -3,   -3,   -1,   -5,   -5,   -6,   -7,   -7,   -2,   -7,   -4,   -3,   -3,   -5,   -5,
       5,   -4,    4,   -6,   -6,   -6,   -1,   -2,   -2,  -13,    1,    3,  -12,    1,  -40,  -30,
     -40,  -18,    1,  -13,    1,   -2,   -2,    9,  -28,   -3,  -27,   -1,   -3,   -1,    1,   -2,
     -21,   16,  -18,   -1,  -14,   11,   -3,   -3,    8,   -5,   -5,   -4,  -14,   -1,   -5,   -3,
      -3,  -16,   -6,  -12,    1,    1,  -18,    1,  -26,   -3,  -39,   -3,   -1,  -21,  -21,  -21,
     -21,  -18,  -18,  -18,   -1,   -4,    1,   -2,  -18,  -18,  -18,  -18,  -18,   -5,   -5,   -5,
      11,   -5,  -21,  -21,  -18,  -18,  -18,  -18,  -18,  -18,  -13,  -14,  -14,    9,   -1,   -2,
      -2,   -4,    1,   -1,    4,  -18,  -18,   -5,   -7,   -9,    1,   -2,   -5,   -5,   -6,  -12,
     -12,  -14,  -19,  -21,  -21,  -12,  -18,   15,   -1,  -15,  -18,   -4,   -5,   -5,   -5,  -15,
     -21,  -18,  -18,   15,  -18,   -3,  -18,    8,  -18,   -6,   -6,   -6,  -30,    4,    1,  -40,
     -40,    1,   -9,    1,    1,   -1,   -1,   -5,  -13,  -15,   -3,   -8,   -5,  -17,   -1,  -11,
      -3,  -17,  -11,   -4,  -19,   -3,   -8,  -11,    1,    1,    1,    1,   -7,    1,    1,    1,
       1,   -4,   -1,  -11,    1,    1,    1,    1,    1,    1,  -11,   -7,    1,    1,    1,    1,
       1,    1,    1,    1,    1,    1,  -12,  -12,  -13,  -11,  -11,  -11,    1,   -7,    2,  -15,
      -6,   -6,   -7,   -7,   -5,   -5,  -10,   12,  -11,  -12,   -9,    7,   -6,   -7,    5,  -10,
     -10,  -10,   -7,  -10,   -9,   -8,   -8,   -1,  -16,   -9,  -15,  -13,   -8,   -5,  -12,  -10,
     -10,  -10,  -10,  -11,  -11,  -11,  -10,  -12,   -6,   -6,   -7,  -11,  -11,  -11,  -11,  -11,
      -9,   -9,   -9,   13,  -16,  -10,  -10,  -11,  -11,  -11,  -11,  -11,  -11,   -9,   -9,   -9,
       8,   -6,   -6,   -6,  -12,   -7,   -1,  -11,  -11,  -10,  -14,  -13,  -10,   -9,   -9,  -16,
      -9,   -9,   -9,  -11,  -10,  -10,  -21,  -11,    3,   -6,  -23,  -11,  -19,  -10,   -9,   -9,
     -10,  -10,  -11,  -11,  -17,  -11,   -6,  -11,  -21,  -11,  -16,  -16,  -16,  -15,  -12,  -12,
       1,   -7,    2,  -15,   -6,   -6,   -7,   -7,   -5,   -5,  -10,   12,  -11,  -12,   -9,    7,
      -6,   -7,    5,  -10,  -10,  -10,   -7,  -10,   -9,   -8,   -8,   -1,  -16,   -9,  -15,  -13,
      -8,   -5,  -12,  -10,  -10,  -10,  -10,  -11,  -11,  -11,  -10,  -12,   -6,   -6,   -7,  -11,
     -11,  -11,  -11,  -11,   -9,   -9,   -9,   14,  -16,  -10,  -10,  -11,  -11,  -11,  -11,  -11,
     -11,   -9,   -9,   -9,    8,   -6,   -6,   -6,  -12,   -7,   -1,  -11,  -11,  -10,  -14,  -13,
     -10,   -9,   -9,  -16,   -9,   -9,   -9,  -11,  -10,  -10,  -21,  -11,    3,   -6,  -23,  -11,
     -19,  -10,   -9,   -9,  -10,  -10,  -11,  -11,  -17,  -11,   -6,  -11,  -21,  -11,  -16,  -16,
     -16,  -15,  -12,  -12,    1,    2,   -6,    6,  -12,  -11,  -12,   -3,   -2,   -3,   -3,   -3,
      -3,   -4,  -13,   -1,  -10,   -1,  -12,   20,  -12,   -7,  -12,   14,   -1,   -1,   11,   -5,
      -5,   -5,  -14,   -6,   -4,   -5,   -5,   -9,  -10,  -14,  -12,  -10,  -14,  -16,   -1,   -7,
     -12,  -12,  -12,  -12,  -12,  -12,  -12,   -4,   -1,   -2,   -4,  -12,  -12,  -12,  -12,  -12,
      -4,   -4,   -4,   28,  -10,  -12,  -12,  -12,  -12,  -12,  -12,  -12,  -12,  -12,  -12,  -12,
      19,   -1,   -1,   -1,   -4,   -1,    4,  -12,  -12,   -5,  -28,  -28,  -14,   -4,   -4,  -10,
     -14,  -14,  -12,  -12,  -24,  -12,  -21,  -12,   16,   -1,  -24,  -12,  -10,   -5,   -4,   -4,
     -12,  -12,  -12,  -12,  -12,  -12,   -1,  -12,  -16,  -12,  -10,  -10,  -10,  -11,    1,  -12,
     -12,    2,   -7,   -7,  -11,    1,   -6,    2,  -27,    3,  -11,   -4,  -14,   -4,  -13,   -2,
      -4,   -4,   -2,  -11,   -5,  -29,  -27,   -4,   -4,   -1,  -11,   -4,  -12,    2,   -8,   13,
     -19,  -30,   -8,    7,  -11,  -14,    5,  -18,  -18,  -18,   -3,  -19,  -21,  -25,  -24,   -2,
     -41,   -5,  -10,   -2,  -21,   -4,  -25,   -1,   -4,  -44,  -30,   -8,   -8,   -8,   -8,  -19,
     -19,  -19,  -21,  -23,  -11,  -11,  -12,  -19,  -19,  -19,  -19,  -32,  -21,  -21,  -21,   14,
     -41,   -8,   -8,  -19,  -19,  -19,  -19,  -19,  -19,   -8,   -8,   -8,    9,  -11,  -11,  -11,
     -23,  -14,   -2,   -3,  -19,  -19,  -18,   -3,   -3,   -4,  -44,  -21,  -21,  -41,   -5,   -5,
      -8,  -32,   -8,   -8,  -34,  -19,   -3,  -11,  -37,  -19,  -34,  -18,  -21,  -21,   -8,   -8,
     -19,  -19,  -29,  -19,  -11,  -19,  -33,  -19,  -80,  -41,  -41,  -27,   -5,   -4,  -22,  -30,
     -30,  -14,  -48,  -51,    5,    5,   -5,   -7,    1,  -24,  -15,    5,    5,  -29,   -3,    2,
      -3,   -1,  -46,   -9,  -40,  -28,   -1,  -50,   -3,  -19,  -14,   -9,  -10,  -10,  -10,  -14,
     -10,  -12,  -11,  -14,   -7,   -2,   -8,   10,  -31,   -6,   -3,  -14,   -9,   -9,   -9,   -9,
     -10,  -10,  -10,  -14,   -9,   -9,   -9,   -9,  -10,  -89,  -14,  -10,  -10,  -14,   -7,   -7,
      -9,   -9,  -10,  -10,  -10,  -10,   -9,  -14,  -14,  -14,  -43,  -40,    5,    5,  -42,  -41,
     -14,  -14,   -7,   -1,  -14,   -8,   -7,   -9,   -4,   -1,   -4,   -1,   -8,   -7,   -7,   -1,
     -10,    4,  -11,  -17,   -8,   -8,   -9,  -10,  -10,  -10,   -5,  -14,  -10,  -10,  -10,  -18,
      -8,  -15,  -13,   -6,   -7,  -17,  -10,  -10,  -10,  -10,  -11,  -11,  -11,   -8,   -8,   -8,
      -8,   -9,  -11,  -11,  -11,  -11,  -11,  -10,  -10,  -10,    1,  -18,  -10,  -10,  -11,  -11,
     -11,  -11,  -11,  -11,   -8,   -8,   -8,   -8,   -8,   -8,   -8,   -9,   -3,  -11,  -11,  -10,
      -5,   -5,  -14,  -10,  -10,  -18,   -8,   -8,   -8,  -11,  -10,  -10,  -11,  -11,   -2,   -8,
     -11,  -11,  -10,  -10,  -10,  -10,  -10,  -10,  -11,  -11,  -11,  -11,   -8,  -11,  -11,  -11,
     -18,  -18,  -18,  -14,   -4,   -4,   -1,  -17,  -17,    1,   -7,    3,   -9,  -12,   -9,   -3,
      -4,   -5,   -2,   -5,   -6,   -4,   -3,   -3,   -3,  -10,   18,  -11,   -9,  -10,   13,   -4,
      -4,    9,   -7,   -7,   -7,  -13,   -8,   -6,   -6,   -6,   -7,  -12,  -14,  -13,  -10,  -13,
      -4,   -3,   -9,  -10,  -10,  -10,  -10,  -11,  -11,  -11,   -6,   -8,   -4,   -7,   -5,  -11,
     -11,  -11,  -11,  -11,   -6,   -6,   -6,   25,  -12,  -10,  -10,  -11,  -11,  -11,  -11,  -11,
     -11,  -10,  -10,  -10,   17,   -4,   -4,   -4,   -8,   -4,    3,  -11,  -11,   -7,  -25,  -24,
     -18,   -6,   -6,  -12,  -14,  -14,  -10,  -11,  -10,  -10,  -19,  -11,   10,   -4,  -22,  -11,
     -14,   -7,   -6,   -6,  -10,  -10,  -11,  -11,  -13,  -11,   -4,  -11,  -17,  -11,  -12,  -12,
     -12,  -12,   -9,   -9,   -9,   -9,   -7,  -14,  -13,   -3,   -3,   -8,   -4,   -1,  -19,   -7,
      -5,   -5,   -4,   -5,   -5,   -4,  -25,  -17,  -25,  -33,   -6,   -6,  -12,   -1,   -1,   -2,
      -1,   -2,   -1,  -11,   -4,  -10,   -5,   -5,   -1,   -2,   -5,   -2,   -5,   -2,   -2,   -5,
      -1,   -1,   -4,   -1,   -3,   -3,  -10,   -1,   -1,  -12,   -8,  -11,  -42,  -21,  -42,  -14,
      -2,  -23,   -5,  -33,   -7,   -6,    1,  -13,  -11,  -28,  -10,   -7,   -7,   -1,    1,    2,
       3,   -2,   -7,    1,  -13,  -13,  -38,   -5,   -5,    1,   -7,   -7,   -7,   -7,   -1,   -1,
      -1,    2,    2,    2,    2,   -1,   -1,   -1,   -1,   -1,   -1,   -7,   -7,   -1,   -1,   -1,
      -1,   -1,   -1,   -5,    2,   -5,    2,    2,    2,    2,    4,   -3,   -5,   -1,   -1,    1,
      -1,   -7,   -7,   -1,   -1,    2,    2,   -1,   -1,   -7,   -7,   -1,   -1,   -1,   -1,    2,
      -1,   -1,   -1,  -21,    2,    1,  -42,  -42,    1,    1,    1,   -7,   -8,  -13,    1,   -3,
      -8,   -4,   -1,    7,  -19,   -7,   -5,   -5,   -4,   -5,   -5,   -4,  -25,  -17,  -25,  -33,
      -6,   -6,   -4,    9,   -1,   -1,   -2,    6,   -1,   -2,   -1,    1,   -3,   -4,  -10,   -5,
      -5,   -1,   -2,   -5,   -2,   -5,    6,   -2,   -2,   -5,   -1,   -1,   -4,   -1,   -2,   -2,
     -10,   -1,   -1,   -2,  -10,   -8,  -16,  -18,    3,   -7,   -8,   -8,  -10,   -5,   -4,  -18,
      -7,   -6,    3,   -5,   -8,   -9,  -22,  -16,   -1,  -22,  -10,   -2,   -7,   -3,   -1,   -1,
      -3,   -3,   -3,   -3,   -3,   -3,  -14,   -1,   -1,   -4,  -16,   -6,  -16,   -9,    1,  -10,
      -3,   -2,   -2,   -2,   -2,   -7,   -7,   -7,   -8,   -7,   -7,   -7,   -7,  -13,   -3,   -3,
      -3,  -14,   -2,   -2,   -7,   -7,   -7,   -7,   -7,   -7,   -1,   -1,   -1,   -1,   -6,   -7,
      -7,   -3,   -8,   -3,   -3,  -14,   -1,   -1,   -1,  -13,   -2,   -2,   -7,   -7,   -7,   -7,
      -3,   -3,   -3,   -3,   -2,   -2,   -7,   -7,   -7,   -7,   -7,   -7,   -7,  -14,  -14,  -14,
     -18,   -8,  -11,  -16,  -11,   -8,   -3,   -3,   -1,   -4,   -1,   -4,   -5,   -3,   -1,   -1,
     -10,   -7,   -2,   -4,   -3,   -2,   -3,   -3,   -2,   -2,   -2,   -1,   -2,   -1,   -2,   -6,
      -1,   -5,   -3,   -2,   -2,   -2,   -2,   -2,   -2,   -2,   -2,   -2,   -2,   -2,   -2,   -2,
      -2,   -2,   -2,   -2,   -2,   -2,   -2,   -2,   -2,   -2,   -3,   -3,   -3,   -2,   -2,   -2,
      -2,   -2,   -2,   -2,   -2,   -2,   -1,   -1,   -2,   -2,   -2,   -6,   -6,   -3,   -2,   -2,
      -2,   -2,   -2,   -2,   -2,   -2,   -2,   -2,   -2,   -2,   -2,   -2,   -2,   -2,   -2,   -2,
      -2,   -2,   -2,   -6,   -2,   -2,   -3,   -3,  -14,    1,    1,  -13,    2,  -38,  -32,  -38,
     -16,  -11,   -2,   -2,    1,  -36,   -1,  -37,   -1,   -3,  -22,    6,  -15,   -1,  -11,    2,
      -3,   -1,   -8,   -8,   -8,  -10,   -8,   -8,   -8,  -11,   -8,  -10,  -27,  -29,   -5,  -53,
      -1,   -1,  -22,  -22,  -22,  -22,  -28,  -29,  -27,   -3,   -9,   -4,   -1,   -4,  -15,  -31,
     -31,  -30,  -15,   -8,   -8,   -8,    5,  -14,  -22,  -22,  -28,  -15,  -29,  -29,  -29,  -30,
     -20,  -20,  -11,    7,   -4,   -4,   -4,  -11,    1,  -15,  -15,  -15,  -14,  -16,   -2,   -8,
      -8,  -15,  -10,  -18,  -21,  -15,  -42,  -22,  -23,  -29,    4,   -4,  -26,  -31,  -10,  -14,
     -14,   -8,  -37,  -22,  -15,  -30,   -7,  -29,   -3,  -15,  -11,  -15,  -15,   -8,  -15,  -32,
       3,    1,  -38,  -38,  -15,    1,   -1,   -1,    1,    2,   -6,    4,  -13,  -12,  -13,   -6,
      -2,   -3,   -1,   -4,   -4,   -4,   -5,  -16,   -1,  -10,   -1,    1,  -13,   20,  -13,   -7,
     -12,   15,   -2,   -2,   11,   -6,   -6,   -6,  -14,   -6,   -5,   -5,   -5,  -10,  -10,  -14,
     -13,  -10,  -15,  -18,   -1,   -7,  -13,  -13,  -13,  -13,  -13,  -13,  -13,   -1,   -5,   -2,
      -3,   -4,  -13,  -13,  -13,  -13,  -13,   -5,   -5,   -5,   29,  -10,  -13,  -13,  -13,  -13,
     -13,  -13,  -13,  -13,  -12,  -12,  -12,   20,   -2,   -2,   -2,   -5,   -2,    4,  -13,  -13,
      -6,  -28,  -28,  -15,   -5,   -5,  -10,  -14,  -14,  -12,  -13,  -26,  -13,  -22,  -13,   15,
      -2,  -26,  -13,  -11,   -6,   -5,   -5,  -13,  -13,  -13,  -13,  -14,  -13,   -2,  -13,  -18,
     -13,  -10,  -10,  -10,  -12,    1,  -13,  -13,   -7,   -7,  -13,    2,    5,  -13,   14,  -35,
     -30,  -35,  -22,   -7,   -1,   -1,   -3,  -20,   -6,  -12,   -2,   -1,  -17,  -17,    6,  -13,
     -37,   -7,  -32,   -7,   -4,    1,    2,  -30,   29,  -30,  -11,  -28,   23,  -11,   -9,   20,
     -22,  -22,  -22,  -29,  -12,  -23,  -20,  -19,  -30,  -28,  -28,    1,   -1,  -31,  -28,  -27,
     -54,   -7,  -11,  -30,  -30,  -30,  -30,  -24,  -30,  -27,   -4,  -20,  -11,   -7,   -2,  -27,
     -30,  -30,  -30,  -30,  -22,  -23,  -23,   24,  -26,  -30,  -30,  -30,  -30,  -26,  -30,  -27,
     -27,  -28,  -24,  -28,   12,  -10,  -11,   -7,  -22,   -9,   -2,    8,  -30,  -29,  -21,  -28,
     -20,  -19,  -23,  -22,  -28,  -28,  -22,  -24,  -30,  -25,  -30,  -30,   26,  -11,  -10,  -30,
      -3,  -22,  -16,  -23,  -24,  -30,  -30,  -30,    6,  -28,  -13,  -30,   -4,  -30,  -24,  -28,
     -28,  -30,    4,  -35,  -35,    4,    5,  -22,  -11,  -11,   -9,    2,    5,  -10,   15,  -25,
     -22,  -25,  -15,   -5,   -1,   -1,   -1,  -13,   -3,   -8,   -1,   -1,  -11,  -11,    6,   -9,
     -28,   -6,  -24,   -5,   -4,    1,    2,  -19,   29,  -20,   -7,  -19,   23,   -6,   -5,   20,
     -13,  -13,  -13,  -20,   -7,  -12,  -12,  -11,  -19,  -18,  -20,    1,  -23,  -20,  -21,  -38,
      -5,   -7,  -19,  -19,  -19,  -19,  -36,  -20,  -38,   -4,  -16,  -12,   -7,   -3,  -39,  -20,
     -20,  -20,  -20,  -12,  -12,  -12,   47,  -36,  -19,  -19,  -20,  -20,  -38,  -20,  -39,  -39,
     -19,  -36,  -19,   35,  -10,  -11,   -7,  -17,  -10,    8,  -20,  -40,  -25,  -38,  -33,  -16,
     -12,  -12,  -18,  -20,  -38,  -36,  -40,  -36,  -19,  -21,  -20,   20,  -11,  -28,  -20,  -16,
     -26,  -22,  -12,  -35,  -19,  -20,  -20,  -14,  -39,  -12,  -20,  -21,  -20,  -34,  -18,  -37,
     -22,    4,  -25,  -25,    4,    5,   -8,   -7,   -7,  -11,   -4,   -5,   -1,  -27,    4,  -12,
      -4,  -14,   -4,  -14,   -3,   -4,   -4,   -2,  -11,  -27,  -25,   -4,   -4,   -1,   -5,   -4,
      -1,    3,   -9,   12,  -19,  -30,   -8,    7,  -10,  -13,    4,  -18,  -18,  -18,   -3,  -19,
     -22,  -26,  -25,   -2,  -40,   -5,   -8,   -6,  -21,   -6,  -25,   -5,  -16,  -30,   -9,   -9,
      -9,   -9,  -19,  -19,  -19,   -8,  -11,  -10,  -10,  -12,  -19,  -19,  -19,  -19,  -12,  -22,
     -22,  -22,    7,  -40,   -9,   -9,  -19,  -19,  -19,  -19,  -19,  -19,   -8,   -8,   -8,    3,
     -10,  -10,  -10,  -11,  -13,   -2,   -3,  -19,  -19,  -18,   -3,   -3,   -4,  -26,  -22,  -22,
     -40,   -5,   -5,   -8,  -12,   -9,   -9,  -15,  -19,    7,  -10,  -18,  -19,  -16,  -18,  -22,
     -22,   -9,   -9,  -19,  -19,  -11,  -19,  -10,  -19,  -15,  -19,  -40,  -40,  -40,  -27,   -7,
      -4,   -6,   -5,  -15,  -30,  -30,  -14,    1,    3,  -19,   12,  -38,  -44,  -38,  -23,  -14,
      -2,   -3,   -5,  -32,  -10,  -23,   -5,   -3,  -24,  -24,    4,  -22,  -45,  -14,  -36,  -13,
      -6,   -1,   -1,    1,  -49,   28,  -46,  -23,  -40,   22,  -19,  -17,   18,  -38,  -38,  -38,
     -43,  -24,  -40,  -39,  -38,  -42,  -46,  -46,   -7,   -1,  -45,  -42,   -1,  -36,  -60,  -13,
     -23,  -95,  -49,  -49,  -49,  -80,  -46,  -85,  -25,  -53,  -19,  -29,   -3,  -85,  -46,  -92,
     -90,  -46,  -79,  -40,  -40,   44,  -88,  -49,  -96,  -46,  -46,  -85,  -46,  -86,  -86,  -40,
     -73,  -40,   32,  -37,  -37,  -33,  -58,  -17,    7,  -46,  -90,  -74,  -86,  -73,  -56,  -40,
     -80,  -46,  -46,  -86,  -74,  -46,  -90,  -49,  -49,  -92,    6,  -37,  -58,  -46,  -43,  -38,
     -71,  -40,  -84,  -97,  -92,  -91,  -42,  -86,  -42,  -92,  -52,  -91,  -84,  -46,  -91,  -44,
       3,  -38,  -38,    3,    4,  -36,  -46,  -23,   -2,   -3,   -4,   -3,   -2,   -2,   -1,   -7,
      -3,   -1,   -1,   -7,   -1,   -6,   -3,  -10,   -6,   -2,   -4,    3,   -2,  -10,   -4,  -10,
      -1,  -12,  -12,  -12,   -3,  -10,  -11,  -11,  -10,  -12,  -11,   -1,   -1,   -7,  -10,   -2,
      -2,   -2,  -10,  -10,  -10,  -10,   -2,   -2,   -2,   -2,   -2,   -2,  -11,  -11,  -11,  -12,
      -2,   -2,   -2,   -2,   -2,   -2,   -4,   -4,   -4,   -1,   -1,  -10,  -10,  -10,  -10,   -1,
      -1,   -2,   -2,  -12,   -3,   -5,   -6,  -10,  -11,  -11,  -12,  -11,  -11,   -4,   -2,   -2,
      -2,  -12,  -10,   -2,   -2,  -23,  -12,  -11,  -11,   -2,   -2,   -2,   -2,  -10,   -2,   -2,
      -2,  -12,  -12,  -12,   -4,   -3,   -4,   -4,   -2,  -10,  -10,   -4,    8,   -8,   -8,    8,
      -1,  -25,   -1,  -12,  -10,   -9,   -9,   -5,    9,    6,    1,    6,   -9,   22,  -11,   23,
      16,   -1,   34,   12,   -9,   -9,   -9,   -1,   -7,   -3,   -3,   -5,   -2,   -1,  -11,   -5,
       2,   -5,   23,   -9,   -9,   -9,   -9,   -9,  -11,  -11,    5,   -1,   -1,    3,    1,  -11,
     -11,  -11,  -11,  -11,   -7,   -9,   -7,   16,   -5,   -9,   -9,  -11,  -11,  -10,  -11,  -11,
     -10,    9,   -1,   -1,    2,   -1,   34,    4,  -11,  -11,   -9,    1,   -1,   -7,   -7,   -5,
      -2,   -2,  -11,   -8,   -9,    4,  -11,   31,   -1,   -3,  -11,    2,   -9,   -4,   -7,   -4,
      -9,  -11,  -11,   27,  -11,   -1,  -11,   18,  -11,   -5,   -5,   -5,  -25,   -1,   -1,    1,
      23,   23,  -13,  -14,   -3,    1,   -8,   -7,  -17,  -11,  -29,  -19,    1,  -27,  -64,   -6,
      -7,    2,   -7,   -7,   -7,   -8,   -8,   -3,   -3,   -6,    7,   -7,   -6,   -7,   -7,   -7,
      -7,   -8,   -8,   -8,   -6,   -7,   -7,   -7,   -7,    2,   -7,  -17,   -8,   -8,   -8,   -6,
      -7,   -7,   -7,   -7,   -8,   -8,   -7,   -6,   -6,   -6,   -6,   -6,   -4,   -4,  -13,    9,
       5,   45,    9,   57,   45,    4,    9,    9,    9,   57,    9,   45,   45,    3,  -25,   -2,
      -3,  -29,    8,  -14,    8,    4,    4,  -24,   -6,   -8,   13,   -7,  -26,  -12,  -40,  -22,
     -43,   -1,  -24,   -1,  -11,    1,   -3,   -2,   -1,    4,  -14,   -1,   -5,  -13,  -11,  -19,
     -12,  -12,    1,   -7,  -11,  -14,    1,    1,  -26,   -3,  -14,  -14,  -14,  -14,  -14,  -23,
     -24,    8,    8,  -31,  -22,  -11,  -11,  -17,  -15,  -25,  -21,   -9,  -11,   -3,  -10,  -11,
      -3,   -2,  -20,  -13,  -34,  -22,  -18,  -54,  -13,  -27,  -10,   -6,   -2,  -11,   -1,  -12,
     -10,  -11,  -11,   -3,   -6,  -11,  -11,  -20,   -2,  -15,  -12,  -21,  -10,   -6,   -6,  -12,
      -7,  -16,   -4,  -17,   -2,   -5,   -3,   -2,   -5,   -3,   -1,  -14,  -14,  -37,  -24,   -6,
     -48,   -5,  -23,   -1,   -1,   -1,   -2,   -2,   -2,   -1,   -3,   -5,   -5,   -3,   -1,   -1,
      -1,   -1,   -1,   -1,   -1,   -1,   -1,   -1,   -1,   -1,   -1,   -1,   -1,   -5,   -5,   -1,
      -1,  -14,   -1,   -1,   -1,   -1,   -1,   -1,   -1,   -1,   -1,   -1,   -1,   -1,   -4,   -8,
      -6,  -18,   -5,   -1,   -1,    3,  -16,   -3,   -2,  -20,    9,  -15,    9,    4,    4,  -18,
      -6,   -8,   13,   -7,  -12,  -10,  -14,  -12,  -13,  -14,  -11,    1,   -1,   -2,   -1,    2,
     -14,   -1,  -11,  -11,  -14,  -13,  -10,    1,   -7,  -11,  -14,    1,    1,  -12,   -1,  -14,
       2,  -14,  -14,  -14,  -15,  -15,  -16,    9,    9,  -18,  -16,  -11,  -11,  -14,  -10,  -19,
     -18,   -4,   -8,   -3,   -6,   -8,   -3,   -3,  -17,  -14,  -34,  -23,   -9,  -49,   -8,  -27,
      -5,   -2,   -1,   -2,   -4,   -2,   -5,   -2,   -3,   -8,   -8,   -3,   -5,   -8,   -8,   -2,
      -2,  -17,   -1,   -2,   -2,  -11,   -7,  -18,   -6,   -5,   -5,   11,   47,   69,   12,   48,
      71,  -10,  -18,  -10,   62,   17,   -7,   40,   14,   -6,   33,   39,   15,   31,   48,   50,
      64,   61,   50,   61,   40,   52,   60,   -5,   -2,    1,   10,   18,    4,    8,    4,    2,
       4,    4,   30,   52,   32,   45,  -15,   57,   55,   52,  -15,   62,   45,   40,   40,   15,
       1,   -6,   -5,   -9,   -4,    9,    4,   22,   49,   14,   40,   61,   -3,    5,    2,   13,
      -2,    5,    6,   15,   -8,   -7,    1,   -1,    6,   10,    7,    5,   12,   15,    1,   40,
      67,   40,   50,   49,   42,   14,   60,   -6,    3,    2,   14,   18,   17,   48,    3,    2,
       3,    1,    2,    9,   12,   -2,   -5,   41,    3,   80,   43,   32,   -1,   44,   12,   13,
       1,    4,   -8,   10,   46,    5,   23,   -3,   37,    1,    8,    1,    5,  -18,   69,   67,
     -10,  -10,   70,   66,   -4,   46,   24,    1,    1,    1,   -4,    8,    1,    9,  -10,   -3,
      10,   -3,    1,   -4,   -5,   -3,  -10,   -4,   -5,   -3,   -5,   -5,   -7,  -19,  -12,   -4,
     -31,   -5,   -2,   10,   35,   -4,   -4,   23,    5,   26,    1,    1,    1,    9,    1,    2,
       6,    4,    1,   -7,    3,    2,   -6,   -2,   -5,   -5,   -3,   23,   -4,   -4,   -4,   -4,
      -4,   -4,   -4,   -4,   -4,   -4,   -4,   -4,   -4,    1,    2,   -4,   -4,   -4,   -4,   -4,
      -4,   -4,   -4,    5,    5,    5,   -5,   -5,   26,   -4,   -4,   -4,    1,   -5,   16,    2,
       5,   -4,   -4,   -4,   -4,   -4,   -4,   -4,    1,    1,   -4,   -4,   -4,   -4,   -4,   -4,
      -4,   -4,   -4,    2,    2,    2,  -10,    8,    5,    8,    8,    2,    4,   -3,    4,    9,
      23,   23,    2,  -31,   -5,   -3,  -34,   14,  -12,    7,    3,    3,  -27,   -7,  -10,   11,
      -8,  -34,  -13,  -46,  -24,   -1,  -47,   -1,  -33,   -1,  -12,   -4,   -2,    3,  -14,   -1,
      -9,  -16,   -9,  -23,   -9,  -14,   -8,  -12,  -14,  -34,   -4,  -14,  -14,  -14,  -14,  -12,
     -29,  -31,    7,    7,  -35,  -26,  -12,  -12,  -12,   -4,   -1,  -12,    5,  -13,    5,    1,
       1,  -16,   -6,   -9,    7,   -8,   -9,   -7,   -8,   -6,   -1,   -7,  -12,    1,   -9,   -1,
      -1,    2,  -11,   -1,   -9,  -11,  -11,  -12,   -5,   -1,   -8,   -9,  -11,   -9,   -1,  -11,
     -11,  -11,  -11,  -13,  -12,  -12,    5,    5,  -14,  -13,   -9,   -9,   -3,   -4,   -3,   -3,
      -4,   -2,   -2,   -1,    4,    2,    5,    1,   -2,   -8,   -3,   -3,   -4,    2,   -2,   -3,
       2,   -3,    5,   -2,    1,   -2,   -2,   -2,  -23,   -2,   -7,  -22,  -14,  -20,   -2,   -2,
      -6,    1,   -2,   -6,   -2,  -12,  -13,  -39,  -24,   -4,  -46,   -2,  -21,   -3,   -4,   -1,
      -4,   -3,   -1,   -2,   -2,   -2,   -3,   -3,   -3,   -3,   -3,   -4,   -3,   -1,  -10,   -7,
     -13,   -8,   -6,   -2,   -2,   -6,   -1,   -3,   -3,   -3,   -3,   -4,   -4,   -4,   -3,   -3,
      -3,   -3,   -4,   -4,   -4,   -4,   -4,   -4,   -3,   -3,   -3,   -4,   -3,   -3,   -4,   -4,
      -4,   -4,   -4,   -4,   -4,   -4,   -4,   -2,   -2,   -3,   -3,   -3,   -3,   -1,   -4,   -4,
      -4,   -2,   -3,   -3,  -12,   -3,   -3,   -4,   -3,   -3,   -4,   -4,   -3,   -3,   -4,   -4,
      -3,   -3,   -4,   -4,   -2,   -2,   -3,   -3,   -3,   -3,   -4,   -4,   -4,   -4,   -3,   -4,
      -4,   -4,   -4,   -4,   -4,  -29,  -21,  -20,  -24,  -16,  -12,   -1,   -1,    2,  -18,   -5,
      -1,  -22,    7,  -14,    7,    4,    4,  -19,   -6,  -11,   12,  -10,  -20,  -15,  -22,  -20,
     -22,  -15,  -15,   -4,   -3,   -3,   -3,   -6,   -2,   -5,   -4,    3,  -18,   -3,  -12,  -11,
     -16,  -28,  -12,  -10,  -15,   -2,   -2,   -2,  -18,   -4,   -3,  -20,   -6,   -2,   -2,  -18,
      -3,   -3,   -2,   -2,    1,  -18,  -18,  -18,  -14,  -18,  -18,    7,    7,  -20,  -18,  -15,
     -15,  -22,  -12,  -35,  -23,   -6,  -11,   -5,   -8,  -11,   -5,   -1,  -32,  -15,  -40,  -23,
     -12,  -58,  -12,  -36,   -2,  -15,   -3,   -8,   -3,   -9,   -1,  -16,   -9,  -11,  -11,   -5,
     -15,  -11,  -11,   -3,   -3,  -32,   -8,   -3,   -3,  -20,  -17,  -24,  -14,  -15,  -15,  -17,
     -14,  -22,  -21,   -7,  -10,   -4,   -9,  -10,   -3,   -1,  -23,  -14,  -36,  -22,  -16,  -55,
     -12,  -20,   -8,   -8,   -4,   -2,  -10,  -13,  -10,  -10,  -10,   -3,   -8,  -10,  -10,  -23,
      -4,  -16,  -13,  -21,  -10,   -8,   -8,   -4,   -4,  -11,  -14,  -10,   -7,   -6,  -10,   -6,
      -6,  -17,  -20,  -45,  -33,   -3,  -57,  -10,  -10,   11,   23,   -8,  -10,  -10,   -6,  -10,
     -10,   23,  -17,   -2,   -1,  -12,   -2,  -12,   -2,  -14,   -2,  -33,  -10,  -33,   -8,   -3,
     -32,  -13,  -33,  -15,  -14,   -4,   -9,   -7,  -28,  -17,  -41,  -51,   -7,   -2,   -9,   -4,
      -1,    1,    7,    9,    1,    3,    1,    5,    1,    3,  -10,   -7,    1,   -9,  -13,  -27,
       1,   -4,   -4,   -4,   -4,   -1,   -1,   -1,    7,    7,    7,    7,   -1,   -1,   -1,   -1,
      -1,   -1,    5,    5,    5,   -4,   -4,   -1,   -1,   -1,   -1,   -1,   -1,  -13,  -13,    7,
       7,    7,    7,    9,   -6,   -1,   -1,    1,   -9,    5,    5,   -1,   -4,   -4,   -1,   -1,
       7,    7,   -1,   -1,    1,    1,    5,    5,   -4,   -4,   -1,   -1,   -1,   -1,    7,   -1,
      -1,   -1,  -10,  -33,  -33,   -3,    1,    1,    1,  -13,   -2,   -3,  -19,   -4,  -18,   -2,
      -5,   -6,   -3,   -5,   -5,   -4,  -16,  -16,  -35,  -25,   -4,  -46,   -6,  -29,   -4,   -1,
      -1,   -1,   -4,   -1,   -3,   -3,   -1,   -2,   -4,   -5,   -3,   -2,   -5,   -5,   -5,   -4,
      -3,   -5,   -5,   -2,   -1,   -4,   -4,  -16,   -1,   -3,   -3,   -3,   -1,   -1,   -3,   -3,
      -3,   -4,  -14,  -10,  -18,   -6,   -4,   -4,   -4,   -2,   -2,   -7,   -3,   -5,   -1,   -2,
      -2,   -6,   -9,  -25,  -19,   -1,  -34,   -1,   -3,    1,    2,    2,   -2,   -3,   -1,   -2,
      -2,   -2,   -2,    1,   -1,   -6,   -3,   -1,   -1,   -7,   -6,    1,    4,  -26,   -2,   -2,
     -31,    9,  -13,    9,    4,    4,  -24,   -7,   -8,   14,   -7,  -28,  -12,  -42,  -22,  -43,
     -28,   -1,  -11,    1,   -1,    4,  -14,   -1,   -5,  -14,  -10,  -21,  -11,  -13,    1,   -7,
     -11,  -14,    1,    1,  -28,  -14,  -14,  -14,  -14,  -26,  -25,  -26,    9,    9,  -32,  -24,
     -11,  -11,  -15,  -16,  -27,  -22,  -10,  -12,   -5,   -1,  -12,  -12,   -5,   -4,  -22,  -16,
     -38,  -24,  -22,  -56,  -16,  -17,  -11,   -7,   -1,   -1,   -4,   -1,   -1,  -12,  -11,  -12,
     -12,  -12,   -5,   -7,   -1,   -1,   -1,  -12,  -12,   -1,   -1,  -22,   -4,   -1,   -1,   -1,
     -13,  -11,  -20,  -10,   -2,   -7,   -7,  -15,  -14,  -25,  -21,   -8,  -11,   -5,  -10,  -11,
      -4,   -4,  -21,  -15,  -37,  -23,  -18,  -55,  -14,  -17,   -9,   -7,   -4,   -1,  -11,  -10,
     -10,  -11,  -11,   -4,   -7,  -11,  -11,  -21,   -4,   -1,   -1,  -13,  -11,  -19,  -10,   -7,
      -7,   -7,   -7,  -13,  -10,  -15,   -1,   -3,   -3,   -2,   -4,   -3,   -2,   -9,  -11,  -37,
     -22,   -7,  -44,   -2,  -12,   -1,    3,    3,    2,    2,    2,    1,    1,   -1,   -4,    1,
      -5,   -2,   -3,   -3,   -3,   -1,   -1,   -1,    3,    3,    3,    3,   -1,   -1,   -1,   -1,
      -1,    1,    1,    1,   -1,   -1,   -1,   -1,   -1,   -1,   -3,   -3,    3,    3,    3,    3,
       3,   -2,   -1,   -1,    2,   -9,    1,    1,   -1,   -1,   -1,    3,    3,   -1,   -1,    2,
       2,    1,    1,   -1,   -1,   -1,   -1,    3,   -1,   -1,   -1,  -10,   -6,   -4,  -15,   -3,
      -2,    1,   -2,   -9,  -12,  -13,   -5,  -10,   -9,  -10,   -1,   -9,  -13,  -36,  -25,  -13,
     -49,   -8,   -7,   -4,   -1,   -7,  -10,  -10,  -10,  -10,   -9,   -2,   -2,  -11,   -2,   -2,
      -1,  -18,   -4,   -6,  -21,   -7,  -21,   -4,   -1,   -6,  -10,    2,   -3,   -6,   -9,   -2,
     -18,  -17,  -42,  -30,   -5,  -47,   -5,  -19,   -1,   -5,   -1,   -2,   -2,   -2,   -1,   -1,
      -4,   -3,  -14,   -5,   -1,   -8,   -5,  -12,   -6,   -5,   -2,   -6,   -6,   -9,   -5,   -1,
      -1,   -1,   -1,   -1,   -1,   -1,   -1,   -1,   -1,   -1,  -14,   -1,   -1,   -1,   -1,   -1,
      -1,   -1,   -1,   -1,   -6,   -6,   -3,   -1,   -1,   -2,  -18,   -1,   -1,   -1,  -14,   -5,
      -5,   -1,   -1,   -1,   -1,   -1,   -1,   -2,   -2,   -1,   -1,   -1,   -1,   -1,   -1,   -1,
      -1,   -1,  -14,  -14,  -14,  -13,  -16,  -17,    1,    1,  -23,  -14,   -8,   -5,   -5,    2,
      -9,   -8,   -4,  -24,   -5,   -4,  -10,  -10,   -2,   -1,   -1,   -9,   -8,   -9,    5,    4,
       1,    3,  -11,   16,  -12,   19,    9,   -1,   31,    7,  -10,  -10,  -10,   -2,   -1,  -10,
      -3,   -3,   -1,   -5,   -9,   -5,  -12,   -7,   -1,   -9,   19,  -11,  -11,  -11,  -11,  -11,
     -12,  -12,    4,   -1,   -1,    1,  -12,  -12,  -12,  -12,  -12,  -10,  -10,  -10,   10,   -5,
     -11,  -11,  -12,  -12,  -11,  -12,  -12,  -12,    4,   -1,   -1,    1,   -1,   31,    1,  -12,
     -12,  -10,   -2,   -1,  -10,  -10,   -5,   -9,   -9,  -12,  -10,  -11,   -3,  -12,   24,   -1,
      -7,  -12,   -6,  -10,   -9,  -10,   -6,  -11,  -12,  -12,   26,  -12,   -1,  -12,   16,  -12,
      -5,   -5,   -5,  -24,   -5,   -5,   19,   19,    2,   10,    2,   10,    2,    2,  -12,   -8,
     -13,   -4,   -4,   -9,   -8,   -4,   -4,  -10,  -10,  -14,   -1,   -1,   -6,  -10,  -28,  -19,
     -32,   -1,   24,    2,   36,   -1,   -4,   24,    2,    2,    2,    2,    2,    2,    2,    2,
      36,   -1,   -6,    2,    2,    2,   -4,   -3,   -1,   -1,   -3,   24,   24,   -2,   -5,   -1,
      -8,   -1,   -1,  -13,   -7,  -12,   -7,  -14,  -12,   -1,   -2,  -22,  -16,   -1,  -26,  -11,
       5,    7,    1,    1,    1,    4,    1,    2,  -10,   -3,    5,    5,    5,    5,    4,    4,
       4,    5,    5,    5,    5,    7,    1,   -2,    4,    4,    5,    5,    1,    1,    4,    4,
       5,   -4,   -4,  -10,   -4,   -5,  -11,   -9,   -7,  -14,  -16,  -17,   -4,   -3,   -5,   -3,
      -4,  -11,  -18,  -36,  -27,  -42,   -5,   -9,   -8,   -8,   -1,   -6,   -1,   -7,   -2,   -5,
     -16,   -4,   -3,   -2,   -2,   -4,   -4,   -3,   -9,   -9,   -9,   -9,   -8,   -8,   -8,   -1,
      -1,   -1,   -1,   -9,   -8,   -8,   -8,   -8,   -8,   -6,   -2,   -9,   -9,   -8,   -8,   -8,
      -8,   -8,   -8,   -1,   -1,   -1,   -4,   -6,   -4,   -1,   -1,   -1,   -1,   -4,  -13,   -8,
      -8,  -22,   -2,   -1,   -8,   -9,   -9,   -8,   -8,   -1,   -1,   -8,   -8,   -9,   -9,   -8,
      -8,   -8,   -8,   -1,   -8,   -8,   -8,   -2,   -2,   -2,  -16,   -5,   -4,   -4,   -4,   -4,
     -13,  -39,  -39,  -21,   -2,  -32,   -8,   -3,  -10,   -5,  -12,  -11,  -10,    7,   10,   11,
       1,    5,    8,    1,    2,  -10,   -2,  -35,   -2,   -2,    7,   10,   10,   11,   10,    8,
       8,    8,   -2,    2,   -2,   10,   10,   10,   10,   14,    1,    8,    8,   10,   10,    8,
       8,   10,  -39,  -39,    7,    7,    6,    1,   -8,    1,    4,    2,    6,    8,   10,    5,
       7,    1,    6,    8,    8,    8,    8,    7,    7,    7,    8,    8,    8,    8,   10,    5,
       7,    7,    8,    8,    7,    7,    8,    6,    6,    3,    2,   10,   12,    2,    2,    2,
       2,    8,    2,    3,    2,   10,   10,   10,   10,    8,    8,    8,   10,   10,   10,   10,
      12,    2,    2,    8,    8,   10,   10,    2,    2,    8,    8,   10,    2,    2,  -18,  -12,
      -5,  -11,  -14,   -6,   -6,  -13,  -13,   -1,   -8,  -12,  -13,   -1,  -40,  -11,  -36,  -26,
     -22,  -47,  -13,  -23,   -9,  -10,  -19,   -4,   -4,   -4,   -3,  -14,   -8,   -3,   -2,   -4,
      -4,  -17,  -13,  -13,   -1,  -23,   -9,   -9,   -9,   -9,   -8,   -8,   -8,  -13,  -13,   -9,
      -9,   -9,   -9,  -10,   -4,   -3,   -3,  -40,  -14,   -8,   -8,   -4,   -4,   -9,   -9,   -4,
      -4,   -8,   -8,   -9,  -23,  -23,    4,    1,    5,    5,    2,    2,    2,    5,    3,    4,
       1,   -2,    5,    5,    5,    5,    5,    5,    5,    1,    1,    1,    5,    5,    5,    5,
       5,    2,    5,    5,    1,    5,    5,    2,    2,    5,    5,    5,    1,    1,    1,  -10,
      -2,   -5,  -32,  -18,  -35,   -5,   -5,   -6,   -6,  -26,  -14,  -15,   -6,   -6,  -14,  -16,
      -6,  -34,  -16,  -42,  -31,  -21,  -54,  -14,  -10,   -3,  -24,   -1,   -5,  -11,  -11,   -5,
      -6,   -6,   -6,   -5,  -18,   -9,   -4,   -4,   -5,   -3,   -7,  -12,   -9,   -2,  -20,  -19,
     -17,  -16,  -15,  -15,   -6,  -24,  -11,  -11,  -11,  -11,   -9,   -9,   -9,   -5,   -3,   -1,
      -1,   -1,  -15,   -5,  -15,  -11,  -11,  -11,  -11,  -11,   -6,   -5,   -5,  -67,  -18,   -9,
      -9,   -3,   -7,   -7,   -1,  -11,  -11,   -6,   -6,   -9,   -9,  -11,   -3,   -3,   -3,  -31,
     -27,   -5,   -5,  -29,  -24,  -24,   -7,  -35,  -38,   -2,  -14,  -14,  -14,  -10,  -18,  -28,
     -20,  -15,  -18,  -28,  -22,  -40,  -37,  -55,  -45,  -13,  -57,  -14,  -25,  -28,  -27,   37,
       3,  -18,  -24,   49,  -21,  -24,  -24,  -24,  -18,  -25,  -26,  -24,  -23,  -18,  -18,  -21,
     -35,  -28,  -10,  -18,  -18,  -27,   37,  -25,  -25,  -25,  -25,  -27,  -27,  -27,  -24,  -24,
     -24,  -24,  -26,  -27,  -27,  -27,  -27,  -27,  -26,  -26,  -26,  -17,  -18,  -25,  -25,  -27,
     -27,  -27,  -27,  -27,  -27,    3,    3,    3,  -18,  -18,  -18,  -24,  -24,  -24,  -24,   49,
     -14,  -29,  -27,  -27,  -24,  -18,  -18,  -39,  -25,  -26,  -26,  -18,  -21,  -21,    3,  -27,
     -25,  -25,  -27,  -27,  -24,  -24,  -27,  -27,  -24,  -24,  -26,  -26,  -25,  -25,  -27,  -27,
     -27,  -27,  -24,  -27,  -27,  -27,  -18,  -18,  -18,  -33,  -32,  -14,  -14,  -32,   37,   37,
       1,   -7,    2,  -15,   -6,   -6,   -7,   -7,   -5,   -5,  -10,   12,  -11,  -12,   -9,    7,
      -6,   -7,    5,  -10,  -10,  -10,   -7,  -10,   -9,   -8,   -8,   -1,  -16,   -9,  -15,  -13,
      -8,    1,   -5,  -12,  -10,  -10,  -10,  -10,  -11,  -11,  -11,  -10,  -12,   -6,   -6,   -7,
     -11,  -11,  -11,  -11,  -11,   -9,   -9,   -9,   14,  -16,  -10,  -10,  -11,  -11,  -11,  -11,
     -11,  -11,   -9,   -9,   -9,    8,   -6,   -6,   -6,  -12,   -7,   -1,  -11,  -11,  -10,  -14,
     -13,  -10,   -9,   -9,  -16,   -9,   -9,   -9,  -11,  -10,  -10,  -21,  -11,    3,   -6,  -23,
     -11,  -19,  -10,   -9,   -9,  -10,  -10,  -11,  -11,  -17,  -11,   -6,  -11,  -21,  -11,  -16,
     -16,  -16,  -15,  -12,  -12,  -13,  -12,   -5,   -3,   -3,   -8,   -4,   -1,  -15,   -7,   -5,
      -5,   -4,   -5,   -5,   -4,  -12,  -26,  -21,  -47,   -6,   -6,  -12,    8,   -1,    3,    2,
      -2,   -1,  -11,   -4,  -10,   -5,   -5,   -1,    3,   -5,    3,   -5,   -2,   -2,   -5,   -1,
      -1,   -4,   -1,   -3,   -3,  -10,   -1,   -1,   -9,  -19,  -13,  -14,  -14,  -25,  -18,   -9,
     -23,   -9,  -10,   -6,   -5,  -31,  -21,  -43,  -52,  -11,   -9,  -18,   -1,   -3,   -4,   -3,
      -2,   -1,   -1,  -14,   -9,  -30,   -9,   -9,   -3,   -4,   -9,   -4,   -9,   -2,   -2,   -6,
      -1,   -4,   -3,  -14,  -14,  -14,   -2,   -3,   -3,  -23,   -6,   -1,  -26,   -5,  -23,  -12,
      -1,   -6,  -19,   -3,   -6,  -18,   -5,  -39,  -20,  -37,  -30,   -3,  -37,   -7,  -18,   -2,
      -3,  -22,   -4,   -8,  -12,  -10,  -10,  -10,   -2,  -14,  -10,  -13,  -12,  -21,  -10,   -1,
     -11,  -14,   -7,  -20,   -4,  -11,   -5,   -6,   -6,  -18,  -22,   -3,   -3,   -3,   -8,   -8,
      -8,   -8,   -3,   -3,   -3,   -3,   -3,  -10,  -10,  -10,  -21,   -3,   -3,   -3,   -3,   -3,
      -3,   -4,   -4,   -4,   -6,   -6,   -8,   -8,   -8,   -8,  -12,   -3,   -3,  -10,   -2,   -2,
     -39,  -14,  -10,  -10,  -21,  -10,  -10,   -4,   -3,   -3,   -3,   -8,   -8,   -3,   -3,  -10,
     -10,  -10,  -10,   -3,   -3,   -3,   -3,   -8,   -3,   -3,   -3,  -21,  -21,  -21,   -5,  -22,
     -25,  -24,  -23,  -22,  -22,    3,  -49,   -2,   -3,  -29,    8,  -14,    8,    4,    4,  -24,
      -6,   -8,   13,   -7,  -26,  -12,  -40,  -22,  -43,   -1,  -24,   -1,  -11,    1,   -3,   -2,
      -1,    4,  -14,   -1,   -5,  -13,  -11,  -19,  -12,  -12,    1,   -7,  -11,  -14,    1,    1,
     -26,   -3,  -14,  -14,  -14,  -14,  -14,  -23,  -24,    8,    8,  -31,  -22,  -11,  -11,    3,
     -25,   -2,   -3,  -29,    8,  -14,    8,    4,    4,  -24,   -6,   -8,   13,   -7,  -26,  -12,
     -40,  -22,  -43,   -1,  -24,   -1,  -11,    1,   -3,   -2,   -1,    4,  -14,   -1,   -5,  -13,
     -11,  -19,  -12,  -12,    1,   -7,  -11,  -14,    1,    1,  -26,   -3,  -14,  -14,  -14,  -14,
     -14,  -47,  -49,    8,    8,  -31,  -22,  -11,  -11,    3,  -25,   -2,   -3,  -28,    8,  -14,
       8,    4,    4,  -24,   -6,   -8,   13,   -7,  -26,  -12,  -40,  -22,  -43,   -1,  -24,   -1,
     -11,    1,   -3,   -2,   -1,    4,  -14,   -1,   -5,  -13,  -11,  -19,  -12,  -12,    1,   -7,
     -11,  -14,    1,    1,  -26,   -3,  -14,  -14,  -14,  -14,  -14,  -46,  -24,    8,    8,  -31,
     -22,  -11,  -11,  -12,   -7,  -16,   -4,  -17,   -2,   -5,   -3,   -2,   -5,   -3,   -1,  -14,
     -14,  -37,  -24,   -6,  -48,   -5,  -23,   -1,    2,    5,   -1,   -2,   -2,   -2,   -1,   -3,
      -5,   -5,   -3,    2,   -1,   -1,   -1,   -1,   -1,   -1,   -1,   -1,   -1,   -1,   -1,   -1,
      -1,   -1,   -5,   -5,    5,   -1,   -1,  -14,   -1,   -1,   -1,   -1,   -1,   -1,   -1,   -1,
      -1,   -1,   -1,   -1,   -4,   -8,   -6,  -18,   -5,    2,    2,  -23,  -10,  -18,  -18,   -4,
      -8,   -3,   -6,   -8,   -3,   -3,  -17,  -14,  -34,  -23,   -9,  -49,   -8,  -27,   -5,   -2,
      -1,   -2,   -4,   -2,   -5,   -2,   -3,   -8,   -8,   -3,   -5,   -8,   -8,   -2,   -2,  -17,
      -1,   -2,   -2,  -11,  -13,  -18,   -6,   -5,   -5,  -14,  -10,  -19,  -18,   -4,   -8,   -3,
      -6,   -8,   -3,   -3,  -17,  -14,  -34,  -23,   -9,  -49,   -8,  -27,   -5,   -2,   -1,   -2,
      -4,   -2,   -5,   -2,   -3,   -8,   -8,   -3,   -5,   -8,   -8,   -2,   -2,  -17,   -1,   -2,
      -2,  -21,  -14,  -18,   -6,   -5,   -5,  -25,  -10,  -14,  -18,   -4,   -8,   -3,   -6,   -8,
      -3,   -3,  -17,  -14,  -34,  -23,   -9,  -49,   -8,  -27,   -5,   -2,   -1,   -2,   -4,   -2,
      -4,   -2,   -3,   -8,   -8,   -3,   -5,   -8,   -8,   -2,   -2,  -17,   -1,   -2,   -2,  -19,
     -14,  -18,   -6,   -5,   -5,  -23,   -4,   -1,  -17,    5,  -13,    5,    1,    1,  -16,   -6,
      -9,    7,   -8,   -9,   -7,   -8,   -6,   -1,   -7,  -12,    1,   -9,   -1,   -1,    2,  -11,
      -1,   -9,  -11,  -11,  -12,   -5,   -1,   -8,   -9,  -11,   -9,   -1,  -11,  -11,  -11,  -11,
     -13,  -25,  -12,    5,    5,  -14,  -13,   -9,   -9,    4,    8,   -4,    7,    4,    5,  -13,
       5,    1,    1,    3,   -6,   -9,    7,   -8,   -9,   -7,   -8,   -6,   -1,   -7,  -12,    7,
      25,   -9,   19,   16,   -1,   -1,    2,  -11,    4,   -1,   -9,  -11,   -8,  -12,   -5,   -1,
      -8,   -9,    5,    2,    2,   20,  -11,   19,   -9,   -1,  -11,  -11,  -11,  -11,  -13,  -18,
       4,    5,    5,  -14,  -13,   -9,   -9,   -8,   -4,   -1,    6,    5,  -13,    5,    1,    1,
     -10,   -6,   -9,    7,   -8,   -9,   -7,   -8,   -6,   -1,   -7,  -12,    1,   -9,   -1,   -1,
       2,  -11,   -1,   -9,  -11,    3,  -12,   -5,   -1,   -8,   -9,  -11,   -9,   -1,  -11,  -11,
     -11,  -11,  -13,    3,  -17,    5,    5,  -14,  -13,   -9,   -9,    1,   -4,   -1,   20,    5,
     -13,    5,    1,    1,    3,   -6,   -9,    7,   -8,   -9,   -7,   -8,   -6,   -1,   -7,  -12,
      15,   -9,   10,    8,   -1,   -1,    2,  -11,   -1,   -9,  -11,    2,  -12,   -5,   -1,   -8,
      -9,   10,  -11,   10,   -9,   -1,  -11,  -11,  -11,  -11,  -13,    2,   -2,    5,    5,  -14,
     -13,   -9,   -9,  -12,  -11,  -17,  -18,   -6,   -9,   -3,   -8,  -10,   -3,   -1,  -13,  -13,
     -26,  -20,  -15,  -32,  -10,  -10,   -1,   -5,   -2,   -2,   -8,   -7,   -9,   -9,   -9,   -3,
      -5,   -9,   -9,   -2,   -2,  -13,   -2,  -11,   -9,  -15,   -8,   -5,   -5,  -40,  -12,  -33,
     -23,   -6,  -11,   -5,   -8,  -11,   -5,   -1,  -32,  -15,  -40,  -23,  -12,  -58,  -12,  -36,
      -2,  -15,   -3,   -8,   -3,   -9,   -1,  -16,   -9,  -11,  -11,   -5,  -15,  -11,  -11,   -3,
      -3,  -32,   -8,   -3,   -3,  -20,  -33,  -24,  -14,  -15,  -15,  -22,  -12,  -35,  -23,   -6,
     -11,   -5,   -8,  -11,   -5,   -1,  -32,  -15,  -40,  -23,  -12,  -58,  -12,  -36,   -2,  -15,
      -3,   -8,   -3,   -9,   -1,  -16,   -9,  -11,  -11,   -5,  -15,  -11,  -11,   -3,   -3,  -32,
      -8,   -3,   -3,  -40,  -34,  -24,  -14,  -15,  -15,  -43,  -12,  -33,  -23,   -6,  -11,   -5,
      -8,  -11,   -5,   -1,  -32,  -15,  -40,  -23,  -12,  -58,  -12,  -36,   -2,  -15,   -3,   -8,
      -3,   -9,   -1,  -16,   -9,  -11,  -11,   -5,  -15,  -11,  -11,   -3,   -3,  -32,   -8,   -3,
      -3,  -20,  -17,  -24,  -14,  -15,  -15,  -43,  -12,  -29,  -23,   -6,  -11,   -5,   -8,  -11,
      -5,   -1,  -32,  -15,  -40,  -23,  -12,  -58,  -12,  -36,   -2,  -15,   -3,   -8,   -3,   -9,
      -1,  -16,   -9,  -11,  -11,   -5,  -15,  -11,  -11,   -3,   -3,  -32,   -8,   -3,   -3,  -37,
     -34,  -24,  -14,  -15,  -15,  -42,  -12,  -33,  -22,   -6,  -11,   -5,   -8,  -11,   -5,   -1,
     -32,  -15,  -40,  -23,  -12,  -58,  -12,  -36,   -2,  -22,   -3,  -13,   -3,   -9,   -1,  -13,
      -9,  -11,  -11,   -5,  -22,  -11,  -11,   -3,   -3,  -32,  -13,   -3,   -3,  -32,  -31,  -24,
     -14,  -22,  -22,  -16,   -4,  -40,  -14,  -46,  -20,    3,  -24,   -4,  -10,  -16,   -8,  -22,
     -29,  -14,  -16,  -32,  -18,   -3,  -28,    2,  -27,  -12,  -43,  -27,  -44,  -31,  -49,   -5,
     -34,    3,   -8,  -14,  -15,  -28,   -7,  -11,   -5,  -15,  -15,  -15,   -5,  -20,  -17,  -21,
     -20,  -58,   -5,   -1,  -23,  -30,  -21,  -37,  -19,  -27,   -3,  -39,  -28,   -8,   -8,   -8,
      -8,  -15,  -15,  -15,  -11,  -11,  -11,  -11,  -14,  -15,  -15,  -15,  -15,  -22,  -17,  -17,
     -17,  -58,   -8,   -8,  -15,  -15,  -15,  -15,  -15,  -15,   -7,   -7,   -7,  -11,  -11,  -11,
     -11,   -5,   -6,  -10,  -15,  -15,  -15,   -5,   -5,  -43,  -20,  -17,  -17,  -58,   -5,   -5,
      -7,  -22,   -8,   -8,  -15,  -15,  -11,  -11,  -15,  -15,  -15,  -15,  -17,  -17,   -8,   -8,
     -15,  -15,  -15,  -15,  -11,  -15,  -15,  -15,  -58,  -58,  -58,  -20,  -42,  -46,  -43,  -38,
     -13,  -28,  -26,    1,  -25,   -4,   -3,  -29,   15,  -14,   15,    6,    6,  -24,   -6,   -8,
      13,   -7,  -26,  -12,  -40,  -22,  -43,   -1,  -24,   -1,    2,   23,    1,   -3,   -2,   -1,
     -28,   -1,   -8,  -13,  -11,  -19,  -12,  -12,   -7,    2,  -28,   23,    1,    1,  -26,   -3,
     -28,  -28,  -28,  -28,  -14,  -23,  -24,   15,   15,  -31,  -22,    2,    2,  -18,   -7,  -14,
      -4,  -15,   -2,   -5,   -3,   -2,   -5,   -3,   -1,  -14,  -14,  -37,  -24,   -6,  -48,   -5,
     -23,    4,   -1,   -1,    1,   -1,   -2,   -2,   -2,   -1,   -3,   -5,   -5,   -3,   -1,   -1,
      -1,   -1,   -1,   -1,   -1,   -1,   -1,    1,   -1,   -1,   -1,   -1,   -1,   -1,   -5,    1,
      -5,   -1,   -1,  -14,   -1,   -1,   -1,   -1,   -1,   -1,   -1,   -1,   -1,   -1,   -1,   -1,
      -4,  -15,   -9,  -18,   -5,   -1,   -1,  -23,   -7,  -16,   -4,  -17,   -2,   -5,   -3,   -2,
      -5,   -3,   -1,  -14,  -14,  -37,  -24,   -6,  -48,   -5,  -23,   -1,   -1,   -1,   -2,   -2,
      -2,   -1,   -3,   -5,   -5,   -3,   -1,   -1,   -1,   -1,   -1,   -1,   -1,   -1,   -1,   -1,
      -1,   -1,   -1,   -1,   -1,   -5,   -5,   -1,   -1,  -14,   -1,   -1,   -1,   -1,   -1,   -1,
      -1,   -1,   -1,   -1,   -1,   -1,   -4,  -13,  -12,  -18,   -5,   -1,   -1,  -21,   -7,  -16,
      -4,  -17,   -2,   -5,   -3,   -2,   -5,   -3,   -1,  -14,  -14,  -37,  -24,   -6,  -48,   -5,
     -23,   -1,   -1,   -1,   -2,   -2,   -2,   -1,   -3,   -5,   -5,   -3,   -1,   -1,   -1,   -1,
      -1,   -1,   -1,   -1,   -1,   -1,   -1,   -1,   -1,   -1,   -1,   -5,   -5,   -1,   -1,  -14,
      -1,   -1,   -1,   -1,   -1,   -1,   -1,   -1,   -1,   -1,   -1,   -1,   -4,   -8,  -12,  -18,
      -5,   -1,   -1,    7,   34,   48,    1,   53,   47,    2,  -15,    2,   40,   52,   70,   14,
      64,    7,   13,   60,    3,    3,    3,   16,    3,    4,   -8,   47,   10,  -10,   20,   -1,
      14,    7,    7,    7,    7,   64,   -8,   64,    7,    7,    7,    7,   13,    3,   16,   -8,
      18,    7,    7,    3,    3,    7,   -8,   -8,   -8,  -15,   25,   39,    2,    2,   14,   14,
       4,  -19,   -3,   -2,    4,    9,  -15,    9,    4,    4,    2,   -6,   -8,   13,   -7,  -12,
     -10,  -14,  -12,  -13,  -14,   11,  -11,    8,    7,    1,   -1,   -2,   -1,    2,  -14,   -2,
     -11,  -11,   -2,  -13,  -10,    1,   -7,  -11,    8,  -14,    8,    1,    1,    1,  -12,   -1,
     -14,    2,  -14,  -14,  -14,  -15,  -10,  -21,    9,    9,  -18,  -16,  -11,  -11,  -14,  -10,
     -18,  -18,   -4,   -8,   -3,   -6,   -8,   -3,   -3,  -17,  -14,  -34,  -23,   -9,  -49,   -8,
     -27,   -5,   -2,   -1,   -2,   -4,   -2,   -5,   -2,   -3,   -8,   -8,   -3,   -5,   -8,   -8,
      -2,   -2,  -17,   -1,   -2,   -2,  -22,   -7,  -18,   -6,   -5,   -5,  -25,  -10,  -18,  -18,
      -4,   -8,   -3,   -6,   -8,   -3,   -3,  -17,  -14,  -34,  -23,   -9,  -49,   -8,  -27,   -5,
      -2,   -1,   -2,   -4,   -2,   -5,   -2,   -3,   -8,   -8,   -3,   -5,   -8,   -8,   -2,   -2,
     -17,   -1,   -2,   -2,  -23,  -14,  -18,   -6,   -5,   -5,   -1,   -2,   -7,   -4,   -1,   -1,
       1,    2,   -2,   -4,    1,   -3,   -3,   -3,   -1,   -5,   -3,   -3,   -6,   -7,    2,   -4,
      -4,   -4,   -4,   -5,   -5,   -5,   -6,   -2,   -2,   -2,    1,   -4,   -4,   -4,   -4,    1,
      -3,   -1,   -5,   -5,   -6,   -7,   -7,   -2,   -7,   -4,   -3,   -3,   -5,   -5,    5,   -4,
       4,   -6,   -6,   -6,   -1,    2,    2,  -14,  -10,  -19,  -18,   -4,   -8,   -3,   -6,   -8,
      -3,   -3,  -17,  -14,  -34,  -23,   -9,  -49,   -8,  -27,    7,   20,   -2,   -1,   -2,   -4,
      -2,   -5,   -2,   -3,   -8,   -8,   -3,    7,   -8,   -8,   20,   -2,   -2,  -17,   -1,   -2,
      -2,  -11,   -7,  -18,   -6,    7,    9,  -25,  -10,  -19,  -18,   -4,   -8,   -3,   -6,   -8,
      -3,   -3,  -17,  -14,  -34,  -23,   -9,  -49,   -8,  -27,   -5,   -2,   -1,   -2,   -4,   -2,
      -5,   -2,   -3,   -8,   -8,   -3,   -5,   -8,   -8,   -2,   -2,  -17,   -1,   -2,   -2,  -11,
     -14,  -18,   -6,   -5,   -5,    1,   -7,    2,  -15,   -6,   -6,   -7,   -7,   -5,   -5,  -10,
      12,  -11,  -12,   -9,    7,   -6,   -7,    5,  -10,  -10,  -10,   -7,  -10,   -9,   -8,   -8,
      -1,  -16,   -9,  -15,  -13,   -8,   -5,  -12,  -10,  -10,  -10,  -10,  -11,  -11,  -11,  -10,
     -12,   -6,   -6,   -7,  -11,  -11,  -11,  -11,  -11,   -9,   -9,   -9,   13,  -16,  -10,  -10,
     -11,  -11,  -11,  -11,  -11,  -11,   -9,   -9,   -9,   10,   -6,   -6,   -6,  -12,   -7,   -1,
     -11,  -11,  -10,  -14,  -13,  -10,   -9,   -9,  -16,   -9,   -9,   -9,  -11,  -10,  -10,  -21,
     -11,    3,   -6,  -23,  -11,  -19,  -10,   -9,   -9,  -10,  -10,  -11,  -11,  -17,  -11,   -6,
     -11,  -21,  -11,  -16,  -16,  -16,  -15,  -12,  -12,   -7,   -4,   -1,    5,    5,  -13,    5,
       1,    1,   -6,   -6,   -9,    7,   -8,   -9,   -7,   -8,   -6,   -1,   -7,  -12,   12,   -9,
       6,    3,   -1,   -1,    2,  -11,   -1,   -9,  -11,   -8,  -12,   -5,   -1,   -8,   -9,    6,
     -11,    6,   -9,   -1,  -11,  -11,  -11,  -11,  -13,  -15,  -10,    5,    5,  -14,  -13,   -9,
      -9,  -13,   -4,   -1,    7,    5,  -13,    5,    1,    1,   -8,   -6,   -9,    7,   -8,   -9,
      -7,   -8,   -6,   -1,   -7,  -12,    9,   -9,    5,    4,   -1,   -1,    2,  -11,   -1,   -9,
     -11,   -6,  -12,   -5,   -1,   -8,   -9,    5,  -11,    5,   -9,   -1,  -11,  -11,  -11,  -11,
     -13,  -10,  -13,    5,    5,  -14,  -13,   -9,   -9,   -9,   -4,   -1,   -1,    5,  -13,    5,
       1,    1,  -11,   -6,   -9,    7,   -8,   -9,   -7,   -8,   -6,   -1,   -7,  -12,    1,   10,
      -9,    3,   -1,   -1,    2,  -11,   -1,   -9,  -11,  -10,  -12,   -5,   -1,   -8,   -9,    3,
     -11,    3,   -9,   -1,  -11,  -11,  -11,  -11,  -13,  -22,  -13,    5,    5,  -14,  -13,   -9,
      -9,    1,   -7,    2,  -15,   -6,   -6,   -7,   -7,   -5,   -5,  -10,   12,  -11,  -20,   -9,
       7,   -6,   -7,    5,  -10,  -10,  -10,   -7,  -10,   -9,   -8,   -8,   -1,  -16,   -9,  -15,
     -13,   -8,   -5,  -20,  -10,  -10,  -10,  -10,  -11,  -11,  -11,  -10,  -12,   -6,   -6,   -7,
     -11,  -11,  -11,  -11,  -11,   -9,   -9,   -9,   13,  -16,  -10,  -10,  -11,  -11,  -11,  -11,
     -11,  -11,   -9,   -9,   -9,    8,   -6,   -6,   -6,  -12,   -7,   -1,  -11,  -11,  -10,  -14,
     -13,  -10,   -9,   -9,  -16,   -9,   -9,   -9,  -11,  -10,  -10,  -21,  -11,    3,   -6,  -23,
     -11,  -19,  -10,   -9,   -9,  -10,  -10,  -11,  -11,  -17,  -11,   -6,  -11,  -21,  -11,  -16,
     -16,  -16,  -15,  -20,  -20,  -12,   -4,   -1,  -13,    5,  -13,    5,    1,    1,  -16,   -6,
      -9,    7,   -8,   -9,   -7,   -8,   -6,   -1,   -7,  -12,    1,  -13,    5,   -1,   -1,    2,
     -11,   -1,   -9,  -11,  -11,  -12,   -5,   -1,   -8,  -13,  -11,    5,   -9,   -1,  -11,  -11,
     -11,  -11,  -13,  -12,  -12,    5,    5,  -14,  -13,  -13,  -13,    7,    9,   -3,   -4,   -3,
      -3,   -4,   -2,   -2,   -1,    2,    5,    1,   -2,   10,   -8,   -3,   -3,   -4,    2,   -2,
      -3,    2,   -3,    5,   -2,    1,   -2,   -2,   -2,   19,  -27,  -68,  -16,    5,    5,   -5,
      -7,    1,  -24,  -15,    5,    5,  -17,   -3,    2,   -3,   -1,  -75,  -14,   -6,  -33,  -58,
      -3,  -19,   10,  -14,    6,   -9,   -3,    5,  -10,  -10,  -10,  -14,  -10,  -12,  -11,  -14,
      -7,   -2,   -8,   10,  -31,   -6,   -3,  -14,   -9,   -9,   -9,   -9,  -10,  -10,  -10,    6,
     -14,    6,   -9,   -9,   -9,   -9,   -3,  -10,  -75,  -14,  -10,  -10,  -14,   -7,   -7,   -9,
      -9,  -10,  -10,  -10,  -10,   -9,  -14,  -14,  -14,  -78,  -63,    5,    5,  -42,  -41,  -14,
     -14,    3,   29,   40,    1,   46,   40,    2,  -14,    2,   33,   44,   63,    7,   56,    3,
       8,   53,   12,    1,   -9,   39,    6,  -10,   14,    7,    3,    3,    3,    3,   56,   -9,
       6,   56,    3,    3,    3,    3,    8,   18,   12,   -9,   13,    3,    3,    3,   -9,   -9,
      -9,  -14,   19,   32,    2,    2,    7,    7,  -13,   -4,   -5,  -15,  -14,  -16,   -2,   -5,
      -3,  -10,   -8,   -2,   -5,   -3,   -5,   -5,   -5,   -5,  -14,  -12,  -12,   -2,   -2,    2,
     -60,   -5,   -3,  -34,   14,  -12,    7,    3,    3,  -27,   -7,  -10,   11,   -8,  -34,  -13,
     -46,  -24,   -1,  -47,   -1,  -33,   -1,  -12,   -4,   -2,    3,  -14,   -1,   -9,  -16,   -9,
     -23,   -9,  -14,   -8,  -12,  -14,  -34,   -4,  -14,  -14,  -14,  -14,  -12,  -29,  -31,    7,
       7,  -35,  -26,  -12,  -12,  -12,   -2,  -16,  -18,   -4,    7,   -4,   -9,   -4,    7,  -10,
      -8,   -4,   -4,  -22,  -12,  -34,  -23,   -6,  -11,   -5,   -8,  -11,   -5,   -1,  -32,  -15,
     -40,  -23,  -12,  -58,  -12,  -36,   -2,  -15,   -3,   -8,   -3,   -9,   -1,  -16,   -9,  -11,
     -11,   -5,  -15,  -11,  -11,   -3,   -3,  -32,   -8,   -3,   -3,  -20,  -17,  -24,  -14,  -15,
     -15,  -43,  -12,  -35,  -23,   -6,  -11,   -5,   -8,  -11,   -5,   -1,  -32,  -15,  -40,  -23,
     -12,  -58,  -12,  -36,   -2,  -15,   -3,   -8,   -3,   -9,   -1,  -16,   -9,  -11,  -11,   -5,
     -15,  -11,  -11,   -3,   -3,  -32,   -8,   -3,   -3,  -20,  -17,  -24,  -14,  -15,  -15,  -24,
     -12,  -18,  -18,   -6,  -11,   -5,   -8,  -11,   -5,   -1,  -32,  -15,  -40,  -23,  -12,  -58,
     -12,  -36,    5,  -15,    1,   -3,   -8,   -3,   -9,   -1,  -14,   -9,  -11,  -11,   -5,  -15,
       1,  -11,    1,  -11,   -3,   -3,  -32,   -8,   -3,   -3,  -37,  -24,  -24,  -14,  -15,  -15,
     -20,   -2,   -3,  -15,   -4,  -16,   -2,   -5,   -6,   -3,   -5,   -5,   -4,  -16,  -16,  -35,
     -25,   -4,  -46,   -6,  -29,    2,   -4,    1,   -1,   -1,   -1,   -4,   -1,   -3,   -3,   -1,
      -2,   -4,   -5,   -3,   -2,   -5,   -5,   -5,   -4,    1,   -3,   -5,    1,   -5,   -2,   -1,
      -4,   -4,  -16,   -1,   -3,   -3,   -3,   -1,   -1,   -3,   -3,   -3,   -4,  -14,  -17,  -18,
      -6,   -4,   -4,   -4,  -25,   -2,   -3,  -19,   -4,  -18,   -2,   -5,   -6,   -3,   -5,   -5,
      -4,  -16,  -16,  -35,  -25,   -4,  -46,   -6,  -29,   -4,   -1,   -1,   -1,   -4,   -1,   -3,
      -3,   -1,   -2,   -4,   -5,   -3,   -2,   -5,   -5,   -5,   -4,   -3,   -5,   -5,   -2,   -1,
      -4,   -4,  -16,   -1,   -3,   -3,   -3,   -1,   -1,   -3,   -3,   -3,   -4,  -23,  -21,  -18,
      -6,   -4,   -4,   -4,  -13,   -2,   -3,  -19,   -4,  -18,   -2,   -5,   -6,   -3,   -5,   -5,
      -4,  -16,  -16,  -35,  -25,   -4,  -46,   -6,  -29,   -4,    5,   -1,   -1,   -1,   -4,   -1,
      -3,   -3,   -1,   -2,   -4,   -5,   -3,   -2,   -5,   -5,   -5,   -4,   -3,   -5,   -5,    5,
      -2,   -1,   -4,   -4,  -16,   -1,   -3,   -3,   -3,   -1,   -1,   -3,   -3,   -3,   -4,  -14,
     -10,  -18,   -6,   -4,   -4,   -4,  -22,   -2,   -3,  -17,   -4,  -18,   -2,   -5,   -6,   -3,
      -5,   -5,   -4,  -16,  -16,  -35,  -25,   -4,  -46,   -6,  -29,   -4,   -1,   -1,   -1,   -4,
      -1,   -3,   -3,   -1,   -2,   -4,   -5,   -3,   -2,   -5,   -5,   -5,   -4,   -3,   -5,   -5,
      -2,   -1,   -4,   -4,  -16,   -1,   -3,   -3,   -3,   -1,   -1,   -3,   -3,   -3,   -4,  -14,
     -20,  -18,   -6,   -4,   -4,   -4,   -2,   -2,   -7,   -3,   -5,   -1,   -2,   -2,   -6,   -9,
     -25,  -19,   -1,  -34,   -1,   -3,    7,    2,    2,   -2,   -3,   -1,   -2,   -2,   -2,   -2,
       7,   -1,   -6,   -3,   -1,   -1,   -7,   -6,    1,   15,   27,   21,   19,   -3,   11,   -1,
      -2,   -2,   -6,   -9,  -25,  -19,   -1,  -34,   -1,   -3,   24,   35,    5,   29,    3,    6,
      26,    5,    2,    4,   20,   -2,    6,   -3,   -1,   -2,   -2,    5,    3,    2,    3,    3,
      29,    2,    2,   -2,   29,   -2,    3,    3,    3,    3,    6,   -1,    6,   -6,    5,    3,
       3,    3,    3,   -3,   13,   24,   -7,   -6,    1,    5,    5,  -28,    1,    1,  -13,    2,
     -75,  -64,  -75,  -16,  -11,   -2,   -4,    1,  -36,   -1,  -37,   -1,   -3,  -44,    6,  -31,
      -1,  -21,    2,   -3,   -1,  -14,  -14,  -14,  -20,  -16,   -6,  -14,  -10,  -14,  -18,  -53,
     -29,   -5,  -53,   -1,   -1,  -44,  -44,  -44,  -44,  -28,  -29,  -27,   -3,   -9,   -4,   -1,
      -4,  -31,  -31,  -31,  -30,  -31,  -16,  -16,  -16,    5,  -13,  -44,  -44,  -28,  -31,  -29,
     -29,  -29,  -30,  -20,  -20,  -21,    7,   -4,   -4,   -4,  -11,    1,  -31,  -31,  -14,  -15,
     -16,   -3,  -16,  -16,  -14,  -18,  -18,  -21,  -31,  -42,  -44,  -23,  -29,    4,   -4,  -26,
     -31,  -10,  -14,  -14,  -16,  -37,  -44,  -31,  -30,   -7,  -29,   -3,  -31,  -11,  -31,  -14,
     -14,  -14,  -64,    3,    1,  -76,  -76,  -15,    1,   -1,   -1,    4,  -48,   -2,   -2,  -30,
       9,  -13,    9,    4,    4,  -24,   -7,   -8,   14,   -7,  -28,  -12,  -42,  -22,  -43,  -28,
      -1,  -11,    1,   -1,    4,  -14,   -1,   -5,  -14,  -10,  -21,  -11,  -13,    1,   -7,  -11,
     -14,    1,    1,  -28,  -14,  -14,  -14,  -14,  -26,  -50,  -49,    9,    9,  -32,  -24,  -11,
     -11,    2,  -26,   -4,   -3,  -31,   18,  -13,    9,    4,    8,  -24,   -7,   -8,   14,   -7,
     -28,  -12,  -42,  -22,  -43,  -28,   -1,    1,    1,   23,    1,   -1,    2,  -26,   -8,  -14,
     -10,  -21,  -11,  -13,    1,   -7,    1,  -26,    1,    1,    1,   23,    1,    1,  -28,  -26,
       1,  -26,  -26,  -26,  -26,  -25,  -26,   18,   18,  -32,  -24,    1,    1,   -1,  -35,   -4,
      -6,  -21,   -7,  -21,   -4,   -1,   -6,  -10,    2,   -3,   -6,   -9,   -2,  -18,  -17,  -42,
     -30,   -5,  -47,   -5,  -19,   -1,   -5,   -1,   -2,   -2,   -2,   -1,   -1,   -4,   -3,  -14,
      -5,   -1,   -8,   -5,  -12,   -6,   -5,   -2,   -6,   -6,   -9,   -5,   -1,   -1,   -1,   -1,
      -1,   -1,   -1,   -1,   -1,   -1,   -1,  -14,   -1,   -1,   -1,   -1,   -1,   -1,   -1,   -1,
      -1,   -6,   -6,   -3,   -1,   -1,   -2,  -18,   -1,   -1,   -1,  -14,   -5,   -5,   -1,   -1,
      -1,   -1,   -1,   -1,   -2,   -2,   -1,   -1,   -1,   -1,   -1,   -1,   -1,   -1,   -1,  -14,
     -14,  -14,  -13,  -16,  -17,    1,    1,  -23,  -14,   -8,   -5,   -5,   -7,   -3,   -3,   -9,
      -5,   -5,   -2,   -9,   -4,  -13,   -5,   -1,   -1,   -4,   -1,   -2,   -3,   -3,   -1,   -1,
      -2,   -7,    1,  -14,   14,   24,   -7,   26,   32,  -20,  -18,  -20,  -12,  -12,   20,  -20,
       6,  -13,    4,   16,    9,   23,   21,   11,   21,    9,   24,  -12,   41,  -13,  -10,  -11,
      36,   -3,   -1,   32,  -12,  -12,  -12,  -15,  -11,  -11,  -13,  -12,  -13,  -15,  -18,   26,
     -19,  -22,    6,    6,  -10,  -12,  -12,  -12,  -12,  -13,  -13,  -13,   -3,   -3,   -3,   -3,
     -23,  -13,  -13,  -13,  -13,  -11,  -11,  -11,   36,  -15,  -12,  -12,  -13,  -13,  -13,  -13,
     -13,  -13,  -11,  -11,  -11,    6,   36,    6,   -3,   -3,   -3,   -3,   -1,  -13,  -13,  -12,
     -15,  -15,   16,  -11,  -11,  -11,  -15,  -18,  -18,  -11,  -13,  -12,  -12,  -13,  -13,   -3,
      -3,  -13,  -13,  -12,  -12,  -11,  -11,  -12,  -12,  -13,  -13,  -13,  -13,   -8,  -13,   44,
     -13,  -15,  -15,  -15,  -18,   18,  -20,  -20,  -10,  -10,    1,  -17,    2,    7,    2,    5,
       4,    2,   -5,    1,  -11,    2,    2,    5,   -5,    5,    2,   -5,   -5,   -5,   -5,  -17,
       5,    1,    2,    2,  -41,  -12,  -33,  -22,   -6,  -11,   -5,   -8,  -11,   -5,   -1,  -32,
     -15,  -40,  -23,  -12,  -58,  -12,  -36,   -2,  -22,   -3,  -13,   -3,   -9,   -1,  -13,   -9,
     -11,  -11,   -5,  -22,  -11,  -11,   -3,   -3,  -32,  -13,   -3,   -3,  -32,  -31,  -24,  -14,
     -22,  -22,  -14,  -10,  -19,  -18,   -4,   -8,   -3,   -6,   -8,   -3,   -3,  -17,  -14,  -34,
     -23,   -9,  -49,   -8,  -27,   -5,   -2,   -1,   -2,   -4,   -2,   -5,   -2,   -3,   -8,   -8,
      -3,   -5,   -8,   -8,   -2,   -2,  -17,   -1,   -2,   -2,  -22,  -14,  -18,   -6,   -5,   -5,
     -23,   -4,   -1,  -12,    5,  -13,    5,    1,    1,  -16,   -6,   -9,    7,   -8,   -9,   -7,
      -8,   -6,   -1,   -7,  -12,    1,   -9,   -1,   -1,    2,  -11,   -1,   -9,  -11,  -11,  -12,
      -5,   -1,   -8,   -9,  -11,   -9,   -1,  -11,  -11,  -11,  -11,  -13,  -20,  -23,    5,    5,
     -14,  -13,   -9,   -9,  -16,   -4,   -1,    3,    5,  -13,    5,    1,    1,  -10,   -6,   -9,
       7,   -8,   -9,   -7,   -8,   -6,   -1,   -7,  -12,    1,   -9,   -1,   -1,    2,  -11,   -1,
      -9,  -11,   -2,  -12,   -5,   -1,   -8,   -9,  -11,   -9,   -1,  -11,  -11,  -11,  -11,  -13,
      -5,  -19,    5,    5,  -14,  -13,   -9,   -9,  -22,  -12,  -35,  -23,   -6,  -11,   -5,   -8,
     -11,   -5,   -1,  -32,  -15,  -40,  -23,  -12,  -58,  -12,  -36,   -2,  -15,   -3,   -8,   -3,
      -9,   -1,  -16,   -9,  -11,  -11,   -5,  -15,  -11,  -11,   -3,   -3,  -32,   -8,   -3,   -3,
     -20,  -34,  -24,  -14,  -15,  -15,  -13,   -2,   -3,  -19,   -4,  -18,   -2,   -5,   -6,   -3,
      -5,   -5,   -4,  -16,  -16,  -35,  -25,   -4,  -46,   -6,  -29,   -4,    4,   -1,   -1,   -1,
      -4,   -1,   -3,   -3,   -1,   -2,   -4,   -5,   -3,   -2,   -5,   -5,   -5,   -4,   -3,   -5,
      -5,    4,   -2,   -1,   -4,   -4,  -16,   -1,   -3,   -3,   -3,   -1,   -1,   -3,   -3,   -3,
      -4,  -14,  -10,  -18,   -6,   -4,   -4,   -4,    3,  -25,   -2,    9,  -15,    8,  -14,    8,
       4,    4,  -14,   -6,   -8,   13,   -7,  -26,  -12,  -40,  -22,  -43,   -1,  -24,   11,    6,
     -11,    2,    2,    1,   -3,   -2,   -1,    4,  -14,   10,   -5,  -13,  -11,  -19,  -12,  -12,
       1,   -7,  -11,    2,  -14,    2,    1,    1,  -26,   -3,  -14,  -14,  -14,  -14,  -14,  -47,
     -28,    8,    8,  -31,  -22,  -11,  -11,    3,  -21,   -2,    4,  -13,    8,  -14,    8,    4,
       4,  -15,   -6,   -8,   13,   -7,  -26,  -12,  -40,  -22,  -43,   -1,  -24,    4,   12,  -11,
       8,    5,    1,   -3,   -2,   -1,    4,  -14,    1,   -5,  -13,  -11,  -17,  -12,  -12,    1,
      -7,  -11,    8,  -14,    8,    1,    1,  -26,   -3,  -14,  -14,  -14,  -14,  -14,  -43,  -26,
       8,    8,  -31,  -22,  -11,  -11,  -14,  -10,  -19,  -18,   -4,   -8,   -3,   -6,   -8,   -3,
      -3,  -17,  -14,  -34,  -23,   -9,  -49,   -8,  -27,   -5,    1,   -2,   -1,   -2,   -4,   -2,
      -5,   -2,   -3,   -8,   -8,   -3,   -5,   -8,   -8,    1,   -2,   -2,  -17,   -1,   -2,   -2,
     -11,   -7,  -18,   -6,   -5,   -5,  -26,  -10,  -18,  -18,   -4,   -8,   -3,   -6,   -8,   -3,
      -3,  -17,  -14,  -34,  -23,   -9,  -49,   -8,  -27,   -5,   -2,   -1,   -2,   -4,   -2,   -5,
      -2,   -3,   -8,   -8,   -3,   -5,   -8,   -8,   -2,   -2,  -17,   -1,   -2,   -2,  -23,  -14,
     -18,   -6,   -5,   -5,    8,    6,   15,    1,   -4,   -8,   -3,   -6,   -8,   -3,   -3,  -17,
     -14,  -34,  -23,   -9,  -49,   -8,  -27,   22,   23,   -5,   17,   15,   -2,   -1,   -2,   22,
      -2,   -3,   -2,   -3,   -8,   -8,   -3,   -5,   17,   -8,   17,   -8,   -2,   -2,  -17,   -1,
      -2,   -2,  -19,    9,  -18,   -6,   -5,   -5,    7,   10,   14,    3,   -2,   -4,   -8,   -3,
      -6,   -8,   -3,   -3,  -17,  -14,  -34,  -23,   -9,  -49,   -8,  -27,   15,   30,   -5,   24,
      19,   -2,   -1,   -2,   12,   -2,   -2,   -3,   -8,   -8,   -3,   -5,   24,   -8,   24,   -8,
      -2,   -2,  -17,   -1,   -2,   -2,  -17,   10,  -18,   -6,   -5,   -5,  -14,  -10,  -19,  -18,
      -4,   -8,   -3,   -6,   -8,   -3,   -3,  -17,  -14,  -34,  -23,   -9,  -49,   -8,  -27,   -5,
       1,   -2,   -1,   -2,   -4,   -2,   -5,   -2,   -3,   -8,   -8,   -3,   -5,   -8,   -8,    1,
      -2,   -2,  -17,   -1,   -2,   -2,  -21,  -14,  -18,   -6,   -5,   -5,  -23,   -4,   -1,  -14,
       5,  -13,    5,    1,    1,  -16,   -6,   -9,    7,   -8,   -9,   -7,   -8,   -6,   -1,   -7,
     -12,    1,   -9,   -1,   -1,    2,  -11,   -1,   -9,  -11,  -11,  -12,   -5,   -1,   -8,   -9,
     -11,   -9,   -1,  -11,  -11,  -11,  -11,  -13,  -24,  -12,    5,    5,  -14,  -13,   -9,   -9,
       1,   -7,    2,  -15,   -6,   -6,   -7,   -7,   -5,   -5,  -10,   12,  -11,  -12,   -9,    7,
      -6,  -11,    5,  -10,  -10,  -10,   -7,  -10,   -9,   -8,   -8,   -1,  -16,   -9,  -15,  -13,
      -8,   -5,  -12,  -10,  -10,  -10,  -10,  -11,  -11,  -11,  -10,  -12,   -6,   -6,   -7,  -11,
     -11,  -11,  -11,  -11,   -9,   -9,   -9,   13,  -16,  -10,  -10,  -11,  -11,  -11,  -11,  -11,
     -11,   -9,   -9,   -9,    8,   -6,   -6,   -6,  -12,  -11,   -1,  -11,  -11,  -10,  -14,  -13,
     -10,   -9,   -9,  -16,   -9,   -9,   -9,  -11,  -10,  -10,  -21,  -11,    3,   -6,  -23,  -11,
     -19,  -10,   -9,   -9,  -10,  -10,  -11,  -11,  -17,  -11,   -6,  -11,  -21,  -11,  -16,  -16,
     -16,  -15,  -12,  -12,  -12,   -4,   -1,  -12,    5,  -13,    5,    1,    1,  -16,   -6,   -9,
       7,   -8,   -9,   -7,   -8,   -6,   -1,   -7,  -12,    1,   -9,    4,   -1,   -1,    2,  -11,
      -1,   -9,  -11,  -11,  -12,   -5,   -1,   -8,   -9,  -11,    4,   -9,   -1,  -11,  -11,  -11,
     -11,  -13,  -12,  -12,    5,    5,  -14,  -13,   -9,   -9,  -18,    3,  -15,  -12,   -6,  -11,
      -5,   -8,  -11,   -5,   -1,  -32,  -15,  -40,  -23,  -12,  -58,  -12,  -36,    9,   10,  -15,
       5,    3,   -3,   -8,   -3,    6,   -1,  -13,   -9,  -11,  -11,   -5,  -15,    5,  -11,    5,
     -11,   -3,   -3,  -32,   -8,   -3,   -3,  -40,  -15,  -24,  -14,  -15,  -15,    1,  -14,   -1,
     -14,  -11,   -6,  -11,   -5,   -8,  -11,   -5,   -1,  -32,  -15,  -40,  -23,  -12,  -58,  -12,
     -36,    4,   14,  -15,   10,    8,   -3,   -8,   -3,   -2,   -1,  -10,   -9,  -11,  -11,   -5,
     -15,   10,  -11,   10,  -11,   -3,   -3,  -32,   -8,   -3,   -3,  -35,  -15,  -24,  -14,  -15,
     -15,  -14,   14,   24,   -7,   26,   32,  -20,  -18,  -20,  -12,  -12,   20,  -20,    6,  -13,
       4,   16,    9,   23,   21,   11,   21,    9,   24,  -12,   41,  -13,  -10,  -11,   36,   -3,
      -1,   32,  -12,  -12,  -12,  -15,  -11,  -11,  -13,  -12,  -13,  -15,  -18,   26,  -19,  -22,
       6,    6,  -10,  -12,  -12,  -12,  -12,  -13,  -13,  -13,   -3,   -3,   -3,   -3,  -23,  -13,
     -13,  -13,  -13,  -11,  -11,  -11,   36,  -15,  -12,  -12,  -13,  -13,  -13,  -13,  -13,  -13,
     -11,  -11,  -11,    6,   36,   17,   -3,   -3,   -3,   -3,   -1,  -13,  -13,  -12,  -15,  -15,
      16,  -11,  -11,  -11,  -15,  -18,  -18,  -11,  -13,  -12,  -12,  -13,  -13,   -3,   -3,  -13,
     -13,  -12,  -12,  -11,  -11,  -12,  -12,  -13,  -13,  -13,  -13,   -8,  -13,   44,  -13,  -26,
     -15,  -15,  -18,   18,  -20,  -20,  -10,  -10,    1,   -2,   -5,  -12,   16,   15,  -13,   -5,
     -10,   -9,  -10,   -1,   -9,  -13,  -36,  -25,  -13,  -49,   -8,   -7,   10,   23,    9,   -1,
      -7,  -10,  -10,  -10,  -10,   23,   -9,   -2,   -2,    6,    6,  -11,   -2,   -2,  -40,  -28,
     -45,   -7,   -7,  -23,  -16,   -7,   -3,  -13,  -17,  -12,  -12,  -16,  -15,   -4,  -12,  -14,
     -15,   -1,  -43,  -12,  -36,  -27,  -26,  -48,  -17,   -4,  -24,  -24,  -11,  -13,   -5,   -5,
      -5,   -4,  -16,  -10,   -4,   -4,   -7,   -6,  -21,  -17,  -21,  -15,  -15,   -1,  -24,  -11,
     -11,  -11,  -11,  -10,  -10,  -10,  -15,  -15,  -11,  -11,  -11,  -11,  -13,   -5,   -4,   -4,
     -83,  -31,  -10,  -10,   -6,   -6,  -11,  -11,   -5,   -5,  -10,  -10,  -11,  -42,  -38,   -7,
      -7,  -38,  -24,  -24,  -40,  -28,  -45,   -7,   -7,  -23,  -16,   -7,   -3,  -13,  -17,  -12,
     -12,  -16,  -15,   -4,  -12,  -14,  -15,   -3,  -43,  -12,  -36,  -27,  -26,  -48,  -17,   -4,
     -24,  -24,  -11,  -13,   -5,   -5,   -5,   -4,  -16,  -10,   -4,   -4,   -7,   -6,  -21,  -17,
     -21,  -15,  -15,   -3,  -24,  -11,  -11,  -11,  -11,  -10,  -10,  -10,  -15,  -15,  -11,  -11,
     -11,  -11,  -13,   -5,   -4,   -4,  -83,  -31,  -10,  -10,   -6,   -6,  -11,  -11,   -5,   -5,
     -10,  -10,  -11,  -42,  -38,   -7,   -7,  -38,  -24,  -24,  -14,  -10,    2, -105,  -24,  -53,
     -10,    1,  -30,  -36,   13,    8,    3,   10,  -10,   21,   -7,    2,   -1,   15,    7,    8,
      12,   -2,    3,    4,    1,    3,   -9,   -1,   -5,   -1,  -17,   -1,  -44,  -43,    2,  -20,
     -10,  -10,  -10,  -11,   -7,  -10,   20,    7,   16,   24,  -13,   -7,   -7,  -14,   -7,    4,
       4,    4,   31,  -10,  -10,  -13,   -7,  -13,  -14,  -13,  -13,   -3,   -2,   -1,   25,   15,
      17,   17,    7,   20,    5,   -7,   -7,    1,   -3,    5,    4,    4,   -1,   -2,   -2,   -7,
     -18,  -10,   -2,   -7,   39,   15,  -10,   -7,    5,    9,    4,  -16,  -10,   -7,   -7,    9,
     -13,    7,   -7,   -7,  -24, -105,  -53,    2,    2,  -14,   -9, -116,  -38,  -58,    9,    1,
     -13,    1,    5,   -2,   -2,  -32,  -37,   -1,    3,    8,    5,    1,    5,    1,  -20,   17,
     -14,    9,   -9,   11,   -5,   -4,    8,   -4,   -4,   -4,   -7,    9,   -7,   -4,   -3,  -14,
      -3,   -7,   -3,   -4,  -29,    1,   -7,  -42,  -46,    9,  -40,  -40,  -20,  -39,  -24,  -24,
     -22,   -2,   -5,    3,    3,   -1,  -28,  -28,  -28,  -26,  -14,   -7,   -7,  -14,   22,   -4,
     -20,  -20,  -24,  -14,  -27,  -26,  -27,  -28,  -13,  -15,   -9,   23,    2,   -4,   -5,   -5,
      13,   -1,    3,  -28,  -28,   -4,   -8,  -10,    3,   15,   -7,   -7,   -3,   -7,  -14,  -16,
     -14,  -37,  -39,  -16,  -25,   21,  -23,  -28,   -2,   -6,  -12,   -7,  -36,  -20,  -14,  -25,
      -9,  -26,   -5,  -14,  -15,  -28,   -3,   -3,   -3,  -38, -116,  -58,    9,    9,  -11,  -56,
      -6,  -14,   -3,  -65,  -40,  -17,   -3,   -4,   -1,   -3,  -16,  -27,   -6,  -19,  -30,  -14,
       3,  -24,    2,  -23,   -7,  -89,  -24,  -47,  -70,    1,  -93,   -3,  -38,   -2,   -9,  -10,
       4,   -8,  -20,    8,  -23,  -23,  -23,  -21,  -22,  -22,  -21,  -88,  -11,  -13,   -4,   -2,
      -1,  -21,  -12,  -56,  -14,   13,  -39,    1,   -2,   -2,   -2,   -2,  -10,  -10,  -10,  -20,
     -20,  -20,  -20,   -9,  -10,  -10,  -10,  -10,  -19,  -22,  -22,  -22,  -88,   -2,   -2,  -10,
     -10,  -10,  -10,  -10,  -10,   -8,   -8,   -8,  -20,  -20,  -20,  -20,    3,  -10,  -10,  -10,
     -23,  -89,  -21,  -22,  -22,  -88,  -11,  -11,   -8,  -19,   -2,   -2,  -10,  -10,  -20,  -20,
     -10,  -10,  -23,  -23,  -22,  -22,   -2,   -2,  -10,  -10,  -10,  -10,  -20,  -10,  -10,  -10,
     -88,  -88,  -88,  -40, -128, -128,  -59,    4,    4,  -11,  -56,   -6,  -14,   -3,  -67,  -20,
     -17,   -3,   -4,   -1,   -3,  -16,  -27,   -6,  -19,  -30,  -14,    3,  -24,    2,  -23,   -7,
     -44,  -24,  -47,  -35,    1,  -46,   -3,  -38,   -2,   -9,  -10,    3,   -8,  -20,    7,  -23,
     -23,  -23,  -21,  -22,  -22,  -21,  -88,  -11,  -13,   -4,   -2,   -1,  -21,  -12,  -56,  -14,
      13,  -39,   -2,   -2,   -2,   -2,  -10,  -10,  -10,  -20,  -20,  -20,  -20,   -9,  -10,  -10,
     -10,  -10,  -19,  -22,  -22,  -22,  -88,   -2,   -2,  -10,  -10,  -10,  -10,  -10,  -10,   -8,
      -8,   -8,  -20,  -20,  -20,  -20,    3,  -10,  -10,  -10,  -23,  -89,  -21,  -22,  -22,  -88,
     -11,  -11,   -8,  -19,   -2,   -2,  -10,  -10,  -20,  -20,  -10,  -10,  -23,  -23,  -22,  -22,
      -2,   -2,  -10,  -10,  -10,  -10,  -20,  -10,  -10,  -10,  -88,  -88,  -88,  -20,  -70,  -66,
     -59,    3,    3,    7,    5,   -2,    7,    5,    7,    7,   -5,    6,    4,   -2,    6,    4,
       6,    6,   -7,   -3,  -26,  -42,  -20,  -10,  -42,   -7,  -11,   -5,   -9,  -14,  -14,   -5,
     -14,  -15,  -11,  -14,   -5,   -5,  -26,   -9,  -14,  -15,  -15,  -14,  -14,  -14,  -11,  -11,
     -14,    1,    1,  -10,   -2,    6,    3, -109,  -35,  -55,    2,  -18,   -1,    3,   -3,   -3,
       2,    9,   -4,    5,   -8,  -30,  -11,  -44,  -35,    1,  -55,  -55,  -13,   -7,    4,    5,
       1,    4,    5,    5,    1,    5,    4,    4,    4,    4,    1,    1,    1,    1,    1,    4,
       4,    4,    4,    5,    5,    1,    1,    4,    4,    1,    1,    4,    5,    5,    1,    1,
      10,    2,    4,    9,    2,   10,    2,    2,    2,    2,    2,    2,    2,    2,    4,    1,
       9,    2,    2,    2,   10,   10,   -3,   -5,   -1,   -1,   -2,  -10,   -4,   22,   47,  127,
      12,   48,   71,  -10,  -18,  -10,   62,   17,   -7,   40,   14,   -6,   33,   39,   15,   31,
      48,   50,   64,   61,   50,   61,   40,   52,   60,   -5,   -2,    1,   21,   35,    4,    8,
       4,    5,    4,    4,   61,   52,   31,   45,  -15,   57,   55,   52,  -15,   62,   45,   40,
      40,   15,    1,   -6,   -5,   -9,   -4,    9,    4,   22,   49,   14,   40,   61,   -3,    5,
       2,   13,   -2,    5,    6,   15,   -8,   -7,    3,   -1,    6,   10,    7,    5,   12,   15,
       1,   40,   67,   40,   50,   49,   42,   14,   60,   -6,    3,    2,   14,   18,   18,   48,
       3,    2,    3,    1,    2,    9,   12,   -2,   -5,   41,    3,   80,   43,   32,   -1,   44,
      12,   13,    1,    4,   -8,   10,   46,    5,   23,   -3,   37,    1,    8,    1,    5,  -18,
     127,  127,  -10,  -10,   70,   66,   -4,   46,   23,    1,    1,  -23,   -4,   -1,  -17,    5,
     -13,    5,    1,    1,  -16,   -6,   -9,    7,   -8,   -9,   -7,   -8,   -6,   -1,   -7,  -12,
       1,   -9,   -1,   -1,    2,  -11,   -1,   -9,  -11,  -11,  -12,   -5,   -1,   -8,   -9,  -11,
      -9,   -1,  -11,  -11,  -11,  -11,  -13,  -25,  -12,    5,    5,  -17,  -13,   -9,   -9,
};

static const EpdLigaturePair libron_14_bolditalicLigaturePairs[] = {
    { 0x00660066, 0xFB00 }, // f f -> U+FB00
    { 0x00660069, 0xFB01 }, // f i -> U+FB01
    { 0x0066006C, 0xFB02 }, // f l -> U+FB02
    { 0xFB000069, 0xFB03 }, // U+FB00 i -> U+FB03
    { 0xFB00006C, 0xFB04 }, // U+FB00 l -> U+FB04
};

static const EpdFontData libron_14_bolditalic = {
    libron_14_bolditalicBitmaps,
    libron_14_bolditalicGlyphs,
    libron_14_bolditalicIntervals,
    53,
    29,
    24,
    -6,
    true,
    libron_14_bolditalicGroups,
    11,
    nullptr,
    nullptr,  // kernLeftClasses: built-in fonts use the split arrays below
    nullptr,  // kernRightClasses
    libron_14_bolditalicKernLeftCodepoints,
    libron_14_bolditalicKernLeftClassIds,
    libron_14_bolditalicKernRightCodepoints,
    libron_14_bolditalicKernRightClassIds,
    nullptr,  // kernMatrix: built-in fonts use the sparse form below
    libron_14_bolditalicKernRowOffsets,
    libron_14_bolditalicKernSparseCols,
    libron_14_bolditalicKernSparseValues,
    460,
    464,
    200,
    188,
    libron_14_bolditalicLigaturePairs,
    5,
};
