/**
 * generated by fontconvert.py
 * name: libron_18_bolditalic
 * size: 18
 * mode: 2-bit  compressed: true
 * Command used: fontconvert.py libron_18_bolditalic 18 ../builtinFonts/source/Libron/Libron-BoldItalic.ttf --2bit --compress --pnum --zopfli
 */
#pragma once
#include "EpdFontData.h"

static const uint8_t libron_18_bolditalicBitmaps[30517] = {
    0x6C, 0x94, 0x41, 0xAE, 0xE5, 0x34, 0x13, 0x85, 0x4F, 0x1C, 0xA9, 0xF3, 0xFF, 0xCA, 0xC0, 0x0C,
    0x9A, 0x51, 0x23, 0x79, 0xD2, 0x63, 0xBC, 0x01, 0x68, 0x67, 0xCE, 0xA0, 0xDF, 0x0E, 0xD8, 0x48,
    0x37, 0x36, 0x62, 0x5B, 0xD0, 0xF1, 0x12, 0xC2, 0x0E, 0x2C, 0x36, 0x80, 0x07, 0x1E, 0x18, 0x29,
    0x49, 0x51, 0x47, 0xC9, 0xD5, 0xD5, 0x6B, 0x91, 0xF7, 0xCE, 0x57, 0xBA, 0x4E, 0x9D, 0x72, 0x25,
    0xB6, 0x03, 0xAC, 0x05, 0xA3, 0x54, 0x55, 0xC1, 0x24, 0x19, 0xB3, 0x50, 0x0B, 0xAC, 0x00, 0xF6,
    0x50, 0xED, 0x80, 0xEB, 0x80, 0xAF, 0xAA, 0x02, 0x84, 0x4D, 0x95, 0x55, 0x0B, 0x10, 0x01, 0x7C,
    0xC1, 0xAB, 0x6B, 0x6A, 0x80, 0x57, 0x5B, 0x50, 0x45, 0x4A, 0xED, 0xA1, 0x03, 0x4E, 0x6D, 0xF3,
    0x69, 0xF7, 0xEB, 0xCF, 0x35, 0xDB, 0x7C, 0x75, 0x35, 0x6C, 0xAE, 0x84, 0xEC, 0x73, 0x48, 0x21,
    0x45, 0x2D, 0xA9, 0xC2, 0x1F, 0x00, 0x60, 0x53, 0x60, 0xF0, 0xF8, 0xA0, 0x54, 0xFC, 0xAE, 0x54,
    0x74, 0x86, 0x6E, 0xAA, 0xD2, 0xD4, 0xB1, 0x68, 0x18, 0xCB, 0x9C, 0x35, 0xCC, 0xD9, 0x26, 0x20,
    0x8A, 0x5E, 0x0B, 0x56, 0x06, 0x80, 0xD4, 0xA0, 0x05, 0x77, 0x25, 0x76, 0xD3, 0x68, 0x6B, 0x63,
    0xA5, 0xAD, 0xCE, 0x1B, 0x6D, 0x9B, 0xE5, 0xA3, 0x30, 0x31, 0x5F, 0x21, 0x3D, 0x8A, 0xE0, 0xF3,
    0x6D, 0x1B, 0x68, 0x1B, 0x1E, 0xB6, 0x89, 0xB6, 0x89, 0x36, 0xC0, 0x66, 0xB7, 0x68, 0x70, 0x4B,
    0x50, 0x22, 0xA8, 0xE3, 0xBA, 0x3E, 0x58, 0x0E, 0xFF, 0xE0, 0x14, 0xF8, 0xF4, 0x81, 0x64, 0x41,
    0xBC, 0x13, 0x69, 0x60, 0x73, 0x3B, 0x46, 0x59, 0xFC, 0xC1, 0x57, 0x3B, 0xED, 0xF0, 0x0D, 0xA6,
    0x23, 0x54, 0xE0, 0x05, 0x24, 0xF8, 0xCE, 0x48, 0xB9, 0x58, 0x94, 0x41, 0x4E, 0xA5, 0x13, 0xE1,
    0x5B, 0x64, 0x19, 0x0C, 0x2C, 0xC3, 0xA1, 0x03, 0xFC, 0xC1, 0xDB, 0xF0, 0x24, 0xEC, 0xC5, 0x03,
    0xFF, 0x53, 0xEE, 0x88, 0x20, 0x25, 0x21, 0x34, 0x48, 0x33, 0x5A, 0x61, 0x15, 0xB6, 0xE3, 0x45,
    0x3A, 0x60, 0x44, 0x12, 0xBB, 0x74, 0xE0, 0xFB, 0xFD, 0x9E, 0xEC, 0x3F, 0x92, 0x2F, 0x6F, 0xC9,
    0x37, 0xAC, 0x15, 0x17, 0x04, 0x4E, 0x7C, 0x70, 0xD2, 0x8A, 0xB1, 0x63, 0x3C, 0x6D, 0x83, 0x2D,
    0xB0, 0x7D, 0xEA, 0x08, 0x09, 0xAE, 0x6A, 0x5C, 0x01, 0xBF, 0x4D, 0xCD, 0x70, 0xC1, 0xB3, 0x6D,
    0x53, 0x05, 0x63, 0x75, 0x99, 0xD1, 0x97, 0xB8, 0x30, 0x86, 0x7C, 0x40, 0xE3, 0x9F, 0xF2, 0x5B,
    0xD7, 0xE8, 0xE5, 0xB4, 0xC5, 0x77, 0x58, 0xE9, 0xE1, 0x57, 0x11, 0x18, 0x49, 0xEB, 0xCC, 0x8E,
    0x60, 0x76, 0xDF, 0xB8, 0xCB, 0x26, 0xDD, 0x22, 0x5E, 0xA3, 0xCB, 0x6B, 0x62, 0x8C, 0x8B, 0x80,
    0xE3, 0xC7, 0xC0, 0x88, 0xB1, 0x0D, 0x27, 0x62, 0x82, 0x2D, 0xE6, 0x80, 0x2C, 0x08, 0xC9, 0x1C,
    0x46, 0x80, 0x15, 0x83, 0xCC, 0x3B, 0xD8, 0x0B, 0xDF, 0x16, 0x7B, 0x89, 0xB2, 0x81, 0xBD, 0xCC,
    0x6C, 0x00, 0xC3, 0x7A, 0x2A, 0x1F, 0xAF, 0x94, 0x77, 0xA5, 0x31, 0x4A, 0xE1, 0x66, 0x65, 0x23,
    0xDC, 0xF7, 0x5C, 0x27, 0xDB, 0xAF, 0xE8, 0xAE, 0x98, 0x7C, 0x05, 0x63, 0x8E, 0xF4, 0x19, 0xF9,
    0x4B, 0xC0, 0x72, 0x22, 0x85, 0x11, 0xB2, 0x43, 0x84, 0x7D, 0x1E, 0x3A, 0x94, 0xB8, 0x56, 0xB0,
    0x15, 0x58, 0x3F, 0x6A, 0x81, 0x0D, 0xD3, 0x31, 0x4B, 0xF6, 0x09, 0x6E, 0x1F, 0x75, 0x22, 0x20,
    0xB4, 0x41, 0xEA, 0x67, 0x20, 0x36, 0x48, 0xEF, 0xC0, 0xDA, 0x10, 0xCF, 0x02, 0xC6, 0x20, 0x59,
    0x23, 0x5F, 0xCD, 0xC2, 0x6A, 0x50, 0x23, 0x74, 0x30, 0xBD, 0xE3, 0x44, 0x5E, 0xF4, 0xFA, 0xE7,
    0xDA, 0x0A, 0x22, 0x4C, 0x3C, 0x97, 0x55, 0xD2, 0xE3, 0x80, 0x35, 0x57, 0x5D, 0xE1, 0xA1, 0x0A,
    0xD7, 0xCE, 0x7C, 0xAF, 0xDA, 0x81, 0x89, 0xC7, 0x90, 0xD5, 0x13, 0xCC, 0xA9, 0x66, 0x1E, 0xEC,
    0x7A, 0x1D, 0x68, 0xD1, 0x21, 0x01, 0xC6, 0x7B, 0xD8, 0x32, 0x93, 0x07, 0x99, 0xB7, 0xA9, 0xEB,
    0xDC, 0x3F, 0x95, 0x6F, 0x6D, 0x80, 0x57, 0x39, 0x95, 0x2D, 0xAA, 0x0A, 0x4C, 0xAA, 0x51, 0x65,
    0xFA, 0x35, 0x2B, 0x5E, 0x54, 0xF8, 0xBF, 0x2A, 0xA8, 0xFC, 0xC2, 0xB5, 0x04, 0xEC, 0xED, 0x98,
    0xAB, 0xAA, 0xA9, 0xBA, 0x3A, 0xF7, 0xD7, 0x9A, 0x6F, 0xD9, 0xAF, 0x3B, 0x52, 0x5F, 0x64, 0xD3,
    0x19, 0x83, 0x2C, 0x6C, 0xFA, 0xF9, 0x2C, 0x19, 0xE0, 0x73, 0xD0, 0x71, 0xFF, 0xE4, 0xF9, 0x7B,
    0x8B, 0xFB, 0x9A, 0xB8, 0x01, 0x32, 0xDE, 0xDB, 0x84, 0xF8, 0xB3, 0x4A, 0xED, 0x56, 0x24, 0x1B,
    0x4A, 0xCE, 0x34, 0x4B, 0x82, 0xFF, 0x3B, 0x23, 0xFC, 0xB4, 0xE1, 0xBB, 0xB1, 0x00, 0x46, 0x85,
    0xE5, 0xEE, 0x1D, 0x91, 0xF8, 0x42, 0xEC, 0x0F, 0x98, 0x7E, 0xAD, 0x06, 0xC2, 0x8D, 0x13, 0x51,
    0xE4, 0xE0, 0x03, 0x42, 0x91, 0x15, 0x2E, 0x29, 0xFC, 0xEB, 0x22, 0xDF, 0x12, 0x3E, 0x41, 0x8A,
    0x91, 0xAA, 0xFF, 0xD0, 0xFF, 0x58, 0xD8, 0x6F, 0x48, 0x38, 0xB9, 0x6F, 0x6D, 0xE1, 0xB9, 0xFB,
    0x04, 0x7C, 0x03, 0x58, 0x39, 0x9D, 0x1C, 0x5E, 0xF6, 0x20, 0x7D, 0x6E, 0x61, 0x8F, 0xBB, 0xE8,
    0xDF, 0x5A, 0x3D, 0x2B, 0x33, 0x13, 0x50, 0x2B, 0xB9, 0x2E, 0xA4, 0x10, 0xE3, 0x4E, 0x4E, 0x8D,
    0xB4, 0xF5, 0x99, 0x12, 0x13, 0x29, 0x84, 0xB9, 0x52, 0xFA, 0x33, 0xC5, 0x6F, 0x5F, 0xA7, 0x1C,
    0xFF, 0x9D, 0x72, 0xD5, 0x12, 0x62, 0x38, 0xAE, 0xE9, 0x9E, 0x29, 0xEE, 0xD9, 0x11, 0x4B, 0xC8,
    0x75, 0xD4, 0x65, 0xE1, 0x31, 0x91, 0x82, 0x59, 0xD9, 0x74, 0x20, 0xC5, 0x9D, 0x3B, 0xDB, 0xEF,
    0x90, 0x06, 0x7B, 0x18, 0x29, 0xB0, 0xE7, 0x28, 0x59, 0x39, 0x4B, 0x52, 0x5A, 0x01, 0xDC, 0xE9,
    0x4E, 0xE5, 0xE1, 0x0F, 0x68, 0x66, 0xD8, 0x81, 0xB0, 0x87, 0x4E, 0xC6, 0xC6, 0x83, 0x42, 0x4A,
    0x5D, 0xAB, 0xD6, 0x2E, 0xCA, 0x51, 0xB6, 0x58, 0xA1, 0x76, 0xA5, 0x13, 0x84, 0xCE, 0x19, 0xC2,
    0xC9, 0x1E, 0xDC, 0x63, 0x72, 0x49, 0xCF, 0xAF, 0x67, 0x02, 0x2F, 0x4D, 0xC6, 0x24, 0xDC, 0x56,
    0x92, 0x31, 0x89, 0x22, 0x32, 0x6B, 0x65, 0xCF, 0xBF, 0x7C, 0x14, 0x00, 0x96, 0xF0, 0x27, 0x38,
    0xF1, 0x03, 0xB1, 0x83, 0x1D, 0x28, 0xA4, 0xDE, 0x30, 0x2C, 0xC2, 0x47, 0xB8, 0x30, 0xB1, 0xFE,
    0x2C, 0xCB, 0xED, 0x77, 0x84, 0x3F, 0x2E, 0x3F, 0x3F, 0x41, 0xF7, 0x77, 0x47, 0x08, 0xE0, 0x8D,
    0x9A, 0x39, 0x72, 0xB2, 0x0E, 0xE7, 0x9F, 0x94, 0x1B, 0xAC, 0xB2, 0x22, 0x94, 0x59, 0x19, 0x61,
    0x94, 0x07, 0xA0, 0xEC, 0xE4, 0x50, 0x95, 0x1B, 0x57, 0x41, 0xF2, 0xF5, 0x9D, 0xC2, 0xE3, 0x13,
    0xE7, 0x1B, 0xB9, 0x72, 0xD8, 0x9C, 0xE0, 0x70, 0x23, 0x7D, 0x26, 0x4F, 0x62, 0xAC, 0xA4, 0x4D,
    0x64, 0xE4, 0x8C, 0x83, 0x42, 0x30, 0x93, 0xF0, 0x8A, 0x03, 0x41, 0xB9, 0x83, 0x37, 0x3B, 0xD8,
    0xE1, 0xC6, 0x54, 0x1D, 0x07, 0x53, 0x17, 0x76, 0xC8, 0xF5, 0x6A, 0xB3, 0xD2, 0x27, 0xA3, 0xFC,
    0xB7, 0x76, 0x33, 0x01, 0xBD, 0x1D, 0xAB, 0xEF, 0xF8, 0x4D, 0x52, 0x5F, 0xEA, 0x04, 0x9A, 0x02,
    0x32, 0x94, 0x3E, 0xDA, 0xC8, 0x5E, 0xAC, 0x36, 0x65, 0xAD, 0x40, 0x67, 0x12, 0x2D, 0x20, 0x50,
    0xC0, 0x02, 0x95, 0xCD, 0xC2, 0xB0, 0x43, 0x29, 0xF0, 0x84, 0x0E, 0x54, 0x40, 0x27, 0x11, 0x81,
    0x02, 0x02, 0x3E, 0xF6, 0xA5, 0x50, 0x05, 0xCA, 0xD2, 0x22, 0x38, 0xEC, 0x05, 0x9C, 0x97, 0xD8,
    0x01, 0x04, 0xC4, 0x4E, 0xCA, 0x40, 0x05, 0x84, 0x4E, 0x1C, 0x2D, 0x5D, 0x2C, 0x4C, 0x74, 0x22,
    0x93, 0x37, 0x93, 0xE4, 0xD7, 0xF3, 0xFD, 0xFC, 0x0E, 0x97, 0xEB, 0xF3, 0x3F, 0x53, 0x05, 0x7A,
    0x9F, 0x73, 0xBE, 0xE7, 0x7F, 0xEF, 0xCD, 0xF9, 0xED, 0xCB, 0x39, 0xE7, 0xFA, 0x2C, 0x9C, 0x7C,
    0x38, 0x8C, 0xBD, 0x08, 0xDF, 0xB8, 0x22, 0x5E, 0x71, 0x1F, 0xC2, 0x8D, 0x17, 0x35, 0x6C, 0xF0,
    0xB4, 0x39, 0xB7, 0x06, 0x2F, 0x77, 0x8D, 0x35, 0x4A, 0xEB, 0x7A, 0x69, 0x6D, 0x98, 0xE4, 0x2C,
    0xC3, 0x26, 0x6B, 0x35, 0xB0, 0x50, 0x99, 0x6D, 0x28, 0x53, 0x92, 0x7B, 0x06, 0x46, 0x11, 0x9B,
    0x3F, 0xBD, 0x3A, 0x3D, 0x24, 0x35, 0x20, 0x7B, 0x1B, 0x29, 0xCA, 0x1F, 0xA0, 0xB1, 0xE6, 0x8B,
    0x00, 0x1E, 0x17, 0x4A, 0x5B, 0x89, 0xB1, 0x66, 0x68, 0x37, 0x3D, 0x06, 0x3B, 0x31, 0x59, 0xB6,
    0x89, 0x3C, 0x61, 0xB9, 0x7B, 0xC8, 0xC7, 0xA0, 0xB7, 0xD3, 0xC1, 0xB5, 0x04, 0xBD, 0x4C, 0x04,
    0x04, 0xA8, 0x3A, 0x77, 0x28, 0xAD, 0x77, 0x80, 0xCF, 0x81, 0xAF, 0x54, 0x7A, 0x9A, 0xD5, 0x0E,
    0x3E, 0x03, 0x2B, 0x7C, 0xB3, 0x61, 0xA9, 0x06, 0x96, 0x07, 0x8A, 0x14, 0x72, 0xD1, 0xC3, 0x44,
    0xC3, 0xE5, 0x73, 0x5C, 0x90, 0x95, 0x36, 0xE4, 0x14, 0x11, 0x7F, 0xE8, 0xBE, 0x9B, 0xAC, 0x72,
    0x7D, 0x0C, 0x10, 0xA8, 0x18, 0x8B, 0x93, 0xA7, 0x0F, 0xC6, 0x5D, 0xF6, 0x2F, 0x76, 0xA5, 0xF2,
    0x50, 0xD3, 0x9B, 0x45, 0x19, 0xB6, 0x39, 0x64, 0x43, 0xD2, 0x5A, 0xEC, 0x36, 0x2E, 0x57, 0xF5,
    0xFE, 0xE6, 0x28, 0x2B, 0x4A, 0xA4, 0xD4, 0x34, 0xD6, 0x32, 0x65, 0x02, 0x29, 0x4A, 0x14, 0x41,
    0xE2, 0x61, 0xA1, 0x90, 0xF4, 0x9A, 0xC9, 0x87, 0xDE, 0x9B, 0xA4, 0x4A, 0xB1, 0x7B, 0x2D, 0x8F,
    0xDE, 0x24, 0x68, 0xF3, 0xCE, 0x7F, 0xDB, 0xE1, 0x41, 0xAA, 0x87, 0xEA, 0x30, 0x2E, 0x97, 0x10,
    0xF2, 0xE6, 0xE3, 0x2C, 0x9E, 0x87, 0x39, 0x3C, 0xA2, 0x51, 0xE1, 0xBC, 0xE8, 0x7F, 0xCD, 0xA2,
    0x8F, 0xEA, 0x43, 0x01, 0x56, 0xA2, 0xC4, 0xCC, 0xF9, 0x7C, 0x00, 0x9F, 0x03, 0xF6, 0x30, 0x79,
    0x2D, 0x2E, 0xBD, 0xA4, 0x1A, 0xE7, 0x4C, 0xE3, 0x98, 0x6B, 0x6C, 0x55, 0x31, 0x9E, 0x25, 0x5F,
    0x7D, 0x43, 0xE5, 0x2B, 0xD9, 0x42, 0x8A, 0x56, 0xED, 0xFA, 0x08, 0xA9, 0x1B, 0xEB, 0x23, 0x07,
    0x19, 0xEE, 0xBC, 0xC9, 0x70, 0x1E, 0x44, 0xDE, 0xA7, 0x61, 0x58, 0xC4, 0xCB, 0x10, 0x2F, 0x06,
    0x9E, 0xB7, 0x6F, 0x7C, 0x25, 0x6A, 0x80, 0x16, 0x35, 0x1A, 0x2A, 0x0C, 0xA8, 0xF0, 0x87, 0x61,
    0xBC, 0x06, 0xD1, 0x84, 0x9C, 0x12, 0x4C, 0x71, 0xDB, 0x61, 0x8C, 0x61, 0x64, 0x0C, 0x1F, 0x2D,
    0x7C, 0x34, 0x5F, 0x86, 0x5D, 0x6F, 0x36, 0xF6, 0xD7, 0x27, 0x56, 0x7E, 0x88, 0xCB, 0xB4, 0x22,
    0x40, 0xF2, 0x1A, 0x6C, 0x0B, 0x5C, 0xE6, 0xB6, 0x4B, 0xAE, 0xEE, 0x94, 0x4D, 0xAB, 0x53, 0x5C,
    0x96, 0xA6, 0xE7, 0x0A, 0x1F, 0x4F, 0x16, 0x3E, 0x58, 0x78, 0x0F, 0x2A, 0x4D, 0xA4, 0x76, 0x58,
    0xC8, 0xDD, 0x1D, 0x1F, 0xD8, 0x43, 0xE7, 0xB0, 0x27, 0xCC, 0x37, 0xA8, 0x58, 0xA0, 0x88, 0xBA,
    0x87, 0x25, 0xB1, 0x31, 0x09, 0xDF, 0xB6, 0x49, 0x72, 0x0D, 0x73, 0xC6, 0x9B, 0x79, 0x1C, 0xDB,
    0x30, 0x2A, 0x96, 0x2C, 0x8C, 0x63, 0x6A, 0x73, 0x6E, 0x53, 0xA1, 0x6F, 0xDA, 0x69, 0x53, 0x6A,
    0xF6, 0x13, 0x3D, 0x62, 0x2F, 0x87, 0x2F, 0x54, 0x8F, 0xF3, 0x9B, 0x30, 0x27, 0x2B, 0x7A, 0x46,
    0x4D, 0x6C, 0xB9, 0x46, 0x4D, 0x6D, 0x5E, 0x40, 0xE0, 0x0A, 0x6F, 0x23, 0x7B, 0xA2, 0xF2, 0x06,
    0x2E, 0xE3, 0xAB, 0x98, 0xC9, 0x0E, 0x3B, 0x0D, 0xD8, 0x26, 0x75, 0x79, 0x71, 0xBC, 0x7D, 0x91,
    0x01, 0x6B, 0x6A, 0xCE, 0x70, 0xE8, 0xBB, 0xDD, 0x4A, 0x35, 0xE3, 0xAB, 0xB6, 0x90, 0x5A, 0xE3,
    0x4E, 0x28, 0xCC, 0x47, 0x4A, 0xFD, 0xDD, 0xAF, 0xEB, 0x23, 0x89, 0x3F, 0xC6, 0x3C, 0x76, 0x49,
    0xEE, 0x39, 0x83, 0x57, 0xD7, 0x62, 0xF1, 0x3F, 0x9F, 0xB9, 0x50, 0xC8, 0x79, 0x25, 0x1A, 0xB4,
    0x55, 0x90, 0x0B, 0x8A, 0x8D, 0x4B, 0x65, 0x6B, 0x58, 0xE5, 0x94, 0x8C, 0x32, 0xC2, 0x63, 0x2F,
    0x4C, 0x6A, 0xD8, 0xE3, 0x50, 0xCB, 0xC8, 0xD0, 0x51, 0x98, 0x78, 0xAD, 0xF2, 0x47, 0x7D, 0x91,
    0x0B, 0xC3, 0x07, 0x28, 0x1B, 0xAB, 0xBC, 0x7C, 0x61, 0xC8, 0xA9, 0x78, 0x77, 0xBC, 0x68, 0x56,
    0x18, 0x3A, 0x99, 0x7C, 0x20, 0xEF, 0xFC, 0xCA, 0xB5, 0x18, 0x54, 0xAB, 0x06, 0x1C, 0xCB, 0x4B,
    0x92, 0xD3, 0x9C, 0x3C, 0x8F, 0xC4, 0x58, 0xCE, 0xCF, 0xC8, 0xC2, 0x7D, 0x5B, 0x7D, 0x03, 0x52,
    0xB3, 0x83, 0x3C, 0x3C, 0xD5, 0xB1, 0x88, 0xB7, 0x3D, 0x1F, 0xF4, 0x2E, 0xE0, 0x6D, 0x12, 0xDD,
    0xE2, 0xFD, 0x11, 0x31, 0x68, 0x3F, 0x0C, 0x56, 0xEE, 0xDA, 0x8B, 0x4D, 0xBF, 0x11, 0x88, 0x40,
    0x69, 0xD1, 0xA2, 0x1A, 0x44, 0xF8, 0x7E, 0x20, 0xD9, 0x78, 0x35, 0x96, 0x5F, 0x69, 0xE9, 0x41,
    0xBE, 0x89, 0xC7, 0xB0, 0xEF, 0xD9, 0x7F, 0xD6, 0xBC, 0xCB, 0xB5, 0x34, 0xBB, 0x6A, 0xBD, 0x1C,
    0xF8, 0x8A, 0x57, 0x87, 0x48, 0x58, 0xC3, 0xB3, 0xC4, 0xE9, 0xF9, 0xB0, 0x4D, 0x06, 0x0A, 0xDB,
    0x43, 0x5A, 0x1D, 0x2C, 0x07, 0x81, 0xC2, 0x1B, 0x19, 0x7F, 0x96, 0x4E, 0xEE, 0x85, 0xF0, 0xE1,
    0x53, 0x5F, 0x2D, 0xC7, 0xA0, 0xF1, 0xDA, 0xAA, 0x25, 0x9F, 0xD2, 0x45, 0xEB, 0x2C, 0xD9, 0x94,
    0xCD, 0xA9, 0xCD, 0x36, 0x6B, 0x3F, 0x9A, 0x5B, 0x3F, 0x84, 0xBF, 0xCB, 0xB1, 0xB4, 0x8B, 0x8D,
    0xD9, 0x54, 0xB5, 0xD5, 0x9E, 0x68, 0x52, 0x87, 0x70, 0x4B, 0xAD, 0x67, 0x12, 0xEC, 0xD4, 0xE6,
    0x63, 0x43, 0xD0, 0x5C, 0x0A, 0x4D, 0xE6, 0x5F, 0xB3, 0x4B, 0xD9, 0x3E, 0x1B, 0x44, 0xFF, 0xD0,
    0x79, 0xA9, 0x2E, 0x9A, 0xFC, 0xE5, 0x71, 0x79, 0x26, 0x4C, 0x86, 0xB7, 0x5F, 0x3D, 0x2E, 0x5B,
    0x60, 0xA4, 0xB3, 0x2F, 0x9E, 0xF9, 0x12, 0x26, 0xCD, 0xC9, 0xFE, 0xA2, 0x6E, 0xE5, 0xD2, 0x1B,
    0xAC, 0xF1, 0x22, 0x79, 0xF1, 0xCA, 0x17, 0xC7, 0x28, 0xCD, 0xEF, 0x78, 0xA6, 0xF2, 0xBF, 0xEA,
    0xC7, 0x41, 0x0B, 0x33, 0x56, 0xC1, 0xF4, 0x44, 0xFB, 0xDB, 0x2D, 0x13, 0x8C, 0x0E, 0x96, 0xB6,
    0x80, 0x55, 0xC4, 0x26, 0xE2, 0xE0, 0x98, 0x9C, 0x8E, 0xD9, 0x3E, 0x80, 0xC5, 0x3A, 0xC4, 0x66,
    0xD3, 0xB1, 0x19, 0xBB, 0xCD, 0xBB, 0x49, 0x47, 0xBB, 0x80, 0xE9, 0xE1, 0xD6, 0xC9, 0x77, 0x37,
    0x55, 0xB9, 0x38, 0x56, 0x33, 0x88, 0x5B, 0x62, 0x33, 0x47, 0xF2, 0xF7, 0xE1, 0xD9, 0xB7, 0x3E,
    0x44, 0xC5, 0x4B, 0x4C, 0x39, 0x83, 0x74, 0x99, 0x55, 0xC0, 0xAE, 0x25, 0xB7, 0x26, 0xD6, 0x12,
    0x2E, 0x8D, 0xAD, 0x4A, 0x67, 0xAB, 0x78, 0x2E, 0x03, 0x22, 0x29, 0x25, 0x5E, 0x48, 0xE3, 0xE6,
    0xEB, 0xD2, 0x16, 0xC6, 0xE6, 0xAE, 0x16, 0x36, 0xC7, 0xA5, 0x04, 0x77, 0xC7, 0x2E, 0xE2, 0xB0,
    0x42, 0xE7, 0x62, 0xF0, 0xAB, 0xC8, 0x27, 0x51, 0xB1, 0x2E, 0x91, 0xC2, 0xB2, 0xA0, 0xF5, 0xB4,
    0x7E, 0x44, 0x4C, 0x69, 0xAD, 0xBE, 0xC7, 0x1A, 0xC2, 0xEA, 0x74, 0xAC, 0x0F, 0x21, 0x64, 0x12,
    0x47, 0xE5, 0x1E, 0xB6, 0x7C, 0x85, 0xF4, 0x6F, 0xAB, 0x67, 0x3C, 0xF3, 0xF5, 0xEF, 0x45, 0x35,
    0x74, 0xC2, 0xC5, 0xDF, 0x7E, 0xFB, 0xB6, 0x92, 0x14, 0xCA, 0xE0, 0x48, 0x85, 0xE4, 0x7C, 0xAB,
    0xB2, 0x9F, 0xAA, 0x52, 0xB1, 0xCB, 0x59, 0x12, 0x12, 0xF9, 0x8C, 0x71, 0x8B, 0x99, 0xF4, 0x5A,
    0x4C, 0x34, 0x0F, 0x49, 0x4B, 0x51, 0x72, 0x7D, 0xBA, 0x06, 0x80, 0xFD, 0xFF, 0x86, 0xC3, 0xE1,
    0x04, 0xC8, 0x52, 0x92, 0x74, 0x52, 0xB2, 0x2B, 0x42, 0x1E, 0xBB, 0xBF, 0xA0, 0x0F, 0x91, 0x14,
    0x8C, 0xAE, 0xED, 0x9E, 0x18, 0xFC, 0x3B, 0x77, 0x3F, 0x65, 0xBB, 0xF8, 0xA5, 0x27, 0x8D, 0xD2,
    0xC2, 0x51, 0x67, 0x23, 0x84, 0x0A, 0x9B, 0xA0, 0x4B, 0x1A, 0xEC, 0xA2, 0xD6, 0x06, 0x9A, 0xE0,
    0xEB, 0x7F, 0x49, 0xC4, 0x14, 0x8A, 0x0B, 0x8D, 0x58, 0x02, 0x8E, 0x42, 0x19, 0x05, 0xEF, 0x96,
    0xD8, 0x19, 0xAD, 0xB5, 0x77, 0x2D, 0x95, 0x79, 0xD2, 0x62, 0x93, 0x61, 0x90, 0x21, 0xE9, 0x61,
    0x9C, 0xDD, 0x8D, 0xE2, 0x4B, 0x27, 0x34, 0x6E, 0xDE, 0xFD, 0xB9, 0x51, 0xB6, 0x68, 0x94, 0x9E,
    0xB7, 0x11, 0x0B, 0xB9, 0x24, 0x10, 0x72, 0x89, 0x87, 0xE1, 0x2A, 0x3E, 0x88, 0xA6, 0x6B, 0xE4,
    0x22, 0xB7, 0x40, 0xB0, 0x6A, 0x91, 0x8B, 0xD7, 0xB0, 0x39, 0xDA, 0x0A, 0x20, 0x17, 0xEB, 0xCE,
    0x20, 0xEB, 0xB6, 0x11, 0xC9, 0xCD, 0x8E, 0x34, 0xB1, 0x98, 0x00, 0x40, 0xAE, 0x68, 0xD8, 0x5B,
    0xB3, 0x81, 0x4F, 0xF5, 0x4E, 0xA6, 0x1B, 0xA3, 0xEA, 0xDA, 0x9F, 0x95, 0xEB, 0x8C, 0x72, 0xED,
    0xF1, 0xED, 0x0D, 0xFA, 0xCE, 0x7F, 0xE6, 0xE8, 0x72, 0x91, 0xEC, 0x1D, 0x3D, 0x22, 0x5B, 0x97,
    0xAB, 0x89, 0x84, 0x3E, 0x74, 0xB9, 0x43, 0xAE, 0xE5, 0x5D, 0xE4, 0x9A, 0x1C, 0x71, 0x03, 0x97,
    0x8B, 0x22, 0x07, 0xBE, 0x87, 0x5C, 0x47, 0xC4, 0x3B, 0xD5, 0x77, 0x25, 0x77, 0xCF, 0xFF, 0xA6,
    0x9C, 0x08, 0x0D, 0xE4, 0xF5, 0x69, 0xE4, 0xBB, 0x09, 0xA2, 0x1D, 0xE2, 0x6C, 0x1B, 0xC9, 0xB0,
    0x9D, 0xB1, 0x99, 0xB6, 0x4D, 0x40, 0x10, 0x65, 0x4B, 0x6E, 0xA3, 0xC0, 0x83, 0xE8, 0x4F, 0xDE,
    0x3B, 0x88, 0x94, 0xC8, 0xC6, 0x00, 0x29, 0x40, 0x85, 0x17, 0x84, 0x67, 0x9B, 0x43, 0x40, 0x10,
    0xD5, 0x46, 0x10, 0x91, 0x82, 0x26, 0x3D, 0xA4, 0x20, 0x1A, 0x78, 0x08, 0x03, 0x78, 0x74, 0xA3,
    0xED, 0x85, 0x96, 0xE8, 0xB1, 0x1B, 0xE5, 0x94, 0x28, 0xA8, 0x6D, 0x4F, 0xB0, 0x1C, 0xCB, 0x54,
    0x71, 0x8F, 0x01, 0x15, 0xEF, 0xB1, 0xA2, 0x06, 0x9D, 0x81, 0x38, 0x83, 0x32, 0x3A, 0x73, 0xA6,
    0xD1, 0x9A, 0x1B, 0xCC, 0x43, 0x0C, 0x43, 0x91, 0x92, 0x9C, 0x5A, 0xA4, 0x9E, 0x3D, 0x31, 0x9B,
    0x5D, 0x81, 0xAE, 0xC2, 0x18, 0x62, 0x23, 0xB3, 0xE8, 0x98, 0xB7, 0xAC, 0x9C, 0x57, 0x56, 0x0E,
    0x7F, 0xDF, 0x49, 0xD6, 0x77, 0xB0, 0xD2, 0xDC, 0xB2, 0xE2, 0x46, 0x4C, 0xEC, 0x70, 0x33, 0xF6,
    0xB4, 0x07, 0x18, 0xD2, 0x67, 0x68, 0x03, 0x45, 0xC4, 0x3A, 0x5F, 0x19, 0xE4, 0xA0, 0x74, 0xF7,
    0xC6, 0x3D, 0xB9, 0xD9, 0xB8, 0x4F, 0x37, 0x1B, 0x77, 0x58, 0x85, 0xCB, 0x3B, 0x17, 0x81, 0x19,
    0xF3, 0x45, 0xE0, 0xCA, 0x19, 0xBA, 0x3A, 0x55, 0x89, 0x6E, 0x64, 0xAB, 0x19, 0xAE, 0x8F, 0x5B,
    0x4F, 0x04, 0x20, 0x7A, 0xC7, 0x76, 0xF1, 0x76, 0x9F, 0x18, 0x3D, 0xFE, 0x4E, 0xDF, 0xC2, 0x46,
    0xCE, 0x08, 0xAC, 0xDC, 0xAC, 0x9C, 0x38, 0xE0, 0xA7, 0xEF, 0xF7, 0x95, 0x9B, 0x96, 0xB6, 0xAC,
    0x9B, 0x3A, 0x73, 0xDD, 0xC5, 0x62, 0xBB, 0xE0, 0x2D, 0x10, 0xBD, 0x47, 0x25, 0x89, 0x3A, 0xEC,
    0x6C, 0x41, 0x8F, 0x5E, 0xEE, 0x1F, 0x68, 0xA3, 0xE5, 0x99, 0x99, 0x52, 0xED, 0xBC, 0x0C, 0x3D,
    0xDA, 0x50, 0x4D, 0xF7, 0x49, 0xB9, 0x46, 0x8E, 0x9A, 0xD1, 0x79, 0x4A, 0x2C, 0x72, 0x95, 0xEF,
    0xCE, 0xD7, 0x5C, 0xCF, 0x91, 0x84, 0x8B, 0x9B, 0xDD, 0x4E, 0xF8, 0xA8, 0xC0, 0xAB, 0x90, 0xFD,
    0xE3, 0xB6, 0xF9, 0x84, 0x36, 0x0E, 0xE2, 0xC3, 0x11, 0x15, 0xD1, 0x44, 0xF7, 0xC1, 0xD5, 0x9D,
    0x38, 0x0B, 0x91, 0xAB, 0x27, 0x57, 0x48, 0xC6, 0x42, 0x08, 0xB2, 0x5E, 0x3D, 0xC7, 0xE3, 0x5F,
    0x71, 0x88, 0xAD, 0x32, 0x64, 0x47, 0x64, 0xE4, 0x45, 0x39, 0xEE, 0xAD, 0x4E, 0xC9, 0x45, 0xBB,
    0x8E, 0x78, 0x0F, 0xAB, 0xB3, 0xF4, 0x55, 0xD9, 0x29, 0x44, 0x51, 0xB5, 0x8F, 0x58, 0x12, 0x43,
    0x32, 0xC2, 0xFF, 0xC9, 0x92, 0xC7, 0x75, 0x31, 0x57, 0x9E, 0x78, 0xCE, 0x77, 0x2D, 0x56, 0x6E,
    0x24, 0xDB, 0xE5, 0x1E, 0x63, 0x47, 0x30, 0x69, 0xC0, 0x80, 0xA4, 0x78, 0x8B, 0x02, 0xC0, 0xF2,
    0x8E, 0xE9, 0xE0, 0xFB, 0x21, 0x6F, 0x48, 0x7B, 0xA7, 0x2B, 0x53, 0x34, 0x45, 0x88, 0x69, 0xCD,
    0xB4, 0x78, 0x23, 0x4C, 0x3B, 0xDC, 0xA6, 0x7C, 0x2D, 0xB0, 0x75, 0x32, 0xAD, 0xBE, 0x6D, 0x6D,
    0xB2, 0xE3, 0x45, 0xF5, 0x97, 0x82, 0x3E, 0x36, 0x44, 0x6B, 0x0A, 0x6B, 0xF3, 0x05, 0xC9, 0xBA,
    0x30, 0x2D, 0x27, 0xA6, 0x2F, 0x85, 0x69, 0xFD, 0x4D, 0xA6, 0x7B, 0x98, 0x36, 0x1F, 0x67, 0xF7,
    0xAF, 0xE9, 0x23, 0x0F, 0x9E, 0xB5, 0xB0, 0x8F, 0xED, 0x99, 0xE7, 0xC5, 0xC2, 0xFE, 0x68, 0xCB,
    0x89, 0xA6, 0xB9, 0xB0, 0x4F, 0x2C, 0x1E, 0x53, 0x53, 0x61, 0x9F, 0x9C, 0xFC, 0x48, 0x6C, 0x2C,
    0xEC, 0xB9, 0x11, 0xF5, 0xD4, 0x7D, 0x61, 0x5D, 0x6C, 0xBB, 0x5A, 0x49, 0x50, 0x31, 0x0D, 0xC2,
    0xEC, 0x6E, 0x80, 0x47, 0x61, 0xBA, 0xE2, 0xF7, 0xC9, 0xD9, 0x72, 0x10, 0xC6, 0x0E, 0x38, 0x90,
    0x98, 0x4A, 0xB9, 0x4D, 0xA7, 0x69, 0xEF, 0x87, 0xF9, 0xA9, 0xDE, 0x68, 0xB4, 0x15, 0xE6, 0xDC,
    0x4C, 0x46, 0xD7, 0xE4, 0xFE, 0xD9, 0xFA, 0x4E, 0x2B, 0xD9, 0xF1, 0xF8, 0xD5, 0x4F, 0xA8, 0x9B,
    0x20, 0x78, 0x86, 0xC0, 0xEA, 0xC0, 0x10, 0x37, 0x4C, 0xF2, 0x59, 0x44, 0x83, 0xA1, 0xB8, 0x25,
    0x3A, 0xAA, 0x33, 0x70, 0x2B, 0x41, 0x4B, 0xE3, 0xF4, 0x3A, 0xDD, 0xC2, 0xA4, 0xEE, 0x5D, 0xDE,
    0xC0, 0xB2, 0x17, 0x83, 0xB6, 0xA1, 0xED, 0xCE, 0xAC, 0x7F, 0x81, 0x1D, 0x69, 0x50, 0xC3, 0xC1,
    0x21, 0x70, 0x6A, 0x23, 0x8A, 0x0E, 0x93, 0x7F, 0x81, 0x78, 0x9F, 0xD8, 0xEB, 0x10, 0x6F, 0x2F,
    0xF6, 0x03, 0x88, 0x07, 0xC3, 0xBE, 0x09, 0xF1, 0xE0, 0xC0, 0xEF, 0x88, 0x38, 0x56, 0x16, 0x71,
    0x25, 0x68, 0x29, 0xF1, 0xDE, 0xC1, 0xC4, 0x6F, 0x84, 0x6A, 0x6F, 0x37, 0x66, 0xDF, 0xA5, 0x5D,
    0xF7, 0xEC, 0x95, 0x97, 0x4D, 0xBB, 0x9E, 0x1E, 0xEA, 0xAB, 0xDA, 0x65, 0xAD, 0x52, 0x18, 0xDB,
    0x63, 0x8E, 0x4E, 0xC9, 0x0B, 0x3A, 0x3D, 0xA1, 0x79, 0x56, 0x5E, 0x00, 0x2E, 0x82, 0xFA, 0x04,
    0x9A, 0x03, 0xE7, 0x6F, 0xE0, 0xF7, 0x00, 0x9A, 0x1D, 0xE8, 0x76, 0xCF, 0x9F, 0x1B, 0x60, 0x8B,
    0xDE, 0x4C, 0x1D, 0xC2, 0x82, 0xE4, 0x73, 0x99, 0x42, 0x8C, 0xAA, 0x8C, 0xE5, 0xB6, 0x13, 0xDB,
    0xF4, 0x18, 0xB1, 0xAB, 0xA3, 0x98, 0xF9, 0x99, 0x9D, 0xA7, 0x02, 0x4D, 0xE2, 0x97, 0xBC, 0xA9,
    0x40, 0x5F, 0x74, 0x21, 0xDE, 0x04, 0x3E, 0xD1, 0x99, 0xE3, 0x40, 0x1D, 0x48, 0x26, 0xE7, 0x7D,
    0x5A, 0x7D, 0xC2, 0x51, 0x8F, 0x90, 0x5D, 0xBB, 0x9D, 0x60, 0x4C, 0x6D, 0xBB, 0xAE, 0xEF, 0x7A,
    0x19, 0x3D, 0xCF, 0x60, 0x9F, 0x80, 0x0F, 0x7F, 0x91, 0xA6, 0x62, 0xFF, 0x65, 0x9B, 0x8A, 0x07,
    0x27, 0x79, 0xE4, 0xBA, 0x9F, 0xF1, 0xB3, 0x1E, 0x0E, 0x7B, 0x64, 0x14, 0x39, 0x27, 0xF9, 0xCA,
    0x38, 0xD5, 0x4E, 0x7D, 0x5B, 0x40, 0x1C, 0x55, 0x47, 0x61, 0xD1, 0x36, 0xAD, 0xA0, 0xBA, 0xB1,
    0x4D, 0x8D, 0x6D, 0x6E, 0x8D, 0x02, 0x74, 0xD8, 0x26, 0x1A, 0x65, 0x15, 0x24, 0x6E, 0x94, 0xB0,
    0xA0, 0x40, 0x37, 0x4F, 0xD8, 0x06, 0x25, 0xF9, 0x8D, 0x52, 0x4A, 0x8E, 0x3C, 0x69, 0xE5, 0xA2,
    0x36, 0x06, 0x94, 0xE1, 0x3D, 0x81, 0x37, 0xC5, 0xD7, 0xF3, 0x06, 0x3F, 0xE6, 0xE3, 0x3B, 0x40,
    0xE3, 0xE5, 0xC2, 0x0B, 0x1D, 0x61, 0x87, 0xFA, 0x62, 0x3A, 0x65, 0x1D, 0x74, 0x7E, 0x44, 0x9B,
    0xEA, 0xA9, 0x9B, 0x46, 0xB1, 0x8A, 0x8D, 0x7D, 0x0E, 0xEE, 0x9E, 0x34, 0x3B, 0x10, 0xAD, 0x80,
    0xB6, 0x92, 0x46, 0x93, 0x68, 0x5B, 0xE9, 0xA8, 0x3E, 0x90, 0x29, 0x19, 0xD6, 0x9B, 0xDD, 0x16,
    0x8D, 0xD1, 0xAD, 0x4D, 0x5B, 0x57, 0x99, 0xE1, 0x22, 0x22, 0x07, 0x42, 0xCE, 0xFB, 0xED, 0xFC,
    0x96, 0x9C, 0x6D, 0x11, 0x17, 0x30, 0xF5, 0x3D, 0x04, 0x36, 0x4D, 0x6C, 0x77, 0x9B, 0x76, 0x3B,
    0xD6, 0x7E, 0xEC, 0x4A, 0xDA, 0x62, 0x73, 0x5A, 0x69, 0x94, 0xBA, 0xEE, 0xEF, 0x97, 0x8E, 0xCB,
    0x51, 0x9B, 0x95, 0x50, 0x82, 0x15, 0xD3, 0x55, 0xF3, 0x74, 0xD1, 0xEA, 0x3C, 0x44, 0xB5, 0x84,
    0xBF, 0x6B, 0xA6, 0x22, 0xEB, 0xC6, 0x3B, 0x5C, 0x8B, 0x25, 0xEE, 0x03, 0x9C, 0x15, 0x7E, 0x4E,
    0x52, 0x5D, 0x5E, 0x60, 0x1C, 0x28, 0x20, 0x43, 0x2B, 0xD9, 0x87, 0xFE, 0x7D, 0x14, 0x65, 0xB3,
    0x85, 0x71, 0x8C, 0x17, 0x4E, 0xF7, 0x08, 0x22, 0x6F, 0xC0, 0x8E, 0x12, 0xD8, 0x1D, 0xB6, 0x1A,
    0x58, 0x9B, 0x31, 0xC8, 0x9C, 0x2D, 0x4D, 0x5B, 0x2A, 0xB5, 0x0F, 0x5A, 0xB2, 0x98, 0xFF, 0x5C,
    0x14, 0xEF, 0xF5, 0x77, 0xF7, 0xAD, 0x77, 0xF7, 0x16, 0x77, 0x35, 0x2F, 0x68, 0x53, 0xE4, 0xDF,
    0xAD, 0x79, 0x79, 0x62, 0xE5, 0x64, 0x38, 0x6E, 0xAE, 0x5F, 0x1B, 0x01, 0x56, 0xDC, 0x94, 0xB0,
    0x39, 0x73, 0xEE, 0x6C, 0x49, 0x24, 0xD2, 0xFD, 0xC3, 0x9F, 0x49, 0x37, 0xCC, 0x45, 0xB2, 0xC6,
    0xF4, 0x8B, 0x33, 0x94, 0xCF, 0xCE, 0x51, 0x39, 0xC1, 0x92, 0x12, 0xB5, 0x87, 0x90, 0x70, 0x64,
    0x7B, 0xE5, 0x1E, 0x06, 0x5B, 0x20, 0x7C, 0xBD, 0x10, 0x19, 0x3B, 0xA2, 0xE8, 0xBB, 0x73, 0x98,
    0xEC, 0x91, 0xDC, 0x1A, 0xC9, 0x2D, 0x8E, 0xC5, 0x2C, 0x84, 0x0C, 0xC1, 0xD1, 0x50, 0x91, 0xA7,
    0x7B, 0xD1, 0xA9, 0xBD, 0xBE, 0xBA, 0x17, 0x12, 0x4B, 0xFD, 0x75, 0x6B, 0xEE, 0x7D, 0xA1, 0xDA,
    0xFF, 0xC1, 0xFB, 0x8E, 0xBE, 0xB6, 0xC7, 0xC8, 0x00, 0x7F, 0xD5, 0xE4, 0xFC, 0x36, 0xBD, 0x63,
    0x77, 0x71, 0x3C, 0xBD, 0xA5, 0x48, 0x77, 0x10, 0xB1, 0xB9, 0x21, 0x9B, 0xE9, 0xA2, 0x24, 0x1E,
    0xD8, 0xF4, 0x8E, 0x43, 0x34, 0xD0, 0xE1, 0x98, 0xEE, 0x8E, 0xD9, 0xE2, 0x58, 0xCE, 0x8E, 0xD5,
    0xE8, 0xD8, 0xB4, 0x8E, 0x83, 0x9B, 0x79, 0xD9, 0x1D, 0x7F, 0xB2, 0x39, 0xBE, 0xB3, 0x80, 0x54,
    0x20, 0x70, 0x8C, 0x08, 0x50, 0x4C, 0xDC, 0x6C, 0x63, 0xCE, 0xB1, 0x7A, 0x2B, 0x11, 0x4B, 0xA6,
    0x94, 0xD6, 0xCA, 0xE6, 0x64, 0x98, 0x11, 0xA4, 0x81, 0x49, 0xA6, 0x9D, 0xA6, 0x2E, 0x9E, 0x0C,
    0xFE, 0x88, 0xDC, 0x9C, 0x68, 0xBA, 0x33, 0xCD, 0xC2, 0x34, 0xDD, 0x98, 0xE6, 0x6F, 0xD9, 0x94,
    0xAD, 0x4C, 0xCB, 0x37, 0x6D, 0x2A, 0x16, 0x5C, 0xAC, 0x7A, 0x35, 0xFC, 0x39, 0x31, 0xD5, 0xBD,
    0x4D, 0xED, 0x9D, 0x7A, 0x17, 0xBE, 0xD4, 0xB4, 0x4C, 0x4F, 0x1D, 0x28, 0x62, 0x89, 0x2F, 0xEC,
    0xB9, 0x97, 0x5F, 0xEF, 0x42, 0xBE, 0x29, 0x01, 0xBD, 0x0B, 0x79, 0x79, 0xC5, 0x35, 0x3F, 0x39,
    0xE7, 0xF6, 0xAD, 0x85, 0x69, 0x15, 0xA4, 0x78, 0x65, 0x62, 0xDA, 0xB4, 0xB9, 0xBD, 0x36, 0x32,
    0xED, 0xC2, 0xF7, 0xDF, 0x68, 0x99, 0x1E, 0x5C, 0xE4, 0x33, 0x55, 0xCD, 0x39, 0x7C, 0xBA, 0xD2,
    0x9F, 0x30, 0x5D, 0xE8, 0x4F, 0x70, 0x85, 0x89, 0xA3, 0x02, 0xA6, 0xA3, 0x1F, 0xE5, 0xB8, 0xE6,
    0x02, 0xE7, 0xA6, 0x1A, 0xCC, 0xE4, 0x90, 0x6F, 0x1C, 0x7E, 0xA6, 0x4A, 0x93, 0x7A, 0xC6, 0xF4,
    0x9A, 0x61, 0x00, 0xDB, 0xB1, 0x33, 0x69, 0xBA, 0xE9, 0x5D, 0xD5, 0x17, 0xD7, 0x79, 0x1D, 0xC4,
    0x89, 0xA9, 0xF9, 0x15, 0x5F, 0xBB, 0x88, 0xCE, 0xA6, 0x4C, 0x7E, 0x7B, 0xE3, 0xCA, 0x64, 0x07,
    0x9D, 0x67, 0x7F, 0xDC, 0x7C, 0x32, 0x74, 0x1E, 0xA3, 0xE9, 0x51, 0xC5, 0xD0, 0x5D, 0x4B, 0x9F,
    0xD4, 0x53, 0x4C, 0xF7, 0x43, 0xEB, 0xFD, 0x73, 0x76, 0xC4, 0xCC, 0x5F, 0xAE, 0xB0, 0xE6, 0xA7,
    0xDC, 0xC3, 0x29, 0x8E, 0x39, 0xDB, 0xE8, 0x2F, 0xB5, 0x67, 0xC2, 0x55, 0x7D, 0xD7, 0xF5, 0x94,
    0xB7, 0x97, 0x63, 0xC8, 0xE7, 0x73, 0x33, 0x76, 0xB2, 0xF2, 0xD3, 0xD4, 0x7D, 0x9D, 0x39, 0x22,
    0x19, 0x49, 0x93, 0x78, 0xF0, 0xF3, 0xDB, 0xB0, 0xC0, 0xE8, 0x79, 0xA2, 0x43, 0x8D, 0x47, 0x12,
    0xF5, 0x9D, 0xAD, 0x8E, 0xAE, 0x9A, 0xDC, 0x86, 0xFE, 0x56, 0x6A, 0x97, 0xD5, 0xD3, 0x93, 0xE3,
    0x93, 0x67, 0x0A, 0x23, 0x98, 0x83, 0xB7, 0x67, 0x25, 0xAD, 0xE3, 0x13, 0xE5, 0xBF, 0xBB, 0xD9,
    0xC6, 0xDD, 0xE0, 0xF5, 0x44, 0x2E, 0x01, 0x45, 0xD7, 0x31, 0x13, 0xF0, 0xCB, 0x05, 0x58, 0x90,
    0x30, 0x98, 0xB7, 0x9C, 0xBC, 0x49, 0xAB, 0x7A, 0x59, 0x33, 0x5C, 0xA0, 0xC5, 0x74, 0x7A, 0x7B,
    0xCE, 0xDA, 0xDF, 0x1E, 0xA3, 0xB9, 0x8A, 0xA9, 0x75, 0x20, 0x9D, 0x00, 0xA6, 0x8B, 0x8C, 0x45,
    0x39, 0x7D, 0x15, 0x88, 0x54, 0xAD, 0xCB, 0xD1, 0xF8, 0x2A, 0xAE, 0xD7, 0x8D, 0xDC, 0x21, 0x22,
    0x45, 0xC0, 0x92, 0x12, 0x80, 0x03, 0x20, 0x49, 0x23, 0x9C, 0x1D, 0xD1, 0x10, 0x37, 0x85, 0x18,
    0x92, 0x9E, 0xD9, 0x77, 0x70, 0x83, 0x06, 0xD8, 0xE3, 0x8C, 0xC3, 0xFC, 0x2E, 0x19, 0x97, 0x40,
    0xD2, 0x78, 0xFF, 0x50, 0xBA, 0x77, 0x68, 0x11, 0xB6, 0x93, 0x33, 0x3E, 0x22, 0x5E, 0x9F, 0x58,
    0xE4, 0xF2, 0x5E, 0x8B, 0x10, 0x97, 0x4B, 0x5C, 0x04, 0x4F, 0x72, 0x4E, 0x3A, 0xF8, 0x6D, 0xF9,
    0xD7, 0xD7, 0x7D, 0x1D, 0xE2, 0xBE, 0x0A, 0xFF, 0xCA, 0x90, 0x0A, 0xF8, 0x37, 0x97, 0x73, 0x31,
    0x17, 0x4B, 0xCE, 0xBF, 0x6C, 0xC9, 0xD6, 0xF0, 0x6F, 0xCB, 0xB6, 0x74, 0x4B, 0x91, 0xFB, 0xD0,
    0x80, 0x68, 0xEF, 0xC9, 0xEA, 0x2F, 0x2F, 0xEF, 0xF2, 0x8B, 0xCB, 0x9B, 0xF9, 0x22, 0x4F, 0x2A,
    0x99, 0xFD, 0x82, 0xAF, 0xD4, 0x2C, 0x84, 0x00, 0x39, 0xE0, 0xD8, 0x2E, 0xC5, 0x8F, 0x43, 0x40,
    0xCD, 0x7B, 0xE0, 0x6A, 0x0F, 0xA9, 0x7D, 0x0F, 0x21, 0xF0, 0x52, 0x88, 0x92, 0x97, 0xC2, 0x37,
    0x5F, 0x08, 0xD1, 0xD1, 0x35, 0xC1, 0xD6, 0xB5, 0xD9, 0xD9, 0x98, 0xED, 0xDA, 0xCA, 0xDB, 0xD4,
    0xCD, 0xF5, 0x52, 0x04, 0xD9, 0x2F, 0x1B, 0x3F, 0xA6, 0xF9, 0x14, 0x0D, 0x47, 0xE6, 0x7B, 0xDA,
    0x2F, 0xA1, 0x02, 0x7B, 0x0D, 0xAA, 0x5F, 0x90, 0x5E, 0xB9, 0xFC, 0xC2, 0x4F, 0x07, 0x3F, 0x25,
    0x95, 0x97, 0xF8, 0xB5, 0x5E, 0x69, 0x84, 0x4A, 0x75, 0xD2, 0x29, 0xD5, 0x87, 0x3B, 0xD6, 0x7E,
    0xF9, 0x3D, 0x23, 0x36, 0xFF, 0x20, 0x40, 0x78, 0xF4, 0xCD, 0x43, 0x90, 0x7D, 0x7B, 0xCF, 0x2F,
    0xDD, 0x56, 0x7D, 0x72, 0x7F, 0xD0, 0x36, 0xFC, 0x48, 0x45, 0x66, 0xAB, 0x69, 0xD6, 0xE6, 0xC6,
    0x7A, 0x29, 0xAF, 0xA2, 0x04, 0xFE, 0x85, 0x76, 0x4D, 0x74, 0x40, 0x9E, 0x49, 0x73, 0x46, 0x92,
    0x08, 0x17, 0xA6, 0xD7, 0xB1, 0x59, 0x19, 0x17, 0xBF, 0x42, 0xBD, 0x1F, 0x1E, 0xB6, 0x49, 0xBD,
    0x82, 0xBD, 0x6C, 0x16, 0x18, 0xFE, 0x12, 0x25, 0xF4, 0x39, 0x92, 0xCB, 0x33, 0x65, 0x18, 0xCF,
    0x17, 0x75, 0xD2, 0x7E, 0x8E, 0x99, 0xF5, 0x85, 0x36, 0xF3, 0x6D, 0x69, 0xEA, 0x98, 0x2A, 0xA5,
    0x6C, 0x2D, 0x59, 0x9E, 0xE2, 0x5A, 0x17, 0x9D, 0x1C, 0xE3, 0x35, 0xD7, 0xEB, 0xE3, 0x29, 0x8C,
    0xE1, 0xEB, 0xE1, 0xCD, 0xCA, 0xD5, 0xB3, 0xC2, 0x55, 0x4F, 0x17, 0x1D, 0xDB, 0x77, 0xDE, 0x99,
    0x3C, 0xA1, 0xD9, 0xDC, 0xAD, 0xA9, 0xF5, 0xD5, 0x9A, 0x9F, 0xC1, 0x60, 0xE5, 0x7E, 0xC9, 0xC6,
    0x6A, 0x87, 0x61, 0x86, 0xEB, 0xE5, 0xD5, 0xED, 0x90, 0xB5, 0x61, 0x28, 0xB9, 0xD7, 0xD6, 0x2F,
    0xC2, 0x02, 0x13, 0x7E, 0xA2, 0x88, 0xB6, 0xAD, 0xC7, 0xE2, 0xFE, 0xBA, 0x07, 0xC9, 0xDF, 0x75,
    0x9F, 0x18, 0xCC, 0xC5, 0x8F, 0xE7, 0x21, 0x1E, 0x9E, 0xA9, 0xA7, 0x81, 0x20, 0x27, 0x40, 0x76,
    0x92, 0xA4, 0x32, 0x77, 0x71, 0xF2, 0x54, 0x79, 0x60, 0xEE, 0xAF, 0x78, 0xB8, 0xBF, 0xB1, 0xB9,
    0xB9, 0x57, 0x37, 0x37, 0xA7, 0xE3, 0x02, 0xCC, 0x3D, 0x91, 0x56, 0x8C, 0xAB, 0xE1, 0x14, 0x73,
    0xB3, 0xA4, 0x14, 0xE6, 0xE7, 0xDF, 0x95, 0x9B, 0xBB, 0xC1, 0xCE, 0xA4, 0x24, 0x89, 0x2F, 0xD8,
    0xCA, 0xD7, 0xF6, 0xF7, 0x49, 0x92, 0xAF, 0x60, 0xEE, 0xB3, 0x36, 0x3D, 0xB4, 0x36, 0x01, 0x52,
    0xB5, 0xDD, 0x0F, 0x7F, 0x5E, 0x75, 0x6B, 0x83, 0xEA, 0xB6, 0xC0, 0x6E, 0xB9, 0x95, 0x61, 0xF1,
    0xAD, 0x16, 0x47, 0xCD, 0x9A, 0xDB, 0xD2, 0xBC, 0x4D, 0xFB, 0x70, 0x3E, 0x0C, 0xB7, 0x5C, 0x2D,
    0x5A, 0xF3, 0xF3, 0x68, 0xA9, 0x2E, 0xEF, 0x75, 0xEB, 0x22, 0xD5, 0xBD, 0xF4, 0x1E, 0xAA, 0xBB,
    0x5E, 0xE7, 0xED, 0xAE, 0x12, 0x3B, 0xBC, 0x6E, 0xE4, 0xA7, 0xBB, 0x52, 0x2A, 0x94, 0xAC, 0xFA,
    0x3C, 0x09, 0xD8, 0x46, 0x3D, 0xDE, 0x28, 0xD2, 0x35, 0xE9, 0xE9, 0x71, 0xBC, 0x03, 0x39, 0xFC,
    0x62, 0xD9, 0xDD, 0xB1, 0x7E, 0x02, 0x9B, 0x2D, 0xE2, 0x1A, 0x71, 0x71, 0xEC, 0x1C, 0x91, 0x0B,
    0x9C, 0x1D, 0x31, 0x2A, 0x6C, 0x01, 0xC9, 0x15, 0x61, 0x4B, 0x9A, 0x8C, 0xEC, 0x01, 0x20, 0x78,
    0x3A, 0x92, 0x8B, 0xB0, 0x3D, 0x2A, 0x68, 0xCB, 0x05, 0xA2, 0x7D, 0x39, 0x83, 0x21, 0x45, 0x42,
    0x7C, 0x1E, 0x58, 0x86, 0x4D, 0x07, 0xD2, 0xC4, 0x92, 0x72, 0xB6, 0xA0, 0x6F, 0xCC, 0x38, 0x0C,
    0x06, 0x38, 0x5F, 0x56, 0x89, 0xB6, 0xEF, 0xA9, 0x7A, 0x85, 0xE7, 0xDB, 0x20, 0x78, 0x00, 0xC9,
    0x2D, 0x50, 0x08, 0x0D, 0x02, 0x6D, 0x70, 0x04, 0xE2, 0x3B, 0x00, 0x5A, 0xAC, 0x76, 0xCE, 0xB7,
    0x8A, 0xEB, 0x5D, 0xC1, 0x04, 0x3C, 0x86, 0xB2, 0x93, 0x7B, 0xE4, 0xE0, 0x16, 0x4B, 0xCC, 0xFE,
    0x4B, 0x08, 0x51, 0xE0, 0x84, 0x57, 0x63, 0x31, 0x14, 0x5F, 0xAC, 0x4F, 0x0B, 0x9A, 0x91, 0xB2,
    0xAD, 0x82, 0x2F, 0x18, 0x49, 0xCF, 0xC3, 0x44, 0x6E, 0x6D, 0xC2, 0x35, 0x53, 0x94, 0x60, 0x42,
    0x9E, 0xFF, 0x84, 0xC4, 0xD3, 0x2B, 0x21, 0xEC, 0x02, 0x5B, 0x6C, 0x68, 0x62, 0xA1, 0x7B, 0x22,
    0x92, 0x6E, 0xED, 0x5F, 0x9E, 0x0E, 0x7B, 0x22, 0x62, 0xD5, 0x5E, 0xDA, 0x22, 0xF9, 0xBC, 0x22,
    0x2E, 0x48, 0xD6, 0xBC, 0x0E, 0x74, 0xAF, 0xCE, 0x72, 0xC1, 0xE1, 0x95, 0xB6, 0x0B, 0x60, 0x7F,
    0x8B, 0x85, 0xED, 0x73, 0x6C, 0xF9, 0xEC, 0x79, 0x65, 0xD2, 0xEC, 0x5C, 0x52, 0x1B, 0x03, 0x4C,
    0x22, 0x15, 0x04, 0xD0, 0x16, 0xB4, 0x20, 0x43, 0x29, 0xCA, 0xAA, 0x13, 0xA8, 0xF7, 0x7B, 0xCA,
    0x56, 0xCD, 0x5E, 0xF3, 0xDB, 0x04, 0xD3, 0x54, 0x19, 0x40, 0x1E, 0x25, 0x4D, 0x04, 0x22, 0x1D,
    0x29, 0x34, 0x3F, 0xB0, 0x20, 0x2A, 0x6A, 0xAF, 0x83, 0xFB, 0xC0, 0x93, 0x2F, 0xE7, 0xDE, 0x26,
    0x97, 0x39, 0x33, 0x45, 0xF8, 0x7F, 0x84, 0xE1, 0xD9, 0x3C, 0x3C, 0xF5, 0x81, 0xD2, 0x90, 0xF4,
    0xF6, 0xC7, 0x68, 0xA2, 0x76, 0x0D, 0x3E, 0x9A, 0x27, 0x32, 0x0E, 0x6D, 0xD3, 0x57, 0x03, 0xEF,
    0x9F, 0x9E, 0x95, 0x52, 0xFA, 0x58, 0x4E, 0xB9, 0x43, 0xC4, 0xAE, 0x57, 0xF2, 0xCD, 0xE9, 0x1A,
    0xBE, 0x8E, 0x74, 0x3B, 0xFC, 0x0C, 0xE0, 0xAE, 0x57, 0x62, 0x7C, 0xE8, 0x55, 0x52, 0x63, 0xE6,
    0x56, 0x67, 0x6C, 0xFE, 0x58, 0x9F, 0x7E, 0xD4, 0x6D, 0x51, 0xFA, 0x32, 0xB7, 0x25, 0xC2, 0x09,
    0xAE, 0x1E, 0x5E, 0x10, 0x64, 0xC4, 0xC8, 0x52, 0xBC, 0xB3, 0x0E, 0xEF, 0x8C, 0xED, 0xD5, 0xBE,
    0x85, 0xF9, 0x92, 0x8C, 0x3B, 0x0B, 0xFB, 0x62, 0xB2, 0x72, 0xFC, 0xF1, 0x86, 0x54, 0xD7, 0x7D,
    0xDF, 0xF5, 0x8C, 0x66, 0x58, 0x97, 0x14, 0xFB, 0x0B, 0xFA, 0xD5, 0xAD, 0x7B, 0x49, 0xE1, 0x4E,
    0x18, 0x9A, 0x46, 0xA6, 0x97, 0xBD, 0x4D, 0xE2, 0x24, 0x46, 0x71, 0xCD, 0x81, 0x2D, 0x98, 0x48,
    0x69, 0xB6, 0x53, 0xFF, 0x36, 0xFC, 0x78, 0xBB, 0x7C, 0x36, 0x50, 0x78, 0x2B, 0x12, 0x12, 0x24,
    0x04, 0x0A, 0xA7, 0xD4, 0xC0, 0xD7, 0x77, 0x08, 0x3C, 0xE7, 0x51, 0xE7, 0x56, 0x35, 0x39, 0x99,
    0xFF, 0x8E, 0xF2, 0xA3, 0x81, 0x4E, 0x6A, 0xF3, 0xEA, 0x74, 0xB8, 0x4F, 0xE2, 0x1C, 0xC3, 0xB3,
    0xBA, 0x2A, 0xD3, 0xEC, 0xA5, 0x87, 0xBA, 0xE3, 0xE7, 0x09, 0x33, 0x5E, 0x23, 0x11, 0xFC, 0xBF,
    0x16, 0xC5, 0xE1, 0xB1, 0x27, 0x7C, 0x63, 0x83, 0x66, 0x43, 0xFF, 0xEE, 0xF2, 0xFA, 0x6F, 0x46,
    0xEF, 0x29, 0x8F, 0xF4, 0xC8, 0x5C, 0x5C, 0x1F, 0x4B, 0xFB, 0xEA, 0x78, 0x30, 0x36, 0x76, 0xD2,
    0xF2, 0x34, 0xD6, 0xBB, 0x4F, 0x3C, 0xD8, 0x93, 0x53, 0x69, 0x2E, 0xB3, 0xAD, 0xD4, 0xDE, 0x71,
    0xA2, 0x86, 0x84, 0xEF, 0x2D, 0xB5, 0x2D, 0x83, 0x8D, 0x66, 0xCB, 0xB3, 0x0F, 0x96, 0xD3, 0xFE,
    0xE9, 0x1D, 0x5B, 0x9E, 0xAF, 0x7F, 0x30, 0x0F, 0xDF, 0x1A, 0x6D, 0x79, 0xD8, 0x7C, 0xB7, 0x1F,
    0xBE, 0x1C, 0xE8, 0xB5, 0xCD, 0x2B, 0x97, 0xE1, 0xCF, 0x44, 0xB4, 0xFB, 0xCE, 0xC5, 0x3E, 0x2A,
    0xCA, 0xC3, 0xD7, 0x12, 0xFB, 0x8C, 0xB8, 0xB6, 0xE7, 0xD3, 0x73, 0x16, 0x0F, 0xF6, 0x62, 0x76,
    0x8E, 0xA5, 0xC9, 0x9B, 0xB3, 0x40, 0x42, 0xE4, 0x14, 0x83, 0xF5, 0xC1, 0xB6, 0xD2, 0x38, 0x05,
    0xE2, 0xFD, 0x6E, 0xFB, 0xD5, 0xF0, 0x3E, 0xBF, 0xC0, 0x7A, 0xE4, 0xEF, 0x9B, 0x6D, 0xEA, 0x1C,
    0x50, 0x5C, 0x78, 0xBF, 0x5B, 0x13, 0x3B, 0x83, 0xE8, 0x92, 0x78, 0x78, 0x28, 0xE6, 0x2F, 0x0F,
    0xB4, 0xBD, 0xDD, 0x03, 0xF7, 0x2A, 0x7E, 0x0A, 0x8B, 0xC0, 0x76, 0x13, 0xA0, 0xF9, 0xFA, 0x62,
    0x01, 0x9E, 0xAF, 0xBF, 0xBF, 0x06, 0x42, 0x0F, 0x9B, 0x57, 0xC7, 0xF0, 0x58, 0xDB, 0x7C, 0xBB,
    0xE5, 0x52, 0xF9, 0x9F, 0xA5, 0xBB, 0xC0, 0xAA, 0xAB, 0xEE, 0xB3, 0xAE, 0xBD, 0x17, 0xD9, 0x47,
    0xD9, 0x2C, 0x29, 0x52, 0x9B, 0xA2, 0xF6, 0x25, 0x81, 0xD8, 0xB3, 0xA4, 0x57, 0xD2, 0x38, 0x2B,
    0xB1, 0x5C, 0x9B, 0xD1, 0xD2, 0xD8, 0xE6, 0x4E, 0x34, 0x89, 0x29, 0xF7, 0xE1, 0x07, 0x21, 0x20,
    0x73, 0xB2, 0x25, 0x35, 0xD7, 0xC4, 0xDC, 0x5A, 0xEF, 0x45, 0x10, 0xF5, 0x2C, 0xF5, 0x14, 0xBD,
    0x5C, 0xB3, 0x87, 0x59, 0xB3, 0x85, 0xA1, 0x5B, 0xC3, 0x12, 0xC3, 0x12, 0x16, 0x08, 0x43, 0xA3,
    0xA1, 0xDB, 0xC2, 0x60, 0x4B, 0xB7, 0xA4, 0x36, 0x07, 0x6F, 0x94, 0x31, 0x44, 0xCE, 0xFC, 0x04,
    0x77, 0x86, 0x04, 0x96, 0x4B, 0x4F, 0x5D, 0xEE, 0x6D, 0x15, 0xED, 0xE2, 0xAA, 0xFE, 0xBC, 0x36,
    0x92, 0xE3, 0x33, 0xCF, 0xBD, 0xF9, 0xEF, 0xE1, 0xDB, 0x2F, 0xD6, 0x3F, 0x6A, 0xBB, 0xFD, 0x32,
    0x36, 0xFF, 0xE6, 0x17, 0x8C, 0xFF, 0x03, 0x74, 0x0B, 0x30, 0xCC, 0x34, 0x58, 0x32, 0xDD, 0x4A,
    0x3E, 0xE7, 0x64, 0xB8, 0xF7, 0xC4, 0xD9, 0xA6, 0xB8, 0x5F, 0xF4, 0x3E, 0xBC, 0x28, 0x37, 0xD2,
    0x54, 0x90, 0x43, 0xF9, 0xB6, 0x24, 0xCF, 0x93, 0xEE, 0xC9, 0x5F, 0xC3, 0x0F, 0x63, 0x46, 0x10,
    0xAC, 0xB7, 0x25, 0x77, 0x70, 0xB0, 0xF9, 0xA6, 0xDE, 0x26, 0x0E, 0xF7, 0xCD, 0x5B, 0x03, 0xF3,
    0x44, 0x25, 0xE0, 0xF5, 0xA7, 0x5E, 0x24, 0x57, 0x42, 0xED, 0x14, 0xCD, 0x1F, 0xA9, 0x29, 0x32,
    0x95, 0x9C, 0x20, 0x4F, 0x07, 0xAF, 0xC3, 0xA8, 0x0E, 0x4A, 0xF6, 0xE9, 0x03, 0xDB, 0xF4, 0x4F,
    0xBD, 0xB7, 0x4F, 0x35, 0x4D, 0xA7, 0x34, 0x6C, 0x6C, 0x63, 0x4F, 0x49, 0xF8, 0x57, 0x87, 0xC6,
    0xEF, 0xEE, 0x61, 0xCC, 0xBE, 0xBC, 0x87, 0x4F, 0xAB, 0x72, 0x53, 0x66, 0xA9, 0xE4, 0x38, 0x73,
    0x28, 0xA4, 0x41, 0x99, 0xCD, 0x72, 0x93, 0xCB, 0x66, 0x67, 0xD7, 0x9B, 0x82, 0x9B, 0x5C, 0xD6,
    0xFB, 0x48, 0xF6, 0xE1, 0x30, 0x28, 0x1E, 0x6A, 0xBB, 0xD0, 0x1E, 0x51, 0x8F, 0xC2, 0x1B, 0x58,
    0x5C, 0x5D, 0xF8, 0x5C, 0xCB, 0x36, 0x23, 0x0E, 0x19, 0xFC, 0xF1, 0xF5, 0xF9, 0x1B, 0xB8, 0xE3,
    0x07, 0xE5, 0x8D, 0xD0, 0xFB, 0x0E, 0xF4, 0xBE, 0x06, 0xBD, 0xE7, 0x6F, 0xAE, 0xB3, 0x66, 0xA8,
    0x4E, 0x4F, 0x5C, 0x64, 0x15, 0x37, 0x17, 0x59, 0x9E, 0x9A, 0xAB, 0xE3, 0xB6, 0x03, 0xEA, 0x50,
    0xD8, 0xD5, 0xFF, 0xA6, 0x6E, 0x49, 0xEC, 0x52, 0x2E, 0x69, 0xB0, 0xE2, 0x44, 0x3B, 0xC3, 0xF1,
    0x5C, 0x82, 0xEA, 0xE3, 0xD6, 0x73, 0xD3, 0xDA, 0x87, 0x3F, 0x8B, 0xA1, 0x9F, 0x92, 0xD1, 0x3B,
    0x6D, 0x1B, 0x86, 0x3E, 0x3B, 0xC2, 0x22, 0x15, 0x47, 0x9D, 0x8B, 0xFF, 0xB2, 0x35, 0xDE, 0x4F,
    0x3E, 0xDD, 0x4A, 0xE5, 0x97, 0xEC, 0x36, 0xCB, 0x1C, 0x74, 0x6A, 0xF2, 0xD7, 0x8E, 0x9F, 0xB5,
    0x79, 0x72, 0xC2, 0xF8, 0xC4, 0x96, 0xE7, 0x33, 0x4F, 0x4E, 0x62, 0x13, 0x11, 0x28, 0x04, 0xD5,
    0x9E, 0xF6, 0xF5, 0x5E, 0x8E, 0xCD, 0x31, 0xC8, 0x2C, 0xA4, 0xFB, 0x5A, 0x4B, 0x73, 0x92, 0xF7,
    0xA9, 0x4B, 0xFA, 0x0F, 0x9C, 0x69, 0x17, 0xC6, 0x0D, 0x3E, 0xBB, 0x0B, 0xEC, 0x5D, 0x7D, 0x0F,
    0xBF, 0x7C, 0xC6, 0xF3, 0xC5, 0xAF, 0x93, 0x2D, 0x50, 0xC6, 0xC0, 0x9D, 0xB5, 0x74, 0x49, 0xDA,
    0x58, 0xC4, 0x09, 0xA2, 0xDB, 0x92, 0xD1, 0xB3, 0x4C, 0x45, 0x37, 0xCA, 0xAA, 0xBF, 0x35, 0x48,
    0x88, 0xF1, 0x0F, 0xAD, 0x15, 0x63, 0x3F, 0xB5, 0x74, 0xCA, 0xED, 0x47, 0xAF, 0x5B, 0x3D, 0x66,
    0xC6, 0x6E, 0x27, 0x80, 0xD2, 0x4B, 0x6A, 0x3B, 0x07, 0x09, 0xDD, 0x94, 0x3E, 0xC6, 0xF8, 0xED,
    0x23, 0x19, 0x3F, 0x95, 0xEF, 0x59, 0x78, 0xBE, 0xB6, 0x23, 0x8C, 0xCF, 0x06, 0xEB, 0xDB, 0xF4,
    0x99, 0x40, 0xBF, 0x99, 0x26, 0x3F, 0x43, 0xE9, 0x16, 0x9D, 0x12, 0x0E, 0x8C, 0x4A, 0xEC, 0xBD,
    0x54, 0x51, 0xB7, 0xA9, 0x4C, 0x84, 0x2A, 0x5E, 0x40, 0x87, 0xBB, 0x54, 0x92, 0xAD, 0x1A, 0x4B,
    0x7E, 0x3A, 0x3F, 0x8C, 0x92, 0xD1, 0xBC, 0xD0, 0x5C, 0x0F, 0xF6, 0x07, 0x6B, 0x89, 0x9C, 0xF1,
    0xDE, 0xDF, 0xA7, 0x0A, 0x5F, 0xA5, 0x95, 0x5C, 0x6E, 0x1F, 0xF8, 0x38, 0x4A, 0x93, 0xE9, 0xDB,
    0x6A, 0x57, 0xA2, 0xF9, 0x1B, 0x35, 0x35, 0xB9, 0xB5, 0x1F, 0x2E, 0xD8, 0x7B, 0xD9, 0xE5, 0xF7,
    0x4B, 0x62, 0xA0, 0xA3, 0x8C, 0x2B, 0xD9, 0xA0, 0x27, 0x63, 0xD2, 0x70, 0x60, 0xFE, 0x82, 0xBC,
    0x5F, 0xC1, 0xF9, 0x12, 0xDA, 0x7A, 0x83, 0x5E, 0xDD, 0xE6, 0x6C, 0x18, 0x13, 0x4D, 0x82, 0xC6,
    0xFA, 0x6C, 0x95, 0x19, 0xCB, 0xAE, 0x2D, 0x16, 0x29, 0xEF, 0x99, 0xAE, 0x0D, 0x62, 0xE9, 0x42,
    0x6D, 0xF8, 0xE6, 0x20, 0x87, 0x50, 0xD1, 0x38, 0x09, 0xDC, 0x69, 0xB0, 0xCD, 0xDB, 0x8A, 0xC6,
    0x26, 0x36, 0x23, 0x18, 0x54, 0xDC, 0x07, 0x2D, 0x4C, 0x6C, 0x1D, 0x06, 0x2D, 0xB2, 0xEB, 0xA0,
    0xAC, 0xB0, 0xBD, 0x08, 0x50, 0xBD, 0xB1, 0xEB, 0x44, 0xEF, 0xD9, 0xF2, 0x68, 0xBE, 0xBC, 0x5C,
    0xFE, 0xB1, 0x3C, 0x5F, 0x4A, 0xC7, 0xCB, 0x12, 0x4F, 0xF5, 0xD0, 0xBF, 0x47, 0xDF, 0x2D, 0xF8,
    0xC6, 0xC0, 0x21, 0x90, 0x4A, 0x2E, 0xF9, 0x65, 0xB7, 0xB9, 0xBC, 0x54, 0xDF, 0x5D, 0x6D, 0xF9,
    0xBC, 0x3C, 0x69, 0x78, 0x6B, 0x0B, 0x30, 0x72, 0xF0, 0x69, 0xD4, 0xBE, 0xC6, 0x6F, 0x34, 0x0B,
    0x4E, 0x72, 0x39, 0x66, 0x4E, 0x0F, 0xA9, 0x25, 0xA8, 0xB2, 0x39, 0x35, 0x9A, 0x5D, 0xF2, 0x23,
    0xE1, 0x17, 0xCA, 0xD9, 0x5B, 0xD6, 0x17, 0x7B, 0xFE, 0x72, 0x10, 0x7B, 0x2B, 0x3E, 0x16, 0xC6,
    0xB5, 0x0C, 0xBA, 0x28, 0x97, 0xF7, 0x07, 0xD5, 0x54, 0xB3, 0x34, 0x55, 0x8D, 0x52, 0x1C, 0xBF,
    0x24, 0x5A, 0x9B, 0x56, 0x63, 0xA7, 0x88, 0xDC, 0x1E, 0xD1, 0x32, 0xED, 0xF4, 0x3A, 0x1B, 0x4C,
    0x2E, 0x8C, 0x74, 0x32, 0x31, 0xA6, 0x5B, 0x64, 0x40, 0x92, 0x9D, 0x31, 0x88, 0xFA, 0x11, 0xB8,
    0x1A, 0xDA, 0x46, 0x2D, 0xF6, 0xBF, 0x1A, 0x5A, 0xDC, 0x19, 0xE7, 0xEB, 0x91, 0x98, 0x6F, 0xE8,
    0xE3, 0x2B, 0x7F, 0x7C, 0xC9, 0xF9, 0xE5, 0x67, 0xD5, 0x2B, 0x50, 0x87, 0xD6, 0xEF, 0x91, 0x32,
    0x7A, 0xFA, 0xE2, 0xFB, 0x83, 0x2A, 0x44, 0x2B, 0x5A, 0x4F, 0x5D, 0x92, 0x83, 0x07, 0x50, 0x68,
    0x85, 0x3E, 0x3B, 0x8C, 0x72, 0x38, 0x71, 0x8D, 0xA8, 0x44, 0x2A, 0xFA, 0x6D, 0xCC, 0xF7, 0x79,
    0xD6, 0xD9, 0xC8, 0xF9, 0xB3, 0xBA, 0xC2, 0xC0, 0xF9, 0x4B, 0xDC, 0x93, 0x84, 0xD6, 0xC6, 0x53,
    0x3E, 0x2B, 0xF0, 0x4A, 0xA9, 0x07, 0xB0, 0x7C, 0xC6, 0xA6, 0x2F, 0x3F, 0xAF, 0x07, 0x36, 0x0C,
    0xDB, 0xCF, 0x9F, 0x32, 0xD5, 0x0C, 0x22, 0xCB, 0xF9, 0x0F, 0xDD, 0xE7, 0x79, 0xDD, 0xCB, 0x6F,
    0x51, 0x39, 0x9C, 0xA4, 0x31, 0xF3, 0x21, 0x7F, 0xB7, 0xF3, 0x1F, 0x16, 0xE9, 0x34, 0xF8, 0x9F,
    0x07, 0x16, 0xF0, 0x05, 0xFC, 0x15, 0x65, 0xCD, 0x39, 0x21, 0x74, 0x89, 0x4B, 0xBF, 0xAD, 0xB8,
    0xFD, 0x7F, 0x55, 0x72, 0x9C, 0x7F, 0xBA, 0x72, 0x92, 0x1D, 0xAA, 0xFF, 0xDF, 0x8F, 0xC5, 0x57,
    0xF5, 0x30, 0xD6, 0x53, 0x8A, 0xAE, 0x6B, 0x35, 0x79, 0xD7, 0x73, 0xBB, 0xA8, 0x07, 0x5F, 0xD9,
    0xAD, 0xEA, 0xC3, 0xAC, 0xF7, 0xB0, 0x81, 0x37, 0xD2, 0xF1, 0x44, 0x2C, 0xF1, 0xE7, 0xD1, 0xE3,
    0x75, 0x91, 0xDB, 0x63, 0x35, 0x1F, 0xBC, 0x43, 0x6C, 0xB0, 0xC1, 0x44, 0xFA, 0xF5, 0x12, 0x41,
    0xEF, 0xC5, 0x4B, 0x51, 0x53, 0xF7, 0xA5, 0xF5, 0x4D, 0xAB, 0x76, 0xF1, 0xD2, 0x7C, 0xC2, 0x8E,
    0xCB, 0x23, 0x1D, 0x7A, 0x1E, 0xE2, 0xE0, 0x7F, 0x01, 0x8C, 0x96, 0x01, 0xA7, 0x26, 0xC9, 0xD5,
    0xC7, 0x7F, 0x5D, 0xB5, 0x7B, 0xFB, 0x7D, 0xB7, 0x51, 0xB0, 0x4B, 0x64, 0xAC, 0x86, 0x80, 0xC4,
    0xA6, 0x01, 0x09, 0x9E, 0x3B, 0xD5, 0xD9, 0x20, 0x58, 0x24, 0x21, 0xDF, 0xE3, 0x42, 0x30, 0xB8,
    0xD9, 0x6E, 0x09, 0x20, 0xC8, 0xFD, 0x10, 0x01, 0x01, 0xC1, 0x62, 0x70, 0x77, 0xBA, 0x16, 0x04,
    0xA0, 0x2D, 0x04, 0xB0, 0x1D, 0x06, 0x08, 0x52, 0x36, 0x4D, 0xFA, 0xCE, 0x74, 0xF7, 0x3F, 0xAA,
    0x6A, 0xCC, 0xB5, 0x2B, 0x22, 0x45, 0x9F, 0x9F, 0x7B, 0x39, 0xE7, 0x9C, 0xFF, 0xA9, 0x53, 0xC7,
    0x03, 0x5D, 0x00, 0x45, 0x8C, 0x22, 0x36, 0x7F, 0x0B, 0x46, 0x01, 0x5E, 0xF0, 0x8D, 0x63, 0x23,
    0xD4, 0x11, 0x5C, 0xFA, 0x16, 0xE8, 0x66, 0xF0, 0x33, 0x4C, 0x01, 0x14, 0xA8, 0x14, 0xB0, 0x1A,
    0xF3, 0xD7, 0xA8, 0xC7, 0x09, 0x5A, 0x81, 0x4F, 0xDF, 0x09, 0xC3, 0x0E, 0x1F, 0xFC, 0x82, 0x7C,
    0x6E, 0x01, 0x36, 0xA0, 0x8A, 0x80, 0x5D, 0xE0, 0x89, 0x02, 0x46, 0x8A, 0xB4, 0xAB, 0x5F, 0x19,
    0xC2, 0xB0, 0x55, 0x42, 0xAB, 0x3D, 0xCD, 0xD7, 0x73, 0x73, 0xD8, 0x19, 0xB7, 0x37, 0x81, 0x76,
    0x77, 0x3D, 0xDD, 0xE6, 0xC1, 0x6F, 0xB7, 0xE0, 0xD7, 0x0D, 0xFC, 0x43, 0x34, 0xA3, 0x7F, 0x3D,
    0x37, 0xBD, 0x57, 0x68, 0xE9, 0x34, 0x7E, 0x4E, 0x2B, 0xED, 0x38, 0x65, 0x31, 0x1A, 0xA9, 0xF4,
    0x00, 0x76, 0x06, 0x9A, 0x00, 0xB4, 0xE4, 0x53, 0x4D, 0x0F, 0x00, 0xAD, 0x14, 0x80, 0x41, 0x8A,
    0x50, 0x29, 0x79, 0x26, 0x2F, 0x1D, 0x50, 0x6B, 0x35, 0x27, 0x34, 0x0A, 0x4C, 0xE0, 0x34, 0xE2,
    0x13, 0x7A, 0xBA, 0x04, 0xA0, 0xFC, 0x05, 0x59, 0x70, 0x71, 0xDB, 0x92, 0x9B, 0xB4, 0x42, 0xA3,
    0x1C, 0x12, 0xA3, 0x1E, 0xA0, 0x2A, 0x0E, 0x66, 0xCF, 0xB0, 0x6B, 0x46, 0x33, 0xC3, 0x63, 0x45,
    0x83, 0x94, 0x1B, 0x29, 0xA9, 0xA7, 0x4E, 0x80, 0x4E, 0xD2, 0x09, 0xBE, 0x14, 0x36, 0x94, 0x0C,
    0xE5, 0xFC, 0x99, 0x0A, 0xFB, 0x4A, 0x3F, 0xC7, 0x64, 0x3F, 0x49, 0xA3, 0x39, 0xEC, 0x89, 0x8D,
    0xEC, 0xD4, 0x0B, 0xF7, 0x49, 0xEE, 0x3D, 0x2E, 0xB0, 0xD3, 0xCC, 0x66, 0xC3, 0xAD, 0x4D, 0x4C,
    0x21, 0x96, 0xA2, 0xF6, 0xA3, 0xEE, 0xF5, 0xCA, 0x3B, 0x98, 0x52, 0x43, 0xEE, 0x97, 0xD5, 0xD9,
    0x4A, 0x4B, 0xAD, 0xE3, 0x4A, 0x07, 0x4C, 0x77, 0x0C, 0x07, 0xD5, 0x01, 0x9D, 0xCA, 0xDD, 0x6B,
    0xEC, 0x02, 0x58, 0xCD, 0x67, 0x96, 0xF4, 0xAF, 0x2C, 0x63, 0x52, 0x28, 0xE2, 0x15, 0x4B, 0xD9,
    0x33, 0xE0, 0x8B, 0xD0, 0x61, 0xCB, 0x98, 0x8A, 0x5E, 0xC5, 0x47, 0x24, 0x49, 0x2A, 0x38, 0x01,
    0xAB, 0x00, 0x50, 0x6B, 0x7C, 0x6C, 0x28, 0x4E, 0x3C, 0x82, 0xEE, 0xCC, 0x98, 0xCE, 0x1E, 0xE8,
    0x4A, 0x27, 0x7C, 0x41, 0xE9, 0x68, 0x2A, 0xB1, 0x29, 0xE3, 0x89, 0x9B, 0xA1, 0x0D, 0xE0, 0xD3,
    0xD7, 0xC3, 0x00, 0x4C, 0xC0, 0x09, 0x1C, 0x50, 0xED, 0x60, 0xD3, 0xB7, 0xF2, 0x5F, 0xCF, 0xF7,
    0xBF, 0xE9, 0x66, 0x92, 0xCB, 0xF6, 0xBF, 0x67, 0x03, 0x6E, 0x74, 0x97, 0x05, 0xE9, 0xA0, 0x5C,
    0x20, 0xA0, 0xB9, 0x11, 0x58, 0xF5, 0x9C, 0x09, 0xF0, 0xE3, 0xA4, 0x1C, 0x48, 0x98, 0x0B, 0xB2,
    0x4A, 0x5B, 0xDC, 0xCA, 0x0D, 0x43, 0x19, 0xA9, 0xB6, 0x0C, 0x98, 0xC6, 0x1B, 0x6D, 0xD8, 0x13,
    0xB4, 0xD1, 0x1C, 0xE0, 0x57, 0x5C, 0x42, 0xCC, 0x63, 0x39, 0xCC, 0x38, 0x3D, 0x54, 0xF9, 0x29,
    0x4A, 0x5B, 0x19, 0xC8, 0xFE, 0x31, 0xD6, 0x8D, 0xB4, 0x00, 0xD5, 0x94, 0x41, 0xFD, 0x78, 0x37,
    0x7C, 0x08, 0xD3, 0x02, 0x43, 0x8F, 0x02, 0x4C, 0x2F, 0xEB, 0xE4, 0x37, 0x95, 0x7B, 0xF2, 0x39,
    0x37, 0x57, 0x7A, 0x05, 0x49, 0xB7, 0x0B, 0x3E, 0xFA, 0xC5, 0xC7, 0x21, 0xD9, 0xB9, 0x1B, 0xBB,
    0x11, 0xAE, 0xA6, 0x57, 0x7D, 0x11, 0xBB, 0x82, 0x3D, 0xFB, 0x2B, 0x41, 0x3B, 0x43, 0x17, 0xF8,
    0x94, 0xDC, 0xB8, 0x0D, 0xF8, 0xE5, 0x6A, 0x17, 0x6E, 0xCE, 0xF9, 0xBE, 0x09, 0x8D, 0x14, 0x6E,
    0x5D, 0xEF, 0x97, 0x26, 0x5C, 0xB7, 0xA8, 0xAF, 0xC7, 0xEB, 0x6B, 0x73, 0x52, 0xF7, 0x4F, 0x2F,
    0x76, 0xA7, 0xE2, 0xFA, 0xB6, 0xD9, 0x81, 0xEB, 0xE7, 0x6E, 0x2B, 0x58, 0x81, 0x4B, 0xC1, 0xED,
    0xE6, 0x36, 0x3E, 0xE4, 0xF9, 0xF3, 0x66, 0xE7, 0x42, 0xBC, 0xB7, 0xEA, 0x3F, 0x33, 0xF1, 0x96,
    0x34, 0xCE, 0xF3, 0x35, 0x4F, 0x74, 0xE7, 0xC6, 0x0E, 0xC0, 0xE3, 0x02, 0xB0, 0x53, 0x97, 0xCB,
    0xAB, 0x74, 0x57, 0x4D, 0x23, 0x74, 0xA5, 0xC7, 0x55, 0x99, 0xAB, 0xEA, 0x78, 0xEF, 0x0E, 0xA7,
    0x6E, 0xC6, 0x6B, 0x0A, 0x4C, 0x8B, 0xC6, 0x4A, 0xA3, 0x7A, 0xAB, 0x4A, 0xD4, 0x87, 0x15, 0x6E,
    0xB7, 0x27, 0x6E, 0x6B, 0x0E, 0xDC, 0xDA, 0xEE, 0xB4, 0xF1, 0x47, 0x1B, 0xED, 0xAB, 0xBF, 0x3F,
    0x04, 0xA7, 0x3F, 0x28, 0xD4, 0xA7, 0x3B, 0xA8, 0xFE, 0x78, 0x75, 0xC7, 0xE3, 0x49, 0x3D, 0x2B,
    0x6F, 0x6E, 0x4A, 0x06, 0x2A, 0xE8, 0xC1, 0xF5, 0x26, 0xC2, 0x10, 0xDC, 0x8A, 0xD1, 0x38, 0x44,
    0xDC, 0x69, 0x14, 0xF0, 0x5B, 0x23, 0x2A, 0x45, 0xBF, 0xD3, 0xE8, 0x0B, 0x45, 0x5A, 0x59, 0xCD,
    0x74, 0x7B, 0x9A, 0x17, 0xBF, 0x37, 0x02, 0xBF, 0xA7, 0x2B, 0x71, 0x87, 0xD5, 0x48, 0x2D, 0xF2,
    0xF2, 0x64, 0x98, 0x41, 0x7D, 0x17, 0xC1, 0x07, 0x17, 0xA1, 0x1D, 0x6D, 0x84, 0xFF, 0xA3, 0xEA,
    0xF1, 0x92, 0xCA, 0xEC, 0xE5, 0x5B, 0x54, 0x51, 0xCC, 0x0E, 0x54, 0xC9, 0x98, 0x95, 0xB2, 0xE0,
    0x8B, 0xA9, 0x17, 0xF2, 0x48, 0xBB, 0xB4, 0x0E, 0x8E, 0x4E, 0xBB, 0xD7, 0x86, 0xD1, 0xCB, 0xDC,
    0x2B, 0x38, 0x68, 0x83, 0x5D, 0x30, 0xD1, 0xFD, 0x4E, 0xCB, 0xDA, 0xDA, 0xBF, 0xAD, 0xCF, 0x3F,
    0xB2, 0xF3, 0xFA, 0xEC, 0x52, 0x7F, 0x19, 0x9F, 0x5D, 0x1A, 0x8D, 0xBF, 0x7E, 0xE6, 0x7E, 0x1F,
    0x3E, 0x7B, 0xD6, 0x7E, 0x12, 0xE2, 0x65, 0xF8, 0xE4, 0xCB, 0xE5, 0xFA, 0x83, 0xEA, 0x67, 0xA1,
    0x83, 0xB6, 0x77, 0x2F, 0xAB, 0x17, 0x98, 0x3C, 0x17, 0xDD, 0x99, 0xEB, 0xC2, 0xEB, 0x64, 0xD0,
    0x01, 0xC3, 0x6C, 0xB5, 0xB9, 0xF0, 0x79, 0xC7, 0xD3, 0x6B, 0xBA, 0x0B, 0xED, 0x85, 0x1F, 0x5E,
    0x73, 0xF1, 0x3F, 0xD9, 0x9C, 0x16, 0x73, 0xF6, 0x60, 0x36, 0xC0, 0xBE, 0xAD, 0xB5, 0x29, 0x65,
    0x26, 0x53, 0xD6, 0xE6, 0x66, 0x24, 0xAD, 0x56, 0x52, 0xCC, 0x86, 0x3C, 0x6E, 0x3C, 0x6A, 0x2D,
    0xFE, 0x65, 0xE9, 0xBC, 0x6D, 0xCA, 0xC9, 0x94, 0xFB, 0xD1, 0xE4, 0x3D, 0x1B, 0x90, 0x66, 0xB3,
    0x0C, 0x8B, 0x0D, 0x7E, 0x31, 0xBD, 0x9F, 0x61, 0x08, 0x90, 0x36, 0xF2, 0x01, 0x6D, 0x84, 0xA9,
    0xC7, 0x6E, 0xE0, 0xA4, 0xB1, 0x2B, 0xF5, 0x43, 0x9D, 0x7D, 0x47, 0x26, 0x85, 0x2A, 0x0E, 0xC1,
    0x04, 0x3F, 0xC2, 0xD3, 0x92, 0xB1, 0x13, 0x7C, 0x37, 0xBF, 0xA0, 0x31, 0x39, 0xBF, 0x8F, 0xF8,
    0xD4, 0x1C, 0x78, 0xAD, 0xB4, 0x49, 0x95, 0xDF, 0x99, 0x62, 0xA5, 0xD1, 0xEE, 0xB8, 0x85, 0xAE,
    0x07, 0x86, 0x15, 0x45, 0xF2, 0xBF, 0x17, 0x50, 0x34, 0x9A, 0x41, 0x8B, 0x55, 0xD2, 0x19, 0xD2,
    0x8E, 0x34, 0x0A, 0x8D, 0x7A, 0xAC, 0x46, 0x27, 0xA8, 0xD5, 0x27, 0x34, 0xCA, 0x3B, 0xD2, 0x9D,
    0x29, 0x26, 0xEE, 0x60, 0xD8, 0xA1, 0xDD, 0x79, 0x9D, 0xAA, 0xD8, 0xAB, 0xAF, 0x92, 0xF2, 0xCD,
    0x7E, 0x15, 0xC1, 0xAF, 0xCD, 0x4D, 0x4C, 0x79, 0x5A, 0x3F, 0xDF, 0xA2, 0xF3, 0xF0, 0x7F, 0x5D,
    0x91, 0xB6, 0x41, 0x73, 0x25, 0xC5, 0x49, 0xBD, 0x91, 0x82, 0x36, 0xEC, 0xD7, 0x27, 0xC3, 0x58,
    0xFA, 0x0D, 0x75, 0x41, 0x53, 0xE0, 0xDE, 0x60, 0xC9, 0xE8, 0x0A, 0xFC, 0x1B, 0xCC, 0x19, 0x43,
    0xC1, 0x8B, 0x31, 0x83, 0x2B, 0xE5, 0x1D, 0x34, 0x24, 0x60, 0x92, 0x9D, 0xA9, 0xA5, 0xDD, 0xE5,
    0x25, 0xB5, 0xB7, 0xD0, 0x4A, 0xAB, 0x07, 0x2F, 0xC5, 0xA7, 0x05, 0xB7, 0x19, 0xCB, 0x7D, 0xC6,
    0xBC, 0x65, 0x84, 0x35, 0xE3, 0xB7, 0x11, 0x3A, 0xE9, 0xA7, 0x11, 0x1A, 0xC9, 0x2E, 0x50, 0xFD,
    0x69, 0xAA, 0x03, 0xC0, 0xD3, 0x26, 0xE3, 0x37, 0x2E, 0x67, 0xBE, 0x77, 0x3D, 0xC0, 0xD6, 0x01,
    0x90, 0x12, 0x80, 0x49, 0x09, 0xC0, 0xC6, 0xDB, 0x8C, 0x94, 0x00, 0xEA, 0x94, 0x00, 0x9A, 0x2F,
    0x56, 0x00, 0x97, 0x12, 0x40, 0x9B, 0x12, 0x40, 0x97, 0x12, 0x80, 0xFF, 0x4F, 0x09, 0x7E, 0xF5,
    0x2E, 0x80, 0xD9, 0xDC, 0xD9, 0xC9, 0xCB, 0x9F, 0x7E, 0x77, 0x0B, 0x36, 0xE0, 0xE0, 0x02, 0xC2,
    0x2A, 0x54, 0x37, 0x33, 0x6E, 0x7E, 0xBF, 0x0D, 0x5E, 0x74, 0x1B, 0xD4, 0x2B, 0x43, 0xAC, 0x15,
    0x9D, 0x96, 0xFF, 0xF7, 0x33, 0x3E, 0x30, 0x04, 0xA6, 0x1E, 0x51, 0x09, 0x73, 0x62, 0x0F, 0xEC,
    0x4E, 0xA7, 0x5E, 0x1A, 0xA1, 0x7B, 0x00, 0x23, 0x8D, 0x38, 0x69, 0xA6, 0x5B, 0xFD, 0xC2, 0x10,
    0xBA, 0x88, 0xC6, 0x36, 0xA2, 0xBE, 0x5B, 0x2A, 0xE1, 0x93, 0x19, 0x42, 0x25, 0x14, 0x2A, 0x7D,
    0x2C, 0x90, 0x0E, 0xF2, 0xA0, 0xD1, 0x9C, 0x3D, 0xDF, 0x3A, 0x5E, 0xDA, 0x1E, 0x57, 0x13, 0x18,
    0x48, 0x89, 0xFA, 0x3A, 0x6F, 0x90, 0x7A, 0x85, 0x36, 0xDA, 0x1D, 0xDC, 0x66, 0x05, 0xCD, 0x51,
    0xA9, 0x2C, 0x9B, 0x39, 0xA9, 0x51, 0xC4, 0x28, 0x0C, 0x31, 0x4D, 0xE0, 0x14, 0x71, 0xFA, 0x58,
    0x0B, 0xFE, 0xCC, 0xBF, 0x95, 0xD6, 0xF6, 0xC4, 0x68, 0x1E, 0x56, 0x1A, 0x55, 0x9A, 0x69, 0x73,
    0x00, 0x3F, 0xBB, 0x0D, 0x5A, 0xEC, 0x0C, 0xEF, 0x50, 0x01, 0x98, 0x1D, 0x38, 0xC9, 0xED, 0xB0,
    0x1B, 0x26, 0x17, 0xBA, 0xD0, 0x28, 0x42, 0x17, 0x78, 0x37, 0xBF, 0xB6, 0x32, 0x5A, 0xD5, 0x5E,
    0x86, 0xAA, 0x8E, 0x89, 0xA1, 0x3C, 0xFB, 0x61, 0xC4, 0xF7, 0x80, 0x7A, 0x4E, 0x12, 0x53, 0x14,
    0xA8, 0x54, 0x56, 0x83, 0x39, 0xE9, 0x82, 0xDB, 0x78, 0xA2, 0x71, 0xC2, 0x27, 0x99, 0x5F, 0xEC,
    0x28, 0xE6, 0x39, 0xB6, 0xFF, 0x48, 0x6C, 0xE7, 0xE6, 0x66, 0x01, 0x7C, 0xFF, 0x51, 0x1E, 0xD8,
    0x93, 0xCF, 0x86, 0x90, 0x6A, 0xA9, 0xE6, 0x69, 0x04, 0xB7, 0xD4, 0x52, 0xAA, 0x2F, 0x34, 0xD2,
    0x0E, 0x13, 0x2E, 0xB1, 0xDA, 0x73, 0xEC, 0x5C, 0x8B, 0x3D, 0x52, 0x14, 0x78, 0x72, 0xF6, 0xB9,
    0x96, 0x49, 0xE1, 0xAD, 0xAE, 0x22, 0xEB, 0x8D, 0xAA, 0x37, 0xA2, 0x8A, 0xA6, 0xB7, 0x92, 0x8A,
    0xA2, 0x22, 0xE8, 0xAD, 0x9E, 0x22, 0xA7, 0xA8, 0x29, 0x62, 0x28, 0x5A, 0x86, 0x25, 0x49, 0xB1,
    0xDA, 0x93, 0x12, 0xA7, 0x5C, 0x42, 0x57, 0x2B, 0x55, 0x70, 0x31, 0x67, 0x92, 0xF1, 0x3D, 0x7B,
    0xC2, 0x09, 0x76, 0x2F, 0x3B, 0x6A, 0xC5, 0x2D, 0x39, 0x4B, 0x17, 0xA8, 0x94, 0x33, 0x37, 0x6B,
    0xCE, 0xDC, 0x8D, 0x39, 0x73, 0x7A, 0x75, 0x33, 0x46, 0x8A, 0xBE, 0xC7, 0x4A, 0x0B, 0x57, 0x27,
    0xD0, 0x06, 0x3A, 0x05, 0x18, 0x7A, 0x06, 0xCD, 0x70, 0xC0, 0xEA, 0x67, 0xEC, 0x4A, 0x35, 0x77,
    0x21, 0x07, 0xA5, 0x03, 0x3F, 0x96, 0x15, 0x37, 0x01, 0xAD, 0x8A, 0xEE, 0xF7, 0x14, 0xCA, 0x7E,
    0xF0, 0xA1, 0x0D, 0x85, 0x43, 0x0F, 0xDF, 0x61, 0xEA, 0x0F, 0xC0, 0x7F, 0x2C, 0xBB, 0x56, 0xEA,
    0xBD, 0xB6, 0xD4, 0x5E, 0x1A, 0x8D, 0x7E, 0x6C, 0x4F, 0x80, 0x09, 0x7F, 0x94, 0xA9, 0xF8, 0xE7,
    0x0E, 0x34, 0xD1, 0xFE, 0x25, 0xB1, 0x0D, 0xAE, 0xD9, 0x80, 0x81, 0x8B, 0x5B, 0x81, 0x83, 0x49,
    0x0A, 0xA9, 0x16, 0x25, 0xBA, 0xA5, 0xCA, 0x4B, 0xC5, 0x8F, 0x59, 0x28, 0x2F, 0x80, 0x21, 0xE4,
    0x5A, 0x8C, 0x16, 0x52, 0x2D, 0x4E, 0x2B, 0x64, 0xC9, 0x90, 0x27, 0x3D, 0x19, 0x5B, 0xCC, 0x02,
    0x46, 0x01, 0x38, 0xF9, 0xF6, 0x49, 0x29, 0xA0, 0x4E, 0x26, 0x45, 0xF9, 0x41, 0x9E, 0x79, 0x2D,
    0xB8, 0x64, 0xD2, 0x32, 0xC2, 0x9F, 0x3D, 0x0C, 0x11, 0x98, 0x96, 0x62, 0x60, 0x58, 0x30, 0xBD,
    0x8F, 0xB8, 0xC5, 0x1F, 0x4C, 0xD1, 0x49, 0x8A, 0xB5, 0x92, 0xCB, 0x24, 0x8D, 0x5C, 0xFD, 0xBB,
    0x7C, 0x2B, 0xF0, 0xD8, 0xE4, 0xBA, 0xDE, 0x67, 0x66, 0x7E, 0xBB, 0x23, 0xBF, 0xA1, 0x37, 0x48,
    0xA0, 0xDB, 0x74, 0x00, 0x8A, 0xA4, 0x03, 0xA1, 0x54, 0xD2, 0x99, 0x08, 0x82, 0x22, 0x8B, 0x0D,
    0xE8, 0x1F, 0x91, 0x22, 0xA5, 0xA8, 0x9D, 0x49, 0x0B, 0x28, 0xE4, 0x4F, 0x28, 0x0A, 0xAA, 0x24,
    0x80, 0xA2, 0xC9, 0x4C, 0x1B, 0x40, 0x68, 0xA7, 0x4A, 0x21, 0xD8, 0x49, 0xB2, 0x2C, 0xA2, 0x32,
    0x95, 0x9B, 0x66, 0x36, 0x7B, 0x67, 0x4E, 0x9D, 0xE7, 0xB9, 0x6F, 0x6E, 0x5F, 0xBB, 0x29, 0x94,
    0x66, 0xBF, 0xFD, 0xC6, 0xEE, 0x3C, 0x17, 0x9F, 0x3B, 0xCF, 0x39, 0xF7, 0xDC, 0x73, 0xCE, 0x39,
    0xF7, 0xBE, 0xBA, 0x09, 0xC8, 0x10, 0xA4, 0x0E, 0xC4, 0x32, 0x62, 0xBE, 0x03, 0x52, 0xF9, 0xD5,
    0xC8, 0x03, 0x1E, 0x30, 0x07, 0x3A, 0x5D, 0x81, 0x75, 0xC4, 0x36, 0xE2, 0x48, 0xCC, 0x0E, 0x62,
    0x11, 0x46, 0x60, 0xE5, 0x47, 0x4F, 0xDF, 0x0D, 0xB4, 0xC5, 0x01, 0x91, 0x7E, 0x20, 0xAA, 0x00,
    0x73, 0xC4, 0x0E, 0xB0, 0x6A, 0x03, 0xFE, 0x9C, 0x58, 0x2F, 0x40, 0xC4, 0x4E, 0xC3, 0x11, 0xC8,
    0x9A, 0x65, 0x67, 0x46, 0xDD, 0xEC, 0xB0, 0x31, 0x46, 0xA2, 0x05, 0x88, 0xB4, 0xB8, 0x3E, 0x60,
    0x4E, 0x66, 0x27, 0x96, 0x94, 0x9A, 0x67, 0x33, 0xCF, 0x54, 0xAA, 0x7A, 0xE3, 0xEC, 0x90, 0x14,
    0x80, 0x52, 0x20, 0x82, 0xB0, 0xCD, 0x3D, 0x50, 0xE0, 0x1D, 0x80, 0xA5, 0x80, 0xC0, 0xC3, 0xE5,
    0xD2, 0x4B, 0xBD, 0x9D, 0xAB, 0x47, 0x8F, 0xA8, 0x16, 0x15, 0x12, 0xB7, 0x49, 0x6C, 0x4B, 0xD6,
    0xD3, 0xA5, 0xD2, 0xCB, 0x5E, 0x90, 0xB0, 0xBE, 0xB4, 0x80, 0xB0, 0xEA, 0x44, 0x39, 0x69, 0x37,
    0xCD, 0x0F, 0x55, 0x10, 0xAF, 0xB3, 0xED, 0x52, 0xD9, 0x4B, 0x35, 0xB3, 0xB9, 0xD0, 0xAC, 0x0D,
    0xBD, 0xF1, 0xDA, 0x12, 0x17, 0x62, 0x3D, 0xA4, 0x0D, 0x74, 0xB9, 0xF6, 0xD1, 0x0C, 0x90, 0x67,
    0x9F, 0x25, 0xBE, 0xF5, 0x34, 0x71, 0xF9, 0x56, 0xC4, 0xEF, 0x10, 0x5F, 0xFB, 0x31, 0xB1, 0x9E,
    0x2F, 0x95, 0x7E, 0x4A, 0xC5, 0x13, 0xF7, 0x12, 0x1E, 0x28, 0x20, 0x8F, 0x63, 0x0A, 0x8B, 0xF1,
    0x44, 0x81, 0x3F, 0x51, 0x64, 0x6B, 0x10, 0xBA, 0x39, 0x10, 0x66, 0x21, 0x81, 0x11, 0xAD, 0x3B,
    0x0A, 0x0D, 0x61, 0xA2, 0x3A, 0x47, 0x08, 0x4A, 0xA1, 0xF1, 0x4D, 0x3C, 0x47, 0x16, 0x15, 0xC7,
    0x9C, 0x09, 0x63, 0x08, 0x8E, 0xC6, 0xD2, 0x40, 0x5D, 0x61, 0x8C, 0x29, 0x47, 0x12, 0x25, 0x33,
    0xFE, 0x01, 0x19, 0xE3, 0x0F, 0x12, 0x49, 0x8C, 0x20, 0xB8, 0x51, 0xC3, 0xB3, 0x0B, 0xF3, 0x0C,
    0x7C, 0x49, 0x04, 0x34, 0x67, 0xEA, 0xCA, 0xA8, 0xF5, 0x13, 0xF3, 0x1A, 0xF5, 0xD0, 0x13, 0x72,
    0x1B, 0xE5, 0x54, 0x57, 0x75, 0xE6, 0x67, 0x4D, 0x95, 0x8A, 0x5E, 0x1A, 0xF3, 0x42, 0x56, 0xF6,
    0xA9, 0x37, 0xC7, 0x0E, 0x27, 0x7B, 0x9C, 0xD7, 0xF4, 0x63, 0x4F, 0x62, 0x1E, 0xEB, 0x85, 0x26,
    0x19, 0xA0, 0xD6, 0xCF, 0xA4, 0xB1, 0x59, 0x3A, 0x71, 0x6B, 0xA6, 0x9B, 0x71, 0x80, 0x59, 0x55,
    0x73, 0xA9, 0x93, 0x81, 0xA3, 0x2C, 0xF5, 0x59, 0xFF, 0x0B, 0xE4, 0xC1, 0xFB, 0x3F, 0xC3, 0x93,
    0xFC, 0xCB, 0xB7, 0xD1, 0x7E, 0xCD, 0x50, 0x4A, 0x98, 0xC0, 0x4E, 0x67, 0x71, 0x96, 0x9A, 0xDF,
    0xB5, 0x8F, 0x17, 0x71, 0xB1, 0xE3, 0x7A, 0xD6, 0x54, 0x65, 0xF6, 0xA6, 0xFE, 0x1A, 0xDA, 0xA7,
    0x18, 0xCF, 0x13, 0x94, 0x0B, 0x7B, 0xB2, 0x81, 0x05, 0x50, 0x02, 0x9E, 0x72, 0x13, 0x18, 0x46,
    0xBE, 0x27, 0x3D, 0xB8, 0x9D, 0x58, 0x1E, 0xC4, 0x5C, 0x01, 0x50, 0x2A, 0x89, 0x76, 0x44, 0xF7,
    0x20, 0x5F, 0x94, 0x2B, 0xC9, 0x15, 0xC0, 0x59, 0xB2, 0x31, 0xB1, 0x04, 0xC2, 0xDA, 0x26, 0x68,
    0x04, 0x56, 0x77, 0xB2, 0x38, 0x5A, 0x1B, 0x96, 0x93, 0xC4, 0x3D, 0x80, 0x16, 0x86, 0xB4, 0x10,
    0x48, 0x6B, 0x8A, 0x68, 0x2C, 0x23, 0x56, 0x3A, 0xA4, 0xB6, 0x23, 0xD5, 0x9F, 0xF4, 0x0F, 0xED,
    0x26, 0xFC, 0xFF, 0x21, 0x59, 0x8D, 0xAE, 0xB0, 0x98, 0x64, 0x2D, 0xD1, 0x52, 0xA2, 0x95, 0x68,
    0xB2, 0x10, 0xCC, 0x7D, 0x36, 0x57, 0xBF, 0x10, 0xA9, 0x40, 0x18, 0x26, 0xBD, 0xF8, 0xE5, 0xD2,
    0x4B, 0xB9, 0x9F, 0x4D, 0x8D, 0xBD, 0x01, 0x86, 0x3D, 0xBB, 0xC3, 0x5B, 0x0D, 0xAC, 0xE7, 0x6A,
    0xB9, 0x4C, 0x7A, 0x29, 0x7C, 0xC1, 0xA8, 0x11, 0x5C, 0x38, 0xC3, 0xCD, 0xB1, 0x5F, 0xB1, 0x24,
    0x7D, 0x5C, 0x22, 0xBD, 0x20, 0x93, 0x69, 0x3C, 0x14, 0x61, 0x3C, 0x30, 0x5F, 0x48, 0x1E, 0x2B,
    0xC9, 0x7F, 0x18, 0xB9, 0x60, 0x92, 0xBF, 0x01, 0x1E, 0x20, 0x41, 0x81, 0x49, 0x03, 0x51, 0x17,
    0x21, 0x59, 0x57, 0x4A, 0x48, 0xF1, 0x0A, 0x9D, 0xED, 0x35, 0xC5, 0x93, 0x09, 0xA7, 0x1D, 0xE4,
    0x79, 0xF0, 0x24, 0xD0, 0x93, 0x72, 0x12, 0xE3, 0xED, 0x41, 0x7A, 0x10, 0xAA, 0x07, 0x7D, 0x3D,
    0xA8, 0x71, 0x01, 0xA9, 0x8E, 0xF1, 0x9D, 0x1D, 0xB4, 0xE4, 0x0B, 0xCF, 0x69, 0x93, 0x37, 0x88,
    0xE3, 0xA3, 0x49, 0x7F, 0xED, 0x9E, 0x74, 0x08, 0xF6, 0xA0, 0x8F, 0x4F, 0x53, 0x00, 0x4A, 0x40,
    0x11, 0x28, 0x03, 0x85, 0xA0, 0x14, 0x14, 0xE3, 0xAB, 0xA7, 0xE4, 0x9A, 0x6B, 0x9A, 0x12, 0xE2,
    0x50, 0x9E, 0x24, 0x50, 0xB3, 0xF2, 0x6F, 0xF1, 0x31, 0x14, 0xED, 0x5F, 0xD8, 0x1C, 0xCD, 0x3C,
    0xB2, 0x9E, 0xEF, 0x2E, 0x9A, 0x44, 0xF5, 0x54, 0x4F, 0x48, 0x92, 0x17, 0xF3, 0xC9, 0xBD, 0xBD,
    0xE7, 0x7E, 0xB6, 0xB6, 0x58, 0x93, 0x64, 0xB9, 0x38, 0x12, 0x81, 0xA1, 0xDE, 0x3D, 0x6D, 0x52,
    0x74, 0x2A, 0x62, 0xF7, 0xDF, 0x61, 0xD7, 0x62, 0xF2, 0x5E, 0x4D, 0xE6, 0x83, 0x67, 0x4F, 0x6D,
    0x40, 0x7F, 0x04, 0x9B, 0xDF, 0x70, 0xDC, 0x88, 0xEA, 0x89, 0xFC, 0x4F, 0xDE, 0xCC, 0x7B, 0xBC,
    0xA1, 0xCD, 0x9E, 0xD9, 0x3F, 0xD5, 0x05, 0x7D, 0x17, 0xED, 0x20, 0x15, 0xDB, 0xD3, 0x13, 0x64,
    0x70, 0x3A, 0xD1, 0xD7, 0x68, 0x07, 0x09, 0xFA, 0x43, 0x0C, 0x33, 0x0D, 0x50, 0x4F, 0x85, 0x4F,
    0xF8, 0x6C, 0x34, 0x1A, 0x0A, 0x7A, 0xDC, 0xFC, 0x5B, 0xDC, 0xFC, 0x03, 0xD8, 0x33, 0x35, 0x41,
    0xEB, 0xD6, 0x4D, 0x31, 0xCD, 0x88, 0xB5, 0x4C, 0xAB, 0x5F, 0xC6, 0x8D, 0x83, 0x83, 0xB7, 0x9B,
    0xC0, 0xC1, 0x56, 0x2E, 0x0F, 0x76, 0x8E, 0x6C, 0xE6, 0x6C, 0xA6, 0xA0, 0x15, 0xBD, 0xD2, 0xCC,
    0x06, 0xD7, 0x0E, 0xA8, 0x06, 0xBD, 0x32, 0x23, 0xEC, 0x79, 0xF8, 0xD0, 0x8E, 0x1B, 0xBB, 0x42,
    0x6D, 0x1B, 0xD8, 0x14, 0xEF, 0xDB, 0x20, 0x98, 0xFA, 0x9D, 0x66, 0x67, 0xB8, 0xDE, 0xEB, 0x43,
    0x8C, 0x58, 0x16, 0x9C, 0x4A, 0x3D, 0xA1, 0x2D, 0xAC, 0xF0, 0xAB, 0x85, 0xAF, 0x14, 0x7B, 0xA2,
    0x58, 0x4B, 0xED, 0x5A, 0x36, 0x22, 0x75, 0xB8, 0x09, 0x0F, 0x5E, 0xE8, 0x84, 0x65, 0x99, 0x72,
    0x9D, 0xD8, 0xF6, 0xCA, 0xF5, 0x2F, 0xF8, 0xF8, 0x90, 0xE9, 0x87, 0x1B, 0x1D, 0x84, 0x7E, 0x84,
    0x8F, 0x8B, 0xE8, 0xA7, 0xF8, 0xB8, 0xC8, 0x78, 0x6F, 0x61, 0x4E, 0xDB, 0xC3, 0x84, 0x02, 0xCF,
    0x30, 0xE4, 0xEA, 0x1E, 0x07, 0xBD, 0x2E, 0xD2, 0xD0, 0x1E, 0x16, 0xA9, 0x69, 0xE4, 0x70, 0x9C,
    0x09, 0xDC, 0x06, 0xA0, 0xFB, 0x84, 0xC0, 0xE8, 0x6C, 0xCB, 0xF9, 0x93, 0xCE, 0x32, 0x6B, 0x1A,
    0x10, 0x56, 0x04, 0xCE, 0x1E, 0x9F, 0xB8, 0x5D, 0xAA, 0xC7, 0x8A, 0x8E, 0x41, 0x14, 0x79, 0x35,
    0x72, 0xD9, 0x66, 0x2F, 0x15, 0xD5, 0x87, 0xD3, 0x81, 0x20, 0x06, 0xCD, 0x01, 0x68, 0x77, 0x18,
    0x76, 0x0B, 0x39, 0x77, 0x40, 0x1B, 0x00, 0x7D, 0xA0, 0x4B, 0xDE, 0x00, 0x38, 0x0D, 0x93, 0x9C,
    0x50, 0xEA, 0xD4, 0xEE, 0x46, 0x63, 0xA8, 0xD5, 0x04, 0xB4, 0x94, 0xB6, 0xD4, 0x10, 0x4D, 0x3C,
    0x1E, 0xA0, 0xF3, 0x84, 0x38, 0x9D, 0xEB, 0x25, 0xF7, 0x2B, 0xBA, 0x40, 0x5C, 0x65, 0x86, 0xB5,
    0x01, 0xEA, 0x19, 0xD0, 0x3E, 0x5A, 0x42, 0xA7, 0x35, 0x56, 0x4F, 0x99, 0x83, 0x44, 0x27, 0x0D,
    0x2F, 0xAD, 0xB1, 0xED, 0xFA, 0x88, 0x09, 0x9D, 0x6F, 0x25, 0x6E, 0x7B, 0x1C, 0x6E, 0xA2, 0x10,
    0x43, 0xF2, 0x0D, 0x37, 0x6B, 0xC8, 0xFE, 0xFB, 0xDC, 0x3F, 0x4A, 0x42, 0xA7, 0x86, 0x0E, 0xC3,
    0x95, 0x8C, 0xF3, 0x08, 0x98, 0xC6, 0x09, 0x9E, 0x23, 0x45, 0xE2, 0x47, 0x48, 0x68, 0x9C, 0x6D,
    0xDF, 0x94, 0xCA, 0xCE, 0xCD, 0x9A, 0x45, 0xDA, 0xC9, 0xE2, 0xCC, 0x9D, 0x43, 0x10, 0x49, 0x18,
    0x4D, 0x0B, 0x50, 0x53, 0xC4, 0xBD, 0x4E, 0x72, 0xED, 0x27, 0x4B, 0x9E, 0x17, 0x69, 0x97, 0xCA,
    0x4B, 0xDD, 0x15, 0xAB, 0x3C, 0x26, 0xD9, 0x70, 0xA6, 0x8D, 0x62, 0x8F, 0xFA, 0x70, 0x3E, 0x6A,
    0xC4, 0x54, 0x09, 0x9D, 0x30, 0x5E, 0xDE, 0xB6, 0xCB, 0x31, 0x20, 0xC9, 0x0C, 0x19, 0xE1, 0x6B,
    0x87, 0x28, 0x92, 0xEB, 0x21, 0x88, 0xA3, 0x95, 0x82, 0xC7, 0x24, 0xED, 0x2D, 0x65, 0x34, 0x57,
    0xA7, 0xA0, 0x52, 0x6E, 0x4E, 0x11, 0xCD, 0x9B, 0xC5, 0x88, 0xB5, 0xBB, 0xB1, 0x3F, 0xA0, 0xDC,
    0x1D, 0xE1, 0xBD, 0x0D, 0x68, 0xF7, 0xD8, 0xA0, 0x9F, 0xF0, 0x89, 0x76, 0x3F, 0xB0, 0x85, 0x11,
    0xA8, 0x90, 0x37, 0xB4, 0x3A, 0x23, 0xBC, 0xC2, 0xA5, 0x3B, 0x93, 0xD4, 0x51, 0x6F, 0xA6, 0xA3,
    0xE5, 0xEA, 0xA9, 0x39, 0xC4, 0x83, 0xBD, 0x23, 0x06, 0xCF, 0x2A, 0xD4, 0xD4, 0x5F, 0xB3, 0x26,
    0x07, 0xD1, 0xAF, 0xC4, 0x36, 0x62, 0xED, 0x89, 0xE5, 0x26, 0x29, 0x1E, 0x60, 0xCB, 0xC8, 0xFD,
    0x4F, 0xC9, 0x33, 0x44, 0x5F, 0xF1, 0x18, 0x71, 0xCD, 0xF4, 0xE8, 0xE4, 0x1A, 0x64, 0xC0, 0x71,
    0x3D, 0xD8, 0x17, 0x9E, 0x79, 0x4F, 0x11, 0xB3, 0x87, 0x72, 0xA1, 0x0C, 0x6E, 0x66, 0x16, 0xE1,
    0xA6, 0x28, 0x8A, 0xE1, 0xC4, 0xA3, 0x29, 0xC3, 0x96, 0x7A, 0x23, 0xDA, 0xD6, 0x8D, 0x2B, 0xB9,
    0xC7, 0x5C, 0x08, 0x8A, 0x01, 0x41, 0x7E, 0xCE, 0xC7, 0xCF, 0xAD, 0xC4, 0x6A, 0x21, 0x3A, 0x4B,
    0x6A, 0xD0, 0x04, 0x83, 0xDA, 0xAE, 0xD2, 0x22, 0x68, 0xEF, 0xB1, 0x2D, 0x23, 0x19, 0x14, 0x84,
    0x6E, 0xCD, 0x6D, 0x83, 0xF3, 0x03, 0x88, 0x19, 0x58, 0xA8, 0xA4, 0x70, 0x09, 0xF7, 0x49, 0xBC,
    0x79, 0xA9, 0xF4, 0x92, 0x0C, 0x45, 0x89, 0x85, 0x6E, 0x40, 0xF7, 0x79, 0x00, 0xB6, 0xD3, 0x01,
    0x3C, 0xA4, 0xBF, 0x54, 0x7A, 0xC1, 0xD5, 0xA7, 0xE4, 0x72, 0x45, 0x27, 0x3D, 0xC3, 0x3E, 0xE9,
    0xE3, 0x92, 0xE8, 0xE5, 0xBF, 0x6F, 0x75, 0xA1, 0x94, 0x29, 0x54, 0xBB, 0x51, 0xB5, 0x2B, 0x55,
    0xD1, 0xB5, 0xCC, 0x70, 0x41, 0xD5, 0xC8, 0x0C, 0x18, 0xCB, 0x41, 0x63, 0x2C, 0x58, 0xC2, 0xF3,
    0x80, 0xB0, 0xDD, 0xD8, 0x93, 0x6E, 0x03, 0xD5, 0x5E, 0xEF, 0xD9, 0x4E, 0x32, 0x85, 0x27, 0xBA,
    0x85, 0x8A, 0x1F, 0x07, 0xB0, 0x40, 0xC1, 0x80, 0x2A, 0x36, 0xF5, 0x38, 0x80, 0x64, 0x0B, 0xC5,
    0x02, 0x27, 0x60, 0x19, 0x31, 0xF5, 0x38, 0xBA, 0x88, 0x00, 0x2A, 0x36, 0x35, 0xB0, 0x9C, 0x72,
    0x3E, 0x60, 0x2A, 0x1C, 0x59, 0x39, 0x32, 0xEC, 0x3C, 0xA0, 0xD1, 0xAB, 0x50, 0x62, 0x9B, 0x2A,
    0x1F, 0x36, 0x6A, 0x59, 0x8D, 0x65, 0x31, 0x14, 0xF4, 0x01, 0xAB, 0xDF, 0x06, 0x70, 0x04, 0x4C,
    0x26, 0xBE, 0x31, 0xEB, 0x37, 0x10, 0x43, 0x7B, 0x1F, 0xE1, 0xA9, 0x56, 0xA9, 0x75, 0x96, 0x86,
    0x01, 0xA1, 0x4D, 0x8D, 0x15, 0xF6, 0xA6, 0xA1, 0xC9, 0x74, 0x55, 0x93, 0x05, 0x25, 0xA4, 0x80,
    0x18, 0x0A, 0xE0, 0x73, 0x15, 0xDC, 0x18, 0x65, 0x80, 0x25, 0x7B, 0x49, 0x50, 0xB5, 0xCE, 0x31,
    0xB2, 0x8C, 0xD0, 0x9E, 0xCE, 0x58, 0x74, 0xDC, 0x11, 0xEE, 0x59, 0xE8, 0x0E, 0x32, 0x4E, 0x18,
    0x74, 0x19, 0x1B, 0x21, 0x8A, 0x5E, 0x88, 0x31, 0x83, 0x63, 0xC5, 0x60, 0x14, 0x0C, 0x8E, 0x7C,
    0x8F, 0x65, 0x5E, 0x2C, 0x51, 0xEA, 0x50, 0x1E, 0x54, 0x54, 0xA8, 0xB4, 0xE3, 0xA0, 0xE4, 0x37,
    0xDB, 0x2D, 0xFA, 0xA3, 0xD6, 0x67, 0x7A, 0x60, 0x80, 0x0E, 0x3B, 0xE9, 0xD4, 0x3A, 0xD0, 0xAF,
    0x63, 0x19, 0xC1, 0x0E, 0x03, 0x9D, 0x6F, 0x90, 0x8F, 0xFE, 0x31, 0x60, 0x90, 0xE9, 0xBB, 0x41,
    0xD0, 0x09, 0xD7, 0x5F, 0x68, 0xAE, 0x58, 0xB0, 0x17, 0x55, 0x77, 0x50, 0xCE, 0x54, 0x3D, 0x06,
    0xB8, 0xC3, 0x96, 0x4E, 0xA6, 0x29, 0x41, 0x2A, 0x2A, 0xC4, 0x75, 0x2E, 0x16, 0x5A, 0x03, 0xAD,
    0xCD, 0xEE, 0xEC, 0x4C, 0x1C, 0x2C, 0x23, 0x55, 0xD9, 0x62, 0x52, 0xC8, 0xB9, 0xC6, 0x59, 0xEE,
    0xBB, 0xAA, 0x93, 0x83, 0x36, 0xD4, 0xC7, 0x49, 0x52, 0xFC, 0xE1, 0xF6, 0x44, 0x31, 0x0C, 0x90,
    0xEB, 0x84, 0x13, 0x8D, 0x57, 0xB0, 0x42, 0x05, 0x9B, 0x14, 0xBF, 0xDC, 0x61, 0x81, 0xB7, 0x50,
    0x24, 0xBE, 0xAE, 0x1B, 0xF2, 0xBA, 0xDE, 0xC3, 0x8C, 0xA0, 0x94, 0x59, 0x50, 0xB9, 0x4F, 0x19,
    0x0A, 0x77, 0x68, 0xA9, 0x3E, 0xD0, 0x90, 0x68, 0x76, 0x71, 0xAC, 0xDA, 0xBF, 0xAB, 0xD8, 0x5D,
    0xDF, 0x53, 0xD4, 0x53, 0x9F, 0xEE, 0x06, 0xC5, 0x7B, 0xA1, 0x94, 0x7E, 0xAB, 0x5F, 0x0E, 0xAF,
    0x76, 0x2D, 0x2E, 0x0D, 0x5A, 0xA6, 0xD2, 0xC0, 0xEE, 0x96, 0x56, 0x07, 0xC9, 0x0F, 0xA9, 0x6F,
    0x9F, 0xCB, 0xA4, 0xA0, 0x5F, 0xC6, 0xFD, 0x11, 0x63, 0xC7, 0x02, 0xA0, 0x6A, 0xB2, 0x70, 0x91,
    0x24, 0xC2, 0xEA, 0x24, 0x47, 0xE1, 0x94, 0x3D, 0xBD, 0x5B, 0xAB, 0x01, 0x9D, 0x4E, 0xB1, 0xE1,
    0x82, 0x4C, 0x76, 0x5D, 0x6E, 0x5C, 0x08, 0x89, 0xDC, 0xDC, 0x70, 0x4B, 0xF5, 0x02, 0x86, 0xBB,
    0x01, 0x1D, 0x56, 0xBE, 0x8D, 0x90, 0x68, 0x85, 0x11, 0x66, 0x5D, 0x76, 0x31, 0xD6, 0xE8, 0x10,
    0x3A, 0xDD, 0x9C, 0xED, 0xEA, 0x22, 0x02, 0xF6, 0x77, 0x40, 0x80, 0x48, 0xCF, 0x05, 0xB1, 0xBA,
    0x03, 0x50, 0xBE, 0x38, 0x80, 0x68, 0x36, 0x19, 0x7C, 0x23, 0x42, 0x0E, 0xA8, 0x8A, 0xCE, 0x20,
    0x8F, 0x11, 0xE9, 0xF1, 0x87, 0x58, 0x30, 0x50, 0xCA, 0x6E, 0x54, 0x3B, 0x49, 0x6D, 0xA3, 0x0E,
    0x46, 0xEB, 0xCF, 0xFF, 0x54, 0x9D, 0x8C, 0x98, 0xDE, 0x9B, 0x75, 0x01, 0xB5, 0x43, 0xFA, 0x05,
    0xE4, 0x82, 0xB4, 0x0B, 0xE8, 0x79, 0xE9, 0x17, 0x10, 0x5C, 0x45, 0x27, 0x52, 0xBC, 0xA6, 0x13,
    0x48, 0xBE, 0xAF, 0x07, 0x69, 0x5A, 0x56, 0xD5, 0x04, 0xBB, 0x17, 0xCF, 0xD4, 0xE0, 0x19, 0x9D,
    0x04, 0x64, 0x7F, 0xA2, 0x93, 0x5C, 0x31, 0xBA, 0xFF, 0xD0, 0x49, 0xBE, 0x6D, 0x84, 0xFF, 0xA0,
    0xB3, 0xFC, 0x4C, 0xFA, 0x50, 0x77, 0xEA, 0xAF, 0x7A, 0xDC, 0xF2, 0xD5, 0xD8, 0x2A, 0x64, 0x83,
    0xD5, 0xA1, 0x9F, 0x76, 0x50, 0xB1, 0xD1, 0x9B, 0xBD, 0x8A, 0xE2, 0x0F, 0x01, 0xD6, 0x68, 0x2C,
    0xBD, 0xCF, 0x75, 0xA8, 0x7D, 0x79, 0x88, 0x5B, 0x5D, 0x90, 0x62, 0xAA, 0x03, 0x42, 0x53, 0x7C,
    0xC5, 0xAB, 0x63, 0xFF, 0xFE, 0x2A, 0x3A, 0xBB, 0x4D, 0x69, 0xD2, 0x34, 0xD2, 0xEF, 0x59, 0xE0,
    0x2D, 0xCD, 0x5A, 0xA1, 0x76, 0xA4, 0x01, 0xFE, 0xF4, 0x83, 0x91, 0xE7, 0x68, 0xD1, 0x8C, 0xA6,
    0xBC, 0xC4, 0x86, 0x76, 0x23, 0x9A, 0x8F, 0xDF, 0xEF, 0x07, 0xF6, 0x57, 0xE5, 0x9B, 0xE9, 0x26,
    0x3A, 0xEC, 0x9D, 0xC1, 0x84, 0x6D, 0x01, 0xFC, 0x35, 0x02, 0xF2, 0x92, 0x3C, 0xED, 0xFD, 0x72,
    0xF8, 0x16, 0x72, 0x6C, 0xA5, 0xDA, 0x89, 0x53, 0x90, 0x7A, 0x6B, 0x82, 0xF4, 0x6B, 0xEB, 0x4B,
    0x5D, 0xDB, 0x2F, 0x54, 0xBB, 0x5E, 0x8F, 0x37, 0x04, 0x97, 0xFE, 0x21, 0x87, 0x15, 0xEC, 0x26,
    0x47, 0x39, 0x8C, 0x5E, 0x6A, 0x93, 0xE3, 0xED, 0x07, 0xCA, 0x91, 0x88, 0x81, 0x7C, 0xA5, 0xE9,
    0xF0, 0xB8, 0x85, 0x3E, 0x15, 0x26, 0xBE, 0xE1, 0x0D, 0x72, 0x89, 0x1E, 0xF9, 0x91, 0x20, 0x18,
    0x0A, 0x28, 0x0A, 0x38, 0x0A, 0x48, 0x0A, 0x58, 0x0A, 0x68, 0x0A, 0x78, 0x0A, 0x88, 0x92, 0x29,
    0xA9, 0x92, 0xAB, 0x80, 0xAC, 0x80, 0x2D, 0xE9, 0x92, 0x2F, 0x09, 0x93, 0xF1, 0x39, 0x65, 0xDC,
    0x4A, 0x63, 0x17, 0xC4, 0x68, 0xF4, 0xB7, 0xAC, 0x47, 0x51, 0xAE, 0x52, 0x6E, 0xF9, 0x26, 0x57,
    0x3A, 0xB9, 0xF1, 0xB5, 0x68, 0x32, 0xDB, 0x65, 0x3F, 0x79, 0xB4, 0x92, 0xEF, 0xC3, 0xDE, 0x45,
    0x40, 0xE4, 0x49, 0xCF, 0x43, 0xA3, 0x49, 0xC7, 0x8B, 0xF7, 0x2C, 0xAE, 0x15, 0xAD, 0x2A, 0x5E,
    0xED, 0xBB, 0x12, 0x25, 0x1A, 0x07, 0x68, 0x78, 0xD4, 0xB9, 0x50, 0x9D, 0xEA, 0x3B, 0x3A, 0xFD,
    0xA0, 0xD4, 0xEE, 0x09, 0xA7, 0xB8, 0xE7, 0x6E, 0x6E, 0x87, 0xAD, 0x92, 0x0D, 0x34, 0x40, 0x02,
    0xF5, 0x01, 0x6A, 0xA0, 0x5F, 0x95, 0xFA, 0xA3, 0xC5, 0xA9, 0x0E, 0x4E, 0x77, 0x6C, 0xD8, 0xEA,
    0xAE, 0xA4, 0xC7, 0x69, 0x2A, 0x4B, 0x62, 0xA2, 0x8A, 0x74, 0x2E, 0xA4, 0xB4, 0x0A, 0x2C, 0x12,
    0x93, 0xB8, 0xDA, 0xC6, 0xC6, 0x28, 0x63, 0xF9, 0xEF, 0xD8, 0xDB, 0x38, 0x89, 0x80, 0x15, 0x79,
    0x91, 0x19, 0x67, 0x27, 0xBB, 0xA4, 0xA6, 0x53, 0x59, 0x01, 0x96, 0x02, 0x9E, 0x22, 0xC6, 0xF4,
    0x74, 0x6B, 0xCD, 0xD8, 0xC6, 0x14, 0xE2, 0x9C, 0x31, 0x1C, 0x63, 0x73, 0xEA, 0x66, 0x65, 0xDA,
    0x0F, 0x52, 0x6E, 0xCD, 0x24, 0xF5, 0xEC, 0x66, 0x79, 0xD2, 0xD4, 0x7F, 0xA2, 0x0A, 0xA6, 0x20,
    0x0A, 0x9E, 0xA0, 0x09, 0x96, 0x20, 0x09, 0x8E, 0xA0, 0x08, 0x86, 0x20, 0x98, 0x2C, 0x0E, 0xEC,
    0x40, 0x0E, 0xDC, 0x40, 0x0D, 0xCC, 0x40, 0xCC, 0x78, 0x9D, 0xD1, 0x2A, 0xD7, 0xD2, 0x9F, 0xAC,
    0xB9, 0x0E, 0x52, 0xFB, 0x7A, 0x13, 0xB7, 0xB8, 0x35, 0xD1, 0xFE, 0x1F, 0xB3, 0xFA, 0x3F, 0xAE,
    0xAE, 0x97, 0xA7, 0xED, 0x7B, 0xAF, 0x1F, 0x30, 0x3B, 0x0F, 0xCD, 0x4D, 0x2C, 0xDD, 0x30, 0x5E,
    0xC4, 0x34, 0xE8, 0xAD, 0xE0, 0x45, 0xFA, 0x39, 0xE0, 0x2D, 0x25, 0xDC, 0xF9, 0x4B, 0x6A, 0x7F,
    0x72, 0x47, 0x8D, 0xEC, 0x3D, 0x95, 0x5C, 0x7D, 0xA3, 0x16, 0xE7, 0x9C, 0x0A, 0xFF, 0xD5, 0xBB,
    0xBD, 0xDB, 0x80, 0xF7, 0x66, 0xCC, 0x7B, 0x2F, 0xF5, 0x6E, 0x74, 0x9B, 0x60, 0xEF, 0x36, 0x18,
    0xEB, 0xDE, 0xDB, 0x18, 0xE1, 0x33, 0xD7, 0xD9, 0x42, 0x20, 0xEB, 0xAE, 0x03, 0x3B, 0x62, 0xE3,
    0xE6, 0xB3, 0x8D, 0x98, 0xF4, 0xC9, 0xB3, 0x60, 0x74, 0xDB, 0xF4, 0x03, 0x24, 0x5B, 0x64, 0x5F,
    0xB0, 0x76, 0xAC, 0x3E, 0xD4, 0x19, 0x4E, 0x7E, 0xEC, 0x60, 0xA0, 0x94, 0x96, 0xBB, 0x39, 0xC8,
    0xAB, 0x8B, 0x35, 0xF9, 0xAD, 0x06, 0x72, 0xEA, 0x4D, 0x31, 0x8D, 0xAE, 0xAD, 0x45, 0xDB, 0x37,
    0x57, 0xD5, 0x5D, 0x5E, 0x6B, 0x3E, 0xF0, 0xCD, 0x2E, 0x6F, 0xB4, 0x7F, 0x9D, 0x9A, 0x20, 0x5D,
    0xFB, 0x5E, 0x87, 0x73, 0xB8, 0x3F, 0x71, 0xFF, 0xFC, 0x96, 0x5B, 0xE8, 0xA7, 0xA2, 0x06, 0x6F,
    0x65, 0x3A, 0x9B, 0xD2, 0x4D, 0xE5, 0xB9, 0xCE, 0x05, 0xB7, 0x54, 0xA9, 0x1D, 0xF5, 0x90, 0x0D,
    0x95, 0x76, 0xEE, 0xA8, 0x27, 0xA7, 0x28, 0xD6, 0xDC, 0x81, 0xD8, 0x58, 0xEF, 0xE8, 0x4D, 0x36,
    0x70, 0x1B, 0xA7, 0x27, 0x16, 0x59, 0xA7, 0x0C, 0x1F, 0xB6, 0x51, 0x62, 0x1F, 0xF8, 0xF3, 0xB8,
    0x73, 0x17, 0x0A, 0x99, 0xA4, 0x85, 0xB7, 0x54, 0x93, 0xC4, 0x5B, 0x91, 0x37, 0xB9, 0xC3, 0xD9,
    0x27, 0x90, 0x65, 0x98, 0xD2, 0x0F, 0xE8, 0x1C, 0x2A, 0x87, 0xC6, 0x4D, 0xE1, 0xF6, 0xEA, 0x37,
    0xA8, 0xBB, 0x5F, 0x73, 0x5D, 0xDA, 0xAD, 0xD6, 0xA9, 0x55, 0xE3, 0xA6, 0x6C, 0x25, 0x2F, 0xE7,
    0x8A, 0x36, 0x41, 0x68, 0x75, 0x08, 0xC8, 0xA9, 0xB6, 0x3A, 0xD2, 0x6F, 0x34, 0xB9, 0xA7, 0x12,
    0x3D, 0xF2, 0x23, 0x41, 0x30, 0x14, 0x50, 0x14, 0x70, 0x14, 0x90, 0x14, 0xB0, 0x14, 0xD0, 0xFC,
    0x4A, 0xDB, 0x00, 0xD7, 0x68, 0x1B, 0x60, 0x2B, 0xA0, 0x2B, 0xE0, 0x4B, 0xC2, 0x91, 0xF1, 0x39,
    0xE5, 0x71, 0x66, 0xA3, 0x39, 0xFE, 0x4A, 0xE2, 0x9E, 0xAD, 0xDB, 0xCF, 0x83, 0xE4, 0xBB, 0xEC,
    0x16, 0x23, 0x9F, 0xF8, 0x7A, 0x34, 0x59, 0xAD, 0x6E, 0xB0, 0x2A, 0xBC, 0xED, 0xA0, 0x9A, 0x2F,
    0xCB, 0x85, 0xBD, 0x0F, 0xB6, 0xC8, 0x58, 0xF0, 0xEB, 0xD9, 0x43, 0xA6, 0x49, 0xE9, 0xCD, 0x87,
    0x0E, 0x30, 0xEF, 0xD7, 0xF1, 0x7E, 0x41, 0x07, 0x16, 0x09, 0xE9, 0x79, 0x58, 0x38, 0x37, 0x1D,
    0xF7, 0x51, 0xAC, 0x33, 0x61, 0xB8, 0xEF, 0xDC, 0xC7, 0xB1, 0x51, 0x55, 0x4C, 0x42, 0x1F, 0xD3,
    0xDB, 0x9E, 0x4F, 0x4F, 0x9A, 0x44, 0xD2, 0x24, 0x37, 0xA3, 0x73, 0xF6, 0xD9, 0x75, 0xF8, 0xA4,
    0x97, 0xE1, 0xA0, 0x15, 0xA7, 0x25, 0xFC, 0x5D, 0x9C, 0xCE, 0x3D, 0x02, 0xB8, 0x49, 0x83, 0xE3,
    0x0A, 0x34, 0x0A, 0xD1, 0x29, 0x1B, 0x7D, 0x65, 0xA0, 0x6B, 0xDB, 0x00, 0x42, 0x6B, 0xF0, 0xD1,
    0xDA, 0x5A, 0x6F, 0xEA, 0x13, 0x4B, 0x5A, 0x32, 0x3D, 0xE8, 0x4E, 0x36, 0xDE, 0x18, 0x58, 0xE0,
    0x7E, 0x47, 0xDF, 0x20, 0x80, 0xC5, 0xEB, 0x13, 0xF0, 0x84, 0xEE, 0x7D, 0xEA, 0xB6, 0x1B, 0xCF,
    0x7C, 0x61, 0x75, 0x00, 0x4A, 0x25, 0x4F, 0x42, 0x6C, 0x11, 0xF0, 0xAE, 0x29, 0x33, 0xDE, 0xB4,
    0x57, 0x39, 0x7E, 0x45, 0xF2, 0xDF, 0x98, 0x42, 0x06, 0xFC, 0x9A, 0x12, 0x95, 0x40, 0xA9, 0x3A,
    0xD4, 0x87, 0xD4, 0xEF, 0xAB, 0x2D, 0xD2, 0xF3, 0x5C, 0xA5, 0xC7, 0xDD, 0x61, 0x80, 0xB5, 0xF1,
    0x26, 0x18, 0xE8, 0xF6, 0x3E, 0x33, 0x18, 0x57, 0xB2, 0x5E, 0x8B, 0xD1, 0x7C, 0xE1, 0x5C, 0xF5,
    0x66, 0x26, 0xD3, 0x53, 0xE3, 0x60, 0xBE, 0xF0, 0x39, 0xFE, 0x02, 0xEF, 0x33, 0xCD, 0xE7, 0x52,
    0x3F, 0xFE, 0x50, 0x9B, 0xA9, 0x50, 0x7D, 0x57, 0xD5, 0x24, 0x32, 0x17, 0x9C, 0x2B, 0xDB, 0x52,
    0xFD, 0x9C, 0x9F, 0xBB, 0xF7, 0xD8, 0xB5, 0xAA, 0xF7, 0xB3, 0x23, 0xDA, 0x78, 0x6F, 0x36, 0xB5,
    0x73, 0x2E, 0x8E, 0x44, 0xC5, 0xD9, 0xCF, 0xE1, 0x5B, 0x8A, 0xA2, 0x70, 0xA6, 0x45, 0x70, 0x88,
    0x57, 0x0B, 0x1C, 0xFE, 0x95, 0x2E, 0xBB, 0x7E, 0x11, 0x24, 0x2A, 0xB6, 0x7C, 0x43, 0x5F, 0xAA,
    0xDA, 0x01, 0x2E, 0x42, 0x80, 0xB3, 0x2B, 0xBD, 0x9C, 0x3D, 0x17, 0x40, 0x22, 0x6C, 0xE0, 0x94,
    0x8A, 0xA2, 0x6D, 0xA3, 0x94, 0x94, 0xBD, 0x9E, 0xF3, 0x74, 0x37, 0xF7, 0x66, 0x89, 0x75, 0xB0,
    0x74, 0xA8, 0x3D, 0xEC, 0xAD, 0x2A, 0xE5, 0x9E, 0xA9, 0x76, 0x55, 0x28, 0x3E, 0xD7, 0xA1, 0x0A,
    0xE5, 0xBB, 0x3A, 0xB9, 0xAD, 0x7A, 0x41, 0x27, 0xE7, 0x9D, 0xE8, 0xEC, 0xD6, 0xC7, 0x44, 0x97,
    0x7A, 0x31, 0xFE, 0xF5, 0x64, 0xC5, 0x2D, 0xEE, 0x14, 0x7A, 0xC4, 0x04, 0xDF, 0xE3, 0x37, 0x4F,
    0xEF, 0xA0, 0x7B, 0x1B, 0x90, 0xF8, 0x43, 0xBF, 0xBA, 0xA6, 0x4C, 0x97, 0xD9, 0x19, 0x73, 0x70,
    0x52, 0x0B, 0xA7, 0x38, 0xFC, 0x0C, 0xAF, 0x67, 0x77, 0x56, 0xB1, 0xEA, 0xDF, 0x94, 0x7D, 0x28,
    0xBC, 0x97, 0x53, 0x93, 0x3D, 0x35, 0x46, 0xAE, 0xFE, 0x8E, 0x27, 0x10, 0x3E, 0xDD, 0xC7, 0x47,
    0xBA, 0x87, 0xD9, 0xE7, 0x94, 0x90, 0xA0, 0x88, 0x4B, 0xB7, 0x92, 0x8B, 0x08, 0x47, 0x66, 0x0D,
    0xD8, 0x32, 0x38, 0xFB, 0xDB, 0x2A, 0x60, 0x02, 0xE7, 0xE9, 0xA2, 0x3E, 0xC5, 0x67, 0xEB, 0xCF,
    0xE7, 0xD1, 0xD6, 0xEE, 0x13, 0x96, 0x1E, 0x7F, 0x07, 0xF4, 0x1B, 0xC0, 0xFC, 0xFB, 0xC6, 0x96,
    0xB7, 0xC7, 0x77, 0xC6, 0x15, 0x2E, 0x1B, 0x67, 0xC3, 0x43, 0x86, 0xCC, 0xB7, 0x63, 0x2E, 0x85,
    0x82, 0xB7, 0x44, 0x2A, 0x69, 0xC2, 0x8F, 0x1B, 0x3C, 0xBF, 0xCE, 0x84, 0x4E, 0x2C, 0x18, 0xDF,
    0x66, 0x2E, 0x9C, 0x56, 0x0E, 0xD3, 0xA6, 0xC3, 0x49, 0x5D, 0x00, 0x14, 0x0B, 0x56, 0xC3, 0x00,
    0x9C, 0x20, 0x85, 0x68, 0xDB, 0x80, 0x35, 0x6E, 0x8C, 0x36, 0x5B, 0x6D, 0x6F, 0x5F, 0x7B, 0xDB,
    0x98, 0xA6, 0xDA, 0xF4, 0x5C, 0x74, 0x03, 0xF8, 0x17, 0xE5, 0x9D, 0x01, 0xC4, 0x2F, 0xD7, 0x99,
    0xC6, 0xDF, 0x99, 0xE9, 0xBD, 0xB3, 0xCD, 0xD0, 0x09, 0xD2, 0x22, 0xD1, 0xCE, 0x62, 0x11, 0xDD,
    0x6E, 0xA7, 0x58, 0x36, 0x68, 0x32, 0xD3, 0x14, 0xC1, 0x22, 0x17, 0x2D, 0x28, 0x0A, 0x45, 0xB7,
    0xC5, 0x2D, 0x82, 0x2E, 0x49, 0x66, 0xD2, 0x62, 0xB1, 0xD8, 0x0F, 0x0B, 0xD4, 0x6E, 0x8B, 0x62,
    0x77, 0xD5, 0xA6, 0x58, 0x14, 0xC9, 0x9D, 0x49, 0x83, 0xA2, 0x76, 0x3B, 0x6D, 0x68, 0x11, 0x2B,
    0x93, 0xEC, 0x25, 0xBB, 0x82, 0x4C, 0x37, 0x53, 0x99, 0xDB, 0x9E, 0x99, 0x77, 0xBF, 0xF7, 0x79,
    0xCE, 0xDC, 0x99, 0xFF, 0xFD, 0xE7, 0xFB, 0xB6, 0xD9, 0x6A, 0xF6, 0xCB, 0xFD, 0xC6, 0xEE, 0x3C,
    0x67, 0x6F, 0xBE, 0xEF, 0x9C, 0x73, 0xDE, 0xDF, 0x7B, 0xCE, 0xBC, 0xE7, 0x9D, 0x33, 0xDF, 0x8A,
    0x88, 0x24, 0xAA, 0x9D, 0x69, 0xAA, 0xDA, 0x7A, 0xAD, 0xE5, 0xB7, 0xB8, 0x22, 0xED, 0xA1, 0xA9,
    0x0E, 0xD0, 0xCC, 0x6B, 0xE1, 0xB5, 0xA1, 0x06, 0x0B, 0x35, 0x72, 0x0D, 0x34, 0x19, 0x9B, 0xD1,
    0x34, 0x1D, 0xA8, 0x45, 0x5B, 0x4D, 0xA6, 0x55, 0x4D, 0x55, 0x81, 0x86, 0xB3, 0x54, 0xEE, 0x54,
    0x63, 0x27, 0x85, 0x69, 0x3A, 0x50, 0xB3, 0x9E, 0x5A, 0xA8, 0xAA, 0x69, 0x43, 0x0D, 0x54, 0x55,
    0x67, 0x6B, 0x45, 0x24, 0x9F, 0xAD, 0x95, 0x53, 0x5D, 0x44, 0xD2, 0x9E, 0x5A, 0xB4, 0x22, 0xD9,
    0xA9, 0x56, 0xA5, 0x75, 0x54, 0x02, 0x3D, 0xD5, 0x5C, 0xCB, 0x42, 0x47, 0x89, 0x55, 0x47, 0xEB,
    0x73, 0x7A, 0xAA, 0xC2, 0x0B, 0xF5, 0xCE, 0x26, 0x6C, 0x04, 0x72, 0xFE, 0x95, 0x4C, 0xF2, 0x79,
    0xFC, 0x5A, 0xB4, 0x98, 0x69, 0xF4, 0xAF, 0x67, 0x58, 0xF2, 0x15, 0x67, 0x5D, 0x7D, 0x46, 0x27,
    0x91, 0xC6, 0x49, 0x35, 0x4A, 0xA0, 0x83, 0x34, 0x83, 0x44, 0xDA, 0x89, 0xF6, 0x92, 0x68, 0x1B,
    0x68, 0x27, 0xA9, 0x4A, 0xA4, 0xAD, 0x75, 0x30, 0xD6, 0xDA, 0xFA, 0x9F, 0x6A, 0x69, 0xC3, 0xFC,
    0xA4, 0x8A, 0x14, 0x93, 0xFC, 0x99, 0x8A, 0xFD, 0xEA, 0x5B, 0xB3, 0x49, 0xF4, 0x63, 0x17, 0x4B,
    0x35, 0x65, 0x8F, 0xBB, 0xEB, 0x65, 0xA1, 0x4B, 0xA6, 0xB3, 0x14, 0x3A, 0xE5, 0x18, 0x40, 0x5F,
    0x68, 0x2D, 0xE1, 0x22, 0xD9, 0x4D, 0xC1, 0x15, 0xB7, 0xD1, 0x00, 0xED, 0xB2, 0x0E, 0x0A, 0xC4,
    0xE8, 0x9F, 0x89, 0x84, 0xEB, 0xB0, 0x9A, 0xFE, 0x32, 0x21, 0xFE, 0xB2, 0xDC, 0x63, 0xDD, 0x78,
    0x52, 0x72, 0x93, 0xE7, 0xE4, 0x29, 0x93, 0xA7, 0x03, 0x67, 0x52, 0x29, 0xBB, 0xBC, 0xCE, 0x89,
    0xD2, 0x44, 0xAE, 0x5D, 0x74, 0xD2, 0x17, 0x87, 0xD4, 0xFC, 0x7F, 0x20, 0x05, 0xAD, 0x0B, 0x1D,
    0x4D, 0x27, 0xF4, 0x39, 0x25, 0x07, 0x43, 0x84, 0xEB, 0x79, 0x4A, 0x38, 0x52, 0x93, 0x81, 0x9A,
    0x76, 0xD4, 0xAC, 0xAB, 0xA1, 0x39, 0x1C, 0x1C, 0xD5, 0x41, 0xE3, 0xE9, 0x22, 0x21, 0xEB, 0x80,
    0xCC, 0x77, 0xED, 0x69, 0x0E, 0x68, 0x82, 0x24, 0xC4, 0x97, 0xB7, 0x90, 0xAA, 0x84, 0xA8, 0x50,
    0x9E, 0xA5, 0x28, 0x84, 0x60, 0xE4, 0xFE, 0x5A, 0x78, 0x11, 0x7C, 0xC4, 0x4A, 0x93, 0x99, 0xA3,
    0xF7, 0xF0, 0x6B, 0x6F, 0xBA, 0xE3, 0xEB, 0x01, 0xBD, 0xC9, 0xA5, 0x5F, 0x3B, 0x62, 0xC3, 0x24,
    0x51, 0x1D, 0x24, 0xD3, 0x5F, 0x49, 0x3E, 0x48, 0xA5, 0xA5, 0xA4, 0x43, 0xA0, 0x93, 0x61, 0x83,
    0x77, 0x25, 0x7D, 0x6C, 0xC6, 0x4D, 0x3A, 0x4C, 0x8A, 0xA0, 0xCC, 0x94, 0x5D, 0x5E, 0x20, 0xC5,
    0x4C, 0x71, 0xFF, 0xBB, 0xCC, 0x94, 0xC5, 0x03, 0x2B, 0xC1, 0xD1, 0xFA, 0x71, 0xAF, 0x24, 0x7A,
    0x4B, 0x1E, 0x30, 0x00, 0xAA, 0xD6, 0xA4, 0x49, 0x6B, 0x30, 0xF1, 0x48, 0x0A, 0x1A, 0xFD, 0xAE,
    0x6C, 0x57, 0xAA, 0xF8, 0x7D, 0xCE, 0x5A, 0x18, 0x01, 0x55, 0x45, 0x0E, 0xDC, 0xF1, 0x0F, 0x57,
    0x50, 0x37, 0xAF, 0xEB, 0x0B, 0x17, 0xC0, 0xCE, 0xDA, 0xD4, 0xC1, 0x0C, 0x57, 0x8D, 0x12, 0x6A,
    0x9D, 0x8D, 0x12, 0x2F, 0xE6, 0xD2, 0xA9, 0x93, 0xA8, 0x95, 0xCC, 0xA1, 0x77, 0xE3, 0x76, 0xAF,
    0x60, 0xCD, 0xE6, 0xF0, 0x1E, 0x95, 0x76, 0x4F, 0x45, 0x9A, 0xD1, 0x7C, 0xB4, 0x9A, 0x03, 0x38,
    0x93, 0xD9, 0x2B, 0x53, 0x98, 0x0B, 0x7D, 0xB6, 0xFF, 0xCC, 0xAB, 0x82, 0xA7, 0x06, 0xCA, 0x05,
    0x99, 0x92, 0xBD, 0xCD, 0xD9, 0xF6, 0x0D, 0x6B, 0x33, 0x98, 0xE5, 0xC6, 0x5D, 0x08, 0x2A, 0xB0,
    0xFF, 0x80, 0x0E, 0x65, 0xF6, 0x93, 0xC5, 0x2B, 0x66, 0xFA, 0x78, 0x94, 0x68, 0x0A, 0x27, 0xB9,
    0x72, 0x4D, 0x3E, 0xB7, 0xF1, 0x01, 0x1E, 0xD0, 0x01, 0x1C, 0xB0, 0x01, 0x1A, 0x90, 0xC9, 0x1C,
    0x89, 0xF0, 0x46, 0x2A, 0xCD, 0xFE, 0x16, 0x95, 0x20, 0x02, 0x20, 0xE0, 0x01, 0x1C, 0xA0, 0x41,
    0x18, 0x64, 0xC1, 0xE9, 0x85, 0x8E, 0x99, 0x84, 0x07, 0x02, 0x04, 0x77, 0x21, 0x03, 0x11, 0xAC,
    0x5E, 0x92, 0xE0, 0x66, 0xD5, 0x44, 0xAC, 0x99, 0xD7, 0x7B, 0xCE, 0xA0, 0xE0, 0x52, 0x97, 0xB7,
    0x8A, 0x01, 0xBD, 0xEE, 0x4C, 0x92, 0x75, 0x72, 0xF8, 0x20, 0xE5, 0x6E, 0x44, 0x21, 0x33, 0xDC,
    0xAF, 0x0A, 0xAD, 0xB6, 0xE2, 0x27, 0xA3, 0x55, 0x85, 0x58, 0x23, 0x43, 0x85, 0xE9, 0x0C, 0x5E,
    0x9F, 0xBB, 0x38, 0xEB, 0xD6, 0x2C, 0x0D, 0xB4, 0xC2, 0xC2, 0xCA, 0x09, 0xBC, 0x7F, 0xD2, 0xA6,
    0x1E, 0x53, 0xE2, 0xE4, 0xF8, 0x0A, 0x55, 0xF5, 0x96, 0x88, 0x37, 0xCC, 0x16, 0x21, 0xC0, 0x34,
    0x5A, 0x82, 0x42, 0xA5, 0x2D, 0x8C, 0x9B, 0x68, 0x07, 0x5B, 0x87, 0x36, 0xC8, 0xCA, 0x71, 0xA9,
    0x6C, 0x26, 0x11, 0x53, 0xFF, 0xBF, 0x81, 0xD7, 0x10, 0x56, 0xE6, 0x93, 0x3A, 0x80, 0xB6, 0xA6,
    0xF0, 0x71, 0x83, 0x6E, 0xA8, 0x23, 0x3E, 0xBB, 0xED, 0x31, 0x2E, 0xC6, 0x3C, 0xE5, 0xD3, 0x5B,
    0x72, 0x25, 0xD2, 0x6A, 0x81, 0x06, 0xEA, 0xD0, 0x4C, 0xC2, 0xAA, 0x83, 0x46, 0x3B, 0x02, 0x54,
    0x91, 0xAB, 0xAA, 0xB0, 0x4C, 0xA5, 0x24, 0x69, 0x42, 0x94, 0xFB, 0xEB, 0xEA, 0x94, 0x4D, 0xA6,
    0x7F, 0xAC, 0x63, 0x4E, 0x33, 0xEB, 0x50, 0x74, 0x0C, 0x26, 0xFB, 0xAA, 0xA6, 0x67, 0x77, 0xEA,
    0x0D, 0xD2, 0xD2, 0x4E, 0x91, 0x7E, 0x63, 0xF4, 0x85, 0xCF, 0xF6, 0x42, 0xB7, 0x0F, 0x4A, 0xC4,
    0x2A, 0xC9, 0x22, 0xAC, 0x85, 0xCE, 0x10, 0xA9, 0x7E, 0xDB, 0xD1, 0xD2, 0xFA, 0x26, 0x1A, 0xB2,
    0x98, 0x65, 0xC4, 0x8F, 0x38, 0x40, 0xC6, 0xD0, 0x51, 0x40, 0xE4, 0xD2, 0x09, 0x07, 0xAD, 0x2D,
    0xF1, 0x84, 0x28, 0x64, 0x8B, 0x44, 0x5A, 0xF2, 0x89, 0x99, 0xAA, 0xF7, 0xEB, 0x8C, 0x85, 0x09,
    0xCE, 0x8D, 0x38, 0x46, 0x1D, 0x0B, 0xA1, 0x2F, 0x4C, 0xE9, 0x2B, 0xEE, 0x0A, 0xDA, 0xD4, 0x6F,
    0xEB, 0x8C, 0xC2, 0x92, 0xAB, 0x43, 0xCD, 0x63, 0x81, 0x42, 0xA8, 0x65, 0xA6, 0x27, 0x47, 0xB8,
    0x87, 0x1D, 0xEE, 0xD4, 0xE3, 0xCE, 0xD4, 0xE3, 0xB6, 0x60, 0xEA, 0x10, 0xB7, 0x1C, 0xE0, 0x1E,
    0xA9, 0x87, 0xB8, 0xAD, 0xBA, 0xD1, 0xD4, 0x6A, 0x0F, 0xEC, 0x7F, 0x54, 0x7B, 0xFB, 0x6F, 0xC9,
    0x0E, 0x77, 0xBC, 0xE2, 0x3E, 0xD5, 0x7C, 0xC1, 0x44, 0x3D, 0xC2, 0x5D, 0x19, 0x6E, 0x6B, 0x62,
    0xDC, 0xE1, 0x2E, 0x8F, 0x70, 0x37, 0x3B, 0xDC, 0xC1, 0x57, 0x26, 0xA8, 0x8F, 0x4B, 0xE9, 0x2E,
    0x30, 0x3D, 0xE8, 0x25, 0xF8, 0x0D, 0x0E, 0xB4, 0xF4, 0xEA, 0xF1, 0x96, 0x9E, 0xAE, 0x10, 0xAE,
    0x7A, 0xB6, 0xCB, 0x86, 0x16, 0x64, 0x4D, 0x19, 0x8C, 0x92, 0xEB, 0xB8, 0x61, 0x65, 0x3C, 0xEA,
    0xA1, 0x76, 0x1B, 0x53, 0x20, 0xAD, 0x3D, 0xD1, 0x12, 0xC3, 0xFB, 0x98, 0x8A, 0x8F, 0x4A, 0x89,
    0xF3, 0xF5, 0x59, 0x7C, 0x5C, 0x1A, 0x01, 0xA6, 0x05, 0xA6, 0xE2, 0x23, 0xD3, 0x35, 0x34, 0x5D,
    0xB7, 0x13, 0x87, 0xFB, 0x09, 0x1D, 0xF6, 0x1A, 0x63, 0xFA, 0x9E, 0x7F, 0x81, 0xBF, 0x21, 0x21,
    0x7F, 0x9B, 0x9A, 0xCD, 0xB6, 0x12, 0x42, 0x01, 0x84, 0xD3, 0x5D, 0xF2, 0x9A, 0xF3, 0x30, 0x2B,
    0xC9, 0x1F, 0x76, 0x99, 0x20, 0xE0, 0xBF, 0x45, 0x4B, 0xE4, 0xBF, 0xFA, 0x55, 0xE9, 0x15, 0xBD,
    0xA2, 0x26, 0x5A, 0x1F, 0xAC, 0x45, 0x19, 0x15, 0xCD, 0xD1, 0xD3, 0x37, 0xBD, 0xA7, 0x66, 0x33,
    0x55, 0xEB, 0x57, 0x94, 0xF2, 0x70, 0xBA, 0x2F, 0x9E, 0xBF, 0xE3, 0x3F, 0x83, 0x07, 0x2F, 0x55,
    0xC7, 0x5B, 0xB0, 0xFD, 0xEB, 0xF9, 0x0F, 0xD0, 0xB1, 0xC0, 0x03, 0x74, 0x8A, 0x55, 0xD2, 0x29,
    0x75, 0x92, 0x4D, 0xB9, 0xCD, 0xD8, 0x62, 0x8C, 0x75, 0x28, 0x7E, 0xAD, 0x5A, 0x56, 0xBA, 0x9C,
    0x48, 0xF3, 0xEB, 0x12, 0x4B, 0x33, 0xFB, 0x63, 0x0F, 0xD0, 0xB8, 0x6E, 0x46, 0xC9, 0x6C, 0x71,
    0x7E, 0xFE, 0xAC, 0x07, 0x68, 0xD8, 0xCB, 0x04, 0x1D, 0xE3, 0x01, 0xEA, 0x01, 0x05, 0xB0, 0x33,
    0x7A, 0xEB, 0x6D, 0x30, 0x5E, 0x26, 0x50, 0x5F, 0x92, 0xFB, 0x45, 0xE4, 0x07, 0xF2, 0x08, 0xEE,
    0xCF, 0xD9, 0xEE, 0x07, 0x3B, 0x2C, 0xEE, 0x7F, 0x8B, 0x75, 0x25, 0xB4, 0xEB, 0x9C, 0xBD, 0x01,
    0xC8, 0x09, 0xD0, 0x09, 0xD8, 0x09, 0xE0, 0x09, 0xE8, 0x09, 0xF0, 0x09, 0xF8, 0x09, 0x00, 0x92,
    0x20, 0x11, 0x92, 0xA1, 0x00, 0xA2, 0x80, 0x22, 0x30, 0x9E, 0xFF, 0x8C, 0x8D, 0x27, 0x6A, 0x36,
    0x53, 0xF3, 0x55, 0x1D, 0x35, 0xE9, 0x2F, 0xDD, 0x64, 0x0B, 0x89, 0xA4, 0xB4, 0xF6, 0x70, 0xB3,
    0x1E, 0xCD, 0xFF, 0x7F, 0x33, 0xEE, 0x2E, 0xB6, 0xB6, 0x97, 0x68, 0xA0, 0x66, 0x2D, 0xB5, 0xA0,
    0xC8, 0xB2, 0xEA, 0x07, 0x7C, 0xC7, 0x3D, 0x05, 0x5D, 0x5B, 0x3E, 0xF9, 0x7D, 0x83, 0x18, 0x24,
    0x81, 0x89, 0x1B, 0x3C, 0x33, 0xC7, 0x35, 0xED, 0x53, 0x60, 0x0E, 0xA1, 0x2B, 0xB8, 0xFD, 0xB3,
    0xDD, 0x96, 0xD5, 0xD4, 0xF7, 0x97, 0x1C, 0xD5, 0x18, 0x3A, 0xD3, 0xC0, 0xA5, 0x1C, 0x9F, 0x56,
    0x2D, 0x79, 0xE8, 0x1D, 0x06, 0x1C, 0x2E, 0xDD, 0x1C, 0xF3, 0xB1, 0x7D, 0x83, 0xC8, 0xBE, 0xF8,
    0x9B, 0xC1, 0xEE, 0xC7, 0x7B, 0x91, 0x6B, 0x17, 0x67, 0x9D, 0xAC, 0x7A, 0x88, 0x0F, 0x4D, 0x38,
    0x92, 0xF4, 0x6D, 0x6E, 0x7C, 0x5E, 0x98, 0xE9, 0xAC, 0xD5, 0x31, 0xC5, 0x2F, 0xE8, 0x74, 0xB8,
    0x69, 0x74, 0x30, 0x34, 0x9C, 0x6B, 0x94, 0x7C, 0x92, 0xCA, 0xE2, 0xC6, 0x51, 0x74, 0x32, 0xC1,
    0xA6, 0x31, 0x1A, 0x62, 0x6D, 0x4D, 0xB8, 0x69, 0xBC, 0x76, 0xFE, 0xA6, 0x11, 0x4F, 0x5D, 0xC4,
    0xB2, 0x10, 0x24, 0x33, 0x1D, 0xB2, 0xC7, 0xC5, 0x6C, 0x22, 0x05, 0x02, 0x51, 0xC6, 0xA2, 0x33,
    0x36, 0x8D, 0x85, 0xC3, 0xA6, 0xB1, 0x71, 0xF4, 0xB1, 0xC9, 0xEF, 0x66, 0xE9, 0x59, 0x83, 0xD9,
    0x5A, 0x6F, 0xC9, 0xEE, 0x8A, 0x75, 0xEF, 0x08, 0x85, 0xD6, 0x9B, 0x2F, 0x47, 0x0E, 0xD9, 0xFD,
    0xB4, 0x4F, 0x06, 0xE4, 0xBC, 0x76, 0xC4, 0xE0, 0xB0, 0xE8, 0x10, 0x84, 0x4D, 0x84, 0xDA, 0xE9,
    0xCB, 0x83, 0xD5, 0x58, 0xF5, 0xA5, 0x51, 0x36, 0xB3, 0x66, 0xCE, 0xC4, 0x8C, 0xD1, 0x98, 0x8C,
    0xA2, 0x9D, 0x49, 0xA0, 0xAD, 0x49, 0x84, 0xE0, 0xDD, 0x65, 0x0B, 0xED, 0x38, 0x71, 0x6A, 0x74,
    0x10, 0x74, 0x33, 0x97, 0x7D, 0xF6, 0x44, 0x4F, 0x7C, 0x28, 0xF2, 0x5F, 0xA6, 0x68, 0x14, 0xB2,
    0x08, 0xF8, 0xA2, 0x32, 0xCC, 0x9F, 0x64, 0xFC, 0x88, 0x49, 0xD1, 0x22, 0x6C, 0x6F, 0x6A, 0x11,
    0x93, 0x16, 0xA9, 0xBC, 0xA6, 0x43, 0xDE, 0xA2, 0x38, 0xDD, 0x59, 0xFB, 0x11, 0x74, 0x18, 0xCF,
    0x7F, 0xFA, 0x29, 0x21, 0x69, 0x6B, 0x52, 0x56, 0xA5, 0x89, 0x2A, 0xE7, 0xCB, 0x2E, 0x91, 0x60,
    0x8E, 0x79, 0x77, 0x39, 0x43, 0xF0, 0x1D, 0x79, 0xD0, 0x64, 0x40, 0x64, 0x13, 0x0E, 0xC1, 0x68,
    0x32, 0xC5, 0xC3, 0x2E, 0xF0, 0x53, 0x2D, 0x77, 0xDD, 0x09, 0x4A, 0xB9, 0x0C, 0xCE, 0x20, 0x15,
    0x49, 0x6B, 0xC7, 0xB6, 0xBC, 0xF8, 0x95, 0xBE, 0xBC, 0x4B, 0x97, 0x04, 0x07, 0x49, 0x97, 0x7D,
    0x3F, 0x7C, 0x08, 0x99, 0x4E, 0x72, 0x70, 0x5D, 0x02, 0x2F, 0xC0, 0xFC, 0x80, 0x64, 0x1D, 0xE4,
    0x29, 0xC1, 0xE5, 0x28, 0x5A, 0x42, 0xB6, 0x97, 0x2F, 0x77, 0x99, 0x4F, 0x04, 0x94, 0x0A, 0xF7,
    0x88, 0xF8, 0x93, 0x0E, 0x92, 0xB6, 0x94, 0x91, 0x32, 0x1D, 0xBC, 0x41, 0xBB, 0x24, 0x0B, 0x84,
    0xE4, 0x03, 0x95, 0xC1, 0xD2, 0xE1, 0xEB, 0x6F, 0x49, 0x7E, 0x3D, 0xFB, 0x52, 0xDE, 0x35, 0xBE,
    0xD4, 0x48, 0x51, 0x9E, 0x9D, 0xE7, 0x58, 0xAC, 0x87, 0x08, 0xDC, 0x5C, 0x80, 0xAE, 0x82, 0x5A,
    0xE6, 0xC3, 0x27, 0x40, 0xF5, 0x1B, 0x39, 0xC6, 0x70, 0xE4, 0xED, 0x4B, 0x00, 0xCD, 0x8E, 0xD0,
    0x47, 0x74, 0x64, 0xC8, 0xB8, 0x65, 0xC1, 0x98, 0x58, 0xD2, 0x6D, 0xEB, 0xC1, 0xF4, 0xDE, 0x61,
    0xA9, 0xA7, 0x81, 0x39, 0x58, 0x9F, 0xF4, 0x6C, 0x51, 0x42, 0x08, 0x79, 0xD8, 0x95, 0xE5, 0x76,
    0x57, 0x66, 0xFE, 0x3B, 0x9B, 0xCC, 0xDF, 0xA1, 0x2B, 0xC5, 0x61, 0x57, 0xAE, 0xEA, 0xE8, 0xC3,
    0xFE, 0x4A, 0xB5, 0x2E, 0x8C, 0x81, 0x18, 0x17, 0x96, 0x50, 0x65, 0x77, 0x10, 0x98, 0x8D, 0x26,
    0x29, 0xC0, 0x4B, 0xF1, 0x12, 0x2B, 0xC3, 0x3E, 0x22, 0xF8, 0x07, 0xF9, 0xCA, 0x66, 0xC6, 0x8F,
    0x8C, 0x08, 0x2A, 0xF9, 0x5B, 0x1C, 0x8D, 0x34, 0x8A, 0xAA, 0x32, 0xD6, 0x1C, 0x69, 0x4D, 0xD9,
    0xC7, 0x40, 0xE9, 0x42, 0x71, 0x81, 0xB9, 0x40, 0xE6, 0x52, 0x1D, 0xCC, 0xEB, 0x0A, 0xF4, 0x7C,
    0x80, 0xBF, 0x15, 0xAF, 0x41, 0xAA, 0x97, 0x7A, 0x8B, 0x1D, 0x9B, 0x9F, 0x94, 0xD5, 0xA9, 0xE8,
    0xDF, 0x23, 0xF4, 0xD4, 0x27, 0x45, 0x7B, 0x09, 0xF5, 0x09, 0x7B, 0x4C, 0x44, 0xCB, 0x10, 0x6A,
    0x7B, 0x2A, 0x9D, 0x35, 0x15, 0x6B, 0x6B, 0xBB, 0xCD, 0x44, 0xCB, 0x54, 0x61, 0xAD, 0x6C, 0x81,
    0xE4, 0xEE, 0xAA, 0x2D, 0xAC, 0x85, 0xCB, 0x11, 0xDA, 0xAA, 0x15, 0x91, 0x52, 0x28, 0x26, 0x51,
    0x73, 0xBE, 0x51, 0xAA, 0x9B, 0x47, 0x7E, 0xC1, 0x92, 0xE4, 0x7A, 0x42, 0xBF, 0x38, 0x86, 0x61,
    0x37, 0x5C, 0xCE, 0x97, 0xFC, 0xD4, 0x26, 0xE6, 0xB3, 0xFC, 0x62, 0xF8, 0x9D, 0xFC, 0x22, 0xBE,
    0xED, 0x17, 0xC9, 0x99, 0x7E, 0x51, 0x6C, 0x7E, 0xE1, 0xDE, 0xD9, 0x2F, 0xAA, 0xDF, 0xC2, 0x2F,
    0xAE, 0x7C, 0x75, 0xDC, 0x1D, 0x41, 0xC8, 0x09, 0x96, 0x1D, 0x09, 0xD8, 0xDD, 0x90, 0x7D, 0x8D,
    0x28, 0x92, 0x78, 0xB0, 0xF3, 0x01, 0xDF, 0xE9, 0x1C, 0xBE, 0xBF, 0xE8, 0x9A, 0x69, 0xE3, 0xFB,
    0x77, 0x07, 0x7C, 0xBF, 0x46, 0xBE, 0x7D, 0xF4, 0x2E, 0xF8, 0x56, 0x07, 0x7C, 0xFB, 0x43, 0xBE,
    0x88, 0xB5, 0x22, 0x6C, 0x4B, 0xD2, 0x76, 0x3D, 0x27, 0x95, 0x83, 0x71, 0x01, 0x9F, 0x7C, 0x2E,
    0x9C, 0x8E, 0xD7, 0x09, 0xFA, 0x02, 0xD6, 0xA2, 0x13, 0x6F, 0x78, 0x6F, 0x5C, 0x1A, 0x96, 0x46,
    0xA5, 0x41, 0xAD, 0x21, 0x1A, 0x98, 0x9C, 0xB9, 0x51, 0x64, 0x02, 0x98, 0xA6, 0x23, 0x3F, 0x30,
    0x25, 0xCF, 0x73, 0xAA, 0xE4, 0x3A, 0xA7, 0xBE, 0x4A, 0xCF, 0x8B, 0xAC, 0xC8, 0x49, 0xD6, 0xAB,
    0x11, 0x7B, 0x36, 0xFD, 0x6C, 0x64, 0xBA, 0x37, 0x31, 0x1A, 0xE9, 0x2F, 0x2C, 0x8F, 0x5E, 0xAA,
    0xC8, 0x15, 0xB9, 0x4F, 0x78, 0x91, 0x87, 0x76, 0x9C, 0xA5, 0x91, 0x51, 0xCE, 0x5E, 0xD7, 0x56,
    0x1E, 0xB1, 0x3C, 0xCD, 0x7D, 0xF4, 0xE7, 0x85, 0xAB, 0x1E, 0xFB, 0x60, 0xF6, 0xDB, 0xF6, 0xF7,
    0x5C, 0xD2, 0x42, 0x6D, 0x31, 0x94, 0xEF, 0x48, 0xAC, 0x5F, 0xE8, 0x69, 0xC5, 0x54, 0xB1, 0x4E,
    0x9A, 0x69, 0x6F, 0x91, 0xBD, 0xDF, 0x64, 0x7B, 0x0B, 0xEF, 0xD7, 0xE1, 0xF7, 0xA5, 0x85, 0x61,
    0xD7, 0xF8, 0xB6, 0x71, 0x0F, 0xAE, 0xF7, 0xDE, 0xB8, 0x65, 0xDC, 0x59, 0x50, 0x90, 0xC3, 0x89,
    0x99, 0x5D, 0x5B, 0xB6, 0x0D, 0x75, 0x73, 0xF2, 0x7E, 0x33, 0x71, 0x78, 0x22, 0x5F, 0x96, 0xA8,
    0x93, 0x51, 0xA2, 0x3E, 0x1C, 0x24, 0x1A, 0x93, 0x0E, 0x31, 0x96, 0x04, 0xAA, 0x6B, 0xAF, 0x82,
    0xF7, 0xDC, 0xCE, 0xB0, 0x1B, 0xCC, 0x46, 0xAB, 0x65, 0xBA, 0x0E, 0xB0, 0x60, 0xD5, 0xEC, 0x1A,
    0xED, 0xE5, 0xAB, 0x1E, 0x60, 0x2C, 0xD8, 0x0A, 0xF5, 0xC3, 0x52, 0x34, 0x14, 0xED, 0x74, 0x5C,
    0x89, 0x37, 0x91, 0xB2, 0x12, 0xDA, 0x87, 0xE6, 0xA1, 0x75, 0x1E, 0xB2, 0xBE, 0xE0, 0xD1, 0x80,
    0x27, 0x40, 0xBD, 0x86, 0x5F, 0x05, 0x6E, 0xDF, 0x5A, 0x6B, 0x4A, 0x7B, 0x5A, 0x87, 0xEE, 0x00,
    0xCF, 0xE8, 0x6E, 0xDF, 0x5A, 0xE4, 0x63, 0x8F, 0xAE, 0xEB, 0xBD, 0x48, 0x6C, 0xCD, 0xE5, 0x76,
    0x83, 0x8B, 0xDF, 0xD2, 0x41, 0xD2, 0x67, 0xB4, 0x93, 0x2B, 0x11, 0x4D, 0x54, 0xFB, 0x2C, 0xEE,
    0xCE, 0xB0, 0xEE, 0x70, 0xF4, 0x34, 0xEC, 0x83, 0x12, 0xE8, 0xCF, 0x27, 0x89, 0x7C, 0xB6, 0xAD,
    0x84, 0x37, 0xD2, 0xCE, 0x88, 0x69, 0x03, 0xC7, 0x98, 0x95, 0xE9, 0x36, 0x86, 0x66, 0xCC, 0xFD,
    0xBD, 0x69, 0x25, 0x5D, 0xEB, 0xBC, 0xE7, 0x64, 0x8D, 0xE3, 0xF6, 0xD0, 0x44, 0x7B, 0x26, 0x0C,
    0x79, 0x5D, 0x18, 0x3C, 0x70, 0x47, 0x78, 0x63, 0xA3, 0x9D, 0xF9, 0xA2, 0xB9, 0xA2, 0x79, 0x22,
    0x1C, 0x31, 0x5D, 0xE8, 0x86, 0x85, 0xA3, 0x13, 0x36, 0xEB, 0x4B, 0xF0, 0xDE, 0x0C, 0x03, 0xFF,
    0x33, 0xF7, 0x33, 0xEF, 0x4B, 0x75, 0x86, 0xEF, 0xD1, 0xF5, 0xC8, 0x71, 0x3B, 0x4A, 0xC1, 0xF0,
    0x43, 0x2A, 0xBC, 0xBA, 0x0F, 0x96, 0xD8, 0x24, 0x1E, 0xC3, 0xE3, 0x3D, 0x62, 0x6A, 0x10, 0x99,
    0x7D, 0xC3, 0x54, 0x9B, 0x77, 0x61, 0x1D, 0x85, 0x06, 0xF0, 0x26, 0xF0, 0x46, 0xF0, 0x66, 0xA0,
    0x21, 0x20, 0x62, 0xD7, 0x3B, 0x6E, 0x86, 0x2A, 0xB7, 0x8F, 0xC1, 0x75, 0xDC, 0xD5, 0x1C, 0x50,
    0xB0, 0xB1, 0xFA, 0x20, 0x6B, 0x2E, 0xCA, 0xD4, 0x6A, 0xAE, 0xBA, 0x4A, 0x39, 0xE9, 0xE1, 0x3B,
    0xEC, 0x64, 0xAE, 0x5A, 0xA3, 0x93, 0x37, 0xE5, 0xF0, 0xCA, 0x27, 0x48, 0xE3, 0xD8, 0x5D, 0xB4,
    0x1B, 0xCF, 0xE8, 0x45, 0xD6, 0x37, 0x26, 0x55, 0x09, 0xFF, 0xF9, 0x9C, 0x5C, 0xD9, 0x2F, 0xC0,
    0xBA, 0x3F, 0x39, 0xA8, 0x90, 0x08, 0x8C, 0x24, 0xA3, 0x14, 0x7F, 0x8E, 0x1F, 0x79, 0x28, 0x3D,
    0x88, 0x53, 0x32, 0x07, 0xC9, 0x29, 0xC5, 0x44, 0x19, 0x21, 0xD5, 0x00, 0x69, 0x28, 0xDA, 0x6F,
    0xD9, 0x09, 0x10, 0xA4, 0x01, 0x29, 0x9E, 0x97, 0x7F, 0xB9, 0x7C, 0x18, 0x08, 0x41, 0x32, 0x5F,
    0x33, 0xC6, 0x2E, 0x05, 0x33, 0xE0, 0x4D, 0x6D, 0xAD, 0xBC, 0xAA, 0x0C, 0xB4, 0x1C, 0x84, 0xCD,
    0x24, 0xCB, 0xCE, 0xCF, 0x2B, 0x1D, 0xE0, 0xEB, 0x7C, 0x0F, 0x76, 0x5D, 0x6B, 0xD6, 0x9D, 0xA9,
    0x99, 0xC4, 0x33, 0x42, 0x55, 0xB6, 0x3B, 0x5D, 0x57, 0xDF, 0x74, 0xF4, 0xA4, 0x8A, 0x96, 0xAC,
    0x02, 0xF5, 0xB4, 0x62, 0xC7, 0x81, 0xF4, 0x79, 0xEF, 0x9B, 0xF0, 0xA3, 0xD8, 0x17, 0xD8, 0x0B,
    0x55, 0x52, 0x4D, 0xF5, 0x51, 0x9D, 0x58, 0x10, 0x75, 0xDE, 0x3D, 0x9A, 0xD9, 0x3B, 0x48, 0xE1,
    0x03, 0x50, 0x6C, 0xA2, 0xD8, 0xB8, 0xB6, 0x6C, 0x3C, 0xD1, 0x8E, 0x8E, 0x12, 0xA1, 0x22, 0x0C,
    0x64, 0xDC, 0xC5, 0x9E, 0x95, 0x6A, 0x69, 0x8B, 0x3D, 0xE6, 0x53, 0x74, 0xE6, 0xD9, 0xF5, 0xC2,
    0xAB, 0x68, 0x7D, 0x67, 0x21, 0xBF, 0x5D, 0xF0, 0x1A, 0x3C, 0x4F, 0x95, 0xA8, 0xA7, 0xBE, 0xBB,
    0x2D, 0x8B, 0x97, 0x9A, 0x40, 0xCB, 0x3D, 0x50, 0x95, 0xAB, 0x93, 0x20, 0xD4, 0x54, 0xF3, 0x98,
    0x40, 0x71, 0x38, 0x21, 0x86, 0x4C, 0xD9, 0xEB, 0x38, 0x4A, 0x5A, 0x89, 0xC1, 0xF8, 0xE5, 0x24,
    0x5F, 0x17, 0xD1, 0xB7, 0x7D, 0x43, 0x26, 0x01, 0x76, 0x07, 0xE0, 0x08, 0x79, 0xD6, 0x24, 0xD6,
    0x2F, 0x72, 0x9B, 0xED, 0xB7, 0x13, 0x08, 0xEA, 0xD3, 0x25, 0xD2, 0xF6, 0x21, 0xC9, 0xE6, 0x50,
    0xFB, 0x91, 0xED, 0x20, 0x95, 0x80, 0x4C, 0x3C, 0x0F, 0x7B, 0x34, 0x83, 0x2D, 0xF9, 0x47, 0xD7,
    0xBF, 0x70, 0xDC, 0x33, 0x24, 0x5E, 0x20, 0xC1, 0xBC, 0x4F, 0xA4, 0x04, 0x13, 0x24, 0xEB, 0x21,
    0x9F, 0x3C, 0x7C, 0x20, 0x68, 0x19, 0xDC, 0x30, 0x77, 0x28, 0x13, 0x6D, 0x53, 0x55, 0x29, 0xB4,
    0xCD, 0xB0, 0x25, 0x6A, 0x1F, 0xB9, 0x3E, 0x47, 0xB7, 0xB4, 0xFD, 0x5A, 0xEE, 0xD2, 0xB6, 0xA8,
    0x4F, 0x0A, 0x57, 0xC8, 0xC7, 0xA4, 0x2C, 0x26, 0xC6, 0x0D, 0x6F, 0xD3, 0xD5, 0xF6, 0x87, 0xED,
    0xFD, 0xAE, 0x3A, 0xD4, 0x57, 0x14, 0xA3, 0xFD, 0xB1, 0x96, 0x26, 0xDF, 0xE4, 0xAA, 0xFB, 0xA8,
    0xF6, 0x1F, 0x92, 0x44, 0x03, 0x1D, 0x9F, 0x84, 0x47, 0xE9, 0x28, 0xA9, 0xB9, 0x51, 0x67, 0xC6,
    0xCD, 0x60, 0x5C, 0x4B, 0xD5, 0xEC, 0xA6, 0x24, 0x58, 0x85, 0xC0, 0x41, 0xF7, 0xE5, 0xF0, 0xF3,
    0xF2, 0xEC, 0x68, 0x47, 0x2A, 0xAD, 0xEF, 0x0C, 0x4D, 0xDC, 0x9D, 0xD1, 0x8E, 0x1E, 0x47, 0x3B,
    0x3E, 0xCE, 0x39, 0x2F, 0xDA, 0x41, 0x65, 0xF9, 0x2E, 0xCE, 0xE1, 0xC4, 0x6B, 0x26, 0xEB, 0x9C,
    0x3D, 0x43, 0x27, 0xC1, 0x96, 0xEE, 0x2A, 0xEE, 0x95, 0xDD, 0x3B, 0xBB, 0xB1, 0xBE, 0x5D, 0x4D,
    0x1C, 0x5C, 0x03, 0x0F, 0xD4, 0x2D, 0xF5, 0x73, 0xF5, 0x64, 0x7F, 0x3E, 0x89, 0x87, 0x93, 0x6E,
    0x3B, 0x52, 0x03, 0x5B, 0x64, 0x47, 0xFD, 0x8C, 0x68, 0x1D, 0x85, 0x75, 0x78, 0xE7, 0xAA, 0xC9,
    0x69, 0xEA, 0xB6, 0xF6, 0x0A, 0xF2, 0xA2, 0x73, 0xF2, 0xDE, 0xFB, 0xA5, 0xCD, 0xAF, 0x6C, 0x7E,
    0x02, 0xB0, 0xAB, 0xC9, 0x41, 0x95, 0x61, 0x6D, 0x55, 0x5E, 0xB7, 0xE5, 0xDD, 0xE7, 0x78, 0x46,
    0xDC, 0x61, 0xEB, 0xF1, 0x7D, 0x43, 0x61, 0x77, 0xDD, 0x10, 0xB4, 0xCB, 0x7B, 0xB9, 0x2D, 0x37,
    0x8F, 0xF0, 0xCD, 0xE3, 0x2E, 0x15, 0xC7, 0x2B, 0xB8, 0x21, 0xF7, 0xE8, 0x8C, 0x05, 0x3B, 0xD7,
    0x49, 0xE2, 0x83, 0xE3, 0x4E, 0xBD, 0x04, 0x7C, 0xB8, 0xC3, 0x84, 0x31, 0xF6, 0xAB, 0xEC, 0x71,
    0x3A, 0x93, 0xC2, 0x1A, 0x0F, 0x54, 0x23, 0x19, 0x68, 0x0F, 0xCB, 0x87, 0xDB, 0xAF, 0x59, 0x5C,
    0x30, 0x24, 0xBB, 0xB8, 0x20, 0x5E, 0x76, 0xFE, 0x60, 0x31, 0x1D, 0xB6, 0xD4, 0x82, 0x39, 0x12,
    0x0D, 0xA7, 0xDA, 0xF1, 0x58, 0xEC, 0x0F, 0xF6, 0xF3, 0x20, 0x54, 0x32, 0x88, 0x16, 0x52, 0x88,
    0x1D, 0x39, 0xA4, 0x03, 0x49, 0xA4, 0x1D, 0x4D, 0x96, 0xD7, 0xD4, 0xC2, 0xF3, 0x78, 0x72, 0x23,
    0xE2, 0x99, 0x78, 0x2A, 0x2B, 0x17, 0x32, 0x39, 0x50, 0xD2, 0x21, 0x1F, 0x2A, 0xC4, 0x33, 0xF2,
    0x94, 0x3C, 0xA7, 0x8D, 0x94, 0x78, 0x56, 0x42, 0x5A, 0xA6, 0xAA, 0x0C, 0xB3, 0xA8, 0x64, 0x26,
    0x42, 0x6A, 0x87, 0x67, 0xF6, 0x6C, 0x4E, 0x14, 0x83, 0xCD, 0x89, 0xA2, 0xB5, 0x39, 0xD1, 0x20,
    0x7F, 0x07, 0xBF, 0x7B, 0xC1, 0xD9, 0xFD, 0x87, 0x23, 0x8F, 0xE7, 0xF1, 0x6C, 0xDE, 0xC5, 0x98,
    0x13, 0x9C, 0x14, 0xE4, 0xF1, 0x0E, 0x41, 0x96, 0xDB, 0x4B, 0x75, 0x46, 0x90, 0x95, 0xB7, 0xC0,
    0xE0, 0xCF, 0x4D, 0xAE, 0xD2, 0x81, 0x41, 0x55, 0xDE, 0x19, 0xC5, 0x2D, 0x7B, 0xFB, 0x17, 0x6E,
    0x6F, 0x7D, 0x1A, 0x9F, 0xB6, 0xF7, 0xA6, 0xF7, 0x96, 0xF7, 0x86, 0xF7, 0x76, 0x87, 0xC1, 0xFD,
    0x1A, 0x04, 0x2C, 0x58, 0x81, 0xB2, 0x35, 0x8A, 0x5E, 0x6F, 0x25, 0x16, 0x9F, 0xFD, 0x5E, 0x01,
    0x56, 0xE6, 0x86, 0x61, 0x82, 0x89, 0xB7, 0xA0, 0xBE, 0xAA, 0x45, 0x5F, 0xD5, 0x2E, 0xD0, 0x9F,
    0x69, 0x17, 0xEA, 0x0F, 0xB5, 0x8D, 0xB4, 0xD6, 0x12, 0xB6, 0x4D, 0x58, 0x89, 0x37, 0x2C, 0xEC,
    0x0A, 0xB3, 0xC2, 0xAA, 0x34, 0xAA, 0xB7, 0xA9, 0xAA, 0x6E, 0x8F, 0x1A, 0xB9, 0x0E, 0x54, 0xC7,
    0xE3, 0x3F, 0xCE, 0xE5, 0x57, 0x2E, 0xAC, 0xE1, 0x7C, 0x78, 0xF9, 0xA8, 0xBF, 0xF1, 0xB5, 0x4C,
    0xC4, 0x44, 0xC8, 0x13, 0x29, 0x31, 0xDD, 0x05, 0xF1, 0xD1, 0x64, 0xF4, 0xF8, 0x59, 0xF1, 0xB1,
    0xA2, 0x81, 0x68, 0x06, 0xBA, 0xC4, 0xA7, 0xE0, 0x27, 0x9A, 0x74, 0x94, 0x62, 0x67, 0xD9, 0x9E,
    0xAB, 0x88, 0xDC, 0xAF, 0x8E, 0x81, 0x1F, 0x16, 0x12, 0xAE, 0x24, 0x24, 0xCD, 0x5B, 0xE7, 0x5D,
    0x6F, 0xBF, 0x1B, 0x7B, 0xCC, 0x2C, 0xF4, 0xB4, 0x70, 0xC3, 0x9A, 0x21, 0xB9, 0xA6, 0x3C, 0xB2,
    0xC0, 0x4D, 0x57, 0xC6, 0x2D, 0xDD, 0x20, 0xF2, 0xA7, 0xD6, 0x4E, 0x70, 0x67, 0x25, 0xE5, 0x77,
    0x24, 0xD1, 0x2F, 0x0C, 0x77, 0xEE, 0x7A, 0x63, 0xBF, 0xF5, 0xF0, 0x6D, 0xEF, 0x62, 0x5C, 0x46,
    0x12, 0xFB, 0x77, 0x10, 0xDC, 0xC5, 0x9D, 0xF9, 0x26, 0x66, 0x3D, 0xCF, 0x56, 0x28, 0x76, 0x84,
    0x03, 0xC0, 0x05, 0x56, 0x78, 0x60, 0x29, 0xD9, 0xC1, 0xC0, 0x09, 0xF7, 0x9D, 0x21, 0x1C, 0xA3,
    0x99, 0x24, 0xC2, 0x8C, 0x31, 0xFB, 0x59, 0xEB, 0x55, 0xE1, 0xF8, 0x11, 0xC8, 0x8D, 0x7C, 0xE6,
    0xE2, 0x3B, 0x67, 0x8B, 0xA4, 0x2D, 0x4E, 0x82, 0x28, 0x0E, 0xB9, 0x84, 0x53, 0xAA, 0x58, 0xBB,
    0xA2, 0x31, 0x51, 0x29, 0x4A, 0xBE, 0xCE, 0x29, 0x0B, 0xEB, 0xEF, 0x10, 0x69, 0x6D, 0x3D, 0x4B,
    0x2C, 0x7D, 0x88, 0xFD, 0x71, 0xEB, 0x8F, 0xEE, 0x66, 0xA7, 0x85, 0x9F, 0xA2, 0xF1, 0x3A, 0xD0,
    0xD7, 0xD0, 0x78, 0x29, 0xFA, 0x1F, 0x68, 0x5C, 0x44, 0xDF, 0x42, 0xE3, 0x22, 0xCD, 0x6F, 0xAC,
    0x71, 0x23, 0x09, 0xA7, 0x02, 0xA5, 0x56, 0xE4, 0xEA, 0xEC, 0x0B, 0x95, 0xF6, 0x92, 0x33, 0x87,
    0xD1, 0xF3, 0xBC, 0x05, 0xAF, 0xBD, 0x97, 0x35, 0xE3, 0xEE, 0x35, 0x66, 0x44, 0x13, 0x26, 0x23,
    0x24, 0xAB, 0x21, 0x1F, 0xDE, 0x07, 0x5F, 0xCE, 0x36, 0xE4, 0x91, 0x3A, 0x83, 0x98, 0xEA, 0x98,
    0xEA, 0x6C, 0x14, 0x8B, 0x53, 0x29, 0x9E, 0x1D, 0xF4, 0x54, 0x9E, 0xC8, 0x5F, 0x1D, 0xF3, 0x59,
    0x4E, 0x8A, 0x97, 0xDA, 0xDC, 0x49, 0x59, 0xFC, 0xB8, 0xB4, 0x86, 0xAA, 0x7F, 0xE3, 0xE6, 0xF2,
    0x7B, 0x7C, 0x96, 0x7C, 0x5D, 0xD4, 0xE4, 0xFB, 0x86, 0x3D, 0xD0, 0x3E, 0x54, 0x2C, 0x16, 0x11,
    0x9F, 0x2D, 0x36, 0xBD, 0x62, 0x7B, 0xAA, 0x04, 0xB5, 0x25, 0x51, 0x97, 0xAC, 0x35, 0x13, 0xAA,
    0x32, 0xF8, 0x9A, 0x18, 0xD9, 0x76, 0x36, 0x63, 0xB3, 0xE9, 0xB2, 0x43, 0xE4, 0xE5, 0x23, 0xE6,
    0x2D, 0xAC, 0xDE, 0xB1, 0x64, 0xDD, 0xBC, 0x9C, 0xD7, 0x78, 0xA0, 0x7A, 0xC2, 0x17, 0x99, 0xEF,
    0xD1, 0xC5, 0xE0, 0x21, 0x5C, 0x20, 0x91, 0x42, 0x44, 0x0F, 0xA6, 0xB9, 0xDB, 0xBF, 0x7B, 0x4C,
    0x0F, 0x0C, 0x06, 0x08, 0x86, 0x14, 0x7C, 0x1A, 0x28, 0x4F, 0xF7, 0x6C, 0x5F, 0x4C, 0x6D, 0x89,
    0x07, 0xC6, 0xF2, 0x47, 0xD7, 0xE5, 0x76, 0xBA, 0x70, 0x0A, 0x66, 0x6C, 0xD8, 0xB8, 0x4A, 0x68,
    0x01, 0x53, 0x35, 0x3E, 0x24, 0x5D, 0xF6, 0x09, 0x8A, 0x2B, 0xD7, 0xDE, 0x0F, 0x2B, 0xC7, 0xE8,
    0x21, 0x32, 0x66, 0x18, 0xE5, 0x01, 0x04, 0x05, 0x3A, 0x91, 0x5D, 0xAE, 0xCE, 0xB3, 0xAB, 0x66,
    0xB2, 0x2B, 0xF2, 0x85, 0x33, 0xA8, 0x4A, 0x55, 0x12, 0x40, 0x4C, 0xB5, 0x34, 0x76, 0xE2, 0x12,
    0xAD, 0x09, 0x31, 0xD2, 0xD6, 0xD8, 0x85, 0x53, 0xA4, 0x1D, 0xD8, 0x8D, 0x81, 0xF6, 0x85, 0x18,
    0x44, 0x8B, 0x2B, 0x38, 0x09, 0x75, 0x7C, 0x9E, 0x7B, 0xC4, 0x6A, 0x72, 0x80, 0x28, 0xC5, 0x4C,
    0x88, 0xF6, 0xA4, 0x05, 0x44, 0x78, 0x13, 0x20, 0xA6, 0x3A, 0x10, 0x62, 0x82, 0x42, 0x63, 0xEE,
    0x0A, 0xC7, 0xE1, 0x33, 0x13, 0x10, 0xC3, 0x15, 0x62, 0xA0, 0x35, 0x21, 0x8A, 0x96, 0x80, 0x88,
    0x5F, 0xF0, 0xB3, 0xE4, 0xAC, 0x75, 0xE1, 0x24, 0x24, 0xB6, 0x68, 0x22, 0x5A, 0x1E, 0xC8, 0xF7,
    0x85, 0x35, 0x92, 0x56, 0xE1, 0xD5, 0xDC, 0x5C, 0xB1, 0x36, 0x5D, 0xA4, 0x2E, 0x36, 0xA2, 0x63,
    0xA6, 0x0E, 0x4C, 0x1D, 0x90, 0xBA, 0x53, 0xA2, 0x43, 0xE1, 0x0C, 0x68, 0xE1, 0x4E, 0x79, 0x4A,
    0x31, 0x19, 0xCE, 0x6A, 0xF4, 0x34, 0xF5, 0x09, 0x83, 0xA9, 0xDF, 0x17, 0x8B, 0xB0, 0xFA, 0x40,
    0xDB, 0xD0, 0xA2, 0xAC, 0x36, 0x42, 0x98, 0x15, 0x6B, 0x1D, 0x69, 0x99, 0x58, 0xB4, 0x25, 0x66,
    0xE7, 0xC5, 0x20, 0xA6, 0x33, 0xB6, 0xDE, 0xCE, 0x10, 0xE6, 0xFB, 0x6F, 0x91, 0x86, 0xED, 0xE4,
    0x5E, 0xD3, 0x8A, 0x5C, 0xC1, 0xB0, 0xF3, 0x47, 0x91, 0xB1, 0xFD, 0x91, 0xB3, 0x3B, 0xD3, 0x79,
    0x18, 0x86, 0xCF, 0x5F, 0xFA, 0x57, 0x3F, 0xEB, 0xBB, 0x9F, 0x02, 0x43, 0x3B, 0xF7, 0xBA, 0xEE,
    0x5F, 0x4C, 0xE8, 0xCC, 0xB0, 0x0E, 0x5B, 0x27, 0x55, 0xCC, 0x95, 0x9B, 0x16, 0x16, 0x55, 0x0B,
    0x52, 0x82, 0xC6, 0xAE, 0x70, 0xC8, 0x31, 0xE6, 0x73, 0xCC, 0xAF, 0x28, 0x52, 0xAD, 0x29, 0x62,
    0x92, 0x2F, 0x90, 0x62, 0x46, 0x6C, 0x56, 0x38, 0x93, 0x19, 0x52, 0x38, 0x48, 0xE5, 0x98, 0x17,
    0x9E, 0x20, 0x3A, 0x14, 0xA0, 0x0B, 0x89, 0xB5, 0xE5, 0x5B, 0xD4, 0x3A, 0x53, 0x83, 0x6C, 0x09,
    0xF4, 0xD8, 0xBC, 0x94, 0xA1, 0x5B, 0x60, 0x62, 0xA3, 0x67, 0xA8, 0x18, 0x34, 0xCB, 0x6E, 0xF6,
    0x72, 0x90, 0x15, 0x4F, 0xB0, 0xEA, 0x7C, 0xDE, 0x58, 0x6F, 0xAD, 0xDC, 0x7D, 0x2E, 0x54, 0x15,
    0x6D, 0x8C, 0xB9, 0xB3, 0xDC, 0xBD, 0xC1, 0xC0, 0xBC, 0xCA, 0x67, 0x2B, 0x14, 0x0E, 0x73, 0x6C,
    0xB2, 0x7B, 0x35, 0x1A, 0xA4, 0x66, 0x90, 0xDC, 0xD9, 0xBD, 0xC0, 0xBD, 0x9A, 0xEC, 0x8E, 0x6F,
    0x4D, 0x42, 0xBC, 0xF3, 0xCC, 0xB4, 0xB5, 0x8A, 0xB1, 0xEB, 0x54, 0x07, 0xCF, 0xEA, 0xD9, 0x2C,
    0xAE, 0x54, 0x62, 0xBE, 0x4A, 0xC8, 0x6B, 0x13, 0xB2, 0x41, 0x1C, 0xE8, 0xC3, 0x5E, 0xF8, 0xF8,
    0xDD, 0x85, 0xE8, 0x41, 0x1C, 0xB3, 0x7D, 0x58, 0xD2, 0xD2, 0xEE, 0x05, 0x66, 0xFB, 0xF3, 0x80,
    0x36, 0x61, 0x4C, 0xC3, 0x76, 0x68, 0xF7, 0xDE, 0x0B, 0x03, 0x4A, 0x6C, 0x5B, 0x04, 0x7D, 0x4C,
    0x4D, 0xC2, 0x39, 0x05, 0x9D, 0x68, 0xE4, 0x83, 0x21, 0xE9, 0x1A, 0x02, 0xFD, 0xCC, 0x74, 0xCE,
    0x9C, 0xF2, 0xC4, 0x56, 0x64, 0x2B, 0xB3, 0x15, 0xDA, 0x4A, 0xCD, 0x63, 0x13, 0xCF, 0x4D, 0x3C,
    0x38, 0x01, 0x39, 0xA8, 0x40, 0x3D, 0x3B, 0xF1, 0xF0, 0xC4, 0xD3, 0x83, 0xDA, 0xCD, 0xF3, 0x13,
    0x0F, 0x90, 0xAA, 0x83, 0x10, 0x21, 0x14, 0x75, 0x7B, 0x88, 0xE2, 0x29, 0xAE, 0x18, 0x57, 0x8E,
    0x2B, 0x48, 0x4F, 0xF2, 0x68, 0xB6, 0x59, 0x65, 0x8F, 0x21, 0xA5, 0xB8, 0x20, 0x15, 0x9E, 0x4C,
    0xF9, 0x80, 0x05, 0xBF, 0xAA, 0x11, 0x7C, 0x61, 0xC4, 0x8F, 0x44, 0x83, 0xC9, 0x7D, 0x41, 0x79,
    0xE7, 0xEC, 0x23, 0x55, 0x8F, 0xD5, 0x73, 0xF5, 0x60, 0x3D, 0x59, 0x8F, 0xD6, 0xB3, 0xF5, 0x70,
    0x3D, 0x5D, 0x8F, 0xD7, 0xF3, 0xF5, 0x80, 0x3D, 0x61, 0x8F, 0xD8, 0x33, 0xF6, 0x90, 0x3D, 0x65,
    0x8F, 0x99, 0x9C, 0xF7, 0xA0, 0xBF, 0xAA, 0xB8, 0x5A, 0x26, 0xDC, 0x77, 0x9F, 0xAF, 0xED, 0xA6,
    0x19, 0xED, 0x91, 0xE9, 0x84, 0xC6, 0x2A, 0xB3, 0x5A, 0x29, 0x0D, 0x8B, 0x56, 0xAB, 0xB1, 0x7C,
    0x04, 0x59, 0x76, 0xB4, 0xCF, 0x67, 0x58, 0x80, 0xA2, 0x41, 0x04, 0x58, 0x14, 0x19, 0x83, 0xC1,
    0xB2, 0x40, 0xC1, 0xDD, 0x2B, 0x9B, 0xC6, 0x48, 0xD1, 0x4F, 0x9D, 0x59, 0xCC, 0x68, 0x9B, 0xCA,
    0xF1, 0xE7, 0x85, 0xC5, 0x62, 0xD9, 0x8A, 0xEE, 0x76, 0xB1, 0x61, 0xB1, 0xA0, 0x37, 0xA1, 0xB8,
    0xB0, 0x37, 0x1F, 0x2F, 0x6D, 0x93, 0x8A, 0xDE, 0xA8, 0xD5, 0x79, 0xD3, 0x7A, 0x13, 0x2D, 0xBE,
    0x51, 0xB6, 0x16, 0xFA, 0x22, 0x1C, 0x88, 0xC5, 0xD1, 0x32, 0x0F, 0xB4, 0xC3, 0x00, 0x83, 0xD9,
    0x66, 0xFA, 0x04, 0xF4, 0xCA, 0x0A, 0x0E, 0xAB, 0xFA, 0x33, 0xFC, 0x32, 0xEA, 0x88, 0x15, 0x0C,
    0x75, 0x88, 0x14, 0x14, 0xED, 0x69, 0x07, 0x8E, 0xF6, 0xC0, 0xF3, 0x24, 0x93, 0x05, 0x2C, 0x35,
    0x68, 0x1C, 0x69, 0x5E, 0xD7, 0x9B, 0xE0, 0xA9, 0xA7, 0x0A, 0xA2, 0xFA, 0xB7, 0x82, 0x82, 0xD9,
    0x84, 0x54, 0x67, 0x91, 0x6B, 0x56, 0xB0, 0x86, 0x38, 0x7B, 0x55, 0xA2, 0x0E, 0x6C, 0xB5, 0xCE,
    0x39, 0x87, 0xD7, 0x69, 0xFC, 0xCB, 0x75, 0x26, 0xD7, 0xD5, 0x3A, 0x99, 0x13, 0x3A, 0x2E, 0x8C,
    0x7F, 0x98, 0x0D, 0xAB, 0x7A, 0xAA, 0x96, 0x90, 0x70, 0x0D, 0x96, 0xCF, 0xFC, 0x5E, 0xE8, 0x04,
    0x55, 0x63, 0xC4, 0x01, 0xEC, 0x22, 0x24, 0xA4, 0x35, 0x26, 0x23, 0x7D, 0x8D, 0x93, 0x17, 0x93,
    0xD9, 0xB4, 0xF2, 0xDA, 0x4C, 0x54, 0x1D, 0x91, 0x29, 0x32, 0x18, 0xA9, 0x72, 0x52, 0xE6, 0x33,
    0x9C, 0x22, 0x68, 0x46, 0xD3, 0x6D, 0x9D, 0x18, 0x85, 0x84, 0x66, 0xA6, 0x55, 0x32, 0x36, 0x27,
    0x09, 0x3F, 0xFD, 0xA5, 0xA2, 0xB9, 0x1A, 0xCD, 0xC5, 0xFB, 0xE6, 0x74, 0xF2, 0x3A, 0x40, 0x43,
    0xFF, 0x1D, 0x68, 0xA5, 0xE6, 0x07, 0xCE, 0x80, 0x95, 0x70, 0x1A, 0x5E, 0x68, 0x7F, 0xCB, 0x8D,
    0x33, 0x00, 0x61, 0xD0, 0x51, 0xAE, 0x49, 0x58, 0xA3, 0xB0, 0xC5, 0xBC, 0xC1, 0x0D, 0x0B, 0x79,
    0x81, 0x79, 0xCA, 0xB5, 0xCF, 0x75, 0xAC, 0xB4, 0x45, 0x70, 0x24, 0x4F, 0xE4, 0xAF, 0xF5, 0xCF,
    0x21, 0xDA, 0xFD, 0x43, 0x0B, 0x76, 0x61, 0xE9, 0x7F, 0x45, 0x5D, 0xDF, 0x83, 0xB5, 0x9F, 0xD8,
    0x92, 0xCD, 0x60, 0x14, 0x1E, 0x1D, 0x6D, 0xC0, 0xC8, 0xCE, 0x48, 0x18, 0x5E, 0x02, 0x16, 0xB8,
    0xF6, 0x11, 0x6D, 0xA0, 0xAB, 0x96, 0x87, 0xEF, 0xE3, 0x1E, 0xA1, 0x78, 0x3E, 0xDC, 0x6F, 0x1D,
    0x7F, 0xF4, 0x2F, 0xD7, 0x6B, 0x51, 0x0D, 0x6D, 0x62, 0x2E, 0x89, 0x4E, 0x89, 0xCE, 0x99, 0x0E,
    0xE9, 0x1B, 0xAE, 0xD0, 0xF6, 0xA3, 0xC9, 0xF4, 0x83, 0x5C, 0xFE, 0x28, 0x1D, 0x87, 0x3F, 0x90,
    0x7B, 0xD3, 0xFF, 0x36, 0x04, 0xD9, 0x5B, 0x58, 0xF7, 0xDF, 0x40, 0x3B, 0xFF, 0x7E, 0xDE, 0xF1,
    0x94, 0x23, 0x7A, 0xC7, 0x19, 0xDA, 0xFD, 0x15, 0x72, 0x05, 0x1C, 0xB7, 0xD7, 0xB1, 0x31, 0xCA,
    0xD1, 0xB0, 0xCD, 0xBA, 0xAA, 0xDE, 0xB6, 0xC2, 0x87, 0x1B, 0xB3, 0xDD, 0xCE, 0x4C, 0xB4, 0xEA,
    0xA0, 0x15, 0x5A, 0x82, 0xE1, 0x71, 0xE5, 0xE3, 0xE5, 0x9B, 0xB9, 0x37, 0xCE, 0xF8, 0x8B, 0x08,
    0xFE, 0x55, 0xCD, 0xC2, 0xBF, 0x88, 0x70, 0x31, 0x66, 0xEE, 0x56, 0xAA, 0x40, 0x8A, 0x4E, 0x83,
    0x1F, 0x23, 0xD9, 0xB4, 0x96, 0xC3, 0xEB, 0xAA, 0xDE, 0x42, 0x40, 0xAF, 0x13, 0xEC, 0xEA, 0x24,
    0xC3, 0xBD, 0x58, 0xE4, 0x01, 0x7C, 0x25, 0x15, 0x4D, 0x62, 0x8F, 0x32, 0x1C, 0xA1, 0x0E, 0x47,
    0x2B, 0x87, 0x83, 0x28, 0x3D, 0x15, 0x1D, 0x2A, 0x74, 0x26, 0xEA, 0x0E, 0x9E, 0xC0, 0x8D, 0xEF,
    0x8C, 0x11, 0xA8, 0x90, 0xCA, 0x7D, 0xE8, 0xF6, 0x93, 0x48, 0x9F, 0x3F, 0x8D, 0x7B, 0x83, 0x21,
    0x34, 0xA5, 0xF1, 0x6D, 0xEA, 0x2B, 0xEA, 0x10, 0x0D, 0x0C, 0xB8, 0xB7, 0x46, 0x62, 0xB6, 0x9E,
    0x1D, 0x04, 0x44, 0x1C, 0x3E, 0x87, 0x4C, 0x37, 0xE4, 0x97, 0x72, 0x0B, 0x43, 0xC6, 0xC3, 0xAF,
    0x49, 0x18, 0xF6, 0x49, 0xB2, 0x8F, 0x6D, 0xBB, 0xCA, 0xC2, 0x67, 0x49, 0x8D, 0xB6, 0x24, 0x1D,
    0x13, 0x34, 0x20, 0x6F, 0x7D, 0x5D, 0xB6, 0x37, 0xE6, 0x0C, 0x9A, 0x63, 0x9D, 0xD7, 0x7A, 0xD0,
    0x65, 0xB9, 0x07, 0x39, 0xA3, 0x0A, 0x09, 0xA4, 0xA6, 0x8E, 0x66, 0xAB, 0x32, 0x63, 0x12, 0x7C,
    0x40, 0x23, 0xF5, 0xEE, 0xB4, 0x47, 0xEA, 0xB6, 0x69, 0x83, 0xBA, 0xA3, 0x19, 0x01, 0xD2, 0x50,
    0x98, 0x43, 0xD6, 0x59, 0xFB, 0xBE, 0xA4, 0x10, 0x69, 0xE9, 0xF7, 0x11, 0x39, 0xE6, 0xED, 0xB3,
    0x9D, 0x05, 0xED, 0x83, 0x24, 0x63, 0x34, 0xC8, 0x95, 0x52, 0xAE, 0x6D, 0xC6, 0x87, 0xED, 0x61,
    0x7A, 0x58, 0x1E, 0x86, 0x87, 0xDD, 0x61, 0x76, 0x58, 0x9D, 0x46, 0x87, 0xCD, 0x61, 0x72, 0x5A,
    0x1C, 0x06, 0x8F, 0x95, 0xE6, 0x86, 0xB5, 0x61, 0x6C, 0xD8, 0x1A, 0xA6, 0x86, 0xA5, 0x69, 0xE8,
    0xED, 0x15, 0xFF, 0xC3, 0xB0, 0xE1, 0x0C, 0x1B, 0xBA, 0x23, 0x1B, 0x4E, 0xB0, 0xE1, 0xB8, 0xB3,
    0xE1, 0x20, 0x40, 0xFD, 0x6E, 0x6D, 0xF8, 0x65, 0xD8, 0xF0, 0xA9, 0x77, 0x6D, 0x43, 0xEE, 0x54,
    0x06, 0xD8, 0x90, 0x2F, 0x71, 0xA6, 0x2D, 0x4E, 0x0A, 0xE0, 0x62, 0xD8, 0xAF, 0x85, 0x1D, 0xE3,
    0xE7, 0x91, 0x9B, 0xD4, 0xF7, 0xCC, 0x98, 0xE3, 0x9A, 0xEE, 0xFC, 0x13, 0x98, 0x83, 0xEF, 0x46,
    0x50, 0x33, 0xB3, 0x4C, 0x7C, 0xF2, 0x7D, 0x92, 0x2F, 0x00, 0xED, 0xEB, 0xD5, 0xEF, 0xFA, 0x0F,
    0xBF, 0xF1, 0x82, 0x76, 0xCC, 0xCD, 0x62, 0x33, 0xCE, 0x8B, 0x29, 0x5D, 0x9E, 0x13, 0xB4, 0x7B,
    0x7F, 0x2E, 0x36, 0x81, 0xC3, 0xAA, 0xB2, 0xC4, 0xCE, 0x1A, 0xFE, 0xE2, 0xF6, 0x69, 0x7E, 0xCE,
    0x46, 0x1C, 0x33, 0x94, 0x17, 0x63, 0xB1, 0x49, 0xB8, 0xBF, 0x48, 0x21, 0x8E, 0x32, 0xE5, 0x90,
    0xB1, 0x68, 0x63, 0x6D, 0xA3, 0xA1, 0x28, 0x53, 0x2D, 0xE3, 0xA1, 0x11, 0x64, 0x1D, 0xFF, 0xC2,
    0xAC, 0x74, 0xB5, 0x3E, 0xFE, 0x0C, 0xE8, 0xDC, 0x93, 0x6F, 0x47, 0x47, 0xEB, 0xFC, 0xCE, 0x2A,
    0x39, 0xE7, 0x68, 0xDD, 0x41, 0xCD, 0x41, 0x33, 0x9B, 0x90, 0x9D, 0x14, 0x14, 0x49, 0x05, 0xD7,
    0xA7, 0x29, 0xBA, 0x7F, 0xE7, 0x1E, 0x54, 0xFB, 0xCF, 0x83, 0xEE, 0xCB, 0x20, 0x85, 0xFA, 0x33,
    0x74, 0x2B, 0xAA, 0x2F, 0xF1, 0xFF, 0xDA, 0xBF, 0x7C, 0x45, 0x37, 0xCD, 0x83, 0x8C, 0x72, 0x64,
    0xB7, 0x18, 0xBC, 0x77, 0x2F, 0x5F, 0x17, 0xBB, 0xCD, 0x64, 0xB9, 0x3F, 0x46, 0x5B, 0x0D, 0x77,
    0x54, 0x82, 0xF7, 0x5B, 0x0F, 0x0A, 0x52, 0xE4, 0x91, 0xBE, 0x3C, 0xF0, 0x44, 0x6E, 0x64, 0x04,
    0x43, 0x45, 0x8B, 0xED, 0xBA, 0x06, 0x7D, 0x7D, 0x3D, 0x8B, 0x14, 0x11, 0x0E, 0x42, 0xBD, 0xF5,
    0xF6, 0x97, 0x16, 0xE6, 0xC3, 0x02, 0x1F, 0x3F, 0xE1, 0x20, 0x07, 0xEC, 0x86, 0x42, 0xFF, 0xDD,
    0xF7, 0xC2, 0x87, 0x99, 0x6E, 0x5B, 0xD0, 0xE3, 0x6F, 0xBE, 0xDF, 0xF7, 0xB0, 0x79, 0x6D, 0xE7,
    0x81, 0xDA, 0xDB, 0x91, 0x37, 0x82, 0xAB, 0x8F, 0x7C, 0x76, 0xB2, 0x76, 0xFF, 0x6A, 0xB0, 0x66,
    0x1F, 0x47, 0xB2, 0x20, 0xAD, 0xAD, 0x99, 0x2B, 0x2B, 0xAD, 0x9C, 0x3B, 0x78, 0xDC, 0x2B, 0xDC,
    0x19, 0xE7, 0x10, 0x19, 0x98, 0x01, 0x1A, 0xA8, 0x1D, 0x05, 0xCD, 0x1C, 0x81, 0x80, 0x3F, 0xEE,
    0xEC, 0x23, 0xDE, 0x95, 0xE7, 0x2E, 0x45, 0x80, 0xDA, 0xA0, 0xBB, 0x0E, 0xF7, 0x1E, 0x2D, 0x96,
    0xDB, 0x5B, 0x4D, 0x87, 0x1D, 0x43, 0x40, 0x06, 0x21, 0x25, 0x82, 0xB8, 0x98, 0x92, 0x4E, 0x81,
    0x0E, 0x91, 0xB3, 0xD5, 0xB9, 0xB3, 0xEF, 0x9E, 0x23, 0x6D, 0xC3, 0xA9, 0xA8, 0xE3, 0x53, 0x19,
    0x0B, 0x33, 0x5F, 0x30, 0x3E, 0x67, 0xE6, 0x0B, 0x86, 0x77, 0x3E, 0x86, 0xCA, 0x24, 0x08, 0x5A,
    0x60, 0x5C, 0xBD, 0x90, 0xCF, 0xF9, 0x07, 0x5C, 0x8F, 0xF9, 0xB0, 0x4A, 0x7F, 0x5E, 0x8A, 0xAB,
    0x3B, 0xE4, 0xF0, 0xD0, 0x31, 0xBD, 0x9B, 0x6B, 0xBD, 0xF9, 0x52, 0x67, 0xB7, 0x16, 0x37, 0xD6,
    0x41, 0xA3, 0x73, 0x8A, 0xF8, 0x4C, 0x55, 0xE1, 0x6F, 0x23, 0xCC, 0x7D, 0x58, 0x09, 0x4C, 0xFD,
    0x29, 0x89, 0xF4, 0x33, 0x16, 0xC8, 0x7F, 0xBB, 0x43, 0x1E, 0x83, 0x6B, 0x5B, 0x84, 0x67, 0x94,
    0x5F, 0x63, 0xC3, 0x31, 0x69, 0x89, 0x81, 0x6F, 0x11, 0x99, 0x46, 0x07, 0x58, 0x46, 0xDC, 0x99,
    0x83, 0xBA, 0x68, 0x90, 0xA3, 0x2B, 0x66, 0x07, 0xC6, 0xC4, 0xFA, 0x50, 0xE9, 0x10, 0xD8, 0xCA,
    0xFD, 0x80, 0xCF, 0xE6, 0x84, 0x13, 0x26, 0x0F, 0xE2, 0x41, 0x6C, 0x19, 0x7C, 0xB6, 0x28, 0xEE,
    0xE9, 0xD7, 0x69, 0x47, 0xFB, 0xA5, 0x2D, 0x0D, 0x98, 0xB5, 0xB4, 0x60, 0x5E, 0xD3, 0x84, 0x05,
    0x9D, 0x9B, 0x6A, 0xB0, 0x3D, 0x9F, 0xD9, 0x03, 0x72, 0xF4, 0xF3, 0xC0, 0xF9, 0xE6, 0x46, 0xDF,
    0xDC, 0x40, 0x4D, 0x7A, 0x6A, 0xDA, 0x31, 0x35, 0x54, 0x58, 0x95, 0xDA, 0x5D, 0x5D, 0x37, 0x43,
    0x33, 0x18, 0xC1, 0x78, 0x80, 0x5C, 0x6F, 0x7F, 0x33, 0x6E, 0x77, 0x15, 0xE5, 0x73, 0x26, 0xFA,
    0xAA, 0x03, 0x6E, 0x1D, 0xC1, 0x19, 0xC8, 0x92, 0xD7, 0xB8, 0xF5, 0x68, 0x2B, 0x33, 0xD8, 0x15,
    0xF9, 0xC0, 0xEE, 0x35, 0xEE, 0xE7, 0x25, 0xFC, 0x27, 0xB3, 0x65, 0x9D, 0xA8, 0x04, 0xE0, 0x68,
    0xB6, 0xAA, 0xB3, 0x45, 0xB2, 0x97, 0x91, 0x1D, 0x7A, 0x98, 0x49, 0xDC, 0x7B, 0xD3, 0x85, 0x38,
    0x1D, 0x4C, 0x54, 0x38, 0xE6, 0xF3, 0x46, 0x18, 0xA8, 0x61, 0x5A, 0x4F, 0x87, 0x08, 0x5F, 0x2C,
    0x76, 0x49, 0xD5, 0x1A, 0xD9, 0x8F, 0x36, 0xB5, 0x19, 0xEA, 0xD3, 0x5A, 0x1A, 0xE2, 0x5F, 0x69,
    0xD8, 0xC5, 0xFA, 0xC6, 0x6B, 0x9A, 0xB7, 0x91, 0xEA, 0x8B, 0xAA, 0xD6, 0xBD, 0x48, 0x27, 0x09,
    0xD5, 0xE1, 0xCD, 0x52, 0xD5, 0x85, 0xB7, 0xE4, 0x98, 0x2C, 0xF5, 0xF8, 0xBA, 0x6C, 0x84, 0x0F,
    0x99, 0x52, 0x8E, 0xAF, 0x0B, 0x8E, 0x36, 0x15, 0x3F, 0x89, 0xEB, 0xAA, 0x84, 0xAA, 0x0A, 0x75,
    0x86, 0x26, 0x18, 0x23, 0xC2, 0xD8, 0x4B, 0x84, 0x78, 0xFF, 0x37, 0x10, 0x20, 0xC1, 0x68, 0x72,
    0xFB, 0x6F, 0x20, 0x74, 0xFB, 0xBF, 0x81, 0x40, 0x43, 0x05, 0xE5, 0xC5, 0x26, 0x6D, 0x86, 0xA5,
    0xF6, 0x3D, 0x24, 0x6C, 0xBF, 0x46, 0xAD, 0xBD, 0xB6, 0xDF, 0x87, 0xCA, 0x4F, 0x3B, 0x6A, 0x55,
    0x5E, 0xC6, 0x65, 0x3B, 0x9E, 0x20, 0x1F, 0xFD, 0x10, 0xE4, 0x13, 0x31, 0xE4, 0x21, 0x2F, 0x09,
    0xFF, 0x91, 0xFF, 0x2D, 0x99, 0x20, 0x72, 0xE1, 0xC1, 0xEB, 0x8B, 0x18, 0x6B, 0xA0, 0x0C, 0x9B,
    0x22, 0x97, 0x8D, 0xA6, 0xF1, 0x50, 0x70, 0xEA, 0x77, 0x8B, 0x40, 0x1F, 0x1D, 0x2F, 0x23, 0xF0,
    0xD4, 0xF1, 0xE5, 0xE0, 0x80, 0x90, 0xAA, 0x78, 0x01, 0x3F, 0xD6, 0xF0, 0x14, 0x95, 0x4B, 0x30,
    0xE1, 0x47, 0x06, 0x38, 0xE5, 0x7D, 0x17, 0x97, 0xF4, 0xEF, 0x9F, 0x54, 0xF2, 0xBB, 0x90, 0xA2,
    0x82, 0x54, 0x75, 0x07, 0xA9, 0xDC, 0x93, 0x4A, 0x41, 0x8A, 0xF1, 0x72, 0x47, 0x52, 0xDE, 0x7F,
    0x9F, 0xA4, 0x04, 0x03, 0x35, 0xEA, 0xA8, 0x69, 0x4D, 0xCD, 0xCB, 0x43, 0x2D, 0xDE, 0xA0, 0xE6,
    0x0B, 0x35, 0xE9, 0x2F, 0x18, 0xB2, 0x01, 0xC8, 0xB4, 0xDB, 0xF7, 0xDA, 0x2C, 0x40, 0x3C, 0x98,
    0x91, 0x90, 0xA2, 0xA5, 0xD4, 0x90, 0xEA, 0x0D, 0x68, 0xA1, 0x26, 0xD6, 0xDB, 0xFD, 0x17, 0x18,
    0xFB, 0x93, 0x72, 0x95, 0xA3, 0xFA, 0x34, 0x0E, 0xAF, 0x78, 0xD6, 0xB5, 0x98, 0xF5, 0x5C, 0xD9,
    0xB1, 0xC4, 0xE7, 0xB5, 0x9C, 0x75, 0x15, 0xAA, 0x6D, 0xAC, 0x7D, 0x84, 0xB7, 0x98, 0x5A, 0xA7,
    0x28, 0xE2, 0x4C, 0x5B, 0xA6, 0x7D, 0xD0, 0xF4, 0xE6, 0x29, 0xD8, 0x5F, 0x15, 0x35, 0x8A, 0x95,
    0x15, 0x05, 0x45, 0x23, 0x78, 0xC3, 0x8A, 0x6D, 0x60, 0x45, 0x87, 0x62, 0xA4, 0xDA, 0x85, 0x13,
    0x8A, 0xF1, 0xDB, 0xDA, 0x45, 0x23, 0x8A, 0xE9, 0x5B, 0xDA, 0x25, 0x03, 0xF6, 0x3E, 0xD9, 0x4B,
    0xDA, 0xA6, 0x1D, 0x8A, 0xC5, 0x37, 0xB5, 0xCD, 0xF9, 0xE5, 0x63, 0x15, 0x69, 0x5B, 0x94, 0x28,
    0x2E, 0xB1, 0xB6, 0x15, 0x26, 0xF5, 0x33, 0xEE, 0xB4, 0xC8, 0xF9, 0xFD, 0xD9, 0x29, 0xD6, 0x17,
    0x1C, 0x8A, 0x8F, 0x0D, 0xB1, 0xBE, 0xC8, 0x6D, 0xD2, 0xE3, 0x7D, 0xAC, 0x3F, 0x1A, 0x50, 0xCC,
    0xDA, 0x58, 0x7F, 0xD2, 0xA1, 0x58, 0x94, 0xB1, 0xBE, 0xD2, 0xA2, 0x58, 0x49, 0xA2, 0x6F, 0x96,
    0x3E, 0xD2, 0x49, 0xB6, 0x3F, 0xEC, 0x94, 0xE8, 0xCC, 0xE2, 0x28, 0x89, 0x3A, 0x16, 0x07, 0x86,
    0x41, 0x3C, 0x4C, 0x9E, 0xE8, 0xC0, 0x62, 0x2B, 0x89, 0x7A, 0xD7, 0x3A, 0xDE, 0x15, 0xF3, 0xBD,
    0x07, 0xAE, 0x64, 0x2D, 0xE4, 0x6F, 0x13, 0x12, 0xFF, 0x14, 0x3B, 0xF3, 0x0C, 0x33, 0x0B, 0xD7,
    0xE4, 0xBE, 0xC3, 0x77, 0x51, 0xED, 0xD5, 0x7F, 0x34, 0x5B, 0x99, 0x97, 0x2E, 0xF1, 0x22, 0x91,
    0x01, 0x98, 0x53, 0xB5, 0x9E, 0x96, 0x99, 0x4B, 0x55, 0xD2, 0x6F, 0xA9, 0xE4, 0x2E, 0xD6, 0xF2,
    0x13, 0x09, 0x8E, 0x73, 0xA8, 0x7C, 0x2A, 0x9D, 0x6D, 0x1F, 0x5D, 0x89, 0x64, 0x3C, 0xCE, 0x01,
    0x0F, 0x56, 0x2B, 0xE0, 0x07, 0x7A, 0x9B, 0xB5, 0x96, 0x76, 0xEC, 0xE4, 0x79, 0xF8, 0xF1, 0x9B,
    0xAD, 0x91, 0xD1, 0x3E, 0x6A, 0x5A, 0x9B, 0xB8, 0xE6, 0xCB, 0x75, 0x34, 0xDA, 0x3E, 0x30, 0xAD,
    0xCA, 0x64, 0x30, 0xB7, 0x7E, 0xB8, 0xB2, 0xC3, 0x92, 0x76, 0xA2, 0xB0, 0x79, 0xA1, 0x29, 0x6D,
    0x6E, 0x0E, 0x8D, 0x2E, 0x8C, 0x81, 0x1A, 0x9D, 0xF8, 0x09, 0x63, 0x01, 0x57, 0xBE, 0xBE, 0x60,
    0xAB, 0x4A, 0x67, 0x83, 0x70, 0x89, 0xD8, 0xDE, 0x3F, 0x05, 0x5A, 0x71, 0x9B, 0x3B, 0x65, 0xD0,
    0xAC, 0x4B, 0xDE, 0xC1, 0x7E, 0xE6, 0x6B, 0xE6, 0x73, 0x8D, 0x6A, 0x19, 0xAB, 0x8D, 0xF8, 0x96,
    0xFF, 0x18, 0xB5, 0xB3, 0xB9, 0x80, 0xB2, 0x2C, 0xFE, 0x23, 0x3D, 0xFF, 0xE9, 0x6C, 0x32, 0x08,
    0xC6, 0x98, 0xB7, 0xA6, 0x4E, 0x2A, 0x54, 0x3F, 0x07, 0x1E, 0x65, 0x34, 0x52, 0x53, 0x34, 0x17,
    0x6B, 0x53, 0x9B, 0x46, 0xBA, 0x78, 0x50, 0x9E, 0xC6, 0xE1, 0x1F, 0xDB, 0x85, 0x23, 0x1F, 0x7E,
    0x3C, 0x42, 0x4D, 0xCE, 0xF8, 0x88, 0x24, 0x5F, 0x0E, 0x46, 0x9B, 0xAA, 0x0E, 0x9B, 0xEE, 0xAE,
    0x64, 0xDE, 0x7E, 0xBA, 0x51, 0x9C, 0x65, 0x6D, 0x4A, 0x0B, 0x27, 0x6C, 0xBE, 0xE7, 0x9D, 0xCD,
    0x80, 0x0F, 0x6F, 0xE1, 0x64, 0x38, 0x4A, 0x38, 0x1B, 0xD1, 0x78, 0x91, 0x62, 0xB1, 0xBB, 0xAA,
    0xC4, 0x73, 0xA0, 0x5A, 0x26, 0x2E, 0x7A, 0x5B, 0xEB, 0xC4, 0xC5, 0x2F, 0x6A, 0x9B, 0x4E, 0xC9,
    0x67, 0x4E, 0xEF, 0x63, 0x2A, 0xDA, 0xA5, 0xC3, 0x07, 0x45, 0xFB, 0xAC, 0x37, 0xC8, 0x59, 0x6B,
    0xCC, 0xCD, 0x2E, 0xC5, 0x58, 0x94, 0x76, 0xAF, 0x90, 0x6A, 0xBB, 0x81, 0x9C, 0x89, 0x43, 0x76,
    0x60, 0xA2, 0x93, 0xE3, 0x8E, 0x24, 0xF1, 0xEE, 0xFB, 0xAF, 0xC8, 0x87, 0x0C, 0xB8, 0x8F, 0x96,
    0x59, 0x4E, 0xAD, 0xDE, 0xD2, 0xFA, 0xAA, 0x3F, 0x57, 0x38, 0x80, 0xC3, 0xBD, 0x5F, 0x87, 0xBE,
    0xFD, 0x79, 0xDF, 0xD1, 0x1B, 0xDE, 0xA5, 0xEE, 0x40, 0xA7, 0x74, 0xE2, 0xC2, 0xBC, 0xF1, 0xBF,
    0x64, 0x7E, 0x90, 0x2E, 0xD4, 0x62, 0x3A, 0x58, 0x34, 0x02, 0xF5, 0x96, 0x9B, 0xCE, 0x79, 0x51,
    0x2D, 0xBA, 0xE5, 0x97, 0x98, 0x60, 0xA2, 0x46, 0xAA, 0x60, 0x11, 0x3B, 0x0C, 0xC1, 0x8C, 0x81,
    0xF0, 0x20, 0xED, 0x78, 0x80, 0x37, 0xAB, 0xA5, 0x32, 0x43, 0xDC, 0x8F, 0x54, 0xD4, 0xE1, 0xFF,
    0x3F, 0x97, 0x1A, 0x5A, 0xF8, 0x5E, 0xA9, 0xDB, 0x56, 0x30, 0xFA, 0x03, 0x34, 0xD7, 0x83, 0x07,
    0x4C, 0xC0, 0x5A, 0xD0, 0x48, 0x56, 0xD2, 0x0E, 0x05, 0x6B, 0x21, 0x97, 0x49, 0x42, 0xC7, 0x46,
    0x12, 0x7F, 0x5A, 0x87, 0xDF, 0x7C, 0x28, 0xB3, 0xDF, 0xA6, 0xBD, 0xD7, 0xFD, 0x38, 0x69, 0xD7,
    0x6C, 0xD9, 0x7D, 0xEE, 0x84, 0x14, 0xE3, 0x3B, 0xBF, 0x22, 0x8C, 0x6F, 0x49, 0x6C, 0x95, 0xF6,
    0x59, 0x2D, 0x8D, 0x6A, 0x53, 0x06, 0x88, 0x27, 0x22, 0x34, 0x96, 0xBC, 0xDA, 0x68, 0x27, 0x29,
    0x3E, 0xD8, 0xB9, 0x47, 0xE8, 0x06, 0xF1, 0xC8, 0xB5, 0x67, 0xDB, 0xE2, 0xCC, 0x5B, 0xC5, 0xF0,
    0x0C, 0xFC, 0x89, 0x6B, 0xAC, 0x6C, 0x4F, 0xA1, 0x9E, 0x09, 0x7D, 0xEF, 0xED, 0xCB, 0x6C, 0x6D,
    0xE5, 0x79, 0xBC, 0xA4, 0x78, 0x68, 0x7D, 0xE2, 0xB2, 0x27, 0xAC, 0x15, 0x73, 0x8A, 0x9A, 0xEF,
    0x15, 0xBE, 0x7E, 0x09, 0x49, 0x72, 0x05, 0x39, 0xCA, 0xE1, 0x1E, 0xFE, 0x95, 0x87, 0x0B, 0x46,
    0x92, 0x19, 0x7D, 0x9F, 0xD2, 0xDF, 0xE5, 0xF4, 0xA5, 0x39, 0xB4, 0x99, 0x14, 0xC3, 0xE5, 0x23,
    0x5A, 0x21, 0x18, 0x2D, 0x9E, 0xB1, 0x2A, 0xF2, 0x97, 0xF7, 0xCF, 0x0D, 0x3E, 0x31, 0x78, 0x88,
    0xE2, 0x22, 0x11, 0xFD, 0x1F, 0x94, 0x97, 0x31, 0xAC, 0xE6, 0x48, 0xB1, 0x85, 0x8F, 0xED, 0xB7,
    0x63, 0xE9, 0x59, 0xC2, 0x9B, 0xAF, 0x90, 0x73, 0x21, 0xE1, 0x90, 0x04, 0xD4, 0x86, 0x3C, 0x20,
    0x60, 0xF3, 0x3C, 0x1A, 0x02, 0x02, 0x22, 0x6C, 0x48, 0x49, 0x26, 0x4F, 0x96, 0x80, 0x10, 0x69,
    0xC9, 0x83, 0xB1, 0x25, 0xC2, 0x95, 0xC0, 0x88, 0x90, 0x60, 0xCD, 0x30, 0x19, 0x01, 0x96, 0xB6,
    0x41, 0x1E, 0x6D, 0xDB, 0x87, 0xAD, 0x2A, 0x97, 0xED, 0x60, 0xD0, 0x88, 0x96, 0xC6, 0xA7, 0xFA,
    0xDE, 0xDB, 0xD3, 0xD5, 0xDF, 0x29, 0xD7, 0xDF, 0x3F, 0x74, 0x64, 0x9D, 0x69, 0xB5, 0x9A, 0xD6,
    0xF1, 0x9C, 0xBB, 0xAE, 0xA6, 0x8D, 0xE8, 0x4B, 0x92, 0x13, 0xD0, 0x90, 0x3C, 0x00, 0xD0, 0xA6,
    0xA5, 0xE8, 0x0A, 0xB4, 0x7C, 0x5B, 0x72, 0x03, 0xFA, 0x03, 0x18, 0x13, 0x20, 0x71, 0xD8, 0x51,
    0x70, 0x01, 0xDA, 0x03, 0xA5, 0x2E, 0x3D, 0x50, 0x73, 0x38, 0x15, 0xAA, 0xED, 0x61, 0x1A, 0x76,
    0x40, 0x26, 0x21, 0x89, 0xEE, 0xAA, 0xF2, 0x50, 0xED, 0x13, 0xFA, 0x0D, 0xC0, 0xB8, 0x99, 0x72,
    0xD5, 0x9F, 0xE7, 0x5C, 0x54, 0x4B, 0x4E, 0xBA, 0xBE, 0x61, 0x87, 0x86, 0x96, 0x42, 0xCD, 0xB9,
    0x64, 0x02, 0x0A, 0x92, 0x92, 0x42, 0x26, 0xDA, 0x41, 0xF2, 0xE4, 0xA6, 0x47, 0x1F, 0x0F, 0x99,
    0xEA, 0xF8, 0xB1, 0x3C, 0x8A, 0xF4, 0x5F, 0x9E, 0x9B, 0x1C, 0xFD, 0xF3, 0x55, 0x4F, 0x3A, 0x20,
    0xE8, 0x7A, 0x92, 0x09, 0x05, 0x63, 0x9B, 0x50, 0x71, 0xAA, 0xF5, 0x3C, 0xF5, 0x81, 0x76, 0x97,
    0x20, 0x24, 0x89, 0xC3, 0x26, 0xCF, 0x3E, 0xA2, 0xD9, 0x31, 0xAE, 0x68, 0x93, 0x3C, 0x83, 0x3E,
    0xFB, 0x4D, 0x9E, 0x5C, 0xD1, 0xAF, 0x7A, 0x86, 0xAD, 0x91, 0x13, 0x90, 0x94, 0xBC, 0xCF, 0xAC,
    0x17, 0x21, 0xFE, 0x0E, 0x3E, 0xDC, 0x2A, 0xF7, 0xC4, 0xCD, 0xBA, 0xDD, 0x7A, 0xFE, 0xAA, 0x99,
    0x4B, 0x49, 0x33, 0x90, 0x5D, 0x49, 0x46, 0xB4, 0x8C, 0x40, 0x38, 0x3A, 0xE4, 0x9B, 0x61, 0x45,
    0x21, 0x6B, 0x46, 0x09, 0x64, 0x8D, 0xFC, 0xBA, 0xD4, 0x60, 0x05, 0x2A, 0xC1, 0x25, 0x41, 0x3D,
    0x1B, 0x63, 0xD4, 0x93, 0xA4, 0x34, 0x03, 0xCD, 0x60, 0xB4, 0xD1, 0x76, 0x40, 0x25, 0x41, 0x90,
    0x44, 0x04, 0x6C, 0xAF, 0x01, 0x80, 0xD7, 0xB2, 0xBF, 0x04, 0xA7, 0xA3, 0x40, 0x02, 0xD4, 0x9F,
    0xEC, 0xB9, 0x39, 0x7A, 0xDF, 0x5C, 0x02, 0xD9, 0x53, 0x83, 0x66, 0x82, 0x64, 0x0A, 0xF4, 0x83,
    0x04, 0x9C, 0x5F, 0x10, 0xB0, 0xA2, 0xDB, 0xF5, 0x88, 0x24, 0xA3, 0xF2, 0x50, 0x37, 0x64, 0x7C,
    0xC2, 0xB7, 0xAA, 0xFF, 0x5B, 0x49, 0xD7, 0x2B, 0xB2, 0x4F, 0x91, 0x8F, 0x9C, 0xD0, 0x72, 0xA8,
    0x48, 0x64, 0xE4, 0x54, 0xF3, 0x95, 0xF8, 0x3C, 0x34, 0x07, 0xD0, 0xFC, 0x95, 0x62, 0x28, 0x7E,
    0x60, 0x96, 0xE2, 0xE3, 0xFA, 0x50, 0x55, 0x2B, 0xA3, 0x1D, 0x85, 0x7A, 0x80, 0x98, 0xA9, 0x8E,
    0xE2, 0xA6, 0x42, 0x2C, 0xC6, 0x59, 0x32, 0x9C, 0xAB, 0x7E, 0x12, 0x84, 0xD3, 0xB7, 0xC7, 0x41,
    0x08, 0x4E, 0xDF, 0x67, 0x27, 0x3A, 0xFC, 0x8B, 0xF9, 0x8C, 0x92, 0xFF, 0x78, 0xC3, 0x76, 0x12,
    0xB3, 0xFF, 0x40, 0x42, 0xB4, 0xE0, 0x26, 0x7F, 0x9F, 0x4A, 0x81, 0x8D, 0x7E, 0xCE, 0xDF, 0xE1,
    0x39, 0xF2, 0x2D, 0xDB, 0x9F, 0x47, 0xDD, 0xED, 0x50, 0x3E, 0xD8, 0xCF, 0xCF, 0x69, 0xCF, 0xEE,
    0x8A, 0xCD, 0x81, 0xE7, 0x68, 0x23, 0x3E, 0x34, 0x72, 0x92, 0x92, 0xC0, 0x48, 0x65, 0xED, 0xAF,
    0x92, 0x08, 0x3B, 0xFB, 0xF1, 0x8E, 0x4C, 0xA7, 0xA7, 0x45, 0xEC, 0x64, 0x0D, 0x4F, 0xE7, 0x7B,
    0x4E, 0xC5, 0x0E, 0x70, 0xB3, 0xDD, 0x2B, 0xCE, 0xE5, 0xA6, 0x0D, 0x41, 0xD1, 0xE5, 0x5C, 0xAB,
    0x55, 0xFB, 0x81, 0x3A, 0x9F, 0x71, 0xAD, 0x27, 0x75, 0x5E, 0xDF, 0x73, 0x70, 0xFD, 0xFF, 0x0E,
    0x4C, 0x80, 0x84, 0xF6, 0x2F, 0x57, 0xCA, 0x99, 0x4F, 0xB5, 0xFE, 0xAC, 0x40, 0xAD, 0x01, 0x01,
    0x56, 0xA6, 0xFA, 0x17, 0x7D, 0xB2, 0xE9, 0xA4, 0xD3, 0xCC, 0x8A, 0xA6, 0xE4, 0xA0, 0x09, 0x28,
    0x5F, 0x2D, 0x5C, 0x5D, 0x20, 0xAA, 0x53, 0xA0, 0xA2, 0x27, 0x81, 0x86, 0xD0, 0xF4, 0xB8, 0x19,
    0xB0, 0x5D, 0xF6, 0xD0, 0xE5, 0xF5, 0x60, 0x75, 0xDC, 0x5B, 0x3F, 0x6B, 0x3B, 0x9D, 0x66, 0x4C,
    0x9A, 0xC4, 0x68, 0x27, 0xA8, 0xB8, 0xCA, 0x0B, 0x96, 0x1D, 0x7A, 0x82, 0x6C, 0xE4, 0x2C, 0xF9,
    0x6B, 0x4F, 0x31, 0x64, 0x95, 0x3C, 0x13, 0xF0, 0x42, 0x74, 0x43, 0x4D, 0x2B, 0xED, 0xDE, 0x68,
    0x37, 0x67, 0x5F, 0x15, 0xF9, 0x2D, 0x10, 0x0C, 0xFE, 0x6D, 0x4A, 0x35, 0x97, 0xEB, 0x65, 0x49,
    0xB9, 0xB6, 0x93, 0x1B, 0x82, 0x22, 0xDD, 0x76, 0x68, 0x52, 0x6E, 0x86, 0x72, 0x72, 0x2B, 0x80,
    0x71, 0xBA, 0x8C, 0x40, 0xFF, 0x0A, 0x3F, 0x75, 0x1B, 0x72, 0x1E, 0xD9, 0xE6, 0x26, 0x54, 0xE4,
    0xD7, 0xD1, 0x2D, 0x68, 0x48, 0xC7, 0xCB, 0x55, 0x32, 0xEA, 0x1C, 0xFF, 0xEB, 0x4F, 0xB8, 0x5F,
    0xF0, 0x23, 0xFA, 0x78, 0xA1, 0xFF, 0x0D, 0x9A, 0xF9, 0x06, 0x8F, 0xBE, 0xBB, 0xB1, 0x67, 0xFB,
    0x03, 0x7A, 0x19, 0x1F, 0xC8, 0xEB, 0xF9, 0x06, 0x8E, 0xD0, 0xE1, 0xC2, 0x8D, 0x03, 0x70, 0xD8,
    0xB2, 0x43, 0xB6, 0x38, 0xEA, 0x9A, 0x5B, 0x39, 0x9F, 0xA0, 0x95, 0xD6, 0x70, 0x62, 0x16, 0x39,
    0x1C, 0x72, 0x11, 0x47, 0x26, 0x47, 0x5C, 0xCD, 0x0D, 0x57, 0x07, 0x5C, 0x0C, 0x19, 0x07, 0xDC,
    0xE3, 0xFF, 0x4E, 0x7D, 0xB1, 0xC1, 0xC7, 0x77, 0x18, 0xD1, 0x4C, 0xF5, 0x22, 0xF1, 0x28, 0x5B,
    0x2E, 0xBD, 0xAE, 0xE8, 0xB9, 0xA0, 0xFA, 0x37, 0x25, 0x54, 0xB2, 0x85, 0x32, 0xD7, 0x17, 0x1F,
    0x85, 0x22, 0xD7, 0x97, 0x1E, 0x19, 0xA7, 0x33, 0xEE, 0x80, 0x4F, 0xA1, 0xA3, 0x24, 0xCE, 0x51,
    0x6D, 0xD5, 0x81, 0xEC, 0xE8, 0x32, 0x75, 0xB2, 0x16, 0x93, 0xB6, 0x72, 0x11, 0x8B, 0x3F, 0x93,
    0xBA, 0xE2, 0x3F, 0x67, 0xD4, 0xDF, 0x3C, 0x37, 0xF4, 0x0A, 0x3E, 0xF0, 0x97, 0x8C, 0x30, 0xC7,
    0xC7, 0x84, 0x7E, 0xCD, 0xB6, 0x97, 0x8C, 0x6A, 0x4E, 0xBF, 0x16, 0x4B, 0xC6, 0x59, 0x19, 0x73,
    0xCE, 0x27, 0x81, 0x2E, 0x88, 0x75, 0xFB, 0x5D, 0x91, 0x4B, 0x6A, 0xDA, 0x86, 0x9B, 0x43, 0xD3,
    0x51, 0xE2, 0x6D, 0x52, 0x37, 0x14, 0x78, 0x48, 0x77, 0x13, 0x0F, 0x1B, 0x82, 0xD6, 0x95, 0xF6,
    0x3A, 0x30, 0xA9, 0x85, 0xC5, 0xD0, 0xC7, 0x5C, 0xE2, 0xC0, 0xA5, 0xE9, 0xFA, 0xAD, 0xFE, 0x32,
    0x7D, 0x64, 0xAC, 0x03, 0xF9, 0x19, 0xF7, 0x42, 0xAB, 0x3B, 0xF0, 0x68, 0x99, 0xEA, 0x37, 0x54,
    0x8B, 0x62, 0x60, 0x6A, 0x87, 0xC0, 0x09, 0x39, 0xBB, 0x86, 0xAF, 0xBE, 0x85, 0xF2, 0xC0, 0x3D,
    0x3E, 0xB6, 0xFA, 0xD6, 0x1F, 0xD5, 0xB2, 0xA2, 0xA0, 0xA1, 0x6C, 0xA8, 0xB5, 0x63, 0x06, 0xBD,
    0xE0, 0x6E, 0xA5, 0xA2, 0x83, 0xD1, 0x3F, 0x66, 0xE0, 0xF5, 0x6D, 0xF4, 0x33, 0x2E, 0xF7, 0xA4,
    0xB0, 0x86, 0xBA, 0x9D, 0x93, 0xC9, 0x17, 0x02, 0xA5, 0x4D, 0xD6, 0xD3, 0xBD, 0x01, 0x8A, 0xD0,
    0xBB, 0x03, 0x72, 0xCE, 0xB0, 0x0C, 0x7C, 0xA1, 0x6F, 0xE7, 0x93, 0xB0, 0x5B, 0x63, 0xB1, 0x49,
    0xF2, 0x85, 0xB2, 0x9D, 0x4D, 0x34, 0xB6, 0x2E, 0xD2, 0x3C, 0xF3, 0x6C, 0x77, 0xCB, 0xF3, 0x99,
    0x74, 0x7E, 0x75, 0xC7, 0xFD, 0x23, 0xDB, 0x41, 0xEA, 0xBB, 0x4C, 0xA1, 0xD3, 0xD4, 0x20, 0x14,
    0xB7, 0xB0, 0x58, 0xAF, 0xD3, 0x0E, 0xD1, 0x53, 0x71, 0xBC, 0xD0, 0x49, 0xD0, 0x0E, 0x62, 0xF5,
    0x3D, 0x37, 0xB4, 0x25, 0x32, 0xA6, 0x9C, 0x6F, 0xF1, 0x18, 0x99, 0xA6, 0xE8, 0x15, 0xEB, 0x61,
    0xCD, 0xC5, 0xF9, 0xD7, 0x9C, 0x9D, 0x7E, 0xCD, 0xC9, 0xD9, 0xE7, 0xC7, 0x83, 0xFC, 0x83, 0xBB,
    0x1F, 0xE0, 0x19, 0xB6, 0x8B, 0x13, 0xCF, 0x19, 0x9D, 0x77, 0x63, 0xE1, 0xAA, 0x49, 0xAE, 0xE7,
    0xE1, 0xF3, 0x43, 0x9E, 0x4A, 0xBA, 0x5C, 0xB8, 0x9C, 0x68, 0x8B, 0x8E, 0xB3, 0x53, 0xCE, 0x38,
    0x39, 0xE3, 0x9C, 0x93, 0x13, 0x2E, 0x38, 0x38, 0xDF, 0x82, 0x9D, 0xD3, 0xAD, 0x78, 0xB1, 0xAD,
    0x79, 0x65, 0x53, 0x1F, 0xCE, 0x15, 0xCD, 0xEE, 0x54, 0xD1, 0x26, 0x67, 0x8A, 0xB0, 0x39, 0x51,
    0x84, 0xE8, 0x3C, 0xD1, 0xAF, 0x4E, 0x13, 0xE3, 0xEA, 0x2C, 0xC1, 0x05, 0x3E, 0x38, 0x79, 0x74,
    0xB7, 0x0F, 0xCD, 0xC6, 0xC3, 0xC3, 0x83, 0xA5, 0x4C, 0x4E, 0x3C, 0xD6, 0xD1, 0xC3, 0xBD, 0x5D,
    0x3C, 0x14, 0xBB, 0x7C, 0xFD, 0xEE, 0xEB, 0xB3, 0xF1, 0x95, 0xF7, 0x21, 0x31, 0x4D, 0x7B, 0x50,
    0xC9, 0x19, 0xE4, 0xAA, 0x76, 0x8D, 0x5C, 0x54, 0x1B, 0xCE, 0x62, 0x94, 0xF0, 0x12, 0x97, 0x54,
    0x9F, 0xA9, 0x94, 0x74, 0x8B, 0xCD, 0x99, 0xFA, 0x30, 0x5B, 0x9A, 0xDD, 0x3C, 0x69, 0x93, 0x19,
    0x12, 0x36, 0x73, 0x23, 0x44, 0xB3, 0x62, 0x5C, 0xCD, 0x07, 0xAE, 0x66, 0x02, 0x17, 0x75, 0xC0,
    0xDA, 0xCB, 0xA0, 0xB1, 0x6C, 0x21, 0xB1, 0x6C, 0x51, 0xB2, 0x3B, 0x3B, 0xBA, 0x21, 0x97, 0xB8,
    0xD9, 0x25, 0xCE, 0x87, 0x36, 0x49, 0xFC, 0x72, 0x12, 0xD2, 0x41, 0xDA, 0x44, 0x14, 0x8D, 0xCA,
    0x38, 0x70, 0x50, 0xC0, 0x4D, 0x84, 0xD3, 0x75, 0xB4, 0x99, 0xA9, 0x74, 0x0C, 0xD5, 0x82, 0x4F,
    0x9C, 0xA5, 0xB1, 0x74, 0x90, 0x4E, 0xF1, 0x46, 0x78, 0xF2, 0xCB, 0xC9, 0x05, 0x81, 0x9B, 0x15,
    0x75, 0xA1, 0x36, 0x2B, 0x4A, 0x6E, 0xC8, 0x64, 0xF6, 0xC9, 0xD1, 0x21, 0x1B, 0xD9, 0x59, 0x8D,
    0x66, 0xC9, 0x2B, 0xA7, 0x65, 0xBC, 0x6F, 0xCD, 0x08, 0xE3, 0x76, 0x5E, 0x9D, 0xF5, 0x47, 0x21,
    0xDD, 0xF7, 0x67, 0xF4, 0x21, 0xA1, 0x5C, 0xBC, 0xBC, 0x5F, 0xB7, 0x3B, 0xAA, 0xD9, 0xDB, 0xD0,
    0xDE, 0x1C, 0xF7, 0x2D, 0x3A, 0x4B, 0x35, 0xD1, 0x4C, 0xA7, 0x49, 0xF9, 0x56, 0x13, 0xAD, 0x5F,
    0xAC, 0x8B, 0x58, 0x11, 0xA1, 0x3B, 0x5B, 0x51, 0xB1, 0x96, 0xEC, 0xAE, 0x2B, 0x76, 0xB9, 0x16,
    0x1C, 0x7E, 0xE1, 0x6F, 0x60, 0xB5, 0x14, 0x9C, 0xAE, 0x3B, 0x76, 0x3D, 0xE5, 0x9C, 0x92, 0xB7,
    0xA3, 0x66, 0xCA, 0xF9, 0xE7, 0xFB, 0x08, 0x43, 0xC6, 0x37, 0x9B, 0x37, 0xA4, 0xD0, 0x81, 0x7F,
    0x8F, 0xDE, 0x91, 0x02, 0xC0, 0xAF, 0xD6, 0xBC, 0xB3, 0xA4, 0x7B, 0x60, 0xFC, 0x7A, 0xA9, 0xE7,
    0xC2, 0x92, 0x06, 0x7A, 0xCE, 0x4D, 0x6C, 0xD4, 0x01, 0xED, 0xF4, 0x53, 0x43, 0x52, 0xAA, 0x71,
    0xD7, 0x59, 0x4D, 0x26, 0xFB, 0x00, 0xB4, 0x4B, 0xB4, 0x2E, 0x93, 0x67, 0xC3, 0x2E, 0x1B, 0xDF,
    0xE1, 0x39, 0x70, 0xDD, 0x4E, 0xFD, 0x26, 0xE7, 0xC5, 0x1E, 0x2F, 0x77, 0x24, 0x76, 0x6F, 0x0A,
    0xAE, 0xB7, 0x33, 0xE3, 0xF0, 0xF0, 0xE5, 0xE9, 0xCA, 0xD3, 0x93, 0xDB, 0x91, 0x6A, 0xBB, 0xFD,
    0x60, 0xBA, 0xDC, 0x28, 0x35, 0x36, 0x2F, 0x5A, 0xA6, 0xCB, 0x89, 0x71, 0x4C, 0xEE, 0xC3, 0xAF,
    0xB6, 0xB0, 0xB9, 0x0B, 0x3F, 0x9C, 0xFA, 0x78, 0x7B, 0x30, 0xAE, 0xB7, 0x03, 0x5C, 0x6E, 0xFE,
    0x9C, 0x9D, 0xBE, 0x96, 0xAA, 0xB3, 0xCF, 0x39, 0x39, 0x79, 0x7D, 0x3B, 0x9C, 0x7B, 0xC1, 0xCE,
    0xA9, 0xA3, 0xE4, 0xC5, 0x1C, 0x15, 0x2F, 0xE2, 0xD6, 0xAC, 0x8C, 0x37, 0xEA, 0xFD, 0xA2, 0x8D,
    0x36, 0x5D, 0xAC, 0x11, 0xB6, 0x8B, 0x34, 0x42, 0x7C, 0x50, 0x5E, 0xEF, 0x78, 0x5C, 0xEE, 0x98,
    0xD3, 0x23, 0x1E, 0x3C, 0xDA, 0x72, 0x7A, 0x98, 0xEF, 0xC5, 0x7E, 0x7B, 0x52, 0xC7, 0xDB, 0x2B,
    0xBA, 0x71, 0xE2, 0x47, 0x77, 0xEF, 0xF4, 0x16, 0xCF, 0x31, 0x3E, 0xDA, 0xDF, 0xE2, 0x61, 0xC5,
    0xF5, 0x3D, 0x61, 0xF9, 0xFC, 0x1F, 0x3B, 0x7C, 0x70, 0xBC, 0x4C, 0x78, 0xB9, 0x00, 0xCD, 0x8A,
    0x82, 0xA9, 0xD0, 0x37, 0x76, 0x43, 0xCD, 0x58, 0x73, 0x47, 0xCD, 0x0D, 0x2D, 0xD7, 0xC0, 0x5D,
    0x5F, 0xE8, 0xF0, 0xF9, 0x4A, 0xEE, 0x19, 0x19, 0xF1, 0xB3, 0xF6, 0x6F, 0xB1, 0xDD, 0x8B, 0x38,
    0xAE, 0x78, 0x15, 0xFE, 0x32, 0xB5, 0xA9, 0x18, 0xB8, 0xA0, 0x0B, 0x5F, 0x74, 0x21, 0x99, 0x6D,
    0xFD, 0x1F, 0x05, 0xA3, 0xBA, 0x36, 0xFE, 0x4E, 0x0C, 0x56, 0xD3, 0xF8, 0x73, 0x70, 0x35, 0xCF,
    0xF8, 0x7B, 0x6B, 0x74, 0x9D, 0xBC, 0xC6, 0xF2, 0xCB, 0x92, 0x02, 0x64, 0x2E, 0x38, 0xA9, 0x61,
    0xDF, 0xA8, 0x76, 0xBC, 0x43, 0x3F, 0x9D, 0x6A, 0x66, 0x83, 0x34, 0xBB, 0x8A, 0x5D, 0x7D, 0x34,
    0x93, 0xB8, 0x25, 0x25, 0x45, 0x22, 0x48, 0x78, 0x68, 0xFF, 0x09, 0xD6, 0x74, 0x03, 0x67, 0xB1,
    0x4A, 0x2C, 0x6D, 0x36, 0x2D, 0x2E, 0x1F, 0x9C, 0x3F, 0xF4, 0xE1, 0xE2, 0xC6, 0xAC, 0x97, 0x61,
    0xC5, 0x56, 0x6D, 0xCE, 0xF6, 0x68, 0xD6, 0xEB, 0x2F, 0x39, 0x5D, 0xE1, 0xF1, 0x9E, 0xAA, 0xD0,
    0xEF, 0x10, 0xF0, 0xAF, 0x0F, 0x40, 0xB1, 0x9B, 0x1B, 0x99, 0x37, 0x4F, 0x46, 0xD3, 0x71, 0xC6,
    0xFB, 0x86, 0x1B, 0x5D, 0x9F, 0xD6, 0x36, 0xA7, 0x86, 0x53, 0x47, 0xD3, 0xEC, 0x30, 0x2D, 0xD2,
    0xA8, 0x5A, 0xC5, 0x31, 0xEA, 0xB2, 0xD5, 0x34, 0x4C, 0x76, 0x31, 0xEB, 0x07, 0x53, 0x42, 0x35,
    0xDF, 0xAD, 0x61, 0x95, 0xE9, 0xBC, 0x56, 0xAD, 0xA6, 0xCD, 0x62, 0x1A, 0x48, 0x8A, 0x8E, 0xA6,
    0x19, 0xFD, 0xEB, 0x8F, 0x7D, 0xFC, 0x57, 0xD1, 0x5A, 0x63, 0xBD, 0x98, 0x86, 0xC9, 0x6E, 0x08,
    0xBD, 0xB6, 0x78, 0x2B, 0xBC, 0x96, 0xDD, 0xF9, 0x29, 0x10, 0x25, 0xE7, 0x9A, 0x8C, 0xB8, 0xC6,
    0x6B, 0xFD, 0x53, 0xF4, 0x3F, 0x52, 0x18, 0xE1, 0x4F, 0x51, 0xA4, 0xF5, 0x6F, 0x8E, 0x83, 0x8A,
    0x51, 0xCD, 0x7E, 0x82, 0x7B, 0x54, 0x1B, 0x3E, 0xD5, 0xAC, 0x8A, 0x43, 0x2D, 0xF8, 0xB5, 0xDE,
    0xB8, 0xF9, 0x65, 0x82, 0xDE, 0xD9, 0x37, 0xBB, 0xAE, 0xDB, 0x4D, 0x7D, 0x5C, 0xED, 0x92, 0x2E,
    0xAF, 0xFF, 0x24, 0xA5, 0x56, 0x53, 0x6A, 0x4A, 0xF2, 0x2C, 0x39, 0xC8, 0x31, 0x6A, 0x76, 0x72,
    0xDA, 0xEF, 0x52, 0xAF, 0xE1, 0xDF, 0x23, 0x64, 0xE9, 0x57, 0xBB, 0x48, 0xF1, 0x45, 0x2A, 0xD1,
    0x6F, 0xFF, 0x69, 0xE7, 0x0A, 0x20, 0x35, 0xB9, 0xAE, 0xF0, 0xFD, 0x67, 0xBC, 0x37, 0x64, 0xE8,
    0x14, 0x9B, 0xC0, 0x56, 0xA7, 0x80, 0xA2, 0xED, 0x40, 0x10, 0xA4, 0xB9, 0xB3, 0x5B, 0x40, 0x91,
    0x45, 0x02, 0x82, 0x02, 0x28, 0xD8, 0x62, 0x4B, 0xB1, 0xDD, 0x99, 0x00, 0x00, 0x0B, 0x00, 0xAA,
    0x00, 0x0A, 0x2D, 0xA0, 0x48, 0x3A, 0xB7, 0x00, 0xA8, 0x0C, 0x45, 0x11, 0x64, 0x9A, 0x86, 0xB4,
    0x82, 0x4C, 0x74, 0x34, 0xB3, 0xE9, 0xCC, 0x9C, 0xBA, 0xDF, 0xF9, 0xFE, 0xE3, 0xFF, 0x7F, 0xEF,
    0xAD, 0x15, 0xBA, 0x5E, 0xDE, 0xDB, 0x8B, 0xFD, 0x26, 0xF2, 0xFE, 0x7F, 0x66, 0xEE, 0x39, 0xF7,
    0xDC, 0x73, 0xBE, 0xF3, 0xDD, 0xBF, 0x7C, 0x73, 0xB9, 0x5F, 0x7B, 0xD9, 0x4A, 0xAC, 0x80, 0xB9,
    0xD2, 0xC4, 0xC0, 0x4B, 0x1B, 0xF3, 0x80, 0x12, 0x6B, 0xB4, 0x40, 0xD1, 0xA2, 0xE5, 0x4A, 0xF6,
    0x95, 0x26, 0xAF, 0x33, 0x53, 0x64, 0x73, 0x33, 0x1B, 0x4C, 0x01, 0x53, 0x9D, 0xD5, 0x4E, 0x1E,
    0x5B, 0xCE, 0x57, 0x6D, 0x96, 0xF0, 0x32, 0xAD, 0x52, 0x83, 0xA9, 0x19, 0xAD, 0x3A, 0x67, 0x1A,
    0x8B, 0x57, 0xC3, 0x1A, 0xB1, 0x04, 0xB9, 0x90, 0x9A, 0x39, 0xC8, 0xE5, 0x5F, 0xD9, 0xA9, 0x0F,
    0xD8, 0x57, 0xBA, 0x73, 0xE6, 0xB4, 0x58, 0x90, 0x72, 0x90, 0x5A, 0x8D, 0xC9, 0xE2, 0x92, 0x25,
    0x12, 0x39, 0x5B, 0xE4, 0x59, 0x44, 0x48, 0x69, 0x39, 0x1F, 0x3F, 0xF6, 0x72, 0x6D, 0x29, 0x14,
    0x36, 0x8F, 0x3E, 0xDA, 0xA4, 0xD7, 0x45, 0x51, 0x7E, 0x2A, 0xC1, 0xBD, 0x11, 0x97, 0xEE, 0xAD,
    0x42, 0x68, 0x47, 0x38, 0x0D, 0x3D, 0x0B, 0x64, 0x23, 0xF9, 0x30, 0xCC, 0x12, 0x0B, 0x26, 0x09,
    0xBF, 0x75, 0x99, 0xBC, 0x13, 0x53, 0xAE, 0x58, 0xA5, 0x4A, 0x34, 0x2D, 0xF6, 0x82, 0x27, 0xB4,
    0xFD, 0x80, 0x32, 0x36, 0x9D, 0xAA, 0xDE, 0x96, 0x93, 0xAD, 0x26, 0x99, 0x2E, 0x5D, 0x4B, 0xF7,
    0x39, 0xC9, 0xF8, 0x4B, 0x2D, 0x4E, 0xB3, 0x08, 0x83, 0xD2, 0xAA, 0x13, 0x59, 0x55, 0x25, 0x55,
    0x17, 0xE5, 0x54, 0x57, 0x52, 0xAA, 0x64, 0x54, 0x49, 0xA8, 0x92, 0x4F, 0x25, 0x9D, 0x4A, 0x36,
    0x95, 0x64, 0x2A, 0xB9, 0x54, 0x52, 0xA9, 0x64, 0x52, 0x95, 0x48, 0x1D, 0xC9, 0xA3, 0x2A, 0x8D,
    0xDA, 0x82, 0x45, 0x15, 0x92, 0xA8, 0xCA, 0x32, 0x8C, 0x46, 0xA1, 0x92, 0x41, 0x25, 0x81, 0xCA,
    0xE1, 0xB1, 0xBE, 0x7C, 0xC0, 0x53, 0xFC, 0x6D, 0xB1, 0xA0, 0xA0, 0x24, 0x4D, 0x2A, 0xC7, 0xCB,
    0x84, 0xD4, 0x66, 0x26, 0xA0, 0x10, 0x45, 0xC6, 0xE7, 0xCD, 0xA8, 0x56, 0x6D, 0xA9, 0xEB, 0xB8,
    0xEF, 0x6A, 0x18, 0xEE, 0xCB, 0x95, 0x3B, 0xD3, 0x64, 0xF5, 0xE2, 0xA5, 0xDB, 0x13, 0xB9, 0xD5,
    0x29, 0x97, 0x68, 0x19, 0x19, 0x77, 0xB2, 0xD5, 0xEE, 0xF6, 0xAA, 0xCE, 0x93, 0xCC, 0xA4, 0x36,
    0x27, 0x5D, 0x17, 0x29, 0xD9, 0xAA, 0x6C, 0x30, 0x52, 0x95, 0x9C, 0x2A, 0x29, 0xD5, 0x88, 0x48,
    0x15, 0x34, 0x01, 0xF4, 0x5C, 0x25, 0x9E, 0xEB, 0xE4, 0x91, 0xB1, 0xA9, 0x24, 0x53, 0xC9, 0xA5,
    0x2E, 0xBC, 0xDD, 0x64, 0x4C, 0x2A, 0x89, 0x54, 0x20, 0xEA, 0x79, 0xCF, 0xA8, 0x47, 0x16, 0xD5,
    0x48, 0x54, 0x72, 0xA8, 0xA4, 0x50, 0x4F, 0x19, 0x54, 0xE3, 0x19, 0x8D, 0x5F, 0x14, 0xDF, 0x47,
    0xE8, 0x74, 0x2E, 0xC8, 0x8E, 0x55, 0x33, 0xE0, 0xEC, 0x9E, 0xB3, 0x11, 0xF9, 0xD4, 0xDF, 0x39,
    0xCD, 0x04, 0xC9, 0xA6, 0x92, 0x4C, 0x25, 0x97, 0x4A, 0x2A, 0xD5, 0x98, 0x54, 0x25, 0x52, 0xC9,
    0xA3, 0x92, 0x46, 0x25, 0x8B, 0x4A, 0x12, 0x95, 0x1C, 0x2A, 0x29, 0x54, 0x32, 0xA8, 0x24, 0x50,
    0xC9, 0x9F, 0x2A, 0x7D, 0x4A, 0xF6, 0xD4, 0xC8, 0x53, 0xE3, 0x4E, 0x77, 0xE4, 0xFB, 0x13, 0xC6,
    0x76, 0xA4, 0x97, 0x4F, 0x19, 0x55, 0x5B, 0xB5, 0x11, 0xBB, 0xD0, 0x05, 0x0D, 0x8E, 0x72, 0x84,
    0x8D, 0x6B, 0x1C, 0xC7, 0xCD, 0xF3, 0x0C, 0x2C, 0xFE, 0x5A, 0xF7, 0x5E, 0x47, 0xB8, 0x64, 0xA4,
    0x33, 0xF2, 0xF3, 0x62, 0xC9, 0x57, 0x40, 0x41, 0x58, 0xC0, 0xC1, 0x67, 0xC7, 0xEC, 0xF3, 0xD5,
    0xF6, 0x21, 0x4C, 0x8C, 0x62, 0xB9, 0x2A, 0xFA, 0xF1, 0x28, 0xE9, 0xDD, 0xD3, 0xF2, 0xE9, 0xF8,
    0xEC, 0xBE, 0xF4, 0xC2, 0x97, 0x98, 0x38, 0x44, 0x03, 0x1D, 0x24, 0xB6, 0xC5, 0xCC, 0x16, 0x16,
    0xC0, 0x3B, 0x8C, 0x5B, 0xD7, 0xCD, 0xA5, 0x76, 0x33, 0x7D, 0x86, 0x31, 0xD6, 0x75, 0xF7, 0xF9,
    0xC2, 0x52, 0x2B, 0xD2, 0xA5, 0xCA, 0xF9, 0x85, 0x4B, 0x3D, 0xBB, 0x4B, 0x71, 0x5F, 0x2F, 0x75,
    0x5B, 0x2F, 0xFE, 0xBD, 0xEA, 0x6B, 0xCF, 0x07, 0xD5, 0x4A, 0xC2, 0x52, 0xEA, 0xED, 0xEB, 0xE6,
    0x52, 0x99, 0x9C, 0x14, 0x88, 0x52, 0x2B, 0x36, 0xAD, 0x62, 0x19, 0x14, 0xB3, 0xF0, 0xC2, 0xA5,
    0x9E, 0xDD, 0xA5, 0xBA, 0xE1, 0x90, 0x57, 0x29, 0x15, 0x58, 0x6E, 0x27, 0xA4, 0xA3, 0x96, 0xEB,
    0x19, 0xA5, 0x90, 0xF4, 0xAD, 0x40, 0x91, 0xC5, 0xF0, 0x29, 0x23, 0xEF, 0xF3, 0x3E, 0x62, 0x35,
    0x56, 0xA3, 0xEE, 0x93, 0x5E, 0x71, 0x50, 0x2C, 0xDB, 0xD2, 0x88, 0x8C, 0x9B, 0xC7, 0x28, 0xE4,
    0x4A, 0xA5, 0x15, 0x22, 0xC1, 0xE0, 0xE2, 0xB1, 0x39, 0xAD, 0xD2, 0x13, 0xA9, 0x23, 0xA4, 0x7B,
    0x80, 0xCF, 0x71, 0xE7, 0xB0, 0x71, 0x95, 0xB9, 0x87, 0xAF, 0xE1, 0x43, 0x36, 0xCA, 0x01, 0x60,
    0xF4, 0x66, 0xB3, 0xC7, 0x51, 0xB1, 0x7A, 0x1A, 0x2B, 0xF5, 0xC2, 0x87, 0x76, 0x62, 0x9D, 0x67,
    0x04, 0x6A, 0x42, 0xCD, 0xB6, 0xD4, 0x37, 0xCB, 0x87, 0xF8, 0xA6, 0x76, 0xDD, 0x1E, 0x15, 0x24,
    0x5F, 0x6B, 0x64, 0x82, 0xC1, 0xB6, 0x11, 0x06, 0x1C, 0x2A, 0xB1, 0x6B, 0xEE, 0x13, 0xFB, 0x3B,
    0xFB, 0xCF, 0xC5, 0xB9, 0x4A, 0xAF, 0xBB, 0x68, 0x3C, 0xDD, 0x37, 0x13, 0xF0, 0x2B, 0x65, 0xAD,
    0x4E, 0x04, 0xE7, 0x60, 0x06, 0xAB, 0x54, 0x96, 0x3A, 0x91, 0x98, 0x0D, 0x37, 0xE5, 0xC8, 0xB8,
    0x57, 0xD8, 0x75, 0x31, 0xA6, 0xCA, 0xFC, 0xC0, 0xF7, 0x70, 0x5D, 0xE3, 0x4E, 0xFA, 0xA0, 0xF6,
    0x64, 0x2D, 0xCD, 0xC4, 0x3F, 0xB0, 0x87, 0xC4, 0x15, 0x1C, 0xC9, 0xBA, 0xB2, 0x2B, 0xD3, 0x48,
    0xAA, 0xD8, 0xF0, 0x98, 0x3D, 0x7C, 0x0F, 0x2C, 0x5B, 0x24, 0xCD, 0x7C, 0x0B, 0x62, 0x0A, 0x7E,
    0xD7, 0x99, 0x34, 0xC5, 0x9D, 0x4B, 0xAF, 0xB7, 0xDD, 0xD0, 0xA8, 0xD5, 0x1E, 0xE8, 0xA2, 0x6B,
    0xA7, 0x53, 0x29, 0xC5, 0xF1, 0x68, 0x64, 0x3B, 0x5C, 0xEC, 0xCF, 0xBC, 0xCA, 0xE9, 0x72, 0xBB,
    0xB7, 0xF2, 0x55, 0x9D, 0x6E, 0xEE, 0x54, 0x6A, 0xF4, 0xC1, 0x7F, 0x44, 0x02, 0x44, 0x31, 0xFF,
    0xED, 0x65, 0x80, 0xEB, 0x6D, 0xAE, 0x19, 0xE0, 0x7C, 0x8B, 0xF3, 0x03, 0xDC, 0x6F, 0x72, 0xCD,
    0x00, 0x07, 0x1C, 0x9D, 0x04, 0x75, 0xC1, 0xDB, 0x12, 0xE0, 0x84, 0x1F, 0xCA, 0xA6, 0x6E, 0x28,
    0x5B, 0xAD, 0xCA, 0x86, 0x27, 0x4A, 0xEF, 0xFD, 0x50, 0x82, 0x52, 0x7C, 0xBF, 0x94, 0xE0, 0xCE,
    0xA2, 0x3B, 0x7E, 0x21, 0xC1, 0x7D, 0x37, 0x3A, 0xE4, 0x9F, 0xA5, 0x77, 0x0F, 0x5D, 0xB3, 0x94,
    0xB5, 0x4C, 0xE7, 0x13, 0x9A, 0x94, 0xC2, 0xCE, 0x14, 0xF8, 0x47, 0x76, 0x5A, 0x37, 0x34, 0xC2,
    0x4D, 0x1A, 0x50, 0xD5, 0x65, 0x40, 0x76, 0xD5, 0xC1, 0x8C, 0xCA, 0x24, 0x65, 0x64, 0x1B, 0xE8,
    0x52, 0x17, 0xF9, 0xE8, 0x3B, 0x32, 0xD3, 0x8E, 0x3D, 0xC3, 0x85, 0x4E, 0xF9, 0x8C, 0x4E, 0x57,
    0x15, 0x6F, 0x19, 0xFB, 0x9B, 0x4E, 0xE6, 0x08, 0xA9, 0x0C, 0xDA, 0x8B, 0x0A, 0x11, 0x90, 0x16,
    0xED, 0xEE, 0x95, 0x72, 0xD8, 0x86, 0xF7, 0xAB, 0xC2, 0x42, 0x40, 0x1A, 0x11, 0x7B, 0xDE, 0x00,
    0x10, 0x7B, 0x5E, 0xB5, 0x1B, 0x7E, 0x8D, 0x80, 0xA4, 0xA8, 0x92, 0x18, 0x6F, 0x9C, 0x5F, 0xD1,
    0xF2, 0xF7, 0x91, 0x7D, 0x7B, 0x12, 0x27, 0x19, 0xBE, 0x36, 0xEB, 0x83, 0x4D, 0xEA, 0x62, 0x2A,
    0x02, 0x7D, 0x72, 0x01, 0x51, 0xB4, 0x5C, 0x48, 0x14, 0xF1, 0x71, 0xA6, 0x53, 0xA2, 0x08, 0xAC,
    0xB2, 0xE0, 0x81, 0x00, 0xB8, 0x45, 0x9C, 0x4E, 0xF9, 0x10, 0x3D, 0xB1, 0x66, 0xA8, 0x5D, 0xB1,
    0x46, 0x63, 0xBB, 0x72, 0x01, 0x54, 0xB3, 0xEB, 0x22, 0x4C, 0x4E, 0xFA, 0x08, 0x3B, 0x09, 0x11,
    0xB4, 0xEB, 0xBF, 0x94, 0x9B, 0xCE, 0xE3, 0xCC, 0x6E, 0x15, 0x00, 0x8F, 0x59, 0x91, 0xC9, 0x57,
    0x90, 0xC7, 0x24, 0x84, 0xFE, 0x15, 0x11, 0x37, 0x05, 0x6C, 0x0C, 0xDB, 0xB5, 0x3E, 0x51, 0x70,
    0xF9, 0xF4, 0x4A, 0x04, 0x1F, 0x90, 0x86, 0xC6, 0x1A, 0x3F, 0x42, 0x40, 0x46, 0x8D, 0xBC, 0xCA,
    0x39, 0xFF, 0xC4, 0xDD, 0xE6, 0x1B, 0xF4, 0x78, 0x9F, 0x7F, 0x1E, 0x57, 0x20, 0x46, 0x2D, 0x9A,
    0x47, 0x98, 0x4F, 0xD0, 0x2B, 0x2E, 0xF3, 0x0B, 0x63, 0xE0, 0x1B, 0x0A, 0x60, 0x74, 0xC3, 0xBA,
    0x1F, 0xDD, 0x6F, 0x2F, 0x7C, 0x29, 0x07, 0x5A, 0xBD, 0x6B, 0x4D, 0xD6, 0xA0, 0x17, 0xC5, 0x44,
    0x0E, 0xDD, 0x07, 0xE5, 0x9C, 0xB9, 0x0B, 0xC8, 0x98, 0x2D, 0x54, 0xC5, 0x54, 0x2C, 0x83, 0x18,
    0xD6, 0xD2, 0xC3, 0x0B, 0x0B, 0x86, 0xA3, 0xC6, 0xD9, 0xBB, 0x32, 0xEB, 0x85, 0x93, 0x85, 0xA4,
    0x7D, 0xB7, 0xD2, 0xE5, 0xBC, 0xD0, 0xCA, 0x95, 0xD4, 0xBC, 0x39, 0x05, 0x2B, 0xD4, 0x94, 0xC8,
    0x44, 0xF9, 0x13, 0x5E, 0x64, 0x02, 0x93, 0xAF, 0x6C, 0x78, 0xA3, 0x4A, 0xC1, 0x00, 0x3E, 0x3F,
    0x65, 0x4C, 0x5B, 0xB5, 0xCE, 0x68, 0x34, 0xA9, 0xF6, 0x1F, 0x8D, 0x1A, 0xDE, 0x03, 0x1F, 0x00,
    0x70, 0x41, 0x48, 0x79, 0x65, 0x52, 0x06, 0x7D, 0x8C, 0xC0, 0x37, 0xE8, 0x74, 0x82, 0x4B, 0xBE,
    0x18, 0xC1, 0x76, 0x40, 0x32, 0x3A, 0xFC, 0xE2, 0xF3, 0x99, 0x1D, 0xB9, 0x98, 0x53, 0xEF, 0x04,
    0x1B, 0x56, 0x06, 0x98, 0xCB, 0x4F, 0xB1, 0x61, 0x35, 0x2E, 0x4E, 0xF5, 0x17, 0xB3, 0xFB, 0x95,
    0x73, 0xF2, 0x25, 0x6F, 0x14, 0x61, 0x07, 0x1F, 0x82, 0x95, 0x00, 0xBF, 0x8F, 0x90, 0xC9, 0xCF,
    0xD4, 0x21, 0xB5, 0xB5, 0x20, 0x39, 0xF4, 0x55, 0x5B, 0x2A, 0xE1, 0x35, 0x57, 0xAE, 0x89, 0x0C,
    0x13, 0xEE, 0xA3, 0xAB, 0x2D, 0xDE, 0xA7, 0x51, 0x7D, 0x55, 0x17, 0x15, 0x65, 0xDF, 0xF8, 0x76,
    0xC0, 0x8F, 0x1D, 0xC6, 0xA4, 0x7E, 0x3C, 0x00, 0xF2, 0x00, 0x28, 0xF6, 0x50, 0x03, 0xD4, 0x1C,
    0x39, 0x5B, 0x68, 0xF7, 0xAC, 0x2F, 0xA0, 0x6D, 0x01, 0x2F, 0xAA, 0xCD, 0x5B, 0xD0, 0x13, 0x40,
    0x4B, 0x00, 0x1D, 0x01, 0xE4, 0x14, 0xE8, 0x07, 0xA0, 0x1D, 0x80, 0x6E, 0x00, 0x9A, 0x01, 0xE8,
    0x05, 0xA0, 0x15, 0x80, 0x4E, 0x00, 0x1A, 0x01, 0xE8, 0x03, 0xA0, 0x0D, 0x50, 0x50, 0xF6, 0x31,
    0xB0, 0x07, 0x50, 0xD5, 0xF0, 0x38, 0x6A, 0x91, 0x31, 0xEF, 0x58, 0x31, 0x1E, 0x72, 0xD4, 0xCF,
    0x5A, 0x48, 0x52, 0xD8, 0x13, 0x3A, 0x7F, 0xFC, 0x4C, 0xA9, 0xD7, 0xF5, 0x6A, 0xEB, 0x78, 0x35,
    0xCB, 0x02, 0xC8, 0xC6, 0x43, 0x02, 0xC1, 0xB7, 0x80, 0xAE, 0x56, 0xF8, 0x4C, 0x41, 0x0E, 0xF7,
    0xA0, 0x97, 0x1E, 0x03, 0x38, 0xBC, 0x08, 0x53, 0x04, 0xE6, 0x07, 0x27, 0xE3, 0x8A, 0xB4, 0x85,
    0xAA, 0x9A, 0x49, 0x13, 0xBD, 0x82, 0xCB, 0xD1, 0x07, 0xBE, 0x34, 0x3D, 0x83, 0xAE, 0x01, 0xDF,
    0x30, 0xE7, 0xB0, 0x51, 0x84, 0x7C, 0x44, 0xA5, 0x8F, 0x8F, 0x65, 0x4F, 0x28, 0x4F, 0x5B, 0x0E,
    0x65, 0x2F, 0x74, 0x9C, 0xB7, 0x2F, 0xC8, 0xD6, 0x4B, 0x5D, 0x15, 0x02, 0x48, 0x35, 0xC3, 0x2B,
    0x15, 0xFC, 0x4F, 0xF1, 0x27, 0xAF, 0xB1, 0xE9, 0x5C, 0xAC, 0x80, 0x72, 0x01, 0x54, 0x0A, 0x7E,
    0x56, 0x98, 0x0E, 0x0B, 0xA5, 0x4E, 0x41, 0x86, 0x03, 0xB2, 0x35, 0x39, 0x09, 0x8D, 0x35, 0x19,
    0xA4, 0xC3, 0xD0, 0xB8, 0x2A, 0x2C, 0x7B, 0x1E, 0xD2, 0x88, 0xEF, 0xCA, 0xF9, 0x1E, 0x53, 0xD2,
    0x61, 0xB5, 0xFC, 0x9D, 0xBD, 0x80, 0x45, 0x61, 0xE0, 0xB2, 0xB6, 0x21, 0xE3, 0xC1, 0x1D, 0x33,
    0x3E, 0xFD, 0x04, 0x60, 0x36, 0xFD, 0xC8, 0x5D, 0xCB, 0xF4, 0xC8, 0xA4, 0xA0, 0x25, 0x6F, 0x4D,
    0x43, 0xB0, 0x6C, 0x38, 0x5C, 0x5A, 0xBB, 0xFA, 0x66, 0xA4, 0x47, 0x64, 0xD3, 0xCC, 0x37, 0x8D,
    0x51, 0xB3, 0x13, 0x1A, 0xA0, 0x0D, 0x39, 0xDE, 0x73, 0x17, 0x0E, 0x13, 0xF3, 0x99, 0x8E, 0xCF,
    0x84, 0x62, 0xA6, 0x12, 0x33, 0x89, 0x98, 0xE9, 0xC3, 0x4C, 0xAE, 0x67, 0x4A, 0x3D, 0x13, 0xE9,
    0x99, 0x3E, 0xCF, 0xA4, 0x79, 0xA6, 0xCA, 0x33, 0x41, 0x9E, 0x69, 0xF1, 0x4C, 0x86, 0x67, 0x0A,
    0x3C, 0x13, 0xDF, 0x99, 0xEE, 0xCE, 0x24, 0x77, 0xA6, 0xB6, 0xA3, 0xE4, 0xCB, 0xF4, 0x5E, 0x26,
    0xF6, 0x32, 0xA5, 0x97, 0xC9, 0xBC, 0x4C, 0xE3, 0x65, 0x02, 0x2F, 0x1B, 0xBA, 0xAE, 0x6C, 0xA5,
    0xEE, 0x00, 0x16, 0x8A, 0xAB, 0x96, 0x21, 0xE8, 0xC4, 0xA5, 0xA8, 0xA0, 0xA2, 0x7A, 0x8A, 0xCA,
    0x29, 0xAA, 0xA6, 0xA8, 0x98, 0xA2, 0x5A, 0x8A, 0x4A, 0x29, 0x53, 0x49, 0xA9, 0x42, 0x8A, 0xEA,
    0x28, 0x2A, 0xA3, 0xA8, 0x8A, 0xA2, 0x22, 0x8A, 0x6A, 0x28, 0x2A, 0xA1, 0xA8, 0x82, 0xA2, 0x02,
    0x8A, 0xEA, 0x27, 0x2A, 0x9F, 0xA8, 0x7A, 0xA2, 0xE2, 0x49, 0x07, 0xA3, 0x91, 0x25, 0x67, 0x8C,
    0x3A, 0xD4, 0x0F, 0x5B, 0x45, 0x6B, 0x2C, 0xEB, 0xF1, 0x28, 0x7B, 0x5E, 0xBC, 0xFA, 0x2A, 0x2F,
    0xFE, 0xF0, 0x03, 0x5E, 0x0C, 0xDF, 0xD9, 0x5F, 0x7C, 0x9F, 0x17, 0x0F, 0x7E, 0x61, 0x9F, 0x7A,
    0x3A, 0xFB, 0x68, 0xD4, 0x91, 0x71, 0x47, 0x46, 0x1E, 0x19, 0x7B, 0x64, 0xF4, 0x91, 0xF1, 0x47,
    0x46, 0x20, 0x19, 0x83, 0x64, 0x14, 0x92, 0x71, 0x48, 0x46, 0x22, 0x19, 0x8B, 0x64, 0x34, 0x92,
    0xF1, 0x48, 0x46, 0x24, 0x19, 0x93, 0xC4, 0xE0, 0x67, 0x5C, 0x92, 0x91, 0x49, 0xC6, 0x26, 0x19,
    0x9D, 0x64, 0x7C, 0x92, 0x11, 0x4A, 0xC6, 0x28, 0xB9, 0x3D, 0xA5, 0xE4, 0x4E, 0x39, 0x25, 0x13,
    0x06, 0x5B, 0x78, 0xB4, 0x85, 0xCA, 0x8F, 0xF3, 0x96, 0xAA, 0x70, 0x51, 0x3C, 0x3B, 0xE1, 0x9A,
    0x36, 0xC5, 0xEC, 0x27, 0x2D, 0x30, 0xDF, 0x05, 0xE0, 0xB7, 0xF6, 0x98, 0x28, 0xE6, 0x69, 0x0D,
    0x4C, 0x36, 0x93, 0xFC, 0x5F, 0xC0, 0x3D, 0x29, 0xF9, 0x64, 0xEC, 0x13, 0xE9, 0x27, 0xE3, 0x9F,
    0x48, 0x40, 0xED, 0x19, 0xA8, 0x3D, 0x05, 0xB5, 0xE7, 0xA0, 0xF6, 0x24, 0xD4, 0x9E, 0x85, 0xDA,
    0xD3, 0x50, 0xE4, 0xA1, 0x8C, 0x88, 0x22, 0x13, 0x65, 0x54, 0xD4, 0x9E, 0x8B, 0x72, 0x24, 0xA3,
    0xF6, 0x6C, 0xD4, 0x9E, 0x8E, 0x3A, 0xE6, 0xA3, 0xF4, 0x7B, 0x6C, 0xD0, 0x73, 0x4E, 0x8B, 0x3A,
    0xD3, 0x7C, 0xAB, 0x8D, 0x6C, 0x54, 0xF5, 0x0B, 0x72, 0xEA, 0xB9, 0x91, 0x53, 0xA8, 0x7A, 0x2F,
    0x0D, 0x33, 0xA3, 0xCD, 0x82, 0x3D, 0x18, 0xC7, 0xBD, 0xEB, 0xC4, 0x52, 0x51, 0xAC, 0x47, 0x67,
    0x3D, 0xF1, 0x54, 0x73, 0x53, 0xF3, 0x51, 0x5F, 0x3F, 0xA5, 0xA8, 0x49, 0x57, 0x96, 0x35, 0xC5,
    0x44, 0xAB, 0x74, 0x3D, 0x5D, 0x56, 0xB3, 0x84, 0x4F, 0xF4, 0x8C, 0x4E, 0x23, 0xD4, 0x9C, 0x47,
    0xEB, 0x34, 0xAB, 0x26, 0xC0, 0x89, 0x6C, 0xAA, 0x00, 0xCE, 0x65, 0xE3, 0x79, 0xBB, 0x8F, 0x44,
    0x33, 0x25, 0x29, 0x04, 0x41, 0x2B, 0x9B, 0x0B, 0x41, 0x3C, 0xAB, 0x86, 0x52, 0xE0, 0x26, 0x5D,
    0x0D, 0xB2, 0x7C, 0x49, 0x57, 0x38, 0x8D, 0x5F, 0x18, 0x2E, 0xFD, 0xD2, 0x04, 0xDC, 0xC2, 0xAF,
    0x1B, 0x7C, 0x05, 0xB3, 0x00, 0x1F, 0xF6, 0x3C, 0x01, 0x85, 0x0D, 0x14, 0xCC, 0x44, 0x21, 0xFA,
    0x48, 0xAE, 0x92, 0xE1, 0xDC, 0x48, 0x7A, 0x9E, 0x40, 0x51, 0xE7, 0xCD, 0x97, 0x52, 0xDD, 0xA7,
    0x1A, 0x59, 0x08, 0xD9, 0xB0, 0x64, 0x39, 0x67, 0x4E, 0xC7, 0x3C, 0x72, 0xE0, 0x0E, 0xCC, 0x72,
    0x09, 0x70, 0xCC, 0x75, 0x4D, 0xF1, 0xBF, 0x4B, 0x91, 0x37, 0x99, 0xC8, 0xD6, 0x58, 0x2B, 0x10,
    0x0A, 0xF7, 0xCD, 0x8C, 0x37, 0xF6, 0xB3, 0xBE, 0x26, 0x5E, 0x29, 0x81, 0x33, 0x4F, 0x79, 0x04,
    0x19, 0x7D, 0x05, 0x58, 0x7C, 0x84, 0x7F, 0x8C, 0x10, 0x2C, 0x7F, 0xDE, 0x76, 0x71, 0x59, 0x6C,
    0xBA, 0x1D, 0xCF, 0xDA, 0xF3, 0x1B, 0x90, 0xFC, 0x76, 0x53, 0x05, 0xB9, 0x32, 0x35, 0x9C, 0x78,
    0x9B, 0xE2, 0x43, 0xAD, 0xA8, 0xEA, 0xBD, 0x24, 0x3F, 0xDD, 0xB2, 0x05, 0x28, 0x8C, 0xEB, 0x72,
    0x57, 0xD1, 0xBF, 0xAB, 0x58, 0x06, 0xC5, 0xAC, 0x7F, 0x78, 0xF3, 0x7A, 0x2C, 0x7E, 0xD0, 0xF2,
    0x66, 0x04, 0x14, 0x53, 0x8C, 0xAA, 0xD1, 0x27, 0x03, 0x2C, 0x0C, 0x70, 0xEF, 0x65, 0x80, 0x5B,
    0xBB, 0xFA, 0x8A, 0x77, 0x4E, 0x2C, 0xD9, 0x92, 0x8D, 0x96, 0x63, 0x91, 0xC7, 0x00, 0x5D, 0xF4,
    0x25, 0xB0, 0x72, 0x05, 0xF0, 0x65, 0x77, 0x76, 0xE3, 0x2C, 0xCE, 0xE2, 0xD4, 0x5E, 0xCE, 0xEB,
    0xFF, 0xDA, 0x12, 0x10, 0x22, 0x93, 0xFB, 0x23, 0x0E, 0x1C, 0x01, 0x76, 0xB5, 0xFB, 0xF6, 0x95,
    0xB6, 0xF8, 0x4E, 0xEE, 0x92, 0xF1, 0x7D, 0x57, 0xD1, 0x07, 0xC5, 0xB2, 0x6F, 0x58, 0x70, 0x7A,
    0x60, 0x32, 0x56, 0x17, 0x95, 0x56, 0x4C, 0x3B, 0x52, 0x60, 0x8F, 0x52, 0x54, 0x90, 0x4C, 0x11,
    0x91, 0x5A, 0x04, 0x44, 0x2B, 0xA4, 0x18, 0x4C, 0x2F, 0xD4, 0x7C, 0x26, 0xDF, 0x36, 0xB5, 0xF3,
    0x3E, 0x9D, 0x48, 0xE8, 0x3E, 0x9A, 0x3A, 0x10, 0xE3, 0xD3, 0x10, 0x73, 0x69, 0x8F, 0xD2, 0xD0,
    0x92, 0x58, 0x6D, 0x96, 0x96, 0x1A, 0xBE, 0xD4, 0x5A, 0x8A, 0xE0, 0x64, 0x84, 0x75, 0x2D, 0x35,
    0xB0, 0xB4, 0x40, 0x1D, 0x45, 0x8E, 0xD2, 0x81, 0xA6, 0x6F, 0x42, 0x5C, 0xDD, 0xC1, 0x95, 0xA3,
    0x8F, 0x75, 0x6C, 0x19, 0x5C, 0x82, 0x75, 0xBD, 0xE4, 0xE1, 0x70, 0x31, 0xDF, 0xC7, 0x16, 0x15,
    0x8B, 0x15, 0xB0, 0x90, 0x93, 0x9F, 0x12, 0x69, 0xCB, 0x39, 0x13, 0x57, 0xCC, 0x45, 0xAC, 0x5F,
    0xE2, 0x71, 0xB9, 0xD1, 0x4F, 0x99, 0x8C, 0xFE, 0x2B, 0x91, 0xBA, 0x91, 0xED, 0xB1, 0xEB, 0xBE,
    0xAA, 0x4D, 0x35, 0xEE, 0x76, 0x75, 0x37, 0xBA, 0x2C, 0x86, 0xE9, 0xD2, 0x35, 0xEB, 0xEE, 0x7D,
    0xE7, 0x95, 0xB9, 0x80, 0xF9, 0x25, 0xBE, 0xC0, 0x44, 0x17, 0x5A, 0x15, 0x3D, 0x27, 0x80, 0xF9,
    0x5C, 0x42, 0xCC, 0xA6, 0xBC, 0x57, 0x0A, 0x35, 0x0D, 0x9A, 0x77, 0xEF, 0xEA, 0x9B, 0x65, 0x35,
    0x2A, 0xB6, 0x10, 0x6F, 0x1A, 0x99, 0xE2, 0xB2, 0x9C, 0x5C, 0x32, 0xBA, 0xC9, 0xA5, 0xBD, 0x9B,
    0xB0, 0x20, 0x9F, 0xB3, 0xD5, 0xF2, 0xA5, 0x98, 0x5D, 0xB6, 0xE6, 0x71, 0x27, 0x4E, 0xE3, 0x1A,
    0x8F, 0xFF, 0x54, 0x77, 0xE2, 0x46, 0x1B, 0xE6, 0xD3, 0x2E, 0x0E, 0x7A, 0x03, 0x38, 0x45, 0x81,
    0xD9, 0x61, 0x95, 0x66, 0x47, 0x0D, 0x94, 0xB5, 0x9D, 0xEC, 0xA8, 0xC1, 0xC8, 0x49, 0x47, 0xE6,
    0x92, 0xF2, 0xD8, 0x2B, 0x79, 0xA4, 0x42, 0xDC, 0xC5, 0x5F, 0x02, 0xEB, 0x09, 0xBF, 0x04, 0x5D,
    0x16, 0x4D, 0x04, 0x2D, 0x09, 0x4F, 0xE4, 0xAE, 0x20, 0x20, 0x34, 0x41, 0x5C, 0x15, 0x3A, 0x57,
    0xF4, 0xDE, 0xA5, 0x31, 0x10, 0xDC, 0x3B, 0xB3, 0x33, 0x12, 0xA5, 0xF4, 0xAE, 0x8B, 0xD5, 0xBC,
    0x84, 0x78, 0x3E, 0x22, 0x1E, 0x8F, 0xB8, 0x55, 0xF0, 0x1C, 0x67, 0x45, 0x45, 0x17, 0xC8, 0x80,
    0x91, 0x06, 0xC4, 0x51, 0x50, 0x1C, 0x8A, 0x88, 0x67, 0x22, 0x62, 0x53, 0x5E, 0x0F, 0x64, 0x0D,
    0xFB, 0xF3, 0x10, 0xD5, 0x27, 0x76, 0xFC, 0x21, 0xE3, 0xA9, 0x62, 0x3C, 0xFD, 0xE3, 0x18, 0x81,
    0xDE, 0x70, 0x25, 0x24, 0x53, 0x67, 0xDF, 0xC8, 0xC3, 0x27, 0xEE, 0xB6, 0x92, 0xD9, 0x2D, 0x58,
    0x44, 0x97, 0x4E, 0x65, 0x88, 0x6B, 0xB4, 0x77, 0x45, 0x9D, 0x06, 0xAC, 0xD2, 0xE7, 0x7D, 0xF8,
    0x24, 0x5F, 0x90, 0x8D, 0x67, 0x2B, 0x20, 0xD9, 0x32, 0xED, 0x04, 0xA6, 0x00, 0x7F, 0x07, 0x50,
    0xB4, 0xD3, 0xF5, 0xEA, 0x52, 0x98, 0xD6, 0xAC, 0x9C, 0xCA, 0x31, 0x4E, 0xC1, 0xE8, 0x92, 0x25,
    0x72, 0x14, 0x6B, 0xE4, 0xF7, 0xDE, 0x48, 0x87, 0x18, 0x31, 0x6B, 0xF7, 0x5C, 0x7B, 0x4B, 0xB8,
    0x15, 0x7B, 0xAC, 0x8B, 0xA3, 0xEF, 0xD3, 0xF9, 0x41, 0xD2, 0x79, 0x47, 0xF7, 0xA7, 0xFF, 0x5F,
    0x37, 0x8B, 0xD0, 0x6B, 0x73, 0x89, 0x61, 0x11, 0xA5, 0xDF, 0x9D, 0x25, 0xB2, 0x77, 0xAF, 0xC7,
    0x5C, 0xEA, 0xF5, 0x58, 0x57, 0xDF, 0x7A, 0xDE, 0x16, 0xB1, 0x6C, 0x48, 0x82, 0xA2, 0xEF, 0x3B,
    0x16, 0xBC, 0xC7, 0x59, 0xD1, 0x6E, 0x2A, 0x2F, 0xCB, 0x8A, 0x1E, 0x73, 0xFF, 0x5B, 0x1D, 0xF7,
    0xD7, 0x3D, 0xB9, 0xD1, 0x22, 0x92, 0x94, 0xA2, 0xFB, 0x6B, 0x06, 0x5C, 0x34, 0xF4, 0x34, 0xC4,
    0x6E, 0x56, 0x94, 0x09, 0xC1, 0x68, 0x87, 0xC4, 0x4D, 0xEB, 0xE1, 0x6A, 0x45, 0xB0, 0xDA, 0x41,
    0x20, 0xCB, 0xAF, 0xCB, 0xC8, 0xBE, 0xE7, 0xB8, 0x1D, 0x42, 0x57, 0xC9, 0xE0, 0x9F, 0x63, 0xCE,
    0x37, 0xA0, 0xDE, 0x4E, 0xB7, 0xF3, 0xEC, 0xF0, 0x76, 0x32, 0x13, 0x47, 0xA0, 0x96, 0xDD, 0x03,
    0xDA, 0xEE, 0x3B, 0x59, 0x34, 0x90, 0x35, 0xCB, 0x71, 0xBD, 0xE3, 0xD1, 0xB1, 0x2A, 0x70, 0x14,
    0x34, 0x9B, 0xC1, 0x81, 0xA3, 0xD6, 0x61, 0xA9, 0xC3, 0xE4, 0x48, 0xC9, 0xE4, 0xDD, 0x9F, 0x5C,
    0x2A, 0x30, 0x53, 0x4C, 0x42, 0x87, 0x4A, 0xA6, 0x46, 0x02, 0x88, 0x64, 0xF7, 0xA0, 0xFA, 0x78,
    0x78, 0x0F, 0x34, 0xF2, 0xF7, 0x22, 0x8B, 0x8C, 0x38, 0xFD, 0x17, 0xE7, 0x22, 0x87, 0x8C, 0xF9,
    0x7F, 0x70, 0x10, 0xAD, 0x07, 0x4C, 0xED, 0x69, 0x9C, 0xCE, 0x2D, 0x4E, 0x33, 0x36, 0xB2, 0x7D,
    0xC2, 0x16, 0x97, 0xF5, 0x90, 0x48, 0x96, 0x1F, 0xE5, 0x4C, 0xBD, 0x36, 0xEF, 0x40, 0xEE, 0x23,
    0x1E, 0x23, 0x67, 0xAA, 0x77, 0xF5, 0x0D, 0xB3, 0x29, 0xF7, 0x0C, 0x16, 0x34, 0x5E, 0x26, 0x96,
    0x33, 0x71, 0x05, 0xCE, 0x2C, 0x66, 0x90, 0x3A, 0x5D, 0x11, 0x9B, 0x16, 0x73, 0x31, 0x72, 0x13,
    0x03, 0xA6, 0x6B, 0x0E, 0x74, 0x92, 0x2A, 0xFA, 0x44, 0xB1, 0xBC, 0x33, 0xDE, 0x40, 0x11, 0xBA,
    0xB4, 0x52, 0x47, 0x08, 0x00, 0xAF, 0xCA, 0xA2, 0x72, 0xF0, 0x07, 0x91, 0x2B, 0x19, 0xCB, 0x08,
    0x48, 0xE8, 0xAE, 0xB6, 0xA6, 0xBC, 0xD9, 0xD7, 0x14, 0x0B, 0x89, 0x08, 0x36, 0xB2, 0x49, 0x50,
    0xF8, 0xF6, 0x11, 0xF0, 0xD7, 0xEE, 0x47, 0xC0, 0xB7, 0xDC, 0xAD, 0x9B, 0x67, 0x71, 0x6B, 0xC2,
    0x33, 0xC4, 0x89, 0xE6, 0xB4, 0x73, 0x1E, 0x21, 0xEB, 0x93, 0x08, 0x45, 0x0B, 0x38, 0x73, 0xAE,
    0xBE, 0xD2, 0x16, 0x3F, 0xDF, 0xFF, 0x88, 0xDC, 0x8C, 0x18, 0xB8, 0xB0, 0xAF, 0xED, 0xB7, 0xD8,
    0x22, 0x6E, 0xC6, 0xC8, 0xFE, 0xC7, 0xD2, 0x15, 0xCD, 0xEB, 0x64, 0x8A, 0xD7, 0xC9, 0x88, 0xD4,
    0x06, 0xF9, 0x35, 0xE6, 0x80, 0x7C, 0x73, 0xEF, 0x5C, 0x42, 0x7A, 0x56, 0x56, 0x9D, 0x3D, 0x26,
    0xF3, 0xB7, 0x10, 0x62, 0x1E, 0xA2, 0x31, 0xFA, 0x08, 0xFF, 0x76, 0x30, 0x5E, 0x57, 0xC7, 0x77,
    0xEE, 0xDA, 0x33, 0xC8, 0xE8, 0x84, 0x0D, 0x82, 0xE0, 0x1A, 0x98, 0xE1, 0x3C, 0x7A, 0xCD, 0xF1,
    0x48, 0x18, 0x86, 0xEC, 0x5F, 0xB7, 0x9B, 0x35, 0x2F, 0xD0, 0xE3, 0x0D, 0x48, 0xDD, 0xEA, 0x83,
    0xCE, 0x55, 0x03, 0x12, 0xDB, 0x52, 0x98, 0xBE, 0x19, 0x77, 0xE2, 0x8A, 0x31, 0x11, 0x97, 0xF7,
    0x91, 0x5F, 0x87, 0xAB, 0x81, 0xAB, 0xA5, 0x15, 0x3D, 0x04, 0x0B, 0xB2, 0xEA, 0x67, 0xF1, 0xAC,
    0x2F, 0xB9, 0x54, 0x5C, 0x13, 0x39, 0x9C, 0xAE, 0x4D, 0x57, 0x27, 0x7D, 0x89, 0xA7, 0x1D, 0x9D,
    0x8F, 0xDE, 0x71, 0x7E, 0xE2, 0x1A, 0x58, 0x16, 0x5D, 0x50, 0x1D, 0x09, 0xE5, 0x29, 0x25, 0x04,
    0x29, 0x3C, 0x91, 0x12, 0x0B, 0x63, 0xF3, 0xA2, 0x38, 0xD6, 0x02, 0xB0, 0x28, 0xCC, 0x15, 0x60,
    0xF2, 0x21, 0x93, 0x90, 0x8E, 0xBE, 0x2E, 0xA4, 0xCE, 0xC6, 0x2E, 0x4E, 0x57, 0x3E, 0xFC, 0x3C,
    0xCE, 0xE6, 0x79, 0x7B, 0x89, 0x68, 0xA2, 0x9B, 0x0F, 0x59, 0x02, 0x32, 0x7E, 0x00, 0xBC, 0xA6,
    0x95, 0x5D, 0x58, 0x47, 0xC6, 0x0F, 0x60, 0x35, 0x01, 0x8C, 0x24, 0x38, 0xFD, 0xE6, 0x5D, 0xB7,
    0x3A, 0xB3, 0xB1, 0xF3, 0x80, 0xD3, 0xE1, 0x15, 0xA4, 0x3D, 0x84, 0xAA, 0x56, 0x50, 0xEF, 0x7F,
    0x1F, 0x90, 0x0E, 0x27, 0x0A, 0xC1, 0x1A, 0x14, 0x42, 0x2A, 0x35, 0x56, 0x15, 0x6A, 0xDA, 0xD5,
    0xC5, 0x59, 0xF0, 0x22, 0x12, 0x49, 0x07, 0xD7, 0x4C, 0x5A, 0x73, 0xC1, 0xED, 0xA3, 0xCF, 0x23,
    0x24, 0xD8, 0xCF, 0x1A, 0xD9, 0xCF, 0x19, 0xC5, 0x7C, 0x78, 0x49, 0xDA, 0x6A, 0x29, 0x82, 0x5F,
    0x3B, 0x68, 0x5E, 0x3C, 0xD2, 0xF2, 0xDA, 0xE4, 0x0B, 0x70, 0xF9, 0x5E, 0x75, 0x0D, 0xD5, 0x14,
    0x95, 0x40, 0x1A, 0x1A, 0xB2, 0x5E, 0xF9, 0xC8, 0xF9, 0x48, 0x2C, 0xC4, 0x86, 0x8B, 0xFD, 0x96,
    0x1C, 0x7F, 0xA0, 0x81, 0x11, 0x72, 0x3E, 0xED, 0x5F, 0xD1, 0xE6, 0x97, 0x8B, 0x46, 0x45, 0x44,
    0xAB, 0xE7, 0x1D, 0xEA, 0x68, 0x3C, 0x59, 0x29, 0x3D, 0xA7, 0x5D, 0x0D, 0x51, 0xAD, 0xB4, 0x85,
    0xD2, 0x40, 0x76, 0x65, 0x3F, 0xBE, 0x48, 0xDB, 0x08, 0x02, 0x1B, 0x2D, 0xAD, 0xB6, 0xC7, 0x83,
    0xC8, 0x64, 0x94, 0xD3, 0x88, 0xC7, 0x3C, 0xBE, 0x1A, 0xCC, 0xEF, 0x7A, 0xDA, 0x3E, 0x65, 0x2E,
    0x42, 0x87, 0x38, 0x7C, 0x94, 0xCD, 0x1E, 0x65, 0xE5, 0xA3, 0xE0, 0x96, 0xD5, 0x05, 0x8F, 0xE2,
    0x8F, 0x1F, 0x85, 0x62, 0x52, 0x56, 0xE7, 0x5E, 0x24, 0x68, 0x85, 0x8E, 0xAB, 0xFF, 0xB3, 0x9E,
    0xB4, 0x55, 0x38, 0x94, 0x62, 0x14, 0x9B, 0xC2, 0xA2, 0x15, 0xFF, 0x52, 0x08, 0xEC, 0xEF, 0xF1,
    0xE4, 0x23, 0xA2, 0x96, 0xFF, 0x18, 0xD0, 0xFC, 0x75, 0xE8, 0xA2, 0xBB, 0x7D, 0x50, 0x47, 0xAF,
    0x93, 0xDF, 0xA8, 0xE3, 0x3D, 0x44, 0xE0, 0x93, 0x07, 0xF8, 0xC1, 0x99, 0x6D, 0x04, 0xB3, 0xB2,
    0xF5, 0xEA, 0x80, 0x21, 0x87, 0xEB, 0xD6, 0x85, 0x7A, 0x6F, 0xB9, 0x01, 0xAA, 0xE5, 0x1C, 0x9A,
    0x8A, 0xA5, 0xD2, 0x5F, 0xEF, 0x8A, 0x97, 0xA0, 0xE1, 0xFD, 0x0C, 0x59, 0x69, 0x37, 0xE1, 0x27,
    0x7A, 0xFE, 0x07, 0x35, 0x90, 0x01, 0x86, 0x5D, 0x31, 0x14, 0x86, 0xBF, 0xBC, 0x8B, 0x8B, 0xAB,
    0x4D, 0x51, 0x18, 0xD3, 0xCA, 0x06, 0x86, 0x40, 0x01, 0x7D, 0x73, 0x02, 0xC0, 0x6C, 0xA2, 0xE8,
    0x3E, 0x72, 0xDB, 0x15, 0xCC, 0x62, 0x8A, 0x87, 0x19, 0x2F, 0x4B, 0xC8, 0x12, 0x82, 0x52, 0x80,
    0x20, 0x48, 0xC9, 0x7D, 0xA7, 0x51, 0xC6, 0x7F, 0xFE, 0x1F, 0x7C, 0x1C, 0x3E, 0xCD, 0xB1, 0xF8,
    0xBA, 0xD5, 0xA5, 0xD1, 0x91, 0x81, 0xD6, 0x93, 0x86, 0x75, 0x60, 0x0B, 0x3E, 0x80, 0x6B, 0x10,
    0x07, 0x46, 0x07, 0xEB, 0x71, 0xC3, 0x95, 0x48, 0x0C, 0x3E, 0x98, 0xBE, 0x94, 0x55, 0x9F, 0xB2,
    0x55, 0x4D, 0x4E, 0x35, 0xC8, 0xD3, 0x8D, 0xB3, 0xE9, 0x88, 0xEA, 0xEC, 0x8D, 0xA8, 0x07, 0xDF,
    0xB9, 0xBB, 0x70, 0xBE, 0xF0, 0xF2, 0x7A, 0x6A, 0x51, 0x8B, 0xE8, 0xBE, 0xFD, 0xC5, 0xE5, 0x58,
    0xAF, 0x33, 0x7E, 0xB7, 0xC9, 0x25, 0xA9, 0x52, 0xA4, 0xC6, 0xB9, 0x31, 0xFB, 0xDD, 0xEF, 0xF2,
    0x1C, 0x87, 0x1E, 0xE6, 0x60, 0xDC, 0x37, 0xD9, 0x3F, 0xB0, 0xB6, 0xCF, 0x9F, 0xBE, 0xBC, 0x9F,
    0x79, 0xF7, 0xF0, 0xB0, 0x95, 0xF5, 0xB0, 0x87, 0xED, 0xD2, 0x5C, 0xB9, 0x26, 0xF9, 0x71, 0xE3,
    0x71, 0x6D, 0x5C, 0xEC, 0x8E, 0xE0, 0x93, 0x4F, 0x8A, 0xFD, 0x33, 0xD8, 0xB4, 0xB2, 0x6A, 0x62,
    0x51, 0x88, 0x79, 0x72, 0x25, 0x26, 0x5B, 0x25, 0xAD, 0xCD, 0x27, 0xD3, 0x6D, 0xE2, 0x65, 0xDB,
    0xF1, 0x0D, 0xA3, 0xB7, 0xC9, 0x29, 0x36, 0x7B, 0x3C, 0x96, 0xF3, 0x2C, 0x4C, 0xA2, 0x08, 0x42,
    0xCC, 0x31, 0xFB, 0x80, 0x09, 0xD8, 0x3A, 0x8F, 0xED, 0xFF, 0xFA, 0x2C, 0x1A, 0xA4, 0xB3, 0x35,
    0x3F, 0x64, 0x48, 0x77, 0xC5, 0x25, 0xB7, 0x4B, 0x99, 0x7F, 0xCA, 0x35, 0xCF, 0x4D, 0x3E, 0x48,
    0x58, 0xAA, 0xED, 0xB6, 0x9F, 0xDA, 0xA9, 0xDE, 0xE7, 0x47, 0x80, 0x25, 0x61, 0xE1, 0x2B, 0x28,
    0x8B, 0x26, 0x13, 0x33, 0x36, 0x7D, 0x74, 0x49, 0x14, 0xDF, 0xC1, 0x3C, 0xB3, 0x25, 0x04, 0x33,
    0x05, 0x57, 0x5C, 0x42, 0x76, 0xE2, 0x4F, 0xA2, 0x06, 0x99, 0xBA, 0x7F, 0xF3, 0x8D, 0xBB, 0x5F,
    0x9C, 0x3B, 0xE3, 0x75, 0x69, 0xD7, 0x37, 0x8B, 0x53, 0xF1, 0x34, 0x7C, 0xD5, 0xE1, 0x55, 0x9B,
    0xA8, 0xD6, 0x7F, 0xED, 0x9B, 0x01, 0xA4, 0xEE, 0x68, 0x7A, 0xC7, 0x9F, 0x7C, 0xE9, 0xBD, 0xB1,
    0x37, 0x78, 0x07, 0xB3, 0x18, 0xA3, 0x02, 0x8B, 0x2A, 0xDD, 0x00, 0x0A, 0x3B, 0x93, 0x77, 0x5B,
    0x85, 0x42, 0x0F, 0x3A, 0xA0, 0x28, 0x14, 0x55, 0xF4, 0x02, 0xC0, 0x9D, 0x49, 0x76, 0x8A, 0xA2,
    0xE8, 0xC1, 0x00, 0xD0, 0x05, 0xB0, 0x68, 0x8B, 0x62, 0x70, 0xE7, 0x26, 0xDB, 0x01, 0x2C, 0x9A,
    0x4E, 0x69, 0x51, 0x4C, 0x76, 0x5C, 0x16, 0x85, 0xB0, 0xA9, 0xCD, 0x4C, 0x93, 0x3C, 0x3D, 0xCF,
    0xFB, 0x7F, 0xFF, 0x4E, 0xBE, 0xF3, 0x75, 0x4F, 0x6F, 0xE9, 0x5E, 0xE7, 0xDC, 0xEF, 0x04, 0xF9,
    0xC7, 0xF9, 0xBE, 0x2F, 0x79, 0xDF, 0xE7, 0xFF, 0x7B, 0x9E, 0xF7, 0x7D, 0x93, 0x1C, 0x11, 0x91,
    0x54, 0x07, 0x13, 0x71, 0x3A, 0x06, 0x2D, 0xA2, 0x56, 0x51, 0x5B, 0x68, 0xB2, 0x41, 0xD3, 0xA5,
    0x0D, 0x9A, 0x4F, 0xED, 0x64, 0xEA, 0x46, 0x68, 0xD5, 0xD5, 0xB3, 0x69, 0xDD, 0x40, 0x55, 0x82,
    0x1E, 0x56, 0xA9, 0x17, 0x11, 0xC9, 0x16, 0xA9, 0x4C, 0xDD, 0x08, 0x2D, 0x06, 0x68, 0xA5, 0xAA,
    0xA6, 0x2D, 0x34, 0xB9, 0x12, 0x5D, 0xED, 0x2A, 0x22, 0xE5, 0x6A, 0x57, 0xB9, 0xD2, 0x4D, 0xC4,
    0x0D, 0xD0, 0xAA, 0x13, 0x29, 0xAE, 0xB4, 0xF6, 0xD6, 0x50, 0x49, 0xF4, 0x4A, 0x4B, 0xF5, 0x95,
    0x4E, 0x92, 0xA9, 0x4E, 0xD6, 0x66, 0x77, 0xA5, 0x72, 0xB2, 0x1D, 0x56, 0x68, 0xAE, 0x50, 0x47,
    0xDD, 0xA0, 0xD9, 0x0C, 0xCD, 0x67, 0xF9, 0x20, 0x34, 0x27, 0xDD, 0x2C, 0x34, 0xFA, 0x57, 0xAB,
    0x7D, 0x57, 0xBF, 0x5C, 0xAC, 0xA9, 0x3F, 0xD0, 0x59, 0xA4, 0x5D, 0xA4, 0x9E, 0x24, 0xD1, 0x51,
    0xDA, 0x51, 0x52, 0xED, 0x45, 0x07, 0xC9, 0xB5, 0x4B, 0xB4, 0xB7, 0x93, 0xA6, 0xDA, 0x59, 0x03,
    0x33, 0x6D, 0xAC, 0xFD, 0x4E, 0xBD, 0x75, 0xF3, 0xBB, 0x2A, 0x52, 0xCD, 0xF2, 0xDB, 0x2A, 0xF6,
    0xD3, 0x9F, 0xAF, 0x26, 0xE9, 0x4F, 0x96, 0x4C, 0xEA, 0xB9, 0xF8, 0x83, 0xE5, 0xA9, 0xAF, 0x74,
    0x2B, 0x74, 0x95, 0x4A, 0xE7, 0x32, 0x74, 0x60, 0xA8, 0xB4, 0x91, 0xC3, 0x26, 0xC5, 0x4B, 0xB9,
    0xB9, 0x3D, 0x86, 0x59, 0xE5, 0x02, 0x8F, 0x8E, 0xA4, 0x9C, 0xF0, 0x15, 0x2F, 0xDC, 0xAA, 0x21,
    0xEA, 0x0A, 0x6D, 0x37, 0x68, 0x12, 0x55, 0x56, 0xC8, 0xBB, 0x13, 0xB4, 0x6A, 0xE4, 0x74, 0x7B,
    0xD3, 0x11, 0x49, 0xD5, 0x9B, 0x64, 0xE8, 0x64, 0xCE, 0x3E, 0x42, 0x72, 0xF4, 0xFC, 0x69, 0x17,
    0xBE, 0xB9, 0x81, 0xA5, 0xCB, 0x20, 0x77, 0x1C, 0x98, 0x3F, 0xA3, 0x97, 0x07, 0xED, 0xD8, 0xD3,
    0x0D, 0x5A, 0xCC, 0x8E, 0x86, 0x2F, 0x45, 0xFC, 0x9A, 0x6E, 0xDF, 0x8E, 0x5F, 0x5A, 0x35, 0xA8,
    0x19, 0x51, 0x7B, 0x72, 0x51, 0xE0, 0x1C, 0xB7, 0xE2, 0x41, 0x40, 0xF6, 0x88, 0x10, 0x92, 0x1D,
    0x26, 0x04, 0x65, 0x8F, 0x0A, 0x61, 0xD9, 0xE3, 0x42, 0x60, 0xF6, 0xC8, 0x10, 0x9A, 0x1D, 0x36,
    0x42, 0x70, 0x76, 0xE8, 0x08, 0xE1, 0xD9, 0xE1, 0x23, 0x04, 0xE8, 0x1A, 0xA1, 0x6B, 0x88, 0xAE,
    0x31, 0xBA, 0x06, 0xE9, 0x1A, 0x25, 0x21, 0x4C, 0x22, 0xC4, 0x49, 0x84, 0x40, 0x89, 0xDC, 0x44,
    0xEA, 0xD1, 0x07, 0xC7, 0xB5, 0xA5, 0x9C, 0xA1, 0x55, 0x1F, 0x4E, 0xD0, 0xB5, 0x08, 0xDA, 0x8F,
    0x67, 0x84, 0xEC, 0xA7, 0x17, 0xA6, 0xD5, 0x97, 0x08, 0x84, 0xA6, 0x93, 0x49, 0x3A, 0x1F, 0xD0,
    0xD4, 0x0B, 0xF9, 0x43, 0x39, 0xC5, 0x0D, 0xBC, 0x11, 0x38, 0x12, 0x47, 0xE4, 0xC8, 0x1C, 0xA1,
    0x23, 0x75, 0xC4, 0x8E, 0xDC, 0x11, 0x3C, 0x92, 0x47, 0xF4, 0xC8, 0x1E, 0xE1, 0x23, 0x7D, 0xC4,
    0x4F, 0x22, 0x7F, 0x04, 0x90, 0x04, 0xEE, 0x11, 0x6C, 0xFB, 0xE3, 0x12, 0x54, 0x0C, 0xC5, 0x6C,
    0x9A, 0x8D, 0xF0, 0x25, 0x19, 0x75, 0x8B, 0xF4, 0x68, 0x50, 0x37, 0xD5, 0x1E, 0xAC, 0x95, 0xDD,
    0xD9, 0x14, 0xA1, 0x47, 0x30, 0xD7, 0xAD, 0xCC, 0xCF, 0x7D, 0x75, 0xAE, 0x93, 0x90, 0xB9, 0x65,
    0x1A, 0x44, 0x1C, 0x02, 0x50, 0xFD, 0xD3, 0x48, 0x4E, 0x0C, 0x93, 0x64, 0x21, 0x25, 0x77, 0xBE,
    0x24, 0x55, 0xAC, 0x9B, 0x88, 0x3C, 0x30, 0xC5, 0x76, 0xE0, 0x81, 0xE0, 0xA0, 0x98, 0xD3, 0x29,
    0x16, 0xA8, 0x12, 0x20, 0xE9, 0xF6, 0x0E, 0xCB, 0xD3, 0xBE, 0x3A, 0xDD, 0x5E, 0x9C, 0xC8, 0x0C,
    0xA1, 0x21, 0x35, 0xC4, 0x86, 0xDC, 0xEC, 0xC1, 0x21, 0x39, 0x44, 0x87, 0xEC, 0xEC, 0xE1, 0x21,
    0x3D, 0xC4, 0x87, 0xFC, 0xEC, 0x00, 0x22, 0x41, 0x44, 0x68, 0xC7, 0x10, 0x21, 0x22, 0x45, 0xC4,
    0x68, 0x5F, 0x85, 0x08, 0x12, 0x49, 0x22, 0x4A, 0xBB, 0x0A, 0x44, 0x98, 0x6E, 0xD4, 0x9F, 0xE4,
    0x13, 0xF6, 0xBD, 0x91, 0xDD, 0xB8, 0x26, 0x8F, 0xA3, 0x8A, 0xA3, 0xC6, 0x72, 0x54, 0x36, 0x28,
    0x47, 0x5B, 0x2C, 0x47, 0x97, 0x6F, 0x5C, 0x39, 0x82, 0x65, 0x82, 0xFA, 0xA0, 0x5F, 0x04, 0x4D,
    0xBF, 0x40, 0x56, 0x65, 0x5D, 0xC4, 0x88, 0x5B, 0x35, 0x09, 0xBE, 0xB7, 0x44, 0x08, 0xD6, 0xA0,
    0x65, 0x53, 0x9D, 0xC5, 0x9C, 0xC8, 0x27, 0x3E, 0xF8, 0xEA, 0x4C, 0x0A, 0x7D, 0x8A, 0x3E, 0x6D,
    0x26, 0xEF, 0x15, 0x8B, 0xC9, 0x33, 0x20, 0x71, 0x3C, 0x7B, 0x2A, 0x10, 0xCD, 0xFA, 0xAF, 0xFB,
    0x90, 0xCD, 0xE9, 0x08, 0x58, 0x2E, 0xEE, 0x6C, 0x39, 0x2A, 0x38, 0x28, 0x2F, 0x50, 0xDD, 0xF6,
    0xE5, 0x05, 0xD5, 0xE5, 0x96, 0xE2, 0xB2, 0xB7, 0xFF, 0x61, 0xD5, 0xC4, 0x0D, 0x03, 0x96, 0x59,
    0xB8, 0x1F, 0xB0, 0xBE, 0x3C, 0x1A, 0xB0, 0x0E, 0xFB, 0x01, 0xEB, 0x0D, 0x5C, 0x74, 0x61, 0xCA,
    0x03, 0x53, 0xA1, 0x2B, 0xE4, 0x30, 0xE2, 0x9B, 0xD9, 0xC7, 0xDE, 0x34, 0xF7, 0x79, 0x13, 0xB4,
    0x2B, 0x63, 0x9D, 0xC6, 0xF7, 0x92, 0x76, 0x38, 0x0B, 0xD2, 0x12, 0x8D, 0x09, 0x17, 0xCB, 0x2C,
    0x3A, 0xD9, 0x05, 0x41, 0xA9, 0xBD, 0x78, 0xF6, 0xB6, 0x09, 0xA6, 0x38, 0x12, 0x7F, 0xD6, 0x46,
    0xA8, 0xD4, 0x0B, 0x38, 0xBA, 0x93, 0xFC, 0xEC, 0xD7, 0xD8, 0xD4, 0x2A, 0x6A, 0x01, 0x79, 0xE4,
    0x92, 0x07, 0x0E, 0x44, 0x1E, 0x5D, 0x70, 0xBD, 0x86, 0x56, 0x22, 0x06, 0x90, 0x14, 0x92, 0x40,
    0x2E, 0xFE, 0x01, 0x38, 0xC8, 0xBD, 0xC4, 0x41, 0xB2, 0x09, 0x9A, 0xAF, 0x50, 0x79, 0x3F, 0xEA,
    0x33, 0x48, 0x1C, 0x55, 0x93, 0xE4, 0xFB, 0xB7, 0x63, 0xA1, 0xE7, 0x51, 0x1E, 0xDE, 0x8E, 0x35,
    0xB4, 0x43, 0x2F, 0x06, 0xC8, 0xB8, 0xAF, 0xA4, 0xE9, 0xB0, 0xBB, 0x69, 0xF5, 0xF7, 0xBF, 0xF1,
    0xEC, 0xA8, 0x58, 0x8C, 0xE8, 0x7C, 0x6F, 0x52, 0xDE, 0x65, 0x3A, 0x5E, 0x7D, 0x76, 0x0A, 0x2A,
    0xBA, 0x57, 0xA0, 0xE2, 0x61, 0x76, 0xFA, 0x16, 0x00, 0x9A, 0xEE, 0x67, 0xB1, 0xC8, 0xBA, 0x74,
    0x0C, 0xDA, 0x17, 0x7D, 0x50, 0xE5, 0xC4, 0x4A, 0x91, 0x00, 0xBA, 0x08, 0xF3, 0xE2, 0x61, 0x76,
    0xFA, 0xBF, 0xCE, 0x4E, 0xFF, 0x54, 0x9E, 0xA0, 0xD0, 0x96, 0x26, 0xCF, 0xE5, 0x43, 0x93, 0x8F,
    0x50, 0x29, 0x6A, 0x45, 0x57, 0x39, 0x65, 0xF5, 0x18, 0x6B, 0xE4, 0x4D, 0x9C, 0x9D, 0x1E, 0xD4,
    0xB6, 0x41, 0xD2, 0xA0, 0xBD, 0x24, 0xAD, 0xA9, 0x85, 0x1F, 0x1A, 0xEC, 0x28, 0x3B, 0x3C, 0x2F,
    0x28, 0x1B, 0x9C, 0xA5, 0xF0, 0x22, 0x35, 0x71, 0x9B, 0xA1, 0xCA, 0x35, 0x72, 0xAC, 0xC7, 0xC0,
    0x0D, 0xE7, 0xF5, 0x51, 0x03, 0xB6, 0xD0, 0x5C, 0x9B, 0x23, 0x83, 0x0A, 0x68, 0xB8, 0x1C, 0x1B,
    0x4B, 0x7D, 0xD2, 0xD8, 0x65, 0x50, 0xF8, 0x75, 0x04, 0x0D, 0x8A, 0xF3, 0x3C, 0x36, 0x31, 0x50,
    0x14, 0x60, 0x99, 0x58, 0xF8, 0x4F, 0xB7, 0xB2, 0x83, 0xEA, 0x78, 0x43, 0x7B, 0x28, 0x8B, 0xEA,
    0xD3, 0x2D, 0x34, 0xB2, 0x97, 0x52, 0x75, 0x14, 0x9D, 0xAA, 0xE9, 0xA0, 0x4D, 0x31, 0x67, 0x2A,
    0x6E, 0x76, 0x8B, 0x14, 0x73, 0xB9, 0x48, 0x3D, 0x56, 0x53, 0xA6, 0x63, 0xF5, 0x8D, 0xAA, 0xAF,
    0x75, 0xBB, 0x94, 0xF6, 0x1B, 0x2F, 0x66, 0x34, 0xDA, 0xE7, 0xDB, 0x51, 0xB2, 0xA6, 0x9D, 0xA4,
    0x90, 0x7A, 0x4D, 0x3E, 0x33, 0xF8, 0x67, 0x29, 0x34, 0x10, 0xA0, 0xD6, 0x97, 0x63, 0x70, 0xFF,
    0x96, 0x77, 0x66, 0x32, 0xED, 0x24, 0x30, 0x21, 0x69, 0x88, 0xC6, 0x9F, 0x08, 0x36, 0x37, 0xDF,
    0x88, 0x91, 0xFA, 0xE3, 0x36, 0x57, 0xD1, 0xF5, 0x15, 0xEA, 0x7A, 0x28, 0xB7, 0x33, 0x30, 0x3A,
    0xDD, 0xBC, 0x5D, 0xB2, 0xE7, 0x0A, 0xB3, 0x18, 0x18, 0x87, 0xBA, 0x89, 0x0B, 0x8A, 0x83, 0x17,
    0x79, 0xED, 0x16, 0xD7, 0xB2, 0xC4, 0x31, 0x7C, 0x8A, 0x41, 0x42, 0x11, 0xD7, 0x58, 0x5B, 0xE2,
    0x98, 0xEE, 0xFC, 0x47, 0x67, 0x67, 0x99, 0x14, 0x5D, 0x25, 0x56, 0xE3, 0x5E, 0x88, 0x08, 0x47,
    0x85, 0xD9, 0x26, 0xBD, 0xD6, 0xCC, 0x74, 0x28, 0x7B, 0x91, 0xC4, 0x27, 0x22, 0x7B, 0xDB, 0x10,
    0x39, 0x18, 0x17, 0x9C, 0x93, 0x60, 0x9D, 0x04, 0xEF, 0x24, 0x98, 0x27, 0xC1, 0x3D, 0x09, 0xF6,
    0x49, 0xF0, 0x4F, 0x82, 0x81, 0x70, 0x10, 0x16, 0xC2, 0x43, 0x09, 0x26, 0x4A, 0x70, 0x11, 0x36,
    0xC2, 0x47, 0x18, 0x09, 0x27, 0x8F, 0xB3, 0xF5, 0x37, 0x7F, 0x08, 0xE5, 0xAC, 0x13, 0xFD, 0x15,
    0xC9, 0xD6, 0x74, 0x89, 0xA1, 0xCA, 0x07, 0x18, 0xAF, 0xBF, 0x17, 0xBF, 0x10, 0xA7, 0xAB, 0xD9,
    0x5C, 0xE0, 0xA0, 0xE8, 0xED, 0x2B, 0xB7, 0xD8, 0x4D, 0xBF, 0xE5, 0xDA, 0x70, 0x3A, 0x7E, 0x6D,
    0x39, 0x3D, 0xBF, 0x36, 0x9D, 0xAE, 0xD3, 0x76, 0xFA, 0x4E, 0xE3, 0xF7, 0xCE, 0xD3, 0x7A, 0x7A,
    0xBF, 0x33, 0x9F, 0xEE, 0xD3, 0x7E, 0xFA, 0x4F, 0x00, 0xE8, 0xFC, 0x31, 0x02, 0x64, 0xE0, 0x1A,
    0x02, 0x52, 0x40, 0x0C, 0xAE, 0x39, 0x38, 0x06, 0x81, 0x8F, 0xC6, 0x8A, 0x95, 0xB7, 0x5A, 0x39,
    0xC7, 0x4F, 0xB4, 0x81, 0xE3, 0xFF, 0x38, 0x87, 0x46, 0xFC, 0xF3, 0x85, 0x7D, 0x10, 0xEE, 0x1C,
    0x25, 0x5B, 0x66, 0x92, 0xCD, 0xE9, 0x6C, 0x67, 0xF0, 0xBC, 0x73, 0x44, 0x4E, 0x08, 0x0A, 0x49,
    0x01, 0x2A, 0x91, 0x95, 0x08, 0x4B, 0xA4, 0x25, 0xE2, 0x12, 0x79, 0x89, 0xC0, 0x80, 0x18, 0x20,
    0x43, 0xB7, 0x09, 0x4D, 0xA4, 0x06, 0xD8, 0x90, 0x1B, 0x80, 0x43, 0x72, 0x80, 0xCE, 0x8E, 0x9D,
    0x6A, 0x84, 0x16, 0x13, 0xA7, 0x21, 0xD9, 0x1A, 0xFC, 0x98, 0x63, 0x6C, 0x9F, 0xD7, 0xEA, 0xE1,
    0x94, 0x76, 0x00, 0xAA, 0x0C, 0x5A, 0x0C, 0xF9, 0x70, 0x2E, 0x85, 0x01, 0x4F, 0xBE, 0xDC, 0x12,
    0xBA, 0x6F, 0xAD, 0xB2, 0x9D, 0xBC, 0x48, 0x6C, 0x92, 0x94, 0xA1, 0x77, 0xBD, 0xDD, 0x4E, 0x1E,
    0x61, 0x7F, 0x36, 0x1D, 0x66, 0x5A, 0xFF, 0xDA, 0x07, 0x6E, 0xF7, 0xF2, 0x24, 0x25, 0x54, 0x98,
    0x7E, 0x3C, 0xA8, 0x05, 0x56, 0x26, 0x2B, 0x6B, 0xC3, 0x18, 0x6B, 0xC3, 0xEF, 0xBF, 0x4A, 0x6D,
    0x78, 0xA8, 0x0D, 0x87, 0x4F, 0xF6, 0xCF, 0x13, 0x72, 0x8C, 0x99, 0x4F, 0x20, 0x52, 0x40, 0x1C,
    0x2A, 0x45, 0xE5, 0x43, 0xA5, 0x58, 0x43, 0x93, 0xBE, 0xB8, 0xBC, 0xB7, 0x95, 0xC2, 0x8C, 0xFB,
    0x1E, 0x9C, 0x9A, 0x3E, 0x0D, 0x3A, 0xE2, 0x9C, 0x87, 0x21, 0x32, 0xC2, 0xAD, 0x60, 0x2E, 0x6F,
    0x88, 0xD5, 0x52, 0x79, 0x4C, 0xFE, 0x5C, 0x77, 0x06, 0x53, 0x88, 0xC4, 0x3F, 0xB2, 0xD3, 0x4F,
    0x2E, 0x9C, 0xF4, 0x69, 0x88, 0xAB, 0x99, 0xFF, 0x2C, 0xAC, 0x79, 0x3E, 0xCD, 0xD0, 0x4C, 0xD8,
    0x8B, 0x06, 0x04, 0x12, 0xFF, 0xB8, 0xB3, 0xA2, 0x9B, 0x0D, 0xB6, 0xD4, 0x4F, 0x2E, 0xEE, 0xC0,
    0xA4, 0x22, 0x5B, 0x8F, 0x03, 0x54, 0xAB, 0x67, 0x69, 0x60, 0x65, 0x00, 0xEC, 0xAF, 0x30, 0x0E,
    0x3C, 0x2C, 0xDE, 0xD0, 0x0B, 0x6B, 0x1D, 0x07, 0x0C, 0xD4, 0x81, 0x44, 0x6D, 0xC0, 0x98, 0x39,
    0x60, 0xDC, 0xD5, 0x95, 0x5E, 0x7D, 0xC9, 0x17, 0x20, 0xD4, 0x76, 0x78, 0x2C, 0x66, 0xBB, 0x77,
    0xED, 0x82, 0xEF, 0xFB, 0x63, 0xEB, 0x37, 0xF3, 0x65, 0x31, 0xD3, 0x2F, 0x61, 0x01, 0xE2, 0x5F,
    0xAD, 0x74, 0xA0, 0x9E, 0x49, 0x9A, 0x8E, 0x30, 0x17, 0xCE, 0xA6, 0xDA, 0xDB, 0x8E, 0x4D, 0x70,
    0xEA, 0x61, 0xE5, 0xE9, 0x49, 0x88, 0x88, 0xF2, 0x24, 0x8F, 0xED, 0xA8, 0xB6, 0xBE, 0x81, 0x8C,
    0xDD, 0x83, 0xD3, 0x52, 0x71, 0x1F, 0x8D, 0x76, 0x54, 0x7C, 0xE0, 0xE1, 0xEC, 0xC7, 0xDF, 0x12,
    0xBA, 0xD3, 0x36, 0x30, 0x26, 0xDC, 0x89, 0x4D, 0x0D, 0xD3, 0xE2, 0x67, 0xDA, 0xC9, 0xFB, 0x99,
    0x7A, 0x79, 0xDB, 0x29, 0x6F, 0xD6, 0x94, 0x6C, 0x81, 0x54, 0x33, 0x32, 0x8C, 0xDD, 0x18, 0xF0,
    0xFE, 0x9A, 0xF5, 0xE0, 0x87, 0x92, 0xE9, 0x1F, 0x0D, 0xE2, 0xAC, 0x41, 0x4E, 0xD7, 0xB8, 0xFA,
    0xCB, 0xBF, 0xBE, 0x73, 0x11, 0xA2, 0x9B, 0xE1, 0xBE, 0xD4, 0x75, 0x27, 0xB3, 0x99, 0x45, 0x60,
    0x17, 0x3F, 0xEE, 0x70, 0x9F, 0x89, 0xDB, 0x69, 0xFC, 0x74, 0x17, 0xBF, 0x06, 0xF1, 0xFB, 0xCE,
    0xFF, 0x14, 0xBF, 0xFA, 0x46, 0xFC, 0xFA, 0xEB, 0xF8, 0xF5, 0xB7, 0xC4, 0x8F, 0x9B, 0xE4, 0x61,
    0x34, 0x1D, 0xF7, 0x91, 0x92, 0xDA, 0x0A, 0xC4, 0x3B, 0xBC, 0x65, 0xA2, 0x97, 0x18, 0xD0, 0xD6,
    0x38, 0x80, 0x37, 0x92, 0xA1, 0x30, 0x95, 0xFA, 0x32, 0xD3, 0x49, 0xEA, 0x2D, 0x60, 0xAD, 0xB3,
    0xB5, 0x28, 0xD5, 0xC1, 0x5A, 0x87, 0x04, 0xDD, 0x9C, 0x36, 0x10, 0x31, 0x29, 0xB7, 0x20, 0xD5,
    0x1A, 0xA2, 0x5C, 0x2D, 0x26, 0x2B, 0x20, 0x58, 0xD0, 0x97, 0x05, 0xBD, 0x99, 0x83, 0x68, 0x78,
    0x71, 0xEC, 0x00, 0xC9, 0xB4, 0xAB, 0xD6, 0x50, 0xE8, 0x0B, 0x35, 0x07, 0xC4, 0x69, 0x9F, 0xE9,
    0x82, 0xE2, 0x65, 0x25, 0x00, 0x7E, 0x94, 0x28, 0x31, 0x49, 0xBB, 0xF9, 0xD3, 0xD8, 0x6E, 0xB0,
    0x43, 0xD1, 0x6F, 0xF5, 0x10, 0xD8, 0x37, 0xC7, 0xCE, 0x7E, 0x1D, 0xEF, 0xBD, 0x56, 0xA1, 0x6A,
    0xA8, 0x2E, 0xA9, 0x4E, 0xE5, 0x92, 0x6B, 0xE7, 0xAC, 0x17, 0x6E, 0x0B, 0x37, 0xF4, 0xAA, 0x45,
    0xDC, 0x56, 0xCD, 0x57, 0xBB, 0x7A, 0x92, 0x62, 0x6D, 0x47, 0x29, 0x97, 0xAB, 0x5D, 0x65, 0xBB,
    0x7A, 0xBE, 0xDA, 0xE9, 0x58, 0x8F, 0x07, 0x1D, 0xAA, 0xB9, 0xD0, 0xAE, 0x52, 0xB5, 0xD6, 0xA2,
    0xAD, 0x03, 0x2E, 0xB1, 0xDB, 0xFE, 0x5C, 0x68, 0xD8, 0x6E, 0xE7, 0x59, 0x35, 0x58, 0x36, 0x44,
    0x74, 0x86, 0x2C, 0x68, 0x2F, 0x24, 0x99, 0xF7, 0xAF, 0xAE, 0x7E, 0x74, 0xD4, 0xE7, 0x37, 0xC2,
    0x3D, 0xD4, 0x7B, 0x3B, 0x8D, 0x85, 0x65, 0xE2, 0x53, 0xB5, 0x74, 0x0C, 0xA3, 0x26, 0x57, 0xE8,
    0x88, 0xD0, 0xEB, 0xB6, 0x2F, 0xF9, 0x91, 0x37, 0xA1, 0x5F, 0x58, 0xDD, 0x60, 0x3D, 0x58, 0x0C,
    0x71, 0x00, 0xAE, 0x3C, 0x8A, 0xD5, 0xF2, 0x36, 0xA0, 0xFB, 0x66, 0x0D, 0x2A, 0x65, 0xAF, 0x5C,
    0x4E, 0x54, 0x38, 0xF8, 0x65, 0xD6, 0xD1, 0x3C, 0xDA, 0x27, 0x42, 0x03, 0x85, 0x16, 0x0A, 0x4D,
    0x94, 0x68, 0xA3, 0x48, 0x34, 0x52, 0x24, 0x5A, 0x29, 0x12, 0xCC, 0xC4, 0x81, 0xE0, 0x20, 0x1A,
    0x2A, 0x12, 0x2D, 0x15, 0x89, 0xA6, 0x86, 0x03, 0xEC, 0xA2, 0xB1, 0x2C, 0x33, 0x73, 0x3C, 0x30,
    0x3B, 0x60, 0x2F, 0x0E, 0x70, 0x99, 0x68, 0xB1, 0x48, 0x34, 0x59, 0x68, 0xB3, 0xD0, 0x68, 0xA1,
    0xD5, 0x42, 0xB3, 0x4F, 0xEC, 0xFE, 0xE0, 0xC6, 0x2D, 0xFE, 0x05, 0x5A, 0x0E, 0x78, 0xC7, 0xB4,
    0x6E, 0x30, 0x83, 0x59, 0xF1, 0xA5, 0xF1, 0xC2, 0xB4, 0xFC, 0xAF, 0x19, 0xC1, 0xFC, 0x78, 0x89,
    0x8F, 0x09, 0xD6, 0xF8, 0xBC, 0x07, 0x61, 0xDF, 0xE1, 0xB1, 0x7B, 0xB8, 0x02, 0x48, 0x10, 0x57,
    0xB4, 0x71, 0x2A, 0x4D, 0x03, 0x2D, 0xA1, 0xF1, 0xAC, 0xB5, 0x88, 0x59, 0xC0, 0xC6, 0x74, 0x86,
    0x06, 0x78, 0x44, 0x24, 0xF0, 0x03, 0xAD, 0xA2, 0xB2, 0x28, 0xA3, 0x9A, 0x8E, 0x98, 0x71, 0x05,
    0x9C, 0x4C, 0x31, 0xCD, 0x02, 0x54, 0x22, 0x91, 0x2B, 0xD9, 0xA1, 0xA5, 0x0D, 0xBA, 0xD3, 0x01,
    0xA7, 0xAE, 0x1A, 0xC3, 0xD4, 0x3F, 0x0C, 0x45, 0xE9, 0x57, 0xBA, 0xA0, 0xEF, 0x2B, 0xE2, 0xA2,
    0x26, 0xAD, 0xAF, 0xDE, 0xA0, 0xDC, 0x07, 0x05, 0x99, 0x06, 0xAB, 0x85, 0x8B, 0xEE, 0xCA, 0xB7,
    0xBD, 0xB8, 0x8F, 0x31, 0xCF, 0x1E, 0x45, 0xCA, 0x9F, 0xCD, 0x22, 0xED, 0xEF, 0x2C, 0x56, 0x0C,
    0x57, 0x9A, 0xFD, 0xDA, 0xAB, 0x40, 0xDB, 0x1C, 0x4D, 0x5A, 0x13, 0x4E, 0x71, 0xB3, 0xA8, 0xE9,
    0x84, 0x92, 0x90, 0x8D, 0xB1, 0x22, 0x00, 0xE0, 0xE5, 0x3B, 0xAC, 0x07, 0x2C, 0x07, 0xB7, 0x54,
    0x03, 0x38, 0x49, 0x2B, 0xE9, 0x25, 0xCD, 0xA4, 0x9B, 0xB4, 0x33, 0xFA, 0xC9, 0x1A, 0xC0, 0x12,
    0xC0, 0x0A, 0xC0, 0x02, 0xC0, 0xFC, 0x67, 0xFA, 0x33, 0xFB, 0x99, 0xFC, 0xCC, 0x7D, 0xA6, 0x3E,
    0x33, 0x9F, 0x89, 0xCF, 0xBC, 0x67, 0xDA, 0x33, 0xEB, 0xE9, 0x2F, 0x0D, 0xA6, 0xC3, 0xB4, 0xF8,
    0x38, 0xE1, 0x3F, 0xD9, 0xFF, 0xC7, 0x42, 0x8A, 0x20, 0x1E, 0x20, 0x92, 0x43, 0x32, 0x93, 0xB6,
    0x2F, 0xBA, 0x90, 0xF8, 0x8A, 0xBC, 0xBF, 0x64, 0xDA, 0x33, 0xEB, 0x91, 0xF4, 0x7B, 0x0C, 0x88,
    0x02, 0x13, 0x1E, 0x38, 0x30, 0xDD, 0x03, 0x12, 0x4C, 0x76, 0xE6, 0x7A, 0x00, 0x83, 0x99, 0xCE,
    0x44, 0x0F, 0x78, 0x30, 0xCD, 0x99, 0xE5, 0x01, 0x12, 0xE6, 0x38, 0x53, 0x3C, 0xA0, 0xC2, 0x04,
    0x67, 0x7E, 0x03, 0x98, 0x3D, 0x32, 0x9F, 0x1D, 0x86, 0xF0, 0xF7, 0xCF, 0xAD, 0x51, 0xD9, 0x5F,
    0x86, 0x6C, 0x77, 0xF2, 0x82, 0x1F, 0xF3, 0x31, 0x2F, 0x47, 0x3C, 0x71, 0x5F, 0x2D, 0x26, 0xB5,
    0x7C, 0xF8, 0xA6, 0x0C, 0xEC, 0x17, 0xC9, 0x95, 0xA6, 0x4B, 0xD6, 0x59, 0x94, 0xFE, 0xC6, 0x1A,
    0x13, 0x22, 0xF6, 0xDD, 0x50, 0x57, 0xDF, 0x8B, 0xB3, 0x1A, 0x82, 0xC1, 0x7B, 0x43, 0xD5, 0x4F,
    0xCC, 0xBD, 0xF5, 0x30, 0xE1, 0x6D, 0x42, 0x84, 0x14, 0xE6, 0xC2, 0x5B, 0x58, 0x0B, 0x67, 0x61,
    0x2C, 0x7C, 0x85, 0xAD, 0x70, 0x15, 0xA6, 0xC2, 0x53, 0x58, 0x0A, 0x47, 0x61, 0x28, 0xFC, 0x84,
    0x9D, 0x70, 0x13, 0x66, 0xC2, 0x4B, 0x58, 0xB9, 0x73, 0xB2, 0x1A, 0xB9, 0xCE, 0x46, 0x4E, 0x33,
    0xA5, 0x99, 0xD1, 0x27, 0x09, 0xFD, 0xA6, 0xCE, 0xA8, 0xFD, 0x2F, 0x9D, 0x51, 0x93, 0xE7, 0x3E,
    0x5C, 0x17, 0x95, 0x1B, 0x89, 0x6B, 0x69, 0x7B, 0x58, 0x59, 0xB9, 0xEF, 0xEC, 0xF4, 0x5B, 0xEA,
    0x09, 0xCA, 0xBB, 0x26, 0x1A, 0x5F, 0xD7, 0x9A, 0x51, 0x9E, 0x8A, 0xDE, 0xA1, 0xC2, 0x4B, 0x6E,
    0xCA, 0xB2, 0xC5, 0x59, 0xF9, 0xD3, 0xEB, 0x5B, 0x36, 0x1B, 0xDC, 0xC6, 0xBA, 0x33, 0xC4, 0x18,
    0x7E, 0xCF, 0x37, 0x2A, 0xF7, 0x2A, 0xB0, 0x7C, 0xFB, 0x15, 0x55, 0xEE, 0xE1, 0x46, 0xE5, 0xF6,
    0xA8, 0xDC, 0xDB, 0x8D, 0xCA, 0x3D, 0xDC, 0x5E, 0xB9, 0x77, 0xA3, 0x5E, 0x8A, 0x24, 0xDD, 0x2E,
    0xAC, 0x55, 0xBF, 0x08, 0x6D, 0xF8, 0x0B, 0xDB, 0x7F, 0x96, 0xDA, 0xFE, 0x22, 0xEC, 0x25, 0x9D,
    0x2D, 0x18, 0x7F, 0x37, 0x86, 0xBE, 0x37, 0x66, 0xF0, 0xFC, 0xBA, 0xF3, 0xB5, 0x1A, 0xA3, 0x4E,
    0x50, 0x37, 0x4B, 0xE2, 0xC5, 0x0A, 0x51, 0xF4, 0x6C, 0x11, 0x78, 0xF9, 0xE1, 0x19, 0x7A, 0xA9,
    0xDD, 0xF5, 0x2D, 0xB7, 0x6A, 0x90, 0x0B, 0x11, 0x37, 0x9A, 0x73, 0x59, 0xD8, 0x27, 0xD3, 0x1D,
    0xF3, 0x92, 0xCB, 0x62, 0x0B, 0x33, 0x74, 0x81, 0x1E, 0x96, 0xE0, 0xA9, 0x24, 0xCC, 0xCF, 0x11,
    0x9E, 0x7E, 0xE4, 0xCF, 0xCE, 0x53, 0xAC, 0x9D, 0x51, 0x77, 0x39, 0x97, 0xC8, 0x26, 0xCB, 0xD2,
    0xF4, 0xE7, 0x8B, 0xB5, 0xF0, 0x5F, 0xCC, 0x59, 0xFD, 0x5D, 0x3B, 0xBE, 0xBC, 0x33, 0xCE, 0x1E,
    0xE6, 0xAC, 0xC7, 0x38, 0xE2, 0xBA, 0x38, 0xE9, 0xFD, 0x81, 0xC7, 0xEC, 0x2D, 0x38, 0xF7, 0xBE,
    0x5B, 0x83, 0xA3, 0xCF, 0x0F, 0xD3, 0xF9, 0x39, 0x9A, 0x8F, 0xAE, 0x11, 0x29, 0x97, 0xCA, 0x87,
    0x80, 0x5C, 0x88, 0xB4, 0x21, 0x86, 0x6B, 0xAD, 0x8B, 0x24, 0x93, 0x33, 0x5F, 0x2F, 0x92, 0x3B,
    0xE2, 0x25, 0x18, 0xF4, 0xC7, 0x1E, 0xB9, 0x09, 0x7A, 0x66, 0xDE, 0x9D, 0x4E, 0x9B, 0xB0, 0xC0,
    0xE5, 0xC4, 0x09, 0x2A, 0x27, 0x53, 0xA7, 0x8B, 0xE0, 0xE4, 0x72, 0xBA, 0xBF, 0x33, 0x0E, 0xEF,
    0x66, 0x52, 0x9C, 0xAF, 0xA7, 0x47, 0x7B, 0x2F, 0x9C, 0x4E, 0x65, 0xD6, 0xC0, 0x4A, 0xA7, 0x5C,
    0x6D, 0x92, 0xAB, 0x63, 0xA2, 0x9B, 0x97, 0x77, 0x57, 0x41, 0xA8, 0xCD, 0xD9, 0x05, 0x0B, 0xE6,
    0x76, 0xC2, 0x3D, 0x3E, 0x73, 0x3D, 0x1B, 0x24, 0x31, 0x75, 0x7D, 0x70, 0x43, 0x5C, 0x87, 0x1B,
    0xF8, 0x45, 0x87, 0x2B, 0x94, 0x0D, 0x9C, 0xAF, 0x70, 0x27, 0x1F, 0x6A, 0x05, 0x5F, 0xA4, 0x30,
    0x5D, 0x05, 0x04, 0x2C, 0x12, 0x1C, 0x4C, 0x96, 0x78, 0xB9, 0x29, 0x5E, 0x6E, 0x84, 0xE6, 0x03,
    0xD4, 0xF5, 0x22, 0x55, 0x7C, 0x49, 0xB5, 0xD2, 0xFE, 0xB1, 0x0A, 0x78, 0x5C, 0x83, 0x41, 0xD6,
    0x70, 0x38, 0x1D, 0x96, 0xFD, 0xEF, 0xEA, 0x4B, 0x39, 0xD9, 0xB8, 0xF8, 0xE7, 0x53, 0x5C, 0xD0,
    0x06, 0x5D, 0xA0, 0xF9, 0x20, 0xBC, 0xDB, 0x75, 0xF8, 0x91, 0x01, 0xD3, 0xE4, 0x6A, 0x67, 0xED,
    0x9C, 0x5A, 0x90, 0x9A, 0x62, 0x93, 0xE2, 0xDF, 0xD5, 0x7E, 0xF6, 0x1E, 0x4C, 0x7B, 0xCB, 0x81,
    0x5B, 0xB3, 0x6A, 0xB2, 0x0E, 0x60, 0xD9, 0x39, 0x25, 0x26, 0x2D, 0x56, 0x9F, 0x3A, 0xA6, 0x6D,
    0x2F, 0x89, 0xF6, 0x79, 0xDD, 0x99, 0x11, 0xBF, 0xDE, 0x36, 0x16, 0xA1, 0xEF, 0xA9, 0xBF, 0x92,
    0xE6, 0x3F, 0xF5, 0xD0, 0x67, 0xFA, 0x1F, 0x5F, 0x69, 0xD9, 0xA5, 0xAA, 0x9F, 0xAB, 0x9A, 0x93,
    0xA9, 0xCE, 0xB6, 0x6E, 0xC9, 0x2C, 0x9E, 0x75, 0x7F, 0xD8, 0x7B, 0xCA, 0xB5, 0xEA, 0xF1, 0x33,
    0xFA, 0x66, 0xC7, 0x6B, 0x06, 0x8C, 0xAF, 0x9F, 0xB9, 0x6B, 0x13, 0xF5, 0xE8, 0x1F, 0x2A, 0x09,
    0x2B, 0x42, 0x8E, 0x7B, 0x56, 0xD0, 0x17, 0x72, 0xBC, 0x9D, 0x07, 0x22, 0x6E, 0x85, 0xE0, 0xE3,
    0x12, 0xF3, 0x2E, 0xA9, 0x21, 0x65, 0x83, 0xC2, 0xB1, 0x7F, 0x33, 0xF4, 0x89, 0x0F, 0x72, 0x77,
    0x81, 0xD9, 0xBF, 0x30, 0xD7, 0x47, 0xCB, 0xD5, 0x0A, 0x3F, 0xFA, 0x80, 0x0A, 0x5F, 0xF6, 0x12,
    0x27, 0x62, 0xAC, 0xFD, 0x2C, 0xFE, 0x58, 0x45, 0x45, 0xE3, 0xD5, 0x67, 0x16, 0xC0, 0x52, 0x27,
    0x8B, 0xB1, 0x47, 0x2D, 0xAC, 0xA2, 0xE7, 0xD2, 0xC2, 0x0D, 0x20, 0x96, 0x85, 0x83, 0x11, 0xBE,
    0xD0, 0x7F, 0x21, 0x00, 0x91, 0x00, 0x3E, 0x8E, 0x2D, 0xBD, 0x79, 0x03, 0x06, 0x00, 0x41, 0x1D,
    0x0E, 0x22, 0x86, 0xC4, 0x80, 0x1C, 0x44, 0x10, 0xF6, 0x17, 0x27, 0x0A, 0x64, 0x01, 0x07, 0xC6,
    0x18, 0x68, 0xA8, 0x1B, 0x21, 0x0E, 0x3B, 0x1E, 0x08, 0x04, 0x89, 0x38, 0x45, 0xE2, 0x78, 0x0C,
    0x28, 0x56, 0xAE, 0x55, 0x10, 0x3F, 0x6D, 0x42, 0x8C, 0x0E, 0x2B, 0xA2, 0x97, 0x8E, 0x08, 0x5E,
    0xE2, 0xAF, 0x07, 0xD4, 0x31, 0x50, 0xD1, 0x6A, 0x07, 0x2C, 0xC8, 0xC5, 0x25, 0xC1, 0x20, 0x19,
    0x44, 0x83, 0x6C, 0x10, 0x0E, 0xD2, 0x41, 0x3C, 0xC8, 0x07, 0x01, 0x21, 0x21, 0x44, 0x84, 0x8C,
    0x10, 0x12, 0x89, 0x94, 0x48, 0xC4, 0x84, 0x9C, 0x10, 0x94, 0x3D, 0x29, 0x35, 0x0D, 0xAF, 0x78,
    0x50, 0x4C, 0x02, 0x54, 0xB2, 0x19, 0x3C, 0x84, 0xF4, 0x03, 0x2A, 0xCF, 0x4F, 0x50, 0x79, 0x40,
    0x25, 0xBF, 0x31, 0x79, 0x48, 0x34, 0xC6, 0xAF, 0x8D, 0x48, 0x94, 0x0D, 0xA2, 0xE7, 0xBA, 0xFB,
    0x8D, 0x0A, 0x87, 0x13, 0x38, 0xC8, 0x01, 0x85, 0x23, 0x0A, 0xFA, 0x2C, 0x87, 0x89, 0xE5, 0x65,
    0x40, 0xAF, 0xCD, 0xA2, 0x07, 0x66, 0x4C, 0x4E, 0xC6, 0x1C, 0x0E, 0x3A, 0x1C, 0x75, 0x30, 0xEC,
    0x20, 0x8E, 0x25, 0xCA, 0x4C, 0xD2, 0x46, 0x76, 0x66, 0x04, 0xF1, 0xC9, 0x3D, 0x65, 0xE7, 0x30,
    0xE5, 0xE8, 0xA0, 0xDB, 0x0A, 0xF6, 0x58, 0x7D, 0x12, 0x97, 0x91, 0xE8, 0xD3, 0x8B, 0x62, 0x41,
    0x67, 0x17, 0x16, 0xD5, 0x07, 0x64, 0x76, 0x5B, 0xE5, 0x9F, 0x07, 0xD5, 0x9F, 0x2E, 0x98, 0xD8,
    0xEB, 0x94, 0x04, 0x33, 0x74, 0xCC, 0xAD, 0x87, 0x5F, 0x69, 0xEF, 0x26, 0xEB, 0x57, 0xED, 0x2D,
    0x78, 0x8F, 0xE4, 0xD7, 0xEE, 0x27, 0x2A, 0x5C, 0xA3, 0x1E, 0xBB, 0xEF, 0xC8, 0xC3, 0x03, 0x18,
    0x26, 0xB7, 0xAD, 0x71, 0xB8, 0xC8, 0xE1, 0x2A, 0x07, 0x2E, 0xEE, 0xD6, 0x39, 0xAF, 0x7A, 0x2B,
    0xE0, 0xFE, 0xF2, 0x73, 0xBC, 0x5E, 0xE2, 0x82, 0x89, 0x2B, 0x26, 0xA8, 0x17, 0xAE, 0x99, 0x8E,
    0x16, 0x4D, 0xAC, 0xCC, 0xFC, 0xE0, 0xA0, 0x50, 0x69, 0x85, 0x79, 0x08, 0x75, 0x8D, 0x9C, 0x6E,
    0xB5, 0x6A, 0x93, 0xAA, 0xFA, 0x16, 0x30, 0x4A, 0xAE, 0x5F, 0x87, 0x57, 0xE8, 0x0E, 0xD6, 0xC8,
    0xAA, 0x09, 0xC7, 0xB2, 0x81, 0xBD, 0x14, 0x6F, 0xC3, 0x21, 0xCA, 0xD5, 0x2C, 0x65, 0x87, 0x38,
    0xD5, 0x98, 0x76, 0x26, 0x2B, 0x06, 0x88, 0x74, 0x82, 0xBA, 0x01, 0xB3, 0x8C, 0xB6, 0x41, 0x7F,
    0xB6, 0xDD, 0xFF, 0xA1, 0x82, 0x61, 0x28, 0x1C, 0x36, 0x82, 0xA1, 0x1D, 0xBA, 0x03, 0x65, 0xFF,
    0x81, 0x31, 0x29, 0x06, 0xBB, 0xFB, 0x17, 0x62, 0x9D, 0xEA, 0xB8, 0x57, 0xD9, 0xA1, 0xC5, 0x18,
    0xA5, 0xF8, 0x89, 0xE2, 0x77, 0xF8, 0x38, 0xFC, 0xF8, 0x91, 0x70, 0x3B, 0x4C, 0x36, 0x51, 0x2E,
    0x16, 0x8B, 0x66, 0xB5, 0xD9, 0x5E, 0x55, 0xB2, 0x35, 0x51, 0xF5, 0xF9, 0x92, 0xFE, 0x42, 0x9B,
    0x7C, 0xC9, 0x3E, 0xD7, 0xCE, 0xCD, 0xF9, 0xF7, 0xAF, 0xF6, 0x93, 0x13, 0xED, 0xDD, 0xF8, 0x2D,
    0xD1, 0xA1, 0x18, 0x0C, 0x11, 0xCB, 0x8F, 0x7A, 0xB4, 0xB8, 0x54, 0x53, 0xE5, 0x6D, 0x5F, 0x5B,
    0x53, 0xE7, 0x90, 0x75, 0xCB, 0x12, 0x5A, 0x32, 0xDB, 0x5E, 0xC7, 0xB0, 0x1F, 0x04, 0x89, 0xCA,
    0x27, 0x60, 0xA9, 0x72, 0xB5, 0x8B, 0x34, 0xFC, 0x2D, 0x71, 0x76, 0x5E, 0x5F, 0x75, 0x22, 0xFA,
    0xAF, 0xF6, 0x21, 0xDF, 0x82, 0x1F, 0x84, 0x5D, 0x2F, 0x5E, 0x9E, 0x81, 0x8F, 0xDC, 0xAC, 0x2F,
    0x50, 0xED, 0x79, 0xD9, 0xA8, 0x5D, 0xA4, 0xDE, 0xDF, 0x6D, 0x27, 0x7F, 0xFC, 0xA9, 0x39, 0x99,
    0xA9, 0x39, 0xE9, 0x6C, 0x3F, 0x38, 0xB5, 0xCE, 0xE7, 0xAB, 0x39, 0x99, 0x5C, 0xFE, 0xBF, 0xFC,
    0x43, 0xE7, 0x59, 0x10, 0x51, 0x84, 0x28, 0x55, 0x8A, 0xBD, 0xA7, 0xF9, 0x31, 0x3A, 0x68, 0x33,
    0xDE, 0x6B, 0x7C, 0xE7, 0xFE, 0xE7, 0xF7, 0xFF, 0xE9, 0x7F, 0x45, 0xCF, 0x91, 0x86, 0x17, 0x12,
    0x46, 0xD7, 0xCF, 0x6D, 0xAE, 0x14, 0x3E, 0x73, 0x21, 0x2E, 0xEE, 0xDF, 0x30, 0x21, 0x52, 0x11,
    0xF9, 0xB6, 0xBC, 0x75, 0xEF, 0x39, 0xF8, 0x6F, 0xB5, 0x52, 0x31, 0xAE, 0xF4, 0x34, 0x18, 0x9C,
    0x24, 0x88, 0xFC, 0x52, 0x0A, 0x37, 0xF4, 0xE9, 0x69, 0x7C, 0x04, 0x47, 0xE2, 0x00, 0x50, 0xBC,
    0xFB, 0xC4, 0xBC, 0x77, 0x00, 0xA8, 0xB9, 0xCB, 0x53, 0x2C, 0x28, 0x28, 0x68, 0xC2, 0x0D, 0xC2,
    0x0D, 0x5C, 0xB8, 0x48, 0xE1, 0x64, 0x98, 0x4F, 0xDE, 0xD5, 0x8A, 0x8E, 0xE6, 0xB7, 0xEC, 0xCC,
    0xC4, 0x9E, 0x6F, 0x66, 0x3F, 0x6F, 0x1C, 0xEF, 0x99, 0x97, 0x67, 0x0D, 0x3C, 0x3D, 0x79, 0x07,
    0xF2, 0xD2, 0xAA, 0xE2, 0xE4, 0x2E, 0x46, 0x26, 0x7B, 0x32, 0xA2, 0x5B, 0x30, 0x27, 0x70, 0x19,
    0x4F, 0xB8, 0x1D, 0x21, 0x61, 0x4D, 0xD8, 0x32, 0xB6, 0xD3, 0xE6, 0x9A, 0xE1, 0x13, 0xB0, 0x2E,
    0xE0, 0xDE, 0xF3, 0x18, 0x78, 0x40, 0x53, 0x22, 0xD3, 0xA1, 0xBF, 0x30, 0x67, 0x84, 0x05, 0xDF,
    0x01, 0xF0, 0xB1, 0x69, 0xFA, 0x87, 0xA6, 0x79, 0x2D, 0x0F, 0x4D, 0x34, 0x8D, 0x65, 0x45, 0xA5,
    0x4D, 0xBB, 0xF2, 0xB6, 0x38, 0x9E, 0x7D, 0x55, 0xE6, 0x94, 0xA5, 0x9C, 0x77, 0xE5, 0x86, 0x5D,
    0xC9, 0xA1, 0x28, 0x38, 0xD4, 0xF6, 0x58, 0x73, 0x38, 0xE1, 0x93, 0x3B, 0x20, 0x2B, 0x6F, 0x09,
    0x5B, 0x56, 0x00, 0xF3, 0xC0, 0x7F, 0x98, 0x95, 0xB3, 0x59, 0xB1, 0x3F, 0x1E, 0x0E, 0xCA, 0xE9,
    0xAF, 0xEE, 0x56, 0xE2, 0x54, 0x10, 0x96, 0xD9, 0x52, 0xBF, 0x00, 0xF0, 0xD1, 0xA7, 0x57, 0xAD,
    0x3D, 0xAC, 0x76, 0x55, 0xED, 0xEE, 0x9F, 0xE9, 0x8B, 0xD5, 0x82, 0x56, 0x7B, 0xCA, 0xE7, 0x55,
    0x6B, 0x8D, 0x68, 0xE3, 0xFB, 0xF5, 0xB7, 0xC0, 0x7B, 0xE5, 0xB5, 0xB1, 0x76, 0x15, 0x83, 0x4D,
    0x48, 0x3A, 0x65, 0xA8, 0x1F, 0x97, 0xE0, 0x16, 0x60, 0xAC, 0x80, 0xA2, 0x61, 0x9B, 0x64, 0x72,
    0x6D, 0x45, 0x73, 0x90, 0x85, 0x35, 0x01, 0x99, 0x40, 0x2E, 0x90, 0x0D, 0xE4, 0x23, 0x97, 0x56,
    0xD6, 0xDF, 0xCB, 0xCC, 0x23, 0xB0, 0xE8, 0x40, 0x93, 0xAC, 0x8D, 0x68, 0x47, 0xFB, 0x3A, 0x9D,
    0x8A, 0x3A, 0xF3, 0x31, 0xD4, 0x91, 0x0B, 0x8F, 0xB5, 0x3A, 0xBE, 0x33, 0xB3, 0xCE, 0xFC, 0xA1,
    0xC1, 0x60, 0xB7, 0x31, 0xDF, 0x03, 0x93, 0x8F, 0x63, 0xC1, 0x0D, 0x7C, 0xAB, 0x65, 0x91, 0x1A,
    0x81, 0x3B, 0x70, 0x19, 0xEB, 0xC8, 0x8C, 0xE1, 0x34, 0x3A, 0xDC, 0xAE, 0xC0, 0x1D, 0x46, 0xDD,
    0x39, 0x5A, 0xD7, 0x46, 0xE7, 0x2C, 0xBA, 0x01, 0xB0, 0xDE, 0xC7, 0xD2, 0x57, 0xD8, 0x08, 0xC9,
    0x95, 0x31, 0x3F, 0x69, 0x9E, 0xD3, 0x83, 0xFA, 0x43, 0x01, 0x8D, 0x86, 0x74, 0xA1, 0xD1, 0xBF,
    0xF9, 0x71, 0xA2, 0x39, 0xF0, 0x76, 0x87, 0x3F, 0xD1, 0x6D, 0xBF, 0x3A, 0x9E, 0xE1, 0x67, 0x12,
    0xC2, 0x9E, 0x71, 0x9B, 0xC8, 0x18, 0xA8, 0x8A, 0xBE, 0xFA, 0x12, 0x12, 0xDF, 0x6F, 0x60, 0xCC,
    0x61, 0xF7, 0xBF, 0x13, 0xA2, 0x73, 0xDA, 0xA2, 0xFF, 0xA3, 0x82, 0xD6, 0x01, 0x11, 0xFE, 0x3C,
    0xD5, 0x3D, 0xAE, 0x4E, 0xF4, 0xAF, 0xD2, 0x5F, 0x18, 0xEC, 0x36, 0xD6, 0x5F, 0xF2, 0x50, 0xD5,
    0x81, 0xDE, 0xF9, 0x63, 0x1E, 0x2B, 0xEC, 0x3F, 0xEC, 0xE9, 0xB2, 0xFA, 0xDA, 0xD0, 0x71, 0xAA,
    0xAE, 0x84, 0xC3, 0x3A, 0x20, 0xCB, 0x48, 0x26, 0xEB, 0x60, 0xE5, 0x3E, 0xF0, 0x86, 0x75, 0x30,
    0x29, 0x7E, 0x3D, 0xD0, 0x33, 0x0E, 0xC4, 0x70, 0x63, 0xAA, 0xB0, 0x1B, 0xB1, 0x8F, 0x5E, 0x56,
    0x58, 0x81, 0x4F, 0xE0, 0x0D, 0x12, 0x7C, 0x70, 0xE0, 0x74, 0xE9, 0xC2, 0xEA, 0x54, 0xE7, 0xE2,
    0x8A, 0x3F, 0x5C, 0x56, 0xF3, 0xC9, 0x3E, 0x9B, 0x4D, 0xC2, 0x0B, 0x9F, 0xDD, 0x89, 0xB7, 0xEE,
    0x27, 0x00, 0x9D, 0x96, 0x5B, 0xE4, 0x9C, 0xCC, 0x19, 0xEE, 0x06, 0xC2, 0x89, 0x8E, 0x19, 0x13,
    0x13, 0x66, 0x02, 0xBE, 0x02, 0xE1, 0xB1, 0xDC, 0x05, 0x8C, 0xB4, 0x0C, 0x00, 0x54, 0x59, 0x48,
    0xC0, 0x1C, 0x81, 0x2F, 0xD0, 0xA6, 0x96, 0x7F, 0xEE, 0x65, 0xC0, 0x9D, 0xC0, 0xF4, 0x28, 0x18,
    0x68, 0xFE, 0x49, 0xA8, 0x0C, 0x15, 0x06, 0xE5, 0x6C, 0x45, 0x5B, 0xBB, 0x72, 0x24, 0x97, 0x34,
    0xEC, 0x42, 0x00, 0xDF, 0xE0, 0x39, 0xB6, 0x06, 0x5D, 0x6D, 0x38, 0xE6, 0x86, 0xF3, 0xDE, 0x30,
    0x2C, 0x0D, 0xAF, 0x06, 0xC3, 0xD9, 0xD0, 0x1D, 0x0D, 0x7D, 0xFA, 0x8F, 0x4B, 0xFF, 0x75, 0x5C,
    0xD2, 0xFF, 0x73, 0x89, 0xC0, 0x6B, 0xDC, 0x2F, 0xAF, 0x6D, 0x07, 0xA6, 0x8C, 0x81, 0xE2, 0xF2,
    0x72, 0xD4, 0xD9, 0x2A, 0x4A, 0xA2, 0x93, 0x97, 0x27, 0x97, 0xA1, 0x34, 0x74, 0x7B, 0xC3, 0x10,
    0xDB, 0xB9, 0x94, 0xA6, 0x37, 0x17, 0xAB, 0x97, 0x0B, 0xCC, 0xEF, 0xF9, 0x8B, 0xD6, 0x06, 0xDD,
    0xD5, 0x71, 0x31, 0x45, 0x71, 0x34, 0x85, 0xDB, 0x3D, 0xAD, 0x22, 0xC4, 0x60, 0x28, 0x97, 0xB5,
    0x7D, 0xD7, 0x42, 0x39, 0xCA, 0xC5, 0xDE, 0xAD, 0x6D, 0x3B, 0x37, 0x17, 0xE9, 0xE5, 0x02, 0xA8,
    0x5E, 0x2E, 0x80, 0xF9, 0xB9, 0xE7, 0xE5, 0xC5, 0x86, 0xFF, 0x02, 0x0D, 0xCB, 0x81, 0x05, 0x03,
    0x31, 0x14, 0x87, 0xF1, 0xCF, 0x1D, 0x0D, 0x82, 0x8C, 0xD0, 0x11, 0x32, 0x41, 0xBD, 0xD3, 0x85,
    0xBA, 0x42, 0x86, 0xEA, 0x00, 0x19, 0xE1, 0x6E, 0x83, 0x8C, 0x10, 0x1C, 0x5E, 0x21, 0xFF, 0x3E,
    0x7C, 0xF0, 0xF1, 0xE3, 0xB1, 0x0E, 0x4C, 0x27, 0xD2, 0xDC, 0x57, 0xF6, 0xEC, 0xC9, 0xCB, 0x4C,
    0x5E, 0x47, 0x72, 0xEB, 0xF9, 0xB6, 0x5E, 0xA6, 0xF5, 0x1A, 0xD9, 0x69, 0x97, 0x5A, 0xD5, 0xA2,
    0xC8, 0xD9, 0xD4, 0x00, 0x1B, 0x10, 0x76, 0x57, 0x8F, 0xD9, 0x78, 0xE9, 0xE0, 0x2B, 0xB6, 0x4B,
    0xE4, 0xF7, 0xE2, 0x29, 0xB9, 0x49, 0x33, 0x1A, 0x64, 0x87, 0x72, 0xC3, 0xE7, 0x17, 0x76, 0xF1,
    0x07, 0x85, 0x96, 0x37, 0xB0, 0xED, 0x3E, 0x11, 0xC6, 0xD7, 0xF6, 0x80, 0x8B, 0x33, 0x83, 0x88,
    0x0D, 0x49, 0xA4, 0x8E, 0xE0, 0x7E, 0x5E, 0x90, 0xC9, 0x39, 0x43, 0x4D, 0x5F, 0xF1, 0xFA, 0xB9,
    0x60, 0x93, 0x73, 0xE8, 0x0B, 0x72, 0x4D, 0xA8, 0x48, 0xF7, 0x61, 0x91, 0x33, 0xF8, 0xF5, 0xC5,
    0x33, 0x99, 0xEE, 0x0A, 0x10, 0x83, 0xDE, 0x43, 0xF6, 0xA2, 0xFD, 0x56, 0x77, 0x0E, 0xF9, 0xAF,
    0x62, 0x7F, 0x3B, 0x57, 0x61, 0x57, 0xDE, 0xD5, 0x77, 0x0F, 0x95, 0x61, 0x7B, 0x2F, 0xB8, 0x65,
    0x46, 0xC1, 0xE5, 0x0B, 0xC4, 0xBE, 0x9D, 0x73, 0xB1, 0x3D, 0xF3, 0x5E, 0xE0, 0x98, 0x99, 0xA8,
    0x61, 0xFE, 0x48, 0x41, 0xC7, 0x9F, 0xEE, 0x0B, 0xCC, 0x71, 0xDB, 0x94, 0x39, 0x97, 0x2F, 0xEC,
    0x73, 0x88, 0xA6, 0x90, 0x6E, 0x11, 0x11, 0xFF, 0x2A, 0x5C, 0xC8, 0xC2, 0xEF, 0x6E, 0x51, 0x16,
    0xFE, 0xF0, 0xDB, 0x41, 0xF0, 0xFA, 0xF7, 0xAC, 0x44, 0x27, 0xB6, 0xA7, 0x12, 0xC6, 0xF0, 0x6D,
    0x09, 0x63, 0x8E, 0x8B, 0x81, 0x04, 0x51, 0xB6, 0x59, 0x0E, 0x97, 0xC0, 0x1A, 0x81, 0xEF, 0x6C,
    0xC0, 0x8B, 0x7D, 0x81, 0xE1, 0x57, 0xCF, 0xC0, 0x7D, 0x2A, 0x71, 0x4E, 0xCC, 0x5F, 0x8A, 0xC8,
    0x8B, 0x71, 0x34, 0xF3, 0x0C, 0x24, 0x2A, 0x73, 0x3F, 0xE5, 0xB1, 0xC0, 0xBC, 0x1C, 0xB7, 0x79,
    0x81, 0x99, 0x05, 0x37, 0x2D, 0xC9, 0x78, 0xCB, 0x93, 0x48, 0xC7, 0xC4, 0x65, 0x14, 0x2E, 0x95,
    0x03, 0xA8, 0x47, 0x1D, 0xB8, 0xB1, 0xA7, 0xBB, 0x24, 0x81, 0x66, 0xBA, 0x44, 0x5C, 0xBA, 0x26,
    0x86, 0x3D, 0x94, 0xC3, 0xAE, 0xA8, 0xDB, 0x5D, 0x01, 0x66, 0x96, 0xA8, 0xF3, 0x1C, 0xFE, 0x85,
    0x0D, 0x6F, 0x8A, 0x73, 0xE2, 0xF8, 0x4B, 0x2F, 0xF9, 0x23, 0xDC, 0x28, 0x38, 0x87, 0x01, 0x25,
    0x8C, 0xD2, 0x65, 0xA0, 0x59, 0x8E, 0x3A, 0xAD, 0xE7, 0x39, 0x25, 0x0A, 0x86, 0x99, 0x93, 0xFE,
    0xC1, 0x31, 0xCA, 0xC7, 0x28, 0x5F, 0xCB, 0x0F, 0x1A, 0xD4, 0x6D, 0x23, 0x37, 0x16, 0x78, 0x1A,
    0x66, 0x04, 0x36, 0x8A, 0xC7, 0x8C, 0x54, 0xB3, 0xD7, 0xF5, 0x0D, 0x63, 0x37, 0x56, 0x96, 0xD1,
    0x2A, 0x1A, 0xE0, 0xA4, 0xF9, 0x9B, 0x33, 0x24, 0x5C, 0xAB, 0x59, 0x76, 0x11, 0x30, 0x2B, 0x30,
    0x8C, 0xC0, 0xC2, 0xCC, 0x1E, 0x17, 0x96, 0x88, 0x82, 0x32, 0xA5, 0xF1, 0x1C, 0x02, 0x21, 0xA0,
    0x37, 0x1C, 0x2B, 0x83, 0xCC, 0xAF, 0xCD, 0xAE, 0x0D, 0x41, 0x19, 0xD7, 0x59, 0x9B, 0x04, 0x6E,
    0xAD, 0xC4, 0x78, 0x27, 0x6F, 0x5D, 0x28, 0xBC, 0xBB, 0x04, 0x30, 0x2F, 0xA1, 0x5F, 0x11, 0x0A,
    0x51, 0x00, 0x1E, 0x95, 0x72, 0xF3, 0xE0, 0xA2, 0x1D, 0x89, 0xFA, 0xCD, 0x45, 0x27, 0x97, 0xF0,
    0x2E, 0xDD, 0x46, 0x13, 0x21, 0x81, 0x13, 0x98, 0xC8, 0x80, 0xB1, 0x84, 0xA7, 0x21, 0x23, 0x5C,
    0xA9, 0x36, 0xC2, 0x91, 0x65, 0x84, 0x23, 0x83, 0xEB, 0xE6, 0xC2, 0xB5, 0x30, 0x15, 0x7A, 0xA2,
    0x36, 0x2A, 0x27, 0x9E, 0xA5, 0x6B, 0x88, 0x85, 0xB5, 0xD9, 0x6A, 0x75, 0x16, 0xCE, 0xD7, 0x75,
    0xDD, 0xAF, 0x9D, 0xEB, 0x46, 0xBA, 0x57, 0x1D, 0xE7, 0xAB, 0x33, 0xCD, 0x47, 0xB3, 0x62, 0xD7,
    0x0B, 0xF7, 0xCE, 0x8B, 0xC3, 0xED, 0x6E, 0xFC, 0x29, 0x16, 0xA7, 0xCB, 0x53, 0x9A, 0x12, 0x35,
    0x7B, 0xFF, 0x90, 0x23, 0x47, 0xEA, 0xB2, 0xF9, 0x1B, 0xFF, 0x25, 0xDF, 0x29, 0xCE, 0x10, 0x8E,
    0x2E, 0xDC, 0x91, 0x5B, 0xDD, 0xCB, 0x7D, 0x78, 0x83, 0x5C, 0xEB, 0xDD, 0xB9, 0x47, 0x95, 0x8E,
    0x2E, 0xF5, 0x49, 0x9C, 0xD8, 0xC7, 0x2E, 0x97, 0xE0, 0x1B, 0x9D, 0x42, 0x2B, 0x15, 0x58, 0xC9,
    0x04, 0x62, 0x09, 0x2E, 0x65, 0x5B, 0x24, 0x38, 0x59, 0x4F, 0x8E, 0xC4, 0x1F, 0xFC, 0x33, 0x26,
    0xD2, 0xD9, 0x3B, 0xC5, 0x91, 0xF5, 0x7F, 0xFC, 0xCA, 0x41, 0x2D, 0x8F, 0x34, 0x25, 0xCE, 0x64,
    0xB9, 0xAC, 0x94, 0x2C, 0x5C, 0x71, 0xEC, 0xCA, 0xB3, 0x84, 0x48, 0x26, 0x39, 0x96, 0xFB, 0x45,
    0x1B, 0xDD, 0x21, 0x5D, 0x34, 0xBB, 0x78, 0xDA, 0xC4, 0xA1, 0x29, 0x18, 0x0F, 0x87, 0x83, 0x99,
    0xAB, 0x23, 0x32, 0xD0, 0x1F, 0x2D, 0x07, 0x54, 0xE6, 0xE8, 0x38, 0xDC, 0x16, 0x67, 0x3F, 0xF1,
    0x76, 0x29, 0xCD, 0x87, 0xB1, 0x52, 0x07, 0xB2, 0x3F, 0x3B, 0x64, 0xD3, 0x3B, 0x96, 0xEF, 0x4A,
    0x5D, 0x86, 0x98, 0xF8, 0x87, 0x6B, 0x71, 0xDC, 0x9F, 0x02, 0xFF, 0x54, 0x66, 0x98, 0xB5, 0xC3,
    0x06, 0x38, 0x22, 0x53, 0x42, 0x14, 0x61, 0xBA, 0x7A, 0x21, 0xDF, 0xD5, 0x9A, 0x34, 0x5A, 0x15,
    0xDE, 0x5B, 0x4E, 0x70, 0x72, 0xCB, 0x01, 0x4E, 0xEC, 0xE0, 0x34, 0x1C, 0x3A, 0x54, 0xBA, 0xE5,
    0x55, 0x5F, 0x43, 0xB1, 0xE5, 0x42, 0x70, 0xC6, 0x9E, 0x0B, 0xEB, 0x78, 0x94, 0xE2, 0x4B, 0x0C,
    0x34, 0xAC, 0xA4, 0xE5, 0x50, 0xDA, 0x0C, 0x2C, 0x5C, 0xCF, 0xAF, 0xA4, 0x49, 0x41, 0x0B, 0xB8,
    0xAC, 0xE8, 0x97, 0x13, 0xFF, 0x15, 0xB1, 0x1C, 0x1F, 0x20, 0x27, 0xAB, 0x2A, 0xB7, 0xF6, 0xAC,
    0x52, 0x71, 0x62, 0x55, 0x22, 0x73, 0xA8, 0x34, 0x98, 0xBD, 0x70, 0x8A, 0x34, 0x64, 0x55, 0x1C,
    0x97, 0x84, 0x2B, 0x71, 0xC4, 0xBB, 0x6D, 0xAE, 0x02, 0x9E, 0x71, 0x37, 0xA1, 0x0C, 0xB3, 0x71,
    0x2B, 0xF8, 0xBC, 0xC5, 0xDF, 0x29, 0xF4, 0x91, 0x3F, 0x10, 0x0A, 0xF9, 0x57, 0xCC, 0x5E, 0x72,
    0x7F, 0x37, 0xD2, 0xE7, 0x52, 0x0B, 0xC8, 0xF1, 0x6F, 0x9B, 0x63, 0xA4, 0x47, 0x1C, 0x53, 0x95,
    0xB4, 0x5A, 0x2F, 0xD5, 0x24, 0xFE, 0x64, 0x55, 0xAB, 0x5C, 0xAF, 0x7F, 0x10, 0x2E, 0x62, 0x19,
    0xE2, 0x5F, 0xDC, 0xAA, 0x6D, 0x59, 0xA6, 0xAB, 0x54, 0xEA, 0x6E, 0x49, 0x0C, 0xD0, 0x6A, 0x2B,
    0xE7, 0xFA, 0x6A, 0xC7, 0x7F, 0x55, 0x64, 0xE5, 0x59, 0x91, 0x55, 0x33, 0xCE, 0x4C, 0x98, 0x40,
    0x0E, 0x67, 0x5A, 0x25, 0x3E, 0x5E, 0x55, 0xF8, 0x4E, 0xFF, 0x03, 0xAC, 0x50, 0x5D, 0x95, 0x41,
    0xBD, 0x59, 0x10, 0x3E, 0x9A, 0x1F, 0x52, 0xAD, 0xDE, 0x8B, 0xF8, 0x00, 0x5B, 0x59, 0x31, 0x88,
    0xB0, 0xCE, 0xAA, 0xE1, 0xDF, 0xD2, 0x83, 0xDA, 0xA4, 0xEC, 0x83, 0x26, 0x68, 0xBD, 0x6A, 0xB9,
    0xAB, 0x5A, 0xBE, 0x2B, 0x55, 0x30, 0x97, 0x64, 0x36, 0x21, 0x87, 0x61, 0xD6, 0xAF, 0x84, 0x80,
    0x02, 0x46, 0xC1, 0xBE, 0xC3, 0x9E, 0xCE, 0xEC, 0xF9, 0x5D, 0xBC, 0x6A, 0x1F, 0xF0, 0xA6, 0x61,
    0x38, 0x28, 0x97, 0x1A, 0x6E, 0x8A, 0x85, 0xAE, 0x84, 0x4B, 0x1A, 0xCE, 0xA1, 0xF1, 0x95, 0x0D,
    0xEF, 0x34, 0xE8, 0xD3, 0xF0, 0xA2, 0xAF, 0xAE, 0x10, 0x72, 0xD6, 0x5C, 0x8B, 0x79, 0xE1, 0x5E,
    0xEF, 0xAD, 0x1F, 0xBA, 0xD0, 0x83, 0x2D, 0x58, 0x02, 0xF0, 0x8A, 0xAA, 0x62, 0x62, 0xA8, 0xA4,
    0x29, 0xD1, 0xB2, 0xEA, 0xBF, 0x40, 0x16, 0x72, 0x20, 0xF6, 0x60, 0x23, 0xAC, 0x4F, 0xB1, 0x01,
    0x33, 0xEA, 0x3B, 0x15, 0xA0, 0xA0, 0x11, 0xF7, 0xD1, 0xF8, 0x06, 0x61, 0x71, 0xFE, 0x6F, 0x0B,
    0x90, 0x2C, 0xE9, 0x7D, 0x94, 0x59, 0x39, 0x25, 0x40, 0xC2, 0x69, 0x75, 0x12, 0x38, 0x31, 0xCF,
    0x42, 0xCD, 0x49, 0x87, 0xCE, 0xA0, 0x88, 0xAD, 0xD8, 0x66, 0x91, 0xC6, 0xB4, 0x68, 0x0C, 0x24,
    0xD5, 0xF3, 0xD5, 0x97, 0x4A, 0x95, 0xD8, 0xBC, 0x7C, 0x27, 0x97, 0x6D, 0x93, 0x21, 0x4C, 0x6F,
    0x68, 0x79, 0xBD, 0x85, 0x44, 0x6F, 0x4A, 0x9A, 0xE3, 0x25, 0x3E, 0x72, 0x82, 0x8D, 0x52, 0xCF,
    0x26, 0x88, 0x6D, 0x37, 0xD4, 0x92, 0x79, 0x73, 0xB9, 0x67, 0x5E, 0x5D, 0x3E, 0xDD, 0x3F, 0xC8,
    0x25, 0xF3, 0xE9, 0x2C, 0x76, 0x10, 0x6B, 0x5D, 0x2C, 0x6B, 0x6E, 0x4F, 0x81, 0x86, 0x7C, 0x6B,
    0x09, 0x64, 0xF7, 0x0B, 0xDE, 0x44, 0x2D, 0x39, 0x5D, 0x7F, 0x00, 0x6D, 0xEF, 0xA7, 0xF0, 0x17,
    0xA4, 0xD6, 0x1B, 0x89, 0x5D, 0xC5, 0xF6, 0x1E, 0x02, 0x33, 0x92, 0x8E, 0x8B, 0xEB, 0x0B, 0x35,
    0x01, 0x0B, 0x65, 0x8B, 0x97, 0xA2, 0x05, 0xB2, 0xB1, 0x44, 0x99, 0xFC, 0x94, 0x1A, 0x16, 0x09,
    0x3B, 0xDA, 0x3F, 0xAF, 0xA7, 0xBD, 0x1C, 0x62, 0xF2, 0xC9, 0x93, 0xCD, 0x66, 0xA4, 0x21, 0x39,
    0x22, 0x97, 0x2E, 0x8A, 0x89, 0xA9, 0x98, 0x07, 0xA1, 0x9D, 0xDD, 0xDF, 0xD7, 0xD3, 0xE8, 0xD8,
    0x5B, 0x1A, 0x78, 0xBE, 0xAB, 0x8F, 0xD5, 0x30, 0x43, 0x11, 0x66, 0x6A, 0xF8, 0x41, 0x4D, 0xE4,
    0x84, 0xDA, 0x6B, 0x09, 0xF4, 0xFF, 0xEA, 0xA4, 0x58, 0x54, 0x6B, 0x9F, 0xF4, 0x56, 0x9E, 0x75,
    0x36, 0x28, 0x62, 0x7D, 0xB4, 0x51, 0x11, 0xA8, 0x57, 0x68, 0x6B, 0xA8, 0xAA, 0x0A, 0x2C, 0x8F,
    0x68, 0xC7, 0xA8, 0x27, 0x8F, 0x8A, 0x95, 0x74, 0x21, 0xB0, 0x28, 0xA6, 0xF8, 0xDF, 0x90, 0x00,
    0x57, 0x91, 0xFF, 0x05, 0x9A, 0xD2, 0x00, 0xE0, 0x81, 0xA2, 0xCF, 0x0F, 0xD8, 0xBD, 0xCE, 0xA0,
    0x9E, 0xDA, 0x68, 0xD8, 0xD9, 0x7A, 0xB1, 0xF2, 0x16, 0xA7, 0x87, 0x2C, 0xC1, 0x91, 0x19, 0x12,
    0x6B, 0xE1, 0x0E, 0xBC, 0x3E, 0x4D, 0x0E, 0xF8, 0x76, 0xA6, 0xF6, 0x0F, 0x7C, 0x3F, 0x52, 0xDB,
    0x33, 0x43, 0x00, 0xD2, 0xF5, 0x91, 0x2D, 0x94, 0xCE, 0x20, 0x86, 0x45, 0x9B, 0x3F, 0x51, 0x74,
    0xDA, 0x4B, 0xB6, 0x6E, 0x96, 0x9E, 0x5D, 0xF4, 0xF7, 0x09, 0xF5, 0xB0, 0x13, 0xDA, 0x50, 0x5C,
    0x4D, 0xFC, 0x12, 0x36, 0xC1, 0xE2, 0x9A, 0x4D, 0xED, 0x5E, 0xC8, 0x6A, 0x54, 0x5D, 0xD4, 0x47,
    0x22, 0xD9, 0x5E, 0xC9, 0xE7, 0xE2, 0xD7, 0xBF, 0x2D, 0x50, 0x7B, 0x58, 0x13, 0xA8, 0xCF, 0x43,
    0xB1, 0x26, 0xDD, 0x2E, 0xD6, 0x86, 0x9B, 0x36, 0x90, 0x0B, 0x17, 0xC5, 0x4E, 0xEB, 0xD7, 0x06,
    0x79, 0x95, 0xD1, 0x85, 0x86, 0xDF, 0x15, 0x5C, 0x68, 0xF9, 0x45, 0x61, 0xDA, 0x3A, 0xEE, 0xB6,
    0x69, 0xEB, 0x8F, 0xCE, 0x2F, 0xAB, 0xD9, 0x7B, 0xCF, 0xAB, 0xCD, 0x66, 0x66, 0x3F, 0x24, 0xF3,
    0x42, 0xF6, 0x2E, 0xDA, 0x96, 0xE7, 0x29, 0x0C, 0x1D, 0xCF, 0xCB, 0x76, 0xAB, 0xE3, 0x51, 0x6B,
    0x3E, 0x2B, 0x22, 0xB2, 0xC0, 0x8B, 0xD6, 0x46, 0xE8, 0xCB, 0x46, 0xC6, 0x2F, 0x68, 0x53, 0x60,
    0x78, 0x34, 0x87, 0x80, 0xCC, 0xAE, 0x5A, 0x98, 0x21, 0x85, 0x43, 0x42, 0x95, 0x96, 0xA0, 0xDD,
    0x34, 0x03, 0xE9, 0x5C, 0x72, 0x45, 0xC3, 0xDB, 0xB9, 0x53, 0x5A, 0x55, 0x90, 0x4E, 0x90, 0xB5,
    0x9C, 0x5A, 0xBC, 0x33, 0x24, 0xC0, 0x59, 0x2C, 0xEA, 0xCF, 0x65, 0xAB, 0x5D, 0xE7, 0x14, 0xFF,
    0x00, 0xB5, 0x8F, 0x01, 0x66, 0xFD, 0x40, 0x18, 0xC4, 0x67, 0xF3, 0x78, 0xC1, 0xF3, 0xFF, 0xBF,
    0x03, 0x14, 0x39, 0xC2, 0x1E, 0x61, 0xF7, 0x30, 0x05, 0x85, 0xDE, 0xA0, 0x9B, 0x23, 0xF4, 0x30,
    0x05, 0xA8, 0xA4, 0x37, 0x48, 0x6F, 0xF0, 0xD0, 0x03, 0x04, 0x41, 0x4A, 0xB2, 0xD3, 0x6F, 0xEC,
    0x06, 0x55, 0x28, 0xF4, 0x13, 0xBF, 0xE1, 0xDB, 0xD9, 0x99, 0x8D, 0x27, 0x89, 0x50, 0x91, 0x91,
    0xC8, 0x1D, 0x65, 0x86, 0x22, 0x6E, 0x2B, 0xDA, 0xCE, 0x45, 0xBB, 0xA9, 0x68, 0x88, 0x45, 0xAB,
    0xFD, 0xB4, 0x16, 0xBD, 0xDE, 0x8A, 0xFA, 0xF1, 0x5B, 0x4A, 0xF3, 0x37, 0x29, 0xE3, 0xEF, 0x52,
    0xFA, 0xA2, 0x6E, 0xE8, 0x2F, 0x5C, 0x3A, 0x6E, 0x81, 0x39, 0x90, 0xC7, 0x97, 0x6D, 0x63, 0x7B,
    0x3B, 0x45, 0xBB, 0xE0, 0x09, 0x3E, 0xE3, 0x15, 0x89, 0x6F, 0x1B, 0xF2, 0x95, 0xAB, 0xDB, 0x1A,
    0xCE, 0xCD, 0x82, 0x54, 0x43, 0xEA, 0x7B, 0x2E, 0xD3, 0x89, 0xD3, 0x75, 0x34, 0x83, 0xEF, 0xBB,
    0x77, 0x12, 0x3E, 0x86, 0x1D, 0x01, 0x97, 0x05, 0x9A, 0x07, 0xC1, 0x65, 0xB1, 0x5D, 0x8F, 0xB7,
    0x0C, 0xE4, 0x0E, 0x90, 0xDC, 0x2A, 0x9D, 0x51, 0xA7, 0xDD, 0xCD, 0x80, 0x14, 0x0D, 0xCD, 0x2E,
    0x33, 0xC9, 0xB1, 0xB2, 0x33, 0xF6, 0xF0, 0xC6, 0x58, 0xFF, 0xBF, 0x54, 0xF8, 0xE9, 0xB8, 0x53,
    0xE7, 0x5E, 0xB8, 0x9B, 0x0D, 0x67, 0x1A, 0x1D, 0xA9, 0x4A, 0x35, 0x7A, 0x66, 0xB3, 0x29, 0xC6,
    0xF8, 0x6C, 0x70, 0x3A, 0x32, 0x32, 0xEA, 0x8A, 0x2C, 0x72, 0x7E, 0xE8, 0x2A, 0x55, 0x81, 0x6E,
    0x15, 0xF1, 0x82, 0x32, 0x6A, 0x9F, 0x11, 0xA8, 0x48, 0x71, 0x42, 0x32, 0x8E, 0xC0, 0x3F, 0xA0,
    0x3E, 0x5F, 0xA6, 0x28, 0xF2, 0x53, 0xD1, 0x03, 0xB5, 0x3B, 0x1F, 0x0D, 0xBD, 0x76, 0x8C, 0xC6,
    0x44, 0xC3, 0x23, 0xB3, 0xB6, 0xB6, 0x3E, 0x51, 0xC6, 0x96, 0x8B, 0xFE, 0x5A, 0x37, 0xF1, 0x5F,
    0xAE, 0x3A, 0xFE, 0x47, 0xE3, 0x17, 0x75, 0x95, 0xB1, 0x91, 0xA4, 0x30, 0x10, 0x45, 0x35, 0x33,
    0x55, 0x83, 0x81, 0x41, 0x00, 0x6B, 0x90, 0xC1, 0x71, 0x19, 0x0C, 0x5B, 0x17, 0xD0, 0x5D, 0x06,
    0xE0, 0x5D, 0x58, 0x60, 0x9D, 0x4D, 0x08, 0x84, 0x80, 0x81, 0xC1, 0x56, 0x01, 0xFF, 0x90, 0x9E,
    0xD4, 0xBB, 0x32, 0x96, 0x6A, 0xE3, 0xC9, 0x93, 0xFE, 0xEB, 0x6E, 0x9C, 0xFF, 0x4A, 0xB5, 0x4F,
    0xCD, 0x01, 0x07, 0x2D, 0x9D, 0x0E, 0x4F, 0x85, 0xC2, 0xE7, 0xB1, 0x3E, 0x0A, 0x1D, 0x8F, 0x80,
    0xAF, 0xE5, 0xA6, 0xC5, 0x9D, 0x1E, 0x35, 0x3A, 0xCD, 0x6E, 0xBB, 0xE8, 0xE6, 0x71, 0x74, 0xFE,
    0x7B, 0xA8, 0xBF, 0x1B, 0xB6, 0xD7, 0x29, 0x60, 0x21, 0x7F, 0xF2, 0xD4, 0x28, 0x7C, 0xE3, 0xB7,
    0xE8, 0xAA, 0xC3, 0x55, 0xA7, 0x0B, 0x5F, 0xBD, 0x5F, 0x27, 0xB0, 0xD9, 0xFD, 0x29, 0x61, 0x13,
    0xF1, 0xB5, 0xB9, 0x66, 0x8B, 0xB8, 0xFA, 0x02, 0x97, 0xAB, 0xC0, 0x6E, 0xF1, 0xC5, 0xCB, 0x0C,
    0xFD, 0xB5, 0x87, 0x39, 0xE2, 0xE4, 0x0B, 0xB4, 0x47, 0xDC, 0xBE, 0x62, 0x7F, 0x55, 0xC0, 0xBB,
    0xDA, 0xAB, 0xE2, 0xD3, 0x7C, 0x81, 0xA7, 0x2F, 0xF0, 0xF0, 0xC5, 0x83, 0x77, 0x5F, 0x84, 0xBB,
    0xBA, 0x6A, 0x0D, 0xD0, 0x56, 0x17, 0x2E, 0xE1, 0x86, 0x7D, 0xB5, 0xBB, 0xD7, 0xE8, 0xB1, 0x1B,
    0x1B, 0xDD, 0xD4, 0x06, 0x9C, 0x07, 0xE9, 0xE0, 0x09, 0x3A, 0x24, 0x9E, 0xD3, 0x68, 0x7E, 0x3B,
    0xDB, 0x80, 0xC5, 0xE9, 0xB2, 0xEF, 0xA9, 0x0D, 0xE8, 0xA4, 0x96, 0x7B, 0x59, 0x88, 0xFE, 0x0D,
    0x64, 0xD1, 0x05, 0x18, 0x26, 0xF7, 0x6A, 0xE3, 0x33, 0xE3, 0x73, 0x7A, 0x00, 0x33, 0x58, 0x72,
    0xCF, 0x31, 0xD9, 0x30, 0xE8, 0x13, 0x24, 0x3B, 0x4A, 0x6E, 0xCE, 0x64, 0xE6, 0x08, 0xB0, 0xB9,
    0xD7, 0x8E, 0x15, 0x5F, 0x38, 0xE9, 0xD6, 0xA8, 0x41, 0x4B, 0x04, 0x1A, 0x6D, 0x98, 0x6F, 0x9A,
    0x10, 0xF0, 0xD0, 0xC8, 0xBD, 0x1E, 0xEA, 0x81, 0x52, 0xEF, 0x7D, 0x88, 0xBE, 0x52, 0x3D, 0x86,
    0xE0, 0x2B, 0x89, 0xD8, 0x6B, 0x6D, 0x40, 0xA3, 0x89, 0xF4, 0xAB, 0x8F, 0x18, 0x38, 0x5F, 0x69,
    0x40, 0x7C, 0x75, 0x8C, 0xFC, 0x7A, 0x7D, 0x8D, 0xE8, 0xAE, 0x7F, 0xF5, 0x8E, 0x48, 0x86, 0x14,
    0x5F, 0xEA, 0x27, 0xCD, 0x40, 0x79, 0xE6, 0x39, 0xCF, 0x6F, 0x50, 0xA7, 0xF3, 0x8C, 0xA1, 0xA1,
    0x8A, 0xA8, 0xF7, 0xD4, 0x77, 0x03, 0x34, 0x4C, 0x3C, 0x3C, 0xA4, 0x3D, 0x2C, 0x29, 0x6E, 0x2D,
    0x29, 0x6F, 0xCD, 0x31, 0x70, 0x9F, 0x02, 0xF9, 0xDE, 0x6D, 0x12, 0x7C, 0x0E, 0x50, 0xA1, 0x36,
    0x86, 0x5E, 0xCA, 0x26, 0x02, 0x6A, 0xC8, 0x9F, 0xDC, 0x83, 0x00, 0x82, 0xDF, 0x6D, 0x1A, 0x36,
    0x9B, 0x80, 0x35, 0x92, 0xBF, 0x0A, 0xE1, 0x73, 0x15, 0xDA, 0x7F, 0x86, 0x46, 0x2E, 0x80, 0x88,
    0xF1, 0x0F, 0xBD, 0xFF, 0xD0, 0xDF, 0x95, 0xD6, 0x2F, 0x44, 0xE0, 0x72, 0xA5, 0x4E, 0x97, 0x68,
    0xB5, 0x11, 0x68, 0xCD, 0x42, 0xAE, 0x01, 0x0F, 0x26, 0x22, 0x33, 0x81, 0x8A, 0xDC, 0x05, 0x32,
    0x72, 0x1B, 0x99, 0x0E, 0xF6, 0xD5, 0x6D, 0xF0, 0xDA, 0x59, 0x58, 0x8D, 0xD4, 0x13, 0xA7, 0x4E,
    0x71, 0x4D, 0x56, 0x16, 0xE1, 0x86, 0x9D, 0xB5, 0x32, 0x6E, 0x71, 0x69, 0xFD, 0xC8, 0xA6, 0x3C,
    0x5B, 0x5B, 0xD9, 0xDE, 0x4A, 0x8B, 0xEB, 0x39, 0xE1, 0x83, 0xC1, 0xF8, 0x86, 0x5B, 0x5B, 0x5E,
    0x65, 0x9A, 0x10, 0xA6, 0x05, 0x5B, 0x1C, 0x61, 0x0A, 0x63, 0x8C, 0x0D, 0xCE, 0xD0, 0x66, 0x2B,
    0x6C, 0x48, 0x33, 0x63, 0xF3, 0x33, 0xC0, 0xB3, 0x6D, 0x31, 0x6E, 0xCD, 0x1A, 0xB3, 0x41, 0xBA,
    0xAA, 0x50, 0x3F, 0xA6, 0x27, 0x96, 0x7A, 0x9B, 0xD2, 0x26, 0xAB, 0xA4, 0x36, 0xAD, 0xB2, 0x4A,
    0xBB, 0xED, 0xB2, 0x3A, 0x8E, 0x93, 0xAF, 0xF2, 0x23, 0xDB, 0x66, 0xF9, 0x3A, 0x63, 0x9F, 0x61,
    0x34, 0x2E, 0xB4, 0x7C, 0xA3, 0xB1, 0xD2, 0xDE, 0xD5, 0xC2, 0xEC, 0xB4, 0x7C, 0xA9, 0xE5, 0x5B,
    0x2D, 0x5F, 0x6B, 0xF6, 0x3F, 0xFA, 0xF8, 0x6D, 0x82, 0x3B, 0x96, 0x8F, 0x19, 0x3E, 0xE3, 0x2C,
    0x04, 0xC5, 0x87, 0xFB, 0xFC, 0x2F, 0x75, 0x71, 0xFC, 0x82, 0x64, 0x92, 0x8C, 0x96, 0x99, 0x81,
    0x3B, 0x9A, 0xC9, 0x15, 0xCF, 0x04, 0x8B, 0x68, 0xE6, 0x32, 0x19, 0x7D, 0xD7, 0xF4, 0x79, 0xF8,
    0xA5, 0xF1, 0xEB, 0xA1, 0x77, 0x26, 0x9B, 0x19, 0x45, 0x2F, 0xE6, 0x4D, 0xB7, 0x1D, 0x1A, 0xDC,
    0x9B, 0x70, 0xE4, 0x27, 0xE3, 0x1C, 0x50, 0x6E, 0x53, 0x6B, 0x83, 0x9B, 0xA4, 0x73, 0x69, 0xAC,
    0x73, 0xCF, 0xA8, 0x9D, 0x2E, 0xC7, 0xBB, 0x1F, 0xE2, 0x9F, 0xF6, 0xEA, 0x87, 0xFE, 0xAD, 0x2E,
    0x99, 0x7F, 0x30, 0x19, 0xA8, 0x2F, 0x08, 0x14, 0xF7, 0x05, 0x52, 0x90, 0x7F, 0xC7, 0x0A, 0xF6,
    0x33, 0xFD, 0x99, 0xFF, 0xAC, 0x01, 0xB2, 0x0E, 0xC8, 0x5B, 0x20, 0xEF, 0x81, 0xBC, 0x09, 0xF2,
    0x2E, 0xC8, 0xDB, 0xE0, 0x3F,
};

static const EpdGlyph libron_18_bolditalicGlyphs[] = {
    { 0, 0, 139, 0, 0, 0, 0 }, // U+0020
    { 15, 27, 187, 0, 27, 102, 0 }, // !
    { 16, 10, 256, 4, 27, 40, 102 }, // "
    { 25, 27, 392, 1, 27, 169, 142 }, // #
    { 24, 34, 344, 0, 30, 204, 311 }, // $
    { 30, 27, 534, 3, 27, 203, 515 }, // %
    { 30, 27, 458, 1, 27, 203, 718 }, // &
    { 8, 10, 137, 4, 27, 20, 921 }, // '
    { 16, 33, 198, 1, 28, 132, 941 }, // (
    { 16, 33, 198, -3, 28, 132, 1073 }, // )
    { 13, 15, 266, 5, 28, 49, 1205 }, // *
    { 17, 17, 328, 2, 18, 73, 1254 }, // +
    { 10, 14, 163, -3, 6, 35, 1327 }, // ,
    { 12, 4, 229, 1, 12, 12, 1362 }, // -
    { 8, 7, 163, 0, 7, 14, 1374 }, // .
    { 23, 27, 259, -2, 27, 156, 1388 }, // /
    { 24, 27, 408, 2, 27, 162, 1544 }, // 0
    { 18, 27, 280, 0, 27, 122, 1706 }, // 1
    { 23, 27, 374, 0, 27, 156, 1828 }, // 2
    { 22, 27, 348, 0, 27, 149, 1984 }, // 3
    { 25, 27, 385, 0, 27, 169, 2133 }, // 4
    { 24, 27, 324, -1, 27, 162, 2302 }, // 5
    { 22, 28, 362, 2, 28, 154, 2464 }, // 6
    { 24, 27, 337, 2, 27, 162, 2618 }, // 7
    { 23, 27, 367, 1, 27, 156, 2780 }, // 8
    { 22, 29, 361, 1, 27, 160, 2936 }, // 9
    { 12, 20, 179, 0, 20, 60, 3096 }, // :
    { 15, 27, 181, -3, 19, 102, 3156 }, // ;
    { 20, 19, 328, 1, 19, 95, 3258 }, // <
    { 19, 12, 328, 1, 16, 57, 3353 }, // =
    { 20, 19, 328, -1, 19, 95, 3410 }, // >
    { 18, 27, 351, 5, 27, 122, 3505 }, // ?
    { 34, 32, 544, 1, 27, 272, 3627 }, // @
    { 31, 27, 468, -3, 27, 210, 3899 }, // A
    { 29, 27, 433, -1, 27, 196, 4109 }, // B
    { 27, 27, 431, 2, 27, 183, 4305 }, // C
    { 31, 27, 467, -1, 27, 210, 4488 }, // D
    { 30, 27, 422, -1, 27, 203, 4698 }, // E
    { 30, 27, 391, -1, 27, 203, 4901 }, // F
    { 27, 27, 448, 2, 27, 183, 5104 }, // G
    { 37, 27, 507, -1, 27, 250, 5287 }, // H
    { 20, 27, 245, -1, 27, 135, 5537 }, // I
    { 27, 27, 319, -2, 27, 183, 5672 }, // J
    { 35, 27, 476, -1, 27, 237, 5855 }, // K
    { 24, 27, 387, -1, 27, 162, 6092 }, // L
    { 44, 27, 619, -2, 27, 297, 6254 }, // M
    { 35, 27, 476, -1, 27, 237, 6551 }, // N
    { 28, 27, 476, 2, 27, 189, 6788 }, // O
    { 29, 27, 406, -1, 27, 196, 6977 }, // P
    { 28, 36, 475, 2, 27, 252, 7173 }, // Q
    { 30, 27, 450, -1, 27, 203, 7425 }, // R
    { 24, 27, 370, 1, 27, 162, 7628 }, // S
    { 28, 27, 435, 4, 27, 189, 7790 }, // T
    { 31, 27, 468, 3, 27, 210, 7979 }, // U
    { 30, 27, 452, 4, 27, 203, 8189 }, // V
    { 41, 27, 630, 4, 27, 277, 8392 }, // W
    { 36, 27, 468, -3, 27, 243, 8669 }, // X
    { 29, 27, 444, 4, 27, 196, 8912 }, // Y
    { 29, 27, 397, -1, 27, 196, 9108 }, // Z
    { 20, 32, 219, -1, 28, 160, 9304 }, // [
    { 7, 27, 245, 5, 27, 48, 9464 }, // <backslash>
    { 20, 32, 219, -4, 28, 160, 9512 }, // ]
    { 16, 15, 328, 3, 27, 60, 9672 }, // ^
    { 16, 3, 225, -5, -3, 12, 9732 }, // _
    { 7, 6, 285, 7, 27, 11, 9744 }, // `
    { 25, 21, 393, 0, 21, 132, 9755 }, // a
    { 21, 30, 355, 1, 30, 158, 9887 }, // b
    { 19, 21, 307, 1, 21, 100, 10045 }, // c
    { 27, 30, 394, 0, 30, 203, 10145 }, // d
    { 19, 21, 318, 1, 21, 100, 10348 }, // e
    { 32, 40, 253, -7, 30, 320, 10448 }, // f
    { 28, 31, 335, -3, 21, 217, 10768 }, // g
    { 25, 30, 393, 0, 30, 188, 10985 }, // h
    { 17, 30, 235, 0, 30, 128, 11173 }, // i
    { 24, 40, 214, -8, 30, 240, 11301 }, // j
    { 25, 30, 382, 0, 30, 188, 11541 }, // k
    { 15, 30, 216, 0, 30, 113, 11729 }, // l
    { 36, 21, 589, 1, 21, 189, 11842 }, // m
    { 26, 21, 422, 1, 21, 137, 12031 }, // n
    { 20, 21, 348, 1, 21, 105, 12168 }, // o
    { 27, 31, 394, -3, 21, 210, 12273 }, // p
    { 22, 31, 367, 0, 21, 171, 12483 }, // q
    { 22, 22, 327, 1, 22, 121, 12654 }, // r
    { 19, 21, 288, 0, 21, 100, 12775 }, // s
    { 16, 27, 263, 2, 27, 108, 12875 }, // t
    { 26, 21, 408, 0, 21, 137, 12983 }, // u
    { 22, 21, 370, 1, 21, 116, 13120 }, // v
    { 33, 21, 528, 0, 21, 174, 13236 }, // w
    { 27, 21, 371, -2, 21, 142, 13410 }, // x
    { 24, 31, 357, -1, 21, 186, 13552 }, // y
    { 21, 23, 327, 0, 22, 121, 13738 }, // z
    { 17, 35, 211, 1, 29, 149, 13859 }, // {
    { 15, 38, 167, -2, 29, 143, 14008 }, // |
    { 17, 35, 211, -3, 29, 149, 14151 }, // }
    { 17, 6, 328, 2, 12, 26, 14300 }, // ~
    { 0, 0, 139, 0, 0, 0, 0 }, // U+00A0
    { 15, 28, 179, -3, 20, 105, 0 }, // U+00A1
    { 20, 27, 322, 2, 27, 135, 105 }, // U+00A2
    { 25, 27, 381, 0, 27, 169, 240 }, // U+00A3
    { 18, 17, 308, 1, 18, 77, 409 }, // U+00A4
    { 28, 27, 444, 4, 27, 189, 486 }, // U+00A5
    { 15, 38, 167, -2, 29, 143, 675 }, // U+00A6
    { 25, 32, 369, 0, 27, 200, 818 }, // U+00A7
    { 14, 5, 285, 6, 27, 18, 1018 }, // U+00A8
    { 28, 27, 498, 3, 27, 189, 1036 }, // U+00A9
    { 18, 20, 311, 3, 29, 90, 1225 }, // U+00AA
    { 23, 19, 349, 0, 19, 110, 1315 }, // U+00AB
    { 17, 11, 328, 3, 15, 47, 1425 }, // U+00AC
    { 12, 4, 229, 1, 12, 12, 1472 }, // U+00AD
    { 19, 17, 351, 4, 27, 81, 1484 }, // U+00AE
    { 13, 3, 285, 7, 26, 10, 1565 }, // U+00AF
    { 12, 11, 221, 4, 27, 33, 1575 }, // U+00B0
    { 19, 19, 328, 0, 19, 91, 1608 }, // U+00B1
    { 14, 15, 227, 2, 27, 53, 1699 }, // U+00B2
    { 14, 15, 214, 2, 27, 53, 1752 }, // U+00B3
    { 11, 6, 285, 10, 27, 17, 1805 }, // U+00B4
    { 28, 31, 421, -2, 21, 217, 1822 }, // U+00B5
    { 25, 32, 381, 3, 27, 200, 2039 }, // U+00B6
    { 8, 7, 171, 1, 13, 14, 2239 }, // U+00B7
    { 10, 10, 285, -1, 1, 25, 2253 }, // U+00B8
    { 11, 15, 184, 3, 27, 42, 2278 }, // U+00B9
    { 18, 20, 295, 2, 29, 90, 2320 }, // U+00BA
    { 23, 19, 358, -1, 19, 110, 2410 }, // U+00BB
    { 29, 27, 518, 3, 27, 196, 2520 }, // U+00BC
    { 28, 27, 524, 3, 27, 189, 2716 }, // U+00BD
    { 30, 27, 527, 2, 27, 203, 2905 }, // U+00BE
    { 19, 28, 348, -1, 20, 133, 3108 }, // U+00BF
    { 31, 35, 468, -3, 35, 272, 3241 }, // U+00C0
    { 32, 35, 468, -3, 35, 280, 3513 }, // U+00C1
    { 31, 35, 468, -3, 35, 272, 3793 }, // U+00C2
    { 31, 35, 468, -3, 35, 272, 4065 }, // U+00C3
    { 31, 35, 468, -3, 35, 272, 4337 }, // U+00C4
    { 31, 36, 468, -3, 36, 279, 4609 }, // U+00C5
    { 46, 27, 645, -3, 27, 311, 4888 }, // U+00C6
    { 27, 38, 431, 2, 29, 257, 5199 }, // U+00C7
    { 30, 35, 422, -1, 35, 263, 5456 }, // U+00C8
    { 30, 35, 422, -1, 35, 263, 5719 }, // U+00C9
    { 30, 35, 422, -1, 35, 263, 5982 }, // U+00CA
    { 30, 35, 422, -1, 35, 263, 6245 }, // U+00CB
    { 20, 35, 245, -1, 35, 175, 6508 }, // U+00CC
    { 23, 35, 245, -1, 35, 202, 6683 }, // U+00CD
    { 21, 35, 245, -1, 35, 184, 6885 }, // U+00CE
    { 22, 35, 245, -1, 35, 193, 7069 }, // U+00CF
    { 31, 27, 468, -1, 27, 210, 7262 }, // U+00D0
    { 35, 35, 476, -1, 35, 307, 7472 }, // U+00D1
    { 28, 35, 476, 2, 35, 245, 7779 }, // U+00D2
    { 28, 35, 476, 2, 35, 245, 8024 }, // U+00D3
    { 28, 35, 476, 2, 35, 245, 8269 }, // U+00D4
    { 28, 35, 476, 2, 35, 245, 8514 }, // U+00D5
    { 28, 35, 476, 2, 35, 245, 8759 }, // U+00D6
    { 18, 16, 328, 1, 17, 72, 9004 }, // U+00D7
    { 36, 27, 482, -2, 27, 243, 9076 }, // U+00D8
    { 31, 35, 468, 3, 35, 272, 9319 }, // U+00D9
    { 31, 35, 468, 3, 35, 272, 9591 }, // U+00DA
    { 31, 35, 468, 3, 35, 272, 9863 }, // U+00DB
    { 31, 35, 468, 3, 35, 272, 10135 }, // U+00DC
    { 29, 35, 444, 4, 35, 254, 10407 }, // U+00DD
    { 27, 27, 413, -1, 27, 183, 10661 }, // U+00DE
    { 34, 40, 451, -7, 30, 340, 10844 }, // U+00DF
    { 25, 30, 393, 0, 30, 188, 11184 }, // U+00E0
    { 26, 30, 393, 0, 30, 195, 11372 }, // U+00E1
    { 25, 30, 393, 0, 30, 188, 11567 }, // U+00E2
    { 25, 30, 393, 0, 30, 188, 11755 }, // U+00E3
    { 25, 30, 393, 0, 30, 188, 11943 }, // U+00E4
    { 25, 31, 393, 0, 31, 194, 12131 }, // U+00E5
    { 34, 21, 538, 0, 21, 179, 12325 }, // U+00E6
    { 19, 31, 307, 1, 21, 148, 12504 }, // U+00E7
    { 19, 30, 318, 1, 30, 143, 12652 }, // U+00E8
    { 22, 30, 318, 1, 30, 165, 12795 }, // U+00E9
    { 19, 30, 318, 1, 30, 143, 12960 }, // U+00EA
    { 21, 30, 318, 1, 30, 158, 13103 }, // U+00EB
    { 15, 30, 235, 0, 30, 113, 13261 }, // U+00EC
    { 21, 30, 235, 0, 30, 158, 13374 }, // U+00ED
    { 18, 30, 235, 0, 30, 135, 13532 }, // U+00EE
    { 19, 30, 235, 0, 30, 143, 13667 }, // U+00EF
    { 21, 31, 350, 1, 31, 163, 13810 }, // U+00F0
    { 26, 30, 422, 1, 30, 195, 13973 }, // U+00F1
    { 20, 30, 348, 1, 30, 150, 14168 }, // U+00F2
    { 21, 30, 348, 1, 30, 158, 14318 }, // U+00F3
    { 20, 30, 348, 1, 30, 150, 14476 }, // U+00F4
    { 21, 30, 348, 1, 30, 158, 14626 }, // U+00F5
    { 21, 30, 348, 1, 30, 158, 14784 }, // U+00F6
    { 17, 19, 328, 2, 19, 81, 14942 }, // U+00F7
    { 27, 21, 360, -2, 21, 142, 15023 }, // U+00F8
    { 26, 30, 408, 0, 30, 195, 15165 }, // U+00F9
    { 26, 30, 408, 0, 30, 195, 15360 }, // U+00FA
    { 26, 30, 408, 0, 30, 195, 15555 }, // U+00FB
    { 26, 30, 408, 0, 30, 195, 15750 }, // U+00FC
    { 24, 40, 357, -1, 30, 240, 15945 }, // U+00FD
    { 28, 39, 363, -5, 30, 273, 16185 }, // U+00FE
    { 24, 40, 357, -1, 30, 240, 16458 }, // U+00FF
    { 31, 34, 468, -3, 34, 264, 0 }, // U+0100
    { 25, 29, 393, 0, 29, 182, 264 }, // U+0101
    { 31, 35, 468, -3, 35, 272, 446 }, // U+0102
    { 25, 30, 393, 0, 30, 188, 718 }, // U+0103
    { 31, 36, 468, -3, 27, 279, 906 }, // U+0104
    { 25, 31, 396, 0, 21, 194, 1185 }, // U+0105
    { 27, 35, 431, 2, 35, 237, 1379 }, // U+0106
    { 21, 30, 307, 1, 30, 158, 1616 }, // U+0107
    { 27, 35, 431, 2, 35, 237, 1774 }, // U+0108
    { 20, 30, 307, 1, 30, 150, 2011 }, // U+0109
    { 27, 34, 431, 2, 34, 230, 2161 }, // U+010A
    { 19, 30, 307, 1, 30, 143, 2391 }, // U+010B
    { 27, 35, 431, 2, 35, 237, 2534 }, // U+010C
    { 21, 30, 307, 1, 30, 158, 2771 }, // U+010D
    { 31, 35, 467, -1, 35, 272, 2929 }, // U+010E
    { 35, 31, 410, 0, 31, 272, 3201 }, // U+010F
    { 31, 27, 468, -1, 27, 210, 3473 }, // U+0110
    { 29, 30, 394, 0, 30, 218, 3683 }, // U+0111
    { 30, 34, 422, -1, 34, 255, 3901 }, // U+0112
    { 20, 29, 318, 1, 29, 145, 4156 }, // U+0113
    { 30, 35, 422, -1, 35, 263, 4301 }, // U+0114
    { 21, 30, 318, 1, 30, 158, 4564 }, // U+0115
    { 30, 34, 422, -1, 34, 255, 4722 }, // U+0116
    { 19, 30, 318, 1, 30, 143, 4977 }, // U+0117
    { 30, 36, 422, -1, 27, 270, 5120 }, // U+0118
    { 19, 30, 318, 1, 21, 143, 5390 }, // U+0119
    { 30, 35, 422, -1, 35, 263, 5533 }, // U+011A
    { 21, 30, 318, 1, 30, 158, 5796 }, // U+011B
    { 27, 35, 448, 2, 35, 237, 5954 }, // U+011C
    { 28, 40, 335, -3, 30, 280, 6191 }, // U+011D
    { 27, 35, 448, 2, 35, 237, 6471 }, // U+011E
    { 28, 40, 335, -3, 30, 280, 6708 }, // U+011F
    { 27, 34, 448, 2, 34, 230, 6988 }, // U+0120
    { 28, 40, 335, -3, 30, 280, 7218 }, // U+0121
    { 27, 36, 448, 2, 36, 243, 7498 }, // U+0122
    { 28, 41, 335, -3, 31, 287, 7741 }, // U+0123
    { 37, 35, 507, -1, 35, 324, 8028 }, // U+0124
    { 25, 38, 393, 0, 38, 238, 8352 }, // U+0125
    { 37, 27, 508, -1, 27, 250, 8590 }, // U+0126
    { 25, 30, 393, 0, 30, 188, 8840 }, // U+0127
    { 22, 35, 245, -1, 35, 193, 9028 }, // U+0128
    { 20, 30, 235, 0, 30, 150, 9221 }, // U+0129
    { 21, 34, 245, -1, 34, 179, 9371 }, // U+012A
    { 19, 29, 235, 0, 29, 138, 9550 }, // U+012B
    { 22, 35, 245, -1, 35, 193, 9688 }, // U+012C
    { 19, 30, 235, 0, 30, 143, 9881 }, // U+012D
    { 20, 36, 245, -1, 27, 180, 10024 }, // U+012E
    { 18, 40, 236, -1, 30, 180, 10204 }, // U+012F
    { 20, 34, 245, -1, 34, 170, 10384 }, // U+0130
    { 15, 21, 235, 0, 21, 79, 10554 }, // U+0131
    { 27, 35, 319, -2, 35, 237, 10633 }, // U+0134
    { 25, 40, 214, -8, 30, 250, 10870 }, // U+0135
    { 35, 37, 476, -1, 27, 324, 11120 }, // U+0136
    { 25, 41, 382, 0, 30, 257, 11444 }, // U+0137
    { 26, 21, 411, 1, 21, 137, 11701 }, // U+0138
    { 24, 35, 387, -1, 35, 210, 11838 }, // U+0139
    { 21, 38, 216, 0, 38, 200, 12048 }, // U+013A
    { 24, 37, 387, -1, 27, 222, 12248 }, // U+013B
    { 16, 41, 216, -1, 30, 164, 12470 }, // U+013C
    { 29, 27, 390, -1, 27, 196, 12634 }, // U+013D
    { 23, 31, 228, 0, 31, 179, 12830 }, // U+013E
    { 26, 27, 391, -1, 27, 176, 13009 }, // U+013F
    { 18, 30, 252, 0, 30, 135, 13185 }, // U+0140
    { 25, 27, 394, -1, 27, 169, 13320 }, // U+0141
    { 17, 30, 256, 0, 30, 128, 13489 }, // U+0142
    { 35, 35, 476, -1, 35, 307, 13617 }, // U+0143
    { 26, 30, 422, 1, 30, 195, 13924 }, // U+0144
    { 35, 37, 476, -1, 27, 324, 14119 }, // U+0145
    { 26, 32, 422, 1, 21, 208, 14443 }, // U+0146
    { 35, 35, 476, -1, 35, 307, 14651 }, // U+0147
    { 26, 30, 422, 1, 30, 195, 14958 }, // U+0148
    { 35, 36, 472, -1, 27, 315, 15153 }, // U+014A
    { 24, 31, 402, 1, 21, 186, 15468 }, // U+014B
    { 28, 34, 476, 2, 34, 238, 15654 }, // U+014C
    { 21, 29, 348, 1, 29, 153, 15892 }, // U+014D
    { 28, 35, 476, 2, 35, 245, 16045 }, // U+014E
    { 21, 30, 348, 1, 30, 158, 16290 }, // U+014F
    { 30, 35, 476, 2, 35, 263, 16448 }, // U+0150
    { 25, 30, 348, 1, 30, 188, 16711 }, // U+0151
    { 42, 27, 648, 2, 27, 284, 16899 }, // U+0152
    { 33, 21, 529, 1, 21, 174, 17183 }, // U+0153
    { 30, 35, 450, -1, 35, 263, 17357 }, // U+0154
    { 22, 30, 327, 1, 30, 165, 17620 }, // U+0155
    { 30, 37, 450, -1, 27, 278, 17785 }, // U+0156
    { 23, 33, 327, 0, 22, 190, 18063 }, // U+0157
    { 30, 35, 450, -1, 35, 263, 18253 }, // U+0158
    { 22, 30, 327, 1, 30, 165, 18516 }, // U+0159
    { 24, 35, 370, 1, 35, 210, 18681 }, // U+015A
    { 21, 30, 288, 0, 30, 158, 18891 }, // U+015B
    { 24, 35, 370, 1, 35, 210, 19049 }, // U+015C
    { 19, 30, 288, 0, 30, 143, 19259 }, // U+015D
    { 24, 38, 370, 1, 29, 228, 19402 }, // U+015E
    { 19, 31, 288, 0, 21, 148, 19630 }, // U+015F
    { 24, 35, 370, 1, 35, 210, 19778 }, // U+0160
    { 21, 30, 288, 0, 30, 158, 19988 }, // U+0161
    { 28, 36, 435, 4, 27, 252, 20146 }, // U+0162
    { 18, 37, 263, 0, 27, 167, 20398 }, // U+0163
    { 28, 35, 435, 4, 35, 245, 20565 }, // U+0164
    { 22, 32, 263, 2, 32, 176, 20810 }, // U+0165
    { 28, 28, 436, 3, 28, 196, 20986 }, // U+0166
    { 18, 26, 272, 1, 26, 117, 21182 }, // U+0167
    { 31, 35, 468, 3, 35, 272, 21299 }, // U+0168
    { 26, 30, 408, 0, 30, 195, 21571 }, // U+0169
    { 31, 34, 468, 3, 34, 264, 21766 }, // U+016A
    { 26, 29, 408, 0, 29, 189, 22030 }, // U+016B
    { 31, 35, 468, 3, 35, 272, 22219 }, // U+016C
    { 26, 30, 408, 0, 30, 195, 22491 }, // U+016D
    { 31, 36, 468, 3, 36, 279, 22686 }, // U+016E
    { 26, 31, 408, 0, 31, 202, 22965 }, // U+016F
    { 31, 35, 468, 3, 35, 272, 23167 }, // U+0170
    { 28, 30, 408, 0, 30, 210, 23439 }, // U+0171
    { 31, 36, 468, 3, 27, 279, 23649 }, // U+0172
    { 26, 31, 410, 0, 21, 202, 23928 }, // U+0173
    { 41, 35, 630, 4, 35, 359, 24130 }, // U+0174
    { 33, 30, 528, 0, 30, 248, 24489 }, // U+0175
    { 29, 35, 444, 4, 35, 254, 24737 }, // U+0176
    { 24, 40, 357, -1, 30, 240, 24991 }, // U+0177
    { 29, 35, 444, 4, 35, 254, 25231 }, // U+0178
    { 29, 35, 397, -1, 35, 254, 25485 }, // U+0179
    { 21, 31, 327, 0, 30, 163, 25739 }, // U+017A
    { 29, 34, 397, -1, 34, 247, 25902 }, // U+017B
    { 21, 31, 327, 0, 30, 163, 26149 }, // U+017C
    { 29, 35, 397, -1, 35, 254, 26312 }, // U+017D
    { 22, 31, 327, 0, 30, 171, 26566 }, // U+017E
    { 31, 33, 477, 2, 33, 256, 0 }, // U+01A0
    { 24, 27, 357, 1, 27, 162, 256 }, // U+01A1
    { 35, 33, 478, 3, 33, 289, 418 }, // U+01AF
    { 31, 27, 432, 0, 27, 210, 707 }, // U+01B0
    { 57, 35, 845, -1, 35, 499, 917 }, // U+01C4
    { 51, 28, 775, -1, 27, 357, 1416 }, // U+01C5
    { 47, 31, 722, 0, 30, 365, 1773 }, // U+01C6
    { 51, 27, 716, -1, 27, 345, 2138 }, // U+01C7
    { 42, 40, 598, -1, 30, 420, 2483 }, // U+01C8
    { 30, 40, 430, 0, 30, 300, 2903 }, // U+01C9
    { 56, 27, 793, -1, 27, 378, 3203 }, // U+01CA
    { 47, 40, 675, -1, 30, 470, 3581 }, // U+01CB
    { 42, 40, 640, 1, 30, 420, 4051 }, // U+01CC
    { 31, 35, 468, -3, 35, 272, 4471 }, // U+01CD
    { 25, 30, 393, 0, 30, 188, 4743 }, // U+01CE
    { 23, 35, 245, -1, 35, 202, 4931 }, // U+01CF
    { 20, 30, 235, 0, 30, 150, 5133 }, // U+01D0
    { 28, 35, 476, 2, 35, 245, 5283 }, // U+01D1
    { 22, 30, 348, 1, 30, 165, 5528 }, // U+01D2
    { 31, 35, 468, 3, 35, 272, 5693 }, // U+01D3
    { 26, 30, 408, 0, 30, 195, 5965 }, // U+01D4
    { 31, 41, 468, 3, 41, 318, 6160 }, // U+01D5
    { 26, 36, 408, 0, 36, 234, 6478 }, // U+01D6
    { 31, 42, 468, 3, 42, 326, 6712 }, // U+01D7
    { 27, 37, 408, 0, 37, 250, 7038 }, // U+01D8
    { 31, 42, 468, 3, 42, 326, 7288 }, // U+01D9
    { 27, 37, 408, 0, 37, 250, 7614 }, // U+01DA
    { 31, 42, 468, 3, 42, 326, 7864 }, // U+01DB
    { 26, 37, 408, 0, 37, 241, 8190 }, // U+01DC
    { 32, 41, 468, -3, 41, 328, 8431 }, // U+01DE
    { 26, 36, 393, 0, 36, 234, 8759 }, // U+01DF
    { 32, 41, 468, -3, 41, 328, 8993 }, // U+01E0
    { 26, 36, 393, 0, 36, 234, 9321 }, // U+01E1
    { 46, 34, 645, -3, 34, 391, 9555 }, // U+01E2
    { 34, 29, 538, 0, 29, 247, 9946 }, // U+01E3
    { 27, 35, 448, 2, 35, 237, 10193 }, // U+01E6
    { 28, 40, 335, -3, 30, 280, 10430 }, // U+01E7
    { 35, 35, 476, -1, 35, 307, 10710 }, // U+01E8
    { 25, 38, 382, 0, 38, 238, 11017 }, // U+01E9
    { 28, 36, 476, 2, 27, 252, 11255 }, // U+01EA
    { 20, 31, 348, 1, 21, 155, 11507 }, // U+01EB
    { 28, 44, 476, 2, 34, 308, 11662 }, // U+01EC
    { 21, 39, 348, 1, 29, 205, 11970 }, // U+01ED
    { 27, 40, 214, -8, 30, 270, 12175 }, // U+01F0
    { 27, 35, 474, 2, 35, 237, 12445 }, // U+01F4
    { 28, 40, 335, -3, 30, 280, 12682 }, // U+01F5
    { 35, 35, 476, -1, 35, 307, 12962 }, // U+01F8
    { 26, 30, 422, 1, 30, 195, 13269 }, // U+01F9
    { 34, 43, 468, -3, 43, 366, 13464 }, // U+01FA
    { 29, 39, 393, 0, 39, 283, 13830 }, // U+01FB
    { 46, 35, 645, -3, 35, 403, 14113 }, // U+01FC
    { 34, 30, 538, 0, 30, 255, 14516 }, // U+01FD
    { 36, 35, 482, -2, 35, 315, 14771 }, // U+01FE
    { 27, 30, 360, -2, 30, 203, 15086 }, // U+01FF
    { 31, 35, 468, -3, 35, 272, 15289 }, // U+0200
    { 25, 30, 393, 0, 30, 188, 15561 }, // U+0201
    { 31, 36, 468, -3, 36, 279, 15749 }, // U+0202
    { 25, 30, 393, 0, 30, 188, 16028 }, // U+0203
    { 30, 35, 422, -1, 35, 263, 16216 }, // U+0204
    { 19, 30, 318, 1, 30, 143, 16479 }, // U+0205
    { 30, 36, 422, -1, 36, 270, 16622 }, // U+0206
    { 19, 30, 318, 1, 30, 143, 16892 }, // U+0207
    { 20, 35, 245, -1, 35, 175, 17035 }, // U+0208
    { 16, 30, 235, 0, 30, 120, 17210 }, // U+0209
    { 21, 36, 245, -1, 36, 189, 17330 }, // U+020A
    { 18, 30, 235, 0, 30, 135, 17519 }, // U+020B
    { 28, 35, 476, 2, 35, 245, 17654 }, // U+020C
    { 20, 30, 348, 1, 30, 150, 17899 }, // U+020D
    { 28, 36, 476, 2, 36, 252, 18049 }, // U+020E
    { 20, 30, 348, 1, 30, 150, 18301 }, // U+020F
    { 30, 35, 450, -1, 35, 263, 18451 }, // U+0210
    { 22, 30, 327, 1, 30, 165, 18714 }, // U+0211
    { 30, 36, 450, -1, 36, 270, 18879 }, // U+0212
    { 22, 30, 327, 1, 30, 165, 19149 }, // U+0213
    { 31, 35, 468, 3, 35, 272, 19314 }, // U+0214
    { 26, 30, 408, 0, 30, 195, 19586 }, // U+0215
    { 31, 36, 468, 3, 36, 279, 19781 }, // U+0216
    { 26, 30, 408, 0, 30, 195, 20060 }, // U+0217
    { 24, 37, 370, 1, 27, 222, 20255 }, // U+0218
    { 19, 32, 288, 0, 21, 152, 20477 }, // U+0219
    { 28, 37, 435, 4, 27, 259, 20629 }, // U+021A
    { 16, 38, 263, 2, 27, 152, 20888 }, // U+021B
    { 37, 35, 507, -1, 35, 324, 21040 }, // U+021E
    { 25, 38, 393, 0, 38, 238, 21364 }, // U+021F
    { 7, 6, 0, -2, 27, 11, 0 }, // U+0300
    { 11, 6, 0, 1, 27, 17, 11 }, // U+0301
    { 13, 6, 0, -3, 27, 20, 28 }, // U+0302
    { 14, 6, 0, -3, 27, 21, 48 }, // U+0303
    { 13, 3, 0, -2, 26, 10, 69 }, // U+0304
    { 12, 7, 0, -1, 28, 21, 79 }, // U+0306
    { 7, 5, 0, 1, 27, 9, 100 }, // U+0307
    { 14, 5, 0, -3, 27, 18, 109 }, // U+0308
    { 8, 8, 0, 1, 28, 16, 127 }, // U+0309
    { 8, 7, 0, 0, 28, 14, 143 }, // U+030A
    { 16, 6, 0, -1, 27, 24, 157 }, // U+030B
    { 14, 6, 0, -2, 27, 21, 181 }, // U+030C
    { 13, 6, 0, -5, 27, 20, 202 }, // U+030F
    { 13, 6, 0, -3, 27, 20, 222 }, // U+0311
    { 7, 8, 0, 1, 29, 14, 242 }, // U+0312
    { 11, 8, 0, 0, 25, 22, 256 }, // U+031B
    { 8, 5, 0, -8, -2, 10, 278 }, // U+0323
    { 14, 5, 0, -11, -2, 18, 288 }, // U+0324
    { 7, 8, 0, -8, -2, 14, 306 }, // U+0326
    { 10, 10, 0, -10, 1, 25, 320 }, // U+0327
    { 10, 11, 0, -13, 2, 28, 345 }, // U+0328
    { 12, 7, 0, -9, 0, 21, 373 }, // U+032E
    { 12, 3, 0, -10, -3, 9, 394 }, // U+0331
    { 15, 2, 0, -4, 23, 8, 403 }, // U+0335
    { 31, 34, 468, -3, 27, 264, 0 }, // U+1EA0
    { 25, 29, 393, 0, 21, 182, 264 }, // U+1EA1
    { 31, 36, 468, -3, 36, 279, 446 }, // U+1EA2
    { 25, 31, 393, 0, 31, 194, 725 }, // U+1EA3
    { 38, 38, 468, -3, 38, 361, 919 }, // U+1EA4
    { 32, 33, 393, 0, 33, 264, 1280 }, // U+1EA5
    { 31, 37, 468, -3, 37, 287, 1544 }, // U+1EA6
    { 25, 33, 393, 0, 33, 207, 1831 }, // U+1EA7
    { 36, 40, 468, -3, 40, 360, 2038 }, // U+1EA8
    { 30, 35, 393, 0, 35, 263, 2398 }, // U+1EA9
    { 31, 37, 468, -3, 37, 287, 2661 }, // U+1EAA
    { 25, 33, 393, 0, 33, 207, 2948 }, // U+1EAB
    { 31, 42, 468, -3, 35, 326, 3155 }, // U+1EAC
    { 25, 38, 393, 0, 30, 238, 3481 }, // U+1EAD
    { 31, 37, 468, -3, 37, 287, 3719 }, // U+1EAE
    { 25, 32, 393, 0, 32, 200, 4006 }, // U+1EAF
    { 31, 37, 468, -3, 37, 287, 4206 }, // U+1EB0
    { 25, 33, 393, 0, 33, 207, 4493 }, // U+1EB1
    { 31, 38, 468, -3, 38, 295, 4700 }, // U+1EB2
    { 25, 34, 393, 0, 34, 213, 4995 }, // U+1EB3
    { 31, 37, 468, -3, 37, 287, 5208 }, // U+1EB4
    { 25, 33, 393, 0, 33, 207, 5495 }, // U+1EB5
    { 31, 42, 468, -3, 35, 326, 5702 }, // U+1EB6
    { 25, 38, 393, 0, 30, 238, 6028 }, // U+1EB7
    { 30, 34, 422, -1, 27, 255, 6266 }, // U+1EB8
    { 19, 29, 318, 1, 21, 138, 6521 }, // U+1EB9
    { 30, 36, 422, -1, 36, 270, 6659 }, // U+1EBA
    { 19, 31, 318, 1, 31, 148, 6929 }, // U+1EBB
    { 30, 35, 422, -1, 35, 263, 7077 }, // U+1EBC
    { 21, 30, 318, 1, 30, 158, 7340 }, // U+1EBD
    { 35, 38, 422, -1, 38, 333, 7498 }, // U+1EBE
    { 28, 33, 318, 1, 33, 231, 7831 }, // U+1EBF
    { 30, 37, 422, -1, 37, 278, 8062 }, // U+1EC0
    { 19, 33, 318, 1, 33, 157, 8340 }, // U+1EC1
    { 33, 40, 422, -1, 40, 330, 8497 }, // U+1EC2
    { 26, 35, 318, 1, 35, 228, 8827 }, // U+1EC3
    { 30, 37, 422, -1, 37, 278, 9055 }, // U+1EC4
    { 21, 33, 318, 1, 33, 174, 9333 }, // U+1EC5
    { 30, 42, 422, -1, 35, 315, 9507 }, // U+1EC6
    { 19, 38, 318, 1, 30, 181, 9822 }, // U+1EC7
    { 20, 36, 245, -1, 36, 180, 10003 }, // U+1EC8
    { 17, 31, 235, 0, 31, 132, 10183 }, // U+1EC9
    { 20, 34, 245, -1, 27, 170, 10315 }, // U+1ECA
    { 17, 38, 235, 0, 30, 162, 10485 }, // U+1ECB
    { 28, 34, 476, 2, 27, 238, 10647 }, // U+1ECC
    { 20, 29, 348, 1, 21, 145, 10885 }, // U+1ECD
    { 28, 36, 476, 2, 36, 252, 11030 }, // U+1ECE
    { 20, 31, 348, 1, 31, 155, 11282 }, // U+1ECF
    { 33, 38, 476, 2, 38, 314, 11437 }, // U+1ED0
    { 29, 33, 348, 1, 33, 240, 11751 }, // U+1ED1
    { 28, 37, 476, 2, 37, 259, 11991 }, // U+1ED2
    { 20, 33, 348, 1, 33, 165, 12250 }, // U+1ED3
    { 31, 40, 476, 2, 40, 310, 12415 }, // U+1ED4
    { 27, 35, 348, 1, 35, 237, 12725 }, // U+1ED5
    { 28, 37, 476, 2, 37, 259, 12962 }, // U+1ED6
    { 22, 33, 348, 1, 33, 182, 13221 }, // U+1ED7
    { 28, 42, 476, 2, 35, 294, 13403 }, // U+1ED8
    { 20, 38, 348, 1, 30, 190, 13697 }, // U+1ED9
    { 31, 35, 477, 2, 35, 272, 13887 }, // U+1EDA
    { 24, 30, 357, 1, 30, 180, 14159 }, // U+1EDB
    { 31, 35, 477, 2, 35, 272, 14339 }, // U+1EDC
    { 24, 30, 357, 1, 30, 180, 14611 }, // U+1EDD
    { 31, 36, 477, 2, 36, 279, 14791 }, // U+1EDE
    { 24, 31, 357, 1, 31, 186, 15070 }, // U+1EDF
    { 31, 35, 477, 2, 35, 272, 15256 }, // U+1EE0
    { 24, 30, 357, 1, 30, 180, 15528 }, // U+1EE1
    { 31, 40, 477, 2, 33, 310, 15708 }, // U+1EE2
    { 24, 35, 357, 1, 27, 210, 16018 }, // U+1EE3
    { 31, 34, 468, 3, 27, 264, 16228 }, // U+1EE4
    { 26, 29, 408, 0, 21, 189, 16492 }, // U+1EE5
    { 31, 36, 468, 3, 36, 279, 16681 }, // U+1EE6
    { 26, 31, 408, 0, 31, 202, 16960 }, // U+1EE7
    { 35, 35, 478, 3, 35, 307, 17162 }, // U+1EE8
    { 31, 30, 432, 0, 30, 233, 17469 }, // U+1EE9
    { 35, 35, 478, 3, 35, 307, 17702 }, // U+1EEA
    { 31, 30, 432, 0, 30, 233, 18009 }, // U+1EEB
    { 35, 36, 478, 3, 36, 315, 18242 }, // U+1EEC
    { 31, 31, 432, 0, 31, 241, 18557 }, // U+1EED
    { 35, 35, 478, 3, 35, 307, 18798 }, // U+1EEE
    { 31, 30, 432, 0, 30, 233, 19105 }, // U+1EEF
    { 35, 40, 478, 3, 33, 350, 19338 }, // U+1EF0
    { 31, 35, 432, 0, 27, 272, 19688 }, // U+1EF1
    { 29, 35, 444, 4, 35, 254, 19960 }, // U+1EF2
    { 24, 40, 357, -1, 30, 240, 20214 }, // U+1EF3
    { 29, 34, 444, 4, 27, 247, 20454 }, // U+1EF4
    { 24, 31, 357, -1, 21, 186, 20701 }, // U+1EF5
    { 29, 36, 444, 4, 36, 261, 20887 }, // U+1EF6
    { 24, 41, 357, -1, 31, 246, 21148 }, // U+1EF7
    { 29, 35, 444, 4, 35, 254, 21394 }, // U+1EF8
    { 24, 40, 357, -1, 30, 240, 21648 }, // U+1EF9
    { 12, 4, 229, 1, 12, 12, 0 }, // U+2010
    { 16, 3, 291, 1, 11, 12, 12 }, // U+2013
    { 22, 3, 380, 1, 11, 17, 24 }, // U+2014
    { 10, 12, 162, 4, 27, 30, 41 }, // U+2018
    { 10, 12, 161, 3, 27, 30, 71 }, // U+2019
    { 10, 12, 160, -3, 6, 30, 101 }, // U+201A
    { 18, 12, 295, 4, 27, 54, 131 }, // U+201C
    { 19, 12, 295, 3, 27, 57, 185 }, // U+201D
    { 19, 12, 294, -3, 6, 57, 242 }, // U+201E
    { 12, 15, 233, 5, 27, 45, 299 }, // U+2020
    { 14, 15, 244, 4, 28, 53, 344 }, // U+2021
    { 12, 11, 273, 3, 15, 33, 397 }, // U+2022
    { 26, 7, 458, 0, 7, 46, 430 }, // U+2026
    { 44, 27, 765, 3, 27, 297, 476 }, // U+2030
    { 9, 11, 143, 4, 27, 25, 773 }, // U+2032
    { 16, 11, 258, 4, 27, 44, 798 }, // U+2033
    { 14, 19, 203, 0, 19, 67, 842 }, // U+2039
    { 14, 19, 212, -1, 19, 67, 909 }, // U+203A
    { 29, 27, 46, -12, 27, 196, 976 }, // U+2044
    { 29, 27, 515, 3, 27, 196, 1172 }, // U+2052
    { 15, 15, 250, 3, 27, 57, 0 }, // U+2070
    { 15, 15, 234, 2, 27, 57, 57 }, // U+2074
    { 26, 34, 362, 1, 30, 221, 0 }, // U+20A1
    { 29, 27, 391, -1, 27, 196, 221 }, // U+20A3
    { 25, 27, 387, 0, 27, 169, 417 }, // U+20A4
    { 31, 27, 444, 0, 27, 210, 586 }, // U+20A6
    { 35, 27, 544, -1, 27, 237, 796 }, // U+20A7
    { 33, 27, 477, 1, 27, 223, 1033 }, // U+20A9
    { 31, 35, 428, -2, 29, 272, 1256 }, // U+20AB
    { 29, 27, 438, 1, 27, 196, 1528 }, // U+20AC
    { 32, 27, 444, -1, 27, 216, 1724 }, // U+20AD
    { 30, 27, 441, 0, 27, 203, 1940 }, // U+20B1
    { 24, 34, 390, 2, 30, 204, 2143 }, // U+20B2
    { 20, 27, 322, 2, 27, 135, 2347 }, // U+20B5
    { 25, 27, 370, 2, 27, 169, 2482 }, // U+20B9
    { 22, 27, 385, 0, 27, 149, 2651 }, // U+20BA
    { 23, 27, 375, -1, 27, 156, 2800 }, // U+20BC
    { 28, 27, 397, -1, 27, 189, 2956 }, // U+20BD
    { 17, 4, 328, 2, 12, 17, 0 }, // U+2212
    { 29, 27, 46, -12, 27, 196, 17 }, // U+2215
    { 12, 11, 328, 4, 15, 33, 213 }, // U+2219
    { 20, 14, 328, 0, 16, 70, 246 }, // U+2248
    { 21, 19, 328, 0, 19, 100, 316 }, // U+2260
    { 23, 20, 328, -1, 20, 115, 416 }, // U+2264
    { 21, 19, 328, -1, 19, 100, 531 }, // U+2265
    { 44, 40, 446, -7, 30, 440, 0 }, // U+FB00
    { 34, 40, 430, -7, 30, 340, 440 }, // U+FB01
    { 37, 40, 442, -7, 30, 370, 780 }, // U+FB02
    { 46, 40, 624, -7, 30, 460, 1150 }, // U+FB03
    { 49, 40, 635, -7, 30, 490, 1610 }, // U+FB04
};

static const EpdUnicodeInterval libron_18_bolditalicIntervals[] = {
    { 0x20, 0x7E, 0x0 },
    { 0xA0, 0x131, 0x5F },
    { 0x134, 0x148, 0xF1 },
    { 0x14A, 0x17E, 0x106 },
    { 0x1A0, 0x1A1, 0x13B },
    { 0x1AF, 0x1B0, 0x13D },
    { 0x1C4, 0x1DC, 0x13F },
    { 0x1DE, 0x1E3, 0x158 },
    { 0x1E6, 0x1ED, 0x15E },
    { 0x1F0, 0x1F0, 0x166 },
    { 0x1F4, 0x1F5, 0x167 },
    { 0x1F8, 0x21B, 0x169 },
    { 0x21E, 0x21F, 0x18D },
    { 0x300, 0x304, 0x18F },
    { 0x306, 0x30C, 0x194 },
    { 0x30F, 0x30F, 0x19B },
    { 0x311, 0x312, 0x19C },
    { 0x31B, 0x31B, 0x19E },
    { 0x323, 0x324, 0x19F },
    { 0x326, 0x328, 0x1A1 },
    { 0x32E, 0x32E, 0x1A4 },
    { 0x331, 0x331, 0x1A5 },
    { 0x335, 0x335, 0x1A6 },
    { 0x1EA0, 0x1EF9, 0x1A7 },
    { 0x2010, 0x2010, 0x201 },
    { 0x2013, 0x2014, 0x202 },
    { 0x2018, 0x201A, 0x204 },
    { 0x201C, 0x201E, 0x207 },
    { 0x2020, 0x2022, 0x20A },
    { 0x2026, 0x2026, 0x20D },
    { 0x2030, 0x2030, 0x20E },
    { 0x2032, 0x2033, 0x20F },
    { 0x2039, 0x203A, 0x211 },
    { 0x2044, 0x2044, 0x213 },
    { 0x2052, 0x2052, 0x214 },
    { 0x2070, 0x2070, 0x215 },
    { 0x2074, 0x2074, 0x216 },
    { 0x20A1, 0x20A1, 0x217 },
    { 0x20A3, 0x20A4, 0x218 },
    { 0x20A6, 0x20A7, 0x21A },
    { 0x20A9, 0x20A9, 0x21C },
    { 0x20AB, 0x20AD, 0x21D },
    { 0x20B1, 0x20B2, 0x220 },
    { 0x20B5, 0x20B5, 0x222 },
    { 0x20B9, 0x20BA, 0x223 },
    { 0x20BC, 0x20BD, 0x225 },
    { 0x2212, 0x2212, 0x227 },
    { 0x2215, 0x2215, 0x228 },
    { 0x2219, 0x2219, 0x229 },
    { 0x2248, 0x2248, 0x22A },
    { 0x2260, 0x2260, 0x22B },
    { 0x2264, 0x2265, 0x22C },
    { 0xFB00, 0xFB04, 0x22E },
};

static const EpdFontGroup libron_18_bolditalicGroups[] = {
    { 0, 6153, 15062, 95, 0 },
    { 6153, 4976, 17617, 96, 95 },
    { 11129, 6604, 28284, 124, 191 },
    { 17733, 5566, 22506, 84, 315 },
    { 23299, 320, 454, 24, 399 },
    { 23619, 3685, 22911, 90, 423 },
    { 27304, 691, 1475, 20, 513 },
    { 27995, 102, 120, 2, 533 },
    { 28097, 1456, 3314, 16, 535 },
    { 29553, 277, 687, 7, 551 },
    { 29830, 687, 2200, 5, 558 },
};

static const uint16_t libron_18_bolditalicKernLeftCodepoints[] = {
    0x0020, 0x0022, 0x0026, 0x0027, 0x0028, 0x0029, 0x002A, 0x002C, 0x002D, 0x002E, 0x002F, 0x0030,
    0x0031, 0x0032, 0x0033, 0x0034, 0x0035, 0x0036, 0x0037, 0x0038, 0x0039, 0x003A, 0x003B, 0x003F,
    0x0040, 0x0041, 0x0042, 0x0043, 0x0044, 0x0045, 0x0046, 0x0047, 0x0048, 0x0049, 0x004A, 0x004B,
    0x004C, 0x004D, 0x004E, 0x004F, 0x0050, 0x0051, 0x0052, 0x0053, 0x0054, 0x0055, 0x0056, 0x0057,
    0x0058, 0x0059, 0x005A, 0x005B, 0x005C, 0x005D, 0x005F, 0x0061, 0x0062, 0x0063, 0x0064, 0x0065,
    0x0066, 0x0067, 0x0068, 0x0069, 0x006A, 0x006B, 0x006C, 0x006D, 0x006E, 0x006F, 0x0070, 0x0071,
    0x0072, 0x0073, 0x0074, 0x0075, 0x0076, 0x0077, 0x0078, 0x0079, 0x007A, 0x007B, 0x007C, 0x007D,
    0x00A0, 0x00A1, 0x00A3, 0x00A4, 0x00A5, 0x00A6, 0x00A9, 0x00AA, 0x00AB, 0x00AD, 0x00AE, 0x00B0,
    0x00B2, 0x00B3, 0x00B7, 0x00B9, 0x00BA, 0x00BB, 0x00BF, 0x00C0, 0x00C1, 0x00C2, 0x00C3, 0x00C4,
    0x00C5, 0x00C6, 0x00C7, 0x00C8, 0x00C9, 0x00CA, 0x00CB, 0x00CC, 0x00CD, 0x00CE, 0x00CF, 0x00D0,
    0x00D1, 0x00D2, 0x00D3, 0x00D4, 0x00D5, 0x00D6, 0x00D8, 0x00D9, 0x00DA, 0x00DB, 0x00DC, 0x00DD,
    0x00DE, 0x00DF, 0x00E0, 0x00E1, 0x00E2, 0x00E3, 0x00E4, 0x00E5, 0x00E6, 0x00E7, 0x00E8, 0x00E9,
    0x00EA, 0x00EB, 0x00EC, 0x00ED, 0x00EE, 0x00EF, 0x00F0, 0x00F1, 0x00F2, 0x00F3, 0x00F4, 0x00F5,
    0x00F6, 0x00F8, 0x00F9, 0x00FA, 0x00FB, 0x00FC, 0x00FD, 0x00FE, 0x00FF, 0x0100, 0x0101, 0x0102,
    0x0103, 0x0104, 0x0105, 0x0106, 0x0107, 0x0108, 0x0109, 0x010A, 0x010B, 0x010C, 0x010D, 0x010E,
    0x010F, 0x0110, 0x0111, 0x0112, 0x0113, 0x0114, 0x0115, 0x0116, 0x0117, 0x0118, 0x0119, 0x011A,
    0x011B, 0x011C, 0x011D, 0x011E, 0x011F, 0x0120, 0x0121, 0x0122, 0x0123, 0x0124, 0x0125, 0x0126,
    0x0127, 0x0128, 0x0129, 0x012A, 0x012B, 0x012C, 0x012D, 0x012E, 0x012F, 0x0130, 0x0131, 0x0134,
    0x0135, 0x0136, 0x0137, 0x0138, 0x0139, 0x013A, 0x013B, 0x013C, 0x013D, 0x013E, 0x013F, 0x0141,
    0x0142, 0x0143, 0x0144, 0x0145, 0x0146, 0x0147, 0x0148, 0x014A, 0x014B, 0x014C, 0x014D, 0x014E,
    0x014F, 0x0150, 0x0151, 0x0152, 0x0153, 0x0154, 0x0155, 0x0156, 0x0157, 0x0158, 0x0159, 0x015A,
    0x015B, 0x015C, 0x015D, 0x015E, 0x015F, 0x0160, 0x0161, 0x0162, 0x0163, 0x0164, 0x0165, 0x0166,
    0x0167, 0x0168, 0x0169, 0x016A, 0x016B, 0x016C, 0x016D, 0x016E, 0x016F, 0x0170, 0x0171, 0x0172,
    0x0173, 0x0174, 0x0175, 0x0176, 0x0177, 0x0178, 0x0179, 0x017A, 0x017B, 0x017C, 0x017D, 0x017E,
    0x01A0, 0x01A1, 0x01AF, 0x01B0, 0x01C4, 0x01C5, 0x01C6, 0x01C7, 0x01C8, 0x01C9, 0x01CA, 0x01CB,
    0x01CC, 0x01E6, 0x01E7, 0x01EA, 0x01EB, 0x01FA, 0x01FB, 0x01FC, 0x01FD, 0x01FE, 0x01FF, 0x0200,
    0x0201, 0x0202, 0x0203, 0x0204, 0x0205, 0x0206, 0x0207, 0x0208, 0x0209, 0x020A, 0x020B, 0x020C,
    0x020D, 0x020E, 0x020F, 0x0210, 0x0211, 0x0212, 0x0213, 0x0214, 0x0215, 0x0216, 0x0217, 0x0218,
    0x0219, 0x021A, 0x021B, 0x1EA0, 0x1EA1, 0x1EA2, 0x1EA3, 0x1EA4, 0x1EA5, 0x1EA6, 0x1EA7, 0x1EA8,
    0x1EA9, 0x1EAA, 0x1EAB, 0x1EAC, 0x1EAD, 0x1EAE, 0x1EAF, 0x1EB0, 0x1EB1, 0x1EB2, 0x1EB3, 0x1EB4,
    0x1EB5, 0x1EB6, 0x1EB7, 0x1EB8, 0x1EB9, 0x1EBA, 0x1EBB, 0x1EBC, 0x1EBD, 0x1EBE, 0x1EBF, 0x1EC0,
    0x1EC1, 0x1EC2, 0x1EC3, 0x1EC4, 0x1EC5, 0x1EC6, 0x1EC7, 0x1EC8, 0x1EC9, 0x1ECA, 0x1ECB, 0x1ECC,
    0x1ECD, 0x1ECE, 0x1ECF, 0x1ED0, 0x1ED1, 0x1ED2, 0x1ED3, 0x1ED4, 0x1ED5, 0x1ED6, 0x1ED7, 0x1ED8,
    0x1ED9, 0x1EDA, 0x1EDB, 0x1EDC, 0x1EDD, 0x1EDE, 0x1EDF, 0x1EE0, 0x1EE1, 0x1EE2, 0x1EE3, 0x1EE4,
    0x1EE5, 0x1EE6, 0x1EE7, 0x1EE8, 0x1EE9, 0x1EEA, 0x1EEB, 0x1EEC, 0x1EED, 0x1EEE, 0x1EEF, 0x1EF0,
    0x1EF1, 0x1EF2, 0x1EF3, 0x1EF4, 0x1EF5, 0x1EF6, 0x1EF7, 0x1EF8, 0x1EF9, 0x2013, 0x2014, 0x2018,
    0x2019, 0x201A, 0x201C, 0x201D, 0x201E, 0x2020, 0x2021, 0x2022, 0x2026, 0x2032, 0x2033, 0x2039,
    0x203A, 0x2052, 0x2070, 0x2074, 0x20A1, 0x20A3, 0x20A7, 0x20AD, 0x20B9, 0x20BA, 0x20BC, 0xFB00,
    0xFB01, 0xFB02, 0xFB03, 0xFB04,
};

static const uint8_t libron_18_bolditalicKernLeftClassIds[] = {
      1,   2,   3,   2,   4,   5,   6,   7,   8,   9,  10,  11,  12,  13,  14,  15,
     16,  17,  18,  19,  20,  21,  22,  23,  24,  25,  26,  27,  28,  29,  30,  31,
     32,  33,  34,  35,  36,  37,  38,  39,  40,  41,  42,  43,  44,  45,  46,  47,
     48,  49,  50,  51,  52,  53,  54,  55,  56,  57,  58,  59,  60,  61,  62,  63,
     64,  65,  66,  62,  62,  67,  68,  69,  70,  71,  72,  73,  74,  75,  76,  77,
     78,  79,  80,  81,   1,  82,  83,  84,  85,  80,  86,  87,  88,   8,  89,  90,
     91,  92,  93,  94,  95,  96,  97,  25,  25,  25,  25,  25,  25,  29,  27,  29,
     29,  29,  29,  32,  98,  32,  32,  28,  38,  39,  39,  39,  39,  39,  99,  45,
     45,  45,  45,  49, 100, 101,  55, 102, 103,  55, 104,  55,  59, 105,  59, 106,
    107, 108, 109, 110, 111, 112, 113,  62,  67, 114, 115, 116, 117, 118,  73,  73,
     73,  73,  77,  68,  77,  25,  55,  25,  55, 119, 120,  27, 121,  27, 122,  27,
     57,  27, 123,  28, 124,  28, 125,  29, 126,  29, 127,  29,  59, 128, 129,  29,
    130,  31,  61,  31,  61,  31,  61,  31,  61,  32,  62, 131,  62,  32, 132,  32,
    133,  32, 134, 135, 136,  32, 109,  34, 137,  35,  65,  65,  36,  66,  36, 138,
    139, 140,  36,  36, 141,  38, 142,  38,  62,  38,  62,  38, 143,  39, 144,  39,
    145,  39, 146,  29,  59,  42,  70,  42,  70,  42,  70,  43, 147,  43, 148,  43,
    149,  43, 150,  44, 151,  44, 152, 153,  72,  45,  73,  45,  73,  45,  73,  45,
     73,  45, 154,  45, 155,  47,  75,  49,  77,  49,  50, 156,  50,  78,  50,  78,
    157, 158, 159, 160,  50,  78,  78,  34,  64,  64,  34,  64,  64,  31,  61,  39,
    161,  25,  55,  29,  59,  99, 162,  25,  55,  25, 103,  29,  59,  29, 163,  32,
    164,  32, 165,  39,  67,  39, 166,  42,  70,  42,  70,  45,  73,  45,  73,  43,
    167,  44, 151,  25,  55,  25,  55,  25, 168,  25, 103,  25, 169,  25,  55,  25,
    103,  25,  55,  25,  55,  25,  55,  25,  55,  25,  55,  29, 170,  29,  59,  29,
    171,  29, 172,  29, 107,  29, 173,  29, 174,  29, 175,  32, 176, 177, 178,  39,
     67,  39,  67,  39, 179,  39, 115,  39, 180,  39,  67,  39, 115, 157, 158, 157,
    158, 157, 158, 157, 158, 157, 158,  45,  73,  45,  73, 159, 160, 159, 160, 159,
    160, 159, 160, 181, 160,  49,  77,  49, 182,  49,  77,  49,  77, 183, 184, 185,
    186, 187, 185, 186, 188, 189, 190, 191,   9, 192, 192,  88,  96, 193, 194, 195,
    196, 197, 198, 199, 196, 200, 201, 202, 203,  66, 203,  66,
};

static const uint16_t libron_18_bolditalicKernRightCodepoints[] = {
    0x0020, 0x0021, 0x0022, 0x0025, 0x0026, 0x0027, 0x0028, 0x0029, 0x002A, 0x002C, 0x002D, 0x002E,
    0x002F, 0x0030, 0x0031, 0x0032, 0x0033, 0x0034, 0x0035, 0x0036, 0x0037, 0x0038, 0x0039, 0x003A,
    0x003B, 0x003F, 0x0040, 0x0041, 0x0042, 0x0043, 0x0044, 0x0045, 0x0046, 0x0047, 0x0048, 0x0049,
    0x004A, 0x004B, 0x004C, 0x004D, 0x004E, 0x004F, 0x0050, 0x0051, 0x0052, 0x0053, 0x0054, 0x0055,
    0x0056, 0x0057, 0x0058, 0x0059, 0x005A, 0x005B, 0x005C, 0x005D, 0x005F, 0x0061, 0x0062, 0x0063,
    0x0064, 0x0065, 0x0066, 0x0067, 0x0068, 0x0069, 0x006A, 0x006B, 0x006C, 0x006D, 0x006E, 0x006F,
    0x0070, 0x0071, 0x0072, 0x0073, 0x0074, 0x0075, 0x0076, 0x0077, 0x0078, 0x0079, 0x007A, 0x007B,
    0x007C, 0x007D, 0x00A0, 0x00A1, 0x00A2, 0x00A4, 0x00A5, 0x00A6, 0x00A9, 0x00AA, 0x00AB, 0x00AD,
    0x00AE, 0x00B0, 0x00B2, 0x00B3, 0x00B7, 0x00B9, 0x00BA, 0x00BB, 0x00BF, 0x00C0, 0x00C1, 0x00C2,
    0x00C3, 0x00C4, 0x00C5, 0x00C6, 0x00C7, 0x00C8, 0x00C9, 0x00CA, 0x00CB, 0x00CC, 0x00CD, 0x00CE,
    0x00CF, 0x00D0, 0x00D1, 0x00D2, 0x00D3, 0x00D4, 0x00D5, 0x00D6, 0x00D8, 0x00D9, 0x00DA, 0x00DB,
    0x00DC, 0x00DD, 0x00DE, 0x00DF, 0x00E0, 0x00E1, 0x00E2, 0x00E3, 0x00E4, 0x00E5, 0x00E6, 0x00E7,
    0x00E8, 0x00E9, 0x00EA, 0x00EB, 0x00EC, 0x00ED, 0x00EE, 0x00EF, 0x00F0, 0x00F1, 0x00F2, 0x00F3,
    0x00F4, 0x00F5, 0x00F6, 0x00F8, 0x00F9, 0x00FA, 0x00FB, 0x00FC, 0x00FD, 0x00FE, 0x00FF, 0x0100,
    0x0101, 0x0102, 0x0103, 0x0104, 0x0105, 0x0106, 0x0107, 0x0108, 0x0109, 0x010A, 0x010B, 0x010C,
    0x010D, 0x010E, 0x010F, 0x0110, 0x0111, 0x0112, 0x0113, 0x0114, 0x0115, 0x0116, 0x0117, 0x0118,
    0x0119, 0x011A, 0x011B, 0x011C, 0x011D, 0x011E, 0x011F, 0x0120, 0x0121, 0x0122, 0x0123, 0x0124,
    0x0125, 0x0126, 0x0127, 0x0128, 0x0129, 0x012A, 0x012B, 0x012C, 0x012D, 0x012E, 0x012F, 0x0130,
    0x0131, 0x0134, 0x0135, 0x0136, 0x0137, 0x0138, 0x0139, 0x013A, 0x013B, 0x013C, 0x013D, 0x013E,
    0x013F, 0x0140, 0x0141, 0x0142, 0x0143, 0x0144, 0x0145, 0x0146, 0x0147, 0x0148, 0x014A, 0x014B,
    0x014C, 0x014D, 0x014E, 0x014F, 0x0150, 0x0151, 0x0152, 0x0153, 0x0154, 0x0155, 0x0156, 0x0157,
    0x0158, 0x0159, 0x015A, 0x015B, 0x015C, 0x015D, 0x015E, 0x015F, 0x0160, 0x0161, 0x0162, 0x0163,
    0x0164, 0x0165, 0x0166, 0x0167, 0x0168, 0x0169, 0x016A, 0x016B, 0x016C, 0x016D, 0x016E, 0x016F,
    0x0170, 0x0171, 0x0172, 0x0173, 0x0174, 0x0175, 0x0176, 0x0177, 0x0178, 0x0179, 0x017A, 0x017B,
    0x017C, 0x017D, 0x017E, 0x01A0, 0x01A1, 0x01AF, 0x01B0, 0x01C4, 0x01C5, 0x01C6, 0x01C7, 0x01C8,
    0x01C9, 0x01CA, 0x01CB, 0x01CC, 0x01E6, 0x01E7, 0x01EA, 0x01EB, 0x01FA, 0x01FB, 0x01FC, 0x01FD,
    0x01FE, 0x01FF, 0x0200, 0x0201, 0x0202, 0x0203, 0x0204, 0x0205, 0x0206, 0x0207, 0x0208, 0x0209,
    0x020A, 0x020B, 0x020C, 0x020D, 0x020E, 0x020F, 0x0210, 0x0211, 0x0212, 0x0213, 0x0214, 0x0215,
    0x0216, 0x0217, 0x0218, 0x0219, 0x021A, 0x021B, 0x1EA0, 0x1EA1, 0x1EA2, 0x1EA3, 0x1EA4, 0x1EA5,
    0x1EA6, 0x1EA7, 0x1EA8, 0x1EA9, 0x1EAA, 0x1EAB, 0x1EAC, 0x1EAD, 0x1EAE, 0x1EAF, 0x1EB0, 0x1EB1,
    0x1EB2, 0x1EB3, 0x1EB4, 0x1EB5, 0x1EB6, 0x1EB7, 0x1EB8, 0x1EB9, 0x1EBA, 0x1EBB, 0x1EBC, 0x1EBD,
    0x1EBE, 0x1EBF, 0x1EC0, 0x1EC1, 0x1EC2, 0x1EC3, 0x1EC4, 0x1EC5, 0x1EC6, 0x1EC7, 0x1EC8, 0x1EC9,
    0x1ECA, 0x1ECB, 0x1ECC, 0x1ECD, 0x1ECE, 0x1ECF, 0x1ED0, 0x1ED1, 0x1ED2, 0x1ED3, 0x1ED4, 0x1ED5,
    0x1ED6, 0x1ED7, 0x1ED8, 0x1ED9, 0x1EDA, 0x1EDB, 0x1EDC, 0x1EDD, 0x1EDE, 0x1EDF, 0x1EE0, 0x1EE1,
    0x1EE2, 0x1EE3, 0x1EE4, 0x1EE5, 0x1EE6, 0x1EE7, 0x1EE8, 0x1EE9, 0x1EEA, 0x1EEB, 0x1EEC, 0x1EED,
    0x1EEE, 0x1EEF, 0x1EF0, 0x1EF1, 0x1EF2, 0x1EF3, 0x1EF4, 0x1EF5, 0x1EF6, 0x1EF7, 0x1EF8, 0x1EF9,
    0x2013, 0x2014, 0x2018, 0x2019, 0x201A, 0x201C, 0x201D, 0x201E, 0x2020, 0x2021, 0x2022, 0x2026,
    0x2030, 0x2032, 0x2033, 0x2039, 0x203A, 0x2052, 0x2070, 0x2074, 0x20A9, 0x20AB, 0x20AC, 0x20B2,
    0x20B5, 0x20B9, 0x20BC, 0xFB00, 0xFB01, 0xFB02, 0xFB03, 0xFB04,
};

static const uint8_t libron_18_bolditalicKernRightClassIds[] = {
      1,   2,   3,   4,   5,   3,   6,   7,   8,   9,  10,  11,  12,  13,  14,  15,
     16,  17,  18,  19,  20,  21,  22,  23,  24,  25,  26,  27,  28,  29,  28,  28,
     28,  29,  28,  28,  30,  28,  28,  31,  32,  33,  28,  33,  28,  34,  35,  36,
     37,  38,  39,  40,  41,  42,  43,  44,  45,  46,  47,  48,  46,  48,  49,  50,
     51,  52,  53,  51,  54,  55,  55,  48,  56,  46,  57,  58,  59,  60,  61,  62,
     63,  64,  65,  66,  67,  68,   1,  69,  70,  71,  72,  67,  73,  74,  75,  10,
     76,  77,  78,  79,  80,  81,  82,  83,  84,  27,  27,  27,  27,  27,  27,  85,
     29,  28,  28,  28,  28,  86,  28,  28,  86,  87,  32,  33,  33,  33,  33,  33,
     88,  36,  36,  36,  36,  40,  28,  89,  90,  46,  91,  92,  93,  46,  46,  48,
     94,  48,  95,  96,  97,  98,  99, 100, 101,  55, 102,  48, 103, 104, 105, 106,
    107,  60, 108, 109,  64, 110, 111,  27,  92,  27, 112,  27,  46,  29,  48,  29,
    113,  29, 114,  29, 115,  28,  46,  28,  46,  28, 116,  28, 117,  28,  48,  28,
     48,  28, 118,  29, 119,  29, 120,  29, 121,  29, 121,  28,  51, 122, 123, 124,
    125,  28, 126,  28, 127,  28,  52,  28, 128,  30, 129,  28,  51,  55,  28,  54,
     28,  54,  28,  54,  28,  54, 130, 131,  32,  55,  32,  55,  32,  55,  32,  55,
     33, 132,  33, 133,  33,  48,  33,  48,  28,  55,  28,  55,  28, 134,  34,  58,
     34, 135,  34,  58,  34, 136,  35,  59,  35,  59, 137, 138,  36, 139,  36, 139,
     36, 140,  36,  60,  36,  60,  36,  60,  38,  62,  40, 141,  40,  41,  65,  41,
    142,  41, 143,  33,  48,  36,  60,  28,  28,  46,  28,  28,  54,  32,  32,  55,
     29, 144,  33,  48,  27,  46,  85,  46,  88, 145,  27, 146,  27,  91,  28, 147,
     28, 148,  28, 149,  28, 150,  33, 151,  33, 152,  28, 153,  28, 154,  36, 155,
     36, 156,  34,  58,  35,  59,  27,  46,  27,  46,  27,  91,  27, 157,  27,  91,
     27, 112,  27,  91,  27,  92,  27,  92,  27,  92,  27, 112,  27, 112,  28,  48,
     28, 158,  28, 159,  28,  95,  28, 160,  28,  95,  28, 161,  28,  95,  28, 162,
     28,  52,  33,  48,  33, 163,  33, 103,  33, 164,  33, 103,  33, 165,  33, 103,
     33,  48,  33, 102,  33, 163,  33, 104,  33,  48,  36,  60,  36,  60,  36,  60,
     36, 107,  36,  60,  36, 139,  36,  60,  40, 166,  40,  64,  40, 167,  40, 168,
    169, 169, 170, 171, 172, 170, 171, 173, 174, 175, 176,  11,   4, 177, 177,  75,
     83, 178, 179, 180, 181, 182, 183, 181,  70, 184, 185, 186, 187, 188, 186, 186,
};

static const uint16_t libron_18_bolditalicKernRowOffsets[] = {
        0,    37,   159,   215,   336,   344,   472,   611,   698,   836,   927,   952,   990,  1018,  1057,  1082,
     1104,  1128,  1155,  1174,  1204,  1247,  1290,  1298,  1365,  1507,  1620,  1650,  1705,  1767,  1911,  1980,
     2094,  2208,  2336,  2476,  2561,  2678,  2801,  2855,  2960,  3019,  3138,  3235,  3366,  3497,  3640,  3782,
     3921,  4065,  4182,  4300,  4359,  4361,  4377,  4436,  4477,  4548,  4605,  4653,  4794,  4914,  4970,  5024,
     5052,  5183,  5255,  5302,  5343,  5375,  5494,  5559,  5595,  5651,  5706,  5750,  5853,  5883,  5998,  6118,
     6125,  6135,  6173,  6174,  6176,  6183,  6228,  6231,  6333,  6389,  6394,  6425,  6469,  6542,  6586,  6589,
     6690,  6826,  6941,  6995,  7045,  7170,  7229,  7288,  7347,  7420,  7469,  7517,  7565,  7619,  7683,  7738,
     7796,  7843,  7890,  7937,  7984,  8031,  8078,  8220,  8280,  8355,  8426,  8497,  8559,  8622,  8670,  8718,
     8780,  8830,  8878,  8992,  9050,  9108,  9167,  9281,  9337,  9369,  9441,  9531,  9589,  9618,  9674,  9689,
     9736,  9783,  9833,  9902,  9967, 10034, 10099, 10135, 10202, 10333, 10389, 10452, 10567, 10591, 10595, 10729,
    10758, 10807, 10854, 10902, 10956, 11010, 11057, 11124, 11188, 11252, 11302, 11350, 11404, 11458, 11506, 11556,
    11610, 11724, 11780, 11832, 11885, 12019, 12057, 12144, 12231, 12350, 12484, 12623, 12761, 12769, 12778, 12809,
    12837, 12839, 12872, 12897, 12898, 12899, 12900, 12901, 12903, 12905, 13046, 13100,
};

static const uint8_t libron_18_bolditalicKernSparseCols[] = {
      2,   7,   8,  10,  11,  24,  26,  29,  34,  36,  37,  38,  39,  42,  43,  44,
     48,  63,  75,  84,  88, 110, 136, 140, 159, 163, 165, 166, 167, 169, 170, 171,
    172, 176, 185, 186, 187,   0,   4,   6,   7,   8,   9,  10,  13,  16,  19,  24,
     26,  29,  31,  34,  35,  36,  37,  38,  39,  43,  45,  46,  47,  48,  49,  50,
     51,  53,  54,  55,  56,  57,  58,  59,  60,  61,  62,  64,  65,  67,  68,  74,
     80,  82,  83,  84,  88,  89,  90,  91,  92,  93,  94,  95,  96,  97,  98,  99,
    101, 102, 103, 104, 105, 106, 107, 108, 109, 111, 112, 113, 114, 115, 116, 117,
    118, 119, 120, 122, 125, 126, 127, 128, 130, 131, 132, 133, 134, 136, 137, 138,
    139, 141, 142, 143, 144, 145, 146, 147, 148, 149, 150, 151, 152, 153, 154, 155,
    156, 157, 158, 159, 160, 161, 162, 163, 164, 168, 171, 172, 185, 186, 187,   0,
      2,   7,  26,  27,  29,  30,  31,  34,  35,  36,  37,  38,  39,  51,  52,  54,
     55,  56,  59,  60,  61,  74,  84,  85,  86,  96,  97,  98,  99, 105, 106, 107,
    108, 121, 123, 124, 125, 126, 127, 128, 133, 136, 138, 139, 144, 148, 149, 152,
    153, 154, 155, 161, 169, 170, 176,   2,   4,   5,   7,   8,   9,  10,  12,  16,
     18,  22,  23,  28,  29,  32,  36,  37,  38,  39,  45,  46,  47,  48,  50,  51,
     52,  53,  54,  55,  56,  57,  58,  59,  60,  61,  62,  63,  64,  65,  72,  74,
     82,  87,  88,  89,  90,  91,  92,  93,  94,  95,  96,  97,  98,  99, 101, 102,
    103, 104, 105, 106, 107, 108, 109, 110, 111, 112, 113, 114, 115, 116, 117, 122,
    124, 125, 126, 127, 128, 130, 131, 132, 133, 134, 135, 137, 138, 139, 140, 141,
    142, 144, 145, 146, 147, 148, 149, 150, 151, 152, 153, 154, 155, 156, 157, 158,
    159, 160, 161, 162, 163, 164, 165, 166, 167, 168, 171, 172, 176, 185, 186, 187,
      2,   6,   7,  43,  67, 169, 170, 176,   0,   4,   6,   8,   9,  10,  13,  14,
     16,  17,  19,  21,  22,  23,  24,  26,  27,  29,  30,  31,  34,  35,  36,  37,
     38,  39,  40,  43,  45,  47,  48,  49,  51,  52,  54,  55,  56,  57,  58,  59,
     62,  64,  67,  68,  74,  82,  83,  84,  85,  86,  88,  89,  90,  91,  92,  93,
     94,  95,  96,  97,  98,  99, 100, 101, 102, 103, 104, 105, 106, 107, 108, 111,
    112, 113, 114, 115, 116, 117, 118, 119, 120, 121, 122, 123, 124, 126, 127, 128,
    129, 130, 131, 132, 133, 134, 135, 136, 137, 138, 139, 141, 142, 143, 144, 145,
    146, 147, 149, 150, 151, 152, 153, 154, 155, 156, 157, 158, 159, 160, 161, 162,
    163, 164, 168, 171, 172, 185, 186, 187,   0,   2,   4,   5,   6,   7,   9,  12,
     13,  14,  15,  16,  17,  18,  19,  20,  21,  24,  25,  26,  28,  29,  32,  33,
     34,  35,  36,  37,  38,  39,  40,  42,  44,  45,  46,  47,  48,  49,  51,  52,
     54,  55,  56,  58,  59,  60,  61,  62,  63,  64,  65,  66,  67,  72,  74,  75,
     79,  84,  87,  88,  89,  90,  91,  92,  93,  94,  95,  96,  97,  98,  99, 100,
    101, 102, 103, 104, 105, 106, 107, 108, 110, 111, 112, 113, 114, 115, 116, 117,
    118, 119, 120, 124, 125, 126, 127, 128, 130, 131, 132, 133, 136, 137, 138, 139,
    140, 141, 142, 143, 144, 145, 146, 147, 148, 149, 150, 151, 152, 153, 154, 155,
    156, 157, 158, 159, 160, 161, 162, 163, 164, 165, 166, 167, 168, 169, 170, 176,
    185, 186, 187,   2,   6,   7,   8,  10,  13,  14,  15,  17,  19,  21,  22,  23,
     26,  27,  28,  29,  30,  31,  32,  34,  35,  36,  37,  38,  39,  40,  41,  43,
     48,  51,  52,  54,  55,  56,  57,  58,  59,  60,  61,  62,  64,  67,  82,  84,
     85,  86,  87,  88,  96,  97,  98,  99, 106, 107, 108, 121, 123, 124, 125, 126,
    127, 128, 133, 134, 135, 136, 137, 138, 139, 141, 142, 148, 149, 152, 153, 154,
    155, 161, 169, 170, 171, 172, 176, 185, 186, 187,   0,   2,   4,   5,   6,   7,
      9,  12,  13,  14,  15,  16,  17,  18,  19,  20,  21,  24,  25,  26,  28,  29,
     32,  33,  34,  35,  36,  37,  38,  39,  40,  42,  45,  46,  47,  48,  49,  51,
     52,  54,  55,  56,  58,  59,  60,  61,  62,  63,  64,  65,  66,  67,  72,  74,
     75,  79,  84,  87,  88,  89,  90,  91,  92,  93,  94,  95,  96,  97,  98,  99,
    100, 101, 102, 103, 104, 105, 106, 107, 108, 110, 111, 112, 113, 114, 115, 116,
    117, 118, 119, 120, 124, 125, 126, 127, 128, 130, 131, 132, 133, 136, 137, 138,
    139, 140, 141, 142, 143, 144, 145, 146, 147, 148, 149, 150, 151, 152, 153, 154,
    155, 156, 157, 158, 159, 160, 161, 162, 163, 164, 165, 166, 167, 168, 169, 170,
    176, 185, 186, 187,   0,   8,  10,  11,  16,  22,  23,  26,  29,  36,  37,  39,
     45,  46,  47,  49,  50,  53,  54,  55,  56,  57,  59,  60,  61,  62,  63,  64,
     84,  89,  90,  91,  92,  93,  94,  95, 101, 102, 103, 104, 105, 106, 107, 108,
    109, 110, 111, 112, 113, 114, 115, 116, 117, 118, 119, 120, 122, 131, 132, 133,
    134, 135, 138, 139, 140, 141, 142, 143, 144, 145, 146, 147, 150, 151, 152, 153,
    154, 155, 156, 157, 158, 159, 160, 162, 163, 164, 165, 166, 167, 171, 172,   6,
      7,  13,  19,  26,  27,  29,  30,  31,  34,  35,  36,  37,  38,  39,  40,  43,
     67,  71,  76,  85,  86, 121, 123, 136,   2,   3,   7,   9,  12,  14,  16,  17,
     18,  19,  20,  21,  26,  28,  32,  33,  34,  35,  36,  37,  38,  39,  42,  69,
     71,  73,  76,  79,  81,  87, 136, 168, 169, 170, 176, 180, 182, 183,   2,   3,
      6,   7,  13,  14,  18,  19,  21,  28,  32,  34,  35,  36,  37,  39,  40,  42,
     71,  73,  76,  87, 136, 169, 170, 176, 177, 183,   2,   6,   7,   8,  10,  13,
     14,  19,  21,  22,  23,  26,  27,  28,  31,  32,  34,  35,  36,  37,  38,  39,
     40,  42,  43,  67,  71,  76,  85,  86,  87, 121, 123, 136, 169, 170, 171, 172,
    176,   2,   6,   7,  13,  14,  15,  16,  19,  21,  29,  31,  34,  35,  36,  37,
     39,  40,  42,  71,  76, 136, 169, 170, 176, 177,   7,   8,  10,  12,  13,  19,
     21,  22,  23,  26,  28,  32,  34,  35,  36,  37,  39,  71,  87, 136, 171, 172,
      2,   7,   8,  10,  13,  14,  19,  21,  26,  34,  35,  36,  37,  38,  39,  71,
     76, 136, 169, 170, 171, 172, 176, 177,   2,   7,   8,   9,  10,  11,  13,  16,
     17,  18,  19,  21,  26,  29,  36,  37,  38,  39,  70,  76,  79, 168, 170, 171,
    172, 181, 184,   6,   7,  18,  19,  21,  26,  28,  31,  32,  34,  35,  36,  37,
     38,  39,  43,  71,  87, 136,   6,   7,   8,  10,  13,  14,  17,  19,  26,  27,
     29,  30,  31,  34,  35,  36,  37,  38,  39,  40,  43,  67,  71,  85,  86, 121,
    123, 136, 171, 172,   2,   6,   7,   9,  15,  17,  20,  21,  24,  34,  35,  36,
     37,  39,  42,  48,  51,  52,  74,  75,  79,  88,  96,  97,  98,  99, 124, 125,
    126, 127, 128, 130, 136, 148, 149, 161, 168, 169, 170, 176, 185, 186, 187,   2,
      6,   7,   9,  15,  17,  20,  21,  24,  34,  35,  36,  37,  39,  42,  48,  51,
     52,  74,  75,  79,  88,  96,  97,  98,  99, 124, 125, 126, 127, 128, 130, 136,
    148, 149, 161, 168, 169, 170, 176, 185, 186, 187,   6,   7,  24,  43,  67,  74,
    171, 172,   0,   8,  10,  26,  27,  29,  30,  31,  34,  35,  36,  37,  38,  39,
     40,  48,  51,  52,  54,  55,  56,  59,  60,  61,  63,  64,  84,  85,  86,  88,
     96,  97,  98,  99, 106, 107, 108, 110, 121, 123, 124, 125, 126, 127, 128, 133,
    136, 138, 139, 140, 141, 142, 148, 149, 152, 153, 154, 155, 161, 165, 166, 167,
    171, 172, 185, 186, 187,   0,   1,   2,   4,   7,   9,  11,  12,  14,  15,  16,
     17,  18,  19,  20,  21,  24,  25,  26,  28,  29,  32,  33,  34,  35,  36,  37,
     39,  40,  42,  43,  45,  46,  47,  48,  49,  51,  52,  54,  55,  56,  57,  58,
     59,  60,  61,  63,  64,  67,  72,  73,  74,  75,  79,  81,  82,  87,  88,  89,
     90,  91,  92,  93,  94,  95,  96,  97,  98,  99, 100, 101, 102, 103, 104, 105,
    106, 107, 108, 110, 111, 112, 113, 114, 115, 116, 117, 118, 119, 120, 124, 125,
    126, 127, 128, 129, 130, 131, 132, 133, 134, 135, 136, 137, 138, 139, 140, 141,
    142, 143, 144, 145, 146, 147, 148, 149, 150, 151, 152, 153, 154, 155, 156, 157,
    158, 159, 160, 161, 162, 163, 164, 165, 166, 167, 168, 169, 170, 173, 174, 175,
    185, 186, 187,   6,   7,  19,  21,  24,  26,  27,  29,  31,  34,  35,  36,  37,
     38,  39,  40,  42,  43,  47,  48,  49,  51,  52,  54,  55,  56,  57,  58,  59,
     60,  61,  63,  64,  67,  84,  85,  86,  88,  93,  94,  95,  96,  97,  98,  99,
    100, 101, 102, 103, 104, 105, 106, 107, 108, 110, 112, 113, 114, 115, 116, 117,
    118, 119, 120, 121, 123, 124, 125, 126, 127, 128, 130, 131, 132, 133, 134, 135,
    136, 137, 138, 139, 140, 141, 142, 143, 144, 146, 147, 148, 149, 150, 151, 152,
    153, 154, 155, 157, 158, 159, 160, 161, 162, 163, 164, 165, 166, 167, 170, 173,
    174, 185, 186, 187,   7,  24,  29,  34,  36,  37,  38,  39,  40,  48,  49,  63,
     64,  88, 110, 118, 119, 120, 136, 140, 141, 142, 143, 165, 166, 167, 173, 185,
    186, 187,   2,   6,   7,   8,  10,  13,  14,  15,  19,  21,  24,  26,  27,  29,
     30,  31,  34,  35,  36,  37,  38,  39,  40,  42,  43,  46,  48,  50,  53,  57,
     58,  64,  67,  82,  84,  85,  86,  88, 109, 121, 122, 123, 134, 135, 136, 137,
    141, 142, 169, 171, 172, 173, 185, 186, 187,   7,  26,  36,  37,  38,  39,  46,
     48,  49,  51,  52,  54,  55,  56,  58,  59,  60,  61,  63,  64,  88,  96,  97,
     98,  99, 106, 107, 108, 110, 118, 119, 120, 122, 124, 125, 126, 127, 128, 133,
    137, 138, 139, 140, 141, 142, 143, 148, 149, 152, 153, 154, 155, 159, 161, 163,
    165, 166, 167, 173, 185, 186, 187,   0,   1,   2,   4,   7,   8,   9,  10,  11,
     13,  16,  19,  21,  22,  23,  24,  26,  28,  29,  30,  32,  33,  34,  38,  45,
     46,  47,  48,  49,  50,  51,  52,  53,  54,  55,  56,  57,  58,  59,  60,  61,
     62,  63,  64,  72,  73,  74,  75,  79,  81,  82,  84,  87,  88,  89,  90,  91,
     92,  93,  94,  95,  96,  97,  98,  99, 100, 101, 102, 103, 104, 105, 106, 107,
    108, 109, 110, 111, 112, 113, 114, 115, 116, 117, 118, 119, 120, 122, 124, 125,
    126, 127, 128, 129, 130, 131, 132, 133, 134, 135, 136, 137, 138, 139, 140, 141,
    142, 143, 144, 145, 146, 147, 148, 149, 150, 151, 152, 153, 154, 155, 156, 157,
    158, 159, 160, 161, 162, 163, 164, 165, 166, 167, 168, 169, 170, 171, 172, 173,
    174, 175, 178, 179, 185, 186, 187,   0,   2,   7,  13,  14,  16,  19,  21,  24,
     26,  29,  34,  35,  36,  37,  38,  39,  40,  42,  48,  51,  52,  54,  55,  56,
     58,  59,  60,  61,  63,  75,  84,  88,  96,  97,  98,  99, 106, 107, 108, 110,
    124, 125, 126, 127, 128, 133, 136, 137, 138, 139, 140, 148, 149, 152, 153, 154,
    155, 161, 165, 166, 167, 169, 170, 173, 174, 185, 186, 187,   2,   4,   7,   9,
     12,  16,  18,  25,  28,  32,  45,  46,  47,  48,  49,  50,  51,  52,  53,  54,
     55,  56,  57,  58,  59,  60,  61,  62,  63,  64,  74,  79,  82,  87,  88,  89,
     90,  91,  92,  93,  94,  95,  96,  97,  98,  99, 100, 101, 102, 103, 104, 105,
    106, 107, 108, 109, 110, 111, 112, 113, 114, 115, 116, 117, 118, 119, 120, 122,
    124, 125, 126, 127, 128, 130, 131, 132, 133, 134, 135, 137, 138, 139, 140, 141,
    142, 143, 144, 145, 146, 147, 148, 149, 150, 151, 152, 153, 154, 155, 156, 157,
    158, 159, 160, 161, 162, 163, 164, 165, 166, 167, 168, 185, 186, 187,   2,   4,
      7,   9,  12,  16,  18,  25,  28,  32,  45,  46,  47,  48,  49,  50,  51,  52,
     53,  54,  55,  56,  57,  58,  59,  60,  61,  62,  63,  64,  74,  79,  82,  87,
     88,  89,  90,  91,  92,  93,  94,  95,  96,  97,  98,  99, 100, 101, 102, 103,
    104, 105, 106, 107, 108, 109, 110, 111, 112, 113, 114, 115, 116, 117, 118, 119,
    120, 122, 124, 125, 126, 127, 128, 130, 131, 132, 133, 134, 135, 137, 138, 139,
    140, 141, 142, 143, 144, 145, 146, 147, 148, 149, 150, 151, 152, 153, 154, 155,
    156, 157, 158, 159, 160, 161, 162, 163, 164, 165, 166, 167, 168, 185, 186, 187,
      1,   2,   4,   7,   8,   9,  10,  11,  12,  16,  18,  22,  23,  24,  25,  26,
     28,  29,  32,  45,  46,  47,  48,  49,  50,  51,  52,  53,  54,  55,  56,  57,
     58,  59,  60,  61,  62,  63,  64,  74,  79,  82,  84,  87,  88,  89,  90,  91,
     92,  93,  94,  95,  96,  97,  98,  99, 100, 101, 102, 103, 104, 105, 106, 107,
    108, 109, 110, 111, 112, 113, 114, 115, 116, 117, 118, 119, 120, 122, 124, 125,
    126, 127, 128, 130, 131, 132, 133, 134, 135, 137, 138, 139, 140, 141, 142, 143,
    144, 145, 146, 147, 148, 149, 150, 151, 152, 153, 154, 155, 156, 157, 158, 159,
    160, 161, 162, 163, 164, 165, 166, 167, 168, 170, 171, 172, 174, 185, 186, 187,
      0,   2,   4,   7,   9,  11,  12,  15,  16,  17,  18,  19,  20,  21,  24,  25,
     26,  28,  32,  33,  34,  35,  36,  37,  39,  43,  45,  46,  47,  48,  49,  50,
     51,  52,  53,  54,  55,  56,  57,  58,  59,  60,  61,  62,  63,  64,  72,  73,
     74,  75,  79,  81,  82,  84,  87,  88,  89,  90,  91,  92,  93,  94,  95,  96,
     97,  98,  99, 100, 101, 102, 103, 104, 105, 106, 107, 108, 109, 110, 111, 112,
    113, 114, 115, 116, 117, 118, 119, 120, 122, 124, 125, 126, 127, 128, 129, 130,
    131, 132, 133, 134, 135, 136, 137, 138, 139, 140, 141, 142, 143, 144, 145, 146,
    147, 148, 149, 150, 151, 152, 153, 154, 155, 156, 157, 158, 159, 160, 161, 162,
    163, 164, 165, 166, 167, 168, 169, 174, 175, 185, 186, 187,   0,   2,   7,   8,
     10,  12,  13,  14,  16,  19,  21,  22,  23,  24,  28,  29,  32,  33,  34,  35,
     36,  37,  38,  39,  40,  42,  48,  51,  52,  54,  55,  56,  58,  59,  60,  61,
     63,  64,  72,  73,  74,  75,  81,  87,  88,  96,  97,  98,  99, 106, 107, 108,
    110, 124, 125, 126, 127, 128, 133, 136, 137, 138, 139, 140, 141, 142, 148, 149,
    152, 153, 154, 155, 161, 165, 166, 167, 169, 170, 171, 172, 173, 174, 185, 186,
    187,   4,   7,   9,  12,  16,  18,  19,  20,  21,  24,  25,  28,  32,  35,  45,
     46,  47,  48,  49,  51,  52,  54,  55,  56,  57,  58,  59,  60,  61,  63,  64,
     74,  79,  82,  87,  88,  89,  90,  91,  92,  93,  94,  95,  96,  97,  98,  99,
    100, 101, 102, 103, 104, 105, 106, 107, 108, 109, 110, 111, 112, 113, 114, 115,
    116, 117, 118, 119, 120, 124, 125, 126, 127, 128, 130, 131, 132, 133, 134, 135,
    137, 138, 139, 140, 141, 142, 143, 144, 145, 146, 147, 148, 149, 150, 151, 152,
    153, 154, 155, 156, 157, 158, 159, 160, 161, 162, 163, 164, 165, 166, 167, 168,
    169, 173, 174, 185, 186, 187,   2,   4,   7,   8,   9,  10,  12,  16,  18,  22,
     23,  25,  26,  28,  29,  32,  45,  46,  47,  48,  49,  50,  51,  52,  53,  54,
     55,  56,  57,  58,  59,  60,  61,  62,  63,  64,  74,  79,  82,  84,  87,  88,
     89,  90,  91,  92,  93,  94,  95,  96,  97,  98,  99, 100, 101, 102, 103, 104,
    105, 106, 107, 108, 109, 110, 111, 112, 113, 114, 115, 116, 117, 118, 119, 120,
    122, 124, 125, 126, 127, 128, 130, 131, 132, 133, 134, 135, 137, 138, 139, 140,
    141, 142, 143, 144, 145, 146, 147, 148, 149, 150, 151, 152, 153, 154, 155, 156,
    157, 158, 159, 160, 161, 162, 163, 164, 165, 166, 167, 168, 171, 172, 185, 186,
    187,   2,   6,   7,   8,  10,  13,  14,  15,  19,  21,  24,  26,  27,  29,  30,
     31,  34,  35,  36,  37,  38,  39,  40,  42,  43,  46,  48,  50,  53,  57,  64,
     67,  82,  84,  85,  86,  88, 109, 121, 122, 123, 134, 135, 136, 141, 142, 169,
    170, 171, 172, 173, 185, 186, 187,   0,   4,   6,   8,   9,  10,  11,  16,  19,
     26,  27,  29,  30,  31,  34,  36,  37,  38,  39,  43,  45,  47,  48,  49,  51,
     52,  58,  62,  67,  72,  73,  74,  79,  84,  85,  86,  88,  89,  90,  91,  92,
     93,  94,  95,  96,  97,  98,  99, 100, 101, 102, 103, 104, 105, 111, 112, 113,
    114, 115, 116, 117, 118, 119, 120, 121, 122, 123, 124, 125, 126, 127, 128, 129,
    130, 131, 132, 136, 137, 143, 144, 145, 146, 147, 148, 149, 150, 151, 156, 157,
    158, 159, 160, 161, 162, 163, 164, 168, 169, 170, 171, 172, 179, 185, 186, 187,
      2,   6,   7,   8,  10,  13,  14,  15,  19,  21,  23,  24,  26,  27,  29,  30,
     31,  34,  35,  36,  37,  38,  39,  40,  42,  43,  44,  46,  48,  50,  52,  53,
     57,  64,  66,  67,  82,  84,  85,  86,  88, 109, 121, 122, 123, 128, 134, 135,
    136, 141, 142, 169, 170, 171, 172, 173, 185, 186, 187,   0,   2,   4,   7,   8,
      9,  10,  11,  12,  16,  18,  19,  20,  21,  24,  25,  28,  29,  32,  34,  35,
     36,  37,  38,  39,  42,  45,  47,  48,  49,  52,  54,  55,  56,  59,  60,  61,
     63,  64,  72,  73,  74,  75,  79,  81,  82,  87,  88,  89,  90,  91,  92,  93,
     94,  95, 100, 101, 102, 103, 104, 105, 106, 107, 108, 110, 111, 112, 113, 114,
    115, 116, 117, 118, 119, 120, 128, 130, 131, 132, 133, 136, 138, 139, 140, 141,
    142, 143, 144, 145, 146, 147, 150, 151, 152, 153, 154, 155, 156, 157, 158, 159,
    160, 162, 163, 164, 165, 166, 167, 168, 169, 170, 171, 172, 173, 174, 175, 185,
    186, 187,   6,   7,  19,  24,  26,  33,  34,  35,  36,  37,  38,  39,  40,  47,
     48,  49,  51,  52,  57,  58,  59,  60,  63,  64,  82,  84,  88,  93,  94,  95,
     96,  97,  98,  99, 100, 101, 102, 103, 104, 105, 106, 107, 108, 110, 112, 113,
    114, 115, 116, 117, 118, 119, 120, 124, 125, 126, 127, 128, 131, 132, 134, 135,
    136, 137, 138, 139, 140, 141, 142, 143, 144, 146, 147, 148, 149, 150, 151, 154,
    155, 157, 158, 159, 160, 161, 162, 163, 164, 165, 166, 167, 169, 170, 173, 175,
    185, 186, 187,   0,   1,   2,   4,   7,   8,   9,  10,  11,  13,  16,  18,  22,
     23,  24,  26,  28,  29,  32,  38,  45,  46,  47,  48,  49,  50,  51,  52,  54,
     55,  56,  57,  58,  59,  60,  61,  62,  63,  64,  72,  73,  74,  79,  82,  84,
     87,  88,  89,  90,  91,  92,  93,  94,  95,  96,  97,  98,  99, 100, 101, 102,
    103, 104, 105, 106, 107, 108, 109, 110, 111, 112, 113, 114, 115, 116, 117, 118,
    119, 120, 122, 124, 125, 126, 127, 128, 131, 132, 133, 134, 135, 137, 138, 139,
    140, 141, 142, 143, 144, 145, 146, 147, 148, 149, 150, 151, 152, 153, 154, 155,
    156, 157, 158, 159, 160, 161, 162, 163, 164, 165, 166, 167, 168, 169, 170, 171,
    172, 175, 179, 185, 186, 187,   1,   2,   4,   7,   8,   9,  10,  11,  12,  16,
     17,  18,  22,  23,  24,  25,  26,  28,  29,  32,  36,  37,  39,  45,  46,  47,
     48,  49,  50,  51,  52,  53,  54,  55,  56,  57,  58,  59,  60,  61,  62,  63,
     64,  74,  79,  82,  84,  87,  88,  89,  90,  91,  92,  93,  94,  95,  96,  97,
     98,  99, 100, 101, 102, 103, 104, 105, 106, 107, 108, 109, 110, 111, 112, 113,
    114, 115, 116, 117, 118, 119, 120, 122, 124, 125, 126, 127, 128, 130, 131, 132,
    133, 134, 135, 137, 138, 139, 140, 141, 142, 143, 144, 145, 146, 147, 148, 149,
    150, 151, 152, 153, 154, 155, 156, 157, 158, 159, 160, 161, 162, 163, 164, 165,
    166, 167, 168, 170, 171, 172, 185, 186, 187,   0,   1,   2,   4,   7,   8,   9,
     10,  11,  12,  13,  14,  15,  16,  17,  18,  20,  21,  22,  23,  24,  25,  26,
     28,  29,  32,  33,  42,  43,  45,  46,  47,  48,  49,  50,  51,  52,  53,  54,
     55,  56,  57,  58,  59,  60,  61,  62,  63,  64,  67,  72,  74,  79,  82,  84,
     87,  88,  89,  90,  91,  92,  93,  94,  95,  96,  97,  98,  99, 100, 101, 102,
    103, 104, 105, 106, 107, 108, 109, 110, 111, 112, 113, 114, 115, 116, 117, 118,
    119, 120, 122, 124, 125, 126, 127, 128, 129, 130, 131, 132, 133, 134, 135, 137,
    138, 139, 140, 141, 142, 143, 144, 145, 146, 147, 148, 149, 150, 151, 152, 153,
    154, 155, 156, 157, 158, 159, 160, 161, 162, 163, 164, 165, 166, 167, 168, 170,
    171, 172, 173, 174, 175, 185, 186, 187,   0,   1,   2,   4,   7,   8,   9,  10,
     11,  12,  13,  14,  15,  16,  17,  18,  20,  21,  22,  23,  24,  25,  26,  28,
     29,  32,  33,  42,  43,  45,  46,  47,  48,  49,  50,  51,  52,  53,  54,  55,
     56,  57,  58,  59,  60,  61,  62,  63,  64,  67,  74,  79,  82,  84,  87,  88,
     89,  90,  91,  92,  93,  94,  95,  96,  97,  98,  99, 100, 101, 102, 103, 104,
    105, 106, 107, 108, 109, 110, 111, 112, 113, 114, 115, 116, 117, 118, 119, 120,
    122, 124, 125, 126, 127, 128, 129, 130, 131, 132, 133, 134, 135, 137, 138, 139,
    140, 141, 142, 143, 144, 145, 146, 147, 148, 149, 150, 151, 152, 153, 154, 155,
    156, 157, 158, 159, 160, 161, 162, 163, 164, 165, 166, 167, 168, 170, 171, 172,
    173, 174, 175, 185, 186, 187,   0,   2,   4,   7,   9,  11,  12,  15,  16,  17,
     18,  19,  20,  21,  24,  25,  28,  32,  33,  34,  35,  36,  37,  39,  43,  45,
     46,  47,  48,  49,  50,  51,  52,  53,  54,  55,  56,  57,  58,  59,  60,  61,
     62,  63,  64,  72,  73,  74,  75,  79,  81,  87,  88,  89,  90,  91,  92,  93,
     94,  95,  96,  97,  98,  99, 100, 101, 102, 103, 104, 105, 106, 107, 108, 109,
    110, 111, 112, 113, 114, 115, 116, 117, 118, 119, 120, 122, 124, 125, 126, 127,
    128, 129, 130, 131, 132, 133, 134, 135, 136, 137, 138, 139, 140, 141, 142, 143,
    144, 145, 146, 147, 148, 149, 150, 151, 152, 153, 154, 155, 156, 157, 158, 159,
    160, 161, 162, 163, 164, 165, 166, 167, 168, 169, 170, 173, 174, 175, 185, 186,
    187,   0,   1,   2,   4,   7,   8,   9,  10,  11,  12,  13,  14,  15,  16,  17,
     18,  20,  21,  22,  23,  24,  25,  26,  28,  29,  32,  33,  38,  40,  43,  45,
     46,  47,  48,  49,  50,  51,  52,  53,  54,  55,  56,  57,  58,  59,  60,  61,
     62,  63,  64,  72,  73,  74,  79,  81,  82,  84,  87,  88,  89,  90,  91,  92,
     93,  94,  95,  96,  97,  98,  99, 100, 101, 102, 103, 104, 105, 106, 107, 108,
    109, 110, 111, 112, 113, 114, 115, 116, 117, 118, 119, 120, 122, 124, 125, 126,
    127, 128, 130, 131, 132, 133, 134, 135, 137, 138, 139, 140, 141, 142, 143, 144,
    145, 146, 147, 148, 149, 150, 151, 152, 153, 154, 155, 156, 157, 158, 159, 160,
    161, 162, 163, 164, 165, 166, 167, 168, 170, 171, 172, 173, 174, 175, 185, 186,
    187,   2,   7,  16,  19,  21,  24,  26,  27,  28,  29,  30,  31,  32,  33,  34,
     35,  36,  37,  39,  40,  46,  47,  48,  49,  51,  52,  54,  55,  56,  57,  58,
     59,  60,  61,  63,  64,  85,  86,  87,  88,  93,  94,  95,  96,  97,  98,  99,
    100, 101, 102, 103, 104, 105, 106, 107, 108, 110, 112, 113, 114, 115, 116, 117,
    118, 119, 120, 121, 123, 124, 125, 126, 127, 128, 130, 131, 132, 133, 134, 135,
    136, 137, 138, 139, 140, 141, 142, 143, 144, 146, 147, 148, 149, 150, 151, 152,
    153, 154, 155, 157, 158, 159, 160, 161, 162, 163, 164, 165, 166, 167, 169, 170,
    173, 174, 175, 185, 186, 187,   0,   2,   4,   5,   7,   8,   9,  10,  16,  18,
     28,  29,  32,  36,  37,  38,  39,  45,  46,  47,  48,  50,  51,  52,  53,  54,
     55,  56,  58,  59,  60,  61,  63,  64,  72,  74,  82,  84,  87,  88,  89,  90,
     91,  92,  93,  94,  95,  96,  97,  98,  99, 100, 101, 102, 103, 104, 105, 106,
    107, 108, 109, 110, 111, 112, 113, 114, 115, 116, 117, 122, 124, 125, 126, 127,
    128, 130, 131, 132, 133, 135, 137, 138, 139, 140, 141, 142, 144, 145, 146, 147,
    148, 149, 150, 151, 152, 153, 154, 155, 156, 157, 158, 159, 160, 161, 162, 163,
    164, 165, 166, 167, 168, 170, 171, 172, 176, 185, 186, 187,   0,  19,  21,  26,
     28,  32,  34,  35,  36,  37,  38,  39,  42,  48,  51,  52,  54,  55,  56,  58,
     59,  60,  61,  63,  84,  87,  88,  96,  97,  98,  99, 106, 107, 108, 110, 124,
    125, 126, 127, 128, 133, 136, 137, 138, 139, 140, 148, 149, 152, 153, 154, 155,
    161, 165, 166, 167, 185, 186, 187,   9, 168,   0,   8,  23,  48,  49,  52,  88,
    109, 118, 119, 120, 128, 143, 185, 186, 187,   1,   2,   4,   6,   7,   8,   9,
     10,  22,  23,  24,  25,  28,  29,  32,  34,  35,  36,  37,  39,  40,  42,  43,
     48,  57,  58,  60,  61,  62,  63,  67,  72,  73,  74,  75,  79,  81,  82,  87,
     88, 110, 134, 135, 136, 137, 140, 165, 166, 167, 168, 169, 170, 171, 172, 173,
    174, 185, 186, 187,   2,   6,   7,  24,  26,  27,  28,  30,  31,  32,  33,  34,
     35,  36,  37,  38,  39,  40,  42,  43,  48,  58,  67,  73,  75,  82,  85,  86,
     87,  88, 121, 123, 136, 137, 169, 170, 173, 174, 185, 186, 187,   2,   6,   7,
      9,  24,  26,  27,  28,  30,  31,  32,  33,  34,  35,  36,  37,  38,  39,  40,
     42,  47,  48,  67,  73,  74,  75,  79,  81,  85,  86,  87,  88,  93,  94,  95,
    101, 102, 103, 104, 105, 112, 113, 114, 115, 116, 117, 121, 123, 131, 132, 136,
    144, 146, 147, 150, 151, 157, 158, 159, 160, 162, 163, 164, 168, 169, 170, 173,
    174, 185, 186, 187,   1,   2,   4,   6,   7,   8,   9,  10,  22,  23,  24,  25,
     28,  29,  32,  34,  35,  36,  37,  39,  42,  48,  57,  58,  60,  61,  62,  63,
     72,  73,  74,  75,  79,  81,  82,  87,  88, 110, 134, 135, 136, 137, 140, 159,
    165, 166, 167, 168, 169, 170, 171, 172, 173, 174, 185, 186, 187,   2,   6,   7,
     24,  26,  27,  28,  30,  31,  32,  33,  34,  35,  36,  37,  38,  39,  40,  42,
     48,  57,  58,  64,  67,  73,  74,  75,  81,  82,  85,  86,  87,  88, 121, 123,
    134, 135, 136, 137, 141, 142, 169, 170, 173, 174, 185, 186, 187,   0,   1,   2,
      4,   6,   7,   8,   9,  10,  24,  25,  26,  27,  28,  29,  30,  31,  32,  33,
     34,  35,  36,  37,  38,  39,  40,  42,  43,  45,  47,  48,  51,  52,  54,  55,
     56,  58,  60,  61,  66,  67,  72,  73,  74,  75,  77,  78,  79,  80,  81,  85,
     86,  87,  88,  89,  90,  91,  92,  93,  94,  95,  96,  97,  98,  99, 100, 101,
    103, 104, 105, 106, 108, 110, 111, 112, 113, 114, 115, 116, 117, 118, 119, 120,
    121, 122, 123, 124, 125, 126, 127, 128, 130, 131, 132, 133, 134, 135, 136, 137,
    138, 139, 140, 141, 142, 143, 144, 145, 146, 147, 148, 149, 150, 151, 152, 153,
    154, 155, 156, 158, 159, 160, 161, 162, 163, 164, 165, 166, 167, 168, 169, 170,
    171, 172, 173, 174, 175, 178, 179, 185, 186, 187,   2,   4,   6,   7,   8,   9,
     10,  23,  24,  25,  26,  27,  28,  29,  30,  31,  32,  33,  34,  35,  36,  37,
     38,  39,  40,  42,  43,  44,  45,  47,  48,  49,  52,  54,  55,  56,  58,  61,
     62,  63,  67,  72,  73,  74,  75,  78,  79,  80,  85,  86,  87,  88,  89,  90,
     91,  92,  93,  94,  95, 100, 101, 102, 103, 104, 105, 109, 110, 111, 112, 113,
    114, 115, 116, 117, 118, 119, 120, 121, 123, 128, 130, 131, 132, 133, 136, 137,
    140, 143, 144, 145, 146, 147, 150, 151, 152, 153, 156, 157, 158, 159, 160, 162,
    163, 164, 165, 166, 167, 168, 169, 170, 171, 172, 173, 174, 175, 178, 179, 185,
    186, 187,   1,   2,   4,   6,   7,   8,   9,  10,  22,  23,  24,  25,  28,  29,
     32,  34,  35,  36,  37,  38,  39,  40,  42,  43,  48,  58,  60,  61,  62,  63,
     67,  72,  73,  74,  75,  79,  81,  87,  88, 110, 136, 137, 140, 165, 166, 167,
    168, 169, 170, 171, 172, 173, 174, 185, 186, 187,   2,   4,   6,   7,   8,   9,
     10,  22,  23,  24,  25,  28,  29,  32,  34,  35,  36,  37,  38,  39,  42,  46,
     48,  58,  60,  61,  62,  63,  72,  73,  74,  75,  79,  81,  82,  87,  88, 110,
    136, 137, 140, 165, 166, 167, 168, 169, 170, 171, 172, 173, 174, 185, 186, 187,
     27,  28,  30,  31,  32,  33,  35,  40,  46,  50,  52,  53,  63,  82,  85,  86,
     87, 109, 110, 121, 122, 123, 128, 140, 148, 165, 166, 167,   2,   4,   6,   7,
      9,  24,  25,  27,  28,  29,  31,  32,  33,  34,  35,  36,  37,  38,  39,  40,
     42,  45,  47,  48,  49,  51,  52,  54,  55,  56,  57,  59,  60,  61,  62,  63,
     64,  67,  73,  74,  75,  79,  81,  85,  86,  87,  88,  89,  90,  91,  92,  93,
     94,  95,  96,  97,  98,  99, 100, 101, 102, 103, 104, 105, 106, 107, 108, 110,
    111, 112, 113, 114, 115, 116, 117, 118, 119, 120, 121, 123, 124, 125, 126, 127,
    128, 130, 131, 132, 133, 134, 135, 136, 138, 139, 140, 141, 142, 143, 144, 145,
    146, 147, 148, 149, 150, 151, 152, 153, 154, 155, 156, 157, 158, 159, 160, 161,
    162, 163, 164, 165, 166, 167, 168, 169, 170, 173, 174, 175, 185, 186, 187,   1,
      2,   4,   6,   7,   8,   9,  10,  22,  23,  24,  25,  28,  29,  32,  34,  35,
     36,  37,  39,  42,  48,  52,  54,  55,  56,  58,  59,  60,  61,  62,  63,  64,
     72,  73,  74,  75,  79,  81,  87,  88, 106, 107, 108, 110, 128, 133, 136, 137,
    138, 139, 140, 141, 142, 152, 153, 154, 155, 159, 165, 166, 167, 168, 169, 170,
    171, 172, 173, 174, 185, 186, 187,   2,   6,   7,  24,  26,  27,  28,  30,  31,
     32,  33,  34,  35,  36,  37,  38,  39,  40,  42,  43,  48,  57,  58,  64,  67,
     73,  75,  82,  85,  86,  87,  88, 121, 123, 134, 135, 136, 137, 141, 142, 169,
    170, 173, 174, 185, 186, 187,   2,   6,   7,  24,  26,  27,  28,  30,  31,  32,
     33,  34,  35,  36,  37,  38,  39,  40,  42,  43,  48,  58,  62,  67,  75,  82,
     85,  86,  87,  88, 121, 123, 136, 137, 169, 170, 173, 174, 185, 186, 187,   2,
      4,   7,  24,  27,  28,  30,  31,  32,  33,  34,  35,  36,  37,  38,  39,  40,
     42,  44,  52,  82,  85,  86,  87, 121, 123, 128, 136, 169, 170, 173, 174,   0,
      4,   6,   7,   8,   9,  10,  11,  24,  26,  27,  29,  30,  31,  33,  34,  35,
     36,  37,  38,  39,  40,  42,  43,  45,  47,  48,  51,  52,  54,  55,  56,  59,
     60,  61,  62,  63,  67,  74,  78,  79,  85,  86,  88,  89,  90,  91,  92,  93,
     94,  95,  96,  97,  98,  99, 100, 101, 102, 103, 104, 105, 106, 107, 108, 110,
    111, 112, 113, 114, 115, 116, 117, 121, 123, 124, 125, 126, 127, 128, 130, 131,
    132, 133, 136, 138, 139, 140, 144, 145, 146, 147, 148, 149, 150, 151, 152, 153,
    154, 155, 156, 157, 158, 159, 160, 161, 162, 163, 164, 165, 166, 167, 168, 171,
    172, 173, 179, 185, 186, 187,   2,   4,   6,   7,   9,  24,  26,  27,  28,  30,
     31,  32,  33,  34,  35,  36,  37,  38,  39,  40,  42,  48,  54,  55,  56,  57,
     58,  63,  64,  67,  73,  74,  75,  79,  81,  85,  86,  87,  88, 110, 121, 123,
    130, 133, 134, 135, 136, 137, 140, 141, 142, 152, 153, 165, 166, 167, 168, 169,
    170, 173, 174, 175, 185, 186, 187,   2,   6,   7,   9,  24,  26,  27,  31,  34,
     35,  36,  37,  38,  39,  40,  42,  52,  60,  61,  74,  75,  79,  81,  85,  86,
    121, 123, 128, 130, 136, 168, 169, 170, 173, 175, 179,   1,   2,   4,   6,   7,
      8,   9,  10,  22,  23,  24,  25,  28,  29,  32,  34,  35,  36,  37,  39,  40,
     42,  43,  48,  57,  60,  62,  63,  67,  72,  73,  74,  75,  79,  81,  82,  87,
     88, 110, 134, 135, 136, 140, 165, 166, 167, 168, 169, 170, 171, 172, 173, 174,
    185, 186, 187,   2,   4,   6,   7,  24,  26,  27,  28,  29,  30,  31,  32,  33,
     34,  35,  36,  37,  38,  39,  40,  42,  43,  48,  49,  57,  58,  62,  64,  67,
     75,  82,  85,  86,  87,  88, 118, 119, 120, 121, 123, 134, 135, 136, 137, 141,
    142, 143, 169, 170, 173, 174, 175, 185, 186, 187,   2,   4,   6,   7,  24,  26,
     27,  28,  30,  31,  32,  33,  34,  35,  36,  37,  38,  39,  40,  42,  43,  48,
     58,  64,  67,  75,  82,  85,  86,  87,  88, 121, 123, 136, 137, 141, 142, 169,
    170, 173, 174, 185, 186, 187,   2,   6,   7,   9,  24,  26,  27,  28,  30,  31,
     32,  33,  34,  35,  36,  37,  38,  39,  40,  42,  47,  51,  52,  54,  55,  56,
     59,  60,  63,  67,  74,  78,  79,  81,  85,  86,  87,  93,  94,  95,  96,  97,
     98,  99, 101, 102, 103, 104, 105, 106, 107, 108, 110, 112, 113, 114, 115, 116,
    117, 121, 123, 124, 125, 126, 127, 128, 130, 131, 132, 133, 136, 138, 139, 140,
    144, 146, 147, 148, 149, 150, 151, 152, 153, 154, 155, 157, 158, 159, 160, 161,
    162, 163, 164, 165, 166, 167, 168, 169, 170, 173, 174, 175, 179,   2,   6,   7,
     24,  26,  27,  30,  31,  33,  34,  35,  36,  37,  38,  39,  40,  42,  67,  75,
     82,  85,  86, 121, 123, 136, 169, 170, 173, 174, 175,   0,   2,   4,   6,   7,
      9,  24,  25,  26,  27,  28,  29,  30,  31,  32,  33,  34,  35,  36,  37,  38,
     39,  40,  42,  47,  48,  49,  52,  54,  55,  56,  58,  59,  60,  61,  62,  63,
     64,  67,  73,  74,  75,  79,  81,  82,  85,  86,  87,  88,  93,  94,  95, 101,
    102, 103, 104, 105, 106, 107, 108, 110, 112, 113, 114, 115, 116, 117, 118, 119,
    120, 121, 123, 128, 130, 131, 132, 133, 136, 137, 138, 139, 140, 141, 142, 143,
    144, 146, 147, 150, 151, 152, 153, 154, 155, 157, 158, 159, 160, 162, 163, 164,
    165, 166, 167, 168, 169, 170, 171, 172, 173, 174, 175, 185, 186, 187,   2,   4,
      5,   7,   8,   9,  10,  12,  16,  18,  22,  23,  26,  28,  29,  32,  36,  37,
     38,  39,  45,  46,  47,  48,  50,  51,  52,  53,  54,  55,  56,  57,  58,  59,
     60,  61,  62,  63,  64,  72,  74,  82,  84,  87,  88,  89,  90,  91,  92,  93,
     94,  95,  96,  97,  98,  99, 101, 102, 103, 104, 105, 106, 107, 108, 109, 110,
    111, 112, 113, 114, 115, 116, 117, 122, 124, 125, 126, 127, 128, 130, 131, 132,
    133, 134, 137, 138, 139, 140, 141, 142, 144, 145, 146, 147, 148, 149, 150, 151,
    152, 153, 154, 155, 156, 157, 158, 159, 160, 161, 162, 163, 164, 165, 166, 167,
    168, 171, 172, 185, 186, 187,  48,  52,  88, 128, 185, 186, 187,   2,   6,   7,
      8,  10, 169, 170, 171, 172, 176,   2,   7,   8,  10,  34,  35,  36,  37,  39,
     40,  48,  51,  52,  74,  82,  88,  96,  97,  98,  99, 124, 125, 126, 127, 128,
    130, 136, 148, 149, 161, 169, 170, 171, 172, 176, 185, 186, 187,  14,  19,  21,
     12,  13,  15,  16,  17,  18,  20,   2,   6,   7,  26,  34,  36,  37,  38,  39,
     43,  51,  52,  54,  55,  56,  59,  60,  61,  67,  84,  96,  97,  98,  99, 106,
    107, 108, 124, 125, 126, 127, 128, 133, 136, 138, 139, 148, 149, 152, 153, 154,
    155, 161, 169, 176,   6,  43,  67,   2,   4,   6,   7,   9,  24,  27,  28,  31,
     32,  33,  34,  35,  36,  37,  39,  40,  45,  46,  47,  49,  50,  51,  53,  63,
     67,  74,  77,  78,  80,  82,  85,  86,  87,  89,  90,  91,  92,  93,  94,  95,
     96,  97,  98,  99, 100, 101, 102, 103, 104, 105, 109, 110, 111, 112, 113, 114,
    115, 116, 117, 118, 119, 120, 121, 122, 123, 124, 125, 126, 127, 129, 130, 131,
    132, 136, 140, 143, 144, 145, 146, 147, 148, 149, 150, 151, 156, 157, 158, 159,
    160, 161, 162, 163, 164, 165, 166, 167, 168, 169, 170, 176, 178,   0,   6,   8,
     10,  26,  27,  29,  30,  31,  36,  37,  38,  39,  43,  48,  51,  52,  55,  58,
     59,  60,  61,  67,  74,  84,  85,  86,  88,  96,  97,  98,  99, 106, 107, 108,
    121, 122, 123, 124, 125, 126, 127, 128, 137, 138, 139, 148, 149, 154, 155, 161,
    171, 172, 185, 186, 187,  13,  14,  16,  19,  21,  46,  48,  51,  52,  58,  59,
     61,  88,  96,  97,  98,  99, 106, 107, 108, 124, 125, 126, 127, 128, 137, 138,
    139, 148, 149, 154, 155, 161, 185, 186, 187,  46,  48,  51,  52,  54,  55,  56,
     58,  59,  60,  61,  63,  88,  96,  97,  98,  99, 106, 107, 108, 110, 124, 125,
    126, 127, 128, 133, 137, 138, 139, 140, 148, 149, 152, 153, 154, 155, 161, 165,
    166, 167, 185, 186, 187,  13,  14,  15,  19,  21,  22,  23,  26,  27,  28,  29,
     30,  31,  32,  34,  35,  36,  37,  38,  39,  40,  48,  51,  52,  53,  54,  55,
     56,  57,  58,  59,  60,  61,  62,  64,  84,  85,  86,  87,  88,  96,  97,  98,
     99, 106, 107, 108, 121, 123, 124, 125, 126, 127, 128, 133, 134, 135, 136, 137,
    138, 139, 141, 142, 148, 149, 152, 153, 154, 155, 161, 185, 186, 187,  46,  50,
     51,  52,  54,  55,  56,  59,  60,  61,  63,  64,  82,  96,  97,  98,  99, 106,
    107, 108, 109, 110, 122, 124, 125, 126, 127, 128, 133, 138, 139, 140, 141, 142,
    148, 149, 152, 153, 154, 155, 161, 165, 166, 167,   6,  43,  67,   2,   6,   7,
      8,  10,  22,  23,  24,  26,  27,  28,  29,  30,  31,  32,  34,  35,  36,  37,
     38,  39,  40,  43,  46,  48,  49,  50,  51,  52,  53,  54,  55,  56,  57,  58,
     59,  60,  61,  62,  63,  64,  67,  68,  72,  75,  82,  83,  84,  85,  86,  87,
     88,  96,  97,  98,  99, 106, 107, 108, 109, 110, 118, 119, 120, 121, 122, 123,
    124, 125, 126, 127, 128, 133, 134, 135, 136, 137, 138, 139, 140, 141, 142, 143,
    148, 149, 152, 153, 154, 155, 161, 165, 166, 167, 169, 170, 171, 172, 176, 185,
    186, 187,   0,   2,   7,   8,  10,  22,  23,  26,  27,  28,  29,  30,  31,  32,
     33,  34,  35,  36,  37,  38,  39,  40,  45,  46,  47,  48,  49,  50,  51,  52,
     53,  54,  55,  56,  57,  58,  59,  60,  61,  62,  63,  64,  74,  82,  84,  85,
     86,  87,  88,  89,  90,  91,  92,  93,  94,  95,  96,  97,  98,  99, 100, 101,
    102, 103, 104, 105, 106, 107, 108, 109, 110, 111, 112, 113, 114, 115, 116, 117,
    118, 119, 120, 121, 122, 123, 124, 125, 126, 127, 128, 129, 130, 131, 132, 133,
    134, 135, 136, 137, 138, 139, 140, 141, 142, 143, 144, 145, 146, 147, 148, 149,
    150, 151, 152, 153, 154, 155, 156, 157, 158, 159, 160, 161, 162, 163, 164, 165,
    166, 167, 169, 170, 171, 172, 176, 185, 186, 187,   2,   4,   7,   9,  12,  16,
     18,  25,  28,  32,  45,  46,  47,  48,  49,  50,  51,  52,  53,  54,  55,  56,
     57,  58,  59,  60,  61,  62,  63,  64,  74,  79,  82,  85,  87,  88,  89,  90,
     91,  92,  93,  94,  95,  96,  97,  98,  99, 100, 101, 102, 103, 104, 105, 106,
    107, 108, 109, 110, 111, 112, 113, 114, 115, 116, 117, 118, 119, 120, 122, 124,
    125, 126, 127, 128, 130, 131, 132, 133, 134, 135, 137, 138, 139, 140, 141, 142,
    143, 144, 145, 146, 147, 148, 149, 150, 151, 152, 153, 154, 155, 156, 157, 158,
    159, 160, 161, 162, 163, 164, 165, 166, 167, 168, 185, 186, 187,   2,   6,   7,
      8,  10,  13,  14,  15,  19,  21,  24,  26,  27,  29,  30,  31,  34,  35,  36,
     37,  38,  39,  40,  42,  43,  46,  48,  50,  53,  57,  64,  67,  82,  84,  85,
     86,  88, 109, 121, 122, 123, 134, 135, 136, 141, 142, 169, 170, 171, 172, 173,
    185, 186, 187,   2,   6,   7,   8,  10,  24,  26,  27,  29,  30,  31,  34,  35,
     36,  37,  38,  39,  40,  42,  43,  46,  48,  50,  53,  57,  58,  62,  67,  82,
     84,  85,  86,  88, 109, 121, 122, 123, 134, 135, 136, 137, 169, 170, 171, 172,
    173, 174, 185, 186, 187,   2,   4,   6,   7,   9,  24,  25,  26,  27,  28,  30,
     31,  32,  33,  34,  35,  36,  37,  38,  39,  40,  42,  46,  47,  48,  49,  51,
     52,  54,  55,  56,  57,  58,  59,  60,  61,  63,  64,  67,  72,  73,  74,  75,
     79,  81,  82,  85,  86,  87,  88,  93,  94,  95,  96,  97,  98,  99, 101, 102,
    103, 104, 105, 106, 107, 108, 110, 112, 113, 114, 115, 116, 117, 118, 119, 120,
    121, 123, 124, 125, 126, 127, 128, 131, 132, 133, 134, 135, 136, 137, 138, 139,
    140, 141, 142, 143, 144, 146, 147, 148, 149, 150, 151, 152, 153, 154, 155, 157,
    158, 159, 160, 161, 162, 163, 164, 165, 166, 167, 168, 169, 170, 173, 174, 185,
    186, 187,   1,   2,   4,   6,   7,   8,   9,  10,  22,  23,  24,  25,  28,  29,
     32,  34,  35,  36,  37,  39,  40,  42,  43,  48,  57,  58,  60,  61,  62,  63,
     67,  72,  73,  74,  75,  79,  81,  82,  87,  88, 110, 134, 135, 136, 137, 140,
    165, 166, 167, 168, 169, 170, 171, 172, 173, 174, 185, 186, 187,   1,   2,   4,
      6,   7,   8,   9,  10,  22,  23,  24,  25,  28,  29,  32,  34,  35,  36,  37,
     39,  40,  42,  43,  48,  57,  58,  60,  61,  62,  63,  67,  72,  73,  74,  75,
     79,  81,  82,  87,  88, 110, 134, 135, 136, 137, 140, 165, 166, 167, 168, 169,
    170, 171, 172, 173, 174, 185, 186, 187,   1,   2,   4,   6,   7,   8,   9,  10,
     22,  23,  24,  25,  28,  29,  32,  34,  35,  36,  37,  39,  40,  42,  43,  48,
     57,  58,  60,  61,  62,  63,  67,  72,  73,  74,  75,  79,  81,  82,  87,  88,
    110, 134, 135, 136, 137, 140, 165, 166, 167, 168, 169, 170, 171, 172, 173, 174,
    185, 186, 187,   2,   6,   7,   9,  24,  26,  27,  28,  30,  31,  32,  33,  34,
     35,  36,  37,  38,  39,  40,  42,  47,  48,  52,  67,  73,  74,  75,  79,  81,
     85,  86,  87,  88,  93,  94,  95, 101, 102, 103, 104, 105, 112, 113, 114, 115,
    116, 117, 121, 123, 128, 131, 132, 136, 144, 146, 147, 150, 151, 157, 158, 159,
    160, 162, 163, 164, 168, 169, 170, 173, 174, 185, 186, 187,   2,   6,   7,  24,
     26,  27,  28,  30,  31,  32,  33,  34,  35,  36,  37,  38,  39,  40,  42,  46,
     48,  57,  58,  64,  67,  73,  74,  75,  81,  82,  85,  86,  87,  88, 121, 123,
    134, 135, 136, 137, 141, 142, 169, 170, 173, 174, 185, 186, 187,   2,   6,   7,
     24,  26,  27,  28,  30,  31,  32,  33,  34,  35,  36,  37,  38,  39,  40,  42,
     48,  57,  58,  64,  67,  73,  74,  75,  81,  82,  85,  86,  87,  88, 121, 123,
    134, 135, 136, 137, 141, 142, 169, 170, 173, 174, 185, 186, 187,   2,   6,   7,
     24,  26,  27,  28,  30,  31,  32,  33,  34,  35,  36,  37,  38,  39,  40,  42,
     48,  57,  58,  64,  67,  73,  74,  75,  81,  82,  85,  86,  87,  88, 121, 123,
    134, 135, 136, 137, 141, 142, 169, 170, 173, 174, 185, 186, 187,   2,   4,   6,
      7,   8,   9,  10,  22,  23,  24,  25,  28,  29,  32,  34,  35,  36,  37,  38,
     39,  42,  46,  48,  58,  60,  61,  62,  63,  72,  73,  74,  75,  79,  81,  82,
     87,  88, 110, 136, 137, 140, 165, 166, 167, 168, 169, 170, 171, 172, 173, 174,
    185, 186, 187,   1,   2,   4,   6,   7,   8,   9,  10,  22,  23,  24,  25,  28,
     29,  32,  34,  35,  36,  37,  38,  39,  42,  43,  46,  48,  50,  53,  58,  60,
     61,  62,  63,  67,  72,  73,  74,  75,  79,  81,  82,  87,  88,  96,  99, 100,
    109, 110, 122, 136, 137, 140, 165, 166, 167, 168, 169, 170, 171, 172, 173, 174,
    185, 186, 187,   2,   4,   6,   7,   8,   9,  10,  22,  23,  24,  25,  28,  29,
     32,  34,  35,  36,  37,  38,  39,  42,  46,  48,  58,  60,  61,  62,  63,  72,
     73,  74,  75,  79,  81,  82,  87,  88,  98, 110, 136, 137, 140, 165, 166, 167,
    168, 169, 170, 171, 172, 173, 174, 185, 186, 187,   1,   4,   6,   7,   8,   9,
     10,  22,  23,  24,  25,  28,  29,  32,  34,  35,  36,  37,  38,  39,  42,  46,
     48,  50,  53,  58,  60,  61,  62,  63,  72,  73,  74,  75,  79,  81,  82,  87,
     88, 109, 110, 122, 136, 137, 140, 165, 166, 167, 168, 169, 170, 171, 172, 173,
    174, 185, 186, 187,   2,   6,   7,  24,  26,  27,  28,  30,  31,  32,  33,  34,
     35,  36,  37,  38,  39,  40,  42,  43,  48,  57,  58,  62,  64,  67,  75,  82,
     85,  86,  87,  88, 121, 123, 134, 135, 136, 137, 141, 142, 169, 170, 173, 174,
    185, 186, 187,   2,   6,   7,  24,  26,  27,  28,  30,  31,  32,  33,  34,  35,
     36,  37,  38,  39,  40,  42,  43,  48,  57,  58,  64,  67,  73,  75,  82,  85,
     86,  87,  88, 121, 123, 134, 135, 136, 137, 141, 142, 169, 170, 173, 174, 185,
    186, 187,   2,   6,   7,  24,  26,  27,  28,  30,  31,  32,  33,  34,  35,  36,
     37,  38,  39,  40,  42,  43,  48,  57,  58,  64,  67,  73,  75,  82,  85,  86,
     87,  88, 121, 123, 134, 135, 136, 137, 141, 142, 169, 170, 173, 174, 185, 186,
    187,   2,   6,   7,  24,  26,  27,  28,  30,  31,  32,  33,  34,  35,  36,  37,
     38,  39,  40,  42,  43,  48,  57,  58,  64,  67,  73,  75,  82,  85,  86,  87,
     88, 121, 123, 134, 135, 136, 137, 141, 142, 169, 170, 173, 174, 185, 186, 187,
      2,   6,   7,  24,  26,  27,  28,  30,  31,  32,  33,  34,  35,  36,  37,  38,
     39,  40,  42,  43,  48,  57,  58,  64,  67,  73,  75,  82,  85,  86,  87,  88,
    121, 123, 134, 135, 136, 137, 141, 142, 169, 170, 173, 174, 185, 186, 187,   2,
      6,   7,  24,  26,  27,  28,  30,  31,  32,  33,  34,  35,  36,  37,  38,  39,
     40,  42,  43,  48,  57,  58,  64,  67,  73,  75,  82,  85,  86,  87,  88, 121,
    123, 134, 135, 136, 137, 141, 142, 169, 170, 173, 174, 185, 186, 187,   0,   1,
      2,   4,   7,   9,  11,  12,  14,  15,  16,  17,  18,  19,  20,  21,  24,  25,
     26,  28,  29,  32,  33,  34,  35,  36,  37,  39,  40,  42,  43,  45,  46,  47,
     48,  49,  51,  52,  54,  55,  56,  57,  58,  59,  60,  61,  63,  64,  67,  72,
     73,  74,  75,  79,  81,  82,  87,  88,  89,  90,  91,  92,  93,  94,  95,  96,
     97,  98,  99, 100, 101, 102, 103, 104, 105, 106, 107, 108, 110, 111, 112, 113,
    114, 115, 116, 117, 118, 119, 120, 124, 125, 126, 127, 128, 129, 130, 131, 132,
    133, 134, 135, 136, 137, 138, 139, 140, 141, 142, 143, 144, 145, 146, 147, 148,
    149, 150, 151, 152, 153, 154, 155, 156, 157, 158, 159, 160, 161, 162, 163, 164,
    165, 166, 167, 168, 169, 170, 173, 174, 175, 185, 186, 187,   1,   2,   4,   6,
      7,   8,   9,  10,  22,  23,  24,  25,  28,  29,  32,  34,  35,  36,  37,  39,
     40,  42,  43,  48,  52,  57,  58,  60,  61,  62,  63,  67,  72,  73,  74,  75,
     79,  81,  87,  88, 110, 128, 134, 135, 136, 137, 140, 165, 166, 167, 168, 169,
    170, 171, 172, 173, 174, 185, 186, 187,   2,   6,   7,   9,  24,  26,  27,  28,
     30,  31,  32,  33,  34,  35,  36,  37,  38,  39,  40,  42,  46,  47,  48,  50,
     67,  73,  74,  75,  79,  81,  85,  86,  87,  88,  93,  94,  95, 101, 102, 103,
    104, 105, 109, 112, 113, 114, 115, 116, 117, 121, 122, 123, 131, 132, 136, 144,
    146, 147, 150, 151, 157, 158, 159, 160, 162, 163, 164, 168, 169, 170, 173, 174,
    185, 186, 187,   2,   6,   7,   9,  24,  26,  27,  28,  30,  31,  32,  33,  34,
     35,  36,  37,  38,  39,  40,  42,  47,  48,  67,  73,  74,  75,  79,  81,  85,
     86,  87,  88,  93,  94,  95, 101, 102, 103, 104, 105, 112, 113, 114, 115, 116,
    117, 121, 123, 131, 132, 136, 144, 146, 147, 150, 151, 157, 158, 159, 160, 162,
    163, 164, 168, 169, 170, 173, 174, 185, 186, 187,   2,   6,   7,   9,  24,  26,
     27,  28,  30,  31,  32,  33,  34,  35,  36,  37,  38,  39,  40,  42,  47,  48,
     67,  73,  74,  75,  79,  81,  85,  86,  87,  88,  93,  94,  95, 101, 102, 103,
    104, 105, 112, 113, 114, 115, 116, 117, 121, 123, 131, 132, 136, 144, 146, 147,
    150, 151, 157, 158, 159, 160, 162, 163, 164, 168, 169, 170, 173, 174, 185, 186,
    187,   0,   1,   2,   4,   6,   7,   8,   9,  10,  24,  43,  46,  48,  50,  51,
     52,  53,  54,  55,  56,  58,  60,  61,  63,  67,  72,  74,  75,  82,  88,  96,
     97,  98,  99, 109, 110, 122, 124, 125, 126, 127, 128, 133, 137, 140, 142, 148,
    149, 152, 153, 161, 165, 166, 167, 168, 169, 170, 171, 172, 185, 186, 187,   1,
      2,   4,   6,   7,   8,   9,  10,  22,  23,  24,  25,  28,  29,  32,  34,  35,
     36,  37,  39,  42,  46,  48,  50,  53,  57,  58,  60,  61,  62,  63,  72,  73,
     74,  75,  79,  81,  82,  87,  88, 109, 110, 122, 124, 134, 135, 136, 137, 140,
    159, 165, 166, 167, 168, 169, 170, 171, 172, 173, 174, 185, 186, 187,   2,   6,
      7,  24,  26,  27,  28,  30,  31,  32,  33,  34,  35,  36,  37,  38,  39,  40,
     42,  48,  57,  58,  64,  67,  73,  74,  75,  81,  82,  85,  86,  87,  88, 121,
    123, 134, 135, 136, 137, 141, 142, 169, 170, 173, 174, 185, 186, 187,   2,   6,
      7,  24,  26,  27,  28,  30,  31,  32,  33,  34,  35,  36,  37,  38,  39,  40,
     42,  48,  57,  58,  64,  67,  73,  74,  75,  81,  82,  85,  86,  87,  88, 121,
    123, 134, 135, 136, 137, 141, 142, 169, 170, 173, 174, 185, 186, 187,   7,  26,
     36,  37,  38,  39,  46,  48,  49,  51,  52,  54,  55,  56,  58,  59,  60,  61,
     63,  64,  88,  96,  97,  98,  99, 106, 107, 108, 110, 118, 119, 120, 122, 124,
    125, 126, 127, 128, 133, 137, 138, 139, 140, 141, 142, 143, 148, 149, 152, 153,
    154, 155, 159, 161, 163, 165, 166, 167, 173, 185, 186, 187,   2,   6,   7,  24,
     26,  27,  28,  30,  31,  32,  33,  34,  35,  36,  37,  38,  39,  40,  42,  48,
     52,  57,  58,  64,  67,  73,  74,  75,  81,  82,  85,  86,  87,  88, 121, 123,
    128, 134, 135, 136, 137, 141, 142, 169, 170, 173, 174, 185, 186, 187,   2,   6,
      7,  24,  26,  27,  28,  30,  31,  32,  33,  34,  35,  36,  37,  38,  39,  40,
     42,  48,  57,  58,  64,  67,  73,  74,  75,  81,  82,  85,  86,  87,  88, 121,
    123, 134, 135, 136, 137, 141, 142, 169, 170, 173, 174, 185, 186, 187,   2,   4,
      7,   9,  12,  16,  18,  25,  28,  32,  45,  46,  47,  48,  49,  50,  51,  52,
     53,  54,  55,  56,  57,  58,  59,  60,  61,  62,  63,  64,  74,  79,  82,  87,
     88,  89,  90,  91,  92,  93,  94,  95,  96,  97,  98,  99, 100, 101, 102, 103,
    104, 105, 106, 107, 108, 109, 110, 111, 112, 113, 114, 115, 116, 117, 118, 119,
    120, 122, 124, 125, 126, 127, 128, 130, 131, 132, 133, 134, 135, 137, 138, 139,
    140, 141, 142, 143, 144, 145, 146, 147, 148, 149, 150, 151, 152, 153, 154, 155,
    156, 157, 158, 159, 160, 161, 162, 163, 164, 165, 166, 167, 168, 185, 186, 187,
      2,   4,   6,   7,   8,   9,  10,  22,  23,  24,  25,  28,  29,  32,  34,  35,
     36,  37,  38,  39,  42,  46,  48,  50,  53,  58,  60,  61,  62,  63,  72,  73,
     74,  75,  79,  81,  82,  87,  88, 109, 110, 122, 136, 137, 140, 165, 166, 167,
    168, 169, 170, 171, 172, 173, 174, 185, 186, 187,   2,   4,   6,   7,   8,   9,
     10,  22,  23,  24,  25,  28,  29,  32,  34,  35,  36,  37,  38,  39,  42,  46,
     48,  50,  53,  58,  60,  61,  62,  63,  72,  73,  74,  75,  79,  81,  82,  87,
     88, 109, 110, 122, 136, 137, 140, 165, 166, 167, 168, 169, 170, 171, 172, 173,
    174, 185, 186, 187,   2,   4,   6,   7,   8,   9,  10,  22,  23,  24,  25,  28,
     29,  32,  34,  35,  36,  37,  38,  39,  42,  43,  46,  48,  50,  53,  58,  60,
     61,  62,  63,  72,  73,  74,  75,  79,  81,  82,  87,  88, 109, 110, 122, 136,
    137, 140, 165, 166, 167, 168, 169, 170, 171, 172, 173, 174, 185, 186, 187,   2,
      4,   7,   9,  12,  16,  18,  25,  28,  32,  45,  46,  47,  48,  49,  50,  51,
     52,  53,  54,  55,  56,  57,  58,  59,  60,  61,  62,  63,  64,  74,  79,  82,
     87,  88,  89,  90,  91,  92,  93,  94,  95,  96,  97,  98,  99, 100, 101, 102,
    103, 104, 105, 106, 107, 108, 109, 110, 111, 112, 113, 114, 115, 116, 117, 118,
    119, 120, 122, 124, 125, 126, 127, 128, 130, 131, 132, 133, 134, 135, 137, 138,
    139, 140, 141, 142, 143, 144, 145, 146, 147, 148, 149, 150, 151, 152, 153, 154,
    155, 156, 157, 158, 159, 160, 161, 162, 163, 164, 165, 166, 167, 168, 185, 186,
    187,   2,   4,   6,   7,   8,   9,  10,  22,  23,  24,  25,  28,  29,  32,  34,
     35,  36,  37,  38,  39,  42,  46,  48,  52,  58,  60,  61,  62,  63,  72,  73,
     74,  75,  79,  81,  82,  87,  88, 110, 128, 136, 137, 140, 165, 166, 167, 168,
    169, 170, 171, 172, 173, 174, 185, 186, 187,   2,   7,  27,  28,  30,  31,  32,
     33,  35,  40,  50,  52,  53,  63,  75,  82,  85,  86,  87, 109, 110, 121, 122,
    123, 128, 140, 148, 165, 166, 167, 169, 170,   1,   2,   4,   6,   7,   8,   9,
     10,  22,  23,  24,  25,  28,  29,  32,  34,  35,  36,  37,  39,  42,  48,  52,
     54,  55,  56,  58,  59,  60,  61,  62,  63,  64,  72,  73,  74,  75,  79,  81,
     87,  88, 106, 107, 108, 110, 128, 133, 136, 137, 138, 139, 140, 141, 142, 152,
    153, 154, 155, 159, 165, 166, 167, 168, 169, 170, 171, 172, 173, 174, 185, 186,
    187,   0,   2,   7,   8,  10,  12,  13,  14,  16,  19,  21,  22,  23,  24,  28,
     29,  32,  33,  34,  35,  36,  37,  38,  39,  40,  42,  46,  48,  50,  51,  52,
     53,  54,  55,  56,  58,  59,  60,  61,  63,  64,  72,  73,  74,  75,  81,  87,
     88,  96,  97,  98,  99, 106, 107, 108, 109, 110, 122, 124, 125, 126, 127, 128,
    133, 136, 137, 138, 139, 140, 141, 142, 148, 149, 152, 153, 154, 155, 161, 165,
    166, 167, 169, 170, 171, 172, 173, 174, 185, 186, 187,   0,   1,   2,   4,   6,
      7,   8,   9,  10,  24,  43,  46,  48,  50,  51,  52,  53,  58,  60,  61,  62,
     63,  67,  72,  74,  75,  88,  96,  97,  98,  99, 109, 110, 114, 122, 124, 125,
    126, 127, 128, 135, 137, 140, 142, 148, 149, 161, 165, 166, 167, 168, 169, 170,
    171, 172, 185, 186, 187,   2,   4,   6,   7,   9,  24,  48,  60,  61,  63,  64,
     67,  74,  75,  88, 110, 130, 140, 141, 142, 165, 166, 167, 168, 169, 170, 185,
    186, 187,   1,   2,   4,   6,   7,   8,   9,  10,  22,  23,  24,  25,  28,  29,
     32,  34,  35,  36,  37,  38,  39,  40,  42,  43,  48,  58,  60,  61,  62,  63,
     67,  72,  73,  74,  75,  79,  81,  87,  88, 110, 136, 137, 140, 165, 166, 167,
    168, 169, 170, 171, 172, 173, 174, 185, 186, 187,   2,   4,   7,  24,  48,  52,
     75,  82,  88, 128, 169, 170, 185, 186, 187,   2,   6,   7,  24,  26,  27,  28,
     30,  31,  32,  33,  34,  35,  36,  37,  38,  39,  40,  42,  43,  48,  57,  58,
     64,  67,  73,  75,  82,  85,  86,  87,  88, 121, 123, 134, 135, 136, 137, 141,
    142, 169, 170, 173, 174, 185, 186, 187,   2,   6,   7,  24,  26,  27,  28,  30,
     31,  32,  33,  34,  35,  36,  37,  38,  39,  40,  42,  43,  48,  57,  58,  64,
     67,  73,  75,  82,  85,  86,  87,  88, 121, 123, 134, 135, 136, 137, 141, 142,
    169, 170, 173, 174, 185, 186, 187,   2,   6,   7,  24,  26,  27,  28,  30,  31,
     32,  33,  34,  35,  36,  37,  38,  39,  40,  42,  46,  48,  50,  57,  58,  64,
     67,  73,  75,  82,  85,  86,  87,  88, 109, 121, 122, 123, 134, 135, 136, 137,
    141, 142, 169, 170, 173, 174, 185, 186, 187,   2,   4,   6,   7,   9,  24,  26,
     27,  28,  30,  31,  32,  33,  34,  35,  36,  37,  38,  39,  40,  42,  46,  48,
     50,  54,  55,  56,  57,  58,  63,  64,  67,  73,  74,  75,  79,  81,  85,  86,
     87,  88, 109, 110, 121, 122, 123, 130, 133, 134, 135, 136, 137, 140, 141, 142,
    152, 153, 165, 166, 167, 168, 169, 170, 173, 174, 175, 185, 186, 187,   2,   4,
      6,   7,   9,  24,  26,  27,  28,  30,  31,  32,  33,  34,  35,  36,  37,  38,
     39,  40,  42,  48,  54,  55,  56,  57,  58,  63,  64,  67,  73,  74,  75,  79,
     81,  85,  86,  87,  88, 110, 121, 123, 130, 133, 134, 135, 136, 137, 140, 141,
    142, 152, 153, 165, 166, 167, 168, 169, 170, 173, 174, 175, 185, 186, 187,   2,
      4,   6,   7,   9,  24,  26,  27,  28,  30,  31,  32,  33,  34,  35,  36,  37,
     38,  39,  40,  42,  48,  52,  54,  55,  56,  57,  58,  63,  64,  67,  73,  74,
     75,  79,  81,  85,  86,  87,  88, 110, 121, 123, 128, 130, 133, 134, 135, 136,
    137, 140, 141, 142, 152, 153, 165, 166, 167, 168, 169, 170, 173, 174, 175, 185,
    186, 187,   2,   4,   6,   7,   9,  24,  26,  27,  28,  30,  31,  32,  33,  34,
     35,  36,  37,  38,  39,  40,  42,  48,  54,  55,  56,  57,  58,  63,  64,  67,
     73,  74,  75,  79,  81,  85,  86,  87,  88, 110, 121, 123, 130, 133, 134, 135,
    136, 137, 140, 141, 142, 152, 153, 165, 166, 167, 168, 169, 170, 173, 174, 175,
    185, 186, 187,   2,   6,   7,   9,  24,  26,  27,  31,  34,  35,  36,  37,  38,
     39,  40,  42,  52,  60,  61,  74,  75,  79,  81,  85,  86, 121, 123, 128, 130,
    136, 168, 169, 170, 173, 175, 179,   1,   2,   6,   7,   9,  24,  26,  27,  31,
     34,  35,  36,  37,  38,  39,  40,  42,  43,  46,  48,  50,  51,  52,  53,  58,
     60,  61,  67,  74,  75,  79,  81,  85,  86,  88,  96,  97,  98,  99, 109, 114,
    117, 121, 122, 123, 124, 125, 126, 127, 128, 130, 135, 136, 137, 142, 148, 149,
    161, 168, 169, 170, 173, 175, 179, 185, 186, 187,   0,   1,   2,   4,   7,   8,
      9,  10,  11,  13,  16,  18,  22,  23,  24,  26,  28,  29,  32,  38,  45,  46,
     47,  48,  49,  50,  51,  52,  54,  55,  56,  57,  58,  59,  60,  61,  62,  63,
     64,  72,  73,  74,  79,  82,  84,  87,  88,  89,  90,  91,  92,  93,  94,  95,
     96,  97,  98,  99, 100, 101, 102, 103, 104, 105, 106, 107, 108, 109, 110, 111,
    112, 113, 114, 115, 116, 117, 118, 119, 120, 122, 124, 125, 126, 127, 128, 131,
    132, 133, 134, 135, 137, 138, 139, 140, 141, 142, 143, 144, 145, 146, 147, 148,
    149, 150, 151, 152, 153, 154, 155, 156, 157, 158, 159, 160, 161, 162, 163, 164,
    165, 166, 167, 168, 169, 170, 171, 172, 175, 179, 185, 186, 187,   1,   2,   4,
      6,   7,   8,   9,  10,  22,  23,  24,  25,  28,  29,  32,  34,  35,  36,  37,
     39,  40,  42,  43,  48,  57,  60,  62,  63,  67,  72,  73,  74,  75,  79,  81,
     82,  87,  88, 110, 134, 135, 136, 140, 165, 166, 167, 168, 169, 170, 171, 172,
    173, 174, 185, 186, 187,   1,   2,   4,   6,   7,   8,   9,  10,  22,  23,  24,
     25,  28,  29,  32,  34,  35,  36,  37,  39,  40,  42,  43,  48,  49,  52,  57,
     60,  62,  63,  67,  72,  73,  74,  75,  79,  81,  82,  87,  88, 110, 118, 119,
    120, 128, 134, 135, 136, 140, 143, 165, 166, 167, 168, 169, 170, 171, 172, 173,
    174, 185, 186, 187,   0,   2,   4,   6,   7,   9,  24,  25,  26,  27,  28,  29,
     30,  31,  32,  33,  34,  35,  36,  37,  38,  39,  40,  42,  47,  48,  49,  52,
     54,  55,  56,  58,  59,  60,  61,  62,  63,  64,  67,  73,  74,  75,  79,  81,
     82,  85,  86,  87,  88,  93,  94,  95, 101, 102, 103, 104, 105, 106, 107, 108,
    110, 112, 113, 114, 115, 116, 117, 118, 119, 120, 121, 123, 128, 130, 131, 132,
    133, 136, 137, 138, 139, 140, 141, 142, 143, 144, 146, 147, 150, 151, 152, 153,
    154, 155, 157, 158, 159, 160, 162, 163, 164, 165, 166, 167, 168, 169, 170, 171,
    172, 173, 174, 175, 185, 186, 187,   7,   8,  10,  24,  26,  29,  30,  31,  34,
     35,  36,  37,  38,  39,  40,  48,  82,  88, 136, 171, 172, 185, 186, 187,   6,
     24,  82, 169,   0,   1,   2,   4,   6,   7,   8,   9,  10,  22,  23,  24,  26,
     27,  29,  31,  34,  35,  36,  37,  38,  39,  40,  43,  45,  46,  47,  48,  49,
     50,  51,  52,  53,  54,  55,  56,  57,  58,  59,  60,  61,  62,  63,  64,  67,
     74,  82,  85,  86,  88,  89,  90,  91,  92,  93,  94,  95,  96,  97,  98,  99,
    101, 102, 103, 104, 105, 106, 107, 108, 109, 110, 111, 112, 113, 114, 115, 116,
    117, 118, 119, 120, 121, 122, 123, 124, 125, 126, 127, 128, 131, 132, 133, 134,
    135, 136, 137, 138, 139, 140, 141, 142, 143, 144, 145, 146, 147, 148, 149, 150,
    151, 152, 153, 154, 155, 156, 157, 158, 159, 160, 161, 162, 163, 164, 165, 166,
    167, 168, 169, 170, 171, 172, 185, 186, 187,   1,   2,   7,   9,  24,  46,  48,
     50,  53,  58,  63,  72,  74,  75,  88, 109, 110, 122, 137, 140, 165, 166, 167,
    168, 169, 170, 185, 186, 187,   2,   6,   7,  24,  26,  27,  28,  30,  31,  32,
     33,  34,  35,  36,  37,  38,  39,  40,  42,  43,  48,  52,  57,  58,  64,  67,
     73,  75,  82,  85,  86,  87,  88, 121, 123, 128, 134, 135, 136, 137, 141, 142,
    169, 170, 173, 174, 185, 186, 187,   2,   6,   7,  24,  26,  27,  28,  30,  31,
     32,  33,  34,  35,  36,  37,  38,  39,  40,  42,  43,  48,  57,  58,  64,  67,
     73,  75,  82,  85,  86,  87,  88, 121, 123, 134, 135, 136, 137, 141, 142, 169,
    170, 173, 174, 185, 186, 187,   2,   6,   7,  24,  26,  27,  28,  30,  31,  32,
     33,  34,  35,  36,  37,  38,  39,  40,  42,  48,  57,  58,  64,  67,  73,  74,
     75,  81,  82,  85,  86,  87,  88, 121, 123, 134, 135, 136, 137, 141, 142, 169,
    170, 173, 174, 185, 186, 187,   2,   4,   6,   7,   8,   9,  10,  22,  23,  24,
     25,  28,  29,  32,  34,  35,  36,  37,  38,  39,  42,  46,  48,  58,  60,  61,
     62,  63,  72,  73,  74,  75,  79,  81,  82,  87,  88, 110, 136, 137, 140, 165,
    166, 167, 168, 169, 170, 171, 172, 173, 174, 185, 186, 187,   2,   4,   6,   7,
      8,   9,  10,  22,  23,  24,  25,  28,  29,  32,  34,  35,  36,  37,  38,  39,
     42,  46,  48,  58,  60,  61,  62,  63,  72,  73,  74,  75,  79,  81,  82,  87,
     88, 110, 136, 137, 140, 165, 166, 167, 168, 169, 170, 171, 172, 173, 174, 185,
    186, 187,   2,   6,   7,  24,  26,  27,  28,  30,  31,  32,  33,  34,  35,  36,
     37,  38,  39,  40,  42,  43,  48,  57,  58,  64,  67,  73,  75,  82,  85,  86,
     87,  88, 121, 123, 134, 135, 136, 137, 141, 142, 169, 170, 173, 174, 185, 186,
    187,   2,   4,   6,   7,   9,  24,  26,  27,  28,  30,  31,  32,  33,  34,  35,
     36,  37,  38,  39,  40,  42,  48,  52,  54,  55,  56,  57,  58,  63,  64,  67,
     73,  74,  75,  79,  81,  85,  86,  87,  88, 110, 121, 123, 128, 130, 133, 134,
    135, 136, 137, 140, 141, 142, 152, 153, 165, 166, 167, 168, 169, 170, 173, 174,
    175, 185, 186, 187,   1,   2,   4,   6,   7,   8,   9,  10,  22,  23,  24,  25,
     28,  29,  32,  34,  35,  36,  37,  39,  40,  42,  43,  46,  48,  50,  53,  57,
     58,  60,  61,  62,  63,  67,  72,  73,  74,  75,  79,  81,  82,  87,  88, 109,
    110, 122, 134, 135, 136, 137, 140, 165, 166, 167, 168, 169, 170, 171, 172, 173,
    174, 185, 186, 187,   1,   2,   4,   6,   7,   8,   9,  10,  22,  23,  24,  25,
     28,  29,  32,  34,  35,  36,  37,  39,  40,  42,  43,  46,  48,  50,  53,  57,
     58,  60,  61,  62,  63,  67,  72,  73,  74,  75,  79,  81,  82,  87,  88, 109,
    110, 122, 134, 135, 136, 137, 140, 165, 166, 167, 168, 169, 170, 171, 172, 173,
    174, 185, 186, 187,   2,   6,   7,  24,  26,  27,  28,  30,  31,  32,  33,  34,
     35,  36,  37,  38,  39,  40,  42,  48,  52,  57,  58,  64,  67,  73,  74,  75,
     81,  82,  85,  86,  87,  88, 121, 123, 128, 134, 135, 136, 137, 141, 142, 169,
    170, 173, 174, 185, 186, 187,   2,   6,   7,  24,  26,  27,  28,  30,  31,  32,
     33,  34,  35,  36,  37,  38,  39,  40,  42,  48,  57,  58,  64,  67,  73,  74,
     75,  81,  82,  85,  86,  87,  88, 121, 123, 134, 135, 136, 137, 141, 142, 169,
    170, 173, 174, 185, 186, 187,   1,   2,   6,   7,  26,  27,  28,  30,  31,  32,
     33,  34,  35,  36,  37,  38,  39,  40,  42,  43,  46,  48,  50,  53,  57,  58,
     64,  67,  73,  74,  75,  81,  82,  85,  86,  87,  88, 109, 121, 122, 123, 134,
    135, 136, 137, 141, 142, 169, 170, 173, 174, 185, 186, 187,   1,   2,   6,   7,
     24,  26,  27,  28,  30,  31,  32,  33,  34,  35,  36,  37,  38,  39,  40,  42,
     43,  46,  48,  50,  53,  57,  58,  64,  67,  73,  74,  81,  82,  85,  86,  87,
     88, 109, 121, 122, 123, 134, 135, 136, 137, 141, 142, 169, 170, 173, 174, 185,
    186, 187,   2,   6,   7,  24,  26,  27,  28,  30,  31,  32,  33,  34,  35,  36,
     37,  38,  39,  40,  42,  48,  57,  58,  64,  67,  73,  74,  75,  81,  82,  85,
     86,  87,  88, 121, 123, 134, 135, 136, 137, 141, 142, 169, 170, 173, 174, 185,
    186, 187,   2,   6,   7,  24,  26,  27,  28,  30,  31,  32,  33,  34,  35,  36,
     37,  38,  39,  40,  42,  48,  52,  57,  58,  64,  67,  73,  74,  75,  81,  82,
     85,  86,  87,  88, 121, 123, 128, 134, 135, 136, 137, 141, 142, 169, 170, 173,
    174, 185, 186, 187,   2,   4,   6,   7,   8,   9,  10,  22,  23,  24,  25,  28,
     29,  32,  34,  35,  36,  37,  38,  39,  42,  46,  48,  58,  60,  61,  62,  63,
     72,  73,  74,  75,  79,  81,  82,  87,  88, 110, 136, 137, 140, 165, 166, 167,
    168, 169, 170, 171, 172, 173, 174, 185, 186, 187,   2,   4,   7,   9,  12,  16,
     18,  25,  28,  32,  45,  46,  47,  48,  49,  50,  51,  52,  53,  54,  55,  56,
     57,  58,  59,  60,  61,  62,  63,  64,  74,  79,  82,  87,  88,  89,  90,  91,
     92,  93,  94,  95,  96,  97,  98,  99, 100, 101, 102, 103, 104, 105, 106, 107,
    108, 109, 110, 111, 112, 113, 114, 115, 116, 117, 118, 119, 120, 122, 124, 125,
    126, 127, 128, 130, 131, 132, 133, 134, 135, 137, 138, 139, 140, 141, 142, 143,
    144, 145, 146, 147, 148, 149, 150, 151, 152, 153, 154, 155, 156, 157, 158, 159,
    160, 161, 162, 163, 164, 165, 166, 167, 168, 185, 186, 187,   2,   4,   6,   7,
      8,   9,  10,  22,  23,  24,  25,  28,  29,  32,  34,  35,  36,  37,  38,  39,
     42,  46,  48,  52,  58,  60,  61,  62,  63,  72,  73,  74,  75,  79,  81,  82,
     87,  88, 110, 128, 136, 137, 140, 165, 166, 167, 168, 169, 170, 171, 172, 173,
    174, 185, 186, 187,   2,   6,   7,  24,  26,  27,  28,  30,  31,  32,  33,  34,
     35,  36,  37,  38,  39,  40,  42,  43,  46,  48,  50,  53,  57,  58,  64,  67,
     73,  75,  82,  85,  86,  87,  88, 109, 121, 122, 123, 134, 135, 136, 137, 141,
    142, 169, 170, 173, 174, 185, 186, 187,   1,   2,   6,   7,  24,  26,  27,  28,
     30,  31,  32,  33,  34,  35,  36,  37,  38,  39,  40,  42,  43,  46,  48,  50,
     53,  57,  58,  64,  67,  73,  75,  82,  85,  86,  87,  88, 109, 121, 122, 123,
    134, 135, 136, 137, 141, 142, 169, 170, 173, 174, 185, 186, 187,   0,   1,   2,
      4,   6,   7,   8,   9,  10,  22,  23,  24,  26,  27,  29,  31,  34,  35,  36,
     37,  38,  39,  40,  43,  45,  46,  47,  48,  49,  50,  51,  52,  53,  54,  55,
     56,  57,  58,  59,  60,  61,  62,  63,  64,  67,  74,  82,  85,  86,  88,  89,
     90,  91,  92,  93,  94,  95,  96,  97,  98,  99, 101, 102, 103, 104, 105, 106,
    107, 108, 109, 110, 111, 112, 113, 114, 115, 116, 117, 118, 119, 120, 121, 122,
    123, 124, 125, 126, 127, 128, 131, 132, 133, 134, 135, 136, 137, 138, 139, 140,
    141, 142, 143, 144, 145, 146, 147, 148, 149, 150, 151, 152, 153, 154, 155, 156,
    157, 158, 159, 160, 161, 162, 163, 164, 165, 166, 167, 168, 169, 170, 171, 172,
    185, 186, 187,   0,   2,   6,   7,   8,  23,  24,  26,  27,  30,  31,  33,  34,
     35,  36,  37,  38,  39,  40,  42,  43,  52,  67,  75,  82,  85,  86, 121, 123,
    128, 136, 169, 170, 171, 172, 173, 174, 175,   2,   6,   7,   8,  10,  13,  14,
     15,  17,  19,  21,  22,  23,  26,  27,  28,  29,  30,  31,  32,  34,  35,  36,
     37,  38,  39,  40,  41,  43,  48,  51,  52,  54,  55,  56,  57,  58,  59,  60,
     61,  62,  64,  67,  82,  84,  85,  86,  87,  88,  96,  97,  98,  99, 106, 107,
    108, 121, 123, 124, 125, 126, 127, 128, 133, 134, 135, 136, 137, 138, 139, 141,
    142, 148, 149, 152, 153, 154, 155, 161, 169, 170, 171, 172, 176, 185, 186, 187,
      2,   6,   7,   8,  10,  13,  14,  15,  17,  19,  21,  22,  23,  26,  27,  28,
     29,  30,  31,  32,  34,  35,  36,  37,  38,  39,  40,  41,  43,  48,  51,  52,
     54,  55,  56,  57,  58,  59,  60,  61,  62,  64,  67,  82,  84,  85,  86,  87,
     88,  96,  97,  98,  99, 106, 107, 108, 121, 123, 124, 125, 126, 127, 128, 133,
    134, 135, 136, 137, 138, 139, 141, 142, 148, 149, 152, 153, 154, 155, 161, 169,
    170, 171, 172, 176, 185, 186, 187,   0,   4,   7,   8,   9,  10,  16,  19,  21,
     26,  29,  34,  35,  36,  37,  38,  39,  43,  45,  46,  47,  48,  49,  50,  51,
     52,  53,  54,  55,  56,  57,  58,  59,  60,  61,  62,  64,  65,  68,  74,  82,
     83,  84,  88,  89,  90,  91,  92,  93,  94,  95,  96,  97,  98,  99, 101, 102,
    103, 104, 105, 106, 107, 108, 109, 111, 112, 113, 114, 115, 116, 117, 118, 119,
    120, 122, 124, 125, 126, 127, 128, 130, 131, 132, 133, 134, 136, 137, 138, 139,
    141, 142, 143, 144, 145, 146, 147, 148, 149, 150, 151, 152, 153, 154, 155, 156,
    157, 158, 159, 160, 161, 162, 163, 164, 168, 171, 172, 185, 186, 187,   0,   4,
      8,   9,  10,  13,  14,  16,  19,  21,  22,  23,  26,  29,  30,  34,  36,  37,
     38,  39,  40,  45,  46,  47,  48,  49,  50,  51,  52,  53,  54,  55,  56,  57,
     58,  59,  60,  61,  62,  63,  64,  65,  68,  74,  77,  80,  82,  83,  84,  88,
     89,  90,  91,  92,  93,  94,  95,  96,  97,  98,  99, 100, 101, 102, 103, 104,
    105, 106, 107, 108, 109, 110, 111, 112, 113, 114, 115, 116, 117, 118, 119, 120,
    121, 122, 124, 125, 126, 127, 128, 129, 130, 131, 132, 133, 134, 135, 136, 137,
    138, 139, 140, 141, 142, 143, 144, 145, 146, 147, 148, 150, 151, 152, 153, 154,
    155, 156, 157, 158, 159, 160, 161, 162, 163, 164, 165, 166, 167, 168, 169, 171,
    172, 185, 186, 187,   0,   2,   4,   5,   6,   7,   9,  12,  13,  14,  15,  16,
     17,  18,  19,  20,  21,  24,  25,  26,  28,  29,  32,  33,  34,  35,  36,  37,
     38,  39,  40,  42,  45,  46,  47,  48,  49,  51,  52,  54,  55,  56,  58,  59,
     60,  61,  62,  63,  64,  65,  66,  67,  68,  72,  74,  75,  79,  84,  87,  88,
     89,  90,  91,  92,  93,  94,  95,  96,  97,  98,  99, 100, 101, 102, 103, 104,
    105, 106, 107, 108, 110, 111, 112, 113, 114, 115, 116, 117, 118, 119, 120, 124,
    125, 126, 127, 128, 130, 131, 132, 133, 136, 137, 138, 139, 140, 141, 142, 143,
    144, 145, 146, 147, 148, 149, 150, 151, 152, 153, 154, 155, 156, 157, 158, 159,
    160, 161, 162, 163, 164, 165, 166, 167, 168, 169, 170, 176, 185, 186, 187,   0,
      2,   4,   5,   6,   7,   9,  12,  13,  14,  15,  16,  17,  18,  19,  20,  21,
     24,  25,  26,  28,  29,  32,  33,  34,  35,  36,  37,  38,  39,  40,  42,  45,
     46,  47,  48,  49,  51,  52,  54,  55,  56,  58,  59,  60,  61,  62,  63,  64,
     65,  66,  67,  68,  72,  74,  75,  79,  84,  87,  89,  90,  91,  92,  93,  94,
     95,  96,  97,  98,  99, 100, 101, 102, 103, 104, 105, 106, 107, 108, 110, 111,
    112, 113, 114, 115, 116, 117, 118, 119, 120, 124, 125, 126, 127, 128, 130, 131,
    132, 133, 136, 137, 138, 139, 140, 141, 142, 143, 144, 145, 146, 147, 148, 149,
    150, 151, 152, 153, 154, 155, 156, 157, 158, 159, 160, 161, 162, 163, 164, 165,
    166, 167, 168, 169, 170, 176, 185, 186, 187,  48,  58,  67,  88, 137, 185, 186,
    187,   6,  48,  58,  67,  88, 137, 185, 186, 187,  26,  33,  34,  36,  37,  38,
     39,  40,  48,  57,  58,  60,  61,  62,  63,  64,  88, 110, 134, 135, 136, 137,
    140, 141, 142, 165, 166, 167, 185, 186, 187,   0,   1,   2,   4,   5,   6,   7,
      8,   9,  10,  13,  16,  18,  19,  22,  23,  24,  43,  65,  67,  68,  74,  82,
     83, 168, 170, 171, 172,  19,  21,  46,  48,  50,  51,  52,  58,  59,  88,  96,
     97,  98,  99, 106, 107, 108, 109, 122, 124, 125, 126, 127, 128, 137, 138, 139,
    148, 149, 154, 155, 161, 185, 186, 187,  34,  40,  48,  51,  52,  58,  61,  88,
     96,  97,  98,  99, 124, 125, 126, 127, 128, 136, 137, 148, 149, 161, 185, 186,
    187,  16,  16,  19,  16,  19,  21,  19,  21,   0,   1,   2,   4,   6,   7,   8,
      9,  10,  24,  25,  26,  27,  28,  29,  30,  31,  32,  33,  34,  35,  36,  37,
     38,  39,  40,  42,  43,  45,  47,  48,  51,  52,  54,  55,  56,  58,  60,  61,
     66,  67,  72,  73,  74,  75,  77,  78,  79,  80,  81,  85,  86,  87,  88,  89,
     90,  91,  92,  93,  94,  95,  96,  97,  98,  99, 100, 101, 103, 104, 105, 106,
    108, 110, 111, 112, 113, 114, 115, 116, 117, 118, 119, 120, 121, 122, 123, 124,
    125, 126, 127, 128, 130, 131, 132, 133, 134, 135, 136, 137, 138, 139, 140, 141,
    142, 143, 144, 145, 146, 147, 148, 149, 150, 151, 152, 153, 154, 155, 156, 158,
    159, 160, 161, 162, 163, 164, 165, 166, 167, 168, 169, 170, 171, 172, 173, 174,
    175, 178, 179, 185, 186, 187,   2,   4,   6,   7,   8,   9,  10,  22,  23,  24,
     25,  28,  29,  32,  34,  35,  36,  37,  38,  39,  42,  46,  48,  58,  60,  61,
     62,  63,  72,  73,  74,  75,  79,  81,  82,  87,  88, 110, 136, 137, 140, 165,
    166, 167, 168, 169, 170, 171, 172, 173, 174, 185, 186, 187,
};

static const int8_t libron_18_bolditalicKernSparseValues[] = {
     -19,  -18,   -7,   -7,   -9,  -14,  -18,  -17,  -19,  -20,  -16,  -12,  -18,  -16,   -5,  -17,
     -16,   -9,   -5,  -16,  -16,   -9,  -37,   -9,    3,    2,   -9,   -9,   -9,  -19,  -19,  -14,
     -14,  -19,  -16,  -16,  -16,  -19,  -14,    1,    2,  -65,  -38,  -65,    3,  -15,    1,    1,
     -41,  -47,    1,    2,    3,   17,   11,    4,   10,    3,  -22,   28,  -11,    3,   -8,   20,
      -2,   14,   -2,   -2,   -2,   -3,    3,   -3,   -2,   -2,  -15,   -6,   -6,    2,   -3,  -32,
       1,   -3,  -51,  -54,    3,  -22,  -22,  -22,  -22,  -17,  -22,  -17,    7,   -2,    2,    9,
     -22,  -11,  -11,  -21,  -11,   -3,   -3,   -3,   40,  -22,  -21,  -11,  -19,  -22,  -22,  -20,
     -14,  -14,   -8,   31,    2,    3,   -2,   10,    7,  -11,  -11,   -2,   -2,    2,    4,   -3,
      -3,   -6,  -10,  -14,  -11,  -38,    2,  -22,   46,    1,  -11,  -11,    6,   -2,   -3,   -3,
     -35,  -11,  -23,   15,  -21,   -2,  -11,    3,  -11,  -38,  -65,  -65,    3,    3,    3,  -22,
      -8,  -10,    6,    1,    4,    3,    1,  -14,  -13,  -32,  -22,    5,  -40,   14,   16,    2,
       2,    2,   12,    3,    5,   -1,   12,    1,    1,   14,   14,   14,   14,    1,   12,   12,
      12,    1,    1,   14,   14,   14,   14,   16,    2,  -13,   12,   12,    1,   14,   14,    2,
       2,   12,   12,   14,   -3,   -2,   -1,    4,  -14,  -16,    1,  -11,  -36,  -12,  -14,  -19,
     -17,   -4,   -7,  -16,   -9,  -15,    8,    5,    1,    5,  -18,   24,  -20,   29,   16,  -12,
      42,   11,  -18,  -18,  -18,  -12,   -4,  -19,  -15,  -15,   -8,  -14,  -16,  -10,  -14,  -22,
     -15,  -15,   29,  -18,  -18,  -18,  -18,  -18,  -20,  -20,   -6,  -12,  -12,   -9,  -20,  -20,
     -20,  -20,  -20,  -19,  -19,  -19,   17,  -14,  -18,  -20,  -20,  -20,  -20,  -20,  -20,    7,
     -12,  -12,   -9,  -12,   42,    3,  -20,  -20,  -18,  -12,  -10,   -4,  -19,  -19,  -14,  -16,
     -16,  -20,  -17,   -4,  -20,   30,  -12,  -13,  -20,   -6,  -18,  -17,  -19,  -12,  -20,  -20,
      11,  -20,  -12,  -20,    2,  -20,  -14,  -14,  -14,  -36,  -12,  -12,    1,   29,   29,   29,
     -15,  -16,  -19,  -11,  -10,  -10,   -8,   -9,  -17,  -13,  -18,  -66,  -27,  -66,    2,    1,
      -7,   -2,    1,    2,   -2,   -2,   -2,  -37,  -12,  -52,  -15,  -12,    2,   -1,  -16,  -12,
     -23,  -19,    1,  -16,  -12,   -3,   14,   -4,   -2,   -1,   -1,   -1,   -1,   -1,   13,   -1,
      -7,   -1,  -18,   -3,  -17,   -7,  -50,  -56,  -12,  -12,   14,  -12,  -12,  -12,  -12,   -3,
      -2,   -3,   -2,   -2,    6,    3,   -1,   -3,   -3,   -3,   -3,   -3,   -1,   -1,   -1,  -12,
      -1,   -3,   -3,   -3,   -3,   -3,   -3,   -4,   -4,  -11,    6,  -12,    4,   -2,   -2,   11,
     -10,   -5,   -3,   -3,   -1,    4,   -1,    2,    4,   -1,   -1,   -1,   -1,   -4,   -3,  -12,
      -3,   -2,    5,   -3,   -3,   -1,   -1,   -1,   -1,  -12,   -3,   -3,   -2,   -2,   -2,   -3,
      -3,   -3,  -27,  -66,  -66,   14,   14,   14,  -14,  -72,   -8,  -18,   -4,  -86,  -52,  -22,
      -4,   -5,   -1,   -3,   -1,  -21,  -34,   -7,  -24,  -38,  -19,    4,  -31,    3,  -29,   -9,
    -114,  -32,  -60,  -91,    2, -119,   -3,  -49,    4,   -3,  -11,  -13,   12,   -5,  -25,   13,
     -29,  -29,  -29,  -26,  -29,  -28,  -27,    1, -113,  -14,  -16,   -4,   -3,  -28,  -16,  -72,
     -17,   16,  -50,   12,   -3,   -3,   -3,   -3,  -13,  -13,  -13,  -25,  -25,  -25,  -25,  -12,
     -13,  -13,  -13,  -13,  -25,  -29,  -29,  -29, -113,   -3,  -13,  -13,  -13,  -13,  -13,  -13,
      -5,   -5,   -5,  -25,  -25,  -25,  -25,   13,  -13,  -13,  -13,  -29, -112,  -26,  -29,  -29,
    -113,  -14,  -14,   -5,  -25,   -3,  -13,  -13,  -25,  -25,  -13,  -13,  -29,  -29,  -29,  -29,
      -3,  -13,  -13,  -13,  -13,  -25,  -13,  -13,  -13, -113, -113, -113,  -52, -128, -128, -128,
      12,   12,   12,  -51,  -36,  -57,   -9,   -9,  -29,  -20,   -9,   -4,  -17,  -22,  -15,  -15,
     -20,  -19,   -5,  -15,  -18,  -20,   -1,  -55,  -15,  -47,  -34,  -34,  -62,  -21,   -5,  -31,
     -31,  -15,  -17,   -7,   -7,   -7,   -5,  -20,  -13,   -6,   -5,   -9,   -8,  -28,  -22,  -26,
     -19,  -19,   -1,  -31,  -15,  -15,  -15,  -15,  -13,  -13,  -13,  -19,  -19,  -15,  -15,  -15,
     -15,  -17,   -7,   -5,   -5, -105,  -20,  -13,  -13,   -8,   -8,  -15,  -15,   -7,   -7,  -13,
     -13,  -15,  -55,  -49,   -9,   -9,  -50,  -31,  -31,  -31,  -14,  -72,   -8,  -18,   -4,  -86,
     -26,  -22,   -4,   -5,   -1,   -3,   -1,  -21,  -34,   -7,  -24,  -38,  -19,    2,  -31,    2,
     -29,   -9,  -57,  -32,  -60,  -45,    2,  -60,   -3,  -49,   -3,  -11,  -13,  -21,   -5,  -25,
     -21,  -29,  -29,  -29,  -26,  -29,  -28,  -27,    1,  -56,  -14,  -16,   -4,   -3,  -28,  -16,
     -72,  -17,    8,  -57,  -21,   -3,   -3,   -3,   -3,  -13,  -13,  -13,  -25,  -25,  -25,  -25,
     -12,  -13,  -13,  -13,  -13,  -13,  -29,  -29,  -29,  -56,   -3,  -13,  -13,  -13,  -13,  -13,
     -13,   -5,   -5,   -5,  -25,  -25,  -25,  -25,  -21,  -13,  -13,  -13,  -29, -112,  -26,  -29,
     -29,  -56,  -14,  -14,   -5,  -13,   -3,  -13,  -13,  -25,  -25,  -13,  -13,  -29,  -29,  -29,
     -29,   -3,  -13,  -13,  -13,  -13,  -25,  -13,  -13,  -13,  -56,  -56,  -56,  -26,  -90,  -84,
     -76,  -21,  -21,  -21,   -9,  -42,  -42,  -87,   -8,   -4,   -4,  -30,  -27,    4,    3,    3,
     -39,   20,  -36,  -18,   13,    8,   -4,   -4,   -4,  -34,   -8,   -3,   -3,  -18,   -2,  -11,
     -36,  -39,  -39,  -39,  -39,  -36,  -36,  -36,  -36,  -36,  -36,  -36,  -36,   -8,   -8,   -8,
      13,   -2,  -39,  -36,  -36,  -36,  -36,  -36,  -36,  -18,  -18,  -18,   13,  -36,  -36,   -4,
     -34,  -34,   -8,   -8,   -2,  -11,  -11,  -18,  -36,  -39,  -36,  -36,  -36,  -36,   -4,   -4,
      -8,   -8,  -39,  -36,  -36,  -36,  -36,  -36,  -36,  -36,   -2,   -2,   -2,  -42,  -42,  -16,
     -10,   -5,   -3,  -11,   -8,   -2,   -8,   -9,   -2,   -9,  -30,  -23,  -11,  -34,   -2,  -13,
     -12,  -23,   -4,   -8,   -8,   -8,   -8,   -2,  -13,   -3,  -16,  -18,  -14,   -2,  -10,   -1,
     -13,  -21,   -8,  -10,    4,  -18,  -17,   -4,  -15,  -17,  -22,  -20,    2,  -21,   -4,   -8,
     -26,  -10,  -12,  -14,  -10,  -17,  -15,  -18,  -11,  -13,  -13,   -4,   -3,   -4,  -20,   -5,
      -1,  -23,   -5,   -2,   -2,  -15,  -10,   -6,   -5,  -20,  -15,  -38,  -30,  -39,   -3,  -14,
     -32,   -4,  -20,   -5,  -20,  -15,  -18,  -18,   -7,   -4,  -16,  -15,  -19,   -3,   -3,   -7,
      -5,  -14,  -10,   -2,   -2,   -2,   -6,   -6,   -6,   -6,  -17,  -14,  -32,  -27,   -4,  -33,
      -4,  -12,   -7,   -7,  -28,  -15,   -6,   -6,   -6,   -6,   -6,  -17,  -13,  -16,   -3,   -3,
     -15,  -19,   -3,  -21,   -8,   -5,   -3,    3,  -11,   -6,   -1,   -1,  -21,   -8,  -32,  -24,
     -32,   -4,   -8,  -22,  -22,  -21,  -18,  -11,  -17,   -6,   -5,   -6,   -6,   -2,   -1,   -4,
      -5,   -3,   -3,   -2,   -4,   -3,   -5,   -1,   -5,   -4,   -1,   -5,   -3,   -5,   -6,   -6,
     -13,  -16,    1,    1,   -4,   -6,  -11,  -11,   -2,  -18,   -4,  -20,  -15,   -4,  -19,  -19,
     -17,  -18,  -17,  -13,    1,    1,  -15,   -5,    2,   10,  -36,  -27,  -36,  -21,   10,  -13,
      -2,   -3,    2,    1,  -33,  -31,   11,    8,    3,    9,   -7,    1,  -22,  -27,    1,  -36,
     -36,   -6,  -13,   -7,   -9,   -3,   -6,   -1,   -2,   -1,   -1,   -1,   -6,  -10,  -25,  -20,
      -4,  -25,   -1,  -23,   -1,   -6,  -17,   -8,   -9,   -9,   -3,   -2,   -1,   -3,  -19,  -10,
     -10,  -10,  -11,   -1,   -8,  -28,  -22,  -17,  -32,   -3,  -14,  -13,  -22,  -10,  -10,  -10,
     -10,   -1,   -9,   -9,   -4,   -3,  -14,  -14,   -6,   -3,   -1,   -3,  -12,   -7,  -11,  -32,
     -23,  -40,  -14,    2,    3,    9,   -7,   -1,   -6,    2,    3,    3,    3,    3,    3,    3,
       3,    3,    9,   -5,  -13,    3,    3,    3,  -14,   -4,   -3,   -2,    2,    2,    2,   -4,
      -3,  -14,  -14,   -6,   -3,   -1,   -3,  -12,   -7,  -11,  -32,  -23,  -40,  -14,   15,    3,
      37,   -7,   -2,   -6,   15,    3,    3,    3,    3,    3,    3,    3,    3,   37,   -5,  -13,
       3,    3,    3,  -14,   -4,   -3,   -2,   15,   15,   15,  -18,   -1,  -10,  -15,  -15,   -2,
     -29,  -29,  -19,   -2,   -2,   -7,   -8,   -5,   -6,   -8,   -5,   -9,  -35,  -26,  -12,  -40,
      -6,    2,    5,    7,    1,    1,    1,    3,    4,    8,    7,    1,  -10,   -8,   -8,    2,
       5,    5,    5,    5,    3,    3,    3,    7,   -8,   -8,    5,    5,    5,    5,    7,    1,
      -5,    3,    3,    7,    1,    1,    5,    5,    1,    1,    3,    3,    5,    7,    7,    7,
      -2,   -2,    2,    2,    2,  -20,   -5,  -51,  -18,  -59,  -26,    4,  -31,   -5,  -12,  -21,
     -10,  -28,  -37,  -18,  -21,  -42,  -22,   -4,  -36,    2,  -34,  -16,  -56,  -34,  -56,  -40,
     -64,   -6,  -44,    4,  -10,  -18,  -19,  -33,   -9,  -15,  -18,  -20,  -20,  -20,   -7,  -26,
     -22,  -27,  -26,  -38,   -7,   -2,  -29,  -38,  -26,  -47,  -25,  -34,   -4,  -50,  -33,  -10,
     -10,  -10,  -10,  -19,  -19,  -19,  -15,  -15,  -15,  -15,  -17,  -19,  -19,  -19,  -19,  -28,
     -22,  -22,  -22,  -38,  -10,  -19,  -19,  -19,  -19,  -19,  -19,   -9,   -9,   -9,  -15,  -15,
     -15,  -15,  -18,   -8,  -14,  -19,  -19,  -20,   -7,   -7,  -56,  -26,  -22,  -22,  -38,   -7,
      -7,   -9,  -28,  -10,  -19,  -19,  -15,  -15,  -19,  -19,  -20,  -20,  -22,  -22,  -10,  -19,
     -19,  -19,  -19,  -15,  -19,  -19,  -19,  -38,  -38,  -38,  -26,  -55,  -58,  -56,  -49,  -16,
     -33,  -33,  -33,  -13,   -9,   -8,   -3,  -16,   -9,   -2,   -1,   -2,   -6,   -6,  -25,  -17,
     -10,  -27,   -3,   -6,   -2,   -2,   -4,   -4,   -1,   -2,   -2,   -2,   -2,   -1,   -2,   -3,
      -2,   -1,   -4,   -8,   -6,   -9,   -2,   -2,   -4,   -2,   -2,   -2,   -1,   -1,   -1,   -1,
      -2,   -2,   -2,   -2,   -2,   -2,   -3,   -3,   -3,   -4,   -2,   -2,   -2,   -2,   -2,   -2,
      -4,   -4,   -4,   -2,   -2,   -1,   -1,   -1,   -1,   -2,   -1,   -2,   -2,   -2,   -1,   -1,
      -6,   -2,   -3,   -3,   -4,   -8,   -8,   -4,   -2,   -2,   -2,   -1,   -1,   -2,   -2,   -2,
      -2,   -3,   -3,   -2,   -2,   -2,   -2,   -1,   -2,   -2,   -2,   -4,   -4,   -4,   -1,   -9,
      -1,   -4,   -4,   -4,   -5,   -6,    1,   -1,  -10,   -8,   -2,   -7,   -1,   -2,   -2,   -3,
      -4,   -2,   -3,   -2,   -2,   -2,   -1,   -3,   -4,   -4,   -2,   -3,   -3,   -3,   -4,   -2,
      -2,   -2,   -6,  -20,  -14,   -4,   -4,  -10,   -1,   -1,   -5,   -3,  -24,  -11,   -7,  -10,
      -6,   -7,   -5,   -6,  -32,  -21,  -34,  -41,   -7,   -7,  -16,   -1,   -2,   -2,   -2,   -1,
      -1,   -1,  -14,   -6,  -15,   -7,   -7,   -2,   -2,   -7,   -2,   -7,   -1,   -1,   -5,   -1,
      -1,   -1,   -4,   -4,   -4,  -13,   -2,   -2,   -2,   -1,   -2,   -8,   -6,   -2,   -2,    2,
      -2,   -2,   -5,   -3,   -4,   -4,   -4,   -1,   -7,   -4,   -4,   -8,   -9,   -2,   -5,   -5,
      -5,   -5,   -7,   -7,   -7,   -8,   -2,   -2,   -2,    1,   -5,   -5,   -5,   -5,   -3,   -4,
      -1,   -7,   -7,   -8,   -9,   -9,   -2,   -9,   -5,   -4,   -4,   -7,   -7,    6,   -5,    5,
      -8,   -8,   -8,   -1,   -2,   -2,   -2,  -17,    1,    3,  -15,    2,  -52,  -38,  -52,  -24,
       1,  -16,    1,    1,   -2,   -2,   12,  -35,   -4,  -35,   -1,   -4,   -1,    2,   -2,  -27,
      21,  -23,   -1,  -18,   14,   -4,   -3,   10,   -7,   -7,   -4,  -17,   -2,   -7,   -4,   -4,
     -21,   -8,  -16,    1,    2,  -24,    1,  -33,    1,   -4,  -51,   -4,   -1,  -27,  -27,  -27,
     -27,  -23,  -23,  -23,   -1,   -4,   -1,    2,   -3,  -23,  -23,  -23,  -23,  -23,   -7,   -7,
      -7,   14,   -7,  -27,  -23,  -23,  -23,  -23,  -23,  -23,  -16,  -18,  -18,   12,   -2,   -3,
      -3,   -5,    2,   -2,    4,  -23,  -23,   -7,   -9,  -11,    2,   -3,   -7,   -7,   -8,  -16,
     -16,  -18,  -24,  -27,  -15,  -23,   20,   -1,  -19,  -23,   -5,   -7,   -7,   -7,  -20,  -23,
     -23,   19,  -23,   -4,  -23,   10,  -23,   -8,   -8,   -8,  -38,    4,    1,  -52,  -52,    1,
       1,  -11,    1,    1,   -1,   -1,   -1,   -6,  -17,  -19,   -4,   -1,    1,  -10,   -7,  -22,
      -1,   -1,  -15,   -4,  -21,  -14,   -5,  -24,   -4,  -10,  -14,    1,    1,    1,    1,    1,
      -9,    1,    2,    2,    1,   -6,   -1,  -14,    1,    1,    1,    1,    1,    1,    1,    1,
       1,    1,    1,    1,    1,    1,  -15,   -9,    1,    1,    1,    1,    1,    1,    1,    1,
       1,    1,    1,    1,    1,  -15,  -15,  -16,  -14,  -14,  -14,  -14,    1,   -8,    2,  -19,
      -7,   -8,   -9,   -9,   -7,   -6,  -13,   15,  -15,  -15,  -12,    8,   -8,   -8,    6,  -13,
     -13,  -13,   -9,  -13,  -12,  -11,  -10,   -1,  -21,  -12,  -20,  -17,  -10,   -6,  -15,  -13,
     -13,  -13,  -13,  -15,  -15,  -15,  -13,  -16,   -8,   -8,   -9,  -15,  -15,  -15,  -15,  -15,
     -12,  -12,  -12,   17,  -21,  -13,  -15,  -15,  -15,  -15,  -15,  -15,  -12,  -12,  -12,   10,
      -8,   -8,   -8,  -16,   -8,   -1,  -15,  -15,  -13,  -17,  -17,  -13,  -12,  -12,  -21,  -12,
     -12,  -12,  -15,  -13,  -27,  -15,    3,   -8,  -29,  -15,  -25,  -13,  -12,  -12,  -13,  -15,
     -15,  -22,  -15,   -8,  -15,  -26,  -15,  -21,  -21,  -21,  -19,  -15,  -15,  -15,    1,   -8,
       2,  -19,   -7,   -8,   -9,   -9,   -7,   -6,  -13,   15,  -15,  -15,  -12,    8,   -8,   -8,
       6,  -13,  -13,  -13,   -9,  -13,  -12,  -11,  -10,   -1,  -21,  -12,  -20,  -17,  -10,   -6,
     -15,  -13,  -13,  -13,  -13,  -15,  -15,  -15,  -13,  -16,   -8,   -8,   -9,  -15,  -15,  -15,
     -15,  -15,  -12,  -12,  -12,   18,  -21,  -13,  -15,  -15,  -15,  -15,  -15,  -15,  -12,  -12,
     -12,   10,   -8,   -8,   -8,  -16,   -8,   -1,  -15,  -15,  -13,  -17,  -17,  -13,  -12,  -12,
     -21,  -12,  -12,  -12,  -15,  -13,  -27,  -15,    3,   -8,  -29,  -15,  -25,  -13,  -12,  -12,
     -13,  -15,  -15,  -22,  -15,   -8,  -15,  -26,  -15,  -21,  -21,  -21,  -19,  -15,  -15,  -15,
       1,    2,   -8,    8,  -16,  -15,  -16,   -4,   -2,   -3,   -3,   -4,   -4,    1,   -4,  -17,
      -2,  -12,   -2,  -16,   26,  -16,   -9,  -15,   18,   -2,   -2,   14,   -7,   -7,   -7,  -18,
      -8,   -6,   -7,   -6,  -11,  -12,  -17,  -16,  -12,  -18,  -20,   -2,   -9,  -16,  -16,  -16,
     -16,  -16,  -16,  -16,   -1,   -5,   -2,   -2,   -5,  -16,  -16,  -16,  -16,  -16,   -6,   -6,
      -6,   37,  -12,  -16,  -16,  -16,  -16,  -16,  -16,  -16,  -15,  -15,  -15,   24,   -2,   -2,
      -2,   -5,   -2,    5,  -16,  -16,   -7,  -37,  -35,  -19,   -6,   -6,  -12,  -17,  -17,  -15,
     -16,  -31,  -26,  -16,   20,   -2,  -31,  -16,  -13,   -7,   -6,   -6,  -16,  -16,  -16,  -16,
     -16,   -2,  -16,  -21,  -16,  -12,  -12,  -12,  -15,    1,  -16,  -16,    3,   -9,   -9,   -9,
     -14,    1,   -8,    3,  -34,    4,  -14,   -5,  -18,   -5,  -16,   -3,   -5,   -5,   -3,  -14,
      -6,  -37,  -34,   -5,   -5,   -2,  -14,   -5,  -16,    3,  -11,   16,  -24,  -39,  -10,    9,
     -15,  -17,    7,  -23,  -23,  -23,   -4,  -25,  -28,  -32,  -31,   -3,  -52,   -7,  -13,   -3,
     -27,   -6,  -32,   -2,    1,   -5,  -57,  -39,  -11,  -11,  -11,  -11,  -24,  -24,  -24,  -28,
     -29,  -15,  -15,  -15,  -24,  -24,  -24,  -24,  -41,  -28,  -28,  -28,   18,  -52,  -11,  -24,
     -24,  -24,  -24,  -24,  -24,  -10,  -10,  -10,   11,  -15,  -15,  -15,  -29,  -17,   -3,   -4,
     -24,  -24,  -23,   -4,   -4,   -5,  -57,  -28,  -28,  -52,   -7,   -7,  -10,  -41,  -11,  -44,
     -24,   -4,  -15,  -48,  -24,  -44,  -23,  -28,  -28,  -11,  -24,  -24,  -37,  -24,  -15,  -24,
     -42,  -24, -104,  -52,  -52,  -34,   -6,   -5,  -28,  -39,  -39,  -39,  -18,  -62,  -65,    6,
       6,   -1,   -7,   -8,    1,  -31,  -20,    7,    7,  -38,   -4,    2,   -4,   -1,  -59,  -11,
     -52,  -36,   -2,  -64,   -4,  -25,  -18,  -12,   -1,  -14,  -14,  -14,  -17,  -13,  -15,  -14,
     -17,   -8,   -2,  -11,   12,  -40,   -8,   -4,  -18,  -12,  -12,  -12,  -12,  -13,  -13,  -13,
     -17,  -12,  -12,  -12,  -12,   -1,  -14, -114,  -17,  -13,  -13,  -17,   -8,   -8,  -12,  -12,
     -14,  -14,  -13,  -13,  -12,  -17,  -17,  -17,  -56,  -51,    6,    6,  -54,  -52,  -18,  -18,
     -18,   -9,   -1,  -18,  -10,   -8,  -11,   -4,   -1,   -4,   -2,  -10,  -10,   -9,   -1,  -12,
       4,  -14,  -22,  -10,  -10,  -11,  -13,  -13,  -13,   -7,  -18,  -13,  -13,  -12,  -23,  -10,
     -19,  -16,   -8,   -9,  -22,  -12,  -12,  -12,  -12,  -14,  -14,  -14,  -10,  -10,  -10,  -10,
     -12,  -14,  -14,  -14,  -14,  -14,  -13,  -13,  -13,    2,  -23,  -12,  -14,  -14,  -14,  -14,
     -14,  -14,  -10,  -10,  -10,  -10,  -10,  -10,  -10,  -11,   -4,  -14,  -14,  -13,   -7,   -7,
     -18,  -13,  -13,  -23,  -10,  -10,  -10,  -14,  -12,  -14,  -14,   -3,  -10,  -14,  -14,  -13,
     -13,  -13,  -13,  -12,  -14,  -14,  -14,  -14,  -10,  -14,  -14,  -14,  -23,  -23,  -23,  -18,
      -5,   -5,   -2,  -22,  -22,  -22,    2,   -8,    4,  -12,  -16,  -12,   -4,   -5,   -7,   -3,
      -7,   -8,   -5,   -4,   -4,   -4,  -13,   23,  -14,  -11,  -13,   16,   -5,   -4,   11,  -10,
     -10,  -10,  -16,  -10,   -8,   -8,   -8,  -10,  -15,  -18,  -17,  -14,  -17,   -5,   -4,  -11,
     -13,  -13,  -13,  -13,  -14,  -14,  -14,   -8,  -11,   -5,   -9,   -6,  -14,  -14,  -14,  -14,
     -14,   -8,   -8,   -8,   32,  -15,  -13,  -14,  -14,  -14,  -14,  -14,  -14,  -13,  -13,  -13,
      22,   -5,   -5,   -5,  -11,   -4,    4,  -14,  -14,  -10,  -32,  -31,  -23,   -8,   -8,  -15,
     -18,  -18,  -13,  -14,  -13,  -25,  -14,   13,   -5,  -28,  -14,  -18,  -10,   -8,   -8,  -13,
     -14,  -14,  -17,  -14,   -5,  -14,  -21,  -14,  -15,  -15,  -15,  -16,  -12,  -12,  -11,  -11,
     -11,   -9,  -19,  -16,   -4,   -4,  -10,   -1,   -1,   -5,   -1,  -25,   -9,   -6,   -7,   -5,
      -6,   -6,   -6,  -33,  -22,  -32,  -42,   -7,   -8,  -15,   -1,   -2,   -2,   -2,   -2,   -1,
     -14,   -5,  -12,   -6,   -6,   -2,   -2,   -6,   -2,   -6,   -2,   -2,   -6,   -1,   -1,   -6,
      -1,   -4,   -4,  -14,   -2,   -2,   -2,  -16,  -11,  -14,  -54,  -27,  -54,  -18,   -2,    1,
     -29,   -7,  -42,  -10,   -7,    1,  -17,  -14,  -36,  -13,   -9,   -8,   -2,    1,   -1,    3,
       4,    1,   -3,   -9,    1,    1,  -16,  -16,  -49,   -7,   -7,    1,   -8,   -8,   -8,   -8,
      -2,   -2,   -2,    3,    3,    3,    3,   -1,   -2,   -2,   -2,   -2,   -2,   -8,   -1,   -2,
      -2,   -2,   -2,   -2,   -1,   -1,   -1,   -7,    3,   -7,    3,    3,    3,    3,    4,   -4,
      -7,   -2,   -2,    1,    1,   -1,   -2,   -8,   -2,   -2,    3,    3,   -2,   -2,   -8,   -2,
      -2,   -2,   -2,    3,   -2,   -2,   -2,  -27,    2,    2,  -54,  -54,    2,    1,    1,    1,
      -9,  -10,  -16,    2,   -4,  -10,   -1,   -1,   -5,   -1,    8,  -25,   -9,   -6,   -7,   -5,
      -6,   -6,   -6,  -33,  -22,  -32,  -42,   -7,   -8,   -4,   12,   -1,   -2,   -2,    8,   -2,
      -2,   -1,    1,   -3,   -5,  -12,   -6,   -6,   -2,   -2,   -6,   -2,   -6,    8,   -2,   -2,
      -6,   -1,   -1,   -6,   -1,   -3,   -3,  -14,   -2,   -2,   -2,   -3,  -13,  -10,  -21,    1,
     -23,    1,    3,  -10,  -10,  -10,  -13,   -6,   -5,  -22,   -9,   -7,    4,   -7,  -10,  -12,
     -29,  -20,   -1,  -28,  -12,   -3,  -10,   -3,   -1,   -1,   -3,   -3,   -3,   -4,   -4,   -4,
     -18,   -2,   -1,   -6,  -21,   -8,  -21,  -12,    1,  -13,   -3,   -3,   -3,   -3,   -3,  -10,
     -10,  -10,  -10,  -10,  -10,  -10,  -10,  -17,   -4,   -4,   -4,  -18,   -3,  -10,  -10,  -10,
     -10,  -10,  -10,   -1,   -1,   -1,   -1,   -8,  -10,  -10,   -3,  -10,   -4,   -4,  -18,   -2,
      -2,   -1,  -17,   -3,  -10,  -10,  -10,  -10,   -3,   -3,   -4,   -4,   -3,  -10,  -10,  -10,
     -10,  -10,  -10,  -10,  -18,  -18,  -18,  -23,  -10,  -15,    1,    1,  -21,  -14,  -10,   -3,
      -3,   -3,   -2,   -5,   -2,   -5,   -6,   -4,   -2,   -1,  -14,   -8,   -3,   -6,   -4,   -2,
      -4,   -4,   -2,   -3,   -2,   -2,   -3,   -1,   -2,   -8,   -1,   -6,   -4,   -2,   -2,   -2,
      -2,   -2,   -2,   -2,   -2,   -2,   -2,   -2,   -2,   -2,   -3,   -3,   -3,   -2,   -2,   -2,
      -2,   -2,   -2,   -2,   -4,   -4,   -4,   -2,   -2,   -2,   -2,   -3,   -2,   -2,   -2,   -2,
      -2,   -2,   -3,   -3,   -2,   -8,   -8,   -4,   -2,   -2,   -2,   -2,   -2,   -2,   -2,   -3,
      -3,   -2,   -2,   -2,   -2,   -2,   -2,   -2,   -2,   -2,   -2,   -2,   -3,   -7,   -2,   -3,
      -4,   -4,   -4,  -19,    1,    2,  -16,    3,  -49,  -41,  -49,  -20,    1,  -15,   -1,   -2,
      -2,    1,  -46,   -1,  -48,   -1,   -4,  -28,    8,  -20,   -2,  -14,    3,   -4,   -2,  -10,
     -10,  -10,  -14,   -1,  -11,  -10,  -10,  -15,  -10,  -13,    1,    1,  -35,  -37,   -7,  -68,
      -1,   -2,  -28,  -28,  -28,  -28,  -36,  -37,  -34,   -4,  -12,   -4,   -2,   -5,  -20,  -40,
     -40,  -39,  -20,  -11,  -11,  -11,    6,  -19,  -28,  -36,  -20,  -38,  -38,  -38,  -39,  -26,
     -26,  -14,   10,   -5,   -6,   -5,  -15,    1,  -20,  -20,  -20,  -18,  -20,   -3,  -11,  -11,
     -20,  -13,  -24,  -27,  -20,  -54,  -29,  -38,    5,   -5,  -34,  -40,  -13,  -19,  -19,  -11,
     -47,  -20,  -38,  -10,  -38,   -4,  -20,  -14,  -20,  -19,  -10,  -20,  -41,    4,    1,  -49,
     -49,  -20,    1,   -2,   -2,   -2,    1,    2,   -8,    4,  -17,  -15,  -17,   -8,   -2,   -3,
      -2,   -5,   -4,   -4,    1,   -7,  -20,   -2,  -13,   -2,    1,    1,    1,  -16,   26,  -17,
     -10,  -15,   19,   -2,   -2,   15,   -8,   -8,   -8,  -18,   -8,   -6,   -7,   -7,  -12,  -13,
     -18,  -16,  -13,  -19,  -23,   -2,  -10,  -16,  -16,  -16,  -16,  -17,  -17,  -17,   -2,   -6,
      -2,   -4,   -5,  -17,  -17,  -17,  -17,  -17,   -6,   -6,   -6,   38,  -13,  -16,  -17,  -17,
     -17,  -17,  -17,  -17,  -15,  -15,  -15,   26,   -2,   -2,   -2,   -6,   -2,    5,  -17,  -17,
      -8,  -37,  -35,  -20,   -6,   -6,  -13,  -18,  -18,  -15,  -17,  -33,  -29,  -17,   19,   -2,
     -33,  -17,  -14,   -8,   -6,   -6,  -16,  -17,  -17,  -18,  -17,   -2,  -17,  -23,  -17,  -13,
     -13,  -13,  -15,    1,  -17,  -17,  -10,  -10,  -10,  -17,    3,    7,  -17,   18,  -45,  -39,
     -45,  -29,   -9,   -2,   -2,   -4,  -26,   -7,  -16,   -2,   -1,  -21,  -21,    8,  -16,  -48,
      -9,  -40,   -9,   -5,    2,    3,  -39,   38,  -39,  -14,  -36,   30,  -14,  -11,   26,  -29,
     -29,  -29,  -37,  -16,  -29,  -26,  -25,  -38,  -36,  -36,    1,   -2,  -40,  -35,  -35,  -70,
      -9,  -14,  -38,  -39,  -39,  -39,  -30,  -39,  -35,   -5,  -25,  -14,  -10,   -3,  -35,  -39,
     -39,  -39,  -39,  -28,  -29,  -29,   31,  -34,  -39,  -39,  -39,  -34,  -39,  -34,  -34,  -36,
     -31,  -36,   15,  -13,  -14,   -9,  -28,  -11,   -3,   10,  -39,  -38,  -26,  -36,  -26,  -24,
     -29,  -29,  -36,  -36,  -29,  -31,  -39,  -32,   -1,  -39,   34,  -14,  -13,  -39,   -4,  -29,
     -21,  -29,  -31,  -39,  -39,    8,  -37,  -16,  -39,   -4,  -38,  -31,  -36,  -36,  -39,    5,
     -45,  -45,    5,    6,  -29,  -14,  -14,  -14,  -11,    2,    6,  -13,   20,  -33,  -28,  -33,
     -19,   -7,   -1,   -1,   -1,  -17,   -4,  -11,   -2,   -1,  -14,  -14,    7,  -12,  -36,   -7,
     -31,   -7,   -4,    1,    2,  -24,   38,  -26,   -9,  -24,   30,   -8,   -6,   25,  -17,  -17,
     -17,  -26,   -9,  -16,  -15,  -14,  -25,  -24,  -26,    1,  -30,  -25,  -27,  -50,   -7,   -9,
     -24,  -24,  -24,  -24,  -46,  -26,  -49,   -6,  -21,  -16,   -9,   -3,  -50,  -26,  -26,  -26,
     -26,  -16,  -16,  -16,   60,  -46,  -24,  -26,  -26,  -50,  -26,  -50,  -50,  -24,  -46,  -24,
      44,  -12,  -14,  -10,  -22,  -13,   -1,   10,  -26,  -51,  -33,  -48,  -43,  -21,  -16,  -16,
     -24,  -26,  -49,  -47,  -51,  -47,  -27,  -26,   26,  -14,  -37,  -26,  -21,  -34,  -28,  -16,
     -45,  -26,  -26,  -19,  -50,  -16,  -26,  -27,  -26,  -44,  -24,  -47,  -28,    5,  -33,  -33,
       5,    6,  -10,   -9,   -9,   -9,  -14,   -5,   -7,   -2,  -35,    5,  -15,   -4,  -19,   -4,
     -17,   -4,   -5,   -5,   -2,  -15,  -34,  -32,   -5,   -5,   -1,   -6,   -5,   -2,    4,  -11,
      15,  -24,  -39,  -10,    8,  -14,  -17,    4,  -23,  -23,  -23,   -4,  -24,  -28,  -33,  -32,
      -2,  -52,   -6,  -10,   -8,  -27,   -8,  -32,   -6,  -20,  -39,  -11,  -11,  -11,  -11,  -24,
     -24,  -24,  -11,  -14,  -14,  -14,  -16,  -24,  -24,  -24,  -24,  -15,  -28,  -28,  -28,    8,
     -52,  -11,  -24,  -24,  -24,  -24,  -24,  -24,  -10,  -10,  -10,    4,  -14,  -14,  -14,  -14,
     -17,   -3,   -4,  -24,  -24,  -23,   -4,   -4,   -5,  -33,  -28,  -28,  -52,   -6,   -6,  -10,
     -15,  -11,  -19,  -24,    9,  -14,  -23,  -24,  -20,  -23,  -28,  -28,  -11,  -24,  -24,  -15,
     -24,  -14,  -24,  -20,  -24,  -51,  -52,  -52,  -35,   -9,   -6,   -8,   -7,  -19,  -39,  -39,
     -39,  -17,    2,    3,  -24,   16,  -49,  -56,  -49,  -30,  -18,   -2,   -4,   -6,  -42,  -13,
     -29,   -6,   -3,  -31,  -31,    5,  -28,  -58,  -18,  -46,  -17,   -8,   -1,   -1,    1,  -62,
      35,  -59,  -29,  -52,   28,  -24,  -22,   23,  -49,  -49,  -49,  -56,  -31,  -52,  -50,  -50,
     -55,  -58,  -60,   -9,   -1,  -58,  -53,   -1,  -46,  -77,  -17,  -29, -123,  -62,  -62,  -62,
    -102,  -59, -109,  -32,  -68,  -24,  -38,   -4, -109,  -59, -119, -116,  -59, -101,  -52,  -52,
      56, -113, -124,  -59,  -59, -110,  -59, -110, -111,  -52,  -93,  -52,   41,  -47,  -48,  -43,
     -74,  -22,    9,  -59, -115,  -96, -110,  -94,  -72,  -52, -103,  -58,  -60, -110,  -95,  -59,
    -115,  -62, -118,    8,  -48,  -74,  -59,  -55,  -49,  -91,  -52, -108, -118, -117,  -54, -111,
     -54, -119,  -66, -116, -108,  -58, -117,  -56,    4,  -49,  -49,    4,    4,  -46,  -59,  -29,
     -29,   -3,   -4,    1,   -4,   -4,   -2,   -3,   -2,   -9,   -4,   -1,   -2,   -9,   -2,   -7,
      -3,  -12,   -8,   -3,   -5,    4,   -3,  -12,   -5,  -13,   -1,  -15,  -15,  -15,   -3,  -14,
     -14,  -14,  -13,  -15,  -14,   -2,   -2,   -9,  -12,   -3,   -3,   -3,  -13,  -13,  -13,  -13,
      -3,   -3,   -3,   -3,   -3,   -3,  -14,  -14,  -14,  -15,   -3,   -3,   -3,   -3,   -3,   -3,
      -5,   -5,   -5,   -2,   -2,  -13,  -13,  -13,  -13,   -1,   -1,   -3,   -3,  -15,   -3,   -7,
      -7,  -14,  -14,  -14,  -15,  -14,  -14,   -5,   -3,   -3,   -3,  -16,  -13,   -3,   -3,  -29,
     -15,  -14,  -14,   -3,   -3,   -3,   -3,  -13,   -3,   -3,   -3,  -15,  -15,  -15,   -5,   -3,
      -5,   -5,   -3,  -12,  -12,  -12,   -5,   10,  -10,  -11,   10,   -1,  -32,   -2,  -15,  -13,
     -11,  -11,   -7,   11,    7,    1,    7,  -11,   28,  -14,   29,   20,   -1,   43,   16,  -12,
     -12,  -12,   -1,   -8,   -3,   -3,   -7,   -3,   -2,  -15,   -6,    2,   -7,   29,  -11,  -11,
     -11,  -11,  -12,  -14,  -14,    6,   -1,   -1,    4,    2,  -14,  -14,  -14,  -14,  -14,   -8,
     -12,   -8,   21,   -7,  -11,  -14,  -14,  -13,  -14,  -14,  -14,   11,   -1,   -1,    3,   -1,
      43,    4,  -14,  -14,  -12,    2,   -1,   -8,   -8,   -7,   -3,   -3,  -14,  -10,    6,  -14,
      39,   -1,   -4,  -14,    2,  -12,   -6,   -8,   -5,  -14,  -14,   34,  -14,   -1,  -14,   22,
     -14,   -6,   -7,   -7,  -32,    1,   -2,   -2,    1,   29,   29,   29,  -16,  -18,   -4,    2,
     -10,  -10,  -22,  -14,  -37,  -25,    1,  -35,  -82,   -8,   -9,    3,  -10,  -10,  -10,  -10,
     -10,   -4,   -4,   -8,    8,  -10,   -8,   -9,   -9,   -9,   -9,  -10,  -10,  -10,   -8,   -9,
      -9,   -9,   -9,    3,  -10,  -22,  -10,  -10,  -10,   -8,   -9,   -9,  -10,  -10,  -10,  -10,
      -9,   -8,   -8,   -8,   -8,   -8,   -8,   -5,   -5,  -17,   11,    6,   57,   11,   73,   57,
       4,   11,   11,   11,   73,   11,   57,   57,   57,    4,  -32,   -3,   -3,  -38,   11,  -18,
      11,    5,    5,  -31,   -8,  -10,   16,   -9,  -33,  -15,  -52,  -28,  -55,   -1,  -31,   -2,
     -14,    2,   -4,   -3,   -2,    5,  -18,   -2,   -6,  -16,  -15,  -24,  -16,  -15,    1,   -9,
     -14,  -18,    2,    2,  -33,   -4,  -18,  -18,  -18,  -18,  -18,  -30,  -31,   11,   11,  -40,
     -28,  -14,  -14,  -14,  -22,  -19,  -32,  -26,  -11,  -14,   -4,  -13,  -14,   -4,   -2,  -26,
     -17,  -44,  -28,  -22,  -69,  -17,  -35,  -13,   -8,   -3,  -14,   -1,  -15,  -13,  -14,  -14,
      -4,   -8,  -14,  -14,  -26,   -3,  -20,  -16,  -26,  -13,   -8,   -8,   -8,  -15,   -8,  -21,
      -5,  -21,   -2,   -6,   -3,   -3,   -6,   -4,   -2,  -18,  -19,  -48,  -30,   -8,  -62,   -6,
     -30,   -2,   -2,   -2,   -2,   -3,   -2,   -1,   -3,   -6,   -6,   -4,   -2,   -2,   -2,   -2,
      -2,   -2,   -2,   -2,   -2,   -2,   -2,   -2,   -2,   -2,   -2,   -6,   -6,   -2,   -2,  -18,
      -2,   -2,   -2,   -2,   -2,   -2,   -2,   -2,   -2,   -2,   -2,   -2,   -5,  -10,   -8,  -23,
      -7,   -2,   -2,   -2,    4,  -21,   -4,   -3,  -26,   11,  -19,   11,    5,    5,  -23,   -8,
     -10,   17,   -9,  -15,  -14,  -18,  -15,  -17,  -17,  -14,    1,   -2,   -3,   -2,    3,  -18,
      -2,  -14,  -15,  -19,  -16,  -14,    1,   -9,  -14,  -18,    1,    1,  -15,   -2,  -18,    2,
     -18,  -18,  -18,  -19,  -20,  -20,   11,   11,  -23,  -21,  -14,  -14,  -14,  -17,  -14,  -25,
     -23,   -5,  -10,   -4,   -7,  -10,   -4,   -3,  -22,  -19,  -44,  -29,  -12,  -63,  -10,  -34,
      -6,   -3,   -2,   -3,   -5,   -2,   -1,   -6,   -2,   -4,  -10,  -10,   -4,   -6,  -10,  -10,
      -3,   -3,  -22,   -2,   -3,   -3,  -15,   -9,  -24,   -8,   -6,   -6,   -6,   14,   61,   89,
      16,   62,   92,  -13,  -22,  -13,   80,   22,   -9,   51,   17,   -8,   42,   51,   19,   40,
      62,   64,   82,   78,   64,   79,   52,   67,   77,   -6,   -2,    2,   14,   23,    5,   11,
       5,    3,    5,    5,   39,   67,   41,   58,  -19,   73,   70,   66,  -19,   80,   57,   51,
      51,   19,    2,   -8,   -6,  -11,   -6,   12,    5,   28,   62,   18,   51,   79,   -4,    7,
       2,   16,   -2,    6,    8,   20,  -10,    2,   -1,    8,   12,   10,    7,   15,   20,    2,
      51,   86,   51,   64,   62,   54,   18,   77,   -8,    3,    3,   18,   23,   22,   62,    4,
       2,    4,    1,    3,   12,   16,   -2,   -1,   52,    4,  102,   56,   40,   -1,   56,   15,
      16,    1,    5,   13,   59,    6,   29,   -4,   48,    1,   10,    1,    6,  -22,   89,   87,
     -13,  -13,   91,   84,   -5,   59,   32,    2,    2,    2,    2,   -5,   10,    1,   12,  -13,
      -4,   14,   -4,    1,   -5,   -7,   -4,  -14,   -5,   -7,   -4,   -6,   -7,  -10,  -24,  -16,
      -6,  -40,   -6,   -2,   14,   44,   -6,   -6,   29,    6,   34,    1,    1,    1,   12,    1,
      -1,    3,    8,    5,    2,   -9,    4,    2,   -8,   -3,   -7,   -7,   -4,   29,   -6,   -6,
      -6,   -6,   -6,   -6,   -6,   -6,   -6,   -6,   -6,   -6,   -6,    1,    3,   -6,   -6,   -6,
      -6,   -6,   -6,   -6,    6,    6,    6,   -7,   -7,   34,   -5,   -6,   -6,    1,   -7,   21,
       3,    6,   -6,   -6,   -6,   -6,   -6,   -6,    1,    1,   -6,   -6,   -6,   -6,   -6,   -6,
      -6,   -6,    3,    3,    3,  -13,   10,    6,   10,   10,    3,    6,   -4,    5,   12,   29,
      29,   29,    3,  -39,   -6,   -3,  -44,   17,  -15,    9,    4,    4,  -34,   -9,  -12,   14,
     -11,  -44,  -17,  -59,  -31,   -2,  -60,   -1,  -43,   -2,  -15,   -5,   -3,   -1,    3,  -17,
      -2,  -12,  -20,  -12,  -30,  -12,  -19,  -11,  -15,  -17,  -44,   -5,  -17,  -17,  -17,  -17,
     -15,  -37,  -39,    9,    9,  -45,  -34,  -15,  -15,  -15,  -15,   -5,   -2,  -15,    7,  -17,
       7,    2,    2,  -21,   -7,  -12,    9,  -10,  -12,  -10,  -10,   -8,   -2,   -9,  -15,    2,
     -12,   -1,   -2,   -1,    3,  -15,   -2,  -11,  -14,  -15,  -15,   -6,   -1,  -10,  -12,  -15,
     -12,   -1,  -15,  -15,  -15,  -15,  -17,  -16,  -15,    7,    7,  -18,  -16,  -12,  -12,  -12,
      -4,   -6,   -4,   -4,   -6,   -2,   -3,   -2,    5,    2,    6,    1,   -2,  -10,   -4,   -4,
      -6,    2,   -2,   -4,    2,   -4,    6,   -2,    1,   -2,   -2,   -2,  -30,   -3,   -8,  -29,
     -18,  -26,   -2,   -3,   -8,    2,   -3,   -8,   -3,  -16,  -17,  -50,  -31,   -4,  -59,   -3,
     -27,   -4,   -5,   -1,   -4,   -4,   -2,   -2,   -2,   -2,   -4,   -4,   -4,   -4,   -4,   -6,
      -4,   -2,  -13,   -9,  -16,  -10,   -8,   -3,   -3,   -8,   -1,   -4,   -4,   -4,   -4,   -5,
      -5,   -5,   -4,   -4,   -4,   -4,   -5,   -5,   -5,   -5,   -5,   -5,   -4,   -4,   -4,   -6,
      -4,   -5,   -5,   -5,   -5,   -5,   -5,   -4,   -4,   -4,   -3,   -3,   -4,   -4,   -4,   -4,
      -2,   -6,   -5,   -5,   -2,   -4,   -4,  -16,   -4,   -4,   -6,   -4,   -4,   -4,   -5,   -4,
      -5,   -5,   -4,   -4,   -5,   -5,   -2,   -2,   -4,   -4,   -4,   -5,   -5,   -5,   -5,   -4,
      -5,   -5,   -5,   -6,   -6,   -6,  -38,  -27,  -25,  -32,  -20,  -15,   -1,   -1,   -1,    3,
     -23,   -6,   -1,  -29,   10,  -18,   10,    5,    5,  -24,   -8,  -15,   15,  -13,  -26,  -19,
     -29,  -25,  -28,  -20,  -19,   -6,   -3,   -3,   -3,   -7,   -3,   -6,   -5,    4,  -23,   -1,
      -3,  -16,  -14,  -21,  -36,  -15,  -13,  -19,   -3,   -3,   -3,  -23,   -6,   -3,  -26,   -7,
      -3,   -3,  -23,   -1,   -1,   -3,   -3,   -3,   -3,    1,  -23,  -23,  -23,  -18,  -22,  -23,
      10,   10,  -26,  -23,  -19,  -19,  -19,  -28,  -16,  -45,  -30,   -8,  -14,   -7,  -10,  -14,
      -6,   -2,  -40,  -19,  -52,  -30,  -16,  -75,  -15,  -46,   -3,  -19,   -4,  -11,   -3,  -12,
      -1,  -21,  -12,  -14,  -14,   -6,  -19,  -14,  -14,   -4,   -4,  -40,  -11,   -3,   -3,  -26,
     -22,  -31,  -19,  -19,  -19,  -19,  -22,  -17,  -29,  -27,   -9,  -14,   -5,  -11,  -14,   -4,
      -2,  -29,  -17,  -46,  -28,  -20,  -70,  -16,  -25,  -10,  -11,   -5,   -2,  -13,  -16,  -12,
     -14,  -14,   -4,  -11,  -14,  -14,  -29,   -5,  -20,  -16,  -26,  -13,  -11,  -11,  -11,   -5,
      -4,  -14,  -19,  -13,   -8,   -7,  -13,   -8,   -7,  -22,  -26,  -58,  -43,   -4,  -73,  -13,
     -13,   14,   29,  -10,  -13,  -13,   -8,  -13,  -13,   29,  -22,   -2,   -2,  -15,   -2,  -16,
      -2,  -18,   -3,  -43,  -13,  -43,  -10,   -4,  -41,  -17,  -43,  -20,  -18,   -4,  -11,   -9,
     -35,  -22,  -52,  -65,   -9,   -2,  -12,   -5,   -2,    1,    9,   11,    1,    4,    1,    7,
       2,    3,   -1,    1,  -13,   -9,    1,  -11,  -17,  -34,    1,   -5,   -5,   -5,   -5,   -2,
      -2,   -2,    9,    9,    9,    9,   -2,   -2,   -2,   -2,   -2,   -2,    7,    7,    7,    1,
      -5,   -2,   -2,   -2,   -2,   -2,   -2,  -17,  -17,    9,    9,    9,    9,   11,   -8,   -2,
      -2,    1,  -11,    7,    7,    1,   -2,   -5,   -2,   -2,    9,    9,   -2,   -2,    1,    1,
       7,    7,   -5,   -2,   -2,   -2,   -2,    9,   -2,   -2,   -2,    1,    1,    1,  -13,  -43,
     -43,   -4,    1,    1,    1,    1,  -17,   -2,   -3,  -24,   -5,  -23,   -2,   -7,   -7,   -3,
      -7,   -7,   -4,  -21,  -21,  -46,  -32,   -5,  -60,   -7,  -37,   -5,   -2,   -2,   -2,   -5,
      -2,   -3,   -4,   -2,   -2,   -5,   -7,   -4,   -3,   -7,   -7,   -7,   -5,   -3,   -7,   -7,
      -2,   -2,   -5,   -5,  -21,   -2,   -3,   -4,   -4,   -2,   -2,   -3,   -3,   -3,   -5,  -18,
     -13,  -24,   -8,   -6,   -5,   -5,   -5,   -2,   -3,   -8,   -4,   -7,   -2,   -2,   -3,   -8,
     -12,  -33,  -24,   -2,  -43,   -1,   -4,    1,    2,    2,   -3,   -1,   -4,   -1,   -2,   -2,
      -2,   -2,    1,   -2,   -8,   -4,   -2,   -1,   -8,   -7,    1,    4,  -33,   -3,   -2,  -40,
      12,  -16,   12,    5,    5,  -32,   -8,  -11,   18,  -10,  -37,  -16,  -53,  -29,  -56,   -1,
     -36,   -1,  -14,    2,   -2,    5,  -17,   -2,   -7,  -18,  -13,  -26,  -14,  -16,    1,  -10,
     -14,  -17,    2,    2,  -37,  -17,  -17,  -17,  -17,  -33,  -32,  -33,   12,   12,  -42,  -31,
     -14,  -14,  -14,  -19,   -1,  -21,  -34,  -28,  -13,  -16,   -7,   -1,  -15,  -16,   -6,   -5,
     -28,  -20,  -48,  -32,  -28,  -72,  -21,  -22,  -14,   -9,   -1,   -1,   -5,   -2,   -2,  -16,
     -14,  -15,  -16,  -16,   -6,   -9,   -1,   -1,   -1,  -16,  -16,   -1,   -1,  -28,   -5,   -2,
      -2,   -1,  -17,  -14,  -25,  -13,   -2,   -9,   -9,   -9,  -19,   -1,  -19,  -32,  -28,  -10,
     -14,   -6,  -13,  -14,   -6,   -4,  -28,  -19,  -48,  -30,  -23,  -70,  -18,  -22,  -12,   -9,
      -4,   -1,  -14,  -13,  -14,  -14,  -14,   -6,   -9,  -14,  -14,  -28,   -4,   -1,   -1,  -17,
     -14,  -25,  -12,   -9,   -9,   -9,   -9,   -8,  -17,  -13,  -19,   -2,   -4,   -4,   -3,   -5,
      -3,   -2,  -12,  -14,  -48,  -28,   -9,  -57,   -3,  -15,   -1,    4,    4,    3,    3,    3,
       1,    1,   -1,   -2,   -5,    1,   -7,   -2,   -4,   -4,   -3,   -1,   -1,   -1,    4,    4,
       4,    4,   -1,   -1,   -1,   -1,   -1,    1,    1,    1,   -1,   -1,   -1,   -1,   -1,   -1,
      -1,   -4,   -4,    4,    4,    4,    4,    4,   -3,   -1,   -1,    3,  -12,    1,    1,   -1,
      -1,   -1,   -1,    4,    4,   -1,   -1,    3,    3,    1,    1,   -1,   -1,   -1,   -1,    4,
      -1,   -1,   -1,   -1,   -1,   -1,  -13,   -8,   -5,  -20,   -4,   -3,    1,   -3,  -12,  -15,
     -16,   -7,  -13,  -12,  -13,   -2,  -12,  -17,  -46,  -32,  -17,  -63,  -10,  -10,   -5,   -2,
      -9,  -13,  -13,  -13,  -13,  -12,   -3,   -2,  -14,   -2,   -2,   -1,  -24,   -5,   -8,  -27,
      -8,  -27,   -4,   -2,   -7,  -13,    3,   -4,   -7,  -12,   -2,  -24,  -22,  -54,  -39,   -7,
     -61,   -6,  -25,   -1,   -6,   -1,   -1,   -2,   -2,   -2,   -2,   -2,   -4,   -4,    1,  -18,
      -7,   -2,  -10,   -7,  -16,   -7,   -7,   -2,   -7,   -7,  -12,   -6,   -1,   -1,   -1,   -1,
      -1,   -1,   -1,   -1,   -2,   -2,   -2,  -18,   -1,   -1,   -1,   -1,   -1,   -1,   -1,   -1,
      -1,   -7,   -7,   -1,   -4,   -1,   -1,   -2,  -24,   -2,   -2,   -2,  -18,   -7,   -7,   -1,
      -1,   -1,   -1,   -1,   -1,   -2,   -2,   -2,   -2,   -1,   -1,   -1,   -1,   -1,   -1,   -1,
     -18,  -18,  -18,  -17,  -21,  -22,    2,    2,  -29,  -19,  -10,   -6,   -6,   -6,    3,  -12,
     -11,    1,   -4,  -30,   -7,   -5,  -13,  -12,   -3,   -2,   -2,  -12,  -10,  -11,    6,    4,
       1,    4,  -14,   20,  -15,   25,   12,   -2,   40,    9,  -14,  -14,  -14,   -3,   -1,  -13,
      -3,   -3,   -2,   -7,  -11,   -7,  -16,   -8,   -2,  -11,   25,  -14,  -14,  -14,  -14,  -15,
     -15,  -15,    5,   -2,   -2,    1,  -15,  -15,  -15,  -15,  -15,  -13,  -13,  -13,   13,   -7,
     -14,  -15,  -15,  -14,  -15,  -15,  -15,    4,   -2,   -2,    1,   -2,   40,    2,  -15,  -15,
     -14,   -3,   -1,  -13,  -13,   -7,  -11,  -11,  -15,  -12,   -3,  -15,   32,   -2,  -10,  -15,
      -8,  -14,  -11,  -13,   -7,  -15,  -15,   33,  -15,   -2,  -15,   21,  -15,   -7,   -7,   -7,
     -30,   -7,   -7,   25,   25,   25,    3,   14,    3,   14,    3,    3,    3,  -15,  -10,  -17,
      -6,   -6,  -11,  -10,   -6,   -6,  -14,  -13,  -19,   -2,   -2,   -8,  -13,  -36,  -25,  -42,
      -2,   31,    2,   46,   -2,   -6,   31,    2,    2,    2,    2,    2,    2,    2,    2,   46,
      -1,   -8,    2,    2,    2,   -5,   -4,   -2,   -2,   -4,   31,   31,   31,   -2,   -6,   -2,
     -10,   -2,   -1,  -17,   -8,  -16,   -1,   -8,  -19,  -16,   -2,   -3,  -28,  -20,   -2,  -33,
     -15,    7,    9,    1,    1,    1,    5,    1,    3,  -13,   -4,    7,    7,    7,    7,    5,
       5,    5,    7,    7,    7,    7,    9,    1,   -3,    5,    5,    7,    7,    1,    1,    5,
       5,    7,   -5,   -4,  -13,   -6,   -6,  -14,  -12,   -8,  -18,  -21,  -21,   -5,   -4,   -6,
      -4,   -5,  -15,  -22,  -47,  -35,  -53,   -6,  -11,  -11,  -11,   -1,   -8,   -1,   -8,   -2,
      -7,  -20,   -5,   -4,   -3,   -2,   -5,   -5,   -4,  -11,  -11,  -11,  -11,  -11,  -11,  -11,
      -1,   -1,   -1,   -1,  -11,  -11,  -11,  -11,  -11,  -11,   -8,   -2,  -11,  -11,  -11,  -11,
     -11,  -11,  -11,   -1,   -1,   -1,   -5,   -8,   -5,   -1,   -1,   -1,   -1,   -5,  -17,  -11,
     -11,  -28,   -2,   -1,  -11,  -11,  -11,  -11,   -1,   -1,  -11,  -11,  -11,  -11,  -11,  -11,
     -11,   -1,  -11,  -11,  -11,   -2,   -2,   -2,  -21,   -7,   -5,   -5,   -5,   -5,  -16,  -50,
     -50,  -28,   -3,  -42,  -10,   -4,  -12,   -7,  -15,  -14,  -13,   10,   13,   14,    2,    7,
      10,    1,    2,  -14,   -3,  -44,   -3,   -3,   10,   13,   13,   14,   13,   10,   10,   10,
      -3,    2,   -3,   13,   13,   13,   13,   18,    1,   10,   10,   13,   14,   10,   10,   13,
     -50,  -50,   10,   10,   10,    7,    1,  -10,    2,    5,    3,    7,   11,   14,    7,    9,
       2,    7,   11,   11,   11,   11,    9,    9,    9,   11,   11,   11,   11,   14,    7,    9,
       9,   11,   11,    9,    9,   11,    7,    7,    7,    4,    3,   14,   15,    2,    2,    2,
       3,   10,    2,    4,    1,    3,   14,   14,   14,   14,   10,   10,   10,    1,   14,   14,
      14,   14,   15,    2,    3,   10,   10,    1,   14,   14,    2,    2,   10,   10,   14,    1,
       1,    1,    3,    3,    3,  -23,  -15,   -6,  -14,  -19,   -7,   -7,  -17,  -17,   -1,  -10,
     -15,  -17,   -1,  -51,  -14,  -46,  -33,  -28,  -60,  -17,  -29,  -12,  -13,  -24,   -6,   -6,
      -6,   -4,  -18,  -10,   -4,   -3,   -6,   -6,  -22,  -17,  -17,   -1,  -29,  -12,  -12,  -12,
     -12,  -10,  -10,  -10,  -17,  -17,  -12,  -12,  -12,  -12,  -13,   -6,   -4,   -4,  -51,  -18,
     -10,  -10,   -6,   -6,  -12,  -12,   -6,   -6,  -10,  -10,  -12,  -29,  -29,  -29,    5,    2,
       7,    7,    3,    3,    3,    6,    4,    5,    2,    1,   -2,    7,    7,    7,    7,    6,
       6,    6,    2,    2,    2,    7,    7,    7,    7,    7,    3,    6,    6,    2,    1,    1,
       7,    7,    3,    3,    6,    6,    7,    2,    2,    2,  -12,   -3,   -6,  -41,  -23,  -44,
      -7,   -7,   -8,   -8,  -34,  -18,  -20,   -8,   -8,  -18,  -20,   -7,  -44,  -20,  -54,  -39,
     -27,  -69,  -18,  -14,   -4,  -31,   -2,   -7,  -14,  -14,   -6,   -8,   -8,   -8,   -6,  -23,
     -12,   -5,   -5,   -6,   -3,   -8,  -16,  -11,   -2,  -26,  -25,  -22,  -21,  -20,  -20,   -7,
     -31,  -14,  -14,  -14,  -14,  -12,  -12,  -12,   -7,   -3,   -2,   -2,   -2,  -20,   -7,  -20,
     -14,  -14,  -14,  -14,  -14,   -8,   -6,   -6,  -87,  -23,  -12,  -12,   -3,   -8,   -8,   -2,
     -14,  -14,   -8,   -8,  -12,  -12,  -14,   -3,   -3,   -3,  -39,  -35,   -7,   -7,  -37,  -31,
     -31,  -31,   -9,  -44,  -49,   -3,  -17,  -17,  -17,  -14,  -23,  -36,  -26,  -19,  -23,  -36,
     -28,  -51,  -48,  -70,  -58,  -17,  -74,  -18,  -32,  -36,  -34,   48,    4,  -23,  -32,   64,
     -27,  -32,  -32,  -32,  -23,  -33,  -33,  -31,  -30,  -23,  -23,  -27,  -45,  -35,  -13,  -23,
     -23,  -34,   48,  -32,  -32,  -32,  -32,  -34,  -34,  -34,  -32,  -32,  -32,  -32,  -34,  -34,
     -34,  -34,  -34,  -34,  -33,  -33,  -33,  -22,  -23,  -32,  -34,  -34,  -34,  -34,  -34,  -34,
       4,    4,    4,  -23,  -23,  -23,  -32,  -32,  -32,  -32,   64,  -17,  -37,  -34,  -34,  -32,
     -23,  -23,  -50,  -33,  -33,  -33,  -23,  -27,  -27,    4,  -34,  -32,  -34,  -34,  -32,  -32,
     -34,  -34,  -32,  -32,  -33,  -33,  -32,  -34,  -34,  -34,  -34,  -32,  -34,  -34,  -34,  -23,
     -23,  -23,  -42,  -40,  -17,  -17,  -40,   48,   48,   48,    1,   -8,    2,  -19,   -7,   -8,
      -9,   -9,   -7,   -6,  -13,   15,  -15,  -15,  -12,    8,   -8,   -8,    6,  -13,  -13,  -13,
      -9,  -13,  -12,  -11,  -10,   -1,  -21,  -12,  -20,  -17,  -10,    1,   -6,  -15,  -13,  -13,
     -13,  -13,  -15,  -15,  -15,  -13,  -16,   -8,   -8,   -9,  -15,  -15,  -15,  -15,  -15,  -12,
     -12,  -12,   18,  -21,  -13,  -15,  -15,  -15,  -15,  -15,  -15,  -12,  -12,  -12,   10,   -8,
      -8,   -8,  -16,   -8,   -1,  -15,  -15,  -13,  -17,  -17,  -13,  -12,  -12,  -21,  -12,  -12,
     -12,  -15,  -13,  -27,  -15,    3,   -8,  -29,  -15,  -25,  -13,  -12,  -12,  -13,  -15,  -15,
     -22,  -15,   -8,  -15,  -26,  -15,  -21,  -21,  -21,  -19,  -15,  -15,  -15,  -17,  -16,   -6,
      -4,   -4,  -10,   -1,   -1,   -5,   -1,  -20,   -9,   -6,   -7,   -5,   -6,   -6,   -6,  -15,
     -34,  -26,  -61,   -7,   -8,  -15,   11,   -2,    4,    2,   -2,   -1,  -14,   -5,  -12,   -6,
      -6,   -2,    4,   -6,    4,   -6,   -2,   -2,   -6,   -1,   -1,   -6,   -1,   -4,   -4,  -14,
      -2,   -2,   -2,  -11,  -25,  -17,  -19,  -19,  -33,  -23,  -12,  -29,  -12,  -12,   -7,   -7,
     -40,  -26,  -56,  -68,  -14,  -11,  -23,   -2,   -4,   -4,   -4,   -2,   -2,   -1,  -19,  -11,
     -38,  -12,  -12,   -4,   -4,  -12,   -4,  -12,   -2,   -2,   -7,   -2,   -6,   -3,  -19,  -19,
     -18,   -3,   -4,   -4,   -4,  -30,   -8,   -2,  -34,   -6,  -29,  -16,   -2,   -7,  -24,   -4,
      -7,  -23,   -6,  -50,  -26,  -47,  -38,   -4,  -47,   -9,  -23,   -2,   -4,  -28,   -5,  -10,
     -15,  -13,  -13,  -13,   -3,  -18,  -13,  -16,  -15,  -26,  -12,   -2,  -14,  -18,   -9,  -26,
      -5,  -14,   -7,   -7,   -7,  -23,  -28,   -4,   -4,   -4,  -10,  -10,  -10,  -10,   -4,   -4,
      -4,   -4,   -4,  -13,  -13,  -13,  -26,   -4,   -4,   -4,   -4,   -4,   -4,   -5,   -5,   -5,
      -7,   -7,  -10,  -10,  -10,  -10,  -15,   -4,   -4,  -13,   -3,   -3,  -50,  -18,  -13,  -13,
     -26,  -12,  -12,   -5,   -4,   -4,   -4,  -10,  -10,   -4,   -4,  -13,  -13,  -13,  -13,   -4,
      -4,   -4,   -4,  -10,   -4,   -4,   -4,  -26,  -26,  -26,   -6,  -29,  -32,  -30,  -29,  -28,
     -28,  -28,    4,  -62,   -3,   -3,  -38,   11,  -18,   11,    5,    5,  -31,   -8,  -10,   16,
      -9,  -33,  -15,  -52,  -28,  -55,   -1,  -31,   -2,  -14,    2,   -4,   -3,   -2,    5,  -18,
      -2,   -6,  -16,  -15,  -24,  -16,  -15,    1,   -9,  -14,  -18,    2,    2,  -33,   -4,  -18,
     -18,  -18,  -18,  -18,  -30,  -31,   11,   11,  -40,  -28,  -14,  -14,  -14,    4,  -32,   -3,
      -3,  -38,   11,  -18,   11,    5,    5,  -31,   -8,  -10,   16,   -9,  -33,  -15,  -52,  -28,
     -55,   -1,  -31,   -2,  -14,    2,   -4,   -3,   -2,    5,  -18,   -2,   -6,  -16,  -15,  -24,
     -16,  -15,    1,   -9,  -14,  -18,    2,    2,  -33,   -4,  -18,  -18,  -18,  -18,  -18,  -60,
     -62,   11,   11,  -40,  -28,  -14,  -14,  -14,    4,  -32,   -3,   -3,  -35,   11,  -18,   11,
       5,    5,  -31,   -8,  -10,   16,   -9,  -33,  -15,  -52,  -28,  -55,   -1,  -31,   -2,  -14,
       2,   -4,   -3,   -2,    5,  -18,   -2,   -6,  -16,  -15,  -24,  -16,  -15,    1,   -9,  -14,
     -18,    2,    2,  -33,   -4,  -18,  -18,  -18,  -18,  -18,  -59,  -31,   11,   11,  -40,  -28,
     -14,  -14,  -14,  -15,   -8,  -21,   -5,  -21,   -2,   -6,   -3,   -3,   -6,   -4,   -2,  -18,
     -19,  -48,  -30,   -8,  -62,   -6,  -30,   -2,    2,    7,   -2,   -2,   -3,   -2,   -1,   -3,
      -6,   -6,   -4,    2,   -2,   -2,   -2,   -2,   -2,   -2,   -2,   -2,   -2,   -2,   -2,   -2,
      -2,   -2,   -6,   -6,    7,   -2,   -2,  -18,   -2,   -2,   -2,   -2,   -2,   -2,   -2,   -2,
      -2,   -2,   -2,   -2,   -5,  -10,   -8,  -23,   -7,    2,    2,    2,  -29,  -14,  -23,  -23,
      -5,  -10,   -4,   -7,  -10,   -4,   -3,  -22,  -19,  -44,  -29,  -12,  -63,  -10,  -34,    1,
      -6,   -3,   -2,   -3,   -5,   -2,   -1,   -6,   -2,   -4,  -10,  -10,   -4,   -6,  -10,  -10,
      -3,   -3,  -22,   -2,   -3,   -3,  -15,  -16,  -24,   -8,   -6,   -6,   -6,  -17,  -14,  -25,
     -23,   -5,  -10,   -4,   -7,  -10,   -4,   -3,  -22,  -19,  -44,  -29,  -12,  -63,  -10,  -34,
      -6,   -3,   -2,   -3,   -5,   -2,   -1,   -6,   -2,   -4,  -10,  -10,   -4,   -6,  -10,  -10,
      -3,   -3,  -22,   -2,   -3,   -3,  -27,  -19,  -24,   -8,   -6,   -6,   -6,  -32,  -14,  -19,
     -23,   -5,  -10,   -4,   -7,  -10,   -4,   -3,  -22,  -19,  -44,  -29,  -12,  -63,  -10,  -34,
      -6,   -3,   -2,   -3,   -5,   -2,   -1,   -5,   -2,   -4,  -10,  -10,   -4,   -6,  -10,  -10,
      -3,   -3,  -22,   -2,   -3,   -3,  -24,  -18,  -24,   -8,   -6,   -6,   -6,  -30,   -5,   -2,
     -22,    7,  -17,    7,    2,    2,  -21,   -7,  -12,    9,  -10,  -12,  -10,  -10,   -8,   -2,
      -9,  -15,    2,  -12,   -1,   -2,   -1,    3,  -15,   -2,  -11,  -14,  -15,  -15,   -6,   -1,
     -10,  -12,  -15,  -12,   -1,  -15,  -15,  -15,  -15,  -17,  -32,  -15,    7,    7,  -18,  -16,
     -12,  -12,  -12,    4,   10,   -5,    9,    5,    7,  -17,    7,    2,    2,    3,   -7,  -12,
       9,  -10,  -12,  -10,  -10,   -8,   -2,   -9,  -15,    9,   33,  -12,   25,   20,   -1,   -2,
      -1,    3,  -15,    6,   -2,  -11,  -14,  -11,  -15,   -6,   -1,  -10,  -12,    7,    2,    2,
      26,  -15,   25,  -12,   -1,  -15,  -15,  -15,  -15,  -17,  -24,    5,    7,    7,  -18,  -16,
     -12,  -12,  -12,  -10,   -5,   -2,    8,    7,  -17,    7,    2,    2,  -13,   -7,  -12,    9,
     -10,  -12,  -10,  -10,   -8,   -2,   -9,  -15,    2,  -12,   -1,   -2,   -1,    3,  -15,   -2,
     -11,  -14,    4,  -15,   -6,   -1,  -10,  -12,    1,  -15,  -12,   -1,  -15,  -15,  -15,  -15,
     -17,    4,  -22,    7,    7,  -18,  -16,  -12,  -12,  -12,    2,   -5,   -2,   26,    7,  -17,
       7,    2,    2,    4,   -7,  -12,    9,  -10,  -12,  -10,  -10,   -8,   -2,   -9,  -15,   20,
     -12,   14,   10,   -1,   -2,   -1,    3,  -15,   -2,  -11,  -14,    3,  -15,   -6,   -1,  -10,
     -12,   14,  -15,   14,  -12,   -1,  -15,  -15,  -15,  -15,  -17,    3,   -3,    7,    7,  -18,
     -16,  -12,  -12,  -12,  -16,  -15,  -21,  -22,   -8,  -12,   -4,  -10,  -12,   -3,   -2,  -17,
     -17,  -33,  -25,  -19,  -40,  -13,  -13,   -1,   -6,   -3,   -3,   -1,   -1,  -10,  -10,  -11,
     -12,  -12,   -3,   -6,  -12,  -12,   -3,   -3,  -17,   -3,   -1,   -1,  -14,  -12,  -20,  -10,
      -6,   -6,   -6,  -51,  -16,  -42,  -30,   -8,  -14,   -7,  -10,  -14,   -6,   -2,  -40,  -19,
     -52,  -30,  -16,  -75,  -15,  -46,   -3,  -19,   -4,  -11,   -3,  -12,   -1,  -21,  -12,  -14,
     -14,   -6,  -19,  -14,  -14,   -4,   -4,  -40,  -11,   -3,   -3,  -26,  -43,  -31,  -19,  -19,
     -19,  -19,  -28,  -16,  -45,  -30,   -8,  -14,   -7,  -10,  -14,   -6,   -2,  -40,  -19,  -52,
     -30,  -16,  -75,  -15,  -46,   -3,  -19,   -4,  -11,   -3,  -12,   -1,  -21,  -12,  -14,  -14,
      -6,  -19,  -14,  -14,   -4,   -4,  -40,  -11,   -3,   -3,  -51,  -44,  -31,  -19,  -19,  -19,
     -19,  -56,  -16,  -43,  -30,   -8,  -14,   -7,  -10,  -14,   -6,   -2,  -40,  -19,  -52,  -30,
     -16,  -75,  -15,  -46,   -3,  -19,   -4,  -11,   -3,  -12,   -1,  -21,  -12,  -14,  -14,   -6,
     -19,  -14,  -14,   -4,   -4,  -40,  -11,   -3,   -3,  -26,  -22,  -31,  -19,  -19,  -19,  -19,
     -55,  -16,  -38,  -30,   -8,  -14,   -7,  -10,  -14,   -6,   -2,  -40,  -19,  -52,  -30,  -16,
     -75,  -15,  -46,   -3,  -19,   -4,  -11,   -3,  -12,   -1,  -21,  -12,  -14,  -14,   -6,  -19,
     -14,  -14,   -4,   -4,  -40,  -11,   -3,   -3,  -48,  -43,  -31,  -19,  -19,  -19,  -19,  -54,
     -16,  -43,  -28,   -8,  -14,   -7,  -10,  -14,   -6,   -2,  -40,  -19,  -52,  -30,  -16,  -75,
     -15,  -46,   -3,  -29,   -4,  -16,   -3,  -12,   -1,  -17,  -12,  -14,  -14,   -6,  -29,  -14,
     -14,   -4,   -4,  -40,  -16,   -3,   -3,  -41,  -40,  -31,  -19,  -29,  -29,  -29,  -20,   -5,
     -51,  -18,  -59,  -26,    4,  -31,   -5,  -12,  -21,  -10,  -28,  -37,  -18,  -21,  -42,  -22,
      -4,  -36,    2,  -34,  -16,  -56,  -34,  -56,  -40,  -64,   -6,  -44,    4,  -10,  -18,  -19,
     -36,   -9,  -15,   -6,  -20,  -20,  -20,   -7,  -26,  -22,  -27,  -26,  -74,   -7,   -2,  -29,
     -38,  -26,  -47,  -25,  -34,   -4,  -50,  -36,  -10,  -10,  -10,  -10,  -19,  -19,  -19,  -15,
     -15,  -15,  -15,  -17,  -19,  -19,  -19,  -19,  -28,  -22,  -22,  -22,  -74,  -10,  -19,  -19,
     -19,  -19,  -19,  -19,   -9,   -9,   -9,  -15,  -15,  -15,  -15,   -6,   -8,  -14,  -19,  -19,
     -20,   -7,   -7,  -56,  -26,  -22,  -22,  -74,   -7,   -7,   -9,  -28,  -10,  -19,  -19,  -15,
     -15,  -19,  -19,  -20,  -20,  -22,  -22,  -10,  -19,  -19,  -19,  -19,  -15,  -19,  -19,  -19,
     -74,  -74,  -74,  -26,  -55,  -58,  -56,  -49,  -16,  -36,  -33,  -33,    2,  -32,   -5,   -3,
     -38,   20,  -18,   20,    8,    8,  -31,   -8,  -10,   16,   -9,  -33,  -15,  -52,  -28,  -55,
      -1,  -31,   -2,    2,   30,    2,   -4,   -3,   -2,    1,  -35,   -2,  -10,  -16,  -15,  -24,
     -16,  -15,   -9,    2,  -35,   30,    2,    2,  -33,   -4,  -35,  -35,  -35,  -35,  -18,  -30,
     -31,   20,   20,  -40,  -28,    2,    2,    2,  -23,   -8,  -18,   -5,  -19,   -2,   -6,   -3,
      -3,   -6,   -4,   -2,  -18,  -19,  -48,  -30,   -8,  -62,   -6,  -30,    5,   -2,   -2,    1,
      -2,   -2,   -3,   -2,   -1,   -3,   -6,   -6,   -4,   -2,   -2,   -2,   -2,   -2,   -2,   -2,
      -2,   -2,    1,   -2,   -2,   -2,   -2,   -2,   -2,   -6,    1,   -6,   -2,   -2,  -18,   -2,
      -2,   -2,   -2,   -2,   -2,   -2,   -2,   -2,   -2,   -2,   -2,   -5,  -20,  -11,  -23,   -7,
      -2,   -2,   -2,  -30,   -8,  -21,   -5,  -21,   -2,   -6,   -3,   -3,   -6,   -4,   -2,  -18,
     -19,  -48,  -30,   -8,  -62,   -6,  -30,   -2,   -2,   -2,   -2,   -3,   -2,   -1,   -3,   -6,
      -6,   -4,   -2,   -2,   -2,   -2,   -2,   -2,   -2,   -2,   -2,   -2,   -2,   -2,   -2,   -2,
      -2,   -6,   -6,   -2,   -2,  -18,   -2,   -2,   -2,   -2,   -2,   -2,   -2,   -2,   -2,   -2,
      -2,   -2,   -5,  -16,  -15,  -23,   -7,   -2,   -2,   -2,  -26,   -8,  -20,   -5,  -21,   -2,
      -6,   -3,   -3,   -6,   -4,   -2,  -18,  -19,  -48,  -30,   -8,  -62,   -6,  -30,   -2,   -2,
      -2,   -2,   -3,   -2,   -1,   -3,   -6,   -6,   -4,   -2,   -2,   -2,   -2,   -2,   -2,   -2,
      -2,   -2,   -2,   -2,   -2,   -2,   -2,   -2,   -6,   -6,   -2,   -2,  -18,   -2,   -2,   -2,
      -2,   -2,   -2,   -2,   -2,   -2,   -2,   -2,   -2,   -5,  -10,  -15,  -23,   -7,   -2,   -2,
      -2,    9,   43,   61,    1,   68,   60,    2,  -19,    2,   51,   66,   90,   19,   82,   10,
      16,   77,    4,    4,    4,   20,    4,    6,  -10,   60,   13,  -14,   26,   -2,   19,   10,
      10,   10,   10,   82,  -10,   82,   10,   10,   10,   10,   16,    4,   20,  -10,   23,   10,
      10,    4,    4,   10,  -10,  -10,  -10,  -19,   32,   50,    2,    2,   19,   19,   19,    6,
     -25,   -4,   -3,    5,   11,  -19,   11,    5,    5,    3,   -8,  -10,   17,   -9,  -15,  -14,
     -18,  -15,  -17,  -17,   14,  -14,   11,   10,    1,   -2,   -3,   -2,    3,  -18,   -2,  -14,
     -15,   -3,  -16,  -14,    1,   -9,  -14,   11,  -18,   11,    2,    1,    1,  -15,   -2,  -18,
       2,  -18,  -18,  -18,  -19,  -13,  -27,   11,   11,  -23,  -21,  -14,  -14,  -14,  -17,  -14,
     -23,  -23,   -5,  -10,   -4,   -7,  -10,   -4,   -3,  -22,  -19,  -44,  -29,  -12,  -63,  -10,
     -34,   -6,   -3,   -2,   -3,   -5,   -2,   -1,   -6,   -2,   -4,  -10,  -10,   -4,   -6,  -10,
     -10,   -3,   -3,  -22,   -2,   -3,   -3,  -29,   -9,  -24,   -8,   -6,   -6,   -6,  -33,  -14,
     -23,  -23,   -5,  -10,   -4,   -7,  -10,   -4,   -3,  -22,  -19,  -44,  -29,  -12,  -63,  -10,
     -34,   -6,   -3,   -2,   -3,   -5,   -2,   -1,   -6,   -2,   -4,  -10,  -10,   -4,   -6,  -10,
     -10,   -3,   -3,  -22,   -2,   -3,   -3,  -29,  -19,  -24,   -8,   -6,   -6,   -6,   -1,   -2,
      -8,   -6,   -2,   -2,    2,    2,   -2,   -5,    1,   -4,   -4,   -4,   -1,   -7,   -4,   -4,
      -8,   -9,    2,   -5,   -5,   -5,   -5,   -7,   -7,   -7,   -8,   -2,   -2,   -2,    1,   -5,
      -5,   -5,   -5,    1,   -4,   -1,   -7,   -7,   -8,   -9,   -9,   -2,   -9,   -5,   -4,   -4,
      -7,   -7,    6,   -5,    5,   -8,   -8,   -8,   -1,    2,    2,    2,  -17,  -14,  -25,  -23,
      -5,  -10,   -4,   -7,  -10,   -4,   -3,  -22,  -19,  -44,  -29,  -12,  -63,  -10,  -34,    9,
      26,   -3,   -2,   -3,   -5,   -2,   -1,   -6,   -2,   -4,  -10,  -10,   -4,    9,  -10,  -10,
      26,   -3,   -3,  -22,   -2,   -3,   -3,  -15,   -9,  -24,   -8,    9,   12,   11,  -32,  -14,
     -25,  -23,   -5,  -10,   -4,   -7,  -10,   -4,   -3,  -22,  -19,  -44,  -29,  -12,  -63,  -10,
     -34,   -6,   -3,   -2,   -3,   -5,   -2,   -1,   -6,   -2,   -4,  -10,  -10,   -4,   -6,  -10,
     -10,   -3,   -3,  -22,   -2,   -3,   -3,  -15,  -19,  -24,   -8,   -6,   -6,   -6,    1,   -8,
       2,  -19,   -7,   -8,   -9,   -9,   -7,   -6,  -13,   15,  -15,  -15,  -12,    8,   -8,   -8,
       6,  -13,  -13,  -13,   -9,  -13,  -12,  -11,  -10,   -1,  -21,  -12,  -20,  -17,  -10,   -6,
     -15,  -13,  -13,  -13,  -13,  -15,  -15,  -15,  -13,  -16,   -8,   -8,   -9,  -15,  -15,  -15,
     -15,  -15,  -12,  -12,  -12,   17,  -21,  -13,  -15,  -15,  -15,  -15,  -15,  -15,  -12,  -12,
     -12,   13,   -8,   -8,   -8,  -16,   -8,   -1,  -15,  -15,  -13,  -17,  -17,  -13,  -12,  -12,
     -21,  -12,  -12,  -12,  -15,  -13,  -27,  -15,    3,   -8,  -29,  -15,  -25,  -13,  -12,  -12,
     -13,  -15,  -15,  -22,  -15,   -8,  -15,  -26,  -15,  -21,  -21,  -21,  -19,  -15,  -15,  -15,
     -10,   -5,   -2,    6,    7,  -17,    7,    2,    2,   -8,   -7,  -12,    9,  -10,  -12,  -10,
     -10,   -8,   -2,   -9,  -15,   15,  -12,    8,    3,   -1,   -2,   -1,    3,  -15,   -2,  -11,
     -14,  -10,  -15,   -6,   -1,  -10,  -12,    8,  -15,    8,  -12,   -1,  -15,  -15,  -15,  -15,
     -17,  -20,  -13,    7,    7,  -18,  -16,  -12,  -12,  -12,  -16,   -5,   -2,   10,    7,  -17,
       7,    2,    2,  -10,   -7,  -12,    9,  -10,  -12,  -10,  -10,   -8,   -2,   -9,  -15,   11,
     -12,    6,    5,   -1,   -2,   -1,    3,  -15,   -2,  -11,  -14,   -7,  -15,   -6,   -1,  -10,
     -12,    6,  -15,    6,  -12,   -1,  -15,  -15,  -15,  -15,  -17,  -13,  -16,    7,    7,  -18,
     -16,  -12,  -12,  -12,  -11,   -5,   -2,   -1,    7,  -17,    7,    2,    2,  -14,   -7,  -12,
       9,  -10,  -12,  -10,  -10,   -8,   -2,   -9,  -15,    1,   13,  -12,    4,    1,   -1,   -2,
      -1,    3,  -15,   -2,  -11,  -14,  -13,  -15,   -6,   -1,  -10,  -12,    4,  -15,    4,  -12,
      -1,  -15,  -15,  -15,  -15,  -17,  -28,  -16,    7,    7,  -18,  -16,  -12,  -12,  -12,    1,
      -8,    2,  -19,   -7,   -8,   -9,   -9,   -7,   -6,  -13,   15,  -15,  -26,  -12,    8,   -8,
     -10,    6,  -13,  -13,  -13,   -9,  -13,  -12,  -11,  -10,   -1,  -21,  -12,  -20,  -17,  -10,
      -6,  -26,  -13,  -13,  -13,  -13,  -15,  -15,  -15,  -13,  -16,   -8,   -8,   -9,  -15,  -15,
     -15,  -15,  -15,  -12,  -12,  -12,   17,  -21,  -13,  -15,  -15,  -15,  -15,  -15,  -15,  -12,
     -12,  -12,   10,   -8,   -8,   -8,  -16,  -10,   -1,  -15,  -15,  -13,  -17,  -17,  -13,  -12,
     -12,  -21,  -12,  -12,  -12,  -15,  -13,  -27,  -15,    3,   -8,  -29,  -15,  -25,  -13,  -12,
     -12,  -13,  -15,  -15,  -22,  -15,   -8,  -15,  -26,  -15,  -21,  -21,  -21,  -19,  -26,  -26,
     -26,  -15,   -5,   -2,  -16,    7,  -17,    7,    2,    2,  -21,   -7,  -12,    9,  -10,  -12,
     -10,  -10,   -8,   -2,   -9,  -15,    2,  -17,    7,   -1,   -2,   -1,    3,  -15,   -2,  -11,
     -14,  -15,  -15,   -6,   -1,  -10,  -17,  -15,    7,  -12,   -1,  -15,  -15,  -15,  -15,  -17,
     -16,  -15,    7,    7,  -18,  -16,  -17,  -17,  -17,   10,   11,   -4,   -6,   -4,   -4,   -6,
      -2,   -3,   -2,    2,    6,    1,   -2,   13,  -10,   -4,   -4,   -6,    2,   -2,   -4,    2,
      -4,    6,   -2,    1,   -2,   -2,   -2,   25,    1,    3,  -23,   -6,   -1,  -29,   10,  -18,
      10,    5,    5,  -24,   -8,  -15,   15,  -13,  -26,  -19,  -29,  -25,  -28,  -20,  -19,   -5,
      -3,   -3,   -3,   -7,   -3,   -6,   -5,    4,  -23,   -1,   -3,  -16,  -14,  -21,  -36,  -15,
     -13,  -19,   -3,   -3,   -3,  -23,   -5,   -3,  -26,   -7,   -3,   -3,  -23,   -1,   -1,   -3,
      -3,   -3,   -3,    1,  -23,  -23,  -23,  -18,  -22,  -23,   10,   10,  -26,  -23,  -19,  -19,
     -19,  -34,  -88,  -20,    6,    6,   -1,   -7,   -8,    1,  -31,  -20,    7,    7,  -22,   -4,
       2,   -4,   -1,  -97,  -17,   -7,  -43,    1,  -74,   -4,  -25,   13,  -18,    8,  -12,   -4,
       7,  -14,  -14,  -14,  -17,  -13,  -15,  -14,  -17,   -8,   -2,  -11,   12,  -39,   -8,   -4,
     -18,  -12,  -12,  -12,  -12,  -13,  -13,  -13,    8,  -17,    8,  -12,  -12,  -12,  -12,   -4,
     -14,  -97,  -17,  -13,  -13,  -17,   -8,   -8,  -12,  -12,  -14,  -14,  -13,  -13,  -12,  -17,
     -17,  -17, -100,  -81,    6,    6,  -54,  -52,  -18,  -18,  -18,    4,   38,   52,    1,   58,
      52,    3,  -18,    3,   42,   57,   80,   10,   73,    3,   10,   68,   15,   -1,    1,    1,
     -11,   51,    7,  -13,   19,   10,    3,    3,    3,    3,   73,  -11,    7,   73,    3,    3,
       3,    3,   10,   24,   15,  -11,   17,    3,    3,    3,  -11,  -11,  -11,  -18,   24,   40,
       3,    3,   10,   10,   10,  -16,   -5,   -7,  -20,  -17,  -20,   -2,   -1,   -1,   -6,   -1,
      -4,  -13,  -11,   -2,   -6,   -3,   -6,   -1,   -1,   -6,   -6,   -6,  -17,  -15,  -15,   -2,
      -2,   -2,    3,  -78,   -6,   -3,  -44,   17,  -15,    9,    4,    4,  -34,   -9,  -12,   14,
     -11,  -44,  -17,  -59,  -31,   -2,  -60,   -1,  -43,   -2,  -15,   -5,   -3,   -1,    3,  -17,
      -2,  -12,  -20,  -12,  -30,  -12,  -19,  -11,  -15,  -17,  -44,   -5,  -17,  -17,  -17,  -17,
     -15,  -37,  -39,    9,    9,  -45,  -34,  -15,  -15,  -15,  -16,   -2,  -21,  -24,   -4,    8,
      -5,  -12,   -4,    8,  -14,  -11,   -4,   -4,   -4,  -28,  -16,  -43,  -30,   -8,  -14,   -7,
     -10,  -14,   -6,   -2,  -40,  -19,  -52,  -30,  -16,  -75,  -15,  -46,   -3,  -19,   -4,  -11,
      -3,  -12,   -1,  -21,  -12,  -14,  -14,   -6,  -19,  -14,  -14,   -4,   -4,  -40,  -11,   -3,
      -3,  -26,  -22,  -31,  -19,  -19,  -19,  -19,  -56,  -16,  -45,  -30,   -8,  -14,   -7,  -10,
     -14,   -6,   -2,  -40,  -19,  -52,  -30,  -16,  -75,  -15,  -46,   -3,  -19,   -4,  -11,   -3,
     -12,   -1,  -21,  -12,  -14,  -14,   -6,  -19,  -14,  -14,   -4,   -4,  -40,  -11,   -3,   -3,
     -26,  -22,  -31,  -19,  -19,  -19,  -19,  -31,  -16,  -24,  -23,   -8,  -14,   -7,  -10,  -14,
      -6,   -2,  -40,  -19,  -52,  -30,  -16,  -75,  -15,  -46,    6,  -19,    2,   -4,  -11,   -3,
     -11,   -1,  -17,  -12,  -14,  -14,   -6,  -19,    2,  -14,    2,  -14,   -4,   -4,  -40,  -11,
      -3,   -3,  -48,  -31,  -31,  -19,  -19,  -19,  -19,  -26,   -2,   -3,  -19,   -5,  -20,   -2,
      -7,   -7,   -3,   -7,   -7,   -4,  -21,  -21,  -46,  -32,   -5,  -60,   -7,  -37,    2,   -5,
       1,   -2,   -2,   -2,   -5,   -2,   -3,   -4,   -2,   -2,   -5,   -7,   -4,   -3,   -7,   -7,
      -7,   -5,    1,   -3,   -7,    1,   -7,   -2,   -2,   -5,   -5,  -21,   -2,   -3,   -4,   -4,
      -2,   -2,   -3,   -3,   -3,   -5,  -18,  -21,  -24,   -8,   -6,   -5,   -5,   -5,  -33,   -2,
      -3,  -24,   -5,  -23,   -2,   -7,   -7,   -3,   -7,   -7,   -4,  -21,  -21,  -46,  -32,   -5,
     -60,   -7,  -37,   -5,   -2,   -2,   -2,   -5,   -2,   -3,   -4,   -2,   -2,   -5,   -6,   -4,
      -3,   -7,   -7,   -7,   -5,   -3,   -7,   -7,   -2,   -2,   -5,   -5,  -21,   -2,   -3,   -4,
      -4,   -2,   -2,   -3,   -3,   -3,   -5,  -30,  -26,  -24,   -8,   -6,   -5,   -5,   -5,  -17,
      -2,   -3,  -24,   -5,  -23,   -2,   -7,   -7,   -3,   -7,   -7,   -4,  -21,  -21,  -46,  -32,
      -5,  -60,   -7,  -37,   -5,    7,   -2,   -2,   -2,   -5,   -2,   -3,   -4,   -2,   -2,   -5,
      -7,   -4,   -3,   -7,   -7,   -7,   -5,   -3,   -7,   -7,    7,   -2,   -2,   -5,   -5,  -21,
      -2,   -3,   -4,   -4,   -2,   -2,   -3,   -3,   -3,   -5,  -18,  -13,  -24,   -8,   -6,   -5,
      -5,   -5,  -28,   -2,   -3,  -22,   -5,  -22,   -2,   -7,   -7,   -3,   -7,   -7,   -4,  -21,
     -21,  -46,  -32,   -5,  -60,   -7,  -37,   -5,   -2,   -2,   -2,   -5,   -2,   -3,   -4,   -2,
      -2,   -5,   -7,   -4,   -3,   -7,   -7,   -7,   -5,   -3,   -7,   -7,   -2,   -2,   -5,   -5,
     -21,   -2,   -3,   -4,   -4,   -2,   -2,   -3,   -3,   -3,   -5,  -18,  -26,  -24,   -8,   -6,
      -5,   -5,   -5,   -2,   -3,   -8,   -4,   -7,   -2,   -2,   -3,   -8,  -12,  -33,  -24,   -2,
     -43,   -1,   -4,    9,    2,    2,   -3,   -1,   -4,   -1,   -2,   -2,   -2,   -2,    9,   -2,
      -8,   -4,   -2,   -1,   -8,   -7,    1,   19,   34,   27,   24,   -4,   14,   -2,   -2,   -3,
      -8,  -12,  -33,  -24,   -2,  -43,   -1,   -4,   30,   45,    6,   37,    4,    7,   33,    6,
       2,    5,   25,   -3,    7,   -4,   -1,   -2,   -2,    6,    4,    3,    4,    4,   37,    3,
       3,   -2,   37,   -2,    4,    4,    4,    4,    7,   -2,    8,   -8,    6,    4,    4,    4,
       4,   -4,   16,   31,   -8,   -7,    1,    6,    6,    6,  -36,    1,    2,  -16,    3,  -96,
     -82,  -96,  -20,    1,  -15,   -1,   -2,   -5,    1,  -46,   -1,  -48,   -1,   -4,  -56,    8,
     -40,   -2,  -27,    3,   -4,   -2,  -18,  -18,  -18,  -25,   -1,  -20,   -8,  -19,  -14,  -18,
     -23,    1,    1,  -68,  -37,   -7,  -68,   -1,   -2,  -56,  -56,  -56,  -56,  -36,  -37,  -34,
      -4,  -12,   -4,   -2,   -5,  -40,  -40,  -40,  -39,  -40,  -20,  -20,  -20,    6,  -17,  -56,
     -36,  -40,  -38,  -38,  -38,  -39,  -26,  -26,  -27,   10,   -5,   -6,   -5,  -15,    1,  -40,
     -40,  -18,  -19,  -21,   -4,  -20,  -20,  -17,  -23,  -22,  -26,  -40,  -54,  -29,  -38,    5,
      -5,  -34,  -40,  -14,  -17,  -18,  -20,  -47,  -40,  -38,  -10,  -38,   -4,  -40,  -14,  -40,
     -17,  -18,  -17,  -82,    4,    1,  -98,  -98,  -20,    1,   -2,   -2,   -2,    4,  -62,   -3,
      -2,  -38,   12,  -16,   12,    5,    5,  -32,   -8,  -11,   18,  -10,  -37,  -16,  -53,  -29,
     -56,   -1,  -36,   -1,  -14,    2,   -2,    5,  -17,   -2,   -7,  -18,  -13,  -26,  -14,  -16,
       1,  -10,  -14,  -17,    2,    2,  -37,  -17,  -17,  -17,  -17,  -33,  -65,  -63,   12,   12,
     -42,  -31,  -14,  -14,  -14,    3,  -33,   -5,   -3,  -40,   23,  -16,   12,    5,   10,  -32,
      -8,  -11,   18,  -10,  -37,  -16,  -53,  -29,  -56,   -1,  -36,   -1,    2,    1,   30,    2,
      -2,    2,  -34,   -1,  -10,  -18,  -13,  -26,  -14,  -16,    1,  -10,    2,  -34,    1,    1,
       1,   30,    2,    2,  -37,  -34,    1,  -34,  -34,  -34,  -33,  -32,  -33,   23,   23,  -42,
     -31,    2,    2,    2,   -1,  -44,   -5,   -8,  -27,   -8,  -27,   -4,   -2,   -7,  -13,    3,
      -4,   -7,  -12,   -2,  -24,  -22,  -54,  -39,   -7,  -61,   -6,  -25,   -1,   -6,   -1,   -1,
      -2,   -2,   -2,   -2,   -2,   -4,   -4,    1,  -18,   -7,   -2,  -10,   -7,  -16,   -7,   -7,
      -2,   -7,   -7,  -12,   -6,   -1,   -1,   -1,   -1,   -1,   -1,   -1,   -1,   -2,   -2,   -2,
     -18,   -1,   -1,   -1,   -1,   -1,   -1,   -1,   -1,   -1,   -7,   -7,   -1,   -4,   -1,   -1,
      -2,  -24,   -2,   -2,   -2,  -18,   -7,   -7,   -1,   -1,   -1,   -1,   -1,   -1,   -2,   -2,
      -2,   -2,   -1,   -1,   -1,   -1,   -1,   -1,   -1,  -18,  -18,  -18,  -17,  -21,  -22,    2,
       2,  -29,  -19,  -10,   -6,   -6,   -6,  -10,   -4,   -4,  -12,   -7,   -6,   -1,   -1,   -2,
      -1,  -12,   -4,  -17,   -7,   -2,   -1,   -5,   -1,   -2,   -4,   -4,   -1,   -1,   -1,   -3,
      -1,   -9,    1,  -18,   18,   31,   -9,   33,   40,  -26,  -23,  -26,  -16,  -16,   26,  -26,
       8,  -17,    5,   21,   12,   30,   26,   15,   28,   12,   30,  -16,   53,  -17,  -13,  -14,
      46,   -4,   -2,   41,  -15,  -15,  -15,  -20,  -14,  -14,  -16,  -15,  -17,  -19,  -23,   33,
     -25,  -29,    8,    8,  -13,  -16,  -16,  -16,  -16,  -17,  -17,  -17,   -4,   -4,   -4,   -4,
     -29,  -17,  -17,  -17,  -17,  -14,  -14,  -14,   46,  -19,  -16,  -17,  -17,  -17,  -17,  -17,
     -17,  -14,  -14,  -14,    8,   46,    8,   -4,   -4,   -4,   -4,   -2,  -17,  -17,  -15,  -20,
     -20,   21,  -14,  -14,  -14,  -19,  -23,  -23,  -14,  -17,  -16,  -17,  -17,   -4,   -4,  -17,
     -17,  -15,  -15,  -14,  -14,  -16,  -17,  -17,  -17,  -17,  -10,  -17,   56,  -17,  -19,  -19,
     -19,  -23,    1,   23,  -26,  -26,  -13,  -13,  -13,    1,    1,    1,  -22,    2,    9,    2,
       6,    5,    3,   -7,    2,  -14,    2,    2,    6,   -7,    6,    3,   -7,   -7,   -7,   -7,
     -22,    7,    2,    2,    2,    2,  -28,  -16,  -45,  -30,   -8,  -14,   -7,  -10,  -14,   -6,
      -2,  -40,  -19,  -52,  -30,  -16,  -75,  -15,  -46,   -3,  -19,    1,   -4,  -11,   -3,  -12,
      -1,  -21,  -12,  -14,  -14,   -6,  -19,  -14,  -14,    1,   -4,   -4,  -40,  -11,   -3,   -3,
     -26,  -22,  -31,  -19,  -19,  -19,  -19,  -52,  -16,  -43,  -28,   -8,  -14,   -7,  -10,  -14,
      -6,   -2,  -40,  -19,  -52,  -30,  -16,  -75,  -15,  -46,   -3,  -29,   -4,  -16,   -3,  -12,
      -1,  -17,  -12,  -14,  -14,   -6,  -29,  -14,  -14,   -4,   -4,  -40,  -16,   -3,   -3,  -41,
     -40,  -31,  -19,  -29,  -29,  -29,  -17,  -14,  -25,  -23,   -5,  -10,   -4,   -7,  -10,   -4,
      -3,  -22,  -19,  -44,  -29,  -12,  -63,  -10,  -34,   -6,   -3,   -2,   -3,   -5,   -2,   -1,
      -6,   -2,   -4,  -10,  -10,   -4,   -6,  -10,  -10,   -3,   -3,  -22,   -2,   -3,   -3,  -28,
     -19,  -24,   -8,   -6,   -6,   -6,  -30,   -5,   -2,  -15,    7,  -17,    7,    2,    2,  -21,
      -7,  -12,    9,  -10,  -12,  -10,  -10,   -8,   -2,   -9,  -15,    2,  -12,   -1,   -2,   -1,
       3,  -15,   -2,  -11,  -14,  -15,  -15,   -6,   -1,  -10,  -12,  -15,  -12,   -1,  -15,  -15,
     -15,  -15,  -17,  -26,  -30,    7,    7,  -18,  -16,  -12,  -12,  -12,  -20,   -5,   -2,    4,
       7,  -17,    7,    2,    2,  -13,   -7,  -12,    9,  -10,  -12,  -10,  -10,   -8,   -2,   -9,
     -15,    2,  -12,   -1,   -2,   -1,    3,  -15,   -2,  -11,  -14,   -3,  -15,   -6,   -1,  -10,
     -12,  -15,  -12,   -1,  -15,  -15,  -15,  -15,  -17,   -6,  -24,    7,    7,  -18,  -16,  -12,
     -12,  -12,  -28,  -16,  -45,  -30,   -8,  -14,   -7,  -10,  -14,   -6,   -2,  -40,  -19,  -52,
     -30,  -16,  -75,  -15,  -46,   -3,  -19,   -4,  -11,   -3,  -12,   -1,  -21,  -12,  -14,  -14,
      -6,  -19,  -14,  -14,   -4,   -4,  -40,  -11,   -3,   -3,  -26,  -44,  -31,  -19,  -19,  -19,
     -19,  -17,   -2,   -3,  -24,   -5,  -23,   -2,   -7,   -7,   -3,   -7,   -7,   -4,  -21,  -21,
     -46,  -32,   -5,  -60,   -7,  -37,   -5,    5,   -2,   -2,   -2,   -5,   -2,   -3,   -4,   -2,
      -2,   -5,   -7,   -4,   -3,   -7,   -7,   -7,   -5,   -3,   -7,   -7,    5,   -2,   -2,   -5,
      -5,  -21,   -2,   -3,   -4,   -4,   -2,   -2,   -3,   -3,   -3,   -5,  -18,  -13,  -24,   -8,
      -6,   -5,   -5,   -5,    4,  -32,   -3,   11,  -20,   11,  -18,   11,    5,    5,  -18,   -8,
     -10,   16,   -9,  -33,  -15,  -52,  -28,  -55,   -1,  -31,   14,    8,  -14,    3,    2,    2,
      -4,   -3,   -2,    5,  -18,   13,   -6,  -16,  -15,  -24,  -16,  -15,    1,   -9,  -14,    3,
     -18,    3,    2,    2,  -33,   -4,  -18,  -18,  -18,  -18,  -18,  -60,  -35,   11,   11,  -40,
     -28,  -14,  -14,  -14,    4,  -28,   -3,    4,  -16,   11,  -18,   11,    5,    5,  -19,   -8,
     -10,   16,   -9,  -33,  -15,  -52,  -28,  -55,   -1,  -31,    5,   16,  -14,   10,    7,    2,
      -4,   -3,   -2,    5,  -18,    2,   -6,  -16,  -15,  -22,  -16,  -15,    1,   -9,  -14,   10,
     -18,   10,    2,    2,  -33,   -4,  -18,  -18,  -18,  -18,  -18,  -56,  -34,   11,   11,  -40,
     -28,  -14,  -14,  -14,  -17,  -14,  -25,  -23,   -5,  -10,   -4,   -7,  -10,   -4,   -3,  -22,
     -19,  -44,  -29,  -12,  -63,  -10,  -34,   -6,    1,   -3,   -2,   -3,   -5,   -2,   -1,   -6,
      -2,   -4,  -10,  -10,   -4,   -6,  -10,  -10,    1,   -3,   -3,  -22,   -2,   -3,   -3,  -15,
      -9,  -24,   -8,   -6,   -6,   -6,  -34,  -14,  -23,  -23,   -5,  -10,   -4,   -7,  -10,   -4,
      -3,  -22,  -19,  -44,  -29,  -12,  -63,  -10,  -34,   -6,   -3,   -2,   -3,   -5,   -2,   -1,
      -6,   -2,   -4,  -10,  -10,   -4,   -6,  -10,  -10,   -3,   -3,  -22,   -2,   -3,   -3,  -29,
     -19,  -24,   -8,   -6,   -6,   -6,   10,    8,   20,    2,   -5,  -10,   -4,   -7,  -10,   -4,
      -3,  -22,  -19,  -44,  -29,  -12,  -63,  -10,  -34,   28,   30,   -6,   22,   19,   -3,   -2,
      -3,   29,   -2,   -1,   -4,   -2,   -4,  -10,  -10,   -4,   -6,   22,  -10,   22,  -10,   -3,
      -3,  -22,   -2,   -3,   -3,  -25,   12,  -24,   -8,   -6,   -6,   -6,    9,   12,   19,    4,
      -2,   -5,  -10,   -4,   -7,  -10,   -4,   -3,  -22,  -19,  -44,  -29,  -12,  -63,  -10,  -34,
      20,   38,   -6,   31,   25,   -3,   -2,   -3,   16,   -2,   -1,   -2,   -4,  -10,  -10,   -4,
      -6,   31,  -10,   31,  -10,   -3,   -3,  -22,   -2,   -3,   -3,  -21,   13,  -24,   -8,   -6,
      -6,   -6,  -17,  -14,  -25,  -23,   -5,  -10,   -4,   -7,  -10,   -4,   -3,  -22,  -19,  -44,
     -29,  -12,  -63,  -10,  -34,   -6,   -3,   -2,   -3,   -5,   -2,   -1,   -6,   -2,   -4,  -10,
     -10,   -4,   -6,  -10,  -10,   -3,   -3,  -22,   -2,   -3,   -3,  -29,  -19,  -24,   -8,   -6,
      -6,   -6,  -17,  -14,  -25,  -23,   -5,  -10,   -4,   -7,  -10,   -4,   -3,  -22,  -19,  -44,
     -29,  -12,  -63,  -10,  -34,   -6,    1,   -3,   -2,   -3,   -5,   -2,   -1,   -6,   -2,   -4,
     -10,  -10,   -4,   -6,  -10,  -10,    1,   -3,   -3,  -22,   -2,   -3,   -3,  -27,  -19,  -24,
      -8,   -6,   -6,   -6,  -30,   -5,   -2,  -17,    7,  -17,    7,    2,    2,  -21,   -7,  -12,
       9,  -10,  -12,  -10,  -10,   -8,   -2,   -9,  -15,    2,  -12,   -1,   -2,   -1,    3,  -15,
      -2,  -11,  -14,  -15,  -15,   -6,   -1,  -10,  -12,  -15,  -12,   -1,  -15,  -15,  -15,  -15,
     -17,  -31,  -15,    7,    7,  -18,  -16,  -12,  -12,  -12,    1,   -8,    2,  -19,   -7,   -8,
      -9,   -9,   -7,   -6,  -13,   15,  -15,  -15,  -12,    8,   -8,  -15,    6,  -13,  -13,  -13,
      -9,  -13,  -12,  -11,  -10,   -1,  -21,  -12,  -20,  -17,  -10,   -6,  -15,  -13,  -13,  -13,
     -13,  -15,  -15,  -15,  -13,  -16,   -8,   -8,   -9,  -15,  -15,  -15,  -15,  -15,  -12,  -12,
     -12,   17,  -21,  -13,  -15,  -15,  -15,  -15,  -15,  -15,  -12,  -12,  -12,   10,   -8,   -8,
      -8,  -16,  -15,   -1,  -15,  -15,  -13,  -17,  -17,  -13,  -12,  -12,  -21,  -12,  -12,  -12,
     -15,  -13,  -27,  -15,    3,   -8,  -29,  -15,  -25,  -13,  -12,  -12,  -13,  -15,  -15,  -22,
     -15,   -8,  -15,  -26,  -15,  -21,  -21,  -21,  -19,  -15,  -15,  -15,  -15,   -5,   -2,  -15,
       7,  -17,    7,    2,    2,  -21,   -7,  -12,    9,  -10,  -12,  -10,  -10,   -8,   -2,   -9,
     -15,    2,  -12,    5,   -1,   -2,   -1,    3,  -15,   -2,  -11,  -14,  -15,  -15,   -6,   -1,
     -10,  -12,  -15,    5,  -12,   -1,  -15,  -15,  -15,  -15,  -17,  -16,  -15,    7,    7,  -18,
     -16,  -12,  -12,  -12,  -22,    3,  -20,  -15,   -8,  -14,   -7,  -10,  -14,   -6,   -2,  -40,
     -19,  -52,  -30,  -16,  -75,  -15,  -46,   12,   12,  -19,    7,    4,   -4,  -11,   -3,    8,
      -1,  -17,  -12,  -14,  -14,   -6,  -19,    7,  -14,    7,  -14,   -4,   -4,  -40,  -11,   -3,
      -3,  -51,  -20,  -31,  -19,  -19,  -19,  -19,    1,  -18,   -1,  -17,  -15,   -8,  -14,   -7,
     -10,  -14,   -6,   -2,  -40,  -19,  -52,  -30,  -16,  -75,  -15,  -46,    5,   18,  -19,   13,
      10,   -4,  -11,   -3,   -2,   -1,  -13,  -12,  -14,  -14,   -6,  -19,   13,  -14,   13,  -14,
      -4,   -4,  -40,  -11,   -3,   -3,  -45,  -19,  -31,  -19,  -19,  -19,  -19,  -18,   18,   31,
      -9,   33,   40,  -26,  -23,  -26,  -16,  -16,   26,  -26,    8,  -17,    5,   21,   12,   30,
      26,   15,   28,   12,   30,  -16,   53,  -17,  -13,  -14,   46,   -4,   -2,   41,  -15,  -15,
     -15,  -20,  -14,  -14,  -16,  -15,  -17,  -19,  -23,   33,  -25,  -29,    8,    8,  -13,  -16,
     -16,  -16,  -16,  -17,  -17,  -17,   -4,   -4,   -4,   -4,  -29,  -17,  -17,  -17,  -17,  -14,
     -14,  -14,   46,  -19,  -16,  -17,  -17,  -17,  -17,  -17,  -17,  -14,  -14,  -14,    8,   46,
      21,   -4,   -4,   -4,   -4,   -2,  -17,  -17,  -15,  -20,  -20,   21,  -14,  -14,  -14,  -19,
     -23,  -23,  -14,  -17,  -16,  -17,  -17,   -4,   -4,  -17,  -17,  -15,  -15,  -14,  -14,  -16,
     -17,  -17,  -17,  -17,  -10,  -17,   56,  -17,  -34,  -19,  -19,  -23,    1,   23,  -26,  -26,
     -13,  -13,  -13,    1,   -3,   -7,  -15,   21,   20,  -16,   -7,  -13,  -12,  -13,   -2,  -12,
     -17,  -46,  -32,  -17,  -63,  -10,  -10,   13,   30,   12,   -2,   -9,  -13,  -13,  -13,  -13,
      30,  -12,   -3,   -2,    8,    8,  -14,   -2,   -2,  -51,  -36,  -57,   -9,   -9,  -29,  -20,
      -9,   -4,  -17,  -22,  -15,  -15,  -20,  -19,   -5,  -15,  -18,  -20,   -1,  -55,  -15,  -47,
     -34,  -34,  -62,  -21,   -5,  -31,  -31,  -15,  -17,   -7,   -7,   -7,   -5,  -20,  -13,   -6,
      -5,   -9,   -8,  -28,  -22,  -26,  -19,  -19,   -1,  -31,  -15,  -15,  -15,  -15,  -13,  -13,
     -13,  -19,  -19,  -15,  -15,  -15,  -15,  -17,   -7,   -5,   -5, -106,  -40,  -13,  -13,   -8,
      -8,  -15,  -15,   -7,   -7,  -13,  -13,  -15,  -55,  -49,   -9,   -9,  -50,  -31,  -31,  -31,
     -51,  -36,  -57,   -9,   -9,  -29,  -20,   -9,   -4,  -17,  -22,  -15,  -15,  -20,  -19,   -5,
     -15,  -18,  -20,   -3,  -55,  -15,  -47,  -34,  -34,  -62,  -21,   -5,  -31,  -31,  -15,  -17,
      -7,   -7,   -7,   -5,  -20,  -13,   -6,   -5,   -9,   -8,  -28,  -22,  -26,  -19,  -19,   -3,
     -31,  -15,  -15,  -15,  -15,  -13,  -13,  -13,  -19,  -19,  -15,  -15,  -15,  -15,  -17,   -7,
      -5,   -5, -106,  -40,  -13,  -13,   -8,   -8,  -15,  -15,   -7,   -7,  -13,  -13,  -15,  -55,
     -49,   -9,   -9,  -50,  -31,  -31,  -31,  -19,  -13,    2, -128,  -30,  -68,  -13,    2,    1,
     -38,  -46,    1,    1,   17,   11,    4,   13,    1,  -13,   28,   -9,    3,   -2,   20,    9,
      10,   15,    1,    1,    1,   -2,    4,    4,    2,    3,  -11,   -1,   -6,   -1,  -22,   -1,
     -56,  -55,    3,  -26,  -13,  -13,  -13,  -14,   -9,  -14,   26,    9,   20,   31,  -17,   -9,
      -9,  -17,   -9,    4,    4,    4,   40,  -13,  -17,   -9,  -16,  -17,  -17,  -17,   -4,   -2,
      -2,   33,   20,   22,   22,    9,   25,    6,   -9,   -9,    1,   -3,    1,    7,    4,    4,
      -1,   -2,   -2,   -9,  -22,   -2,   -9,   50,   19,  -12,   -9,    7,    1,   12,    4,  -20,
      -9,   -9,   11,  -16,    9,   -9,    1,   -9,  -30, -128,  -68,    3,    3,    3,  -19,  -12,
    -128,  -48,  -75,   11,    1,  -17,    1,    6,   -3,   -3,  -41,  -48,   -1,    4,   10,    6,
       1,    6,    1,  -26,   21,  -19,   11,  -11,   14,   -6,   -5,   10,   -4,   -4,   -4,   -9,
      11,   -9,   -4,   -4,  -18,   -4,   -9,   -4,   -5,  -38,    1,    1,   -9,  -54,  -58,   11,
     -51,  -51,  -26,  -50,  -32,  -31,  -28,   -3,   -6,    3,    4,   -1,  -36,  -36,  -36,  -33,
     -19,   -9,   -9,  -17,   28,   -5,  -26,  -31,  -19,  -35,  -33,  -35,  -36,  -17,  -20,  -11,
       1,   30,    3,   -5,   -7,   -6,   17,   -1,    4,  -36,  -37,   -4,  -10,  -14,    4,   19,
      -9,   -9,   -4,   -9,  -18,  -21,  -19,  -47,  -21,  -32,   27,  -29,  -35,   -2,   -7,  -15,
      -9,  -46,  -19,  -32,  -11,  -34,   -6,  -19,  -20,  -37,   -4,   -4,   -4,  -48,    1, -128,
     -75,   11,   11,   11,  -14,  -72,   -8,  -18,   -4,  -83,  -52,  -22,   -4,   -5,   -1,   -3,
      -1,  -21,  -34,   -7,  -24,  -38,  -19,    4,  -31,    3,  -29,   -9, -114,  -32,  -60,  -91,
       2, -119,   -3,  -49,   -3,  -11,  -13,    4,  -11,  -25,   10,  -29,  -29,  -29,  -26,  -29,
     -28,  -27,    1, -113,  -14,  -16,   -4,   -3,   -2,  -28,  -16,  -72,  -17,   16,  -50,    1,
      -3,   -3,   -3,   -3,  -13,  -13,  -13,  -25,  -25,  -25,  -25,  -12,  -13,  -13,  -13,  -13,
     -25,  -29,  -29,  -29, -113,   -3,  -13,  -13,  -13,  -13,  -13,  -13,  -11,  -11,  -11,  -25,
     -25,  -25,  -25,    4,  -13,  -13,  -13,  -29, -114,  -26,  -29,  -29, -113,  -14,  -14,  -11,
     -25,   -3,  -13,  -13,  -25,  -25,  -13,  -13,  -29,  -29,  -29,  -29,   -3,  -13,  -13,  -13,
     -13,  -25,  -13,  -13,  -13, -113, -113, -113,  -52, -128, -128,  -76,    4,    4,    4,  -14,
     -72,   -8,  -18,   -4,  -86,  -26,  -22,   -4,   -5,   -1,   -3,   -1,  -21,  -34,   -7,  -24,
     -38,  -19,    4,  -31,    3,  -29,   -9,  -57,  -32,  -60,  -45,    2,  -60,   -3,  -49,   -3,
     -11,  -13,    4,  -11,  -25,    9,  -29,  -29,  -29,  -26,  -29,  -28,  -27,    1, -113,  -14,
     -16,   -4,   -3,   -2,  -28,  -16,  -72,  -17,   16,  -50,   -3,   -3,   -3,   -3,  -13,  -13,
     -13,  -25,  -25,  -25,  -25,  -12,  -13,  -13,  -13,  -13,  -25,  -29,  -29,  -29, -113,   -3,
     -13,  -13,  -13,  -13,  -13,  -13,  -11,  -11,  -11,  -25,  -25,  -25,  -25,    4,  -13,  -13,
     -13,  -29, -114,  -26,  -29,  -29, -113,  -14,  -14,  -11,  -25,   -3,  -13,  -13,  -25,  -25,
     -13,  -13,  -29,  -29,  -29,  -29,   -3,  -13,  -13,  -13,  -13,  -25,  -13,  -13,  -13, -113,
    -113, -113,  -26,  -90,  -84,  -76,    4,    4,    4,    8,    6,   -3,    8,    6,    8,    8,
       8,   -6,    7,    5,   -2,    7,    5,    7,    7,    7,   -8,   -4,  -33,  -53,  -26,  -13,
     -54,   -9,  -15,   -6,  -11,  -18,  -19,   -6,  -18,  -20,  -15,  -18,   -6,   -6,  -33,  -11,
     -18,  -20,  -20,  -18,  -18,  -18,  -15,  -15,  -15,  -19,    1,    2,  -14,   -3,    8,    4,
    -128,  -46,  -70,    3,  -22,   -2,    4,   -4,   -4,    3,   12,   -5,    7,  -11,  -39,  -14,
     -56,  -46,    1,  -70,  -70,  -16,   -9,    5,    7,    2,    5,    6,    7,    1,    7,    5,
       5,    5,    5,    1,    1,    1,    2,    2,    5,    5,    5,    5,    6,    7,    1,    1,
       5,    5,    1,    1,    5,    7,    7,    7,    1,    1,   14,    2,    5,   11,    2,   14,
       2,    2,    2,    2,    2,    2,    2,    2,    5,    1,   11,    2,    2,    2,   14,   14,
      14,   -3,   -6,   -1,   -2,  -12,   -5,  -16,  -10,   28,   61,  127,   16,   62,   92,  -13,
     -22,  -13,   80,   22,   -9,   51,   17,   -8,   42,   51,   19,   40,   62,   64,   82,   78,
      64,   79,   52,   67,   77,   -6,   -2,    2,   27,   46,    5,   11,    5,    6,    5,    5,
      78,   67,   39,   58,  -19,   73,   70,   66,  -19,   80,   57,   51,   51,   19,    2,   -8,
      -6,  -11,   -6,   12,    5,   28,   62,   18,   51,   79,   -4,    7,    2,   16,   -2,    6,
       8,   20,  -10,    4,   -1,    8,   12,   10,    7,   15,   20,    2,   51,   86,   51,   64,
      62,   54,   18,   77,   -8,    3,    3,   18,   23,   23,   62,    4,    2,    4,    1,    3,
      12,   16,   -2,   -1,   52,    4,  102,   56,   40,   -1,   56,   15,   16,    1,    5,   13,
      59,    6,   29,   -4,   48,    1,   10,    1,    6,  -22,  127,  127,  -13,  -13,   91,   84,
      -5,   59,   30,    2,    2,    2,  -30,   -5,   -2,  -22,    7,  -17,    7,    2,    2,  -21,
      -7,  -12,    9,  -10,  -12,  -10,  -10,   -8,   -2,   -9,  -15,    2,  -12,   -1,   -2,   -1,
       3,  -15,   -2,  -11,  -14,  -15,  -15,   -6,   -1,  -10,  -12,  -15,  -12,   -1,  -15,  -15,
     -15,  -15,  -17,  -33,  -15,    7,    7,  -21,  -16,  -12,  -12,  -12,
};

static const EpdLigaturePair libron_18_bolditalicLigaturePairs[] = {
    { 0x00660066, 0xFB00 }, // f f -> U+FB00
    { 0x00660069, 0xFB01 }, // f i -> U+FB01
    { 0x0066006C, 0xFB02 }, // f l -> U+FB02
    { 0xFB000069, 0xFB03 }, // U+FB00 i -> U+FB03
    { 0xFB00006C, 0xFB04 }, // U+FB00 l -> U+FB04
};

static const EpdFontData libron_18_bolditalic = {
    libron_18_bolditalicBitmaps,
    libron_18_bolditalicGlyphs,
    libron_18_bolditalicIntervals,
    53,
    38,
    30,
    -8,
    true,
    libron_18_bolditalicGroups,
    11,
    nullptr,
    nullptr,  // kernLeftClasses: built-in fonts use the split arrays below
    nullptr,  // kernRightClasses
    libron_18_bolditalicKernLeftCodepoints,
    libron_18_bolditalicKernLeftClassIds,
    libron_18_bolditalicKernRightCodepoints,
    libron_18_bolditalicKernRightClassIds,
    nullptr,  // kernMatrix: built-in fonts use the sparse form below
    libron_18_bolditalicKernRowOffsets,
    libron_18_bolditalicKernSparseCols,
    libron_18_bolditalicKernSparseValues,
    460,
    464,
    203,
    188,
    libron_18_bolditalicLigaturePairs,
    5,
};
